alpha,beta,gamma,state,mean_first_intro_day,earliest_first_intro_day,latest_first_intro_day,median_first_intro_day,mean_intro_count,median_intro_count,max_intro_count,mean_cumu_before_second_intro,max_cumu_before_second_intro,mean_intro_day_2,median_intro_day_2,mean_intro_day_3,median_intro_day_3,mean_first_export_day,median_first_export_day,mean_export_count,median_export_count,max_export_count,mean_total_cumu_cases,max_total_cumu_cases
0.5,0.01,0.5,Texas,28.0,28,28,28.0,19.4,19.0,25,0.0,0.0,28.0,28.0,28.0,28.0,29.0,29.0,42.9,44.0,50,23.2,33
0.5,0.01,1.0,Texas,28.0,28,28,28.0,22.0,22.0,27,0.0,0.0,28.0,28.0,28.0,28.0,29.0,29.0,53.6,53.0,61,27.6,33
0.5,0.05,0.5,Texas,28.0,28,28,28.0,27.2,27.5,31,0.0,0.0,28.0,28.0,28.0,28.0,29.0,29.0,60.0,59.0,66,31.2,36
1.0,0.01,0.5,Texas,28.0,28,28,28.0,25.0,25.0,28,0.0,0.0,28.0,28.0,28.0,28.0,29.0,29.0,58.5,58.0,65,31.2,36
0.5,0.1,0.5,Texas,28.0,28,28,28.0,31.6,31.5,36,0.0,0.0,28.0,28.0,28.0,28.0,29.0,29.0,65.5,65.0,71,31.3,35
0.5,0.25,0.5,Texas,28.0,28,28,28.0,31.3,31.0,34,0.0,0.0,28.0,28.0,28.0,28.0,29.0,29.0,65.4,65.0,68,33.4,37
0.5,0.01,2.0,Texas,28.0,28,28,28.0,29.2,28.5,34,0.0,0.0,28.0,28.0,28.0,28.0,29.0,29.0,65.9,66.5,71,34.6,39
1.0,0.01,1.0,Texas,28.0,28,28,28.0,30.6,31.0,35,0.0,0.0,28.0,28.0,28.0,28.0,29.2,29.0,68.8,69.0,77,35.2,40
0.5,0.05,1.0,Texas,28.0,28,28,28.0,35.7,35.0,39,0.0,0.0,28.0,28.0,28.0,28.0,29.0,29.0,73.8,72.5,81,35.6,41
0.5,0.1,1.0,Texas,28.0,28,28,28.0,39.1,39.5,41,0.0,0.0,28.0,28.0,28.0,28.0,29.0,29.0,77.7,77.5,86,37.1,40
1.0,0.05,1.0,Texas,28.0,28,28,28.0,43.9,43.0,49,0.0,0.0,28.0,28.0,28.0,28.0,29.0,29.0,90.2,90.5,94,38.2,43
0.5,0.25,1.0,Texas,28.0,28,28,28.0,41.0,41.0,44,0.0,0.0,28.0,28.0,28.0,28.0,29.0,29.0,74.9,74.5,79,38.3,41
1.0,0.05,0.5,Texas,28.0,28,28,28.0,37.7,39.0,42,0.0,0.0,28.0,28.0,28.0,28.0,29.0,29.0,80.1,79.5,88,38.6,45
1.0,0.1,0.5,Texas,28.0,28,28,28.0,42.2,42.0,47,0.0,0.0,28.0,28.0,28.0,28.0,29.0,29.0,83.4,83.5,89,38.7,42
0.5,0.05,2.0,Texas,28.0,28,28,28.0,41.7,42.0,45,0.0,0.0,28.0,28.0,28.0,28.0,29.0,29.0,81.4,81.5,88,38.9,42
1.0,0.1,1.0,Texas,28.0,28,28,28.0,47.8,47.0,53,0.0,0.0,28.0,28.0,28.0,28.0,29.0,29.0,89.5,89.0,96,38.9,43
1.0,0.25,0.5,Texas,28.0,28,28,28.0,45.3,46.0,48,0.0,0.0,28.0,28.0,28.0,28.0,29.0,29.0,82.3,82.0,86,39.1,43
2.0,0.01,0.5,Texas,28.0,28,28,28.0,32.5,32.0,39,0.0,0.0,28.0,28.0,28.0,28.0,29.0,29.0,77.0,75.0,86,39.8,44
0.5,0.1,2.0,Texas,28.0,28,28,28.0,44.3,45.0,48,0.0,0.0,28.0,28.0,28.0,28.0,29.0,29.0,82.7,82.5,88,39.8,46
ALL,ALL,ALL,Texas,28.0,28,28,28.0,39.74166666666667,42.0,54,0.0,0.0,28.0,28.0,28.0,28.0,29.005555555555556,29.0,83.03611111111111,86.0,113,40.166666666666664,58
0.5,0.25,2.0,Texas,28.0,28,28,28.0,46.5,47.0,49,0.0,0.0,28.0,28.0,28.0,28.0,29.0,29.0,85.7,85.0,93,40.5,44
1.0,0.01,2.0,Texas,28.0,28,28,28.0,34.2,34.0,39,0.0,0.0,28.0,28.0,28.0,28.0,29.0,29.0,82.0,80.5,90,40.8,44
1.0,0.25,1.0,Texas,28.0,28,28,28.0,47.2,46.5,50,0.0,0.0,28.0,28.0,28.0,28.0,29.0,29.0,90.6,90.5,100,40.9,45
2.0,0.01,1.0,Texas,28.0,28,28,28.0,33.6,34.0,37,0.0,0.0,28.0,28.0,28.0,28.0,29.0,29.0,90.0,90.5,100,42.1,48
2.0,0.01,2.0,Texas,28.0,28,28,28.0,36.1,36.5,41,0.0,0.0,28.0,28.0,28.0,28.0,29.0,29.0,91.4,90.0,102,42.2,46
2.0,0.25,0.5,Texas,28.0,28,28,28.0,49.1,49.0,52,0.0,0.0,28.0,28.0,28.0,28.0,29.0,29.0,94.1,94.5,98,45.0,48
2.0,0.1,0.5,Texas,28.0,28,28,28.0,46.6,47.0,50,0.0,0.0,28.0,28.0,28.0,28.0,29.0,29.0,98.2,98.5,103,45.4,50
2.0,0.05,0.5,Texas,28.0,28,28,28.0,42.9,42.5,47,0.0,0.0,28.0,28.0,28.0,28.0,29.0,29.0,96.4,95.0,106,46.3,50
1.0,0.25,2.0,Texas,28.0,28,28,28.0,50.0,50.0,54,0.0,0.0,28.0,28.0,28.0,28.0,29.0,29.0,96.3,95.5,106,46.8,52
2.0,0.05,1.0,Texas,28.0,28,28,28.0,46.1,46.0,50,0.0,0.0,28.0,28.0,28.0,28.0,29.0,29.0,98.9,97.5,106,46.9,52
1.0,0.1,2.0,Texas,28.0,28,28,28.0,47.5,48.5,51,0.0,0.0,28.0,28.0,28.0,28.0,29.0,29.0,94.8,95.0,105,46.9,49
1.0,0.05,2.0,Texas,28.0,28,28,28.0,44.2,43.5,50,0.0,0.0,28.0,28.0,28.0,28.0,29.0,29.0,97.8,99.0,105,47.7,53
2.0,0.25,1.0,Texas,28.0,28,28,28.0,48.6,49.0,50,0.0,0.0,28.0,28.0,28.0,28.0,29.0,29.0,98.5,98.0,104,48.1,51
2.0,0.25,2.0,Texas,28.0,28,28,28.0,50.3,50.5,53,0.0,0.0,28.0,28.0,28.0,28.0,29.0,29.0,98.0,98.0,103,48.3,51
2.0,0.1,1.0,Texas,28.0,28,28,28.0,47.2,48.0,50,0.0,0.0,28.0,28.0,28.0,28.0,29.0,29.0,99.2,96.0,113,48.5,52
2.0,0.1,2.0,Texas,28.0,28,28,28.0,48.4,48.5,52,0.0,0.0,28.0,28.0,28.0,28.0,29.0,29.0,100.0,99.0,107,48.8,51
2.0,0.05,2.0,Texas,28.0,28,28,28.0,44.7,44.5,50,0.0,0.0,28.0,28.0,28.0,28.0,29.0,29.0,103.8,104.0,110,50.1,58
1.0,0.01,0.5,Minnesota,29.0,29,29,29.0,29.1,30.0,33,0.3,1.0,33.0,33.0,39.2,36.5,33.1,31.5,41.1,42.5,55,36.3,42
0.5,0.01,0.5,Minnesota,29.0,29,29,29.0,24.5,24.0,28,0.3,1.0,33.7,33.0,37.6,37.0,33.9,35.0,33.0,33.5,40,36.7,41
0.5,0.01,1.0,Minnesota,29.0,29,29,29.0,25.3,26.0,31,0.3,1.0,33.0,33.0,38.5,37.0,31.5,28.0,39.7,41.0,46,37.0,41
0.5,0.01,2.0,Minnesota,29.0,29,29,29.0,29.9,30.0,36,0.3,1.0,33.0,33.0,37.5,37.0,28.7,28.0,45.4,44.5,51,38.3,41
2.0,0.01,1.0,Minnesota,29.0,29,29,29.0,28.9,28.5,36,0.8,1.0,33.0,33.0,41.0,37.0,33.1,28.0,43.7,44.5,53,41.0,47
2.0,0.01,2.0,Minnesota,29.0,29,29,29.0,30.7,30.0,35,0.6,1.0,33.0,33.0,38.2,37.0,30.9,28.0,45.2,45.0,53,41.0,47
0.5,0.1,0.5,Minnesota,29.0,29,29,29.0,27.2,26.0,32,1.0,1.0,33.0,33.0,35.8,36.0,28.0,28.0,53.3,54.0,66,41.4,45
2.0,0.01,0.5,Minnesota,29.0,29,29,29.0,27.8,28.5,35,0.4,1.0,33.0,33.0,38.2,37.0,30.9,28.0,48.1,48.5,54,41.5,49
1.0,0.01,2.0,Minnesota,29.0,29,29,29.0,28.0,27.5,35,0.1,1.0,33.0,33.0,39.8,37.0,32.4,28.0,47.6,48.5,54,41.6,45
0.5,0.05,0.5,Minnesota,29.0,29,29,29.0,23.4,23.0,27,1.0,1.0,33.0,33.0,35.4,36.0,28.0,28.0,50.2,50.0,58,42.4,45
0.5,0.1,1.0,Minnesota,29.0,29,29,29.0,27.2,27.5,29,1.0,1.0,33.0,33.0,35.7,36.0,28.0,28.0,60.2,60.0,73,43.1,48
0.5,0.25,0.5,Minnesota,29.0,29,29,29.0,27.9,27.5,30,1.0,1.0,33.0,33.0,34.9,36.0,28.0,28.0,56.2,56.0,61,43.3,46
0.5,0.05,1.0,Minnesota,29.0,29,29,29.0,25.7,26.0,29,1.0,1.0,33.0,33.0,36.0,36.0,28.0,28.0,56.3,56.5,62,43.4,47
1.0,0.05,0.5,Minnesota,29.0,29,29,29.0,26.6,26.5,30,1.0,1.0,33.0,33.0,36.0,36.0,28.0,28.0,57.7,58.5,63,43.7,48
0.5,0.25,1.0,Minnesota,29.0,29,29,29.0,29.6,29.0,33,1.0,1.0,33.0,33.0,35.0,36.0,28.0,28.0,59.8,59.5,64,43.8,48
0.5,0.05,2.0,Minnesota,29.0,29,29,29.0,29.4,28.5,35,0.9,1.0,33.0,33.0,36.2,36.0,28.7,28.0,59.7,58.5,69,44.1,47
2.0,0.05,0.5,Minnesota,29.0,29,29,29.0,30.5,31.0,34,0.9,1.0,33.0,33.0,36.1,36.0,28.0,28.0,58.6,58.5,65,44.3,49
1.0,0.1,0.5,Minnesota,29.0,29,29,29.0,27.1,26.0,32,1.0,1.0,33.0,33.0,36.0,36.0,28.0,28.0,61.1,60.5,65,44.9,49
0.5,0.25,2.0,Minnesota,29.0,29,29,29.0,32.1,32.0,36,1.0,1.0,33.0,33.0,36.0,36.0,28.0,28.0,64.9,65.0,68,45.0,49
1.0,0.25,0.5,Minnesota,29.0,29,29,29.0,29.1,30.0,31,1.0,1.0,33.0,33.0,35.2,36.0,28.0,28.0,60.4,61.0,67,45.7,52
0.5,0.1,2.0,Minnesota,29.0,29,29,29.0,29.8,29.0,33,0.9,1.0,33.0,33.0,35.8,36.0,28.0,28.0,64.4,65.0,67,45.7,50
2.0,0.25,1.0,Minnesota,29.0,29,29,29.0,32.3,32.0,38,1.0,1.0,33.0,33.0,34.6,35.0,28.0,28.0,65.7,65.0,70,46.3,51
1.0,0.05,1.0,Minnesota,29.0,29,29,29.0,28.7,28.5,33,0.9,1.0,33.0,33.0,36.0,36.0,28.0,28.0,59.6,59.0,64,46.3,50
2.0,0.25,0.5,Minnesota,29.0,29,29,29.0,31.2,31.5,34,1.0,1.0,33.0,33.0,34.9,36.0,28.0,28.0,66.3,65.0,72,46.3,51
1.0,0.25,1.0,Minnesota,29.0,29,29,29.0,31.3,32.0,33,1.0,1.0,33.0,33.0,35.5,36.0,28.0,28.0,63.5,64.0,70,46.4,50
2.0,0.05,2.0,Minnesota,29.0,29,29,29.0,30.2,30.0,34,1.0,1.0,33.0,33.0,36.0,36.0,28.7,28.0,60.3,59.5,65,46.5,50
2.0,0.25,2.0,Minnesota,29.0,29,29,29.0,32.0,32.0,37,1.0,1.0,33.0,33.0,34.8,36.0,28.0,28.0,66.8,67.0,71,46.6,53
1.0,0.1,1.0,Minnesota,29.0,29,29,29.0,29.4,29.0,32,1.0,1.0,33.0,33.0,35.5,36.0,28.0,28.0,63.7,64.0,68,46.9,49
2.0,0.05,1.0,Minnesota,29.0,29,29,29.0,29.6,30.5,32,0.9,1.0,33.0,33.0,36.1,36.0,28.0,28.0,60.2,61.0,66,47.0,50
2.0,0.1,0.5,Minnesota,29.0,29,29,29.0,29.3,28.5,33,1.0,1.0,33.0,33.0,35.8,36.0,28.0,28.0,65.6,65.0,74,47.0,50
2.0,0.1,1.0,Minnesota,29.0,29,29,29.0,30.5,31.0,33,1.0,1.0,33.0,33.0,36.0,36.0,28.0,28.0,60.0,59.0,68,47.1,50
1.0,0.25,2.0,Minnesota,29.0,29,29,29.0,31.3,30.5,37,1.0,1.0,33.0,33.0,35.1,36.0,28.0,28.0,64.1,63.5,69,47.2,52
1.0,0.1,2.0,Minnesota,29.0,29,29,29.0,30.3,30.5,34,1.0,1.0,33.0,33.0,35.7,36.0,28.0,28.0,62.7,63.0,72,47.3,50
1.0,0.05,2.0,Minnesota,29.0,29,29,29.0,29.1,29.5,33,0.9,1.0,33.0,33.0,36.0,36.0,28.7,28.0,60.4,61.0,69,47.6,53
2.0,0.1,2.0,Minnesota,29.0,29,29,29.0,29.7,30.5,33,1.0,1.0,33.0,33.0,36.0,36.0,28.0,28.0,61.7,62.0,69,48.6,53
ALL,ALL,ALL,Minnesota,29.011111111111113,29,33,29.0,28.96388888888889,29.0,38,0.8277777777777777,1.0,33.02777777777778,33.0,36.477777777777774,36.0,28.905555555555555,28.0,56.519444444444446,59.0,74,43.955555555555556,53
1.0,0.01,1.0,Minnesota,29.4,29,33,29.0,28.0,27.5,32,0.3,1.0,33.3,33.0,41.1,37.5,28.0,28.0,47.5,48.0,53,41.1,44
0.5,0.05,0.5,Florida,31.0,31,31,31.0,17.0,17.5,20,0.0,0.0,52.6,52.0,58.1,58.0,36.3,28.0,12.5,13.0,15,10.0,13
0.5,0.01,1.0,Florida,31.0,31,31,31.0,14.1,14.0,19,0.0,0.0,67.8,58.0,85.4,85.0,65.2,89.0,11.8,12.5,16,10.2,15
0.5,0.1,0.5,Florida,31.0,31,31,31.0,17.9,18.0,21,0.0,0.0,52.0,52.0,54.4,52.0,44.2,55.0,14.4,14.5,17,11.5,13
0.5,0.25,0.5,Florida,31.0,31,31,31.0,17.6,17.0,21,0.0,0.0,52.0,52.0,52.6,52.0,52.3,55.0,14.8,15.0,16,12.2,15
0.5,0.05,1.0,Florida,31.0,31,31,31.0,19.3,19.0,23,0.0,0.0,52.0,52.0,59.5,58.0,30.9,28.0,17.9,17.0,23,12.3,15
0.5,0.1,1.0,Florida,31.0,31,31,31.0,20.3,20.5,24,0.0,0.0,52.0,52.0,56.7,58.0,28.0,28.0,19.2,19.0,22,12.9,15
0.5,0.25,2.0,Florida,31.0,31,31,31.0,20.9,20.5,26,0.0,0.0,52.0,52.0,53.2,52.0,28.0,28.0,27.3,27.5,30,13.1,16
0.5,0.25,1.0,Florida,31.0,31,31,31.0,19.8,20.5,23,0.0,0.0,52.0,52.0,53.2,52.0,30.7,28.0,18.1,17.0,22,13.2,17
0.5,0.05,2.0,Florida,31.0,31,31,31.0,19.4,19.5,21,0.0,0.0,52.6,52.0,60.0,58.0,28.0,28.0,25.2,26.0,28,14.2,17
0.5,0.1,2.0,Florida,31.0,31,31,31.0,19.7,19.5,23,0.0,0.0,52.0,52.0,56.2,58.0,28.0,28.0,27.1,27.0,30,14.2,16
2.0,0.1,2.0,Florida,31.0,31,31,31.0,19.2,19.0,23,0.0,0.0,52.0,52.0,56.8,58.0,28.0,28.0,38.5,39.0,42,14.8,18
2.0,0.25,2.0,Florida,31.0,31,31,31.0,19.1,19.0,22,0.0,0.0,52.0,52.0,54.4,52.0,28.0,28.0,35.4,35.0,40,14.9,18
2.0,0.05,1.0,Florida,31.0,31,31,31.0,19.0,19.0,22,0.0,0.0,52.0,52.0,58.0,58.0,28.0,28.0,37.2,38.0,44,15.0,19
2.0,0.25,0.5,Florida,31.0,31,31,31.0,18.8,18.5,23,0.0,0.0,52.0,52.0,53.8,52.0,28.0,28.0,31.5,30.5,37,15.2,18
1.0,0.25,0.5,Florida,31.0,31,31,31.0,18.6,19.0,22,0.0,0.0,52.0,52.0,52.6,52.0,28.0,28.0,24.7,24.5,30,15.4,19
1.0,0.25,1.0,Florida,31.0,31,31,31.0,18.5,18.0,22,0.0,0.0,52.0,52.0,52.6,52.0,28.0,28.0,33.6,33.5,36,15.5,18
1.0,0.1,1.0,Florida,31.0,31,31,31.0,18.1,18.0,20,0.0,0.0,52.0,52.0,56.2,58.0,28.0,28.0,29.6,29.0,35,15.5,17
2.0,0.25,1.0,Florida,31.0,31,31,31.0,18.4,18.5,21,0.0,0.0,52.0,52.0,52.5,52.0,28.0,28.0,35.4,36.0,39,15.6,20
1.0,0.05,0.5,Florida,31.0,31,31,31.0,17.2,18.0,20,0.0,0.0,52.6,52.0,58.9,58.0,34.1,28.0,23.5,24.0,27,15.9,19
2.0,0.05,2.0,Florida,31.0,31,31,31.0,17.9,17.5,21,0.0,0.0,53.2,52.0,60.6,58.0,28.0,28.0,37.4,38.5,41,15.9,19
2.0,0.1,1.0,Florida,31.0,31,31,31.0,18.1,18.0,21,0.0,0.0,52.0,52.0,55.6,58.0,28.0,28.0,36.9,36.0,42,15.9,17
1.0,0.25,2.0,Florida,31.0,31,31,31.0,18.0,18.0,20,0.0,0.0,52.0,52.0,52.6,52.0,28.0,28.0,35.2,35.0,40,16.0,18
2.0,0.1,0.5,Florida,31.0,31,31,31.0,17.9,18.0,20,0.0,0.0,52.0,52.0,56.2,58.0,28.0,28.0,33.4,32.5,39,16.1,19
1.0,0.05,2.0,Florida,31.0,31,31,31.0,17.3,17.0,19,0.0,0.0,52.6,52.0,59.3,58.0,28.0,28.0,34.7,35.0,39,16.3,20
2.0,0.05,0.5,Florida,31.0,31,31,31.0,17.3,17.5,20,0.0,0.0,52.0,52.0,58.7,58.0,28.0,28.0,32.2,31.5,36,16.6,19
1.0,0.1,0.5,Florida,31.0,31,31,31.0,17.1,17.5,19,0.0,0.0,52.6,52.0,56.5,55.0,28.0,28.0,25.7,25.0,29,16.7,19
1.0,0.05,1.0,Florida,31.0,31,31,31.0,16.8,17.0,19,0.0,0.0,52.0,52.0,59.5,58.0,28.0,28.0,28.5,29.0,31,16.9,20
1.0,0.1,2.0,Florida,31.0,31,31,31.0,17.1,17.5,20,0.0,0.0,52.0,52.0,56.2,58.0,28.0,28.0,35.0,34.5,38,16.9,21
ALL,ALL,ALL,Florida,32.888888888888886,31,85,31.0,17.391666666666666,18.0,26,0.027777777777777776,2.0,57.28888888888889,52.0,63.69444444444444,58.0,34.09444444444444,28.0,26.433333333333334,27.5,44,14.694444444444445,22
0.5,0.05,0.5,Montana,33.0,33,33,33.0,5.8,6.0,8,0.0,0.0,85.6,82.0,107.6,100.0,40.0,34.0,1.1666666666666667,1.0,3,0.1,1
0.5,0.25,0.5,Montana,33.0,33,33,33.0,8.5,9.0,9,0.0,0.0,59.8,45.0,80.0,82.0,34.0,34.0,0.875,1.0,1,0.1,1
0.5,0.1,0.5,Montana,33.0,33,33,33.0,6.7,7.0,8,0.0,0.0,74.6,82.0,94.2,84.0,40.0,34.0,1.0,1.0,1,0.2,1
1.0,0.05,0.5,Montana,33.0,33,33,33.0,9.3,9.5,11,0.0,0.0,82.2,82.0,107.6,100.0,85.0,49.0,1.3,1.0,2,0.7,2
0.5,0.05,1.0,Montana,33.0,33,33,33.0,9.3,9.5,10,0.0,0.0,82.2,82.0,93.6,84.0,49.0,49.0,0.5,0.5,1,0.8,2
2.0,0.05,0.5,Montana,33.0,33,33,33.0,12.1,12.0,15,0.0,0.0,82.2,82.0,93.6,84.0,121.57142857142857,119.0,1.6666666666666667,2.0,3,1.0,2
0.5,0.1,1.0,Montana,33.0,33,33,33.0,10.1,10.0,12,0.0,0.0,73.2,82.0,83.4,84.0,56.8,49.0,0.625,1.0,1,1.0,3
0.5,0.05,2.0,Montana,33.0,33,33,33.0,10.4,10.0,14,0.0,0.0,82.4,82.0,116.5,116.0,77.25,76.0,1.3,1.0,4,1.1,4
1.0,0.1,0.5,Montana,33.0,33,33,33.0,10.4,10.5,11,0.0,0.0,82.0,82.0,84.0,84.0,100.33333333333333,76.0,0.7,1.0,2,1.2,3
1.0,0.1,1.0,Montana,33.0,33,33,33.0,13.5,13.5,15,0.0,0.0,78.3,82.0,90.2,84.0,71.0,49.0,1.5,1.5,3,1.2,4
2.0,0.05,1.0,Montana,33.0,33,33,33.0,13.5,13.5,15,0.0,0.0,85.6,82.0,94.2,84.0,120.42857142857143,119.0,1.4444444444444444,1.0,3,1.3,2
0.5,0.25,1.0,Montana,33.0,33,33,33.0,11.6,12.0,12,0.0,0.0,63.0,68.0,82.6,82.0,43.857142857142854,34.0,0.9,1.0,2,1.8,4
1.0,0.25,0.5,Montana,33.0,33,33,33.0,11.9,12.0,13,0.0,0.0,67.2,82.0,83.2,84.0,46.375,34.0,0.9,1.0,2,1.8,3
2.0,0.1,1.0,Montana,33.0,33,33,33.0,15.0,14.5,17,0.0,0.0,70.9,82.0,83.4,84.0,98.0,76.0,1.7,2.0,3,1.8,4
1.0,0.1,2.0,Montana,33.0,33,33,33.0,14.5,14.5,17,0.0,0.0,82.0,82.0,87.2,84.0,73.71428571428571,49.0,1.0,1.0,3,1.9,3
0.5,0.1,2.0,Montana,33.0,33,33,33.0,12.3,12.0,15,0.0,0.0,67.2,82.0,86.4,84.0,85.375,76.0,1.3,1.0,3,1.9,4
2.0,0.1,2.0,Montana,33.0,33,33,33.0,14.9,15.5,17,0.0,0.0,82.0,82.0,87.2,84.0,60.6,49.0,2.0,2.0,5,2.3,4
2.0,0.1,0.5,Montana,33.0,33,33,33.0,13.9,14.0,17,0.0,0.0,82.0,82.0,84.0,84.0,128.44444444444446,103.0,1.9,1.5,5,2.4,5
0.5,0.25,2.0,Montana,33.0,33,33,33.0,15.2,15.0,17,0.0,0.0,56.1,45.0,82.6,82.0,55.8,34.0,2.0,2.0,3,2.7,4
1.0,0.25,2.0,Montana,33.0,33,33,33.0,15.3,15.0,18,0.0,0.0,65.8,75.0,80.2,83.0,56.6,41.5,2.3,2.0,3,2.8,5
2.0,0.25,1.0,Montana,33.0,33,33,33.0,16.2,16.0,18,0.0,0.0,64.4,68.0,81.4,82.0,54.0,34.0,2.2,2.0,4,2.9,5
1.0,0.25,1.0,Montana,33.0,33,33,33.0,15.1,16.0,17,0.0,0.0,63.0,68.0,82.6,82.0,64.6,41.5,2.2,2.0,5,2.9,5
2.0,0.25,2.0,Montana,33.0,33,33,33.0,16.1,16.0,17,0.0,0.0,65.8,75.0,83.4,83.0,99.6,34.0,2.3,2.0,4,2.9,5
2.0,0.25,0.5,Montana,33.0,33,33,33.0,14.7,14.5,17,0.0,0.0,55.6,45.0,80.8,82.0,75.8,70.5,2.4,2.5,4,3.2,5
1.0,0.25,2.0,New Mexico,33.5,33,34,33.5,10.1,10.0,11,3.0,5.0,45.5,45.5,53.0,53.0,28.0,28.0,41.8,41.5,45,5.2,6
0.5,0.25,1.0,New Mexico,33.7,33,34,34.0,10.6,11.0,12,1.9,5.0,41.9,38.0,50.0,53.0,28.0,28.0,40.1,40.5,42,4.6,6
2.0,0.25,0.5,New Mexico,33.7,33,34,34.0,9.7,9.5,11,3.4,5.0,47.0,53.0,53.0,53.0,28.0,28.0,41.5,41.5,43,5.3,6
2.0,0.01,2.0,Florida,33.7,31,58,31.0,15.2,15.5,19,0.1,1.0,75.5,82.0,89.9,89.0,34.5,28.0,29.3,29.5,37,17.0,20
1.0,0.25,0.5,New Mexico,33.8,33,34,34.0,10.4,10.0,12,3.0,5.0,45.5,45.5,53.0,53.0,28.0,28.0,39.6,39.5,43,4.9,6
1.0,0.25,1.0,New Mexico,33.8,33,34,34.0,10.2,10.0,11,3.0,5.0,45.5,45.5,53.0,53.0,28.0,28.0,40.0,40.0,45,5.0,6
1.0,0.1,0.5,New Mexico,33.8,33,34,34.0,10.0,9.5,12,3.5,5.0,47.9,53.0,51.5,53.0,28.0,28.0,37.4,38.0,41,5.2,6
0.5,0.1,0.5,New Mexico,33.8,33,34,34.0,8.3,8.5,9,1.7,5.0,41.5,37.0,51.5,53.0,28.0,28.0,31.3,32.5,35,5.2,6
0.5,0.1,2.0,New Mexico,33.8,33,34,34.0,9.9,10.0,11,2.7,5.0,44.9,45.5,54.2,53.0,28.0,28.0,37.6,37.0,43,5.3,6
2.0,0.1,0.5,New Mexico,33.8,33,34,34.0,9.5,9.5,10,3.7,5.0,48.3,53.0,53.0,53.0,28.0,28.0,37.7,37.0,41,5.5,6
2.0,0.25,1.0,New Mexico,33.9,33,34,34.0,10.6,10.5,12,2.6,5.0,44.0,38.0,53.0,53.0,28.0,28.0,39.7,40.0,45,4.9,6
0.5,0.25,0.5,New Mexico,33.9,33,34,34.0,9.1,9.0,10,2.1,5.0,42.3,38.0,51.5,53.0,28.0,28.0,36.2,36.0,39,4.9,6
2.0,0.25,2.0,New Mexico,33.9,33,34,34.0,10.4,10.0,12,2.5,5.0,43.8,38.0,51.5,53.0,28.0,28.0,40.4,40.5,43,5.0,6
0.5,0.25,2.0,New Mexico,34.0,34,34,34.0,10.4,10.5,12,1.7,5.0,40.8,38.0,51.5,53.0,28.0,28.0,40.1,40.5,42,4.7,6
0.5,0.05,2.0,New Mexico,34.0,34,34,34.0,10.3,10.5,11,1.4,5.0,41.3,36.0,50.2,53.0,28.0,28.0,31.4,31.0,36,4.7,6
2.0,0.05,1.0,New Mexico,34.0,33,36,34.0,10.3,10.5,11,1.5,5.0,41.1,36.0,50.0,53.0,28.0,28.0,34.7,35.5,37,4.9,6
2.0,0.1,1.0,New Mexico,34.0,34,34,34.0,9.9,10.0,11,2.2,5.0,43.2,38.0,51.6,53.0,28.0,28.0,38.0,38.0,40,5.2,6
0.5,0.25,0.5,Colorado,34.0,34,34,34.0,18.0,18.0,19,0.0,0.0,39.0,39.0,40.3,40.0,28.0,28.0,14.8,15.0,17,5.3,6
0.5,0.1,1.0,New Mexico,34.0,34,34,34.0,9.5,9.5,10,3.0,5.0,46.4,53.0,53.0,53.0,28.0,28.0,34.4,35.0,39,5.4,6
1.0,0.1,2.0,New Mexico,34.0,34,34,34.0,9.6,9.5,11,4.6,5.0,51.5,53.0,53.0,53.0,28.0,28.0,38.2,38.5,42,5.6,6
0.5,0.1,0.5,Colorado,34.0,34,34,34.0,17.7,17.0,21,0.0,0.0,39.4,39.0,42.3,43.0,28.0,28.0,15.9,16.0,19,5.9,8
1.0,0.25,0.5,Colorado,34.0,34,34,34.0,25.6,25.5,27,0.0,0.0,39.0,39.0,40.9,40.0,28.0,28.0,24.3,25.0,26,6.2,7
2.0,0.25,0.5,Colorado,34.0,34,34,34.0,26.0,26.0,29,0.0,0.0,39.0,39.0,40.6,40.0,28.0,28.0,26.1,26.5,29,6.2,8
0.5,0.05,0.5,Colorado,34.0,34,34,34.0,17.5,17.5,21,0.0,0.0,39.6,39.0,43.2,43.0,29.2,28.0,15.7,16.5,19,6.3,8
1.0,0.25,1.0,Colorado,34.0,34,34,34.0,26.1,26.0,28,0.0,0.0,39.4,39.0,41.1,40.0,28.0,28.0,24.9,24.5,30,6.5,8
2.0,0.25,1.0,Colorado,34.0,34,34,34.0,27.0,27.0,29,0.0,0.0,39.0,39.0,40.9,40.0,28.0,28.0,26.3,26.0,30,6.6,7
0.5,0.25,2.0,Colorado,34.0,34,34,34.0,25.7,26.0,27,0.0,0.0,39.0,39.0,40.9,40.0,28.0,28.0,24.3,24.5,27,6.6,8
2.0,0.25,2.0,Colorado,34.0,34,34,34.0,27.2,27.0,28,0.0,0.0,39.0,39.0,40.9,40.0,28.0,28.0,26.9,27.5,30,6.6,7
1.0,0.05,0.5,Colorado,34.0,34,34,34.0,24.6,24.5,27,0.0,0.0,40.0,39.0,42.8,43.0,28.0,28.0,24.0,24.0,32,6.8,9
1.0,0.25,2.0,Colorado,34.0,34,34,34.0,25.6,26.0,27,0.0,0.0,39.0,39.0,40.6,40.0,28.0,28.0,26.4,26.5,29,7.0,9
0.5,0.25,1.0,Colorado,34.0,34,34,34.0,23.7,24.0,25,0.0,0.0,39.0,39.0,40.6,40.0,28.0,28.0,19.8,19.5,23,7.1,9
2.0,0.1,1.0,Colorado,34.0,34,34,34.0,25.8,26.0,27,0.0,0.0,39.4,39.0,42.3,43.0,28.0,28.0,28.6,29.5,33,7.2,9
1.0,0.1,1.0,Colorado,34.0,34,34,34.0,25.0,24.0,29,0.0,0.0,39.8,39.0,42.1,43.0,28.0,28.0,28.8,29.0,32,7.2,9
1.0,0.1,0.5,Colorado,34.0,34,34,34.0,24.3,24.0,26,0.0,0.0,39.0,39.0,40.9,40.0,28.0,28.0,26.7,26.5,31,7.6,9
2.0,0.1,0.5,Colorado,34.0,34,34,34.0,24.5,24.5,26,0.0,0.0,39.0,39.0,40.9,40.0,28.0,28.0,29.1,28.5,34,7.6,9
1.0,0.05,1.0,Colorado,34.0,34,34,34.0,24.3,24.0,27,0.0,0.0,40.6,39.0,43.8,43.0,28.0,28.0,28.3,29.0,34,7.7,11
0.5,0.05,2.0,Colorado,34.0,34,34,34.0,24.4,24.5,26,0.0,0.0,40.6,39.0,43.6,43.0,28.0,28.0,28.0,26.5,32,7.7,9
1.0,0.1,2.0,Colorado,34.0,34,34,34.0,24.5,24.5,27,0.0,0.0,39.4,39.0,42.6,43.0,28.0,28.0,28.3,28.0,32,7.7,9
2.0,0.05,0.5,Colorado,34.0,34,34,34.0,24.2,24.0,27,0.0,0.0,39.9,39.0,42.8,43.0,28.0,28.0,30.5,31.5,34,8.0,10
2.0,0.1,2.0,Colorado,34.0,34,34,34.0,25.1,25.0,26,0.0,0.0,39.0,39.0,42.4,43.0,28.0,28.0,28.8,29.0,33,8.0,9
0.5,0.1,2.0,Colorado,34.0,34,34,34.0,23.8,24.0,27,0.0,0.0,39.1,39.0,42.4,43.0,28.0,28.0,27.1,26.5,31,8.3,10
1.0,0.05,2.0,Colorado,34.0,34,34,34.0,23.6,23.0,26,0.0,0.0,40.2,39.0,43.2,43.0,28.0,28.0,30.4,31.0,36,8.4,10
2.0,0.05,1.0,Colorado,34.0,34,34,34.0,24.0,24.0,26,0.0,0.0,39.1,39.0,42.4,43.0,28.0,28.0,30.7,30.0,36,8.4,9
0.5,0.05,1.0,Colorado,34.0,34,34,34.0,21.8,21.5,24,0.0,0.0,40.3,39.0,42.9,43.0,33.3,28.0,20.2,20.0,27,8.7,11
0.5,0.1,1.0,Colorado,34.0,34,34,34.0,22.0,21.5,25,0.0,0.0,39.1,39.0,41.8,43.0,28.0,28.0,19.9,20.0,23,8.9,10
1.0,0.1,1.0,New Mexico,34.1,33,36,34.0,10.1,10.0,12,2.3,5.0,43.4,38.0,51.5,53.0,28.0,28.0,38.4,38.0,41,5.0,6
2.0,0.05,0.5,New Mexico,34.2,34,36,34.0,10.1,10.0,12,1.9,5.0,43.0,37.0,53.2,53.0,28.0,28.0,33.3,33.5,40,4.8,6
1.0,0.05,0.5,New Mexico,34.2,34,36,34.0,9.7,9.5,11,2.2,5.0,43.4,39.0,57.5,53.0,28.0,28.0,31.6,32.0,35,5.2,6
2.0,0.1,2.0,New Mexico,34.2,34,36,34.0,9.9,10.0,11,2.5,5.0,44.7,45.5,54.1,53.0,28.0,28.0,36.5,36.0,40,5.3,6
0.5,0.05,0.5,New Mexico,34.4,33,36,34.0,8.6,8.0,11,0.2,1.0,36.6,36.0,51.7,53.0,28.0,28.0,25.1,25.5,28,4.6,5
1.0,0.05,1.0,New Mexico,34.5,33,36,34.0,10.2,10.0,12,1.9,5.0,43.4,39.0,54.3,53.0,28.0,28.0,33.5,33.0,38,4.9,6
0.5,0.05,1.0,New Mexico,34.6,34,36,34.0,9.6,9.5,11,1.2,5.0,40.6,36.0,51.5,53.0,28.0,28.0,32.3,32.0,37,5.1,6
2.0,0.05,2.0,Colorado,34.6,34,40,34.0,25.2,25.0,28,0.0,0.0,40.2,39.0,43.5,43.0,28.0,28.0,30.3,30.5,35,7.8,9
ALL,ALL,ALL,New Mexico,34.772222222222226,33,53,34.0,10.158333333333333,10.0,14,1.9666666666666666,5.0,44.80833333333333,40.0,53.894444444444446,53.0,28.0,28.0,31.897222222222222,34.0,45,4.463888888888889,6
2.0,0.05,2.0,New Mexico,34.8,34,36,34.0,10.2,10.0,12,1.8,5.0,42.3,40.0,53.1,53.0,28.0,28.0,30.7,31.5,33,5.0,6
1.0,0.05,2.0,New Mexico,35.0,34,36,35.0,10.3,10.0,12,1.8,5.0,43.0,37.0,51.7,53.0,28.0,28.0,35.2,34.5,41,4.9,6
0.5,0.25,2.0,Idaho,35.0,34,39,34.0,7.9,7.0,12,9.2,12.0,43.0,44.0,57.9,62.0,28.0,28.0,53.1,55.0,58,20.9,22
0.5,0.05,0.5,Iowa,35.0,35,35,35.0,28.1,28.0,32,2.4,6.0,38.7,38.0,43.0,45.0,28.8,28.0,59.3,60.0,66,45.5,51
0.5,0.1,0.5,Iowa,35.0,35,35,35.0,27.6,27.5,33,2.0,2.0,38.0,38.0,42.3,43.5,28.0,28.0,64.4,65.0,72,48.3,51
0.5,0.25,0.5,Iowa,35.0,35,35,35.0,27.7,27.0,31,2.0,2.0,38.0,38.0,39.2,39.0,28.0,28.0,71.8,72.5,76,49.9,53
0.5,0.05,1.0,Iowa,35.0,35,35,35.0,31.5,31.5,37,3.0,7.0,39.4,38.0,45.1,45.0,28.0,28.0,66.2,66.5,73,50.3,58
1.0,0.05,0.5,Iowa,35.0,35,35,35.0,33.0,34.5,37,2.5,7.0,38.7,38.0,44.5,45.0,28.0,28.0,71.9,70.5,80,50.4,57
0.5,0.05,2.0,Iowa,35.0,35,35,35.0,32.6,32.0,39,2.4,6.0,38.7,38.0,45.0,45.0,28.9,28.0,72.6,72.0,83,51.4,56
0.5,0.1,1.0,Iowa,35.0,35,35,35.0,31.4,31.0,36,2.5,7.0,38.7,38.0,43.2,45.0,28.0,28.0,71.5,72.0,75,52.0,55
2.0,0.05,0.5,Iowa,35.0,35,35,35.0,32.6,32.5,39,2.5,7.0,38.7,38.0,43.2,45.0,28.0,28.0,78.4,80.0,86,52.7,56
1.0,0.05,2.0,Iowa,35.0,35,35,35.0,32.7,32.5,39,3.0,11.0,39.3,38.0,44.2,45.0,28.0,28.0,76.1,77.0,86,53.1,58
1.0,0.05,1.0,Iowa,35.0,35,35,35.0,31.5,32.0,33,3.0,7.0,39.4,38.0,45.1,45.0,28.8,28.0,75.8,74.5,82,53.3,59
1.0,0.1,0.5,Iowa,35.0,35,35,35.0,31.1,31.0,34,2.0,2.0,38.0,38.0,42.6,45.0,28.0,28.0,77.3,78.5,82,53.6,57
0.5,0.1,2.0,Iowa,35.0,35,35,35.0,31.7,32.0,36,2.0,2.0,38.0,38.0,42.9,45.0,28.0,28.0,75.9,77.0,83,53.6,57
2.0,0.05,1.0,Iowa,35.0,35,35,35.0,31.1,31.0,36,2.0,2.0,38.0,38.0,43.9,45.0,28.8,28.0,82.8,81.0,100,54.3,57
0.5,0.25,1.0,Iowa,35.0,35,35,35.0,30.2,30.0,33,2.0,2.0,38.0,38.0,39.6,39.0,28.0,28.0,76.5,76.0,86,54.7,58
1.0,0.1,1.0,Iowa,35.0,35,35,35.0,30.8,30.5,36,2.0,2.0,38.0,38.0,42.0,42.0,28.0,28.0,78.1,77.5,84,54.7,58
1.0,0.1,2.0,Iowa,35.0,35,35,35.0,30.7,30.0,37,2.0,2.0,38.0,38.0,42.0,42.0,28.0,28.0,84.2,83.5,92,55.4,61
2.0,0.1,0.5,Iowa,35.0,35,35,35.0,30.2,30.0,41,2.0,2.0,38.0,38.0,42.3,42.0,28.0,28.0,85.7,86.5,95,55.5,61
1.0,0.25,0.5,Iowa,35.0,35,35,35.0,29.6,30.0,32,2.0,2.0,38.0,38.0,39.6,39.0,28.0,28.0,84.9,84.5,94,56.1,60
2.0,0.25,1.0,Iowa,35.0,35,35,35.0,30.8,31.0,33,2.0,2.0,38.0,38.0,39.0,39.0,28.0,28.0,91.0,92.0,99,56.1,58
2.0,0.05,2.0,Iowa,35.0,35,35,35.0,29.8,29.5,34,3.4,7.0,40.1,38.0,45.2,45.0,28.8,28.0,88.9,88.5,96,56.1,59
0.5,0.25,2.0,Iowa,35.0,35,35,35.0,29.3,29.5,31,2.0,2.0,38.0,38.0,40.2,39.0,28.0,28.0,84.5,85.0,93,56.4,59
2.0,0.25,0.5,Iowa,35.0,35,35,35.0,30.2,30.0,33,2.0,2.0,38.0,38.0,40.2,39.0,28.0,28.0,89.3,87.5,98,56.6,59
2.0,0.1,1.0,Iowa,35.0,35,35,35.0,28.7,28.5,33,2.0,2.0,38.0,38.0,42.3,43.5,28.0,28.0,90.6,89.5,107,57.2,60
1.0,0.25,1.0,Iowa,35.0,35,35,35.0,28.5,28.0,31,2.0,2.0,38.0,38.0,39.8,39.0,28.0,28.0,86.5,87.0,96,57.4,60
2.0,0.1,2.0,Iowa,35.0,35,35,35.0,29.2,30.0,32,2.5,7.0,38.7,38.0,42.3,42.0,28.0,28.0,89.2,91.5,101,57.4,61
1.0,0.25,2.0,Iowa,35.0,35,35,35.0,29.7,30.5,32,2.0,2.0,38.0,38.0,40.2,39.0,28.0,28.0,90.4,89.0,98,57.5,61
2.0,0.25,2.0,Iowa,35.0,35,35,35.0,28.6,29.0,31,2.0,2.0,38.0,38.0,39.5,39.0,28.0,28.0,92.7,92.5,101,58.8,62
ALL,ALL,ALL,Colorado,35.175,34,58,34.0,23.055555555555557,24.0,29,0.013888888888888888,1.0,41.09722222222222,39.0,44.74166666666667,43.0,29.2,28.0,25.305555555555557,26.0,38,7.361111111111111,13
0.5,0.01,1.0,New Mexico,35.2,34,36,36.0,10.1,10.5,12,0.6,3.0,43.8,41.0,52.4,53.0,28.0,28.0,18.3,19.0,23,2.8,4
0.5,0.01,0.5,Florida,35.2,31,52,31.0,12.3,12.0,16,0.0,0.0,67.4,64.5,84.2,83.5,60.0,42.5,7.5,7.5,11,7.6,13
0.5,0.25,0.5,Idaho,35.5,34,39,34.0,5.6,5.0,8,7.2,12.0,44.0,44.0,58.5,62.0,30.0,28.0,43.3,43.0,50,16.8,18
ALL,ALL,ALL,Iowa,35.56388888888889,35,53,35.0,29.97222222222222,30.0,41,2.816666666666667,12.0,40.483333333333334,38.0,45.15833333333333,45.0,29.622222222222224,28.0,76.79722222222222,77.0,107,52.18611111111111,63
2.0,0.01,0.5,Colorado,35.6,34,45,34.0,21.1,21.0,25,0.1,1.0,43.9,44.0,51.3,51.5,28.0,28.0,28.7,30.5,35,7.7,13
0.5,0.25,0.5,Illinois,36.0,36,36,36.0,47.9,47.5,53,0.0,0.0,47.0,47.0,50.0,50.0,63.1,69.0,7.2,7.0,9,0.8,2
1.0,0.01,1.0,New Mexico,36.0,36,36,36.0,11.6,12.0,14,0.6,2.0,47.6,53.0,54.6,54.0,28.0,28.0,21.9,21.5,27,2.5,5
0.5,0.25,1.0,Illinois,36.0,36,36,36.0,55.4,55.0,60,0.0,0.0,47.0,47.0,49.6,50.0,39.0,28.0,12.7,13.5,14,2.6,4
0.5,0.25,2.0,Illinois,36.0,36,36,36.0,63.6,63.5,66,0.0,0.0,47.0,47.0,49.4,50.0,45.2,38.5,15.6,16.0,20,2.9,5
2.0,0.01,0.5,New Mexico,36.0,36,36,36.0,11.6,11.5,13,0.7,2.0,47.8,53.0,55.7,54.0,28.0,28.0,20.6,21.0,25,3.0,5
1.0,0.25,0.5,Illinois,36.0,36,36,36.0,59.2,59.0,62,0.0,0.0,47.0,47.0,49.4,50.0,61.7,69.0,13.3,12.5,19,3.2,5
1.0,0.25,1.0,Illinois,36.0,36,36,36.0,62.5,63.0,65,0.0,0.0,47.0,47.0,49.6,50.0,47.3,49.0,15.2,15.5,17,3.7,5
1.0,0.1,0.5,Illinois,36.0,36,36,36.0,54.8,55.0,57,0.0,0.0,47.0,47.0,52.6,50.0,69.0,69.0,11.8,11.5,15,4.3,5
0.5,0.1,2.0,Illinois,36.0,36,36,36.0,58.1,58.0,60,0.0,0.0,47.3,47.0,51.9,50.0,57.1,69.0,16.1,16.0,18,4.6,6
1.0,0.25,2.0,Illinois,36.0,36,36,36.0,64.5,64.0,67,0.0,0.0,47.0,47.0,49.6,50.0,59.9,60.0,14.7,15.0,17,4.9,8
2.0,0.25,0.5,Illinois,36.0,36,36,36.0,64.2,63.0,68,0.0,0.0,47.0,47.0,49.0,49.0,63.7,69.0,14.3,14.0,19,5.1,8
2.0,0.25,1.0,Illinois,36.0,36,36,36.0,64.4,64.0,67,0.0,0.0,47.0,47.0,49.0,48.0,56.4,52.5,17.6,17.0,24,5.9,8
2.0,0.25,2.0,Illinois,36.0,36,36,36.0,64.3,64.5,67,0.0,0.0,47.0,47.0,49.2,50.0,59.1,56.0,19.0,18.5,22,6.2,8
2.0,0.1,1.0,Illinois,36.0,36,36,36.0,59.2,60.0,61,0.0,0.0,47.3,47.0,52.4,52.0,66.3,69.0,18.0,17.0,22,6.6,8
0.5,0.25,1.0,Kansas,36.0,33,39,36.0,54.0,54.5,56,0.0,0.0,40.9,40.0,47.8,48.0,38.8,46.0,17.2,17.0,19,11.4,14
0.5,0.1,2.0,Kansas,36.0,33,39,36.0,55.3,55.0,59,0.0,0.0,43.0,44.0,47.8,48.0,29.8,28.0,26.0,25.5,33,12.5,14
0.5,0.01,0.5,Iowa,36.0,35,45,35.0,23.6,22.5,29,4.7,7.0,44.5,45.0,51.6,49.0,30.6,28.0,49.4,49.0,58,36.1,39
0.5,0.01,2.0,Iowa,36.0,35,45,35.0,30.8,30.0,38,4.8,8.0,45.3,45.0,53.3,52.0,34.2,36.0,70.7,69.0,80,45.2,51
0.5,0.01,0.5,New Mexico,36.1,34,43,36.0,8.1,8.0,10,1.1,4.0,50.7,48.5,62.6,53.0,28.0,28.0,12.9,12.5,18,2.7,4
2.0,0.01,2.0,Iowa,36.3,35,45,35.0,28.7,29.0,32,5.2,10.0,46.6,45.0,57.1,52.0,32.8,32.0,78.7,75.0,90,53.5,60
2.0,0.01,1.0,Florida,36.4,31,58,31.0,16.4,16.0,20,0.0,0.0,69.1,70.0,80.6,83.0,44.2,28.0,29.9,31.0,36,16.1,19
0.5,0.01,1.0,Iowa,36.4,35,42,35.0,28.3,28.5,31,4.4,10.0,45.7,45.5,53.0,52.0,33.5,32.0,57.4,55.5,66,40.7,45
0.5,0.25,1.0,Idaho,36.5,34,44,34.0,8.2,8.0,12,5.6,12.0,43.8,44.0,54.9,57.5,31.7,28.0,43.4,41.5,54,18.9,21
0.5,0.1,0.5,Kansas,36.6,33,39,39.0,40.3,40.5,43,0.0,0.0,42.2,42.0,47.8,48.0,40.6,46.0,15.9,17.0,18,9.3,11
0.5,0.25,0.5,Kansas,36.6,33,39,39.0,43.2,43.0,46,0.0,0.0,40.7,40.0,47.6,48.0,46.0,46.0,15.7,15.5,18,9.6,11
0.5,0.25,2.0,Kansas,36.6,33,39,39.0,57.2,57.0,60,0.0,0.0,40.5,40.0,47.2,48.0,31.6,28.0,25.0,24.5,29,12.8,15
1.0,0.25,0.5,Kansas,36.6,33,39,39.0,53.5,53.5,57,0.0,0.0,40.6,40.0,47.4,48.0,28.0,28.0,27.6,27.0,31,13.1,16
1.0,0.25,2.0,Kansas,36.6,33,39,39.0,60.8,61.0,63,0.0,0.0,39.9,39.5,47.4,48.0,28.0,28.0,29.8,30.0,33,14.0,16
2.0,0.25,2.0,Kansas,36.6,33,39,39.0,60.6,61.0,63,0.0,0.0,40.5,40.0,47.8,48.0,28.0,28.0,36.9,36.5,42,15.8,20
1.0,0.01,0.5,New Mexico,36.8,34,50,36.0,10.8,11.0,13,0.9,3.0,48.7,53.0,56.2,56.5,28.0,28.0,18.7,18.5,27,2.6,5
0.5,0.25,2.0,California,36.8,36,38,36.0,3.7,4.0,5,4.3,7.0,40.0,40.0,101.3,119.0,28.0,28.0,90.9,89.5,103,31.7,33
0.5,0.25,2.0,Arizona,37.0,37,37,37.0,9.3,9.0,10,0.0,0.0,38.0,38.0,40.0,40.0,28.0,28.0,14.0,13.5,17,2.7,3
1.0,0.25,2.0,Arizona,37.0,37,37,37.0,9.1,9.0,10,0.0,0.0,38.0,38.0,40.0,40.0,34.0,34.0,14.2,14.5,18,2.9,4
2.0,0.25,1.0,Arizona,37.0,37,37,37.0,9.1,9.5,10,0.0,0.0,38.0,38.0,40.0,40.0,32.8,28.0,14.7,14.0,19,2.9,6
0.5,0.25,1.0,Arizona,37.0,37,37,37.0,8.1,8.5,10,0.0,0.0,38.0,38.0,42.2,40.0,28.0,28.0,13.2,13.0,16,3.2,5
1.0,0.25,1.0,Arizona,37.0,37,37,37.0,8.8,9.0,9,0.0,0.0,38.0,38.0,42.2,40.0,28.0,28.0,15.2,16.0,17,3.2,5
2.0,0.25,2.0,Arizona,37.0,37,37,37.0,8.7,9.0,10,0.0,0.0,38.0,38.0,40.0,40.0,31.6,28.0,14.5,15.0,17,3.3,5
2.0,0.25,1.0,Idaho,37.0,34,44,34.0,8.1,7.5,12,7.7,12.0,44.8,44.0,56.2,57.0,29.7,28.0,51.8,57.0,61,20.5,22
2.0,0.25,2.0,Idaho,37.0,34,44,34.0,8.3,7.5,11,7.0,12.0,45.3,44.0,58.0,62.0,29.7,28.0,50.7,51.5,58,21.2,23
0.5,0.25,0.5,Arizona,37.1,37,38,37.0,7.5,7.0,9,0.0,0.0,38.1,38.0,40.0,40.0,28.0,28.0,12.9,13.5,14,1.1,2
0.5,0.1,0.5,Illinois,37.1,36,47,36.0,42.9,43.0,46,0.0,0.0,47.3,47.0,51.3,50.0,65.7,69.0,6.8,7.0,10,1.7,3
2.0,0.25,0.5,Arizona,37.1,37,38,37.0,9.2,9.0,10,0.0,0.0,38.1,38.0,40.1,40.0,34.0,34.0,14.2,15.0,17,2.8,4
1.0,0.1,1.0,Illinois,37.1,36,47,36.0,58.6,59.0,61,0.0,0.0,48.0,47.0,51.7,50.0,62.3,65.5,15.2,15.0,21,4.6,6
1.0,0.1,2.0,Illinois,37.1,36,47,36.0,61.0,61.0,63,0.0,0.0,48.3,47.0,52.1,50.0,67.6,69.0,16.5,16.0,21,5.8,7
0.5,0.1,0.5,Arizona,37.2,37,38,37.0,6.4,7.0,8,0.0,0.0,38.2,38.0,49.0,40.0,28.0,28.0,12.6,13.0,16,1.7,4
1.0,0.25,0.5,Arizona,37.2,37,38,37.0,8.7,9.0,10,0.0,0.0,38.4,38.0,42.4,40.0,28.0,28.0,15.9,16.0,18,2.7,5
2.0,0.1,2.0,Arizona,37.2,37,38,37.0,6.7,7.0,8,0.1,1.0,38.7,38.0,69.9,54.0,28.0,28.0,16.8,16.5,19,5.3,7
1.0,0.25,1.0,Kansas,37.2,33,39,39.0,58.3,59.0,60,0.0,0.0,40.2,40.0,48.0,48.0,28.0,28.0,27.9,29.0,30,14.0,17
2.0,0.1,1.0,Kansas,37.2,33,39,39.0,57.8,57.5,60,0.0,0.0,42.3,43.5,47.8,48.0,28.0,28.0,38.0,38.0,40,14.8,16
2.0,0.25,1.0,Kansas,37.2,33,39,39.0,59.9,60.0,61,0.0,0.0,40.5,40.0,48.0,48.0,28.0,28.0,32.7,33.5,36,15.8,19
2.0,0.1,0.5,Kansas,37.2,33,39,39.0,55.8,55.0,61,0.0,0.0,42.8,44.0,48.0,48.0,28.0,28.0,34.8,35.0,41,16.1,18
2.0,0.1,2.0,Kansas,37.2,33,39,39.0,56.7,56.0,61,0.0,0.0,41.4,40.0,47.4,48.0,28.0,28.0,41.2,40.0,49,17.4,20
0.5,0.25,1.0,California,37.2,36,40,36.0,4.0,3.5,7,4.3,7.0,42.8,40.0,100.8,119.0,28.0,28.0,87.9,91.0,96,30.0,32
0.5,0.1,2.0,Arizona,37.3,37,38,37.0,7.8,8.0,9,0.1,1.0,38.8,38.0,45.9,43.0,28.0,28.0,16.1,16.0,18,4.2,6
0.5,0.1,1.0,Arizona,37.3,37,38,37.0,6.5,6.5,8,0.0,0.0,38.4,38.0,47.7,41.5,28.0,28.0,15.4,16.0,17,4.4,6
2.0,0.1,1.0,Arizona,37.3,37,38,37.0,7.3,7.5,10,0.1,1.0,38.9,38.0,66.3,41.5,30.7,28.0,16.3,17.0,20,4.7,7
1.0,0.1,2.0,Arizona,37.3,37,38,37.0,7.3,7.0,9,0.3,3.0,40.7,38.0,60.1,62.0,28.0,28.0,16.8,16.5,20,4.7,6
2.0,0.05,1.0,Arizona,37.3,37,38,37.0,6.8,7.0,9,0.4,4.0,47.1,38.0,89.3,43.0,28.0,28.0,16.8,17.0,21,4.9,7
0.5,0.05,1.0,Arizona,37.3,37,38,37.0,5.0,5.0,8,0.8,4.0,57.6,38.0,115.6,126.0,28.0,28.0,15.7,16.0,19,5.2,7
2.0,0.1,0.5,Arizona,37.3,37,38,37.0,6.7,6.0,9,0.4,4.0,47.1,38.0,99.1,92.0,28.0,28.0,17.5,18.0,20,5.3,7
1.0,0.05,0.5,Arizona,37.3,37,38,37.0,4.4,4.0,6,0.4,4.0,47.2,38.0,123.3,126.0,28.0,28.0,17.5,17.5,22,5.7,7
1.0,0.1,0.5,Arizona,37.4,37,38,37.0,5.8,5.5,8,0.4,4.0,47.3,38.0,98.0,87.0,28.0,28.0,17.7,18.0,20,5.0,7
0.5,0.05,2.0,Arizona,37.4,37,38,37.0,6.0,6.0,8,1.6,4.0,73.2,38.0,131.1,94.0,28.0,28.0,17.5,17.0,19,5.9,8
2.0,0.25,0.5,California,37.4,36,40,36.0,3.9,4.0,6,4.0,7.0,41.9,40.0,90.5,92.0,28.0,28.0,96.3,96.5,107,31.4,33
1.0,0.01,0.5,Iowa,37.4,35,46,35.0,27.3,28.0,33,4.2,9.0,48.2,46.5,54.3,50.5,31.7,28.0,59.6,58.5,68,46.1,50
1.0,0.1,1.0,Arizona,37.5,37,38,37.5,7.7,8.0,9,0.0,0.0,38.8,38.5,67.2,43.0,28.0,28.0,17.3,17.0,20,4.3,6
2.0,0.05,0.5,Arizona,37.5,37,38,37.5,6.2,6.5,9,1.1,4.0,64.3,38.5,136.4,126.0,28.0,28.0,16.4,16.0,19,5.7,8
2.0,0.05,2.0,Arizona,37.5,37,38,37.5,5.9,6.0,9,1.7,4.0,81.2,80.0,153.6,130.5,28.0,28.0,16.4,16.0,20,5.9,8
1.0,0.05,1.0,Arizona,37.5,37,38,37.5,5.3,5.0,7,1.5,4.0,73.4,39.0,160.3,126.0,28.0,28.0,18.7,19.0,21,6.5,8
1.0,0.05,2.0,Arizona,37.6,37,38,38.0,6.1,6.0,9,0.8,4.0,56.3,39.5,113.5,94.5,28.0,28.0,17.2,17.0,19,5.7,8
0.5,0.25,0.5,California,37.6,36,40,38.0,4.0,4.0,5,2.2,7.0,41.0,40.0,79.4,65.0,28.0,28.0,82.5,81.5,91,28.3,30
2.0,0.25,2.0,California,37.6,36,40,37.0,5.0,5.0,8,2.8,7.0,43.0,40.0,77.9,65.0,28.0,28.0,87.9,90.0,94,30.8,33
2.0,0.25,1.0,California,37.6,36,40,38.0,4.3,4.0,7,2.6,7.0,43.0,40.0,80.4,65.0,28.0,28.0,88.5,90.0,105,31.5,33
0.5,0.05,0.5,Arizona,37.7,37,38,38.0,3.2,3.0,5,1.9,4.0,74.8,64.0,101.57142857142857,126.0,28.0,28.0,14.0,13.5,18,4.2,5
1.0,0.01,2.0,New Mexico,37.8,34,49,36.0,11.3,11.5,13,1.0,2.0,49.7,53.0,58.5,55.5,28.0,28.0,21.6,21.5,25,3.0,5
0.5,0.01,1.0,Arizona,37.8,37,38,38.0,4.6,4.0,8,2.0,4.0,112.8,123.5,174.1,165.5,30.7,28.0,11.1,11.0,14,4.7,7
0.5,0.01,2.0,Colorado,37.8,34,45,34.0,20.2,20.5,24,0.0,0.0,45.9,44.0,50.8,48.0,28.0,28.0,24.9,25.5,28,8.1,10
0.5,0.1,1.0,Kansas,37.8,33,39,39.0,50.9,50.5,55,0.0,0.0,41.7,42.0,47.8,48.0,35.2,28.0,19.1,19.5,25,11.7,15
1.0,0.1,1.0,Kansas,37.8,33,39,39.0,56.9,56.5,62,0.0,0.0,40.7,40.0,47.8,48.0,29.8,28.0,30.9,31.0,36,13.6,15
1.0,0.05,2.0,Kansas,37.8,33,39,39.0,56.4,55.0,61,0.0,0.0,44.8,44.0,49.2,48.0,28.0,28.0,33.4,33.0,39,14.0,16
2.0,0.25,0.5,Kansas,37.8,33,39,39.0,57.9,58.0,60,0.0,0.0,40.9,40.0,47.0,47.0,28.0,28.0,32.5,31.5,38,16.4,19
2.0,0.05,1.0,Kansas,37.8,33,39,39.0,55.2,55.5,59,0.0,0.0,43.5,44.0,47.8,48.0,28.0,28.0,41.1,41.0,50,16.5,19
1.0,0.25,2.0,California,37.8,36,40,38.0,4.5,4.0,7,3.1,7.0,43.0,40.0,83.0,65.0,28.0,28.0,87.6,87.0,95,31.4,33
1.0,0.01,2.0,Iowa,37.8,35,46,35.0,29.9,30.5,34,4.4,8.0,47.4,46.5,53.5,50.5,35.2,36.0,74.5,76.0,87,50.4,55
1.0,0.05,1.0,Montana,37.9,33,82,33.0,11.3,11.0,13,0.0,0.0,81.2,82.0,93.4,84.0,92.66666666666667,105.5,1.5,1.5,2,0.2,2
1.0,0.05,2.0,Montana,37.9,33,82,33.0,12.9,13.0,15,0.0,0.0,90.2,82.0,112.7,116.0,134.85714285714286,119.0,1.0,1.0,3,1.5,2
2.0,0.05,2.0,Montana,37.9,33,82,33.0,12.8,13.5,15,0.0,0.0,89.2,82.0,110.2,116.0,84.75,96.0,1.6666666666666667,2.0,3,1.5,3
2.0,0.01,0.5,Iowa,37.9,35,46,35.0,31.6,32.5,38,5.2,12.0,50.0,46.5,56.4,50.5,34.4,32.0,73.4,74.0,86,48.4,56
2.0,0.01,2.0,New Mexico,38.0,34,50,36.0,12.2,12.5,13,0.6,2.0,46.1,47.5,58.9,53.0,28.0,28.0,20.1,21.0,25,2.3,4
0.5,0.01,2.0,New Mexico,38.0,34,50,36.0,10.8,11.0,12,1.1,3.0,48.3,53.0,63.3,58.0,28.0,28.0,17.3,18.0,22,2.8,4
0.5,0.25,0.5,South Dakota,38.0,38,38,38.0,39.1,39.0,40,0.0,0.0,39.1,39.5,40.3,40.5,55.4,51.0,7.3,7.0,10,3.9,5
0.5,0.25,1.0,South Dakota,38.0,38,38,38.0,43.0,43.0,44,0.0,0.0,38.9,38.5,40.3,40.0,61.3,51.0,8.1,8.0,11,4.0,5
1.0,0.01,0.5,Arizona,38.0,37,39,38.0,5.5,5.5,8,1.0,3.0,89.8,93.5,128.4,126.0,31.0,28.0,12.3,12.0,17,4.1,5
1.0,0.1,0.5,South Dakota,38.0,38,38,38.0,44.3,44.0,46,0.0,0.0,39.7,40.0,41.1,41.0,74.9,77.0,10.2,10.0,12,4.2,5
1.0,0.25,0.5,South Dakota,38.0,38,38,38.0,45.5,45.5,47,0.0,0.0,38.7,38.0,40.2,40.0,61.4,51.0,9.8,9.5,12,4.3,5
0.5,0.25,2.0,Oregon,38.0,37,42,37.0,14.2,15.0,15,0.0,0.0,51.0,51.0,54.0,52.0,106.6,121.0,1.4,1.0,3,4.6,6
2.0,0.25,2.0,South Dakota,38.0,38,38,38.0,48.2,48.0,50,0.0,0.0,39.1,39.5,40.5,40.5,69.1,77.0,12.1,12.5,15,5.3,6
0.5,0.25,2.0,South Dakota,38.0,38,38,38.0,46.4,47.0,48,0.0,0.0,38.6,38.0,40.2,40.0,58.6,51.0,12.2,11.0,18,5.4,7
2.0,0.01,2.0,Arizona,38.0,38,38,38.0,6.0,6.0,7,2.7,5.0,116.1,126.0,167.7,144.5,28.0,28.0,13.1,13.0,15,5.5,7
2.0,0.25,1.0,South Dakota,38.0,38,38,38.0,47.8,48.0,50,0.0,0.0,39.3,39.5,40.5,40.5,66.9,64.0,11.4,12.0,15,5.6,6
1.0,0.25,1.0,South Dakota,38.0,38,38,38.0,45.7,46.0,47,0.0,0.0,38.7,38.0,40.2,40.0,63.9,64.0,13.2,14.0,16,5.6,7
2.0,0.25,0.5,South Dakota,38.0,38,38,38.0,46.0,46.5,47,0.0,0.0,38.9,38.5,40.2,40.0,60.5,51.0,12.4,12.5,15,5.6,8
1.0,0.25,2.0,South Dakota,38.0,38,38,38.0,46.9,47.0,49,0.0,0.0,38.6,38.0,40.3,40.0,57.3,49.5,13.8,13.5,17,5.7,7
2.0,0.25,0.5,Idaho,38.0,34,44,39.0,9.8,11.0,12,2.7,12.0,42.6,41.5,50.5,48.0,32.4,28.0,45.8,44.0,59,18.4,22
1.0,0.25,0.5,Idaho,38.0,34,44,36.5,8.2,8.5,10,6.9,12.0,45.3,44.0,55.4,54.5,33.1,28.0,45.7,45.5,56,19.0,21
1.0,0.25,1.0,Idaho,38.0,34,44,36.5,8.9,9.5,12,4.7,12.0,44.8,44.0,53.5,54.5,30.5,28.0,47.9,45.0,60,19.6,22
1.0,0.25,2.0,Idaho,38.0,34,44,36.5,8.7,8.5,12,6.3,12.0,44.8,44.0,55.4,57.0,31.4,28.0,49.3,49.0,61,20.0,22
1.0,0.25,1.0,California,38.0,36,40,38.0,5.1,4.5,8,2.7,7.0,43.4,40.0,77.1,65.0,28.0,28.0,90.9,91.0,108,30.2,33
2.0,0.1,2.0,South Dakota,38.1,38,39,38.0,47.5,48.0,49,0.0,0.0,39.3,40.0,40.6,41.0,70.4,77.0,12.5,12.0,15,5.0,8
0.5,0.01,0.5,Colorado,38.1,34,43,36.5,15.1,15.0,18,0.1,1.0,44.2,44.0,49.6,47.5,49.9,58.0,14.3,13.0,20,5.2,8
0.5,0.01,0.5,Arizona,38.2,37,40,38.0,3.5,3.0,6,1.9,4.0,108.7,126.0,147.88888888888889,135.0,31.0,28.0,7.9,7.0,10,2.9,4
0.5,0.1,1.0,South Dakota,38.2,38,40,38.0,42.1,42.0,44,0.0,0.0,40.1,40.0,41.7,41.0,69.7,77.0,9.3,9.0,13,3.4,5
1.0,0.1,1.0,South Dakota,38.2,38,40,38.0,45.4,46.0,48,0.0,0.0,39.8,40.0,41.2,41.0,63.5,64.0,13.0,13.0,17,4.9,6
2.0,0.1,1.0,South Dakota,38.2,38,40,38.0,47.8,48.0,50,0.0,0.0,40.0,40.0,41.7,41.0,66.8,77.0,12.1,12.0,17,5.1,7
2.0,0.1,0.5,Illinois,38.2,36,47,36.0,59.5,60.0,62,0.0,0.0,47.6,47.0,51.6,50.0,68.3,69.0,15.9,15.0,23,6.1,9
0.5,0.01,2.0,Florida,38.2,31,82,31.0,13.0,12.0,17,0.1,1.0,74.7,82.0,89.9,89.0,43.3,28.0,21.9,21.0,25,15.6,19
ALL,ALL,ALL,Arizona,38.24166666666667,37,74,37.0,6.588888888888889,7.0,10,0.7027777777777777,5.0,59.74166666666667,38.0,95.74719101123596,62.0,29.369444444444444,28.0,14.844444444444445,15.0,22,4.311111111111111,8
2.0,0.01,1.0,Iowa,38.3,35,48,35.0,28.0,29.0,33,4.0,7.0,46.6,45.5,52.0,50.5,36.7,36.0,77.2,76.0,90,53.2,63
0.5,0.1,0.5,South Dakota,38.4,38,40,38.0,36.7,37.0,38,0.0,0.0,39.4,40.0,41.3,41.0,75.6,77.0,6.8,7.0,10,3.2,4
1.0,0.05,0.5,South Dakota,38.4,38,40,38.0,43.4,43.5,45,0.0,0.0,40.2,40.0,42.2,41.0,76.1,77.0,11.4,11.5,15,3.3,5
1.0,0.1,2.0,South Dakota,38.4,38,40,38.0,46.9,47.0,49,0.0,0.0,39.8,40.0,41.8,41.0,65.8,72.5,13.3,13.0,15,4.9,7
0.5,0.1,2.0,South Dakota,38.4,38,40,38.0,45.5,45.0,48,0.0,0.0,39.9,40.0,41.6,41.0,61.6,51.0,12.7,13.0,15,5.1,7
0.5,0.05,0.5,Kansas,38.4,33,39,39.0,34.3,35.0,38,0.0,0.0,43.2,44.0,48.1,48.0,31.6,28.0,16.5,16.0,21,11.3,14
1.0,0.05,0.5,Kansas,38.4,33,39,39.0,47.6,48.0,53,0.0,0.0,43.1,44.0,47.8,48.0,29.8,28.0,30.9,31.5,35,12.0,16
1.0,0.1,0.5,Kansas,38.4,33,39,39.0,50.8,50.5,54,0.0,0.0,42.7,44.0,47.8,48.0,28.0,28.0,27.6,27.0,31,12.6,14
1.0,0.1,2.0,Kansas,38.4,33,39,39.0,58.9,59.0,62,0.0,0.0,44.0,44.0,47.4,48.0,28.0,28.0,31.7,32.5,38,13.8,16
2.0,0.05,2.0,Kansas,38.4,33,39,39.0,55.3,55.0,59,0.0,0.0,44.4,44.0,49.1,48.0,28.0,28.0,42.7,42.5,47,17.2,21
ALL,ALL,ALL,Kansas,38.48888888888889,33,52,39.0,50.49166666666667,53.0,63,0.002777777777777778,1.0,43.825,44.0,48.94444444444444,48.0,30.705555555555556,28.0,27.975,29.0,50,13.113888888888889,21
2.0,0.01,1.0,New Mexico,38.5,34,53,36.0,11.7,12.0,14,0.9,4.0,47.6,53.0,61.9,55.5,28.0,28.0,20.2,19.5,30,2.7,6
2.0,0.1,0.5,South Dakota,38.5,38,40,38.0,46.5,46.0,48,0.0,0.0,39.7,40.0,41.4,41.0,66.4,77.0,14.3,15.0,16,5.2,7
2.0,0.01,2.0,Colorado,38.5,34,43,38.5,23.5,23.5,26,0.0,0.0,44.3,45.0,51.0,50.0,28.0,28.0,30.4,29.5,38,8.0,10
2.0,0.05,0.5,South Dakota,38.6,38,40,38.0,45.5,46.0,47,0.0,0.0,40.4,40.0,42.6,41.0,80.7,81.0,12.9,13.0,17,4.9,7
0.5,0.05,0.5,South Dakota,38.7,38,41,38.0,34.5,34.5,37,0.0,0.0,40.7,40.0,42.9,41.0,69.5,77.0,7.2,7.0,9,2.4,3
1.0,0.05,2.0,South Dakota,38.7,38,41,38.0,46.3,46.0,49,0.0,0.0,40.4,40.0,42.6,41.0,76.0,79.0,14.3,14.0,18,4.5,7
1.0,0.05,1.0,South Dakota,38.7,38,41,38.0,44.3,45.0,47,0.0,0.0,41.0,41.0,44.1,45.0,81.8,77.0,13.2,13.0,16,4.9,9
1.0,0.01,2.0,Colorado,38.7,34,45,38.5,22.8,23.0,26,0.0,0.0,46.4,45.0,53.1,54.5,28.0,28.0,28.3,28.5,34,8.3,9
0.5,0.1,0.5,California,38.7,36,53,36.0,4.9,4.5,7,3.1,6.0,45.1,40.0,73.6,65.0,28.0,28.0,80.4,81.0,92,26.6,28
2.0,0.05,2.0,South Dakota,38.8,38,40,38.0,47.7,47.5,51,0.0,0.0,40.3,40.0,42.5,41.0,78.7,77.0,13.3,12.5,20,4.4,6
0.5,0.25,2.0,Washington,38.8,38,42,38.0,10.7,11.0,11,0.0,0.0,39.6,39.0,40.6,40.0,28.0,28.0,17.7,17.0,21,13.4,15
1.0,0.01,1.0,Florida,38.8,31,82,31.0,15.2,15.0,18,0.2,1.0,74.6,82.0,92.1,89.0,41.3,28.0,21.2,20.0,28,15.3,19
0.5,0.25,0.5,Michigan,38.8,38,41,38.0,32.7,33.0,37,0.0,0.0,44.1,41.5,52.3,51.0,55.4,56.0,15.7,15.0,21,18.2,21
2.0,0.05,1.0,South Dakota,38.9,38,41,38.5,47.6,47.5,50,0.0,0.0,40.8,40.0,43.3,41.0,80.4,77.0,14.4,15.5,19,3.6,6
0.5,0.05,1.0,South Dakota,39.0,38,40,39.0,40.2,40.5,42,0.0,0.0,40.6,41.0,43.4,45.0,85.7,79.0,8.9,9.0,12,3.5,5
0.5,0.01,1.0,Kansas,39.0,39,39,39.0,37.0,37.5,41,0.0,0.0,46.4,44.0,51.5,52.0,31.6,28.0,16.8,16.5,21,8.6,14
0.5,0.05,1.0,Kansas,39.0,39,39,39.0,48.0,48.5,50,0.0,0.0,42.7,44.0,48.0,48.0,37.0,37.0,19.0,19.0,23,10.4,12
0.5,0.05,2.0,Kansas,39.0,39,39,39.0,52.2,51.0,57,0.0,0.0,43.2,44.0,47.8,48.0,28.0,28.0,25.8,26.0,32,12.9,15
0.5,0.1,0.5,Idaho,39.0,34,44,39.0,7.2,7.5,10,3.8,10.0,45.3,44.0,52.7,52.0,33.0,28.0,34.6,34.0,46,14.2,18
1.0,0.05,1.0,Kansas,39.0,39,39,39.0,52.4,51.5,56,0.0,0.0,44.3,44.0,48.2,48.0,29.8,28.0,31.4,30.5,37,14.5,16
2.0,0.05,0.5,Kansas,39.0,39,39,39.0,53.0,53.0,56,0.0,0.0,43.2,44.0,47.6,48.0,28.0,28.0,35.2,36.0,39,16.3,20
0.5,0.1,2.0,Idaho,39.0,34,44,39.0,8.9,9.0,12,3.9,11.0,45.5,44.0,53.9,52.0,29.7,28.0,45.8,43.5,58,18.5,21
1.0,0.1,1.0,Idaho,39.0,34,44,39.0,9.0,9.0,12,3.3,10.0,46.4,44.0,54.1,52.0,35.8,33.0,44.2,42.5,55,18.6,22
0.5,0.05,2.0,South Dakota,39.1,38,41,39.0,44.9,44.5,48,0.0,0.0,40.4,40.5,42.8,43.0,78.7,77.0,12.9,12.5,16,3.9,6
1.0,0.25,0.5,California,39.1,36,53,38.0,4.1,4.0,7,4.5,12.0,45.5,40.0,85.1,65.0,28.0,28.0,87.9,89.5,102,29.7,31
0.5,0.25,2.0,Utah,39.2,38,44,38.0,15.5,16.0,17,0.0,0.0,43.2,44.0,44.8,45.0,28.0,28.0,15.9,16.0,18,1.7,3
1.0,0.05,0.5,Illinois,39.2,36,57,36.0,50.5,50.5,55,0.0,0.0,51.2,48.5,56.9,57.0,64.2,69.0,11.6,11.5,15,4.8,7
1.0,0.01,1.0,Colorado,39.2,34,45,41.0,20.6,20.5,25,0.0,0.0,45.5,45.0,54.0,50.5,28.0,28.0,26.4,26.5,33,8.0,11
1.0,0.01,1.0,Iowa,39.2,35,53,35.0,31.9,32.5,36,3.3,7.0,46.7,46.0,56.1,51.0,37.2,36.5,67.3,65.5,76,46.8,53
2.0,0.01,1.0,Colorado,39.3,34,51,36.5,21.9,22.5,24,0.1,1.0,49.7,47.5,56.1,58.0,28.0,28.0,28.5,31.0,33,8.3,12
0.5,0.1,2.0,California,39.3,36,53,38.0,5.3,5.0,8,5.0,24.0,53.1,42.5,73.0,65.0,28.0,28.0,92.4,90.0,108,29.4,32
ALL,ALL,ALL,South Dakota,39.355555555555554,38,55,38.0,42.88611111111111,44.0,51,0.0,0.0,41.483333333333334,40.0,44.16388888888889,41.0,76.28888888888889,77.0,11.161111111111111,11.0,20,4.4527777777777775,9
1.0,0.01,0.5,Kansas,39.5,39,44,39.0,37.6,38.0,39,0.0,0.0,47.5,48.0,52.1,52.0,31.8,28.0,20.8,20.5,25,10.4,13
0.5,0.25,2.0,Michigan,39.5,38,41,39.0,41.1,41.0,45,0.0,0.0,45.1,41.5,48.9,51.0,33.2,28.0,20.0,20.0,22,18.2,22
2.0,0.1,2.0,Illinois,39.6,36,50,36.0,59.9,60.0,63,0.0,0.0,48.4,47.0,53.1,50.0,59.6,69.0,18.4,19.0,21,6.8,11
1.0,0.01,0.5,Colorado,39.6,34,45,43.0,19.4,19.0,22,0.1,1.0,45.4,45.0,54.8,58.0,28.0,28.0,27.3,28.0,32,7.7,9
2.0,0.25,1.0,Washington,39.6,38,42,38.0,10.7,11.0,11,0.0,0.0,41.4,40.0,43.8,42.0,31.8,28.0,17.2,17.0,20,14.0,15
1.0,0.25,2.0,Michigan,39.6,38,42,39.0,42.4,42.0,48,0.2,1.0,46.9,51.0,52.9,52.5,54.3,54.0,18.7,18.5,25,19.4,22
1.0,0.25,0.5,Michigan,39.7,38,42,39.0,37.7,37.5,40,0.1,1.0,49.5,51.0,54.0,54.0,31.0,28.0,15.6,15.0,19,18.8,20
2.0,0.25,0.5,Michigan,39.9,38,51,38.5,41.9,41.0,48,0.0,0.0,45.3,42.0,51.0,51.0,55.1,56.0,18.2,18.0,22,19.5,22
0.5,0.1,1.0,California,39.9,36,53,40.0,6.0,6.0,9,2.5,7.0,48.7,51.5,77.7,65.0,28.0,28.0,88.0,85.5,112,27.2,30
1.0,0.01,1.0,Arizona,40.0,38,58,38.0,4.9,5.0,7,1.4,4.0,99.0,69.0,148.6,126.0,34.1,28.0,11.9,12.5,15,5.3,6
0.5,0.05,2.0,Illinois,40.0,36,54,36.0,53.7,53.5,58,0.0,0.0,49.1,47.0,56.1,57.0,64.9,69.0,14.3,15.0,16,5.7,9
0.5,0.25,0.5,Missouri,40.0,40,40,40.0,55.9,56.5,61,0.0,0.0,41.5,42.0,42.9,43.0,28.0,28.0,18.6,18.0,22,7.3,10
0.5,0.25,0.5,Washington,40.0,38,42,40.0,9.1,9.0,10,0.0,0.0,41.9,41.0,43.1,42.5,35.3,28.0,14.1,14.5,17,13.1,14
1.0,0.25,0.5,Washington,40.0,38,42,40.0,9.1,9.0,10,0.0,0.0,43.0,41.0,45.4,42.5,28.0,28.0,14.1,13.5,17,13.5,14
0.5,0.25,2.0,Missouri,40.0,40,40,40.0,70.9,70.5,76,0.0,0.0,41.5,42.0,42.9,43.0,32.5,28.0,24.6,24.0,28,13.6,17
2.0,0.25,2.0,Washington,40.0,38,42,40.0,10.6,10.5,12,0.0,0.0,42.1,41.0,44.4,42.5,31.8,28.0,16.9,17.0,19,13.9,15
1.0,0.25,2.0,Washington,40.0,38,42,40.0,10.7,11.0,11,0.0,0.0,42.1,41.0,45.0,42.5,28.0,28.0,16.8,16.0,20,14.2,15
2.0,0.1,1.0,Idaho,40.0,34,44,41.5,9.5,10.0,12,2.0,10.0,45.2,46.5,50.5,52.0,36.5,36.5,41.9,41.5,48,18.5,23
2.0,0.25,1.0,Missouri,40.2,40,42,40.0,75.9,76.0,78,0.0,0.0,41.5,42.0,43.0,43.0,28.0,28.0,26.0,26.0,29,14.2,16
1.0,0.25,2.0,Missouri,40.2,40,42,40.0,74.7,74.5,79,0.0,0.0,41.5,42.0,43.0,43.0,32.5,28.0,25.5,25.5,29,14.7,18
2.0,0.05,0.5,Illinois,40.4,36,47,36.0,56.3,56.5,58,0.0,0.0,51.6,51.0,58.1,57.0,68.7,69.0,16.2,17.0,19,5.8,9
1.0,0.01,2.0,Kansas,40.4,39,48,39.0,49.2,49.5,53,0.0,0.0,47.9,48.0,52.7,52.0,28.0,28.0,27.7,28.0,36,10.1,15
1.0,0.25,0.5,Missouri,40.4,40,42,40.0,65.3,65.0,68,0.0,0.0,41.6,42.0,43.0,43.0,32.2,28.0,22.4,22.5,28,12.3,15
0.5,0.25,1.0,Washington,40.4,38,42,42.0,8.9,9.0,10,0.0,0.0,42.3,42.0,44.5,43.0,28.0,28.0,14.5,15.0,16,13.9,15
1.0,0.25,1.0,Missouri,40.4,40,42,40.0,72.4,72.5,76,0.0,0.0,42.1,42.0,43.3,43.0,28.0,28.0,24.6,24.0,30,13.9,17
2.0,0.25,2.0,Missouri,40.4,40,42,40.0,76.5,76.0,80,0.0,0.0,41.6,42.0,42.9,43.0,32.4,28.0,24.3,23.0,29,14.3,16
0.5,0.25,0.5,Utah,40.5,38,44,38.5,14.9,15.0,16,0.0,0.0,43.9,44.0,45.2,45.0,47.0,47.0,11.0,11.0,12,0.2,1
2.0,0.25,1.0,Utah,40.5,38,45,38.0,15.4,15.5,17,0.0,0.0,44.6,44.0,46.2,45.0,28.0,28.0,15.8,15.5,18,1.9,3
0.5,0.1,0.5,Missouri,40.5,40,43,40.0,50.1,50.5,53,0.0,0.0,42.6,42.5,44.3,43.5,54.9,72.5,14.2,14.0,17,5.5,9
2.0,0.05,1.0,Idaho,40.5,34,44,41.5,9.6,10.0,11,1.9,3.0,47.7,47.5,53.4,52.0,36.3,36.0,40.6,40.5,47,18.4,21
0.5,0.25,1.0,Missouri,40.6,40,42,40.0,61.9,61.5,64,0.0,0.0,41.9,42.5,43.3,43.5,28.0,28.0,24.1,24.0,27,10.4,14
0.5,0.1,1.0,Illinois,40.7,36,50,36.0,52.4,53.0,55,0.0,0.0,50.3,47.0,55.0,55.0,60.1,69.0,10.2,10.0,13,3.2,4
2.0,0.25,0.5,Missouri,40.7,40,43,40.0,74.0,74.0,78,0.0,0.0,41.8,42.0,43.6,43.0,32.2,28.0,25.3,25.5,27,14.8,17
2.0,0.1,2.0,California,40.7,36,53,40.0,6.9,7.0,8,2.4,12.0,52.9,53.0,61.8,65.0,28.0,28.0,86.6,88.0,101,28.4,30
1.0,0.1,2.0,California,40.8,36,50,40.0,5.9,5.5,8,1.2,4.0,49.6,53.0,61.4,65.0,28.0,28.0,91.1,89.0,105,28.9,31
0.5,0.01,1.0,Colorado,40.9,34,58,41.0,18.2,19.0,22,0.1,1.0,49.1,47.5,57.3,58.0,42.8,34.0,17.1,17.0,21,7.4,11
0.5,0.1,2.0,Missouri,40.9,40,43,40.0,65.0,65.0,68,0.0,0.0,42.6,43.0,44.0,44.0,57.9,73.0,20.5,20.0,25,12.0,15
0.5,0.25,0.5,Tennessee,41.0,41,41,41.0,28.7,28.5,32,0.0,0.0,62.2,63.0,83.0,88.0,102.4,104.0,9.0,8.0,12,5.3,8
0.5,0.25,1.0,Tennessee,41.0,41,41,41.0,38.0,37.5,43,0.0,0.0,64.7,63.0,83.5,88.0,104.3,104.0,13.9,14.0,17,6.7,9
1.0,0.1,0.5,Tennessee,41.0,41,41,41.0,35.6,35.5,38,0.0,0.0,75.5,75.5,90.8,92.0,97.1,105.5,15.4,16.0,19,8.0,10
1.0,0.25,0.5,Tennessee,41.0,41,41,41.0,39.8,40.0,41,0.0,0.0,70.1,63.0,89.5,88.0,105.2,104.0,13.5,14.0,15,8.1,10
0.5,0.1,1.0,Missouri,41.0,40,43,40.0,59.1,59.0,63,0.0,0.0,42.7,43.0,44.5,44.0,45.7,28.0,21.6,21.5,24,8.7,13
0.5,0.25,2.0,Tennessee,41.0,41,41,41.0,42.4,42.0,47,0.0,0.0,67.2,63.0,81.7,88.0,103.0,104.0,16.1,16.5,20,9.0,12
1.0,0.25,1.0,Tennessee,41.0,41,41,41.0,41.8,42.0,46,0.0,0.0,69.3,63.0,82.0,88.0,104.9,104.0,17.7,17.0,22,9.6,12
2.0,0.25,0.5,Tennessee,41.0,41,41,41.0,44.0,44.0,46,0.0,0.0,61.4,63.0,83.0,88.0,95.1,104.0,17.7,18.5,19,10.2,13
2.0,0.1,0.5,Tennessee,41.0,41,41,41.0,41.1,41.5,44,0.0,0.0,70.1,63.0,89.5,88.0,90.3,105.5,21.6,21.0,28,10.4,13
2.0,0.25,1.0,Tennessee,41.0,41,41,41.0,45.7,45.5,48,0.0,0.0,64.7,63.0,85.7,88.0,97.0,104.0,20.2,20.0,22,10.8,13
0.5,0.25,0.5,Ohio,41.0,41,41,41.0,48.4,48.5,51,0.7,1.0,47.6,50.0,52.8,52.5,28.0,28.0,20.9,20.5,24,11.3,14
2.0,0.25,2.0,Tennessee,41.0,41,41,41.0,46.6,46.5,49,0.0,0.0,62.4,63.0,83.2,88.0,81.5,104.0,24.0,24.5,26,11.4,14
0.5,0.25,1.0,Ohio,41.0,41,41,41.0,52.3,51.5,55,0.2,1.0,44.3,44.0,50.6,50.0,39.0,44.0,27.3,27.0,33,12.9,14
1.0,0.25,2.0,Tennessee,41.0,41,41,41.0,42.7,43.0,45,0.0,0.0,72.2,63.0,87.4,88.0,102.0,104.0,20.1,20.5,22,13.0,14
1.0,0.25,1.0,Ohio,41.0,41,41,41.0,58.8,59.0,61,0.6,1.0,47.5,50.0,52.0,53.0,43.8,44.0,32.3,32.5,36,13.5,17
0.5,0.25,2.0,Ohio,41.0,41,41,41.0,57.2,56.0,62,0.3,1.0,44.4,44.0,49.5,50.0,40.6,44.0,30.0,30.0,36,14.0,16
2.0,0.25,2.0,Ohio,41.0,41,41,41.0,60.9,61.5,64,0.4,1.0,45.5,44.0,51.1,50.0,41.8,44.0,35.2,35.5,41,14.5,18
2.0,0.25,0.5,Ohio,41.0,41,41,41.0,58.3,58.5,60,0.8,1.0,48.3,50.0,52.7,51.0,39.4,43.0,32.9,33.0,39,15.5,17
1.0,0.25,2.0,Ohio,41.0,41,41,41.0,59.3,59.5,63,0.3,1.0,45.2,44.0,49.7,50.0,41.8,44.0,33.7,34.0,39,15.6,20
0.5,0.05,2.0,Idaho,41.0,34,44,44.0,8.6,8.5,11,1.7,3.0,48.1,49.0,54.8,52.0,30.7,28.0,42.6,41.0,51,17.9,21
0.5,0.25,1.0,Wisconsin,41.0,41,41,41.0,39.1,38.0,44,0.0,0.0,44.6,44.0,45.9,46.0,36.0,28.0,94.3,95.0,98,23.9,27
0.5,0.25,2.0,Wisconsin,41.0,41,41,41.0,39.5,39.5,42,0.0,0.0,44.3,44.0,46.0,46.0,40.4,48.0,95.7,94.0,107,24.8,28
2.0,0.25,0.5,Wisconsin,41.0,41,41,41.0,40.2,40.0,44,0.0,0.0,44.5,44.0,46.0,46.0,32.0,28.0,92.3,91.5,106,25.0,29
1.0,0.25,0.5,Wisconsin,41.0,41,41,41.0,39.2,39.5,44,0.0,0.0,44.8,44.0,46.1,46.0,32.4,28.0,93.6,93.5,100,25.1,29
2.0,0.25,1.0,Wisconsin,41.0,41,41,41.0,40.4,41.0,45,0.0,0.0,44.1,44.0,45.8,46.0,32.0,28.0,93.9,93.5,102,25.1,29
1.0,0.25,2.0,Wisconsin,41.0,41,41,41.0,38.8,38.5,45,0.0,0.0,44.5,44.0,45.9,46.0,34.9,28.0,96.3,97.0,101,26.6,29
0.5,0.25,1.0,Michigan,41.1,39,54,39.0,38.6,38.0,45,0.3,1.0,48.0,51.0,54.1,54.0,28.0,28.0,15.8,15.5,22,18.4,21
2.0,0.25,1.0,Michigan,41.1,38,56,39.0,42.1,42.5,46,0.0,0.0,48.6,51.0,53.1,52.5,55.6,54.0,19.0,19.0,24,19.6,23
1.0,0.1,1.0,California,41.1,36,53,40.0,5.4,5.0,9,3.1,12.0,48.6,47.0,68.2,65.0,28.0,28.0,89.4,88.0,104,29.5,32
1.0,0.25,0.5,Utah,41.2,38,45,41.0,15.0,15.0,16,0.0,0.0,43.9,44.5,46.4,45.0,28.0,28.0,14.8,15.0,17,1.2,2
1.0,0.25,2.0,Utah,41.2,38,45,41.0,15.4,15.0,17,0.0,0.0,44.9,44.5,47.2,46.0,28.0,28.0,15.7,16.0,18,2.0,3
2.0,0.25,2.0,Utah,41.2,38,45,41.0,14.9,15.0,16,0.0,0.0,44.9,44.5,46.6,45.0,28.0,28.0,14.6,14.0,17,2.2,3
0.5,0.01,0.5,South Dakota,41.2,38,52,40.0,27.4,27.0,31,0.0,0.0,44.8,41.0,50.7,50.0,102.1,98.0,5.5,6.0,8,2.6,5
1.0,0.01,1.0,Kansas,41.2,39,52,39.0,44.4,45.0,49,0.0,0.0,48.6,48.0,52.7,52.0,29.9,28.0,23.2,23.0,27,10.2,14
0.5,0.1,2.0,Washington,41.2,38,42,42.0,9.8,9.5,13,0.0,0.0,44.3,42.5,46.6,43.0,36.4,28.0,16.3,16.5,18,13.7,16
2.0,0.25,0.5,Washington,41.2,38,42,42.0,10.4,10.5,12,0.0,0.0,43.0,42.0,45.3,43.0,31.8,28.0,17.0,17.5,19,14.3,16
2.0,0.1,1.0,California,41.2,36,57,39.0,5.5,5.5,7,4.1,13.0,50.0,55.0,79.0,65.0,28.0,28.0,89.6,91.0,105,29.3,32
0.5,0.01,1.0,Montana,41.3,33,116,33.0,4.6,4.5,6,0.0,0.0,136.8,154.0,164.9,173.0,91.875,73.0,1.25,1.0,2,0.0,0
0.5,0.25,0.5,Oregon,41.3,37,51,39.5,8.4,9.0,10,0.0,0.0,51.2,51.0,55.6,53.0,121.0,121.0,0.9,1.0,1,1.5,2
0.5,0.01,2.0,Arizona,41.3,37,74,38.0,5.9,6.0,7,0.6,2.0,64.3,58.0,140.7,135.0,30.7,28.0,14.0,14.5,20,4.5,6
0.5,0.01,2.0,Kansas,41.3,39,48,39.0,42.4,42.5,46,0.1,1.0,49.8,51.0,51.5,52.0,37.1,28.0,18.7,18.5,24,9.8,12
1.0,0.25,1.0,Washington,41.3,38,47,42.0,10.7,11.0,12,0.0,0.0,43.9,42.0,46.4,43.0,28.0,28.0,16.8,17.0,20,13.7,15
0.5,0.25,0.5,Wisconsin,41.3,41,44,41.0,39.7,40.0,42,0.0,0.0,44.3,44.0,46.0,46.0,30.0,28.0,84.5,84.0,88,23.2,26
2.0,0.25,2.0,Wisconsin,41.3,41,44,41.0,40.4,40.0,46,0.0,0.0,44.6,45.0,46.0,46.0,32.6,28.0,88.6,89.5,95,25.0,28
2.0,0.25,1.0,Oregon,41.4,37,54,37.0,16.8,17.0,19,0.0,0.0,53.2,51.0,57.7,52.0,113.8,121.0,1.4,1.0,3,3.5,5
0.5,0.05,1.0,Illinois,41.4,36,57,36.0,49.3,49.5,52,0.0,0.0,50.3,47.5,56.3,57.0,62.1,69.0,9.6,9.5,13,3.7,5
2.0,0.1,1.0,Missouri,41.4,40,43,41.0,72.8,73.5,76,0.0,0.0,43.1,43.0,45.3,44.0,50.3,50.0,21.6,22.5,25,11.7,15
0.5,0.01,2.0,South Dakota,41.5,38,52,41.0,38.0,38.0,41,0.0,0.0,45.6,45.0,49.6,49.0,95.1,98.0,9.8,9.5,15,4.9,7
0.5,0.01,0.5,Kansas,41.5,39,52,39.0,27.8,28.0,31,0.0,0.0,49.4,51.5,52.2,52.0,31.5,28.0,12.3,12.5,16,8.1,10
0.5,0.1,1.0,Idaho,41.5,34,44,44.0,9.4,9.5,11,2.6,10.0,46.7,49.0,52.0,52.0,31.4,28.0,37.7,36.0,52,16.6,21
2.0,0.05,0.5,Idaho,41.5,34,44,44.0,9.2,9.0,14,2.8,8.0,49.3,51.0,53.9,52.0,37.5,41.5,40.8,41.5,48,18.4,21
1.0,0.1,2.0,Idaho,41.5,34,44,44.0,9.2,10.0,12,2.0,4.0,47.5,49.0,53.3,52.0,39.2,45.0,42.6,42.0,47,19.0,23
2.0,0.1,2.0,Idaho,41.5,34,44,44.0,9.1,9.5,10,2.5,11.0,48.0,49.0,53.5,52.0,36.5,36.5,41.6,38.5,56,20.0,24
1.0,0.1,1.0,Missouri,41.6,40,43,42.0,69.7,70.5,73,0.0,0.0,43.1,43.0,45.3,44.0,41.0,28.0,21.6,21.5,26,10.8,15
2.0,0.1,2.0,Washington,41.6,38,42,42.0,9.7,9.5,12,0.0,0.0,46.4,47.0,52.6,54.0,37.5,28.0,16.4,16.5,21,14.1,15
1.0,0.1,0.5,Missouri,41.7,40,43,42.0,61.4,61.0,64,0.0,0.0,42.8,43.0,44.8,44.0,36.7,28.0,20.5,20.0,23,9.8,13
1.0,0.1,2.0,Missouri,41.7,40,43,42.0,71.7,72.5,75,0.0,0.0,42.9,43.0,44.9,44.0,41.1,28.0,22.7,22.5,28,11.9,18
0.5,0.1,0.5,Washington,41.7,38,47,42.0,7.9,8.0,10,0.0,0.0,44.1,42.0,46.9,43.0,37.2,28.0,14.4,15.0,17,13.4,16
1.0,0.1,1.0,Washington,41.7,38,47,42.0,9.8,9.5,12,0.0,0.0,46.3,47.0,50.5,54.0,36.6,28.0,16.9,17.0,20,13.9,16
ALL,ALL,ALL,Missouri,41.76111111111111,40,44,42.0,59.87222222222222,63.0,80,0.0,0.0,45.36388888888889,43.0,50.269444444444446,48.0,44.78611111111111,28.0,17.663888888888888,19.0,30,8.777777777777779,18
0.5,0.25,1.0,Utah,41.8,38,45,44.0,14.8,15.0,16,0.0,0.0,43.7,45.0,45.5,45.0,28.0,28.0,15.2,15.0,18,1.2,2
0.5,0.01,1.0,South Dakota,41.8,38,54,40.5,34.0,34.5,37,0.0,0.0,46.9,45.0,52.3,52.0,92.0,92.5,8.6,8.5,13,3.3,6
2.0,0.1,2.0,Missouri,41.8,40,43,42.0,74.0,74.5,76,0.0,0.0,43.3,43.0,45.5,44.0,32.2,28.0,20.3,20.5,25,11.5,14
1.0,0.01,0.5,Florida,41.8,31,85,31.0,14.2,15.0,17,0.1,1.0,72.5,81.5,80.9,82.5,37.0,28.0,16.1,14.5,24,13.3,15
1.0,0.25,1.0,Wisconsin,41.8,41,46,41.0,40.4,40.0,43,0.0,0.0,44.9,46.0,46.2,46.0,41.1,47.5,97.1,97.5,103,25.3,28
1.0,0.01,1.0,South Dakota,41.9,39,45,41.0,39.4,40.0,42,0.0,0.0,48.0,45.0,54.1,52.0,94.9,98.0,10.4,10.5,13,4.1,8
1.0,0.1,0.5,Ohio,41.9,41,50,41.0,53.5,54.0,55,0.4,1.0,47.4,47.0,51.9,52.5,48.9,46.0,26.9,28.0,34,10.4,12
0.5,0.1,2.0,Ohio,41.9,41,50,41.0,57.2,57.0,61,0.7,1.0,50.0,50.0,55.8,56.5,45.9,44.0,28.3,27.5,34,11.9,14
2.0,0.1,0.5,Ohio,41.9,41,50,41.0,58.3,59.0,60,0.5,1.0,48.1,50.0,54.8,56.5,48.0,45.0,29.1,29.0,36,13.2,15
2.0,0.25,1.0,Ohio,41.9,41,50,41.0,61.2,61.0,67,0.4,1.0,46.9,47.0,51.7,50.0,44.1,44.0,32.4,33.5,38,13.9,16
2.0,0.05,0.5,Missouri,42.0,40,43,43.0,65.3,64.5,70,0.0,0.0,44.0,44.0,48.3,48.0,47.5,28.0,16.4,16.0,21,9.1,12
1.0,0.05,2.0,Missouri,42.0,40,43,43.0,67.6,67.0,73,0.0,0.0,43.6,44.0,46.4,48.0,53.3,50.5,18.1,19.0,22,11.7,15
0.5,0.05,0.5,Idaho,42.0,34,49,44.0,7.7,7.5,10,1.8,6.0,50.1,51.0,54.9,52.0,42.2,45.0,29.9,29.5,36,12.6,15
1.0,0.1,0.5,Washington,42.0,42,42,42.0,8.0,8.0,9,0.1,1.0,46.9,47.0,52.4,54.0,35.4,28.0,15.7,16.5,18,13.8,15
2.0,0.1,0.5,Washington,42.0,42,42,42.0,9.9,10.0,11,0.2,1.0,49.1,47.0,54.4,55.5,53.7,66.0,16.5,17.0,20,14.0,17
1.0,0.1,0.5,Idaho,42.0,34,44,44.0,9.5,10.0,12,2.0,4.0,48.1,50.0,52.2,52.0,39.2,45.0,34.7,33.5,47,17.0,20
2.0,0.1,0.5,Idaho,42.0,34,44,44.0,10.2,10.0,11,1.9,4.0,49.0,51.0,53.1,52.0,34.8,28.0,41.2,41.5,46,18.0,20
2.0,0.05,1.0,Illinois,42.1,36,50,41.5,55.8,55.0,60,0.0,0.0,51.7,52.0,56.6,57.0,71.6,69.0,17.5,17.5,21,6.8,9
1.0,0.05,0.5,Missouri,42.1,40,43,42.5,54.9,54.5,58,0.0,0.0,43.5,43.5,48.6,48.0,52.9,50.0,17.1,17.0,23,7.0,10
2.0,0.1,0.5,Missouri,42.1,40,43,43.0,71.1,71.5,74,0.0,0.0,43.6,44.0,46.9,48.0,32.4,28.0,22.3,23.5,26,10.5,12
2.0,0.1,1.0,Washington,42.1,38,47,42.0,9.8,10.0,12,0.1,1.0,47.3,44.5,49.4,48.5,38.0,28.0,16.1,15.5,22,14.0,16
2.0,0.01,1.0,Kansas,42.1,39,52,39.0,45.8,45.0,51,0.0,0.0,49.9,49.5,52.7,52.0,28.0,28.0,32.4,32.0,38,15.1,19
ALL,ALL,ALL,Idaho,42.15277777777778,34,71,44.0,8.416666666666666,9.0,14,3.352777777777778,20.0,50.66388888888889,49.0,60.733333333333334,57.0,35.05833333333333,28.0,39.725,40.0,61,17.58888888888889,24
2.0,0.05,1.0,Missouri,42.2,40,43,43.0,70.7,70.0,76,0.0,0.0,44.0,44.0,46.6,48.0,57.5,72.5,18.4,18.0,23,9.3,12
2.0,0.05,2.0,Missouri,42.2,40,43,43.0,71.9,72.0,76,0.0,0.0,43.6,44.0,47.6,48.0,42.4,28.0,18.8,18.5,23,10.5,14
2.0,0.1,0.5,California,42.2,36,53,40.0,6.1,6.5,8,1.6,6.0,52.4,53.0,65.5,57.5,28.0,28.0,85.1,83.0,101,28.6,32
0.5,0.05,1.0,Missouri,42.3,40,43,43.0,53.6,54.0,56,0.0,0.0,43.7,44.0,47.2,48.0,45.7,28.0,18.2,19.0,23,5.2,8
0.5,0.05,2.0,Missouri,42.3,40,43,43.0,59.5,59.5,64,0.0,0.0,43.7,44.0,46.8,48.0,53.1,49.0,17.9,18.5,20,8.7,13
2.0,0.1,0.5,Wisconsin,42.3,41,46,41.0,40.5,41.0,45,0.0,0.0,45.9,46.0,46.9,47.0,38.0,28.0,87.4,88.0,102,24.5,28
2.0,0.05,1.0,California,42.3,36,58,40.0,6.0,6.0,8,1.2,4.0,51.4,55.0,84.6,65.0,28.0,28.0,88.7,86.5,106,28.4,30
0.5,0.1,0.5,Wisconsin,42.4,41,47,41.0,37.6,38.0,41,0.0,0.0,46.4,46.0,47.1,47.0,30.2,28.0,81.9,81.5,89,24.8,31
1.0,0.1,1.0,Wisconsin,42.4,41,46,41.0,38.8,39.0,42,0.0,0.0,46.0,46.0,46.7,47.0,35.0,28.0,91.2,91.5,103,25.9,29
1.0,0.25,1.0,Utah,42.5,38,45,44.0,15.0,15.0,16,0.0,0.0,45.3,45.0,47.6,46.0,28.0,28.0,14.8,15.0,18,2.0,3
1.0,0.01,0.5,South Dakota,42.5,38,55,41.0,35.9,36.0,38,0.0,0.0,47.2,45.0,52.7,52.0,103.1,108.0,7.6,8.0,10,4.0,6
1.0,0.1,2.0,Washington,42.5,42,47,42.0,9.9,10.0,12,0.1,1.0,48.5,47.0,52.5,55.5,35.4,28.0,17.5,17.0,21,13.9,16
1.0,0.05,0.5,Idaho,42.5,34,44,44.0,8.9,9.0,11,1.6,4.0,48.7,49.0,53.5,52.0,42.6,45.0,36.4,36.0,43,16.2,18
1.0,0.05,2.0,Idaho,42.5,34,44,44.0,9.0,9.0,13,2.0,4.0,49.1,51.0,53.4,52.0,34.8,28.0,43.1,43.5,46,18.7,21
2.0,0.05,1.0,Wisconsin,42.5,41,46,41.0,40.5,40.0,49,0.0,0.0,46.8,46.0,48.5,48.0,50.2,56.0,82.5,84.5,86,23.7,30
2.0,0.1,2.0,Wisconsin,42.5,41,46,41.0,39.4,38.5,44,0.0,0.0,45.9,46.0,46.9,47.0,43.6,50.0,86.1,84.5,97,25.5,28
2.0,0.01,0.5,Kansas,42.6,39,52,39.0,44.9,45.5,50,0.0,0.0,51.1,52.0,52.4,52.0,31.5,28.0,30.0,30.5,35,13.6,18
0.5,0.1,0.5,Utah,42.7,38,45,44.0,13.5,13.5,15,0.0,0.0,45.2,45.0,47.6,47.0,40.2,43.0,11.2,11.5,13,0.4,1
2.0,0.01,0.5,South Dakota,42.7,38,52,41.0,41.3,41.0,44,0.0,0.0,46.3,45.0,52.8,52.0,100.8,108.0,9.7,9.5,13,3.6,6
0.5,0.05,0.5,Missouri,42.8,42,43,43.0,44.2,44.5,48,0.0,0.0,43.8,44.0,48.3,48.0,66.4,78.0,11.3,11.5,17,3.1,5
2.0,0.25,2.0,Oregon,42.8,37,54,39.5,16.1,16.0,17,0.0,0.0,53.3,51.0,59.2,53.0,106.6,121.0,1.7,2.0,3,3.7,4
1.0,0.05,1.0,Illinois,42.8,36,54,41.5,55.3,54.5,61,0.0,0.0,52.2,52.0,58.1,57.0,69.6,69.0,13.8,14.5,17,5.4,8
0.5,0.05,1.0,Ohio,42.8,41,50,41.0,48.9,49.0,51,0.3,1.0,53.3,50.0,61.4,61.0,45.9,46.5,21.0,21.0,25,9.7,14
2.0,0.1,2.0,Tennessee,42.8,41,59,41.0,43.7,44.0,46,0.0,0.0,70.1,63.0,84.3,88.0,78.9,100.0,26.1,26.0,30,11.3,14
1.0,0.25,0.5,Ohio,42.8,41,50,41.0,53.1,53.5,55,0.3,1.0,47.0,47.0,50.9,52.0,46.2,44.0,29.7,30.5,34,13.2,18
2.0,0.1,2.0,Ohio,42.8,41,50,41.0,59.3,59.0,62,0.4,1.0,50.0,50.0,55.7,56.5,47.8,44.0,27.6,29.5,34,13.3,16
2.0,0.1,1.0,Wisconsin,42.8,41,46,41.0,38.9,39.0,43,0.0,0.0,45.9,46.0,47.2,47.0,53.3,53.0,85.9,85.0,93,25.9,29
0.5,0.1,1.0,Utah,42.9,38,45,44.5,13.9,14.0,15,0.0,0.0,45.6,45.5,49.1,47.0,28.0,28.0,14.3,13.5,17,1.6,2
1.0,0.01,1.0,Missouri,42.9,42,43,43.0,45.5,45.0,50,0.0,0.0,53.2,58.5,69.0,68.0,58.4,28.0,8.3,9.0,10,3.8,7
1.0,0.05,1.0,Missouri,42.9,42,43,43.0,63.0,63.5,70,0.0,0.0,43.9,44.0,49.3,48.0,33.0,28.0,17.4,16.5,22,8.9,13
ALL,ALL,ALL,Montana,42.922222222222224,33,221,33.0,10.66388888888889,11.0,18,0.0,0.0,94.34722222222223,82.0,112.84507042253522,84.0,87.90252707581227,49.0,1.5399361022364217,1.0,5,1.2166666666666666,5
0.5,0.01,1.0,Missouri,43.0,43,43,43.0,33.1,33.5,37,0.0,0.0,50.0,48.0,64.9,58.5,47.6,28.0,7.0,7.0,9,1.6,3
1.0,0.01,0.5,Missouri,43.0,43,43,43.0,35.7,35.0,42,0.0,0.0,51.4,50.5,63.6,60.0,54.5,28.0,7.8,8.0,10,2.7,5
1.0,0.01,2.0,Missouri,43.0,43,43,43.0,47.5,46.5,52,0.0,0.0,56.2,60.0,73.0,76.0,42.8,28.0,10.3,10.0,18,4.6,10
0.5,0.01,2.0,Missouri,43.0,43,43,43.0,41.1,40.5,45,0.0,0.0,56.0,57.0,64.0,59.0,50.2,28.0,9.2,9.0,16,4.6,8
2.0,0.01,0.5,Missouri,43.0,43,43,43.0,46.9,47.0,51,0.0,0.0,48.3,46.0,60.3,60.0,42.0,28.0,10.0,9.5,16,5.0,9
2.0,0.01,1.0,Missouri,43.0,43,43,43.0,51.3,51.5,55,0.0,0.0,53.1,57.0,60.4,60.0,57.4,28.0,11.5,11.5,14,5.6,10
2.0,0.01,2.0,Missouri,43.0,43,43,43.0,55.3,55.0,60,0.0,0.0,54.5,57.0,65.9,60.0,52.6,28.0,13.2,13.5,17,5.7,8
0.5,0.05,1.0,Idaho,43.0,39,44,44.0,9.5,10.0,12,2.4,6.0,49.6,49.0,53.8,52.0,36.5,36.5,36.1,36.5,43,16.0,19
1.0,0.05,1.0,Idaho,43.0,34,44,44.0,8.9,9.5,10,2.0,3.0,50.5,51.0,54.6,52.0,31.4,28.0,40.0,41.0,45,17.5,21
0.5,0.1,1.0,Wisconsin,43.0,41,46,41.0,37.6,38.0,39,0.0,0.0,46.2,46.0,47.4,47.0,38.9,28.0,82.2,80.0,89,25.0,29
1.0,0.1,0.5,Wisconsin,43.0,41,46,41.0,37.5,37.0,41,0.0,0.0,45.8,46.0,47.1,47.0,40.2,38.0,88.4,90.0,95,26.2,30
0.5,0.01,0.5,Missouri,43.1,43,44,43.0,25.9,26.5,29,0.0,0.0,54.9,57.0,66.1,60.0,89.0,102.0,4.3,5.0,6,1.0,3
2.0,0.25,0.5,Utah,43.1,38,45,44.0,15.4,15.0,16,0.0,0.0,44.5,45.0,46.5,47.0,28.0,28.0,14.1,13.5,17,1.9,3
0.5,0.25,1.0,Oregon,43.1,37,54,42.0,12.0,12.0,14,0.0,0.0,52.5,51.0,57.3,58.0,105.0,121.0,1.1,1.0,2,2.0,2
0.5,0.1,2.0,Utah,43.1,38,45,44.0,14.5,14.0,16,0.0,0.0,45.0,45.0,46.9,47.0,28.0,28.0,15.8,16.0,18,2.1,3
1.0,0.25,0.5,Oregon,43.1,37,54,39.5,12.2,12.0,15,0.0,0.0,54.3,51.0,58.7,57.0,113.8,121.0,1.9,2.0,2,2.4,4
1.0,0.25,2.0,Oregon,43.1,37,54,39.5,16.4,16.5,18,0.0,0.0,54.3,51.0,58.7,57.0,113.8,121.0,1.7,2.0,3,3.3,4
1.0,0.01,2.0,Arizona,43.1,38,58,38.0,5.5,5.5,9,1.3,4.0,83.6,66.0,148.4,135.0,32.2,28.0,13.8,13.0,19,4.9,7
2.0,0.01,1.0,South Dakota,43.1,38,54,40.5,40.0,40.0,42,0.0,0.0,47.3,42.5,51.6,52.0,89.3,81.0,11.9,11.5,17,5.8,8
0.5,0.05,0.5,Wisconsin,43.1,41,46,42.5,36.6,36.0,43,0.0,0.0,46.7,46.0,48.1,47.0,51.0,54.0,76.1,73.5,94,24.3,28
0.5,0.1,1.0,Tennessee,43.2,41,63,41.0,34.6,34.5,37,0.0,0.0,72.6,63.0,90.9,88.0,103.1,104.0,14.5,15.5,19,6.0,10
0.5,0.1,2.0,Tennessee,43.2,41,63,41.0,39.7,40.0,41,0.0,0.0,70.8,63.0,89.6,88.0,96.1,104.0,20.6,21.0,25,9.6,14
2.0,0.1,1.0,Tennessee,43.2,41,63,41.0,42.9,43.0,45,0.0,0.0,78.7,88.0,89.4,90.0,82.5,105.5,24.5,24.5,30,10.5,13
2.0,0.05,1.0,Washington,43.2,42,54,42.0,9.3,9.0,11,0.2,1.0,49.6,50.5,52.8,56.0,49.8,45.5,17.8,17.5,21,13.8,16
0.5,0.1,2.0,Michigan,43.2,38,54,40.0,38.1,38.5,41,0.2,1.0,51.2,51.0,56.4,58.0,53.8,57.5,19.3,19.5,22,19.5,24
1.0,0.1,0.5,California,43.2,36,57,40.0,5.6,5.5,9,1.7,7.0,51.1,51.5,73.1,65.0,28.0,28.0,81.1,79.5,100,27.4,30
1.0,0.01,2.0,South Dakota,43.3,39,52,41.0,40.1,39.5,43,0.0,0.0,48.1,48.5,53.9,53.0,95.1,98.5,12.5,12.0,16,4.9,7
0.5,0.1,1.0,Washington,43.3,38,54,42.0,8.1,8.0,11,0.0,0.0,46.2,47.0,50.7,54.0,45.4,28.0,14.8,15.5,19,13.3,16
1.0,0.05,1.0,Wisconsin,43.3,41,46,42.5,39.5,40.0,45,0.0,0.0,47.4,47.0,49.3,49.0,48.0,56.0,83.1,84.0,90,24.5,32
2.0,0.01,2.0,Kansas,43.4,39,52,39.0,45.4,46.0,48,0.0,0.0,49.2,48.0,52.8,52.0,28.0,28.0,38.7,38.5,43,16.4,20
2.0,0.01,2.0,South Dakota,43.5,38,52,41.0,42.1,42.5,44,0.0,0.0,46.8,45.0,50.7,52.0,97.3,98.0,12.8,13.5,18,5.3,9
0.5,0.05,1.0,Wisconsin,43.5,41,46,43.5,39.3,40.5,43,0.0,0.0,46.9,46.5,48.9,49.0,56.8,56.5,77.2,75.5,89,23.2,27
1.0,0.1,2.0,Wisconsin,43.5,41,46,43.5,40.3,39.5,48,0.0,0.0,46.3,46.5,47.8,48.0,33.7,28.0,89.6,88.5,103,24.5,29
1.0,0.1,1.0,Utah,43.7,38,45,44.0,14.7,15.0,15,0.0,0.0,45.4,45.0,47.4,47.0,28.0,28.0,15.9,16.0,17,2.3,3
2.0,0.1,1.0,Utah,43.7,38,45,44.0,14.6,15.0,15,0.0,0.0,45.5,45.0,48.4,47.0,28.0,28.0,14.0,14.0,16,2.5,3
2.0,0.25,2.0,Michigan,43.7,38,54,40.0,44.0,44.0,48,0.2,1.0,47.7,46.5,52.2,54.0,55.6,54.0,18.8,19.5,23,18.2,22
0.5,0.05,1.0,California,43.7,36,58,40.0,5.5,5.0,8,2.0,12.0,55.4,57.0,72.5,65.0,28.0,28.0,81.5,77.5,101,27.4,29
2.0,0.05,2.0,Wisconsin,43.8,41,51,42.5,39.7,40.0,44,0.0,0.0,46.9,46.5,49.1,49.0,49.1,54.0,82.9,83.5,90,24.4,30
0.5,0.1,0.5,Tennessee,43.9,41,70,41.0,26.2,26.5,31,0.0,0.0,77.6,88.0,89.8,93.0,103.5,107.0,9.6,9.0,13,4.4,6
1.0,0.1,1.0,Tennessee,43.9,41,70,41.0,39.1,39.0,40,0.0,0.0,82.6,88.0,91.9,93.0,80.6,105.5,21.6,20.0,35,10.5,13
0.5,0.05,2.0,Washington,43.9,42,56,42.0,8.8,9.0,10,0.2,1.0,50.2,47.0,55.4,57.0,53.1,59.5,16.5,16.5,22,14.0,15
0.5,0.1,1.0,Oklahoma,44.0,44,44,44.0,32.4,32.0,36,0.0,0.0,45.2,45.0,46.4,45.0,28.0,28.0,12.3,13.0,15,4.5,7
0.5,0.25,0.5,Oklahoma,44.0,44,44,44.0,30.7,30.5,34,0.0,0.0,44.6,45.0,45.4,45.0,50.0,50.0,8.0,8.0,10,5.6,7
0.5,0.25,1.0,Oklahoma,44.0,44,44,44.0,33.9,33.5,36,0.0,0.0,45.0,45.0,45.6,45.0,28.0,28.0,13.0,12.5,15,6.0,8
1.0,0.25,0.5,Oklahoma,44.0,44,44,44.0,38.1,38.0,40,0.0,0.0,44.8,45.0,45.9,45.5,28.0,28.0,15.0,15.0,18,6.0,8
0.5,0.25,2.0,Oklahoma,44.0,44,44,44.0,40.2,40.5,42,0.0,0.0,44.6,45.0,45.3,45.0,28.0,28.0,16.6,16.5,20,7.1,8
2.0,0.25,1.0,Oklahoma,44.0,44,44,44.0,45.3,45.5,47,0.0,0.0,44.9,45.0,45.4,45.0,28.0,28.0,25.4,26.0,28,8.2,10
2.0,0.25,0.5,Oklahoma,44.0,44,44,44.0,43.8,44.0,45,0.0,0.0,44.9,45.0,45.1,45.0,28.0,28.0,19.6,19.0,22,8.5,10
2.0,0.25,2.0,Oklahoma,44.0,44,44,44.0,44.6,45.0,47,0.0,0.0,44.9,45.0,45.4,45.0,28.0,28.0,28.2,28.0,31,9.4,12
1.0,0.25,1.0,Oklahoma,44.0,44,44,44.0,39.8,39.5,42,0.0,0.0,44.8,45.0,45.1,45.0,28.0,28.0,19.0,19.0,21,9.6,10
0.5,0.05,2.0,Ohio,44.0,41,50,41.0,57.9,58.0,62,0.7,2.0,55.3,54.0,61.7,61.0,57.8,46.5,23.2,24.0,30,9.8,16
1.0,0.1,2.0,Oklahoma,44.0,44,44,44.0,41.7,42.0,45,0.0,0.0,44.9,45.0,48.0,47.0,28.0,28.0,20.2,20.0,23,9.8,12
1.0,0.25,2.0,Oklahoma,44.0,44,44,44.0,43.1,43.5,46,0.0,0.0,44.8,45.0,45.3,45.0,28.0,28.0,21.8,21.5,27,10.1,11
0.5,0.1,0.5,Kentucky,44.0,44,44,44.0,27.1,27.0,28,0.0,0.0,58.8,58.0,62.1,62.0,69.2,68.5,12.8,13.0,18,11.3,14
1.0,0.1,0.5,Pennsylvania,44.0,44,44,44.0,44.4,44.0,47,0.1,1.0,53.0,53.0,54.4,53.0,70.5,68.0,20.0,19.5,25,11.9,14
1.0,0.25,0.5,Pennsylvania,44.0,44,44,44.0,45.5,46.0,48,0.5,1.0,52.4,53.0,53.0,53.0,64.8,66.0,21.9,21.0,30,12.1,13
2.0,0.25,0.5,Pennsylvania,44.0,44,44,44.0,46.9,46.5,50,0.5,1.0,51.8,53.0,53.2,53.0,62.1,64.5,24.5,23.5,32,12.3,15
1.0,0.05,0.5,Kentucky,44.0,44,44,44.0,33.4,34.0,38,0.0,0.0,60.9,62.0,62.5,62.5,91.9,98.5,17.4,17.5,21,12.6,15
1.0,0.1,0.5,Kentucky,44.0,44,44,44.0,38.3,39.0,43,0.0,0.0,59.2,58.0,62.1,62.0,44.9,28.0,18.9,18.5,26,12.6,16
0.5,0.25,0.5,Kentucky,44.0,44,44,44.0,29.7,30.0,34,0.0,0.0,58.0,58.0,61.8,62.0,64.0,64.0,12.4,12.5,16,13.0,16
0.5,0.1,1.0,Kentucky,44.0,44,44,44.0,33.0,34.0,35,0.0,0.0,59.6,58.0,62.2,62.0,70.6,68.5,15.1,16.0,18,13.2,16
1.0,0.25,2.0,Pennsylvania,44.0,44,44,44.0,45.8,46.5,50,0.4,1.0,52.1,53.0,52.8,53.0,66.7,68.0,21.5,22.0,25,13.4,19
2.0,0.25,2.0,Pennsylvania,44.0,44,44,44.0,45.1,45.5,50,0.5,1.0,51.2,53.0,53.2,53.0,55.3,64.5,25.0,24.5,32,14.4,18
0.5,0.25,2.0,Pennsylvania,44.0,44,44,44.0,43.3,43.0,47,0.4,1.0,50.9,53.0,52.2,53.0,57.8,57.5,28.7,26.5,39,14.6,20
0.5,0.25,0.5,Pennsylvania,44.0,44,44,44.0,41.6,40.5,45,0.7,1.0,51.8,53.0,53.4,53.0,61.4,66.0,20.9,22.0,24,14.6,17
0.5,0.25,1.0,Kentucky,44.0,44,44,44.0,35.9,36.0,39,0.0,0.0,58.0,58.0,61.7,62.0,64.0,64.0,16.4,16.0,20,15.3,18
1.0,0.1,1.0,Kentucky,44.0,44,44,44.0,43.2,43.0,46,0.0,0.0,58.4,58.0,62.0,62.0,28.0,28.0,25.2,25.0,29,15.5,19
1.0,0.25,0.5,Kentucky,44.0,44,44,44.0,40.2,40.5,44,0.0,0.0,58.0,58.0,61.9,62.0,35.2,28.0,21.5,22.0,24,15.7,18
2.0,0.1,0.5,Kentucky,44.0,44,44,44.0,43.6,44.0,47,0.0,0.0,59.2,58.0,62.2,62.0,28.0,28.0,22.0,22.0,26,16.1,21
1.0,0.05,2.0,Kentucky,44.0,44,44,44.0,40.0,40.5,42,0.0,0.0,61.3,62.0,65.1,63.0,41.2,28.0,23.6,23.5,26,16.2,19
1.0,0.25,1.0,Kentucky,44.0,44,44,44.0,45.5,46.0,49,0.0,0.0,58.0,58.0,61.9,62.0,28.0,28.0,23.6,23.5,26,16.4,21
1.0,0.25,2.0,Kentucky,44.0,44,44,44.0,45.8,46.0,49,0.0,0.0,58.0,58.0,61.6,62.0,28.0,28.0,23.9,24.0,26,16.6,19
0.5,0.1,2.0,Kentucky,44.0,44,44,44.0,41.9,42.5,45,0.0,0.0,58.8,58.0,62.0,62.0,39.7,28.0,23.8,23.0,30,16.8,20
2.0,0.25,2.0,Kentucky,44.0,44,44,44.0,48.8,49.0,51,0.0,0.0,58.0,58.0,61.3,61.0,28.0,28.0,24.0,23.5,29,16.9,19
2.0,0.1,2.0,Kentucky,44.0,44,44,44.0,45.5,45.0,49,0.0,0.0,58.8,58.0,62.1,62.0,31.6,28.0,23.5,24.5,28,16.9,19
2.0,0.25,0.5,Kentucky,44.0,44,44,44.0,43.9,43.5,49,0.0,0.0,58.0,58.0,61.9,62.0,28.0,28.0,25.1,25.0,27,17.8,21
0.5,0.25,2.0,Kentucky,44.0,44,44,44.0,43.6,43.0,46,0.0,0.0,58.0,58.0,61.8,62.0,28.0,28.0,25.5,25.5,29,17.9,21
2.0,0.1,1.0,Kentucky,44.0,44,44,44.0,43.8,44.5,47,0.0,0.0,60.0,60.0,62.5,62.5,28.0,28.0,23.9,24.0,27,18.2,23
2.0,0.25,1.0,Kentucky,44.0,44,44,44.0,45.3,45.0,50,0.0,0.0,58.4,58.0,61.8,62.0,28.0,28.0,24.0,24.0,28,19.0,22
1.0,0.25,1.0,Indiana,44.0,44,44,44.0,55.4,55.5,60,0.0,0.0,46.0,46.0,47.0,47.0,56.6,60.0,31.6,32.0,35,19.9,24
2.0,0.05,0.5,Wisconsin,44.0,41,46,46.0,37.5,37.0,41,0.0,0.0,47.2,47.0,48.5,49.0,47.8,56.0,83.9,83.0,95,26.6,29
2.0,0.1,1.0,Oklahoma,44.1,44,45,44.0,44.8,45.0,50,0.0,0.0,45.3,45.0,46.8,46.5,28.0,28.0,23.4,24.0,29,7.6,10
2.0,0.1,0.5,Oklahoma,44.1,44,45,44.0,43.1,43.0,46,0.0,0.0,45.3,45.0,46.9,46.5,28.0,28.0,18.5,19.0,24,7.6,10
1.0,0.1,1.0,Oklahoma,44.1,44,45,44.0,39.1,39.0,42,0.0,0.0,45.9,45.0,48.4,49.0,28.0,28.0,15.3,16.0,19,8.4,10
2.0,0.1,2.0,Utah,44.2,38,45,45.0,14.4,14.0,15,0.0,0.0,46.2,47.0,50.2,53.0,28.0,28.0,14.2,14.0,16,2.6,3
2.0,0.05,0.5,Utah,44.2,38,45,45.0,13.7,13.0,15,0.0,0.0,46.5,47.0,53.3,53.0,28.0,28.0,14.3,14.0,19,2.7,4
0.5,0.1,0.5,Oklahoma,44.2,44,45,44.0,26.9,27.0,29,0.0,0.0,45.6,45.0,46.6,46.0,41.4,48.0,7.4,8.0,11,3.7,6
0.5,0.1,0.5,Ohio,44.2,41,55,41.0,48.8,49.0,54,0.4,1.0,50.4,50.0,54.5,54.5,39.2,28.0,17.2,18.0,22,8.3,11
0.5,0.25,2.0,Nebraska,44.2,40,47,47.0,28.0,28.0,30,0.0,0.0,50.2,52.0,54.7,54.0,90.0,90.0,3.9,4.0,5,10.7,12
0.5,0.25,0.5,Indiana,44.2,44,46,44.0,48.7,49.0,53,0.0,0.0,46.1,46.0,47.2,47.0,53.4,60.0,24.0,24.5,29,18.1,21
2.0,0.25,2.0,Indiana,44.2,44,46,44.0,57.7,57.5,61,0.0,0.0,46.1,46.0,47.2,47.0,52.2,60.0,36.6,37.0,43,20.2,24
2.0,0.25,0.5,Oregon,44.3,37,54,42.0,15.9,16.0,17,0.0,0.0,53.3,51.0,58.4,62.0,92.2,121.0,1.8,2.0,3,3.3,4
1.0,0.1,0.5,Oklahoma,44.3,44,47,44.0,35.2,35.5,37,0.0,0.0,45.6,45.0,47.6,47.0,28.0,28.0,13.5,14.0,19,4.9,8
2.0,0.05,0.5,Oklahoma,44.3,44,45,44.0,41.4,42.0,44,0.0,0.0,46.9,47.0,51.1,51.0,28.0,28.0,16.2,15.0,22,6.9,8
2.0,0.25,1.0,Pennsylvania,44.3,44,47,44.0,44.1,44.0,48,0.4,2.0,51.0,53.0,53.0,53.0,54.7,63.0,25.2,24.0,34,14.7,18
2.0,0.05,2.0,Idaho,44.3,39,52,44.0,9.2,9.0,12,1.9,3.0,50.6,51.0,53.3,52.0,44.5,45.0,38.4,38.0,41,20.0,22
1.0,0.05,0.5,California,44.3,36,57,40.0,5.8,5.5,8,0.9,5.0,55.8,57.0,69.1,65.0,28.0,28.0,79.9,78.0,95,27.4,29
0.5,0.05,1.0,Washington,44.4,42,56,42.0,7.9,8.0,10,0.4,2.0,53.4,55.0,57.6,57.0,51.6,42.0,15.7,15.5,19,12.5,16
1.0,0.05,0.5,Washington,44.4,42,56,42.0,7.1,7.0,8,0.4,1.0,52.5,55.0,58.7,57.0,58.3,65.5,13.8,14.0,18,13.5,15
0.5,0.25,1.0,Indiana,44.4,44,46,44.0,52.5,52.0,55,0.0,0.0,46.2,46.0,47.4,47.0,54.9,60.0,28.5,28.5,33,18.4,21
0.5,0.1,2.0,Oklahoma,44.5,44,47,44.0,38.1,38.5,41,0.0,0.0,45.9,45.5,47.1,47.0,28.0,28.0,15.6,15.0,21,6.8,8
2.0,0.05,1.0,Oklahoma,44.5,44,47,44.0,43.1,43.0,45,0.0,0.0,47.6,47.0,51.8,51.0,28.0,28.0,19.2,19.0,23,7.0,9
2.0,0.1,2.0,Oklahoma,44.5,44,47,44.0,44.4,45.0,47,0.0,0.0,47.0,47.0,48.9,49.0,28.0,28.0,26.2,26.0,29,8.0,10
0.5,0.1,1.0,Ohio,44.5,41,58,41.0,52.2,52.0,55,0.6,1.0,51.2,50.0,58.0,59.0,52.2,46.0,22.6,22.5,27,10.1,14
1.0,0.1,1.0,Ohio,44.5,41,55,41.0,59.4,59.5,63,0.4,1.0,51.5,50.0,57.8,60.0,53.9,48.5,25.4,25.0,30,11.3,14
0.5,0.1,2.0,Wisconsin,44.5,41,46,46.0,39.6,39.5,44,0.0,0.0,46.6,47.0,48.0,48.0,39.9,38.0,89.9,89.5,98,24.8,28
1.0,0.1,0.5,Utah,44.6,44,45,45.0,14.3,14.0,15,0.0,0.0,45.7,45.0,48.6,47.0,28.0,28.0,13.4,13.0,17,1.6,2
0.5,0.1,0.5,Oregon,44.6,37,54,42.0,7.1,7.0,10,0.0,0.0,54.3,51.0,62.3,62.5,90.25,95.5,1.3,1.0,3,1.8,2
2.0,0.05,1.0,Utah,44.6,44,45,45.0,13.9,14.0,15,0.0,0.0,46.1,46.5,50.2,50.0,28.0,28.0,13.9,13.0,19,2.7,3
2.0,0.05,2.0,Illinois,44.6,36,57,47.0,57.4,58.0,60,0.0,0.0,53.6,53.0,59.1,59.5,68.8,69.0,18.0,16.5,26,6.5,9
1.0,0.1,2.0,Ohio,44.6,41,59,42.5,58.6,58.5,63,0.4,1.0,52.2,50.0,59.7,58.5,58.7,54.0,27.0,27.0,35,12.9,18
0.5,0.25,2.0,Indiana,44.6,44,46,44.0,55.9,56.0,58,0.0,0.0,46.3,46.0,47.8,47.0,47.2,59.0,31.8,31.5,37,18.6,22
1.0,0.1,2.0,Utah,44.7,44,45,45.0,14.4,14.5,15,0.0,0.0,45.9,45.5,49.2,47.0,28.0,28.0,14.5,14.0,18,2.6,3
1.0,0.05,0.5,Oklahoma,44.7,44,47,44.5,33.3,32.0,36,0.0,0.0,47.4,47.0,49.9,48.0,28.0,28.0,12.8,13.0,16,4.0,6
1.0,0.05,2.0,Oklahoma,44.7,44,47,44.0,41.2,41.0,44,0.0,0.0,46.6,45.0,50.2,50.0,28.0,28.0,19.1,19.0,24,8.6,11
2.0,0.05,0.5,Washington,44.7,38,56,42.0,9.2,9.0,11,0.2,1.0,50.9,50.5,54.9,57.0,47.3,28.0,17.6,17.5,21,13.9,16
2.0,0.25,1.0,Indiana,44.7,44,49,44.0,55.7,56.0,59,0.0,0.0,47.0,46.0,48.1,47.0,53.4,60.0,34.6,35.5,38,20.6,25
0.5,0.05,1.0,Utah,44.8,44,45,45.0,13.0,13.0,14,0.0,0.0,46.6,47.0,51.2,53.0,28.0,28.0,13.8,13.5,16,1.4,3
1.0,0.05,1.0,Utah,44.8,44,45,45.0,14.0,14.0,15,0.0,0.0,46.5,47.0,52.4,53.0,33.0,28.0,13.5,13.0,17,2.7,3
0.5,0.05,1.0,Oklahoma,44.8,44,47,44.0,29.8,30.0,32,0.0,0.0,46.6,45.0,49.8,49.0,28.0,28.0,10.6,10.0,14,3.9,5
1.0,0.25,1.0,Michigan,44.8,39,54,41.0,42.5,42.0,48,0.1,1.0,51.7,51.0,53.8,54.0,56.8,58.0,18.2,17.5,22,18.0,23
0.5,0.05,2.0,Utah,44.9,44,45,45.0,14.4,14.5,15,0.0,0.0,46.8,47.0,54.7,53.0,28.0,28.0,13.7,14.0,16,2.1,3
1.0,0.05,2.0,Utah,44.9,44,45,45.0,14.2,14.0,16,0.0,0.0,46.6,47.0,53.3,53.0,28.0,28.0,14.6,15.0,16,2.6,3
2.0,0.1,0.5,Utah,44.9,44,45,45.0,14.1,14.0,15,0.0,0.0,46.4,47.0,52.1,53.0,28.0,28.0,14.0,14.0,16,2.8,3
2.0,0.1,1.0,Pennsylvania,44.9,44,53,44.0,47.5,48.0,52,0.4,1.0,53.1,53.0,55.1,53.5,60.5,68.0,22.0,23.0,29,11.1,15
1.0,0.1,0.5,Nebraska,44.9,40,47,47.0,25.8,26.0,29,0.0,0.0,52.2,52.0,56.1,54.0,123.3,90.0,3.3,3.0,4,11.1,13
2.0,0.1,1.0,Nebraska,44.9,40,47,47.0,30.1,29.0,35,0.0,0.0,50.7,52.0,58.3,54.0,124.3,90.0,3.4,3.5,5,11.3,13
1.0,0.25,1.0,Pennsylvania,44.9,44,53,44.0,45.8,45.5,49,0.5,1.0,52.4,53.0,53.5,53.0,68.7,68.0,24.6,25.5,27,12.9,16
0.5,0.25,1.0,Pennsylvania,44.9,44,53,44.0,43.4,43.0,46,0.4,1.0,51.8,53.0,53.3,53.0,61.0,66.0,26.2,25.5,32,13.8,16
ALL,ALL,ALL,Illinois,44.95,36,82,36.0,52.81111111111111,55.0,68,0.0,0.0,54.97222222222222,47.0,59.92777777777778,55.0,71.63888888888889,69.0,13.505555555555556,14.0,26,4.647222222222222,11
ALL,ALL,ALL,Oklahoma,44.958333333333336,44,67,44.0,35.352777777777774,37.0,50,0.0,0.0,48.227777777777774,45.0,51.88333333333333,48.5,32.43333333333333,28.0,15.061111111111112,15.0,35,6.052777777777778,12
0.5,0.25,1.0,Nevada,45.0,39,59,39.0,5.0,5.0,5,0.0,0.0,61.1,59.0,88.0,88.0,109.0,109.0,1.0,1.0,1,0.0,0
0.5,0.25,0.5,North Dakota,45.0,45,45,45.0,12.7,13.0,14,0.0,0.0,53.0,53.0,54.1,54.0,54.0,52.0,4.5,5.0,6,1.6,2
1.0,0.05,0.5,Utah,45.0,45,45,45.0,13.3,13.5,15,0.0,0.0,46.7,47.0,53.0,53.0,34.4,28.0,12.6,13.0,17,1.9,4
2.0,0.05,2.0,Utah,45.0,44,47,45.0,13.7,13.5,16,0.0,0.0,48.4,47.0,54.5,53.0,28.0,28.0,15.1,15.0,18,3.0,4
1.0,0.25,1.0,Oregon,45.0,37,54,42.0,14.7,15.0,16,0.0,0.0,54.4,51.0,58.9,58.0,116.9,121.0,1.3,1.0,2,3.2,4
0.5,0.25,2.0,North Dakota,45.0,45,45,45.0,16.5,16.0,18,0.0,0.0,53.0,53.0,54.2,54.0,53.0,52.0,9.5,9.0,12,4.2,5
1.0,0.05,0.5,Wisconsin,45.0,41,46,46.0,38.1,38.0,42,0.0,0.0,47.8,47.0,50.2,49.0,53.8,57.0,81.5,83.0,92,25.1,29
2.0,0.25,0.5,Indiana,45.1,44,49,44.0,54.6,55.0,56,0.0,0.0,46.7,46.0,48.4,47.0,47.4,59.0,32.7,32.0,36,20.8,23
1.0,0.05,2.0,Wisconsin,45.1,41,47,46.0,39.1,39.5,43,0.0,0.0,47.5,47.0,49.1,49.0,42.5,40.5,85.5,87.0,92,24.4,28
2.0,0.05,1.0,Ohio,45.2,41,65,41.0,58.9,58.0,63,0.7,2.0,54.7,50.0,62.1,61.0,55.3,48.0,25.2,26.5,30,11.4,14
1.0,0.05,1.0,Oklahoma,45.3,44,47,44.5,38.2,37.5,42,0.0,0.0,48.2,48.0,53.1,51.0,28.0,28.0,15.0,16.0,18,7.2,12
2.0,0.05,2.0,Oklahoma,45.3,44,47,45.0,43.6,43.0,47,0.0,0.0,46.5,47.0,48.5,48.0,28.0,28.0,26.8,26.0,35,8.2,11
1.0,0.25,2.0,Indiana,45.3,44,50,44.0,55.5,56.0,59,0.0,0.0,47.6,46.0,49.1,47.0,57.9,60.0,34.7,35.0,40,20.2,26
0.5,0.05,0.5,Utah,45.4,45,47,45.0,11.7,11.5,14,0.0,0.0,50.5,47.0,55.9,53.0,28.0,28.0,11.6,11.5,13,1.5,2
1.0,0.05,2.0,Illinois,45.4,36,57,47.0,56.9,57.5,62,0.0,0.0,53.4,54.0,58.2,57.0,68.4,69.0,16.2,16.0,19,6.6,8
1.0,0.05,1.0,Kentucky,45.4,44,58,44.0,38.3,39.0,42,0.0,0.0,62.0,62.0,62.8,63.0,28.0,28.0,21.9,21.5,29,16.1,21
ALL,ALL,ALL,Utah,45.43055555555556,38,78,45.0,13.541666666666666,14.0,17,0.002777777777777778,1.0,50.28333333333333,47.0,55.83611111111111,53.0,32.74722222222222,28.0,13.008333333333333,13.0,19,2.061111111111111,6
ALL,ALL,ALL,Wisconsin,45.44166666666667,41,77,44.0,38.23888888888889,38.0,49,0.025,2.0,49.42777777777778,46.0,51.68888888888889,47.0,46.44722222222222,50.0,82.43055555555556,84.0,107,25.108333333333334,32
0.5,0.1,2.0,Oregon,45.5,37,54,42.0,13.4,13.0,15,0.0,0.0,54.5,51.0,62.4,62.0,99.4,112.0,1.9,2.0,4,3.8,5
1.0,0.05,2.0,Ohio,45.5,41,50,45.5,57.9,57.0,63,0.1,1.0,55.9,58.0,61.1,61.0,61.1,59.5,23.5,23.0,33,11.6,15
1.0,0.01,2.0,Florida,45.5,31,85,31.0,14.7,14.5,18,0.4,2.0,83.1,84.0,92.1,87.0,43.1,28.0,26.9,27.5,32,18.1,21
0.5,0.05,2.0,Oklahoma,45.6,44,47,46.0,35.6,36.0,38,0.0,0.0,48.4,48.0,52.2,51.0,28.0,28.0,12.9,12.5,16,5.5,7
0.5,0.25,0.5,Nebraska,45.6,40,47,47.0,12.6,12.5,15,0.0,0.0,51.0,52.0,53.6,54.0,90.0,90.0,1.3,1.0,2,6.9,8
2.0,0.05,1.0,Nebraska,45.6,40,47,47.0,30.5,30.5,33,0.0,0.0,58.0,53.0,69.4,70.5,184.2,211.0,3.3,3.0,5,9.1,11
0.5,0.25,1.0,Nebraska,45.6,40,47,47.0,18.9,19.5,21,0.0,0.0,51.2,52.0,55.1,54.0,90.0,90.0,2.6,3.0,3,10.4,12
1.0,0.1,2.0,Nebraska,45.6,40,47,47.0,30.2,30.5,33,0.0,0.0,53.7,54.0,64.0,69.0,113.2,90.0,4.2,4.0,5,10.5,13
0.5,0.1,2.0,Nebraska,45.6,40,47,47.0,27.4,27.0,29,0.0,0.0,53.3,52.0,59.9,54.0,128.0,90.0,3.5,3.5,5,10.8,13
2.0,0.25,1.0,Nebraska,45.6,40,47,47.0,30.6,30.0,34,0.0,0.0,51.0,52.0,53.6,54.0,101.1,90.0,3.8,4.0,5,11.0,12
1.0,0.25,1.0,Nebraska,45.6,40,47,47.0,28.6,28.5,31,0.0,0.0,51.0,52.0,53.6,54.0,90.0,90.0,3.9,4.0,5,11.5,13
2.0,0.25,2.0,Nebraska,45.6,40,47,47.0,33.5,33.5,36,0.0,0.0,51.4,52.0,56.6,54.0,90.0,90.0,4.0,4.0,5,11.9,14
2.0,0.1,1.0,Michigan,45.6,38,58,40.0,40.9,40.5,46,0.1,1.0,53.9,52.5,57.1,58.0,64.2,61.0,19.5,18.5,26,19.4,22
0.5,0.05,0.5,Oklahoma,45.7,44,47,46.0,23.8,24.0,27,0.0,0.0,48.2,48.0,51.6,51.0,60.6,57.5,5.0,4.5,10,2.3,3
1.0,0.05,2.0,Tennessee,45.7,41,88,41.0,39.6,39.0,42,0.0,0.0,81.3,88.0,91.4,93.0,97.8,107.0,21.8,22.5,28,11.4,15
1.0,0.25,0.5,Indiana,45.7,44,49,44.0,53.2,53.0,56,0.0,0.0,47.7,46.0,49.7,47.0,47.2,60.0,29.4,30.0,34,18.4,21
0.5,0.05,0.5,Illinois,45.8,36,58,47.0,41.1,41.0,45,0.0,0.0,53.6,52.0,60.4,62.0,63.7,69.0,6.0,5.0,11,1.0,2
0.5,0.1,0.5,Pennsylvania,45.8,44,53,44.0,43.0,43.0,46,0.4,1.0,53.0,53.0,55.7,54.5,73.0,68.0,18.3,18.5,21,10.9,14
2.0,0.1,0.5,Pennsylvania,45.8,44,53,44.0,46.6,47.0,51,0.2,1.0,53.6,53.0,54.8,53.0,65.8,70.5,21.5,21.5,24,11.1,14
2.0,0.05,2.0,Kentucky,45.8,44,62,44.0,40.6,41.0,45,0.0,0.0,61.3,62.0,65.3,63.0,28.0,28.0,23.4,23.5,26,17.3,22
1.0,0.1,2.0,Kentucky,45.8,44,62,44.0,42.2,42.5,46,0.0,0.0,59.3,58.0,62.2,62.0,28.0,28.0,24.1,25.0,28,17.3,20
2.0,0.01,0.5,Arizona,45.9,37,58,38.0,5.9,5.5,8,1.4,4.0,95.4,71.5,153.6,166.0,28.0,28.0,11.8,12.0,15,4.6,7
0.5,0.1,2.0,Indiana,45.9,44,57,44.0,52.0,52.0,59,0.0,0.0,47.7,46.0,50.8,49.5,58.6,62.0,29.0,29.5,33,18.4,22
0.5,0.25,1.0,Wyoming,46.0,46,46,46.0,11.0,11.0,12,0.0,0.0,53.4,57.0,59.6,57.0,101.0,101.0,1.0,1.0,1,0.0,0
1.0,0.25,0.5,Wyoming,46.0,46,46,46.0,11.3,11.0,12,0.0,0.0,52.5,52.5,59.6,57.0,101.0,101.0,1.0,1.0,1,0.0,0
1.0,0.25,2.0,Wyoming,46.0,46,46,46.0,12.0,12.0,12,0.0,0.0,52.5,52.5,60.5,57.0,101.0,101.0,2.0,2.0,2,0.0,0
2.0,0.25,1.0,Wyoming,46.0,46,46,46.0,12.0,12.0,12,0.0,0.0,51.6,48.0,58.8,57.0,101.0,101.0,2.1,2.0,3,0.0,0
0.5,0.25,2.0,Wyoming,46.0,46,46,46.0,12.0,12.0,12,0.0,0.0,49.8,48.0,57.0,57.0,101.0,101.0,1.0,1.0,1,0.0,0
0.5,0.25,0.5,Wyoming,46.0,46,46,46.0,9.5,9.5,10,0.0,0.0,52.5,52.5,57.0,57.0,101.0,101.0,1.0,1.0,1,0.0,0
1.0,0.25,1.0,Wyoming,46.0,46,46,46.0,12.0,12.0,12,0.0,0.0,54.3,57.0,59.0,57.0,101.0,101.0,1.0,1.0,1,0.0,0
2.0,0.25,2.0,Wyoming,46.0,46,46,46.0,12.0,12.0,12,0.0,0.0,52.5,52.5,59.4,57.0,101.0,101.0,2.1,2.0,3,0.0,0
2.0,0.25,0.5,Wyoming,46.0,46,46,46.0,12.0,12.0,12,0.0,0.0,55.2,57.0,57.0,57.0,101.0,101.0,2.1,2.0,3,0.0,0
0.5,0.1,2.0,Wyoming,46.0,46,46,46.0,11.7,12.0,12,0.0,0.0,55.2,57.0,60.4,57.0,96.0,101.0,1.5,1.0,4,0.0,0
2.0,0.05,1.0,Wyoming,46.0,46,46,46.0,11.8,12.0,12,0.0,0.0,58.5,57.5,68.7,72.0,81.0,101.0,2.7,3.0,3,0.1,1
2.0,0.1,1.0,Wyoming,46.0,46,46,46.0,11.9,12.0,12,0.0,0.0,56.1,57.0,64.5,62.5,91.0,101.0,2.5,2.5,3,0.1,1
1.0,0.1,0.5,Wyoming,46.0,46,46,46.0,10.3,10.0,11,0.0,0.0,57.0,57.0,64.8,66.0,81.0,101.0,1.4,1.0,2,0.1,1
1.0,0.1,2.0,Wyoming,46.0,46,46,46.0,11.9,12.0,12,0.0,0.0,57.0,57.0,64.9,68.0,96.0,101.0,2.1,2.0,3,0.1,1
2.0,0.1,0.5,Wyoming,46.0,46,46,46.0,11.9,12.0,12,0.0,0.0,57.0,57.0,67.9,68.0,81.0,101.0,2.8,3.0,4,0.1,1
1.0,0.1,1.0,Wyoming,46.0,46,46,46.0,11.9,12.0,12,0.0,0.0,55.2,57.0,61.5,57.0,91.0,101.0,1.6,1.5,3,0.1,1
1.0,0.05,0.5,Wyoming,46.0,46,46,46.0,10.1,10.0,11,0.0,0.0,58.1,57.0,71.1,72.0,84.33333333333333,101.0,1.3333333333333333,1.0,2,0.2,1
0.5,0.05,1.0,Wyoming,46.0,46,46,46.0,9.1,9.5,10,0.0,0.0,59.3,57.0,69.3,72.0,89.88888888888889,101.0,1.3,1.0,3,0.2,1
2.0,0.05,0.5,Wyoming,46.0,46,46,46.0,11.6,12.0,12,0.0,0.0,58.4,57.0,69.8,72.0,81.0,101.0,2.7,3.0,4,0.2,1
0.5,0.1,1.0,Wyoming,46.0,46,46,46.0,10.4,11.0,12,0.0,0.0,56.1,57.0,64.6,67.0,91.0,101.0,1.2,1.0,2,0.2,1
2.0,0.1,2.0,Wyoming,46.0,46,46,46.0,11.8,12.0,12,0.0,0.0,56.3,57.0,69.0,72.0,91.0,101.0,2.3,2.0,3,0.2,1
0.5,0.05,0.5,Wyoming,46.0,46,46,46.0,8.0,8.0,10,0.0,0.0,59.3,57.0,72.1,74.0,73.22222222222223,51.0,1.3,1.0,2,0.3,1
0.5,0.05,2.0,Wyoming,46.0,46,46,46.0,11.2,11.0,12,0.0,0.0,58.2,57.0,68.8,70.0,88.5,101.0,2.125,2.0,3,0.3,1
2.0,0.05,2.0,Wyoming,46.0,46,46,46.0,11.3,11.5,12,0.0,0.0,57.2,57.0,71.3,74.0,82.6,51.0,2.8,3.0,5,0.3,1
0.5,0.1,0.5,Wyoming,46.0,46,46,46.0,8.7,9.0,10,0.0,0.0,55.2,57.0,61.3,57.0,101.0,101.0,1.0,1.0,1,0.3,1
1.0,0.05,2.0,Wyoming,46.0,46,46,46.0,11.6,12.0,12,0.0,0.0,58.3,57.0,69.4,72.0,76.0,76.0,3.0,3.0,4,0.4,1
0.5,0.01,0.5,Wyoming,46.0,46,46,46.0,5.1,5.0,7,0.0,0.0,65.8,68.0,76.9,76.0,76.0,76.0,0.7,1.0,2,0.5,1
1.0,0.05,1.0,Wyoming,46.0,46,46,46.0,10.8,11.0,12,0.0,0.0,59.5,57.5,70.8,70.0,81.0,101.0,1.5,1.5,2,0.7,1
1.0,0.01,1.0,Wyoming,46.0,46,46,46.0,9.9,10.0,12,0.0,0.0,70.2,68.0,90.8,79.0,112.1,120.0,1.8,2.0,3,0.7,1
0.5,0.01,0.5,Oklahoma,46.0,44,47,47.0,15.6,15.0,20,0.0,0.0,51.3,51.0,58.3,59.5,56.1,28.0,3.2,3.0,6,0.8,3
2.0,0.01,1.0,Idaho,46.0,34,55,44.0,9.0,9.5,12,3.5,15.0,73.0,61.0,89.7,77.0,29.7,28.0,34.4,35.0,40,16.8,21
0.5,0.05,2.0,Wisconsin,46.0,46,46,46.0,38.6,39.0,41,0.0,0.0,47.3,47.0,49.7,49.0,49.3,54.0,87.0,88.0,98,25.1,30
0.5,0.05,2.0,California,46.0,36,57,40.0,5.7,6.0,7,0.8,4.0,53.7,57.5,70.1,65.0,28.0,28.0,87.6,83.5,111,28.5,32
2.0,0.01,1.0,Oklahoma,46.1,44,47,47.0,32.3,32.0,37,0.0,0.0,55.4,51.0,67.1,63.5,28.0,28.0,13.0,13.0,19,5.3,12
1.0,0.01,2.0,Oklahoma,46.2,44,47,47.0,31.9,31.5,36,0.0,0.0,55.6,51.0,65.1,64.5,28.0,28.0,11.7,12.0,16,5.5,8
0.5,0.01,0.5,Idaho,46.2,44,52,44.0,4.6,4.0,8,3.2,10.0,58.6,57.5,84.6,63.5,46.0,45.0,23.1,23.0,28,13.5,15
2.0,0.1,0.5,Indiana,46.2,44,55,45.0,50.4,51.0,55,0.0,0.0,48.4,46.5,50.2,48.0,64.9,61.0,31.8,31.5,37,21.4,27
1.0,0.01,0.5,Oklahoma,46.3,44,47,47.0,21.8,22.0,25,0.0,0.0,56.4,51.0,62.8,60.0,36.6,28.0,7.2,7.0,11,2.8,5
0.5,0.05,0.5,Nebraska,46.3,40,47,47.0,11.3,11.5,12,0.0,0.0,57.4,54.0,68.5,69.0,90.0,90.0,0.4,0.0,1,6.6,8
0.5,0.1,0.5,Nebraska,46.3,40,47,47.0,12.0,12.0,13,0.0,0.0,53.4,52.0,58.6,54.0,90.0,90.0,0.8,1.0,1,6.7,8
1.0,0.1,1.0,Nebraska,46.3,40,47,47.0,29.7,29.5,31,0.0,0.0,52.3,52.0,60.0,54.0,114.2,90.0,3.8,4.0,6,9.8,11
1.0,0.25,0.5,Nebraska,46.3,40,47,47.0,26.3,26.5,29,0.0,0.0,51.5,52.0,53.8,54.0,90.0,90.0,3.4,3.0,5,10.5,12
2.0,0.1,0.5,Nebraska,46.3,40,47,47.0,28.4,29.0,29,0.0,0.0,52.3,52.0,59.8,54.0,125.3,90.0,4.0,4.0,6,11.2,13
1.0,0.25,2.0,Nebraska,46.3,40,47,47.0,29.9,30.0,31,0.0,0.0,51.5,52.0,53.8,54.0,90.0,90.0,3.7,4.0,5,11.4,12
2.0,0.01,0.5,Florida,46.4,31,82,31.0,14.7,15.0,18,0.1,1.0,69.5,70.0,83.0,83.0,42.3,28.0,22.1,22.0,29,17.1,22
1.0,0.01,1.0,Oklahoma,46.5,44,49,47.0,27.3,27.0,30,0.0,0.0,58.4,59.0,65.7,60.5,34.4,28.0,10.6,10.0,17,2.8,4
0.5,0.25,1.0,North Dakota,46.6,45,53,45.0,13.4,13.0,15,0.0,0.0,53.2,53.0,54.3,54.0,53.5,52.0,6.4,6.5,9,1.7,3
2.0,0.01,0.5,Oklahoma,46.6,45,47,47.0,30.7,31.0,35,0.0,0.0,52.3,51.0,63.8,62.0,35.2,28.0,11.1,11.0,14,3.9,6
2.0,0.25,0.5,North Dakota,46.6,45,53,45.0,17.3,17.0,20,0.0,0.0,53.2,53.0,54.3,54.0,54.0,52.0,16.1,16.0,21,5.1,6
2.0,0.25,1.0,North Dakota,46.6,45,53,45.0,17.0,17.0,19,0.0,0.0,53.2,53.0,54.8,54.0,31.9,28.0,15.7,15.5,19,6.2,9
2.0,0.25,2.0,North Dakota,46.6,45,53,45.0,16.8,17.0,18,0.0,0.0,53.2,53.0,54.2,54.0,28.0,28.0,17.4,17.0,20,6.9,8
2.0,0.1,1.0,Ohio,46.6,41,58,47.0,62.4,63.0,66,0.4,1.0,53.4,52.0,58.2,59.0,57.1,61.0,25.8,27.0,32,10.2,15
0.5,0.01,2.0,Oklahoma,46.7,44,47,47.0,26.6,26.0,31,0.0,0.0,54.4,51.0,62.7,59.0,28.0,28.0,7.2,7.5,9,2.1,4
2.0,0.1,2.0,Pennsylvania,46.7,44,53,44.0,47.7,47.5,50,0.1,1.0,53.5,53.0,56.2,57.0,65.5,68.0,23.1,22.5,33,11.0,14
ALL,ALL,ALL,California,46.78333333333333,36,76,40.0,5.013888888888889,5.0,9,4.861111111111111,26.0,61.94722222222222,57.0,89.08498583569406,65.0,28.0,28.0,83.31944444444444,83.0,112,28.333333333333332,33
0.5,0.1,0.5,Michigan,46.8,38,58,46.0,32.8,32.0,41,0.2,1.0,54.3,56.0,57.8,58.5,60.7,61.5,14.4,14.5,18,16.2,20
2.0,0.05,0.5,Kentucky,46.8,44,58,44.0,39.2,39.0,41,0.0,0.0,61.7,62.0,63.6,63.0,28.0,28.0,21.7,22.0,26,16.4,20
2.0,0.01,2.0,Oklahoma,46.9,44,51,47.0,32.6,32.5,38,0.0,0.0,52.4,51.0,61.8,60.0,28.0,28.0,16.0,16.5,19,7.4,10
2.0,0.05,0.5,California,46.9,36,58,46.5,6.1,6.0,8,3.0,9.0,56.2,58.5,79.7,65.0,28.0,28.0,84.6,84.5,105,28.3,30
ALL,ALL,ALL,Wyoming,46.977777777777774,46,86,46.0,10.5,11.0,12,0.0,0.0,59.80833333333333,57.0,70.1138888888889,68.0,97.816091954023,101.0,1.8398876404494382,2.0,6,0.2833333333333333,1
0.5,0.25,2.0,Nevada,47.0,39,59,39.0,5.0,5.0,5,0.0,0.0,61.8,59.0,88.0,88.0,109.71428571428571,109.0,1.0,1.0,1,0.0,0
2.0,0.25,0.5,Nevada,47.0,39,59,39.0,5.0,5.0,5,0.0,0.0,61.8,59.0,88.0,88.0,109.0,109.0,1.0,1.0,1,0.0,0
1.0,0.05,0.5,Nebraska,47.0,47,47,47.0,25.6,25.5,28,0.0,0.0,52.6,52.0,60.0,54.0,145.4,130.0,2.6,2.0,4,9.7,12
0.5,0.05,1.0,Nebraska,47.0,47,47,47.0,17.3,18.0,19,0.0,0.0,53.0,53.0,64.2,69.0,154.2,150.5,1.7,2.0,3,10.2,13
2.0,0.05,2.0,Nebraska,47.0,47,47,47.0,31.7,31.0,34,0.0,0.0,53.2,54.0,67.2,69.0,208.8,201.0,3.6,3.0,7,10.3,13
1.0,0.05,1.0,Nebraska,47.0,47,47,47.0,27.6,28.0,29,0.0,0.0,54.7,54.0,65.7,69.0,137.4,90.0,3.8,4.0,6,10.4,12
2.0,0.05,0.5,Nebraska,47.0,47,47,47.0,28.2,28.0,31,0.0,0.0,55.7,53.0,67.0,69.0,141.1,90.0,3.4,3.0,5,10.4,13
0.5,0.05,2.0,Nebraska,47.0,47,47,47.0,26.0,27.0,28,0.0,0.0,56.2,54.0,68.4,69.0,143.5,90.0,2.3,2.0,4,10.5,13
1.0,0.05,2.0,Nebraska,47.0,47,47,47.0,29.5,30.0,31,0.0,0.0,59.0,53.0,64.5,61.5,128.4,90.0,4.3,4.0,6,10.9,12
2.0,0.25,0.5,Nebraska,47.0,47,47,47.0,29.3,29.5,30,0.0,0.0,52.2,52.0,55.5,54.0,90.0,90.0,3.5,3.5,4,11.0,12
0.5,0.1,1.0,Nebraska,47.0,47,47,47.0,17.5,17.0,20,0.0,0.0,54.3,52.0,65.7,69.0,121.0,90.0,2.0,2.0,4,11.1,13
2.0,0.1,2.0,Nebraska,47.0,47,47,47.0,32.4,32.0,34,0.0,0.0,52.4,52.0,57.0,54.0,112.2,90.0,4.0,4.0,6,11.5,14
1.0,0.1,0.5,Indiana,47.0,44,57,46.0,48.5,49.5,56,0.0,0.0,48.8,47.0,51.2,49.0,65.5,66.5,27.5,28.0,30,18.0,25
0.5,0.1,0.5,Indiana,47.1,44,55,46.0,44.0,44.5,47,0.0,0.0,50.3,47.0,52.0,49.0,58.6,60.0,24.8,25.0,28,16.8,19
1.0,0.05,2.0,Washington,47.2,42,56,42.0,10.1,10.5,12,0.2,2.0,51.9,50.5,56.2,56.5,42.5,28.0,17.1,17.5,20,13.6,15
2.0,0.1,2.0,Indiana,47.2,44,56,45.0,51.5,52.0,57,0.0,0.0,48.7,46.5,50.2,49.0,63.9,65.5,30.8,31.0,36,23.9,29
0.5,0.1,2.0,Pennsylvania,47.3,44,53,44.0,46.8,47.0,51,0.2,1.0,53.5,53.0,55.0,54.0,59.0,68.0,21.5,20.5,27,9.9,15
0.5,0.1,1.0,Pennsylvania,47.3,44,53,44.0,45.9,46.0,50,0.0,0.0,52.7,53.0,55.5,55.5,70.5,68.0,21.3,21.5,26,10.3,15
2.0,0.01,1.0,Utah,47.4,45,65,45.0,11.8,11.0,15,0.0,0.0,61.8,65.0,75.0,73.5,28.0,28.0,11.0,10.5,18,3.0,4
1.0,0.25,0.5,North Dakota,47.4,45,53,45.0,14.4,14.0,16,0.0,0.0,53.3,53.0,54.8,54.0,55.5,57.0,7.2,8.0,9,3.7,5
0.5,0.1,2.0,North Dakota,47.4,45,53,45.0,15.4,15.5,16,0.0,0.0,53.6,53.0,56.1,56.0,60.5,57.0,7.7,8.0,10,3.8,6
1.0,0.25,1.0,North Dakota,47.4,45,53,45.0,16.2,16.0,19,0.0,0.0,53.5,53.0,54.9,54.0,55.0,57.0,10.8,11.0,13,4.7,7
1.0,0.25,2.0,North Dakota,47.4,45,53,45.0,17.0,17.0,18,0.0,0.0,53.3,53.0,54.6,54.0,28.0,28.0,16.4,16.0,21,5.5,7
2.0,0.05,2.0,Washington,47.4,42,67,42.0,9.1,8.5,12,0.3,1.0,56.0,56.0,59.9,57.0,38.8,28.0,18.0,17.5,22,14.4,18
1.0,0.01,0.5,Idaho,47.4,44,65,44.0,6.3,7.0,8,2.2,6.0,57.9,56.0,70.2,62.0,47.1,46.5,28.6,30.0,38,14.6,17
1.0,0.01,1.0,Idaho,47.4,44,62,44.0,7.1,7.5,10,3.8,20.0,74.7,57.0,92.1,63.5,31.0,28.0,37.7,37.5,45,17.3,22
0.5,0.1,0.5,North Dakota,47.5,45,54,45.0,11.2,11.0,13,0.0,0.0,54.7,53.5,59.0,56.0,60.0,57.0,3.4,3.5,5,0.8,2
2.0,0.1,1.0,Oregon,47.5,37,54,48.0,14.6,15.0,16,0.0,0.0,56.6,56.5,67.6,63.0,196.6,80.0,2.1,2.0,4,3.0,5
1.0,0.05,1.0,Washington,47.5,42,56,47.0,8.7,9.0,10,0.3,1.0,56.4,56.5,60.9,61.5,49.4,42.0,17.4,17.0,21,14.1,15
2.0,0.01,0.5,Utah,47.6,45,65,45.0,11.8,12.0,14,0.0,0.0,57.8,56.0,68.4,72.0,66.5,53.0,9.1,9.0,15,3.0,4
0.5,0.05,0.5,Kentucky,47.6,44,62,44.0,24.3,24.0,27,0.0,0.0,61.9,62.0,67.7,63.0,102.9,113.0,10.3,10.5,14,9.2,14
1.0,0.1,2.0,Pennsylvania,47.6,44,53,44.0,47.7,47.5,52,0.1,1.0,54.3,53.0,56.7,57.0,65.0,68.0,21.0,21.0,26,10.9,14
0.5,0.05,2.0,Kentucky,47.6,44,62,44.0,37.7,37.5,42,0.0,0.0,61.4,62.0,63.0,63.0,28.0,28.0,24.6,24.5,28,16.1,19
2.0,0.05,1.0,Kentucky,47.6,44,62,44.0,41.4,41.0,48,0.0,0.0,61.0,62.0,64.9,63.0,28.0,28.0,23.5,22.5,29,16.6,19
0.5,0.05,1.0,Indiana,47.6,44,57,47.0,44.5,44.5,51,0.0,0.0,50.9,49.0,54.4,53.5,74.1,74.0,23.7,24.0,27,18.0,24
2.0,0.25,1.0,New York,47.6,44,50,50.0,10.2,10.0,14,0.8,2.0,54.8,58.0,59.3,61.0,28.0,28.0,190.6,192.0,204,39.8,43
1.0,0.1,1.0,Oregon,47.7,37,54,51.5,14.8,15.0,16,0.0,0.0,55.9,53.0,67.6,62.0,116.22222222222223,96.0,1.8,2.0,3,2.8,5
0.5,0.1,1.0,Indiana,47.7,44,55,46.0,47.0,46.5,51,0.0,0.0,50.5,47.0,53.6,50.0,68.3,73.0,29.2,30.0,33,18.4,21
0.5,0.1,1.0,Michigan,47.9,38,58,46.0,36.0,36.5,39,0.0,0.0,53.3,54.0,57.3,58.5,28.0,28.0,16.3,17.0,21,17.9,23
0.5,0.05,1.0,Georgia,48.0,48,48,48.0,30.4,30.5,33,0.0,0.0,91.2,91.0,94.7,93.0,103.6,100.0,4.1,4.5,5,4.5,7
1.0,0.05,1.0,Georgia,48.0,48,48,48.0,43.1,43.0,47,0.0,0.0,92.4,93.0,94.7,94.0,124.8,112.0,3.1,3.0,4,5.0,8
1.0,0.05,0.5,Georgia,48.0,48,48,48.0,37.4,37.0,42,0.0,0.0,91.9,93.0,95.0,94.0,117.1,102.0,3.2,3.0,6,5.1,7
0.5,0.05,2.0,Georgia,48.0,48,48,48.0,40.3,40.0,43,0.0,0.0,91.3,93.0,95.6,94.5,115.3,103.5,4.3,4.0,7,5.2,8
0.5,0.1,0.5,Georgia,48.0,48,48,48.0,24.6,24.0,29,0.0,0.0,75.8,71.0,92.8,93.0,99.8,100.0,4.1,4.0,7,5.6,9
1.0,0.05,2.0,Georgia,48.0,48,48,48.0,45.8,46.0,49,0.0,0.0,91.6,91.0,93.8,93.0,119.1,100.0,3.2,3.5,6,6.6,10
0.5,0.1,1.0,Georgia,48.0,48,48,48.0,32.2,31.0,37,0.0,0.0,86.2,91.0,92.0,93.0,106.7,100.0,3.9,4.0,7,6.6,9
0.5,0.05,0.5,Ohio,48.0,41,61,50.0,46.8,46.0,50,0.5,2.0,57.6,60.0,62.9,64.0,50.7,46.0,12.7,13.0,20,6.7,10
0.5,0.1,2.0,Georgia,48.0,48,48,48.0,43.4,42.5,50,0.0,0.0,81.5,91.0,92.9,93.0,100.3,99.5,4.8,5.0,7,6.8,9
0.5,0.25,0.5,Georgia,48.0,48,48,48.0,26.3,26.0,30,0.0,0.0,64.2,63.0,82.1,91.0,91.5,99.0,5.0,4.5,7,6.9,9
1.0,0.1,0.5,Georgia,48.0,48,48,48.0,39.7,40.0,42,0.0,0.0,80.4,91.0,91.3,93.0,99.6,100.0,5.0,5.0,7,7.2,10
1.0,0.1,1.0,Georgia,48.0,48,48,48.0,44.7,44.5,48,0.0,0.0,85.6,93.0,92.3,94.0,116.2,100.0,4.1,4.0,8,7.4,10
0.5,0.25,1.0,Georgia,48.0,48,48,48.0,34.0,33.5,38,0.0,0.0,67.0,63.0,82.3,92.0,96.6,99.0,5.0,5.0,7,7.7,10
2.0,0.05,0.5,Georgia,48.0,48,48,48.0,44.2,44.0,48,0.0,0.0,90.6,91.0,94.7,93.0,110.0,102.0,4.9,5.5,7,8.0,13
1.0,0.25,0.5,Georgia,48.0,48,48,48.0,40.7,40.5,46,0.0,0.0,68.4,63.0,84.1,93.0,96.7,99.0,5.0,4.5,8,8.3,12
0.5,0.25,2.0,Georgia,48.0,48,48,48.0,44.7,44.0,49,0.0,0.0,67.2,63.0,83.5,85.0,99.1,99.0,5.9,6.0,9,8.3,11
1.0,0.1,2.0,Georgia,48.0,48,48,48.0,47.3,47.5,51,0.0,0.0,86.4,92.0,93.6,93.5,106.6,100.0,3.1,2.5,6,8.4,12
2.0,0.05,1.0,Georgia,48.0,48,48,48.0,46.5,46.5,50,0.0,0.0,92.0,92.0,94.1,93.5,133.6,139.0,4.6,4.0,9,8.7,11
1.0,0.25,1.0,Georgia,48.0,48,48,48.0,45.7,45.0,50,0.0,0.0,64.0,62.5,76.4,71.0,91.5,99.0,6.1,5.5,9,9.1,11
1.0,0.25,2.0,Georgia,48.0,48,48,48.0,47.2,47.5,49,0.0,0.0,65.7,63.0,85.6,93.0,99.1,99.0,5.6,6.0,9,10.8,12
2.0,0.1,1.0,Georgia,48.0,48,48,48.0,47.0,46.5,51,0.0,0.0,86.0,91.0,93.2,93.0,102.0,100.0,5.5,5.5,8,11.0,14
2.0,0.1,2.0,Georgia,48.0,48,48,48.0,47.0,48.0,52,0.0,0.0,79.1,78.0,88.0,91.0,105.6,100.0,6.7,6.0,11,11.0,15
2.0,0.1,0.5,Georgia,48.0,48,48,48.0,44.1,43.5,48,0.0,0.0,81.9,91.0,93.9,93.0,105.5,100.0,5.1,5.0,8,11.5,15
2.0,0.25,2.0,Georgia,48.0,48,48,48.0,48.7,48.5,53,0.0,0.0,71.9,63.0,82.3,92.0,99.4,99.0,8.3,8.5,12,12.2,15
2.0,0.25,1.0,Georgia,48.0,48,48,48.0,48.2,48.0,51,0.0,0.0,67.1,63.0,80.8,84.5,99.2,99.0,6.7,6.5,8,12.7,14
2.0,0.25,0.5,Georgia,48.0,48,48,48.0,45.9,46.0,48,0.0,0.0,69.6,62.5,76.2,71.0,96.0,99.0,7.0,7.0,8,13.2,17
2.0,0.01,1.0,Arizona,48.1,37,66,44.5,5.8,6.5,8,1.4,4.0,96.4,75.5,149.7,145.0,32.5,28.0,13.0,13.0,18,4.6,7
2.0,0.05,2.0,California,48.1,36,58,46.5,6.8,6.5,9,1.8,13.0,57.9,57.5,63.8,65.0,28.0,28.0,81.7,82.5,100,27.8,30
1.0,0.05,1.0,California,48.2,40,58,46.5,7.0,6.5,9,1.4,8.0,59.0,57.5,68.0,65.0,28.0,28.0,84.4,86.0,88,27.3,30
0.5,0.25,2.0,New York,48.2,44,50,50.0,11.2,10.5,15,0.7,3.0,55.6,58.0,59.3,59.5,28.0,28.0,195.7,195.0,210,38.8,42
0.5,0.05,1.0,Tennessee,48.3,41,70,41.0,30.4,30.0,36,0.0,0.0,82.6,88.0,92.9,94.5,100.7,107.0,13.8,15.0,18,6.1,10
2.0,0.01,0.5,Idaho,48.3,44,62,44.0,7.8,8.0,10,2.1,7.0,58.6,60.0,87.8,73.0,31.0,28.0,33.1,33.0,39,16.7,19
0.5,0.1,0.5,Nevada,48.4,39,66,39.0,4.0,4.0,4,0.0,0.0,65.4,59.0,88.2,88.0,109.83333333333333,109.0,1.1666666666666667,1.0,2,0.0,0
0.5,0.01,1.0,Oklahoma,48.5,44,67,47.0,18.7,18.5,21,0.0,0.0,59.6,58.5,67.1,60.0,69.3,28.0,5.6,5.5,9,1.9,4
0.5,0.01,2.0,Utah,48.5,45,70,47.0,12.4,12.5,15,0.0,0.0,65.2,70.0,75.1,73.5,52.1,28.0,9.2,10.0,14,2.0,5
1.0,0.05,0.5,Pennsylvania,48.5,44,53,48.5,45.6,45.5,50,0.2,1.0,57.0,55.5,62.5,61.0,79.8,73.0,19.8,20.0,23,9.2,13
2.0,0.05,2.0,Ohio,48.5,41,59,50.0,59.4,59.5,66,0.4,1.0,56.3,56.5,63.1,62.0,64.3,68.0,23.1,22.5,32,10.8,15
1.0,0.1,1.0,Pennsylvania,48.5,44,53,48.5,46.4,46.5,48,0.2,1.0,54.2,53.0,56.0,57.0,69.0,68.0,21.6,22.0,25,11.3,14
ALL,ALL,ALL,Nebraska,48.55555555555556,40,88,47.0,24.836111111111112,27.0,36,0.002777777777777778,1.0,58.827777777777776,52.0,66.63055555555556,69.0,138.878612716763,90.0,3.1866295264623954,3.0,8,9.419444444444444,14
ALL,ALL,ALL,Washington,48.57222222222222,38,97,42.0,8.744444444444444,9.0,14,0.2222222222222222,5.0,55.61944444444445,47.0,61.72222222222222,57.0,50.047222222222224,28.0,15.98611111111111,16.0,23,13.186111111111112,18
0.5,0.05,0.5,Tennessee,48.6,41,88,41.0,22.7,23.5,27,0.0,0.0,81.8,88.0,97.2,99.0,111.6,107.0,10.5,10.0,16,4.0,6
1.0,0.1,2.0,Tennessee,48.6,41,88,41.0,41.3,42.0,44,0.0,0.0,73.1,63.0,89.9,88.0,106.1,107.0,22.0,21.0,29,12.0,15
0.5,0.05,0.5,Washington,48.6,42,67,44.5,6.5,6.5,8,0.4,1.0,56.5,56.0,62.4,57.0,73.9,75.5,13.0,12.5,17,13.4,16
ALL,ALL,ALL,Kentucky,48.644444444444446,44,63,44.0,36.611111111111114,38.0,51,0.008333333333333333,1.0,65.65555555555555,62.0,72.97222222222223,62.0,58.894444444444446,28.0,19.025,20.5,30,14.169444444444444,23
0.5,0.1,1.0,Oregon,48.7,37,54,54.0,10.0,10.0,12,0.0,0.0,57.7,62.0,68.5,63.0,99.33333333333333,121.0,1.1,1.0,2,2.0,2
ALL,ALL,ALL,Ohio,48.78611111111111,41,91,41.0,54.15555555555556,55.0,67,0.4027777777777778,3.0,57.45,50.0,64.18611111111112,61.0,59.875,46.0,22.894444444444446,23.0,41,10.727777777777778,20
0.5,0.01,2.0,Idaho,48.8,44,55,51.0,7.6,7.0,11,1.3,4.0,56.6,55.5,88.2,75.0,29.7,28.0,33.5,33.5,36,16.2,20
1.0,0.1,1.0,Michigan,48.8,38,58,52.5,39.1,39.0,45,0.1,1.0,54.5,57.5,56.6,58.0,61.4,59.5,20.2,20.0,25,18.7,22
1.0,0.1,1.0,Indiana,48.8,46,55,48.0,49.1,50.0,52,0.0,0.0,50.5,49.0,54.2,56.0,59.3,62.0,29.9,30.5,33,21.7,25
1.0,0.05,2.0,California,48.8,36,58,53.0,6.4,6.5,9,2.5,6.0,55.6,57.5,65.4,65.0,28.0,28.0,85.3,84.5,105,28.0,30
2.0,0.25,2.0,New York,48.8,44,50,50.0,10.1,10.0,13,0.6,3.0,56.4,58.0,59.5,61.0,28.0,28.0,194.7,193.0,209,39.9,43
1.0,0.1,2.0,Michigan,48.9,38,58,51.0,42.0,42.5,46,0.3,1.0,53.6,54.0,57.3,58.0,61.8,61.0,22.0,22.5,27,17.9,22
1.0,0.1,2.0,Indiana,48.9,44,57,48.0,52.1,52.0,55,0.0,0.0,52.0,52.5,54.2,55.5,69.4,65.5,32.2,32.5,39,21.4,25
2.0,0.25,2.0,Nevada,49.0,39,59,49.0,5.0,5.0,5,0.0,0.0,62.5,62.5,88.0,88.0,230.66666666666666,109.0,1.0,1.0,1,0.0,0
0.5,0.01,1.0,Wyoming,49.0,46,76,46.0,6.6,6.0,10,0.0,0.0,72.5,76.0,78.8,79.0,101.875,114.5,1.1111111111111112,1.0,2,0.6,1
0.5,0.01,2.0,Wyoming,49.0,46,76,46.0,9.4,10.0,12,0.0,0.0,72.2,68.0,82.3,76.0,110.2,110.5,2.2,2.0,5,0.7,1
2.0,0.1,1.0,North Dakota,49.0,45,53,49.0,17.1,17.0,19,0.0,0.0,53.7,53.5,56.2,55.0,30.9,28.0,13.8,13.5,19,5.5,7
0.5,0.05,1.0,Kentucky,49.0,44,62,44.0,30.7,32.0,33,0.0,0.0,61.9,62.0,67.0,63.0,81.2,87.0,14.6,14.5,17,12.1,15
2.0,0.05,1.0,Indiana,49.1,44,57,47.5,50.5,50.5,54,0.0,0.0,53.5,56.0,57.8,58.5,72.5,70.0,31.8,32.5,33,20.2,26
1.0,0.01,1.0,Utah,49.2,45,65,47.0,11.1,11.5,13,0.1,1.0,59.9,65.0,72.8,71.0,39.1,28.0,12.3,11.0,18,2.9,6
1.0,0.1,1.0,North Dakota,49.2,45,54,49.0,15.5,15.5,17,0.0,0.0,55.6,55.0,61.8,59.0,61.5,57.0,8.5,8.0,16,4.1,7
2.0,0.01,2.0,Idaho,49.3,44,71,44.0,8.7,8.5,13,2.0,6.0,59.0,57.0,73.3,62.0,33.1,28.0,36.8,37.0,45,16.6,23
1.0,0.01,2.0,Idaho,49.3,44,62,48.0,7.7,7.5,10,2.2,6.0,58.1,57.5,65.7,66.5,32.0,28.0,35.8,36.0,42,17.2,21
0.5,0.05,1.0,Pennsylvania,49.4,44,53,53.0,45.5,45.5,48,0.0,0.0,54.7,53.0,59.6,61.0,74.9,68.0,21.4,21.5,28,9.1,12
2.0,0.05,1.0,Pennsylvania,49.4,44,53,53.0,47.6,47.0,52,0.1,1.0,55.2,53.0,59.0,59.0,59.7,70.5,19.5,20.5,24,9.9,12
0.5,0.05,2.0,Indiana,49.4,44,57,46.5,49.5,49.0,54,0.0,0.0,51.5,49.5,56.4,57.0,66.7,70.0,26.7,26.0,34,18.0,21
0.5,0.25,0.5,New York,49.4,44,50,50.0,11.6,12.0,14,0.2,2.0,57.2,58.0,60.5,61.0,28.0,28.0,144.7,143.0,160,34.6,37
2.0,0.25,0.5,New York,49.4,44,50,50.0,11.6,11.5,14,0.2,2.0,57.2,58.0,61.0,61.0,28.0,28.0,191.7,192.0,204,38.4,42
0.5,0.25,1.0,New York,49.4,44,50,50.0,10.7,11.0,13,0.2,2.0,57.2,58.0,59.7,61.0,28.0,28.0,186.3,188.0,192,38.6,41
1.0,0.25,2.0,New York,49.4,44,50,50.0,10.5,10.5,13,0.2,2.0,57.2,58.0,60.1,61.0,28.0,28.0,193.0,195.0,213,39.5,41
0.5,0.05,2.0,New York,49.4,44,50,50.0,9.6,10.0,13,0.1,1.0,57.2,58.0,62.1,63.0,28.0,28.0,190.7,191.5,203,40.0,43
0.5,0.05,2.0,Pennsylvania,49.7,44,53,53.0,47.0,46.0,51,0.2,1.0,53.9,53.0,58.9,61.0,67.5,73.0,21.5,21.5,24,9.4,12
1.0,0.1,2.0,North Dakota,49.8,45,53,53.0,16.4,16.5,18,0.0,0.0,54.3,54.0,57.8,56.0,35.2,28.0,15.1,15.0,18,5.1,7
1.0,0.05,1.0,Indiana,49.8,46,57,49.0,48.6,48.0,54,0.0,0.0,55.6,57.0,58.3,59.5,77.7,81.5,28.3,29.0,33,19.6,24
2.0,0.1,1.0,Indiana,49.9,46,56,49.0,53.1,53.0,57,0.0,0.0,52.7,55.5,55.2,57.0,65.5,61.0,33.2,33.0,43,21.6,26
2.0,0.01,0.5,Wyoming,50.0,46,86,46.0,10.2,10.0,12,0.0,0.0,71.2,68.0,84.4,76.0,122.4,110.5,2.5,2.0,4,0.8,1
0.5,0.1,1.0,North Dakota,50.0,45,54,53.0,13.0,13.0,14,0.0,0.0,55.6,54.0,61.9,57.5,64.0,57.0,4.5,4.0,7,1.6,3
1.0,0.05,0.5,Ohio,50.0,41,60,50.0,53.4,53.0,57,0.3,2.0,58.8,60.0,64.2,65.0,67.8,75.0,19.2,19.0,27,8.2,13
0.5,0.05,0.5,New York,50.0,50,50,50.0,10.7,10.0,13,0.0,0.0,58.0,58.0,63.2,64.0,28.0,28.0,136.4,138.0,150,34.6,36
0.5,0.01,0.5,New York,50.0,50,50,50.0,6.6,5.0,11,0.1,1.0,68.1,58.0,119.3,102.0,28.0,28.0,116.9,117.5,126,34.7,41
0.5,0.1,0.5,New York,50.0,50,50,50.0,11.0,11.0,14,0.0,0.0,58.0,58.0,62.7,62.0,28.0,28.0,138.6,140.5,154,35.3,39
0.5,0.1,1.0,New York,50.0,50,50,50.0,10.9,11.0,12,0.0,0.0,58.0,58.0,62.3,62.0,28.0,28.0,183.8,184.0,195,38.1,40
1.0,0.25,1.0,New York,50.0,50,50,50.0,11.4,11.0,15,0.0,0.0,58.0,58.0,61.5,61.0,28.0,28.0,198.5,199.5,214,38.6,40
1.0,0.05,0.5,New York,50.0,50,50,50.0,10.5,10.0,12,0.0,0.0,58.0,58.0,64.3,64.0,28.0,28.0,176.3,175.5,190,38.9,41
2.0,0.05,1.0,New York,50.0,50,50,50.0,10.6,10.5,12,0.0,0.0,58.0,58.0,63.9,63.0,28.0,28.0,186.9,187.0,201,38.9,41
1.0,0.1,2.0,New York,50.0,50,50,50.0,10.8,11.0,12,0.0,0.0,58.0,58.0,62.0,62.0,28.0,28.0,189.4,191.0,203,39.0,42
2.0,0.1,2.0,New York,50.0,50,50,50.0,10.7,10.0,13,0.0,0.0,58.0,58.0,60.9,61.0,28.0,28.0,191.0,195.0,208,39.0,40
1.0,0.25,0.5,New York,50.0,50,50,50.0,10.9,11.0,14,0.0,0.0,58.0,58.0,60.6,61.0,28.0,28.0,189.1,189.0,200,39.1,42
2.0,0.05,2.0,New York,50.0,50,50,50.0,10.3,10.0,13,0.0,0.0,58.0,58.0,61.7,61.5,28.0,28.0,189.0,192.5,205,39.1,42
1.0,0.05,1.0,New York,50.0,50,50,50.0,10.1,10.5,12,0.0,0.0,58.0,58.0,63.6,64.0,28.0,28.0,190.3,191.5,206,39.3,41
2.0,0.1,1.0,New York,50.0,50,50,50.0,10.3,10.0,13,0.0,0.0,58.0,58.0,61.5,61.5,28.0,28.0,188.8,185.5,208,39.3,41
0.5,0.1,2.0,New York,50.0,50,50,50.0,10.4,10.5,13,0.0,0.0,58.0,58.0,62.0,61.5,28.0,28.0,190.6,195.5,209,39.4,43
2.0,0.1,0.5,New York,50.0,50,50,50.0,10.3,10.5,13,0.0,0.0,58.0,58.0,62.8,64.0,28.0,28.0,183.5,184.5,190,39.6,43
0.5,0.05,1.0,New York,50.0,50,50,50.0,9.5,9.5,11,0.0,0.0,58.0,58.0,63.7,64.0,28.0,28.0,173.1,174.5,181,39.7,41
1.0,0.1,0.5,New York,50.0,50,50,50.0,10.2,10.0,13,0.0,0.0,58.0,58.0,62.3,62.0,28.0,28.0,179.9,179.5,191,39.7,41
1.0,0.1,1.0,New York,50.0,50,50,50.0,10.1,10.0,12,0.0,0.0,58.0,58.0,62.1,62.0,28.0,28.0,192.4,188.0,214,39.8,41
1.0,0.05,2.0,New York,50.0,50,50,50.0,9.6,9.5,12,0.0,0.0,58.0,58.0,62.7,63.0,28.0,28.0,188.0,187.0,205,40.2,41
2.0,0.05,0.5,New York,50.0,50,50,50.0,8.6,8.0,11,0.0,0.0,58.0,58.0,63.1,64.0,28.0,28.0,189.8,188.0,213,41.2,43
1.0,0.1,2.0,Oregon,50.1,42,54,54.0,15.9,16.0,18,0.0,0.0,57.8,62.0,64.7,63.0,96.5,96.0,1.9,2.0,3,2.6,4
2.0,0.05,0.5,Ohio,50.1,41,61,50.0,60.1,59.0,67,0.0,0.0,58.7,61.0,63.5,65.0,67.9,75.0,22.2,22.0,29,10.0,16
0.5,0.01,0.5,Utah,50.2,45,73,45.0,8.8,9.0,10,0.0,0.0,62.1,65.0,76.0,72.0,41.4,28.0,6.5,6.0,10,1.0,2
0.5,0.05,0.5,Pennsylvania,50.3,44,53,53.0,44.1,44.0,47,0.1,1.0,55.4,53.0,60.3,60.5,74.1,70.5,15.8,16.0,21,8.5,11
1.0,0.05,1.0,Pennsylvania,50.3,44,53,53.0,46.4,46.0,50,0.0,0.0,56.7,55.5,62.2,61.0,65.4,73.0,20.6,20.0,27,10.0,14
2.0,0.01,1.0,Wyoming,50.4,46,68,46.0,10.3,10.0,11,0.0,0.0,72.1,74.0,99.1,79.0,148.7,157.5,2.6,2.5,6,0.7,1
2.0,0.05,1.0,Oregon,50.4,42,54,54.0,14.5,14.5,16,0.0,0.0,60.3,62.0,72.0,63.0,182.2,100.5,2.3,2.0,4,2.6,5
1.0,0.05,1.0,Tennessee,50.4,41,88,41.0,36.1,36.0,39,0.0,0.0,86.5,88.0,93.6,93.0,75.4,107.0,18.2,17.5,23,9.9,12
ALL,ALL,ALL,New York,50.483333333333334,44,89,50.0,9.78888888888889,10.0,15,0.13055555555555556,7.0,60.208333333333336,58.0,71.5,64.0,28.069444444444443,28.0,177.52777777777777,182.0,214,38.638888888888886,44
0.5,0.25,2.0,Maryland,50.5,48,51,51.0,14.1,14.0,16,0.0,0.0,55.1,57.0,57.4,57.0,56.5,58.0,20.9,21.0,24,2.5,3
0.5,0.05,0.5,Michigan,50.5,38,58,54.0,32.6,32.5,37,0.1,1.0,57.8,58.0,59.8,59.0,71.4,72.0,12.9,12.0,18,15.4,20
0.5,0.05,0.5,Indiana,50.5,44,57,49.5,40.7,40.5,46,0.0,0.0,53.9,57.0,57.5,61.0,78.1,75.5,21.4,21.0,26,17.7,23
2.0,0.25,1.0,Maryland,50.6,50,51,51.0,15.1,15.0,16,0.0,0.0,54.6,57.0,57.4,57.0,56.0,58.0,20.5,21.0,23,1.9,3
2.0,0.25,2.0,Maryland,50.6,48,51,51.0,14.8,15.0,16,0.0,0.0,55.7,57.0,59.0,57.0,57.0,58.0,19.5,18.5,27,2.2,4
1.0,0.1,0.5,North Dakota,50.6,45,53,53.0,14.2,14.0,15,0.0,0.0,54.3,54.0,59.9,59.0,56.5,57.0,6.8,7.0,10,3.7,5
0.5,0.25,0.5,Maryland,50.7,48,51,51.0,10.9,11.0,13,0.0,0.0,56.3,57.0,58.4,57.0,57.5,58.0,19.6,19.5,23,2.0,4
1.0,0.01,0.5,Wyoming,50.8,46,72,46.0,6.6,7.0,8,0.0,0.0,69.3,69.0,80.7,77.5,109.88888888888889,101.0,1.7,1.5,4,0.9,1
0.5,0.05,0.5,California,50.8,40,58,55.0,5.4,5.0,8,3.1,22.0,63.9,60.0,76.4,65.0,28.0,28.0,73.5,74.0,87,25.1,28
1.0,0.01,2.0,New York,50.8,50,58,50.0,9.0,9.0,12,0.1,1.0,63.0,58.0,83.5,82.5,28.0,28.0,165.0,163.0,180,38.0,41
ALL,ALL,ALL,Pennsylvania,50.861111111111114,44,108,44.0,44.8,45.0,52,0.19166666666666668,2.0,59.57222222222222,53.0,64.83333333333333,57.0,78.28055555555555,68.0,20.177777777777777,20.0,39,10.26388888888889,20
0.5,0.25,1.0,Maryland,50.9,50,51,51.0,12.2,12.5,14,0.1,1.0,56.6,57.0,58.8,57.0,58.1,58.0,20.5,20.0,24,2.2,3
1.0,0.25,2.0,Maryland,50.9,50,51,51.0,14.8,14.5,16,0.0,0.0,56.4,57.0,57.4,57.0,57.6,58.0,19.6,19.5,22,2.2,3
2.0,0.05,0.5,Oregon,50.9,37,54,54.0,14.7,15.0,16,0.0,0.0,64.5,62.0,75.6,77.0,103.6,80.0,3.1,2.5,6,2.3,4
2.0,0.25,0.5,Maryland,50.9,50,51,51.0,13.9,14.0,15,0.0,0.0,56.4,57.0,57.9,57.0,57.5,58.0,19.3,19.5,22,2.6,4
2.0,0.1,2.0,Oregon,50.9,37,54,54.0,15.3,16.0,17,0.0,0.0,59.1,62.0,65.9,63.0,121.4,121.0,1.8,2.0,3,3.2,6
1.0,0.25,0.5,Nevada,51.0,39,59,59.0,5.0,5.0,5,0.0,0.0,63.2,66.0,88.0,88.0,109.0,109.0,1.0,1.0,1,0.0,0
1.0,0.25,2.0,Nevada,51.0,39,59,59.0,5.0,5.0,5,0.0,0.0,63.2,66.0,88.0,88.0,109.0,109.0,1.0,1.0,1,0.0,0
0.5,0.25,0.5,Nevada,51.0,39,59,59.0,4.0,4.0,4,0.0,0.0,63.2,66.0,88.0,88.0,109.0,109.0,1.0,1.0,1,0.0,0
1.0,0.25,1.0,Nevada,51.0,39,59,59.0,5.0,5.0,5,0.0,0.0,63.2,66.0,88.0,88.0,109.0,109.0,1.0,1.0,1,0.0,0
2.0,0.1,2.0,Maryland,51.0,51,51,51.0,15.6,15.5,17,0.0,0.0,57.0,57.0,63.3,58.0,58.1,58.0,16.7,17.0,21,1.3,2
0.5,0.1,1.0,Maryland,51.0,51,51,51.0,12.2,12.0,14,0.4,1.0,61.6,57.0,72.2,73.0,61.5,58.5,14.1,14.0,18,1.8,4
2.0,0.1,0.5,Maryland,51.0,51,51,51.0,14.5,15.0,16,0.1,1.0,58.6,57.0,68.3,69.0,58.3,58.0,17.2,18.5,22,1.8,5
1.0,0.1,2.0,Maryland,51.0,51,51,51.0,15.1,15.0,16,0.2,1.0,59.1,57.0,71.0,69.5,59.3,58.0,17.7,17.5,24,1.9,3
1.0,0.25,1.0,Maryland,51.0,51,51,51.0,14.5,14.5,16,0.0,0.0,57.0,57.0,58.3,57.0,58.0,58.0,20.2,20.5,24,2.0,3
1.0,0.1,0.5,Maryland,51.0,51,51,51.0,11.8,12.0,13,0.5,1.0,62.7,58.0,74.0,74.0,64.1,59.0,15.7,17.0,23,2.0,4
2.0,0.1,1.0,Maryland,51.0,51,51,51.0,14.9,15.0,16,0.1,1.0,57.9,57.0,63.3,59.0,59.2,58.0,19.7,18.5,27,2.1,4
1.0,0.05,0.5,Maryland,51.0,51,51,51.0,11.5,11.0,14,0.6,1.0,71.0,74.0,89.7,89.5,73.9,74.0,12.2,12.5,18,2.2,4
2.0,0.05,1.0,Maryland,51.0,51,51,51.0,14.4,14.5,16,0.2,1.0,59.7,57.0,80.2,75.0,61.8,58.5,15.7,16.0,20,2.3,5
1.0,0.25,0.5,Maryland,51.0,51,51,51.0,11.7,11.5,13,0.0,0.0,57.0,57.0,58.6,57.0,58.0,58.0,20.5,20.0,28,2.6,4
1.0,0.1,0.5,Michigan,51.0,38,58,54.0,39.1,38.5,44,0.3,1.0,57.4,58.5,59.0,59.0,43.2,28.0,15.9,15.5,20,16.6,21
2.0,0.05,2.0,Georgia,51.1,48,79,48.0,46.0,45.5,50,0.0,0.0,88.1,93.0,95.1,94.0,129.1,119.5,5.7,5.0,12,9.3,13
2.0,0.05,0.5,Indiana,51.1,46,60,49.0,48.9,50.0,52,0.0,0.0,56.8,57.0,60.2,60.0,72.3,67.5,27.4,28.0,36,20.1,23
0.5,0.01,1.0,Wisconsin,51.1,46,66,46.5,33.7,34.0,37,0.5,2.0,60.8,63.0,66.1,66.5,52.9,57.0,64.0,63.5,75,26.5,31
1.0,0.01,2.0,Wyoming,51.2,46,76,46.0,9.8,9.5,12,0.0,0.0,73.4,74.0,91.3,79.0,135.0,136.0,2.5,2.5,4,0.6,1
1.0,0.05,2.0,Pennsylvania,51.2,44,53,53.0,47.9,48.5,50,0.0,0.0,57.4,57.0,61.0,61.0,71.1,70.5,20.4,20.5,28,9.5,14
2.0,0.05,2.0,Pennsylvania,51.2,44,53,53.0,47.1,47.5,50,0.0,0.0,56.4,57.0,60.1,61.0,74.1,68.5,20.9,21.0,26,10.3,13
2.0,0.05,0.5,Pennsylvania,51.2,44,53,53.0,45.9,45.5,48,0.0,0.0,57.9,59.0,62.3,61.5,68.9,73.0,20.7,20.0,31,11.0,14
1.0,0.05,1.0,Ohio,51.2,41,65,50.0,57.4,57.5,61,0.3,1.0,59.3,61.0,64.3,65.0,66.2,75.0,23.9,24.5,29,11.3,16
1.0,0.05,2.0,Indiana,51.2,44,57,49.0,49.3,49.0,57,0.0,0.0,55.9,57.5,59.1,60.5,87.3,91.0,29.6,29.5,36,22.5,25
1.0,0.1,0.5,Oregon,51.3,42,54,54.0,10.5,11.0,11,0.0,0.0,59.1,62.0,68.1,63.0,114.8,104.0,1.7,2.0,3,2.0,2
2.0,0.1,2.0,Michigan,51.3,41,59,51.0,42.4,43.0,47,0.4,1.0,57.3,58.0,58.8,59.0,63.1,61.0,19.0,18.5,24,17.7,21
0.5,0.05,2.0,Oregon,51.4,42,54,54.0,12.9,13.0,15,0.0,0.0,59.2,62.0,80.0,89.0,98.5,80.0,2.6,3.0,4,3.3,5
ALL,ALL,ALL,Indiana,51.422222222222224,44,78,48.0,48.583333333333336,49.0,61,0.0,0.0,56.644444444444446,50.0,61.09166666666667,57.0,75.81666666666666,70.0,26.572222222222223,27.0,43,18.433333333333334,29
0.5,0.1,2.0,Maryland,51.6,51,57,51.0,14.3,14.0,16,0.4,1.0,64.7,57.0,78.7,73.5,63.1,58.0,17.2,17.0,24,2.1,4
0.5,0.1,0.5,Maryland,51.6,51,57,51.0,9.5,9.5,12,0.1,1.0,58.8,57.0,63.0,57.0,59.5,58.0,16.8,16.5,21,2.1,4
1.0,0.05,2.0,Oregon,51.6,42,54,54.0,14.6,15.0,16,0.0,0.0,60.2,62.0,81.2,89.0,173.8,80.0,3.1,3.0,6,2.5,3
2.0,0.01,2.0,New York,51.6,50,58,50.0,8.4,8.5,12,0.0,0.0,62.0,60.0,93.9,90.0,28.0,28.0,171.5,173.5,184,38.4,42
2.0,0.25,1.0,Nevada,51.7,39,66,59.0,5.0,5.0,5,0.0,0.0,64.1,66.0,88.0,88.0,111.5,111.5,1.0,1.0,1,0.0,0
0.5,0.1,2.0,Nevada,51.7,39,66,59.0,5.0,5.0,5,0.0,0.0,64.6,66.0,88.0,88.0,111.5,111.5,1.0,1.0,1,0.0,0
1.0,0.01,2.0,Wisconsin,51.8,46,63,49.0,35.1,34.5,40,0.3,1.0,59.2,60.5,62.5,63.0,54.9,58.0,74.0,75.0,84,26.8,31
ALL,ALL,ALL,Michigan,51.82222222222222,38,73,56.0,37.397222222222226,38.0,48,0.09166666666666666,1.0,57.391666666666666,58.0,61.24166666666667,59.0,59.672222222222224,61.0,18.261111111111113,18.0,30,17.252777777777776,24
1.0,0.05,0.5,Indiana,51.9,44,57,52.0,44.0,43.5,52,0.0,0.0,57.1,60.0,61.7,61.0,75.4,78.0,24.8,25.0,30,20.1,25
2.0,0.01,2.0,Utah,52.0,45,73,45.0,12.2,12.5,14,0.0,0.0,60.7,58.5,75.2,74.0,35.8,28.0,10.2,10.0,12,2.3,4
2.0,0.01,0.5,Wisconsin,52.1,46,58,51.0,37.1,37.5,41,0.0,0.0,56.5,59.0,61.0,63.0,55.2,58.0,72.0,73.0,81,24.8,28
1.0,0.1,1.0,Maryland,52.2,51,57,51.0,14.3,14.0,16,0.2,1.0,60.6,57.0,69.5,71.0,58.5,58.5,15.9,15.0,23,1.9,4
0.5,0.05,2.0,North Dakota,52.2,45,59,53.0,14.8,15.0,18,0.0,0.0,58.2,59.0,65.2,71.0,68.5,57.0,5.7,5.5,8,3.6,5
2.0,0.1,0.5,North Dakota,52.2,45,53,53.0,16.3,16.0,20,0.0,0.0,54.8,54.0,58.7,57.5,56.5,57.0,12.2,11.5,17,5.0,7
2.0,0.01,2.0,Wisconsin,52.2,46,63,51.0,37.5,37.0,43,0.0,0.0,59.2,59.0,64.8,63.0,64.2,64.0,70.6,71.5,86,24.8,30
0.5,0.05,2.0,Maryland,52.4,50,66,51.0,13.8,13.5,17,0.5,1.0,70.9,73.0,87.9,86.0,76.7,75.5,11.8,13.5,16,2.3,4
2.0,0.01,0.5,New York,52.4,50,58,50.0,8.8,9.0,12,0.0,0.0,64.8,58.0,91.5,94.0,28.0,28.0,169.6,171.5,179,38.3,42
2.0,0.01,1.0,New York,52.4,50,58,50.0,7.5,7.0,10,0.2,1.0,64.8,58.0,98.7,92.0,28.0,28.0,169.1,169.0,188,39.7,42
ALL,ALL,ALL,Oregon,52.419444444444444,37,170,54.0,12.380555555555556,13.0,19,0.027777777777777776,1.0,68.11666666666666,62.0,85.15,77.0,122.53644314868805,100.0,2.1815642458100557,2.0,8,2.4944444444444445,6
0.5,0.05,1.0,Oregon,52.5,42,54,54.0,9.9,10.0,11,0.0,0.0,63.1,62.0,79.2,89.0,83.375,80.0,1.7,2.0,3,1.9,2
2.0,0.1,0.5,Oregon,52.6,42,54,54.0,15.0,15.0,16,0.0,0.0,60.4,62.0,68.8,70.0,171.5,100.5,2.1,2.0,4,2.4,3
0.5,0.01,2.0,Nebraska,52.6,40,81,47.0,23.1,23.5,28,0.0,0.0,72.9,81.0,83.4,82.0,189.0,168.0,3.5,4.0,6,5.7,12
2.0,0.1,2.0,North Dakota,52.6,45,59,53.0,16.7,16.0,21,0.0,0.0,57.9,54.0,61.4,59.0,46.8,28.0,13.2,14.0,15,6.7,9
0.5,0.05,1.0,North Dakota,52.7,45,59,53.0,11.6,11.0,14,0.0,0.0,59.5,59.0,65.9,71.0,68.4,62.0,3.6,3.0,7,1.7,3
1.0,0.05,1.0,Maryland,52.8,51,69,51.0,13.9,14.0,15,0.5,1.0,69.6,66.0,79.7,74.0,69.5,70.0,14.5,14.5,19,1.7,3
2.0,0.05,2.0,Indiana,52.8,46,61,49.5,50.6,51.0,55,0.0,0.0,57.7,58.5,62.2,60.5,91.1,94.5,29.1,29.5,34,21.8,25
1.0,0.05,2.0,North Dakota,53.0,45,59,53.0,15.1,15.0,16,0.0,0.0,60.6,59.0,68.3,71.0,71.8,85.5,9.7,10.0,12,4.7,6
2.0,0.1,1.0,Nevada,53.1,39,66,59.0,5.0,5.0,5,0.0,0.0,67.7,66.0,90.8,88.0,110.66666666666667,109.0,1.1666666666666667,1.0,2,0.0,0
2.0,0.05,2.0,Tennessee,53.1,41,93,41.0,42.5,42.5,45,0.0,0.0,89.3,88.0,92.8,93.0,78.2,107.0,25.5,26.0,30,10.3,13
2.0,0.05,0.5,North Dakota,53.2,45,59,53.0,14.6,15.0,16,0.0,0.0,61.0,59.0,67.0,71.0,72.1,66.5,9.4,9.0,12,4.5,7
2.0,0.05,1.0,Michigan,53.5,39,59,58.0,38.6,38.0,43,0.2,1.0,58.9,59.0,60.4,60.0,67.1,68.0,19.1,19.0,22,19.5,23
2.0,0.01,1.0,Wisconsin,53.5,46,65,51.0,37.8,37.0,45,0.0,0.0,57.9,59.0,61.9,63.0,68.8,73.0,69.9,70.0,84,24.6,28
1.0,0.01,0.5,Wisconsin,53.5,51,59,51.0,35.7,36.0,41,0.0,0.0,61.3,60.5,65.1,63.0,67.0,64.0,63.6,63.0,74,25.6,30
2.0,0.05,2.0,Oregon,53.6,42,62,54.0,15.2,15.5,16,0.0,0.0,67.4,62.5,85.4,89.0,130.9,75.0,3.2,3.0,6,2.6,4
2.0,0.05,1.0,North Dakota,53.6,45,59,56.0,16.3,16.0,18,0.0,0.0,64.1,65.0,69.0,71.0,82.8,87.0,9.5,9.5,14,4.8,6
1.0,0.05,0.5,Oregon,53.7,51,54,54.0,10.0,10.0,12,0.0,0.0,64.5,62.5,83.9,89.0,82.875,80.0,1.9,2.0,4,2.2,4
1.0,0.01,2.0,Utah,53.7,45,70,47.0,12.5,12.0,15,0.0,0.0,67.7,70.5,76.2,74.0,47.1,28.0,10.3,10.5,13,2.4,4
2.0,0.1,0.5,Michigan,53.7,38,59,55.0,41.4,42.0,44,0.1,1.0,57.5,58.0,58.3,59.0,68.4,68.0,18.2,17.0,25,17.6,20
2.0,0.05,2.0,Maryland,53.8,51,73,51.0,14.9,15.0,17,0.3,1.0,71.4,70.0,87.1,89.0,71.0,59.0,13.5,13.5,17,1.8,3
1.0,0.05,1.0,Oregon,53.8,52,54,54.0,14.6,14.5,16,0.0,0.0,61.5,62.0,81.1,89.0,78.2,75.0,3.6,4.0,6,2.3,3
1.0,0.01,1.0,Nebraska,53.8,47,81,47.0,23.1,24.0,25,0.0,0.0,73.9,81.0,88.3,82.0,203.5,212.0,3.6,3.5,6,6.2,10
1.0,0.01,2.0,Nebraska,53.8,47,81,47.0,26.6,27.0,32,0.0,0.0,71.4,76.5,84.9,82.0,184.1,168.0,4.5,4.5,8,8.4,12
1.0,0.01,0.5,New York,53.8,50,64,50.0,6.9,6.5,11,0.4,3.0,76.4,67.0,100.9,92.0,28.0,28.0,156.8,155.5,178,38.2,41
1.0,0.05,2.0,Michigan,53.9,39,59,58.0,40.3,41.0,45,0.0,0.0,57.7,59.0,60.6,61.0,68.5,68.0,19.5,20.0,23,18.0,23
1.0,0.05,0.5,North Dakota,54.0,45,59,53.0,13.7,14.0,15,0.0,0.0,62.6,59.0,71.2,71.0,70.9,57.0,4.1,4.0,7,3.2,5
0.5,0.05,0.5,Georgia,54.0,48,93,48.0,21.6,22.0,24,0.1,1.0,89.9,93.0,95.5,94.5,120.4,102.5,2.7,3.0,6,3.5,5
ALL,ALL,ALL,North Dakota,54.00555555555555,45,85,53.0,13.71111111111111,14.0,21,0.0,0.0,63.53055555555556,56.0,71.00557103064067,59.0,77.44347826086957,57.0,7.72191011235955,7.0,21,3.5277777777777777,10
1.0,0.05,0.5,Michigan,54.3,38,59,58.0,36.7,37.5,40,0.0,0.0,59.9,61.0,61.6,62.0,63.9,72.0,17.2,17.5,22,17.0,23
0.5,0.1,1.0,Nevada,54.4,39,66,59.0,5.0,5.0,5,0.0,0.0,66.7,66.0,88.0,88.0,114.0,114.0,1.0,1.0,1,0.0,0
1.0,0.1,2.0,Nevada,54.4,39,66,59.0,5.0,5.0,5,0.0,0.0,66.7,66.0,88.0,88.0,114.0,114.0,1.0,1.0,1,0.0,0
1.0,0.01,0.5,Nebraska,54.5,47,81,47.0,19.5,20.5,22,0.0,0.0,76.7,81.0,80.9,82.0,197.77777777777777,170.0,2.8,2.5,8,4.8,9
ALL,ALL,ALL,Georgia,54.51111111111111,48,150,48.0,37.69722222222222,41.0,53,0.011111111111111112,1.0,88.73611111111111,91.0,99.45833333333333,93.0,129.78402366863907,100.0,4.151260504201681,4.0,12,6.95,17
0.5,0.01,0.5,Pennsylvania,54.6,44,70,53.0,35.8,35.5,42,0.0,0.0,71.0,67.0,83.0,75.5,112.8,119.5,12.5,13.0,20,6.2,10
1.0,0.01,1.0,New York,54.6,50,64,54.0,7.8,8.5,10,0.1,1.0,66.8,61.0,97.7,91.0,28.0,28.0,173.2,173.5,195,39.1,42
0.5,0.01,2.0,New York,54.7,50,89,50.0,8.1,8.0,13,0.8,7.0,75.4,58.0,109.6,85.0,30.5,28.0,177.6,177.0,196,38.6,44
2.0,0.25,1.0,Vermont,54.8,53,59,53.0,10.7,11.0,13,0.3,1.0,61.8,60.0,75.1,80.0,51.7,46.5,16.4,16.0,20,3.3,6
0.5,0.01,0.5,Nebraska,54.8,47,81,47.0,9.8,10.0,12,0.0,0.0,79.7,81.0,89.2,82.5,207.83333333333334,198.5,0.8888888888888888,1.0,2,3.8,6
0.5,0.05,2.0,Michigan,54.8,38,61,58.0,37.0,36.5,40,0.0,0.0,57.1,59.0,60.7,61.0,70.1,72.0,20.8,19.5,27,18.5,22
1.0,0.1,1.0,Nevada,55.0,39,59,59.0,5.0,5.0,5,0.0,0.0,64.6,66.0,88.0,88.0,110.42857142857143,109.0,1.0,1.0,1,0.0,0
0.5,0.25,0.5,Vermont,55.0,53,60,53.0,10.5,10.5,12,0.4,1.0,62.4,60.0,78.7,80.0,48.0,28.0,16.4,16.0,20,3.5,5
0.5,0.05,0.5,Oregon,55.1,52,63,54.0,7.4,7.0,10,0.0,0.0,62.0,62.0,85.2,83.5,78.5,80.0,2.2,2.0,4,1.8,2
2.0,0.05,2.0,North Dakota,55.3,45,71,53.0,15.9,16.0,18,0.0,0.0,61.6,59.0,68.7,71.0,71.6,72.0,9.7,10.0,14,5.6,10
1.0,0.05,2.0,Maryland,55.4,51,89,51.0,14.9,14.5,16,0.4,1.0,71.0,66.0,80.3,75.0,67.3,59.0,13.7,12.0,21,2.0,3
1.0,0.05,1.0,North Dakota,55.4,53,59,53.0,15.1,15.5,17,0.0,0.0,63.3,59.0,70.0,71.0,76.7,87.0,6.1,6.0,8,3.5,5
0.5,0.01,2.0,Wisconsin,55.4,46,66,54.0,34.7,35.0,39,0.1,1.0,62.7,63.0,68.5,66.0,66.4,76.5,70.5,68.5,82,27.3,32
0.5,0.05,1.0,Michigan,55.5,38,59,58.0,33.1,33.5,36,0.1,1.0,58.2,59.0,59.7,59.0,40.5,28.0,17.2,17.0,22,18.0,21
0.5,0.01,1.0,New York,55.5,50,73,54.0,6.9,6.5,9,0.0,0.0,71.4,64.0,110.5,98.0,28.0,28.0,148.5,146.5,163,37.6,40
1.0,0.25,1.0,Vermont,55.7,53,60,53.0,10.4,10.0,12,0.7,2.0,69.8,69.0,80.4,80.0,56.7,71.5,15.7,15.5,20,3.6,6
0.5,0.01,1.0,Illinois,55.7,36,70,63.0,35.8,35.5,39,0.0,0.0,68.9,70.0,79.6,80.0,77.0,80.0,8.4,8.0,13,3.6,6
1.0,0.01,2.0,Pennsylvania,55.9,53,69,53.0,43.1,44.0,46,0.1,1.0,72.8,69.5,88.6,83.0,146.1,148.5,14.6,15.0,22,7.7,14
0.5,0.01,1.0,Idaho,56.0,44,71,52.0,7.9,8.0,13,1.0,4.0,63.6,63.5,73.6,66.0,53.4,57.0,23.9,23.0,33,12.9,17
0.5,0.05,0.5,Maryland,56.1,51,66,51.0,9.5,9.5,11,0.0,0.0,66.8,66.0,81.0,82.0,64.4,63.0,13.9,14.0,21,1.3,2
2.0,0.01,0.5,Nebraska,56.2,47,88,49.5,25.6,26.0,32,0.1,1.0,74.6,81.0,89.8,82.0,214.5,188.5,3.7,3.5,7,6.8,12
0.5,0.01,1.0,Nebraska,56.2,47,81,47.0,13.7,13.0,18,0.0,0.0,77.6,81.0,84.9,82.5,206.1,168.0,2.2,1.5,6,7.6,10
2.0,0.25,2.0,Vermont,56.4,53,60,56.0,10.8,10.5,12,0.3,1.0,65.9,63.0,76.9,80.0,73.0,78.0,15.9,16.0,18,3.2,4
2.0,0.01,2.0,Pennsylvania,56.4,53,70,53.0,45.9,45.0,51,0.0,0.0,70.2,68.0,87.0,86.0,103.9,122.0,13.9,15.0,19,6.9,11
0.5,0.01,0.5,Wisconsin,56.4,47,66,58.0,31.4,31.5,37,0.0,0.0,59.5,59.0,64.2,63.0,67.1,64.0,52.1,52.5,59,26.1,31
2.0,0.05,0.5,Michigan,56.5,41,62,58.0,39.4,39.5,43,0.0,0.0,59.4,60.0,61.3,62.0,74.1,79.0,20.2,19.5,29,17.9,21
2.0,0.01,2.0,Wyoming,56.8,46,76,46.0,10.3,10.0,12,0.0,0.0,80.2,71.0,101.7,86.0,126.5,120.0,2.6,3.0,4,0.8,1
1.0,0.01,1.0,Wisconsin,56.8,47,77,59.0,36.8,37.0,40,0.0,0.0,62.2,63.5,66.3,66.0,62.9,67.0,72.2,72.0,82,25.0,30
1.0,0.25,2.0,Vermont,56.9,53,60,59.0,10.0,10.0,12,0.3,1.0,65.2,67.0,78.6,80.0,76.7,78.0,15.3,15.5,18,4.0,5
1.0,0.05,0.5,Tennessee,56.9,41,88,41.0,31.9,31.0,36,0.0,0.0,87.9,90.0,96.8,96.0,99.1,107.0,15.8,15.5,23,8.3,12
0.5,0.25,2.0,Vermont,57.0,53,73,53.0,11.1,11.0,13,0.2,1.0,68.2,68.5,76.2,80.0,65.4,78.0,14.9,15.0,18,2.9,4
1.0,0.01,2.0,Kentucky,57.0,44,63,62.0,32.7,33.0,36,0.0,0.0,74.1,63.0,90.8,99.0,71.5,28.0,17.7,17.5,24,12.1,16
1.0,0.1,0.5,Nevada,57.1,39,66,59.0,5.0,5.0,5,0.0,0.0,67.8,66.0,90.8,88.0,112.33333333333333,114.0,1.0,1.0,1,0.0,0
0.5,0.05,0.5,North Dakota,57.2,53,71,56.0,9.2,9.0,11,0.0,0.0,64.8,65.0,70.1,71.0,87.6,87.0,2.3,2.5,4,1.0,2
0.5,0.05,1.0,Maryland,57.2,51,86,51.0,11.8,12.0,13,0.2,1.0,76.3,75.0,87.4,88.5,68.3,64.0,11.5,10.5,17,1.6,3
2.0,0.25,0.5,Vermont,57.2,53,60,60.0,10.9,11.0,12,0.3,1.0,70.7,70.0,80.4,80.0,51.7,46.5,16.5,16.5,19,3.1,5
0.5,0.01,1.0,Utah,57.3,45,74,56.0,10.0,9.5,14,0.0,0.0,68.7,70.0,77.5,76.0,35.4,28.0,9.0,9.0,12,1.9,4
1.0,0.01,1.0,Pennsylvania,57.4,53,70,54.0,44.0,45.5,47,0.1,1.0,72.9,70.0,90.7,92.0,128.2,113.5,16.3,16.5,24,7.1,12
ALL,ALL,ALL,Tennessee,57.516666666666666,41,169,41.0,35.00833333333333,37.0,49,0.0,0.0,84.46388888888889,88.0,99.16388888888889,93.0,103.43611111111112,107.0,16.822222222222223,17.0,35,7.936111111111111,15
0.5,0.25,1.0,Vermont,57.7,53,60,59.5,11.0,11.0,12,0.1,1.0,68.6,67.0,78.2,80.0,73.0,78.0,13.5,13.0,16,3.0,5
2.0,0.05,2.0,Michigan,57.8,51,61,58.5,41.9,40.5,47,0.1,1.0,60.3,61.0,61.3,61.0,73.6,72.0,20.3,20.5,26,16.5,20
2.0,0.01,2.0,Nebraska,57.9,47,81,47.0,27.2,27.0,30,0.0,0.0,75.7,81.0,87.5,82.5,203.6,215.0,4.0,4.0,5,9.3,13
0.5,0.25,0.5,West Virginia,58.0,58,58,58.0,7.8,8.0,9,0.0,0.0,66.7,65.0,74.6,73.0,80.0,80.0,2.1,2.0,3,0.0,0
1.0,0.25,0.5,West Virginia,58.0,58,58,58.0,11.2,11.0,12,0.0,0.0,65.8,65.0,74.2,73.0,80.0,80.0,3.1,3.0,5,0.2,1
2.0,0.25,1.0,West Virginia,58.0,58,58,58.0,14.3,14.5,16,0.0,0.0,65.1,65.0,101.5,73.0,80.0,80.0,8.0,8.0,10,1.0,2
1.0,0.25,1.0,West Virginia,58.0,58,58,58.0,14.3,14.5,15,0.0,0.0,65.8,65.0,85.5,73.0,80.0,80.0,6.3,7.5,9,1.0,2
2.0,0.25,2.0,West Virginia,58.0,58,58,58.0,14.2,14.0,17,0.0,0.0,74.5,65.0,92.5,73.0,80.0,80.0,7.6,8.5,10,1.2,2
2.0,0.25,0.5,West Virginia,58.0,58,58,58.0,13.9,14.0,16,0.0,0.0,65.0,65.0,73.6,73.0,80.0,80.0,7.3,7.5,9,1.2,2
0.5,0.25,2.0,West Virginia,58.0,58,58,58.0,13.7,14.0,15,0.0,0.0,65.1,65.0,72.8,73.0,85.8,80.0,7.0,7.0,9,1.4,2
2.0,0.1,2.0,Nevada,58.4,39,66,59.0,5.0,5.0,5,0.0,0.0,68.4,66.0,90.8,88.0,231.5,111.5,1.0,1.0,1,0.0,0
2.0,0.1,0.5,Nevada,58.4,39,66,59.0,5.0,5.0,5,0.0,0.0,68.1,66.0,88.0,88.0,113.0,114.0,1.0,1.0,1,0.0,0
2.0,0.01,1.0,Oregon,58.4,54,72,54.0,10.7,9.5,14,0.1,1.0,91.1,89.0,125.6,131.5,139.2,80.0,3.4,3.0,8,2.0,3
1.0,0.05,2.0,Nevada,58.5,39,66,62.5,5.0,5.0,5,0.0,0.0,74.0,73.0,94.0,88.0,114.0,114.0,1.0,1.0,1,0.0,0
0.5,0.05,1.0,Nevada,58.5,39,66,62.5,5.0,5.0,5,0.0,0.0,72.4,73.0,99.2,88.0,113.0,114.0,1.0,1.0,1,0.0,0
2.0,0.05,1.0,Nevada,58.5,39,66,62.5,5.0,5.0,5,0.0,0.0,73.5,70.5,96.8,89.0,114.0,114.0,1.0,1.0,1,0.0,0
0.5,0.25,1.0,West Virginia,58.7,58,65,58.0,9.3,9.0,10,0.0,0.0,65.9,65.0,73.4,73.0,90.4,80.0,2.4,2.5,4,0.0,0
1.0,0.25,2.0,West Virginia,58.7,58,65,58.0,14.3,14.5,15,0.0,0.0,66.6,65.0,76.4,73.0,94.9,80.0,6.8,7.0,10,1.1,2
2.0,0.1,2.0,West Virginia,58.7,58,65,58.0,13.6,14.0,16,0.0,0.0,88.9,69.0,98.2,79.0,95.1,80.0,7.2,7.5,10,1.2,2
0.5,0.01,0.5,Illinois,58.8,47,70,62.5,29.9,29.5,33,0.0,0.0,69.3,67.5,75.2,78.0,96.2,82.5,4.8,5.0,8,1.3,4
2.0,0.01,2.0,Kentucky,58.8,44,63,62.0,33.9,33.5,38,0.0,0.0,71.6,63.0,99.1,98.0,63.1,28.0,18.2,18.0,25,12.7,16
2.0,0.01,0.5,Kentucky,59.0,44,63,63.0,32.5,31.5,38,0.1,1.0,89.8,97.5,111.2,109.0,92.2,75.0,15.0,13.0,25,11.9,16
1.0,0.25,0.5,Vermont,59.1,53,73,60.0,10.3,10.0,12,0.3,1.0,68.8,67.0,80.1,80.0,65.4,78.0,14.2,14.0,17,3.7,5
2.0,0.01,1.0,Kentucky,59.1,44,63,63.0,34.1,34.5,37,0.0,0.0,89.7,97.0,101.9,102.0,128.8,129.0,13.9,13.5,19,10.9,17
0.5,0.05,2.0,Nevada,59.2,39,66,66.0,5.0,5.0,5,0.0,0.0,74.9,77.5,94.0,88.0,112.33333333333333,114.0,1.0,1.0,1,0.0,0
1.0,0.05,1.0,Michigan,59.2,58,61,59.0,38.5,39.0,43,0.0,0.0,60.6,60.0,62.3,62.5,66.8,72.0,21.5,22.0,26,17.8,24
2.0,0.01,0.5,Washington,59.3,42,81,59.0,7.7,7.5,10,0.5,2.0,71.8,67.0,97.5,90.0,75.5,81.5,17.3,16.5,21,12.8,16
2.0,0.01,0.5,Indiana,59.4,44,78,61.0,46.4,47.0,50,0.0,0.0,74.2,78.0,80.7,80.0,95.2,95.0,20.7,21.0,28,15.1,22
2.0,0.01,0.5,Ohio,59.7,41,82,59.5,51.6,52.0,55,0.1,1.0,74.0,76.0,83.3,83.5,82.9,76.0,16.6,17.0,25,9.0,12
1.0,0.01,1.0,Oregon,60.1,54,99,54.0,11.4,12.0,15,0.1,1.0,81.7,83.5,126.6,131.0,158.6,80.0,3.6,3.5,6,1.5,4
2.0,0.1,1.0,West Virginia,60.2,58,73,58.0,13.8,14.0,15,0.0,0.0,109.1,76.0,138.5,167.5,106.0,80.0,6.5,7.0,10,0.9,2
1.0,0.01,0.5,Utah,60.3,45,78,67.5,10.3,10.0,13,0.0,0.0,71.8,73.0,79.9,77.5,34.9,28.0,8.4,8.5,11,2.3,5
0.5,0.01,0.5,Ohio,60.3,41,82,61.0,31.5,32.0,35,0.3,2.0,71.9,71.5,84.1,85.5,86.7,56.5,8.1,8.5,11,4.6,6
1.0,0.01,2.0,Indiana,60.3,49,78,61.0,48.1,48.0,53,0.0,0.0,74.2,78.0,82.3,79.0,100.2,100.5,20.4,20.5,26,14.1,17
2.0,0.01,1.0,Montana,60.4,33,173,33.0,7.1,7.0,8,0.0,0.0,150.0,157.5,179.2,173.0,109.11111111111111,119.0,2.111111111111111,2.0,3,0.0,0
2.0,0.05,0.5,Nevada,60.5,39,66,62.5,5.0,5.0,5,0.0,0.0,74.7,73.0,96.4,88.0,114.0,114.0,1.0,1.0,1,0.0,0
2.0,0.05,2.0,Nevada,60.5,39,66,62.5,5.0,5.0,5,0.0,0.0,74.7,73.0,96.6,88.0,112.88888888888889,114.0,1.2222222222222223,1.0,2,0.0,0
2.0,0.05,0.5,Tennessee,60.5,41,93,41.0,37.7,37.5,43,0.0,0.0,87.8,88.0,95.1,93.0,75.4,107.0,21.1,21.5,25,10.4,13
0.5,0.01,2.0,Kentucky,60.6,44,63,62.0,31.0,31.5,35,0.0,0.0,76.2,63.0,98.4,101.5,88.5,101.0,15.6,15.0,21,11.4,14
1.0,0.01,1.0,Kentucky,60.7,44,63,62.5,30.6,30.5,35,0.0,0.0,80.0,75.5,97.9,101.0,117.7,128.5,14.1,13.5,23,11.5,16
0.5,0.01,2.0,California,60.8,40,76,62.0,3.5,3.5,6,11.2,23.0,98.8,111.5,126.375,131.0,28.0,28.0,78.9,78.5,87,27.7,30
0.5,0.01,0.5,Kentucky,60.9,44,63,63.0,13.9,14.5,16,0.0,0.0,88.4,97.5,109.7,105.0,122.9,124.5,5.7,5.5,11,4.7,8
0.5,0.01,1.0,Kentucky,60.9,44,63,63.0,21.6,20.5,27,0.2,1.0,101.2,97.0,121.2,105.0,158.7,167.0,8.1,8.0,14,7.8,11
2.0,0.01,1.0,California,60.9,50,68,62.0,3.6,4.0,5,12.0,20.0,98.6,107.0,117.44444444444444,125.0,28.0,28.0,80.2,78.5,94,28.4,30
0.5,0.01,1.0,Michigan,61.0,58,70,60.0,29.1,30.0,33,0.0,0.0,65.8,65.5,72.4,70.0,67.4,54.5,13.4,14.0,17,12.8,19
2.0,0.01,0.5,Pennsylvania,61.2,53,97,53.0,43.5,44.5,49,0.1,1.0,77.3,70.0,91.0,95.0,100.4,107.0,16.8,16.5,22,8.0,13
0.5,0.01,0.5,California,61.3,53,76,62.0,3.7,3.5,5,8.4,19.0,88.6,87.5,130.6,131.0,28.0,28.0,61.8,61.5,74,23.4,25
1.0,0.01,0.5,Ohio,61.4,50,82,61.0,42.9,43.5,47,0.2,1.0,75.9,73.5,84.8,83.5,81.2,77.5,11.8,12.5,16,6.3,9
ALL,ALL,ALL,Nevada,61.44166666666667,39,116,59.0,4.722222222222222,5.0,5,0.011111111111111112,1.0,80.19722222222222,66.0,110.88764044943821,88.0,118.45664739884393,109.0,1.1016949152542372,1.0,2,0.025,1
0.5,0.01,0.5,Washington,61.5,42,97,56.5,5.1,5.5,7,0.6,2.0,75.6,80.5,91.3,85.0,86.7,82.0,10.5,11.0,13,9.0,13
2.0,0.01,1.0,Indiana,61.5,57,78,61.0,47.4,49.0,50,0.0,0.0,74.6,78.0,86.0,90.5,116.1,116.0,21.6,21.0,28,15.0,22
0.5,0.01,2.0,North Dakota,61.6,53,85,59.0,11.0,11.0,12,0.0,0.0,111.0,71.0,121.0,85.0,121.75,127.0,2.2,2.0,4,2.1,4
2.0,0.01,1.0,Nebraska,61.6,47,81,58.0,26.6,27.0,29,0.0,0.0,79.9,81.0,85.2,82.0,180.2,168.0,4.8,5.0,8,9.1,12
1.0,0.01,1.0,Ohio,61.6,41,85,65.0,51.1,50.0,55,0.3,1.0,75.9,75.5,84.8,83.5,102.5,82.0,14.6,14.0,23,9.8,14
2.0,0.1,0.5,West Virginia,61.7,58,73,58.0,13.6,13.5,15,0.0,0.0,96.7,65.0,141.1,172.5,156.9,80.0,3.7,4.0,6,0.9,2
1.0,0.01,0.5,Oregon,61.7,54,99,54.0,7.8,7.5,11,0.0,0.0,94.1,97.0,143.8,145.0,114.25,80.0,2.111111111111111,2.0,4,1.3,3
0.5,0.1,2.0,Vermont,61.7,53,78,60.0,10.1,10.0,11,0.1,1.0,74.0,76.5,82.2,80.5,63.0,78.0,15.2,15.0,18,3.9,5
1.0,0.01,1.0,California,61.7,57,68,62.0,4.4,4.0,8,9.6,17.0,93.5,105.5,120.22222222222223,113.0,28.0,28.0,80.0,79.0,86,27.0,29
2.0,0.01,2.0,Michigan,61.8,58,70,62.0,35.5,35.0,39,0.0,0.0,69.1,71.5,73.3,75.0,61.1,55.0,19.1,19.0,24,16.7,22
1.0,0.05,0.5,Nevada,61.9,39,66,66.0,5.0,5.0,5,0.0,0.0,79.0,80.0,99.2,88.0,112.33333333333333,114.0,1.0,1.0,1,0.0,0
2.0,0.05,0.5,Maryland,61.9,51,89,54.0,14.2,14.5,16,0.6,2.0,83.5,86.0,93.2,91.5,79.2,72.0,14.5,13.0,22,2.1,4
2.0,0.1,1.0,Vermont,62.0,60,80,60.0,10.6,11.0,12,0.0,0.0,79.4,80.0,86.5,87.0,45.6,28.0,13.2,13.5,17,3.4,6
1.0,0.01,1.0,Indiana,62.1,46,78,61.0,47.7,46.5,55,0.0,0.0,73.0,78.0,82.8,84.5,107.4,108.0,19.3,19.0,25,13.6,20
0.5,0.01,1.0,Ohio,62.2,41,82,62.5,38.8,39.0,46,0.3,2.0,73.8,70.0,85.5,82.0,42.3,28.0,12.8,11.5,19,7.1,12
0.5,0.01,1.0,California,62.2,40,76,63.5,4.1,4.0,6,9.2,19.0,95.1,98.0,115.9,119.0,28.0,28.0,63.6,63.5,72,25.6,28
2.0,0.1,2.0,Vermont,62.3,53,80,60.0,10.7,11.0,12,0.2,1.0,77.1,80.0,81.7,80.5,51.1,28.0,14.4,14.5,18,3.3,5
2.0,0.01,1.0,Michigan,62.3,58,70,61.0,36.2,36.0,42,0.1,1.0,70.8,70.0,74.5,75.0,78.7,86.5,19.8,19.5,26,15.1,20
0.5,0.05,2.0,Tennessee,62.4,41,88,70.0,36.2,36.5,40,0.0,0.0,89.1,88.0,100.2,101.5,75.4,107.0,19.9,20.5,28,7.9,12
2.0,0.01,0.5,California,62.5,50,69,62.0,3.7,4.0,4,15.1,19.0,103.3,107.0,129.44444444444446,131.0,28.0,28.0,81.0,79.0,90,27.8,29
1.0,0.01,1.0,North Dakota,62.6,59,71,59.0,11.1,11.0,14,0.0,0.0,74.0,71.0,87.4,85.0,150.44444444444446,113.0,3.1,3.5,6,2.1,5
1.0,0.01,0.5,Kentucky,62.6,62,63,63.0,24.8,24.5,31,0.0,0.0,84.7,97.0,99.8,101.0,120.4,135.0,9.9,8.0,18,8.0,10
1.0,0.01,2.0,Ohio,62.6,41,76,66.0,52.0,52.0,57,0.9,3.0,79.7,82.0,88.2,90.0,96.9,89.0,18.9,19.0,29,9.4,14
1.0,0.01,0.5,Michigan,62.6,58,70,62.0,31.5,32.5,38,0.0,0.0,68.5,70.0,73.4,71.5,63.7,80.0,16.6,16.0,23,13.9,21
2.0,0.01,0.5,Michigan,62.8,58,70,63.0,34.0,35.0,38,0.0,0.0,66.2,63.0,72.9,70.0,44.7,28.0,22.8,23.0,29,16.8,20
2.0,0.01,1.0,Pennsylvania,62.9,53,70,65.0,42.9,43.0,49,0.0,0.0,77.4,81.0,89.4,94.0,114.8,118.0,14.8,14.5,20,7.8,11
2.0,0.01,2.0,California,62.9,57,69,62.0,4.2,4.0,6,12.2,26.0,103.0,105.5,162.66666666666666,119.0,28.0,28.0,76.8,79.0,83,27.7,31
1.0,0.1,1.0,West Virginia,63.1,58,73,61.5,13.3,13.0,15,0.0,0.0,106.7,76.0,156.5,172.5,147.6,132.0,4.2,3.5,7,1.0,2
2.0,0.01,2.0,Oregon,63.1,54,97,54.0,11.6,11.5,14,0.1,1.0,102.4,97.0,138.2,145.0,153.44444444444446,100.0,3.3,4.0,5,2.2,4
2.0,0.01,1.0,Washington,63.1,42,83,67.0,7.2,8.0,9,0.6,5.0,76.9,80.0,108.9,83.0,67.3,81.5,17.3,18.0,20,13.9,16
2.0,0.01,2.0,North Dakota,63.2,59,73,59.0,12.4,12.5,14,0.0,0.0,80.6,78.0,99.4,98.0,147.9,150.0,4.8,5.0,7,3.4,5
0.5,0.01,2.0,Indiana,63.2,57,78,61.0,43.5,44.0,48,0.0,0.0,76.8,78.0,88.1,86.0,121.5,117.0,17.3,18.0,23,15.1,19
0.5,0.01,2.0,Michigan,63.2,58,70,61.5,34.6,34.5,38,0.0,0.0,70.1,70.0,74.1,74.0,73.5,77.5,18.8,19.5,22,15.3,22
1.0,0.01,1.0,Michigan,63.2,58,73,62.0,34.4,35.0,40,0.0,0.0,67.6,67.0,73.1,73.0,81.0,79.5,20.9,20.5,30,16.2,21
1.0,0.01,0.5,California,63.2,53,69,63.5,4.1,4.0,6,12.8,21.0,103.5,107.0,127.44444444444444,131.0,28.0,28.0,70.6,68.5,85,26.3,30
0.5,0.01,0.5,Michigan,63.3,58,68,63.0,21.0,20.5,26,0.1,1.0,68.5,69.0,73.6,73.0,81.1,87.0,12.9,13.0,16,10.7,16
1.0,0.01,2.0,California,63.4,57,72,63.5,4.3,4.0,7,12.6,20.0,101.7,107.0,147.2,131.0,28.0,28.0,75.3,76.0,86,27.6,30
2.0,0.01,2.0,Indiana,63.5,57,78,59.0,48.9,48.0,55,0.0,0.0,73.5,78.0,83.2,83.0,112.5,112.0,19.5,20.0,24,16.0,20
2.0,0.01,0.5,Oregon,63.6,54,118,54.0,11.4,11.0,14,0.1,1.0,92.1,89.0,123.3,131.5,105.1,80.0,3.9,3.0,7,2.2,4
0.5,0.01,2.0,Illinois,63.6,47,70,64.0,41.8,41.5,46,0.0,0.0,75.0,78.5,81.3,82.0,82.9,78.5,11.2,11.0,15,5.3,7
2.0,0.01,1.0,Illinois,63.6,47,81,65.5,45.9,46.0,49,0.0,0.0,72.7,70.0,78.8,80.0,91.6,87.0,15.1,14.5,21,5.6,9
0.5,0.01,2.0,Pennsylvania,63.6,53,99,53.0,43.0,43.0,45,0.0,0.0,81.1,70.0,90.9,94.0,95.5,110.0,18.2,18.5,23,6.1,9
1.0,0.1,2.0,Vermont,63.8,60,80,60.0,10.8,11.0,13,0.0,0.0,78.9,80.0,85.7,87.0,50.0,28.0,16.5,17.0,20,3.2,4
0.5,0.05,0.5,Nevada,63.9,59,66,66.0,4.0,4.0,4,0.0,0.0,77.2,77.5,88.6,88.0,111.0,111.5,1.0,1.0,1,0.0,0
0.5,0.01,0.5,North Dakota,64.0,59,85,59.0,5.0,5.0,8,0.0,0.0,91.4,71.0,82.66666666666667,82.0,151.0,141.0,1.5,1.0,4,0.6,2
0.5,0.25,0.5,North Carolina,64.0,64,64,64.0,15.4,15.0,17,0.0,0.0,80.8,82.0,90.9,93.0,84.5,100.0,1.8,2.0,4,2.1,3
0.5,0.25,1.0,North Carolina,64.0,64,64,64.0,22.5,22.5,24,0.0,0.0,80.8,82.0,90.8,93.0,107.2,100.0,3.7,4.0,6,4.1,6
1.0,0.25,2.0,North Carolina,64.0,64,64,64.0,32.1,32.0,34,0.0,0.0,80.8,82.0,90.4,93.0,67.4,28.0,7.6,8.0,10,5.2,7
0.5,0.25,2.0,North Carolina,64.0,64,64,64.0,30.6,30.0,33,0.0,0.0,79.0,82.0,88.9,91.0,94.5,89.0,5.2,4.5,9,5.5,7
2.0,0.25,0.5,North Carolina,64.0,64,64,64.0,31.6,31.5,33,0.0,0.0,81.4,82.0,92.8,93.0,118.2,100.0,6.2,6.0,9,5.9,9
2.0,0.25,1.0,North Carolina,64.0,64,64,64.0,31.1,31.0,33,0.0,0.0,81.4,82.0,91.5,93.0,62.9,58.5,6.8,7.5,8,6.1,7
2.0,0.25,2.0,North Carolina,64.0,64,64,64.0,31.8,31.5,33,0.0,0.0,79.6,82.0,90.8,93.0,147.0,100.0,6.3,6.0,9,6.4,8
1.0,0.01,2.0,Michigan,64.0,58,73,64.0,37.1,37.0,42,0.0,0.0,69.7,70.0,78.8,77.0,71.4,82.5,19.6,18.5,28,15.2,18
1.0,0.01,0.5,Georgia,64.3,48,107,48.0,22.4,22.5,28,0.0,0.0,113.8,117.0,131.2,129.0,239.33333333333334,205.5,0.8,1.0,3,2.3,5
0.5,0.01,0.5,Georgia,64.6,48,107,48.0,11.4,12.0,13,0.1,1.0,117.5,103.0,129.2,119.5,134.33333333333334,128.0,1.4285714285714286,1.0,3,1.0,3
2.0,0.01,2.0,Illinois,64.8,47,70,65.0,47.4,47.0,51,0.0,0.0,74.6,77.5,80.4,80.5,144.5,146.0,15.2,15.5,23,5.3,7
2.0,0.01,1.0,North Dakota,65.0,59,71,65.0,12.8,12.5,16,0.0,0.0,73.2,72.0,87.4,85.0,128.33333333333334,142.0,4.5,5.0,7,2.7,5
2.0,0.05,2.0,Vermont,65.0,60,78,60.0,10.4,10.0,13,0.0,0.0,80.0,80.0,88.2,88.0,50.8,28.0,12.8,14.0,16,3.6,6
0.5,0.01,1.0,Indiana,65.0,57,78,61.0,35.9,36.0,41,0.0,0.0,74.1,78.0,85.6,87.5,108.1,112.5,15.4,16.0,22,12.8,19
2.0,0.01,0.5,North Dakota,65.2,59,73,65.0,10.8,11.5,14,0.0,0.0,73.4,73.0,93.0,85.0,198.0,150.0,3.6,3.5,6,2.3,6
1.0,0.05,1.0,Nevada,65.3,59,66,66.0,5.0,5.0,5,0.0,0.0,79.5,80.0,91.4,88.0,114.0,114.0,1.0,1.0,1,0.0,0
0.5,0.01,2.0,Washington,65.4,47,85,67.0,7.1,7.5,9,0.5,1.0,83.6,82.5,92.4,97.0,80.4,93.0,17.9,18.0,22,12.4,14
1.0,0.1,1.0,Vermont,65.5,53,78,60.0,10.4,10.0,11,0.1,1.0,77.3,80.0,84.7,87.0,48.0,28.0,15.7,16.5,18,3.6,4
ALL,ALL,ALL,Maryland,65.66666666666667,48,202,51.0,12.808333333333334,13.0,17,0.2611111111111111,2.0,86.27222222222223,57.0,100.70555555555555,74.0,86.33611111111111,59.0,14.35,15.0,28,1.8611111111111112,5
1.0,0.01,2.0,Oregon,65.7,54,97,58.0,10.6,10.5,14,0.2,1.0,114.2,117.0,146.7,145.0,149.5,88.0,3.6,4.0,5,3.0,4
2.0,0.01,1.0,Georgia,65.7,48,129,48.0,33.9,33.5,39,0.1,1.0,104.1,99.0,124.5,126.0,189.5,164.0,3.2,3.0,5,5.9,8
1.0,0.25,0.5,North Carolina,65.8,64,82,64.0,28.1,29.0,30,0.0,0.0,80.7,82.0,89.8,92.0,76.2,94.5,5.8,6.0,7,5.0,7
2.0,0.01,0.5,Illinois,65.8,57,80,64.0,45.9,46.0,49,0.0,0.0,72.4,66.5,80.5,79.5,106.9,87.5,13.1,14.0,17,5.5,9
1.0,0.1,0.5,Vermont,65.9,59,80,60.0,10.6,11.0,12,0.0,0.0,79.4,80.0,84.0,84.5,38.0,28.0,13.6,13.5,16,3.4,5
1.0,0.01,0.5,Indiana,65.9,57,78,61.0,37.5,37.5,43,0.0,0.0,75.5,78.0,91.0,91.0,113.0,114.0,14.8,15.0,18,14.9,18
1.0,0.01,0.5,North Dakota,66.0,53,85,65.0,8.0,8.5,10,0.0,0.0,80.0,73.0,125.5,85.0,134.66666666666666,144.0,1.8,2.0,5,1.5,3
0.5,0.01,0.5,Indiana,66.0,44,78,64.5,30.1,29.0,38,0.0,0.0,81.1,80.5,88.5,91.0,116.0,117.0,12.5,12.0,16,12.2,16
0.5,0.01,2.0,Montana,66.1,33,173,33.0,5.6,5.5,7,0.0,0.0,148.9,163.5,176.7,173.0,122.71428571428571,119.0,1.2857142857142858,1.0,2,0.1,1
2.0,0.01,2.0,Ohio,66.1,50,76,65.0,54.2,54.0,57,0.4,2.0,80.0,79.0,87.7,85.0,102.2,94.0,16.1,15.0,22,8.8,11
0.5,0.01,2.0,Ohio,66.2,58,82,65.0,51.5,51.5,57,0.3,1.0,78.4,77.5,93.2,95.0,113.5,95.0,12.8,12.5,16,8.7,13
2.0,0.01,1.0,Ohio,66.3,50,91,65.0,56.1,56.5,60,0.2,2.0,77.8,78.0,87.4,83.5,93.9,57.0,14.2,13.5,20,7.0,9
2.0,0.01,2.0,Georgia,66.6,48,99,48.0,36.1,37.0,39,0.0,0.0,105.2,99.0,117.8,122.0,209.55555555555554,173.0,3.5,3.5,8,5.2,7
0.5,0.1,1.0,Vermont,66.7,60,80,60.0,10.6,10.5,13,0.0,0.0,80.7,80.0,85.3,87.0,53.0,53.0,14.0,14.0,18,3.4,6
1.0,0.01,1.0,Georgia,66.8,48,134,48.0,30.5,29.5,36,0.0,0.0,120.1,125.5,133.9,134.0,313.0,389.5,1.0,1.0,4,2.8,5
1.0,0.01,2.0,Washington,66.9,54,88,64.0,8.4,8.5,14,0.7,2.0,81.5,80.5,87.3,84.0,81.1,82.0,17.0,16.0,23,13.0,15
2.0,0.25,1.0,New Jersey,67.0,49,79,79.0,7.1,7.5,8,0.4,1.0,83.5,79.0,110.0,100.0,109.8,102.0,3.8,4.0,8,0.8,2
0.5,0.1,0.5,Vermont,67.0,53,80,60.0,10.4,10.5,12,0.1,1.0,77.0,80.0,84.7,84.0,57.0,53.0,14.0,14.0,17,3.6,5
1.0,0.1,2.0,North Carolina,67.0,64,82,64.0,31.7,32.0,34,0.0,0.0,84.8,82.0,99.2,100.0,57.9,28.0,8.2,8.0,12,4.8,7
1.0,0.01,2.0,Illinois,67.1,47,78,65.0,44.5,44.5,48,0.0,0.0,71.2,68.5,75.9,78.5,88.9,82.0,14.6,14.5,20,6.3,8
2.0,0.25,1.0,South Carolina,67.3,64,97,64.0,16.1,16.0,18,0.0,0.0,103.9,97.0,120.5,120.0,296.2,303.0,1.6,1.0,3,0.0,0
1.0,0.01,1.0,Montana,67.4,33,173,33.0,6.3,6.0,8,0.0,0.0,135.8,140.0,163.9,173.0,138.0,119.0,1.7777777777777777,1.0,3,0.0,0
2.0,0.05,1.0,Tennessee,67.5,41,88,66.5,39.4,40.0,41,0.0,0.0,83.0,88.0,92.2,93.0,58.5,28.0,23.8,23.0,29,11.4,13
1.0,0.01,1.0,Illinois,67.6,47,82,67.5,43.3,43.0,47,0.0,0.0,76.3,74.0,84.7,80.5,122.3,122.0,12.4,12.0,17,5.0,8
1.0,0.01,0.5,Illinois,67.7,57,82,67.5,38.0,38.0,41,0.0,0.0,77.4,80.0,84.7,82.5,95.3,97.0,9.7,10.5,14,4.1,7
2.0,0.01,2.0,Washington,67.9,47,83,67.0,8.6,9.0,11,0.3,1.0,83.3,83.0,90.9,93.5,70.1,81.5,15.7,15.5,21,13.2,17
2.0,0.01,0.5,Georgia,68.2,48,104,48.0,33.9,32.5,41,0.0,0.0,113.8,105.5,127.5,126.0,176.2,164.0,2.1,2.0,5,4.2,7
1.0,0.01,0.5,Washington,68.2,47,83,67.0,6.4,6.5,9,0.4,3.0,79.3,81.0,87.1,86.0,79.1,82.0,14.3,14.5,19,8.6,12
0.5,0.1,0.5,West Virginia,68.8,58,159,58.0,6.3,6.0,9,0.0,0.0,99.2,69.0,137.7,159.0,114.6,80.0,2.2,2.0,3,0.0,0
1.0,0.25,1.0,North Carolina,68.8,64,82,64.0,30.8,31.0,32,0.0,0.0,84.7,82.0,93.2,93.0,121.5,100.0,4.8,4.0,7,6.0,7
1.0,0.25,2.0,South Carolina,69.6,64,120,64.0,15.5,15.0,18,0.0,0.0,106.4,97.0,121.9,120.0,297.22222222222223,303.0,1.5555555555555556,1.0,3,0.0,0
0.5,0.05,0.5,Vermont,69.8,60,80,71.0,9.7,10.0,11,0.0,0.0,80.7,80.0,88.1,89.0,54.0,28.0,11.9,12.0,14,3.7,5
0.5,0.25,2.0,New Jersey,70.0,49,79,79.0,7.6,8.0,8,0.3,1.0,80.3,79.0,101.7,100.0,103.8,102.0,4.2,4.0,8,0.4,2
1.0,0.1,2.0,West Virginia,70.3,58,159,58.0,12.5,12.5,14,0.0,0.0,100.8,73.0,131.5,132.5,163.1,109.0,5.6,6.0,9,1.4,2
1.0,0.05,2.0,Vermont,70.4,60,80,73.0,10.2,10.0,12,0.0,0.0,82.1,80.0,88.8,89.0,66.8,85.0,15.2,15.0,19,3.8,5
2.0,0.1,0.5,Vermont,70.9,60,80,73.0,10.5,10.5,12,0.0,0.0,80.1,80.0,87.1,87.0,47.3,28.0,16.4,16.0,22,3.5,6
1.0,0.05,1.0,Vermont,70.9,60,80,75.5,10.3,10.5,11,0.0,0.0,81.5,80.0,91.3,89.0,69.3,86.5,12.3,13.0,16,3.7,5
0.5,0.25,2.0,Virginia,71.0,62,72,72.0,34.7,34.5,39,0.1,1.0,76.5,77.0,80.0,80.0,28.0,28.0,16.5,16.0,20,6.4,9
2.0,0.25,2.0,Virginia,71.0,62,72,72.0,35.6,36.0,37,0.1,1.0,76.5,77.0,80.0,80.0,28.0,28.0,17.5,17.0,21,6.4,7
0.5,0.1,2.0,North Carolina,71.2,64,82,64.0,29.9,29.5,32,0.0,0.0,87.4,82.0,95.3,96.0,113.3,100.0,5.3,5.0,7,5.3,7
1.0,0.01,2.0,North Dakota,71.3,59,85,71.0,12.7,12.5,15,0.0,0.0,82.8,73.0,106.1,85.0,143.5,150.0,4.1,4.0,6,2.3,5
0.5,0.05,2.0,Vermont,71.5,60,80,75.5,10.8,11.0,12,0.0,0.0,81.8,80.0,88.1,87.0,53.3,28.0,12.7,13.0,17,3.2,5
0.5,0.01,1.0,North Dakota,71.8,59,85,71.0,6.4,6.5,8,0.0,0.0,91.6,85.0,116.5,99.0,164.4,145.0,0.6,0.5,2,1.5,2
1.0,0.01,2.0,Montana,71.9,33,173,33.0,6.3,6.0,8,0.0,0.0,160.2,173.0,186.5,173.0,150.125,118.0,2.375,2.0,4,0.0,0
0.5,0.01,1.0,Oregon,71.9,54,97,72.0,7.6,7.0,9,0.1,1.0,105.3,99.0,137.5,145.0,148.9,90.0,2.1,2.0,5,2.0,3
0.5,0.01,0.5,Virginia,72.0,72,72,72.0,8.7,8.5,12,0.0,0.0,110.2,111.0,140.7,141.0,173.22222222222223,118.0,2.4,2.0,7,2.1,4
0.5,0.25,0.5,Virginia,72.0,72,72,72.0,27.0,27.0,30,0.0,0.0,77.0,77.0,80.0,80.0,28.0,28.0,9.1,9.0,11,3.2,4
0.5,0.1,0.5,Virginia,72.0,72,72,72.0,22.8,23.0,25,0.0,0.0,77.9,77.0,82.4,80.0,28.0,28.0,9.9,9.5,13,3.4,5
0.5,0.05,0.5,Virginia,72.0,72,72,72.0,18.9,19.0,22,0.0,0.0,79.0,77.0,87.2,88.0,73.1,94.5,8.7,8.5,11,3.6,5
1.0,0.01,1.0,Virginia,72.0,72,72,72.0,19.1,19.0,21,0.0,0.0,122.1,111.0,145.1,142.0,104.9,112.0,6.5,6.0,11,3.7,6
0.5,0.05,1.0,Virginia,72.0,72,72,72.0,25.0,24.0,30,0.0,0.0,81.2,80.0,87.1,88.0,82.6,66.0,7.6,8.0,14,4.4,7
1.0,0.05,1.0,Virginia,72.0,72,72,72.0,28.5,29.0,32,0.0,0.0,80.7,80.0,89.4,88.0,52.8,28.0,13.4,14.0,19,4.5,6
1.0,0.05,0.5,Virginia,72.0,72,72,72.0,25.2,25.0,29,0.0,0.0,84.2,84.0,88.2,88.5,58.9,28.0,10.9,11.5,14,4.8,7
2.0,0.05,2.0,Virginia,72.0,72,72,72.0,32.0,32.0,35,0.0,0.0,84.3,88.0,90.3,89.0,71.8,93.0,13.9,14.0,19,5.0,7
1.0,0.1,0.5,Virginia,72.0,72,72,72.0,27.7,28.0,30,0.0,0.0,77.9,77.0,82.5,80.0,28.0,28.0,12.5,13.0,15,5.0,6
1.0,0.05,2.0,Virginia,72.0,72,72,72.0,30.6,30.5,35,0.0,0.0,83.2,84.0,87.3,88.5,48.1,28.0,14.4,15.0,18,5.2,7
2.0,0.05,1.0,Virginia,72.0,72,72,72.0,31.3,31.5,33,0.0,0.0,82.1,80.0,88.1,88.0,33.6,28.0,13.8,14.0,20,5.2,7
0.5,0.05,2.0,Virginia,72.0,72,72,72.0,27.8,28.0,29,0.0,0.0,82.9,80.0,88.8,88.5,51.1,28.0,12.0,12.0,18,5.2,8
2.0,0.1,1.0,Virginia,72.0,72,72,72.0,32.9,33.0,36,0.0,0.0,77.9,77.0,82.4,80.0,36.2,28.0,14.8,13.5,19,5.3,7
0.5,0.25,1.0,Virginia,72.0,72,72,72.0,30.8,31.0,36,0.0,0.0,77.0,77.0,80.0,80.0,28.0,28.0,14.5,15.0,16,5.4,8
2.0,0.05,0.5,Virginia,72.0,72,72,72.0,29.9,30.5,32,0.0,0.0,80.7,80.0,89.4,88.0,67.6,28.0,14.2,15.0,18,5.4,9
0.5,0.1,1.0,Virginia,72.0,72,72,72.0,26.3,26.0,30,0.0,0.0,77.6,77.0,82.4,80.0,28.0,28.0,11.3,11.0,14,5.7,7
2.0,0.1,0.5,Virginia,72.0,72,72,72.0,32.3,32.5,34,0.0,0.0,78.2,77.0,83.3,80.5,28.0,28.0,15.3,15.0,19,5.7,7
1.0,0.1,1.0,Virginia,72.0,72,72,72.0,32.4,33.0,35,0.0,0.0,78.7,77.0,83.1,80.0,28.0,28.0,15.5,15.5,19,5.7,7
1.0,0.25,1.0,Virginia,72.0,72,72,72.0,33.9,34.0,37,0.0,0.0,77.3,77.0,80.8,80.0,28.0,28.0,17.6,17.0,21,5.8,7
0.5,0.1,2.0,Virginia,72.0,72,72,72.0,31.4,31.5,35,0.0,0.0,78.4,77.0,83.3,80.0,41.0,28.0,14.3,13.0,17,5.8,8
1.0,0.25,2.0,Virginia,72.0,72,72,72.0,36.0,36.0,38,0.0,0.0,77.0,77.0,80.0,80.0,28.0,28.0,18.2,17.5,23,5.9,7
1.0,0.1,2.0,Virginia,72.0,72,72,72.0,32.6,33.0,35,0.0,0.0,78.7,77.0,83.1,80.0,36.2,28.0,15.5,15.0,19,5.9,8
2.0,0.1,2.0,Virginia,72.0,72,72,72.0,32.9,32.5,35,0.0,0.0,79.9,80.0,86.3,88.0,36.6,28.0,15.8,16.0,20,6.3,8
1.0,0.25,0.5,Virginia,72.0,72,72,72.0,30.7,31.0,34,0.0,0.0,77.0,77.0,80.0,80.0,28.0,28.0,13.4,13.0,18,6.4,9
2.0,0.25,1.0,Virginia,72.0,72,72,72.0,35.7,36.0,38,0.0,0.0,77.0,77.0,80.0,80.0,28.0,28.0,18.1,18.0,22,6.4,8
2.0,0.25,0.5,Virginia,72.0,72,72,72.0,34.2,34.0,37,0.0,0.0,77.0,77.0,80.0,80.0,28.0,28.0,17.1,17.0,20,6.4,8
0.5,0.01,1.0,Washington,72.8,47,97,73.5,5.6,6.0,8,0.9,5.0,93.2,83.5,105.1,90.0,82.6,83.5,13.5,14.0,21,8.9,12
1.0,0.01,1.0,Washington,72.8,56,88,80.0,8.2,9.0,10,0.4,2.0,81.3,81.5,88.2,89.0,87.9,82.0,15.4,15.5,20,11.6,14
2.0,0.05,1.0,Vermont,72.9,60,80,78.0,10.4,10.0,12,0.0,0.0,83.1,80.0,90.8,89.0,60.2,53.0,11.8,11.0,19,3.6,5
2.0,0.25,2.0,New Jersey,73.0,49,79,79.0,7.5,8.0,8,0.2,1.0,81.5,79.0,101.3,100.0,114.8,102.0,3.5,2.0,8,0.3,2
0.5,0.1,1.0,North Carolina,73.0,64,82,73.0,22.1,22.0,24,0.0,0.0,89.0,86.5,101.8,100.0,93.5,100.0,3.4,3.0,6,4.5,8
ALL,ALL,ALL,Vermont,73.54444444444445,53,157,65.0,10.563888888888888,11.0,13,0.20555555555555555,3.0,86.76944444444445,80.0,97.02222222222223,87.0,69.96666666666667,78.0,12.652777777777779,13.0,22,3.2694444444444444,6
2.0,0.1,2.0,North Carolina,73.6,64,82,76.0,31.9,32.0,34,0.0,0.0,90.3,87.5,99.7,94.5,107.4,94.5,7.3,8.0,10,5.5,8
0.5,0.25,1.0,South Carolina,73.9,64,97,64.0,11.3,11.5,12,0.0,0.0,113.1,120.0,121.4,122.0,278.0,278.0,1.0,1.0,1,0.0,0
0.5,0.01,2.0,Oregon,73.9,54,99,75.0,11.4,11.0,14,0.1,1.0,107.7,108.0,138.3,145.0,178.0,100.0,2.5,2.0,6,2.0,4
ALL,ALL,ALL,Virginia,73.96111111111111,62,177,72.0,27.091666666666665,29.0,39,0.008333333333333333,1.0,89.08611111111111,80.0,98.94444444444444,88.0,58.29050279329609,28.0,11.783333333333333,12.0,23,4.8805555555555555,9
1.0,0.01,0.5,Pennsylvania,74.2,53,99,70.0,41.3,41.5,44,0.0,0.0,84.8,82.0,95.2,98.0,119.1,124.5,14.8,14.0,22,5.4,9
0.5,0.01,2.0,Virginia,74.3,72,95,72.0,18.5,17.5,26,0.0,0.0,123.3,123.0,151.6,153.0,107.6,114.0,5.3,4.5,12,3.3,6
0.5,0.1,0.5,North Carolina,74.4,64,96,73.0,13.8,13.5,17,0.0,0.0,88.4,86.5,98.9,96.0,101.1,100.0,1.9,1.5,4,2.4,4
0.5,0.01,0.5,Oregon,74.7,54,170,54.0,6.1,6.5,8,0.2,1.0,108.0,97.0,147.4,145.0,136.66666666666666,128.5,1.3333333333333333,1.0,4,1.0,2
2.0,0.01,0.5,Montana,75.0,33,173,33.0,6.1,6.0,8,0.0,0.0,170.0,173.0,209.4,196.0,144.5,119.0,1.875,1.5,4,0.2,1
0.5,0.25,2.0,South Carolina,75.2,64,120,64.0,12.6,13.0,14,0.0,0.0,113.4,120.0,121.3,122.0,288.6666666666667,294.0,1.0,1.0,1,0.0,0
2.0,0.1,1.0,North Carolina,75.2,64,104,73.0,31.5,31.0,35,0.0,0.0,92.3,93.0,105.7,104.0,55.6,28.0,7.0,7.0,8,4.8,6
1.0,0.1,0.5,North Carolina,75.2,64,104,73.0,26.1,26.5,30,0.0,0.0,90.4,87.5,103.0,100.0,109.22222222222223,100.0,3.5,4.0,5,6.1,9
1.0,0.01,2.0,Georgia,75.4,48,122,70.5,33.4,33.5,38,0.0,0.0,108.9,103.5,128.0,130.5,264.8888888888889,173.0,1.8,2.0,4,4.2,7
2.0,0.05,0.5,Vermont,75.5,60,80,80.0,10.7,10.5,13,0.0,0.0,86.3,84.5,92.4,90.0,63.0,53.0,13.2,13.0,19,3.3,5
1.0,0.05,0.5,Vermont,75.6,60,80,80.0,10.6,11.0,12,0.0,0.0,83.3,81.5,89.1,89.0,49.1,28.0,13.2,12.0,17,3.4,6
0.5,0.05,1.0,Vermont,75.8,60,80,79.0,10.4,10.5,12,0.0,0.0,83.0,80.0,91.2,89.0,49.0,28.0,12.7,12.5,17,3.5,5
0.5,0.25,0.5,New Jersey,76.0,49,79,79.0,7.2,7.0,8,0.1,1.0,80.2,79.0,110.9,108.0,129.9,104.0,2.6,2.0,6,0.1,1
2.0,0.25,0.5,New Jersey,76.0,49,79,79.0,7.9,8.0,8,0.1,1.0,80.2,79.0,105.4,100.0,110.7,102.0,3.6,3.0,6,0.1,1
0.5,0.25,1.0,New Jersey,76.0,49,79,79.0,7.5,8.0,8,0.1,1.0,79.0,79.0,100.2,100.0,117.6,102.0,4.2,3.5,8,0.2,2
1.0,0.25,2.0,New Jersey,76.0,49,79,79.0,7.7,8.0,8,0.1,1.0,84.7,79.0,105.4,100.0,103.5,102.0,3.7,3.0,7,0.2,2
0.5,0.05,2.0,North Carolina,76.0,64,82,82.0,28.0,27.5,31,0.2,1.0,99.0,100.0,112.4,109.0,92.8,100.0,5.8,6.0,9,5.1,7
1.0,0.05,1.0,North Carolina,76.6,64,82,82.0,27.9,28.5,30,0.1,1.0,100.7,104.0,115.9,114.0,158.0,127.5,5.0,5.5,7,4.9,7
0.5,0.01,1.0,Pennsylvania,77.6,53,108,76.0,38.7,39.0,44,0.0,0.0,86.2,88.5,95.3,98.0,110.5,149.0,15.1,14.0,21,6.2,9
1.0,0.1,1.0,North Carolina,77.8,64,96,79.0,29.9,30.0,32,0.0,0.0,89.2,87.5,100.3,104.0,167.0,100.0,5.1,6.0,8,5.6,8
0.5,0.01,1.0,Nevada,78.1,66,93,77.5,3.8,4.0,5,0.1,1.0,129.2,104.5,158.44444444444446,116.0,102.5,102.5,1.2,1.0,2,0.3,1
2.0,0.01,0.5,Virginia,78.3,72,95,72.0,19.6,20.0,22,0.0,0.0,106.0,109.0,131.4,123.0,65.2,28.0,5.9,5.5,10,3.0,5
2.0,0.1,0.5,North Carolina,78.4,64,82,82.0,30.0,29.5,32,0.0,0.0,93.6,93.0,99.8,96.0,131.6,100.0,5.0,5.0,6,6.2,8
1.0,0.25,0.5,New Jersey,79.0,79,79,79.0,7.3,7.0,8,0.0,0.0,80.2,79.0,102.7,100.0,114.6,102.0,3.3,3.0,5,0.0,0
1.0,0.25,1.0,New Jersey,79.0,79,79,79.0,7.7,8.0,8,0.0,0.0,82.8,79.0,110.4,100.0,117.2,102.0,3.1,3.0,5,0.0,0
0.5,0.01,0.5,Nevada,79.0,66,93,77.0,2.8,3.0,4,0.0,0.0,105.7,116.0,128.0,116.0,105.2,107.0,1.0,1.0,1,0.0,0
2.0,0.25,1.0,Massachusetts,79.4,71,83,80.0,8.0,8.0,9,0.0,0.0,84.0,83.0,92.9,92.0,107.6,102.0,3.5,3.5,5,0.0,0
1.0,0.01,1.0,Nevada,79.6,66,93,80.0,4.4,4.5,5,0.0,0.0,103.0,93.0,164.1,143.0,105.5,107.0,1.4285714285714286,2.0,2,0.1,1
2.0,0.05,1.0,North Carolina,79.9,64,104,82.0,30.9,30.5,34,0.0,0.0,97.4,96.0,111.4,104.0,57.9,28.0,7.5,7.0,10,4.3,6
0.5,0.25,2.0,Massachusetts,80.0,80,80,80.0,7.8,8.0,9,0.0,0.0,83.0,83.0,92.0,92.0,105.8,102.0,4.2,4.0,5,0.0,0
1.0,0.25,1.0,Massachusetts,80.0,80,80,80.0,8.0,8.0,9,0.0,0.0,83.0,83.0,92.9,92.0,108.8,105.0,3.7,4.0,5,0.0,0
2.0,0.25,0.5,Massachusetts,80.0,80,80,80.0,8.2,8.0,9,0.0,0.0,83.0,83.0,93.0,94.5,106.4,105.0,3.6,3.5,5,0.0,0
1.0,0.01,0.5,Virginia,80.1,72,153,72.0,15.2,15.0,18,0.0,0.0,110.4,102.0,127.7,123.5,192.88888888888889,176.0,3.9,4.0,7,2.9,5
1.0,0.25,0.5,Louisiana,80.2,79,91,79.0,4.0,4.0,4,0.0,0.0,92.3,91.0,104.5,104.5,,,0.0,0.0,0,0.0,0
1.0,0.25,2.0,Louisiana,80.2,79,91,79.0,5.1,5.0,6,0.0,0.0,92.3,91.0,104.6,105.0,,,0.0,0.0,0,0.0,0
0.5,0.25,0.5,Louisiana,80.2,79,91,79.0,3.8,4.0,4,0.0,0.0,92.3,91.0,104.1,104.0,,,0.0,0.0,0,0.0,0
1.0,0.25,1.0,Louisiana,80.2,79,91,79.0,5.3,5.0,6,0.0,0.0,92.4,91.0,108.9,104.0,,,0.0,0.0,0,0.0,0
2.0,0.25,1.0,Louisiana,80.2,79,91,79.0,6.0,6.0,6,0.0,0.0,92.3,91.0,104.3,104.0,,,0.0,0.0,0,1.0,1
0.5,0.25,1.0,Massachusetts,80.3,80,83,80.0,7.8,8.0,9,0.0,0.0,84.0,83.0,95.2,96.0,107.6,102.0,2.4,2.0,4,0.0,0
1.0,0.25,2.0,Massachusetts,80.3,80,83,80.0,8.0,8.0,9,0.0,0.0,84.3,83.0,95.0,96.0,102.6,102.0,3.1,3.0,4,0.1,1
2.0,0.25,2.0,Massachusetts,80.3,80,83,80.0,8.0,8.0,9,0.0,0.0,84.0,83.0,93.5,94.5,108.2,102.0,3.3,3.5,5,0.1,1
0.5,0.25,0.5,Massachusetts,80.6,80,83,80.0,7.3,7.0,8,0.0,0.0,84.8,83.0,93.9,94.5,105.2,102.0,2.5,2.5,3,0.0,0
1.0,0.25,1.0,Delaware,80.9,67,91,90.0,3.0,3.0,3,0.0,0.0,110.0,110.0,295.0,295.0,,,0.0,0.0,0,0.0,0
2.0,0.01,0.5,Nevada,80.9,59,93,90.0,4.5,4.5,5,0.0,0.0,102.8,116.0,172.6,144.0,106.0,107.0,1.3,1.0,2,0.1,1
0.5,0.1,0.5,Massachusetts,80.9,80,83,80.0,7.2,7.0,8,0.0,0.0,88.9,83.0,101.1,100.5,119.77777777777777,122.0,1.7,1.5,3,0.2,1
1.0,0.1,0.5,West Virginia,81.0,58,159,65.0,9.3,9.5,11,0.0,0.0,105.9,73.0,159.3,181.0,168.66666666666666,201.0,2.0,2.0,3,0.4,1
0.5,0.01,2.0,Georgia,81.0,48,132,93.0,28.9,28.0,33,0.0,0.0,109.7,105.5,128.4,127.5,267.44444444444446,259.0,1.7,1.5,4,2.5,5
1.0,0.25,0.5,Massachusetts,81.2,80,83,80.0,7.5,7.0,9,0.0,0.0,87.3,83.0,96.0,96.0,109.2,102.0,3.5,3.5,5,0.0,0
2.0,0.1,1.0,New Jersey,81.2,79,100,79.0,7.5,8.0,8,0.0,0.0,89.8,91.0,126.7,126.5,129.3,102.0,4.0,3.5,9,0.0,0
0.5,0.1,2.0,Massachusetts,81.2,80,83,80.0,7.6,8.0,8,0.0,0.0,90.0,83.0,99.7,97.0,109.2,102.0,4.3,4.0,6,0.0,0
2.0,0.01,1.0,Virginia,81.2,72,141,72.0,20.1,20.0,22,0.0,0.0,128.6,123.5,157.1,157.0,91.3,28.0,6.6,6.5,9,4.1,7
1.0,0.01,2.0,Nevada,81.3,66,116,77.0,4.5,5.0,5,0.2,1.0,146.5,116.0,205.2,144.0,106.5,107.0,1.3333333333333333,1.0,2,0.3,1
0.5,0.25,1.0,Louisiana,81.4,79,91,79.0,4.0,4.0,4,0.0,0.0,93.6,91.0,104.3,104.0,,,0.0,0.0,0,0.0,0
0.5,0.25,2.0,Louisiana,81.4,79,91,79.0,4.3,4.0,5,0.0,0.0,93.6,91.0,104.4,104.0,,,0.0,0.0,0,0.0,0
1.0,0.1,0.5,New Jersey,81.4,79,91,79.0,6.8,7.0,8,0.0,0.0,111.0,111.0,130.6,137.0,133.9,111.5,3.7,4.0,7,0.0,0
2.0,0.1,2.0,Massachusetts,81.5,80,83,81.5,7.5,7.5,9,0.0,0.0,90.4,89.5,102.7,105.0,113.2,108.0,3.9,4.0,5,0.1,1
1.0,0.1,0.5,Massachusetts,81.5,80,83,81.5,7.0,7.0,8,0.0,0.0,92.3,89.5,104.6,105.0,119.77777777777777,122.0,2.7,3.0,4,0.2,1
1.0,0.1,1.0,Massachusetts,81.5,80,83,81.5,7.4,8.0,8,0.0,0.0,89.7,89.5,102.4,105.0,124.4,105.0,3.3,3.0,5,0.2,1
2.0,0.01,2.0,Virginia,81.6,72,123,72.0,21.4,21.0,25,0.1,1.0,108.2,102.5,136.4,141.0,62.3,28.0,7.4,7.5,10,5.1,7
2.0,0.1,2.0,New Jersey,81.7,79,106,79.0,7.4,7.0,8,0.0,0.0,94.0,91.0,111.6,106.0,116.0,102.0,4.2,4.0,7,0.0,0
2.0,0.01,1.0,Nevada,81.7,66,93,90.5,4.4,4.5,5,0.1,1.0,130.0,116.0,193.4,144.0,108.4,107.0,1.0,1.0,2,0.1,1
0.5,0.1,1.0,Massachusetts,81.8,80,83,83.0,7.2,7.0,8,0.0,0.0,92.6,96.0,103.6,105.0,120.88888888888889,122.0,2.0,2.0,3,0.2,1
1.0,0.1,2.0,Massachusetts,82.1,80,83,83.0,7.3,7.0,9,0.0,0.0,92.8,96.0,103.7,105.0,111.6,105.0,3.2,3.0,4,0.1,1
2.0,0.05,1.0,Massachusetts,82.1,80,83,83.0,7.0,7.0,8,0.0,0.0,98.4,101.5,110.9,111.5,145.2,132.0,3.3,3.0,5,0.3,1
2.0,0.1,1.0,Massachusetts,82.1,80,83,83.0,7.2,7.0,8,0.0,0.0,95.2,96.0,102.8,101.5,116.2,115.0,3.3,3.0,5,0.3,1
2.0,0.1,0.5,Massachusetts,82.1,80,83,83.0,7.2,7.0,8,0.0,0.0,93.0,96.0,102.0,105.0,110.0,102.0,3.4,3.5,5,0.3,1
0.5,0.05,2.0,Massachusetts,82.1,80,83,83.0,6.8,7.0,8,0.0,0.0,103.3,107.5,113.8,113.0,157.5,132.0,2.7,3.0,4,0.4,1
0.5,0.05,1.0,Massachusetts,82.1,80,83,83.0,6.6,6.5,8,0.0,0.0,101.3,105.0,111.6,113.0,136.375,122.0,2.2222222222222223,2.0,3,0.6,1
0.5,0.05,0.5,Massachusetts,82.1,80,83,83.0,6.3,6.0,8,0.0,0.0,98.9,105.0,111.4,113.0,134.8,122.0,1.3,1.0,2,0.6,1
0.5,0.1,2.0,West Virginia,82.3,58,186,58.0,11.9,12.0,14,0.0,0.0,115.3,84.0,148.6,172.5,161.22222222222223,80.0,3.7777777777777777,3.0,8,0.6,2
2.0,0.05,0.5,Massachusetts,82.4,80,83,83.0,7.0,7.0,9,0.0,0.0,102.3,105.0,112.1,109.5,127.9,122.0,3.2,3.0,5,0.4,1
2.0,0.05,2.0,Massachusetts,82.4,80,83,83.0,6.9,7.0,8,0.0,0.0,101.4,106.0,113.1,113.0,126.9,122.0,2.7,2.0,5,0.6,1
0.5,0.01,0.5,Montana,82.5,33,173,57.5,3.0,3.0,5,0.0,0.0,154.3,173.0,204.85714285714286,173.0,118.25,96.0,1.0,1.0,1,0.0,0
2.0,0.25,0.5,Louisiana,82.6,79,91,79.0,5.1,5.0,6,0.0,0.0,95.1,91.0,113.0,104.0,,,0.0,0.0,0,0.0,0
2.0,0.01,0.5,Tennessee,82.6,41,112,88.0,30.1,29.5,35,0.0,0.0,107.1,101.0,122.9,112.0,106.4,121.0,13.3,13.5,16,5.2,9
0.5,0.1,1.0,West Virginia,82.7,58,159,65.5,7.0,7.0,8,0.0,0.0,117.2,116.0,150.7,176.0,116.57142857142857,80.0,1.4285714285714286,1.0,3,0.0,0
2.0,0.01,2.0,Montana,82.7,33,173,58.5,7.4,7.0,9,0.0,0.0,154.1,163.5,190.8,173.0,105.85714285714286,119.0,2.0,2.0,3,0.3,1
1.0,0.05,2.0,Massachusetts,82.7,80,83,83.0,7.0,7.0,8,0.0,0.0,102.8,105.0,111.2,113.0,146.77777777777777,132.0,2.5555555555555554,2.0,5,0.4,1
1.0,0.25,0.5,South Carolina,82.8,64,120,80.5,10.4,10.5,11,0.0,0.0,115.6,120.0,122.7,122.0,288.6666666666667,294.0,1.0,1.0,1,0.0,0
0.5,0.01,2.0,Nevada,83.0,66,116,88.0,4.7,5.0,5,0.0,0.0,112.7,116.0,144.1,144.0,116.2,107.0,1.2,1.0,2,0.0,0
1.0,0.05,2.0,North Carolina,83.0,64,96,82.0,30.6,31.0,33,0.0,0.0,99.3,96.0,111.4,104.0,55.6,28.0,7.7,8.0,9,4.3,7
2.0,0.01,2.0,Tennessee,83.1,41,110,89.0,32.4,32.5,36,0.0,0.0,98.2,100.0,112.3,109.5,114.8,120.5,19.1,19.0,24,5.9,10
1.0,0.01,0.5,Nevada,83.2,59,116,90.0,4.2,4.0,5,0.0,0.0,106.7,116.0,189.0,144.0,104.14285714285714,107.0,1.2857142857142858,1.0,2,0.0,0
2.0,0.25,2.0,Delaware,83.3,67,91,90.0,3.0,3.0,3,0.0,0.0,110.0,110.0,295.0,295.0,,,0.0,0.0,0,0.0,0
0.5,0.1,1.0,New Jersey,83.5,79,100,79.0,6.7,7.0,8,0.0,0.0,104.2,103.0,125.7,126.5,119.6,102.0,3.2,3.5,5,0.0,0
2.0,0.01,2.0,Nevada,83.7,66,116,89.0,4.7,5.0,5,0.0,0.0,106.5,116.0,198.2,158.5,119.25,107.0,1.25,1.0,2,0.0,0
2.0,0.25,2.0,Louisiana,83.8,79,91,79.0,6.0,6.0,6,0.0,0.0,96.2,91.0,104.5,104.5,,,0.0,0.0,0,1.0,1
2.0,0.05,1.0,West Virginia,84.0,58,188,61.5,12.7,12.5,16,0.0,0.0,149.3,172.5,187.3,188.0,138.8,138.0,4.4,4.0,8,1.1,2
0.5,0.01,1.0,Virginia,84.7,72,145,72.0,12.0,11.0,17,0.0,0.0,137.2,141.5,158.8,157.0,123.8,114.0,3.9,3.5,7,2.7,5
1.0,0.05,1.0,Massachusetts,84.8,83,101,83.0,6.4,6.0,7,0.0,0.0,104.3,105.0,114.1,113.0,154.66666666666666,122.0,2.1,2.5,4,0.6,1
1.0,0.1,0.5,Louisiana,85.0,79,91,85.0,3.8,4.0,4,0.0,0.0,103.4,97.5,116.11111111111111,105.0,,,0.0,0.0,0,0.0,0
0.5,0.1,0.5,Louisiana,85.0,79,91,85.0,3.6,4.0,4,0.0,0.0,103.5,97.5,127.44444444444444,105.0,,,0.0,0.0,0,0.0,0
1.0,0.05,0.5,Massachusetts,85.0,80,109,83.0,6.8,7.0,8,0.0,0.0,103.8,105.0,115.5,113.0,164.5,132.0,2.8,2.5,5,0.5,1
1.0,0.25,2.0,Alabama,85.0,80,130,80.0,14.8,15.0,16,0.0,0.0,141.1,151.0,159.1,168.0,212.0,186.0,0.5,0.5,1,0.9,1
0.5,0.1,2.0,New Jersey,85.3,79,106,79.0,6.9,7.0,8,0.0,0.0,106.8,95.5,135.8,137.0,119.0,104.0,3.9,4.0,5,0.0,0
1.0,0.25,2.0,Delaware,85.5,67,91,90.0,3.0,3.0,3,0.0,0.0,110.0,110.0,295.0,295.0,,,0.0,0.0,0,0.0,0
1.0,0.25,0.5,Delaware,85.6,67,91,90.0,2.4,2.0,3,0.0,0.0,110.0,110.0,295.0,295.0,,,0.0,0.0,0,0.0,0
2.0,0.1,0.5,New Jersey,85.6,79,106,79.0,7.5,8.0,8,0.0,0.0,109.5,106.0,133.5,137.0,125.1,105.0,3.0,3.0,5,0.0,0
1.0,0.1,2.0,New Jersey,86.2,79,106,79.0,7.7,8.0,8,0.0,0.0,103.0,91.0,128.8,137.0,116.7,104.0,3.8,4.0,6,0.0,0
0.5,0.05,1.0,North Carolina,86.4,82,104,82.0,20.2,20.0,23,0.3,1.0,112.5,109.0,119.8,122.5,149.625,100.0,2.6,3.0,5,3.7,7
0.5,0.05,0.5,New Jersey,86.5,79,106,85.0,4.5,4.5,6,0.0,0.0,114.3,118.5,145.7,145.0,104.9,104.0,3.1,3.0,4,0.0,0
2.0,0.05,0.5,North Carolina,86.5,64,114,82.0,30.0,30.5,33,0.0,0.0,104.8,104.0,119.4,114.0,124.9,100.0,6.2,5.5,13,4.8,8
2.0,0.05,2.0,North Carolina,87.2,76,104,82.0,31.3,31.5,34,0.1,1.0,106.2,104.0,116.9,115.5,35.9,28.0,6.9,6.0,11,3.8,5
0.5,0.25,0.5,South Carolina,87.4,64,120,80.5,7.1,7.0,8,0.0,0.0,113.5,120.0,122.6,122.0,,,0.0,0.0,0,0.0,0
1.0,0.25,1.0,South Carolina,87.4,64,120,80.5,12.8,13.0,14,0.0,0.0,113.7,120.0,124.8,121.5,330.5,330.5,1.25,1.0,2,0.0,0
2.0,0.25,2.0,South Carolina,87.4,64,120,80.5,16.5,16.0,18,0.0,0.0,111.4,120.0,124.8,122.0,303.0,303.0,1.375,1.0,2,0.0,0
2.0,0.25,0.5,South Carolina,87.4,64,120,80.5,13.2,13.0,16,0.0,0.0,115.8,120.0,123.1,122.0,304.5,298.5,1.5,1.0,3,0.0,0
2.0,0.1,0.5,Louisiana,87.4,79,91,91.0,4.8,5.0,6,0.0,0.0,100.4,104.0,126.4,105.0,,,0.0,0.0,0,0.0,0
0.5,0.1,0.5,New Jersey,87.4,79,106,85.0,5.9,6.0,8,0.0,0.0,102.3,100.0,130.1,137.0,121.125,102.0,1.75,2.0,2,0.0,0
2.0,0.25,1.0,Delaware,87.8,67,91,90.0,3.0,3.0,3,0.0,0.0,110.0,110.0,295.0,295.0,,,0.0,0.0,0,0.0,0
0.5,0.25,0.5,Delaware,87.9,67,91,90.0,2.0,2.0,2,0.0,0.0,110.0,110.0,,,,,0.0,0.0,0,0.0,0
0.5,0.25,1.0,Delaware,88.0,67,91,90.0,2.3,2.0,3,0.0,0.0,110.0,110.0,402.0,402.0,,,0.0,0.0,0,0.0,0
0.5,0.25,2.0,Delaware,88.2,67,91,90.5,3.0,3.0,3,0.0,0.0,110.0,110.0,295.0,295.0,325.0,325.0,1.0,1.0,1,0.0,0
1.0,0.01,1.0,Tennessee,88.2,41,112,89.0,27.5,27.5,29,0.0,0.0,103.7,102.0,121.2,120.0,144.6,145.0,12.5,11.0,19,5.4,9
1.0,0.05,0.5,New Jersey,88.6,79,106,91.0,6.1,6.0,7,0.0,0.0,132.0,137.0,154.5,153.0,136.3,104.0,3.7,4.0,6,0.0,0
0.5,0.1,1.0,Louisiana,88.6,79,91,91.0,3.5,3.5,4,0.0,0.0,106.5,104.5,135.4,151.0,,,0.0,0.0,0,0.0,0
1.0,0.1,2.0,Louisiana,88.6,79,91,91.0,4.8,5.0,6,0.0,0.0,106.5,104.5,141.2,151.0,,,0.0,0.0,0,0.0,0
0.5,0.1,2.0,Louisiana,88.6,79,91,91.0,4.0,4.0,5,0.0,0.0,107.5,104.5,148.2,125.5,,,0.0,0.0,0,0.0,0
1.0,0.1,1.0,Louisiana,88.6,79,91,91.0,3.8,4.0,5,0.0,0.0,127.6,125.5,207.4,161.0,,,0.0,0.0,0,0.0,0
1.0,0.1,1.0,New Jersey,88.6,79,106,91.0,7.3,7.0,8,0.0,0.0,104.6,100.0,132.2,137.0,125.6,107.0,4.1,4.0,7,0.0,0
0.5,0.05,2.0,New Jersey,88.6,49,106,91.0,6.0,6.0,7,0.1,1.0,133.9,137.0,170.0,167.0,119.8,117.0,3.1,3.0,5,0.1,1
2.0,0.1,1.0,Louisiana,88.6,79,91,91.0,5.7,6.0,6,0.0,0.0,107.5,104.5,167.5,156.0,,,0.0,0.0,0,1.0,1
0.5,0.25,1.0,Mississippi,89.0,89,89,89.0,9.2,9.0,10,0.0,0.0,92.0,92.0,111.0,111.0,99.0,99.0,1.0,1.0,1,0.0,0
1.0,0.25,0.5,Mississippi,89.0,89,89,89.0,12.1,12.0,14,0.0,0.0,92.0,92.0,111.0,111.0,99.0,99.0,1.0,1.0,1,0.0,0
1.0,0.25,2.0,Mississippi,89.0,89,89,89.0,14.9,15.0,16,0.0,0.0,92.0,92.0,111.3,111.0,99.0,99.0,1.0,1.0,1,0.0,0
2.0,0.25,1.0,Mississippi,89.0,89,89,89.0,14.8,15.0,16,0.0,0.0,92.0,92.0,110.6,111.0,99.0,99.0,1.1,1.0,2,0.0,0
0.5,0.25,2.0,Mississippi,89.0,89,89,89.0,13.5,14.0,14,0.0,0.0,92.0,92.0,111.3,111.0,99.0,99.0,1.1,1.0,2,0.0,0
0.5,0.25,0.5,Mississippi,89.0,89,89,89.0,7.0,7.0,8,0.0,0.0,92.0,92.0,110.9,111.0,99.0,99.0,1.0,1.0,1,0.0,0
1.0,0.25,1.0,Mississippi,89.0,89,89,89.0,14.5,15.0,15,0.0,0.0,92.0,92.0,111.0,111.0,99.0,99.0,1.1,1.0,2,0.0,0
2.0,0.25,2.0,Mississippi,89.0,89,89,89.0,14.9,15.0,16,0.0,0.0,92.0,92.0,111.2,111.0,99.0,99.0,1.0,1.0,1,0.0,0
2.0,0.25,0.5,Mississippi,89.0,89,89,89.0,14.8,15.0,16,0.0,0.0,92.0,92.0,110.9,111.0,99.0,99.0,1.1,1.0,2,0.0,0
2.0,0.1,1.0,Mississippi,89.0,89,89,89.0,14.7,15.0,16,0.0,0.0,92.0,92.0,111.7,111.0,99.0,99.0,1.2222222222222223,1.0,2,0.0,0
0.5,0.1,1.0,Mississippi,89.0,89,89,89.0,8.6,8.5,10,0.0,0.0,97.7,92.0,118.6,111.0,99.0,99.0,1.125,1.0,2,0.0,0
1.0,0.1,2.0,Mississippi,89.0,89,89,89.0,14.2,14.0,15,0.0,0.0,92.0,92.0,110.9,111.0,99.0,99.0,1.1,1.0,2,0.0,0
2.0,0.1,0.5,Mississippi,89.0,89,89,89.0,13.8,14.0,15,0.0,0.0,92.0,92.0,110.9,111.0,99.0,99.0,1.1,1.0,2,0.0,0
0.5,0.1,0.5,Mississippi,89.0,89,89,89.0,6.4,6.0,7,0.0,0.0,93.8,92.0,114.9,111.0,99.0,99.0,1.1111111111111112,1.0,2,0.0,0
0.5,0.05,2.0,Mississippi,89.3,89,92,89.0,11.1,11.5,12,0.0,0.0,100.0,92.0,125.5,130.0,167.16666666666666,99.0,1.1666666666666667,1.0,2,0.0,0
1.0,0.1,0.5,Mississippi,89.3,89,92,89.0,10.7,11.0,13,0.0,0.0,92.4,92.0,110.9,111.0,99.0,99.0,1.0,1.0,1,0.0,0
2.0,0.1,2.0,Mississippi,89.3,89,92,89.0,14.4,14.5,15,0.0,0.0,96.2,92.0,121.2,124.0,99.0,99.0,1.125,1.0,2,0.0,0
ALL,ALL,ALL,Massachusetts,89.46388888888889,71,219,83.0,6.8694444444444445,7.0,9,0.011111111111111112,2.0,107.08055555555555,96.0,123.49166666666666,106.0,139.65689149560117,122.0,2.7663817663817665,3.0,6,0.3277777777777778,2
0.5,0.05,0.5,North Carolina,89.5,64,131,82.0,13.3,13.0,16,0.0,0.0,104.3,96.0,115.1,104.0,166.77777777777777,100.0,1.6666666666666667,1.0,4,2.3,4
0.5,0.01,1.0,Tennessee,89.5,41,112,99.0,18.8,18.0,25,0.0,0.0,123.9,112.0,141.3,129.0,167.5,170.0,7.6,7.5,12,2.4,4
2.0,0.01,1.0,Tennessee,89.5,41,110,93.0,29.7,29.5,33,0.0,0.0,106.0,102.0,120.7,113.5,87.0,74.5,16.7,18.0,20,7.2,10
2.0,0.05,1.0,Mississippi,89.6,89,92,89.0,12.7,13.0,14,0.0,0.0,105.7,96.0,121.4,124.0,139.4,99.0,1.0,1.0,1,0.0,0
1.0,0.1,1.0,Mississippi,89.6,89,92,89.0,13.4,13.5,15,0.0,0.0,97.7,92.0,119.6,118.0,99.0,99.0,1.0,1.0,1,0.0,0
2.0,0.1,2.0,Louisiana,89.8,79,91,91.0,5.8,6.0,6,0.0,0.0,103.0,104.0,139.2,105.0,,,0.0,0.0,0,1.0,1
ALL,ALL,ALL,North Carolina,89.88888888888889,64,229,82.0,25.011111111111113,27.0,35,0.03611111111111111,2.0,112.79166666666667,93.0,127.96111111111111,104.0,140.41040462427745,100.0,4.775280898876405,5.0,13,4.186111111111111,9
0.5,0.1,2.0,Mississippi,89.9,89,92,89.0,12.1,12.0,14,0.0,0.0,98.1,92.0,118.2,114.5,99.0,99.0,1.2222222222222223,1.0,2,0.0,0
2.0,0.25,0.5,Delaware,90.1,67,110,90.5,3.0,3.0,3,0.0,0.0,113.7,110.0,295.0,295.0,,,0.0,0.0,0,0.0,0
0.5,0.1,2.0,Delaware,90.1,67,110,90.5,2.9,3.0,3,0.0,0.0,118.2,110.0,295.0,295.0,309.25,325.0,1.0,1.0,1,0.0,0
1.0,0.05,0.5,North Carolina,90.1,64,131,87.5,24.3,24.0,27,0.0,0.0,104.7,104.0,124.8,131.0,182.2,201.0,3.4,3.0,6,5.6,7
0.5,0.05,1.0,Mississippi,90.2,89,92,89.0,7.9,8.0,9,0.0,0.0,106.2,111.0,128.9,130.0,99.0,99.0,1.0,1.0,1,0.0,0
2.0,0.1,2.0,Delaware,90.2,67,110,91.0,2.8,3.0,3,0.0,0.0,115.2,110.0,295.0,295.0,,,0.0,0.0,0,0.0,0
1.0,0.05,0.5,Mississippi,90.3,89,96,89.0,9.3,9.5,11,0.0,0.0,99.6,92.0,120.6,120.5,99.0,99.0,1.0,1.0,1,0.0,0
0.5,0.1,0.5,Delaware,90.4,67,110,91.0,2.0,2.0,2,0.0,0.0,113.7,110.0,,,,,0.0,0.0,0,0.0,0
1.0,0.25,1.0,Alabama,90.6,80,151,80.0,13.3,13.0,14,0.0,0.0,144.9,151.0,172.1,168.0,199.0,186.0,1.1,1.0,2,0.0,0
2.0,0.05,2.0,New Jersey,91.1,79,106,85.5,6.9,7.0,8,0.0,0.0,119.4,133.5,141.7,153.0,135.7,117.0,3.6,3.0,9,0.0,0
2.0,0.01,2.0,Vermont,91.2,60,111,96.0,10.9,11.0,13,0.3,1.0,101.6,101.0,115.3,115.5,103.6,103.0,8.3,9.0,12,2.9,4
1.0,0.05,1.0,Mississippi,91.8,89,111,89.0,12.2,12.5,14,0.0,0.0,114.7,120.5,126.0,130.5,99.0,99.0,1.4,1.0,2,0.0,0
2.0,0.25,1.0,Alabama,92.1,80,151,80.0,15.4,15.0,17,0.0,0.0,137.1,130.0,160.7,151.0,186.0,186.0,0.8888888888888888,1.0,1,0.8,1
1.0,0.01,0.5,Montana,92.2,33,221,82.0,4.2,4.5,6,0.0,0.0,172.7,173.0,181.25,173.0,132.6,119.0,1.4,1.0,2,0.0,0
1.0,0.1,2.0,Delaware,92.5,90,110,91.0,3.0,3.0,3,0.0,0.0,115.2,110.0,295.0,295.0,199.0,199.0,1.0,1.0,1,0.0,0
0.5,0.1,1.0,Delaware,92.6,90,110,91.0,2.1,2.0,3,0.0,0.0,115.2,110.0,402.0,402.0,,,0.0,0.0,0,0.0,0
2.0,0.05,2.0,Louisiana,92.8,79,105,91.0,5.1,5.0,6,0.0,0.0,127.7,144.0,227.5,290.0,,,0.0,0.0,0,0.9,1
0.5,0.01,0.5,Maryland,92.9,51,142,101.0,6.6,6.5,9,0.5,1.0,155.0,154.0,195.7,196.5,159.2,132.0,3.6,3.0,8,1.1,3
1.0,0.01,2.0,Vermont,93.2,78,98,96.0,11.1,11.5,13,0.4,1.0,106.6,111.0,130.5,120.5,81.3,103.0,9.9,10.0,14,2.5,6
2.0,0.05,1.0,New Jersey,93.4,79,106,91.0,6.8,6.0,8,0.0,0.0,124.2,126.5,156.8,153.0,150.6,118.5,3.2,2.5,6,0.0,0
2.0,0.25,0.5,Alabama,93.5,80,130,80.0,13.9,14.0,15,0.0,0.0,136.3,130.0,156.1,151.0,186.0,186.0,0.8,1.0,1,0.9,1
2.0,0.05,2.0,Mississippi,93.7,89,111,89.0,13.6,14.0,15,0.0,0.0,111.7,117.5,123.1,130.0,200.83333333333334,200.0,1.1666666666666667,1.0,2,0.0,0
2.0,0.1,1.0,Delaware,93.9,67,110,90.5,2.9,3.0,3,0.0,0.0,124.1,110.0,295.0,295.0,,,0.0,0.0,0,0.0,0
0.5,0.25,2.0,Alabama,94.2,80,151,80.0,10.8,11.0,12,0.0,0.0,138.8,130.0,161.5,151.0,186.0,186.0,1.25,1.0,2,0.0,0
1.0,0.05,2.0,Mississippi,94.4,89,130,89.0,12.4,12.5,14,0.0,0.0,115.3,115.0,132.3,130.0,139.4,99.0,1.0,1.0,1,0.0,0
0.5,0.05,0.5,Mississippi,94.4,89,130,89.0,5.8,6.0,8,0.0,0.0,109.2,111.0,130.4,130.0,110.25,99.0,1.0,1.0,1,0.0,0
2.0,0.1,0.5,Delaware,94.4,90,110,91.0,2.9,3.0,3,0.0,0.0,117.4,110.0,295.0,295.0,,,0.0,0.0,0,0.0,0
1.0,0.1,0.5,Delaware,94.5,90,110,91.0,2.8,3.0,3,0.0,0.0,118.9,110.0,295.0,295.0,262.0,262.0,1.0,1.0,1,0.0,0
0.5,0.01,2.0,Tennessee,95.0,41,169,88.0,26.0,26.0,29,0.0,0.0,128.2,127.0,145.8,144.5,172.2,175.0,9.2,8.5,16,3.0,8
1.0,0.01,0.5,Tennessee,95.3,88,120,91.5,22.0,22.0,26,0.0,0.0,106.7,101.0,120.1,128.0,133.4,122.0,10.8,11.0,15,3.1,6
2.0,0.05,0.5,Mississippi,96.2,89,130,90.5,11.6,11.0,14,0.0,0.0,114.2,117.0,130.3,130.0,166.33333333333334,99.0,1.0,1.0,1,0.0,0
2.0,0.05,2.0,Delaware,96.4,90,110,91.0,2.8,3.0,3,0.0,0.0,122.6,110.0,308.375,295.0,,,0.0,0.0,0,0.0,0
2.0,0.01,2.0,Massachusetts,96.4,83,131,83.0,6.4,6.0,7,0.0,0.0,130.3,128.0,154.5,146.5,161.66666666666666,219.0,1.7,2.0,4,0.6,1
1.0,0.01,2.0,Virginia,96.4,72,177,72.0,21.6,21.0,27,0.0,0.0,125.3,118.0,147.8,156.5,120.6,109.5,6.5,7.0,12,4.4,7
1.0,0.1,1.0,South Carolina,96.5,64,122,97.0,12.2,12.0,13,0.0,0.0,122.4,122.0,131.6,134.0,284.0,278.0,2.125,2.0,3,0.0,0
0.5,0.05,0.5,Louisiana,96.8,79,161,91.0,2.4,2.0,4,0.0,0.0,113.88888888888889,105.0,158.5,161.0,,,0.0,0.0,0,0.0,0
2.0,0.05,0.5,Louisiana,96.8,79,161,91.0,4.2,4.0,5,0.0,0.0,140.4,105.0,203.3,161.0,,,0.0,0.0,0,0.0,0
0.5,0.01,0.5,Tennessee,97.0,41,129,100.0,14.4,15.0,18,0.0,0.0,124.7,119.5,143.8,130.5,180.4,180.0,2.8,2.0,5,1.5,3
1.0,0.01,2.0,Tennessee,97.2,70,124,93.0,29.0,29.5,33,0.0,0.0,107.6,103.0,124.5,118.0,111.7,114.0,15.1,14.5,20,5.5,8
1.0,0.05,2.0,Delaware,97.8,67,110,100.5,2.7,3.0,3,0.0,0.0,138.4,128.5,295.0,295.0,,,0.0,0.0,0,0.0,0
0.5,0.01,2.0,Vermont,97.8,78,122,93.5,10.9,11.0,12,0.4,2.0,118.9,106.0,132.9,118.5,98.3,108.0,8.2,8.5,14,2.8,5
1.0,0.05,2.0,Louisiana,98.0,91,161,91.0,4.7,4.5,6,0.0,0.0,144.8,128.0,207.1,161.0,,,0.0,0.0,0,0.0,0
1.0,0.05,0.5,Louisiana,98.0,91,161,91.0,3.0,3.0,4,0.0,0.0,132.66666666666666,151.0,173.0,161.0,,,0.0,0.0,0,0.0,0
0.5,0.05,0.5,Delaware,98.0,67,110,100.5,2.0,2.0,2,0.0,0.0,139.0,136.0,,,,,0.0,0.0,0,0.0,0
0.5,0.05,2.0,Delaware,98.0,67,110,100.5,2.7,3.0,3,0.0,0.0,131.9,128.5,295.0,295.0,305.1666666666667,325.0,1.0,1.0,1,0.0,0
2.0,0.05,1.0,Louisiana,98.0,91,161,91.0,5.5,6.0,6,0.0,0.0,157.0,161.0,246.7,290.0,,,0.0,0.0,0,0.8,1
1.0,0.1,1.0,Delaware,98.3,90,110,91.0,3.0,3.0,3,0.0,0.0,132.3,110.0,295.0,295.0,325.0,325.0,1.0,1.0,1,0.0,0
0.5,0.05,1.0,New Jersey,98.4,79,140,91.0,4.6,5.0,5,0.0,0.0,141.5,137.0,184.1,169.0,148.8,125.0,2.7,3.0,5,0.0,0
0.5,0.25,2.0,Connecticut,98.6,96,100,99.0,6.3,6.0,7,0.0,0.0,101.9,100.0,105.6,105.0,52.0,28.0,6.1,6.0,8,0.7,1
0.5,0.25,0.5,Arkansas,99.0,99,99,99.0,4.1,4.0,5,0.0,0.0,123.4,128.0,135.0,136.0,158.0,157.5,1.0,1.0,1,0.0,0
0.5,0.25,1.0,Arkansas,99.0,99,99,99.0,11.4,11.5,12,0.0,0.0,121.1,128.0,132.9,131.0,170.14285714285714,146.0,1.0,1.0,2,1.0,1
1.0,0.25,0.5,Arkansas,99.0,99,99,99.0,13.0,13.0,14,0.0,0.0,105.0,105.0,112.2,117.0,161.0,176.0,2.1,2.0,3,1.0,1
0.5,0.25,2.0,Arkansas,99.0,99,99,99.0,13.4,13.0,14,0.0,0.0,106.8,105.0,116.6,117.0,168.0,181.0,2.4,2.0,4,2.0,2
1.0,0.25,1.0,Arkansas,99.0,99,99,99.0,13.7,14.0,15,0.0,0.0,105.0,105.0,114.6,117.0,169.5,181.0,2.9,3.0,4,2.0,2
2.0,0.25,2.0,Arkansas,99.0,99,99,99.0,14.5,14.5,15,0.0,0.0,106.2,105.0,114.7,117.0,146.5,146.0,3.4,3.5,5,3.0,3
1.0,0.25,1.0,Connecticut,99.2,96,100,99.5,6.2,6.0,7,0.0,0.0,101.4,100.0,105.5,105.0,74.5,28.0,6.2,6.0,8,0.8,2
2.0,0.25,2.0,Connecticut,99.3,96,104,99.5,6.4,7.0,7,0.0,0.0,102.4,102.0,104.8,105.0,67.5,28.0,5.9,6.0,8,0.6,2
1.0,0.01,1.0,Vermont,99.3,80,111,96.0,10.9,11.0,12,0.6,1.0,122.1,115.5,143.9,151.0,100.7,110.5,6.8,6.5,11,2.7,6
1.0,0.05,1.0,Louisiana,99.4,91,161,91.0,3.3,3.0,4,0.0,0.0,166.3,161.0,257.6666666666667,290.0,,,0.0,0.0,0,0.0,0
0.5,0.05,2.0,Louisiana,99.4,91,161,91.0,2.9,3.0,4,0.0,0.0,170.2,161.0,273.14285714285717,298.0,,,0.0,0.0,0,0.0,0
2.0,0.25,0.5,Connecticut,99.4,96,102,99.5,6.3,6.5,7,0.0,0.0,101.4,100.0,105.7,105.5,98.6,71.0,6.0,5.5,11,0.7,2
0.5,0.25,0.5,Connecticut,99.4,96,100,100.0,5.9,6.0,7,0.0,0.0,102.6,103.5,107.3,106.0,134.4,114.0,3.8,3.5,6,1.0,2
1.0,0.25,0.5,Connecticut,99.5,99,100,99.5,5.8,6.0,7,0.0,0.0,101.6,100.0,107.8,108.0,114.1,148.5,4.1,3.5,7,1.2,2
0.5,0.25,1.0,New Hampshire,99.6,57,115,103.0,5.7,6.0,6,0.0,0.0,129.6,136.0,154.9,157.0,,,0.0,0.0,0,0.0,0
0.5,0.25,1.0,Connecticut,99.6,96,105,99.5,6.0,6.0,7,0.0,0.0,101.9,100.0,107.2,105.0,90.0,28.0,4.0,3.5,7,1.0,2
2.0,0.25,0.5,Arkansas,99.6,99,105,99.0,13.9,14.0,15,0.0,0.0,108.6,105.0,119.1,114.0,153.5,151.0,2.7,3.0,4,2.0,2
1.0,0.25,2.0,Arkansas,99.6,99,105,99.0,14.7,15.0,15,0.0,0.0,105.6,105.0,112.8,114.0,138.0,121.0,3.8,4.0,5,2.1,3
ALL,ALL,ALL,Mississippi,99.68888888888888,89,227,89.0,10.380555555555556,11.0,16,0.0,0.0,112.05042016806723,92.0,138.46045197740114,118.0,119.15384615384616,99.0,1.0854700854700854,1.0,2,0.0,0
1.0,0.25,1.0,Maine,100.0,98,102,100.0,12.7,13.0,14,0.0,0.0,103.2,102.0,112.6,105.0,,,0.0,0.0,0,0.2,1
1.0,0.05,1.0,New Jersey,100.2,79,137,106.0,6.5,6.0,8,0.0,0.0,138.8,137.0,168.2,167.0,145.9,118.0,2.3,2.0,5,0.0,0
1.0,0.25,2.0,Connecticut,100.2,96,105,99.5,6.1,6.0,7,0.0,0.0,102.1,100.0,105.5,105.0,76.1,28.0,7.1,7.0,8,0.9,2
2.0,0.25,1.0,Arkansas,100.2,99,111,99.0,14.4,14.0,15,0.0,0.0,106.8,105.0,117.1,117.0,156.0,163.5,3.8,4.0,7,2.2,3
2.0,0.1,1.0,Arkansas,100.2,99,105,99.0,14.3,14.0,16,0.0,0.0,112.2,117.0,128.4,136.0,184.9,181.0,4.3,4.0,7,2.2,3
1.0,0.05,0.5,Delaware,100.4,90,110,100.5,2.8,3.0,3,0.0,0.0,136.0,136.0,295.0,295.0,275.85714285714283,325.0,1.0,1.0,1,0.0,0
2.0,0.25,1.0,Connecticut,100.4,96,105,100.0,6.4,6.5,7,0.0,0.0,103.9,105.0,105.7,105.0,83.1,28.0,5.7,6.0,7,0.6,2
0.5,0.01,1.0,Maryland,100.4,51,202,87.5,9.0,9.0,11,0.5,1.0,160.7,163.5,208.7,209.5,157.0,135.0,4.9,3.5,11,1.1,4
0.5,0.1,1.0,Connecticut,100.5,99,105,100.0,5.6,6.0,6,0.0,0.0,106.2,107.5,121.5,117.0,152.0,183.0,3.9,3.5,6,1.4,2
2.0,0.25,2.0,Maine,100.8,98,102,102.0,13.5,13.5,14,0.0,0.0,103.5,103.5,111.6,108.0,,,0.0,0.0,0,0.3,1
0.5,0.25,2.0,Maine,100.8,98,102,102.0,12.6,12.5,14,0.0,0.0,105.3,103.5,113.4,108.0,,,0.0,0.0,0,0.4,1
2.0,0.25,1.0,Maine,100.8,98,102,102.0,12.8,13.0,14,0.0,0.0,103.2,102.0,112.0,108.0,,,0.0,0.0,0,0.6,2
2.0,0.05,1.0,Arkansas,100.8,99,117,99.0,14.2,14.0,16,0.0,0.0,117.0,117.0,132.9,136.0,168.3,181.0,5.1,5.0,8,1.8,4
1.0,0.05,0.5,Maine,101.2,98,102,102.0,11.0,11.0,12,0.0,0.0,120.7,129.5,127.5,132.0,257.6,258.0,1.4,1.0,2,0.0,0
0.5,0.25,0.5,Maine,101.2,98,102,102.0,9.6,9.5,11,0.0,0.0,103.2,102.0,109.1,105.0,,,0.0,0.0,0,0.1,1
0.5,0.25,1.0,Maine,101.2,98,102,102.0,12.0,12.0,14,0.0,0.0,103.8,105.0,112.4,111.0,258.0,258.0,0.3333333333333333,0.0,1,0.2,1
1.0,0.25,0.5,Maine,101.2,98,102,102.0,12.7,13.0,14,0.0,0.0,103.8,102.0,109.8,108.0,,,0.0,0.0,0,0.3,1
0.5,0.01,0.5,Massachusetts,101.3,83,131,83.0,4.4,5.0,5,0.0,0.0,162.2,160.0,197.8,169.0,195.5,219.0,1.0,1.0,3,0.5,1
1.0,0.1,1.0,Arkansas,101.4,99,117,99.0,13.0,13.0,15,0.0,0.0,111.1,105.0,122.9,117.0,167.1,181.0,3.2,3.5,5,1.6,2
1.0,0.1,0.5,Connecticut,101.4,99,105,100.0,5.3,5.0,7,0.0,0.0,106.3,106.5,121.7,114.5,136.5,183.0,3.0,3.0,5,1.7,3
0.5,0.1,0.5,Connecticut,101.5,100,105,100.0,5.9,6.0,7,0.0,0.0,107.6,105.0,118.9,111.0,138.5,183.0,3.1,3.0,4,0.7,2
1.0,0.05,1.0,Maine,101.6,98,102,102.0,11.2,11.0,13,0.0,0.0,117.1,116.0,129.1,132.0,273.5,273.5,0.6666666666666666,1.0,1,0.1,1
0.5,0.05,0.5,Maine,101.6,98,102,102.0,7.3,7.0,9,0.0,0.0,122.6,129.5,136.9,132.0,,,0.0,0.0,0,0.1,1
2.0,0.05,0.5,Maine,101.6,98,102,102.0,11.8,12.0,13,0.0,0.0,118.2,121.5,130.0,132.0,278.6666666666667,289.0,0.6,1.0,1,0.2,1
2.0,0.1,2.0,Maine,101.6,98,102,102.0,12.3,12.0,13,0.0,0.0,108.0,105.0,125.2,132.0,273.5,273.5,0.6666666666666666,1.0,1,0.2,1
0.5,0.1,2.0,Maine,101.6,98,102,102.0,11.7,12.0,13,0.0,0.0,110.2,105.0,127.3,132.0,268.3333333333333,258.0,0.6,1.0,1,0.2,1
1.0,0.1,1.0,Maine,101.6,98,102,102.0,11.8,12.0,12,0.0,0.0,110.4,105.0,125.7,132.0,258.0,258.0,0.3333333333333333,0.0,1,0.2,1
1.0,0.25,2.0,Maine,101.6,98,102,102.0,13.5,14.0,14,0.0,0.0,103.8,102.0,108.4,105.0,,,0.0,0.0,0,0.3,1
2.0,0.1,1.0,Maine,101.6,98,102,102.0,12.7,12.5,14,0.0,0.0,112.4,105.0,122.9,132.0,,,0.0,0.0,0,0.3,1
1.0,0.1,2.0,Maine,101.6,98,102,102.0,12.5,12.5,14,0.0,0.0,111.2,105.0,124.6,132.0,326.0,326.0,0.3333333333333333,0.0,1,0.5,2
2.0,0.1,0.5,Maine,101.6,98,102,102.0,12.2,12.0,13,0.0,0.0,109.3,105.0,124.5,132.0,,,0.0,0.0,0,0.5,1
2.0,0.01,2.0,Maryland,101.8,51,187,89.0,12.3,12.0,15,0.4,1.0,143.3,143.5,184.8,194.5,148.5,123.5,9.4,9.0,15,1.5,4
1.0,0.05,2.0,New Jersey,102.0,79,113,106.0,6.5,6.0,8,0.0,0.0,121.3,123.0,147.7,137.0,116.6,114.5,3.5,3.0,6,0.0,0
1.0,0.05,2.0,Maine,102.0,102,102,102.0,12.0,12.0,13,0.0,0.0,120.6,132.0,132.0,132.0,289.0,289.0,1.0,1.0,1,0.1,1
0.5,0.05,1.0,Maine,102.0,102,102,102.0,10.8,11.0,12,0.0,0.0,114.0,108.0,133.0,132.0,258.0,258.0,0.6666666666666666,1.0,1,0.1,1
2.0,0.05,1.0,Maine,102.0,102,102,102.0,12.1,11.5,14,0.0,0.0,124.5,132.0,132.5,132.0,268.3333333333333,258.0,0.75,1.0,1,0.1,1
1.0,0.1,0.5,Maine,102.0,102,102,102.0,11.8,12.0,13,0.0,0.0,109.6,105.0,126.0,132.0,265.75,258.0,0.8,1.0,1,0.1,1
0.5,0.05,2.0,Maine,102.0,102,102,102.0,10.7,11.0,12,0.0,0.0,126.0,132.0,136.6,132.0,278.6666666666667,289.0,1.0,1.0,1,0.2,1
2.0,0.25,0.5,Maine,102.0,102,102,102.0,13.6,14.0,14,0.0,0.0,104.7,105.0,117.8,112.0,,,0.0,0.0,0,0.2,1
2.0,0.05,2.0,Maine,102.0,102,102,102.0,11.9,12.0,13,0.0,0.0,118.8,121.5,131.3,132.0,291.0,289.0,1.0,1.0,1,0.2,1
0.5,0.1,1.0,Maine,102.0,102,102,102.0,11.4,11.5,13,0.0,0.0,110.7,105.0,126.8,132.0,284.25,258.0,0.6666666666666666,1.0,1,0.2,1
0.5,0.1,0.5,Maine,102.0,102,102,102.0,8.1,8.0,10,0.0,0.0,110.2,105.0,125.7,132.0,,,0.0,0.0,0,0.2,1
2.0,0.1,2.0,Connecticut,102.0,96,105,102.0,5.8,5.5,7,0.0,0.0,105.1,105.0,112.8,108.0,138.6,183.0,4.4,4.0,7,1.2,2
1.0,0.1,1.0,Connecticut,102.0,96,108,100.0,5.5,6.0,6,0.0,0.0,106.3,106.5,119.7,110.0,121.3,183.0,5.7,6.0,7,1.5,3
1.0,0.1,2.0,Connecticut,102.0,99,105,101.0,5.3,5.0,7,0.0,0.0,106.2,105.5,113.8,108.0,122.6,148.5,6.4,6.0,9,1.7,3
2.0,0.05,1.0,Delaware,102.1,90,110,110.0,2.5,2.5,3,0.0,0.0,142.7,154.5,295.0,295.0,206.0,206.0,1.0,1.0,1,0.0,0
0.5,0.1,2.0,Connecticut,102.5,99,108,101.0,5.6,5.5,7,0.0,0.0,106.6,106.5,116.1,108.0,160.6,183.0,4.7,4.5,7,1.4,3
2.0,0.01,0.5,Maryland,102.5,51,154,97.5,11.4,11.5,14,0.1,1.0,145.8,127.0,166.3,154.0,149.2,117.5,8.1,8.5,13,2.1,4
2.0,0.1,1.0,Connecticut,102.6,100,105,102.0,6.0,6.0,7,0.0,0.0,106.1,106.0,115.3,108.0,98.5,70.5,5.0,5.0,6,1.0,2
1.0,0.1,0.5,Arkansas,102.6,99,117,99.0,12.5,12.5,14,0.0,0.0,112.4,111.0,126.7,126.5,196.3,181.0,2.5,2.5,4,1.1,2
2.0,0.1,0.5,Arkansas,102.6,99,117,99.0,13.8,14.0,15,0.0,0.0,112.9,111.0,125.6,124.0,207.2,181.0,3.2,3.0,4,1.9,3
0.5,0.05,2.0,West Virginia,102.9,58,188,73.0,10.8,11.0,13,0.0,0.0,181.0,187.0,195.8,195.0,237.55555555555554,201.0,2.4444444444444446,2.0,5,1.1,2
2.0,0.1,0.5,Connecticut,102.9,99,108,103.5,5.8,6.0,7,0.0,0.0,107.6,108.0,123.6,123.5,128.2,176.0,5.1,5.0,8,1.2,2
2.0,0.05,0.5,New Jersey,103.1,79,151,106.0,7.1,7.0,8,0.0,0.0,133.2,137.0,166.8,153.0,178.9,117.0,3.1,3.5,4,0.0,0
0.5,0.01,2.0,Maryland,103.4,51,154,116.5,11.6,11.5,15,0.7,2.0,151.3,154.0,187.9,194.5,155.4,146.0,7.3,7.0,11,1.1,2
ALL,ALL,ALL,New Jersey,103.44166666666666,49,294,80.0,6.261111111111111,7.0,8,0.03899721448467967,1.0,135.3676880222841,116.0,173.77528089887642,137.0,151.95833333333334,114.5,3.0326409495548963,3.0,9,0.06388888888888888,2
1.0,0.1,0.5,South Carolina,103.6,64,134,108.5,8.4,8.0,11,0.0,0.0,128.3,121.0,140.9,134.0,270.3333333333333,278.0,1.6666666666666667,1.5,3,0.0,0
1.0,0.01,0.5,Vermont,103.6,80,157,96.0,10.9,11.0,12,0.5,2.0,128.7,111.0,147.3,134.5,113.2,114.0,6.6,6.0,11,2.5,4
2.0,0.05,1.0,Connecticut,103.8,100,108,105.0,5.7,6.0,6,0.0,0.0,107.4,108.0,147.6,166.0,170.9,176.0,4.8,5.0,8,1.3,2
0.5,0.1,2.0,Arkansas,103.8,99,117,99.0,12.2,12.0,13,0.0,0.0,117.1,117.0,127.6,136.0,184.9,181.0,1.9,2.0,5,1.6,2
1.0,0.1,2.0,Arkansas,103.8,99,117,99.0,14.5,14.0,16,0.0,0.0,116.6,117.0,128.3,133.5,169.9,181.0,3.2,3.0,5,1.8,2
2.0,0.05,2.0,Arkansas,103.8,99,117,99.0,14.6,14.5,16,0.0,0.0,120.1,122.5,131.3,136.0,190.1,181.0,4.9,4.5,9,2.1,4
2.0,0.01,0.5,Vermont,103.8,80,145,96.0,10.9,11.0,12,0.7,3.0,124.6,111.0,139.3,121.0,136.1,117.5,7.8,6.0,15,2.9,6
2.0,0.05,2.0,Connecticut,103.9,100,105,105.0,5.5,5.0,7,0.0,0.0,107.2,108.0,131.3,123.5,181.6,183.0,4.1,4.0,5,1.5,2
0.5,0.05,1.0,Delaware,104.2,90,110,110.0,2.1,2.0,3,0.0,0.0,150.3,162.0,295.0,295.0,253.6,206.0,1.0,1.0,1,0.0,0
2.0,0.05,0.5,Delaware,104.2,90,110,110.0,2.6,3.0,3,0.0,0.0,148.9,147.0,295.0,295.0,206.0,206.0,1.0,1.0,1,0.0,0
2.0,0.25,2.0,Alabama,104.2,80,151,80.0,17.7,18.0,19,0.0,0.0,148.1,151.0,166.7,163.0,186.0,186.0,1.2,1.0,2,1.0,1
1.0,0.05,1.0,Delaware,104.3,91,110,110.0,2.5,2.5,3,0.0,0.0,146.4,162.0,295.0,295.0,283.0,325.0,1.2222222222222223,1.0,2,0.0,0
0.5,0.01,1.0,Vermont,104.3,80,151,96.0,10.8,10.0,13,0.6,2.0,129.0,113.5,137.6,121.0,113.2,117.5,7.2,7.0,13,2.8,4
1.0,0.05,1.0,Connecticut,104.4,100,108,105.0,5.8,6.0,7,0.0,0.0,109.9,110.0,132.5,130.0,142.3,176.0,5.8,6.0,9,1.2,2
2.0,0.1,2.0,Arkansas,104.4,99,117,99.0,14.3,14.0,15,0.0,0.0,117.2,117.0,128.4,136.0,181.4,181.0,4.2,4.0,6,2.8,3
0.5,0.05,1.0,Connecticut,104.6,99,108,105.0,5.7,6.0,7,0.0,0.0,114.2,112.0,139.3,135.5,160.3,169.0,4.7,5.0,6,0.9,2
0.5,0.05,2.0,Connecticut,104.7,100,108,106.5,5.7,5.5,7,0.0,0.0,109.9,111.0,132.4,117.0,178.0,183.0,4.5,4.5,6,1.3,2
0.5,0.01,1.0,Georgia,104.7,48,150,106.5,19.9,19.5,27,0.1,1.0,134.4,143.0,143.5,152.0,189.66666666666666,173.0,0.4,0.0,2,1.5,3
0.5,0.05,1.0,Louisiana,105.0,91,161,91.0,2.5,3.0,3,0.0,0.0,159.77777777777777,151.0,181.33333333333334,161.0,,,0.0,0.0,0,0.0,0
2.0,0.05,2.0,West Virginia,105.0,58,188,73.0,13.1,13.0,16,0.0,0.0,158.1,172.5,181.1,188.0,173.5,190.0,4.8,4.5,8,0.8,2
0.5,0.01,0.5,Vermont,105.0,80,157,96.0,9.1,9.0,11,0.3,1.0,118.8,116.0,131.3,121.5,121.2,124.5,6.3,5.5,11,2.4,4
0.5,0.1,0.5,South Carolina,105.2,64,120,108.5,6.8,6.5,9,0.0,0.0,123.6,122.0,138.9,134.0,,,0.0,0.0,0,0.0,0
0.5,0.05,0.5,Connecticut,105.3,99,112,106.5,5.4,5.5,6,0.0,0.0,116.0,112.0,135.0,131.0,149.5,183.0,3.1,3.0,4,0.9,1
1.0,0.05,0.5,Connecticut,105.5,99,108,105.0,5.8,6.0,6,0.0,0.0,109.6,112.0,139.4,143.0,150.4,183.0,3.7,4.0,7,1.2,2
2.0,0.05,0.5,Connecticut,106.2,105,108,105.0,5.6,5.5,7,0.0,0.0,110.4,112.0,152.6,158.0,166.8,183.0,4.4,4.0,6,1.4,2
1.0,0.25,0.5,Alabama,106.3,80,151,80.0,7.8,8.0,9,0.0,0.0,150.4,151.0,171.2,168.0,202.25,186.0,1.375,1.0,2,0.0,0
ALL,ALL,ALL,Louisiana,106.36543909348443,79,456,91.0,3.861189801699717,4.0,6,0.0,0.0,146.78353658536585,105.0,176.67844522968198,151.0,339.0,339.0,0.016666666666666666,0.0,1,0.1671388101983003,1
2.0,0.01,1.0,Maryland,106.4,51,202,97.5,12.2,12.0,15,0.3,1.0,156.4,154.0,188.4,201.5,201.0,244.0,7.3,6.0,15,1.2,3
2.0,0.01,1.0,Vermont,106.4,80,141,103.5,10.9,11.0,13,0.2,1.0,126.3,121.0,140.2,151.0,121.1,104.5,6.8,7.0,11,2.8,5
0.5,0.05,2.0,Arkansas,106.7,99,128,102.0,11.5,12.0,13,0.0,0.0,121.1,117.0,138.6,136.0,160.0,158.5,3.6,3.0,7,1.8,3
ALL,ALL,ALL,Maine,106.89722222222223,98,216,102.0,10.852777777777778,11.0,14,0.0,0.0,122.61666666666666,105.0,139.63055555555556,132.0,289.5444444444444,289.0,0.6891891891891891,1.0,2,0.19722222222222222,2
1.0,0.05,0.5,West Virginia,106.9,58,188,69.0,8.3,8.0,11,0.0,0.0,168.0,186.0,185.3,188.0,227.5,223.5,2.25,2.0,4,0.1,1
1.0,0.05,1.0,West Virginia,107.1,58,188,65.0,11.9,12.0,13,0.0,0.0,148.2,181.0,193.6,187.0,205.0,220.0,2.6666666666666665,3.0,5,0.4,2
1.0,0.05,2.0,Connecticut,107.2,100,108,108.0,5.5,5.5,7,0.0,0.0,110.9,112.0,133.8,135.5,163.6,183.0,4.8,5.0,7,1.5,3
2.0,0.25,1.0,Rhode Island,107.3,101,122,101.0,3.6,4.0,4,0.0,0.0,225.0,225.0,321.0,321.0,,,0.0,0.0,0,0.0,0
1.0,0.25,2.0,Rhode Island,107.3,101,122,101.0,3.2,3.0,4,0.3,1.0,216.3,225.0,311.4,321.0,,,0.0,0.0,0,0.3,1
2.0,0.1,0.5,South Carolina,107.6,64,121,120.0,12.4,12.0,16,0.0,0.0,125.0,122.0,134.8,134.0,274.6,294.0,1.8,1.5,4,0.1,1
0.5,0.1,0.5,Arkansas,107.7,99,128,99.0,3.9,4.0,6,0.0,0.0,130.6,128.0,137.33333333333334,138.0,,,0.0,0.0,0,0.0,0
1.0,0.05,1.0,Arkansas,107.8,99,128,102.0,11.4,12.0,13,0.0,0.0,120.2,117.0,132.3,137.0,213.5,181.0,3.3,3.5,5,1.6,3
1.0,0.05,2.0,Arkansas,107.8,99,128,102.0,13.7,13.5,16,0.0,0.0,121.4,117.0,131.7,138.0,180.8,176.0,4.9,4.5,8,1.9,4
ALL,ALL,ALL,West Virginia,107.88300835654596,58,356,65.0,10.239554317548746,11.0,17,0.0028011204481792717,1.0,142.50980392156862,159.0,174.62,186.0,167.90490797546013,138.0,3.8689024390243905,3.0,10,0.6100278551532033,2
0.5,0.01,0.5,Maine,108.0,102,132,102.0,6.4,7.0,8,0.0,0.0,138.5,132.0,175.8,165.0,289.0,289.0,0.5,0.5,1,0.1,1
ALL,ALL,ALL,Delaware,108.05555555555556,67,192,91.0,2.5,3.0,3,0.0,0.0,158.72910662824208,110.0,304.30051813471505,295.0,245.66363636363636,206.0,1.4454545454545455,1.0,4,0.0,0
1.0,0.01,2.0,Connecticut,108.3,105,112,108.0,4.5,4.0,6,0.1,1.0,178.2,146.0,239.8,231.5,122.2,126.0,5.4,6.0,10,1.2,3
0.5,0.25,0.5,Alabama,108.4,80,151,80.0,2.6,3.0,4,0.0,0.0,154.625,151.0,174.0,174.0,186.0,186.0,1.0,1.0,1,0.0,0
2.0,0.05,0.5,Arkansas,109.1,99,128,105.0,12.5,12.5,14,0.0,0.0,123.6,117.0,138.8,137.0,234.2,252.5,3.4,3.5,6,1.9,3
1.0,0.25,0.5,New Hampshire,110.1,93,136,103.0,5.7,6.0,6,0.0,0.0,139.0,136.0,168.7,157.0,,,0.0,0.0,0,0.0,0
1.0,0.05,0.5,Arkansas,110.3,99,128,111.0,10.5,11.0,12,0.0,0.0,127.8,132.0,137.6,137.0,197.11111111111111,200.0,2.0,2.0,3,1.4,2
ALL,ALL,ALL,Arkansas,110.475,99,195,99.0,10.680555555555555,12.0,16,0.0,0.0,131.60555555555555,117.0,151.68361581920905,136.0,195.61904761904762,181.0,2.8641975308641974,3.0,9,1.2916666666666667,4
0.5,0.05,0.5,Arkansas,110.6,99,128,99.0,4.9,5.0,6,0.0,0.0,136.3,128.0,154.3,138.0,154.5,140.5,1.0,1.0,3,0.5,2
0.5,0.1,1.0,Arkansas,110.6,99,128,99.0,10.4,10.5,11,0.0,0.0,131.6,128.0,138.9,138.0,204.55555555555554,200.0,1.2,1.0,2,1.0,1
1.0,0.01,0.5,Maryland,110.7,75,154,111.5,11.0,11.0,16,0.5,1.0,169.9,170.5,195.2,202.0,149.3,146.0,6.1,6.5,9,1.1,2
2.0,0.05,0.5,South Carolina,110.8,64,122,121.0,10.6,11.0,13,0.0,0.0,134.9,134.0,168.3,171.0,252.75,278.0,2.5,3.0,4,0.0,0
2.0,0.1,2.0,South Carolina,110.8,97,120,120.0,15.1,16.0,17,0.0,0.0,123.5,121.5,130.8,134.0,293.375,278.0,1.5555555555555556,1.0,3,0.1,1
0.5,0.1,2.0,South Carolina,111.0,97,122,120.0,10.8,11.0,12,0.0,0.0,127.6,128.0,141.8,136.0,295.125,286.0,1.5,1.5,2,0.0,0
0.5,0.1,1.0,South Carolina,111.2,97,122,120.0,8.3,8.0,10,0.0,0.0,127.4,122.0,143.9,134.0,278.0,278.0,1.0,1.0,1,0.0,0
1.0,0.01,1.0,Maine,111.2,102,140,102.0,8.8,9.0,10,0.0,0.0,154.1,152.0,180.1,180.5,366.8333333333333,289.0,1.1666666666666667,1.0,2,0.0,0
0.5,0.25,1.0,Alabama,111.3,80,151,105.0,4.9,5.0,6,0.0,0.0,169.0,151.0,223.2,228.5,290.0,316.0,1.0,1.0,1,0.0,0
2.0,0.25,1.0,New Hampshire,111.4,57,136,109.0,6.4,6.0,7,0.0,0.0,144.4,146.5,177.9,180.0,,,0.0,0.0,0,0.0,0
0.5,0.25,0.5,Rhode Island,111.5,101,122,111.5,1.1,1.0,2,0.0,0.0,138.0,138.0,,,,,0.0,0.0,0,0.0,0
2.0,0.25,0.5,Rhode Island,111.5,101,122,111.5,3.4,3.0,4,0.0,0.0,207.6,225.0,301.8,321.0,,,0.0,0.0,0,0.0,0
2.0,0.25,2.0,Rhode Island,111.5,101,122,111.5,3.4,3.0,4,0.0,0.0,190.2,225.0,282.6,321.0,,,0.0,0.0,0,0.2,1
ALL,ALL,ALL,Connecticut,111.5111111111111,96,348,105.0,5.391666666666667,5.0,7,0.01680672268907563,1.0,131.49299719887955,108.0,157.58923512747876,117.0,147.67042253521126,178.0,4.671348314606742,5.0,11,1.1,3
1.0,0.01,1.0,Massachusetts,111.6,83,166,117.0,6.0,6.0,7,0.0,0.0,145.0,131.0,197.3,182.0,210.7,219.0,2.3,2.0,5,0.4,1
1.0,0.01,0.5,Massachusetts,112.2,83,169,98.0,5.2,6.0,6,0.2,2.0,163.3,128.0,182.5,159.0,157.625,157.0,1.7777777777777777,2.0,4,0.7,2
2.0,0.01,1.0,Arkansas,112.4,99,138,111.0,8.7,9.0,11,0.0,0.0,169.5,143.5,208.9,195.0,220.5,215.0,3.9,3.5,7,0.7,2
1.0,0.05,0.5,South Carolina,112.6,97,134,120.0,7.2,7.0,9,0.0,0.0,136.4,134.0,178.1,171.0,251.6,278.0,2.3,2.0,4,0.0,0
2.0,0.01,0.5,Massachusetts,112.7,83,157,114.5,5.8,6.0,6,0.0,0.0,146.8,129.5,181.2,157.0,193.7,219.0,3.2,2.5,6,1.0,2
2.0,0.01,2.0,Connecticut,113.0,105,166,108.0,4.3,4.0,6,0.0,0.0,162.8,112.0,250.7,266.0,168.6,127.0,5.4,5.0,9,1.7,2
1.0,0.1,2.0,South Carolina,113.5,97,122,120.0,13.9,14.0,16,0.0,0.0,123.8,122.0,134.5,134.0,255.55555555555554,278.0,2.4444444444444446,3.0,4,0.1,1
0.5,0.01,2.0,Massachusetts,113.5,83,213,107.0,5.6,5.5,8,0.0,0.0,142.7,128.0,165.5,160.0,195.44444444444446,219.0,2.3333333333333335,2.0,4,0.6,2
1.0,0.25,0.5,Rhode Island,113.6,101,122,122.0,2.6,2.5,4,0.2,1.0,216.3,225.0,307.8,331.0,,,0.0,0.0,0,0.2,1
0.5,0.05,1.0,South Carolina,113.8,97,134,120.0,6.0,6.0,8,0.0,0.0,137.1,128.0,158.9,171.0,221.5,200.0,1.25,1.0,2,0.0,0
0.5,0.25,2.0,New Hampshire,114.0,93,136,109.0,5.8,6.0,7,0.0,0.0,144.4,136.0,175.4,157.0,28.0,28.0,1.0,1.0,1,0.0,0
0.5,0.05,2.0,South Carolina,114.2,64,146,120.0,9.7,9.5,12,0.0,0.0,135.1,128.0,160.1,154.5,219.5,200.0,2.125,2.0,3,0.0,0
2.0,0.1,1.0,South Carolina,114.4,64,120,120.0,13.4,13.5,15,0.0,0.0,126.6,122.0,138.9,136.0,301.0,278.0,2.0,2.0,3,0.0,0
0.5,0.05,1.0,Arkansas,114.7,99,128,116.5,9.7,10.0,11,0.0,0.0,131.9,129.5,152.2,137.0,197.6,200.0,1.6,1.5,3,0.9,2
1.0,0.01,1.0,Maryland,116.3,75,177,127.0,11.5,11.0,14,0.8,2.0,183.2,202.0,201.0,212.0,143.8,130.5,7.4,7.5,13,1.9,4
2.0,0.01,0.5,Maine,116.8,98,164,102.0,8.5,9.0,10,0.0,0.0,150.3,152.0,175.8,177.0,319.2857142857143,289.0,1.125,1.0,2,0.3,1
1.0,0.01,2.0,Massachusetts,117.0,83,154,124.0,6.3,6.0,8,0.0,0.0,137.1,131.0,163.6,155.5,195.9,219.0,2.2,2.0,3,0.8,1
0.5,0.01,2.0,Mississippi,117.2,89,137,130.0,5.6,6.0,7,0.0,0.0,152.2,137.0,210.8,159.0,,,0.0,0.0,0,0.0,0
2.0,0.25,2.0,New Hampshire,117.3,93,136,125.5,6.1,6.0,7,0.0,0.0,139.9,146.5,173.7,180.0,,,0.0,0.0,0,0.0,0
0.5,0.25,0.5,New Hampshire,117.7,93,136,125.5,3.9,4.0,5,0.0,0.0,144.4,146.5,179.0,180.5,,,0.0,0.0,0,0.1,1
2.0,0.05,2.0,South Carolina,117.8,97,121,120.0,14.0,14.0,16,0.0,0.0,135.9,128.0,161.0,171.0,254.22222222222223,200.0,1.7777777777777777,2.0,3,0.0,0
0.5,0.01,1.0,Massachusetts,118.0,83,154,128.0,4.5,4.5,7,0.1,1.0,158.0,155.5,217.9,169.0,215.75,219.0,2.125,2.0,4,0.5,2
0.5,0.25,1.0,Rhode Island,118.4,101,191,111.5,2.2,2.0,3,0.0,0.0,216.3,225.0,273.0,273.0,,,0.0,0.0,0,0.0,0
1.0,0.01,2.0,Maryland,119.5,66,197,111.5,12.4,12.0,15,0.2,1.0,153.9,148.0,184.4,194.5,154.8,141.5,9.6,9.0,16,1.4,3
1.0,0.05,2.0,West Virginia,120.3,58,186,116.0,12.1,12.0,14,0.0,0.0,177.5,186.0,191.8,188.0,215.1,216.0,4.1,4.0,7,1.2,2
1.0,0.05,2.0,South Carolina,120.4,97,134,122.0,12.4,12.0,14,0.0,0.0,143.1,134.0,169.7,171.0,267.2,278.0,2.0,2.0,3,0.0,0
0.5,0.01,0.5,Mississippi,120.6,89,152,130.0,3.2,3.5,6,0.0,0.0,134.85714285714286,143.0,159.57142857142858,152.0,,,0.0,0.0,0,0.0,0
2.0,0.01,2.0,North Carolina,121.2,82,131,131.0,21.3,21.0,23,0.2,1.0,157.2,143.0,189.9,193.0,264.3,255.0,4.2,4.5,6,3.2,7
0.5,0.01,2.0,Maine,121.4,102,196,103.5,8.3,8.0,10,0.0,0.0,160.1,148.0,196.3,200.0,322.5,273.5,0.8333333333333334,1.0,2,0.2,1
0.5,0.05,0.5,South Carolina,121.6,97,134,122.0,3.6,4.0,6,0.0,0.0,179.6,171.0,191.42857142857142,200.0,,,0.0,0.0,0,0.0,0
1.0,0.25,2.0,New Hampshire,122.0,93,136,136.0,6.0,6.0,7,0.0,0.0,145.3,157.0,182.5,203.0,,,0.0,0.0,0,0.0,0
0.5,0.25,2.0,Rhode Island,122.0,101,185,122.0,3.5,3.5,4,0.2,1.0,216.3,225.0,311.4,321.0,,,0.0,0.0,0,0.2,1
2.0,0.01,2.0,Louisiana,122.8,91,144,144.0,3.8,4.0,6,0.0,0.0,251.6,290.0,352.1111111111111,300.0,,,0.0,0.0,0,0.0,0
2.0,0.25,0.5,New Hampshire,123.0,93,136,136.0,6.2,6.0,7,0.0,0.0,148.6,157.0,184.6,203.0,,,0.0,0.0,0,0.0,0
2.0,0.1,2.0,New Hampshire,123.0,93,136,136.0,5.7,6.0,6,0.0,0.0,146.5,157.0,182.5,203.0,,,0.0,0.0,0,0.0,0
0.5,0.01,1.0,Mississippi,124.1,89,155,130.0,3.6,3.0,7,0.0,0.0,151.4,137.0,196.875,152.0,248.0,248.0,1.0,1.0,1,0.0,0
ALL,ALL,ALL,South Carolina,124.20448179271709,64,379,120.0,9.644257703081232,10.0,18,0.0028735632183908046,1.0,162.07758620689654,122.0,185.48640483383687,134.0,278.04477611940297,278.0,1.6847290640394088,1.0,4,0.01680672268907563,1
0.5,0.05,0.5,West Virginia,124.4,58,202,159.0,4.5,4.5,6,0.0,0.0,173.3,186.0,192.11111111111111,188.0,196.88888888888889,195.0,2.0,2.0,3,0.1,1
1.0,0.01,0.5,Maine,124.6,98,165,131.0,7.8,8.0,11,0.0,0.0,161.8,140.5,201.2,199.0,235.0,227.0,1.3333333333333333,1.0,2,0.0,0
2.0,0.01,2.0,Mississippi,125.1,89,152,130.0,8.9,9.0,10,0.0,0.0,145.8,140.0,173.7,155.0,327.0,306.0,1.3333333333333333,1.0,2,0.0,0
2.0,0.01,2.0,Arkansas,125.9,99,195,117.0,9.3,9.0,12,0.0,0.0,162.9,138.0,214.8,195.0,242.0,217.0,3.888888888888889,4.0,6,0.5,2
0.5,0.05,0.5,New Hampshire,126.3,93,136,136.0,3.6,3.5,5,0.0,0.0,150.7,157.0,194.6,204.0,,,0.0,0.0,0,0.1,1
1.0,0.25,1.0,New Hampshire,126.3,93,136,136.0,6.1,6.0,7,0.0,0.0,150.7,157.0,189.2,203.0,28.0,28.0,1.0,1.0,1,0.1,1
2.0,0.05,1.0,South Carolina,126.5,120,171,120.0,12.1,12.5,13,0.0,0.0,142.4,134.0,162.6,158.5,233.14285714285714,200.0,1.875,2.0,3,0.1,1
1.0,0.25,1.0,Rhode Island,126.8,101,191,122.0,3.3,3.0,4,0.1,1.0,225.0,225.0,321.0,321.0,,,0.0,0.0,0,0.1,1
2.0,0.01,2.0,Maine,126.8,102,164,131.0,9.2,9.0,10,0.0,0.0,169.5,152.0,201.8,199.0,237.33333333333334,227.0,0.75,1.0,1,0.1,1
2.0,0.1,2.0,Rhode Island,126.8,101,191,122.0,3.1,3.0,4,0.1,1.0,216.3,225.0,311.4,321.0,,,0.0,0.0,0,0.2,1
1.0,0.01,2.0,Arkansas,127.0,99,195,122.5,7.8,7.5,10,0.0,0.0,159.1,138.0,207.8,194.0,251.1,259.5,2.8,2.0,5,0.5,2
0.5,0.01,1.0,Arkansas,127.1,99,138,128.0,5.1,5.5,7,0.0,0.0,161.8,149.0,215.9,195.0,208.57142857142858,200.0,1.0,1.0,2,0.4,2
2.0,0.05,0.5,New Hampshire,127.5,93,136,136.0,5.5,6.0,6,0.0,0.0,169.2,157.0,194.8,203.0,,,0.0,0.0,0,0.0,0
0.5,0.1,1.0,Alabama,127.6,80,151,151.0,6.5,6.5,8,0.0,0.0,160.5,168.0,211.1,197.0,234.75,186.0,1.5,1.5,2,0.0,0
1.0,0.1,2.0,Alabama,127.6,80,151,151.0,13.4,13.0,16,0.0,0.0,161.2,168.0,205.7,197.0,199.0,186.0,1.2,1.0,2,0.8,1
1.0,0.01,0.5,Mississippi,127.7,111,137,130.0,4.1,4.0,7,0.0,0.0,139.6,137.0,199.0,198.5,163.0,163.0,1.0,1.0,1,0.0,0
1.0,0.05,1.0,South Carolina,127.8,97,171,122.0,9.5,9.5,11,0.0,0.0,154.2,152.5,172.3,173.0,286.0,286.0,1.8,2.0,3,0.0,0
1.0,0.01,0.5,Arkansas,128.0,105,185,122.5,5.9,6.0,8,0.0,0.0,179.3,194.0,215.9,222.0,291.8,265.0,1.2,1.0,2,0.2,2
2.0,0.01,1.0,Delaware,128.6,110,192,110.0,2.3,2.0,3,0.0,0.0,242.0,195.0,355.0,295.0,237.33333333333334,254.0,1.5,1.0,3,0.0,0
2.0,0.1,1.0,Rhode Island,128.9,101,191,122.0,3.1,3.0,4,0.0,0.0,216.3,225.0,311.4,321.0,,,0.0,0.0,0,0.0,0
1.0,0.1,0.5,Alabama,129.0,80,151,140.5,7.3,7.5,9,0.0,0.0,155.3,159.5,206.5,182.5,199.0,186.0,1.6,2.0,2,0.0,0
0.5,0.1,0.5,Alabama,129.0,80,151,140.5,2.7,3.0,4,0.0,0.0,165.3,159.5,210.0,197.0,186.0,186.0,1.0,1.0,1,0.0,0
1.0,0.01,1.0,North Carolina,129.3,114,131,131.0,19.0,19.0,22,0.0,0.0,182.4,187.5,209.6,201.5,252.2,255.0,3.7,4.0,5,3.0,5
2.0,0.05,2.0,New Hampshire,129.4,103,136,136.0,5.4,5.0,7,0.0,0.0,164.5,157.0,192.0,203.0,,,0.0,0.0,0,0.0,0
0.5,0.05,2.0,New Hampshire,129.6,93,136,136.0,5.3,5.0,6,0.0,0.0,157.4,157.0,198.5,203.0,,,0.0,0.0,0,0.0,0
2.0,0.1,1.0,New Hampshire,129.6,93,136,136.0,5.4,5.0,6,0.0,0.0,152.8,157.0,193.8,203.0,,,0.0,0.0,0,0.0,0
1.0,0.01,2.0,Mississippi,129.7,89,227,130.0,7.5,7.5,9,0.0,0.0,150.3,143.0,219.1,233.5,399.0,473.0,1.3333333333333333,1.0,2,0.0,0
1.0,0.1,0.5,New Hampshire,129.7,115,136,136.0,5.2,5.0,6,0.0,0.0,150.7,157.0,193.8,203.0,264.0,264.0,1.0,1.0,1,0.1,1
0.5,0.01,0.5,Louisiana,129.88888888888889,91,161,161.0,1.5555555555555556,1.0,3,0.0,0.0,193.25,161.0,290.0,290.0,,,0.0,0.0,0,0.0,0
2.0,0.01,0.5,Mississippi,130.2,89,155,130.0,6.5,7.0,10,0.0,0.0,161.3,147.5,204.55555555555554,191.0,232.0,232.0,1.5,1.5,2,0.0,0
1.0,0.01,2.0,Maine,130.2,102,164,132.0,9.3,9.0,12,0.0,0.0,146.6,140.0,180.9,180.0,318.5,273.0,1.25,1.0,2,0.1,1
2.0,0.01,1.0,Maine,130.5,102,216,109.5,8.8,9.0,10,0.0,0.0,147.1,134.5,184.2,168.0,308.14285714285717,289.0,1.2857142857142858,1.0,2,0.2,1
0.5,0.1,1.0,New Hampshire,130.6,103,136,136.0,5.0,5.0,7,0.0,0.0,152.8,157.0,193.8,203.0,,,0.0,0.0,0,0.1,1
2.0,0.1,0.5,New Hampshire,131.7,93,136,136.0,5.6,5.5,7,0.0,0.0,154.9,157.0,198.4,203.0,,,0.0,0.0,0,0.0,0
1.0,0.1,1.0,New Hampshire,131.7,93,136,136.0,5.4,5.0,6,0.0,0.0,164.1,157.0,198.6,203.0,,,0.0,0.0,0,0.0,0
2.0,0.05,0.5,West Virginia,132.0,58,188,159.0,12.7,13.0,15,0.0,0.0,155.3,188.0,193.0,202.0,226.0,218.0,2.1,2.5,4,0.6,1
0.5,0.05,1.0,West Virginia,132.3,58,188,159.0,5.8,6.0,8,0.0,0.0,173.6,186.0,189.9,188.0,222.28571428571428,220.0,1.5714285714285714,2.0,2,0.1,1
2.0,0.01,1.0,Mississippi,132.8,111,152,130.0,8.4,8.5,11,0.0,0.0,150.3,137.0,177.4,147.5,258.6666666666667,248.0,1.0,1.0,1,0.0,0
2.0,0.1,2.0,Alabama,133.1,80,151,151.0,16.9,17.0,19,0.0,0.0,159.1,168.0,222.9,260.0,212.0,186.0,1.6,1.5,3,0.6,1
2.0,0.01,0.5,Connecticut,133.2,105,266,110.0,5.1,5.0,7,0.1,1.0,209.8,178.0,276.8,275.5,246.9,204.0,5.1,5.0,10,0.9,2
2.0,0.01,0.5,North Carolina,133.4,82,229,131.0,20.9,21.5,23,0.2,2.0,171.6,168.0,201.7,200.0,314.7,281.0,3.3,3.0,5,2.2,4
2.0,0.05,2.0,Rhode Island,133.7,101,191,122.0,3.1,3.0,4,0.0,0.0,216.3,225.0,311.4,321.0,,,0.0,0.0,0,0.1,1
1.0,0.05,0.5,New Hampshire,133.9,115,136,136.0,5.0,5.0,5,0.0,0.0,159.5,157.0,203.1,203.0,203.0,203.0,1.0,1.0,1,0.0,0
0.5,0.01,0.5,North Carolina,134.5,104,193,131.0,9.0,9.0,12,0.0,0.0,183.8,193.0,204.6,200.0,256.5,254.0,1.5,1.5,3,1.1,2
0.5,0.1,2.0,Alabama,134.7,80,151,151.0,10.7,11.0,12,0.0,0.0,162.9,168.0,207.2,197.0,186.0,186.0,1.7,2.0,2,0.0,0
2.0,0.1,0.5,Alabama,134.7,80,151,151.0,13.4,14.0,15,0.0,0.0,160.8,168.0,220.9,228.5,186.0,186.0,1.7,2.0,2,0.7,1
2.0,0.1,1.0,Alabama,134.7,80,151,151.0,14.6,14.5,16,0.0,0.0,162.9,168.0,202.3,197.0,186.0,186.0,1.7,2.0,3,0.9,1
2.0,0.01,1.0,Connecticut,134.7,105,266,106.5,4.4,4.0,6,0.1,1.0,240.0,223.0,327.4,294.0,251.5,239.0,4.0,4.0,7,0.9,2
1.0,0.01,0.5,Louisiana,134.75,91,161,161.0,1.625,2.0,2,0.0,0.0,263.8,282.0,,,339.0,339.0,1.0,1.0,1,0.0,0
1.0,0.01,0.5,Connecticut,135.4,108,266,108.0,4.1,4.0,6,0.1,1.0,187.9,155.5,261.8,266.0,228.3,169.0,3.3,3.0,6,1.0,1
2.0,0.01,1.0,Massachusetts,135.5,83,219,128.0,6.1,6.0,7,0.1,1.0,170.7,146.5,204.7,186.0,256.1,219.0,1.6,1.0,4,0.5,1
1.0,0.01,0.5,North Carolina,135.5,114,193,131.0,16.3,15.5,19,0.0,0.0,175.7,193.0,202.6,200.0,275.3333333333333,255.0,2.8,3.0,6,2.0,4
0.5,0.01,0.5,Arkansas,135.6,99,185,128.0,2.8,2.5,5,0.0,0.0,183.7,189.0,258.4,289.0,172.75,169.0,1.25,1.0,2,0.0,0
0.5,0.05,1.0,New Hampshire,136.0,136,136,136.0,4.5,4.5,5,0.0,0.0,180.0,180.0,204.9,203.5,264.0,264.0,1.0,1.0,1,0.0,0
2.0,0.05,1.0,New Hampshire,136.0,136,136,136.0,5.4,5.0,6,0.0,0.0,166.2,157.0,203.2,203.0,,,0.0,0.0,0,0.0,0
1.0,0.05,1.0,New Hampshire,136.0,115,157,136.0,5.5,5.5,6,0.0,0.0,173.3,157.0,198.8,203.0,,,0.0,0.0,0,0.0,0
1.0,0.1,2.0,New Hampshire,136.0,136,136,136.0,5.8,6.0,7,0.0,0.0,161.6,157.0,203.1,203.0,,,0.0,0.0,0,0.0,0
0.5,0.1,2.0,New Hampshire,136.0,136,136,136.0,5.3,5.0,6,0.0,0.0,161.6,157.0,203.1,203.0,,,0.0,0.0,0,0.0,0
1.0,0.05,2.0,New Hampshire,136.0,136,136,136.0,5.5,5.5,7,0.0,0.0,161.6,157.0,203.1,203.0,115.5,115.5,0.6666666666666666,1.0,1,0.1,1
0.5,0.1,0.5,New Hampshire,136.0,136,136,136.0,3.5,3.5,4,0.0,0.0,157.0,157.0,205.2,204.0,,,0.0,0.0,0,0.1,1
1.0,0.01,1.0,Arkansas,136.4,99,195,128.0,6.4,7.0,7,0.0,0.0,181.7,195.0,238.5,262.0,229.125,223.0,2.0,2.0,4,0.3,2
0.5,0.01,2.0,North Carolina,136.4,131,173,131.0,19.5,20.0,23,0.0,0.0,178.1,187.5,198.8,200.0,196.2,255.0,4.1,4.0,6,2.7,4
0.5,0.05,2.0,Alabama,136.8,80,151,151.0,9.2,9.5,12,0.0,0.0,176.0,168.0,229.3,228.5,199.0,186.0,1.6,2.0,2,0.0,0
2.0,0.05,0.5,Alabama,136.8,80,151,151.0,11.8,11.5,15,0.0,0.0,183.9,168.0,259.0,260.0,186.0,186.0,1.3333333333333333,1.0,2,0.6,1
0.5,0.01,1.0,Maine,137.6,102,200,136.0,7.3,7.5,9,0.0,0.0,177.2,185.5,205.9,200.0,231.25,223.5,1.25,1.0,2,0.0,0
1.0,0.1,2.0,Rhode Island,137.7,101,211,122.0,3.1,3.0,4,0.2,1.0,225.0,225.0,321.0,321.0,,,0.0,0.0,0,0.2,1
ALL,ALL,ALL,New Hampshire,138.1027777777778,57,261,136.0,4.980555555555555,5.0,7,0.0,0.0,173.52793296089385,157.0,211.30594900849857,203.0,172.66666666666666,203.0,0.7333333333333333,1.0,2,0.030555555555555555,1
1.0,0.05,0.5,Alabama,138.2,80,151,151.0,7.2,7.0,9,0.0,0.0,162.9,168.0,228.3,260.0,186.0,186.0,1.6,2.0,2,0.0,0
1.0,0.1,1.0,Alabama,138.2,80,151,151.0,11.8,12.0,13,0.0,0.0,162.9,168.0,194.6,197.0,214.88888888888889,186.0,1.7777777777777777,2.0,2,0.1,1
2.0,0.01,0.5,Arkansas,138.8,99,195,122.5,7.3,7.5,10,0.0,0.0,186.0,194.0,233.7,247.5,316.75,311.0,2.25,2.0,4,0.5,1
1.0,0.1,1.0,Rhode Island,138.9,101,191,122.0,3.2,3.0,4,0.0,0.0,212.9,225.0,301.8,321.0,,,0.0,0.0,0,0.0,0
0.5,0.01,2.0,Delaware,139.8,110,192,110.0,2.4,2.0,3,0.0,0.0,263.2,192.0,385.0,385.0,223.5,206.0,1.5,1.5,2,0.0,0
2.0,0.01,1.0,North Carolina,142.5,82,193,131.0,21.8,21.0,26,0.1,1.0,179.4,187.5,217.2,200.0,268.6,255.0,4.7,4.5,7,2.7,6
2.0,0.01,0.5,Delaware,142.8,110,192,110.0,2.3,2.0,3,0.0,0.0,249.6,192.0,369.6666666666667,339.0,207.5,195.5,1.25,1.0,3,0.0,0
0.5,0.1,2.0,Rhode Island,143.8,101,191,130.0,3.3,3.0,4,0.1,1.0,217.6,225.0,301.8,321.0,,,0.0,0.0,0,0.1,1
2.0,0.01,1.0,Louisiana,143.8,91,324,126.0,3.1,3.0,5,0.0,0.0,276.3,287.0,350.8333333333333,312.0,,,0.0,0.0,0,0.2,1
0.5,0.01,2.0,Arkansas,143.8,99,195,133.0,6.2,6.0,9,0.0,0.0,184.2,194.0,229.8,233.0,344.1111111111111,345.0,1.4444444444444444,1.0,2,0.2,1
0.5,0.05,0.5,Alabama,143.9,80,151,151.0,2.3,2.0,3,0.0,0.0,199.33333333333334,168.0,242.75,250.0,186.0,186.0,1.0,1.0,1,0.0,0
0.5,0.01,1.0,Delaware,145.0,110,192,136.0,1.8,2.0,3,0.0,0.0,217.71428571428572,192.0,295.0,295.0,227.875,206.0,1.875,1.0,4,0.0,0
1.0,0.01,1.0,Connecticut,145.1,99,330,108.0,4.1,4.0,5,0.0,0.0,242.2,222.0,309.2,315.5,207.22222222222223,169.0,4.666666666666667,4.0,9,1.2,2
2.0,0.01,0.5,Louisiana,145.3,91,284,161.0,2.4,2.0,3,0.0,0.0,308.3,295.5,417.75,456.0,,,0.0,0.0,0,0.0,0
0.5,0.01,2.0,New Jersey,146.6,116,173,151.0,4.9,5.0,6,0.0,0.0,199.6,180.0,284.7,296.0,231.875,235.0,1.75,2.0,3,0.0,0
2.0,0.05,0.5,Rhode Island,147.1,122,215,122.0,3.1,3.0,4,0.0,0.0,225.0,225.0,321.0,321.0,,,0.0,0.0,0,0.0,0
0.5,0.05,1.0,Alabama,147.4,115,151,151.0,5.6,5.5,9,0.0,0.0,203.4,168.0,254.2,260.0,218.5,186.0,1.5,1.5,2,0.0,0
1.0,0.01,1.0,Mississippi,147.4,111,227,136.5,5.3,5.0,8,0.0,0.0,198.4,209.0,293.6,245.0,251.0,251.0,1.0,1.0,1,0.0,0
ALL,ALL,ALL,Alabama,147.93296089385476,80,516,151.0,9.192737430167599,9.0,19,0.0,0.0,192.0888252148997,168.0,235.012012012012,260.0,216.65891472868216,186.0,1.342007434944238,1.0,3,0.2569832402234637,2
1.0,0.01,0.5,Delaware,148.0,110,192,136.0,1.7,2.0,3,0.0,0.0,204.16666666666666,192.0,402.0,402.0,196.42857142857142,202.0,2.2857142857142856,2.0,3,0.0,0
1.0,0.1,0.5,Rhode Island,148.2,101,211,122.0,2.8,3.0,4,0.0,0.0,216.3,225.0,305.0,321.0,,,0.0,0.0,0,0.0,0
0.5,0.01,1.0,North Carolina,148.2,131,229,131.0,14.3,14.5,18,0.0,0.0,191.6,193.0,217.8,204.0,279.7142857142857,255.0,1.2222222222222223,1.0,2,0.9,2
0.5,0.1,1.0,Rhode Island,148.9,101,211,122.0,2.7,3.0,3,0.0,0.0,216.3,225.0,308.7142857142857,321.0,,,0.0,0.0,0,0.0,0
1.0,0.05,1.0,Alabama,148.9,130,151,151.0,10.8,11.0,13,0.0,0.0,175.5,168.0,248.1,260.0,199.0,186.0,1.7,2.0,2,0.1,1
2.0,0.05,2.0,Alabama,148.9,130,151,151.0,15.0,15.0,17,0.0,0.0,182.7,168.0,250.6,278.0,214.88888888888889,186.0,1.6,2.0,3,0.3,1
1.0,0.05,2.0,Alabama,148.9,130,151,151.0,12.0,12.0,14,0.0,0.0,172.1,168.0,266.4,260.0,214.88888888888889,186.0,1.6666666666666667,2.0,2,0.6,2
2.0,0.01,0.5,New Jersey,151.1,91,173,151.0,4.8,5.0,6,0.0,0.0,232.7,240.5,298.2,325.5,224.88888888888889,235.0,1.8888888888888888,2.0,3,0.0,0
1.0,0.01,2.0,North Carolina,151.4,82,200,131.0,20.9,21.0,24,0.1,1.0,177.2,193.0,194.5,198.5,228.125,255.0,3.4,3.5,7,2.6,5
2.0,0.05,1.0,Alabama,152.7,151,168,151.0,13.1,13.0,14,0.0,0.0,177.2,168.0,239.8,260.0,186.0,186.0,1.4,1.0,2,0.7,1
0.5,0.01,0.5,New Jersey,153.0,113,173,151.0,2.6,3.0,4,0.0,0.0,201.0,173.0,229.16666666666666,222.0,227.25,235.0,1.25,1.0,2,0.0,0
0.5,0.1,0.5,Rhode Island,155.9,101,215,122.0,1.1,1.0,2,0.0,0.0,138.0,138.0,,,,,0.0,0.0,0,0.0,0
2.0,0.01,2.0,Delaware,156.2,110,192,177.0,2.2,2.0,3,0.0,0.0,325.8,295.0,399.5,399.5,213.6,206.0,1.8,2.0,3,0.0,0
0.5,0.01,0.5,Connecticut,156.2,108,266,130.0,2.7,3.0,4,0.0,0.0,204.44444444444446,178.0,221.16666666666666,223.0,223.25,217.5,3.111111111111111,3.0,8,0.6,2
1.0,0.01,1.0,New Jersey,156.8,137,173,151.0,4.7,5.0,6,0.0,0.0,201.3,172.0,317.1,296.0,291.0,235.0,1.5,1.0,3,0.0,0
0.5,0.01,1.0,New Hampshire,157.7,136,219,136.0,3.3,3.0,4,0.0,0.0,235.8,219.0,267.6666666666667,261.0,203.0,203.0,0.3333333333333333,0.0,1,0.2,1
1.0,0.01,0.5,New Hampshire,158.9,136,261,136.0,3.7,4.0,5,0.0,0.0,241.4,261.0,279.6666666666667,287.0,262.0,262.0,1.0,1.0,1,0.0,0
1.0,0.01,2.0,New Jersey,159.0,113,173,172.0,5.0,5.0,7,0.0,0.0,220.6,224.5,309.7,298.0,215.55555555555554,235.0,2.3333333333333335,2.0,4,0.0,0
2.0,0.1,0.5,Rhode Island,159.9,122,211,153.5,3.3,3.0,4,0.0,0.0,225.0,225.0,321.0,321.0,,,0.0,0.0,0,0.0,0
ALL,ALL,ALL,Rhode Island,160.23888888888888,101,305,122.0,2.772222222222222,3.0,4,0.049079754601226995,1.0,227.85889570552146,225.0,316.5019011406844,321.0,,,0.0,0.0,0,0.058333333333333334,1
0.5,0.01,0.5,Delaware,161.4,110,192,177.0,1.4,1.0,2,0.0,0.0,210.25,192.0,,,195.5,195.5,2.3333333333333335,2.0,3,0.0,0
0.5,0.01,1.0,New Jersey,162.3,137,178,169.0,3.9,4.0,5,0.0,0.0,215.8,173.0,299.9,314.0,236.75,236.0,1.25,1.0,2,0.0,0
2.0,0.01,2.0,New Jersey,164.2,137,173,172.0,4.8,5.0,6,0.0,0.0,212.3,198.0,307.8,306.0,303.8888888888889,237.0,1.2222222222222223,1.0,2,0.0,0
0.5,0.01,1.0,Connecticut,164.3,108,348,132.5,3.5,4.0,6,0.0,0.0,207.5,216.0,260.57142857142856,266.0,191.125,177.5,3.0,3.5,4,0.6,2
2.0,0.05,1.0,Rhode Island,164.5,122,215,164.5,3.3,3.0,4,0.1,1.0,218.2,225.0,301.8,321.0,,,0.0,0.0,0,0.1,1
0.5,0.05,1.0,Rhode Island,165.3,122,215,156.5,2.8,3.0,4,0.0,0.0,216.3,225.0,307.2857142857143,321.0,,,0.0,0.0,0,0.0,0
0.5,0.01,2.0,Connecticut,165.6,108,266,130.0,4.5,4.5,6,0.2,1.0,250.7,266.0,319.7,342.5,256.3,246.5,3.6,3.5,8,1.0,3
1.0,0.01,1.0,New Hampshire,167.6,136,219,136.0,4.4,4.0,6,0.0,0.0,222.7,210.5,252.6,219.0,115.5,115.5,0.6666666666666666,1.0,1,0.1,1
1.0,0.05,2.0,Rhode Island,167.8,101,215,188.0,3.0,3.0,3,0.1,1.0,225.0,225.0,321.0,321.0,,,0.0,0.0,0,0.1,1
2.0,0.01,2.0,South Carolina,168.2,120,261,134.0,7.8,8.5,12,0.0,0.0,290.9,260.0,371.4,387.5,317.0,278.0,1.0,1.0,1,0.1,1
1.0,0.01,2.0,New Hampshire,168.3,136,219,146.5,4.3,4.0,5,0.0,0.0,228.1,218.5,261.9,261.0,203.0,203.0,1.0,1.0,1,0.0,0
0.5,0.01,1.0,Louisiana,168.75,91,293,161.0,1.125,1.0,2,0.0,0.0,161.0,161.0,,,,,0.0,0.0,0,0.0,0
0.5,0.05,2.0,Rhode Island,169.4,122,211,191.0,3.1,3.0,4,0.0,0.0,225.0,225.0,321.0,321.0,,,0.0,0.0,0,0.0,0
1.0,0.05,1.0,Rhode Island,170.0,122,215,188.0,3.0,3.0,3,0.0,0.0,225.0,225.0,321.0,321.0,,,0.0,0.0,0,0.0,0
1.0,0.01,0.5,New Jersey,171.2,113,294,152.0,3.8,3.5,6,0.0,0.0,296.3,316.5,350.2,357.0,228.85714285714286,235.0,1.4285714285714286,1.0,3,0.0,0
0.5,0.01,2.0,New Hampshire,171.3,136,261,157.0,4.1,4.0,5,0.0,0.0,218.7,219.0,272.7,261.0,203.0,203.0,1.0,1.0,1,0.0,0
1.0,0.05,0.5,Rhode Island,172.0,101,215,191.0,3.0,3.0,4,0.0,0.0,225.0,225.0,321.0,321.0,,,0.0,0.0,0,0.0,0
1.0,0.01,1.0,Delaware,173.0,110,192,192.0,2.0,2.0,2,0.0,0.0,375.0,475.0,,,200.4,206.0,2.0,2.0,3,0.0,0
2.0,0.01,1.0,New Jersey,174.9,151,238,173.0,4.7,5.0,6,0.0,0.0,284.0,296.0,342.8,345.0,367.25,274.5,1.0,1.0,2,0.1,1
1.0,0.01,2.0,Delaware,175.6,110,192,192.0,2.1,2.0,3,0.0,0.0,373.2,407.0,475.0,475.0,217.0,206.0,1.7142857142857142,1.0,3,0.0,0
2.0,0.01,2.0,New Hampshire,176.9,136,261,169.5,4.2,4.0,5,0.0,0.0,220.6,218.5,275.7,278.5,377.0,377.0,1.5,1.5,2,0.0,0
0.5,0.05,0.5,Rhode Island,177.0,122,215,211.0,1.0,1.0,1,,,,,,,,,0.0,0.0,0,0.1,1
1.0,0.01,2.0,Louisiana,177.4,91,346,161.0,2.8,3.0,4,0.0,0.0,294.6666666666667,290.0,409.2857142857143,422.0,,,0.0,0.0,0,0.0,0
1.0,0.01,2.0,South Carolina,178.8,122,261,181.0,6.6,7.0,8,0.0,0.0,286.4,245.0,355.4,379.0,312.75,307.0,1.0,1.0,1,0.0,0
0.5,0.01,2.0,West Virginia,182.9,159,212,188.0,8.1,7.5,10,0.0,0.0,259.7,255.0,301.7,339.5,262.2857142857143,216.0,2.7142857142857144,2.0,5,0.4,1
2.0,0.01,0.5,West Virginia,183.4,159,202,188.0,8.7,9.0,10,0.0,0.0,215.4,202.0,307.4,356.0,275.44444444444446,275.0,2.7777777777777777,3.0,6,0.5,1
1.0,0.01,0.5,South Carolina,184.2,97,231,215.5,2.5,2.0,4,0.0,0.0,272.77777777777777,259.0,353.25,379.0,283.3333333333333,278.0,1.0,1.0,1,0.0,0
0.5,0.01,0.5,New Hampshire,184.2,136,261,170.0,2.5,2.5,4,0.0,0.0,238.125,211.5,264.2,253.0,,,0.0,0.0,0,0.1,1
2.0,0.01,1.0,New Hampshire,184.3,136,261,169.5,4.3,4.5,5,0.0,0.0,253.4,240.0,333.5,333.0,,,0.0,0.0,0,0.0,0
1.0,0.01,2.0,West Virginia,184.8,159,202,188.0,9.1,9.0,10,0.0,0.0,225.6,202.0,273.0,269.0,311.44444444444446,220.0,2.3333333333333335,2.0,4,0.3,1
1.0,0.01,1.0,Louisiana,186.0,91,456,161.0,2.111111111111111,2.0,4,0.0,0.0,293.5,290.0,333.3333333333333,304.0,,,0.0,0.0,0,0.0,0
2.0,0.01,0.5,New Hampshire,186.1,136,219,210.5,4.0,4.0,5,0.0,0.0,230.4,219.0,286.8,308.5,203.0,203.0,1.0,1.0,1,0.0,0
2.0,0.01,2.0,West Virginia,186.6,159,202,188.0,7.6,7.5,9,0.0,0.0,236.9,202.0,329.1,356.0,236.7,220.0,2.6,2.5,5,0.4,1
1.0,0.01,1.0,West Virginia,187.2,186,188,188.0,7.7,7.0,10,0.0,0.0,211.8,202.0,252.6,234.0,289.9,232.0,2.4,2.0,5,0.5,1
2.0,0.01,0.5,South Carolina,187.7,134,261,191.0,5.9,5.5,9,0.1,1.0,266.6,231.0,319.6,297.5,296.0,294.0,1.0,1.0,1,0.1,1
2.0,0.01,1.0,West Virginia,188.8,186,202,188.0,8.6,9.0,10,0.0,0.0,211.8,202.0,294.9,271.0,366.0,275.0,2.2857142857142856,2.0,4,0.7,2
2.0,0.01,1.0,South Carolina,191.3,120,360,191.0,7.6,7.0,10,0.0,0.0,291.1,260.0,339.6,334.0,286.2,278.0,1.2,1.0,2,0.0,0
0.5,0.01,0.5,West Virginia,191.66666666666666,159,212,188.0,2.111111111111111,2.0,3,0.0,0.0,210.0,202.0,266.3333333333333,202.0,218.57142857142858,216.0,1.5714285714285714,1.0,3,0.0,0
2.0,0.01,1.0,Alabama,195.5,151,312,151.0,6.4,6.0,9,0.0,0.0,281.8,282.0,308.9,308.0,342.25,316.0,1.5,1.5,2,0.0,0
1.0,0.01,0.5,Alabama,195.7,151,312,182.5,4.1,4.5,6,0.0,0.0,285.1111111111111,282.0,321.6666666666667,312.0,316.0,316.0,1.0,1.0,1,0.0,0
0.5,0.01,0.5,Alabama,198.88888888888889,151,303,151.0,2.111111111111111,2.0,3,0.0,0.0,281.8333333333333,303.0,339.75,346.5,283.5,316.0,1.0,1.0,1,0.0,0
0.5,0.01,1.0,South Carolina,200.22222222222223,134,261,191.0,2.0,2.0,4,0.0,0.0,234.33333333333334,231.0,296.5,296.5,262.6666666666667,294.0,1.3333333333333333,1.0,2,0.0,0
2.0,0.01,0.5,Alabama,204.7,151,295,151.0,6.1,7.0,8,0.0,0.0,258.9,282.0,315.0,303.5,316.0,316.0,1.0,1.0,1,0.0,0
0.5,0.01,2.0,South Carolina,206.5,134,309,201.0,3.8,4.0,5,0.0,0.0,337.9,379.0,437.625,464.0,354.3333333333333,294.0,1.0,1.0,1,0.0,0
2.0,0.01,2.0,Alabama,206.9,151,312,151.0,6.6,6.0,10,0.0,0.0,282.4,288.5,313.3,312.0,363.0,316.0,1.0,1.0,1,0.1,1
0.5,0.01,0.5,South Carolina,207.375,122,248,231.0,1.375,1.0,2,0.0,0.0,226.33333333333334,231.0,,,,,0.0,0.0,0,0.0,0
1.0,0.01,0.5,Rhode Island,208.3,122,225,220.0,2.4,2.0,3,0.2,1.0,252.1,260.0,323.5,321.0,,,0.0,0.0,0,0.2,1
0.5,0.01,1.0,West Virginia,208.7,186,356,188.0,3.7,3.5,6,0.0,0.0,279.0,279.0,352.0,360.0,253.42857142857142,231.0,1.7142857142857142,1.0,3,0.0,0
1.0,0.01,0.5,West Virginia,211.0,159,356,188.0,6.0,6.5,7,0.1,1.0,275.8,255.0,314.2,360.0,229.0,220.0,1.2,1.0,2,0.1,1
1.0,0.01,1.0,South Carolina,213.6,97,379,196.0,5.3,5.0,7,0.0,0.0,279.7,232.0,398.7,387.5,338.6666666666667,294.0,1.3333333333333333,1.0,2,0.0,0
2.0,0.01,2.0,Rhode Island,214.6,191,225,215.0,2.7,3.0,3,0.0,0.0,232.0,225.0,321.0,321.0,,,0.0,0.0,0,0.0,0
0.5,0.01,1.0,Rhode Island,217.0,215,225,215.0,2.6,3.0,3,0.0,0.0,250.22222222222223,225.0,329.85714285714283,321.0,,,0.0,0.0,0,0.0,0
2.0,0.01,0.5,Rhode Island,218.0,215,225,215.0,2.6,3.0,3,0.0,0.0,263.5,225.0,365.8333333333333,321.0,,,0.0,0.0,0,0.0,0
0.5,0.01,2.0,Rhode Island,220.0,215,225,220.0,2.2,2.0,3,0.0,0.0,255.11111111111111,260.0,321.0,321.0,,,0.0,0.0,0,0.0,0
0.5,0.01,1.0,Alabama,220.2,151,516,151.0,3.9,3.5,9,0.0,0.0,297.3333333333333,295.0,348.44444444444446,312.0,316.0,316.0,1.0,1.0,1,0.0,0
0.5,0.01,0.5,Rhode Island,223.5,215,260,220.0,2.0,2.0,3,0.0,0.0,280.0,260.0,324.3333333333333,321.0,,,0.0,0.0,0,0.0,0
1.0,0.01,2.0,Rhode Island,224.5,215,260,225.0,2.6,3.0,3,0.0,0.0,270.3,260.0,365.8333333333333,321.0,,,0.0,0.0,0,0.0,0
1.0,0.01,1.0,Rhode Island,227.0,215,260,220.0,2.4,2.0,3,0.0,0.0,264.3,260.0,321.0,321.0,,,0.0,0.0,0,0.0,0
2.0,0.01,1.0,Rhode Island,230.0,215,305,225.0,2.9,3.0,4,0.0,0.0,259.0,260.0,350.8888888888889,321.0,,,0.0,0.0,0,0.0,0
0.5,0.01,2.0,Alabama,230.44444444444446,151,330,260.0,3.5555555555555554,3.0,6,0.0,0.0,299.55555555555554,303.0,323.8333333333333,321.0,291.0,291.0,1.5,1.5,2,0.0,0
1.0,0.01,2.0,Alabama,247.3,151,312,278.0,7.0,7.0,10,0.0,0.0,295.9,288.5,316.2,314.5,297.42857142857144,316.0,1.1428571428571428,1.0,2,0.1,1
0.5,0.01,2.0,Louisiana,259.6666666666667,161,422,290.0,1.8888888888888888,2.0,4,0.0,0.0,389.3333333333333,422.0,346.0,346.0,,,0.0,0.0,0,0.0,0
1.0,0.01,1.0,Alabama,262.6,168,303,282.0,4.4,4.0,8,0.0,0.0,298.44444444444446,295.0,326.8888888888889,325.0,332.0,316.0,1.0,1.0,1,0.0,0
