alpha,beta,gamma,state,mean_first_intro_day,earliest_first_intro_day,latest_first_intro_day,median_first_intro_day,mean_intro_count,median_intro_count,max_intro_count,mean_cumu_before_second_intro,max_cumu_before_second_intro,mean_intro_day_2,median_intro_day_2,mean_intro_day_3,median_intro_day_3,mean_first_export_day,median_first_export_day,mean_export_count,median_export_count,max_export_count,mean_total_cumu_cases,max_total_cumu_cases
0.5,0.01,0.5,Texas,28.0,28,28,28.0,15.0,14.5,19,0.0,0.0,28.0,28.0,28.0,28.0,35.9,35.0,25.5,25.5,33,21.2,25
0.5,0.01,1.0,Texas,28.0,28,28,28.0,21.4,21.0,25,0.0,0.0,28.0,28.0,28.0,28.0,36.8,36.0,39.4,39.5,51,26.1,31
0.5,0.05,0.5,Texas,28.0,28,28,28.0,31.1,31.5,36,0.0,0.0,28.0,28.0,28.0,28.0,34.7,35.0,38.9,39.0,42,26.7,30
0.5,0.25,0.5,Texas,28.0,28,28,28.0,36.2,37.0,39,0.0,0.0,28.0,28.0,28.0,28.0,34.1,35.0,42.4,42.5,46,30.6,33
1.0,0.01,0.5,Texas,28.0,28,28,28.0,24.7,24.0,35,0.0,0.0,28.0,28.0,28.0,28.0,35.4,35.0,47.8,47.0,60,30.6,38
0.5,0.1,0.5,Texas,28.0,28,28,28.0,31.1,30.5,33,0.0,0.0,28.0,28.0,28.0,28.0,35.0,35.0,40.6,41.0,44,31.5,34
0.5,0.01,2.0,Texas,28.0,28,28,28.0,30.5,31.0,34,0.0,0.0,28.0,28.0,28.0,28.0,37.0,36.0,49.4,50.0,55,36.3,39
0.5,0.1,1.0,Texas,28.0,28,28,28.0,39.7,39.5,44,0.0,0.0,28.0,28.0,28.0,28.0,34.4,35.0,54.7,55.5,59,36.5,40
1.0,0.01,1.0,Texas,28.0,28,28,28.0,32.0,32.0,34,0.0,0.0,28.0,28.0,28.0,28.0,37.3,37.5,56.8,56.5,63,36.7,40
0.5,0.05,1.0,Texas,28.0,28,28,28.0,34.0,34.0,37,0.0,0.0,28.0,28.0,28.0,28.0,35.0,35.0,51.4,50.0,58,37.0,41
0.5,0.25,1.0,Texas,28.0,28,28,28.0,42.3,42.5,44,0.0,0.0,28.0,28.0,28.0,28.0,34.7,35.0,54.1,54.5,60,37.4,41
1.0,0.05,0.5,Texas,28.0,28,28,28.0,36.1,36.0,41,0.0,0.0,28.0,28.0,28.0,28.0,35.0,35.0,59.7,60.0,65,39.1,43
1.0,0.25,0.5,Texas,28.0,28,28,28.0,42.3,42.0,45,0.0,0.0,28.0,28.0,28.0,28.0,34.4,35.0,59.9,59.5,66,41.3,44
1.0,0.1,0.5,Texas,28.0,28,28,28.0,39.6,40.5,43,0.0,0.0,28.0,28.0,28.0,28.0,35.0,35.0,57.4,57.0,62,41.3,48
ALL,ALL,ALL,Texas,28.0,28,28,28.0,38.0,40.0,51,0.0,0.0,28.0,28.0,28.0,28.0,35.09166666666667,35.0,63.43333333333333,65.0,92,41.50555555555555,54
2.0,0.01,0.5,Texas,28.0,28,28,28.0,30.8,29.0,38,0.0,0.0,28.0,28.0,28.0,28.0,38.3,38.5,61.3,62.0,72,42.6,47
1.0,0.01,2.0,Texas,28.0,28,28,28.0,32.1,30.5,41,0.0,0.0,28.0,28.0,28.0,28.0,35.8,35.0,68.9,71.0,75,42.7,49
0.5,0.05,2.0,Texas,28.0,28,28,28.0,40.5,41.0,44,0.0,0.0,28.0,28.0,28.0,28.0,35.0,35.0,59.1,59.5,66,43.2,47
2.0,0.01,1.0,Texas,28.0,28,28,28.0,33.2,33.5,41,0.0,0.0,28.0,28.0,28.0,28.0,36.1,35.0,70.3,70.0,80,43.9,47
0.5,0.1,2.0,Texas,28.0,28,28,28.0,42.5,43.0,46,0.0,0.0,28.0,28.0,28.0,28.0,33.5,33.5,61.5,60.5,70,44.5,50
0.5,0.25,2.0,Texas,28.0,28,28,28.0,43.7,43.5,47,0.0,0.0,28.0,28.0,28.0,28.0,34.4,35.0,63.3,64.5,66,45.2,48
1.0,0.1,1.0,Texas,28.0,28,28,28.0,43.1,43.0,46,0.0,0.0,28.0,28.0,28.0,28.0,34.7,35.0,70.2,71.0,76,45.5,49
1.0,0.25,1.0,Texas,28.0,28,28,28.0,43.7,43.0,48,0.0,0.0,28.0,28.0,28.0,28.0,33.5,33.5,68.5,68.0,77,45.9,50
1.0,0.05,1.0,Texas,28.0,28,28,28.0,40.1,41.5,47,0.0,0.0,28.0,28.0,28.0,28.0,35.0,35.0,66.8,65.5,76,46.2,53
2.0,0.01,2.0,Texas,28.0,28,28,28.0,32.6,31.5,38,0.0,0.0,28.0,28.0,28.0,28.0,36.6,35.0,70.7,68.0,84,46.5,54
1.0,0.25,2.0,Texas,28.0,28,28,28.0,46.8,46.5,51,0.0,0.0,28.0,28.0,28.0,28.0,33.8,35.0,78.0,77.5,84,46.7,50
2.0,0.05,0.5,Texas,28.0,28,28,28.0,40.5,40.5,44,0.0,0.0,28.0,28.0,28.0,28.0,35.0,35.0,77.1,77.0,86,47.4,51
2.0,0.1,2.0,Texas,28.0,28,28,28.0,46.6,46.5,49,0.0,0.0,28.0,28.0,28.0,28.0,34.1,35.0,83.4,84.0,90,47.4,49
2.0,0.25,0.5,Texas,28.0,28,28,28.0,45.2,46.0,48,0.0,0.0,28.0,28.0,28.0,28.0,34.4,35.0,75.9,76.0,82,47.7,51
2.0,0.25,2.0,Texas,28.0,28,28,28.0,47.6,47.0,51,0.0,0.0,28.0,28.0,28.0,28.0,34.4,35.0,81.3,80.0,92,47.8,50
2.0,0.25,1.0,Texas,28.0,28,28,28.0,46.7,47.5,50,0.0,0.0,28.0,28.0,28.0,28.0,34.7,35.0,76.8,78.0,81,47.9,52
2.0,0.1,1.0,Texas,28.0,28,28,28.0,44.6,45.0,46,0.0,0.0,28.0,28.0,28.0,28.0,34.4,35.0,79.0,78.0,90,48.0,51
1.0,0.1,2.0,Texas,28.0,28,28,28.0,44.1,44.5,48,0.0,0.0,28.0,28.0,28.0,28.0,35.0,35.0,78.6,78.0,84,48.2,53
2.0,0.1,0.5,Texas,28.0,28,28,28.0,41.9,41.5,48,0.0,0.0,28.0,28.0,28.0,28.0,35.0,35.0,76.3,76.5,82,48.2,53
1.0,0.05,2.0,Texas,28.0,28,28,28.0,40.8,41.0,46,0.0,0.0,28.0,28.0,28.0,28.0,34.8,35.0,77.2,78.0,85,48.4,54
2.0,0.05,1.0,Texas,28.0,28,28,28.0,42.2,41.5,49,0.0,0.0,28.0,28.0,28.0,28.0,35.1,35.0,78.1,79.0,86,48.6,52
2.0,0.05,2.0,Texas,28.0,28,28,28.0,42.7,42.0,47,0.0,0.0,28.0,28.0,28.0,28.0,35.0,35.0,83.3,84.0,87,49.4,53
0.5,0.25,0.5,South Dakota,35.0,35,35,35.0,37.1,37.0,39,0.0,0.0,48.0,48.0,48.2,48.0,42.0,42.0,10.0,9.0,15,0.4,1
1.0,0.05,0.5,South Dakota,35.0,35,35,35.0,36.8,37.0,38,0.0,0.0,48.0,48.0,48.7,49.0,47.2,42.0,9.6,9.5,13,0.6,2
0.5,0.05,1.0,South Dakota,35.0,35,35,35.0,36.5,36.0,39,0.0,0.0,48.1,48.0,49.6,49.0,53.6,55.0,9.2,9.0,13,0.6,2
0.5,0.25,1.0,South Dakota,35.0,35,35,35.0,41.2,41.0,43,0.0,0.0,48.0,48.0,48.7,49.0,43.3,42.0,12.0,11.0,16,0.8,3
0.5,0.05,0.5,South Dakota,35.0,35,35,35.0,29.8,30.0,32,0.0,0.0,48.0,48.0,50.8,49.0,51.8,42.0,7.9,8.5,10,0.8,2
1.0,0.1,0.5,South Dakota,35.0,35,35,35.0,40.7,40.5,43,0.0,0.0,48.0,48.0,48.8,49.0,47.2,42.0,9.1,8.0,13,1.0,2
0.5,0.1,0.5,South Dakota,35.0,35,35,35.0,32.5,32.5,35,0.0,0.0,48.0,48.0,48.5,48.5,45.8,42.0,8.6,8.5,12,1.0,2
1.0,0.25,0.5,South Dakota,35.0,35,35,35.0,43.0,42.5,46,0.0,0.0,48.0,48.0,48.2,48.0,42.0,42.0,11.7,12.5,15,1.3,3
0.5,0.1,1.0,South Dakota,35.0,35,35,35.0,38.6,39.0,40,0.0,0.0,48.0,48.0,48.5,48.5,43.3,42.0,10.0,9.5,13,1.5,3
0.5,0.25,2.0,South Dakota,35.0,35,35,35.0,48.8,49.0,51,0.0,0.0,48.0,48.0,48.0,48.0,42.0,42.0,12.8,12.5,17,1.7,4
2.0,0.1,0.5,South Dakota,35.0,35,35,35.0,48.4,48.0,51,0.0,0.0,48.0,48.0,48.7,49.0,45.6,42.0,11.0,11.0,15,2.2,4
0.5,0.1,2.0,South Dakota,35.0,35,35,35.0,46.1,46.0,48,0.0,0.0,48.0,48.0,48.7,49.0,46.3,42.0,11.1,11.0,13,2.4,3
1.0,0.25,1.0,South Dakota,35.0,35,35,35.0,49.5,49.0,52,0.0,0.0,48.0,48.0,48.2,48.0,42.0,42.0,13.2,13.0,16,2.5,4
2.0,0.05,0.5,South Dakota,35.0,35,35,35.0,46.8,47.0,48,0.0,0.0,48.0,48.0,52.2,49.0,58.5,65.0,11.3,11.0,14,2.5,4
2.0,0.05,2.0,South Dakota,35.0,35,35,35.0,47.9,47.5,51,0.0,0.0,48.0,48.0,51.6,49.0,52.4,42.0,10.5,10.0,15,2.5,4
1.0,0.05,1.0,South Dakota,35.0,35,35,35.0,44.3,45.0,47,0.0,0.0,48.0,48.0,48.7,49.0,44.9,42.0,9.3,9.0,13,2.6,4
0.5,0.05,2.0,South Dakota,35.0,35,35,35.0,43.1,43.5,47,0.0,0.0,48.0,48.0,50.3,49.0,60.1,65.0,8.0,8.0,14,2.9,6
2.0,0.25,0.5,South Dakota,35.0,35,35,35.0,49.1,48.5,53,0.0,0.0,48.0,48.0,48.2,48.0,42.0,42.0,13.3,14.0,16,3.0,4
2.0,0.1,2.0,South Dakota,35.0,35,35,35.0,48.2,48.0,51,0.0,0.0,48.0,48.0,48.7,49.0,48.5,42.0,13.1,13.5,17,3.2,5
1.0,0.1,1.0,South Dakota,35.0,35,35,35.0,46.7,46.0,49,0.0,0.0,48.0,48.0,48.8,49.0,50.1,42.0,11.0,11.5,15,3.2,5
2.0,0.25,1.0,South Dakota,35.0,35,35,35.0,49.1,48.5,52,0.0,0.0,48.0,48.0,48.0,48.0,42.0,42.0,13.3,13.0,17,3.4,5
2.0,0.25,2.0,South Dakota,35.0,35,35,35.0,49.4,49.5,51,0.0,0.0,48.0,48.0,48.3,48.0,42.0,42.0,14.7,16.0,17,3.4,5
1.0,0.1,2.0,South Dakota,35.0,35,35,35.0,48.1,48.0,50,0.0,0.0,48.0,48.0,49.2,48.0,42.0,42.0,11.3,11.0,16,3.4,4
1.0,0.25,2.0,South Dakota,35.0,35,35,35.0,48.5,49.0,51,0.0,0.0,48.0,48.0,48.2,48.0,42.0,42.0,11.9,11.5,16,3.7,6
2.0,0.1,1.0,South Dakota,35.0,35,35,35.0,47.1,47.0,49,0.0,0.0,48.0,48.0,48.6,49.0,48.7,42.0,12.8,13.0,16,3.7,6
0.5,0.05,1.0,Oklahoma,36.0,36,36,36.0,22.6,22.0,27,0.1,1.0,61.6,60.0,65.6,64.0,28.0,28.0,12.1,12.5,14,2.1,5
0.5,0.05,0.5,Oklahoma,36.0,36,36,36.0,18.2,19.0,20,0.0,0.0,61.2,60.0,65.7,64.0,28.0,28.0,8.7,9.5,12,2.5,4
0.5,0.1,0.5,Oklahoma,36.0,36,36,36.0,21.5,21.0,24,0.4,1.0,60.0,60.0,64.0,64.0,28.0,28.0,11.2,11.0,14,3.9,8
0.5,0.1,1.0,Oklahoma,36.0,36,36,36.0,25.6,26.0,27,0.1,1.0,60.4,60.0,64.2,64.0,28.0,28.0,14.6,14.5,18,4.4,8
1.0,0.1,0.5,Oklahoma,36.0,36,36,36.0,27.4,27.0,32,0.0,0.0,61.2,60.0,64.8,64.0,28.0,28.0,17.8,18.5,21,4.7,7
0.5,0.05,2.0,Oklahoma,36.0,36,36,36.0,31.6,32.0,34,0.1,1.0,62.0,62.0,65.5,65.5,28.0,28.0,18.4,18.5,22,5.0,7
0.5,0.25,1.0,Oklahoma,36.0,36,36,36.0,29.0,28.5,33,0.1,1.0,60.0,60.0,64.0,64.0,28.0,28.0,18.1,19.0,22,5.2,7
0.5,0.25,0.5,Oklahoma,36.0,36,36,36.0,21.9,22.0,24,0.4,1.0,60.0,60.0,64.0,64.0,28.0,28.0,11.7,13.0,15,6.0,9
0.5,0.1,2.0,Oklahoma,36.0,36,36,36.0,35.0,35.0,39,0.2,1.0,60.4,60.0,64.7,64.0,28.0,28.0,20.7,20.5,24,6.1,7
2.0,0.1,0.5,Oklahoma,36.0,36,36,36.0,37.4,38.0,41,0.3,1.0,60.0,60.0,64.0,64.0,28.0,28.0,24.1,23.5,28,7.7,11
1.0,0.25,0.5,Oklahoma,36.0,36,36,36.0,29.1,29.0,31,0.6,1.0,60.0,60.0,64.0,64.0,28.0,28.0,20.4,20.0,25,8.5,11
2.0,0.25,0.5,Oklahoma,36.0,36,36,36.0,40.4,41.0,42,0.2,1.0,60.4,60.0,64.3,64.0,28.0,28.0,24.2,25.0,26,8.9,13
1.0,0.1,2.0,Oklahoma,36.0,36,36,36.0,38.5,38.5,41,0.2,1.0,61.2,60.0,64.9,64.0,28.0,28.0,25.9,26.0,29,9.5,11
0.5,0.25,2.0,Oklahoma,36.0,36,36,36.0,36.6,37.0,39,0.5,1.0,60.0,60.0,64.0,64.0,28.0,28.0,21.6,21.5,25,10.0,12
2.0,0.1,1.0,Oklahoma,36.0,36,36,36.0,37.3,36.5,41,0.2,1.0,60.4,60.0,64.2,64.0,28.0,28.0,30.1,30.0,32,10.6,13
1.0,0.25,1.0,Oklahoma,36.0,36,36,36.0,36.9,36.0,42,0.7,1.0,60.0,60.0,64.0,64.0,28.0,28.0,24.0,24.0,28,10.7,13
1.0,0.25,2.0,Oklahoma,36.0,36,36,36.0,40.0,40.0,42,0.4,1.0,60.4,60.0,64.2,64.0,28.0,28.0,30.1,30.0,34,10.9,14
2.0,0.1,2.0,Oklahoma,36.0,36,36,36.0,38.5,39.0,40,0.1,1.0,60.4,60.0,64.7,64.0,28.0,28.0,28.8,30.0,32,11.2,13
2.0,0.05,2.0,Oklahoma,36.0,36,36,36.0,35.9,35.0,40,0.2,1.0,62.8,64.0,66.9,67.0,28.0,28.0,27.5,28.5,33,11.3,13
2.0,0.25,1.0,Oklahoma,36.0,36,36,36.0,38.8,38.5,42,0.1,1.0,60.0,60.0,64.0,64.0,28.0,28.0,29.9,29.5,33,12.0,14
2.0,0.25,2.0,Oklahoma,36.0,36,36,36.0,38.3,38.5,40,0.5,1.0,60.0,60.0,64.0,64.0,28.0,28.0,32.1,32.0,36,13.5,15
2.0,0.05,1.0,South Dakota,36.3,35,48,35.0,46.8,47.0,48,0.0,0.0,48.1,48.0,51.6,49.0,52.4,42.0,10.3,9.5,15,2.4,3
1.0,0.05,2.0,South Dakota,36.3,35,48,35.0,46.4,47.0,49,0.0,0.0,48.1,48.0,50.8,49.0,53.7,48.5,10.6,10.5,15,3.1,6
ALL,ALL,ALL,South Dakota,37.169444444444444,35,67,35.0,41.794444444444444,43.0,53,0.0,0.0,50.641666666666666,48.0,53.25277777777778,49.0,57.28611111111111,42.0,10.002777777777778,10.0,17,2.075,6
1.0,0.01,0.5,South Dakota,37.6,35,48,35.0,30.7,31.0,34,0.0,0.0,56.3,58.0,61.9,61.0,68.5,74.5,5.5,6.0,7,0.8,3
0.5,0.25,2.0,New Mexico,38.0,38,38,38.0,12.1,12.0,13,1.0,1.0,43.6,43.0,53.3,48.5,28.0,28.0,41.0,40.5,47,3.3,4
0.5,0.25,1.0,New Mexico,38.0,38,38,38.0,11.6,12.0,12,1.0,1.0,43.3,43.0,55.7,46.0,28.0,28.0,38.9,39.5,41,3.4,4
1.0,0.25,2.0,New Mexico,38.0,38,38,38.0,12.1,12.0,13,1.0,1.0,43.3,43.0,56.9,46.0,28.0,28.0,43.5,43.5,48,3.4,4
2.0,0.25,1.0,New Mexico,38.0,38,38,38.0,11.9,12.0,13,1.0,1.0,43.6,43.0,62.1,67.5,28.0,28.0,44.1,44.0,48,3.6,4
0.5,0.25,0.5,New Mexico,38.0,38,38,38.0,10.1,10.0,11,1.0,1.0,43.3,43.0,58.3,53.0,28.0,28.0,34.8,35.0,38,3.6,5
1.0,0.25,1.0,New Mexico,38.0,38,38,38.0,11.9,12.0,13,1.3,3.0,48.2,43.0,55.1,46.0,28.0,28.0,43.2,44.0,49,3.6,5
2.0,0.25,2.0,New Mexico,38.0,38,38,38.0,11.9,12.0,13,1.1,2.0,46.0,43.0,60.5,64.0,28.0,28.0,43.5,44.0,47,3.7,5
2.0,0.25,0.5,New Mexico,38.0,38,38,38.0,11.7,12.0,13,1.1,2.0,46.0,43.0,62.0,67.5,28.0,28.0,43.2,43.0,49,3.8,5
1.0,0.1,2.0,New Mexico,38.0,38,38,38.0,11.0,11.0,12,1.1,2.0,48.0,43.0,76.1,73.0,28.0,28.0,42.6,42.0,51,4.2,5
1.0,0.25,0.5,New Mexico,38.1,38,39,38.0,11.3,11.0,12,1.1,2.0,45.5,43.0,62.8,67.5,28.0,28.0,40.3,39.5,46,3.7,4
2.0,0.1,0.5,New Mexico,38.1,38,39,38.0,11.3,11.0,13,1.1,3.0,50.5,44.5,64.2,73.0,28.0,28.0,42.9,42.5,48,3.9,5
1.0,0.1,0.5,New Mexico,38.1,38,39,38.0,10.8,11.0,12,1.6,4.0,56.5,48.5,68.8,73.0,28.0,28.0,38.7,38.0,44,4.0,5
2.0,0.1,2.0,New Mexico,38.1,38,39,38.0,11.1,11.0,12,1.1,2.0,53.2,44.5,65.3,73.0,28.0,28.0,42.2,41.5,50,4.0,5
0.5,0.1,1.0,New Mexico,38.1,38,39,38.0,10.4,10.0,12,1.6,3.0,58.9,59.5,70.1,74.0,28.0,28.0,34.1,34.5,37,4.4,5
1.0,0.1,1.0,New Mexico,38.2,38,39,38.0,11.1,11.0,13,1.0,2.0,50.5,44.5,65.3,73.0,28.0,28.0,41.1,41.5,45,3.9,5
0.5,0.05,1.0,New Mexico,38.2,38,39,38.0,10.4,10.5,12,1.4,4.0,55.4,48.5,70.9,73.0,28.0,28.0,36.1,36.0,39,4.2,5
0.5,0.1,2.0,New Mexico,38.2,38,39,38.0,10.7,11.0,12,1.1,2.0,52.4,43.0,69.8,73.0,28.0,28.0,40.6,41.0,46,4.2,5
2.0,0.05,1.0,New Mexico,38.2,38,39,38.0,10.5,10.5,12,1.6,3.0,64.6,73.0,73.4,74.0,28.0,28.0,41.3,40.5,53,4.3,5
0.5,0.1,0.5,New Mexico,38.2,38,39,38.0,9.1,9.0,10,1.7,4.0,57.2,56.0,70.7,73.0,28.0,28.0,31.1,30.0,35,4.6,5
1.0,0.05,2.0,New Mexico,38.3,38,39,38.0,10.9,11.0,12,0.7,2.0,50.4,46.0,72.4,73.5,28.0,28.0,41.2,41.5,46,3.7,4
2.0,0.1,1.0,New Mexico,38.3,38,39,38.0,11.2,11.0,13,1.4,2.0,55.1,43.0,65.6,74.0,28.0,28.0,42.2,42.0,46,4.0,5
1.0,0.05,1.0,New Mexico,38.4,38,39,38.0,10.5,10.5,12,0.9,4.0,49.4,43.0,70.8,73.0,28.0,28.0,41.1,41.0,49,3.5,4
2.0,0.05,2.0,New Mexico,38.4,38,39,38.0,10.8,11.0,12,0.7,2.0,52.2,46.0,71.2,74.0,28.0,28.0,42.1,42.0,48,3.8,5
2.0,0.05,0.5,New Mexico,38.4,38,39,38.0,10.8,11.0,13,1.7,3.0,62.5,69.5,72.0,74.5,28.0,28.0,42.0,43.0,50,4.0,5
1.0,0.05,0.5,Oklahoma,38.4,36,60,36.0,22.2,22.5,25,0.3,1.0,62.4,64.0,67.5,67.0,28.0,28.0,15.9,16.5,20,4.4,6
0.5,0.05,0.5,New Mexico,38.4,38,39,38.0,8.1,8.0,9,1.0,2.0,57.0,51.0,71.4,74.0,28.0,28.0,28.1,27.5,33,4.7,6
2.0,0.05,0.5,Oklahoma,38.4,36,60,36.0,35.2,35.5,40,0.0,0.0,61.2,60.0,65.7,64.0,28.0,28.0,22.2,22.0,25,6.2,9
1.0,0.1,1.0,Oklahoma,38.4,36,60,36.0,35.6,35.5,39,0.1,1.0,60.8,60.0,64.6,64.0,28.0,28.0,23.5,23.5,29,7.2,12
1.0,0.05,2.0,Oklahoma,38.4,36,60,36.0,36.8,37.0,39,0.1,1.0,62.4,64.0,67.0,66.5,28.0,28.0,23.3,22.0,29,8.3,11
0.5,0.05,2.0,New Mexico,38.5,38,39,38.5,10.6,11.0,12,0.7,2.0,50.2,43.0,65.6,73.5,28.0,28.0,40.0,41.0,44,3.7,5
1.0,0.05,0.5,New Mexico,38.5,38,39,38.5,10.0,10.0,11,1.4,3.0,59.8,61.0,76.1,74.0,28.0,28.0,36.9,36.5,40,4.1,5
2.0,0.05,1.0,Oklahoma,38.8,36,64,36.0,35.5,35.0,39,0.1,1.0,61.5,60.0,65.9,64.0,28.0,28.0,26.7,26.5,30,8.9,12
ALL,ALL,ALL,New Mexico,39.19166666666667,38,63,38.0,10.544444444444444,11.0,13,1.025,5.0,55.71944444444444,46.0,72.1361111111111,73.0,28.072222222222223,28.0,37.87222222222222,39.0,53,3.716666666666667,7
2.0,0.01,1.0,South Dakota,39.9,35,58,35.0,40.0,39.5,45,0.0,0.0,54.9,55.0,59.9,58.0,83.4,95.0,9.4,10.0,13,2.3,5
0.5,0.01,0.5,New Mexico,40.1,38,43,39.0,5.7,5.5,9,0.6,2.0,63.5,66.5,109.9,86.5,28.0,28.0,20.5,20.0,23,4.0,6
0.5,0.01,1.0,New Mexico,40.6,38,53,39.0,8.7,9.0,11,0.2,2.0,64.3,61.0,88.5,78.0,30.6,28.0,26.7,28.5,31,3.3,5
1.0,0.01,2.0,South Dakota,40.9,35,58,35.0,39.8,40.0,44,0.0,0.0,61.0,58.0,68.1,65.5,95.7,91.0,9.6,10.0,16,1.6,5
0.5,0.05,0.5,Colorado,41.0,41,41,41.0,15.4,15.0,21,0.0,0.0,51.3,51.0,54.5,54.0,31.7,28.0,20.4,21.0,24,4.9,6
0.5,0.1,0.5,Colorado,41.0,41,41,41.0,17.7,17.0,22,0.0,0.0,51.3,51.0,54.5,54.0,31.7,28.0,19.0,20.0,23,5.1,8
0.5,0.25,0.5,Colorado,41.0,41,41,41.0,18.3,18.0,20,0.0,0.0,51.0,51.0,54.0,54.0,28.0,28.0,18.5,18.5,21,5.5,7
0.5,0.1,1.0,Colorado,41.0,41,41,41.0,24.5,25.0,25,0.0,0.0,51.0,51.0,54.0,54.0,28.0,28.0,27.0,27.0,31,5.8,7
0.5,0.05,1.0,Colorado,41.0,41,41,41.0,23.1,23.0,27,0.0,0.0,51.9,51.0,55.5,54.0,31.7,28.0,28.2,28.5,32,6.1,9
0.5,0.25,1.0,Colorado,41.0,41,41,41.0,24.9,25.0,26,0.0,0.0,51.0,51.0,54.0,54.0,28.0,28.0,26.4,27.0,28,6.2,7
1.0,0.05,0.5,Colorado,41.0,41,41,41.0,24.6,25.0,27,0.0,0.0,52.8,54.0,57.0,59.0,31.7,28.0,32.8,32.5,37,6.6,9
2.0,0.05,0.5,Colorado,41.0,41,41,41.0,25.2,25.0,28,0.0,0.0,52.5,52.5,56.5,56.5,35.4,28.0,39.5,40.0,43,7.4,10
1.0,0.1,0.5,Colorado,41.0,41,41,41.0,24.3,24.0,27,0.0,0.0,51.3,51.0,54.5,54.0,31.7,28.0,35.0,35.0,40,7.8,9
0.5,0.1,2.0,Colorado,41.0,41,41,41.0,25.3,25.0,27,0.0,0.0,51.3,51.0,54.5,54.0,31.7,28.0,34.3,34.5,40,7.8,9
0.5,0.05,2.0,Colorado,41.0,41,41,41.0,24.7,24.0,28,0.0,0.0,51.9,51.0,55.5,54.0,28.0,28.0,36.5,36.5,41,7.9,10
2.0,0.1,0.5,Colorado,41.0,41,41,41.0,24.7,24.0,27,0.0,0.0,51.6,51.0,55.0,54.0,28.0,28.0,38.1,38.5,42,8.1,10
1.0,0.25,0.5,Colorado,41.0,41,41,41.0,24.2,24.0,26,0.0,0.0,51.0,51.0,54.0,54.0,28.0,28.0,33.7,34.0,37,8.2,9
1.0,0.1,1.0,Colorado,41.0,41,41,41.0,24.9,25.0,26,0.0,0.0,51.0,51.0,54.0,54.0,28.0,28.0,37.1,37.0,40,8.2,9
0.5,0.25,2.0,Colorado,41.0,41,41,41.0,25.0,25.0,26,0.0,0.0,51.0,51.0,54.0,54.0,28.0,28.0,31.7,30.5,38,8.4,9
1.0,0.1,2.0,Colorado,41.0,41,41,41.0,24.5,25.0,27,0.0,0.0,51.3,51.0,54.5,54.0,28.0,28.0,39.5,40.0,42,8.5,11
1.0,0.05,2.0,Colorado,41.0,41,41,41.0,24.3,24.0,27,0.0,0.0,51.6,51.0,55.0,54.0,31.7,28.0,39.4,38.5,44,8.6,12
2.0,0.05,2.0,Colorado,41.0,41,41,41.0,24.5,24.5,27,0.0,0.0,52.2,51.0,56.0,54.0,31.7,28.0,41.1,41.0,47,8.6,11
1.0,0.25,1.0,Colorado,41.0,41,41,41.0,24.5,24.5,26,0.0,0.0,51.0,51.0,54.0,54.0,28.0,28.0,36.1,35.5,41,8.7,11
2.0,0.05,1.0,Colorado,41.0,41,41,41.0,23.6,24.0,28,0.0,0.0,51.3,51.0,54.5,54.0,28.0,28.0,43.5,44.0,48,9.3,12
2.0,0.25,0.5,Colorado,41.0,41,41,41.0,23.8,24.0,25,0.0,0.0,51.0,51.0,54.0,54.0,28.0,28.0,36.4,37.0,38,9.3,12
2.0,0.1,1.0,Colorado,41.0,41,41,41.0,23.5,23.5,28,0.0,0.0,51.3,51.0,54.5,54.0,31.7,28.0,40.3,40.5,45,9.5,12
2.0,0.1,2.0,Colorado,41.0,41,41,41.0,23.8,23.5,26,0.0,0.0,51.3,51.0,54.5,54.0,28.0,28.0,40.3,41.5,43,9.5,12
2.0,0.25,2.0,Colorado,41.0,41,41,41.0,24.3,24.5,26,0.0,0.0,51.0,51.0,54.0,54.0,28.0,28.0,37.2,37.0,40,9.6,11
2.0,0.25,1.0,Colorado,41.0,41,41,41.0,23.4,23.0,25,0.0,0.0,51.0,51.0,54.0,54.0,28.0,28.0,37.7,38.0,41,9.8,11
1.0,0.25,2.0,Colorado,41.0,41,41,41.0,22.9,23.0,25,0.0,0.0,51.0,51.0,54.0,54.0,28.0,28.0,37.5,37.0,44,10.3,12
2.0,0.01,0.5,New Mexico,41.1,38,59,39.0,10.4,10.0,12,0.5,2.0,64.7,61.0,83.8,75.0,28.0,28.0,34.7,34.5,42,3.4,5
0.5,0.01,0.5,South Dakota,41.2,35,58,35.0,24.4,24.5,27,0.0,0.0,55.1,58.0,61.6,61.0,96.9,85.5,3.5,3.5,6,0.2,1
1.0,0.05,1.0,Oklahoma,41.2,36,64,36.0,33.4,33.5,37,0.1,1.0,63.1,64.0,68.1,69.0,28.0,28.0,19.9,19.5,24,4.3,6
2.0,0.01,1.0,New Mexico,41.3,38,63,39.0,10.1,10.5,12,0.3,2.0,71.0,74.0,96.3,97.0,28.0,28.0,36.3,35.5,45,3.2,4
1.0,0.01,1.0,New Mexico,41.7,38,63,39.0,10.8,11.0,12,0.4,2.0,70.0,75.0,84.2,81.0,28.0,28.0,35.5,35.5,44,2.5,5
ALL,ALL,ALL,Oklahoma,41.77777777777778,36,85,36.0,29.033333333333335,31.0,42,0.18333333333333332,2.0,64.6361111111111,60.0,71.84444444444445,64.0,30.428969359331475,28.0,18.075208913649025,19.0,36,6.413888888888889,15
2.0,0.01,2.0,South Dakota,42.0,35,58,35.0,39.2,39.5,41,0.0,0.0,56.5,56.5,63.3,61.0,89.8,88.5,9.7,9.5,13,2.4,4
1.0,0.25,2.0,Arizona,42.0,38,48,38.0,7.8,8.0,9,0.0,0.0,56.0,56.0,76.2,81.0,78.7,84.0,11.4,11.0,13,3.2,4
0.5,0.05,0.5,Kansas,42.0,42,42,42.0,34.6,34.0,37,0.0,0.0,47.0,47.0,48.0,48.0,28.0,28.0,23.6,23.0,29,13.0,14
0.5,0.25,0.5,Kansas,42.0,42,42,42.0,41.3,41.0,44,0.0,0.0,47.0,47.0,48.0,48.0,28.0,28.0,25.6,25.5,30,14.2,16
0.5,0.1,1.0,Kansas,42.0,42,42,42.0,43.0,43.5,45,0.0,0.0,47.0,47.0,48.0,48.0,28.0,28.0,28.8,28.5,35,17.4,21
0.5,0.25,1.0,Kansas,42.0,42,42,42.0,45.6,46.0,48,0.0,0.0,47.0,47.0,48.0,48.0,28.0,28.0,29.5,29.0,34,18.3,20
1.0,0.1,1.0,Kansas,42.0,42,42,42.0,50.3,50.5,53,0.0,0.0,47.0,47.0,48.0,48.0,28.0,28.0,34.8,36.0,37,19.7,24
0.5,0.1,2.0,Kansas,42.0,42,42,42.0,47.8,48.0,50,0.0,0.0,47.0,47.0,48.0,48.0,28.0,28.0,34.4,33.0,40,19.9,22
1.0,0.25,1.0,Kansas,42.0,42,42,42.0,51.8,52.0,53,0.0,0.0,47.0,47.0,48.0,48.0,28.0,28.0,35.0,35.5,40,20.8,24
1.0,0.25,2.0,Kansas,42.0,42,42,42.0,53.1,53.5,56,0.0,0.0,47.0,47.0,48.0,48.0,28.0,28.0,34.5,35.0,37,20.9,23
1.0,0.25,0.5,Kansas,42.0,42,42,42.0,47.2,48.0,49,0.0,0.0,47.0,47.0,48.0,48.0,28.0,28.0,34.3,34.5,40,21.0,24
0.5,0.25,2.0,Kansas,42.0,42,42,42.0,48.3,48.5,51,0.0,0.0,47.0,47.0,48.0,48.0,28.0,28.0,34.8,34.0,39,21.4,23
2.0,0.25,1.0,Kansas,42.0,42,42,42.0,51.1,51.0,53,0.0,0.0,47.0,47.0,48.0,48.0,28.0,28.0,39.6,40.0,41,23.4,26
2.0,0.25,0.5,Kansas,42.0,42,42,42.0,50.5,50.5,52,0.0,0.0,47.0,47.0,48.0,48.0,28.0,28.0,36.0,36.0,38,23.5,25
2.0,0.1,2.0,Kansas,42.0,42,42,42.0,50.3,50.0,55,0.0,0.0,47.0,47.0,48.0,48.0,28.0,28.0,38.9,39.0,44,23.8,27
2.0,0.25,2.0,Kansas,42.0,42,42,42.0,51.0,51.0,54,0.0,0.0,47.0,47.0,48.0,48.0,28.0,28.0,39.7,39.5,44,25.2,28
1.0,0.1,2.0,Minnesota,42.0,42,42,42.0,36.8,37.5,40,1.2,3.0,49.4,49.0,49.8,49.0,46.2,46.0,68.0,67.5,79,40.5,44
0.5,0.25,0.5,Minnesota,42.0,42,42,42.0,31.1,31.0,34,1.0,1.0,48.3,48.0,49.0,49.0,33.5,28.0,55.8,56.0,58,42.0,44
1.0,0.25,2.0,Minnesota,42.0,42,42,42.0,36.4,36.0,42,1.0,1.0,48.4,48.0,49.1,49.0,40.7,46.0,69.8,69.0,79,42.4,45
0.5,0.25,2.0,Minnesota,42.0,42,42,42.0,34.3,33.5,39,1.0,1.0,48.3,48.0,49.0,49.0,33.4,28.0,66.0,66.5,68,42.4,47
2.0,0.25,1.0,Minnesota,42.0,42,42,42.0,36.1,36.0,42,1.0,1.0,48.5,48.5,49.0,49.0,38.8,46.0,67.9,67.0,76,42.5,46
1.0,0.25,1.0,Minnesota,42.0,42,42,42.0,34.9,35.5,40,1.0,1.0,48.2,48.0,49.2,49.0,43.2,46.0,69.9,70.5,76,42.5,47
1.0,0.25,0.5,Minnesota,42.0,42,42,42.0,33.2,33.0,37,1.0,1.0,48.4,48.0,49.1,49.0,38.9,46.0,62.4,62.0,68,43.3,46
2.0,0.25,2.0,Minnesota,42.0,42,42,42.0,34.9,35.0,38,1.0,1.0,48.9,49.0,49.3,49.0,45.4,46.0,68.3,69.0,72,43.6,46
2.0,0.25,0.5,Minnesota,42.0,42,42,42.0,33.8,33.0,40,1.0,1.0,48.6,48.5,49.1,49.0,42.5,46.0,70.7,70.5,75,43.8,48
1.0,0.25,1.0,Arizona,42.1,38,49,38.0,7.7,8.0,8,0.3,1.0,56.0,56.0,72.2,69.0,85.2,84.0,10.9,11.0,14,3.3,4
1.0,0.05,1.0,Colorado,42.3,41,54,41.0,25.0,25.0,27,0.0,0.0,52.7,51.0,56.6,54.0,35.4,28.0,38.0,38.0,43,7.7,10
ALL,ALL,ALL,Colorado,42.36666666666667,41,76,41.0,22.630555555555556,24.0,28,0.058333333333333334,1.0,53.74444444444445,51.0,58.577777777777776,54.0,29.913888888888888,28.0,34.358333333333334,36.0,53,7.580555555555556,12
0.5,0.1,0.5,Kansas,42.5,42,47,42.0,38.4,38.0,42,0.0,0.0,47.1,47.0,48.6,48.0,30.0,28.0,24.9,24.5,28,12.5,14
0.5,0.05,1.0,Kansas,42.5,42,47,42.0,39.9,40.0,43,0.0,0.0,47.2,47.0,49.1,48.0,28.0,28.0,29.6,28.0,34,15.8,19
0.5,0.05,2.0,Kansas,42.5,42,47,42.0,46.0,46.0,50,0.0,0.0,47.1,47.0,48.6,48.0,28.0,28.0,33.8,34.5,39,18.4,20
1.0,0.1,2.0,Kansas,42.5,42,47,42.0,50.4,50.0,53,0.0,0.0,47.1,47.0,48.6,48.0,28.0,28.0,36.2,35.5,45,20.5,22
1.0,0.1,0.5,Kansas,42.5,42,47,42.0,44.3,44.5,47,0.0,0.0,47.1,47.0,48.6,48.0,28.0,28.0,34.9,34.5,38,20.8,22
2.0,0.05,1.0,Kansas,42.5,42,47,42.0,47.7,47.5,50,0.0,0.0,47.1,47.0,48.6,48.0,28.0,28.0,39.9,40.5,44,22.2,25
2.0,0.1,1.0,Kansas,42.5,42,47,42.0,50.0,49.5,53,0.0,0.0,47.1,47.0,48.6,48.0,28.0,28.0,39.5,40.0,43,23.1,25
1.0,0.05,1.0,Minnesota,42.6,42,48,42.0,39.4,39.0,44,0.8,1.0,49.7,50.0,50.5,50.0,33.5,28.0,63.0,63.0,69,33.9,37
0.5,0.25,1.0,Minnesota,42.6,42,48,42.0,31.8,32.0,39,0.9,1.0,48.8,48.5,49.7,50.0,36.6,28.0,59.7,59.0,66,44.6,50
0.5,0.1,1.0,Minnesota,42.7,42,49,42.0,32.8,32.5,40,0.9,1.0,48.9,48.5,49.6,49.5,43.5,46.0,55.3,58.0,59,38.9,45
0.5,0.01,2.0,New Mexico,43.0,39,63,39.0,10.2,10.0,12,0.7,4.0,67.3,59.5,87.1,78.0,28.0,28.0,31.1,30.0,40,2.5,4
2.0,0.25,1.0,Arizona,43.0,38,48,43.0,8.0,8.0,8,0.2,1.0,56.0,56.0,77.2,81.0,39.2,28.0,12.8,13.0,15,3.0,3
1.0,0.05,1.0,Kansas,43.0,42,47,42.0,48.8,50.0,51,0.0,0.0,47.2,47.0,49.2,48.0,28.0,28.0,35.6,35.5,38,18.5,21
2.0,0.05,0.5,Kansas,43.0,42,47,42.0,48.8,49.0,53,0.0,0.0,47.2,47.0,49.2,48.0,30.0,28.0,36.3,38.0,43,19.4,22
1.0,0.05,2.0,Kansas,43.0,42,47,42.0,48.0,47.5,54,0.0,0.0,47.2,47.0,49.2,48.0,28.0,28.0,38.5,38.0,43,20.3,24
2.0,0.1,0.5,Kansas,43.0,42,47,42.0,49.7,50.0,54,0.0,0.0,47.2,47.0,49.2,48.0,30.0,28.0,37.0,37.0,41,21.3,26
0.5,0.25,0.5,Wisconsin,43.0,43,43,43.0,39.1,39.0,42,0.0,0.0,51.5,51.5,54.5,54.5,28.0,28.0,83.9,84.0,90,23.3,27
2.0,0.25,1.0,Wisconsin,43.0,43,43,43.0,41.2,41.0,44,0.0,0.0,51.7,52.0,55.5,57.0,28.0,28.0,98.7,99.5,108,23.8,28
1.0,0.25,2.0,Wisconsin,43.0,43,43,43.0,40.6,41.0,47,0.0,0.0,51.9,52.0,56.6,57.0,28.0,28.0,100.7,100.0,107,24.0,29
1.0,0.25,1.0,Wisconsin,43.0,43,43,43.0,40.6,41.0,47,0.0,0.0,51.6,52.0,55.0,57.0,28.0,28.0,100.2,101.0,108,24.0,31
2.0,0.25,2.0,Wisconsin,43.0,43,43,43.0,40.8,40.5,44,0.0,0.0,52.0,52.0,57.1,57.0,28.0,28.0,99.2,99.5,105,24.0,27
2.0,0.05,2.0,Kansas,43.0,42,47,42.0,48.0,48.5,51,0.0,0.0,47.2,47.0,49.2,48.0,28.0,28.0,41.6,39.5,51,24.3,27
0.5,0.25,1.0,Wisconsin,43.0,43,43,43.0,39.2,39.5,41,0.0,0.0,51.8,52.0,56.0,57.0,28.0,28.0,95.2,94.0,102,24.9,27
2.0,0.25,0.5,Wisconsin,43.0,43,43,43.0,39.9,40.0,45,0.0,0.0,51.7,52.0,55.6,57.0,28.0,28.0,101.7,99.5,110,25.0,28
0.5,0.25,2.0,Wisconsin,43.0,43,43,43.0,38.1,39.0,40,0.0,0.0,51.8,52.0,56.2,57.0,28.0,28.0,102.3,101.0,111,26.2,30
1.0,0.25,0.5,Arizona,43.1,38,49,43.0,7.7,8.0,8,0.3,1.0,56.0,56.0,76.0,81.0,85.2,84.0,9.1,9.0,12,3.3,5
0.5,0.1,0.5,Minnesota,43.3,42,49,42.0,30.3,30.0,33,0.8,1.0,49.1,49.0,49.9,49.5,41.2,46.0,48.9,49.5,55,39.4,43
2.0,0.1,0.5,Minnesota,43.3,42,49,42.0,35.0,34.5,42,0.8,1.0,48.8,49.0,49.6,50.0,42.5,46.0,67.4,68.5,74,40.5,45
1.0,0.01,0.5,New Mexico,43.4,38,63,39.0,8.8,9.0,10,1.6,5.0,81.3,74.5,90.5,81.0,28.0,28.0,27.6,28.0,34,3.4,7
1.0,0.01,2.0,New Mexico,43.5,38,63,39.0,10.5,10.0,13,0.6,2.0,69.1,73.5,85.4,81.0,28.0,28.0,36.8,36.0,43,3.0,5
1.0,0.05,0.5,Kansas,43.5,42,47,42.0,43.1,43.0,48,0.0,0.0,47.3,47.0,49.8,48.0,28.0,28.0,33.8,33.0,40,18.1,21
1.0,0.05,0.5,Minnesota,43.5,42,50,42.0,36.1,35.5,45,0.8,1.0,49.8,50.0,50.2,50.0,51.7,56.5,51.4,53.0,55,34.7,39
1.0,0.01,0.5,Colorado,43.6,41,54,41.0,17.9,17.5,22,0.1,1.0,58.0,54.0,68.3,72.0,28.0,28.0,35.9,35.5,39,6.9,10
1.0,0.01,1.0,Colorado,43.6,41,54,41.0,21.3,22.0,24,0.2,1.0,60.1,54.0,71.2,72.5,28.0,28.0,36.5,36.5,42,6.9,9
1.0,0.1,0.5,Minnesota,43.6,42,50,42.0,32.8,32.5,36,0.8,1.0,49.4,50.0,49.7,50.0,53.3,56.0,56.7,58.0,64,39.9,42
1.0,0.1,0.5,Wisconsin,43.8,43,51,43.0,37.3,37.0,41,0.0,0.0,51.6,52.0,55.8,57.0,28.0,28.0,86.9,86.5,96,26.3,32
ALL,ALL,ALL,Kansas,43.83888888888889,42,72,42.0,44.87777777777778,46.0,56,0.1111111111111111,4.0,49.61944444444445,47.0,52.96666666666667,48.0,28.166666666666668,28.0,31.17222222222222,33.0,51,18.552777777777777,28
1.0,0.1,2.0,Wisconsin,43.9,43,52,43.0,39.8,40.0,44,0.0,0.0,52.9,52.0,58.5,57.0,28.0,28.0,90.8,91.5,99,24.6,28
0.5,0.1,0.5,Wisconsin,43.9,43,52,43.0,37.0,36.0,42,0.0,0.0,52.8,52.0,57.3,57.0,28.0,28.0,79.8,79.5,90,24.7,28
1.0,0.25,0.5,Wisconsin,43.9,43,52,43.0,39.1,39.0,42,0.0,0.0,52.4,52.0,57.0,57.0,28.0,28.0,97.2,96.5,108,25.1,28
1.0,0.1,1.0,Minnesota,43.9,42,49,42.0,34.4,34.5,37,0.7,1.0,49.2,49.5,49.8,50.0,36.6,28.0,65.9,66.0,70,39.9,45
0.5,0.01,2.0,Colorado,44.1,41,59,41.0,20.9,20.5,23,0.0,0.0,57.3,54.0,70.6,72.0,28.0,28.0,36.8,37.0,45,7.0,9
0.5,0.1,2.0,Minnesota,44.1,42,50,42.0,36.5,37.0,41,0.7,1.0,49.1,49.0,49.9,49.5,37.3,28.0,63.3,63.5,68,38.2,46
2.0,0.1,2.0,Minnesota,44.2,42,50,42.0,37.2,37.5,41,0.7,1.0,49.2,49.5,49.7,50.0,50.5,53.0,65.0,64.0,71,40.0,47
2.0,0.1,1.0,Minnesota,44.3,42,50,42.0,36.3,36.5,40,0.7,1.0,49.6,50.0,49.7,50.0,53.0,56.0,66.8,67.0,76,40.6,45
2.0,0.1,2.0,Wisconsin,44.7,43,52,43.0,38.7,38.5,43,0.0,0.0,52.9,52.0,58.2,57.0,28.0,28.0,92.1,92.0,102,25.7,29
2.0,0.1,1.0,Wisconsin,44.8,43,52,43.0,41.5,41.5,44,0.0,0.0,52.8,52.0,57.9,57.5,28.0,28.0,90.3,91.0,96,22.9,28
2.0,0.1,0.5,Wisconsin,44.8,43,52,43.0,40.1,39.5,44,0.1,1.0,53.8,52.0,58.6,57.0,28.0,28.0,94.8,95.0,102,24.3,28
0.5,0.1,2.0,Wisconsin,44.8,43,52,43.0,40.2,41.0,45,0.1,1.0,52.9,52.0,57.7,57.0,31.0,28.0,92.7,93.5,99,24.3,28
2.0,0.01,2.0,Colorado,44.9,41,54,41.0,23.0,23.5,26,0.1,1.0,58.6,56.5,72.0,73.0,28.0,28.0,43.4,45.5,53,7.2,9
0.5,0.1,0.5,Arizona,45.0,38,56,48.0,7.6,8.0,9,0.4,2.0,58.5,56.0,81.4,81.0,79.6,84.0,7.5,8.0,9,2.7,4
2.0,0.25,0.5,Arizona,45.1,38,49,48.0,8.0,8.0,8,0.2,1.0,56.0,56.0,76.0,81.0,51.0,28.0,12.1,12.0,15,3.0,3
2.0,0.25,2.0,Arizona,45.1,38,49,48.0,7.9,8.0,8,0.3,1.0,56.0,56.0,75.0,75.0,39.8,28.0,11.4,11.5,14,3.1,4
2.0,0.01,2.0,Kansas,45.3,42,48,47.0,42.8,43.5,48,0.3,1.0,51.7,48.0,63.9,64.5,28.0,28.0,30.6,30.0,38,20.3,25
0.5,0.05,0.5,Minnesota,45.3,42,54,42.0,33.4,34.5,36,1.0,3.0,51.2,50.0,52.3,52.0,56.7,56.0,41.4,41.0,47,34.4,40
2.0,0.05,2.0,Minnesota,45.3,42,53,42.0,40.0,40.5,46,0.9,3.0,51.5,50.0,52.7,50.0,56.6,56.0,59.3,58.0,66,35.5,43
0.5,0.01,1.0,South Dakota,45.5,35,58,48.0,27.4,27.5,31,0.0,0.0,63.0,58.0,67.9,61.0,98.1,99.5,4.2,3.5,7,0.6,2
2.0,0.01,2.0,New Mexico,45.5,39,59,41.0,10.5,10.0,13,0.6,3.0,68.1,68.0,84.8,75.0,28.0,28.0,37.4,37.0,42,3.2,5
1.0,0.05,2.0,Minnesota,45.5,42,50,45.0,40.0,40.5,48,0.8,3.0,50.6,50.0,51.6,50.0,53.3,61.0,62.9,62.5,70,36.2,43
2.0,0.05,1.0,Minnesota,45.5,42,53,42.0,38.9,38.5,45,1.1,3.0,52.5,50.0,54.1,51.5,52.2,56.0,60.8,59.0,73,36.9,45
0.5,0.05,1.0,Wisconsin,45.7,43,52,43.0,39.6,40.0,45,0.0,0.0,54.6,52.0,61.1,61.5,31.0,28.0,78.4,74.5,90,23.4,28
1.0,0.1,1.0,Wisconsin,45.7,43,52,43.0,40.2,40.0,45,0.1,1.0,53.9,52.0,59.0,58.5,28.0,28.0,91.5,91.0,99,24.3,29
0.5,0.1,1.0,Wisconsin,45.7,43,52,43.0,38.8,39.5,42,0.1,1.0,53.9,52.0,58.7,57.0,28.0,28.0,84.5,83.5,96,24.9,29
0.5,0.25,2.0,Arizona,46.0,38,48,48.0,7.9,8.0,8,0.1,1.0,56.0,56.0,78.6,81.0,67.8,84.0,10.9,10.5,14,3.1,4
0.5,0.25,2.0,Iowa,46.0,46,46,46.0,32.9,32.0,38,0.0,0.0,47.0,47.0,54.2,56.0,30.0,28.0,128.2,129.5,137,52.7,56
2.0,0.25,1.0,Iowa,46.0,46,46,46.0,33.4,33.0,36,0.0,0.0,47.0,47.0,54.2,56.0,30.0,28.0,139.3,138.0,149,54.3,57
0.5,0.01,2.0,South Dakota,46.1,35,61,48.0,35.8,36.0,39,0.0,0.0,58.9,58.0,70.9,71.5,78.2,75.5,5.3,5.5,7,2.4,4
2.0,0.1,1.0,Arizona,46.2,38,56,48.5,8.1,8.0,9,0.0,0.0,57.1,56.0,79.8,81.0,56.9,56.0,11.1,11.0,14,2.9,3
0.5,0.25,0.5,Arizona,46.2,38,49,48.0,7.7,8.0,8,0.4,1.0,56.0,56.0,76.0,81.0,79.6,84.0,7.5,8.0,9,3.0,4
2.0,0.01,0.5,Colorado,46.2,41,54,41.0,21.2,21.0,23,0.4,1.0,63.1,61.5,69.7,72.5,28.0,28.0,37.4,36.0,46,7.1,8
0.5,0.25,0.5,Iowa,46.2,46,47,46.0,30.0,30.0,32,0.0,0.0,47.0,47.0,52.4,56.0,32.0,28.0,109.3,109.0,116,48.6,51
1.0,0.25,0.5,Iowa,46.2,46,47,46.0,32.2,32.5,35,0.7,7.0,47.9,47.0,53.4,56.0,28.0,28.0,124.0,122.0,133,52.6,58
1.0,0.25,1.0,Iowa,46.2,46,47,46.0,32.8,33.0,36,1.7,9.0,48.8,47.0,55.8,56.0,28.0,28.0,132.2,132.0,138,53.3,57
1.0,0.25,2.0,Iowa,46.2,46,47,46.0,33.2,33.0,35,0.8,8.0,47.9,47.0,53.4,56.0,32.0,28.0,136.9,136.0,150,54.1,56
2.0,0.25,0.5,Iowa,46.2,46,47,46.0,32.6,32.5,37,0.8,8.0,47.9,47.0,56.1,56.0,32.0,28.0,131.7,131.5,143,54.2,56
2.0,0.25,2.0,Iowa,46.3,46,47,46.0,34.2,34.0,38,2.4,8.0,49.7,47.0,55.3,56.0,30.1,28.0,138.4,138.0,154,53.8,57
0.5,0.25,1.0,Arizona,46.4,38,49,48.0,8.0,8.0,9,0.1,1.0,56.0,56.0,77.2,81.0,86.4,87.0,10.0,10.0,13,3.0,4
0.5,0.1,0.5,Iowa,46.5,46,47,46.5,29.2,28.5,34,4.9,11.0,54.2,56.0,59.2,61.0,38.3,38.0,96.5,97.5,111,46.3,52
0.5,0.1,1.0,Iowa,46.5,46,47,46.5,31.5,31.0,36,3.6,9.0,52.0,51.5,62.0,65.0,36.1,28.0,107.7,106.5,118,48.3,51
2.0,0.05,0.5,Wisconsin,46.6,43,52,43.0,39.8,40.5,45,0.5,2.0,56.1,52.0,61.3,63.0,28.0,28.0,85.8,89.0,97,24.2,32
2.0,0.05,1.0,Wisconsin,46.6,43,52,43.0,39.2,39.0,44,0.3,1.0,57.5,56.5,62.0,63.0,28.0,28.0,83.5,83.0,88,24.9,28
2.0,0.1,1.0,Iowa,46.6,46,47,47.0,32.2,32.0,37,4.9,12.0,53.9,56.0,60.8,61.5,28.0,28.0,128.7,128.5,136,55.5,59
0.5,0.25,1.0,Iowa,46.7,46,47,47.0,31.4,31.0,35,5.1,10.0,53.3,56.0,56.8,56.0,30.1,28.0,116.4,116.0,123,50.6,55
1.0,0.05,0.5,Iowa,46.7,46,47,47.0,30.7,30.5,36,6.3,11.0,57.9,61.0,68.0,70.0,28.0,28.0,107.0,107.5,121,50.6,53
1.0,0.05,1.0,Iowa,46.7,46,47,47.0,34.3,33.0,38,6.8,12.0,60.0,60.5,69.1,70.0,28.0,28.0,116.9,118.0,123,50.9,54
0.5,0.1,2.0,Iowa,46.7,46,47,47.0,32.9,32.5,38,4.4,13.0,53.8,51.5,60.8,56.5,40.3,48.0,118.4,116.5,129,51.7,57
2.0,0.1,0.5,Iowa,46.7,46,47,47.0,32.0,33.0,35,5.5,12.0,54.2,56.0,63.6,63.5,28.0,28.0,128.3,128.0,145,54.3,61
2.0,0.1,2.0,Iowa,46.7,46,47,47.0,32.5,33.5,35,6.1,12.0,55.2,56.0,63.3,65.0,30.1,28.0,130.0,129.5,144,55.5,61
1.0,0.1,1.0,Iowa,46.8,46,47,47.0,34.3,34.0,38,6.7,12.0,57.1,56.0,62.4,63.0,28.0,28.0,123.5,123.5,135,51.0,55
1.0,0.1,2.0,Iowa,46.8,46,52,46.0,32.2,31.0,39,1.4,8.0,49.7,47.0,58.1,57.0,28.0,28.0,128.4,128.0,140,54.4,59
1.0,0.1,0.5,Iowa,46.8,46,47,47.0,28.1,27.5,35,5.1,9.0,54.4,56.0,63.0,62.0,30.0,28.0,112.2,112.5,122,54.8,61
1.0,0.01,1.0,South Dakota,46.9,35,67,48.0,38.4,38.0,42,0.0,0.0,58.8,58.0,67.0,64.0,83.8,85.5,6.4,6.0,10,2.4,3
1.0,0.1,0.5,Arizona,46.9,38,56,48.5,7.7,8.0,9,0.9,3.0,62.6,56.0,80.8,81.0,74.0,84.0,9.9,9.5,12,3.2,4
0.5,0.01,0.5,Kansas,47.0,42,54,47.0,24.5,25.5,28,0.7,4.0,56.5,52.5,67.6,72.0,28.0,28.0,12.0,12.5,16,8.3,12
0.5,0.05,1.0,Iowa,47.0,47,47,47.0,29.9,30.0,33,9.7,14.0,63.7,65.0,69.6,70.0,36.4,28.0,95.7,95.0,104,47.7,51
1.0,0.1,2.0,Arizona,47.2,38,49,48.0,7.8,8.0,9,0.5,2.0,58.5,56.0,79.0,81.0,44.8,28.0,11.6,11.5,15,3.2,5
0.5,0.05,1.0,Minnesota,47.2,42,50,49.0,34.5,33.5,41,0.3,1.0,50.0,50.0,50.4,50.0,52.5,56.5,50.6,51.0,58,35.4,40
0.5,0.01,1.0,Colorado,47.5,41,54,47.5,17.4,17.0,20,0.4,1.0,60.2,56.5,68.7,72.5,32.6,28.0,26.5,27.0,31,6.3,9
2.0,0.01,1.0,Kansas,47.5,42,64,47.0,43.0,43.5,47,0.2,1.0,54.1,48.0,63.3,64.0,28.0,28.0,27.5,26.0,40,19.3,25
2.0,0.05,2.0,Wisconsin,47.5,43,52,47.5,39.8,40.5,44,0.3,1.0,57.4,56.5,62.7,63.0,28.0,28.0,83.5,84.0,95,24.7,29
0.5,0.05,0.5,Wisconsin,47.5,43,52,47.5,35.9,35.5,39,0.1,1.0,57.8,56.5,63.1,63.0,30.5,28.0,66.6,65.5,81,24.9,29
0.5,0.05,2.0,Minnesota,47.7,42,53,49.5,36.7,36.5,43,0.3,1.0,50.4,50.0,50.8,50.5,34.1,28.0,58.7,60.5,66,35.5,41
0.5,0.05,2.0,Iowa,47.7,46,56,47.0,33.4,34.0,36,7.6,13.0,61.7,61.0,68.5,69.0,38.4,38.0,109.7,112.0,121,49.7,53
1.0,0.01,0.5,Kansas,47.8,42,65,48.0,36.2,36.5,40,0.6,2.0,60.7,64.0,66.3,72.0,28.0,28.0,17.8,18.0,25,10.9,16
ALL,ALL,ALL,Minnesota,47.83888888888889,42,89,42.0,36.43888888888889,36.0,50,0.6777777777777778,3.0,53.147222222222226,50.0,54.25277777777778,50.0,46.96666666666667,46.0,56.65,59.0,79,36.18333333333333,50
0.5,0.1,2.0,Arizona,48.0,38,56,48.0,7.3,7.0,8,0.8,3.0,61.0,56.0,81.8,81.0,73.1,84.0,10.9,11.0,12,3.7,4
0.5,0.25,2.0,Nebraska,48.0,48,48,48.0,40.7,40.0,43,0.0,0.0,52.0,52.0,63.8,65.0,102.7,80.0,3.2,3.5,4,10.9,12
0.5,0.01,2.0,Kansas,48.0,47,54,47.0,41.9,41.0,48,0.8,2.0,59.3,63.5,70.6,70.5,28.0,28.0,20.6,22.0,24,12.5,18
2.0,0.25,1.0,Nebraska,48.0,48,48,48.0,45.7,45.5,47,0.0,0.0,54.6,52.0,64.2,65.0,103.0,80.0,2.5,2.0,4,14.2,18
2.0,0.1,2.0,Arizona,48.2,38,56,48.5,7.9,8.0,9,0.3,2.0,58.5,56.0,80.2,81.0,50.4,28.0,11.0,11.0,13,3.1,4
2.0,0.05,0.5,Minnesota,48.2,42,53,50.0,40.5,40.5,45,0.6,3.0,51.2,50.0,52.6,52.0,53.2,58.5,62.8,63.0,71,34.2,39
0.5,0.05,2.0,Wisconsin,48.3,43,52,51.5,39.8,39.0,45,0.3,1.0,56.4,55.0,61.6,63.0,30.5,28.0,86.9,87.0,100,24.0,29
1.0,0.05,1.0,Wisconsin,48.4,43,52,52.0,40.0,39.0,46,0.2,1.0,57.6,59.0,61.8,63.0,30.6,28.0,86.1,87.0,91,23.6,29
1.0,0.05,0.5,Wisconsin,48.4,43,52,52.0,38.9,39.0,44,0.2,1.0,58.2,61.0,62.3,63.0,28.0,28.0,76.9,78.5,87,24.3,29
0.5,0.05,0.5,Iowa,48.6,46,59,47.0,27.9,28.0,36,8.0,12.0,64.6,65.0,70.2,70.0,32.8,28.0,87.0,85.0,96,45.7,51
0.5,0.01,0.5,Colorado,48.8,41,54,54.0,12.8,13.0,15,0.5,1.0,62.0,62.0,68.6,72.5,39.0,28.0,16.9,17.0,22,2.9,4
0.5,0.1,1.0,Arizona,48.8,38,56,48.0,7.3,7.5,8,1.0,3.0,67.1,61.5,81.4,81.0,79.1,84.0,9.2,9.5,11,3.4,5
0.5,0.25,0.5,Nebraska,48.8,48,52,48.0,28.5,28.5,31,0.2,1.0,61.1,65.0,65.8,67.0,80.0,80.0,1.5,2.0,2,7.4,10
2.0,0.25,0.5,Nebraska,48.8,48,52,48.0,41.5,41.5,43,0.2,1.0,57.9,55.5,65.2,65.0,101.4,80.0,2.9,3.0,4,13.0,15
1.0,0.25,2.0,Nebraska,48.8,48,52,48.0,43.5,43.0,46,0.2,1.0,57.9,55.5,65.2,65.0,105.7,80.0,3.5,4.0,5,13.6,16
1.0,0.01,2.0,Colorado,48.9,41,76,41.0,22.6,22.5,26,0.1,1.0,64.7,64.0,72.6,74.5,33.2,28.0,38.7,37.5,49,7.5,9
1.0,0.1,1.0,Arizona,49.0,38,56,49.0,7.6,7.5,9,0.8,3.0,63.5,56.0,79.4,81.0,62.5,84.0,9.8,9.5,13,3.4,4
2.0,0.05,0.5,Arizona,49.0,38,76,49.0,7.5,7.0,9,1.3,3.0,71.0,81.0,83.4,85.0,68.1,84.0,11.1,11.0,13,3.5,4
1.0,0.01,1.0,Kansas,49.0,42,72,48.0,41.1,41.0,43,0.5,1.0,57.3,54.0,65.6,65.0,28.0,28.0,22.1,21.5,26,15.7,21
1.0,0.05,2.0,Iowa,49.1,47,59,47.0,34.5,34.0,40,8.1,11.0,67.2,69.0,70.3,72.5,30.1,28.0,115.3,114.5,124,51.6,56
1.0,0.01,2.0,Kansas,49.2,42,64,47.5,44.8,44.5,52,0.3,1.0,59.8,64.0,66.1,72.0,28.0,28.0,25.2,26.0,33,15.9,23
2.0,0.01,1.0,Colorado,49.3,41,72,47.5,22.7,23.0,27,0.3,1.0,62.2,56.5,70.0,74.0,28.0,28.0,39.6,39.5,52,7.7,12
0.5,0.01,1.0,Kansas,49.3,42,64,47.5,31.5,32.0,37,0.2,1.0,54.5,53.5,66.6,64.0,28.0,28.0,13.6,13.5,19,10.6,15
1.0,0.25,1.0,California,49.5,32,69,49.0,6.8,7.0,8,0.5,1.0,68.8,69.0,72.5,70.5,28.0,28.0,54.3,55.5,59,29.2,31
1.0,0.05,2.0,Wisconsin,49.6,43,65,51.5,39.8,39.0,43,0.4,2.0,57.9,56.5,62.4,62.0,28.0,28.0,82.2,81.0,90,23.7,25
1.0,0.05,0.5,Arizona,49.8,38,59,49.0,6.9,6.5,9,1.9,3.0,74.3,81.0,87.6,85.0,63.2,84.0,9.2,9.5,11,3.9,5
2.0,0.05,0.5,Iowa,49.9,46,59,47.0,35.3,34.5,45,6.3,11.0,62.6,63.5,69.1,71.5,31.3,28.0,116.5,115.5,132,49.8,55
0.5,0.05,1.0,Arizona,50.0,38,82,49.0,7.4,7.5,9,1.1,3.0,71.4,81.0,83.9,85.0,73.1,84.0,9.4,9.0,15,2.9,5
0.5,0.05,0.5,Michigan,50.0,50,50,50.0,30.3,30.0,33,1.0,1.0,58.9,57.0,68.0,64.0,82.5,83.0,10.0,10.0,17,15.7,18
0.5,0.1,0.5,Michigan,50.0,50,50,50.0,32.0,32.0,35,1.0,1.0,57.2,57.0,60.8,62.0,71.9,73.5,13.2,13.0,17,17.7,22
0.5,0.05,1.0,Michigan,50.0,50,50,50.0,32.8,32.5,37,1.0,1.0,59.7,57.0,67.7,66.0,66.7,76.0,14.5,14.5,17,19.0,24
1.0,0.05,0.5,Michigan,50.0,50,50,50.0,34.5,34.0,39,1.0,1.0,61.0,63.0,69.1,67.0,61.4,76.0,14.9,15.0,20,19.1,24
0.5,0.1,1.0,Michigan,50.0,50,50,50.0,35.9,35.5,38,1.0,1.0,58.8,57.0,63.9,63.0,73.8,76.0,12.8,12.5,19,19.4,23
0.5,0.05,2.0,Michigan,50.0,50,50,50.0,36.6,36.5,41,1.0,1.0,62.6,61.0,66.1,65.0,73.0,76.0,18.1,16.5,27,20.6,24
1.0,0.25,0.5,Michigan,50.0,50,50,50.0,38.7,38.5,41,1.0,1.0,56.5,56.5,58.9,57.5,64.1,66.0,15.4,15.5,20,21.0,24
0.5,0.25,0.5,Michigan,50.0,50,50,50.0,31.3,31.0,35,1.0,1.0,56.4,56.0,58.0,57.0,66.8,70.0,16.4,15.5,21,21.1,24
1.0,0.05,1.0,Michigan,50.0,50,50,50.0,35.3,36.0,38,1.0,1.0,59.7,57.0,70.4,64.0,70.2,76.0,14.5,15.0,21,21.2,24
2.0,0.05,2.0,Michigan,50.0,50,50,50.0,39.1,39.0,42,1.0,1.0,60.5,57.0,68.7,64.0,73.5,76.0,16.4,16.0,21,21.2,24
1.0,0.1,0.5,Michigan,50.0,50,50,50.0,35.0,34.0,40,1.0,1.0,59.1,57.0,63.3,62.0,64.8,66.0,15.6,16.0,25,21.3,25
2.0,0.1,2.0,Michigan,50.0,50,50,50.0,40.1,41.0,43,1.0,1.0,57.3,57.0,61.5,63.0,75.9,76.0,14.5,14.0,18,21.4,26
0.5,0.1,2.0,Michigan,50.0,50,50,50.0,37.4,37.0,40,1.0,1.0,60.4,62.0,65.9,65.0,72.5,76.0,16.1,16.5,19,21.4,23
0.5,0.25,2.0,Michigan,50.0,50,50,50.0,39.8,40.5,42,1.0,1.0,56.3,56.0,58.8,57.0,64.8,62.0,20.4,19.5,25,21.5,24
2.0,0.1,1.0,Michigan,50.0,50,50,50.0,39.4,38.5,43,1.0,1.0,57.5,57.0,61.7,63.0,70.8,70.5,17.6,18.5,26,22.0,24
2.0,0.1,0.5,Michigan,50.0,50,50,50.0,38.5,39.0,41,1.0,1.0,58.4,57.0,62.6,62.0,73.3,76.0,16.4,15.5,22,22.0,26
1.0,0.25,1.0,Michigan,50.0,50,50,50.0,39.1,39.5,44,1.0,1.0,56.3,56.0,58.5,57.0,64.9,62.0,19.4,20.0,24,22.1,27
1.0,0.05,2.0,Michigan,50.0,50,50,50.0,38.6,38.5,42,1.0,1.0,65.9,63.0,81.0,84.0,79.2,85.5,16.0,15.5,20,22.2,27
0.5,0.25,1.0,Michigan,50.0,50,50,50.0,35.1,35.5,37,1.0,1.0,56.3,56.0,59.0,57.0,66.3,66.0,17.4,17.5,23,22.3,24
1.0,0.1,2.0,Michigan,50.0,50,50,50.0,39.1,39.5,43,1.0,1.0,57.4,57.0,62.2,63.0,72.4,73.5,16.8,18.0,20,22.6,26
2.0,0.25,1.0,Michigan,50.0,50,50,50.0,39.7,39.0,43,1.0,1.0,56.2,56.0,58.6,57.0,62.1,59.5,20.2,21.5,24,22.8,27
2.0,0.25,2.0,Michigan,50.0,50,50,50.0,39.9,40.0,42,1.0,1.0,56.5,56.5,58.7,57.5,65.1,66.0,18.9,19.0,25,23.3,26
2.0,0.25,0.5,Michigan,50.0,50,50,50.0,38.9,40.0,44,1.0,1.0,56.9,56.5,59.4,59.0,62.3,66.0,18.0,17.5,22,23.6,30
1.0,0.1,1.0,Michigan,50.0,50,50,50.0,36.1,35.5,40,1.0,1.0,59.2,57.0,63.2,64.0,74.9,76.0,16.7,16.0,21,23.9,27
1.0,0.25,2.0,Michigan,50.0,50,50,50.0,38.5,39.0,43,1.0,1.0,56.3,56.0,58.7,57.0,64.9,66.0,18.8,18.5,27,24.2,28
2.0,0.1,0.5,Arizona,50.1,48,56,49.0,7.2,7.0,8,1.5,3.0,68.5,68.5,81.8,83.0,39.2,28.0,11.5,12.0,14,3.8,5
1.0,0.25,1.0,Nebraska,50.1,48,65,48.0,39.8,40.0,42,0.1,1.0,59.7,63.5,66.9,66.0,91.2,80.0,3.7,3.5,7,12.1,14
2.0,0.05,1.0,Iowa,50.3,46,59,47.0,36.5,37.5,41,5.8,13.0,61.5,57.5,68.3,70.0,31.3,28.0,119.7,121.5,129,51.1,59
2.0,0.05,2.0,Iowa,50.3,46,59,47.0,35.5,35.0,39,6.6,12.0,64.5,67.5,69.4,71.0,30.1,28.0,120.3,120.0,137,52.5,56
ALL,ALL,ALL,Iowa,50.38611111111111,46,88,47.0,31.444444444444443,32.0,45,4.663888888888889,14.0,61.63611111111111,56.0,68.58055555555555,65.0,35.91111111111111,28.0,111.20555555555555,114.0,154,50.830555555555556,62
2.0,0.01,0.5,South Dakota,50.4,35,58,53.0,38.4,38.5,42,0.0,0.0,62.3,60.5,69.7,70.0,96.5,96.5,8.9,9.0,12,2.2,3
0.5,0.1,2.0,California,50.5,32,69,50.5,4.8,4.0,7,0.5,1.0,70.2,69.0,81.6,83.0,28.0,28.0,61.2,60.0,68,31.1,32
2.0,0.05,0.5,Michigan,50.7,50,57,50.0,36.8,37.0,42,1.0,2.0,64.5,63.0,69.3,65.5,68.7,76.0,14.8,14.0,21,20.7,26
2.0,0.05,1.0,Michigan,50.7,50,57,50.0,38.0,39.0,42,0.9,1.0,63.0,63.0,71.0,66.5,83.8,85.0,15.2,15.5,18,21.8,28
2.0,0.01,0.5,Kansas,51.1,42,72,48.0,40.8,41.5,44,0.4,1.0,61.3,64.5,68.3,72.0,28.0,28.0,21.7,22.0,26,16.7,22
0.5,0.05,0.5,Arizona,51.3,38,70,49.0,6.9,7.0,8,1.8,3.0,75.6,81.0,86.2,85.0,74.1,84.0,5.9,5.5,8,3.4,5
2.0,0.05,1.0,Arizona,51.3,38,56,52.5,7.4,7.0,8,1.1,3.0,67.7,62.5,80.8,81.0,50.4,28.0,11.6,11.5,15,3.6,4
0.5,0.01,0.5,Oklahoma,51.4,36,72,50.0,8.2,8.5,11,0.1,1.0,70.9,72.0,97.4,80.5,32.55555555555556,28.0,3.111111111111111,3.0,5,0.1,1
0.5,0.05,2.0,Arizona,51.4,38,70,49.0,7.2,7.0,8,1.1,2.0,71.8,81.0,85.8,85.0,52.2,28.0,10.9,10.5,13,3.8,5
1.0,0.25,0.5,Nebraska,51.4,48,65,48.0,36.6,37.0,39,0.0,0.0,57.6,52.0,64.9,65.0,80.0,80.0,2.1,2.0,4,13.1,17
ALL,ALL,ALL,Wisconsin,51.675,43,99,43.0,38.297222222222224,39.0,47,0.1111111111111111,3.0,61.644444444444446,52.0,66.975,61.0,32.91388888888889,28.0,82.55277777777778,86.0,111,24.997222222222224,33
2.0,0.25,2.0,Nebraska,51.8,48,65,48.0,46.0,46.0,48,0.0,0.0,58.0,55.5,65.3,65.0,95.2,80.0,3.1,2.5,6,15.1,18
0.5,0.01,0.5,Kentucky,52.0,52,52,52.0,12.3,12.0,16,0.0,0.0,100.3,103.0,120.8,122.5,155.5,159.0,4.7,4.5,7,2.4,5
0.5,0.01,1.0,Kentucky,52.0,52,52,52.0,21.0,21.5,26,0.0,0.0,99.7,103.0,115.1,120.0,86.2,79.0,8.1,7.5,11,3.3,5
0.5,0.01,2.0,Kentucky,52.0,52,52,52.0,27.7,28.0,32,0.0,0.0,111.0,120.0,120.4,126.0,73.8,28.0,12.6,13.0,18,4.1,10
1.0,0.01,0.5,Kentucky,52.0,52,52,52.0,24.7,25.0,28,0.2,1.0,104.5,105.0,120.8,127.0,68.7,28.0,10.3,11.0,15,4.2,10
0.5,0.05,0.5,Kentucky,52.0,52,52,52.0,25.2,25.5,28,0.0,0.0,65.4,64.5,79.5,79.5,89.0,76.5,10.7,10.5,13,4.4,6
0.5,0.1,0.5,Kentucky,52.0,52,52,52.0,30.4,29.5,34,0.0,0.0,72.1,76.0,80.0,81.0,109.9,112.0,10.6,10.5,14,4.7,7
0.5,0.25,0.5,Kentucky,52.0,52,52,52.0,34.1,34.0,37,0.0,0.0,62.6,54.0,76.5,76.0,77.2,64.0,14.8,15.0,21,5.1,8
1.0,0.01,2.0,Kentucky,52.0,52,52,52.0,31.7,32.5,34,0.0,0.0,101.0,95.0,116.0,120.0,116.3,130.0,15.9,15.5,21,5.3,8
1.0,0.01,1.0,Kentucky,52.0,52,52,52.0,31.0,30.5,37,0.0,0.0,98.0,99.0,111.6,113.5,88.7,79.0,14.7,15.0,20,6.0,9
0.5,0.05,1.0,Kentucky,52.0,52,52,52.0,30.8,31.5,34,0.0,0.0,76.4,76.0,81.4,81.0,103.7,106.0,12.1,12.0,20,6.2,8
2.0,0.01,0.5,Kentucky,52.0,52,52,52.0,31.8,32.5,36,0.0,0.0,106.6,110.5,121.2,122.5,101.4,134.5,15.8,15.5,25,6.2,10
2.0,0.01,2.0,Kentucky,52.0,52,52,52.0,35.7,36.5,39,0.0,0.0,98.6,95.0,113.0,120.0,111.7,139.5,18.2,18.5,23,6.2,11
2.0,0.01,1.0,Kentucky,52.0,52,52,52.0,31.1,30.5,36,0.2,1.0,100.1,103.0,117.5,120.0,82.7,46.0,17.4,17.0,23,6.5,11
0.5,0.1,1.0,Kentucky,52.0,52,52,52.0,35.5,35.5,37,0.0,0.0,62.6,54.0,76.9,76.0,81.3,64.0,13.7,14.0,19,6.6,8
1.0,0.05,0.5,Kentucky,52.0,52,52,52.0,36.3,37.0,39,0.0,0.0,72.2,76.0,80.5,78.0,69.6,89.0,18.2,17.5,30,7.6,14
1.0,0.1,0.5,Kentucky,52.0,52,52,52.0,38.0,38.0,42,0.0,0.0,72.5,76.0,78.9,78.5,74.9,76.5,16.7,16.5,21,7.6,13
0.5,0.25,1.0,Kentucky,52.0,52,52,52.0,38.6,39.0,42,0.0,0.0,54.0,54.0,75.6,76.0,60.4,64.0,18.5,18.5,22,7.7,11
ALL,ALL,ALL,Kentucky,52.0,52,52,52.0,36.44722222222222,38.0,49,0.013888888888888888,1.0,75.75555555555556,76.0,88.43333333333334,81.0,82.35277777777777,64.0,19.65,20.0,35,8.71111111111111,17
0.5,0.05,2.0,Kentucky,52.0,52,52,52.0,36.5,36.0,40,0.0,0.0,73.8,76.0,82.0,81.0,61.6,28.0,18.3,18.0,26,8.8,11
1.0,0.05,1.0,Kentucky,52.0,52,52,52.0,40.2,40.5,45,0.0,0.0,71.5,76.0,81.5,81.0,57.2,28.0,20.6,21.0,28,9.0,13
1.0,0.25,0.5,Kentucky,52.0,52,52,52.0,39.1,40.0,41,0.0,0.0,64.7,64.5,76.3,76.0,76.5,76.5,20.7,21.0,22,9.8,15
0.5,0.1,2.0,Kentucky,52.0,52,52,52.0,39.8,40.0,43,0.0,0.0,63.0,54.0,78.4,77.0,64.6,64.0,19.5,19.0,25,10.3,13
1.0,0.05,2.0,Kentucky,52.0,52,52,52.0,42.8,43.0,45,0.0,0.0,73.1,76.0,82.3,83.0,102.3,103.5,24.9,24.5,33,10.4,15
2.0,0.05,1.0,Kentucky,52.0,52,52,52.0,41.7,41.0,48,0.1,1.0,73.4,76.0,82.1,81.0,99.8,113.5,24.2,23.5,29,10.5,13
2.0,0.05,0.5,Kentucky,52.0,52,52,52.0,41.2,41.0,45,0.0,0.0,71.1,76.0,81.9,82.0,46.0,28.0,22.6,23.0,26,10.5,12
1.0,0.1,1.0,Kentucky,52.0,52,52,52.0,41.2,42.0,45,0.0,0.0,69.4,76.0,78.9,78.0,54.1,46.0,23.4,23.0,31,10.7,16
2.0,0.05,2.0,Kentucky,52.0,52,52,52.0,42.9,43.0,46,0.0,0.0,78.3,78.5,84.4,83.0,109.2,106.5,23.7,24.0,30,11.5,16
2.0,0.1,0.5,Kentucky,52.0,52,52,52.0,42.4,41.0,49,0.0,0.0,71.5,76.0,78.9,79.5,60.0,28.0,24.8,24.0,35,11.9,16
1.0,0.25,1.0,Kentucky,52.0,52,52,52.0,42.5,42.0,48,0.0,0.0,64.8,64.5,76.4,76.0,79.5,76.5,27.2,25.0,34,12.0,14
0.5,0.25,2.0,Kentucky,52.0,52,52,52.0,41.0,40.5,46,0.0,0.0,64.8,64.5,76.7,76.0,77.4,76.5,26.8,27.0,31,12.2,17
2.0,0.1,2.0,Kentucky,52.0,52,52,52.0,43.1,43.0,49,0.0,0.0,64.9,64.5,77.5,76.0,81.7,76.5,26.6,25.0,34,12.6,17
2.0,0.25,2.0,Kentucky,52.0,52,52,52.0,45.8,46.0,49,0.0,0.0,56.1,54.0,75.9,76.0,66.5,64.0,30.8,30.5,34,12.9,17
2.0,0.25,0.5,Kentucky,52.0,52,52,52.0,43.4,43.5,45,0.0,0.0,58.4,54.0,76.2,76.0,58.5,64.0,29.4,29.0,33,12.9,16
2.0,0.25,1.0,Kentucky,52.0,52,52,52.0,45.2,44.5,49,0.0,0.0,58.2,54.0,76.0,76.0,71.6,64.0,31.3,32.0,35,13.1,15
1.0,0.1,2.0,Kentucky,52.0,52,52,52.0,41.1,42.0,44,0.0,0.0,71.6,76.0,79.6,81.0,100.1,112.0,25.4,25.0,30,13.2,16
1.0,0.25,2.0,Kentucky,52.0,52,52,52.0,44.6,44.0,47,0.0,0.0,58.4,54.0,76.4,76.0,69.3,64.0,30.1,31.0,34,13.4,16
2.0,0.1,1.0,Kentucky,52.0,52,52,52.0,41.7,41.5,45,0.0,0.0,62.6,54.0,76.5,76.0,77.8,64.0,24.1,25.0,27,13.8,16
1.0,0.01,2.0,Oklahoma,52.4,36,64,62.0,23.1,24.0,26,0.0,0.0,71.3,68.0,88.3,83.0,41.1,28.0,8.7,9.0,13,4.2,10
0.5,0.1,0.5,Nebraska,52.6,48,65,50.0,25.2,25.0,28,0.2,1.0,63.5,65.0,68.6,70.0,83.66666666666667,80.0,1.4,1.5,2,8.7,11
1.0,0.1,2.0,Nebraska,53.1,48,65,48.0,42.9,43.0,46,0.0,0.0,61.7,65.0,67.2,67.0,90.2,80.0,3.5,3.5,5,13.5,15
1.0,0.01,0.5,Minnesota,53.4,42,66,53.0,36.5,36.5,42,0.4,2.0,59.1,61.0,61.1,62.0,59.6,66.5,40.3,42.0,45,27.2,36
1.0,0.05,1.0,Arizona,53.6,48,77,49.0,7.2,7.0,9,1.1,3.0,68.5,68.5,83.4,85.0,51.3,28.0,10.5,10.5,13,3.7,5
0.5,0.1,1.0,Nebraska,53.9,48,65,50.0,30.4,31.0,33,0.2,1.0,63.7,65.0,67.9,67.0,96.77777777777777,80.0,1.4,1.5,2,9.6,12
0.5,0.25,1.0,Nebraska,54.1,48,65,52.0,33.9,34.0,36,0.3,1.0,60.9,65.0,65.6,67.0,80.33333333333333,80.0,1.7,2.0,3,8.9,11
1.0,0.25,2.0,California,54.2,32,69,69.0,6.5,6.0,8,0.5,1.0,70.0,69.0,75.4,72.0,28.0,28.0,53.7,53.0,62,29.9,31
2.0,0.1,1.0,Nebraska,54.3,48,65,52.0,44.1,44.5,45,0.3,1.0,63.0,65.0,67.8,67.0,80.4,80.0,4.1,4.0,7,14.2,16
2.0,0.05,2.0,Arizona,54.5,48,77,52.5,7.5,7.5,9,1.3,3.0,73.6,81.0,85.7,85.0,56.0,56.0,10.7,11.0,13,3.5,5
1.0,0.25,0.5,Missouri,55.0,55,55,55.0,65.7,66.0,68,0.0,0.0,70.9,69.0,75.7,76.0,100.0,108.0,13.2,13.5,17,7.4,11
0.5,0.25,2.0,Missouri,55.0,55,55,55.0,72.8,73.0,76,0.0,0.0,66.9,66.0,73.2,76.0,75.7,106.5,13.8,13.5,17,8.3,10
1.0,0.25,1.0,Missouri,55.0,55,55,55.0,72.9,73.0,76,0.0,0.0,66.9,66.0,71.1,69.0,81.8,105.0,16.4,17.0,20,10.4,14
2.0,0.25,1.0,Missouri,55.0,55,55,55.0,76.6,76.0,80,0.0,0.0,68.5,69.0,75.1,76.0,91.1,106.5,14.0,14.5,16,11.1,14
2.0,0.25,2.0,Missouri,55.0,55,55,55.0,79.3,79.0,83,0.0,0.0,68.5,69.0,73.4,76.0,83.4,106.5,16.0,15.0,19,11.5,13
ALL,ALL,ALL,Michigan,55.19166666666667,50,122,50.0,35.50555555555555,36.0,44,0.875,2.0,67.37222222222222,57.0,74.83611111111111,63.0,71.49444444444444,76.0,15.716666666666667,16.0,27,20.252777777777776,30
1.0,0.01,0.5,Oklahoma,55.6,36,64,64.0,12.5,12.5,15,0.0,0.0,75.2,71.5,88.5,85.0,43.9,28.0,4.6,5.0,10,0.6,2
2.0,0.01,1.0,Iowa,55.7,47,64,59.0,33.5,32.5,39,5.9,10.0,78.3,78.5,85.9,87.5,39.4,28.0,103.2,103.0,110,50.3,55
1.0,0.25,0.5,Alabama,56.2,52,66,52.0,8.7,9.0,10,0.0,0.0,82.6,83.0,95.7,96.0,129.0,129.0,1.375,1.0,2,0.0,0
2.0,0.01,1.0,Oklahoma,56.4,36,72,62.0,24.4,25.5,26,0.2,2.0,73.6,67.0,90.6,85.0,28.0,28.0,12.4,10.5,19,5.8,10
0.5,0.25,0.5,Missouri,56.4,55,69,55.0,44.9,45.5,48,0.0,0.0,67.9,66.0,74.1,76.0,28.0,28.0,8.4,8.5,12,7.3,10
1.0,0.25,2.0,Missouri,56.4,55,69,55.0,75.5,76.5,79,0.0,0.0,67.9,66.0,73.7,76.0,67.7,66.5,15.4,16.0,18,12.1,15
1.0,0.01,0.5,Iowa,56.4,47,64,59.0,29.5,28.5,36,5.0,9.0,76.9,77.5,86.7,87.5,51.2,60.5,77.7,74.0,89,44.1,50
1.0,0.25,1.0,Alabama,56.5,52,83,52.0,13.4,13.0,15,0.0,0.0,80.9,83.0,95.7,96.0,132.5,129.0,2.2,2.0,4,0.0,0
1.0,0.05,2.0,Arizona,56.6,48,78,52.5,6.9,7.0,8,1.2,3.0,68.4,68.0,82.6,81.0,61.6,84.0,11.3,11.5,15,4.1,5
ALL,ALL,ALL,Arizona,56.641666666666666,38,108,49.0,7.463888888888889,8.0,10,0.6583333333333333,3.0,71.38888888888889,56.0,87.97222222222223,81.0,66.8,84.0,10.025,10.0,15,3.066666666666667,5
0.5,0.1,2.0,Nebraska,56.7,48,65,55.5,39.0,39.0,41,0.2,1.0,66.4,65.0,69.5,70.0,95.2,80.0,2.5,2.5,4,9.7,12
2.0,0.1,0.5,Nebraska,56.7,48,65,55.5,40.9,41.0,42,0.2,1.0,64.2,65.0,68.5,68.5,109.3,102.0,2.9,2.5,5,12.1,15
0.5,0.25,0.5,California,57.1,32,69,66.5,6.0,6.0,8,0.3,1.0,69.4,69.0,73.2,72.0,28.0,28.0,50.7,51.0,56,24.7,26
0.5,0.25,1.0,Missouri,57.2,55,66,55.0,59.0,59.0,61,0.0,0.0,68.2,67.5,73.8,76.0,28.0,28.0,11.9,12.0,14,7.4,9
1.0,0.1,0.5,Nebraska,57.2,48,65,59.0,35.2,35.0,39,0.1,1.0,64.0,65.0,68.2,70.0,111.77777777777777,80.0,2.1,2.0,4,11.5,15
2.0,0.1,2.0,California,57.4,32,69,68.0,4.6,5.0,6,1.9,7.0,74.2,69.0,105.6,82.0,28.0,28.0,53.2,52.0,59,31.3,34
2.0,0.01,2.0,Oklahoma,57.5,36,72,64.0,26.2,26.0,30,0.0,0.0,88.0,69.0,108.0,85.0,28.0,28.0,12.3,12.0,20,6.7,12
0.5,0.01,0.5,Iowa,57.6,47,64,59.0,20.5,21.0,23,6.4,9.0,79.9,81.5,87.1,91.0,50.1,55.5,67.8,68.5,73,40.6,46
2.0,0.01,2.0,Iowa,57.8,47,78,59.0,29.1,28.5,34,5.6,9.0,80.9,85.0,88.2,91.5,47.5,44.5,103.2,103.0,120,55.7,62
0.5,0.25,1.0,Nevada,58.0,58,58,58.0,5.0,5.0,5,0.0,0.0,67.5,67.5,84.0,82.5,136.0,136.0,1.8,2.0,2,0.0,0
1.0,0.25,0.5,Nevada,58.0,58,58,58.0,5.0,5.0,5,0.0,0.0,67.5,67.5,85.8,94.0,136.0,136.0,1.5,1.5,2,0.0,0
1.0,0.25,2.0,Nevada,58.0,58,58,58.0,5.0,5.0,5,0.0,0.0,71.2,71.0,89.1,94.0,136.0,136.0,1.7,2.0,3,0.0,0
2.0,0.25,1.0,Nevada,58.0,58,58,58.0,5.0,5.0,5,0.0,0.0,70.3,71.0,93.2,94.0,136.0,136.0,1.7,2.0,2,0.0,0
0.5,0.25,2.0,Nevada,58.0,58,58,58.0,5.0,5.0,5,0.0,0.0,68.9,71.0,88.6,94.0,136.0,136.0,1.9,2.0,3,0.0,0
0.5,0.25,0.5,Nevada,58.0,58,58,58.0,5.0,5.0,5,0.0,0.0,70.3,71.0,94.2,96.5,136.0,136.0,1.0,1.0,1,0.0,0
1.0,0.25,1.0,Nevada,58.0,58,58,58.0,5.0,5.0,5,0.0,0.0,78.4,71.0,97.6,94.0,136.0,136.0,1.2,1.0,2,0.0,0
2.0,0.25,2.0,Nevada,58.0,58,58,58.0,5.0,5.0,5,0.0,0.0,78.4,71.0,97.5,98.5,136.0,136.0,1.6,1.5,3,0.0,0
2.0,0.25,0.5,Nevada,58.0,58,58,58.0,5.0,5.0,5,0.0,0.0,68.9,71.0,87.6,94.0,136.0,136.0,1.5,1.5,2,0.0,0
1.0,0.1,1.0,Nevada,58.0,58,58,58.0,5.0,5.0,5,0.0,0.0,83.5,82.5,102.3,99.0,136.0,136.0,1.8,2.0,2,0.0,0
0.5,0.25,0.5,Indiana,58.0,58,58,58.0,49.5,49.0,52,0.0,0.0,61.0,61.0,62.0,62.0,63.0,63.0,17.8,17.5,22,7.2,10
0.5,0.1,0.5,Indiana,58.0,58,58,58.0,44.2,44.5,48,0.0,0.0,61.4,62.0,65.9,67.0,85.3,91.5,16.1,16.0,20,7.7,10
1.0,0.05,0.5,Indiana,58.0,58,58,58.0,50.5,50.5,54,0.0,0.0,63.1,62.0,73.9,75.0,107.2,106.0,14.5,13.0,19,7.9,12
0.5,0.1,1.0,Indiana,58.0,58,58,58.0,51.8,53.0,54,0.0,0.0,61.5,61.5,66.3,64.5,87.3,94.0,19.1,19.5,22,8.6,10
1.0,0.1,0.5,Indiana,58.0,58,58,58.0,54.9,55.0,59,0.0,0.0,61.6,62.0,66.7,67.0,86.6,89.0,19.2,19.5,21,9.1,13
0.5,0.05,2.0,Indiana,58.0,58,58,58.0,52.2,52.5,55,0.0,0.0,63.7,62.0,74.2,76.0,105.8,105.5,17.2,17.5,26,9.5,12
0.5,0.25,1.0,Indiana,58.0,58,58,58.0,56.5,57.0,61,0.0,0.0,60.8,61.0,62.6,62.0,69.6,63.0,20.0,19.5,25,9.9,14
1.0,0.25,0.5,Indiana,58.0,58,58,58.0,58.9,59.0,62,0.0,0.0,60.9,61.0,62.9,62.0,70.9,63.0,21.4,21.0,26,9.9,13
1.0,0.25,1.0,Indiana,58.0,58,58,58.0,63.0,63.5,66,0.0,0.0,60.9,61.0,62.9,62.0,71.0,63.0,23.7,24.0,29,10.2,12
0.5,0.1,2.0,Indiana,58.0,58,58,58.0,56.7,56.5,60,0.0,0.0,61.5,61.5,66.0,64.5,88.9,94.0,20.3,20.5,24,10.2,13
2.0,0.1,0.5,Indiana,58.0,58,58,58.0,60.2,60.0,65,0.0,0.0,61.8,62.0,68.0,67.0,91.3,92.5,22.6,22.0,28,10.9,15
1.0,0.1,1.0,Indiana,58.0,58,58,58.0,57.7,58.5,60,0.0,0.0,61.7,62.0,69.1,69.0,90.5,91.0,20.7,20.5,26,10.9,15
2.0,0.25,0.5,Indiana,58.0,58,58,58.0,63.2,63.0,67,0.0,0.0,61.2,61.0,63.0,62.0,69.4,63.0,23.2,23.0,27,11.1,14
2.0,0.1,1.0,Indiana,58.0,58,58,58.0,61.4,61.5,66,0.0,0.0,61.0,61.0,63.9,62.0,76.0,68.5,23.3,23.5,27,11.2,14
1.0,0.1,2.0,Indiana,58.0,58,58,58.0,61.4,62.0,65,0.0,0.0,61.7,62.0,68.5,67.5,88.5,94.0,21.4,21.5,25,11.4,14
1.0,0.25,2.0,Indiana,58.0,58,58,58.0,63.8,64.5,67,0.0,0.0,60.6,61.0,62.8,62.0,69.6,63.0,25.2,23.0,34,11.6,15
0.5,0.25,2.0,Indiana,58.0,58,58,58.0,59.2,60.0,61,0.0,0.0,61.1,61.0,63.5,62.0,72.2,63.0,22.7,22.0,28,11.7,15
2.0,0.25,1.0,Indiana,58.0,58,58,58.0,64.7,65.0,67,0.0,0.0,60.5,61.0,62.5,62.0,66.8,63.0,25.8,26.0,31,12.1,14
2.0,0.1,2.0,Indiana,58.0,58,58,58.0,61.0,61.0,64,0.0,0.0,61.3,61.0,63.9,62.0,83.5,89.0,23.2,23.5,29,12.4,17
2.0,0.25,2.0,Indiana,58.0,58,58,58.0,63.6,63.0,67,0.0,0.0,61.1,61.0,62.5,62.0,66.2,63.0,25.1,25.5,27,13.0,15
2.0,0.1,2.0,Nebraska,58.0,48,65,62.0,44.6,44.5,47,0.1,1.0,66.3,66.0,68.7,68.5,96.8,80.0,3.8,3.5,6,14.5,19
2.0,0.01,1.0,Minnesota,58.0,49,66,61.0,42.0,42.5,50,0.0,0.0,59.6,63.0,61.4,64.5,48.2,28.0,48.6,48.5,56,28.0,34
0.5,0.01,2.0,Oklahoma,58.3,36,67,64.0,18.3,18.5,22,0.1,1.0,77.1,71.5,96.0,85.0,35.5,28.0,6.5,6.0,11,2.7,6
0.5,0.05,0.5,Indiana,58.3,58,61,58.0,40.4,40.5,45,0.0,0.0,62.0,62.0,74.2,75.0,94.2,94.0,12.5,12.5,17,6.0,8
2.0,0.05,2.0,Indiana,58.3,58,61,58.0,57.8,58.0,64,0.0,0.0,64.1,62.0,75.0,76.0,98.1,99.5,20.1,20.5,26,11.0,17
2.0,0.05,0.5,Indiana,58.4,58,62,58.0,55.6,56.0,58,0.0,0.0,64.7,62.0,75.3,76.5,102.5,105.0,16.1,15.0,21,9.7,12
2.0,0.1,1.0,Missouri,58.5,55,76,55.0,72.9,72.5,77,0.0,0.0,71.5,69.0,77.4,76.0,52.0,28.0,13.1,14.0,18,10.8,14
0.5,0.05,1.0,Indiana,58.6,58,61,58.0,47.1,48.0,50,0.0,0.0,64.1,62.0,73.7,75.0,101.2,95.0,15.0,15.0,20,7.7,10
1.0,0.05,1.0,Nebraska,58.6,48,65,65.0,36.2,36.0,38,0.1,1.0,67.4,67.0,71.3,71.0,86.3,81.0,2.9,3.0,5,11.2,13
1.0,0.05,1.0,Indiana,58.8,58,62,58.0,54.4,54.0,59,0.0,0.0,66.6,62.0,73.5,73.0,107.6,105.5,15.2,15.5,19,8.8,12
2.0,0.05,1.0,Indiana,58.8,58,62,58.0,57.4,57.5,62,0.0,0.0,65.3,62.0,73.9,75.0,101.8,94.0,18.3,17.5,24,11.6,14
0.5,0.01,1.0,Oklahoma,58.9,36,85,64.0,10.7,10.5,14,0.1,1.0,76.4,78.5,84.1,85.0,57.1,28.0,4.3,4.5,7,0.9,2
2.0,0.25,0.5,Missouri,58.9,55,69,55.0,73.5,73.5,77,0.0,0.0,70.9,69.0,75.0,76.0,91.7,108.0,14.5,14.5,18,10.5,13
1.0,0.1,1.0,Nebraska,59.0,48,65,65.0,38.7,39.0,41,0.2,1.0,67.1,67.0,69.4,70.0,95.8,80.0,3.4,3.0,5,11.1,15
0.5,0.05,2.0,Nebraska,59.0,48,65,65.0,35.3,35.0,38,0.2,1.0,67.4,67.0,71.1,72.0,102.9,81.0,3.0,3.0,4,11.9,14
0.5,0.01,0.5,Minnesota,59.0,50,69,61.0,34.1,33.5,39,0.0,0.0,62.5,63.0,64.1,65.0,75.2,73.0,27.8,27.5,36,23.9,31
1.0,0.25,1.0,Illinois,59.2,57,68,57.0,59.5,59.5,61,0.0,0.0,68.8,68.0,69.7,68.0,64.4,60.0,13.3,12.5,18,4.1,6
1.0,0.05,2.0,Indiana,59.2,58,62,58.0,57.6,57.0,61,0.0,0.0,67.0,62.0,73.5,76.5,97.5,94.0,17.8,17.5,23,9.8,11
ALL,ALL,ALL,Nebraska,59.269444444444446,48,93,65.0,35.06944444444444,36.0,48,0.1111111111111111,1.0,66.51388888888889,67.0,71.1138888888889,70.0,98.07407407407408,80.0,3.011111111111111,3.0,9,11.180555555555555,19
2.0,0.1,0.5,Missouri,59.3,55,76,55.0,71.7,72.0,76,0.0,0.0,71.5,69.0,76.4,76.0,52.0,28.0,13.0,12.5,17,8.2,11
2.0,0.01,2.0,Minnesota,59.3,50,67,61.0,42.9,43.5,47,0.0,0.0,62.5,66.0,65.0,67.0,45.9,28.0,45.8,45.0,52,26.2,31
0.5,0.25,2.0,Alabama,59.6,52,83,52.0,13.4,13.5,15,0.0,0.0,83.9,83.0,96.7,96.0,129.0,129.0,1.125,1.0,2,0.0,0
1.0,0.05,0.5,Nebraska,59.9,48,65,65.0,32.3,33.0,35,0.0,0.0,68.5,70.0,72.2,72.5,121.375,106.0,1.7,2.0,3,10.9,13
0.5,0.05,0.5,Idaho,60.0,60,60,60.0,9.4,9.0,13,0.6,2.0,71.4,77.0,83.8,81.0,35.8,28.0,30.8,28.5,42,12.0,16
0.5,0.1,0.5,Idaho,60.0,60,60,60.0,9.2,8.5,12,0.2,1.0,66.2,63.0,76.6,77.0,59.0,66.0,33.9,33.5,41,12.5,14
0.5,0.25,0.5,Idaho,60.0,60,60,60.0,7.9,8.0,11,0.0,0.0,63.0,63.0,69.5,65.5,43.2,28.0,40.5,41.0,43,13.5,16
0.5,0.05,2.0,Idaho,60.0,60,60,60.0,11.6,11.5,14,0.5,3.0,70.2,71.0,77.4,78.5,35.8,28.0,45.7,44.5,55,14.2,17
2.0,0.05,0.5,Idaho,60.0,60,60,60.0,10.9,10.5,14,0.5,2.0,69.9,70.0,75.4,77.0,35.6,28.0,43.4,43.0,49,14.7,18
0.5,0.1,1.0,Idaho,60.0,60,60,60.0,8.9,9.0,11,0.1,1.0,63.2,63.0,76.4,77.0,39.4,28.0,41.0,40.5,47,15.0,17
2.0,0.05,1.0,Idaho,60.0,60,60,60.0,11.5,11.5,15,0.4,2.0,67.4,63.0,77.9,77.0,37.1,28.0,43.6,44.5,48,15.1,19
0.5,0.25,1.0,Idaho,60.0,60,60,60.0,9.0,9.0,11,0.0,0.0,63.0,63.0,74.4,75.0,31.6,28.0,44.6,44.5,48,15.6,17
2.0,0.1,1.0,Idaho,60.0,60,60,60.0,12.2,12.0,15,0.2,1.0,66.2,63.0,73.3,76.5,35.6,28.0,40.6,41.0,49,15.9,20
1.0,0.1,0.5,Idaho,60.0,60,60,60.0,10.7,10.5,14,0.4,1.0,68.4,63.0,76.4,77.0,35.8,28.0,37.7,38.0,46,15.9,19
2.0,0.1,0.5,Idaho,60.0,60,60,60.0,10.9,11.0,13,0.4,2.0,66.2,63.0,77.6,77.0,28.0,28.0,43.9,44.0,51,16.8,20
1.0,0.1,1.0,Idaho,60.0,60,60,60.0,11.3,11.5,13,0.4,3.0,65.9,63.0,75.6,77.0,31.8,28.0,45.8,47.0,52,16.9,19
2.0,0.1,2.0,Idaho,60.0,60,60,60.0,11.6,11.5,14,0.4,2.0,65.8,63.0,76.2,77.0,39.4,28.0,43.7,44.5,49,17.1,20
0.5,0.1,2.0,Idaho,60.0,60,60,60.0,10.8,11.0,13,0.4,2.0,66.2,63.0,75.9,77.0,39.4,28.0,45.0,43.5,54,17.1,18
1.0,0.25,0.5,Idaho,60.0,60,60,60.0,8.7,8.5,11,0.0,0.0,63.0,63.0,68.2,65.0,35.4,28.0,43.9,44.5,48,17.4,20
1.0,0.1,2.0,Idaho,60.0,60,60,60.0,10.5,11.0,12,0.6,5.0,66.2,63.0,79.4,77.0,39.4,28.0,44.2,44.0,52,17.8,20
1.0,0.25,2.0,Idaho,60.0,60,60,60.0,10.9,11.0,13,0.1,1.0,63.2,63.0,68.2,65.0,31.6,28.0,48.9,50.0,56,17.9,21
1.0,0.25,1.0,Idaho,60.0,60,60,60.0,10.2,10.0,13,0.1,1.0,63.5,63.0,72.4,65.5,28.0,28.0,47.4,49.0,53,18.6,21
0.5,0.25,2.0,Idaho,60.0,60,60,60.0,9.6,9.0,14,0.0,0.0,63.0,63.0,73.1,75.0,28.0,28.0,48.1,47.0,53,18.9,22
2.0,0.25,1.0,Idaho,60.0,60,60,60.0,10.0,9.0,14,0.0,0.0,63.0,63.0,76.1,71.5,39.4,28.0,49.6,49.0,53,19.0,21
2.0,0.25,2.0,Idaho,60.0,60,60,60.0,10.9,11.0,13,0.0,0.0,63.0,63.0,67.5,65.0,31.8,28.0,48.7,49.5,52,19.1,21
2.0,0.25,0.5,Idaho,60.0,60,60,60.0,9.1,8.5,13,0.0,0.0,63.0,63.0,74.6,70.0,39.0,28.0,50.1,50.5,55,19.4,22
0.5,0.01,1.0,Minnesota,60.2,50,76,61.0,34.8,34.0,44,0.4,3.0,64.8,66.0,67.8,67.0,71.6,72.5,36.5,37.5,41,27.4,31
1.0,0.1,0.5,Missouri,60.3,55,76,55.0,60.1,59.0,68,0.0,0.0,72.7,72.5,78.0,77.0,52.0,28.0,10.3,10.5,12,4.9,6
2.0,0.1,1.0,Nevada,60.5,58,83,58.0,5.0,5.0,5,0.0,0.0,98.0,99.0,111.4,116.0,136.0,136.0,1.9,2.0,3,0.0,0
0.5,0.1,1.0,Nevada,60.5,58,83,58.0,5.0,5.0,5,0.0,0.0,82.9,77.0,102.4,99.0,136.0,136.0,1.9,2.0,3,0.0,0
1.0,0.1,2.0,Nevada,60.5,58,83,58.0,5.0,5.0,5,0.0,0.0,83.3,82.5,100.0,99.0,133.2,136.0,2.2,2.0,4,0.0,0
0.5,0.1,2.0,Nevada,60.5,58,83,58.0,5.0,5.0,5,0.0,0.0,79.8,71.0,97.4,99.0,129.5,136.0,2.1,2.0,4,0.0,0
1.0,0.05,2.0,Idaho,60.5,60,65,60.0,11.2,11.0,15,0.5,1.0,68.8,64.0,76.0,77.0,35.8,28.0,45.1,44.0,56,14.7,18
1.0,0.01,1.0,Minnesota,60.5,42,85,61.0,38.8,39.5,46,0.4,2.0,64.4,63.0,66.6,66.5,41.4,28.0,49.2,50.0,58,29.4,36
1.0,0.01,1.0,Iowa,60.5,47,88,59.0,29.0,30.0,35,5.1,9.0,79.6,81.5,86.5,88.5,44.4,41.5,84.8,84.5,93,50.5,57
2.0,0.05,2.0,Idaho,60.6,60,63,60.0,12.2,13.0,15,0.9,5.0,70.1,70.0,78.6,77.0,43.6,28.0,41.9,41.5,51,15.5,18
0.5,0.25,2.0,California,60.6,32,69,67.0,5.6,6.0,7,1.1,9.0,71.3,69.0,77.7,72.0,28.0,28.0,56.0,56.5,62,30.6,33
0.5,0.1,0.5,Missouri,60.7,55,76,55.0,38.8,38.5,43,0.0,0.0,73.1,72.5,78.7,77.0,28.0,28.0,5.7,5.0,9,3.4,6
2.0,0.25,2.0,California,60.8,32,69,68.0,6.1,6.0,9,0.4,1.0,69.7,69.0,75.0,72.0,28.0,28.0,50.9,51.0,55,30.1,33
2.0,0.25,0.5,California,60.9,32,69,68.0,6.1,6.0,8,0.3,1.0,69.6,69.0,73.1,72.0,28.0,28.0,54.2,55.0,58,30.1,32
0.5,0.25,0.5,Alabama,61.0,52,83,52.0,6.1,6.0,7,0.0,0.0,89.5,89.5,101.0,101.0,,,0.0,0.0,0,0.0,0
1.0,0.25,0.5,California,61.1,32,69,69.0,6.7,7.0,8,0.2,1.0,69.9,69.0,75.6,72.0,28.0,28.0,54.4,54.0,58,29.7,32
2.0,0.1,1.0,California,61.1,32,69,69.0,4.7,5.0,6,1.0,6.0,72.4,69.0,105.5,92.0,28.0,28.0,55.0,54.5,61,31.5,33
2.0,0.05,1.0,Nevada,61.2,58,77,58.0,5.0,5.0,5,0.0,0.0,86.2,88.5,103.0,102.0,131.6,122.0,2.8,3.0,4,0.0,0
0.5,0.1,1.0,California,61.3,32,69,69.0,4.7,4.5,8,1.6,8.0,74.3,70.5,81.77777777777777,72.0,28.0,28.0,60.2,60.0,68,28.9,31
1.0,0.05,2.0,California,61.3,32,69,69.0,3.6,3.5,7,3.3333333333333335,7.0,79.55555555555556,82.0,151.25,92.0,28.0,28.0,58.7,57.5,69,32.0,35
0.5,0.25,1.0,Illinois,61.4,57,68,57.0,54.4,54.5,58,0.0,0.0,68.6,68.0,69.9,69.5,70.9,60.0,7.4,6.5,12,1.9,3
1.0,0.25,0.5,Illinois,61.4,57,68,57.0,57.8,58.0,60,0.0,0.0,68.0,68.0,68.8,68.0,69.0,60.0,8.9,9.0,14,2.2,4
2.0,0.25,2.0,Illinois,61.4,57,68,57.0,63.4,63.0,66,0.0,0.0,69.2,68.0,71.0,72.0,68.8,60.0,13.3,13.5,16,4.5,6
1.0,0.01,2.0,Minnesota,61.4,49,85,60.5,43.6,44.5,50,0.0,0.0,67.6,66.5,70.9,67.5,53.0,44.5,46.4,46.5,58,26.9,33
1.0,0.01,1.0,Oklahoma,61.5,36,67,64.0,20.6,20.0,24,0.0,0.0,75.2,72.0,88.2,85.0,45.5,28.0,6.7,6.5,11,2.7,6
1.0,0.1,2.0,Missouri,61.7,55,76,55.0,72.5,72.0,76,0.0,0.0,76.1,76.0,79.4,78.0,60.0,28.0,14.5,13.5,18,9.6,12
2.0,0.1,2.0,Missouri,61.7,55,76,55.0,73.6,73.5,76,0.0,0.0,73.4,76.0,77.8,78.0,52.6,28.0,13.7,14.0,16,11.2,14
0.5,0.05,1.0,Idaho,61.7,60,77,60.0,11.0,11.0,13,0.7,2.0,74.5,77.0,78.7,80.5,45.3,28.0,34.1,35.0,38,12.1,15
1.0,0.05,0.5,Idaho,61.7,60,77,60.0,11.6,11.5,13,0.7,2.0,76.3,77.0,80.7,81.0,47.5,28.0,34.5,35.5,37,14.0,16
1.0,0.05,1.0,Idaho,61.7,60,77,60.0,12.0,13.0,14,0.4,1.0,72.1,77.0,78.7,80.5,36.0,28.0,39.6,39.5,49,14.2,17
0.5,0.01,1.0,Iowa,61.9,47,88,59.0,25.6,25.0,30,5.6,11.0,82.1,78.5,90.4,92.5,59.9,61.0,70.9,72.0,83,41.4,46
0.5,0.05,0.5,Nebraska,62.0,48,65,65.0,21.2,21.0,25,0.1,1.0,68.4,70.0,71.9,72.0,106.8,81.0,1.8,1.5,3,9.5,11
2.0,0.05,0.5,Nebraska,62.0,48,65,65.0,37.7,37.5,41,0.1,1.0,68.4,70.0,71.3,72.0,105.9,81.5,3.7,3.5,6,12.5,14
1.0,0.25,1.0,Ohio,62.0,61,66,61.0,59.6,59.0,67,0.0,0.0,67.2,66.0,72.1,72.5,75.3,73.0,25.7,25.5,30,17.5,21
0.5,0.1,1.0,Missouri,62.1,55,76,60.5,49.1,48.0,55,0.0,0.0,73.7,76.0,78.6,78.0,28.0,28.0,10.1,9.5,13,7.3,8
1.0,0.25,2.0,Alabama,62.4,52,83,59.0,14.6,15.0,17,0.0,0.0,85.2,83.0,97.7,96.0,129.3,129.0,2.3,2.0,4,0.0,0
2.0,0.01,0.5,Oklahoma,62.4,60,64,64.0,22.0,22.0,25,0.0,0.0,75.4,72.0,90.8,85.0,28.0,28.0,7.1,7.5,10,3.2,7
2.0,0.01,1.0,Michigan,62.4,50,93,50.0,35.4,35.0,39,0.5,1.0,91.6,91.5,105.4,111.0,79.4,92.0,15.8,16.5,21,17.8,21
0.5,0.25,2.0,Illinois,62.5,57,68,62.5,60.3,60.0,65,0.0,0.0,68.4,68.0,69.7,69.0,73.4,70.5,11.2,11.0,15,2.5,3
2.0,0.25,0.5,Ohio,62.5,61,71,61.0,60.9,61.5,66,0.0,0.0,67.7,66.0,72.3,73.0,76.6,79.0,25.8,27.0,29,16.5,23
0.5,0.25,1.0,Ohio,62.5,61,66,61.0,55.9,55.5,59,0.0,0.0,67.7,66.0,72.2,73.0,77.2,79.0,23.4,24.0,27,17.2,22
1.0,0.1,0.5,Alabama,62.6,52,96,52.0,7.8,8.0,9,0.0,0.0,93.1,96.0,109.8,106.0,129.0,129.0,1.0,1.0,1,0.0,0
2.0,0.01,0.5,Minnesota,62.7,54,76,62.5,40.9,42.0,45,0.3,3.0,66.9,66.0,69.1,67.0,56.0,71.0,45.0,45.0,52,26.5,30
1.0,0.01,2.0,Iowa,62.9,47,88,59.0,31.2,30.5,37,4.3,8.0,85.2,85.0,94.5,96.5,51.8,52.0,96.9,99.5,107,50.8,55
2.0,0.01,0.5,Iowa,62.9,59,88,59.0,28.9,29.0,33,5.0,8.0,82.7,80.0,89.4,85.0,57.9,61.0,93.3,94.0,103,51.9,57
2.0,0.1,2.0,Nevada,63.0,58,83,58.0,5.0,5.0,5,0.0,0.0,84.5,82.5,105.0,99.0,134.6,136.0,2.0,2.0,3,0.0,0
1.0,0.1,0.5,Nevada,63.1,58,83,58.0,5.0,5.0,5,0.0,0.0,87.4,88.5,103.3,99.0,134.6,136.0,1.8,2.0,2,0.0,0
2.0,0.25,2.0,Ohio,63.2,61,73,61.0,61.9,61.5,66,0.0,0.0,69.1,68.5,72.9,73.0,74.6,73.0,27.9,28.0,32,16.3,20
1.0,0.25,0.5,Ohio,63.2,61,68,61.0,56.9,57.0,61,0.0,0.0,68.6,68.0,72.2,73.0,76.3,76.0,24.7,24.5,29,17.7,22
2.0,0.05,1.0,Nebraska,63.3,48,65,65.0,43.1,43.0,46,0.0,0.0,68.9,70.0,71.5,72.0,117.5,108.0,2.9,3.0,4,13.6,16
2.0,0.05,2.0,Nebraska,63.3,48,65,65.0,43.7,44.0,46,0.0,0.0,68.9,70.0,71.8,72.0,105.1,81.0,4.2,4.0,6,13.7,16
0.5,0.25,0.5,Ohio,63.5,61,66,63.5,49.1,48.0,53,0.0,0.0,68.6,68.0,72.5,73.0,71.0,76.0,18.4,19.0,22,14.1,17
ALL,ALL,ALL,Idaho,63.5,60,100,60.0,10.247222222222222,10.0,15,0.5611111111111111,8.0,73.03055555555555,65.0,82.59166666666667,77.0,39.25833333333333,28.0,40.166666666666664,41.0,56,14.930555555555555,22
2.0,0.25,0.5,Illinois,63.6,57,68,68.0,60.9,61.0,63,0.0,0.0,68.2,68.0,70.1,70.5,73.2,81.0,12.0,12.0,16,4.4,6
0.5,0.1,0.5,Nevada,63.7,58,83,58.0,5.0,5.0,5,0.0,0.0,82.4,80.0,105.6,99.0,134.44444444444446,136.0,1.4444444444444444,1.0,2,0.0,0
0.5,0.05,1.0,Nebraska,63.7,52,65,65.0,30.1,30.0,34,0.1,1.0,68.6,70.0,71.5,72.0,86.33333333333333,80.0,1.8,2.0,4,8.7,10
1.0,0.05,2.0,Nebraska,63.7,52,65,65.0,41.7,41.5,44,0.1,1.0,68.9,70.0,72.5,72.5,122.1,106.5,3.2,3.0,5,12.6,14
0.5,0.25,0.5,Illinois,63.8,57,70,68.0,47.5,47.5,49,0.0,0.0,68.8,68.0,70.3,71.5,73.4,81.0,5.2,5.0,7,2.1,3
0.5,0.25,1.0,Tennessee,64.0,64,64,64.0,30.4,30.5,32,0.0,0.0,88.7,92.0,108.3,106.0,34.0,28.0,9.8,10.0,12,3.0,4
1.0,0.25,2.0,Ohio,64.0,61,71,63.5,59.0,58.5,66,0.0,0.0,69.3,68.5,72.1,72.5,75.4,73.0,26.3,26.0,35,18.1,23
2.0,0.25,1.0,California,64.0,32,69,67.0,6.3,7.0,8,0.1,1.0,69.4,69.0,77.1,72.0,28.0,28.0,53.7,55.0,59,30.0,32
2.0,0.25,1.0,Alabama,64.1,52,83,59.0,16.3,16.0,18,0.0,0.0,81.8,83.0,96.4,96.0,131.6,129.0,2.4,3.0,3,0.0,0
0.5,0.05,1.0,Missouri,64.1,55,76,62.0,47.0,47.0,53,0.0,0.0,76.7,76.0,82.8,82.0,36.0,28.0,7.5,7.0,10,4.3,7
0.5,0.25,1.0,California,64.1,32,69,67.0,5.4,5.0,7,0.2,1.0,69.4,69.0,73.1,72.0,28.0,28.0,59.0,58.5,62,29.4,31
2.0,0.1,0.5,Nevada,64.3,58,83,58.0,5.0,5.0,5,0.0,0.0,88.4,96.0,104.4,99.0,134.6,136.0,2.1,2.0,3,0.0,0
1.0,0.01,0.5,Michigan,64.7,50,112,50.0,30.4,30.5,34,0.5,2.0,92.1,88.0,105.4,93.0,60.8,60.0,12.0,12.0,18,15.7,20
2.0,0.25,1.0,Ohio,64.7,61,68,66.0,58.0,58.0,63,0.0,0.0,69.2,69.5,71.9,72.5,74.8,73.0,26.9,28.0,33,19.8,23
1.0,0.1,1.0,California,64.7,32,69,69.0,4.1,4.5,5,2.5,9.0,76.0,69.0,116.2,92.0,28.0,28.0,57.9,57.0,65,31.5,33
0.5,0.25,2.0,Ohio,64.9,61,73,63.5,58.4,59.5,62,0.0,0.0,68.8,67.0,72.5,73.0,76.2,76.0,25.2,26.0,30,17.8,24
0.5,0.25,1.0,Wyoming,65.0,65,65,65.0,11.1,11.0,12,0.0,0.0,65.0,65.0,89.3,90.0,110.0,110.0,1.0,1.0,1,0.0,0
1.0,0.25,0.5,Wyoming,65.0,65,65,65.0,11.2,11.0,12,0.0,0.0,65.0,65.0,88.6,90.0,113.6,110.0,1.9,2.0,2,0.0,0
1.0,0.25,2.0,Wyoming,65.0,65,65,65.0,11.8,12.0,13,0.0,0.0,65.0,65.0,88.0,90.0,124.4,110.0,1.7,2.0,3,0.0,0
2.0,0.25,1.0,Wyoming,65.0,65,65,65.0,11.9,12.0,13,0.0,0.0,65.0,65.0,89.3,90.0,117.2,110.0,2.0,2.0,3,0.0,0
0.5,0.25,2.0,Connecticut,65.0,65,65,65.0,7.0,7.0,7,0.0,0.0,78.7,77.0,103.7,104.0,110.3,112.5,5.2,5.0,8,0.0,0
0.5,0.25,2.0,Wyoming,65.0,65,65,65.0,11.7,12.0,13,0.0,0.0,65.0,65.0,90.0,90.0,117.2,110.0,1.8,2.0,2,0.0,0
0.5,0.25,0.5,Wyoming,65.0,65,65,65.0,11.2,11.0,12,0.0,0.0,65.0,65.0,87.9,90.0,110.0,110.0,1.0,1.0,1,0.0,0
1.0,0.25,1.0,Wyoming,65.0,65,65,65.0,11.9,12.0,13,0.0,0.0,65.0,65.0,89.9,90.0,117.2,110.0,2.2,2.0,3,0.0,0
2.0,0.25,2.0,Wyoming,65.0,65,65,65.0,12.2,12.0,13,0.0,0.0,65.0,65.0,86.5,86.5,117.2,110.0,2.1,2.0,3,0.0,0
2.0,0.25,0.5,Wyoming,65.0,65,65,65.0,12.0,12.0,13,0.0,0.0,65.0,65.0,90.0,90.0,113.6,110.0,2.4,2.0,4,0.0,0
0.5,0.1,1.0,Wyoming,65.0,65,65,65.0,10.7,11.0,12,0.0,0.0,65.0,65.0,91.3,90.0,110.0,110.0,1.0,1.0,1,0.0,0
1.0,0.1,1.0,Wyoming,65.0,65,65,65.0,11.0,11.0,12,0.0,0.0,65.0,65.0,91.1,90.0,117.2,110.0,2.8,3.0,4,0.0,0
2.0,0.25,1.0,Connecticut,65.0,65,65,65.0,6.8,7.0,7,0.1,1.0,84.1,77.0,104.8,104.0,112.5,115.0,5.4,5.5,7,0.2,1
0.5,0.25,1.0,Connecticut,65.0,65,65,65.0,6.4,6.5,7,0.1,1.0,84.1,77.0,104.7,104.0,110.8,115.0,4.8,5.0,7,0.3,1
0.5,0.25,0.5,Washington,65.0,65,65,65.0,9.6,9.5,11,0.0,0.0,69.2,70.0,76.4,78.0,28.0,28.0,11.7,11.5,16,12.6,15
1.0,0.25,0.5,Washington,65.0,65,65,65.0,11.5,11.0,15,0.0,0.0,69.2,70.0,76.4,78.0,28.0,28.0,14.8,15.0,17,13.9,16
2.0,0.25,1.0,Washington,65.0,65,65,65.0,12.2,12.5,14,0.0,0.0,68.8,70.0,75.6,78.0,28.0,28.0,18.9,19.0,22,14.0,16
0.5,0.25,2.0,Washington,65.0,65,65,65.0,11.4,11.5,13,0.0,0.0,68.8,70.0,75.5,78.0,28.0,28.0,17.4,17.5,20,14.1,16
0.5,0.1,2.0,Ohio,65.0,61,71,66.0,58.1,58.0,62,0.0,0.0,72.3,73.0,74.0,74.0,77.5,76.0,27.4,27.0,32,15.6,19
2.0,0.25,1.0,Illinois,65.1,57,72,68.0,62.2,62.0,64,0.0,0.0,68.6,68.0,70.0,69.0,75.5,81.0,11.3,11.5,14,4.1,6
1.0,0.25,2.0,Illinois,65.1,57,71,68.0,60.8,61.0,64,0.0,0.0,69.6,68.0,70.8,70.0,75.5,81.0,11.3,11.0,14,4.8,6
1.0,0.05,0.5,Missouri,65.2,55,76,67.5,51.7,52.0,57,0.0,0.0,76.9,76.0,81.3,82.0,65.7,28.0,7.6,7.5,10,5.3,7
0.5,0.05,0.5,California,65.3,32,69,69.0,3.1,3.0,5,2.6,8.0,78.3,73.0,99.0,92.0,28.0,28.0,55.1,54.5,63,25.4,27
2.0,0.25,0.5,Tennessee,65.4,64,71,64.0,43.4,43.0,47,0.0,0.0,88.0,92.0,109.3,115.0,52.2,28.0,16.4,17.0,20,4.0,5
0.5,0.25,1.0,Washington,65.5,65,70,65.0,12.4,12.5,14,0.0,0.0,70.0,70.0,76.5,78.0,28.0,28.0,13.8,14.0,17,13.1,15
1.0,0.25,2.0,Washington,65.5,65,70,65.0,11.6,11.5,14,0.0,0.0,70.0,70.0,75.3,78.0,28.0,28.0,19.8,20.5,21,13.9,15
2.0,0.25,2.0,Washington,65.5,65,70,65.0,11.6,12.0,14,0.0,0.0,70.0,70.0,76.5,78.0,28.0,28.0,19.5,19.5,22,13.9,17
2.0,0.25,0.5,Washington,65.5,65,70,65.0,12.0,11.5,14,0.0,0.0,69.6,70.0,76.6,78.0,28.0,28.0,19.6,19.5,21,14.0,16
1.0,0.25,1.0,Washington,65.5,65,70,65.0,11.3,11.0,13,0.0,0.0,71.6,70.0,76.9,78.0,28.0,28.0,16.5,16.5,19,14.7,17
0.5,0.1,1.0,Ohio,65.5,61,74,66.0,54.4,54.0,63,0.0,0.0,72.1,73.0,74.8,74.0,76.8,83.0,25.0,24.5,31,16.0,22
1.0,0.1,1.0,Missouri,65.6,55,76,67.5,66.8,67.0,70,0.0,0.0,73.7,76.0,77.9,79.5,44.0,28.0,12.5,12.5,14,8.7,12
0.5,0.01,2.0,Iowa,65.8,47,88,59.0,29.1,29.0,36,5.7,9.0,88.6,90.0,92.9,92.5,45.2,39.0,87.4,84.5,104,49.0,52
1.0,0.1,1.0,Ohio,65.9,61,74,63.5,59.6,59.5,64,0.1,1.0,71.8,73.5,76.1,76.0,81.5,83.0,27.3,28.5,30,15.1,20
0.5,0.25,0.5,Connecticut,66.2,65,77,65.0,6.6,7.0,7,0.1,1.0,85.8,77.0,103.9,104.0,113.0,115.0,3.6,4.0,4,0.2,1
1.0,0.25,1.0,Connecticut,66.2,65,77,65.0,6.6,7.0,7,0.2,1.0,85.0,77.0,103.7,104.0,110.9,115.0,4.2,4.5,7,0.4,1
1.0,0.25,0.5,Connecticut,66.2,65,77,65.0,6.0,6.0,7,0.3,1.0,90.5,90.5,107.0,104.0,119.8,115.0,4.1,4.0,7,0.6,2
2.0,0.25,2.0,Connecticut,66.2,65,77,65.0,6.4,7.0,7,0.2,1.0,87.8,77.0,106.4,104.0,114.0,115.0,4.3,4.0,7,0.6,2
1.0,0.25,2.0,Connecticut,66.2,65,77,65.0,6.3,6.0,7,0.5,1.0,93.2,104.0,106.0,104.0,113.0,115.0,4.8,5.0,6,0.7,2
1.0,0.25,1.0,Pennsylvania,66.5,64,70,64.5,47.4,47.5,51,0.0,0.0,68.0,70.0,72.2,70.0,79.6,81.0,34.2,35.0,43,11.4,14
0.5,0.1,0.5,Ohio,66.5,61,74,66.0,48.7,49.0,52,0.0,0.0,73.0,73.5,74.9,75.0,73.7,79.0,17.0,16.0,21,12.7,18
1.0,0.1,2.0,Ohio,66.5,61,71,66.0,59.6,60.0,65,0.0,0.0,71.4,73.0,74.2,74.0,76.4,73.0,25.3,25.0,31,15.5,20
2.0,0.25,2.0,Pennsylvania,66.7,64,70,65.0,47.8,47.0,54,0.0,0.0,69.5,70.0,71.9,70.0,81.2,81.0,32.2,32.0,39,11.3,16
0.5,0.1,2.0,Wyoming,66.8,65,83,65.0,10.5,10.5,11,0.0,0.0,67.3,65.0,94.8,90.0,110.0,110.0,3.1,3.0,4,0.0,0
0.5,0.1,0.5,Wyoming,66.8,65,83,65.0,9.6,9.5,11,0.0,0.0,67.3,65.0,93.7,90.0,110.0,110.0,1.0,1.0,1,0.0,0
2.0,0.1,1.0,Ohio,66.8,61,74,66.0,60.0,61.0,64,0.0,0.0,72.1,73.0,74.1,74.0,79.5,79.0,29.0,29.0,36,15.9,20
2.0,0.01,2.0,Wisconsin,66.8,52,93,66.5,35.9,36.0,41,0.3,1.0,82.8,81.0,89.7,93.0,35.2,28.0,63.9,63.0,74,26.8,31
0.5,0.1,2.0,Missouri,66.9,55,76,69.0,65.2,65.0,68,0.0,0.0,74.7,76.0,80.3,81.0,60.3,28.0,9.8,9.0,14,7.2,10
2.0,0.01,1.0,Wisconsin,66.9,52,99,62.0,37.7,39.0,42,0.0,0.0,83.0,83.5,90.3,93.0,35.2,28.0,65.6,65.5,74,25.4,32
0.5,0.01,2.0,Minnesota,66.9,50,89,62.5,40.1,39.5,48,0.1,1.0,69.9,66.0,71.7,67.0,39.0,28.0,41.1,39.5,52,25.4,30
2.0,0.25,2.0,Tennessee,67.0,64,94,64.0,46.0,45.5,48,0.0,0.0,87.8,80.5,111.7,118.0,47.4,28.0,19.0,19.5,23,5.3,6
0.5,0.01,0.5,Nebraska,67.0,65,75,65.0,14.9,14.0,19,0.2,1.0,73.0,74.0,75.9,75.0,83.2,76.0,3.5,3.0,6,7.1,10
1.0,0.25,0.5,Pennsylvania,67.0,64,70,67.0,45.9,46.0,48,0.3,3.0,70.0,70.0,72.6,72.0,80.8,81.0,34.7,34.0,43,11.2,13
2.0,0.25,0.5,Alabama,67.1,52,96,59.0,14.0,14.0,15,0.0,0.0,89.2,83.0,101.7,96.0,129.0,129.0,2.2222222222222223,2.0,4,0.0,0
0.5,0.01,2.0,Idaho,67.1,60,97,60.0,9.7,9.0,14,1.8,8.0,91.5,94.0,105.0,105.0,37.6,28.0,35.6,37.5,44,11.7,14
2.0,0.25,1.0,Pennsylvania,67.1,64,70,67.5,47.2,48.0,50,0.3,2.0,69.6,70.0,73.9,71.0,78.9,81.0,33.6,32.0,42,12.0,15
0.5,0.25,0.5,Pennsylvania,67.2,64,70,67.5,41.8,42.0,45,0.0,0.0,70.0,70.0,73.7,72.0,82.5,81.0,28.4,28.5,33,13.6,16
ALL,ALL,ALL,Indiana,67.23333333333333,58,132,58.0,52.730555555555554,55.0,67,0.008333333333333333,1.0,75.6361111111111,62.0,82.24722222222222,71.0,98.78888888888889,94.0,17.819444444444443,18.0,34,9.077777777777778,17
0.5,0.05,0.5,Wyoming,67.3,65,88,65.0,9.0,9.5,11,0.0,0.0,68.7,65.0,95.4,90.5,110.0,110.0,1.0,1.0,1,0.0,0
1.0,0.1,0.5,Wyoming,67.3,65,88,65.0,11.0,11.0,12,0.0,0.0,67.5,65.0,92.4,90.0,110.0,110.0,2.0,2.0,2,0.0,0
2.0,0.1,1.0,Wyoming,67.3,65,88,65.0,11.2,11.0,12,0.0,0.0,68.7,65.0,95.3,90.0,113.6,110.0,3.5,3.0,5,0.1,1
2.0,0.1,2.0,Wyoming,67.3,65,88,65.0,11.4,11.5,12,0.0,0.0,68.7,65.0,92.9,90.0,113.6,110.0,3.6,4.0,5,0.1,1
2.0,0.05,1.0,Wyoming,67.3,65,88,65.0,11.0,11.0,11,0.0,0.0,70.0,65.0,95.6,90.5,113.6,110.0,4.5,4.5,6,0.2,1
1.0,0.1,2.0,Wyoming,67.3,65,88,65.0,11.4,11.5,13,0.0,0.0,68.7,65.0,94.7,90.0,110.0,110.0,3.6,3.0,5,0.3,1
2.0,0.1,2.0,Illinois,67.4,57,72,68.0,59.7,59.5,64,0.0,0.0,72.4,72.0,75.5,74.0,94.6,97.0,14.0,14.0,20,3.9,6
1.0,0.1,0.5,Washington,67.4,65,78,65.0,10.3,11.0,11,0.1,1.0,75.8,78.0,84.1,83.5,28.0,28.0,13.6,14.0,18,14.9,17
2.0,0.1,2.0,Ohio,67.5,61,76,66.0,59.0,59.0,64,0.0,0.0,73.9,73.5,75.2,75.0,75.8,79.5,27.0,27.0,30,17.2,21
0.5,0.01,1.0,Michigan,67.6,50,88,67.0,28.8,30.0,31,0.7,2.0,94.7,90.0,106.8,102.0,84.0,93.0,12.5,13.0,16,15.2,23
ALL,ALL,ALL,California,67.69166666666666,32,108,69.0,4.405555555555556,4.0,9,4.64367816091954,32.0,97.40517241379311,72.0,123.44728434504792,92.0,28.683333333333334,28.0,55.57222222222222,56.0,76,29.691666666666666,35
2.0,0.25,1.0,Tennessee,67.7,64,94,64.0,46.0,46.0,50,0.0,0.0,93.4,90.0,109.0,116.5,65.5,28.0,17.3,17.0,22,5.0,7
1.0,0.1,1.0,Illinois,67.8,57,72,70.0,56.0,55.5,59,0.0,0.0,71.8,73.0,74.8,74.0,94.3,97.0,11.1,11.5,14,2.8,5
0.5,0.25,2.0,Pennsylvania,67.8,64,70,70.0,45.5,45.0,50,0.3,3.0,69.5,70.0,72.9,72.0,80.8,81.0,34.0,32.5,48,12.3,17
1.0,0.1,1.0,Washington,67.8,65,78,65.0,10.3,10.5,13,0.0,0.0,75.4,78.0,80.9,80.5,28.0,28.0,15.7,15.0,18,15.1,17
0.5,0.25,2.0,Maryland,67.9,62,81,67.0,10.2,10.0,11,0.4,2.0,77.4,72.0,89.9,82.0,76.6,75.0,15.6,15.5,19,2.8,4
2.0,0.25,0.5,Pennsylvania,67.9,64,70,70.0,47.5,47.5,50,0.0,0.0,70.0,70.0,76.0,76.5,81.5,81.0,33.8,33.5,39,11.4,16
0.5,0.25,0.5,Oregon,68.0,68,68,68.0,10.2,10.0,11,0.0,0.0,70.0,70.0,74.3,74.0,94.6,87.0,6.6,7.0,10,3.1,4
0.5,0.1,0.5,Oregon,68.0,68,68,68.0,8.5,8.5,11,0.0,0.0,75.4,74.0,84.1,86.0,85.7,81.0,6.2,6.0,8,3.1,7
0.5,0.25,1.0,Utah,68.0,68,68,68.0,10.3,10.0,12,0.0,0.0,74.6,76.5,80.0,80.0,82.4,82.0,14.5,15.0,18,3.8,5
1.0,0.25,0.5,Utah,68.0,68,68,68.0,11.2,11.0,12,0.0,0.0,76.0,77.0,78.8,77.0,81.0,82.0,15.1,15.5,19,4.3,5
0.5,0.25,0.5,Utah,68.0,68,68,68.0,7.7,7.5,10,0.0,0.0,75.0,76.0,78.0,77.0,82.6,82.0,11.2,11.0,14,4.3,5
0.5,0.05,0.5,Oregon,68.0,68,68,68.0,6.4,6.0,8,0.0,0.0,80.6,80.0,112.5,118.0,93.2,81.0,5.0,5.0,7,5.0,7
0.5,0.25,2.0,Utah,68.0,68,68,68.0,11.9,12.0,13,0.0,0.0,76.1,77.0,81.2,83.0,79.8,79.0,19.0,19.0,21,5.1,6
0.5,0.25,1.0,Oregon,68.0,68,68,68.0,11.8,12.0,13,0.0,0.0,70.4,70.0,75.8,74.0,93.7,93.0,7.5,8.0,9,5.7,7
2.0,0.25,1.0,Oregon,68.0,68,68,68.0,14.6,15.0,16,0.0,0.0,70.0,70.0,74.6,74.0,103.4,93.0,8.2,8.0,10,5.7,8
2.0,0.25,1.0,Utah,68.0,68,68,68.0,12.3,12.0,13,0.0,0.0,74.5,75.0,78.6,77.0,78.4,76.0,18.2,19.0,21,5.7,7
0.5,0.25,2.0,Oregon,68.0,68,68,68.0,13.1,13.0,14,0.0,0.0,70.0,70.0,74.6,74.0,94.6,87.0,8.9,9.0,10,5.7,7
2.0,0.1,2.0,Oregon,68.0,68,68,68.0,13.7,13.5,15,0.0,0.0,73.6,74.0,82.8,86.0,82.2,81.0,9.3,9.0,11,5.8,7
2.0,0.1,0.5,Oregon,68.0,68,68,68.0,13.6,13.5,16,0.0,0.0,76.2,73.5,83.6,86.0,90.2,81.0,8.1,8.0,11,5.9,8
2.0,0.25,2.0,Utah,68.0,68,68,68.0,12.2,12.0,13,0.0,0.0,75.6,76.5,78.1,77.0,83.0,82.0,18.8,19.0,23,6.1,7
2.0,0.25,0.5,Utah,68.0,68,68,68.0,11.6,12.0,13,0.0,0.0,75.1,76.5,78.2,77.0,82.4,82.0,16.7,17.0,21,6.1,7
1.0,0.1,1.0,Oregon,68.0,68,68,68.0,12.4,13.0,14,0.0,0.0,72.8,70.0,82.8,86.0,89.6,81.0,7.6,7.5,9,6.1,8
1.0,0.25,0.5,Oregon,68.0,68,68,68.0,12.2,12.0,14,0.0,0.0,70.0,70.0,74.0,74.0,104.9,93.0,8.1,8.0,10,6.2,7
1.0,0.1,0.5,Oregon,68.0,68,68,68.0,10.8,11.0,12,0.0,0.0,72.8,70.0,85.9,86.0,82.0,81.0,8.0,8.0,11,6.2,8
0.5,0.1,2.0,Oregon,68.0,68,68,68.0,12.5,12.5,15,0.0,0.0,74.6,70.0,86.0,86.0,94.2,81.0,7.9,8.0,10,6.2,8
1.0,0.25,2.0,Oregon,68.0,68,68,68.0,14.0,14.0,15,0.0,0.0,70.7,70.0,76.4,74.0,102.2,93.0,8.1,8.5,10,6.3,8
1.0,0.25,1.0,Oregon,68.0,68,68,68.0,12.4,13.0,13,0.0,0.0,70.7,70.0,77.9,74.0,96.3,81.0,8.8,8.5,11,6.3,9
1.0,0.1,2.0,Oregon,68.0,68,68,68.0,12.8,13.0,14,0.0,0.0,74.5,72.0,85.6,86.0,87.0,81.0,7.9,8.5,9,6.4,8
2.0,0.25,2.0,Oregon,68.0,68,68,68.0,14.0,14.0,15,0.0,0.0,70.4,70.0,75.2,74.0,97.5,87.0,8.4,7.5,11,6.5,8
2.0,0.25,0.5,Oregon,68.0,68,68,68.0,13.8,13.0,16,0.0,0.0,70.4,70.0,75.2,74.0,106.0,94.0,7.8,8.0,9,6.7,8
0.5,0.05,2.0,Oregon,68.0,68,68,68.0,11.0,11.0,12,0.0,0.0,76.3,74.0,93.7,86.5,103.6,87.0,7.2,7.0,10,7.3,9
0.5,0.1,1.0,Oregon,68.2,68,70,68.0,10.8,11.0,13,0.0,0.0,75.0,74.0,85.3,86.0,99.4,87.0,7.3,7.0,11,5.3,8
0.5,0.25,1.0,Pennsylvania,68.2,64,70,70.0,45.5,46.0,49,0.0,0.0,68.9,70.0,74.8,73.0,80.0,81.0,33.7,34.5,45,11.7,15
1.0,0.25,2.0,Pennsylvania,68.2,64,70,70.0,47.2,47.5,49,0.0,0.0,68.4,70.0,74.5,72.0,78.4,81.0,33.7,32.5,44,11.7,15
0.5,0.01,0.5,Michigan,68.2,50,90,67.0,24.1,25.0,26,0.4,1.0,90.3,90.0,108.0,105.5,103.9,96.5,9.9,9.5,13,14.0,16
0.5,0.01,2.0,Michigan,68.2,50,122,50.0,30.0,29.5,35,0.6,1.0,92.7,87.0,106.1,111.0,69.3,52.0,16.3,16.5,22,18.2,22
0.5,0.01,0.5,Wisconsin,68.2,52,88,71.5,32.4,32.0,39,0.0,0.0,83.3,81.0,88.1,88.0,76.6,85.0,43.7,43.5,56,25.5,32
1.0,0.1,2.0,California,68.2,66,69,69.0,5.2,5.0,8,0.2,2.0,71.0,72.0,82.8,83.0,28.0,28.0,57.6,56.0,70,30.4,32
0.5,0.1,1.0,Illinois,68.3,57,72,68.0,50.1,50.0,53,0.0,0.0,71.4,72.0,74.1,74.0,88.9,83.0,7.0,6.5,10,1.3,3
2.0,0.1,1.0,Illinois,68.3,57,72,68.0,59.4,59.5,63,0.0,0.0,71.5,72.0,74.5,74.0,89.6,83.0,11.7,11.5,14,3.9,5
1.0,0.1,2.0,Washington,68.3,65,78,67.5,10.1,10.0,12,0.0,0.0,77.5,78.0,85.3,86.5,28.0,28.0,18.0,17.5,21,15.1,17
0.5,0.05,2.0,Washington,68.3,65,78,65.5,8.7,9.0,10,0.2,1.0,76.6,78.0,87.6,86.5,28.0,28.0,15.1,15.0,21,15.7,17
2.0,0.1,0.5,Ohio,68.3,61,73,66.0,58.1,58.0,62,0.0,0.0,72.7,73.0,74.6,74.0,80.8,81.5,26.8,26.5,31,16.5,20
2.0,0.25,2.0,Alabama,68.4,52,96,59.0,17.4,17.5,19,0.0,0.0,94.5,96.0,112.1,106.0,131.0,132.0,1.3333333333333333,1.0,2,0.0,0
2.0,0.1,1.0,Alabama,68.4,52,96,59.0,13.8,14.0,15,0.0,0.0,93.7,96.0,111.2,114.5,133.875,132.0,1.875,2.0,3,0.0,0
2.0,0.05,0.5,Oregon,68.4,68,72,68.0,12.6,12.5,16,0.0,0.0,82.3,80.0,100.9,87.0,95.8,81.0,7.8,7.5,11,6.7,8
0.5,0.01,1.0,Nebraska,68.4,65,74,65.0,21.2,21.0,24,0.0,0.0,75.4,75.0,80.9,77.0,112.6,78.5,2.7,2.5,6,7.6,10
1.0,0.01,1.0,Wisconsin,68.4,52,85,67.0,36.1,36.0,43,0.3,2.0,83.6,81.0,89.7,93.0,35.5,28.0,68.1,68.5,75,25.8,30
1.0,0.05,0.5,Illinois,68.6,57,72,72.0,50.2,50.0,56,0.0,0.0,74.9,74.0,79.5,76.5,91.3,83.0,9.6,9.0,13,1.7,3
0.5,0.05,1.0,Illinois,68.6,57,72,72.0,46.0,45.5,50,0.0,0.0,75.0,74.0,80.4,80.0,84.3,83.0,8.3,8.0,11,1.7,4
2.0,0.1,1.0,Washington,68.6,65,78,65.0,11.0,11.0,12,0.0,0.0,76.6,78.0,83.5,85.0,28.0,28.0,19.7,20.0,22,14.7,17
0.5,0.1,2.0,Washington,68.6,65,82,65.0,10.4,10.0,14,0.1,1.0,75.3,74.0,82.1,79.0,28.0,28.0,15.8,15.0,19,14.8,16
0.5,0.1,2.0,Illinois,68.7,57,72,69.0,55.3,55.0,58,0.0,0.0,72.4,72.0,74.1,74.0,86.6,83.0,10.4,10.5,13,2.7,5
2.0,0.05,1.0,Pennsylvania,68.7,64,74,70.0,49.6,48.5,54,0.5,1.0,77.8,83.0,85.9,84.0,93.0,93.0,22.1,22.0,26,7.8,10
1.0,0.1,0.5,California,68.7,66,69,69.0,4.8,5.0,7,0.3,2.0,70.4,69.0,88.2,92.0,28.0,28.0,57.3,58.0,65,30.7,33
1.0,0.05,1.0,California,68.7,66,69,69.0,3.9,4.0,5,3.8,16.0,84.3,78.0,168.66666666666666,129.0,28.0,28.0,59.8,59.5,72,31.4,33
2.0,0.1,0.5,California,68.7,66,69,69.0,4.2,4.0,7,3.2,8.0,78.5,74.0,151.0,92.0,28.0,28.0,57.3,57.0,61,31.7,33
2.0,0.05,1.0,California,68.7,66,69,69.0,3.7,3.5,6,2.7777777777777777,7.0,78.44444444444444,74.0,150.44444444444446,92.0,28.0,28.0,57.8,57.5,63,31.8,34
1.0,0.1,1.0,Alabama,68.8,52,96,67.5,12.5,13.0,14,0.0,0.0,93.1,96.0,109.8,106.0,130.33333333333334,129.0,1.4444444444444444,1.0,3,0.0,0
0.5,0.05,0.5,Missouri,68.8,55,82,71.0,33.5,32.5,37,0.0,0.0,78.1,77.0,84.5,82.0,28.0,28.0,5.0,5.0,6,2.0,4
2.0,0.05,2.0,Oregon,68.8,68,74,68.0,13.0,13.0,16,0.0,0.0,78.4,76.0,100.7,86.0,100.7,93.0,6.5,6.5,8,5.8,8
0.5,0.1,1.0,Washington,68.8,65,78,70.0,10.8,11.0,12,0.0,0.0,75.0,78.0,81.4,79.0,28.0,28.0,13.1,13.5,17,14.2,17
2.0,0.1,2.0,Washington,68.8,65,78,70.0,11.1,11.0,12,0.0,0.0,76.2,78.0,83.4,83.5,28.0,28.0,17.6,16.5,22,14.2,16
0.5,0.05,2.0,California,68.8,67,69,69.0,4.0,4.0,5,3.1,16.0,81.6,72.0,131.3,92.0,28.0,28.0,60.5,61.5,65,31.6,33
2.0,0.05,2.0,California,68.8,67,69,69.0,3.0,3.0,4,5.0,17.0,87.3,92.0,154.16666666666666,110.5,28.0,28.0,58.3,58.5,65,32.6,34
2.0,0.25,0.5,Connecticut,68.9,65,104,65.0,6.7,7.0,7,0.2,1.0,87.8,77.0,105.8,104.0,110.4,112.5,5.0,5.0,6,0.3,1
2.0,0.1,0.5,Connecticut,68.9,65,104,65.0,6.0,6.0,7,0.3,1.0,100.1,104.0,110.3,112.0,116.7,115.0,4.3,4.0,7,1.0,2
1.0,0.25,2.0,Tennessee,68.9,64,106,64.0,44.9,45.0,47,0.0,0.0,87.0,90.0,109.6,106.0,52.6,28.0,17.6,18.0,19,5.0,7
1.0,0.25,2.0,Utah,68.9,68,77,68.0,11.9,12.0,13,0.0,0.0,76.7,77.0,79.6,77.0,82.1,82.0,18.0,17.0,24,5.9,7
2.0,0.1,1.0,Pennsylvania,68.9,64,70,70.0,49.4,50.0,54,0.5,2.0,74.2,70.0,78.5,78.0,84.9,81.0,27.8,27.5,38,8.4,14
0.5,0.25,1.0,North Dakota,69.0,69,69,69.0,17.2,17.0,20,0.0,0.0,71.0,71.0,72.5,72.5,106.9,99.0,4.8,5.0,7,0.4,2
0.5,0.25,0.5,North Dakota,69.0,69,69,69.0,16.6,16.5,19,0.0,0.0,71.0,71.0,72.5,72.5,102.4,100.0,4.9,5.0,6,0.4,2
0.5,0.1,0.5,North Dakota,69.0,69,69,69.0,13.6,13.5,16,0.0,0.0,78.2,72.0,85.4,88.0,108.6,100.0,3.7,4.0,5,0.4,2
1.0,0.1,1.0,North Dakota,69.0,69,69,69.0,20.1,20.0,23,0.0,0.0,74.5,72.0,84.9,80.5,121.0,126.0,5.0,5.5,7,0.5,2
2.0,0.25,0.5,North Dakota,69.0,69,69,69.0,22.8,23.0,24,0.0,0.0,72.8,72.0,76.2,73.0,107.0,99.0,6.0,7.0,7,0.6,1
2.0,0.25,1.0,North Dakota,69.0,69,69,69.0,22.9,23.0,25,0.0,0.0,71.2,72.0,75.6,73.0,103.3,99.5,7.3,7.5,9,0.8,3
1.0,0.25,1.0,North Dakota,69.0,69,69,69.0,22.0,22.0,24,0.0,0.0,70.8,70.0,74.0,72.5,100.7,99.0,6.7,6.5,10,0.8,2
1.0,0.1,2.0,North Dakota,69.0,69,69,69.0,21.2,21.0,24,0.0,0.0,72.9,72.0,81.1,73.0,120.7,114.0,5.3,5.5,7,0.8,2
2.0,0.1,2.0,North Dakota,69.0,69,69,69.0,21.0,21.0,23,0.0,0.0,73.5,72.0,85.8,88.0,117.4,100.0,6.6,7.0,9,0.8,3
2.0,0.1,0.5,North Dakota,69.0,69,69,69.0,19.9,20.0,21,0.0,0.0,74.8,72.0,85.7,80.5,115.1,107.0,5.5,5.0,8,1.1,3
1.0,0.25,2.0,North Dakota,69.0,69,69,69.0,22.5,22.0,24,0.0,0.0,71.1,71.0,76.2,73.0,104.9,100.0,5.5,5.5,8,1.2,3
2.0,0.1,1.0,North Dakota,69.0,69,69,69.0,20.2,20.5,22,0.0,0.0,75.4,73.0,95.2,96.5,133.3,138.0,5.6,5.5,8,1.2,3
1.0,0.25,0.5,North Dakota,69.0,69,69,69.0,20.0,20.0,22,0.0,0.0,70.8,70.0,74.0,72.5,99.5,99.5,5.0,5.0,7,1.3,3
0.5,0.1,2.0,North Dakota,69.0,69,69,69.0,18.8,18.5,22,0.0,0.0,74.4,72.0,86.7,88.0,126.1,114.0,5.1,5.5,8,1.3,3
0.5,0.25,2.0,North Dakota,69.0,69,69,69.0,21.7,22.0,24,0.0,0.0,70.9,70.0,74.6,72.5,105.0,100.0,6.7,7.0,8,1.5,3
2.0,0.25,2.0,North Dakota,69.0,69,69,69.0,23.9,23.5,26,0.0,0.0,71.4,72.0,72.8,73.0,108.7,100.0,7.5,7.5,11,1.6,3
2.0,0.05,1.0,North Dakota,69.0,69,69,69.0,17.9,18.5,19,0.0,0.0,81.7,88.0,100.9,99.0,181.1,188.0,4.8,5.0,7,1.9,4
1.0,0.25,1.0,Utah,69.0,68,73,68.0,11.8,12.0,13,0.0,0.0,76.5,77.0,79.6,77.0,82.9,82.0,16.5,17.0,18,5.7,6
1.0,0.1,2.0,Pennsylvania,69.0,65,70,70.0,48.9,48.5,55,0.2,1.0,72.4,70.0,81.7,83.0,83.8,81.0,27.2,27.5,31,9.0,12
0.5,0.1,0.5,California,69.0,69,69,69.0,3.8,4.0,5,1.8,8.0,75.3,72.0,90.44444444444444,92.0,28.0,28.0,53.1,52.5,61,25.9,28
0.5,0.05,1.0,California,69.0,69,69,69.0,3.3,3.0,5,2.3,7.0,78.5,74.0,93.125,92.0,28.0,28.0,63.6,62.0,76,29.9,32
1.0,0.05,0.5,California,69.0,69,69,69.0,3.6,4.0,5,8.6,32.0,124.4,92.0,104.75,106.5,28.0,28.0,60.4,61.5,67,31.6,34
2.0,0.05,0.5,California,69.0,69,69,69.0,3.8,4.0,6,4.9,18.0,86.1,83.0,124.5,92.0,28.0,28.0,58.6,59.5,63,31.8,34
1.0,0.1,0.5,North Dakota,69.1,69,70,69.0,16.9,16.5,19,0.0,0.0,76.9,73.0,95.2,95.5,131.0,114.0,3.8,4.0,6,1.3,3
2.0,0.05,0.5,North Dakota,69.1,69,70,69.0,17.8,18.0,21,0.0,0.0,84.4,88.0,102.6,104.5,147.3,152.5,5.1,5.0,7,1.7,4
2.0,0.1,0.5,Illinois,69.2,57,72,71.5,58.1,58.0,61,0.0,0.0,73.0,73.0,75.0,74.0,101.2,83.0,10.6,10.5,13,3.1,5
0.5,0.05,2.0,Missouri,69.2,55,82,72.5,60.7,60.0,67,0.0,0.0,79.4,81.5,84.4,83.0,69.7,68.0,8.5,9.0,11,6.1,9
0.5,0.1,0.5,Washington,69.2,65,78,68.0,7.8,8.0,10,0.2,1.0,77.2,78.0,83.9,82.0,28.0,28.0,11.3,11.0,15,13.3,15
2.0,0.05,2.0,Nevada,69.3,58,83,64.5,5.0,5.0,5,0.0,0.0,92.3,99.0,109.6,115.0,139.5,136.0,2.6,2.5,4,0.0,0
0.5,0.1,1.0,North Dakota,69.3,69,72,69.0,14.0,14.0,17,0.0,0.0,75.0,72.0,86.9,80.5,115.5,114.0,3.3,3.0,6,1.3,3
1.0,0.01,0.5,Arizona,69.4,56,93,66.0,5.7,5.5,7,1.4,3.0,94.8,95.0,128.0,112.0,82.3,88.0,7.2,7.0,12,3.4,5
2.0,0.1,2.0,Pennsylvania,69.4,64,70,70.0,48.8,48.5,53,0.1,1.0,72.0,70.0,78.4,81.5,83.9,81.0,27.2,27.5,32,9.3,14
1.0,0.01,0.5,Nebraska,69.4,65,75,70.0,24.9,25.0,27,0.3,1.0,75.4,75.0,78.0,78.0,95.3,81.0,3.6,4.0,5,9.4,12
0.5,0.1,1.0,Pennsylvania,69.4,64,70,70.0,45.4,45.0,48,0.2,1.0,72.7,70.0,78.9,82.0,86.0,81.0,27.4,27.5,31,9.8,12
ALL,ALL,ALL,Missouri,69.40277777777777,55,182,67.5,57.19166666666667,61.0,83,0.0,0.0,83.35277777777777,76.0,89.89444444444445,82.0,75.65168539325843,28.0,9.72905027932961,10.0,20,6.944444444444445,15
0.5,0.1,0.5,Pennsylvania,69.5,65,70,70.0,42.6,43.5,45,0.3,1.0,73.9,70.0,81.5,83.0,86.7,81.0,24.0,24.5,29,9.7,13
0.5,0.05,1.0,Ohio,69.5,61,74,72.0,52.4,52.5,58,0.1,1.0,76.2,74.0,80.5,78.5,74.0,86.0,23.1,22.5,28,13.1,17
1.0,0.05,2.0,Wyoming,69.6,65,88,65.0,11.5,11.0,13,0.0,0.0,71.2,65.0,91.6,90.0,113.6,110.0,4.0,4.0,5,0.0,0
2.0,0.1,0.5,Wyoming,69.6,65,88,65.0,11.5,11.0,13,0.0,0.0,71.3,65.0,96.6,96.0,113.6,110.0,3.8,4.0,5,0.0,0
2.0,0.01,0.5,Nebraska,69.6,65,93,65.0,30.8,31.5,34,0.0,0.0,74.9,72.5,78.8,77.0,86.1,78.5,3.9,4.0,6,9.5,13
2.0,0.01,0.5,Wisconsin,69.6,52,93,74.0,37.0,37.5,42,0.2,2.0,86.3,83.0,93.1,93.0,34.2,28.0,67.8,68.5,78,25.6,33
2.0,0.25,1.0,Maryland,69.7,62,81,67.0,11.2,11.0,13,0.1,1.0,77.4,72.0,85.9,82.0,79.4,75.0,15.3,14.0,21,2.3,3
0.5,0.25,1.0,Maryland,69.7,62,81,67.0,9.1,10.0,11,0.2,1.0,77.6,76.5,84.6,82.0,78.8,76.0,15.0,15.0,18,2.5,5
2.0,0.01,1.0,Nebraska,69.7,65,74,70.0,33.0,33.0,36,0.0,0.0,73.1,74.0,76.1,77.0,79.7,76.0,4.9,5.0,7,11.1,14
1.0,0.1,0.5,Ohio,69.7,61,74,71.0,54.6,55.0,60,0.1,1.0,73.3,74.0,76.4,76.0,74.4,83.0,23.8,24.0,29,16.8,20
2.0,0.1,2.0,Utah,69.8,68,77,68.0,12.1,12.0,14,0.0,0.0,77.1,77.0,82.4,83.0,82.6,82.0,18.2,17.0,23,5.3,6
2.0,0.1,1.0,Oregon,69.8,68,86,68.0,13.2,13.0,15,0.0,0.0,74.4,70.0,84.7,86.0,94.9,81.0,8.3,8.5,11,6.5,8
2.0,0.1,0.5,Washington,69.9,65,78,67.5,10.1,10.0,12,0.0,0.0,76.8,78.0,82.0,79.0,28.0,28.0,18.5,18.0,22,15.2,17
0.5,0.1,2.0,Pennsylvania,70.0,70,70,70.0,46.8,47.0,52,0.2,1.0,72.6,70.0,81.4,82.5,82.4,81.0,30.8,30.5,37,9.9,16
1.0,0.1,1.0,Pennsylvania,70.0,70,70,70.0,47.9,47.0,50,0.0,0.0,70.0,70.0,80.6,82.0,81.0,81.0,27.0,28.0,34,9.9,12
1.0,0.01,0.5,Wisconsin,70.0,52,93,70.5,33.8,33.5,38,0.0,0.0,79.3,81.0,90.7,92.5,60.5,50.0,59.8,61.5,67,27.4,32
2.0,0.1,2.0,Alabama,70.1,52,96,67.5,14.3,14.5,15,0.0,0.0,97.1,96.0,117.8,106.0,153.44444444444446,132.0,1.4444444444444444,1.0,2,0.0,0
2.0,0.05,0.5,Pennsylvania,70.1,64,83,70.0,48.0,48.0,52,0.4,1.0,78.8,82.0,83.9,83.0,89.0,87.0,21.3,21.5,26,8.5,14
2.0,0.05,1.0,Missouri,70.1,55,76,76.0,68.7,68.5,73,0.0,0.0,79.7,81.5,85.9,83.0,53.7,28.0,10.4,11.0,13,9.2,10
1.0,0.01,1.0,Nebraska,70.1,65,83,70.0,26.2,26.0,31,0.1,1.0,76.1,74.5,79.0,77.0,85.8,78.5,4.0,4.0,7,9.4,14
1.0,0.01,2.0,Nebraska,70.1,65,75,72.0,32.7,33.0,38,0.0,0.0,76.2,75.0,81.1,77.0,106.3,93.0,4.0,4.5,5,10.7,16
2.0,0.05,1.0,Washington,70.1,65,78,70.0,10.2,10.0,14,0.0,0.0,78.3,78.0,88.8,90.0,28.0,28.0,17.9,17.5,21,15.0,19
0.5,0.1,0.5,Alabama,70.2,52,96,74.5,5.4,5.5,7,0.0,0.0,94.3,96.0,105.33333333333333,106.0,,,0.0,0.0,0,0.0,0
0.5,0.25,0.5,Florida,70.2,63,75,75.0,13.8,15.0,17,2.0,8.0,76.7,78.0,84.5,86.0,28.0,28.0,20.2,19.0,28,15.0,19
0.5,0.1,0.5,Illinois,70.3,68,72,71.0,45.1,44.5,49,0.0,0.0,72.6,73.0,74.1,74.0,93.3,93.5,4.5,4.0,8,1.9,3
1.0,0.25,1.0,Maryland,70.3,62,81,72.0,10.6,11.0,12,0.5,1.0,80.0,81.0,90.1,85.5,78.4,77.0,14.1,15.0,18,2.6,4
1.0,0.1,0.5,Illinois,70.4,68,72,72.0,52.7,52.5,55,0.0,0.0,72.4,74.0,75.1,74.0,85.4,83.0,7.3,7.5,10,1.7,3
1.0,0.1,2.0,Illinois,70.4,68,72,72.0,58.8,59.0,60,0.0,0.0,73.1,74.0,75.2,74.0,91.2,83.0,10.3,10.5,14,3.8,6
0.5,0.1,1.0,Utah,70.4,68,83,68.0,9.5,9.0,12,0.0,0.0,78.4,77.0,84.3,83.0,82.3,79.0,14.2,14.5,17,4.0,5
1.0,0.05,2.0,Nevada,70.5,58,83,70.5,5.0,5.0,5,0.0,0.0,96.9,99.0,110.5,115.5,143.0,136.0,2.2222222222222223,2.0,4,0.0,0
0.5,0.05,0.5,Nevada,70.5,58,83,70.5,5.0,5.0,5,0.0,0.0,98.0,99.0,112.4,116.0,136.0,136.0,2.0,2.0,3,0.0,0
0.5,0.05,2.0,Nevada,70.5,58,83,70.5,5.0,5.0,5,0.0,0.0,93.0,99.0,111.1,115.5,142.125,136.0,1.875,2.0,3,0.0,0
2.0,0.05,0.5,Nevada,70.5,58,83,70.5,5.0,5.0,5,0.0,0.0,92.2,98.0,105.8,99.0,143.7,136.0,2.1,2.0,3,0.0,0
0.5,0.1,0.5,Utah,70.6,68,77,68.0,7.8,7.5,9,0.0,0.0,77.7,77.0,82.2,83.0,83.8,82.0,12.3,12.5,14,3.3,5
2.0,0.1,0.5,Pennsylvania,70.7,64,83,70.0,48.5,48.5,54,0.1,1.0,72.6,70.0,82.7,83.0,84.2,81.0,26.3,26.5,30,9.3,13
2.0,0.01,2.0,Nebraska,70.7,65,74,70.0,33.7,34.0,38,0.2,1.0,76.1,75.0,79.1,77.0,126.0,81.0,5.2,5.0,9,11.1,14
2.0,0.05,2.0,Ohio,70.7,61,76,73.0,58.4,59.0,62,0.0,0.0,76.0,76.0,81.6,82.0,80.7,84.0,28.1,29.0,32,16.1,21
0.5,0.05,0.5,Illinois,70.8,68,72,72.0,41.0,41.0,44,0.0,0.0,76.8,74.0,82.5,83.5,100.5,104.0,5.6,6.0,7,1.7,3
2.0,0.01,1.0,Idaho,70.8,60,100,60.0,9.8,9.5,13,1.0,3.0,94.4,96.0,103.9,105.0,28.0,28.0,38.3,39.0,44,12.7,15
2.0,0.01,0.5,Michigan,70.8,50,86,84.0,33.0,33.5,38,0.7,1.0,88.4,90.0,112.2,116.0,82.8,84.0,15.1,15.0,19,18.4,24
0.5,0.01,0.5,Idaho,70.9,60,86,68.5,7.9,9.0,9,0.5,5.0,87.9,86.0,102.4,98.0,61.9,68.0,17.7,17.5,24,10.5,13
2.0,0.05,0.5,Washington,70.9,65,88,67.5,9.7,10.0,12,0.0,0.0,79.0,78.0,87.3,88.0,28.0,28.0,18.2,18.0,26,15.0,17
0.5,0.05,0.5,North Dakota,71.0,69,88,69.0,11.4,11.0,13,0.0,0.0,84.2,88.0,99.9,99.0,137.66666666666666,114.0,3.2222222222222223,3.0,6,1.0,2
1.0,0.05,0.5,North Dakota,71.0,69,88,69.0,15.0,15.5,16,0.0,0.0,88.8,88.0,100.3,99.0,162.33333333333334,138.0,3.6666666666666665,3.0,7,1.1,4
1.0,0.05,2.0,Washington,71.0,65,84,70.0,9.0,9.0,11,0.1,1.0,80.7,78.5,87.6,89.0,28.0,28.0,19.0,19.5,24,15.7,19
1.0,0.25,2.0,Florida,71.0,63,75,74.0,17.2,19.0,22,1.9,8.0,76.3,75.5,83.8,78.0,28.0,28.0,35.9,33.5,47,17.9,24
0.5,0.05,1.0,North Dakota,71.2,69,88,69.0,12.0,12.0,14,0.0,0.0,89.1,88.0,110.9,111.0,169.6,126.0,2.6,2.5,5,0.9,2
0.5,0.05,2.0,North Dakota,71.2,69,88,69.0,15.9,16.0,18,0.0,0.0,86.1,88.0,104.7,99.0,146.9,138.0,4.7,4.0,7,1.7,3
1.0,0.05,1.0,Illinois,71.2,68,72,72.0,52.6,52.5,55,0.0,0.0,75.1,74.0,78.9,77.5,103.8,104.0,10.8,11.0,12,3.2,5
2.0,0.05,2.0,Illinois,71.2,68,72,72.0,56.2,56.0,60,0.0,0.0,75.4,74.0,83.3,83.5,97.8,83.0,13.4,13.0,19,4.2,6
0.5,0.05,0.5,Pennsylvania,71.2,70,82,70.0,41.1,41.0,44,0.4,1.0,77.1,78.5,82.7,83.5,94.3,92.0,18.2,19.5,22,9.4,11
2.0,0.05,2.0,Washington,71.2,65,78,70.0,10.1,10.5,13,0.0,0.0,80.0,78.0,86.6,88.0,28.0,28.0,19.6,19.0,23,14.9,17
1.0,0.25,0.5,Florida,71.2,63,75,74.0,15.4,16.0,18,1.2,5.0,76.2,75.0,81.2,78.0,28.0,28.0,31.0,30.5,39,18.8,22
1.0,0.05,2.0,Pennsylvania,71.3,70,83,70.0,50.3,50.5,54,0.7,1.0,81.3,83.0,87.2,87.0,92.4,90.0,23.6,24.0,28,6.9,10
1.0,0.1,0.5,Pennsylvania,71.3,70,83,70.0,46.5,46.5,50,0.1,1.0,73.3,70.0,82.8,83.0,84.2,81.0,26.2,25.5,31,8.9,11
0.5,0.25,2.0,Florida,71.3,63,75,74.5,16.7,17.5,21,1.4,6.0,76.1,75.5,82.1,82.0,28.0,28.0,33.6,31.0,43,18.7,25
0.5,0.1,1.0,Alabama,71.4,52,96,67.5,6.4,6.5,8,0.0,0.0,100.6,89.5,126.0,101.0,129.0,129.0,1.0,1.0,1,0.0,0
0.5,0.05,2.0,Illinois,71.4,68,72,72.0,51.5,52.0,53,0.0,0.0,75.8,74.0,81.8,82.0,95.4,104.0,10.5,10.0,14,2.7,6
1.0,0.05,0.5,Ohio,71.4,61,82,73.0,50.8,51.0,57,0.0,0.0,78.1,79.0,81.2,81.5,83.3,84.0,21.6,21.0,30,16.2,20
2.0,0.1,1.0,Florida,71.4,63,75,75.0,15.4,16.5,18,1.4,8.0,79.0,78.0,88.5,90.0,28.0,28.0,40.5,39.0,56,19.7,26
1.0,0.1,1.0,Utah,71.5,68,77,68.0,11.4,11.0,13,0.0,0.0,77.6,77.0,82.6,83.0,84.9,82.0,18.5,19.0,21,5.5,7
2.0,0.01,0.5,Idaho,71.5,60,94,60.0,9.1,9.5,11,1.2,5.0,90.4,93.5,103.9,105.0,35.3,28.0,35.6,35.5,44,13.3,17
2.0,0.25,0.5,Maryland,71.6,62,81,72.0,11.0,11.0,12,0.2,1.0,78.7,81.0,91.9,88.0,79.7,77.0,15.4,15.0,21,2.4,3
2.0,0.05,0.5,Illinois,71.6,68,72,72.0,54.6,53.5,58,0.0,0.0,74.2,74.0,80.7,82.0,104.4,104.0,12.8,12.5,18,3.3,5
1.0,0.1,2.0,Utah,71.6,68,77,68.0,11.4,11.5,13,0.0,0.0,79.4,77.0,83.4,83.0,84.4,82.0,17.9,17.5,21,5.6,7
1.0,0.05,2.0,Oregon,71.6,68,84,69.0,12.9,13.5,15,0.0,0.0,88.6,86.0,102.8,94.5,100.2,87.0,6.0,6.0,8,6.3,8
1.0,0.05,0.5,Oregon,71.6,68,86,68.0,10.5,10.5,13,0.0,0.0,85.3,86.0,108.7,98.0,107.2,90.0,6.0,6.0,8,6.7,9
2.0,0.25,2.0,Maryland,71.7,62,81,72.0,10.7,10.5,13,0.5,2.0,79.6,81.0,87.6,85.5,78.4,77.0,16.6,17.5,19,2.9,5
1.0,0.25,1.0,Florida,71.7,63,75,74.0,16.3,16.5,21,1.2,8.0,75.9,75.0,81.0,78.0,28.0,28.0,35.8,34.0,44,19.2,24
2.0,0.05,1.0,Illinois,71.8,70,72,72.0,57.0,57.0,61,0.0,0.0,78.1,74.0,83.3,82.0,124.7,117.0,11.8,11.5,16,3.8,6
0.5,0.05,1.0,Wyoming,71.9,65,88,65.0,8.9,9.0,10,0.0,0.0,76.1,65.0,104.0,102.0,110.0,110.0,1.3,1.0,2,0.0,0
0.5,0.05,2.0,Wyoming,71.9,65,88,65.0,9.8,10.0,11,0.0,0.0,77.4,65.0,102.7,102.0,110.0,110.0,3.5,4.0,4,0.0,0
1.0,0.1,0.5,Utah,71.9,68,83,68.0,10.6,10.0,12,0.0,0.0,78.7,77.0,83.3,83.0,83.2,83.0,16.2,16.0,21,3.7,5
0.5,0.01,2.0,Nebraska,71.9,65,83,70.0,26.6,27.0,28,0.0,0.0,79.3,75.0,83.4,77.0,102.0,81.0,2.1,1.5,5,8.8,11
0.5,0.05,0.5,Washington,71.9,65,88,70.0,6.8,6.5,9,0.1,1.0,82.4,78.0,90.0,89.0,28.0,28.0,11.0,10.5,15,14.0,16
0.5,0.25,1.0,Florida,71.9,63,75,74.5,16.4,17.0,20,0.8,4.0,76.4,76.5,82.4,82.0,28.0,28.0,26.9,23.5,35,16.4,20
1.0,0.05,1.0,Ohio,71.9,66,76,73.5,54.6,54.0,58,0.0,0.0,78.2,79.0,83.9,84.5,90.8,84.0,25.3,26.5,29,16.7,19
1.0,0.05,2.0,Missouri,72.0,55,82,72.5,67.4,67.5,71,0.0,0.0,80.8,82.0,87.6,84.0,63.5,28.0,11.0,11.0,15,10.2,15
1.0,0.05,2.0,Illinois,72.2,72,74,72.0,54.9,55.0,57,0.0,0.0,79.4,78.0,84.8,86.5,102.0,104.0,11.9,11.0,15,3.8,6
0.5,0.1,2.0,Utah,72.2,68,83,68.0,11.2,11.0,12,0.0,0.0,80.0,77.0,84.1,83.0,76.8,79.0,18.9,18.5,23,5.1,6
0.5,0.05,1.0,Pennsylvania,72.3,64,83,70.0,45.5,46.0,50,0.3,1.0,78.1,82.5,83.5,83.5,84.7,87.0,21.9,22.5,28,8.1,12
1.0,0.01,0.5,Idaho,72.3,60,97,60.0,10.2,10.5,12,0.6,2.0,86.6,86.0,99.5,102.5,74.4,88.0,28.2,28.0,34,10.4,13
1.0,0.05,1.0,Nevada,72.4,58,83,80.0,5.0,5.0,5,0.0,0.0,96.3,99.0,113.0,115.5,132.88888888888889,136.0,1.8888888888888888,2.0,3,0.0,0
1.0,0.1,0.5,Maryland,72.5,62,81,76.5,9.2,9.5,11,0.4,1.0,92.7,84.5,118.8,122.5,81.2,79.5,11.0,10.5,18,1.8,4
2.0,0.05,1.0,Ohio,72.5,66,82,73.0,58.8,59.5,64,0.1,1.0,78.6,79.0,83.1,84.0,88.0,86.5,25.0,25.5,31,15.5,22
0.5,0.05,0.5,Florida,72.5,63,75,75.0,11.0,11.0,14,1.6,5.0,85.9,78.0,103.9,109.5,28.0,28.0,20.4,19.5,30,15.6,18
2.0,0.1,2.0,Florida,72.5,63,75,75.0,16.5,18.0,20,0.5,3.0,78.8,78.0,85.8,90.0,28.0,28.0,39.5,39.0,51,18.5,24
0.5,0.01,1.0,Wisconsin,72.5,52,93,79.0,32.5,33.0,37,0.1,1.0,82.2,81.0,93.2,93.0,58.5,28.0,55.1,55.0,64,28.3,33
1.0,0.25,0.5,Maryland,72.6,62,81,72.0,10.0,10.0,12,0.2,1.0,79.7,81.0,94.6,89.5,80.3,77.0,14.1,14.0,17,2.6,4
0.5,0.1,1.0,Florida,72.6,63,75,75.0,15.8,17.0,18,0.7,3.0,79.6,78.0,90.3,86.0,28.0,28.0,25.6,25.0,35,16.4,22
2.0,0.25,2.0,Florida,72.6,63,75,75.0,18.5,19.0,23,0.9,5.0,76.6,76.0,81.6,78.0,28.0,28.0,37.7,35.0,54,17.1,22
1.0,0.05,1.0,Missouri,72.7,55,78,76.0,62.1,61.0,68,0.0,0.0,79.9,81.0,82.7,82.0,53.1,28.0,10.5,11.0,12,7.7,11
2.0,0.1,2.0,Connecticut,72.8,65,104,65.0,5.7,6.0,7,0.7,1.0,106.7,104.0,112.0,113.5,116.6,115.0,5.2,5.0,7,1.3,2
0.5,0.05,2.0,Pennsylvania,72.8,70,83,70.0,49.3,50.0,54,0.6,1.0,83.7,83.0,88.1,90.0,101.2,105.0,23.5,24.0,27,6.9,10
1.0,0.01,2.0,Idaho,72.8,60,95,68.5,10.5,9.5,14,1.7,5.0,93.1,89.0,109.8,105.0,40.9,28.0,38.1,39.0,48,11.9,15
2.0,0.05,2.0,North Dakota,72.9,69,88,69.0,18.6,18.5,22,0.0,0.0,89.3,88.0,103.2,99.0,147.2,138.0,6.1,6.0,9,2.3,4
1.0,0.05,2.0,Utah,72.9,68,83,69.0,11.6,12.0,13,0.0,0.0,80.4,80.0,88.6,89.0,73.4,76.0,18.4,19.0,20,4.8,6
1.0,0.05,1.0,Washington,72.9,65,85,71.5,9.2,9.0,11,0.1,1.0,81.4,83.0,89.3,91.5,28.0,28.0,16.4,16.5,20,15.4,18
0.5,0.05,1.0,Nevada,73.0,58,83,83.0,5.0,5.0,5,0.0,0.0,96.7,99.0,108.5,110.0,131.33333333333334,136.0,2.2222222222222223,2.0,4,0.0,0
2.0,0.1,0.5,Utah,73.0,68,77,75.0,12.1,12.0,14,0.0,0.0,77.5,77.0,82.2,83.0,85.2,82.0,18.9,19.5,22,4.8,6
2.0,0.1,1.0,Utah,73.0,68,83,72.0,11.9,12.0,13,0.0,0.0,78.9,77.0,83.3,83.0,86.2,86.0,17.7,18.0,22,5.3,6
2.0,0.05,2.0,Pennsylvania,73.0,70,83,70.0,49.6,50.0,56,0.1,1.0,78.0,77.5,85.4,83.5,91.3,90.0,21.8,22.0,25,8.0,13
2.0,0.25,0.5,Florida,73.1,63,75,75.0,18.0,19.0,20,0.5,4.0,76.6,77.0,82.1,82.0,28.0,28.0,33.9,33.0,45,17.1,22
1.0,0.05,2.0,North Dakota,73.3,69,88,69.0,17.1,17.0,21,0.0,0.0,85.2,88.0,101.6,99.0,147.7,138.0,4.9,4.5,7,1.6,3
2.0,0.05,1.0,Oregon,73.3,68,87,68.0,12.5,12.0,15,0.0,0.0,81.0,75.5,124.2,104.0,100.8,81.0,8.4,8.5,11,6.9,8
ALL,ALL,ALL,Illinois,73.40277777777777,57,126,72.0,50.891666666666666,53.0,66,0.002777777777777778,1.0,79.625,74.0,83.825,77.0,99.64722222222223,83.0,9.875,10.0,20,3.0444444444444443,9
1.0,0.25,2.0,Maryland,73.6,62,81,72.0,11.6,12.0,13,0.3,1.0,82.1,81.0,96.1,92.5,80.1,77.0,15.2,16.0,17,2.3,4
2.0,0.25,1.0,Florida,73.6,69,75,75.0,18.0,18.0,20,0.3,2.0,76.6,77.0,81.8,82.0,28.0,28.0,36.3,34.5,51,17.4,20
2.0,0.1,0.5,Florida,73.6,63,75,75.0,17.0,17.5,20,0.4,4.0,79.1,78.0,84.7,86.0,28.0,28.0,34.8,33.5,46,18.3,24
0.5,0.25,0.5,Maryland,73.7,62,81,72.0,7.3,7.5,9,1.3,4.0,86.7,83.0,95.0,91.0,79.8,77.0,13.0,13.0,16,3.2,5
1.0,0.1,0.5,Florida,73.7,63,75,75.0,16.5,17.0,20,0.3,3.0,79.0,78.0,88.2,90.0,28.0,28.0,29.6,28.0,36,17.4,21
1.0,0.25,1.0,Tennessee,73.8,64,115,67.5,43.4,43.5,46,0.0,0.0,85.3,80.5,104.6,106.0,88.3,74.5,15.3,15.5,22,3.5,5
1.0,0.05,0.5,Florida,73.8,63,75,75.0,13.1,13.0,16,0.3,2.0,87.5,90.0,102.4,98.0,34.4,28.0,29.3,28.0,37,20.0,24
2.0,0.05,0.5,Florida,73.8,63,75,75.0,14.5,14.5,18,0.6,3.0,84.2,86.0,95.5,90.0,40.8,28.0,33.6,33.0,41,20.5,23
2.0,0.05,1.0,Florida,73.8,63,75,75.0,14.0,14.0,17,0.4,4.0,86.9,88.0,98.6,98.0,28.0,28.0,40.6,40.5,47,21.0,26
0.5,0.1,2.0,Connecticut,73.9,65,104,65.0,5.4,5.0,7,0.6,1.0,103.9,104.0,113.5,115.5,125.0,116.0,4.5,4.0,8,1.3,2
2.0,0.05,1.0,Utah,73.9,68,83,73.5,11.9,12.0,14,0.0,0.0,82.2,80.0,86.2,84.0,78.1,83.0,17.3,17.0,22,4.5,6
2.0,0.05,2.0,Utah,73.9,68,83,76.5,12.4,12.0,14,0.0,0.0,80.8,80.0,86.1,84.0,79.3,82.0,18.1,17.5,21,5.0,7
2.0,0.05,0.5,Ohio,73.9,66,82,74.0,56.8,56.0,59,0.0,0.0,79.2,79.0,85.8,85.0,95.8,89.0,26.3,26.0,33,15.7,18
0.5,0.1,1.0,Connecticut,74.0,65,104,65.0,5.3,5.5,7,0.3,1.0,103.6,104.0,112.3,108.0,118.0,115.0,4.6,4.5,6,1.0,2
1.0,0.1,1.0,Connecticut,74.0,65,104,65.0,5.8,6.0,7,0.7,1.0,104.8,104.0,111.5,113.5,128.6,115.5,4.3,4.0,7,1.0,2
0.5,0.1,2.0,Alabama,74.1,52,96,74.5,11.0,11.0,12,0.0,0.0,97.4,96.0,115.4,123.0,190.33333333333334,129.0,1.0,1.0,1,0.0,0
2.0,0.05,0.5,Missouri,74.1,55,82,76.0,67.7,67.5,73,0.0,0.0,79.7,81.5,85.0,83.0,77.6,108.0,10.6,10.5,13,7.0,9
0.5,0.05,1.0,Washington,74.1,65,78,78.0,8.3,9.0,9,0.3,3.0,81.9,83.0,89.5,89.0,28.0,28.0,12.6,12.5,17,15.5,17
1.0,0.05,1.0,Wyoming,74.2,65,88,65.0,10.9,11.0,12,0.0,0.0,82.4,78.0,103.4,102.0,113.6,110.0,3.4,3.5,4,0.0,0
2.0,0.05,2.0,Wyoming,74.2,65,88,65.0,11.4,11.0,13,0.0,0.0,81.6,65.0,102.2,98.5,110.0,110.0,4.2,4.0,5,0.1,1
1.0,0.01,1.0,Michigan,74.2,50,86,84.0,31.4,30.5,36,0.5,2.0,91.3,91.5,105.9,112.0,50.8,28.0,13.7,14.0,17,18.0,22
1.0,0.05,0.5,Nevada,74.3,58,83,80.0,5.0,5.0,5,0.0,0.0,97.5,99.0,113.1,116.0,143.0,136.0,2.0,2.0,3,0.0,0
1.0,0.05,0.5,Pennsylvania,74.3,70,83,70.0,48.1,48.0,51,0.1,1.0,80.8,83.0,88.7,90.0,95.2,104.0,22.0,22.0,26,6.4,10
1.0,0.05,2.0,Ohio,74.4,61,82,75.0,56.8,57.0,61,0.2,1.0,81.4,82.0,88.1,91.0,96.2,93.0,26.2,27.5,31,16.8,20
1.0,0.1,1.0,Florida,74.4,69,75,75.0,15.5,15.0,19,0.1,1.0,80.3,78.0,86.4,86.0,28.0,28.0,33.6,32.0,47,19.5,23
1.0,0.05,1.0,Pennsylvania,74.5,64,83,70.0,49.7,49.5,56,0.2,1.0,79.9,82.0,85.8,83.5,92.4,88.0,25.5,26.0,33,7.4,12
ALL,ALL,ALL,Washington,74.68611111111112,65,111,70.0,9.683333333333334,10.0,15,0.14444444444444443,8.0,82.85555555555555,78.0,91.90555555555555,88.0,33.675,28.0,15.98611111111111,16.0,27,14.113888888888889,19
0.5,0.05,1.0,Florida,74.7,69,78,75.0,12.9,13.5,16,1.1,4.0,89.5,86.0,104.0,100.0,42.2,28.0,23.7,24.0,31,18.4,23
1.0,0.1,2.0,Florida,74.8,74,75,75.0,17.3,17.0,22,0.0,0.0,80.6,78.0,87.0,86.0,28.0,28.0,35.7,34.5,42,17.7,21
0.5,0.1,0.5,Florida,74.9,74,75,75.0,14.3,14.0,19,0.6,6.0,81.3,78.0,90.6,86.0,28.0,28.0,18.8,19.0,22,13.3,15
0.5,0.1,2.0,Florida,74.9,74,75,75.0,16.5,16.5,18,0.0,0.0,81.1,78.0,89.0,90.0,28.0,28.0,31.5,31.0,36,18.5,21
ALL,ALL,ALL,North Dakota,74.95555555555555,69,146,69.0,16.130555555555556,17.0,26,0.002777777777777778,1.0,88.16111111111111,80.5,100.2611111111111,99.0,158.69942196531792,138.0,4.62,5.0,11,1.1111111111111112,4
1.0,0.05,1.0,North Dakota,75.0,69,88,69.0,16.2,16.5,18,0.0,0.0,86.4,88.0,105.7,112.0,178.7,160.0,3.8,4.0,6,1.9,3
2.0,0.05,2.0,Missouri,75.0,66,82,76.0,70.9,72.0,75,0.0,0.0,80.4,81.5,86.8,83.0,76.8,108.0,12.5,12.0,16,9.7,13
1.0,0.05,0.5,Washington,75.0,65,90,78.0,8.5,8.0,10,0.0,0.0,85.3,88.0,92.7,94.0,28.0,28.0,13.2,13.0,19,16.1,17
ALL,ALL,ALL,Nevada,75.13888888888889,58,140,58.0,4.947222222222222,5.0,5,0.0,0.0,95.98333333333333,98.5,113.06944444444444,105.0,155.93215339233038,136.0,1.8911764705882352,2.0,4,0.03333333333333333,1
2.0,0.1,1.0,Connecticut,75.2,65,104,65.0,5.9,6.0,7,0.2,1.0,103.3,104.0,116.7,116.0,132.0,115.0,3.7,3.0,6,1.1,2
2.0,0.05,0.5,Utah,75.2,68,83,77.0,12.4,12.0,14,0.0,0.0,80.8,80.0,89.2,94.0,68.7,79.0,16.9,17.0,21,4.4,6
1.0,0.05,1.0,Oregon,75.2,68,106,68.0,11.6,12.0,14,0.0,0.0,101.0,80.0,124.0,111.5,113.1,111.0,6.6,6.5,9,6.8,10
0.5,0.01,0.5,California,75.2,69,100,69.0,2.0,1.0,5,6.5,11.0,99.75,97.0,152.0,172.0,35.4,28.0,43.0,43.0,50,22.8,26
ALL,ALL,ALL,Wyoming,75.26666666666667,65,141,65.0,10.21111111111111,11.0,13,0.0,0.0,83.1,65.0,105.29526462395543,90.0,119.42485549132948,110.0,2.6138328530259365,2.0,6,0.11666666666666667,2
0.5,0.05,0.5,Utah,75.3,68,83,76.5,7.5,7.0,9,0.0,0.0,82.6,83.0,88.4,89.0,87.1,87.0,11.1,11.5,15,3.5,5
0.5,0.05,2.0,Florida,75.3,75,78,75.0,15.1,15.0,19,0.0,0.0,84.0,86.0,93.3,90.0,28.0,28.0,32.7,32.5,39,19.7,24
0.5,0.05,1.0,Oregon,75.4,68,106,68.0,9.9,10.0,13,0.0,0.0,105.8,86.0,125.6,113.5,126.9,142.0,5.2,5.0,8,5.7,7
0.5,0.01,1.0,Idaho,75.4,60,100,70.0,8.2,8.0,11,1.8,7.0,95.9,97.0,103.5,105.0,34.0,28.0,24.7,24.0,39,11.3,13
2.0,0.05,2.0,Florida,75.6,63,90,75.0,13.5,14.0,16,1.4,11.0,92.0,90.0,102.7,98.0,34.4,28.0,38.2,38.0,49,21.6,25
0.5,0.05,2.0,Ohio,75.8,71,82,74.0,56.7,57.5,62,0.0,0.0,78.4,76.0,82.6,79.0,91.7,87.0,24.9,24.5,30,14.9,21
2.0,0.01,2.0,California,75.9,69,96,74.0,3.0,3.0,5,17.7,31.0,206.5,181.5,251.66666666666666,259.0,28.0,28.0,54.4,53.5,62,30.0,33
ALL,ALL,ALL,Pennsylvania,75.95,64,165,70.0,45.861111111111114,47.0,56,0.18611111111111112,3.0,83.225,72.0,90.99444444444444,83.0,91.05555555555556,81.0,23.83888888888889,24.0,48,8.688888888888888,17
1.0,0.05,1.0,Florida,76.0,63,86,75.0,13.1,13.5,16,0.5,5.0,86.0,90.0,99.4,99.0,55.0,28.0,32.5,32.0,46,21.7,28
0.5,0.25,0.5,Tennessee,76.1,64,118,64.0,18.9,18.5,22,0.0,0.0,100.7,106.0,114.8,117.0,115.7,110.0,5.9,6.0,7,2.8,4
1.0,0.05,2.0,Florida,76.1,75,86,75.0,13.7,12.5,17,0.4,4.0,87.6,90.0,98.1,96.0,34.4,28.0,37.5,37.0,44,21.4,24
0.5,0.25,1.0,Alabama,76.4,52,96,83.0,6.8,7.0,8,0.0,0.0,91.4,96.0,106.4,106.0,129.0,129.0,1.0,1.0,1,0.0,0
0.5,0.05,2.0,Utah,76.4,68,93,77.0,10.8,11.0,13,0.0,0.0,82.3,83.0,88.3,93.0,78.3,90.0,17.3,18.0,22,4.4,6
ALL,ALL,ALL,Ohio,76.44444444444444,61,139,71.0,53.06944444444444,55.0,67,0.05555555555555555,2.0,84.95833333333333,74.0,90.35277777777777,76.0,88.13055555555556,83.0,23.386111111111113,24.0,36,15.497222222222222,24
2.0,0.05,0.5,Wyoming,76.5,65,88,76.5,11.1,11.0,12,0.0,0.0,79.5,78.0,99.5,102.0,113.6,110.0,4.2,4.5,5,0.0,0
2.0,0.01,0.5,California,76.6,69,102,69.0,3.1,4.0,4,13.11111111111111,30.0,167.55555555555554,123.0,193.33333333333334,150.5,32.8,28.0,57.9,57.5,66,29.9,33
0.5,0.05,0.5,Ohio,76.9,61,94,75.0,42.4,42.5,52,0.0,0.0,82.7,81.5,87.4,89.5,92.6,87.0,17.1,17.0,20,12.5,17
1.0,0.25,2.0,New York,77.0,69,79,79.0,10.9,10.0,18,0.3,2.0,80.3,81.0,87.5,90.5,28.0,28.0,188.2,188.5,201,39.6,43
0.5,0.1,1.0,Tennessee,77.3,64,118,64.0,27.3,27.5,29,0.0,0.0,117.0,118.0,133.4,129.5,78.2,28.0,8.8,8.5,11,2.1,3
ALL,ALL,ALL,Utah,77.37777777777778,68,130,76.0,10.869444444444444,11.0,16,0.013888888888888888,1.0,86.14166666666667,77.0,94.06666666666666,83.0,77.40555555555555,82.0,15.147222222222222,16.0,24,4.052777777777778,7
0.5,0.05,1.0,Utah,77.6,68,83,77.0,9.9,10.0,12,0.0,0.0,85.2,84.0,90.6,93.0,82.9,88.5,13.1,13.5,18,3.2,5
1.0,0.1,2.0,Connecticut,77.9,65,104,65.0,6.3,6.5,7,0.3,1.0,102.2,104.0,115.2,112.0,126.9,115.0,4.9,5.0,7,0.6,2
1.0,0.25,0.5,Tennessee,78.0,64,118,67.5,37.7,37.0,40,0.0,0.0,98.3,94.0,116.6,118.0,89.6,74.5,13.4,13.5,19,3.4,4
1.0,0.01,1.0,Idaho,78.0,60,94,82.0,10.3,10.0,14,1.3,4.0,89.8,86.0,99.8,100.0,58.4,28.0,34.5,35.0,41,11.4,13
1.0,0.01,2.0,Michigan,78.0,50,93,84.0,34.1,35.0,37,0.5,1.0,104.5,93.0,118.5,122.0,75.3,84.0,17.1,17.0,21,18.4,23
1.0,0.01,0.5,California,78.0,69,108,69.0,3.7,3.0,7,13.1,25.0,159.0,131.5,232.8,259.0,28.0,28.0,48.1,48.0,57,28.0,30
0.5,0.25,2.0,New York,78.0,69,79,79.0,10.2,10.5,12,0.9,3.0,82.5,81.0,86.0,87.0,28.0,28.0,190.4,190.0,200,40.5,43
0.5,0.25,1.0,New York,78.1,74,79,79.0,11.1,11.5,13,0.3,3.0,81.5,81.0,85.8,85.0,28.0,28.0,182.6,185.0,193,38.1,42
2.0,0.25,1.0,New York,78.2,69,81,79.0,10.2,10.0,14,0.5,3.0,82.4,81.0,85.8,85.0,28.0,28.0,184.2,184.5,199,40.0,41
1.0,0.25,1.0,New York,78.2,69,81,79.0,8.7,8.5,11,0.5,2.0,83.5,82.5,89.3,90.0,28.0,28.0,188.8,190.5,198,41.8,44
2.0,0.01,2.0,Arizona,78.4,56,98,80.5,7.5,7.5,9,0.3,1.0,93.6,94.0,103.5,99.0,72.8,58.5,8.8,8.5,11,2.6,5
1.0,0.25,0.5,New York,78.5,74,79,79.0,10.7,10.5,13,0.9,3.0,83.4,81.0,86.4,87.0,28.0,28.0,180.8,180.0,194,38.9,42
1.0,0.05,0.5,Wyoming,78.6,65,88,87.0,9.9,10.0,11,0.0,0.0,88.2,102.0,109.0,107.0,117.2,110.0,2.4,2.0,3,0.0,0
2.0,0.25,0.5,New York,78.8,77,79,79.0,10.7,10.0,15,0.1,1.0,81.8,81.0,87.1,87.0,28.0,28.0,188.9,188.5,195,39.5,43
1.0,0.1,2.0,Alabama,79.0,52,96,83.0,12.3,12.5,14,0.0,0.0,101.5,96.0,126.2,114.5,132.8,130.5,1.6,1.5,3,0.0,0
2.0,0.05,2.0,Connecticut,79.0,65,116,65.0,5.3,5.0,7,0.3,2.0,116.7,104.0,137.5,135.5,129.5,115.5,4.6,5.0,8,1.3,2
2.0,0.25,2.0,New York,79.0,79,79,79.0,11.7,12.5,14,1.0,3.0,84.0,81.5,89.8,91.0,28.0,28.0,188.8,188.0,201,38.7,42
0.5,0.25,0.5,New York,79.0,79,79,79.0,9.4,9.5,12,0.9,3.0,83.9,81.5,86.9,87.0,28.0,28.0,159.0,160.5,170,39.6,44
0.5,0.1,2.0,New York,79.2,79,81,79.0,8.4,8.0,12,2.1,3.0,89.2,90.0,91.4,91.0,28.0,28.0,198.7,197.5,212,41.0,44
1.0,0.05,0.5,Utah,79.3,76,83,77.0,10.2,10.0,11,0.1,1.0,84.8,83.0,92.4,93.0,88.4,97.0,15.0,15.5,19,3.7,4
0.5,0.01,1.0,California,79.6,69,101,74.0,3.2,3.0,8,13.428571428571429,24.0,149.28571428571428,128.0,178.6,128.0,28.0,28.0,50.5,53.5,60,26.4,29
0.5,0.01,2.0,Wisconsin,79.6,52,95,81.0,34.0,34.5,38,0.1,1.0,89.4,94.0,96.1,97.0,35.6,28.0,71.1,72.5,86,27.9,33
0.5,0.1,1.0,New York,79.6,79,83,79.0,7.6,7.5,11,0.9,3.0,86.5,88.5,92.5,91.0,28.0,28.0,182.3,182.5,197,40.1,43
1.0,0.01,2.0,Wisconsin,79.7,52,96,85.0,34.3,34.5,37,0.3,3.0,91.9,94.0,96.7,97.5,44.0,28.0,64.4,64.0,78,27.2,30
2.0,0.1,1.0,New York,79.7,74,91,79.0,8.1,8.5,12,2.2,6.0,90.8,91.0,98.6,95.0,28.0,28.0,188.4,185.5,207,42.3,45
1.0,0.1,1.0,Maryland,80.1,72,81,81.0,10.1,10.0,12,0.7,1.0,106.3,103.0,124.7,129.0,94.2,91.0,9.8,9.0,16,1.8,5
2.0,0.05,1.0,Alabama,80.2,52,96,89.5,12.0,11.5,15,0.0,0.0,123.5,106.0,156.4,135.5,134.57142857142858,132.0,1.1428571428571428,1.0,2,0.0,0
2.0,0.1,0.5,Alabama,80.3,52,96,83.0,13.0,13.0,15,0.0,0.0,99.1,96.0,123.9,123.0,136.11111111111111,132.0,1.6666666666666667,1.0,3,0.0,0
1.0,0.1,0.5,Connecticut,80.3,65,104,77.0,5.4,5.5,7,0.2,1.0,99.8,104.0,111.2,108.0,115.7,110.0,4.5,5.0,6,0.9,2
1.0,0.05,1.0,Utah,80.3,76,93,77.0,11.3,11.0,13,0.0,0.0,84.3,83.0,91.1,93.5,72.7,88.5,17.3,17.0,22,4.7,6
0.5,0.1,0.5,Connecticut,80.6,65,104,65.0,5.2,5.0,7,0.3,1.0,102.9,104.0,114.8,116.0,132.7,131.0,2.8,3.0,5,1.0,3
0.5,0.25,0.5,Virginia,80.6,79,95,79.0,18.7,18.5,23,0.0,0.0,95.2,96.0,101.1,99.0,65.2,64.0,17.2,17.5,21,4.0,5
2.0,0.1,1.0,Maryland,80.9,62,116,76.5,10.8,11.0,14,0.6,2.0,96.6,97.0,120.8,125.0,92.0,84.5,10.3,9.5,18,1.8,4
0.5,0.25,2.0,Tennessee,81.0,64,106,77.0,41.4,41.5,45,0.0,0.0,103.5,106.0,118.8,116.5,95.0,95.0,13.7,14.5,18,3.4,6
2.0,0.01,2.0,Idaho,81.0,60,95,86.0,9.4,9.5,14,1.8,6.0,96.8,97.5,106.9,105.0,34.5,28.0,37.0,36.5,45,13.4,20
0.5,0.1,1.0,Maryland,81.4,72,96,81.0,10.1,10.5,11,0.8,4.0,99.1,97.0,111.2,105.0,90.9,89.5,8.4,8.0,12,1.3,4
2.0,0.1,1.0,Tennessee,81.4,64,147,64.0,39.9,39.5,44,0.0,0.0,116.1,118.0,132.9,131.0,77.5,28.0,15.8,16.5,20,4.7,6
2.0,0.01,2.0,Michigan,81.4,63,90,85.0,34.5,33.0,40,0.2,1.0,91.0,89.0,100.8,93.0,76.9,84.0,14.4,14.0,19,18.3,23
1.0,0.1,0.5,New York,81.4,79,91,79.0,8.7,8.5,11,1.6,3.0,88.7,90.5,92.8,91.0,28.0,28.0,182.3,181.0,203,39.5,42
0.5,0.05,0.5,Alabama,81.5,52,96,96.0,3.7,4.0,5,0.0,0.0,108.8,106.0,125.0,123.0,,,0.0,0.0,0,0.0,0
ALL,ALL,ALL,Florida,81.63888888888889,63,143,75.0,13.994444444444444,14.0,23,0.6138888888888889,11.0,92.10277777777777,78.0,102.52222222222223,90.0,47.3,28.0,30.644444444444446,31.0,56,19.40277777777778,28
1.0,0.25,2.0,Virginia,81.7,79,95,79.0,29.9,29.5,33,0.0,0.0,95.3,97.0,101.5,99.0,79.4,100.0,25.1,25.5,30,8.3,10
0.5,0.1,2.0,Tennessee,81.9,64,152,64.0,37.3,37.5,39,0.0,0.0,126.6,118.5,140.6,143.0,80.9,28.0,15.0,15.0,19,3.0,4
1.0,0.01,1.0,Arizona,82.4,56,98,82.0,7.9,8.0,9,0.1,1.0,96.2,98.5,107.4,104.0,63.0,28.0,10.4,9.5,13,2.1,4
2.0,0.25,1.0,Virginia,82.4,79,97,79.0,31.2,31.0,34,0.0,0.0,97.9,97.0,103.2,100.5,77.4,100.0,24.2,24.0,30,9.1,12
2.0,0.1,2.0,New York,82.4,79,91,79.0,8.2,8.5,10,1.5,3.0,89.0,91.0,97.1,94.0,28.0,28.0,190.3,190.5,208,41.9,45
1.0,0.1,1.0,New York,82.5,79,91,79.0,7.7,8.0,10,1.5,4.0,89.3,90.0,96.3,91.0,28.0,28.0,192.0,193.0,205,42.3,45
0.5,0.1,0.5,New York,82.6,79,91,79.0,7.5,7.0,10,0.9,3.0,89.3,91.0,95.5,95.0,28.0,28.0,158.0,159.0,167,39.6,43
1.0,0.1,2.0,New York,82.6,79,91,79.0,7.7,7.0,11,0.7,3.0,89.9,91.0,99.1,97.5,28.0,28.0,196.8,196.0,216,42.5,46
0.5,0.25,2.0,Vermont,82.8,75,103,75.0,13.3,13.0,14,0.0,0.0,97.6,101.0,102.7,103.0,28.0,28.0,11.9,12.0,15,0.7,2
1.0,0.25,1.0,Arkansas,83.0,83,83,83.0,14.1,14.0,15,0.0,0.0,92.4,92.0,97.6,96.0,28.0,28.0,6.6,6.0,10,0.8,1
2.0,0.25,0.5,Virginia,83.0,79,97,79.0,30.2,30.0,33,0.0,0.0,96.0,97.0,103.7,104.0,72.8,100.0,23.3,23.5,27,6.1,8
0.5,0.01,1.0,Arizona,83.2,56,99,85.0,6.6,6.5,8,0.4,2.0,96.8,95.5,106.9,104.0,66.4,28.0,8.0,9.0,11,1.9,3
1.0,0.01,2.0,Arizona,83.3,56,99,83.5,7.6,8.0,9,0.5,2.0,97.5,98.0,115.2,106.0,66.3,28.0,11.8,12.5,15,2.3,4
0.5,0.25,2.0,New Jersey,83.5,76,91,83.5,8.6,9.0,9,0.0,0.0,98.6,102.5,107.8,107.0,129.7,139.0,1.9,2.0,5,0.0,0
1.0,0.05,0.5,Connecticut,83.5,65,104,79.5,4.7,4.5,6,0.0,0.0,108.6,104.0,142.6,124.5,137.9,116.0,3.8,3.5,6,1.3,2
0.5,0.05,0.5,New York,83.5,77,91,79.0,6.8,7.0,9,3.6,8.0,98.8,97.5,108.6,111.0,28.0,28.0,145.9,147.5,163,38.6,43
ALL,ALL,ALL,Oregon,83.55,68,185,68.0,11.433333333333334,12.0,16,0.005555555555555556,1.0,101.40277777777777,74.0,119.30277777777778,86.0,121.19607843137256,93.0,6.447222222222222,7.0,11,5.527777777777778,10
2.0,0.25,1.0,New Jersey,83.6,71,102,83.5,9.6,10.0,10,0.0,0.0,96.3,103.0,108.0,108.5,136.44444444444446,122.0,2.0,2.0,3,0.0,0
1.0,0.01,1.0,California,83.6,69,102,79.5,3.8,3.5,7,13.1,30.0,168.1,125.5,239.66666666666666,273.0,34.9,28.0,54.4,57.5,64,29.7,32
2.0,0.1,0.5,New York,83.6,79,91,82.0,8.4,8.5,11,0.9,3.0,90.4,91.0,96.1,94.0,28.0,28.0,187.5,187.5,202,41.6,46
2.0,0.1,0.5,Maryland,83.9,72,103,81.0,11.3,11.0,15,0.5,1.0,103.9,103.0,119.2,126.0,98.3,94.5,8.9,8.0,18,0.9,3
1.0,0.25,2.0,New Jersey,84.0,71,91,91.0,9.6,10.0,10,0.0,0.0,96.6,102.0,102.6,103.0,144.7,129.5,1.9,2.0,3,0.0,0
1.0,0.1,2.0,Maryland,84.0,62,120,81.0,10.4,11.0,13,0.3,1.0,95.5,88.0,117.2,128.5,94.3,87.0,12.0,13.5,15,1.9,4
0.5,0.25,1.0,Vermont,84.1,75,101,82.0,13.3,13.5,14,0.0,0.0,96.3,98.0,98.4,103.0,28.0,28.0,11.5,10.5,16,0.6,2
1.0,0.05,0.5,New York,84.1,79,91,80.5,7.5,7.0,10,2.7,7.0,99.2,95.0,107.1,111.0,28.0,28.0,183.8,184.5,194,40.5,43
0.5,0.01,0.5,North Dakota,84.2,69,88,88.0,4.7,4.5,7,0.0,0.0,121.6,129.0,139.4,141.0,193.0,182.0,0.75,1.0,1,0.2,1
2.0,0.25,1.0,Vermont,84.2,75,101,75.0,13.0,13.0,14,0.0,0.0,92.7,96.0,96.4,102.0,28.0,28.0,13.5,13.0,18,1.0,2
2.0,0.01,2.0,North Dakota,84.2,69,88,88.0,12.7,13.0,15,0.0,0.0,114.1,112.0,136.4,129.0,224.4,181.0,5.4,5.0,9,1.3,2
2.0,0.1,2.0,Tennessee,84.4,64,147,67.5,40.6,41.0,43,0.0,0.0,114.5,110.5,133.1,133.5,95.4,91.5,16.4,15.5,22,4.8,7
2.0,0.05,1.0,Connecticut,84.5,65,104,84.5,5.5,6.0,7,0.3,1.0,115.0,115.5,149.2,132.0,139.6,123.5,4.1,4.0,6,1.1,3
0.5,0.05,1.0,Alabama,84.6,52,96,96.0,5.2,5.0,8,0.0,0.0,107.5,106.0,155.3,123.0,129.0,129.0,1.0,1.0,1,0.0,0
0.5,0.25,0.5,Arkansas,84.8,83,96,83.0,9.1,9.0,11,0.0,0.0,92.9,92.0,98.5,96.0,28.0,28.0,5.8,6.0,7,0.0,0
1.0,0.25,0.5,Virginia,84.8,79,97,79.0,26.0,26.0,28,0.0,0.0,95.7,97.0,101.8,99.0,64.8,64.0,22.7,23.0,27,5.9,8
0.5,0.01,2.0,California,84.8,69,102,79.5,3.9,3.0,6,12.1,28.0,152.4,125.5,188.42857142857142,145.0,28.0,28.0,54.8,55.5,63,28.9,31
1.0,0.01,1.0,Missouri,84.9,82,111,82.0,41.2,42.0,47,0.0,0.0,112.0,109.5,119.4,121.0,139.0,138.0,4.3,3.5,8,3.8,7
1.0,0.25,1.0,Virginia,84.9,79,107,79.0,30.1,29.0,35,0.0,0.0,97.9,98.0,103.0,99.5,88.4,101.5,22.8,22.5,27,6.5,8
1.0,0.05,1.0,New York,85.0,79,91,85.0,8.4,8.5,12,4.3,15.0,97.3,91.0,101.9,101.5,28.0,28.0,196.0,195.5,213,41.2,46
0.5,0.25,1.0,Virginia,85.1,79,97,79.0,25.5,25.0,28,0.0,0.0,95.7,97.0,103.2,104.0,74.2,100.0,20.7,21.0,26,5.6,9
1.0,0.01,2.0,California,85.1,69,101,84.0,4.0,4.0,8,14.5,31.0,194.8,154.0,218.25,199.5,28.0,28.0,54.4,55.0,65,29.2,32
2.0,0.01,2.0,Missouri,85.4,66,132,82.0,50.5,51.0,54,0.0,0.0,113.1,121.0,123.7,125.0,161.7,135.0,5.6,5.0,12,4.8,8
0.5,0.01,2.0,Arizona,85.5,56,108,87.5,7.4,7.5,9,0.5,2.0,103.6,104.0,121.3,110.0,90.0,101.5,10.2,10.0,13,2.8,4
1.0,0.01,0.5,Pennsylvania,85.5,70,101,84.0,40.1,40.0,43,0.0,0.0,102.9,101.0,115.3,110.0,67.0,67.0,12.2,12.0,16,5.8,11
2.0,0.25,2.0,Arkansas,85.6,83,96,83.0,14.6,15.0,15,0.0,0.0,94.2,94.0,100.3,98.5,28.0,28.0,7.3,7.0,11,2.0,3
2.0,0.01,0.5,Arizona,85.8,80,98,85.0,7.9,8.0,10,0.0,0.0,92.0,92.0,103.5,98.0,92.5,94.5,9.9,10.5,13,1.9,3
0.5,0.25,2.0,Virginia,85.9,79,99,84.5,29.0,28.0,34,0.1,1.0,98.4,97.0,103.4,103.0,72.8,100.0,24.2,24.5,29,5.8,9
1.0,0.25,0.5,New Jersey,86.0,71,91,91.0,7.2,7.0,8,0.0,0.0,98.6,102.0,105.3,103.0,132.11111111111111,116.0,2.2222222222222223,2.0,4,0.0,0
1.0,0.01,0.5,North Dakota,86.1,69,88,88.0,7.5,8.0,9,0.0,0.0,115.4,115.0,132.8,130.0,251.88888888888889,234.0,2.0,1.0,5,0.6,2
1.0,0.25,2.0,Arkansas,86.2,83,96,83.0,15.0,15.0,16,0.0,0.0,93.7,94.0,98.4,96.5,28.0,28.0,7.2,6.5,10,1.5,2
0.5,0.05,1.0,New York,86.2,79,91,91.0,6.1,6.0,9,1.3,5.0,96.0,93.0,109.8,113.5,28.0,28.0,178.4,175.5,199,40.1,42
0.5,0.25,0.5,New Jersey,86.3,76,102,91.0,6.8,7.0,7,0.0,0.0,99.7,102.0,105.2,103.0,125.57142857142857,116.0,1.4285714285714286,1.0,2,0.0,0
0.5,0.1,2.0,Maryland,86.3,72,120,81.0,10.7,10.5,13,0.5,1.0,103.0,100.0,119.8,127.5,98.5,98.0,10.0,10.5,14,1.5,3
0.5,0.05,2.0,New York,86.4,79,91,91.0,8.2,8.0,11,4.8,9.0,103.3,111.0,111.0,111.0,28.0,28.0,192.4,190.5,211,41.4,44
2.0,0.05,0.5,New York,86.4,79,91,91.0,7.8,8.0,10,2.8,15.0,97.0,91.0,102.9,100.0,28.0,28.0,194.4,196.0,204,41.9,45
0.5,0.25,1.0,Arkansas,86.6,83,96,83.0,11.5,11.5,13,0.0,0.0,96.2,96.0,101.5,101.0,28.0,28.0,5.3,5.5,8,0.2,1
2.0,0.25,2.0,Virginia,86.6,79,108,79.0,32.4,33.0,36,0.0,0.0,98.6,97.0,102.2,99.0,84.1,100.0,24.7,24.5,30,9.6,11
1.0,0.05,1.0,Alabama,86.9,52,106,96.0,10.1,10.0,14,0.0,0.0,112.5,114.5,162.3,148.0,132.0,132.0,1.0,1.0,1,0.0,0
1.0,0.25,0.5,Vermont,86.9,75,101,89.0,13.1,13.5,14,0.0,0.0,95.7,99.0,100.0,102.0,28.0,28.0,11.7,12.0,15,0.9,2
0.5,0.01,0.5,Arizona,87.0,80,98,83.5,6.2,6.0,8,0.1,1.0,94.0,92.5,103.3,101.5,105.7,97.5,4.5,4.0,8,1.0,2
1.0,0.01,2.0,Illinois,87.0,70,91,91.0,42.4,42.5,46,0.0,0.0,101.4,103.5,109.0,106.0,126.6,117.5,10.9,10.0,18,4.3,6
1.0,0.01,0.5,Illinois,87.2,72,93,91.0,34.3,34.5,41,0.0,0.0,99.6,103.0,108.8,108.0,142.1,125.0,8.4,9.0,12,1.4,3
2.0,0.05,1.0,New York,87.2,79,91,90.5,8.2,8.5,12,2.0,10.0,97.1,92.0,104.7,108.5,28.0,28.0,196.2,197.5,218,41.9,46
1.0,0.05,2.0,New York,87.3,79,91,91.0,6.7,6.5,10,4.8,9.0,103.0,111.0,111.4,111.5,28.0,28.0,197.5,194.5,213,43.1,46
0.5,0.25,1.0,New Jersey,87.4,71,103,91.0,7.2,7.0,8,0.0,0.0,95.1,93.0,102.9,103.0,127.44444444444444,139.0,2.0,2.0,3,0.0,0
0.5,0.25,2.0,Arkansas,87.4,83,96,83.0,14.0,14.0,16,0.0,0.0,94.2,96.0,99.7,97.0,28.0,28.0,6.7,6.0,10,0.4,1
2.0,0.1,2.0,Maryland,87.4,81,116,81.0,11.5,12.0,13,0.6,1.0,109.6,113.5,122.6,128.5,96.1,91.0,10.1,10.5,14,1.2,2
1.0,0.01,0.5,Missouri,87.4,81,111,82.0,28.5,29.0,37,0.0,0.0,112.4,111.0,123.2,123.5,132.4,151.0,2.9,2.5,5,3.0,6
2.0,0.25,2.0,New Jersey,87.6,76,102,91.0,9.6,10.0,10,0.0,0.0,97.8,97.5,104.9,103.0,238.0,144.0,1.4444444444444444,1.0,2,0.0,0
2.0,0.01,1.0,California,87.6,79,108,84.5,3.5,4.0,4,14.9,26.0,161.2,150.0,236.5,249.5,33.5,28.0,50.6,51.0,59,29.2,32
2.0,0.25,0.5,Arkansas,87.8,83,96,83.0,13.6,13.0,15,0.0,0.0,97.2,96.0,105.2,101.0,28.0,28.0,6.1,6.0,10,1.9,2
0.5,0.05,0.5,Connecticut,87.9,65,138,84.5,4.5,5.0,6,0.1,1.0,113.2,104.0,128.5,116.0,154.7,147.5,2.8,3.0,6,0.9,2
1.0,0.01,1.0,Indiana,87.9,58,117,90.5,43.5,43.0,50,0.0,0.0,110.3,116.5,120.1,123.0,136.5,148.0,12.0,12.0,15,6.3,12
0.5,0.01,1.0,North Dakota,88.0,88,88,88.0,6.3,6.0,9,0.0,0.0,115.2,112.0,128.1,128.0,192.25,178.0,1.4444444444444444,1.0,3,0.4,1
1.0,0.25,1.0,Vermont,88.0,75,103,89.0,13.4,14.0,14,0.1,1.0,98.6,102.0,100.5,103.0,28.0,28.0,10.9,11.0,14,0.6,2
2.0,0.01,1.0,North Dakota,88.0,88,88,88.0,11.7,11.5,14,0.0,0.0,122.3,121.5,133.9,141.0,253.22222222222223,220.0,3.6,3.5,9,1.8,4
ALL,ALL,ALL,New York,88.1138888888889,69,157,79.0,8.313888888888888,8.0,18,2.3194444444444446,40.0,101.86111111111111,91.0,111.21727019498607,99.0,29.033333333333335,28.0,175.625,182.0,223,40.03055555555556,46
2.0,0.01,1.0,Arizona,88.2,56,108,88.5,7.8,8.0,10,0.4,3.0,99.9,101.0,108.5,108.0,43.3,28.0,10.9,11.0,13,2.6,5
0.5,0.01,2.0,Illinois,88.2,72,91,91.0,39.2,39.5,43,0.0,0.0,101.7,103.5,105.2,106.0,136.5,135.5,9.1,9.0,13,2.8,5
0.5,0.01,0.5,Indiana,88.2,58,132,86.5,28.2,28.0,33,0.0,0.0,116.9,117.0,131.3,132.5,161.9,168.0,5.6,5.0,10,3.0,6
1.0,0.25,1.0,New Jersey,88.3,71,103,91.0,8.4,8.0,9,0.0,0.0,98.1,103.0,107.1,108.5,137.2,141.0,2.2,2.0,4,0.0,0
2.0,0.25,1.0,Arkansas,88.3,83,96,85.5,15.1,15.0,16,0.0,0.0,96.3,96.0,101.5,101.0,28.0,28.0,7.1,7.5,9,1.8,2
0.5,0.01,2.0,Missouri,88.4,76,108,82.0,37.8,38.5,46,0.0,0.0,110.2,111.0,123.2,125.0,132.22222222222223,138.0,3.7,3.5,8,3.2,6
1.0,0.01,2.0,North Dakota,88.5,69,112,88.0,12.3,12.0,15,0.0,0.0,114.8,112.0,133.2,130.0,269.3,178.0,4.3,4.0,8,1.4,3
1.0,0.01,2.0,Utah,88.5,76,105,93.0,12.5,12.5,16,0.2,1.0,106.9,94.5,120.7,120.0,61.6,28.0,14.0,13.0,21,1.6,4
2.0,0.25,2.0,Vermont,88.7,75,101,92.0,12.7,13.0,14,0.0,0.0,98.6,97.0,100.4,99.5,28.0,28.0,13.8,14.0,18,1.3,3
2.0,0.01,2.0,Indiana,88.7,58,130,82.0,46.5,47.0,49,0.1,1.0,110.8,107.5,125.0,120.5,136.9,148.0,11.8,12.0,18,8.3,14
0.5,0.01,2.0,Washington,88.7,65,108,90.0,7.7,7.0,11,0.7,3.0,103.5,108.0,126.2,114.5,28.0,28.0,18.3,20.0,21,13.2,17
1.0,0.25,0.5,Arkansas,88.8,83,96,90.0,12.1,12.0,14,0.0,0.0,95.6,96.0,101.3,101.0,28.0,28.0,4.3,4.0,6,0.9,1
2.0,0.01,0.5,Missouri,88.8,82,121,82.0,44.2,44.5,53,0.0,0.0,112.7,114.5,120.9,125.0,92.8,120.5,6.9,6.5,10,4.5,8
0.5,0.05,2.0,Alabama,89.0,52,96,96.0,9.1,9.0,12,0.0,0.0,118.5,106.0,159.8,135.5,148.0,148.0,1.0,1.0,1,0.0,0
2.0,0.05,0.5,Connecticut,89.0,65,161,65.0,5.4,6.0,7,0.3,1.0,117.0,104.0,171.4,135.5,135.2,116.0,4.2,3.5,8,1.2,3
0.5,0.01,1.0,Illinois,89.0,72,93,91.0,34.1,34.0,38,0.0,0.0,100.1,101.0,107.6,108.0,121.4,117.5,8.3,8.5,12,1.7,2
2.0,0.25,0.5,Vermont,89.2,75,103,92.0,13.0,13.0,14,0.0,0.0,99.3,101.0,102.2,103.0,28.0,28.0,11.4,11.5,14,1.0,3
2.0,0.01,0.5,Pennsylvania,89.3,83,101,87.5,45.4,45.5,49,0.2,2.0,109.3,101.0,126.6,125.5,96.8,66.0,12.6,13.0,17,6.0,8
2.0,0.1,1.0,Virginia,89.4,79,108,79.0,27.5,28.0,30,0.0,0.0,105.5,104.0,111.3,108.0,80.4,101.5,18.8,19.5,22,8.1,9
1.0,0.05,2.0,Alabama,89.5,83,96,89.5,11.3,11.0,14,0.0,0.0,110.9,101.0,141.3,123.0,131.25,132.0,1.25,1.0,2,0.0,0
2.0,0.25,0.5,New Jersey,89.5,76,91,91.0,9.4,9.0,10,0.0,0.0,99.5,102.0,104.6,103.0,125.88888888888889,116.0,2.3333333333333335,2.0,4,0.0,0
0.5,0.1,0.5,Maryland,89.7,72,116,81.0,9.2,9.0,10,0.3,1.0,103.4,97.0,118.4,118.0,92.8,91.5,7.0,6.0,14,0.8,2
0.5,0.01,0.5,Pennsylvania,89.7,83,101,88.5,30.0,29.5,35,0.0,0.0,114.4,101.0,124.3,128.0,100.1,106.0,8.4,8.0,16,4.7,8
1.0,0.25,2.0,North Carolina,89.9,89,91,90.0,31.9,32.0,36,0.0,0.0,91.6,92.0,110.3,113.0,131.6,138.0,7.5,7.5,10,3.0,4
2.0,0.25,1.0,North Carolina,89.9,89,92,90.0,31.8,33.0,34,0.0,0.0,92.9,91.5,102.6,98.0,126.4,126.5,7.9,8.0,11,3.6,6
0.5,0.01,1.0,Missouri,90.0,76,121,82.0,23.7,23.0,30,0.0,0.0,116.7,119.0,126.1,125.0,146.1,116.0,2.9,3.0,5,1.4,3
0.5,0.25,0.5,North Carolina,90.0,89,92,90.0,14.9,14.0,17,0.0,0.0,95.9,91.5,105.2,98.0,128.0,126.5,4.5,3.0,8,1.5,4
0.5,0.25,1.0,North Carolina,90.0,89,92,90.0,22.1,22.0,26,0.0,0.0,97.7,92.0,110.6,104.0,127.9,130.0,5.5,5.5,9,1.6,3
2.0,0.25,0.5,North Carolina,90.0,89,92,90.0,29.4,29.5,32,0.0,0.0,94.6,91.5,107.5,107.5,139.8,138.0,6.9,6.5,11,4.0,6
1.0,0.25,0.5,North Carolina,90.1,89,92,90.0,24.6,24.5,27,0.0,0.0,92.6,92.0,109.1,116.0,132.6,138.0,5.0,4.5,8,1.3,3
2.0,0.25,2.0,North Carolina,90.1,89,92,90.0,33.6,34.0,36,0.0,0.0,95.8,92.0,108.5,106.5,126.0,123.5,9.1,9.0,13,3.4,5
2.0,0.05,2.0,New York,90.2,79,111,91.0,8.9,9.0,13,1.5,5.0,98.7,93.0,110.3,111.0,28.0,28.0,192.2,195.5,223,41.0,45
1.0,0.05,0.5,Alabama,90.3,52,96,96.0,6.7,6.5,9,0.0,0.0,122.4,123.0,154.9,148.0,148.0,148.0,1.0,1.0,1,0.0,0
1.0,0.01,0.5,Wyoming,90.4,65,131,88.0,6.4,6.0,8,0.0,0.0,122.0,124.5,138.0,141.0,137.3,146.0,1.7,1.5,3,0.2,1
0.5,0.25,2.0,North Carolina,90.5,89,92,90.0,28.8,29.0,31,0.0,0.0,97.1,92.0,110.9,111.0,126.0,124.0,6.8,6.5,11,2.9,5
1.0,0.01,1.0,Utah,90.6,83,94,94.0,10.1,10.5,13,0.1,1.0,110.8,108.0,133.9,132.5,73.8,28.0,10.9,9.0,19,2.5,4
2.0,0.01,2.0,Wyoming,90.7,65,129,88.0,9.0,9.0,10,0.0,0.0,128.4,130.0,140.2,141.0,145.11111111111111,146.0,2.888888888888889,3.0,5,0.6,2
1.0,0.25,1.0,North Carolina,90.7,89,92,90.0,28.7,28.5,30,0.0,0.0,104.2,92.0,122.3,123.0,133.9,138.0,5.1,4.5,7,3.0,5
1.0,0.05,2.0,Connecticut,90.8,65,138,84.5,5.6,5.5,7,0.2,1.0,115.9,108.0,137.4,124.5,147.9,131.0,4.7,5.0,6,1.1,2
1.0,0.1,1.0,North Carolina,90.8,89,92,90.5,27.3,27.0,30,0.0,0.0,104.4,98.0,125.0,123.0,131.1,127.0,5.4,5.5,9,3.0,5
0.5,0.1,2.0,Arkansas,91.1,83,110,87.5,12.3,12.5,14,0.0,0.0,108.1,110.0,122.2,128.0,84.6,28.0,4.0,4.0,6,0.3,1
0.5,0.1,2.0,Virginia,91.1,79,108,97.0,24.4,24.5,28,0.2,2.0,104.8,103.0,111.3,108.0,81.1,100.0,18.7,19.0,24,6.4,9
2.0,0.1,1.0,Vermont,91.2,75,106,89.0,12.4,12.0,14,0.0,0.0,104.2,105.0,108.8,108.5,28.0,28.0,9.9,10.0,14,1.5,3
2.0,0.1,1.0,North Carolina,91.2,90,92,92.0,28.4,29.0,31,0.0,0.0,109.6,118.0,134.3,130.5,165.6,159.0,5.9,6.0,9,4.0,6
2.0,0.01,0.5,Washington,91.2,78,108,91.5,8.2,8.0,11,0.6,4.0,103.4,102.0,121.3,112.5,28.0,28.0,17.7,17.0,27,12.9,15
ALL,ALL,ALL,Alabama,91.23463687150839,52,353,83.0,9.053072625698324,9.0,19,0.0,0.0,131.61823361823363,96.0,162.93432835820894,123.0,156.36,129.0,1.5085714285714287,1.0,4,0.0,0
1.0,0.25,2.0,Vermont,91.3,75,103,100.5,13.6,14.0,14,0.0,0.0,96.3,103.0,98.6,104.0,34.4,28.0,12.6,11.5,21,0.4,1
1.0,0.1,0.5,Arkansas,91.3,83,101,96.0,10.5,11.0,12,0.0,0.0,102.6,101.0,115.4,110.0,52.3,28.0,3.1,3.0,5,0.4,1
0.5,0.05,0.5,Tennessee,91.3,64,143,67.5,15.3,16.0,17,0.0,0.0,133.5,145.0,152.7,152.0,158.1,162.0,4.2,4.0,6,0.7,1
2.0,0.1,2.0,Arkansas,91.3,83,101,96.0,14.0,14.0,15,0.0,0.0,103.9,110.0,117.9,128.0,42.4,28.0,6.2,6.5,8,1.4,2
1.0,0.01,0.5,Utah,91.3,83,94,93.0,10.7,11.0,14,0.0,0.0,100.8,94.5,113.3,119.0,47.0,28.0,11.7,11.5,17,1.8,4
1.0,0.01,0.5,Washington,91.4,70,108,90.0,7.9,8.0,9,0.4,1.0,103.9,108.0,115.5,121.0,83.8,103.5,13.4,14.0,16,12.4,15
0.5,0.25,0.5,Vermont,91.6,75,98,92.0,13.3,14.0,14,0.0,0.0,99.5,99.5,101.8,103.0,28.0,28.0,10.8,11.5,14,0.7,2
2.0,0.25,2.0,Georgia,91.6,90,92,92.0,54.2,53.5,58,0.0,0.0,98.3,100.0,100.7,100.0,28.0,28.0,12.4,13.0,16,14.4,16
2.0,0.01,2.0,Ohio,91.6,76,139,82.0,47.4,47.0,52,0.2,1.0,111.7,116.5,123.8,126.0,110.3,126.5,20.7,21.0,26,16.5,21
1.0,0.25,0.5,Georgia,91.8,90,92,92.0,48.2,48.0,52,0.0,0.0,97.0,100.0,100.9,100.0,28.0,28.0,9.1,9.0,11,11.6,16
1.0,0.25,1.0,Georgia,91.8,90,92,92.0,50.8,51.0,54,0.0,0.0,95.8,95.0,99.6,100.0,28.0,28.0,10.1,10.0,14,12.3,14
1.0,0.25,2.0,Georgia,91.8,90,92,92.0,53.1,53.0,56,0.0,0.0,95.7,96.0,99.9,100.0,28.0,28.0,9.8,10.0,15,14.9,17
2.0,0.01,1.0,Illinois,91.9,72,104,91.0,44.2,44.5,49,0.0,0.0,102.5,103.5,111.9,111.5,139.4,120.5,10.6,11.5,13,3.9,6
1.0,0.01,0.5,Indiana,91.9,58,130,89.0,38.1,37.5,44,0.0,0.0,111.7,115.0,118.8,121.5,168.3,168.0,10.5,10.5,13,5.6,8
0.5,0.25,1.0,Delaware,92.0,92,92,92.0,1.9,2.0,2,0.0,0.0,242.66666666666666,276.0,,,,,0.0,0.0,0,0.0,0
1.0,0.25,0.5,Delaware,92.0,92,92,92.0,2.0,2.0,2,0.0,0.0,276.0,276.0,,,,,0.0,0.0,0,0.0,0
1.0,0.25,2.0,Delaware,92.0,92,92,92.0,2.6,3.0,3,0.0,0.0,246.0,276.0,405.0,394.0,177.0,177.0,1.0,1.0,1,0.0,0
2.0,0.25,1.0,Delaware,92.0,92,92,92.0,2.5,2.5,3,0.0,0.0,246.0,276.0,421.0,445.0,,,0.0,0.0,0,0.0,0
0.5,0.25,2.0,Delaware,92.0,92,92,92.0,2.1,2.0,3,0.0,0.0,256.0,276.0,445.0,445.0,566.0,566.0,1.0,1.0,1,0.0,0
0.5,0.25,0.5,Delaware,92.0,92,92,92.0,1.4,1.0,2,0.0,0.0,176.0,176.0,,,,,0.0,0.0,0,0.0,0
1.0,0.25,1.0,Delaware,92.0,92,92,92.0,2.2,2.0,3,0.0,0.0,256.0,276.0,445.0,445.0,,,0.0,0.0,0,0.0,0
2.0,0.25,2.0,Delaware,92.0,92,92,92.0,2.3,2.0,3,0.0,0.0,226.0,226.0,399.0,376.0,,,0.0,0.0,0,0.0,0
2.0,0.05,0.5,Delaware,92.0,92,92,92.0,2.0,2.0,3,0.0,0.0,319.14285714285717,276.0,405.3333333333333,394.0,171.4,177.0,1.2,1.0,2,0.0,0
2.0,0.25,0.5,Delaware,92.0,92,92,92.0,2.2,2.0,3,0.0,0.0,246.0,276.0,410.5,410.5,,,0.0,0.0,0,0.0,0
2.0,0.1,1.0,Delaware,92.0,92,92,92.0,2.3,2.0,3,0.0,0.0,287.22222222222223,276.0,402.25,394.0,150.0,150.0,1.0,1.0,1,0.0,0
1.0,0.1,0.5,Delaware,92.0,92,92,92.0,1.9,2.0,2,0.0,0.0,298.77777777777777,377.0,,,123.0,123.0,1.0,1.0,1,0.0,0
0.5,0.1,1.0,Delaware,92.0,92,92,92.0,2.0,2.0,2,0.0,0.0,266.0,276.0,,,159.0,177.0,1.0,1.0,1,0.0,0
1.0,0.1,2.0,Delaware,92.0,92,92,92.0,2.5,2.5,3,0.0,0.0,276.1,276.0,403.6,376.0,177.0,177.0,1.0,1.0,1,0.0,0
2.0,0.1,0.5,Delaware,92.0,92,92,92.0,2.0,2.0,3,0.0,0.0,263.5,276.0,394.0,394.0,141.0,123.0,1.0,1.0,1,0.0,0
0.5,0.1,2.0,Delaware,92.0,92,92,92.0,2.1,2.0,3,0.0,0.0,266.1,276.0,445.0,445.0,247.25,150.0,1.0,1.0,1,0.0,0
1.0,0.1,1.0,Delaware,92.0,92,92,92.0,1.8,2.0,3,0.0,0.0,276.2857142857143,276.0,445.0,445.0,144.6,123.0,1.4,1.0,2,0.0,0
0.5,0.1,0.5,Delaware,92.0,92,92,92.0,1.0,1.0,1,,,,,,,123.0,123.0,1.3333333333333333,1.0,2,0.0,0
0.5,0.05,2.0,Connecticut,92.0,65,116,104.0,5.4,5.0,7,0.0,0.0,113.0,116.0,132.9,138.0,149.2,148.0,3.9,4.0,7,0.9,3
0.5,0.01,2.0,North Dakota,92.0,88,128,88.0,9.3,9.0,12,0.0,0.0,122.8,121.5,141.3,143.5,280.9,220.0,2.7,2.5,5,1.0,2
2.0,0.25,2.0,Massachusetts,92.0,92,92,92.0,6.6,6.5,8,0.0,0.0,104.0,104.0,112.9,114.0,145.3,118.0,5.5,5.5,7,1.4,2
1.0,0.1,0.5,Vermont,92.0,75,112,99.5,12.2,12.0,14,0.0,0.0,105.8,105.0,109.7,110.0,37.0,28.0,8.3,8.5,10,1.4,3
0.5,0.25,1.0,Georgia,92.0,92,92,92.0,48.7,49.0,53,0.0,0.0,98.6,100.0,100.7,100.5,28.0,28.0,7.0,7.0,9,11.0,15
2.0,0.25,0.5,Georgia,92.0,92,92,92.0,52.1,52.0,54,0.0,0.0,98.3,100.0,101.0,100.0,28.0,28.0,9.7,9.5,13,13.1,16
2.0,0.05,0.5,Alabama,92.1,83,96,96.0,10.8,10.5,13,0.0,0.0,123.9,123.0,166.1,150.5,132.0,132.0,1.0,1.0,1,0.0,0
2.0,0.01,1.0,Utah,92.2,77,94,94.0,11.8,12.0,13,0.0,0.0,114.0,120.0,127.9,130.0,51.4,28.0,11.2,10.0,17,2.0,3
0.5,0.01,2.0,Utah,92.2,83,101,93.5,9.8,10.0,11,0.0,0.0,103.5,103.0,122.0,122.0,84.9,99.5,12.7,12.0,21,2.2,4
1.0,0.01,1.0,Illinois,92.2,91,103,91.0,40.5,41.5,43,0.0,0.0,100.0,100.5,108.9,106.0,157.9,143.0,8.4,7.5,15,4.0,7
1.0,0.01,2.0,Missouri,92.2,82,121,82.0,49.6,50.5,54,0.0,0.0,114.9,116.0,119.0,116.0,110.1,116.0,6.3,6.0,11,5.9,8
0.5,0.01,1.0,Washington,92.2,70,108,93.0,8.3,8.5,11,0.2,2.0,99.2,96.0,108.4,108.0,91.8,109.0,10.3,9.5,15,11.2,14
2.0,0.1,1.0,Arkansas,92.4,83,110,92.0,13.6,13.0,15,0.0,0.0,103.6,101.0,113.6,110.0,104.3,28.0,5.6,5.5,10,1.3,2
2.0,0.01,0.5,Utah,92.4,77,120,93.0,12.1,12.5,14,0.0,0.0,105.9,97.5,121.9,119.5,63.5,28.0,13.2,13.5,20,2.2,4
2.0,0.25,1.0,Georgia,92.4,90,98,92.0,53.3,53.0,56,0.0,0.0,96.2,96.0,100.4,100.0,28.0,28.0,10.3,10.0,14,14.8,20
0.5,0.01,1.0,Pennsylvania,92.5,70,128,92.0,38.8,39.5,44,0.1,1.0,107.7,105.0,130.1,126.5,101.0,106.0,11.6,11.0,15,5.2,9
0.5,0.25,1.0,Massachusetts,92.7,92,99,92.0,7.0,7.0,8,0.0,0.0,104.0,104.0,115.1,114.0,151.4,138.0,1.8,1.5,3,0.8,1
0.5,0.25,2.0,Georgia,92.8,92,100,92.0,50.3,50.0,54,0.0,0.0,97.0,98.0,99.8,100.0,28.0,28.0,8.1,8.0,11,12.3,15
0.5,0.1,0.5,North Carolina,92.9,90,109,92.0,13.7,13.5,17,0.0,0.0,108.7,113.5,138.9,138.0,138.2,138.0,3.3,3.0,6,0.9,3
2.0,0.1,0.5,Arkansas,92.9,83,110,90.0,12.8,13.0,14,0.0,0.0,106.6,103.0,118.9,128.0,88.0,28.0,4.6,4.5,6,1.4,2
2.0,0.05,0.5,Georgia,92.9,92,101,92.0,49.7,49.5,53,0.0,0.0,100.2,100.5,104.6,106.0,81.4,68.5,6.8,7.5,10,8.7,11
0.5,0.25,0.5,Georgia,92.9,92,101,92.0,39.6,40.5,42,0.0,0.0,99.0,100.0,101.8,101.0,58.3,28.0,5.5,6.0,7,10.6,13
1.0,0.01,2.0,Washington,92.9,65,108,93.0,8.7,9.0,10,0.1,1.0,103.9,108.0,118.4,114.5,37.9,28.0,17.6,17.5,21,13.8,17
2.0,0.1,1.0,Georgia,93.0,92,100,92.0,53.6,54.0,56,0.0,0.0,99.0,100.0,102.4,101.5,46.4,28.0,9.7,10.0,12,12.2,15
2.0,0.25,0.5,Massachusetts,93.2,92,104,92.0,6.9,7.0,8,0.0,0.0,106.0,104.0,115.6,114.0,153.3,138.0,5.1,5.0,6,1.1,2
2.0,0.25,1.0,Massachusetts,93.2,92,104,92.0,6.8,7.0,8,0.0,0.0,105.3,104.0,114.7,114.0,162.5,163.5,4.9,5.0,7,1.2,2
2.0,0.05,2.0,Alabama,93.4,83,96,96.0,11.9,12.0,14,0.0,0.0,123.2,114.5,172.5,205.0,132.0,132.0,1.0,1.0,1,0.0,0
2.0,0.01,1.0,Wyoming,93.4,65,115,97.0,9.3,9.0,12,0.0,0.0,116.1,115.0,134.4,139.5,141.7,146.0,2.9,2.5,5,0.3,1
2.0,0.1,2.0,Georgia,93.4,90,100,92.0,55.1,55.0,57,0.0,0.0,99.7,100.5,104.1,105.5,46.0,28.0,11.2,11.5,15,10.9,13
2.0,0.05,2.0,Georgia,93.5,92,101,92.0,54.5,55.0,58,0.0,0.0,100.9,101.0,104.2,106.0,37.2,28.0,9.7,10.0,13,8.8,14
0.5,0.01,0.5,Illinois,93.6,86,107,91.0,27.6,27.5,30,0.0,0.0,102.8,104.0,108.8,109.0,122.9,117.5,5.7,5.0,9,1.2,5
2.0,0.01,1.0,Missouri,93.6,82,114,82.0,47.7,48.0,55,0.0,0.0,110.1,109.5,123.6,125.5,122.8,127.0,4.6,5.0,7,4.5,8
0.5,0.01,0.5,Washington,93.6,65,108,91.5,6.5,7.0,8,0.2,1.0,104.8,108.0,124.4,117.5,58.3,28.0,8.4,8.5,13,11.6,14
1.0,0.01,2.0,Pennsylvania,93.7,72,129,92.0,44.7,44.5,49,0.0,0.0,116.3,106.5,128.6,122.0,127.1,126.0,12.2,11.5,16,6.4,10
0.5,0.1,0.5,Georgia,93.7,92,101,92.0,34.9,34.0,39,0.0,0.0,101.0,101.0,104.5,105.5,118.0,120.0,3.6,3.0,8,9.1,11
2.0,0.1,0.5,Georgia,93.7,92,101,92.0,50.3,50.0,55,0.0,0.0,100.0,101.0,103.3,103.5,37.6,28.0,8.2,8.0,11,11.4,14
0.5,0.1,1.0,Georgia,93.8,92,101,92.0,44.7,43.5,50,0.0,0.0,100.8,101.0,104.3,105.5,37.2,28.0,7.4,7.0,10,9.5,10
2.0,0.01,1.0,Ohio,94.0,76,132,82.0,50.0,50.0,56,0.4,1.0,118.9,118.0,130.9,135.0,123.2,133.5,22.5,22.0,30,14.4,21
1.0,0.1,0.5,North Carolina,94.2,90,123,91.5,22.1,22.0,24,0.0,0.0,106.9,98.0,131.5,123.0,140.5,138.0,4.0,4.0,6,2.0,4
2.0,0.1,2.0,North Carolina,94.2,89,123,92.0,29.2,30.0,32,0.0,0.0,118.3,116.0,134.7,130.5,174.4,146.0,7.5,7.5,10,3.5,6
1.0,0.1,0.5,Georgia,94.2,92,100,92.0,46.0,46.0,48,0.0,0.0,100.0,100.5,102.7,102.0,45.4,28.0,7.3,7.5,11,10.4,12
2.0,0.01,2.0,Washington,94.2,78,108,93.0,7.7,8.0,9,1.2,8.0,111.9,108.0,126.9,121.0,35.6,28.0,17.1,17.5,20,14.3,17
1.0,0.1,1.0,Georgia,94.3,90,101,92.0,49.6,49.0,54,0.0,0.0,100.5,101.0,103.1,102.0,28.0,28.0,6.7,6.5,10,10.1,13
0.5,0.25,0.5,Massachusetts,94.4,92,104,92.0,6.8,7.0,8,0.0,0.0,105.6,104.0,113.7,114.0,128.0,128.0,1.6666666666666667,1.5,3,0.1,1
1.0,0.1,2.0,New Jersey,94.4,76,103,92.0,8.7,9.0,10,0.0,0.0,104.2,103.0,115.9,120.0,123.22222222222223,112.0,2.5555555555555554,2.0,5,0.1,1
0.5,0.25,2.0,Massachusetts,94.4,92,104,92.0,6.8,7.0,8,0.0,0.0,105.3,104.0,114.1,114.0,154.3,138.0,3.3,3.5,4,1.0,2
1.0,0.25,0.5,Massachusetts,94.4,92,104,92.0,6.4,6.5,8,0.0,0.0,106.6,104.0,116.5,114.0,161.4,138.0,3.4,3.5,4,1.1,2
1.0,0.25,2.0,Massachusetts,94.4,92,104,92.0,6.8,7.0,7,0.0,0.0,105.2,104.0,114.7,114.0,160.4,138.0,4.9,5.0,6,1.2,2
1.0,0.1,2.0,North Carolina,94.4,90,123,92.0,28.4,28.5,32,0.0,0.0,119.3,123.0,140.2,147.0,138.2,138.0,6.9,6.5,12,3.6,6
1.0,0.01,1.0,Pennsylvania,94.4,74,112,95.0,45.0,45.5,49,0.1,1.0,109.1,109.0,117.2,116.0,106.8,106.0,14.6,15.5,18,5.7,10
0.5,0.05,0.5,Georgia,94.5,92,101,92.0,30.3,30.0,35,0.0,0.0,101.4,101.0,105.1,106.0,117.1,120.0,2.8,3.0,4,4.9,8
0.5,0.01,1.0,Wyoming,94.6,65,120,92.5,7.0,7.5,9,0.0,0.0,121.7,122.0,132.3,134.5,126.0,110.0,1.8,2.0,4,0.3,1
1.0,0.1,1.0,Arkansas,94.6,83,110,96.0,13.0,13.0,15,0.0,0.0,104.5,99.0,112.3,110.0,77.7,28.0,4.8,5.0,7,0.8,2
0.5,0.1,2.0,Georgia,94.6,92,101,92.0,47.7,48.0,49,0.0,0.0,100.5,100.0,103.8,105.5,28.0,28.0,6.1,6.0,10,10.8,14
1.0,0.1,2.0,Georgia,94.6,92,101,92.0,53.6,53.0,58,0.0,0.0,100.9,101.0,104.6,106.0,37.3,28.0,8.6,8.5,12,12.6,15
2.0,0.01,1.0,Washington,94.6,84,108,90.0,8.5,9.0,11,0.4,2.0,105.2,102.0,116.4,108.0,47.2,28.0,18.4,18.0,25,13.1,16
1.0,0.05,1.0,Connecticut,94.7,65,116,104.0,5.4,5.0,7,0.0,0.0,116.5,115.5,136.8,135.5,163.6,165.0,3.3,3.0,6,1.1,2
0.5,0.01,0.5,Wyoming,94.8,88,115,92.5,4.7,5.0,7,0.0,0.0,123.2,120.0,133.22222222222223,131.0,128.0,128.0,1.0,1.0,1,0.1,1
1.0,0.05,2.0,Arkansas,95.0,83,110,96.0,12.8,12.5,15,0.0,0.0,107.2,101.0,120.1,119.0,102.1,77.5,6.1,7.0,10,1.3,4
2.0,0.01,2.0,Illinois,95.0,90,126,91.0,41.8,41.5,48,0.0,0.0,101.0,97.5,108.4,106.0,138.9,125.5,9.2,9.0,13,5.0,9
2.0,0.25,0.5,Montana,95.2,94,106,94.0,19.8,20.0,21,0.0,0.0,106.8,106.0,114.3,114.0,226.5,216.0,1.1,1.0,3,1.6,2
2.0,0.01,1.0,Indiana,95.2,58,131,95.0,49.5,50.0,52,0.0,0.0,118.7,123.5,126.9,132.0,112.8,158.5,13.2,14.0,16,5.1,8
ALL,ALL,ALL,Connecticut,95.43611111111112,65,284,65.0,5.463888888888889,6.0,7,0.21666666666666667,2.0,127.73055555555555,104.0,154.29608938547486,116.0,154.50712250712252,116.0,3.8290598290598292,4.0,8,0.6777777777777778,3
1.0,0.1,1.0,New Jersey,95.6,76,106,102.5,7.5,7.0,9,0.0,0.0,103.7,104.5,112.9,115.5,134.55555555555554,116.0,1.8888888888888888,2.0,3,0.0,0
1.0,0.25,1.0,Massachusetts,95.6,92,104,92.0,6.8,7.0,8,0.0,0.0,106.6,104.0,114.4,114.0,143.3,128.0,4.7,5.0,6,1.2,2
0.5,0.1,0.5,Virginia,95.6,79,119,99.0,14.6,15.0,17,0.0,0.0,109.3,108.0,116.9,116.5,86.1,104.0,15.0,16.5,23,4.2,6
0.5,0.01,0.5,Missouri,95.9,78,182,82.0,15.1,15.0,22,0.0,0.0,110.0,104.0,126.5,121.0,98.42857142857143,116.0,1.5,1.5,3,0.1,1
1.0,0.05,1.0,Arkansas,95.9,83,110,96.0,11.8,11.0,14,0.0,0.0,107.2,101.0,121.0,119.0,67.9,28.0,5.2,4.5,9,0.7,2
0.5,0.1,1.0,Arkansas,96.1,83,110,96.0,10.1,10.0,12,0.0,0.0,107.2,110.0,119.5,128.0,76.44444444444444,28.0,2.6,3.0,6,0.7,1
ALL,ALL,ALL,Georgia,96.24722222222222,90,150,92.0,43.68055555555556,47.0,60,0.0,0.0,106.24444444444444,101.0,113.35,106.0,78.68079096045197,28.0,6.275280898876405,6.0,16,8.127777777777778,20
1.0,0.1,1.0,Virginia,96.3,79,108,99.0,25.0,25.5,28,0.0,0.0,104.9,107.5,110.9,111.5,75.9,100.0,20.9,19.5,28,6.1,10
0.5,0.01,2.0,Indiana,96.4,58,130,104.5,42.4,41.5,48,0.1,1.0,113.9,117.0,124.4,126.5,122.1,146.0,13.2,14.0,20,6.2,9
2.0,0.1,2.0,New Jersey,96.5,76,103,102.0,8.3,8.5,9,0.0,0.0,103.2,103.0,113.7,115.5,122.0,116.0,2.7,3.0,4,0.0,0
0.5,0.01,1.0,Utah,96.5,83,130,93.5,8.9,9.0,11,0.1,1.0,110.8,106.5,125.5,121.5,75.7,72.0,8.6,8.0,16,2.4,3
0.5,0.05,1.0,Georgia,96.5,92,101,96.5,40.2,40.5,44,0.0,0.0,103.5,103.5,106.0,106.0,81.4,74.0,3.3,3.5,5,5.7,8
2.0,0.01,0.5,Illinois,96.7,90,110,91.0,42.0,43.0,44,0.1,1.0,103.9,106.0,111.2,112.5,128.2,120.5,9.4,10.5,15,3.5,5
2.0,0.01,0.5,Indiana,96.8,58,130,98.5,44.2,43.0,51,0.0,0.0,122.6,122.0,131.1,131.0,138.5,162.0,15.5,15.5,22,8.1,12
1.0,0.01,2.0,Ohio,96.8,76,115,94.0,48.2,48.5,51,0.1,1.0,113.4,115.0,126.9,126.0,100.7,126.5,23.7,22.5,33,15.7,18
0.5,0.1,2.0,New Jersey,96.9,91,103,97.5,7.5,8.0,9,0.0,0.0,103.5,103.0,110.9,108.5,124.55555555555556,116.0,2.2222222222222223,2.0,5,0.0,0
0.5,0.1,1.0,New Jersey,97.0,91,103,97.0,6.0,6.0,7,0.0,0.0,103.7,104.5,114.8,120.0,131.4,127.5,2.1,1.5,4,0.1,1
1.0,0.1,0.5,Virginia,97.0,79,108,98.0,21.0,21.0,23,0.1,1.0,107.9,107.0,114.3,111.5,82.0,100.0,19.1,18.5,26,6.5,8
2.0,0.1,2.0,Virginia,97.0,79,118,98.0,28.0,28.0,31,0.0,0.0,108.0,108.0,119.3,115.0,103.7,108.0,19.1,19.5,25,7.5,12
1.0,0.1,2.0,Arkansas,97.1,83,110,96.0,13.8,14.0,15,0.0,0.0,107.1,101.0,116.4,110.0,123.4,172.0,4.9,5.0,7,1.2,3
2.0,0.1,0.5,North Carolina,97.2,89,123,91.5,27.0,27.5,31,0.0,0.0,107.9,98.0,124.0,123.0,131.5,132.0,8.3,9.0,12,3.7,5
2.0,0.01,1.0,Pennsylvania,97.2,85,129,92.0,45.4,44.5,50,0.1,1.0,110.4,102.5,123.1,125.5,117.5,124.0,15.5,16.5,20,6.4,10
1.0,0.1,1.0,Tennessee,97.3,64,120,118.0,38.7,38.5,45,0.0,0.0,136.8,143.0,145.8,149.5,110.4,132.0,12.4,11.5,16,3.7,5
1.0,0.05,2.0,Georgia,97.4,92,101,101.0,52.6,53.0,55,0.0,0.0,103.9,106.0,106.1,106.0,77.4,74.0,6.6,6.0,11,9.2,12
0.5,0.01,0.5,Utah,97.6,83,130,93.0,6.2,6.0,7,0.0,0.0,108.1,95.0,124.8,119.0,91.5,92.5,7.0,7.5,12,1.4,3
0.5,0.1,1.0,North Carolina,97.7,89,123,92.0,19.3,19.0,24,0.0,0.0,128.4,123.0,150.1,158.0,143.9,138.0,4.1,4.0,6,0.9,2
1.0,0.1,0.5,Tennessee,97.7,64,118,106.0,32.9,33.0,36,0.0,0.0,123.8,119.0,141.0,143.0,126.3,143.0,11.1,11.0,18,2.4,4
2.0,0.1,1.0,New Jersey,97.8,76,103,103.0,8.3,8.0,9,0.0,0.0,104.8,106.0,119.7,120.0,125.2,116.0,1.8,2.0,4,0.0,0
1.0,0.1,0.5,New Jersey,98.0,76,103,103.0,6.5,6.5,8,0.0,0.0,103.8,106.0,116.6,120.0,116.1,112.0,3.1,3.0,5,0.0,0
2.0,0.1,0.5,Virginia,98.0,79,108,107.0,25.2,25.0,30,0.0,0.0,111.0,108.0,119.8,116.5,121.0,127.0,18.5,19.0,21,6.4,11
1.0,0.05,1.0,Georgia,98.0,92,101,100.0,46.4,47.5,50,0.0,0.0,103.8,106.0,107.6,106.0,55.7,28.0,3.7,3.0,7,7.1,11
0.5,0.05,2.0,Georgia,98.1,92,101,100.5,45.7,46.5,49,0.0,0.0,103.9,106.0,105.1,106.0,86.9,120.0,4.3,4.0,7,7.8,11
0.5,0.1,0.5,Arkansas,98.2,92,110,96.0,7.2,7.0,9,0.0,0.0,106.8,101.0,117.4,110.0,105.1,143.5,3.7,4.0,5,0.0,0
1.0,0.1,0.5,Massachusetts,98.3,92,124,92.0,5.9,6.0,7,0.0,0.0,110.7,104.0,123.2,124.0,166.4,138.0,2.5,2.5,4,1.1,2
2.0,0.01,0.5,North Dakota,98.7,69,146,88.0,10.0,10.0,12,0.0,0.0,130.3,135.5,138.9,143.5,388.2,372.0,2.4,1.5,6,0.7,3
2.0,0.1,2.0,Massachusetts,98.7,92,111,98.0,7.0,7.0,8,0.0,0.0,111.2,109.0,122.4,124.0,178.7,189.0,4.4,4.0,7,0.7,2
1.0,0.25,1.0,Montana,98.8,94,106,94.0,19.7,19.5,21,0.0,0.0,109.2,106.0,115.5,115.5,232.42857142857142,238.0,1.1,1.0,4,1.2,2
2.0,0.05,1.0,Georgia,98.8,92,101,100.0,54.8,55.0,60,0.0,0.0,104.3,106.0,107.4,106.0,81.9,74.0,7.9,7.0,12,7.0,11
1.0,0.05,0.5,Georgia,98.9,92,101,100.5,41.9,41.5,47,0.0,0.0,105.0,106.0,108.7,106.0,64.8,28.0,5.2,5.0,8,6.4,9
0.5,0.05,1.0,Arkansas,99.0,83,110,96.0,8.6,8.0,10,0.0,0.0,111.7,110.0,124.1,128.0,82.25,28.0,2.75,2.0,5,0.1,1
2.0,0.01,1.0,Florida,99.2,75,143,99.0,9.7,9.5,11,0.0,0.0,116.7,120.0,139.3,135.0,71.7,28.0,35.0,36.0,42,24.3,26
2.0,0.1,0.5,New Jersey,99.3,76,103,103.0,8.6,8.5,10,0.0,0.0,104.4,106.0,115.1,120.0,133.77777777777777,116.0,2.0,2.0,3,0.0,0
0.5,0.01,1.0,Indiana,99.4,62,130,101.0,33.5,33.0,39,0.1,1.0,114.8,112.0,127.4,128.0,160.2,159.0,9.2,9.0,14,6.2,9
0.5,0.05,0.5,Arkansas,99.5,83,128,96.0,6.7,7.0,8,0.0,0.0,114.1,110.0,127.4,128.0,99.4,114.0,3.2,3.0,6,0.0,0
0.5,0.05,1.0,Maryland,99.5,81,120,92.0,10.4,10.5,12,0.2,1.0,116.3,120.0,132.6,140.0,126.3,139.0,5.3,4.0,14,0.5,2
0.5,0.05,1.0,Connecticut,99.5,65,125,104.0,4.6,5.0,6,0.2,2.0,131.9,124.5,140.375,138.0,160.1,156.5,3.8,4.0,7,1.0,3
0.5,0.1,0.5,New Jersey,99.6,91,103,103.0,5.9,6.0,7,0.0,0.0,104.1,106.0,116.0,120.0,125.0,127.5,2.0,1.5,5,0.0,0
1.0,0.05,0.5,Maryland,99.6,81,120,102.0,10.5,11.0,11,0.3,1.0,119.3,120.0,130.9,131.5,114.9,114.0,5.8,6.0,8,0.3,1
0.5,0.1,2.0,North Carolina,99.6,89,150,90.5,27.1,27.0,30,0.0,0.0,115.0,107.5,138.5,140.5,136.1,138.0,5.2,5.5,9,2.9,4
1.0,0.1,2.0,Virginia,99.6,79,108,104.0,25.8,25.0,29,0.0,0.0,110.9,108.0,117.9,119.5,105.0,120.5,18.0,18.0,25,7.7,9
1.0,0.01,1.0,Washington,99.6,90,111,96.0,9.1,9.0,12,0.2,1.0,108.4,108.0,119.4,121.0,45.7,28.0,16.0,15.0,22,12.6,14
2.0,0.25,2.0,Mississippi,99.8,99,100,100.0,15.2,15.0,16,0.0,0.0,104.6,105.0,108.9,109.0,,,0.0,0.0,0,0.2,1
2.0,0.01,0.5,Wyoming,99.8,88,120,97.0,9.2,9.0,11,0.0,0.0,124.3,124.5,136.5,138.0,138.8,146.0,3.6,3.0,6,0.4,1
1.0,0.25,0.5,Mississippi,99.9,99,100,100.0,11.4,11.0,14,0.0,0.0,104.8,105.0,107.5,107.5,,,0.0,0.0,0,0.0,0
1.0,0.25,1.0,Mississippi,99.9,99,100,100.0,14.4,15.0,15,0.0,0.0,105.0,105.0,113.5,109.0,,,0.0,0.0,0,0.0,0
1.0,0.1,1.0,Mississippi,99.9,99,100,100.0,12.7,13.0,14,0.0,0.0,112.2,105.5,127.7,109.0,386.0,386.0,1.0,1.0,1,0.0,0
2.0,0.25,1.0,Mississippi,99.9,99,100,100.0,15.0,15.0,16,0.0,0.0,104.9,105.0,107.8,109.0,,,0.0,0.0,0,0.1,1
2.0,0.1,2.0,Mississippi,99.9,99,100,100.0,14.7,15.0,15,0.0,0.0,111.7,109.0,139.5,141.0,,,0.0,0.0,0,0.1,1
1.0,0.25,2.0,Mississippi,99.9,99,100,100.0,15.1,15.0,16,0.0,0.0,104.6,105.0,106.5,106.0,,,0.0,0.0,0,0.2,1
0.5,0.25,1.0,Mississippi,100.0,100,100,100.0,8.8,9.0,10,0.0,0.0,105.3,105.0,108.4,109.0,,,0.0,0.0,0,0.0,0
0.5,0.05,1.0,New Jersey,100.0,91,106,103.0,6.0,6.0,7,0.0,0.0,110.2,106.0,124.6,120.0,122.0,116.0,2.111111111111111,2.0,3,0.0,0
0.5,0.25,2.0,Mississippi,100.0,100,100,100.0,13.3,13.0,15,0.0,0.0,105.5,105.0,109.0,109.0,,,0.0,0.0,0,0.0,0
1.0,0.05,1.0,New Jersey,100.0,91,106,103.0,6.8,7.0,8,0.0,0.0,111.2,106.0,124.6,120.0,130.5,127.0,2.1,2.0,4,0.0,0
0.5,0.25,0.5,Mississippi,100.0,100,100,100.0,6.6,7.0,8,0.0,0.0,106.2,106.0,121.5,109.0,,,0.0,0.0,0,0.0,0
2.0,0.25,0.5,Mississippi,100.0,100,100,100.0,14.6,14.5,16,0.0,0.0,105.0,105.0,106.9,106.0,,,0.0,0.0,0,0.0,0
1.0,0.1,0.5,Mississippi,100.0,100,100,100.0,9.2,9.0,11,0.0,0.0,114.4,109.0,162.4,180.0,,,0.0,0.0,0,0.0,0
0.5,0.1,0.5,Mississippi,100.0,100,100,100.0,4.6,4.5,7,0.0,0.0,113.0,105.5,144.8,109.0,,,0.0,0.0,0,0.0,0
1.0,0.1,2.0,Mississippi,100.0,100,100,100.0,13.9,14.0,15,0.0,0.0,106.6,105.0,125.9,109.0,,,0.0,0.0,0,0.1,1
1.0,0.25,2.0,Montana,100.0,94,106,100.0,19.8,20.0,22,0.0,0.0,110.0,110.0,115.5,115.5,216.0,216.0,1.4,1.0,2,1.0,1
2.0,0.25,2.0,Montana,100.0,94,106,100.0,19.6,19.5,21,0.0,0.0,110.0,110.0,115.5,115.5,265.2,238.0,2.7,3.0,4,1.2,2
0.5,0.01,0.5,Georgia,100.1,92,101,101.0,12.9,12.5,19,0.0,0.0,121.8,117.0,148.0,142.0,120.0,120.0,1.3333333333333333,1.0,2,0.3,1
0.5,0.1,2.0,Massachusetts,100.1,92,111,101.5,6.5,7.0,8,0.0,0.0,112.8,112.5,127.3,131.0,162.5,163.5,3.7,4.0,5,0.9,2
2.0,0.05,1.0,Arkansas,100.1,83,110,101.0,13.0,13.0,15,0.0,0.0,112.6,110.0,135.4,128.0,138.3,155.0,5.5,4.5,10,1.0,2
0.5,0.01,1.0,Ohio,100.1,76,132,103.5,35.9,36.5,39,0.1,1.0,118.2,124.0,129.7,134.0,109.1,142.0,17.3,18.0,20,13.4,17
0.5,0.05,2.0,North Carolina,100.2,90,123,92.0,23.4,23.0,27,0.0,0.0,140.1,138.0,160.2,158.0,135.5,138.0,5.7,5.5,10,2.6,4
1.0,0.01,0.5,Ohio,100.3,73,131,103.5,39.5,40.0,44,0.2,1.0,122.9,122.0,130.4,132.0,79.9,70.5,17.4,17.0,21,14.5,18
1.0,0.1,2.0,Tennessee,100.4,64,143,118.0,40.2,40.5,44,0.0,0.0,124.4,119.0,136.4,143.0,128.1,146.0,15.6,16.5,19,4.2,7
0.5,0.1,1.0,Mississippi,100.5,100,105,100.0,7.6,8.0,10,0.0,0.0,107.5,109.0,136.5,126.0,,,0.0,0.0,0,0.0,0
0.5,0.01,1.0,Nevada,100.5,58,123,103.0,4.8,5.0,5,0.0,0.0,130.5,127.5,143.1,146.0,185.33333333333334,212.0,1.3333333333333333,1.0,2,0.0,0
0.5,0.1,2.0,Mississippi,100.5,100,105,100.0,12.2,12.5,13,0.0,0.0,119.0,105.5,143.6,138.0,,,0.0,0.0,0,0.0,0
2.0,0.1,1.0,Massachusetts,100.5,92,115,98.0,6.9,7.0,8,0.0,0.0,112.0,109.0,125.6,127.5,198.3,189.0,3.8,4.0,5,0.8,2
0.5,0.1,1.0,Vermont,100.6,89,112,102.0,12.3,12.5,14,0.0,0.0,106.2,104.5,107.6,107.0,28.0,28.0,9.1,9.0,12,1.5,3
1.0,0.1,2.0,Vermont,100.6,75,112,102.0,12.3,12.0,14,0.0,0.0,106.5,107.0,108.9,111.0,38.0,28.0,9.0,8.5,15,1.7,3
2.0,0.05,2.0,Arkansas,100.6,92,110,97.5,13.2,13.0,15,0.0,0.0,112.7,110.0,124.1,128.0,71.8,28.0,6.5,7.0,9,1.8,3
2.0,0.01,0.5,Georgia,100.6,92,106,101.0,34.5,34.5,39,0.0,0.0,126.9,131.0,146.9,137.0,148.0,120.0,2.2,2.0,4,1.8,3
2.0,0.1,2.0,Delaware,100.8,92,180,92.0,2.3,2.0,3,0.0,0.0,306.3,276.0,394.0,394.0,159.0,177.0,1.0,1.0,1,0.0,0
2.0,0.01,2.0,Florida,100.8,75,120,100.0,10.8,10.0,14,0.2,1.0,119.1,120.0,131.2,131.0,53.5,28.0,37.8,39.5,45,23.8,26
1.0,0.01,1.0,New York,100.8,91,149,91.0,7.1,7.0,10,3.8,10.0,123.0,119.0,142.0,144.0,28.0,28.0,167.2,169.0,185,39.3,45
1.0,0.05,0.5,Mississippi,100.9,100,109,100.0,9.3,9.0,11,0.0,0.0,135.5,109.0,176.0,180.0,,,0.0,0.0,0,0.0,0
2.0,0.05,1.0,Mississippi,100.9,100,109,100.0,12.7,13.0,14,0.0,0.0,117.6,109.0,159.8,156.0,234.0,234.0,1.0,1.0,1,0.0,0
1.0,0.05,1.0,Mississippi,100.9,100,109,100.0,11.5,12.0,13,0.0,0.0,137.5,115.0,178.1,191.0,,,0.0,0.0,0,0.0,0
0.5,0.05,0.5,Mississippi,100.9,100,109,100.0,3.7,4.0,5,0.0,0.0,147.0,149.0,194.77777777777777,203.0,,,0.0,0.0,0,0.0,0
0.5,0.05,2.0,Mississippi,100.9,100,109,100.0,11.0,11.0,12,0.0,0.0,137.2,115.0,190.4,189.0,234.0,234.0,1.0,1.0,1,0.0,0
2.0,0.05,0.5,Mississippi,100.9,100,109,100.0,13.2,13.0,15,0.0,0.0,141.7,146.5,183.5,185.0,393.0,393.0,1.0,1.0,1,0.0,0
2.0,0.1,1.0,Mississippi,100.9,100,109,100.0,14.2,14.0,15,0.0,0.0,110.2,106.0,128.9,117.5,,,0.0,0.0,0,0.0,0
2.0,0.1,0.5,Mississippi,100.9,100,109,100.0,14.4,14.0,16,0.0,0.0,119.6,109.0,168.0,173.5,,,0.0,0.0,0,0.0,0
1.0,0.05,2.0,Mississippi,100.9,100,109,100.0,12.4,12.5,14,0.0,0.0,136.2,132.5,175.0,172.0,,,0.0,0.0,0,0.1,1
1.0,0.05,0.5,Arkansas,101.0,96,110,97.5,8.9,9.0,11,0.0,0.0,115.4,110.0,134.5,128.0,127.1,154.5,2.2,2.0,4,0.5,1
0.5,0.01,2.0,Georgia,101.0,101,101,101.0,28.1,28.0,35,0.0,0.0,127.9,131.5,151.5,151.5,205.0,120.0,1.8,1.5,4,1.2,3
0.5,0.25,1.0,Montana,101.2,94,106,106.0,11.7,12.0,13,0.0,0.0,110.8,114.0,115.8,117.0,218.44444444444446,216.0,1.3333333333333333,1.0,2,0.0,0
0.5,0.25,0.5,Montana,101.2,94,106,106.0,9.1,9.0,10,0.0,0.0,110.8,114.0,115.8,117.0,,,0.0,0.0,0,0.0,0
1.0,0.01,2.0,Wyoming,101.2,88,138,97.0,9.3,9.0,11,0.0,0.0,119.3,124.5,147.4,138.0,144.1,146.0,3.3,3.0,5,0.5,1
0.5,0.25,2.0,Montana,101.2,94,106,106.0,16.6,16.0,19,0.0,0.0,110.8,114.0,115.8,117.0,223.75,216.0,1.3,1.0,3,1.2,2
1.0,0.01,0.5,Georgia,101.5,101,106,101.0,24.0,23.5,28,0.0,0.0,123.6,118.5,144.2,141.0,185.0,120.0,1.6,1.5,3,0.4,2
0.5,0.05,2.0,Arkansas,101.6,83,110,101.0,10.9,11.0,13,0.0,0.0,114.5,110.0,125.6,128.0,142.7,172.0,4.0,4.0,6,0.7,3
2.0,0.01,2.0,Utah,101.6,83,120,94.0,12.3,13.0,15,0.0,0.0,111.5,108.0,135.6,125.5,44.3,28.0,10.7,10.5,15,2.0,5
0.5,0.05,2.0,New Jersey,101.8,76,106,104.5,6.6,6.5,8,0.0,0.0,114.0,119.5,131.0,131.0,110.25,112.0,3.125,2.5,5,0.0,0
2.0,0.05,2.0,Maryland,101.9,81,120,109.5,11.3,11.5,12,0.0,0.0,112.9,120.0,126.4,126.0,116.8,112.0,7.8,7.5,14,0.4,1
2.0,0.05,0.5,Arkansas,101.9,83,110,105.5,11.5,11.5,13,0.0,0.0,117.9,119.0,132.5,130.5,87.4,28.0,5.8,5.5,9,1.4,3
2.0,0.01,1.0,Georgia,101.9,100,106,101.0,38.0,38.5,43,0.0,0.0,128.9,131.0,143.3,141.0,155.5,120.0,3.7,3.5,6,3.2,5
2.0,0.05,1.0,New Jersey,102.1,91,106,104.5,8.2,8.0,10,0.0,0.0,118.6,119.0,132.3,126.5,158.8,117.5,2.4,2.0,5,0.0,0
2.0,0.05,2.0,New Jersey,102.1,76,118,104.5,7.9,8.0,9,0.0,0.0,113.2,112.0,125.4,120.0,126.33333333333333,139.0,2.111111111111111,2.0,3,0.0,0
1.0,0.01,2.0,Florida,102.1,75,120,107.0,10.7,10.5,13,0.2,1.0,122.8,120.0,134.4,133.0,79.9,60.0,34.1,33.5,42,23.6,27
0.5,0.1,0.5,Massachusetts,102.2,92,115,104.0,5.7,6.0,7,0.0,0.0,114.2,115.0,126.3,131.0,138.0,138.0,0.3333333333333333,0.0,1,0.3,1
0.5,0.1,1.0,Virginia,102.2,79,108,108.0,21.7,21.0,26,0.0,0.0,110.6,115.0,122.0,120.0,58.1,28.0,15.7,15.5,20,6.4,9
2.0,0.01,2.0,Nevada,102.3,83,123,99.5,4.8,5.0,5,0.0,0.0,131.4,123.0,148.5,148.5,240.7,212.0,3.0,3.0,4,0.2,1
0.5,0.1,0.5,Montana,102.4,94,106,106.0,8.2,8.0,9,0.0,0.0,112.8,114.0,118.0,118.0,,,0.0,0.0,0,0.0,0
1.0,0.25,0.5,Montana,102.4,94,106,106.0,12.2,12.0,14,0.0,0.0,111.6,114.0,116.1,117.0,216.0,216.0,1.5,1.5,3,1.0,1
2.0,0.25,1.0,Montana,102.4,94,106,106.0,18.7,19.0,20,0.0,0.0,111.6,114.0,116.1,117.0,246.8,227.0,2.0,2.0,3,1.2,2
2.0,0.1,2.0,Montana,102.4,94,106,106.0,18.2,18.0,19,0.0,0.0,112.5,114.0,118.8,117.0,291.6,227.0,2.1,2.0,3,1.3,3
ALL,ALL,ALL,Maryland,102.40555555555555,62,210,81.0,10.0,10.0,15,0.2833333333333333,4.0,120.48611111111111,114.5,136.3138888888889,129.0,133.98319327731093,99.0,8.677871148459383,7.0,21,1.1972222222222222,5
0.5,0.01,2.0,Wyoming,102.5,88,141,97.0,7.9,8.0,10,0.0,0.0,117.9,113.5,139.3,143.0,147.3,146.0,3.0,3.0,5,0.8,2
2.0,0.05,0.5,Maryland,102.6,81,140,95.5,11.2,11.0,13,0.3,1.0,125.4,129.0,137.1,140.0,121.3,126.5,6.2,6.0,10,0.4,1
1.0,0.01,1.0,Georgia,102.6,92,131,101.0,32.8,33.5,38,0.0,0.0,117.5,106.0,131.2,131.0,208.1,120.0,2.4,2.5,4,1.0,4
1.0,0.01,1.0,North Dakota,102.6,88,128,100.0,9.0,9.0,11,0.1,1.0,125.5,128.0,140.3,146.0,273.6666666666667,182.0,3.5555555555555554,4.0,6,1.2,2
0.5,0.1,2.0,Vermont,102.6,95,110,103.0,12.2,12.0,14,0.0,0.0,106.2,106.5,110.5,110.0,28.0,28.0,9.7,9.5,12,1.6,3
0.5,0.01,1.0,New York,102.6,91,119,101.0,6.8,6.5,14,2.6,11.0,129.7,133.5,158.7,157.5,36.5,28.0,135.3,137.0,159,37.2,41
1.0,0.05,1.0,Maryland,102.8,72,140,109.5,10.5,10.5,13,0.3,1.0,121.0,120.0,132.9,134.5,111.8,116.5,6.3,5.5,12,0.8,5
1.0,0.1,1.0,Massachusetts,102.9,92,123,104.0,6.5,7.0,7,0.0,0.0,115.0,119.0,124.7,128.0,169.6,189.0,3.8,4.0,5,1.1,2
0.5,0.1,0.5,Vermont,102.9,97,112,103.0,12.1,12.0,13,0.0,0.0,107.1,107.0,110.6,108.5,28.0,28.0,8.6,8.0,13,1.5,2
0.5,0.01,2.0,Pennsylvania,102.9,83,145,96.5,43.3,44.5,47,0.0,0.0,111.9,101.0,119.6,114.0,108.4,113.5,16.0,16.5,23,6.8,13
0.5,0.05,0.5,New Jersey,103.0,93,106,103.0,4.9,5.0,6,0.0,0.0,113.2,112.0,126.0,120.0,119.0,112.0,2.111111111111111,2.0,4,0.1,1
2.0,0.01,1.0,New York,103.0,91,119,103.0,8.5,8.0,15,3.2,15.0,130.4,119.0,159.5,146.5,36.8,28.0,156.2,156.0,178,38.6,45
1.0,0.01,1.0,Wyoming,103.3,88,141,97.0,8.0,8.0,10,0.0,0.0,129.1,130.0,146.4,143.0,130.1,128.0,3.0,3.0,4,0.2,1
2.0,0.1,2.0,Vermont,103.3,89,112,103.0,12.1,12.0,14,0.0,0.0,107.0,106.0,109.7,110.0,28.0,28.0,10.1,10.5,13,1.7,3
2.0,0.1,0.5,Tennessee,103.3,64,143,112.0,40.0,40.5,43,0.0,0.0,130.2,122.0,144.5,143.0,130.0,158.5,14.7,14.5,19,3.0,4
ALL,ALL,ALL,Arkansas,103.59444444444445,83,281,96.0,10.48611111111111,11.0,16,0.0,0.0,125.10863509749304,110.0,143.5625,128.0,102.89675516224189,28.0,4.517543859649122,4.0,11,0.7805555555555556,4
0.5,0.05,0.5,Montana,103.6,94,106,106.0,7.4,8.0,8,0.0,0.0,114.1,115.5,121.8,119.0,,,0.0,0.0,0,0.0,0
1.0,0.1,1.0,Montana,103.6,94,106,106.0,17.4,18.0,18,0.0,0.0,113.0,114.0,117.4,117.0,223.33333333333334,216.0,0.4,0.0,2,1.2,2
2.0,0.05,2.0,Montana,103.6,94,106,106.0,16.5,16.5,18,0.0,0.0,114.7,117.0,126.3,131.0,389.7,409.0,1.8,2.0,3,1.8,3
1.0,0.01,1.0,Florida,103.8,69,135,110.0,10.9,10.5,14,0.4,2.0,119.6,120.0,141.2,135.0,95.6,90.0,25.7,26.0,36,21.7,24
1.0,0.01,2.0,New York,103.9,91,149,91.0,7.0,6.5,13,5.5,13.0,140.6,152.0,162.0,156.0,36.5,28.0,157.4,168.0,178,39.8,44
2.0,0.05,0.5,New Jersey,104.0,91,119,103.0,7.8,8.0,9,0.0,0.0,112.5,112.5,124.2,120.0,127.33333333333333,138.0,2.6666666666666665,3.0,5,0.0,0
2.0,0.01,2.0,Georgia,104.1,92,150,101.0,40.2,39.0,46,0.0,0.0,123.5,122.5,137.6,136.5,148.3,120.0,4.9,4.0,9,3.5,7
1.0,0.1,1.0,Vermont,104.3,89,112,104.5,12.4,12.5,14,0.0,0.0,106.9,106.5,109.5,110.0,52.7,28.0,9.3,9.5,12,1.4,3
1.0,0.05,2.0,Maryland,104.4,81,126,109.5,11.5,12.0,13,0.2,1.0,118.3,120.0,130.6,129.0,123.7,123.0,7.6,7.0,14,0.3,1
1.0,0.05,2.0,New Jersey,104.6,93,120,103.0,7.8,8.0,9,0.0,0.0,116.2,118.5,127.8,120.0,128.9,138.0,2.4,2.0,3,0.0,0
0.5,0.05,1.0,Montana,104.8,94,106,106.0,10.7,11.0,13,0.0,0.0,116.8,117.0,124.6,125.0,220.4,216.0,0.8333333333333334,1.0,1,0.1,1
2.0,0.05,0.5,Montana,104.8,94,106,106.0,16.2,16.0,18,0.0,0.0,117.1,117.0,126.0,131.0,222.2,216.0,0.6,0.5,2,1.0,1
1.0,0.1,0.5,Montana,104.8,94,106,106.0,11.3,11.0,13,0.0,0.0,114.7,115.5,119.4,119.0,216.0,216.0,0.8,1.0,2,1.0,1
2.0,0.1,0.5,Montana,104.8,94,106,106.0,18.1,18.0,19,0.0,0.0,115.0,117.0,120.3,119.0,221.5,216.0,0.5,0.0,2,1.0,1
1.0,0.05,2.0,Montana,104.8,94,106,106.0,15.7,16.0,17,0.0,0.0,118.6,117.0,127.4,125.0,387.625,409.0,0.8,1.0,1,1.1,2
0.5,0.05,2.0,Montana,104.8,94,106,106.0,13.8,14.0,16,0.0,0.0,118.9,117.0,127.7,131.0,223.75,216.0,0.5,0.0,2,1.1,2
1.0,0.1,2.0,Montana,104.8,94,106,106.0,17.0,17.0,19,0.0,0.0,114.9,115.5,122.8,118.0,315.6,328.0,1.2,1.0,2,1.1,2
0.5,0.1,2.0,Montana,104.8,94,106,106.0,15.4,15.0,17,0.0,0.0,114.1,114.0,120.9,117.0,216.0,216.0,0.7,0.0,2,1.1,2
1.0,0.05,1.0,Montana,104.8,94,106,106.0,15.0,15.0,17,0.0,0.0,115.6,114.0,123.0,119.0,216.0,216.0,0.4,0.0,1,1.3,2
1.0,0.01,0.5,New York,104.8,91,122,102.5,7.2,6.5,13,5.1,27.0,135.1,132.0,155.9,157.0,39.4,28.0,137.0,140.0,158,37.0,42
0.5,0.01,1.0,Georgia,104.9,101,140,101.0,22.7,22.5,27,0.0,0.0,126.6,131.0,143.8,147.5,136.75,120.0,1.5,1.0,4,1.0,4
2.0,0.05,2.0,Vermont,105.1,89,113,107.5,12.6,13.0,14,0.0,0.0,114.9,112.5,121.2,123.0,75.9,66.0,8.1,7.5,12,1.3,2
2.0,0.05,2.0,Virginia,105.1,79,119,107.5,22.3,22.0,26,0.0,0.0,116.5,115.0,127.9,127.0,88.4,107.5,13.8,14.0,21,8.1,11
0.5,0.1,1.0,Massachusetts,105.2,92,123,104.0,6.7,6.5,8,0.0,0.0,120.0,124.0,127.9,131.0,170.6,189.0,2.0,2.0,3,0.6,1
1.0,0.01,2.0,Georgia,105.2,101,143,101.0,37.4,37.5,43,0.0,0.0,122.9,118.5,141.7,146.0,164.0,120.0,3.4,3.0,5,2.6,6
0.5,0.1,0.5,Tennessee,105.3,64,122,118.0,18.0,17.5,23,0.0,0.0,130.7,132.5,142.5,145.0,148.8,162.0,6.3,6.0,11,2.0,3
1.0,0.05,0.5,New Jersey,105.4,103,106,106.0,5.9,5.5,8,0.0,0.0,120.1,120.0,134.5,138.0,120.7,114.0,1.9,2.0,3,0.0,0
0.5,0.01,2.0,Oregon,105.5,68,184,106.0,10.1,10.0,12,0.0,0.0,176.6,184.0,212.8,216.5,166.33333333333334,155.0,2.8,3.0,5,4.5,5
1.0,0.01,2.0,Indiana,105.5,62,130,102.0,47.7,48.5,51,0.0,0.0,121.0,121.0,125.7,126.0,106.7,146.5,13.0,13.0,19,6.9,11
2.0,0.05,1.0,Maryland,105.6,81,140,103.5,10.7,11.0,12,0.2,1.0,122.3,120.0,135.9,140.0,116.7,112.0,7.7,7.0,17,0.7,2
2.0,0.05,1.0,Delaware,105.7,92,229,92.0,1.6,2.0,2,0.0,0.0,309.6666666666667,276.0,,,169.28571428571428,177.0,1.2857142857142858,1.0,2,0.0,0
1.0,0.01,0.5,Nevada,105.7,77,123,119.5,4.8,5.0,5,0.0,0.0,125.8,127.5,146.7,146.0,217.125,217.5,1.3333333333333333,1.0,3,0.1,1
1.0,0.05,1.0,Massachusetts,105.7,92,124,104.0,6.9,7.0,8,0.0,0.0,120.5,119.5,133.5,131.0,205.0,189.0,3.0,3.0,5,0.7,2
0.5,0.05,0.5,Maryland,105.9,81,140,108.0,8.9,9.0,11,0.1,1.0,121.4,122.0,128.2,127.0,100.4,104.0,5.5,5.0,10,0.5,1
0.5,0.1,1.0,Montana,106.0,106,106,106.0,10.9,11.0,12,0.0,0.0,115.2,114.0,120.2,117.0,216.0,216.0,1.25,1.0,2,0.0,0
1.0,0.05,0.5,Montana,106.0,106,106,106.0,11.3,11.0,12,0.0,0.0,117.5,117.0,122.8,119.0,278.0,247.0,0.3,0.0,1,1.1,2
2.0,0.05,1.0,Montana,106.0,106,106,106.0,16.0,16.0,18,0.0,0.0,116.4,117.0,125.4,125.0,287.5,231.5,1.0,1.0,2,1.3,2
2.0,0.1,1.0,Montana,106.0,106,106,106.0,17.3,17.5,18,0.0,0.0,115.5,115.5,124.4,118.0,287.22222222222223,247.0,1.4,1.5,2,1.4,2
2.0,0.01,2.0,Pennsylvania,106.0,70,165,105.0,46.5,46.5,49,0.3,2.0,121.0,118.5,130.8,128.5,139.0,143.0,13.0,13.0,19,5.6,7
1.0,0.01,1.0,Ohio,106.2,82,138,107.0,47.6,48.0,54,0.1,1.0,122.4,119.0,129.9,131.5,125.4,140.5,19.5,21.0,26,14.0,20
0.5,0.01,0.5,Nevada,106.3,83,123,119.5,4.7,5.0,5,0.0,0.0,129.6,127.0,143.8,144.5,213.83333333333334,212.0,1.0,1.0,1,0.0,0
1.0,0.05,1.0,Vermont,106.3,97,112,108.0,12.4,12.5,13,0.1,1.0,112.5,112.0,116.6,113.0,45.8,28.0,9.2,9.0,13,1.2,2
2.0,0.1,0.5,Vermont,106.3,103,112,104.0,12.0,12.0,14,0.0,0.0,109.7,111.0,115.3,112.5,28.0,28.0,8.9,9.0,12,1.7,3
1.0,0.05,2.0,North Carolina,106.4,90,155,92.0,26.5,27.0,29,0.0,0.0,133.0,135.0,151.3,153.0,174.9,173.0,6.2,5.5,9,3.0,4
2.0,0.01,0.5,Florida,106.4,75,120,115.0,11.1,11.0,17,0.1,1.0,129.9,131.0,141.6,137.0,62.2,28.0,28.1,28.0,34,22.8,27
2.0,0.01,0.5,Nevada,106.5,83,123,116.0,4.9,5.0,5,0.0,0.0,127.3,123.0,147.9,156.0,209.7,217.5,1.7,1.5,3,0.1,1
0.5,0.05,2.0,Vermont,107.1,97,112,109.0,12.3,13.0,13,0.0,0.0,114.4,112.5,123.0,118.5,67.7,28.0,8.6,9.0,13,1.5,3
ALL,ALL,ALL,Montana,107.34166666666667,94,159,106.0,13.472222222222221,13.0,22,0.0,0.0,120.16388888888889,117.0,128.76944444444445,119.0,270.7891891891892,216.0,0.9210526315789473,1.0,4,1.011111111111111,4
0.5,0.01,0.5,New York,107.4,79,119,115.5,5.2,5.5,8,5.0,40.0,156.3,122.0,158.44444444444446,156.0,28.0,28.0,107.4,105.0,122,35.6,40
2.0,0.05,1.0,Vermont,107.6,98,112,109.0,11.8,12.0,13,0.0,0.0,111.6,112.0,118.7,115.5,79.6,64.5,7.8,8.0,10,1.8,3
0.5,0.05,0.5,Vermont,107.8,103,112,108.0,11.3,11.0,13,0.0,0.0,113.2,112.0,120.0,122.5,85.8,110.5,6.7,7.0,9,1.7,3
1.0,0.25,2.0,West Virginia,108.0,108,108,108.0,13.6,14.0,16,0.0,0.0,112.0,112.0,117.0,117.0,230.4,233.0,1.2,1.0,2,0.0,0
0.5,0.25,2.0,West Virginia,108.0,108,108,108.0,11.6,11.5,13,0.0,0.0,112.0,112.0,117.0,117.0,233.0,233.0,1.0,1.0,1,0.0,0
1.0,0.25,1.0,West Virginia,108.0,108,108,108.0,11.6,11.5,13,0.0,0.0,112.0,112.0,117.0,117.0,218.8,233.0,1.2,1.0,2,0.0,0
2.0,0.1,0.5,Massachusetts,108.0,92,123,104.0,6.5,7.0,7,0.0,0.0,119.6,119.5,127.1,131.0,185.4,189.0,4.3,4.5,7,1.1,2
0.5,0.05,1.0,Tennessee,108.4,71,143,118.0,23.4,23.5,26,0.0,0.0,143.2,147.0,153.2,153.0,177.2,162.0,5.4,5.5,7,1.6,3
0.5,0.05,2.0,Maryland,108.5,72,140,116.0,11.6,11.0,13,0.2,1.0,123.7,120.0,132.0,134.5,123.3,133.0,6.3,5.0,13,0.4,2
1.0,0.05,2.0,Virginia,108.5,90,129,108.0,22.4,23.0,27,0.0,0.0,125.2,120.0,136.9,139.0,145.4,153.0,13.2,14.0,19,6.5,8
2.0,0.25,0.5,West Virginia,108.7,108,115,108.0,13.3,13.0,15,0.0,0.0,112.5,112.0,117.1,117.0,219.8,220.0,1.6,2.0,2,0.0,0
2.0,0.25,2.0,West Virginia,108.9,108,117,108.0,14.3,14.5,16,0.0,0.0,112.6,112.0,117.3,117.0,221.8,233.0,1.4,1.0,2,0.0,0
0.5,0.05,0.5,Massachusetts,109.2,92,131,107.5,6.2,6.0,8,0.0,0.0,123.8,124.0,140.3,131.0,185.33333333333334,189.0,0.75,1.0,1,0.3,1
1.0,0.05,0.5,Vermont,109.3,103,112,112.0,12.1,12.0,14,0.0,0.0,117.1,115.0,125.5,126.0,70.6,28.0,7.0,6.0,14,1.5,3
2.0,0.05,0.5,Vermont,109.3,98,112,112.0,12.0,12.0,13,0.0,0.0,117.1,114.5,122.4,123.0,60.8,28.0,7.6,8.0,12,1.9,3
2.0,0.01,0.5,Ohio,109.3,76,134,115.0,46.9,47.5,50,0.0,0.0,122.1,126.5,132.6,137.5,133.8,146.0,19.8,19.0,25,15.5,18
0.5,0.25,1.0,West Virginia,109.4,108,115,108.0,11.0,11.0,13,0.0,0.0,113.0,112.0,117.2,117.0,183.5,183.5,1.0,1.0,1,0.0,0
1.0,0.1,1.0,West Virginia,109.4,108,118,108.0,10.1,10.0,12,0.0,0.0,113.4,112.0,118.0,117.0,209.1,233.0,1.4,1.0,2,0.0,0
2.0,0.01,2.0,New York,109.4,79,154,105.0,7.8,7.5,12,4.6,15.0,135.6,135.0,151.1,157.0,28.0,28.0,147.9,151.0,170,39.0,43
1.0,0.05,0.5,Delaware,109.6,92,180,92.0,1.8,2.0,2,0.0,0.0,301.25,276.0,,,185.83333333333334,177.0,1.1666666666666667,1.0,2,0.0,0
0.5,0.25,0.5,West Virginia,109.6,108,117,108.0,10.7,10.5,13,0.0,0.0,113.1,112.0,117.4,117.0,,,0.0,0.0,0,0.0,0
1.0,0.1,0.5,West Virginia,109.6,108,117,108.0,9.2,9.0,11,0.0,0.0,113.2,112.0,119.1,117.0,162.0,162.0,1.3333333333333333,1.0,2,0.0,0
0.5,0.05,1.0,Vermont,109.7,97,126,112.0,11.3,12.0,12,0.0,0.0,117.6,114.5,126.6,123.0,65.2,28.0,6.8,6.5,9,1.9,4
1.0,0.25,0.5,West Virginia,109.8,108,117,108.0,11.3,11.0,13,0.0,0.0,113.2,112.0,117.8,117.0,176.33333333333334,162.0,1.0,1.0,1,0.0,0
2.0,0.05,0.5,Virginia,109.8,99,138,107.0,21.4,21.5,28,0.0,0.0,118.9,115.0,135.7,138.5,112.7,108.0,14.1,15.0,19,7.0,10
0.5,0.05,1.0,North Carolina,109.9,89,155,92.0,16.9,17.0,19,0.0,0.0,132.7,136.5,152.9,168.0,146.22222222222223,138.0,3.3,3.5,5,1.0,3
0.5,0.01,1.0,Florida,110.1,90,131,110.0,7.8,7.5,11,0.5,4.0,134.1,131.0,149.3,149.5,130.6,135.5,16.0,16.5,19,22.5,25
0.5,0.01,2.0,Florida,110.3,75,131,115.0,10.3,10.0,14,0.1,1.0,124.4,125.5,135.8,133.0,133.6,141.0,25.1,24.5,31,21.8,24
2.0,0.01,0.5,New York,110.3,91,132,119.0,6.7,7.0,10,5.5,20.0,139.4,142.0,155.3,156.0,28.0,28.0,160.0,162.0,176,40.1,45
ALL,ALL,ALL,Vermont,110.33611111111111,75,196,104.0,11.833333333333334,12.0,14,0.011111111111111112,2.0,120.40833333333333,110.0,126.58333333333333,112.0,74.67134831460675,28.0,8.152777777777779,8.0,21,1.7555555555555555,8
2.0,0.01,0.5,Oregon,110.4,68,183,104.0,11.4,11.0,14,0.0,0.0,163.5,183.0,200.7,185.0,162.2,155.0,3.9,3.5,6,5.1,7
2.0,0.25,1.0,West Virginia,110.5,108,117,108.0,13.5,13.0,16,0.0,0.0,113.7,112.0,117.7,117.0,230.4,233.0,1.2,1.0,2,0.0,0
1.0,0.1,2.0,Massachusetts,110.8,92,124,111.0,6.8,7.0,8,0.0,0.0,120.6,124.0,130.0,131.0,191.9,189.0,4.1,4.0,6,0.9,2
0.5,0.1,2.0,West Virginia,111.1,108,117,108.0,10.4,10.0,12,0.0,0.0,114.5,112.0,118.7,117.0,216.2,233.0,1.4,1.0,3,0.0,0
1.0,0.05,1.0,North Carolina,111.2,89,153,113.5,23.6,23.5,25,0.0,0.0,139.1,130.5,166.9,168.0,140.8,138.0,5.5,5.0,8,3.9,5
2.0,0.05,1.0,Tennessee,111.3,64,152,118.0,36.2,36.0,41,0.0,0.0,144.3,152.0,151.6,155.0,122.0,155.5,15.1,15.0,24,3.8,5
0.5,0.05,2.0,Virginia,111.3,99,134,108.0,19.4,19.0,23,0.0,0.0,124.9,120.5,136.1,139.0,135.8,145.5,11.0,10.5,19,5.4,8
0.5,0.01,2.0,Ohio,111.3,76,138,116.5,46.5,46.0,51,0.1,1.0,123.8,130.5,129.7,135.0,127.0,142.0,18.4,17.0,25,13.0,16
1.0,0.05,2.0,Vermont,111.4,110,112,112.0,11.6,12.0,13,0.0,0.0,119.1,119.5,128.6,129.0,52.6,28.0,7.4,7.0,10,1.9,4
2.0,0.05,0.5,Tennessee,111.4,64,155,118.0,35.5,36.0,38,0.0,0.0,149.7,149.5,157.6,155.0,105.3,115.5,12.5,11.5,17,3.3,5
2.0,0.05,2.0,North Carolina,111.5,90,153,107.5,27.2,27.0,30,0.0,0.0,143.1,147.0,164.7,168.0,182.2,138.0,6.8,6.0,10,4.3,6
ALL,ALL,ALL,Tennessee,111.58333333333333,64,220,116.5,30.644444444444446,34.0,50,0.0,0.0,137.81666666666666,143.0,153.57222222222222,152.0,129.0169014084507,149.0,10.717086834733893,11.0,24,2.8722222222222222,7
1.0,0.01,0.5,Florida,111.9,90,131,120.0,9.3,9.0,12,0.0,0.0,125.0,131.0,136.6,135.0,104.6,136.0,20.2,21.0,23,22.3,25
0.5,0.1,0.5,West Virginia,112.0,108,121,108.0,8.9,9.0,11,0.0,0.0,114.8,112.0,120.0,118.0,,,0.0,0.0,0,0.0,0
2.0,0.25,0.5,Rhode Island,112.1,100,138,109.0,2.8,3.0,3,0.0,0.0,159.4,161.0,228.875,196.0,269.0,269.0,1.0,1.0,1,0.0,0
2.0,0.1,1.0,West Virginia,112.3,108,118,112.0,12.2,12.0,14,0.0,0.0,115.6,117.0,119.3,118.0,214.9,220.0,2.1,2.0,3,0.0,0
0.5,0.05,0.5,North Carolina,112.4,90,168,98.0,10.1,10.5,14,0.0,0.0,158.5,157.5,171.0,168.0,140.8,138.0,2.6666666666666665,3.0,4,0.4,1
0.5,0.05,1.0,Virginia,112.7,99,139,108.0,15.2,15.0,18,0.0,0.0,129.6,134.0,141.0,142.5,121.2,146.0,9.4,10.5,12,4.1,8
0.5,0.05,0.5,Virginia,112.8,99,134,108.0,10.9,11.0,13,0.0,0.0,129.4,132.0,138.7,144.0,137.2,153.0,7.1,6.5,13,1.9,4
0.5,0.01,1.0,Montana,112.9,106,139,106.0,5.8,6.0,7,0.0,0.0,136.5,139.0,160.1,144.0,,,0.0,0.0,0,0.7,2
0.5,0.01,0.5,Ohio,113.2,82,138,120.5,29.0,28.5,33,0.2,2.0,127.5,133.5,139.6,138.5,96.4,120.5,12.1,12.5,16,7.1,10
0.5,0.01,0.5,Florida,113.4,75,131,120.0,7.2,7.0,10,0.1,1.0,134.3,131.0,152.5,159.0,141.9,136.0,11.8,11.5,18,18.9,22
1.0,0.1,2.0,West Virginia,113.5,108,118,115.0,11.8,12.0,13,0.0,0.0,116.5,117.5,119.6,119.0,217.22222222222223,233.0,2.0,2.0,3,0.0,0
1.0,0.05,0.5,North Carolina,113.5,92,153,109.0,19.9,20.5,22,0.0,0.0,139.1,130.5,158.5,153.0,154.3,138.0,4.0,4.0,6,1.7,3
2.0,0.01,1.0,Nevada,113.6,58,123,123.0,4.7,5.0,5,0.0,0.0,135.9,136.0,151.6,156.0,280.3,222.0,2.1,2.0,3,0.3,1
2.0,0.05,0.5,West Virginia,113.7,108,133,108.0,10.2,10.0,12,0.0,0.0,120.8,112.0,130.3,121.5,209.1,233.0,1.6,2.0,2,0.0,0
1.0,0.05,0.5,Massachusetts,113.7,92,131,113.0,6.8,7.0,8,0.0,0.0,129.8,131.0,146.5,148.0,186.4,189.0,3.5,3.5,6,0.2,1
1.0,0.05,0.5,Virginia,113.7,79,139,119.0,15.9,15.5,21,0.1,1.0,125.6,129.5,136.6,140.5,138.4,152.5,9.6,9.5,12,4.4,6
ALL,ALL,ALL,Virginia,113.71944444444445,79,338,107.0,20.163888888888888,21.0,36,0.016666666666666666,2.0,128.49166666666667,115.0,144.57381615598885,121.0,133.36211699164346,108.0,14.186629526462395,15.0,30,5.163888888888889,12
2.0,0.1,0.5,West Virginia,113.9,108,121,115.0,12.3,12.0,14,0.0,0.0,119.2,118.0,126.6,120.5,220.5,233.0,1.8,2.0,3,0.0,0
2.0,0.25,1.0,Rhode Island,114.1,100,184,109.0,2.9,3.0,3,0.0,0.0,159.0,161.0,289.8888888888889,208.0,269.0,269.0,1.0,1.0,1,0.0,0
0.5,0.05,2.0,Tennessee,114.1,64,167,118.0,32.5,33.0,35,0.0,0.0,146.7,145.0,154.7,153.5,166.1,162.0,9.0,9.0,13,1.1,3
2.0,0.05,2.0,Mississippi,114.3,100,172,100.0,13.9,14.0,15,0.0,0.0,134.2,109.0,175.4,184.5,386.0,386.0,1.0,1.0,1,0.0,0
2.0,0.1,2.0,West Virginia,114.3,108,117,117.0,12.2,12.0,13,0.0,0.0,116.2,118.0,119.6,120.5,216.0,233.0,2.0,2.0,4,0.0,0
0.5,0.1,1.0,West Virginia,114.4,108,121,116.0,8.5,8.5,11,0.0,0.0,116.6,117.5,121.7,119.5,,,0.0,0.0,0,0.0,0
1.0,0.05,2.0,Delaware,114.5,92,229,92.0,2.0,2.0,3,0.0,0.0,314.0,326.5,394.0,394.0,176.83333333333334,177.0,1.3333333333333333,1.0,2,0.0,0
1.0,0.25,2.0,Rhode Island,114.5,100,138,109.0,2.9,3.0,3,0.0,0.0,165.4,184.0,285.0,196.0,269.0,269.0,1.0,1.0,1,0.0,0
0.5,0.05,2.0,Delaware,114.5,92,229,92.0,1.5,1.5,2,0.0,0.0,276.0,276.0,,,244.0,177.0,1.2,1.0,2,0.0,0
0.5,0.05,2.0,Massachusetts,114.9,92,131,119.0,6.3,6.0,7,0.0,0.0,130.6,131.0,152.4,160.0,196.2,189.0,3.5,4.0,7,0.4,2
1.0,0.01,0.5,Montana,114.9,106,159,106.0,7.5,7.5,10,0.0,0.0,138.0,139.0,146.7,144.0,216.0,216.0,0.1111111111111111,0.0,1,1.2,2
0.5,0.01,2.0,Montana,115.2,106,139,106.0,9.7,10.0,12,0.0,0.0,135.7,135.0,149.4,141.5,410.0,410.0,0.1,0.0,1,1.4,2
0.5,0.01,2.0,New York,115.2,91,157,112.5,8.5,8.0,14,2.7,10.0,140.1,141.0,153.9,152.0,28.0,28.0,149.3,149.0,185,37.3,41
2.0,0.05,1.0,Virginia,115.4,79,144,115.0,21.9,22.0,25,0.0,0.0,123.9,119.5,136.8,139.0,95.2,118.0,11.3,11.0,15,7.7,10
2.0,0.05,1.0,North Carolina,115.5,92,155,118.0,24.8,25.5,28,0.0,0.0,150.4,152.5,167.3,164.0,173.4,138.0,5.7,6.0,7,4.1,6
2.0,0.25,2.0,Rhode Island,115.6,100,138,109.0,3.0,3.0,3,0.0,0.0,162.0,184.0,275.1,202.0,269.0,269.0,1.0,1.0,1,0.0,0
1.0,0.05,2.0,Tennessee,115.8,64,152,118.0,36.4,36.0,41,0.0,0.0,138.5,152.0,154.7,158.5,124.7,152.5,13.9,14.5,21,3.6,5
1.0,0.05,2.0,Massachusetts,115.9,92,131,119.0,6.5,7.0,7,0.0,0.0,127.8,131.0,138.6,136.0,188.1,189.0,3.9,4.0,6,1.0,2
1.0,0.05,1.0,Virginia,116.4,79,144,116.5,19.6,20.0,22,0.0,0.0,126.4,123.0,137.5,135.5,140.6,152.0,11.4,12.5,17,7.1,10
0.5,0.01,1.0,Alabama,116.75,96,210,96.0,3.375,3.0,6,0.0,0.0,168.125,135.5,198.4,210.0,,,0.0,0.0,0,0.0,0
1.0,0.01,2.0,Nevada,116.9,83,123,123.0,4.8,5.0,5,0.0,0.0,137.1,140.0,150.1,149.0,216.1,212.5,2.6,3.0,4,0.2,1
0.5,0.01,0.5,Oregon,116.9,68,184,96.0,4.5,4.5,7,0.0,0.0,165.0,180.5,202.9,203.0,175.6,169.5,3.0,2.5,5,3.1,5
1.0,0.25,0.5,Rhode Island,117.0,100,184,109.0,2.7,3.0,3,0.0,0.0,158.7,151.5,185.71428571428572,184.0,269.0,269.0,1.0,1.0,1,0.0,0
1.0,0.05,0.5,Tennessee,117.4,64,152,130.5,30.8,29.5,37,0.0,0.0,145.7,152.0,157.8,155.0,147.9,162.0,8.0,7.5,11,2.0,5
ALL,ALL,ALL,Mississippi,117.61344537815125,99,323,100.0,9.985994397759104,11.0,16,0.0,0.0,147.42696629213484,109.0,178.3536231884058,167.0,331.30434782608694,359.0,0.7741935483870968,1.0,2,0.022408963585434174,1
0.5,0.05,0.5,West Virginia,117.8,108,133,117.0,5.2,5.5,6,0.0,0.0,127.4,133.0,138.2,149.0,,,0.0,0.0,0,0.0,0
2.0,0.05,2.0,Massachusetts,117.9,92,131,119.0,7.2,7.5,8,0.0,0.0,131.5,131.0,147.2,140.0,203.3,201.0,4.3,4.5,7,0.6,2
ALL,ALL,ALL,New Jersey,117.91944444444445,71,396,103.0,6.888888888888889,7.0,10,0.0,0.0,142.98879551820727,106.0,163.37175792507205,120.0,159.00344827586207,138.0,2.0620689655172413,2.0,5,0.008333333333333333,1
0.5,0.05,1.0,Massachusetts,118.6,104,131,115.0,6.4,6.0,8,0.0,0.0,131.5,128.0,145.1,144.5,201.0,213.0,1.6,1.5,3,0.5,1
2.0,0.05,1.0,Massachusetts,118.7,104,131,123.5,6.7,7.0,7,0.0,0.0,129.3,131.0,143.2,141.0,220.4,213.0,3.4,3.5,5,0.7,1
2.0,0.05,2.0,West Virginia,118.8,108,152,117.5,10.4,10.5,12,0.0,0.0,126.7,123.5,143.6,149.0,216.0,233.0,2.1,2.0,3,0.0,0
1.0,0.05,1.0,Tennessee,119.1,64,155,130.5,33.9,33.5,38,0.0,0.0,143.7,152.0,158.8,158.0,127.5,162.0,11.1,10.5,16,3.4,6
1.0,0.05,1.0,West Virginia,119.2,115,133,118.0,9.1,9.0,10,0.0,0.0,127.5,121.0,133.7,128.5,230.2,233.0,1.1,1.0,2,0.0,0
0.5,0.01,2.0,Nevada,119.2,83,140,123.0,4.7,5.0,5,0.0,0.0,135.2,136.0,153.5,156.0,208.6,213.0,1.7,2.0,3,0.2,1
2.0,0.01,2.0,Arkansas,119.2,88,143,128.0,8.4,9.0,11,0.0,0.0,193.7,208.0,230.3,264.0,234.3,241.5,3.7,3.5,7,0.7,3
2.0,0.01,2.0,Montana,119.2,106,139,106.0,10.8,11.0,14,0.0,0.0,140.2,139.0,153.6,144.0,418.75,409.5,0.6,0.0,2,2.2,4
2.0,0.05,1.0,West Virginia,119.3,108,133,119.0,11.6,11.5,13,0.0,0.0,126.0,123.0,135.3,133.0,257.7,233.0,1.9,2.0,3,0.0,0
ALL,ALL,ALL,Massachusetts,119.67222222222222,92,236,111.0,6.283333333333333,6.0,8,0.005555555555555556,1.0,136.775,124.0,152.32777777777778,131.0,190.5119760479042,189.0,3.5014749262536875,4.0,8,0.6194444444444445,2
0.5,0.25,0.5,Rhode Island,119.7,100,196,109.0,1.9,2.0,3,0.0,0.0,140.57142857142858,138.0,190.0,190.0,,,0.0,0.0,0,0.0,0
2.0,0.05,0.5,Massachusetts,119.8,111,131,119.0,6.7,7.0,7,0.0,0.0,132.5,131.0,146.8,141.0,188.2,189.0,4.6,4.5,7,0.7,1
0.5,0.05,2.0,West Virginia,119.9,108,133,121.0,8.7,9.0,10,0.0,0.0,131.7,133.0,142.3,149.0,223.1,233.0,1.2,1.0,2,0.0,0
1.0,0.01,2.0,Montana,120.1,106,139,118.5,10.7,11.0,13,0.0,0.0,138.8,139.0,151.1,144.0,392.6,387.0,0.6666666666666666,1.0,2,1.4,2
2.0,0.05,0.5,North Carolina,120.3,90,155,123.0,24.5,24.5,27,0.0,0.0,156.2,156.5,165.5,168.0,154.6,138.0,5.9,5.5,10,4.0,6
ALL,ALL,ALL,North Carolina,120.80833333333334,89,268,92.0,21.725,23.0,36,0.002777777777777778,1.0,142.80277777777778,123.0,161.49166666666667,154.0,191.71764705882353,138.0,5.057971014492754,5.0,13,2.4444444444444446,6
1.0,0.05,0.5,West Virginia,121.5,108,133,121.5,6.8,7.0,9,0.0,0.0,128.8,129.0,140.8,141.0,191.33333333333334,205.0,1.0,1.0,1,0.0,0
1.0,0.25,1.0,Rhode Island,121.5,103,184,109.0,2.7,3.0,3,0.0,0.0,153.8,151.5,233.57142857142858,196.0,269.0,269.0,1.0,1.0,1,0.0,0
0.5,0.01,0.5,Arkansas,121.7,96,133,128.0,2.4,2.5,3,0.0,0.0,173.33333333333334,180.0,228.0,208.0,191.5,191.5,1.5,1.5,2,0.0,0
2.0,0.01,0.5,Montana,121.7,106,139,117.0,11.1,11.0,13,0.0,0.0,138.6,139.0,151.3,144.0,,,0.0,0.0,0,1.2,2
0.5,0.05,1.0,West Virginia,121.9,108,133,120.0,6.8,6.5,9,0.0,0.0,129.6,123.0,135.5,133.0,249.0,249.0,1.0,1.0,1,0.0,0
1.0,0.05,2.0,West Virginia,122.1,108,133,119.5,10.4,10.5,12,0.0,0.0,134.4,133.0,145.2,150.5,220.5,233.0,2.2,2.0,3,0.0,0
0.5,0.05,1.0,Mississippi,122.1,100,172,102.5,6.5,6.5,9,0.0,0.0,169.1,172.0,210.2,203.0,,,0.0,0.0,0,0.0,0
1.0,0.01,1.0,Montana,123.0,106,144,122.5,9.7,10.0,11,0.0,0.0,147.1,141.5,163.7,176.0,228.0,228.0,0.2,0.0,1,1.2,3
0.5,0.01,0.5,Montana,123.4,106,139,131.0,4.8,5.0,7,0.0,0.0,138.2,139.0,149.0,144.0,,,0.0,0.0,0,0.2,1
0.5,0.25,1.0,New Hampshire,124.1,107,150,124.0,7.2,7.0,8,0.0,0.0,174.6,181.0,194.1,196.5,127.0,126.0,1.25,1.0,2,0.0,0
0.5,0.25,1.0,Rhode Island,124.5,100,184,109.0,2.6,3.0,3,0.0,0.0,156.5,142.5,188.0,184.0,269.0,269.0,1.0,1.0,1,0.0,0
1.0,0.01,1.0,Nevada,125.7,116,140,123.0,4.9,5.0,5,0.0,0.0,141.9,143.0,148.9,150.0,207.5,212.0,1.7,2.0,3,0.1,1
1.0,0.01,1.0,Arkansas,126.1,101,208,119.0,6.5,6.0,9,0.0,0.0,179.0,180.0,219.4,208.0,260.8888888888889,223.0,1.6666666666666667,1.0,3,0.3,1
2.0,0.05,2.0,Tennessee,127.9,64,152,143.0,37.4,38.0,39,0.0,0.0,145.9,152.0,156.6,154.5,138.6,162.0,15.3,15.5,18,3.5,5
0.5,0.01,1.0,Arkansas,128.1,96,208,110.0,4.7,4.0,7,0.0,0.0,161.6,128.0,215.7,208.0,242.22222222222223,219.0,1.8,1.0,4,0.5,1
2.0,0.01,1.0,Montana,128.7,106,147,139.0,11.3,11.5,14,0.0,0.0,143.8,144.0,163.2,165.5,366.4,387.0,0.6,0.5,2,1.6,2
0.5,0.01,1.0,Oregon,130.2,86,185,121.0,7.0,7.0,8,0.0,0.0,187.1,185.0,214.5,217.0,199.66666666666666,155.0,2.5,3.0,4,3.4,6
1.0,0.01,2.0,Oregon,130.7,68,185,141.5,11.2,11.5,13,0.1,1.0,158.3,184.0,201.0,216.5,223.3,184.0,3.9,3.5,9,5.2,8
0.5,0.01,2.0,Arkansas,130.8,88,180,128.0,5.9,6.0,7,0.0,0.0,191.9,194.0,288.4,274.0,232.57142857142858,223.0,2.625,3.0,4,0.4,1
1.0,0.01,1.0,Oregon,130.8,68,184,113.5,11.3,11.0,14,0.0,0.0,176.5,184.0,207.8,206.0,177.77777777777777,179.0,3.4,4.0,6,4.3,7
1.0,0.1,0.5,Rhode Island,131.3,103,184,119.5,2.6,3.0,3,0.0,0.0,169.2,184.0,188.0,184.0,269.0,269.0,1.0,1.0,1,0.0,0
2.0,0.05,2.0,Delaware,131.7,92,229,92.0,1.9,2.0,3,0.0,0.0,276.625,276.0,376.0,376.0,176.75,177.0,1.25,1.0,2,0.0,0
1.0,0.01,0.5,Oregon,131.8,68,184,113.5,8.7,9.0,13,0.0,0.0,175.4,183.0,209.0,196.5,198.9,192.5,2.8,2.5,6,3.0,5
2.0,0.01,1.0,Alabama,132.4,52,239,101.0,5.6,6.0,10,0.0,0.0,242.6,229.0,265.77777777777777,239.0,377.0,417.5,1.0,1.0,1,0.0,0
0.5,0.25,2.0,Rhode Island,134.2,103,184,134.0,2.6,3.0,3,0.0,0.0,166.4,184.0,184.33333333333334,196.0,269.0,269.0,1.0,1.0,1,0.0,0
1.0,0.01,1.0,Connecticut,135.0,65,173,161.0,4.8,5.0,6,0.3,2.0,191.6,169.0,233.3,230.0,221.0,211.5,2.9,2.5,6,0.3,2
0.5,0.1,2.0,Rhode Island,135.1,103,184,119.5,2.2,2.0,3,0.0,0.0,180.44444444444446,196.0,192.0,184.0,269.0,269.0,1.0,1.0,1,0.0,0
0.5,0.05,1.0,Delaware,135.9,92,229,92.0,1.7,2.0,2,0.0,0.0,248.0,276.0,,,177.0,177.0,1.3333333333333333,1.0,2,0.0,0
2.0,0.01,2.0,Alabama,135.9,96,210,96.0,6.5,6.0,10,0.0,0.0,205.0,210.0,272.2,258.5,320.3333333333333,326.0,1.3333333333333333,1.0,2,0.0,0
1.0,0.05,1.0,Delaware,136.2,92,229,92.0,2.0,2.0,3,0.0,0.0,283.25,276.0,411.0,411.0,183.16666666666666,177.0,1.3333333333333333,1.0,2,0.0,0
2.0,0.01,1.0,Arkansas,136.3,96,208,128.0,7.6,7.5,11,0.0,0.0,182.9,161.5,216.77777777777777,208.0,187.11111111111111,172.0,2.4444444444444446,2.0,5,0.4,1
2.0,0.01,0.5,Alabama,136.8,96,239,101.0,4.4,4.0,8,0.0,0.0,264.0,251.0,362.7,419.5,375.6666666666667,315.0,1.0,1.0,1,0.0,0
1.0,0.01,0.5,Maryland,137.1,120,178,130.5,8.5,9.0,10,0.0,0.0,173.3,172.5,192.2,188.0,181.6,145.0,4.3,5.0,7,0.1,1
2.0,0.01,0.5,Vermont,137.7,104,163,153.0,10.3,10.5,12,0.0,0.0,165.7,163.0,178.4,179.5,251.8,234.0,3.5,3.5,6,2.9,7
1.0,0.01,2.0,Alabama,138.5,96,239,109.5,5.1,5.0,7,0.0,0.0,233.5,224.5,337.3,328.0,520.0,520.0,1.0,1.0,1,0.0,0
ALL,ALL,ALL,Delaware,138.86609686609685,92,594,92.0,1.7635327635327636,2.0,3,0.0,0.0,274.3911111111111,276.0,408.7674418604651,394.0,208.13385826771653,177.0,1.3464566929133859,1.0,4,0.0,0
0.5,0.25,2.0,New Hampshire,139.2,107,193,124.0,7.2,7.0,8,0.0,0.0,181.8,189.0,205.5,200.0,126.0,126.0,1.0,1.0,1,0.0,0
0.5,0.01,2.0,Connecticut,139.6,65,181,167.0,4.3,4.0,6,0.2,2.0,242.7,282.0,269.1,296.0,282.625,246.0,2.125,2.0,4,0.3,2
0.5,0.01,1.0,Vermont,140.5,112,167,141.0,9.6,9.5,12,0.0,0.0,160.2,159.5,170.2,168.5,171.22222222222223,158.0,2.6,2.5,5,3.3,8
2.0,0.25,1.0,New Hampshire,140.7,95,170,138.5,8.0,8.0,8,0.0,0.0,189.8,193.0,206.7,200.0,510.0,510.0,1.0,1.0,1,0.0,0
0.5,0.25,0.5,New Hampshire,140.7,107,193,127.0,5.5,5.5,7,0.0,0.0,183.8,193.0,207.9,200.0,128.0,128.0,1.5,1.5,2,0.0,0
0.5,0.05,0.5,Delaware,141.5,92,229,92.0,1.2,1.0,2,0.0,0.0,202.5,202.5,,,200.5,177.0,1.0,1.0,1,0.0,0
2.0,0.01,0.5,Mississippi,141.7,100,203,133.5,5.6,6.0,8,0.0,0.0,227.1,203.0,316.4,254.0,257.0,257.0,1.0,1.0,1,0.0,0
1.0,0.01,1.0,Vermont,142.3,117,167,143.5,10.0,10.0,13,0.0,0.0,159.1,156.0,170.1,170.5,227.1,174.0,3.1,2.5,6,3.0,7
2.0,0.01,1.0,Oregon,142.4,68,183,180.0,11.5,11.5,16,0.0,0.0,184.8,185.0,210.6,203.0,207.5,184.0,4.3,4.0,8,4.3,8
1.0,0.25,1.0,New Hampshire,142.5,107,193,125.5,7.2,7.0,8,0.0,0.0,183.1,192.5,210.2,212.0,130.0,130.0,1.0,1.0,1,0.0,0
1.0,0.01,2.0,Arkansas,142.7,96,261,119.0,7.6,7.5,9,0.0,0.0,195.3,208.0,229.7,230.0,198.0,138.0,3.5555555555555554,3.0,9,0.4,2
0.5,0.01,0.5,Vermont,142.8,112,174,150.0,9.1,10.0,11,0.0,0.0,159.0,156.0,169.4,168.0,213.75,206.0,2.3,1.5,7,3.4,6
2.0,0.01,2.0,Oregon,142.8,68,184,177.0,11.1,10.5,13,0.1,1.0,182.1,183.0,203.7,196.5,229.9,187.5,3.8,4.0,7,5.2,9
2.0,0.25,0.5,New Hampshire,143.8,107,193,138.5,8.0,8.0,8,0.0,0.0,176.7,189.0,207.5,200.0,505.0,510.0,1.0,1.0,1,0.0,0
1.0,0.01,1.0,Alabama,143.9,96,239,109.5,3.8,3.5,6,0.0,0.0,295.5,258.5,383.0,394.5,223.5,223.5,1.0,1.0,1,0.0,0
1.0,0.01,0.5,Connecticut,144.5,104,173,149.5,4.0,4.0,5,0.3,2.0,192.2,173.0,240.2,234.5,225.88888888888889,178.0,1.7777777777777777,2.0,3,0.4,2
1.0,0.25,2.0,New Hampshire,146.1,107,193,125.5,8.0,8.0,8,0.0,0.0,183.5,193.0,211.8,212.5,495.0,495.0,1.0,1.0,1,0.0,0
1.0,0.1,2.0,New Hampshire,146.4,107,193,137.0,7.9,8.0,8,0.0,0.0,192.6,193.0,211.1,212.5,442.0,502.5,1.1666666666666667,1.0,2,0.0,0
1.0,0.01,0.5,Vermont,146.4,131,156,148.5,10.6,11.0,12,0.0,0.0,161.7,161.5,170.5,174.0,202.8,175.0,2.6,1.5,6,2.5,4
0.5,0.01,2.0,Maryland,147.4,116,210,131.0,9.4,9.5,10,0.0,0.0,171.9,173.5,196.0,188.0,252.0,133.5,3.3,3.5,6,0.1,1
2.0,0.01,1.0,Vermont,147.5,112,184,153.5,10.2,11.0,11,0.0,0.0,165.2,168.5,173.7,173.5,135.1,28.0,4.7,4.5,10,3.1,5
1.0,0.01,0.5,Arkansas,147.7,110,208,135.5,3.5,3.0,5,0.0,0.0,208.9,208.0,256.375,267.0,224.71428571428572,219.0,1.8571428571428572,1.0,5,0.3,2
0.5,0.1,1.0,Rhode Island,147.8,103,184,138.0,2.3,2.0,3,0.0,0.0,185.4,190.0,196.0,196.0,269.0,269.0,1.0,1.0,1,0.0,0
0.5,0.01,2.0,Vermont,148.5,112,196,153.0,10.4,10.5,12,0.0,0.0,166.2,161.5,182.6,177.5,208.44444444444446,244.0,4.4,4.5,10,2.7,6
ALL,ALL,ALL,West Virginia,149.0561797752809,108,483,117.0,8.890449438202246,10.0,16,0.0,0.0,181.70114942528735,118.0,184.27190332326285,121.0,248.4080717488789,233.0,1.484304932735426,1.0,4,0.0,0
2.0,0.01,1.0,Connecticut,149.3,65,173,161.0,5.2,5.0,6,0.0,0.0,199.2,173.0,259.5,284.0,284.8,246.0,2.7,2.0,7,0.3,1
2.0,0.25,2.0,New Hampshire,149.5,124,193,125.5,8.0,8.0,8,0.0,0.0,189.7,193.0,208.3,200.0,510.0,510.0,1.0,1.0,1,0.0,0
1.0,0.25,0.5,New Hampshire,150.7,107,193,137.0,7.1,7.0,8,0.0,0.0,183.2,193.0,208.6,200.0,,,0.0,0.0,0,0.0,0
1.0,0.01,2.0,Maryland,150.7,116,188,144.0,9.8,9.5,12,0.0,0.0,175.3,180.5,198.2,185.5,281.4,309.0,3.6,3.5,6,0.5,2
0.5,0.01,0.5,Maryland,150.9,107,176,157.5,5.0,5.0,6,0.0,0.0,176.7,178.0,221.6,209.0,173.28571428571428,145.0,2.857142857142857,3.0,5,0.4,2
2.0,0.01,2.0,Vermont,151.0,131,167,151.0,9.6,9.5,13,0.0,0.0,165.9,161.5,176.9,179.5,90.1,28.0,4.9,5.0,7,3.4,7
1.0,0.01,2.0,Vermont,151.2,112,179,150.0,10.1,10.0,11,0.2,2.0,160.0,156.0,171.0,173.5,80.6,28.0,5.2,5.0,8,3.0,5
0.5,0.01,2.0,Mississippi,151.3,100,254,140.5,4.6,5.0,7,0.0,0.0,249.3,254.0,308.8888888888889,302.0,,,0.0,0.0,0,0.0,0
1.0,0.01,2.0,Mississippi,151.7,100,203,169.5,6.6,6.0,9,0.0,0.0,225.5,203.0,316.4,302.5,359.0,359.0,1.0,1.0,1,0.0,0
2.0,0.01,1.0,Tennessee,152.2,64,213,155.0,22.7,22.5,25,0.0,0.0,182.3,179.5,198.8,208.0,216.8,234.5,5.7,5.0,11,2.2,5
1.0,0.01,2.0,Connecticut,152.6,65,173,161.0,4.7,5.0,6,0.0,0.0,204.7,172.0,250.0,284.0,220.625,196.5,3.25,3.0,5,0.2,1
0.5,0.01,1.0,Maryland,152.7,120,188,151.5,8.3,8.0,10,0.0,0.0,181.4,186.5,204.9,201.0,180.6,156.0,3.5,4.0,7,0.3,1
0.5,0.01,0.5,Virginia,152.7,99,171,168.0,4.7,5.0,7,0.0,0.0,181.2,176.0,228.22222222222223,225.0,192.0,195.0,3.0,2.0,7,0.5,2
1.0,0.01,0.5,Alabama,152.8,96,239,123.0,2.7,3.0,5,0.0,0.0,213.57142857142858,210.0,283.8333333333333,278.0,315.0,315.0,1.0,1.0,1,0.0,0
1.0,0.01,1.0,Maryland,153.2,120,188,141.5,8.9,9.0,10,0.0,0.0,175.7,180.5,192.1,188.0,214.7,169.5,2.5,2.5,5,0.1,1
1.0,0.01,2.0,Virginia,153.5,101,176,162.0,11.5,11.0,14,0.0,0.0,175.2,173.5,223.5,229.0,254.9,204.0,5.3,5.5,8,1.2,3
2.0,0.01,0.5,Connecticut,155.6,104,173,161.0,4.8,5.0,7,0.0,0.0,183.9,173.0,248.3,282.0,227.22222222222223,185.0,2.4444444444444446,3.0,4,0.2,1
1.0,0.1,1.0,Rhode Island,156.4,109,196,184.0,2.1,2.0,3,0.0,0.0,178.5,190.0,279.6666666666667,184.0,269.0,269.0,1.0,1.0,1,0.0,0
2.0,0.01,0.5,Virginia,156.5,135,176,161.0,11.0,11.0,13,0.0,0.0,185.6,172.5,224.5,225.0,281.0,289.0,4.3,3.5,9,1.4,3
2.0,0.1,1.0,Rhode Island,157.5,103,196,184.0,2.5,2.5,3,0.0,0.0,244.4,196.0,434.8,471.0,269.0,269.0,1.0,1.0,1,0.0,0
2.0,0.01,1.0,Massachusetts,157.5,123,185,160.0,5.5,5.0,7,0.0,0.0,187.2,197.0,215.3,212.5,216.44444444444446,212.0,4.0,4.0,7,0.0,0
0.5,0.01,1.0,Virginia,157.6,129,171,162.0,9.0,9.0,11,0.0,0.0,177.1,171.0,193.3,176.0,307.8,260.0,4.1,4.5,6,1.1,3
2.0,0.01,1.0,Maryland,158.1,120,210,155.5,9.5,9.0,11,0.0,0.0,192.0,186.5,211.9,205.0,299.2,223.0,3.6,3.0,8,0.2,1
0.5,0.01,0.5,Connecticut,158.3,104,179,173.0,3.6,3.5,5,0.1,1.0,222.6,185.0,292.8,308.0,214.42857142857142,231.0,1.4285714285714286,1.0,3,0.1,1
0.5,0.01,0.5,Alabama,158.6,96,353,109.5,1.6,2.0,2,0.0,0.0,222.33333333333334,253.5,,,315.0,315.0,1.0,1.0,1,0.0,0
2.0,0.01,0.5,Arkansas,158.7,101,281,128.0,7.1,6.5,9,0.0,0.0,205.7,208.0,253.4,267.0,195.0,123.5,1.8,1.5,4,0.6,1
2.0,0.01,2.0,Maryland,159.1,120,188,169.0,9.7,9.0,12,0.0,0.0,198.9,185.5,212.7,196.0,319.5,390.0,3.7,3.0,10,0.3,1
2.0,0.01,2.0,Virginia,159.2,108,176,171.0,12.3,12.5,16,0.0,0.0,177.3,176.0,225.6,225.0,210.4,199.5,5.0,4.0,9,2.1,5
2.0,0.01,0.5,Maryland,159.6,120,188,160.0,9.3,9.0,12,0.0,0.0,182.4,183.0,202.7,188.0,327.9,384.0,3.0,2.5,6,0.2,1
1.0,0.1,2.0,Rhode Island,160.2,103,196,184.0,2.3,2.0,3,0.0,0.0,245.6,196.0,423.0,512.0,269.0,269.0,1.0,1.0,1,0.0,0
1.0,0.01,1.0,Massachusetts,161.1,131,201,160.0,5.8,6.0,7,0.0,0.0,183.7,186.0,208.8,198.0,238.3,238.5,2.9,3.0,5,0.1,1
0.5,0.01,1.0,Massachusetts,161.4,124,197,160.0,4.5,5.0,6,0.0,0.0,202.5,198.0,231.5,243.0,227.3,213.0,2.9,3.0,5,0.0,0
0.5,0.01,1.0,Connecticut,161.6,65,284,161.0,4.1,4.0,5,0.2,2.0,195.1,173.0,266.2,284.0,247.3,246.0,1.7,1.0,4,0.2,2
1.0,0.01,2.0,Tennessee,162.7,143,187,167.0,21.6,21.5,28,0.0,0.0,184.9,188.0,204.7,208.0,160.6,191.5,6.3,7.0,8,2.4,4
2.0,0.1,2.0,Rhode Island,163.0,103,184,184.0,2.8,3.0,3,0.0,0.0,189.0,196.0,452.25,487.0,269.0,269.0,1.0,1.0,1,0.0,0
2.0,0.1,1.0,New Hampshire,163.1,107,193,186.0,7.6,8.0,8,0.0,0.0,199.0,200.0,220.0,225.0,123.0,123.0,1.0,1.0,1,0.0,0
2.0,0.01,1.0,Mississippi,163.3,100,302,164.0,6.0,6.0,9,0.0,0.0,229.2,216.0,290.3,254.0,257.0,257.0,1.0,1.0,1,0.0,0
1.0,0.1,0.5,New Hampshire,163.8,107,193,181.0,6.1,6.0,8,0.0,0.0,197.0,196.5,221.1,225.0,,,0.0,0.0,0,0.0,0
1.0,0.05,0.5,Rhode Island,164.9,103,196,184.0,2.0,2.0,3,0.0,0.0,191.25,196.0,190.0,190.0,269.0,269.0,1.0,1.0,1,0.0,0
1.0,0.25,0.5,Louisiana,165.0,129,174,174.0,3.0,3.0,3,0.0,0.0,177.2,178.0,259.0,259.0,263.0,263.0,1.0,1.0,1,0.0,0
0.5,0.1,2.0,New Hampshire,165.3,124,193,178.0,6.8,7.0,8,0.0,0.0,198.0,200.0,216.8,225.0,126.0,126.0,1.0,1.0,1,0.0,0
2.0,0.01,2.0,Connecticut,165.8,161,173,161.0,5.0,5.0,6,0.0,0.0,214.2,173.0,252.3,284.0,265.0,246.0,2.6,2.5,5,0.0,0
1.0,0.01,0.5,Virginia,166.3,138,176,171.0,8.3,8.5,11,0.0,0.0,194.6,176.0,235.3,225.0,266.5,204.0,3.8,4.0,8,1.8,5
2.0,0.01,2.0,Massachusetts,166.4,131,186,160.0,5.9,6.0,7,0.0,0.0,194.5,197.0,227.4,205.0,230.33333333333334,213.0,4.444444444444445,4.0,7,0.0,0
1.0,0.01,0.5,Massachusetts,167.1,131,197,160.0,5.0,5.0,6,0.0,0.0,191.0,197.0,214.7,205.0,228.625,221.0,3.875,3.5,8,0.0,0
2.0,0.01,2.0,Mississippi,167.2,100,203,172.0,7.3,7.0,11,0.0,0.0,207.4,203.0,257.6,254.0,210.5,210.5,1.0,1.0,1,0.0,0
2.0,0.01,0.5,Massachusetts,167.8,131,199,162.5,5.3,5.0,7,0.0,0.0,201.9,197.0,222.9,232.0,240.9,223.0,2.9,3.0,5,0.3,2
0.5,0.01,0.5,Massachusetts,167.9,131,197,160.0,4.4,4.0,6,0.2,1.0,205.3,199.5,225.4,233.0,233.55555555555554,229.0,2.9,3.0,5,0.2,1
1.0,0.01,1.0,Virginia,168.1,162,176,171.0,12.0,11.5,16,0.0,0.0,181.7,176.0,225.5,225.0,211.2,204.0,4.9,5.0,7,1.5,3
0.5,0.1,0.5,Louisiana,169.0,129,174,174.0,2.0,2.0,2,0.0,0.0,177.55555555555554,178.0,,,263.0,263.0,1.0,1.0,1,0.0,0
1.0,0.01,1.0,Tennessee,169.2,152,192,167.0,17.3,17.0,24,0.0,0.0,187.3,188.0,199.9,199.5,155.9,189.5,5.5,6.0,9,2.0,4
2.0,0.01,2.0,Tennessee,169.3,155,192,167.0,24.3,24.0,30,0.0,0.0,187.9,191.0,205.6,208.0,233.6,276.0,8.7,8.5,13,2.6,4
0.5,0.25,1.0,Louisiana,169.5,129,174,174.0,2.5,3.0,3,0.0,0.0,177.55555555555554,178.0,259.0,259.0,263.0,263.0,1.0,1.0,1,0.0,0
1.0,0.25,2.0,Louisiana,169.5,129,174,174.0,3.0,3.0,3,0.0,0.0,177.6,178.0,259.0,259.0,263.0,263.0,1.0,1.0,1,0.0,0
2.0,0.25,1.0,Louisiana,169.5,129,174,174.0,2.8,3.0,3,0.0,0.0,177.6,178.0,259.0,259.0,263.0,263.0,1.0,1.0,1,0.0,0
0.5,0.25,2.0,Louisiana,169.5,129,174,174.0,3.0,3.0,3,0.0,0.0,177.6,178.0,259.0,259.0,263.0,263.0,1.0,1.0,1,0.0,0
1.0,0.25,1.0,Louisiana,169.5,129,174,174.0,3.0,3.0,3,0.0,0.0,177.6,178.0,259.0,259.0,263.0,263.0,1.0,1.0,1,0.0,0
2.0,0.25,0.5,Louisiana,169.5,129,174,174.0,2.9,3.0,3,0.0,0.0,177.6,178.0,259.0,259.0,263.0,263.0,1.0,1.0,1,0.0,0
0.5,0.01,2.0,Alabama,169.8,96,239,179.0,3.7,3.0,6,0.0,0.0,261.7,269.5,364.1,382.5,,,0.0,0.0,0,0.0,0
2.0,0.05,2.0,Louisiana,169.9,129,178,174.0,2.5,2.0,4,0.0,0.0,213.7,178.0,321.5,259.0,263.0,263.0,1.0,1.0,1,0.0,0
2.0,0.1,0.5,New Hampshire,170.2,107,193,193.0,7.7,8.0,8,0.0,0.0,198.9,200.0,227.2,225.0,351.6,495.0,1.4,1.0,2,0.0,0
0.5,0.01,2.0,Massachusetts,170.4,111,230,160.0,5.1,5.0,6,0.0,0.0,215.5,197.0,247.9,233.0,255.1,252.0,2.1,2.0,4,0.0,0
2.0,0.01,1.0,Virginia,170.6,129,259,167.5,11.9,11.5,14,0.1,1.0,189.9,176.0,222.6,212.0,226.1,227.0,5.6,6.0,7,2.4,6
2.0,0.1,1.0,Louisiana,170.7,129,178,174.0,2.4,3.0,3,0.0,0.0,222.625,178.0,259.0,259.0,263.0,263.0,1.0,1.0,1,0.0,0
1.0,0.1,1.0,New Hampshire,170.8,107,193,193.0,6.8,7.0,8,0.0,0.0,196.3,200.0,219.6,225.0,,,0.0,0.0,0,0.0,0
0.5,0.01,0.5,Tennessee,170.9,155,192,167.0,7.2,6.0,14,0.0,0.0,199.5,198.0,223.7,225.0,255.8,206.0,1.4285714285714286,1.0,4,0.3,1
1.0,0.05,0.5,Louisiana,171.5,129,178,176.0,2.1,2.0,3,0.0,0.0,207.875,178.0,259.0,259.0,263.0,263.0,1.0,1.0,1,0.0,0
2.0,0.05,1.0,Louisiana,171.5,129,178,176.0,2.1,2.0,3,0.0,0.0,288.5,218.5,445.6666666666667,539.0,263.0,263.0,1.0,1.0,1,0.0,0
0.5,0.1,0.5,Rhode Island,171.9,109,184,184.0,2.0,2.0,3,0.0,0.0,194.66666666666666,196.0,196.0,196.0,,,0.0,0.0,0,0.0,0
2.0,0.05,1.0,Rhode Island,172.6,103,196,184.0,2.3,2.0,3,0.0,0.0,235.55555555555554,196.0,505.25,503.0,269.0,269.0,1.0,1.0,1,0.0,0
0.5,0.01,1.0,North Carolina,173.1,104,268,160.5,9.5,9.0,12,0.0,0.0,215.2,212.0,247.7,264.5,310.1111111111111,285.0,1.3333333333333333,1.0,3,0.8,2
2.0,0.01,0.5,Tennessee,173.7,155,192,167.0,22.1,21.0,28,0.0,0.0,195.5,192.0,209.5,208.0,197.9,257.5,6.7,6.0,11,2.1,6
0.5,0.25,0.5,Louisiana,174.0,174,174,174.0,1.5,1.5,2,0.0,0.0,178.0,178.0,,,263.0,263.0,1.0,1.0,1,0.0,0
2.0,0.25,2.0,Louisiana,174.0,174,174,174.0,3.6,4.0,5,0.0,0.0,178.0,178.0,286.77777777777777,259.0,263.0,263.0,1.0,1.0,1,0.0,0
1.0,0.1,0.5,Louisiana,174.0,174,174,174.0,2.7,3.0,3,0.0,0.0,178.0,178.0,259.0,259.0,263.0,263.0,1.0,1.0,1,0.0,0
0.5,0.05,1.0,Rhode Island,174.3,109,196,184.0,1.8,2.0,2,0.0,0.0,197.5,196.0,,,269.0,269.0,1.0,1.0,1,0.0,0
1.0,0.1,2.0,Louisiana,174.4,174,178,174.0,2.7,3.0,3,0.0,0.0,214.1,178.0,259.0,259.0,263.0,263.0,1.0,1.0,1,0.0,0
0.5,0.05,0.5,Louisiana,174.8,174,178,174.0,1.7,2.0,2,0.0,0.0,178.0,178.0,,,263.0,263.0,1.0,1.0,1,0.0,0
2.0,0.1,2.0,Louisiana,174.8,174,178,174.0,2.9,3.0,4,0.0,0.0,222.2,178.0,368.6666666666667,361.0,263.0,263.0,1.0,1.0,1,0.0,0
0.5,0.1,2.0,Louisiana,174.8,174,178,174.0,2.2,2.0,3,0.0,0.0,187.0,178.0,259.0,259.0,263.0,263.0,1.0,1.0,1,0.0,0
1.0,0.1,1.0,Louisiana,174.8,174,178,174.0,2.6,3.0,3,0.0,0.0,194.2,178.0,305.6666666666667,259.0,263.0,263.0,1.0,1.0,1,0.0,0
1.0,0.05,2.0,Rhode Island,175.0,138,196,184.0,2.4,2.0,3,0.0,0.0,337.2,202.0,450.25,522.0,269.0,269.0,1.0,1.0,1,0.0,0
0.5,0.1,1.0,New Hampshire,175.1,150,193,189.5,5.7,5.5,7,0.0,0.0,200.7,200.0,214.3,225.0,,,0.0,0.0,0,0.0,0
2.0,0.01,1.0,New Jersey,175.2,120,292,163.0,5.7,6.0,7,0.0,0.0,255.8,279.5,311.6,334.5,370.875,488.0,1.25,1.0,2,0.0,0
2.0,0.1,0.5,Louisiana,175.2,174,178,174.0,2.2,2.0,3,0.0,0.0,227.11111111111111,178.0,259.0,259.0,263.0,263.0,1.0,1.0,1,0.0,0
0.5,0.05,1.0,Louisiana,175.6,174,178,174.0,1.7,2.0,3,0.0,0.0,178.0,178.0,259.0,259.0,263.0,263.0,1.0,1.0,1,0.0,0
1.0,0.05,1.0,Louisiana,175.6,174,178,174.0,2.4,2.5,3,0.0,0.0,236.11111111111111,178.0,315.0,259.0,263.0,263.0,1.0,1.0,1,0.0,0
2.0,0.05,0.5,Louisiana,175.6,174,178,174.0,2.2,2.0,3,0.0,0.0,291.1111111111111,178.0,259.0,259.0,263.0,263.0,1.0,1.0,1,0.0,0
0.5,0.1,1.0,Louisiana,175.6,174,178,174.0,2.1,2.0,3,0.0,0.0,214.0,178.0,259.0,259.0,263.0,263.0,1.0,1.0,1,0.0,0
1.0,0.01,1.0,Mississippi,175.8,100,303,178.5,4.9,5.0,7,0.0,0.0,244.1,216.0,297.0,302.5,367.5,359.0,1.0,1.0,1,0.0,0
2.0,0.1,0.5,Rhode Island,175.9,103,184,184.0,2.6,3.0,3,0.0,0.0,190.2,196.0,393.0,471.0,269.0,269.0,1.0,1.0,1,0.0,0
0.5,0.05,2.0,Louisiana,176.0,174,178,176.0,1.8,2.0,3,0.0,0.0,241.14285714285714,178.0,259.0,259.0,263.0,263.0,1.0,1.0,1,0.0,0
1.0,0.05,2.0,Louisiana,176.4,174,178,178.0,2.1,2.0,3,0.0,0.0,223.0,259.0,399.0,399.0,263.0,263.0,1.0,1.0,1,0.0,0
2.0,0.01,0.5,New Jersey,176.5,120,250,178.5,5.9,6.0,7,0.0,0.0,271.3,296.5,340.1,376.5,304.8,209.0,1.4,1.0,2,0.0,0
1.0,0.01,0.5,Tennessee,176.6,155,208,175.5,13.7,13.0,16,0.0,0.0,188.0,192.0,204.0,208.0,220.9,247.0,3.5,3.0,6,1.1,3
0.5,0.01,2.0,Tennessee,177.3,155,208,175.5,16.9,16.0,22,0.0,0.0,193.3,192.0,203.7,206.5,121.2,28.0,4.5,4.0,7,1.5,3
0.5,0.01,1.0,Tennessee,177.5,143,220,175.5,9.0,10.0,14,0.0,0.0,198.7,190.0,228.1,200.0,262.0,239.5,1.7,1.0,5,0.9,2
0.5,0.05,0.5,Rhode Island,177.9,109,196,190.0,1.6,1.5,3,0.0,0.0,200.0,196.0,196.0,196.0,,,0.0,0.0,0,0.0,0
0.5,0.01,1.0,Louisiana,178.0,178,178,178.0,1.0,1.0,1,,,,,,,,,0.0,0.0,0,0.0,0
0.5,0.01,0.5,Louisiana,178.0,178,178,178.0,1.0,1.0,1,,,,,,,,,0.0,0.0,0,0.0,0
0.5,0.01,0.5,West Virginia,179.71428571428572,108,277,157.0,1.8571428571428572,2.0,3,0.0,0.0,286.0,157.0,277.0,277.0,,,0.0,0.0,0,0.0,0
ALL,ALL,ALL,Rhode Island,180.39644970414201,100,561,184.0,2.1094674556213016,2.0,3,0.0,0.0,209.42745098039217,196.0,296.225,196.0,269.0,269.0,1.0,1.0,1,0.0,0
1.0,0.05,1.0,New Hampshire,180.7,124,225,193.0,6.5,6.0,8,0.0,0.0,202.7,200.0,231.1,225.0,126.0,126.0,1.0,1.0,1,0.0,0
0.5,0.05,1.0,New Hampshire,181.1,107,225,193.0,4.9,5.0,6,0.0,0.0,219.0,225.0,248.7,234.5,,,0.0,0.0,0,0.0,0
2.0,0.01,0.5,North Carolina,181.1,155,230,168.0,14.7,15.0,17,0.0,0.0,228.5,230.0,244.1,247.0,421.2,465.0,3.4,3.0,8,1.3,5
1.0,0.01,1.0,North Carolina,181.2,150,230,174.0,14.8,15.0,18,0.0,0.0,203.3,196.0,223.1,218.0,356.8888888888889,293.0,2.1,2.0,4,1.8,4
1.0,0.05,1.0,Rhode Island,181.9,103,196,190.0,1.8,2.0,3,0.0,0.0,235.28571428571428,196.0,471.0,471.0,269.0,269.0,1.0,1.0,1,0.0,0
ALL,ALL,ALL,New Hampshire,181.90555555555557,95,313,193.0,6.05,7.0,8,0.0,0.0,214.05833333333334,200.0,239.49283667621776,225.0,339.25714285714287,381.0,1.0714285714285714,1.0,2,0.0,0
0.5,0.01,0.5,Mississippi,182.0,100,253,203.0,2.7142857142857144,2.0,5,0.0,0.0,220.71428571428572,229.0,264.3333333333333,253.0,359.0,359.0,1.0,1.0,1,0.0,0
0.5,0.1,0.5,New Hampshire,182.0,107,193,193.0,4.4,4.0,6,0.0,0.0,209.6,214.0,232.9,225.0,130.0,130.0,1.0,1.0,1,0.0,0
2.0,0.05,2.0,Rhode Island,182.2,130,196,184.0,2.4,2.0,3,0.0,0.0,265.2,196.0,487.0,487.0,269.0,269.0,1.0,1.0,1,0.0,0
0.5,0.01,2.0,Virginia,182.5,129,338,171.0,10.0,9.0,15,0.0,0.0,199.1,176.0,240.5,225.0,269.7,220.5,4.0,4.0,6,1.5,4
2.0,0.05,0.5,New Hampshire,183.0,127,225,193.0,7.0,7.0,8,0.0,0.0,206.5,200.0,227.4,225.0,495.0,495.0,1.0,1.0,1,0.0,0
1.0,0.01,2.0,Massachusetts,183.2,131,236,191.0,5.6,5.5,7,0.0,0.0,200.3,199.0,230.1,233.0,236.3,233.0,2.9,2.0,6,0.0,0
0.5,0.25,2.0,South Carolina,183.2,182,186,182.0,12.1,12.0,14,0.0,0.0,194.7,186.0,218.6,215.0,287.6,284.5,2.2,2.0,4,1.7,3
1.0,0.25,2.0,South Carolina,183.2,182,186,182.0,12.2,12.0,13,0.0,0.0,195.6,186.0,218.5,215.0,305.2,322.0,3.4,3.0,5,2.1,4
ALL,ALL,ALL,Louisiana,183.35576923076923,129,543,174.0,2.2596153846153846,2.0,5,0.0,0.0,208.57085020242914,178.0,280.02222222222224,259.0,263.0,263.0,1.0,1.0,1,0.0,0
0.5,0.25,0.5,South Carolina,183.6,182,186,182.0,3.2,3.0,4,0.0,0.0,197.6,186.0,218.6,215.0,,,0.0,0.0,0,0.0,0
1.0,0.25,0.5,South Carolina,183.6,182,186,182.0,10.1,10.0,11,0.0,0.0,197.6,186.0,220.6,215.0,288.3,284.5,1.6,2.0,2,1.0,1
1.0,0.25,1.0,South Carolina,183.6,182,186,182.0,11.8,12.0,15,0.0,0.0,200.5,200.5,224.4,224.0,320.8,335.0,1.7,2.0,3,2.2,3
2.0,0.25,0.5,South Carolina,183.8,182,186,183.0,11.9,12.0,13,0.0,0.0,198.5,186.0,222.5,219.5,236.8,270.5,2.9,2.5,5,2.6,4
2.0,0.25,2.0,South Carolina,184.1,182,186,184.5,12.3,12.0,14,0.0,0.0,201.4,200.5,222.8,224.0,295.4,331.5,4.7,5.0,7,3.4,4
2.0,0.05,0.5,Rhode Island,184.2,138,196,184.0,2.1,2.0,3,0.0,0.0,260.6666666666667,196.0,339.5,339.5,269.0,269.0,1.0,1.0,1,0.0,0
1.0,0.01,0.5,New Jersey,184.2,118,376,157.0,3.8,4.0,5,0.0,0.0,268.5,237.5,341.125,374.0,278.5,224.5,1.5,1.5,2,0.0,0
2.0,0.25,1.0,South Carolina,184.2,182,186,184.5,12.4,12.0,14,0.0,0.0,199.9,200.5,214.7,219.5,185.1,219.0,4.2,4.0,6,2.5,3
1.0,0.01,2.0,North Carolina,184.3,150,230,174.0,16.0,15.0,21,0.0,0.0,214.5,211.0,239.2,236.0,416.6,438.0,3.5,3.0,6,2.8,5
0.5,0.25,1.0,South Carolina,184.4,182,186,186.0,7.5,8.0,9,0.0,0.0,203.4,215.0,222.9,224.0,303.3,335.0,1.4,1.0,2,1.1,2
0.5,0.1,2.0,South Carolina,184.4,182,186,186.0,10.1,10.0,12,0.0,0.0,209.8,215.0,228.5,234.0,278.3,268.0,2.1,2.0,4,1.7,3
1.0,0.01,0.5,Mississippi,184.5,100,303,172.0,4.2,4.0,8,0.0,0.0,246.9,216.0,307.375,265.0,356.3333333333333,359.0,1.3333333333333333,1.0,2,0.0,0
2.0,0.1,0.5,South Carolina,184.5,182,186,186.0,10.4,10.5,13,0.0,0.0,205.6,215.0,221.2,234.0,229.3,325.0,2.4,2.0,4,1.4,3
0.5,0.05,1.0,South Carolina,184.8,182,186,186.0,5.6,5.5,7,0.0,0.0,224.2,224.5,252.8,254.0,272.8,268.0,2.1,2.0,3,1.1,2
0.5,0.1,1.0,South Carolina,184.8,182,186,186.0,6.3,6.0,7,0.0,0.0,215.0,215.0,240.1,231.0,283.1,284.5,2.2,2.0,4,1.4,2
1.0,0.1,1.0,South Carolina,185.2,182,186,186.0,10.5,11.0,12,0.0,0.0,213.9,215.0,232.1,234.0,291.9,284.5,2.5,2.5,5,1.4,2
0.5,0.05,2.0,New Hampshire,185.3,124,193,193.0,6.9,7.0,8,0.0,0.0,204.7,200.0,225.7,225.0,126.0,126.0,1.0,1.0,1,0.0,0
1.0,0.1,2.0,South Carolina,185.6,182,186,186.0,10.4,10.5,12,0.0,0.0,216.8,215.0,229.7,231.0,340.4,331.5,2.5,2.5,4,1.6,3
1.0,0.01,2.0,New Jersey,185.8,106,396,139.0,6.6,6.5,9,0.0,0.0,255.3,237.5,329.5,320.0,333.0,340.5,1.1666666666666667,1.0,2,0.0,0
0.5,0.01,2.0,New Jersey,186.1,106,284,181.5,4.8,5.0,6,0.0,0.0,260.7,260.0,353.1,373.5,145.33333333333334,138.0,1.3333333333333333,1.0,2,0.0,0
1.0,0.1,0.5,South Carolina,186.9,182,215,184.0,8.6,9.0,9,0.0,0.0,203.7,200.5,228.3,234.0,296.6,301.5,1.8,1.5,4,1.1,2
0.5,0.01,2.0,North Carolina,187.0,150,231,178.0,13.8,13.5,19,0.1,1.0,227.4,224.0,240.1,231.0,337.1111111111111,311.0,1.7,1.5,4,1.4,4
2.0,0.01,2.0,New Jersey,187.7,103,376,168.5,5.3,6.0,7,0.0,0.0,251.6,205.0,313.7,295.0,309.85714285714283,218.0,1.4285714285714286,1.0,3,0.0,0
0.5,0.1,0.5,South Carolina,187.7,182,215,186.0,2.2,2.0,3,0.0,0.0,205.25,215.0,258.0,227.5,219.0,219.0,1.5,1.5,2,0.0,0
0.5,0.05,0.5,South Carolina,188.1,182,215,186.0,1.6,1.5,3,0.0,0.0,238.6,215.0,362.0,362.0,219.0,219.0,1.0,1.0,1,0.0,0
2.0,0.1,1.0,South Carolina,188.3,182,224,186.0,10.7,10.0,13,0.0,0.0,209.5,215.0,226.5,234.0,260.7,335.0,2.8,3.0,4,1.9,4
2.0,0.1,2.0,New Hampshire,188.6,150,193,193.0,7.8,8.0,8,0.0,0.0,201.8,200.0,222.4,225.0,512.0,512.0,1.0,1.0,1,0.0,0
2.0,0.1,2.0,South Carolina,188.6,182,224,186.0,11.5,11.5,13,0.0,0.0,214.9,215.0,229.0,229.0,164.0,123.5,5.2,5.0,8,2.2,3
0.5,0.01,1.0,New Jersey,189.4,120,386,144.5,3.2,3.0,5,0.0,0.0,255.11111111111111,250.0,325.25,302.0,381.3333333333333,429.0,1.3333333333333333,1.0,2,0.0,0
0.5,0.05,2.0,Rhode Island,190.0,184,196,190.0,1.5,1.5,2,0.0,0.0,196.0,196.0,,,269.0,269.0,1.0,1.0,1,0.0,0
1.0,0.05,2.0,New Hampshire,190.1,150,200,193.0,6.9,7.0,8,0.0,0.0,215.4,218.0,232.4,226.5,495.0,495.0,1.0,1.0,1,0.0,0
1.0,0.05,0.5,South Carolina,190.4,182,234,186.0,7.8,7.0,11,0.0,0.0,224.1,234.0,241.7,240.0,276.2,268.0,2.5,2.0,4,1.1,2
2.0,0.25,1.0,Maine,191.0,191,191,191.0,8.4,8.5,9,0.0,0.0,203.9,204.0,221.4,230.0,209.5,209.5,1.625,2.0,2,0.0,0
0.5,0.25,0.5,Maine,191.0,191,191,191.0,4.3,4.0,6,0.0,0.0,203.7,204.0,220.2,230.0,214.4,196.0,2.3,2.5,3,0.0,0
0.5,0.25,1.0,Maine,191.0,191,191,191.0,7.9,8.0,9,0.0,0.0,203.6,204.0,215.6,210.0,204.1,196.0,2.4,2.5,3,0.1,1
1.0,0.25,2.0,Maine,191.0,191,191,191.0,7.9,8.0,8,0.0,0.0,204.0,204.0,228.7,230.0,202.75,196.0,1.5,1.5,2,0.1,1
0.5,0.25,2.0,Maine,191.0,191,191,191.0,7.8,8.0,8,0.0,0.0,203.9,204.0,221.4,230.0,236.5,223.0,2.1,2.0,3,0.1,1
1.0,0.25,1.0,Maine,191.0,191,191,191.0,7.7,8.0,9,0.0,0.0,203.7,204.0,223.3,230.0,202.75,196.0,1.375,1.0,2,0.1,1
2.0,0.25,2.0,Maine,191.0,191,191,191.0,8.2,8.0,9,0.0,0.0,203.9,204.0,224.5,230.0,220.0,223.0,1.1111111111111112,1.0,2,0.1,1
2.0,0.25,0.5,Maine,191.0,191,191,191.0,8.1,8.0,9,0.0,0.0,203.9,204.0,228.1,230.0,217.0,223.0,1.3333333333333333,1.0,3,0.1,1
1.0,0.25,0.5,Maine,191.0,191,191,191.0,7.5,7.5,9,0.0,0.0,203.8,204.0,219.9,220.0,232.0,223.0,2.111111111111111,2.0,3,0.2,1
2.0,0.1,1.0,Maine,191.0,191,191,191.0,7.2,7.0,8,0.0,0.0,203.9,204.0,224.5,230.0,201.4,196.0,2.1,2.0,4,0.3,1
1.0,0.1,0.5,Maine,191.0,191,191,191.0,6.8,7.0,8,0.0,0.0,209.2,204.0,237.5,235.5,209.5,196.0,2.5,2.0,5,0.3,1
2.0,0.01,2.0,North Carolina,191.1,150,230,184.0,15.5,15.5,21,0.0,0.0,221.4,230.0,246.8,261.5,338.2,289.0,3.8,4.0,6,2.2,4
2.0,0.05,2.0,New Hampshire,191.2,150,218,193.0,7.0,7.0,8,0.0,0.0,212.5,216.0,230.4,225.0,510.0,510.0,1.0,1.0,1,0.0,0
0.5,0.01,1.0,Mississippi,191.2,100,323,203.0,3.3,3.5,5,0.0,0.0,275.8888888888889,277.0,302.1666666666667,278.5,359.0,359.0,1.0,1.0,1,0.0,0
2.0,0.01,1.0,North Carolina,191.9,123,231,190.0,15.1,15.0,17,0.0,0.0,219.2,216.0,233.2,230.0,367.77777777777777,400.0,3.6,3.5,6,2.6,4
0.5,0.01,0.5,New Jersey,192.0,120,250,199.5,1.9,2.0,3,0.0,0.0,268.875,250.0,250.0,250.0,,,0.0,0.0,0,0.0,0
0.5,0.05,2.0,South Carolina,192.1,182,234,186.0,8.2,8.0,10,0.0,0.0,222.2,228.0,239.6,234.0,263.3,268.0,2.8,3.0,5,1.6,3
0.5,0.05,2.0,Maine,192.2,191,203,191.0,6.4,6.0,8,0.0,0.0,217.2,204.0,250.8,257.0,204.1,196.0,2.8,3.0,5,0.5,1
0.5,0.1,1.0,Maine,192.3,191,204,191.0,6.7,7.0,8,0.0,0.0,211.9,204.0,241.4,235.5,202.0,196.0,2.1,2.0,3,0.4,1
2.0,0.1,2.0,Maine,192.3,191,204,191.0,7.5,7.0,9,0.0,0.0,207.4,204.0,230.3,230.0,196.0,196.0,1.7777777777777777,2.0,3,0.4,1
0.5,0.1,2.0,Maine,192.3,191,204,191.0,7.2,7.0,8,0.0,0.0,214.6,204.0,241.5,230.0,217.7,196.0,2.6,3.0,4,0.4,1
1.0,0.1,1.0,Maine,192.3,191,204,191.0,7.2,7.0,8,0.0,0.0,206.3,204.0,229.8,230.0,250.5,196.0,1.7777777777777777,2.0,3,0.4,1
2.0,0.05,0.5,South Carolina,192.5,182,234,186.0,8.0,8.0,10,0.0,0.0,219.2,229.0,241.1,240.0,295.5,326.0,3.4,3.0,7,1.3,3
2.0,0.05,2.0,South Carolina,193.0,182,234,186.0,10.5,11.0,12,0.0,0.0,222.6,231.0,239.9,237.0,84.2,28.0,6.3,6.0,11,1.9,3
2.0,0.05,1.0,South Carolina,193.4,183,234,186.0,9.4,9.0,10,0.0,0.0,228.5,234.0,250.4,254.0,283.3,308.5,4.4,4.0,10,1.6,2
1.0,0.1,2.0,Maine,193.6,191,204,191.0,7.2,7.0,9,0.0,0.0,211.8,204.0,242.9,241.0,201.5,196.0,2.2222222222222223,2.0,5,0.4,1
1.0,0.01,1.0,New Jersey,193.9,106,371,199.5,5.2,5.5,6,0.0,0.0,251.9,250.0,328.5,298.0,402.5,484.0,1.25,1.0,2,0.0,0
0.5,0.1,0.5,Maine,194.9,191,204,191.0,3.1,3.0,4,0.0,0.0,209.77777777777777,204.0,236.11111111111111,241.0,216.25,196.0,2.5,2.5,4,0.8,2
1.0,0.05,2.0,South Carolina,195.2,182,234,186.0,9.2,9.0,11,0.0,0.0,229.8,234.0,249.3,251.0,345.6,335.0,3.4,3.5,5,1.3,2
0.5,0.05,0.5,Maine,195.33333333333334,191,204,191.0,2.7777777777777777,3.0,4,0.0,0.0,213.44444444444446,204.0,245.33333333333334,249.0,216.14285714285714,196.0,1.7777777777777777,2.0,4,1.3333333333333333,2
0.5,0.01,1.0,Rhode Island,196.0,196,196,196.0,1.0,1.0,1,,,,,,,,,0.0,0.0,0,0.0,0
1.0,0.01,0.5,Rhode Island,196.0,196,196,196.0,1.0,1.0,1,,,,,,,,,0.0,0.0,0,0.0,0
0.5,0.01,0.5,Rhode Island,196.0,196,196,196.0,1.0,1.0,1,,,,,,,,,0.0,0.0,0,0.0,0
0.5,0.05,0.5,New Hampshire,196.1,192,225,193.0,3.4,3.0,6,0.0,0.0,212.6,214.0,225.0,225.0,,,0.0,0.0,0,0.0,0
2.0,0.05,1.0,New Hampshire,196.2,193,225,193.0,7.2,7.0,8,0.0,0.0,217.7,218.0,232.3,225.0,503.5,503.5,1.0,1.0,1,0.0,0
2.0,0.05,2.0,Maine,196.2,191,204,191.0,6.8,7.0,7,0.0,0.0,226.2,217.0,255.5,257.0,239.6,196.0,2.5,2.5,5,0.6,1
0.5,0.01,0.5,Delaware,196.33333333333334,180,229,180.0,1.0,1.0,1,,,,,,,206.5,206.5,2.0,2.0,2,0.0,0
1.0,0.01,0.5,North Carolina,197.0,155,264,184.0,11.9,11.0,15,0.0,0.0,213.0,216.0,235.4,246.5,324.625,293.0,1.625,2.0,2,1.2,3
0.5,0.01,0.5,North Carolina,198.1,168,241,195.0,5.6,5.0,9,0.0,0.0,225.3,229.5,241.6,230.5,293.0,293.0,1.5,1.5,2,0.1,1
ALL,ALL,ALL,South Carolina,198.12813370473538,182,328,186.0,7.894150417827298,8.0,15,0.017241379310344827,1.0,224.16379310344828,215.0,244.83928571428572,234.0,271.80555555555554,300.0,3.16,3.0,11,1.2701949860724233,4
2.0,0.05,0.5,Maine,198.6,191,241,191.0,7.1,7.0,8,0.0,0.0,223.5,220.0,242.3,235.5,261.4,207.0,2.2,2.0,4,0.2,1
2.0,0.05,1.0,Maine,200.2,191,257,191.0,6.4,6.0,7,0.0,0.0,221.1,204.0,260.3,257.0,269.1111111111111,218.0,2.4,2.5,5,0.8,1
1.0,0.05,0.5,New Hampshire,201.1,192,218,193.0,5.7,6.0,7,0.0,0.0,216.0,221.0,229.3,225.0,,,0.0,0.0,0,0.0,0
1.0,0.05,0.5,Maine,201.2,191,241,191.0,6.3,6.0,7,0.0,0.0,226.1,230.0,251.0,249.0,225.66666666666666,196.0,2.7777777777777777,2.0,5,0.3,1
1.0,0.05,1.0,Maine,201.4,191,269,191.0,6.4,6.0,9,0.0,0.0,225.4,204.0,249.3,249.0,220.22222222222223,196.0,2.2222222222222223,2.0,4,0.4,1
2.0,0.1,0.5,Maine,201.5,191,257,191.0,7.5,8.0,8,0.0,0.0,215.2,204.0,241.2,230.0,204.25,196.0,2.0,2.0,3,0.3,1
0.5,0.05,1.0,Maine,202.8,191,257,197.5,6.0,6.0,8,0.0,0.0,222.7,207.0,255.4,257.0,245.44444444444446,206.0,1.7777777777777777,2.0,3,0.4,1
1.0,0.05,2.0,Maine,206.5,191,257,197.5,6.7,7.0,8,0.0,0.0,239.1,249.0,264.3,263.0,277.77777777777777,218.0,1.9,1.5,4,0.5,1
ALL,ALL,ALL,Maine,208.9129213483146,191,313,191.0,6.207865168539326,7.0,9,0.014245014245014245,1.0,230.1908831908832,204.0,254.48265895953756,241.0,249.1296928327645,206.0,1.9315960912052117,2.0,5,0.300561797752809,2
1.0,0.05,1.0,South Carolina,209.6,182,240,207.0,7.8,8.0,9,0.0,0.0,237.2,234.0,253.3,258.0,286.3,268.0,3.1,3.0,4,1.7,3
0.5,0.01,0.5,South Carolina,213.55555555555554,186,262,186.0,2.3333333333333335,2.0,4,0.14285714285714285,1.0,288.7142857142857,272.0,282.75,270.5,270.6666666666667,268.0,2.5,2.5,4,0.3333333333333333,1
2.0,0.01,2.0,Louisiana,213.83333333333334,178,393,178.0,1.3333333333333333,1.0,2,0.0,0.0,524.0,524.0,,,,,0.0,0.0,0,0.0,0
0.5,0.01,1.0,New Hampshire,216.2,192,256,221.5,4.0,4.5,5,0.0,0.0,250.4,248.5,269.75,277.0,235.0,235.0,1.0,1.0,1,0.0,0
2.0,0.01,0.5,South Carolina,217.6,186,262,234.0,5.0,5.0,7,0.1,1.0,256.7,258.0,273.1,270.5,294.7,293.0,4.1,4.5,6,0.4,1
0.5,0.01,0.5,New Hampshire,217.8,193,262,225.0,3.3,3.0,5,0.0,0.0,266.8,274.0,282.375,283.0,308.0,308.0,1.0,1.0,1,0.0,0
0.5,0.01,2.0,Louisiana,218.66666666666666,178,422,178.0,1.3333333333333333,1.0,3,0.0,0.0,259.0,259.0,539.0,539.0,,,0.0,0.0,0,0.0,0
1.0,0.01,1.0,New Hampshire,220.3,150,277,221.5,4.2,4.0,5,0.0,0.0,240.5,225.0,259.1,266.5,,,0.0,0.0,0,0.0,0
2.0,0.01,1.0,New Hampshire,222.7,193,244,225.0,4.5,4.5,6,0.0,0.0,262.3,266.5,374.6,282.0,235.0,235.0,1.0,1.0,1,0.0,0
1.0,0.01,2.0,New Hampshire,225.2,193,239,227.5,4.3,4.5,7,0.0,0.0,259.2,261.5,292.6,283.0,408.3333333333333,495.0,1.0,1.0,1,0.0,0
1.0,0.01,0.5,South Carolina,226.8,182,262,234.0,4.6,5.0,6,0.0,0.0,258.5,262.0,276.6,275.5,296.22222222222223,300.0,3.2222222222222223,3.0,6,0.5,2
2.0,0.01,1.0,West Virginia,227.5,152,483,160.5,4.1,3.0,9,0.0,0.0,427.3,475.0,456.2,486.0,302.2,233.0,1.2,1.0,2,0.0,0
2.0,0.01,1.0,South Carolina,228.0,186,262,234.0,5.8,6.0,8,0.0,0.0,260.2,262.0,277.1,279.0,288.22222222222223,302.0,4.555555555555555,5.0,8,0.7,2
1.0,0.01,0.5,Louisiana,232.0,178,259,259.0,1.0,1.0,1,,,,,,,,,0.0,0.0,0,0.0,0
1.0,0.01,0.5,New Hampshire,232.7,193,283,230.0,3.2,3.0,5,0.0,0.0,276.5,282.0,286.85714285714283,283.0,235.0,235.0,1.0,1.0,1,0.0,0
1.0,0.01,2.0,South Carolina,232.8,186,262,234.0,4.6,5.0,7,0.1,1.0,261.5,262.0,305.22222222222223,279.0,266.0,301.0,2.888888888888889,3.0,5,0.5,1
2.0,0.01,0.5,New Hampshire,234.5,193,313,227.5,4.3,4.0,6,0.0,0.0,256.9,251.0,317.6,283.0,271.5,235.0,1.0,1.0,1,0.0,0
2.0,0.01,2.0,South Carolina,234.8,186,262,234.0,5.5,5.5,7,0.1,1.0,266.1,262.0,309.3,279.0,221.4,299.5,6.0,6.0,11,0.6,1
2.0,0.01,2.0,New Hampshire,234.9,200,283,227.5,4.1,4.0,5,0.0,0.0,282.5,281.0,323.0,292.0,321.6666666666667,235.0,1.0,1.0,1,0.0,0
0.5,0.01,2.0,South Carolina,236.3,186,269,234.0,3.8,4.0,5,0.0,0.0,264.44444444444446,262.0,277.44444444444446,274.0,298.8888888888889,268.0,2.8,2.0,8,0.6,1
0.5,0.01,2.0,New Hampshire,236.9,193,313,225.0,3.4,3.0,5,0.0,0.0,263.8,250.0,320.1111111111111,287.0,381.0,381.0,1.0,1.0,1,0.0,0
0.5,0.01,1.0,South Carolina,237.5,186,328,234.0,4.3,4.5,6,0.0,0.0,253.0,262.0,279.1111111111111,279.0,288.3333333333333,284.0,2.3333333333333335,2.0,5,0.5,1
1.0,0.01,1.0,South Carolina,238.0,186,272,244.0,5.4,6.0,8,0.2,1.0,260.4,267.0,275.3,274.0,294.4,292.0,4.6,5.0,6,0.6,1
1.0,0.01,1.0,West Virginia,240.2,121,477,165.5,4.0,4.0,6,0.0,0.0,387.4,439.5,458.25,477.0,412.3333333333333,406.0,1.0,1.0,1,0.0,0
2.0,0.01,0.5,Delaware,240.7,92,387,229.0,1.2,1.0,2,0.0,0.0,411.0,411.0,,,197.66666666666666,206.5,2.3333333333333335,2.0,4,0.0,0
1.0,0.01,2.0,Maine,242.5,204,288,230.0,4.4,4.0,7,0.2,1.0,277.7,288.0,307.4,298.0,409.2,429.5,1.5,1.5,2,0.4,1
2.0,0.01,1.0,Delaware,243.9,92,378,229.0,1.1,1.0,2,0.0,0.0,276.0,276.0,,,233.5,233.5,1.0,1.0,1,0.0,0
1.0,0.01,1.0,Maine,247.0,191,288,258.5,4.7,4.5,7,0.0,0.0,275.4,288.0,316.5,307.0,286.7142857142857,206.0,1.2857142857142858,1.0,2,0.1,1
0.5,0.01,0.5,Maine,249.14285714285714,191,313,251.0,1.8571428571428572,1.0,4,0.3333333333333333,1.0,280.6666666666667,287.0,298.5,298.5,214.0,206.0,1.3333333333333333,1.0,2,0.2857142857142857,2
1.0,0.01,2.0,Louisiana,250.2,178,539,178.0,1.2,1.0,2,0.0,0.0,543.0,543.0,,,263.0,263.0,1.0,1.0,1,0.0,0
0.5,0.01,1.0,Maine,250.3,204,288,257.0,4.5,5.0,6,0.1,1.0,289.7,288.0,304.6666666666667,298.0,305.0,305.0,0.75,1.0,1,0.1,1
1.0,0.01,1.0,Delaware,251.6,92,402,229.0,1.0,1.0,1,,,,,,,224.4,230.0,1.8,1.0,4,0.0,0
2.0,0.01,2.0,Maine,252.1,191,288,257.0,4.9,5.0,7,0.0,0.0,282.1,287.0,306.4,291.0,441.14285714285717,554.0,1.375,1.0,3,0.1,1
2.0,0.01,0.5,West Virginia,252.3,121,473,217.0,4.3,5.0,6,0.0,0.0,384.1111111111111,466.0,411.55555555555554,482.0,375.2,233.0,1.2,1.0,2,0.0,0
1.0,0.01,0.5,Maine,253.8,191,288,272.0,4.2,4.0,6,0.1,1.0,295.6,288.0,319.1,309.5,213.5,213.5,0.6666666666666666,1.0,1,0.2,1
2.0,0.01,1.0,Maine,258.0,204,288,257.0,4.5,4.5,5,0.0,0.0,300.3,288.0,311.7,307.0,370.85714285714283,305.0,1.2857142857142858,1.0,2,0.1,1
2.0,0.01,0.5,Maine,261.9,204,288,287.0,4.9,5.0,6,0.0,0.0,285.7,288.0,315.7,307.0,369.42857142857144,305.0,1.2857142857142858,1.0,2,0.0,0
0.5,0.01,2.0,Maine,262.2,204,312,272.0,4.8,5.0,6,0.0,0.0,292.1,288.0,313.6,307.0,425.75,431.0,1.4444444444444444,1.0,3,0.1,1
1.0,0.01,2.0,Delaware,263.6,92,402,229.0,1.2,1.0,2,0.0,0.0,411.0,411.0,,,275.3333333333333,230.0,2.0,2.0,3,0.0,0
1.0,0.01,0.5,West Virginia,263.7,149,482,277.0,2.4,2.0,5,0.0,0.0,443.75,477.0,477.3333333333333,477.0,,,0.0,0.0,0,0.0,0
1.0,0.01,0.5,Delaware,267.0,180,422,229.0,1.2,1.0,2,0.0,0.0,389.5,389.5,,,275.3333333333333,230.0,1.6666666666666667,1.0,3,0.0,0
2.0,0.01,2.0,Delaware,267.7,92,402,229.0,1.1,1.0,2,0.0,0.0,402.0,402.0,,,298.25,237.0,1.5,1.5,2,0.0,0
2.0,0.01,0.5,Louisiana,276.0,157,543,178.0,1.1666666666666667,1.0,2,0.0,0.0,509.0,509.0,,,263.0,263.0,1.0,1.0,1,0.0,0
0.5,0.01,2.0,Delaware,278.0,229,402,229.0,1.2,1.0,2,0.0,0.0,377.0,377.0,,,348.8333333333333,233.5,1.1666666666666667,1.0,2,0.0,0
0.5,0.01,2.0,West Virginia,284.1,121,482,280.0,4.0,4.5,5,0.0,0.0,404.55555555555554,473.0,455.44444444444446,482.0,598.0,598.0,1.0,1.0,1,0.0,0
1.0,0.01,2.0,West Virginia,287.8,121,466,277.0,4.0,3.5,8,0.0,0.0,405.1111111111111,477.0,448.0,482.0,463.6666666666667,579.0,1.3333333333333333,1.0,2,0.0,0
0.5,0.01,1.0,West Virginia,291.8888888888889,152,482,277.0,2.7777777777777777,3.0,4,0.0,0.0,385.5,473.0,419.3333333333333,473.0,202.0,202.0,1.0,1.0,1,0.0,0
1.0,0.01,1.0,Louisiana,292.75,178,422,285.5,1.25,1.0,2,0.0,0.0,259.0,259.0,,,,,0.0,0.0,0,0.0,0
0.5,0.01,2.0,Rhode Island,296.5,196,561,196.0,1.0,1.0,1,,,,,,,,,0.0,0.0,0,0.0,0
2.0,0.01,2.0,West Virginia,296.7,157,466,288.5,4.2,4.0,9,0.0,0.0,420.7,467.5,474.85714285714283,473.0,524.5,579.0,1.1666666666666667,1.0,2,0.0,0
2.0,0.01,0.5,Rhode Island,317.6666666666667,196,561,196.0,1.0,1.0,1,,,,,,,,,0.0,0.0,0,0.0,0
0.5,0.01,1.0,Delaware,320.5,229,594,251.5,1.0,1.0,1,,,,,,,238.0,237.0,1.5,1.5,2,0.0,0
1.0,0.01,1.0,Rhode Island,328.5,184,561,196.0,1.6,2.0,2,0.0,0.0,483.8333333333333,549.0,,,,,0.0,0.0,0,0.0,0
1.0,0.01,2.0,Rhode Island,331.375,184,561,196.0,1.25,1.0,2,0.0,0.0,388.5,388.5,,,,,0.0,0.0,0,0.0,0
2.0,0.01,1.0,Rhode Island,342.0,196,561,196.0,1.1111111111111112,1.0,2,0.0,0.0,549.0,549.0,,,,,0.0,0.0,0,0.0,0
2.0,0.01,2.0,Rhode Island,349.0,196,561,196.0,1.2857142857142858,1.0,2,0.0,0.0,555.0,555.0,,,,,0.0,0.0,0,0.0,0
2.0,0.01,1.0,Louisiana,359.8333333333333,178,543,358.5,1.0,1.0,1,,,,,,,,,0.0,0.0,0,0.0,0
