alpha,beta,gamma,state,mean_first_intro_day,earliest_first_intro_day,latest_first_intro_day,median_first_intro_day,mean_intro_count,median_intro_count,max_intro_count,mean_cumu_before_second_intro,max_cumu_before_second_intro,mean_intro_day_2,median_intro_day_2,mean_intro_day_3,median_intro_day_3,mean_first_export_day,median_first_export_day,mean_export_count,median_export_count,max_export_count,mean_total_cumu_cases,max_total_cumu_cases
0.5,0.01,0.5,Texas,28.0,28,28,28.0,15.5,14.5,24,0.0,0.0,28.0,28.0,28.0,28.0,29.0,29.0,31.4,31.0,35,24.0,28
0.5,0.01,1.0,Texas,28.0,28,28,28.0,24.9,24.0,32,0.0,0.0,28.0,28.0,28.0,28.0,29.0,29.0,47.9,47.0,55,29.4,32
1.0,0.01,0.5,Texas,28.0,28,28,28.0,25.8,26.0,30,0.0,0.0,28.0,28.0,28.0,28.0,29.2,29.0,54.3,53.5,61,33.6,38
0.5,0.01,2.0,Texas,28.0,28,28,28.0,29.5,28.5,34,0.0,0.0,28.0,28.0,28.0,28.0,29.2,29.0,59.7,60.0,69,38.7,45
0.5,0.05,0.5,Texas,28.0,28,28,28.0,24.9,25.0,31,0.0,0.0,28.0,28.0,28.0,28.0,29.0,29.0,51.3,51.0,59,38.8,45
0.5,0.05,1.0,Texas,28.0,28,28,28.0,32.8,32.5,38,0.0,0.0,28.0,28.0,28.0,28.0,29.0,29.0,57.6,58.0,67,40.9,45
0.5,0.1,0.5,Texas,28.0,28,28,28.0,28.3,28.0,31,0.0,0.0,28.0,28.0,28.0,28.0,29.0,29.0,52.3,52.5,57,41.1,45
1.0,0.01,1.0,Texas,28.0,28,28,28.0,31.2,31.5,36,0.0,0.0,28.0,28.0,28.0,28.0,29.0,29.0,68.2,68.5,74,41.3,45
1.0,0.05,0.5,Texas,28.0,28,28,28.0,35.3,36.0,39,0.0,0.0,28.0,28.0,28.0,28.0,29.0,29.0,67.4,68.0,80,42.2,47
0.5,0.1,1.0,Texas,28.0,28,28,28.0,35.0,36.0,38,0.0,0.0,28.0,28.0,28.0,28.0,29.0,29.0,63.7,64.0,69,43.0,45
0.5,0.25,0.5,Texas,28.0,28,28,28.0,30.2,30.5,33,0.0,0.0,28.0,28.0,28.0,28.0,29.0,29.0,52.1,52.5,57,44.3,47
1.0,0.01,2.0,Texas,28.0,28,28,28.0,35.7,35.0,40,0.0,0.0,28.0,28.0,28.0,28.0,29.0,29.0,73.1,73.5,85,45.2,50
1.0,0.1,0.5,Texas,28.0,28,28,28.0,36.4,37.0,40,0.0,0.0,28.0,28.0,28.0,28.0,29.0,29.0,70.6,70.5,80,45.9,50
0.5,0.05,2.0,Texas,28.0,28,28,28.0,39.6,39.5,43,0.0,0.0,28.0,28.0,28.0,28.0,29.0,29.0,73.0,73.5,76,46.1,50
2.0,0.01,1.0,Texas,28.0,28,28,28.0,33.0,32.5,39,0.0,0.0,28.0,28.0,28.0,28.0,29.2,29.0,79.7,81.0,92,46.5,51
0.5,0.25,1.0,Texas,28.0,28,28,28.0,34.6,34.5,38,0.0,0.0,28.0,28.0,28.0,28.0,29.0,29.0,61.4,62.5,67,46.7,49
1.0,0.05,1.0,Texas,28.0,28,28,28.0,40.8,41.0,45,0.0,0.0,28.0,28.0,28.0,28.0,29.0,29.0,77.7,79.0,87,46.7,52
2.0,0.01,0.5,Texas,28.0,28,28,28.0,29.5,30.0,35,0.0,0.0,28.0,28.0,28.0,28.0,29.0,29.0,76.2,74.0,87,47.4,52
2.0,0.01,2.0,Texas,28.0,28,28,28.0,33.8,33.0,37,0.0,0.0,28.0,28.0,28.0,28.0,29.0,29.0,81.8,82.0,86,47.4,55
1.0,0.25,0.5,Texas,28.0,28,28,28.0,36.6,37.0,42,0.0,0.0,28.0,28.0,28.0,28.0,29.0,29.0,67.3,66.0,74,47.5,50
ALL,ALL,ALL,Texas,28.0,28,28,28.0,35.81388888888889,37.0,49,0.0,0.0,28.0,28.0,28.0,28.0,29.016666666666666,29.0,73.26944444444445,75.0,110,47.55277777777778,64
1.0,0.1,1.0,Texas,28.0,28,28,28.0,41.7,41.0,45,0.0,0.0,28.0,28.0,28.0,28.0,29.0,29.0,78.6,78.5,82,48.3,51
0.5,0.1,2.0,Texas,28.0,28,28,28.0,39.1,39.5,42,0.0,0.0,28.0,28.0,28.0,28.0,29.0,29.0,74.6,74.5,81,49.2,54
0.5,0.25,2.0,Texas,28.0,28,28,28.0,39.3,39.0,42,0.0,0.0,28.0,28.0,28.0,28.0,29.0,29.0,73.9,72.5,81,51.0,53
2.0,0.05,0.5,Texas,28.0,28,28,28.0,40.1,40.5,46,0.0,0.0,28.0,28.0,28.0,28.0,29.0,29.0,88.0,89.0,95,51.2,58
1.0,0.25,1.0,Texas,28.0,28,28,28.0,40.8,40.0,45,0.0,0.0,28.0,28.0,28.0,28.0,29.0,29.0,78.5,78.0,88,51.5,54
2.0,0.1,0.5,Texas,28.0,28,28,28.0,41.8,42.5,45,0.0,0.0,28.0,28.0,28.0,28.0,29.0,29.0,89.1,89.5,99,53.7,56
2.0,0.25,0.5,Texas,28.0,28,28,28.0,42.8,42.5,46,0.0,0.0,28.0,28.0,28.0,28.0,29.0,29.0,81.9,80.5,94,54.0,56
1.0,0.05,2.0,Texas,28.0,28,28,28.0,41.1,41.5,45,0.0,0.0,28.0,28.0,28.0,28.0,29.0,29.0,85.9,86.0,94,54.6,58
1.0,0.1,2.0,Texas,28.0,28,28,28.0,42.6,42.5,49,0.0,0.0,28.0,28.0,28.0,28.0,29.0,29.0,88.2,89.5,99,56.2,60
2.0,0.05,1.0,Texas,28.0,28,28,28.0,40.0,40.5,45,0.0,0.0,28.0,28.0,28.0,28.0,29.0,29.0,91.4,92.0,100,56.3,61
2.0,0.05,2.0,Texas,28.0,28,28,28.0,40.3,41.0,43,0.0,0.0,28.0,28.0,28.0,28.0,29.0,29.0,93.3,94.5,100,56.7,59
2.0,0.25,2.0,Texas,28.0,28,28,28.0,42.9,42.5,46,0.0,0.0,28.0,28.0,28.0,28.0,29.0,29.0,90.4,91.0,96,58.2,61
2.0,0.25,1.0,Texas,28.0,28,28,28.0,42.8,42.5,48,0.0,0.0,28.0,28.0,28.0,28.0,29.0,29.0,88.8,89.5,93,58.4,62
1.0,0.25,2.0,Texas,28.0,28,28,28.0,41.5,41.0,46,0.0,0.0,28.0,28.0,28.0,28.0,29.0,29.0,83.8,83.0,91,58.6,60
2.0,0.1,1.0,Texas,28.0,28,28,28.0,39.2,40.0,44,0.0,0.0,28.0,28.0,28.0,28.0,29.0,29.0,89.6,90.0,96,58.6,63
2.0,0.1,2.0,Texas,28.0,28,28,28.0,39.9,41.0,44,0.0,0.0,28.0,28.0,28.0,28.0,29.0,29.0,95.0,93.5,110,58.7,64
1.0,0.01,1.0,New Mexico,29.0,29,29,29.0,12.2,12.0,14,0.2,1.0,44.8,38.0,55.7,52.0,28.0,28.0,28.0,28.5,31,2.2,4
2.0,0.01,0.5,New Mexico,29.0,29,29,29.0,12.5,13.0,14,0.4,2.0,51.7,57.0,70.1,65.5,28.0,28.0,27.7,28.5,32,2.3,3
1.0,0.05,0.5,New Mexico,29.0,29,29,29.0,13.0,13.0,14,1.0,1.0,39.0,34.0,56.5,58.0,28.0,28.0,27.2,28.0,30,2.4,3
1.0,0.01,2.0,New Mexico,29.0,29,29,29.0,11.8,12.5,13,0.5,1.0,46.7,43.0,68.8,75.0,28.0,28.0,29.4,29.0,36,2.4,4
0.5,0.05,2.0,New Mexico,29.0,29,29,29.0,12.8,13.0,14,1.0,1.0,37.8,36.5,58.9,61.0,28.0,28.0,34.2,34.0,38,2.5,3
2.0,0.05,2.0,New Mexico,29.0,29,29,29.0,13.7,14.0,15,1.0,1.0,38.7,39.5,58.8,59.5,28.0,28.0,33.2,33.0,36,2.6,4
0.5,0.1,0.5,New Mexico,29.0,29,29,29.0,11.1,11.0,12,1.0,1.0,34.9,34.0,52.2,40.0,28.0,28.0,26.9,26.5,30,2.6,4
0.5,0.05,1.0,New Mexico,29.0,29,29,29.0,11.3,11.5,13,1.1,2.0,37.8,36.5,69.8,75.0,28.0,28.0,27.2,26.5,32,2.7,4
1.0,0.05,1.0,New Mexico,29.0,29,29,29.0,13.7,14.0,15,0.9,1.0,40.9,41.5,54.2,57.5,28.0,28.0,32.4,32.0,36,2.7,4
0.5,0.1,1.0,New Mexico,29.0,29,29,29.0,12.0,12.0,13,1.0,1.0,34.9,34.0,54.4,57.0,28.0,28.0,30.0,29.5,33,2.7,4
0.5,0.01,1.0,New Mexico,29.0,29,29,29.0,10.2,10.5,13,0.7,2.0,55.1,57.0,76.1,75.0,28.0,28.0,21.9,22.0,28,2.7,4
1.0,0.05,2.0,New Mexico,29.0,29,29,29.0,13.4,13.0,15,1.0,1.0,38.5,38.5,58.9,61.0,28.0,28.0,32.8,33.0,37,2.8,4
0.5,0.05,0.5,New Mexico,29.0,29,29,29.0,9.6,10.0,11,1.0,1.0,34.9,34.0,66.3,66.5,28.0,28.0,25.6,26.0,27,2.8,4
2.0,0.05,0.5,New Mexico,29.0,29,29,29.0,13.9,14.0,15,0.9,1.0,38.6,39.0,58.8,58.0,28.0,28.0,32.2,32.0,39,2.8,4
2.0,0.05,1.0,New Mexico,29.0,29,29,29.0,13.2,13.0,15,1.1,2.0,39.4,34.0,58.5,58.0,28.0,28.0,32.2,32.5,35,2.9,4
0.5,0.01,0.5,New Mexico,29.0,29,29,29.0,7.4,8.0,8,0.7,1.0,50.0,57.0,71.8,75.0,28.0,28.0,19.6,21.0,23,2.9,4
2.0,0.1,0.5,New Mexico,29.0,29,29,29.0,13.3,13.0,14,1.0,1.0,35.4,34.0,60.3,57.5,28.0,28.0,34.7,35.0,39,3.0,4
0.5,0.1,2.0,New Mexico,29.0,29,29,29.0,12.2,12.0,14,1.0,1.0,35.5,34.0,56.5,58.0,28.0,28.0,33.2,34.0,35,3.0,4
2.0,0.1,1.0,New Mexico,29.0,29,29,29.0,13.7,14.0,16,1.0,1.0,35.5,34.0,56.3,57.0,28.0,28.0,35.4,35.5,41,3.1,5
1.0,0.1,1.0,New Mexico,29.0,29,29,29.0,13.1,13.0,14,1.0,1.0,34.9,34.0,55.8,57.0,28.0,28.0,34.7,34.5,38,3.2,4
2.0,0.01,2.0,New Mexico,29.0,29,29,29.0,10.9,11.0,12,0.7,2.0,46.2,38.0,71.5,75.0,28.0,28.0,30.4,31.5,36,3.3,5
1.0,0.1,0.5,New Mexico,29.0,29,29,29.0,11.7,11.5,13,1.0,1.0,34.0,34.0,58.1,57.5,28.0,28.0,30.2,29.5,34,3.4,4
2.0,0.1,2.0,New Mexico,29.0,29,29,29.0,12.9,13.0,14,1.2,2.0,35.7,34.0,54.8,57.0,28.0,28.0,34.9,34.5,40,3.5,4
1.0,0.25,0.5,New Mexico,29.0,29,29,29.0,12.4,12.0,14,1.0,1.0,34.0,34.0,41.7,40.0,28.0,28.0,31.8,31.0,38,3.6,4
0.5,0.25,0.5,New Mexico,29.0,29,29,29.0,10.1,10.0,12,1.0,1.0,34.5,34.0,43.4,40.0,28.0,28.0,27.3,26.5,31,3.6,4
1.0,0.25,2.0,New Mexico,29.0,29,29,29.0,13.6,14.0,14,1.0,1.0,34.0,34.0,46.8,40.0,28.0,28.0,35.9,35.5,38,3.7,5
0.5,0.25,2.0,New Mexico,29.0,29,29,29.0,12.0,12.0,14,1.0,1.0,34.0,34.0,46.8,40.0,28.0,28.0,35.6,35.5,39,3.7,5
2.0,0.25,2.0,New Mexico,29.0,29,29,29.0,13.8,13.5,16,1.0,1.0,34.0,34.0,48.5,48.5,28.0,28.0,34.4,35.0,37,3.7,5
0.5,0.25,1.0,New Mexico,29.0,29,29,29.0,11.7,12.0,13,1.0,1.0,34.6,34.0,45.4,40.0,28.0,28.0,32.2,32.5,36,3.8,5
2.0,0.25,1.0,New Mexico,29.0,29,29,29.0,13.8,14.0,15,1.0,1.0,34.0,34.0,41.7,40.0,28.0,28.0,35.4,35.0,39,3.9,5
1.0,0.25,1.0,New Mexico,29.0,29,29,29.0,13.1,13.0,15,1.0,1.0,34.9,34.0,50.8,57.0,28.0,28.0,35.5,35.5,38,3.9,5
1.0,0.1,2.0,New Mexico,29.0,29,29,29.0,12.7,13.0,14,1.0,1.0,34.9,34.0,54.2,57.0,28.0,28.0,34.3,34.0,40,3.9,5
2.0,0.25,0.5,New Mexico,29.0,29,29,29.0,13.3,13.5,14,1.0,1.0,34.0,34.0,48.6,40.0,28.0,28.0,35.7,35.5,40,4.0,6
ALL,ALL,ALL,New Mexico,29.080555555555556,29,38,29.0,12.286111111111111,12.5,16,0.875,2.0,38.90833333333333,34.0,56.975,57.0,28.0,28.0,30.91111111111111,32.0,41,3.0388888888888888,6
0.5,0.01,2.0,New Mexico,29.8,29,33,29.0,12.5,12.5,15,0.4,1.0,44.2,38.0,63.2,59.0,28.0,28.0,28.5,28.0,33,2.2,4
1.0,0.01,0.5,New Mexico,29.8,29,33,29.0,11.4,12.0,13,0.3,1.0,44.5,41.5,59.5,59.0,28.0,28.0,22.7,22.5,26,2.6,5
1.0,0.25,1.0,Idaho,30.0,30,30,30.0,15.7,15.5,20,2.1,7.0,46.3,46.5,48.2,49.0,28.0,28.0,45.0,45.0,50,12.8,15
0.5,0.25,0.5,Idaho,30.0,30,30,30.0,11.0,10.5,14,4.3,8.0,46.5,47.0,48.7,49.0,28.0,28.0,39.5,40.0,42,12.9,15
1.0,0.25,2.0,Idaho,30.0,30,30,30.0,15.5,15.0,18,2.2,7.0,45.8,45.0,48.3,49.0,28.0,28.0,45.9,45.0,52,13.3,14
2.0,0.25,1.0,Idaho,30.0,30,30,30.0,15.6,15.5,18,3.3,8.0,45.6,44.5,48.3,49.0,28.0,28.0,46.3,47.0,52,13.5,15
1.0,0.25,0.5,Idaho,30.0,30,30,30.0,13.6,13.5,17,2.5,7.0,45.3,44.0,47.0,49.0,28.0,28.0,43.7,43.5,49,13.6,16
0.5,0.25,1.0,Idaho,30.0,30,30,30.0,12.2,12.0,15,2.2,7.0,45.8,45.0,48.5,49.0,28.0,28.0,42.2,42.0,47,14.0,17
0.5,0.1,0.5,Idaho,30.0,30,30,30.0,9.5,9.5,13,3.7,13.0,49.3,49.0,57.4,52.0,29.5,28.0,39.5,39.5,46,14.0,18
0.5,0.25,2.0,Idaho,30.0,30,30,30.0,15.0,16.0,18,1.4,8.0,45.0,45.0,48.0,49.0,28.0,28.0,45.3,46.5,51,14.1,18
2.0,0.1,1.0,Idaho,30.0,30,30,30.0,13.9,13.5,18,6.0,11.0,55.3,50.5,60.5,53.5,28.5,28.0,45.8,45.0,52,14.5,17
1.0,0.1,1.0,Idaho,30.0,30,30,30.0,14.1,14.0,17,3.1,7.0,48.3,49.0,54.4,52.0,28.0,28.0,45.0,44.0,52,14.5,17
2.0,0.25,2.0,Idaho,30.0,30,30,30.0,14.6,14.0,17,2.3,7.0,45.6,45.5,48.0,49.0,28.0,28.0,47.0,47.5,54,14.6,16
2.0,0.25,0.5,Idaho,30.0,30,30,30.0,14.1,14.0,19,4.8,8.0,48.2,49.0,51.9,50.0,28.0,28.0,47.4,46.5,56,14.7,18
2.0,0.01,0.5,Idaho,30.0,30,30,30.0,10.8,10.0,15,5.9,12.0,68.5,65.0,86.3,87.5,33.9,33.0,39.2,40.0,45,14.8,18
2.0,0.01,2.0,Idaho,30.0,30,30,30.0,11.2,11.0,13,6.5,10.0,67.6,65.0,83.2,82.0,30.1,28.0,40.5,40.0,47,14.9,17
1.0,0.1,2.0,Idaho,30.0,30,30,30.0,13.6,13.5,16,5.0,11.0,50.7,49.0,59.4,53.5,28.5,28.0,45.3,45.0,49,15.1,16
2.0,0.1,2.0,Idaho,30.0,30,30,30.0,13.3,13.0,16,3.3,8.0,47.9,49.0,54.0,50.5,28.0,28.0,45.3,45.0,49,15.2,18
1.0,0.05,0.5,Idaho,30.0,30,30,30.0,10.7,11.0,15,5.2,10.0,53.4,53.0,65.7,71.0,29.5,28.0,43.0,43.0,47,15.5,17
1.0,0.1,0.5,Idaho,30.0,30,30,30.0,11.3,11.0,15,5.2,13.0,52.1,50.0,57.7,53.0,28.5,28.0,44.5,45.5,49,15.5,19
0.5,0.05,0.5,Idaho,30.0,30,30,30.0,7.8,7.5,10,4.3,10.0,52.9,49.0,62.6,68.0,29.0,28.0,37.4,37.5,44,15.7,16
2.0,0.1,0.5,Idaho,30.0,30,30,30.0,12.7,13.0,15,5.3,13.0,52.9,51.0,63.5,62.0,28.0,28.0,46.0,45.5,55,15.8,18
0.5,0.1,2.0,Idaho,30.0,30,30,30.0,12.7,13.0,16,3.0,13.0,49.7,49.0,58.6,52.0,29.0,28.0,46.0,45.0,53,15.9,19
0.5,0.1,1.0,Idaho,30.0,30,30,30.0,9.7,9.5,12,4.4,7.0,50.2,50.0,62.7,71.0,29.0,28.0,45.2,45.0,56,16.1,18
2.0,0.05,1.0,Idaho,30.0,30,30,30.0,12.3,12.5,16,6.7,12.0,59.6,59.0,73.3,71.0,29.0,28.0,45.3,46.0,54,16.2,19
1.0,0.05,1.0,Idaho,30.0,30,30,30.0,11.3,11.0,13,6.7,13.0,58.6,53.0,70.4,70.0,28.0,28.0,45.4,45.0,53,16.2,18
2.0,0.05,2.0,Idaho,30.0,30,30,30.0,12.2,12.0,15,5.8,12.0,55.2,53.0,71.8,71.0,28.5,28.0,47.0,47.5,53,16.2,19
1.0,0.05,2.0,Idaho,30.0,30,30,30.0,11.9,11.0,16,6.4,13.0,57.1,53.0,68.9,68.0,28.0,28.0,45.7,45.5,51,16.3,19
0.5,0.05,2.0,Idaho,30.0,30,30,30.0,10.9,10.5,13,7.8,12.0,61.0,62.0,72.9,75.0,28.0,28.0,45.9,45.5,50,16.6,18
0.5,0.05,1.0,Idaho,30.0,30,30,30.0,9.0,10.0,11,5.4,12.0,56.1,51.0,73.4,71.0,28.5,28.0,43.2,43.0,47,16.7,20
2.0,0.05,0.5,Idaho,30.0,30,30,30.0,11.0,10.5,14,6.7,12.0,59.0,59.0,73.2,75.0,28.0,28.0,45.0,45.0,53,16.9,18
1.0,0.01,0.5,Florida,30.0,30,30,30.0,12.4,12.0,18,0.0,0.0,67.4,65.0,80.5,83.5,50.1,28.0,25.6,24.5,34,17.2,22
0.5,0.25,0.5,Florida,30.0,30,30,30.0,15.7,15.5,18,0.0,0.0,53.5,54.5,56.2,56.0,31.0,28.0,24.0,23.0,29,17.8,21
0.5,0.05,0.5,Florida,30.0,30,30,30.0,12.9,13.0,14,0.0,0.0,59.9,60.5,71.4,65.0,37.9,28.0,23.3,23.5,30,18.7,21
0.5,0.1,0.5,Florida,30.0,30,30,30.0,12.9,13.5,16,0.0,0.0,54.4,53.0,59.5,56.0,31.1,28.0,26.2,25.5,34,19.5,24
1.0,0.01,2.0,Florida,30.0,30,30,30.0,13.5,14.0,17,0.4,2.0,74.7,70.5,92.3,83.5,54.6,28.0,35.4,35.0,40,19.8,26
2.0,0.01,2.0,Florida,30.0,30,30,30.0,13.8,14.0,18,0.0,0.0,62.5,59.0,77.8,82.0,49.6,28.0,41.4,40.0,51,20.1,24
1.0,0.01,1.0,Florida,30.0,30,30,30.0,12.6,12.0,16,0.0,0.0,63.7,62.0,76.4,82.0,59.8,52.5,32.6,31.0,46,20.2,24
2.0,0.05,0.5,Florida,30.0,30,30,30.0,14.9,15.0,18,0.0,0.0,57.6,56.0,63.3,62.0,33.8,28.0,45.2,45.0,51,20.7,25
1.0,0.05,0.5,Florida,30.0,30,30,30.0,13.8,14.0,17,0.0,0.0,56.9,56.0,62.6,65.0,28.0,28.0,36.8,36.0,47,20.9,23
0.5,0.05,1.0,Florida,30.0,30,30,30.0,13.7,14.5,17,0.0,0.0,57.3,56.0,67.0,65.0,40.7,28.0,29.8,29.5,32,20.9,25
1.0,0.05,1.0,Florida,30.0,30,30,30.0,14.4,14.0,16,0.0,0.0,58.0,59.0,67.5,65.0,28.0,28.0,43.0,43.5,46,21.1,23
0.5,0.25,1.0,Florida,30.0,30,30,30.0,14.3,14.5,17,0.0,0.0,53.9,54.5,56.4,56.0,28.0,28.0,33.8,33.0,41,21.4,24
1.0,0.25,0.5,Florida,30.0,30,30,30.0,14.5,14.5,16,0.0,0.0,52.5,52.0,55.0,55.0,28.0,28.0,39.8,40.5,44,21.6,24
0.5,0.1,2.0,Florida,30.0,30,30,30.0,14.0,13.5,17,0.0,0.0,55.1,56.0,59.9,59.0,28.0,28.0,42.8,42.5,47,21.8,25
0.5,0.05,2.0,Florida,30.0,30,30,30.0,13.6,13.0,18,0.0,0.0,58.1,57.5,64.3,65.0,28.0,28.0,39.7,39.5,45,22.0,24
2.0,0.1,0.5,Florida,30.0,30,30,30.0,13.7,14.0,16,0.0,0.0,55.0,55.0,57.6,56.0,31.0,28.0,47.0,46.5,59,22.1,25
2.0,0.1,2.0,Florida,30.0,30,30,30.0,14.3,14.5,15,0.0,0.0,55.4,55.5,56.5,56.0,31.0,28.0,55.6,54.5,61,22.3,25
1.0,0.25,2.0,Florida,30.0,30,30,30.0,14.2,15.0,16,0.0,0.0,53.1,52.0,55.5,56.0,28.0,28.0,53.2,52.5,61,22.4,25
2.0,0.05,2.0,Florida,30.0,30,30,30.0,13.4,13.5,16,0.0,0.0,57.1,56.0,64.9,65.0,28.0,28.0,50.5,50.5,55,22.4,25
2.0,0.25,1.0,Florida,30.0,30,30,30.0,14.1,14.0,16,0.0,0.0,53.0,52.0,55.3,55.5,28.0,28.0,55.0,54.5,60,22.6,26
1.0,0.1,0.5,Florida,30.0,30,30,30.0,13.0,13.5,16,0.0,0.0,54.6,55.5,58.1,56.0,28.0,28.0,37.1,35.5,44,22.7,28
2.0,0.05,1.0,Florida,30.0,30,30,30.0,12.9,13.0,16,0.0,0.0,57.7,56.0,66.9,65.0,28.0,28.0,49.2,48.5,55,22.8,27
0.5,0.25,2.0,Florida,30.0,30,30,30.0,13.4,13.5,16,0.0,0.0,53.4,52.0,55.7,56.0,28.0,28.0,44.3,45.0,48,22.8,26
1.0,0.25,1.0,Florida,30.0,30,30,30.0,13.8,14.0,17,0.0,0.0,53.4,55.0,55.1,56.0,28.0,28.0,48.8,49.0,52,22.8,25
2.0,0.25,0.5,Florida,30.0,30,30,30.0,13.7,13.5,16,0.0,0.0,53.0,53.0,55.5,56.0,28.0,28.0,49.3,50.0,54,22.8,27
1.0,0.05,2.0,Florida,30.0,30,30,30.0,13.3,12.5,18,0.0,0.0,58.6,57.5,63.4,65.0,31.0,28.0,47.9,49.0,52,22.9,27
1.0,0.1,1.0,Florida,30.0,30,30,30.0,13.0,13.0,15,0.0,0.0,54.3,55.5,58.1,56.0,28.0,28.0,46.1,46.0,50,23.0,25
0.5,0.1,1.0,Florida,30.0,30,30,30.0,12.4,12.0,16,0.0,0.0,56.9,56.0,62.3,65.0,34.0,28.0,30.9,30.5,36,23.4,27
1.0,0.1,2.0,Florida,30.0,30,30,30.0,12.6,12.0,16,0.0,0.0,55.3,56.0,59.5,59.0,28.0,28.0,49.7,49.5,54,23.4,27
2.0,0.1,1.0,Florida,30.0,30,30,30.0,12.6,12.5,14,0.0,0.0,55.0,56.0,58.0,57.5,30.8,28.0,51.2,49.0,64,23.5,25
2.0,0.25,2.0,Florida,30.0,30,30,30.0,13.5,13.5,15,0.0,0.0,52.5,52.0,55.1,55.0,28.0,28.0,56.8,56.5,62,23.7,26
2.0,0.01,1.0,New Mexico,30.3,29,38,29.0,12.3,12.0,15,0.4,1.0,48.2,57.0,57.4,58.5,28.0,28.0,29.5,30.0,35,2.3,4
ALL,ALL,ALL,Florida,30.869444444444444,30,97,30.0,13.311111111111112,14.0,19,0.05277777777777778,3.0,59.61944444444445,56.0,67.43055555555556,64.0,36.391666666666666,28.0,39.88611111111111,41.0,64,21.102777777777778,28
ALL,ALL,ALL,Idaho,31.877777777777776,30,74,30.0,11.933333333333334,12.0,20,4.394444444444445,15.0,55.3,51.0,64.84444444444445,65.0,29.891666666666666,28.0,42.34444444444444,43.0,56,14.844444444444445,20
0.5,0.25,0.5,Colorado,33.0,33,33,33.0,19.4,19.0,20,0.7,1.0,35.0,35.0,49.4,52.0,37.3,36.5,21.4,22.0,25,4.7,5
0.5,0.05,0.5,Colorado,33.0,33,33,33.0,15.8,16.0,17,0.5,2.0,38.5,35.0,53.8,54.0,45.5,46.5,19.7,20.0,22,5.9,8
0.5,0.1,0.5,Colorado,33.0,33,33,33.0,17.1,17.5,20,0.8,2.0,41.3,35.0,53.2,52.0,42.3,45.0,19.7,19.0,25,6.2,9
0.5,0.25,1.0,Colorado,33.0,33,33,33.0,23.8,24.0,25,0.5,1.0,35.0,35.0,47.0,47.0,38.3,36.5,24.8,24.5,31,7.6,9
0.5,0.1,1.0,Colorado,33.0,33,33,33.0,22.0,22.0,24,0.5,1.0,37.8,35.0,53.7,54.0,44.1,47.0,23.9,24.5,27,8.1,10
1.0,0.25,0.5,Colorado,33.0,33,33,33.0,23.8,24.0,26,0.6,1.0,35.0,35.0,47.7,50.5,37.1,34.0,27.4,27.5,30,8.5,10
1.0,0.1,0.5,Colorado,33.0,33,33,33.0,22.1,22.0,25,0.3,1.0,37.1,35.0,52.4,52.0,42.8,47.0,26.2,25.5,32,8.7,11
0.5,0.05,1.0,Colorado,33.0,33,33,33.0,19.8,20.0,22,0.6,3.0,43.1,35.0,55.6,56.5,40.2,43.0,23.5,24.0,27,8.8,10
0.5,0.25,2.0,Colorado,33.0,33,33,33.0,23.4,23.0,24,0.8,2.0,36.4,35.0,47.7,50.5,38.4,39.0,30.1,30.0,35,9.3,10
0.5,0.05,2.0,Colorado,33.0,33,33,33.0,21.7,21.5,24,0.5,2.0,41.4,35.0,55.0,56.0,35.2,28.0,29.6,31.0,35,9.5,11
0.5,0.1,2.0,Colorado,33.0,33,33,33.0,22.8,23.0,25,0.5,2.0,37.8,35.0,53.4,52.0,39.8,43.0,29.6,30.5,33,9.8,12
1.0,0.25,1.0,Colorado,33.0,33,33,33.0,23.8,23.5,25,0.7,1.0,35.0,35.0,47.7,50.5,40.9,43.0,28.8,29.0,32,10.2,12
2.0,0.05,2.0,Colorado,33.0,33,33,33.0,21.5,21.0,24,0.4,2.0,41.4,35.0,54.3,54.0,42.2,46.5,32.2,32.5,35,10.6,13
1.0,0.1,2.0,Colorado,33.0,33,33,33.0,22.6,23.0,25,0.6,1.0,37.1,35.0,52.3,52.0,39.8,41.0,31.2,32.5,35,10.6,13
1.0,0.05,0.5,Colorado,33.0,33,33,33.0,19.9,20.0,22,1.1,3.0,46.5,50.5,55.6,56.5,34.6,31.0,26.1,26.0,33,10.8,13
2.0,0.25,1.0,Colorado,33.0,33,33,33.0,23.1,23.0,25,0.2,1.0,35.0,35.0,48.4,50.5,37.6,34.0,30.4,30.0,34,10.9,13
1.0,0.1,1.0,Colorado,33.0,33,33,33.0,22.0,22.0,24,0.4,1.0,37.8,35.0,53.2,52.0,39.8,41.0,28.9,28.5,33,11.1,12
1.0,0.25,2.0,Colorado,33.0,33,33,33.0,22.7,23.0,24,1.0,2.0,37.8,35.0,48.4,52.0,38.6,39.0,31.5,31.5,36,11.2,12
2.0,0.25,2.0,Colorado,33.0,33,33,33.0,22.5,22.5,25,0.6,2.0,36.4,35.0,48.1,50.5,39.9,43.0,31.4,31.5,34,11.3,13
2.0,0.1,0.5,Colorado,33.0,33,33,33.0,22.1,22.0,24,0.1,1.0,35.0,35.0,53.0,54.0,44.6,45.0,28.0,28.5,30,11.3,14
2.0,0.05,0.5,Colorado,33.0,33,33,33.0,20.9,20.5,24,1.1,3.0,45.0,42.0,54.9,56.0,38.6,43.0,29.0,28.5,34,11.4,14
2.0,0.1,1.0,Colorado,33.0,33,33,33.0,21.6,22.0,24,0.5,1.0,38.5,35.0,53.2,54.0,43.1,43.0,31.4,31.5,38,11.5,15
1.0,0.05,2.0,Colorado,33.0,33,33,33.0,20.7,21.0,23,1.1,2.0,48.3,52.0,55.5,56.0,36.1,36.5,31.7,32.0,37,11.6,14
1.0,0.05,1.0,Colorado,33.0,33,33,33.0,20.9,21.0,23,0.7,2.0,40.9,35.0,55.4,56.0,37.3,38.5,28.9,28.5,36,11.8,14
2.0,0.1,2.0,Colorado,33.0,33,33,33.0,21.8,22.0,24,1.1,3.0,39.2,35.0,50.8,52.0,40.9,43.0,32.2,32.0,36,11.8,15
2.0,0.05,1.0,Colorado,33.0,33,33,33.0,20.6,20.0,24,1.1,4.0,46.3,49.0,56.2,57.0,41.8,43.0,30.3,30.5,33,12.2,14
2.0,0.25,0.5,Colorado,33.0,33,33,33.0,21.7,21.5,23,0.6,1.0,35.0,35.0,51.3,52.0,40.7,43.0,26.9,27.5,32,12.3,14
1.0,0.01,2.0,Idaho,33.5,30,65,30.0,11.0,11.5,15,3.9,15.0,70.2,65.0,77.7,66.0,28.0,28.0,40.5,39.5,50,14.3,20
0.5,0.01,2.0,Florida,35.2,30,82,30.0,12.6,14.0,16,0.1,1.0,72.4,65.0,87.5,89.0,55.0,28.0,31.2,31.5,44,19.0,24
2.0,0.01,0.5,Florida,35.2,30,82,30.0,12.4,12.0,17,0.2,1.0,72.1,65.0,103.4,103.0,58.0,28.0,36.0,37.5,41,20.6,25
0.5,0.01,0.5,Florida,35.5,30,85,30.0,8.8,9.0,11,0.4,3.0,80.5,82.0,97.2,95.0,67.8,64.0,17.3,18.0,22,15.3,22
ALL,ALL,ALL,Colorado,35.93055555555556,33,61,33.0,20.825,21.0,26,0.625,4.0,43.975,35.0,55.09444444444444,56.0,40.4,43.0,27.1,28.0,38,9.46111111111111,15
1.0,0.25,0.5,California,36.0,34,46,34.0,10.0,10.0,13,8.4,12.0,48.9,49.0,60.2,63.0,28.0,28.0,90.2,91.0,104,25.1,26
2.0,0.25,2.0,Kansas,36.1,36,37,36.0,60.5,60.5,63,0.0,0.0,37.0,37.0,37.2,37.0,28.0,28.0,33.6,34.0,37,15.5,17
0.5,0.25,0.5,Kansas,36.2,36,37,36.0,41.4,41.5,43,0.0,0.0,37.0,37.0,37.4,37.0,28.0,28.0,13.1,13.0,16,8.3,11
1.0,0.1,0.5,Kansas,36.2,36,37,36.0,47.6,47.0,52,0.0,0.0,37.0,37.0,37.4,37.0,28.0,28.0,23.5,23.5,27,11.4,15
1.0,0.25,0.5,Kansas,36.2,36,37,36.0,49.3,49.5,51,0.0,0.0,37.0,37.0,37.4,37.0,28.0,28.0,23.6,23.5,28,11.5,13
1.0,0.25,1.0,Kansas,36.2,36,37,36.0,55.6,56.0,58,0.0,0.0,37.0,37.0,37.4,37.0,28.0,28.0,24.3,24.5,26,12.5,16
1.0,0.25,2.0,Kansas,36.2,36,37,36.0,59.0,59.0,62,0.0,0.0,37.0,37.0,37.4,37.0,28.0,28.0,27.1,27.0,32,14.1,17
0.5,0.1,0.5,Kansas,36.3,36,37,36.0,39.0,39.0,41,0.0,0.0,37.0,37.0,37.6,37.0,28.0,28.0,13.9,14.0,16,9.0,12
0.5,0.1,1.0,Kansas,36.3,36,37,36.0,44.8,45.0,47,0.0,0.0,37.0,37.0,37.6,37.0,28.0,28.0,18.8,18.0,24,10.5,12
0.5,0.25,1.0,Kansas,36.3,36,37,36.0,46.7,47.5,49,0.0,0.0,37.0,37.0,37.6,37.0,28.0,28.0,16.5,16.5,21,10.6,12
0.5,0.25,2.0,Kansas,36.3,36,37,36.0,54.4,54.5,57,0.0,0.0,37.0,37.0,37.6,37.0,28.0,28.0,24.1,24.0,27,12.4,14
2.0,0.25,0.5,Kansas,36.3,36,37,36.0,55.7,56.0,59,0.0,0.0,37.0,37.0,37.6,37.0,28.0,28.0,27.4,27.5,31,13.7,17
2.0,0.25,1.0,Kansas,36.3,36,37,36.0,59.1,59.0,62,0.0,0.0,37.0,37.0,37.6,37.0,28.0,28.0,30.4,30.5,38,15.1,17
1.0,0.05,2.0,Kansas,36.4,36,37,36.0,54.2,54.5,58,0.0,0.0,37.0,37.0,38.0,38.0,28.0,28.0,28.1,28.5,33,13.6,18
2.0,0.1,0.5,Kansas,36.4,36,37,36.0,53.8,54.0,56,0.0,0.0,37.0,37.0,37.8,37.0,28.0,28.0,31.3,31.0,35,13.7,16
2.0,0.25,1.0,California,36.4,34,46,34.0,9.8,10.0,11,7.0,12.0,48.3,49.0,61.6,63.0,28.0,28.0,85.4,86.0,96,28.6,30
0.5,0.1,2.0,Kansas,36.5,36,37,36.5,52.5,53.0,54,0.0,0.0,37.0,37.0,38.0,38.0,28.0,28.0,26.2,25.5,33,11.9,14
2.0,0.05,1.0,Kansas,36.5,36,37,36.5,55.1,54.5,59,0.0,0.0,37.0,37.0,38.0,38.0,28.0,28.0,32.7,32.5,36,14.7,20
1.0,0.1,2.0,Kansas,36.5,36,37,36.5,56.0,56.0,60,0.0,0.0,37.0,37.0,38.0,38.0,28.0,28.0,28.1,27.5,33,15.1,18
2.0,0.1,1.0,Kansas,36.5,36,37,36.5,56.9,56.5,59,0.0,0.0,37.0,37.0,38.0,38.0,28.0,28.0,34.4,33.0,41,15.4,17
2.0,0.1,2.0,Kansas,36.5,36,37,36.5,58.8,58.5,63,0.0,0.0,37.0,37.0,38.0,38.0,28.0,28.0,35.8,36.0,39,15.4,19
ALL,ALL,ALL,Kansas,36.58611111111111,36,39,37.0,47.68888888888889,49.0,63,0.0,0.0,37.544444444444444,37.0,39.33888888888889,39.0,28.22222222222222,28.0,23.947222222222223,24.5,47,12.575,23
0.5,0.05,0.5,Kansas,36.6,36,37,37.0,35.5,35.5,41,0.0,0.0,37.2,37.0,38.8,39.0,28.0,28.0,12.7,13.0,17,7.5,11
1.0,0.1,1.0,Kansas,36.6,36,37,37.0,52.4,52.5,58,0.0,0.0,37.0,37.0,38.2,39.0,28.0,28.0,26.1,26.5,30,12.8,15
0.5,0.05,2.0,Kansas,36.7,36,37,37.0,51.3,51.0,54,0.0,0.0,37.0,37.0,38.4,39.0,28.0,28.0,24.2,24.0,28,12.1,14
0.5,0.01,1.0,Idaho,36.7,30,74,30.0,8.6,9.0,13,4.9,9.0,71.0,65.0,92.4,93.0,41.5,33.0,32.5,33.0,40,14.3,19
2.0,0.05,2.0,Kansas,36.7,36,37,37.0,56.3,56.5,58,0.0,0.0,37.0,37.0,38.4,39.0,28.0,28.0,35.8,35.5,47,15.2,17
2.0,0.01,1.0,Florida,36.7,30,97,30.0,14.3,14.5,19,0.3,1.0,75.0,71.5,91.7,91.0,43.4,28.0,36.2,36.5,41,18.9,23
0.5,0.01,2.0,Kansas,36.8,36,37,37.0,40.3,39.5,47,0.0,0.0,39.0,37.0,42.8,45.0,32.9,28.0,18.3,18.5,24,10.6,14
1.0,0.05,0.5,Kansas,36.8,36,37,37.0,44.9,46.0,49,0.0,0.0,37.0,37.0,38.8,39.0,28.0,28.0,24.6,24.5,29,11.4,13
0.5,0.25,1.0,Minnesota,36.8,33,41,39.0,31.2,33.0,36,0.4,1.0,41.5,40.5,44.4,43.5,33.9,28.0,74.1,72.5,86,40.2,48
0.5,0.01,1.0,Kansas,36.9,36,37,37.0,30.0,31.0,34,0.0,0.0,40.0,38.0,43.8,46.0,28.0,28.0,13.2,13.0,19,6.8,9
1.0,0.05,1.0,Kansas,36.9,36,37,37.0,50.3,50.0,53,0.0,0.0,37.0,37.0,38.8,39.0,28.0,28.0,26.3,26.5,33,12.8,15
2.0,0.05,0.5,Kansas,36.9,36,37,37.0,50.8,52.0,53,0.0,0.0,37.0,37.0,38.8,39.0,28.0,28.0,30.8,30.0,38,14.7,19
2.0,0.01,2.0,Kansas,36.9,36,37,37.0,43.9,44.5,49,0.0,0.0,39.4,39.0,44.0,45.0,28.0,28.0,30.6,30.0,37,17.3,23
0.5,0.01,0.5,Kansas,37.0,37,37,37.0,23.3,23.5,27,0.0,0.0,38.6,38.0,42.8,45.0,28.0,28.0,8.1,7.0,13,5.4,8
0.5,0.05,1.0,Kansas,37.0,37,37,37.0,42.2,42.0,45,0.0,0.0,37.2,37.0,39.6,39.0,28.0,28.0,18.2,18.0,24,10.3,15
1.0,0.01,0.5,Kansas,37.0,37,37,37.0,29.0,28.0,35,0.0,0.0,39.0,39.0,43.8,45.0,28.0,28.0,15.2,16.0,20,11.4,15
1.0,0.25,0.5,Washington,37.0,37,37,37.0,13.8,14.0,15,0.2,1.0,41.7,39.5,49.1,47.5,39.0,39.0,20.4,20.0,24,12.6,15
2.0,0.25,1.0,Washington,37.0,37,37,37.0,14.3,14.5,17,0.6,4.0,43.3,39.5,50.0,48.5,37.9,39.0,25.8,25.5,30,12.6,14
1.0,0.25,2.0,Washington,37.0,37,37,37.0,13.7,14.0,15,1.0,3.0,43.9,41.0,50.6,49.0,37.9,39.0,26.5,27.0,30,13.1,15
0.5,0.25,2.0,Washington,37.0,37,37,37.0,13.3,14.0,17,1.0,4.0,44.2,41.0,50.5,50.0,37.9,39.0,23.5,24.5,27,13.1,16
0.5,0.25,0.5,Washington,37.0,37,37,37.0,12.2,12.0,14,0.9,3.0,43.0,41.0,49.8,49.0,39.0,39.0,18.9,19.5,21,13.1,15
2.0,0.25,2.0,Washington,37.0,37,37,37.0,13.5,13.5,16,1.2,3.0,45.9,45.5,51.1,50.0,39.0,39.0,25.7,25.5,31,13.5,16
1.0,0.25,1.0,Washington,37.0,37,37,37.0,13.1,12.5,16,1.3,3.0,46.7,51.0,52.8,56.0,39.0,39.0,25.0,25.5,27,13.6,16
2.0,0.25,0.5,Washington,37.0,37,37,37.0,12.5,13.0,15,1.1,3.0,45.3,41.0,51.6,50.5,37.9,39.0,25.3,26.0,29,14.1,18
1.0,0.01,2.0,Kansas,37.0,37,37,37.0,42.6,42.0,49,0.0,0.0,38.6,38.0,44.0,45.0,31.1,28.0,20.7,21.0,28,14.7,18
0.5,0.1,2.0,Washington,37.0,37,37,37.0,11.2,11.5,14,1.4,3.0,50.6,52.5,54.6,56.0,36.8,39.0,24.4,24.0,28,14.7,17
2.0,0.01,1.0,Kansas,37.0,37,37,37.0,42.6,42.5,49,0.0,0.0,40.0,39.0,43.9,45.0,28.0,28.0,25.1,25.0,32,15.7,23
2.0,0.01,0.5,Kansas,37.0,37,37,37.0,40.3,40.5,45,0.0,0.0,39.0,39.0,44.0,45.0,28.0,28.0,23.0,22.5,28,17.0,22
1.0,0.01,1.0,Kansas,37.1,36,39,37.0,40.7,41.0,44,0.0,0.0,38.6,37.0,41.7,39.0,28.0,28.0,16.3,17.0,20,12.6,17
0.5,0.25,1.0,Washington,37.1,37,38,37.0,13.2,13.0,16,0.6,3.0,43.5,41.0,50.1,50.5,40.1,39.0,21.6,22.0,25,13.2,17
0.5,0.25,0.5,Missouri,37.4,35,39,39.0,46.5,47.0,51,0.0,0.0,50.4,52.0,57.9,61.0,90.2,73.0,7.2,7.0,15,8.9,12
0.5,0.25,0.5,Minnesota,37.4,33,41,39.0,31.4,31.5,36,0.4,3.0,42.9,42.5,45.7,46.5,34.0,28.0,67.0,68.5,79,38.0,45
0.5,0.25,0.5,California,37.6,34,46,36.0,8.5,8.5,11,7.1,13.0,48.6,49.0,58.8,63.0,28.0,28.0,78.7,78.5,94,19.7,21
0.5,0.01,2.0,Idaho,37.7,30,65,30.0,10.9,11.0,13,4.3,8.0,63.4,65.0,78.0,76.0,28.5,28.0,37.4,37.0,48,14.1,18
1.0,0.25,0.5,Oklahoma,37.8,36,39,39.0,32.4,32.5,35,0.4,1.0,45.4,47.0,49.7,49.0,33.8,28.0,14.8,14.5,19,12.6,15
0.5,0.25,2.0,Missouri,37.8,35,39,39.0,67.2,67.0,70,0.0,0.0,53.5,61.0,59.4,64.0,74.2,73.0,7.5,7.5,9,13.3,15
0.5,0.25,2.0,Minnesota,37.9,33,41,39.0,33.7,35.0,40,0.2,2.0,41.8,41.0,46.3,46.5,28.0,28.0,83.2,81.5,93,40.6,49
1.0,0.25,0.5,Missouri,38.2,35,39,39.0,63.1,62.5,68,0.0,0.0,53.0,52.0,59.7,61.0,75.7,73.0,6.2,6.0,9,11.8,16
2.0,0.25,0.5,Missouri,38.2,35,39,39.0,70.1,70.0,74,0.0,0.0,55.7,61.0,61.3,64.0,69.3,73.0,7.2,7.0,10,13.3,17
2.0,0.25,2.0,Missouri,38.2,35,39,39.0,73.5,74.0,77,0.0,0.0,55.7,61.0,61.3,64.0,78.6,73.0,8.3,8.5,11,13.6,16
1.0,0.1,1.0,Washington,38.4,37,51,37.0,11.7,12.0,15,1.8,3.0,49.9,53.5,53.8,56.0,40.2,39.0,25.6,26.0,30,14.0,16
0.5,0.25,1.0,California,38.4,34,46,36.0,10.2,10.0,13,5.3,11.0,47.9,48.0,56.0,56.0,28.0,28.0,87.9,89.0,103,24.7,27
1.0,0.25,2.0,Missouri,38.6,35,39,39.0,72.1,71.5,75,0.0,0.0,57.9,61.0,62.5,64.0,80.8,73.0,7.6,8.0,11,12.1,16
0.5,0.1,2.0,Missouri,38.6,35,39,39.0,63.2,63.0,67,0.0,0.0,60.0,61.0,69.6,64.0,67.7,79.0,7.7,7.5,11,13.2,15
2.0,0.25,1.0,Missouri,38.6,35,39,39.0,72.3,72.0,74,0.0,0.0,57.9,61.0,62.5,64.0,90.2,91.0,7.3,7.0,10,13.7,15
1.0,0.25,1.0,Missouri,38.6,35,39,39.0,68.0,68.0,71,0.0,0.0,57.2,61.0,60.9,64.0,76.8,73.0,6.7,7.0,10,14.6,17
0.5,0.1,0.5,Washington,38.7,37,54,37.0,10.7,10.5,14,1.3,3.0,48.4,51.0,53.4,56.0,40.2,39.0,19.1,19.0,24,14.0,17
2.0,0.1,2.0,Washington,38.7,37,54,37.0,12.3,12.0,15,1.0,3.0,49.6,52.5,54.9,56.0,41.7,39.0,27.1,27.0,30,14.2,16
2.0,0.1,1.0,Washington,38.7,37,54,37.0,12.1,12.0,15,1.5,3.0,51.3,54.0,55.1,56.0,40.2,39.0,27.2,27.0,33,14.4,17
1.0,0.1,0.5,Washington,38.7,37,54,37.0,11.5,12.0,13,2.3,4.0,52.8,54.0,56.3,56.5,41.5,39.0,22.3,22.5,26,14.4,19
2.0,0.05,0.5,Washington,38.7,37,54,37.0,10.6,10.5,13,1.3,3.0,53.5,54.0,56.6,56.0,44.1,39.0,25.1,26.5,29,14.9,18
0.5,0.01,1.0,Florida,38.7,30,82,30.0,10.2,10.0,14,0.5,2.0,82.5,85.0,100.1,97.0,63.5,61.5,23.2,23.0,30,16.6,19
1.0,0.1,2.0,Washington,38.8,37,54,37.0,12.7,12.0,17,0.8,3.0,48.7,50.0,53.8,54.0,42.0,39.0,26.0,26.0,31,13.2,16
2.0,0.25,2.0,Oklahoma,38.8,36,49,39.0,40.4,40.5,43,0.3,1.0,47.3,49.0,52.2,51.0,28.0,28.0,22.1,22.0,27,14.7,16
0.5,0.25,2.0,Wisconsin,39.0,36,54,37.0,40.9,42.0,44,0.0,0.0,43.7,41.5,48.3,49.0,28.0,28.0,89.8,90.5,98,24.6,29
0.5,0.01,0.5,Idaho,39.1,30,65,30.0,7.8,8.0,10,4.7,11.0,68.7,65.0,83.4,75.0,38.2,33.0,25.3,25.0,29,13.7,16
2.0,0.25,1.0,Oklahoma,39.1,36,49,39.0,40.0,40.0,42,0.4,1.0,47.0,49.0,52.1,53.0,28.0,28.0,19.2,19.0,24,14.5,17
1.0,0.25,1.0,Wisconsin,39.2,36,45,40.0,41.6,42.0,45,0.0,0.0,45.7,44.0,48.7,50.0,28.0,28.0,85.7,86.0,94,24.0,29
0.5,0.25,0.5,Oklahoma,39.4,36,49,39.0,22.7,23.0,25,0.5,1.0,48.2,49.0,52.2,51.0,36.7,28.0,7.7,7.5,10,9.3,11
2.0,0.25,0.5,Minnesota,39.4,33,46,40.5,34.1,35.0,44,0.1,1.0,42.6,42.0,46.6,47.0,28.0,28.0,83.6,82.0,99,40.5,49
0.5,0.25,1.0,Wisconsin,39.5,36,54,38.5,38.6,37.0,44,0.0,0.0,42.6,40.0,46.5,46.0,28.0,28.0,82.4,81.5,97,25.6,31
0.5,0.25,1.0,Wyoming,39.6,39,40,40.0,9.5,9.5,10,0.0,0.0,41.2,42.0,44.5,44.0,99.0,99.0,1.0,1.0,1,1.0,1
0.5,0.25,2.0,Wyoming,39.6,39,40,40.0,12.1,12.0,13,0.0,0.0,41.8,42.0,44.5,43.0,99.0,99.0,2.3,2.0,4,1.0,1
0.5,0.25,0.5,Wyoming,39.6,39,40,40.0,8.9,9.0,10,0.0,0.0,41.3,42.0,43.9,43.0,99.0,99.0,1.0,1.0,1,1.0,1
0.5,0.25,1.0,Missouri,39.6,35,61,39.0,59.8,60.0,63,0.0,0.0,51.6,56.5,60.6,62.5,97.6,111.0,6.8,7.0,9,10.6,14
1.0,0.25,2.0,California,39.6,34,46,38.0,10.1,10.0,12,4.5,12.0,47.6,48.0,56.6,60.0,28.0,28.0,84.0,79.5,100,28.3,30
0.5,0.25,2.0,California,39.6,34,46,38.0,9.7,10.0,11,5.6,12.0,48.5,49.0,57.3,63.0,28.0,28.0,85.1,81.0,101,29.0,31
1.0,0.1,1.0,Wyoming,39.7,39,40,40.0,11.9,12.0,13,0.0,0.0,44.0,43.5,48.8,50.0,99.9,99.0,2.6,3.0,3,0.7,1
1.0,0.1,2.0,Wyoming,39.8,39,40,40.0,12.2,12.0,13,0.0,0.0,43.5,42.5,48.4,48.5,98.7,99.0,3.7,4.0,5,0.8,1
1.0,0.25,2.0,Wyoming,39.8,39,40,40.0,12.2,12.0,13,0.0,0.0,41.8,42.0,44.5,43.0,99.0,99.0,2.9,3.0,4,1.0,1
2.0,0.25,1.0,Wyoming,39.8,39,40,40.0,12.3,12.0,13,0.0,0.0,41.7,42.0,43.7,43.0,99.0,99.0,3.1,3.0,4,1.0,1
2.0,0.25,2.0,Wyoming,39.8,39,40,40.0,12.4,12.0,13,0.0,0.0,42.0,42.0,45.9,43.5,99.0,99.0,3.5,3.0,5,1.0,1
2.0,0.25,0.5,Wyoming,39.8,39,40,40.0,12.1,12.0,13,0.0,0.0,42.4,42.0,45.9,43.5,99.9,99.0,2.7,3.0,4,1.0,1
1.0,0.25,2.0,Oklahoma,39.8,36,49,39.0,39.7,39.5,42,0.1,1.0,45.1,47.0,50.8,49.0,30.9,28.0,17.7,18.0,20,15.1,18
1.0,0.1,0.5,Wyoming,39.9,39,40,40.0,10.3,10.0,12,0.0,0.0,45.6,47.0,51.0,52.0,117.6,99.0,2.1,2.0,3,0.8,1
0.5,0.1,2.0,Wyoming,39.9,39,40,40.0,11.9,12.0,13,0.0,0.0,43.7,43.0,49.2,50.0,120.8,108.0,2.2,2.0,4,0.9,1
1.0,0.25,0.5,Wyoming,39.9,39,40,40.0,10.5,10.5,11,0.0,0.0,41.9,42.0,44.3,43.0,99.0,99.0,1.8,2.0,2,1.0,1
1.0,0.25,0.5,South Dakota,39.9,37,44,39.0,39.5,39.0,42,0.0,0.0,42.7,43.0,46.4,45.0,49.0,49.0,17.7,17.5,20,4.8,8
1.0,0.05,0.5,Wyoming,40.0,39,42,40.0,11.3,11.0,12,0.0,0.0,44.1,43.5,50.6,50.0,161.8,99.0,1.7,2.0,3,0.3,1
0.5,0.1,1.0,Wyoming,40.0,40,40,40.0,9.0,9.0,10,0.0,0.0,44.4,43.0,50.3,50.0,96.375,99.0,1.1111111111111112,1.0,2,0.7,1
1.0,0.25,1.0,Wyoming,40.0,40,40,40.0,12.1,12.0,13,0.0,0.0,43.4,43.0,47.2,50.0,99.0,99.0,2.3,2.0,3,1.0,1
0.5,0.1,0.5,California,40.0,34,46,38.0,8.1,8.0,11,3.4,10.0,48.6,49.0,60.2,53.0,28.0,28.0,72.6,68.0,93,18.2,21
2.0,0.25,2.0,Wisconsin,40.0,36,54,40.0,40.7,41.0,44,0.0,0.0,43.6,43.0,47.0,48.0,28.0,28.0,87.4,86.0,99,25.4,30
2.0,0.25,0.5,California,40.0,34,46,38.0,10.2,10.0,13,4.3,11.0,48.3,49.0,57.3,63.0,28.0,28.0,78.1,72.5,92,28.3,31
0.5,0.25,1.0,Oklahoma,40.1,36,49,37.5,28.4,29.0,31,0.1,1.0,44.2,43.0,50.9,49.0,28.0,28.0,12.5,12.0,15,11.3,13
1.0,0.05,1.0,Washington,40.1,37,54,37.0,12.2,12.0,14,1.2,3.0,53.4,54.0,56.2,56.0,44.9,39.0,25.0,24.5,30,13.3,16
2.0,0.05,1.0,Washington,40.1,37,54,37.0,11.6,11.5,16,1.0,3.0,53.1,54.0,59.3,58.0,44.1,39.0,25.9,26.5,32,13.8,18
0.5,0.25,1.0,Iowa,40.1,31,54,43.0,33.1,32.0,40,2.4,8.0,46.2,44.0,49.4,46.0,43.5,47.0,71.5,70.5,81,52.3,56
2.0,0.1,1.0,Wyoming,40.2,39,43,40.0,12.4,12.0,13,0.0,0.0,44.5,43.0,50.2,50.0,103.7,99.0,4.7,5.0,6,0.7,1
2.0,0.1,0.5,Wyoming,40.2,39,43,40.0,12.1,12.0,13,0.0,0.0,45.8,47.0,50.7,50.0,97.6,99.0,4.7,4.5,6,0.9,1
2.0,0.25,0.5,Oklahoma,40.2,36,49,39.0,38.2,38.0,41,0.4,1.0,47.4,49.0,52.9,54.5,28.0,28.0,17.9,18.0,21,15.4,18
2.0,0.25,1.0,Minnesota,40.2,33,47,41.0,38.2,39.0,40,0.5,4.0,46.9,46.5,48.1,48.0,28.0,28.0,76.6,75.5,90,36.9,41
1.0,0.25,1.0,Minnesota,40.2,33,46,39.5,36.3,38.5,44,0.4,4.0,44.4,41.0,47.5,47.0,28.0,28.0,83.4,83.5,89,38.3,47
0.5,0.25,0.5,Iowa,40.2,31,54,43.0,30.2,30.0,34,3.9,13.0,46.4,44.0,48.9,47.0,43.6,47.0,65.8,67.0,73,51.6,53
0.5,0.25,2.0,Iowa,40.2,31,47,43.0,32.4,32.5,34,3.0,15.0,48.5,47.5,51.1,53.0,45.5,48.5,72.1,71.0,87,54.5,56
0.5,0.25,2.0,Oklahoma,40.4,36,49,39.0,37.5,37.5,40,0.1,1.0,46.3,48.0,52.3,51.0,28.0,28.0,15.7,15.5,19,10.9,14
2.0,0.1,2.0,Missouri,40.4,35,61,39.0,70.6,71.0,73,0.0,0.0,56.0,61.0,63.3,64.0,66.3,73.0,10.2,10.0,14,13.4,16
2.0,0.1,0.5,Washington,40.4,37,54,37.0,11.4,11.0,15,2.0,3.0,54.4,54.0,57.0,56.0,43.6,39.0,26.0,27.0,31,14.4,16
2.0,0.1,2.0,Wyoming,40.5,40,43,40.0,12.6,12.5,14,0.0,0.0,44.6,43.0,49.6,50.0,98.3,99.0,4.2,4.0,6,0.6,1
0.5,0.01,1.0,Colorado,40.5,33,61,34.0,17.1,16.5,20,0.5,2.0,57.3,60.5,61.7,61.0,49.9,47.0,20.6,20.0,25,6.5,10
2.0,0.25,2.0,Minnesota,40.5,33,47,40.5,38.4,39.5,46,0.4,2.0,44.7,43.5,47.8,49.0,28.0,28.0,79.0,77.0,96,36.8,48
1.0,0.25,0.5,Minnesota,40.6,33,53,39.0,33.4,33.5,40,1.0,8.0,43.5,41.0,46.4,46.0,31.3,28.0,77.1,78.0,89,39.3,47
1.0,0.25,1.0,Oklahoma,40.7,36,49,39.0,37.8,38.0,40,0.2,1.0,47.9,49.0,53.1,54.5,33.8,28.0,17.2,17.0,21,13.3,18
2.0,0.1,2.0,Minnesota,40.7,33,53,41.0,36.1,36.0,42,0.1,1.0,48.0,50.0,50.9,52.5,28.0,28.0,71.7,71.0,86,37.3,43
1.0,0.25,2.0,Minnesota,40.7,33,47,41.0,37.2,38.5,43,0.1,1.0,44.7,44.5,48.4,47.5,28.0,28.0,82.8,81.0,101,37.9,48
0.5,0.1,0.5,Wyoming,40.8,39,47,40.0,7.8,7.5,10,0.0,0.0,43.9,42.5,48.3,48.5,98.125,99.0,0.9,1.0,2,0.8,1
0.5,0.25,0.5,Wisconsin,40.8,36,54,38.5,39.2,39.0,42,0.0,0.0,44.3,41.5,47.3,47.0,28.0,28.0,69.2,68.0,78,22.6,25
2.0,0.25,2.0,California,40.8,34,46,42.0,10.9,11.5,13,3.6,11.0,48.4,48.5,54.4,49.0,28.0,28.0,75.2,71.5,92,27.7,30
2.0,0.05,2.0,Wyoming,40.9,40,47,40.0,12.7,13.0,13,0.0,0.0,47.3,47.0,51.9,51.0,101.2,99.0,5.2,5.0,7,0.2,1
0.5,0.25,1.0,South Dakota,40.9,37,44,40.5,38.2,37.5,41,0.0,0.0,43.5,43.5,47.4,45.0,49.0,49.0,16.8,16.5,20,4.0,6
0.5,0.25,0.5,South Dakota,40.9,37,44,40.5,35.9,36.5,38,0.0,0.0,43.4,43.5,46.6,45.0,48.4,49.0,15.0,15.0,16,4.2,7
0.5,0.25,0.5,Georgia,41.0,41,41,41.0,29.7,29.5,33,0.0,0.0,60.5,59.0,70.3,69.0,28.0,28.0,6.6,6.0,8,1.8,3
1.0,0.25,0.5,Georgia,41.0,41,41,41.0,50.3,50.5,56,0.0,0.0,62.0,64.0,69.2,69.0,28.0,28.0,11.4,11.0,13,3.1,5
1.0,0.1,0.5,Georgia,41.0,41,41,41.0,48.3,49.0,53,0.0,0.0,68.5,69.0,79.5,79.0,28.0,28.0,8.3,8.0,11,3.3,5
0.5,0.25,2.0,Georgia,41.0,41,41,41.0,55.7,56.0,59,0.0,0.0,62.5,66.5,73.5,74.0,28.0,28.0,8.9,9.0,10,4.6,7
2.0,0.25,1.0,South Dakota,41.0,39,44,39.0,47.0,47.0,49,0.0,0.0,44.6,44.0,49.4,46.0,49.0,49.0,23.2,23.0,27,4.8,8
2.0,0.25,0.5,Georgia,41.0,41,41,41.0,58.6,58.5,62,0.0,0.0,64.5,66.5,71.2,71.5,28.0,28.0,11.5,11.0,14,6.1,9
1.0,0.25,2.0,Georgia,41.0,41,41,41.0,59.3,59.5,62,0.0,0.0,62.0,64.0,72.1,69.0,28.0,28.0,12.1,12.0,15,6.3,9
2.0,0.25,1.0,Georgia,41.0,41,41,41.0,61.2,62.0,65,0.0,0.0,61.5,64.0,70.6,69.0,28.0,28.0,11.7,12.0,13,6.6,11
2.0,0.1,2.0,Georgia,41.0,41,41,41.0,57.0,56.5,61,0.0,0.0,68.3,69.0,76.5,76.5,28.0,28.0,11.0,11.5,13,7.8,10
2.0,0.25,2.0,Georgia,41.0,41,41,41.0,59.8,60.0,61,0.0,0.0,65.0,69.0,72.8,74.0,28.0,28.0,13.1,13.5,15,8.2,11
1.0,0.25,0.5,Iowa,41.0,31,45,43.0,33.3,33.5,37,0.8,4.0,46.6,46.0,50.3,51.0,46.7,48.5,72.2,72.0,94,53.1,57
0.5,0.05,2.0,Wyoming,41.2,40,47,40.0,12.1,12.0,13,0.0,0.0,47.2,47.0,55.4,54.0,92.3,99.0,2.9,3.0,4,0.3,1
1.0,0.05,2.0,Wyoming,41.2,39,47,40.0,12.4,12.0,13,0.0,0.0,45.2,45.0,51.8,52.0,103.2,99.0,4.7,5.5,7,0.5,1
0.5,0.25,2.0,South Dakota,41.2,37,44,42.0,43.6,44.0,46,0.0,0.0,43.6,44.0,48.5,46.0,46.6,49.0,19.4,20.0,21,4.7,7
0.5,0.1,0.5,Missouri,41.2,39,61,39.0,44.6,45.0,47,0.0,0.0,60.7,61.0,67.1,64.0,80.0,85.0,7.0,7.5,9,7.4,10
1.0,0.1,0.5,Missouri,41.2,39,61,39.0,57.8,58.0,61,0.0,0.0,61.6,61.0,67.4,64.0,70.7,79.0,6.3,6.5,8,12.1,14
1.0,0.1,1.0,Missouri,41.2,39,61,39.0,63.4,63.0,67,0.0,0.0,61.3,61.0,70.5,64.0,73.5,79.0,7.8,7.0,12,12.9,15
2.0,0.1,1.0,Missouri,41.2,39,61,39.0,68.5,68.5,72,0.0,0.0,61.3,61.0,65.7,64.0,66.7,85.0,8.8,8.5,12,13.9,17
1.0,0.01,0.5,Idaho,41.2,30,65,30.0,10.3,11.0,12,3.0,10.0,63.7,65.0,77.4,76.0,38.5,33.0,32.9,33.0,39,14.1,17
2.0,0.25,1.0,Wisconsin,41.2,36,54,38.5,42.2,42.5,46,0.0,0.0,47.2,47.5,49.1,49.0,28.0,28.0,84.8,85.0,96,23.4,27
2.0,0.05,1.0,Wyoming,41.3,39,47,40.0,12.8,13.0,13,0.0,0.0,46.1,45.0,53.8,54.0,99.8,99.0,5.9,6.0,9,0.1,1
2.0,0.25,1.0,Utah,41.5,33,51,41.0,10.5,10.5,12,0.3,1.0,48.6,42.0,54.5,51.0,53.0,54.0,23.2,23.0,32,5.9,8
1.0,0.05,1.0,Wyoming,41.6,40,47,40.0,12.3,12.0,13,0.0,0.0,46.2,47.0,57.0,54.0,117.2,99.0,2.8,3.0,3,0.2,1
1.0,0.1,2.0,California,41.6,34,46,46.0,11.0,11.0,13,2.9,9.0,48.4,49.0,54.0,49.0,28.0,28.0,76.1,73.5,97,26.3,29
1.0,0.25,1.0,California,41.6,34,46,46.0,10.0,10.0,12,4.3,12.0,48.6,49.0,58.8,63.0,28.0,28.0,81.8,78.0,97,28.8,30
0.5,0.1,2.0,Minnesota,41.7,33,53,41.0,34.2,35.5,40,0.0,0.0,49.2,52.0,51.3,53.0,28.0,28.0,71.9,72.0,83,37.2,48
2.0,0.25,0.5,Iowa,41.7,31,54,43.0,32.0,33.0,35,1.7,7.0,47.7,46.0,51.0,52.5,46.6,47.0,82.1,81.0,100,55.8,61
1.0,0.25,2.0,South Dakota,41.8,39,44,43.0,47.1,47.5,49,0.0,0.0,44.7,45.0,50.1,50.5,49.0,49.0,21.0,21.0,24,3.9,7
1.0,0.25,2.0,Utah,41.8,33,51,41.0,10.4,10.0,12,0.4,1.0,51.6,51.0,58.2,62.0,53.2,54.0,21.1,22.0,28,5.7,7
1.0,0.05,2.0,Washington,41.8,37,54,37.0,11.3,12.0,14,0.8,3.0,52.4,54.0,57.8,57.0,45.9,39.0,26.5,27.0,32,14.3,18
2.0,0.25,0.5,South Dakota,41.9,37,44,43.0,46.3,46.5,48,0.0,0.0,44.4,45.0,49.9,50.5,49.0,49.0,20.4,20.5,24,4.7,7
0.5,0.01,0.5,Mississippi,42.0,42,42,42.0,1.0,1.0,1,,,,,,,,,0.0,0.0,0,0.0,0
0.5,0.25,1.0,Illinois,42.0,35,60,39.5,51.6,52.0,54,0.1,1.0,53.1,55.0,58.9,61.5,85.8,85.0,4.6,4.5,6,9.7,11
2.0,0.1,2.0,California,42.0,34,46,46.0,9.8,10.0,14,2.9,10.0,48.6,49.0,60.0,60.0,28.0,28.0,70.4,67.0,97,27.9,31
2.0,0.05,0.5,Wyoming,42.1,40,47,40.0,12.6,13.0,13,0.0,0.0,48.0,47.0,57.0,54.0,141.9,103.5,3.6,4.0,6,0.3,1
2.0,0.25,2.0,South Dakota,42.1,37,44,44.0,47.2,47.5,49,0.0,0.0,44.4,46.0,50.5,55.0,49.0,49.0,21.1,21.0,23,4.4,8
2.0,0.1,2.0,Oklahoma,42.1,36,49,39.0,41.3,41.5,43,0.3,1.0,49.1,49.0,55.6,56.0,36.7,28.0,17.6,17.0,22,13.3,16
0.5,0.05,0.5,Washington,42.1,37,54,37.0,9.6,10.0,12,1.1,3.0,55.1,54.0,59.1,58.0,42.5,39.0,18.2,18.0,26,13.8,18
0.5,0.25,1.0,Georgia,42.3,41,54,41.0,45.8,45.5,49,0.0,0.0,63.0,64.0,71.6,69.0,28.0,28.0,8.4,9.0,11,2.8,4
1.0,0.25,1.0,South Dakota,42.3,39,44,44.0,45.8,46.0,50,0.0,0.0,44.8,46.0,49.0,49.0,48.7,49.0,19.1,19.0,21,4.2,6
1.0,0.25,0.5,Wisconsin,42.3,36,54,40.0,41.8,41.0,47,0.1,1.0,45.5,44.5,48.4,48.0,28.0,28.0,80.4,80.0,88,23.8,27
2.0,0.25,2.0,Iowa,42.3,31,54,43.0,31.1,31.5,35,1.2,4.0,46.6,46.0,51.3,52.5,45.8,47.0,93.1,92.5,109,57.0,62
0.5,0.05,1.0,Wyoming,42.4,39,52,40.0,8.6,9.0,10,0.0,0.0,47.1,45.0,55.2,54.0,98.0,95.5,1.625,1.5,3,0.4,1
1.0,0.25,2.0,Wisconsin,42.4,36,54,40.0,41.6,42.0,44,0.0,0.0,47.5,48.5,51.5,51.5,28.0,28.0,84.7,84.0,96,24.1,28
1.0,0.1,1.0,Minnesota,42.4,33,53,41.0,35.6,35.0,45,0.1,1.0,47.6,46.5,51.1,52.5,28.0,28.0,70.0,70.0,85,37.2,46
1.0,0.1,2.0,South Dakota,42.5,39,44,44.0,47.3,47.0,50,0.0,0.0,45.4,46.0,52.7,55.0,40.6,49.0,20.1,20.0,22,3.1,6
1.0,0.25,1.0,Georgia,42.5,41,56,41.0,57.2,57.5,60,0.0,0.0,63.1,64.0,70.4,69.0,28.0,28.0,11.1,11.0,13,4.9,6
1.0,0.25,0.5,Illinois,42.5,35,55,44.5,54.9,55.0,57,0.0,0.0,50.6,48.5,58.8,60.0,88.3,80.0,5.2,6.0,8,9.7,11
2.0,0.25,2.0,Illinois,42.5,35,58,44.0,59.5,59.5,62,0.1,1.0,50.4,48.5,59.1,59.0,79.5,85.0,7.9,8.0,11,11.8,14
2.0,0.1,1.0,Oklahoma,42.5,36,49,39.0,39.9,40.0,43,0.4,1.0,49.1,49.0,53.4,56.0,33.8,28.0,17.5,18.0,19,12.3,15
1.0,0.25,0.5,New York,42.5,36,68,36.0,11.0,10.0,16,3.0,8.0,58.1,55.0,69.0,68.0,28.0,28.0,186.1,185.0,198,39.1,42
2.0,0.1,2.0,South Dakota,42.8,39,44,44.0,46.4,46.0,50,0.0,0.0,45.2,46.0,52.0,55.0,44.1,49.0,21.2,22.0,26,4.3,9
1.0,0.05,2.0,South Dakota,42.8,37,44,44.0,45.0,45.5,48,0.0,0.0,45.1,46.0,53.4,55.0,47.4,49.0,19.4,19.0,25,4.4,8
1.0,0.1,1.0,South Dakota,42.9,39,44,44.0,43.5,44.0,46,0.0,0.0,45.2,46.0,51.9,55.0,45.5,49.0,18.3,17.5,21,4.5,7
0.5,0.1,0.5,South Dakota,43.0,39,44,44.0,33.5,34.0,36,0.0,0.0,45.4,46.0,51.8,55.0,50.4,49.0,14.4,14.0,19,3.5,5
0.5,0.1,2.0,South Dakota,43.0,39,44,44.0,43.2,43.5,45,0.0,0.0,45.5,46.0,52.8,55.0,49.0,49.0,15.9,16.0,20,3.7,8
0.5,0.05,0.5,Wyoming,43.1,40,47,41.5,6.7,6.5,8,0.0,0.0,49.3,48.5,58.8,62.0,97.25,99.0,1.0,1.0,2,0.2,1
2.0,0.25,1.0,New York,43.1,36,55,36.0,12.1,11.5,18,1.9,3.0,59.3,55.0,70.8,68.0,28.0,28.0,188.2,192.0,207,39.3,44
2.0,0.25,1.0,Iowa,43.1,31,54,43.0,31.9,32.0,35,0.8,7.0,48.4,45.0,51.1,51.0,48.5,47.0,91.4,92.0,100,56.3,59
1.0,0.25,2.0,Iowa,43.2,31,47,44.0,32.1,32.0,35,1.3,8.0,49.7,50.5,52.6,53.0,48.5,50.0,85.9,85.0,105,56.1,59
0.5,0.05,1.0,South Dakota,43.3,39,44,44.0,35.7,36.0,39,0.0,0.0,45.6,46.0,56.5,57.5,56.5,49.0,14.6,15.0,17,2.7,6
1.0,0.01,2.0,Colorado,43.3,33,61,33.0,20.0,19.5,24,0.8,2.0,60.1,59.0,64.8,61.0,43.9,28.0,29.7,30.0,38,9.7,13
0.5,0.25,1.0,Utah,43.4,33,51,41.0,10.1,10.0,13,0.4,1.0,50.8,46.5,58.0,56.5,55.5,57.5,16.5,16.0,25,4.9,6
2.0,0.05,1.0,Missouri,43.4,39,61,39.0,65.9,66.0,71,0.0,0.0,63.1,64.0,76.4,81.0,53.2,28.0,10.0,10.0,15,12.3,15
1.0,0.1,2.0,Missouri,43.4,39,61,39.0,68.6,68.0,75,0.0,0.0,61.6,61.0,67.4,64.0,62.0,50.5,8.9,8.5,12,12.8,15
1.0,0.25,1.0,Iowa,43.4,31,54,43.0,33.0,33.5,37,2.8,15.0,48.9,47.5,52.6,52.0,46.7,47.0,81.6,81.0,97,54.4,58
1.0,0.05,0.5,South Dakota,43.5,39,44,44.0,37.3,37.5,39,0.0,0.0,45.8,46.0,56.2,55.0,59.2,49.0,15.7,15.0,19,2.7,4
2.0,0.05,0.5,South Dakota,43.5,39,44,44.0,45.9,46.0,49,0.0,0.0,45.8,46.0,56.0,55.5,53.6,49.0,17.4,16.0,23,2.9,6
2.0,0.05,1.0,South Dakota,43.5,39,44,44.0,46.2,47.0,49,0.0,0.0,45.8,46.0,58.0,58.5,38.2,28.0,18.6,19.0,21,3.5,7
1.0,0.1,0.5,South Dakota,43.5,39,44,44.0,39.2,39.0,42,0.0,0.0,45.8,46.0,54.6,55.0,52.5,52.5,15.9,16.0,19,3.5,5
2.0,0.25,0.5,Utah,43.5,33,51,46.0,10.1,10.0,12,0.5,1.0,53.6,56.5,59.7,65.0,55.1,58.5,20.0,18.5,28,6.1,8
2.0,0.25,0.5,Wisconsin,43.5,36,57,40.0,40.7,40.5,44,0.0,0.0,47.0,46.5,49.1,48.5,28.0,28.0,85.1,83.5,97,24.9,30
1.0,0.05,0.5,Washington,43.6,37,54,37.0,10.7,10.5,17,1.0,3.0,54.6,54.0,58.3,58.5,43.7,39.0,23.1,23.0,26,13.8,17
2.0,0.05,2.0,California,43.6,34,46,46.0,10.8,11.0,14,2.0,9.0,48.7,49.0,63.4,53.0,28.0,28.0,69.3,65.0,93,26.0,28
1.0,0.05,2.0,California,43.6,34,46,46.0,10.4,10.5,12,2.2,11.0,48.6,49.0,57.0,53.0,28.0,28.0,70.1,68.0,93,26.4,28
1.0,0.1,1.0,California,43.6,34,46,46.0,10.8,10.5,14,2.2,9.0,48.4,48.5,55.3,49.0,28.0,28.0,77.3,75.5,103,27.1,30
0.5,0.1,2.0,California,43.6,34,46,46.0,10.7,10.5,12,1.8,7.0,48.5,49.0,58.3,57.0,28.0,28.0,74.7,72.0,97,27.3,29
2.0,0.1,0.5,Missouri,43.7,39,64,39.0,66.4,67.0,69,0.0,0.0,63.6,61.0,70.5,64.0,69.7,56.5,6.6,7.0,9,12.6,15
0.5,0.25,1.0,Michigan,43.7,41,44,44.0,36.0,36.0,40,0.9,4.0,49.9,50.0,54.2,53.5,53.3,51.0,14.9,15.5,19,25.8,30
ALL,ALL,ALL,California,43.730555555555554,34,82,46.0,9.694444444444445,10.0,14,2.8777777777777778,16.0,52.53055555555556,49.0,64.53055555555555,60.0,28.322222222222223,28.0,71.10555555555555,69.0,104,24.79722222222222,31
0.5,0.1,0.5,Georgia,43.8,41,69,41.0,28.3,28.5,35,0.0,0.0,67.8,69.0,78.0,79.0,28.0,28.0,4.9,5.0,8,1.6,3
0.5,0.1,1.0,Georgia,43.8,41,69,41.0,42.5,42.0,47,0.0,0.0,71.0,69.0,84.5,81.0,50.5,28.0,6.1,7.0,8,2.5,4
1.0,0.1,1.0,Georgia,43.8,41,69,41.0,52.5,52.0,55,0.0,0.0,67.0,69.0,80.2,79.0,30.8,28.0,8.1,9.0,11,5.0,6
1.0,0.25,0.5,Utah,43.8,40,51,41.0,10.5,10.0,13,0.3,1.0,47.8,42.0,56.3,51.0,55.9,54.0,18.9,20.0,22,5.2,7
1.0,0.1,2.0,Georgia,43.8,41,69,41.0,57.3,57.5,60,0.0,0.0,68.3,69.0,79.8,79.0,28.0,28.0,8.9,8.5,12,5.4,8
1.0,0.25,2.0,Oregon,43.8,39,47,47.0,14.9,15.0,16,0.0,0.0,49.2,48.0,58.8,58.0,28.0,28.0,11.0,11.0,13,6.6,8
2.0,0.1,0.5,Georgia,43.8,41,69,41.0,54.2,55.0,57,0.0,0.0,68.8,69.0,78.8,79.0,28.0,28.0,9.7,10.0,12,7.7,10
0.5,0.01,2.0,Colorado,43.8,33,61,34.0,19.3,19.5,22,0.4,1.0,57.6,59.0,63.8,61.0,41.2,28.0,25.5,24.5,32,8.9,12
0.5,0.1,1.0,Washington,43.8,37,54,37.0,11.8,12.5,14,1.0,3.0,54.0,54.0,56.7,56.0,48.5,39.0,20.1,20.0,24,13.5,16
2.0,0.1,1.0,Minnesota,43.8,41,53,41.0,38.6,39.0,43,0.0,0.0,50.3,52.5,53.1,53.0,28.0,28.0,65.9,64.5,74,35.0,40
0.5,0.05,0.5,South Dakota,44.0,44,44,44.0,31.4,31.0,33,0.0,0.0,46.0,46.0,55.7,55.5,54.4,49.0,13.1,13.5,17,2.3,4
1.0,0.05,1.0,South Dakota,44.0,44,44,44.0,43.2,42.5,48,0.0,0.0,46.0,46.0,57.6,56.5,51.5,49.0,17.6,17.5,20,2.7,6
2.0,0.1,0.5,South Dakota,44.0,44,44,44.0,47.4,47.0,49,0.0,0.0,46.0,46.0,53.8,55.0,45.5,49.0,19.5,18.5,23,2.9,4
0.5,0.1,1.0,South Dakota,44.0,44,44,44.0,36.6,37.0,39,0.0,0.0,46.0,46.0,56.9,55.0,51.7,49.0,15.4,15.5,17,3.0,5
1.0,0.25,0.5,Arizona,44.0,41,53,41.0,7.4,7.5,9,0.4,2.0,47.9,44.0,53.0,52.5,60.1,68.0,8.6,8.5,10,3.4,6
2.0,0.1,1.0,South Dakota,44.0,44,44,44.0,47.5,47.0,49,0.0,0.0,46.0,46.0,55.6,55.0,43.3,49.0,19.8,19.5,24,3.4,5
0.5,0.05,2.0,South Dakota,44.0,44,44,44.0,41.6,42.0,45,0.0,0.0,46.0,46.0,57.9,59.0,48.1,49.0,14.4,14.5,17,3.5,8
2.0,0.05,2.0,South Dakota,44.0,44,44,44.0,45.7,46.0,47,0.0,0.0,46.0,46.0,57.8,55.0,46.8,49.0,19.7,19.5,25,4.2,7
2.0,0.01,0.5,Colorado,44.0,33,61,33.0,21.3,21.0,25,0.6,2.0,58.1,60.5,63.7,62.5,37.3,28.0,27.4,27.5,30,7.9,10
1.0,0.01,1.0,Idaho,44.0,30,65,30.0,11.2,11.0,16,3.1,6.0,65.9,65.0,79.5,75.0,38.6,28.0,36.7,36.0,44,14.1,17
1.0,0.05,0.5,California,44.0,34,46,46.0,10.1,10.0,12,2.6,16.0,52.7,49.0,60.4,57.0,28.0,28.0,71.3,68.5,93,25.0,27
1.0,0.1,0.5,California,44.0,34,46,46.0,9.9,9.5,13,1.3,9.0,48.6,49.0,53.4,49.0,28.0,28.0,73.3,71.5,98,25.5,27
1.0,0.25,0.5,Michigan,44.0,44,44,44.0,34.4,34.5,39,0.5,2.0,49.8,49.5,55.2,55.0,52.6,51.0,15.9,15.0,19,26.1,29
1.0,0.05,1.0,California,44.0,34,46,46.0,10.5,11.0,11,1.4,10.0,49.0,49.0,58.0,57.0,28.0,28.0,70.0,68.5,85,26.1,28
2.0,0.1,1.0,California,44.0,34,46,46.0,10.8,11.0,13,1.1,10.0,48.4,48.5,54.1,53.0,28.0,28.0,69.7,67.0,91,27.2,31
2.0,0.25,0.5,Michigan,44.0,44,44,44.0,38.8,37.5,44,0.7,2.0,50.6,49.0,56.6,58.5,51.8,51.0,17.8,17.5,20,27.5,30
2.0,0.25,2.0,Michigan,44.0,44,44,44.0,38.6,39.0,43,0.5,2.0,49.6,49.0,56.6,59.0,50.8,51.0,17.6,17.5,22,27.9,31
1.0,0.25,1.0,Michigan,44.0,44,44,44.0,36.8,36.5,43,1.1,5.0,51.6,50.0,55.5,55.0,52.7,51.0,15.2,14.5,20,28.5,32
0.5,0.25,0.5,Utah,44.2,33,51,41.0,8.3,8.0,10,0.4,1.0,50.9,46.5,58.9,56.5,55.7,57.0,13.9,13.5,17,4.5,5
ALL,ALL,ALL,South Dakota,44.22222222222222,37,85,44.0,40.88333333333333,42.0,50,0.0,0.0,50.15833333333333,46.0,59.01111111111111,55.0,56.30833333333333,49.0,15.980555555555556,16.0,27,3.2416666666666667,9
0.5,0.25,2.0,Utah,44.4,33,51,46.0,9.7,9.0,12,0.5,1.0,52.8,56.5,59.7,65.0,58.2,64.0,19.3,19.0,26,6.0,7
0.5,0.1,1.0,California,44.4,38,46,46.0,10.4,10.5,12,0.8,4.0,48.7,49.0,54.0,49.0,28.0,28.0,74.3,75.0,83,24.0,27
2.0,0.25,1.0,Michigan,44.4,41,51,44.0,38.5,38.0,45,0.5,2.0,50.9,49.0,57.0,59.0,54.4,52.0,18.0,18.0,24,27.6,30
0.5,0.1,2.0,Oklahoma,44.5,36,49,48.0,35.8,36.0,40,0.2,1.0,52.5,52.5,56.7,57.0,28.0,28.0,14.5,15.0,18,9.0,12
0.5,0.1,1.0,Minnesota,44.5,41,53,41.0,32.9,32.5,39,0.0,0.0,50.8,53.0,54.8,54.0,46.1,50.0,61.9,62.0,67,36.3,39
ALL,ALL,ALL,Wyoming,44.6,39,167,40.0,10.808333333333334,12.0,14,0.0,0.0,52.077777777777776,47.0,60.141666666666666,50.0,112.22713864306785,99.0,2.8309037900874636,3.0,9,0.525,1
2.0,0.25,1.0,Oregon,44.6,39,47,47.0,15.0,15.0,17,0.0,0.0,49.5,48.0,58.6,58.0,28.0,28.0,10.6,10.5,12,6.8,9
2.0,0.25,0.5,Oregon,44.6,39,47,47.0,14.2,14.5,15,0.0,0.0,47.7,48.0,58.8,58.0,28.0,28.0,10.3,10.0,13,7.1,9
0.5,0.1,0.5,Minnesota,44.6,39,53,43.5,32.2,31.0,37,0.3,3.0,50.9,52.5,52.6,53.0,34.2,28.0,55.8,56.5,63,34.6,38
ALL,ALL,ALL,Washington,44.69722222222222,37,92,37.0,11.127777777777778,11.0,17,0.9638888888888889,8.0,55.75,54.0,63.297222222222224,56.0,42.361111111111114,39.0,22.766666666666666,23.0,33,13.666666666666666,19
0.5,0.05,1.0,Oklahoma,44.7,39,56,44.0,25.5,25.5,27,0.3,1.0,52.7,52.5,57.2,58.0,37.3,28.0,10.7,11.0,14,6.4,8
1.0,0.1,0.5,Oklahoma,44.7,36,49,49.0,29.9,30.0,33,0.3,1.0,52.5,52.5,56.0,57.0,30.9,28.0,11.6,12.0,16,9.1,11
0.5,0.25,0.5,Michigan,44.7,44,51,44.0,31.3,30.5,38,1.2,7.0,51.4,51.0,54.6,54.0,55.5,53.0,11.3,11.5,14,24.4,27
0.5,0.05,1.0,Minnesota,44.7,39,53,41.0,32.9,32.5,37,0.4,4.0,50.2,51.0,54.5,53.0,49.2,54.5,53.2,53.0,62,33.2,39
2.0,0.1,1.0,Georgia,44.8,41,64,41.0,55.9,56.0,58,0.1,1.0,68.0,69.0,78.4,79.0,28.0,28.0,9.7,10.0,12,7.8,10
0.5,0.05,1.0,California,44.8,34,46,46.0,9.4,9.5,11,1.1,9.0,48.5,49.0,59.0,63.0,28.0,28.0,67.1,65.0,97,24.3,26
2.0,0.05,0.5,California,44.8,34,46,46.0,11.0,11.0,12,0.9,7.0,48.2,48.5,53.8,57.0,28.0,28.0,68.5,65.0,93,26.6,28
2.0,0.05,1.0,California,44.8,34,46,46.0,10.1,10.0,12,1.0,10.0,48.6,49.0,59.8,57.0,28.0,28.0,66.7,63.5,95,27.0,30
2.0,0.05,1.0,Oklahoma,44.9,39,58,44.0,39.0,39.0,41,0.3,1.0,53.8,56.0,57.7,58.0,28.0,28.0,18.0,18.0,23,10.9,14
1.0,0.01,1.0,South Dakota,45.0,44,46,45.0,37.7,37.0,41,0.0,0.0,70.9,75.0,81.8,78.0,84.9,85.5,10.1,9.5,16,1.8,3
1.0,0.25,0.5,Vermont,45.0,37,62,43.0,11.0,11.0,13,0.0,0.0,50.0,47.0,57.7,54.0,91.0,91.0,6.3,6.0,8,3.0,4
0.5,0.1,0.5,Oklahoma,45.0,39,49,49.0,19.0,18.0,22,0.3,1.0,53.2,56.0,56.7,58.0,38.5,28.0,7.4,7.0,12,6.0,8
0.5,0.1,1.0,Oklahoma,45.0,39,49,49.0,26.4,26.5,29,0.2,1.0,53.2,56.0,56.7,58.0,28.0,28.0,13.1,13.0,18,9.1,13
1.0,0.1,0.5,Michigan,45.0,44,49,44.0,33.3,32.0,41,1.8,6.0,56.6,57.0,60.0,62.0,55.3,53.0,14.2,14.5,17,25.4,31
0.5,0.1,2.0,Georgia,45.1,41,69,41.0,53.7,53.5,58,0.0,0.0,68.8,69.0,77.0,79.0,33.8,28.0,7.4,8.0,10,5.0,7
1.0,0.25,1.0,Illinois,45.1,35,60,47.0,57.5,57.5,61,0.3,2.0,55.9,56.5,60.4,60.5,59.2,68.0,7.5,7.5,11,10.7,14
0.5,0.25,2.0,Illinois,45.1,35,58,46.0,53.7,54.0,56,0.1,1.0,53.7,52.5,62.7,65.0,79.4,85.0,6.4,6.0,9,12.4,15
1.0,0.25,2.0,Michigan,45.1,44,55,44.0,37.8,37.5,42,1.0,5.0,52.3,51.0,57.9,59.0,56.6,56.5,16.3,16.5,20,28.6,31
2.0,0.25,1.0,Arizona,45.2,41,53,41.0,8.0,9.0,10,0.7,2.0,50.7,44.0,56.0,53.0,56.6,61.0,8.8,9.5,12,3.0,5
0.5,0.05,0.5,Missouri,45.2,35,61,39.0,40.6,40.0,46,0.0,0.0,60.9,64.0,76.1,81.0,58.8,50.5,6.1,6.5,9,6.3,8
1.0,0.01,0.5,Colorado,45.2,33,61,42.5,18.3,18.0,23,0.5,2.0,58.7,60.5,63.8,61.0,42.8,31.0,21.5,21.5,28,6.7,9
0.5,0.05,2.0,California,45.2,38,46,46.0,10.4,10.0,13,0.5,3.0,48.6,49.0,56.8,57.0,28.0,28.0,67.8,70.0,79,26.6,29
2.0,0.01,0.5,South Dakota,45.3,44,49,45.0,38.8,39.0,41,0.0,0.0,59.4,56.0,75.3,74.0,78.8,83.5,10.9,11.0,15,2.7,4
0.5,0.25,2.0,Oregon,45.3,39,47,47.0,14.6,14.5,16,0.0,0.0,47.7,48.0,60.8,58.0,28.0,28.0,10.8,10.5,13,6.6,8
0.5,0.25,0.5,Arizona,45.4,41,51,45.0,6.3,6.5,8,0.8,2.0,51.6,50.0,55.5,56.5,55.3,54.5,7.1,6.5,9,4.0,6
0.5,0.05,1.0,Oregon,45.4,39,47,47.0,11.5,11.5,13,0.0,0.0,58.6,66.0,72.0,68.0,34.5,28.0,9.6,9.5,12,4.6,7
0.5,0.25,1.0,Oregon,45.4,39,47,47.0,13.1,13.0,14,0.0,0.0,49.6,48.0,63.4,66.0,28.0,28.0,9.0,9.0,11,6.1,7
2.0,0.05,0.5,Oregon,45.4,39,47,47.0,14.2,14.0,17,0.0,0.0,58.8,66.0,68.2,68.0,28.0,28.0,11.6,12.0,14,6.2,8
0.5,0.05,2.0,Oregon,45.4,39,47,47.0,12.3,12.0,14,0.0,0.0,65.1,66.0,73.2,68.0,34.5,28.0,11.3,12.0,13,7.0,8
2.0,0.01,2.0,Colorado,45.4,33,61,45.0,20.8,21.0,24,0.7,2.0,59.5,61.0,63.6,62.5,35.9,28.0,29.4,29.5,34,9.1,13
1.0,0.1,2.0,Oklahoma,45.4,36,56,49.0,39.9,39.0,46,0.1,1.0,51.2,51.0,55.8,56.0,28.0,28.0,16.2,16.0,19,11.6,15
2.0,0.1,0.5,Oklahoma,45.4,36,56,49.0,37.3,37.5,41,0.3,1.0,53.4,56.0,56.4,58.0,33.8,28.0,15.4,15.5,19,12.6,16
2.0,0.01,1.0,Idaho,45.4,30,74,30.0,12.6,13.0,15,2.8,8.0,68.4,65.0,79.2,74.0,33.3,28.0,36.6,36.0,45,13.7,17
1.0,0.1,0.5,Minnesota,45.4,39,53,43.5,34.7,35.0,41,0.0,0.0,50.0,52.5,53.4,53.0,41.0,28.0,62.7,63.5,73,35.2,39
0.5,0.05,1.0,Washington,45.5,37,54,45.5,10.4,10.5,14,1.2,4.0,54.9,54.0,58.9,59.0,51.4,50.5,21.8,23.0,28,13.6,18
0.5,0.25,2.0,Michigan,45.5,44,54,44.0,37.4,37.0,43,0.9,2.0,52.8,54.5,56.3,56.5,55.9,56.5,16.1,16.5,19,27.8,32
2.0,0.1,2.0,Iowa,45.5,31,60,46.0,31.8,32.0,38,1.4,8.0,52.7,54.0,55.5,56.0,50.9,52.0,92.6,94.5,110,56.2,62
0.5,0.1,2.0,Michigan,45.6,44,55,44.0,35.4,34.0,44,0.8,2.0,54.8,55.0,60.1,60.5,59.0,61.5,15.4,14.5,23,26.7,30
2.0,0.01,1.0,Colorado,45.7,33,60,45.5,21.6,21.5,25,0.4,1.0,58.6,61.0,62.0,61.0,30.1,28.0,26.9,27.0,31,8.5,11
0.5,0.25,0.5,New York,45.8,36,68,43.0,11.1,11.5,15,2.2,7.0,57.9,57.0,63.8,68.0,28.0,28.0,155.6,157.5,161,38.5,43
1.0,0.25,2.0,Illinois,45.9,35,77,45.5,60.8,61.0,65,0.1,1.0,57.5,55.0,63.4,63.0,91.0,85.0,7.9,8.0,11,10.6,12
2.0,0.05,0.5,Missouri,45.9,39,64,39.0,62.9,63.0,66,0.0,0.0,65.1,64.0,81.3,81.0,58.5,28.0,6.5,7.5,9,11.2,16
1.0,0.05,2.0,Missouri,45.9,39,64,39.0,63.8,63.5,70,0.0,0.0,65.0,64.0,82.0,81.0,44.1,28.0,9.8,10.0,14,11.4,13
1.0,0.05,1.0,Missouri,45.9,39,64,39.0,60.4,60.0,66,0.0,0.0,64.8,64.0,79.1,81.0,60.0,36.0,8.2,9.0,12,11.8,17
1.0,0.1,2.0,Minnesota,45.9,39,53,46.0,37.3,37.0,40,0.0,0.0,51.1,52.0,53.9,53.0,28.0,28.0,71.3,72.0,80,36.5,40
1.0,0.1,1.0,Oklahoma,46.0,39,49,49.0,37.6,37.5,39,0.2,1.0,54.1,56.0,57.6,58.0,30.9,28.0,15.1,15.0,21,10.5,14
0.5,0.05,0.5,California,46.0,46,46,46.0,8.1,8.0,10,0.2,2.0,48.6,49.0,56.6,57.0,28.0,28.0,58.0,58.0,68,16.8,18
2.0,0.1,0.5,California,46.0,46,46,46.0,11.4,12.0,13,0.4,1.0,48.6,49.0,51.8,49.0,28.0,28.0,68.8,70.5,74,26.5,29
1.0,0.25,1.0,Utah,46.1,33,51,51.0,10.0,10.0,11,0.6,1.0,54.8,62.0,62.2,68.0,60.5,67.0,20.0,18.5,28,6.1,8
2.0,0.25,2.0,Oregon,46.1,39,47,47.0,13.8,14.0,15,0.0,0.0,49.8,48.0,60.2,62.0,28.0,28.0,10.6,11.0,13,7.6,9
0.5,0.05,0.5,Oregon,46.2,39,47,47.0,8.6,9.0,11,0.0,0.0,60.3,62.0,69.8,68.0,34.5,28.0,6.0,5.5,9,1.9,4
0.5,0.25,0.5,Oregon,46.2,39,47,47.0,10.3,10.0,12,0.0,0.0,49.5,48.0,57.6,58.0,28.0,28.0,8.3,8.5,11,3.6,5
1.0,0.05,0.5,Oregon,46.2,39,47,47.0,12.4,12.5,14,0.0,0.0,61.9,66.0,70.8,68.0,34.5,28.0,10.3,11.0,15,4.8,6
0.5,0.01,0.5,Colorado,46.2,33,61,45.5,12.5,12.5,16,0.5,2.0,57.7,58.5,63.3,61.0,54.9,53.0,15.0,15.5,18,5.4,9
1.0,0.25,1.0,Oregon,46.2,39,47,47.0,14.7,15.0,16,0.0,0.0,51.7,48.0,62.8,66.0,28.0,28.0,9.9,10.0,11,6.3,8
2.0,0.05,1.0,Oregon,46.2,39,47,47.0,13.0,13.0,14,0.0,0.0,61.3,66.0,74.6,72.0,28.0,28.0,11.1,11.0,14,6.7,8
2.0,0.1,1.0,Oregon,46.2,39,47,47.0,14.1,14.5,15,0.0,0.0,57.5,60.0,66.2,67.0,28.0,28.0,11.8,12.0,15,7.0,9
2.0,0.1,2.0,Oregon,46.2,39,47,47.0,14.2,14.0,15,0.0,0.0,55.1,48.0,66.0,66.0,28.0,28.0,10.8,11.0,13,7.1,9
0.5,0.25,1.0,Arizona,46.3,41,53,44.5,6.8,7.0,8,0.6,2.0,50.4,48.0,57.5,56.5,57.9,61.0,7.5,7.5,9,4.1,6
2.0,0.01,2.0,California,46.3,46,49,46.0,9.4,9.0,13,0.4,1.0,54.6,57.0,76.6,69.5,28.0,28.0,62.2,63.0,68,23.8,27
1.0,0.1,1.0,Michigan,46.3,44,55,44.0,36.2,36.5,43,1.2,2.0,56.0,55.0,59.7,60.5,60.2,61.5,16.4,16.5,21,27.6,33
0.5,0.05,0.5,Minnesota,46.3,33,58,45.5,31.0,31.0,38,0.8,7.0,52.1,53.0,54.0,55.5,39.8,28.0,50.1,48.0,64,34.4,41
2.0,0.25,1.0,Vermont,46.5,37,62,46.0,10.3,10.0,12,0.0,0.0,53.1,49.0,61.7,59.5,91.0,91.0,6.4,6.0,9,3.7,6
0.5,0.05,0.5,Iowa,46.5,31,57,47.0,30.4,31.0,33,1.6,9.0,54.9,55.0,61.0,60.0,51.3,53.5,72.2,73.0,79,49.5,54
1.0,0.1,1.0,Iowa,46.5,31,54,49.5,31.1,31.0,34,2.5,13.0,52.7,54.0,56.7,56.0,50.3,53.5,84.0,84.0,95,55.4,57
0.5,0.05,0.5,Georgia,46.6,41,69,41.0,25.3,25.5,29,0.0,0.0,70.3,69.0,92.2,89.0,33.44444444444444,28.0,3.0,3.0,5,2.0,4
1.0,0.25,2.0,Arizona,46.7,41,53,48.5,6.4,6.0,8,0.9,2.0,53.3,56.0,58.3,62.5,58.6,64.5,9.2,9.0,13,4.6,6
2.0,0.05,2.0,Washington,46.7,37,54,52.0,11.2,11.0,14,0.7,3.0,53.6,54.0,56.5,57.0,52.1,62.0,23.8,24.5,26,14.0,17
2.0,0.1,1.0,Michigan,46.7,44,55,44.0,38.9,39.5,43,0.8,2.0,55.6,55.0,61.1,62.0,60.6,61.5,17.2,16.5,20,25.7,31
2.0,0.1,0.5,Minnesota,46.7,39,53,46.5,36.1,36.0,39,0.1,1.0,51.7,53.0,53.8,54.0,28.0,28.0,70.5,71.0,77,36.1,39
0.5,0.25,1.0,New York,46.7,36,68,43.0,12.4,11.0,17,2.4,6.0,60.2,57.0,72.1,68.0,28.0,28.0,181.7,184.0,190,38.0,42
0.5,0.25,1.0,Vermont,46.8,39,62,46.0,10.9,11.0,13,0.0,0.0,55.7,56.5,62.7,66.5,91.0,91.0,6.8,6.5,9,3.1,5
1.0,0.05,2.0,Minnesota,46.8,39,53,47.0,38.0,39.0,42,0.3,3.0,52.6,53.0,55.4,54.0,28.0,28.0,65.7,65.5,72,34.0,40
1.0,0.25,0.5,Oregon,46.9,46,47,47.0,14.1,14.0,15,0.0,0.0,47.9,48.0,59.4,58.0,28.0,28.0,10.9,11.0,13,6.2,7
1.0,0.05,2.0,Oklahoma,46.9,39,56,48.0,38.4,38.0,42,0.3,1.0,55.1,57.0,57.5,58.0,28.0,28.0,16.3,16.5,20,10.8,14
1.0,0.1,2.0,Michigan,46.9,44,55,44.0,37.4,37.0,45,1.4,6.0,55.3,55.0,61.7,62.0,59.2,61.5,16.4,16.5,19,26.7,33
0.5,0.1,0.5,Oregon,47.0,47,47,47.0,9.8,10.0,10,0.0,0.0,60.2,66.0,66.9,68.0,28.0,28.0,8.3,8.0,10,2.5,4
0.5,0.25,2.0,Arizona,47.0,41,53,49.0,6.4,6.0,8,0.9,2.0,52.6,56.0,56.7,60.0,62.0,68.0,8.4,8.0,10,4.4,6
1.0,0.1,0.5,Oregon,47.0,47,47,47.0,13.4,13.5,14,0.0,0.0,57.4,58.0,67.0,66.0,28.0,28.0,10.8,10.5,16,5.3,8
0.5,0.1,1.0,Oregon,47.0,47,47,47.0,12.5,13.0,14,0.0,0.0,59.4,66.0,66.4,68.0,28.0,28.0,9.5,9.0,12,5.4,8
2.0,0.25,2.0,Utah,47.0,33,51,51.0,10.6,11.0,13,0.7,1.0,55.6,62.0,60.1,68.0,59.4,67.0,20.1,17.5,30,5.8,8
1.0,0.1,1.0,Oregon,47.0,47,47,47.0,14.6,14.5,16,0.0,0.0,58.0,62.0,63.8,67.0,28.0,28.0,11.5,11.5,14,5.8,7
1.0,0.05,2.0,Oregon,47.0,47,47,47.0,14.2,15.0,16,0.0,0.0,62.0,66.0,69.2,68.0,34.5,28.0,11.3,11.5,15,6.0,8
1.0,0.05,1.0,Oregon,47.0,47,47,47.0,13.4,13.0,15,0.0,0.0,62.4,66.0,71.0,68.0,28.0,28.0,11.8,11.0,16,6.4,9
2.0,0.05,2.0,Oregon,47.0,47,47,47.0,13.5,14.0,16,0.0,0.0,59.0,66.0,69.1,68.0,28.0,28.0,10.5,10.5,13,6.4,8
0.5,0.1,2.0,Oregon,47.0,47,47,47.0,13.9,14.0,15,0.0,0.0,57.4,58.0,65.8,66.0,28.0,28.0,10.8,11.0,13,6.4,9
2.0,0.1,0.5,Oregon,47.0,47,47,47.0,14.5,14.5,16,0.0,0.0,62.2,66.0,66.6,68.0,28.0,28.0,12.0,11.5,16,6.5,8
1.0,0.1,2.0,Oregon,47.0,47,47,47.0,13.8,14.0,15,0.0,0.0,53.4,48.0,65.0,66.0,28.0,28.0,11.6,11.0,13,6.6,8
2.0,0.25,1.0,Illinois,47.0,35,60,47.0,59.3,60.0,61,0.2,1.0,57.1,57.5,64.8,60.5,75.6,85.0,7.4,7.5,11,11.6,14
0.5,0.01,1.0,California,47.1,46,57,46.0,8.4,9.0,10,1.7,12.0,61.2,57.0,90.1,92.0,28.0,28.0,52.9,53.0,61,20.7,24
1.0,0.01,2.0,California,47.1,46,57,46.0,9.5,9.0,13,1.5,13.0,57.3,57.0,73.4,64.5,28.0,28.0,63.3,61.0,78,23.0,26
0.5,0.1,0.5,Iowa,47.1,43,54,45.0,30.6,30.5,34,0.4,2.0,52.0,54.0,56.3,56.0,52.3,53.5,70.5,72.5,81,50.5,53
1.0,0.1,0.5,Iowa,47.2,31,60,45.0,32.1,32.5,36,2.0,9.0,54.6,54.0,57.8,56.0,53.1,52.0,78.9,81.0,90,54.1,58
2.0,0.25,0.5,Illinois,47.3,35,65,47.0,57.4,57.5,60,0.0,0.0,56.5,57.5,60.8,61.0,79.5,85.0,7.3,7.0,9,11.2,13
1.0,0.01,0.5,California,47.3,34,57,46.0,8.0,8.0,10,2.6,10.0,62.4,57.0,92.2,92.0,28.0,28.0,59.6,60.0,69,21.7,25
0.5,0.1,1.0,Michigan,47.3,44,55,44.0,33.4,32.5,41,1.1,2.0,56.2,55.0,61.1,62.0,58.8,61.5,12.4,12.0,17,24.6,29
0.5,0.05,1.0,Iowa,47.3,31,56,50.5,31.4,30.5,35,3.5,10.0,57.1,55.5,60.9,60.0,54.1,54.0,79.3,81.0,86,53.4,56
2.0,0.01,0.5,California,47.4,46,57,46.0,8.7,8.5,10,2.9,14.0,69.1,57.0,90.0,92.0,28.0,28.0,63.9,65.0,76,23.5,26
2.0,0.1,2.0,Wisconsin,47.5,36,57,50.0,40.5,40.0,44,0.0,0.0,52.5,56.0,55.8,58.5,28.0,28.0,80.3,79.0,91,24.9,29
0.5,0.1,2.0,Iowa,47.5,31,57,46.0,32.1,32.5,36,1.9,8.0,54.1,55.0,56.3,55.0,50.7,52.0,79.9,82.0,92,54.3,62
0.5,0.25,0.5,Nebraska,47.6,42,49,49.0,26.7,26.5,31,0.0,0.0,50.6,51.0,52.7,53.5,119.0,119.0,1.0,1.0,1,2.6,4
ALL,ALL,ALL,Missouri,47.672222222222224,35,97,39.0,57.56388888888889,60.0,77,0.0,0.0,67.675,64.0,77.92777777777778,81.0,77.44692737430168,73.0,6.9944444444444445,7.0,15,10.063888888888888,17
0.5,0.01,1.0,South Dakota,47.7,44,75,44.0,31.3,31.0,34,0.0,0.0,61.8,53.5,78.1,75.0,76.4,77.0,8.3,8.0,13,1.4,2
0.5,0.05,2.0,Washington,47.7,37,59,54.0,10.8,10.5,14,1.1,3.0,56.0,56.0,59.6,59.0,52.5,62.0,23.7,24.0,29,14.8,18
0.5,0.1,1.0,Missouri,47.8,39,61,39.0,55.6,56.0,57,0.0,0.0,62.5,62.5,72.5,72.5,74.7,85.0,7.6,7.5,12,11.0,14
2.0,0.1,0.5,Michigan,47.8,44,55,44.0,37.3,35.5,46,1.0,2.0,56.9,55.0,60.8,62.0,60.6,61.5,16.0,15.5,23,26.9,33
0.5,0.25,2.0,New York,47.8,36,59,55.0,13.0,13.0,19,1.1,2.0,58.7,59.0,66.4,68.0,28.0,28.0,192.9,190.0,206,37.9,42
2.0,0.05,1.0,Minnesota,47.9,41,65,46.0,37.7,37.5,46,0.0,0.0,53.6,53.0,57.1,56.0,28.0,28.0,62.0,62.0,68,34.5,39
1.0,0.01,2.0,South Dakota,48.0,44,80,44.0,40.0,40.5,42,0.0,0.0,63.3,63.0,75.2,74.0,86.3,92.5,10.7,11.0,15,2.4,4
0.5,0.25,0.5,Vermont,48.0,37,62,43.0,11.1,11.0,13,0.0,0.0,57.1,54.5,63.1,66.5,91.0,91.0,5.0,5.0,7,2.8,5
0.5,0.05,0.5,Oklahoma,48.0,36,58,49.0,15.0,15.0,18,0.0,0.0,55.4,56.0,60.0,60.0,42.6,28.0,4.9,5.5,7,3.0,5
1.0,0.25,1.0,Arizona,48.0,41,51,51.0,6.8,7.0,8,0.7,2.0,52.1,56.0,58.6,60.0,58.0,61.0,9.3,10.0,12,4.1,6
1.0,0.1,2.0,Iowa,48.0,43,56,45.0,32.4,33.0,34,0.1,1.0,51.2,54.0,55.6,56.0,53.4,53.5,89.7,90.0,98,55.3,58
2.0,0.05,0.5,Oklahoma,48.1,36,56,49.0,37.4,37.0,42,0.0,0.0,54.9,56.0,57.8,58.0,30.9,28.0,14.3,14.0,22,9.2,14
1.0,0.05,0.5,Missouri,48.1,39,64,39.0,54.0,54.5,58,0.0,0.0,64.8,64.0,77.5,81.0,50.8,28.0,7.8,7.5,11,11.1,14
1.0,0.05,1.0,Minnesota,48.1,41,53,50.0,35.8,36.0,40,0.0,0.0,53.1,53.0,55.2,54.0,28.0,28.0,60.9,62.0,65,34.9,40
0.5,0.01,2.0,California,48.2,46,57,46.0,9.0,9.0,12,2.5,13.0,62.9,57.0,78.6,70.5,28.0,28.0,64.7,64.5,70,23.5,27
1.0,0.05,0.5,Minnesota,48.2,40,55,52.5,36.1,36.0,38,0.2,2.0,53.1,53.0,55.9,56.0,54.4,55.5,54.4,55.0,61,32.5,36
2.0,0.05,0.5,Minnesota,48.2,39,55,50.0,35.2,35.0,40,0.1,1.0,52.7,53.0,56.7,56.0,28.0,28.0,61.9,62.5,67,36.1,38
1.0,0.25,1.0,Nebraska,48.3,42,49,49.0,40.4,40.5,44,0.0,0.0,52.3,53.0,54.0,54.0,117.1,119.0,4.0,4.0,6,2.7,4
0.5,0.25,2.0,Nebraska,48.3,42,49,49.0,39.8,40.0,42,0.0,0.0,51.8,51.0,53.6,54.0,119.0,119.0,2.3,2.0,3,3.3,5
1.0,0.25,1.0,New York,48.3,36,55,52.5,13.0,13.5,16,2.0,8.0,58.2,59.0,66.3,68.0,28.0,28.0,189.9,193.5,203,38.3,42
ALL,ALL,ALL,Oklahoma,48.33888888888889,36,86,49.0,31.38888888888889,34.0,46,0.18611111111111112,1.0,56.44722222222222,56.0,62.330555555555556,58.0,39.958217270194986,28.0,12.46111111111111,13.0,27,8.755555555555556,18
0.5,0.01,0.5,South Dakota,48.4,44,80,45.0,25.9,25.5,30,0.0,0.0,66.9,71.0,77.4,77.5,83.2,84.0,7.0,7.0,10,1.2,3
1.0,0.01,1.0,Colorado,48.4,33,61,56.5,18.7,18.5,22,0.5,2.0,61.9,61.0,69.5,71.0,40.9,28.0,24.8,25.0,30,10.2,13
0.5,0.1,0.5,Michigan,48.4,44,55,44.0,30.2,29.5,33,0.6,2.0,55.3,55.0,60.9,62.0,58.5,60.0,11.9,11.5,15,21.8,27
1.0,0.05,1.0,Iowa,48.4,31,57,49.5,31.4,32.0,34,2.8,7.0,59.4,56.0,63.3,64.5,54.2,55.0,87.0,85.5,96,54.5,58
2.0,0.05,1.0,Michigan,48.5,44,55,46.5,39.9,41.5,48,0.8,3.0,57.9,57.0,62.0,62.0,61.4,63.0,15.1,14.5,20,22.8,31
0.5,0.1,2.0,Wisconsin,48.5,36,59,51.5,40.7,40.0,45,0.0,0.0,52.0,54.0,54.0,54.5,28.0,28.0,83.5,81.0,103,24.1,27
1.0,0.01,2.0,Wyoming,48.6,40,62,49.5,10.9,11.0,13,0.0,0.0,71.0,69.0,82.2,81.0,133.6,113.5,3.9,4.0,6,0.2,1
2.0,0.25,2.0,Arizona,48.6,41,53,51.0,7.0,6.0,10,1.3,2.0,57.0,62.5,60.1,65.0,62.0,68.0,9.3,10.0,12,4.0,5
1.0,0.1,2.0,Arizona,48.6,41,53,51.0,6.3,6.0,8,1.0,2.0,57.2,60.0,64.2,65.0,56.1,61.0,9.5,10.0,12,4.4,6
2.0,0.25,0.5,Arizona,48.8,41,53,52.0,7.4,7.0,10,1.2,2.0,55.6,58.0,60.7,65.0,64.0,68.0,8.4,8.0,11,3.6,5
0.5,0.1,2.0,Utah,48.8,41,51,51.0,8.7,9.0,10,0.7,1.0,56.9,62.0,64.0,68.0,62.3,67.0,19.1,19.5,24,6.4,8
0.5,0.1,0.5,Wisconsin,48.9,37,57,52.0,38.7,39.5,42,0.0,0.0,55.7,56.5,57.5,56.5,29.5,28.0,64.3,62.0,74,22.4,29
2.0,0.05,2.0,Minnesota,48.9,41,64,46.0,37.3,37.5,42,0.0,0.0,53.9,53.0,55.4,55.0,28.0,28.0,62.5,62.0,72,34.1,39
1.0,0.25,0.5,Nebraska,49.0,49,49,49.0,35.8,35.5,39,0.0,0.0,51.6,51.0,53.1,53.0,117.1,119.0,1.7,2.0,2,2.6,3
0.5,0.25,1.0,Nebraska,49.0,49,49,49.0,33.2,33.0,35,0.0,0.0,51.0,51.0,53.5,53.5,119.0,119.0,2.0,2.0,2,2.8,4
1.0,0.25,2.0,Nebraska,49.0,49,49,49.0,44.3,44.0,48,0.0,0.0,51.2,51.0,53.7,54.0,117.1,119.0,4.0,4.0,5,3.5,5
2.0,0.25,1.0,Nebraska,49.0,49,49,49.0,46.4,46.5,48,0.0,0.0,51.0,51.0,53.4,54.0,117.1,119.0,3.8,4.0,5,3.5,5
0.5,0.1,2.0,Nebraska,49.0,49,49,49.0,37.0,37.0,40,0.0,0.0,53.3,54.0,56.0,57.0,111.4,119.0,3.3,3.0,5,3.8,5
2.0,0.25,0.5,Nebraska,49.0,49,49,49.0,42.2,42.0,44,0.0,0.0,51.8,51.0,53.9,54.0,117.1,119.0,3.9,4.0,5,4.2,6
1.0,0.1,2.0,Nebraska,49.0,49,49,49.0,41.4,41.0,44,0.0,0.0,52.4,52.0,55.1,54.0,103.8,100.0,5.8,6.0,7,4.3,6
2.0,0.25,2.0,Nebraska,49.0,49,49,49.0,47.1,47.5,50,0.0,0.0,51.5,51.0,54.0,54.0,117.1,119.0,3.9,3.5,7,4.4,6
1.0,0.1,1.0,Utah,49.0,41,51,51.0,8.9,9.0,10,0.8,1.0,58.0,62.0,67.6,68.0,63.7,67.0,19.2,19.0,22,6.5,8
1.0,0.1,2.0,Utah,49.0,40,62,51.0,8.9,9.0,11,0.6,1.0,56.5,62.0,69.1,68.0,57.8,67.0,19.4,19.5,22,6.7,9
0.5,0.25,0.5,Indiana,49.0,36,65,46.0,53.6,54.0,57,0.0,0.0,56.4,59.0,62.3,65.5,59.6,51.0,23.6,23.0,32,11.1,14
0.5,0.05,2.0,Minnesota,49.0,41,53,49.5,34.6,34.5,42,0.0,0.0,54.7,53.0,57.0,55.0,28.0,28.0,61.7,62.5,68,35.2,41
0.5,0.25,0.5,Illinois,49.1,35,60,49.0,43.6,43.5,46,0.1,1.0,56.2,57.5,61.3,66.5,104.8,87.0,3.8,4.0,6,6.5,9
0.5,0.1,1.0,Wisconsin,49.1,37,61,52.0,39.6,39.0,45,0.0,0.0,57.6,59.0,59.2,62.0,28.0,28.0,72.9,73.0,80,24.2,26
2.0,0.1,2.0,Michigan,49.1,44,55,47.5,40.8,42.0,48,1.1,4.0,56.5,57.0,59.6,62.0,57.6,61.5,15.6,15.5,19,24.2,31
1.0,0.25,2.0,New York,49.2,36,78,52.5,12.2,12.5,15,1.3,3.0,61.4,59.5,69.3,68.0,28.0,28.0,185.6,189.5,202,39.3,43
ALL,ALL,ALL,Minnesota,49.275,33,85,46.0,36.641666666666666,36.5,53,0.28055555555555556,8.0,55.02777777777778,53.0,58.41111111111111,53.0,36.49444444444445,28.0,60.63611111111111,63.0,101,33.36944444444445,49
2.0,0.01,2.0,South Dakota,49.3,44,69,45.0,39.2,40.0,42,0.0,0.0,66.0,70.0,76.3,75.0,63.7,49.0,12.5,12.5,15,2.6,5
1.0,0.01,1.0,California,49.3,46,57,46.0,8.8,9.0,11,1.4,9.0,57.5,57.0,75.5,74.5,28.0,28.0,66.7,67.5,76,22.5,25
1.0,0.25,1.0,Vermont,49.4,37,62,46.0,11.1,11.0,12,0.0,0.0,58.4,62.0,67.5,71.0,91.0,91.0,7.0,6.5,11,2.9,5
2.0,0.05,1.0,Georgia,49.4,41,69,41.0,52.5,53.0,54,0.0,0.0,73.4,69.0,88.1,86.0,28.0,28.0,9.0,9.5,12,7.5,11
2.0,0.1,0.5,Nebraska,49.5,49,54,49.0,40.2,40.0,43,0.0,0.0,53.6,53.5,57.0,57.0,103.8,100.0,5.4,5.5,6,4.2,6
2.0,0.1,2.0,Utah,49.5,33,62,51.0,9.8,10.0,12,0.5,1.0,59.0,62.0,72.2,68.0,63.9,67.0,19.7,21.0,25,6.0,8
2.0,0.05,2.0,Michigan,49.5,44,55,49.5,40.0,39.5,50,0.7,2.0,58.5,58.5,62.8,62.0,61.1,63.0,14.8,15.0,21,22.8,30
0.5,0.05,2.0,Michigan,49.5,44,55,49.5,34.7,34.5,41,0.7,2.0,58.2,57.0,61.4,62.0,61.7,61.5,15.5,15.5,18,24.4,29
1.0,0.1,1.0,Nebraska,49.6,49,53,49.0,37.5,37.5,39,0.0,0.0,53.8,54.0,56.1,57.0,109.5,109.5,4.9,5.0,6,3.8,6
0.5,0.1,0.5,Arizona,49.6,41,56,52.0,5.7,5.0,8,1.0,2.0,57.4,61.0,63.7,65.0,53.4,64.5,7.1,7.0,10,4.4,6
0.5,0.05,2.0,Utah,49.6,33,62,51.0,9.4,9.0,12,0.7,2.0,64.8,62.0,81.4,90.0,64.8,67.0,20.5,20.0,27,5.4,7
0.5,0.05,2.0,Oklahoma,49.6,39,58,49.0,32.5,32.5,35,0.1,1.0,56.1,56.0,59.3,59.0,33.8,28.0,12.2,12.0,17,6.9,11
ALL,ALL,ALL,Michigan,49.69722222222222,41,81,44.0,36.65277777777778,37.0,50,0.7111111111111111,7.0,58.99444444444445,55.0,65.82777777777778,62.0,61.394444444444446,63.0,13.919444444444444,14.0,24,22.205555555555556,33
0.5,0.1,1.0,Nebraska,49.7,49,54,49.0,28.7,29.0,31,0.0,0.0,53.7,54.0,57.4,57.0,105.7,100.0,2.1,2.0,3,4.3,5
1.0,0.1,1.0,Wisconsin,49.7,36,59,54.0,42.0,42.5,45,0.0,0.0,53.2,55.0,55.6,56.5,28.0,28.0,82.7,80.5,93,22.8,26
2.0,0.01,1.0,California,49.8,34,82,46.0,8.4,8.0,12,5.8,12.0,74.7,74.5,95.6,117.0,28.0,28.0,65.3,66.5,79,24.3,27
2.0,0.01,2.0,Wyoming,49.9,40,79,47.0,12.0,12.0,13,0.0,0.0,72.2,76.5,88.4,82.0,132.9,113.5,4.1,4.5,5,0.0,0
0.5,0.1,0.5,Nebraska,50.0,49,54,49.0,25.2,25.0,28,0.0,0.0,54.3,54.0,56.7,55.5,109.5,109.5,1.5,1.5,2,2.9,4
2.0,0.05,0.5,Michigan,50.0,44,55,52.0,38.6,39.5,42,0.5,2.0,59.2,62.0,62.3,62.0,61.6,63.0,15.9,15.5,21,23.3,29
0.5,0.05,1.0,Nebraska,50.1,49,54,49.0,27.5,27.5,30,0.0,0.0,54.3,54.0,57.3,57.0,107.6,100.0,1.9,2.0,3,3.7,5
1.0,0.05,2.0,Iowa,50.1,31,60,54.0,31.4,31.5,34,1.6,9.0,57.3,56.0,61.6,60.0,55.3,55.0,88.7,89.0,102,56.3,60
1.0,0.1,0.5,Nebraska,50.2,49,53,50.0,31.8,31.5,36,0.0,0.0,54.6,54.0,57.0,57.0,107.6,100.0,3.1,3.0,4,3.6,5
0.5,0.1,0.5,Utah,50.2,41,62,51.0,7.3,7.0,10,0.5,1.0,58.9,62.0,69.5,68.0,50.8,50.5,11.3,10.0,17,4.1,5
2.0,0.1,1.0,Wisconsin,50.2,37,59,54.0,39.7,40.0,45,0.1,1.0,55.7,55.0,58.0,58.0,28.0,28.0,78.2,78.5,87,25.6,30
2.0,0.1,1.0,Iowa,50.2,43,54,54.0,30.8,30.5,34,1.6,3.0,54.6,56.0,59.7,56.0,52.9,55.0,96.3,97.0,107,57.2,60
2.0,0.1,2.0,Nebraska,50.3,49,54,49.0,46.2,46.5,48,0.0,0.0,53.9,54.0,55.9,55.0,107.6,100.0,6.3,6.5,8,4.6,6
2.0,0.01,1.0,South Dakota,50.4,39,78,46.0,41.0,41.5,43,0.0,0.0,66.5,68.0,76.6,80.0,82.8,94.0,12.2,12.5,17,1.7,3
2.0,0.1,1.0,Utah,50.4,33,62,51.0,9.3,8.5,14,0.6,1.0,61.2,62.0,68.0,68.0,64.9,67.0,20.8,20.5,24,6.0,8
2.0,0.05,2.0,Oklahoma,50.4,49,56,49.0,39.6,39.5,44,0.0,0.0,55.9,56.0,58.8,59.0,28.0,28.0,19.0,18.5,22,11.8,16
2.0,0.25,0.5,New York,50.4,36,68,52.5,12.4,13.0,15,1.7,7.0,60.1,59.0,68.1,68.0,28.0,28.0,187.4,189.5,203,39.0,42
0.5,0.05,0.5,Nebraska,50.5,49,54,49.0,21.0,21.0,25,0.0,0.0,55.8,57.0,61.5,60.0,107.6,100.0,1.7,2.0,2,3.2,4
2.0,0.05,0.5,Nebraska,50.5,49,57,49.0,39.0,39.0,43,0.0,0.0,55.8,55.5,60.8,60.0,107.6,100.0,5.3,5.0,8,3.6,6
1.0,0.05,2.0,Arizona,50.5,41,56,53.0,5.7,5.5,7,1.2,3.0,60.1,65.0,67.6,65.0,50.1,58.0,10.5,10.5,13,5.1,6
1.0,0.1,2.0,Wisconsin,50.5,37,57,54.0,38.5,38.5,41,0.0,0.0,55.4,55.5,57.6,57.0,28.0,28.0,79.9,79.0,89,26.6,29
0.5,0.01,2.0,South Dakota,50.6,44,75,44.0,37.4,37.0,42,0.0,0.0,66.9,68.5,77.8,75.0,76.6,84.0,9.7,9.0,15,1.3,3
2.0,0.05,1.0,Nebraska,50.6,49,60,49.0,43.0,42.5,48,0.0,0.0,56.7,55.5,59.6,60.0,111.4,119.0,6.5,6.0,10,3.5,5
1.0,0.05,0.5,Michigan,50.6,44,55,55.0,35.7,37.0,44,0.6,2.0,58.9,60.5,61.7,62.0,60.9,63.0,13.7,14.0,17,21.0,27
0.5,0.05,1.0,Utah,50.7,33,62,51.0,9.1,9.0,12,0.3,1.0,64.0,62.0,76.3,83.0,40.8,28.0,16.4,15.0,23,4.0,5
2.0,0.05,2.0,Nebraska,50.7,49,54,49.0,43.8,43.5,49,0.0,0.0,54.9,55.5,60.5,60.0,109.5,109.5,5.7,5.5,8,4.6,7
1.0,0.1,1.0,Arizona,50.7,41,56,53.0,5.7,5.5,9,1.1,2.0,59.3,62.5,64.5,65.0,44.1,28.0,9.7,10.0,11,4.8,6
0.5,0.1,2.0,Arizona,50.7,41,56,53.0,5.5,5.5,7,1.0,2.0,58.2,61.0,62.7,65.0,53.3,64.5,9.7,9.5,12,4.9,6
2.0,0.25,0.5,Pennsylvania,50.7,43,56,51.0,44.7,44.5,49,0.2,1.0,57.6,57.5,65.0,66.5,28.0,28.0,58.5,58.5,71,14.1,20
1.0,0.05,2.0,Nebraska,50.8,49,60,49.0,41.7,41.5,43,0.0,0.0,55.7,57.0,58.5,60.0,109.5,109.5,6.1,6.0,8,2.4,4
2.0,0.1,2.0,Arizona,50.8,41,56,53.0,6.4,6.0,9,1.0,2.0,59.4,63.5,61.6,65.0,56.8,64.5,9.5,9.0,12,4.5,6
2.0,0.05,0.5,Utah,50.8,33,62,51.0,9.3,10.0,10,0.3,1.0,61.3,62.0,78.9,90.0,61.7,67.0,17.5,17.0,22,5.7,7
0.5,0.1,1.0,Iowa,50.8,43,56,54.0,32.7,32.5,38,0.3,1.0,54.2,55.0,60.0,58.0,54.9,55.0,77.0,76.5,85,52.9,57
1.0,0.05,0.5,Iowa,50.8,31,60,54.0,32.7,32.0,39,2.1,7.0,60.2,56.5,63.5,64.5,56.3,55.0,83.5,82.5,93,53.0,57
2.0,0.05,1.0,Iowa,50.9,43,57,54.0,32.6,33.0,37,1.6,8.0,59.3,58.5,63.4,64.5,56.8,57.0,92.1,94.0,103,54.7,62
1.0,0.25,2.0,Nevada,51.0,51,51,51.0,6.0,6.0,6,0.0,0.0,57.0,57.0,71.0,71.0,248.0,248.0,1.0,1.0,1,0.0,0
0.5,0.25,2.0,Nevada,51.0,51,51,51.0,6.0,6.0,6,0.0,0.0,57.0,57.0,71.0,71.0,114.0,114.0,1.0,1.0,1,0.0,0
2.0,0.1,1.0,Nebraska,51.0,49,57,49.0,43.8,44.0,46,0.0,0.0,53.4,52.5,57.1,57.0,105.7,100.0,5.6,6.0,7,4.5,6
2.0,0.1,0.5,Utah,51.0,51,51,51.0,8.5,8.5,10,1.0,1.0,62.0,62.0,70.2,68.0,63.1,67.0,17.2,17.0,22,6.8,9
1.0,0.05,1.0,Oklahoma,51.0,49,60,49.0,36.0,36.0,38,0.0,0.0,57.2,56.0,60.4,60.0,36.7,28.0,13.1,13.0,16,8.5,15
ALL,ALL,ALL,Oregon,51.07222222222222,39,112,47.0,12.402777777777779,13.0,17,0.002777777777777778,1.0,63.36388888888889,66.0,73.82222222222222,68.0,43.74722222222222,28.0,9.830555555555556,10.0,16,5.6194444444444445,9
1.0,0.05,1.0,Michigan,51.1,44,55,55.0,37.0,37.5,45,0.5,2.0,59.3,60.5,62.0,62.0,61.5,63.0,16.2,16.0,21,23.4,32
1.0,0.25,1.0,Mississippi,51.3,42,77,42.0,6.9,7.0,9,0.0,0.0,96.5,79.5,201.7,172.0,194.0,232.0,1.3333333333333333,1.0,2,0.0,0
1.0,0.05,0.5,Nebraska,51.4,49,60,49.0,30.4,30.0,34,0.1,1.0,57.9,57.0,62.4,60.0,111.4,119.0,2.3,2.0,4,3.9,5
1.0,0.05,0.5,Oklahoma,51.4,39,58,49.0,28.3,28.0,33,0.1,1.0,57.2,58.0,59.4,60.0,30.9,28.0,11.5,11.0,17,7.0,9
1.0,0.05,0.5,Arizona,51.5,41,56,53.0,5.2,5.0,7,0.9,2.0,61.4,65.0,69.3,65.0,58.2,68.0,9.1,8.5,13,5.1,6
2.0,0.05,1.0,Utah,51.5,33,62,51.0,8.7,8.5,11,0.4,1.0,62.9,62.0,80.0,79.0,54.5,59.5,21.8,20.0,29,6.5,9
2.0,0.1,2.0,Illinois,51.5,35,77,44.5,57.9,57.0,61,0.1,1.0,62.3,65.0,70.1,72.5,82.7,85.0,8.3,8.0,11,10.5,12
1.0,0.1,0.5,Wisconsin,51.5,40,61,55.0,40.1,40.0,43,0.0,0.0,55.1,56.5,57.1,57.0,28.0,28.0,78.8,81.0,88,24.8,29
2.0,0.25,1.0,Nevada,51.6,51,57,51.0,6.0,6.0,6,0.0,0.0,57.2,57.0,71.0,71.0,248.0,248.0,1.0,1.0,1,0.0,0
0.5,0.25,0.5,Nevada,51.6,51,57,51.0,5.2,5.0,6,0.0,0.0,57.2,57.0,71.0,71.0,114.0,114.0,1.0,1.0,1,0.0,0
0.5,0.05,2.0,Nebraska,51.6,49,57,49.0,35.6,35.5,39,0.1,1.0,58.9,57.0,62.6,60.0,107.6,100.0,3.6,4.0,5,4.2,6
0.5,0.05,1.0,Missouri,51.6,39,64,56.5,50.8,51.5,54,0.0,0.0,64.8,64.0,79.7,81.0,43.6,28.0,6.8,6.5,11,9.4,10
0.5,0.05,0.5,Michigan,51.6,44,55,55.0,32.3,33.5,39,0.4,2.0,59.2,62.0,61.7,62.0,61.2,63.0,9.6,10.0,12,17.2,22
0.5,0.05,1.0,Georgia,51.7,41,69,41.0,39.3,40.0,43,0.1,1.0,71.4,69.0,85.4,84.0,65.7,39.5,4.9,4.5,10,3.2,5
1.0,0.25,1.0,Pennsylvania,51.7,43,59,51.0,42.9,43.5,49,0.4,1.0,57.0,58.5,62.6,62.0,28.0,28.0,61.1,60.0,76,15.6,22
0.5,0.05,1.0,Michigan,51.7,44,55,55.0,36.3,37.5,43,0.3,2.0,58.6,60.5,61.3,62.0,62.4,63.0,12.2,12.0,16,19.9,27
1.0,0.05,2.0,Michigan,51.7,44,55,55.0,40.3,40.0,46,0.9,5.0,60.6,62.0,61.7,62.0,62.1,63.0,13.2,13.5,15,22.2,30
2.0,0.1,0.5,Wisconsin,51.7,37,63,54.0,41.0,40.5,45,0.0,0.0,56.9,56.5,59.3,60.0,28.0,28.0,78.9,78.0,89,24.0,27
2.0,0.05,2.0,Iowa,51.7,43,60,54.0,30.3,30.0,34,1.3,9.0,58.1,56.0,61.9,60.0,55.9,55.0,92.4,95.0,99,57.6,62
2.0,0.05,2.0,Arizona,51.8,41,56,53.0,6.4,6.5,8,0.8,3.0,60.4,62.5,68.1,65.0,50.4,58.0,9.8,10.0,13,4.3,6
0.5,0.01,0.5,California,51.8,46,82,46.0,5.7,5.0,9,6.0,12.0,78.0,92.0,104.2,117.0,39.6,28.0,48.8,49.0,54,14.7,16
2.0,0.05,0.5,Arizona,51.9,41,56,53.0,5.7,6.0,7,0.9,3.0,62.2,63.5,70.4,70.5,51.4,64.5,10.6,10.5,14,4.6,6
0.5,0.25,2.0,Indiana,52.0,36,59,55.0,64.2,64.0,67,0.1,1.0,61.8,65.0,65.7,66.0,66.8,74.5,30.9,31.5,34,10.4,12
0.5,0.25,0.5,Ohio,52.0,42,56,54.0,47.2,47.5,50,0.6,2.0,58.1,58.0,62.3,61.5,60.2,59.0,21.7,21.0,26,14.9,21
ALL,ALL,ALL,Arizona,52.1,41,66,53.0,5.863888888888889,6.0,10,0.95,7.0,62.952777777777776,65.0,75.375,65.0,57.15833333333333,68.0,8.972222222222221,9.0,18,4.6,7
0.5,0.1,1.0,Utah,52.1,51,62,51.0,8.7,8.5,10,0.9,1.0,62.6,62.0,70.0,68.0,65.2,67.0,14.4,14.5,18,5.5,6
2.0,0.05,0.5,Wisconsin,52.1,37,63,55.0,39.1,39.5,43,0.0,0.0,58.5,60.0,61.3,62.5,28.0,28.0,72.4,73.0,83,25.5,30
1.0,0.25,0.5,Nevada,52.2,51,57,51.0,6.0,6.0,6,0.0,0.0,57.4,57.0,71.0,71.0,248.0,248.0,1.0,1.0,1,0.0,0
1.0,0.05,0.5,Georgia,52.2,41,69,41.0,42.3,42.0,45,0.0,0.0,72.4,69.0,94.4,97.0,28.0,28.0,6.0,6.0,10,3.2,6
0.5,0.05,2.0,Georgia,52.2,41,69,41.0,46.8,46.0,52,0.0,0.0,79.2,69.0,98.5,93.0,37.6,28.0,4.7,4.5,8,3.5,5
1.0,0.05,1.0,Utah,52.2,41,62,51.0,9.1,9.0,13,0.6,1.0,65.1,62.0,74.8,68.0,65.0,67.0,19.0,19.0,24,5.4,7
0.5,0.05,2.0,Missouri,52.2,39,61,61.0,58.3,59.0,62,0.0,0.0,63.4,64.0,79.0,81.0,50.8,28.0,8.7,9.0,15,13.0,14
1.0,0.25,0.5,Ohio,52.2,45,56,56.0,52.7,53.0,55,0.7,2.0,59.8,59.0,64.3,63.0,59.6,59.0,23.5,23.5,27,17.6,21
1.0,0.1,0.5,Arizona,52.3,44,56,53.0,5.4,5.0,7,0.9,2.0,60.6,65.0,64.9,65.0,52.0,68.0,9.2,8.5,12,5.0,6
1.0,0.25,1.0,Ohio,52.3,42,56,56.0,54.7,55.0,59,0.8,2.0,58.9,60.0,63.0,64.0,59.6,59.0,28.1,27.5,33,20.0,25
1.0,0.05,1.0,Nebraska,52.4,49,62,49.0,36.3,36.0,38,0.0,0.0,58.8,57.0,62.8,61.0,109.5,109.5,5.0,5.0,7,3.7,5
0.5,0.1,1.0,Arizona,52.5,49,56,53.0,5.3,5.0,6,1.1,2.0,60.4,60.0,67.8,65.0,48.0,48.0,9.0,10.0,11,5.3,6
1.0,0.25,0.5,Pennsylvania,52.5,46,59,51.0,41.3,42.0,45,0.0,0.0,60.2,59.0,63.3,62.0,28.0,28.0,57.0,57.5,62,16.5,21
1.0,0.1,0.5,Illinois,52.6,35,77,52.5,52.5,52.5,58,0.2,1.0,67.5,65.0,75.0,77.0,79.7,85.0,5.9,6.0,8,8.1,11
2.0,0.1,0.5,Iowa,52.6,43,56,54.0,31.6,31.5,35,0.7,3.0,55.0,56.0,57.2,56.5,54.5,55.0,91.0,91.5,98,56.3,60
0.5,0.25,2.0,Vermont,52.7,40,62,59.5,10.6,10.5,12,0.0,0.0,62.1,66.0,66.8,72.0,91.0,91.0,7.3,7.5,9,3.4,5
2.0,0.25,0.5,Vermont,52.7,37,62,51.5,10.5,10.5,13,0.0,0.0,58.2,62.0,66.7,72.0,91.0,91.0,7.2,7.0,9,3.5,6
2.0,0.1,1.0,Arizona,52.7,41,56,53.0,6.1,6.0,8,1.1,2.0,61.1,65.0,63.8,65.0,56.6,64.5,8.5,9.0,10,4.8,6
0.5,0.25,1.0,Nevada,52.8,51,57,51.0,6.0,6.0,6,0.0,0.0,58.6,57.0,71.0,71.0,114.0,114.0,1.0,1.0,1,0.0,0
1.0,0.25,1.0,Nevada,52.8,51,57,51.0,6.0,6.0,6,0.0,0.0,59.6,57.0,71.0,71.0,114.0,114.0,1.0,1.0,1,0.0,0
2.0,0.25,2.0,Nevada,52.8,51,69,51.0,6.0,6.0,6,0.0,0.0,58.4,57.0,71.3,71.0,114.0,114.0,1.0,1.0,1,0.0,0
1.0,0.1,2.0,Vermont,52.8,40,62,54.0,10.3,10.0,13,0.0,0.0,66.2,65.5,77.9,84.0,91.0,91.0,6.9,6.5,9,3.7,6
2.0,0.25,2.0,Vermont,52.8,40,62,54.0,10.2,10.0,12,0.0,0.0,59.5,62.5,73.9,80.0,91.0,91.0,6.6,6.5,10,3.8,6
2.0,0.05,2.0,Missouri,52.8,39,64,61.0,66.8,67.0,69,0.0,0.0,69.0,64.0,85.6,81.0,71.3,64.5,9.3,9.5,13,12.0,13
2.0,0.25,0.5,Ohio,52.8,45,56,56.0,56.6,56.5,61,0.7,2.0,58.2,60.0,63.6,64.0,31.1,28.0,28.0,27.0,32,18.1,22
0.5,0.05,1.0,Wisconsin,52.8,40,63,54.0,37.5,36.5,43,0.0,0.0,58.6,59.5,61.3,62.5,28.0,28.0,72.3,72.5,85,24.8,30
1.0,0.05,1.0,Arizona,52.9,44,56,53.0,5.1,4.5,8,1.3,3.0,64.2,65.0,73.1,65.0,48.1,44.5,9.8,10.0,11,5.3,6
1.0,0.01,0.5,South Dakota,53.0,44,85,45.0,33.3,34.0,36,0.0,0.0,65.3,67.0,76.9,75.0,78.4,86.5,9.2,9.0,13,1.1,3
2.0,0.05,1.0,Arizona,53.0,44,56,53.0,6.1,6.0,8,0.8,1.0,62.1,65.0,69.1,65.0,44.0,28.0,9.8,10.0,13,4.5,6
2.0,0.1,0.5,Arizona,53.0,53,53,53.0,5.3,5.0,7,1.7,2.0,64.0,65.0,68.9,65.0,49.9,61.0,10.2,10.0,13,5.2,6
0.5,0.25,0.5,Pennsylvania,53.1,43,59,53.5,40.6,40.5,48,0.1,1.0,57.3,58.5,61.2,59.0,28.0,28.0,52.4,53.0,61,16.1,21
0.5,0.05,2.0,Arizona,53.2,51,56,53.0,5.9,6.0,7,1.2,3.0,66.1,65.0,73.4,76.0,44.4,28.0,9.2,9.0,13,4.8,6
ALL,ALL,ALL,Iowa,53.28333333333333,31,87,54.0,31.591666666666665,32.0,41,1.725,15.0,60.09444444444444,56.0,63.90833333333333,56.0,57.78333333333333,55.0,82.3,82.5,110,53.263888888888886,62
1.0,0.25,2.0,Vermont,53.3,39,62,59.5,10.6,11.0,12,0.0,0.0,60.6,63.0,68.3,71.0,91.0,91.0,6.5,6.5,9,3.4,5
1.0,0.1,0.5,Utah,53.3,41,62,51.0,9.0,9.0,11,0.6,1.0,61.8,62.0,72.9,68.0,67.8,67.0,14.3,15.0,19,6.0,7
2.0,0.25,2.0,Ohio,53.3,45,56,56.0,59.1,59.0,62,1.0,2.0,60.6,60.0,65.8,65.5,34.2,28.0,29.8,30.0,32,17.7,21
1.0,0.05,2.0,Utah,53.4,41,62,51.0,9.3,10.0,11,0.4,1.0,60.4,62.0,77.5,80.0,67.1,71.5,18.0,18.0,25,5.7,8
2.0,0.05,2.0,Utah,53.4,41,62,51.0,9.6,10.0,11,0.4,1.0,64.8,62.0,77.0,83.0,55.9,67.0,19.4,20.0,23,5.8,9
2.0,0.01,1.0,Washington,53.4,37,66,54.0,8.9,9.0,12,1.1,8.0,79.5,81.5,98.4,91.0,52.1,28.0,22.1,21.5,29,14.1,18
2.0,0.25,2.0,Pennsylvania,53.4,51,59,51.0,44.2,43.5,49,0.4,1.0,59.1,59.0,64.3,61.0,28.0,28.0,58.8,60.5,65,14.8,17
2.0,0.25,1.0,Pennsylvania,53.4,46,62,51.0,43.0,42.0,47,0.2,1.0,60.5,59.0,65.9,64.0,28.0,28.0,56.8,56.5,63,16.0,18
2.0,0.05,0.5,Iowa,53.5,43,75,54.0,31.7,31.5,39,0.5,2.0,58.3,56.0,60.4,56.5,56.8,55.0,90.2,90.5,99,55.2,60
0.5,0.05,1.0,Arizona,53.6,41,56,56.0,4.8,4.5,7,0.8,2.0,62.1,65.0,69.4,65.0,51.5,64.5,8.5,9.0,11,5.3,6
2.0,0.25,2.0,New York,53.6,36,68,57.0,13.8,14.5,18,1.2,3.0,62.9,64.0,67.8,71.0,28.0,28.0,183.4,183.0,197,37.8,43
1.0,0.25,0.5,Kentucky,53.7,47,58,53.0,46.7,47.0,51,0.1,1.0,57.9,57.0,61.8,59.5,48.6,43.5,25.8,25.0,29,6.8,10
0.5,0.25,1.0,Ohio,53.7,45,56,56.0,48.8,48.5,54,1.0,2.0,58.7,60.0,65.0,67.0,59.6,59.0,23.4,24.0,26,18.0,24
0.5,0.05,2.0,Iowa,53.7,43,57,54.0,32.3,34.0,36,2.8,9.0,60.7,60.0,65.6,69.0,57.4,56.0,84.5,83.0,91,53.9,59
1.0,0.25,2.0,Indiana,53.8,46,65,55.0,65.6,65.0,69,0.0,0.0,62.6,65.0,66.4,66.0,66.6,72.0,31.7,33.0,35,11.6,15
0.5,0.25,2.0,Ohio,53.8,42,56,56.0,53.5,54.0,57,0.8,1.0,58.3,60.0,64.5,67.0,59.6,59.0,25.7,27.0,30,19.3,22
ALL,ALL,ALL,Wisconsin,53.958333333333336,36,93,54.0,38.666666666666664,39.0,47,0.019444444444444445,2.0,60.46111111111111,59.0,64.375,61.0,31.569444444444443,28.0,74.91111111111111,75.0,103,24.730555555555554,35
2.0,0.25,0.5,Nevada,54.0,51,69,51.0,6.0,6.0,6,0.0,0.0,58.8,57.0,71.3,71.0,181.0,181.0,1.0,1.0,1,0.0,0
0.5,0.05,0.5,Arizona,54.0,51,56,53.0,4.2,4.0,5,0.9,2.0,65.6,65.0,71.6,70.5,55.4,68.0,6.9,6.5,9,5.8,7
2.0,0.1,2.0,Ohio,54.1,45,56,56.0,52.4,52.0,58,0.8,1.0,66.2,71.0,73.8,74.0,28.0,28.0,25.6,26.0,28,22.9,25
0.5,0.1,0.5,Vermont,54.2,37,62,62.0,8.9,8.5,11,0.0,0.0,68.8,70.0,81.4,89.0,91.0,91.0,6.4,6.0,10,4.7,7
1.0,0.25,1.0,Indiana,54.2,36,65,57.0,65.1,65.0,70,0.0,0.0,63.0,65.0,66.8,66.0,65.7,77.0,27.7,28.0,32,10.3,12
0.5,0.05,2.0,Wisconsin,54.3,37,63,57.0,40.5,40.5,44,0.1,1.0,60.8,61.0,65.0,65.0,28.0,28.0,78.8,80.0,83,24.1,27
0.5,0.25,2.0,Pennsylvania,54.4,51,59,53.5,42.7,42.0,48,0.1,1.0,62.2,59.0,66.8,63.5,28.0,28.0,55.6,56.0,64,15.6,19
2.0,0.05,0.5,Georgia,54.5,41,69,55.0,50.2,50.0,52,0.1,1.0,75.1,69.0,90.3,88.0,30.8,28.0,6.6,6.5,9,6.8,10
1.0,0.25,0.5,Indiana,54.5,46,65,55.0,63.1,63.5,66,0.2,2.0,62.2,62.0,64.8,65.5,70.3,77.0,28.0,27.0,32,10.9,14
2.0,0.25,2.0,Kentucky,54.7,50,58,53.0,56.0,55.5,60,0.1,1.0,59.3,58.0,62.7,63.5,53.5,43.5,33.9,35.0,40,9.5,12
1.0,0.05,0.5,Utah,54.8,33,62,62.0,9.5,9.5,11,0.1,1.0,65.8,68.0,79.7,76.5,71.2,79.0,16.1,15.5,23,4.9,6
0.5,0.25,1.0,Pennsylvania,54.9,46,82,51.0,43.1,44.0,45,0.0,0.0,60.8,59.0,64.5,62.0,28.0,28.0,55.2,55.5,61,14.9,19
0.5,0.1,0.5,Ohio,54.9,45,56,56.0,41.0,40.5,45,1.0,2.0,65.8,67.0,73.7,71.0,60.5,60.5,21.6,21.0,27,16.6,21
1.0,0.25,2.0,Ohio,54.9,45,56,56.0,58.1,58.5,61,1.0,2.0,61.7,60.0,66.8,67.0,46.6,59.0,27.9,27.5,32,17.8,21
0.5,0.1,2.0,Ohio,54.9,45,56,56.0,49.8,49.0,54,1.0,2.0,67.0,69.5,71.9,72.5,60.2,59.0,25.3,25.5,31,21.8,26
1.0,0.1,2.0,New York,54.9,36,81,55.0,14.4,14.5,19,0.5,2.0,70.1,68.0,83.9,88.0,28.0,28.0,183.0,184.5,199,36.7,41
1.0,0.25,1.0,Montana,55.0,55,55,55.0,20.5,20.0,23,0.0,0.0,70.0,70.0,89.0,89.0,133.1,134.0,1.6,1.5,3,1.0,1
1.0,0.05,2.0,Georgia,55.0,41,69,55.0,52.6,53.5,56,0.0,0.0,75.2,73.0,90.1,89.0,28.0,28.0,6.0,6.0,9,6.5,11
2.0,0.05,2.0,Georgia,55.0,41,69,55.0,53.4,54.0,58,0.0,0.0,73.9,73.0,89.5,93.0,28.0,28.0,8.9,8.0,13,8.8,11
2.0,0.05,2.0,Vermont,55.1,40,62,62.0,9.0,9.0,12,0.1,1.0,80.0,87.0,91.7,103.0,91.0,91.0,6.5,6.5,10,4.9,7
1.0,0.1,1.0,New York,55.1,36,68,55.0,13.3,13.5,17,1.1,3.0,71.1,68.0,80.5,86.0,28.0,28.0,191.4,193.0,205,37.5,40
1.0,0.1,1.0,Nevada,55.2,51,57,57.0,6.0,6.0,6,0.0,0.0,64.4,69.0,71.0,71.0,248.0,248.0,1.0,1.0,1,0.0,0
2.0,0.25,1.0,Indiana,55.2,46,65,57.0,65.0,65.0,69,0.0,0.0,62.6,65.0,64.8,66.0,65.4,72.0,31.4,31.5,36,11.9,14
2.0,0.25,0.5,Kentucky,55.3,50,58,56.0,54.2,54.0,57,0.2,1.0,60.1,58.0,63.5,63.5,56.8,59.0,33.2,31.0,42,8.6,10
ALL,ALL,ALL,Utah,55.355555555555554,33,124,51.0,9.677777777777777,10.0,15,0.4166666666666667,2.0,68.37222222222222,62.0,79.95277777777778,68.0,67.60555555555555,67.0,16.522222222222222,17.0,32,4.6194444444444445,9
ALL,ALL,ALL,Nebraska,55.394444444444446,42,99,49.0,34.794444444444444,36.0,50,0.027777777777777776,2.0,62.40833333333333,54.0,66.94722222222222,57.0,119.5284090909091,119.0,3.636871508379888,4.0,10,3.5194444444444444,7
0.5,0.25,0.5,Kentucky,55.5,50,58,57.0,37.4,38.0,40,0.1,1.0,59.1,59.5,61.7,62.0,61.0,67.0,13.1,13.0,17,6.1,8
0.5,0.05,0.5,Wisconsin,55.5,36,63,57.0,37.7,38.0,42,0.0,0.0,60.9,63.0,63.4,65.0,31.1,28.0,63.7,62.5,74,23.0,29
0.5,0.25,1.0,Indiana,55.6,46,65,59.0,60.0,60.0,63,0.1,1.0,63.0,65.0,65.4,66.0,67.9,72.0,25.7,25.0,33,10.9,13
2.0,0.1,1.0,Ohio,55.6,52,56,56.0,53.0,53.0,57,1.1,2.0,67.3,71.0,73.1,74.0,44.1,43.5,27.6,27.0,31,21.9,25
1.0,0.01,0.5,Michigan,55.7,55,62,55.0,36.4,36.5,39,0.9,5.0,71.8,67.0,83.9,81.0,66.1,65.0,9.9,8.5,16,12.2,16
2.0,0.05,2.0,Wisconsin,55.7,37,63,57.0,38.9,39.0,44,0.0,0.0,60.5,61.0,64.0,65.0,28.0,28.0,71.4,73.5,83,26.1,32
ALL,ALL,ALL,Georgia,55.797222222222224,41,144,41.0,44.59166666666667,49.0,65,0.011111111111111112,1.0,81.50833333333334,69.0,93.51388888888889,79.0,50.45375722543353,28.0,7.045070422535211,7.0,15,4.541666666666667,11
1.0,0.25,2.0,Pennsylvania,55.8,51,76,51.0,44.1,44.5,47,0.3,2.0,63.8,62.0,69.5,63.5,28.0,28.0,58.6,58.0,65,14.8,19
1.0,0.05,0.5,Wisconsin,55.8,37,63,56.5,39.9,40.0,44,0.0,0.0,60.4,60.0,63.7,63.0,31.7,28.0,73.5,75.5,81,24.1,28
0.5,0.1,0.5,Nevada,55.9,51,58,57.0,5.3,5.0,6,0.0,0.0,65.4,69.0,71.3,71.0,248.0,248.0,1.0,1.0,1,0.0,0
1.0,0.1,1.0,Vermont,55.9,37,62,62.0,9.2,9.5,11,0.3,2.0,76.7,79.0,86.6,90.0,91.0,91.0,6.7,7.0,9,4.7,7
2.0,0.25,1.0,Kentucky,55.9,53,58,56.0,55.5,55.5,58,0.0,0.0,60.1,58.0,63.7,65.5,59.9,59.0,33.4,33.0,41,8.7,11
2.0,0.05,2.0,Ohio,55.9,55,56,56.0,51.0,51.0,56,1.0,2.0,69.3,71.0,77.9,79.5,34.8,28.0,26.8,27.0,30,21.8,27
0.5,0.01,2.0,Wyoming,56.0,40,81,52.0,9.6,9.5,11,0.0,0.0,67.8,63.0,84.5,81.5,124.77777777777777,99.0,2.4444444444444446,3.0,3,0.0,0
1.0,0.25,1.0,Kentucky,56.0,53,62,56.0,51.7,52.0,53,0.2,1.0,60.1,58.0,64.1,63.5,53.2,43.5,34.2,35.0,39,9.7,13
1.0,0.01,1.0,Michigan,56.0,44,69,55.0,38.3,38.0,43,0.1,1.0,70.0,67.0,87.1,84.0,67.7,65.0,11.6,12.0,21,14.1,23
0.5,0.01,2.0,Michigan,56.0,44,69,55.0,37.4,37.0,42,0.6,4.0,66.3,65.5,86.4,90.5,69.1,65.0,11.4,10.5,17,15.9,22
2.0,0.25,1.0,Ohio,56.0,56,56,56.0,58.3,57.5,62,1.1,2.0,60.9,60.0,66.7,67.0,40.4,28.0,27.6,26.5,32,17.7,20
0.5,0.05,0.5,Ohio,56.0,56,56,56.0,36.0,37.5,39,1.2,2.0,70.7,71.0,79.5,85.0,61.7,62.0,20.7,21.0,25,17.9,23
0.5,0.05,2.0,Ohio,56.0,56,56,56.0,49.6,48.5,54,1.3,2.0,75.4,72.5,82.0,85.0,61.5,62.0,23.2,23.0,29,20.1,24
0.5,0.05,1.0,Ohio,56.0,56,56,56.0,41.1,41.0,43,1.3,2.0,70.4,71.0,79.0,79.5,61.4,62.0,22.6,22.0,28,20.3,22
0.5,0.1,1.0,Ohio,56.0,56,56,56.0,44.1,44.5,47,1.1,2.0,66.2,67.0,72.7,71.0,60.8,62.0,25.5,25.0,30,20.3,24
1.0,0.05,0.5,Ohio,56.0,56,56,56.0,43.7,44.0,46,1.0,1.0,67.4,71.0,78.6,81.5,61.4,62.0,24.9,25.0,29,20.5,23
1.0,0.1,0.5,Ohio,56.0,56,56,56.0,46.5,46.0,53,1.1,2.0,66.1,68.5,71.7,71.0,59.9,59.0,25.1,26.0,28,20.5,23
1.0,0.1,2.0,Ohio,56.0,56,56,56.0,53.3,53.5,60,1.1,2.0,67.9,70.5,75.0,74.0,44.4,43.5,26.6,25.5,32,20.6,25
1.0,0.1,1.0,Ohio,56.0,56,56,56.0,51.8,52.0,54,1.1,2.0,66.9,68.5,71.5,71.0,60.8,62.0,25.7,25.5,30,21.1,23
2.0,0.1,0.5,Ohio,56.0,56,56,56.0,51.3,51.0,54,1.1,2.0,69.5,71.0,76.9,76.0,34.2,28.0,27.4,28.0,32,21.9,24
0.5,0.25,2.0,Kentucky,56.1,53,58,57.0,53.1,53.0,55,0.2,1.0,60.3,59.5,64.3,63.5,56.1,66.0,29.1,29.5,32,7.9,11
0.5,0.1,2.0,Illinois,56.1,35,77,56.0,52.8,53.0,57,0.0,0.0,68.2,70.5,72.8,77.0,75.4,85.0,7.7,8.0,11,9.3,11
1.0,0.05,2.0,Wisconsin,56.1,46,65,56.0,40.7,40.0,46,0.0,0.0,61.2,61.5,63.1,63.0,31.7,28.0,72.1,72.0,81,23.6,28
0.5,0.25,1.0,Kentucky,56.2,50,62,57.0,43.9,43.5,47,0.2,1.0,59.2,59.5,63.5,63.5,57.8,66.0,23.0,23.0,27,6.3,10
2.0,0.1,2.0,Nevada,56.4,51,69,54.0,6.0,6.0,6,0.0,0.0,62.4,58.0,71.6,71.0,248.0,248.0,1.0,1.0,1,0.0,0
1.0,0.25,2.0,Kentucky,56.4,53,58,57.0,55.5,56.0,58,0.2,1.0,60.9,59.5,64.7,63.5,64.6,64.5,34.3,34.0,37,8.7,12
1.0,0.1,2.0,Illinois,56.4,35,77,60.0,56.8,57.0,61,0.2,1.0,66.3,65.0,72.2,74.5,67.9,85.0,8.6,8.5,13,9.8,13
0.5,0.01,1.0,Michigan,56.4,55,69,55.0,34.8,34.5,40,0.6,3.0,74.1,69.0,91.6,98.0,73.6,65.0,9.6,10.0,12,13.8,22
2.0,0.01,2.0,Michigan,56.4,55,69,55.0,38.9,39.5,41,0.0,0.0,63.6,62.0,74.9,73.0,72.0,72.0,12.5,12.5,16,16.4,23
2.0,0.05,1.0,Wisconsin,56.4,40,63,58.0,38.6,39.0,42,0.0,0.0,61.2,63.0,63.6,64.5,28.0,28.0,75.2,74.0,89,25.9,32
1.0,0.1,0.5,New York,56.4,36,68,55.0,13.5,13.5,16,1.1,3.0,71.9,68.5,80.6,82.0,28.0,28.0,182.8,182.0,202,36.1,40
0.5,0.25,2.0,Montana,56.5,55,70,55.0,18.8,19.0,21,0.0,0.0,71.9,70.0,89.1,89.0,134.0,134.0,1.7,2.0,2,1.0,1
2.0,0.25,1.0,Montana,56.5,55,70,55.0,21.3,22.0,23,0.0,0.0,71.9,70.0,89.1,89.0,134.0,134.0,2.2,2.0,3,1.8,2
2.0,0.01,2.0,Arizona,56.5,53,64,56.0,6.2,6.0,8,0.8,3.0,74.8,75.0,91.2,86.0,64.3,68.5,9.4,9.0,13,4.3,7
2.0,0.1,1.0,Vermont,56.6,40,62,62.0,9.7,9.5,12,0.0,0.0,77.1,87.0,88.7,91.0,91.0,91.0,6.2,6.0,9,4.3,7
1.0,0.01,2.0,Arizona,56.6,53,65,56.0,4.5,5.0,6,1.4,5.0,83.9,87.0,137.6,112.0,60.4,69.0,9.9,9.5,14,5.8,7
1.0,0.05,1.0,Ohio,56.6,56,62,56.0,50.3,51.0,55,1.0,2.0,72.2,71.0,81.5,85.0,61.8,62.0,24.6,24.5,29,21.3,25
1.0,0.05,1.0,Wisconsin,56.6,40,63,57.0,40.2,38.5,46,0.0,0.0,61.1,63.0,63.9,65.5,28.0,28.0,81.0,82.0,89,23.7,27
0.5,0.05,0.5,Utah,56.7,33,62,62.0,7.5,7.5,10,0.1,1.0,71.9,68.0,82.6,90.0,56.5,58.5,10.9,11.5,15,3.7,5
0.5,0.1,2.0,Vermont,56.7,40,62,62.0,9.5,9.5,12,0.0,0.0,76.8,87.0,85.3,90.0,91.0,91.0,7.1,7.0,9,4.3,6
0.5,0.01,1.0,Arizona,56.7,53,66,56.0,4.0,4.0,5,1.4,7.0,84.5,80.5,136.1,130.0,68.8,69.0,6.8,7.0,8,5.6,7
2.0,0.1,2.0,Kentucky,56.8,50,58,58.0,53.9,53.5,57,0.0,0.0,64.0,66.0,68.2,67.0,78.3,89.0,29.7,29.5,37,7.6,10
2.0,0.1,0.5,Nevada,57.0,51,69,57.0,6.0,6.0,6,0.0,0.0,64.6,69.0,71.6,71.0,,,0.0,0.0,0,0.0,0
2.0,0.01,1.0,Arizona,57.1,44,66,56.0,6.3,6.0,8,0.5,2.0,68.8,70.5,83.9,85.0,64.1,70.0,9.9,9.5,18,3.9,6
2.0,0.01,0.5,Michigan,57.1,55,69,55.0,37.2,37.5,41,0.2,1.0,68.2,65.5,82.8,80.0,69.5,69.5,11.6,12.0,14,17.4,21
2.0,0.01,1.0,Oklahoma,57.2,39,66,57.0,31.3,31.5,34,0.1,1.0,67.9,64.0,74.5,81.0,45.3,28.0,7.8,7.5,13,4.4,7
1.0,0.01,2.0,Washington,57.2,37,91,54.0,9.3,9.5,11,0.3,2.0,68.2,63.0,78.9,81.0,44.1,28.0,20.3,21.0,26,13.7,16
2.0,0.01,2.0,Washington,57.3,54,70,54.0,10.2,10.0,13,0.0,0.0,63.1,62.0,73.4,70.0,44.6,28.0,22.7,23.0,30,13.2,15
2.0,0.01,1.0,Minnesota,57.3,41,81,54.5,42.4,41.5,53,0.5,2.0,70.3,73.5,76.8,79.5,44.2,28.0,41.2,41.5,47,26.1,35
1.0,0.05,2.0,Ohio,57.5,56,71,56.0,51.7,52.0,56,0.9,1.0,70.7,71.0,79.9,82.5,41.3,28.0,26.2,26.0,32,20.6,26
2.0,0.01,0.5,Wyoming,57.7,40,79,57.0,11.0,11.5,13,0.0,0.0,75.5,66.5,95.2,81.5,195.5,156.0,1.7,2.0,3,0.0,0
1.0,0.01,2.0,Oklahoma,57.7,39,81,58.0,31.6,31.5,36,0.1,1.0,69.9,66.0,77.0,81.0,79.7,28.0,6.9,7.0,11,4.3,6
0.5,0.1,0.5,Illinois,57.7,35,77,58.0,42.8,42.0,46,0.1,1.0,69.7,65.0,76.0,77.5,95.3,85.0,4.1,4.0,6,5.6,9
0.5,0.01,1.0,Washington,57.7,37,85,55.0,7.5,7.0,10,0.1,1.0,71.5,70.0,78.4,81.5,41.1,28.0,16.4,16.0,23,12.8,16
1.0,0.01,2.0,Michigan,57.8,55,62,55.0,40.2,39.5,47,0.3,1.0,75.4,71.0,91.4,93.5,72.4,74.0,12.0,11.5,18,14.8,22
2.0,0.05,0.5,Ohio,57.8,56,74,56.0,49.7,50.0,53,1.1,2.0,71.1,70.5,79.1,81.5,34.5,28.0,25.2,25.0,33,21.4,25
0.5,0.01,2.0,Arizona,57.9,56,66,56.0,5.3,5.0,7,0.5,2.0,71.4,75.0,110.7,99.5,65.8,68.5,11.0,10.5,14,4.7,6
2.0,0.05,1.0,Ohio,57.9,56,75,56.0,51.7,51.5,56,0.9,1.0,72.2,71.0,80.6,85.0,37.8,28.0,24.7,24.5,33,21.2,25
0.5,0.25,1.0,Montana,58.0,55,70,55.0,12.8,12.5,15,0.0,0.0,73.8,70.0,89.2,89.0,133.1,134.0,1.1,1.0,2,0.0,0
0.5,0.25,0.5,Montana,58.0,55,70,55.0,9.7,10.0,11,0.0,0.0,73.8,70.0,89.2,89.0,134.0,134.0,1.0,1.0,1,0.0,0
1.0,0.1,0.5,Nevada,58.0,51,71,57.0,5.8,6.0,6,0.0,0.0,65.8,69.0,72.4,71.0,114.0,114.0,1.0,1.0,1,0.0,0
1.0,0.05,2.0,Vermont,58.0,37,62,62.0,8.5,8.0,10,0.4,2.0,84.7,88.5,95.6,106.0,91.0,91.0,8.0,8.0,14,5.3,6
1.0,0.1,0.5,Kentucky,58.1,53,66,58.0,45.9,46.0,48,0.1,1.0,64.1,66.0,71.0,72.0,78.5,89.0,23.1,23.5,25,5.4,10
1.0,0.05,0.5,Nevada,58.2,51,69,57.0,5.7,6.0,6,0.0,0.0,65.2,70.0,74.1,72.5,181.0,181.0,1.0,1.0,1,0.0,0
0.5,0.1,2.0,Nevada,58.3,51,69,57.0,5.8,6.0,6,0.0,0.0,64.8,69.0,71.9,71.0,248.0,248.0,1.0,1.0,1,0.0,0
1.0,0.05,1.0,Vermont,58.3,46,62,62.0,8.5,8.5,11,0.7,3.0,87.2,87.0,98.2,106.0,91.0,91.0,7.2,7.0,13,5.4,7
1.0,0.1,2.0,Nevada,58.4,51,71,57.0,6.0,6.0,6,0.0,0.0,65.7,69.0,72.3,71.0,248.0,248.0,1.0,1.0,1,0.0,0
0.5,0.01,0.5,Wyoming,58.4,40,81,59.0,4.4,4.0,6,0.0,0.0,71.3,72.0,83.1,82.0,86.25,99.0,1.75,1.5,3,0.0,0
1.0,0.1,1.0,Kentucky,58.4,56,66,58.0,52.9,52.5,57,0.1,1.0,64.6,66.0,70.7,72.0,81.7,94.0,26.0,25.5,32,7.1,9
1.0,0.01,0.5,Oregon,58.5,47,90,47.0,9.4,10.0,11,0.0,0.0,85.1,87.0,102.7,90.0,99.5,115.0,7.6,7.5,10,4.9,7
0.5,0.01,0.5,Michigan,58.5,55,69,55.0,29.9,31.0,33,0.1,1.0,72.8,69.0,87.5,84.0,70.2,74.0,6.9,7.0,9,8.3,13
2.0,0.01,1.0,Michigan,58.5,44,81,55.0,39.1,39.0,47,0.3,1.0,69.1,69.5,78.4,78.5,82.3,74.0,10.8,10.0,16,15.7,22
1.0,0.05,2.0,Nevada,58.6,51,71,57.0,5.9,6.0,6,0.0,0.0,65.9,70.0,75.4,74.5,248.0,248.0,1.0,1.0,1,0.0,0
0.5,0.1,2.0,New York,58.6,36,90,55.0,13.6,14.0,17,0.8,3.0,71.0,73.0,78.9,81.0,28.0,28.0,187.7,188.5,207,36.9,40
0.5,0.01,2.0,Oklahoma,58.7,49,66,59.0,22.1,21.5,28,0.2,1.0,69.4,66.0,80.8,74.0,54.6,28.0,6.5,7.0,10,2.1,5
2.0,0.01,0.5,Oklahoma,58.7,39,81,57.0,30.8,29.0,38,0.0,0.0,66.6,61.5,77.8,81.0,43.6,28.0,7.6,7.5,12,4.3,7
0.5,0.1,2.0,Kentucky,58.7,53,66,58.0,52.4,53.0,57,0.1,1.0,65.1,66.0,71.3,72.0,57.1,59.0,25.6,25.5,33,6.8,10
1.0,0.01,0.5,Arizona,58.8,56,66,56.0,5.6,6.0,7,0.9,3.0,73.8,66.0,95.7,91.5,61.9,68.5,8.7,8.5,10,4.4,7
ALL,ALL,ALL,Ohio,58.85,42,101,56.0,48.352777777777774,49.5,62,0.9305555555555556,3.0,71.44166666666666,71.0,78.41111111111111,74.0,57.0,59.0,23.475,24.0,33,18.16111111111111,27
0.5,0.1,0.5,Kentucky,58.9,53,66,58.0,34.5,35.0,38,0.0,0.0,64.2,66.0,68.8,69.5,69.0,75.0,13.4,13.0,18,4.0,6
2.0,0.1,2.0,Vermont,58.9,39,69,62.0,9.5,10.0,12,0.0,0.0,76.5,81.0,85.4,88.5,91.0,91.0,7.3,7.5,10,4.5,8
2.0,0.1,1.0,Kentucky,58.9,53,66,58.0,54.0,54.0,58,0.1,1.0,67.5,66.0,72.8,72.0,81.9,99.0,28.6,29.5,31,7.6,11
0.5,0.1,0.5,New York,58.9,36,90,57.0,13.4,13.0,16,0.7,3.0,71.1,68.0,80.2,86.0,28.0,28.0,144.7,142.5,164,34.7,38
0.5,0.1,1.0,Nevada,59.0,51,71,57.0,5.7,6.0,6,0.0,0.0,65.4,69.0,72.3,71.0,194.4,248.0,1.0,1.0,1,0.0,0
0.5,0.1,0.5,Virginia,59.0,59,59,59.0,22.1,22.0,25,0.0,0.0,87.2,86.0,100.0,98.0,83.8,84.0,10.5,11.0,14,1.4,3
0.5,0.25,0.5,Virginia,59.0,59,59,59.0,20.7,21.0,22,0.0,0.0,84.3,86.0,96.8,98.0,84.0,84.0,10.1,10.0,12,2.2,3
0.5,0.05,1.0,Virginia,59.0,59,59,59.0,25.2,25.0,27,0.0,0.0,86.0,86.0,102.8,104.0,85.5,84.0,11.5,11.0,15,3.7,5
1.0,0.05,0.5,Virginia,59.0,59,59,59.0,28.1,28.5,30,0.0,0.0,86.0,86.0,102.2,104.0,90.1,84.0,12.0,12.5,14,4.1,7
1.0,0.1,0.5,Virginia,59.0,59,59,59.0,30.0,30.0,32,0.0,0.0,86.0,86.0,100.4,98.0,84.0,84.0,14.6,14.5,19,4.2,6
1.0,0.25,0.5,Virginia,59.0,59,59,59.0,32.8,33.0,34,0.0,0.0,86.0,86.0,98.6,98.0,84.0,84.0,14.2,14.0,16,5.5,6
2.0,0.1,0.5,Virginia,59.0,59,59,59.0,34.8,34.5,38,0.0,0.0,86.0,86.0,100.4,98.0,61.6,84.0,15.6,16.0,18,5.9,8
1.0,0.1,1.0,Virginia,59.0,59,59,59.0,33.0,33.0,35,0.0,0.0,86.0,86.0,99.2,98.0,84.0,84.0,14.6,15.0,17,5.9,7
0.5,0.1,2.0,Virginia,59.0,59,59,59.0,32.7,33.0,34,0.0,0.0,86.0,86.0,100.4,98.0,86.6,84.0,13.8,14.0,16,6.0,7
0.5,0.25,2.0,Virginia,59.0,59,59,59.0,35.5,36.0,37,0.0,0.0,86.0,86.0,98.6,98.0,84.0,84.0,16.6,17.0,19,6.1,7
2.0,0.25,0.5,Virginia,59.0,59,59,59.0,36.4,36.5,38,0.0,0.0,84.3,86.0,95.1,98.0,33.6,28.0,16.4,16.0,19,6.1,7
1.0,0.25,1.0,Virginia,59.0,59,59,59.0,36.0,36.0,38,0.0,0.0,84.3,86.0,97.4,98.0,84.0,84.0,15.3,15.0,19,6.2,7
1.0,0.1,2.0,Virginia,59.0,59,59,59.0,36.5,36.5,39,0.0,0.0,86.0,86.0,100.4,98.0,56.0,56.0,15.4,16.0,18,6.3,9
0.5,0.1,1.0,Virginia,59.0,59,59,59.0,26.8,27.0,29,0.0,0.0,87.2,86.0,101.0,101.0,83.8,84.0,12.6,12.0,17,6.4,8
2.0,0.1,2.0,Virginia,59.0,59,59,59.0,35.6,35.5,38,0.0,0.0,86.0,86.0,101.6,104.0,39.2,28.0,15.4,15.5,20,6.7,9
0.5,0.05,2.0,Virginia,59.0,59,59,59.0,28.3,28.0,30,0.0,0.0,89.6,86.0,104.5,104.0,80.3,84.0,13.0,14.0,18,6.8,9
2.0,0.25,2.0,Virginia,59.0,59,59,59.0,38.8,39.0,40,0.0,0.0,86.0,86.0,98.0,98.0,39.2,28.0,15.0,14.5,19,6.9,8
2.0,0.05,0.5,Virginia,59.0,59,59,59.0,31.0,31.0,34,0.0,0.0,89.0,86.0,104.1,104.0,80.6,84.0,13.4,13.5,17,6.9,10
1.0,0.25,2.0,Virginia,59.0,59,59,59.0,38.6,38.5,40,0.0,0.0,86.0,86.0,98.6,98.0,33.6,28.0,16.1,16.0,18,7.2,8
2.0,0.25,1.0,Virginia,59.0,59,59,59.0,38.5,39.0,40,0.0,0.0,86.0,86.0,98.6,98.0,33.6,28.0,15.9,15.5,21,7.4,8
1.0,0.05,2.0,Virginia,59.0,59,59,59.0,32.6,32.5,35,0.0,0.0,89.0,86.0,103.6,104.0,85.5,84.0,12.5,12.0,15,7.5,10
2.0,0.1,1.0,Virginia,59.0,59,59,59.0,35.0,34.5,38,0.0,0.0,86.0,86.0,100.4,98.0,56.0,56.0,15.5,15.5,18,7.5,9
0.5,0.25,1.0,Virginia,59.0,59,59,59.0,29.0,29.5,31,0.0,0.0,86.0,86.0,98.0,98.0,84.0,84.0,14.3,14.0,18,7.6,9
2.0,0.05,2.0,Virginia,59.0,59,59,59.0,33.3,33.5,37,0.0,0.0,90.8,86.0,104.0,104.0,80.8,84.0,13.1,13.5,17,7.7,11
1.0,0.1,2.0,Kentucky,59.1,53,66,58.0,53.7,54.0,58,0.1,1.0,63.5,66.0,69.8,72.0,49.5,28.0,30.6,30.0,36,7.7,11
2.0,0.25,0.5,Indiana,59.1,46,65,60.0,65.4,65.5,68,0.1,1.0,63.7,65.5,64.7,66.0,74.9,77.0,27.9,27.0,33,11.0,15
1.0,0.1,0.5,Vermont,59.2,46,87,62.0,9.9,10.0,10,0.0,0.0,74.3,79.0,86.7,89.0,91.0,91.0,7.0,7.5,11,4.1,5
0.5,0.1,1.0,Kentucky,59.2,58,66,58.0,41.1,40.5,45,0.0,0.0,66.1,66.0,71.6,72.0,97.4,99.0,19.0,19.0,22,5.0,8
1.0,0.01,0.5,Wyoming,59.4,42,72,60.5,8.6,8.5,11,0.0,0.0,73.8,81.0,93.8,88.0,106.75,105.5,2.375,2.5,3,0.1,1
0.5,0.01,1.0,Oklahoma,59.4,39,86,58.0,14.3,14.0,18,0.3,1.0,72.2,64.0,87.5,81.5,66.0,58.5,5.4,5.5,8,2.5,4
0.5,0.01,0.5,Arizona,59.4,53,66,56.0,5.1,5.0,7,0.2,1.0,70.3,65.5,93.0,87.0,74.5,90.0,5.2,5.0,9,4.4,6
1.0,0.25,2.0,Montana,59.5,55,70,55.0,21.3,21.0,25,0.0,0.0,75.7,70.0,89.3,89.0,134.0,134.0,2.0,2.0,3,1.8,2
0.5,0.01,0.5,Washington,59.5,37,91,59.0,7.0,7.0,9,0.8,6.0,79.0,81.0,92.5,91.0,44.6,28.0,15.7,15.5,20,12.6,15
2.0,0.01,0.5,Arizona,59.6,53,66,56.0,5.5,5.0,8,1.3,5.0,86.2,83.5,133.4,112.0,69.9,73.0,9.0,9.0,16,4.4,6
2.0,0.1,0.5,Kentucky,59.6,58,66,58.0,54.2,54.0,57,0.1,1.0,66.3,66.0,71.1,72.0,88.0,99.0,26.2,25.0,31,6.7,8
1.0,0.1,1.0,Indiana,59.6,46,65,65.0,63.0,63.0,66,0.1,1.0,65.1,66.0,67.3,66.5,76.2,81.0,25.6,26.0,30,9.5,13
0.5,0.25,0.5,Maryland,59.7,56,65,56.5,12.3,12.5,14,0.0,0.0,75.3,81.0,80.2,83.0,38.0,28.0,6.9,7.0,9,1.5,3
1.0,0.01,1.0,Arizona,59.7,53,66,56.0,5.3,5.5,7,1.0,4.0,79.6,75.0,101.4,96.0,69.8,76.0,9.9,10.5,12,4.8,6
1.0,0.1,0.5,Pennsylvania,59.7,46,84,51.0,43.3,44.0,46,0.0,0.0,69.9,66.0,81.5,83.0,28.0,28.0,45.3,46.0,55,12.8,16
2.0,0.25,2.0,Maryland,59.9,56,65,57.0,12.7,12.5,14,0.0,0.0,75.7,81.0,81.7,83.0,32.5,28.0,10.4,10.5,13,2.3,4
2.0,0.1,1.0,Nevada,60.0,51,71,57.0,6.0,6.0,6,0.0,0.0,67.3,69.0,73.4,71.0,182.66666666666666,186.0,1.3333333333333333,1.0,2,0.0,0
2.0,0.25,2.0,Indiana,60.0,46,65,65.0,66.0,65.5,70,0.0,0.0,63.8,66.0,66.8,66.5,70.7,75.0,31.7,31.0,40,11.2,13
0.5,0.1,1.0,Illinois,60.1,44,77,60.0,49.0,49.0,52,0.2,1.0,74.3,77.0,78.5,80.0,83.7,85.0,4.9,5.0,6,8.1,10
1.0,0.01,1.0,Washington,60.2,37,91,58.5,8.8,8.5,11,0.8,4.0,79.4,85.0,94.3,91.0,40.7,28.0,19.7,20.5,22,13.5,17
1.0,0.01,1.0,Oklahoma,60.4,49,81,58.0,25.5,25.5,31,0.0,0.0,70.5,73.5,81.0,86.0,61.9,42.5,6.2,5.5,9,3.6,5
0.5,0.1,1.0,Vermont,60.4,46,62,62.0,8.9,9.0,12,0.2,1.0,76.2,74.0,86.4,87.0,91.0,91.0,7.4,7.5,10,4.7,7
1.0,0.05,0.5,Vermont,60.4,46,62,62.0,8.1,9.0,10,0.2,1.0,89.8,90.0,101.1,106.0,91.0,91.0,6.7,7.0,9,5.5,8
2.0,0.01,1.0,Wyoming,60.5,40,82,55.5,11.1,11.0,13,0.0,0.0,84.9,81.5,106.5,84.0,153.4,156.0,3.1,3.0,4,0.0,0
0.5,0.01,1.0,Wyoming,60.5,40,167,47.0,7.1,7.0,9,0.0,0.0,83.5,71.5,104.6,81.5,138.0,99.0,1.2857142857142858,1.0,2,0.0,0
2.0,0.05,2.0,Nevada,60.6,51,71,57.0,6.0,6.0,6,0.0,0.0,69.3,69.0,73.4,71.0,181.0,181.0,1.0,1.0,1,0.0,0
0.5,0.25,0.5,Mississippi,60.8,42,172,42.0,2.4,2.5,4,0.0,0.0,111.75,79.5,153.0,172.0,,,0.0,0.0,0,0.0,0
2.0,0.05,1.0,Vermont,60.8,46,81,62.0,9.6,10.0,11,0.2,1.0,85.4,87.0,95.7,96.5,91.0,91.0,7.7,8.0,9,4.3,7
0.5,0.05,0.5,Illinois,60.9,35,78,65.0,41.2,41.0,47,0.0,0.0,76.8,78.0,81.7,84.0,97.6,85.0,3.1,3.0,5,4.6,6
1.0,0.01,2.0,Missouri,60.9,39,64,64.0,52.2,53.0,61,0.0,0.0,87.2,97.0,104.9,105.0,60.3,28.0,7.5,7.0,13,5.3,10
2.0,0.1,2.0,Indiana,60.9,46,65,65.0,66.4,66.5,69,0.0,0.0,65.0,66.0,68.4,68.0,78.9,79.5,29.7,30.0,33,9.2,12
1.0,0.25,0.5,Montana,61.0,55,70,55.0,13.5,13.5,17,0.0,0.0,77.6,70.0,89.4,89.0,133.1,134.0,1.1,1.0,2,1.0,1
2.0,0.25,2.0,Montana,61.0,55,70,55.0,21.8,21.5,25,0.0,0.0,77.6,70.0,89.4,89.0,134.0,134.0,2.0,2.0,3,1.7,2
1.0,0.01,0.5,Washington,61.0,37,85,59.5,8.0,8.5,12,0.2,1.0,73.0,70.0,84.0,88.0,38.2,28.0,16.9,17.0,20,12.3,15
2.0,0.1,1.0,Illinois,61.1,35,77,62.5,56.4,56.5,62,0.1,1.0,71.7,77.0,74.5,79.0,84.2,85.0,7.9,8.5,10,10.5,13
0.5,0.01,0.5,Missouri,61.2,39,64,64.0,27.8,29.0,33,0.0,0.0,92.5,97.0,103.1,106.0,134.75,139.0,1.7,1.0,5,1.9,3
0.5,0.01,1.0,Missouri,61.2,39,64,64.0,35.3,36.0,38,0.0,0.0,92.4,97.0,104.9,109.0,89.9,56.5,3.5,3.0,6,3.6,6
2.0,0.01,1.0,Missouri,61.2,39,64,64.0,51.5,52.0,55,0.0,0.0,86.5,83.5,99.8,101.0,104.0,108.0,6.3,6.5,8,7.9,10
0.5,0.1,0.5,Indiana,61.3,46,65,65.0,52.6,53.0,56,0.0,0.0,65.1,66.0,69.5,70.0,79.4,81.5,16.8,16.5,21,7.9,10
ALL,ALL,ALL,Nevada,61.330555555555556,51,93,57.0,5.491666666666666,6.0,6,0.0,0.0,71.10555555555555,69.0,94.87887323943661,71.0,165.52380952380952,142.0,1.130952380952381,1.0,3,0.0,0
2.0,0.1,0.5,Illinois,61.4,35,77,65.0,53.9,55.0,57,0.0,0.0,73.9,77.0,76.3,78.5,85.0,85.0,8.1,8.0,10,9.9,12
1.0,0.01,1.0,Missouri,61.5,39,64,64.0,46.1,47.0,50,0.0,0.0,86.3,81.0,103.8,105.0,89.0,28.0,4.3,4.5,6,4.2,7
0.5,0.05,0.5,Virginia,61.7,59,86,59.0,20.1,20.0,23,0.0,0.0,91.3,86.0,108.2,104.0,92.6,84.0,7.3,8.0,10,1.6,6
2.0,0.05,0.5,Kentucky,61.7,53,66,64.0,51.7,51.5,55,0.1,1.0,70.1,69.0,77.7,76.0,85.4,99.0,25.6,25.5,32,6.3,9
2.0,0.05,1.0,Virginia,61.7,59,86,59.0,32.5,32.5,36,0.0,0.0,90.8,86.0,103.6,104.0,58.6,56.0,12.6,12.5,19,7.9,12
2.0,0.05,1.0,Kentucky,61.8,56,66,62.0,51.7,52.5,53,0.1,1.0,69.6,72.0,77.5,78.5,80.6,85.5,25.7,25.5,30,7.5,11
1.0,0.01,1.0,Wyoming,61.9,40,81,63.0,10.6,11.0,13,0.0,0.0,76.8,81.0,84.4,82.0,114.0,119.0,3.2222222222222223,3.0,6,0.2,1
1.0,0.1,0.5,Indiana,61.9,46,65,65.0,62.5,62.5,67,0.0,0.0,65.8,66.0,69.2,69.0,79.4,79.5,23.8,23.0,27,8.5,13
1.0,0.1,2.0,Indiana,61.9,46,65,65.0,64.9,65.0,68,0.0,0.0,64.5,66.0,68.2,69.0,76.5,75.0,25.8,26.0,32,10.1,12
1.0,0.05,1.0,Nevada,62.0,51,71,63.0,6.0,6.0,6,0.0,0.0,68.4,71.0,74.4,74.0,182.66666666666666,186.0,1.0,1.0,1,0.0,0
2.0,0.1,0.5,Vermont,62.0,62,62,62.0,9.5,10.0,11,0.4,3.0,87.2,87.0,94.2,93.0,91.0,91.0,6.3,6.5,8,4.5,7
0.5,0.05,0.5,Vermont,62.0,62,62,62.0,8.0,9.0,10,0.2,1.0,91.1,87.0,104.7,106.0,91.0,91.0,5.4,5.5,8,5.5,9
0.5,0.05,1.0,Indiana,62.1,46,65,65.0,57.4,58.0,62,0.0,0.0,65.2,66.0,73.5,72.0,83.6,90.5,19.9,21.0,23,7.5,10
1.0,0.05,0.5,Kentucky,62.2,56,66,64.0,45.3,45.0,50,0.1,1.0,70.1,69.0,79.0,82.0,106.9,105.5,20.7,20.0,28,4.7,11
1.0,0.01,0.5,Minnesota,62.2,46,81,62.0,39.4,38.5,47,0.8,7.0,70.4,68.5,73.8,71.5,60.3,65.5,37.0,36.0,48,23.9,32
1.0,0.25,0.5,Maryland,62.3,56,84,56.0,12.8,13.0,14,0.0,0.0,70.7,67.0,81.8,82.0,54.8,45.0,7.6,7.5,11,1.9,4
2.0,0.1,2.0,Pennsylvania,62.3,51,82,57.5,44.3,44.5,47,0.1,1.0,72.5,75.0,82.1,83.5,28.0,28.0,48.5,48.0,62,13.8,19
0.5,0.1,1.0,New York,62.3,55,68,63.5,14.6,14.0,17,1.4,6.0,78.4,78.0,87.2,86.5,28.0,28.0,174.9,175.5,187,34.7,38
1.0,0.01,2.0,Oregon,62.4,47,90,47.0,10.0,10.0,12,0.0,0.0,78.5,77.0,95.0,90.0,53.9,28.0,9.7,9.5,13,6.0,9
1.0,0.05,2.0,Kentucky,62.4,56,66,66.0,51.7,50.5,57,0.1,1.0,70.6,72.0,78.8,82.0,61.6,59.0,28.7,28.0,34,7.9,11
2.0,0.25,0.5,Montana,62.5,55,70,62.5,20.7,21.0,23,0.0,0.0,79.5,79.5,89.5,89.5,134.0,134.0,1.6,2.0,2,1.0,1
2.0,0.05,1.0,Indiana,62.5,46,65,65.0,61.5,62.0,66,0.1,1.0,66.2,66.0,72.9,69.0,83.3,90.0,27.0,27.0,33,11.6,17
0.5,0.05,1.0,Kentucky,62.6,56,66,66.0,39.5,39.0,43,0.1,1.0,69.9,72.0,78.5,78.5,99.7,103.5,17.3,17.0,22,3.3,6
2.0,0.25,1.0,North Dakota,62.6,62,64,62.0,21.0,21.0,23,0.0,0.0,66.5,64.0,73.9,73.0,65.8,70.0,13.1,13.0,16,4.0,5
2.0,0.01,2.0,Oklahoma,62.7,39,81,60.0,31.8,32.5,35,0.0,0.0,73.6,81.0,82.2,83.0,28.0,28.0,8.8,8.5,14,6.4,10
2.0,0.1,0.5,North Dakota,62.8,62,64,62.0,18.5,18.0,22,0.0,0.0,67.6,64.0,75.4,73.0,32.0,28.0,14.9,15.0,17,2.8,4
0.5,0.25,2.0,North Dakota,62.8,62,64,62.0,17.1,17.0,19,0.0,0.0,67.2,64.0,73.6,73.0,28.0,28.0,10.6,10.5,13,4.4,6
0.5,0.25,0.5,North Dakota,62.8,62,64,62.0,13.8,13.0,15,0.0,0.0,67.4,64.0,74.5,73.0,70.0,70.0,4.5,4.0,6,4.5,5
2.0,0.01,0.5,Oregon,62.8,47,90,47.0,10.6,10.5,15,0.0,0.0,83.3,87.0,93.7,89.0,86.5,78.0,8.2,7.5,14,4.8,7
ALL,ALL,ALL,Indiana,62.99444444444445,36,104,65.0,57.983333333333334,60.0,70,0.025,2.0,68.75833333333334,66.0,74.65,69.0,82.94722222222222,85.0,23.405555555555555,23.0,40,9.627777777777778,17
1.0,0.25,2.0,North Dakota,63.0,62,64,63.0,21.5,22.0,23,0.0,0.0,68.5,68.5,76.0,76.0,28.0,28.0,14.3,14.0,17,3.9,5
1.0,0.25,0.5,North Dakota,63.0,62,64,63.0,15.6,15.0,17,0.0,0.0,68.5,68.5,76.0,76.0,65.8,70.0,6.4,6.0,9,4.0,5
0.5,0.25,1.0,North Dakota,63.0,62,64,63.0,14.8,15.0,16,0.0,0.0,68.1,68.5,74.2,76.0,61.6,70.0,6.1,6.0,8,4.1,5
1.0,0.25,1.0,North Dakota,63.0,62,64,63.0,17.5,17.5,19,0.0,0.0,68.5,68.5,76.0,76.0,28.0,28.0,11.0,12.0,13,4.4,5
2.0,0.05,0.5,Vermont,63.0,47,87,62.0,8.6,8.5,11,0.8,3.0,91.3,90.5,99.8,103.5,93.5,91.0,6.7,7.0,11,5.3,7
0.5,0.1,1.0,Indiana,63.0,55,65,65.0,59.6,60.0,63,0.0,0.0,65.8,66.0,70.4,72.0,81.7,77.0,21.9,22.0,26,9.5,12
1.0,0.01,2.0,Minnesota,63.0,41,73,64.5,39.9,41.5,46,0.1,1.0,69.4,70.0,74.6,74.5,33.1,28.0,42.8,43.5,52,27.2,36
1.0,0.01,1.0,Oregon,63.1,47,90,57.5,10.2,10.0,12,0.0,0.0,82.7,86.0,97.7,90.0,84.9,110.0,8.0,8.0,10,5.7,7
2.0,0.05,0.5,Nevada,63.2,51,71,66.0,6.0,6.0,6,0.0,0.0,67.8,71.0,74.4,74.0,217.0,217.0,1.0,1.0,1,0.0,0
0.5,0.05,2.0,Kentucky,63.2,58,66,66.0,49.7,50.0,52,0.0,0.0,69.6,72.0,76.9,76.0,93.9,103.5,22.2,22.5,25,6.8,10
0.5,0.1,2.0,North Dakota,63.4,62,64,64.0,16.2,16.0,18,0.0,0.0,71.2,73.0,77.8,79.0,36.4,28.0,11.1,11.0,13,3.1,4
1.0,0.1,1.0,North Dakota,63.4,62,64,64.0,16.6,16.5,19,0.0,0.0,70.9,73.0,78.1,79.0,28.0,28.0,11.9,12.0,13,3.1,4
1.0,0.1,0.5,North Dakota,63.4,62,64,64.0,14.5,15.0,16,0.0,0.0,70.9,73.0,77.5,79.0,36.4,28.0,6.9,7.0,10,3.5,5
2.0,0.25,0.5,North Dakota,63.4,62,64,64.0,20.1,20.0,22,0.0,0.0,70.3,73.0,77.2,79.0,28.0,28.0,13.8,14.0,17,3.6,4
1.0,0.1,2.0,North Dakota,63.4,62,64,64.0,19.6,19.5,22,0.0,0.0,71.2,73.0,77.8,79.0,36.4,28.0,14.0,13.5,16,3.8,6
0.5,0.1,0.5,North Dakota,63.4,62,64,64.0,13.3,13.5,16,0.0,0.0,70.3,73.0,77.2,79.0,70.0,70.0,4.9,5.0,7,3.9,5
1.0,0.05,1.0,Georgia,63.4,41,69,69.0,49.5,50.0,51,0.0,0.0,79.2,78.0,95.5,93.0,55.1,28.0,5.8,6.0,9,4.7,7
2.0,0.25,2.0,North Dakota,63.4,62,64,64.0,20.9,21.0,23,0.0,0.0,70.1,73.0,76.3,79.0,65.6,70.0,13.3,13.0,17,5.3,7
2.0,0.05,2.0,Indiana,63.4,55,65,65.0,62.8,63.0,67,0.0,0.0,65.8,66.0,73.6,69.0,88.8,90.0,24.4,24.0,28,9.9,16
0.5,0.1,2.0,Indiana,63.4,55,65,65.0,60.5,60.5,65,0.0,0.0,65.2,66.0,68.4,69.0,80.2,77.0,26.1,25.5,32,10.9,14
1.0,0.01,0.5,Nebraska,63.5,49,91,55.5,23.2,24.0,26,0.2,2.0,83.2,82.5,94.0,92.0,141.0,132.0,1.4,1.0,3,2.8,6
0.5,0.05,0.5,Nevada,63.6,51,71,66.0,4.4,4.5,5,0.0,0.0,70.5,71.0,76.1,78.0,,,0.0,0.0,0,0.0,0
0.5,0.01,2.0,Missouri,63.7,61,64,64.0,44.5,44.0,50,0.0,0.0,90.7,97.0,102.1,106.0,111.1,114.0,4.6,4.0,7,4.2,7
2.0,0.01,0.5,Missouri,63.7,61,64,64.0,50.3,50.0,56,0.0,0.0,99.4,106.0,108.2,110.0,110.0,143.5,5.5,5.5,7,5.2,9
2.0,0.01,2.0,Missouri,63.7,61,64,64.0,54.5,53.0,62,0.0,0.0,89.4,86.0,100.2,100.0,143.9,150.5,6.2,6.0,9,6.8,10
1.0,0.05,1.0,Virginia,63.7,59,106,59.0,29.7,30.0,34,0.0,0.0,91.5,86.0,106.7,105.0,89.9,84.0,12.7,12.5,17,7.1,10
2.0,0.1,1.0,New York,63.7,36,86,61.5,13.4,13.5,18,0.8,3.0,74.2,73.0,84.8,88.0,28.0,28.0,181.6,179.5,196,37.6,43
2.0,0.05,2.0,Kentucky,63.8,56,66,66.0,49.3,49.5,53,0.0,0.0,70.0,72.0,78.8,83.0,81.7,99.0,26.9,26.5,30,9.6,12
1.0,0.05,2.0,Indiana,63.8,59,65,65.0,63.1,64.5,65,0.0,0.0,67.1,66.0,70.2,69.0,88.5,90.0,24.6,25.0,31,9.8,12
2.0,0.1,1.0,Indiana,63.8,59,65,65.0,64.1,65.5,68,0.0,0.0,65.8,66.0,68.3,69.0,82.1,81.0,27.3,27.0,32,10.6,13
0.5,0.25,0.5,North Carolina,63.9,45,66,66.0,18.0,18.0,20,0.0,0.0,84.9,85.0,94.8,91.0,135.0,135.0,1.9,1.5,3,1.0,3
1.0,0.1,1.0,Illinois,63.9,35,77,64.5,53.7,54.0,57,0.1,1.0,70.4,77.0,75.5,79.0,75.4,85.0,5.8,5.5,7,8.7,12
2.0,0.05,2.0,Illinois,63.9,44,77,65.0,53.1,53.0,60,0.0,0.0,76.8,77.0,82.3,82.5,78.5,85.0,9.7,9.5,13,10.9,14
0.5,0.1,1.0,Montana,64.0,55,70,70.0,11.3,11.0,13,0.0,0.0,81.4,89.0,89.6,90.0,134.0,134.0,1.0,1.0,1,0.0,0
1.0,0.1,1.0,Montana,64.0,55,70,70.0,16.6,16.5,19,0.0,0.0,81.4,89.0,89.6,90.0,134.0,134.0,1.9,2.0,3,1.0,1
2.0,0.1,2.0,New York,64.0,36,90,61.5,14.1,14.5,18,0.8,4.0,74.1,74.5,82.4,90.0,28.0,28.0,175.9,172.5,195,36.9,43
1.0,0.01,0.5,Missouri,64.2,39,97,64.0,35.3,35.0,43,0.0,0.0,89.5,97.0,101.6,104.0,100.8,56.5,3.3,3.5,6,3.5,6
2.0,0.25,1.0,Maryland,64.3,56,84,56.5,12.5,13.0,13,0.0,0.0,74.3,80.5,81.7,83.0,56.0,28.0,9.5,10.0,12,2.5,4
2.0,0.01,1.0,Ohio,64.3,56,101,56.0,49.1,50.0,51,1.4,2.0,89.1,85.0,95.5,89.0,64.1,64.0,21.2,22.0,26,13.5,17
0.5,0.05,0.5,Indiana,64.4,59,65,65.0,50.1,50.5,54,0.0,0.0,66.2,66.0,75.8,75.0,88.9,90.5,15.5,15.5,18,6.8,8
1.0,0.05,0.5,Indiana,64.4,59,65,65.0,59.5,60.0,63,0.0,0.0,65.9,66.0,72.2,70.5,83.4,83.5,22.2,22.5,25,8.0,10
1.0,0.05,1.0,Indiana,64.4,59,65,65.0,60.9,61.0,64,0.0,0.0,65.9,66.0,72.0,71.5,86.5,90.0,21.1,20.0,27,9.8,14
2.0,0.05,0.5,Indiana,64.4,59,65,65.0,59.9,59.0,66,0.0,0.0,66.5,66.0,70.2,69.0,85.0,89.5,22.8,22.0,30,10.9,13
2.0,0.1,0.5,Pennsylvania,64.5,51,82,60.5,45.2,45.0,49,0.5,3.0,80.1,83.0,83.9,83.5,28.0,28.0,47.7,46.5,57,13.3,17
0.5,0.05,2.0,Nevada,64.6,51,71,70.0,5.4,5.0,6,0.0,0.0,71.7,72.5,77.5,78.0,,,0.0,0.0,0,0.0,0
0.5,0.05,1.0,Illinois,64.6,35,77,77.0,47.2,47.5,51,0.0,0.0,76.4,78.5,80.9,80.0,75.5,85.0,4.7,5.0,6,6.5,9
2.0,0.1,1.0,North Dakota,64.7,62,73,64.0,19.1,19.0,22,0.0,0.0,73.3,73.0,79.0,79.0,40.6,28.0,13.9,13.5,16,4.2,5
2.0,0.01,0.5,Washington,64.7,54,92,59.0,8.9,9.5,12,0.6,3.0,70.3,66.0,111.1,83.0,35.2,28.0,22.1,21.5,32,13.6,17
0.5,0.05,0.5,Kentucky,64.8,58,66,66.0,30.9,31.0,33,0.0,0.0,72.6,72.0,79.9,83.0,115.5,123.5,10.6,10.5,14,3.2,5
0.5,0.01,2.0,Oregon,64.8,47,112,47.0,11.1,11.0,15,0.0,0.0,92.1,89.0,100.1,97.0,87.8,81.0,9.4,10.0,13,4.1,7
2.0,0.1,0.5,New York,64.9,50,90,63.5,14.8,15.0,18,0.9,4.0,77.2,78.0,83.1,84.0,28.0,28.0,186.2,189.0,205,36.1,39
0.5,0.05,1.0,Vermont,65.0,47,87,62.0,8.2,8.0,11,0.6,3.0,92.0,95.0,98.5,106.0,93.5,91.0,6.7,6.5,11,5.1,6
0.5,0.05,2.0,Indiana,65.0,65,65,65.0,59.8,59.0,63,0.0,0.0,66.0,66.0,72.1,69.0,86.1,90.0,23.7,24.0,30,9.2,12
2.0,0.1,0.5,Indiana,65.0,65,65,65.0,64.5,65.0,67,0.0,0.0,66.0,66.0,68.6,69.0,83.4,85.0,23.4,23.5,29,9.4,13
ALL,ALL,ALL,Illinois,65.18333333333334,35,110,65.0,49.11944444444445,51.0,65,0.05555555555555555,2.0,74.70833333333333,77.0,80.1138888888889,79.0,90.94444444444444,85.0,6.958333333333333,7.0,17,8.316666666666666,15
1.0,0.25,0.5,Mississippi,65.5,42,172,42.0,3.2,3.5,4,0.0,0.0,120.66666666666667,86.0,229.75,172.0,118.0,118.0,1.0,1.0,1,0.0,0
2.0,0.25,0.5,Mississippi,65.5,42,172,42.0,7.7,8.0,10,0.0,0.0,144.0,84.0,241.7,172.0,196.33333333333334,232.0,1.4444444444444444,1.0,2,0.0,0
0.5,0.1,0.5,Montana,65.5,55,70,70.0,8.0,8.0,10,0.0,0.0,83.3,89.0,89.7,90.0,134.0,134.0,1.0,1.0,1,0.0,0
0.5,0.1,2.0,Montana,65.5,55,70,70.0,15.9,16.0,18,0.0,0.0,83.3,89.0,89.7,90.0,134.0,134.0,1.8,2.0,2,1.0,1
1.0,0.1,2.0,Montana,65.5,55,70,70.0,19.1,19.0,21,0.0,0.0,83.3,89.0,89.7,90.0,134.0,134.0,2.4,2.0,3,1.8,2
2.0,0.1,1.0,Montana,65.5,55,70,70.0,18.6,19.0,21,0.0,0.0,83.3,89.0,89.7,90.0,134.0,134.0,2.6,2.5,4,2.0,2
2.0,0.05,0.5,Illinois,65.5,35,79,72.5,50.8,51.0,57,0.0,0.0,75.5,77.5,82.2,81.5,85.9,85.0,7.2,7.5,9,9.2,11
0.5,0.01,2.0,Washington,65.5,54,91,59.0,8.6,8.5,11,0.4,2.0,79.2,81.5,94.2,91.0,40.8,28.0,20.1,20.5,23,14.2,17
0.5,0.01,1.0,Oregon,65.6,47,88,71.0,7.8,8.0,9,0.0,0.0,82.0,86.0,96.0,90.0,97.3,115.0,7.5,8.0,10,4.2,6
0.5,0.01,0.5,Minnesota,65.6,41,84,67.5,35.4,35.5,39,0.3,3.0,71.1,68.5,78.4,76.5,79.5,80.0,30.0,29.0,40,24.0,27
1.0,0.05,2.0,New York,65.6,36,90,68.0,13.0,13.0,15,1.1,4.0,80.1,84.5,89.7,88.5,28.0,28.0,191.7,190.5,214,37.8,41
1.0,0.25,1.0,Maryland,65.8,56,82,61.0,13.0,13.0,15,0.0,0.0,76.1,82.0,78.9,84.0,51.6,28.0,10.0,9.5,15,1.7,3
2.0,0.25,0.5,North Carolina,65.8,45,85,66.0,33.9,34.0,36,0.0,0.0,88.6,91.0,97.6,102.0,135.0,135.0,6.8,6.5,11,3.5,5
2.0,0.1,2.0,North Dakota,65.8,64,73,64.0,19.1,19.0,21,0.0,0.0,74.2,73.0,79.6,79.0,49.1,28.0,15.0,15.0,19,5.0,7
1.0,0.1,0.5,Montana,65.9,55,89,70.0,11.4,11.0,14,0.0,0.0,81.5,89.0,90.5,90.0,134.0,134.0,1.1,1.0,2,1.0,2
1.0,0.05,1.0,Kentucky,65.9,56,83,66.0,48.5,48.5,53,0.1,1.0,73.8,72.0,82.7,83.0,82.4,99.0,24.9,25.0,31,7.6,12
2.0,0.05,0.5,North Dakota,66.0,62,79,64.0,16.8,17.0,19,0.0,0.0,76.0,73.0,82.5,79.0,28.0,28.0,14.1,13.5,17,2.4,4
0.5,0.25,2.0,Maryland,66.1,56,84,61.0,12.6,12.5,14,0.0,0.0,79.2,82.0,84.7,84.0,56.1,28.0,7.5,7.0,10,1.6,3
0.5,0.1,1.0,North Dakota,66.1,62,73,64.0,14.3,14.0,16,0.0,0.0,72.1,73.0,78.1,79.0,45.4,28.0,6.5,7.0,8,3.1,4
1.0,0.05,0.5,North Dakota,66.3,62,73,64.0,14.0,13.5,16,0.0,0.0,74.5,73.0,79.6,79.0,28.0,28.0,6.6,7.0,8,2.2,4
0.5,0.05,2.0,Vermont,66.3,62,87,62.0,8.8,9.0,10,0.3,1.0,93.8,90.0,99.8,103.0,95.1,91.0,6.4,6.0,9,5.0,7
2.0,0.25,0.5,Maryland,66.4,52,84,65.0,12.1,12.0,13,0.0,0.0,78.4,82.0,81.6,84.0,48.2,28.0,9.5,9.0,16,2.9,4
2.0,0.1,1.0,Pennsylvania,66.4,51,88,59.0,46.9,47.0,50,0.2,2.0,78.9,83.0,83.7,84.0,31.7,28.0,48.3,49.5,54,11.9,16
ALL,ALL,ALL,Vermont,66.43055555555556,37,136,62.0,9.225,9.0,13,0.2611111111111111,3.0,84.575,87.0,95.34444444444445,93.0,100.83286908077994,91.0,6.230555555555555,6.0,14,4.419444444444444,9
0.5,0.01,0.5,Oklahoma,66.5,58,81,62.0,8.4,8.0,12,0.1,1.0,79.7,81.0,95.6,86.0,159.66666666666666,234.0,1.2,1.0,2,0.4,1
0.5,0.01,2.0,Utah,66.5,51,106,62.0,11.7,12.0,13,0.0,0.0,99.1,106.0,114.5,117.0,94.1,92.0,11.6,12.5,16,1.5,3
2.0,0.25,2.0,Tennessee,66.5,57,80,71.0,45.3,45.5,47,0.0,0.0,83.1,88.0,92.4,93.5,61.7,55.5,35.8,36.0,41,14.7,17
0.5,0.05,1.0,New York,66.5,36,90,68.0,12.2,12.0,16,1.2,5.0,84.7,88.0,89.2,90.0,28.0,28.0,175.7,174.5,187,36.2,39
ALL,ALL,ALL,Kentucky,66.56666666666666,47,118,58.0,44.59722222222222,48.0,60,0.07222222222222222,1.0,74.68611111111112,66.0,81.35555555555555,72.0,91.8941504178273,96.0,22.266666666666666,23.0,42,6.611111111111111,13
2.0,0.05,1.0,Nevada,66.6,57,71,71.0,6.0,6.0,6,0.0,0.0,73.2,74.0,76.7,78.0,203.33333333333334,248.0,1.0,1.0,1,0.0,0
2.0,0.25,2.0,Mississippi,66.6,42,98,74.0,10.5,10.0,14,0.0,0.0,104.4,92.0,178.8,135.0,251.75,232.0,1.875,2.0,3,0.0,0
1.0,0.01,0.5,Wisconsin,66.7,53,84,67.0,34.4,34.0,38,0.0,0.0,77.7,74.0,81.8,81.0,42.6,28.0,65.8,65.5,73,25.7,29
0.5,0.1,1.0,Pennsylvania,66.8,51,83,67.5,43.6,44.0,47,0.4,3.0,79.0,80.0,82.9,83.5,28.0,28.0,49.0,49.5,58,13.4,18
1.0,0.05,2.0,North Dakota,66.9,62,79,64.0,17.9,18.0,20,0.0,0.0,73.9,73.0,80.2,79.0,28.0,28.0,13.8,13.5,17,3.7,8
0.5,0.05,2.0,North Dakota,67.0,62,73,64.0,16.4,17.0,17,0.0,0.0,74.5,73.0,79.6,79.0,40.7,28.0,11.4,11.0,15,1.2,3
1.0,0.01,0.5,Oklahoma,67.0,56,81,59.0,18.3,18.0,21,0.0,0.0,76.9,81.0,88.3,86.0,51.7,28.0,5.0,4.0,9,2.1,4
2.0,0.01,2.0,Nebraska,67.0,49,91,63.5,35.5,35.5,39,0.0,0.0,79.2,87.0,94.6,92.5,166.4,188.0,5.5,6.0,8,3.5,5
1.0,0.01,1.0,Nebraska,67.0,49,91,58.5,28.6,29.5,32,0.1,1.0,88.7,87.0,95.3,95.5,140.5,119.0,3.0,3.0,5,3.8,5
1.0,0.05,2.0,Illinois,67.1,48,77,65.0,54.0,54.0,60,0.0,0.0,76.0,77.0,84.7,84.0,68.3,85.0,7.9,8.5,11,9.7,13
0.5,0.05,0.5,North Dakota,67.2,62,73,64.0,13.1,13.5,16,0.0,0.0,74.5,73.0,79.6,79.0,91.5,91.5,4.3,4.0,7,2.3,5
0.5,0.05,1.0,North Dakota,67.4,62,73,64.0,13.4,13.0,16,0.0,0.0,76.6,79.0,80.8,82.0,32.2,28.0,6.4,6.5,7,2.2,5
1.0,0.05,1.0,North Dakota,67.4,62,73,64.0,16.2,16.5,19,0.0,0.0,75.1,76.0,79.9,80.5,28.0,28.0,12.9,13.0,15,2.8,5
1.0,0.1,1.0,Pennsylvania,67.5,51,78,73.0,46.1,46.5,49,0.2,2.0,77.2,81.5,81.4,84.0,37.9,28.0,44.6,45.5,51,11.7,17
0.5,0.05,1.0,Nevada,67.6,57,71,70.0,5.0,5.0,6,0.0,0.0,71.5,72.5,77.8,78.0,,,0.0,0.0,0,0.0,0
1.0,0.01,0.5,Indiana,67.6,65,76,65.0,42.6,42.0,48,0.0,0.0,77.8,76.0,86.7,92.0,96.5,91.0,15.9,16.0,22,8.9,13
2.0,0.01,2.0,Wisconsin,67.6,53,74,74.0,35.5,37.0,41,0.2,2.0,79.4,78.5,87.6,91.0,49.0,28.0,62.4,63.0,69,25.9,31
ALL,ALL,ALL,New York,67.67222222222222,36,97,68.0,12.122222222222222,12.0,19,0.8833333333333333,8.0,78.23611111111111,78.0,86.10833333333333,89.5,28.397222222222222,28.0,175.82777777777778,179.0,214,37.075,44
2.0,0.01,2.0,Utah,68.1,51,106,62.0,12.2,13.0,14,0.0,0.0,86.9,90.0,105.0,101.5,75.4,70.5,15.4,15.0,25,2.1,5
0.5,0.1,0.5,Pennsylvania,68.1,51,91,67.5,42.3,42.0,46,0.6,5.0,75.2,80.5,80.9,83.5,47.3,28.0,36.5,35.0,47,11.6,17
2.0,0.01,0.5,Minnesota,68.1,41,84,66.0,43.9,43.5,52,0.7,3.0,76.4,78.5,81.6,82.0,40.7,28.0,40.3,39.5,49,23.0,27
1.0,0.01,0.5,Iowa,68.1,54,86,69.0,31.1,30.5,36,3.3,9.0,79.3,82.0,84.2,85.5,68.8,71.5,72.2,72.5,87,47.0,51
1.0,0.01,2.0,Iowa,68.2,54,82,65.0,32.9,33.5,37,0.4,2.0,74.7,75.0,81.1,82.0,78.1,83.5,87.5,89.5,99,50.5,54
0.5,0.01,2.0,Iowa,68.2,47,82,69.0,30.3,30.5,37,2.7,9.0,81.5,83.0,84.9,86.0,75.4,84.0,74.1,74.0,85,51.6,60
1.0,0.25,1.0,North Carolina,68.3,45,91,66.0,33.3,33.5,35,0.0,0.0,91.1,91.0,100.3,102.0,135.0,135.0,6.1,6.0,8,3.7,6
0.5,0.01,0.5,Ohio,68.4,56,85,75.0,30.2,30.5,36,0.7,2.0,86.5,85.5,95.5,98.0,93.8,96.5,12.6,13.5,15,8.9,12
0.5,0.01,2.0,Ohio,68.4,56,85,75.0,44.0,44.5,47,0.8,2.0,86.7,85.5,96.4,98.0,77.2,91.5,19.3,19.0,26,14.4,23
1.0,0.01,1.0,Wisconsin,68.4,59,74,72.0,34.1,34.0,41,0.1,1.0,76.1,74.0,89.6,92.0,38.2,28.0,73.2,74.0,80,26.9,35
1.0,0.05,1.0,Montana,68.5,55,70,70.0,15.9,16.0,18,0.0,0.0,87.2,89.0,93.5,90.0,147.7,134.0,2.3,2.0,4,0.7,3
1.0,0.05,0.5,Montana,68.5,55,70,70.0,11.1,11.0,12,0.0,0.0,87.1,89.0,91.1,90.0,134.57142857142858,134.0,1.1111111111111112,1.0,2,0.8,1
2.0,0.05,1.0,Montana,68.5,55,70,70.0,17.7,17.0,20,0.0,0.0,87.1,89.0,90.6,90.0,173.9,134.0,3.1,3.0,4,1.8,3
2.0,0.1,2.0,Montana,68.5,55,70,70.0,19.0,19.0,22,0.0,0.0,87.1,89.0,89.9,90.0,134.0,134.0,2.5,2.5,3,1.9,2
0.5,0.01,1.0,Utah,68.5,51,93,62.0,9.2,9.0,11,0.4,2.0,96.8,90.0,109.8,117.0,82.0,98.0,9.4,9.0,15,2.2,3
1.0,0.01,0.5,Ohio,68.8,56,85,73.0,38.8,39.0,42,0.5,2.0,84.6,86.0,91.4,90.0,98.0,94.5,16.0,16.0,21,13.0,16
1.0,0.01,0.5,Nevada,68.9,57,78,71.0,4.4,4.0,5,0.0,0.0,84.4,88.0,167.0,163.5,120.5,120.5,1.25,1.0,2,0.0,0
1.0,0.05,2.0,Montana,68.9,55,89,70.0,17.0,17.0,19,0.0,0.0,85.3,89.0,91.6,90.0,134.0,134.0,3.0,3.0,4,1.8,2
2.0,0.05,2.0,North Dakota,68.9,62,82,64.0,18.8,19.5,20,0.0,0.0,77.6,76.0,82.7,80.5,32.2,28.0,14.1,13.5,20,3.6,7
2.0,0.25,2.0,Massachusetts,69.0,65,70,70.0,7.4,7.0,8,0.0,0.0,91.7,95.5,102.4,103.0,111.5,130.0,2.0,2.0,3,0.0,0
0.5,0.01,1.0,Ohio,69.0,56,85,73.0,35.8,36.0,39,0.8,2.0,85.9,85.5,95.3,93.0,101.6,95.5,15.8,16.0,21,11.8,18
0.5,0.1,2.0,Pennsylvania,69.0,51,84,72.5,43.9,44.0,47,0.0,0.0,77.5,80.0,82.3,82.5,28.0,28.0,49.2,49.5,54,13.2,20
0.5,0.01,2.0,Minnesota,69.0,46,84,70.0,40.7,42.5,45,0.0,0.0,74.1,76.5,77.3,81.0,28.0,28.0,38.7,41.0,47,25.4,33
0.5,0.05,2.0,New York,69.0,50,90,68.0,13.9,14.5,18,0.5,2.0,78.9,78.0,88.1,89.0,28.0,28.0,188.6,189.0,206,36.3,40
0.5,0.25,1.0,Maryland,69.1,56,84,67.5,11.8,11.5,14,0.0,0.0,79.4,82.0,81.4,84.0,70.3,79.5,6.2,5.5,12,2.5,4
2.0,0.01,2.0,Oregon,69.1,47,97,72.0,11.1,11.0,12,0.1,1.0,85.6,86.0,97.4,90.0,76.6,93.0,8.4,9.0,11,5.7,7
1.0,0.01,1.0,Ohio,69.1,56,86,75.0,45.0,46.0,48,0.7,2.0,84.7,85.0,91.6,87.5,70.9,66.0,17.8,18.5,25,14.3,21
1.0,0.05,1.0,Illinois,69.3,44,81,71.0,50.5,50.5,53,0.0,0.0,77.5,79.0,82.7,84.0,66.2,85.0,7.6,7.0,12,7.2,11
1.0,0.01,2.0,Nevada,69.4,57,71,71.0,5.2,5.5,6,0.0,0.0,79.3,78.0,134.7,88.0,180.6,142.0,1.6,1.0,3,0.0,0
0.5,0.01,1.0,Nebraska,69.4,49,99,59.5,19.8,20.5,24,0.1,1.0,89.1,87.0,98.4,99.0,134.16666666666666,119.0,1.2222222222222223,1.0,3,2.5,6
0.5,0.25,1.0,Massachusetts,69.5,65,70,70.0,7.6,8.0,8,0.0,0.0,92.2,92.0,101.2,97.0,100.1,100.5,1.7,1.5,3,0.0,0
2.0,0.25,1.0,Massachusetts,69.5,65,70,70.0,7.2,7.0,8,0.0,0.0,94.2,97.0,103.7,102.0,106.0,130.0,2.3,2.0,3,0.0,0
1.0,0.05,0.5,New York,69.5,55,90,68.0,12.8,12.5,17,1.1,3.0,86.4,90.0,92.4,93.5,28.0,28.0,176.9,178.0,191,35.6,39
2.0,0.05,2.0,New York,69.5,36,90,79.0,13.5,14.0,16,0.8,5.0,79.2,85.5,85.6,91.5,28.0,28.0,182.3,185.5,206,37.3,40
0.5,0.01,0.5,Oregon,69.6,47,87,72.0,6.0,6.0,7,0.0,0.0,85.7,88.0,93.0,90.0,108.7,115.0,4.1,4.0,8,2.0,3
1.0,0.25,2.0,Maryland,69.6,56,84,71.0,12.2,12.0,13,0.0,0.0,78.7,82.0,82.4,84.0,57.4,45.0,8.7,8.0,11,2.8,4
2.0,0.05,1.0,North Dakota,69.6,62,79,73.0,19.1,19.5,22,0.0,0.0,76.6,79.0,81.5,82.0,28.0,28.0,13.5,14.0,16,2.9,5
2.0,0.01,2.0,Minnesota,69.6,64,84,69.0,42.0,41.5,47,0.8,4.0,74.9,75.0,78.9,81.5,46.5,28.0,39.9,40.5,50,25.7,32
1.0,0.25,1.0,Tennessee,69.7,57,88,71.0,43.5,43.5,46,0.0,0.0,82.2,88.0,86.5,89.0,72.1,80.0,29.5,28.0,36,14.3,18
2.0,0.25,1.0,Tennessee,69.7,57,88,71.0,44.5,45.0,46,0.0,0.0,83.6,88.0,91.1,89.0,72.3,77.0,37.3,37.5,42,15.1,17
2.0,0.25,1.0,North Carolina,69.8,66,85,66.0,36.1,35.5,39,0.0,0.0,89.6,85.0,96.2,91.0,28.0,28.0,7.6,7.5,10,3.0,4
0.5,0.01,1.0,Indiana,69.8,65,81,65.5,41.2,41.5,46,0.1,1.0,82.2,76.0,96.6,97.0,104.0,100.5,13.1,14.0,16,7.0,11
1.0,0.25,2.0,Massachusetts,70.0,70,70,70.0,7.5,7.5,8,0.0,0.0,96.2,97.0,106.3,107.0,92.6,71.0,2.8,3.0,4,0.0,0
0.5,0.25,2.0,Massachusetts,70.0,70,70,70.0,7.5,7.5,8,0.0,0.0,97.4,97.0,106.3,107.5,104.4,120.0,2.4,2.5,3,0.0,0
0.5,0.25,0.5,Massachusetts,70.0,70,70,70.0,7.2,7.0,8,0.0,0.0,96.7,97.0,104.2,104.0,94.6,71.0,1.9,2.0,3,0.0,0
1.0,0.25,1.0,Massachusetts,70.0,70,70,70.0,7.1,7.0,8,0.0,0.0,97.8,97.0,104.2,103.0,94.6,71.0,2.7,2.5,4,0.0,0
2.0,0.25,0.5,Massachusetts,70.0,70,70,70.0,7.6,8.0,8,0.0,0.0,97.6,97.0,105.2,104.0,116.2,130.0,2.3,2.5,3,0.0,0
1.0,0.1,2.0,Massachusetts,70.0,70,70,70.0,7.1,7.0,8,0.0,0.0,103.5,104.0,109.4,111.0,108.3,120.0,2.9,2.5,4,0.0,0
0.5,0.01,2.0,Wisconsin,70.0,53,93,70.5,35.5,35.5,39,0.0,0.0,81.0,83.0,86.2,88.0,36.6,28.0,68.5,67.5,77,24.9,30
0.5,0.01,2.0,Indiana,70.1,65,76,69.5,49.0,50.0,54,0.1,1.0,79.6,76.0,91.0,95.0,96.8,91.0,18.3,18.0,25,9.2,12
0.5,0.05,1.0,Montana,70.4,55,89,70.0,9.6,9.5,12,0.0,0.0,87.3,89.0,94.3,90.0,134.0,134.0,1.0,1.0,1,0.1,1
2.0,0.1,0.5,Montana,70.4,55,89,70.0,18.5,18.5,20,0.0,0.0,87.2,89.0,90.8,90.0,134.0,134.0,1.9,2.0,3,1.0,2
0.5,0.25,2.0,North Carolina,70.4,66,91,66.0,33.8,34.0,36,0.0,0.0,93.1,91.0,100.6,102.0,135.0,135.0,6.5,6.5,8,3.0,4
2.0,0.25,2.0,North Carolina,70.4,66,91,66.0,37.3,37.5,39,0.0,0.0,91.9,91.0,98.7,102.0,28.0,28.0,7.8,7.5,10,3.1,4
1.0,0.25,2.0,North Carolina,70.4,66,91,66.0,34.2,34.0,36,0.0,0.0,90.2,88.0,99.5,102.0,28.0,28.0,8.1,8.0,10,3.7,4
1.0,0.01,2.0,Ohio,70.4,56,85,75.0,47.8,49.0,53,0.9,3.0,93.7,92.0,98.7,98.5,66.7,62.0,21.6,21.0,26,14.0,20
0.5,0.01,2.0,Nebraska,70.5,53,92,72.0,27.7,27.5,32,0.0,0.0,87.1,91.0,93.6,95.5,176.8,164.5,2.8,2.5,6,3.2,5
2.0,0.01,1.0,Nebraska,70.5,49,99,68.5,34.8,33.5,40,0.1,1.0,83.7,87.0,91.8,90.0,119.7,119.0,4.7,4.5,9,3.9,7
1.0,0.01,1.0,Minnesota,70.5,53,84,75.5,44.9,45.5,50,0.0,0.0,76.2,77.0,81.8,84.0,34.4,28.0,38.0,36.5,45,22.0,34
1.0,0.01,2.0,Indiana,70.6,65,76,71.0,52.5,52.0,59,0.0,0.0,84.8,90.0,93.4,95.5,99.1,95.0,18.8,18.5,22,8.6,11
2.0,0.01,1.0,Indiana,70.6,46,94,71.0,51.0,51.0,56,0.0,0.0,84.2,91.0,90.5,94.5,96.8,100.0,21.6,22.5,28,10.3,14
1.0,0.1,2.0,Pennsylvania,70.6,51,94,72.5,44.5,44.5,50,0.4,3.0,80.1,78.0,84.2,83.5,28.0,28.0,48.6,48.0,57,13.7,19
2.0,0.25,0.5,Tennessee,70.7,57,88,71.0,43.7,44.0,46,0.0,0.0,83.9,88.0,90.5,89.0,76.0,95.0,33.3,33.5,38,15.0,17
1.0,0.25,0.5,Tennessee,70.8,57,88,71.0,37.2,37.5,40,0.0,0.0,82.3,84.0,89.8,88.5,77.9,85.0,23.4,23.0,27,13.8,17
2.0,0.01,0.5,Wisconsin,70.8,57,74,74.0,35.5,35.5,40,0.1,1.0,83.5,84.0,91.8,92.0,28.0,28.0,67.5,67.0,76,25.5,30
1.0,0.01,1.0,Indiana,70.9,65,91,65.0,49.6,49.5,55,0.0,0.0,79.1,76.0,92.1,95.5,87.7,91.0,19.9,19.5,26,9.6,12
1.0,0.25,0.5,North Carolina,71.0,66,91,66.0,30.8,31.0,34,0.0,0.0,91.3,88.0,98.8,102.0,135.0,135.0,3.6,3.5,5,1.3,2
2.0,0.01,2.0,Indiana,71.0,65,76,73.0,53.5,53.5,55,0.0,0.0,80.1,76.0,90.5,92.5,101.1,95.0,22.6,23.0,26,9.4,12
0.5,0.25,0.5,Tennessee,71.1,57,88,71.0,23.4,23.0,27,0.0,0.0,81.2,80.5,90.0,88.5,89.8,95.0,10.9,11.0,13,7.6,10
0.5,0.01,1.0,Minnesota,71.1,62,85,68.0,40.3,41.0,51,1.0,6.0,79.6,84.0,82.3,84.5,79.2,80.0,34.1,32.5,43,21.2,31
0.5,0.01,1.0,Wisconsin,71.3,63,78,74.0,34.8,35.0,39,0.0,0.0,85.4,88.0,91.1,93.5,33.6,28.0,62.7,63.0,69,24.7,29
2.0,0.05,1.0,Illinois,71.4,47,77,77.0,53.8,54.0,59,0.0,0.0,77.7,78.0,81.7,82.5,62.2,85.0,8.0,8.0,10,9.5,13
ALL,ALL,ALL,Montana,71.45555555555555,55,154,70.0,14.16388888888889,15.0,25,0.0,0.0,90.41666666666667,89.0,104.12011173184358,90.0,145.72832369942196,134.0,1.9544159544159545,2.0,6,0.9888888888888889,3
2.0,0.01,1.0,Iowa,71.5,45,87,72.0,30.7,29.5,35,3.1,9.0,82.5,86.0,88.5,87.5,72.8,74.5,87.0,87.5,94,52.8,56
0.5,0.01,0.5,Wisconsin,71.6,63,74,74.0,30.7,31.0,37,0.0,0.0,81.4,81.0,89.8,92.0,69.8,93.0,52.6,53.5,62,25.9,29
2.0,0.01,2.0,Nevada,71.7,71,78,71.0,5.5,6.0,6,0.0,0.0,99.1,78.0,141.7,93.0,120.5,120.5,1.0,1.0,1,0.0,0
1.0,0.25,0.5,Massachusetts,71.9,65,104,70.0,7.4,7.0,8,0.0,0.0,89.0,93.0,102.7,99.5,91.4,71.0,2.0,2.0,3,0.0,0
2.0,0.05,0.5,Montana,71.9,70,89,70.0,16.8,17.0,19,0.0,0.0,89.2,89.0,91.5,90.0,160.6,134.0,2.3,2.0,3,1.1,3
1.0,0.01,2.0,Wisconsin,72.2,59,87,73.5,34.9,35.0,40,0.0,0.0,81.2,81.0,88.4,92.0,42.7,28.0,68.4,69.0,78,26.0,32
1.0,0.01,1.0,Iowa,72.2,60,82,71.5,30.5,31.0,35,1.3,5.0,81.2,82.0,85.4,86.0,78.7,81.5,83.2,84.5,99,50.7,57
ALL,ALL,ALL,North Dakota,72.43055555555556,62,109,64.0,15.83611111111111,16.0,23,0.005555555555555556,2.0,80.28055555555555,73.0,87.06666666666666,79.0,51.287709497206706,28.0,9.885474860335195,10.0,20,2.811111111111111,8
2.0,0.01,2.0,Ohio,72.5,56,86,75.0,46.1,46.0,52,0.7,2.0,89.1,86.0,96.0,95.0,50.3,28.0,18.6,19.0,23,16.0,23
2.0,0.01,0.5,Utah,72.6,51,120,62.0,12.2,12.0,14,0.2,2.0,97.9,106.0,113.1,120.0,95.6,100.0,13.6,13.5,19,1.7,3
1.0,0.25,2.0,Tennessee,72.8,57,88,71.0,44.2,44.5,45,0.0,0.0,86.1,88.0,94.2,93.5,65.8,61.5,37.1,37.0,41,15.3,18
0.5,0.05,2.0,Illinois,72.9,65,84,77.0,48.7,48.5,51,0.0,0.0,81.4,81.0,85.7,84.0,93.2,85.0,6.5,6.0,11,8.4,12
0.5,0.25,0.5,New Jersey,73.0,47,103,62.5,7.9,8.0,10,0.0,0.0,101.7,103.0,114.9,120.0,76.0,76.0,1.0,1.0,1,0.0,0
2.0,0.01,0.5,Nevada,73.0,69,93,71.0,5.0,5.0,6,0.0,0.0,93.5,91.0,191.4,237.0,115.125,99.0,1.25,1.0,2,0.0,0
0.5,0.01,2.0,Nevada,73.1,71,78,71.0,4.6,4.5,6,0.0,0.0,99.1,88.0,174.2,180.0,128.0,99.0,1.3333333333333333,1.0,2,0.0,0
2.0,0.01,0.5,Indiana,73.1,65,104,65.5,50.9,51.5,55,0.0,0.0,82.8,80.0,92.2,94.5,96.6,91.0,19.5,19.5,26,9.2,15
2.0,0.05,1.0,Pennsylvania,73.1,51,94,78.0,45.4,44.5,49,0.1,1.0,89.4,91.5,94.9,96.0,61.3,46.5,36.8,35.5,44,11.3,14
2.0,0.01,1.0,Wisconsin,73.1,59,80,74.0,35.4,35.5,39,0.0,0.0,86.5,92.0,91.9,93.0,28.0,28.0,66.3,64.0,76,26.2,31
2.0,0.1,1.0,Massachusetts,73.4,70,104,70.0,7.3,7.0,8,0.0,0.0,104.3,104.0,113.3,114.0,118.2,130.0,2.2,2.0,3,0.0,0
0.5,0.1,0.5,Massachusetts,73.4,70,104,70.0,6.5,6.0,8,0.0,0.0,103.4,104.0,113.5,114.0,124.1,130.0,1.3,1.0,2,0.0,0
0.5,0.25,1.0,North Carolina,73.4,66,102,66.0,29.2,30.0,30,0.0,0.0,92.0,91.0,101.7,102.0,113.6,135.0,3.8,3.0,6,1.7,3
1.0,0.05,0.5,Illinois,73.4,65,77,77.0,49.0,49.0,51,0.0,0.0,79.6,79.0,83.3,84.0,73.6,85.0,5.2,5.0,7,7.2,9
1.0,0.01,2.0,Georgia,73.6,64,120,69.0,35.2,34.5,39,0.1,1.0,110.5,115.0,123.3,125.0,52.7,28.0,4.7,5.0,8,3.8,7
0.5,0.05,0.5,Montana,73.8,70,89,70.0,7.5,8.0,9,0.0,0.0,92.4,89.0,96.5,90.0,134.5,134.0,1.0,1.0,1,0.1,1
0.5,0.05,2.0,Montana,73.8,70,89,70.0,15.2,15.0,16,0.0,0.0,89.2,89.0,92.1,90.0,134.0,134.0,2.0,2.0,3,0.8,2
2.0,0.05,2.0,Montana,73.8,70,89,70.0,17.0,16.5,20,0.0,0.0,89.2,89.0,92.1,90.0,134.0,134.0,3.5,3.5,4,1.9,3
0.5,0.01,1.0,Nevada,73.9,71,93,71.0,3.7,4.0,4,0.0,0.0,88.1,88.0,178.3,204.5,120.5,120.5,1.1666666666666667,1.0,2,0.0,0
2.0,0.01,1.0,Nevada,74.0,71,87,71.0,5.2,5.0,6,0.0,0.0,85.8,82.5,155.1,107.5,168.75,120.5,1.0,1.0,1,0.0,0
2.0,0.01,2.0,Iowa,74.0,60,82,74.0,29.8,28.5,35,2.0,6.0,81.7,83.5,86.1,86.5,73.0,78.0,92.5,93.0,102,55.6,62
ALL,ALL,ALL,Pennsylvania,74.19166666666666,43,104,78.0,43.025,43.0,51,0.15555555555555556,5.0,82.39722222222223,84.0,86.95833333333333,90.0,37.80555555555556,28.0,42.00555555555555,41.5,76,11.969444444444445,22
0.5,0.1,0.5,Maryland,74.2,56,84,81.5,9.3,9.5,10,0.0,0.0,85.3,86.0,90.9,88.5,76.9,69.0,5.4,5.0,11,3.0,4
1.0,0.01,2.0,Utah,74.3,51,106,65.0,13.3,13.5,15,0.1,1.0,94.2,91.0,107.7,112.0,95.1,108.0,15.2,15.0,20,0.9,2
1.0,0.25,2.0,Mississippi,74.4,42,172,42.0,8.7,8.0,12,0.0,0.0,167.9,128.0,260.7,274.0,282.1111111111111,232.0,1.3333333333333333,1.0,2,0.0,0
0.5,0.25,1.0,Tennessee,74.5,57,88,75.5,36.4,36.0,40,0.0,0.0,81.8,84.0,92.2,93.0,102.2,98.5,18.8,19.0,25,12.2,14
0.5,0.1,2.0,Tennessee,74.5,57,88,75.5,40.7,40.5,43,0.0,0.0,91.2,88.0,100.0,98.0,77.0,95.0,26.1,26.0,35,13.0,15
0.5,0.01,0.5,Iowa,74.6,60,82,79.5,28.6,28.5,37,1.0,3.0,81.7,81.5,83.7,83.0,82.6,84.0,64.9,64.0,71,42.5,48
1.0,0.01,0.5,Utah,74.9,51,90,76.0,9.7,9.5,11,0.0,0.0,90.8,93.0,108.7,117.0,89.9,101.0,9.1,8.5,13,1.6,3
2.0,0.05,1.0,New York,75.0,36,90,77.0,13.1,13.0,16,0.4,2.0,84.0,90.0,92.0,93.5,28.0,28.0,183.3,184.0,196,38.1,41
ALL,ALL,ALL,Virginia,75.24444444444444,59,171,59.0,28.58888888888889,30.0,40,0.008333333333333333,1.0,101.7611111111111,86.0,115.25833333333334,104.0,92.04213483146067,84.0,11.961002785515321,13.0,21,5.311111111111111,12
1.0,0.1,0.5,Maryland,75.3,56,84,83.0,10.8,11.0,12,0.0,0.0,86.5,86.0,89.7,89.0,79.0,92.5,5.0,4.5,9,3.1,4
0.5,0.05,0.5,New York,75.3,55,90,78.0,11.9,12.0,15,0.5,3.0,84.0,89.0,90.7,92.0,28.0,28.0,143.6,144.5,152,33.9,37
1.0,0.01,1.0,Nevada,75.4,71,93,71.0,5.3,5.0,6,0.0,0.0,95.5,91.0,211.5,244.5,152.66666666666666,120.5,1.0,1.0,1,0.0,0
0.5,0.01,0.5,Nevada,75.5,71,93,71.0,2.6,2.5,4,0.0,0.0,104.5,91.0,94.2,89.0,109.75,99.0,1.5,1.5,2,0.0,0
0.5,0.01,0.5,Indiana,75.5,65,91,76.0,36.0,36.5,41,0.0,0.0,82.5,80.0,95.9,94.0,107.7,108.0,12.7,13.0,17,6.0,7
2.0,0.1,2.0,Massachusetts,75.6,65,104,70.0,7.2,7.0,8,0.0,0.0,97.8,99.5,108.9,111.0,115.7,120.0,2.8,3.0,4,0.0,0
1.0,0.1,1.0,Massachusetts,75.6,70,102,70.0,7.3,7.0,8,0.0,0.0,101.4,104.0,110.8,112.0,107.8,120.0,2.5,2.0,4,0.0,0
2.0,0.05,2.0,Pennsylvania,75.7,51,99,78.0,45.1,45.5,49,0.2,1.0,85.5,84.0,89.1,89.5,50.1,28.0,37.3,37.5,47,12.1,16
2.0,0.05,0.5,New York,76.3,36,90,86.0,12.0,11.0,17,0.7,4.0,83.1,88.0,91.2,92.0,28.0,28.0,189.3,186.5,212,38.5,42
2.0,0.1,1.0,Maryland,76.4,56,89,84.0,11.8,12.0,13,0.0,0.0,84.4,86.0,91.7,94.5,79.3,94.5,7.0,7.0,13,3.1,4
2.0,0.01,1.0,Oregon,76.4,47,90,87.0,11.7,11.5,14,0.0,0.0,93.5,90.0,110.0,114.5,91.2,69.5,9.0,10.0,12,5.4,6
0.5,0.25,1.0,New Jersey,76.5,57,103,73.0,10.1,10.0,11,0.0,0.0,106.1,103.0,118.4,120.0,157.625,198.5,1.25,1.0,2,0.0,0
1.0,0.05,0.5,Pennsylvania,76.7,51,90,78.0,42.9,43.0,46,0.3,2.0,88.1,89.5,94.4,94.5,34.0,28.0,39.1,38.5,52,11.6,17
0.5,0.1,1.0,Massachusetts,76.8,70,104,70.0,7.2,7.0,8,0.0,0.0,102.8,104.0,110.5,114.0,116.2,130.0,1.8,2.0,3,0.0,0
2.0,0.1,0.5,Massachusetts,76.8,70,104,70.0,7.0,7.0,7,0.0,0.0,108.0,110.0,114.2,115.0,118.2,130.0,2.4,2.0,3,0.0,0
2.0,0.01,1.0,Georgia,76.8,41,124,69.0,35.6,35.0,43,0.0,0.0,120.8,124.0,128.2,129.5,88.8,50.5,5.0,5.0,7,6.0,10
1.0,0.05,1.0,New York,76.9,55,90,83.5,13.2,13.5,16,0.4,2.0,86.7,90.0,92.4,93.5,28.0,28.0,185.0,187.0,196,36.8,41
1.0,0.1,0.5,North Carolina,77.0,66,102,66.0,29.2,29.5,31,0.0,0.0,99.7,102.0,107.9,110.0,113.6,135.0,4.5,4.0,6,1.2,2
1.0,0.05,2.0,Pennsylvania,77.1,59,99,78.0,47.3,47.5,51,0.0,0.0,89.6,91.0,92.1,93.0,35.0,28.0,39.6,39.0,49,10.2,15
0.5,0.01,0.5,Nebraska,77.4,49,99,81.0,13.2,13.0,16,0.3,2.0,95.6,95.5,104.7,101.0,143.375,132.0,1.3333333333333333,1.0,3,1.3,5
2.0,0.05,0.5,Pennsylvania,77.4,59,99,78.0,45.8,46.5,49,0.3,1.0,89.7,92.5,93.2,94.0,35.0,28.0,39.3,39.5,50,11.3,16
0.5,0.25,2.0,Tennessee,77.4,57,88,80.0,41.1,40.5,45,0.0,0.0,87.8,88.0,93.8,93.5,94.1,95.0,27.6,27.5,32,14.4,17
2.0,0.01,0.5,Ohio,77.5,56,86,75.0,46.9,46.0,52,0.2,2.0,94.1,93.5,102.0,99.0,69.4,43.5,17.2,16.5,23,14.1,18
0.5,0.05,2.0,Pennsylvania,77.9,51,91,84.0,46.3,47.0,49,0.1,1.0,86.1,88.5,93.2,93.0,28.0,28.0,41.3,42.0,49,10.0,14
2.0,0.01,0.5,Iowa,78.6,69,85,79.5,34.8,35.5,41,1.2,5.0,83.6,84.0,86.1,86.0,86.4,85.0,84.5,85.5,93,49.2,57
0.5,0.1,2.0,Maryland,78.8,56,88,84.0,12.5,12.5,14,0.0,0.0,87.6,88.5,91.2,91.0,115.2,110.0,5.2,5.0,12,1.7,3
2.0,0.05,0.5,Maryland,79.1,56,84,84.0,10.7,11.0,12,0.0,0.0,92.4,96.0,98.9,102.0,120.2,137.0,5.6,6.0,8,3.4,5
1.0,0.1,0.5,Massachusetts,79.3,70,104,70.0,7.1,7.0,8,0.0,0.0,102.0,104.0,112.1,112.5,130.0,130.0,1.8,2.0,2,0.0,0
0.5,0.01,2.0,Georgia,79.3,41,115,69.0,31.9,32.0,35,0.0,0.0,111.5,120.0,126.4,125.0,105.11111111111111,28.0,2.3,2.0,6,1.8,4
0.5,0.01,1.0,Iowa,79.3,69,86,81.5,30.1,30.0,34,0.5,2.0,81.8,82.0,85.7,86.0,77.9,84.0,71.4,71.5,87,46.2,51
0.5,0.1,1.0,Maryland,79.5,65,84,84.0,10.8,11.0,12,0.0,0.0,86.9,88.0,90.2,89.0,81.4,102.0,5.1,5.0,8,2.7,3
2.0,0.1,2.0,Maryland,79.5,56,88,84.0,11.6,12.0,13,0.0,0.0,86.5,88.0,91.9,92.5,107.4,100.0,6.8,6.5,11,3.1,5
1.0,0.01,1.0,Utah,79.6,62,110,76.0,11.0,11.0,13,0.0,0.0,101.0,93.0,121.9,120.0,100.1,94.0,13.2,13.0,18,2.0,3
1.0,0.05,1.0,Pennsylvania,79.6,51,100,80.0,45.5,45.5,50,0.1,1.0,88.2,89.0,92.1,92.0,41.9,28.0,39.2,38.0,47,11.5,15
2.0,0.1,0.5,Maryland,80.0,65,84,84.0,11.8,12.0,13,0.0,0.0,88.7,89.0,91.7,93.0,92.8,110.0,6.8,7.0,12,3.1,4
0.5,0.01,0.5,Utah,80.1,62,106,79.0,6.3,6.0,9,0.1,1.0,100.8,99.5,116.6,113.5,84.9,101.0,6.3,6.0,9,1.4,3
2.0,0.01,0.5,Nebraska,80.1,57,92,83.0,29.5,30.0,33,0.0,0.0,95.9,95.0,104.9,107.5,123.33333333333333,132.0,3.3,3.5,5,3.9,6
2.0,0.01,2.0,Georgia,80.1,41,139,69.0,37.6,37.0,47,0.0,0.0,121.0,122.0,134.4,138.0,121.1,28.0,5.8,6.0,10,5.5,9
0.5,0.1,2.0,Massachusetts,80.2,70,104,70.0,7.2,7.0,8,0.0,0.0,102.9,104.0,111.9,114.0,128.0,130.0,2.3,2.0,3,0.0,0
1.0,0.05,2.0,Maryland,80.6,56,96,84.0,11.2,11.0,12,0.0,0.0,93.0,89.0,100.8,102.0,119.7,137.0,7.0,7.5,10,3.3,4
2.0,0.05,1.0,Maryland,80.7,65,89,84.0,10.7,11.0,12,0.0,0.0,95.4,94.5,101.8,104.0,117.8,137.0,6.5,6.0,10,3.7,5
1.0,0.1,1.0,Maryland,80.8,65,84,83.0,11.9,12.0,14,0.0,0.0,86.7,86.0,90.5,89.0,91.0,92.0,5.6,6.0,8,2.2,4
2.0,0.05,2.0,Maryland,81.2,56,84,84.0,11.3,11.0,12,0.0,0.0,92.6,89.0,98.0,99.5,144.9,110.0,6.3,6.0,10,3.5,5
2.0,0.25,0.5,New Jersey,82.1,47,103,85.0,10.7,11.0,11,0.0,0.0,103.1,103.0,113.5,120.0,195.7,212.0,1.1,1.0,2,0.0,0
1.0,0.25,0.5,Connecticut,82.1,73,86,86.0,5.7,6.0,6,0.7,1.0,91.6,93.0,94.4,95.0,108.7,112.0,5.4,5.5,9,1.7,2
1.0,0.1,2.0,Maryland,82.1,65,84,84.0,11.9,12.0,13,0.0,0.0,88.4,88.5,90.9,93.0,100.5,110.0,6.3,6.0,9,2.7,4
2.0,0.1,1.0,North Carolina,82.3,66,102,75.5,34.5,34.0,36,0.0,0.0,99.6,102.0,107.9,110.0,28.0,28.0,6.3,6.0,9,2.5,4
0.5,0.05,2.0,Maryland,82.4,65,89,84.0,11.0,11.0,12,0.0,0.0,91.8,89.0,97.7,97.0,119.3,123.5,5.9,6.5,8,2.3,3
1.0,0.1,1.0,North Carolina,82.5,66,102,85.0,30.0,30.0,33,0.0,0.0,103.6,102.0,109.7,110.0,128.3,135.0,5.6,6.0,8,3.8,5
2.0,0.1,2.0,Mississippi,82.6,42,98,98.0,8.7,9.0,10,0.0,0.0,168.9,172.0,302.6,376.0,311.2857142857143,232.0,1.2857142857142858,1.0,2,0.0,0
1.0,0.25,0.5,New Jersey,82.9,57,103,81.5,9.9,10.0,11,0.0,0.0,101.6,103.0,114.7,121.5,205.25,212.0,1.125,1.0,2,0.0,0
2.0,0.05,2.0,Massachusetts,82.9,70,104,70.0,7.1,7.0,8,0.0,0.0,103.8,103.0,113.7,116.0,125.5,130.0,2.5,3.0,3,0.0,0
2.0,0.05,2.0,Mississippi,83.1,42,98,98.0,6.4,6.0,10,0.0,0.0,243.2,172.0,398.2,399.0,370.75,357.5,1.0,1.0,1,0.0,0
0.5,0.01,0.5,Georgia,83.1,41,132,69.0,13.6,13.5,17,0.0,0.0,123.1,125.0,134.3,133.5,71.8,73.0,1.2857142857142858,1.0,3,0.3,1
0.5,0.05,0.5,Pennsylvania,83.4,51,99,83.0,40.9,41.0,44,0.2,1.0,93.0,93.0,95.0,96.0,68.6,77.5,31.1,30.0,40,9.8,15
2.0,0.01,0.5,Georgia,83.5,69,130,69.0,34.8,34.5,38,0.0,0.0,118.4,122.0,135.0,138.5,126.8,28.0,3.0,3.0,6,4.7,9
1.0,0.01,2.0,Nebraska,83.7,54,99,82.5,34.3,34.0,37,0.0,0.0,89.6,88.0,96.6,96.0,165.0,165.5,4.5,4.5,7,3.4,4
1.0,0.05,0.5,Maryland,84.0,65,96,84.0,10.5,11.0,12,0.0,0.0,94.6,95.5,101.9,105.0,123.5,137.0,5.5,5.5,8,2.3,3
2.0,0.25,1.0,Mississippi,84.1,42,193,77.0,9.0,9.0,11,0.0,0.0,177.5,172.0,254.0,282.0,295.9,232.0,1.5,1.5,2,0.0,0
ALL,ALL,ALL,Maryland,84.18611111111112,52,155,84.0,10.838888888888889,11.0,15,0.013888888888888888,1.0,97.44722222222222,89.0,105.90833333333333,96.0,101.47222222222223,110.0,6.511111111111111,6.0,16,2.311111111111111,5
0.5,0.25,2.0,New Jersey,84.2,57,103,90.5,10.4,10.0,11,0.0,0.0,109.3,107.5,121.5,121.5,175.77777777777777,212.0,1.6666666666666667,1.0,4,0.0,0
0.5,0.1,1.0,Tennessee,84.3,57,98,88.0,34.8,35.5,40,0.0,0.0,96.6,98.0,101.5,103.0,83.1,95.0,16.4,15.0,26,11.1,12
0.5,0.05,0.5,Maryland,84.5,82,89,84.0,8.8,9.0,9,0.0,0.0,94.3,96.0,102.4,105.0,136.8,142.0,3.2,3.0,6,2.4,4
2.0,0.01,0.5,Kentucky,84.5,66,112,77.5,36.4,36.0,43,0.0,0.0,101.7,106.0,111.3,111.0,144.7,162.0,14.6,15.5,18,6.8,9
1.0,0.1,0.5,Tennessee,84.5,57,98,88.0,35.6,35.0,40,0.0,0.0,94.0,98.0,100.6,103.0,95.0,95.0,21.9,22.0,27,12.5,15
0.5,0.05,2.0,Massachusetts,84.8,70,110,70.0,7.0,7.0,7,0.0,0.0,110.7,110.5,116.6,118.0,124.1,130.0,2.3,2.0,3,0.0,0
0.5,0.01,2.0,Montana,84.8,70,122,89.0,9.5,9.5,14,0.0,0.0,112.2,110.5,152.1,135.5,149.3,138.0,2.6,3.0,4,0.7,2
2.0,0.01,2.0,Montana,85.0,70,97,89.0,12.0,11.5,15,0.0,0.0,106.0,97.0,124.1,110.5,267.7,219.0,2.3,2.0,4,1.8,3
2.0,0.05,0.5,Massachusetts,85.2,70,114,70.0,7.2,7.0,8,0.0,0.0,108.7,109.0,116.7,118.0,126.0,130.0,2.6,2.5,4,0.0,0
1.0,0.1,2.0,North Carolina,85.4,66,102,91.0,32.3,32.0,36,0.0,0.0,102.4,102.0,109.9,110.0,28.0,28.0,8.0,8.0,10,3.6,5
1.0,0.05,1.0,Maryland,85.7,84,96,84.0,10.8,10.5,13,0.0,0.0,95.8,96.0,102.6,103.5,135.3,143.5,5.5,5.0,9,2.4,3
2.0,0.01,1.0,New York,85.7,36,95,91.5,9.9,10.0,12,0.0,0.0,92.2,95.0,100.9,99.0,28.0,28.0,174.5,174.0,191,38.6,42
2.0,0.25,0.5,Delaware,85.8,58,90,90.0,2.7,3.0,3,0.0,0.0,201.9,203.0,351.2857142857143,280.0,200.0,200.0,1.1,1.0,2,0.0,0
0.5,0.05,0.5,North Carolina,85.9,66,102,93.5,14.6,14.0,17,0.0,0.0,106.2,106.0,113.4,111.0,143.77777777777777,135.0,1.5555555555555556,1.0,3,0.4,1
0.5,0.05,1.0,Maryland,85.9,82,96,84.0,10.8,11.0,12,0.0,0.0,93.3,94.5,102.9,104.0,126.0,137.0,3.7,3.0,7,2.4,4
2.0,0.01,1.0,Utah,86.1,41,124,90.0,12.0,12.0,14,0.6,2.0,109.5,117.0,121.7,120.0,113.2,108.0,13.0,13.0,20,1.6,4
1.0,0.1,2.0,Tennessee,86.1,57,98,88.0,42.1,42.0,44,0.0,0.0,96.5,98.0,102.4,103.0,73.0,68.5,33.7,34.5,37,15.0,18
2.0,0.25,2.0,Connecticut,86.2,73,93,86.0,6.9,7.0,8,0.3,1.0,93.0,93.0,94.3,95.0,100.4,94.0,6.6,6.5,9,1.1,2
2.0,0.01,1.0,Kentucky,86.4,66,110,89.0,38.5,38.5,43,0.1,1.0,98.4,106.5,110.6,110.0,140.8,150.0,18.7,19.0,23,7.4,12
0.5,0.1,0.5,Tennessee,86.4,80,88,88.0,19.9,19.0,23,0.0,0.0,96.6,98.0,102.5,103.0,107.9,113.5,8.3,8.0,14,7.4,11
0.5,0.25,1.0,Connecticut,86.5,73,92,86.0,5.6,5.0,7,0.4,1.0,92.8,93.0,94.0,94.0,104.6,103.5,6.7,6.5,9,1.1,2
0.5,0.01,1.0,Kentucky,86.5,66,110,90.5,27.6,27.5,32,0.0,0.0,102.9,104.0,111.8,115.0,141.7,139.0,11.4,11.5,14,3.1,6
0.5,0.05,1.0,Massachusetts,86.9,70,110,83.5,7.0,7.0,7,0.0,0.0,111.1,112.0,117.8,116.5,130.0,130.0,1.5,1.5,2,0.0,0
0.5,0.25,0.5,Delaware,87.0,80,90,90.0,2.4,2.0,3,0.0,0.0,199.9,203.0,260.75,280.0,222.0,222.0,1.0,1.0,1,0.0,0
1.0,0.01,0.5,Kentucky,87.2,66,109,90.0,29.3,30.5,32,0.0,0.0,96.2,99.0,106.6,106.5,154.6,150.0,9.3,10.0,14,4.6,11
0.5,0.1,1.0,North Carolina,87.3,66,102,91.0,25.3,24.5,29,0.0,0.0,104.1,102.0,110.0,110.0,113.7,135.0,2.9,2.5,5,1.2,3
0.5,0.05,1.0,Pennsylvania,87.5,78,99,86.0,43.3,44.0,48,0.2,1.0,95.1,95.5,97.8,99.0,28.0,28.0,38.0,39.0,43,10.6,15
1.0,0.05,1.0,Massachusetts,87.6,70,110,87.0,7.0,7.0,7,0.0,0.0,108.0,107.0,116.2,115.0,116.2,130.0,3.0,3.0,4,0.0,0
2.0,0.1,2.0,North Carolina,87.6,66,102,102.0,33.9,34.5,35,0.0,0.0,102.3,110.0,109.0,112.0,28.0,28.0,7.4,7.0,10,3.1,4
2.0,0.01,2.0,Kentucky,87.6,66,110,88.0,38.1,37.5,42,0.0,0.0,106.4,109.0,114.4,110.0,152.6,164.5,14.7,14.5,21,7.3,10
0.5,0.1,0.5,Mississippi,87.625,42,172,77.0,1.5,1.5,2,0.0,0.0,124.5,124.5,,,,,0.0,0.0,0,0.0,0
2.0,0.05,1.0,Massachusetts,87.7,70,114,85.5,7.2,7.0,8,0.0,0.0,111.4,110.0,116.6,116.5,145.6,130.0,2.5,2.0,4,0.0,0
2.0,0.05,1.0,Tennessee,87.9,57,98,88.0,40.8,41.0,44,0.0,0.0,98.5,98.0,104.0,103.0,120.1,115.0,28.9,28.0,35,12.8,16
2.0,0.1,2.0,Tennessee,87.9,57,98,88.0,44.3,44.0,50,0.0,0.0,95.3,98.0,101.5,103.0,104.1,113.5,30.1,31.0,34,12.9,16
2.0,0.25,1.0,Delaware,88.0,80,90,90.0,3.0,3.0,3,0.0,0.0,194.0,200.0,298.9,280.0,200.0,200.0,1.0,1.0,1,0.0,0
0.5,0.25,2.0,Connecticut,88.0,86,93,86.0,6.7,7.0,8,0.5,1.0,92.8,93.0,94.4,95.0,107.3,114.0,6.0,6.0,7,1.3,2
1.0,0.01,1.0,Kentucky,88.0,66,110,90.5,34.9,35.0,39,0.0,0.0,106.1,109.0,111.2,114.0,164.9,178.0,13.9,14.0,18,6.7,11
2.0,0.01,2.0,Illinois,88.0,77,93,93.0,43.3,44.0,47,0.0,0.0,95.6,93.0,99.9,100.0,108.3,121.5,11.6,12.0,17,8.4,10
1.0,0.05,0.5,Massachusetts,88.1,70,115,87.0,7.0,7.0,7,0.0,0.0,111.2,112.0,115.8,115.0,130.0,130.0,2.0,2.0,4,0.0,0
2.0,0.1,1.0,Tennessee,88.2,80,98,88.0,42.5,42.5,46,0.0,0.0,97.5,98.0,102.1,103.0,116.0,115.0,32.4,33.5,37,14.0,17
ALL,ALL,ALL,Tennessee,88.25833333333334,57,189,88.0,34.74166666666667,38.0,50,0.002777777777777778,1.0,101.24166666666666,98.0,113.29444444444445,103.0,109.34722222222223,115.0,21.6,22.0,42,10.444444444444445,18
0.5,0.1,2.0,North Carolina,88.4,66,102,96.5,29.6,30.0,32,0.0,0.0,101.3,102.0,109.4,110.0,124.3,135.0,6.4,6.0,8,2.6,4
1.0,0.05,1.0,Tennessee,88.4,57,103,88.0,40.0,40.5,43,0.0,0.0,99.9,98.0,103.5,103.0,107.7,115.0,23.8,22.5,31,11.6,15
1.0,0.01,2.0,Montana,88.7,70,122,89.0,11.5,11.5,15,0.0,0.0,115.2,122.0,155.0,149.0,148.7,138.0,2.9,2.5,6,1.1,2
1.0,0.01,2.0,Illinois,88.7,77,101,88.5,41.9,42.0,46,0.0,0.0,97.1,96.5,100.6,100.5,126.4,123.5,9.0,9.5,12,7.2,14
1.0,0.25,2.0,Connecticut,88.8,86,93,86.0,6.5,6.5,7,0.5,1.0,92.9,93.0,94.3,95.0,107.0,114.0,7.5,7.5,9,1.5,2
1.0,0.01,0.5,Montana,88.9,70,122,89.0,6.8,7.0,9,0.0,0.0,124.2,122.0,147.4,151.5,150.33333333333334,138.0,1.4,1.5,2,0.5,1
2.0,0.1,2.0,Connecticut,88.9,73,93,93.0,7.2,7.5,8,0.3,1.0,97.5,94.0,105.5,100.0,103.3,94.0,6.8,6.0,11,0.8,2
1.0,0.25,2.0,Delaware,89.0,80,90,90.0,3.0,3.0,3,0.0,0.0,229.6,241.5,351.8,367.0,200.0,200.0,1.0,1.0,1,0.0,0
0.5,0.05,0.5,Massachusetts,89.0,70,114,87.0,6.5,7.0,7,0.0,0.0,110.3,112.0,115.8,116.5,124.9,130.0,1.5,1.5,2,0.0,0
1.0,0.05,2.0,Massachusetts,89.0,70,118,87.0,7.0,7.0,8,0.0,0.0,109.7,110.0,119.3,118.0,128.0,130.0,2.3,2.0,3,0.1,1
1.0,0.01,0.5,Vermont,89.0,46,113,106.5,8.3,8.0,11,0.3,1.0,107.4,113.0,120.5,115.5,142.3,116.0,3.8,4.0,7,4.6,8
2.0,0.01,0.5,Illinois,89.0,77,100,93.0,41.9,41.5,45,0.0,0.0,96.7,99.0,100.3,101.0,101.5,116.5,9.0,8.5,13,6.2,8
2.0,0.1,0.5,Tennessee,89.0,88,98,88.0,41.4,41.0,43,0.0,0.0,98.0,98.0,103.0,103.0,91.4,95.0,30.2,29.5,37,15.6,17
1.0,0.1,1.0,Tennessee,89.3,71,98,88.0,40.5,41.0,43,0.0,0.0,97.6,98.0,102.4,103.0,95.4,115.0,25.9,26.5,30,14.9,16
ALL,ALL,ALL,Massachusetts,89.32222222222222,65,148,70.0,6.925,7.0,8,0.0,0.0,113.88888888888889,104.0,126.96657381615599,114.0,140.38681948424068,130.0,2.22,2.0,5,0.022222222222222223,1
2.0,0.25,2.0,New Jersey,89.4,57,103,100.0,10.8,11.0,11,0.0,0.0,108.2,111.5,124.8,123.0,184.88888888888889,185.0,1.4444444444444444,1.0,3,0.0,0
0.5,0.01,0.5,Montana,89.4,70,122,79.5,3.4,3.0,6,0.0,0.0,122.5,122.0,140.625,149.0,134.0,136.0,2.0,1.5,4,0.0,0
1.0,0.01,2.0,Kentucky,89.4,66,109,95.0,38.6,38.0,45,0.0,0.0,105.8,109.5,115.5,118.0,139.4,139.0,16.2,16.0,21,8.0,11
1.0,0.01,2.0,New York,89.4,50,95,95.0,10.7,10.0,15,0.2,2.0,96.7,97.0,103.0,104.0,28.0,28.0,175.0,175.0,200,37.8,40
0.5,0.1,0.5,North Carolina,89.5,66,102,102.0,15.5,15.5,17,0.0,0.0,101.5,106.0,108.2,111.0,135.0,135.0,1.2,1.0,2,0.1,1
0.5,0.1,0.5,Connecticut,89.5,86,93,89.5,4.9,5.0,6,0.5,1.0,93.4,93.0,96.2,95.0,103.3,94.5,4.0,3.0,9,0.8,2
1.0,0.25,1.0,Connecticut,89.5,86,93,89.5,6.9,7.0,8,0.4,1.0,93.1,93.0,95.2,95.0,111.2,114.0,5.4,5.0,8,1.1,2
2.0,0.25,0.5,Connecticut,89.5,86,93,89.5,6.7,7.0,7,0.3,1.0,92.8,93.0,94.4,95.0,101.3,95.0,5.6,5.0,7,1.3,2
1.0,0.25,1.0,New Jersey,89.7,47,103,100.0,10.5,10.5,11,0.0,0.0,104.9,103.0,119.6,123.0,187.88888888888889,212.0,1.3333333333333333,1.0,2,0.0,0
1.0,0.01,0.5,Illinois,89.9,65,101,93.0,34.6,34.5,37,0.0,0.0,98.1,96.5,102.0,100.0,142.8,127.0,6.3,6.5,10,4.5,6
0.5,0.05,1.0,Tennessee,89.9,57,98,93.0,30.4,30.5,33,0.0,0.0,99.5,98.0,104.6,103.0,113.4,115.0,13.9,14.0,19,8.3,11
1.0,0.01,0.5,New York,89.9,50,95,95.0,7.9,7.5,14,0.0,0.0,98.2,97.0,105.5,105.5,28.0,28.0,157.7,159.5,165,36.7,40
2.0,0.25,1.0,Connecticut,90.0,73,93,92.5,7.4,7.0,8,0.0,0.0,92.9,93.0,93.4,93.0,111.4,116.0,5.8,6.0,7,0.6,1
0.5,0.25,0.5,Connecticut,90.0,86,93,92.0,5.5,6.0,6,0.3,1.0,93.0,93.0,94.0,94.0,112.7,117.0,3.0,3.0,5,1.0,2
0.5,0.05,0.5,Tennessee,90.0,88,98,88.0,17.8,17.0,23,0.0,0.0,100.0,98.0,105.0,103.0,117.5,115.0,8.0,7.5,16,5.8,9
0.5,0.01,1.0,Illinois,90.1,77,105,93.0,33.3,33.0,36,0.0,0.0,99.3,99.0,103.1,101.0,122.7,119.0,6.6,6.0,11,5.0,7
2.0,0.1,0.5,Connecticut,90.2,86,93,93.0,7.0,7.0,8,0.4,1.0,96.4,95.0,101.6,99.0,97.8,94.0,7.5,7.5,10,0.9,2
1.0,0.01,1.0,Illinois,90.3,84,93,93.0,38.5,39.5,41,0.0,0.0,94.6,95.0,101.1,101.0,120.3,126.0,7.7,8.0,12,5.8,8
2.0,0.01,1.0,Montana,90.4,70,97,89.5,11.8,12.0,14,0.0,0.0,105.0,97.0,141.6,122.0,160.6,138.0,2.3,2.0,4,1.2,3
2.0,0.01,1.0,Illinois,90.4,77,99,93.0,43.9,44.0,46,0.0,0.0,97.2,98.0,104.5,104.0,112.3,115.0,9.9,10.0,13,6.6,9
2.0,0.1,1.0,Connecticut,90.8,86,93,93.0,7.6,8.0,8,0.1,1.0,97.2,94.0,100.2,96.5,102.3,94.0,8.2,8.0,12,0.4,1
1.0,0.01,1.0,Montana,90.8,70,154,89.0,11.0,11.5,14,0.0,0.0,114.0,122.0,145.3,149.0,175.1,136.0,2.6,3.0,4,0.6,2
2.0,0.05,0.5,Connecticut,90.8,86,93,93.0,7.1,7.0,8,0.2,1.0,99.5,93.0,107.2,110.0,96.2,94.0,6.2,6.5,10,0.8,2
2.0,0.05,0.5,Tennessee,90.8,71,103,88.0,40.2,40.0,45,0.0,0.0,97.6,98.0,103.7,103.0,112.5,115.0,24.9,24.0,29,11.9,14
1.0,0.1,2.0,Connecticut,90.9,86,93,93.0,7.3,7.5,8,0.3,1.0,93.6,93.0,97.2,96.0,97.9,94.0,6.6,6.5,10,0.7,2
1.0,0.1,0.5,Connecticut,90.9,86,93,93.0,6.9,7.0,8,0.3,1.0,94.0,93.0,97.6,97.0,102.8,94.5,6.0,6.0,8,0.8,2
2.0,0.25,1.0,New Jersey,91.2,57,120,92.5,10.7,11.0,11,0.0,0.0,106.4,103.0,120.4,121.5,212.0,212.0,1.3,1.0,2,0.0,0
0.5,0.01,2.0,Illinois,91.2,77,110,93.0,39.4,39.0,42,0.0,0.0,98.0,97.5,101.6,100.0,123.2,120.5,7.6,6.5,12,4.5,9
0.5,0.01,2.0,Kentucky,91.4,66,104,99.0,34.0,34.5,37,0.0,0.0,103.3,104.0,113.7,109.5,126.7,127.0,13.8,13.0,20,6.5,10
2.0,0.25,2.0,Delaware,91.5,80,145,90.0,3.0,3.0,3,0.0,0.0,173.2,203.0,287.8,280.0,200.0,200.0,1.1,1.0,2,0.0,0
0.5,0.1,1.0,Connecticut,91.5,86,93,93.0,6.2,6.5,7,0.2,1.0,95.0,93.0,102.2,99.0,101.1,94.0,6.1,5.5,10,0.6,2
1.0,0.1,1.0,Connecticut,91.6,86,93,93.0,7.6,8.0,8,0.2,1.0,94.6,95.0,99.1,96.5,101.3,95.0,6.5,6.0,10,0.4,2
0.5,0.1,2.0,Connecticut,91.6,86,93,93.0,7.2,7.0,8,0.2,1.0,95.2,93.0,98.3,95.0,105.1,103.5,6.3,5.5,10,0.8,2
2.0,0.05,2.0,Connecticut,91.6,86,93,93.0,6.9,7.0,8,0.2,1.0,99.0,96.0,108.6,107.5,101.1,94.0,6.6,6.5,10,1.0,2
1.0,0.01,2.0,Vermont,91.6,62,134,87.0,8.6,9.0,10,0.2,2.0,116.7,113.0,125.8,119.0,114.5,112.5,5.5,5.5,8,4.8,7
1.0,0.01,1.0,Georgia,91.7,69,130,73.0,33.1,32.0,40,0.0,0.0,122.2,128.5,133.5,137.0,119.7,28.0,2.5,2.5,4,2.7,5
0.5,0.25,1.0,Mississippi,92.0,42,172,77.0,3.1,3.0,4,0.0,0.0,153.0,86.0,261.75,172.0,118.0,118.0,1.0,1.0,1,0.0,0
1.0,0.05,0.5,Tennessee,92.0,88,98,88.0,35.0,35.0,38,0.0,0.0,99.0,98.0,104.5,103.0,67.5,61.5,19.1,18.5,25,9.1,13
0.5,0.05,2.0,Tennessee,92.0,88,98,88.0,37.6,38.0,42,0.0,0.0,101.0,98.0,105.2,103.0,100.6,113.5,21.4,21.5,24,9.9,13
2.0,0.05,1.0,Connecticut,92.2,86,93,93.0,7.4,8.0,8,0.1,1.0,103.1,103.0,111.3,112.5,96.3,94.0,7.0,6.0,10,0.5,2
0.5,0.05,0.5,Connecticut,92.3,86,93,93.0,5.1,5.0,6,0.1,1.0,103.8,109.0,116.0,110.0,96.3,94.0,4.8,5.0,9,0.4,2
1.0,0.05,0.5,Connecticut,92.3,86,93,93.0,7.2,8.0,8,0.1,1.0,101.4,97.0,111.4,110.0,101.1,94.0,6.5,5.5,11,0.6,3
2.0,0.01,2.0,North Dakota,92.7,73,109,94.0,14.7,14.5,18,0.0,0.0,104.1,105.0,113.9,110.5,94.2,113.0,9.1,8.0,15,1.6,3
0.5,0.01,0.5,Illinois,92.7,84,106,93.0,29.1,29.0,34,0.0,0.0,99.9,101.0,104.7,104.0,143.1,127.0,3.6,4.0,5,3.3,6
0.5,0.05,1.0,Connecticut,92.9,92,93,93.0,6.7,7.0,7,0.0,0.0,102.4,103.0,114.2,114.5,103.6,94.0,5.1,5.0,7,0.2,1
2.0,0.01,0.5,Montana,92.9,70,122,90.0,12.0,11.5,15,0.0,0.0,113.3,97.0,152.1,135.5,214.4,138.0,2.7,2.5,6,1.2,2
0.5,0.01,1.0,New York,92.9,88,95,94.0,9.6,9.0,16,0.0,0.0,96.6,95.0,102.7,97.0,35.1,28.0,149.7,147.5,170,34.0,36
1.0,0.05,2.0,Connecticut,93.0,93,93,93.0,7.2,7.0,8,0.0,0.0,102.0,97.0,106.8,109.5,98.9,94.0,6.3,6.0,9,0.5,2
0.5,0.05,2.0,Connecticut,93.0,93,93,93.0,7.4,7.5,8,0.0,0.0,100.1,97.0,110.0,110.0,103.6,94.0,5.9,6.0,8,0.5,1
2.0,0.01,2.0,New York,93.0,88,95,94.0,9.5,9.0,12,0.0,0.0,97.7,96.0,103.7,104.0,28.0,28.0,168.0,166.5,184,38.7,43
2.0,0.01,1.0,North Dakota,93.1,64,109,103.0,14.6,14.5,16,0.0,0.0,104.5,106.5,115.4,112.0,92.9,49.0,10.0,10.0,14,1.4,4
2.0,0.05,1.0,North Carolina,93.1,66,102,102.0,31.1,31.0,34,0.0,0.0,108.5,110.0,116.4,112.0,28.0,28.0,6.3,6.0,9,2.5,4
1.0,0.25,2.0,Maine,93.1,91,94,94.0,11.3,11.0,14,0.0,0.0,110.2,112.0,115.6,116.0,28.0,28.0,1.3,1.0,3,2.9,4
1.0,0.05,2.0,Tennessee,93.1,88,98,93.5,40.5,40.0,44,0.0,0.0,100.0,98.0,105.0,105.5,115.5,115.0,27.4,27.5,31,12.9,16
2.0,0.05,2.0,Tennessee,93.3,71,98,98.0,41.6,41.5,45,0.0,0.0,98.0,98.0,103.4,103.0,113.8,115.0,27.9,28.0,33,12.3,15
0.5,0.01,2.0,New York,93.3,90,95,94.5,9.3,9.0,14,0.0,0.0,97.2,96.0,104.0,104.0,35.2,28.0,174.1,173.5,196,37.8,42
1.0,0.01,1.0,New York,93.4,90,95,95.0,10.6,11.0,16,0.0,0.0,98.5,97.0,104.3,104.0,28.0,28.0,170.6,169.5,183,37.3,42
1.0,0.01,1.0,North Dakota,93.7,73,109,94.0,13.4,13.0,17,0.0,0.0,103.9,105.0,113.1,112.0,85.8,70.5,8.9,9.0,13,0.4,1
0.5,0.01,0.5,New York,93.9,90,95,95.0,7.5,7.5,11,0.0,0.0,98.3,97.0,102.5,101.0,28.0,28.0,114.8,119.0,127,30.5,33
1.0,0.05,1.0,Connecticut,94.0,86,110,93.0,7.3,7.0,8,0.1,1.0,103.1,101.0,110.6,110.0,98.7,94.0,5.9,6.0,9,0.5,1
ALL,ALL,ALL,Connecticut,94.08611111111111,73,150,93.0,6.647222222222222,7.0,8,0.2,1.0,105.18888888888888,95.0,112.11111111111111,101.0,112.68523676880223,95.0,5.844444444444444,6.0,12,0.6833333333333333,3
1.0,0.25,1.0,Delaware,94.2,58,184,90.0,2.8,3.0,3,0.0,0.0,180.5,200.0,296.375,280.0,200.0,200.0,1.1,1.0,2,0.0,0
0.5,0.01,2.0,North Dakota,94.5,73,105,96.5,11.5,11.0,14,0.0,0.0,108.6,106.5,112.4,109.0,58.9,28.0,7.4,8.5,10,0.4,2
2.0,0.25,2.0,Maine,94.6,91,112,94.0,11.8,11.5,14,0.0,0.0,105.2,112.0,117.7,114.5,28.0,28.0,1.6,1.5,3,2.5,4
1.0,0.01,0.5,North Dakota,94.8,73,108,99.5,9.9,10.5,12,0.0,0.0,101.8,106.5,107.8,109.0,78.1,70.5,4.1,3.5,7,0.5,2
2.0,0.05,0.5,North Carolina,94.8,66,102,102.0,30.2,30.5,31,0.0,0.0,108.4,110.0,117.8,119.0,28.0,28.0,7.0,7.0,9,2.3,4
1.0,0.05,1.0,North Carolina,94.8,66,102,102.0,27.3,27.5,29,0.0,0.0,109.3,110.0,121.7,115.5,115.0,135.0,6.4,7.0,8,2.4,4
0.5,0.25,2.0,Maine,94.9,91,112,94.0,11.4,11.0,13,0.0,0.0,108.8,112.0,118.2,116.0,28.0,28.0,1.5,1.0,3,2.8,4
2.0,0.01,0.5,New York,94.9,94,97,95.0,9.7,9.5,13,0.0,0.0,98.1,97.0,106.8,109.0,28.0,28.0,170.0,175.0,183,38.4,43
0.5,0.25,1.0,Alabama,95.0,95,95,95.0,6.7,7.0,8,0.0,0.0,138.6,124.0,176.5,152.0,204.0,204.0,1.0,1.0,1,0.0,0
1.0,0.25,0.5,Alabama,95.0,95,95,95.0,6.9,7.0,8,0.0,0.0,121.0,109.0,154.6,165.0,204.0,204.0,1.0,1.0,1,0.0,0
1.0,0.25,2.0,Alabama,95.0,95,95,95.0,13.5,13.0,15,0.0,0.0,121.0,109.0,153.5,139.0,204.0,204.0,1.25,1.0,2,0.0,0
2.0,0.25,1.0,Alabama,95.0,95,95,95.0,13.8,14.0,15,0.0,0.0,133.7,139.0,168.1,165.0,204.0,204.0,1.0,1.0,1,0.0,0
0.5,0.25,2.0,Alabama,95.0,95,95,95.0,7.9,8.0,9,0.0,0.0,129.6,139.0,167.5,165.0,204.0,204.0,1.875,2.0,2,0.0,0
0.5,0.25,0.5,Alabama,95.0,95,95,95.0,3.2,3.5,4,0.0,0.0,126.6,124.0,160.57142857142858,165.0,,,0.0,0.0,0,0.0,0
1.0,0.25,1.0,Alabama,95.0,95,95,95.0,8.6,8.5,10,0.0,0.0,123.2,109.0,172.2,165.0,218.0,204.0,1.0,1.0,1,0.0,0
2.0,0.25,2.0,Alabama,95.0,95,95,95.0,14.9,15.0,16,0.0,0.0,138.6,139.0,171.7,165.0,204.0,204.0,1.0,1.0,1,0.0,0
2.0,0.25,0.5,Alabama,95.0,95,95,95.0,10.7,11.0,11,0.0,0.0,132.6,139.0,157.7,165.0,204.0,204.0,1.125,1.0,2,0.0,0
2.0,0.1,0.5,Alabama,95.0,95,95,95.0,9.8,10.0,10,0.0,0.0,151.6,139.0,196.9,206.0,206.25,204.0,1.0,1.0,1,0.0,0
1.0,0.1,1.0,Alabama,95.0,95,95,95.0,8.8,8.5,10,0.0,0.0,158.9,152.0,205.8,212.0,229.2,204.0,1.0,1.0,1,0.0,0
2.0,0.01,0.5,North Dakota,95.2,64,108,102.0,13.6,14.0,15,0.2,2.0,106.8,106.5,118.2,120.0,57.6,28.0,9.2,8.5,13,1.0,3
2.0,0.1,2.0,New Jersey,95.5,57,120,103.0,10.2,10.0,11,0.0,0.0,116.9,120.0,143.1,146.5,193.4,212.0,1.9,2.0,3,0.0,0
1.0,0.01,2.0,North Dakota,95.5,79,105,102.0,14.1,14.0,16,0.0,0.0,108.6,106.5,114.0,113.5,69.5,28.0,10.1,10.0,13,1.3,3
2.0,0.01,0.5,Vermont,95.5,46,115,112.0,7.6,7.5,12,1.2,3.0,120.5,115.5,143.1,136.5,156.1,128.0,5.8,6.0,10,5.5,8
1.0,0.25,2.0,New Jersey,95.6,57,103,103.0,10.7,11.0,11,0.0,0.0,112.5,112.0,129.2,123.0,192.125,212.0,1.5,1.0,3,0.0,0
1.0,0.05,2.0,North Carolina,95.6,66,110,102.0,29.4,29.0,33,0.0,0.0,108.6,110.0,116.9,113.5,28.0,28.0,7.6,8.0,10,3.5,5
2.0,0.1,0.5,North Carolina,95.6,66,102,102.0,32.1,32.0,35,0.0,0.0,105.9,110.0,110.9,112.0,38.7,28.0,7.8,8.0,11,3.6,5
1.0,0.01,2.0,Pennsylvania,95.6,51,104,101.0,42.1,43.0,46,0.0,0.0,103.8,104.0,106.2,107.5,37.2,28.0,29.2,29.5,35,8.7,10
0.5,0.05,2.0,Alabama,96.4,95,109,95.0,6.4,6.0,8,0.0,0.0,187.1,206.0,232.0,212.0,273.0,273.0,1.0,1.0,1,0.0,0
1.0,0.1,2.0,Alabama,96.4,95,109,95.0,12.0,12.0,13,0.0,0.0,167.5,165.0,216.1,212.0,206.25,204.0,1.0,1.0,1,0.0,0
2.0,0.1,2.0,Alabama,96.4,95,109,95.0,13.3,13.0,15,0.0,0.0,145.3,139.0,172.7,167.5,204.0,204.0,1.2,1.0,2,0.0,0
1.0,0.01,1.0,Pennsylvania,96.4,78,104,100.0,41.9,42.0,45,0.0,0.0,102.7,102.5,105.7,104.0,41.8,28.0,26.7,27.0,31,8.5,12
0.5,0.01,0.5,Vermont,96.6,62,115,110.0,7.1,7.0,10,0.3,1.0,116.4,115.0,135.2,134.0,109.7,116.0,3.7,3.5,9,4.9,8
1.0,0.25,1.0,Maine,97.0,91,112,94.0,11.2,11.0,12,0.0,0.0,108.6,112.0,114.9,116.0,28.0,28.0,1.7,2.0,3,3.2,4
1.0,0.25,0.5,Maine,97.0,91,112,94.0,10.8,10.5,12,0.0,0.0,111.0,112.0,122.5,116.0,28.0,28.0,1.7,1.5,3,3.3,4
0.5,0.01,1.0,North Dakota,97.1,79,108,103.0,10.8,11.0,14,0.0,0.0,105.9,105.0,112.8,110.5,45.0,28.0,4.5,4.0,7,0.1,1
ALL,ALL,ALL,North Carolina,97.35555555555555,45,195,102.0,25.886111111111113,29.0,39,0.005555555555555556,1.0,118.7,110.0,130.35555555555555,112.0,103.96242774566474,28.0,5.210374639769452,5.0,11,2.047222222222222,6
0.5,0.01,2.0,Pennsylvania,97.4,78,104,100.0,41.2,41.0,44,0.0,0.0,103.2,104.0,106.0,104.0,53.3,28.0,29.5,29.0,41,8.9,13
1.0,0.01,0.5,Georgia,97.6,41,132,111.0,24.4,24.0,28,0.0,0.0,125.4,124.5,135.0,139.0,198.42857142857142,230.0,1.3,1.0,4,1.6,3
2.0,0.01,1.0,Vermont,97.7,46,134,109.0,8.5,8.5,10,0.6,2.0,112.7,115.0,124.8,127.0,134.3,136.5,5.4,6.0,9,4.8,6
1.0,0.01,1.0,Vermont,97.8,46,132,108.0,8.4,9.0,11,1.0,2.0,121.8,114.0,139.3,130.5,137.9,134.0,5.3,5.0,8,4.7,7
0.5,0.01,0.5,Pennsylvania,97.8,78,104,100.0,33.2,33.0,36,0.0,0.0,103.6,104.0,107.5,104.0,113.8,124.5,16.8,17.0,22,7.5,12
2.0,0.25,1.0,Maine,98.2,91,112,94.0,11.0,11.0,12,0.0,0.0,107.5,112.0,122.0,116.0,28.0,28.0,1.5,1.5,2,3.1,4
0.5,0.01,2.0,Connecticut,98.3,93,130,93.0,6.1,6.0,8,0.1,1.0,128.6,130.0,141.5,141.0,136.3,137.5,4.8,5.0,7,0.4,1
2.0,0.05,2.0,North Carolina,98.4,66,102,102.0,31.9,31.0,35,0.0,0.0,109.2,110.0,114.6,112.0,28.0,28.0,7.3,7.5,9,2.8,4
2.0,0.01,1.0,Tennessee,98.5,88,103,100.5,29.3,28.0,34,0.0,0.0,121.4,108.0,141.5,140.5,120.2,132.0,16.1,16.0,20,5.6,9
1.0,0.01,0.5,Pennsylvania,98.6,78,104,101.0,39.0,39.0,42,0.0,0.0,103.4,104.0,107.8,106.0,49.0,28.0,24.2,25.0,29,8.4,12
0.5,0.25,1.0,Maine,98.8,91,112,94.0,9.4,9.0,11,0.0,0.0,111.1,112.0,122.8,116.0,28.0,28.0,1.5,1.0,3,3.6,4
0.5,0.01,1.0,Pennsylvania,99.3,78,104,100.5,37.2,36.5,42,0.0,0.0,103.2,104.0,106.2,107.0,28.0,28.0,27.0,27.0,34,8.3,14
2.0,0.25,1.0,New Hampshire,99.4,83,112,95.0,6.3,6.0,7,0.0,0.0,154.1,185.0,200.0,211.0,263.875,231.0,1.75,2.0,2,0.0,0
2.0,0.05,2.0,Alabama,99.4,95,139,95.0,11.5,12.0,13,0.0,0.0,197.4,206.0,233.2,212.0,210.0,210.0,1.0,1.0,1,0.0,0
1.0,0.1,0.5,Alabama,99.4,95,139,95.0,6.2,6.5,8,0.0,0.0,162.1,165.0,219.6,212.0,210.0,210.0,1.25,1.0,2,0.0,0
0.5,0.1,1.0,Alabama,99.4,95,139,95.0,5.9,6.0,8,0.0,0.0,152.8,139.0,232.0,212.0,204.0,204.0,1.0,1.0,1,0.0,0
0.5,0.01,0.5,Kentucky,99.5,83,118,99.0,13.2,12.5,19,0.0,0.0,109.2,109.0,118.6,115.0,147.77777777777777,150.0,4.2,4.5,7,0.5,1
0.5,0.01,1.0,Tennessee,99.5,88,108,100.5,20.4,21.0,26,0.0,0.0,130.0,109.0,173.2,166.0,145.6,133.0,7.1,7.0,11,3.5,7
1.0,0.01,1.0,Tennessee,99.7,88,110,98.0,27.4,27.5,31,0.0,0.0,111.9,103.0,131.5,126.0,145.4,132.0,14.3,13.5,23,5.6,10
2.0,0.01,2.0,Pennsylvania,100.2,91,104,102.0,41.2,41.0,46,0.0,0.0,103.9,104.0,108.6,105.0,37.7,28.0,27.0,26.0,33,11.1,17
0.5,0.1,0.5,New Jersey,100.3,85,103,103.0,7.7,8.0,9,0.0,0.0,117.2,120.0,146.8,146.5,198.5,198.5,1.0,1.0,1,0.0,0
0.5,0.01,1.0,Georgia,100.3,69,144,103.0,19.9,20.0,27,0.0,0.0,130.7,134.5,138.0,139.5,168.0,73.0,1.0,1.0,2,0.4,1
0.5,0.25,2.0,Mississippi,100.4,42,172,74.0,5.2,5.0,8,0.0,0.0,238.2,193.0,322.3,376.0,,,0.0,0.0,0,0.0,0
0.5,0.01,1.0,Vermont,100.5,62,136,113.0,8.1,7.5,11,0.1,1.0,117.9,115.0,130.2,132.0,119.77777777777777,116.0,3.7,3.5,7,4.7,7
1.0,0.01,2.0,Tennessee,100.5,98,108,98.0,29.7,29.5,37,0.0,0.0,114.9,108.0,143.4,145.0,106.6,132.0,16.8,17.0,23,7.5,11
0.5,0.01,1.0,Montana,100.6,70,149,89.0,5.3,5.0,9,0.0,0.0,125.0,122.0,151.7,149.0,135.66666666666666,138.0,1.125,1.0,3,0.4,2
0.5,0.01,0.5,North Dakota,100.8,79,108,105.0,8.3,8.5,10,0.0,0.0,109.8,109.0,122.2,125.0,128.0,127.0,1.625,1.0,4,0.5,3
2.0,0.01,1.0,Pennsylvania,100.8,95,104,100.0,43.5,43.5,47,0.0,0.0,104.5,104.0,107.7,107.5,44.2,28.0,27.0,25.0,40,7.4,10
0.5,0.01,1.0,Connecticut,101.0,93,150,93.0,6.4,7.0,8,0.0,0.0,133.2,130.0,148.5,141.0,129.7,94.0,5.2,4.5,8,0.2,1
0.5,0.05,2.0,North Carolina,101.1,85,110,102.0,27.4,27.5,30,0.0,0.0,109.4,110.0,115.7,112.0,92.2,135.0,6.3,6.5,8,2.0,3
1.0,0.01,0.5,Connecticut,101.4,93,130,93.0,6.8,7.0,8,0.1,1.0,129.4,130.0,141.2,141.0,137.2,148.0,4.7,5.0,8,0.2,1
2.0,0.01,2.0,Connecticut,101.6,93,142,93.0,6.6,7.0,8,0.1,1.0,132.5,130.5,143.5,141.0,180.1,152.0,6.2,6.5,11,0.2,1
2.0,0.01,0.5,Pennsylvania,101.6,99,104,101.0,40.4,40.5,44,0.0,0.0,104.4,104.0,107.0,104.0,37.2,28.0,31.4,31.5,39,9.9,13
0.5,0.1,2.0,New Jersey,101.8,57,120,103.0,10.1,10.0,11,0.0,0.0,126.4,120.0,146.3,140.0,209.3,212.0,1.2,1.0,2,0.0,0
1.0,0.1,1.0,New Jersey,101.9,78,120,103.0,10.1,10.0,11,0.0,0.0,119.1,120.0,139.9,140.0,203.9,212.0,1.3,1.0,2,0.0,0
1.0,0.05,0.5,North Carolina,102.0,102,102,102.0,25.2,25.0,30,0.0,0.0,110.0,110.0,117.7,112.0,120.4,135.0,4.2,4.0,7,1.2,3
2.0,0.25,0.5,Maine,102.7,91,112,103.0,10.9,11.0,12,0.0,0.0,111.6,112.5,126.4,116.0,28.0,28.0,1.6,1.5,3,3.4,4
2.0,0.01,2.0,Vermont,102.8,62,123,113.0,7.9,7.5,10,0.9,3.0,122.7,127.0,135.9,135.0,121.8,117.5,4.8,4.0,9,5.2,6
1.0,0.01,2.0,Connecticut,103.1,86,141,93.0,6.7,6.5,8,0.0,0.0,129.4,125.0,142.2,141.0,148.6,155.5,6.3,6.0,10,0.2,1
1.0,0.1,2.0,Maine,103.1,91,116,103.0,10.9,11.0,13,0.0,0.0,117.6,114.0,137.0,134.0,44.9,28.0,1.6,1.5,3,3.1,5
1.0,0.1,1.0,Maine,103.1,94,113,103.0,10.5,10.0,13,0.0,0.0,114.8,116.0,141.2,152.0,28.0,28.0,1.7,2.0,2,3.3,4
0.5,0.05,1.0,North Carolina,103.6,102,110,102.0,22.4,22.0,27,0.0,0.0,111.1,110.0,120.4,119.0,92.2,135.0,4.1,5.0,6,1.3,2
0.5,0.1,0.5,Alabama,103.8,95,139,95.0,2.0,2.0,3,0.0,0.0,176.42857142857142,212.0,246.66666666666666,212.0,,,0.0,0.0,0,0.0,0
2.0,0.01,2.0,Tennessee,103.8,98,126,103.0,31.5,32.0,35,0.0,0.0,135.7,140.5,162.3,158.0,186.0,212.0,13.8,13.5,19,6.2,9
2.0,0.1,1.0,New Jersey,104.3,85,120,103.0,10.5,10.5,11,0.0,0.0,124.3,120.0,141.8,140.0,227.2,212.0,1.7,2.0,3,0.0,0
0.5,0.1,1.0,New Jersey,104.4,100,120,103.0,9.0,9.0,10,0.0,0.0,121.1,120.0,149.4,146.5,206.6,212.0,1.2,1.0,2,0.0,0
1.0,0.01,1.0,Virginia,104.4,59,150,112.0,19.8,19.0,23,0.1,1.0,139.6,148.0,154.7,153.5,163.4,110.0,6.8,7.0,11,4.6,8
0.5,0.25,0.5,Maine,104.5,91,112,112.0,7.8,8.0,9,0.0,0.0,112.6,116.0,136.9,152.0,28.0,28.0,1.5,1.0,3,2.0,4
0.5,0.01,0.5,Connecticut,105.2,93,139,93.0,4.9,5.0,6,0.1,1.0,131.7,130.0,143.5,141.0,146.22222222222223,152.0,3.9,4.0,6,0.2,1
0.5,0.1,2.0,Maine,105.3,91,116,112.0,10.9,11.0,13,0.0,0.0,122.0,116.0,145.6,152.0,57.625,28.0,1.5,1.5,4,2.9,5
0.5,0.01,2.0,Tennessee,105.5,98,158,98.0,25.9,26.5,29,0.0,0.0,119.0,108.0,155.8,158.0,183.6,157.5,10.2,10.0,14,4.2,8
1.0,0.25,0.5,Delaware,105.6,80,184,90.0,2.6,3.0,3,0.0,0.0,175.0,197.0,269.0,241.5,200.0,200.0,1.0,1.0,1,0.0,0
0.5,0.25,2.0,Delaware,105.6,80,184,90.0,2.7,3.0,3,0.0,0.0,183.3,200.0,282.85714285714283,280.0,200.0,200.0,1.0,1.0,1,0.0,0
0.5,0.01,1.0,Maryland,105.6,84,132,105.0,7.6,8.0,9,0.0,0.0,143.0,144.0,156.4,155.0,137.7,137.0,4.5,4.0,10,0.5,2
2.0,0.01,1.0,Maryland,105.9,97,127,105.0,9.5,10.0,10,0.1,1.0,129.8,130.0,141.6,136.5,172.4,137.0,6.5,8.0,9,1.8,3
0.5,0.01,0.5,Maryland,106.0,96,128,104.5,5.8,5.0,10,0.1,1.0,130.2,133.0,147.2,145.5,150.3,137.0,4.5,5.0,6,1.1,3
2.0,0.1,0.5,New Jersey,106.2,85,153,103.0,10.5,10.5,11,0.0,0.0,127.9,120.0,148.9,153.0,212.0,212.0,1.1,1.0,2,0.0,0
0.5,0.25,1.0,Delaware,106.8,80,184,90.0,2.6,3.0,3,0.0,0.0,210.6,203.0,241.5,241.5,200.0,200.0,1.0,1.0,1,0.0,0
1.0,0.1,0.5,Maine,107.1,91,116,112.0,11.2,11.5,13,0.0,0.0,122.8,116.0,154.4,152.0,58.22222222222222,28.0,1.9,2.0,3,2.5,4
0.5,0.01,2.0,Vermont,107.2,87,122,110.0,8.6,8.5,13,0.4,2.0,118.8,114.0,131.5,125.0,129.4,116.0,4.6,4.5,7,4.5,8
2.0,0.25,2.0,New Hampshire,107.4,83,146,112.0,6.5,6.5,7,0.0,0.0,173.0,185.0,214.0,211.0,304.55555555555554,231.0,1.2222222222222223,1.0,2,0.0,0
1.0,0.05,0.5,Alabama,107.5,95,206,95.0,5.3,5.0,7,0.0,0.0,204.0,212.0,252.0,271.0,337.8,419.0,1.0,1.0,1,0.0,0
0.5,0.1,1.0,Maine,107.5,91,116,112.0,9.7,10.0,11,0.0,0.0,124.2,116.0,149.5,152.0,62.0,28.0,1.4,1.5,3,2.4,4
2.0,0.1,0.5,Maine,107.6,91,116,112.0,11.8,12.0,13,0.0,0.0,123.9,116.0,148.2,152.0,28.0,28.0,1.6,1.0,3,2.5,4
1.0,0.1,0.5,New Jersey,107.9,85,120,111.5,9.2,9.0,11,0.0,0.0,119.4,121.5,140.9,140.0,212.0,212.0,1.0,1.0,1,0.0,0
1.0,0.01,1.0,Maryland,108.2,88,147,104.5,9.8,9.5,12,0.0,0.0,127.7,127.5,151.4,154.5,114.5,137.0,6.9,7.0,8,1.3,3
0.5,0.05,2.0,Maine,108.2,94,116,112.0,10.6,11.0,12,0.0,0.0,130.4,116.0,162.4,152.0,76.6,28.0,2.3,2.0,4,2.5,5
1.0,0.1,2.0,New Jersey,108.3,85,140,103.0,10.3,10.0,11,0.0,0.0,127.4,120.0,143.0,140.0,198.5,198.5,1.9,2.0,3,0.0,0
2.0,0.1,1.0,Mississippi,108.4,42,376,59.5,7.4,8.0,9,0.0,0.0,272.2,227.0,386.0,391.0,349.44444444444446,232.0,1.4444444444444444,1.0,2,0.0,0
0.5,0.1,0.5,Maine,108.8,94,116,112.0,6.3,6.5,8,0.0,0.0,119.2,116.0,151.4,152.0,112.2,28.0,1.9,2.0,4,2.5,4
0.5,0.01,0.5,Tennessee,109.1,88,189,100.5,10.2,10.5,12,0.0,0.0,132.9,114.5,177.2,185.5,171.9,165.5,3.3,2.5,5,1.2,4
0.5,0.25,2.0,Louisiana,109.4,98,129,98.0,4.5,4.5,6,0.0,0.0,144.7,129.0,214.7,212.0,,,0.0,0.0,0,0.2,1
2.0,0.1,1.0,Maine,109.6,94,116,112.0,10.9,10.5,13,0.0,0.0,126.4,116.0,152.9,152.0,28.0,28.0,1.2,1.0,3,3.2,5
0.5,0.05,2.0,New Jersey,109.8,100,140,103.0,9.8,10.0,11,0.0,0.0,135.2,121.5,165.5,163.0,227.625,212.0,1.25,1.0,2,0.0,0
2.0,0.05,0.5,New Jersey,109.8,103,120,103.0,10.1,10.0,11,0.0,0.0,137.9,123.5,161.9,163.0,229.9,212.0,1.3,1.0,2,0.0,0
0.5,0.1,1.0,Mississippi,109.88888888888889,42,193,77.0,2.0,2.0,3,0.0,0.0,316.5,337.5,440.0,440.0,,,0.0,0.0,0,0.0,0
2.0,0.1,2.0,Maine,110.3,91,116,112.0,11.2,11.0,13,0.0,0.0,119.2,116.0,151.1,152.0,28.0,28.0,1.8,1.5,4,2.7,5
0.5,0.25,0.5,Rhode Island,110.33333333333333,81,146,104.0,1.3333333333333333,1.0,2,0.0,0.0,146.0,146.0,,,,,0.0,0.0,0,0.0,0
1.0,0.05,2.0,Alabama,110.5,95,206,95.0,10.3,10.5,12,0.0,0.0,195.6,209.0,243.5,264.0,374.5,374.5,1.0,1.0,1,0.0,0
2.0,0.01,1.0,Connecticut,110.6,93,141,104.5,6.4,7.0,8,0.0,0.0,125.7,130.0,138.5,141.0,136.7,148.0,5.5,6.0,8,0.4,2
2.0,0.01,0.5,Tennessee,110.9,88,155,103.0,29.7,30.0,34,0.0,0.0,125.3,108.0,155.5,158.0,180.7,179.5,13.6,13.5,20,4.7,7
0.5,0.05,1.0,Alabama,111.1,95,212,95.0,5.0,5.0,7,0.0,0.0,189.2,188.5,236.44444444444446,212.0,204.0,204.0,1.0,1.0,1,0.0,0
2.0,0.1,1.0,Alabama,111.1,95,212,95.0,11.8,12.0,14,0.0,0.0,167.3,165.0,201.1,206.0,204.0,204.0,1.0,1.0,1,0.0,0
2.0,0.05,2.0,New Jersey,111.5,103,120,111.5,10.0,10.0,10,0.0,0.0,146.8,158.0,168.9,173.0,209.0,212.0,1.7777777777777777,2.0,2,0.0,0
0.5,0.25,0.5,New Hampshire,111.8,83,185,103.5,2.6,3.0,4,0.0,0.0,148.22222222222223,146.0,182.16666666666666,185.0,214.0,214.0,1.0,1.0,1,0.0,0
1.0,0.25,2.0,Louisiana,112.0,98,129,111.0,6.4,6.5,8,0.0,0.0,139.6,129.0,189.2,182.0,,,0.0,0.0,0,0.0,0
1.0,0.01,0.5,Maryland,112.1,84,155,105.0,7.4,7.5,9,0.0,0.0,136.2,132.0,150.3,144.0,132.4,137.0,4.9,5.0,7,1.3,3
2.0,0.01,0.5,Connecticut,112.5,93,141,116.5,6.6,7.0,7,0.1,1.0,136.1,141.0,145.9,147.5,126.5,118.0,4.7,4.5,7,0.4,1
2.0,0.25,1.0,Louisiana,113.0,98,129,111.0,7.3,7.0,8,0.0,0.0,150.2,129.0,194.0,192.5,,,0.0,0.0,0,0.3,1
2.0,0.25,0.5,Louisiana,113.0,98,129,111.0,5.6,6.0,7,0.0,0.0,155.3,129.0,202.0,207.5,,,0.0,0.0,0,0.3,1
2.0,0.05,0.5,Maine,113.1,94,116,116.0,11.2,11.5,14,0.0,0.0,143.0,152.0,165.7,178.0,124.0,28.0,1.8,2.0,3,2.1,4
0.5,0.01,2.0,Maryland,113.3,104,139,105.0,9.6,9.5,12,0.0,0.0,133.2,134.0,144.8,150.5,98.1,137.0,6.4,6.0,10,1.2,3
1.0,0.01,0.5,Virginia,113.4,59,148,132.5,18.0,17.0,22,0.0,0.0,139.0,144.0,154.4,152.5,152.0,107.5,5.7,6.0,11,2.1,5
1.0,0.05,0.5,New Jersey,113.5,103,140,111.5,8.4,8.0,10,0.0,0.0,146.5,146.5,164.9,163.0,212.0,212.0,1.0,1.0,1,0.0,0
1.0,0.05,2.0,Maine,113.8,94,116,116.0,10.9,10.5,14,0.0,0.0,148.0,152.0,175.9,182.0,84.375,28.0,1.5,2.0,3,2.3,3
0.5,0.05,0.5,Maine,114.0,112,116,114.0,6.9,7.0,8,0.0,0.0,134.0,134.0,171.1,173.0,75.55555555555556,28.0,1.7,1.0,4,2.3,4
0.5,0.05,0.5,Alabama,114.44444444444444,95,212,95.0,2.4444444444444446,2.0,5,0.0,0.0,233.11111111111111,212.0,212.0,212.0,,,0.0,0.0,0,0.0,0
2.0,0.25,2.0,Louisiana,114.6,98,129,124.0,7.1,7.0,8,0.0,0.0,142.6,129.0,198.5,192.5,,,0.0,0.0,0,0.2,1
1.0,0.01,1.0,Connecticut,114.8,93,141,111.5,6.7,7.0,8,0.0,0.0,134.0,141.0,148.8,149.5,143.4,148.0,4.8,4.5,7,0.5,2
0.5,0.05,1.0,Maine,114.8,112,116,116.0,9.3,9.0,10,0.0,0.0,141.2,152.0,173.9,178.0,166.85714285714286,242.0,1.3,1.0,3,2.0,4
2.0,0.05,1.0,Maine,114.8,112,116,116.0,11.0,11.0,14,0.0,0.0,141.2,152.0,171.5,178.0,108.25,28.0,1.3,1.0,3,2.2,3
2.0,0.05,2.0,Maine,114.8,112,116,116.0,11.2,11.0,13,0.0,0.0,143.4,152.0,172.6,174.0,61.857142857142854,28.0,1.8888888888888888,2.0,3,2.3,4
1.0,0.05,0.5,Maine,114.9,112,116,116.0,11.0,11.0,13,0.0,0.0,141.2,152.0,170.0,174.0,92.2,28.0,2.4,2.5,4,2.2,3
2.0,0.01,2.0,Maryland,115.1,102,148,104.5,10.2,11.0,12,0.1,1.0,124.6,122.5,153.5,154.5,151.5,139.5,6.5,6.0,11,2.0,4
2.0,0.01,0.5,Maryland,115.2,104,139,105.0,9.7,9.0,12,0.2,1.0,136.9,132.0,160.3,154.0,119.9,137.0,8.5,9.5,13,2.2,4
2.0,0.01,0.5,Virginia,115.2,59,150,138.0,22.6,23.0,25,0.1,1.0,143.4,145.5,154.9,150.5,153.2,118.5,9.8,9.5,15,4.8,7
1.0,0.01,2.0,Maryland,115.4,104,155,105.0,10.4,10.0,12,0.0,0.0,134.5,130.5,147.1,154.5,144.3,137.0,7.0,7.0,11,1.7,4
0.5,0.05,1.0,New Jersey,115.5,103,140,111.5,8.2,8.0,10,0.0,0.0,140.6,146.5,160.5,163.0,212.0,212.0,1.0,1.0,1,0.0,0
1.0,0.05,1.0,Maine,115.6,112,116,116.0,10.7,10.5,12,0.0,0.0,148.4,152.0,179.6,182.0,81.5,28.0,1.2,1.0,3,2.4,5
0.5,0.25,0.5,Louisiana,116.1,98,129,126.5,2.9,3.0,3,0.0,0.0,166.9,166.0,212.0,212.0,,,0.0,0.0,0,0.1,1
0.5,0.25,2.0,Arkansas,116.1,100,152,108.0,12.6,12.5,14,0.0,0.0,153.2,152.0,195.6,196.0,136.5,136.5,1.7,2.0,3,0.7,1
ALL,ALL,ALL,New Jersey,116.24166666666666,47,174,103.0,9.155555555555555,10.0,11,0.0,0.0,138.19166666666666,123.0,159.62222222222223,153.0,213.39846743295018,212.0,1.3206106870229009,1.0,4,0.013888888888888888,1
1.0,0.05,2.0,New Jersey,116.9,103,123,120.0,10.0,10.0,11,0.0,0.0,146.5,146.5,161.8,163.0,242.4,212.0,1.6,1.5,3,0.0,0
1.0,0.1,2.0,Delaware,117.2,80,184,90.0,2.9,3.0,3,0.0,0.0,253.5,280.0,371.22222222222223,391.0,200.0,200.0,1.4,1.0,2,0.0,0
0.5,0.25,0.5,Arkansas,117.7,100,152,108.5,2.9,3.0,4,0.0,0.0,157.6,152.0,186.57142857142858,196.0,114.8,28.0,1.6,2.0,2,0.0,0
0.5,0.1,2.0,Alabama,117.8,95,212,95.0,7.4,8.0,9,0.0,0.0,173.7,185.5,221.6,212.0,208.0,204.0,1.3333333333333333,1.0,2,0.0,0
1.0,0.25,2.0,New Hampshire,118.1,83,185,112.0,6.7,7.0,7,0.0,0.0,176.0,185.0,213.6,211.0,313.75,231.0,1.375,1.0,2,0.0,0
0.5,0.25,1.0,Louisiana,118.2,98,129,124.0,3.7,4.0,5,0.0,0.0,159.2,129.0,211.4,212.0,,,0.0,0.0,0,0.3,1
2.0,0.25,0.5,New Hampshire,118.6,83,185,112.0,6.4,6.0,7,0.0,0.0,171.7,185.0,213.9,211.0,214.0,214.0,1.3333333333333333,1.0,2,0.0,0
1.0,0.25,1.0,Louisiana,118.7,98,129,126.5,5.4,5.0,7,0.0,0.0,157.6,155.5,208.1,210.5,,,0.0,0.0,0,0.4,1
1.0,0.01,0.5,Tennessee,119.0,88,157,108.0,21.6,22.5,25,0.1,1.0,144.8,158.0,162.8,183.5,173.1,181.5,8.4,7.0,17,4.1,7
0.5,0.01,0.5,Massachusetts,119.3,70,148,122.5,4.3,4.5,6,0.0,0.0,154.6,140.0,186.33333333333334,181.0,149.66666666666666,130.0,1.6666666666666667,2.0,2,0.0,0
0.5,0.1,2.0,Louisiana,119.7,98,129,129.0,3.6,4.0,5,0.0,0.0,183.5,203.0,220.0,212.0,,,0.0,0.0,0,0.1,1
ALL,ALL,ALL,Maine,119.70277777777778,91,223,112.0,9.783333333333333,10.0,14,0.011111111111111112,2.0,144.71944444444443,116.0,166.99721448467966,152.0,109.36060606060606,28.0,1.612994350282486,2.0,4,2.2,5
1.0,0.01,0.5,Massachusetts,119.9,104,140,118.0,5.8,6.0,7,0.0,0.0,141.7,140.0,173.1,157.0,211.6,188.0,1.6,1.5,3,0.1,1
2.0,0.01,0.5,North Carolina,120.2,102,152,106.0,18.9,18.5,22,0.0,0.0,156.0,163.0,174.9,185.0,193.1,184.0,4.8,4.5,9,1.0,2
1.0,0.25,0.5,Louisiana,120.3,98,129,124.0,4.1,4.0,5,0.0,0.0,151.2,129.0,215.3,212.0,,,0.0,0.0,0,0.3,1
0.5,0.25,2.0,South Carolina,120.4,98,133,123.5,18.1,18.0,20,0.0,0.0,131.5,126.5,144.1,141.5,126.4,133.0,15.9,15.0,21,1.1,3
0.5,0.01,1.0,Virginia,120.7,59,157,138.0,15.8,16.0,19,0.0,0.0,153.2,150.0,168.2,172.0,141.4,151.5,5.5,5.5,9,1.6,3
2.0,0.01,1.0,Massachusetts,121.2,104,140,121.0,6.6,7.0,7,0.0,0.0,141.4,140.0,182.9,182.0,234.6,231.5,2.3,2.0,5,0.0,0
0.5,0.05,0.5,Mississippi,121.28571428571429,42,172,172.0,1.4285714285714286,1.0,2,0.0,0.0,179.0,172.0,,,,,0.0,0.0,0,0.0,0
2.0,0.25,2.0,South Carolina,121.6,98,133,122.0,17.8,18.0,20,0.0,0.0,132.2,126.0,140.2,133.0,113.8,133.0,25.0,24.5,32,2.5,4
2.0,0.05,1.0,New Jersey,121.8,103,163,120.0,10.0,10.0,11,0.0,0.0,143.1,147.5,169.5,163.0,209.3,212.0,1.5,1.0,3,0.0,0
2.0,0.25,0.5,South Carolina,121.8,118,133,121.5,18.8,19.0,20,0.0,0.0,129.8,129.5,141.1,141.5,123.6,135.5,20.9,20.0,25,1.5,2
2.0,0.01,2.0,Virginia,121.9,59,148,138.0,23.8,24.0,27,0.0,0.0,141.8,148.0,155.1,150.0,207.2,232.0,6.9,7.5,11,4.5,7
1.0,0.05,1.0,New Jersey,122.1,103,163,120.0,10.1,10.0,11,0.0,0.0,146.7,146.5,167.9,163.0,212.0,212.0,1.0,1.0,1,0.0,0
0.5,0.01,1.0,North Carolina,122.6,102,192,106.0,11.7,11.0,16,0.0,0.0,163.7,174.0,204.4,202.0,297.85714285714283,340.0,1.7142857142857142,1.0,3,0.5,1
2.0,0.1,2.0,Louisiana,122.8,98,129,129.0,6.0,6.0,8,0.0,0.0,189.7,203.0,217.0,212.0,,,0.0,0.0,0,0.0,0
1.0,0.01,1.0,Massachusetts,122.9,70,148,127.0,6.7,7.0,8,0.0,0.0,142.5,137.5,164.1,161.0,218.7,187.0,2.3,3.0,3,0.0,0
1.0,0.25,0.5,South Carolina,123.4,121,126,122.0,17.6,18.0,20,0.0,0.0,130.0,133.0,142.5,150.0,140.7,138.0,14.2,14.5,18,1.0,2
1.0,0.25,0.5,New Hampshire,123.7,83,185,112.0,5.8,6.0,7,0.0,0.0,182.9,185.0,218.9,211.0,231.0,231.0,1.0,1.0,1,0.0,0
0.5,0.05,0.5,New Jersey,124.2,103,163,120.0,7.6,7.5,9,0.0,0.0,148.4,153.0,169.0,163.0,212.0,212.0,1.0,1.0,1,0.0,0
1.0,0.25,2.0,South Carolina,124.2,121,133,122.0,18.7,19.0,20,0.0,0.0,131.4,130.0,141.0,141.5,123.0,134.0,22.1,21.0,27,1.9,3
2.0,0.25,1.0,South Carolina,124.3,118,133,121.5,18.4,18.5,20,0.0,0.0,133.7,129.5,143.8,141.5,158.9,187.0,22.7,21.5,29,1.7,3
1.0,0.25,1.0,South Carolina,124.4,121,133,122.0,17.9,18.0,19,0.0,0.0,132.8,130.0,144.8,150.0,118.5,135.5,16.8,16.5,20,1.6,3
1.0,0.05,1.0,Alabama,124.5,95,206,95.0,7.0,7.0,8,0.0,0.0,212.3,206.0,255.8,268.0,208.0,204.0,1.3333333333333333,1.0,2,0.0,0
0.5,0.05,0.5,Louisiana,125.125,98,129,129.0,1.75,2.0,3,0.0,0.0,190.0,203.0,212.0,212.0,,,0.0,0.0,0,0.0,0
0.5,0.1,2.0,Mississippi,125.2,42,376,81.5,4.2,4.0,6,0.0,0.0,229.4,227.0,360.4,391.0,28.0,28.0,1.0,1.0,1,0.0,0
1.0,0.1,0.5,Louisiana,125.4,98,129,129.0,3.0,3.0,5,0.0,0.0,197.5,212.0,228.28571428571428,212.0,,,0.0,0.0,0,0.0,0
1.0,0.1,1.0,South Carolina,125.5,122,133,126.0,16.3,16.5,18,0.0,0.0,141.5,141.5,155.5,151.5,54.9,28.0,18.6,18.5,21,1.8,3
2.0,0.25,0.5,Arkansas,125.7,108,152,108.5,15.1,15.0,16,0.0,0.0,166.4,152.0,204.0,196.0,114.8,28.0,3.9,4.0,5,0.8,1
0.5,0.25,1.0,South Carolina,125.9,121,133,124.0,15.3,15.5,18,0.0,0.0,136.0,133.0,148.2,150.0,155.5,138.0,11.9,12.0,14,0.7,2
1.0,0.01,2.0,Massachusetts,126.2,104,148,122.5,6.4,6.5,7,0.0,0.0,158.6,154.5,177.0,181.0,216.9,193.5,2.3,2.0,4,0.3,1
2.0,0.01,0.5,Massachusetts,126.9,114,148,122.5,6.7,7.0,7,0.0,0.0,148.8,144.0,176.7,171.5,206.3,188.0,2.5,2.0,4,0.1,1
0.5,0.25,1.0,Arkansas,127.0,108,152,114.5,6.4,6.0,8,0.0,0.0,170.8,174.0,227.0,207.0,93.1,28.0,2.8,3.0,4,0.1,1
0.5,0.1,1.0,Delaware,127.4,90,184,90.0,2.0,2.0,2,0.0,0.0,296.5,280.0,,,200.0,200.0,1.0,1.0,1,0.0,0
0.5,0.1,2.0,Delaware,127.6,90,184,90.0,2.6,3.0,3,0.0,0.0,257.1,280.0,326.1666666666667,319.5,200.0,200.0,1.2,1.0,2,0.0,0
0.5,0.01,1.0,Massachusetts,127.7,104,144,133.5,6.2,6.0,7,0.0,0.0,144.8,144.0,179.6,189.5,272.0,274.0,1.5,1.0,3,0.0,0
0.5,0.01,2.0,Massachusetts,127.8,110,148,124.5,6.7,7.0,7,0.0,0.0,149.6,140.0,159.4,149.5,218.22222222222223,187.0,2.111111111111111,2.0,3,0.0,0
1.0,0.01,2.0,Virginia,128.2,59,150,138.0,23.2,23.5,25,0.0,0.0,154.9,149.0,162.4,159.5,113.0,107.5,7.5,7.0,11,5.2,7
2.0,0.1,1.0,South Carolina,128.5,118,133,133.0,17.0,17.0,18,0.0,0.0,145.5,150.0,158.0,163.0,96.2,28.0,24.4,24.5,32,2.3,3
0.5,0.25,0.5,South Carolina,128.6,98,150,124.0,10.3,10.5,13,0.0,0.0,139.7,133.0,153.9,150.0,159.5,162.5,5.1,4.0,9,0.0,0
1.0,0.25,0.5,Arkansas,128.7,100,177,114.5,10.1,10.0,11,0.0,0.0,166.4,174.0,202.6,207.0,93.1,28.0,2.9,3.0,4,0.8,1
0.5,0.01,0.5,Louisiana,129.0,129,129,129.0,1.25,1.0,2,0.0,0.0,212.0,212.0,,,,,0.0,0.0,0,0.0,0
2.0,0.25,2.0,Arkansas,129.2,100,152,130.0,17.4,17.0,18,0.0,0.0,170.8,174.0,206.0,206.0,93.1,28.0,5.0,5.0,6,0.7,1
2.0,0.1,0.5,South Carolina,129.2,118,150,129.5,17.0,17.0,19,0.0,0.0,144.5,150.0,158.5,158.0,86.7,28.0,22.0,21.0,29,2.0,3
0.5,0.1,0.5,Louisiana,129.7,98,203,129.0,2.1,2.0,3,0.0,0.0,172.57142857142858,203.0,212.0,212.0,,,0.0,0.0,0,0.0,0
1.0,0.25,1.0,Arkansas,130.6,100,152,136.0,12.5,12.0,14,0.0,0.0,174.6,196.0,208.0,216.0,136.5,136.5,1.8,2.0,3,0.6,1
0.5,0.01,0.5,North Carolina,130.9,102,185,130.0,6.5,6.0,9,0.1,1.0,168.7,174.0,189.9,193.5,135.0,135.0,1.0,1.0,1,0.2,1
0.5,0.25,2.0,New Hampshire,131.0,83,185,112.0,6.7,7.0,7,0.0,0.0,185.1,185.0,215.1,211.0,222.5,231.0,1.25,1.0,2,0.0,0
0.5,0.01,0.5,Virginia,131.0,86,171,129.0,9.9,9.5,14,0.0,0.0,148.1,150.0,161.2,164.0,161.33333333333334,132.0,1.7777777777777777,2.0,5,0.7,3
0.5,0.1,2.0,South Carolina,131.0,121,150,133.0,16.0,16.0,18,0.0,0.0,142.8,150.0,157.8,163.0,86.3,28.0,18.2,18.0,23,1.7,3
1.0,0.1,0.5,South Carolina,131.3,121,150,130.0,15.1,15.5,17,0.0,0.0,146.8,150.0,159.8,163.0,112.4,134.0,16.9,17.5,20,1.7,2
0.5,0.01,2.0,Virginia,131.3,104,153,129.0,19.9,20.0,23,0.0,0.0,144.6,138.0,155.9,150.0,153.7,127.5,6.2,7.0,11,4.0,6
2.0,0.01,2.0,Massachusetts,131.5,114,148,133.5,6.5,6.5,7,0.0,0.0,154.2,148.0,188.3,191.0,249.22222222222223,274.0,2.8,3.0,4,0.2,1
0.5,0.1,1.0,South Carolina,131.6,121,150,133.0,12.5,13.0,14,0.0,0.0,147.2,150.0,160.4,163.0,122.4,182.0,13.0,13.5,16,0.7,1
1.0,0.1,1.0,Louisiana,131.8,98,203,129.0,4.4,4.0,6,0.0,0.0,182.3,203.0,215.1,212.0,,,0.0,0.0,0,0.2,1
ALL,ALL,ALL,Alabama,131.8988764044944,95,336,95.0,7.25561797752809,7.0,16,0.0,0.0,194.37758112094394,170.0,228.7934426229508,212.0,225.47863247863248,204.0,1.1282051282051282,1.0,2,0.0,0
0.5,0.25,1.0,New Hampshire,132.2,83,185,129.0,4.5,5.0,5,0.0,0.0,182.9,185.0,224.7,217.0,224.2,231.0,1.0,1.0,1,0.0,0
0.5,0.01,0.5,Maine,133.3,116,223,116.0,4.1,4.0,7,0.0,0.0,188.1,182.0,216.88888888888889,223.0,247.25,242.0,1.2222222222222223,1.0,2,0.6,1
1.0,0.25,2.0,Arkansas,133.7,100,152,152.0,15.8,16.0,17,0.0,0.0,180.4,196.0,208.2,216.0,71.4,28.0,4.8,5.0,7,0.6,1
1.0,0.25,1.0,Rhode Island,135.3,81,286,104.0,2.0,2.0,2,0.0,0.0,341.9,373.0,,,,,0.0,0.0,0,0.0,0
2.0,0.1,1.0,Louisiana,135.6,98,209,129.0,6.0,6.0,7,0.0,0.0,182.3,203.0,218.3,212.0,,,0.0,0.0,0,0.1,1
2.0,0.1,2.0,South Carolina,135.9,118,150,133.0,17.2,17.0,19,0.0,0.0,148.7,150.0,160.5,163.0,46.2,28.0,27.2,28.0,33,2.4,4
2.0,0.1,0.5,Delaware,136.0,80,184,137.0,2.9,3.0,3,0.0,0.0,269.1,280.0,427.0,367.0,200.0,200.0,1.0,1.0,1,0.0,0
0.5,0.1,0.5,Delaware,136.0,80,184,137.0,2.3,2.0,3,0.0,0.0,224.66666666666666,203.0,280.0,280.0,200.0,200.0,1.2,1.0,2,0.0,0
2.0,0.05,1.0,South Carolina,136.2,118,150,133.0,15.2,15.0,17,0.0,0.0,156.1,163.0,171.9,180.0,99.5,28.0,25.0,24.0,30,2.4,4
2.0,0.05,2.0,Louisiana,136.5,98,182,129.0,5.1,5.0,6,0.0,0.0,197.7,206.0,222.2,212.0,,,0.0,0.0,0,0.0,0
2.0,0.1,0.5,Louisiana,136.5,98,182,129.0,5.0,5.0,7,0.0,0.0,186.6,182.0,212.0,212.0,,,0.0,0.0,0,0.0,0
1.0,0.1,0.5,Delaware,137.0,90,184,137.0,2.1,2.0,3,0.0,0.0,280.5,280.0,280.0,280.0,200.0,200.0,1.0,1.0,1,0.0,0
1.0,0.01,2.0,North Carolina,137.5,102,192,133.5,19.3,19.0,24,0.1,1.0,179.4,183.0,193.8,193.5,187.2,182.5,4.5,4.5,6,1.4,2
1.0,0.1,2.0,South Carolina,137.5,121,150,133.0,16.6,16.0,19,0.0,0.0,155.2,150.0,168.8,163.0,137.3,182.0,23.8,23.5,30,2.5,4
1.0,0.1,0.5,Mississippi,137.7,42,235,172.0,2.3,2.0,3,0.0,0.0,320.8888888888889,440.0,440.0,440.0,,,0.0,0.0,0,0.0,0
0.5,0.1,0.5,South Carolina,137.7,121,150,141.5,7.8,8.0,9,0.0,0.0,147.6,151.5,162.9,163.0,178.6,187.0,5.0,5.0,10,0.1,1
0.5,0.05,0.5,South Carolina,138.0,122,150,133.0,8.1,8.5,9,0.0,0.0,153.1,156.5,168.9,171.5,184.7,187.0,5.9,6.0,7,0.0,0
0.5,0.05,2.0,South Carolina,138.9,122,153,141.5,14.4,15.0,16,0.0,0.0,154.8,156.5,171.6,171.5,49.1,28.0,15.4,15.0,19,1.7,3
1.0,0.05,1.0,South Carolina,139.1,126,150,133.0,15.2,15.0,17,0.0,0.0,156.5,156.5,171.5,171.5,58.8,28.0,18.1,18.0,23,1.2,2
ALL,ALL,ALL,South Carolina,139.14166666666668,98,263,133.0,13.41388888888889,15.0,20,0.0,0.0,156.41782729805013,150.0,173.61731843575419,163.0,111.22253521126761,130.0,16.540845070422534,17.0,33,1.25,4
2.0,0.01,1.0,Virginia,139.6,123,150,138.0,22.6,22.5,27,0.1,1.0,149.5,150.0,159.3,157.0,157.1,139.0,9.4,8.0,15,4.9,6
2.0,0.05,1.0,Alabama,139.7,95,264,95.0,10.0,10.0,11,0.0,0.0,222.6,238.0,257.0,271.0,204.0,204.0,1.0,1.0,1,0.0,0
1.0,0.05,0.5,South Carolina,139.7,122,150,141.5,12.4,12.5,14,0.0,0.0,153.8,163.0,170.2,180.0,164.2,187.0,13.3,12.5,18,1.1,2
1.0,0.01,0.5,North Carolina,140.4,102,192,142.5,13.5,14.0,18,0.0,0.0,174.6,181.0,191.6,193.5,205.25,247.0,2.0,2.0,5,0.5,2
1.0,0.05,1.0,Louisiana,140.7,98,203,129.0,3.3,3.0,5,0.0,0.0,196.8,212.0,224.25,222.5,,,0.0,0.0,0,0.0,0
0.5,0.05,1.0,South Carolina,140.8,126,150,141.5,11.2,11.0,13,0.0,0.0,156.5,156.5,173.2,180.0,136.6,177.0,13.9,14.0,18,1.0,1
2.0,0.05,0.5,South Carolina,141.6,118,163,150.0,14.8,15.0,16,0.0,0.0,156.1,163.0,171.9,180.0,83.6,28.0,19.7,20.5,24,2.2,3
2.0,0.05,1.0,Louisiana,141.7,98,212,129.0,5.3,5.0,7,0.0,0.0,190.3,206.0,217.7,212.0,,,0.0,0.0,0,0.1,1
1.0,0.05,0.5,Louisiana,142.1,98,270,129.0,2.5,2.0,4,0.0,0.0,200.5,212.0,227.0,222.5,,,0.0,0.0,0,0.0,0
2.0,0.25,1.0,Arkansas,142.4,100,152,152.0,17.5,17.5,18,0.0,0.0,187.2,196.0,212.0,216.0,49.7,28.0,4.8,5.0,6,0.5,1
1.0,0.01,1.0,North Carolina,142.8,102,195,125.5,16.8,16.5,20,0.0,0.0,175.0,188.5,203.5,195.5,174.1,28.0,2.7,3.0,5,1.6,4
2.0,0.05,0.5,Alabama,143.0,95,264,117.0,8.6,8.0,12,0.0,0.0,206.2,209.0,246.2,264.5,204.0,204.0,2.0,2.0,2,0.0,0
1.0,0.1,1.0,Arkansas,143.2,108,152,152.0,12.6,12.5,15,0.0,0.0,191.7,196.0,212.2,216.0,124.44444444444444,28.0,2.1,2.0,3,0.9,2
2.0,0.05,2.0,South Carolina,143.4,126,163,141.5,15.9,16.0,18,0.0,0.0,159.9,156.5,172.8,171.5,74.7,28.0,25.4,25.5,32,2.4,3
2.0,0.01,1.0,North Carolina,144.7,102,195,152.0,19.9,19.0,24,0.0,0.0,192.1,192.0,213.0,195.5,105.1,28.0,4.7,5.0,9,1.9,3
0.5,0.1,1.0,Louisiana,145.6,98,209,129.0,2.4,2.0,5,0.0,0.0,213.375,212.0,240.5,251.0,,,0.0,0.0,0,0.1,1
0.5,0.1,0.5,Arkansas,145.7,108,177,152.0,3.0,3.0,4,0.0,0.0,189.7,196.0,225.375,218.0,158.2,245.0,1.4,1.0,2,0.0,0
2.0,0.1,0.5,Arkansas,145.8,108,177,152.0,14.8,15.0,16,0.0,0.0,189.2,196.0,215.7,216.0,184.3,245.0,4.0,4.0,6,1.1,2
2.0,0.1,1.0,Arkansas,145.8,108,177,152.0,16.2,16.0,17,0.0,0.0,189.2,196.0,214.2,216.0,163.9,245.0,5.2,5.0,7,1.2,2
1.0,0.05,2.0,Louisiana,145.9,98,212,129.0,3.7,3.5,6,0.0,0.0,211.9,212.0,363.1111111111111,241.0,,,0.0,0.0,0,0.0,0
0.5,0.01,2.0,North Carolina,146.1,85,192,152.0,16.5,16.5,20,0.0,0.0,171.4,181.0,196.0,195.0,166.3,81.5,3.6,3.5,5,0.8,2
2.0,0.1,2.0,Delaware,146.2,90,184,183.0,3.0,3.0,3,0.0,0.0,264.8,280.0,355.3,391.0,200.0,200.0,1.3,1.0,2,0.0,0
1.0,0.05,2.0,South Carolina,146.6,133,150,150.0,14.7,14.5,17,0.0,0.0,159.4,163.0,174.9,180.0,59.8,28.0,23.1,24.0,27,2.1,3
1.0,0.1,0.5,Arkansas,147.7,109,152,152.0,9.4,9.5,11,0.0,0.0,202.6,207.0,229.3,237.5,152.77777777777777,230.0,1.9,2.0,4,1.4,2
1.0,0.25,1.0,New Hampshire,148.0,112,185,146.0,6.2,6.0,7,0.0,0.0,193.3,196.0,215.9,211.0,226.14285714285714,231.0,1.0,1.0,1,0.0,0
2.0,0.01,1.0,New Jersey,148.0,103,165,163.0,8.1,8.5,10,0.0,0.0,172.5,165.0,209.0,209.0,283.6,212.0,1.4,1.0,3,0.2,1
0.5,0.05,1.0,Arkansas,148.2,108,177,152.0,6.0,6.0,8,0.0,0.0,202.8,196.0,240.3,225.5,112.11111111111111,28.0,2.1,2.0,4,0.4,1
2.0,0.1,2.0,Arkansas,148.8,120,152,152.0,16.4,16.5,17,0.0,0.0,200.0,196.0,217.9,216.0,204.4,245.0,4.6,5.0,7,1.0,2
ALL,ALL,ALL,Louisiana,149.20658682634732,98,577,129.0,3.7574850299401197,3.5,8,0.0,0.0,205.68120805369128,203.0,231.5021459227468,212.0,,,0.0,0.0,0,0.08083832335329341,1
1.0,0.1,2.0,Louisiana,149.4,98,212,129.0,4.6,4.5,6,0.0,0.0,192.7,207.5,223.4,222.5,,,0.0,0.0,0,0.0,0
2.0,0.05,0.5,Arkansas,150.8,108,177,152.0,13.4,13.5,15,0.0,0.0,197.8,196.0,218.4,216.0,240.8,245.0,3.3,3.0,5,1.1,2
0.5,0.01,1.0,Maine,151.2,116,185,162.0,7.5,7.5,10,0.2,1.0,201.0,223.0,227.8,235.5,282.3333333333333,300.0,1.5555555555555556,1.0,3,0.9,2
2.0,0.01,2.0,North Carolina,151.3,102,192,163.0,20.3,20.5,23,0.0,0.0,178.5,179.5,200.0,195.5,100.2,28.0,4.4,4.0,6,1.7,3
1.0,0.05,1.0,Arkansas,151.4,108,177,164.5,10.7,10.5,13,0.0,0.0,193.5,196.0,217.6,216.0,211.44444444444446,245.0,2.6,3.0,5,1.2,2
0.5,0.25,1.0,Rhode Island,152.42857142857142,81,243,146.0,1.1428571428571428,1.0,2,0.0,0.0,243.0,243.0,,,,,0.0,0.0,0,0.0,0
0.5,0.1,2.0,Arkansas,152.6,108,177,152.0,12.4,12.5,14,0.0,0.0,195.6,196.0,214.4,216.0,172.66666666666666,245.0,1.5,1.5,3,1.1,2
0.5,0.1,2.0,New Hampshire,153.3,95,211,185.0,5.6,6.0,6,0.0,0.0,220.7,211.0,271.9,285.0,341.3333333333333,231.0,0.75,1.0,1,0.2,1
2.0,0.01,1.0,South Carolina,154.8,118,204,150.0,9.9,9.5,13,0.0,0.0,175.6,171.5,210.2,202.5,50.7,28.0,16.7,17.0,22,0.9,2
1.0,0.01,2.0,South Carolina,155.0,118,180,156.5,10.5,11.0,14,0.0,0.0,191.1,180.0,218.0,197.0,77.6,28.0,15.4,15.5,27,0.8,2
ALL,ALL,ALL,Arkansas,155.3463687150838,100,268,152.0,10.223463687150838,10.0,18,0.002849002849002849,1.0,200.3760683760684,196.0,228.0652818991098,218.0,170.3447204968944,245.0,3.1091445427728615,3.0,8,0.7625698324022346,2
2.0,0.1,1.0,Delaware,155.4,90,184,183.0,2.9,3.0,3,0.0,0.0,288.1,280.0,384.77777777777777,391.0,200.0,200.0,1.0,1.0,1,0.0,0
0.5,0.01,0.5,South Carolina,155.4,122,180,156.5,3.8,4.0,7,0.0,0.0,178.88888888888889,180.0,214.75,204.0,239.66666666666666,255.0,2.5,2.5,4,0.0,0
0.5,0.05,0.5,Delaware,155.8,90,184,184.0,1.8,2.0,3,0.0,0.0,269.0,280.0,280.0,280.0,200.0,200.0,1.1666666666666667,1.0,2,0.0,0
2.0,0.05,2.0,Arkansas,155.8,108,177,164.5,15.7,16.0,17,0.0,0.0,193.7,196.0,214.8,216.0,239.8,245.0,4.5,4.5,7,1.0,2
0.5,0.01,2.0,South Carolina,155.9,127,180,156.5,8.7,8.0,12,0.0,0.0,182.5,180.0,204.1,204.0,68.2,28.0,12.4,13.0,18,0.1,1
1.0,0.01,0.5,Maine,156.4,116,223,116.0,7.1,7.0,8,0.0,0.0,205.9,215.0,219.2,223.0,222.5,242.0,1.875,2.0,3,0.8,2
1.0,0.05,0.5,Arkansas,156.4,152,196,152.0,8.3,8.5,10,0.0,0.0,202.6,196.0,236.9,242.0,214.22222222222223,245.0,1.7,2.0,2,1.0,1
0.5,0.01,2.0,Maine,156.6,116,223,149.0,8.2,8.5,10,0.0,0.0,209.2,223.0,226.9,226.0,242.33333333333334,280.0,1.5,1.5,3,0.7,2
1.0,0.05,2.0,Arkansas,157.1,109,196,152.0,14.1,13.5,16,0.0,0.0,201.6,206.0,221.3,218.0,231.5,249.0,4.7,5.0,8,1.3,2
2.0,0.01,0.5,Maine,157.3,116,223,152.0,8.7,9.0,11,0.0,0.0,214.1,215.0,229.5,223.0,361.6,271.0,1.6,1.5,3,0.8,3
0.5,0.1,1.0,Arkansas,157.6,108,177,152.0,6.2,6.5,8,0.0,0.0,202.6,196.0,243.5,218.0,171.0,245.0,2.4444444444444446,3.0,3,0.3,1
0.5,0.01,2.0,New Jersey,158.6,120,163,163.0,7.2,7.0,9,0.0,0.0,175.8,165.0,201.4,206.0,312.0,312.0,1.25,1.0,2,0.0,0
1.0,0.01,0.5,New Jersey,158.7,120,163,163.0,7.1,7.0,9,0.0,0.0,178.6,165.0,205.6,209.0,212.0,212.0,1.0,1.0,1,0.0,0
2.0,0.25,2.0,West Virginia,159.1,70,169,169.0,10.1,10.0,11,0.0,0.0,191.9,194.0,199.9,198.0,118.0,118.0,3.5,3.0,7,0.4,1
0.5,0.25,0.5,West Virginia,159.1,70,169,169.0,2.6,3.0,4,0.0,0.0,194.77777777777777,194.0,256.0,258.0,188.0,188.0,1.0,1.0,3,0.7,1
1.0,0.25,1.0,West Virginia,159.1,70,169,169.0,8.7,8.5,11,0.0,0.0,192.3,194.0,202.2,198.0,193.2,208.0,2.4,2.0,5,0.8,2
ALL,ALL,ALL,Delaware,159.1312849162011,58,423,184.0,2.388268156424581,2.0,3,0.0,0.0,269.3384146341463,280.0,341.7396449704142,367.0,213.9090909090909,200.0,1.106060606060606,1.0,3,0.0,0
2.0,0.01,0.5,South Carolina,159.5,133,180,163.0,9.3,9.5,12,0.0,0.0,180.1,180.0,224.3,223.0,92.9,28.0,13.2,13.0,18,0.4,1
1.0,0.1,2.0,Arkansas,159.5,152,177,152.0,15.4,15.5,17,0.0,0.0,198.0,196.0,216.2,216.0,114.8,28.0,5.4,5.5,7,1.0,1
2.0,0.01,1.0,Maine,160.1,116,223,167.0,8.9,9.0,12,0.0,0.0,203.5,214.0,223.4,224.0,254.66666666666666,242.0,1.8888888888888888,2.0,3,0.4,1
1.0,0.1,1.0,Delaware,160.3,80,184,184.0,2.3,2.0,3,0.0,0.0,245.6,280.0,335.3333333333333,359.0,200.0,200.0,1.2222222222222223,1.0,2,0.0,0
0.5,0.01,1.0,Louisiana,160.4,129,212,129.0,1.6,1.0,3,0.0,0.0,390.0,390.0,251.0,251.0,,,0.0,0.0,0,0.0,0
0.5,0.05,0.5,Arkansas,160.8,108,177,177.0,2.5,2.5,4,0.0,0.0,199.33333333333334,196.0,221.0,218.0,28.0,28.0,1.7142857142857142,2.0,2,0.0,0
1.0,0.01,0.5,South Carolina,161.8,122,180,163.0,6.5,7.0,10,0.0,0.0,196.6,180.0,228.4,202.5,176.2,251.5,7.6,5.5,13,0.1,1
2.0,0.05,1.0,Arkansas,162.0,152,177,152.0,15.4,15.5,17,0.0,0.0,206.0,206.0,221.5,217.0,238.6,245.0,4.8,5.0,7,1.2,2
1.0,0.01,1.0,New Jersey,162.2,120,174,163.0,7.8,8.0,10,0.0,0.0,185.5,183.0,209.3,210.5,338.3333333333333,391.0,1.0,1.0,1,0.0,0
1.0,0.01,2.0,New Jersey,162.2,140,174,163.0,7.8,8.0,9,0.0,0.0,184.2,174.0,209.7,210.5,344.0,391.0,1.25,1.0,2,0.2,1
2.0,0.01,0.5,New Jersey,162.8,140,174,163.0,8.4,8.5,10,0.0,0.0,180.5,169.5,201.1,202.5,271.6666666666667,212.0,1.0,1.0,2,0.1,1
0.5,0.01,0.5,New Jersey,163.2,163,165,163.0,5.7,6.0,7,0.0,0.0,189.1,196.5,219.4,212.0,212.0,212.0,1.0,1.0,1,0.0,0
2.0,0.01,2.0,New Jersey,164.1,163,174,163.0,8.6,8.5,10,0.0,0.0,176.4,173.5,208.3,209.0,259.2857142857143,212.0,1.0,1.0,1,0.0,0
0.5,0.01,1.0,New Jersey,164.6,153,174,163.0,5.4,5.5,8,0.0,0.0,187.1,179.0,215.6,209.0,212.0,212.0,1.0,1.0,1,0.0,0
2.0,0.1,0.5,New Hampshire,164.8,95,185,185.0,5.7,6.0,7,0.0,0.0,203.2,211.0,249.8,233.0,463.0,596.0,1.0,1.0,1,0.0,0
1.0,0.01,1.0,South Carolina,164.8,118,263,163.0,8.5,8.0,11,0.0,0.0,193.2,180.0,208.0,206.0,50.0,28.0,14.4,14.5,21,0.3,1
1.0,0.05,2.0,Delaware,165.0,90,184,184.0,2.7,3.0,3,0.0,0.0,303.9,280.0,375.14285714285717,391.0,200.0,200.0,1.1111111111111112,1.0,2,0.0,0
1.0,0.05,0.5,Delaware,165.2,90,184,184.0,2.2,2.0,3,0.0,0.0,289.8,280.0,445.0,445.0,200.0,200.0,1.125,1.0,2,0.0,0
2.0,0.05,0.5,Delaware,165.2,90,184,184.0,2.6,3.0,3,0.0,0.0,304.1,319.5,354.0,391.0,200.0,200.0,1.375,1.0,3,0.0,0
2.0,0.05,2.0,Delaware,165.2,90,184,184.0,2.8,3.0,3,0.0,0.0,264.2,280.0,373.125,391.0,236.5,200.0,1.3,1.0,2,0.0,0
0.5,0.05,1.0,Louisiana,165.6,129,251,129.0,1.8,2.0,3,0.0,0.0,222.0,212.0,251.0,251.0,,,0.0,0.0,0,0.0,0
2.0,0.01,2.0,South Carolina,165.9,133,180,171.5,9.9,10.0,14,0.0,0.0,193.3,186.5,219.4,208.0,69.1,28.0,16.9,15.5,24,1.1,3
2.0,0.1,1.0,New Hampshire,166.0,112,185,185.0,6.0,6.0,7,0.0,0.0,200.6,211.0,262.0,274.0,579.0,579.0,1.3333333333333333,1.0,2,0.0,0
0.5,0.1,0.5,New Hampshire,168.77777777777777,112,185,185.0,1.2222222222222223,1.0,3,0.0,0.0,146.0,146.0,185.0,185.0,,,0.0,0.0,0,0.0,0
0.5,0.01,1.0,South Carolina,168.9,150,180,171.5,5.5,5.5,8,0.0,0.0,218.9,193.0,242.6,223.0,186.66666666666666,276.0,6.222222222222222,7.0,10,0.0,0
0.5,0.05,1.0,West Virginia,169.0,169,169,169.0,4.6,4.0,7,0.0,0.0,218.1,221.0,240.2,237.0,178.33333333333334,235.0,0.75,1.0,1,0.2,1
0.5,0.1,1.0,West Virginia,169.0,169,169,169.0,5.2,5.0,7,0.0,0.0,194.0,194.0,221.0,221.0,235.0,235.0,0.25,0.0,1,0.3,1
2.0,0.25,1.0,West Virginia,169.0,169,169,169.0,10.0,10.0,11,0.0,0.0,194.4,194.0,200.3,198.0,176.6,208.0,2.8,3.0,4,0.6,1
0.5,0.25,2.0,West Virginia,169.0,169,169,169.0,8.8,8.5,10,0.0,0.0,195.2,194.0,204.9,198.0,190.0,208.0,2.5,2.5,3,0.6,1
2.0,0.25,0.5,West Virginia,169.0,169,169,169.0,9.0,9.0,11,0.0,0.0,194.4,194.0,200.3,198.0,174.7,208.0,2.3,2.0,3,0.6,1
0.5,0.1,0.5,West Virginia,169.0,169,169,169.0,3.2,3.0,4,0.0,0.0,217.4,207.5,249.25,246.0,108.0,108.0,1.5,0.0,7,0.6,1
2.0,0.05,0.5,West Virginia,169.0,169,169,169.0,6.8,6.0,9,0.0,0.0,196.4,198.0,211.8,221.0,213.4,208.0,2.3,2.0,4,0.7,1
2.0,0.05,2.0,West Virginia,169.0,169,169,169.0,7.8,8.0,10,0.0,0.0,196.8,198.0,216.4,221.0,196.2,208.0,2.7,2.5,4,0.7,1
0.5,0.25,1.0,West Virginia,169.0,169,169,169.0,7.0,7.0,8,0.0,0.0,194.0,194.0,221.0,221.0,83.75,28.0,0.75,0.5,2,0.8,2
1.0,0.25,0.5,West Virginia,169.0,169,169,169.0,7.6,7.5,10,0.0,0.0,194.0,194.0,198.0,198.0,193.11111111111111,208.0,1.9,2.0,3,0.8,2
1.0,0.1,2.0,West Virginia,169.0,169,169,169.0,8.6,8.5,10,0.0,0.0,196.0,196.0,209.5,209.5,201.8,208.0,2.5,3.0,4,0.8,1
2.0,0.1,2.0,West Virginia,169.0,169,169,169.0,8.4,8.0,10,0.0,0.0,195.6,194.0,207.2,198.0,191.5,208.0,2.9,3.0,5,0.8,1
0.5,0.1,2.0,West Virginia,169.0,169,169,169.0,7.0,7.0,10,0.0,0.0,196.0,196.0,209.5,209.5,183.4,208.0,2.2,2.0,4,0.8,1
1.0,0.25,2.0,West Virginia,169.0,169,169,169.0,9.5,9.0,11,0.0,0.0,194.0,194.0,198.0,198.0,231.1,208.0,2.5,2.5,4,0.9,1
1.0,0.1,1.0,West Virginia,169.0,169,169,169.0,6.7,7.0,8,0.0,0.0,196.4,198.0,211.8,221.0,197.2,208.0,2.0,2.0,3,1.1,2
0.5,0.1,1.0,New Hampshire,169.1,112,211,185.0,4.4,4.5,7,0.0,0.0,214.0,211.0,249.88888888888889,254.0,231.0,231.0,1.0,1.0,1,0.0,0
0.5,0.05,2.0,Louisiana,169.6,129,212,166.0,2.9,3.0,4,0.0,0.0,243.8,212.0,231.71428571428572,233.0,,,0.0,0.0,0,0.0,0
2.0,0.05,0.5,Louisiana,169.8,129,212,182.0,3.1,3.0,4,0.0,0.0,215.0,212.0,235.57142857142858,241.0,,,0.0,0.0,0,0.0,0
1.0,0.1,1.0,New Hampshire,169.9,112,185,185.0,5.1,5.0,6,0.0,0.0,212.1,211.0,267.1,274.0,231.0,231.0,1.0,1.0,1,0.0,0
1.0,0.1,2.0,New Hampshire,170.4,112,185,185.0,6.0,6.0,7,0.0,0.0,205.4,211.0,254.7,264.0,523.8333333333334,579.0,1.1666666666666667,1.0,2,0.0,0
2.0,0.1,2.0,New Hampshire,170.4,112,185,185.0,6.1,6.0,7,0.0,0.0,205.4,211.0,250.0,243.5,596.0,596.0,1.0,1.0,1,0.0,0
1.0,0.05,0.5,West Virginia,171.5,169,194,169.0,6.1,6.0,7,0.0,0.0,196.8,198.0,214.1,221.0,221.8,213.5,2.4,2.0,3,0.7,1
0.5,0.05,2.0,West Virginia,171.5,169,194,169.0,6.1,6.0,7,0.0,0.0,196.0,196.0,209.5,209.5,224.3,219.0,2.2,2.0,3,0.7,1
1.0,0.1,0.5,West Virginia,171.5,169,194,169.0,7.1,7.0,9,0.0,0.0,196.8,198.0,214.1,221.0,186.6,208.0,2.5,2.5,4,0.8,1
2.0,0.1,0.5,West Virginia,171.9,169,198,169.0,7.3,7.0,9,0.0,0.0,197.5,194.0,206.0,198.0,172.11111111111111,208.0,2.0,2.0,4,0.9,1
0.5,0.05,2.0,Arkansas,172.0,152,177,177.0,10.2,10.0,12,0.0,0.0,206.6,196.0,225.9,217.0,156.88888888888889,200.0,1.9,2.0,4,1.3,2
1.0,0.1,0.5,New Hampshire,172.2,95,211,185.0,4.8,5.0,6,0.0,0.0,216.8,211.0,263.7,254.0,318.0,231.0,0.75,1.0,1,0.2,1
2.0,0.1,0.5,Mississippi,172.7,42,391,59.5,5.8,6.0,9,0.0,0.0,279.3,305.5,380.7,421.5,315.6666666666667,232.0,1.6666666666666667,1.5,3,0.0,0
1.0,0.01,2.0,Maine,174.0,116,223,196.5,8.6,8.5,10,0.0,0.0,206.3,218.5,233.8,243.0,262.1,253.5,1.7,2.0,2,1.2,3
0.5,0.05,2.0,Delaware,174.2,90,184,184.0,2.1,2.0,3,0.0,0.0,279.6,280.0,391.0,391.0,200.0,200.0,1.0,1.0,1,0.0,0
0.5,0.05,0.5,West Virginia,174.2,169,221,169.0,2.9,3.0,4,0.0,0.0,214.7,221.0,249.42857142857142,221.0,197.5,197.5,2.5,2.0,6,0.3,1
1.0,0.05,1.0,Delaware,174.4,90,184,184.0,2.0,2.0,3,0.0,0.0,306.1111111111111,359.0,359.0,359.0,200.0,200.0,1.1111111111111112,1.0,2,0.0,0
1.0,0.05,2.0,West Virginia,174.4,169,198,169.0,8.3,8.0,10,0.0,0.0,198.7,198.0,212.9,221.0,156.88888888888889,219.0,2.7,2.0,7,0.8,1
2.0,0.1,1.0,West Virginia,174.4,169,198,169.0,8.3,8.0,10,0.0,0.0,199.1,198.0,214.8,221.0,226.5,208.0,2.1,2.0,4,0.9,1
2.0,0.05,1.0,West Virginia,174.4,169,198,169.0,7.5,7.0,9,0.0,0.0,198.7,198.0,212.9,221.0,239.625,208.0,1.8,1.0,5,1.0,1
1.0,0.01,1.0,Maine,174.7,116,223,182.0,8.4,8.0,10,0.2,2.0,212.2,218.5,236.8,223.0,265.4,243.0,1.6,1.5,3,0.7,2
ALL,ALL,ALL,Mississippi,176.5,42,462,98.0,4.466049382716049,4.0,14,0.0,0.0,276.2463768115942,282.0,345.9144144144144,391.0,277.1186440677966,232.0,1.38135593220339,1.0,3,0.0,0
2.0,0.01,0.5,Arkansas,177.3,152,216,177.0,7.3,7.0,9,0.0,0.0,233.2,233.0,254.2,243.0,257.6666666666667,294.0,4.888888888888889,4.0,7,0.9,2
2.0,0.05,0.5,New Hampshire,178.2,112,211,185.0,5.1,5.0,6,0.0,0.0,244.4,217.0,295.9,292.0,496.25,579.0,1.25,1.0,2,0.0,0
1.0,0.01,1.0,Arkansas,178.5,152,242,177.0,7.1,7.0,9,0.0,0.0,235.2,242.0,257.7,259.0,256.1111111111111,256.0,2.4444444444444446,2.0,6,0.7,2
2.0,0.01,2.0,Maine,178.5,116,223,183.0,8.9,9.0,12,0.0,0.0,222.1,223.0,231.6,230.0,302.0,300.5,1.3,1.0,3,0.9,2
ALL,ALL,ALL,West Virginia,178.67777777777778,70,375,169.0,6.2555555555555555,7.0,11,0.0028328611898017,1.0,211.74787535410766,198.0,237.04451038575667,221.0,203.74652777777777,208.0,2.390322580645161,2.0,7,0.5805555555555556,2
1.0,0.05,1.0,New Hampshire,179.8,146,211,185.0,4.4,4.0,6,0.0,0.0,235.5,211.0,292.3,286.0,562.0,562.0,1.0,1.0,1,0.0,0
1.0,0.05,1.0,West Virginia,179.8,169,198,169.0,6.1,6.0,8,0.0,0.0,202.2,198.0,220.9,221.0,208.4,223.0,1.4,1.0,2,0.8,1
0.5,0.01,1.0,Arkansas,182.3,152,242,177.0,3.4,4.0,5,0.0,0.0,254.44444444444446,242.0,275.625,263.5,186.33333333333334,200.0,1.2222222222222223,2.0,2,0.4,1
2.0,0.01,0.5,Alabama,183.0,95,271,183.0,4.1,4.0,6,0.0,0.0,298.3,284.0,336.6,323.0,419.0,419.0,1.0,1.0,1,0.0,0
0.5,0.25,2.0,Rhode Island,183.6,81,286,194.5,2.0,2.0,2,0.0,0.0,355.6,373.0,,,,,0.0,0.0,0,0.0,0
0.5,0.01,2.0,Arkansas,183.7,108,235,177.0,5.3,6.0,7,0.1,1.0,249.4,242.0,280.5,279.0,233.5,250.5,1.5,1.0,4,0.7,2
1.0,0.25,2.0,Rhode Island,183.8,81,326,185.0,2.0,2.0,2,0.0,0.0,336.2,326.0,,,,,0.0,0.0,0,0.0,0
ALL,ALL,ALL,New Hampshire,184.05714285714285,83,398,185.0,4.514285714285714,5.0,7,0.0,0.0,234.81345565749234,211.0,273.55631399317406,274.0,350.60377358490564,231.0,1.1363636363636365,1.0,2,0.017142857142857144,1
1.0,0.1,1.0,Mississippi,184.2,42,391,172.0,5.0,5.0,7,0.0,0.0,313.0,391.0,395.7,421.5,325.3333333333333,232.0,1.1666666666666667,1.0,2,0.0,0
0.5,0.05,1.0,Delaware,186.3,184,207,184.0,2.2,2.0,3,0.0,0.0,289.3,280.0,362.5,362.5,200.0,200.0,1.1428571428571428,1.0,2,0.0,0
2.0,0.05,1.0,Delaware,186.3,184,207,184.0,2.7,3.0,3,0.0,0.0,256.5,280.0,343.42857142857144,391.0,200.0,200.0,1.2222222222222223,1.0,2,0.0,0
1.0,0.01,0.5,Arkansas,187.3,108,244,177.0,3.3,3.0,5,0.0,0.0,243.9,242.0,282.875,287.5,171.0,200.0,1.3333333333333333,1.5,3,0.5,1
0.5,0.05,1.0,Mississippi,187.875,42,440,172.0,1.75,2.0,3,0.0,0.0,386.4,440.0,440.0,440.0,28.0,28.0,1.0,1.0,1,0.0,0
2.0,0.05,1.0,New Hampshire,187.9,95,299,185.0,5.3,5.0,6,0.0,0.0,248.7,217.0,301.7,310.5,596.0,596.0,1.0,1.0,1,0.0,0
1.0,0.05,2.0,New Hampshire,188.1,112,211,185.0,5.7,5.5,7,0.0,0.0,221.4,211.0,270.7,285.0,484.0,562.0,1.0,1.0,1,0.0,0
2.0,0.01,2.0,Arkansas,191.3,108,259,196.5,9.5,9.0,12,0.0,0.0,222.2,229.0,251.0,244.0,317.125,343.5,3.3333333333333335,2.0,7,1.0,2
2.0,0.25,2.0,Rhode Island,191.4,81,326,146.0,1.9,2.0,2,0.0,0.0,303.1111111111111,326.0,,,,,0.0,0.0,0,0.0,0
0.5,0.01,0.5,New Hampshire,191.5,185,211,185.0,1.0,1.0,1,,,,,,,,,0.0,0.0,0,0.0,0
2.0,0.01,1.0,Louisiana,192.66666666666666,129,239,212.0,2.3333333333333335,2.0,3,0.0,0.0,332.44444444444446,239.0,471.3333333333333,577.0,,,0.0,0.0,0,0.0,0
0.5,0.05,1.0,New Hampshire,192.8,185,211,185.0,3.4,3.5,4,0.0,0.0,234.0,211.0,297.55555555555554,286.0,,,0.0,0.0,0,0.0,0
2.0,0.01,1.0,Arkansas,192.9,108,242,186.5,7.8,8.0,11,0.0,0.0,249.3,243.0,266.8,263.5,263.55555555555554,263.0,4.3,4.5,7,0.7,1
1.0,0.05,0.5,New Hampshire,194.1,146,211,198.0,4.2,4.5,5,0.0,0.0,242.8,232.5,280.6666666666667,286.0,216.0,216.0,1.0,1.0,1,0.0,0
0.5,0.05,0.5,New Hampshire,194.75,185,211,185.0,1.5,1.5,2,0.0,0.0,210.0,211.0,,,216.0,216.0,1.0,1.0,1,0.0,0
1.0,0.01,2.0,Arkansas,195.3,152,242,177.0,8.1,8.0,11,0.0,0.0,229.1,217.0,253.8,243.0,287.55555555555554,294.0,3.6,3.5,7,1.1,2
0.5,0.05,2.0,Mississippi,195.5,42,440,124.5,3.2,3.5,4,0.0,0.0,338.5,391.0,383.42857142857144,403.0,28.0,28.0,1.0,1.0,1,0.0,0
2.0,0.01,2.0,Mississippi,196.0,98,451,98.0,3.0,3.0,5,0.0,0.0,389.2,440.0,456.5,462.0,,,0.0,0.0,0,0.0,0
2.0,0.01,0.5,West Virginia,196.8,169,221,198.0,4.9,4.5,7,0.0,0.0,230.8,221.0,273.1,246.0,314.2,218.0,2.8,2.5,6,0.2,1
1.0,0.01,2.0,Alabama,197.5,95,271,206.0,4.1,4.5,6,0.0,0.0,276.2,271.0,342.77777777777777,323.0,273.0,273.0,1.0,1.0,1,0.0,0
0.5,0.05,2.0,New Hampshire,198.0,185,211,198.0,3.9,4.0,5,0.0,0.0,248.6,242.5,318.7,304.5,,,0.0,0.0,0,0.2,1
1.0,0.1,2.0,Mississippi,198.2,42,440,172.0,6.0,6.0,8,0.0,0.0,344.1,391.0,421.8,440.0,311.875,232.0,1.75,1.5,3,0.0,0
0.5,0.01,0.5,Delaware,200.375,184,269,184.0,1.125,1.0,2,0.0,0.0,280.0,280.0,,,200.0,200.0,1.0,1.0,1,0.0,0
0.5,0.01,2.0,West Virginia,200.4,169,232,198.0,4.3,4.0,6,0.1,1.0,236.2,226.5,336.55555555555554,348.0,223.0,226.0,2.4444444444444446,2.0,4,0.3,1
0.5,0.01,0.5,Arkansas,200.625,152,268,177.0,1.5,1.0,3,0.0,0.0,239.66666666666666,242.0,301.0,301.0,232.66666666666666,200.0,1.3333333333333333,1.0,2,0.0,0
1.0,0.01,0.5,Louisiana,201.4,129,251,212.0,1.4,1.0,2,0.0,0.0,212.0,212.0,,,,,0.0,0.0,0,0.0,0
1.0,0.01,0.5,West Virginia,202.4,169,237,198.0,4.1,4.0,6,0.0,0.0,243.3,235.0,300.7,317.0,207.75,204.0,3.75,4.0,5,0.2,1
2.0,0.25,0.5,Rhode Island,203.8,81,326,243.0,2.0,2.0,2,0.0,0.0,325.7,326.0,,,,,0.0,0.0,0,0.0,0
1.0,0.01,2.0,West Virginia,204.3,169,237,198.0,4.3,4.0,7,0.0,0.0,261.0,237.0,328.8,317.0,222.0,219.0,3.7142857142857144,4.0,6,0.2,1
2.0,0.01,1.0,West Virginia,204.8,169,237,198.0,4.1,4.0,6,0.0,0.0,247.2,237.0,351.0,351.0,219.66666666666666,213.5,4.166666666666667,5.0,7,0.2,1
0.5,0.01,1.0,Alabama,205.7,95,271,238.0,2.2,2.0,3,0.0,0.0,284.625,271.0,319.75,315.5,,,0.0,0.0,0,0.0,0
0.5,0.01,0.5,West Virginia,206.2,169,237,198.0,1.8,1.5,3,0.0,0.0,231.8,232.0,283.0,237.0,191.2,219.0,1.8,2.0,3,0.0,0
2.0,0.01,1.0,Alabama,206.4,95,271,241.5,4.8,5.0,7,0.0,0.0,315.4,286.0,349.44444444444446,336.0,374.5,374.5,1.0,1.0,1,0.0,0
2.0,0.05,2.0,New Hampshire,210.7,185,286,211.0,5.3,5.0,6,0.0,0.0,261.0,264.0,314.0,323.0,573.3333333333334,562.0,1.3333333333333333,1.0,2,0.0,0
1.0,0.01,1.0,Louisiana,210.77777777777777,129,494,212.0,1.8888888888888888,2.0,3,0.0,0.0,319.1666666666667,237.0,382.0,382.0,,,0.0,0.0,0,0.0,0
2.0,0.01,2.0,West Virginia,211.8,169,259,198.0,3.9,3.5,5,0.0,0.0,261.9,234.5,318.9,317.0,301.44444444444446,226.0,3.6666666666666665,4.0,6,0.2,1
0.5,0.01,1.0,West Virginia,212.2,198,237,209.5,2.7,2.5,4,0.0,0.0,298.6666666666667,289.0,334.2,351.0,230.0,226.0,2.2,1.0,7,0.2,1
1.0,0.05,2.0,Mississippi,212.7,42,440,172.0,4.6,4.5,7,0.0,0.0,380.4,408.0,440.6,445.5,241.4,232.0,1.4,1.0,2,0.0,0
0.5,0.01,1.0,Delaware,214.2,184,402,193.5,1.8,2.0,3,0.0,0.0,340.1666666666667,332.0,344.0,344.0,200.0,200.0,1.0,1.0,1,0.0,0
1.0,0.01,1.0,West Virginia,217.6,169,375,198.0,3.8,4.0,5,0.0,0.0,276.9,232.0,306.8888888888889,237.0,218.25,213.5,3.125,3.0,6,0.3,1
1.0,0.25,0.5,Rhode Island,218.5,81,373,243.0,1.0,1.0,1,,,,,,,,,0.0,0.0,0,0.0,0
2.0,0.01,2.0,Delaware,220.9,184,359,184.0,2.4,2.0,3,0.0,0.0,362.6,359.0,357.25,379.0,443.3333333333333,565.0,1.0,1.0,1,0.0,0
0.5,0.01,2.0,Alabama,223.4,95,271,271.0,2.3,2.0,4,0.0,0.0,297.625,293.0,330.75,323.0,,,0.0,0.0,0,0.0,0
1.0,0.01,0.5,Alabama,227.8,95,315,271.0,1.7,1.0,4,0.0,0.0,271.0,271.0,362.0,362.0,419.0,419.0,1.0,1.0,1,0.0,0
0.5,0.01,0.5,Alabama,228.14285714285714,95,271,271.0,1.5714285714285714,1.0,3,0.0,0.0,300.3333333333333,315.0,315.0,315.0,,,0.0,0.0,0,0.0,0
2.0,0.01,0.5,Delaware,231.6,182,402,195.5,1.8,2.0,3,0.0,0.0,386.0,391.0,427.0,427.0,,,0.0,0.0,0,0.0,0
0.5,0.01,1.0,New Hampshire,232.0,185,320,211.0,2.3333333333333335,2.0,3,0.0,0.0,325.1111111111111,323.0,358.6666666666667,323.0,216.0,216.0,1.0,1.0,1,0.0,0
1.0,0.01,1.0,Alabama,233.1,95,336,268.0,3.1,3.0,6,0.0,0.0,325.6,293.0,309.0,271.0,330.0,330.0,1.0,1.0,1,0.0,0
1.0,0.01,1.0,Delaware,234.7,184,378,207.0,1.8,2.0,3,0.0,0.0,373.8333333333333,359.0,479.5,479.5,200.0,200.0,1.0,1.0,1,0.0,0
2.0,0.25,1.0,Rhode Island,235.0,81,326,264.5,1.8,2.0,2,0.0,0.0,315.625,326.0,,,,,0.0,0.0,0,0.0,0
2.0,0.01,0.5,Louisiana,236.375,129,523,212.0,1.875,2.0,3,0.0,0.0,322.6666666666667,233.0,241.0,241.0,,,0.0,0.0,0,0.0,0
1.0,0.01,2.0,Louisiana,240.22222222222223,98,577,212.0,1.8888888888888888,2.0,4,0.0,0.0,348.0,365.0,209.0,209.0,,,0.0,0.0,0,0.0,0
0.5,0.01,2.0,Delaware,241.3,184,384,184.0,1.9,2.0,2,0.0,0.0,376.77777777777777,359.0,,,200.0,200.0,1.0,1.0,1,0.0,0
2.0,0.01,1.0,New Hampshire,246.5,185,320,232.5,2.8,3.0,5,0.0,0.0,327.8888888888889,320.0,360.5,330.0,216.0,216.0,1.0,1.0,1,0.0,0
2.0,0.05,0.5,Mississippi,246.7,42,440,182.5,5.4,6.0,7,0.0,0.0,375.5,391.0,424.9,423.5,281.6666666666667,232.0,1.1666666666666667,1.0,2,0.0,0
2.0,0.01,1.0,Delaware,248.7,184,423,195.5,2.2,2.0,3,0.0,0.0,383.8888888888889,359.0,409.0,391.0,443.3333333333333,565.0,1.0,1.0,1,0.0,0
0.5,0.01,2.0,Louisiana,251.25,98,523,231.5,1.75,1.5,3,0.0,0.0,293.0,233.0,508.5,508.5,,,0.0,0.0,0,0.0,0
1.0,0.01,0.5,Delaware,252.4,184,408,195.5,1.6,2.0,2,0.0,0.0,319.5,319.5,,,321.6666666666667,200.0,1.0,1.0,1,0.0,0
2.0,0.01,2.0,Alabama,254.6,95,283,271.0,5.2,5.0,7,0.0,0.0,317.8,323.0,355.77777777777777,349.0,,,0.0,0.0,0,0.0,0
0.5,0.01,2.0,New Hampshire,255.1,185,320,287.0,3.2,3.0,5,0.0,0.0,313.44444444444446,320.0,341.0,323.0,216.0,216.0,1.0,1.0,1,0.0,0
1.0,0.05,1.0,Mississippi,255.9,42,440,274.0,4.0,4.0,5,0.0,0.0,386.1,391.0,443.2,440.0,265.3333333333333,232.0,1.3333333333333333,1.0,2,0.0,0
1.0,0.01,2.0,Delaware,258.6,184,359,207.0,2.2,2.0,3,0.0,0.0,346.8888888888889,364.0,458.6666666666667,423.0,346.0,200.0,1.0,1.0,1,0.0,0
1.0,0.1,1.0,Rhode Island,260.3,127,373,243.0,1.7,2.0,2,0.0,0.0,341.0,373.0,,,,,0.0,0.0,0,0.0,0
2.0,0.01,2.0,Louisiana,264.22222222222223,129,494,233.0,2.111111111111111,2.0,3,0.0,0.0,449.875,491.5,602.0,602.0,,,0.0,0.0,0,0.0,0
1.0,0.01,1.0,New Hampshire,267.1,185,320,285.0,3.0,3.0,4,0.0,0.0,329.0,320.0,370.85714285714283,337.0,571.0,571.0,1.0,1.0,1,0.0,0
ALL,ALL,ALL,Rhode Island,270.5833333333333,81,373,326.0,1.4433333333333334,1.0,2,0.0,0.0,350.3533834586466,326.0,,,,,0.0,0.0,0,0.0,0
2.0,0.1,2.0,Rhode Island,270.8,146,326,264.5,1.8,2.0,2,0.0,0.0,397.0,326.0,,,,,0.0,0.0,0,0.0,0
2.0,0.05,0.5,Rhode Island,273.3,81,326,326.0,1.3,1.0,2,0.0,0.0,326.0,326.0,,,,,0.0,0.0,0,0.0,0
1.0,0.01,0.5,Mississippi,274.6666666666667,42,391,391.0,1.0,1.0,1,,,,,,,,,0.0,0.0,0,0.0,0
2.0,0.01,2.0,New Hampshire,276.5,185,398,286.0,3.1,3.0,5,0.0,0.0,332.75,320.0,357.0,323.0,,,0.0,0.0,0,0.0,0
1.0,0.01,0.5,New Hampshire,279.9,185,320,320.0,2.1,2.0,3,0.0,0.0,330.5,321.5,346.3333333333333,323.0,216.0,216.0,1.0,1.0,1,0.0,0
0.5,0.01,1.0,Mississippi,281.5,172,391,281.5,1.0,1.0,1,,,,,,,,,0.0,0.0,0,0.0,0
2.0,0.05,1.0,Mississippi,282.0,42,440,277.5,5.6,5.5,7,0.0,0.0,413.3,440.0,442.2,451.0,239.83333333333334,232.0,1.3333333333333333,1.0,2,0.0,0
1.0,0.1,2.0,Rhode Island,282.1,127,326,286.0,1.7,2.0,2,0.0,0.0,326.0,326.0,,,,,0.0,0.0,0,0.0,0
1.0,0.01,2.0,New Hampshire,283.4,185,320,309.0,3.0,3.0,4,0.0,0.0,346.1,323.0,404.75,398.0,,,0.0,0.0,0,0.0,0
2.0,0.01,0.5,New Hampshire,284.5,211,323,320.0,3.3,3.0,6,0.0,0.0,337.3,323.0,399.42857142857144,360.0,216.0,216.0,1.0,1.0,1,0.0,0
2.0,0.1,1.0,Rhode Island,287.4,146,326,326.0,1.4,1.0,2,0.0,0.0,356.0,326.0,,,,,0.0,0.0,0,0.0,0
0.5,0.1,2.0,Rhode Island,291.7,81,373,286.0,1.7,2.0,2,0.0,0.0,376.7142857142857,373.0,,,,,0.0,0.0,0,0.0,0
0.5,0.05,2.0,Rhode Island,292.5,146,373,326.0,1.3,1.0,2,0.0,0.0,373.0,373.0,,,,,0.0,0.0,0,0.0,0
0.5,0.1,1.0,Rhode Island,293.3333333333333,243,373,286.0,1.3333333333333333,1.0,2,0.0,0.0,373.0,373.0,,,,,0.0,0.0,0,0.0,0
2.0,0.1,0.5,Rhode Island,297.1,243,326,326.0,1.6,2.0,2,0.0,0.0,393.0,326.0,,,,,0.0,0.0,0,0.0,0
1.0,0.1,0.5,Rhode Island,298.57142857142856,243,373,286.0,1.7142857142857142,2.0,2,0.0,0.0,373.0,373.0,,,,,0.0,0.0,0,0.0,0
1.0,0.05,0.5,Mississippi,299.0,42,440,440.0,1.3333333333333333,1.0,2,0.0,0.0,440.0,440.0,,,28.0,28.0,1.0,1.0,1,0.0,0
0.5,0.05,1.0,Rhode Island,299.0,146,373,329.5,1.1666666666666667,1.0,2,0.0,0.0,373.0,373.0,,,,,0.0,0.0,0,0.0,0
2.0,0.05,2.0,Rhode Island,300.0,146,326,326.0,1.5,1.5,2,0.0,0.0,439.6,446.0,,,,,0.0,0.0,0,0.0,0
1.0,0.05,2.0,Rhode Island,301.1,243,326,326.0,1.4,1.0,2,0.0,0.0,367.5,326.0,,,,,0.0,0.0,0,0.0,0
1.0,0.05,1.0,Rhode Island,309.4,243,326,326.0,1.2,1.0,2,0.0,0.0,349.5,349.5,,,,,0.0,0.0,0,0.0,0
1.0,0.01,1.0,Rhode Island,316.77777777777777,243,326,326.0,1.2222222222222223,1.0,2,0.0,0.0,386.0,386.0,,,,,0.0,0.0,0,0.0,0
2.0,0.01,2.0,Rhode Island,317.1111111111111,286,326,326.0,1.1111111111111112,1.0,2,0.0,0.0,326.0,326.0,,,,,0.0,0.0,0,0.0,0
2.0,0.01,1.0,Rhode Island,317.7,243,326,326.0,1.1,1.0,2,0.0,0.0,326.0,326.0,,,,,0.0,0.0,0,0.0,0
2.0,0.01,0.5,Rhode Island,317.7,243,326,326.0,1.1,1.0,2,0.0,0.0,326.0,326.0,,,,,0.0,0.0,0,0.0,0
1.0,0.05,0.5,Rhode Island,318.8888888888889,146,373,373.0,1.1111111111111112,1.0,2,0.0,0.0,373.0,373.0,,,,,0.0,0.0,0,0.0,0
2.0,0.05,1.0,Rhode Island,322.0,286,326,326.0,1.2,1.0,2,0.0,0.0,467.0,467.0,,,,,0.0,0.0,0,0.0,0
1.0,0.01,2.0,Rhode Island,326.0,326,326,326.0,1.0,1.0,1,,,,,,,,,0.0,0.0,0,0.0,0
0.5,0.01,2.0,Rhode Island,331.22222222222223,326,373,326.0,1.1111111111111112,1.0,2,0.0,0.0,446.0,446.0,,,,,0.0,0.0,0,0.0,0
1.0,0.01,0.5,Rhode Island,349.5,326,373,349.5,1.0,1.0,1,,,,,,,,,0.0,0.0,0,0.0,0
2.0,0.01,1.0,Mississippi,352.9,42,462,415.5,2.7,2.5,5,0.0,0.0,406.375,443.5,453.2,451.0,307.75,357.5,1.0,1.0,1,0.0,0
0.5,0.01,1.0,Rhode Island,357.3333333333333,326,373,373.0,1.0,1.0,1,,,,,,,,,0.0,0.0,0,0.0,0
2.0,0.01,0.5,Mississippi,363.7,42,462,415.5,2.2,2.0,4,0.0,0.0,464.2857142857143,451.0,459.25,462.0,418.6666666666667,488.0,1.3333333333333333,1.0,2,0.0,0
1.0,0.01,1.0,Mississippi,377.8888888888889,98,462,391.0,1.4444444444444444,1.0,2,0.0,0.0,458.25,462.0,,,488.0,488.0,1.0,1.0,1,0.0,0
1.0,0.01,2.0,Mississippi,382.6,172,462,399.0,1.9,2.0,3,0.0,0.0,451.0,451.0,458.3333333333333,462.0,536.0,536.0,1.0,1.0,1,0.0,0
0.5,0.01,2.0,Mississippi,442.1666666666667,391,462,451.0,1.5,1.5,2,0.0,0.0,508.0,462.0,,,,,0.0,0.0,0,0.0,0
