alpha,beta,gamma,state,mean_first_intro_day,earliest_first_intro_day,latest_first_intro_day,median_first_intro_day,mean_intro_count,median_intro_count,max_intro_count,mean_cumu_before_second_intro,max_cumu_before_second_intro,mean_intro_day_2,median_intro_day_2,mean_intro_day_3,median_intro_day_3,mean_first_export_day,median_first_export_day,mean_export_count,median_export_count,max_export_count,mean_total_cumu_cases,max_total_cumu_cases
0.5,0.01,0.5,Texas,28.0,28,28,28.0,23.4,22.5,31,0.0,0.0,28.0,28.0,28.0,28.0,35.3,32.5,41.8,40.5,49,18.9,25
0.5,0.01,1.0,Texas,28.0,28,28,28.0,26.8,27.0,32,0.0,0.0,28.0,28.0,28.0,28.0,37.4,39.0,52.6,53.0,59,23.9,27
0.5,0.1,0.5,Texas,28.0,28,28,28.0,42.5,42.5,45,0.0,0.0,28.0,28.0,28.0,28.0,31.0,31.0,51.3,52.0,56,25.7,29
0.5,0.05,0.5,Texas,28.0,28,28,28.0,39.0,38.0,46,0.0,0.0,28.0,28.0,28.0,28.0,31.0,31.0,51.4,51.0,56,26.3,30
0.5,0.25,0.5,Texas,28.0,28,28,28.0,46.8,48.0,49,0.0,0.0,28.0,28.0,28.0,28.0,31.0,31.0,59.9,60.0,63,26.7,29
0.5,0.25,1.0,Texas,28.0,28,28,28.0,52.4,52.0,57,0.0,0.0,28.0,28.0,28.0,28.0,31.0,31.0,60.5,61.5,66,26.9,29
1.0,0.01,0.5,Texas,28.0,28,28,28.0,29.8,30.0,35,0.0,0.0,28.0,28.0,28.0,28.0,38.1,41.0,60.4,62.0,70,27.9,32
0.5,0.01,2.0,Texas,28.0,28,28,28.0,36.5,36.0,44,0.0,0.0,28.0,28.0,28.0,28.0,34.6,31.0,67.5,68.0,75,29.8,35
0.5,0.1,1.0,Texas,28.0,28,28,28.0,47.0,46.5,53,0.0,0.0,28.0,28.0,28.0,28.0,31.0,31.0,59.8,60.0,65,31.1,34
0.5,0.05,1.0,Texas,28.0,28,28,28.0,43.8,44.0,49,0.0,0.0,28.0,28.0,28.0,28.0,31.3,31.0,57.0,55.5,64,32.1,36
0.5,0.25,2.0,Texas,28.0,28,28,28.0,57.0,56.5,59,0.0,0.0,28.0,28.0,28.0,28.0,31.0,31.0,71.8,71.0,79,33.1,36
1.0,0.25,0.5,Texas,28.0,28,28,28.0,54.6,55.0,58,0.0,0.0,28.0,28.0,28.0,28.0,31.0,31.0,70.1,70.0,76,33.3,38
1.0,0.01,1.0,Texas,28.0,28,28,28.0,36.1,36.0,43,0.0,0.0,28.0,28.0,28.0,28.0,36.0,34.0,72.9,71.0,86,34.4,41
ALL,ALL,ALL,Texas,28.0,28,28,28.0,47.830555555555556,49.0,64,0.0,0.0,28.0,28.0,28.0,28.0,32.18333333333333,31.0,73.70833333333333,75.0,107,34.891666666666666,51
1.0,0.25,1.0,Texas,28.0,28,28,28.0,57.2,57.5,63,0.0,0.0,28.0,28.0,28.0,28.0,31.0,31.0,81.1,81.0,90,35.2,40
0.5,0.1,2.0,Texas,28.0,28,28,28.0,53.3,52.0,59,0.0,0.0,28.0,28.0,28.0,28.0,31.0,31.0,68.1,69.0,72,35.2,38
1.0,0.05,0.5,Texas,28.0,28,28,28.0,45.5,44.5,52,0.0,0.0,28.0,28.0,28.0,28.0,31.3,31.0,63.1,63.0,69,35.4,41
1.0,0.01,2.0,Texas,28.0,28,28,28.0,40.8,40.5,46,0.0,0.0,28.0,28.0,28.0,28.0,35.8,31.0,82.6,83.5,94,36.0,44
2.0,0.01,0.5,Texas,28.0,28,28,28.0,39.4,39.0,43,0.0,0.0,28.0,28.0,28.0,28.0,34.1,31.0,81.3,82.0,92,36.0,42
1.0,0.1,0.5,Texas,28.0,28,28,28.0,48.9,49.5,54,0.0,0.0,28.0,28.0,28.0,28.0,31.0,31.0,66.9,66.0,72,36.1,43
2.0,0.01,1.0,Texas,28.0,28,28,28.0,43.3,44.5,48,0.0,0.0,28.0,28.0,28.0,28.0,34.6,31.0,88.5,87.5,97,36.2,44
1.0,0.1,1.0,Texas,28.0,28,28,28.0,52.0,53.0,55,0.0,0.0,28.0,28.0,28.0,28.0,31.0,31.0,79.7,78.0,89,37.3,43
2.0,0.25,0.5,Texas,28.0,28,28,28.0,56.8,56.0,61,0.0,0.0,28.0,28.0,28.0,28.0,31.0,31.0,83.5,84.5,91,37.5,39
2.0,0.25,2.0,Texas,28.0,28,28,28.0,62.1,62.0,64,0.0,0.0,28.0,28.0,28.0,28.0,31.0,31.0,92.1,91.5,99,38.2,40
2.0,0.1,0.5,Texas,28.0,28,28,28.0,55.0,55.5,58,0.0,0.0,28.0,28.0,28.0,28.0,31.0,31.0,84.2,85.0,89,38.3,45
1.0,0.25,2.0,Texas,28.0,28,28,28.0,59.1,60.0,63,0.0,0.0,28.0,28.0,28.0,28.0,31.0,31.0,86.4,86.0,91,38.7,43
2.0,0.01,2.0,Texas,28.0,28,28,28.0,42.3,42.5,50,0.0,0.0,28.0,28.0,28.0,28.0,35.1,31.0,91.7,90.0,107,38.9,43
1.0,0.1,2.0,Texas,28.0,28,28,28.0,56.6,55.5,63,0.0,0.0,28.0,28.0,28.0,28.0,31.0,31.0,85.1,87.0,91,39.3,44
2.0,0.1,1.0,Texas,28.0,28,28,28.0,58.2,58.0,63,0.0,0.0,28.0,28.0,28.0,28.0,31.0,31.0,87.1,88.5,91,39.4,44
2.0,0.1,2.0,Texas,28.0,28,28,28.0,57.9,58.5,63,0.0,0.0,28.0,28.0,28.0,28.0,31.0,31.0,89.9,89.5,100,39.4,46
2.0,0.25,1.0,Texas,28.0,28,28,28.0,60.0,60.5,63,0.0,0.0,28.0,28.0,28.0,28.0,31.0,31.0,87.6,86.5,100,39.5,46
0.5,0.05,2.0,Texas,28.0,28,28,28.0,45.1,44.5,50,0.0,0.0,28.0,28.0,28.0,28.0,31.0,31.0,65.2,66.5,72,40.2,44
1.0,0.05,1.0,Texas,28.0,28,28,28.0,47.7,47.5,52,0.0,0.0,28.0,28.0,28.0,28.0,31.0,31.0,74.2,74.5,79,40.3,45
2.0,0.05,0.5,Texas,28.0,28,28,28.0,49.0,48.5,53,0.0,0.0,28.0,28.0,28.0,28.0,31.0,31.0,81.5,80.5,87,40.7,44
1.0,0.05,2.0,Texas,28.0,28,28,28.0,51.0,51.0,56,0.0,0.0,28.0,28.0,28.0,28.0,31.0,31.0,81.0,81.5,86,41.8,47
2.0,0.05,1.0,Texas,28.0,28,28,28.0,53.0,50.5,59,0.0,0.0,28.0,28.0,28.0,28.0,31.0,31.0,84.8,85.0,92,42.4,46
2.0,0.05,2.0,Texas,28.0,28,28,28.0,52.0,51.5,60,0.0,0.0,28.0,28.0,28.0,28.0,31.0,31.0,90.9,91.5,100,44.0,51
2.0,0.25,2.0,New Mexico,31.0,31,31,31.0,11.5,11.0,13,0.1,1.0,45.0,47.0,60.4,67.0,28.0,28.0,35.0,35.0,37,4.8,5
0.5,0.25,1.0,New Mexico,31.0,31,31,31.0,10.8,11.0,12,0.6,2.0,44.2,47.0,58.4,67.0,28.0,28.0,32.3,32.0,34,4.9,6
0.5,0.05,0.5,Kansas,31.0,31,31,31.0,39.5,40.0,42,0.0,0.0,39.4,38.0,45.0,43.0,28.0,28.0,8.1,8.0,10,8.3,12
0.5,0.1,0.5,Kansas,31.0,31,31,31.0,42.8,43.0,45,0.0,0.0,37.0,37.0,43.0,43.0,28.0,28.0,8.8,8.5,13,8.6,11
0.5,0.25,0.5,Kansas,31.0,31,31,31.0,45.2,45.0,48,0.0,0.0,36.0,36.0,43.0,43.0,28.0,28.0,8.1,8.5,11,9.7,12
0.5,0.1,1.0,Kansas,31.0,31,31,31.0,47.2,46.5,51,0.0,0.0,36.6,36.0,43.0,43.0,28.0,28.0,11.9,11.0,16,11.7,14
0.5,0.25,1.0,Kansas,31.0,31,31,31.0,49.3,50.0,52,0.0,0.0,36.0,36.0,43.0,43.0,28.0,28.0,11.9,11.5,16,12.3,17
1.0,0.1,0.5,Kansas,31.0,31,31,31.0,47.3,46.0,51,0.0,0.0,36.6,36.0,43.0,43.0,28.0,28.0,17.1,16.5,22,13.5,15
0.5,0.1,2.0,Kansas,31.0,31,31,31.0,51.0,51.5,54,0.0,0.0,37.1,36.0,43.5,43.0,28.0,28.0,19.2,18.0,26,14.4,19
1.0,0.25,0.5,Kansas,31.0,31,31,31.0,49.3,49.0,53,0.0,0.0,36.0,36.0,43.0,43.0,28.0,28.0,17.2,16.5,22,14.6,18
1.0,0.1,1.0,Kansas,31.0,31,31,31.0,50.5,51.0,52,0.0,0.0,36.6,36.0,43.0,43.0,28.0,28.0,20.9,21.0,24,15.0,17
1.0,0.05,1.0,Kansas,31.0,31,31,31.0,47.1,47.5,50,0.0,0.0,37.8,38.0,43.5,43.0,28.0,28.0,21.2,21.5,24,15.3,21
0.5,0.05,2.0,Kansas,31.0,31,31,31.0,45.7,46.5,51,0.0,0.0,40.8,43.0,46.0,48.0,28.0,28.0,19.1,19.0,23,15.5,18
1.0,0.25,1.0,Kansas,31.0,31,31,31.0,54.3,56.0,57,0.0,0.0,36.0,36.0,43.0,43.0,28.0,28.0,21.1,20.0,27,15.7,19
0.5,0.25,2.0,Kansas,31.0,31,31,31.0,52.8,53.0,58,0.0,0.0,36.4,36.0,43.0,43.0,28.0,28.0,18.9,19.0,24,16.2,20
1.0,0.25,2.0,Kansas,31.0,31,31,31.0,57.1,57.5,60,0.0,0.0,36.0,36.0,43.0,43.0,28.0,28.0,21.7,22.0,25,16.4,19
1.0,0.1,2.0,Kansas,31.0,31,31,31.0,53.4,53.5,56,0.0,0.0,36.4,36.0,43.0,43.0,28.0,28.0,20.0,20.5,23,17.0,19
2.0,0.25,0.5,Kansas,31.0,31,31,31.0,56.8,56.0,60,0.0,0.0,36.0,36.0,43.0,43.0,28.0,28.0,20.7,20.0,26,17.1,20
2.0,0.1,0.5,Kansas,31.0,31,31,31.0,52.8,52.5,56,0.0,0.0,36.6,36.0,43.0,43.0,28.0,28.0,21.2,21.0,28,17.7,22
1.0,0.05,2.0,Kansas,31.0,31,31,31.0,50.0,50.0,52,0.0,0.0,40.8,43.0,46.0,48.0,28.0,28.0,23.9,24.5,27,17.8,20
2.0,0.05,0.5,Kansas,31.0,31,31,31.0,49.9,51.0,52,0.0,0.0,38.2,38.0,43.8,43.0,28.0,28.0,24.0,23.5,28,17.9,22
2.0,0.1,1.0,Kansas,31.0,31,31,31.0,53.4,53.0,56,0.0,0.0,36.8,36.0,43.0,43.0,28.0,28.0,27.2,27.0,30,18.1,21
2.0,0.25,2.0,Kansas,31.0,31,31,31.0,55.5,55.5,61,0.0,0.0,36.2,36.0,43.0,43.0,28.0,28.0,30.4,29.5,37,19.5,23
2.0,0.25,1.0,Kansas,31.0,31,31,31.0,55.1,55.0,61,0.0,0.0,36.0,36.0,43.0,43.0,28.0,28.0,26.7,26.5,32,20.1,25
2.0,0.05,1.0,Kansas,31.0,31,31,31.0,50.6,51.0,52,0.0,0.0,39.9,38.5,45.0,43.0,28.0,28.0,30.1,29.5,35,20.1,23
2.0,0.1,2.0,Kansas,31.0,31,31,31.0,53.1,53.0,55,0.0,0.0,36.4,36.0,43.0,43.0,28.0,28.0,27.6,26.0,31,20.1,23
2.0,0.05,2.0,Kansas,31.0,31,31,31.0,48.6,49.0,53,0.0,0.0,38.5,37.0,44.5,43.0,28.0,28.0,31.8,32.0,38,21.1,26
1.0,0.05,0.5,Kansas,31.5,31,36,31.0,44.0,44.5,47,0.0,0.0,38.6,38.0,44.0,43.0,28.0,28.0,18.3,19.0,23,13.6,17
0.5,0.05,1.0,Kansas,31.7,31,38,31.0,42.3,43.0,46,0.0,0.0,38.9,38.0,44.5,43.0,28.0,28.0,12.9,13.5,15,12.0,14
1.0,0.25,1.0,New Mexico,31.8,31,39,31.0,11.7,12.0,13,0.3,2.0,43.0,43.0,56.4,57.0,28.0,28.0,35.4,35.5,39,4.6,6
1.0,0.25,2.0,New Mexico,31.8,31,39,31.0,11.5,11.5,12,0.2,1.0,43.6,44.0,56.4,57.0,28.0,28.0,35.7,34.5,40,4.7,5
2.0,0.25,0.5,New Mexico,31.8,31,39,31.0,11.2,11.0,12,0.4,2.0,45.0,47.0,60.4,67.0,28.0,28.0,36.3,36.0,41,4.9,6
ALL,ALL,ALL,Kansas,32.44166666666667,31,48,31.0,47.36666666666667,48.0,61,0.0,0.0,39.388888888888886,38.0,47.919444444444444,43.0,28.833333333333332,28.0,20.03611111111111,20.0,40,14.583333333333334,26
1.0,0.25,0.5,New Mexico,32.6,31,39,31.0,10.9,11.0,12,0.3,1.0,44.4,47.0,59.0,67.0,28.0,28.0,32.4,32.0,39,4.8,5
0.5,0.25,2.0,New Mexico,33.4,31,39,31.0,11.5,12.0,12,0.5,2.0,44.8,47.0,60.5,67.0,28.0,28.0,33.1,33.5,36,4.8,6
0.5,0.1,0.5,Kentucky,34.0,34,34,34.0,34.3,34.5,38,0.0,0.0,46.6,48.0,78.4,94.5,56.0,56.0,8.6,8.0,12,5.0,6
0.5,0.25,0.5,Kentucky,34.0,34,34,34.0,38.0,37.5,42,0.0,0.0,45.9,48.0,54.3,57.0,74.0,74.0,9.3,9.0,11,5.1,7
1.0,0.05,0.5,Kentucky,34.0,34,34,34.0,42.7,43.5,46,0.0,0.0,48.8,48.0,59.9,56.0,46.8,38.0,13.0,12.5,17,7.3,10
0.5,0.25,1.0,Kentucky,34.0,34,34,34.0,47.3,47.0,51,0.0,0.0,45.9,48.0,54.8,57.0,72.8,74.0,14.7,15.0,18,7.6,11
0.5,0.1,1.0,Kentucky,34.0,34,34,34.0,42.7,43.0,46,0.0,0.0,47.3,48.0,67.5,57.0,54.0,56.0,12.0,11.5,16,8.2,12
1.0,0.25,0.5,Kentucky,34.0,34,34,34.0,47.2,47.0,51,0.0,0.0,47.3,48.0,55.2,56.0,73.4,74.0,13.8,14.0,16,9.4,13
0.5,0.25,2.0,Kentucky,34.0,34,34,34.0,48.4,48.5,51,0.0,0.0,47.3,48.0,55.2,56.0,65.6,74.0,16.7,16.5,19,10.0,12
1.0,0.1,2.0,Kentucky,34.0,34,34,34.0,49.1,48.5,53,0.0,0.0,47.3,48.0,55.2,56.0,62.2,74.0,17.7,16.5,25,10.0,13
2.0,0.1,0.5,Kentucky,34.0,34,34,34.0,47.4,47.5,52,0.0,0.0,47.3,48.0,55.2,56.0,62.6,74.0,17.1,16.0,25,10.1,14
1.0,0.25,1.0,Kentucky,34.0,34,34,34.0,48.5,48.0,52,0.0,0.0,46.6,48.0,54.4,56.0,73.4,74.0,17.7,17.5,20,10.5,13
1.0,0.25,2.0,Kentucky,34.0,34,34,34.0,51.6,52.0,53,0.0,0.0,45.2,48.0,52.8,56.0,73.4,74.0,18.0,18.5,20,10.6,13
2.0,0.1,2.0,Kentucky,34.0,34,34,34.0,50.7,51.0,54,0.0,0.0,46.6,48.0,54.4,56.0,66.8,74.0,15.9,16.0,21,10.9,14
2.0,0.25,1.0,Kentucky,34.0,34,34,34.0,52.1,52.5,55,0.0,0.0,46.6,48.0,54.4,56.0,72.2,74.0,17.8,17.5,22,11.0,13
2.0,0.1,1.0,Kentucky,34.0,34,34,34.0,49.8,50.0,52,0.0,0.0,48.0,48.0,56.0,56.0,59.6,74.0,16.7,17.0,19,11.2,12
2.0,0.25,2.0,Kentucky,34.0,34,34,34.0,51.9,52.5,56,0.0,0.0,45.2,48.0,52.8,56.0,69.8,74.0,16.9,17.5,20,11.7,18
2.0,0.25,0.5,Kentucky,34.0,34,34,34.0,48.4,48.5,50,0.0,0.0,45.9,48.0,53.6,56.0,73.4,74.0,17.1,16.5,21,11.8,13
0.5,0.25,0.5,New Mexico,34.2,31,39,31.0,10.4,10.5,11,0.3,2.0,47.0,47.0,67.0,67.0,28.0,28.0,28.7,29.5,33,4.1,5
2.0,0.1,0.5,New Mexico,34.2,31,39,31.0,11.6,11.0,13,0.2,1.0,45.0,47.0,62.0,67.0,28.0,28.0,34.2,34.5,38,4.5,5
2.0,0.1,1.0,New Mexico,34.2,31,39,31.0,11.4,11.0,12,0.1,1.0,43.8,47.0,59.7,67.0,28.0,28.0,35.1,34.5,42,4.6,5
1.0,0.1,1.0,New Mexico,34.2,31,39,31.0,11.2,11.0,12,0.0,0.0,47.0,47.0,67.0,67.0,28.0,28.0,36.2,36.0,39,4.8,5
0.5,0.01,2.0,Kansas,34.6,31,43,31.0,41.4,41.0,46,0.0,0.0,44.5,43.0,54.9,48.0,33.0,28.0,16.0,15.0,20,10.1,13
2.0,0.01,1.0,Kansas,34.6,31,43,31.0,44.1,44.5,47,0.0,0.0,44.5,43.0,55.2,48.0,28.0,28.0,26.8,28.5,31,15.0,18
0.5,0.1,0.5,New Mexico,35.0,31,39,35.0,10.7,11.0,12,0.2,1.0,44.8,47.0,62.0,67.0,28.0,28.0,28.1,28.5,32,3.8,4
2.0,0.25,1.0,New Mexico,35.0,31,39,35.0,11.7,11.5,14,0.1,1.0,43.4,44.0,56.4,57.0,28.0,28.0,34.4,34.5,38,4.6,5
1.0,0.1,2.0,New Mexico,35.0,31,39,35.0,11.3,11.0,12,0.1,1.0,44.4,47.0,59.0,67.0,28.0,28.0,33.7,34.5,38,4.7,5
2.0,0.01,0.5,Kansas,35.1,31,43,31.0,41.9,42.5,46,0.0,0.0,44.5,43.0,56.9,48.0,28.0,28.0,26.1,27.0,30,15.0,17
2.0,0.01,2.0,Kansas,35.1,31,43,31.0,44.1,44.5,48,0.0,0.0,44.5,43.0,56.8,48.0,33.0,28.0,33.4,33.5,40,17.3,22
0.5,0.05,1.0,Kentucky,35.4,34,48,34.0,42.0,42.0,45,0.1,1.0,55.3,48.0,78.8,72.0,61.5,56.0,12.0,12.0,17,6.3,9
1.0,0.1,0.5,Kentucky,35.4,34,48,34.0,45.3,44.5,50,0.0,0.0,48.8,48.0,56.1,56.0,64.7,74.0,13.5,13.5,19,8.3,11
0.5,0.1,2.0,Kentucky,35.4,34,48,34.0,45.6,45.0,51,0.0,0.0,48.1,48.0,57.0,56.0,72.9,74.0,15.6,15.5,20,8.5,10
1.0,0.1,1.0,Kentucky,35.4,34,48,34.0,47.3,47.0,52,0.0,0.0,48.1,48.0,55.3,56.0,69.3,74.0,15.6,15.5,19,9.2,12
2.0,0.05,1.0,New Mexico,36.3,31,44,39.0,11.5,11.5,12,0.1,1.0,45.8,47.0,64.0,67.0,28.0,28.0,33.0,33.0,40,4.5,5
2.0,0.1,2.0,New Mexico,36.3,31,44,39.0,11.1,11.0,12,0.1,1.0,46.4,47.0,68.0,67.0,28.0,28.0,34.2,34.5,40,5.0,5
1.0,0.1,0.5,New Mexico,36.6,31,39,39.0,10.9,11.0,12,0.0,0.0,46.2,47.0,66.0,67.0,28.0,28.0,31.1,31.0,35,4.6,5
0.5,0.01,0.5,Kansas,37.0,31,43,37.0,27.8,27.0,34,0.0,0.0,45.5,45.5,64.1,57.5,33.0,28.0,8.9,8.5,14,5.3,8
1.0,0.01,2.0,Kansas,37.0,31,43,37.0,44.4,44.5,47,0.0,0.0,45.0,45.5,59.4,59.5,28.0,28.0,22.7,22.0,28,13.9,19
2.0,0.05,2.0,Kentucky,37.5,34,48,34.0,49.2,49.0,52,0.0,0.0,48.9,48.0,62.3,56.0,63.7,74.0,16.5,16.5,20,10.0,14
0.5,0.1,2.0,New Mexico,37.8,31,46,39.0,11.5,11.5,12,0.2,1.0,45.4,47.0,64.7,67.0,28.0,28.0,33.9,32.5,43,4.7,5
1.0,0.05,1.0,New Mexico,37.9,31,47,39.0,11.4,11.0,12,0.1,1.0,47.7,47.0,72.0,72.0,28.0,28.0,35.9,37.5,41,4.6,5
0.5,0.1,1.0,New Mexico,37.9,31,44,39.0,10.2,10.0,11,0.1,1.0,47.0,47.0,68.0,67.0,28.0,28.0,29.5,30.0,35,5.0,5
ALL,ALL,ALL,New Mexico,38.15,31,47,39.0,10.994444444444444,11.0,14,0.5527777777777778,6.0,51.22222222222222,47.0,72.59166666666667,67.0,28.0,28.0,31.066666666666666,31.0,43,4.525,7
0.5,0.05,0.5,Kentucky,38.2,34,48,34.0,31.3,31.5,35,0.0,0.0,54.5,48.0,85.0,87.5,75.7,74.0,6.7,6.0,12,5.1,8
0.5,0.01,1.0,Kansas,38.2,31,43,43.0,37.1,36.5,42,0.0,0.0,46.0,48.0,63.2,72.0,33.0,28.0,11.6,11.5,17,6.0,9
0.5,0.05,0.5,New Mexico,38.4,31,44,39.0,9.9,10.0,11,0.0,0.0,46.4,47.0,68.0,67.0,28.0,28.0,27.0,27.0,31,4.1,5
1.0,0.01,1.0,Kansas,38.7,31,48,43.0,41.4,41.5,46,0.0,0.0,48.9,48.0,68.2,71.5,28.0,28.0,19.4,19.5,25,13.3,18
2.0,0.05,0.5,New Mexico,39.0,31,47,39.0,11.6,12.0,12,0.1,1.0,47.1,47.0,65.5,67.0,28.0,28.0,33.2,33.0,38,4.4,6
1.0,0.05,2.0,New Mexico,39.1,31,46,39.0,11.4,11.0,12,0.1,1.0,47.0,47.0,72.7,75.5,28.0,28.0,34.3,34.0,39,4.8,5
1.0,0.05,0.5,New Mexico,39.4,31,47,39.0,11.0,11.0,12,0.0,0.0,47.7,47.0,72.0,72.0,28.0,28.0,31.7,31.5,35,4.4,5
1.0,0.01,0.5,Kansas,39.4,31,43,43.0,38.4,38.0,44,0.0,0.0,47.0,48.0,69.6,72.0,38.0,28.0,16.4,16.0,21,9.8,15
1.0,0.05,1.0,Kentucky,39.7,34,56,34.0,47.2,47.5,51,0.0,0.0,50.6,48.0,69.6,56.0,81.8,74.0,14.7,14.5,19,7.5,12
2.0,0.05,2.0,New Mexico,40.0,39,44,39.0,11.1,11.0,12,0.1,1.0,47.0,47.0,72.7,75.5,28.0,28.0,33.1,32.0,40,4.9,6
2.0,0.05,0.5,Kentucky,40.1,34,95,34.0,47.1,47.0,52,0.0,0.0,55.2,48.0,66.8,56.0,44.8,38.0,15.5,16.0,19,8.8,14
2.0,0.05,1.0,Kentucky,40.3,34,48,37.5,49.4,49.0,54,0.0,0.0,51.2,48.0,75.7,56.5,82.3,83.5,15.8,15.0,22,8.4,11
0.5,0.05,1.0,New Mexico,40.7,31,47,39.0,11.0,11.0,12,0.1,1.0,47.7,47.0,67.7,67.0,28.0,28.0,28.7,29.5,31,4.5,5
1.0,0.05,2.0,Kentucky,41.0,34,48,41.0,49.7,49.5,54,0.0,0.0,51.3,52.0,76.9,76.0,87.9,101.5,14.8,15.0,20,7.5,13
0.5,0.05,2.0,New Mexico,41.1,39,47,39.0,11.6,11.5,13,0.0,0.0,48.4,47.0,72.0,72.0,28.0,28.0,29.5,29.5,34,4.5,5
1.0,0.25,2.0,Colorado,42.0,35,50,40.0,22.4,23.0,24,1.7,8.0,57.4,63.5,67.1,69.0,28.0,28.0,36.0,36.5,43,13.1,16
0.5,0.05,2.0,Kentucky,42.4,34,48,48.0,45.5,46.0,50,0.0,0.0,54.4,56.0,78.7,80.5,93.0,109.0,14.2,14.5,17,7.0,9
0.5,0.01,0.5,New Mexico,43.5,39,47,45.5,8.9,9.0,11,1.1,5.0,64.4,50.5,91.8,96.0,28.0,28.0,17.3,17.5,20,4.0,5
2.0,0.25,0.5,Colorado,43.5,35,50,45.0,23.0,24.0,25,1.3,7.0,58.0,63.0,65.8,67.0,28.0,28.0,35.0,33.5,42,12.0,15
1.0,0.1,2.0,Colorado,43.5,35,50,45.0,23.0,24.0,25,2.2,8.0,63.5,65.0,70.4,69.0,28.0,28.0,38.1,39.0,45,12.0,15
2.0,0.25,1.0,Colorado,43.5,35,50,45.0,23.1,24.0,25,1.3,10.0,55.5,56.0,64.7,65.0,28.0,28.0,35.8,33.5,47,12.1,16
0.5,0.25,2.0,Colorado,43.6,35,50,45.5,21.3,22.0,23,1.3,6.0,57.2,59.5,63.7,65.0,28.0,28.0,34.6,33.0,46,12.7,17
1.0,0.25,1.0,Oklahoma,44.0,42,47,42.0,38.5,38.5,41,0.0,0.0,51.0,51.0,56.1,53.0,28.0,28.0,20.2,19.5,24,14.4,17
1.0,0.01,2.0,New Mexico,44.3,31,47,46.5,10.9,11.0,13,1.3,6.0,61.5,50.5,97.0,96.0,28.0,28.0,29.9,29.0,36,4.6,7
0.5,0.25,1.0,Oklahoma,44.5,42,47,44.5,33.9,34.0,36,0.0,0.0,51.0,51.0,55.2,53.0,28.0,28.0,15.7,15.5,19,10.7,13
0.5,0.25,1.0,Colorado,44.5,35,50,50.0,19.6,20.0,21,1.5,8.0,58.6,63.0,66.6,69.0,28.0,28.0,34.4,34.0,40,12.2,15
2.0,0.25,2.0,Colorado,44.5,35,50,50.0,23.2,24.0,25,1.3,7.0,58.5,63.0,65.5,65.0,28.0,28.0,37.0,38.0,43,12.2,14
0.5,0.25,2.0,Oklahoma,44.5,42,47,44.5,36.0,36.5,38,0.0,0.0,52.4,51.0,58.3,53.0,28.0,28.0,19.9,20.0,24,13.7,16
1.0,0.25,2.0,Minnesota,44.8,37,50,50.0,27.0,27.0,31,0.0,0.0,50.6,52.0,52.8,52.0,47.7,55.5,74.8,75.0,85,51.1,60
1.0,0.01,1.0,New Mexico,45.0,39,47,47.0,11.7,12.0,14,1.5,6.0,66.3,54.0,94.3,88.0,28.0,28.0,27.8,28.0,34,3.2,6
0.5,0.01,1.0,New Mexico,45.0,39,47,47.0,9.2,9.0,14,1.6,6.0,65.1,54.0,100.9,96.0,28.0,28.0,20.9,21.0,23,4.6,7
2.0,0.05,1.0,Colorado,45.0,35,50,50.0,22.9,23.0,25,1.1,6.0,63.9,67.0,70.6,70.0,28.0,28.0,38.1,38.0,42,11.1,12
2.0,0.1,0.5,Colorado,45.0,35,50,50.0,23.4,24.0,26,1.5,8.0,62.3,65.0,67.6,69.0,28.0,28.0,36.5,36.5,41,11.4,15
2.0,0.1,1.0,Oklahoma,45.0,42,47,47.0,38.1,38.5,40,0.0,0.0,52.4,51.0,61.8,53.0,28.0,28.0,20.1,20.5,25,13.7,15
1.0,0.01,0.5,New Mexico,45.4,39,47,47.0,9.6,10.0,11,2.5,5.0,77.7,88.0,100.0,97.0,28.0,28.0,24.8,24.0,32,4.2,5
0.5,0.01,2.0,New Mexico,45.4,39,47,47.0,10.6,10.0,13,2.7,6.0,78.0,88.0,102.6,98.5,28.0,28.0,27.2,27.5,32,4.9,6
0.5,0.1,0.5,Oklahoma,45.5,42,47,47.0,27.0,26.0,30,0.0,0.0,56.0,51.0,67.7,75.0,30.6,28.0,8.8,8.5,13,7.8,11
0.5,0.1,2.0,Oklahoma,45.5,42,47,47.0,35.8,36.0,38,0.0,0.0,56.2,51.0,64.9,68.5,28.0,28.0,16.4,15.5,20,11.0,14
1.0,0.25,0.5,Colorado,45.5,35,50,50.0,20.7,21.5,24,2.0,7.0,63.4,65.0,68.0,69.0,28.0,28.0,31.7,30.0,41,11.9,16
1.0,0.25,0.5,Oklahoma,45.5,42,47,47.0,33.8,33.5,37,0.0,0.0,51.4,51.0,57.4,53.0,28.0,28.0,20.1,20.0,23,12.0,14
2.0,0.25,0.5,Oklahoma,45.5,42,47,47.0,39.3,39.5,41,0.0,0.0,51.0,51.0,53.0,53.0,28.0,28.0,21.0,20.5,25,15.0,17
1.0,0.25,2.0,Oklahoma,45.5,42,47,47.0,38.7,38.0,43,0.0,0.0,51.4,51.0,57.4,53.0,28.0,28.0,22.4,22.5,24,15.2,17
2.0,0.25,1.0,Oklahoma,45.5,42,47,47.0,38.3,38.0,40,0.0,0.0,51.0,51.0,55.2,53.0,28.0,28.0,24.0,24.0,27,16.1,18
2.0,0.01,1.0,New Mexico,45.8,39,47,46.5,11.1,11.0,14,1.7,6.0,62.3,50.5,95.8,96.0,28.0,28.0,28.3,28.5,37,4.5,7
1.0,0.1,2.0,Oklahoma,46.0,42,47,47.0,37.7,38.0,41,0.0,0.0,56.2,51.0,73.3,75.0,28.0,28.0,17.7,17.5,24,14.0,17
2.0,0.1,0.5,Oklahoma,46.0,42,47,47.0,36.9,37.0,40,0.0,0.0,58.2,51.0,65.9,69.0,28.0,28.0,17.4,18.0,22,14.0,16
2.0,0.25,2.0,Oklahoma,46.0,42,47,47.0,38.7,39.0,40,0.0,0.0,51.0,51.0,55.2,53.0,28.0,28.0,25.3,26.0,28,15.7,17
0.5,0.25,2.0,Minnesota,46.1,37,50,50.0,27.2,28.0,33,0.0,0.0,51.5,52.0,53.9,55.5,35.9,28.0,70.6,70.0,76,48.2,56
0.5,0.25,1.0,Minnesota,46.1,37,50,50.0,24.4,25.5,29,0.0,0.0,51.7,52.0,54.1,56.0,39.6,28.0,67.9,66.0,80,49.0,59
2.0,0.25,1.0,Minnesota,46.1,37,50,50.0,27.4,28.0,32,0.0,0.0,51.4,52.0,54.1,56.0,42.5,42.5,75.0,73.0,88,50.5,56
2.0,0.25,0.5,Minnesota,46.1,37,50,50.0,24.1,24.0,30,0.0,0.0,51.7,52.0,54.1,56.0,40.9,38.5,76.8,78.0,83,52.7,59
2.0,0.01,0.5,New Mexico,46.3,44,47,47.0,10.4,10.5,13,2.0,5.0,68.2,64.0,99.8,101.5,28.0,28.0,29.2,29.0,37,4.9,6
2.0,0.25,2.0,Minnesota,46.3,37,52,50.0,25.9,25.5,32,0.0,0.0,51.9,52.0,54.1,56.0,36.5,28.0,75.0,74.5,84,52.7,58
0.5,0.05,1.0,Oklahoma,46.5,42,47,47.0,26.1,26.0,30,0.0,0.0,68.0,75.0,78.9,80.0,64.0,86.0,10.0,10.0,13,6.7,10
0.5,0.1,0.5,Colorado,46.5,35,50,50.0,17.9,18.0,19,0.1,1.0,58.6,65.0,67.2,69.0,28.0,28.0,31.6,32.0,37,8.8,12
0.5,0.25,0.5,Oklahoma,46.5,42,47,47.0,30.2,30.0,32,0.0,0.0,51.2,51.0,57.4,53.0,28.0,28.0,11.6,11.5,13,9.9,12
1.0,0.1,0.5,Oklahoma,46.5,42,47,47.0,32.8,33.0,35,0.0,0.0,58.4,51.0,65.6,64.0,28.0,28.0,15.8,15.5,19,10.6,13
2.0,0.05,0.5,Oklahoma,46.5,42,47,47.0,37.8,38.5,41,0.0,0.0,66.0,75.0,77.8,80.0,31.8,28.0,15.1,14.5,21,10.8,16
1.0,0.25,1.0,Colorado,46.5,35,50,50.0,22.6,23.0,24,0.5,5.0,58.8,58.5,64.8,64.0,28.0,28.0,32.7,31.5,43,11.3,14
2.0,0.05,2.0,Oklahoma,46.5,42,47,47.0,35.9,36.0,39,0.0,0.0,56.2,51.0,71.8,75.0,28.0,28.0,20.5,20.5,25,13.8,16
2.0,0.1,2.0,Oklahoma,46.5,42,47,47.0,37.5,37.0,41,0.0,0.0,51.6,51.0,65.0,69.0,28.0,28.0,24.2,24.0,29,15.1,17
ALL,ALL,ALL,Kentucky,46.525,34,182,34.0,43.0,45.0,56,0.06944444444444445,2.0,68.73055555555555,48.0,83.59166666666667,56.0,91.525,74.0,13.3,14.0,25,8.075,18
2.0,0.01,2.0,New Mexico,47.0,47,47,47.0,11.8,11.5,14,1.1,4.0,65.3,54.0,93.2,96.0,28.0,28.0,27.3,27.0,36,3.4,5
0.5,0.05,0.5,Oklahoma,47.0,47,47,47.0,22.6,22.5,25,0.0,0.0,61.2,53.0,75.3,75.0,51.4,41.0,7.0,7.0,9,5.7,7
1.0,0.05,0.5,Oklahoma,47.0,47,47,47.0,29.8,30.0,32,0.1,1.0,64.6,64.0,78.2,75.0,28.0,28.0,13.9,14.0,16,7.9,11
0.5,0.05,2.0,Oklahoma,47.0,47,47,47.0,35.5,35.5,39,0.0,0.0,65.6,75.0,77.5,75.0,28.0,28.0,14.4,14.0,18,8.3,13
0.5,0.1,1.0,Oklahoma,47.0,47,47,47.0,29.7,29.5,32,0.0,0.0,54.2,52.0,70.6,75.0,33.2,28.0,12.5,12.5,15,9.1,12
1.0,0.1,1.0,Colorado,47.0,40,50,50.0,23.0,23.0,24,0.0,0.0,60.5,65.0,67.8,69.0,28.0,28.0,35.9,36.0,39,10.9,12
1.0,0.1,1.0,Oklahoma,47.0,47,47,47.0,38.6,37.5,43,0.0,0.0,51.4,51.0,61.8,53.0,30.6,28.0,16.0,16.0,19,10.9,13
2.0,0.05,1.0,Oklahoma,47.0,47,47,47.0,38.2,38.0,41,0.0,0.0,62.0,52.0,76.4,77.5,28.0,28.0,19.2,19.5,23,11.5,15
1.0,0.05,2.0,Oklahoma,47.0,47,47,47.0,36.9,36.5,40,0.0,0.0,65.8,75.0,74.8,75.0,28.0,28.0,15.3,15.5,17,11.9,15
1.0,0.25,0.5,Minnesota,47.1,37,50,50.0,25.7,26.0,29,0.0,0.0,52.0,52.0,54.4,56.0,48.3,57.0,68.1,66.5,80,48.5,51
1.0,0.1,2.0,Minnesota,47.1,37,50,50.0,27.8,27.5,32,0.0,0.0,53.8,55.0,56.4,56.0,43.7,28.0,74.4,73.5,85,48.7,53
0.5,0.25,2.0,Wisconsin,47.4,38,64,38.0,42.4,43.0,46,1.6,4.0,60.5,61.0,64.4,66.0,28.0,28.0,91.8,90.0,115,22.7,29
2.0,0.1,2.0,Colorado,47.5,35,50,50.0,22.8,23.0,24,0.6,6.0,63.0,65.0,68.6,69.0,28.0,28.0,37.1,37.0,42,12.0,17
2.0,0.1,0.5,Minnesota,47.8,37,52,50.0,26.8,27.0,31,0.0,0.0,53.3,55.5,59.3,58.5,47.3,42.5,71.0,70.0,80,48.9,52
0.5,0.25,0.5,Colorado,48.0,40,50,50.0,19.0,19.0,20,0.0,0.0,60.2,63.0,65.9,65.0,28.0,28.0,28.5,28.5,32,8.3,9
1.0,0.1,0.5,Colorado,48.0,40,50,50.0,21.5,21.5,23,0.0,0.0,62.1,65.0,67.8,69.0,28.0,28.0,31.1,31.0,34,10.9,13
0.5,0.25,0.5,Wisconsin,48.0,38,64,38.0,42.0,42.0,46,1.5,4.0,62.2,63.5,65.6,66.5,28.0,28.0,80.8,81.0,90,20.6,25
0.5,0.05,1.0,Colorado,48.5,40,65,50.0,18.8,19.0,20,0.0,0.0,61.7,65.0,68.4,69.0,28.0,28.0,33.6,34.0,41,10.1,12
1.0,0.25,1.0,Minnesota,48.7,37,50,50.0,27.4,29.0,33,0.0,0.0,52.5,52.0,54.9,56.0,45.4,56.0,74.2,74.0,81,49.9,57
1.0,0.05,1.0,Colorado,48.9,40,69,50.0,21.8,21.5,24,0.0,0.0,63.3,65.0,70.1,69.0,28.0,28.0,36.5,35.5,44,11.2,13
0.5,0.1,1.0,Colorado,49.0,40,50,50.0,19.4,19.0,20,0.0,0.0,63.8,65.0,68.6,69.0,28.0,28.0,34.5,33.5,41,10.4,12
2.0,0.05,0.5,Colorado,49.0,35,65,50.0,22.0,22.0,24,0.6,6.0,65.1,65.0,68.8,69.0,28.0,28.0,34.9,34.0,43,11.3,15
2.0,0.1,1.0,Colorado,49.0,40,50,50.0,23.8,24.0,25,0.0,0.0,62.6,65.0,67.7,69.0,28.0,28.0,36.1,36.5,39,11.5,13
0.5,0.1,2.0,Colorado,49.0,40,50,50.0,21.8,22.0,23,0.0,0.0,62.6,65.0,67.6,69.0,28.0,28.0,35.0,34.0,39,11.6,13
1.0,0.25,1.0,Wisconsin,49.2,38,64,46.0,44.0,44.0,50,1.2,5.0,61.6,62.5,64.6,65.0,28.0,28.0,89.9,89.0,103,21.3,28
0.5,0.25,2.0,Iowa,49.4,40,64,40.0,29.6,30.0,34,0.8,3.0,61.7,62.0,64.3,64.5,30.9,28.0,102.9,103.0,110,56.2,61
1.0,0.05,1.0,Oklahoma,49.8,47,75,47.0,38.6,38.5,42,0.0,0.0,60.0,53.0,75.0,78.5,28.0,28.0,13.7,13.5,16,7.4,10
0.5,0.25,1.0,Wisconsin,49.8,38,67,46.0,44.4,44.5,47,1.2,4.0,61.5,63.0,63.9,64.0,28.0,28.0,88.1,88.0,96,19.2,22
2.0,0.05,1.0,Minnesota,49.8,37,56,50.0,28.8,29.0,33,0.2,1.0,56.3,56.0,64.0,66.0,55.9,67.0,67.9,67.0,75,46.2,50
1.0,0.25,0.5,Wisconsin,49.9,38,64,47.5,44.1,43.5,49,1.1,3.0,62.8,63.5,65.4,65.5,28.0,28.0,89.1,89.5,100,20.7,25
0.5,0.05,0.5,Colorado,50.0,35,65,50.0,16.6,17.0,18,0.6,6.0,66.9,67.0,69.7,69.0,28.0,28.0,30.6,31.5,36,8.5,12
0.5,0.1,0.5,Minnesota,50.0,37,56,50.0,23.2,23.0,27,0.1,1.0,55.9,56.0,61.7,61.0,60.9,67.0,55.7,54.5,65,44.6,52
0.5,0.25,0.5,Minnesota,50.0,50,50,50.0,23.4,23.5,29,0.0,0.0,53.3,52.0,55.5,56.0,49.0,57.0,64.6,65.0,72,47.4,54
2.0,0.1,1.0,Minnesota,50.2,50,52,50.0,26.4,26.0,29,0.0,0.0,55.2,55.5,57.0,56.0,56.5,59.5,71.8,71.5,78,50.5,54
1.0,0.1,0.5,Minnesota,50.4,50,52,50.0,24.1,24.5,29,0.1,1.0,54.6,55.5,59.6,56.5,41.8,28.0,68.8,69.0,76,48.2,57
0.5,0.1,1.0,Minnesota,50.7,50,55,50.0,22.0,22.0,28,0.0,0.0,55.4,56.0,58.5,56.0,48.8,57.0,67.8,67.0,74,48.0,51
2.0,0.25,2.0,South Dakota,50.8,49,52,51.0,46.8,47.0,49,0.0,0.0,59.3,59.0,61.8,63.0,28.0,28.0,20.4,20.5,24,4.8,7
2.0,0.1,2.0,Minnesota,50.9,37,56,50.0,26.3,27.0,34,0.1,1.0,54.9,55.5,58.9,56.0,58.6,59.5,74.4,74.5,81,50.4,58
0.5,0.05,1.0,Idaho,51.0,51,51,51.0,5.9,6.0,7,5.8,8.0,66.0,66.0,71.8,67.0,45.0,55.0,42.0,41.5,47,16.1,17
0.5,0.1,1.0,Idaho,51.0,51,51,51.0,5.3,5.0,6,6.9,8.0,66.0,66.0,79.9,67.0,36.1,28.0,41.8,41.0,47,17.0,19
0.5,0.1,0.5,Idaho,51.0,51,51,51.0,5.1,5.0,6,7.2,8.0,66.0,66.0,71.8,67.0,33.4,28.0,40.8,41.0,45,17.0,18
1.0,0.05,0.5,Idaho,51.0,51,51,51.0,6.7,6.5,9,5.8,8.0,66.0,66.0,71.6,67.0,39.6,28.0,43.0,44.0,45,17.1,18
0.5,0.25,1.0,Idaho,51.0,51,51,51.0,5.6,6.0,7,7.7,9.0,65.6,66.0,79.2,67.0,28.0,28.0,40.7,40.5,45,17.4,18
0.5,0.05,2.0,Idaho,51.0,51,51,51.0,6.9,7.5,8,5.5,8.0,66.0,66.0,75.0,67.0,36.9,28.0,51.6,50.0,59,17.5,19
2.0,0.05,2.0,Idaho,51.0,51,51,51.0,9.2,9.0,11,5.5,9.0,66.0,66.0,71.3,67.0,39.6,28.0,46.5,47.0,51,17.5,19
1.0,0.25,0.5,Idaho,51.0,51,51,51.0,7.4,7.0,9,7.3,9.0,65.6,66.0,78.6,67.0,28.0,28.0,43.5,44.5,46,17.9,20
0.5,0.25,0.5,Idaho,51.0,51,51,51.0,5.0,5.0,6,8.4,9.0,66.0,66.0,85.9,86.0,28.0,28.0,41.7,41.5,45,18.0,19
0.5,0.1,2.0,Idaho,51.0,51,51,51.0,7.1,7.0,8,7.7,8.0,66.0,66.0,78.8,67.0,30.7,28.0,49.9,50.0,54,18.1,19
1.0,0.1,1.0,Idaho,51.0,51,51,51.0,7.3,7.0,8,7.4,8.0,66.0,66.0,80.4,67.0,33.4,28.0,47.4,47.5,52,18.1,19
2.0,0.05,0.5,Idaho,51.0,51,51,51.0,7.3,7.5,9,5.8,7.0,66.0,66.0,75.4,67.0,40.0,28.0,48.3,49.0,56,18.3,20
2.0,0.1,2.0,Idaho,51.0,51,51,51.0,9.6,9.0,12,7.0,9.0,66.0,66.0,79.9,67.0,38.8,28.0,47.5,47.0,53,18.3,20
1.0,0.1,0.5,Idaho,51.0,51,51,51.0,6.3,6.0,8,8.1,9.0,66.0,66.0,99.2,110.0,30.7,28.0,45.1,46.0,48,18.4,19
2.0,0.1,1.0,Idaho,51.0,51,51,51.0,8.1,8.0,10,7.5,9.0,66.0,66.0,74.5,67.0,30.7,28.0,46.8,47.0,50,18.8,20
0.5,0.25,2.0,Idaho,51.0,51,51,51.0,7.8,8.0,9,7.6,9.0,65.6,66.0,72.3,67.0,28.0,28.0,46.9,46.0,54,19.1,20
2.0,0.1,0.5,Idaho,51.0,51,51,51.0,7.3,7.0,9,6.9,9.0,65.6,66.0,76.0,67.0,36.1,28.0,49.0,49.5,55,19.3,20
1.0,0.25,1.0,Idaho,51.0,51,51,51.0,6.8,7.0,8,8.7,9.0,66.0,66.0,84.9,73.0,28.0,28.0,45.9,45.0,53,19.6,21
2.0,0.25,2.0,Idaho,51.0,51,51,51.0,8.9,9.0,11,8.0,9.0,65.6,66.0,86.7,86.0,28.0,28.0,45.3,45.0,50,19.9,22
2.0,0.25,1.0,Idaho,51.0,51,51,51.0,8.5,8.5,11,8.0,9.0,65.8,66.0,79.4,73.0,28.0,28.0,45.9,46.5,51,20.0,22
1.0,0.25,2.0,Idaho,51.0,51,51,51.0,7.4,8.0,9,7.5,9.0,65.4,66.0,83.4,70.0,28.0,28.0,47.3,46.0,52,20.1,22
2.0,0.25,0.5,Idaho,51.0,51,51,51.0,7.1,7.0,8,7.9,9.0,65.6,66.0,83.0,73.0,28.0,28.0,45.5,45.0,49,20.3,22
0.5,0.25,0.5,Iowa,51.0,40,70,40.0,29.0,29.5,31,0.3,1.0,64.4,64.0,66.1,64.5,42.2,28.0,82.3,83.5,95,51.9,55
0.5,0.1,2.0,Minnesota,51.2,50,55,50.0,25.0,26.0,30,0.0,0.0,55.5,55.5,58.4,56.0,50.5,57.0,74.5,74.0,85,48.9,53
2.0,0.05,0.5,Minnesota,51.3,47,55,51.0,28.1,28.0,34,0.0,0.0,55.1,56.0,59.0,56.0,58.7,58.0,68.6,69.0,73,45.6,50
1.0,0.05,0.5,Colorado,51.5,50,65,50.0,21.4,21.5,23,0.0,0.0,65.7,65.0,69.1,69.0,28.0,28.0,33.6,32.5,44,10.7,12
2.0,0.05,2.0,Colorado,51.5,50,65,50.0,23.0,23.0,25,0.0,0.0,66.3,65.0,69.3,69.0,28.0,28.0,38.3,39.0,42,11.3,13
1.0,0.25,1.0,Iowa,51.5,40,70,46.5,29.6,29.5,34,1.1,3.0,63.2,62.0,65.5,65.0,32.6,28.0,100.2,98.5,115,56.9,62
ALL,ALL,ALL,Oklahoma,51.544444444444444,42,83,47.0,32.25555555555555,34.0,43,0.002777777777777778,1.0,64.725,53.0,76.14166666666667,75.0,34.388888888888886,28.0,15.308333333333334,15.0,29,9.894444444444444,18
1.0,0.1,1.0,Minnesota,51.6,50,56,50.0,29.2,29.5,35,0.0,0.0,55.0,56.0,59.1,56.0,53.8,57.0,68.9,69.0,75,45.6,52
0.5,0.25,1.0,South Dakota,51.7,49,59,52.0,42.7,42.5,44,0.0,0.0,59.1,59.0,63.5,64.0,28.0,28.0,14.3,14.5,16,2.6,3
0.5,0.25,2.0,South Dakota,51.8,49,59,52.0,44.8,45.0,48,0.0,0.0,59.3,59.0,62.3,64.0,28.0,28.0,15.9,16.0,19,2.4,4
0.5,0.25,1.0,Iowa,51.9,40,70,46.5,29.2,29.0,36,0.3,1.0,62.8,62.0,65.3,65.0,35.3,28.0,92.8,97.0,107,54.6,60
0.5,0.05,0.5,Minnesota,52.1,47,56,50.0,24.3,25.5,29,0.3,1.0,58.0,56.0,63.8,66.0,56.1,67.0,50.9,50.0,58,41.3,45
1.0,0.05,0.5,Minnesota,52.1,50,56,51.0,25.3,25.0,28,0.1,1.0,56.5,56.0,62.7,66.0,44.8,28.0,59.4,59.5,66,44.8,47
0.5,0.05,0.5,Idaho,52.3,51,64,51.0,4.9,5.0,6,5.6,9.0,66.0,66.0,73.3,67.0,43.5,41.5,38.4,38.5,48,16.0,17
1.0,0.05,1.0,Idaho,52.5,51,66,51.0,8.4,8.0,12,4.8,7.0,66.1,66.0,67.9,67.0,43.7,41.5,48.7,49.5,54,16.6,18
2.0,0.05,1.0,Idaho,52.5,51,66,51.0,8.9,9.0,13,5.3,9.0,66.1,66.0,72.8,67.0,47.1,55.0,48.0,50.5,55,16.7,18
1.0,0.05,2.0,Idaho,52.5,51,66,51.0,7.5,7.0,12,5.6,8.0,66.1,66.0,80.8,67.0,43.7,41.5,46.4,46.5,53,17.8,19
1.0,0.1,2.0,Idaho,52.5,51,66,51.0,7.5,7.0,12,7.4,9.0,66.1,66.0,88.3,87.5,32.9,28.0,49.2,49.5,52,18.3,20
2.0,0.25,2.0,Wisconsin,52.5,38,64,55.5,44.7,45.0,50,0.5,3.0,60.8,61.5,63.4,63.5,28.0,28.0,83.9,83.0,97,20.6,27
ALL,ALL,ALL,Minnesota,52.74166666666667,37,109,50.0,26.261111111111113,27.0,38,1.0138888888888888,23.0,61.68333333333333,56.0,66.89444444444445,56.0,48.84166666666667,57.0,63.455555555555556,66.0,88,45.419444444444444,60
1.0,0.25,2.0,Wisconsin,52.9,38,64,62.0,45.1,44.0,51,1.1,3.0,62.7,64.0,63.9,66.5,28.0,28.0,93.0,93.5,107,20.0,23
0.5,0.05,2.0,Minnesota,52.9,50,56,52.5,28.7,28.5,33,0.4,1.0,59.9,56.0,63.7,66.0,56.2,68.5,62.9,62.5,79,43.8,48
1.0,0.05,1.0,Minnesota,52.9,50,56,53.5,24.8,25.0,28,0.0,0.0,56.0,56.0,62.4,61.0,60.0,64.5,65.3,63.5,74,47.5,51
2.0,0.25,0.5,Arizona,53.0,53,53,53.0,9.8,10.0,10,0.0,0.0,56.0,56.0,69.1,67.0,28.0,28.0,12.6,13.0,15,1.2,2
0.5,0.25,1.0,Arizona,53.0,53,53,53.0,9.6,10.0,10,0.0,0.0,56.3,56.0,68.5,67.0,65.0,65.0,10.8,11.0,13,1.4,2
2.0,0.25,1.0,Arizona,53.0,53,53,53.0,9.6,10.0,10,0.0,0.0,56.0,56.0,70.6,67.0,28.0,28.0,13.0,13.0,15,1.4,2
2.0,0.25,2.0,Arizona,53.0,53,53,53.0,9.6,10.0,10,0.0,0.0,56.0,56.0,69.1,67.0,28.0,28.0,12.5,12.0,15,1.4,2
1.0,0.25,1.0,Arizona,53.0,53,53,53.0,9.5,10.0,10,0.0,0.0,56.0,56.0,67.6,67.0,28.0,28.0,12.4,12.0,14,1.5,3
1.0,0.25,0.5,Iowa,53.0,40,70,51.0,29.2,30.0,33,0.7,3.0,65.5,64.0,67.6,67.0,37.6,28.0,96.0,97.5,107,55.3,60
1.0,0.25,2.0,Nebraska,53.1,39,63,61.5,44.4,44.0,45,0.0,0.0,63.8,63.5,65.3,66.0,75.2,82.0,5.2,5.0,8,5.2,6
2.0,0.05,2.0,Minnesota,53.1,50,56,53.5,29.9,29.5,35,0.3,1.0,59.1,56.0,64.9,66.0,48.7,47.5,67.0,67.5,77,45.2,49
1.0,0.05,2.0,Minnesota,53.2,50,56,54.0,27.7,28.0,31,0.7,3.0,60.4,58.5,62.9,61.0,48.1,42.5,70.1,72.5,81,47.0,51
0.5,0.25,0.5,Arizona,53.3,53,56,53.0,9.4,9.5,10,0.0,0.0,56.7,56.0,69.9,67.0,70.6,72.0,7.2,7.0,8,1.1,2
2.0,0.1,1.0,Arizona,53.4,53,56,53.0,10.1,10.0,11,0.0,0.0,57.0,56.0,71.9,69.0,28.0,28.0,11.7,11.5,15,0.9,2
0.5,0.25,2.0,Arizona,53.4,53,56,53.0,9.9,10.0,10,0.0,0.0,56.7,56.0,68.8,67.0,28.0,28.0,12.0,12.0,13,1.1,2
1.0,0.05,2.0,Colorado,53.4,50,69,50.0,23.0,23.0,26,0.0,0.0,66.2,65.0,69.4,69.0,28.0,28.0,36.1,35.0,41,11.2,13
0.5,0.05,1.0,Minnesota,53.4,50,56,55.0,22.6,23.5,25,0.2,1.0,58.4,56.0,66.2,66.0,49.1,47.5,58.9,59.5,73,44.6,50
ALL,ALL,ALL,Colorado,53.59722222222222,35,97,50.0,20.430555555555557,21.0,26,0.5277777777777778,10.0,68.02222222222223,65.0,74.15555555555555,69.0,29.183333333333334,28.0,33.666666666666664,34.0,47,10.88888888888889,17
1.0,0.1,1.0,Arizona,53.6,53,56,53.0,9.9,10.0,11,0.0,0.0,57.7,56.0,72.4,67.0,28.0,28.0,13.3,13.0,18,1.1,2
1.0,0.25,0.5,Arizona,53.6,53,56,53.0,9.7,10.0,10,0.0,0.0,57.4,56.0,70.9,67.0,28.0,28.0,12.2,11.5,15,1.3,2
1.0,0.25,2.0,Arizona,53.6,53,56,53.0,9.5,9.5,10,0.0,0.0,57.4,56.0,69.7,67.0,28.0,28.0,11.1,11.0,13,1.5,2
0.5,0.1,0.5,Arizona,53.9,53,56,53.0,9.5,9.5,10,0.0,0.0,58.7,56.0,79.9,82.0,67.8,68.5,8.4,8.0,11,1.1,2
2.0,0.1,2.0,Arizona,53.9,53,56,53.0,9.7,10.0,10,0.0,0.0,58.1,56.0,73.6,70.0,28.0,28.0,13.7,13.5,17,1.3,2
0.5,0.1,2.0,Arizona,54.0,53,56,53.0,9.7,10.0,10,0.0,0.0,59.3,57.5,74.8,73.0,28.0,28.0,12.1,12.0,15,1.3,2
0.5,0.25,2.0,Nebraska,54.0,39,63,61.5,40.1,40.0,41,0.0,0.0,62.5,63.5,65.1,64.5,75.3,77.5,4.7,4.5,7,2.6,4
1.0,0.25,2.0,South Dakota,54.0,49,66,52.0,46.3,46.5,47,0.0,0.0,61.3,64.0,63.4,64.0,28.0,28.0,17.8,18.0,22,3.9,5
1.0,0.1,2.0,Arizona,54.2,53,56,53.0,9.8,10.0,10,0.2,2.0,61.3,59.0,78.4,82.0,28.0,28.0,11.5,11.5,16,1.2,2
2.0,0.05,2.0,Arizona,54.2,53,56,53.0,9.6,9.5,11,0.0,0.0,60.2,57.5,79.1,82.0,28.0,28.0,12.7,13.0,15,1.4,2
0.5,0.25,0.5,South Dakota,54.2,50,66,52.0,38.9,39.0,41,0.0,0.0,61.0,59.5,65.6,66.0,28.0,28.0,12.2,12.0,14,2.4,4
2.0,0.25,1.0,Wisconsin,54.4,38,64,60.0,44.9,45.5,47,1.5,7.0,63.6,64.0,66.0,67.0,28.0,28.0,88.4,87.5,101,20.3,26
0.5,0.1,1.0,Arizona,54.5,53,56,54.5,10.0,10.0,11,0.0,0.0,59.8,61.0,75.5,76.0,59.7,65.0,11.6,12.0,13,0.9,2
1.0,0.1,0.5,Arizona,54.5,53,59,53.0,9.9,10.0,11,0.2,2.0,61.0,57.5,75.9,75.5,28.0,28.0,12.4,12.5,14,1.1,2
2.0,0.1,0.5,Arizona,54.5,53,59,53.0,9.7,9.5,11,0.0,0.0,58.4,56.0,72.7,70.0,28.0,28.0,12.8,13.0,15,1.3,2
1.0,0.25,2.0,Iowa,54.9,40,70,62.0,30.6,31.0,33,0.1,1.0,62.0,64.0,65.1,67.5,36.8,28.0,100.1,101.5,110,55.8,60
0.5,0.25,1.0,Arkansas,55.0,55,55,55.0,9.0,9.0,10,0.0,0.0,99.8,100.0,139.4,133.0,86.4,111.0,2.6,2.5,4,0.0,0
1.0,0.25,0.5,Arkansas,55.0,55,55,55.0,9.9,10.0,13,0.0,0.0,99.5,99.5,148.4,155.0,112.6,112.0,2.2,2.0,3,0.0,0
0.5,0.25,0.5,Arkansas,55.0,55,55,55.0,4.6,5.0,5,0.0,0.0,99.8,100.0,146.2,155.0,116.0,116.0,1.0,1.0,1,0.0,0
1.0,0.25,1.0,Arkansas,55.0,55,55,55.0,13.6,14.0,15,0.0,0.0,88.3,87.0,104.8,99.0,102.1,101.0,3.3,3.5,4,0.0,0
1.0,0.1,0.5,Arkansas,55.0,55,55,55.0,9.2,9.0,11,0.0,0.0,99.9,100.0,152.8,155.0,102.6,112.0,2.7,3.0,4,0.0,0
0.5,0.1,0.5,Arkansas,55.0,55,55,55.0,4.2,4.0,6,0.0,0.0,100.0,100.0,150.6,155.0,113.4,116.0,1.5,1.5,2,0.0,0
1.0,0.25,2.0,Arkansas,55.0,55,55,55.0,14.5,14.5,16,0.0,0.0,90.8,87.0,116.4,100.0,104.5,101.0,4.7,4.5,7,0.1,1
0.5,0.25,2.0,Arkansas,55.0,55,55,55.0,12.9,13.0,14,0.0,0.0,90.8,87.0,110.4,99.5,88.4,101.0,4.0,4.0,5,0.1,1
2.0,0.25,0.5,Arkansas,55.0,55,55,55.0,13.8,14.0,15,0.0,0.0,90.8,87.0,114.2,100.0,97.4,101.0,3.2,3.0,5,0.1,1
0.5,0.1,1.0,Arkansas,55.0,55,55,55.0,7.4,7.5,10,0.0,0.0,100.0,100.0,146.5,155.0,111.4,112.0,2.9,3.0,4,0.1,1
2.0,0.1,0.5,Arkansas,55.0,55,55,55.0,13.0,13.0,14,0.0,0.0,93.5,93.5,125.2,116.5,98.3,102.0,4.0,4.0,6,0.1,1
0.5,0.1,2.0,Arkansas,55.0,55,55,55.0,10.9,11.0,12,0.0,0.0,98.6,100.0,142.9,155.0,111.7,112.0,3.4,3.5,5,0.2,1
1.0,0.1,1.0,Arkansas,55.0,55,55,55.0,12.0,12.0,13,0.0,0.0,96.0,100.0,137.3,155.0,108.6,112.0,3.8,4.0,5,0.2,2
2.0,0.25,1.0,Arkansas,55.0,55,55,55.0,15.6,15.0,17,0.0,0.0,86.0,86.0,89.6,87.0,95.3,101.0,5.4,5.0,7,1.2,2
2.0,0.1,1.0,Arkansas,55.0,55,55,55.0,14.6,15.0,15,0.0,0.0,88.9,86.0,109.7,100.0,108.4,109.0,4.8,4.0,7,1.4,2
2.0,0.25,2.0,Arkansas,55.0,55,55,55.0,15.2,15.0,17,0.0,0.0,86.0,86.0,88.3,87.0,93.7,101.0,5.4,5.0,9,1.6,2
2.0,0.1,2.0,Arkansas,55.0,55,55,55.0,13.7,13.5,15,0.0,0.0,87.4,86.0,98.0,99.5,105.8,106.0,5.2,5.0,9,1.8,3
1.0,0.25,0.5,Vermont,55.0,55,55,55.0,10.0,10.0,12,0.2,1.0,88.1,84.0,94.0,95.0,91.0,91.0,8.0,7.5,13,3.4,6
2.0,0.25,0.5,Vermont,55.0,55,55,55.0,9.9,10.0,13,0.5,2.0,92.7,94.5,97.5,99.0,91.0,91.0,7.2,8.0,9,3.6,5
1.0,0.25,2.0,Vermont,55.0,55,55,55.0,10.2,10.0,14,0.2,2.0,90.1,94.5,96.2,95.0,84.7,91.0,7.3,6.5,11,3.8,6
2.0,0.25,2.0,Vermont,55.0,55,55,55.0,10.2,10.0,12,0.7,2.0,87.9,85.5,96.0,95.0,91.0,91.0,8.3,9.0,10,3.8,7
0.5,0.25,2.0,Vermont,55.0,55,55,55.0,9.5,9.5,11,0.7,2.0,88.4,89.5,96.4,96.5,91.0,91.0,8.6,8.5,13,4.1,7
0.5,0.1,2.0,Vermont,55.0,55,55,55.0,9.3,9.5,11,0.3,1.0,96.1,99.0,101.4,104.5,65.8,91.0,8.7,8.5,12,4.1,6
0.5,0.25,1.0,Vermont,55.0,55,55,55.0,9.1,9.0,11,0.8,2.0,87.2,84.0,96.7,95.0,84.7,91.0,7.2,7.0,9,4.2,7
1.0,0.25,1.0,South Dakota,55.1,49,66,52.0,45.5,45.0,48,0.0,0.0,60.6,59.5,63.7,64.0,28.0,28.0,17.0,17.0,20,2.8,4
2.0,0.25,0.5,South Dakota,55.1,49,66,52.0,45.1,45.5,48,0.0,0.0,60.5,62.0,63.6,65.5,28.0,28.0,19.5,19.0,23,4.3,5
2.0,0.25,0.5,Wisconsin,55.1,38,67,55.5,45.5,45.5,50,0.4,1.0,61.8,63.5,64.0,64.5,28.0,28.0,87.2,87.5,94,19.6,24
2.0,0.25,2.0,Nebraska,55.2,39,63,61.5,45.5,45.5,48,0.0,0.0,62.6,64.5,65.5,65.0,74.7,73.0,4.2,4.0,7,6.1,7
ALL,ALL,ALL,Idaho,55.272222222222226,51,110,51.0,8.419444444444444,8.0,20,5.375,9.0,70.85555555555555,66.0,84.90277777777777,72.0,41.34166666666667,28.0,40.016666666666666,44.0,59,16.163888888888888,22
1.0,0.25,0.5,South Dakota,55.3,50,66,52.0,43.4,43.0,45,0.0,0.0,63.7,64.0,66.3,64.0,28.0,28.0,15.0,14.5,18,2.7,4
2.0,0.25,1.0,South Dakota,55.3,50,66,52.0,46.4,46.0,49,0.0,0.0,59.9,59.0,66.4,65.0,28.0,28.0,18.9,19.5,22,3.8,5
0.5,0.05,2.0,Arizona,55.4,53,59,56.0,10.0,10.0,11,0.0,0.0,62.7,64.5,80.3,82.0,28.0,28.0,12.8,13.0,16,0.9,2
2.0,0.05,1.0,Arizona,55.4,53,59,54.5,9.5,9.0,11,0.0,0.0,60.6,61.0,80.0,82.0,28.0,28.0,11.8,11.5,14,1.5,3
0.5,0.05,2.0,Colorado,55.4,40,69,50.0,21.7,22.0,23,0.0,0.0,64.7,65.0,68.9,69.0,28.0,28.0,36.6,37.0,43,10.9,12
2.0,0.25,2.0,Iowa,55.4,40,67,58.5,30.4,30.0,35,0.5,3.0,62.3,63.0,65.0,67.0,41.2,28.0,104.5,107.5,116,56.7,60
0.5,0.01,0.5,Minnesota,55.6,52,56,56.0,24.1,24.0,29,3.3,10.0,78.8,75.0,84.2,85.5,46.8,28.0,37.6,35.5,47,35.2,43
1.0,0.05,1.0,Arizona,55.7,53,59,56.0,9.7,10.0,11,0.1,1.0,66.1,66.0,76.8,80.5,28.0,28.0,12.6,12.0,16,1.2,4
2.0,0.05,0.5,Arizona,55.8,53,59,56.0,9.8,9.5,11,0.2,2.0,64.8,66.0,79.6,82.0,28.0,28.0,11.3,11.0,15,1.0,3
1.0,0.25,0.5,Nebraska,55.8,39,63,63.0,35.3,35.5,37,0.0,0.0,64.2,64.0,66.0,65.5,73.4,73.0,4.0,3.5,6,2.2,4
0.5,0.25,1.0,Nebraska,55.8,39,63,63.0,29.5,29.5,32,0.0,0.0,63.7,64.0,65.4,64.0,74.3,77.5,3.3,2.5,6,2.4,4
2.0,0.25,0.5,Nebraska,55.8,39,63,63.0,43.1,43.0,45,0.0,0.0,62.6,65.0,64.9,65.0,72.5,73.0,5.0,4.5,8,4.5,5
0.5,0.05,0.5,Arizona,56.0,53,59,56.0,9.2,9.0,10,0.0,0.0,64.0,66.0,80.1,82.0,71.3,72.0,7.0,7.5,9,1.0,2
0.5,0.05,1.0,Arizona,56.0,53,59,56.0,9.4,9.5,11,0.0,0.0,63.8,66.0,76.7,77.5,61.8,72.0,11.3,11.0,15,1.6,3
2.0,0.25,1.0,Nebraska,56.1,39,66,63.0,45.3,45.0,46,0.0,0.0,65.2,65.0,67.2,67.5,76.2,82.0,4.8,5.0,9,5.0,5
1.0,0.05,0.5,Arizona,56.3,53,59,56.0,9.9,10.0,11,0.1,1.0,65.6,66.0,76.3,77.5,28.0,28.0,12.2,12.5,15,1.1,3
1.0,0.25,2.0,Wyoming,56.3,40,68,63.0,12.8,13.0,14,0.0,0.0,60.3,65.0,64.8,69.0,80.0,90.0,5.3,5.0,8,1.8,2
1.0,0.05,2.0,Arizona,56.6,53,59,56.0,9.3,9.5,11,0.2,2.0,65.6,66.0,77.7,82.0,28.0,28.0,12.1,12.5,17,1.7,3
1.0,0.25,1.0,Nebraska,57.0,39,63,61.5,40.3,40.0,42,0.0,0.0,62.6,63.5,65.3,64.0,72.0,65.0,4.7,4.5,6,4.1,6
0.5,0.25,1.0,Pennsylvania,57.0,57,57,57.0,48.8,49.0,52,0.0,0.0,69.6,72.0,77.8,81.0,42.2,28.0,42.1,41.5,49,8.9,13
1.0,0.25,0.5,Pennsylvania,57.0,57,57,57.0,50.1,50.0,52,0.0,0.0,72.5,72.0,80.5,81.0,37.0,28.0,39.3,39.0,47,9.0,11
2.0,0.25,1.0,Pennsylvania,57.0,57,57,57.0,50.3,50.0,53,0.0,0.0,69.9,72.0,75.1,72.0,37.7,28.0,41.2,42.0,47,10.0,12
2.0,0.25,0.5,Pennsylvania,57.0,57,57,57.0,49.7,49.5,52,0.0,0.0,67.5,68.0,73.7,72.0,28.0,28.0,43.5,43.5,49,10.3,12
1.0,0.1,1.0,South Dakota,57.2,50,66,55.5,45.1,45.0,47,0.0,0.0,66.6,66.0,70.5,67.5,33.8,28.0,16.2,16.5,21,1.5,3
1.0,0.25,0.5,Wyoming,57.7,40,68,63.0,10.8,11.0,12,0.0,0.0,61.0,65.0,63.7,68.0,81.8,90.0,3.9,4.0,5,1.7,2
1.0,0.25,2.0,Pennsylvania,57.7,57,64,57.0,50.9,51.0,54,0.0,0.0,72.0,72.0,72.6,72.0,28.0,28.0,41.2,41.5,44,9.6,11
2.0,0.25,1.0,Wyoming,57.8,40,68,63.5,13.3,13.5,14,0.0,0.0,61.2,65.5,63.9,68.0,81.8,90.0,5.5,5.5,8,1.9,2
0.5,0.25,2.0,Michigan,57.9,52,68,55.5,41.0,41.0,44,0.0,0.0,63.3,66.0,67.9,68.0,62.2,71.5,41.5,41.0,51,23.5,26
0.5,0.25,1.0,Wyoming,58.0,40,68,63.0,10.2,10.0,11,0.0,0.0,61.7,65.0,67.0,68.0,84.7,90.0,3.9,3.5,6,1.9,2
2.0,0.1,0.5,South Dakota,58.0,50,66,58.0,45.5,45.0,49,0.0,0.0,66.7,66.5,72.4,73.5,28.0,28.0,16.0,17.0,20,2.3,4
0.5,0.1,0.5,Indiana,58.0,58,58,58.0,43.0,43.0,49,0.0,0.0,59.8,60.0,78.5,77.0,70.3,66.0,15.5,15.5,20,9.6,14
1.0,0.1,0.5,Indiana,58.0,58,58,58.0,50.7,50.5,53,0.0,0.0,60.0,60.0,75.9,74.0,70.6,68.0,19.2,20.5,22,10.6,12
1.0,0.1,1.0,Indiana,58.0,58,58,58.0,54.1,53.5,59,0.0,0.0,60.0,60.0,76.4,74.0,54.3,64.0,20.5,21.0,25,11.6,15
2.0,0.1,1.0,Indiana,58.0,58,58,58.0,58.7,59.0,62,0.0,0.0,60.0,60.0,75.8,74.0,65.2,66.0,21.9,21.5,29,12.0,18
1.0,0.1,2.0,Indiana,58.0,58,58,58.0,58.0,59.0,63,0.0,0.0,59.4,60.0,70.9,74.0,47.1,44.5,22.2,22.0,26,12.3,18
2.0,0.1,0.5,Indiana,58.0,58,58,58.0,56.7,57.0,60,0.0,0.0,59.6,60.0,71.9,74.0,48.5,44.5,20.1,20.5,26,12.9,18
1.0,0.25,0.5,Indiana,58.0,58,58,58.0,51.5,51.5,55,0.0,0.0,59.4,60.0,68.5,73.0,67.6,64.0,25.3,24.5,31,13.9,16
2.0,0.25,2.0,Indiana,58.0,58,58,58.0,59.6,58.5,65,0.0,0.0,59.4,60.0,69.3,73.0,56.9,64.0,26.6,27.0,33,14.1,17
0.5,0.25,1.0,Indiana,58.0,58,58,58.0,50.2,51.0,53,0.0,0.0,59.4,60.0,69.7,73.5,65.9,64.0,23.3,23.0,30,14.3,16
1.0,0.25,1.0,Indiana,58.0,58,58,58.0,55.8,55.5,59,0.0,0.0,59.7,60.0,70.9,73.5,61.6,64.0,25.3,26.5,32,14.8,17
2.0,0.25,1.0,Indiana,58.0,58,58,58.0,57.8,57.5,61,0.0,0.0,59.4,60.0,68.4,73.0,67.7,64.0,28.6,28.5,36,15.5,17
0.5,0.25,0.5,Indiana,58.0,58,58,58.0,42.3,42.0,46,0.0,0.0,60.0,60.0,76.4,74.5,65.8,64.0,21.5,21.5,25,15.5,20
1.0,0.25,2.0,Indiana,58.0,58,58,58.0,57.3,57.5,59,0.0,0.0,59.1,59.5,66.2,64.0,53.3,64.0,29.4,29.5,34,15.8,19
0.5,0.25,2.0,Indiana,58.0,58,58,58.0,53.7,54.0,56,0.0,0.0,59.3,60.0,68.2,73.0,66.4,64.0,25.8,26.0,29,15.9,21
2.0,0.25,0.5,Indiana,58.0,58,58,58.0,55.8,55.5,61,0.0,0.0,59.4,60.0,69.5,73.0,58.3,64.0,30.3,31.0,34,16.6,22
2.0,0.25,0.5,Iowa,58.0,40,70,58.5,28.3,28.0,33,0.4,1.0,63.7,64.5,66.0,67.0,41.7,28.0,96.9,98.0,110,58.7,64
2.0,0.25,1.0,Iowa,58.1,40,70,63.0,30.4,30.0,33,0.9,3.0,66.9,66.5,68.6,69.5,37.6,28.0,99.7,104.0,110,56.7,59
1.0,0.05,2.0,Arkansas,58.2,55,87,55.0,12.0,12.5,14,0.0,0.0,91.8,87.0,121.7,100.0,105.4,103.0,5.1,5.5,8,0.3,2
2.0,0.05,1.0,Indiana,58.2,58,60,58.0,57.0,57.0,61,0.0,0.0,61.0,60.0,73.0,74.0,69.2,78.0,18.6,18.0,22,10.3,12
0.5,0.1,1.0,Indiana,58.2,58,60,58.0,48.5,48.0,53,0.0,0.0,62.7,60.0,84.9,87.0,74.6,79.0,14.8,14.5,20,11.8,15
2.0,0.1,2.0,Indiana,58.2,58,60,58.0,58.3,58.0,62,0.1,1.0,62.6,60.0,74.6,74.0,55.4,62.5,21.9,21.5,30,12.8,17
2.0,0.1,1.0,Wisconsin,58.2,38,74,62.0,44.3,44.0,51,0.2,1.0,67.0,65.5,70.1,69.5,31.1,28.0,75.9,73.5,85,20.4,26
0.5,0.01,2.0,Minnesota,58.3,52,84,56.0,27.2,27.0,38,5.2,23.0,84.5,85.0,94.7,94.0,39.9,28.0,48.0,48.5,55,38.7,49
2.0,0.25,0.5,Wyoming,58.4,40,68,64.5,12.6,13.0,13,0.0,0.0,61.6,66.5,64.9,69.0,81.6,90.0,5.3,5.0,7,1.6,2
0.5,0.05,0.5,Indiana,58.4,58,60,58.0,41.0,40.5,45,0.0,0.0,66.7,60.0,82.8,87.0,75.0,79.0,12.0,11.5,15,7.9,10
0.5,0.1,2.0,Indiana,58.4,58,60,58.0,55.3,55.0,59,0.0,0.0,62.8,60.0,79.5,75.5,71.0,73.0,18.3,18.0,23,10.7,12
0.5,0.25,2.0,Pennsylvania,58.5,57,72,57.0,49.5,50.0,53,0.1,1.0,70.9,72.0,77.5,72.0,28.0,28.0,41.1,41.5,46,9.2,12
1.0,0.25,1.0,Pennsylvania,58.7,57,72,57.0,49.8,49.5,54,0.0,0.0,69.7,72.0,75.9,72.0,28.0,28.0,42.4,42.5,52,9.7,13
2.0,0.25,2.0,Wyoming,58.8,40,68,64.5,12.8,13.0,14,0.0,0.0,62.6,68.0,66.3,70.0,81.6,90.0,5.9,5.5,8,1.8,2
0.5,0.1,0.5,South Dakota,58.8,50,66,59.0,35.8,36.0,37,0.0,0.0,68.7,66.5,72.7,75.5,33.8,28.0,10.0,10.0,13,2.1,4
0.5,0.1,1.0,Vermont,58.8,55,93,55.0,9.1,9.0,11,0.2,2.0,98.3,98.0,104.8,104.5,72.1,91.0,8.5,8.0,11,4.1,7
2.0,0.25,1.0,Vermont,59.0,55,95,55.0,10.4,11.0,12,0.5,1.0,88.7,84.0,95.8,95.0,85.4,91.0,8.4,9.0,12,3.6,7
1.0,0.1,2.0,Vermont,59.0,55,95,55.0,9.8,10.0,11,0.4,1.0,95.4,95.5,103.4,104.0,74.0,91.0,9.1,9.0,13,4.2,6
2.0,0.25,2.0,California,59.0,59,59,59.0,2.6,3.0,4,5.428571428571429,13.0,64.71428571428571,61.0,108.85714285714286,74.0,28.0,28.0,67.4,66.5,72,37.8,40
1.0,0.25,2.0,California,59.0,59,59,59.0,2.8,3.0,4,3.4,15.0,62.3,61.0,77.14285714285714,61.0,28.0,28.0,69.9,70.5,75,37.9,39
0.5,0.25,1.0,California,59.0,59,59,59.0,1.9,1.5,3,2.0,2.0,61.0,61.0,64.25,61.0,28.0,28.0,67.5,66.5,75,38.2,40
1.0,0.25,0.5,California,59.0,59,59,59.0,2.1,2.0,4,4.142857142857143,15.0,62.857142857142854,61.0,82.0,74.0,28.0,28.0,70.3,70.5,76,38.5,40
0.5,0.25,0.5,California,59.0,59,59,59.0,1.8,2.0,3,5.571428571428571,16.0,64.71428571428571,61.0,174.0,174.0,28.0,28.0,61.6,62.0,67,38.6,40
0.5,0.25,2.0,California,59.0,59,59,59.0,2.0,2.0,3,6.333333333333333,15.0,65.33333333333333,61.0,73.5,61.0,28.0,28.0,71.8,71.5,76,38.7,40
2.0,0.25,0.5,California,59.0,59,59,59.0,2.1,2.0,3,2.5714285714285716,3.0,61.0,61.0,76.75,67.5,28.0,28.0,67.9,69.0,74,38.7,40
1.0,0.25,1.0,California,59.0,59,59,59.0,2.0,2.0,3,11.0,38.0,80.85714285714286,61.0,103.0,74.0,28.0,28.0,69.2,69.0,75,38.8,41
2.0,0.25,2.0,Pennsylvania,59.2,57,72,57.0,51.2,52.0,54,0.0,0.0,70.4,72.0,76.9,78.5,37.0,28.0,42.4,41.5,50,9.1,12
1.0,0.1,0.5,California,59.2,59,61,59.0,2.4,2.0,4,13.555555555555555,38.0,103.77777777777777,74.0,163.33333333333334,74.0,28.0,28.0,71.3,72.0,77,36.5,38
2.0,0.25,1.0,California,59.2,59,61,59.0,2.8,2.5,5,6.75,39.0,89.0,61.0,64.8,61.0,28.0,28.0,70.1,70.0,78,38.2,40
0.5,0.1,2.0,California,59.4,59,63,59.0,2.7,3.0,4,17.4,37.0,124.3,74.0,182.33333333333334,193.5,28.0,28.0,69.4,69.5,76,37.7,39
1.0,0.05,1.0,Arkansas,59.5,55,100,55.0,10.0,10.0,11,0.0,0.0,104.5,93.5,139.2,127.5,98.7,102.0,4.2,4.5,6,0.2,1
1.0,0.1,2.0,Arkansas,59.5,55,100,55.0,14.0,14.0,16,0.0,0.0,101.6,100.0,131.0,133.0,100.0,107.0,3.7,4.0,6,0.3,2
0.5,0.25,2.0,Wyoming,59.5,40,68,64.0,12.0,12.0,13,0.0,0.0,63.3,66.5,66.6,69.0,80.4,90.0,3.9,3.5,6,1.7,2
1.0,0.25,1.0,Michigan,59.6,52,68,64.0,40.4,41.0,45,0.4,4.0,65.0,68.0,67.4,68.0,57.4,67.5,41.6,41.5,48,23.6,29
2.0,0.1,1.0,California,59.6,59,63,59.0,3.0,3.0,6,17.88888888888889,38.0,116.77777777777777,74.0,148.28571428571428,111.0,28.0,28.0,68.1,68.5,77,37.1,40
1.0,0.1,1.0,Vermont,59.8,55,103,55.0,8.9,9.0,10,0.2,1.0,98.6,96.5,107.0,107.0,68.3,59.5,7.5,8.0,10,4.3,6
1.0,0.1,1.0,California,59.8,59,63,59.0,2.5,3.0,3,16.0,37.0,101.11111111111111,74.0,244.66666666666666,276.0,28.0,28.0,72.6,72.0,79,37.2,39
0.5,0.1,1.0,California,59.8,59,63,59.0,1.3,1.0,2,9.666666666666666,14.0,69.66666666666667,74.0,,,28.0,28.0,68.6,68.5,78,37.6,39
2.0,0.1,0.5,California,59.8,59,63,59.0,2.4,2.5,3,18.22222222222222,37.0,124.33333333333333,74.0,126.0,111.0,28.0,28.0,68.4,68.0,74,37.6,40
2.0,0.1,2.0,California,59.8,59,63,59.0,2.4,2.0,4,16.333333333333332,38.0,95.88888888888889,74.0,212.75,228.5,28.0,28.0,68.2,67.5,75,37.9,40
ALL,ALL,ALL,Arizona,59.827777777777776,53,84,56.0,9.277777777777779,9.5,11,0.03611111111111111,2.0,68.13888888888889,63.0,83.275,82.0,36.40555555555556,28.0,11.633333333333333,12.0,20,1.4666666666666666,5
1.0,0.1,2.0,Wyoming,60.0,40,68,68.0,12.6,12.0,14,0.0,0.0,63.5,70.0,68.6,70.0,81.6,90.0,7.8,8.0,9,1.7,2
0.5,0.25,0.5,Pennsylvania,60.0,57,72,57.0,45.6,46.5,48,0.0,0.0,70.5,72.0,76.4,72.5,38.3,28.0,35.6,36.0,42,8.9,13
0.5,0.01,0.5,Idaho,60.0,51,66,66.0,8.3,8.5,12,1.0,5.0,73.4,67.0,86.9,87.5,84.0,88.0,16.6,12.5,30,9.8,16
2.0,0.25,1.0,Michigan,60.2,52,68,63.5,42.9,43.5,45,0.0,0.0,66.9,68.0,69.4,68.0,56.1,74.0,39.4,39.0,47,22.6,25
1.0,0.25,2.0,Michigan,60.2,52,64,64.0,42.8,42.0,47,0.6,6.0,65.8,68.0,67.1,68.0,59.7,65.0,41.0,40.5,48,23.4,26
1.0,0.01,1.0,Minnesota,60.3,56,99,56.0,26.3,28.0,32,3.0,12.0,82.9,84.5,91.1,92.5,43.4,28.0,49.5,49.0,57,39.1,48
0.5,0.1,0.5,California,60.4,59,63,59.0,2.1,2.0,4,13.428571428571429,29.0,81.14285714285714,74.0,82.0,74.0,28.0,28.0,60.2,60.5,64,36.2,39
0.5,0.01,0.5,Oklahoma,60.6,47,83,47.0,9.6,10.0,11,0.0,0.0,85.2,83.0,107.0,102.5,67.8,86.0,3.3,3.0,7,1.4,4
1.0,0.1,1.0,Wisconsin,60.6,38,76,64.0,44.7,45.0,47,0.3,1.0,69.6,67.5,72.6,72.0,28.0,28.0,74.2,73.5,83,19.9,22
2.0,0.25,2.0,Michigan,60.6,52,68,64.0,43.3,43.0,48,0.0,0.0,66.1,68.0,68.9,68.0,54.8,65.0,38.5,38.0,47,23.2,26
1.0,0.05,0.5,California,60.6,59,63,60.0,2.7,2.5,4,16.6,36.0,154.6,74.0,155.0,112.0,28.0,28.0,65.9,66.5,71,35.0,36
0.5,0.05,2.0,California,60.6,59,63,59.0,3.0,3.0,4,12.11111111111111,35.0,95.77777777777777,74.0,226.57142857142858,276.0,28.0,28.0,69.4,69.5,76,36.8,38
1.0,0.1,2.0,California,60.7,59,70,59.0,3.2,3.0,4,9.3,36.0,90.3,62.0,132.88888888888889,74.0,28.0,28.0,67.9,69.5,73,36.8,38
0.5,0.25,0.5,Nebraska,60.9,48,63,63.0,24.9,25.0,26,0.0,0.0,64.9,66.0,67.2,68.0,77.7,82.0,3.1,2.5,6,1.5,2
2.0,0.05,0.5,Indiana,60.9,58,87,58.0,54.8,56.0,57,0.1,1.0,62.9,60.0,80.0,74.5,72.3,73.0,18.1,19.0,24,10.9,14
0.5,0.25,1.0,Nevada,61.0,61,61,61.0,5.0,5.0,5,0.0,0.0,62.0,62.0,64.0,64.0,,,0.0,0.0,0,0.0,0
1.0,0.25,0.5,Nevada,61.0,61,61,61.0,5.0,5.0,5,0.0,0.0,62.0,62.0,64.0,64.0,,,0.0,0.0,0,0.0,0
1.0,0.25,2.0,Nevada,61.0,61,61,61.0,5.0,5.0,5,0.0,0.0,62.0,62.0,64.0,64.0,,,0.0,0.0,0,0.0,0
0.5,0.25,2.0,Nevada,61.0,61,61,61.0,5.0,5.0,5,0.0,0.0,62.0,62.0,64.0,64.0,,,0.0,0.0,0,0.0,0
0.5,0.25,0.5,Nevada,61.0,61,61,61.0,5.0,5.0,5,0.0,0.0,62.0,62.0,64.0,64.0,,,0.0,0.0,0,0.0,0
1.0,0.25,1.0,Nevada,61.0,61,61,61.0,5.0,5.0,5,0.0,0.0,62.0,62.0,64.0,64.0,,,0.0,0.0,0,0.0,0
2.0,0.25,2.0,Nevada,61.0,61,61,61.0,5.0,5.0,5,0.0,0.0,62.0,62.0,64.0,64.0,,,0.0,0.0,0,0.0,0
2.0,0.25,0.5,Nevada,61.0,61,61,61.0,5.0,5.0,5,0.0,0.0,62.0,62.0,64.0,64.0,,,0.0,0.0,0,0.0,0
0.5,0.25,1.0,Michigan,61.0,52,68,64.0,39.5,39.5,43,0.6,2.0,66.2,67.5,69.8,69.5,58.1,67.5,41.4,42.0,47,18.5,21
2.0,0.25,0.5,Michigan,61.0,52,68,64.0,42.3,42.5,45,0.0,0.0,64.1,68.0,69.0,68.0,51.0,48.5,38.0,38.0,43,22.6,26
0.5,0.05,0.5,California,61.0,59,63,61.0,1.9,2.0,4,12.142857142857142,28.0,81.14285714285714,74.0,74.0,74.0,28.0,28.0,59.3,59.0,65,35.1,37
2.0,0.05,2.0,California,61.0,59,63,61.0,3.2,3.0,4,13.6,35.0,97.9,74.0,229.375,283.0,28.0,28.0,64.4,64.0,72,36.0,38
2.0,0.05,0.5,California,61.0,59,63,61.0,3.0,3.0,5,19.5,37.0,141.0,95.5,204.14285714285714,283.0,28.0,28.0,69.6,68.0,87,36.6,38
1.0,0.01,0.5,Minnesota,61.1,52,85,56.0,27.0,26.5,35,3.2,12.0,81.1,89.5,93.4,98.5,54.7,47.5,46.1,46.0,55,37.0,44
0.5,0.05,1.0,California,61.2,59,63,62.0,2.5,2.5,4,12.11111111111111,36.0,96.0,74.0,147.8,111.0,28.0,28.0,65.8,66.0,69,34.8,37
1.0,0.01,2.0,Minnesota,61.2,52,85,56.0,28.1,27.5,35,3.3,14.0,80.1,84.5,90.9,93.5,44.3,28.0,55.3,54.0,67,39.6,45
2.0,0.01,2.0,Minnesota,61.2,55,84,56.0,26.7,26.0,35,6.2,16.0,85.4,91.0,91.6,94.0,42.9,28.0,54.3,54.0,61,41.1,47
1.0,0.05,0.5,Indiana,61.3,58,87,58.0,51.3,50.5,56,0.1,1.0,67.0,60.0,81.5,80.5,80.0,78.0,12.7,13.0,17,6.5,12
0.5,0.1,2.0,Wisconsin,61.4,38,67,64.0,44.8,45.0,47,0.2,1.0,67.4,67.0,70.0,70.0,28.0,28.0,77.3,79.0,84,19.6,22
2.0,0.25,1.0,Nevada,61.5,61,66,61.0,5.0,5.0,5,0.0,0.0,63.8,62.0,66.0,64.0,,,0.0,0.0,0,0.0,0
1.0,0.1,0.5,Nevada,61.5,61,66,61.0,5.0,5.0,5,0.0,0.0,64.2,62.0,66.5,64.0,265.0,265.0,1.0,1.0,1,0.0,0
0.5,0.1,2.0,Nevada,61.5,61,66,61.0,5.0,5.0,5,0.0,0.0,64.2,62.0,72.3,64.0,,,0.0,0.0,0,0.0,0
1.0,0.1,0.5,South Dakota,61.5,52,66,66.0,41.5,41.5,45,0.0,0.0,68.3,67.0,71.6,74.0,33.8,28.0,14.9,14.5,18,2.2,4
0.5,0.05,1.0,Indiana,61.5,58,87,58.0,49.4,49.0,56,0.5,3.0,74.2,73.5,86.4,88.0,81.2,80.5,11.7,11.0,16,7.4,12
1.0,0.05,1.0,California,61.5,59,70,60.0,3.5,3.0,5,14.9,36.0,99.4,74.0,198.625,228.5,28.0,28.0,66.3,65.0,74,35.5,37
2.0,0.1,0.5,Nebraska,61.6,39,70,63.0,41.8,42.0,43,0.0,0.0,67.4,66.0,70.5,70.0,115.4,83.0,3.3,3.0,5,4.8,6
1.0,0.25,1.0,Vermont,61.7,55,95,55.0,9.4,9.0,11,0.3,1.0,88.5,84.0,95.9,95.0,80.4,91.0,7.8,7.5,12,4.2,6
2.0,0.1,2.0,Nebraska,61.7,39,68,63.0,44.0,44.0,46,0.0,0.0,68.1,69.0,71.3,71.5,82.1,82.0,3.8,3.5,6,5.8,8
1.0,0.05,2.0,California,61.7,59,70,61.0,3.6,3.0,6,13.4,36.0,90.1,74.0,225.3,279.5,28.0,28.0,65.5,66.5,75,35.8,37
1.0,0.1,2.0,Nebraska,61.9,39,70,63.0,42.7,43.0,45,0.0,0.0,67.4,66.0,70.6,70.0,117.6,82.0,3.9,4.0,7,5.2,7
2.0,0.05,1.0,California,61.9,59,70,62.0,3.7,3.5,5,8.9,28.0,74.4,74.0,165.625,117.5,28.0,28.0,63.5,63.0,71,35.4,38
2.0,0.1,1.0,Nevada,62.0,61,66,61.0,5.0,5.0,5,0.0,0.0,66.2,62.0,80.2,64.0,265.0,265.0,1.0,1.0,1,0.0,0
0.5,0.1,1.0,Nevada,62.0,61,66,61.0,5.0,5.0,5,0.0,0.0,66.4,62.0,78.2,64.0,,,0.0,0.0,0,0.0,0
2.0,0.1,2.0,Nevada,62.0,61,66,61.0,5.0,5.0,5,0.0,0.0,66.2,62.0,70.5,64.0,,,0.0,0.0,0,0.0,0
2.0,0.1,0.5,Nevada,62.0,61,66,61.0,5.0,5.0,5,0.0,0.0,65.8,62.0,76.3,64.0,,,0.0,0.0,0,0.0,0
1.0,0.1,1.0,Nevada,62.0,61,66,61.0,5.0,5.0,5,0.0,0.0,65.6,62.0,68.0,64.0,,,0.0,0.0,0,0.0,0
2.0,0.25,2.0,North Dakota,62.1,56,65,64.5,22.4,22.5,23,0.0,0.0,68.2,68.5,70.4,72.5,88.4,89.0,10.3,11.0,12,3.0,5
1.0,0.1,2.0,South Dakota,62.1,50,77,64.0,46.0,45.5,48,0.0,0.0,68.5,66.5,72.5,74.0,28.0,28.0,16.7,17.0,18,3.6,5
1.0,0.25,2.0,North Dakota,62.2,56,65,65.0,23.3,23.0,25,0.0,0.0,69.1,72.0,71.9,73.0,88.6,89.0,8.3,8.5,12,3.0,4
2.0,0.25,0.5,North Dakota,62.2,56,65,65.0,20.0,20.0,21,0.0,0.0,68.9,72.0,70.5,73.0,88.2,89.0,9.3,9.5,12,3.1,4
0.5,0.1,2.0,South Dakota,62.3,50,66,66.0,42.3,43.0,45,0.0,0.0,70.2,70.5,73.4,75.5,28.0,28.0,15.0,14.0,20,1.6,5
2.0,0.1,1.0,Vermont,62.4,55,100,55.0,9.4,10.0,12,0.1,1.0,96.6,97.0,105.7,106.0,59.5,59.5,8.3,8.0,11,4.6,7
1.0,0.05,0.5,Arkansas,62.6,55,100,55.0,8.9,8.5,12,0.0,0.0,105.5,100.0,166.6,155.0,102.6,112.0,3.5,4.0,5,0.1,1
2.0,0.05,0.5,Arkansas,62.6,55,100,55.0,11.0,11.0,12,0.0,0.0,102.0,100.0,159.2,155.0,109.5,112.0,3.7,4.0,6,0.1,1
0.5,0.01,2.0,Oklahoma,62.6,47,83,61.0,25.2,25.5,28,0.0,0.0,83.6,83.0,104.2,96.0,40.0,28.0,7.7,8.0,13,3.2,6
1.0,0.25,1.0,Wyoming,62.7,40,68,63.0,11.6,12.0,12,0.0,0.0,65.2,65.5,68.1,68.0,88.2,90.0,3.8,4.0,5,2.0,2
1.0,0.1,0.5,Wisconsin,62.7,38,76,64.0,45.2,46.0,48,0.2,1.0,67.6,67.0,71.1,72.0,28.0,28.0,76.5,78.0,83,18.5,22
1.0,0.25,0.5,Michigan,62.8,52,68,64.0,40.7,41.5,44,0.0,0.0,68.1,68.0,70.8,69.5,65.8,74.0,38.5,38.0,46,20.7,24
1.0,0.05,1.0,Indiana,62.9,58,89,58.0,55.3,55.5,59,0.0,0.0,69.4,60.0,84.2,87.0,69.1,71.0,13.6,13.5,19,8.0,12
1.0,0.1,1.0,Iowa,62.9,40,75,65.5,31.3,31.0,36,1.1,3.0,70.8,69.5,72.4,75.0,51.9,51.5,88.2,86.5,107,54.2,57
0.5,0.05,2.0,Nevada,63.0,61,66,61.0,4.9,5.0,5,0.0,0.0,77.6,64.0,97.5,84.0,265.0,265.0,1.0,1.0,1,0.0,0
0.5,0.1,0.5,Nevada,63.0,61,66,61.0,4.9,5.0,5,0.0,0.0,71.2,64.0,92.7,84.0,,,0.0,0.0,0,0.0,0
0.5,0.25,0.5,Utah,63.0,63,63,63.0,11.6,12.0,12,0.0,0.0,78.0,78.0,79.0,79.0,28.0,28.0,9.3,9.0,12,0.2,1
1.0,0.25,0.5,Utah,63.0,63,63,63.0,12.9,13.0,14,0.0,0.0,78.0,78.0,79.0,79.0,28.0,28.0,11.1,10.5,15,0.9,2
0.5,0.25,1.0,Utah,63.0,63,63,63.0,12.9,13.0,14,0.0,0.0,78.0,78.0,79.0,79.0,28.0,28.0,9.7,10.0,11,1.0,2
1.0,0.25,1.0,Utah,63.0,63,63,63.0,13.7,14.0,14,0.0,0.0,78.0,78.0,79.0,79.0,28.0,28.0,10.9,11.5,13,1.2,2
1.0,0.25,2.0,Utah,63.0,63,63,63.0,14.2,14.0,15,0.0,0.0,78.0,78.0,79.0,79.0,28.0,28.0,11.9,11.5,14,1.4,2
2.0,0.25,0.5,Utah,63.0,63,63,63.0,13.8,14.0,14,0.0,0.0,78.0,78.0,79.6,79.0,32.2,28.0,11.8,12.0,15,1.4,2
2.0,0.25,2.0,Utah,63.0,63,63,63.0,13.9,14.0,15,0.0,0.0,78.0,78.0,79.0,79.0,28.0,28.0,12.0,12.0,14,1.6,2
0.5,0.25,2.0,Utah,63.0,63,63,63.0,13.1,13.0,14,0.0,0.0,78.0,78.0,79.0,79.0,28.0,28.0,11.2,11.0,14,1.8,3
2.0,0.1,0.5,Wyoming,63.0,40,70,68.0,12.2,12.0,14,0.0,0.0,66.1,70.0,70.3,70.0,85.0,90.0,7.5,7.5,10,1.8,3
1.0,0.25,1.0,North Dakota,63.0,56,65,65.0,19.7,19.5,22,0.0,0.0,69.0,72.0,71.2,73.0,87.5,89.0,7.6,8.0,11,3.0,5
0.5,0.25,2.0,North Dakota,63.0,56,65,65.0,18.1,18.0,21,0.0,0.0,69.1,72.0,71.9,73.0,87.7,89.0,6.3,6.0,11,3.2,5
2.0,0.05,2.0,South Dakota,63.0,50,66,66.0,45.2,45.0,50,0.0,0.0,71.7,75.0,75.1,77.0,28.0,28.0,16.5,15.5,25,3.7,7
1.0,0.01,1.0,Kentucky,63.0,34,154,52.0,36.4,37.0,43,0.3,1.0,125.7,131.0,150.3,154.0,152.4,189.5,10.6,10.5,14,6.2,10
0.5,0.25,0.5,Michigan,63.0,52,72,64.0,32.7,32.5,36,0.3,3.0,68.5,68.0,73.0,75.0,71.9,72.5,33.5,33.5,39,16.2,19
0.5,0.1,0.5,Wisconsin,63.0,38,74,64.0,41.6,42.0,44,0.9,3.0,70.8,72.0,73.1,72.0,28.0,28.0,62.8,61.5,73,20.0,24
0.5,0.25,1.0,North Dakota,63.1,56,65,65.0,13.8,14.0,15,0.0,0.0,69.7,72.0,71.3,73.0,88.8,89.0,5.0,4.0,8,2.1,5
2.0,0.1,0.5,Vermont,63.2,55,97,55.0,9.6,9.5,12,0.0,0.0,95.7,100.5,103.7,105.0,75.8,91.0,8.1,8.0,11,3.9,5
2.0,0.1,1.0,Florida,63.2,59,65,65.0,19.6,19.5,22,0.0,0.0,70.5,68.0,76.2,79.0,28.0,28.0,31.6,32.0,36,14.6,16
0.5,0.1,2.0,Nebraska,63.3,63,66,63.0,38.5,38.0,40,0.0,0.0,67.1,66.0,70.7,70.0,96.2,82.0,3.1,3.0,5,2.3,3
2.0,0.05,2.0,Indiana,63.3,58,87,58.0,56.8,56.5,59,0.2,2.0,69.7,60.0,82.6,87.0,67.7,66.0,16.5,16.0,23,10.5,14
1.0,0.1,1.0,Nebraska,63.6,63,66,63.0,39.8,39.5,42,0.0,0.0,66.8,66.0,70.2,69.5,79.5,82.0,3.6,3.5,5,3.0,4
1.0,0.1,0.5,Nebraska,63.7,60,70,63.0,34.6,34.0,38,0.0,0.0,67.5,66.0,70.7,70.0,80.9,82.0,3.2,3.0,6,2.1,3
0.5,0.25,2.0,Florida,63.8,59,65,65.0,21.2,21.5,23,0.0,0.0,67.3,68.0,75.7,79.0,28.0,28.0,27.0,27.0,30,12.9,15
2.0,0.25,2.0,Florida,63.8,59,65,65.0,20.7,20.5,23,0.0,0.0,67.0,67.0,72.4,68.0,28.0,28.0,32.1,31.5,37,13.5,16
2.0,0.25,1.0,Florida,63.8,59,65,65.0,20.7,21.0,23,0.0,0.0,67.2,68.0,74.6,79.0,28.0,28.0,30.7,30.5,34,13.6,16
2.0,0.25,0.5,Florida,63.8,59,65,65.0,19.4,20.0,21,0.0,0.0,67.3,68.0,75.6,79.0,28.0,28.0,30.4,30.5,35,14.8,18
2.0,0.05,2.0,Florida,63.8,59,65,65.0,17.6,18.0,20,0.0,0.0,71.9,68.0,80.7,80.0,28.0,28.0,32.3,33.0,38,16.6,20
0.5,0.25,0.5,North Dakota,63.9,56,65,65.0,12.4,12.0,14,0.0,0.0,69.9,72.0,72.7,73.0,89.0,89.0,3.4,3.0,6,1.2,2
2.0,0.05,1.0,Wyoming,64.0,40,74,68.0,12.4,12.5,14,0.0,0.0,67.0,70.0,71.3,71.5,87.7,90.0,7.0,7.0,9,1.7,3
0.5,0.1,1.0,Nebraska,64.0,63,70,63.0,30.6,30.0,33,0.0,0.0,67.5,66.0,70.5,70.0,81.3,82.0,2.4,2.5,4,2.1,3
2.0,0.1,2.0,Michigan,64.0,52,68,64.0,41.3,41.0,45,0.2,2.0,69.7,68.0,73.7,75.0,56.1,74.0,42.8,43.0,48,23.2,27
0.5,0.05,2.0,Indiana,64.2,58,89,58.0,54.8,55.5,58,0.2,1.0,70.5,67.0,84.9,87.0,78.5,78.0,14.5,13.5,20,6.9,12
1.0,0.05,2.0,Indiana,64.2,58,89,58.0,56.0,56.0,61,0.0,0.0,69.0,60.0,83.1,83.5,74.8,71.0,16.3,16.5,21,9.8,15
2.0,0.05,0.5,Wisconsin,64.2,38,76,67.0,45.5,45.5,50,0.4,1.0,70.0,72.0,72.7,72.0,29.2,28.0,69.0,70.0,77,19.1,24
1.0,0.05,0.5,Nevada,64.3,61,74,63.5,5.0,5.0,5,0.0,0.0,73.2,74.0,106.3,109.5,265.0,265.0,1.0,1.0,1,0.0,0
1.0,0.1,2.0,Nevada,64.3,61,84,61.0,5.0,5.0,5,0.0,0.0,69.1,62.0,81.9,64.0,265.0,265.0,1.0,1.0,1,0.0,0
0.5,0.05,0.5,Nebraska,64.3,39,70,66.0,22.1,22.0,25,0.0,0.0,71.6,70.0,75.4,77.0,90.1,83.0,2.0,2.0,3,2.0,2
1.0,0.25,0.5,Florida,64.4,59,65,65.0,20.7,20.5,23,0.0,0.0,68.8,68.0,78.0,79.0,70.0,70.0,21.9,21.5,25,12.8,14
1.0,0.25,1.0,Florida,64.4,59,65,65.0,20.3,20.5,23,0.0,0.0,67.4,68.0,74.6,79.0,28.0,28.0,29.1,28.5,33,13.8,17
2.0,0.1,0.5,Florida,64.4,59,65,65.0,19.0,18.5,22,0.0,0.0,68.6,68.0,76.9,79.0,28.0,28.0,30.4,29.5,36,15.0,17
2.0,0.05,0.5,Florida,64.4,59,65,65.0,18.6,19.0,21,0.0,0.0,69.7,68.0,79.6,79.0,28.0,28.0,28.0,27.5,32,15.3,18
1.0,0.05,1.0,Florida,64.4,59,65,65.0,18.2,18.5,20,0.0,0.0,72.9,68.0,82.2,80.0,28.0,28.0,27.7,27.0,32,15.7,18
2.0,0.05,1.0,Florida,64.4,59,65,65.0,18.0,18.0,23,0.0,0.0,73.2,73.5,78.5,80.0,28.0,28.0,31.0,32.0,36,16.0,19
1.0,0.1,0.5,Utah,64.5,63,78,63.0,12.2,12.5,14,0.0,0.0,78.1,78.0,80.8,79.0,34.9,28.0,11.1,11.5,14,1.5,3
0.5,0.1,2.0,Utah,64.5,63,78,63.0,12.7,13.0,15,0.0,0.0,78.1,78.0,81.4,79.0,28.0,28.0,12.5,12.0,14,1.5,4
2.0,0.25,1.0,Utah,64.5,63,78,63.0,13.8,14.0,15,0.0,0.0,78.1,78.0,79.6,79.0,28.0,28.0,13.1,13.5,16,2.0,3
2.0,0.1,1.0,Nebraska,64.5,63,70,63.0,44.1,44.5,47,0.0,0.0,68.7,69.5,72.5,71.5,83.7,84.0,3.4,3.5,5,4.8,6
1.0,0.25,1.0,Montana,64.5,47,88,60.0,17.0,17.0,18,0.0,0.0,87.9,88.0,108.4,110.0,119.5,109.0,2.4,2.5,4,7.3,9
1.0,0.01,2.0,Idaho,64.5,51,66,66.0,11.4,11.5,15,0.3,2.0,73.1,67.0,101.2,100.5,41.1,28.0,27.6,27.0,38,12.2,16
0.5,0.1,1.0,South Dakota,64.6,52,66,66.0,41.6,42.0,43,0.0,0.0,72.4,74.0,74.9,77.0,33.8,28.0,11.0,10.5,14,1.7,3
0.5,0.1,0.5,Nebraska,64.6,63,70,63.0,24.2,24.0,26,0.0,0.0,67.5,66.0,71.8,70.0,81.3,82.0,2.2,2.0,3,1.7,2
1.0,0.01,0.5,Idaho,64.6,51,67,66.0,10.9,10.0,16,0.6,2.0,90.8,85.5,111.5,112.0,75.0,75.0,17.6,15.0,36,10.2,17
0.5,0.05,0.5,South Dakota,64.7,52,74,66.0,35.2,35.0,38,0.0,0.0,74.1,77.0,76.3,77.0,33.8,28.0,9.1,9.0,12,1.5,3
0.5,0.25,1.0,Washington,64.7,63,69,64.0,13.8,14.0,15,0.0,0.0,69.1,69.0,74.0,72.0,28.0,28.0,19.5,20.0,23,10.5,12
1.0,0.25,2.0,Washington,64.7,63,69,64.0,13.3,12.5,16,0.0,0.0,69.1,69.0,74.0,72.0,28.0,28.0,23.3,23.0,30,15.0,16
1.0,0.1,0.5,North Dakota,64.9,64,65,65.0,15.4,15.0,16,0.0,0.0,71.3,72.0,72.9,73.0,88.6,89.0,6.5,6.5,8,1.5,4
1.0,0.25,0.5,North Dakota,64.9,64,65,65.0,16.2,16.0,18,0.0,0.0,71.3,72.0,72.9,73.0,88.4,89.0,6.5,6.0,9,1.7,3
2.0,0.1,1.0,South Dakota,64.9,50,77,66.0,46.7,46.5,50,0.0,0.0,71.2,74.0,74.0,77.0,28.0,28.0,18.6,18.5,24,3.1,6
2.0,0.25,1.0,North Dakota,64.9,64,65,65.0,22.6,22.5,24,0.0,0.0,71.3,72.0,72.9,73.0,88.8,89.0,9.2,9.0,12,3.3,5
2.0,0.01,1.0,Idaho,64.9,51,67,66.0,14.6,13.5,20,0.7,2.0,93.8,102.5,104.9,108.0,52.2,28.0,25.8,25.5,32,9.1,13
2.0,0.25,2.0,Washington,64.9,63,69,64.0,13.9,13.5,16,0.0,0.0,69.6,69.0,75.0,72.0,33.3,28.0,22.3,23.0,26,15.0,18
0.5,0.1,2.0,North Dakota,65.0,65,65,65.0,19.8,20.0,21,0.0,0.0,72.0,72.0,73.0,73.0,82.7,89.0,5.2,5.0,8,1.6,3
0.5,0.1,0.5,Wyoming,65.0,40,68,68.0,9.7,10.0,10,0.0,0.0,67.9,70.0,71.8,75.0,88.6,90.0,5.2,5.0,7,1.7,2
1.0,0.05,0.5,South Dakota,65.0,52,77,66.0,39.3,39.5,42,0.0,0.0,74.7,75.5,76.9,78.0,28.0,28.0,13.3,13.0,16,2.1,3
0.5,0.1,1.0,North Dakota,65.0,65,65,65.0,12.7,12.5,14,0.0,0.0,72.0,72.0,73.0,73.0,88.8,89.0,4.1,4.0,6,2.2,6
0.5,0.01,1.0,Oklahoma,65.0,47,83,65.0,15.7,16.0,19,0.0,0.0,89.8,88.0,110.4,109.0,51.0,28.0,8.0,7.5,14,2.5,5
1.0,0.1,1.0,North Dakota,65.0,65,65,65.0,18.1,18.5,20,0.0,0.0,72.0,72.0,73.0,73.0,89.0,89.0,5.5,5.0,8,2.6,4
2.0,0.1,1.0,North Dakota,65.0,65,65,65.0,21.3,22.0,23,0.0,0.0,72.0,72.0,73.0,73.0,89.0,89.0,8.7,9.0,12,3.2,5
2.0,0.1,0.5,North Dakota,65.0,65,65,65.0,18.6,18.0,22,0.0,0.0,72.0,72.0,73.0,73.0,88.6,89.0,8.7,9.0,11,3.7,6
0.5,0.25,0.5,Florida,65.0,65,65,65.0,18.9,19.0,21,0.0,0.0,67.7,68.0,75.7,79.0,70.0,70.0,14.2,14.0,17,9.7,12
0.5,0.1,0.5,Florida,65.0,65,65,65.0,17.2,17.0,19,0.0,0.0,67.9,68.0,78.2,79.0,66.0,70.0,13.4,13.0,19,10.6,13
0.5,0.05,0.5,Florida,65.0,65,65,65.0,14.7,15.0,18,0.0,0.0,74.2,73.5,81.7,80.0,44.8,28.0,13.5,13.0,17,12.4,15
0.5,0.25,1.0,Florida,65.0,65,65,65.0,19.3,19.5,21,0.0,0.0,67.8,68.0,76.8,79.0,71.2,70.0,19.6,20.0,21,12.6,17
1.0,0.25,2.0,Florida,65.0,65,65,65.0,20.6,20.0,24,0.0,0.0,67.7,68.0,75.7,79.0,28.0,28.0,31.7,31.5,37,13.6,16
0.5,0.1,1.0,Florida,65.0,65,65,65.0,17.7,17.5,20,0.0,0.0,72.5,68.0,79.8,79.0,65.8,70.0,20.1,20.0,23,14.3,17
1.0,0.1,2.0,Florida,65.0,65,65,65.0,19.8,19.5,22,0.0,0.0,70.1,68.0,79.2,79.0,28.0,28.0,31.0,30.5,36,14.3,16
2.0,0.25,1.0,Washington,65.0,64,69,64.0,13.8,13.5,16,0.0,0.0,69.6,69.0,74.3,72.0,28.0,28.0,23.5,24.0,31,14.5,16
1.0,0.1,1.0,Florida,65.0,65,65,65.0,19.4,19.5,21,0.0,0.0,69.0,68.0,77.9,79.0,28.0,28.0,28.0,28.5,31,14.7,16
1.0,0.1,0.5,Florida,65.0,65,65,65.0,18.1,18.0,21,0.0,0.0,71.2,68.0,78.4,79.0,70.0,70.0,21.1,20.5,26,14.8,17
2.0,0.1,2.0,Florida,65.0,65,65,65.0,19.2,18.5,23,0.0,0.0,71.2,68.0,78.3,79.0,28.0,28.0,31.7,32.0,38,15.0,18
0.5,0.1,2.0,Florida,65.0,65,65,65.0,18.9,19.0,23,0.0,0.0,69.1,68.0,79.1,79.0,28.0,28.0,25.8,26.0,27,15.0,18
2.0,0.25,1.0,Missouri,65.0,57,75,61.0,79.3,80.0,82,0.0,0.0,74.1,75.0,78.5,81.0,28.0,28.0,13.3,13.0,16,15.1,19
0.5,0.01,2.0,Florida,65.0,65,65,65.0,14.9,15.0,19,0.5,2.0,116.2,127.0,140.4,145.5,44.8,28.0,17.4,18.0,23,15.2,18
0.5,0.05,1.0,Florida,65.0,65,65,65.0,15.9,16.0,21,0.0,0.0,72.8,68.0,82.3,80.0,53.2,70.0,20.5,20.0,24,15.3,19
1.0,0.05,0.5,Florida,65.0,65,65,65.0,17.6,17.5,20,0.0,0.0,74.8,79.0,81.6,79.5,49.0,49.0,21.2,21.5,25,15.4,17
0.5,0.05,2.0,Florida,65.0,65,65,65.0,18.5,18.0,23,0.0,0.0,71.6,68.0,79.9,80.0,28.0,28.0,24.7,24.5,29,15.4,18
1.0,0.05,2.0,Florida,65.0,65,65,65.0,17.1,17.0,19,0.0,0.0,75.1,79.0,80.9,80.0,28.0,28.0,29.5,30.0,36,17.0,19
2.0,0.01,1.0,Minnesota,65.1,55,94,56.0,30.1,30.0,36,2.4,15.0,78.3,79.5,91.8,91.5,44.7,28.0,55.0,57.0,61,37.7,42
0.5,0.05,2.0,South Dakota,65.2,50,74,66.0,41.6,42.0,43,0.0,0.0,75.6,77.0,77.4,77.0,28.0,28.0,13.7,13.0,17,1.3,4
2.0,0.1,1.0,Michigan,65.2,52,68,68.0,42.7,43.0,46,0.0,0.0,70.4,68.0,74.4,75.0,37.7,28.0,42.9,41.5,52,21.7,27
2.0,0.1,0.5,Michigan,65.2,52,68,68.0,42.2,42.5,46,0.0,0.0,71.5,71.5,76.0,76.0,47.9,28.0,42.6,43.0,47,21.8,25
2.0,0.25,2.0,New York,65.2,62,66,66.0,9.8,10.0,12,0.0,0.0,76.3,79.5,81.3,83.0,28.0,28.0,216.3,216.5,227,39.3,41
2.0,0.1,1.0,Iowa,65.2,40,75,70.0,30.5,30.5,35,0.3,1.0,72.1,75.0,73.2,75.0,65.8,75.5,96.5,94.0,115,56.3,62
2.0,0.05,2.0,Nevada,65.3,61,84,63.5,5.0,5.0,5,0.0,0.0,88.7,74.0,115.3,86.5,,,0.0,0.0,0,0.0,0
0.5,0.1,0.5,Washington,65.3,63,69,64.0,11.9,12.0,14,0.0,0.0,69.4,69.0,76.0,72.0,28.0,28.0,16.3,15.5,20,10.4,12
0.5,0.25,0.5,Washington,65.3,63,69,64.0,11.6,11.5,14,0.0,0.0,69.9,69.0,75.1,72.0,43.9,28.0,14.9,14.0,19,11.7,14
2.0,0.05,0.5,Nevada,65.4,61,80,66.0,5.0,5.0,5,0.0,0.0,83.4,82.0,110.3,89.0,265.0,265.0,1.0,1.0,1,0.0,0
2.0,0.1,0.5,Pennsylvania,65.4,57,81,64.5,48.4,48.0,52,0.1,1.0,78.8,76.5,85.9,90.5,28.0,28.0,34.7,34.5,42,9.0,11
1.0,0.1,1.0,Pennsylvania,65.4,57,81,64.5,48.2,48.0,50,0.0,0.0,78.7,72.0,89.5,91.5,28.0,28.0,35.6,35.5,39,9.3,11
1.0,0.1,0.5,Washington,65.4,63,69,64.0,12.0,12.0,14,0.0,0.0,69.9,69.0,76.3,72.0,28.0,28.0,22.8,23.0,25,12.3,14
1.0,0.25,1.0,Washington,65.4,63,69,64.0,13.9,14.0,16,0.0,0.0,69.4,69.0,76.2,72.0,28.0,28.0,22.6,22.5,26,13.2,15
2.0,0.1,0.5,Washington,65.4,63,69,64.0,12.2,12.0,14,0.0,0.0,69.4,69.0,75.6,72.0,33.3,28.0,25.5,26.0,30,13.7,15
1.0,0.25,1.0,Ohio,65.4,60,66,66.0,60.5,61.0,64,0.1,1.0,69.6,70.0,74.0,72.0,28.0,28.0,38.7,40.0,43,16.7,20
2.0,0.1,2.0,Wisconsin,65.4,62,67,67.0,45.2,45.5,51,0.3,1.0,68.8,68.0,70.4,72.0,28.0,28.0,70.9,72.5,79,19.7,27
ALL,ALL,ALL,Nebraska,65.44722222222222,39,126,64.0,34.638888888888886,36.0,48,0.0,0.0,73.03888888888889,70.0,78.91666666666667,73.0,113.5225988700565,82.0,3.3240223463687153,3.0,9,4.213888888888889,11
0.5,0.25,2.0,Washington,65.5,64,69,64.0,13.7,14.0,15,0.0,0.0,69.9,69.0,75.8,72.0,28.0,28.0,21.0,21.0,26,12.9,14
1.0,0.1,2.0,Michigan,65.5,63,68,64.0,41.2,41.5,47,0.2,2.0,70.4,68.0,74.5,75.5,46.9,28.0,43.7,44.0,50,22.8,27
0.5,0.1,0.5,Iowa,65.5,40,75,68.5,26.6,27.0,31,0.9,3.0,71.7,71.5,73.7,75.0,60.9,74.5,76.4,73.5,91,51.5,58
1.0,0.05,2.0,Wisconsin,65.6,38,76,67.0,43.7,44.0,46,0.4,1.0,73.0,72.0,75.1,74.0,37.8,28.0,66.9,65.5,81,20.6,24
0.5,0.05,0.5,Nevada,65.7,61,74,66.0,4.7,5.0,5,0.0,0.0,80.9,80.0,100.1,84.0,,,0.0,0.0,0,0.0,0
0.5,0.1,0.5,North Dakota,65.7,65,72,65.0,10.8,11.0,12,0.0,0.0,72.1,72.0,74.1,73.0,88.6,89.0,2.2,2.0,4,0.9,2
2.0,0.1,2.0,North Dakota,65.7,65,72,65.0,21.3,21.5,22,0.0,0.0,72.1,72.0,73.9,73.0,82.7,89.0,9.9,10.0,12,3.1,5
1.0,0.1,2.0,North Dakota,65.7,65,72,65.0,20.8,21.0,22,0.0,0.0,72.1,72.0,74.0,73.0,88.6,89.0,8.7,8.5,12,3.8,6
0.5,0.05,1.0,Nevada,65.8,61,84,66.0,4.7,5.0,5,0.0,0.0,81.1,82.0,98.7,86.5,265.0,265.0,1.0,1.0,1,0.0,0
0.5,0.05,2.0,Arkansas,65.8,55,100,55.0,9.7,10.0,11,0.0,0.0,101.5,100.0,149.8,155.0,106.8,106.0,4.5,5.0,6,0.0,0
2.0,0.05,1.0,Arkansas,65.8,55,100,55.0,12.8,13.0,14,0.0,0.0,99.9,100.0,136.0,144.0,99.1,106.0,4.3,4.0,7,1.5,2
2.0,0.1,2.0,Wyoming,65.8,46,70,68.0,13.0,13.0,15,0.0,0.0,68.7,70.0,71.9,70.0,89.4,90.0,6.7,6.5,9,1.5,3
2.0,0.1,2.0,South Dakota,65.8,64,66,66.0,47.1,46.5,50,0.0,0.0,70.3,71.0,73.2,75.5,28.0,28.0,18.7,19.0,21,3.2,4
0.5,0.05,0.5,Wisconsin,65.9,38,76,64.0,41.8,41.5,44,0.2,1.0,72.6,70.0,77.0,76.0,37.8,28.0,60.1,57.5,72,19.9,23
2.0,0.1,1.0,Utah,66.0,63,78,63.0,13.2,13.0,15,0.0,0.0,78.8,78.0,81.8,79.0,36.3,28.0,12.9,13.0,17,1.1,2
0.5,0.1,1.0,Utah,66.0,63,78,63.0,11.8,12.0,13,0.0,0.0,78.2,78.0,82.8,84.0,39.1,28.0,9.0,8.5,12,1.3,3
1.0,0.1,1.0,Utah,66.0,63,78,63.0,13.3,14.0,15,0.0,0.0,78.2,78.0,81.2,79.0,33.2,28.0,12.6,12.5,17,1.4,4
2.0,0.1,0.5,Utah,66.0,63,78,63.0,13.1,13.0,15,0.0,0.0,78.8,78.0,82.2,82.0,28.0,28.0,12.7,13.0,18,1.5,3
2.0,0.05,0.5,South Dakota,66.0,52,74,66.0,44.0,44.5,46,0.0,0.0,72.6,74.0,74.6,77.0,33.8,28.0,15.3,15.5,18,1.7,5
2.0,0.1,2.0,Utah,66.0,63,78,63.0,13.4,13.0,15,0.0,0.0,78.2,78.0,81.9,81.5,34.9,28.0,13.4,13.5,16,1.8,3
0.5,0.05,2.0,Nebraska,66.0,63,70,66.0,36.7,36.5,40,0.0,0.0,71.3,70.0,75.9,77.0,110.8,84.0,2.2,2.0,3,2.8,4
2.0,0.25,1.0,Montana,66.0,47,88,60.0,16.6,17.0,18,0.0,0.0,91.0,88.0,111.3,124.0,127.7,109.0,4.3,4.0,8,8.6,11
2.0,0.25,0.5,Montana,66.0,47,88,60.0,16.9,17.0,19,0.0,0.0,90.8,88.0,107.0,110.0,159.9,150.0,2.4,2.0,5,9.3,10
1.0,0.1,1.0,Washington,66.0,64,69,64.0,12.6,12.5,14,0.0,0.0,70.2,69.0,75.9,72.0,33.3,28.0,25.5,25.0,30,13.1,16
1.0,0.05,0.5,Ohio,66.0,66,66,66.0,49.7,49.5,54,0.3,1.0,78.7,79.0,81.3,79.0,28.0,28.0,33.1,33.0,39,14.8,19
2.0,0.25,1.0,Ohio,66.0,66,66,66.0,63.6,63.5,67,0.0,0.0,68.6,68.0,74.2,73.5,28.0,28.0,40.7,41.0,47,15.1,18
2.0,0.1,0.5,Ohio,66.0,66,66,66.0,59.4,59.0,63,0.2,1.0,72.4,70.0,78.5,79.0,28.0,28.0,39.6,40.0,44,15.2,20
2.0,0.25,2.0,Ohio,66.0,66,66,66.0,62.6,63.0,67,0.0,0.0,68.5,68.5,70.7,70.0,28.0,28.0,40.8,40.5,45,15.6,20
2.0,0.25,0.5,Ohio,66.0,66,66,66.0,60.8,61.5,66,0.2,1.0,69.7,69.5,71.4,70.0,28.0,28.0,39.5,40.0,44,16.0,20
1.0,0.25,2.0,Ohio,66.0,66,66,66.0,62.1,62.0,65,0.0,0.0,68.8,68.0,71.3,71.0,28.0,28.0,40.6,40.0,49,16.2,19
2.0,0.1,2.0,Ohio,66.0,66,66,66.0,59.2,59.0,62,0.2,1.0,74.5,76.0,76.8,79.0,28.0,28.0,39.9,40.0,46,16.8,21
2.0,0.05,0.5,Michigan,66.0,52,76,68.0,40.5,40.5,47,0.2,2.0,72.8,75.0,77.9,78.0,44.0,28.0,42.3,44.0,47,21.5,26
0.5,0.1,2.0,Iowa,66.0,40,70,70.0,29.8,30.0,35,0.6,3.0,71.1,71.0,73.4,75.0,65.9,75.0,84.8,82.5,105,55.4,59
2.0,0.05,1.0,South Dakota,66.1,50,77,66.0,44.9,44.5,48,0.0,0.0,73.9,76.0,75.4,77.0,39.6,28.0,16.1,15.5,24,3.2,6
2.0,0.05,1.0,Nebraska,66.1,39,70,70.0,41.3,41.0,44,0.0,0.0,73.7,77.0,77.0,79.0,141.3,84.0,3.5,3.5,5,5.3,7
1.0,0.05,2.0,Nebraska,66.1,63,70,66.0,40.8,41.0,43,0.0,0.0,70.5,70.0,74.5,77.0,87.8,84.0,4.2,4.0,6,6.1,8
0.5,0.05,1.0,Nebraska,66.2,63,70,66.0,30.5,30.5,33,0.0,0.0,70.2,70.0,76.3,77.0,82.8,82.0,2.0,2.0,4,1.8,3
1.0,0.05,2.0,South Dakota,66.2,59,75,66.0,45.0,45.0,47,0.0,0.0,73.8,75.5,75.4,77.0,28.0,28.0,16.3,17.0,19,3.5,5
1.0,0.1,0.5,Ohio,66.2,66,68,66.0,53.3,53.5,59,0.2,2.0,73.5,72.0,77.9,79.0,28.0,28.0,35.1,35.0,41,14.2,18
2.0,0.05,0.5,Wyoming,66.3,46,72,68.0,12.6,13.0,14,0.0,0.0,71.4,71.5,73.8,75.0,93.8,90.0,6.6,6.0,9,1.1,2
0.5,0.05,1.0,South Dakota,66.3,50,77,66.0,39.7,39.5,42,0.0,0.0,75.2,77.0,77.8,77.0,28.0,28.0,11.9,11.0,17,1.9,4
1.0,0.05,1.0,Nebraska,66.3,63,70,66.0,38.1,38.0,41,0.0,0.0,70.9,70.0,75.2,77.0,81.88888888888889,82.0,2.4,2.0,5,4.0,7
2.0,0.05,0.5,Nebraska,66.3,60,70,66.0,40.4,40.0,43,0.0,0.0,70.9,70.0,75.1,77.0,83.6,84.0,3.1,3.0,5,5.0,6
1.0,0.25,0.5,Washington,66.3,63,69,66.5,12.7,13.0,14,0.0,0.0,70.0,70.5,77.8,76.0,28.0,28.0,22.3,22.0,26,11.8,14
0.5,0.1,1.0,Wisconsin,66.3,63,76,65.5,43.5,44.0,47,0.3,1.0,70.1,68.0,73.1,72.0,32.9,28.0,72.4,72.0,81,19.4,25
1.0,0.1,0.5,Iowa,66.3,40,75,70.0,29.6,29.5,34,1.3,5.0,72.0,75.0,74.1,75.0,65.5,75.5,83.6,84.0,101,54.5,60
1.0,0.05,0.5,North Dakota,66.4,65,72,65.0,12.8,13.0,16,0.0,0.0,72.3,72.0,76.6,73.0,82.9,89.0,5.0,5.0,8,0.5,1
2.0,0.05,0.5,North Dakota,66.4,65,72,65.0,18.6,18.5,21,0.0,0.0,72.2,72.0,74.9,73.0,86.5,89.0,6.1,7.0,8,3.1,6
1.0,0.25,1.0,Oregon,66.4,61,77,62.0,18.0,18.0,19,0.0,0.0,72.9,75.0,77.5,77.5,45.4,28.0,6.4,6.5,9,5.6,6
1.0,0.1,2.0,Ohio,66.4,66,70,66.0,59.0,59.0,63,0.6,2.0,78.1,79.0,78.9,79.0,28.0,28.0,37.9,38.0,48,16.9,19
2.0,0.05,1.0,Ohio,66.4,66,70,66.0,55.3,55.0,59,0.1,1.0,78.6,79.0,86.3,87.0,28.0,28.0,40.1,41.5,47,17.8,22
1.0,0.1,1.0,Michigan,66.4,64,68,68.0,40.7,40.0,45,0.4,2.0,73.7,75.0,76.2,77.0,37.2,28.0,45.9,46.0,54,21.7,24
0.5,0.25,0.5,Wyoming,66.5,63,68,68.0,9.7,10.0,10,0.0,0.0,68.5,70.0,71.3,72.0,93.4,90.0,3.1,3.0,5,1.9,2
1.0,0.05,0.5,Washington,66.5,64,69,66.5,10.9,11.0,13,0.1,1.0,72.8,72.0,82.7,83.5,28.0,28.0,21.5,22.0,27,12.9,16
2.0,0.25,0.5,Washington,66.5,64,69,66.5,13.8,14.0,16,0.0,0.0,70.5,70.5,78.1,76.0,28.0,28.0,22.8,23.5,26,13.4,16
2.0,0.1,2.0,Washington,66.5,64,69,66.5,11.9,12.0,13,0.0,0.0,70.5,70.5,80.0,79.5,28.0,28.0,24.0,23.5,28,15.5,17
ALL,ALL,ALL,Wisconsin,66.56666666666666,38,100,67.0,42.69444444444444,43.0,52,0.48333333333333334,7.0,74.30277777777778,72.0,77.37777777777778,72.0,34.65,28.0,70.52222222222223,70.0,115,20.59722222222222,29
0.5,0.1,2.0,Pennsylvania,66.6,57,93,64.5,49.3,49.5,51,0.0,0.0,77.8,76.5,86.4,90.5,28.0,28.0,35.7,35.0,43,7.8,12
2.0,0.01,1.0,Colorado,66.6,50,88,70.0,18.7,19.0,20,0.3,1.0,87.5,86.0,93.7,95.0,28.0,28.0,34.8,35.0,41,10.5,14
1.0,0.25,0.5,Missouri,66.6,57,75,69.0,70.5,70.0,74,0.0,0.0,75.4,75.0,79.4,81.0,28.0,28.0,10.3,10.5,13,12.9,15
0.5,0.25,2.0,Ohio,66.7,60,73,66.0,60.4,60.0,64,0.0,0.0,70.3,70.0,72.5,71.0,28.0,28.0,38.6,38.0,45,15.6,18
1.0,0.05,0.5,Wisconsin,66.7,38,76,67.0,43.9,42.5,51,0.4,2.0,74.0,73.0,75.2,74.0,28.0,28.0,66.6,68.0,70,19.1,23
2.0,0.1,0.5,Wisconsin,66.7,57,76,67.0,45.2,44.5,49,0.0,0.0,69.0,67.0,72.1,71.0,28.0,28.0,72.7,74.5,79,19.9,24
0.5,0.05,0.5,Wyoming,66.8,46,72,68.0,8.4,8.5,9,0.0,0.0,72.8,75.0,76.0,76.0,90.6,90.0,5.3,5.5,7,0.9,2
2.0,0.25,0.5,Missouri,66.8,57,75,65.0,76.5,76.0,79,0.0,0.0,75.4,74.0,78.3,77.0,40.4,28.0,12.4,12.0,15,14.9,19
1.0,0.25,0.5,Ohio,66.8,66,70,66.0,55.6,55.5,59,0.0,0.0,69.6,70.0,72.7,71.0,28.0,28.0,37.1,37.0,44,16.0,19
2.0,0.05,2.0,Wisconsin,66.8,57,76,67.0,44.1,43.5,48,0.3,1.0,73.3,74.0,77.0,78.5,32.9,28.0,64.9,65.0,77,20.5,23
1.0,0.05,1.0,Wisconsin,66.8,57,76,67.0,42.0,41.5,49,0.9,4.0,71.7,72.0,74.6,74.0,28.0,28.0,70.9,73.0,83,21.8,29
2.0,0.01,0.5,Minnesota,66.8,56,94,56.5,27.1,27.5,34,4.9,14.0,85.0,84.0,90.8,92.0,50.5,28.0,53.0,54.0,62,39.2,46
2.0,0.05,2.0,Nebraska,66.9,63,70,66.0,42.2,43.0,44,0.0,0.0,71.1,70.0,76.2,77.0,132.2,82.0,2.7,3.0,5,5.5,7
0.5,0.1,1.0,Washington,66.9,63,69,69.0,11.2,11.0,13,0.0,0.0,70.3,72.0,81.5,83.5,28.0,28.0,20.7,20.5,24,11.0,14
0.5,0.1,2.0,Washington,66.9,63,69,69.0,12.5,12.0,15,0.0,0.0,70.8,72.0,81.5,87.0,28.0,28.0,25.2,25.0,32,13.1,15
ALL,ALL,ALL,South Dakota,66.92222222222222,49,119,66.0,41.31388888888889,42.0,50,0.0,0.0,74.84444444444445,74.0,78.375,77.0,41.2,28.0,13.875,14.0,25,2.863888888888889,9
2.0,0.1,1.0,Washington,67.0,64,69,69.0,12.0,12.0,15,0.0,0.0,70.8,72.0,79.6,80.0,28.0,28.0,26.1,26.0,30,15.0,16
0.5,0.05,0.5,North Dakota,67.1,65,72,65.0,8.3,8.0,11,0.0,0.0,72.3,72.0,76.1,73.0,82.7,89.0,1.8,2.0,3,0.9,2
0.5,0.05,1.0,North Dakota,67.1,65,72,65.0,9.7,10.0,11,0.0,0.0,72.3,72.0,78.7,73.0,86.7,89.0,3.4,3.0,6,1.0,2
2.0,0.05,2.0,Arkansas,67.1,55,100,55.0,12.5,12.5,14,0.0,0.0,99.1,86.0,117.2,100.0,96.7,103.0,5.4,5.0,8,1.8,3
0.5,0.05,2.0,North Dakota,67.1,65,72,65.0,18.0,18.0,20,0.0,0.0,72.3,72.0,76.1,73.0,76.8,89.0,5.1,5.0,10,2.6,5
1.0,0.05,2.0,North Dakota,67.1,65,72,65.0,20.1,20.0,22,0.0,0.0,72.3,72.0,77.8,73.0,88.8,89.0,7.3,7.0,10,3.3,5
1.0,0.1,0.5,Vermont,67.1,55,98,55.0,9.5,9.0,12,0.0,0.0,99.7,101.5,104.5,105.0,75.2,91.0,8.3,9.0,10,3.8,6
2.0,0.05,1.0,North Dakota,67.1,65,72,65.0,19.3,19.0,21,0.0,0.0,72.8,72.0,77.0,73.0,92.2,89.0,7.9,8.0,9,4.7,7
2.0,0.05,1.0,Wisconsin,67.1,57,76,67.0,45.6,45.5,51,0.3,1.0,74.6,74.0,76.7,76.0,37.8,28.0,62.7,62.0,71,18.9,24
1.0,0.1,0.5,Michigan,67.1,64,75,68.0,37.8,37.5,40,0.0,0.0,71.6,71.5,74.8,75.5,51.5,48.5,42.5,41.5,49,21.1,24
0.5,0.01,1.0,Minnesota,67.1,50,109,56.0,25.3,27.5,32,2.5,11.0,84.6,84.5,93.3,92.0,65.8,74.5,40.3,41.0,49,37.7,48
1.0,0.25,0.5,New York,67.1,66,77,66.0,8.5,8.0,11,0.0,0.0,81.9,82.0,85.4,83.0,28.0,28.0,217.3,217.0,226,39.6,44
1.0,0.05,0.5,Nebraska,67.2,63,70,68.0,32.5,33.5,35,0.0,0.0,71.7,71.5,76.1,77.0,85.5,84.0,2.8,3.0,5,2.7,4
1.0,0.05,1.0,North Dakota,67.2,65,73,65.0,17.1,17.0,19,0.0,0.0,73.9,72.0,79.5,73.0,76.8,89.0,6.3,6.0,8,2.8,5
1.0,0.25,1.0,Missouri,67.2,57,75,69.0,74.8,75.0,78,0.0,0.0,74.2,75.0,78.3,81.0,43.6,28.0,11.3,11.0,15,12.6,15
0.5,0.25,0.5,Ohio,67.2,60,73,68.0,52.1,52.0,55,0.1,1.0,71.3,70.0,74.3,72.5,54.7,62.5,25.3,25.5,33,13.1,16
1.0,0.1,2.0,Wisconsin,67.2,62,74,67.0,45.6,45.0,52,0.3,1.0,70.5,72.0,73.1,72.0,28.0,28.0,73.4,74.0,83,18.7,23
2.0,0.1,1.0,Ohio,67.3,66,79,66.0,60.5,61.5,64,0.3,1.0,72.5,70.5,75.6,76.5,28.0,28.0,41.4,40.0,48,15.2,20
1.0,0.05,1.0,South Dakota,67.4,66,79,66.0,43.5,44.0,47,0.0,0.0,75.9,74.0,78.1,77.0,33.8,28.0,13.9,14.0,17,1.6,4
1.0,0.05,1.0,Washington,67.4,64,72,66.5,10.9,11.5,12,0.2,1.0,76.0,70.5,86.8,92.0,28.0,28.0,24.9,24.0,30,15.3,18
0.5,0.1,2.0,Michigan,67.4,52,75,68.0,38.3,38.0,42,0.4,2.0,71.5,71.5,75.7,75.5,37.2,28.0,43.2,43.0,48,22.1,24
2.0,0.1,1.0,Wyoming,67.5,63,68,68.0,12.6,12.5,15,0.0,0.0,69.7,70.0,72.6,74.0,92.0,90.0,7.3,7.0,10,1.7,3
1.0,0.1,0.5,Pennsylvania,67.5,57,89,64.5,47.7,48.0,52,0.1,1.0,83.6,88.0,91.0,93.5,44.3,28.0,33.1,32.0,40,8.7,12
1.0,0.25,2.0,Montana,67.5,47,88,67.5,16.9,17.0,18,0.0,0.0,94.6,92.0,117.0,124.0,136.44444444444446,150.0,2.6,2.0,5,9.1,11
0.5,0.01,1.0,Idaho,67.5,51,110,66.0,10.3,10.5,14,0.8,4.0,86.8,76.0,105.6,110.0,64.3,43.5,18.2,16.5,28,10.5,14
1.0,0.1,1.0,Wyoming,67.6,64,68,68.0,12.5,13.0,13,0.0,0.0,70.5,70.0,71.7,70.0,91.0,90.0,6.9,7.0,8,1.7,3
0.5,0.25,2.0,Montana,67.6,47,88,73.0,16.7,17.0,17,0.0,0.0,87.4,88.0,105.6,96.0,153.71428571428572,68.0,1.2,1.0,4,8.2,9
2.0,0.25,1.0,New York,67.6,66,82,66.0,9.0,9.0,12,0.1,1.0,82.2,82.5,86.0,84.0,28.0,28.0,216.4,216.5,224,40.2,43
ALL,ALL,ALL,California,67.60555555555555,59,123,59.0,2.7444444444444445,3.0,8,13.090032154340836,39.0,107.41157556270096,74.0,174.55825242718447,123.0,29.06388888888889,28.0,62.833333333333336,65.0,87,35.669444444444444,41
ALL,ALL,ALL,Indiana,67.68055555555556,58,128,58.0,50.99166666666667,53.0,65,0.1,3.0,73.24444444444444,60.0,85.4888888888889,77.0,73.30277777777778,64.0,17.1,17.0,36,10.45,22
1.0,0.1,0.5,Wyoming,67.7,65,70,68.0,10.5,10.0,12,0.0,0.0,70.0,70.0,72.9,73.0,90.8,90.0,5.8,6.0,7,1.7,2
2.0,0.1,1.0,Pennsylvania,67.7,57,89,72.0,49.4,49.5,52,0.0,0.0,85.0,86.0,92.0,93.0,59.6,50.5,34.8,35.0,41,9.0,11
1.0,0.1,1.0,Ohio,67.7,66,79,66.0,58.1,57.0,64,0.4,2.0,74.7,76.0,80.2,79.0,28.0,28.0,39.5,40.0,46,15.8,18
2.0,0.05,0.5,Iowa,67.7,40,75,70.0,30.2,29.5,38,0.8,3.0,73.0,75.0,74.5,75.0,73.0,76.0,88.8,86.0,104,55.8,61
2.0,0.05,2.0,North Dakota,67.8,65,72,65.0,19.4,19.0,21,0.0,0.0,72.4,72.0,77.6,73.0,88.8,89.0,8.6,8.5,14,4.2,7
1.0,0.01,1.0,Oklahoma,67.8,47,83,79.0,26.2,26.0,30,0.0,0.0,88.4,87.0,100.7,96.0,41.7,28.0,10.8,11.5,15,4.7,9
0.5,0.25,1.0,Missouri,67.8,57,75,67.0,66.8,67.0,70,0.0,0.0,74.1,73.0,77.4,75.0,28.0,28.0,9.2,8.5,14,13.5,15
2.0,0.05,1.0,Washington,67.8,64,72,69.0,11.1,11.0,14,0.1,1.0,73.4,72.0,87.4,92.0,38.6,28.0,24.0,24.0,28,14.9,17
1.0,0.1,2.0,Washington,67.8,64,72,69.0,11.5,11.0,14,0.0,0.0,72.6,72.0,82.1,83.5,33.3,28.0,23.6,23.5,27,15.5,17
2.0,0.25,0.5,New York,67.8,62,82,66.0,8.8,9.0,11,0.2,2.0,80.4,82.0,85.9,84.0,28.0,28.0,218.3,216.5,230,40.1,42
1.0,0.05,0.5,Wyoming,67.9,63,70,68.0,9.8,10.0,12,0.0,0.0,70.2,70.0,73.5,74.5,92.9,90.0,5.8,5.5,9,1.8,3
0.5,0.25,1.0,Ohio,67.9,52,79,68.0,57.1,57.5,61,0.0,0.0,72.2,70.5,74.0,73.0,71.6,79.5,32.0,32.0,36,13.8,19
1.0,0.05,0.5,Michigan,67.9,64,75,68.0,34.4,35.0,36,0.2,2.0,73.1,75.0,77.4,78.0,42.3,28.0,39.0,38.5,43,20.9,23
1.0,0.05,2.0,Michigan,67.9,64,75,68.0,39.8,40.5,44,0.6,2.0,75.5,75.0,79.4,78.0,32.6,28.0,41.9,40.0,50,21.3,23
ALL,ALL,ALL,Florida,67.92777777777778,59,131,65.0,17.644444444444446,18.0,24,0.11388888888888889,4.0,81.96111111111111,68.0,92.66666666666667,79.0,41.63055555555555,28.0,24.04722222222222,25.0,38,14.497222222222222,24
0.5,0.1,2.0,Wyoming,68.0,68,68,68.0,11.8,12.0,12,0.0,0.0,70.5,70.0,74.2,74.5,94.8,90.0,5.7,5.5,8,1.8,2
2.0,0.05,2.0,Washington,68.0,64,69,69.0,10.8,11.0,13,0.0,0.0,71.7,72.0,89.2,92.0,34.6,28.0,25.8,25.5,33,15.3,19
1.0,0.1,2.0,Utah,68.1,63,84,63.0,13.7,13.5,15,0.0,0.0,78.9,78.0,82.4,82.0,34.9,28.0,12.8,13.0,15,1.4,2
1.0,0.1,2.0,Iowa,68.1,62,76,68.5,30.7,29.5,37,0.7,3.0,71.7,70.5,74.3,75.0,56.4,73.5,93.6,92.5,104,56.0,59
0.5,0.25,0.5,Montana,68.2,47,88,73.0,9.4,9.5,11,0.0,0.0,93.7,88.0,109.4,110.0,152.7,183.0,1.9,1.5,4,2.0,2
2.0,0.25,1.0,Oregon,68.2,61,77,67.5,17.9,18.0,19,0.0,0.0,76.0,77.0,78.1,78.0,71.0,83.0,6.7,6.5,9,5.6,7
0.5,0.1,2.0,Ohio,68.2,66,79,66.0,55.6,56.0,61,0.2,1.0,76.1,79.0,76.7,79.0,28.0,28.0,38.7,39.0,45,15.5,18
1.0,0.25,2.0,Missouri,68.2,57,75,69.0,77.9,78.0,81,0.0,0.0,76.4,75.0,79.4,81.0,28.0,28.0,14.1,14.0,17,15.9,20
0.5,0.05,1.0,Washington,68.3,64,72,69.0,11.2,11.5,13,0.1,1.0,73.4,72.0,85.9,87.5,28.0,28.0,19.5,19.0,23,10.6,13
2.0,0.05,1.0,Michigan,68.3,64,75,68.0,40.6,40.0,46,0.4,2.0,75.6,75.5,79.0,78.0,32.6,28.0,42.6,43.0,52,20.9,26
0.5,0.1,1.0,Wyoming,68.4,68,72,68.0,9.2,9.0,10,0.0,0.0,70.9,70.0,74.4,74.5,91.5,90.0,6.5,7.0,8,1.8,2
0.5,0.25,0.5,Missouri,68.4,57,75,74.0,55.9,56.0,59,0.0,0.0,75.4,75.5,79.6,81.0,28.0,28.0,7.5,7.5,10,15.2,18
0.5,0.25,0.5,New York,68.4,66,90,66.0,8.4,8.5,11,0.0,0.0,80.5,82.0,84.8,83.0,28.0,28.0,175.7,177.0,183,38.1,41
0.5,0.25,1.0,New York,68.4,66,82,66.0,8.5,8.0,10,0.2,2.0,84.6,83.0,85.9,83.0,28.0,28.0,210.4,208.5,225,39.6,41
2.0,0.1,2.0,Iowa,68.4,62,70,70.0,31.8,31.5,37,0.8,4.0,71.9,71.0,74.2,75.0,66.4,76.0,91.9,90.5,109,55.1,61
0.5,0.05,1.0,Arkansas,68.5,55,100,55.0,6.6,7.0,9,0.0,0.0,120.6,100.0,168.1,155.0,111.4,112.0,3.2,3.0,6,0.0,0
1.0,0.01,0.5,Oklahoma,68.6,47,83,83.0,19.7,19.0,25,0.0,0.0,89.9,94.5,105.8,108.0,74.1,90.0,8.0,6.0,15,2.8,5
2.0,0.1,2.0,Pennsylvania,68.6,57,89,72.0,49.3,49.0,52,0.3,1.0,82.0,81.0,90.2,93.0,56.0,50.5,36.4,37.0,42,9.2,11
1.0,0.05,2.0,Washington,68.6,64,72,69.0,10.2,10.5,12,0.0,0.0,74.4,72.0,84.9,87.0,34.6,28.0,25.6,26.0,30,16.2,18
ALL,ALL,ALL,Michigan,68.71388888888889,52,78,68.0,37.56944444444444,38.0,48,0.38055555555555554,6.0,75.52222222222223,75.0,80.93333333333334,78.0,49.47222222222222,28.0,38.019444444444446,39.0,54,19.68888888888889,29
2.0,0.05,2.0,Wyoming,68.8,68,72,68.0,12.9,13.0,14,0.0,0.0,71.8,71.0,75.0,75.0,94.1,90.0,7.0,7.5,9,1.1,2
0.5,0.05,0.5,Washington,68.8,64,72,69.0,11.2,10.5,14,0.0,0.0,73.2,72.0,86.1,87.0,33.3,28.0,16.5,16.0,20,10.1,12
2.0,0.01,2.0,Idaho,68.9,51,89,66.0,13.3,12.5,18,1.2,3.0,87.9,90.5,104.0,100.0,39.8,28.0,27.3,27.0,36,11.5,14
1.0,0.05,1.0,Michigan,68.9,64,78,68.0,39.3,39.5,42,0.7,2.0,75.0,75.0,78.7,78.0,28.0,28.0,44.8,44.5,53,20.8,25
0.5,0.1,0.5,Utah,69.0,63,78,63.0,10.6,11.0,12,0.0,0.0,78.4,78.0,84.3,85.0,28.0,28.0,8.1,8.5,10,0.4,2
0.5,0.05,2.0,Utah,69.0,63,78,63.0,10.9,11.0,12,0.0,0.0,81.4,78.0,86.4,87.0,34.9,28.0,11.3,11.5,14,2.5,4
0.5,0.05,2.0,Ohio,69.0,66,81,66.0,52.0,52.0,57,0.3,1.0,78.1,79.0,84.4,82.0,28.0,28.0,36.7,35.0,48,16.4,21
1.0,0.05,2.0,Wyoming,69.1,66,75,68.0,12.2,12.0,13,0.0,0.0,72.7,71.0,74.8,75.0,95.3,90.0,6.8,6.5,9,2.1,3
ALL,ALL,ALL,Iowa,69.14444444444445,40,97,70.0,29.31111111111111,29.5,38,0.8583333333333333,11.0,75.73611111111111,75.0,77.99166666666666,75.0,61.31944444444444,75.0,84.29166666666667,84.0,116,53.49166666666667,64
0.5,0.05,1.0,Wyoming,69.2,66,72,68.0,8.5,8.0,11,0.0,0.0,74.2,75.0,75.9,77.0,94.1,92.5,5.5,5.0,8,0.9,1
1.0,0.25,0.5,Oregon,69.2,61,77,73.0,17.6,18.0,18,0.0,0.0,77.2,77.0,78.4,78.0,99.8,108.0,4.8,5.0,6,4.2,5
2.0,0.01,1.0,Oklahoma,69.2,47,83,83.0,32.0,31.5,38,0.0,0.0,92.8,93.0,111.6,108.0,33.3,28.0,14.7,15.0,20,7.4,10
2.0,0.05,0.5,Ohio,69.2,66,80,66.0,57.0,57.5,59,0.2,1.0,78.0,79.0,83.4,81.5,28.0,28.0,38.0,37.5,42,15.1,19
0.5,0.05,2.0,Michigan,69.2,64,78,68.0,35.8,36.0,39,0.1,1.0,75.8,75.0,78.2,78.0,33.7,28.0,45.3,45.5,51,22.5,26
0.5,0.01,1.0,Colorado,69.3,50,92,70.0,13.4,13.0,18,0.1,1.0,87.8,88.0,95.9,94.5,35.8,28.0,23.6,23.5,31,10.0,13
2.0,0.05,0.5,Washington,69.3,69,72,69.0,10.1,10.0,13,0.0,0.0,73.5,72.0,89.5,89.5,34.6,28.0,23.8,23.5,27,15.0,19
0.5,0.05,2.0,Wyoming,69.4,68,72,69.0,11.8,12.0,13,0.0,0.0,73.3,74.5,75.3,75.0,94.1,90.0,5.5,6.0,7,1.4,2
0.5,0.01,2.0,Colorado,69.4,50,84,70.0,16.2,17.0,18,0.2,2.0,90.0,92.0,94.5,95.0,28.0,28.0,32.2,30.5,42,12.1,15
2.0,0.1,0.5,Iowa,69.4,62,75,70.0,29.8,29.5,32,0.6,3.0,72.5,73.0,74.3,75.0,61.1,75.5,92.5,90.5,107,56.9,61
1.0,0.05,0.5,Iowa,69.5,40,75,72.5,30.3,29.5,35,0.3,1.0,74.7,76.0,75.2,77.0,71.1,76.0,80.3,79.0,95,52.1,55
1.0,0.01,1.0,Arizona,69.7,59,84,62.5,7.9,8.0,9,0.1,1.0,94.9,89.5,113.7,117.0,28.0,28.0,12.3,12.5,14,2.4,4
0.5,0.1,0.5,Michigan,69.8,52,75,75.0,30.5,30.0,36,1.3,3.0,76.0,76.0,78.7,78.0,38.2,28.0,33.5,32.5,40,15.8,20
1.0,0.05,1.0,Wyoming,69.9,68,75,70.0,11.6,11.5,13,0.0,0.0,72.6,72.0,76.0,75.0,95.3,90.0,6.2,6.0,8,1.6,3
0.5,0.25,2.0,Tennessee,69.9,66,71,71.0,48.1,48.0,51,0.0,0.0,81.0,84.0,92.9,93.5,104.6,100.0,18.0,18.5,21,8.4,11
0.5,0.05,2.0,Washington,69.9,69,72,69.0,10.7,10.5,13,0.2,1.0,78.5,72.0,92.2,92.0,28.0,28.0,21.9,22.0,26,14.2,16
2.0,0.05,2.0,Michigan,69.9,64,78,68.0,39.5,40.0,43,0.6,2.0,77.2,78.0,80.2,80.5,48.3,28.0,41.3,41.5,47,21.9,28
2.0,0.25,0.5,Oregon,70.0,61,77,73.0,18.0,18.0,19,0.0,0.0,77.2,77.0,79.3,79.0,47.2,28.0,5.7,5.0,8,5.6,6
1.0,0.25,2.0,Oregon,70.0,61,77,73.0,18.0,18.0,19,0.0,0.0,77.0,77.0,78.7,78.0,62.3,28.0,6.9,7.0,9,5.7,6
2.0,0.25,1.0,Tennessee,70.0,68,71,71.0,51.0,51.0,54,0.0,0.0,79.4,81.0,91.0,87.0,63.5,60.5,22.8,23.0,25,7.7,9
0.5,0.05,1.0,Wisconsin,70.0,64,76,67.0,42.6,42.0,46,0.3,1.0,75.7,76.0,78.3,81.0,28.0,28.0,63.3,64.5,70,20.5,24
2.0,0.1,1.0,North Carolina,70.1,61,74,74.0,30.3,31.0,33,0.6,1.0,104.6,121.0,125.3,132.0,78.9,74.5,8.2,8.0,11,3.4,6
1.0,0.25,1.0,Tennessee,70.2,66,71,71.0,50.8,51.5,53,0.0,0.0,82.6,87.0,94.2,100.0,96.6,100.0,20.0,20.0,23,7.0,9
1.0,0.25,2.0,Tennessee,70.2,66,71,71.0,50.9,51.0,53,0.0,0.0,81.4,81.0,92.2,87.0,56.1,28.0,22.2,22.0,26,7.6,9
0.5,0.25,2.0,Missouri,70.2,57,75,73.0,73.6,73.0,77,0.0,0.0,75.5,75.0,79.0,81.0,28.0,28.0,10.1,10.0,12,12.9,15
0.5,0.05,2.0,Wisconsin,70.2,63,76,68.5,44.3,44.0,48,0.2,1.0,75.8,76.0,77.9,80.5,37.8,28.0,67.5,66.5,78,19.2,24
1.0,0.25,1.0,New York,70.3,66,82,66.0,8.8,9.0,10,0.5,3.0,82.9,82.5,87.5,89.0,28.0,28.0,222.9,225.0,231,40.1,41
2.0,0.1,0.5,Tennessee,70.4,68,71,71.0,46.7,46.0,51,0.0,0.0,83.8,87.0,96.8,100.0,53.5,28.0,22.4,22.5,25,8.1,10
0.5,0.25,1.0,Tennessee,70.4,68,71,71.0,44.0,45.0,46,0.0,0.0,82.6,87.0,94.2,100.0,100.4,100.0,17.4,17.5,21,8.4,10
0.5,0.01,2.0,Idaho,70.4,66,110,66.0,13.3,13.0,17,0.8,3.0,93.6,110.0,111.3,114.0,72.5,28.0,22.4,24.0,28,9.7,14
0.5,0.25,2.0,New York,70.4,66,83,66.0,9.4,9.0,13,0.4,3.0,82.0,82.0,85.7,83.0,28.0,28.0,218.9,220.0,238,39.3,42
1.0,0.05,0.5,Utah,70.5,63,78,70.5,11.4,11.5,13,0.0,0.0,79.1,78.5,83.8,85.0,28.0,28.0,10.4,10.0,13,1.5,2
2.0,0.05,2.0,Utah,70.5,63,78,70.5,12.4,12.0,14,0.0,0.0,80.5,78.5,85.8,87.0,34.9,28.0,12.8,12.5,16,1.6,3
0.5,0.25,2.0,Oregon,70.5,61,77,75.0,18.3,18.5,19,0.0,0.0,77.3,77.5,79.1,79.0,75.1,87.5,5.4,5.5,7,5.4,6
0.5,0.05,0.5,Iowa,70.5,40,75,75.0,28.0,27.5,35,0.1,1.0,74.9,77.0,75.7,77.0,71.2,76.0,69.1,69.0,76,48.2,53
1.0,0.25,0.5,Tennessee,70.6,68,71,71.0,46.7,46.5,51,0.0,0.0,82.6,87.0,94.2,100.0,110.9,111.0,15.0,15.0,19,7.8,10
2.0,0.25,0.5,Tennessee,70.7,68,71,71.0,50.9,50.0,53,0.0,0.0,81.8,81.0,90.9,87.0,76.2,93.0,22.2,22.0,27,7.0,9
2.0,0.25,2.0,Tennessee,70.7,68,71,71.0,51.9,52.0,54,0.0,0.0,83.6,87.0,94.2,100.0,34.5,28.0,23.9,24.0,27,7.2,10
0.5,0.1,0.5,Pennsylvania,70.7,57,89,72.0,41.4,41.0,45,0.0,0.0,77.1,72.0,88.8,90.5,67.5,81.0,30.2,31.0,34,8.3,12
1.0,0.01,2.0,Colorado,70.8,50,92,70.0,19.0,19.0,22,0.1,1.0,84.4,84.0,92.6,93.0,28.0,28.0,32.7,33.0,40,10.5,14
0.5,0.1,1.0,Iowa,70.8,64,75,70.0,30.2,30.0,36,0.7,3.0,73.8,75.0,75.0,75.0,70.8,76.0,78.4,77.5,92,52.2,57
0.5,0.1,1.0,Pennsylvania,70.9,57,93,72.0,47.1,47.0,50,0.1,1.0,82.7,82.5,90.8,93.0,34.9,28.0,34.5,35.0,42,8.2,12
1.0,0.25,2.0,Illinois,70.9,61,79,71.0,55.7,55.5,59,0.0,0.0,75.2,75.0,78.5,79.0,105.7,105.0,14.4,14.0,18,8.4,11
2.0,0.05,1.0,Iowa,70.9,62,75,72.5,30.1,30.5,36,0.7,3.0,74.4,75.0,75.5,77.0,70.0,76.0,91.0,89.0,108,56.4,61
0.5,0.1,1.0,Tennessee,71.0,71,71,71.0,39.9,39.5,44,0.0,0.0,87.0,87.0,100.0,100.0,76.2,93.0,17.0,17.0,20,7.5,9
0.5,0.1,2.0,Tennessee,71.0,71,71,71.0,46.0,46.5,49,0.0,0.0,86.4,87.0,98.7,100.0,90.1,109.0,17.6,17.5,21,7.5,10
1.0,0.1,2.0,Tennessee,71.0,71,71,71.0,47.7,47.5,51,0.0,0.0,87.0,87.0,100.0,100.0,28.0,28.0,24.5,24.0,28,7.7,10
2.0,0.1,1.0,Tennessee,71.0,71,71,71.0,48.4,49.5,50,0.0,0.0,87.0,87.0,100.0,100.0,44.0,28.0,23.4,23.5,29,8.0,11
1.0,0.1,0.5,Tennessee,71.0,71,71,71.0,43.9,44.0,46,0.0,0.0,85.8,87.0,97.4,100.0,101.7,109.0,17.7,17.0,24,8.0,10
2.0,0.1,2.0,Tennessee,71.0,71,71,71.0,47.6,47.0,51,0.0,0.0,87.0,87.0,100.0,100.0,44.0,28.0,24.4,23.0,28,8.5,11
1.0,0.1,1.0,Tennessee,71.0,71,71,71.0,45.5,45.5,48,0.0,0.0,87.0,87.0,102.0,100.0,93.9,100.0,20.4,20.5,24,8.8,12
0.5,0.25,0.5,Tennessee,71.0,71,71,71.0,30.5,31.5,34,0.0,0.0,85.8,87.0,97.4,100.0,110.5,111.0,16.6,16.5,23,11.4,15
2.0,0.05,2.0,Ohio,71.0,66,81,67.0,54.3,54.5,57,0.1,1.0,82.8,82.5,86.8,87.0,28.0,28.0,38.0,38.5,42,17.7,21
1.0,0.05,1.0,Utah,71.1,63,84,70.5,12.1,12.5,14,0.0,0.0,81.3,78.5,86.2,87.0,38.4,28.0,11.2,11.5,16,1.4,3
2.0,0.25,2.0,Oregon,71.2,61,77,73.0,18.2,18.0,19,0.0,0.0,75.5,77.0,78.9,78.0,62.3,55.5,7.2,7.0,10,5.7,6
1.0,0.1,2.0,Montana,71.2,47,88,73.0,16.0,16.0,17,0.0,0.0,98.9,88.0,116.0,124.0,134.3,150.0,3.3,3.5,5,7.5,10
2.0,0.25,2.0,Illinois,71.2,61,75,71.0,58.7,59.0,62,0.0,0.0,75.0,75.0,77.1,75.0,118.4,106.0,15.2,15.5,18,8.9,11
2.0,0.25,2.0,Montana,71.2,47,88,73.0,16.8,17.0,19,0.0,0.0,93.8,88.0,108.6,110.0,124.5,150.0,3.9,4.0,8,9.5,11
1.0,0.01,1.0,Idaho,71.3,51,110,66.0,13.6,14.0,17,0.9,5.0,88.6,86.0,101.7,110.0,66.0,28.0,26.8,27.0,41,9.4,14
2.0,0.01,0.5,Colorado,71.3,40,88,70.0,19.4,19.5,21,0.1,1.0,82.3,84.0,89.2,88.0,34.0,28.0,32.4,30.5,39,10.4,14
1.0,0.05,2.0,Iowa,71.3,62,76,70.0,31.3,31.5,35,0.6,2.0,74.3,75.0,75.8,76.0,74.8,76.0,86.7,86.5,99,54.7,58
1.0,0.05,2.0,Utah,71.4,63,87,70.5,12.1,12.5,14,0.0,0.0,82.9,81.5,87.7,87.0,28.0,28.0,13.0,13.0,17,1.8,3
0.5,0.25,2.0,North Carolina,71.4,61,74,74.0,28.9,29.0,31,0.0,0.0,86.4,84.0,100.2,98.0,111.4,109.5,8.8,9.0,12,3.2,4
2.0,0.25,0.5,North Carolina,71.4,61,74,74.0,30.6,30.0,33,0.3,1.0,97.3,98.0,113.1,121.0,119.5,126.0,7.4,7.0,12,3.9,6
2.0,0.25,2.0,North Carolina,71.4,61,74,74.0,32.0,32.0,34,0.0,0.0,84.8,84.0,101.7,98.0,107.5,109.0,10.8,10.5,15,4.3,6
2.0,0.25,1.0,North Carolina,71.4,61,74,74.0,30.7,31.0,35,0.1,1.0,89.1,84.0,108.4,109.5,48.0,28.0,10.5,10.5,14,4.6,7
2.0,0.01,0.5,Oklahoma,71.4,47,83,83.0,29.9,30.0,37,0.0,0.0,92.3,93.0,107.6,102.0,34.2,28.0,13.1,13.0,19,6.4,11
2.0,0.01,2.0,Oklahoma,71.4,47,83,83.0,31.0,32.0,34,0.0,0.0,92.6,89.0,106.8,102.0,28.0,28.0,16.2,16.0,23,7.1,14
2.0,0.1,2.0,Missouri,71.4,57,75,75.0,78.2,78.0,82,0.0,0.0,80.3,81.5,82.8,83.0,28.0,28.0,12.9,13.5,16,14.8,18
1.0,0.05,1.0,Iowa,71.4,70,75,70.0,30.5,30.0,36,0.4,1.0,75.2,75.0,76.0,76.0,76.0,76.0,80.8,79.5,96,53.9,59
0.5,0.25,1.0,Oregon,71.5,61,77,73.0,15.4,15.5,16,0.0,0.0,77.2,77.0,78.6,78.0,95.7,92.0,4.2,4.0,6,3.9,5
1.0,0.01,1.0,Colorado,71.5,50,95,70.0,18.8,19.0,23,0.2,2.0,85.8,84.0,92.7,90.0,28.0,28.0,33.3,32.0,44,9.2,12
2.0,0.25,2.0,Missouri,71.5,57,82,74.0,81.1,81.5,83,0.0,0.0,77.0,78.0,79.7,81.0,28.0,28.0,15.3,15.5,19,13.9,17
0.5,0.25,0.5,Illinois,71.7,61,79,71.0,40.3,40.5,42,0.0,0.0,74.5,71.0,77.2,75.0,104.88888888888889,105.0,2.9,3.0,4,3.3,5
1.0,0.25,2.0,New York,71.8,66,89,66.0,8.0,8.0,11,0.0,0.0,83.5,82.5,87.4,86.5,28.0,28.0,214.6,216.0,225,40.8,43
2.0,0.1,2.0,Vermont,71.9,55,105,55.0,10.1,10.0,13,0.1,1.0,97.5,96.5,104.0,106.0,66.3,91.0,7.2,7.0,10,3.9,6
0.5,0.1,2.0,Oregon,71.9,61,78,77.0,17.2,17.0,19,0.0,0.0,76.7,78.0,81.0,82.0,67.5,83.0,7.5,7.5,10,5.8,6
0.5,0.25,2.0,Illinois,71.9,61,79,71.0,52.5,52.0,56,0.0,0.0,74.7,73.0,77.4,75.0,97.9,99.0,8.6,9.0,10,8.5,11
0.5,0.05,1.0,Utah,72.0,63,78,78.0,10.9,11.0,12,0.0,0.0,80.8,79.0,86.3,85.0,28.0,28.0,9.8,9.5,13,1.1,3
0.5,0.05,0.5,Utah,72.0,63,78,78.0,9.4,9.5,11,0.0,0.0,81.2,79.0,86.5,87.0,51.1,28.0,7.6,8.0,10,1.2,2
2.0,0.05,0.5,Utah,72.0,63,78,78.0,12.4,12.0,14,0.0,0.0,81.0,79.0,86.0,86.0,28.0,28.0,11.7,12.0,14,1.4,4
0.5,0.25,1.0,Illinois,72.0,60,84,71.0,47.7,47.5,52,0.0,0.0,74.6,74.0,76.2,75.0,106.4,99.0,7.0,7.0,13,4.7,6
2.0,0.1,1.0,Oregon,72.0,61,82,75.0,17.1,17.0,19,0.0,0.0,78.4,78.0,81.0,81.0,54.2,28.0,8.2,7.0,12,5.8,6
2.0,0.05,0.5,Pennsylvania,72.0,57,96,64.5,47.3,47.0,51,0.1,1.0,86.3,93.5,95.2,95.0,28.0,28.0,33.5,33.0,38,8.8,11
1.0,0.05,2.0,Ohio,72.0,66,94,66.0,57.9,58.0,62,0.0,0.0,79.2,79.0,87.0,85.5,34.2,28.0,37.3,36.0,44,15.8,19
2.0,0.01,1.0,Florida,72.0,65,105,65.0,14.6,14.5,17,0.4,2.0,119.3,127.0,136.9,135.5,28.0,28.0,21.5,21.0,29,17.5,20
2.0,0.05,1.0,Nevada,72.1,61,147,66.0,4.9,5.0,5,0.0,0.0,86.9,84.0,120.2,141.0,,,0.0,0.0,0,0.0,0
1.0,0.05,1.0,Ohio,72.1,66,81,69.5,55.0,54.5,58,0.1,1.0,80.4,79.0,84.8,80.0,28.0,28.0,35.5,36.0,39,15.7,18
1.0,0.01,2.0,Oklahoma,72.2,47,83,83.0,29.0,29.0,33,0.0,0.0,90.1,93.0,99.5,96.0,38.3,28.0,11.1,10.5,17,7.8,13
1.0,0.1,2.0,Missouri,72.2,57,82,75.0,73.5,72.5,79,0.0,0.0,80.8,82.0,84.1,84.0,28.0,28.0,12.6,12.5,16,16.3,18
0.5,0.01,0.5,Kentucky,72.4,34,131,48.0,18.1,18.5,23,0.7,2.0,139.0,131.0,150.2,146.5,209.2,212.0,3.0,3.0,5,3.2,5
0.5,0.1,1.0,Michigan,72.4,64,78,75.0,35.6,35.5,39,1.1,2.0,77.4,78.0,80.1,79.0,53.2,51.0,38.1,38.0,43,19.3,24
2.0,0.05,2.0,Iowa,72.5,67,75,74.0,32.0,32.5,35,0.2,1.0,74.9,75.0,76.9,76.5,75.5,76.0,88.6,88.0,96,54.3,58
2.0,0.05,1.0,Utah,72.6,63,84,78.0,12.7,13.0,14,0.0,0.0,82.4,82.0,87.1,86.0,34.9,28.0,12.1,12.0,22,1.8,4
0.5,0.25,0.5,Oregon,72.6,61,77,75.0,12.0,12.0,15,0.0,0.0,76.0,77.5,78.5,79.0,113.5,124.0,3.5,3.5,4,2.1,3
2.0,0.05,0.5,Tennessee,72.6,71,87,71.0,43.0,42.5,46,0.0,0.0,88.3,87.0,102.3,100.0,37.5,28.0,21.8,21.0,30,6.0,8
0.5,0.05,0.5,Tennessee,72.6,71,87,71.0,24.6,25.0,30,0.0,0.0,88.3,87.0,105.6,100.0,101.2,123.0,13.0,13.5,18,6.5,8
0.5,0.05,2.0,Tennessee,72.6,71,87,71.0,40.1,40.5,42,0.0,0.0,88.3,87.0,107.6,100.0,107.7,123.0,19.6,20.0,23,6.8,9
1.0,0.05,0.5,Tennessee,72.6,71,87,71.0,38.2,39.0,42,0.0,0.0,88.3,87.0,104.6,100.0,84.1,100.0,18.4,18.5,22,7.3,10
0.5,0.05,1.0,Tennessee,72.6,71,87,71.0,34.2,34.0,39,0.0,0.0,88.3,87.0,102.3,100.0,80.8,102.0,17.6,17.5,24,7.5,11
1.0,0.05,2.0,Tennessee,72.6,71,87,71.0,43.6,44.5,46,0.0,0.0,90.9,87.0,103.3,100.0,28.0,28.0,23.3,23.5,28,8.0,12
2.0,0.05,2.0,Tennessee,72.6,71,87,71.0,44.7,44.5,50,0.0,0.0,88.3,87.0,104.8,100.0,28.0,28.0,26.2,26.5,30,8.0,13
1.0,0.1,2.0,Pennsylvania,72.6,57,93,72.0,49.9,50.5,52,0.1,1.0,85.4,91.5,89.1,93.5,28.0,28.0,37.8,38.0,43,9.0,12
1.0,0.25,0.5,North Carolina,72.7,61,74,74.0,27.7,28.0,31,0.2,1.0,99.4,98.0,114.7,121.0,129.6,140.0,6.6,6.5,11,3.3,5
2.0,0.1,0.5,North Carolina,72.7,61,74,74.0,29.1,29.0,31,0.5,1.0,104.3,109.5,125.7,123.0,117.6,132.0,5.3,4.5,9,3.6,6
1.0,0.25,1.0,North Carolina,72.7,61,74,74.0,28.9,29.0,31,0.1,1.0,90.7,86.0,105.5,98.0,110.4,109.0,7.9,8.0,12,4.8,7
1.0,0.25,1.0,Illinois,72.7,70,79,71.0,53.8,54.0,55,0.0,0.0,74.5,73.0,77.1,75.0,81.4,94.0,9.2,9.0,14,8.9,11
2.0,0.05,1.0,Pennsylvania,72.9,57,93,72.0,47.6,47.5,51,0.4,1.0,93.2,93.0,95.6,95.5,60.1,54.0,30.8,31.5,36,8.8,11
0.5,0.05,0.5,Arkansas,73.0,55,100,55.0,3.3,3.5,5,0.0,0.0,122.0,100.0,179.57142857142858,155.0,113.4,116.0,1.6,1.5,3,0.0,0
1.0,0.01,0.5,Florida,73.0,65,105,65.0,15.1,15.0,17,0.5,2.0,113.0,105.0,135.4,127.0,47.4,28.0,14.7,14.0,20,13.2,16
0.5,0.01,0.5,Colorado,73.1,50,97,70.0,11.9,11.0,16,0.0,0.0,83.2,83.5,90.1,88.0,35.9,28.0,18.3,19.0,23,7.2,9
2.0,0.25,1.0,Illinois,73.2,61,79,73.0,58.7,58.5,62,0.0,0.0,76.7,75.5,80.0,83.5,119.3,106.0,14.4,13.5,18,7.8,10
0.5,0.01,0.5,Nebraska,73.3,66,79,73.5,15.5,15.5,22,0.0,0.0,85.9,83.5,92.2,94.5,178.66666666666666,209.0,1.0,1.0,2,1.3,5
2.0,0.25,0.5,Illinois,73.4,71,83,71.0,57.8,58.0,59,0.0,0.0,76.9,75.0,79.1,78.5,96.9,105.0,12.3,13.0,15,7.1,9
2.0,0.01,0.5,Nebraska,73.4,66,105,70.0,29.2,30.0,33,0.0,0.0,86.4,77.0,106.5,101.0,202.0,214.0,2.6,3.0,4,7.3,10
2.0,0.01,0.5,Idaho,73.4,66,110,66.0,13.6,13.5,19,0.3,2.0,83.6,76.0,107.3,112.0,59.5,28.0,25.2,25.0,30,10.3,15
2.0,0.1,2.0,Oregon,73.5,61,77,77.0,16.8,17.0,18,0.0,0.0,78.9,78.0,80.6,81.0,67.2,28.0,7.4,7.0,10,6.1,7
2.0,0.01,2.0,Nebraska,73.5,70,77,73.5,32.2,31.5,36,0.0,0.0,89.8,81.5,100.3,101.0,219.3,197.0,4.8,5.0,7,7.4,9
0.5,0.05,1.0,Michigan,73.5,64,78,75.0,33.9,33.5,36,1.4,2.0,77.7,78.0,81.3,81.0,48.4,28.0,38.0,39.0,42,18.5,21
0.5,0.05,2.0,Iowa,73.5,70,75,75.0,30.9,30.5,36,0.3,1.0,75.8,75.0,76.4,77.0,71.2,76.0,81.0,80.5,88,53.9,58
1.0,0.25,0.5,Illinois,73.6,69,79,71.0,52.4,52.0,55,0.0,0.0,76.0,74.0,78.2,77.0,102.3,101.5,8.6,8.5,12,6.4,8
2.0,0.05,0.5,Missouri,73.7,57,82,75.0,70.8,71.5,75,0.0,0.0,82.8,82.0,87.6,84.0,48.6,28.0,11.5,12.5,14,14.2,17
ALL,ALL,ALL,Wyoming,73.85277777777777,40,252,68.0,10.838888888888889,11.0,15,0.002777777777777778,1.0,86.15833333333333,70.0,102.88268156424581,75.0,108.24324324324324,90.0,4.912280701754386,5.0,10,1.3472222222222223,3
0.5,0.1,0.5,Tennessee,73.9,68,87,71.0,27.9,28.0,30,0.0,0.0,88.0,87.0,101.6,100.0,101.8,123.0,13.5,14.5,17,7.6,9
2.0,0.05,1.0,Tennessee,73.9,68,87,71.0,44.5,44.5,46,0.0,0.0,89.6,87.0,104.3,100.0,34.5,28.0,24.8,25.5,30,7.9,11
0.5,0.01,1.0,Arizona,74.0,59,84,84.0,8.1,8.0,10,0.1,1.0,95.8,89.5,107.0,112.0,47.8,28.0,9.3,10.0,15,1.8,3
1.0,0.05,0.5,North Carolina,74.0,74,74,74.0,22.6,23.0,26,0.9,1.0,124.6,121.0,142.9,132.0,122.7,132.0,5.5,5.5,10,2.6,4
0.5,0.1,0.5,North Carolina,74.0,74,74,74.0,12.9,13.0,16,0.5,1.0,107.9,109.5,129.6,126.5,134.4,143.0,2.7,3.0,4,2.6,5
2.0,0.1,2.0,North Carolina,74.0,74,74,74.0,29.6,29.0,32,0.6,1.0,108.6,121.0,125.5,132.0,90.5,113.5,8.2,9.0,10,3.5,6
0.5,0.1,1.0,North Carolina,74.0,74,74,74.0,23.7,23.5,25,0.9,1.0,118.3,121.0,127.9,132.0,135.6,143.0,5.0,4.5,9,3.7,5
1.0,0.1,2.0,North Carolina,74.0,74,74,74.0,29.0,29.0,32,0.6,1.0,111.4,121.0,127.1,128.5,104.1,132.0,6.6,7.0,9,4.0,7
0.5,0.25,1.0,North Carolina,74.0,74,74,74.0,24.5,24.5,28,0.1,1.0,91.9,90.0,105.7,98.0,95.5,91.5,7.3,7.5,9,4.2,5
1.0,0.25,2.0,North Carolina,74.0,74,74,74.0,30.5,30.0,33,0.1,1.0,91.1,86.0,106.4,98.0,115.3,111.5,8.2,7.5,13,4.5,6
0.5,0.25,0.5,North Carolina,74.0,74,74,74.0,15.6,15.5,19,0.1,1.0,94.7,98.0,116.3,121.0,83.3,91.5,5.6,5.5,9,4.5,5
1.0,0.01,2.0,Florida,74.0,65,127,65.0,15.1,15.5,21,0.7,3.0,109.0,114.5,128.9,127.0,28.0,28.0,25.5,23.0,36,17.1,24
0.5,0.05,1.0,Iowa,74.0,70,75,75.0,29.2,29.5,33,0.2,1.0,76.2,77.0,76.9,77.0,76.0,76.0,70.1,71.5,77,51.4,56
0.5,0.05,1.0,Oregon,74.1,61,84,77.0,14.0,14.0,16,0.0,0.0,81.4,80.0,83.6,82.0,115.9,124.0,4.8,4.5,8,4.3,6
1.0,0.05,2.0,Nevada,74.2,61,147,63.5,5.0,5.0,5,0.0,0.0,88.2,72.0,109.4,84.0,242.66666666666666,265.0,1.0,1.0,1,0.0,0
0.5,0.1,0.5,Oregon,74.2,61,77,77.0,10.5,10.5,12,0.0,0.0,78.4,78.0,80.5,80.0,95.3,83.0,4.4,4.5,6,2.5,4
0.5,0.25,1.0,Montana,74.2,47,88,88.0,10.2,10.0,12,0.0,0.0,98.2,96.0,114.3,124.0,105.6,68.0,0.6,0.5,2,3.0,3
0.5,0.05,1.0,Vermont,74.2,55,106,55.0,8.8,9.0,10,0.0,0.0,104.2,105.0,111.5,109.0,65.1,59.5,6.5,7.0,9,4.4,7
1.0,0.05,1.0,Nevada,74.4,61,147,63.5,5.0,5.0,5,0.0,0.0,85.9,73.0,108.7,101.0,,,0.0,0.0,0,0.0,0
0.5,0.05,0.5,Michigan,74.4,64,78,75.0,29.3,30.0,33,1.2,3.0,79.4,78.0,84.0,83.0,47.9,28.0,31.9,31.0,39,15.6,18
0.5,0.1,1.0,Missouri,74.6,57,82,75.0,63.5,63.0,68,0.0,0.0,81.8,82.0,85.3,84.0,28.0,28.0,8.6,8.5,11,12.9,15
2.0,0.1,1.0,Missouri,74.6,57,82,75.0,76.2,76.0,80,0.0,0.0,83.0,82.0,86.4,84.0,28.0,28.0,11.9,12.0,15,15.7,18
1.0,0.1,0.5,Missouri,74.7,65,82,75.0,64.6,65.5,67,0.0,0.0,81.1,82.0,83.1,84.0,40.4,28.0,8.6,9.0,10,13.1,16
2.0,0.1,2.0,New York,74.7,66,90,66.0,8.8,8.5,12,0.2,2.0,86.6,83.0,91.0,90.0,28.0,28.0,208.6,207.5,222,39.0,42
0.5,0.25,1.0,Georgia,74.8,54,83,77.0,48.5,48.5,52,0.0,0.0,89.0,92.0,96.4,94.0,79.7,63.0,2.7,2.0,5,4.7,7
2.0,0.1,0.5,Oregon,74.8,62,80,77.0,17.2,17.0,19,0.0,0.0,79.0,78.0,81.5,81.0,44.6,28.0,7.1,7.0,11,6.1,7
0.5,0.1,1.0,Ohio,74.9,68,81,76.0,50.6,51.0,55,0.0,0.0,79.8,79.0,81.4,81.0,40.4,28.0,29.7,30.0,33,14.8,20
1.0,0.05,1.0,Pennsylvania,75.0,57,93,72.0,46.8,46.5,50,0.1,1.0,87.1,93.0,92.1,94.0,28.0,28.0,30.7,30.5,35,8.8,12
0.5,0.1,2.0,Missouri,75.0,75,75,75.0,68.9,69.0,73,0.0,0.0,81.7,82.0,83.8,84.0,28.0,28.0,10.3,10.0,12,13.7,16
1.0,0.1,1.0,Missouri,75.2,57,82,75.0,70.5,71.5,75,0.0,0.0,81.2,81.0,83.6,82.0,28.0,28.0,12.2,12.5,14,13.5,16
1.0,0.05,2.0,Oregon,75.3,61,83,77.5,17.0,16.5,19,0.0,0.0,82.4,83.0,85.5,87.0,77.6,55.5,8.6,8.5,11,5.2,6
1.0,0.1,1.0,Oregon,75.3,62,78,77.0,17.3,17.0,19,0.0,0.0,78.9,78.0,81.5,82.0,43.1,28.0,6.8,7.0,8,5.5,6
0.5,0.25,2.0,Georgia,75.3,54,83,77.0,51.8,51.5,55,0.0,0.0,84.4,83.0,94.6,92.0,39.5,28.0,6.0,6.0,8,7.2,9
2.0,0.1,2.0,Montana,75.3,47,88,80.5,15.5,15.0,17,0.0,0.0,106.8,106.0,123.4,125.0,159.8,150.0,4.2,4.0,7,7.9,10
1.0,0.05,2.0,Missouri,75.3,57,84,75.0,68.2,66.5,77,0.0,0.0,82.4,82.0,89.7,90.0,28.0,28.0,13.6,13.5,16,15.5,19
0.5,0.01,1.0,Nebraska,75.4,70,101,70.0,21.1,21.5,24,0.0,0.0,86.2,81.5,99.5,94.5,133.66666666666666,119.0,2.0,2.0,3,2.0,3
1.0,0.1,2.0,Oregon,75.5,62,80,77.0,17.7,18.0,19,0.0,0.0,78.4,78.0,80.9,81.0,33.5,28.0,9.5,9.5,12,5.4,6
1.0,0.05,1.0,Tennessee,75.5,71,100,71.0,40.9,41.0,44,0.0,0.0,91.6,87.0,105.1,100.0,117.3,123.0,18.2,18.0,23,7.9,9
0.5,0.25,0.5,Mississippi,75.6,69,91,69.0,7.8,8.0,10,0.0,0.0,93.4,91.0,100.6,99.0,,,0.0,0.0,0,0.0,0
1.0,0.05,1.0,Vermont,75.6,55,104,69.5,9.1,9.0,11,0.1,1.0,102.2,105.0,110.2,111.0,49.4,28.0,7.7,7.0,11,4.2,6
ALL,ALL,ALL,Ohio,75.63888888888889,52,135,66.0,52.5,54.0,67,0.16111111111111112,3.0,83.475,79.0,88.36944444444444,79.0,43.48888888888889,28.0,32.21666666666667,34.0,49,13.955555555555556,22
0.5,0.05,0.5,Oregon,75.7,61,82,77.0,10.0,10.0,12,0.0,0.0,80.0,81.0,83.2,82.0,111.4,108.0,3.7,3.0,8,1.7,5
2.0,0.01,2.0,Florida,75.7,65,127,65.0,15.2,15.0,19,1.1,4.0,112.9,114.5,127.5,127.0,32.2,28.0,24.6,24.0,31,17.6,21
0.5,0.01,0.5,Arizona,75.8,59,84,84.0,7.7,8.0,9,0.0,0.0,89.4,89.5,102.8,91.0,76.0,86.5,5.5,6.0,7,1.7,3
2.0,0.01,0.5,Arizona,75.9,56,84,84.0,8.0,8.0,9,0.1,1.0,94.9,94.0,116.4,117.0,28.0,28.0,13.0,14.0,17,2.1,3
2.0,0.25,0.5,Georgia,75.9,54,83,77.0,54.6,54.5,58,0.0,0.0,83.9,83.0,90.3,89.0,47.6,28.0,6.7,6.0,11,7.2,9
0.5,0.1,0.5,Ohio,75.9,68,79,79.0,46.4,46.5,50,0.0,0.0,79.0,79.0,80.2,80.5,40.7,28.0,26.2,26.5,32,13.2,19
ALL,ALL,ALL,Washington,76.2611111111111,63,137,69.0,10.691666666666666,11.0,16,0.10555555555555556,6.0,83.48611111111111,72.0,95.60724233983287,87.0,37.87222222222222,28.0,21.511111111111113,22.0,33,13.344444444444445,19
0.5,0.1,1.0,Oregon,76.3,73,78,77.0,14.8,15.0,16,0.0,0.0,78.6,78.0,81.1,80.0,116.3,124.0,3.3,3.0,5,4.0,5
1.0,0.1,0.5,North Carolina,76.4,74,98,74.0,25.7,26.0,28,0.7,1.0,116.0,121.0,129.3,132.0,103.6,121.0,5.9,5.5,8,3.1,5
2.0,0.1,0.5,Missouri,76.4,75,82,75.0,73.4,72.5,80,0.0,0.0,80.7,81.5,84.0,83.0,28.0,28.0,9.9,10.0,14,14.7,18
0.5,0.1,2.0,New York,76.4,66,90,74.0,8.3,8.5,12,0.4,2.0,88.3,90.0,92.1,93.0,28.0,28.0,217.5,217.0,228,39.4,43
0.5,0.05,2.0,Oregon,76.5,73,84,77.0,15.5,16.0,17,0.0,0.0,81.0,82.0,87.7,83.0,96.0,87.5,6.7,7.0,9,6.2,8
1.0,0.1,0.5,Oregon,76.6,73,77,77.0,15.9,16.0,17,0.0,0.0,78.9,78.0,80.8,80.0,94.8,87.5,5.1,5.0,8,4.1,5
2.0,0.05,1.0,Missouri,76.6,57,82,78.0,72.1,71.0,79,0.0,0.0,84.0,83.0,90.2,90.0,28.0,28.0,12.1,12.5,15,15.4,20
0.5,0.01,1.0,Michigan,76.6,64,78,78.0,29.5,29.0,32,0.3,1.0,93.6,95.0,105.1,104.0,101.9,110.5,22.9,22.0,29,16.4,21
ALL,ALL,ALL,Utah,76.70277777777778,63,131,63.0,11.619444444444444,12.0,15,0.016666666666666666,1.0,89.11944444444444,78.0,95.63055555555556,85.0,40.93611111111111,28.0,10.502777777777778,11.0,22,1.4555555555555555,5
1.0,0.01,0.5,Arizona,76.8,59,84,83.0,8.2,8.0,10,0.0,0.0,91.9,89.0,106.0,99.0,34.6,28.0,10.2,10.0,14,2.0,4
2.0,0.1,0.5,Montana,76.8,47,88,88.0,16.1,16.0,19,0.0,0.0,108.6,110.0,128.4,128.5,175.2,150.0,3.0,3.0,5,6.3,10
0.5,0.05,1.0,Pennsylvania,76.8,72,93,72.0,44.8,45.0,48,0.1,1.0,90.2,93.0,94.2,94.0,40.2,28.0,29.9,29.5,37,7.3,11
0.5,0.05,2.0,Pennsylvania,76.8,57,93,72.0,46.7,47.0,48,0.0,0.0,90.0,93.0,96.4,96.0,34.9,28.0,31.1,31.5,37,8.7,13
0.5,0.01,0.5,Florida,76.8,65,127,65.0,9.4,9.5,13,0.3,3.0,118.9,112.0,136.8,127.0,86.6,70.0,10.9,10.0,18,12.0,16
ALL,ALL,ALL,Pennsylvania,76.83055555555555,57,140,72.0,45.34722222222222,47.0,54,0.07222222222222222,2.0,89.575,93.0,96.02777777777777,94.0,56.175,28.0,32.330555555555556,32.0,52,8.394444444444444,14
2.0,0.05,0.5,Oregon,76.9,73,82,77.0,16.6,17.0,17,0.0,0.0,79.7,78.0,83.9,85.5,69.3,28.0,7.3,7.5,9,5.7,7
2.0,0.05,2.0,Missouri,76.9,57,84,78.5,74.0,74.5,78,0.0,0.0,84.3,84.0,90.2,90.0,37.5,28.0,13.0,12.5,18,14.0,17
0.5,0.1,0.5,Missouri,76.9,75,82,75.0,50.7,50.5,56,0.0,0.0,81.9,82.0,84.5,84.0,28.0,28.0,5.8,6.0,8,14.2,16
1.0,0.05,0.5,Vermont,77.0,55,106,69.5,8.5,8.5,11,0.0,0.0,105.2,106.0,111.0,109.0,42.9,28.0,6.7,6.5,10,4.7,6
2.0,0.01,1.0,Nebraska,77.0,70,126,70.0,29.8,30.0,31,0.0,0.0,92.7,86.0,109.1,103.0,248.7,281.5,3.9,4.0,6,8.2,11
0.5,0.01,2.0,Michigan,77.0,68,78,78.0,33.7,33.5,38,0.3,1.0,84.7,82.0,96.9,99.0,28.0,28.0,34.2,34.0,42,17.9,23
2.0,0.01,0.5,Wisconsin,77.0,38,97,83.5,39.6,38.0,47,0.2,1.0,90.1,89.5,94.6,94.5,28.0,28.0,57.4,60.0,68,22.8,29
0.5,0.25,0.5,Maryland,77.1,64,81,80.0,10.7,11.0,11,0.0,0.0,86.5,81.0,99.9,104.0,95.9,98.0,6.5,6.5,8,0.4,1
0.5,0.01,2.0,Nebraska,77.1,66,105,77.0,25.8,25.0,31,0.0,0.0,97.8,101.0,104.8,105.0,161.2,161.0,3.1,3.0,5,6.4,9
1.0,0.05,1.0,Missouri,77.1,75,82,75.0,65.6,64.0,72,0.0,0.0,84.8,83.0,91.9,90.0,54.8,28.0,11.2,11.0,16,14.6,19
0.5,0.01,0.5,Iowa,77.1,40,91,81.0,22.2,22.5,25,2.1,9.0,90.9,92.0,94.5,93.0,46.6,28.0,55.5,56.0,63,42.8,46
1.0,0.05,1.0,Oregon,77.2,73,80,77.0,17.0,17.0,18,0.0,0.0,81.4,82.0,83.5,82.0,48.6,28.0,7.5,7.0,10,5.1,6
0.5,0.1,0.5,New York,77.2,66,90,82.0,7.4,7.5,10,0.8,3.0,87.4,89.5,91.8,91.5,28.0,28.0,164.7,166.0,180,37.5,40
0.5,0.05,1.0,Ohio,77.3,68,81,79.0,45.4,46.5,48,0.0,0.0,80.6,79.0,86.1,81.0,34.2,28.0,27.2,26.5,33,15.2,17
2.0,0.05,0.5,North Carolina,77.4,61,121,74.0,28.0,27.5,31,0.7,1.0,123.4,121.0,138.8,132.0,143.8,132.0,5.3,6.0,9,3.4,6
2.0,0.25,1.0,Georgia,77.4,54,92,77.0,55.0,55.0,58,0.0,0.0,84.7,83.0,92.0,89.0,57.4,28.0,7.9,8.0,11,7.7,9
0.5,0.01,0.5,Michigan,77.4,75,78,78.0,25.7,25.0,31,0.6,2.0,90.2,91.0,97.8,96.0,108.5,105.5,15.5,15.0,24,10.7,14
0.5,0.05,1.0,Missouri,77.4,57,82,82.0,56.3,56.5,60,0.0,0.0,83.7,84.0,91.2,90.0,40.4,28.0,7.0,7.0,9,12.3,18
1.0,0.01,0.5,Nebraska,77.5,70,101,77.0,23.3,23.0,28,0.0,0.0,88.0,86.0,107.8,103.0,191.2,222.0,2.0,1.5,5,5.6,9
1.0,0.01,0.5,Kentucky,77.5,34,131,56.0,29.6,30.0,35,0.1,1.0,112.5,127.0,135.5,136.0,113.9,67.0,8.3,8.0,15,5.8,8
1.0,0.05,0.5,Pennsylvania,77.5,57,94,72.0,47.1,47.0,50,0.2,2.0,93.4,93.0,96.9,96.0,37.3,28.0,30.0,30.0,35,6.7,10
2.0,0.05,2.0,Oregon,77.7,77,82,77.0,16.8,16.5,19,0.0,0.0,81.9,82.0,85.5,87.0,63.7,55.5,8.3,8.0,10,5.7,7
1.0,0.1,2.0,Georgia,77.7,54,89,77.0,52.1,52.5,55,0.0,0.0,92.2,89.0,106.7,110.0,119.9,132.0,6.1,6.5,8,6.6,9
1.0,0.05,0.5,Missouri,77.7,65,84,78.5,57.8,57.0,63,0.0,0.0,83.3,83.0,89.6,90.0,38.7,28.0,8.6,9.0,11,13.8,17
1.0,0.01,0.5,Michigan,77.7,75,78,78.0,33.7,34.5,38,0.5,2.0,93.6,93.5,103.8,99.5,79.7,94.0,25.8,24.5,34,14.3,21
1.0,0.01,1.0,Michigan,77.7,75,78,78.0,35.5,35.5,41,0.2,1.0,90.7,92.5,98.8,97.5,36.5,28.0,34.8,34.5,44,16.6,21
0.5,0.25,1.0,Mississippi,77.8,69,91,69.0,10.4,10.0,12,0.0,0.0,94.2,91.0,102.2,99.0,,,0.0,0.0,0,0.0,0
0.5,0.25,2.0,Mississippi,77.8,69,91,69.0,11.8,11.5,14,0.0,0.0,94.2,91.0,99.8,99.0,201.0,201.0,2.5,2.0,4,1.0,1
1.0,0.1,2.0,Mississippi,77.8,69,91,69.0,14.1,14.5,16,0.0,0.0,95.0,95.0,102.0,101.0,206.3,201.0,3.4,3.0,5,1.0,1
1.0,0.05,0.5,Oregon,77.8,77,82,77.0,14.4,14.5,16,0.0,0.0,80.8,80.0,88.3,83.5,99.5,103.5,4.6,4.0,7,4.6,7
1.0,0.25,0.5,Montana,77.9,47,88,80.5,13.0,13.0,15,0.0,0.0,100.4,92.0,115.9,124.0,201.0,165.0,0.3,0.0,1,5.8,7
1.0,0.01,0.5,Colorado,77.9,69,92,70.0,16.5,16.5,19,0.0,0.0,88.5,88.0,94.9,93.5,32.7,28.0,29.7,30.5,37,8.8,12
2.0,0.01,2.0,Michigan,78.0,78,78,78.0,38.4,38.5,44,0.0,0.0,86.5,82.0,100.8,96.0,33.7,28.0,33.0,33.0,39,14.8,19
1.0,0.01,2.0,Michigan,78.0,78,78,78.0,35.8,36.5,39,0.4,1.0,82.7,82.0,96.1,96.0,28.0,28.0,36.6,35.0,47,16.7,20
2.0,0.01,1.0,Michigan,78.0,78,78,78.0,35.9,36.0,39,0.3,1.0,83.4,82.0,91.6,92.0,36.0,28.0,34.4,33.5,43,16.8,20
2.0,0.01,0.5,Michigan,78.0,78,78,78.0,35.3,34.5,46,0.2,1.0,85.1,82.0,99.2,97.5,28.0,28.0,35.8,35.5,42,16.9,22
2.0,0.1,0.5,New York,78.0,66,90,82.0,8.3,8.0,11,0.4,2.0,88.1,90.0,93.1,93.0,28.0,28.0,215.9,216.0,228,39.3,42
1.0,0.01,2.0,Arizona,78.2,56,84,84.0,8.8,9.0,10,0.0,0.0,91.1,94.5,111.5,112.0,28.0,28.0,14.9,15.0,20,2.0,4
0.5,0.25,0.5,Georgia,78.2,77,83,77.0,30.3,30.0,33,0.0,0.0,85.4,83.0,97.5,93.0,129.11111111111111,130.0,2.4,3.0,3,4.5,7
1.0,0.25,0.5,Georgia,78.2,77,83,77.0,51.3,52.0,54,0.0,0.0,87.0,83.0,95.1,92.0,59.4,28.0,3.5,3.0,6,6.0,7
2.0,0.05,1.0,Oregon,78.2,77,82,77.0,16.4,16.5,18,0.0,0.0,80.3,80.0,82.9,82.5,39.0,28.0,8.1,8.0,10,6.2,8
1.0,0.25,2.0,Georgia,78.2,77,83,77.0,54.1,54.0,57,0.0,0.0,85.7,83.0,93.2,90.5,48.0,28.0,7.2,7.0,11,7.1,8
0.5,0.01,2.0,Arizona,78.3,56,84,84.0,7.4,7.5,10,0.0,0.0,97.4,94.0,121.8,123.5,28.0,28.0,11.6,12.5,15,2.5,5
2.0,0.1,2.0,Illinois,78.3,69,84,79.0,53.5,53.0,56,0.0,0.0,82.2,84.0,85.0,85.0,117.7,119.5,17.8,18.5,22,9.4,12
2.0,0.01,1.0,Arizona,78.4,59,84,84.0,8.4,8.0,10,0.0,0.0,92.9,94.0,106.5,112.0,28.0,28.0,13.4,14.5,16,2.3,4
2.0,0.1,1.0,Illinois,78.5,71,85,79.0,53.1,53.0,58,0.0,0.0,80.8,84.0,84.9,85.0,119.4,134.0,15.7,15.0,19,8.1,10
1.0,0.1,2.0,New York,78.6,66,90,82.0,7.7,8.0,11,0.5,3.0,90.0,90.0,93.4,94.0,34.6,28.0,215.8,214.5,236,40.3,43
1.0,0.25,1.0,Maryland,78.7,64,81,80.0,12.6,13.0,13,0.0,0.0,85.2,81.0,93.6,91.5,91.6,85.5,8.6,8.5,14,0.4,1
0.5,0.1,2.0,North Carolina,78.7,74,121,74.0,29.0,29.0,31,0.8,1.0,119.8,121.0,133.1,132.0,139.0,143.0,5.7,5.5,8,2.7,4
0.5,0.05,1.0,North Carolina,78.7,74,121,74.0,19.5,19.5,23,0.9,1.0,125.0,121.0,144.4,133.0,140.7,121.0,5.1,5.5,7,3.6,6
2.0,0.05,1.0,Vermont,78.7,55,106,73.0,10.0,10.0,11,0.0,0.0,105.9,106.0,111.1,111.0,77.6,91.0,7.2,7.5,11,3.9,5
1.0,0.1,1.0,North Carolina,78.7,74,121,74.0,28.3,28.5,30,0.5,1.0,111.7,121.0,125.3,132.0,139.6,143.0,5.2,4.0,9,3.9,6
1.0,0.01,2.0,Nebraska,78.7,70,102,77.0,29.5,29.0,33,0.0,0.0,87.6,86.0,97.0,100.0,210.2,230.5,4.0,4.5,6,7.6,9
0.5,0.25,2.0,Maryland,78.9,64,81,80.5,11.9,12.0,13,0.0,0.0,86.4,85.0,97.0,95.5,105.3,111.0,8.0,8.0,11,0.6,1
2.0,0.05,0.5,Vermont,78.9,55,106,75.0,9.5,10.0,11,0.0,0.0,106.9,106.0,110.0,109.0,71.8,91.0,7.6,7.5,11,4.2,6
1.0,0.05,2.0,Pennsylvania,78.9,57,96,72.0,49.1,49.0,51,0.2,1.0,91.9,93.0,96.8,99.0,28.0,28.0,31.9,31.5,39,7.8,9
1.0,0.1,2.0,Illinois,79.0,75,84,77.0,53.4,53.0,57,0.0,0.0,82.8,84.0,86.1,86.5,128.6,134.0,14.9,15.0,19,7.4,10
ALL,ALL,ALL,North Dakota,79.0952380952381,56,276,65.0,15.526610644257703,16.0,25,0.002840909090909091,1.0,99.66761363636364,72.0,114.77142857142857,73.0,103.77058823529411,89.0,5.855491329479769,6.0,14,2.4649859943977592,7
0.5,0.1,2.0,Illinois,79.2,71,84,79.0,49.9,50.5,54,0.0,0.0,83.2,84.5,87.1,86.5,128.0,134.0,12.1,11.5,17,7.4,10
1.0,0.05,2.0,Montana,79.4,47,88,88.0,15.2,15.0,18,0.0,0.0,105.7,96.0,124.2,132.0,165.9,150.0,4.0,4.0,6,6.0,8
2.0,0.01,1.0,Kentucky,79.4,48,141,52.0,39.2,40.0,43,0.3,1.0,132.9,131.0,149.4,147.5,60.6,28.0,11.4,11.0,17,6.8,11
2.0,0.25,2.0,Georgia,79.4,77,83,77.0,56.2,56.5,58,0.0,0.0,86.5,86.0,91.6,90.5,68.0,28.0,8.0,7.5,10,6.9,10
1.0,0.1,1.0,Illinois,79.4,71,84,79.0,49.6,49.5,53,0.0,0.0,81.4,84.0,85.4,85.0,122.3,134.0,12.6,12.5,17,7.4,11
1.0,0.1,0.5,New York,79.4,66,90,82.0,8.3,8.0,11,0.6,3.0,89.7,90.0,94.4,95.0,28.0,28.0,200.9,201.5,212,39.5,42
1.0,0.01,2.0,Kentucky,79.6,34,154,48.0,36.8,37.0,42,0.4,1.0,128.8,131.0,149.5,147.5,173.0,157.5,12.8,12.5,19,7.6,11
0.5,0.05,0.5,Ohio,79.6,68,85,80.0,39.7,40.0,45,0.0,0.0,84.7,82.0,86.9,85.5,34.2,28.0,23.5,23.5,30,12.4,17
0.5,0.05,0.5,Missouri,79.7,57,90,82.0,46.8,46.5,50,0.0,0.0,84.5,84.0,89.7,90.0,34.2,28.0,4.1,4.0,6,11.2,14
0.5,0.1,0.5,Illinois,79.8,71,84,81.0,35.1,35.0,38,0.0,0.0,82.0,84.0,84.9,85.0,145.4,134.0,3.9,3.0,6,3.8,6
2.0,0.01,2.0,Arizona,79.9,59,84,84.0,8.2,8.0,9,0.0,0.0,91.5,88.0,106.3,95.0,28.0,28.0,13.5,13.0,17,2.5,4
0.5,0.05,2.0,Missouri,79.9,75,82,82.0,62.1,62.5,66,0.0,0.0,84.0,84.0,89.7,90.0,37.7,28.0,9.5,9.0,12,15.5,18
2.0,0.25,2.0,Mississippi,80.0,69,91,80.0,17.8,18.0,20,0.0,0.0,95.4,93.0,103.0,99.0,201.0,201.0,2.8,3.0,4,1.0,1
0.5,0.01,0.5,California,80.0,63,102,80.0,2.7,3.0,4,17.88888888888889,30.0,128.88888888888889,123.0,229.33333333333334,276.0,28.0,28.0,38.3,38.5,46,30.2,33
0.5,0.25,1.0,Maryland,80.3,80,81,80.0,11.2,11.0,12,0.0,0.0,85.3,81.0,97.9,98.5,103.3,98.0,6.1,5.5,10,0.2,1
1.0,0.25,1.0,Georgia,80.3,77,92,77.0,53.7,53.0,57,0.0,0.0,86.2,83.0,93.9,92.0,67.2,28.0,5.2,5.5,6,5.9,8
2.0,0.01,2.0,Colorado,80.3,69,92,84.0,18.9,19.0,21,0.4,2.0,88.9,92.0,96.3,94.5,44.2,28.0,35.1,34.5,41,11.7,15
2.0,0.25,2.0,Maryland,80.6,80,81,81.0,12.6,12.5,14,0.0,0.0,90.5,88.0,98.1,101.5,99.0,107.0,9.2,9.0,11,0.6,1
1.0,0.25,2.0,Maryland,80.7,80,81,81.0,13.0,13.0,14,0.0,0.0,92.5,91.5,102.5,105.0,107.6,106.0,9.5,9.0,13,0.4,1
2.0,0.25,1.0,Maryland,80.7,80,81,81.0,12.7,13.0,14,0.0,0.0,91.4,90.0,98.1,100.0,108.9,108.0,8.9,8.0,14,0.7,2
0.5,0.01,0.5,South Dakota,80.7,66,92,79.5,25.9,26.0,31,0.0,0.0,90.4,88.5,93.9,91.0,47.2,28.0,7.4,7.5,13,1.7,5
1.0,0.1,0.5,Illinois,80.7,70,88,84.0,47.4,47.5,52,0.0,0.0,83.2,85.0,86.8,88.0,132.9,134.0,10.6,10.0,15,8.4,12
0.5,0.1,1.0,New York,80.7,66,90,83.5,8.6,8.5,11,0.5,3.0,89.8,90.0,93.4,95.0,28.0,28.0,200.8,200.0,209,39.2,41
2.0,0.25,1.0,Mississippi,80.8,69,99,80.0,15.4,16.0,17,0.0,0.0,94.8,93.0,100.4,99.0,208.4,201.0,3.4,3.5,5,1.0,1
2.0,0.05,2.0,Montana,80.9,47,88,88.0,14.9,15.0,16,0.0,0.0,114.9,124.0,128.5,128.5,142.7,150.0,5.0,4.5,9,6.2,8
0.5,0.1,2.0,Montana,80.9,47,88,88.0,15.6,15.5,17,0.0,0.0,104.8,96.0,127.5,125.0,176.25,165.0,1.5,1.5,4,7.0,9
2.0,0.1,1.0,Georgia,81.2,77,89,83.0,53.1,53.5,56,0.0,0.0,92.0,90.5,103.3,110.0,118.9,126.0,7.4,7.0,10,7.1,11
2.0,0.1,0.5,Illinois,81.2,71,84,84.0,51.1,51.0,54,0.0,0.0,84.3,85.0,88.6,89.0,133.0,134.0,13.7,14.5,17,7.6,11
0.5,0.05,0.5,Pennsylvania,81.3,72,96,76.5,41.0,40.5,46,0.0,0.0,94.2,94.5,96.8,96.0,41.8,28.0,25.9,26.5,30,6.2,9
ALL,ALL,ALL,Missouri,81.44444444444444,57,131,75.0,63.03611111111111,66.0,83,0.0,0.0,89.55277777777778,82.0,94.45,84.0,52.807799442896936,28.0,9.733333333333333,10.0,19,12.625,20
2.0,0.25,1.0,Alabama,81.5,63,91,91.0,21.6,21.5,23,0.0,0.0,99.3,94.0,126.4,109.0,206.0,206.0,1.0,1.0,1,0.0,0
2.0,0.01,0.5,Florida,81.8,65,131,65.0,16.1,17.0,18,0.4,2.0,127.1,127.0,144.6,140.0,57.5,28.0,20.2,20.0,22,15.4,19
0.5,0.1,0.5,Montana,82.0,73,88,88.0,7.6,7.5,9,0.0,0.0,110.5,124.0,124.8,125.0,171.0,165.0,1.0,1.0,2,1.6,3
2.0,0.1,1.0,New York,82.0,66,90,82.0,8.5,9.0,10,0.7,2.0,90.5,90.0,94.5,95.0,28.0,28.0,208.6,208.5,220,39.5,43
0.5,0.1,1.0,Mississippi,82.2,69,91,91.0,9.4,9.5,11,0.0,0.0,97.4,99.0,107.2,107.0,238.0,238.0,1.0,1.0,1,0.0,0
1.0,0.25,0.5,Mississippi,82.2,69,91,91.0,9.5,9.5,12,0.0,0.0,95.8,99.0,103.8,107.0,201.0,201.0,1.2,1.0,3,1.0,1
1.0,0.01,1.0,Nebraska,82.2,70,126,77.0,27.3,27.0,30,0.0,0.0,93.0,87.0,111.4,105.0,181.5,186.0,3.0,3.0,6,5.3,8
2.0,0.01,2.0,Kentucky,82.2,56,154,56.0,37.6,37.5,42,0.0,0.0,134.9,131.0,155.9,162.5,176.3,222.0,9.6,9.5,13,7.5,12
1.0,0.25,0.5,Maryland,82.3,80,98,81.0,10.9,11.0,12,0.0,0.0,90.8,89.5,98.9,103.0,99.5,101.5,7.5,7.5,11,0.3,1
0.5,0.1,1.0,Illinois,82.3,79,85,83.5,45.7,45.0,51,0.0,0.0,84.8,84.0,87.7,88.0,123.1,113.5,9.7,10.0,14,5.0,7
ALL,ALL,ALL,Tennessee,82.38333333333334,66,207,71.0,38.46944444444444,42.0,54,0.002777777777777778,1.0,105.67222222222222,87.0,121.42222222222222,100.0,89.4888888888889,93.0,18.04722222222222,18.0,30,6.605555555555555,15
0.5,0.1,1.0,Montana,82.4,47,88,88.0,9.7,10.0,11,0.0,0.0,111.6,124.0,128.3,128.5,148.5,165.0,1.1,1.0,2,2.0,4
2.0,0.1,1.0,Montana,82.4,47,88,88.0,15.5,15.0,19,0.0,0.0,101.5,96.0,120.9,124.5,142.4,150.0,4.3,3.5,7,6.8,9
1.0,0.25,0.5,Alabama,82.6,63,91,91.0,13.7,14.0,16,0.0,0.0,93.1,94.0,114.1,105.0,206.0,206.0,1.0,1.0,1,0.0,0
2.0,0.25,2.0,Alabama,82.6,63,91,91.0,21.9,21.5,23,0.0,0.0,93.4,94.0,135.7,149.0,206.0,206.0,1.0,1.0,1,0.0,0
1.0,0.01,0.5,Iowa,82.6,70,97,83.5,25.3,24.5,30,1.9,11.0,92.1,94.5,96.1,96.5,79.7,82.0,65.7,64.0,88,48.4,53
ALL,ALL,ALL,Arkansas,82.60335195530726,55,318,55.0,9.480446927374302,10.0,17,0.0,0.0,136.0536723163842,100.0,168.07715133531158,155.0,117.37272727272727,111.0,3.3072289156626504,3.0,9,0.3435754189944134,3
0.5,0.01,0.5,Wisconsin,82.7,38,97,82.5,35.8,36.0,40,0.2,1.0,93.8,97.0,97.1,98.0,77.9,97.5,40.9,40.5,56,21.6,26
2.0,0.25,0.5,Maryland,82.8,80,104,80.5,13.0,13.0,14,0.0,0.0,88.9,85.0,101.0,104.0,104.1,99.0,8.3,9.0,10,0.2,1
2.0,0.1,2.0,Mississippi,83.0,69,99,91.0,16.2,16.5,18,0.0,0.0,97.6,99.0,104.4,107.0,212.1,201.0,2.1,2.0,4,0.9,1
0.5,0.01,2.0,Kentucky,83.1,34,131,56.5,34.7,34.5,39,0.1,1.0,122.1,131.0,141.2,143.0,185.8,217.0,9.2,9.5,14,6.1,10
1.0,0.1,0.5,Georgia,83.2,77,94,83.0,44.2,43.5,47,0.1,1.0,99.7,97.5,113.2,115.0,151.0,184.0,3.2,3.0,5,5.1,7
1.0,0.1,1.0,Georgia,83.4,77,94,83.0,49.7,49.5,54,0.1,1.0,104.8,110.0,113.6,118.0,135.4,155.0,4.9,5.0,7,6.2,9
1.0,0.05,1.0,Illinois,83.8,79,96,84.0,46.1,46.5,50,0.0,0.0,87.9,85.0,91.2,89.0,122.5,121.0,12.4,11.5,19,6.3,8
1.0,0.1,1.0,Montana,83.9,47,88,88.0,15.2,15.5,17,0.0,0.0,117.8,124.0,128.4,128.5,174.0,150.0,2.4,2.0,4,7.0,9
1.0,0.01,2.0,Wisconsin,83.9,67,97,85.0,39.2,39.0,45,0.1,1.0,91.5,95.0,96.8,97.5,53.6,28.0,50.5,50.5,58,21.9,27
2.0,0.01,0.5,Iowa,83.9,40,93,90.5,29.7,30.5,37,0.2,1.0,91.1,94.0,93.7,95.5,70.5,95.0,77.0,78.5,88,51.1,59
0.5,0.05,0.5,Illinois,84.0,75,96,84.0,34.3,34.5,38,0.0,0.0,87.8,85.0,94.6,99.0,126.1,128.0,6.0,5.5,11,2.3,4
1.0,0.05,1.0,New York,84.1,66,95,90.0,8.7,8.5,12,0.5,3.0,93.9,95.0,97.5,97.0,34.6,28.0,208.4,205.5,225,38.4,41
1.0,0.1,1.0,New York,84.1,66,95,90.0,8.0,8.0,10,0.4,3.0,91.9,95.0,95.8,96.0,35.3,28.0,208.5,211.5,224,40.0,42
0.5,0.01,2.0,Indiana,84.2,58,98,89.0,43.6,43.0,49,0.4,2.0,100.9,101.0,108.4,112.0,86.5,105.0,7.1,7.0,10,7.1,11
1.0,0.25,2.0,Alabama,84.3,63,91,91.0,20.5,20.0,23,0.0,0.0,93.1,94.0,124.9,113.0,206.0,206.0,1.0,1.0,1,0.0,0
0.5,0.25,2.0,Alabama,84.3,63,91,91.0,15.9,16.0,17,0.0,0.0,93.1,94.0,120.4,105.0,206.0,206.0,1.0,1.0,1,0.0,0
1.0,0.25,2.0,Mississippi,84.4,69,91,91.0,15.2,15.0,19,0.0,0.0,95.8,97.0,101.2,100.0,201.0,201.0,3.0,3.0,5,1.0,1
1.0,0.25,1.0,Mississippi,84.4,69,91,91.0,12.1,12.0,15,0.0,0.0,95.8,97.0,99.6,100.0,201.0,201.0,2.2,2.0,4,1.0,1
2.0,0.01,1.0,South Dakota,84.4,66,95,85.5,39.1,38.5,41,0.0,0.0,95.7,88.5,100.2,92.5,92.8,124.0,10.0,10.0,13,3.7,6
2.0,0.05,0.5,Illinois,84.4,75,96,84.0,48.2,48.5,52,0.0,0.0,89.6,86.5,92.9,89.0,129.0,134.0,13.6,13.5,17,7.5,8
2.0,0.01,2.0,South Dakota,84.5,66,92,87.0,38.0,38.0,42,0.0,0.0,93.9,92.0,98.9,93.5,94.5,95.5,12.2,11.0,17,4.5,9
2.0,0.05,2.0,Illinois,84.6,75,99,84.5,52.8,52.0,60,0.0,0.0,90.8,92.0,96.0,98.5,125.5,134.0,17.1,18.0,21,7.4,9
0.5,0.01,1.0,Iowa,84.8,75,97,84.0,24.5,24.0,27,3.6,11.0,94.5,97.0,100.2,101.0,82.8,85.5,59.9,59.0,66,47.6,53
ALL,ALL,ALL,Vermont,84.86944444444444,55,163,82.0,9.811111111111112,10.0,14,0.25,6.0,110.91388888888889,104.0,118.42777777777778,106.0,89.37047353760445,91.0,6.977777777777778,7.0,13,3.65,7
1.0,0.1,1.0,Maryland,84.9,81,104,81.0,12.2,12.5,13,0.0,0.0,99.9,104.0,106.8,106.0,119.1,128.0,7.2,7.0,10,0.5,2
2.0,0.01,0.5,Kentucky,84.9,34,157,56.5,37.1,38.0,40,0.2,1.0,127.5,136.0,154.8,161.0,208.2,229.0,10.1,9.5,16,6.3,10
1.0,0.05,0.5,Illinois,84.9,71,99,84.5,44.1,44.0,46,0.1,1.0,89.6,88.5,93.0,89.0,131.4,134.0,11.3,11.5,15,6.4,8
1.0,0.01,1.0,Wisconsin,84.9,64,97,85.0,36.9,37.0,43,0.2,1.0,96.3,97.0,100.1,98.0,56.9,28.0,61.3,61.5,72,24.0,28
ALL,ALL,ALL,New York,84.90277777777777,62,151,90.0,8.141666666666667,8.0,16,1.1972222222222222,27.0,98.30833333333334,95.0,106.2284122562674,96.0,29.330555555555556,28.0,193.32777777777778,201.0,238,38.50833333333333,44
2.0,0.05,0.5,Montana,85.0,73,88,88.0,15.5,16.0,17,0.0,0.0,118.9,132.0,131.0,133.0,179.0,150.0,2.9,3.0,5,4.1,6
0.5,0.1,2.0,Georgia,85.0,77,110,83.0,48.6,49.0,51,0.0,0.0,97.0,93.0,107.4,110.0,129.1,143.0,4.9,5.0,6,5.7,8
1.0,0.05,2.0,Illinois,85.0,84,89,84.0,49.9,49.0,54,0.0,0.0,88.8,86.5,92.4,89.0,125.6,121.0,15.7,16.0,19,7.8,11
2.0,0.05,0.5,New York,85.1,66,95,90.0,8.0,8.0,10,0.1,1.0,93.7,95.0,100.5,104.5,35.3,28.0,206.8,208.0,227,39.2,41
2.0,0.25,0.5,Alabama,85.4,63,91,91.0,19.5,19.5,20,0.0,0.0,93.4,94.0,119.8,105.0,206.0,206.0,1.0,1.0,1,0.0,0
1.0,0.1,0.5,Mississippi,85.4,69,107,91.0,8.2,8.0,11,0.0,0.0,101.6,99.0,118.1,107.0,210.25,201.0,1.3,1.0,3,1.0,1
1.0,0.01,0.5,Wisconsin,85.4,67,97,87.0,39.1,39.5,42,0.1,1.0,90.3,93.5,96.4,97.5,38.8,28.0,56.3,55.5,67,20.8,23
0.5,0.01,2.0,Wisconsin,85.5,67,97,92.0,39.8,39.5,46,0.0,0.0,90.8,97.0,92.8,97.0,34.6,28.0,62.6,62.0,80,22.2,27
1.0,0.01,2.0,Iowa,85.5,70,94,88.0,28.6,26.5,37,1.0,10.0,91.4,94.5,94.2,95.0,72.4,85.5,80.6,80.0,88,52.9,60
2.0,0.25,0.5,South Carolina,85.6,63,102,98.0,15.4,15.0,17,0.0,0.0,100.3,102.0,129.9,129.5,28.0,28.0,42.0,41.5,50,5.3,6
ALL,ALL,ALL,Illinois,85.60277777777777,60,122,84.0,45.266666666666666,47.0,62,0.002777777777777778,1.0,89.53333333333333,85.0,93.225,89.0,126.74651810584959,134.0,11.880555555555556,12.0,22,6.291666666666667,12
0.5,0.05,2.0,Illinois,85.7,84,89,84.5,45.6,46.0,49,0.0,0.0,90.7,89.0,95.4,96.0,116.6,134.0,12.6,12.0,19,7.3,11
0.5,0.05,1.0,New York,85.7,66,95,90.0,9.4,9.0,14,0.4,2.0,93.3,95.0,98.5,97.5,28.0,28.0,189.5,187.0,205,36.9,40
1.0,0.01,1.0,Iowa,85.9,75,92,88.0,29.9,29.5,37,1.4,7.0,92.1,93.0,96.4,95.0,80.7,89.5,70.7,73.5,76,49.9,58
2.0,0.05,0.5,Georgia,86.0,77,110,80.0,46.0,46.0,51,0.0,0.0,99.0,93.0,116.1,119.0,163.2,174.0,6.1,5.0,10,7.5,10
1.0,0.05,0.5,New York,86.0,66,90,90.0,8.0,8.5,11,0.3,2.0,94.0,95.0,100.0,101.5,28.0,28.0,190.2,192.0,211,38.3,42
2.0,0.01,0.5,South Dakota,86.1,59,106,85.5,37.1,38.0,39,0.0,0.0,97.9,99.0,101.6,100.0,54.0,28.0,11.4,12.0,16,4.7,8
2.0,0.05,2.0,Pennsylvania,86.1,57,93,93.0,47.8,47.0,51,0.0,0.0,93.9,94.0,96.3,96.0,75.1,97.0,31.1,30.0,41,8.9,11
1.0,0.01,2.0,South Dakota,86.2,78,99,85.0,39.8,39.5,44,0.0,0.0,94.1,92.0,99.0,99.0,64.1,28.0,11.2,11.0,16,3.5,5
0.5,0.1,0.5,Maryland,86.3,80,104,81.0,10.4,10.5,11,0.0,0.0,101.5,105.0,106.9,106.5,117.8,113.0,6.0,6.0,8,0.8,2
1.0,0.05,2.0,New York,86.3,66,99,90.0,8.0,8.0,10,0.5,4.0,95.1,95.0,101.1,104.0,28.0,28.0,206.8,205.5,231,39.1,41
0.5,0.05,1.0,Montana,86.5,73,88,88.0,7.8,7.5,10,0.0,0.0,113.7,124.0,137.7,132.0,157.0,157.0,1.125,1.0,2,1.9,4
0.5,0.05,2.0,Montana,86.5,73,88,88.0,14.4,15.0,16,0.0,0.0,116.7,124.5,130.0,132.0,230.375,164.0,2.0,2.5,3,4.2,7
1.0,0.05,1.0,Montana,86.5,73,88,88.0,14.5,14.5,16,0.0,0.0,118.1,124.5,131.7,132.0,179.3,150.0,2.1,2.0,4,4.3,7
1.0,0.1,0.5,Montana,86.5,73,88,88.0,12.6,13.0,14,0.0,0.0,118.5,124.0,127.0,125.0,225.88888888888889,165.0,1.1,1.0,2,4.8,6
2.0,0.25,0.5,Mississippi,86.6,69,91,91.0,13.7,13.5,15,0.0,0.0,97.0,99.0,101.2,101.0,201.0,201.0,2.4,2.0,3,1.0,1
0.5,0.05,1.0,Illinois,86.6,79,96,86.5,42.1,41.5,48,0.0,0.0,90.8,89.0,95.1,99.0,128.9,134.0,10.8,10.5,15,4.2,8
2.0,0.05,1.0,Illinois,86.6,79,99,84.5,48.1,48.0,51,0.0,0.0,90.3,88.5,95.7,94.5,124.9,134.0,16.0,17.0,21,7.4,10
0.5,0.01,2.0,Iowa,86.6,81,97,83.0,28.4,28.0,37,1.9,10.0,94.8,95.0,96.8,97.0,67.7,85.0,70.0,72.0,79,48.6,54
0.5,0.05,1.0,Mississippi,86.8,69,99,91.0,7.8,7.5,11,0.0,0.0,101.4,103.0,125.2,120.0,238.0,238.0,1.0,1.0,1,0.0,0
0.5,0.1,0.5,Georgia,86.8,77,110,83.0,23.6,23.5,29,0.1,1.0,100.8,102.0,112.6,115.0,138.1,143.0,2.6,2.0,5,2.8,6
0.5,0.01,1.0,Indiana,86.8,58,100,94.0,39.2,39.5,44,0.1,1.0,107.4,102.0,121.9,128.0,108.8,117.5,5.4,4.0,14,4.2,8
1.0,0.01,0.5,South Dakota,86.9,79,92,90.0,32.5,33.0,36,0.0,0.0,95.5,94.0,102.7,105.0,88.0,109.5,8.3,7.5,14,4.2,7
0.5,0.05,0.5,New York,86.9,66,99,90.0,5.6,6.0,7,0.8,6.0,93.9,95.0,106.3,101.5,28.0,28.0,151.2,151.5,163,38.5,41
2.0,0.01,2.0,Wisconsin,87.2,82,97,85.0,39.4,39.0,43,0.2,1.0,93.6,97.0,98.1,98.0,58.8,28.0,55.5,54.5,62,23.0,27
0.5,0.05,2.0,Vermont,87.3,55,106,95.0,10.4,10.5,12,0.0,0.0,109.8,106.0,116.4,117.0,53.9,28.0,6.8,7.0,9,3.3,4
0.5,0.05,2.0,New York,87.3,66,95,90.0,8.2,8.0,11,0.3,3.0,93.9,95.0,99.9,99.0,35.2,28.0,205.4,207.0,223,39.2,43
0.5,0.25,1.0,Alabama,87.4,63,94,91.0,10.4,10.5,13,0.0,0.0,94.5,94.0,134.8,149.0,206.0,206.0,1.0,1.0,1,0.0,0
1.0,0.1,1.0,Mississippi,87.4,69,99,91.0,9.2,9.0,11,0.0,0.0,99.8,99.0,112.8,107.0,205.11111111111111,201.0,1.7,2.0,2,0.9,1
2.0,0.01,2.0,California,87.4,63,111,90.0,3.0,3.0,5,13.6,34.0,157.4,102.5,218.66666666666666,173.0,34.9,28.0,50.8,51.5,59,32.7,34
2.0,0.25,0.5,West Virginia,87.6,66,104,100.0,14.7,15.0,17,0.0,0.0,104.4,104.0,119.4,111.0,148.8,184.0,6.8,7.5,8,0.1,1
2.0,0.1,1.0,Mississippi,87.6,69,107,91.0,14.1,14.0,15,0.0,0.0,102.4,99.0,117.7,107.0,244.9,201.0,2.7,3.0,4,0.9,1
2.0,0.1,0.5,Georgia,87.6,77,120,83.0,50.2,50.0,53,0.0,0.0,96.8,92.0,110.6,111.0,126.8,161.0,6.2,6.0,9,8.0,10
1.0,0.01,1.0,Florida,87.6,65,127,65.0,15.0,15.0,19,0.1,1.0,118.9,127.0,143.3,140.0,50.3,28.0,19.0,18.0,27,16.4,19
2.0,0.1,2.0,Maryland,87.7,80,104,85.0,12.6,13.0,14,0.0,0.0,97.8,104.0,106.9,106.5,117.8,113.0,7.6,7.0,10,0.5,2
2.0,0.01,2.0,Iowa,87.8,81,97,88.0,28.7,28.5,33,2.2,8.0,93.9,94.0,96.9,96.0,60.1,56.5,80.6,80.5,92,54.8,59
ALL,ALL,ALL,Nevada,87.88055555555556,61,249,61.0,4.75,5.0,5,0.0,0.0,102.29526462395543,62.0,123.65254237288136,64.0,208.8875,198.0,1.175,1.0,2,0.0,0
2.0,0.01,1.0,Wisconsin,87.9,76,97,88.5,40.8,41.5,46,0.1,1.0,94.4,97.0,97.4,98.0,49.3,28.0,59.1,59.5,68,21.1,26
0.5,0.01,1.0,Wisconsin,87.9,74,100,87.0,35.7,35.0,41,0.1,1.0,95.1,97.5,101.0,101.0,40.2,28.0,55.0,55.0,62,23.4,28
2.0,0.01,1.0,Iowa,87.9,75,97,90.5,28.8,28.5,37,0.9,3.0,92.2,94.0,97.9,98.0,87.6,92.5,76.8,74.0,95,54.0,57
0.5,0.01,1.0,Kentucky,88.0,48,182,56.5,28.8,29.0,33,0.3,1.0,136.7,136.0,146.2,148.5,161.9,200.0,5.9,5.5,9,4.2,7
0.5,0.05,0.5,North Carolina,88.1,74,121,74.0,11.5,11.5,15,0.6,1.0,130.2,121.0,145.7,133.0,139.125,132.0,1.7777777777777777,1.0,4,1.5,4
2.0,0.1,2.0,Georgia,88.1,77,109,83.0,53.9,54.0,60,0.0,0.0,98.8,99.0,106.1,109.5,170.5,208.5,6.5,6.0,10,8.0,11
0.5,0.1,0.5,Mississippi,88.2,69,107,91.0,6.3,7.0,8,0.0,0.0,102.4,99.0,118.2,107.0,238.0,238.0,1.0,1.0,1,0.0,0
2.0,0.05,1.0,New York,88.2,72,90,90.0,8.7,8.5,13,0.1,1.0,95.0,95.0,100.8,101.5,28.0,28.0,203.3,205.0,215,38.5,41
0.5,0.05,0.5,Montana,88.6,73,124,88.0,6.6,7.0,8,0.0,0.0,118.6,124.0,138.0,132.0,177.0,165.0,1.1,1.0,3,1.0,2
2.0,0.1,0.5,Maryland,88.7,80,106,81.0,12.5,12.5,14,0.0,0.0,102.2,106.0,106.7,108.0,115.4,111.0,7.9,8.0,11,0.5,2
2.0,0.25,2.0,South Carolina,88.7,63,102,98.0,17.9,18.0,20,0.0,0.0,99.0,102.0,127.1,116.0,28.0,28.0,45.4,45.0,55,4.3,6
2.0,0.01,1.0,Ohio,88.7,66,113,87.5,48.3,48.5,53,0.5,3.0,108.7,105.0,115.0,109.0,62.5,28.0,23.7,24.5,28,11.0,17
2.0,0.1,0.5,Alabama,88.8,63,94,91.0,17.7,17.5,20,0.0,0.0,102.7,94.0,162.5,167.5,206.0,206.0,1.0,1.0,1,0.1,1
2.0,0.01,0.5,Wyoming,88.9,70,122,77.5,11.1,11.0,13,0.0,0.0,121.2,126.0,190.5,159.0,171.75,145.0,1.4444444444444444,2.0,2,0.5,2
2.0,0.01,0.5,Indiana,88.9,75,94,89.0,46.5,46.5,49,0.3,2.0,100.2,100.0,109.1,112.0,82.7,105.0,10.7,11.0,16,8.3,11
2.0,0.1,0.5,Mississippi,89.0,69,99,91.0,12.5,12.0,15,0.0,0.0,100.0,99.0,111.8,107.0,244.9,201.0,2.7,3.0,4,1.0,1
2.0,0.05,2.0,North Carolina,89.2,74,132,74.0,27.2,27.5,30,0.6,1.0,124.7,121.0,143.6,132.0,106.8,121.0,7.5,7.0,13,4.7,7
0.5,0.01,1.0,South Dakota,89.3,77,119,84.0,31.0,30.0,35,0.0,0.0,96.4,87.5,100.5,88.5,83.5,103.0,7.5,8.0,11,2.6,4
0.5,0.05,0.5,Alabama,89.4,63,94,91.0,4.4,4.0,6,0.0,0.0,134.6,139.0,179.8,183.0,206.0,206.0,1.0,1.0,1,0.0,0
0.5,0.01,2.0,South Dakota,89.4,81,111,87.5,35.4,35.0,39,0.0,0.0,95.9,92.0,100.3,99.0,61.3,28.0,8.3,8.5,11,3.3,5
2.0,0.05,1.0,Montana,89.4,73,132,88.0,15.2,15.0,17,0.0,0.0,117.3,124.0,131.9,132.0,189.5,157.5,3.5,3.5,5,5.7,8
0.5,0.25,0.5,Vermont,89.5,72,105,92.5,9.8,9.5,11,0.0,0.0,95.0,95.0,99.3,99.0,112.5,108.5,4.9,4.5,9,3.7,5
1.0,0.25,1.0,South Carolina,89.5,63,102,102.0,15.6,16.0,17,0.0,0.0,102.0,102.0,135.4,157.0,28.0,28.0,33.2,33.0,38,3.7,5
1.0,0.01,2.0,Ohio,89.5,66,113,86.0,48.5,48.5,51,0.3,3.0,102.4,102.0,115.0,118.0,72.2,59.0,23.4,24.0,30,11.8,16
0.5,0.01,1.0,California,89.5,59,102,95.0,3.3,3.0,5,18.9,32.0,156.8,127.0,191.625,177.0,28.0,28.0,44.6,42.0,54,29.3,32
2.0,0.05,0.5,Mississippi,89.6,69,99,91.0,11.6,12.0,13,0.0,0.0,101.6,100.0,116.6,107.0,252.3,219.5,1.9,2.0,3,0.5,1
0.5,0.1,2.0,Mississippi,89.6,69,99,91.0,8.9,9.0,10,0.0,0.0,99.8,99.0,110.8,107.0,204.7,201.0,1.9,2.0,2,0.9,1
2.0,0.01,1.0,California,89.6,63,102,91.5,3.1,3.0,5,16.9,30.0,149.8,123.0,258.22222222222223,276.0,35.7,28.0,55.1,56.5,66,32.4,35
0.5,0.01,0.5,Wyoming,89.7,66,114,78.5,3.9,4.0,6,0.0,0.0,107.7,113.0,138.375,147.0,105.4,104.0,2.1666666666666665,2.0,5,0.1,1
2.0,0.05,2.0,New York,89.7,66,105,90.0,8.4,9.0,10,0.1,1.0,95.3,95.0,103.0,100.0,28.0,28.0,196.2,194.5,210,38.9,41
1.0,0.25,1.0,Alabama,89.9,80,91,91.0,16.9,17.0,19,0.0,0.0,93.7,94.0,123.4,109.0,206.0,206.0,1.0,1.0,1,0.0,0
0.5,0.1,1.0,Georgia,90.0,77,112,87.5,39.2,39.0,43,0.1,1.0,106.5,110.0,121.2,118.0,135.5,143.0,3.1,3.0,6,3.5,5
0.5,0.25,0.5,Alabama,90.2,80,94,91.0,7.1,7.0,8,0.0,0.0,98.2,94.0,144.2,159.0,206.0,206.0,1.0,1.0,1,0.0,0
ALL,ALL,ALL,Oregon,90.34722222222223,61,176,77.0,15.316666666666666,16.0,19,0.0,0.0,99.40277777777777,80.0,106.03611111111111,82.0,103.82172701949861,83.0,6.231197771587744,6.0,13,4.383333333333334,8
0.5,0.01,0.5,Indiana,90.5,58,112,91.5,27.1,27.0,32,0.5,2.0,104.3,102.0,115.8,117.5,121.6,117.5,3.5,3.0,6,3.7,6
1.0,0.05,0.5,Mississippi,90.6,69,107,91.0,7.5,8.0,9,0.0,0.0,105.6,103.0,129.9,120.0,219.5,219.5,0.75,1.0,1,0.3,1
2.0,0.25,0.5,Virginia,90.6,83,93,91.0,32.7,32.5,36,0.0,0.0,109.7,106.5,118.2,124.0,112.8,120.5,10.0,9.5,15,9.9,13
2.0,0.01,0.5,California,90.6,70,102,92.0,3.4,3.0,6,14.5,27.0,110.4,112.0,196.625,172.0,28.0,28.0,52.7,53.5,62,32.5,34
1.0,0.01,2.0,Indiana,90.8,87,94,89.0,48.2,48.0,53,0.1,1.0,96.5,96.5,103.4,101.0,67.1,28.0,11.4,11.0,17,8.5,12
0.5,0.25,1.0,West Virginia,91.0,66,104,100.0,14.0,14.0,15,0.0,0.0,104.4,104.0,115.4,111.0,156.9,184.0,4.7,5.0,6,0.1,1
1.0,0.1,0.5,Maryland,91.1,81,104,91.0,10.3,10.5,12,0.0,0.0,104.7,106.0,108.5,108.0,123.6,131.5,6.5,6.5,10,0.8,2
0.5,0.05,0.5,Mississippi,91.4,69,107,91.0,6.7,7.0,8,0.0,0.0,107.4,107.0,141.4,133.0,,,0.0,0.0,0,0.0,0
0.5,0.1,1.0,Alabama,91.6,91,94,91.0,9.6,10.0,12,0.0,0.0,108.6,94.0,161.0,159.0,206.0,206.0,1.0,1.0,1,0.0,0
1.0,0.1,1.0,Alabama,91.6,91,94,91.0,16.0,16.0,18,0.0,0.0,117.7,94.0,165.7,167.5,206.0,206.0,1.0,1.0,1,0.0,0
0.5,0.1,0.5,Alabama,91.6,91,94,91.0,5.9,6.0,8,0.0,0.0,119.4,94.0,173.7,176.0,206.0,206.0,1.0,1.0,1,0.0,0
1.0,0.05,2.0,Mississippi,91.6,69,107,91.0,12.3,12.0,14,0.0,0.0,110.2,107.0,140.9,133.0,218.75,219.5,2.125,2.0,4,0.5,1
ALL,ALL,ALL,Montana,91.74722222222222,47,196,88.0,12.727777777777778,14.0,19,0.0,0.0,116.99444444444444,124.0,138.3983286908078,132.0,195.50974025974025,163.0,2.35243553008596,2.0,9,4.5472222222222225,11
2.0,0.25,2.0,West Virginia,91.8,66,104,102.0,14.4,14.5,16,0.0,0.0,106.0,106.0,122.1,111.0,157.8,184.0,7.6,8.0,10,0.4,1
1.0,0.1,0.5,Alabama,91.9,91,94,91.0,12.6,13.0,13,0.0,0.0,111.9,94.0,150.6,159.0,206.0,206.0,1.0,1.0,1,0.0,0
0.5,0.1,2.0,Alabama,91.9,91,94,91.0,15.1,15.0,17,0.0,0.0,114.0,94.0,167.5,167.5,161.5,206.0,1.25,1.0,2,0.0,0
1.0,0.01,2.0,California,92.1,70,105,93.0,4.6,4.5,8,16.1,31.0,131.2,123.0,227.8,249.5,28.0,28.0,49.9,50.0,58,31.9,34
2.0,0.05,2.0,Vermont,92.4,55,106,100.0,10.1,10.0,12,0.0,0.0,110.3,117.0,116.2,119.5,42.9,28.0,6.9,6.5,10,3.8,7
1.0,0.01,1.0,California,92.7,63,123,93.0,3.3,3.0,5,18.3,31.0,150.0,123.0,193.71428571428572,143.0,28.0,28.0,51.3,51.0,59,32.3,34
1.0,0.01,0.5,Indiana,92.8,58,112,94.0,39.9,41.0,43,0.8,2.0,108.6,112.0,118.4,119.0,95.7,117.0,6.6,7.0,9,6.8,12
0.5,0.1,0.5,Vermont,93.0,82,106,95.0,8.9,8.5,11,0.2,2.0,97.9,98.5,102.2,100.0,86.5,105.0,6.2,6.0,9,4.4,7
1.0,0.1,2.0,Maryland,93.3,81,108,92.5,12.4,12.5,13,0.0,0.0,102.1,105.0,107.7,107.5,121.5,128.0,7.9,8.0,10,0.6,2
1.0,0.01,1.0,South Dakota,93.3,84,117,88.0,38.6,38.0,42,0.0,0.0,99.5,95.5,105.6,106.5,89.6,98.0,9.0,8.5,15,3.4,4
0.5,0.25,2.0,South Carolina,93.4,63,102,102.0,14.8,15.0,16,0.0,0.0,101.2,102.0,138.1,157.0,28.0,28.0,34.0,33.0,42,3.5,5
1.0,0.05,1.0,Mississippi,93.6,69,107,95.0,8.7,8.5,11,0.0,0.0,103.8,101.0,125.7,107.0,216.85714285714286,201.0,1.625,1.5,4,0.5,1
0.5,0.05,2.0,Mississippi,93.6,69,107,91.0,8.2,8.0,10,0.0,0.0,111.4,104.0,139.3,133.0,216.85714285714286,201.0,1.5,2.0,2,0.6,1
1.0,0.05,2.0,Vermont,93.6,55,106,102.5,9.7,10.0,11,0.3,2.0,108.6,106.0,116.3,118.0,55.6,28.0,7.6,7.5,10,4.2,6
0.5,0.25,2.0,Maine,93.9,62,119,96.0,12.3,12.0,14,0.0,0.0,131.0,140.0,164.8,177.0,219.83333333333334,204.0,1.1,1.0,3,1.5,2
0.5,0.05,0.5,Georgia,93.9,77,138,85.5,20.3,20.0,26,0.0,0.0,115.6,118.0,130.0,137.0,155.8,144.5,2.6,2.0,5,2.2,3
0.5,0.25,0.5,South Carolina,94.2,63,102,102.0,5.8,5.5,9,0.0,0.0,102.0,102.0,132.7,130.0,41.0,28.0,9.0,9.0,12,1.0,1
1.0,0.25,2.0,South Carolina,94.2,63,102,102.0,17.8,18.0,19,0.0,0.0,102.0,102.0,136.8,130.0,28.0,28.0,38.9,37.5,57,3.3,6
0.5,0.25,1.0,South Carolina,94.2,63,102,102.0,9.3,9.0,11,0.0,0.0,102.0,102.0,148.1,158.0,28.0,28.0,28.8,28.5,32,5.0,6
0.5,0.05,2.0,Georgia,94.3,77,120,87.5,43.3,43.5,48,0.2,1.0,121.2,119.0,130.4,121.5,141.4,179.0,4.5,5.0,6,4.4,6
1.0,0.05,1.0,Georgia,94.3,77,120,88.5,45.4,46.0,49,0.3,1.0,117.7,119.0,133.0,137.0,162.7,174.0,5.3,5.5,8,5.7,8
1.0,0.05,0.5,Montana,94.5,73,132,88.0,11.2,10.5,14,0.0,0.0,119.6,124.5,131.8,132.0,188.14285714285714,149.0,1.1,1.0,3,3.9,6
1.0,0.01,0.5,California,94.7,63,102,101.0,3.3,3.0,6,18.7,31.0,174.5,123.0,200.66666666666666,199.5,42.3,28.0,48.1,49.0,57,29.8,33
0.5,0.05,1.0,Maryland,94.8,80,108,96.5,9.7,10.0,11,0.0,0.0,108.6,107.0,112.0,111.0,122.6,128.0,5.8,6.0,8,0.8,2
2.0,0.05,1.0,Mississippi,95.0,91,107,91.0,13.1,13.0,15,0.0,0.0,106.0,104.0,123.1,120.0,244.88888888888889,201.0,1.9,2.0,3,0.5,1
0.5,0.01,1.0,Wyoming,95.1,72,114,90.0,5.3,5.0,8,0.1,1.0,154.5,147.0,204.7,197.0,53.333333333333336,28.0,0.6666666666666666,0.5,2,0.3,1
0.5,0.01,1.0,Ohio,95.1,81,105,99.5,35.4,35.5,41,0.4,3.0,108.8,105.0,117.9,117.0,93.0,90.0,17.3,19.0,21,6.9,10
1.0,0.25,2.0,Virginia,95.1,83,124,91.0,31.5,31.0,36,0.3,1.0,111.0,108.5,126.0,124.0,72.1,58.0,11.8,12.0,15,10.9,13
1.0,0.05,2.0,North Carolina,95.2,74,121,86.0,28.2,28.0,31,0.4,1.0,127.8,132.0,145.1,134.0,190.8,208.5,5.4,6.0,7,3.4,5
1.0,0.25,1.0,Virginia,95.2,83,124,92.0,31.5,32.0,34,0.0,0.0,115.4,115.0,124.2,124.5,135.3,139.5,9.8,9.5,14,7.6,10
1.0,0.25,0.5,Virginia,95.5,91,106,91.0,27.8,28.0,31,0.1,1.0,109.9,108.5,123.0,124.0,127.4,118.5,9.4,10.0,13,6.8,9
0.5,0.25,2.0,West Virginia,95.6,66,104,104.0,14.3,14.5,16,0.0,0.0,106.7,108.0,122.0,111.0,166.4,184.0,8.2,8.5,9,0.2,1
0.5,0.1,1.0,Maryland,95.6,80,108,97.5,10.8,11.0,12,0.0,0.0,105.1,108.0,109.3,108.0,121.9,131.5,5.3,5.5,8,0.4,1
0.5,0.01,0.5,Arkansas,95.625,55,155,100.0,1.875,2.0,4,0.0,0.0,261.4,210.0,210.0,210.0,185.16666666666666,137.0,1.3333333333333333,1.0,2,0.0,0
2.0,0.1,1.0,Alabama,95.8,91,139,91.0,19.5,20.0,21,0.0,0.0,102.2,94.0,165.8,159.0,206.0,206.0,0.8571428571428571,1.0,1,0.1,1
1.0,0.01,2.0,Wyoming,95.8,75,139,90.0,11.1,11.5,12,0.0,0.0,128.9,118.0,205.9,196.0,255.88888888888889,170.0,1.9,1.0,5,0.7,1
0.5,0.01,1.0,Florida,95.9,65,127,95.5,12.9,13.5,15,0.1,1.0,120.8,127.0,131.7,140.0,59.9,28.0,13.7,15.0,21,12.8,16
1.0,0.25,1.0,West Virginia,96.0,66,104,104.0,14.7,15.0,17,0.0,0.0,106.8,108.0,122.3,111.0,166.4,184.0,6.8,6.5,9,0.1,1
2.0,0.05,2.0,Mississippi,96.0,69,107,99.0,15.1,15.0,19,0.0,0.0,109.4,107.0,137.2,133.0,293.6,238.0,1.9,2.0,4,0.6,1
0.5,0.01,0.5,Washington,96.0,72,111,96.5,4.8,5.0,8,0.1,1.0,108.2,111.0,129.88888888888889,137.0,65.4,61.0,15.5,15.0,21,8.2,12
0.5,0.01,2.0,Ohio,96.0,66,113,105.0,45.7,45.5,50,0.1,1.0,106.0,105.0,115.8,113.0,72.9,28.0,24.6,26.0,30,10.4,13
0.5,0.05,1.0,Georgia,96.2,77,138,80.0,36.2,35.5,42,0.1,1.0,123.2,136.0,140.0,140.0,170.1,174.0,2.9,2.5,6,3.3,6
1.0,0.1,2.0,Alabama,96.4,91,139,91.0,19.1,19.5,21,0.0,0.0,113.4,94.0,165.5,167.5,206.0,206.0,1.0,1.0,1,0.0,0
0.5,0.25,0.5,Virginia,96.4,83,124,91.0,15.2,15.0,18,0.0,0.0,105.6,102.0,122.0,124.0,116.7,108.5,10.0,9.5,14,4.5,5
2.0,0.25,1.0,South Carolina,96.5,63,102,102.0,18.3,19.0,20,0.0,0.0,102.0,102.0,130.0,130.0,28.0,28.0,43.6,45.5,49,4.1,6
2.0,0.25,0.5,Massachusetts,96.6,93,102,93.0,9.2,9.0,10,0.0,0.0,101.3,103.0,105.4,107.0,,,0.0,0.0,0,0.3,1
2.0,0.25,2.0,Massachusetts,96.6,93,102,93.0,9.4,9.0,10,0.0,0.0,102.3,103.0,106.5,107.0,223.0,223.0,0.42857142857142855,0.0,1,0.5,1
2.0,0.1,2.0,Alabama,96.7,91,139,91.0,20.4,20.0,22,0.0,0.0,123.6,116.5,178.5,176.0,206.0,206.0,1.0,1.0,1,0.1,1
2.0,0.25,1.0,Massachusetts,96.7,93,102,93.5,9.4,9.0,10,0.0,0.0,102.2,103.0,106.1,107.0,306.0,306.0,0.5,0.5,1,0.3,1
2.0,0.01,1.0,Indiana,96.8,87,112,94.0,50.5,50.0,55,0.0,0.0,103.6,104.0,112.5,112.0,95.6,124.5,10.7,12.0,14,6.2,8
2.0,0.01,2.0,Ohio,96.8,66,105,99.5,48.9,49.5,55,0.2,2.0,105.9,102.5,117.9,120.0,63.9,28.0,21.5,20.5,29,11.0,16
1.0,0.25,2.0,Massachusetts,96.9,93,103,93.5,9.4,9.0,10,0.0,0.0,103.4,103.0,107.6,107.0,223.0,223.0,0.3333333333333333,0.0,1,0.2,1
1.0,0.05,2.0,Maryland,96.9,80,108,107.0,11.7,12.0,13,0.0,0.0,107.5,110.0,113.8,113.0,136.2,135.0,7.5,7.5,10,0.8,2
2.0,0.05,2.0,Georgia,96.9,83,109,94.0,51.2,50.0,56,0.0,0.0,113.2,109.0,124.0,120.0,170.0,156.0,6.7,7.0,8,7.3,10
0.5,0.25,2.0,Virginia,96.9,83,124,91.0,30.9,32.0,33,0.0,0.0,112.0,111.0,125.5,124.0,149.3,163.0,10.1,9.0,16,7.4,10
0.5,0.01,2.0,Pennsylvania,97.0,57,117,96.0,39.6,39.5,46,0.0,0.0,110.5,113.0,119.1,117.0,89.4,97.0,23.9,24.5,27,8.2,12
0.5,0.01,2.0,California,97.0,89,111,95.0,2.9,3.0,5,12.875,24.0,113.125,117.5,195.33333333333334,203.5,37.4,28.0,51.1,50.5,59,32.0,36
1.0,0.25,1.0,Louisiana,97.2,82,101,101.0,5.5,5.5,7,0.0,0.0,123.0,123.0,239.0,239.0,207.8,279.0,1.0,1.0,1,0.0,0
0.5,0.05,2.0,Maryland,97.3,80,108,105.0,10.8,11.0,11,0.0,0.0,106.0,108.0,114.0,113.0,125.7,135.0,7.2,7.0,10,0.9,2
1.0,0.25,0.5,South Carolina,97.3,63,102,102.0,12.8,13.0,14,0.0,0.0,102.0,102.0,136.9,137.0,28.0,28.0,32.7,33.0,36,3.2,4
0.5,0.01,0.5,Ohio,97.3,79,105,100.0,26.3,25.5,33,0.0,0.0,105.0,105.0,111.9,108.0,85.2,71.0,12.3,11.5,17,5.9,8
1.0,0.05,2.0,Georgia,97.4,77,133,90.5,48.5,48.5,52,0.0,0.0,124.0,120.0,132.9,138.0,191.7,203.5,4.9,5.0,6,7.3,9
1.0,0.25,1.0,Massachusetts,97.5,93,102,97.5,9.3,9.0,10,0.0,0.0,101.6,103.0,106.1,107.0,223.0,223.0,1.0,1.0,1,0.0,0
1.0,0.05,1.0,North Carolina,97.5,74,121,97.5,26.0,25.5,29,0.5,1.0,129.9,126.5,154.2,161.0,128.2,121.0,3.9,4.0,5,4.2,6
2.0,0.01,0.5,North Dakota,97.6,73,151,81.0,12.3,13.0,15,0.1,1.0,163.5,145.0,193.3,183.5,117.0,89.0,5.2,4.5,10,3.3,5
2.0,0.25,0.5,Louisiana,97.8,82,123,101.0,6.3,6.0,8,0.0,0.0,124.2,123.0,222.8,212.0,177.28571428571428,101.0,1.1428571428571428,1.0,2,0.0,0
0.5,0.1,2.0,Maryland,97.9,80,108,104.0,11.3,11.0,12,0.0,0.0,104.7,107.0,107.5,108.0,124.0,135.0,6.3,6.5,8,0.5,2
2.0,0.1,1.0,Maryland,97.9,81,108,101.0,12.3,12.5,13,0.0,0.0,107.4,107.5,110.1,108.5,124.9,135.0,6.9,6.0,10,0.9,2
0.5,0.25,1.0,Virginia,97.9,83,124,91.0,24.6,24.5,28,0.0,0.0,107.9,108.5,120.1,124.0,126.1,118.5,10.1,9.0,15,5.8,7
2.0,0.05,1.0,Georgia,97.9,77,118,99.5,49.3,50.0,52,0.0,0.0,113.0,118.0,124.8,120.0,159.6,179.0,6.3,6.0,9,6.9,10
1.0,0.01,1.0,Ohio,98.2,66,121,105.0,45.2,44.0,54,0.2,2.0,110.8,109.0,120.6,118.0,82.7,75.5,23.2,22.5,29,11.0,15
1.0,0.25,0.5,Massachusetts,98.4,93,102,102.0,9.1,9.0,10,0.0,0.0,103.0,103.0,107.0,107.0,223.0,223.0,1.0,1.0,1,0.1,1
1.0,0.01,0.5,Ohio,98.5,66,113,105.0,40.5,41.5,45,0.4,1.0,112.5,109.0,118.7,122.0,93.7,109.5,18.6,17.5,27,7.2,13
0.5,0.01,0.5,Utah,98.6,78,129,93.5,6.3,6.0,7,0.1,1.0,110.4,110.5,130.5,124.0,57.0,28.0,5.2,6.0,8,1.1,3
0.5,0.25,2.0,Massachusetts,99.4,93,103,102.0,9.2,9.0,10,0.0,0.0,102.5,103.0,107.4,107.0,223.0,223.0,1.0,1.0,1,0.0,0
0.5,0.25,0.5,Massachusetts,99.4,93,103,102.0,8.0,8.0,8,0.0,0.0,101.4,103.0,105.0,107.0,,,0.0,0.0,0,0.0,0
0.5,0.25,1.0,Massachusetts,99.4,93,103,102.0,9.3,9.0,10,0.0,0.0,103.4,103.0,107.9,107.0,,,0.0,0.0,0,0.3,1
2.0,0.05,1.0,North Carolina,99.5,74,121,107.5,29.3,29.0,30,0.3,1.0,127.7,126.5,144.7,135.0,154.1,145.5,5.5,6.0,7,3.5,6
2.0,0.25,2.0,Virginia,99.5,83,124,97.5,33.1,33.0,37,0.2,1.0,114.0,124.0,122.4,125.0,28.0,28.0,12.2,10.5,22,10.5,13
0.5,0.25,0.5,New Jersey,99.6,86,103,103.0,4.8,5.0,6,0.0,0.0,165.6,173.0,180.5,179.0,162.44444444444446,172.0,1.4444444444444444,1.0,5,0.0,0
2.0,0.1,1.0,South Carolina,99.6,94,102,102.0,17.3,17.5,20,0.0,0.0,102.0,102.0,140.5,158.0,28.0,28.0,42.0,42.0,50,3.8,6
1.0,0.05,0.5,Georgia,99.6,77,120,94.0,40.3,40.0,46,0.1,1.0,115.5,115.0,123.2,120.0,195.3,203.5,2.5,2.5,5,4.3,6
2.0,0.25,2.0,Louisiana,99.7,82,123,101.0,7.0,7.0,8,0.0,0.0,124.2,123.0,222.8,212.0,172.2,101.0,1.2,1.0,2,0.0,0
ALL,ALL,ALL,Georgia,99.78055555555555,54,214,83.0,40.61666666666667,46.0,60,0.030555555555555555,1.0,117.33055555555555,110.0,130.7722222222222,118.0,154.95197740112994,143.0,4.627450980392157,5.0,13,5.072222222222222,11
1.0,0.25,2.0,West Virginia,99.8,66,104,104.0,14.6,14.5,16,0.0,0.0,107.5,108.0,128.4,111.0,179.4,184.0,7.6,8.0,10,0.0,0
0.5,0.25,0.5,West Virginia,99.8,66,104,104.0,11.7,12.0,14,0.0,0.0,106.8,108.0,127.7,111.0,190.125,205.0,1.75,1.5,3,0.1,1
1.0,0.25,0.5,West Virginia,99.8,66,108,104.0,14.2,14.5,16,0.0,0.0,107.1,108.0,134.2,112.5,178.0,191.0,7.4,7.0,9,0.2,1
2.0,0.25,1.0,Virginia,99.8,83,124,96.5,32.1,32.0,36,0.1,1.0,115.2,124.0,123.2,125.0,28.0,28.0,13.8,12.0,18,10.4,12
2.0,0.25,1.0,West Virginia,100.2,66,104,104.0,15.2,15.0,17,0.0,0.0,107.6,108.0,114.7,111.0,175.2,184.0,6.5,6.0,8,0.4,1
2.0,0.05,1.0,Maryland,100.3,80,108,107.0,11.9,12.0,13,0.0,0.0,110.4,110.0,114.2,114.0,131.0,135.0,7.2,7.0,10,0.7,2
ALL,ALL,ALL,Maryland,100.46111111111111,64,154,104.0,10.877777777777778,11.0,14,0.005555555555555556,1.0,112.88055555555556,108.0,122.53055555555555,108.0,128.9777777777778,135.0,6.572222222222222,7.0,14,0.6,2
0.5,0.01,0.5,Missouri,100.5,90,123,102.0,26.6,25.5,33,0.0,0.0,114.6,113.0,124.0,127.0,138.55555555555554,168.0,2.0,2.0,4,2.9,5
1.0,0.01,2.0,Pennsylvania,100.5,93,117,96.0,39.3,39.5,45,0.2,1.0,112.5,112.0,117.4,116.5,100.7,119.5,24.1,23.5,29,8.4,14
2.0,0.05,2.0,Alabama,100.9,91,139,91.0,18.3,18.0,21,0.0,0.0,167.2,176.0,190.5,190.5,206.0,206.0,0.6,1.0,1,0.4,1
1.0,0.25,2.0,New Jersey,101.1,86,169,94.5,5.4,5.5,7,0.0,0.0,151.2,171.0,177.8,176.0,160.44444444444446,172.0,1.4444444444444444,1.0,3,0.0,0
0.5,0.01,2.0,New York,101.1,90,119,101.5,8.5,9.0,12,1.0,5.0,117.0,114.0,129.5,126.5,28.0,28.0,177.5,179.5,197,35.8,39
2.0,0.05,0.5,South Carolina,101.2,94,102,102.0,15.2,15.5,18,0.0,0.0,118.5,102.0,170.9,172.0,83.1,28.0,27.5,30.0,40,2.9,5
2.0,0.1,0.5,South Carolina,101.2,94,102,102.0,16.9,17.0,19,0.0,0.0,109.4,102.0,165.0,172.0,43.6,28.0,34.2,36.5,43,3.2,5
1.0,0.01,2.0,Missouri,101.2,75,123,102.0,53.2,53.0,57,0.0,0.0,117.2,122.0,123.0,127.0,84.2,28.0,9.9,10.0,14,12.4,16
1.0,0.25,2.0,Louisiana,101.3,82,123,101.0,5.8,6.0,7,0.0,0.0,123.6,123.0,239.0,239.0,219.66666666666666,279.0,1.0,1.0,1,0.0,0
2.0,0.25,1.0,Louisiana,101.3,82,123,101.0,6.2,6.0,7,0.0,0.0,123.6,123.0,214.7,212.0,242.85714285714286,279.0,1.1428571428571428,1.0,2,0.0,0
0.5,0.25,0.5,Louisiana,101.3,82,123,101.0,2.7,3.0,3,0.0,0.0,123.6,123.0,239.0,239.0,101.0,101.0,1.0,1.0,1,0.0,0
2.0,0.1,0.5,Massachusetts,101.3,93,107,102.0,9.1,9.0,10,0.0,0.0,106.4,103.0,112.5,107.0,333.6666666666667,389.0,0.75,1.0,1,0.1,1
2.0,0.25,2.0,Connecticut,101.3,95,102,102.0,5.5,5.5,6,0.0,0.0,110.1,102.0,113.7,111.0,72.8,28.0,7.2,7.5,10,1.5,2
ALL,ALL,ALL,North Carolina,101.35277777777777,61,260,74.0,22.719444444444445,26.0,35,0.3416666666666667,2.0,134.9138888888889,121.0,155.05555555555554,132.0,162.52083333333334,143.0,5.36,5.0,15,3.263888888888889,7
0.5,0.1,2.0,Massachusetts,101.5,93,103,102.0,8.9,9.0,9,0.0,0.0,104.6,103.0,110.7,109.0,223.0,223.0,1.0,1.0,1,0.0,0
1.0,0.05,2.0,Alabama,101.5,91,139,92.5,17.4,18.0,20,0.0,0.0,133.5,139.0,183.4,184.0,146.66666666666666,206.0,0.75,1.0,1,0.2,1
2.0,0.1,2.0,Massachusetts,101.5,93,103,102.0,9.0,9.0,9,0.0,0.0,106.1,107.0,114.4,116.0,223.0,223.0,0.25,0.0,1,0.3,1
1.0,0.01,1.0,Indiana,101.6,89,128,96.0,46.2,46.5,52,0.2,1.0,111.8,110.0,117.2,120.0,90.0,105.0,6.9,7.0,13,5.9,12
1.0,0.05,0.5,Alabama,101.8,91,139,94.0,9.9,10.0,11,0.0,0.0,137.2,139.0,186.9,190.5,206.0,206.0,1.0,1.0,1,0.0,0
0.5,0.05,1.0,Alabama,101.8,91,139,94.0,7.7,8.0,9,0.0,0.0,152.6,149.0,190.4,191.5,206.0,206.0,1.0,1.0,1,0.0,0
1.0,0.05,1.0,Alabama,101.8,91,139,94.0,14.9,14.5,17,0.0,0.0,129.5,139.0,174.9,176.0,87.33333333333333,28.0,1.0,1.0,1,0.0,0
2.0,0.05,1.0,Alabama,101.8,91,139,94.0,16.8,17.0,18,0.0,0.0,130.0,126.0,178.0,183.0,206.0,206.0,0.6,1.0,1,0.3,1
2.0,0.05,0.5,Maryland,101.8,81,108,107.0,12.2,12.0,13,0.0,0.0,109.6,110.0,113.4,114.0,129.4,135.0,8.1,8.0,12,0.5,1
0.5,0.25,1.0,Louisiana,101.9,82,123,101.0,4.0,4.0,5,0.0,0.0,124.8,123.0,239.4,239.0,145.5,101.0,1.0,1.0,1,0.0,0
1.0,0.1,2.0,Massachusetts,101.9,93,107,102.0,9.0,9.0,10,0.0,0.0,107.6,107.0,114.2,114.0,438.75,389.0,0.8,1.0,1,0.1,1
0.5,0.01,0.5,South Carolina,102.0,102,102,102.0,2.1,2.0,4,0.0,0.0,234.85714285714286,254.0,290.0,308.0,240.5,268.5,1.25,1.0,2,0.0,0
0.5,0.05,0.5,South Carolina,102.0,102,102,102.0,3.5,3.0,5,0.0,0.0,132.4,102.0,227.5,213.0,119.625,165.0,6.375,6.0,10,0.8,1
0.5,0.1,0.5,South Carolina,102.0,102,102,102.0,4.0,4.0,5,0.0,0.0,102.0,102.0,162.8,165.0,40.7,28.0,8.8,9.0,12,1.0,1
0.5,0.05,1.0,South Carolina,102.0,102,102,102.0,9.4,9.5,12,0.0,0.0,124.0,102.0,184.5,172.0,58.3,28.0,20.0,19.0,31,2.1,4
1.0,0.05,0.5,South Carolina,102.0,102,102,102.0,10.5,11.0,11,0.0,0.0,118.5,102.0,178.0,176.0,83.9,28.0,22.8,24.0,31,2.3,4
0.5,0.05,2.0,South Carolina,102.0,102,102,102.0,14.6,14.5,16,0.0,0.0,121.7,102.0,177.0,172.0,71.8,28.0,26.3,27.5,33,2.6,5
1.0,0.1,0.5,South Carolina,102.0,102,102,102.0,11.1,11.0,14,0.0,0.0,102.0,102.0,163.8,167.0,71.0,28.0,25.7,26.5,29,3.0,5
2.0,0.05,2.0,South Carolina,102.0,102,102,102.0,17.0,17.5,20,0.0,0.0,118.5,102.0,186.3,176.0,45.1,28.0,35.3,38.0,45,3.1,6
1.0,0.05,2.0,South Carolina,102.0,102,102,102.0,15.3,15.0,21,0.0,0.0,115.0,102.0,184.3,174.0,68.9,28.0,35.8,36.5,45,3.2,6
1.0,0.05,1.0,South Carolina,102.0,102,102,102.0,14.8,14.5,18,0.0,0.0,102.0,102.0,173.2,172.0,84.3,28.0,29.2,30.0,37,3.2,4
1.0,0.1,1.0,South Carolina,102.0,102,102,102.0,16.1,16.0,18,0.0,0.0,102.0,102.0,157.8,158.0,28.0,28.0,34.0,33.5,40,3.2,4
1.0,0.1,2.0,South Carolina,102.0,102,102,102.0,16.6,16.5,18,0.0,0.0,102.0,102.0,171.0,165.0,40.7,28.0,36.1,35.5,44,3.7,5
0.5,0.1,2.0,South Carolina,102.0,102,102,102.0,15.4,15.5,17,0.0,0.0,102.0,102.0,165.9,165.0,53.4,28.0,31.7,33.0,39,3.7,5
2.0,0.05,1.0,South Carolina,102.0,102,102,102.0,15.5,16.0,17,0.0,0.0,102.0,102.0,173.3,172.0,51.9,28.0,35.0,34.5,42,3.8,6
2.0,0.1,2.0,South Carolina,102.0,102,102,102.0,17.7,18.0,19,0.0,0.0,102.0,102.0,161.8,172.0,28.0,28.0,41.8,43.5,49,3.9,6
0.5,0.1,1.0,South Carolina,102.0,102,102,102.0,9.7,9.5,11,0.0,0.0,102.0,102.0,162.2,165.0,39.7,28.0,26.8,26.5,33,4.0,5
0.5,0.01,0.5,Pennsylvania,102.0,57,117,107.0,27.0,27.0,33,0.1,1.0,113.8,114.0,120.6,118.0,113.4,121.0,16.9,18.0,19,5.0,8
2.0,0.25,1.0,Connecticut,102.1,94,111,102.0,5.9,6.0,7,0.0,0.0,105.6,102.0,111.5,107.0,89.3,69.0,6.9,7.0,8,1.1,2
0.5,0.25,0.5,Connecticut,102.1,94,111,102.0,4.7,5.0,5,0.0,0.0,116.2,116.0,120.3,126.0,54.5,28.0,3.8,4.0,5,1.3,2
1.0,0.01,0.5,Pennsylvania,102.1,85,117,99.0,35.4,35.5,40,0.0,0.0,112.1,112.5,124.3,117.0,99.4,110.5,25.0,25.0,33,7.9,13
0.5,0.1,0.5,Massachusetts,102.2,102,103,102.0,8.0,8.0,8,0.0,0.0,104.9,103.0,109.9,107.0,,,0.0,0.0,0,0.0,0
1.0,0.01,1.0,Wyoming,102.2,75,147,101.5,9.6,10.0,12,0.0,0.0,141.5,147.0,192.7,224.0,135.44444444444446,134.0,2.0,2.0,3,0.7,1
0.5,0.05,2.0,North Carolina,102.2,74,121,121.0,26.0,26.0,29,0.4,1.0,126.9,128.5,145.9,134.0,181.0,148.0,5.4,5.0,8,3.0,5
0.5,0.01,0.5,Illinois,102.3,84,109,103.5,25.3,24.5,30,0.0,0.0,108.5,109.0,111.2,111.5,147.8,134.0,6.0,5.5,8,2.3,4
1.0,0.1,0.5,Massachusetts,102.4,93,107,102.5,8.9,9.0,9,0.0,0.0,107.3,107.0,114.8,115.0,,,0.0,0.0,0,0.3,1
2.0,0.01,2.0,Washington,102.4,69,111,106.0,7.2,7.0,10,0.2,1.0,112.2,111.0,128.7,118.0,36.9,28.0,21.1,21.0,25,15.7,19
2.0,0.01,2.0,Utah,102.7,87,129,99.5,10.7,10.5,12,0.1,1.0,114.7,111.0,126.4,131.0,80.5,80.0,10.7,10.5,15,1.2,3
2.0,0.25,0.5,New Jersey,102.8,86,169,103.0,5.7,6.0,7,0.0,0.0,164.8,173.0,179.3,179.0,155.5,166.0,1.375,1.0,2,0.0,0
2.0,0.1,1.0,Massachusetts,102.8,102,107,102.0,9.2,9.0,10,0.0,0.0,106.9,105.0,113.6,112.0,317.85714285714283,389.0,1.1428571428571428,1.0,2,0.0,0
2.0,0.01,2.0,Wyoming,102.9,75,122,113.0,10.8,11.0,13,0.0,0.0,156.0,142.0,203.4,153.0,283.25,252.0,1.875,2.0,3,0.4,1
1.0,0.25,0.5,Connecticut,102.9,102,111,102.0,5.7,6.0,7,0.0,0.0,110.0,106.5,114.5,114.5,121.7,152.0,5.8,6.0,7,1.3,3
0.5,0.25,2.0,Connecticut,103.1,95,111,102.0,5.5,5.5,6,0.1,1.0,110.1,107.0,116.3,121.0,113.9,139.5,6.0,6.0,10,1.5,2
2.0,0.01,0.5,New York,103.1,90,119,97.5,8.4,8.0,16,4.3,18.0,129.5,134.0,152.0,161.5,28.0,28.0,167.7,166.0,183,36.0,40
1.0,0.01,0.5,New York,103.1,90,119,104.5,7.3,7.0,11,6.6,20.0,134.3,130.5,147.3,147.5,28.0,28.0,151.6,150.5,168,36.3,40
2.0,0.05,0.5,Alabama,103.2,91,147,94.0,15.0,15.0,16,0.0,0.0,142.2,139.0,185.1,191.0,206.0,206.0,1.0,1.0,1,0.1,1
1.0,0.01,2.0,Tennessee,103.3,71,166,85.5,28.0,29.0,30,0.0,0.0,149.7,174.5,180.6,183.0,64.0,28.0,16.7,17.0,28,5.2,9
1.0,0.01,0.5,Missouri,103.3,75,121,105.5,39.4,39.0,43,0.0,0.0,116.4,121.0,119.8,123.0,138.0,167.0,5.2,5.5,8,5.7,7
1.0,0.25,0.5,Louisiana,103.5,82,123,101.0,5.4,5.0,7,0.0,0.0,124.2,123.0,239.0,239.0,253.57142857142858,279.0,1.0,1.0,1,0.0,0
2.0,0.01,1.0,Tennessee,103.5,71,183,87.0,29.0,29.0,32,0.0,0.0,154.5,161.0,192.7,197.0,132.9,106.5,14.6,15.0,17,4.5,12
2.0,0.01,1.0,Illinois,103.5,99,112,101.5,38.7,38.5,44,0.0,0.0,108.1,109.0,112.7,111.0,155.2,139.5,14.9,14.0,20,5.7,9
2.0,0.01,1.0,New York,103.5,90,119,105.0,8.0,8.0,11,2.4,13.0,125.9,119.0,149.5,161.5,28.0,28.0,174.4,174.5,200,37.1,41
1.0,0.1,0.5,West Virginia,103.6,100,108,104.0,12.8,13.0,14,0.0,0.0,126.7,111.0,165.9,169.0,182.6,191.0,5.8,5.5,8,0.3,1
1.0,0.25,1.0,Connecticut,103.6,94,126,102.0,5.2,5.0,6,0.0,0.0,108.5,106.5,117.3,121.0,70.3,28.0,7.4,7.5,9,1.8,3
2.0,0.01,1.0,Utah,103.7,87,126,105.5,9.3,9.0,12,0.1,1.0,112.9,111.5,131.5,128.5,51.8,28.0,9.8,9.0,14,2.3,4
2.0,0.01,0.5,Ohio,103.7,66,135,105.0,48.0,48.5,54,0.1,1.0,114.7,109.0,120.2,120.5,69.5,28.0,24.5,25.0,33,10.6,18
0.5,0.25,2.0,Louisiana,103.8,82,123,101.0,5.7,6.0,6,0.0,0.0,124.8,123.0,239.0,239.0,190.0,190.0,1.5,1.5,2,0.0,0
0.5,0.1,1.0,Massachusetts,103.8,102,117,102.0,8.9,9.0,10,0.0,0.0,106.6,107.0,115.2,115.0,,,0.0,0.0,0,0.1,1
2.0,0.25,0.5,Connecticut,103.8,102,111,102.0,6.0,6.0,7,0.0,0.0,114.0,114.0,116.1,118.5,98.6,109.0,6.7,7.0,9,1.0,2
1.0,0.01,0.5,Illinois,103.8,89,109,105.5,30.0,30.0,33,0.0,0.0,110.7,111.0,117.8,119.0,148.0,134.0,11.7,12.0,14,3.8,7
1.0,0.01,1.0,Washington,103.8,64,137,112.0,7.0,7.0,9,0.2,1.0,117.2,115.0,143.2,156.0,90.8,114.0,19.6,19.0,27,14.4,18
1.0,0.01,2.0,North Dakota,104.0,73,151,81.0,14.3,14.0,17,0.0,0.0,178.8,151.0,250.0,271.0,158.88888888888889,89.0,3.2,3.0,10,2.5,5
2.0,0.01,0.5,Pennsylvania,104.0,93,119,96.0,40.7,41.0,44,0.0,0.0,120.7,117.0,125.5,119.0,105.8,124.0,24.8,25.0,33,8.0,11
0.5,0.01,1.0,Pennsylvania,104.1,93,140,96.0,34.5,35.0,39,0.2,1.0,118.8,114.5,125.3,118.0,126.5,135.0,20.3,21.5,27,6.3,11
2.0,0.25,0.5,Maine,104.2,62,119,119.0,12.7,13.0,14,0.0,0.0,140.2,140.0,170.5,177.0,268.0,223.0,1.1,1.0,3,1.3,2
1.0,0.1,1.0,Massachusetts,104.3,102,114,103.0,9.1,9.0,10,0.0,0.0,108.1,107.0,114.3,116.0,389.0,389.0,0.75,1.0,1,0.1,1
2.0,0.01,1.0,Washington,104.3,69,129,108.5,7.3,7.0,9,0.2,1.0,119.0,125.0,148.2,144.5,45.9,28.0,21.9,22.0,28,14.9,16
2.0,0.01,2.0,Indiana,104.4,89,128,100.0,50.8,51.5,54,0.0,0.0,111.1,112.0,116.9,115.5,102.6,28.0,8.8,9.0,14,6.6,9
1.0,0.25,0.5,New Jersey,104.5,86,169,103.0,5.3,6.0,7,0.0,0.0,152.0,173.0,179.9,179.0,171.7,172.0,1.6,2.0,2,0.0,0
ALL,ALL,ALL,Mississippi,104.54038997214485,69,266,91.0,9.69359331476323,9.0,20,0.0,0.0,126.6590909090909,99.0,145.65486725663717,107.0,222.8443396226415,201.0,2.049107142857143,2.0,5,0.49303621169916434,1
1.0,0.05,0.5,Maryland,104.7,89,108,106.0,9.9,10.0,11,0.0,0.0,108.8,108.0,113.8,114.0,128.8,131.5,6.1,6.5,8,0.8,2
0.5,0.05,0.5,Maryland,104.7,81,108,108.0,9.1,9.5,11,0.0,0.0,111.5,110.0,116.6,114.0,133.7,135.0,5.7,5.5,7,1.0,2
0.5,0.01,2.0,Illinois,104.7,96,109,107.0,32.6,32.0,36,0.0,0.0,108.9,109.0,113.1,112.0,154.8,134.0,11.2,11.0,16,5.5,9
0.5,0.1,0.5,West Virginia,104.8,100,108,104.0,9.9,10.0,11,0.0,0.0,121.0,111.0,164.0,169.0,211.11111111111111,212.0,2.111111111111111,2.0,5,0.0,0
1.0,0.01,1.0,Illinois,105.0,99,112,105.5,33.9,33.5,38,0.0,0.0,109.8,109.5,114.7,115.0,168.2,188.5,10.5,11.0,14,4.5,9
0.5,0.01,1.0,New York,105.3,90,141,97.5,7.2,7.0,11,6.6,27.0,137.7,131.0,146.44444444444446,151.0,28.0,28.0,148.5,150.0,163,36.4,41
1.0,0.01,1.0,Utah,105.5,78,131,107.5,9.7,10.0,12,0.1,1.0,124.4,126.5,140.7,137.0,82.8,28.0,7.0,6.0,10,1.8,3
1.0,0.01,0.5,Utah,105.6,78,131,110.0,8.5,9.0,10,0.0,0.0,123.7,127.5,142.5,144.5,77.4,28.0,7.6,7.5,11,1.5,3
0.5,0.05,2.0,Alabama,105.7,91,139,91.0,12.7,12.5,16,0.0,0.0,126.2,94.0,181.1,176.0,206.0,206.0,1.25,1.0,2,0.0,0
1.0,0.05,1.0,Massachusetts,105.9,102,114,105.0,8.9,9.0,9,0.0,0.0,115.4,115.5,121.0,117.0,374.3333333333333,389.0,0.75,1.0,1,0.1,1
1.0,0.01,0.5,Washington,105.9,72,133,108.5,6.1,6.0,8,0.8,6.0,124.6,118.0,144.6,144.5,66.5,28.0,13.5,14.0,17,12.4,15
0.5,0.05,0.5,Vermont,106.1,91,120,105.5,9.4,9.0,12,0.1,1.0,113.2,117.5,117.9,119.5,59.0,28.0,4.7,4.0,11,3.4,6
1.0,0.01,1.0,New York,106.1,90,119,105.0,6.8,6.5,10,2.8,10.0,128.2,119.0,149.6,145.5,28.0,28.0,179.8,183.5,194,38.1,43
0.5,0.25,1.0,New Jersey,106.2,86,169,103.0,4.9,5.0,6,0.0,0.0,159.0,173.0,182.3,183.5,173.0,172.0,1.4444444444444444,1.0,2,0.0,0
2.0,0.25,1.0,New Jersey,106.2,86,169,103.0,5.9,6.0,7,0.0,0.0,165.6,173.0,179.6,179.0,171.7,172.0,1.3,1.0,2,0.0,0
0.5,0.25,1.0,Connecticut,106.2,102,126,102.0,5.7,5.5,7,0.0,0.0,111.9,111.0,113.4,111.0,121.5,152.0,5.7,5.0,8,1.3,2
2.0,0.05,1.0,Massachusetts,106.4,102,117,103.0,9.0,9.0,9,0.0,0.0,113.4,116.0,125.8,124.0,322.6,389.0,1.4,1.0,2,0.0,0
1.0,0.01,2.0,Illinois,106.4,99,109,109.0,36.5,37.0,41,0.0,0.0,114.0,115.0,118.0,120.0,137.3,122.0,14.9,15.5,21,5.7,12
2.0,0.01,1.0,Pennsylvania,106.4,93,117,111.0,40.4,41.0,43,0.2,1.0,117.5,116.0,123.2,118.0,116.1,127.0,24.4,25.0,28,7.8,11
0.5,0.01,2.0,Missouri,106.5,75,127,104.0,45.3,45.0,50,0.0,0.0,120.9,122.0,129.4,127.0,155.4,185.0,6.3,6.0,10,8.4,15
2.0,0.01,0.5,Washington,106.5,92,137,108.5,7.5,7.5,10,0.1,1.0,113.4,112.0,127.1,118.0,51.8,28.0,21.4,22.5,26,13.8,16
1.0,0.05,1.0,Maryland,106.6,104,108,107.0,12.1,12.0,13,0.0,0.0,109.4,108.0,113.6,113.0,132.8,135.0,5.1,5.5,7,0.6,1
1.0,0.05,0.5,Massachusetts,106.7,102,115,105.0,8.7,9.0,9,0.0,0.0,114.8,115.5,125.4,125.5,247.5,247.5,0.6666666666666666,1.0,1,0.1,1
1.0,0.25,2.0,Connecticut,106.7,102,126,102.0,5.3,5.0,7,0.2,2.0,115.3,116.0,125.3,126.0,89.2,69.0,8.2,8.0,10,1.7,3
0.5,0.05,2.0,Massachusetts,106.8,103,114,107.0,8.8,9.0,9,0.0,0.0,117.9,117.0,126.7,127.5,389.0,389.0,0.5,0.5,1,0.2,1
2.0,0.01,0.5,Illinois,106.9,100,112,108.0,37.5,38.0,40,0.0,0.0,110.8,110.0,114.3,113.0,157.9,188.5,12.7,12.5,17,4.9,9
2.0,0.05,0.5,Massachusetts,107.0,93,116,105.0,8.9,9.0,10,0.0,0.0,116.1,116.0,123.1,118.0,389.0,389.0,0.8,1.0,1,0.1,1
0.5,0.01,1.0,Illinois,107.0,99,118,108.0,29.3,29.0,32,0.0,0.0,110.8,109.5,115.1,114.0,147.0,134.0,10.0,9.5,15,2.9,6
2.0,0.01,2.0,Georgia,107.0,89,109,109.0,30.6,32.0,38,0.0,0.0,143.9,138.0,172.9,162.0,261.9,226.0,6.4,6.5,10,5.5,10
0.5,0.01,1.0,Missouri,107.2,90,127,102.0,32.3,32.0,37,0.0,0.0,118.4,122.0,127.3,125.0,161.7,168.0,4.1,3.0,7,6.3,8
0.5,0.01,0.5,Tennessee,107.4,71,183,87.0,12.1,12.0,16,0.0,0.0,156.1,156.0,185.0,189.5,220.2,213.0,5.6,6.0,10,1.1,3
2.0,0.01,2.0,Illinois,107.5,99,122,105.5,38.2,38.0,43,0.0,0.0,112.5,109.0,115.6,114.0,130.4,128.0,16.7,17.5,22,6.1,10
2.0,0.01,2.0,Pennsylvania,107.5,72,117,113.5,41.1,41.0,48,0.0,0.0,117.7,117.0,127.3,126.5,97.7,116.0,24.2,23.5,29,7.2,11
1.0,0.01,1.0,Pennsylvania,107.5,93,117,113.0,39.7,40.5,44,0.0,0.0,116.8,118.0,123.9,122.0,121.4,123.5,23.8,25.0,29,8.2,11
1.0,0.01,2.0,New York,107.5,90,148,105.0,8.3,8.5,12,3.0,21.0,126.9,119.0,143.3,151.0,28.0,28.0,170.7,174.5,191,36.6,43
2.0,0.05,2.0,Maryland,107.6,106,108,108.0,12.0,12.0,13,0.0,0.0,111.7,112.0,116.8,116.0,132.2,135.0,6.8,7.0,9,0.7,2
0.5,0.25,2.0,New Jersey,107.7,86,169,94.5,5.8,6.0,7,0.0,0.0,157.8,171.0,177.8,176.0,160.9,172.0,1.9,2.0,4,0.0,0
2.0,0.1,2.0,Connecticut,107.7,102,126,102.0,5.8,6.0,6,0.0,0.0,124.5,126.0,127.8,126.0,136.4,187.0,5.8,5.5,8,1.2,2
2.0,0.01,1.0,Wyoming,107.8,75,252,87.5,10.5,10.0,12,0.0,0.0,145.1,142.0,209.9,169.0,177.55555555555554,150.0,2.3333333333333335,3.0,3,0.9,3
1.0,0.05,2.0,Massachusetts,108.0,102,119,105.0,9.0,9.0,10,0.0,0.0,118.1,115.0,125.5,120.5,389.0,389.0,1.0,1.0,1,0.0,0
1.0,0.01,2.0,Washington,108.2,92,137,111.0,7.1,7.0,11,0.4,2.0,121.3,115.0,142.6,127.5,36.6,28.0,20.5,20.5,25,14.7,18
2.0,0.01,2.0,New York,108.6,90,119,105.0,7.0,7.0,10,3.0,11.0,124.9,119.0,146.0,153.5,28.0,28.0,169.4,175.5,185,38.3,43
0.5,0.01,1.0,Washington,108.7,69,137,108.5,5.9,6.0,7,0.9,4.0,134.4,129.0,144.8,149.0,86.9,108.5,16.6,16.0,27,10.7,15
2.0,0.01,0.5,Missouri,108.8,102,127,103.0,55.2,55.0,60,0.0,0.0,117.5,121.0,124.0,127.0,114.0,97.0,10.1,9.5,17,8.2,13
2.0,0.01,1.0,Missouri,108.9,90,127,106.5,57.7,59.0,65,0.0,0.0,118.3,122.0,125.7,127.0,80.6,28.0,10.0,9.5,13,10.3,14
0.5,0.1,2.0,West Virginia,109.1,100,151,104.0,13.0,13.0,15,0.0,0.0,130.5,109.5,169.5,169.0,206.3,203.5,6.3,6.5,9,0.3,1
0.5,0.05,1.0,Massachusetts,109.2,102,117,107.0,8.9,9.0,9,0.0,0.0,116.2,116.0,126.0,128.0,223.0,223.0,0.5,0.5,1,0.1,1
1.0,0.1,2.0,Connecticut,109.2,102,126,102.0,5.7,6.0,6,0.0,0.0,121.2,126.0,131.9,129.0,110.1,129.5,6.2,5.5,10,1.3,2
2.0,0.01,2.0,Missouri,109.2,90,127,106.5,57.7,57.0,64,0.0,0.0,118.5,125.0,122.8,127.5,78.1,28.0,9.2,9.5,17,11.5,17
0.5,0.05,0.5,Massachusetts,109.3,102,131,106.0,7.6,8.0,8,0.0,0.0,118.1,116.0,123.4,120.0,,,0.0,0.0,0,0.1,1
1.0,0.25,1.0,New Jersey,109.4,86,169,103.0,5.5,6.0,7,0.0,0.0,151.6,173.0,178.4,179.0,162.5,166.0,1.375,1.0,2,0.0,0
1.0,0.01,2.0,Utah,109.4,87,131,111.5,10.1,10.0,12,0.1,1.0,120.6,124.0,134.6,131.0,58.2,28.0,10.2,9.5,15,1.6,5
1.0,0.01,1.0,Missouri,109.4,82,131,111.0,52.3,52.0,58,0.0,0.0,118.3,123.0,127.2,127.0,66.8,28.0,6.7,7.0,9,6.5,9
1.0,0.01,0.5,Wyoming,109.5,75,216,101.5,7.6,7.5,10,0.0,0.0,152.0,147.0,219.3,206.0,192.0,150.0,1.6666666666666667,2.0,3,0.5,1
2.0,0.25,1.0,Maine,109.5,62,140,119.0,12.5,13.0,14,0.0,0.0,139.5,140.0,166.6,177.0,282.57142857142856,241.0,0.9,1.0,2,1.3,2
0.5,0.01,2.0,Washington,109.5,101,113,112.0,6.6,6.5,9,0.2,2.0,127.3,115.0,162.7,172.5,53.8,28.0,18.9,19.5,25,13.5,18
2.0,0.05,2.0,Massachusetts,109.6,102,116,109.5,8.9,9.0,9,0.0,0.0,120.6,116.5,128.5,126.0,284.0,284.0,0.6666666666666666,1.0,1,0.1,1
2.0,0.1,1.0,Louisiana,109.8,101,123,101.0,5.1,5.0,6,0.0,0.0,133.0,123.0,233.6,239.0,226.5,211.5,1.75,2.0,2,0.0,0
2.0,0.1,2.0,Louisiana,109.8,101,123,101.0,5.7,5.5,7,0.0,0.0,125.4,123.0,228.2,239.0,240.85714285714286,265.0,1.4285714285714286,1.0,2,0.0,0
2.0,0.1,0.5,Louisiana,109.8,101,123,101.0,5.4,6.0,6,0.0,0.0,125.4,123.0,220.1,212.0,245.0,265.0,1.5714285714285714,1.0,3,0.0,0
0.5,0.01,1.0,Utah,109.9,87,131,111.5,6.8,6.5,10,0.1,1.0,121.8,118.0,136.6,131.0,38.4,28.0,5.8,6.0,10,1.6,4
2.0,0.01,0.5,Utah,110.0,87,126,110.0,9.1,9.0,11,0.0,0.0,120.6,124.0,138.8,131.0,113.8,133.5,8.6,8.0,13,1.9,3
0.5,0.01,2.0,Utah,110.2,93,131,110.0,9.6,9.0,12,0.0,0.0,120.8,117.0,134.3,131.0,54.1,28.0,7.2,7.0,12,1.7,3
0.5,0.1,2.0,Connecticut,110.6,102,126,102.0,5.2,5.0,6,0.1,1.0,119.7,126.0,136.8,129.0,168.2,187.0,5.2,5.0,8,1.8,3
0.5,0.01,0.5,New York,110.8,90,151,105.0,5.5,5.5,9,4.4,24.0,130.0,120.5,147.6,161.5,40.9,28.0,110.3,114.0,125,33.9,37
0.5,0.01,2.0,Tennessee,110.9,71,156,100.0,24.7,25.5,27,0.0,0.0,172.0,183.0,187.2,193.0,159.0,191.0,11.8,12.5,15,2.5,5
2.0,0.1,1.0,Connecticut,111.0,102,126,106.5,5.7,6.0,6,0.2,1.0,124.2,126.0,128.6,129.0,114.4,160.0,6.7,6.5,12,1.3,2
1.0,0.1,1.0,West Virginia,111.5,100,187,104.0,13.3,13.0,15,0.0,0.0,140.6,138.5,168.5,184.0,195.0,200.0,5.7,5.5,8,0.3,2
1.0,0.1,2.0,Virginia,111.5,91,124,117.5,29.1,29.0,31,0.0,0.0,125.9,124.5,130.1,132.0,42.2,28.0,9.9,10.0,15,9.9,12
0.5,0.25,0.5,Maine,111.6,62,182,119.0,9.5,9.5,10,0.0,0.0,140.0,140.0,173.9,182.0,233.0,241.0,1.8,1.5,4,1.2,2
ALL,ALL,ALL,South Carolina,111.80555555555556,63,342,102.0,11.825,13.0,21,0.036414565826330535,4.0,139.812324929972,102.0,190.8,172.0,86.82028985507246,28.0,25.744927536231884,29.0,57,2.5444444444444443,6
1.0,0.05,1.0,Louisiana,112.0,101,123,112.0,4.3,4.0,5,0.0,0.0,144.8,129.0,239.0,239.0,204.0,204.0,1.3333333333333333,1.0,2,0.0,0
0.5,0.1,1.0,Louisiana,112.0,101,123,112.0,4.0,4.0,5,0.0,0.0,133.6,126.0,239.2,239.0,241.5,241.5,1.0,1.0,1,0.0,0
ALL,ALL,ALL,Massachusetts,112.16666666666667,93,232,103.0,8.5,9.0,10,0.0,0.0,123.50833333333334,109.0,134.075,116.0,310.9120879120879,345.0,0.8387096774193549,1.0,3,0.11388888888888889,1
0.5,0.25,1.0,Maine,112.5,62,182,107.5,10.3,10.0,11,0.0,0.0,139.8,140.0,174.2,182.0,238.0,241.0,0.7,1.0,2,1.6,2
0.5,0.1,2.0,Virginia,112.5,91,124,117.5,25.5,25.5,30,0.2,1.0,125.3,124.5,129.6,130.5,156.7,170.0,9.7,10.5,13,7.7,9
1.0,0.1,1.0,Virginia,112.8,91,124,124.0,27.6,27.5,31,0.0,0.0,122.0,125.0,128.5,129.0,167.0,170.0,9.7,10.5,14,7.1,9
1.0,0.01,1.0,Tennessee,113.0,71,197,85.5,25.2,24.5,29,0.0,0.0,157.9,183.0,185.5,187.5,120.8,75.0,11.8,11.5,17,3.0,5
1.0,0.1,1.0,Connecticut,113.8,102,126,113.5,5.6,6.0,7,0.2,1.0,123.6,126.0,133.7,129.0,109.3,151.5,6.6,7.0,11,1.4,3
2.0,0.1,0.5,Connecticut,114.0,102,126,114.0,5.5,5.5,6,0.0,0.0,122.4,126.0,132.8,132.0,127.3,155.0,5.2,5.0,7,1.5,2
0.5,0.1,0.5,Connecticut,114.0,102,126,114.0,4.2,4.0,5,0.0,0.0,118.5,126.0,131.8,132.0,142.4,169.0,3.2,3.0,5,1.7,2
1.0,0.05,2.0,Louisiana,114.2,101,123,123.0,4.2,4.0,5,0.0,0.0,141.8,129.0,239.0,239.0,295.25,204.0,1.0,1.0,1,0.0,0
1.0,0.1,0.5,Louisiana,114.2,101,123,123.0,5.1,5.0,6,0.0,0.0,129.3,129.0,239.0,239.0,249.0,279.0,1.2,1.0,2,0.0,0
1.0,0.1,2.0,Louisiana,114.2,101,123,123.0,5.3,5.0,7,0.0,0.0,134.2,129.0,239.0,239.0,279.0,279.0,1.0,1.0,1,0.0,0
1.0,0.1,1.0,Louisiana,114.2,101,123,123.0,5.3,5.0,7,0.0,0.0,157.0,129.0,239.0,239.0,,,0.0,0.0,0,0.0,0
0.5,0.1,0.5,Virginia,114.3,91,124,124.0,13.8,13.5,16,0.1,1.0,124.8,125.0,131.2,132.0,164.4,170.0,6.5,6.5,10,3.3,6
2.0,0.01,2.0,Tennessee,114.3,71,189,100.0,28.8,29.5,32,0.0,0.0,174.9,183.0,190.5,187.5,68.8,28.0,17.1,16.5,24,5.2,11
0.5,0.1,1.0,Connecticut,114.9,102,126,118.5,5.7,6.0,6,0.2,1.0,125.7,126.0,135.4,132.0,144.6,169.0,4.5,4.5,7,1.3,2
1.0,0.1,0.5,Connecticut,114.9,102,126,118.5,5.5,5.5,6,0.1,1.0,124.2,126.0,129.1,129.0,146.7,169.0,4.4,4.0,6,1.5,2
0.5,0.01,1.0,North Dakota,115.125,65,190,109.0,4.5,4.5,6,0.0,0.0,214.0,183.5,299.875,337.0,237.6,127.0,1.3333333333333333,1.0,4,0.375,1
0.5,0.1,1.0,Virginia,115.2,91,124,124.0,22.8,22.0,26,0.0,0.0,123.9,125.0,129.6,130.5,163.7,170.0,9.3,10.0,12,4.3,7
2.0,0.25,2.0,Maine,116.0,62,140,119.0,12.5,12.5,13,0.0,0.0,146.9,140.0,164.8,170.0,303.44444444444446,241.0,1.6,2.0,3,1.5,2
1.0,0.05,2.0,Virginia,116.1,91,124,124.0,27.4,27.5,29,0.0,0.0,128.6,130.5,132.9,133.0,129.3,156.5,10.9,11.5,14,7.9,10
0.5,0.05,2.0,Louisiana,116.4,101,123,123.0,4.2,4.0,5,0.0,0.0,160.3,142.5,239.0,239.0,241.5,241.5,1.0,1.0,1,0.0,0
0.5,0.1,2.0,Louisiana,116.4,101,123,123.0,5.0,5.0,6,0.0,0.0,127.2,129.0,239.0,239.0,241.5,241.5,1.5,1.5,2,0.0,0
0.5,0.1,0.5,Louisiana,116.4,101,123,123.0,2.8,3.0,4,0.0,0.0,134.8,129.0,239.0,239.0,204.0,204.0,1.0,1.0,1,0.0,0
2.0,0.25,1.0,New Hampshire,116.5,96,137,110.0,8.0,8.0,9,0.0,0.0,135.4,137.0,149.3,150.0,,,0.0,0.0,0,0.2,1
2.0,0.1,2.0,West Virginia,116.8,100,169,108.0,13.7,14.0,15,0.0,0.0,149.1,160.0,176.9,184.0,194.0,195.0,6.2,6.0,9,0.7,2
0.5,0.05,1.0,Louisiana,117.0,101,129,123.0,4.2,4.0,5,0.0,0.0,160.6,129.0,239.0,239.0,204.0,204.0,1.3333333333333333,1.0,2,0.0,0
2.0,0.01,2.0,South Carolina,117.2,102,254,102.0,9.9,10.0,14,0.3,2.0,211.2,233.0,270.3,254.0,184.6,223.0,10.7,7.5,26,1.2,4
2.0,0.25,0.5,New Hampshire,117.3,96,137,114.0,8.5,8.5,9,0.0,0.0,131.7,137.0,151.7,157.0,,,0.0,0.0,0,0.0,0
1.0,0.05,1.0,Connecticut,117.3,102,126,126.0,6.0,6.0,7,0.0,0.0,129.2,126.0,142.9,143.0,149.7,172.5,4.6,5.0,8,0.8,2
2.0,0.05,1.0,Connecticut,117.3,102,126,126.0,5.6,5.5,7,0.0,0.0,123.9,126.0,140.8,132.0,149.4,175.0,6.0,5.5,9,1.4,2
2.0,0.1,0.5,West Virginia,117.4,100,169,104.0,12.7,13.0,14,0.0,0.0,134.7,108.0,161.0,169.0,197.7,200.0,5.9,6.0,9,0.6,1
1.0,0.01,1.0,North Dakota,117.4,72,276,81.0,10.7,10.5,16,0.0,0.0,183.6,148.0,256.5,273.5,107.125,28.0,3.5,3.0,10,2.2,4
1.0,0.25,2.0,Maine,117.5,62,140,119.0,12.6,13.0,14,0.0,0.0,141.9,140.0,168.5,177.0,269.42857142857144,223.0,1.1,1.0,3,1.3,2
2.0,0.25,2.0,New Jersey,117.7,86,169,103.0,6.4,6.0,7,0.0,0.0,152.0,173.0,179.0,179.0,167.5,172.0,1.25,1.0,2,0.0,0
2.0,0.1,1.0,West Virginia,117.8,104,169,108.0,13.5,13.5,15,0.0,0.0,154.7,160.0,175.9,176.5,206.6,212.0,6.6,6.5,8,0.5,1
1.0,0.1,2.0,West Virginia,118.2,104,169,106.0,13.3,13.5,15,0.0,0.0,134.8,111.0,178.0,184.0,198.8,195.0,6.6,6.0,10,0.7,2
1.0,0.25,1.0,Maine,118.3,62,163,119.0,12.0,12.0,13,0.0,0.0,158.5,177.0,172.6,182.0,215.6,223.0,0.8,0.5,2,1.5,2
2.0,0.05,2.0,Virginia,118.5,91,124,124.0,26.3,26.5,28,0.0,0.0,129.0,132.0,133.8,135.0,75.5,28.0,10.0,9.5,13,8.9,11
0.5,0.05,0.5,Louisiana,118.6,101,123,123.0,3.3,3.0,4,0.0,0.0,150.6,129.0,239.2,239.0,241.5,241.5,1.0,1.0,1,0.0,0
2.0,0.05,0.5,Louisiana,118.6,101,123,123.0,4.8,5.0,6,0.0,0.0,169.4,167.0,230.9,239.0,245.5,242.0,1.25,1.0,2,0.0,0
2.0,0.05,2.0,Louisiana,118.6,101,123,123.0,5.0,5.0,6,0.0,0.0,150.6,129.0,239.0,239.0,277.3333333333333,204.0,1.1666666666666667,1.0,2,0.0,0
0.5,0.1,1.0,West Virginia,118.6,104,169,108.0,12.1,12.0,14,0.0,0.0,142.4,140.0,174.6,184.0,197.5,193.0,5.0,4.5,8,0.6,1
0.5,0.05,2.0,Connecticut,118.7,102,126,126.0,5.9,6.0,7,0.1,1.0,127.2,126.0,137.0,132.0,147.7,163.0,5.1,5.0,8,1.1,2
1.0,0.05,2.0,Connecticut,119.4,102,132,126.0,5.8,6.0,6,0.1,1.0,129.9,129.0,144.4,148.5,155.8,178.0,4.8,5.5,7,1.2,2
2.0,0.05,0.5,Virginia,119.4,91,124,124.0,25.2,26.0,30,0.0,0.0,128.1,132.0,132.5,135.0,73.5,28.0,9.4,9.0,12,8.0,12
0.5,0.01,0.5,Maryland,119.5,106,143,117.0,7.0,7.0,8,0.0,0.0,143.1,146.0,166.6,159.5,152.6,151.0,3.0,3.0,9,0.1,1
0.5,0.25,0.5,New Hampshire,119.6,109,137,114.0,4.6,4.5,6,0.0,0.0,137.4,137.0,150.1,157.0,,,0.0,0.0,0,0.0,0
1.0,0.25,1.0,New Hampshire,119.8,96,137,120.0,8.7,9.0,9,0.0,0.0,138.1,137.0,152.8,157.0,180.0,180.0,1.0,1.0,1,0.0,0
2.0,0.01,1.0,Maryland,119.9,106,143,111.0,9.9,10.0,11,0.0,0.0,144.9,152.0,172.6,159.0,164.6,149.5,4.7,4.0,8,0.6,1
ALL,ALL,ALL,Virginia,119.93611111111112,83,220,124.0,22.644444444444446,25.0,37,0.03611111111111111,1.0,133.7888888888889,129.0,144.2722222222222,132.0,136.4958217270195,156.0,8.894150417827298,9.0,22,6.408333333333333,13
2.0,0.05,0.5,Connecticut,120.2,102,126,126.0,5.7,6.0,7,0.1,1.0,127.5,129.0,145.6,145.0,147.1,163.0,5.0,4.5,9,1.3,3
0.5,0.05,1.0,Virginia,120.4,106,124,124.0,19.6,19.0,22,0.1,1.0,129.4,132.0,134.2,135.0,165.7,162.5,7.1,7.5,10,4.4,7
2.0,0.1,0.5,Virginia,120.4,106,124,124.0,27.0,27.0,31,0.1,1.0,128.7,130.5,132.7,133.5,58.7,28.0,9.1,9.0,11,8.7,10
1.0,0.25,0.5,New Hampshire,120.5,109,137,110.0,7.7,8.0,8,0.0,0.0,134.7,137.0,148.2,150.0,,,0.0,0.0,0,0.0,0
0.5,0.25,1.0,New Hampshire,120.7,109,137,114.0,6.8,7.0,8,0.0,0.0,134.7,137.0,148.1,150.0,,,0.0,0.0,0,0.0,0
0.5,0.01,2.0,Maryland,120.7,108,154,110.0,9.2,9.0,11,0.0,0.0,149.3,148.5,169.6,166.5,156.7,160.0,5.4,5.0,10,0.7,2
0.5,0.05,2.0,Virginia,120.7,91,124,124.0,23.9,24.0,27,0.0,0.0,128.8,130.5,133.1,133.5,200.1,198.0,9.9,10.0,13,6.2,9
2.0,0.1,1.0,Virginia,120.7,91,124,124.0,29.6,30.0,32,0.0,0.0,127.2,125.5,131.2,132.0,40.8,28.0,9.9,10.5,13,9.4,11
2.0,0.05,1.0,Louisiana,120.8,101,123,123.0,4.8,5.0,6,0.0,0.0,151.2,129.0,228.2,239.0,249.75,265.0,1.0,1.0,1,0.0,0
1.0,0.25,2.0,New Hampshire,120.9,96,137,118.0,8.4,8.0,9,0.0,0.0,140.0,137.0,152.9,157.0,,,0.0,0.0,0,0.2,1
1.0,0.05,0.5,Connecticut,121.1,102,126,126.0,5.9,6.0,7,0.2,1.0,131.4,129.0,142.3,143.0,144.2,160.0,4.2,4.0,6,1.1,2
1.0,0.25,0.5,Maine,121.2,85,177,119.0,11.0,11.0,12,0.0,0.0,147.9,140.0,176.6,177.0,237.57142857142858,241.0,0.8,1.0,2,1.3,2
1.0,0.05,0.5,Louisiana,121.4,101,129,123.0,4.5,4.0,6,0.0,0.0,154.0,129.0,239.0,239.0,204.0,204.0,1.0,1.0,1,0.0,0
0.5,0.01,0.5,Oregon,121.6,77,152,146.0,6.2,6.0,8,0.0,0.0,152.8,152.0,173.1,183.0,247.77777777777777,271.0,2.111111111111111,2.0,4,0.7,2
1.0,0.01,1.0,Arkansas,121.8,55,281,100.0,5.4,5.5,7,0.0,0.0,235.1,260.0,296.7,314.0,166.0,112.0,1.5714285714285714,2.0,2,0.0,0
0.5,0.05,0.5,Connecticut,121.8,102,132,126.0,4.5,4.0,6,0.0,0.0,129.9,129.0,150.4,156.0,182.44444444444446,187.0,2.5555555555555554,2.0,4,1.1,2
0.5,0.05,1.0,Connecticut,122.1,102,126,126.0,6.1,6.0,7,0.0,0.0,129.6,132.0,146.9,154.0,134.6,160.5,3.4,3.0,7,0.8,2
2.0,0.1,2.0,Virginia,122.2,106,124,124.0,29.0,29.5,32,0.1,1.0,129.2,132.0,133.5,134.0,28.0,28.0,10.2,11.0,12,10.5,13
0.5,0.01,1.0,Tennessee,122.4,71,205,100.0,18.5,19.5,22,0.0,0.0,170.3,183.0,188.8,187.0,158.8,196.0,7.1,6.0,12,1.4,3
2.0,0.05,2.0,Connecticut,122.6,102,126,126.0,5.8,6.0,7,0.2,1.0,128.4,126.0,143.1,133.5,158.2,166.0,6.1,6.0,9,1.2,2
1.0,0.01,2.0,Vermont,122.7,55,155,123.0,10.1,9.0,13,0.3,2.0,147.8,154.0,158.1,157.5,159.8,156.0,6.0,5.5,8,3.3,5
1.0,0.05,0.5,Virginia,122.7,111,124,124.0,21.0,21.0,23,0.0,0.0,128.5,129.0,133.1,132.0,186.3,170.0,7.4,7.5,11,5.2,9
0.5,0.01,1.0,Montana,123.3,88,133,132.0,6.2,6.0,11,0.0,0.0,143.0,150.0,187.0,191.5,263.5,270.5,0.5714285714285714,1.0,1,0.9,3
0.5,0.05,0.5,Virginia,124.0,124,124,124.0,13.6,14.0,15,0.0,0.0,129.3,132.0,133.2,135.0,189.1,181.0,7.4,7.0,10,1.6,4
1.0,0.1,0.5,Virginia,124.0,124,124,124.0,24.1,25.0,28,0.0,0.0,128.7,129.0,132.1,132.0,168.2,170.0,7.1,7.0,10,5.3,9
1.0,0.05,1.0,Virginia,124.0,124,124,124.0,23.1,23.0,26,0.0,0.0,130.7,132.0,134.7,135.0,184.3,170.0,9.6,10.0,12,6.9,10
2.0,0.05,1.0,Virginia,124.0,124,124,124.0,26.6,26.0,30,0.0,0.0,131.3,132.0,134.7,135.0,45.8,28.0,12.0,12.5,17,7.6,10
0.5,0.25,2.0,New Hampshire,124.1,109,137,124.0,8.6,9.0,9,0.0,0.0,136.5,137.0,150.2,150.0,,,0.0,0.0,0,0.0,0
2.0,0.25,2.0,New Hampshire,124.1,96,137,130.0,8.3,8.0,9,0.0,0.0,137.9,137.0,150.4,150.0,,,0.0,0.0,0,0.3,1
ALL,ALL,ALL,Connecticut,124.5,94,301,126.0,5.4,6.0,7,0.058333333333333334,2.0,142.92777777777778,126.0,165.37110481586402,132.0,144.66666666666666,169.0,4.676056338028169,5.0,12,1.075,3
ALL,ALL,ALL,Alabama,124.95238095238095,63,385,91.0,12.677871148459383,13.0,23,0.0,0.0,155.44444444444446,113.0,196.1768115942029,176.0,200.9142857142857,206.0,0.9530201342281879,1.0,2,0.04481792717086835,1
2.0,0.01,1.0,Vermont,125.0,106,146,123.0,11.1,11.5,12,0.2,1.0,142.4,146.0,152.8,157.0,117.5,135.0,6.1,6.0,10,2.4,4
ALL,ALL,ALL,Louisiana,125.17270194986072,82,468,123.0,4.314763231197771,4.0,8,0.0,0.0,160.15988372093022,129.0,251.84142394822007,239.0,235.2844827586207,242.0,1.1810344827586208,1.0,3,0.0,0
2.0,0.1,2.0,New Hampshire,125.3,109,137,130.0,8.2,8.0,9,0.0,0.0,145.8,137.0,178.9,168.0,180.0,180.0,1.0,1.0,1,0.0,0
1.0,0.01,0.5,Maryland,125.6,106,154,113.0,8.2,8.0,9,0.0,0.0,145.2,148.5,172.6,167.0,147.3,138.0,3.4,3.0,6,0.8,1
2.0,0.01,2.0,North Dakota,125.8,73,145,143.0,12.8,13.5,15,0.0,0.0,213.7,219.0,250.6,259.0,218.0,252.5,4.0,4.0,7,3.7,6
2.0,0.01,1.0,Georgia,125.9,109,162,123.5,30.5,31.0,32,0.0,0.0,160.2,159.5,187.3,189.5,210.2,226.0,5.1,4.0,13,4.4,9
1.0,0.01,0.5,Tennessee,126.3,71,207,114.0,19.3,20.0,24,0.1,1.0,170.6,183.0,189.7,193.5,160.4,216.0,9.0,9.5,13,1.3,3
0.5,0.01,2.0,Wyoming,126.7,75,252,113.5,10.2,10.5,13,0.0,0.0,165.6,147.0,229.5,216.0,258.6,163.0,0.8333333333333334,1.0,1,0.1,1
1.0,0.1,2.0,New Hampshire,126.8,109,137,137.0,7.8,8.0,8,0.0,0.0,137.8,142.5,164.9,169.5,180.0,180.0,0.6,1.0,1,0.3,1
2.0,0.01,2.0,Vermont,127.5,106,158,123.0,10.3,10.0,12,0.6,3.0,151.6,150.5,161.5,159.0,143.9,163.0,6.3,6.5,9,3.0,5
2.0,0.01,1.0,Montana,127.6,88,132,132.0,11.5,11.0,15,0.0,0.0,146.3,141.5,184.7,196.0,262.1,278.0,2.7,2.5,4,1.9,4
0.5,0.01,0.5,Montana,127.8,88,133,132.0,3.8,4.0,5,0.0,0.0,159.4,150.0,178.11111111111111,196.0,182.5,183.0,0.8333333333333334,1.0,2,0.3,1
1.0,0.01,1.0,Vermont,127.9,106,151,123.0,11.4,11.0,13,0.2,1.0,149.7,146.0,164.4,161.0,133.3,149.0,6.2,5.0,10,2.1,3
0.5,0.01,0.5,Vermont,128.1,106,154,130.0,8.9,9.0,11,1.0,6.0,153.6,151.5,164.7,158.5,148.11111111111111,154.0,2.9,3.0,5,2.8,6
0.5,0.1,1.0,New Hampshire,128.8,109,137,137.0,5.7,6.0,7,0.0,0.0,144.7,143.0,166.0,168.0,180.0,180.0,1.25,1.0,2,0.0,0
2.0,0.01,1.0,North Dakota,128.9,73,216,143.0,12.7,13.0,15,0.0,0.0,200.6,194.0,258.6,273.5,127.6,58.5,4.4,4.0,6,3.5,6
0.5,0.1,0.5,New Hampshire,129.4,109,137,133.5,4.0,4.0,6,0.0,0.0,141.3,139.5,157.88888888888889,157.0,180.0,180.0,1.0,1.0,1,0.0,0
1.0,0.1,1.0,New Hampshire,129.6,109,137,137.0,7.9,8.0,9,0.0,0.0,143.9,143.0,162.2,157.0,180.0,180.0,1.0,1.0,1,0.0,0
2.0,0.01,0.5,Vermont,130.2,106,158,132.0,11.1,11.0,13,0.4,1.0,148.0,151.5,157.8,157.5,170.0,169.0,5.9,5.5,10,2.2,5
1.0,0.05,1.0,New Hampshire,130.3,110,143,137.0,7.5,7.5,9,0.0,0.0,156.2,157.0,212.1,179.5,180.0,180.0,0.8,1.0,1,0.1,1
0.5,0.01,2.0,Vermont,130.5,106,157,126.5,10.7,11.0,14,0.2,1.0,145.8,147.0,160.5,157.0,130.1,157.5,5.4,5.0,8,2.8,6
2.0,0.01,0.5,Maryland,130.6,108,154,134.5,9.4,10.0,11,0.0,0.0,153.7,154.0,172.3,165.5,156.7,158.0,6.7,6.5,10,0.6,1
0.5,0.1,2.0,New Hampshire,130.9,110,137,137.0,8.0,8.0,9,0.0,0.0,147.7,143.0,176.7,157.0,180.0,180.0,1.0,1.0,1,0.0,0
2.0,0.01,2.0,Arkansas,130.9,100,299,100.0,7.0,7.0,10,0.0,0.0,209.8,165.0,288.8,310.0,169.0,116.0,2.3,2.0,4,0.3,1
1.0,0.1,1.0,Maine,131.0,62,182,119.0,11.1,11.0,13,0.0,0.0,157.9,158.5,180.9,182.0,218.625,232.0,1.2,1.0,3,1.4,2
1.0,0.05,2.0,New Hampshire,131.5,109,137,137.0,7.3,7.0,8,0.0,0.0,160.5,157.0,206.9,179.0,178.66666666666666,180.0,0.875,1.0,2,0.5,1
2.0,0.1,0.5,Maine,132.0,62,182,140.0,11.3,11.0,13,0.0,0.0,160.4,170.0,179.0,179.5,294.4,241.0,2.1,2.0,3,1.6,2
1.0,0.01,1.0,Montana,132.0,132,132,132.0,10.9,11.0,13,0.0,0.0,146.9,150.0,175.3,187.0,275.4,300.5,2.5,2.5,5,1.8,4
2.0,0.01,2.0,Montana,132.0,132,132,132.0,11.9,12.0,13,0.0,0.0,152.4,150.0,197.7,196.0,315.3,360.5,3.6,3.5,6,3.0,4
1.0,0.01,2.0,Massachusetts,132.1,116,136,136.0,7.5,7.5,9,0.0,0.0,153.4,151.0,182.6,177.5,310.25,312.0,0.8333333333333334,1.0,2,0.3,1
1.0,0.01,2.0,Montana,132.1,132,133,132.0,12.1,12.0,14,0.0,0.0,139.8,133.0,176.5,173.0,341.7,361.0,2.4,3.0,4,1.5,4
2.0,0.01,0.5,Montana,132.1,132,133,132.0,11.3,11.5,14,0.0,0.0,143.9,147.5,185.8,173.0,347.7,360.5,2.4,2.5,4,1.8,4
2.0,0.01,0.5,Tennessee,132.1,71,189,128.0,27.1,27.0,31,0.0,0.0,176.5,183.5,193.6,195.5,131.1,129.0,14.1,14.0,19,3.5,6
1.0,0.01,0.5,North Dakota,132.5,72,234,145.0,5.7,6.0,8,0.0,0.0,190.2,151.0,263.5,216.0,275.3333333333333,298.5,1.3333333333333333,1.0,3,0.5,2
0.5,0.05,2.0,West Virginia,132.6,104,187,108.0,12.5,12.0,14,0.0,0.0,179.1,184.0,190.4,190.5,211.1,200.0,5.3,5.0,10,0.0,0
0.5,0.01,1.0,Maryland,132.7,106,154,138.5,7.0,7.0,10,0.1,1.0,152.1,154.0,168.3,167.0,169.2,158.0,4.5,5.0,8,0.5,1
2.0,0.01,2.0,Massachusetts,132.8,114,148,136.0,7.9,8.0,9,0.0,0.0,162.0,165.0,187.0,177.0,253.16666666666666,188.0,1.0,1.0,1,0.1,1
2.0,0.1,0.5,New Hampshire,132.9,110,137,137.0,7.9,8.0,9,0.0,0.0,148.8,142.5,166.0,179.0,180.0,180.0,0.6666666666666666,1.0,1,0.2,1
0.5,0.01,2.0,North Dakota,133.0,73,221,117.0,10.1,10.0,13,0.0,0.0,217.8,228.0,274.5,276.0,190.9,116.0,3.6,3.0,8,2.5,4
0.5,0.01,1.0,Oregon,133.5,77,176,146.0,10.0,10.5,11,0.0,0.0,160.2,176.0,181.9,183.0,151.7,175.5,5.6,6.0,9,2.4,5
1.0,0.1,0.5,New Hampshire,133.6,110,137,137.0,7.2,7.0,8,0.0,0.0,143.0,143.0,166.9,162.5,180.0,180.0,1.0,1.0,1,0.0,0
2.0,0.01,1.0,Virginia,133.6,124,158,124.0,15.2,15.5,19,0.0,0.0,155.3,150.0,176.2,173.0,173.4,213.0,7.6,7.5,11,5.0,7
1.0,0.01,0.5,Vermont,133.7,106,163,128.5,10.1,10.0,12,0.2,1.0,151.9,151.5,157.6,157.5,120.7,158.0,5.3,5.5,9,3.0,6
0.5,0.05,0.5,Rhode Island,134.0,119,149,134.0,1.0,1.0,1,,,,,,,,,0.0,0.0,0,0.0,0
1.0,0.01,0.5,Montana,134.0,88,196,132.0,7.2,7.0,10,0.0,0.0,160.0,150.0,194.9,191.5,284.14285714285717,355.0,0.8888888888888888,1.0,2,0.4,2
1.0,0.01,1.0,Maryland,134.1,108,154,138.0,9.6,10.0,11,0.0,0.0,156.5,160.0,167.7,168.5,172.7,157.0,5.5,5.0,9,0.7,2
2.0,0.05,1.0,New Hampshire,134.2,109,137,137.0,7.7,8.0,9,0.0,0.0,167.7,179.0,205.4,180.0,180.0,180.0,0.8333333333333334,1.0,1,0.1,1
2.0,0.1,1.0,New Hampshire,134.3,110,137,137.0,8.1,8.0,9,0.0,0.0,152.2,157.0,173.5,179.0,180.0,180.0,0.8,1.0,1,0.1,1
2.0,0.01,0.5,Massachusetts,135.0,114,148,136.0,8.0,8.0,9,0.0,0.0,171.3,165.0,188.6,177.0,358.42857142857144,389.0,1.2857142857142858,1.0,2,0.1,1
0.5,0.05,0.5,New Hampshire,135.1,118,137,137.0,2.9,3.0,4,0.0,0.0,156.55555555555554,157.0,171.83333333333334,179.0,180.0,180.0,1.0,1.0,1,0.0,0
1.0,0.01,2.0,Maryland,135.1,122,154,137.0,8.6,8.0,11,0.1,1.0,158.3,154.0,170.2,166.5,173.4,160.0,5.3,6.0,8,1.0,2
0.5,0.25,0.5,Rhode Island,135.125,119,152,134.0,1.25,1.0,2,0.0,0.0,190.5,190.5,,,,,0.0,0.0,0,0.0,0
0.5,0.01,1.0,Vermont,135.5,123,158,131.0,10.9,11.0,12,0.0,0.0,153.4,151.5,160.9,157.5,126.4,163.5,5.8,5.0,9,2.0,4
ALL,ALL,ALL,West Virginia,136.13888888888889,66,211,108.0,11.325,12.0,17,0.0,0.0,158.01111111111112,169.0,181.92696629213484,187.0,214.99689440993788,195.0,4.954128440366972,5.0,11,0.25277777777777777,2
1.0,0.05,0.5,New Hampshire,136.3,130,137,137.0,5.9,6.0,7,0.0,0.0,184.8,168.0,237.0,233.5,180.0,180.0,1.0,1.0,1,0.2,1
2.0,0.01,1.0,Oregon,136.5,78,176,146.0,14.5,14.5,17,0.0,0.0,163.8,176.0,182.2,183.0,188.9,205.5,6.7,6.0,10,3.6,8
0.5,0.05,2.0,New Hampshire,136.6,110,179,137.0,7.4,7.5,8,0.0,0.0,166.3,157.0,196.1,179.0,185.88888888888889,180.0,1.0,1.0,1,0.1,1
2.0,0.05,0.5,New Hampshire,137.0,137,137,137.0,7.2,7.0,8,0.0,0.0,174.6,168.0,224.9,179.5,180.0,180.0,0.875,1.0,1,0.1,1
0.5,0.05,1.0,New Hampshire,137.0,137,137,137.0,5.6,5.0,7,0.0,0.0,170.3,179.0,258.0,288.0,180.0,180.0,0.875,1.0,1,0.4,1
1.0,0.01,1.0,Oregon,137.0,78,176,146.0,14.0,14.0,17,0.0,0.0,156.0,176.0,173.0,183.0,176.4,191.0,7.5,7.0,11,2.7,6
2.0,0.1,1.0,Maine,137.1,62,182,140.0,12.1,12.0,13,0.0,0.0,171.0,182.0,180.4,182.0,326.4,241.0,1.5,1.5,2,1.2,3
2.0,0.01,1.0,Massachusetts,137.3,114,171,136.0,8.2,8.0,9,0.0,0.0,160.5,148.0,183.9,174.0,342.0,389.0,1.6666666666666667,1.0,3,0.0,0
2.0,0.01,2.0,Maryland,138.2,108,154,143.0,9.9,10.0,11,0.0,0.0,154.2,153.0,165.6,166.0,176.4,159.0,4.4,4.5,9,0.5,1
0.5,0.05,1.0,West Virginia,138.3,104,187,136.5,10.3,10.0,13,0.0,0.0,168.5,185.5,189.3,190.5,216.0,212.0,3.5,3.5,6,0.5,2
1.0,0.01,2.0,Georgia,138.3,109,162,147.5,28.5,28.5,34,0.0,0.0,163.7,162.0,187.6,190.0,212.2,200.0,3.7,3.0,6,2.6,6
1.0,0.01,1.0,Massachusetts,138.4,136,148,136.0,7.5,7.5,8,0.0,0.0,163.7,159.0,183.1,177.0,298.6666666666667,312.0,1.0,1.0,1,0.1,1
1.0,0.01,2.0,Virginia,139.3,124,173,135.0,15.4,15.5,18,0.0,0.0,163.9,158.0,194.1,180.0,166.4,225.5,5.9,6.5,9,4.4,7
2.0,0.1,2.0,Maine,139.7,96,177,129.5,11.3,11.0,13,0.0,0.0,172.1,179.5,181.8,182.0,255.9,232.0,2.3,2.5,4,1.5,2
0.5,0.01,0.5,Virginia,139.8,124,173,133.5,7.1,7.5,9,0.0,0.0,163.3,165.5,187.7,182.5,202.66666666666666,213.0,3.7777777777777777,4.0,5,1.1,2
0.5,0.01,2.0,Montana,140.2,132,196,132.0,10.7,11.0,13,0.0,0.0,159.8,150.0,199.3,196.0,332.7,357.0,2.8,2.5,5,1.1,3
0.5,0.01,1.0,Mississippi,140.5,99,252,133.0,2.3,2.0,4,0.0,0.0,205.125,201.0,217.66666666666666,226.0,,,0.0,0.0,0,0.0,0
1.0,0.01,0.5,Virginia,140.8,124,158,142.5,12.1,11.5,17,0.0,0.0,171.3,173.0,184.0,180.0,223.4,226.5,6.1,6.0,10,3.7,5
1.0,0.1,2.0,Maine,140.9,96,182,140.0,11.5,11.0,13,0.0,0.0,174.9,182.0,182.5,182.0,318.0,241.0,1.6,1.5,3,1.8,3
0.5,0.05,0.5,West Virginia,141.0,104,187,138.5,8.1,8.0,11,0.0,0.0,178.9,184.0,190.2,188.5,195.66666666666666,205.0,2.888888888888889,2.0,6,0.0,0
2.0,0.05,1.0,West Virginia,141.0,104,184,140.0,12.2,12.0,13,0.0,0.0,177.7,176.5,187.9,187.0,205.9,208.5,5.5,5.5,9,0.1,1
2.0,0.05,2.0,New Hampshire,141.2,137,179,137.0,7.4,7.0,9,0.0,0.0,179.0,168.0,236.2,234.0,180.0,180.0,1.0,1.0,1,0.3,1
0.5,0.1,2.0,Maine,141.6,119,182,129.5,11.9,12.0,14,0.0,0.0,172.6,182.0,180.4,182.0,197.71428571428572,190.0,1.2,1.0,3,1.1,3
0.5,0.01,1.0,Massachusetts,141.8,136,194,136.0,6.2,6.0,8,0.0,0.0,181.2,171.0,211.8,198.5,347.6666666666667,396.0,1.3333333333333333,1.0,2,0.0,0
0.5,0.01,1.0,South Carolina,141.9,102,254,102.0,3.9,4.0,6,0.0,0.0,283.1,288.0,334.5,331.5,224.71428571428572,205.0,4.142857142857143,3.0,9,0.0,0
1.0,0.01,2.0,Oregon,142.0,88,152,146.0,14.7,15.0,17,0.0,0.0,164.8,164.0,180.0,183.0,199.7,198.0,6.9,6.0,11,3.9,6
0.5,0.1,1.0,Maine,142.1,119,182,129.5,9.4,9.0,12,0.0,0.0,180.1,182.0,185.1,182.0,211.75,206.5,1.3,1.5,2,1.8,4
1.0,0.05,0.5,West Virginia,142.6,104,184,138.5,11.0,11.0,14,0.0,0.0,181.0,185.5,188.8,188.5,202.4,202.5,5.4,5.5,7,0.5,2
1.0,0.01,0.5,Mississippi,142.8,99,254,120.0,3.3,3.5,5,0.0,0.0,218.1,199.0,205.66666666666666,201.0,282.0,282.0,1.0,1.0,1,0.0,0
0.5,0.01,1.0,Georgia,143.5,136,157,138.0,17.6,18.0,22,0.0,0.0,166.4,162.0,187.8,179.0,225.4,174.0,2.5,2.5,5,1.6,4
2.0,0.05,0.5,West Virginia,143.8,104,187,160.0,12.7,12.5,14,0.0,0.0,180.4,184.0,187.6,187.0,203.9,195.0,4.4,4.5,7,0.2,1
2.0,0.01,0.5,Arkansas,144.0,86,283,100.0,7.1,7.0,9,0.0,0.0,233.2,210.0,299.2,310.0,184.0,116.0,1.5714285714285714,1.0,3,0.0,0
0.5,0.25,1.0,Rhode Island,144.14285714285714,119,229,119.0,1.4285714285714286,1.0,2,0.0,0.0,203.33333333333334,229.0,,,,,0.0,0.0,0,0.0,0
0.5,0.01,2.0,Massachusetts,144.9,131,177,136.0,7.6,8.0,9,0.0,0.0,164.6,148.5,180.8,174.5,320.0,320.0,2.0,2.0,2,0.0,0
2.0,0.01,0.5,Georgia,145.2,112,162,147.5,26.4,25.0,33,0.0,0.0,163.0,162.0,188.8,192.0,250.6,226.0,3.4,4.0,5,3.7,6
1.0,0.01,1.0,Virginia,145.3,124,173,150.0,15.2,15.0,19,0.0,0.0,165.4,165.5,179.7,180.0,203.6,226.0,7.0,7.0,10,4.0,6
1.0,0.01,0.5,Oregon,145.6,82,176,146.0,12.7,12.0,15,0.0,0.0,153.8,152.0,176.5,176.0,191.0,233.0,5.6,5.0,9,1.4,3
0.5,0.01,2.0,Mississippi,145.8,107,201,135.5,4.1,4.0,6,0.0,0.0,186.5,199.0,252.0,253.0,,,0.0,0.0,0,0.1,1
2.0,0.01,1.0,Louisiana,146.0,101,205,123.0,3.4,3.5,5,0.0,0.0,274.2,241.0,461.875,488.0,569.0,569.0,1.0,1.0,1,0.0,0
1.0,0.01,0.5,Massachusetts,146.1,136,174,137.5,7.0,7.0,9,0.0,0.0,170.9,174.0,193.0,177.5,202.75,188.0,1.5,1.5,2,0.0,0
2.0,0.01,1.0,South Carolina,146.4,102,233,137.0,8.6,8.0,11,0.3,3.0,239.7,262.5,264.5,276.0,163.4,199.0,10.5,9.0,26,0.5,3
2.0,0.01,2.0,Oregon,146.8,88,176,152.0,15.6,16.0,18,0.0,0.0,175.6,176.0,187.8,184.5,227.1,263.0,5.2,5.0,8,3.9,6
2.0,0.01,0.5,Virginia,147.1,124,180,150.0,15.7,16.0,18,0.0,0.0,171.6,173.0,195.1,181.0,167.2,217.0,6.8,6.0,10,5.0,8
0.5,0.01,2.0,Georgia,147.2,120,162,149.5,24.2,25.5,29,0.0,0.0,172.0,166.0,189.4,189.5,268.44444444444446,254.0,2.2222222222222223,2.0,5,1.9,4
0.5,0.01,0.5,North Dakota,147.55555555555554,65,234,151.0,1.6666666666666667,1.0,3,0.0,0.0,155.0,89.0,151.0,151.0,89.0,89.0,0.5,0.5,1,0.2222222222222222,1
1.0,0.05,2.0,West Virginia,147.6,104,201,169.0,11.8,12.0,13,0.0,0.0,174.3,185.5,187.6,188.5,206.6,212.0,5.0,4.5,11,0.6,1
0.5,0.01,2.0,Virginia,147.7,124,173,150.0,13.3,13.5,18,0.0,0.0,166.5,165.5,200.6,182.5,217.4,228.0,7.3,7.0,14,4.1,8
0.5,0.01,0.5,Georgia,148.5,83,190,157.0,10.1,10.0,14,0.0,0.0,176.7,164.5,198.1,204.5,237.66666666666666,233.0,1.25,1.0,3,0.3,1
0.5,0.25,2.0,Delaware,149.0,149,149,149.0,3.0,3.0,3,0.0,0.0,215.5,215.5,248.0,248.0,232.66666666666666,246.0,1.0,1.0,1,0.0,0
1.0,0.1,2.0,New Jersey,150.0,103,173,169.0,4.7,5.0,5,0.0,0.0,176.7,173.0,186.9,188.5,172.0,172.0,1.25,1.0,2,0.0,0
0.5,0.01,1.0,Virginia,150.1,124,180,150.0,10.0,9.5,16,0.0,0.0,175.1,173.0,188.6,180.0,218.6,222.5,5.7,5.0,10,2.6,5
0.5,0.01,2.0,Oregon,150.2,146,176,146.0,14.9,15.0,17,0.0,0.0,164.7,164.0,180.5,183.0,175.9,189.0,8.4,7.5,13,2.4,5
2.0,0.01,0.5,Oregon,150.2,146,176,146.0,13.2,13.5,15,0.0,0.0,165.4,164.0,182.2,183.0,183.7,193.0,6.2,6.0,12,3.0,6
2.0,0.1,2.0,New Jersey,150.4,103,173,169.0,4.7,5.0,6,0.0,0.0,176.6,173.0,185.8,188.5,172.0,172.0,1.3333333333333333,1.0,2,0.0,0
1.0,0.05,1.0,West Virginia,150.7,108,187,169.0,12.8,13.0,14,0.0,0.0,180.4,187.0,186.4,187.0,206.1,207.5,5.8,6.0,9,0.1,1
0.5,0.01,1.0,Nevada,151.0,61,211,147.0,3.7,4.0,5,0.0,0.0,190.6,167.5,250.2,256.0,198.0,198.0,1.1666666666666667,1.0,2,0.0,0
2.0,0.01,0.5,South Carolina,151.0,102,271,102.0,7.6,7.5,11,0.2,2.0,223.4,217.0,291.1,252.0,205.6,199.5,10.4,9.0,21,1.2,3
1.0,0.01,1.0,Mississippi,151.2,99,259,135.5,5.6,6.5,8,0.0,0.0,220.4,201.0,306.0,259.0,138.0,138.0,1.0,1.0,1,0.0,0
1.0,0.25,0.5,Rhode Island,151.77777777777777,119,318,119.0,1.8888888888888888,2.0,2,0.0,0.0,213.5,152.0,,,,,0.0,0.0,0,0.0,0
0.5,0.01,2.0,Connecticut,152.5,126,165,159.0,5.2,5.0,6,0.1,1.0,209.6,190.5,276.4,293.5,192.6,208.0,2.0,2.0,3,0.7,2
1.0,0.25,0.5,Delaware,152.6,149,185,149.0,3.0,3.0,3,0.0,0.0,216.9,219.0,259.6,277.0,226.0,226.0,1.0,1.0,1,0.0,0
1.0,0.25,1.0,Delaware,152.6,149,185,149.0,3.0,3.0,3,0.0,0.0,216.9,219.0,259.6,277.0,,,0.0,0.0,0,0.0,0
2.0,0.25,2.0,Delaware,152.6,149,185,149.0,3.0,3.0,3,0.0,0.0,218.0,219.0,253.8,277.0,219.33333333333334,206.0,1.0,1.0,1,0.0,0
2.0,0.25,0.5,Delaware,152.6,149,185,149.0,3.0,3.0,3,0.0,0.0,216.9,219.0,259.6,277.0,,,0.0,0.0,0,0.0,0
2.0,0.25,1.0,Delaware,152.7,149,186,149.0,3.0,3.0,3,0.0,0.0,216.2,219.0,253.8,277.0,206.0,206.0,1.0,1.0,1,0.0,0
0.5,0.25,0.5,Delaware,152.7,149,186,149.0,1.8,2.0,2,0.0,0.0,219.0,219.0,,,,,0.0,0.0,0,0.0,0
1.0,0.01,2.0,Arkansas,153.6,55,310,100.0,6.8,6.5,11,0.0,0.0,243.8,245.5,312.9,317.0,253.14285714285714,137.0,1.5,1.5,3,0.3,1
0.5,0.1,0.5,Maine,154.7,96,182,172.5,7.6,7.5,9,0.0,0.0,171.7,182.0,182.6,184.0,235.1,241.0,1.9,2.0,3,1.2,2
1.0,0.01,1.0,Nevada,154.8,147,222,147.0,4.2,4.0,5,0.0,0.0,186.2,166.0,276.5,263.0,198.0,198.0,1.2857142857142858,1.0,2,0.0,0
1.0,0.01,1.0,Georgia,155.0,109,200,159.5,25.3,26.0,32,0.0,0.0,190.4,204.0,201.4,214.0,345.8,367.0,2.5,2.5,4,2.4,4
ALL,ALL,ALL,Maine,155.1638888888889,62,291,177.0,9.222222222222221,10.0,14,0.0,0.0,180.19220055710306,182.0,198.48459383753502,182.0,274.06934306569343,241.0,1.372093023255814,1.0,4,1.325,4
0.5,0.01,0.5,Nevada,155.2,84,224,147.0,2.4,2.0,4,0.0,0.0,181.77777777777777,185.0,211.25,216.5,198.0,198.0,1.0,1.0,1,0.0,0
1.0,0.1,1.0,New Jersey,155.8,103,169,169.0,4.8,5.0,6,0.0,0.0,175.1,173.0,192.5,188.0,172.0,172.0,1.1,1.0,2,0.0,0
2.0,0.05,2.0,West Virginia,155.8,108,184,169.0,12.8,13.0,15,0.0,0.0,177.7,185.0,186.3,187.0,206.3,208.5,5.0,5.0,9,0.4,1
1.0,0.01,2.0,Connecticut,156.1,126,179,159.0,6.0,6.0,7,0.1,1.0,206.0,179.0,289.6,297.0,253.3,210.0,2.5,2.0,5,0.2,1
0.5,0.25,1.0,Delaware,156.2,149,185,149.0,3.0,3.0,3,0.0,0.0,219.2,219.0,253.8,277.0,206.0,206.0,1.0,1.0,1,0.0,0
0.5,0.1,1.0,New Jersey,156.2,103,173,169.0,4.2,4.0,5,0.0,0.0,173.6,173.0,186.5,188.0,172.0,172.0,1.5555555555555556,2.0,2,0.0,0
2.0,0.1,0.5,Delaware,156.3,149,186,149.0,3.0,3.0,3,0.0,0.0,218.3,219.0,273.0,277.0,226.0,226.0,1.25,1.0,2,0.0,0
0.5,0.1,2.0,Delaware,156.3,149,186,149.0,3.0,3.0,3,0.0,0.0,217.6,219.0,268.4,277.0,232.66666666666666,246.0,1.0,1.0,1,0.0,0
0.5,0.1,1.0,Delaware,156.4,149,186,149.0,3.0,3.0,3,0.0,0.0,220.6,219.0,265.4,277.0,232.66666666666666,246.0,1.0,1.0,1,0.0,0
2.0,0.01,1.0,Mississippi,156.6,99,266,135.5,6.7,7.0,10,0.0,0.0,213.1,199.0,267.0,215.0,248.0,248.0,1.0,1.0,1,0.0,0
1.0,0.01,0.5,Nevada,157.0,147,206,147.0,4.3,4.0,5,0.0,0.0,209.5,205.0,255.1,256.5,198.875,198.0,1.0,1.0,1,0.0,0
1.0,0.1,0.5,Maine,157.1,119,182,170.0,9.8,10.0,12,0.0,0.0,170.7,179.5,180.6,182.0,232.375,241.0,1.1111111111111112,1.0,2,1.3,3
0.5,0.01,2.0,Nevada,157.6,134,190,147.0,4.4,4.0,5,0.0,0.0,198.0,187.5,278.9,280.5,198.0,198.0,1.3,1.0,2,0.0,0
0.5,0.01,0.5,Massachusetts,158.1,136,232,142.0,5.0,5.0,6,0.0,0.0,188.5,177.5,211.9,216.0,251.0,251.0,1.0,1.0,1,0.0,0
2.0,0.01,1.0,Connecticut,158.1,126,179,159.5,5.6,5.5,7,0.0,0.0,200.7,179.0,263.6,252.0,205.0,210.0,2.7,2.5,5,0.4,1
2.0,0.01,0.5,Mississippi,158.2,99,254,148.5,6.4,6.5,8,0.0,0.0,197.8,201.0,259.4,254.5,229.5,229.5,1.5,1.5,2,0.1,1
0.5,0.1,2.0,New Jersey,158.6,103,189,169.0,4.5,4.5,5,0.0,0.0,175.9,173.0,188.9,188.5,172.0,172.0,1.4,1.0,2,0.0,0
1.0,0.01,0.5,Connecticut,158.7,126,179,159.0,4.8,5.0,6,0.0,0.0,211.5,179.0,253.8,214.0,116.33333333333333,149.0,2.3333333333333335,2.0,4,0.1,1
ALL,ALL,ALL,New Hampshire,158.7549295774648,96,338,137.0,6.554929577464788,7.0,9,0.0,0.0,186.0340909090909,157.0,214.78612716763007,179.0,184.40860215053763,180.0,0.8189655172413793,1.0,2,0.10422535211267606,1
1.0,0.1,0.5,New Jersey,158.9,103,188,169.0,4.4,4.0,6,0.0,0.0,179.1,173.0,192.7,188.5,176.2,172.0,1.4,1.0,2,0.0,0
0.5,0.01,1.0,Connecticut,159.0,143,179,159.0,3.8,4.0,6,0.0,0.0,213.0,179.0,268.3333333333333,296.0,189.88888888888889,202.0,1.6666666666666667,2.0,3,0.2,1
1.0,0.01,1.0,North Carolina,159.0,74,209,170.5,14.8,15.0,20,0.0,0.0,205.2,196.5,240.8,237.0,284.3333333333333,274.0,1.6666666666666667,2.0,4,2.2,4
2.0,0.01,0.5,Louisiana,159.1,101,424,123.0,3.3,3.5,5,0.0,0.0,194.55555555555554,205.0,289.7142857142857,241.0,246.5,246.5,1.0,1.0,1,0.0,0
1.0,0.25,2.0,Delaware,159.8,149,185,149.0,3.0,3.0,3,0.0,0.0,216.2,219.0,253.8,277.0,246.0,246.0,1.0,1.0,1,0.0,0
2.0,0.1,1.0,Delaware,159.9,149,186,149.0,3.0,3.0,3,0.0,0.0,217.6,219.0,272.5,277.0,222.0,206.0,1.0,1.0,1,0.0,0
0.5,0.1,0.5,Delaware,160.1,149,186,149.0,1.8,2.0,3,0.0,0.0,218.0,219.0,219.0,219.0,246.0,246.0,1.0,1.0,1,0.0,0
ALL,ALL,ALL,New Jersey,160.11111111111111,86,384,169.0,4.291666666666667,4.0,7,0.0,0.0,191.22727272727272,173.0,219.10942249240122,188.0,181.27131782945736,172.0,1.3914728682170543,1.0,5,0.005555555555555556,1
1.0,0.01,1.0,South Carolina,160.7,102,228,176.0,6.1,6.0,9,0.4,4.0,216.6,233.0,298.1,271.0,240.5,199.0,10.3,10.0,21,0.7,4
2.0,0.1,1.0,New Jersey,161.1,86,173,169.0,4.7,5.0,6,0.0,0.0,174.1,173.0,185.7,188.0,185.4,172.0,1.3,1.0,2,0.0,0
0.5,0.1,0.5,Rhode Island,161.71428571428572,149,229,152.0,1.0,1.0,1,,,,,,,,,0.0,0.0,0,0.0,0
1.0,0.01,2.0,South Carolina,161.8,102,233,139.0,8.1,7.5,12,0.0,0.0,232.1,233.0,281.7,269.0,227.9,235.0,7.1,5.0,20,0.2,2
1.0,0.05,0.5,Maine,162.1,119,182,179.5,8.8,9.0,10,0.0,0.0,182.0,182.0,187.9,184.0,224.77777777777777,241.0,1.7777777777777777,2.0,3,1.4,2
1.0,0.05,2.0,Maine,162.6,119,182,182.0,9.9,10.0,12,0.0,0.0,181.5,182.0,189.2,186.5,293.7,241.0,2.2,2.5,4,1.8,4
1.0,0.05,2.0,New Jersey,162.7,86,173,171.0,4.2,4.0,5,0.0,0.0,184.7,188.5,212.2,213.0,155.75,172.0,1.375,1.0,2,0.0,0
1.0,0.01,1.0,Connecticut,163.0,159,179,159.0,6.2,6.0,7,0.1,1.0,196.4,179.0,266.1,287.0,219.11111111111111,210.0,2.1,2.0,4,0.3,1
1.0,0.05,1.0,Maine,163.1,119,182,182.0,9.4,9.0,12,0.0,0.0,178.2,182.0,187.2,185.5,258.25,232.0,1.4,1.5,3,1.9,3
2.0,0.1,0.5,New Jersey,163.2,103,173,169.0,4.8,5.0,6,0.0,0.0,176.6,173.0,195.7,188.0,172.0,172.0,1.0,1.0,1,0.0,0
2.0,0.1,2.0,Delaware,163.4,149,185,149.0,3.0,3.0,3,0.0,0.0,219.4,219.0,265.4,277.0,359.5,369.5,1.25,1.0,2,0.0,0
1.0,0.1,1.0,Delaware,163.6,149,186,149.0,3.0,3.0,3,0.0,0.0,226.1,219.0,271.2,277.0,206.0,206.0,1.0,1.0,1,0.0,0
2.0,0.01,2.0,North Carolina,163.7,121,226,170.5,17.2,17.5,19,0.0,0.0,204.4,199.5,238.9,234.0,303.55555555555554,293.0,3.1,2.5,7,3.3,5
2.0,0.01,2.0,Virginia,163.7,126,220,154.0,16.6,17.5,20,0.0,0.0,183.9,180.0,202.5,211.0,212.8,227.0,7.2,7.5,11,4.1,6
1.0,0.05,1.0,New Jersey,164.0,103,173,169.0,4.7,5.0,6,0.0,0.0,176.3,173.0,192.9,188.5,154.42857142857142,172.0,1.1428571428571428,1.0,2,0.0,0
1.0,0.01,0.5,Georgia,164.3,136,214,162.0,18.4,18.0,23,0.0,0.0,183.8,182.0,200.8,198.5,277.0,240.5,2.3,1.5,5,1.1,2
2.0,0.05,2.0,New Jersey,164.4,86,188,169.0,4.6,4.5,6,0.0,0.0,185.8,180.5,200.5,189.0,233.75,172.0,1.25,1.0,3,0.0,0
2.0,0.01,2.0,Connecticut,164.5,126,291,159.0,5.3,5.5,6,0.0,0.0,216.0,190.5,319.5,316.5,213.1,204.0,2.8,2.5,6,0.6,2
1.0,0.01,2.0,Louisiana,164.8,101,241,126.0,3.1,3.0,4,0.0,0.0,275.4,235.0,384.42857142857144,338.0,433.5,433.5,1.0,1.0,1,0.0,0
0.5,0.01,2.0,North Carolina,165.0,121,207,180.0,11.8,11.5,15,0.0,0.0,223.1,217.0,247.7,234.0,358.57142857142856,319.0,1.5,1.0,5,1.7,4
1.0,0.01,2.0,Nevada,165.2,147,249,147.0,4.5,4.5,5,0.0,0.0,202.7,200.0,264.5,256.5,198.0,198.0,1.375,1.0,2,0.0,0
0.5,0.05,2.0,Maine,165.3,119,182,177.0,10.1,10.0,11,0.0,0.0,177.8,182.0,188.3,182.0,233.14285714285714,241.0,1.1111111111111112,1.0,2,1.3,2
2.0,0.01,0.5,Nevada,166.5,147,213,147.0,4.3,4.0,5,0.0,0.0,195.1,185.0,251.8,258.0,198.0,198.0,1.375,1.0,2,0.0,0
2.0,0.05,0.5,Maine,166.8,119,182,182.0,9.2,9.0,11,0.0,0.0,181.5,182.0,187.7,186.0,270.6666666666667,241.0,2.1,2.0,4,1.9,3
1.0,0.1,0.5,Delaware,167.1,149,186,167.0,3.0,3.0,3,0.0,0.0,227.3,219.0,271.2,277.0,239.33333333333334,246.0,1.1666666666666667,1.0,2,0.0,0
0.5,0.05,1.0,Delaware,167.5,149,186,167.5,2.9,3.0,3,0.0,0.0,230.3,219.0,273.8888888888889,277.0,246.0,246.0,1.0,1.0,1,0.0,0
2.0,0.01,2.0,Nevada,167.8,74,215,182.0,4.7,5.0,5,0.0,0.0,208.5,208.5,238.6,256.5,198.0,198.0,1.125,1.0,2,0.0,0
2.0,0.05,1.0,Maine,167.9,119,182,179.5,10.2,10.0,13,0.0,0.0,177.3,182.0,183.5,183.5,295.22222222222223,241.0,2.1,2.0,3,1.7,3
0.5,0.01,0.5,North Carolina,168.5,74,249,180.0,5.1,5.0,8,0.1,1.0,213.5,207.0,245.4,225.0,235.75,274.0,1.25,1.0,2,0.1,1
2.0,0.01,1.0,Nevada,168.6,135,249,147.0,4.4,4.0,5,0.0,0.0,213.6,221.0,246.1,258.0,216.14285714285714,198.0,1.1428571428571428,1.0,2,0.0,0
ALL,ALL,ALL,Delaware,169.36666666666667,149,277,185.0,2.5833333333333335,3.0,3,0.0,0.0,232.6079027355623,219.0,268.4896265560166,277.0,256.1226993865031,246.0,1.1349693251533743,1.0,3,0.0,0
0.5,0.05,1.0,New Jersey,169.4,169,173,169.0,3.8,4.0,5,0.0,0.0,177.8,173.0,203.0,190.0,169.7,172.0,1.4,1.0,3,0.0,0
0.5,0.1,0.5,New Jersey,169.4,169,173,169.0,4.3,4.0,5,0.0,0.0,174.5,173.0,185.6,188.0,172.0,172.0,1.6666666666666667,2.0,2,0.0,0
1.0,0.01,0.5,North Carolina,169.9,121,234,161.0,10.0,9.0,16,0.0,0.0,207.3,209.0,240.2,237.5,347.625,324.5,1.8,2.0,5,1.7,3
2.0,0.05,1.0,New Jersey,170.2,169,173,169.0,4.6,4.5,6,0.0,0.0,179.0,173.0,194.2,189.0,195.7,172.0,1.5,1.0,3,0.0,0
2.0,0.01,2.0,Louisiana,170.3,101,241,167.0,3.5,4.0,5,0.0,0.0,304.9,241.0,413.75,478.0,,,0.0,0.0,0,0.0,0
1.0,0.01,2.0,North Carolina,170.8,121,185,180.0,15.4,15.0,18,0.0,0.0,201.5,199.5,234.0,228.0,357.3333333333333,319.0,1.5,1.0,3,3.6,6
0.5,0.05,2.0,Delaware,170.9,149,186,185.0,2.8,3.0,3,0.0,0.0,235.4,234.0,267.625,277.0,246.0,246.0,1.0,1.0,1,0.0,0
1.0,0.05,2.0,Delaware,171.0,149,186,185.0,2.8,3.0,3,0.0,0.0,227.3,228.0,278.625,277.0,287.1666666666667,246.0,1.0,1.0,1,0.0,0
1.0,0.05,0.5,Delaware,171.0,149,186,185.0,2.8,3.0,3,0.0,0.0,238.9,234.0,274.875,277.0,246.0,246.0,1.0,1.0,1,0.0,0
1.0,0.05,1.0,Delaware,171.0,149,186,185.0,2.8,3.0,3,0.0,0.0,237.6,243.0,285.875,277.0,246.0,246.0,1.0,1.0,1,0.0,0
2.0,0.05,0.5,Delaware,171.0,149,186,185.0,2.9,3.0,3,0.0,0.0,228.5,228.0,278.44444444444446,277.0,246.0,246.0,1.0,1.0,1,0.0,0
1.0,0.1,2.0,Delaware,171.0,149,186,185.0,3.0,3.0,3,0.0,0.0,219.8,219.0,257.4,277.0,307.75,246.0,1.0,1.0,1,0.0,0
0.5,0.05,0.5,Delaware,171.2,149,186,186.0,1.9,2.0,3,0.0,0.0,225.375,219.0,219.0,219.0,246.0,246.0,1.0,1.0,1,0.0,0
2.0,0.05,0.5,New Jersey,171.6,169,179,171.0,4.5,4.0,6,0.0,0.0,183.9,183.5,198.6,189.0,172.4,172.0,1.2,1.0,2,0.0,0
1.0,0.05,0.5,New Jersey,172.6,169,189,171.0,4.0,4.0,4,0.0,0.0,186.0,188.0,212.4,213.0,149.16666666666666,172.0,1.3333333333333333,1.0,2,0.0,0
0.5,0.01,1.0,Arkansas,172.6,86,310,155.0,3.2,2.5,6,0.0,0.0,267.9,310.0,274.6,283.0,148.83333333333334,113.0,1.6666666666666667,1.5,3,0.0,0
1.0,0.01,1.0,Louisiana,172.9,101,468,126.0,2.4,3.0,3,0.0,0.0,223.75,241.0,312.8333333333333,243.5,289.0,289.0,1.0,1.0,1,0.0,0
0.5,0.05,0.5,Maine,173.4,96,182,182.0,6.4,6.5,8,0.0,0.0,182.4,182.0,187.9,186.0,241.0,241.0,1.5,1.5,3,1.8,4
0.5,0.01,0.5,Connecticut,173.5,126,296,159.0,2.5,2.0,4,0.0,0.0,226.0,190.5,246.0,252.0,196.33333333333334,210.0,1.4444444444444444,1.0,3,0.1,1
0.5,0.05,0.5,New Jersey,174.1,103,213,173.0,3.2,3.0,4,0.0,0.0,194.0,188.0,212.25,201.0,172.0,172.0,1.5,1.5,2,0.0,0
2.0,0.01,0.5,Connecticut,174.2,154,301,159.0,5.3,5.0,6,0.0,0.0,203.5,179.0,299.0,298.5,250.66666666666666,210.0,2.2222222222222223,3.0,4,0.6,1
2.0,0.01,0.5,North Carolina,174.2,121,260,180.0,14.6,15.0,18,0.2,2.0,211.3,208.5,232.8,232.5,329.2,319.0,2.3,2.0,6,3.4,6
2.0,0.05,1.0,Delaware,174.4,149,186,185.0,2.7,3.0,3,0.0,0.0,227.9,219.0,268.7142857142857,277.0,246.0,246.0,1.0,1.0,1,0.0,0
0.5,0.05,2.0,New Jersey,174.5,169,189,173.0,4.3,4.0,5,0.0,0.0,188.8,183.5,199.5,189.0,100.0,100.0,1.75,1.0,4,0.0,0
2.0,0.05,2.0,Delaware,174.7,149,186,185.5,2.7,3.0,3,0.0,0.0,226.8,219.0,287.14285714285717,277.0,246.0,246.0,1.0,1.0,1,0.0,0
2.0,0.01,1.0,North Carolina,174.8,121,223,180.0,15.5,16.0,18,0.0,0.0,205.4,209.0,227.1,228.5,319.5,309.0,3.2,3.0,5,2.7,4
1.0,0.01,0.5,Louisiana,175.4,123,241,167.0,1.9,2.0,3,0.0,0.0,215.28571428571428,241.0,241.0,241.0,229.0,204.0,1.0,1.0,1,0.0,0
0.5,0.01,1.0,North Carolina,175.4,121,241,180.0,8.2,7.5,12,0.0,0.0,217.0,220.0,249.0,246.5,360.0,319.0,1.375,1.0,6,1.1,2
0.5,0.05,1.0,Maine,175.7,119,182,182.0,7.8,7.5,10,0.0,0.0,184.7,182.0,188.9,186.0,243.11111111111111,241.0,1.9,2.0,4,1.2,3
0.5,0.01,1.0,Louisiana,176.77777777777777,101,241,205.0,2.111111111111111,2.0,3,0.0,0.0,226.28571428571428,241.0,258.3333333333333,241.0,,,0.0,0.0,0,0.0,0
1.0,0.01,2.0,Mississippi,176.8,99,266,164.0,6.7,7.0,9,0.0,0.0,214.0,199.0,275.0,240.5,174.66666666666666,248.0,0.75,1.0,1,0.2,1
0.5,0.01,2.0,South Carolina,177.7,102,276,197.0,6.6,6.5,9,0.0,0.0,243.5,254.0,306.6,301.0,260.0,235.0,6.444444444444445,6.0,12,0.7,3
0.5,0.01,2.0,Arkansas,178.6,100,318,132.5,4.3,4.0,7,0.0,0.0,320.9,310.0,338.0,318.0,182.33333333333334,137.0,1.8333333333333333,2.0,3,0.0,0
2.0,0.01,2.0,Alabama,178.8,94,226,205.5,7.4,7.5,10,0.0,0.0,268.5,228.5,333.8,385.0,,,0.0,0.0,0,0.1,1
2.0,0.05,2.0,Maine,179.0,177,182,177.0,10.2,10.0,13,0.0,0.0,182.0,182.0,183.7,182.0,314.125,241.0,1.9,2.0,4,1.7,3
2.0,0.01,1.0,Arkansas,179.4,55,310,175.5,6.7,7.0,9,0.0,0.0,249.2,299.0,298.9,318.0,145.42857142857142,116.0,1.625,1.0,4,0.4,1
0.5,0.01,2.0,Louisiana,179.5,101,264,205.0,2.3,2.0,4,0.0,0.0,239.33333333333334,239.0,241.0,241.0,279.0,279.0,1.0,1.0,1,0.0,0
0.5,0.01,0.5,Mississippi,180.33333333333334,107,259,201.0,1.5555555555555556,1.0,3,0.0,0.0,252.5,259.0,266.0,266.0,,,0.0,0.0,0,0.0,0
1.0,0.25,2.0,Rhode Island,183.1,119,405,149.0,2.7,3.0,3,0.0,0.0,272.3333333333333,318.0,405.0,405.0,,,0.0,0.0,0,0.0,0
1.0,0.01,2.0,Delaware,184.1,149,192,186.0,1.9,2.0,3,0.0,0.0,285.2857142857143,237.0,282.5,282.5,309.5,246.0,1.3,1.0,2,0.0,0
0.5,0.01,0.5,Louisiana,184.4,101,241,205.0,1.5,1.0,3,0.0,0.0,193.0,205.0,241.0,241.0,,,0.0,0.0,0,0.0,0
1.0,0.01,0.5,Delaware,185.4,149,212,186.0,1.8,2.0,3,0.0,0.0,264.8333333333333,263.0,277.0,277.0,244.6,246.0,1.0,1.0,1,0.0,0
2.0,0.01,1.0,Maine,186.5,182,209,182.0,5.9,6.0,8,0.0,0.0,210.4,203.0,243.5,235.0,249.22222222222223,248.0,2.0,2.0,4,1.1,3
1.0,0.01,0.5,West Virginia,187.3,151,201,192.0,5.3,5.0,10,0.0,0.0,222.6,203.0,247.88888888888889,221.0,224.5,219.5,1.8,2.0,3,0.1,1
0.5,0.01,2.0,Delaware,187.8,186,192,186.0,1.8,2.0,3,0.0,0.0,309.1666666666667,263.0,404.0,404.0,230.85714285714286,246.0,1.2857142857142858,1.0,2,0.0,0
2.0,0.01,1.0,Delaware,189.2,149,249,186.0,2.1,2.0,3,0.0,0.0,257.1111111111111,249.0,277.0,277.0,330.0,246.0,1.4444444444444444,1.0,2,0.0,0
1.0,0.01,1.0,West Virginia,189.5,169,201,189.5,8.4,9.0,11,0.0,0.0,208.9,201.0,238.5,231.5,382.875,322.0,2.375,2.5,4,0.0,0
1.0,0.01,2.0,West Virginia,190.2,169,201,191.5,7.0,7.5,9,0.0,0.0,221.4,201.0,254.6,234.5,370.44444444444446,345.0,1.8888888888888888,1.0,5,0.1,1
0.5,0.01,1.0,Maine,190.3,182,236,182.0,4.8,5.0,6,0.0,0.0,222.7,231.0,253.6,236.0,253.66666666666666,248.0,0.3333333333333333,0.0,1,0.7,1
2.0,0.01,2.0,West Virginia,190.6,185,201,187.0,8.8,9.5,10,0.0,0.0,205.2,200.5,254.8,216.5,334.7142857142857,251.0,2.875,3.0,6,0.3,1
2.0,0.01,1.0,West Virginia,190.7,169,205,189.5,8.4,8.0,12,0.0,0.0,205.2,201.0,238.6,216.5,299.8,304.5,2.5,2.0,4,0.2,1
2.0,0.01,2.0,Mississippi,190.8,107,266,198.0,7.9,7.5,11,0.0,0.0,234.2,213.0,299.5,252.0,471.6666666666667,566.0,1.0,1.0,2,0.2,1
2.0,0.25,2.0,Rhode Island,191.3,119,318,150.5,2.6,3.0,3,0.0,0.0,330.8,318.0,405.0,405.0,,,0.0,0.0,0,0.0,0
0.5,0.01,0.5,Delaware,191.4,149,277,186.0,1.4,1.0,2,0.0,0.0,268.0,277.0,,,228.66666666666666,220.0,1.6666666666666667,2.0,2,0.0,0
2.0,0.01,2.0,Maine,192.2,163,236,182.0,6.4,6.0,10,0.0,0.0,217.3,196.5,238.1,225.5,419.3333333333333,407.5,0.7,1.0,2,1.4,2
2.0,0.01,0.5,Delaware,192.3,186,237,186.0,2.2,2.0,3,0.0,0.0,254.9,257.0,318.0,318.0,235.0,246.0,1.5,1.5,2,0.0,0
2.0,0.01,2.0,Delaware,192.3,186,249,186.0,2.0,2.0,3,0.0,0.0,240.25,237.0,277.0,277.0,291.5,233.0,1.5,1.0,3,0.0,0
0.5,0.01,0.5,West Virginia,192.7,169,201,196.0,3.0,3.0,4,0.0,0.0,213.3,216.0,243.14285714285714,232.0,224.0,224.0,2.0,2.0,2,0.0,0
1.0,0.01,1.0,New Jersey,193.1,169,247,180.5,3.0,3.0,5,0.0,0.0,223.22222222222223,240.0,328.875,262.5,128.66666666666666,179.0,2.0,1.0,4,0.0,0
1.0,0.25,1.0,Rhode Island,194.6,119,318,152.0,2.6,3.0,3,0.0,0.0,327.3,318.0,405.0,405.0,,,0.0,0.0,0,0.0,0
1.0,0.01,2.0,Maine,194.9,182,268,186.5,5.6,6.0,6,0.0,0.0,238.5,231.0,267.1,245.0,382.42857142857144,265.0,1.375,1.0,3,0.6,2
2.0,0.01,0.5,Maine,195.2,182,231,184.0,6.4,6.0,8,0.0,0.0,233.1,231.0,264.2,254.0,389.5,377.5,0.8888888888888888,1.0,2,1.2,3
2.0,0.01,0.5,West Virginia,195.4,187,211,192.0,7.9,8.0,10,0.0,0.0,206.4,201.0,254.3,239.0,263.25,255.5,2.25,2.0,4,0.1,1
0.5,0.01,2.0,West Virginia,195.6,187,201,196.5,7.5,7.5,11,0.0,0.0,205.8,201.0,266.2,243.0,446.5,495.5,0.75,1.0,1,0.2,1
2.0,0.01,1.0,New Jersey,196.2,169,213,211.0,2.8,3.0,4,0.0,0.0,270.3,240.5,320.7142857142857,266.0,244.83333333333334,175.5,1.5,1.0,4,0.0,0
2.0,0.01,0.5,New Jersey,196.2,169,241,195.0,3.2,3.0,4,0.0,0.0,240.0,253.5,396.375,387.0,232.33333333333334,241.5,1.1666666666666667,1.0,2,0.0,0
0.5,0.01,1.0,West Virginia,196.2,187,205,200.5,5.1,5.5,6,0.0,0.0,209.8,203.0,241.3,235.0,240.25,235.5,1.5,1.5,2,0.1,1
0.5,0.05,1.0,Rhode Island,196.33333333333334,119,318,152.0,1.0,1.0,1,,,,,,,,,0.0,0.0,0,0.0,0
1.0,0.01,1.0,Delaware,197.3,185,243,186.0,1.9,2.0,3,0.0,0.0,299.25,249.0,460.0,460.0,242.75,246.0,1.125,1.0,2,0.0,0
0.5,0.01,0.5,New Jersey,199.6,169,240,202.0,1.9,2.0,3,0.0,0.0,219.0,226.5,240.33333333333334,240.0,183.66666666666666,179.0,1.0,1.0,1,0.0,0
0.5,0.01,1.0,Delaware,199.8,186,249,192.0,2.0,2.0,3,0.0,0.0,275.375,257.0,277.0,277.0,236.33333333333334,246.0,1.1666666666666667,1.0,2,0.0,0
1.0,0.01,0.5,South Carolina,200.7,102,342,225.5,4.5,5.0,6,0.1,1.0,286.8,328.5,322.55555555555554,358.0,292.42857142857144,228.0,6.142857142857143,3.0,21,0.2,2
0.5,0.25,2.0,Rhode Island,203.0,119,405,150.5,2.3,2.0,3,0.0,0.0,366.3333333333333,405.0,405.0,405.0,,,0.0,0.0,0,0.0,0
0.5,0.01,0.5,Maine,204.2,182,269,184.5,3.2,3.0,6,0.0,0.0,221.11111111111111,204.0,233.42857142857142,236.0,250.5,250.5,1.0,1.0,2,0.5,2
1.0,0.01,1.0,Alabama,204.5,139,385,190.5,6.7,7.0,10,0.0,0.0,252.3,226.0,315.0,294.5,,,0.0,0.0,0,0.0,0
0.5,0.01,0.5,Alabama,205.28571428571428,159,237,226.0,1.2857142857142858,1.0,2,0.0,0.0,220.5,220.5,,,,,0.0,0.0,0,0.0,0
1.0,0.01,0.5,Maine,206.9,182,236,204.5,4.9,5.0,6,0.0,0.0,225.3,232.5,269.5,241.5,245.8,241.0,0.625,1.0,1,0.6,2
1.0,0.01,0.5,New Jersey,209.2,173,240,214.0,3.0,3.0,4,0.0,0.0,265.4,262.5,357.1666666666667,387.0,246.0,179.0,1.1666666666666667,1.0,2,0.0,0
1.0,0.01,1.0,Maine,209.3,182,236,211.5,5.5,5.5,9,0.0,0.0,239.4,235.0,274.6,254.0,400.6666666666667,407.5,0.875,1.0,2,0.6,2
1.0,0.1,1.0,Rhode Island,209.33333333333334,119,405,152.0,1.7777777777777777,2.0,3,0.0,0.0,333.8333333333333,361.5,405.0,405.0,,,0.0,0.0,0,0.0,0
0.5,0.01,2.0,Maine,209.6,182,291,187.5,5.9,5.5,9,0.0,0.0,238.7,220.0,261.8,252.0,346.75,265.0,0.9,1.0,2,0.9,1
0.5,0.01,1.0,New Jersey,212.0,169,266,200.5,2.3,2.5,4,0.0,0.0,230.57142857142858,240.0,306.6,266.0,213.0,179.0,1.0,1.0,1,0.0,0
1.0,0.01,0.5,Alabama,212.2,94,385,199.0,4.0,4.0,6,0.0,0.0,313.7,355.0,333.875,370.5,,,0.0,0.0,0,0.0,0
1.0,0.01,2.0,New Jersey,213.0,169,241,214.0,3.3,3.0,4,0.0,0.0,257.2,245.5,301.1111111111111,266.0,309.375,326.5,1.625,1.5,3,0.1,1
0.5,0.01,2.0,New Jersey,213.4,169,247,213.0,3.2,3.0,4,0.0,0.0,274.1,266.0,427.25,395.0,28.0,28.0,1.0,1.0,1,0.0,0
2.0,0.01,1.0,Alabama,215.1,139,265,226.0,7.8,7.0,12,0.0,0.0,279.1,264.5,327.9,385.0,,,0.0,0.0,0,0.0,0
2.0,0.01,0.5,Alabama,218.7,159,349,212.0,7.6,7.5,10,0.0,0.0,275.5,252.5,330.0,367.0,,,0.0,0.0,0,0.1,1
1.0,0.01,0.5,Arkansas,222.2,86,310,305.0,2.5,2.0,4,0.0,0.0,312.3333333333333,318.0,340.5,321.0,175.75,130.0,1.5,1.0,3,0.1,1
0.5,0.01,1.0,Alabama,224.9,94,385,212.0,3.7,4.0,5,0.0,0.0,304.8,340.5,325.375,385.0,,,0.0,0.0,0,0.0,0
0.5,0.01,1.0,New Hampshire,225.4,110,295,234.0,4.0,4.0,5,0.0,0.0,292.6,296.0,321.4,321.0,180.0,180.0,0.6666666666666666,1.0,1,0.1,1
1.0,0.1,0.5,Rhode Island,228.375,149,366,189.0,1.125,1.0,2,0.0,0.0,318.0,318.0,,,,,0.0,0.0,0,0.0,0
2.0,0.25,1.0,Rhode Island,228.4,119,318,235.0,2.5,2.5,3,0.0,0.0,353.6,405.0,426.8,405.0,,,0.0,0.0,0,0.0,0
0.5,0.1,1.0,Rhode Island,229.0,119,318,235.0,1.1666666666666667,1.0,2,0.0,0.0,318.0,318.0,,,,,0.0,0.0,0,0.0,0
2.0,0.01,2.0,New Jersey,229.0,169,384,213.0,3.1,3.0,4,0.0,0.0,272.4,240.0,362.14285714285717,269.0,269.1666666666667,248.5,1.6666666666666667,1.5,3,0.1,1
2.0,0.01,2.0,New Hampshire,234.6,137,295,288.0,5.1,5.0,7,0.0,0.0,302.0,296.0,320.5,320.5,180.0,180.0,0.5,0.5,1,0.1,1
1.0,0.01,0.5,New Hampshire,245.0,142,296,295.0,4.2,4.0,7,0.0,0.0,302.6,314.0,324.77777777777777,328.0,180.0,180.0,1.0,1.0,1,0.0,0
2.0,0.1,0.5,Rhode Island,248.8,119,405,235.0,2.2,2.5,3,0.0,0.0,337.0,318.0,442.8,405.0,,,0.0,0.0,0,0.0,0
1.0,0.01,2.0,New Hampshire,250.7,137,305,288.0,5.0,5.0,7,0.0,0.0,309.3,296.0,345.6,338.0,180.0,180.0,0.5,0.5,1,0.1,1
0.5,0.01,2.0,New Hampshire,253.3,137,327,295.0,4.9,5.0,7,0.0,0.0,304.6,296.0,346.6,338.0,,,0.0,0.0,0,0.0,0
ALL,ALL,ALL,Rhode Island,253.98326359832635,119,517,318.0,1.7573221757322175,2.0,3,0.0,0.0,351.2651515151515,405.0,433.2448979591837,405.0,,,0.0,0.0,0,0.0,0
2.0,0.01,1.0,New Hampshire,265.5,137,295,291.0,5.4,5.0,7,0.0,0.0,301.2,295.5,322.8,321.0,,,0.0,0.0,0,0.1,1
0.5,0.1,2.0,Rhode Island,268.1111111111111,119,405,318.0,1.8888888888888888,2.0,3,0.0,0.0,368.42857142857144,405.0,405.0,405.0,,,0.0,0.0,0,0.0,0
2.0,0.01,0.5,New Hampshire,272.2,179,305,295.0,4.9,5.0,7,0.0,0.0,309.8,311.0,343.3,333.0,301.6666666666667,180.0,0.75,1.0,1,0.2,1
0.5,0.01,0.5,New Hampshire,272.4,142,338,295.0,2.4,2.0,4,0.0,0.0,303.0,295.0,325.5,325.5,,,0.0,0.0,0,0.0,0
1.0,0.01,2.0,Alabama,272.5,139,385,245.5,8.6,8.0,12,0.0,0.0,316.8,340.5,339.5,385.0,,,0.0,0.0,0,0.1,1
1.0,0.05,2.0,Rhode Island,273.0,119,405,318.0,1.375,1.0,2,0.0,0.0,376.0,405.0,,,,,0.0,0.0,0,0.0,0
2.0,0.25,0.5,Rhode Island,276.6,149,405,318.0,2.6,3.0,3,0.0,0.0,389.8,405.0,486.1666666666667,459.5,,,0.0,0.0,0,0.0,0
0.5,0.01,2.0,Alabama,278.0,139,385,275.5,5.4,5.0,9,0.0,0.0,314.44444444444446,385.0,344.3333333333333,388.0,,,0.0,0.0,0,0.0,0
1.0,0.01,1.0,New Hampshire,278.6,137,296,295.0,4.7,4.5,6,0.0,0.0,303.5,296.0,343.4,332.5,,,0.0,0.0,0,0.0,0
1.0,0.01,0.5,Rhode Island,288.3333333333333,229,318,318.0,1.0,1.0,1,,,,,,,,,0.0,0.0,0,0.0,0
1.0,0.1,2.0,Rhode Island,295.3,119,484,318.0,1.7,2.0,3,0.0,0.0,422.0,405.0,594.0,594.0,,,0.0,0.0,0,0.0,0
1.0,0.05,0.5,Rhode Island,303.1666666666667,229,318,318.0,1.0,1.0,1,,,,,,,,,0.0,0.0,0,0.0,0
0.5,0.01,2.0,Rhode Island,309.6666666666667,119,405,405.0,1.0,1.0,1,,,,,,,,,0.0,0.0,0,0.0,0
2.0,0.1,1.0,Rhode Island,309.9,152,405,318.0,1.9,2.0,3,0.0,0.0,417.625,405.0,405.0,405.0,,,0.0,0.0,0,0.0,0
1.0,0.05,1.0,Rhode Island,311.4,152,405,366.0,1.8,2.0,3,0.0,0.0,347.0,318.0,405.0,405.0,,,0.0,0.0,0,0.0,0
0.5,0.05,2.0,Rhode Island,314.14285714285717,119,405,318.0,1.4285714285714286,1.0,2,0.0,0.0,405.0,405.0,,,,,0.0,0.0,0,0.0,0
0.5,0.01,1.0,Rhode Island,318.0,318,318,318.0,1.0,1.0,1,,,,,,,,,0.0,0.0,0,0.0,0
2.0,0.1,2.0,Rhode Island,318.625,149,405,318.0,2.0,2.0,3,0.0,0.0,387.6,405.0,505.3333333333333,517.0,,,0.0,0.0,0,0.0,0
1.0,0.01,2.0,Rhode Island,335.0,229,405,318.0,1.2,1.0,2,0.0,0.0,405.0,405.0,,,,,0.0,0.0,0,0.0,0
2.0,0.05,1.0,Rhode Island,335.4,119,517,318.0,1.2,1.0,2,0.0,0.0,444.5,444.5,,,,,0.0,0.0,0,0.0,0
2.0,0.01,0.5,Rhode Island,346.3333333333333,229,405,405.0,1.0,1.0,1,,,,,,,,,0.0,0.0,0,0.0,0
2.0,0.05,0.5,Rhode Island,351.625,152,405,405.0,1.5,1.0,3,0.0,0.0,405.0,405.0,514.0,514.0,,,0.0,0.0,0,0.0,0
1.0,0.01,1.0,Rhode Island,361.5,318,405,361.5,1.0,1.0,1,,,,,,,,,0.0,0.0,0,0.0,0
2.0,0.05,2.0,Rhode Island,366.3333333333333,318,405,405.0,1.5555555555555556,2.0,2,0.0,0.0,524.8,517.0,,,,,0.0,0.0,0,0.0,0
2.0,0.01,2.0,Rhode Island,405.0,405,405,405.0,1.0,1.0,1,,,,,,,,,0.0,0.0,0,0.0,0
