alpha,beta,gamma,state,mean_first_intro_day,earliest_first_intro_day,latest_first_intro_day,median_first_intro_day,mean_intro_count,median_intro_count,max_intro_count,mean_cumu_before_second_intro,max_cumu_before_second_intro,mean_intro_day_2,median_intro_day_2,mean_intro_day_3,median_intro_day_3,mean_first_export_day,median_first_export_day,mean_export_count,median_export_count,max_export_count,mean_total_cumu_cases,max_total_cumu_cases
0.5,0.01,0.5,Texas,28.0,28,28,28.0,15.5,15.0,21,0.0,0.0,28.0,28.0,28.0,28.0,31.8,31.5,45.2,44.0,54,26.7,35
0.5,0.01,1.0,Texas,28.0,28,28,28.0,21.2,21.5,24,0.0,0.0,28.0,28.0,28.0,28.0,31.4,30.5,60.6,59.0,73,31.2,35
1.0,0.01,0.5,Texas,28.0,28,28,28.0,22.4,22.0,29,0.0,0.0,28.0,28.0,28.0,28.0,31.1,31.0,66.2,65.5,76,32.8,37
0.5,0.05,0.5,Texas,28.0,28,28,28.0,23.5,24.0,26,0.0,0.0,28.0,28.0,28.0,28.0,30.3,30.0,65.4,65.5,71,35.9,41
0.5,0.01,2.0,Texas,28.0,28,28,28.0,27.3,27.5,32,0.0,0.0,28.0,28.0,28.0,28.0,31.4,31.5,71.8,70.0,86,36.6,44
1.0,0.01,1.0,Texas,28.0,28,28,28.0,29.3,29.0,31,0.0,0.0,28.0,28.0,28.0,28.0,31.9,32.0,74.9,75.0,83,37.1,42
0.5,0.1,0.5,Texas,28.0,28,28,28.0,23.8,23.5,27,0.0,0.0,28.0,28.0,28.0,28.0,30.0,30.0,65.5,65.5,78,39.2,44
2.0,0.01,0.5,Texas,28.0,28,28,28.0,32.4,31.5,42,0.0,0.0,28.0,28.0,28.0,28.0,31.4,30.5,84.6,83.0,95,39.9,46
0.5,0.25,0.5,Texas,28.0,28,28,28.0,24.5,25.0,26,0.0,0.0,28.0,28.0,28.0,28.0,30.0,30.0,60.9,62.0,66,40.8,43
0.5,0.05,1.0,Texas,28.0,28,28,28.0,30.1,31.0,34,0.0,0.0,28.0,28.0,28.0,28.0,30.4,30.0,82.4,80.5,93,41.7,45
0.5,0.05,2.0,Texas,28.0,28,28,28.0,39.9,40.0,44,0.0,0.0,28.0,28.0,28.0,28.0,30.2,30.0,90.6,89.0,105,43.4,49
2.0,0.01,1.0,Texas,28.0,28,28,28.0,31.9,31.5,40,0.0,0.0,28.0,28.0,28.0,28.0,31.0,30.5,93.4,92.0,104,44.0,52
2.0,0.01,2.0,Texas,28.0,28,28,28.0,34.1,35.0,40,0.0,0.0,28.0,28.0,28.0,28.0,30.9,31.0,94.4,93.0,111,44.0,51
1.0,0.05,0.5,Texas,28.0,28,28,28.0,31.5,31.0,35,0.0,0.0,28.0,28.0,28.0,28.0,30.1,30.0,85.6,85.0,93,44.6,49
1.0,0.01,2.0,Texas,28.0,28,28,28.0,29.1,29.0,35,0.0,0.0,28.0,28.0,28.0,28.0,31.3,31.0,87.1,87.5,94,44.6,52
0.5,0.1,1.0,Texas,28.0,28,28,28.0,30.3,30.5,33,0.0,0.0,28.0,28.0,28.0,28.0,30.0,30.0,75.5,75.5,85,45.0,50
ALL,ALL,ALL,Texas,28.0,28,28,28.0,33.83888888888889,35.5,45,0.0,0.0,28.0,28.0,28.0,28.0,30.394444444444446,30.0,85.21666666666667,86.0,121,46.827777777777776,61
1.0,0.1,0.5,Texas,28.0,28,28,28.0,33.4,33.5,36,0.0,0.0,28.0,28.0,28.0,28.0,30.0,30.0,80.9,80.5,91,47.3,50
0.5,0.25,1.0,Texas,28.0,28,28,28.0,31.3,32.0,35,0.0,0.0,28.0,28.0,28.0,28.0,30.0,30.0,71.3,70.5,77,48.1,49
1.0,0.25,0.5,Texas,28.0,28,28,28.0,35.0,35.5,37,0.0,0.0,28.0,28.0,28.0,28.0,30.0,30.0,79.0,76.0,96,49.2,52
1.0,0.05,1.0,Texas,28.0,28,28,28.0,36.1,35.0,42,0.0,0.0,28.0,28.0,28.0,28.0,30.3,30.0,96.6,97.0,103,49.4,53
0.5,0.1,2.0,Texas,28.0,28,28,28.0,38.8,39.0,42,0.0,0.0,28.0,28.0,28.0,28.0,30.0,30.0,86.0,86.0,97,50.3,55
1.0,0.1,1.0,Texas,28.0,28,28,28.0,39.0,38.0,43,0.0,0.0,28.0,28.0,28.0,28.0,30.0,30.0,87.4,86.5,101,51.3,54
2.0,0.05,0.5,Texas,28.0,28,28,28.0,37.8,38.5,42,0.0,0.0,28.0,28.0,28.0,28.0,30.1,30.0,97.5,97.0,106,51.4,56
1.0,0.25,1.0,Texas,28.0,28,28,28.0,40.6,40.0,45,0.0,0.0,28.0,28.0,28.0,28.0,30.0,30.0,81.7,81.5,86,51.6,55
2.0,0.05,2.0,Texas,28.0,28,28,28.0,40.7,39.5,45,0.0,0.0,28.0,28.0,28.0,28.0,30.0,30.0,110.1,111.5,117,51.8,56
0.5,0.25,2.0,Texas,28.0,28,28,28.0,39.0,39.0,42,0.0,0.0,28.0,28.0,28.0,28.0,30.0,30.0,83.5,84.5,88,52.1,54
1.0,0.05,2.0,Texas,28.0,28,28,28.0,38.4,39.0,43,0.0,0.0,28.0,28.0,28.0,28.0,30.2,30.0,104.2,102.5,119,53.0,59
2.0,0.05,1.0,Texas,28.0,28,28,28.0,40.1,39.5,45,0.0,0.0,28.0,28.0,28.0,28.0,30.2,30.0,105.9,105.5,115,53.3,56
2.0,0.1,0.5,Texas,28.0,28,28,28.0,38.0,38.5,44,0.0,0.0,28.0,28.0,28.0,28.0,30.0,30.0,97.0,96.5,107,54.8,61
2.0,0.25,0.5,Texas,28.0,28,28,28.0,40.5,41.0,43,0.0,0.0,28.0,28.0,28.0,28.0,30.0,30.0,89.1,87.0,96,54.9,57
1.0,0.25,2.0,Texas,28.0,28,28,28.0,41.4,42.0,44,0.0,0.0,28.0,28.0,28.0,28.0,30.0,30.0,91.6,91.5,99,56.0,59
2.0,0.1,2.0,Texas,28.0,28,28,28.0,39.8,39.5,43,0.0,0.0,28.0,28.0,28.0,28.0,30.0,30.0,109.4,108.5,121,56.0,59
1.0,0.1,2.0,Texas,28.0,28,28,28.0,38.4,38.0,42,0.0,0.0,28.0,28.0,28.0,28.0,30.1,30.0,96.8,95.0,105,56.4,59
2.0,0.25,1.0,Texas,28.0,28,28,28.0,41.6,41.5,43,0.0,0.0,28.0,28.0,28.0,28.0,30.0,30.0,93.2,93.0,101,57.0,59
2.0,0.1,1.0,Texas,28.0,28,28,28.0,39.5,39.0,44,0.0,0.0,28.0,28.0,28.0,28.0,30.1,30.0,106.1,107.5,117,57.1,60
2.0,0.25,2.0,Texas,28.0,28,28,28.0,42.0,42.0,45,0.0,0.0,28.0,28.0,28.0,28.0,30.0,30.0,96.4,95.5,106,57.3,60
2.0,0.05,2.0,Utah,30.0,30,30,30.0,14.9,14.5,17,0.0,0.0,47.0,35.0,67.6,72.0,28.0,28.0,14.0,14.0,21,2.8,5
1.0,0.25,0.5,Utah,30.0,30,30,30.0,14.2,14.0,15,0.0,0.0,35.0,35.0,56.8,56.0,28.0,28.0,12.4,12.5,15,3.8,5
2.0,0.25,1.0,Utah,30.0,30,30,30.0,14.2,14.0,15,0.0,0.0,35.0,35.0,56.0,56.0,28.0,28.0,14.8,14.5,17,3.8,4
1.0,0.25,2.0,Utah,30.0,30,30,30.0,14.1,14.0,15,0.0,0.0,36.3,35.0,56.4,56.0,28.0,28.0,14.0,13.5,18,3.9,5
0.5,0.25,2.0,Utah,30.0,30,30,30.0,14.1,14.0,15,0.0,0.0,38.4,35.0,59.6,56.0,28.0,28.0,13.3,13.5,16,3.9,4
0.5,0.25,1.0,Utah,30.0,30,30,30.0,14.0,14.0,15,0.0,0.0,37.1,35.0,56.4,56.0,28.0,28.0,11.9,11.0,15,4.0,5
0.5,0.25,0.5,Utah,30.0,30,30,30.0,14.0,14.0,15,0.0,0.0,37.6,35.0,57.2,56.0,28.0,28.0,10.8,11.0,13,4.0,5
2.0,0.25,2.0,Utah,30.0,30,30,30.0,14.0,14.0,15,0.0,0.0,36.3,35.0,56.0,56.0,28.0,28.0,15.9,16.0,18,4.0,5
0.5,0.1,0.5,Utah,30.0,30,30,30.0,13.2,13.5,15,0.0,0.0,38.4,35.0,62.0,60.0,28.0,28.0,10.1,11.0,13,4.0,5
1.0,0.25,1.0,Utah,30.0,30,30,30.0,13.9,14.0,15,0.0,0.0,35.0,35.0,56.8,56.0,28.0,28.0,14.0,14.0,17,4.1,5
2.0,0.1,0.5,Utah,30.0,30,30,30.0,13.9,14.0,15,0.0,0.0,40.2,35.0,61.8,58.0,28.0,28.0,15.3,14.0,21,4.1,5
1.0,0.1,0.5,Utah,30.0,30,30,30.0,13.2,13.0,14,0.0,0.0,43.9,41.5,62.8,60.0,28.0,28.0,10.7,11.0,14,4.2,5
2.0,0.1,2.0,Utah,30.0,30,30,30.0,13.7,14.0,15,0.0,0.0,43.2,35.0,62.9,60.0,28.0,28.0,15.9,15.0,19,4.3,7
0.5,0.1,2.0,Utah,30.0,30,30,30.0,13.4,13.0,15,0.0,0.0,47.2,48.0,65.2,70.0,28.0,28.0,14.9,15.0,18,4.3,5
2.0,0.25,0.5,Utah,30.0,30,30,30.0,13.5,13.0,16,0.0,0.0,35.0,35.0,57.2,56.0,28.0,28.0,14.0,14.0,17,4.5,6
0.5,0.25,1.0,Iowa,30.0,30,30,30.0,26.1,26.0,30,5.2,7.0,36.8,38.0,39.9,40.0,30.0,28.0,102.4,104.0,111,57.8,61
2.0,0.25,1.0,Iowa,30.0,30,30,30.0,27.0,27.0,32,6.4,7.0,37.6,38.0,41.2,40.0,30.0,28.0,120.2,119.5,126,60.0,63
2.0,0.25,2.0,Iowa,30.0,30,30,30.0,25.8,25.0,31,6.0,7.0,37.2,38.0,40.6,40.0,29.0,28.0,120.7,120.0,132,61.2,64
1.0,0.1,0.5,Iowa,30.8,30,38,30.0,29.9,30.5,37,6.0,7.0,38.7,38.0,43.2,45.0,30.5,30.5,97.9,99.5,106,54.6,61
1.0,0.25,2.0,Iowa,30.8,30,38,30.0,27.3,26.5,32,4.7,7.0,37.5,38.0,40.3,40.0,30.0,28.0,112.2,112.5,119,59.7,62
2.0,0.25,0.5,Iowa,30.8,30,38,30.0,26.6,27.0,36,4.8,7.0,37.0,38.0,40.2,40.0,29.0,28.0,115.9,116.0,132,60.4,66
1.0,0.05,0.5,Illinois,31.0,31,31,31.0,45.0,45.0,49,0.0,0.0,59.9,59.0,63.2,63.5,43.0,28.0,10.2,10.5,13,2.7,4
0.5,0.05,2.0,Illinois,31.0,31,31,31.0,52.5,52.5,57,0.0,0.0,59.3,60.0,66.1,67.0,28.0,28.0,12.9,13.0,16,2.7,5
1.0,0.05,1.0,Illinois,31.0,31,31,31.0,52.5,53.0,57,0.0,0.0,59.0,60.0,63.8,64.5,33.0,28.0,14.0,13.5,18,3.0,5
0.5,0.05,1.0,Illinois,31.0,31,31,31.0,43.1,43.5,45,0.0,0.0,61.4,60.0,65.7,65.0,80.2,78.0,8.1,8.0,10,3.3,5
0.5,0.1,0.5,Illinois,31.0,31,31,31.0,38.8,38.5,42,0.0,0.0,56.3,58.0,60.6,60.0,74.3,78.0,7.7,8.0,10,3.3,5
1.0,0.1,0.5,Illinois,31.0,31,31,31.0,48.8,49.0,52,0.0,0.0,54.4,55.0,57.7,58.0,57.9,77.5,9.4,9.5,12,3.9,6
0.5,0.25,0.5,Illinois,31.0,31,31,31.0,43.4,43.5,47,0.0,0.0,49.8,51.0,53.3,54.5,71.3,70.0,9.0,9.0,12,4.3,6
0.5,0.1,1.0,Illinois,31.0,31,31,31.0,45.4,45.0,48,0.0,0.0,53.6,55.0,57.3,58.0,74.0,78.0,8.2,8.0,11,4.3,6
1.0,0.1,1.0,Illinois,31.0,31,31,31.0,57.2,57.0,59,0.0,0.0,56.6,56.5,59.5,59.0,28.0,28.0,13.1,12.5,17,4.3,6
2.0,0.05,1.0,Illinois,31.0,31,31,31.0,58.9,59.0,62,0.0,0.0,62.3,60.0,66.4,65.0,28.0,28.0,15.5,15.0,20,4.4,6
1.0,0.1,2.0,Illinois,31.0,31,31,31.0,60.9,61.0,63,0.0,0.0,54.1,55.0,59.3,58.0,28.0,28.0,16.0,17.0,19,4.4,8
0.5,0.1,2.0,Illinois,31.0,31,31,31.0,56.5,56.5,61,0.0,0.0,56.3,55.0,60.1,60.0,28.0,28.0,11.5,11.0,15,4.4,6
2.0,0.1,1.0,Illinois,31.0,31,31,31.0,63.5,64.0,68,0.0,0.0,56.0,56.5,59.1,60.0,28.0,28.0,15.9,15.0,20,4.5,6
2.0,0.05,0.5,Illinois,31.0,31,31,31.0,54.7,54.5,58,0.0,0.0,60.6,60.0,65.2,66.5,28.0,28.0,15.6,15.5,19,4.6,7
2.0,0.1,0.5,Illinois,31.0,31,31,31.0,58.9,59.0,62,0.0,0.0,56.4,56.5,60.0,60.0,28.0,28.0,15.2,14.5,20,4.6,8
1.0,0.25,1.0,Illinois,31.0,31,31,31.0,60.0,60.5,62,0.0,0.0,47.0,46.0,53.1,54.5,28.0,28.0,14.2,14.5,18,4.7,6
2.0,0.1,2.0,Illinois,31.0,31,31,31.0,62.5,62.0,66,0.0,0.0,57.1,56.5,60.6,59.0,28.0,28.0,15.5,16.0,18,4.7,7
2.0,0.25,0.5,Illinois,31.0,31,31,31.0,61.3,61.5,64,0.0,0.0,47.9,46.5,51.3,52.5,28.0,28.0,14.1,13.0,18,4.8,7
0.5,0.25,1.0,Illinois,31.0,31,31,31.0,50.6,50.5,52,0.0,0.0,51.3,51.0,54.4,54.5,73.6,67.5,8.9,9.0,11,4.9,7
1.0,0.25,0.5,Illinois,31.0,31,31,31.0,53.5,54.0,56,0.0,0.0,50.0,50.5,53.2,53.0,66.7,72.5,10.8,10.5,15,5.0,7
2.0,0.25,1.0,Illinois,31.0,31,31,31.0,65.8,66.0,68,0.0,0.0,47.5,44.5,52.2,51.0,28.0,28.0,16.2,16.0,21,5.2,7
0.5,0.25,2.0,Illinois,31.0,31,31,31.0,58.2,58.0,61,0.0,0.0,50.1,50.0,54.4,54.5,28.0,28.0,11.0,10.5,15,5.3,6
1.0,0.25,2.0,Illinois,31.0,31,31,31.0,63.5,63.5,67,0.0,0.0,52.6,54.0,54.7,55.0,28.0,28.0,14.3,14.5,18,5.4,8
2.0,0.25,2.0,Illinois,31.0,31,31,31.0,65.4,65.0,68,0.0,0.0,47.4,46.0,52.4,54.0,28.0,28.0,17.2,17.0,21,5.7,7
0.5,0.1,1.0,Iowa,31.6,30,38,30.0,30.6,31.5,36,4.6,9.0,39.2,38.0,44.2,45.0,33.4,33.0,96.1,95.0,106,52.5,61
1.0,0.25,0.5,Iowa,31.6,30,38,30.0,27.7,27.5,33,4.0,7.0,37.7,38.0,40.6,40.0,30.0,28.0,104.2,107.5,116,57.2,61
0.5,0.25,2.0,Iowa,31.6,30,38,30.0,28.2,27.5,36,5.5,7.0,38.5,38.0,43.2,43.5,30.1,28.0,107.1,110.0,117,57.8,63
1.0,0.25,1.0,Iowa,31.6,30,38,30.0,27.8,27.5,33,4.5,7.0,37.6,38.0,40.8,41.0,29.5,28.0,111.6,109.5,130,58.2,63
1.0,0.05,0.5,Utah,31.8,30,48,30.0,13.4,13.0,16,0.0,0.0,54.2,59.0,69.6,72.0,28.0,28.0,12.7,13.0,15,3.2,4
2.0,0.1,1.0,Utah,31.8,30,48,30.0,13.8,14.0,15,0.0,0.0,44.6,35.0,64.2,62.0,28.0,28.0,15.2,15.5,20,4.2,6
0.5,0.05,0.5,Oklahoma,32.0,32,32,32.0,16.9,17.0,18,0.0,0.0,43.0,44.0,50.4,47.0,37.0,43.0,8.0,8.5,11,0.8,2
0.5,0.25,0.5,Oklahoma,32.0,32,32,32.0,25.9,26.5,28,0.0,0.0,35.6,34.0,39.6,38.0,28.0,28.0,11.0,10.5,15,1.1,3
0.5,0.1,0.5,Oklahoma,32.0,32,32,32.0,21.0,21.0,25,0.0,0.0,37.0,34.0,42.7,42.0,31.0,28.0,9.9,10.0,12,1.3,4
0.5,0.25,1.0,Oklahoma,32.0,32,32,32.0,30.0,30.0,32,0.0,0.0,35.2,34.0,40.6,42.0,28.0,28.0,11.5,11.0,15,1.9,4
0.5,0.1,1.0,Oklahoma,32.0,32,32,32.0,25.6,26.0,27,0.0,0.0,38.4,40.0,43.0,43.0,28.0,28.0,11.1,11.0,13,2.0,5
0.5,0.05,1.0,Oklahoma,32.0,32,32,32.0,19.5,20.0,21,0.0,0.0,41.8,42.0,48.0,44.0,28.0,28.0,8.6,8.5,12,2.4,5
1.0,0.05,0.5,Oklahoma,32.0,32,32,32.0,24.5,25.0,27,0.0,0.0,40.2,42.0,46.0,44.0,33.9,28.0,10.0,9.5,13,3.0,5
1.0,0.1,0.5,Oklahoma,32.0,32,32,32.0,27.6,28.0,30,0.0,0.0,40.4,42.0,45.3,44.0,28.0,28.0,12.5,11.5,17,3.1,5
1.0,0.25,0.5,Oklahoma,32.0,32,32,32.0,31.1,31.0,35,0.0,0.0,35.2,34.0,40.6,42.0,28.0,28.0,16.9,17.0,21,3.3,5
0.5,0.05,2.0,Oklahoma,32.0,32,32,32.0,30.7,30.5,35,0.0,0.0,38.2,38.0,42.9,44.0,32.5,28.0,9.5,10.5,11,3.7,5
1.0,0.05,2.0,Oklahoma,32.0,32,32,32.0,37.7,38.0,41,0.0,0.0,41.0,42.0,44.9,44.0,29.5,28.0,15.8,15.0,23,4.0,5
2.0,0.05,2.0,Oklahoma,32.0,32,32,32.0,41.1,40.5,44,0.0,0.0,41.0,42.0,45.8,44.0,28.0,28.0,15.9,15.0,22,4.2,6
0.5,0.25,2.0,Oklahoma,32.0,32,32,32.0,36.6,36.0,40,0.0,0.0,35.2,34.0,41.0,42.0,28.0,28.0,13.6,12.5,17,4.3,5
1.0,0.05,1.0,Oklahoma,32.0,32,32,32.0,31.8,32.0,35,0.0,0.0,42.4,42.0,45.0,44.0,35.5,35.5,10.6,10.0,15,4.6,7
1.0,0.1,1.0,Oklahoma,32.0,32,32,32.0,35.2,35.0,38,0.0,0.0,41.2,42.0,47.0,44.0,28.0,28.0,13.4,13.5,17,4.6,6
0.5,0.1,2.0,Oklahoma,32.0,32,32,32.0,33.6,33.0,37,0.0,0.0,38.4,40.0,42.8,44.0,28.0,28.0,13.8,14.0,16,4.9,6
1.0,0.25,1.0,Oklahoma,32.0,32,32,32.0,36.8,37.0,38,0.0,0.0,35.2,34.0,40.2,40.0,28.0,28.0,15.8,16.0,19,5.0,6
2.0,0.05,0.5,Oklahoma,32.0,32,32,32.0,33.2,33.5,36,0.0,0.0,41.0,42.0,47.0,44.0,31.0,28.0,12.2,12.5,16,5.1,6
2.0,0.25,1.0,Oklahoma,32.0,32,32,32.0,43.8,44.0,45,0.0,0.0,35.6,34.0,41.2,42.0,28.0,28.0,20.6,20.5,25,5.2,7
2.0,0.05,1.0,Oklahoma,32.0,32,32,32.0,37.2,37.0,41,0.0,0.0,39.8,42.0,46.5,44.0,29.5,28.0,14.4,15.0,17,5.3,9
2.0,0.25,2.0,Oklahoma,32.0,32,32,32.0,46.4,46.5,49,0.0,0.0,35.2,34.0,40.6,42.0,28.0,28.0,21.5,21.5,26,5.3,6
2.0,0.1,2.0,Oklahoma,32.0,32,32,32.0,44.4,45.0,46,0.0,0.0,39.6,42.0,45.5,44.0,28.0,28.0,19.0,19.0,24,5.3,7
2.0,0.1,0.5,Oklahoma,32.0,32,32,32.0,37.3,37.5,39,0.0,0.0,39.2,40.0,43.9,43.0,28.0,28.0,14.7,14.5,18,5.3,7
1.0,0.1,2.0,Oklahoma,32.0,32,32,32.0,40.9,41.0,43,0.0,0.0,39.0,42.0,45.2,44.0,28.0,28.0,18.8,19.0,23,5.5,7
2.0,0.25,0.5,Oklahoma,32.0,32,32,32.0,38.2,38.0,41,0.0,0.0,36.8,34.0,41.0,42.0,28.0,28.0,17.0,16.5,20,5.9,7
2.0,0.1,1.0,Oklahoma,32.0,32,32,32.0,41.5,41.0,45,0.0,0.0,39.2,42.0,42.8,44.0,28.0,28.0,18.6,19.0,23,6.0,8
1.0,0.25,2.0,Oklahoma,32.0,32,32,32.0,42.0,41.0,45,0.0,0.0,35.6,34.0,40.0,38.0,28.0,28.0,20.6,20.0,25,6.4,8
0.5,0.1,1.0,Utah,32.3,30,48,30.0,14.1,14.0,15,0.0,0.0,43.9,41.5,63.0,60.0,28.0,28.0,8.7,9.0,11,3.6,5
1.0,0.1,2.0,Utah,32.3,30,48,30.0,14.0,14.0,15,0.0,0.0,42.9,35.0,60.6,56.0,28.0,28.0,13.2,12.5,17,3.9,5
1.0,0.1,2.0,Iowa,32.3,30,45,30.0,30.6,30.5,37,5.5,10.0,39.8,38.0,44.7,45.0,32.9,33.0,105.7,104.5,125,56.2,61
0.5,0.25,0.5,Iowa,32.4,30,38,30.0,26.7,27.0,29,4.4,7.0,38.5,38.0,41.0,40.0,29.0,28.0,93.5,94.0,103,56.2,60
1.0,0.1,1.0,Utah,32.6,30,56,30.0,14.1,14.0,15,0.0,0.0,45.6,35.0,63.2,61.0,28.0,28.0,13.6,13.5,17,3.8,4
0.5,0.25,1.0,South Dakota,33.0,33,33,33.0,42.2,42.0,44,0.0,0.0,36.3,36.0,37.0,37.0,40.1,39.0,8.0,8.0,10,3.0,4
0.5,0.25,0.5,New Mexico,33.0,33,33,33.0,8.9,9.0,10,0.0,0.0,33.0,33.0,34.0,33.0,28.0,28.0,25.9,24.5,33,4.3,5
0.5,0.1,0.5,New Mexico,33.0,33,33,33.0,8.8,9.0,11,0.0,0.0,33.0,33.0,36.5,33.0,28.0,28.0,24.9,24.5,30,4.3,6
2.0,0.25,1.0,South Dakota,33.0,33,33,33.0,46.7,47.0,48,0.0,0.0,36.3,36.0,37.0,37.0,37.5,37.5,11.3,11.5,16,4.4,5
2.0,0.25,2.0,South Dakota,33.0,33,33,33.0,47.6,47.5,49,0.0,0.0,36.7,37.0,37.0,37.0,42.1,45.0,11.2,11.0,16,4.7,6
0.5,0.05,0.5,New Mexico,33.0,33,33,33.0,8.1,8.0,10,0.0,0.0,33.0,33.0,52.2,55.0,28.0,28.0,24.3,24.0,29,4.8,6
1.0,0.05,2.0,New Mexico,33.0,33,33,33.0,11.1,11.0,13,0.0,0.0,33.2,33.0,43.7,35.0,28.0,28.0,33.3,33.0,42,5.0,7
1.0,0.05,0.5,New Mexico,33.0,33,33,33.0,9.7,10.0,12,0.0,0.0,33.0,33.0,52.3,55.0,28.0,28.0,30.2,30.5,33,5.0,7
2.0,0.1,2.0,New Mexico,33.0,33,33,33.0,11.3,12.0,13,0.0,0.0,33.0,33.0,42.8,38.0,28.0,28.0,36.7,37.0,39,5.1,7
0.5,0.1,2.0,New Mexico,33.0,33,33,33.0,10.7,11.0,12,0.0,0.0,33.0,33.0,43.7,38.0,28.0,28.0,34.8,34.5,42,5.1,6
2.0,0.1,1.0,New Mexico,33.0,33,33,33.0,11.2,11.5,13,0.0,0.0,33.0,33.0,41.1,33.0,28.0,28.0,35.5,35.0,40,5.3,7
2.0,0.25,1.0,New Mexico,33.0,33,33,33.0,11.6,12.0,12,0.0,0.0,33.0,33.0,33.0,33.0,28.0,28.0,39.1,38.5,42,5.4,6
0.5,0.25,1.0,New Mexico,33.0,33,33,33.0,10.4,10.5,12,0.0,0.0,33.0,33.0,33.0,33.0,28.0,28.0,28.0,28.0,31,5.5,7
1.0,0.25,0.5,New Mexico,33.0,33,33,33.0,10.5,11.0,12,0.0,0.0,33.0,33.0,33.0,33.0,28.0,28.0,33.1,33.5,36,5.5,7
0.5,0.25,2.0,New Mexico,33.0,33,33,33.0,11.5,11.5,13,0.0,0.0,33.0,33.0,34.0,33.0,28.0,28.0,36.1,35.5,42,5.5,7
2.0,0.25,2.0,New Mexico,33.0,33,33,33.0,11.4,12.0,13,0.0,0.0,33.0,33.0,34.0,33.0,28.0,28.0,39.2,38.5,47,5.5,8
0.5,0.1,1.0,New Mexico,33.0,33,33,33.0,9.5,9.0,11,0.0,0.0,33.0,33.0,42.8,38.0,28.0,28.0,27.5,27.5,32,5.5,7
1.0,0.1,2.0,New Mexico,33.0,33,33,33.0,10.5,11.0,12,0.0,0.0,33.0,33.0,38.4,33.0,28.0,28.0,36.0,36.0,41,5.5,7
0.5,0.05,2.0,New Mexico,33.0,33,33,33.0,10.2,10.0,12,0.0,0.0,33.0,33.0,44.8,33.0,28.0,28.0,32.1,31.5,39,5.6,7
2.0,0.25,0.5,New Mexico,33.0,33,33,33.0,11.1,11.0,13,0.0,0.0,33.0,33.0,35.5,33.0,28.0,28.0,37.9,38.0,42,5.6,7
2.0,0.05,0.5,New Mexico,33.0,33,33,33.0,9.8,10.0,12,0.0,0.0,33.0,33.0,43.9,33.0,28.0,28.0,35.7,35.5,41,5.7,8
1.0,0.1,0.5,New Mexico,33.0,33,33,33.0,9.7,10.0,11,0.0,0.0,33.0,33.0,44.1,43.0,28.0,28.0,31.9,32.0,35,5.7,7
1.0,0.25,2.0,New Mexico,33.0,33,33,33.0,10.8,11.5,12,0.0,0.0,33.0,33.0,33.0,33.0,28.0,28.0,39.2,38.0,43,5.8,8
1.0,0.25,1.0,New Mexico,33.0,33,33,33.0,11.1,11.5,13,0.0,0.0,33.0,33.0,35.2,33.0,28.0,28.0,37.5,38.0,40,5.8,8
2.0,0.05,2.0,New Mexico,33.0,33,33,33.0,9.8,10.0,13,0.0,0.0,33.0,33.0,41.8,33.0,28.0,28.0,37.4,37.0,46,5.8,7
2.0,0.05,1.0,New Mexico,33.0,33,33,33.0,10.1,10.0,12,0.0,0.0,33.6,33.0,44.3,35.0,28.0,28.0,35.6,36.0,43,5.9,7
1.0,0.1,1.0,New Mexico,33.0,33,33,33.0,10.7,11.0,13,0.0,0.0,33.0,33.0,43.8,43.0,28.0,28.0,35.9,35.5,41,5.9,7
0.5,0.05,1.0,New Mexico,33.0,33,33,33.0,8.9,9.0,10,0.0,0.0,33.4,33.0,53.3,55.0,28.0,28.0,28.0,28.0,34,6.1,8
1.0,0.05,1.0,New Mexico,33.0,33,33,33.0,9.8,9.5,12,0.0,0.0,33.2,33.0,51.1,55.0,28.0,28.0,33.5,33.5,40,6.3,9
2.0,0.1,0.5,New Mexico,33.0,33,33,33.0,10.0,10.0,12,0.0,0.0,33.0,33.0,43.6,33.0,28.0,28.0,37.0,37.0,42,6.5,8
0.5,0.1,1.0,Minnesota,33.0,33,33,33.0,26.7,26.5,31,0.1,1.0,34.3,33.0,36.6,34.0,38.5,43.0,53.6,53.5,61,41.9,48
1.0,0.1,0.5,Minnesota,33.0,33,33,33.0,26.4,26.0,31,0.0,0.0,33.1,33.0,35.4,34.0,39.8,38.0,54.5,55.0,63,42.0,49
2.0,0.05,2.0,Minnesota,33.0,33,33,33.0,29.8,28.5,36,0.2,1.0,35.2,34.0,40.4,44.0,45.4,46.0,55.4,56.5,62,42.3,47
2.0,0.1,2.0,Minnesota,33.0,33,33,33.0,30.7,29.5,38,0.0,0.0,33.5,33.5,38.2,35.5,41.5,43.0,59.5,57.5,78,42.6,47
0.5,0.1,0.5,Minnesota,33.0,33,33,33.0,23.8,24.0,28,1.5,9.0,35.5,33.5,39.0,39.5,38.4,40.0,51.2,51.5,56,43.2,48
2.0,0.1,0.5,Minnesota,33.0,33,33,33.0,28.9,28.0,37,0.0,0.0,33.5,33.5,38.4,36.5,39.4,41.0,60.7,59.5,68,44.0,50
1.0,0.25,0.5,Minnesota,33.0,33,33,33.0,24.5,24.5,31,0.0,0.0,33.2,33.0,35.1,34.0,30.0,28.0,60.2,59.0,69,46.3,55
1.0,0.1,1.0,Minnesota,33.0,33,33,33.0,26.2,24.5,34,0.2,2.0,33.8,33.5,37.9,34.5,36.4,35.0,61.3,61.5,69,46.4,50
0.5,0.25,0.5,Minnesota,33.0,33,33,33.0,21.6,22.0,26,0.0,0.0,33.3,33.0,35.5,34.0,32.8,28.0,54.4,51.5,64,47.3,52
1.0,0.25,1.0,Minnesota,33.0,33,33,33.0,26.5,26.5,32,0.0,0.0,33.2,33.0,34.4,34.0,31.9,28.0,62.6,62.5,66,47.4,53
0.5,0.25,1.0,Minnesota,33.0,33,33,33.0,23.2,22.5,28,0.0,0.0,33.0,33.0,33.7,34.0,29.4,28.0,58.1,58.0,63,48.1,52
2.0,0.25,1.0,Minnesota,33.0,33,33,33.0,26.6,27.0,30,0.0,0.0,33.0,33.0,33.9,34.0,33.0,35.0,62.8,63.5,67,48.2,52
2.0,0.25,2.0,Minnesota,33.0,33,33,33.0,26.5,27.0,32,0.0,0.0,33.0,33.0,33.8,34.0,29.4,28.0,63.4,61.5,76,48.5,54
1.0,0.25,2.0,Minnesota,33.0,33,33,33.0,25.9,25.5,31,0.0,0.0,33.1,33.0,34.7,34.0,30.8,28.0,64.0,62.0,81,48.9,53
2.0,0.25,0.5,Minnesota,33.0,33,33,33.0,26.0,26.5,30,0.0,0.0,33.1,33.0,34.0,34.0,30.4,28.0,62.8,62.0,68,49.1,52
0.5,0.25,2.0,Minnesota,33.0,33,33,33.0,23.9,24.0,29,0.0,0.0,33.2,33.0,35.3,34.0,29.0,28.0,65.1,63.0,80,49.6,55
2.0,0.05,0.5,Minnesota,33.1,33,34,33.0,30.8,30.5,38,0.2,1.0,36.1,34.0,39.7,38.0,43.0,44.5,57.0,57.0,66,40.5,46
1.0,0.1,2.0,Minnesota,33.1,33,34,33.0,31.0,31.0,35,0.1,1.0,34.6,33.0,36.3,34.0,39.9,42.0,60.3,60.0,67,42.7,48
0.5,0.1,2.0,Minnesota,33.1,33,34,33.0,26.4,26.5,31,0.1,1.0,33.9,34.0,40.4,44.0,42.7,43.0,59.3,59.0,68,44.8,48
1.0,0.1,1.0,Iowa,33.2,30,38,30.0,32.3,31.5,38,3.3,9.0,39.9,39.5,42.6,44.0,36.5,33.0,104.8,103.0,120,54.0,58
ALL,ALL,ALL,New Mexico,33.26111111111111,33,38,33.0,10.063888888888888,10.0,14,0.09444444444444444,5.0,35.03055555555556,33.0,45.02777777777778,33.0,28.0,28.0,31.011111111111113,32.0,47,5.205555555555556,9
1.0,0.1,0.5,South Dakota,33.4,33,37,33.0,43.0,42.5,46,0.0,0.0,37.8,37.0,38.5,37.0,40.9,39.0,9.7,10.0,12,2.7,4
2.0,0.25,0.5,South Dakota,33.4,33,37,33.0,47.4,47.5,49,0.0,0.0,37.7,37.0,38.2,37.0,39.3,39.0,10.8,11.0,13,2.9,3
0.5,0.01,0.5,New Mexico,33.4,33,37,33.0,8.3,8.0,12,0.5,3.0,42.4,37.0,56.1,43.5,28.0,28.0,15.8,15.5,22,3.2,5
1.0,0.25,2.0,South Dakota,33.4,33,37,33.0,47.7,47.5,50,0.0,0.0,37.7,37.0,38.2,37.0,41.6,42.0,10.8,11.5,15,4.0,5
0.5,0.01,2.0,New Mexico,33.4,33,37,33.0,9.8,10.0,11,0.0,0.0,35.9,37.0,51.9,43.5,28.0,28.0,23.2,22.5,29,4.1,6
2.0,0.01,1.0,New Mexico,33.4,33,37,33.0,9.4,9.0,11,0.2,2.0,38.2,37.0,40.9,37.0,28.0,28.0,27.9,27.5,32,5.1,7
1.0,0.05,0.5,Minnesota,33.4,33,37,33.0,27.5,28.0,35,1.0,4.0,39.2,40.0,41.8,45.0,44.3,46.0,52.9,53.0,64,38.7,43
2.0,0.05,1.0,Minnesota,33.4,33,34,33.0,30.1,30.5,31,0.2,1.0,37.3,37.0,41.0,44.0,45.2,46.0,54.6,54.0,62,41.8,44
2.0,0.1,1.0,Minnesota,33.4,33,37,33.0,29.0,29.5,33,0.0,0.0,34.6,34.0,39.4,40.5,37.6,40.0,59.9,61.0,64,44.6,50
ALL,ALL,ALL,Oklahoma,33.422222222222224,32,66,32.0,30.03611111111111,31.0,49,0.0,0.0,43.97222222222222,42.0,51.45,44.0,34.476323119777156,28.0,11.961002785515321,12.0,26,3.4166666666666665,9
1.0,0.05,2.0,Minnesota,33.5,33,37,33.0,31.4,31.5,37,0.0,0.0,35.1,34.0,40.8,44.0,44.0,46.0,57.3,57.0,70,39.5,47
0.5,0.05,2.0,Minnesota,33.5,33,37,33.0,27.0,27.5,33,0.1,1.0,36.0,34.0,40.4,40.5,44.2,46.0,55.7,54.5,67,42.1,49
1.0,0.05,2.0,Utah,33.6,30,56,30.0,13.6,13.0,17,0.0,0.0,54.3,60.0,70.6,72.0,40.3,28.0,14.8,15.0,19,4.0,5
2.0,0.01,2.0,New Mexico,33.6,33,37,33.0,10.1,10.0,12,0.0,0.0,36.7,37.0,45.7,43.5,28.0,28.0,29.6,28.5,37,4.2,5
1.0,0.05,2.0,Illinois,33.7,31,58,31.0,56.4,56.0,61,0.0,0.0,61.1,60.0,66.1,65.0,28.0,28.0,14.8,14.5,20,5.0,8
1.0,0.25,0.5,South Dakota,33.8,33,37,33.0,43.6,44.0,45,0.0,0.0,38.3,37.0,39.0,37.0,40.8,39.0,9.4,10.0,12,2.8,4
0.5,0.25,2.0,South Dakota,33.8,33,37,33.0,45.6,46.0,47,0.0,0.0,37.6,37.0,38.8,37.0,40.7,39.0,11.0,10.5,17,2.8,5
1.0,0.25,1.0,South Dakota,33.8,33,37,33.0,46.9,47.0,49,0.0,0.0,38.0,37.0,38.9,37.0,42.3,45.0,12.7,12.0,17,3.3,5
1.0,0.1,2.0,South Dakota,33.8,33,37,33.0,45.1,45.5,48,0.0,0.0,38.8,37.0,40.6,37.0,42.7,42.0,10.8,11.0,13,4.3,6
2.0,0.01,0.5,New Mexico,33.8,33,37,33.0,10.0,10.0,13,0.7,5.0,43.9,37.0,64.1,54.0,28.0,28.0,23.3,22.5,36,4.6,7
1.0,0.05,1.0,Minnesota,33.9,33,37,33.0,30.8,32.0,34,0.1,1.0,37.7,35.5,42.4,44.0,45.4,46.0,56.5,58.0,64,39.6,45
0.5,0.25,1.0,Kentucky,34.0,34,34,34.0,41.1,41.0,48,0.0,0.0,42.0,42.0,51.7,53.0,49.0,49.0,20.4,21.0,24,9.2,13
0.5,0.25,2.0,Kentucky,34.0,34,34,34.0,45.8,45.0,50,0.0,0.0,42.0,42.0,53.3,53.0,49.8,49.0,30.9,31.0,34,12.5,15
2.0,0.25,2.0,Kentucky,34.0,34,34,34.0,43.8,42.5,49,0.0,0.0,42.0,42.0,51.9,53.0,28.0,28.0,35.2,36.0,41,15.2,20
1.0,0.25,1.0,Kentucky,34.0,34,34,34.0,41.0,40.0,46,0.0,0.0,42.0,42.0,51.8,50.0,49.0,49.0,31.8,31.5,37,16.8,21
2.0,0.25,1.0,Kentucky,34.0,34,34,34.0,42.2,42.5,46,0.0,0.0,42.0,42.0,51.2,50.0,28.0,28.0,36.0,35.5,40,17.0,22
1.0,0.25,2.0,Kentucky,34.0,34,34,34.0,42.0,42.5,45,0.0,0.0,42.0,42.0,53.4,53.0,42.7,49.0,33.9,33.0,43,17.5,21
0.5,0.1,0.5,Iowa,34.0,30,38,34.0,30.8,30.0,36,2.8,7.0,40.3,40.0,42.7,43.0,35.1,33.0,88.0,88.5,100,49.7,55
2.0,0.1,0.5,Iowa,34.0,30,38,34.0,33.7,34.0,38,3.3,7.0,40.1,39.0,43.0,43.0,37.3,38.5,102.3,102.5,120,53.1,58
2.0,0.1,2.0,Iowa,34.0,30,38,34.0,30.3,30.5,35,3.3,7.0,41.0,39.0,44.3,45.0,33.0,30.5,107.9,108.0,117,56.6,63
2.0,0.05,0.5,Utah,34.1,30,48,30.0,13.8,14.0,16,0.0,0.0,56.7,63.0,72.8,72.0,31.4,28.0,14.5,14.0,18,3.8,5
0.5,0.05,0.5,Minnesota,34.1,33,37,33.5,26.6,26.5,33,0.7,4.0,40.1,40.5,43.8,45.0,43.6,46.0,47.8,46.5,59,37.5,42
0.5,0.05,1.0,Minnesota,34.1,33,37,33.5,27.9,27.5,31,0.0,0.0,37.5,37.0,45.2,45.5,46.0,46.0,49.9,49.0,56,38.7,43
0.5,0.25,0.5,South Dakota,34.2,33,37,33.0,38.6,38.0,40,0.0,0.0,38.0,37.0,39.6,37.0,41.5,39.0,7.1,7.5,8,2.6,3
0.5,0.1,1.0,South Dakota,34.2,33,37,33.0,42.3,42.0,44,0.0,0.0,39.6,37.0,40.7,37.0,42.5,42.0,7.1,6.5,13,2.8,4
1.0,0.01,2.0,New Mexico,34.2,33,37,33.0,9.2,9.0,14,0.5,4.0,43.5,37.0,67.9,64.0,28.0,28.0,27.6,27.5,33,5.2,7
2.0,0.01,1.0,Oklahoma,34.4,32,44,32.0,24.2,23.5,30,0.0,0.0,68.8,63.0,87.9,69.0,41.2,28.0,6.7,5.5,11,1.5,4
0.5,0.01,1.0,New Mexico,34.4,33,37,33.0,8.8,8.5,12,0.1,1.0,37.8,37.0,51.9,49.0,28.0,28.0,19.9,19.0,26,4.1,7
2.0,0.05,1.0,Utah,34.5,30,70,30.0,14.2,14.0,16,0.0,0.0,60.3,65.0,72.4,72.0,33.4,28.0,14.4,14.0,18,3.8,5
0.5,0.05,2.0,Utah,34.5,30,70,30.0,13.1,13.0,15,0.0,0.0,52.3,48.0,71.8,72.0,32.9,28.0,14.1,14.0,17,4.1,5
1.0,0.1,1.0,South Dakota,34.6,33,37,33.0,46.1,46.0,49,0.0,0.0,40.9,37.0,42.8,37.0,45.0,45.0,12.3,12.0,16,2.9,4
2.0,0.05,0.5,Iowa,34.7,30,45,34.0,33.5,33.0,43,2.8,10.0,41.8,41.5,44.9,45.0,37.9,37.0,101.9,100.5,111,52.9,62
0.5,0.25,0.5,Kentucky,34.8,34,42,34.0,32.0,32.5,35,0.2,2.0,43.1,42.0,51.6,53.0,49.0,49.0,14.6,15.0,20,8.6,11
1.0,0.25,0.5,Kentucky,34.8,34,42,34.0,43.4,44.5,47,0.2,2.0,42.8,42.0,53.9,53.0,42.7,49.0,25.4,25.5,32,11.0,16
2.0,0.25,0.5,Kentucky,34.8,34,42,34.0,42.9,43.5,47,0.2,2.0,43.1,42.0,52.7,53.0,28.0,28.0,30.3,28.5,36,15.2,20
0.5,0.1,2.0,Iowa,34.8,30,38,38.0,33.9,35.0,38,2.2,7.0,41.2,42.5,44.4,45.0,35.7,33.0,99.1,95.5,113,51.9,56
2.0,0.05,2.0,Iowa,34.8,30,38,38.0,32.4,32.0,39,2.4,7.0,42.2,45.0,45.4,46.0,36.6,33.0,105.5,104.5,115,54.5,57
0.5,0.1,0.5,South Dakota,35.0,33,37,35.0,37.2,37.0,39,0.0,0.0,41.4,40.5,43.2,41.0,46.3,47.5,6.6,6.5,9,1.8,3
2.0,0.1,0.5,South Dakota,35.0,33,37,35.0,46.7,47.0,48,0.0,0.0,39.0,37.5,42.0,41.0,44.6,47.5,11.7,11.5,16,2.5,3
2.0,0.1,2.0,South Dakota,35.0,33,37,35.0,46.4,46.0,48,0.0,0.0,42.0,42.0,43.6,43.0,46.3,47.5,11.1,11.0,16,4.5,6
1.0,0.01,1.0,New Mexico,35.0,33,37,35.0,10.0,9.5,13,0.6,4.0,44.0,37.0,58.3,49.0,28.0,28.0,21.8,24.0,28,4.6,6
ALL,ALL,ALL,Minnesota,35.01111111111111,33,46,33.0,28.288888888888888,28.0,41,0.14444444444444443,9.0,37.830555555555556,34.0,41.672222222222224,44.0,41.68888888888889,43.0,54.891666666666666,56.0,81,41.09722222222222,55
1.0,0.01,0.5,Oklahoma,35.1,32,63,32.0,14.6,14.5,19,0.0,0.0,53.4,45.5,67.1,66.0,54.7,43.0,4.1,4.0,7,1.4,4
1.0,0.01,0.5,New Mexico,35.2,33,38,35.0,9.5,9.0,12,0.8,4.0,46.3,38.0,75.3,82.5,28.0,28.0,21.0,21.0,24,4.3,6
0.5,0.1,2.0,South Dakota,35.4,33,37,37.0,45.9,46.0,48,0.0,0.0,42.7,45.5,45.1,47.0,46.5,50.0,9.6,9.0,13,2.5,5
2.0,0.1,1.0,South Dakota,35.4,33,37,37.0,46.5,46.5,49,0.0,0.0,42.3,44.0,43.9,46.0,45.3,50.0,12.2,13.0,15,3.8,5
2.0,0.05,2.0,South Dakota,35.4,33,37,37.0,44.5,45.0,47,0.0,0.0,44.1,47.0,47.1,52.0,50.1,50.0,12.2,12.5,15,4.9,7
2.0,0.1,1.0,Iowa,35.5,30,45,38.0,31.0,28.5,39,2.6,7.0,41.7,42.0,43.7,45.0,31.9,30.5,105.6,106.0,114,55.9,61
0.5,0.1,0.5,Kentucky,35.6,34,42,34.0,31.6,31.5,35,0.2,2.0,47.6,42.0,68.3,70.0,53.9,49.0,12.7,12.0,18,4.7,8
0.5,0.1,2.0,Kentucky,35.6,34,42,34.0,45.7,46.5,49,0.4,2.0,48.2,42.0,65.5,66.0,38.5,38.5,28.1,27.5,32,8.4,11
2.0,0.1,1.0,Kentucky,35.6,34,42,34.0,46.3,45.5,51,0.4,2.0,46.3,42.0,68.6,70.0,30.1,28.0,27.6,28.0,31,9.6,12
2.0,0.05,2.0,Kentucky,35.6,34,42,34.0,44.2,44.0,47,0.0,0.0,56.9,42.0,75.8,78.0,32.2,28.0,26.9,25.5,37,10.0,15
1.0,0.1,2.0,Kentucky,35.6,34,42,34.0,46.2,45.5,51,0.4,2.0,51.2,42.0,63.7,66.5,42.3,38.5,26.4,27.0,34,10.0,16
1.0,0.1,1.0,Kentucky,35.6,34,42,34.0,45.0,46.0,50,0.4,2.0,50.4,42.0,64.0,61.5,46.9,49.0,25.6,25.0,34,10.6,18
2.0,0.1,2.0,Kentucky,35.6,34,42,34.0,45.4,45.5,49,0.5,3.0,48.3,42.0,66.7,66.0,39.3,28.0,29.8,29.0,37,11.3,15
0.5,0.05,1.0,Utah,35.7,30,72,30.0,13.6,13.0,16,0.0,0.0,59.8,65.0,72.5,72.0,36.1,28.0,10.2,10.5,13,3.3,4
0.5,0.05,2.0,South Dakota,35.8,33,37,37.0,45.5,45.5,47,0.0,0.0,46.3,47.0,49.3,50.5,47.6,50.0,10.3,10.5,13,1.3,3
1.0,0.05,0.5,South Dakota,35.8,33,37,37.0,42.8,42.5,44,0.0,0.0,44.6,47.0,48.4,51.5,49.3,50.0,8.7,8.0,12,1.5,3
2.0,0.05,0.5,South Dakota,35.8,33,37,37.0,45.4,46.0,47,0.0,0.0,43.4,45.5,46.0,48.0,47.4,50.0,11.7,11.5,15,2.2,4
1.0,0.05,2.0,South Dakota,35.8,33,37,37.0,44.3,44.0,46,0.0,0.0,44.0,47.0,48.5,50.5,47.9,50.0,12.2,11.5,19,3.0,5
0.5,0.01,1.0,Oklahoma,36.1,32,63,32.0,12.1,12.0,17,0.0,0.0,59.4,64.5,68.9,69.0,45.5,43.0,2.5,2.0,5,0.2,2
0.5,0.05,0.5,Illinois,36.2,31,60,31.0,36.5,36.5,39,0.0,0.0,60.8,60.0,65.6,65.0,77.7,78.0,6.1,6.0,8,2.3,4
1.0,0.05,1.0,Utah,36.2,30,69,30.0,14.0,14.0,17,0.0,0.0,55.3,58.0,70.2,72.0,33.4,28.0,15.5,16.0,21,3.7,6
2.0,0.05,1.0,South Dakota,36.2,33,37,37.0,45.0,45.0,47,0.0,0.0,45.3,47.0,48.6,49.0,50.5,50.0,12.4,12.0,16,4.4,6
0.5,0.01,0.5,Oklahoma,36.3,32,63,32.0,8.0,8.0,12,0.0,0.0,54.9,47.0,68.8,65.5,58.666666666666664,43.0,2.6666666666666665,3.0,4,0.2,1
1.0,0.05,0.5,Iowa,36.3,30,45,38.0,30.9,30.5,35,1.7,6.0,42.8,45.0,45.2,46.0,38.7,38.5,89.8,87.5,101,51.9,55
0.5,0.1,1.0,Kentucky,36.4,34,42,34.0,40.5,39.5,45,0.6,2.0,49.3,42.0,69.1,70.0,49.9,49.0,18.4,18.5,21,5.3,8
1.0,0.1,0.5,Kentucky,36.4,34,42,34.0,43.5,44.0,49,0.6,2.0,49.5,42.0,61.1,55.0,40.0,38.5,21.1,20.5,27,7.3,14
2.0,0.05,0.5,Kentucky,36.4,34,42,34.0,44.2,44.5,49,0.6,2.0,60.6,66.0,76.9,78.0,60.1,49.0,24.3,23.0,31,9.3,15
2.0,0.1,0.5,Kentucky,36.4,34,42,34.0,45.3,45.5,48,0.1,1.0,48.8,42.0,65.7,66.0,32.2,28.0,29.4,29.5,36,10.9,16
0.5,0.25,1.0,Wisconsin,36.5,36,41,36.0,47.7,47.0,53,0.0,0.0,37.2,36.0,37.7,36.0,38.2,37.5,89.5,90.0,99,16.8,20
ALL,ALL,ALL,Iowa,36.5,30,70,38.0,30.06111111111111,30.0,43,2.7333333333333334,12.0,42.85,43.0,46.583333333333336,45.0,38.59444444444444,33.0,96.53055555555555,98.0,132,53.763888888888886,66
0.5,0.05,2.0,Iowa,36.5,30,45,38.0,31.8,34.0,38,1.9,7.0,42.9,45.0,45.7,46.0,38.8,40.0,98.8,99.5,112,54.0,63
0.5,0.01,2.0,Oklahoma,36.6,32,66,32.0,18.2,18.5,20,0.0,0.0,62.3,66.0,74.9,71.5,54.0,28.0,3.4,3.5,6,0.9,2
1.0,0.01,2.0,Oklahoma,36.6,32,66,32.0,25.5,24.5,30,0.0,0.0,58.3,63.0,73.3,71.5,70.9,28.0,6.3,6.0,10,2.5,5
2.0,0.01,2.0,Oklahoma,36.6,32,66,32.0,26.9,27.5,32,0.0,0.0,60.7,63.0,76.2,75.0,45.8,28.0,8.6,7.5,15,3.1,5
2.0,0.25,1.0,Wisconsin,36.6,36,42,36.0,50.8,51.0,54,0.0,0.0,37.0,36.0,39.3,40.0,43.7,46.5,95.2,94.5,103,14.0,17
2.0,0.01,0.5,Minnesota,36.8,33,46,37.0,32.6,32.0,37,0.1,1.0,43.9,46.0,49.5,49.0,46.0,47.5,50.4,49.0,58,33.0,38
2.0,0.25,2.0,Wisconsin,36.9,36,42,36.0,49.7,49.5,53,0.0,0.0,38.8,39.0,40.3,42.0,40.0,37.0,93.2,94.0,104,15.2,18
0.5,0.05,0.5,South Dakota,37.0,37,37,37.0,36.9,37.0,39,0.0,0.0,46.3,47.0,50.5,50.5,57.4,50.0,5.9,5.0,9,0.9,2
0.5,0.05,1.0,South Dakota,37.0,37,37,37.0,41.3,41.5,43,0.0,0.0,47.4,47.0,53.4,54.0,51.9,50.0,7.4,7.0,10,1.1,4
0.5,0.05,0.5,Kansas,37.0,37,37,37.0,38.8,39.5,43,0.0,0.0,40.0,40.0,42.6,43.0,28.0,28.0,21.9,21.0,28,14.9,19
0.5,0.25,0.5,Florida,37.0,37,37,37.0,14.3,14.5,17,0.3,1.0,49.3,49.0,69.4,71.0,63.0,60.0,12.1,12.0,16,16.3,19
0.5,0.1,0.5,Kansas,37.0,37,37,37.0,43.0,43.5,46,0.0,0.0,39.4,39.0,41.4,41.0,28.0,28.0,20.8,21.0,25,16.6,19
0.5,0.25,1.0,Florida,37.0,37,37,37.0,14.2,14.0,18,0.6,1.0,58.6,58.0,66.1,70.5,68.6,72.0,15.9,15.5,20,17.6,20
1.0,0.25,0.5,Florida,37.0,37,37,37.0,15.1,15.0,18,0.5,1.0,56.8,53.5,64.3,70.5,63.6,66.0,17.8,17.5,22,20.2,22
0.5,0.05,1.0,Kansas,37.0,37,37,37.0,43.3,43.5,46,0.0,0.0,40.0,39.0,42.7,41.0,28.0,28.0,28.7,29.5,32,20.6,24
0.5,0.05,2.0,Kansas,37.0,37,37,37.0,50.0,50.5,55,0.0,0.0,39.6,39.0,42.3,42.0,28.0,28.0,29.9,29.5,35,21.0,26
0.5,0.25,0.5,Kansas,37.0,37,37,37.0,44.4,44.5,47,0.0,0.0,39.0,39.0,41.0,41.0,28.0,28.0,22.3,23.0,25,21.1,24
0.5,0.1,2.0,Kansas,37.0,37,37,37.0,52.7,54.0,56,0.0,0.0,39.0,39.0,41.0,41.0,28.0,28.0,30.5,31.0,35,21.1,26
1.0,0.05,0.5,Kansas,37.0,37,37,37.0,46.6,46.5,50,0.0,0.0,40.0,39.0,41.8,41.0,31.4,28.0,32.0,32.0,39,21.3,27
0.5,0.25,2.0,Florida,37.0,37,37,37.0,14.6,14.0,17,0.5,1.0,54.0,54.0,65.3,68.0,68.7,75.5,24.3,23.5,31,21.4,24
1.0,0.05,1.0,Kansas,37.0,37,37,37.0,50.8,51.0,55,0.0,0.0,40.0,39.0,42.1,41.0,29.7,28.0,33.7,32.5,43,21.4,25
0.5,0.1,1.0,Kansas,37.0,37,37,37.0,44.7,44.0,50,0.0,0.0,39.4,39.0,41.4,41.0,28.0,28.0,26.9,27.0,36,21.7,25
1.0,0.1,0.5,Kansas,37.0,37,37,37.0,48.5,49.5,52,0.0,0.0,39.6,39.0,41.6,41.0,28.0,28.0,27.6,27.5,34,21.9,26
1.0,0.1,1.0,Kansas,37.0,37,37,37.0,52.5,51.5,57,0.0,0.0,39.2,39.0,41.2,41.0,28.0,28.0,32.1,30.5,41,22.0,26
1.0,0.25,1.0,Florida,37.0,37,37,37.0,14.1,14.0,17,0.0,0.0,45.4,49.0,60.1,58.0,53.0,50.0,25.2,24.5,29,22.2,24
1.0,0.25,2.0,Florida,37.0,37,37,37.0,13.8,14.0,16,0.3,1.0,55.6,49.5,68.0,71.0,43.2,28.0,30.0,30.0,34,22.5,25
2.0,0.25,2.0,Florida,37.0,37,37,37.0,14.1,14.5,16,0.4,1.0,56.5,49.0,68.4,72.0,66.1,60.0,28.1,28.5,31,22.8,26
2.0,0.25,0.5,Florida,37.0,37,37,37.0,13.0,12.5,15,0.7,1.0,59.0,58.0,68.8,71.0,71.7,78.0,25.3,24.5,33,23.2,24
0.5,0.25,1.0,Kansas,37.0,37,37,37.0,46.0,46.0,49,0.0,0.0,39.2,39.0,41.2,41.0,28.0,28.0,25.7,25.5,28,23.3,26
1.0,0.25,1.0,Kansas,37.0,37,37,37.0,52.7,53.5,55,0.0,0.0,39.0,39.0,41.0,41.0,28.0,28.0,29.6,30.0,35,23.4,28
2.0,0.1,1.0,Kansas,37.0,37,37,37.0,53.4,53.0,57,0.0,0.0,39.4,39.0,41.4,41.0,28.0,28.0,39.6,40.5,47,23.6,28
1.0,0.05,2.0,Kansas,37.0,37,37,37.0,50.3,51.0,55,0.0,0.0,41.0,41.0,43.0,43.0,28.0,28.0,34.1,34.5,39,23.7,27
2.0,0.05,0.5,Kansas,37.0,37,37,37.0,50.0,50.0,53,0.0,0.0,40.2,41.0,42.8,43.0,29.7,28.0,36.2,35.5,45,23.7,28
1.0,0.25,0.5,Kansas,37.0,37,37,37.0,50.1,50.0,53,0.0,0.0,39.0,39.0,41.0,41.0,28.0,28.0,29.2,29.0,33,23.9,26
2.0,0.05,1.0,Kansas,37.0,37,37,37.0,52.1,53.0,57,0.0,0.0,40.4,41.0,43.7,43.0,28.0,28.0,40.2,41.0,45,24.1,30
1.0,0.1,2.0,Kansas,37.0,37,37,37.0,52.9,53.0,55,0.0,0.0,39.4,39.0,41.4,41.0,28.0,28.0,34.7,33.5,43,24.2,26
0.5,0.25,2.0,Kansas,37.0,37,37,37.0,52.1,52.0,54,0.0,0.0,39.0,39.0,41.0,41.0,28.0,28.0,29.8,30.0,32,24.4,26
2.0,0.25,1.0,Florida,37.0,37,37,37.0,12.0,12.0,15,0.3,1.0,54.3,49.0,65.8,70.5,54.1,50.0,29.0,29.0,33,24.8,27
2.0,0.1,0.5,Kansas,37.0,37,37,37.0,51.1,50.5,54,0.0,0.0,39.4,39.0,41.4,41.0,28.0,28.0,37.5,36.0,46,24.8,27
1.0,0.25,2.0,Kansas,37.0,37,37,37.0,53.6,53.0,58,0.0,0.0,39.0,39.0,41.0,41.0,28.0,28.0,33.6,34.0,39,24.9,27
2.0,0.05,2.0,Kansas,37.0,37,37,37.0,51.4,52.0,55,0.0,0.0,39.6,39.0,41.6,41.0,28.0,28.0,44.4,44.5,48,24.9,29
2.0,0.1,2.0,Kansas,37.0,37,37,37.0,52.6,53.0,56,0.0,0.0,39.6,39.0,41.6,41.0,28.0,28.0,46.1,45.0,59,25.0,30
2.0,0.25,1.0,Kansas,37.0,37,37,37.0,53.4,53.0,57,0.0,0.0,39.0,39.0,41.0,41.0,28.0,28.0,38.8,39.0,42,25.6,29
2.0,0.25,0.5,Kansas,37.0,37,37,37.0,51.9,52.0,56,0.0,0.0,39.0,39.0,41.0,41.0,28.0,28.0,35.7,35.0,40,25.7,28
2.0,0.25,2.0,Kansas,37.0,37,37,37.0,53.6,53.5,58,0.0,0.0,39.0,39.0,41.0,41.0,28.0,28.0,42.5,42.0,48,25.8,29
1.0,0.05,2.0,Iowa,37.0,30,45,38.0,33.3,32.0,38,2.5,12.0,43.1,45.0,45.0,46.0,40.2,47.0,99.3,98.0,109,53.2,58
1.0,0.05,1.0,South Dakota,37.2,33,47,37.0,46.1,46.0,48,0.0,0.0,47.3,47.0,52.5,55.0,62.3,56.0,11.1,11.0,14,1.5,2
2.0,0.25,0.5,Wisconsin,37.2,36,42,36.0,50.4,51.0,54,0.0,0.0,39.4,40.0,41.0,42.0,39.3,38.5,95.5,92.0,113,14.3,19
ALL,ALL,ALL,Illinois,37.33888888888889,31,114,31.0,50.03055555555556,52.0,68,0.011111111111111112,1.0,60.36666666666667,58.0,65.58611111111111,61.0,53.791666666666664,28.0,11.941666666666666,12.0,21,3.7111111111111112,8
ALL,ALL,ALL,Kansas,37.33888888888889,37,50,37.0,47.23888888888889,49.0,58,0.0,0.0,40.875,39.0,43.61666666666667,41.0,29.144444444444446,28.0,31.658333333333335,31.0,59,21.644444444444446,30
0.5,0.25,0.5,Wisconsin,37.4,36,44,36.0,48.0,48.5,50,0.0,0.0,40.0,40.5,41.0,42.5,35.8,37.0,82.0,84.0,94,14.7,17
2.0,0.01,0.5,Kansas,37.4,37,41,37.0,42.9,43.0,48,0.0,0.0,44.3,43.0,47.7,48.0,29.7,28.0,32.7,33.5,37,19.5,25
1.0,0.25,2.0,Wisconsin,37.7,36,47,36.0,50.3,50.0,55,0.0,0.0,39.4,39.0,40.7,42.0,42.2,40.0,96.2,95.0,107,14.6,18
1.0,0.25,1.0,Wisconsin,37.7,36,42,36.0,49.8,49.0,55,0.0,0.0,40.6,42.0,41.7,43.0,41.4,42.0,99.5,100.0,107,15.0,19
1.0,0.25,0.5,Wisconsin,37.7,36,47,36.0,48.6,48.5,52,0.0,0.0,39.9,38.5,41.6,41.5,37.4,37.0,94.8,93.5,102,16.3,21
1.0,0.25,2.0,Wyoming,37.8,35,49,35.0,13.0,13.0,13,0.0,0.0,49.6,49.0,52.6,50.0,109.0,109.0,1.7,2.0,2,1.0,1
1.0,0.25,1.0,Wyoming,37.8,35,49,35.0,12.0,12.0,13,0.0,0.0,49.2,49.0,50.6,50.0,109.0,109.0,1.4,1.0,2,1.0,1
2.0,0.01,1.0,Kansas,37.8,37,43,37.0,44.6,44.5,48,0.0,0.0,45.2,43.0,49.4,50.0,29.7,28.0,34.9,35.5,41,21.8,26
0.5,0.05,0.5,Utah,37.9,30,69,30.0,12.9,13.0,15,0.1,1.0,54.4,59.0,73.0,73.0,37.6,28.0,10.4,10.0,14,3.6,5
2.0,0.05,1.0,Iowa,37.9,30,46,38.0,31.8,31.5,36,1.3,7.0,43.1,45.0,45.8,46.0,42.8,47.0,103.7,104.5,112,55.1,61
0.5,0.05,1.0,Kentucky,38.0,34,42,38.0,38.1,37.5,42,0.5,2.0,65.8,78.0,81.0,82.0,69.7,49.0,16.5,16.5,20,3.6,7
0.5,0.01,1.0,Kansas,38.0,37,43,37.0,36.6,36.0,43,0.0,0.0,43.4,43.0,48.5,49.5,35.7,28.0,21.5,22.0,25,14.4,17
0.5,0.25,2.0,Wisconsin,38.0,36,44,36.0,49.2,49.0,53,0.0,0.0,39.3,37.5,41.3,42.0,42.6,44.5,98.3,98.0,104,15.6,19
0.5,0.01,2.0,Kansas,38.2,37,41,37.0,40.4,40.0,49,0.0,0.0,45.8,46.0,50.0,50.0,33.7,28.0,23.6,23.5,29,16.5,21
1.0,0.01,2.0,Kansas,38.2,37,41,37.0,45.4,45.5,50,0.0,0.0,47.1,49.0,51.2,50.0,29.7,28.0,27.3,27.0,32,19.5,24
ALL,ALL,ALL,South Dakota,38.227777777777774,33,70,37.0,42.65555555555556,44.0,50,0.0,0.0,46.56388888888889,47.0,49.06944444444444,49.0,59.013888888888886,50.0,9.613888888888889,10.0,19,2.713888888888889,7
0.5,0.01,1.0,Minnesota,38.4,33,46,37.0,31.3,31.0,37,0.3,2.0,47.3,46.0,51.0,51.0,51.4,49.0,40.2,39.5,47,30.2,35
1.0,0.1,0.5,Wisconsin,38.5,36,47,36.0,48.0,48.5,50,0.0,0.0,41.2,42.0,43.7,43.0,40.5,39.0,84.6,84.0,99,16.4,20
0.5,0.05,0.5,Iowa,38.5,30,45,38.0,32.0,31.5,38,0.6,6.0,44.3,45.0,45.8,46.0,38.0,39.0,85.2,83.5,95,47.8,52
1.0,0.05,1.0,Iowa,38.5,30,45,38.0,31.9,31.5,36,1.1,6.0,44.0,45.0,45.8,46.0,38.3,40.0,99.4,100.5,114,54.3,58
1.0,0.01,1.0,Kansas,38.6,37,43,37.0,40.7,40.5,45,0.0,0.0,45.1,43.0,49.4,50.0,35.4,28.0,26.9,27.0,32,19.5,24
0.5,0.01,0.5,Kansas,38.7,37,50,37.0,27.6,28.0,30,0.0,0.0,44.4,43.0,50.7,50.0,34.8,28.0,19.4,18.5,26,13.2,16
ALL,ALL,ALL,Utah,38.794444444444444,30,120,30.0,13.51388888888889,14.0,17,0.025,1.0,55.09722222222222,48.0,71.39166666666667,72.0,40.90277777777778,28.0,12.96111111111111,13.0,21,3.397222222222222,7
0.5,0.25,2.0,Michigan,38.8,31,50,34.0,45.3,45.0,47,0.5,1.0,50.6,51.0,52.2,52.0,28.0,28.0,29.2,29.0,34,18.4,20
2.0,0.25,1.0,Arizona,38.9,35,53,35.0,11.0,11.0,11,0.0,0.0,50.1,53.0,60.1,60.0,67.3,69.5,5.0,5.0,8,0.0,0
2.0,0.01,2.0,Kansas,38.9,37,50,37.0,44.5,44.0,50,0.0,0.0,45.3,45.0,50.7,50.0,28.0,28.0,44.0,44.0,50,23.5,30
0.5,0.05,0.5,Louisiana,39.0,39,39,39.0,2.3,2.5,3,0.0,0.0,205.75,232.5,240.0,235.0,,,0.0,0.0,0,0.0,0
0.5,0.25,0.5,Louisiana,39.0,39,39,39.0,2.8,3.0,4,0.0,0.0,161.55555555555554,164.0,199.5,199.5,,,0.0,0.0,0,0.0,0
2.0,0.25,0.5,Arizona,39.0,35,53,38.0,11.0,11.0,11,0.0,0.0,49.9,53.0,63.4,68.0,53.9,50.0,6.5,6.0,8,0.0,0
1.0,0.05,2.0,Louisiana,39.0,39,39,39.0,5.8,6.0,6,0.0,0.0,169.5,172.0,202.4,202.0,28.0,28.0,0.75,1.0,1,0.1,1
0.5,0.1,0.5,Louisiana,39.0,39,39,39.0,2.3,2.0,3,0.0,0.0,222.8,235.0,235.0,235.0,,,0.0,0.0,0,0.1,1
1.0,0.05,0.5,Louisiana,39.0,39,39,39.0,4.0,4.0,5,0.0,0.0,172.0,172.0,224.1,235.0,75.11111111111111,28.0,1.0,1.0,1,0.2,1
1.0,0.05,1.0,Louisiana,39.0,39,39,39.0,4.4,4.5,5,0.0,0.0,167.3,172.0,229.7,235.0,28.0,28.0,0.3333333333333333,0.0,1,0.2,1
0.5,0.25,1.0,Louisiana,39.0,39,39,39.0,4.6,4.5,6,0.0,0.0,150.8,164.0,193.6,172.0,,,0.0,0.0,0,0.3,1
2.0,0.05,0.5,Louisiana,39.0,39,39,39.0,4.7,5.0,6,0.0,0.0,167.1,172.0,226.2,230.0,28.0,28.0,0.5,0.5,1,0.3,1
2.0,0.05,2.0,Louisiana,39.0,39,39,39.0,5.7,6.0,7,0.0,0.0,160.6,172.0,207.8,230.0,,,0.0,0.0,0,0.3,1
0.5,0.1,1.0,Louisiana,39.0,39,39,39.0,4.0,4.0,4,0.0,0.0,157.3,172.0,213.1,230.0,,,0.0,0.0,0,0.3,1
1.0,0.1,2.0,Louisiana,39.0,39,39,39.0,5.9,6.0,7,0.0,0.0,167.1,172.0,219.6,230.0,28.0,28.0,0.7142857142857143,1.0,1,0.3,1
2.0,0.1,2.0,Louisiana,39.0,39,39,39.0,6.3,6.0,7,0.0,0.0,162.2,172.0,184.5,174.0,,,0.0,0.0,0,0.3,1
0.5,0.25,2.0,Louisiana,39.0,39,39,39.0,5.1,5.5,6,0.0,0.0,145.9,143.5,182.2,172.0,240.0,240.0,0.3333333333333333,0.0,1,0.4,1
2.0,0.1,1.0,Louisiana,39.0,39,39,39.0,5.6,6.0,6,0.0,0.0,165.5,172.0,212.6,230.0,28.0,28.0,0.3333333333333333,0.0,1,0.4,1
1.0,0.1,0.5,Louisiana,39.0,39,39,39.0,4.1,4.0,5,0.0,0.0,161.4,172.0,213.1,230.0,28.0,28.0,1.0,1.0,1,0.4,1
2.0,0.1,0.5,Louisiana,39.0,39,39,39.0,4.8,5.0,6,0.0,0.0,161.4,172.0,202.4,202.0,28.0,28.0,0.5,0.5,1,0.4,1
2.0,0.25,1.0,Louisiana,39.0,39,39,39.0,5.7,6.0,7,0.0,0.0,145.9,143.5,187.8,172.0,28.0,28.0,0.6666666666666666,1.0,1,0.5,1
2.0,0.05,1.0,Louisiana,39.0,39,39,39.0,5.4,5.5,7,0.0,0.0,171.2,172.0,221.6,230.0,28.0,28.0,0.625,1.0,1,0.5,1
0.5,0.05,2.0,Louisiana,39.0,39,39,39.0,3.9,4.0,5,0.0,0.0,162.2,172.0,218.9,230.0,28.0,28.0,0.875,1.0,1,0.5,1
2.0,0.25,2.0,Louisiana,39.0,39,39,39.0,6.6,7.0,7,0.0,0.0,137.7,123.0,181.4,172.0,,,0.0,0.0,0,0.5,1
0.5,0.1,2.0,Louisiana,39.0,39,39,39.0,4.5,4.5,5,0.0,0.0,147.5,147.5,201.0,201.0,28.0,28.0,1.0,1.0,1,0.5,1
1.0,0.25,0.5,Louisiana,39.0,39,39,39.0,4.6,4.5,6,0.0,0.0,150.8,164.0,183.2,172.0,28.0,28.0,0.375,0.0,1,0.6,1
1.0,0.25,2.0,Louisiana,39.0,39,39,39.0,5.7,6.0,7,0.0,0.0,151.6,168.0,189.0,173.0,28.0,28.0,0.42857142857142855,0.0,1,0.6,1
0.5,0.05,1.0,Louisiana,39.0,39,39,39.0,3.8,4.0,5,0.0,0.0,167.1,172.0,223.1,230.0,,,0.0,0.0,0,0.6,1
1.0,0.25,1.0,Louisiana,39.0,39,39,39.0,5.0,5.0,6,0.0,0.0,141.8,123.0,177.4,172.0,169.33333333333334,28.0,0.375,0.0,1,0.6,1
2.0,0.25,0.5,Louisiana,39.0,39,39,39.0,4.8,5.0,6,0.0,0.0,164.7,172.0,195.6,174.0,28.0,28.0,0.3333333333333333,0.0,1,0.7,1
1.0,0.1,1.0,Louisiana,39.0,39,39,39.0,4.2,4.0,5,0.0,0.0,167.1,172.0,223.4,230.0,112.8,28.0,0.5555555555555556,1.0,1,0.8,1
0.5,0.01,2.0,Minnesota,39.0,33,46,37.0,30.6,29.0,35,0.1,1.0,46.2,46.0,51.0,50.0,51.3,53.0,46.9,46.5,57,33.7,37
0.5,0.25,1.0,Wyoming,39.2,35,49,35.0,9.9,10.0,11,0.0,0.0,49.3,49.0,50.8,50.0,109.0,109.0,1.0,1.0,1,1.0,1
0.5,0.25,0.5,Wyoming,39.2,35,49,35.0,8.1,8.0,10,0.0,0.0,49.3,49.0,51.0,51.0,109.0,109.0,1.0,1.0,1,1.0,1
2.0,0.25,0.5,Wyoming,39.2,35,49,35.0,13.0,13.0,13,0.0,0.0,49.3,49.0,50.8,50.0,109.0,109.0,1.6,2.0,2,1.0,1
1.0,0.05,1.0,Kentucky,39.2,34,70,34.0,43.8,43.5,48,0.2,2.0,56.6,42.0,77.2,80.0,81.8,57.5,21.2,21.5,24,8.5,14
1.0,0.25,0.5,Arizona,39.4,35,60,36.5,11.0,11.0,11,0.0,0.0,53.8,54.0,65.8,68.0,65.6,50.0,6.4,6.0,8,0.0,0
1.0,0.01,0.5,Kansas,39.4,37,49,37.0,35.4,35.5,40,0.0,0.0,44.5,43.0,48.4,49.0,29.7,28.0,25.3,25.5,30,16.7,20
2.0,0.1,1.0,Florida,39.4,37,61,37.0,14.7,14.5,20,0.9,2.0,69.0,71.0,79.7,80.0,78.5,79.0,30.9,31.0,34,21.4,25
1.0,0.1,0.5,Florida,39.4,37,61,37.0,13.5,13.5,17,0.5,1.0,62.9,63.5,72.7,72.0,73.2,79.0,17.4,18.0,20,21.4,25
2.0,0.1,2.0,Florida,39.4,37,61,37.0,14.6,14.0,19,0.6,1.0,67.6,71.0,76.1,74.0,68.8,79.0,30.3,30.0,36,21.5,25
2.0,0.1,0.5,Florida,39.4,37,61,37.0,13.5,13.0,20,0.5,1.0,64.5,70.5,75.4,72.5,73.9,79.0,27.4,27.0,33,22.4,26
2.0,0.05,2.0,Illinois,39.5,31,60,31.0,60.9,61.5,65,0.0,0.0,62.1,60.0,66.6,66.5,28.0,28.0,16.2,16.0,21,3.9,6
0.5,0.1,1.0,Florida,39.7,37,61,37.0,13.3,13.0,17,0.8,1.0,68.8,71.0,74.5,73.5,77.1,79.0,16.1,16.0,19,18.5,20
0.5,0.25,2.0,Arizona,39.9,35,60,35.0,11.0,11.0,11,0.0,0.0,49.0,53.0,61.4,60.0,57.3,50.0,7.1,7.0,10,0.0,0
1.0,0.1,2.0,Wisconsin,39.9,36,47,38.5,46.6,46.0,52,0.0,0.0,43.3,42.0,45.2,43.5,39.7,45.5,90.1,89.0,100,17.6,21
1.0,0.1,1.0,Wisconsin,39.9,36,53,36.0,46.1,47.5,49,0.0,0.0,42.4,42.0,43.8,43.5,39.1,32.5,93.9,93.0,102,18.4,24
2.0,0.25,0.5,Indiana,40.0,38,50,39.0,59.9,60.5,63,0.0,0.0,45.7,46.0,49.1,49.0,38.7,38.0,24.8,25.0,28,12.5,16
0.5,0.1,1.0,Wisconsin,40.2,36,47,42.0,46.1,46.0,50,0.0,0.0,43.6,43.5,45.3,44.0,37.2,34.0,82.8,83.5,90,17.2,20
2.0,0.1,0.5,Wisconsin,40.2,36,47,39.0,46.4,47.0,49,0.0,0.0,44.3,43.5,45.1,44.0,33.4,28.0,92.6,91.5,103,17.9,24
1.0,0.1,2.0,Florida,40.4,37,71,37.0,14.0,13.0,20,0.5,1.0,65.4,68.0,72.9,71.5,59.3,75.5,31.2,31.0,36,21.9,24
1.0,0.25,1.0,Indiana,40.5,38,46,38.0,60.0,59.5,64,0.0,0.0,46.3,46.0,49.5,50.0,34.7,28.0,23.2,24.0,28,10.3,13
1.0,0.1,2.0,Wyoming,40.6,35,49,35.0,13.5,13.5,14,0.0,0.0,51.7,49.0,55.6,52.0,109.0,109.0,1.1428571428571428,1.0,2,0.5,1
2.0,0.25,2.0,Wyoming,40.6,35,49,35.0,13.1,13.0,14,0.0,0.0,49.4,49.0,51.2,52.0,109.0,109.0,1.5,1.5,2,0.9,1
0.5,0.25,2.0,Wyoming,40.6,35,49,35.0,12.4,12.0,13,0.0,0.0,49.8,49.0,51.4,51.0,109.0,109.0,1.5,1.5,2,1.0,1
2.0,0.01,2.0,Minnesota,40.7,33,46,41.5,34.2,35.0,41,0.0,0.0,47.4,48.5,53.7,54.5,53.8,57.5,48.4,49.5,54,32.6,39
1.0,0.05,2.0,Kentucky,40.8,34,78,34.0,45.7,46.0,48,0.2,2.0,58.8,56.0,81.5,82.0,60.9,53.0,25.3,24.0,30,8.2,11
0.5,0.05,1.0,Iowa,40.8,38,45,38.0,35.8,36.0,41,0.0,0.0,45.2,45.0,46.1,46.0,45.6,47.0,91.5,92.0,101,45.8,51
0.5,0.25,1.0,Missouri,41.0,41,41,41.0,58.8,58.5,62,0.0,0.0,44.1,44.0,45.9,45.0,54.0,53.0,10.0,11.0,12,10.3,12
2.0,0.25,2.0,Missouri,41.0,41,41,41.0,73.4,73.5,76,0.0,0.0,44.4,44.0,46.0,45.0,55.1,53.0,13.7,13.0,18,13.8,16
0.5,0.01,0.5,Minnesota,41.0,37,46,40.0,27.7,28.0,32,0.0,0.0,46.7,46.0,49.9,47.0,50.9,47.0,34.6,34.0,41,29.5,37
0.5,0.25,2.0,Indiana,41.1,38,46,39.0,59.5,59.5,63,0.0,0.0,46.3,46.0,49.4,49.5,46.6,48.0,22.9,23.0,27,9.9,14
2.0,0.25,1.0,Colorado,41.2,41,43,41.0,28.6,29.0,30,0.0,0.0,43.3,43.0,46.0,46.0,28.0,28.0,37.4,37.0,41,4.4,5
2.0,0.01,0.5,Iowa,41.3,30,55,41.5,29.1,29.0,33,2.2,8.0,49.8,47.0,54.3,55.0,48.6,52.5,85.2,84.5,97,52.8,59
0.5,0.25,2.0,Colorado,41.4,41,43,41.0,26.7,26.5,28,0.0,0.0,43.0,43.0,46.6,49.0,28.0,28.0,34.7,35.0,40,5.9,7
0.5,0.25,1.0,Colorado,41.5,41,43,41.0,23.8,24.0,26,0.0,0.0,42.8,43.0,47.2,49.0,28.0,28.0,26.9,27.5,30,3.9,5
0.5,0.1,0.5,Wisconsin,41.5,36,50,41.0,43.4,43.5,48,0.0,0.0,43.8,43.0,45.8,45.0,40.8,44.0,75.8,78.5,83,17.9,20
1.0,0.1,1.0,Florida,41.5,37,61,37.0,13.4,13.5,15,0.5,1.0,64.7,71.0,73.1,72.0,74.2,79.0,24.6,25.5,29,22.1,25
2.0,0.25,1.0,Missouri,41.6,41,44,41.0,71.7,72.0,74,0.0,0.0,44.3,44.0,46.2,47.0,53.7,53.0,15.7,15.5,19,13.6,16
2.0,0.01,1.0,Minnesota,41.6,33,46,44.0,31.7,32.0,35,0.0,0.0,47.1,46.0,55.2,55.5,56.0,57.0,50.0,51.0,60,34.5,37
1.0,0.1,0.5,Missouri,41.7,41,48,41.0,54.0,55.0,57,0.0,0.0,46.8,44.5,53.1,51.0,60.8,60.5,9.5,9.0,13,10.6,12
1.0,0.25,2.0,Missouri,41.7,41,45,41.0,69.8,70.5,73,0.0,0.0,44.5,44.0,46.9,47.0,56.7,56.5,13.7,13.0,17,14.4,19
2.0,0.05,0.5,Wisconsin,41.7,36,53,42.0,43.7,43.0,50,0.0,0.0,47.2,47.0,49.3,48.5,31.7,28.0,88.5,90.0,97,20.3,23
1.0,0.01,2.0,Minnesota,41.7,34,46,44.0,31.8,33.0,39,0.0,0.0,48.0,46.0,54.5,55.5,55.6,57.0,52.6,53.5,58,34.4,41
0.5,0.01,1.0,Iowa,41.7,38,46,41.5,30.5,30.5,34,0.0,0.0,47.3,47.0,52.7,55.0,52.1,51.5,72.5,72.0,88,43.8,47
1.0,0.25,1.0,Missouri,41.8,41,45,41.0,70.1,70.0,73,0.0,0.0,45.6,45.5,47.8,47.5,54.6,53.0,14.0,14.5,16,11.8,14
2.0,0.25,0.5,Missouri,41.8,41,45,41.0,71.0,71.0,75,0.0,0.0,45.2,44.5,47.3,47.0,55.3,53.0,14.6,15.0,18,12.6,15
2.0,0.05,2.0,Florida,41.8,37,61,37.0,15.0,15.5,19,0.5,1.0,69.9,71.0,80.0,80.0,67.2,79.0,34.4,33.5,45,20.7,23
1.0,0.25,2.0,Arizona,41.9,35,55,36.5,11.0,11.0,11,0.0,0.0,52.5,53.0,62.8,64.0,73.4,89.0,5.5,5.5,7,0.0,0
1.0,0.25,0.5,Colorado,41.9,41,43,41.5,25.8,26.0,27,0.1,1.0,43.5,43.0,47.2,49.0,28.0,28.0,29.5,29.5,32,4.3,6
2.0,0.25,0.5,Colorado,41.9,41,43,41.5,27.8,28.0,29,0.0,0.0,42.8,43.0,46.0,46.0,28.0,28.0,35.2,36.0,38,5.0,6
1.0,0.25,2.0,Colorado,41.9,41,43,42.0,27.6,27.0,29,0.0,0.0,43.0,43.0,46.0,46.0,28.0,28.0,34.3,34.0,38,5.3,6
2.0,0.25,2.0,Arizona,42.0,35,53,38.0,11.0,11.0,11,0.0,0.0,55.6,57.0,64.3,68.0,73.4,89.0,4.9,4.5,7,0.0,0
0.5,0.1,1.0,Wyoming,42.0,35,49,42.0,10.0,10.0,11,0.0,0.0,50.5,50.5,55.3,53.0,109.0,109.0,0.8571428571428571,1.0,1,0.3,1
2.0,0.1,1.0,Wyoming,42.0,35,49,42.0,13.3,13.0,14,0.0,0.0,50.5,50.5,58.4,53.0,109.0,109.0,1.2,1.0,2,0.7,1
1.0,0.25,0.5,Wyoming,42.0,35,49,42.0,10.8,11.0,11,0.0,0.0,49.9,49.5,51.4,52.0,109.0,109.0,1.5,1.5,2,1.0,1
0.5,0.25,1.0,Indiana,42.0,38,46,42.0,54.1,54.5,57,0.0,0.0,46.8,46.0,50.5,50.0,42.0,48.0,20.6,20.5,24,10.2,13
1.0,0.01,1.0,Minnesota,42.0,37,46,44.0,32.0,31.5,38,0.1,1.0,48.3,46.0,53.9,51.0,51.4,57.0,48.3,49.5,58,33.2,37
1.0,0.25,1.0,Colorado,42.1,41,43,42.0,27.7,27.5,29,0.0,0.0,42.9,43.0,46.6,49.0,28.0,28.0,33.9,35.0,37,5.1,6
2.0,0.25,1.0,Nebraska,42.1,42,43,42.0,42.7,42.5,45,0.0,0.0,43.2,43.0,45.2,45.0,43.6,46.0,5.9,6.0,9,7.0,9
1.0,0.25,0.5,Missouri,42.1,41,48,41.0,62.3,62.0,66,0.0,0.0,45.3,44.0,47.4,46.0,55.1,53.0,11.1,11.0,16,10.3,14
1.0,0.1,2.0,Missouri,42.1,41,48,41.0,67.1,67.0,71,0.0,0.0,48.9,46.0,53.8,51.5,63.8,60.0,14.4,14.0,20,14.5,17
2.0,0.25,2.0,Colorado,42.2,41,43,43.0,29.5,29.5,31,0.0,0.0,42.7,43.0,46.6,49.0,28.0,28.0,35.5,35.0,40,3.7,5
0.5,0.25,0.5,Missouri,42.2,41,45,41.0,48.9,48.0,53,0.0,0.0,45.8,46.0,47.4,47.5,54.4,53.0,8.6,8.5,12,7.9,10
0.5,0.25,0.5,Colorado,42.3,41,43,43.0,20.7,21.0,22,0.0,0.0,43.0,43.0,47.2,49.0,42.8,46.0,23.7,23.5,27,2.7,3
2.0,0.01,1.0,South Dakota,42.3,37,68,37.0,41.3,41.0,44,0.0,0.0,63.4,65.0,67.5,68.0,100.2,100.0,9.9,9.5,14,2.8,6
0.5,0.25,1.0,Nebraska,42.3,42,43,42.0,32.5,33.0,34,0.0,0.0,43.6,43.0,45.8,45.0,45.7,46.0,3.0,3.0,4,3.0,4
1.0,0.1,0.5,Colorado,42.3,41,43,43.0,24.4,24.0,27,0.3,1.0,46.0,46.0,48.4,49.0,34.3,28.0,29.5,29.5,34,4.5,6
1.0,0.05,0.5,Kentucky,42.4,34,70,42.0,41.0,41.0,46,0.5,2.0,66.6,78.0,78.4,80.0,50.3,38.5,18.2,19.0,20,4.9,10
1.0,0.1,1.0,Colorado,42.4,41,43,43.0,26.0,26.0,29,0.2,1.0,46.0,46.0,50.8,49.0,32.2,28.0,31.9,31.0,38,6.1,7
1.0,0.01,1.0,Oklahoma,42.5,32,63,32.0,20.6,20.5,24,0.0,0.0,61.1,64.5,75.2,79.0,32.4,28.0,4.9,5.0,8,1.8,4
0.5,0.1,1.0,Colorado,42.5,41,43,43.0,23.3,23.0,26,0.0,0.0,43.0,43.0,48.4,49.0,29.4,28.0,26.0,26.0,30,4.2,5
2.0,0.1,2.0,Wisconsin,42.5,36,53,42.0,47.0,46.5,49,0.0,0.0,45.5,43.0,48.5,45.5,32.1,28.0,89.7,92.0,101,17.6,21
0.5,0.1,0.5,Colorado,42.6,41,43,43.0,18.4,19.0,20,0.3,1.0,45.4,43.0,48.8,49.0,43.4,49.0,21.5,21.5,25,2.7,4
2.0,0.25,2.0,Nebraska,42.6,42,43,43.0,42.1,42.0,44,0.0,0.0,44.2,45.0,47.0,47.0,46.0,46.0,6.2,6.0,9,7.8,10
0.5,0.25,0.5,Indiana,42.6,38,50,41.5,53.2,53.5,57,0.0,0.0,48.2,46.0,51.7,50.0,33.9,28.0,18.2,18.5,23,8.8,12
0.5,0.25,2.0,Missouri,42.6,41,48,41.0,67.8,67.0,72,0.0,0.0,45.1,44.0,46.9,46.0,53.0,53.0,12.7,12.5,17,12.1,15
1.0,0.25,2.0,Indiana,42.6,38,56,40.0,60.4,60.0,63,0.0,0.0,47.4,46.0,50.4,50.0,36.7,28.0,28.0,26.5,36,12.9,15
1.0,0.01,0.5,Minnesota,42.6,37,46,44.0,30.8,30.5,36,0.1,1.0,47.9,46.0,54.0,51.0,52.4,55.5,43.9,44.5,54,32.1,37
0.5,0.1,2.0,Colorado,42.7,41,43,43.0,25.3,25.0,26,0.0,0.0,45.4,43.0,48.8,49.0,30.1,28.0,34.5,34.0,38,6.2,8
0.5,0.1,2.0,Wisconsin,42.7,36,50,43.0,46.6,46.0,49,0.0,0.0,45.7,44.0,47.4,47.0,35.9,28.0,92.8,93.5,101,17.8,20
0.5,0.25,1.0,Michigan,42.7,31,51,48.5,42.8,42.5,48,0.0,0.0,50.2,50.5,52.0,51.0,31.4,28.0,23.0,22.5,26,19.2,23
2.0,0.25,1.0,Michigan,42.7,31,51,48.0,44.9,45.0,49,0.4,2.0,48.5,50.0,52.3,51.5,28.0,28.0,31.3,31.0,37,20.1,24
0.5,0.05,0.5,Colorado,42.8,41,43,43.0,17.6,17.0,22,0.2,2.0,48.7,49.0,56.3,58.0,32.2,28.0,22.8,23.0,27,2.0,4
2.0,0.1,2.0,Colorado,42.8,41,43,43.0,28.3,29.0,31,0.3,1.0,46.6,49.0,49.5,49.0,31.8,28.0,34.9,35.5,40,4.6,8
1.0,0.1,2.0,Colorado,42.8,41,43,43.0,26.5,27.0,27,0.0,0.0,44.2,43.0,49.5,49.0,30.1,28.0,35.4,35.5,39,5.2,6
0.5,0.25,2.0,Nebraska,42.8,42,49,42.0,41.2,41.5,43,0.0,0.0,44.4,43.0,46.1,45.0,47.4,46.0,7.0,7.0,8,5.5,8
2.0,0.05,1.0,Florida,42.8,37,71,37.0,15.5,15.5,18,0.3,1.0,67.8,66.0,81.3,80.0,65.5,79.0,33.3,33.5,41,20.4,24
2.0,0.1,1.0,Colorado,42.9,42,43,43.0,27.2,27.0,29,0.2,1.0,45.4,43.0,49.3,49.0,32.2,28.0,36.5,37.0,40,4.6,6
1.0,0.05,0.5,Colorado,42.9,42,43,43.0,22.6,23.0,24,0.3,1.0,46.6,49.0,52.1,51.5,32.3,28.0,29.2,29.0,36,5.3,6
2.0,0.1,0.5,Colorado,42.9,42,43,43.0,26.6,27.0,28,0.1,1.0,45.4,43.0,48.4,49.0,34.3,28.0,33.8,33.0,40,5.7,6
0.5,0.05,1.0,Colorado,43.0,43,43,43.0,21.9,21.5,25,0.3,1.0,48.4,49.0,54.4,53.5,30.1,28.0,26.3,26.0,30,4.9,7
2.0,0.05,1.0,Colorado,43.0,43,43,43.0,25.8,25.0,28,0.1,1.0,47.8,49.0,53.4,50.0,30.1,28.0,36.6,37.5,41,5.2,8
1.0,0.05,1.0,Colorado,43.0,43,43,43.0,24.9,25.0,28,0.2,1.0,47.5,49.0,54.2,54.5,30.1,28.0,35.6,35.0,44,5.7,7
1.0,0.05,2.0,Colorado,43.0,43,43,43.0,25.5,25.0,27,0.2,1.0,46.6,49.0,53.9,54.5,30.1,28.0,35.1,34.5,43,5.9,7
0.5,0.25,1.0,California,43.0,43,43,43.0,4.1,4.0,6,2.9,4.0,51.2,52.0,93.0,91.0,28.0,28.0,82.0,81.5,91,30.1,31
2.0,0.25,1.0,California,43.0,43,43,43.0,5.2,5.0,7,2.5,4.0,51.0,51.0,107.5,91.0,28.0,28.0,82.9,83.0,89,31.5,33
2.0,0.25,2.0,California,43.0,43,43,43.0,5.2,5.5,7,2.8,5.0,51.2,52.0,104.7,91.0,28.0,28.0,82.2,81.5,87,31.7,34
1.0,0.25,0.5,Nebraska,43.1,42,49,42.5,34.9,35.0,37,0.0,0.0,45.1,45.0,46.8,47.0,52.0,46.0,3.0,3.0,4,3.9,5
2.0,0.25,0.5,Nebraska,43.1,42,49,42.5,43.0,42.5,45,0.0,0.0,44.4,44.0,46.5,46.0,47.5,46.0,6.0,6.0,7,4.7,7
1.0,0.25,1.0,Pennsylvania,43.1,35,58,35.0,47.1,48.0,51,0.2,1.0,49.0,46.0,53.7,55.0,28.0,28.0,40.4,45.0,48,11.3,16
0.5,0.25,0.5,Michigan,43.1,31,52,48.0,40.4,40.5,45,0.6,2.0,51.6,52.0,53.7,54.0,57.8,60.0,19.3,17.5,29,17.6,23
1.0,0.25,1.0,Arizona,43.2,35,60,36.5,11.0,11.0,11,0.0,0.0,53.1,53.5,63.1,64.0,67.3,69.5,6.1,6.0,8,0.0,0
1.0,0.25,2.0,Nebraska,43.2,42,49,43.0,43.4,43.5,45,0.0,0.0,44.7,45.0,47.0,47.0,49.9,46.0,6.5,6.5,7,6.0,8
2.0,0.25,0.5,Pennsylvania,43.2,35,55,37.5,48.4,48.5,54,0.3,2.0,50.5,50.5,52.6,52.5,31.6,28.0,38.2,39.0,47,10.2,13
1.0,0.1,1.0,Missouri,43.2,41,48,42.5,64.1,64.5,69,0.0,0.0,49.4,48.0,53.6,51.5,63.8,60.0,12.9,13.0,15,11.0,13
0.5,0.25,0.5,Nebraska,43.3,42,49,43.0,29.2,29.5,31,0.0,0.0,45.8,45.0,48.3,49.0,54.6,46.0,3.1,3.0,4,3.1,4
1.0,0.1,0.5,Nebraska,43.3,42,49,43.0,32.5,32.0,37,0.0,0.0,44.9,45.0,48.0,49.0,47.8,46.0,4.0,4.0,6,3.4,5
0.5,0.25,0.5,Pennsylvania,43.3,35,58,37.5,43.1,42.5,46,1.1,4.0,51.9,53.5,54.3,55.0,31.7,28.0,34.7,35.5,39,11.1,14
0.5,0.1,2.0,Wyoming,43.4,35,49,49.0,12.2,12.0,13,0.0,0.0,50.6,51.0,58.3,53.0,109.0,109.0,1.4444444444444444,1.0,2,0.6,1
2.0,0.25,1.0,Wyoming,43.4,35,49,49.0,13.2,13.0,14,0.0,0.0,50.0,50.0,51.6,52.0,109.0,109.0,1.8,2.0,2,0.8,1
2.0,0.1,2.0,Wyoming,43.4,35,49,49.0,13.2,13.0,14,0.0,0.0,51.0,51.0,59.3,54.0,109.4,109.0,1.0,1.0,1,0.8,1
2.0,0.01,0.5,South Dakota,43.5,33,68,37.0,40.9,40.5,44,0.0,0.0,59.0,65.0,62.6,67.0,82.0,95.0,9.9,10.0,15,1.7,4
0.5,0.05,2.0,Colorado,43.5,42,49,43.0,23.1,22.5,26,0.3,1.0,48.1,49.0,57.9,58.0,32.2,28.0,33.7,34.5,39,6.6,8
0.5,0.25,1.0,Pennsylvania,43.5,35,55,40.0,45.6,44.5,53,0.0,0.0,49.1,54.0,54.0,56.5,37.8,28.0,36.2,36.0,46,10.2,14
2.0,0.05,2.0,Colorado,43.6,43,49,43.0,27.6,27.5,30,0.1,1.0,49.6,49.0,58.0,58.0,32.4,28.0,34.6,33.5,40,4.8,7
2.0,0.05,0.5,Colorado,43.6,43,49,43.0,25.2,25.0,26,0.3,1.0,48.6,49.0,53.8,49.0,28.0,28.0,35.4,34.5,41,5.3,6
0.5,0.05,2.0,Kentucky,43.6,34,78,34.0,44.7,44.5,47,0.0,0.0,60.8,62.0,79.0,79.0,45.7,28.0,23.4,23.5,29,7.6,11
1.0,0.25,0.5,Indiana,43.6,38,50,45.0,55.5,55.0,59,0.0,0.0,48.5,46.0,52.2,50.0,38.4,34.0,21.8,22.0,26,10.2,12
2.0,0.05,1.0,Wisconsin,43.7,36,55,44.5,41.2,41.0,46,0.0,0.0,50.2,51.5,53.1,55.0,38.3,28.0,88.5,88.5,94,22.6,29
2.0,0.25,0.5,California,43.7,43,50,43.0,5.6,5.5,8,1.4,4.0,50.6,50.0,81.0,91.0,28.0,28.0,82.9,83.5,86,31.1,33
0.5,0.01,0.5,Iowa,43.7,30,46,45.0,27.0,27.5,32,0.5,5.0,47.2,46.5,54.3,55.0,53.2,48.0,65.3,68.0,76,41.5,45
2.0,0.1,1.0,Wisconsin,43.8,36,47,45.5,48.1,49.0,51,0.0,0.0,45.8,46.0,49.0,48.0,46.8,51.5,87.3,86.0,102,16.5,21
1.0,0.25,2.0,Michigan,43.8,31,52,48.0,45.1,46.0,49,0.3,1.0,50.6,51.0,51.6,51.5,28.0,28.0,31.5,32.0,43,19.9,25
1.0,0.25,1.0,Nebraska,43.9,42,49,43.0,41.6,41.5,44,0.0,0.0,45.2,45.0,47.4,47.0,48.1,46.0,6.7,6.0,8,5.8,7
1.0,0.25,2.0,California,43.9,43,52,43.0,4.8,5.0,6,2.5,5.0,51.4,52.0,125.9,91.0,28.0,28.0,85.8,84.5,91,32.1,34
0.5,0.1,1.0,Nebraska,44.0,42,49,43.0,30.3,30.0,32,0.0,0.0,46.0,45.0,48.7,49.0,50.8,46.0,4.2,4.0,5,4.2,6
0.5,0.1,1.0,Missouri,44.0,41,49,43.0,52.7,52.0,57,0.0,0.0,51.9,51.5,56.5,60.0,65.2,60.0,8.5,8.5,11,8.8,14
2.0,0.25,2.0,Michigan,44.0,31,51,49.0,45.9,46.5,50,0.2,1.0,49.2,51.0,52.4,52.0,28.0,28.0,26.3,26.0,32,19.2,25
1.0,0.1,2.0,Nebraska,44.1,42,49,43.0,41.2,41.0,44,0.0,0.0,45.8,45.0,48.6,49.0,40.3,44.5,7.6,8.0,10,6.4,8
0.5,0.1,0.5,Florida,44.2,37,61,37.0,15.9,16.0,18,0.8,2.0,71.8,71.0,77.3,75.0,73.9,79.0,11.1,11.0,13,14.3,17
0.5,0.05,1.0,Florida,44.2,37,61,37.0,13.5,13.5,16,0.4,1.0,69.7,71.0,80.8,80.0,74.4,79.0,14.7,15.0,19,17.2,20
0.5,0.1,2.0,Florida,44.2,37,61,37.0,14.8,15.0,16,1.4,9.0,71.4,71.0,82.9,80.0,78.5,79.0,24.9,24.5,30,21.3,23
2.0,0.01,2.0,Iowa,44.2,38,55,45.0,29.1,29.5,35,0.2,1.0,50.8,47.0,57.0,56.0,50.0,55.0,85.3,85.0,99,55.3,61
2.0,0.25,2.0,Indiana,44.3,38,46,46.0,61.5,61.5,64,0.0,0.0,48.6,49.5,52.4,50.5,36.7,28.0,27.1,26.0,33,11.9,14
1.0,0.01,2.0,Iowa,44.3,30,55,45.5,30.8,31.0,34,1.2,6.0,51.8,55.0,58.9,59.5,55.4,60.0,85.5,82.0,99,51.7,56
0.5,0.05,0.5,Kentucky,44.4,34,70,42.0,28.9,28.0,33,0.4,2.0,69.2,78.0,78.0,81.0,53.7,38.5,10.6,11.0,15,3.6,6
0.5,0.25,2.0,Pennsylvania,44.5,35,55,44.0,48.8,48.0,56,0.5,2.0,51.3,50.0,54.3,56.5,31.1,28.0,40.3,42.5,50,9.8,15
1.0,0.1,2.0,Arizona,44.6,35,60,38.0,10.8,11.0,11,0.0,0.0,58.0,60.0,71.1,68.0,44.6,28.0,5.9,5.5,9,0.2,1
0.5,0.05,0.5,Wisconsin,44.6,36,55,47.0,40.1,41.0,44,0.0,0.0,50.5,48.5,52.8,53.0,34.5,28.0,73.3,73.0,83,18.8,23
1.0,0.25,0.5,Michigan,44.6,31,52,48.5,42.2,40.0,50,0.3,2.0,47.8,50.5,52.4,51.5,28.0,28.0,25.8,24.5,32,20.6,24
1.0,0.25,0.5,California,44.6,43,52,43.0,5.3,5.0,7,1.7,4.0,51.4,51.0,109.3,91.0,28.0,28.0,82.2,82.0,90,30.5,32
1.0,0.1,0.5,California,44.6,43,52,43.0,4.2,4.0,6,2.6,5.0,52.2,52.0,167.5,126.0,28.0,28.0,85.7,87.0,89,30.6,32
1.0,0.1,2.0,California,44.6,43,52,43.0,4.4,5.0,6,1.8,5.0,52.6,52.0,142.4,126.0,28.0,28.0,88.0,89.0,95,32.0,33
1.0,0.25,1.0,New York,44.6,41,56,41.0,15.8,15.5,18,0.3,2.0,54.1,54.0,56.3,55.0,28.0,28.0,204.3,206.0,214,34.5,37
2.0,0.05,2.0,Wisconsin,44.7,36,53,44.5,43.7,43.0,49,0.0,0.0,49.2,50.0,52.4,54.0,32.5,28.0,85.7,85.5,97,20.4,22
2.0,0.1,0.5,Wyoming,44.8,35,49,49.0,13.5,13.5,14,0.0,0.0,52.0,50.0,59.2,52.0,109.4,109.0,1.4,1.0,3,0.5,1
1.0,0.25,1.0,California,44.8,43,52,43.0,5.2,5.0,7,1.9,4.0,51.6,52.0,86.0,91.0,28.0,28.0,84.4,86.0,89,31.7,33
0.5,0.25,2.0,California,44.8,43,52,43.0,4.9,4.5,7,1.7,4.0,51.2,50.0,123.4,91.0,28.0,28.0,84.9,84.5,91,31.8,34
1.0,0.05,0.5,Wisconsin,44.9,36,55,47.0,43.4,43.5,49,0.0,0.0,48.9,51.0,51.1,52.5,39.8,32.5,79.4,82.0,88,19.7,25
2.0,0.01,0.5,Oklahoma,45.0,32,66,32.0,20.7,20.5,26,0.0,0.0,63.7,63.0,80.4,85.0,48.5,28.0,5.2,5.0,8,1.9,4
0.5,0.1,0.5,Tennessee,45.0,45,45,45.0,18.7,19.0,23,0.0,0.0,76.2,76.0,88.6,87.0,77.3,28.0,2.9,2.0,6,3.0,6
0.5,0.05,0.5,Tennessee,45.0,45,45,45.0,15.3,15.5,17,0.0,0.0,86.4,87.0,108.1,114.0,159.55555555555554,102.0,2.2,2.5,4,3.6,7
0.5,0.25,0.5,Tennessee,45.0,45,45,45.0,21.9,21.5,24,0.0,0.0,63.8,63.5,78.4,76.0,28.0,28.0,5.5,5.5,9,4.4,7
1.0,0.25,0.5,Tennessee,45.0,45,45,45.0,39.4,39.0,43,0.0,0.0,65.8,71.5,79.8,81.5,28.0,28.0,12.1,12.5,16,5.0,7
0.5,0.1,1.0,Tennessee,45.0,45,45,45.0,31.2,31.5,35,0.0,0.0,76.3,76.0,90.5,87.0,68.8,49.0,7.6,7.0,12,5.4,8
0.5,0.25,1.0,Tennessee,45.0,45,45,45.0,36.6,36.0,40,0.0,0.0,65.7,67.0,75.9,76.0,28.0,28.0,10.7,11.0,15,5.9,7
0.5,0.05,1.0,Tennessee,45.0,45,45,45.0,29.4,29.5,32,0.0,0.0,85.8,76.0,105.5,97.0,93.0,104.0,8.3,9.0,10,6.7,9
1.0,0.1,0.5,Tennessee,45.0,45,45,45.0,34.5,34.0,39,0.0,0.0,80.4,76.0,94.4,96.0,54.7,28.0,9.4,9.0,13,6.7,9
0.5,0.1,2.0,Tennessee,45.0,45,45,45.0,38.9,39.0,41,0.0,0.0,74.1,76.0,92.8,90.5,69.3,70.0,10.6,11.0,15,7.2,10
1.0,0.05,0.5,Tennessee,45.0,45,45,45.0,31.9,32.5,34,0.0,0.0,88.5,87.0,110.1,114.0,65.0,28.0,11.0,11.0,15,7.3,10
0.5,0.25,2.0,Tennessee,45.0,45,45,45.0,40.8,40.5,45,0.0,0.0,63.7,61.0,77.5,76.0,28.0,28.0,12.1,11.0,17,7.7,11
1.0,0.25,1.0,Tennessee,45.0,45,45,45.0,42.9,43.0,47,0.0,0.0,58.9,55.0,71.3,74.0,28.0,28.0,16.1,16.5,18,7.8,10
2.0,0.1,0.5,Tennessee,45.0,45,45,45.0,41.0,41.0,43,0.0,0.0,80.4,76.0,96.3,91.5,46.3,28.0,13.5,14.5,16,8.2,11
1.0,0.1,1.0,Tennessee,45.0,45,45,45.0,40.0,40.0,42,0.0,0.0,76.7,76.0,89.6,87.0,61.1,28.0,11.9,11.5,17,8.2,10
2.0,0.1,1.0,Tennessee,45.0,45,45,45.0,43.0,43.0,46,0.0,0.0,78.3,76.0,95.3,87.0,35.4,28.0,16.6,16.5,19,8.5,11
1.0,0.05,2.0,Tennessee,45.0,45,45,45.0,40.2,40.0,46,0.0,0.0,84.6,76.0,112.8,114.0,68.8,49.0,13.7,14.5,17,8.8,12
2.0,0.05,1.0,Tennessee,45.0,45,45,45.0,39.5,40.0,43,0.0,0.0,85.8,76.0,100.3,94.5,56.9,28.0,13.7,14.0,20,8.8,12
1.0,0.05,1.0,Tennessee,45.0,45,45,45.0,36.6,36.5,43,0.0,0.0,83.8,76.0,110.7,114.0,66.3,49.0,12.9,12.0,17,8.8,12
0.5,0.05,2.0,Tennessee,45.0,45,45,45.0,35.8,35.0,41,0.0,0.0,92.2,87.0,107.4,105.5,100.8,108.5,10.9,11.0,14,8.8,11
2.0,0.05,0.5,Tennessee,45.0,45,45,45.0,38.6,38.0,43,0.0,0.0,90.0,76.0,102.9,100.5,55.8,49.0,13.0,13.0,19,9.0,13
2.0,0.25,0.5,Tennessee,45.0,45,45,45.0,42.5,42.5,45,0.0,0.0,61.6,55.0,76.6,76.0,28.0,28.0,14.8,14.5,19,9.4,12
1.0,0.1,2.0,Tennessee,45.0,45,45,45.0,41.7,41.0,47,0.0,0.0,77.4,76.0,92.8,90.5,28.0,28.0,15.5,15.0,21,9.4,13
1.0,0.25,2.0,Tennessee,45.0,45,45,45.0,44.3,44.5,47,0.0,0.0,67.6,76.0,83.7,87.0,28.0,28.0,17.0,16.5,20,9.8,11
2.0,0.25,2.0,Tennessee,45.0,45,45,45.0,45.6,45.5,48,0.0,0.0,63.1,67.0,78.4,76.0,28.0,28.0,17.2,17.5,22,9.9,11
2.0,0.25,1.0,Tennessee,45.0,45,45,45.0,45.2,45.5,47,0.0,0.0,67.8,74.0,80.2,81.5,28.0,28.0,16.7,17.0,20,10.0,13
2.0,0.1,2.0,Tennessee,45.0,45,45,45.0,42.3,42.0,45,0.0,0.0,77.6,76.0,92.3,87.0,35.4,28.0,13.9,14.5,18,10.1,13
2.0,0.05,2.0,Tennessee,45.0,45,45,45.0,39.6,39.5,44,0.0,0.0,83.5,81.5,108.6,114.0,59.1,28.0,15.6,14.0,23,10.6,13
1.0,0.25,1.0,Idaho,45.0,44,48,44.0,11.7,11.5,13,1.4,7.0,50.3,48.0,54.8,56.0,28.0,28.0,33.8,34.5,36,15.9,17
1.0,0.1,1.0,Nebraska,45.1,42,49,43.0,39.0,39.0,41,0.0,0.0,46.2,45.0,48.0,48.0,37.0,28.0,7.9,8.0,11,6.6,9
2.0,0.25,1.0,Indiana,45.1,40,46,46.0,61.2,61.5,63,0.0,0.0,48.3,49.5,51.4,50.5,46.7,48.0,26.2,26.5,32,12.6,14
0.5,0.05,2.0,Wisconsin,45.1,36,53,47.0,43.4,43.5,51,0.0,0.0,49.1,51.0,52.2,55.0,35.9,28.0,84.2,82.5,93,20.5,27
ALL,ALL,ALL,Wisconsin,45.169444444444444,36,82,42.0,43.580555555555556,45.0,55,0.011111111111111112,2.0,49.477777777777774,47.0,52.330555555555556,49.0,38.32222222222222,28.0,83.25555555555556,85.0,113,19.447222222222223,32
2.0,0.05,1.0,Kentucky,45.2,34,78,38.0,44.7,45.0,49,0.2,2.0,58.0,52.0,77.8,78.0,60.4,38.5,25.4,25.0,30,9.4,14
0.5,0.25,1.0,Arizona,45.4,35,54,49.0,11.0,11.0,11,0.0,0.0,53.8,57.5,63.6,68.0,73.4,89.0,5.5,5.5,8,0.0,0
0.5,0.1,2.0,Missouri,45.4,41,48,47.5,61.4,61.5,64,0.0,0.0,53.7,57.0,56.5,60.5,59.4,60.0,12.2,12.5,15,10.4,14
0.5,0.25,1.0,Idaho,45.4,44,46,46.0,11.5,12.0,13,0.0,0.0,47.0,47.0,50.4,48.0,28.0,28.0,28.6,28.5,32,13.0,15
1.0,0.25,1.0,Michigan,45.4,31,50,48.0,44.2,44.0,48,0.7,2.0,49.3,51.5,52.6,53.0,28.0,28.0,32.4,31.0,39,19.6,24
0.5,0.1,1.0,California,45.5,43,52,43.0,3.4,3.0,6,1.6,4.0,52.0,52.0,141.42857142857142,126.0,28.0,28.0,83.9,84.5,90,30.8,32
2.0,0.25,2.0,Idaho,45.6,44,46,46.0,13.5,13.5,15,0.0,0.0,47.5,48.0,53.6,56.0,28.0,28.0,35.7,35.5,40,15.5,17
0.5,0.05,1.0,Wisconsin,45.6,36,53,47.0,43.1,43.0,47,0.1,1.0,53.0,53.0,55.3,55.0,34.6,28.0,76.1,77.0,85,19.3,24
ALL,ALL,ALL,Colorado,45.644444444444446,41,79,43.0,23.725,25.0,31,0.1527777777777778,2.0,51.11944444444445,49.0,56.55,49.0,37.56944444444444,28.0,31.5,32.5,46,4.838888888888889,9
0.5,0.25,0.5,California,45.7,43,52,43.0,3.7,3.5,5,2.2,4.0,54.6,52.0,95.5,91.0,28.0,28.0,67.2,68.5,74,29.7,31
0.5,0.1,1.0,Arizona,45.8,35,60,41.5,10.9,11.0,11,0.0,0.0,59.4,60.0,71.3,68.0,60.7,69.5,6.0,6.0,7,0.0,0
0.5,0.1,0.5,Nebraska,45.8,42,49,46.0,25.9,26.0,29,0.0,0.0,46.9,47.0,48.8,49.5,54.7,55.0,3.3,3.0,6,3.0,4
2.0,0.1,1.0,Missouri,45.8,41,60,45.0,68.2,69.0,72,0.0,0.0,51.6,48.0,54.7,54.0,63.8,60.0,15.3,15.0,20,13.6,17
2.0,0.01,1.0,Iowa,45.8,38,70,45.0,29.7,29.5,34,0.2,1.0,50.5,47.0,55.1,55.0,48.4,55.0,83.5,85.5,88,54.1,62
0.5,0.1,2.0,Nebraska,45.9,42,49,46.0,38.0,38.0,40,0.0,0.0,47.8,49.0,49.9,50.5,47.8,46.0,7.1,7.0,9,6.2,9
2.0,0.1,2.0,Nebraska,45.9,42,49,46.0,40.0,40.0,43,0.0,0.0,47.2,47.0,49.3,49.5,46.0,46.0,7.0,7.5,9,9.3,13
2.0,0.25,0.5,New York,45.9,41,56,43.0,15.0,15.5,17,0.4,2.0,53.9,54.0,56.5,55.0,28.0,28.0,215.0,213.5,237,35.9,38
2.0,0.1,0.5,Nebraska,46.0,43,49,46.0,39.2,39.0,41,0.0,0.0,47.2,47.0,49.7,49.5,40.6,37.0,7.5,7.5,10,6.8,9
1.0,0.25,0.5,Pennsylvania,46.0,35,58,46.5,46.9,48.0,51,0.2,1.0,53.4,54.5,56.5,56.5,35.5,28.0,38.2,35.5,48,9.9,15
2.0,0.25,1.0,Idaho,46.0,46,46,46.0,13.8,14.0,15,0.0,0.0,47.7,48.0,53.6,56.0,28.0,28.0,33.8,33.5,38,15.2,16
1.0,0.01,0.5,Iowa,46.0,38,55,45.5,27.8,27.5,31,0.3,1.0,52.5,55.0,59.1,58.5,52.9,57.5,74.2,72.5,83,48.5,53
2.0,0.05,0.5,Nebraska,46.1,43,50,46.0,36.8,36.5,39,0.0,0.0,48.4,49.5,50.4,50.5,39.2,28.0,6.4,6.0,9,6.1,8
1.0,0.1,0.5,Indiana,46.1,38,56,46.0,54.2,54.5,58,0.0,0.0,50.1,50.0,55.4,56.0,42.6,28.0,21.2,21.5,26,8.6,11
1.0,0.01,1.0,Iowa,46.1,38,57,45.5,27.7,27.5,33,0.2,1.0,53.7,53.5,60.6,60.0,52.4,60.0,76.1,76.5,85,54.6,60
1.0,0.05,2.0,Wyoming,46.2,35,49,49.0,13.6,14.0,14,0.0,0.0,57.0,53.0,68.4,71.0,110.33333333333333,109.0,1.0,1.0,1,0.1,1
0.5,0.05,1.0,Wyoming,46.2,35,49,49.0,8.2,8.0,10,0.0,0.0,58.5,52.0,71.0,71.0,109.0,109.0,1.0,1.0,1,0.1,1
0.5,0.05,0.5,Wyoming,46.2,35,49,49.0,5.9,6.0,8,0.0,0.0,60.2,60.0,70.7,73.5,109.0,109.0,1.0,1.0,1,0.1,1
0.5,0.1,0.5,Wyoming,46.2,35,49,49.0,6.3,6.0,8,0.0,0.0,53.1,52.0,61.2,61.0,109.0,109.0,0.75,1.0,1,0.5,1
1.0,0.1,0.5,Wyoming,46.2,35,49,49.0,10.6,11.0,11,0.0,0.0,50.8,51.0,55.6,54.0,109.0,109.0,1.3,1.0,2,0.7,1
2.0,0.05,0.5,Missouri,46.3,41,64,45.0,64.6,64.5,68,0.0,0.0,54.1,54.0,59.7,60.5,64.8,61.0,12.3,13.0,15,9.9,15
2.0,0.1,2.0,Missouri,46.3,41,54,46.0,69.3,68.5,72,0.1,1.0,53.5,54.5,57.9,60.0,62.7,61.0,13.0,13.0,18,13.7,17
2.0,0.25,0.5,Idaho,46.3,44,59,45.0,12.2,12.0,14,0.0,0.0,48.1,46.5,51.7,48.0,28.0,28.0,32.2,32.5,36,15.4,18
ALL,ALL,ALL,Kentucky,46.30277777777778,34,162,34.0,38.94166666666667,41.0,51,0.20555555555555555,3.0,65.46111111111111,42.0,81.1138888888889,78.0,64.59444444444445,49.0,21.72222222222222,22.0,43,9.144444444444444,22
1.0,0.1,2.0,Indiana,46.4,38,56,46.0,58.7,59.0,62,0.0,0.0,51.4,50.0,56.2,56.0,32.0,28.0,27.2,26.0,32,9.9,12
2.0,0.1,0.5,Missouri,46.4,41,54,46.0,65.8,65.5,70,0.0,0.0,53.4,54.0,55.9,60.0,65.3,60.0,13.1,12.5,18,12.5,15
1.0,0.1,1.0,California,46.4,43,52,43.0,4.4,4.5,6,1.8,4.0,53.6,52.0,124.7,126.0,28.0,28.0,87.6,87.5,95,32.0,34
1.0,0.25,2.0,Idaho,46.5,44,59,46.0,13.9,14.0,17,0.0,0.0,48.2,47.0,51.6,48.0,28.0,28.0,34.9,35.0,37,15.1,16
2.0,0.25,0.5,Michigan,46.5,31,52,50.0,47.1,46.5,52,0.3,2.0,51.1,51.0,53.2,52.0,31.4,28.0,28.7,28.5,34,18.4,24
2.0,0.1,1.0,Nebraska,46.6,43,49,49.0,39.4,39.0,42,0.0,0.0,48.0,50.0,49.8,51.0,38.8,28.0,7.9,7.0,13,9.2,11
0.5,0.01,2.0,South Dakota,46.7,37,68,37.5,38.8,39.5,41,0.0,0.0,62.8,65.0,67.0,67.0,90.6,100.0,8.0,8.0,12,1.0,3
2.0,0.05,2.0,Nebraska,46.7,43,50,49.0,38.5,38.5,41,0.0,0.0,48.1,50.0,50.7,51.0,29.8,28.0,8.2,8.0,9,9.2,11
0.5,0.25,2.0,Idaho,46.7,44,59,46.0,12.3,13.0,14,1.3,13.0,52.6,47.5,55.5,52.0,28.0,28.0,32.3,33.0,36,14.3,18
0.5,0.25,2.0,New York,46.8,41,56,43.0,15.6,16.5,20,0.2,2.0,54.3,55.0,56.4,56.0,28.0,28.0,212.2,213.5,225,35.1,40
ALL,ALL,ALL,Nebraska,46.852777777777774,42,87,49.0,33.69444444444444,35.0,45,0.0,0.0,49.772222222222226,50.0,53.75,51.0,62.15384615384615,46.0,5.238888888888889,5.0,13,5.438888888888889,13
0.5,0.01,2.0,Iowa,46.9,45,53,45.0,30.8,31.0,36,0.2,2.0,49.3,47.0,54.7,55.0,46.6,50.0,77.2,76.0,90,50.7,57
1.0,0.25,1.0,Vermont,47.0,42,57,42.0,12.0,12.0,13,0.0,0.0,51.3,44.0,56.1,51.0,57.2,44.0,6.3,7.0,8,2.0,3
0.5,0.25,1.0,Oregon,47.0,47,47,47.0,15.0,15.5,16,0.0,0.0,54.0,54.0,63.0,63.0,56.0,56.0,6.0,6.0,8,3.5,4
2.0,0.25,2.0,Oregon,47.0,47,47,47.0,18.0,18.0,19,0.0,0.0,54.0,54.0,63.0,63.0,44.8,56.0,9.1,9.0,12,4.4,5
2.0,0.25,1.0,Oregon,47.0,47,47,47.0,17.5,17.5,19,0.0,0.0,54.9,54.0,63.4,63.0,47.6,56.0,10.2,10.0,13,4.8,5
0.5,0.25,1.0,Ohio,47.0,47,47,47.0,57.7,57.0,60,0.0,0.0,49.0,49.0,50.0,50.0,28.0,28.0,24.0,23.5,30,13.6,15
2.0,0.25,1.0,Ohio,47.0,47,47,47.0,63.5,64.0,66,0.0,0.0,49.4,49.0,51.7,50.0,28.0,28.0,29.4,29.5,34,13.6,16
1.0,0.05,2.0,Wisconsin,47.0,36,55,47.0,43.6,44.0,47,0.0,0.0,51.5,55.0,53.3,55.0,40.9,28.0,88.8,88.5,105,20.4,26
2.0,0.01,2.0,South Dakota,47.1,37,68,37.5,41.7,41.5,44,0.0,0.0,63.8,66.0,67.6,68.0,87.5,93.0,10.1,10.0,17,2.6,5
1.0,0.1,0.5,Michigan,47.1,34,55,48.5,43.1,43.5,48,0.4,1.0,53.0,51.5,54.2,53.0,41.2,28.0,24.2,24.0,29,18.0,23
0.5,0.1,0.5,California,47.1,43,52,46.5,2.8,3.0,4,1.5,4.0,56.8,53.0,106.0,91.0,28.0,28.0,68.9,69.5,76,29.8,31
1.0,0.05,0.5,Nebraska,47.2,43,49,49.0,31.0,31.0,35,0.0,0.0,48.5,50.0,50.5,51.0,54.2,57.5,3.1,3.0,4,3.8,6
1.0,0.05,2.0,Nebraska,47.2,43,49,49.0,37.2,37.5,39,0.0,0.0,48.5,50.0,50.4,51.0,35.2,28.0,7.1,6.5,10,8.1,9
1.0,0.25,2.0,Pennsylvania,47.2,35,58,53.0,48.5,48.5,54,0.2,1.0,51.2,55.0,53.8,58.0,32.4,28.0,35.7,35.5,44,10.0,17
2.0,0.1,1.0,Indiana,47.2,38,56,48.0,58.9,58.5,63,0.0,0.0,53.4,53.0,59.3,59.0,38.9,28.0,25.1,25.0,32,10.4,13
2.0,0.25,2.0,Ohio,47.2,47,49,47.0,62.6,63.0,66,0.0,0.0,49.4,49.0,51.4,50.0,28.0,28.0,30.1,29.0,37,14.3,17
1.0,0.05,1.0,Wisconsin,47.2,36,53,47.0,43.7,42.5,51,0.0,0.0,51.2,52.5,53.6,54.0,35.5,28.0,94.9,97.5,107,19.8,27
2.0,0.25,0.5,Ohio,47.3,47,50,47.0,61.7,62.0,67,0.0,0.0,49.5,49.0,51.0,50.0,28.0,28.0,26.4,27.0,28,14.4,17
1.0,0.25,2.0,Ohio,47.3,47,50,47.0,62.5,62.5,68,0.4,4.0,51.1,49.5,53.5,51.0,28.0,28.0,29.1,28.5,34,14.5,18
0.5,0.05,2.0,Nebraska,47.4,43,49,49.0,35.1,35.0,39,0.0,0.0,48.8,50.0,50.4,51.0,37.6,28.0,7.0,7.0,9,5.5,6
0.5,0.25,0.5,New York,47.4,41,56,45.0,15.6,14.0,20,0.3,2.0,53.2,54.0,57.7,56.0,28.0,28.0,163.4,161.0,183,32.6,37
1.0,0.25,2.0,New York,47.4,41,56,45.0,16.2,16.5,19,0.4,3.0,53.8,54.0,57.8,56.0,28.0,28.0,208.0,210.5,221,34.3,40
2.0,0.1,0.5,California,47.5,43,52,47.5,4.1,4.0,5,1.7,5.0,53.8,53.0,122.0,91.0,28.0,28.0,82.9,83.0,92,31.4,33
2.0,0.1,2.0,California,47.5,43,52,47.5,4.0,4.0,5,1.6,4.0,54.0,53.0,146.0,126.0,28.0,28.0,84.5,85.5,92,31.8,32
2.0,0.05,2.0,Wyoming,47.6,35,49,49.0,13.5,14.0,14,0.0,0.0,57.2,52.0,66.4,68.5,117.66666666666667,109.0,1.3333333333333333,1.0,2,0.2,1
1.0,0.05,1.0,Wyoming,47.6,35,49,49.0,11.8,12.0,13,0.0,0.0,57.2,52.0,73.1,71.0,118.33333333333333,111.0,0.75,1.0,1,0.4,1
1.0,0.1,1.0,Wyoming,47.6,35,49,49.0,12.3,12.0,13,0.0,0.0,53.7,50.0,61.0,57.5,109.0,109.0,1.1,1.0,2,0.7,1
0.5,0.25,0.5,Maryland,47.6,44,53,44.0,12.9,13.0,14,0.1,1.0,52.9,53.5,58.7,61.0,58.8,66.0,15.1,14.0,22,1.5,3
1.0,0.25,1.0,Maryland,47.6,44,53,44.0,13.1,13.5,14,0.0,0.0,52.6,53.0,58.6,61.0,56.0,46.0,20.6,19.5,28,2.7,5
2.0,0.25,2.0,Pennsylvania,47.6,35,55,53.0,49.9,50.0,56,0.2,1.0,54.1,55.0,57.3,58.0,37.0,28.0,34.1,34.5,44,9.5,15
0.5,0.25,0.5,Idaho,47.6,44,59,45.0,9.4,10.0,12,0.7,7.0,50.8,48.0,55.4,56.0,28.0,28.0,25.3,26.0,28,12.6,16
1.0,0.25,0.5,Ohio,47.6,47,50,47.0,58.4,58.5,62,0.3,2.0,50.6,49.0,52.7,50.0,28.0,28.0,24.2,24.5,31,14.0,18
1.0,0.25,1.0,Ohio,47.6,47,50,47.0,62.0,61.0,65,0.0,0.0,49.7,49.0,50.9,50.0,28.0,28.0,24.4,24.0,28,14.1,16
0.5,0.25,2.0,Ohio,47.6,47,50,47.0,59.6,59.5,63,0.0,0.0,49.8,49.0,50.9,50.0,28.0,28.0,25.7,26.0,32,15.3,18
2.0,0.05,0.5,Florida,47.6,37,71,37.0,15.4,15.5,19,0.5,2.0,76.8,80.0,92.1,93.0,79.5,79.0,29.2,29.5,31,19.8,24
0.5,0.05,0.5,Nebraska,47.7,42,49,49.0,23.8,24.0,26,0.0,0.0,49.8,50.0,50.9,51.0,68.3,64.0,2.3,2.5,3,2.1,3
0.5,0.1,1.0,Indiana,47.7,38,65,46.0,53.8,54.0,56,0.0,0.0,52.2,50.0,58.1,56.0,44.8,47.5,17.8,17.5,22,6.9,8
1.0,0.05,1.0,Nebraska,47.8,43,49,49.0,36.7,37.0,41,0.0,0.0,49.1,50.0,51.1,51.0,39.2,28.0,6.6,7.0,8,5.6,7
2.0,0.05,1.0,Nebraska,47.8,43,49,49.0,37.8,37.5,40,0.0,0.0,49.1,50.0,50.6,51.0,54.4,55.0,7.0,7.5,9,9.3,11
2.0,0.05,2.0,Missouri,47.8,41,64,45.0,67.6,67.5,70,0.0,0.0,55.4,57.0,61.0,61.0,76.7,80.0,11.2,11.0,15,11.0,14
1.0,0.1,1.0,Michigan,47.8,31,59,50.0,43.9,43.0,50,0.3,2.0,54.3,53.5,56.8,55.0,38.9,28.0,27.4,26.5,34,18.8,23
2.0,0.1,1.0,California,47.8,43,52,50.0,4.3,4.0,5,1.4,4.0,53.2,54.0,115.5,126.0,28.0,28.0,87.3,88.0,92,31.5,33
0.5,0.25,0.5,Ohio,47.9,47,50,47.0,53.2,53.5,55,0.0,0.0,50.4,49.0,52.6,50.0,28.0,28.0,18.9,19.0,22,12.4,13
1.0,0.1,2.0,Ohio,47.9,47,50,47.0,61.0,60.5,67,0.9,4.0,53.4,50.0,59.7,59.5,28.0,28.0,26.9,27.0,30,13.7,19
0.5,0.1,2.0,California,48.0,43,52,50.0,4.1,4.0,6,1.4,4.0,53.2,54.0,180.33333333333334,126.0,28.0,28.0,86.2,86.5,98,31.8,34
0.5,0.25,0.5,Arizona,48.1,35,69,53.0,10.0,10.0,10,0.0,0.0,58.9,57.0,67.0,68.0,81.2,89.0,3.2,3.0,4,0.0,0
0.5,0.05,2.0,Wyoming,48.1,35,68,49.0,11.6,11.5,13,0.0,0.0,60.6,60.0,71.2,72.0,168.57142857142858,109.0,1.0,1.0,1,0.2,1
1.0,0.25,0.5,Idaho,48.1,44,60,46.0,13.0,13.0,14,0.0,0.0,49.6,47.5,53.0,52.0,28.0,28.0,28.2,29.0,32,13.4,15
1.0,0.1,1.0,Ohio,48.2,47,50,47.0,60.1,59.0,67,1.2,4.0,54.5,49.5,58.2,54.5,28.0,28.0,25.9,25.5,33,13.1,16
1.0,0.1,0.5,Ohio,48.2,47,50,47.0,54.7,55.0,58,1.1,5.0,54.4,50.0,57.8,56.0,28.0,28.0,24.1,24.0,30,13.5,16
0.5,0.1,1.0,Ohio,48.2,47,50,47.0,52.3,53.5,56,0.9,4.0,54.7,53.5,60.4,58.0,28.0,28.0,22.6,23.0,30,14.4,17
2.0,0.1,2.0,Michigan,48.2,31,60,51.5,46.0,46.0,50,0.4,1.0,55.5,53.5,58.3,59.0,31.4,28.0,26.6,27.5,31,18.0,20
2.0,0.05,2.0,California,48.2,43,52,51.0,4.2,4.0,6,1.1,3.0,56.2,54.0,127.33333333333333,126.0,28.0,28.0,87.5,89.0,95,31.4,33
1.0,0.25,0.5,Maryland,48.3,44,61,44.0,13.0,13.0,15,0.0,0.0,53.5,53.0,58.7,61.0,62.7,68.0,18.2,18.0,24,2.6,5
1.0,0.05,2.0,Missouri,48.3,44,60,48.0,63.7,64.0,69,0.0,0.0,58.0,60.0,61.4,61.0,65.6,60.0,12.4,12.5,15,12.6,16
0.5,0.1,2.0,Michigan,48.3,31,60,51.5,46.1,46.5,50,0.3,1.0,55.3,54.5,57.6,57.0,40.0,28.0,26.4,26.5,31,16.6,21
0.5,0.25,1.0,New York,48.3,41,54,49.5,15.3,15.0,18,0.4,3.0,54.8,54.0,56.4,56.0,28.0,28.0,192.7,192.5,205,33.4,37
1.0,0.05,0.5,Wyoming,48.4,35,71,49.0,9.9,10.0,11,0.0,0.0,61.8,60.0,74.3,73.5,109.0,109.0,0.6666666666666666,1.0,1,0.1,1
0.5,0.1,2.0,Indiana,48.4,38,56,48.0,58.1,58.5,62,0.0,0.0,53.5,53.0,59.5,56.5,34.5,28.0,22.1,21.5,27,8.9,13
1.0,0.01,0.5,Illinois,48.5,31,72,45.5,31.4,31.0,39,0.0,0.0,71.8,72.0,80.1,78.0,92.1,85.5,7.3,7.5,9,1.8,3
2.0,0.25,2.0,Maryland,48.5,44,53,48.5,13.3,13.0,15,0.2,1.0,58.6,61.0,61.0,61.0,64.4,68.0,17.5,17.5,21,2.7,4
1.0,0.05,2.0,Florida,48.5,37,80,37.0,15.6,15.5,19,0.4,1.0,72.4,71.5,82.9,80.0,81.3,88.0,32.2,33.0,39,19.6,23
2.0,0.25,0.5,Oregon,48.6,47,63,47.0,17.3,17.5,19,0.0,0.0,55.3,54.0,63.9,63.0,50.4,56.0,9.1,9.0,11,3.3,4
1.0,0.25,2.0,Oregon,48.6,47,63,47.0,18.0,18.0,19,0.0,0.0,55.3,54.0,63.9,63.0,56.7,56.0,8.2,8.0,10,4.5,5
2.0,0.1,0.5,Indiana,48.6,46,56,48.0,57.6,58.0,63,0.0,0.0,53.2,50.5,57.1,56.0,32.4,28.0,26.2,25.0,32,10.3,14
1.0,0.01,2.0,South Dakota,48.7,37,68,37.0,40.4,40.0,44,0.0,0.0,61.1,66.0,63.2,68.0,106.4,100.0,10.6,12.0,14,4.2,6
0.5,0.1,0.5,Ohio,48.7,47,50,49.5,46.7,47.0,48,1.0,5.0,54.4,53.5,60.4,59.0,28.0,28.0,19.9,19.5,23,12.2,14
2.0,0.1,2.0,Ohio,48.7,47,50,49.5,60.7,60.0,64,1.5,4.0,56.3,53.5,61.7,62.0,28.0,28.0,27.9,28.5,32,13.5,17
0.5,0.1,1.0,Michigan,48.7,34,55,52.0,44.8,45.0,48,0.1,1.0,54.5,54.5,56.2,55.0,38.7,28.0,20.2,20.5,24,16.2,19
2.0,0.25,2.0,New York,48.7,41,54,49.5,16.4,16.5,20,0.4,2.0,53.2,55.0,56.6,57.0,28.0,28.0,213.4,215.0,223,34.3,38
2.0,0.1,1.0,Ohio,48.8,47,50,50.0,61.1,61.0,65,1.8,5.0,56.7,57.0,62.7,63.0,28.0,28.0,26.7,27.5,31,12.5,16
2.0,0.1,0.5,Ohio,48.8,47,50,50.0,60.3,60.5,63,1.3,4.0,56.3,55.0,62.1,63.5,28.0,28.0,27.8,27.0,33,13.3,17
2.0,0.1,1.0,Arizona,48.9,35,60,53.0,11.0,11.0,11,0.0,0.0,59.0,60.0,71.6,68.0,58.1,50.0,6.6,6.5,8,0.0,0
1.0,0.1,1.0,Indiana,48.9,40,63,46.0,57.2,57.5,61,0.0,0.0,53.2,50.0,57.5,56.0,34.7,28.0,21.5,21.0,25,10.2,13
1.0,0.1,0.5,Idaho,48.9,44,60,46.0,12.6,12.0,15,0.1,1.0,51.8,48.0,56.7,56.0,28.0,28.0,28.0,27.5,37,13.1,15
2.0,0.1,1.0,Michigan,48.9,31,59,52.0,47.0,47.0,50,0.2,1.0,55.9,55.0,58.5,59.5,28.0,28.0,25.5,24.5,34,17.0,20
2.0,0.05,1.0,Wyoming,49.0,49,49,49.0,13.7,14.0,14,0.0,0.0,56.5,52.0,67.8,71.0,109.0,109.0,1.4285714285714286,1.0,2,0.3,1
0.5,0.05,1.0,Nebraska,49.0,49,49,49.0,27.5,28.0,29,0.0,0.0,50.0,50.0,51.0,51.0,63.8,64.0,3.0,3.0,5,3.6,6
2.0,0.1,2.0,Indiana,49.0,38,56,48.0,57.8,57.0,63,0.0,0.0,54.2,53.0,58.9,56.5,36.9,28.0,25.5,25.0,30,10.7,14
0.5,0.05,2.0,Florida,49.0,37,61,49.0,15.1,16.0,18,0.3,1.0,70.3,71.0,83.0,80.0,70.9,79.0,25.2,24.5,31,19.2,23
0.5,0.01,1.0,Utah,49.1,30,86,32.5,11.3,11.0,12,0.2,1.0,78.9,85.0,96.1,95.0,62.8,63.5,8.0,8.0,12,1.5,3
0.5,0.1,2.0,Ohio,49.1,47,50,50.0,58.9,58.5,63,1.0,4.0,55.6,57.0,61.5,61.0,28.0,28.0,27.0,27.5,33,13.5,17
2.0,0.1,2.0,Arizona,49.2,35,73,49.5,11.0,11.0,11,0.0,0.0,63.7,60.0,72.0,68.0,64.6,89.0,6.0,6.0,9,0.0,0
0.5,0.25,0.5,Vermont,49.2,42,64,47.0,10.9,11.0,12,0.0,0.0,54.0,55.0,59.4,60.0,60.5,60.5,7.4,7.5,10,2.3,4
0.5,0.25,2.0,Maryland,49.2,44,61,44.0,13.0,13.0,14,0.0,0.0,55.2,57.0,59.4,61.0,57.5,57.0,19.8,19.5,24,2.9,4
0.5,0.1,0.5,Indiana,49.2,46,56,48.0,50.0,50.5,53,0.0,0.0,55.4,53.0,58.7,56.0,39.8,28.0,16.0,15.5,19,7.1,10
2.0,0.25,0.5,Maryland,49.3,44,61,48.5,13.7,14.0,15,0.0,0.0,54.3,57.0,58.6,61.0,58.5,58.0,20.2,20.0,28,2.1,4
0.5,0.25,2.0,Oregon,49.3,47,63,47.0,17.1,17.0,18,0.0,0.0,57.1,54.0,64.7,63.0,58.3,56.0,6.3,6.0,11,3.6,5
1.0,0.25,1.0,Oregon,49.3,47,63,47.0,17.2,17.0,19,0.0,0.0,56.2,54.0,64.3,63.0,53.9,56.0,8.2,8.0,12,3.6,5
1.0,0.05,2.0,California,49.3,43,52,52.0,4.1,4.0,5,0.6,3.0,55.2,54.0,129.0,126.0,28.0,28.0,88.8,89.0,97,31.4,33
0.5,0.25,1.0,Maryland,49.4,44,53,53.0,12.6,12.5,14,0.0,0.0,55.2,61.0,58.6,61.0,63.3,69.0,15.2,14.5,22,2.5,4
2.0,0.01,2.0,Colorado,49.4,43,71,43.0,22.5,23.0,25,0.2,1.0,63.3,71.0,71.9,79.0,46.0,28.0,40.0,39.5,46,5.3,7
1.0,0.1,2.0,Idaho,49.5,46,61,47.0,13.4,13.5,16,0.0,0.0,52.8,51.5,58.4,56.0,28.0,28.0,32.3,31.5,36,15.2,17
2.0,0.1,0.5,Michigan,49.5,34,54,52.0,45.9,46.0,50,0.1,1.0,54.6,55.0,57.4,58.5,35.5,28.0,29.0,29.0,38,17.3,22
0.5,0.05,2.0,Arizona,49.7,35,73,49.0,10.1,10.0,11,0.0,0.0,69.2,68.0,79.7,80.5,40.2,28.0,9.3,9.5,13,0.9,3
1.0,0.05,2.0,Ohio,49.7,47,50,50.0,60.3,59.0,66,3.0,5.0,69.6,69.0,76.7,74.0,28.0,28.0,25.7,26.0,30,11.4,14
0.5,0.05,2.0,Ohio,49.7,47,50,50.0,57.1,58.5,61,2.9,5.0,67.2,67.5,77.1,76.0,28.0,28.0,24.0,26.0,28,12.5,16
2.0,0.05,0.5,Wyoming,49.8,35,71,49.0,13.4,13.5,14,0.0,0.0,58.6,52.0,74.8,69.5,109.0,109.0,1.0,1.0,2,0.2,1
2.0,0.05,0.5,Indiana,49.8,38,56,50.0,55.4,55.0,59,0.0,0.0,57.1,56.5,63.3,68.0,30.0,28.0,23.5,22.5,29,10.0,12
0.5,0.1,2.0,Arizona,49.9,35,60,53.0,10.7,11.0,11,0.0,0.0,64.5,68.0,70.2,69.0,42.4,28.0,7.4,7.5,9,0.3,1
2.0,0.25,0.5,Vermont,49.9,42,64,47.0,11.9,12.0,13,0.0,0.0,53.0,51.5,58.1,59.0,60.5,60.5,5.5,5.5,7,2.1,4
0.5,0.1,0.5,Missouri,49.9,41,64,47.0,45.5,45.5,49,0.0,0.0,55.2,59.5,58.3,60.5,69.7,61.0,7.7,7.5,11,6.1,9
1.0,0.25,2.0,Maryland,50.0,44,61,44.0,12.8,13.0,15,0.1,1.0,57.0,57.0,61.0,61.0,61.2,68.0,19.4,18.5,27,3.0,4
2.0,0.01,0.5,Nebraska,50.0,43,58,50.5,26.9,26.0,30,0.0,0.0,57.0,53.5,70.3,74.0,114.8,88.0,4.6,4.5,7,4.8,7
1.0,0.1,2.0,Michigan,50.0,31,60,51.0,47.0,47.0,49,0.1,1.0,54.4,53.5,57.4,57.0,36.1,28.0,25.3,26.5,30,16.7,18
0.5,0.05,2.0,California,50.0,43,52,52.0,3.9,4.0,5,0.5,4.0,57.4,54.0,120.77777777777777,126.0,28.0,28.0,87.0,88.0,101,31.4,33
2.0,0.01,2.0,Nebraska,50.1,49,53,49.5,32.2,32.0,36,0.0,0.0,53.8,53.5,61.7,57.0,97.9,57.5,6.6,6.0,9,7.5,12
1.0,0.25,0.5,Oregon,50.2,47,63,47.0,15.5,15.5,17,0.0,0.0,56.6,54.0,64.8,63.0,65.7,56.0,5.9,6.0,8,3.4,4
1.0,0.1,0.5,Oregon,50.2,47,63,47.0,13.3,13.0,14,0.0,0.0,58.9,54.0,68.2,63.0,65.7,56.0,6.7,6.5,9,3.6,4
1.0,0.1,2.0,Oregon,50.2,47,63,47.0,15.8,15.0,19,0.0,0.0,62.0,54.0,73.6,63.0,51.5,56.0,7.3,8.0,9,3.9,4
1.0,0.05,0.5,California,50.2,43,52,52.0,3.9,4.0,5,0.3,2.0,56.6,54.0,157.88888888888889,126.0,28.0,28.0,84.6,85.0,91,30.2,33
2.0,0.05,2.0,Ohio,50.3,47,59,50.0,59.3,58.5,67,2.3,5.0,62.7,66.0,71.6,72.5,35.4,28.0,24.5,24.5,30,13.1,16
ALL,ALL,ALL,Florida,50.361111111111114,37,80,37.0,13.955555555555556,14.0,20,0.5833333333333334,9.0,73.33333333333333,71.0,86.04444444444445,80.0,68.91944444444445,79.0,22.56388888888889,24.0,45,19.308333333333334,27
1.0,0.01,2.0,Illinois,50.4,31,76,45.5,42.1,42.5,46,0.0,0.0,76.5,76.0,82.2,82.0,60.0,28.0,12.3,12.0,19,2.1,3
0.5,0.01,1.0,Nebraska,50.5,49,56,50.0,21.2,21.5,25,0.0,0.0,53.6,53.5,66.2,67.0,118.55555555555556,88.0,2.3,2.0,5,3.5,5
1.0,0.01,2.0,Colorado,50.5,43,72,46.0,21.8,21.5,24,0.4,2.0,62.9,64.5,70.2,71.0,54.7,38.5,36.2,35.5,45,5.6,8
0.5,0.05,2.0,Missouri,50.5,41,64,48.0,60.4,60.5,66,0.1,1.0,57.8,60.0,63.4,62.5,56.4,57.0,10.7,10.0,16,7.6,11
1.0,0.25,0.5,New York,50.5,41,56,54.0,16.1,16.5,19,0.0,0.0,56.7,56.0,58.8,58.0,28.0,28.0,191.4,190.5,203,33.5,39
1.0,0.25,2.0,Vermont,50.7,42,64,52.0,11.6,11.5,13,0.0,0.0,56.0,59.0,59.2,60.0,63.8,77.0,6.3,6.0,9,2.4,4
2.0,0.1,2.0,Pennsylvania,50.7,35,58,55.0,47.4,48.0,53,0.1,1.0,57.4,58.0,61.3,60.0,46.9,38.5,33.4,33.0,42,10.0,15
2.0,0.05,0.5,Ohio,50.7,50,57,50.0,58.6,58.5,64,2.4,5.0,64.4,62.0,72.5,72.0,28.0,28.0,25.9,26.0,32,12.7,17
0.5,0.05,1.0,Ohio,50.7,50,57,50.0,50.1,50.5,53,2.7,5.0,65.6,68.0,73.0,72.0,31.9,28.0,22.5,22.0,27,13.3,17
2.0,0.05,1.0,California,50.7,43,52,52.0,4.1,4.0,5,0.3,3.0,56.8,54.0,168.2,126.0,28.0,28.0,86.2,87.0,96,31.6,33
1.0,0.01,0.5,Colorado,50.8,43,72,43.0,18.7,18.5,21,0.3,2.0,65.4,71.0,74.0,71.5,47.8,38.5,26.3,27.0,34,5.1,7
2.0,0.25,1.0,Washington,50.8,46,61,49.0,13.1,13.0,16,1.9,7.0,66.0,57.0,93.6,95.0,74.0,69.0,11.0,10.5,15,13.4,16
2.0,0.25,0.5,Washington,50.8,46,61,49.0,11.4,11.0,15,2.3,8.0,69.9,61.0,101.7,107.0,74.6,69.0,9.4,9.0,14,14.1,15
0.5,0.01,1.0,South Dakota,50.9,37,66,56.0,33.0,32.5,37,0.0,0.0,62.3,63.5,67.1,68.0,97.7,95.0,5.1,5.0,7,1.5,3
0.5,0.25,0.5,Oregon,50.9,47,63,47.0,12.6,13.0,14,0.0,0.0,57.5,54.0,64.4,63.0,68.5,56.0,5.7,5.5,8,2.4,3
0.5,0.01,2.0,Utah,51.0,30,86,41.5,12.6,12.5,15,0.2,1.0,80.4,74.0,86.3,83.0,66.4,68.0,12.9,12.0,19,2.7,5
ALL,ALL,ALL,Tennessee,51.01111111111111,45,215,45.0,33.733333333333334,36.5,48,0.0,0.0,92.09166666666667,76.0,111.79722222222222,97.0,75.85352112676057,28.0,10.938888888888888,11.0,23,6.7444444444444445,13
2.0,0.01,1.0,Nebraska,51.1,49,56,51.0,29.2,29.0,32,0.0,0.0,61.9,56.0,70.8,75.5,129.4,189.0,5.6,5.0,10,6.3,9
2.0,0.01,0.5,Illinois,51.2,31,88,45.5,39.8,39.5,44,0.1,1.0,76.0,74.0,83.7,86.5,97.4,85.5,11.1,11.0,15,2.4,4
1.0,0.01,0.5,Nebraska,51.2,49,56,50.5,24.0,23.5,30,0.0,0.0,58.2,53.0,67.2,56.0,124.125,122.0,1.9,1.5,4,3.0,4
2.0,0.05,0.5,California,51.2,43,64,52.0,3.8,4.0,5,3.2,26.0,63.8,54.0,136.0,126.0,28.0,28.0,82.8,84.0,96,31.4,33
1.0,0.1,2.0,Pennsylvania,51.3,35,58,54.0,46.5,46.5,51,0.5,2.0,57.6,58.0,61.5,62.0,47.8,28.0,32.5,32.0,44,11.3,16
1.0,0.1,0.5,Pennsylvania,51.4,35,60,55.0,46.4,46.0,52,0.2,2.0,59.9,58.0,62.7,59.5,53.7,57.5,26.5,26.5,35,8.5,13
0.5,0.1,1.0,Idaho,51.4,44,61,48.0,10.7,11.0,12,0.1,1.0,54.2,56.0,59.9,60.5,28.0,28.0,26.1,26.0,31,12.2,15
2.0,0.25,2.0,Washington,51.4,46,61,52.0,12.4,12.0,15,3.4,7.0,80.3,77.0,110.2,107.0,76.6,70.5,9.8,10.0,13,13.9,16
1.0,0.1,1.0,Pennsylvania,51.5,40,58,54.5,48.0,48.0,52,0.0,0.0,58.9,58.0,65.2,60.5,59.0,61.5,30.1,31.0,37,8.6,12
1.0,0.1,2.0,New York,51.5,41,56,54.0,15.0,13.5,19,0.4,2.0,57.3,56.0,62.5,62.0,28.0,28.0,204.4,204.0,217,34.5,37
1.0,0.01,0.5,South Dakota,51.6,37,70,48.0,34.3,34.0,40,0.0,0.0,65.8,68.0,67.8,69.0,119.8,115.0,5.0,5.0,8,1.6,3
0.5,0.1,0.5,Pennsylvania,51.6,40,58,55.0,42.3,42.5,46,0.0,0.0,58.3,58.0,62.1,60.5,48.3,38.5,26.6,27.0,32,9.4,11
2.0,0.05,1.0,Ohio,51.6,50,66,50.0,59.3,59.5,64,2.4,5.0,67.2,66.5,73.6,72.0,28.0,28.0,24.2,24.0,30,12.5,16
1.0,0.05,0.5,Ohio,51.6,47,70,50.0,52.1,51.5,56,1.9,5.0,60.6,59.5,70.4,70.0,34.8,28.0,24.6,25.0,29,13.2,15
0.5,0.05,0.5,California,51.6,50,52,52.0,2.7,3.0,3,0.0,0.0,60.0,64.0,126.0,126.0,28.0,28.0,68.5,67.5,78,28.6,30
ALL,ALL,ALL,Missouri,51.71944444444444,41,94,47.0,56.47222222222222,59.0,76,0.013888888888888888,1.0,58.605555555555554,54.5,63.93333333333333,61.0,79.83844011142061,60.0,9.605555555555556,10.0,20,8.897222222222222,19
0.5,0.25,2.0,Vermont,51.8,42,64,47.0,11.9,12.0,13,0.0,0.0,53.3,50.5,57.3,55.0,60.5,60.5,6.2,6.5,9,2.1,3
0.5,0.1,1.0,Oregon,51.8,47,63,47.0,14.0,14.5,16,0.0,0.0,62.5,63.0,73.0,67.0,68.5,56.0,5.6,5.0,8,3.4,4
1.0,0.01,1.0,Nebraska,51.8,49,58,51.0,27.8,28.0,33,0.0,0.0,63.5,58.0,73.6,75.5,76.6,28.0,3.3,3.0,6,3.4,5
1.0,0.05,1.0,California,51.9,43,64,52.0,4.2,4.0,5,2.7,25.0,68.0,64.0,144.7,126.0,28.0,28.0,83.6,83.0,95,31.4,32
ALL,ALL,ALL,California,51.90555555555556,43,105,52.0,4.033333333333333,4.0,8,3.742296918767507,31.0,70.5798319327731,54.0,143.96096096096096,126.0,28.0,28.0,80.11666666666666,82.0,101,30.502777777777776,34
0.5,0.25,0.5,North Dakota,52.0,52,52,52.0,11.4,11.5,13,0.0,0.0,63.0,63.0,72.0,66.0,152.0,148.0,0.8888888888888888,1.0,2,1.3,3
2.0,0.25,1.0,Maryland,52.0,44,61,53.0,13.8,13.5,15,0.0,0.0,59.5,61.0,60.3,61.0,68.2,68.0,19.1,18.0,25,2.2,3
0.5,0.25,2.0,North Dakota,52.0,52,52,52.0,17.6,17.5,21,0.0,0.0,63.0,63.0,72.0,66.0,223.0,229.0,3.3,3.0,5,2.6,4
0.5,0.25,1.0,North Dakota,52.0,52,52,52.0,11.4,11.0,13,0.0,0.0,63.0,63.0,73.5,73.5,161.0,176.0,1.2,1.0,3,2.9,5
1.0,0.25,0.5,North Dakota,52.0,52,52,52.0,11.6,12.0,13,0.0,0.0,63.0,63.0,75.0,81.0,153.6,148.0,0.6,0.5,2,3.1,4
1.0,0.25,1.0,North Dakota,52.0,52,52,52.0,18.2,18.0,20,0.0,0.0,63.0,63.0,76.5,81.0,179.6,162.0,3.3,3.0,6,3.4,4
1.0,0.25,2.0,North Dakota,52.0,52,52,52.0,19.6,19.5,22,0.0,0.0,63.0,63.0,76.5,81.0,228.0,262.0,7.7,8.0,9,3.6,6
2.0,0.25,0.5,North Dakota,52.0,52,52,52.0,18.6,18.5,20,0.0,0.0,63.0,63.0,75.0,81.0,195.1,162.0,4.1,4.0,7,3.8,5
2.0,0.25,1.0,North Dakota,52.0,52,52,52.0,19.0,19.0,21,0.0,0.0,63.0,63.0,75.0,81.0,239.6,262.0,6.8,6.5,10,4.3,6
0.5,0.05,1.0,California,52.0,52,52,52.0,3.5,3.0,5,0.0,0.0,58.2,54.0,126.8,126.0,28.0,28.0,78.4,79.5,91,30.0,31
0.5,0.25,1.0,Vermont,52.1,42,64,52.0,12.0,13.0,13,0.0,0.0,55.5,58.0,58.9,59.5,63.8,77.0,6.7,6.0,9,2.0,5
0.5,0.01,2.0,Nebraska,52.1,49,59,51.0,26.8,26.5,29,0.0,0.0,59.6,56.0,68.5,66.5,98.8,60.0,3.9,4.0,6,4.7,7
1.0,0.1,1.0,Idaho,52.1,46,61,48.0,12.2,11.5,16,0.2,1.0,54.8,55.0,59.6,56.0,28.0,28.0,32.1,31.0,37,15.0,17
2.0,0.1,1.0,New York,52.1,45,56,54.0,14.6,14.5,17,0.3,1.0,60.0,56.0,64.8,67.0,28.0,28.0,202.9,203.0,218,35.6,38
ALL,ALL,ALL,Wyoming,52.12777777777778,35,201,49.0,10.95,12.0,14,0.0,0.0,67.46944444444445,52.0,81.44817927170868,68.0,119.31660231660231,109.0,1.250936329588015,1.0,3,0.4361111111111111,1
0.5,0.1,0.5,Arizona,52.2,35,73,53.5,9.7,10.0,10,0.0,0.0,63.1,60.0,71.9,68.0,65.1,69.5,4.2,4.0,5,0.0,0
2.0,0.05,2.0,Michigan,52.2,31,60,53.5,46.1,47.0,50,0.2,1.0,59.8,60.0,62.8,64.5,53.1,59.5,21.8,23.0,26,17.1,22
2.0,0.01,1.0,Louisiana,52.3,39,172,39.0,3.9,4.0,5,0.0,0.0,212.3,204.5,334.0,260.0,28.0,28.0,1.0,1.0,1,0.0,0
0.5,0.05,2.0,Indiana,52.4,46,56,56.0,54.2,54.5,57,0.0,0.0,59.6,65.0,66.7,71.0,44.7,28.0,20.9,20.5,24,8.5,11
1.0,0.05,1.0,Missouri,52.5,41,65,48.5,60.5,61.0,63,0.0,0.0,61.0,64.5,67.3,68.0,63.0,65.5,9.9,10.5,12,8.0,12
1.0,0.05,2.0,Michigan,52.6,31,60,53.0,47.0,49.0,50,0.3,2.0,59.5,60.0,62.2,63.0,47.2,28.0,23.9,24.0,29,16.5,23
1.0,0.1,0.5,New York,52.6,41,67,54.0,15.3,14.5,19,0.3,2.0,58.0,56.0,61.9,60.0,28.0,28.0,190.2,189.5,203,33.9,37
2.0,0.05,1.0,Missouri,52.7,41,68,48.0,65.6,66.0,69,0.0,0.0,59.0,60.0,63.6,62.5,71.4,75.0,12.4,13.0,16,11.6,13
0.5,0.1,0.5,Michigan,52.7,49,60,52.0,40.7,41.0,46,0.0,0.0,55.9,55.0,57.9,57.5,63.2,62.0,18.3,18.0,26,14.0,17
0.5,0.1,2.0,Idaho,52.7,44,61,52.5,12.0,12.0,14,1.2,10.0,57.2,60.5,63.0,61.5,28.0,28.0,30.2,30.5,34,14.2,17
1.0,0.1,1.0,Arizona,52.8,38,60,53.5,10.8,11.0,11,0.0,0.0,65.4,68.0,75.8,80.5,48.5,28.0,7.0,7.0,10,0.2,1
0.5,0.1,1.0,Pennsylvania,52.8,35,59,58.0,44.1,44.0,49,0.0,0.0,56.8,60.0,62.8,63.0,40.4,28.0,31.1,29.5,41,9.0,13
0.5,0.1,2.0,New York,52.8,41,56,55.0,14.7,14.5,21,0.3,2.0,60.1,57.0,64.9,67.0,28.0,28.0,205.9,205.0,220,35.0,41
0.5,0.01,0.5,South Dakota,53.0,37,70,51.5,27.9,28.0,33,0.0,0.0,61.7,62.5,66.5,65.0,108.8,104.0,4.0,4.0,6,1.3,3
2.0,0.1,1.0,Pennsylvania,53.0,35,58,56.5,47.1,47.0,51,0.1,1.0,59.0,59.0,63.6,62.0,58.5,68.0,29.9,29.5,38,9.8,15
0.5,0.1,2.0,Pennsylvania,53.0,35,58,56.5,46.7,47.5,51,0.0,0.0,60.0,59.0,64.9,64.0,62.3,72.0,29.0,28.0,42,10.0,15
0.5,0.05,0.5,Florida,53.0,37,80,59.5,16.6,17.0,19,0.8,2.0,77.6,80.0,89.6,90.0,80.9,86.0,11.6,11.5,15,11.6,15
1.0,0.05,2.0,Indiana,53.0,46,56,56.0,55.0,54.5,59,0.0,0.0,60.3,65.0,69.7,71.0,40.9,28.0,23.8,23.0,28,11.8,16
2.0,0.1,0.5,Idaho,53.0,46,61,53.5,12.1,12.5,14,0.5,3.0,56.2,58.5,62.3,60.5,28.0,28.0,32.4,32.0,38,15.7,18
2.0,0.25,2.0,North Dakota,53.1,52,63,52.0,20.1,20.0,23,0.0,0.0,64.8,63.0,74.0,73.5,166.4,162.0,7.6,7.5,11,4.2,5
0.5,0.1,0.5,Idaho,53.1,46,61,53.5,9.8,9.5,12,0.0,0.0,55.3,58.0,61.6,59.0,28.0,28.0,24.2,24.5,29,10.8,12
2.0,0.25,1.0,New York,53.1,45,54,54.0,17.2,17.0,19,0.1,1.0,55.8,56.0,58.2,58.0,28.0,28.0,207.6,209.0,222,33.7,39
1.0,0.01,1.0,South Dakota,53.2,37,70,57.5,40.0,40.0,44,0.0,0.0,66.6,67.0,68.8,68.5,101.1,95.0,8.2,8.0,11,1.9,4
1.0,0.01,1.0,Colorado,53.2,43,72,49.0,21.3,22.0,23,0.2,1.0,68.4,69.5,75.8,75.5,68.8,81.0,32.1,32.0,42,5.3,9
2.0,0.1,2.0,Idaho,53.2,46,61,53.5,13.5,13.0,16,0.0,0.0,55.2,57.5,62.0,58.5,28.0,28.0,32.4,31.5,39,15.3,18
1.0,0.05,0.5,Michigan,53.2,34,60,53.5,43.2,43.0,48,0.1,1.0,59.7,59.0,61.7,60.0,57.0,62.0,22.4,22.5,26,16.4,21
2.0,0.01,2.0,Illinois,53.3,31,88,49.5,44.9,43.5,51,0.1,1.0,76.1,73.5,85.8,83.0,59.2,28.0,13.2,12.5,18,2.2,4
1.0,0.05,0.5,Indiana,53.3,46,65,56.0,51.0,51.0,57,0.0,0.0,60.3,65.0,65.7,71.0,46.5,28.0,19.8,19.5,26,8.9,12
0.5,0.25,1.0,Washington,53.3,46,61,52.0,11.1,11.0,15,4.4,8.0,87.3,93.0,112.2,110.5,80.6,90.0,6.9,7.0,11,12.3,14
2.0,0.1,1.0,Idaho,53.3,44,61,54.0,13.5,14.0,16,1.3,13.0,59.0,60.0,64.2,61.0,28.0,28.0,33.6,33.0,40,15.2,19
2.0,0.05,0.5,Michigan,53.3,34,62,53.5,46.0,46.0,50,0.0,0.0,58.6,59.5,61.8,62.0,45.2,28.0,24.3,24.0,33,16.9,20
2.0,0.01,1.0,Illinois,53.4,31,114,45.5,43.2,43.0,46,0.0,0.0,79.3,72.0,88.2,88.0,89.1,53.0,12.3,12.5,19,1.5,3
1.0,0.1,1.0,Oregon,53.4,47,63,47.0,15.0,15.0,17,0.0,0.0,62.8,63.0,72.0,67.0,51.5,56.0,7.1,7.0,9,3.7,5
2.0,0.1,0.5,Arizona,53.5,38,60,56.5,10.9,11.0,11,0.0,0.0,65.1,68.0,74.6,74.5,60.7,69.5,6.1,6.0,8,0.1,1
0.5,0.25,0.5,North Carolina,53.5,53,54,53.5,11.5,11.5,14,0.0,0.0,69.3,64.5,90.2,87.0,103.0,103.0,3.9,4.0,5,0.2,1
1.0,0.05,2.0,Arizona,53.6,35,73,60.0,10.7,11.0,11,0.0,0.0,67.9,68.0,78.3,81.0,28.0,28.0,8.1,7.5,12,0.3,1
ALL,ALL,ALL,Michigan,53.65833333333333,31,106,52.0,42.18888888888889,43.0,52,0.19722222222222222,4.0,60.233333333333334,59.0,64.72222222222223,60.0,49.986111111111114,28.0,23.233333333333334,23.0,43,17.863888888888887,28
1.0,0.05,0.5,Florida,53.8,37,80,49.0,16.1,15.5,20,0.7,1.0,77.6,77.5,86.5,90.5,87.4,93.0,17.2,17.0,20,17.1,20
1.0,0.05,1.0,Florida,53.8,37,61,61.0,14.3,14.0,18,0.1,1.0,71.9,71.0,80.5,80.0,80.0,81.5,25.0,24.0,29,20.6,23
ALL,ALL,ALL,Indiana,53.897222222222226,38,93,50.0,52.18333333333333,54.0,64,0.011111111111111112,1.0,60.42777777777778,56.0,65.98333333333333,64.5,54.03611111111111,28.0,20.733333333333334,21.0,36,9.869444444444444,16
1.0,0.1,0.5,Arizona,53.9,38,60,55.0,10.9,11.0,11,0.0,0.0,64.5,68.0,71.0,69.0,48.5,28.0,7.3,7.5,9,0.1,1
0.5,0.05,0.5,Missouri,53.9,41,64,54.0,39.3,39.0,44,0.0,0.0,59.8,61.0,64.4,64.0,81.4,89.0,7.4,7.5,11,5.2,7
2.0,0.1,0.5,Pennsylvania,53.9,40,58,55.0,47.9,48.5,52,0.3,2.0,59.9,58.0,64.4,62.0,52.0,54.0,29.2,29.0,33,9.6,14
2.0,0.1,2.0,New York,53.9,41,56,56.0,13.5,13.0,18,0.0,0.0,59.7,58.0,65.9,67.0,28.0,28.0,195.7,196.0,211,36.5,45
0.5,0.25,1.0,Massachusetts,54.0,49,62,49.0,9.1,9.0,10,0.0,0.0,76.7,84.5,90.0,92.0,168.7,186.0,3.0,3.0,4,0.0,0
2.0,0.25,1.0,Pennsylvania,54.0,53,55,54.0,51.3,51.0,55,0.0,0.0,56.2,56.5,57.4,58.0,32.4,28.0,32.1,33.0,36,7.9,10
2.0,0.05,1.0,Indiana,54.0,46,65,53.0,55.6,56.0,59,0.0,0.0,59.9,59.5,64.8,65.0,48.4,28.0,23.4,23.0,32,11.0,13
0.5,0.01,0.5,Wisconsin,54.1,47,64,56.5,30.2,30.0,34,0.2,2.0,62.0,62.5,67.9,66.0,42.6,28.0,51.7,52.5,58,27.1,30
1.0,0.1,1.0,North Dakota,54.2,52,63,52.0,14.9,15.0,18,0.0,0.0,66.9,63.0,80.7,81.0,201.8,176.0,3.9,4.0,6,2.8,4
2.0,0.1,0.5,North Dakota,54.2,52,63,52.0,16.1,16.0,18,0.0,0.0,65.1,63.0,78.6,81.0,209.6,247.0,6.4,6.0,10,3.3,5
0.5,0.1,0.5,New York,54.3,45,56,56.0,13.2,13.0,19,0.2,2.0,60.7,60.0,67.9,67.0,28.0,28.0,153.6,151.0,166,34.2,39
1.0,0.1,1.0,New York,54.3,45,56,56.0,14.4,14.0,18,0.2,2.0,61.2,60.0,65.6,64.5,28.0,28.0,204.4,199.5,232,35.6,40
ALL,ALL,ALL,Louisiana,54.31666666666667,39,286,39.0,4.230555555555555,4.0,7,0.0,0.0,181.3839541547278,172.0,227.3538961038961,230.0,58.597938144329895,28.0,0.56,1.0,2,0.30277777777777776,1
2.0,0.01,0.5,Utah,54.4,30,86,54.5,13.6,13.0,17,0.0,0.0,87.8,86.0,98.8,100.0,60.9,50.0,12.6,12.5,16,1.6,3
0.5,0.05,0.5,Michigan,54.4,31,60,59.0,38.2,38.0,42,0.1,1.0,61.1,60.0,63.2,64.0,68.6,74.0,14.8,14.5,19,13.7,17
0.5,0.05,2.0,Michigan,54.4,48,60,53.5,45.1,44.5,51,0.4,4.0,59.8,59.5,63.6,63.5,55.9,66.5,25.8,25.0,30,16.9,23
1.0,0.1,2.0,Maryland,54.5,44,62,53.0,12.0,12.0,14,0.1,1.0,60.7,61.0,66.6,61.5,67.9,70.0,14.9,14.5,19,3.7,6
0.5,0.01,1.0,Colorado,54.5,43,72,43.0,16.5,17.5,18,0.2,1.0,65.6,66.5,75.8,76.0,57.6,49.0,23.9,23.5,34,4.9,7
1.0,0.25,1.0,Washington,54.6,46,61,53.0,12.1,12.0,14,2.8,7.0,73.6,77.0,107.2,107.0,75.8,69.0,10.1,10.5,12,12.8,15
0.5,0.01,0.5,Nebraska,54.7,49,87,51.0,15.2,15.0,18,0.0,0.0,62.9,57.0,74.4,74.0,108.25,68.5,0.5,0.0,2,2.3,4
0.5,0.05,0.5,Ohio,54.7,50,70,50.0,46.2,45.0,53,2.9,5.0,72.3,70.0,78.2,75.0,41.5,28.0,17.5,17.5,21,10.1,14
0.5,0.01,2.0,Illinois,54.8,31,78,62.5,38.0,37.0,41,0.0,0.0,74.4,74.0,86.2,88.0,86.7,53.0,10.1,10.0,13,2.8,5
1.0,0.25,2.0,Washington,54.8,52,61,52.0,12.2,12.0,14,5.2,7.0,91.0,95.0,115.5,107.0,79.3,79.5,9.3,9.0,14,14.5,17
1.0,0.01,0.5,Wisconsin,54.8,36,70,58.0,35.7,36.5,40,0.0,0.0,62.5,62.5,68.4,67.5,39.1,28.0,63.5,64.5,70,24.6,32
2.0,0.01,0.5,Colorado,54.9,43,71,53.5,20.5,20.0,23,0.3,2.0,70.0,72.0,77.4,80.0,39.0,28.0,33.5,32.5,45,6.0,7
1.0,0.01,1.0,Wisconsin,54.9,47,67,58.0,35.7,35.0,42,0.0,0.0,62.4,63.0,70.8,71.0,31.4,28.0,75.1,74.5,84,25.3,28
0.5,0.1,0.5,Oregon,55.0,47,63,55.0,12.2,12.5,14,0.0,0.0,62.8,65.0,76.6,75.0,76.7,75.5,5.1,5.0,8,2.7,4
2.0,0.1,0.5,Oregon,55.0,47,63,55.0,16.2,16.5,18,0.0,0.0,62.4,65.0,75.7,69.5,74.2,75.5,7.5,6.5,12,3.8,5
2.0,0.1,2.0,Oregon,55.0,47,63,55.0,16.8,17.0,18,0.0,0.0,61.4,65.0,73.1,69.5,58.9,56.0,8.0,8.0,10,4.4,5
0.5,0.25,2.0,Washington,55.0,46,61,52.0,11.7,12.0,14,4.9,8.0,88.3,86.0,111.4,107.0,81.6,90.0,10.1,10.5,13,11.6,13
ALL,ALL,ALL,Idaho,55.09722222222222,44,97,59.5,12.463888888888889,13.0,18,0.44722222222222224,13.0,62.81944444444444,61.0,69.675,62.0,32.733333333333334,28.0,28.458333333333332,29.0,40,12.622222222222222,19
2.0,0.05,1.0,Arizona,55.1,35,73,60.0,10.8,11.0,11,0.0,0.0,69.0,68.0,81.4,81.0,28.0,28.0,8.8,8.5,12,0.2,1
0.5,0.1,1.0,Maryland,55.1,44,61,61.0,11.2,11.0,12,0.0,0.0,59.4,61.0,62.6,62.0,65.3,69.0,14.8,14.5,19,3.9,6
0.5,0.05,1.0,Missouri,55.1,45,64,57.0,47.3,46.5,54,0.0,0.0,60.8,61.0,64.7,64.0,66.4,66.0,8.6,9.0,11,6.2,12
1.0,0.01,2.0,Nebraska,55.2,43,81,50.0,29.2,28.5,34,0.0,0.0,60.4,52.0,65.4,56.0,154.5,189.0,5.3,5.0,8,5.1,8
2.0,0.1,0.5,New York,55.2,54,56,56.0,15.0,15.5,19,0.0,0.0,61.2,60.0,65.1,67.0,28.0,28.0,200.9,205.5,219,34.6,39
0.5,0.1,1.0,North Dakota,55.3,52,63,52.0,10.0,10.0,12,0.0,0.0,68.4,63.0,82.7,81.0,166.0,176.0,0.8,1.0,2,1.3,2
2.0,0.25,2.0,Vermont,55.3,42,64,54.5,12.1,12.0,13,0.0,0.0,57.9,61.5,60.1,62.0,70.4,77.0,5.9,6.0,7,1.9,4
1.0,0.1,2.0,North Dakota,55.3,52,63,52.0,15.6,15.5,18,0.0,0.0,69.0,64.5,82.7,81.0,204.7,211.5,8.1,8.0,11,3.5,5
2.0,0.01,1.0,Utah,55.4,30,100,50.0,13.5,13.5,16,0.0,0.0,82.5,85.0,88.8,90.0,67.7,64.5,13.2,14.5,15,1.8,3
2.0,0.05,2.0,Indiana,55.4,46,65,56.0,54.2,54.0,60,0.0,0.0,59.1,56.5,64.0,65.0,38.0,28.0,27.4,26.5,32,11.8,15
2.0,0.25,2.0,Nevada,55.5,51,56,56.0,5.0,5.0,5,0.0,0.0,62.5,61.0,70.7,69.5,311.44444444444446,341.0,1.5555555555555556,2.0,2,0.0,0
0.5,0.25,0.5,Washington,55.5,46,72,52.0,11.3,10.5,16,4.1,8.0,87.2,93.0,107.9,107.0,82.4,88.5,6.2,6.0,8,8.3,11
2.0,0.1,1.0,North Dakota,55.6,52,66,52.0,17.7,18.0,19,0.0,0.0,68.4,63.0,79.5,81.0,203.0,176.0,8.7,8.5,12,4.1,6
1.0,0.25,2.0,North Carolina,55.7,53,75,54.0,33.2,33.0,35,0.0,0.0,77.1,87.0,93.2,95.0,107.8,121.0,10.0,10.0,13,3.4,6
0.5,0.1,2.0,Oregon,55.7,47,63,58.5,14.8,15.0,16,0.0,0.0,64.6,65.0,74.8,69.5,76.1,75.5,5.4,5.0,7,3.7,5
2.0,0.1,1.0,Oregon,55.7,47,63,58.5,16.4,16.0,18,0.0,0.0,62.3,65.0,75.3,78.5,73.3,73.5,7.1,7.5,8,3.8,5
0.5,0.25,1.0,Delaware,55.8,51,63,51.0,2.5,2.5,3,0.0,0.0,156.4,206.0,254.2,206.0,62.0,62.0,1.0,1.0,1,0.0,0
2.0,0.01,0.5,Wisconsin,55.8,41,65,55.5,37.1,36.5,42,0.1,1.0,65.9,65.0,69.3,71.5,46.0,28.0,68.9,69.0,80,23.7,27
0.5,0.1,1.0,New York,55.8,54,62,56.0,15.4,16.0,20,0.3,2.0,61.0,60.0,64.7,67.0,28.0,28.0,182.2,184.5,191,33.4,36
1.0,0.05,0.5,Missouri,55.9,41,64,60.0,52.7,53.5,56,0.0,0.0,59.6,61.0,65.1,64.5,82.1,89.0,7.3,7.0,11,6.6,9
2.0,0.05,2.0,Idaho,55.9,46,61,59.5,14.2,13.5,17,0.4,3.0,61.6,60.5,64.3,61.5,28.0,28.0,32.0,33.0,35,14.1,16
0.5,0.25,1.0,Nevada,56.0,56,56,56.0,4.3,4.0,5,0.0,0.0,64.1,61.0,69.7,69.0,175.0,175.0,1.0,1.0,1,0.0,0
1.0,0.25,2.0,Nevada,56.0,51,61,56.0,4.7,5.0,5,0.0,0.0,66.0,69.0,71.7,70.0,228.1,175.0,1.5,1.5,2,0.0,0
2.0,0.25,1.0,Nevada,56.0,56,56,56.0,5.0,5.0,5,0.0,0.0,68.5,69.0,70.8,70.0,285.6666666666667,341.0,1.5555555555555556,2.0,2,0.0,0
2.0,0.25,0.5,Nevada,56.0,51,61,56.0,4.7,5.0,5,0.0,0.0,65.9,69.0,73.9,73.0,246.14285714285714,175.0,1.2857142857142858,1.0,2,0.0,0
0.5,0.1,0.5,North Dakota,56.0,52,81,52.0,9.0,9.0,11,0.0,0.0,67.2,63.0,82.2,81.0,157.33333333333334,148.0,0.6,1.0,1,0.4,2
1.0,0.1,1.0,Maryland,56.0,53,67,53.0,12.1,12.0,14,0.0,0.0,63.7,61.0,65.6,61.0,75.2,71.5,14.5,15.0,23,3.3,4
1.0,0.25,0.5,Washington,56.0,46,61,57.0,11.1,11.0,13,3.7,7.0,81.1,77.0,112.9,110.5,75.5,72.0,8.5,8.0,12,11.8,14
1.0,0.05,1.0,Michigan,56.1,52,64,55.0,45.7,45.5,49,0.1,1.0,60.5,59.5,62.2,62.5,51.4,59.5,24.3,24.0,31,15.6,20
ALL,ALL,ALL,Arizona,56.147222222222226,35,115,57.0,10.144444444444444,11.0,11,0.019444444444444445,1.0,69.46388888888889,68.0,81.21944444444445,80.0,49.11388888888889,28.0,7.4944444444444445,7.0,17,0.5138888888888888,4
2.0,0.1,0.5,Maryland,56.2,53,61,53.0,12.7,12.5,15,0.0,0.0,61.6,61.0,65.7,61.5,72.8,70.5,14.6,14.5,19,2.7,4
0.5,0.1,2.0,Maryland,56.2,44,62,61.0,11.5,11.5,15,0.1,1.0,62.3,61.0,64.2,62.0,67.8,68.0,15.9,16.5,20,3.5,6
0.5,0.01,0.5,Illinois,56.3,31,88,66.5,21.8,21.0,28,0.0,0.0,74.6,72.0,81.7,83.5,100.7,99.0,4.5,4.5,7,0.6,2
ALL,ALL,ALL,Oregon,56.38611111111111,47,63,63.0,14.080555555555556,14.0,19,0.0,0.0,76.45277777777778,67.0,92.38333333333334,85.0,103.86158192090396,95.0,5.538888888888889,6.0,13,3.188888888888889,5
2.0,0.25,2.0,Massachusetts,56.4,49,62,60.0,10.6,11.0,11,0.0,0.0,74.6,82.0,86.0,87.0,159.55555555555554,207.0,2.3333333333333335,2.0,4,0.0,0
0.5,0.25,2.0,Massachusetts,56.6,49,62,61.0,10.4,10.0,11,0.0,0.0,82.0,87.0,91.0,92.0,194.875,191.0,1.875,2.0,3,0.0,0
2.0,0.05,2.0,Oregon,56.6,47,63,63.0,15.2,15.5,17,0.0,0.0,70.3,67.0,88.1,91.5,99.2,93.0,7.1,6.5,10,3.5,4
0.5,0.05,1.0,Indiana,56.6,50,65,56.0,49.5,49.5,52,0.0,0.0,63.5,65.0,69.8,71.0,38.7,28.0,17.9,17.5,23,8.8,12
0.5,0.05,2.0,New York,56.6,45,67,56.0,11.8,11.0,17,2.9,14.0,72.3,67.0,82.9,85.0,28.0,28.0,196.3,193.5,210,37.7,43
1.0,0.1,0.5,North Dakota,56.7,52,66,52.0,11.4,11.5,13,0.0,0.0,72.0,72.0,81.4,83.5,157.75,148.0,1.1,1.0,2,2.1,3
1.0,0.25,1.0,North Carolina,56.7,53,87,53.0,32.3,33.0,33,0.0,0.0,73.4,81.0,90.4,91.0,99.4,85.0,8.3,8.0,12,2.3,3
2.0,0.05,1.0,Michigan,56.7,52,65,55.0,46.4,46.5,48,0.0,0.0,60.3,59.5,62.1,62.5,42.2,28.0,24.6,24.0,31,16.5,18
2.0,0.25,0.5,North Carolina,56.8,53,87,53.5,33.3,33.0,34,0.0,0.0,72.2,75.0,95.4,87.0,97.9,103.0,10.3,11.0,12,2.2,4
0.5,0.1,0.5,Maryland,56.8,44,61,61.0,10.8,10.5,14,0.0,0.0,60.3,61.0,64.0,62.0,67.2,69.0,11.3,12.0,15,3.5,6
2.0,0.05,0.5,Pennsylvania,56.8,35,63,58.0,43.6,43.5,46,0.2,2.0,68.7,70.0,75.5,80.0,76.1,81.0,27.5,26.5,34,11.8,17
1.0,0.1,0.5,Maryland,57.0,44,62,61.0,11.1,11.0,13,0.0,0.0,60.9,61.0,64.6,64.5,70.5,70.0,15.5,15.5,21,4.3,6
0.5,0.05,1.0,New York,57.1,56,67,56.0,10.9,11.0,14,0.6,5.0,68.2,67.0,81.9,81.0,28.0,28.0,173.3,174.5,185,37.1,40
2.0,0.05,0.5,Idaho,57.2,44,61,60.0,13.2,13.0,18,0.1,1.0,60.0,61.0,70.5,73.5,28.0,28.0,31.4,32.5,35,13.5,17
2.0,0.01,2.0,Wisconsin,57.2,47,71,58.0,37.6,38.0,40,0.0,0.0,64.3,65.0,70.6,71.5,42.8,28.0,71.4,70.5,82,24.5,32
1.0,0.25,0.5,Nevada,57.3,51,69,56.0,4.7,5.0,5,0.0,0.0,66.7,69.0,75.3,70.0,175.0,175.0,1.0,1.0,1,0.0,0
0.5,0.25,2.0,Nevada,57.3,51,69,56.0,4.7,5.0,5,0.0,0.0,62.5,61.0,75.6,71.0,175.0,175.0,1.0,1.0,1,0.0,0
1.0,0.1,0.5,Nevada,57.3,51,69,56.0,4.3,4.0,5,0.0,0.0,71.0,69.5,79.3,71.5,175.0,175.0,1.0,1.0,1,0.0,0
0.5,0.05,1.0,Pennsylvania,57.3,40,69,58.0,41.2,41.0,44,0.1,1.0,72.1,74.0,78.0,80.0,78.6,88.5,23.6,23.0,29,9.1,11
1.0,0.01,2.0,California,57.4,52,94,52.0,3.5,3.5,5,12.1,28.0,145.7,115.5,241.55555555555554,296.0,28.0,28.0,73.5,72.5,80,30.0,31
2.0,0.25,0.5,Massachusetts,57.5,49,62,60.0,10.3,10.0,11,0.0,0.0,71.2,63.0,82.0,87.0,192.375,217.0,2.125,2.0,5,0.0,0
0.5,0.1,2.0,North Dakota,57.5,52,63,57.5,15.5,15.5,20,0.0,0.0,72.3,73.5,83.9,83.5,236.4,282.0,3.4,3.5,5,2.2,4
2.0,0.1,2.0,North Dakota,57.5,52,63,57.5,18.4,18.0,21,0.0,0.0,72.0,72.0,79.3,83.5,206.5,211.5,6.8,7.0,12,3.3,5
0.5,0.05,1.0,Michigan,57.6,52,60,59.0,44.1,44.0,47,0.0,0.0,60.7,60.0,63.9,65.0,39.7,28.0,18.6,18.0,24,15.3,19
0.5,0.01,2.0,Wisconsin,57.6,47,65,58.0,36.7,37.5,41,0.0,0.0,64.7,62.5,68.5,67.0,35.4,28.0,71.7,72.0,75,23.6,28
2.0,0.1,1.0,Maryland,57.8,44,62,61.0,11.0,11.0,13,0.1,1.0,62.9,61.0,66.2,67.0,64.2,68.0,14.8,14.5,21,4.6,6
1.0,0.1,2.0,Vermont,57.9,42,71,64.0,11.6,11.5,13,0.2,1.0,64.0,64.0,68.2,66.5,72.6,77.0,8.6,8.0,15,2.4,4
1.0,0.05,0.5,Idaho,57.9,46,61,60.5,13.4,13.5,16,0.4,3.0,62.6,61.5,72.4,74.0,28.0,28.0,26.2,26.5,32,10.9,16
0.5,0.05,2.0,Idaho,58.0,48,61,60.5,12.6,12.0,16,0.1,1.0,62.7,61.5,70.2,72.5,28.0,28.0,28.0,27.0,32,13.1,16
0.5,0.05,0.5,Maryland,58.1,44,67,61.0,10.7,11.0,13,0.0,0.0,68.5,67.0,80.4,78.5,83.3,79.0,5.2,5.0,8,1.9,4
1.0,0.25,0.5,Vermont,58.1,42,71,64.0,11.6,12.0,13,0.0,0.0,60.0,64.0,63.2,64.0,67.1,77.0,6.3,6.0,10,2.4,5
2.0,0.05,0.5,Maryland,58.1,44,67,61.0,12.0,12.5,14,0.0,0.0,65.2,61.5,76.7,67.0,90.3,76.0,9.9,9.5,13,3.2,5
1.0,0.05,2.0,Idaho,58.1,48,61,60.0,14.0,14.0,16,0.1,1.0,61.9,61.0,65.7,62.0,28.0,28.0,31.7,30.5,36,14.0,16
0.5,0.01,1.0,Wisconsin,58.1,47,68,58.0,34.3,33.5,41,0.0,0.0,66.6,64.5,72.2,73.0,36.5,28.0,61.4,64.0,66,25.8,29
1.0,0.25,1.0,Delaware,58.2,51,63,63.0,2.6,3.0,3,0.0,0.0,156.4,206.0,286.3333333333333,206.0,62.0,62.0,1.0,1.0,1,0.0,0
1.0,0.25,1.0,Nevada,58.2,51,70,56.0,4.7,5.0,5,0.0,0.0,68.2,69.0,76.9,70.0,248.77777777777777,175.0,1.5555555555555556,1.0,3,0.0,0
2.0,0.25,2.0,Delaware,58.2,51,63,63.0,2.7,3.0,3,0.0,0.0,168.8,206.0,343.7142857142857,447.0,62.0,62.0,1.0,1.0,1,0.0,0
1.0,0.05,2.0,Oregon,58.2,47,63,63.0,14.6,14.5,17,0.0,0.0,73.3,73.0,89.3,98.0,72.6,82.5,6.8,6.0,10,4.0,5
1.0,0.05,2.0,New York,58.2,56,67,56.0,11.8,12.0,15,0.8,7.0,71.6,67.0,79.5,78.5,28.0,28.0,198.2,199.5,211,37.3,41
0.5,0.01,0.5,Tennessee,58.3,45,136,45.0,9.6,10.0,12,0.0,0.0,128.2,136.0,170.1,166.0,181.5,233.5,1.4,1.0,6,2.1,5
1.0,0.1,2.0,Washington,58.4,46,77,61.0,12.1,11.0,17,3.4,7.0,80.1,77.0,103.3,103.0,76.5,72.0,12.4,12.5,16,13.3,16
2.0,0.05,2.0,Pennsylvania,58.5,40,69,59.0,45.7,46.0,49,0.2,2.0,70.2,73.0,77.1,78.5,66.9,73.0,26.0,26.0,31,10.2,14
2.0,0.05,0.5,New York,58.5,41,74,56.0,14.5,15.0,19,0.0,0.0,69.8,67.0,76.1,76.0,28.0,28.0,190.5,195.0,211,34.7,38
2.0,0.1,2.0,Maryland,58.6,44,62,61.0,12.6,13.0,14,0.0,0.0,61.2,61.0,65.5,67.0,68.9,70.5,14.7,14.0,18,3.3,5
0.5,0.1,1.0,Washington,58.6,46,61,61.0,11.1,11.0,12,3.4,5.0,79.0,77.0,97.9,97.0,78.9,72.0,10.1,10.0,12,9.9,12
2.0,0.05,2.0,Arizona,58.7,35,73,60.0,10.8,11.0,11,0.0,0.0,69.0,68.0,78.5,81.0,40.2,28.0,7.8,8.0,10,0.2,1
ALL,ALL,ALL,Ohio,58.708333333333336,47,108,50.0,54.71666666666667,57.0,68,0.9777777777777777,5.0,67.74444444444444,59.0,72.78888888888889,70.0,40.11666666666667,28.0,21.72222222222222,23.0,37,11.819444444444445,19
2.0,0.25,1.0,Arkansas,58.8,37,89,52.5,14.3,14.0,15,0.0,0.0,89.9,89.0,99.6,99.0,28.0,28.0,11.8,12.0,14,1.0,1
1.0,0.25,1.0,Massachusetts,58.9,49,87,60.0,10.2,10.0,11,0.0,0.0,76.7,82.0,86.8,87.0,194.5,191.0,2.0,2.0,3,0.0,0
0.5,0.01,1.0,Wyoming,58.9,49,100,51.5,6.0,6.0,8,0.0,0.0,87.4,74.5,127.9,100.0,125.0,125.0,1.0,1.0,1,0.0,0
0.5,0.25,2.0,North Carolina,58.9,53,87,53.5,30.9,31.0,33,0.0,0.0,75.4,87.0,94.2,95.0,103.0,103.0,7.7,8.0,10,2.3,4
0.5,0.25,1.0,North Carolina,59.0,53,87,54.0,22.1,22.5,25,0.0,0.0,73.4,81.0,91.2,91.0,106.6,121.0,4.2,3.5,7,0.3,1
1.0,0.25,0.5,Massachusetts,59.1,49,87,61.0,9.1,9.0,10,0.0,0.0,78.5,82.0,88.0,87.0,183.44444444444446,196.0,2.6666666666666665,3.0,4,0.0,0
1.0,0.05,1.0,Arizona,59.1,35,73,66.5,10.4,10.0,11,0.0,0.0,72.9,76.5,84.0,81.0,28.0,28.0,9.2,9.0,11,0.5,1
0.5,0.05,0.5,Indiana,59.1,50,71,59.5,44.8,44.5,49,0.0,0.0,64.8,65.0,69.1,71.0,44.1,28.0,15.0,15.0,19,8.9,12
1.0,0.05,1.0,Indiana,59.1,40,71,60.5,52.8,52.0,57,0.0,0.0,64.4,69.0,68.1,71.5,37.2,28.0,23.4,24.0,28,11.1,13
0.5,0.1,2.0,Washington,59.2,52,61,61.0,11.6,11.5,14,4.4,8.0,85.4,77.0,109.9,107.0,74.1,72.0,14.7,14.5,18,11.1,13
2.0,0.05,1.0,Idaho,59.2,46,61,61.0,13.7,14.0,15,0.3,1.0,65.6,67.0,73.5,74.0,28.0,28.0,31.8,32.0,35,14.7,18
2.0,0.25,1.0,Vermont,59.3,52,64,57.0,12.6,13.0,13,0.0,0.0,63.3,64.0,63.5,64.0,77.0,77.0,6.1,5.0,9,1.4,2
2.0,0.01,1.0,Colorado,59.3,43,79,60.0,22.7,23.0,25,0.2,1.0,72.4,75.5,77.3,79.0,40.7,28.0,33.9,32.5,46,4.8,6
1.0,0.05,1.0,Idaho,59.3,48,61,61.0,13.4,14.0,16,0.3,1.0,66.4,62.0,72.6,77.5,28.0,28.0,30.6,30.0,36,12.9,14
2.0,0.25,0.5,Delaware,59.4,51,63,63.0,2.4,2.0,3,0.0,0.0,206.0,206.0,447.0,447.0,62.0,62.0,1.0,1.0,1,0.0,0
2.0,0.01,2.0,Utah,59.4,30,120,60.0,14.0,13.5,17,0.0,0.0,86.1,86.0,97.3,98.0,71.8,68.0,14.4,15.0,20,2.4,4
1.0,0.05,0.5,Maryland,59.4,53,61,61.0,11.7,12.0,14,0.0,0.0,63.8,62.0,74.2,67.0,89.4,72.5,9.6,9.0,15,2.9,5
1.0,0.1,0.5,Washington,59.4,52,72,61.0,12.1,12.0,16,4.2,7.0,87.2,77.0,107.7,109.0,83.2,87.0,10.3,10.0,15,10.4,13
0.5,0.05,2.0,Pennsylvania,59.4,40,79,58.0,43.9,44.5,46,0.1,1.0,65.9,66.0,72.5,73.0,57.7,65.0,28.7,28.0,33,11.0,15
1.0,0.05,1.0,Ohio,59.4,47,78,54.5,58.3,58.5,64,1.3,4.0,68.6,69.5,75.4,76.0,28.0,28.0,22.7,21.5,29,11.8,17
1.0,0.1,1.0,Washington,59.4,52,72,61.0,12.1,12.0,14,3.2,5.0,82.8,77.0,100.1,99.0,74.7,72.0,12.7,12.5,19,12.4,15
1.0,0.1,2.0,Nevada,59.5,51,82,56.0,4.2,4.0,5,0.0,0.0,72.7,70.0,87.5,73.0,430.14285714285717,368.0,1.1428571428571428,1.0,2,0.0,0
0.5,0.05,0.5,Arizona,59.5,38,73,60.0,8.9,9.0,10,0.0,0.0,71.6,73.0,78.2,80.0,36.3,28.0,4.7,5.0,5,0.3,1
2.0,0.05,0.5,Arizona,59.6,35,73,60.0,10.8,11.0,11,0.0,0.0,69.8,68.5,78.7,80.5,40.2,28.0,8.2,7.5,12,0.2,1
0.5,0.05,0.5,Pennsylvania,59.6,40,79,58.0,38.1,39.5,42,0.4,2.0,71.3,73.5,78.7,80.0,68.3,83.5,25.0,24.0,35,10.0,15
1.0,0.01,1.0,Illinois,59.8,31,72,64.0,37.4,37.5,40,0.1,1.0,77.7,78.5,86.1,88.0,94.8,85.5,10.6,11.0,14,2.7,4
1.0,0.05,0.5,Oregon,59.8,47,63,63.0,12.1,12.0,14,0.0,0.0,84.5,85.0,107.7,98.0,137.8,114.0,4.1,3.5,8,3.3,5
0.5,0.05,2.0,Oregon,59.8,47,63,63.0,14.3,14.5,16,0.0,0.0,77.8,67.0,97.1,91.5,101.4,95.0,5.4,5.5,9,3.3,4
2.0,0.05,0.5,Oregon,59.8,47,63,63.0,14.6,15.0,16,0.0,0.0,73.8,67.0,92.9,91.5,97.2,95.0,5.9,5.5,8,3.3,4
0.5,0.1,1.0,Nevada,59.9,56,69,56.0,4.3,4.0,5,0.0,0.0,68.0,70.0,85.7,73.0,91.0,91.0,1.0,1.0,1,0.0,0
1.0,0.05,0.5,Arizona,59.9,35,73,60.0,10.1,10.0,11,0.0,0.0,71.8,68.0,78.9,81.0,34.1,28.0,9.1,9.0,14,0.8,2
2.0,0.1,0.5,Washington,59.9,52,77,61.0,13.0,13.0,16,3.2,7.0,84.2,87.0,100.4,97.0,78.8,72.0,12.5,12.5,18,12.0,16
1.0,0.05,1.0,North Dakota,60.0,52,66,63.0,13.9,14.0,16,0.0,0.0,76.2,81.0,84.6,87.0,193.2,157.5,3.8,4.0,7,2.6,5
0.5,0.25,2.0,Delaware,60.1,51,82,63.0,2.6,3.0,3,0.0,0.0,153.6,192.0,246.16666666666666,206.0,62.0,62.0,1.0,1.0,1,0.0,0
2.0,0.1,1.0,Washington,60.1,52,70,61.0,12.6,12.0,15,3.6,5.0,82.0,77.0,99.3,95.0,81.4,84.5,13.5,14.0,17,12.5,14
2.0,0.25,2.0,Virginia,60.2,60,62,60.0,35.5,36.0,37,0.0,0.0,63.9,65.0,74.8,75.0,90.9,91.0,15.0,15.0,20,2.6,4
0.5,0.05,0.5,Idaho,60.2,59,61,60.0,10.5,11.0,12,0.0,0.0,62.9,61.0,70.7,73.0,31.7,28.0,23.9,24.5,27,9.1,12
2.0,0.05,2.0,Maryland,60.3,53,62,61.0,12.2,12.0,14,0.0,0.0,64.7,67.0,74.3,72.0,79.8,76.5,9.6,9.5,13,3.2,4
2.0,0.01,2.0,Kentucky,60.3,34,123,42.0,33.4,33.5,38,0.3,2.0,103.7,103.5,116.2,118.5,76.1,28.0,16.7,16.0,22,9.9,15
1.0,0.01,2.0,Wisconsin,60.3,44,76,58.5,36.3,35.0,43,0.0,0.0,66.1,65.0,73.1,74.0,38.1,28.0,71.7,70.5,87,24.7,28
0.5,0.05,1.0,Arizona,60.4,35,73,60.0,10.1,10.0,11,0.0,0.0,69.9,68.0,83.0,81.0,46.3,28.0,7.4,7.0,10,0.3,2
0.5,0.25,1.0,Virginia,60.4,59,65,60.0,26.2,26.0,29,0.0,0.0,64.9,63.5,73.0,70.0,86.9,84.0,16.2,17.0,20,1.3,2
0.5,0.25,0.5,Virginia,60.4,59,63,60.0,21.7,21.5,24,0.0,0.0,64.1,65.0,79.4,75.0,91.6,84.0,14.6,15.5,18,1.3,2
0.5,0.01,0.5,Colorado,60.4,43,72,59.5,13.3,13.0,16,0.1,1.0,73.3,72.0,80.4,80.0,83.9,88.5,14.9,15.0,22,2.0,4
0.5,0.05,2.0,North Dakota,60.4,52,81,63.0,12.8,13.0,16,0.0,0.0,78.0,81.0,86.5,87.0,173.9,157.5,3.4,3.5,7,2.1,4
2.0,0.05,0.5,North Dakota,60.4,52,81,63.0,14.5,14.5,16,0.0,0.0,74.4,81.0,84.6,87.0,194.6,176.0,5.4,5.5,9,2.8,4
2.0,0.25,2.0,North Carolina,60.4,53,87,54.0,33.2,33.0,35,0.0,0.0,82.9,87.0,95.9,95.0,113.8,121.0,10.8,10.0,13,4.1,6
0.5,0.05,1.0,Idaho,60.4,59,61,61.0,11.4,11.0,14,0.2,1.0,63.7,62.0,74.0,74.0,28.0,28.0,26.8,28.0,29,10.1,12
2.0,0.05,1.0,New York,60.4,54,80,56.0,13.1,13.0,18,0.1,1.0,69.8,67.0,78.1,76.0,28.0,28.0,188.8,192.0,203,36.6,39
1.0,0.25,0.5,Virginia,60.5,59,65,60.0,29.5,29.0,33,0.0,0.0,65.7,65.0,75.3,75.0,89.2,89.0,17.7,17.5,27,1.9,3
0.5,0.25,2.0,Virginia,60.6,59,65,60.0,32.6,33.0,35,0.0,0.0,64.5,64.0,71.1,70.0,90.7,88.0,16.6,16.0,21,2.0,3
2.0,0.25,0.5,Virginia,60.6,59,65,60.0,34.5,35.0,37,0.0,0.0,65.7,63.0,72.7,65.0,90.8,94.0,14.9,16.0,19,2.4,4
2.0,0.25,1.0,North Carolina,60.6,54,87,54.0,33.0,33.0,35,0.0,0.0,87.4,87.0,98.6,95.0,122.4,121.0,8.5,8.5,10,3.8,5
1.0,0.25,1.0,Virginia,60.7,59,65,60.0,33.8,34.0,36,0.0,0.0,65.2,63.0,70.5,65.0,87.8,86.0,17.3,16.5,22,2.2,3
2.0,0.05,1.0,Maryland,60.7,53,67,61.0,12.1,13.0,14,0.0,0.0,71.3,67.0,83.0,79.0,89.6,88.0,10.3,10.0,15,3.4,6
2.0,0.1,1.0,Nevada,60.8,56,70,61.0,5.0,5.0,5,0.0,0.0,73.0,74.0,86.8,96.0,296.6666666666667,175.0,1.5,1.5,2,0.0,0
1.0,0.25,2.0,Virginia,60.8,60,65,60.0,34.3,34.0,37,0.0,0.0,65.2,65.0,74.5,75.0,93.2,94.0,13.5,12.0,20,2.2,4
0.5,0.05,2.0,Maryland,60.9,44,67,61.0,12.3,13.0,14,0.0,0.0,76.8,67.0,84.5,83.0,100.6,84.5,8.0,8.5,12,2.5,6
2.0,0.05,1.0,Pennsylvania,60.9,55,73,58.0,45.7,45.5,49,0.0,0.0,71.7,73.0,78.0,82.0,87.9,94.0,24.7,25.0,33,10.1,13
2.0,0.1,2.0,Washington,60.9,52,77,61.0,12.8,13.0,15,3.2,7.0,78.9,77.0,99.8,95.0,78.9,72.0,12.7,12.5,19,12.7,16
2.0,0.1,1.0,Vermont,61.0,42,71,64.0,11.4,11.5,13,0.1,1.0,65.9,64.0,69.7,65.5,77.3,77.0,8.9,9.0,11,2.6,6
0.5,0.01,1.0,Tennessee,61.0,45,136,45.0,19.9,20.5,24,0.0,0.0,139.4,136.0,164.1,166.0,156.6,151.5,5.1,4.5,9,2.9,5
0.5,0.01,1.0,Idaho,61.0,61,61,61.0,11.8,12.0,13,1.2,4.0,82.1,83.0,92.0,86.0,58.7,69.0,19.3,19.5,25,7.4,10
1.0,0.01,1.0,Idaho,61.0,61,61,61.0,12.6,13.0,15,1.3,4.0,88.4,85.0,93.6,87.0,28.0,28.0,26.0,26.5,32,9.9,13
0.5,0.01,2.0,Idaho,61.0,61,61,61.0,11.7,11.5,16,0.7,2.0,78.1,80.0,90.3,85.0,57.1,69.5,23.9,22.5,31,11.1,14
1.0,0.05,0.5,North Dakota,61.1,52,81,57.5,9.6,9.5,11,0.0,0.0,75.6,81.0,85.3,86.5,164.28571428571428,155.0,1.1,1.0,3,2.1,4
1.0,0.25,0.5,North Carolina,61.2,53,87,54.0,24.7,25.0,27,0.0,0.0,77.9,87.0,97.1,95.0,110.4,121.0,5.4,5.0,8,0.8,2
0.5,0.05,1.0,Maryland,61.2,53,67,61.0,11.6,12.0,13,0.0,0.0,72.0,67.0,83.4,88.0,80.8,84.5,8.1,8.0,13,2.0,4
1.0,0.1,0.5,Vermont,61.2,42,75,64.0,11.5,11.5,13,0.0,0.0,64.7,64.0,68.6,67.5,78.8,77.0,8.6,8.0,13,2.4,5
1.0,0.25,2.0,Massachusetts,61.3,49,87,61.0,10.6,11.0,11,0.0,0.0,78.7,82.0,88.6,90.0,163.0,191.0,3.0,3.0,4,0.0,0
1.0,0.01,0.5,California,61.3,52,94,52.0,2.8,3.0,5,15.222222222222221,31.0,150.44444444444446,126.0,243.83333333333334,279.5,28.0,28.0,69.8,69.5,83,28.9,31
1.0,0.05,2.0,Maryland,61.4,53,67,61.0,12.4,12.5,14,0.0,0.0,68.3,62.0,75.4,67.0,84.3,81.0,8.7,7.5,14,2.8,5
1.0,0.01,0.5,Tennessee,61.4,45,136,45.0,20.9,20.5,26,0.0,0.0,123.8,136.0,156.7,152.5,126.1,126.0,6.7,6.0,12,3.3,5
2.0,0.05,1.0,Oregon,61.4,47,63,63.0,15.0,15.0,17,0.0,0.0,78.7,85.0,91.6,98.0,92.7,101.0,5.8,5.0,8,3.6,5
1.0,0.05,1.0,Oregon,61.4,47,63,63.0,13.9,13.5,17,0.0,0.0,79.5,67.0,98.6,98.0,113.9,95.0,5.1,4.5,9,3.8,5
2.0,0.25,1.0,Virginia,61.5,60,65,60.0,35.1,35.0,37,0.0,0.0,70.6,65.0,81.4,78.5,91.2,94.0,16.2,15.5,23,2.1,3
0.5,0.01,2.0,Colorado,61.5,43,72,67.5,18.4,18.5,20,0.1,1.0,72.7,75.0,77.7,80.0,71.9,81.0,28.8,31.0,36,5.4,8
1.0,0.05,0.5,New York,61.5,54,80,56.0,11.1,10.0,17,0.2,1.0,72.1,69.0,76.4,74.0,28.0,28.0,178.9,178.0,187,36.9,40
1.0,0.01,2.0,Kentucky,61.6,42,120,42.0,34.6,35.5,38,0.2,1.0,113.6,121.5,128.4,126.0,107.0,92.0,18.2,18.0,24,8.5,14
0.5,0.05,0.5,New York,61.6,45,86,56.0,12.5,13.0,14,1.0,6.0,77.8,78.5,88.0,90.0,28.0,28.0,138.0,144.5,154,33.7,37
0.5,0.25,0.5,Delaware,61.8,51,63,63.0,2.1,2.0,3,0.0,0.0,200.22222222222223,238.0,254.0,254.0,62.0,62.0,1.0,1.0,1,0.0,0
1.0,0.1,1.0,Nevada,61.8,56,82,56.0,4.2,4.0,5,0.0,0.0,72.8,70.0,100.9,96.0,208.2,175.0,1.0,1.0,1,0.0,0
2.0,0.01,0.5,Idaho,61.8,60,70,61.0,12.2,12.0,15,0.8,2.0,80.0,83.0,91.9,86.5,37.2,28.0,25.0,24.0,36,11.1,14
0.5,0.25,0.5,Massachusetts,62.1,49,82,62.0,7.7,8.0,9,0.0,0.0,76.5,84.5,89.5,92.0,160.0,182.0,1.5,1.0,3,0.0,0
0.5,0.1,1.0,Vermont,62.2,42,73,64.0,11.2,11.0,13,0.1,1.0,66.2,69.0,73.0,74.0,70.5,77.0,9.3,9.0,13,2.7,4
1.0,0.05,1.0,Maryland,62.2,53,67,61.5,11.6,12.0,13,0.0,0.0,71.2,67.0,89.6,94.0,74.8,72.0,8.8,9.0,12,3.0,6
ALL,ALL,ALL,Pennsylvania,62.2,35,105,58.0,43.53333333333333,44.0,56,0.14722222222222223,4.0,70.34722222222223,60.0,74.81388888888888,69.0,65.04444444444445,64.0,27.594444444444445,27.0,50,9.313888888888888,17
1.0,0.05,0.5,Pennsylvania,62.3,55,82,60.0,43.3,43.5,45,0.0,0.0,71.1,71.0,76.5,79.5,84.9,86.5,22.8,23.0,30,9.0,10
2.0,0.05,2.0,New York,62.4,54,72,64.5,12.3,12.0,17,0.7,4.0,72.3,69.0,86.4,90.0,28.0,28.0,186.9,189.0,197,37.0,41
2.0,0.01,1.0,Tennessee,62.5,45,146,45.0,29.6,29.5,33,0.0,0.0,145.6,136.0,168.1,173.5,152.4,141.5,10.7,11.0,15,5.3,8
2.0,0.01,0.5,Michigan,62.5,55,65,65.0,36.8,37.5,39,0.0,0.0,68.6,65.0,81.7,82.5,55.8,49.0,21.7,21.5,26,20.4,26
2.0,0.05,2.0,North Dakota,62.6,52,81,63.0,14.6,15.0,16,0.0,0.0,78.0,81.0,88.3,87.5,206.6,209.5,6.1,5.5,10,3.7,5
0.5,0.25,0.5,Nevada,62.7,56,96,56.0,4.4,4.0,5,0.0,0.0,74.9,69.0,83.6,73.0,175.0,175.0,1.0,1.0,1,0.0,0
1.0,0.05,2.0,Pennsylvania,62.7,40,81,58.0,45.7,46.5,49,0.0,0.0,72.3,73.5,76.7,78.0,67.5,83.5,25.3,25.0,28,9.8,12
2.0,0.25,1.0,Delaware,63.0,63,63,63.0,2.6,3.0,3,0.0,0.0,193.6,206.0,406.8333333333333,447.0,,,0.0,0.0,0,0.0,0
0.5,0.01,0.5,Oregon,63.0,63,63,63.0,8.9,9.0,11,0.0,0.0,113.9,122.5,134.2,135.5,201.0,223.0,1.5,1.0,3,0.6,2
0.5,0.01,1.0,Oregon,63.0,63,63,63.0,10.2,10.0,11,0.0,0.0,103.5,104.0,132.9,129.0,180.7,176.5,2.4,2.5,4,1.4,2
1.0,0.01,0.5,Oregon,63.0,63,63,63.0,9.7,10.0,11,0.0,0.0,115.6,110.0,129.7,129.0,212.55555555555554,201.0,2.4,2.0,5,2.0,5
2.0,0.01,2.0,Oregon,63.0,63,63,63.0,12.4,12.5,15,0.0,0.0,104.7,113.5,131.8,142.0,168.88888888888889,141.0,2.7,3.0,5,2.1,5
1.0,0.01,2.0,Oregon,63.0,63,63,63.0,11.9,11.5,14,0.0,0.0,122.7,129.0,143.4,142.0,223.4,247.5,2.8,3.0,6,2.2,4
2.0,0.01,1.0,Oregon,63.0,63,63,63.0,12.3,12.5,14,0.0,0.0,112.2,129.0,138.1,142.0,208.0,201.0,2.7,2.5,6,2.3,4
0.5,0.05,1.0,Oregon,63.0,63,63,63.0,13.4,13.0,15,0.0,0.0,81.7,85.0,104.1,98.0,100.0,104.5,4.2,4.0,6,2.4,4
0.5,0.1,2.0,Vermont,63.0,42,71,64.0,11.6,12.0,13,0.0,0.0,66.6,65.5,72.2,71.5,75.5,77.0,8.9,9.0,10,2.4,4
0.5,0.01,2.0,Oregon,63.0,63,63,63.0,11.3,11.0,13,0.0,0.0,112.8,119.5,138.4,135.5,189.44444444444446,202.0,2.3,3.0,4,2.4,4
1.0,0.01,1.0,Oregon,63.0,63,63,63.0,11.9,11.5,14,0.0,0.0,106.5,107.0,141.8,129.0,193.8,201.5,2.8,2.5,5,2.5,4
2.0,0.01,0.5,Oregon,63.0,63,63,63.0,11.4,11.0,14,0.0,0.0,99.8,91.5,130.8,129.0,181.75,145.0,2.3,2.5,5,2.6,4
0.5,0.05,0.5,Oregon,63.0,63,63,63.0,11.1,11.0,13,0.0,0.0,80.4,85.0,97.6,98.0,118.3,95.0,4.6,4.5,6,3.0,5
2.0,0.01,2.0,Wyoming,63.1,49,90,54.0,11.2,11.0,13,0.0,0.0,81.1,75.0,108.4,100.0,144.28571428571428,125.0,1.4285714285714286,1.0,2,0.0,0
0.5,0.01,1.0,Illinois,63.1,31,74,72.0,27.8,27.5,33,0.1,1.0,75.9,76.0,85.2,88.0,128.8,99.0,6.9,5.5,14,1.9,3
1.0,0.1,1.0,Virginia,63.2,60,65,65.0,31.7,32.0,34,0.0,0.0,76.7,75.0,95.1,95.0,106.3,110.0,12.6,13.0,17,1.1,3
0.5,0.1,2.0,Nevada,63.3,56,70,65.0,4.4,4.0,5,0.0,0.0,80.2,83.0,94.6,101.5,208.2,175.0,1.0,1.0,1,0.0,0
1.0,0.1,2.0,Virginia,63.3,60,65,65.0,31.7,32.0,34,0.0,0.0,77.8,75.0,92.4,91.0,92.1,94.0,13.7,13.5,17,1.7,3
1.0,0.05,2.0,Washington,63.3,52,77,61.0,13.0,13.0,19,2.8,7.0,88.6,91.0,99.0,93.0,85.6,84.5,14.3,15.0,18,11.9,16
1.0,0.01,1.0,Utah,63.4,30,90,73.0,13.1,13.0,15,0.2,1.0,88.7,87.0,97.5,100.0,79.3,91.0,12.8,13.5,19,1.8,4
0.5,0.1,0.5,Virginia,63.6,60,65,65.0,18.9,19.0,21,0.0,0.0,82.2,90.0,103.3,107.0,108.8,120.0,9.4,8.5,14,0.6,2
2.0,0.1,0.5,Virginia,63.7,60,65,65.0,32.7,32.0,36,0.0,0.0,81.2,83.0,106.5,106.5,105.8,99.0,10.8,11.0,14,1.1,3
2.0,0.1,0.5,Nevada,63.8,51,85,62.5,4.2,4.0,5,0.0,0.0,73.9,71.5,99.9,96.0,237.25,175.0,1.25,1.0,2,0.0,0
2.0,0.01,1.0,Wisconsin,63.9,58,82,61.5,36.6,37.0,40,0.0,0.0,68.7,67.0,71.6,71.0,37.9,28.0,68.6,68.0,79,25.2,30
2.0,0.1,1.0,Virginia,64.0,60,65,65.0,32.6,32.0,36,0.0,0.0,85.4,93.0,103.0,107.5,108.5,112.5,13.2,14.0,17,1.5,2
2.0,0.01,0.5,Missouri,64.0,41,86,68.0,47.6,46.5,54,0.1,1.0,71.1,72.0,82.0,87.0,92.8,74.5,5.2,5.0,7,4.0,7
2.0,0.01,1.0,Idaho,64.2,61,83,61.0,14.7,15.0,16,0.5,1.0,87.5,85.0,97.3,97.5,28.0,28.0,24.4,25.0,30,9.5,12
2.0,0.25,1.0,Massachusetts,64.3,60,87,62.0,10.6,11.0,11,0.0,0.0,79.9,87.0,90.1,92.0,196.6,191.0,2.1,2.0,3,0.0,0
ALL,ALL,ALL,North Dakota,64.35,52,141,63.0,12.630555555555556,12.0,23,0.002777777777777778,1.0,79.96388888888889,81.0,101.34647887323943,86.0,195.6986301369863,176.0,3.6484848484848484,3.0,12,2.2916666666666665,6
2.0,0.05,1.0,North Dakota,64.4,52,81,63.0,15.1,15.0,18,0.0,0.0,80.5,81.0,87.9,87.0,174.9,162.0,6.8,7.0,12,3.3,5
1.0,0.01,0.5,Utah,64.5,30,92,72.0,11.5,11.5,13,0.1,1.0,90.2,89.0,96.0,96.0,94.1,94.5,10.8,11.0,14,1.8,3
1.0,0.01,2.0,Idaho,64.5,61,86,61.0,12.9,13.0,16,0.8,2.0,83.9,85.0,95.8,92.0,28.0,28.0,25.7,25.5,35,10.8,14
2.0,0.1,2.0,Vermont,64.6,42,71,64.0,10.8,10.5,13,0.1,1.0,67.8,69.0,72.2,73.0,79.0,77.0,7.4,7.0,11,3.2,5
0.5,0.01,0.5,Idaho,64.6,61,97,61.0,9.9,10.0,12,0.8,2.0,84.3,85.0,98.3,88.0,81.1,86.0,15.5,17.0,19,6.2,9
2.0,0.01,0.5,Indiana,64.6,46,71,68.0,46.3,45.5,49,0.0,0.0,71.4,74.0,84.2,80.0,104.5,121.0,16.0,15.5,20,10.1,12
2.0,0.1,2.0,Nevada,64.7,56,96,58.5,5.0,5.0,5,0.0,0.0,78.5,74.0,87.9,79.0,412.625,454.0,1.25,1.0,2,0.0,0
1.0,0.1,1.0,Vermont,64.8,52,71,65.5,10.5,10.5,13,0.0,0.0,69.3,69.0,72.8,72.0,82.8,77.5,8.4,8.5,11,3.5,6
0.5,0.25,2.0,Arkansas,65.0,37,99,68.0,10.6,11.0,12,0.0,0.0,104.4,94.0,133.3,102.0,28.0,28.0,8.9,9.0,11,0.5,2
0.5,0.05,0.5,North Dakota,65.0,52,87,63.0,7.7,8.0,9,0.0,0.0,78.6,81.0,86.0,87.5,140.4,134.0,1.0,1.0,3,0.6,2
ALL,ALL,ALL,New York,65.10555555555555,41,115,56.0,13.536111111111111,13.0,21,0.55,19.0,74.41111111111111,67.0,80.07222222222222,71.0,29.330555555555556,28.0,180.70833333333334,186.5,237,34.952777777777776,45
0.5,0.01,2.0,Michigan,65.2,59,78,65.0,32.0,32.5,37,0.0,0.0,76.1,77.5,88.0,90.0,81.2,82.0,20.3,20.0,27,21.2,28
1.0,0.1,0.5,Virginia,65.4,60,95,62.0,27.5,27.5,29,0.0,0.0,77.9,65.0,98.6,95.0,107.3,112.5,12.8,13.0,19,0.5,2
2.0,0.1,0.5,Vermont,65.4,57,71,64.0,10.6,11.0,13,0.0,0.0,69.8,69.0,75.1,74.0,78.9,77.0,9.1,9.0,11,3.4,6
2.0,0.01,2.0,Tennessee,65.5,45,159,45.0,28.9,29.0,32,0.0,0.0,129.1,136.0,164.8,166.0,99.9,82.0,9.7,10.0,12,5.4,8
1.0,0.01,0.5,Idaho,65.8,61,85,61.0,11.8,12.0,15,0.9,4.0,86.6,85.5,94.9,89.0,72.6,77.0,19.9,18.5,28,9.5,11
0.5,0.1,0.5,Vermont,65.9,52,71,65.5,10.2,10.0,12,0.0,0.0,68.0,67.5,73.1,72.0,79.5,77.0,7.9,8.0,11,3.1,5
0.5,0.25,1.0,Arkansas,66.0,37,99,68.0,6.8,7.0,8,0.1,1.0,106.5,95.0,146.7,154.5,28.0,28.0,5.3,5.0,7,0.4,1
0.5,0.1,0.5,Washington,66.0,52,86,61.0,12.8,12.5,16,1.8,4.0,81.7,77.0,94.5,91.0,84.4,87.0,8.3,8.0,13,6.1,8
0.5,0.01,2.0,California,66.1,52,94,64.0,3.5,3.5,5,11.0,31.0,119.5,110.5,213.66666666666666,253.0,28.0,28.0,77.5,77.0,83,28.9,31
0.5,0.01,1.0,Missouri,66.2,54,72,68.0,31.1,31.0,34,0.0,0.0,74.9,72.0,86.0,85.5,138.7,154.0,2.6,2.0,7,1.1,4
2.0,0.01,2.0,California,66.3,52,105,64.0,4.0,4.0,6,10.6,27.0,109.5,106.5,196.9,156.0,28.0,28.0,74.1,75.0,89,28.8,31
0.5,0.01,0.5,Arizona,66.5,35,80,73.0,6.8,7.0,8,0.0,0.0,85.5,80.0,105.2,100.0,45.5,28.0,5.7,5.5,9,0.9,2
0.5,0.01,0.5,California,66.5,52,105,52.0,2.8,3.0,4,2.111111111111111,19.0,82.44444444444444,64.0,116.66666666666667,124.5,28.0,28.0,55.4,56.0,65,26.5,29
0.5,0.1,1.0,Virginia,66.6,60,91,65.0,24.7,24.5,27,0.0,0.0,85.6,95.0,108.1,118.0,113.2,122.0,11.1,11.5,14,0.9,2
1.0,0.05,2.0,North Dakota,66.6,63,81,63.0,14.8,15.0,18,0.0,0.0,82.5,81.0,88.4,87.0,196.1,247.0,6.0,6.0,8,3.2,5
1.0,0.01,2.0,Missouri,66.7,48,72,68.0,47.4,46.5,52,0.0,0.0,75.7,72.0,88.9,88.0,95.5,101.5,4.1,4.0,5,5.5,9
1.0,0.05,0.5,Washington,66.9,61,77,61.0,13.8,13.0,18,1.2,3.0,81.3,77.0,93.4,91.0,88.4,87.0,11.9,11.5,17,7.6,10
0.5,0.1,2.0,Virginia,67.1,62,91,65.0,30.4,30.5,33,0.0,0.0,85.4,91.0,95.3,95.0,91.0,94.0,14.5,14.0,19,1.2,2
1.0,0.01,1.0,Florida,67.1,37,80,80.0,12.4,13.0,15,0.7,2.0,96.9,96.5,113.1,109.0,68.6,93.0,19.8,19.5,25,17.7,20
0.5,0.05,1.0,North Dakota,67.3,52,81,63.0,8.9,9.0,11,0.0,0.0,78.3,81.0,87.5,88.5,147.14285714285714,148.0,0.7,1.0,1,1.5,2
0.5,0.01,0.5,Michigan,67.3,60,86,65.0,27.3,27.0,34,0.1,1.0,75.7,76.0,87.3,89.0,75.9,84.0,10.5,10.5,15,15.6,20
1.0,0.05,1.0,New York,67.4,45,91,67.0,11.6,11.5,14,2.6,15.0,82.6,81.5,88.0,91.0,28.0,28.0,189.7,189.5,210,37.5,42
1.0,0.01,2.0,Michigan,67.5,65,90,65.0,37.3,37.0,43,0.0,0.0,77.9,78.5,90.3,90.0,69.6,84.0,20.3,20.0,27,20.2,23
1.0,0.01,0.5,Michigan,67.7,60,98,65.0,33.7,32.5,40,0.0,0.0,77.1,71.5,87.7,86.5,74.0,82.0,16.0,16.5,20,19.9,24
2.0,0.05,1.0,Washington,67.8,61,86,61.0,14.0,13.5,17,1.3,4.0,80.7,77.0,92.6,91.0,86.4,87.0,13.9,13.5,18,10.1,12
0.5,0.01,0.5,Indiana,67.9,50,85,71.0,27.1,27.0,32,0.1,1.0,78.3,77.0,83.9,80.0,97.4,93.0,9.3,9.5,13,6.5,12
2.0,0.05,2.0,Washington,68.0,61,77,66.5,15.1,15.5,18,1.1,4.0,79.7,77.0,93.5,91.0,86.8,94.0,13.8,13.0,16,9.0,12
1.0,0.05,2.0,Nevada,68.1,56,96,69.0,4.1,4.0,5,0.0,0.0,82.9,76.0,106.4,102.5,264.4,175.0,1.2,1.0,2,0.0,0
2.0,0.01,0.5,California,68.1,52,105,54.0,3.9,3.5,6,11.5,30.0,128.4,117.0,218.44444444444446,253.0,28.0,28.0,76.1,73.0,96,29.2,33
ALL,ALL,ALL,Maryland,68.43333333333334,44,193,61.0,11.855555555555556,12.0,15,0.03888888888888889,3.0,84.17222222222222,62.0,94.37777777777778,67.0,102.64623955431755,74.0,11.58217270194986,12.0,28,2.4555555555555557,6
2.0,0.01,1.0,Indiana,68.5,65,91,65.0,45.7,46.0,50,0.1,1.0,81.7,80.0,92.2,93.0,87.3,102.0,19.8,19.5,25,11.3,16
2.0,0.01,2.0,Michigan,68.5,55,88,65.0,39.0,39.0,45,0.2,2.0,77.0,71.0,84.5,86.0,82.1,85.5,20.2,20.5,23,19.2,26
0.5,0.01,1.0,Michigan,68.6,60,88,65.0,35.4,36.0,40,0.3,1.0,78.7,77.5,86.3,90.0,93.1,95.0,14.3,13.5,23,15.3,18
2.0,0.01,1.0,Michigan,68.8,65,90,65.0,37.2,37.0,41,0.0,0.0,75.3,66.0,85.9,90.0,70.9,80.0,21.8,21.5,30,20.8,25
2.0,0.01,2.0,Idaho,69.0,60,97,61.0,13.6,13.5,16,0.4,1.0,84.9,84.5,93.0,91.0,28.0,28.0,26.3,25.0,35,9.4,12
1.0,0.01,2.0,Utah,69.1,35,86,73.0,13.3,13.5,16,0.1,1.0,90.7,88.0,96.2,95.0,75.9,91.0,14.1,14.5,19,2.2,5
0.5,0.05,1.0,Vermont,69.1,64,73,71.0,9.5,10.0,11,0.5,1.0,78.0,78.0,83.3,81.5,87.1,92.5,10.6,10.0,13,4.4,7
1.0,0.25,1.0,Arkansas,69.2,37,89,78.5,11.3,11.0,13,0.0,0.0,87.3,92.0,97.9,99.0,28.0,28.0,7.5,7.0,12,0.9,2
0.5,0.25,1.0,South Carolina,69.3,49,78,78.0,14.4,14.5,16,0.1,1.0,84.0,85.0,96.2,96.0,47.2,28.0,15.8,16.0,17,0.7,1
1.0,0.25,1.0,South Carolina,69.3,49,78,78.0,17.9,18.0,20,0.1,1.0,87.5,85.0,97.8,96.0,28.0,28.0,22.5,22.5,29,3.0,4
2.0,0.01,2.0,Missouri,69.3,61,72,70.0,52.5,52.0,59,0.1,1.0,82.2,81.0,93.8,97.0,134.5,58.5,5.4,5.5,8,5.2,8
1.0,0.01,1.0,California,69.3,52,94,58.0,3.6,4.0,5,8.88888888888889,26.0,109.33333333333333,91.0,200.625,186.0,28.0,28.0,77.3,74.0,92,29.3,32
2.0,0.1,2.0,Virginia,69.4,60,95,65.0,32.9,33.0,35,0.0,0.0,86.2,83.0,103.3,106.5,109.8,122.0,13.7,13.5,19,2.0,4
0.5,0.05,2.0,Washington,69.4,52,95,66.5,13.9,14.0,17,1.6,6.0,85.5,81.5,99.3,91.0,76.0,87.0,14.6,14.5,18,8.5,13
ALL,ALL,ALL,Washington,69.41388888888889,46,109,61.0,12.758333333333333,13.0,19,2.0694444444444446,8.0,88.52777777777777,86.0,106.25,104.0,84.04444444444445,87.0,11.386111111111111,11.0,19,9.633333333333333,17
0.5,0.01,1.0,Florida,69.5,37,80,80.0,11.0,11.5,15,0.9,2.0,98.3,100.0,115.8,116.5,63.4,72.0,11.4,11.5,14,14.3,19
2.0,0.05,0.5,Vermont,69.6,42,82,71.0,8.7,8.0,11,0.2,1.0,78.3,81.0,83.6,83.0,83.9,86.0,11.0,11.0,14,5.3,7
2.0,0.01,1.0,Missouri,69.6,64,72,70.0,49.8,50.5,54,0.0,0.0,82.2,79.0,90.8,90.0,216.3,129.0,3.9,3.5,8,6.3,10
1.0,0.01,0.5,Indiana,69.6,50,78,71.0,39.7,40.0,43,0.0,0.0,81.4,80.0,88.9,93.0,105.9,111.0,12.3,12.0,17,6.5,10
0.5,0.05,1.0,Washington,69.6,61,77,72.0,13.6,13.5,15,0.7,3.0,83.0,84.0,93.8,91.0,90.3,87.0,10.9,11.0,14,7.6,11
2.0,0.05,0.5,Washington,69.6,61,77,72.0,14.1,14.0,17,0.8,3.0,83.5,86.0,93.6,91.0,84.0,87.0,13.9,13.5,18,10.1,14
1.0,0.01,0.5,Missouri,69.7,54,75,72.0,34.3,33.5,41,0.0,0.0,81.9,80.5,93.8,93.0,137.0,109.0,1.9,1.5,5,2.2,5
2.0,0.25,2.0,Georgia,69.8,49,79,71.0,56.5,56.5,59,0.0,0.0,83.0,79.0,90.0,89.0,94.0,102.0,19.8,20.0,24,10.9,12
1.0,0.01,2.0,Indiana,70.0,50,93,65.0,44.6,45.5,48,0.1,1.0,86.0,91.5,89.5,93.0,93.9,103.0,16.9,17.0,22,12.6,16
2.0,0.1,1.0,Massachusetts,70.1,49,87,62.0,10.0,10.0,10,0.0,0.0,90.5,92.0,100.6,103.0,201.66666666666666,207.0,1.6666666666666667,2.0,2,0.0,0
0.5,0.01,2.0,Tennessee,70.1,45,136,45.0,23.2,23.0,28,0.0,0.0,143.8,136.0,173.6,166.0,160.5,136.5,7.3,6.5,11,3.7,8
0.5,0.05,2.0,Vermont,70.2,52,82,71.0,9.6,10.0,11,0.0,0.0,77.3,81.0,81.2,82.0,88.9,94.0,10.3,10.0,13,4.4,6
0.5,0.01,0.5,Missouri,70.3,61,86,70.0,23.3,24.0,27,0.1,1.0,83.1,86.0,91.0,92.0,120.77777777777777,112.0,1.6,1.5,4,1.2,4
0.5,0.01,2.0,Indiana,70.5,50,93,71.0,45.0,44.5,49,0.0,0.0,81.0,77.0,88.8,86.5,108.7,106.0,13.8,13.5,19,7.9,10
1.0,0.01,1.0,Missouri,70.6,60,86,72.0,43.0,43.0,49,0.0,0.0,80.2,80.5,89.1,92.0,114.9,103.5,4.1,4.0,7,4.7,7
0.5,0.01,1.0,California,70.8,52,105,59.0,3.2,3.0,5,13.9,29.0,134.0,124.5,213.0,186.0,28.0,28.0,67.9,70.0,75,27.6,30
0.5,0.1,0.5,Massachusetts,70.9,49,92,74.5,7.7,8.0,8,0.0,0.0,90.8,92.0,99.6,103.0,211.375,214.0,1.25,1.0,2,0.0,0
2.0,0.25,1.0,New Jersey,71.0,71,71,71.0,7.5,7.0,9,0.0,0.0,87.0,87.0,94.5,95.0,82.4,81.0,5.0,5.0,7,0.0,0
0.5,0.25,1.0,New Jersey,71.0,71,71,71.0,6.6,6.5,8,0.0,0.0,85.0,87.0,94.0,95.0,78.9,78.5,3.9,4.0,7,0.3,1
1.0,0.25,1.0,New Jersey,71.0,71,71,71.0,6.6,7.0,9,0.0,0.0,86.0,87.0,93.2,95.0,118.3,89.5,3.1,3.0,6,0.4,2
0.5,0.25,2.0,New Jersey,71.0,71,71,71.0,7.1,7.0,8,0.0,0.0,85.0,87.0,92.9,95.0,91.8,82.0,4.0,4.0,5,0.5,2
2.0,0.25,2.0,New Jersey,71.0,71,71,71.0,7.3,7.0,8,0.0,0.0,87.0,87.0,93.0,95.0,81.9,78.5,4.9,5.0,7,0.7,2
1.0,0.1,2.0,Massachusetts,71.6,60,87,62.0,10.1,10.0,11,0.0,0.0,90.6,92.0,98.2,102.5,195.7,207.0,1.9,2.0,3,0.0,0
2.0,0.1,2.0,Massachusetts,71.7,49,87,74.5,10.0,10.0,10,0.0,0.0,88.5,87.5,100.9,103.0,201.7,207.0,2.1,2.0,3,0.0,0
1.0,0.1,1.0,Massachusetts,71.7,49,100,74.5,9.9,10.0,11,0.0,0.0,90.2,89.5,99.9,102.5,192.8,207.0,1.8,2.0,3,0.0,0
0.5,0.01,2.0,Missouri,71.9,61,94,72.0,40.4,40.5,48,0.0,0.0,84.3,86.0,93.5,95.0,133.6,107.0,4.1,4.5,6,3.4,5
1.0,0.05,1.0,Pennsylvania,71.9,40,86,82.0,44.1,43.5,52,0.2,1.0,79.3,83.0,82.3,86.0,72.4,91.5,26.4,25.5,36,10.7,15
1.0,0.25,0.5,Maine,72.2,71,83,71.0,8.3,8.0,11,0.0,0.0,158.6,161.0,175.8,163.0,250.7,246.0,2.1,2.0,3,1.8,2
1.0,0.25,0.5,South Carolina,72.2,49,78,78.0,14.9,15.0,16,0.1,1.0,84.7,85.0,97.3,96.0,28.0,28.0,18.6,18.5,21,2.9,4
0.5,0.25,2.0,South Carolina,72.2,49,78,78.0,17.1,17.0,18,0.2,1.0,85.8,85.0,97.4,96.0,28.0,28.0,23.3,23.5,28,3.1,4
2.0,0.01,1.0,California,72.2,52,105,58.0,3.8,4.0,4,7.2,22.0,96.8,99.5,184.0,126.0,28.0,28.0,75.7,77.5,87,29.6,30
1.0,0.01,1.0,Michigan,72.3,60,106,65.0,35.9,36.5,40,0.1,1.0,79.7,77.5,88.1,87.5,95.0,92.5,20.4,20.5,28,20.0,25
1.0,0.1,0.5,Massachusetts,72.5,49,87,72.0,8.8,9.0,10,0.0,0.0,87.2,87.0,95.5,92.0,211.44444444444446,207.0,1.8888888888888888,2.0,3,0.0,0
0.5,0.1,0.5,Nevada,72.5,56,96,58.5,4.0,4.0,4,0.0,0.0,83.9,71.5,98.3,100.5,175.0,175.0,1.0,1.0,1,0.0,0
0.5,0.25,0.5,New Jersey,72.6,71,87,71.0,4.6,5.0,5,0.0,0.0,86.3,87.0,95.7,95.0,82.5,78.5,2.125,2.0,4,0.0,0
1.0,0.25,2.0,New Jersey,72.6,71,87,71.0,7.6,7.5,9,0.0,0.0,87.3,87.0,102.3,95.0,92.2,79.0,4.5,4.0,7,0.3,1
2.0,0.05,1.0,Vermont,72.7,64,87,71.0,9.1,9.0,11,0.5,3.0,81.0,79.0,88.2,84.0,86.9,86.0,10.1,10.0,12,4.9,9
2.0,0.05,2.0,Nevada,72.9,56,96,69.5,4.9,5.0,5,0.0,0.0,89.2,96.0,112.2,128.0,399.0,440.5,1.25,1.0,2,0.0,0
0.5,0.25,0.5,Arkansas,72.9,37,126,78.5,3.8,3.5,5,0.0,0.0,102.9,97.0,158.4,153.0,28.0,28.0,2.6,3.0,4,0.3,1
0.5,0.01,0.5,Utah,73.0,30,86,86.0,10.7,10.5,13,0.0,0.0,88.3,90.5,94.5,96.0,88.5,98.0,8.5,9.0,12,1.8,4
1.0,0.05,0.5,Vermont,73.1,64,82,71.0,7.9,7.5,11,0.1,1.0,81.1,81.0,89.5,84.5,85.9,86.0,9.2,9.5,12,6.0,8
1.0,0.25,2.0,Maine,73.4,71,83,71.0,8.9,9.0,10,0.0,0.0,160.5,162.0,173.4,173.0,303.5,311.0,1.6,2.0,2,1.3,2
0.5,0.25,0.5,Georgia,73.4,71,79,71.0,27.4,27.5,29,0.0,0.0,82.8,79.0,90.7,89.0,88.0,82.0,8.7,8.0,12,5.0,6
0.5,0.05,0.5,Vermont,73.4,52,87,71.0,7.6,7.5,9,0.1,1.0,80.8,81.0,89.0,95.0,95.3,94.0,9.8,9.5,14,5.6,7
2.0,0.25,0.5,Georgia,73.4,71,79,71.0,52.8,53.0,55,0.0,0.0,82.0,79.0,89.2,89.0,88.0,82.0,15.0,15.0,17,10.9,13
1.0,0.01,0.5,Wyoming,73.6,49,147,51.5,6.9,6.5,9,0.0,0.0,101.3,75.0,136.9,100.0,133.0,125.0,1.25,1.0,2,0.0,0
0.5,0.1,1.0,North Carolina,73.6,53,87,87.0,18.2,18.5,20,0.0,0.0,88.5,95.0,107.7,113.0,117.3,121.0,3.7,4.0,5,0.7,2
2.0,0.25,1.0,Georgia,73.6,49,79,79.0,56.5,56.0,59,0.0,0.0,84.6,89.0,90.8,91.0,97.1,102.0,18.0,18.0,20,9.4,11
0.5,0.01,2.0,Kentucky,73.7,42,119,78.0,31.6,31.5,37,0.1,1.0,113.8,119.5,131.2,126.0,113.6,128.0,11.4,11.0,14,7.3,13
0.5,0.01,1.0,Indiana,73.8,65,93,71.0,35.0,35.5,40,0.1,1.0,79.7,74.0,86.6,85.5,104.3,112.0,13.4,14.0,17,7.4,11
1.0,0.25,0.5,Delaware,73.9,51,201,63.0,2.6,3.0,3,0.0,0.0,190.8,206.0,366.6666666666667,447.0,62.0,62.0,1.0,1.0,1,0.0,0
1.0,0.05,2.0,Vermont,73.9,71,89,71.0,8.3,8.0,11,0.1,1.0,80.5,81.0,90.1,87.5,89.6,94.0,9.0,8.5,13,5.7,8
0.5,0.01,0.5,Florida,73.9,37,80,80.0,9.9,10.0,14,0.5,1.0,93.5,95.0,118.3,111.5,61.1,60.5,8.5,8.0,13,9.1,13
ALL,ALL,ALL,Vermont,74.04166666666667,42,138,71.0,9.527777777777779,10.0,13,0.925,10.0,82.87777777777778,73.0,93.49166666666666,81.0,86.86666666666666,78.0,8.411111111111111,8.0,17,4.25,10
2.0,0.01,0.5,Tennessee,74.1,45,215,45.0,28.6,29.0,30,0.0,0.0,146.7,156.0,177.9,176.5,166.3,156.0,8.4,9.0,11,3.3,8
2.0,0.05,1.0,Nevada,74.2,56,96,70.0,4.8,5.0,5,0.0,0.0,92.6,96.0,114.7,109.0,234.83333333333334,175.0,1.0,1.0,1,0.0,0
2.0,0.25,0.5,New Jersey,74.2,71,87,71.0,7.2,7.0,8,0.0,0.0,88.1,87.0,107.6,95.0,109.2,89.5,3.5,3.0,6,0.3,1
0.5,0.25,1.0,Georgia,74.2,71,79,71.0,34.8,35.0,37,0.0,0.0,82.4,79.0,90.4,89.0,90.0,82.0,12.2,13.0,16,6.0,8
1.0,0.25,2.0,Delaware,74.4,51,201,63.0,2.3,2.0,3,0.0,0.0,193.6,206.0,366.6666666666667,447.0,62.0,62.0,1.0,1.0,1,0.0,0
1.0,0.01,1.0,Tennessee,74.4,45,166,45.0,26.1,25.0,31,0.0,0.0,148.4,141.0,173.8,174.0,143.9,156.0,8.0,7.5,13,3.5,7
1.0,0.05,1.0,Washington,74.4,61,77,77.0,15.2,16.0,17,0.4,4.0,83.8,86.0,94.2,91.0,96.4,94.0,12.0,11.5,16,8.3,12
0.5,0.05,0.5,Washington,74.6,61,86,77.0,14.0,14.0,18,0.3,2.0,86.1,88.0,96.1,93.0,93.7,91.0,9.2,9.0,13,5.9,8
2.0,0.01,2.0,Indiana,74.6,65,93,74.0,46.2,47.0,52,0.0,0.0,79.7,80.0,88.0,91.0,85.6,99.5,19.0,17.5,25,10.8,14
2.0,0.1,0.5,Massachusetts,74.7,49,100,75.5,9.8,10.0,11,0.0,0.0,89.7,87.5,98.2,103.0,214.0,207.0,2.2,2.0,4,0.0,0
2.0,0.01,2.0,Arizona,74.7,60,100,73.0,9.5,10.0,10,0.0,0.0,90.2,96.0,106.5,105.0,47.3,28.0,11.0,11.5,16,1.2,3
1.0,0.01,1.0,Indiana,74.8,65,91,72.5,44.9,44.0,50,0.0,0.0,84.5,80.0,94.8,93.0,98.2,111.0,15.4,15.0,21,9.1,13
1.0,0.01,2.0,Florida,74.8,37,80,80.0,13.1,13.0,17,0.7,2.0,100.0,96.5,119.9,110.0,80.6,93.0,23.7,23.5,28,19.2,22
1.0,0.05,1.0,Vermont,74.9,52,87,82.0,7.7,8.0,10,0.9,6.0,85.6,83.5,90.3,87.0,92.1,94.0,9.5,9.0,14,6.3,9
1.0,0.1,0.5,New Jersey,75.0,71,95,71.0,5.9,6.0,7,0.0,0.0,98.2,87.0,120.9,95.0,121.9,97.0,3.7,3.5,5,0.5,2
1.0,0.25,1.0,Georgia,75.0,71,95,71.0,50.7,51.0,53,0.0,0.0,82.5,79.0,89.0,89.0,89.7,82.0,13.9,14.0,17,10.0,13
0.5,0.25,2.0,Georgia,75.0,71,79,75.0,48.4,48.0,52,0.0,0.0,84.4,83.0,90.7,89.0,92.0,92.0,12.6,13.0,16,10.3,13
0.5,0.25,0.5,South Carolina,75.1,49,78,78.0,7.9,8.0,9,0.9,1.0,95.1,96.0,119.9,128.5,86.8,92.0,12.9,12.5,16,0.9,1
2.0,0.25,0.5,South Carolina,75.1,49,78,78.0,18.0,18.0,20,0.2,1.0,86.5,85.0,105.8,101.0,28.0,28.0,22.8,22.0,27,5.5,7
0.5,0.01,1.0,Arizona,75.3,68,98,73.0,8.4,8.0,10,0.1,1.0,93.5,96.0,115.0,110.0,45.5,28.0,9.1,9.5,10,1.1,3
1.0,0.25,0.5,Arkansas,75.4,37,89,78.5,8.9,9.0,10,0.0,0.0,94.2,95.0,111.8,99.0,28.0,28.0,6.9,6.5,9,0.7,3
2.0,0.25,2.0,Arkansas,75.4,37,99,89.0,14.3,14.0,16,0.0,0.0,94.6,97.0,100.6,99.0,28.0,28.0,10.2,10.5,14,1.0,1
2.0,0.05,2.0,Vermont,75.5,64,85,73.0,7.6,8.0,10,0.3,2.0,82.5,83.5,90.7,87.5,91.1,94.0,7.8,7.5,12,6.4,9
1.0,0.25,0.5,New Jersey,75.8,71,87,71.0,6.5,7.0,7,0.0,0.0,87.8,87.0,98.0,95.0,96.2,81.5,4.4,5.0,6,0.6,2
1.0,0.01,2.0,Arizona,75.8,55,98,73.0,9.3,9.0,11,0.1,1.0,91.2,97.5,111.4,110.0,28.0,28.0,11.0,11.0,15,1.6,3
2.0,0.1,2.0,South Carolina,75.8,49,85,78.0,18.7,19.0,20,0.5,1.0,101.8,96.0,119.1,125.5,41.7,28.0,24.8,25.0,30,5.1,7
1.0,0.25,2.0,Georgia,75.8,71,95,71.0,55.7,56.0,57,0.0,0.0,83.5,79.0,90.8,89.0,87.7,82.0,17.7,17.0,22,10.9,14
2.0,0.05,2.0,Virginia,76.0,62,118,65.0,28.9,29.0,31,0.0,0.0,99.1,95.0,115.3,118.0,117.6,122.0,13.0,12.5,22,1.0,3
2.0,0.01,1.0,Arizona,76.1,35,110,73.0,9.6,10.0,11,0.0,0.0,95.6,98.0,108.7,110.0,41.8,28.0,10.7,10.0,15,1.1,2
1.0,0.05,2.0,Virginia,76.4,62,118,65.0,29.6,29.5,32,0.0,0.0,104.6,96.0,119.2,118.0,122.2,122.0,10.4,10.5,14,1.0,3
0.5,0.05,2.0,Virginia,76.4,62,118,65.0,27.1,27.0,30,0.0,0.0,101.6,97.0,121.0,118.0,116.8,122.0,10.8,11.0,18,1.2,2
1.0,0.1,1.0,North Carolina,76.4,54,113,87.0,29.3,29.5,32,0.0,0.0,95.3,95.0,117.2,122.0,139.6,121.5,6.1,6.5,8,2.2,4
1.0,0.1,2.0,New Jersey,76.6,71,95,71.0,7.1,7.0,8,0.0,0.0,98.2,87.0,115.6,95.0,89.8,97.0,5.6,5.5,8,0.3,2
2.0,0.25,0.5,Montana,76.6,70,103,70.0,20.8,21.0,22,0.0,0.0,103.7,103.0,111.0,107.5,174.6,156.0,1.7,1.5,4,0.6,2
0.5,0.25,1.0,Montana,76.6,70,103,70.0,9.2,9.0,11,0.0,0.0,102.8,103.0,105.7,103.0,156.0,156.0,1.0,1.0,1,0.9,2
0.5,0.01,2.0,Wyoming,76.7,49,100,78.5,9.6,10.0,11,0.0,0.0,106.7,100.0,147.5,147.0,120.28571428571429,125.0,1.2857142857142858,1.0,2,0.0,0
1.0,0.01,1.0,Arizona,76.7,60,98,73.0,7.9,7.5,10,0.1,1.0,92.8,96.0,107.6,110.0,28.0,28.0,11.6,12.0,15,2.7,4
1.0,0.01,0.5,Arizona,76.8,38,100,73.0,8.4,8.5,10,0.1,1.0,90.6,96.0,108.3,110.0,36.5,28.0,10.1,9.0,17,1.6,2
0.5,0.01,1.0,Kentucky,76.8,42,118,80.0,24.6,25.5,27,0.0,0.0,108.2,114.0,127.7,129.0,147.1,190.0,8.5,8.0,13,3.9,8
1.0,0.05,1.0,Virginia,76.9,62,97,65.0,28.3,28.0,30,0.0,0.0,109.4,118.0,123.4,128.0,122.2,122.0,12.2,12.0,14,1.1,2
2.0,0.01,1.0,Kentucky,77.0,34,123,78.0,33.9,34.0,36,0.0,0.0,95.8,95.5,119.0,120.0,64.8,28.0,15.9,16.0,21,7.6,10
0.5,0.01,2.0,Florida,77.2,61,80,80.0,12.5,12.5,18,0.8,2.0,100.7,100.0,115.2,110.0,54.9,28.0,18.1,18.5,22,17.6,22
1.0,0.01,1.0,Kentucky,77.3,34,162,74.0,32.9,33.0,37,0.0,0.0,112.1,117.5,136.4,129.0,153.4,189.0,13.7,14.0,19,7.6,11
2.0,0.01,0.5,Wyoming,77.4,49,147,71.0,11.9,11.5,14,0.0,0.0,110.0,100.0,141.2,147.0,148.5,141.0,1.0,1.0,1,0.0,0
0.5,0.01,2.0,Arizona,77.4,69,100,73.0,8.5,8.5,10,0.2,1.0,91.3,91.5,108.3,105.0,34.1,28.0,10.8,11.0,14,2.4,4
1.0,0.25,0.5,Georgia,77.4,71,95,71.0,40.4,41.5,42,0.0,0.0,85.2,79.0,92.0,89.0,96.2,82.0,12.7,13.0,15,9.3,12
0.5,0.25,0.5,Montana,77.5,70,112,70.0,5.5,6.0,7,0.0,0.0,104.9,103.0,111.0,107.5,162.0,156.0,1.0,1.0,1,0.0,0
ALL,ALL,ALL,Nevada,77.50277777777778,51,142,69.0,4.305555555555555,4.0,5,0.0,0.0,93.72222222222223,78.0,114.66295264623956,109.0,254.80132450331126,175.0,1.2026143790849673,1.0,3,0.005555555555555556,1
2.0,0.01,0.5,Arizona,77.8,60,115,73.0,9.4,9.0,11,0.1,1.0,99.5,98.0,111.2,110.0,34.1,28.0,10.5,10.0,14,1.3,2
0.5,0.1,1.0,South Carolina,78.0,78,78,78.0,11.5,11.0,14,0.9,1.0,102.8,96.0,130.5,131.0,41.1,28.0,14.7,14.5,18,1.0,1
1.0,0.1,0.5,South Carolina,78.0,78,78,78.0,13.9,14.0,15,0.5,1.0,96.4,90.5,117.4,125.5,47.5,28.0,18.4,19.5,20,3.0,3
0.5,0.1,2.0,South Carolina,78.0,78,78,78.0,15.8,16.0,17,0.6,1.0,99.5,96.0,123.3,131.0,35.0,28.0,21.6,22.0,26,3.3,4
2.0,0.25,1.0,South Carolina,78.0,78,78,78.0,19.4,19.0,20,0.2,1.0,87.2,85.0,105.5,96.0,28.0,28.0,25.7,26.5,28,4.7,6
2.0,0.25,2.0,South Carolina,78.0,78,78,78.0,19.4,19.0,20,0.2,1.0,87.2,85.0,97.8,96.0,28.0,28.0,27.2,28.0,31,5.1,6
2.0,0.1,1.0,South Carolina,78.0,78,78,78.0,18.5,18.5,20,0.5,1.0,101.0,90.5,132.0,131.0,34.4,28.0,22.0,22.5,26,5.3,7
1.0,0.25,2.0,South Carolina,78.0,78,78,78.0,18.4,18.5,19,0.3,1.0,88.3,85.0,109.2,97.0,28.0,28.0,24.3,24.5,29,5.5,6
1.0,0.1,2.0,South Carolina,78.0,78,78,78.0,17.4,17.5,19,0.5,1.0,94.0,90.5,122.0,131.0,34.4,28.0,23.6,23.5,28,5.7,7
1.0,0.01,0.5,Florida,78.1,61,80,80.0,10.5,10.0,15,0.9,2.0,99.2,100.0,117.0,121.0,86.0,93.0,14.7,15.0,20,17.3,21
0.5,0.1,2.0,New Jersey,78.2,71,95,71.0,6.2,6.0,7,0.0,0.0,100.1,92.5,136.1,121.5,116.5,97.0,4.7,4.5,6,0.2,1
2.0,0.01,0.5,Ohio,78.2,50,97,80.0,49.3,49.0,56,0.1,1.0,95.2,96.5,100.1,99.0,72.2,28.0,14.4,15.0,20,8.6,11
2.0,0.01,0.5,Florida,78.2,71,80,80.0,13.4,14.0,17,0.6,1.0,95.3,93.0,119.5,116.0,47.8,28.0,23.3,23.0,30,19.2,23
0.5,0.05,1.0,Virginia,78.3,62,107,65.0,22.2,22.0,24,0.0,0.0,105.5,96.0,121.5,118.0,121.7,122.0,8.6,9.0,11,0.2,1
2.0,0.01,2.0,Florida,79.1,71,80,80.0,15.1,15.5,17,0.7,2.0,103.4,96.5,113.4,105.5,60.8,60.5,23.8,24.0,28,18.9,21
2.0,0.05,0.5,Virginia,79.3,65,118,65.0,28.9,29.0,31,0.0,0.0,106.7,106.5,123.2,128.0,119.8,122.0,10.0,10.0,14,0.6,2
1.0,0.01,0.5,Kentucky,79.3,34,129,85.5,26.1,26.5,29,0.0,0.0,112.2,110.0,128.6,126.5,115.5,137.5,9.7,10.0,13,7.2,12
1.0,0.1,2.0,North Carolina,79.5,53,113,87.0,30.5,30.5,32,0.0,0.0,103.9,104.0,123.0,122.0,123.9,121.5,9.0,9.0,12,3.4,5
0.5,0.1,1.0,New Jersey,79.8,71,95,79.0,6.2,6.0,7,0.0,0.0,97.6,91.0,139.4,141.0,107.2,97.0,3.0,3.0,4,0.0,0
1.0,0.1,1.0,New Jersey,79.8,71,95,79.0,6.1,6.0,7,0.0,0.0,99.0,87.0,122.7,95.0,101.1,97.0,4.7,4.5,7,0.1,1
2.0,0.1,0.5,New Jersey,79.8,71,95,79.0,6.5,7.0,7,0.0,0.0,99.8,91.0,126.7,112.5,99.0,89.5,4.7,5.0,6,0.2,1
2.0,0.05,1.0,Virginia,79.8,65,97,78.0,29.3,29.5,31,0.0,0.0,109.9,118.0,123.8,121.0,120.4,122.0,11.1,11.0,16,0.7,1
2.0,0.25,2.0,Montana,79.8,70,103,70.0,22.6,23.0,24,0.0,0.0,103.8,103.0,112.8,112.0,156.0,156.0,3.2,3.0,4,1.0,2
1.0,0.05,0.5,Nevada,79.9,56,96,82.5,4.1,4.0,5,0.0,0.0,93.6,101.5,124.6,142.0,147.0,175.0,1.0,1.0,1,0.0,0
1.0,0.25,2.0,Montana,79.9,70,103,70.0,21.6,22.0,22,0.0,0.0,102.7,103.0,107.5,107.5,156.0,156.0,2.5,2.0,4,0.9,2
2.0,0.01,1.0,Wyoming,80.0,49,147,72.5,11.3,11.0,13,0.0,0.0,113.1,100.0,171.9,147.0,189.33333333333334,108.5,1.8333333333333333,2.0,3,0.0,0
2.0,0.01,1.0,Florida,80.0,80,80,80.0,14.5,14.0,17,1.1,3.0,103.1,100.0,127.9,124.5,61.4,60.5,24.6,25.0,31,19.8,22
2.0,0.01,0.5,Kentucky,80.1,34,120,90.5,32.2,33.5,36,0.0,0.0,107.1,119.5,126.7,123.0,147.1,190.0,12.8,12.0,18,8.3,12
0.5,0.1,2.0,North Carolina,80.3,53,87,87.0,27.8,27.5,31,0.0,0.0,101.4,95.0,122.2,122.0,112.8,121.5,6.9,7.5,10,2.5,4
1.0,0.1,0.5,North Carolina,80.5,53,122,87.0,20.8,20.5,24,0.0,0.0,99.7,95.0,118.5,117.5,132.1,129.5,3.7,3.5,7,1.0,2
0.5,0.1,1.0,Massachusetts,80.7,49,87,87.0,9.1,9.0,10,0.0,0.0,91.0,92.0,99.3,102.5,201.88888888888889,207.0,2.888888888888889,3.0,5,0.0,0
2.0,0.05,0.5,Nevada,80.9,56,96,87.0,4.4,4.0,5,0.0,0.0,96.0,102.5,124.2,142.0,133.0,133.0,1.5,1.5,2,0.0,0
2.0,0.1,2.0,New Jersey,80.9,71,95,84.5,7.2,7.0,8,0.0,0.0,100.6,95.0,147.3,183.0,112.9,97.0,4.3,4.5,6,0.0,0
1.0,0.01,2.0,North Dakota,81.0,63,92,84.5,8.9,8.5,11,0.0,0.0,108.4,97.0,187.4,135.5,260.7142857142857,282.0,1.8888888888888888,1.0,6,1.5,4
1.0,0.1,1.0,South Carolina,81.1,78,109,78.0,16.5,16.5,19,0.6,1.0,109.5,105.0,129.7,131.0,28.0,28.0,19.4,20.0,25,3.3,5
1.0,0.1,0.5,Georgia,81.2,71,95,79.0,36.6,36.5,41,0.0,0.0,90.9,92.0,96.7,97.5,107.5,102.0,10.1,11.0,15,6.9,9
2.0,0.25,1.0,Mississippi,81.5,74,89,81.5,15.5,16.0,17,0.0,0.0,109.1,111.5,143.1,141.5,340.0,340.0,1.0,1.0,1,0.0,0
0.5,0.01,0.5,Pennsylvania,82.3,40,105,93.0,22.8,22.5,26,0.0,0.0,99.7,101.5,104.5,103.0,114.9,117.0,12.8,12.5,16,5.8,9
1.0,0.05,0.5,Virginia,82.5,65,118,80.0,25.0,25.5,28,0.0,0.0,105.3,95.0,123.2,118.0,119.5,122.0,9.9,10.0,14,0.4,2
1.0,0.25,2.0,Arkansas,82.7,68,89,89.0,13.8,14.0,15,0.0,0.0,96.0,99.0,101.5,99.0,28.0,28.0,10.3,10.0,13,1.0,1
0.5,0.25,2.0,Montana,82.9,70,103,70.0,19.8,19.5,22,0.0,0.0,103.0,103.0,107.5,107.5,156.0,156.0,1.5,1.5,2,0.6,2
1.0,0.25,1.0,Mississippi,83.0,74,89,89.0,7.9,8.0,10,0.0,0.0,111.7,111.5,135.4,141.0,,,0.0,0.0,0,0.0,0
0.5,0.1,0.5,New Jersey,83.0,71,95,87.0,4.6,4.5,6,0.0,0.0,100.9,95.0,139.0,139.0,104.5,97.0,2.7,3.0,4,0.0,0
2.0,0.25,1.0,Montana,83.1,70,103,70.0,21.8,22.0,23,0.0,0.0,102.9,103.0,108.4,112.0,173.7,156.0,3.1,3.0,4,1.0,2
0.5,0.01,0.5,Louisiana,83.2,39,260,39.0,1.7,2.0,3,0.0,0.0,243.5,240.5,260.0,260.0,,,0.0,0.0,0,0.2,1
1.0,0.25,1.0,Montana,83.2,70,103,70.0,19.6,19.0,21,0.0,0.0,103.7,103.0,108.5,107.5,156.0,156.0,1.8,2.0,4,0.8,2
1.0,0.01,1.0,Ohio,83.2,50,100,88.5,49.2,48.5,54,0.3,3.0,99.5,99.5,103.3,100.0,61.8,28.0,13.2,13.0,16,7.5,12
0.5,0.01,1.0,North Dakota,83.6,52,97,84.0,3.9,4.0,6,0.0,0.0,109.5,97.0,179.66666666666666,141.0,148.0,141.0,0.8333333333333334,1.0,2,0.6,3
2.0,0.1,2.0,North Carolina,83.7,53,113,87.0,31.5,31.5,34,0.0,0.0,103.3,95.0,122.3,121.5,148.1,121.5,9.8,11.0,13,3.4,5
2.0,0.1,1.0,North Carolina,83.8,53,122,87.0,30.8,30.5,34,0.0,0.0,111.4,108.5,135.8,130.5,126.0,130.0,9.2,9.5,12,3.0,4
2.0,0.01,0.5,North Dakota,83.9,63,97,87.5,8.9,8.5,11,0.0,0.0,111.0,97.0,177.0,122.0,202.85714285714286,160.0,2.4285714285714284,3.0,5,0.8,2
0.5,0.01,0.5,Kentucky,84.0,34,130,83.0,13.6,13.0,19,0.0,0.0,116.2,123.0,136.1,130.0,146.7,190.0,5.7,6.0,10,2.7,6
1.0,0.1,1.0,Georgia,84.0,71,95,79.0,45.7,46.0,50,0.0,0.0,93.1,95.0,99.2,100.0,113.5,107.5,11.0,11.5,15,9.6,12
1.0,0.25,2.0,Mississippi,84.1,74,100,89.0,15.4,15.0,16,0.0,0.0,121.1,111.5,152.5,142.0,,,0.0,0.0,0,0.0,0
0.5,0.1,1.0,Georgia,84.2,71,95,79.0,30.0,30.0,33,0.0,0.0,94.7,95.0,99.1,100.0,111.5,107.5,8.4,8.0,11,5.1,7
0.5,0.1,2.0,Georgia,84.2,71,95,83.0,45.1,45.0,51,0.0,0.0,95.5,95.0,100.4,100.0,121.7,133.0,10.6,10.5,14,8.9,11
0.5,0.1,2.0,Massachusetts,84.3,60,87,87.0,9.7,10.0,10,0.0,0.0,99.2,103.0,102.5,104.0,204.9,207.0,1.7,1.5,3,0.0,0
1.0,0.05,0.5,Arkansas,84.3,37,126,89.0,7.0,7.0,10,0.0,0.0,129.3,124.0,176.7,187.0,28.0,28.0,3.9,4.0,8,0.1,1
0.5,0.01,2.0,Ohio,84.4,50,99,96.0,47.3,48.0,51,0.4,3.0,95.7,97.0,101.8,102.5,35.5,28.0,14.3,15.0,18,8.7,12
0.5,0.25,0.5,Mississippi,84.5,74,89,89.0,3.1,3.0,4,0.0,0.0,111.8,111.5,134.375,141.5,,,0.0,0.0,0,0.0,0
2.0,0.01,2.0,Ohio,84.6,50,100,97.0,49.8,50.0,54,0.6,4.0,102.7,99.5,105.1,102.5,56.0,28.0,13.7,12.5,21,8.5,13
0.5,0.1,0.5,North Carolina,84.7,54,122,87.0,9.7,9.0,14,0.0,0.0,107.5,95.0,136.3,122.0,133.875,121.0,2.2222222222222223,2.0,4,0.2,1
0.5,0.01,0.5,Ohio,84.7,50,108,96.0,32.1,32.0,37,0.3,3.0,99.9,99.0,105.0,100.0,97.2,109.0,6.6,6.5,12,5.4,8
2.0,0.25,0.5,Arkansas,84.8,37,99,89.0,12.0,12.0,13,0.0,0.0,99.6,99.0,109.9,112.0,28.0,28.0,9.8,9.5,12,0.9,1
2.0,0.1,0.5,Georgia,84.8,79,95,79.0,49.0,49.5,51,0.0,0.0,92.9,93.0,98.2,97.5,114.4,102.0,12.9,13.0,16,9.8,12
ALL,ALL,ALL,Virginia,85.06666666666666,59,175,65.0,25.525,28.0,37,0.0,0.0,101.20833333333333,95.0,115.24722222222222,118.0,142.68347338935575,122.0,10.789915966386555,11.0,27,1.0805555555555555,4
0.5,0.01,2.0,Pennsylvania,85.1,58,100,93.0,38.8,39.0,43,0.0,0.0,97.4,101.0,102.1,103.0,91.6,117.0,18.7,18.0,28,8.0,11
1.0,0.01,1.0,Wyoming,85.3,49,147,90.0,10.7,11.0,13,0.0,0.0,119.2,100.0,154.5,147.0,209.25,125.0,1.25,1.0,2,0.0,0
0.5,0.01,2.0,North Dakota,85.3,81,92,87.0,8.8,8.0,13,0.0,0.0,98.3,92.0,107.7,97.0,170.4,157.5,1.8,1.0,6,1.1,4
2.0,0.1,1.0,Georgia,85.4,71,95,85.0,52.0,52.0,54,0.0,0.0,93.5,95.0,98.5,100.0,110.6,103.0,14.8,14.0,20,10.0,13
0.5,0.05,2.0,Nevada,85.6,56,96,96.0,4.1,4.0,5,0.0,0.0,98.6,109.0,115.5,116.0,294.6666666666667,341.0,1.0,1.0,1,0.0,0
0.5,0.01,0.5,North Dakota,85.6,63,92,88.0,3.0,3.0,4,0.1,1.0,98.6,97.0,127.33333333333333,124.5,124.0,124.0,1.0,1.0,2,0.4,2
2.0,0.1,2.0,Georgia,85.6,71,95,84.0,52.4,53.0,56,0.0,0.0,93.2,95.0,98.4,100.5,117.7,123.0,16.1,16.0,20,11.5,13
2.0,0.05,1.0,South Carolina,85.7,78,109,85.0,18.7,18.5,21,0.3,1.0,110.9,107.0,129.3,131.0,44.6,28.0,18.8,19.5,28,2.9,6
0.5,0.01,2.0,New York,85.7,56,101,97.5,12.4,12.0,16,1.8,7.0,110.0,114.0,113.7,114.0,35.7,28.0,162.5,157.0,184,34.5,37
2.0,0.1,0.5,South Carolina,85.8,78,131,78.0,16.5,16.5,18,0.3,1.0,109.2,109.0,126.6,131.0,41.7,28.0,19.5,20.5,27,5.3,7
1.0,0.1,2.0,Georgia,85.8,79,95,84.0,51.3,51.0,54,0.0,0.0,93.5,95.0,97.9,100.0,116.6,113.0,12.4,12.0,16,9.4,10
1.0,0.01,0.5,North Dakota,85.9,63,97,92.0,5.1,5.0,8,0.0,0.0,120.7,97.0,190.9,145.0,114.0,114.0,0.42857142857142855,0.0,1,0.4,1
2.0,0.25,2.0,Mississippi,86.0,74,89,89.0,15.2,15.0,16,0.0,0.0,114.2,115.0,151.3,142.0,340.0,340.0,1.0,1.0,1,0.0,0
0.5,0.1,0.5,South Carolina,86.0,78,131,78.0,6.9,6.5,10,0.7,1.0,111.7,102.5,128.6,131.0,107.3,93.5,10.9,11.5,15,1.0,2
0.5,0.05,0.5,Nevada,86.1,61,96,96.0,4.1,4.0,5,0.0,0.0,102.4,109.0,123.7,116.0,175.0,175.0,1.0,1.0,1,0.0,0
2.0,0.1,1.0,New Jersey,86.2,71,95,87.0,7.2,7.0,8,0.0,0.0,114.0,95.0,152.6,183.0,127.6,97.0,4.5,4.5,6,0.1,1
0.5,0.01,1.0,Louisiana,86.3,39,246,39.0,2.7,3.0,4,0.0,0.0,230.88888888888889,235.0,272.3333333333333,253.0,28.0,28.0,0.5,0.5,1,0.1,1
0.5,0.1,2.0,Arkansas,86.4,37,99,89.0,9.2,9.5,11,0.0,0.0,134.8,124.0,180.5,187.0,28.0,28.0,6.9,7.5,10,0.3,1
1.0,0.25,0.5,Montana,86.4,70,103,86.0,14.3,14.5,15,0.0,0.0,102.7,103.0,107.5,107.5,156.0,156.0,1.3,1.0,2,0.6,1
2.0,0.1,1.0,Arkansas,86.4,37,99,89.0,12.8,13.0,15,0.0,0.0,105.5,105.5,129.4,119.0,28.0,28.0,11.1,11.5,13,1.0,1
1.0,0.05,2.0,South Carolina,86.4,78,109,85.0,17.3,17.5,20,0.3,1.0,109.1,102.5,131.5,131.0,68.5,63.0,17.4,17.0,24,4.1,6
1.0,0.01,2.0,Wyoming,87.0,49,147,64.0,11.4,11.0,13,0.0,0.0,120.7,87.5,153.0,147.0,184.71428571428572,125.0,1.1428571428571428,1.0,2,0.0,0
0.5,0.25,1.0,Mississippi,87.1,74,115,89.0,4.5,4.5,6,0.0,0.0,112.9,108.0,150.8,141.0,,,0.0,0.0,0,0.0,0
1.0,0.25,0.5,Mississippi,87.1,74,115,89.0,4.5,4.5,6,0.0,0.0,111.5,104.0,169.3,142.0,,,0.0,0.0,0,0.0,0
0.5,0.25,2.0,Mississippi,87.5,74,89,89.0,7.5,7.5,8,0.0,0.0,109.9,111.5,143.2,142.0,,,0.0,0.0,0,0.0,0
1.0,0.01,2.0,Ohio,87.8,68,100,91.0,48.2,48.0,51,0.0,0.0,100.2,99.0,106.4,105.0,57.3,28.0,16.0,16.0,21,9.0,12
0.5,0.25,1.0,Maine,88.2,71,139,77.0,6.9,7.5,8,0.0,0.0,160.7,163.0,184.8,183.0,265.5,246.0,1.8,2.0,4,1.6,2
1.0,0.05,1.0,Nevada,88.3,56,96,96.0,4.1,4.0,5,0.0,0.0,109.9,109.0,135.2,142.0,246.8,175.0,1.0,1.0,1,0.0,0
1.0,0.05,1.0,Massachusetts,88.5,60,103,87.0,9.3,9.0,10,0.0,0.0,103.2,103.5,109.9,110.0,210.0,207.0,2.111111111111111,2.0,3,0.0,0
0.5,0.1,0.5,Georgia,88.8,71,95,95.0,23.3,23.0,26,0.0,0.0,96.7,100.0,101.4,102.5,122.8,133.0,6.6,7.0,9,4.4,6
1.0,0.1,2.0,Mississippi,89.0,89,89,89.0,13.6,13.5,16,0.0,0.0,145.5,142.0,205.5,206.5,,,0.0,0.0,0,0.0,0
ALL,ALL,ALL,Georgia,89.09444444444445,49,137,95.0,38.08888888888889,39.0,59,0.0,0.0,99.82777777777778,100.0,108.34166666666667,102.0,131.10256410256412,113.0,9.56056338028169,10.0,24,6.780555555555556,14
0.5,0.01,0.5,Washington,89.1,70,109,89.5,11.0,11.0,14,0.0,0.0,103.6,104.0,114.4,109.0,117.3,110.0,9.3,9.0,13,4.4,8
1.0,0.1,0.5,Delaware,89.2,51,206,63.0,2.4,2.0,3,0.0,0.0,206.2,206.0,447.0,447.0,62.0,62.0,1.0,1.0,1,0.0,0
0.5,0.01,0.5,Wyoming,89.5,49,201,71.0,3.2,3.0,6,0.0,0.0,152.1,100.0,204.85714285714286,255.0,114.0,125.0,1.0,1.0,1,0.0,0
1.0,0.01,1.0,Pennsylvania,89.5,74,103,93.0,38.0,39.0,43,0.0,0.0,98.7,101.0,103.7,104.0,100.1,115.0,21.9,23.0,27,8.7,12
2.0,0.01,1.0,Ohio,89.6,50,100,93.0,50.6,51.5,56,0.2,2.0,99.6,100.0,106.3,106.5,79.0,28.0,13.1,12.5,18,8.7,11
0.5,0.05,1.0,Massachusetts,89.8,87,100,87.0,8.5,8.5,10,0.0,0.0,95.7,96.0,103.9,103.5,207.0,207.0,1.8888888888888888,2.0,3,0.0,0
0.5,0.05,1.0,Nevada,89.8,61,96,96.0,3.9,4.0,4,0.0,0.0,104.9,109.0,134.1,142.0,175.0,175.0,1.0,1.0,1,0.0,0
0.5,0.05,2.0,Massachusetts,89.8,49,100,94.0,9.5,9.5,10,0.0,0.0,98.2,103.0,107.4,104.0,208.4,207.0,2.4,2.0,4,0.1,1
2.0,0.01,2.0,North Dakota,89.9,63,141,87.5,9.8,10.0,12,0.0,0.0,106.2,94.5,162.3,129.5,205.875,222.5,2.5,2.5,5,1.2,4
2.0,0.25,0.5,Mississippi,90.1,74,115,89.0,11.4,11.5,12,0.0,0.0,105.0,100.0,138.9,141.0,,,0.0,0.0,0,0.0,0
2.0,0.1,2.0,Mississippi,90.1,89,100,89.0,14.6,15.0,15,0.0,0.0,149.3,142.0,215.1,243.0,,,0.0,0.0,0,0.0,0
0.5,0.05,0.5,Virginia,90.3,62,118,95.0,17.2,17.0,20,0.0,0.0,114.9,118.0,126.2,128.5,123.6,122.0,6.7,5.5,17,0.3,1
2.0,0.01,0.5,Pennsylvania,90.3,73,93,93.0,40.8,41.0,44,0.0,0.0,100.1,101.0,103.2,103.0,89.5,115.5,20.6,22.0,25,6.9,10
2.0,0.1,2.0,Montana,90.4,70,112,102.0,21.5,21.5,23,0.0,0.0,110.1,103.0,125.9,112.0,189.5,156.0,3.3,3.0,5,0.9,2
2.0,0.01,1.0,North Dakota,90.5,63,129,89.5,10.1,10.0,13,0.0,0.0,112.2,108.5,144.1,141.0,292.8333333333333,313.0,2.125,2.0,7,1.4,4
2.0,0.1,0.5,Montana,90.7,70,112,103.0,19.9,20.0,22,0.0,0.0,109.2,103.0,122.4,112.0,177.6,156.0,2.0,2.0,4,0.4,1
0.5,0.25,0.5,Connecticut,90.8,89,92,92.0,6.0,6.0,6,0.0,0.0,95.0,97.0,98.3,98.0,150.9,172.0,2.0,1.5,4,1.0,1
1.0,0.25,2.0,Connecticut,91.0,89,92,91.0,6.0,6.0,6,0.0,0.0,94.1,92.0,98.5,97.5,151.8,172.0,4.3,4.0,6,1.0,1
2.0,0.25,1.0,Connecticut,91.0,89,92,91.0,6.0,6.0,6,0.0,0.0,93.8,92.0,96.4,97.0,129.3,119.0,4.4,4.0,6,1.0,1
2.0,0.25,2.0,Connecticut,91.0,89,92,92.0,6.0,6.0,6,0.0,0.0,95.0,97.0,98.4,98.0,146.1,144.0,4.0,4.0,5,1.0,1
1.0,0.05,2.0,Georgia,91.0,71,95,95.0,45.7,47.0,48,0.0,0.0,99.5,100.0,104.0,102.0,123.5,133.0,11.0,11.0,15,8.4,10
0.5,0.25,2.0,Connecticut,91.1,89,92,91.5,6.0,6.0,6,0.0,0.0,94.4,94.5,97.6,98.0,129.4,128.5,4.6,5.0,6,1.0,1
2.0,0.25,0.5,Connecticut,91.1,89,92,91.5,6.0,6.0,6,0.0,0.0,94.4,94.5,97.0,97.5,135.4,128.5,4.6,4.0,7,1.0,1
1.0,0.1,2.0,Connecticut,91.1,89,92,91.5,6.0,6.0,6,0.0,0.0,94.9,94.5,102.1,98.0,143.7,142.0,5.3,5.0,8,1.0,1
0.5,0.25,1.0,Connecticut,91.2,89,92,92.0,6.0,6.0,6,0.0,0.0,95.2,97.0,99.2,98.0,132.3,123.0,4.9,4.0,9,1.0,1
1.0,0.25,1.0,Connecticut,91.2,89,92,91.0,6.0,6.0,6,0.0,0.0,94.2,92.0,99.4,97.5,142.8,134.0,4.9,5.0,6,1.0,1
1.0,0.01,0.5,Pennsylvania,91.2,79,102,91.5,35.1,35.5,36,0.1,1.0,98.7,100.5,103.6,104.0,94.4,116.0,17.2,18.0,22,6.2,8
2.0,0.1,2.0,Arkansas,91.4,37,112,94.0,13.6,14.0,15,0.0,0.0,115.1,112.0,137.7,119.0,28.0,28.0,12.0,12.0,14,0.9,1
0.5,0.01,1.0,Pennsylvania,91.4,79,101,93.0,33.8,34.0,38,0.0,0.0,99.0,101.5,105.0,103.5,105.4,116.0,16.5,16.5,21,6.9,12
2.0,0.01,0.5,Washington,91.4,61,109,93.0,12.5,12.5,16,0.6,3.0,106.6,103.5,122.7,115.5,60.1,28.0,14.1,14.0,18,8.4,12
1.0,0.25,0.5,Connecticut,91.5,89,92,92.0,6.0,6.0,6,0.0,0.0,95.7,97.0,99.2,98.0,130.5,115.0,4.8,5.0,7,1.0,1
1.0,0.1,0.5,Connecticut,91.6,89,92,92.0,6.1,6.0,7,0.0,0.0,97.8,98.0,111.2,115.0,156.6,170.0,5.1,5.0,8,0.9,1
2.0,0.1,1.0,Connecticut,91.6,89,92,92.0,6.0,6.0,6,0.0,0.0,96.7,98.0,111.1,111.0,142.2,129.5,5.6,6.0,7,1.0,1
1.0,0.1,1.0,Arkansas,91.7,37,126,94.0,9.6,9.5,11,0.1,1.0,137.7,124.0,181.8,187.0,28.0,28.0,6.8,7.0,10,0.2,1
1.0,0.01,1.0,North Dakota,91.7,81,120,92.0,8.2,8.0,10,0.0,0.0,121.6,135.0,210.7,141.0,355.5,306.5,1.1428571428571428,1.0,3,1.0,3
0.5,0.25,0.5,Maine,91.8,71,139,83.0,4.1,4.0,6,0.0,0.0,158.8,161.0,185.3,163.0,269.4,302.0,1.0,1.0,2,0.6,2
2.0,0.05,1.0,Georgia,91.8,79,95,95.0,48.4,48.5,52,0.0,0.0,98.2,100.0,101.8,102.0,113.6,111.0,11.8,11.5,14,9.3,11
0.5,0.1,0.5,Mississippi,91.88888888888889,89,115,89.0,2.2222222222222223,2.0,3,0.0,0.0,128.22222222222223,115.0,124.5,124.5,,,0.0,0.0,0,0.0,0
0.5,0.1,2.0,Connecticut,91.9,91,92,92.0,6.0,6.0,6,0.0,0.0,97.0,97.5,106.7,105.0,161.3,170.0,6.0,6.0,9,1.0,1
1.0,0.1,1.0,Connecticut,91.9,91,92,92.0,6.0,6.0,6,0.0,0.0,97.1,98.0,107.7,106.5,132.6,123.0,7.2,7.5,9,1.0,1
0.5,0.1,0.5,Connecticut,91.9,91,92,92.0,5.7,6.0,6,0.0,0.0,97.2,98.0,107.3,105.0,157.2,171.0,2.1,2.0,4,1.0,1
2.0,0.1,2.0,Connecticut,92.0,92,92,92.0,6.0,6.0,6,0.0,0.0,97.8,98.0,107.5,110.0,153.6,162.0,6.0,6.0,8,1.0,1
2.0,0.1,0.5,Connecticut,92.0,92,92,92.0,6.0,6.0,6,0.0,0.0,97.6,98.0,106.7,103.0,154.0,170.0,5.4,5.5,8,1.0,1
1.0,0.01,2.0,Pennsylvania,92.0,83,105,93.0,40.0,39.0,46,0.1,1.0,100.7,101.0,104.5,103.0,107.8,116.0,18.6,18.5,27,8.6,12
1.0,0.05,0.5,Massachusetts,92.2,87,100,87.0,8.5,8.5,10,0.0,0.0,100.2,103.0,108.1,104.0,207.0,207.0,1.9,2.0,3,0.0,0
1.0,0.1,2.0,Delaware,92.5,63,201,63.0,2.3,2.0,3,0.0,0.0,181.2,206.0,206.33333333333334,206.0,,,0.0,0.0,0,0.0,0
0.5,0.1,0.5,Montana,92.5,70,112,103.0,4.9,5.0,6,0.0,0.0,117.3,112.0,145.3,147.0,165.0,156.0,1.0,1.0,1,0.0,0
1.0,0.1,0.5,Maine,92.6,71,139,71.0,6.8,7.0,8,0.0,0.0,162.0,162.0,184.2,173.0,247.375,223.0,1.7,2.0,4,2.2,3
0.5,0.05,0.5,Georgia,92.6,71,95,95.0,19.3,18.5,25,0.0,0.0,101.5,100.5,109.6,106.0,119.5,113.0,4.9,4.5,8,2.8,4
1.0,0.05,1.0,Georgia,92.6,71,95,95.0,41.3,41.0,45,0.0,0.0,102.5,103.0,111.3,109.0,121.1,133.0,8.4,8.0,11,7.2,11
2.0,0.05,2.0,Georgia,92.8,79,95,95.0,50.0,49.5,53,0.0,0.0,99.6,100.0,102.8,102.0,126.6,133.0,12.8,13.5,18,9.3,12
1.0,0.05,2.0,Massachusetts,92.9,87,110,89.5,9.8,10.0,11,0.0,0.0,103.5,103.0,108.6,104.0,203.4,207.0,2.9,2.5,5,0.1,1
0.5,0.1,1.0,Connecticut,92.9,89,98,92.0,5.9,6.0,6,0.1,1.0,98.2,98.0,106.9,104.5,142.2,139.0,4.7,4.0,7,1.0,1
0.5,0.05,1.0,Connecticut,93.0,89,105,92.0,5.6,6.0,6,0.0,0.0,99.6,98.0,111.0,111.0,148.2,156.0,5.8,6.0,7,1.1,2
2.0,0.1,1.0,Montana,93.0,70,103,103.0,20.2,20.0,21,0.0,0.0,106.6,103.0,124.2,112.0,222.1,156.0,3.5,3.0,5,1.1,2
2.0,0.01,1.0,Washington,93.0,77,109,91.0,14.2,14.5,15,0.1,1.0,107.3,104.0,116.3,113.5,86.8,109.0,13.3,13.0,19,5.6,8
2.0,0.05,2.0,Massachusetts,93.1,87,104,92.0,9.8,10.0,10,0.0,0.0,104.0,103.0,109.1,104.0,207.0,207.0,2.8,2.5,6,0.1,1
0.5,0.1,2.0,Montana,93.1,70,103,103.0,18.3,18.0,20,0.0,0.0,106.6,103.0,122.6,112.0,156.0,156.0,2.0,2.0,4,0.4,1
2.0,0.01,1.0,Pennsylvania,93.1,74,103,93.0,41.1,42.0,45,0.0,0.0,101.6,102.0,106.0,104.0,106.9,109.0,18.7,17.5,26,8.1,14
1.0,0.01,1.0,New York,93.1,56,114,100.5,11.3,11.5,16,0.1,1.0,106.6,113.5,113.6,114.5,28.0,28.0,162.6,161.0,179,36.3,41
2.0,0.01,2.0,Pennsylvania,93.3,86,102,93.0,39.5,38.5,45,0.0,0.0,99.5,101.0,103.0,103.0,104.3,125.0,20.2,21.5,24,8.3,10
2.0,0.05,0.5,Georgia,93.4,79,95,95.0,44.7,45.5,49,0.0,0.0,100.0,100.0,105.1,104.0,123.2,133.0,10.4,10.0,13,7.9,11
2.0,0.01,2.0,Washington,93.5,61,109,99.0,13.6,13.0,17,0.1,1.0,105.9,106.5,118.5,111.5,105.3,109.0,12.9,13.5,15,7.4,9
2.0,0.25,0.5,Maine,93.8,71,139,77.0,9.2,9.0,11,0.0,0.0,159.0,162.0,173.2,173.0,261.4,239.0,1.7,2.0,3,1.0,2
2.0,0.1,0.5,Arkansas,93.8,37,119,89.0,11.5,11.0,13,0.0,0.0,121.5,119.0,149.5,139.0,49.5,28.0,8.9,9.0,13,1.0,1
0.5,0.25,2.0,Maine,93.8,71,139,77.0,9.0,9.0,10,0.0,0.0,157.5,162.0,176.0,173.5,285.5,311.0,1.4,1.0,3,1.1,2
2.0,0.01,2.0,Maryland,93.8,61,148,67.0,12.3,12.5,15,0.1,1.0,134.8,136.0,161.4,148.0,176.3,181.0,6.5,6.5,11,1.5,3
1.0,0.05,0.5,Georgia,93.8,83,95,95.0,32.9,34.0,35,0.0,0.0,100.5,100.0,106.0,106.0,119.4,113.0,7.1,7.5,10,6.2,10
1.0,0.1,1.0,Montana,93.9,70,112,103.0,18.4,18.0,21,0.0,0.0,108.7,103.0,124.5,112.0,166.8,156.0,2.1,2.0,4,0.7,2
1.0,0.05,2.0,Connecticut,93.9,92,105,92.0,6.0,6.0,6,0.1,1.0,103.9,98.0,120.0,120.0,141.3,142.0,6.4,7.0,9,1.0,1
ALL,ALL,ALL,Massachusetts,93.98611111111111,49,200,87.0,8.875,9.0,11,0.002777777777777778,1.0,111.00555555555556,100.0,121.65277777777777,103.0,210.36526946107784,207.0,2.2059701492537314,2.0,6,0.12222222222222222,2
2.0,0.05,1.0,Massachusetts,94.0,87,103,93.5,9.4,9.5,10,0.0,0.0,103.2,104.0,113.6,114.5,206.9,207.0,2.3,2.0,5,0.1,1
1.0,0.01,0.5,Louisiana,94.0,39,260,39.0,2.0,2.0,3,0.0,0.0,247.125,259.0,245.0,245.0,,,0.0,0.0,0,0.1,1
1.0,0.1,0.5,Arkansas,94.1,37,126,89.0,7.7,8.0,8,0.0,0.0,129.6,113.5,169.4,187.0,28.0,28.0,4.1,4.0,6,0.7,1
0.5,0.05,1.0,South Carolina,94.1,78,131,85.0,10.7,11.5,14,0.2,1.0,123.7,131.0,150.4,146.0,118.1,134.0,8.8,8.0,14,1.7,2
1.0,0.01,2.0,Tennessee,94.1,45,159,87.0,30.2,30.0,33,0.0,0.0,154.3,162.5,174.8,176.5,140.6,136.0,11.1,11.5,14,4.3,8
0.5,0.05,2.0,Connecticut,94.3,89,105,92.0,5.9,6.0,7,0.0,0.0,102.3,98.0,118.7,111.0,143.8,139.5,6.2,6.0,8,1.1,2
1.0,0.1,2.0,Montana,94.6,70,112,102.0,20.2,20.0,22,0.0,0.0,110.1,103.0,122.4,112.0,210.0,156.0,2.4,2.0,4,1.0,2
0.5,0.05,1.0,Georgia,94.6,91,95,95.0,26.9,26.0,33,0.0,0.0,101.0,100.0,105.8,106.0,120.9,113.0,6.1,7.0,9,5.8,9
1.0,0.01,0.5,Ohio,94.6,70,100,97.0,43.7,44.0,48,0.0,0.0,100.6,100.0,109.2,109.0,90.3,105.5,9.4,9.0,12,7.0,10
1.0,0.1,2.0,Arkansas,94.7,37,187,94.0,12.2,12.0,14,0.0,0.0,126.7,122.0,169.5,187.0,28.0,28.0,10.0,10.0,14,1.1,2
1.0,0.05,0.5,Connecticut,94.8,89,105,92.0,6.1,6.0,7,0.0,0.0,103.3,98.0,122.7,121.0,153.5,156.0,5.5,5.5,9,0.9,1
0.5,0.01,1.0,Ohio,94.9,76,100,97.0,41.3,41.0,45,0.1,1.0,102.0,100.0,105.5,105.0,107.3,115.0,8.7,8.5,12,5.6,8
0.5,0.01,2.0,Washington,95.0,77,109,97.0,13.4,13.0,16,0.0,0.0,107.8,109.0,119.8,116.0,96.8,109.0,10.9,11.5,13,6.3,10
0.5,0.05,2.0,Georgia,95.0,95,95,95.0,40.2,41.0,44,0.0,0.0,103.8,100.5,108.1,106.0,130.1,133.0,6.9,6.5,10,6.6,8
2.0,0.05,0.5,Connecticut,95.2,92,105,92.0,6.1,6.0,7,0.1,1.0,105.0,98.0,122.7,121.0,145.6,156.0,6.6,7.0,8,0.9,1
2.0,0.05,0.5,Massachusetts,95.3,87,100,100.0,9.6,10.0,10,0.0,0.0,102.8,104.0,115.2,117.0,208.7,207.0,2.1,2.0,3,0.1,1
1.0,0.1,0.5,Mississippi,95.4,74,142,89.0,4.0,4.0,5,0.0,0.0,160.3,156.0,246.8,274.0,,,0.0,0.0,0,0.0,0
2.0,0.05,0.5,South Carolina,95.7,49,126,107.0,16.6,16.5,19,0.1,1.0,115.4,131.0,138.9,146.0,91.2,79.0,16.4,17.5,23,3.8,6
0.5,0.05,0.5,Massachusetts,95.8,49,110,100.0,8.1,8.0,9,0.0,0.0,105.5,103.5,112.7,114.5,222.42857142857142,225.0,1.5714285714285714,1.0,3,0.0,0
2.0,0.05,1.0,Connecticut,95.9,92,105,92.0,5.9,6.0,7,0.0,0.0,104.4,98.0,118.6,116.5,146.8,154.0,7.2,7.0,10,1.1,2
2.0,0.01,2.0,Georgia,96.2,95,102,95.0,31.2,31.0,36,0.0,0.0,106.9,102.0,126.3,133.0,194.5,201.0,5.5,6.0,9,4.7,8
2.0,0.1,0.5,North Carolina,96.3,54,122,95.0,30.2,30.0,32,0.0,0.0,120.9,122.0,136.1,132.5,152.0,127.0,8.1,7.5,12,2.7,4
0.5,0.05,0.5,Connecticut,96.5,92,105,92.0,5.6,6.0,6,0.1,1.0,106.1,98.0,123.9,123.5,141.6,133.5,4.2,4.5,6,1.0,1
1.0,0.01,1.0,Washington,96.8,77,109,103.0,14.0,14.0,16,0.0,0.0,105.3,109.0,122.3,118.0,101.4,109.0,11.5,12.0,15,6.4,9
1.0,0.01,0.5,Washington,97.0,77,109,103.0,12.3,12.0,16,0.1,1.0,109.2,109.0,119.9,116.0,74.8,61.5,10.8,10.5,14,4.4,7
1.0,0.01,2.0,Washington,97.2,88,109,93.0,13.2,13.0,15,0.2,1.0,110.9,109.0,126.3,118.0,104.1,109.0,12.7,12.5,16,7.4,10
1.0,0.1,0.5,Montana,97.3,70,112,103.0,12.7,12.5,14,0.0,0.0,113.7,112.0,133.0,133.0,162.0,156.0,1.2222222222222223,1.0,2,0.3,1
2.0,0.01,0.5,New York,97.5,67,114,103.5,12.2,11.0,17,0.9,5.0,111.3,114.0,115.6,115.0,28.0,28.0,158.1,157.5,174,35.5,40
1.0,0.05,1.0,South Carolina,97.7,85,131,85.0,16.1,16.0,18,0.0,0.0,130.4,131.0,154.1,146.0,74.8,28.0,13.0,12.0,18,1.8,3
2.0,0.01,1.0,New York,97.9,45,114,104.5,11.9,11.5,17,0.3,2.0,108.9,114.0,115.7,115.5,28.0,28.0,158.9,158.0,177,35.4,41
1.0,0.05,0.5,South Carolina,98.0,78,131,90.5,12.6,12.5,16,0.3,1.0,127.4,131.0,148.1,146.0,106.1,115.5,12.0,12.5,16,1.7,3
1.0,0.1,1.0,Mississippi,98.1,74,142,89.0,8.2,8.0,11,0.0,0.0,143.1,156.0,221.4,243.0,,,0.0,0.0,0,0.0,0
0.5,0.01,1.0,Washington,98.2,77,109,101.0,11.8,12.0,13,0.1,1.0,112.2,109.0,123.8,117.5,80.1,109.0,11.4,11.0,16,4.4,6
1.0,0.1,1.0,Delaware,98.5,51,201,63.0,2.2,2.0,3,0.0,0.0,209.2,206.0,447.0,447.0,62.0,62.0,1.0,1.0,1,0.0,0
ALL,ALL,ALL,Connecticut,98.79166666666667,89,158,92.0,5.852777777777778,6.0,7,0.1,2.0,113.77777777777777,98.0,131.41944444444445,111.0,151.29526462395543,157.0,5.1194444444444445,5.0,11,0.9277777777777778,2
1.0,0.01,0.5,New York,98.8,77,114,100.0,11.3,12.0,15,0.7,2.0,109.5,111.5,116.6,116.0,35.0,28.0,139.7,139.0,160,33.0,35
0.5,0.01,2.0,Maryland,98.9,67,151,85.0,10.7,10.5,13,0.0,0.0,146.7,146.0,160.9,152.5,172.6,185.0,4.2,4.0,7,0.7,3
2.0,0.05,1.0,Arkansas,98.9,89,122,94.0,10.8,11.0,13,0.0,0.0,119.1,115.5,147.2,134.5,28.0,28.0,10.6,10.0,14,0.8,1
1.0,0.05,1.0,Connecticut,99.0,89,105,101.5,6.0,6.0,6,0.1,1.0,112.3,113.0,131.7,133.5,149.6,156.0,5.8,6.0,7,1.0,1
0.5,0.01,0.5,Maryland,99.1,67,177,85.0,7.0,7.0,9,0.1,1.0,135.2,125.0,163.3,162.5,209.55555555555554,238.0,2.7777777777777777,2.0,7,0.7,2
2.0,0.05,2.0,Connecticut,99.1,89,105,100.0,6.0,6.0,7,0.2,1.0,111.2,113.0,124.4,122.0,153.3,170.0,7.0,6.5,11,1.0,2
0.5,0.05,2.0,South Carolina,99.3,78,131,102.5,15.6,15.0,19,0.1,1.0,121.1,131.0,145.6,146.0,54.0,28.0,14.1,13.5,22,1.4,3
2.0,0.25,1.0,Maine,99.4,71,139,77.0,9.3,9.0,11,0.0,0.0,154.3,153.5,170.9,163.0,267.9,271.5,1.7,2.0,3,1.1,2
1.0,0.25,1.0,Maine,99.4,71,139,77.0,8.7,9.0,10,0.0,0.0,161.1,163.0,182.3,184.0,283.2,311.0,1.4,1.0,3,1.1,2
0.5,0.1,1.0,Montana,99.6,70,103,103.0,7.8,8.0,9,0.0,0.0,109.3,112.0,136.5,147.0,151.5,156.0,1.3,1.0,2,0.9,2
2.0,0.1,0.5,Mississippi,99.7,89,170,89.0,10.5,10.5,13,0.0,0.0,147.2,128.5,219.2,243.0,,,0.0,0.0,0,0.0,0
0.5,0.01,1.0,New York,99.7,67,115,101.0,10.1,9.5,17,0.0,0.0,110.0,114.0,113.6,114.5,28.0,28.0,134.0,133.0,144,34.9,40
2.0,0.01,0.5,Maryland,100.0,61,193,67.0,12.2,12.0,14,0.3,3.0,150.4,148.0,167.8,157.5,204.2,211.5,6.3,6.0,9,1.2,4
0.5,0.01,0.5,New York,100.0,80,112,100.5,9.7,10.0,12,0.0,0.0,109.7,113.5,117.9,114.5,35.7,28.0,92.9,92.0,112,29.2,34
2.0,0.01,0.5,Georgia,100.2,95,119,98.5,29.1,29.5,32,0.0,0.0,120.3,114.0,140.9,136.0,199.9,201.0,4.2,4.0,8,3.8,6
2.0,0.01,1.0,Georgia,100.6,95,106,100.0,31.0,32.0,37,0.0,0.0,110.7,102.0,128.5,130.5,199.7,156.0,4.8,4.5,8,4.1,7
ALL,ALL,ALL,South Carolina,100.925,49,289,78.0,13.580555555555556,15.0,21,0.25555555555555554,1.0,130.26666666666668,109.0,155.32865168539325,131.0,93.13623188405798,28.0,15.36231884057971,16.0,31,2.547222222222222,7
0.5,0.05,2.0,Arkansas,101.0,37,159,110.5,8.7,9.0,11,0.0,0.0,161.6,187.0,203.0,210.5,28.0,28.0,5.1,4.5,10,0.1,1
2.0,0.01,1.0,Vermont,101.0,61,122,111.0,7.8,8.0,10,2.6,5.0,120.3,122.0,141.0,131.5,110.9,113.0,10.8,11.5,17,6.0,7
0.5,0.05,1.0,New Jersey,101.2,71,183,95.0,5.4,5.5,7,0.0,0.0,138.2,139.0,176.8,183.0,121.8,104.0,3.1,3.0,6,0.1,1
2.0,0.05,2.0,South Carolina,102.4,78,131,105.0,18.2,18.0,21,0.4,1.0,131.1,131.0,154.8,146.0,89.3,61.5,16.9,16.5,25,4.1,6
2.0,0.1,2.0,Delaware,102.5,51,206,63.0,2.3,2.0,3,0.0,0.0,196.9,206.0,366.6666666666667,447.0,62.0,62.0,1.0,1.0,1,0.0,0
1.0,0.01,2.0,Georgia,102.9,95,136,95.0,31.3,31.0,35,0.0,0.0,110.0,104.0,129.2,125.5,186.3,201.0,2.7,3.0,4,4.1,6
1.0,0.05,2.0,Montana,103.1,70,112,103.0,18.7,18.0,21,0.0,0.0,121.0,112.0,138.9,147.0,212.8,156.0,2.5,2.0,5,0.4,1
1.0,0.01,1.0,Vermont,103.3,71,122,111.0,6.7,6.5,8,3.1,7.0,123.9,123.0,151.2,144.5,108.6,113.0,8.4,8.5,12,6.9,9
2.0,0.1,1.0,Mississippi,103.4,89,170,89.0,14.9,15.0,16,0.0,0.0,170.3,156.0,224.9,243.0,340.0,340.0,1.0,1.0,1,0.0,0
ALL,ALL,ALL,Montana,103.43055555555556,70,164,103.0,14.580555555555556,15.5,24,0.0,0.0,126.925,112.0,145.68347338935575,147.0,204.5953947368421,156.0,2.039087947882736,2.0,5,0.4527777777777778,2
2.0,0.01,2.0,Louisiana,103.9,39,260,39.0,3.2,3.0,4,0.0,0.0,261.2,172.0,323.25,273.0,169.33333333333334,28.0,1.3333333333333333,1.0,2,0.0,0
0.5,0.01,2.0,Vermont,104.1,71,122,111.0,7.4,8.0,10,2.9,5.0,122.9,122.0,153.7,160.5,131.9,113.0,8.3,8.0,11,6.2,8
0.5,0.05,2.0,Montana,104.2,70,112,107.5,17.2,17.0,19,0.0,0.0,127.7,129.5,148.5,155.5,173.14285714285714,208.0,2.2857142857142856,2.0,4,0.3,1
1.0,0.05,1.0,Montana,104.2,70,112,107.5,17.2,17.0,20,0.0,0.0,135.6,147.0,154.0,164.0,254.4,209.0,2.2,2.0,4,0.4,1
2.0,0.01,0.5,Louisiana,104.3,39,235,39.0,3.1,3.0,4,0.0,0.0,212.1,203.5,327.55555555555554,260.0,28.0,28.0,1.0,1.0,1,0.0,0
2.0,0.05,0.5,North Carolina,104.3,53,126,122.0,26.3,26.0,29,0.0,0.0,140.8,137.0,166.9,168.5,128.2,106.0,8.1,8.5,11,1.7,4
0.5,0.01,0.5,Georgia,104.4,95,136,95.0,9.3,8.5,14,0.0,0.0,126.8,127.5,142.2,137.0,187.85714285714286,201.0,1.125,1.0,3,0.9,2
0.5,0.01,1.0,Maryland,104.7,67,192,85.0,9.1,9.0,11,0.1,1.0,156.3,148.0,179.2,181.5,189.2,186.0,3.5,3.0,8,0.8,2
2.0,0.05,2.0,North Carolina,104.7,54,122,122.0,28.2,29.0,30,0.0,0.0,127.4,139.0,152.2,164.0,176.8,124.5,8.0,7.5,12,2.1,3
1.0,0.01,2.0,New York,104.8,90,114,101.0,12.3,12.5,16,0.1,1.0,111.1,114.0,117.2,116.5,28.0,28.0,154.4,153.0,180,35.4,40
0.5,0.1,1.0,Mississippi,105.0,89,170,89.0,2.6,2.0,5,0.0,0.0,142.0,142.0,225.5,222.0,,,0.0,0.0,0,0.0,0
2.0,0.1,2.0,Maine,105.0,71,139,105.0,7.8,8.0,10,0.0,0.0,162.8,163.0,191.2,184.0,255.75,223.0,1.5,2.0,3,1.8,3
2.0,0.01,0.5,Nevada,105.1,78,128,96.0,4.0,4.0,4,0.0,0.0,128.5,128.0,173.2,142.0,,,0.0,0.0,0,0.0,0
0.5,0.1,0.5,Delaware,105.5,51,238,63.0,1.9,2.0,2,0.0,0.0,217.33333333333334,206.0,,,62.0,62.0,1.0,1.0,1,0.0,0
1.0,0.01,1.0,Nevada,105.6,96,128,96.0,4.0,4.0,5,0.0,0.0,131.5,135.0,166.7,158.5,271.5,271.5,1.0,1.0,1,0.0,0
1.0,0.05,0.5,Montana,105.7,103,112,103.0,13.2,13.0,15,0.0,0.0,129.5,129.5,155.5,155.5,190.66666666666666,208.0,0.75,1.0,1,0.1,1
2.0,0.05,1.0,Montana,106.4,102,112,103.0,18.8,18.5,21,0.0,0.0,124.6,112.0,152.4,147.0,279.2,326.5,2.8,3.0,4,0.6,2
2.0,0.05,2.0,Arkansas,106.8,99,112,112.0,11.9,12.0,14,0.0,0.0,124.9,119.0,163.1,187.0,28.0,28.0,10.3,11.0,14,0.7,1
ALL,ALL,ALL,North Carolina,106.85555555555555,53,244,87.0,22.030555555555555,24.0,35,0.005571030640668524,1.0,133.72701949860723,122.0,155.08635097493035,139.0,184.18072289156626,122.0,5.835777126099707,5.0,13,1.5666666666666667,6
1.0,0.01,0.5,Maryland,107.0,53,144,115.0,10.2,10.0,12,0.0,0.0,152.4,162.5,178.5,192.0,160.1,173.5,4.0,3.5,7,0.5,2
2.0,0.05,1.0,Mississippi,107.1,89,170,89.0,12.7,13.0,15,0.0,0.0,210.6,206.5,265.8,274.0,340.0,340.0,1.0,1.0,1,0.0,0
0.5,0.1,0.5,Arkansas,107.1,89,180,92.0,2.7,3.0,4,0.0,0.0,153.0,124.0,216.83333333333334,220.0,28.0,28.0,2.0,2.0,3,0.0,0
0.5,0.01,1.0,Georgia,107.3,95,136,95.0,13.4,13.5,17,0.0,0.0,131.8,136.0,147.9,155.0,179.0,201.0,1.2222222222222223,1.0,3,0.7,3
2.0,0.25,2.0,Maine,107.4,71,139,111.0,9.2,9.0,12,0.0,0.0,158.8,161.0,173.8,163.0,311.8,311.0,2.1,2.0,4,1.1,2
2.0,0.01,2.0,New York,107.4,90,114,111.0,12.2,12.0,16,2.5,19.0,116.2,114.5,123.4,119.5,53.5,28.0,153.6,149.5,173,35.0,38
0.5,0.01,1.0,Nevada,107.5,69,142,96.0,3.6,4.0,5,0.0,0.0,135.8,128.0,155.22222222222223,142.0,,,0.0,0.0,0,0.1,1
2.0,0.05,2.0,Montana,107.5,103,112,107.5,19.9,20.5,22,0.0,0.0,129.5,129.5,155.5,155.5,272.1,337.5,2.6,2.0,4,0.7,2
0.5,0.01,2.0,Connecticut,107.5,98,113,105.0,6.2,6.0,7,0.6,1.0,155.6,151.0,228.9,239.5,179.2,175.5,4.9,5.0,8,0.7,1
0.5,0.01,2.0,Georgia,107.6,83,137,107.0,23.4,24.0,27,0.0,0.0,127.2,126.0,139.6,136.5,211.0,201.0,2.6,3.0,5,1.1,2
0.5,0.25,1.0,West Virginia,107.8,98,117,109.0,13.8,14.0,15,0.0,0.0,117.4,117.0,124.9,120.0,,,0.0,0.0,0,0.0,0
1.0,0.05,1.0,Arkansas,107.8,89,187,94.0,9.6,10.0,11,0.0,0.0,148.0,156.5,203.2,203.5,87.1,28.0,5.0,5.0,9,0.1,1
0.5,0.01,1.0,Vermont,107.9,97,111,111.0,6.1,6.0,9,5.0,10.0,142.1,122.0,167.4,167.5,112.9,113.0,9.4,10.0,12,7.4,10
0.5,0.25,2.0,West Virginia,108.1,98,117,109.0,17.4,17.5,18,0.0,0.0,116.8,117.0,132.3,120.0,,,0.0,0.0,0,0.0,0
1.0,0.25,1.0,West Virginia,108.1,98,117,109.0,17.7,18.0,19,0.0,0.0,116.3,117.0,124.6,120.0,,,0.0,0.0,0,0.0,0
2.0,0.01,0.5,Vermont,108.5,84,122,111.0,6.3,6.5,9,4.2,8.0,136.9,122.0,156.5,139.5,117.2,113.0,9.8,10.0,13,7.1,9
0.5,0.05,0.5,Montana,108.6,70,147,112.0,5.6,5.5,8,0.0,0.0,136.5,147.0,170.6,191.0,177.0,210.0,1.3333333333333333,1.0,2,0.0,0
1.0,0.05,0.5,North Carolina,108.6,54,135,122.0,17.2,17.0,21,0.1,1.0,145.8,153.0,167.1,170.0,202.88888888888889,164.0,2.0,2.0,3,1.2,4
0.5,0.1,2.0,Maine,108.6,71,139,111.0,8.4,8.0,10,0.0,0.0,162.6,163.0,187.7,184.0,271.0,278.5,1.3,1.0,3,1.2,2
1.0,0.01,2.0,Vermont,108.6,97,122,111.0,7.0,7.0,11,2.8,6.0,121.7,122.0,158.6,131.0,114.4,113.0,11.3,11.5,15,6.5,9
0.5,0.1,1.0,Arkansas,108.7,37,187,94.0,5.4,5.0,8,0.0,0.0,150.9,153.0,190.0,187.0,66.2,28.0,3.4,3.0,7,0.0,0
2.0,0.25,0.5,West Virginia,108.9,98,117,109.0,17.9,18.0,19,0.0,0.0,116.6,117.0,124.6,120.0,346.8,344.0,1.0,1.0,1,0.0,0
1.0,0.01,0.5,Nevada,109.1,96,128,107.0,3.5,3.5,4,0.0,0.0,139.2,142.0,178.3,183.0,,,0.0,0.0,0,0.1,1
2.0,0.05,0.5,Montana,109.1,102,147,103.0,18.1,18.0,20,0.0,0.0,122.8,112.0,154.8,147.0,217.1,208.0,1.9,2.0,3,0.3,1
1.0,0.01,1.0,Georgia,109.4,95,136,106.0,26.4,26.0,30,0.0,0.0,133.0,136.0,150.0,140.5,266.77777777777777,201.0,2.5555555555555554,2.0,6,2.0,6
1.0,0.01,2.0,Nevada,109.5,96,128,109.0,3.9,4.0,4,0.0,0.0,142.3,142.0,199.2,189.0,341.0,341.0,1.0,1.0,1,0.0,0
1.0,0.01,0.5,Georgia,109.6,95,136,97.5,18.1,18.0,22,0.0,0.0,126.1,124.5,137.8,136.5,197.33333333333334,175.0,2.6666666666666665,2.0,5,0.9,2
2.0,0.25,1.0,West Virginia,109.7,98,117,113.0,17.8,18.0,19,0.0,0.0,116.1,118.5,125.6,126.5,346.8,344.0,1.4,1.0,2,0.0,0
2.0,0.01,2.0,Nevada,109.7,96,142,96.0,4.0,4.0,5,0.0,0.0,138.7,135.0,163.7,156.0,175.0,175.0,1.0,1.0,1,0.0,0
0.5,0.05,0.5,New Jersey,109.9,87,189,92.5,4.2,4.0,5,0.0,0.0,156.9,183.0,193.66666666666666,189.0,133.2,104.0,2.9,3.0,5,0.0,0
0.5,0.05,2.0,New Jersey,110.0,71,183,95.0,5.5,5.5,6,0.0,0.0,148.2,183.0,183.0,186.0,162.7,151.5,3.7,4.0,6,0.3,2
2.0,0.01,1.0,Nevada,110.1,96,128,108.5,4.2,4.0,5,0.0,0.0,133.6,142.0,179.3,189.0,368.0,368.0,1.0,1.0,1,0.0,0
2.0,0.05,1.0,North Carolina,110.6,87,122,122.0,27.4,28.0,30,0.0,0.0,147.5,153.0,174.2,170.0,258.4,314.5,6.5,7.0,7,2.4,5
1.0,0.05,2.0,North Carolina,110.7,75,135,122.0,27.7,28.0,31,0.0,0.0,142.1,145.0,160.3,168.5,90.6,28.0,8.1,8.0,11,2.3,5
1.0,0.25,2.0,West Virginia,110.8,98,117,113.0,17.5,18.0,18,0.0,0.0,119.0,118.5,135.5,133.0,348.2,351.0,1.4,1.0,2,0.0,0
1.0,0.01,0.5,Vermont,110.9,103,118,111.0,7.4,7.0,10,3.7,8.0,130.6,122.0,151.6,137.0,107.3,113.0,9.1,9.5,13,6.2,8
1.0,0.05,1.0,New Jersey,111.0,87,183,97.0,6.0,6.0,7,0.0,0.0,161.9,183.0,194.0,183.0,158.8,151.5,3.5,3.0,6,0.0,0
1.0,0.05,0.5,New Jersey,111.0,87,183,95.0,5.5,5.0,7,0.0,0.0,161.9,183.0,192.0,183.0,152.4,104.0,4.7,4.5,7,0.3,2
1.0,0.05,2.0,New Jersey,111.2,71,183,95.0,6.6,7.0,7,0.0,0.0,174.0,183.0,188.4,183.0,149.44444444444446,133.0,3.3,3.5,5,0.1,1
0.5,0.01,1.0,Connecticut,111.4,105,113,113.0,4.8,5.0,6,0.2,1.0,151.1,147.5,204.6,166.0,156.9,156.0,5.4,5.0,8,0.8,2
1.0,0.25,0.5,West Virginia,111.6,98,117,117.0,15.8,16.0,17,0.0,0.0,117.2,120.0,127.2,133.0,,,0.0,0.0,0,0.0,0
1.0,0.1,2.0,Maine,111.8,71,139,139.0,8.0,8.0,10,0.0,0.0,160.9,163.0,185.7,184.0,303.6666666666667,311.0,1.3,1.0,2,1.5,3
0.5,0.1,1.0,Maine,111.8,71,139,139.0,5.6,5.5,8,0.1,1.0,167.6,163.0,201.2,211.0,272.9,278.5,1.4,1.0,2,1.7,3
0.5,0.05,2.0,North Carolina,111.9,87,135,122.0,24.1,23.5,27,0.0,0.0,138.4,151.5,155.2,167.0,169.6,169.0,5.7,5.5,8,1.6,4
0.5,0.05,1.0,Arkansas,112.0,37,187,97.0,5.2,5.5,8,0.0,0.0,160.0,151.0,191.66666666666666,187.0,83.9,28.0,3.1,3.0,6,0.1,1
ALL,ALL,ALL,Arkansas,112.15877437325905,37,320,99.0,8.264623955431755,8.0,16,0.005681818181818182,1.0,149.35227272727272,122.0,184.1081081081081,187.0,59.96330275229358,28.0,6.443425076452599,6.0,14,0.4373259052924791,3
0.5,0.05,1.0,Montana,112.9,70,147,112.0,8.5,8.5,10,0.0,0.0,143.5,147.0,172.2,191.0,190.0,208.0,1.25,1.0,2,0.3,1
2.0,0.25,2.0,West Virginia,113.0,109,117,113.0,17.8,18.0,18,0.0,0.0,118.5,118.5,128.5,126.5,351.0,351.0,1.0,1.0,1,0.0,0
0.5,0.01,0.5,Nevada,113.0,96,142,109.0,3.7,4.0,5,0.0,0.0,138.6,135.0,162.2,155.0,175.0,175.0,1.0,1.0,1,0.0,0
2.0,0.1,1.0,Maine,113.0,71,139,139.0,7.6,7.0,10,0.0,0.0,161.3,163.0,186.4,184.0,309.3333333333333,311.0,1.3,1.0,2,1.7,3
2.0,0.1,0.5,Maine,113.0,71,139,139.0,7.7,8.0,8,0.0,0.0,162.6,163.0,193.2,197.5,261.6,232.0,1.8,2.0,2,1.7,3
2.0,0.05,0.5,Arkansas,113.1,89,150,119.0,9.7,9.5,11,0.0,0.0,129.3,122.0,169.9,183.5,49.5,28.0,6.6,6.0,12,1.0,2
0.5,0.01,0.5,Vermont,113.2,111,122,111.0,5.4,5.0,9,3.1,8.0,128.6,122.0,154.1,134.0,125.0,125.5,6.3,6.0,13,6.7,9
0.5,0.1,2.0,West Virginia,113.3,98,120,117.0,16.9,17.0,18,0.0,0.0,125.8,120.0,139.9,138.0,351.0,351.0,1.5,1.5,2,0.0,0
1.0,0.1,1.0,West Virginia,113.3,98,120,117.0,16.9,17.0,18,0.0,0.0,122.7,120.0,143.1,138.0,351.0,351.0,1.0,1.0,1,0.0,0
0.5,0.01,0.5,Connecticut,113.3,105,151,105.5,3.6,3.0,5,0.3,1.0,146.7,151.0,178.2,167.0,169.44444444444446,158.0,2.2,2.0,5,0.4,1
0.5,0.25,0.5,West Virginia,113.8,109,117,117.0,7.5,8.0,9,0.0,0.0,118.8,120.0,127.8,133.0,,,0.0,0.0,0,0.0,0
0.5,0.1,1.0,West Virginia,113.8,109,117,117.0,12.4,12.5,14,0.0,0.0,120.1,120.0,140.1,138.0,356.0,356.0,1.0,1.0,1,0.0,0
0.5,0.1,2.0,Mississippi,115.1,89,243,89.0,6.8,7.0,10,0.0,0.0,159.2,141.5,192.3,170.0,28.0,28.0,1.0,1.0,1,0.0,0
0.5,0.05,2.0,Mississippi,115.2,89,170,89.0,6.2,6.0,9,0.0,0.0,186.2,206.5,268.5,274.0,258.5,258.5,1.0,1.0,1,0.0,0
1.0,0.1,2.0,West Virginia,115.4,109,117,117.0,16.6,17.0,18,0.0,0.0,122.0,120.0,139.4,133.0,351.0,351.0,1.2,1.0,2,0.0,0
2.0,0.1,2.0,West Virginia,115.7,109,120,117.0,16.5,16.5,17,0.0,0.0,122.0,120.0,138.4,138.0,351.0,351.0,1.0,1.0,1,0.0,0
0.5,0.1,0.5,West Virginia,115.7,109,120,117.0,7.4,8.0,10,0.0,0.0,125.6,120.0,146.9,143.0,,,0.0,0.0,0,0.0,0
2.0,0.1,0.5,West Virginia,116.0,109,120,117.0,17.0,17.0,18,0.0,0.0,123.3,120.0,143.8,138.0,351.0,351.0,1.0,1.0,1,0.0,0
ALL,ALL,ALL,New Jersey,116.01388888888889,71,292,87.0,5.825,6.0,9,0.0,0.0,144.1536312849162,95.0,172.03661971830985,183.0,144.09375,97.0,3.492401215805471,3.0,8,0.20833333333333334,2
0.5,0.01,2.0,Nevada,116.1,96,142,118.5,3.8,4.0,4,0.0,0.0,142.4,142.0,174.4,183.0,,,0.0,0.0,0,0.0,0
0.5,0.05,0.5,South Carolina,116.1,85,146,120.0,5.6,5.5,8,0.0,0.0,137.4,138.5,164.7,160.5,166.3,161.0,5.1,4.5,9,0.5,2
2.0,0.01,2.0,Vermont,116.2,111,138,111.0,6.9,6.0,10,2.7,5.0,124.9,122.0,165.0,173.5,122.5,113.0,8.3,8.0,13,6.7,9
1.0,0.01,1.0,Connecticut,116.3,105,151,113.0,5.9,6.0,7,0.5,1.0,165.4,151.0,228.9,231.5,172.6,170.5,5.1,5.0,8,1.1,2
2.0,0.1,1.0,West Virginia,116.4,98,143,117.0,16.7,17.0,18,0.0,0.0,124.3,120.0,140.4,133.0,349.8333333333333,351.0,1.1666666666666667,1.0,2,0.0,0
2.0,0.01,0.5,Connecticut,116.4,105,151,113.0,6.1,6.0,7,0.2,1.0,167.5,151.0,184.5,151.0,175.3,167.0,4.8,5.0,7,0.6,2
2.0,0.01,1.0,Connecticut,116.4,105,158,113.0,5.5,5.5,7,0.5,2.0,183.8,159.0,214.1,181.0,171.0,171.5,5.3,4.0,9,1.1,2
2.0,0.01,1.0,Maryland,116.5,67,177,140.0,12.8,13.0,15,0.0,0.0,153.0,147.0,179.5,192.5,220.3,226.0,5.4,5.5,9,1.0,3
0.5,0.05,0.5,Arkansas,116.6,37,220,89.0,2.8,3.0,4,0.0,0.0,138.125,126.0,201.5,201.0,28.0,28.0,1.4285714285714286,1.0,2,0.0,0
1.0,0.05,1.0,West Virginia,116.8,109,133,117.0,15.6,16.0,17,0.0,0.0,132.5,126.5,164.0,165.5,338.6666666666667,351.0,1.1666666666666667,1.0,2,0.0,0
2.0,0.1,1.0,Delaware,117.0,51,201,63.0,2.3,2.0,3,0.0,0.0,196.8,206.0,366.6666666666667,447.0,62.0,62.0,1.0,1.0,1,0.0,0
1.0,0.1,0.5,West Virginia,117.3,109,133,117.0,14.8,15.0,17,0.0,0.0,127.8,120.0,142.9,138.0,,,0.0,0.0,0,0.0,0
2.0,0.1,0.5,Delaware,117.5,51,206,63.0,2.2,2.0,3,0.0,0.0,206.1,206.0,447.0,447.0,62.0,62.0,1.0,1.0,1,0.0,0
0.5,0.05,1.0,North Carolina,117.6,87,135,122.0,16.5,16.0,20,0.1,1.0,158.9,165.5,181.1,193.0,204.14285714285714,200.0,2.0,2.0,6,0.8,2
1.0,0.05,2.0,Arkansas,118.0,89,187,99.0,10.7,10.5,12,0.0,0.0,159.6,156.5,204.1,203.5,28.0,28.0,7.9,7.5,11,0.8,1
1.0,0.05,2.0,West Virginia,118.1,109,133,117.0,16.0,16.0,17,0.0,0.0,133.5,133.0,167.9,173.0,338.6666666666667,351.0,1.1666666666666667,1.0,2,0.0,0
2.0,0.05,2.0,New Jersey,118.4,71,183,95.0,6.9,7.0,8,0.0,0.0,165.4,183.0,184.5,183.0,182.2,199.0,3.3,3.0,6,0.1,1
0.5,0.05,0.5,Maine,118.6,71,139,139.0,3.8,4.0,6,0.1,1.0,177.2,163.0,213.11111111111111,211.0,237.33333333333334,226.0,1.1111111111111112,1.0,3,1.3,2
2.0,0.05,1.0,Maine,118.6,71,139,139.0,6.8,7.0,9,0.1,1.0,171.5,163.0,192.0,184.0,291.875,271.5,1.5,1.5,3,1.4,3
1.0,0.05,1.0,North Carolina,118.7,87,135,122.0,26.2,26.5,31,0.0,0.0,143.8,139.0,167.9,168.5,157.5,182.0,6.3,6.0,9,1.9,4
0.5,0.05,0.5,West Virginia,118.8,109,143,117.0,8.0,8.0,10,0.0,0.0,134.0,138.0,165.3,173.0,243.0,243.0,1.0,1.0,1,0.0,0
2.0,0.05,1.0,New Jersey,119.0,87,183,95.0,6.9,7.0,7,0.0,0.0,161.9,183.0,192.2,186.0,157.4,166.0,3.9,4.0,5,0.1,1
2.0,0.01,2.0,Connecticut,119.0,105,151,113.0,6.1,6.0,7,0.4,1.0,154.0,151.0,178.3,166.0,165.9,160.0,5.4,5.0,10,0.6,1
2.0,0.05,0.5,New Jersey,119.4,87,183,95.0,6.0,6.0,7,0.0,0.0,171.7,183.0,192.2,187.0,163.9,151.5,4.2,4.0,8,0.0,0
2.0,0.05,1.0,West Virginia,119.7,109,133,117.0,16.3,16.5,18,0.0,0.0,138.4,133.0,171.1,173.0,337.5,351.0,1.25,1.0,2,0.0,0
1.0,0.01,1.0,Maryland,119.8,67,192,128.0,10.8,11.0,13,0.1,1.0,161.6,157.0,178.3,188.0,206.8,235.5,4.5,4.5,8,0.9,2
1.0,0.1,1.0,Maine,119.8,71,139,139.0,8.1,8.0,10,0.0,0.0,166.3,163.0,187.1,184.0,284.6,311.0,1.3,1.0,2,1.3,3
0.5,0.1,0.5,Maine,119.8,71,139,139.0,3.8,3.5,5,0.0,0.0,162.8,163.0,213.7,211.0,282.6666666666667,311.0,1.2222222222222223,1.0,2,1.4,3
0.5,0.1,2.0,Delaware,119.9,51,225,63.0,2.3,2.0,3,0.0,0.0,209.3,206.0,447.0,447.0,62.0,62.0,1.0,1.0,1,0.0,0
0.5,0.05,1.0,West Virginia,120.7,109,143,117.0,11.6,11.5,14,0.0,0.0,136.3,133.0,166.7,173.0,231.0,231.0,1.0,1.0,1,0.0,0
1.0,0.05,1.0,Maine,121.0,71,163,139.0,7.0,7.0,9,0.0,0.0,173.3,163.0,207.5,211.0,239.55555555555554,229.0,1.3,1.0,3,1.8,3
2.0,0.05,0.5,Mississippi,121.1,89,284,89.0,10.2,10.0,13,0.0,0.0,217.0,243.0,262.9,279.0,489.0,489.0,1.0,1.0,1,0.0,0
2.0,0.05,0.5,West Virginia,121.2,117,143,117.0,15.4,15.0,18,0.0,0.0,138.6,138.0,166.8,173.0,352.57142857142856,351.0,1.2857142857142858,1.0,3,0.0,0
1.0,0.05,0.5,West Virginia,122.1,117,143,118.5,13.9,14.0,16,0.0,0.0,137.6,133.0,166.6,173.0,277.0,277.0,1.0,1.0,1,0.0,0
1.0,0.01,0.5,Connecticut,122.9,105,151,113.0,5.5,5.0,7,0.2,1.0,150.6,151.0,183.5,167.0,174.9,171.0,4.5,4.5,8,0.5,1
0.5,0.01,2.0,Louisiana,123.2,39,286,105.5,2.8,2.5,4,0.0,0.0,261.7,260.0,348.6,392.0,169.33333333333334,28.0,0.75,1.0,1,0.1,1
0.5,0.05,2.0,West Virginia,123.3,109,143,117.0,15.0,15.0,16,0.0,0.0,143.2,143.0,179.2,178.5,351.0,351.0,1.0,1.0,1,0.0,0
0.5,0.05,0.5,North Carolina,123.7,113,135,122.0,7.3,7.5,9,0.0,0.0,168.1,170.0,182.6,193.0,182.0,200.0,0.8333333333333334,1.0,2,0.2,1
2.0,0.05,2.0,West Virginia,123.8,117,143,117.0,15.9,15.5,17,0.0,0.0,133.5,126.5,158.8,158.0,337.6666666666667,351.0,1.1111111111111112,1.0,2,0.0,0
ALL,ALL,ALL,Maine,124.79944289693593,71,295,139.0,6.857938718662953,7.0,12,0.06442577030812324,1.0,183.87394957983193,163.0,214.0113314447592,211.0,263.11986301369865,232.0,1.3893805309734513,1.0,5,1.2924791086350975,3
1.0,0.01,2.0,Connecticut,124.8,105,151,113.0,6.1,6.0,7,0.0,0.0,147.1,151.0,185.2,169.0,167.6,170.5,6.1,6.5,9,0.6,2
1.0,0.05,0.5,Maine,125.4,71,139,139.0,7.1,7.0,10,0.0,0.0,161.3,163.0,209.5,211.0,249.375,227.5,1.0,1.0,2,1.5,3
1.0,0.05,2.0,Maine,125.4,71,139,139.0,6.7,6.5,9,0.0,0.0,163.2,163.0,195.8,211.0,266.0,223.0,1.5555555555555556,2.0,3,1.8,3
2.0,0.01,1.0,Arkansas,125.5,112,150,119.0,6.4,6.5,8,0.0,0.0,168.4,183.5,241.3,220.0,86.0,28.0,5.555555555555555,4.0,12,0.0,0
2.0,0.01,2.0,Arkansas,127.2,112,150,112.0,6.8,7.0,8,0.0,0.0,177.2,150.0,259.2,239.0,124.88888888888889,28.0,5.777777777777778,6.0,11,0.1,1
1.0,0.01,2.0,Louisiana,127.6,39,260,172.0,3.7,3.5,6,0.0,0.0,258.5,259.0,369.625,398.0,169.33333333333334,28.0,1.0,1.0,1,0.0,0
1.0,0.01,1.0,Louisiana,127.6,39,260,172.0,2.6,2.5,4,0.0,0.0,249.33333333333334,260.0,365.6,392.0,28.0,28.0,1.0,1.0,1,0.0,0
2.0,0.01,1.0,Montana,127.7,112,164,112.0,11.1,11.0,13,0.0,0.0,165.7,155.5,186.3,181.0,272.1,290.5,2.6,2.0,5,0.2,2
0.5,0.01,2.0,Virginia,127.8,65,152,141.0,15.2,15.0,18,0.0,0.0,148.5,151.5,157.1,160.0,228.2,173.0,4.7,5.0,9,0.7,2
2.0,0.01,2.0,Montana,128.6,103,147,129.5,13.0,13.0,17,0.0,0.0,152.0,155.5,179.6,177.5,283.5,342.0,2.5,2.0,4,0.6,1
2.0,0.01,0.5,Massachusetts,129.4,87,171,122.5,7.5,7.0,9,0.0,0.0,160.9,165.0,182.0,178.5,253.77777777777777,234.0,2.3333333333333335,2.0,5,0.5,2
0.5,0.01,2.0,Montana,129.5,112,147,129.5,11.1,11.0,14,0.0,0.0,155.5,155.5,187.1,198.0,177.0,177.0,1.5,1.5,2,0.0,0
0.5,0.05,0.5,Mississippi,130.0,89,170,115.0,1.4444444444444444,1.0,2,0.0,0.0,135.0,135.0,,,,,0.0,0.0,0,0.0,0
0.5,0.01,0.5,Virginia,131.1,62,160,141.0,7.9,8.0,11,0.0,0.0,149.4,152.0,160.4,160.0,181.85714285714286,172.0,1.1428571428571428,1.0,2,0.1,1
1.0,0.01,2.0,Maryland,131.4,67,187,128.0,11.9,12.0,14,0.0,0.0,166.2,162.5,187.3,193.0,223.6,214.0,4.6,4.5,8,1.2,2
2.0,0.05,2.0,Maine,132.2,71,139,139.0,7.2,7.5,8,0.1,1.0,168.4,163.0,204.5,211.0,269.25,278.5,1.4,1.0,3,1.7,3
0.5,0.1,1.0,Delaware,132.3,51,206,132.0,2.2,2.0,3,0.0,0.0,215.4,206.0,447.0,447.0,62.0,62.0,1.0,1.0,1,0.0,0
ALL,ALL,ALL,West Virginia,132.40555555555557,98,264,117.0,13.169444444444444,15.0,19,0.0,0.0,149.68435754189943,120.0,169.42977528089887,143.0,345.04716981132077,351.0,1.1603773584905661,1.0,3,0.0,0
0.5,0.01,1.0,Virginia,132.5,118,148,141.0,10.9,11.0,13,0.0,0.0,147.6,148.0,156.9,160.0,300.6,272.5,3.9,3.5,11,0.7,2
1.0,0.01,1.0,Montana,132.9,103,164,147.0,11.0,10.5,15,0.0,0.0,161.3,164.0,185.2,191.0,301.44444444444446,338.0,2.2222222222222223,2.0,4,0.2,1
1.0,0.01,2.0,Montana,133.0,112,147,147.0,11.7,12.0,13,0.0,0.0,157.2,164.0,187.7,191.0,266.22222222222223,239.0,1.7777777777777777,2.0,2,0.0,0
2.0,0.01,0.5,Montana,133.0,112,147,147.0,11.9,12.0,14,0.0,0.0,160.6,164.0,186.5,191.0,278.1,290.5,1.8,1.5,4,0.0,0
1.0,0.01,0.5,Montana,133.0,112,147,147.0,9.1,9.0,11,0.0,0.0,162.6,164.0,185.7,191.0,306.6666666666667,239.0,1.0,1.0,2,0.1,1
2.0,0.01,0.5,Arkansas,133.2,99,150,138.0,5.3,5.0,7,0.0,0.0,198.5,187.0,270.2,272.5,173.3,194.5,2.4,2.0,7,0.0,0
0.5,0.05,2.0,Maine,133.4,83,139,139.0,6.7,6.5,9,0.3,1.0,179.1,163.0,211.3,211.0,327.7142857142857,311.0,0.7,1.0,1,1.7,3
0.5,0.05,1.0,Maine,133.4,83,139,139.0,5.7,5.0,9,0.2,1.0,172.2,163.0,206.6,211.0,260.3333333333333,267.0,0.9,1.0,2,2.3,3
2.0,0.01,1.0,Virginia,135.4,97,175,141.0,18.4,18.0,22,0.0,0.0,151.8,151.5,162.2,160.0,203.7,172.0,5.7,5.0,11,0.5,2
0.5,0.01,0.5,Massachusetts,135.8,49,171,141.5,6.1,6.0,8,0.0,0.0,173.0,173.0,187.0,188.5,232.44444444444446,232.0,1.6666666666666667,1.0,3,0.1,1
1.0,0.01,2.0,Virginia,135.9,107,160,141.0,17.6,18.0,20,0.0,0.0,155.8,148.0,169.8,160.0,300.9,355.0,6.0,5.5,13,0.4,1
0.5,0.01,1.0,Montana,136.5,112,147,147.0,6.6,6.5,8,0.0,0.0,180.6,191.0,215.5,213.5,291.5,209.0,1.1666666666666667,1.0,2,0.0,0
0.5,0.01,0.5,Montana,136.5,112,147,147.0,3.1,3.0,5,0.0,0.0,181.3,194.5,211.71428571428572,198.0,243.0,243.0,1.0,1.0,1,0.0,0
2.0,0.01,2.0,Virginia,136.5,118,141,141.0,20.0,20.0,25,0.0,0.0,150.8,152.0,171.4,160.0,348.5,360.5,5.0,4.5,9,0.1,1
1.0,0.01,0.5,Virginia,137.6,118,147,141.0,10.8,11.0,15,0.0,0.0,149.7,150.0,157.0,160.0,225.5,172.5,1.9,2.0,4,0.3,1
0.5,0.05,1.0,Mississippi,138.7,89,170,170.0,2.0,2.0,4,0.0,0.0,229.42857142857142,274.0,274.0,274.0,,,0.0,0.0,0,0.0,0
2.0,0.01,0.5,Virginia,138.7,118,148,141.0,17.7,18.0,23,0.0,0.0,151.0,152.0,165.4,160.0,276.7,259.0,5.7,6.0,11,0.4,1
1.0,0.01,1.0,Virginia,139.0,118,175,141.0,17.6,17.5,19,0.0,0.0,153.7,152.0,173.6,160.0,243.5,184.5,5.0,5.0,8,0.6,2
2.0,0.05,0.5,Maine,139.0,139,139,139.0,6.9,6.5,9,0.1,1.0,167.8,163.0,204.4,211.0,232.66666666666666,229.0,1.8888888888888888,2.0,3,1.7,3
1.0,0.05,2.0,Mississippi,139.1,89,274,89.0,12.0,12.0,13,0.0,0.0,230.1,258.5,281.2,290.0,490.0,490.0,1.0,1.0,1,0.0,0
1.0,0.05,1.0,Mississippi,140.3,89,243,115.0,7.6,7.5,10,0.0,0.0,209.8,206.5,273.6,279.0,489.0,489.0,1.0,1.0,1,0.0,0
ALL,ALL,ALL,Mississippi,140.55131964809385,74,342,89.0,7.741935483870968,7.0,17,0.0,0.0,188.41795665634675,170.0,238.5529010238908,243.0,293.3333333333333,324.0,1.0,1.0,1,0.0,0
2.0,0.01,2.0,South Carolina,142.9,85,269,138.5,10.9,10.5,13,0.0,0.0,216.0,201.0,250.6,240.5,228.9,189.0,7.0,7.0,10,1.1,3
0.5,0.25,1.0,Rhode Island,143.0,143,143,143.0,1.8,2.0,3,0.0,0.0,169.0,169.0,223.0,223.0,163.0,163.0,1.0,1.0,1,0.0,0
1.0,0.25,0.5,Rhode Island,143.0,143,143,143.0,2.2,2.0,3,0.0,0.0,174.4,169.0,223.0,223.0,163.0,163.0,1.0,1.0,1,0.0,0
1.0,0.05,0.5,Rhode Island,143.0,143,143,143.0,1.5,1.0,3,0.0,0.0,196.0,196.0,280.0,280.0,163.0,163.0,1.0,1.0,1,0.0,0
1.0,0.25,2.0,Rhode Island,143.0,143,143,143.0,3.6,4.0,4,0.0,0.0,225.8,169.0,374.8888888888889,399.0,163.0,163.0,1.0,1.0,1,0.0,0
0.5,0.05,1.0,Rhode Island,143.0,143,143,143.0,1.1,1.0,2,0.0,0.0,223.0,223.0,,,163.0,163.0,1.0,1.0,1,0.0,0
2.0,0.25,1.0,Rhode Island,143.0,143,143,143.0,3.6,4.0,4,0.0,0.0,202.4,169.0,342.1,399.0,163.0,163.0,1.0,1.0,1,0.0,0
0.5,0.25,2.0,Rhode Island,143.0,143,143,143.0,2.0,2.0,3,0.0,0.0,186.55555555555554,169.0,223.0,223.0,163.0,163.0,1.0,1.0,1,0.0,0
0.5,0.05,0.5,Rhode Island,143.0,143,143,143.0,1.2222222222222223,1.0,2,0.0,0.0,196.0,196.0,,,163.0,163.0,1.0,1.0,1,0.0,0
0.5,0.25,0.5,Rhode Island,143.0,143,143,143.0,1.6,2.0,2,0.0,0.0,169.0,169.0,,,163.0,163.0,1.1,1.0,2,0.0,0
1.0,0.25,1.0,Rhode Island,143.0,143,143,143.0,1.9,2.0,3,0.0,0.0,216.5,196.0,223.0,223.0,163.0,163.0,1.0,1.0,1,0.0,0
2.0,0.25,2.0,Rhode Island,143.0,143,143,143.0,3.8,4.0,4,0.0,0.0,275.3,273.0,440.3,399.0,163.0,163.0,1.0,1.0,1,0.0,0
2.0,0.25,0.5,Rhode Island,143.0,143,143,143.0,2.3,2.0,3,0.0,0.0,242.5,223.0,430.3333333333333,534.0,163.0,163.0,1.0,1.0,1,0.0,0
2.0,0.1,1.0,Rhode Island,143.0,143,143,143.0,2.7,3.0,4,0.0,0.0,299.44444444444446,280.0,420.14285714285717,399.0,163.0,163.0,1.1111111111111112,1.0,2,0.0,0
1.0,0.1,0.5,Rhode Island,143.0,143,143,143.0,1.7,1.5,3,0.0,0.0,211.4,223.0,223.0,223.0,163.0,163.0,1.0,1.0,1,0.0,0
0.5,0.1,1.0,Rhode Island,143.0,143,143,143.0,1.1,1.0,2,0.0,0.0,169.0,169.0,,,163.0,163.0,1.0,1.0,1,0.0,0
1.0,0.1,2.0,Rhode Island,143.0,143,143,143.0,3.1,3.0,4,0.0,0.0,309.1,276.5,437.6666666666667,399.0,163.0,163.0,1.0,1.0,1,0.0,0
2.0,0.1,2.0,Rhode Island,143.0,143,143,143.0,3.4,3.0,4,0.0,0.0,258.8,223.0,429.2,399.0,163.0,163.0,1.1,1.0,2,0.0,0
2.0,0.1,0.5,Rhode Island,143.0,143,143,143.0,2.5,2.0,4,0.0,0.0,398.3,399.0,426.5,470.5,163.0,163.0,1.0,1.0,1,0.0,0
0.5,0.01,0.5,Rhode Island,143.0,143,143,143.0,1.0,1.0,1,,,,,,,,,0.0,0.0,0,0.0,0
0.5,0.1,2.0,Rhode Island,143.0,143,143,143.0,1.6,2.0,2,0.0,0.0,187.0,169.0,,,163.0,163.0,1.0,1.0,1,0.0,0
1.0,0.1,1.0,Rhode Island,143.0,143,143,143.0,1.9,2.0,3,0.0,0.0,260.14285714285717,223.0,534.0,534.0,163.0,163.0,1.0,1.0,1,0.0,0
0.5,0.1,0.5,Rhode Island,143.0,143,143,143.0,1.4,1.0,2,0.0,0.0,196.0,196.0,,,163.0,163.0,1.0,1.0,1,0.0,0
0.5,0.01,2.0,South Carolina,143.6,85,242,131.0,8.3,8.0,11,0.0,0.0,178.8,146.0,232.8,241.0,231.44444444444446,170.0,4.444444444444445,5.0,9,0.4,2
1.0,0.01,1.0,Massachusetts,144.4,103,189,148.0,6.9,7.0,9,0.0,0.0,169.5,172.0,186.4,189.0,233.88888888888889,235.0,2.5555555555555554,3.0,5,0.4,2
1.0,0.01,1.0,South Carolina,144.6,85,269,131.0,9.2,10.0,11,0.0,0.0,218.4,201.0,266.5,262.0,346.0,361.5,3.7,3.5,7,0.4,1
0.5,0.01,0.5,South Carolina,144.9,85,201,138.5,3.3,3.0,6,0.0,0.0,210.0,221.0,226.16666666666666,213.5,238.75,242.5,1.25,1.0,2,0.0,0
1.0,0.05,2.0,Rhode Island,145.6,143,169,143.0,3.3,3.0,4,0.0,0.0,288.0,223.0,458.77777777777777,399.0,163.0,163.0,1.0,1.0,1,0.0,0
0.5,0.01,0.5,Maine,146.22222222222223,71,211,139.0,2.3333333333333335,2.0,4,0.14285714285714285,1.0,235.0,211.0,289.75,284.5,183.5,183.5,0.5714285714285714,1.0,1,0.5555555555555556,1
2.0,0.05,0.5,Delaware,147.4,63,207,201.0,2.0,2.0,2,0.0,0.0,217.6,206.5,,,,,0.0,0.0,0,0.0,0
2.0,0.01,0.5,Maine,147.7,139,226,139.0,6.3,6.5,7,0.2,1.0,251.5,269.0,292.4,298.5,195.125,175.0,1.3,1.0,3,0.6,1
ALL,ALL,ALL,Delaware,148.26256983240222,51,416,201.0,2.1452513966480447,2.0,3,0.0,0.0,229.3910447761194,206.0,361.53333333333336,447.0,179.16129032258064,62.0,1.0,1.0,1,0.0,0
1.0,0.01,0.5,Maine,150.7,139,211,139.0,5.6,5.0,8,0.1,1.0,247.3,251.0,272.2,281.5,187.88888888888889,192.0,1.8888888888888888,2.0,4,0.6,1
2.0,0.01,1.0,South Carolina,150.7,85,201,146.0,10.5,10.5,12,0.1,1.0,210.5,201.0,239.9,269.0,153.6,176.5,8.3,7.5,16,1.8,4
0.5,0.01,1.0,Massachusetts,153.0,110,173,169.5,6.6,6.5,8,0.0,0.0,177.1,174.5,188.8,189.0,219.25,216.0,1.8888888888888888,2.0,4,0.6,2
2.0,0.01,2.0,Massachusetts,153.9,110,194,171.0,7.1,7.0,10,0.1,1.0,175.3,173.0,197.2,196.5,308.4,274.0,1.5,1.0,3,0.5,2
0.5,0.01,2.0,Massachusetts,155.7,104,192,171.0,7.0,7.0,9,0.0,0.0,169.7,184.5,184.0,189.0,262.7,222.5,2.9,2.5,5,0.9,2
1.0,0.01,2.0,South Carolina,156.7,131,201,146.0,9.8,9.0,14,0.0,0.0,200.7,196.0,243.8,233.5,198.0,215.0,6.4,7.0,9,0.9,2
2.0,0.01,1.0,Massachusetts,156.9,103,189,171.0,7.3,8.0,8,0.0,0.0,176.4,189.0,192.2,194.0,224.6,221.0,2.9,3.0,4,0.4,1
2.0,0.01,0.5,South Carolina,158.0,109,250,146.0,9.6,10.0,13,0.0,0.0,209.6,201.0,244.8,242.0,186.5,162.0,6.5,6.0,14,0.5,2
2.0,0.05,2.0,Mississippi,159.5,89,243,170.0,12.9,13.0,14,0.0,0.0,229.5,258.5,262.5,284.0,176.0,176.0,1.0,1.0,1,0.0,0
1.0,0.01,0.5,Massachusetts,159.8,110,194,171.0,6.9,7.0,9,0.0,0.0,181.6,178.0,192.9,192.0,218.5,217.5,2.6,3.0,5,0.3,1
0.5,0.01,1.0,South Carolina,161.7,85,289,146.0,5.8,6.5,8,0.0,0.0,215.5,201.0,284.8,288.0,152.2,235.0,2.6,2.0,5,0.2,1
2.0,0.05,2.0,Delaware,162.8,51,225,203.5,2.2,2.0,3,0.0,0.0,217.4,206.5,447.0,447.0,62.0,62.0,1.0,1.0,1,0.0,0
1.0,0.01,2.0,Massachusetts,164.8,104,200,172.0,7.9,8.0,9,0.0,0.0,183.9,187.5,193.8,193.0,275.22222222222223,235.0,2.6666666666666665,3.0,4,0.2,1
2.0,0.01,1.0,North Carolina,164.8,122,202,170.0,15.0,15.0,19,0.0,0.0,202.9,200.0,227.2,233.5,346.1,358.5,3.5,4.0,5,0.9,3
0.5,0.01,2.0,West Virginia,165.0,117,229,158.0,8.1,8.5,11,0.0,0.0,203.9,211.0,230.3,238.0,351.0,351.0,1.0,1.0,1,0.0,0
0.5,0.01,2.0,North Carolina,167.3,122,194,170.0,13.7,14.0,16,0.0,0.0,198.5,194.0,229.0,233.0,332.625,328.0,2.6666666666666665,3.0,5,0.4,2
2.0,0.05,1.0,Rhode Island,168.6,143,399,143.0,2.4,2.0,4,0.0,0.0,349.1111111111111,399.0,468.5,466.5,163.0,163.0,1.0,1.0,1,0.0,0
2.0,0.05,0.5,Rhode Island,168.6,143,399,143.0,2.5,2.5,4,0.0,0.0,358.6666666666667,399.0,458.0,534.0,163.0,163.0,1.0,1.0,1,0.0,0
1.0,0.01,0.5,South Carolina,168.9,131,255,146.0,7.0,7.0,10,0.0,0.0,211.4,201.5,257.3,269.0,237.57142857142858,249.0,2.5714285714285716,2.0,5,0.0,0
2.0,0.01,1.0,West Virginia,169.3,133,216,165.5,9.9,10.0,13,0.0,0.0,236.9,238.0,250.5,246.0,419.0,354.0,1.0,1.0,1,0.0,0
1.0,0.01,1.0,North Carolina,170.9,122,206,170.0,14.4,15.0,17,0.0,0.0,218.6,222.0,241.6,236.5,376.3,386.0,3.1,3.5,5,0.3,1
0.5,0.01,1.0,North Carolina,171.0,122,220,168.5,8.2,8.0,10,0.0,0.0,206.7,207.5,243.6,235.5,311.8,310.0,2.6,3.0,4,0.1,1
2.0,0.01,1.0,Maine,171.1,139,211,161.0,6.6,7.0,8,0.2,1.0,247.0,256.0,282.1,295.0,238.85714285714286,192.0,1.2222222222222223,1.0,5,0.5,2
0.5,0.01,0.5,Arkansas,172.33333333333334,99,220,187.0,2.111111111111111,2.0,4,0.0,0.0,244.71428571428572,220.0,254.5,254.5,28.0,28.0,1.6666666666666667,2.0,2,0.0,0
1.0,0.05,1.0,Delaware,172.9,51,225,201.0,2.1,2.0,3,0.0,0.0,215.6,206.0,447.0,447.0,62.0,62.0,1.0,1.0,1,0.0,0
1.0,0.05,0.5,Mississippi,173.0,89,284,170.0,2.6666666666666665,3.0,4,0.0,0.0,259.0,279.0,391.1666666666667,436.0,489.0,489.0,1.0,1.0,1,0.0,0
1.0,0.05,0.5,Delaware,174.4,63,206,201.0,2.2,2.0,3,0.0,0.0,209.4,206.0,447.0,447.0,,,0.0,0.0,0,0.0,0
1.0,0.01,2.0,West Virginia,176.3,143,212,174.0,10.3,10.5,14,0.0,0.0,218.6,217.0,240.7,238.0,336.0,277.0,1.0,1.0,1,0.0,0
2.0,0.01,0.5,West Virginia,177.2,109,238,191.0,8.8,9.0,11,0.0,0.0,219.7,212.0,241.8,244.5,387.6,351.0,1.4,1.0,2,0.0,0
1.0,0.01,0.5,North Carolina,178.1,122,233,170.0,9.5,9.0,13,0.0,0.0,204.2,203.0,239.1,241.0,407.77777777777777,420.0,1.7777777777777777,2.0,3,0.3,1
0.5,0.01,0.5,North Carolina,178.4,122,233,170.0,4.2,4.0,8,0.0,0.0,202.77777777777777,204.0,239.33333333333334,233.0,350.0,350.0,0.6666666666666666,1.0,1,0.1,1
0.5,0.01,1.0,Maine,178.8,139,256,169.5,6.0,6.0,8,0.2,1.0,241.9,234.0,289.8,298.5,212.83333333333334,192.0,1.4285714285714286,1.0,3,0.6,1
1.0,0.05,1.0,Rhode Island,179.5,143,508,143.0,1.3,1.0,2,0.0,0.0,308.6666666666667,223.0,,,203.55555555555554,163.0,1.0,1.0,1,0.0,0
2.0,0.05,2.0,Rhode Island,179.5,143,508,143.0,2.7,2.5,4,0.0,0.0,429.9,470.5,458.8,542.0,284.6666666666667,163.0,1.0,1.0,1,0.0,0
2.0,0.01,0.5,North Carolina,180.2,122,244,170.0,14.8,14.5,19,0.0,0.0,221.4,222.0,233.6,239.0,351.9,346.0,3.9,4.0,5,0.5,2
1.0,0.01,2.0,North Carolina,181.6,122,233,193.0,13.8,14.0,17,0.0,0.0,215.0,226.5,235.7,237.5,351.0,358.5,3.6,3.5,6,0.4,1
0.5,0.25,1.0,New Hampshire,182.0,182,182,182.0,4.6,5.0,6,0.0,0.0,204.9,191.0,233.1,217.0,,,0.0,0.0,0,0.0,0
1.0,0.25,0.5,New Hampshire,182.0,182,182,182.0,4.9,5.0,6,0.0,0.0,210.5,203.0,246.3,246.0,,,0.0,0.0,0,0.0,0
1.0,0.05,0.5,New Hampshire,182.0,182,182,182.0,2.8,2.5,5,0.0,0.0,263.8,269.0,273.0,273.0,,,0.0,0.0,0,0.0,0
1.0,0.25,2.0,New Hampshire,182.0,182,182,182.0,5.8,6.0,7,0.0,0.0,197.7,201.5,237.2,238.0,343.2,377.0,1.2,1.0,2,0.0,0
0.5,0.05,1.0,New Hampshire,182.0,182,182,182.0,2.5,2.5,4,0.0,0.0,268.77777777777777,269.0,284.2,273.0,,,0.0,0.0,0,0.0,0
2.0,0.25,1.0,New Hampshire,182.0,182,182,182.0,6.0,6.0,7,0.0,0.0,193.4,191.0,213.7,207.0,360.1,377.0,1.1,1.0,2,0.0,0
0.5,0.25,2.0,New Hampshire,182.0,182,182,182.0,5.5,5.5,6,0.0,0.0,196.3,201.5,226.8,212.0,326.3,377.0,1.5,1.0,3,0.0,0
0.5,0.05,0.5,New Hampshire,182.0,182,182,182.0,1.4285714285714286,1.0,3,0.0,0.0,212.0,212.0,217.0,217.0,,,0.0,0.0,0,0.0,0
0.5,0.25,0.5,New Hampshire,182.0,182,182,182.0,1.6,2.0,2,0.0,0.0,188.33333333333334,182.0,,,,,0.0,0.0,0,0.0,0
1.0,0.25,1.0,New Hampshire,182.0,182,182,182.0,6.1,6.0,7,0.0,0.0,193.5,191.0,214.0,207.0,326.3,377.0,1.4,1.0,3,0.0,0
0.5,0.05,2.0,New Hampshire,182.0,182,182,182.0,3.9,4.0,6,0.0,0.0,234.4,217.0,281.6,269.0,352.22222222222223,377.0,1.6666666666666667,2.0,3,0.0,0
2.0,0.25,2.0,New Hampshire,182.0,182,182,182.0,6.1,6.0,7,0.0,0.0,204.4,207.0,233.6,217.0,360.1,377.0,1.1,1.0,2,0.0,0
2.0,0.25,0.5,New Hampshire,182.0,182,182,182.0,5.9,6.0,7,0.0,0.0,203.6,207.0,233.5,217.0,360.1,377.0,1.4,1.0,2,0.0,0
2.0,0.1,1.0,New Hampshire,182.0,182,182,182.0,5.3,5.0,6,0.0,0.0,209.0,207.0,258.0,269.0,360.1,377.0,1.1,1.0,2,0.0,0
1.0,0.1,0.5,New Hampshire,182.0,182,182,182.0,3.2,3.0,4,0.0,0.0,246.3,257.5,268.22222222222223,269.0,,,0.0,0.0,0,0.0,0
1.0,0.1,2.0,New Hampshire,182.0,182,182,182.0,5.0,5.0,6,0.0,0.0,213.9,207.0,258.3,269.0,360.1,377.0,1.1,1.0,2,0.0,0
2.0,0.1,2.0,New Hampshire,182.0,182,182,182.0,5.2,5.0,6,0.0,0.0,208.4,207.0,247.0,266.0,360.1,377.0,1.1,1.0,2,0.0,0
0.5,0.1,2.0,New Hampshire,182.0,182,182,182.0,4.8,5.0,6,0.0,0.0,215.9,207.0,259.0,269.0,388.5,377.0,1.2,1.0,2,0.0,0
1.0,0.1,1.0,New Hampshire,182.0,182,182,182.0,4.7,5.0,6,0.0,0.0,224.4,207.0,264.8,269.0,358.22222222222223,377.0,1.4444444444444444,1.0,2,0.0,0
0.5,0.1,0.5,New Hampshire,182.0,182,182,182.0,1.5,1.5,2,0.0,0.0,207.2,217.0,,,,,0.0,0.0,0,0.0,0
0.5,0.05,2.0,Rhode Island,182.1,143,508,143.0,1.3,1.0,2,0.0,0.0,525.3333333333334,534.0,,,267.2857142857143,163.0,1.0,1.0,1,0.0,0
2.0,0.01,2.0,North Carolina,182.1,170,204,170.0,15.6,16.0,18,0.0,0.0,217.3,218.5,229.6,233.0,327.9,352.5,4.6,3.5,8,0.7,3
1.0,0.01,1.0,Maine,183.3,139,283,180.5,5.8,6.0,7,0.2,1.0,242.0,240.0,284.3,274.0,268.44444444444446,221.0,1.4,1.5,2,0.8,2
2.0,0.1,0.5,New Hampshire,183.4,182,196,182.0,5.2,5.0,7,0.0,0.0,222.6,212.0,256.9,269.0,360.1,377.0,1.3,1.0,2,0.0,0
2.0,0.01,2.0,Maine,183.5,139,295,192.0,6.1,6.0,7,0.1,1.0,236.4,225.0,293.2,300.0,186.33333333333334,192.0,0.7142857142857143,0.0,2,0.6,2
1.0,0.01,0.5,West Virginia,183.7,117,229,191.5,5.6,5.0,7,0.0,0.0,221.8,220.5,256.5,249.5,,,0.0,0.0,0,0.0,0
2.0,0.05,1.0,Delaware,184.3,63,207,201.0,2.0,2.0,2,0.0,0.0,218.9,206.5,,,,,0.0,0.0,0,0.0,0
1.0,0.01,2.0,Maine,185.0,139,283,200.0,6.1,6.0,7,0.0,0.0,236.2,211.0,278.3,282.0,265.6666666666667,209.5,1.0,1.0,2,1.0,2
1.0,0.05,2.0,New Hampshire,185.5,182,203,182.0,4.8,5.0,6,0.0,0.0,209.4,207.0,264.5,269.0,377.0,377.0,1.0,1.0,1,0.0,0
2.0,0.05,1.0,New Hampshire,185.9,182,207,182.0,4.7,5.0,5,0.0,0.0,241.6,226.5,279.9,269.0,352.85714285714283,377.0,1.1428571428571428,1.0,2,0.0,0
1.0,0.01,0.5,New Jersey,186.7,87,242,183.0,4.3,4.0,6,0.0,0.0,226.3,220.0,277.7,290.5,279.14285714285717,256.0,1.8571428571428572,1.0,4,0.1,1
0.5,0.01,2.0,Maine,186.8,139,295,161.5,6.3,6.0,8,0.2,1.0,265.3,269.0,297.1,300.0,227.33333333333334,200.5,0.9,1.0,3,0.8,2
0.5,0.1,1.0,New Hampshire,188.4,182,246,182.0,3.6,3.5,5,0.0,0.0,229.2,217.0,256.5,269.0,,,0.0,0.0,0,0.0,0
2.0,0.01,2.0,New Jersey,189.4,99,282,183.0,4.5,4.5,6,0.0,0.0,239.1,228.5,277.8,271.0,251.5,262.5,2.25,2.0,4,0.5,2
1.0,0.05,2.0,Delaware,189.6,51,207,206.0,2.1,2.0,3,0.0,0.0,213.0,207.0,447.0,447.0,62.0,62.0,1.0,1.0,1,0.0,0
0.5,0.05,1.0,Delaware,190.0,51,225,201.0,2.0,2.0,2,0.0,0.0,230.3,238.0,,,62.0,62.0,1.0,1.0,1,0.0,0
2.0,0.05,0.5,New Hampshire,190.7,182,269,182.0,4.4,4.0,6,0.0,0.0,234.9,212.0,300.6,269.0,377.0,377.0,1.5,1.5,2,0.0,0
1.0,0.25,0.5,Alabama,191.0,191,191,191.0,3.8,4.0,5,0.0,0.0,210.0,210.0,243.0,243.0,,,0.0,0.0,0,0.0,0
1.0,0.25,2.0,Alabama,191.0,191,191,191.0,7.8,8.0,8,0.0,0.0,205.1,209.0,209.7,210.0,,,0.0,0.0,0,0.0,0
2.0,0.25,1.0,Alabama,191.0,191,191,191.0,7.9,8.0,8,0.0,0.0,207.7,209.0,209.9,210.0,,,0.0,0.0,0,0.0,0
0.5,0.25,2.0,Alabama,191.0,191,191,191.0,6.1,6.0,7,0.0,0.0,210.0,210.0,243.0,243.0,,,0.0,0.0,0,0.0,0
1.0,0.25,1.0,Alabama,191.0,191,191,191.0,5.8,6.0,7,0.0,0.0,207.2,210.0,236.4,243.0,,,0.0,0.0,0,0.0,0
2.0,0.25,2.0,Alabama,191.0,191,191,191.0,9.0,9.0,9,0.0,0.0,207.7,209.0,209.9,210.0,,,0.0,0.0,0,0.0,0
2.0,0.25,0.5,Alabama,191.0,191,191,191.0,7.5,8.0,8,0.0,0.0,206.8,209.0,223.2,210.0,,,0.0,0.0,0,0.0,0
2.0,0.1,1.0,Alabama,191.0,191,191,191.0,7.9,8.0,8,0.0,0.0,209.0,209.0,216.6,210.0,,,0.0,0.0,0,0.0,0
0.5,0.01,2.0,New Jersey,191.0,87,242,187.0,4.8,5.0,6,0.0,0.0,216.6,220.0,274.4,245.5,222.75,262.5,1.0,1.0,2,0.2,1
2.0,0.1,2.0,Alabama,191.5,191,196,191.0,8.9,9.0,9,0.0,0.0,209.0,209.0,210.0,210.0,,,0.0,0.0,0,0.0,0
0.5,0.05,2.0,Delaware,192.4,51,238,206.0,2.0,2.0,2,0.0,0.0,222.0,216.0,,,244.5,244.5,1.0,1.0,1,0.0,0
0.5,0.1,2.0,Alabama,192.9,191,210,191.0,5.7,6.0,7,0.0,0.0,209.1,210.0,237.3,243.0,,,0.0,0.0,0,0.0,0
1.0,0.01,1.0,West Virginia,193.4,143,264,183.0,7.3,6.0,13,0.0,0.0,220.4,211.0,248.6,248.0,314.0,314.0,1.0,1.0,1,0.0,0
1.0,0.1,1.0,Alabama,193.4,191,210,191.0,5.6,6.0,7,0.0,0.0,211.9,210.0,243.9,243.0,,,0.0,0.0,0,0.0,0
0.5,0.05,0.5,Delaware,193.9,51,238,206.0,1.8,2.0,2,0.0,0.0,222.75,225.0,,,62.0,62.0,1.0,1.0,1,0.0,0
1.0,0.1,2.0,Alabama,194.6,191,209,191.0,7.5,8.0,8,0.0,0.0,209.2,209.0,216.6,210.0,,,0.0,0.0,0,0.0,0
2.0,0.1,0.5,Alabama,194.6,191,209,191.0,7.8,8.0,8,0.0,0.0,208.1,209.0,223.1,210.0,,,0.0,0.0,0,0.0,0
ALL,ALL,ALL,Rhode Island,194.69811320754718,143,542,143.0,2.059748427672956,2.0,4,0.0,0.0,279.3349753694581,223.0,411.74226804123714,399.0,175.88235294117646,163.0,1.011764705882353,1.0,2,0.0,0
1.0,0.1,0.5,Alabama,194.8,191,210,191.0,3.7,4.0,5,0.0,0.0,219.9,210.0,268.7,243.0,,,0.0,0.0,0,0.0,0
1.0,0.01,1.0,Arkansas,195.4,89,299,187.0,4.8,5.0,8,0.0,0.0,259.1,256.0,336.9,363.0,208.66666666666666,28.0,2.111111111111111,2.0,5,0.0,0
0.5,0.01,1.0,West Virginia,195.8,117,243,211.0,5.1,5.5,7,0.0,0.0,228.5,231.5,245.44444444444446,246.0,277.0,277.0,1.0,1.0,1,0.0,0
0.5,0.01,0.5,West Virginia,196.3,117,246,211.0,3.1,3.0,5,0.0,0.0,235.625,241.0,235.14285714285714,246.0,243.0,243.0,1.0,1.0,1,0.0,0
2.0,0.05,0.5,Alabama,196.4,191,209,191.0,7.5,8.0,8,0.0,0.0,212.6,209.0,225.3,210.0,,,0.0,0.0,0,0.0,0
2.0,0.01,2.0,West Virginia,196.4,133,243,201.5,9.8,9.5,15,0.0,0.0,222.5,215.5,245.5,244.0,308.3333333333333,297.0,1.3333333333333333,1.0,2,0.0,0
1.0,0.05,1.0,New Hampshire,196.5,182,246,182.0,4.4,4.0,5,0.0,0.0,252.5,269.0,296.6,273.0,388.5,377.0,1.1,1.0,2,0.0,0
0.5,0.01,2.0,Arkansas,196.9,187,220,187.0,3.6,4.0,6,0.0,0.0,281.8,294.0,322.25,320.5,269.25,321.0,1.25,1.0,2,0.0,0
1.0,0.01,1.0,New Jersey,197.2,183,220,187.0,4.6,4.5,6,0.0,0.0,226.5,224.0,260.2,251.0,270.14285714285717,256.0,1.25,1.0,3,0.1,1
1.0,0.01,2.0,Arkansas,197.4,112,299,187.0,5.5,6.0,6,0.0,0.0,239.5,220.0,281.1,285.5,272.0,243.0,2.6666666666666665,2.0,6,0.0,0
0.5,0.01,0.5,New Jersey,198.0,130,251,186.0,2.7,3.0,4,0.0,0.0,220.0,220.5,258.6666666666667,242.0,216.0,216.0,1.0,1.0,1,0.0,0
1.0,0.05,1.0,Alabama,200.0,191,243,191.0,5.4,5.0,7,0.0,0.0,239.7,243.0,276.3,264.0,,,0.0,0.0,0,0.0,0
1.0,0.05,2.0,Alabama,200.5,191,209,202.5,6.9,7.0,8,0.0,0.0,211.5,209.5,232.1,226.5,212.0,212.0,1.0,1.0,1,0.0,0
ALL,ALL,ALL,New Hampshire,200.50728862973762,182,572,182.0,3.8454810495626823,4.0,7,0.0,0.0,242.54666666666665,207.0,270.3089430894309,269.0,364.1139896373057,377.0,1.2279792746113989,1.0,3,0.0,0
2.0,0.05,2.0,Alabama,201.0,191,209,202.5,7.7,8.0,8,0.0,0.0,222.7,209.5,246.9,264.0,,,0.0,0.0,0,0.0,0
2.0,0.05,1.0,Alabama,201.8,191,209,209.0,7.2,7.5,8,0.0,0.0,212.9,210.0,235.2,243.0,,,0.0,0.0,0,0.0,0
1.0,0.05,0.5,Alabama,203.9,191,264,191.0,3.9,4.0,6,0.0,0.0,246.2,226.5,273.5,243.0,,,0.0,0.0,0,0.0,0
2.0,0.01,1.0,New Jersey,204.0,183,229,201.5,4.4,4.0,6,0.0,0.0,226.4,228.0,277.3,251.0,267.7142857142857,269.0,2.375,2.0,5,0.5,1
2.0,0.05,2.0,New Hampshire,205.8,182,269,182.0,4.0,4.0,5,0.0,0.0,274.3,269.0,355.4,328.0,377.0,377.0,1.1,1.0,2,0.0,0
2.0,0.01,0.5,New Jersey,206.8,87,271,219.0,4.7,5.0,6,0.0,0.0,239.5,228.0,272.1,271.0,255.6,269.0,1.1666666666666667,1.0,2,0.1,1
0.5,0.05,2.0,Alabama,207.4,191,243,209.5,5.1,5.0,7,0.0,0.0,234.9,243.0,282.8,264.0,,,0.0,0.0,0,0.0,0
0.5,0.01,1.0,New Jersey,208.8,87,292,205.5,3.8,4.0,5,0.0,0.0,241.8,235.0,291.2,292.5,289.3333333333333,318.5,1.1428571428571428,1.0,3,0.1,1
0.5,0.01,1.0,Arkansas,210.0,180,289,187.0,2.7,3.0,4,0.0,0.0,242.75,220.0,312.7142857142857,299.0,102.5,28.0,1.25,1.0,2,0.0,0
0.5,0.05,1.0,Alabama,211.8,191,243,191.0,2.7,3.0,3,0.0,0.0,278.6,243.0,336.2857142857143,342.0,,,0.0,0.0,0,0.0,0
ALL,ALL,ALL,Alabama,213.42815249266863,191,608,191.0,4.947214076246334,5.0,9,0.0,0.0,243.65,210.0,263.011673151751,243.0,392.14285714285717,423.0,1.0,1.0,1,0.0,0
1.0,0.01,2.0,New Jersey,214.0,183,251,217.0,4.9,5.0,6,0.0,0.0,240.5,234.5,272.5,251.0,342.7142857142857,355.0,1.2222222222222223,1.0,3,0.4,1
1.0,0.01,1.0,New Hampshire,215.6,182,344,182.0,2.0,2.0,4,0.0,0.0,371.14285714285717,328.0,445.5,445.5,419.0,388.0,1.0,1.0,1,0.0,0
1.0,0.01,0.5,Delaware,219.9,201,249,216.0,1.8,2.0,2,0.0,0.0,257.75,238.0,,,409.0,409.0,1.0,1.0,1,0.0,0
1.0,0.01,0.5,Arkansas,222.8,122,320,203.5,2.8,2.5,6,0.0,0.0,305.22222222222223,289.0,312.6,330.0,167.5,117.5,1.25,1.0,2,0.0,0
0.5,0.01,1.0,Alabama,228.0,191,243,243.0,1.875,2.0,3,0.0,0.0,340.1666666666667,360.0,378.0,378.0,,,0.0,0.0,0,0.0,0
2.0,0.01,1.0,Delaware,229.7,201,302,225.0,2.0,2.0,2,0.0,0.0,317.1,281.0,,,427.0,427.0,1.0,1.0,1,0.0,0
0.5,0.05,0.5,Alabama,231.0,191,243,243.0,1.3,1.0,2,0.0,0.0,243.0,243.0,,,,,0.0,0.0,0,0.0,0
0.5,0.01,0.5,Alabama,231.66666666666666,209,243,243.0,1.0,1.0,1,,,,,,,,,0.0,0.0,0,0.0,0
0.5,0.1,0.5,Alabama,232.6,191,243,243.0,1.2,1.0,2,0.0,0.0,243.0,243.0,,,,,0.0,0.0,0,0.0,0
0.5,0.01,1.0,Delaware,233.75,206,302,231.5,1.75,2.0,3,0.0,0.0,242.4,238.0,447.0,447.0,,,0.0,0.0,0,0.0,0
0.5,0.01,1.0,Mississippi,234.0,108,284,279.0,1.5,1.5,2,0.0,0.0,306.0,317.0,,,286.0,286.0,1.0,1.0,1,0.0,0
0.5,0.01,0.5,Delaware,236.2,51,416,238.0,1.1,1.0,2,0.0,0.0,238.0,238.0,,,62.0,62.0,1.0,1.0,1,0.0,0
2.0,0.01,2.0,Alabama,236.4,209,378,209.0,3.8,4.0,6,0.0,0.0,295.55555555555554,243.0,358.0,328.5,423.0,423.0,1.0,1.0,1,0.0,0
2.0,0.01,1.0,Alabama,237.9,191,378,226.5,2.7,3.0,5,0.0,0.0,263.875,279.0,377.3333333333333,378.0,266.5,266.5,1.0,1.0,1,0.0,0
1.0,0.01,2.0,Delaware,239.9,201,415,225.0,2.0,2.0,2,0.0,0.0,388.4,353.0,,,427.0,427.0,1.0,1.0,1,0.0,0
1.0,0.01,2.0,Alabama,241.4,209,342,210.0,3.7,4.0,6,0.0,0.0,313.7,261.0,360.0,279.0,577.0,577.0,1.0,1.0,1,0.0,0
1.0,0.01,0.5,Alabama,241.9,209,378,226.5,1.8,1.5,3,0.0,0.0,314.8,322.0,378.0,378.0,,,0.0,0.0,0,0.0,0
0.5,0.25,1.0,Alabama,243.0,243,243,243.0,2.2,2.0,3,0.0,0.0,322.0,322.0,342.0,342.0,,,0.0,0.0,0,0.0,0
0.5,0.25,0.5,Alabama,243.0,243,243,243.0,1.0,1.0,1,,,,,,,,,0.0,0.0,0,0.0,0
0.5,0.1,1.0,Alabama,243.0,243,243,243.0,1.8,2.0,3,0.0,0.0,327.7142857142857,322.0,342.0,342.0,,,0.0,0.0,0,0.0,0
0.5,0.01,2.0,Delaware,248.3,201,356,238.0,1.6,2.0,2,0.0,0.0,374.1666666666667,415.5,,,427.0,427.0,1.0,1.0,1,0.0,0
1.0,0.01,2.0,New Hampshire,249.11111111111111,182,344,269.0,2.111111111111111,2.0,4,0.0,0.0,350.1666666666667,336.0,414.6666666666667,344.0,385.8,388.0,1.0,1.0,1,0.0,0
0.5,0.01,1.0,New Hampshire,249.85714285714286,182,333,269.0,1.1428571428571428,1.0,2,0.0,0.0,344.0,344.0,,,,,0.0,0.0,0,0.0,0
0.5,0.01,2.0,New Hampshire,252.88888888888889,182,344,242.0,1.7777777777777777,2.0,3,0.0,0.0,327.2,344.0,336.0,336.0,414.4,377.0,1.0,1.0,1,0.0,0
2.0,0.01,1.0,New Hampshire,254.0,182,344,243.0,2.75,3.0,4,0.0,0.0,337.5,328.0,472.6,547.0,377.0,377.0,2.0,2.0,2,0.0,0
0.5,0.01,0.5,New Hampshire,254.2,182,344,269.0,1.2,1.0,2,0.0,0.0,273.0,273.0,,,,,0.0,0.0,0,0.0,0
0.5,0.01,2.0,Alabama,254.6,209,378,210.0,2.0,2.0,3,0.0,0.0,398.2857142857143,378.0,502.0,556.0,,,0.0,0.0,0,0.0,0
2.0,0.01,0.5,Alabama,254.9,209,378,210.0,2.9,3.0,6,0.0,0.0,314.875,279.0,410.2857142857143,378.0,,,0.0,0.0,0,0.0,0
1.0,0.01,0.5,New Hampshire,255.11111111111111,182,344,269.0,1.7777777777777777,2.0,2,0.0,0.0,326.42857142857144,328.0,,,377.0,377.0,1.3333333333333333,1.0,2,0.0,0
1.0,0.01,0.5,Mississippi,257.2,170,284,274.0,2.5,3.0,4,0.0,0.0,292.85714285714283,284.0,368.5,377.5,114.0,28.0,1.0,1.0,1,0.0,0
2.0,0.01,0.5,Mississippi,259.0,89,324,287.0,5.7,6.0,8,0.0,0.0,302.1,295.5,327.6,319.5,489.0,489.0,1.0,1.0,1,0.0,0
1.0,0.01,2.0,Mississippi,260.4,170,297,284.0,6.7,6.5,9,0.0,0.0,299.9,295.5,326.5,307.0,286.0,286.0,1.0,1.0,1,0.0,0
2.0,0.01,0.5,Delaware,261.1,207,356,243.5,1.9,2.0,2,0.0,0.0,385.55555555555554,375.0,,,427.0,427.0,1.0,1.0,1,0.0,0
2.0,0.01,1.0,Mississippi,266.7,170,297,279.0,5.6,5.5,8,0.0,0.0,310.6,297.0,345.3,333.0,258.5,258.5,1.0,1.0,1,0.0,0
2.0,0.01,2.0,Delaware,268.3,206,416,238.0,2.1,2.0,3,0.0,0.0,386.5,395.0,447.0,447.0,427.0,427.0,1.0,1.0,1,0.0,0
2.0,0.01,0.5,New Hampshire,268.55555555555554,182,344,269.0,2.2222222222222223,2.0,4,0.0,0.0,378.85714285714283,344.0,388.0,344.0,382.5,382.5,1.0,1.0,1,0.0,0
2.0,0.01,2.0,Mississippi,269.0,170,294,287.0,6.4,6.5,9,0.0,0.0,301.4,297.0,336.8,333.0,305.0,305.0,1.0,1.0,1,0.0,0
1.0,0.01,1.0,Delaware,270.0,207,397,243.5,2.0,2.0,2,0.0,0.0,331.4,311.5,,,427.0,427.0,1.0,1.0,1,0.0,0
1.0,0.01,1.0,Mississippi,270.9,170,342,284.0,4.4,4.5,8,0.0,0.0,322.6,317.0,366.77777777777777,342.0,,,0.0,0.0,0,0.0,0
0.5,0.01,2.0,Mississippi,282.625,243,324,284.0,2.875,3.0,4,0.0,0.0,370.3333333333333,366.0,443.1666666666667,459.0,286.0,286.0,1.0,1.0,1,0.0,0
1.0,0.01,1.0,Alabama,300.6666666666667,209,608,243.0,2.3333333333333335,2.0,5,0.0,0.0,313.5,336.0,409.6666666666667,378.0,,,0.0,0.0,0,0.0,0
2.0,0.01,2.0,New Hampshire,311.9,182,572,271.0,1.7,2.0,3,0.0,0.0,386.1666666666667,344.0,572.0,572.0,382.5,382.5,1.0,1.0,1,0.0,0
1.0,0.01,0.5,Rhode Island,325.5,143,508,325.5,1.0,1.0,1,,,,,,,,,0.0,0.0,0,0.0,0
1.0,0.01,2.0,Rhode Island,395.57142857142856,169,508,508.0,1.1428571428571428,1.0,2,0.0,0.0,399.0,399.0,,,,,0.0,0.0,0,0.0,0
0.5,0.01,2.0,Rhode Island,435.0,143,508,508.0,1.2,1.0,2,0.0,0.0,534.0,534.0,,,528.0,528.0,1.0,1.0,1,0.0,0
1.0,0.01,1.0,Rhode Island,459.57142857142856,143,534,508.0,1.0,1.0,1,,,,,,,,,0.0,0.0,0,0.0,0
2.0,0.01,0.5,Rhode Island,462.8888888888889,143,542,508.0,1.2222222222222223,1.0,3,0.0,0.0,508.0,508.0,534.0,534.0,163.0,163.0,1.0,1.0,1,0.0,0
2.0,0.01,2.0,Rhode Island,479.22222222222223,399,542,508.0,1.5555555555555556,1.0,3,0.0,0.0,525.0,525.0,542.0,542.0,528.0,528.0,1.0,1.0,1,0.0,0
2.0,0.01,1.0,Rhode Island,480.75,399,508,508.0,1.375,1.0,2,0.0,0.0,530.6666666666666,542.0,,,528.0,528.0,1.0,1.0,1,0.0,0
0.5,0.01,1.0,Rhode Island,508.0,508,508,508.0,1.0,1.0,1,,,,,,,,,0.0,0.0,0,0.0,0
