alpha,beta,gamma,state,mean_first_intro_day,earliest_first_intro_day,latest_first_intro_day,median_first_intro_day,mean_intro_count,median_intro_count,max_intro_count,mean_cumu_before_second_intro,max_cumu_before_second_intro,mean_intro_day_2,median_intro_day_2,mean_intro_day_3,median_intro_day_3,mean_first_export_day,median_first_export_day,mean_export_count,median_export_count,max_export_count,mean_total_cumu_cases,max_total_cumu_cases
0.5,0.01,0.5,Texas,28.0,28,28,28.0,23.4,24.0,26,0.0,0.0,28.0,28.0,28.0,28.0,34.1,32.0,31.0,31.5,41,15.7,21
0.5,0.01,1.0,Texas,28.0,28,28,28.0,31.3,32.0,36,0.0,0.0,28.0,28.0,28.0,28.0,34.2,32.0,42.4,42.5,48,19.4,24
1.0,0.01,0.5,Texas,28.0,28,28,28.0,33.5,34.0,37,0.0,0.0,28.0,28.0,28.0,28.0,35.5,35.5,48.6,48.5,54,22.0,26
0.5,0.05,0.5,Texas,28.0,28,28,28.0,31.2,31.0,35,0.0,0.0,28.0,28.0,28.0,28.0,32.0,32.0,40.4,40.0,45,22.1,26
0.5,0.1,0.5,Texas,28.0,28,28,28.0,33.0,33.0,36,0.0,0.0,28.0,28.0,28.0,28.0,32.0,32.0,37.5,38.0,41,23.7,29
0.5,0.05,1.0,Texas,28.0,28,28,28.0,38.5,37.5,43,0.0,0.0,28.0,28.0,28.0,28.0,32.0,32.0,49.0,50.0,60,26.6,30
1.0,0.01,1.0,Texas,28.0,28,28,28.0,42.8,43.0,45,0.0,0.0,28.0,28.0,28.0,28.0,36.4,39.0,55.6,56.0,62,26.8,31
0.5,0.01,2.0,Texas,28.0,28,28,28.0,40.6,40.5,47,0.0,0.0,28.0,28.0,28.0,28.0,35.5,35.5,51.4,52.5,55,27.0,32
0.5,0.1,1.0,Texas,28.0,28,28,28.0,42.1,42.0,46,0.0,0.0,28.0,28.0,28.0,28.0,32.0,32.0,46.8,46.5,51,29.4,33
1.0,0.05,0.5,Texas,28.0,28,28,28.0,42.6,43.0,46,0.0,0.0,28.0,28.0,28.0,28.0,32.7,32.0,54.8,52.5,65,30.3,34
2.0,0.01,0.5,Texas,28.0,28,28,28.0,41.0,41.0,46,0.0,0.0,28.0,28.0,28.0,28.0,35.9,37.0,68.8,69.0,74,30.4,34
0.5,0.25,0.5,Texas,28.0,28,28,28.0,33.0,32.5,37,0.0,0.0,28.0,28.0,28.0,28.0,32.0,32.0,39.4,39.0,42,31.0,36
1.0,0.01,2.0,Texas,28.0,28,28,28.0,42.4,41.5,51,0.0,0.0,28.0,28.0,28.0,28.0,36.4,39.0,71.4,70.5,88,31.2,35
2.0,0.01,1.0,Texas,28.0,28,28,28.0,42.2,42.5,49,0.0,0.0,28.0,28.0,28.0,28.0,34.8,32.0,73.0,73.5,79,32.8,38
2.0,0.01,2.0,Texas,28.0,28,28,28.0,42.9,44.0,50,0.0,0.0,28.0,28.0,28.0,28.0,33.8,32.0,74.0,74.0,84,32.8,39
1.0,0.1,0.5,Texas,28.0,28,28,28.0,43.0,43.5,45,0.0,0.0,28.0,28.0,28.0,28.0,32.0,32.0,56.8,57.0,59,33.0,38
0.5,0.25,1.0,Texas,28.0,28,28,28.0,41.5,41.0,45,0.0,0.0,28.0,28.0,28.0,28.0,32.0,32.0,45.5,46.0,49,33.8,38
ALL,ALL,ALL,Texas,28.0,28,28,28.0,45.05555555555556,46.0,60,0.0,0.0,28.0,28.0,28.0,28.0,32.852777777777774,32.0,60.63055555555555,61.5,90,33.86944444444445,50
0.5,0.1,2.0,Texas,28.0,28,28,28.0,50.4,49.5,55,0.0,0.0,28.0,28.0,28.0,28.0,32.0,32.0,59.4,60.5,65,34.2,40
0.5,0.05,2.0,Texas,28.0,28,28,28.0,47.4,46.5,52,0.0,0.0,28.0,28.0,28.0,28.0,32.7,32.0,56.7,54.5,65,34.5,38
1.0,0.05,1.0,Texas,28.0,28,28,28.0,50.9,51.0,55,0.0,0.0,28.0,28.0,28.0,28.0,32.0,32.0,63.1,60.5,74,35.6,38
1.0,0.1,1.0,Texas,28.0,28,28,28.0,52.9,54.0,58,0.0,0.0,28.0,28.0,28.0,28.0,32.0,32.0,62.9,63.5,68,35.6,41
1.0,0.25,0.5,Texas,28.0,28,28,28.0,43.9,45.0,47,0.0,0.0,28.0,28.0,28.0,28.0,32.0,32.0,55.1,54.0,59,35.9,40
1.0,0.05,2.0,Texas,28.0,28,28,28.0,51.4,52.5,56,0.0,0.0,28.0,28.0,28.0,28.0,32.0,32.0,74.7,73.5,81,37.3,45
0.5,0.25,2.0,Texas,28.0,28,28,28.0,52.3,52.0,55,0.0,0.0,28.0,28.0,28.0,28.0,32.0,32.0,57.5,58.0,62,37.4,41
2.0,0.05,0.5,Texas,28.0,28,28,28.0,50.9,51.5,53,0.0,0.0,28.0,28.0,28.0,28.0,32.0,32.0,74.2,72.5,90,38.3,43
2.0,0.05,1.0,Texas,28.0,28,28,28.0,51.2,52.0,54,0.0,0.0,28.0,28.0,28.0,28.0,32.7,32.0,78.5,77.0,89,39.2,44
1.0,0.25,1.0,Texas,28.0,28,28,28.0,52.8,52.5,56,0.0,0.0,28.0,28.0,28.0,28.0,32.0,32.0,60.2,59.0,71,40.3,44
2.0,0.1,0.5,Texas,28.0,28,28,28.0,51.1,51.0,54,0.0,0.0,28.0,28.0,28.0,28.0,32.0,32.0,71.3,71.5,78,40.7,44
1.0,0.1,2.0,Texas,28.0,28,28,28.0,51.5,52.5,56,0.0,0.0,28.0,28.0,28.0,28.0,32.0,32.0,73.6,74.0,81,41.4,47
2.0,0.1,1.0,Texas,28.0,28,28,28.0,53.1,53.5,57,0.0,0.0,28.0,28.0,28.0,28.0,32.0,32.0,76.4,76.0,86,41.5,46
2.0,0.25,0.5,Texas,28.0,28,28,28.0,52.8,53.0,55,0.0,0.0,28.0,28.0,28.0,28.0,32.0,32.0,65.5,64.5,70,41.9,44
2.0,0.25,1.0,Texas,28.0,28,28,28.0,55.2,54.5,60,0.0,0.0,28.0,28.0,28.0,28.0,32.0,32.0,70.7,70.5,74,42.4,46
2.0,0.05,2.0,Texas,28.0,28,28,28.0,51.2,51.0,55,0.0,0.0,28.0,28.0,28.0,28.0,32.0,32.0,80.9,83.0,87,43.0,46
1.0,0.25,2.0,Texas,28.0,28,28,28.0,52.1,52.0,56,0.0,0.0,28.0,28.0,28.0,28.0,32.0,32.0,66.0,66.0,71,43.2,46
2.0,0.1,2.0,Texas,28.0,28,28,28.0,53.0,53.0,56,0.0,0.0,28.0,28.0,28.0,28.0,32.0,32.0,77.2,78.0,80,43.8,45
2.0,0.25,2.0,Texas,28.0,28,28,28.0,52.9,53.0,58,0.0,0.0,28.0,28.0,28.0,28.0,32.0,32.0,72.4,70.5,81,45.1,50
0.5,0.25,2.0,New Mexico,32.0,32,32,32.0,11.6,12.0,14,2.4,3.0,47.4,50.0,55.3,56.0,28.0,28.0,39.0,39.5,41,6.0,7
2.0,0.25,1.0,New Mexico,32.0,32,32,32.0,11.4,11.0,14,2.4,3.0,47.6,50.0,55.2,56.0,28.0,28.0,39.9,40.0,42,6.1,7
1.0,0.25,1.0,New Mexico,32.0,32,32,32.0,12.0,12.0,14,1.6,3.0,44.8,50.0,55.3,56.0,28.0,28.0,40.3,40.5,46,6.1,8
2.0,0.25,0.5,New Mexico,32.0,32,32,32.0,11.7,11.5,15,1.5,3.0,43.0,45.5,52.3,50.5,28.0,28.0,40.5,41.0,43,6.2,8
1.0,0.25,2.0,New Mexico,32.0,32,32,32.0,11.2,11.0,13,2.1,3.0,46.1,50.0,54.6,56.0,28.0,28.0,40.2,40.0,43,6.5,8
0.5,0.25,0.5,New Mexico,32.0,32,32,32.0,10.3,10.0,12,2.1,3.0,47.8,50.0,56.5,56.0,28.0,28.0,35.9,35.0,40,6.7,8
1.0,0.25,0.5,New Mexico,32.0,32,32,32.0,10.2,10.0,11,2.4,3.0,49.2,50.0,54.9,56.0,28.0,28.0,38.5,39.0,40,6.8,8
0.5,0.25,1.0,New Mexico,32.0,32,32,32.0,10.3,10.5,12,2.4,3.0,48.8,50.0,56.2,56.0,28.0,28.0,38.8,39.0,42,7.0,9
0.5,0.05,0.5,New Mexico,32.0,32,32,32.0,8.5,8.5,10,2.1,3.0,50.7,51.0,58.1,56.0,28.0,28.0,31.9,30.5,37,7.3,9
0.5,0.1,1.0,New Mexico,32.0,32,32,32.0,9.6,9.0,12,2.1,3.0,51.0,53.5,57.7,58.0,28.0,28.0,36.6,36.5,42,7.4,9
1.0,0.1,2.0,New Mexico,32.0,32,32,32.0,10.1,10.0,12,1.9,3.0,49.3,51.0,58.4,56.0,28.0,28.0,38.0,37.5,42,7.4,10
2.0,0.1,0.5,New Mexico,32.0,32,32,32.0,9.8,10.0,11,2.3,3.0,51.6,53.5,58.7,58.5,28.0,28.0,38.7,39.0,42,7.4,9
2.0,0.25,2.0,New Mexico,32.0,32,32,32.0,10.0,10.0,12,2.2,3.0,46.7,50.0,55.2,56.0,28.0,28.0,39.3,39.5,43,7.6,9
2.0,0.05,2.0,New Mexico,32.0,32,32,32.0,9.5,9.5,12,2.3,4.0,51.9,56.0,61.1,60.5,28.0,28.0,36.8,37.5,40,7.7,10
2.0,0.1,2.0,New Mexico,32.0,32,32,32.0,9.9,10.0,12,2.5,3.0,52.2,56.0,58.7,58.5,28.0,28.0,38.9,39.5,42,7.7,10
1.0,0.1,1.0,New Mexico,32.0,32,32,32.0,10.0,10.0,12,2.2,3.0,49.6,51.0,58.0,58.5,28.0,28.0,39.7,40.0,44,7.7,9
0.5,0.1,0.5,New Mexico,32.0,32,32,32.0,9.2,9.0,11,2.9,3.0,54.1,56.0,58.0,58.5,28.0,28.0,34.5,34.0,39,7.7,9
0.5,0.05,1.0,New Mexico,32.0,32,32,32.0,8.4,8.0,12,2.6,5.0,53.8,53.5,61.2,60.5,28.0,28.0,36.2,37.0,40,7.8,10
2.0,0.1,1.0,New Mexico,32.0,32,32,32.0,9.4,9.5,12,2.2,3.0,49.0,50.5,56.9,56.0,28.0,28.0,38.5,37.5,43,7.9,9
1.0,0.1,0.5,New Mexico,32.0,32,32,32.0,9.2,9.0,12,2.5,3.0,51.6,53.5,57.8,58.0,28.0,28.0,37.1,36.5,42,7.9,9
0.5,0.1,2.0,New Mexico,32.0,32,32,32.0,9.0,9.0,10,2.2,3.0,48.3,50.0,56.4,56.0,28.0,28.0,38.0,38.0,45,8.1,9
1.0,0.05,2.0,New Mexico,32.0,32,32,32.0,9.1,9.0,11,2.7,4.0,54.6,56.0,61.1,61.0,28.0,28.0,37.0,37.5,44,8.2,10
1.0,0.05,1.0,New Mexico,32.0,32,32,32.0,8.9,9.0,10,1.6,4.0,46.4,50.0,57.2,56.0,28.0,28.0,36.8,36.5,40,8.2,10
2.0,0.05,0.5,New Mexico,32.0,32,32,32.0,8.7,9.0,10,2.6,4.0,53.9,56.0,61.1,61.0,28.0,28.0,37.6,37.5,42,8.6,10
0.5,0.05,2.0,New Mexico,32.7,32,39,32.0,10.1,10.0,12,2.3,3.0,53.4,53.5,58.5,61.0,28.0,28.0,36.1,35.5,43,7.4,9
2.0,0.05,1.0,New Mexico,32.7,32,39,32.0,9.3,9.5,10,2.1,4.0,50.9,51.0,58.6,56.0,28.0,28.0,36.3,36.0,42,8.1,10
1.0,0.05,0.5,New Mexico,32.7,32,39,32.0,8.4,8.5,10,2.6,5.0,52.3,53.5,60.3,60.5,28.0,28.0,36.4,36.0,41,8.2,10
ALL,ALL,ALL,New Mexico,32.875,32,40,32.0,9.613888888888889,10.0,15,2.3666666666666667,5.0,52.111111111111114,51.0,60.458333333333336,58.0,28.0,28.0,35.916666666666664,37.0,46,7.219444444444444,10
0.5,0.25,1.0,Nebraska,33.1,32,43,32.0,36.0,36.0,37,3.6,4.0,43.3,43.0,47.4,48.0,46.1,43.0,7.5,7.5,9,12.1,14
2.0,0.01,2.0,New Mexico,33.8,32,40,32.0,10.1,10.0,12,2.4,4.0,58.5,58.5,69.1,68.0,28.0,28.0,31.5,31.5,37,6.3,8
0.5,0.01,0.5,New Mexico,34.1,32,39,32.0,8.3,8.0,13,2.9,4.0,60.7,62.0,68.0,68.0,28.0,28.0,23.0,23.0,28,5.4,7
0.5,0.01,1.0,New Mexico,34.2,32,40,32.0,8.0,8.0,10,2.7,4.0,58.1,62.0,65.6,68.0,28.0,28.0,30.0,29.0,34,6.6,9
1.0,0.25,0.5,Nebraska,34.2,32,43,32.0,37.5,37.5,41,3.2,4.0,44.0,43.0,48.0,48.0,44.2,43.0,7.4,7.5,9,12.4,14
2.0,0.01,1.0,New Mexico,34.8,32,39,32.0,8.9,9.0,10,2.4,4.0,57.3,56.0,66.6,68.0,28.0,28.0,34.0,34.0,37,7.3,9
0.5,0.1,2.0,Nebraska,35.3,32,43,32.0,39.3,38.0,44,2.8,4.0,44.5,43.0,48.6,48.0,48.6,43.0,9.6,9.0,13,12.2,15
0.5,0.25,2.0,Nebraska,35.3,32,43,32.0,40.4,40.0,43,2.8,4.0,44.5,43.0,48.6,48.0,49.8,43.0,9.2,9.0,12,12.7,15
1.0,0.1,2.0,Nebraska,35.3,32,43,32.0,40.3,40.5,43,2.8,4.0,44.5,43.0,48.6,48.0,48.7,43.0,12.0,12.0,15,13.2,16
1.0,0.25,2.0,Nebraska,35.3,32,43,32.0,40.9,40.0,45,2.8,4.0,44.3,43.0,48.0,48.0,44.8,43.0,11.8,12.0,14,14.1,17
2.0,0.25,0.5,Nebraska,35.3,32,43,32.0,40.4,39.5,45,2.8,4.0,44.3,43.0,48.4,48.0,49.8,43.0,11.6,12.0,15,14.8,18
2.0,0.25,1.0,Nebraska,35.3,32,43,32.0,40.4,40.0,44,2.8,4.0,44.5,43.0,48.2,48.0,48.6,43.0,13.0,13.0,15,15.7,18
2.0,0.25,2.0,Nebraska,35.3,32,43,32.0,41.0,39.5,46,2.8,4.0,44.3,43.0,48.0,48.0,49.8,43.0,12.9,13.0,15,17.9,21
0.5,0.01,2.0,New Mexico,35.5,32,39,35.5,8.2,7.5,11,3.2,5.0,59.3,62.0,72.0,68.0,28.0,28.0,28.7,28.5,34,7.6,10
2.0,0.01,0.5,New Mexico,35.9,32,40,37.0,9.5,10.0,11,2.9,5.0,60.9,62.0,78.9,68.0,28.0,28.0,33.7,34.5,41,6.4,9
1.0,0.01,0.5,New Mexico,36.3,32,40,39.0,8.6,8.5,11,2.4,4.0,58.4,61.0,66.2,68.0,28.0,28.0,30.3,29.5,36,6.7,8
1.0,0.01,2.0,New Mexico,36.4,32,40,39.0,9.5,9.5,12,2.6,4.0,57.1,58.5,67.2,68.0,28.0,28.0,32.6,31.5,40,6.7,8
1.0,0.01,1.0,New Mexico,36.4,32,40,39.0,9.2,9.0,11,2.9,5.0,59.7,62.0,69.6,68.0,28.0,28.0,31.7,30.0,38,7.2,9
1.0,0.25,1.0,Nebraska,36.4,32,43,32.0,41.0,40.5,44,2.4,4.0,44.8,43.0,48.2,48.0,50.5,43.0,9.2,9.5,11,12.5,16
2.0,0.1,0.5,Nebraska,36.4,32,43,32.0,40.0,39.0,45,2.5,5.0,45.1,44.5,48.6,48.0,50.5,43.0,11.1,11.5,15,14.4,18
0.5,0.25,0.5,Nebraska,38.6,32,43,43.0,33.9,34.0,36,1.6,4.0,45.8,47.0,48.6,49.0,54.1,49.0,6.6,6.0,10,9.8,12
1.0,0.1,1.0,Nebraska,38.6,32,43,43.0,40.5,41.0,45,1.7,5.0,46.3,48.0,49.2,50.0,53.1,55.5,9.1,9.0,11,10.7,15
0.5,0.25,0.5,Kansas,39.0,39,39,39.0,35.4,36.0,38,0.0,0.0,43.5,45.0,47.1,48.0,42.4,46.0,18.4,17.5,22,14.1,16
0.5,0.25,1.0,Kansas,39.0,39,39,39.0,40.4,40.5,43,0.0,0.0,44.0,45.0,47.4,48.0,42.4,46.0,23.0,23.5,27,18.5,20
1.0,0.25,0.5,Kansas,39.0,39,39,39.0,44.0,44.0,47,0.0,0.0,42.0,40.0,46.2,45.0,37.0,37.0,25.8,25.5,30,20.0,22
0.5,0.25,2.0,Kansas,39.0,39,39,39.0,48.5,48.0,52,0.0,0.0,43.0,45.0,46.8,48.0,29.8,28.0,27.6,27.5,32,21.0,23
1.0,0.25,2.0,Kansas,39.0,39,39,39.0,49.4,49.5,51,0.0,0.0,43.0,45.0,46.8,48.0,28.0,28.0,35.8,35.5,42,25.6,27
2.0,0.25,1.0,Kansas,39.0,39,39,39.0,48.6,48.0,53,0.0,0.0,43.0,45.0,46.8,48.0,28.0,28.0,41.9,42.0,47,25.8,28
2.0,0.1,1.0,Nebraska,39.1,32,48,43.0,42.1,42.5,46,1.5,4.0,46.2,48.0,49.3,50.0,55.4,49.0,12.7,13.5,15,13.6,20
0.5,0.1,0.5,Kansas,39.6,39,45,39.0,33.3,33.0,37,0.0,0.0,44.3,45.0,47.5,48.0,41.6,46.0,16.4,17.0,20,13.3,17
2.0,0.25,2.0,Kansas,39.6,39,45,39.0,49.5,49.5,52,0.0,0.0,44.8,45.0,47.8,48.0,28.0,28.0,44.2,43.0,51,25.7,28
0.5,0.1,1.0,Nebraska,39.7,32,43,43.0,35.5,36.0,38,1.2,4.0,46.3,48.0,49.2,50.0,59.8,62.0,6.4,6.0,9,8.7,12
0.5,0.05,2.0,Nebraska,39.7,32,43,43.0,39.7,40.0,45,1.3,5.0,47.0,48.0,49.7,50.0,59.9,62.0,8.7,8.5,11,8.8,14
1.0,0.1,0.5,Nebraska,39.7,32,43,43.0,38.9,39.0,42,1.2,4.0,46.3,48.0,49.0,50.0,54.9,55.5,6.3,6.0,8,9.1,13
1.0,0.25,1.0,Kansas,39.7,39,45,39.0,46.8,46.0,50,0.0,0.0,42.8,42.5,46.7,46.5,28.0,28.0,31.5,31.5,35,25.2,27
2.0,0.05,2.0,Nebraska,40.2,32,48,43.0,43.1,43.0,48,1.3,5.0,47.4,48.0,50.3,50.0,56.1,55.5,11.5,12.0,13,13.6,20
1.0,0.1,1.0,Kansas,40.2,39,45,39.0,45.7,46.0,51,0.0,0.0,45.1,45.0,48.0,48.0,28.0,28.0,33.2,34.0,37,23.6,29
2.0,0.1,1.0,Kansas,40.2,39,45,39.0,46.6,46.5,48,0.0,0.0,45.1,45.0,47.9,48.0,28.0,28.0,41.3,41.5,46,25.6,28
2.0,0.25,0.5,Kansas,40.2,39,45,39.0,48.2,48.0,51,0.0,0.0,43.1,42.5,46.7,46.5,28.0,28.0,39.1,39.5,42,25.9,28
2.0,0.1,2.0,Kansas,40.2,39,45,39.0,47.8,47.5,50,0.0,0.0,45.1,45.0,48.0,48.0,28.0,28.0,45.4,46.0,50,26.1,31
1.0,0.05,1.0,Nebraska,40.7,32,48,43.0,40.9,42.0,43,1.2,4.0,46.9,48.0,50.1,50.0,61.1,62.0,8.6,8.5,11,9.0,13
0.5,0.05,0.5,Nebraska,40.8,32,43,43.0,27.2,27.0,32,0.7,4.0,47.6,48.0,50.9,50.0,65.5,74.0,4.5,4.5,6,7.7,10
0.5,0.1,0.5,Nebraska,40.8,32,43,43.0,31.0,30.5,35,0.8,4.0,47.0,48.0,49.4,50.0,56.7,55.5,6.1,6.0,8,8.3,11
1.0,0.1,0.5,Kansas,40.8,39,45,39.0,41.9,42.0,44,0.1,1.0,45.5,45.0,48.3,48.0,33.4,28.0,27.9,28.0,33,19.7,22
0.5,0.1,2.0,Kansas,40.8,39,45,39.0,46.5,47.0,50,0.0,0.0,45.4,45.0,48.1,48.0,37.0,28.0,24.9,24.5,32,20.0,22
1.0,0.05,1.0,Kansas,40.9,39,45,39.0,43.0,43.5,45,0.0,0.0,45.4,45.0,48.0,48.0,28.0,28.0,32.0,31.0,36,22.7,25
0.5,0.25,0.5,Idaho,41.0,41,41,41.0,4.5,5.0,6,5.0,12.0,51.4,50.5,74.7,53.5,28.0,28.0,52.9,52.0,60,17.7,20
0.5,0.25,1.0,Idaho,41.0,41,41,41.0,4.5,5.0,6,4.2,12.0,48.7,50.0,69.8,55.0,28.0,28.0,64.1,64.0,71,18.7,21
1.0,0.25,0.5,Idaho,41.0,41,41,41.0,6.0,6.0,11,5.8,13.0,50.5,50.5,69.6,55.0,28.0,28.0,67.5,67.0,73,18.7,20
1.0,0.25,2.0,Idaho,41.0,41,41,41.0,5.6,6.0,7,5.2,13.0,48.3,46.5,70.2,55.0,28.0,28.0,70.9,72.5,76,20.9,22
0.5,0.25,2.0,Idaho,41.0,41,41,41.0,5.6,5.5,8,7.9,13.0,52.2,54.0,80.4,81.5,28.0,28.0,67.6,67.5,80,21.2,23
2.0,0.25,1.0,Idaho,41.0,41,41,41.0,4.9,4.5,8,10.9,13.0,54.3,55.0,94.8,108.0,28.0,28.0,68.4,68.5,73,21.7,23
ALL,ALL,ALL,Nebraska,41.28055555555556,32,69,43.0,36.80555555555556,38.0,48,1.3416666666666666,5.0,48.666666666666664,48.0,52.66111111111111,50.0,65.85310734463278,62.0,8.166666666666666,8.0,16,10.63888888888889,21
1.0,0.05,2.0,Nebraska,41.3,32,48,43.0,42.7,43.5,44,0.6,4.0,47.7,48.0,50.4,50.0,63.6,62.0,11.1,12.0,14,9.2,13
2.0,0.05,0.5,Nebraska,41.3,32,48,43.0,39.8,39.5,42,0.8,4.0,47.2,48.0,50.7,50.0,65.8,74.0,9.4,9.5,11,11.5,15
2.0,0.05,2.0,Kansas,41.4,39,45,39.0,45.0,45.5,49,0.0,0.0,46.2,45.0,48.5,48.5,28.0,28.0,45.2,46.5,50,27.1,31
0.5,0.1,1.0,Kansas,41.5,39,45,39.5,40.4,40.0,43,0.0,0.0,46.2,45.0,48.6,49.0,35.2,28.0,21.9,22.0,24,15.7,21
1.0,0.05,0.5,Nebraska,41.8,32,48,43.0,35.2,36.0,37,0.7,4.0,47.4,48.0,50.6,50.0,63.1,62.0,5.8,6.0,9,7.9,11
0.5,0.1,0.5,Idaho,41.9,41,50,41.0,5.1,5.5,6,3.7,10.0,51.4,50.5,63.5,52.0,28.0,28.0,47.2,46.5,55,15.8,19
2.0,0.25,2.0,Idaho,41.9,41,50,41.0,5.7,5.5,8,6.8,13.0,52.0,53.5,76.0,70.0,28.0,28.0,67.3,66.5,75,21.8,24
0.5,0.05,1.0,Georgia,42.0,42,42,42.0,28.5,27.5,33,0.6,1.0,44.0,44.0,72.1,70.0,70.3,71.5,6.4,5.5,10,5.7,7
0.5,0.1,0.5,Georgia,42.0,42,42,42.0,25.1,24.5,29,1.0,1.0,44.0,44.0,70.3,71.0,63.0,60.0,5.5,5.5,7,6.1,9
0.5,0.25,0.5,Georgia,42.0,42,42,42.0,28.7,29.0,31,1.0,1.0,44.0,44.0,67.1,70.0,60.7,60.0,7.1,7.0,10,7.6,11
0.5,0.1,1.0,Georgia,42.0,42,42,42.0,29.9,29.5,34,0.9,1.0,44.0,44.0,73.3,71.0,64.1,60.0,7.2,7.0,9,9.0,12
0.5,0.05,2.0,Georgia,42.0,42,42,42.0,35.1,35.0,38,0.8,1.0,44.0,44.0,74.7,70.0,63.8,63.0,7.0,7.0,10,9.6,12
1.0,0.05,0.5,Georgia,42.0,42,42,42.0,31.8,32.0,36,0.8,1.0,44.0,44.0,71.6,70.0,64.4,63.0,7.2,8.0,9,9.8,15
0.5,0.25,1.0,Georgia,42.0,42,42,42.0,35.2,35.5,39,1.0,1.0,44.0,44.0,68.4,70.0,60.8,60.0,8.4,8.5,10,10.6,15
2.0,0.05,0.5,Georgia,42.0,42,42,42.0,42.2,43.0,48,0.7,1.0,44.0,44.0,75.4,70.0,62.4,63.0,10.7,10.5,15,10.7,13
1.0,0.1,1.0,Georgia,42.0,42,42,42.0,41.6,42.0,45,1.0,1.0,44.0,44.0,71.2,70.0,62.1,63.0,9.9,9.0,13,10.7,15
1.0,0.05,1.0,Georgia,42.0,42,42,42.0,36.7,37.0,41,0.9,1.0,44.0,44.0,69.3,70.0,62.7,63.0,10.1,10.0,13,11.1,14
0.5,0.1,2.0,Georgia,42.0,42,42,42.0,37.5,38.0,42,1.0,1.0,44.0,44.0,69.3,70.0,61.0,61.5,9.9,9.5,13,11.2,16
1.0,0.05,2.0,Georgia,42.0,42,42,42.0,45.4,45.0,49,0.7,1.0,44.0,44.0,75.5,70.0,63.2,63.0,9.6,9.5,13,11.7,17
1.0,0.1,0.5,Georgia,42.0,42,42,42.0,33.2,33.0,36,0.9,1.0,44.0,44.0,69.3,70.0,60.7,60.0,10.6,11.0,12,12.5,16
2.0,0.1,0.5,Georgia,42.0,42,42,42.0,43.0,43.5,46,1.0,1.0,44.0,44.0,70.9,70.0,41.7,28.0,12.3,12.0,16,12.9,16
2.0,0.05,1.0,Georgia,42.0,42,42,42.0,45.5,46.0,48,0.9,1.0,44.0,44.0,73.0,70.0,63.5,63.0,10.2,11.0,14,13.2,19
1.0,0.25,0.5,Georgia,42.0,42,42,42.0,40.0,40.0,43,1.0,1.0,44.0,44.0,68.6,72.0,60.3,60.0,11.2,11.0,14,13.7,16
0.5,0.25,2.0,Georgia,42.0,42,42,42.0,41.5,42.0,46,1.0,1.0,44.0,44.0,66.5,68.0,59.3,60.0,11.3,11.5,14,14.0,17
1.0,0.1,2.0,Georgia,42.0,42,42,42.0,46.5,46.5,49,0.9,1.0,44.0,44.0,71.0,71.0,61.5,61.5,11.7,12.0,15,14.2,17
1.0,0.25,1.0,Georgia,42.0,42,42,42.0,42.9,43.0,46,1.0,1.0,44.0,44.0,68.8,71.0,59.3,60.0,13.1,13.0,16,14.9,17
1.0,0.25,2.0,Georgia,42.0,42,42,42.0,49.1,50.0,52,1.0,1.0,44.0,44.0,70.7,72.0,59.8,60.0,14.8,15.0,21,15.0,19
2.0,0.1,1.0,Georgia,42.0,42,42,42.0,46.8,47.0,51,1.0,1.0,44.0,44.0,71.1,70.0,41.4,28.0,12.3,12.5,16,15.0,20
2.0,0.05,2.0,Georgia,42.0,42,42,42.0,45.8,46.0,50,0.5,1.0,44.0,44.0,74.0,70.0,56.0,61.5,10.4,10.0,14,16.0,20
2.0,0.25,0.5,Georgia,42.0,42,42,42.0,43.6,43.5,47,1.0,1.0,44.0,44.0,66.5,70.0,31.2,28.0,14.7,14.5,19,17.1,19
2.0,0.1,2.0,Georgia,42.0,42,42,42.0,47.7,47.5,50,1.0,1.0,44.0,44.0,71.8,70.0,41.7,28.0,13.1,12.5,17,17.3,19
1.0,0.05,0.5,Kansas,42.0,39,45,42.0,40.0,40.0,43,0.1,1.0,46.1,46.5,48.4,48.5,30.6,28.0,25.4,26.5,29,18.3,20
2.0,0.25,1.0,Georgia,42.0,42,42,42.0,47.1,47.5,51,1.0,1.0,44.0,44.0,68.1,68.0,34.4,28.0,16.1,16.5,18,19.0,22
2.0,0.25,2.0,Georgia,42.0,42,42,42.0,47.7,48.0,50,1.0,1.0,44.0,44.0,70.2,72.0,34.4,28.0,15.8,16.0,19,20.1,23
2.0,0.1,0.5,Kansas,42.0,39,45,42.0,46.1,46.5,49,0.2,1.0,46.2,46.5,48.8,48.5,28.0,28.0,40.3,39.0,55,25.2,28
1.0,0.1,2.0,Kansas,42.0,39,45,42.0,46.3,46.0,51,0.1,1.0,46.6,46.5,48.8,48.5,28.0,28.0,34.4,34.5,43,25.7,28
0.5,0.01,1.0,Minnesota,42.0,42,42,42.0,25.4,25.0,30,0.8,1.0,47.1,47.0,47.9,48.0,29.9,28.0,62.8,63.5,70,39.1,41
0.5,0.05,1.0,Minnesota,42.0,42,42,42.0,30.2,30.0,32,1.0,1.0,47.0,47.0,47.0,47.0,31.4,28.0,72.2,72.0,80,40.4,44
0.5,0.05,0.5,Minnesota,42.0,42,42,42.0,28.3,28.0,35,1.0,1.0,47.0,47.0,47.1,47.0,38.2,45.0,65.5,65.5,72,42.2,46
1.0,0.1,0.5,Minnesota,42.0,42,42,42.0,30.6,30.5,35,1.0,1.0,47.0,47.0,47.0,47.0,41.6,45.0,78.9,78.0,89,42.5,47
1.0,0.05,0.5,Minnesota,42.0,42,42,42.0,28.2,27.5,31,1.0,1.0,47.0,47.0,47.0,47.0,33.1,28.0,77.6,78.5,86,43.1,45
2.0,0.05,0.5,Minnesota,42.0,42,42,42.0,32.0,32.0,36,1.0,1.0,47.0,47.0,47.0,47.0,31.4,28.0,82.4,82.0,91,43.3,48
2.0,0.05,1.0,Minnesota,42.0,42,42,42.0,32.5,32.0,37,1.0,1.0,47.0,47.0,47.1,47.0,34.8,28.0,85.6,85.5,93,43.6,49
0.5,0.05,2.0,Minnesota,42.0,42,42,42.0,31.6,32.5,34,1.1,2.0,47.1,47.0,47.1,47.0,38.4,45.0,80.8,79.5,89,43.7,47
1.0,0.1,1.0,Minnesota,42.0,42,42,42.0,32.3,33.0,35,1.0,1.0,47.0,47.0,47.0,47.0,43.3,45.0,85.1,86.5,93,44.1,47
1.0,0.05,1.0,Minnesota,42.0,42,42,42.0,31.8,32.0,36,0.9,1.0,47.0,47.0,47.0,47.0,36.5,36.5,83.8,84.5,90,44.4,48
1.0,0.05,2.0,Minnesota,42.0,42,42,42.0,31.3,31.0,34,1.1,2.0,47.1,47.0,47.2,47.0,40.1,45.0,83.3,84.0,92,44.5,47
2.0,0.05,2.0,Minnesota,42.0,42,42,42.0,31.6,31.5,34,0.9,1.0,47.0,47.0,47.1,47.0,34.8,28.0,82.0,81.0,92,44.5,49
0.5,0.1,0.5,Minnesota,42.0,42,42,42.0,27.0,27.0,31,1.0,1.0,47.0,47.0,47.0,47.0,45.0,45.0,68.1,69.0,77,44.7,47
2.0,0.1,2.0,Minnesota,42.0,42,42,42.0,31.7,31.0,38,1.0,1.0,47.0,47.0,47.0,47.0,38.2,45.0,85.1,83.5,97,45.1,48
0.5,0.1,1.0,Minnesota,42.0,42,42,42.0,27.5,28.0,29,1.0,1.0,47.0,47.0,47.0,47.0,38.2,45.0,73.3,72.5,79,45.2,48
0.5,0.1,2.0,Minnesota,42.0,42,42,42.0,30.8,31.5,33,1.0,1.0,47.0,47.0,47.0,47.0,36.5,36.5,88.5,87.5,97,45.3,49
2.0,0.1,0.5,Minnesota,42.0,42,42,42.0,31.1,31.0,36,1.0,1.0,47.0,47.0,47.0,47.0,41.6,45.0,86.2,86.5,94,46.1,49
2.0,0.1,1.0,Minnesota,42.0,42,42,42.0,30.8,31.0,34,1.0,1.0,47.0,47.0,47.0,47.0,41.6,45.0,86.0,87.0,96,46.5,52
1.0,0.1,2.0,Minnesota,42.0,42,42,42.0,29.5,29.0,34,1.0,1.0,47.0,47.0,47.0,47.0,36.5,36.5,89.1,88.5,98,47.3,52
0.5,0.25,1.0,Minnesota,42.0,42,42,42.0,26.4,26.0,30,1.0,1.0,47.0,47.0,47.0,47.0,45.0,45.0,81.8,83.0,88,48.0,51
1.0,0.25,0.5,Minnesota,42.0,42,42,42.0,27.1,26.5,33,1.0,1.0,47.0,47.0,47.0,47.0,45.0,45.0,87.8,88.5,95,48.0,54
2.0,0.25,1.0,Minnesota,42.0,42,42,42.0,29.9,30.0,33,1.0,1.0,47.0,47.0,47.0,47.0,45.0,45.0,94.4,95.0,101,48.1,50
0.5,0.25,0.5,Minnesota,42.0,42,42,42.0,25.4,26.0,27,1.0,1.0,47.0,47.0,47.0,47.0,43.3,45.0,72.5,71.0,84,48.7,54
1.0,0.25,1.0,Minnesota,42.0,42,42,42.0,29.0,29.0,31,1.0,1.0,47.0,47.0,47.0,47.0,43.3,45.0,95.8,95.5,103,48.8,51
2.0,0.25,0.5,Minnesota,42.0,42,42,42.0,28.9,29.0,35,1.0,1.0,47.0,47.0,47.0,47.0,45.0,45.0,93.2,92.0,107,49.0,53
1.0,0.25,2.0,Minnesota,42.0,42,42,42.0,28.0,28.5,30,1.0,1.0,47.0,47.0,47.0,47.0,45.0,45.0,95.9,96.0,100,49.9,54
0.5,0.25,2.0,Minnesota,42.0,42,42,42.0,26.5,25.5,31,1.0,1.0,47.0,47.0,47.0,47.0,45.0,45.0,94.8,95.5,102,50.4,52
2.0,0.25,2.0,Minnesota,42.0,42,42,42.0,29.2,29.0,32,1.0,1.0,47.0,47.0,47.0,47.0,45.0,45.0,93.2,95.0,105,50.6,53
ALL,ALL,ALL,Kansas,42.016666666666666,39,54,39.0,41.32222222222222,43.0,53,0.18611111111111112,2.0,46.40555555555556,45.0,49.95,48.5,30.469444444444445,28.0,29.20277777777778,29.0,55,20.76388888888889,31
2.0,0.25,0.5,Idaho,42.1,41,50,41.0,5.1,5.0,7,8.4,12.0,52.8,55.0,79.6,85.0,28.0,28.0,67.5,69.5,75,21.2,22
0.5,0.05,0.5,Georgia,42.2,42,44,42.0,20.2,20.0,23,0.8,1.0,46.6,44.0,71.5,70.0,67.5,66.0,5.9,6.0,9,5.4,8
2.0,0.1,2.0,Idaho,42.2,41,51,41.0,6.3,7.0,8,3.7,11.0,52.4,51.5,74.2,52.0,28.0,28.0,59.5,58.0,68,20.5,24
0.5,0.05,1.0,Nebraska,42.3,32,48,43.0,33.1,33.5,37,0.7,4.0,48.1,48.0,51.0,50.0,62.9,68.0,4.4,4.5,6,6.2,12
0.5,0.01,2.0,Georgia,42.4,42,44,42.0,27.5,28.0,34,0.6,1.0,61.1,44.0,104.4,106.0,120.0,63.0,3.4,3.0,8,3.2,5
2.0,0.05,1.0,Nebraska,42.4,32,48,43.0,43.5,44.0,46,0.4,4.0,47.9,48.0,50.5,50.0,65.0,68.0,12.4,13.0,15,11.1,18
2.0,0.1,2.0,Nebraska,42.4,32,48,43.0,43.8,45.0,46,0.4,4.0,47.3,48.0,49.7,50.0,57.3,55.5,12.7,12.5,16,14.4,18
ALL,ALL,ALL,Minnesota,42.55,42,76,42.0,29.433333333333334,29.0,41,0.8972222222222223,5.0,48.49444444444445,47.0,49.00277777777778,47.0,38.62777777777778,45.0,79.11111111111111,80.5,107,44.25833333333333,54
1.0,0.01,2.0,Georgia,42.6,42,44,42.0,33.5,33.0,38,0.2,1.0,68.4,57.0,105.6,106.0,155.9,96.0,3.6,4.0,5,7.0,12
0.5,0.05,1.0,Kansas,42.6,39,45,45.0,37.5,38.0,40,0.1,1.0,46.9,48.0,49.4,49.0,33.4,28.0,20.2,20.0,24,15.6,19
2.0,0.05,1.0,Kansas,42.6,39,45,45.0,45.0,45.0,50,0.2,1.0,45.5,48.0,48.4,49.0,28.0,28.0,42.5,43.0,49,25.1,27
ALL,ALL,ALL,Georgia,42.66388888888889,42,106,42.0,36.077777777777776,37.0,52,0.7416666666666667,1.0,50.44166666666667,44.0,78.96666666666667,72.0,69.60614525139665,63.0,8.83008356545961,9.0,21,10.455555555555556,23
0.5,0.05,0.5,Kansas,42.7,39,45,45.0,32.3,32.0,37,0.2,1.0,47.0,48.0,49.3,49.0,30.6,28.0,17.0,17.0,21,12.6,15
1.0,0.05,2.0,Kansas,42.7,39,45,45.0,43.9,44.0,45,0.4,1.0,47.2,48.0,49.9,49.0,28.0,28.0,36.0,36.0,47,25.8,28
0.5,0.05,2.0,Kansas,42.8,39,45,45.0,45.5,46.0,47,0.0,0.0,46.8,48.0,48.6,49.0,28.0,28.0,26.2,26.5,30,18.7,21
1.0,0.1,1.0,Idaho,42.9,41,51,41.0,5.7,5.5,7,4.0,11.0,51.7,52.0,75.1,55.0,28.0,28.0,62.3,62.0,70,20.4,22
0.5,0.01,1.0,Georgia,43.0,42,44,43.0,17.5,18.0,20,0.1,1.0,67.7,57.0,104.5,106.0,78.2,77.0,2.7,2.0,5,2.4,5
0.5,0.25,1.0,South Dakota,43.0,43,43,43.0,36.8,37.0,38,0.0,0.0,45.4,47.0,47.6,48.0,56.1,53.0,8.8,8.5,13,4.2,5
1.0,0.01,1.0,Georgia,43.0,42,44,43.0,27.2,26.5,33,0.4,1.0,73.9,61.0,111.6,109.5,88.3,77.0,4.6,4.5,7,4.6,9
2.0,0.01,0.5,Georgia,43.0,42,44,43.0,32.1,32.5,34,0.1,1.0,65.3,70.0,94.1,106.0,89.7,77.0,5.8,5.0,8,5.9,9
2.0,0.05,0.5,Kansas,43.2,39,45,45.0,44.0,44.0,48,0.2,1.0,47.3,48.0,49.4,49.0,28.0,28.0,40.7,39.5,46,25.1,29
0.5,0.01,2.0,Minnesota,43.2,42,48,42.0,30.2,28.5,41,0.7,2.0,51.9,48.0,53.7,49.0,35.4,28.0,68.3,69.0,76,38.8,44
2.0,0.01,2.0,Minnesota,43.2,42,48,42.0,30.7,30.0,35,0.9,5.0,51.9,47.5,53.0,48.5,33.3,28.0,69.5,69.0,83,40.6,43
1.0,0.25,1.0,Idaho,43.3,41,55,41.0,6.2,7.0,8,4.3,13.0,51.5,51.0,71.2,54.0,28.0,28.0,69.0,71.0,79,20.4,23
2.0,0.1,1.0,Idaho,43.3,41,55,41.0,5.6,5.0,8,5.1,11.0,54.5,55.0,82.4,85.5,28.0,28.0,58.2,57.5,66,20.8,23
0.5,0.25,2.0,South Dakota,43.4,43,47,43.0,41.9,42.0,43,0.0,0.0,45.9,47.0,47.8,48.0,53.0,53.0,10.2,9.5,13,4.0,5
1.0,0.25,0.5,South Dakota,43.8,43,47,43.0,38.1,38.5,40,0.0,0.0,46.4,47.0,48.0,48.0,53.0,53.0,12.9,13.0,14,3.7,4
2.0,0.25,2.0,South Dakota,43.8,43,47,43.0,44.4,44.5,46,0.0,0.0,45.2,45.0,47.7,47.5,28.0,28.0,12.4,12.0,15,5.0,7
1.0,0.1,0.5,Idaho,43.8,41,51,41.0,5.9,6.0,7,3.4,10.0,51.9,51.5,63.7,52.0,28.0,28.0,56.5,55.5,64,18.3,20
0.5,0.01,0.5,Minnesota,43.8,42,48,42.0,26.4,26.0,36,0.5,2.0,54.0,48.0,55.5,49.0,45.5,46.0,50.2,49.5,59,36.2,43
2.0,0.01,0.5,Minnesota,43.8,42,48,42.0,30.6,30.0,36,0.3,1.0,53.1,48.0,55.0,52.0,33.3,28.0,66.9,67.0,76,39.3,45
0.5,0.1,2.0,South Dakota,44.2,43,47,43.0,41.6,41.0,43,0.0,0.0,47.0,47.0,49.0,49.0,62.9,53.0,12.0,13.0,15,3.3,5
2.0,0.1,0.5,South Dakota,44.2,43,47,43.0,43.5,43.0,45,0.0,0.0,47.4,47.0,49.1,48.0,28.0,28.0,14.2,14.5,17,4.1,5
1.0,0.1,2.0,South Dakota,44.2,43,47,43.0,43.6,44.0,45,0.0,0.0,46.3,47.0,49.1,48.5,28.0,28.0,13.1,13.0,17,4.7,6
2.0,0.25,1.0,South Dakota,44.2,43,47,43.0,44.6,44.0,47,0.0,0.0,46.1,47.0,48.4,48.0,28.0,28.0,12.2,13.0,15,4.9,6
2.0,0.25,0.5,South Dakota,44.2,43,47,43.0,44.0,44.0,46,0.0,0.0,45.3,45.0,48.1,47.5,28.0,28.0,12.4,12.0,16,5.0,6
1.0,0.25,1.0,South Dakota,44.2,43,47,43.0,42.0,42.0,43,0.0,0.0,46.1,47.0,48.7,48.0,53.6,53.0,11.2,10.5,13,5.1,6
1.0,0.25,2.0,South Dakota,44.2,43,47,43.0,44.2,44.0,45,0.0,0.0,46.5,47.0,48.2,48.0,28.0,28.0,12.1,12.5,15,5.2,6
1.0,0.01,2.0,Minnesota,44.2,42,58,42.0,29.2,29.0,34,0.7,2.0,51.5,47.5,55.4,50.0,33.1,28.0,71.8,72.5,89,41.7,46
0.5,0.1,2.0,Idaho,44.3,41,55,41.0,6.3,6.0,9,5.1,11.0,54.3,55.0,76.8,62.5,28.0,28.0,61.1,62.0,69,19.3,22
1.0,0.01,1.0,Minnesota,44.4,42,48,42.0,29.7,28.5,37,0.5,3.0,56.7,50.5,59.0,54.0,31.6,28.0,65.0,67.0,77,40.2,48
0.5,0.25,0.5,South Dakota,44.6,43,47,43.0,32.3,32.0,33,0.0,0.0,47.0,47.0,48.9,48.0,53.0,53.0,6.7,6.0,9,3.0,4
0.5,0.05,2.0,Arizona,45.0,45,45,45.0,8.5,8.5,9,0.3,1.0,53.0,53.0,60.4,64.0,36.2,28.0,3.4,3.5,5,2.5,3
1.0,0.05,2.0,Arizona,45.0,45,45,45.0,8.4,8.0,9,0.3,1.0,53.0,53.0,60.7,64.0,32.1,28.0,4.3,4.5,6,2.6,3
0.5,0.05,0.5,Arizona,45.0,45,45,45.0,7.3,7.0,9,0.7,1.0,53.0,53.0,58.5,58.5,35.9,28.0,2.4,2.0,5,2.7,4
2.0,0.05,2.0,Arizona,45.0,45,45,45.0,8.3,8.0,9,0.4,1.0,53.0,53.0,62.9,64.0,40.0,28.0,4.1,4.0,6,2.7,4
1.0,0.05,0.5,Arizona,45.0,45,45,45.0,8.0,8.0,9,0.7,1.0,53.0,53.0,61.6,64.0,32.1,28.0,3.6,4.0,6,2.8,4
0.5,0.05,1.0,Arizona,45.0,45,45,45.0,7.9,8.0,9,0.5,1.0,53.0,53.0,60.7,64.0,31.8,28.0,3.6,3.5,5,2.8,3
1.0,0.25,0.5,Arizona,45.0,45,45,45.0,8.1,8.0,9,0.7,1.0,53.0,53.0,55.2,53.0,35.6,28.0,4.2,4.0,6,2.9,4
2.0,0.1,1.0,Arizona,45.0,45,45,45.0,8.1,8.0,9,0.8,1.0,53.0,53.0,57.4,53.0,36.2,28.0,4.3,4.5,6,2.9,4
0.5,0.1,1.0,Arizona,45.0,45,45,45.0,7.7,7.5,9,0.8,1.0,53.0,53.0,59.6,64.0,35.6,28.0,3.6,3.5,5,2.9,4
2.0,0.1,2.0,Arizona,45.0,45,45,45.0,8.1,8.0,9,0.6,1.0,53.0,53.0,56.3,53.0,39.7,28.0,4.7,5.0,7,2.9,4
2.0,0.1,0.5,Arizona,45.0,45,45,45.0,8.1,8.0,9,0.8,1.0,53.0,53.0,55.2,53.0,28.0,28.0,5.2,5.0,7,2.9,4
0.5,0.1,0.5,Arizona,45.0,45,45,45.0,7.1,7.0,8,0.8,1.0,53.0,53.0,57.4,53.0,35.9,28.0,3.4,3.0,6,2.9,4
0.5,0.1,2.0,Arizona,45.0,45,45,45.0,8.0,8.0,9,0.8,1.0,53.0,53.0,59.6,64.0,43.5,28.0,4.3,4.0,7,3.0,4
1.0,0.1,1.0,Arizona,45.0,45,45,45.0,8.0,8.0,9,0.7,1.0,53.0,53.0,56.3,53.0,32.1,28.0,3.7,3.5,5,3.0,4
0.5,0.25,0.5,Arizona,45.0,45,45,45.0,6.9,7.0,8,0.9,1.0,53.0,53.0,54.1,53.0,31.8,28.0,4.0,4.0,5,3.1,4
1.0,0.1,0.5,Arizona,45.0,45,45,45.0,7.9,8.0,8,0.8,1.0,53.0,53.0,55.2,53.0,31.8,28.0,4.0,4.0,6,3.1,4
1.0,0.1,2.0,Arizona,45.0,45,45,45.0,7.9,8.0,9,0.7,1.0,53.0,53.0,56.3,53.0,35.6,28.0,5.0,5.0,7,3.1,4
2.0,0.25,0.5,Arizona,45.0,45,45,45.0,7.8,8.0,8,0.9,1.0,53.0,53.0,53.0,53.0,28.0,28.0,5.0,5.0,6,3.2,4
0.5,0.25,2.0,Arizona,45.0,45,45,45.0,7.7,8.0,8,1.0,1.0,53.0,53.0,53.0,53.0,28.0,28.0,5.6,6.0,6,3.3,4
2.0,0.25,2.0,Arizona,45.0,45,45,45.0,7.7,8.0,8,1.0,1.0,53.0,53.0,53.0,53.0,28.0,28.0,4.9,5.0,6,3.3,4
1.0,0.25,2.0,Arizona,45.0,45,45,45.0,7.6,8.0,8,0.9,1.0,53.0,53.0,53.0,53.0,28.0,28.0,5.2,5.5,6,3.4,4
2.0,0.25,1.0,Arizona,45.0,45,45,45.0,7.6,8.0,8,1.0,1.0,53.0,53.0,55.2,53.0,31.8,28.0,5.3,5.5,6,3.4,4
0.5,0.1,1.0,South Dakota,45.0,43,47,45.0,35.3,35.5,36,0.0,0.0,47.6,47.5,49.8,50.0,54.2,53.0,9.5,9.0,12,3.5,5
1.0,0.25,1.0,Arizona,45.0,45,45,45.0,7.4,7.5,8,1.0,1.0,53.0,53.0,54.1,53.0,31.8,28.0,4.8,5.0,6,3.6,5
0.5,0.25,1.0,Arizona,45.0,45,45,45.0,7.3,7.0,9,0.9,1.0,53.0,53.0,53.0,53.0,28.0,28.0,3.9,4.0,4,3.7,5
1.0,0.1,1.0,South Dakota,45.0,43,47,45.0,42.6,42.5,45,0.0,0.0,47.3,47.5,49.7,49.5,66.0,68.5,11.0,11.0,15,4.3,5
2.0,0.1,1.0,South Dakota,45.0,43,47,45.0,43.8,44.0,45,0.0,0.0,46.9,47.5,50.5,49.0,28.0,28.0,13.5,13.0,18,4.4,5
2.0,0.01,1.0,Kansas,45.0,45,45,45.0,38.3,37.5,43,0.9,2.0,50.9,49.0,59.8,58.5,28.0,28.0,28.2,26.0,36,21.6,27
2.0,0.01,2.0,Kansas,45.0,39,49,45.0,40.0,39.0,45,0.4,1.0,50.0,49.0,55.7,54.0,28.0,28.0,31.9,31.5,42,23.3,26
0.5,0.05,0.5,Iowa,45.0,45,45,45.0,28.4,28.5,32,0.9,1.0,47.0,47.0,50.9,51.0,29.9,28.0,85.0,84.5,93,50.3,55
0.5,0.25,0.5,Iowa,45.0,45,45,45.0,31.6,31.0,35,1.0,1.0,47.0,47.0,50.8,51.0,28.0,28.0,87.6,87.5,95,50.3,52
0.5,0.05,1.0,Iowa,45.0,45,45,45.0,31.4,31.5,35,1.0,1.0,47.0,47.0,51.0,51.0,28.0,28.0,96.2,95.0,107,50.7,55
0.5,0.25,1.0,Iowa,45.0,45,45,45.0,33.3,33.0,36,1.0,1.0,47.0,47.0,50.7,51.0,28.0,28.0,92.3,91.0,102,51.0,53
0.5,0.1,0.5,Iowa,45.0,45,45,45.0,28.8,29.0,32,1.0,1.0,47.0,47.0,50.9,51.0,28.0,28.0,87.6,87.0,92,51.0,54
0.5,0.1,1.0,Iowa,45.0,45,45,45.0,31.0,31.0,34,1.0,1.0,47.0,47.0,51.0,51.0,28.0,28.0,93.1,93.0,99,52.4,55
1.0,0.25,0.5,Iowa,45.0,45,45,45.0,33.1,33.0,37,1.0,1.0,47.0,47.0,50.8,51.0,28.0,28.0,96.0,96.0,101,53.3,57
1.0,0.05,0.5,Iowa,45.0,45,45,45.0,32.3,32.5,37,1.0,1.0,47.0,47.0,51.0,51.0,29.9,28.0,95.1,95.0,105,53.5,59
1.0,0.1,0.5,Iowa,45.0,45,45,45.0,32.0,32.5,35,1.0,1.0,47.0,47.0,51.0,51.0,28.0,28.0,99.2,98.0,111,53.6,60
1.0,0.05,1.0,Iowa,45.0,45,45,45.0,32.0,33.0,35,1.0,1.0,47.0,47.0,51.0,51.0,28.0,28.0,106.4,107.5,114,53.8,56
1.0,0.25,1.0,Iowa,45.0,45,45,45.0,33.5,33.5,38,1.0,1.0,47.0,47.0,50.7,51.0,28.0,28.0,107.4,108.0,114,54.2,58
2.0,0.1,0.5,Iowa,45.0,45,45,45.0,32.6,32.5,36,1.0,1.0,47.0,47.0,51.0,51.0,28.0,28.0,103.8,102.0,117,54.8,58
2.0,0.05,0.5,Iowa,45.0,45,45,45.0,31.7,31.5,34,1.0,1.0,47.0,47.0,51.0,51.0,31.8,28.0,104.1,104.5,110,55.0,57
1.0,0.25,2.0,Iowa,45.0,45,45,45.0,33.0,33.5,36,1.0,1.0,47.0,47.0,50.5,50.5,28.0,28.0,104.5,104.5,111,55.2,59
2.0,0.25,0.5,Iowa,45.0,45,45,45.0,32.7,32.0,36,1.0,1.0,47.0,47.0,50.6,51.0,28.0,28.0,103.8,104.0,109,55.4,60
0.5,0.1,2.0,Iowa,45.0,45,45,45.0,31.3,31.5,34,1.0,1.0,47.0,47.0,51.0,51.0,28.0,28.0,103.4,103.5,111,55.8,62
0.5,0.25,2.0,Iowa,45.0,45,45,45.0,31.3,31.5,34,1.0,1.0,47.0,47.0,50.7,51.0,28.0,28.0,103.5,102.0,108,56.3,60
2.0,0.25,2.0,Iowa,45.0,45,45,45.0,32.7,33.0,34,1.0,1.0,47.0,47.0,50.9,51.0,28.0,28.0,106.4,106.0,115,56.3,58
1.0,0.1,2.0,Iowa,45.0,45,45,45.0,31.6,31.5,35,1.0,1.0,47.0,47.0,50.9,51.0,28.0,28.0,103.1,102.0,109,56.5,62
2.0,0.25,1.0,Iowa,45.0,45,45,45.0,32.3,32.0,36,1.0,1.0,47.0,47.0,51.0,51.0,28.0,28.0,107.6,108.0,113,56.7,60
2.0,0.05,1.0,Iowa,45.0,45,45,45.0,31.9,32.0,36,0.9,1.0,47.0,47.0,50.8,51.0,31.8,28.0,106.7,107.5,116,56.8,60
1.0,0.1,1.0,Iowa,45.0,45,45,45.0,30.4,30.5,33,1.0,1.0,47.0,47.0,51.0,51.0,28.0,28.0,108.4,107.0,123,56.9,60
2.0,0.05,2.0,Iowa,45.0,45,45,45.0,31.5,31.0,36,0.9,1.0,47.0,47.0,50.9,51.0,31.8,28.0,108.6,108.0,119,57.5,60
2.0,0.1,2.0,Iowa,45.0,45,45,45.0,31.4,31.5,35,1.0,1.0,47.0,47.0,50.8,51.0,29.9,28.0,106.9,107.0,119,57.5,61
2.0,0.1,1.0,Iowa,45.0,45,45,45.0,31.1,30.5,36,1.0,1.0,47.0,47.0,50.8,51.0,28.0,28.0,107.6,108.0,117,57.9,62
0.5,0.01,1.0,Kansas,45.2,39,49,45.0,29.1,30.5,32,0.6,2.0,50.4,49.0,55.8,54.0,28.0,28.0,12.0,12.0,15,13.1,17
0.5,0.01,1.0,Iowa,45.2,45,47,45.0,31.8,31.0,36,0.7,2.0,47.7,47.0,51.0,51.0,45.4,47.0,80.3,78.5,88,44.6,48
0.5,0.05,2.0,Iowa,45.2,45,47,45.0,31.0,32.0,34,0.9,1.0,47.2,47.0,50.9,51.0,29.9,28.0,101.4,102.0,114,55.2,61
1.0,0.05,2.0,Iowa,45.2,45,47,45.0,31.4,31.0,34,0.9,1.0,47.2,47.0,50.9,51.0,28.0,28.0,105.5,107.0,115,56.1,59
2.0,0.01,0.5,Kansas,45.3,39,48,45.0,36.4,36.5,40,0.4,1.0,48.9,49.0,54.1,54.0,28.0,28.0,26.6,26.0,33,21.3,24
0.5,0.05,2.0,South Dakota,45.4,43,47,47.0,40.7,41.0,42,0.0,0.0,48.8,50.0,51.2,51.0,86.0,90.0,10.9,11.0,13,3.2,6
1.0,0.1,0.5,South Dakota,45.4,43,47,47.0,37.9,38.0,40,0.0,0.0,47.2,48.0,49.6,49.5,63.5,53.0,11.9,12.0,14,3.3,4
2.0,0.1,2.0,South Dakota,45.4,43,47,47.0,44.7,44.5,47,0.0,0.0,48.1,48.0,49.6,49.5,28.0,28.0,13.6,14.0,17,3.9,5
2.0,0.01,2.0,Georgia,45.4,42,70,42.0,35.3,35.0,38,0.3,1.0,80.8,91.0,100.6,106.0,102.5,78.5,4.5,4.0,8,8.1,12
0.5,0.01,0.5,Kansas,45.4,45,49,45.0,24.1,24.0,27,0.7,2.0,50.7,49.0,54.0,54.0,31.5,28.0,11.4,11.5,16,10.0,13
2.0,0.05,1.0,Arizona,45.5,45,50,45.0,8.3,8.0,9,0.6,1.0,53.0,53.0,60.7,64.0,32.1,28.0,4.7,5.0,6,2.7,3
2.0,0.1,0.5,Idaho,45.5,41,55,42.0,6.7,7.0,8,2.2,10.0,53.0,52.0,62.5,54.0,28.0,28.0,56.6,57.0,64,19.4,22
1.0,0.01,0.5,Kansas,45.7,45,49,45.0,30.6,30.5,36,0.8,2.0,49.9,49.0,57.4,54.0,28.0,28.0,19.8,19.5,24,15.4,20
0.5,0.1,1.0,Idaho,45.7,41,51,45.5,5.5,5.5,6,1.1,3.0,51.0,51.0,52.6,52.0,28.0,28.0,50.8,49.5,57,15.6,16
2.0,0.05,0.5,Arizona,45.8,45,53,45.0,8.8,9.0,9,0.2,1.0,53.0,53.0,57.4,53.0,28.0,28.0,4.3,4.0,6,2.2,3
0.5,0.1,0.5,South Dakota,45.8,43,47,47.0,31.5,32.0,32,0.0,0.0,47.6,48.0,50.0,50.0,62.2,53.0,7.5,8.0,10,2.2,4
1.0,0.05,1.0,Arizona,45.8,45,53,45.0,8.4,8.5,9,0.3,1.0,53.3,53.0,62.9,64.0,36.2,28.0,3.8,4.0,5,2.6,4
1.0,0.05,1.0,South Dakota,45.8,43,47,47.0,42.4,42.0,43,0.0,0.0,48.5,48.0,51.8,52.5,61.6,53.0,12.8,12.5,16,3.1,4
1.0,0.05,1.0,Idaho,45.8,41,55,41.0,5.8,6.0,7,1.9,9.0,54.4,53.5,72.1,59.0,28.0,28.0,52.8,52.0,64,18.8,20
2.0,0.05,2.0,Idaho,45.8,41,55,41.0,6.4,6.0,9,1.1,3.0,53.8,53.5,67.0,57.0,28.0,28.0,54.9,55.0,66,20.0,22
0.5,0.05,1.0,South Dakota,45.9,43,48,47.0,35.2,35.5,37,0.0,0.0,48.4,48.0,50.7,50.0,79.7,84.0,8.6,9.0,10,2.7,5
2.0,0.05,2.0,South Dakota,45.9,43,48,47.0,43.9,44.0,47,0.0,0.0,48.3,48.0,50.9,50.0,28.0,28.0,13.4,14.0,16,4.2,6
2.0,0.01,1.0,Georgia,46.0,42,78,42.0,35.5,36.0,38,0.2,1.0,67.0,44.0,103.0,106.0,122.1,79.0,4.6,5.0,7,6.8,10
0.5,0.1,2.0,Ohio,46.0,46,46,46.0,61.4,62.0,64,0.2,2.0,56.0,56.0,60.2,61.0,63.4,62.0,20.8,19.0,27,12.7,15
2.0,0.1,2.0,Ohio,46.0,46,46,46.0,64.0,64.0,67,0.2,2.0,56.0,56.0,62.4,64.0,61.3,58.0,22.9,22.5,27,13.5,17
0.5,0.25,2.0,Ohio,46.0,46,46,46.0,61.8,61.5,67,0.2,2.0,55.3,56.0,56.8,56.0,58.3,58.0,21.4,20.5,27,14.6,17
0.5,0.25,0.5,Ohio,46.0,46,46,46.0,52.1,52.0,55,0.6,2.0,55.3,56.0,58.9,56.0,57.8,58.0,19.2,19.5,21,15.1,18
1.0,0.25,0.5,Ohio,46.0,46,46,46.0,58.9,59.0,62,0.6,2.0,54.6,56.0,56.0,56.0,56.8,54.0,21.7,21.5,29,15.7,19
2.0,0.25,2.0,Ohio,46.0,46,46,46.0,62.3,62.5,65,0.0,0.0,55.3,56.0,56.6,56.0,60.2,62.0,24.0,24.0,29,15.7,21
1.0,0.25,1.0,Ohio,46.0,46,46,46.0,60.4,60.0,63,0.2,2.0,56.0,56.0,59.4,57.0,61.0,62.0,21.3,21.5,27,15.9,19
0.5,0.25,1.0,Ohio,46.0,46,46,46.0,58.1,57.5,61,0.6,2.0,55.3,56.0,57.5,56.0,56.2,54.0,21.0,20.5,27,16.1,18
1.0,0.25,2.0,Ohio,46.0,46,46,46.0,61.2,61.0,63,0.8,2.0,56.0,56.0,56.8,56.0,57.2,54.0,24.4,24.5,30,16.2,18
2.0,0.25,0.5,Ohio,46.0,46,46,46.0,60.6,59.5,66,0.6,2.0,54.6,56.0,57.7,56.0,55.9,54.0,23.1,22.0,29,16.2,19
2.0,0.25,1.0,Ohio,46.0,46,46,46.0,61.4,61.5,63,0.6,2.0,56.0,56.0,57.6,56.0,59.1,62.0,23.7,24.5,27,16.6,18
1.0,0.1,2.0,Idaho,46.0,41,55,45.5,6.9,7.5,10,1.6,4.0,53.3,52.0,70.4,55.0,28.0,28.0,59.1,59.5,66,19.3,22
0.5,0.1,1.0,California,46.0,46,46,46.0,3.4,3.0,6,25.2,29.0,93.4,98.0,109.0,104.0,28.0,28.0,59.5,59.0,65,31.6,34
0.5,0.25,1.0,California,46.0,46,46,46.0,3.5,3.5,5,25.5,29.0,91.9,97.0,125.33333333333333,104.0,28.0,28.0,56.5,56.5,63,32.6,35
1.0,0.1,0.5,California,46.0,46,46,46.0,3.8,3.5,6,24.7,28.0,91.5,99.0,178.77777777777777,104.0,28.0,28.0,60.6,60.5,65,33.2,35
1.0,0.25,0.5,California,46.0,46,46,46.0,3.6,4.0,5,24.9,32.0,98.9,97.0,145.0,104.0,28.0,28.0,59.8,59.5,64,34.6,35
2.0,0.25,0.5,California,46.0,46,46,46.0,4.5,5.0,5,25.6,29.0,91.7,97.0,175.4,117.5,28.0,28.0,58.6,58.5,63,34.6,36
0.5,0.25,2.0,California,46.0,46,46,46.0,4.4,4.0,6,26.9,33.0,106.1,97.0,187.0,104.0,28.0,28.0,61.6,61.5,66,35.0,37
1.0,0.25,2.0,California,46.0,46,46,46.0,4.4,4.0,6,25.6,29.0,92.6,98.0,189.4,155.5,28.0,28.0,58.4,58.5,62,35.5,37
2.0,0.01,1.0,Minnesota,46.0,42,76,42.0,30.0,30.0,40,0.3,1.0,53.0,47.5,54.4,48.5,33.7,28.0,71.8,72.0,87,41.7,49
1.0,0.01,2.0,Kansas,46.1,45,49,45.0,37.3,38.0,43,0.5,1.0,50.3,49.0,53.0,54.0,28.0,28.0,22.8,23.0,27,21.1,24
1.0,0.05,0.5,South Dakota,46.3,43,48,47.0,37.4,37.5,39,0.0,0.0,48.0,48.0,51.7,52.0,74.7,84.0,12.4,12.0,19,2.8,5
0.5,0.05,0.5,South Dakota,46.5,43,49,47.0,30.9,31.0,32,0.0,0.0,49.0,50.0,52.3,52.0,92.3,99.5,6.5,6.5,9,2.4,4
0.5,0.01,2.0,Kansas,46.6,45,49,45.0,35.3,35.5,38,0.3,1.0,52.1,49.0,57.0,55.0,28.0,28.0,19.3,19.5,21,16.7,21
1.0,0.01,1.0,Kansas,46.6,45,54,45.0,34.9,35.5,44,0.5,2.0,50.3,49.0,55.2,54.0,28.0,28.0,21.1,20.5,26,17.3,24
2.0,0.25,1.0,California,46.6,46,52,46.0,4.8,4.5,6,24.2,28.0,87.7,97.0,161.0,104.0,28.0,28.0,58.3,58.5,63,34.5,37
2.0,0.25,2.0,California,46.6,46,52,46.0,4.2,4.0,6,25.3,28.0,93.6,99.0,205.4,207.0,28.0,28.0,56.7,57.5,60,35.5,37
ALL,ALL,ALL,Iowa,46.669444444444444,45,88,45.0,31.28611111111111,31.0,38,1.1055555555555556,15.0,49.358333333333334,47.0,53.34722222222222,51.0,33.57222222222222,28.0,97.74444444444444,99.5,123,53.62777777777778,64
ALL,ALL,ALL,Arizona,46.675,45,79,45.0,7.747222222222222,8.0,10,0.5527777777777778,2.0,57.49722222222222,53.0,64.325,64.0,31.82777777777778,28.0,4.738888888888889,5.0,11,3.0388888888888888,7
1.0,0.05,0.5,Idaho,46.7,41,55,45.5,5.9,6.0,8,2.1,10.0,54.4,53.5,72.5,61.5,28.0,28.0,46.5,49.0,59,17.4,20
2.0,0.25,0.5,Colorado,46.8,45,49,46.0,26.8,27.0,29,0.0,0.0,49.7,49.0,50.8,51.0,28.0,28.0,35.5,33.5,42,5.8,7
0.5,0.1,0.5,California,46.9,46,55,46.0,4.1,4.0,5,20.0,28.0,77.1,64.0,97.33333333333333,101.0,28.0,28.0,48.0,49.0,53,29.3,31
1.0,0.25,2.0,Nevada,47.0,47,47,47.0,5.0,5.0,5,0.0,0.0,58.6,59.0,67.7,65.0,,,0.0,0.0,0,0.0,0
2.0,0.25,1.0,Nevada,47.0,47,47,47.0,5.0,5.0,5,0.0,0.0,58.4,59.0,65.9,65.0,,,0.0,0.0,0,0.0,0
2.0,0.05,0.5,South Dakota,47.0,43,50,47.0,42.6,42.5,44,0.0,0.0,48.8,48.5,52.7,52.0,28.0,28.0,12.2,12.5,17,3.6,5
0.5,0.1,0.5,Ohio,47.0,46,56,46.0,49.7,50.0,52,0.4,2.0,56.1,56.0,62.1,64.0,63.6,62.0,19.3,19.0,23,11.7,16
1.0,0.1,0.5,Ohio,47.0,46,56,46.0,59.9,60.0,64,0.2,2.0,56.0,56.0,60.2,61.0,62.5,62.0,20.3,20.5,24,12.4,17
2.0,0.1,1.0,Ohio,47.0,46,56,46.0,61.9,62.5,66,0.2,2.0,56.1,56.0,62.7,64.0,66.2,66.5,23.4,23.0,30,14.5,18
1.0,0.1,1.0,Ohio,47.0,46,56,46.0,61.0,61.0,64,0.0,0.0,56.0,56.0,61.1,63.5,64.0,62.0,19.6,20.5,24,14.6,16
1.0,0.1,2.0,Ohio,47.0,46,56,46.0,61.6,62.0,65,0.2,2.0,56.2,56.0,62.4,64.0,62.2,62.0,21.7,23.0,27,14.7,18
2.0,0.05,1.0,South Dakota,47.2,43,50,47.0,44.3,44.5,47,0.0,0.0,49.6,50.0,52.5,52.0,28.0,28.0,12.1,13.0,15,4.1,6
1.0,0.01,0.5,Minnesota,47.2,42,76,42.0,28.2,28.0,35,0.6,2.0,57.4,48.0,60.6,53.5,32.0,28.0,58.8,59.5,69,37.7,43
1.0,0.01,0.5,Georgia,47.5,42,91,42.0,20.2,20.0,25,0.2,1.0,79.6,78.0,108.8,106.0,130.5,115.0,3.3,3.0,7,3.3,8
0.5,0.25,0.5,California,47.5,46,61,46.0,3.1,3.0,5,22.7,32.0,86.7,97.0,98.57142857142857,104.0,28.0,28.0,45.5,47.0,53,31.0,33
1.0,0.05,2.0,South Dakota,47.6,43,50,47.0,44.2,44.0,46,0.0,0.0,49.4,50.0,52.9,53.0,28.0,28.0,12.5,13.0,16,3.6,5
1.0,0.01,2.0,Nebraska,47.6,43,53,48.0,34.5,34.5,40,0.0,0.0,54.7,53.5,59.5,58.5,116.4,76.0,6.8,6.0,12,10.4,14
0.5,0.05,2.0,California,47.6,46,62,46.0,4.9,5.0,7,20.9,28.0,87.3,88.5,127.5,104.0,28.0,28.0,64.3,64.0,71,31.6,33
1.0,0.25,1.0,California,47.6,46,62,46.0,5.0,5.0,7,21.7,28.0,84.6,97.0,134.2,104.0,28.0,28.0,60.2,60.0,66,33.9,36
1.0,0.25,2.0,Colorado,47.7,46,51,47.5,27.9,28.0,30,0.0,0.0,50.0,50.0,51.0,51.0,28.0,28.0,34.7,35.0,40,4.9,6
0.5,0.25,1.0,Colorado,47.7,45,49,49.0,21.8,22.5,23,0.0,0.0,49.8,50.5,50.7,51.0,28.0,28.0,29.0,28.5,34,5.5,8
1.0,0.25,0.5,Colorado,47.7,45,51,49.0,22.8,23.0,24,0.1,1.0,50.0,51.0,51.0,51.0,28.0,28.0,31.1,31.0,38,6.1,9
2.0,0.25,0.5,Nevada,47.8,47,51,47.0,5.0,5.0,5,0.0,0.0,58.6,59.0,67.7,65.0,,,0.0,0.0,0,0.0,0
0.5,0.25,2.0,Colorado,47.9,45,49,49.0,25.9,26.0,28,0.0,0.0,50.1,50.0,51.1,51.0,28.0,28.0,35.2,34.0,41,5.7,8
2.0,0.25,2.0,Colorado,47.9,45,49,49.0,26.7,26.5,29,0.0,0.0,50.2,50.5,51.5,51.0,28.0,28.0,36.1,36.0,41,6.1,8
1.0,0.05,2.0,Idaho,47.9,41,55,50.0,6.8,7.0,8,0.6,3.0,52.9,51.0,64.6,52.0,28.0,28.0,56.1,55.0,65,19.1,22
1.0,0.1,1.0,California,47.9,46,61,46.0,5.6,6.0,7,18.7,27.0,80.4,88.5,97.6,104.0,28.0,28.0,61.2,61.5,69,32.7,35
2.0,0.01,2.0,Nebraska,48.0,43,59,48.0,35.7,36.0,39,0.0,0.0,54.6,54.0,63.1,63.0,94.9,75.0,7.0,7.0,10,12.4,16
2.0,0.1,0.5,Ohio,48.0,46,56,46.0,60.3,60.0,64,0.5,2.0,56.9,56.0,62.5,64.0,60.8,62.0,22.6,23.0,27,15.1,17
ALL,ALL,ALL,Idaho,48.105555555555554,41,99,41.0,6.388888888888889,6.0,16,2.838888888888889,13.0,57.230555555555554,55.0,72.98611111111111,63.0,28.34722222222222,28.0,51.24722222222222,54.0,80,17.858333333333334,24
0.5,0.25,1.0,Nevada,48.2,47,51,47.0,5.0,5.0,5,0.0,0.0,58.2,59.0,65.9,65.0,,,0.0,0.0,0,0.0,0
1.0,0.25,0.5,Nevada,48.2,47,51,47.0,5.0,5.0,5,0.0,0.0,59.0,59.0,66.4,65.0,,,0.0,0.0,0,0.0,0
0.5,0.25,2.0,Nevada,48.2,47,51,47.0,5.0,5.0,5,0.0,0.0,54.6,59.0,64.4,65.0,,,0.0,0.0,0,0.0,0
0.5,0.05,2.0,Idaho,48.2,41,55,50.0,7.4,7.0,10,1.8,11.0,52.8,52.0,60.4,55.0,28.0,28.0,56.5,57.0,66,17.5,20
2.0,0.05,1.0,Idaho,48.2,41,55,51.0,6.5,6.5,8,0.9,3.0,55.8,55.0,64.4,62.0,28.0,28.0,53.8,55.5,64,19.5,22
ALL,ALL,ALL,South Dakota,48.205555555555556,43,90,47.0,39.44166666666667,41.0,47,0.0,0.0,50.90555555555556,48.0,53.66111111111111,50.0,54.81111111111111,53.0,10.808333333333334,11.0,19,3.5972222222222223,7
0.5,0.25,0.5,Colorado,48.3,45,49,49.0,20.6,20.0,24,0.0,0.0,51.1,51.0,51.8,51.0,28.0,28.0,25.8,26.0,30,5.0,7
0.5,0.1,2.0,Colorado,48.3,45,50,49.0,24.4,24.0,27,0.0,0.0,51.8,51.0,53.7,52.0,28.0,28.0,35.9,37.0,39,6.4,9
2.0,0.01,0.5,Arizona,48.4,45,68,45.0,7.7,8.0,9,0.3,1.0,65.6,64.0,82.0,71.5,28.0,28.0,6.3,7.0,10,3.2,7
0.5,0.01,1.0,Nebraska,48.4,43,57,48.0,24.0,23.5,27,0.0,0.0,56.1,54.0,62.1,63.0,100.0,75.0,1.8,2.0,4,4.1,6
1.0,0.25,1.0,Colorado,48.4,46,49,49.0,26.6,27.0,28,0.0,0.0,50.4,51.0,51.5,51.0,28.0,28.0,32.5,32.0,37,5.7,8
1.0,0.01,0.5,Nebraska,48.5,32,63,50.0,27.6,28.0,32,0.7,4.0,57.1,55.5,63.5,65.5,86.9,75.0,3.7,3.5,6,6.0,10
2.0,0.1,0.5,Colorado,48.5,45,51,49.0,25.6,25.5,29,0.0,0.0,51.1,51.0,53.1,52.0,28.0,28.0,34.4,34.0,46,6.2,9
2.0,0.25,2.0,Nevada,48.6,47,51,47.0,5.0,5.0,5,0.0,0.0,55.6,59.0,63.4,65.0,,,0.0,0.0,0,0.0,0
1.0,0.1,0.5,Colorado,48.6,45,49,49.0,20.9,21.0,22,0.0,0.0,50.7,51.0,51.4,51.0,28.0,28.0,30.6,30.0,36,6.8,8
0.5,0.01,0.5,Georgia,48.8,42,106,42.0,11.7,12.0,14,0.2,1.0,61.5,44.0,100.0,106.0,95.0,77.0,2.2222222222222223,2.0,4,1.0,2
0.5,0.1,0.5,Colorado,48.8,45,51,49.0,19.9,20.0,21,0.0,0.0,50.9,51.0,52.0,51.0,30.5,28.0,25.6,26.0,28,4.5,5
0.5,0.1,1.0,Colorado,48.8,45,51,49.0,20.7,21.0,23,0.0,0.0,50.9,51.0,51.7,51.5,28.0,28.0,30.0,30.5,34,5.9,7
2.0,0.1,1.0,Colorado,48.8,45,51,49.0,26.3,26.5,28,0.0,0.0,52.0,51.0,54.8,52.0,28.0,28.0,37.1,36.5,44,6.0,8
0.5,0.05,1.0,Idaho,48.9,41,55,52.5,5.7,6.0,8,1.2,4.0,57.2,58.5,68.7,63.0,28.0,28.0,42.1,42.5,54,15.5,18
2.0,0.05,0.5,Idaho,48.9,41,55,51.5,6.7,7.0,8,1.8,8.0,56.6,55.0,69.6,63.0,28.0,28.0,52.8,53.0,64,18.6,20
0.5,0.25,0.5,Oklahoma,49.0,49,49,49.0,15.0,14.5,17,0.0,0.0,55.5,56.0,60.3,61.5,28.0,28.0,3.6,4.0,6,1.6,2
0.5,0.25,1.0,Oklahoma,49.0,49,49,49.0,20.4,20.5,22,0.0,0.0,54.0,56.0,58.7,59.0,28.0,28.0,7.5,7.5,12,3.1,4
1.0,0.25,0.5,Oklahoma,49.0,49,49,49.0,22.6,22.5,25,0.0,0.0,55.0,56.0,59.2,57.0,34.8,28.0,7.3,7.5,10,3.2,4
2.0,0.25,1.0,Colorado,49.0,49,49,49.0,26.7,27.0,28,0.0,0.0,50.7,51.0,51.6,51.0,28.0,28.0,32.6,32.0,37,6.1,8
0.5,0.25,2.0,Oklahoma,49.0,49,49,49.0,27.2,27.5,30,0.0,0.0,55.5,56.0,58.8,57.0,28.0,28.0,11.3,11.5,13,7.3,8
2.0,0.25,1.0,Oklahoma,49.0,49,49,49.0,36.5,36.0,38,0.0,0.0,56.0,56.0,62.1,62.0,28.0,28.0,13.4,13.5,16,8.7,10
1.0,0.25,2.0,Oklahoma,49.0,49,49,49.0,33.9,34.5,35,0.0,0.0,53.5,53.5,58.5,56.5,28.0,28.0,14.1,14.0,17,9.6,11
2.0,0.25,2.0,Oklahoma,49.0,49,49,49.0,37.3,38.0,39,0.0,0.0,55.0,56.0,59.3,57.0,28.0,28.0,16.0,15.5,19,10.3,12
0.5,0.1,1.0,Ohio,49.0,46,56,46.0,56.2,56.5,57,0.2,2.0,56.7,56.0,62.3,64.0,66.9,66.5,20.1,18.5,25,13.8,17
2.0,0.1,0.5,California,49.1,46,62,46.0,5.0,4.5,7,18.8,28.0,78.1,64.0,120.0,101.5,28.0,28.0,60.2,61.5,68,32.5,35
2.0,0.1,0.5,Oklahoma,49.2,49,51,49.0,31.3,31.5,33,0.0,0.0,56.0,56.0,65.0,62.0,28.0,28.0,11.2,11.0,18,5.7,8
1.0,0.1,1.0,Colorado,49.3,46,51,49.0,24.9,25.0,27,0.0,0.0,51.4,51.0,52.2,51.0,28.0,28.0,35.2,35.0,40,6.7,8
0.5,0.25,2.0,Wisconsin,49.4,49,53,49.0,38.5,38.0,43,0.0,0.0,52.6,53.0,53.1,53.0,28.0,28.0,72.5,72.5,79,24.4,27
2.0,0.25,0.5,Wisconsin,49.4,49,53,49.0,36.3,37.0,41,0.0,0.0,52.2,53.0,53.3,53.0,28.0,28.0,70.5,71.0,81,26.2,33
0.5,0.25,1.0,Wisconsin,49.4,49,53,49.0,36.0,36.5,40,0.0,0.0,52.7,53.0,53.4,53.0,33.9,28.0,68.4,68.0,73,26.8,32
0.5,0.1,2.0,California,49.4,46,62,46.0,5.4,5.0,9,17.7,28.0,79.7,80.5,122.6,104.0,28.0,28.0,61.6,62.5,71,32.8,35
2.0,0.01,1.0,Arizona,49.5,45,68,45.0,7.4,7.0,10,0.0,0.0,69.2,58.5,88.1,78.0,28.0,28.0,5.6,5.0,9,3.4,5
2.0,0.1,2.0,California,49.5,46,61,46.0,5.2,5.0,7,20.8,28.0,88.6,99.0,111.4,104.0,28.0,28.0,58.0,59.5,66,32.8,35
1.0,0.1,0.5,Oklahoma,49.7,49,56,49.0,21.1,21.0,23,0.0,0.0,57.1,56.0,65.3,67.0,52.8,28.0,6.5,6.5,9,2.7,4
0.5,0.01,0.5,Nebraska,49.7,32,63,52.0,19.8,20.0,23,0.2,1.0,56.3,55.0,63.4,63.0,74.85714285714286,75.0,0.9,1.0,2,4.1,6
0.5,0.1,2.0,Oklahoma,49.7,49,56,49.0,26.1,26.0,29,0.0,0.0,56.6,56.0,63.4,62.0,28.0,28.0,10.0,9.5,13,5.0,6
2.0,0.1,2.0,Colorado,49.7,46,57,49.0,25.8,26.0,29,0.0,0.0,51.9,51.0,53.5,52.0,28.0,28.0,36.0,36.0,41,6.3,9
1.0,0.25,1.0,Oklahoma,49.7,49,56,49.0,29.2,29.5,31,0.0,0.0,55.1,56.0,60.3,59.5,28.0,28.0,12.5,13.0,15,6.6,8
0.5,0.05,2.0,Colorado,49.7,46,51,50.0,22.5,22.5,24,0.0,0.0,51.9,51.0,53.3,52.0,30.8,28.0,35.8,35.0,40,7.5,8
2.0,0.1,2.0,Oklahoma,49.7,49,56,49.0,35.2,35.0,37,0.0,0.0,56.4,56.0,61.4,61.5,28.0,28.0,17.5,16.5,23,10.1,11
1.0,0.05,1.0,Colorado,49.8,45,57,49.0,24.3,24.5,26,0.3,3.0,54.3,52.0,56.5,54.5,28.0,28.0,34.0,33.0,51,6.7,8
2.0,0.01,1.0,Nebraska,49.8,43,63,48.0,36.4,37.0,40,0.0,0.0,58.3,58.5,64.4,64.0,119.8,90.0,6.6,6.0,10,10.7,16
1.0,0.05,2.0,Ohio,49.8,46,64,46.0,60.3,60.5,64,0.0,0.0,58.5,56.0,64.5,64.0,68.9,72.5,21.8,20.5,28,14.6,19
1.0,0.05,1.0,Ohio,49.8,46,64,46.0,59.3,60.5,63,0.0,0.0,59.7,56.0,65.8,64.5,73.2,76.0,19.8,19.5,25,14.8,21
1.0,0.25,1.0,Wisconsin,49.8,49,53,49.0,38.7,38.5,43,0.0,0.0,52.6,53.0,53.3,53.0,28.0,28.0,70.2,70.5,78,23.9,28
1.0,0.25,0.5,Wisconsin,49.8,49,53,49.0,37.8,37.0,42,0.0,0.0,52.7,53.0,53.2,53.0,28.0,28.0,70.6,70.5,74,24.9,27
2.0,0.05,2.0,Colorado,49.9,46,57,49.0,25.2,25.0,27,0.0,0.0,54.3,54.5,56.3,56.0,28.0,28.0,37.8,36.5,44,6.3,7
2.0,0.01,2.0,Iowa,49.9,45,79,45.0,28.9,28.5,33,0.6,3.0,52.8,49.0,58.3,52.0,48.5,47.0,98.2,99.5,111,58.2,63
1.0,0.1,2.0,Colorado,50.0,49,57,49.0,25.6,26.0,27,0.0,0.0,53.5,51.0,54.3,51.5,28.0,28.0,35.8,36.5,39,6.3,7
2.0,0.05,0.5,Ohio,50.0,46,56,46.0,59.7,60.0,65,0.3,2.0,60.0,60.0,65.6,64.5,68.8,76.0,19.7,20.0,23,15.0,21
0.5,0.25,0.5,Nevada,50.2,47,63,49.0,4.4,4.0,5,0.0,0.0,58.0,59.0,66.9,65.0,,,0.0,0.0,0,0.0,0
1.0,0.1,0.5,Nevada,50.2,47,51,51.0,5.0,5.0,5,0.0,0.0,59.4,61.0,73.3,72.5,,,0.0,0.0,0,0.0,0
0.5,0.1,0.5,Nevada,50.2,47,51,51.0,4.3,4.0,5,0.0,0.0,61.2,61.0,70.4,65.0,,,0.0,0.0,0,0.0,0
1.0,0.25,2.0,Wisconsin,50.2,49,53,49.0,38.8,38.5,45,0.0,0.0,51.8,53.0,53.3,53.0,28.0,28.0,67.3,66.0,74,23.5,28
2.0,0.25,2.0,Wisconsin,50.2,49,53,49.0,39.0,39.5,42,0.0,0.0,52.7,53.0,53.2,53.0,28.0,28.0,69.7,68.5,78,24.6,29
2.0,0.25,1.0,Wisconsin,50.2,49,53,49.0,35.8,35.5,39,0.0,0.0,53.2,53.0,53.4,53.0,28.0,28.0,68.4,67.5,71,27.1,30
0.5,0.05,0.5,Idaho,50.3,41,55,55.0,5.4,6.0,7,0.8,3.0,58.5,62.0,65.9,63.0,28.0,28.0,37.2,37.5,44,14.9,17
1.0,0.25,1.0,Nevada,50.4,47,65,49.0,5.0,5.0,5,0.0,0.0,59.3,60.0,68.3,65.0,,,0.0,0.0,0,0.0,0
0.5,0.25,2.0,Wyoming,50.4,47,54,51.0,12.3,12.0,13,0.0,0.0,53.8,53.0,56.8,54.0,114.9,115.0,3.1,3.0,4,1.0,1
0.5,0.1,0.5,Oklahoma,50.4,49,56,49.0,13.7,14.0,15,0.0,0.0,56.6,56.0,65.2,64.5,35.111111111111114,28.0,2.9,3.0,5,1.5,2
1.0,0.05,0.5,Oklahoma,50.4,49,56,49.0,20.1,20.0,23,0.0,0.0,58.8,56.0,68.4,67.0,40.0,28.0,6.7,7.0,9,2.2,4
1.0,0.1,2.0,Oklahoma,50.4,49,56,49.0,33.4,33.0,36,0.0,0.0,57.7,56.0,65.6,67.0,28.0,28.0,12.1,12.0,15,7.7,10
0.5,0.01,2.0,Iowa,50.4,45,68,47.0,31.8,31.0,37,1.3,4.0,54.3,50.0,58.6,51.5,44.2,47.0,87.3,86.5,99,49.1,52
0.5,0.01,2.0,Arizona,50.5,45,78,45.0,7.4,7.5,9,0.2,1.0,77.7,77.5,90.4,79.0,28.0,28.0,6.4,7.0,8,3.4,5
1.0,0.05,2.0,California,50.5,46,62,46.0,6.1,6.0,9,14.8,28.0,71.0,64.0,122.2,97.5,28.0,28.0,59.8,62.5,68,30.5,35
1.0,0.1,1.0,Nevada,50.6,47,63,51.0,5.0,5.0,5,0.0,0.0,59.7,61.0,76.4,81.5,,,0.0,0.0,0,0.0,0
1.0,0.25,0.5,Wyoming,50.6,47,53,51.0,12.1,12.0,13,0.0,0.0,53.5,53.5,56.0,55.0,110.8,114.0,2.7,3.0,4,1.0,1
2.0,0.25,0.5,Oklahoma,50.6,49,56,49.0,33.5,33.5,36,0.0,0.0,57.2,56.0,62.0,59.5,28.0,28.0,12.0,12.0,16,7.9,11
0.5,0.1,2.0,Wisconsin,50.6,49,53,49.0,39.0,39.5,42,0.0,0.0,53.0,53.0,54.1,54.0,28.0,28.0,66.6,67.0,71,23.4,29
0.5,0.01,0.5,Iowa,50.6,45,68,47.0,26.0,27.0,29,2.5,10.0,58.0,51.0,64.5,61.0,45.2,48.0,73.0,70.0,80,45.1,50
1.0,0.01,1.0,Arizona,50.7,45,64,49.0,7.7,8.0,10,0.0,0.0,69.9,70.5,76.9,78.0,28.0,28.0,7.1,7.5,11,3.0,6
2.0,0.1,0.5,Wisconsin,50.7,49,54,49.0,36.6,37.0,41,0.0,0.0,53.5,53.0,54.5,54.0,28.0,28.0,63.0,62.0,77,25.8,31
2.0,0.25,2.0,Wyoming,50.8,47,53,52.0,12.6,13.0,13,0.0,0.0,53.5,53.5,55.0,55.0,111.9,114.5,4.6,5.0,5,1.0,1
1.0,0.01,0.5,Arizona,50.9,45,74,45.0,7.2,7.5,9,0.0,0.0,65.5,64.0,76.2,77.5,28.0,28.0,5.9,5.5,10,3.2,5
0.5,0.1,1.0,Nevada,51.0,51,51,51.0,5.0,5.0,5,0.0,0.0,60.4,61.0,75.5,81.5,,,0.0,0.0,0,0.0,0
2.0,0.1,2.0,Nevada,51.0,47,63,51.0,5.0,5.0,5,0.0,0.0,61.0,61.0,70.6,65.5,,,0.0,0.0,0,0.0,0
1.0,0.05,0.5,Colorado,51.0,45,57,51.0,20.8,20.5,23,0.0,0.0,54.3,52.0,56.2,54.0,28.0,28.0,29.4,30.0,34,6.4,8
2.0,0.05,1.0,Ohio,51.0,46,56,51.0,61.2,61.5,64,0.0,0.0,60.6,60.0,65.4,64.5,70.3,76.0,22.7,22.5,25,13.9,18
2.0,0.05,2.0,Ohio,51.0,46,56,51.0,60.9,61.0,65,0.0,0.0,60.1,60.0,64.8,64.5,74.1,76.0,20.4,21.0,25,14.1,18
0.5,0.25,0.5,Wisconsin,51.0,49,53,51.0,34.1,34.0,39,0.0,0.0,51.7,53.0,53.6,53.5,57.0,57.5,58.3,58.0,64,26.1,30
0.5,0.1,1.0,Oklahoma,51.1,49,56,49.0,17.3,17.5,19,0.0,0.0,58.3,56.0,65.1,64.5,33.2,28.0,6.1,6.0,8,2.1,3
1.0,0.1,1.0,Oklahoma,51.1,49,56,49.0,27.8,28.0,29,0.0,0.0,58.4,56.0,64.9,64.5,28.0,28.0,11.9,12.0,15,5.9,7
2.0,0.1,1.0,Oklahoma,51.1,49,56,49.0,35.0,35.0,37,0.0,0.0,57.3,56.0,63.8,62.0,28.0,28.0,13.1,13.0,18,7.2,8
0.5,0.05,1.0,Colorado,51.2,45,57,49.0,19.3,19.0,21,0.0,0.0,54.3,54.5,58.9,60.0,31.4,28.0,25.5,26.0,28,6.0,8
2.0,0.01,0.5,Nebraska,51.2,43,63,50.0,34.4,34.0,40,0.0,0.0,55.4,54.0,61.8,63.0,101.0,75.0,5.8,6.0,8,9.0,11
1.0,0.1,2.0,Wisconsin,51.2,49,54,51.0,38.7,40.0,42,0.0,0.0,53.9,53.5,54.8,54.0,28.0,28.0,66.7,67.5,74,23.6,28
2.0,0.1,1.0,California,51.2,46,62,46.0,5.4,5.0,8,18.4,28.0,81.4,80.5,119.7,104.0,28.0,28.0,58.6,56.5,73,32.6,35
0.5,0.25,0.5,Wyoming,51.3,47,56,51.0,11.2,11.0,12,0.0,0.0,54.6,53.0,55.8,54.0,101.0,101.0,1.0,1.0,1,0.0,0
2.0,0.05,0.5,Oklahoma,51.3,49,56,49.0,29.9,30.0,34,0.0,0.0,58.3,56.0,67.8,67.0,28.0,28.0,13.1,13.5,17,5.7,7
2.0,0.25,1.0,Wyoming,51.4,47,53,53.0,12.5,12.5,13,0.0,0.0,53.6,54.0,55.2,56.0,102.7,114.0,3.6,4.0,4,1.0,1
1.0,0.05,2.0,Colorado,51.4,49,57,51.0,24.8,25.0,27,0.0,0.0,53.5,51.0,54.6,52.0,28.0,28.0,35.2,37.0,39,6.5,7
2.0,0.05,0.5,Colorado,51.4,46,58,49.0,24.7,24.0,26,0.0,0.0,55.2,54.5,57.7,57.0,30.5,28.0,35.7,34.5,43,6.7,8
0.5,0.25,1.0,Wyoming,51.5,47,54,51.0,12.2,12.0,13,0.0,0.0,53.6,53.0,55.8,54.0,110.0,114.0,1.6,2.0,2,0.0,0
2.0,0.01,0.5,Iowa,51.6,45,68,47.0,30.0,30.0,36,2.5,15.0,58.8,51.5,62.8,57.0,50.3,50.0,94.7,94.5,104,54.3,61
2.0,0.05,1.0,Colorado,51.7,49,57,49.5,24.9,24.0,28,0.0,0.0,54.5,54.5,56.5,57.5,34.0,28.0,33.9,33.5,40,6.3,8
2.0,0.01,1.0,Iowa,51.7,45,79,46.0,30.9,31.5,35,0.8,3.0,54.8,48.0,58.8,52.0,47.8,47.0,94.8,95.5,102,54.9,64
1.0,0.25,2.0,Wyoming,51.8,47,53,53.0,12.3,12.0,13,0.0,0.0,53.6,54.0,55.2,56.0,114.3,115.0,3.2,3.0,4,1.0,1
0.5,0.01,1.0,South Dakota,51.8,47,57,50.0,30.7,31.0,32,0.0,0.0,55.0,56.5,57.9,60.0,95.7,103.0,7.0,7.0,11,1.9,4
0.5,0.05,2.0,Oklahoma,51.8,49,56,49.0,25.3,26.0,27,0.0,0.0,61.6,56.0,68.8,73.0,33.6,28.0,10.3,10.5,15,4.5,8
2.0,0.05,1.0,Oklahoma,51.8,49,56,49.0,32.6,32.0,36,0.0,0.0,61.0,56.0,69.8,71.0,28.0,28.0,14.6,13.0,20,6.5,8
2.0,0.05,2.0,Oklahoma,51.8,49,56,49.0,33.6,33.0,37,0.0,0.0,60.0,56.0,68.8,73.0,34.0,28.0,14.6,13.5,20,8.6,10
1.0,0.05,0.5,Ohio,51.8,46,64,51.0,58.1,59.5,62,0.0,0.0,61.0,64.0,65.7,65.0,72.4,76.0,17.6,18.0,24,12.5,16
0.5,0.05,2.0,Ohio,51.8,46,64,51.0,59.1,59.0,63,0.3,2.0,59.4,56.0,64.5,64.5,73.4,76.0,20.7,20.0,25,14.4,18
1.0,0.25,1.0,Wyoming,51.9,47,56,52.0,12.2,12.0,13,0.0,0.0,55.2,53.5,56.8,55.0,111.5,115.0,3.5,3.0,5,1.0,1
ALL,ALL,ALL,Oklahoma,51.958333333333336,49,73,49.0,24.916666666666668,26.0,39,0.0,0.0,60.92777777777778,56.0,68.37222222222222,67.0,34.36619718309859,28.0,9.570224719101123,10.0,23,4.575,12
0.5,0.05,2.0,Nevada,52.0,47,65,51.0,5.0,5.0,5,0.0,0.0,61.5,61.0,74.0,74.0,,,0.0,0.0,0,0.0,0
0.5,0.05,1.0,Ohio,52.0,46,56,56.0,55.9,54.5,64,0.0,0.0,61.3,64.0,67.0,66.5,70.3,76.0,19.0,19.0,23,12.9,16
0.5,0.1,1.0,Wisconsin,52.0,49,54,53.0,36.7,36.5,41,0.0,0.0,53.9,54.0,55.9,55.0,31.1,28.0,62.4,63.0,79,25.5,28
2.0,0.25,0.5,Wyoming,52.1,47,54,53.0,12.3,12.0,13,0.0,0.0,53.9,54.0,56.4,56.0,105.8,114.0,3.7,4.0,5,1.0,1
1.0,0.1,2.0,California,52.1,46,62,46.0,5.9,6.0,7,15.9,26.0,75.5,64.0,93.8,100.5,28.0,28.0,60.2,61.0,70,32.2,34
1.0,0.1,1.0,Wisconsin,52.2,49,54,53.0,37.9,38.0,43,0.0,0.0,53.7,54.0,54.8,54.5,28.0,28.0,65.0,63.0,82,24.2,29
1.0,0.05,0.5,California,52.2,46,62,46.0,4.4,5.0,6,15.9,29.0,82.7,64.0,110.77777777777777,88.0,28.0,28.0,57.5,57.0,65,30.4,34
0.5,0.1,2.0,Nevada,52.3,47,66,51.0,5.0,5.0,5,0.0,0.0,62.0,61.0,72.7,67.5,,,0.0,0.0,0,0.0,0
1.0,0.1,0.5,Wyoming,52.3,47,54,53.5,11.9,12.0,12,0.0,0.0,54.8,55.0,62.6,66.0,112.0,109.0,2.7,3.0,4,0.8,1
1.0,0.1,0.5,Wisconsin,52.3,49,54,53.0,37.7,38.0,43,0.0,0.0,54.0,54.0,55.0,54.0,28.0,28.0,65.4,65.5,71,24.0,28
0.5,0.1,0.5,Wisconsin,52.3,49,54,53.0,33.6,33.0,38,0.0,0.0,53.9,54.0,54.9,55.0,56.7,59.0,52.8,52.5,59,24.4,28
ALL,ALL,ALL,Ohio,52.35,46,102,46.0,57.40555555555556,59.0,67,0.20277777777777778,2.0,63.141666666666666,56.0,69.05,64.0,73.02777777777777,69.0,19.427777777777777,20.0,30,13.166666666666666,21
0.5,0.25,2.0,Utah,52.4,44,62,50.0,15.1,15.0,16,0.0,0.0,68.0,74.0,76.4,78.0,89.2,84.0,6.4,6.5,8,2.8,4
2.0,0.25,0.5,North Dakota,52.4,46,57,56.0,23.1,23.0,25,0.1,1.0,67.7,57.0,70.5,61.0,80.6,89.0,7.9,8.0,10,3.1,4
0.5,0.01,2.0,Nebraska,52.4,43,63,54.0,32.2,33.0,34,0.0,0.0,59.9,63.0,64.3,67.0,99.1,75.0,5.3,5.5,8,7.0,9
2.0,0.1,1.0,Wisconsin,52.4,49,54,53.0,36.8,37.0,41,0.0,0.0,53.9,54.0,55.1,55.0,28.0,28.0,64.9,65.5,76,25.7,28
ALL,ALL,ALL,Colorado,52.46388888888889,45,83,49.0,22.586111111111112,23.0,30,0.15,6.0,56.46944444444444,51.0,59.68055555555556,52.0,29.552777777777777,28.0,31.03611111111111,32.0,51,6.305555555555555,12
2.0,0.1,2.0,Wyoming,52.5,47,56,53.0,12.3,12.0,13,0.0,0.0,56.9,55.0,61.8,66.0,104.2,101.0,5.6,5.0,7,0.9,1
0.5,0.05,1.0,Oklahoma,52.5,49,56,52.5,17.2,17.0,20,0.0,0.0,62.2,59.0,70.0,70.0,39.6,28.0,6.2,6.0,9,1.8,4
1.0,0.05,2.0,Oklahoma,52.5,49,56,52.5,30.9,31.0,34,0.0,0.0,61.5,61.5,68.6,68.0,28.0,28.0,12.6,11.5,18,6.2,8
2.0,0.1,2.0,Wisconsin,52.5,49,54,53.0,37.8,38.5,42,0.0,0.0,54.6,54.0,56.2,55.0,28.0,28.0,61.6,61.5,66,25.4,31
1.0,0.01,2.0,Arizona,52.6,45,79,45.0,7.6,8.0,9,0.0,0.0,68.2,64.0,85.4,78.0,28.0,28.0,7.0,7.0,11,3.3,5
1.0,0.25,0.5,Michigan,52.6,47,58,51.0,47.7,49.0,53,0.1,1.0,57.3,58.0,58.4,58.0,67.4,72.0,16.1,15.5,20,11.7,22
1.0,0.05,1.0,California,52.7,46,62,48.0,5.5,5.5,7,13.6,27.0,71.3,64.0,123.4,98.0,28.0,28.0,60.2,60.0,71,30.9,33
0.5,0.1,2.0,Wyoming,52.8,47,56,53.0,12.1,12.0,13,0.0,0.0,57.1,54.0,59.8,56.0,107.7,108.0,3.5,3.5,5,1.0,1
0.5,0.05,0.5,Colorado,52.8,45,57,53.5,17.2,17.0,19,0.4,2.0,57.2,57.5,60.6,60.0,28.0,28.0,22.7,22.0,30,4.9,6
0.5,0.05,2.0,Wisconsin,52.8,49,54,54.0,38.7,38.5,40,0.0,0.0,54.8,54.0,56.9,55.0,28.0,28.0,66.3,66.5,71,23.1,26
0.5,0.25,1.0,Massachusetts,53.0,53,53,53.0,8.7,9.0,9,0.0,0.0,75.7,75.0,82.5,78.5,71.0,71.0,1.6,1.0,3,0.0,0
1.0,0.1,0.5,Massachusetts,53.0,53,53,53.0,7.7,8.0,9,0.0,0.0,85.0,89.0,95.8,93.0,71.0,71.0,1.7,2.0,2,0.0,0
0.5,0.1,1.0,Massachusetts,53.0,53,53,53.0,8.1,8.0,9,0.0,0.0,83.2,82.0,95.0,93.0,71.0,71.0,1.6,2.0,2,0.0,0
1.0,0.25,0.5,Massachusetts,53.0,53,53,53.0,8.6,9.0,9,0.1,1.0,75.0,75.0,83.5,85.5,71.0,71.0,1.8,2.0,2,0.1,1
0.5,0.25,2.0,Massachusetts,53.0,53,53,53.0,8.8,9.0,9,0.2,1.0,75.0,75.0,86.8,89.0,71.0,71.0,1.5,1.0,3,0.3,1
1.0,0.25,2.0,Massachusetts,53.0,53,53,53.0,8.7,9.0,9,0.3,1.0,75.7,75.0,88.6,89.0,70.8,71.0,1.5,1.0,3,0.4,1
2.0,0.25,0.5,Massachusetts,53.0,53,53,53.0,8.5,8.5,9,0.4,1.0,74.3,75.0,85.5,85.5,70.8,71.0,1.7,1.5,3,0.4,1
1.0,0.1,1.0,Wyoming,53.0,47,56,53.0,12.2,12.0,14,0.0,0.0,55.7,54.0,60.3,56.0,98.1,101.0,4.0,4.0,5,0.9,1
1.0,0.25,0.5,Utah,53.0,44,62,50.0,14.9,15.0,16,0.0,0.0,69.7,74.0,76.1,78.0,89.2,84.0,7.5,8.0,8,2.6,4
0.5,0.01,1.0,Arizona,53.0,45,68,45.0,7.1,8.0,10,0.0,0.0,72.5,77.5,96.5,86.0,28.0,28.0,5.4,5.5,9,2.9,6
0.5,0.1,1.0,Oregon,53.0,53,53,53.0,15.3,15.0,18,0.0,0.0,53.5,53.0,56.2,58.0,62.0,62.0,7.4,7.0,10,4.5,6
1.0,0.1,0.5,Oregon,53.0,53,53,53.0,15.3,16.0,17,0.1,1.0,54.0,53.0,54.7,53.0,64.8,62.0,7.1,6.5,10,4.9,7
1.0,0.25,0.5,Oregon,53.0,53,53,53.0,15.2,15.0,17,0.0,0.0,53.0,53.0,53.2,53.0,62.0,62.0,5.7,6.0,7,6.5,8
0.5,0.25,1.0,Oregon,53.0,53,53,53.0,14.4,14.0,16,0.0,0.0,53.0,53.0,53.0,53.0,62.0,62.0,5.7,5.5,9,6.8,8
0.5,0.25,2.0,Oregon,53.0,53,53,53.0,16.5,17.0,18,0.0,0.0,53.0,53.0,53.7,53.0,62.0,62.0,6.2,6.5,8,6.8,8
2.0,0.25,0.5,Oregon,53.0,53,53,53.0,17.5,17.0,19,0.0,0.0,53.0,53.0,53.0,53.0,62.0,62.0,5.9,6.0,8,7.1,8
1.0,0.25,2.0,Oregon,53.0,53,53,53.0,17.8,18.0,20,0.0,0.0,53.0,53.0,53.2,53.0,62.0,62.0,5.2,5.0,8,7.2,8
2.0,0.25,1.0,Oregon,53.0,53,53,53.0,17.2,17.0,18,0.0,0.0,53.7,53.0,53.8,53.0,62.0,62.0,5.1,4.5,10,7.8,9
2.0,0.25,2.0,Oregon,53.0,53,53,53.0,17.0,17.0,18,0.0,0.0,53.7,53.0,54.3,53.0,62.0,62.0,6.7,6.5,9,7.9,9
0.5,0.1,1.0,Pennsylvania,53.0,53,53,53.0,45.5,45.0,48,0.0,0.0,62.4,63.0,66.6,67.0,46.5,46.5,34.7,35.5,39,10.1,12
0.5,0.25,2.0,Pennsylvania,53.0,53,53,53.0,47.7,48.0,50,0.0,0.0,62.4,63.0,66.6,67.0,28.0,28.0,39.4,39.5,49,11.7,15
2.0,0.25,2.0,Pennsylvania,53.0,53,53,53.0,47.6,47.5,51,0.0,0.0,63.4,63.0,67.0,67.0,28.0,28.0,34.8,34.5,39,11.9,15
2.0,0.25,1.0,Pennsylvania,53.0,53,53,53.0,47.2,47.0,50,0.0,0.0,61.8,63.0,66.6,67.0,28.0,28.0,36.0,35.0,43,12.0,16
1.0,0.25,0.5,Pennsylvania,53.0,53,53,53.0,45.5,45.0,48,0.0,0.0,61.2,63.0,65.8,67.0,28.0,28.0,36.7,37.0,45,12.1,14
1.0,0.25,2.0,Pennsylvania,53.0,53,53,53.0,46.8,47.5,49,0.0,0.0,62.4,63.0,66.6,67.0,28.0,28.0,36.2,36.5,41,12.6,15
0.5,0.25,1.0,Michigan,53.0,47,58,53.0,45.0,46.0,48,0.0,0.0,57.3,58.0,58.2,58.0,69.1,72.0,15.8,15.5,18,12.7,16
2.0,0.25,0.5,Pennsylvania,53.0,53,53,53.0,46.2,46.0,50,0.0,0.0,61.8,63.0,66.2,67.0,28.0,28.0,36.3,37.0,38,13.0,17
0.5,0.25,2.0,Michigan,53.1,47,58,51.0,52.3,52.5,55,0.2,2.0,57.7,58.0,59.0,58.0,69.4,72.0,15.8,16.0,19,13.7,19
2.0,0.05,2.0,Wisconsin,53.1,49,54,53.5,38.9,39.0,44,0.0,0.0,55.3,54.5,58.9,59.0,28.0,28.0,58.3,60.5,64,23.7,29
1.0,0.01,2.0,Iowa,53.1,45,88,45.0,32.0,30.0,38,0.4,1.0,55.6,47.0,59.1,51.0,41.7,37.5,90.1,89.5,106,52.4,57
ALL,ALL,ALL,California,53.11666666666667,46,108,46.0,4.886111111111111,5.0,9,16.462395543175486,33.0,83.34261838440112,80.0,125.15072463768117,104.0,28.47222222222222,28.0,59.17777777777778,60.0,78,30.944444444444443,37
0.5,0.05,0.5,Oklahoma,53.2,49,56,56.0,12.3,12.0,15,0.0,0.0,62.9,64.5,69.3,73.0,58.0,56.0,3.8,4.0,6,1.8,2
1.0,0.05,1.0,Oklahoma,53.2,49,56,56.0,27.2,27.0,29,0.0,0.0,61.7,62.0,69.0,67.0,28.0,28.0,11.3,11.0,15,4.1,6
2.0,0.25,0.5,Michigan,53.2,47,58,53.0,52.3,52.0,57,0.3,2.0,57.4,58.0,58.6,58.0,63.0,72.0,17.7,18.5,22,14.3,21
2.0,0.05,0.5,Wisconsin,53.2,49,54,54.0,38.5,39.0,44,0.0,0.0,55.2,54.0,58.2,60.0,28.0,28.0,62.2,63.0,70,23.5,29
2.0,0.05,1.0,Wisconsin,53.2,49,54,54.0,37.2,37.0,42,0.0,0.0,55.7,54.5,57.0,55.0,28.0,28.0,62.6,62.5,72,24.9,28
0.5,0.1,1.0,Wyoming,53.3,53,54,53.0,12.0,12.0,13,0.0,0.0,54.6,54.0,59.0,56.0,107.66666666666667,109.0,1.7777777777777777,2.0,3,0.0,0
1.0,0.25,2.0,Washington,53.3,52,57,52.5,16.4,16.0,18,0.0,0.0,57.0,57.0,59.4,59.0,28.0,28.0,14.4,14.5,18,10.6,12
ALL,ALL,ALL,Wisconsin,53.325,49,99,53.0,37.56388888888889,38.0,52,0.005555555555555556,1.0,58.16388888888889,54.0,60.62777777777778,55.0,31.805555555555557,28.0,62.0,63.0,82,23.675,33
2.0,0.1,0.5,Nevada,53.4,47,65,51.0,5.0,5.0,5,0.0,0.0,61.6,61.0,69.4,65.0,,,0.0,0.0,0,0.0,0
0.5,0.01,0.5,Arizona,53.4,45,79,45.0,6.3,6.5,8,0.3,2.0,79.0,71.0,96.9,85.0,28.0,28.0,4.1,4.0,6,3.4,5
0.5,0.25,0.5,Pennsylvania,53.4,53,57,53.0,42.5,42.5,45,0.0,0.0,62.8,63.0,66.6,67.0,54.3,65.0,29.9,29.5,34,11.8,14
0.5,0.05,0.5,Wisconsin,53.4,49,54,54.0,32.9,33.0,37,0.0,0.0,56.6,56.0,58.7,60.0,60.1,63.0,51.2,51.0,59,24.6,28
0.5,0.1,0.5,Wyoming,53.5,51,56,53.5,10.6,11.0,11,0.0,0.0,55.9,55.0,60.8,61.0,101.0,101.0,1.0,1.0,1,0.0,0
2.0,0.1,1.0,Nevada,53.6,47,66,51.0,5.0,5.0,5,0.0,0.0,62.4,61.0,75.3,80.0,,,0.0,0.0,0,0.0,0
2.0,0.1,0.5,Wyoming,53.6,51,56,54.0,12.3,12.0,13,0.0,0.0,57.0,56.0,62.1,66.0,107.2,105.0,4.2,4.5,5,1.0,1
1.0,0.25,0.5,North Dakota,53.6,46,57,57.0,21.1,21.0,23,0.2,1.0,67.9,60.5,74.7,83.0,78.1,89.0,4.1,4.0,7,3.0,4
0.5,0.05,0.5,Ohio,53.6,46,64,56.0,47.7,48.5,50,0.0,0.0,63.7,64.0,70.3,70.0,78.0,76.0,16.3,16.0,21,11.0,13
1.0,0.05,1.0,Wisconsin,53.6,53,54,54.0,38.4,38.5,42,0.0,0.0,55.8,54.5,58.0,58.0,28.0,28.0,59.2,60.5,67,23.0,26
0.5,0.05,1.0,Wisconsin,53.6,53,54,54.0,37.1,36.5,42,0.0,0.0,56.1,54.5,58.4,58.5,31.0,28.0,62.5,63.5,69,24.0,28
1.0,0.1,2.0,Wyoming,53.7,51,56,53.5,12.3,12.0,13,0.0,0.0,59.0,55.0,62.4,66.0,89.7,101.0,4.1,4.0,6,1.0,1
0.5,0.1,0.5,Oregon,53.7,53,60,53.0,12.1,12.0,14,0.1,1.0,54.5,53.0,57.6,56.5,64.8,62.0,6.4,6.5,9,3.1,5
1.0,0.05,0.5,Wisconsin,53.7,53,54,54.0,36.4,36.5,39,0.0,0.0,55.7,55.0,58.8,60.0,28.0,28.0,62.9,62.5,72,24.5,29
0.5,0.01,0.5,Oklahoma,53.8,49,62,56.0,6.7,7.0,9,0.0,0.0,67.8,70.0,84.6,75.5,76.0,92.0,3.375,3.5,4,0.4,1
2.0,0.1,1.0,Wyoming,53.8,51,56,53.0,12.3,12.0,13,0.0,0.0,58.4,55.0,62.1,61.0,96.2,101.0,4.5,5.0,6,1.0,1
0.5,0.25,1.0,Washington,53.8,52,57,53.0,15.7,16.0,18,0.0,0.0,56.8,57.0,59.5,59.0,28.0,28.0,11.5,11.5,16,8.4,12
0.5,0.25,0.5,Michigan,53.8,47,58,53.0,42.9,42.5,47,0.1,1.0,57.5,58.0,59.7,58.0,69.9,72.0,14.3,14.0,17,8.7,13
2.0,0.05,2.0,California,53.8,46,62,53.5,6.5,6.5,9,11.5,27.0,68.0,64.0,93.4,88.5,28.0,28.0,59.9,60.5,68,30.5,33
2.0,0.01,1.0,Oklahoma,53.9,49,56,56.0,25.0,24.5,29,0.0,0.0,66.9,73.0,75.4,74.0,34.4,28.0,9.3,8.0,14,3.0,5
1.0,0.01,1.0,Nebraska,53.9,43,69,52.0,32.3,32.0,35,0.0,0.0,59.1,58.5,64.5,64.0,105.0,76.0,4.5,4.5,6,7.7,11
2.0,0.25,2.0,Michigan,53.9,47,58,53.5,52.0,52.5,56,0.2,2.0,58.2,58.0,59.8,60.0,69.7,72.0,17.2,18.0,20,14.2,21
1.0,0.05,2.0,Wisconsin,53.9,53,54,54.0,38.3,38.5,40,0.0,0.0,56.6,55.0,58.7,59.0,28.0,28.0,61.6,61.5,75,23.6,28
2.0,0.05,0.5,California,53.9,46,62,53.5,5.6,5.5,9,13.0,26.0,73.9,64.0,97.5,97.5,28.0,28.0,57.9,58.0,61,30.9,33
1.0,0.05,2.0,Wyoming,54.0,47,56,54.0,12.2,12.0,13,0.0,0.0,61.8,61.0,67.1,66.0,101.4,101.0,5.7,6.0,7,0.8,1
1.0,0.1,2.0,Pennsylvania,54.0,53,63,53.0,49.4,49.0,52,0.2,2.0,65.0,65.0,67.5,67.0,35.4,28.0,34.1,34.5,38,8.7,11
2.0,0.25,0.5,Washington,54.0,52,57,53.0,17.0,17.0,20,0.0,0.0,57.5,57.0,59.8,59.0,28.0,28.0,12.5,12.0,17,9.9,12
2.0,0.1,2.0,Pennsylvania,54.0,53,63,53.0,47.3,47.5,53,0.2,2.0,64.6,63.0,68.0,67.0,31.7,28.0,34.0,34.5,39,10.6,16
0.5,0.25,1.0,Pennsylvania,54.0,53,63,53.0,45.0,45.0,47,0.2,2.0,62.8,63.0,67.1,67.0,28.0,28.0,37.8,37.5,42,12.3,14
0.5,0.25,0.5,Oregon,54.1,53,64,53.0,11.3,11.0,13,0.0,0.0,54.3,53.0,54.9,53.0,64.8,62.0,5.2,5.5,7,4.5,6
0.5,0.05,2.0,Oregon,54.1,53,64,53.0,16.6,17.0,18,0.0,0.0,56.5,53.0,59.9,58.0,67.6,62.0,8.4,8.0,11,4.8,7
1.0,0.1,1.0,Oregon,54.1,53,64,53.0,17.1,17.0,18,0.0,0.0,54.8,53.0,56.9,54.0,64.8,62.0,8.3,8.0,11,5.5,7
1.0,0.25,1.0,Oregon,54.1,53,64,53.0,17.3,17.0,19,0.0,0.0,54.9,53.0,57.0,53.0,64.8,62.0,6.2,6.0,9,6.2,7
0.5,0.01,2.0,Oklahoma,54.2,49,73,52.5,19.5,20.0,21,0.0,0.0,66.1,70.0,76.0,73.5,28.0,28.0,6.2,6.0,10,1.0,2
2.0,0.01,2.0,Arizona,54.2,45,68,53.0,7.6,8.0,9,0.0,0.0,71.0,70.5,80.6,78.5,28.0,28.0,7.5,7.5,10,3.4,6
0.5,0.25,2.0,North Dakota,54.3,46,57,56.0,22.7,23.0,24,0.0,0.0,60.3,57.0,73.7,82.0,84.1,89.0,4.6,5.0,6,3.9,5
1.0,0.25,1.0,Michigan,54.3,51,58,53.5,53.3,53.0,57,0.0,0.0,57.9,58.0,59.7,59.0,72.3,72.0,16.1,16.0,20,13.2,16
0.5,0.05,2.0,Wyoming,54.4,53,56,54.0,11.9,12.0,13,0.0,0.0,59.1,56.0,64.8,66.0,81.2,101.0,5.0,4.5,7,0.8,1
1.0,0.25,0.5,Washington,54.4,52,57,53.0,16.4,16.0,18,0.0,0.0,57.4,57.0,60.0,59.0,28.0,28.0,13.3,13.0,16,9.0,10
1.0,0.1,0.5,Pennsylvania,54.4,53,63,53.0,44.7,44.5,48,0.2,2.0,63.4,63.0,68.1,67.0,39.1,28.0,34.5,34.5,39,11.3,15
1.0,0.25,1.0,Pennsylvania,54.4,53,67,53.0,47.6,46.5,52,0.0,0.0,63.4,63.0,67.1,67.0,28.0,28.0,36.9,37.5,41,12.3,16
2.0,0.25,0.5,New York,54.4,54,55,54.0,13.5,13.5,15,0.0,0.0,56.6,55.0,60.3,59.0,28.0,28.0,198.9,197.0,216,36.4,39
1.0,0.05,0.5,Wyoming,54.5,53,56,54.0,11.7,12.0,13,0.0,0.0,60.4,56.0,65.6,66.0,93.3,99.5,3.7,4.0,5,1.0,1
2.0,0.25,2.0,North Dakota,54.5,46,57,56.5,23.5,23.0,25,0.2,1.0,67.8,59.0,80.1,84.0,88.0,94.0,8.0,8.0,10,4.0,5
0.5,0.25,2.0,New York,54.5,54,55,54.5,13.2,13.0,16,0.0,0.0,57.0,57.0,61.0,61.0,28.0,28.0,206.8,208.0,216,36.5,39
0.5,0.25,1.0,New York,54.5,54,55,54.5,11.9,11.5,15,0.0,0.0,57.0,57.0,61.0,61.0,28.0,28.0,195.1,196.0,208,37.0,39
1.0,0.25,2.0,New York,54.6,54,55,55.0,12.6,13.0,15,0.0,0.0,57.4,59.0,61.2,62.0,28.0,28.0,200.6,200.0,212,37.4,39
0.5,0.1,2.0,North Dakota,54.7,46,57,57.0,20.0,20.0,23,0.5,1.0,76.5,83.0,86.4,89.5,87.6,89.0,5.5,5.5,8,4.2,6
2.0,0.01,2.0,Idaho,54.7,41,70,55.0,7.7,8.0,12,0.2,2.0,65.1,65.5,99.5,71.0,28.0,28.0,40.6,40.0,54,16.4,22
0.5,0.25,0.5,New York,54.7,54,55,55.0,12.2,12.5,14,0.0,0.0,58.2,59.0,61.5,61.5,28.0,28.0,166.4,165.5,179,34.6,37
1.0,0.25,0.5,New York,54.7,54,55,55.0,12.4,12.0,14,0.0,0.0,57.8,59.0,61.7,63.0,28.0,28.0,192.4,193.5,209,36.4,40
1.0,0.25,1.0,New York,54.7,54,55,55.0,12.1,12.0,16,0.0,0.0,58.2,59.0,61.9,63.0,28.0,28.0,209.7,208.0,228,37.6,41
2.0,0.25,1.0,Utah,54.8,44,62,56.0,14.4,14.0,16,0.0,0.0,70.2,74.0,77.2,78.0,86.5,84.0,7.6,8.0,10,3.6,5
0.5,0.1,1.0,New York,54.8,54,55,55.0,12.8,13.0,15,0.0,0.0,58.2,59.0,62.0,63.0,28.0,28.0,188.2,185.5,204,35.3,39
2.0,0.25,2.0,Washington,54.9,52,57,55.0,17.4,17.0,19,0.0,0.0,57.6,58.0,60.3,60.5,28.0,28.0,12.8,13.0,15,9.6,11
1.0,0.1,0.5,New York,54.9,54,55,55.0,12.6,12.5,15,0.1,1.0,59.0,59.0,62.8,63.0,28.0,28.0,192.6,196.5,201,35.6,38
2.0,0.1,2.0,New York,54.9,54,59,54.5,12.1,12.0,16,0.0,0.0,58.6,59.0,62.9,63.0,28.0,28.0,198.8,199.0,212,37.5,41
2.0,0.05,0.5,Wyoming,55.0,53,56,56.0,12.0,12.0,13,0.0,0.0,63.6,66.0,67.7,68.5,102.6,101.0,4.4,4.0,6,0.9,1
1.0,0.01,1.0,Iowa,55.0,45,68,47.0,31.9,32.5,35,2.7,10.0,63.3,57.0,68.7,63.5,55.2,52.5,90.2,91.5,97,48.6,56
2.0,0.01,2.0,South Dakota,55.1,47,75,50.0,41.3,41.5,44,0.0,0.0,60.7,56.0,63.9,60.0,51.0,28.0,10.7,10.0,18,3.5,5
1.0,0.05,2.0,Nevada,55.2,51,65,51.0,5.0,5.0,5,0.0,0.0,62.9,62.0,76.3,81.5,,,0.0,0.0,0,0.0,0
0.5,0.25,0.5,Massachusetts,55.2,53,75,53.0,8.6,9.0,9,0.1,1.0,75.0,75.0,86.1,91.0,71.0,71.0,1.4444444444444444,1.0,2,0.1,1
1.0,0.25,1.0,Massachusetts,55.2,53,75,53.0,9.0,9.0,9,0.0,0.0,79.3,75.0,93.1,93.0,83.1,71.0,1.5,1.0,3,0.1,1
0.5,0.1,0.5,Massachusetts,55.2,53,75,53.0,8.0,8.0,9,0.1,1.0,85.4,91.0,97.8,101.0,72.7,71.0,1.1,1.0,2,0.1,1
2.0,0.25,1.0,Massachusetts,55.2,53,75,53.0,8.7,9.0,9,0.2,1.0,76.4,75.0,82.5,78.5,71.0,71.0,1.7777777777777777,2.0,3,0.5,2
2.0,0.25,2.0,Massachusetts,55.2,53,75,53.0,8.5,9.0,9,0.2,1.0,75.0,75.0,86.0,89.0,71.0,71.0,1.8888888888888888,2.0,3,0.6,2
2.0,0.1,2.0,Oregon,55.2,53,64,53.0,17.6,17.0,20,0.0,0.0,56.7,53.0,59.4,53.0,72.0,62.0,6.6,6.0,10,7.0,9
2.0,0.25,1.0,New York,55.2,54,59,55.0,11.9,12.0,15,0.0,0.0,58.6,59.0,62.4,63.0,28.0,28.0,202.6,205.0,211,38.0,42
0.5,0.05,1.0,Wyoming,55.3,53,56,56.0,11.8,12.0,12,0.0,0.0,64.8,66.0,69.2,71.0,100.6,101.0,2.7,3.0,4,0.0,0
2.0,0.05,2.0,Wyoming,55.3,53,60,55.0,12.2,12.0,13,0.0,0.0,61.8,61.0,67.6,66.0,93.9,101.0,6.1,5.5,10,0.8,1
1.0,0.01,2.0,South Dakota,55.3,47,90,50.5,40.1,40.5,42,0.0,0.0,60.4,56.0,64.6,58.5,56.9,28.0,10.5,11.0,13,4.2,6
2.0,0.05,1.0,California,55.3,46,62,61.0,6.3,6.5,8,11.1,26.0,71.0,64.0,90.2,80.0,28.0,28.0,59.3,57.5,68,30.0,33
2.0,0.1,0.5,New York,55.3,54,59,55.0,11.9,12.0,16,0.0,0.0,59.4,59.0,63.7,63.0,28.0,28.0,196.6,199.0,207,37.7,41
2.0,0.25,2.0,New York,55.3,54,59,55.0,11.0,11.0,14,0.0,0.0,59.4,59.0,63.2,63.0,28.0,28.0,199.1,199.5,209,39.0,42
2.0,0.25,2.0,Utah,55.4,44,62,62.0,14.9,15.0,16,0.0,0.0,67.8,70.5,76.8,78.0,83.0,84.0,8.4,8.0,11,3.3,5
0.5,0.1,2.0,Oregon,55.4,53,66,53.0,17.1,17.0,19,0.1,1.0,56.8,53.0,59.4,58.0,67.6,62.0,8.4,8.5,10,5.4,8
1.0,0.1,1.0,Pennsylvania,55.4,53,67,53.0,47.6,48.0,52,0.2,2.0,64.2,63.0,69.0,67.0,28.0,28.0,35.8,36.0,45,10.6,16
0.5,0.1,0.5,Pennsylvania,55.4,53,63,53.0,42.3,42.0,45,0.5,3.0,64.2,63.0,68.5,67.0,61.3,65.0,28.4,28.5,33,11.0,13
1.0,0.25,2.0,Michigan,55.4,51,58,57.0,54.0,54.0,57,0.0,0.0,58.3,58.0,60.2,59.0,67.6,72.0,17.3,17.0,21,12.4,15
0.5,0.25,0.5,Washington,55.5,52,59,57.0,15.0,15.0,17,0.0,0.0,58.3,59.0,60.8,62.0,55.0,55.0,9.8,10.0,11,6.8,9
2.0,0.25,1.0,Michigan,55.5,51,58,57.0,53.2,53.5,57,0.0,0.0,58.2,58.0,59.9,60.0,72.0,72.0,17.6,18.0,20,13.3,17
2.0,0.05,1.0,Wyoming,55.6,54,56,56.0,12.1,12.0,13,0.0,0.0,65.5,66.0,68.9,66.0,95.0,101.0,4.3,4.0,6,0.9,1
0.5,0.25,1.0,North Dakota,55.6,46,57,57.0,20.2,20.0,21,0.1,1.0,63.5,60.0,75.4,82.0,94.875,89.0,1.9,2.0,4,4.1,5
0.5,0.1,2.0,New York,55.6,54,59,55.0,11.2,12.0,14,0.0,0.0,59.8,59.0,64.6,63.0,28.0,28.0,200.0,201.0,208,38.1,42
2.0,0.1,1.0,New York,55.6,54,59,55.0,11.3,11.0,14,0.0,0.0,59.4,59.0,64.5,63.0,28.0,28.0,193.4,193.0,208,38.3,41
2.0,0.1,0.5,Oregon,55.7,53,64,53.0,18.2,18.5,20,0.0,0.0,56.4,53.0,59.8,58.0,67.6,62.0,7.0,7.0,9,6.2,8
0.5,0.25,2.0,Washington,55.7,52,57,57.0,15.6,16.0,18,0.0,0.0,58.4,59.0,61.1,62.0,28.0,28.0,13.0,12.0,16,10.4,12
2.0,0.1,0.5,Michigan,55.7,47,60,58.0,52.0,51.5,57,0.2,2.0,59.6,60.0,63.0,64.0,70.7,72.0,15.8,15.0,21,12.4,20
1.0,0.01,1.0,Wisconsin,55.7,54,71,54.0,38.4,36.0,48,0.1,1.0,73.3,68.5,78.5,79.5,28.0,28.0,61.6,61.5,69,22.1,28
0.5,0.1,0.5,New York,55.7,54,63,55.0,11.4,12.0,14,0.1,1.0,59.4,59.0,63.1,63.0,28.0,28.0,157.9,161.0,164,34.6,37
1.0,0.1,1.0,New York,55.7,54,59,55.0,11.4,12.0,14,0.1,1.0,59.8,59.0,64.4,63.0,28.0,28.0,202.9,202.0,214,38.4,42
0.5,0.1,0.5,North Dakota,55.8,46,57,57.0,14.1,14.5,16,0.6,1.0,78.0,84.0,85.3,90.0,87.2,89.0,2.5,2.0,5,3.2,4
0.5,0.25,0.5,North Dakota,55.8,46,57,57.0,16.1,16.0,18,0.1,1.0,66.7,61.0,79.0,82.0,85.375,89.0,1.9,2.0,3,3.4,4
1.0,0.1,0.5,North Dakota,55.8,46,57,57.0,18.5,19.0,20,0.8,1.0,79.8,84.0,89.5,89.0,97.6,89.0,3.8,4.0,5,3.6,5
0.5,0.05,2.0,New York,55.8,55,59,55.0,11.5,11.5,14,0.0,0.0,61.4,63.0,66.1,65.0,28.0,28.0,200.3,200.0,214,37.5,39
0.5,0.05,0.5,North Dakota,55.9,46,57,57.0,11.0,10.5,15,0.8,1.0,83.8,89.5,94.1,96.0,79.4,82.0,3.4,3.0,8,4.0,6
2.0,0.1,0.5,North Dakota,55.9,46,57,57.0,21.1,21.0,22,0.4,1.0,74.4,82.0,86.7,86.5,94.4,89.0,8.2,7.5,12,4.2,5
2.0,0.1,1.0,North Dakota,55.9,46,57,57.0,20.9,21.0,22,0.6,1.0,79.7,84.0,88.5,89.0,95.4,89.0,7.5,7.0,10,4.8,6
1.0,0.25,1.0,Washington,55.9,52,64,57.0,17.1,17.0,19,0.0,0.0,58.8,59.0,61.3,62.0,28.0,28.0,13.9,14.0,16,9.8,11
1.0,0.1,0.5,Michigan,55.9,51,58,58.0,47.2,47.5,50,0.0,0.0,58.8,58.0,61.4,60.0,72.0,72.0,13.2,14.0,16,11.4,15
0.5,0.01,1.0,Wisconsin,55.9,54,64,54.0,37.9,39.0,42,0.0,0.0,64.1,63.0,69.3,68.0,28.0,28.0,52.0,52.0,61,20.4,26
0.5,0.05,0.5,Wyoming,56.0,53,61,56.0,10.7,11.0,12,0.0,0.0,66.8,71.0,70.3,74.0,100.1,101.0,1.2,1.0,2,0.0,0
0.5,0.1,0.5,Montana,56.0,56,56,56.0,6.2,6.0,8,0.0,0.0,83.0,83.0,114.9,113.0,,,0.0,0.0,0,1.8,2
0.5,0.1,1.0,Montana,56.0,56,56,56.0,7.9,8.0,9,0.0,0.0,83.0,83.0,120.6,113.0,,,0.0,0.0,0,2.3,4
1.0,0.1,0.5,Montana,56.0,56,56,56.0,10.1,10.0,12,0.0,0.0,83.0,83.0,116.4,113.0,250.0,250.0,0.1,0.0,1,2.6,4
1.0,0.25,0.5,Montana,56.0,56,56,56.0,11.2,11.0,13,0.0,0.0,83.0,83.0,107.8,113.0,250.0,250.0,0.1,0.0,1,2.9,4
0.5,0.25,1.0,Montana,56.0,56,56,56.0,8.9,9.0,9,0.0,0.0,83.0,83.0,111.7,113.0,,,0.0,0.0,0,3.4,4
0.5,0.25,2.0,Montana,56.0,56,56,56.0,12.3,12.0,15,0.0,0.0,83.0,83.0,110.4,113.0,250.0,250.0,0.5,0.5,1,3.4,4
1.0,0.25,2.0,Montana,56.0,56,56,56.0,14.1,14.0,16,0.0,0.0,83.0,83.0,109.1,113.0,270.55555555555554,287.0,1.1,1.0,2,4.5,5
2.0,0.25,0.5,Montana,56.0,56,56,56.0,13.7,14.0,16,0.0,0.0,83.0,83.0,111.8,113.0,297.7,268.5,1.9,1.5,3,5.0,7
2.0,0.25,1.0,Montana,56.0,56,56,56.0,14.1,14.5,16,0.0,0.0,83.0,83.0,111.7,113.0,293.2,287.0,1.3,1.0,2,5.6,6
2.0,0.25,2.0,Montana,56.0,56,56,56.0,15.3,16.0,17,0.0,0.0,83.0,83.0,107.8,113.0,276.42857142857144,287.0,0.8,1.0,2,6.0,6
0.5,0.1,0.5,Michigan,56.0,47,58,58.0,41.6,41.5,45,0.3,2.0,58.8,58.0,61.9,60.0,69.7,72.0,13.9,14.0,17,7.5,10
0.5,0.05,2.0,Pennsylvania,56.0,53,63,53.0,47.8,47.5,51,0.6,2.0,65.4,67.0,69.2,67.0,53.6,65.0,32.2,33.0,37,8.7,11
0.5,0.1,1.0,Kentucky,56.0,56,56,56.0,37.6,38.0,40,0.0,0.0,63.8,65.0,72.3,74.0,79.5,82.0,14.6,15.0,17,8.8,11
0.5,0.25,1.0,Kentucky,56.0,56,56,56.0,41.4,42.0,45,0.0,0.0,62.0,62.0,64.9,65.0,74.0,74.0,18.3,17.5,24,9.0,11
1.0,0.1,0.5,Kentucky,56.0,56,56,56.0,40.0,40.0,42,0.0,0.0,62.8,62.0,64.9,65.0,74.0,74.0,19.9,19.5,26,9.9,12
1.0,0.25,0.5,Kentucky,56.0,56,56,56.0,43.4,43.5,47,0.0,0.0,62.0,62.0,65.8,65.0,73.5,74.0,21.4,20.5,27,10.1,12
0.5,0.25,2.0,Kentucky,56.0,56,56,56.0,49.1,49.0,53,0.0,0.0,62.3,62.0,64.7,65.0,73.0,75.0,28.0,28.0,30,10.6,13
2.0,0.25,2.0,Kentucky,56.0,56,56,56.0,55.3,54.5,60,0.0,0.0,62.0,62.0,64.8,65.0,73.6,73.0,32.9,33.0,36,10.8,14
2.0,0.1,1.0,Pennsylvania,56.0,53,63,53.0,47.6,47.0,51,0.4,2.0,65.4,67.0,69.8,67.0,31.7,28.0,34.1,34.5,38,10.9,13
1.0,0.25,2.0,Kentucky,56.0,56,56,56.0,51.9,52.0,56,0.0,0.0,62.0,62.0,64.8,65.0,74.4,75.0,31.4,31.5,35,11.5,16
2.0,0.25,1.0,Kentucky,56.0,56,56,56.0,52.5,52.5,57,0.0,0.0,62.3,62.0,66.4,65.0,74.3,73.0,31.6,31.5,34,11.5,14
2.0,0.25,0.5,Kentucky,56.0,56,56,56.0,51.4,51.5,53,0.0,0.0,62.0,62.0,64.7,65.0,72.4,73.0,32.2,33.0,35,11.8,14
2.0,0.01,1.0,Wisconsin,56.0,54,73,54.0,39.7,39.0,47,0.0,0.0,67.2,64.0,73.6,70.0,40.1,28.0,56.7,57.0,70,20.7,26
2.0,0.25,1.0,Washington,56.2,53,57,57.0,16.9,17.0,19,0.0,0.0,58.6,59.0,61.4,62.0,28.0,28.0,11.9,11.5,15,10.1,12
0.5,0.01,1.0,Idaho,56.2,41,68,55.0,7.3,7.5,10,0.6,4.0,67.3,65.5,76.5,71.0,28.0,28.0,24.2,24.5,34,12.6,16
2.0,0.1,1.0,Michigan,56.2,47,58,58.0,51.7,52.5,55,0.1,1.0,58.8,58.0,62.4,60.0,71.6,72.0,14.9,14.5,20,13.7,24
1.0,0.05,0.5,North Dakota,56.3,46,61,57.0,14.9,15.0,17,0.7,1.0,81.4,84.0,91.9,90.0,82.2,89.0,3.8,4.0,6,4.5,6
2.0,0.01,2.0,Oklahoma,56.3,49,73,56.0,25.9,26.0,29,0.0,0.0,69.5,73.0,77.1,76.0,28.0,28.0,13.0,13.5,18,5.0,7
1.0,0.1,2.0,Michigan,56.3,51,60,58.0,53.6,54.0,57,0.0,0.0,60.3,60.0,64.0,64.0,60.4,72.0,16.6,16.0,20,11.6,14
1.0,0.05,0.5,Nevada,56.4,47,66,52.0,5.0,5.0,5,0.0,0.0,63.6,62.0,77.6,83.0,,,0.0,0.0,0,0.0,0
1.0,0.05,1.0,Nevada,56.4,47,66,51.0,5.0,5.0,5,0.0,0.0,64.4,63.0,76.1,81.5,,,0.0,0.0,0,0.0,0
2.0,0.25,1.0,North Dakota,56.4,56,57,56.0,23.8,24.0,25,0.0,0.0,60.6,57.0,77.1,83.0,92.1,89.0,8.2,8.0,10,2.9,4
2.0,0.1,0.5,Pennsylvania,56.4,53,67,53.0,47.0,47.0,50,0.4,2.0,64.2,63.0,70.1,67.0,28.0,28.0,34.0,33.5,39,10.6,15
0.5,0.1,2.0,Pennsylvania,56.4,53,67,53.0,47.2,47.0,49,0.4,2.0,65.0,65.0,69.3,67.0,36.9,28.0,35.8,35.5,42,10.7,13
1.0,0.05,1.0,Pennsylvania,56.4,53,67,53.0,45.2,45.5,48,0.3,2.0,65.8,67.0,69.6,67.0,49.2,46.5,28.9,29.0,34,11.3,14
1.0,0.25,2.0,Indiana,56.4,54,59,57.0,62.5,63.0,65,0.0,0.0,60.2,59.0,62.8,63.0,28.0,28.0,26.5,27.5,35,15.0,18
0.5,0.01,0.5,Wisconsin,56.4,54,64,54.0,32.3,31.0,40,0.0,0.0,73.0,70.0,78.5,72.0,46.8,28.0,41.2,42.5,47,22.8,27
1.0,0.1,2.0,New York,56.4,54,63,55.0,11.6,11.5,15,0.1,1.0,61.1,59.0,65.9,63.0,28.0,28.0,199.5,202.0,212,38.3,41
1.0,0.1,2.0,Nevada,56.5,51,66,51.0,5.0,5.0,5,0.0,0.0,63.0,62.0,70.6,66.0,,,0.0,0.0,0,0.0,0
1.0,0.25,2.0,North Dakota,56.5,56,57,56.5,22.9,23.0,25,0.0,0.0,60.9,58.5,74.2,82.0,91.1,89.0,8.6,8.5,11,3.7,5
2.0,0.1,1.0,Oregon,56.5,53,66,53.0,18.3,18.0,22,0.0,0.0,58.1,55.5,61.2,59.0,73.2,62.0,7.1,7.0,8,6.2,8
0.5,0.25,2.0,Florida,56.5,55,63,56.0,13.5,14.0,15,0.9,2.0,63.0,63.0,63.9,63.0,28.0,28.0,31.4,31.5,36,20.1,23
1.0,0.05,1.0,Wyoming,56.6,51,71,55.0,12.1,12.0,13,0.0,0.0,62.6,66.0,68.5,68.5,86.3,99.5,5.2,5.0,6,0.9,1
2.0,0.25,0.5,Utah,56.6,44,62,62.0,14.9,15.0,16,0.0,0.0,72.8,74.0,78.2,78.0,84.0,84.0,8.3,8.5,10,3.1,6
0.5,0.1,0.5,Washington,56.6,53,57,57.0,15.3,15.5,17,0.0,0.0,59.1,59.0,62.1,62.0,43.4,28.0,8.8,8.5,11,6.2,8
0.5,0.25,0.5,Kentucky,56.6,56,62,56.0,38.2,37.5,42,0.0,0.0,62.0,62.0,64.8,65.0,74.2,75.0,14.6,14.5,17,6.7,10
0.5,0.1,0.5,Kentucky,56.6,56,62,56.0,34.3,35.0,37,0.0,0.0,63.2,62.0,67.8,65.0,75.8,75.0,12.0,11.5,15,6.7,9
0.5,0.1,1.0,Washington,56.6,53,57,57.0,15.5,15.5,17,0.0,0.0,59.7,59.0,62.3,62.0,28.0,28.0,12.3,12.5,16,8.2,10
1.0,0.1,1.0,Kentucky,56.6,56,62,56.0,45.0,43.5,50,0.0,0.0,63.2,62.0,66.2,65.0,77.0,75.0,27.1,27.5,30,10.2,13
1.0,0.25,1.0,Kentucky,56.6,56,62,56.0,48.8,48.5,53,0.0,0.0,62.9,62.0,65.4,65.0,73.0,73.0,29.8,30.0,32,11.3,13
2.0,0.1,2.0,Michigan,56.6,51,58,58.0,52.3,52.0,57,0.0,0.0,59.2,60.0,63.5,64.0,74.4,72.0,17.0,16.0,22,12.9,19
2.0,0.01,1.0,Idaho,56.6,51,68,55.0,8.8,8.5,14,0.0,0.0,68.3,68.5,75.2,72.0,28.0,28.0,35.2,34.0,47,15.4,19
2.0,0.01,2.0,Wisconsin,56.6,54,68,54.0,41.9,40.5,52,0.0,0.0,66.4,66.0,72.5,69.5,32.3,28.0,59.3,60.5,71,19.1,24
1.0,0.25,1.0,North Dakota,56.7,56,57,57.0,23.2,23.5,24,0.0,0.0,68.0,60.5,84.2,84.0,93.2,89.0,6.0,6.0,9,3.2,4
1.0,0.25,0.5,Indiana,56.8,54,59,57.0,58.7,59.0,62,0.0,0.0,59.9,59.0,62.2,63.0,28.0,28.0,24.2,24.0,29,14.0,15
1.0,0.25,1.0,Florida,56.8,55,63,56.0,14.6,15.0,18,0.7,2.0,62.3,63.0,64.6,64.5,31.3,28.0,34.1,34.5,36,19.4,23
1.0,0.1,1.0,North Dakota,56.9,56,57,57.0,20.7,21.0,22,0.5,1.0,71.7,72.0,86.6,86.5,103.2,89.0,5.6,5.0,7,4.5,6
0.5,0.05,2.0,Washington,56.9,52,65,57.0,15.4,15.0,17,0.0,0.0,60.0,59.0,63.9,62.0,28.0,28.0,13.9,14.0,18,9.3,11
1.0,0.05,2.0,New York,56.9,54,63,55.0,10.6,10.5,14,0.4,3.0,62.8,61.0,67.6,64.0,28.0,28.0,196.7,198.0,214,38.6,42
0.5,0.05,2.0,Massachusetts,57.0,53,93,53.0,7.7,8.0,9,0.0,0.0,90.9,93.0,102.9,102.0,83.1,71.0,1.6,2.0,2,0.0,0
2.0,0.1,0.5,Massachusetts,57.0,53,75,53.0,8.7,9.0,9,0.0,0.0,81.8,75.0,92.5,93.0,84.8,71.0,1.4,1.0,2,0.3,1
1.0,0.1,1.0,Massachusetts,57.0,53,93,53.0,8.4,8.5,9,0.2,1.0,86.3,87.5,98.8,101.0,71.0,71.0,1.6666666666666667,2.0,2,0.3,1
0.5,0.01,1.0,Oklahoma,57.0,49,73,56.0,12.3,12.0,15,0.0,0.0,72.9,73.0,79.8,78.0,75.5,92.0,2.75,2.0,6,0.5,2
1.0,0.01,0.5,Oklahoma,57.0,49,73,56.0,13.3,13.0,17,0.0,0.0,70.9,73.0,84.7,78.0,56.4,28.0,3.0,3.0,6,0.5,2
1.0,0.01,1.0,Oklahoma,57.0,49,73,56.0,20.8,20.5,24,0.0,0.0,72.1,73.5,85.9,78.5,28.0,28.0,6.9,7.0,12,1.5,3
1.0,0.1,2.0,North Dakota,57.0,57,57,57.0,21.3,21.0,24,0.3,1.0,78.1,82.0,87.4,84.0,103.7,89.0,9.0,9.0,12,4.3,5
0.5,0.1,1.0,North Dakota,57.0,57,57,57.0,17.1,17.0,20,0.8,1.0,79.9,84.0,88.9,89.0,96.6,89.0,2.6,2.0,6,4.4,5
2.0,0.05,1.0,North Dakota,57.0,57,57,57.0,20.0,20.0,23,0.9,1.0,87.3,90.0,94.0,96.5,82.0,82.0,8.5,8.5,11,5.2,8
1.0,0.05,2.0,Oregon,57.0,53,66,53.0,17.5,18.0,19,0.0,0.0,58.8,55.5,65.3,62.5,72.0,62.0,7.3,7.0,10,6.1,7
1.0,0.1,0.5,Washington,57.0,57,57,57.0,15.3,15.0,18,0.0,0.0,59.0,59.0,62.2,62.0,28.0,28.0,14.4,14.5,18,9.7,11
2.0,0.25,0.5,Indiana,57.0,54,64,56.5,61.7,62.0,64,0.0,0.0,60.5,61.0,63.6,64.0,28.0,28.0,24.0,24.0,33,15.2,18
0.5,0.01,2.0,South Dakota,57.1,47,80,53.0,36.3,36.0,40,0.0,0.0,60.2,57.0,63.7,60.0,78.4,102.0,8.1,7.0,12,3.1,5
2.0,0.25,0.5,Illinois,57.2,52,65,52.0,59.0,60.0,62,0.0,0.0,66.0,66.0,67.7,68.0,70.0,75.0,27.9,28.0,35,7.5,10
0.5,0.05,1.0,California,57.2,46,64,61.5,5.1,5.0,7,9.1,26.0,72.6,64.0,93.7,84.0,28.0,28.0,53.0,53.0,61,29.5,32
1.0,0.01,0.5,Iowa,57.2,45,88,47.0,27.7,27.0,36,1.8,7.0,62.2,51.5,65.2,52.0,55.3,52.5,79.0,79.0,88,49.4,56
1.0,0.1,1.0,Washington,57.3,53,64,57.0,17.5,17.5,19,0.0,0.0,59.7,59.0,62.4,62.0,28.0,28.0,13.7,14.0,19,9.0,11
2.0,0.1,0.5,Washington,57.3,52,67,57.0,16.8,17.0,18,0.0,0.0,59.8,59.0,62.6,62.0,28.0,28.0,13.7,14.0,16,9.9,12
1.0,0.05,0.5,New York,57.3,54,63,55.0,9.8,9.0,14,0.6,2.0,64.4,63.0,68.6,65.0,28.0,28.0,183.0,183.0,197,38.2,41
2.0,0.05,2.0,New York,57.3,54,63,57.0,9.5,9.5,14,0.1,1.0,62.7,63.0,70.0,68.5,28.0,28.0,193.0,194.5,205,39.9,43
1.0,0.1,2.0,Oregon,57.4,53,64,53.0,18.2,18.0,21,0.0,0.0,58.8,53.0,63.2,58.0,74.8,62.0,7.6,8.0,10,6.5,9
0.5,0.25,2.0,Illinois,57.4,52,66,52.0,57.5,57.0,61,0.0,0.0,66.4,66.0,68.0,68.0,66.0,75.5,24.6,24.5,28,7.5,10
2.0,0.1,0.5,Kentucky,57.4,56,64,56.0,48.3,48.0,52,0.0,0.0,63.0,62.0,66.8,65.0,76.5,75.0,28.7,27.5,35,11.4,15
1.0,0.25,0.5,Florida,57.4,56,63,56.0,14.2,14.5,17,0.9,2.0,63.0,63.0,63.6,63.0,31.5,28.0,28.2,27.5,33,18.9,21
1.0,0.05,1.0,New York,57.4,55,63,57.0,9.7,10.0,14,0.3,3.0,62.7,63.0,70.6,67.0,28.0,28.0,201.7,200.0,218,39.2,43
0.5,0.1,2.0,Kentucky,57.5,56,65,56.0,45.0,45.0,47,0.0,0.0,63.9,63.5,66.9,65.0,76.5,75.0,25.2,26.0,27,10.9,13
2.0,0.1,2.0,Kentucky,57.5,56,65,56.0,51.1,50.5,58,0.0,0.0,64.1,65.0,70.3,66.0,77.4,75.0,29.8,29.0,35,11.3,14
ALL,ALL,ALL,Wyoming,57.56666666666667,47,106,54.0,11.583333333333334,12.0,14,0.0,0.0,63.486111111111114,56.0,69.45833333333333,66.0,102.5635838150289,101.0,3.8236994219653178,4.0,10,0.6194444444444445,2
1.0,0.25,2.0,Illinois,57.6,52,66,52.0,60.2,60.5,62,0.0,0.0,66.7,66.0,68.0,68.0,75.8,77.5,30.7,30.5,35,8.0,11
1.0,0.01,2.0,Oklahoma,57.7,56,73,56.0,24.1,24.5,27,0.0,0.0,73.4,73.0,79.2,79.0,28.0,28.0,8.2,8.0,14,2.5,5
0.5,0.05,2.0,Kentucky,57.7,56,65,56.0,42.3,42.5,47,0.0,0.0,65.1,65.0,75.1,79.0,81.0,82.0,23.9,23.5,30,9.6,13
0.5,0.05,1.0,Michigan,57.7,47,60,58.0,43.2,43.0,47,0.0,0.0,63.6,60.0,68.0,69.0,77.1,80.0,14.0,13.5,19,10.8,15
0.5,0.25,1.0,Indiana,57.7,54,63,59.0,56.9,57.5,61,0.1,1.0,61.8,63.0,64.7,64.0,28.0,28.0,23.2,23.5,30,11.8,15
0.5,0.1,2.0,Michigan,57.7,55,58,58.0,52.3,53.5,56,0.0,0.0,59.2,60.0,63.7,64.0,74.4,72.0,16.7,17.0,19,13.1,19
2.0,0.05,0.5,New York,57.7,54,63,57.0,10.7,11.0,14,0.7,5.0,63.4,63.0,69.6,68.5,28.0,28.0,200.9,201.5,215,38.5,43
1.0,0.05,1.0,Oregon,57.8,53,66,53.0,17.7,18.0,19,0.0,0.0,62.9,60.0,68.6,69.0,81.2,90.0,8.1,8.5,10,3.9,5
1.0,0.05,2.0,Pennsylvania,57.8,53,67,53.0,48.4,49.0,53,0.4,2.0,66.4,67.0,70.3,67.0,50.2,46.5,31.0,32.0,39,8.8,13
2.0,0.05,2.0,Pennsylvania,57.8,53,67,53.0,47.6,48.0,51,0.3,2.0,66.2,67.0,71.2,67.0,41.3,28.0,27.8,27.0,32,8.8,13
2.0,0.05,1.0,Pennsylvania,57.8,53,67,53.0,46.9,47.0,51,0.3,2.0,66.2,67.0,71.4,67.0,35.4,28.0,29.6,29.5,36,10.2,12
0.5,0.1,1.0,Michigan,57.8,56,58,58.0,43.8,44.0,47,0.0,0.0,59.6,60.0,63.8,64.0,72.5,72.0,14.0,13.5,17,11.3,17
1.0,0.1,1.0,Michigan,57.8,56,58,58.0,51.3,51.5,55,0.0,0.0,59.4,60.0,63.2,64.0,73.6,72.0,15.8,16.5,20,13.1,17
0.5,0.05,2.0,Michigan,57.8,56,60,58.0,49.3,49.0,53,0.0,0.0,62.0,60.0,66.7,65.5,77.5,77.5,12.9,12.5,16,14.3,17
2.0,0.25,1.0,Florida,57.8,55,63,56.0,13.6,13.0,18,0.6,2.0,62.2,63.0,63.7,63.0,28.0,28.0,34.7,34.0,40,20.4,23
2.0,0.1,2.0,Washington,57.9,52,64,57.0,16.9,17.0,18,0.0,0.0,60.5,59.0,62.9,62.0,28.0,28.0,13.3,13.5,16,9.9,11
1.0,0.05,1.0,Michigan,57.9,51,60,58.0,50.8,51.0,55,0.1,1.0,62.7,60.0,66.9,69.0,76.5,76.0,13.7,13.0,18,12.6,16
2.0,0.05,2.0,Nevada,58.0,47,66,58.0,5.0,5.0,5,0.0,0.0,65.3,64.5,77.9,83.0,,,0.0,0.0,0,0.0,0
0.5,0.05,0.5,Missouri,58.0,58,58,58.0,32.6,33.0,37,0.0,0.0,73.5,76.0,79.1,77.0,69.9,61.0,4.6,4.0,9,7.1,12
1.0,0.01,2.0,Colorado,58.0,45,64,61.5,21.4,21.5,26,0.9,3.0,68.8,69.5,78.3,76.0,28.0,28.0,33.9,36.0,44,8.0,11
0.5,0.1,0.5,Missouri,58.0,58,58,58.0,38.0,38.5,43,0.0,0.0,70.6,69.0,73.9,74.0,61.7,56.0,6.5,6.5,10,8.7,11
0.5,0.1,2.0,Washington,58.0,53,64,57.0,16.2,16.0,18,0.0,0.0,60.9,60.5,63.3,63.0,28.0,28.0,13.9,14.0,17,9.3,13
0.5,0.05,1.0,Missouri,58.0,58,58,58.0,48.5,48.0,53,0.0,0.0,75.8,76.0,80.1,79.0,46.9,28.0,8.2,8.5,12,10.5,12
0.5,0.25,0.5,Missouri,58.0,58,58,58.0,40.9,41.0,44,0.0,0.0,68.2,69.0,70.7,69.0,88.7,87.0,7.7,8.0,11,10.7,12
0.5,0.1,1.0,Missouri,58.0,58,58,58.0,55.2,55.5,58,0.0,0.0,70.6,69.0,72.8,73.0,28.0,28.0,7.9,8.5,9,12.1,20
1.0,0.05,1.0,Missouri,58.0,58,58,58.0,61.5,62.5,65,0.0,0.0,71.0,69.0,78.8,77.0,28.0,28.0,8.6,9.0,13,13.0,17
0.5,0.05,2.0,Missouri,58.0,58,58,58.0,60.9,60.0,67,0.0,0.0,70.7,69.0,76.3,76.0,66.0,28.0,7.5,7.0,13,13.1,16
2.0,0.05,0.5,Missouri,58.0,58,58,58.0,65.7,66.0,69,0.0,0.0,71.1,69.0,77.9,77.0,33.6,28.0,11.6,11.0,15,13.1,17
1.0,0.05,0.5,Missouri,58.0,58,58,58.0,53.7,53.0,59,0.0,0.0,71.7,69.0,75.8,77.0,35.0,28.0,7.7,7.5,11,13.3,17
1.0,0.05,2.0,Missouri,58.0,58,58,58.0,66.0,67.0,70,0.0,0.0,72.6,69.0,77.1,77.0,35.0,28.0,12.5,12.5,15,14.2,17
2.0,0.05,2.0,Missouri,58.0,58,58,58.0,68.8,69.5,71,0.0,0.0,70.6,69.0,78.6,78.0,34.7,28.0,13.5,12.0,18,14.9,18
1.0,0.1,0.5,Missouri,58.0,58,58,58.0,57.4,57.0,61,0.0,0.0,69.3,69.0,71.6,71.0,28.0,28.0,9.0,9.0,13,14.9,16
1.0,0.1,1.0,Missouri,58.0,58,58,58.0,65.4,64.5,70,0.0,0.0,68.8,69.0,72.3,73.0,28.0,28.0,10.3,10.0,15,15.1,18
0.5,0.25,1.0,Missouri,58.0,58,58,58.0,58.3,58.5,63,0.0,0.0,67.8,68.5,70.5,69.0,28.0,28.0,8.7,8.5,13,15.3,19
0.5,0.1,2.0,Missouri,58.0,58,58,58.0,64.3,64.5,67,0.0,0.0,69.6,69.0,73.4,73.0,28.0,28.0,9.8,10.0,12,15.3,18
2.0,0.05,1.0,Missouri,58.0,58,58,58.0,66.8,66.0,72,0.0,0.0,73.0,74.0,76.7,77.0,41.7,28.0,13.2,13.0,18,15.7,19
2.0,0.1,0.5,Missouri,58.0,58,58,58.0,67.6,67.5,70,0.0,0.0,69.5,69.0,72.2,73.0,28.0,28.0,12.5,13.0,18,16.2,19
1.0,0.1,2.0,Missouri,58.0,58,58,58.0,67.3,67.5,71,0.0,0.0,68.5,69.0,72.4,73.0,28.0,28.0,14.5,14.5,19,16.4,21
2.0,0.1,1.0,Missouri,58.0,58,58,58.0,68.3,69.5,72,0.0,0.0,68.9,69.0,73.4,75.0,28.0,28.0,12.8,12.0,18,16.6,22
1.0,0.25,2.0,Missouri,58.0,58,58,58.0,68.9,69.5,72,0.0,0.0,66.2,68.0,70.2,69.0,28.0,28.0,10.6,11.0,16,16.8,19
2.0,0.1,2.0,Missouri,58.0,58,58,58.0,68.9,69.5,72,0.0,0.0,68.9,69.0,73.8,74.0,28.0,28.0,13.4,13.0,18,17.2,21
2.0,0.25,0.5,Missouri,58.0,58,58,58.0,69.1,69.5,73,0.0,0.0,67.1,68.5,70.6,69.0,28.0,28.0,11.6,11.5,16,17.5,24
1.0,0.25,1.0,Missouri,58.0,58,58,58.0,66.1,65.5,69,0.0,0.0,68.1,69.0,72.4,73.0,28.0,28.0,9.6,9.0,14,18.5,22
1.0,0.25,0.5,Missouri,58.0,58,58,58.0,58.2,59.0,60,0.0,0.0,66.5,69.0,70.6,69.0,28.0,28.0,9.1,9.0,12,18.7,22
0.5,0.25,2.0,Missouri,58.0,58,58,58.0,63.1,63.0,66,0.0,0.0,65.3,68.0,68.8,69.0,28.0,28.0,10.8,11.0,15,18.9,22
2.0,0.25,2.0,Missouri,58.0,58,58,58.0,69.3,69.5,73,0.0,0.0,67.0,68.0,70.6,69.0,28.0,28.0,11.8,11.5,16,19.2,24
2.0,0.25,1.0,Missouri,58.0,58,58,58.0,67.6,67.5,71,0.0,0.0,67.1,68.5,70.6,69.0,28.0,28.0,11.7,11.0,17,19.6,22
ALL,ALL,ALL,Nevada,58.09166666666667,47,114,51.0,4.897222222222222,5.0,5,0.0,0.0,67.40555555555555,61.0,82.84679665738162,83.0,96.75,93.0,1.0625,1.0,2,0.0,0
2.0,0.05,0.5,Nevada,58.1,47,66,58.5,5.0,5.0,5,0.0,0.0,64.9,65.5,80.9,83.0,,,0.0,0.0,0,0.0,0
1.0,0.05,0.5,Oregon,58.1,53,66,55.5,15.7,15.5,17,0.0,0.0,62.3,61.0,67.6,65.0,78.4,76.0,8.9,9.0,11,3.3,5
0.5,0.25,2.0,Indiana,58.2,54,63,59.0,61.2,61.0,65,0.0,0.0,61.6,62.0,63.4,63.0,28.0,28.0,28.5,28.0,33,14.9,19
0.5,0.01,2.0,Wisconsin,58.2,54,81,54.0,37.2,37.0,43,0.0,0.0,69.7,65.5,77.2,75.0,28.0,28.0,59.5,59.0,68,22.2,26
ALL,ALL,ALL,Pennsylvania,58.21944444444444,53,78,53.0,44.605555555555554,45.0,53,0.18055555555555555,3.0,67.29722222222222,67.0,72.45,67.0,48.205555555555556,28.0,29.83888888888889,31.0,49,10.005555555555556,17
0.5,0.25,0.5,Utah,58.4,44,62,62.0,11.4,11.5,12,0.0,0.0,69.7,74.0,77.8,78.0,88.2,84.0,7.3,7.5,10,1.4,2
0.5,0.05,1.0,Pennsylvania,58.4,53,67,58.0,43.8,44.0,47,0.6,2.0,67.0,67.0,72.8,72.0,53.9,65.0,30.6,30.0,36,9.1,13
2.0,0.1,1.0,Washington,58.4,53,65,57.0,16.8,17.0,18,0.0,0.0,61.0,59.0,63.6,62.0,33.4,28.0,12.2,12.5,15,10.1,12
2.0,0.25,1.0,Indiana,58.5,54,64,59.0,64.5,64.0,69,0.0,0.0,62.5,63.0,65.0,64.5,28.0,28.0,25.5,26.0,30,14.6,17
0.5,0.01,2.0,Idaho,58.5,55,69,55.0,7.6,7.5,12,0.0,0.0,75.2,70.0,79.1,75.5,28.0,28.0,31.9,32.5,36,15.5,19
2.0,0.05,1.0,New York,58.5,54,63,57.0,10.0,10.0,14,1.3,7.0,65.7,63.0,71.1,73.0,28.0,28.0,198.2,200.5,214,39.4,42
0.5,0.01,0.5,South Dakota,58.6,47,80,56.0,26.7,27.0,29,0.0,0.0,63.4,60.0,66.4,62.0,97.7,102.0,6.3,6.5,10,1.3,4
2.0,0.05,0.5,Pennsylvania,58.6,53,67,55.0,46.4,47.0,49,0.1,1.0,65.4,67.0,69.4,67.0,47.6,46.5,30.6,30.0,40,9.9,14
1.0,0.05,0.5,Michigan,58.6,58,60,58.0,44.2,44.0,47,0.0,0.0,62.0,60.0,67.2,66.5,75.6,72.0,12.7,13.0,16,13.0,15
2.0,0.05,2.0,Michigan,58.6,58,60,58.0,50.6,50.5,54,0.0,0.0,62.2,60.0,67.8,68.0,67.4,76.0,15.8,15.0,21,13.2,16
0.5,0.05,0.5,California,58.6,46,62,62.0,4.6,5.0,7,7.8,28.0,69.6,64.0,89.88888888888889,80.0,28.0,28.0,45.1,46.5,49,28.6,31
0.5,0.05,1.0,New York,58.6,55,63,59.0,8.5,8.5,11,1.7,8.0,65.9,63.0,72.0,72.0,28.0,28.0,184.6,183.0,196,39.3,43
0.5,0.25,0.5,Montana,58.7,56,83,56.0,7.2,7.0,9,0.0,0.0,86.0,83.0,114.9,113.0,,,0.0,0.0,0,2.4,3
1.0,0.1,1.0,Montana,58.7,56,83,56.0,11.7,11.5,13,0.0,0.0,86.0,83.0,113.6,113.0,379.3333333333333,460.0,0.3,0.0,1,3.8,5
1.0,0.25,1.0,Montana,58.7,56,83,56.0,13.7,14.0,16,0.0,0.0,86.0,83.0,111.4,113.0,320.0,250.0,0.3,0.0,1,3.9,5
1.0,0.1,2.0,Kentucky,58.7,56,65,56.0,49.4,49.0,52,0.0,0.0,64.9,65.0,70.6,68.5,77.7,75.0,28.5,28.0,33,10.4,13
2.0,0.1,1.0,Kentucky,58.7,56,65,56.0,51.4,52.0,56,0.0,0.0,65.4,65.0,72.7,75.5,77.1,75.0,29.7,29.5,33,10.5,13
1.0,0.01,2.0,Idaho,58.7,51,69,55.0,8.7,8.5,14,0.6,3.0,70.9,69.0,79.1,72.0,28.0,28.0,34.3,36.0,40,15.6,21
0.5,0.1,2.0,Massachusetts,58.8,53,89,53.0,8.2,8.0,9,0.1,1.0,86.4,89.0,94.7,93.0,84.44444444444444,71.0,1.6666666666666667,2.0,2,0.3,1
0.5,0.25,1.0,Illinois,58.8,52,66,58.5,53.7,54.0,57,0.0,0.0,66.5,66.0,67.9,68.0,65.0,75.5,17.9,17.5,22,7.0,10
2.0,0.25,1.0,Illinois,58.8,52,66,58.5,61.3,61.0,65,0.0,0.0,66.6,66.0,67.8,67.5,71.5,76.0,27.7,27.5,32,7.6,10
0.5,0.05,0.5,Michigan,58.8,56,60,59.0,38.3,38.0,42,0.0,0.0,63.8,62.0,70.3,73.0,79.3,80.0,11.5,11.0,14,8.4,12
2.0,0.25,2.0,Illinois,58.8,52,66,58.5,61.1,61.0,64,0.0,0.0,66.5,66.0,68.0,68.0,75.6,77.5,28.9,29.0,32,8.5,11
2.0,0.05,1.0,Michigan,58.8,58,60,58.0,50.9,50.5,57,0.0,0.0,62.2,60.0,69.6,69.0,67.4,76.0,16.3,16.0,20,13.4,18
ALL,ALL,ALL,New York,58.833333333333336,54,116,55.0,10.8,11.0,17,0.8555555555555555,23.0,67.65,59.0,77.36111111111111,63.0,28.0,28.0,183.34444444444443,191.0,228,37.21111111111111,45
ALL,ALL,ALL,Michigan,58.897222222222226,47,104,58.0,46.24166666666667,47.0,57,0.06388888888888888,2.0,65.38888888888889,60.0,70.34444444444445,64.0,70.49444444444444,72.0,15.233333333333333,15.0,26,13.269444444444444,24
2.0,0.05,2.0,Oregon,58.9,53,66,58.5,18.4,19.0,20,0.0,0.0,62.5,63.0,68.6,72.0,83.4,90.0,7.1,7.5,10,5.3,8
1.0,0.25,1.0,Illinois,58.9,52,66,58.5,57.7,58.0,61,0.0,0.0,66.6,66.0,68.1,68.0,81.2,79.0,26.3,25.5,31,7.7,9
2.0,0.25,0.5,Florida,58.9,55,63,57.5,12.6,13.0,15,0.3,1.0,61.6,63.0,63.9,63.0,28.0,28.0,35.3,36.0,38,21.3,24
0.5,0.25,1.0,Utah,59.0,44,62,62.0,14.5,14.5,15,0.0,0.0,72.8,74.0,76.9,78.0,87.5,84.0,6.3,6.0,8,2.4,3
1.0,0.25,2.0,Utah,59.0,44,62,62.0,15.0,15.0,16,0.0,0.0,72.1,74.0,78.9,78.0,84.0,84.0,8.7,9.0,10,3.2,5
1.0,0.25,0.5,Illinois,59.0,52,66,59.0,55.7,55.5,59,0.0,0.0,66.8,66.5,68.1,68.0,73.8,75.5,18.1,18.5,21,7.2,9
1.0,0.1,2.0,Washington,59.0,53,65,57.0,17.1,17.0,19,0.0,0.0,61.1,59.0,63.0,62.0,28.0,28.0,13.5,13.5,18,9.8,13
1.0,0.05,2.0,Kentucky,59.0,56,65,56.0,47.3,48.0,53,0.0,0.0,65.2,65.0,75.0,75.5,79.0,78.5,26.0,25.5,36,10.4,14
0.5,0.25,0.5,Indiana,59.0,54,63,59.0,50.8,51.0,53,0.0,0.0,61.9,63.0,64.2,64.5,28.0,28.0,20.0,19.5,23,10.9,14
1.0,0.05,2.0,Michigan,59.0,58,60,59.0,50.2,51.0,53,0.0,0.0,63.9,62.0,69.4,69.0,47.6,28.0,14.3,14.0,17,13.1,17
2.0,0.25,2.0,Indiana,59.0,56,63,59.0,65.1,64.5,70,0.0,0.0,62.3,63.0,64.7,65.0,28.0,28.0,25.4,24.5,32,14.3,17
1.0,0.01,2.0,Wisconsin,59.0,54,99,54.0,40.1,38.5,46,0.0,0.0,71.3,67.0,72.8,68.0,28.0,28.0,59.2,59.0,68,20.4,26
2.0,0.25,2.0,Florida,59.0,55,63,57.5,12.6,12.0,16,0.4,1.0,63.3,63.0,64.3,63.0,31.5,28.0,35.6,36.0,39,21.4,24
0.5,0.05,0.5,New York,59.0,55,63,59.0,8.4,8.5,13,1.5,9.0,64.7,63.0,77.6,72.0,28.0,28.0,151.1,151.0,165,35.0,39
2.0,0.01,1.0,South Dakota,59.1,50,88,56.0,40.4,40.5,43,0.0,0.0,62.7,57.5,65.4,60.0,52.3,28.0,10.4,11.0,15,3.9,5
2.0,0.05,0.5,Oregon,59.1,53,66,58.5,18.2,18.5,20,0.0,0.0,59.5,59.5,65.5,66.5,79.6,90.0,7.7,7.0,10,5.4,9
2.0,0.1,2.0,North Dakota,59.1,56,79,57.0,20.4,21.0,22,0.9,1.0,83.5,84.0,91.2,90.0,96.6,89.0,7.3,7.0,11,5.9,8
2.0,0.05,0.5,North Dakota,59.2,57,79,57.0,19.7,20.0,22,1.0,1.0,88.7,89.5,95.3,96.5,84.8,89.0,8.0,8.5,10,4.4,6
1.0,0.05,1.0,North Dakota,59.2,46,90,57.0,17.3,17.5,20,0.8,1.0,88.5,92.0,97.3,96.5,88.8,89.0,5.7,5.5,8,5.5,7
2.0,0.01,0.5,South Dakota,59.3,50,76,56.0,38.2,38.0,42,0.0,0.0,60.8,58.0,64.8,60.0,66.7,60.5,10.3,10.0,13,3.4,5
2.0,0.01,0.5,Idaho,59.3,41,79,55.0,8.2,8.0,11,0.2,2.0,66.7,65.5,73.0,69.0,28.0,28.0,37.0,39.0,44,15.9,19
2.0,0.01,0.5,Oklahoma,59.4,56,73,56.0,23.8,23.0,28,0.0,0.0,74.6,73.0,79.3,78.5,34.4,28.0,7.0,6.5,15,2.7,5
1.0,0.05,2.0,Washington,59.4,57,67,57.0,16.8,17.0,18,0.0,0.0,61.4,59.0,64.2,62.0,28.0,28.0,14.0,13.5,18,9.3,10
2.0,0.05,0.5,Michigan,59.4,58,60,60.0,51.0,52.0,53,0.0,0.0,65.3,66.5,70.0,71.0,78.3,80.0,14.3,13.5,20,13.1,15
2.0,0.1,1.0,Florida,59.5,56,63,59.5,14.6,15.0,19,0.5,1.0,64.2,63.0,66.6,66.5,28.0,28.0,37.6,37.5,41,19.5,23
1.0,0.01,0.5,South Dakota,59.6,43,86,50.5,34.3,34.5,36,0.0,0.0,65.8,58.0,69.0,62.0,89.8,102.0,10.9,11.5,14,1.8,3
0.5,0.25,0.5,Florida,59.6,55,66,57.5,13.9,14.0,16,0.8,2.0,65.7,66.0,69.0,67.0,66.7,63.0,15.4,15.5,19,11.9,14
1.0,0.25,1.0,Indiana,59.6,57,63,59.0,61.7,62.0,67,0.0,0.0,63.4,63.5,66.8,67.0,28.0,28.0,27.5,27.0,34,15.0,18
2.0,0.01,1.0,Colorado,59.7,50,75,57.0,21.9,22.0,25,0.4,2.0,68.7,69.5,75.4,75.5,28.0,28.0,29.1,29.0,38,6.8,10
1.0,0.05,0.5,Pennsylvania,59.8,53,67,63.0,44.3,44.0,49,0.7,2.0,66.2,67.0,73.5,77.0,43.2,28.0,29.9,30.5,31,9.4,13
1.0,0.05,0.5,Washington,59.9,57,67,57.0,15.2,14.5,18,0.0,0.0,64.1,63.0,66.4,65.5,28.0,28.0,13.3,13.0,18,8.3,10
1.0,0.05,1.0,Kentucky,59.9,56,72,56.0,43.2,43.0,48,0.0,0.0,67.5,65.0,80.1,80.5,81.9,83.0,23.4,23.5,30,9.5,12
0.5,0.1,0.5,Indiana,59.9,54,75,58.0,46.7,46.5,50,0.2,1.0,66.5,65.0,71.2,68.5,33.9,28.0,19.0,18.5,24,11.8,15
0.5,0.25,1.0,Florida,59.9,55,66,59.5,14.7,14.5,17,0.6,2.0,63.2,64.5,66.7,66.0,51.4,61.0,19.3,19.5,23,16.4,19
0.5,0.05,0.5,Pennsylvania,60.0,53,67,60.0,39.8,40.0,43,0.0,0.0,66.6,67.0,70.7,67.5,66.0,70.5,23.4,23.5,31,10.2,13
ALL,ALL,ALL,Oregon,60.013888888888886,53,113,53.0,15.613888888888889,16.0,22,0.013888888888888888,1.0,65.20277777777778,54.0,70.03055555555555,60.0,80.29722222222222,62.0,6.694444444444445,7.0,11,4.9527777777777775,9
2.0,0.05,1.0,Nevada,60.1,51,66,65.5,5.0,5.0,5,0.0,0.0,65.8,67.0,79.4,83.0,,,0.0,0.0,0,0.0,0
1.0,0.1,0.5,Utah,60.2,44,62,62.0,15.1,15.0,16,0.0,0.0,70.9,74.0,81.3,81.0,83.9,84.0,7.4,8.0,9,2.4,3
1.0,0.1,1.0,Utah,60.2,44,62,62.0,14.9,15.0,16,0.0,0.0,74.6,74.0,81.6,78.0,76.4,84.0,8.8,8.5,13,2.6,4
2.0,0.1,2.0,Utah,60.2,44,62,62.0,14.5,15.0,15,0.0,0.0,73.2,74.0,80.6,78.0,74.3,78.5,8.8,8.5,12,3.2,5
2.0,0.05,1.0,Oregon,60.2,53,66,64.0,18.1,18.0,20,0.1,1.0,62.7,66.0,69.0,72.0,85.5,90.0,7.0,6.5,10,5.4,8
0.5,0.25,0.5,Illinois,60.2,52,66,65.0,46.7,47.5,50,0.0,0.0,66.6,66.0,67.9,68.0,80.1,75.0,12.6,12.0,17,6.2,8
1.0,0.01,2.0,Ohio,60.2,46,71,67.0,56.5,56.5,61,0.0,0.0,79.8,76.5,88.0,87.0,106.4,103.5,15.2,14.5,20,9.8,12
1.0,0.05,1.0,Washington,60.4,57,67,57.0,16.2,16.0,19,0.0,0.0,63.5,63.0,66.4,64.5,28.0,28.0,14.7,14.5,19,9.6,12
1.0,0.01,1.0,Idaho,60.4,55,68,62.0,8.5,8.0,16,0.0,0.0,70.9,68.5,75.5,72.0,28.0,28.0,35.8,36.5,47,14.6,22
1.0,0.25,2.0,Florida,60.4,55,63,63.0,12.8,13.0,15,0.2,1.0,62.3,63.0,63.9,63.0,28.0,28.0,37.8,38.5,41,21.2,24
0.5,0.1,1.0,Indiana,60.5,54,65,60.5,50.1,50.0,53,0.0,0.0,64.7,64.0,72.2,75.0,48.4,28.0,24.2,24.0,28,14.7,18
2.0,0.1,0.5,Indiana,60.5,53,67,61.0,59.0,59.0,61,0.0,0.0,68.1,66.0,71.4,75.0,34.6,28.0,27.2,27.0,34,15.6,18
1.0,0.05,0.5,Florida,60.5,56,66,63.0,15.5,15.0,19,0.6,1.0,68.9,66.0,73.1,75.5,38.4,28.0,25.8,27.0,30,15.8,19
0.5,0.05,2.0,Montana,60.6,56,102,56.0,9.2,9.0,11,0.0,0.0,87.9,83.0,121.6,123.0,355.0,460.0,0.8888888888888888,1.0,2,1.1,4
1.0,0.01,1.0,Ohio,60.7,46,71,64.0,54.4,53.5,59,0.0,0.0,74.6,72.0,87.4,86.0,97.2,94.0,14.5,14.5,18,9.2,13
1.0,0.1,0.5,Indiana,60.8,54,75,59.0,54.2,53.0,61,0.0,0.0,69.5,67.0,74.4,75.0,33.3,28.0,25.5,25.5,36,13.7,16
0.5,0.1,2.0,Florida,60.8,55,63,63.0,13.8,14.5,18,0.2,1.0,64.6,64.5,67.6,66.5,45.4,28.0,28.3,28.0,31,19.5,25
1.0,0.01,0.5,Wisconsin,60.8,54,96,54.0,38.1,38.0,41,0.1,1.0,74.3,73.0,79.1,80.5,28.0,28.0,57.1,58.5,63,20.1,25
2.0,0.1,0.5,Florida,60.9,56,63,63.0,13.1,13.0,15,0.4,2.0,64.2,63.0,68.0,66.5,37.9,28.0,34.9,34.5,44,20.8,22
2.0,0.05,0.5,Washington,61.0,57,67,58.0,16.2,16.0,18,0.0,0.0,65.4,63.0,68.1,65.5,28.0,28.0,13.9,13.5,18,9.4,11
1.0,0.01,2.0,California,61.0,46,64,62.0,6.0,5.5,9,4.1,29.0,85.4,64.0,155.7,100.5,28.0,28.0,65.8,67.0,73,27.9,31
ALL,ALL,ALL,Washington,61.07222222222222,52,106,57.0,14.955555555555556,16.0,20,0.044444444444444446,4.0,66.11111111111111,59.0,70.78055555555555,63.5,33.87777777777778,28.0,13.21111111111111,13.0,19,9.502777777777778,17
2.0,0.05,2.0,Washington,61.1,57,67,60.5,16.6,17.0,19,0.0,0.0,64.5,63.0,66.6,64.5,28.0,28.0,13.9,13.5,17,10.0,13
2.0,0.01,2.0,California,61.3,46,64,63.0,5.2,5.5,7,7.0,18.0,74.5,65.0,98.1,94.0,28.0,28.0,65.8,66.0,73,27.5,30
0.5,0.1,2.0,Montana,61.4,56,83,56.0,11.2,11.0,13,0.0,0.0,90.9,83.0,117.0,113.0,379.3333333333333,460.0,0.3,0.0,1,2.3,3
0.5,0.1,2.0,Utah,61.4,44,74,62.0,14.5,14.5,16,0.0,0.0,73.2,74.0,84.3,84.0,82.9,84.0,8.1,8.0,11,3.1,5
1.0,0.25,1.0,Utah,61.4,44,74,62.0,14.5,14.5,16,0.0,0.0,71.8,74.0,80.3,78.0,87.4,84.0,8.6,8.0,10,3.2,5
2.0,0.1,0.5,Montana,61.4,56,83,56.0,13.4,13.5,15,0.0,0.0,87.7,83.0,114.3,113.0,268.625,287.0,1.2,1.0,2,4.6,5
2.0,0.1,2.0,Montana,61.4,56,83,56.0,12.3,12.5,14,0.0,0.0,89.6,83.0,113.9,113.0,293.2,287.0,1.5,1.5,2,4.7,6
0.5,0.05,1.0,North Dakota,61.4,57,79,57.0,13.5,14.0,16,1.0,1.0,87.2,89.0,91.7,90.0,90.1,89.0,3.1,3.0,5,5.3,6
1.0,0.01,1.0,Colorado,61.4,49,76,63.0,20.1,20.0,23,0.5,3.0,70.1,71.5,81.6,76.0,28.0,28.0,32.4,33.0,40,7.8,11
0.5,0.1,0.5,Florida,61.4,55,67,63.0,11.2,11.0,14,0.7,1.0,68.1,66.0,71.2,68.5,63.4,63.0,13.4,12.5,19,12.0,15
1.0,0.01,0.5,California,61.4,46,64,63.0,5.1,4.5,8,10.1,22.0,84.7,85.0,117.2,116.0,28.0,28.0,61.8,62.5,69,26.8,29
1.0,0.01,0.5,Colorado,61.6,51,75,63.0,17.0,17.5,20,0.2,2.0,67.2,64.0,76.4,75.0,39.5,28.0,22.7,23.0,28,6.8,9
2.0,0.01,2.0,Colorado,61.6,52,76,63.0,20.8,21.0,22,0.2,2.0,66.7,64.0,73.6,75.5,28.0,28.0,29.1,28.5,37,8.0,12
0.5,0.1,1.0,Florida,61.6,55,66,63.0,13.0,13.0,14,0.5,1.0,65.3,66.5,71.9,74.0,54.0,62.0,18.4,18.5,23,17.4,19
2.0,0.1,2.0,Florida,61.6,56,63,63.0,14.0,13.5,17,0.2,1.0,66.5,64.5,70.8,70.5,37.7,28.0,36.3,35.5,43,20.1,23
0.5,0.05,1.0,Oregon,61.7,53,66,65.0,15.3,15.0,17,0.1,1.0,63.2,66.0,69.8,72.0,82.5,90.0,8.6,8.0,11,3.3,4
2.0,0.1,0.5,Illinois,61.7,52,66,66.0,57.0,57.0,59,0.0,0.0,68.4,67.5,69.9,69.0,69.6,77.0,27.1,28.0,34,7.1,8
2.0,0.01,1.0,California,61.7,46,65,64.0,5.4,5.5,8,7.4,17.0,79.0,69.5,137.1,129.5,28.0,28.0,67.5,67.5,78,27.2,30
1.0,0.05,0.5,Kentucky,61.8,56,81,59.0,36.9,36.5,42,0.1,1.0,72.3,65.5,78.8,79.0,82.0,82.0,18.0,18.0,21,9.5,12
1.0,0.1,0.5,Florida,61.8,55,66,63.0,14.1,14.0,18,0.2,1.0,66.3,66.0,70.1,69.5,33.7,28.0,25.4,24.0,32,17.9,21
1.0,0.01,1.0,New York,61.8,59,63,63.0,7.9,8.0,11,2.7,16.0,80.8,77.5,132.1,107.5,28.0,28.0,169.4,174.0,192,38.9,45
2.0,0.05,2.0,Kentucky,61.9,56,79,60.5,48.1,47.5,54,0.0,0.0,69.4,65.0,79.7,80.0,80.1,82.0,27.1,26.0,37,10.5,14
1.0,0.05,1.0,Florida,61.9,56,66,63.0,14.9,15.0,19,0.3,1.0,66.7,66.0,76.6,77.0,41.2,28.0,31.6,32.0,36,18.5,21
1.0,0.1,2.0,Florida,61.9,56,66,63.0,14.2,14.0,18,0.3,1.0,66.2,64.5,69.6,66.5,28.0,28.0,36.8,37.0,46,20.0,23
0.5,0.1,0.5,Utah,62.0,62,62,62.0,10.7,11.0,11,0.0,0.0,74.4,74.0,83.0,78.0,76.4,84.0,7.0,7.0,9,1.8,2
0.5,0.1,1.0,Utah,62.0,62,62,62.0,13.6,14.0,14,0.0,0.0,74.7,74.0,82.5,78.0,71.8,84.0,6.6,7.0,8,2.7,3
2.0,0.05,1.0,Washington,62.1,57,67,64.0,16.5,16.0,19,0.0,0.0,65.7,64.5,68.2,66.0,33.4,28.0,13.5,13.0,19,10.0,11
0.5,0.25,1.0,South Carolina,62.2,58,64,64.0,10.0,10.0,11,0.3,1.0,76.0,77.5,101.6,105.0,70.2,70.5,9.9,8.5,14,2.8,4
1.0,0.25,1.0,South Carolina,62.2,58,64,64.0,13.1,13.0,15,0.5,1.0,73.1,69.0,96.3,95.5,57.5,69.5,11.8,11.5,16,3.1,4
1.0,0.01,1.0,South Dakota,62.3,47,80,56.5,37.5,37.5,40,0.0,0.0,65.5,59.5,69.6,61.0,76.9,102.0,8.3,8.0,11,2.9,5
1.0,0.1,1.0,Florida,62.3,56,63,63.0,14.8,15.0,17,0.1,1.0,66.4,64.5,68.5,66.5,35.7,28.0,31.6,32.5,35,18.7,22
2.0,0.05,1.0,Florida,62.3,56,63,63.0,14.2,15.0,15,0.5,3.0,65.7,66.0,71.3,74.0,32.9,28.0,36.2,36.0,43,19.8,22
1.0,0.05,2.0,Utah,62.4,44,84,62.0,13.6,13.0,16,0.0,0.0,75.9,74.0,88.8,91.0,68.8,74.0,10.1,10.0,12,3.9,6
1.0,0.25,1.0,North Carolina,62.4,62,63,62.0,25.7,26.0,27,0.0,0.0,68.6,69.5,73.1,72.5,76.9,76.5,9.2,10.0,12,4.6,6
0.5,0.05,1.0,Nevada,62.5,51,74,66.0,5.0,5.0,5,0.0,0.0,68.4,69.0,81.3,83.0,,,0.0,0.0,0,0.0,0
2.0,0.05,2.0,North Dakota,62.5,57,90,57.0,18.5,18.0,21,0.7,1.0,83.7,84.0,92.1,93.0,87.3,89.0,9.1,8.5,13,6.3,8
0.5,0.01,1.0,Colorado,62.5,57,75,63.0,15.1,16.0,18,0.5,3.0,69.9,69.5,77.2,75.5,34.6,28.0,16.5,17.0,22,6.8,9
2.0,0.05,1.0,Kentucky,62.6,56,72,62.0,48.2,48.0,53,0.0,0.0,70.6,65.0,80.2,81.0,80.8,82.0,27.0,27.5,32,9.4,12
2.0,0.05,0.5,Florida,62.6,56,67,63.0,14.7,14.0,19,0.6,2.0,70.1,70.5,74.4,77.0,33.5,28.0,32.1,32.0,38,19.3,22
0.5,0.01,1.0,New York,62.6,59,63,63.0,8.7,9.0,15,2.8,13.0,85.6,80.0,107.9,110.5,28.0,28.0,143.8,144.5,157,35.4,39
0.5,0.01,2.0,New York,62.6,59,63,63.0,8.4,8.0,11,6.2,18.0,94.3,92.5,111.2,113.5,28.0,28.0,174.3,172.5,190,38.5,41
0.5,0.05,0.5,Nevada,62.7,51,66,65.5,4.8,5.0,5,0.0,0.0,67.9,67.0,77.1,83.0,,,0.0,0.0,0,0.0,0
2.0,0.05,0.5,Kentucky,62.7,56,79,59.0,46.8,47.0,51,0.0,0.0,70.3,65.0,80.5,80.5,80.9,82.0,24.2,24.0,30,9.7,12
2.0,0.1,2.0,Massachusetts,62.8,53,93,53.0,8.7,9.0,9,0.2,1.0,84.4,82.0,94.8,97.0,86.33333333333333,71.0,1.5555555555555556,2.0,2,0.3,2
0.5,0.05,0.5,Oregon,62.8,53,66,65.0,12.3,13.0,13,0.0,0.0,64.6,66.0,71.8,72.0,86.8,90.0,5.8,5.5,8,1.7,3
2.0,0.25,2.0,South Carolina,62.8,58,64,64.0,13.5,13.5,15,0.7,1.0,79.4,86.0,92.5,93.0,69.5,71.0,15.1,15.5,17,3.9,5
0.5,0.05,1.0,Washington,62.8,57,67,64.0,14.5,15.0,17,0.0,0.0,65.6,67.0,68.0,67.0,28.0,28.0,13.3,13.5,16,9.1,12
2.0,0.1,1.0,Indiana,62.8,56,76,63.0,59.2,59.0,63,0.0,0.0,66.1,65.0,71.7,70.0,39.8,28.0,29.2,29.5,36,16.7,20
2.0,0.01,0.5,California,62.8,62,68,62.0,5.1,5.0,7,4.7,18.0,72.9,64.0,105.8,97.5,28.0,28.0,68.4,70.0,74,27.3,29
0.5,0.01,0.5,Colorado,63.0,57,75,63.0,11.6,12.0,16,1.1,6.0,72.9,69.5,77.4,75.5,43.8,28.0,13.4,13.0,19,5.1,7
1.0,0.1,2.0,Illinois,63.0,52,66,66.0,56.9,57.0,60,0.0,0.0,67.4,67.5,69.3,68.5,87.9,87.0,28.1,28.0,36,7.8,11
2.0,0.01,0.5,Colorado,63.1,57,74,63.5,22.0,22.0,26,0.5,3.0,70.4,75.0,77.3,76.0,28.0,28.0,29.5,29.0,36,6.9,10
2.0,0.1,1.0,Illinois,63.1,52,66,66.0,59.2,59.0,62,0.0,0.0,67.5,68.0,69.1,69.0,82.1,87.0,29.4,29.0,34,7.1,9
1.0,0.05,2.0,Massachusetts,63.2,53,93,53.0,8.2,8.0,9,0.0,0.0,90.6,93.0,99.4,101.0,121.3,71.0,1.6,1.5,3,0.0,0
1.0,0.25,0.5,North Carolina,63.2,62,71,62.0,21.2,21.0,23,0.0,0.0,67.0,65.5,72.1,71.0,73.7,69.0,7.8,8.0,11,2.8,4
2.0,0.1,1.0,Utah,63.2,62,74,62.0,15.0,15.0,16,0.0,0.0,74.1,74.0,83.6,81.0,69.7,78.5,9.1,9.0,11,2.8,5
2.0,0.1,0.5,Utah,63.2,62,74,62.0,14.4,14.0,16,0.0,0.0,74.4,74.0,84.5,81.0,81.9,84.0,9.8,10.0,11,3.2,4
0.5,0.05,2.0,Utah,63.2,62,74,62.0,13.9,13.5,16,0.0,0.0,76.9,74.0,86.7,84.5,60.5,78.5,7.7,7.5,10,3.3,4
0.5,0.05,2.0,Illinois,63.2,52,66,66.0,51.1,51.5,53,0.0,0.0,68.0,68.0,71.3,69.0,70.5,83.0,25.2,24.5,33,6.0,8
2.0,0.25,0.5,South Carolina,63.3,58,69,64.0,13.0,13.0,15,0.3,1.0,76.5,77.5,90.2,93.0,69.4,71.0,12.0,13.0,15,3.6,4
0.5,0.05,2.0,Florida,63.3,56,74,63.0,13.2,13.0,16,0.2,1.0,69.8,70.5,74.5,75.5,58.8,70.0,25.3,25.5,31,19.6,23
1.0,0.25,2.0,South Carolina,63.4,58,64,64.0,13.8,13.5,16,0.4,1.0,78.7,86.0,98.2,105.0,69.8,71.0,15.4,16.0,19,3.0,4
0.5,0.25,0.5,South Carolina,63.4,58,64,64.0,7.6,7.5,9,0.5,1.0,79.5,69.0,99.0,105.0,69.8,71.0,9.8,11.0,14,3.0,4
1.0,0.25,0.5,South Carolina,63.4,58,64,64.0,10.9,11.0,12,0.4,1.0,71.9,69.0,95.9,95.5,70.3,71.0,10.3,10.0,12,3.2,4
1.0,0.25,2.0,North Carolina,63.4,62,74,62.0,27.8,28.0,29,0.0,0.0,72.2,74.0,75.5,75.0,79.7,84.0,10.4,11.0,14,6.2,7
0.5,0.01,1.0,Ohio,63.4,46,97,60.0,49.7,49.0,54,0.0,0.0,78.0,76.5,93.9,94.0,97.4,89.0,13.1,13.0,19,7.4,11
0.5,0.1,2.0,Indiana,63.4,54,75,62.5,57.7,57.0,62,0.0,0.0,68.6,66.0,73.8,75.0,39.8,28.0,30.8,31.0,36,15.3,18
1.0,0.1,1.0,Indiana,63.5,57,75,63.5,57.2,56.5,63,0.0,0.0,68.8,69.5,71.7,72.0,48.0,28.0,28.7,28.0,34,16.1,20
2.0,0.05,2.0,Florida,63.5,55,74,63.0,15.6,16.0,20,0.2,1.0,70.2,66.5,76.5,78.5,31.3,28.0,34.6,33.5,41,18.4,22
ALL,ALL,ALL,Illinois,63.55555555555556,52,66,66.0,51.13333333333333,53.0,65,0.0,0.0,72.84166666666667,68.0,76.99444444444444,69.0,82.05277777777778,87.0,21.755555555555556,22.0,36,6.305555555555555,12
1.0,0.05,1.0,Massachusetts,63.6,53,93,53.0,8.1,8.0,9,0.0,0.0,91.2,93.0,100.0,101.0,88.25,71.0,1.5,1.5,2,0.1,1
1.0,0.1,2.0,Utah,63.6,62,78,62.0,14.7,14.5,16,0.0,0.0,74.3,74.0,81.1,78.0,82.1,84.0,9.0,8.0,13,3.1,4
0.5,0.05,2.0,North Dakota,63.6,57,90,57.0,18.2,18.0,21,0.6,1.0,82.8,86.5,91.1,90.0,102.7,89.0,5.3,5.0,7,4.7,6
1.0,0.25,0.5,Virginia,63.6,60,69,60.0,22.7,22.5,25,0.0,0.0,70.8,69.0,74.7,77.0,62.8,72.0,14.8,14.0,20,7.8,10
2.0,0.25,0.5,Virginia,63.6,60,69,60.0,27.3,28.0,30,0.0,0.0,70.0,69.0,73.3,73.0,72.7,72.0,19.8,20.0,25,9.4,12
1.0,0.25,2.0,Virginia,63.6,60,69,60.0,28.1,28.0,30,0.0,0.0,70.1,69.0,73.7,73.5,76.7,72.0,18.7,19.5,23,9.5,12
0.5,0.01,0.5,Idaho,63.6,55,99,58.5,6.8,7.5,10,0.0,0.0,74.7,68.5,79.3,72.0,40.5,28.0,20.1,21.0,23,10.6,14
0.5,0.1,2.0,South Carolina,64.0,64,64,64.0,10.5,11.0,12,0.4,1.0,93.9,105.0,114.0,113.0,71.5,72.0,7.1,7.0,11,1.4,3
1.0,0.05,2.0,Montana,64.1,56,83,56.0,10.6,10.0,14,0.0,0.0,95.9,83.0,128.8,132.0,441.22222222222223,460.0,1.4,1.0,3,3.4,5
2.0,0.1,1.0,Montana,64.1,56,83,56.0,12.7,13.0,15,0.0,0.0,92.4,83.0,116.4,113.0,294.875,287.0,1.1,1.0,2,4.9,6
2.0,0.25,1.0,North Carolina,64.2,62,74,63.0,26.5,26.5,29,0.0,0.0,71.6,71.0,75.2,74.0,78.0,81.0,11.3,11.5,15,6.2,8
0.5,0.05,0.5,Washington,64.2,57,67,66.0,12.4,12.0,14,0.0,0.0,67.5,67.0,71.0,74.0,28.0,28.0,9.6,10.0,12,8.1,11
1.0,0.01,0.5,Idaho,64.2,51,99,58.5,7.7,7.0,14,0.0,0.0,69.6,65.5,77.6,71.0,28.0,28.0,26.6,27.0,36,13.3,17
1.0,0.1,2.0,Indiana,64.2,54,75,63.0,59.0,58.0,63,0.0,0.0,69.1,69.0,73.4,75.0,46.3,28.0,31.1,30.5,38,16.1,18
ALL,ALL,ALL,North Dakota,64.20833333333333,46,96,57.0,17.294444444444444,18.0,25,0.5944444444444444,2.0,86.04444444444445,84.0,96.63333333333334,90.0,101.57670454545455,89.0,5.405555555555556,5.0,13,4.219444444444444,8
0.5,0.25,0.5,Vermont,64.4,62,65,65.0,10.9,11.0,12,0.0,0.0,69.9,70.5,73.0,73.0,96.7,97.0,6.3,7.0,9,2.0,3
1.0,0.05,1.0,Utah,64.4,62,74,62.0,14.1,14.0,15,0.0,0.0,78.6,76.0,90.5,92.0,66.0,83.0,9.3,9.0,13,3.1,4
1.0,0.1,1.0,Illinois,64.4,52,66,66.0,55.9,56.0,58,0.0,0.0,67.3,68.0,68.7,69.0,76.3,87.0,26.7,27.0,31,6.9,8
0.5,0.1,0.5,Illinois,64.5,52,66,66.0,43.4,43.5,45,0.0,0.0,68.1,68.0,69.7,69.0,77.7,87.0,11.5,11.5,17,7.2,8
0.5,0.01,1.0,Michigan,64.5,58,89,60.0,36.3,35.5,42,0.1,1.0,82.5,81.0,92.9,94.0,118.6,118.0,11.7,10.5,16,14.1,20
2.0,0.01,0.5,Michigan,64.5,60,79,60.0,39.0,39.5,44,0.0,0.0,77.8,79.0,85.9,84.5,76.1,93.5,15.1,15.5,19,18.1,24
ALL,ALL,ALL,Missouri,64.59166666666667,58,109,58.0,56.227777777777774,59.0,73,0.002777777777777778,1.0,75.71388888888889,69.0,80.52222222222223,75.0,53.030640668523674,28.0,9.01388888888889,9.0,19,12.6,24
1.0,0.1,2.0,Massachusetts,64.6,53,89,53.0,8.5,8.5,9,0.1,1.0,86.0,89.0,96.5,93.0,88.22222222222223,71.0,1.3333333333333333,1.0,2,0.2,1
1.0,0.1,0.5,Illinois,64.6,52,66,66.0,53.5,54.0,57,0.0,0.0,67.8,68.0,68.9,69.0,70.2,87.0,19.3,19.0,23,6.5,9
0.5,0.1,2.0,Illinois,64.6,52,66,66.0,55.2,55.5,57,0.0,0.0,67.9,68.0,69.4,69.0,79.8,87.0,25.7,25.0,31,6.8,8
2.0,0.05,0.5,Illinois,64.6,52,66,66.0,54.1,55.0,56,0.0,0.0,70.4,69.0,73.6,71.5,93.5,94.5,26.8,27.0,30,7.2,9
0.5,0.25,2.0,Vermont,64.7,62,65,65.0,11.4,11.0,13,0.0,0.0,69.5,69.0,72.6,72.0,96.7,97.0,9.1,9.0,12,2.6,3
0.5,0.25,1.0,Vermont,64.7,62,65,65.0,11.2,11.0,12,0.0,0.0,69.5,69.0,72.3,72.0,96.1,97.0,7.5,7.5,10,2.8,4
1.0,0.25,2.0,Vermont,64.7,62,65,65.0,11.2,11.0,12,0.0,0.0,70.4,72.0,72.9,74.0,96.4,97.0,9.7,9.0,12,2.8,4
1.0,0.1,0.5,Vermont,64.7,62,65,65.0,11.0,11.0,12,0.0,0.0,70.4,72.0,73.2,74.0,75.7,97.0,7.5,7.5,10,3.0,4
2.0,0.25,2.0,Vermont,64.7,62,65,65.0,10.8,11.0,12,0.0,0.0,69.5,69.0,72.3,72.0,96.7,97.0,8.6,8.5,10,3.2,4
2.0,0.25,0.5,North Carolina,64.7,62,74,62.0,27.0,27.0,29,0.0,0.0,68.7,67.0,74.0,72.5,78.0,81.0,10.6,11.0,13,5.1,7
1.0,0.05,0.5,Utah,64.8,62,78,62.0,14.0,14.0,15,0.0,0.0,77.7,74.0,88.4,91.5,73.6,74.0,8.4,9.0,10,3.0,4
2.0,0.01,2.0,Michigan,64.9,60,83,60.0,40.8,40.0,47,0.0,0.0,79.3,81.0,89.3,89.5,52.4,28.0,16.7,16.5,20,16.7,21
0.5,0.01,0.5,Wyoming,65.0,56,71,71.0,8.8,9.0,10,0.0,0.0,76.8,74.0,93.5,92.5,106.66666666666667,101.0,2.7777777777777777,3.0,5,0.2,1
0.5,0.1,0.5,Vermont,65.0,65,65,65.0,11.1,11.0,12,0.0,0.0,71.4,72.0,73.6,74.0,96.1,97.0,6.2,6.0,9,2.0,3
2.0,0.25,1.0,Vermont,65.0,65,65,65.0,11.7,12.0,13,0.0,0.0,70.1,69.0,72.9,72.0,95.8,97.0,8.0,8.0,11,2.3,3
1.0,0.25,0.5,Vermont,65.0,65,65,65.0,11.4,11.0,12,0.0,0.0,70.5,70.5,73.0,73.0,95.2,95.5,8.2,8.0,11,2.6,3
1.0,0.25,1.0,Vermont,65.0,65,65,65.0,11.4,11.0,12,0.0,0.0,71.0,72.0,73.5,74.0,96.1,97.0,8.4,8.0,11,2.6,3
2.0,0.25,0.5,Vermont,65.0,65,65,65.0,11.2,11.0,12,0.0,0.0,70.2,69.0,72.8,72.0,96.1,97.0,8.4,8.0,10,2.8,4
0.5,0.1,2.0,Vermont,65.0,65,65,65.0,11.1,11.0,12,0.0,0.0,72.3,72.0,76.0,74.0,82.6,97.0,9.4,9.0,13,2.9,4
2.0,0.1,1.0,Vermont,65.0,65,65,65.0,11.0,11.0,12,0.0,0.0,71.8,72.0,75.6,74.0,88.9,97.0,8.6,9.0,10,3.0,4
0.5,0.1,1.0,Vermont,65.0,65,65,65.0,10.9,11.0,12,0.0,0.0,70.5,70.5,73.2,74.0,61.3,59.5,7.5,7.5,10,3.1,4
2.0,0.1,2.0,Vermont,65.0,65,65,65.0,10.9,11.0,13,0.0,0.0,72.0,72.0,76.2,74.0,89.5,97.0,7.8,8.0,9,3.1,4
1.0,0.1,1.0,Vermont,65.0,65,65,65.0,10.9,11.0,12,0.0,0.0,71.5,72.0,75.2,74.0,95.2,97.0,10.0,10.0,12,3.1,4
1.0,0.05,2.0,Vermont,65.0,65,65,65.0,10.7,10.5,12,0.0,0.0,72.7,73.0,80.4,77.0,63.5,60.5,8.3,9.0,11,3.2,4
0.5,0.05,2.0,Vermont,65.0,65,65,65.0,10.8,11.0,11,0.0,0.0,72.9,74.0,78.1,77.0,54.4,28.0,8.7,9.5,11,3.2,4
0.5,0.25,2.0,South Carolina,65.0,58,86,64.0,10.9,11.0,13,0.1,1.0,74.0,69.0,91.7,86.0,71.7,71.0,10.8,11.0,14,3.3,4
2.0,0.01,0.5,Wisconsin,65.0,54,86,62.5,40.5,41.0,48,0.0,0.0,76.2,73.0,82.4,80.5,28.0,28.0,54.3,56.0,60,20.1,24
1.0,0.05,2.0,Florida,65.1,56,77,63.0,14.8,14.5,20,0.2,1.0,72.8,74.0,76.4,77.0,45.5,28.0,35.5,37.5,41,19.3,23
1.0,0.01,1.0,California,65.1,62,83,64.0,4.5,4.0,7,13.2,29.0,107.2,92.0,140.5,105.5,33.7,28.0,65.3,63.5,78,28.1,30
0.5,0.25,1.0,North Carolina,65.3,62,74,63.0,18.7,19.0,22,0.0,0.0,72.2,72.5,77.3,74.5,72.4,82.0,4.9,5.0,7,2.7,5
0.5,0.25,2.0,North Carolina,65.3,62,74,63.0,26.6,26.5,29,0.0,0.0,69.6,71.0,74.5,74.0,75.7,73.5,9.9,10.5,12,3.7,5
0.5,0.25,1.0,Virginia,65.4,60,69,69.0,21.4,21.0,23,0.0,0.0,73.8,77.0,78.6,77.0,40.1,28.0,13.2,13.0,16,6.7,9
1.0,0.25,1.0,Virginia,65.4,60,69,69.0,27.5,28.0,30,0.0,0.0,71.0,70.0,76.0,77.0,41.2,28.0,17.3,16.5,22,7.8,11
2.0,0.01,0.5,Ohio,65.4,46,97,64.0,54.3,53.0,60,0.0,0.0,83.6,83.5,94.6,97.0,99.9,97.0,13.2,12.5,17,10.0,12
2.0,0.25,1.0,South Carolina,65.5,58,86,64.0,13.2,13.0,15,0.6,1.0,77.2,77.5,91.1,89.5,71.7,71.0,13.9,14.0,17,3.6,4
ALL,ALL,ALL,Kentucky,65.53888888888889,56,124,56.0,41.958333333333336,43.0,60,0.027777777777777776,1.0,75.40833333333333,65.0,82.08888888888889,79.0,87.575,75.0,21.2,22.0,37,8.713888888888889,16
ALL,ALL,ALL,Florida,65.56111111111112,55,123,63.0,13.46111111111111,13.0,20,0.3861111111111111,3.0,72.6,66.0,79.58888888888889,74.0,50.11944444444445,28.0,26.719444444444445,28.0,46,18.122222222222224,25
2.0,0.1,0.5,Vermont,65.6,65,71,65.0,10.9,11.0,12,0.0,0.0,71.6,72.0,74.2,74.0,96.4,97.0,8.2,9.0,9,3.1,5
2.0,0.05,1.0,Utah,65.6,62,74,62.0,14.2,14.0,15,0.0,0.0,78.6,76.0,85.7,84.0,66.0,83.0,10.0,10.5,13,3.3,5
0.5,0.01,0.5,Pennsylvania,65.6,53,67,67.0,31.5,31.5,37,0.0,0.0,75.3,78.5,82.5,81.0,96.6,86.0,15.0,15.0,23,7.4,12
2.0,0.01,2.0,Pennsylvania,65.6,53,67,67.0,43.6,44.5,46,0.2,1.0,74.2,79.0,81.6,81.0,68.2,80.0,22.4,21.0,31,7.6,11
1.0,0.01,0.5,Pennsylvania,65.6,53,67,67.0,37.7,37.5,41,0.0,0.0,74.5,79.0,80.4,81.0,70.7,80.0,20.0,19.5,25,7.8,12
1.0,0.01,2.0,Pennsylvania,65.6,53,67,67.0,42.2,42.0,45,0.0,0.0,76.8,79.0,85.5,81.0,77.4,80.0,18.7,19.5,23,7.9,11
1.0,0.05,2.0,North Dakota,65.8,57,90,57.0,17.8,18.0,19,0.8,1.0,89.5,89.5,96.7,96.0,105.4,89.0,8.3,8.5,12,5.5,7
0.5,0.1,1.0,Illinois,65.8,65,66,66.0,50.1,49.5,54,0.0,0.0,67.6,68.0,69.1,69.0,78.3,90.5,16.3,16.0,20,6.9,9
1.0,0.1,2.0,Vermont,65.9,65,74,65.0,11.3,11.0,13,0.0,0.0,73.1,72.0,77.2,74.0,83.2,97.0,9.0,9.0,12,2.7,4
1.0,0.05,0.5,Vermont,65.9,65,74,65.0,10.7,11.0,12,0.0,0.0,74.4,72.0,79.2,74.0,70.0,91.0,7.9,8.0,11,3.3,5
0.5,0.05,1.0,Illinois,65.9,65,66,66.0,47.7,48.0,50,0.0,0.0,70.8,70.0,74.6,74.0,82.4,87.0,17.0,17.0,22,6.1,8
1.0,0.05,2.0,Illinois,65.9,65,66,66.0,55.7,56.0,59,0.0,0.0,70.3,70.0,73.3,74.0,93.4,96.0,26.5,27.0,30,6.8,8
0.5,0.05,0.5,Florida,65.9,56,77,66.0,12.0,12.0,15,0.9,2.0,74.7,74.0,79.3,80.0,85.5,85.0,11.8,12.5,15,11.2,14
0.5,0.01,0.5,Illinois,66.0,66,66,66.0,30.3,30.5,32,0.0,0.0,86.3,88.0,94.3,98.0,106.5,107.0,9.0,9.0,14,2.6,5
1.0,0.01,1.0,Illinois,66.0,66,66,66.0,43.5,44.5,47,0.0,0.0,87.9,90.0,96.5,94.0,55.0,28.0,20.0,20.0,24,3.8,6
0.5,0.01,2.0,Illinois,66.0,66,66,66.0,42.8,41.5,48,0.0,0.0,83.5,83.5,96.3,94.0,106.7,107.0,16.1,15.0,22,3.8,7
0.5,0.01,1.0,Illinois,66.0,66,66,66.0,33.6,35.0,38,0.0,0.0,86.2,88.0,93.8,93.0,91.0,103.0,11.4,11.0,16,4.0,5
1.0,0.01,0.5,Illinois,66.0,66,66,66.0,35.2,35.0,42,0.0,0.0,89.7,90.5,97.0,103.0,68.5,90.0,15.7,15.5,20,4.0,6
2.0,0.01,0.5,Illinois,66.0,66,66,66.0,44.8,46.0,47,0.0,0.0,86.6,88.0,99.2,100.5,89.0,107.0,18.6,19.5,23,4.0,7
2.0,0.01,1.0,Illinois,66.0,66,66,66.0,48.4,48.0,52,0.0,0.0,86.6,82.0,96.5,98.0,102.8,107.0,19.9,20.0,23,5.0,6
2.0,0.01,2.0,Illinois,66.0,66,66,66.0,49.1,48.5,53,0.0,0.0,83.9,80.0,96.9,94.0,101.5,107.0,19.3,20.0,27,5.0,8
1.0,0.01,2.0,Illinois,66.0,66,66,66.0,46.9,47.0,51,0.0,0.0,86.5,90.0,97.3,96.0,97.5,103.0,19.4,18.0,27,5.2,8
0.5,0.05,0.5,Illinois,66.0,66,66,66.0,42.2,43.0,45,0.0,0.0,70.7,71.0,73.0,74.0,87.2,87.0,11.8,12.0,15,5.5,7
1.0,0.05,1.0,Illinois,66.0,66,66,66.0,52.3,52.0,59,0.0,0.0,71.3,72.0,75.8,74.0,93.3,96.0,25.3,25.0,29,5.8,8
1.0,0.05,0.5,Illinois,66.0,66,66,66.0,48.9,49.0,51,0.0,0.0,71.9,74.0,76.5,75.5,75.2,94.5,18.6,19.0,21,6.0,8
2.0,0.05,1.0,Illinois,66.0,66,66,66.0,55.5,55.0,58,0.0,0.0,72.7,72.0,76.3,74.5,95.4,96.5,26.1,26.5,29,7.1,9
2.0,0.1,2.0,Illinois,66.0,66,66,66.0,58.9,59.0,62,0.0,0.0,68.2,68.0,70.2,69.5,83.8,94.0,28.8,29.0,35,7.6,12
2.0,0.05,2.0,Illinois,66.0,66,66,66.0,55.7,55.0,59,0.0,0.0,70.1,69.0,73.8,74.0,79.8,91.0,28.9,27.5,34,8.0,10
2.0,0.1,2.0,Indiana,66.0,59,75,65.0,60.3,60.0,66,0.0,0.0,70.9,72.0,74.4,75.0,46.8,28.0,27.3,27.5,32,16.1,20
1.0,0.01,2.0,Michigan,66.0,58,99,60.0,39.0,39.0,44,0.0,0.0,78.6,76.5,87.0,83.0,47.1,28.0,18.5,18.0,21,17.5,22
0.5,0.01,0.5,California,66.0,46,90,62.0,5.0,5.0,9,10.4,24.0,89.4,92.0,110.44444444444444,107.0,35.4,28.0,48.1,50.0,55,24.7,29
2.0,0.05,2.0,Utah,66.2,62,92,62.0,14.1,14.0,16,0.0,0.0,79.3,74.0,92.9,94.0,58.5,74.0,10.6,11.0,14,3.5,6
1.0,0.01,0.5,Ohio,66.2,46,102,60.0,50.9,51.5,55,0.1,1.0,79.2,77.0,88.4,86.0,103.0,89.0,13.8,13.5,24,9.5,14
2.0,0.1,2.0,South Carolina,66.3,58,93,64.0,13.8,14.0,15,0.2,1.0,89.7,86.0,105.0,93.0,70.6,70.5,14.0,14.0,18,2.9,4
2.0,0.25,1.0,Virginia,66.3,60,69,69.0,29.0,29.0,31,0.0,0.0,70.4,70.0,76.2,77.0,77.3,75.5,15.6,15.5,21,10.1,12
2.0,0.01,2.0,Ohio,66.3,46,83,70.5,56.6,56.0,61,0.3,1.0,84.2,83.5,94.3,97.0,97.4,94.0,15.6,15.5,22,11.2,16
0.5,0.01,2.0,Michigan,66.3,60,104,60.0,39.2,39.5,44,0.3,2.0,82.1,79.0,87.3,83.0,48.1,28.0,16.0,18.0,20,16.7,23
0.5,0.01,1.0,California,66.3,46,90,64.0,4.4,4.5,6,5.6,21.0,75.5,65.0,95.44444444444444,98.0,31.9,28.0,58.9,62.0,66,26.4,31
0.5,0.05,1.0,Vermont,66.6,65,74,65.0,11.1,11.0,12,0.0,0.0,74.9,74.0,84.1,87.5,53.8,28.0,7.0,7.0,9,2.8,5
0.5,0.01,0.5,Michigan,66.6,58,94,60.0,29.0,30.5,33,0.1,1.0,79.6,80.0,92.2,89.0,98.8,102.5,9.6,9.5,13,10.8,15
1.0,0.01,2.0,New York,66.6,55,105,61.0,11.3,9.5,17,0.6,2.0,88.8,89.5,99.1,102.5,28.0,28.0,165.0,163.5,181,36.0,41
0.5,0.05,0.5,Kentucky,66.7,56,79,65.5,31.6,31.5,36,0.0,0.0,73.6,72.0,81.6,83.5,83.4,84.0,9.2,8.5,13,6.0,10
0.5,0.01,2.0,Colorado,66.7,57,83,63.5,19.6,19.5,23,0.3,2.0,72.5,75.0,83.0,76.0,32.8,28.0,27.6,26.5,33,7.5,10
1.0,0.05,0.5,Montana,66.8,56,83,56.0,7.5,8.0,8,0.0,0.0,101.0,83.0,133.1,132.0,,,0.0,0.0,0,1.1,3
1.0,0.05,1.0,Montana,66.8,56,83,56.0,9.7,9.5,12,0.0,0.0,97.3,92.5,128.9,132.0,419.6666666666667,460.0,0.6,1.0,1,1.9,4
2.0,0.05,0.5,Utah,66.8,62,74,62.0,14.5,14.5,16,0.0,0.0,81.5,76.0,92.5,91.5,74.0,83.0,9.5,9.0,14,2.7,4
2.0,0.05,2.0,Vermont,66.8,65,74,65.0,11.0,11.0,13,0.0,0.0,75.9,74.0,81.5,78.0,69.0,91.0,8.1,8.0,12,3.0,4
1.0,0.1,2.0,Montana,66.8,56,83,56.0,11.5,11.0,14,0.0,0.0,96.9,83.0,122.8,122.5,287.0,287.0,1.0,1.0,2,4.7,6
2.0,0.1,0.5,North Carolina,66.8,62,74,63.0,25.5,25.5,27,0.0,0.0,74.9,74.0,80.4,82.0,84.7,86.0,8.5,8.0,14,5.8,7
2.0,0.05,2.0,Indiana,66.8,59,75,66.0,58.7,59.0,62,0.0,0.0,73.3,75.0,78.8,76.0,55.0,28.0,27.6,27.0,32,16.2,22
2.0,0.01,1.0,Michigan,66.8,60,83,60.0,38.2,37.5,45,0.1,1.0,88.1,83.5,97.3,98.5,48.4,28.0,18.2,17.5,26,18.3,24
1.0,0.01,2.0,Wyoming,67.0,56,71,71.0,11.5,12.0,13,0.0,0.0,74.9,75.5,90.9,86.0,102.4,99.5,5.6,5.0,8,0.3,1
2.0,0.25,1.0,Maryland,67.0,58,73,69.0,12.6,12.0,14,0.0,0.0,73.8,73.0,77.6,77.0,83.7,82.0,15.9,16.5,18,2.4,3
2.0,0.25,2.0,North Carolina,67.0,62,74,63.0,28.4,28.0,32,0.0,0.0,71.9,72.5,75.5,74.5,81.0,84.0,12.5,13.5,16,5.8,8
2.0,0.01,0.5,Pennsylvania,67.0,67,67,67.0,43.9,44.0,48,0.0,0.0,76.9,79.0,84.9,84.5,81.5,80.0,21.3,21.5,29,6.5,12
1.0,0.01,1.0,Pennsylvania,67.0,67,67,67.0,41.8,42.0,47,0.1,1.0,75.7,79.0,84.1,84.5,61.5,76.0,22.7,23.5,29,7.6,14
0.5,0.01,2.0,Pennsylvania,67.0,67,67,67.0,41.0,40.5,46,0.1,1.0,75.4,78.5,85.9,81.0,84.8,80.0,21.9,21.5,29,7.8,11
2.0,0.01,1.0,Pennsylvania,67.0,67,67,67.0,43.0,43.0,47,0.1,1.0,78.1,79.0,82.9,81.0,66.4,72.0,19.7,20.0,25,8.5,12
0.5,0.01,2.0,Ohio,67.0,46,91,69.0,54.7,55.0,58,0.0,0.0,75.7,71.0,86.7,85.5,95.1,89.0,16.6,16.5,22,9.7,16
2.0,0.01,2.0,Washington,67.1,57,74,67.0,14.1,14.0,19,0.0,0.0,75.4,74.0,86.4,82.0,42.5,28.0,13.4,13.0,18,9.9,13
2.0,0.01,2.0,Nevada,67.2,61,75,67.0,5.0,5.0,5,0.0,0.0,75.0,74.5,93.9,83.0,93.0,93.0,1.0,1.0,1,0.0,0
0.5,0.1,1.0,Virginia,67.2,60,69,69.0,19.7,19.5,21,0.0,0.0,75.3,77.0,83.3,81.5,69.8,72.0,11.2,11.0,14,4.3,7
0.5,0.25,2.0,Virginia,67.2,60,69,69.0,27.3,27.0,31,0.0,0.0,71.1,70.0,76.9,77.0,47.5,28.0,16.3,16.0,21,7.2,10
2.0,0.25,2.0,Virginia,67.2,60,69,69.0,28.7,29.0,30,0.0,0.0,71.8,70.0,76.3,77.0,80.3,75.5,15.8,15.5,20,9.3,11
2.0,0.1,1.0,North Carolina,67.3,62,74,63.0,24.7,24.5,27,0.0,0.0,77.5,74.0,86.3,83.0,83.2,77.5,8.5,8.5,14,7.0,8
0.5,0.05,0.5,Vermont,67.4,65,74,65.0,10.1,10.0,12,0.0,0.0,75.3,74.0,83.5,84.0,88.8,93.5,5.8,6.0,8,2.3,4
2.0,0.1,1.0,South Carolina,67.4,64,93,64.0,12.8,13.0,14,0.2,1.0,83.1,86.0,104.8,99.0,76.9,72.0,12.6,13.0,18,3.3,4
2.0,0.01,1.0,Ohio,67.4,46,98,67.5,58.2,57.5,62,0.0,0.0,81.8,79.5,91.5,97.0,100.8,86.0,16.9,16.0,26,10.4,12
0.5,0.25,0.5,North Carolina,67.5,62,74,67.0,12.5,12.5,15,0.0,0.0,72.3,72.5,75.6,74.5,81.4,76.5,4.7,5.0,9,2.2,4
1.0,0.05,1.0,Vermont,67.5,65,74,65.0,10.6,10.5,12,0.0,0.0,74.1,74.0,80.7,80.0,66.2,59.5,7.3,7.0,10,3.3,4
1.0,0.01,1.0,Michigan,67.5,60,83,60.0,38.0,38.5,43,0.0,0.0,79.3,81.5,89.8,90.0,68.9,85.5,16.2,16.5,22,18.2,24
1.0,0.05,0.5,Indiana,67.6,57,75,67.0,51.6,51.0,56,0.0,0.0,74.2,75.5,78.8,76.0,54.0,28.0,25.3,25.0,28,13.5,16
2.0,0.05,1.0,Vermont,67.7,65,74,65.0,10.8,11.0,13,0.0,0.0,76.4,74.0,81.6,83.5,83.2,96.0,7.0,7.0,10,3.2,4
0.5,0.05,1.0,Kentucky,67.8,56,81,68.5,35.2,35.5,37,0.0,0.0,77.9,79.0,83.5,82.0,83.6,84.0,13.9,14.0,18,7.3,10
0.5,0.05,0.5,Indiana,67.9,62,75,65.0,42.5,42.0,46,0.0,0.0,73.6,75.0,78.8,76.5,52.8,28.0,21.1,20.5,27,11.3,17
0.5,0.05,1.0,Utah,68.0,62,74,68.0,13.4,13.0,14,0.0,0.0,76.5,76.0,86.2,84.0,69.5,78.5,6.7,6.0,10,2.9,4
0.5,0.1,0.5,Virginia,68.1,60,69,69.0,16.1,16.5,18,0.0,0.0,76.2,77.0,82.1,84.0,62.8,72.0,8.8,8.0,13,1.4,2
1.0,0.05,0.5,Virginia,68.1,60,69,69.0,17.5,18.0,19,0.0,0.0,74.1,77.0,89.1,80.5,73.5,75.5,13.7,13.5,17,5.4,7
1.0,0.1,1.0,Virginia,68.1,60,69,69.0,26.1,26.5,29,0.0,0.0,72.6,70.0,78.6,77.0,77.6,75.5,15.6,16.5,18,6.9,9
0.5,0.05,2.0,Virginia,68.1,60,69,69.0,20.7,21.0,22,0.0,0.0,76.2,77.0,87.9,84.0,53.3,50.0,16.0,16.0,21,7.4,10
1.0,0.1,2.0,Virginia,68.1,60,69,69.0,26.6,27.0,28,0.0,0.0,74.0,76.5,82.3,77.5,76.7,72.0,16.5,15.5,21,7.4,11
2.0,0.1,0.5,Virginia,68.1,60,69,69.0,24.8,25.5,27,0.0,0.0,73.4,73.5,80.9,77.0,70.9,72.0,16.9,16.0,21,7.8,10
0.5,0.01,1.0,Pennsylvania,68.1,67,78,67.0,36.2,36.0,39,0.0,0.0,80.2,79.0,85.8,81.0,71.0,80.0,19.1,18.5,24,8.5,13
2.0,0.01,2.0,Wyoming,68.3,56,74,71.0,11.2,11.5,13,0.0,0.0,75.9,74.0,88.8,86.0,108.4,105.0,5.1,5.0,7,0.5,1
1.0,0.25,2.0,Maryland,68.3,58,73,69.0,13.1,13.0,14,0.0,0.0,73.9,73.0,77.5,77.0,84.0,83.5,16.9,17.0,21,1.9,3
2.0,0.1,0.5,South Carolina,68.3,58,86,64.0,12.2,12.5,15,0.2,1.0,85.6,89.5,101.8,101.0,74.6,72.0,9.5,9.5,13,3.1,5
2.0,0.05,0.5,Vermont,68.3,65,74,65.0,10.4,10.0,12,0.0,0.0,75.8,74.0,80.5,78.0,61.3,59.5,8.0,8.5,10,3.6,5
2.0,0.05,1.0,Indiana,68.3,59,75,70.0,57.2,58.0,60,0.0,0.0,72.6,76.0,79.5,83.0,62.5,61.0,26.9,28.0,30,14.8,19
0.5,0.01,2.0,California,68.4,62,108,64.0,4.9,5.0,7,9.11111111111111,22.0,85.0,74.0,109.44444444444444,94.0,28.0,28.0,68.3,72.0,77,28.3,31
1.0,0.1,2.0,South Carolina,68.5,64,109,64.0,12.7,12.5,14,0.0,0.0,97.5,95.5,119.9,128.0,76.8,71.5,10.8,10.0,16,2.2,4
2.0,0.1,1.0,Massachusetts,68.6,53,93,53.0,8.7,9.0,9,0.0,0.0,88.2,93.0,96.7,101.0,138.44444444444446,71.0,1.7777777777777777,2.0,3,0.0,0
0.5,0.01,1.0,Washington,68.7,57,74,67.0,9.8,10.0,12,0.4,4.0,84.5,82.5,95.5,98.0,68.7,86.0,12.2,12.0,17,10.6,12
ALL,ALL,ALL,Indiana,68.725,53,109,64.0,53.28333333333333,55.0,70,0.013888888888888888,1.0,74.41111111111111,75.0,78.72777777777777,76.0,52.24166666666667,28.0,24.594444444444445,25.0,38,13.661111111111111,22
0.5,0.1,0.5,North Carolina,68.8,62,74,71.0,9.4,9.0,12,0.0,0.0,77.7,74.5,91.2,82.0,104.3,96.5,2.4,2.0,5,0.9,2
1.0,0.01,0.5,Oregon,68.8,53,86,66.0,11.3,11.0,14,0.0,0.0,84.2,85.5,95.7,92.0,104.1,98.5,6.0,6.0,9,2.2,4
2.0,0.25,0.5,Maryland,68.9,58,76,69.0,12.9,13.0,14,0.0,0.0,74.3,73.0,76.7,77.0,83.4,82.5,15.6,15.0,19,2.1,4
0.5,0.05,0.5,Virginia,69.0,69,69,69.0,14.7,15.0,16,0.0,0.0,77.0,77.0,90.8,84.0,72.5,72.0,8.2,8.0,12,0.9,2
0.5,0.25,0.5,Virginia,69.0,69,69,69.0,17.9,18.0,20,0.0,0.0,76.7,77.0,80.0,78.0,53.3,50.0,9.3,8.5,12,1.9,2
0.5,0.05,1.0,Virginia,69.0,69,69,69.0,18.0,18.0,21,0.0,0.0,77.0,77.0,97.4,106.0,55.0,28.0,11.6,12.5,14,4.0,6
1.0,0.1,0.5,Virginia,69.0,69,69,69.0,20.5,21.0,22,0.0,0.0,75.6,77.0,84.8,84.0,63.4,72.0,14.4,14.5,20,5.9,7
1.0,0.05,2.0,Virginia,69.0,69,69,69.0,23.8,24.0,25,0.0,0.0,75.6,77.0,91.6,85.0,64.8,72.0,15.5,15.0,18,6.2,9
0.5,0.1,2.0,Virginia,69.0,69,69,69.0,24.1,24.5,28,0.0,0.0,74.2,77.0,80.1,77.5,55.1,72.0,15.4,15.5,20,6.4,8
1.0,0.05,1.0,Virginia,69.0,69,69,69.0,21.8,21.5,24,0.0,0.0,74.9,77.0,90.2,84.0,66.1,75.5,13.3,14.0,17,6.8,9
2.0,0.05,1.0,Virginia,69.0,69,69,69.0,24.2,24.0,26,0.0,0.0,76.3,77.0,87.5,84.0,48.9,28.0,15.7,15.0,20,7.0,10
2.0,0.05,2.0,Virginia,69.0,69,69,69.0,24.8,24.0,28,0.0,0.0,75.6,77.0,88.7,84.0,71.8,75.5,14.7,14.0,18,7.1,9
2.0,0.05,0.5,Virginia,69.0,69,69,69.0,22.7,23.0,25,0.0,0.0,74.9,77.0,84.5,84.0,94.0,107.0,15.2,15.5,19,7.5,10
2.0,0.1,2.0,Virginia,69.0,69,69,69.0,26.5,27.0,29,0.0,0.0,74.2,77.0,81.6,84.0,72.2,72.0,15.1,15.0,19,8.0,12
2.0,0.1,1.0,Virginia,69.0,69,69,69.0,26.0,26.0,29,0.0,0.0,75.6,77.0,88.6,85.0,56.7,50.0,15.4,15.5,18,8.4,12
2.0,0.01,0.5,New York,69.0,59,101,63.0,9.8,10.0,14,5.1,23.0,95.3,89.0,109.4,108.0,28.0,28.0,164.4,162.0,188,37.5,42
0.5,0.05,0.5,Utah,69.2,62,74,74.0,11.8,12.0,14,0.0,0.0,81.4,78.0,90.4,91.5,69.3,78.5,6.8,7.0,9,1.4,3
0.5,0.01,0.5,Ohio,69.2,46,101,71.0,36.3,37.0,41,0.0,0.0,87.5,86.5,94.2,92.5,89.0,89.0,12.0,11.5,15,8.5,13
1.0,0.25,0.5,Maryland,69.3,58,76,70.5,12.3,12.5,13,0.0,0.0,74.5,73.0,77.9,77.5,83.6,82.0,12.6,12.0,16,1.9,3
0.5,0.1,1.0,South Carolina,69.4,58,86,64.0,9.3,9.5,11,0.4,1.0,96.1,95.5,112.6,109.0,77.2,73.0,6.0,6.0,10,1.6,3
0.5,0.1,2.0,North Carolina,69.4,62,74,74.0,25.0,25.0,29,0.0,0.0,75.9,75.0,85.9,89.0,100.6,96.5,6.7,7.0,9,3.2,5
0.5,0.1,1.0,North Carolina,69.4,62,74,74.0,16.9,17.0,20,0.0,0.0,78.0,82.0,86.0,84.0,91.9,86.0,4.9,5.0,8,3.3,5
1.0,0.01,1.0,Washington,69.4,67,77,67.0,11.8,12.5,14,0.4,4.0,84.8,78.0,90.9,90.0,38.8,28.0,14.0,14.0,17,10.4,17
ALL,ALL,ALL,Utah,69.49166666666666,44,154,62.0,13.36111111111111,14.0,16,0.04722222222222222,1.0,82.91666666666667,74.0,93.42777777777778,84.0,84.01944444444445,84.0,7.847222222222222,8.0,14,3.033333333333333,8
2.0,0.01,1.0,Wyoming,69.5,56,71,71.0,11.1,11.0,12,0.0,0.0,81.8,81.0,95.0,97.0,100.8,98.0,5.1,4.0,8,0.3,1
2.0,0.05,0.5,Montana,69.5,56,83,69.5,10.4,10.5,12,0.0,0.0,102.1,98.0,133.1,133.5,385.6,449.0,1.6,1.0,4,2.9,5
2.0,0.05,2.0,Montana,69.5,56,83,69.5,10.6,11.0,12,0.0,0.0,106.2,98.0,130.9,132.0,213.2,287.0,0.9,0.5,3,3.6,6
2.0,0.01,0.5,Oregon,69.6,66,81,66.0,15.7,15.5,17,0.0,0.0,84.6,87.0,95.8,93.5,107.5,101.0,6.3,5.5,11,4.1,6
2.0,0.25,0.5,Tennessee,69.6,67,80,67.0,45.7,46.0,48,0.0,0.0,81.2,80.0,87.2,86.0,99.4,97.0,22.8,22.5,26,6.6,8
2.0,0.05,0.5,Indiana,69.6,54,76,75.0,57.2,58.0,62,0.0,0.0,75.3,76.0,79.9,81.5,47.8,28.0,28.9,28.5,36,13.3,20
2.0,0.01,0.5,Nevada,69.7,66,93,66.0,4.8,5.0,5,0.0,0.0,81.6,83.0,101.8,87.0,,,0.0,0.0,0,0.0,0
2.0,0.25,2.0,Maryland,69.7,58,74,70.5,13.2,13.0,14,0.0,0.0,73.8,73.0,77.1,77.0,82.7,82.0,16.2,16.5,20,1.8,3
1.0,0.1,1.0,Maryland,69.7,58,76,73.0,12.5,12.0,14,0.0,0.0,77.0,77.0,80.3,80.5,84.6,85.5,14.3,15.0,19,2.1,3
0.5,0.05,1.0,Florida,69.7,56,77,70.5,14.6,15.0,17,0.5,2.0,75.3,75.5,79.2,80.0,53.2,28.0,18.5,18.0,24,15.2,17
1.0,0.05,0.5,North Carolina,69.9,62,78,74.0,16.5,17.0,19,0.0,0.0,81.7,85.5,111.8,105.0,106.7,129.0,4.9,4.0,8,1.3,3
2.0,0.1,2.0,North Carolina,70.0,62,74,74.0,26.8,27.0,29,0.0,0.0,77.3,77.0,83.8,89.0,92.8,89.5,8.9,8.0,12,5.9,9
1.0,0.1,2.0,North Carolina,70.0,62,74,74.0,23.6,23.0,28,0.0,0.0,77.2,75.0,86.9,84.0,93.8,86.0,7.4,6.5,13,8.3,11
1.0,0.01,2.0,Oregon,70.1,53,88,66.0,14.8,15.0,17,0.0,0.0,88.8,88.5,98.0,98.5,107.0,98.0,7.2,7.5,10,4.6,9
0.5,0.05,1.0,Indiana,70.1,59,76,75.0,49.2,49.5,53,0.0,0.0,75.1,76.0,79.3,80.0,65.9,89.0,24.6,24.5,28,11.7,17
0.5,0.01,0.5,Washington,70.2,67,82,67.0,8.3,8.0,12,0.3,1.0,85.9,77.0,94.5,82.0,45.2,28.0,12.3,12.5,15,8.5,12
2.0,0.01,1.0,New York,70.2,59,101,63.0,10.3,11.0,14,2.4,8.0,93.8,93.0,110.7,113.0,28.0,28.0,163.0,163.0,186,36.9,40
1.0,0.1,0.5,South Carolina,70.3,64,105,64.0,11.5,11.5,13,0.3,1.0,100.5,95.5,120.0,122.5,78.7,72.0,6.3,7.0,9,1.3,3
1.0,0.05,2.0,Indiana,70.3,59,76,75.0,55.8,56.0,60,0.0,0.0,77.3,76.0,80.9,82.0,81.9,94.0,27.7,28.5,32,16.1,19
1.0,0.01,0.5,Wyoming,70.5,61,76,71.0,8.6,9.0,9,0.0,0.0,82.5,75.0,90.5,81.5,94.9,99.5,4.5,4.5,7,0.2,1
1.0,0.01,0.5,Washington,70.5,57,83,67.0,10.3,10.5,14,0.2,1.0,81.2,77.0,87.0,82.0,33.4,28.0,13.8,14.5,16,9.6,12
0.5,0.05,2.0,Indiana,70.5,59,76,75.0,54.2,55.0,57,0.0,0.0,76.2,76.0,79.8,78.0,41.4,28.0,29.1,31.5,32,14.2,17
0.5,0.25,1.0,Maryland,70.7,58,73,73.0,11.4,11.0,12,0.0,0.0,75.4,76.0,77.6,77.0,84.3,84.0,13.1,13.5,15,1.6,2
ALL,ALL,ALL,Virginia,70.77777777777777,60,179,69.0,20.98611111111111,21.0,31,0.005555555555555556,1.0,86.41944444444445,77.0,100.58888888888889,84.0,66.36944444444444,72.0,13.419444444444444,14.0,25,5.705555555555556,12
2.0,0.05,0.5,Massachusetts,70.8,53,93,64.0,8.1,8.0,9,0.0,0.0,90.1,93.0,101.3,101.0,133.875,71.0,1.25,1.0,2,0.0,0
1.0,0.25,1.0,Maryland,70.8,58,77,72.0,13.0,13.0,14,0.0,0.0,75.0,74.5,77.6,77.0,84.9,85.5,15.3,14.0,19,2.0,3
2.0,0.01,2.0,New York,70.8,59,105,63.0,9.8,10.0,13,0.8,2.0,84.8,83.0,102.3,97.0,28.0,28.0,162.1,166.5,184,37.6,42
0.5,0.25,1.0,Tennessee,70.9,67,80,67.0,33.5,33.5,36,0.0,0.0,83.5,80.0,89.5,91.5,99.4,97.0,18.4,18.5,22,6.5,9
2.0,0.01,0.5,Wyoming,71.0,71,71,71.0,11.2,11.5,13,0.0,0.0,76.1,74.0,90.1,81.5,95.4,98.0,4.4,4.0,8,0.4,2
0.5,0.25,0.5,Connecticut,71.0,71,71,71.0,5.9,6.0,7,0.0,0.0,95.0,95.0,98.5,98.5,95.5,95.5,1.9,2.0,3,0.9,2
1.0,0.1,0.5,North Carolina,71.0,62,74,74.0,19.6,20.0,23,0.0,0.0,79.3,82.0,86.5,88.5,98.1,86.0,5.0,5.0,7,2.0,4
ALL,ALL,ALL,Vermont,71.10555555555555,62,146,65.0,10.8,11.0,13,0.03333333333333333,1.0,82.59722222222223,72.0,89.71111111111111,74.0,76.41388888888889,94.0,7.477777777777778,8.0,13,2.8472222222222223,5
2.0,0.01,0.5,Washington,71.3,67,89,67.0,11.7,12.0,15,0.0,0.0,79.9,75.5,88.5,82.0,48.3,28.0,15.3,15.0,19,11.4,15
0.5,0.25,2.0,Maryland,71.4,69,73,73.0,12.8,13.0,14,0.0,0.0,75.5,76.5,78.6,78.5,83.8,83.0,15.5,14.5,19,2.2,3
0.5,0.25,1.0,Connecticut,71.6,71,77,71.0,6.5,7.0,7,0.0,0.0,96.6,97.0,99.5,100.0,94.4,90.0,3.4,3.5,5,0.5,2
2.0,0.1,2.0,Maryland,71.6,69,76,72.5,13.1,13.0,14,0.0,0.0,76.7,77.0,79.2,80.5,84.6,85.5,13.3,14.0,16,1.8,2
1.0,0.1,2.0,Maryland,71.6,58,79,73.0,12.8,13.0,13,0.0,0.0,78.2,79.0,80.7,81.0,85.1,87.0,13.3,13.5,16,1.9,3
0.5,0.25,0.5,Maryland,71.6,69,73,72.5,9.3,9.0,11,0.0,0.0,74.9,74.5,78.4,77.0,85.6,87.0,12.2,12.0,17,2.1,3
1.0,0.1,1.0,North Carolina,71.6,62,74,74.0,23.1,23.5,25,0.0,0.0,81.5,83.0,98.9,89.0,129.7,126.0,7.1,7.0,10,5.3,8
0.5,0.05,2.0,North Carolina,71.7,62,74,74.0,23.0,23.0,27,0.0,0.0,84.3,86.5,114.2,105.0,119.4,129.0,5.4,5.0,9,1.8,3
2.0,0.01,1.0,Washington,71.7,57,82,70.5,13.4,13.5,17,0.0,0.0,81.3,78.5,86.3,82.5,51.9,28.0,16.1,17.0,19,9.8,12
0.5,0.01,2.0,Wyoming,71.8,56,104,71.0,10.4,10.0,12,0.0,0.0,82.2,81.0,92.7,86.0,111.3,109.0,3.2,3.0,5,0.1,1
1.0,0.01,0.5,Michigan,71.8,60,104,71.0,38.2,37.5,45,0.1,1.0,85.5,83.0,94.4,96.0,73.0,81.0,15.1,16.0,21,14.2,20
1.0,0.01,0.5,Nevada,71.9,63,98,68.5,4.7,5.0,5,0.0,0.0,84.0,83.0,103.4,90.0,100.0,100.0,1.5,1.5,2,0.0,0
1.0,0.05,1.0,Indiana,72.0,63,76,75.0,56.3,57.0,58,0.0,0.0,76.3,76.0,80.0,83.5,58.7,54.5,27.9,28.0,35,13.9,20
1.0,0.1,0.5,Maryland,72.1,58,79,73.0,11.8,12.0,13,0.0,0.0,77.7,78.0,81.0,81.0,85.7,87.0,10.9,11.0,13,2.2,4
1.0,0.01,2.0,Washington,72.1,57,106,67.0,13.9,14.0,18,0.1,1.0,80.3,74.5,85.5,82.0,42.8,28.0,16.2,15.5,19,10.4,15
2.0,0.01,1.0,Oregon,72.2,53,92,66.0,15.3,15.0,19,0.0,0.0,89.3,88.0,98.6,92.0,120.8,111.0,5.8,5.5,10,4.0,6
2.0,0.05,0.5,North Carolina,72.2,62,74,74.0,23.2,23.0,26,0.0,0.0,84.4,89.0,119.7,123.0,130.9,126.5,5.1,4.5,10,5.1,8
0.5,0.01,0.5,New York,72.2,59,116,63.0,6.6,6.5,11,1.9,7.0,93.5,89.5,145.5,104.5,28.0,28.0,107.5,105.0,134,31.5,37
1.0,0.01,0.5,New York,72.2,55,113,63.0,10.2,9.5,15,1.3,7.0,89.9,89.0,105.5,108.5,28.0,28.0,139.9,135.0,178,35.0,40
2.0,0.05,2.0,North Carolina,72.3,63,74,74.0,23.7,24.0,25,0.0,0.0,84.0,89.0,117.8,123.0,73.2,85.5,5.8,6.0,9,7.1,9
ALL,ALL,ALL,Massachusetts,72.35833333333333,53,136,53.0,7.95,8.0,9,0.06111111111111111,1.0,93.35,93.0,104.25277777777778,101.0,130.31229235880397,71.0,1.5049180327868852,1.0,4,0.15,2
0.5,0.1,0.5,South Carolina,72.5,58,109,64.0,6.6,7.0,9,0.2,2.0,97.0,105.0,119.1,116.5,83.0,71.5,5.6,5.0,10,1.5,4
1.0,0.05,0.5,Massachusetts,72.6,53,93,71.0,7.6,7.5,9,0.0,0.0,92.7,93.0,103.6,108.0,135.0,71.0,1.4444444444444444,1.0,3,0.0,0
1.0,0.25,1.0,Connecticut,72.8,71,77,71.0,6.8,7.0,7,0.0,0.0,95.4,97.0,98.4,98.0,96.6,101.0,2.7,3.0,5,0.2,1
1.0,0.05,1.0,North Carolina,72.9,63,74,74.0,22.6,23.0,24,0.0,0.0,82.1,80.5,108.8,89.0,113.6,129.0,6.0,6.0,9,5.0,7
2.0,0.25,1.0,Connecticut,73.0,71,91,71.0,6.9,7.0,7,0.0,0.0,95.6,97.0,98.4,98.0,94.4,90.0,2.8,3.0,4,0.1,1
0.5,0.05,0.5,North Carolina,73.0,63,75,74.0,8.1,8.0,9,0.0,0.0,83.5,83.0,102.3,89.0,114.4,129.0,2.1,2.0,4,0.9,2
1.0,0.05,1.0,Maryland,73.0,58,81,73.0,11.5,11.5,13,0.0,0.0,79.3,80.0,83.5,82.5,82.7,81.5,13.2,13.5,16,1.8,3
0.5,0.1,2.0,Maryland,73.2,69,77,73.0,12.8,13.0,14,0.0,0.0,78.4,78.0,81.6,81.0,85.5,87.0,13.3,12.5,18,1.8,3
0.5,0.01,1.0,Nevada,73.3,63,95,69.0,4.6,5.0,5,0.0,0.0,90.1,83.0,105.1,87.0,94.0,93.0,1.0,1.0,1,0.0,0
0.5,0.1,1.0,Maryland,73.5,69,77,74.0,11.3,11.0,13,0.0,0.0,77.6,77.0,81.4,81.0,85.9,87.0,10.6,11.0,14,1.5,3
2.0,0.1,0.5,Maryland,73.5,58,80,74.0,12.8,13.0,14,0.0,0.0,78.6,78.0,81.2,81.0,85.6,87.0,13.1,13.5,15,1.7,3
0.5,0.25,0.5,Tennessee,73.5,67,80,73.5,27.4,27.0,32,0.0,0.0,83.6,83.0,89.4,91.0,91.9,97.0,19.4,20.0,22,3.8,5
0.5,0.1,0.5,Maryland,73.6,69,79,72.5,10.1,10.0,11,0.0,0.0,77.8,78.0,82.0,81.0,84.9,87.0,9.0,8.5,12,1.5,2
2.0,0.05,2.0,Maryland,73.6,69,81,73.0,12.5,12.0,14,0.0,0.0,81.2,81.0,85.8,84.0,105.9,88.0,10.9,10.0,17,1.7,3
2.0,0.1,1.0,Maryland,73.7,58,79,74.5,12.7,13.0,14,0.0,0.0,78.6,79.0,81.3,81.0,90.1,87.0,12.7,12.0,16,2.0,3
1.0,0.05,2.0,North Carolina,73.7,63,78,74.0,22.9,23.0,25,0.0,0.0,86.5,89.0,121.1,123.0,179.5,129.0,5.2,5.5,7,7.5,10
1.0,0.01,2.0,Nevada,74.0,66,113,66.0,4.9,5.0,5,0.0,0.0,89.3,83.0,126.1,126.5,102.0,102.0,1.0,1.0,1,0.0,0
0.5,0.05,1.0,North Carolina,74.0,74,74,74.0,16.1,16.0,20,0.0,0.0,84.7,89.0,126.7,149.0,153.33333333333334,129.0,1.9,1.0,5,2.6,5
2.0,0.1,2.0,Tennessee,74.1,67,86,73.5,41.7,41.5,45,0.0,0.0,83.6,83.0,89.5,89.0,63.7,62.5,28.5,30.0,33,11.6,14
2.0,0.25,2.0,Connecticut,74.2,71,91,71.0,6.7,7.0,7,0.0,0.0,95.8,97.0,98.9,100.0,96.6,101.0,2.2,2.0,4,0.3,1
1.0,0.25,0.5,Connecticut,74.2,71,91,71.0,6.3,6.5,7,0.0,0.0,96.8,97.0,99.3,100.0,103.1,90.0,3.1,3.0,4,0.7,2
0.5,0.01,1.0,Wyoming,74.3,71,104,71.0,9.0,9.0,10,0.0,0.0,90.3,89.5,100.2,106.0,103.3,109.0,3.3,3.0,5,0.4,2
1.0,0.01,1.0,Oregon,74.3,66,99,71.0,14.2,14.0,18,0.0,0.0,87.8,88.0,98.3,92.0,104.1,98.5,6.4,7.0,9,3.6,5
1.0,0.01,1.0,Nevada,74.4,66,90,70.5,4.7,5.0,5,0.0,0.0,86.1,87.0,140.5,163.0,100.0,100.0,1.0,1.0,1,0.0,0
1.0,0.25,2.0,Delaware,74.6,72,85,72.0,3.0,3.0,3,0.0,0.0,125.9,134.0,195.6,222.0,80.0,80.0,1.0,1.0,1,0.0,0
2.0,0.01,2.0,Oregon,74.8,58,99,74.0,14.8,14.5,19,0.0,0.0,88.3,88.0,96.7,92.0,105.8,97.0,7.3,7.0,11,4.7,7
0.5,0.25,2.0,Tennessee,74.8,67,80,80.0,41.3,41.0,45,0.0,0.0,83.6,86.0,89.5,91.5,98.8,97.0,21.0,21.0,23,6.5,8
1.0,0.25,2.0,Tennessee,74.8,67,80,80.0,45.0,45.0,47,0.0,0.0,83.6,86.0,90.1,92.0,93.5,100.0,23.6,24.0,27,7.5,9
1.0,0.25,1.0,Tennessee,74.8,67,80,80.0,42.8,43.0,44,0.0,0.0,83.6,86.0,89.3,91.0,99.8,97.0,22.1,21.5,26,7.5,9
1.0,0.1,1.0,Tennessee,74.8,67,80,80.0,38.3,38.0,42,0.0,0.0,83.6,86.0,90.1,92.0,85.2,97.0,21.0,20.0,29,8.3,9
2.0,0.25,1.0,Tennessee,74.8,67,80,80.0,44.7,45.0,46,0.0,0.0,83.6,86.0,89.4,91.0,63.7,62.5,28.8,29.0,32,9.5,12
2.0,0.25,2.0,Tennessee,74.8,67,80,80.0,44.4,44.5,47,0.0,0.0,83.6,86.0,89.6,92.0,78.1,97.0,27.9,28.5,32,10.4,12
2.0,0.01,2.0,Florida,74.8,63,80,77.0,13.5,14.0,15,0.2,2.0,95.8,91.0,110.1,111.0,67.0,28.0,24.9,25.0,29,20.3,23
0.5,0.05,1.0,Montana,74.9,56,83,83.0,7.1,7.0,10,0.0,0.0,113.5,122.5,127.8,133.5,197.5,197.5,0.2222222222222222,0.0,1,1.2,2
1.0,0.1,1.0,South Carolina,74.9,64,128,64.0,14.0,14.0,16,0.1,1.0,99.7,105.0,119.6,122.0,36.5,28.0,8.3,9.5,12,1.3,3
0.5,0.05,1.0,Maryland,74.9,69,81,73.0,10.5,11.0,12,0.0,0.0,80.8,81.0,85.3,84.0,90.1,87.0,10.2,11.0,15,1.7,3
1.0,0.05,2.0,Maryland,75.2,58,81,79.0,12.0,12.0,13,0.0,0.0,82.2,81.0,86.0,84.0,92.2,87.0,12.8,13.0,17,2.3,4
2.0,0.05,1.0,Montana,75.2,56,113,83.0,11.5,11.0,13,0.0,0.0,108.7,113.0,127.9,132.0,284.44444444444446,287.0,1.7,2.0,3,3.7,5
2.0,0.01,2.0,Virginia,75.3,69,132,69.0,17.2,17.0,20,0.0,0.0,104.8,104.5,132.2,132.5,74.4,28.0,13.9,13.0,20,4.1,7
2.0,0.05,2.0,Massachusetts,75.4,53,93,89.0,8.3,8.0,9,0.0,0.0,94.2,93.0,102.4,101.0,169.0,71.0,1.2857142857142858,1.0,2,0.1,1
2.0,0.05,1.0,North Carolina,75.4,74,84,74.0,22.6,22.5,25,0.0,0.0,87.3,89.0,118.0,121.0,106.5,129.0,6.4,6.0,11,7.2,10
0.5,0.01,1.0,Oregon,75.5,60,105,71.0,10.8,11.0,12,0.0,0.0,94.9,93.5,101.7,96.5,124.2,119.5,4.4,5.0,8,1.6,4
0.5,0.01,2.0,Florida,75.5,63,115,71.5,12.5,12.0,17,0.1,1.0,85.9,84.5,104.3,107.0,67.9,52.5,17.9,19.0,21,17.4,22
2.0,0.25,0.5,Connecticut,75.6,71,91,71.0,6.5,6.5,7,0.0,0.0,95.4,96.0,98.5,98.5,99.9,101.0,2.7,2.0,4,0.5,1
2.0,0.01,2.0,Missouri,75.8,58,92,77.0,52.6,52.5,58,0.1,1.0,87.8,92.0,97.7,98.5,116.5,76.5,8.0,8.5,12,9.8,15
0.5,0.25,1.0,Delaware,75.9,72,85,72.0,3.0,3.0,3,0.0,0.0,120.5,120.5,178.0,178.0,80.0,80.0,1.2,1.0,2,0.0,0
2.0,0.25,0.5,Delaware,75.9,72,85,72.0,3.0,3.0,3,0.0,0.0,120.5,120.5,178.0,178.0,80.0,80.0,1.0,1.0,1,0.0,0
0.5,0.05,2.0,Maryland,75.9,69,81,77.0,11.8,11.5,13,0.0,0.0,79.9,81.0,85.0,84.0,89.0,87.0,11.9,11.5,16,2.1,4
ALL,ALL,ALL,Montana,75.96666666666667,56,172,56.0,9.327777777777778,10.0,17,0.0,0.0,109.36768802228413,83.0,144.73654390934846,117.0,327.4848484848485,287.0,0.7631578947368421,1.0,4,2.591666666666667,7
0.5,0.01,0.5,Oregon,76.0,60,113,71.0,9.3,9.5,11,0.0,0.0,97.9,90.0,109.5,106.0,109.4,104.0,5.4,5.0,8,0.4,2
2.0,0.1,0.5,Tennessee,76.0,67,86,80.0,40.0,39.5,43,0.0,0.0,85.3,86.0,91.3,91.5,100.2,97.0,20.8,21.0,24,8.5,11
2.0,0.01,1.0,Virginia,76.1,69,132,69.0,16.9,17.5,20,0.1,1.0,116.1,122.0,137.5,133.0,64.5,28.0,12.3,12.5,18,3.0,6
0.5,0.01,2.0,Virginia,76.1,69,132,69.0,13.6,14.0,16,0.0,0.0,126.8,132.0,150.5,133.0,63.6,28.0,9.3,9.0,14,3.4,5
1.0,0.25,0.5,Tennessee,76.1,67,80,80.0,38.7,39.0,42,0.0,0.0,84.2,86.0,90.0,91.5,100.6,103.0,17.8,18.0,23,5.6,8
0.5,0.1,2.0,Tennessee,76.1,67,80,80.0,37.7,37.0,41,0.0,0.0,84.2,86.0,91.1,92.0,92.3,97.0,18.9,19.5,23,7.8,9
0.5,0.01,1.0,Virginia,76.2,69,133,69.0,11.7,12.0,15,0.0,0.0,133.9,133.0,172.3,167.0,58.3,50.0,6.8,7.0,9,2.2,3
0.5,0.01,2.0,Oregon,76.3,66,111,69.0,12.7,12.5,15,0.0,0.0,93.3,88.0,106.2,112.0,115.6,104.0,5.5,5.0,9,3.8,6
2.0,0.01,0.5,Florida,76.3,63,98,75.5,12.6,11.5,18,0.2,1.0,90.2,84.5,105.7,103.5,65.7,28.0,22.2,24.0,29,20.0,24
1.0,0.05,0.5,Maryland,76.5,72,81,76.5,11.6,12.0,13,0.0,0.0,80.6,81.0,85.1,84.0,89.9,87.0,9.7,10.5,12,1.5,3
0.5,0.05,1.0,Massachusetts,76.6,53,93,82.0,7.6,7.0,9,0.0,0.0,95.1,93.0,105.6,108.0,133.625,140.0,1.25,1.0,2,0.0,0
2.0,0.05,1.0,Massachusetts,76.6,53,93,91.0,8.3,8.0,9,0.0,0.0,97.9,97.0,104.2,104.5,223.0,131.5,0.8888888888888888,1.0,1,0.2,1
ALL,ALL,ALL,Maryland,76.61944444444444,58,160,73.0,11.36111111111111,12.0,14,0.022222222222222223,2.0,86.525,79.5,94.75,81.0,103.79444444444445,87.0,11.219444444444445,11.0,21,1.6833333333333333,4
2.0,0.05,1.0,Maryland,76.7,73,81,76.5,12.0,12.0,14,0.0,0.0,82.0,81.0,87.4,87.5,92.5,87.0,11.1,12.0,14,2.1,3
1.0,0.01,1.0,Florida,76.8,63,98,75.5,12.6,13.0,15,0.1,1.0,88.8,80.5,107.7,114.0,46.0,28.0,20.7,21.5,25,18.6,22
2.0,0.01,1.0,Nevada,77.0,57,93,78.5,4.9,5.0,5,0.0,0.0,86.0,86.5,115.9,106.0,95.5,93.0,1.0,1.0,1,0.0,0
0.5,0.25,2.0,Connecticut,77.0,71,91,71.0,6.3,6.0,7,0.0,0.0,96.0,97.0,98.5,98.0,97.7,101.0,2.9,3.0,4,0.7,2
0.5,0.1,0.5,Connecticut,77.0,71,91,71.0,5.3,6.0,6,0.0,0.0,96.5,97.0,100.5,100.0,96.6,101.0,2.1,2.0,3,1.0,2
0.5,0.25,2.0,Delaware,77.2,72,85,72.0,3.0,3.0,3,0.0,0.0,131.3,134.0,213.2,222.0,80.0,80.0,1.0,1.0,1,0.0,0
0.5,0.25,0.5,Delaware,77.2,72,85,72.0,2.2,2.0,3,0.0,0.0,128.0,134.0,163.33333333333334,134.0,80.0,80.0,1.0,1.0,1,0.0,0
2.0,0.01,1.0,Kentucky,77.3,56,107,75.5,39.4,39.5,43,0.2,1.0,107.5,112.0,113.5,113.0,101.5,87.0,16.7,17.0,23,6.1,9
1.0,0.01,2.0,Florida,77.3,63,111,75.5,12.8,13.0,16,0.2,1.0,90.5,82.5,103.8,94.0,43.1,28.0,25.6,24.0,37,20.5,24
0.5,0.1,0.5,Tennessee,77.4,67,80,80.0,23.0,23.0,26,0.0,0.0,89.0,92.0,95.5,97.0,79.5,97.0,16.0,16.5,19,3.2,5
1.0,0.1,0.5,Tennessee,77.4,67,80,80.0,35.9,36.0,41,0.0,0.0,84.8,86.0,90.7,92.0,99.2,97.0,18.9,18.5,23,7.3,9
1.0,0.1,0.5,Connecticut,77.6,71,91,71.0,6.8,7.0,7,0.0,0.0,96.2,97.0,99.2,100.0,139.33333333333334,101.0,2.0,2.0,3,0.2,1
1.0,0.25,2.0,Connecticut,77.6,71,91,71.0,6.5,6.5,7,0.0,0.0,94.6,94.0,97.9,97.0,96.6,101.0,3.3,3.0,5,0.5,1
0.5,0.05,0.5,Montana,77.6,56,83,83.0,4.6,5.0,6,0.0,0.0,114.9,113.0,135.3,133.5,,,0.0,0.0,0,0.6,2
0.5,0.25,0.5,New Jersey,78.0,78,78,78.0,6.2,6.0,7,0.0,0.0,79.3,78.0,90.6,91.0,79.0,79.0,7.7,8.0,10,0.0,0
0.5,0.1,0.5,New Jersey,78.0,78,78,78.0,5.6,6.0,6,0.0,0.0,79.6,78.0,94.1,91.0,79.4,79.0,7.3,7.0,8,0.0,0
0.5,0.25,2.0,New Jersey,78.0,78,78,78.0,7.1,7.0,8,0.0,0.0,78.0,78.0,90.2,91.0,79.2,79.0,7.0,7.0,9,0.2,1
1.0,0.01,1.0,Wyoming,78.0,71,106,71.0,10.8,10.5,13,0.0,0.0,83.9,78.5,95.2,90.0,107.1,109.0,3.3,4.0,6,0.2,1
1.0,0.25,2.0,New Jersey,78.0,78,78,78.0,7.5,8.0,8,0.0,0.0,78.0,78.0,90.2,91.0,79.2,79.0,7.9,8.0,9,0.3,1
1.0,0.25,1.0,New Jersey,78.0,78,78,78.0,7.1,7.0,8,0.0,0.0,78.0,78.0,89.8,91.0,80.4,79.0,7.4,7.0,10,0.3,1
2.0,0.25,2.0,New Jersey,78.0,78,78,78.0,7.4,7.5,8,0.0,0.0,78.0,78.0,89.0,89.0,79.6,79.0,7.5,7.5,9,0.3,1
1.0,0.25,0.5,New Jersey,78.0,78,78,78.0,7.5,7.5,8,0.0,0.0,78.0,78.0,90.2,91.0,79.6,79.0,7.4,7.5,9,0.5,1
2.0,0.25,0.5,New Jersey,78.0,78,78,78.0,7.2,7.0,8,0.0,0.0,78.0,78.0,89.8,91.0,80.0,80.0,7.3,7.0,9,0.5,1
0.5,0.1,1.0,New Jersey,78.0,78,78,78.0,6.8,7.0,8,0.0,0.0,79.3,78.0,90.6,91.0,79.2,79.0,7.4,7.0,9,0.5,1
0.5,0.25,1.0,New Jersey,78.0,78,78,78.0,7.4,7.0,8,0.0,0.0,78.3,78.0,90.6,91.0,79.6,79.0,7.3,7.0,9,0.6,1
2.0,0.25,1.0,New Jersey,78.0,78,78,78.0,7.3,7.0,8,0.0,0.0,78.0,78.0,90.2,91.0,79.2,79.0,8.1,8.0,9,0.6,1
2.0,0.1,2.0,New Jersey,78.0,78,78,78.0,7.2,7.0,8,0.0,0.0,81.9,78.0,92.2,91.0,79.2,79.0,7.2,8.0,9,0.6,1
1.0,0.1,1.0,New Jersey,78.0,78,78,78.0,6.7,6.5,8,0.0,0.0,82.3,78.0,98.4,91.0,79.2,79.0,6.0,6.5,8,0.7,1
1.0,0.1,0.5,New Jersey,78.0,78,78,78.0,6.5,6.5,7,0.0,0.0,79.3,78.0,91.0,91.0,79.6,79.0,6.9,7.0,8,0.8,1
0.5,0.1,2.0,New Jersey,78.0,78,78,78.0,6.6,7.0,7,0.0,0.0,83.3,79.5,105.6,93.0,79.4,79.0,6.7,7.0,9,0.8,1
2.0,0.1,1.0,New Jersey,78.0,78,78,78.0,6.5,6.0,8,0.0,0.0,81.9,78.0,94.1,91.0,79.5,79.0,7.3,7.5,9,0.9,1
1.0,0.1,2.0,New Jersey,78.0,78,78,78.0,6.6,6.5,8,0.0,0.0,83.6,78.0,96.8,91.0,79.2,79.0,6.8,7.0,8,0.9,1
0.5,0.01,2.0,Vermont,78.0,74,114,74.0,10.6,11.0,13,0.0,0.0,106.9,99.0,124.7,132.0,41.8,28.0,6.7,7.0,11,2.9,4
0.5,0.01,2.0,Washington,78.0,67,104,70.5,10.4,11.0,14,0.2,1.0,87.8,82.5,122.7,99.0,38.8,28.0,13.3,13.0,17,11.7,16
2.0,0.05,0.5,Maryland,78.1,73,81,79.0,12.7,12.5,14,0.0,0.0,82.5,81.0,87.3,84.0,89.8,89.0,10.8,11.0,16,1.6,3
2.0,0.1,0.5,New Jersey,78.3,78,81,78.0,6.7,6.5,8,0.0,0.0,79.7,78.0,100.4,91.0,79.7,79.0,7.1,7.0,8,0.5,1
1.0,0.25,0.5,Delaware,78.5,72,85,78.5,3.0,3.0,3,0.0,0.0,131.3,134.0,215.8,222.0,80.0,80.0,1.0,1.0,1,0.0,0
1.0,0.25,1.0,Delaware,78.5,72,85,78.5,2.9,3.0,3,0.0,0.0,125.9,134.0,208.22222222222223,222.0,80.0,80.0,1.0,1.0,1,0.0,0
0.5,0.05,0.5,Maryland,78.6,73,81,80.0,9.3,9.0,10,0.0,0.0,84.5,82.5,89.4,92.0,97.7,94.5,7.7,7.5,11,2.2,3
0.5,0.01,0.5,Nevada,78.8,63,114,66.5,4.2,4.0,5,0.0,0.0,93.4,90.0,139.44444444444446,163.0,,,0.0,0.0,0,0.0,0
1.0,0.01,2.0,Virginia,79.1,69,133,69.0,16.6,17.0,18,0.0,0.0,109.8,103.0,146.7,133.0,36.3,28.0,12.3,12.5,17,3.4,7
0.5,0.05,1.0,Tennessee,79.1,67,97,80.0,25.4,26.0,28,0.0,0.0,91.3,92.0,99.9,97.0,65.5,62.5,15.5,14.0,23,6.1,9
0.5,0.01,2.0,Nevada,79.2,66,113,78.5,5.0,5.0,5,0.0,0.0,85.4,84.5,110.6,90.0,93.0,93.0,1.0,1.0,1,0.0,0
2.0,0.05,0.5,Tennessee,79.2,67,92,80.0,38.0,37.5,42,0.0,0.0,88.2,86.0,94.0,92.0,63.5,62.5,22.4,22.5,29,8.0,12
0.5,0.05,0.5,New Jersey,79.3,78,91,78.0,5.5,6.0,6,0.0,0.0,96.4,95.0,120.9,118.0,80.33333333333333,79.0,4.111111111111111,4.0,6,0.0,0
2.0,0.1,1.0,Tennessee,79.3,67,86,80.0,42.0,42.0,44,0.0,0.0,86.0,86.0,93.4,92.0,94.7,100.0,25.0,25.0,28,9.3,10
1.0,0.05,2.0,South Carolina,79.5,64,128,64.0,12.7,13.0,14,0.3,2.0,116.7,109.0,129.9,128.0,77.2,73.0,8.3,8.0,12,1.4,3
2.0,0.05,1.0,New Jersey,79.6,78,91,78.0,6.9,7.0,7,0.0,0.0,95.4,93.0,120.7,123.0,80.22222222222223,79.0,5.888888888888889,6.0,10,0.3,1
1.0,0.01,1.0,Vermont,79.6,65,109,74.0,10.7,11.0,12,0.1,1.0,108.2,114.0,121.9,124.5,53.2,28.0,6.0,6.0,8,2.8,4
0.5,0.01,1.0,Vermont,79.6,74,116,74.0,10.2,10.0,11,0.1,1.0,108.1,109.5,124.2,132.0,66.2,59.5,5.0,5.0,7,2.9,5
2.0,0.05,2.0,New Jersey,79.7,78,95,78.0,6.4,6.0,7,0.0,0.0,92.0,93.0,117.6,117.0,108.6,79.0,6.0,6.0,8,0.6,1
1.0,0.05,2.0,New Jersey,79.7,78,95,78.0,6.3,6.0,7,0.0,0.0,89.3,91.0,117.4,118.0,83.7,79.0,5.2,5.0,8,0.8,1
2.0,0.05,0.5,New Jersey,79.7,78,95,78.0,6.4,6.0,7,0.0,0.0,90.9,91.0,121.4,118.0,111.5,80.0,5.0,5.5,8,0.8,1
2.0,0.25,1.0,Delaware,79.8,72,85,85.0,3.0,3.0,3,0.0,0.0,131.3,134.0,252.3,222.0,80.0,80.0,2.0,2.0,2,0.0,0
2.0,0.1,1.0,Delaware,79.8,72,85,85.0,2.7,3.0,3,0.0,0.0,176.1,134.0,270.14285714285717,248.0,111.66666666666667,118.0,1.1666666666666667,1.0,2,0.0,0
2.0,0.1,2.0,Delaware,79.8,72,85,85.0,3.0,3.0,3,0.0,0.0,151.5,134.0,324.3,270.0,99.0,99.0,1.0,1.0,1,0.0,0
2.0,0.1,0.5,Delaware,79.8,72,85,85.0,2.9,3.0,3,0.0,0.0,160.4,134.0,300.0,248.0,101.71428571428571,118.0,1.0,1.0,1,0.0,0
1.0,0.1,1.0,Delaware,79.8,72,85,85.0,2.9,3.0,3,0.0,0.0,137.4,134.0,229.55555555555554,222.0,99.0,99.0,1.1666666666666667,1.0,2,0.0,0
0.5,0.1,0.5,Delaware,79.8,72,85,85.0,2.0,2.0,3,0.0,0.0,159.33333333333334,134.0,222.0,222.0,99.0,99.0,1.0,1.0,1,0.0,0
0.5,0.1,1.0,Tennessee,79.9,67,92,80.0,28.2,28.5,30,0.0,0.0,92.2,92.0,97.1,97.0,85.2,97.0,17.7,18.0,23,7.4,10
1.0,0.01,2.0,Missouri,79.9,58,92,90.0,52.3,53.0,56,0.0,0.0,90.8,92.0,100.7,101.0,87.7,69.0,8.1,7.5,13,8.3,14
0.5,0.05,0.5,Tennessee,80.0,80,80,80.0,20.2,21.0,23,0.0,0.0,94.3,92.0,99.6,97.0,87.8,100.0,14.6,14.0,23,2.8,4
0.5,0.01,2.0,North Dakota,80.0,57,96,94.0,12.5,13.0,14,0.8,2.0,112.7,117.0,128.5,127.0,129.0,144.0,4.2,4.0,8,4.0,6
ALL,ALL,ALL,North Carolina,80.20833333333333,62,270,74.0,19.13888888888889,21.0,32,0.011111111111111112,1.0,104.825,82.0,129.59888579387186,89.0,145.20170454545453,93.0,5.915492957746479,5.0,16,4.061111111111111,12
0.5,0.01,0.5,Florida,80.4,59,111,78.5,8.1,7.5,12,0.3,2.0,93.5,84.0,119.0,124.0,125.1,116.0,7.4,8.0,11,11.2,14
1.0,0.05,1.0,New Jersey,80.6,78,91,78.0,6.4,6.0,7,0.0,0.0,89.5,91.0,111.9,105.5,112.0,79.0,4.7,5.5,7,0.8,1
0.5,0.01,1.0,Kentucky,80.6,65,89,81.0,27.0,27.5,32,0.1,1.0,101.2,107.0,111.2,109.5,116.2,87.0,8.5,9.0,13,3.3,6
2.0,0.1,2.0,Connecticut,81.0,71,91,81.0,6.6,7.0,7,0.0,0.0,96.2,97.0,99.0,100.0,108.6,101.0,2.7,2.5,4,0.4,2
1.0,0.05,0.5,New Jersey,81.0,78,95,78.0,6.2,6.0,7,0.0,0.0,88.0,84.5,128.8,128.0,84.0,79.0,5.111111111111111,6.0,7,0.7,1
2.0,0.01,2.0,Maryland,81.0,81,81,81.0,10.7,11.0,12,0.0,0.0,113.4,107.5,126.7,125.0,142.6,130.5,7.9,8.0,12,1.0,2
0.5,0.1,1.0,Delaware,81.1,72,85,85.0,2.3,2.5,3,0.0,0.0,144.875,134.0,214.8,222.0,102.8,118.0,1.0,1.0,1,0.0,0
1.0,0.1,2.0,Delaware,81.1,72,85,85.0,2.9,3.0,3,0.0,0.0,142.8,134.0,288.22222222222223,222.0,131.375,118.0,1.125,1.0,2,0.1,1
1.0,0.05,1.0,Tennessee,81.2,80,86,80.0,36.2,37.0,41,0.0,0.0,89.4,86.0,96.2,97.0,87.2,97.0,18.4,18.0,23,7.1,10
1.0,0.1,2.0,Tennessee,81.2,80,86,80.0,42.4,42.5,44,0.0,0.0,88.3,86.0,95.8,97.0,66.5,62.5,21.3,21.5,25,8.5,10
2.0,0.01,0.5,Virginia,81.3,69,132,69.0,16.8,16.5,19,0.0,0.0,132.9,132.0,158.2,152.0,92.3,28.0,11.5,12.0,16,3.2,5
2.0,0.01,1.0,Florida,81.3,63,123,78.5,12.9,12.0,16,0.0,0.0,90.7,82.0,107.2,103.5,51.0,28.0,27.9,28.0,35,20.2,24
0.5,0.05,2.0,New Jersey,81.4,78,95,78.0,6.5,6.0,8,0.0,0.0,96.3,91.0,131.8,111.5,74.0,79.0,4.333333333333333,4.0,7,0.6,1
2.0,0.05,2.0,Connecticut,81.6,71,91,84.0,6.6,7.0,7,0.0,0.0,96.9,97.0,101.0,100.0,155.9,101.0,2.5,2.0,5,0.4,2
0.5,0.05,0.5,Connecticut,81.6,71,97,81.0,4.8,5.0,6,0.0,0.0,102.8,97.0,108.0,102.0,112.5,101.0,0.7,1.0,2,1.0,2
0.5,0.01,1.0,Florida,81.6,74,109,77.0,12.3,12.5,15,0.0,0.0,90.5,80.5,107.6,111.0,117.3,132.5,13.3,12.5,20,14.7,18
1.0,0.01,1.0,Virginia,81.7,69,132,69.0,15.7,15.5,19,0.1,1.0,122.5,132.0,151.4,157.0,45.8,28.0,9.8,9.5,12,3.9,8
1.0,0.01,2.0,Indiana,81.8,65,109,75.5,48.2,48.0,52,0.0,0.0,90.1,90.5,99.2,95.0,74.8,91.5,22.4,22.0,35,12.8,16
1.0,0.1,2.0,Connecticut,82.2,71,91,84.0,6.7,7.0,7,0.0,0.0,97.0,97.0,100.8,100.0,173.1,101.0,2.4,2.5,4,0.3,1
2.0,0.25,2.0,Delaware,82.4,72,85,85.0,3.0,3.0,3,0.0,0.0,125.9,134.0,200.8,222.0,92.66666666666667,80.0,1.0,1.0,1,0.0,0
2.0,0.05,0.5,Delaware,82.4,72,85,85.0,2.4,2.5,3,0.0,0.0,251.22222222222223,222.0,355.6,248.0,155.875,118.0,1.375,1.0,2,0.0,0
1.0,0.1,0.5,Delaware,82.4,72,85,85.0,2.5,2.5,3,0.0,0.0,137.4,134.0,246.4,222.0,111.66666666666667,118.0,1.0,1.0,1,0.0,0
0.5,0.1,2.0,Delaware,82.4,72,85,85.0,2.6,3.0,3,0.0,0.0,179.6,134.0,226.33333333333334,222.0,111.66666666666667,118.0,1.1666666666666667,1.0,2,0.0,0
1.0,0.01,1.0,Maryland,82.4,79,97,81.0,10.4,10.5,12,0.0,0.0,97.4,96.0,117.7,114.5,162.6,139.0,7.4,6.5,12,0.7,1
2.0,0.01,0.5,Kentucky,82.4,72,107,81.0,36.3,36.0,40,0.2,1.0,104.3,109.5,118.7,120.5,97.7,87.0,16.9,16.5,24,7.7,11
1.0,0.01,0.5,Virginia,82.5,69,133,69.0,11.7,11.0,15,0.0,0.0,124.7,132.0,155.8,152.0,93.8,102.0,8.3,7.0,13,3.4,5
1.0,0.01,1.0,North Dakota,82.6,57,96,96.0,12.9,13.5,17,0.9,2.0,113.0,125.0,128.0,127.0,146.7,155.0,2.7,3.0,4,3.8,6
1.0,0.01,1.0,Indiana,82.6,65,95,82.0,45.8,45.5,49,0.1,1.0,92.7,92.0,97.2,96.0,54.1,28.0,19.7,18.5,26,12.0,17
2.0,0.01,2.0,North Dakota,82.7,57,96,94.0,13.2,13.0,16,0.8,2.0,113.3,119.5,129.0,127.0,128.0,144.0,5.9,6.0,8,5.3,6
2.0,0.01,2.0,Kentucky,82.7,56,107,80.0,38.9,39.5,43,0.0,0.0,96.7,105.0,110.8,112.0,89.5,87.0,17.9,17.5,27,7.0,11
2.0,0.1,0.5,Connecticut,83.0,71,91,91.0,6.8,7.0,7,0.0,0.0,96.6,97.0,99.6,100.0,100.1,101.0,2.1,2.0,3,0.2,1
0.5,0.05,1.0,New Jersey,83.1,78,95,78.0,7.0,7.0,8,0.0,0.0,99.1,93.0,116.2,117.0,79.28571428571429,79.0,6.285714285714286,6.0,8,0.3,1
1.0,0.01,0.5,Florida,83.3,63,115,80.0,12.5,13.0,16,0.3,2.0,95.1,85.5,110.6,113.5,112.7,119.0,16.1,16.0,22,15.5,19
0.5,0.01,1.0,North Dakota,83.5,57,96,94.0,7.5,7.5,11,1.1,2.0,123.0,127.0,135.3,129.0,122.77777777777777,129.0,1.5,2.0,2,2.9,6
0.5,0.05,2.0,Tennessee,83.5,80,97,80.0,34.4,34.5,38,0.0,0.0,91.3,89.0,97.7,97.0,72.9,97.0,17.7,17.0,24,6.8,9
1.0,0.05,0.5,Tennessee,83.5,67,92,86.0,31.3,31.5,34,0.0,0.0,91.1,92.0,97.2,97.0,92.7,97.0,16.4,16.5,22,7.4,10
2.0,0.05,1.0,Tennessee,83.5,80,97,80.0,40.0,40.0,43,0.0,0.0,90.8,89.0,98.8,97.0,89.3,102.0,21.6,20.5,37,8.5,11
0.5,0.1,1.0,Connecticut,83.6,71,91,91.0,6.6,7.0,7,0.0,0.0,96.2,97.0,99.8,100.0,111.4,101.0,2.3,2.5,3,0.4,1
1.0,0.01,0.5,Missouri,83.6,58,105,84.0,37.0,36.5,44,0.0,0.0,95.4,92.0,101.3,102.0,95.0,127.0,4.0,4.5,7,3.1,7
1.0,0.05,2.0,Delaware,83.7,72,85,85.0,2.5,2.5,3,0.0,0.0,218.1,235.0,338.0,248.0,142.16666666666666,118.0,1.3333333333333333,1.0,2,0.0,0
0.5,0.05,2.0,Delaware,83.7,72,85,85.0,2.6,3.0,3,0.0,0.0,162.8,134.0,220.33333333333334,235.0,148.5,118.0,1.1666666666666667,1.0,2,0.0,0
0.5,0.01,0.5,North Dakota,83.7,57,96,94.0,7.2,7.0,9,1.0,2.0,112.6,125.0,122.8,127.0,126.125,138.5,1.4,1.5,3,2.7,4
0.5,0.01,2.0,Maryland,83.8,79,96,81.0,9.2,9.0,11,0.0,0.0,100.7,100.5,130.3,134.0,147.7,140.0,6.6,6.0,11,1.2,2
0.5,0.01,2.0,Missouri,84.0,58,101,88.0,43.2,44.0,48,0.0,0.0,95.6,93.5,102.7,103.0,54.9,28.0,5.0,4.5,10,4.9,9
ALL,ALL,ALL,Tennessee,84.07222222222222,67,168,80.0,33.30555555555556,36.0,48,0.008333333333333333,1.0,95.68611111111112,86.0,104.69166666666666,97.0,90.42061281337047,97.0,18.288888888888888,19.0,37,6.722222222222222,14
2.0,0.05,2.0,Tennessee,84.1,80,97,80.0,39.5,39.0,42,0.0,0.0,94.3,94.5,101.4,99.0,73.4,99.5,22.3,21.0,27,10.6,13
0.5,0.01,1.0,Indiana,84.2,75,95,86.0,37.0,37.0,40,0.0,0.0,91.4,95.0,97.1,99.0,84.3,97.0,15.5,14.5,21,10.6,12
2.0,0.01,2.0,Indiana,84.4,65,98,85.0,48.8,48.0,53,0.0,0.0,90.0,91.5,97.9,97.0,94.3,97.0,23.4,23.0,31,13.5,17
0.5,0.05,0.5,Massachusetts,84.6,53,93,93.0,7.4,7.0,8,0.0,0.0,99.6,101.0,106.6,108.0,71.0,71.0,1.0,1.0,1,0.0,0
2.0,0.01,0.5,Vermont,84.7,74,132,74.0,10.6,11.0,13,0.3,1.0,120.6,122.0,136.2,137.5,28.0,28.0,7.9,8.0,10,2.7,5
1.0,0.05,2.0,Tennessee,84.7,80,97,83.0,40.3,39.5,44,0.0,0.0,92.8,92.0,100.5,97.0,65.3,62.5,20.9,20.0,27,7.9,10
2.0,0.01,0.5,Maryland,84.8,81,104,81.0,9.8,9.5,12,0.2,2.0,111.0,100.0,137.5,143.0,154.9,170.0,8.0,8.0,11,1.3,3
0.5,0.01,0.5,Vermont,84.9,74,140,76.5,8.6,9.0,10,0.2,1.0,110.5,102.0,130.1,123.0,48.1,28.0,3.9,3.5,6,2.3,5
0.5,0.1,2.0,Connecticut,85.0,71,91,91.0,6.9,7.0,7,0.0,0.0,97.0,97.0,100.5,100.0,98.8,101.0,2.4,2.5,3,0.1,1
0.5,0.01,0.5,Missouri,85.0,58,99,90.0,22.4,23.0,26,0.0,0.0,96.7,99.0,100.4,102.0,131.22222222222223,148.0,1.5,1.0,3,2.5,5
1.0,0.01,0.5,Utah,85.2,62,103,81.0,11.2,12.0,14,0.1,1.0,105.2,103.0,122.9,116.0,113.4,126.0,6.3,7.0,8,3.8,5
0.5,0.05,1.0,Delaware,85.5,72,103,85.0,1.9,2.0,3,0.0,0.0,175.42857142857142,134.0,222.0,222.0,111.66666666666667,118.0,1.1666666666666667,1.0,2,0.0,0
0.5,0.01,1.0,Missouri,85.5,69,92,88.0,30.3,30.0,35,0.0,0.0,93.1,92.0,100.4,101.0,153.8,133.0,2.9,3.0,6,2.6,7
0.5,0.05,2.0,Connecticut,85.6,71,97,91.0,6.6,7.0,7,0.0,0.0,97.8,97.0,103.2,104.0,177.22222222222223,227.0,1.8888888888888888,1.0,5,0.4,1
1.0,0.01,0.5,Indiana,85.6,75,100,88.5,41.0,41.0,47,0.0,0.0,93.5,94.5,98.5,97.5,104.5,97.0,20.0,20.0,25,11.4,14
2.0,0.01,1.0,Indiana,85.6,75,105,80.5,49.0,49.0,56,0.1,1.0,96.2,96.0,99.1,98.5,85.5,94.0,22.6,23.0,28,12.8,16
0.5,0.01,0.5,Indiana,86.0,75,107,86.0,28.9,28.0,39,0.0,0.0,95.3,95.0,99.9,99.5,60.5,58.5,15.1,15.5,20,7.8,12
0.5,0.05,2.0,South Carolina,86.2,58,128,75.0,10.5,10.5,13,0.4,2.0,116.9,128.0,127.6,129.0,112.33333333333333,89.0,3.6666666666666665,4.0,8,0.9,3
ALL,ALL,ALL,Connecticut,86.29444444444445,71,154,91.0,5.944444444444445,6.0,7,0.05322128851540616,3.0,103.49859943977592,97.0,115.53295128939828,100.0,136.15588235294118,101.0,2.34375,2.0,6,0.7222222222222222,4
1.0,0.01,2.0,North Dakota,86.4,57,96,94.0,12.7,12.5,17,0.9,1.0,115.9,119.5,134.6,128.0,139.6,155.0,5.9,5.5,12,4.9,8
2.0,0.25,1.0,West Virginia,86.8,84,91,84.0,13.8,14.0,15,0.0,0.0,121.0,91.0,174.5,174.5,369.8,367.0,2.8,3.0,4,0.5,1
1.0,0.05,1.0,Connecticut,86.8,71,97,91.0,6.5,7.0,7,0.0,0.0,99.8,97.5,104.9,105.0,125.3,101.0,1.9,2.0,3,0.5,2
0.5,0.25,1.0,Alabama,87.0,87,87,87.0,4.1,4.0,5,0.0,0.0,248.2,256.0,309.6,323.0,,,0.0,0.0,0,0.0,0
1.0,0.05,2.0,Alabama,87.0,87,87,87.0,8.3,8.0,10,0.0,0.0,221.6,213.0,268.1,256.0,,,0.0,0.0,0,0.0,0
1.0,0.25,0.5,Alabama,87.0,87,87,87.0,4.8,5.0,5,0.0,0.0,256.0,256.0,296.0,296.0,,,0.0,0.0,0,0.0,0
1.0,0.05,0.5,Alabama,87.0,87,87,87.0,3.7,3.5,5,0.0,0.0,247.5,256.0,291.55555555555554,296.0,,,0.0,0.0,0,0.0,0
1.0,0.25,2.0,Alabama,87.0,87,87,87.0,10.9,11.0,12,0.0,0.0,213.0,213.0,248.2,256.0,,,0.0,0.0,0,0.0,0
0.5,0.05,1.0,Alabama,87.0,87,87,87.0,3.4,3.5,5,0.0,0.0,265.55555555555554,256.0,309.375,296.0,,,0.0,0.0,0,0.0,0
2.0,0.25,1.0,Alabama,87.0,87,87,87.0,12.1,12.0,13,0.0,0.0,213.0,213.0,256.0,256.0,,,0.0,0.0,0,0.0,0
2.0,0.05,1.0,Alabama,87.0,87,87,87.0,9.1,8.5,12,0.0,0.0,213.0,213.0,256.1,256.0,253.0,253.0,1.0,1.0,1,0.0,0
0.5,0.25,2.0,Alabama,87.0,87,87,87.0,8.8,9.0,9,0.0,0.0,213.0,213.0,252.1,256.0,,,0.0,0.0,0,0.0,0
1.0,0.05,1.0,Alabama,87.0,87,87,87.0,7.6,7.0,10,0.0,0.0,221.6,213.0,276.0,276.0,253.0,253.0,1.0,1.0,1,0.0,0
0.5,0.05,0.5,Alabama,87.0,87,87,87.0,1.1,1.0,2,0.0,0.0,256.0,256.0,,,,,0.0,0.0,0,0.0,0
0.5,0.25,0.5,Alabama,87.0,87,87,87.0,1.0,1.0,1,,,,,,,,,0.0,0.0,0,0.0,0
1.0,0.25,1.0,Alabama,87.0,87,87,87.0,9.9,10.0,11,0.0,0.0,213.0,213.0,252.1,256.0,,,0.0,0.0,0,0.0,0
0.5,0.05,2.0,Alabama,87.0,87,87,87.0,7.2,7.0,9,0.0,0.0,230.2,213.0,276.0,276.0,253.0,253.0,1.0,1.0,1,0.0,0
2.0,0.05,0.5,Alabama,87.0,87,87,87.0,8.3,8.0,10,0.0,0.0,213.0,213.0,264.0,256.0,253.0,253.0,1.0,1.0,1,0.0,0
2.0,0.25,0.5,Alabama,87.0,87,87,87.0,9.9,10.0,11,0.0,0.0,213.0,213.0,252.1,256.0,,,0.0,0.0,0,0.0,0
2.0,0.1,1.0,Alabama,87.0,87,87,87.0,9.5,10.0,11,0.0,0.0,213.0,213.0,260.0,256.0,,,0.0,0.0,0,0.0,0
1.0,0.1,0.5,Alabama,87.0,87,87,87.0,4.4,4.5,6,0.0,0.0,252.1,256.0,292.0,296.0,,,0.0,0.0,0,0.0,0
0.5,0.1,1.0,Alabama,87.0,87,87,87.0,2.9,3.0,4,0.0,0.0,251.66666666666666,256.0,322.0,323.0,,,0.0,0.0,0,0.0,0
1.0,0.1,2.0,Alabama,87.0,87,87,87.0,10.0,10.0,12,0.0,0.0,213.0,213.0,248.2,256.0,,,0.0,0.0,0,0.0,0
2.0,0.1,0.5,Alabama,87.0,87,87,87.0,9.6,10.0,11,0.0,0.0,213.0,213.0,256.0,256.0,,,0.0,0.0,0,0.0,0
0.5,0.1,2.0,Alabama,87.0,87,87,87.0,8.3,8.0,9,0.0,0.0,213.0,213.0,256.0,256.0,,,0.0,0.0,0,0.0,0
1.0,0.1,1.0,Alabama,87.0,87,87,87.0,8.8,9.0,10,0.0,0.0,213.0,213.0,256.0,256.0,,,0.0,0.0,0,0.0,0
0.5,0.1,0.5,Alabama,87.0,87,87,87.0,1.0,1.0,1,,,,,,,,,0.0,0.0,0,0.0,0
2.0,0.05,0.5,Connecticut,87.0,71,105,91.0,6.8,7.0,7,0.0,0.0,98.5,97.0,102.7,100.5,144.125,115.0,1.4444444444444444,1.0,3,0.2,1
2.0,0.1,2.0,Alabama,87.0,87,87,87.0,10.7,11.0,12,0.0,0.0,217.3,213.0,260.0,256.0,,,0.0,0.0,0,0.7,1
2.0,0.05,2.0,Alabama,87.0,87,87,87.0,9.0,9.0,11,0.0,0.0,217.3,213.0,268.0,256.0,253.0,253.0,0.1111111111111111,0.0,1,0.9,1
2.0,0.25,2.0,Alabama,87.0,87,87,87.0,12.0,12.0,13,0.0,0.0,213.0,213.0,248.2,256.0,,,0.0,0.0,0,1.0,1
2.0,0.05,2.0,South Carolina,87.0,64,128,93.0,12.9,12.5,15,0.9,2.0,116.7,128.5,131.3,138.0,102.1,113.0,10.3,9.5,15,3.4,5
2.0,0.01,2.0,Utah,87.1,62,103,95.5,11.8,12.0,13,0.1,1.0,99.2,103.0,119.6,116.0,105.0,119.5,7.9,8.0,12,3.8,8
2.0,0.01,0.5,North Dakota,87.4,57,96,96.0,13.2,13.0,16,0.8,2.0,115.5,122.5,122.2,126.0,135.4,155.0,6.6,6.0,12,3.9,6
2.0,0.01,1.0,Missouri,87.4,58,92,92.0,52.9,52.5,58,0.0,0.0,94.1,94.0,99.7,101.0,79.7,69.0,9.4,9.5,12,7.7,10
1.0,0.25,0.5,West Virginia,87.5,84,91,87.5,9.5,9.0,12,0.0,0.0,131.9,128.5,183.1,183.0,,,0.0,0.0,0,0.3,1
2.0,0.1,1.0,Connecticut,87.6,71,91,91.0,6.8,7.0,7,0.0,0.0,97.0,97.0,99.8,100.0,125.1,101.0,2.3,2.5,3,0.2,1
1.0,0.01,1.0,Missouri,87.9,58,105,90.0,45.2,45.0,50,0.0,0.0,95.8,93.0,102.2,103.0,83.9,28.0,4.3,4.5,7,5.6,9
0.5,0.01,2.0,Indiana,88.0,76,101,89.0,44.8,45.0,53,0.0,0.0,94.8,96.5,98.6,99.0,81.5,97.0,19.9,19.0,25,11.4,16
1.0,0.05,2.0,Connecticut,88.2,77,91,91.0,6.8,7.0,7,0.0,0.0,96.9,97.0,101.0,100.0,121.6,101.0,1.8,2.0,3,0.1,1
0.5,0.25,2.0,West Virginia,88.2,84,91,91.0,12.4,12.5,13,0.0,0.0,137.7,166.0,180.5,183.0,380.2,424.0,1.5,1.5,2,0.3,2
0.5,0.05,1.0,Connecticut,88.2,71,105,91.0,5.9,6.0,7,0.0,0.0,99.6,97.0,104.2,105.0,154.55555555555554,129.0,1.7777777777777777,2.0,4,0.5,2
2.0,0.25,2.0,West Virginia,88.2,84,91,91.0,14.8,15.0,16,0.0,0.0,136.0,166.0,176.2,183.0,369.8,367.0,3.0,3.0,5,0.5,2
1.0,0.25,1.0,West Virginia,88.2,84,91,91.0,13.5,13.5,15,0.0,0.0,143.5,166.0,177.9,183.0,418.3,424.0,1.3,1.0,2,0.6,1
1.0,0.05,1.0,Delaware,88.6,72,134,85.0,2.5,2.5,3,0.0,0.0,215.9,134.0,228.8,222.0,148.5,118.0,1.3333333333333333,1.0,3,0.0,0
0.5,0.25,1.0,West Virginia,88.9,84,91,91.0,7.5,7.5,9,0.0,0.0,152.0,174.5,192.8,196.0,,,0.0,0.0,0,0.0,0
1.0,0.25,2.0,West Virginia,88.9,84,91,91.0,14.4,14.5,15,0.0,0.0,145.2,166.0,178.6,183.0,372.7,367.0,2.0,2.0,3,0.5,1
2.0,0.01,1.0,Maryland,89.0,81,134,81.0,10.1,10.0,12,0.1,1.0,119.5,113.0,149.7,146.5,158.8,135.0,7.5,8.0,12,1.1,2
1.0,0.01,2.0,Kentucky,89.0,72,112,81.0,37.9,37.0,44,0.1,1.0,108.0,111.0,117.5,115.5,112.2,105.0,16.6,16.0,21,6.7,12
2.0,0.01,0.5,Indiana,89.0,76,95,93.0,45.5,46.0,52,0.0,0.0,94.5,95.0,99.3,99.5,98.3,97.0,19.9,20.0,24,12.7,17
2.0,0.01,0.5,Utah,89.1,62,103,99.5,12.4,12.0,15,0.2,1.0,102.6,102.5,115.2,107.0,98.2,119.5,7.3,7.0,12,3.5,6
1.0,0.1,1.0,Connecticut,89.6,77,91,91.0,6.8,7.0,7,0.0,0.0,97.0,97.0,100.3,100.0,115.0,101.0,2.3333333333333335,2.0,4,0.2,1
1.0,0.01,0.5,Kentucky,89.7,62,107,92.0,31.2,31.0,35,0.0,0.0,105.8,107.0,114.9,112.5,103.6,105.0,10.7,10.5,14,3.9,7
ALL,ALL,ALL,New Jersey,89.8638888888889,78,195,78.0,6.305555555555555,6.0,8,0.002777777777777778,1.0,106.15277777777777,78.0,131.14565826330534,95.0,100.646875,79.0,5.815625,7.0,10,0.40555555555555556,1
ALL,ALL,ALL,South Carolina,89.88300835654596,58,279,64.0,10.050139275766016,11.0,16,0.2542372881355932,2.0,113.06497175141243,109.0,138.02865329512895,128.0,112.93125,72.0,7.934984520123839,8.0,19,1.860724233983287,5
2.0,0.05,1.0,Delaware,89.9,85,134,85.0,2.7,3.0,3,0.0,0.0,179.1,134.0,292.0,248.0,148.5,118.0,1.1666666666666667,1.0,2,0.0,0
1.0,0.01,2.0,Maryland,90.2,81,150,81.0,10.6,10.5,12,0.2,2.0,112.6,104.0,136.1,143.0,183.5,177.0,6.6,6.5,9,1.6,3
1.0,0.01,0.5,North Dakota,90.2,57,96,96.0,8.6,8.5,11,0.9,2.0,117.8,125.0,129.4,127.0,140.22222222222223,155.0,1.7,2.0,3,3.4,5
2.0,0.01,1.0,North Dakota,90.2,57,96,96.0,13.2,13.0,15,0.8,1.0,115.9,122.5,125.4,127.0,142.8,155.0,6.3,6.0,9,5.2,7
2.0,0.01,0.5,Missouri,90.2,68,109,92.0,49.9,49.5,56,0.0,0.0,98.4,95.5,102.5,100.0,125.0,28.0,5.6,6.0,7,6.5,9
1.0,0.01,2.0,Vermont,90.3,65,123,86.5,10.3,10.5,12,0.2,1.0,113.3,124.5,131.0,128.0,44.1,28.0,6.1,6.5,10,3.0,5
1.0,0.05,0.5,South Carolina,90.9,64,128,77.5,10.1,11.0,12,0.4,2.0,110.6,109.0,127.6,128.0,94.71428571428571,72.0,4.428571428571429,4.0,8,0.9,4
0.5,0.25,0.5,Arkansas,91.0,91,91,91.0,6.2,6.0,8,0.0,0.0,104.0,104.0,109.0,109.0,116.6,119.0,3.7,4.0,5,0.0,0
2.0,0.05,1.0,Connecticut,91.0,91,91,91.0,6.8,7.0,7,0.0,0.0,98.1,97.0,105.1,102.5,210.11111111111111,101.0,2.111111111111111,2.0,3,0.2,2
0.5,0.25,1.0,Arkansas,91.0,91,91,91.0,8.0,8.0,9,0.0,0.0,104.0,104.0,109.0,109.0,28.0,28.0,6.7,7.0,7,1.0,1
1.0,0.25,0.5,Arkansas,91.0,91,91,91.0,9.4,10.0,11,0.0,0.0,104.0,104.0,109.0,109.0,28.0,28.0,7.1,7.0,9,1.4,2
1.0,0.25,2.0,Arkansas,91.0,91,91,91.0,14.5,14.5,15,0.0,0.0,104.0,104.0,109.0,109.0,28.0,28.0,9.6,9.0,12,1.5,3
2.0,0.25,2.0,Arkansas,91.0,91,91,91.0,15.1,15.0,17,0.0,0.0,104.0,104.0,109.0,109.0,28.0,28.0,10.7,11.0,13,1.5,3
1.0,0.25,1.0,Arkansas,91.0,91,91,91.0,12.8,13.0,14,0.0,0.0,104.0,104.0,109.0,109.0,37.1,28.0,9.5,9.0,11,1.6,3
1.0,0.01,2.0,Utah,91.0,62,103,100.0,12.2,12.5,15,0.3,1.0,111.7,106.5,121.2,116.0,131.8,144.5,7.5,7.5,14,3.4,6
0.5,0.01,2.0,Kentucky,91.3,72,107,89.0,34.0,33.5,40,0.0,0.0,106.8,107.0,114.6,112.0,148.8,141.0,11.1,11.0,16,4.4,7
0.5,0.01,1.0,Maryland,91.7,81,134,81.0,8.0,8.0,10,0.1,1.0,111.2,100.0,138.3,134.0,125.9,114.5,6.9,6.0,12,0.5,1
2.0,0.05,0.5,South Carolina,91.7,64,128,99.0,12.8,13.0,14,0.3,2.0,117.6,128.0,132.3,138.0,134.3,135.5,6.6,7.0,9,2.3,3
0.5,0.01,0.5,Kentucky,91.8,72,124,85.0,18.0,18.5,22,0.2,1.0,111.6,109.5,118.3,116.0,154.7,139.5,4.9,4.5,8,2.5,4
1.0,0.05,0.5,Connecticut,92.2,77,105,91.0,6.1,6.0,7,0.1,1.0,102.6,98.5,107.5,105.0,135.875,101.0,1.8888888888888888,2.0,4,0.5,2
2.0,0.25,1.0,Arkansas,92.3,91,104,91.0,14.8,15.0,16,0.0,0.0,104.5,104.0,109.6,109.0,47.1,28.0,9.3,9.0,12,1.1,2
0.5,0.1,2.0,Arkansas,92.3,91,104,91.0,10.5,11.0,13,0.0,0.0,105.0,104.0,111.2,109.0,28.0,28.0,9.0,8.5,13,1.1,2
1.0,0.01,0.5,Maryland,92.4,81,151,81.0,8.5,8.0,10,0.1,1.0,118.8,104.0,133.0,138.5,154.2,158.0,6.3,6.5,9,0.9,2
0.5,0.01,1.0,Utah,93.1,62,103,99.5,9.9,10.0,12,0.4,1.0,111.4,106.5,122.4,116.0,92.2,100.0,5.6,5.5,8,3.8,6
0.5,0.01,0.5,Virginia,93.6,69,179,69.0,6.8,7.0,10,0.0,0.0,141.2,137.0,180.9,187.5,103.3,103.0,4.9,4.5,9,0.3,1
2.0,0.05,2.0,Delaware,93.8,85,129,85.0,2.6,3.0,3,0.0,0.0,232.55555555555554,222.0,355.57142857142856,318.0,167.42857142857142,118.0,1.5714285714285714,1.0,3,0.0,0
1.0,0.01,1.0,Kentucky,94.3,72,118,98.0,34.1,34.0,39,0.1,1.0,107.1,107.0,116.4,113.0,141.9,138.5,11.5,11.5,15,6.8,11
0.5,0.05,1.0,South Carolina,94.6,58,128,100.0,8.1,8.0,9,0.0,0.0,113.4,116.0,138.3,144.5,124.0,89.0,2.375,1.5,8,0.6,2
2.0,0.05,1.0,South Carolina,94.7,64,128,97.5,13.7,14.0,15,0.1,1.0,116.3,122.5,133.3,133.5,137.7,126.0,8.2,8.0,12,1.7,3
1.0,0.05,0.5,Delaware,94.8,85,134,85.0,2.2,2.0,3,0.0,0.0,207.5,187.0,252.5,235.0,118.0,118.0,1.0,1.0,1,0.0,0
0.5,0.25,2.0,Arkansas,94.9,91,104,91.0,12.8,13.0,14,0.0,0.0,105.5,104.0,111.8,109.0,38.0,28.0,7.1,7.5,9,0.9,2
2.0,0.25,0.5,Arkansas,94.9,91,104,91.0,14.5,14.0,17,0.0,0.0,105.5,104.0,112.3,109.0,58.0,28.0,8.3,9.0,12,1.4,3
2.0,0.01,1.0,Utah,94.9,74,110,101.0,12.3,12.0,14,0.1,1.0,107.4,103.0,121.5,113.0,121.8,122.5,6.9,7.5,10,3.5,5
2.0,0.01,1.0,Vermont,95.8,74,146,86.5,10.4,11.0,12,0.2,1.0,124.5,124.5,139.6,141.0,54.4,28.0,6.8,6.5,11,2.7,5
2.0,0.01,1.0,Connecticut,96.1,91,105,91.0,5.0,5.0,7,0.2,2.0,123.8,105.0,168.6,146.0,159.7,166.5,3.0,2.5,6,1.4,3
0.5,0.1,0.5,Arkansas,96.2,91,104,91.0,4.9,5.0,6,0.0,0.0,106.0,104.0,114.3,109.0,113.0,119.0,3.1,3.0,6,0.0,0
0.5,0.1,1.0,Arkansas,96.2,91,104,91.0,6.9,7.0,9,0.0,0.0,108.7,106.5,122.9,117.5,68.2,28.0,5.7,6.0,7,0.6,1
2.0,0.1,0.5,Arkansas,96.2,91,104,91.0,13.4,13.5,15,0.0,0.0,107.0,109.0,118.6,115.0,77.6,76.0,8.9,8.5,13,0.7,2
2.0,0.1,1.0,Arkansas,96.2,91,104,91.0,13.8,14.0,15,0.0,0.0,106.0,104.0,113.4,109.0,58.1,28.0,9.0,10.5,13,0.9,2
1.0,0.1,2.0,Arkansas,96.2,91,104,91.0,13.2,13.0,15,0.0,0.0,106.0,104.0,114.0,112.0,38.0,28.0,8.2,9.0,12,1.0,2
2.0,0.1,2.0,Arkansas,96.2,91,104,91.0,13.9,14.0,15,0.0,0.0,106.5,106.5,118.4,114.5,58.0,28.0,8.8,9.0,14,1.1,2
2.0,0.25,0.5,West Virginia,96.4,84,166,91.0,13.8,14.0,15,0.0,0.0,145.2,166.0,178.6,183.0,424.0,424.0,1.1,1.0,2,0.4,2
2.0,0.01,2.0,Tennessee,96.4,80,116,97.0,26.9,27.5,32,0.0,0.0,118.8,121.0,136.8,140.0,95.4,107.0,13.7,14.0,19,6.5,8
1.0,0.05,1.0,South Carolina,96.6,64,116,109.0,13.1,13.5,15,0.3,2.0,121.5,126.0,128.4,129.0,76.7,49.5,5.2,5.0,8,0.3,2
1.0,0.25,0.5,New Hampshire,96.8,92,103,94.0,8.8,9.0,9,0.0,0.0,108.0,107.0,121.3,117.0,,,0.0,0.0,0,0.2,1
1.0,0.25,0.5,Louisiana,97.0,97,97,97.0,4.6,5.0,5,1.0,1.0,157.0,157.0,228.0,180.0,,,0.0,0.0,0,1.0,1
1.0,0.25,2.0,Louisiana,97.0,97,97,97.0,5.0,5.0,5,1.0,1.0,157.0,157.0,189.0,180.0,,,0.0,0.0,0,1.0,1
2.0,0.25,1.0,Louisiana,97.0,97,97,97.0,4.8,5.0,5,1.0,1.0,157.0,157.0,200.0,180.0,,,0.0,0.0,0,1.0,1
0.5,0.25,2.0,Louisiana,97.0,97,97,97.0,4.8,5.0,5,1.0,1.0,157.0,157.0,213.0,180.0,,,0.0,0.0,0,1.0,1
1.0,0.25,1.0,Louisiana,97.0,97,97,97.0,5.0,5.0,5,1.0,1.0,157.0,157.0,191.0,180.0,,,0.0,0.0,0,1.0,1
2.0,0.25,2.0,Louisiana,97.0,97,97,97.0,4.9,5.0,5,1.0,1.0,157.0,157.0,217.0,180.0,,,0.0,0.0,0,1.0,1
2.0,0.1,2.0,Louisiana,97.0,97,97,97.0,4.5,5.0,5,1.0,1.0,157.0,157.0,230.0,180.0,,,0.0,0.0,0,1.0,1
0.5,0.25,1.0,Louisiana,97.0,97,97,97.0,2.7,3.0,3,2.0,2.0,218.5,180.0,315.0,315.0,,,0.0,0.0,0,2.0,2
0.5,0.25,0.5,Louisiana,97.0,97,97,97.0,1.5,1.5,2,2.0,2.0,172.0,180.0,,,,,0.0,0.0,0,2.0,2
0.5,0.1,1.0,Louisiana,97.0,97,97,97.0,2.2,2.0,4,2.0,2.0,275.7142857142857,315.0,311.6666666666667,310.0,,,0.0,0.0,0,2.0,2
0.5,0.25,2.0,New Hampshire,97.3,92,103,96.5,8.9,9.0,10,0.0,0.0,109.4,110.0,120.2,125.0,,,0.0,0.0,0,0.2,1
1.0,0.01,0.5,Vermont,97.4,65,132,89.0,10.1,10.0,12,0.0,0.0,118.0,123.0,135.4,138.0,90.4,28.0,5.5,5.0,9,3.0,4
0.5,0.01,1.0,Connecticut,97.5,91,105,95.5,3.4,3.5,6,0.0,0.0,105.375,105.0,118.375,111.0,157.0,153.0,2.2,2.0,5,1.6,4
0.5,0.25,0.5,West Virginia,97.8,84,166,91.0,4.0,4.0,6,0.0,0.0,168.7,183.0,200.0,202.0,,,0.0,0.0,0,0.0,0
1.0,0.01,2.0,North Carolina,97.9,74,155,81.5,14.3,14.0,19,0.0,0.0,153.7,173.5,222.0,215.5,292.7,319.0,3.5,4.0,4,5.0,8
0.5,0.05,0.5,Delaware,98.0,72,192,85.0,2.3,2.0,3,0.0,0.0,148.11111111111111,134.0,235.0,235.0,111.66666666666667,118.0,1.1666666666666667,1.0,2,0.0,0
1.0,0.1,0.5,Arkansas,98.0,91,109,97.5,8.3,9.0,9,0.0,0.0,107.6,106.5,118.4,114.5,74.8,61.5,6.2,6.5,10,0.7,2
1.0,0.1,1.0,Arkansas,98.0,91,109,97.5,12.7,13.0,14,0.0,0.0,108.1,109.0,122.4,115.0,74.8,61.5,7.5,7.5,13,0.9,3
0.5,0.05,0.5,South Carolina,98.1,58,128,102.0,6.1,6.0,7,0.3,1.0,110.5,112.5,132.1,128.5,113.55555555555556,128.0,2.6666666666666665,2.0,6,0.7,2
1.0,0.01,1.0,Connecticut,98.6,91,111,98.0,4.4,5.0,6,0.3333333333333333,2.0,114.55555555555556,111.0,195.11111111111111,133.0,166.3,166.5,2.4,2.5,4,2.1,4
1.0,0.01,0.5,Massachusetts,98.7,53,114,101.0,7.0,7.0,8,0.0,0.0,117.0,114.0,128.3,121.5,179.66666666666666,184.0,1.0,1.0,2,0.1,1
2.0,0.05,1.0,Arkansas,98.8,91,104,104.0,12.5,12.0,15,0.0,0.0,117.9,109.0,141.2,139.5,104.7,28.0,7.4,7.0,10,0.5,1
1.0,0.01,0.5,Tennessee,99.2,86,121,97.0,20.7,20.0,24,0.1,1.0,115.2,111.5,130.3,122.0,102.6,107.0,8.8,9.0,15,3.6,5
1.0,0.01,1.0,Utah,99.2,78,103,101.5,10.9,10.5,15,0.3,1.0,114.2,110.0,138.7,147.0,91.3,113.0,7.3,8.0,10,4.2,6
1.0,0.01,0.5,Connecticut,99.4,91,105,105.0,4.4,4.5,7,0.0,0.0,113.7,111.0,181.55555555555554,134.0,173.88888888888889,180.0,2.9,2.5,6,1.6,3
0.5,0.01,1.0,Massachusetts,99.6,53,114,108.0,6.4,6.5,7,0.0,0.0,115.3,114.0,134.6,137.0,205.33333333333334,213.5,1.5,1.0,3,0.1,1
2.0,0.01,2.0,Connecticut,99.8,91,105,102.5,5.0,5.0,7,0.1,1.0,112.0,108.0,153.8,133.0,188.3,153.0,2.9,3.0,6,1.8,3
2.0,0.01,2.0,Vermont,99.9,65,143,95.5,10.8,11.0,12,0.1,1.0,115.8,123.0,127.2,132.0,79.8,59.5,4.8,4.0,10,2.6,5
2.0,0.25,0.5,New Hampshire,100.0,92,111,103.0,9.2,9.0,10,0.0,0.0,114.7,116.5,131.3,126.0,143.0,143.0,1.0,1.0,1,0.0,0
2.0,0.25,2.0,New Hampshire,100.0,92,111,101.0,9.0,9.0,10,0.0,0.0,109.4,110.0,124.8,125.0,,,0.0,0.0,0,0.1,1
0.5,0.01,0.5,Maryland,100.3,81,160,84.5,7.3,7.0,9,0.1,1.0,125.6,115.0,139.2,138.5,148.6,145.0,4.6,4.5,9,0.8,2
1.0,0.25,2.0,New Hampshire,100.5,92,111,103.0,9.1,9.0,10,0.0,0.0,112.9,113.0,128.4,126.0,143.0,143.0,0.5,0.5,1,0.1,1
1.0,0.05,2.0,Arkansas,100.6,91,109,104.0,10.9,11.5,13,0.0,0.0,112.5,109.0,135.1,120.0,78.0,28.0,7.0,6.5,13,0.6,1
1.0,0.05,1.0,Arkansas,100.8,91,109,104.0,10.6,10.0,13,0.0,0.0,129.6,114.5,153.0,139.5,54.8,28.0,6.2,5.5,9,0.7,1
0.5,0.25,0.5,New Hampshire,100.9,94,103,101.0,5.2,5.0,7,0.0,0.0,107.9,103.0,124.7,126.0,,,0.0,0.0,0,0.1,1
2.0,0.25,1.0,New Hampshire,101.4,92,111,102.0,9.5,9.5,10,0.0,0.0,113.1,110.0,120.8,126.0,,,0.0,0.0,0,0.0,0
1.0,0.25,1.0,New Hampshire,101.4,92,111,103.0,9.2,9.0,10,0.0,0.0,112.5,110.0,130.8,126.0,,,0.0,0.0,0,0.1,1
0.5,0.25,1.0,New Hampshire,101.5,92,111,103.0,8.3,8.0,9,0.0,0.0,115.6,120.5,124.1,126.0,,,0.0,0.0,0,0.0,0
2.0,0.1,2.0,New Hampshire,101.6,92,111,102.0,9.0,9.0,10,0.0,0.0,114.5,111.0,131.7,126.0,,,0.0,0.0,0,0.1,1
0.5,0.01,2.0,Utah,102.0,92,116,102.0,11.5,11.0,13,0.1,1.0,108.9,110.0,118.0,116.0,77.9,70.5,7.0,7.0,10,3.9,5
0.5,0.01,1.0,North Carolina,102.1,74,192,81.5,7.0,7.5,9,0.0,0.0,173.4,180.0,240.8,233.0,221.0,153.5,1.6,1.0,3,1.0,2
2.0,0.01,0.5,Tennessee,102.1,80,129,101.0,26.2,26.5,28,0.1,1.0,120.5,121.0,136.8,140.0,124.9,132.5,14.5,16.0,20,4.6,9
2.0,0.01,2.0,Massachusetts,102.6,53,132,110.5,7.0,7.0,8,0.0,0.0,115.2,116.0,129.9,126.5,321.14285714285717,436.0,1.375,1.0,3,0.2,1
0.5,0.1,0.5,New Hampshire,102.8,92,111,102.0,5.1,5.0,6,0.0,0.0,117.7,118.5,140.6,130.0,,,0.0,0.0,0,0.0,0
2.0,0.25,0.5,Louisiana,103.0,97,157,97.0,4.9,5.0,5,0.9,1.0,157.3,157.0,215.0,180.0,,,0.0,0.0,0,1.0,1
2.0,0.1,1.0,Louisiana,103.0,97,157,97.0,4.5,5.0,5,0.9,1.0,157.3,157.0,258.0,310.0,,,0.0,0.0,0,1.0,1
2.0,0.01,1.0,Tennessee,103.1,86,123,97.0,26.9,26.5,32,0.0,0.0,117.2,118.5,138.8,144.0,103.5,105.0,15.5,15.0,21,5.6,9
0.5,0.05,0.5,Arkansas,103.5,91,120,106.5,3.7,3.5,6,0.0,0.0,133.6,139.5,182.11111111111111,159.0,117.75,123.5,2.125,1.5,5,0.0,0
0.5,0.01,0.5,Utah,103.5,74,154,100.0,8.2,8.0,11,0.1,1.0,119.3,103.0,140.7,147.0,108.5,119.0,3.9,4.0,5,1.7,3
0.5,0.01,1.0,Tennessee,103.7,80,123,97.0,16.9,16.0,22,0.0,0.0,125.7,121.0,140.4,136.5,95.1,107.0,7.3,7.5,11,3.4,6
1.0,0.05,0.5,Arkansas,104.0,91,120,104.0,7.2,7.0,10,0.0,0.0,125.7,114.5,170.6,159.0,101.3,28.0,4.4,4.0,9,0.3,1
0.5,0.01,2.0,Connecticut,104.0,91,123,105.0,4.2,4.0,6,0.1,1.0,114.8,111.0,135.22222222222223,133.0,161.44444444444446,153.0,2.7,3.0,6,2.0,4
2.0,0.05,2.0,Arkansas,104.3,91,120,104.0,13.0,13.0,14,0.0,0.0,120.7,109.0,152.4,159.0,38.1,28.0,8.7,8.0,15,0.4,1
0.5,0.01,0.5,Connecticut,104.3,91,111,105.0,3.0,2.0,5,0.3,2.0,141.6,128.0,140.0,145.0,183.66666666666666,180.0,0.7777777777777778,1.0,2,1.0,2
1.0,0.01,1.0,North Carolina,104.4,74,192,89.0,13.4,14.0,16,0.1,1.0,203.5,198.5,246.3,247.5,259.22222222222223,141.0,4.0,3.5,9,2.7,5
2.0,0.05,0.5,Arkansas,104.5,91,120,104.0,12.3,12.0,15,0.0,0.0,120.2,109.0,159.1,159.0,71.9,28.0,6.9,7.0,10,0.3,1
0.5,0.01,2.0,Tennessee,104.6,86,121,107.0,23.3,23.5,26,0.0,0.0,121.7,121.0,139.7,141.0,87.1,80.0,8.9,9.0,12,4.2,8
2.0,0.01,0.5,North Carolina,104.7,74,192,89.0,14.5,14.0,17,0.0,0.0,169.0,198.5,236.8,247.5,371.3,410.5,3.4,3.0,6,3.2,6
2.0,0.1,1.0,New Hampshire,104.9,92,111,103.0,9.0,9.0,9,0.0,0.0,119.9,120.5,132.6,126.0,,,0.0,0.0,0,0.0,0
0.5,0.05,1.0,Arkansas,105.1,91,120,104.0,6.0,6.0,8,0.0,0.0,125.2,114.5,147.4,159.0,194.2,174.5,3.2,3.0,6,0.5,2
1.0,0.01,2.0,Connecticut,105.2,91,154,105.0,4.5,4.5,6,0.7,3.0,152.7,117.0,188.3,139.0,202.33333333333334,180.0,2.8,3.0,6,2.0,3
1.0,0.01,2.0,Tennessee,105.2,97,121,97.0,25.3,26.0,31,0.1,1.0,125.5,118.5,137.9,136.0,98.2,117.0,14.5,14.5,23,6.8,9
0.5,0.05,2.0,Arkansas,105.3,91,120,104.0,10.3,10.5,12,0.0,0.0,117.9,114.5,150.7,159.0,58.2,28.0,5.2,5.5,9,0.2,1
2.0,0.01,1.0,Massachusetts,105.4,53,114,113.5,6.9,7.0,8,0.0,0.0,120.4,118.0,133.4,132.0,317.25,271.0,1.875,1.5,4,0.2,2
0.5,0.1,1.0,New Hampshire,105.6,92,111,111.0,7.6,7.5,9,0.0,0.0,120.6,126.0,134.1,130.0,98.0,98.0,1.0,1.0,1,0.0,0
ALL,ALL,ALL,Delaware,105.85793871866295,72,241,85.0,2.348189415041783,3.0,3,0.0,0.0,174.94501718213058,134.0,249.54922279792746,222.0,171.96412556053812,118.0,1.15695067264574,1.0,3,0.002785515320334262,1
2.0,0.01,0.5,Connecticut,105.9,91,147,105.0,5.5,5.5,7,0.1,1.0,125.0,113.5,185.0,159.5,264.5,190.0,2.6,2.5,6,1.3,3
1.0,0.1,2.0,New Hampshire,106.1,92,111,110.0,9.0,9.0,9,0.0,0.0,117.2,120.5,135.3,126.0,144.0,144.0,1.0,1.0,1,0.0,0
0.5,0.1,1.0,West Virginia,106.3,84,183,91.0,5.5,6.0,6,0.0,0.0,175.9,183.0,214.6,212.5,,,0.0,0.0,0,0.0,0
0.5,0.05,2.0,New Hampshire,106.4,92,111,111.0,8.6,9.0,9,0.0,0.0,122.4,126.0,153.9,168.0,134.8,144.0,1.0,1.0,1,0.1,1
0.5,0.01,0.5,Tennessee,106.6,80,168,102.0,11.1,11.0,15,0.0,0.0,125.7,124.5,142.1,146.0,138.22222222222223,127.0,4.8,5.0,8,2.0,3
1.0,0.01,1.0,Tennessee,106.6,86,132,107.0,23.7,24.0,28,0.0,0.0,123.4,121.0,142.3,140.0,125.6,138.0,10.7,10.5,16,4.3,6
0.5,0.05,0.5,New Hampshire,106.7,94,111,111.0,4.6,4.5,6,0.0,0.0,128.9,126.0,151.0,162.5,132.5,144.0,1.0,1.0,1,0.0,0
1.0,0.01,2.0,Massachusetts,106.8,53,136,110.5,7.1,7.0,8,0.0,0.0,123.8,114.0,140.0,144.5,288.125,277.5,1.625,1.5,3,0.0,0
1.0,0.01,1.0,Massachusetts,106.8,93,114,108.0,7.1,7.0,8,0.0,0.0,118.5,113.0,132.7,125.5,325.7142857142857,284.0,1.2857142857142858,1.0,2,0.0,0
0.5,0.01,2.0,Massachusetts,107.1,93,114,110.5,7.2,7.0,8,0.0,0.0,117.1,113.5,122.1,118.0,292.14285714285717,284.0,1.4285714285714286,1.0,2,0.1,1
1.0,0.1,1.0,West Virginia,108.0,84,183,91.0,11.3,11.5,13,0.0,0.0,168.4,174.5,191.4,186.5,424.0,424.0,1.625,2.0,2,0.2,1
1.0,0.1,1.0,New Hampshire,108.3,94,111,111.0,9.0,9.0,10,0.0,0.0,121.5,126.0,141.9,145.5,143.0,143.0,0.5,0.5,1,0.1,1
1.0,0.01,1.0,Montana,108.3,83,161,102.0,5.9,6.0,8,0.0,0.0,148.8,153.5,245.9,226.5,365.1666666666667,460.0,0.875,1.0,2,0.5,1
1.0,0.1,0.5,New Hampshire,108.6,103,111,111.0,9.1,9.0,10,0.0,0.0,124.5,126.0,143.7,141.5,,,0.0,0.0,0,0.0,0
2.0,0.01,0.5,Massachusetts,108.7,93,114,108.0,7.0,7.0,8,0.0,0.0,114.3,113.5,131.6,125.5,268.9,263.0,1.7,2.0,3,0.2,1
0.5,0.1,2.0,New Hampshire,108.9,92,111,111.0,9.1,9.0,10,0.0,0.0,120.8,124.0,139.8,137.5,,,0.0,0.0,0,0.0,0
0.5,0.25,1.0,Rhode Island,109.0,109,109,109.0,2.6,3.0,3,0.0,0.0,152.4,158.0,175.5,173.0,,,0.0,0.0,0,0.0,0
1.0,0.25,0.5,Rhode Island,109.0,109,109,109.0,2.8,3.0,4,0.0,0.0,159.6,166.0,177.42857142857142,173.0,,,0.0,0.0,0,0.0,0
1.0,0.05,0.5,Rhode Island,109.0,109,109,109.0,2.0,2.0,2,0.0,0.0,171.6,173.0,,,,,0.0,0.0,0,0.0,0
1.0,0.25,2.0,Rhode Island,109.0,109,109,109.0,3.7,4.0,4,0.0,0.0,137.6,127.0,200.5,173.0,,,0.0,0.0,0,0.0,0
2.0,0.25,1.0,Rhode Island,109.0,109,109,109.0,3.5,3.5,4,0.0,0.0,134.8,127.0,198.7,173.0,174.0,174.0,1.0,1.0,1,0.0,0
2.0,0.05,1.0,Rhode Island,109.0,109,109,109.0,2.5,2.5,3,0.0,0.0,171.4,173.0,459.0,522.0,,,0.0,0.0,0,0.0,0
0.5,0.25,2.0,Rhode Island,109.0,109,109,109.0,2.9,3.0,4,0.0,0.0,158.0,158.0,173.0,173.0,174.0,174.0,1.0,1.0,1,0.0,0
0.5,0.25,0.5,Rhode Island,109.0,109,109,109.0,2.8,3.0,4,0.0,0.0,157.6,157.0,169.0,173.0,,,0.0,0.0,0,0.0,0
1.0,0.25,1.0,Rhode Island,109.0,109,109,109.0,3.3,3.0,4,0.0,0.0,131.6,127.0,166.9,166.0,174.0,174.0,1.0,1.0,1,0.0,0
2.0,0.25,2.0,Rhode Island,109.0,109,109,109.0,3.5,3.5,4,0.0,0.0,131.8,127.0,166.7,166.0,,,0.0,0.0,0,0.0,0
2.0,0.25,0.5,Rhode Island,109.0,109,109,109.0,3.4,3.0,4,0.0,0.0,134.6,127.0,168.1,173.0,,,0.0,0.0,0,0.0,0
2.0,0.05,2.0,Rhode Island,109.0,109,109,109.0,2.7,3.0,4,0.0,0.0,168.6,173.0,403.6666666666667,493.0,174.0,174.0,1.0,1.0,1,0.0,0
2.0,0.1,1.0,Rhode Island,109.0,109,109,109.0,3.1,3.0,4,0.0,0.0,153.2,165.0,250.875,173.0,174.0,174.0,1.0,1.0,1,0.0,0
1.0,0.1,0.5,Rhode Island,109.0,109,109,109.0,2.4,2.0,3,0.0,0.0,165.4,173.0,176.75,173.0,,,0.0,0.0,0,0.0,0
0.5,0.1,1.0,Rhode Island,109.0,109,109,109.0,2.2,2.0,4,0.0,0.0,165.8,173.0,157.0,157.0,,,0.0,0.0,0,0.0,0
1.0,0.1,2.0,Rhode Island,109.0,109,109,109.0,3.0,3.0,4,0.0,0.0,154.4,157.0,260.25,173.0,,,0.0,0.0,0,0.0,0
2.0,0.1,2.0,Rhode Island,109.0,109,109,109.0,2.9,3.0,3,0.0,0.0,148.6,143.0,252.55555555555554,173.0,,,0.0,0.0,0,0.0,0
2.0,0.1,0.5,Rhode Island,109.0,109,109,109.0,2.4,2.0,3,0.0,0.0,154.6,173.0,173.0,173.0,,,0.0,0.0,0,0.0,0
0.5,0.1,2.0,Rhode Island,109.0,109,109,109.0,2.4,2.0,3,0.0,0.0,161.0,173.0,173.0,173.0,174.0,174.0,1.0,1.0,1,0.0,0
1.0,0.1,1.0,Rhode Island,109.0,109,109,109.0,3.2,3.5,4,0.0,0.0,140.8,127.0,161.57142857142858,157.0,174.0,174.0,1.0,1.0,1,0.0,0
0.5,0.1,0.5,Rhode Island,109.0,109,109,109.0,2.5,2.0,4,0.0,0.0,159.8,173.0,172.75,173.0,,,0.0,0.0,0,0.0,0
0.5,0.1,2.0,Louisiana,109.0,97,157,97.0,4.4,4.5,5,0.7,1.0,161.6,157.0,230.0,180.0,,,0.0,0.0,0,0.7,1
1.0,0.1,0.5,Louisiana,109.0,97,157,97.0,4.4,5.0,5,0.8,1.0,161.6,157.0,230.5,180.0,,,0.0,0.0,0,0.8,1
2.0,0.1,0.5,Louisiana,109.0,97,157,97.0,4.0,4.0,5,0.8,1.0,161.6,157.0,271.0,310.0,,,0.0,0.0,0,1.0,1
1.0,0.1,1.0,Louisiana,109.0,97,157,97.0,4.1,4.0,5,0.9,2.0,162.8,157.0,269.5,310.0,,,0.0,0.0,0,1.1,2
2.0,0.05,0.5,New Hampshire,109.1,92,111,111.0,9.0,9.0,9,0.0,0.0,124.5,126.0,153.0,168.0,144.0,144.0,1.0,1.0,1,0.0,0
ALL,ALL,ALL,Alabama,109.70985915492957,87,345,87.0,6.354929577464789,6.0,13,0.0,0.0,242.82903225806453,213.0,282.68835616438355,256.0,259.2857142857143,253.0,0.21875,0.0,1,0.07323943661971831,1
1.0,0.05,2.0,Rhode Island,109.9,109,118,109.0,2.6,3.0,3,0.0,0.0,156.4,166.0,347.6666666666667,332.5,,,0.0,0.0,0,0.0,0
0.5,0.05,1.0,Rhode Island,109.9,109,118,109.0,2.3,2.0,3,0.0,0.0,167.0,173.0,178.0,173.0,174.0,174.0,1.0,1.0,1,0.0,0
1.0,0.05,1.0,Rhode Island,109.9,109,118,109.0,2.6,2.0,4,0.0,0.0,157.6,173.0,165.0,165.0,,,0.0,0.0,0,0.0,0
2.0,0.1,0.5,New Hampshire,110.0,103,111,111.0,9.2,9.0,10,0.0,0.0,128.2,126.0,146.0,149.0,144.0,144.0,1.0,1.0,1,0.0,0
1.0,0.05,0.5,New Hampshire,110.6,92,126,111.0,8.7,9.0,9,0.0,0.0,124.9,126.0,160.9,162.5,144.0,144.0,1.0,1.0,1,0.0,0
2.0,0.01,2.0,North Carolina,111.1,74,192,89.0,14.0,12.5,20,0.2,1.0,226.3,240.0,266.0,279.0,320.9,379.0,3.5,3.5,6,4.8,8
ALL,ALL,ALL,Arkansas,111.33333333333333,91,337,104.0,9.411111111111111,9.0,17,0.0028089887640449437,1.0,139.61516853932585,109.0,164.34104046242774,120.0,102.49418604651163,28.0,6.208092485549133,6.0,15,0.6222222222222222,3
1.0,0.05,1.0,New Hampshire,111.4,103,147,111.0,8.8,9.0,9,0.0,0.0,133.7,126.0,166.9,168.0,144.0,144.0,1.0,1.0,1,0.0,0
0.5,0.05,1.0,New Hampshire,111.6,111,117,111.0,7.7,7.0,9,0.0,0.0,132.0,126.0,161.8,168.0,144.0,144.0,1.0,1.0,1,0.0,0
1.0,0.05,2.0,New Hampshire,111.9,92,126,111.0,9.1,9.0,10,0.0,0.0,126.5,126.0,157.7,162.5,144.0,144.0,1.0,1.0,1,0.0,0
0.5,0.01,0.5,Massachusetts,113.0,102,129,113.0,6.1,6.0,7,0.0,0.0,128.6,119.5,137.3,132.0,209.66666666666666,212.0,0.75,1.0,1,0.1,1
0.5,0.1,0.5,Louisiana,113.22222222222223,97,170,97.0,1.2222222222222223,1.0,2,2.0,2.0,170.0,170.0,,,,,0.0,0.0,0,1.4444444444444444,2
2.0,0.01,0.5,New Jersey,113.3,78,148,116.5,5.9,6.0,7,0.0,0.0,169.5,161.0,225.9,197.5,189.11111111111111,129.0,2.888888888888889,2.0,7,0.1,1
2.0,0.05,1.0,New Hampshire,114.0,111,126,111.0,9.2,9.0,10,0.0,0.0,137.2,126.0,160.4,168.0,144.0,144.0,1.0,1.0,1,0.0,0
1.0,0.1,0.5,West Virginia,114.5,84,183,91.0,9.3,9.5,10,0.0,0.0,169.6,174.5,198.5,196.0,424.0,424.0,2.0,2.0,2,0.1,1
2.0,0.01,2.0,Montana,114.5,83,150,102.0,6.6,7.0,8,0.0,0.0,152.2,150.0,200.9,172.0,418.0,460.0,1.0,1.0,2,0.7,2
2.0,0.05,2.0,New Hampshire,115.0,101,146,111.0,9.1,9.0,10,0.0,0.0,135.2,126.0,166.0,168.0,144.0,144.0,1.0,1.0,1,0.0,0
1.0,0.1,2.0,Louisiana,115.0,97,157,97.0,4.0,4.0,5,0.8,2.0,179.7,157.0,288.8,310.0,,,0.0,0.0,0,1.1,2
0.5,0.01,2.0,Montana,115.1,83,172,102.0,5.5,5.0,8,0.0,0.0,165.3,161.0,245.6,226.5,364.6666666666667,460.0,1.0,1.0,2,0.2,1
2.0,0.01,0.5,Montana,115.6,83,150,117.0,5.5,5.5,8,0.0,0.0,155.0,172.0,266.5,281.0,374.2,460.0,0.8571428571428571,1.0,2,0.9,2
0.5,0.01,1.0,Montana,115.8,83,135,133.5,3.4,3.0,5,0.0,0.0,160.9,172.0,244.66666666666666,281.0,,,0.0,0.0,0,0.0,0
2.0,0.01,1.0,North Carolina,116.0,74,205,89.0,13.2,12.5,18,0.1,1.0,184.4,181.5,235.4,233.0,287.8888888888889,371.0,4.2,4.5,8,5.3,12
0.5,0.05,2.0,Rhode Island,116.3,109,173,109.0,2.2,2.0,3,0.0,0.0,197.1,173.0,173.0,173.0,,,0.0,0.0,0,0.0,0
2.0,0.1,2.0,West Virginia,116.9,84,190,91.0,12.1,12.0,14,0.0,0.0,173.8,174.5,195.2,190.0,374.1,367.0,2.7,3.0,4,0.0,0
0.5,0.1,0.5,West Virginia,117.2,84,183,91.0,3.0,3.0,5,0.0,0.0,164.88888888888889,183.0,199.28571428571428,188.0,,,0.0,0.0,0,0.0,0
2.0,0.05,0.5,Rhode Island,117.4,109,173,109.0,2.3,2.0,3,0.0,0.0,200.1,173.0,278.3333333333333,188.0,174.0,174.0,1.0,1.0,1,0.0,0
1.0,0.01,0.5,North Carolina,117.7,74,205,89.0,8.4,9.0,10,0.0,0.0,191.2,205.0,236.8,226.0,285.8,326.0,1.6,1.5,3,1.9,3
2.0,0.01,1.0,Montana,118.6,102,172,102.0,6.6,6.5,9,0.0,0.0,166.2,142.5,205.0,172.0,424.0,460.0,1.25,1.0,3,0.6,1
1.0,0.01,1.0,New Jersey,119.0,78,148,120.5,5.6,6.0,7,0.0,0.0,172.7,161.0,225.9,191.5,263.5,366.0,1.8333333333333333,1.5,3,0.1,1
0.5,0.01,1.0,New Jersey,119.2,78,148,144.0,4.6,5.0,7,0.0,0.0,161.6,148.0,200.5,188.0,102.4,84.0,2.6,3.0,4,0.1,1
0.5,0.01,2.0,North Carolina,119.5,74,270,89.0,12.3,11.0,17,0.0,0.0,176.1,173.5,237.6,233.0,290.4,374.0,4.1,4.0,8,2.1,4
2.0,0.1,0.5,West Virginia,119.6,84,166,91.0,11.5,11.5,13,0.0,0.0,159.5,174.5,183.8,190.0,409.77777777777777,424.0,2.111111111111111,2.0,3,0.2,1
1.0,0.25,0.5,Mississippi,120.0,120,120,120.0,14.0,14.0,16,0.0,0.0,136.4,146.0,153.0,147.0,200.25,188.0,0.4,0.0,1,0.9,1
1.0,0.01,2.0,Montana,120.2,56,172,124.0,6.6,6.0,9,0.0,0.0,176.3,153.5,234.7,226.5,428.0,460.0,1.125,1.0,3,1.5,4
1.0,0.01,0.5,New Jersey,120.8,78,188,112.0,3.8,4.0,5,0.0,0.0,165.3,148.0,210.44444444444446,188.0,87.8,79.0,2.2,2.0,4,0.1,1
2.0,0.01,0.5,Alabama,120.9,87,296,87.0,4.0,4.0,6,0.0,0.0,287.1111111111111,296.0,327.625,317.0,,,0.0,0.0,0,0.0,0
2.0,0.05,1.0,Louisiana,121.0,97,157,97.0,3.6,3.5,5,0.6,1.0,177.2,157.0,326.6,315.0,,,0.0,0.0,0,1.0,1
2.0,0.25,2.0,Mississippi,121.8,120,138,120.0,17.3,17.0,19,0.0,0.0,132.5,134.0,144.1,138.0,188.0,188.0,0.4,0.0,1,1.5,3
0.5,0.01,2.0,New Jersey,122.4,78,148,143.0,5.3,5.0,7,0.0,0.0,168.6,181.0,218.9,195.0,184.6,84.0,1.6,1.0,4,0.0,0
1.0,0.25,2.0,Mississippi,122.8,120,146,120.0,16.9,17.0,19,0.0,0.0,142.9,146.0,158.3,163.0,188.0,188.0,0.6666666666666666,1.0,1,1.3,2
1.0,0.05,1.0,Louisiana,123.0,97,157,107.0,3.4,3.0,4,0.6,1.0,166.2,157.0,308.1,312.5,,,0.0,0.0,0,0.9,1
0.5,0.05,0.5,Rhode Island,123.6,109,173,109.0,1.9,2.0,3,0.0,0.0,171.0,173.0,173.0,173.0,,,0.0,0.0,0,0.0,0
2.0,0.25,0.5,Mississippi,123.6,120,138,120.0,15.4,15.5,18,0.0,0.0,133.4,130.0,150.8,142.5,188.0,188.0,0.4,0.0,1,2.3,3
ALL,ALL,ALL,New Hampshire,123.66295264623956,92,286,111.0,7.7855153203342615,9.0,10,0.0,0.0,149.59610027855155,126.0,172.16949152542372,156.0,140.72093023255815,144.0,0.8113207547169812,1.0,1,0.03064066852367688,1
1.0,0.01,2.0,New Jersey,123.7,78,174,146.0,5.2,5.0,6,0.0,0.0,172.7,148.0,249.0,231.5,190.28571428571428,84.0,2.5714285714285716,2.0,6,0.0,0
0.5,0.05,2.0,Louisiana,124.3,97,170,107.0,3.7,3.5,5,0.8,2.0,209.8,180.0,273.7,310.0,,,0.0,0.0,0,0.9,2
0.5,0.25,0.5,Mississippi,124.5,120,163,120.0,5.8,6.0,8,0.0,0.0,140.0,122.0,173.9,163.0,204.33333333333334,188.0,1.0,1.0,1,0.0,0
1.0,0.01,0.5,South Carolina,125.0,64,148,133.5,3.9,4.0,7,0.0,0.0,181.7,164.0,212.0,176.0,263.0,263.0,1.0,1.0,1,0.0,0
0.5,0.01,0.5,Montana,125.1,83,172,124.0,2.7,3.0,4,0.0,0.0,165.33333333333334,172.0,202.16666666666666,172.0,,,0.0,0.0,0,0.1,1
1.0,0.01,0.5,Montana,125.4,83,172,124.0,4.3,4.5,6,0.0,0.0,179.8,142.5,194.0,172.0,270.0,270.0,0.75,0.5,2,0.5,2
1.0,0.25,1.0,Mississippi,125.4,120,146,120.0,15.2,15.0,17,0.0,0.0,136.6,146.0,151.4,147.0,188.0,188.0,0.5,0.5,1,2.2,3
2.0,0.25,1.0,Mississippi,125.6,120,138,122.0,16.9,17.0,18,0.0,0.0,134.2,134.0,149.1,138.0,188.0,188.0,1.0,1.0,2,1.8,3
0.5,0.25,1.0,Mississippi,125.8,120,146,121.0,8.8,9.0,11,0.0,0.0,142.2,146.0,164.7,163.0,202.0,188.0,0.9,1.0,2,1.2,2
0.5,0.25,2.0,Mississippi,125.8,120,146,121.0,14.1,14.0,15,0.0,0.0,146.2,146.0,158.2,163.0,188.0,188.0,0.7,1.0,1,2.2,3
2.0,0.01,1.0,New Jersey,126.0,78,188,145.0,6.0,5.5,8,0.1,1.0,172.1,181.0,207.4,195.0,258.1,368.5,2.3,2.0,4,0.2,1
2.0,0.01,2.0,New Jersey,126.1,78,195,144.0,6.0,6.0,7,0.0,0.0,175.7,148.0,218.0,195.0,125.875,104.0,2.25,1.5,5,0.1,1
2.0,0.05,2.0,Louisiana,127.0,97,157,127.0,4.0,4.0,5,0.4,1.0,183.8,180.0,306.77777777777777,310.0,,,0.0,0.0,0,1.0,1
2.0,0.01,2.0,South Carolina,127.4,109,138,128.5,8.1,8.0,11,0.0,0.0,156.0,138.0,213.7,175.0,217.6,205.0,3.8,3.5,7,1.9,3
1.0,0.05,2.0,Louisiana,129.3,97,180,127.0,3.7,4.0,5,0.7,2.0,198.5,180.0,286.22222222222223,310.0,,,0.0,0.0,0,1.2,2
2.0,0.1,2.0,Mississippi,129.4,120,138,134.0,16.5,16.5,18,0.0,0.0,145.1,138.0,164.6,163.0,204.5,204.5,0.2,0.0,1,1.9,3
2.0,0.1,1.0,Mississippi,130.0,120,138,134.0,15.7,16.0,17,0.0,0.0,148.8,150.5,165.2,172.5,196.16666666666666,188.0,0.7,1.0,2,1.5,3
2.0,0.1,1.0,West Virginia,131.2,84,183,128.5,11.9,12.0,13,0.0,0.0,181.4,186.5,202.1,199.5,372.7,367.0,2.5,3.0,3,0.3,2
2.0,0.01,1.0,South Carolina,132.4,109,160,138.0,8.0,8.0,10,0.0,0.0,154.6,154.0,203.8,184.5,240.88888888888889,270.0,3.7777777777777777,4.0,7,1.6,3
2.0,0.1,0.5,Mississippi,132.8,120,138,138.0,13.4,13.0,16,0.0,0.0,155.4,147.0,172.5,182.0,188.0,188.0,0.3,0.0,1,2.4,3
2.0,0.05,0.5,Louisiana,133.0,97,157,157.0,3.9,4.0,5,0.4,1.0,185.0,180.0,302.3,310.0,,,0.0,0.0,0,0.7,1
0.5,0.01,1.0,Arkansas,133.5,104,159,134.0,2.5,2.0,5,0.0,0.0,230.22222222222223,243.0,317.0,321.0,347.7142857142857,394.0,2.4285714285714284,3.0,4,0.0,0
1.0,0.05,0.5,West Virginia,133.6,91,183,128.5,7.7,7.0,11,0.0,0.0,194.0,186.5,209.8,213.5,388.0,388.0,1.0,1.0,1,0.0,0
1.0,0.05,0.5,Louisiana,134.2,97,169,157.0,3.3,3.5,5,0.5,2.0,220.6,180.0,299.0,310.0,,,0.0,0.0,0,0.5,2
2.0,0.01,0.5,South Carolina,134.2,109,148,138.0,7.0,7.0,9,0.0,0.0,175.9,171.0,220.0,193.0,296.3333333333333,270.0,2.0,2.0,3,0.7,2
1.0,0.01,1.0,South Carolina,134.4,129,138,138.0,6.1,6.5,7,0.0,0.0,146.1,144.5,175.7,176.0,351.125,423.0,2.0,2.0,4,0.8,2
2.0,0.05,2.0,Mississippi,134.5,120,163,136.0,14.3,14.5,16,0.0,0.0,156.2,150.5,179.7,182.0,202.33333333333334,203.0,0.8,1.0,2,1.8,3
1.0,0.1,2.0,West Virginia,135.3,84,166,166.0,12.0,12.0,15,0.0,0.0,171.1,183.0,188.8,190.0,372.7,367.0,2.9,3.0,4,0.3,1
1.0,0.1,1.0,Mississippi,135.9,120,163,122.0,12.7,13.0,15,0.0,0.0,159.8,155.0,177.8,182.0,204.33333333333334,188.0,0.4,0.0,2,2.0,3
0.5,0.01,0.5,New Jersey,136.2,78,188,147.0,3.1,3.0,4,0.0,0.0,191.9,191.5,233.0,200.0,124.0,124.0,1.0,1.0,1,0.0,0
2.0,0.05,0.5,Mississippi,136.2,120,138,138.0,11.9,11.5,14,0.0,0.0,166.0,163.0,184.2,182.0,219.0,221.0,0.6,0.5,2,1.8,3
0.5,0.01,1.0,Rhode Island,136.42857142857142,109,173,109.0,1.4285714285714286,1.0,2,0.0,0.0,173.0,173.0,,,,,0.0,0.0,0,0.0,0
0.5,0.01,2.0,South Carolina,137.6,109,148,144.5,5.2,5.0,8,0.0,0.0,194.3,176.0,271.2,265.0,308.8,374.0,1.5,1.0,4,0.1,1
1.0,0.01,2.0,South Carolina,137.6,116,176,138.0,7.9,8.0,11,0.0,0.0,172.7,162.0,238.5,279.0,199.7,205.0,4.9,4.5,8,1.2,3
ALL,ALL,ALL,Louisiana,137.95043731778426,97,322,97.0,3.3994169096209914,4.0,5,0.7643097643097643,2.0,204.36700336700338,157.0,273.3991935483871,310.0,28.0,28.0,0.007272727272727273,0.0,1,0.9737609329446064,2
1.0,0.1,2.0,Mississippi,139.3,120,163,146.0,15.0,15.0,18,0.0,0.0,157.5,155.0,171.9,172.5,,,0.0,0.0,0,1.8,3
1.0,0.05,0.5,Mississippi,139.4,120,163,146.0,9.0,9.0,12,0.0,0.0,172.8,182.0,188.4,192.0,207.5,210.0,0.7777777777777778,1.0,2,0.8,2
0.5,0.05,0.5,Louisiana,139.77777777777777,97,180,170.0,1.1111111111111112,1.0,2,0.0,0.0,180.0,180.0,,,,,0.0,0.0,0,0.7777777777777778,2
1.0,0.01,1.0,Arkansas,140.7,104,159,159.0,6.0,6.0,8,0.0,0.0,217.8,209.5,287.0,306.5,264.3,290.5,2.5,2.5,6,0.3,1
2.0,0.01,1.0,Arkansas,141.4,104,243,134.0,8.0,8.0,11,0.0,0.0,209.9,209.5,268.4,286.5,162.6,153.0,4.0,4.0,7,0.2,1
1.0,0.1,0.5,Mississippi,142.0,120,163,146.0,10.6,11.0,13,0.0,0.0,157.7,163.0,174.7,182.0,188.0,188.0,0.25,0.0,1,1.3,3
0.5,0.01,0.5,Arkansas,142.5,104,243,139.5,2.7,3.0,6,0.0,0.0,203.75,159.0,261.8333333333333,283.0,160.0,177.0,2.1666666666666665,2.0,3,0.0,0
ALL,ALL,ALL,West Virginia,142.8494318181818,84,336,166.0,8.400568181818182,9.0,16,0.0,0.0,186.90029325513197,183.0,216.47575757575757,209.0,390.7447916666667,382.0,1.9543147208121827,2.0,5,0.14488636363636365,2
0.5,0.01,1.0,South Carolina,142.9,109,176,143.0,3.0,3.0,4,0.0,0.0,167.44444444444446,148.0,239.5,184.5,267.0,267.0,1.0,1.0,1,0.0,0
0.5,0.1,1.0,Mississippi,144.5,120,163,146.0,7.4,7.0,10,0.0,0.0,168.6,163.0,186.4,195.0,234.71428571428572,237.0,0.7777777777777778,1.0,1,1.5,3
0.5,0.1,0.5,Mississippi,144.8,120,196,141.5,4.0,4.0,5,0.0,0.0,176.3,179.0,200.44444444444446,196.0,,,0.0,0.0,0,0.0,0
2.0,0.05,1.0,Mississippi,146.3,120,182,138.0,13.6,13.5,16,0.0,0.0,168.2,182.0,183.4,188.0,221.0,221.0,0.5,0.5,1,1.6,3
0.5,0.1,2.0,Mississippi,147.1,120,182,146.0,12.0,12.0,15,0.0,0.0,166.5,163.0,180.7,182.0,221.0,221.0,0.2,0.0,1,2.5,4
2.0,0.05,1.0,West Virginia,147.9,84,183,166.0,10.2,10.5,11,0.0,0.0,183.1,186.5,205.1,199.5,379.6666666666667,367.0,2.2222222222222223,2.0,4,0.1,1
1.0,0.25,2.0,Maine,148.0,148,148,148.0,10.9,11.0,11,0.0,0.0,189.0,189.0,275.0,275.0,201.0,201.0,0.9,1.0,1,1.0,1
2.0,0.25,1.0,Maine,148.0,148,148,148.0,10.7,11.0,11,0.0,0.0,189.0,189.0,276.0,275.0,201.0,201.0,1.0,1.0,1,1.0,1
0.5,0.25,2.0,Maine,148.0,148,148,148.0,10.8,11.0,11,0.0,0.0,189.0,189.0,275.0,275.0,201.0,201.0,0.8,1.0,1,1.0,1
1.0,0.25,1.0,Maine,148.0,148,148,148.0,10.9,11.0,11,0.0,0.0,189.0,189.0,276.0,275.0,143.33333333333334,201.0,1.3,1.0,2,1.0,1
0.5,0.05,2.0,Maine,148.0,148,148,148.0,9.3,9.0,11,0.0,0.0,189.0,189.0,284.3,285.5,102.14285714285714,28.0,1.1,1.0,3,1.0,1
2.0,0.25,2.0,Maine,148.0,148,148,148.0,10.9,11.0,11,0.0,0.0,189.0,189.0,275.0,275.0,201.0,201.0,0.9,1.0,1,1.0,1
2.0,0.05,0.5,Maine,148.0,148,148,148.0,9.6,10.0,11,0.0,0.0,189.0,189.0,282.1,285.0,262.3333333333333,202.0,0.7,1.0,2,1.0,1
2.0,0.25,0.5,Maine,148.0,148,148,148.0,10.8,11.0,11,0.0,0.0,189.0,189.0,276.4,275.0,201.0,201.0,0.8,1.0,1,1.0,1
1.0,0.1,0.5,Maine,148.0,148,148,148.0,8.9,9.0,10,0.0,0.0,189.0,189.0,277.2,275.0,201.0,201.0,0.9,1.0,1,1.0,1
1.0,0.1,2.0,Maine,148.0,148,148,148.0,10.3,10.0,11,0.0,0.0,189.0,189.0,278.3,275.0,201.0,201.0,0.7,1.0,1,1.0,1
2.0,0.1,2.0,Maine,148.0,148,148,148.0,10.2,10.0,11,0.0,0.0,189.0,189.0,276.9,275.0,201.0,201.0,0.8,1.0,1,1.0,1
2.0,0.1,0.5,Maine,148.0,148,148,148.0,10.2,10.0,11,0.0,0.0,189.0,189.0,278.6,275.0,201.0,201.0,0.4,0.0,1,1.0,1
1.0,0.1,1.0,Maine,148.0,148,148,148.0,10.1,10.0,11,0.0,0.0,189.0,189.0,278.6,275.0,49.625,28.0,1.4,1.5,3,1.0,1
1.0,0.25,0.5,Maine,148.0,148,148,148.0,8.4,8.0,9,0.0,0.0,189.0,189.0,275.4,275.0,201.0,201.0,1.0,1.0,1,1.2,2
ALL,ALL,ALL,Rhode Island,148.01734104046244,109,610,109.0,2.4508670520231215,2.0,4,0.0,0.0,183.77227722772278,173.0,214.62179487179486,173.0,174.0,174.0,1.0,1.0,1,0.0,0
1.0,0.05,1.0,Mississippi,148.3,120,182,154.5,10.6,11.0,13,0.0,0.0,176.2,182.0,188.5,190.0,220.14285714285714,221.0,0.7,1.0,1,1.4,3
0.5,0.1,2.0,West Virginia,149.3,91,190,166.0,10.9,11.0,13,0.0,0.0,187.7,183.0,196.5,190.0,418.3,424.0,1.6,2.0,2,0.1,1
2.0,0.01,2.0,Alabama,149.7,87,296,87.0,4.6,5.0,6,0.0,0.0,302.4,296.0,329.8888888888889,339.0,,,0.0,0.0,0,0.0,0
0.5,0.05,2.0,Mississippi,150.7,120,192,146.0,10.6,10.5,13,0.0,0.0,175.7,182.0,188.5,192.0,216.0,216.0,0.8,1.0,2,1.6,4
0.5,0.01,2.0,Arkansas,150.8,104,305,136.5,5.4,5.0,8,0.0,0.0,205.8,159.0,303.6,316.5,234.77777777777777,327.0,3.4444444444444446,4.0,5,0.1,1
ALL,ALL,ALL,Mississippi,150.96648044692736,120,232,146.0,10.371508379888269,11.0,19,0.002849002849002849,1.0,171.65811965811966,163.0,189.47674418604652,182.0,223.22222222222223,211.0,0.5979381443298969,1.0,2,1.2262569832402235,4
2.0,0.01,0.5,Arkansas,151.6,104,310,114.5,6.0,6.0,8,0.0,0.0,244.8,302.0,323.8,315.5,231.5,272.0,3.2222222222222223,2.0,7,0.2,1
0.5,0.01,0.5,North Carolina,151.7,74,238,158.5,4.2,4.0,7,0.0,0.0,204.2,209.0,257.55555555555554,252.0,357.0,387.0,1.2,1.0,2,0.7,2
1.0,0.05,2.0,Maine,152.1,148,189,148.0,10.1,10.0,11,0.0,0.0,197.6,189.0,284.9,286.0,233.0,201.0,0.7,1.0,2,1.0,1
2.0,0.1,1.0,Maine,152.1,148,189,148.0,10.6,11.0,11,0.0,0.0,197.5,189.0,280.0,275.5,201.0,201.0,0.6,1.0,1,1.0,1
0.5,0.1,2.0,Maine,152.1,148,189,148.0,9.8,10.0,10,0.0,0.0,197.5,189.0,277.3,275.0,201.0,201.0,0.7,1.0,1,1.0,1
1.0,0.05,1.0,West Virginia,154.4,84,190,183.0,8.8,8.5,11,0.0,0.0,195.2,190.0,215.2,213.5,422.25,424.0,1.5,1.5,2,0.3,1
2.0,0.01,1.0,Alabama,154.6,87,256,87.0,4.4,4.5,5,0.0,0.0,287.7,296.0,331.4,331.0,,,0.0,0.0,0,0.0,0
0.5,0.05,1.0,West Virginia,155.4,91,183,183.0,5.1,4.5,8,0.0,0.0,199.5,209.0,225.8,237.0,386.0,367.0,1.0,1.0,1,0.0,0
0.5,0.05,1.0,Louisiana,155.7,97,315,97.0,2.3,2.0,4,1.0,2.0,277.125,312.5,268.3333333333333,310.0,,,0.0,0.0,0,1.0,2
2.0,0.05,1.0,Maine,156.2,148,189,148.0,9.3,9.0,10,0.1,1.0,201.0,189.0,284.2,287.0,179.375,201.0,1.0,1.0,2,1.0,1
1.0,0.05,1.0,Maine,156.2,148,189,148.0,9.1,9.0,11,0.0,0.0,206.0,189.0,281.1,280.0,28.0,28.0,1.5,2.0,2,1.0,1
2.0,0.05,2.0,Maine,156.2,148,189,148.0,9.3,9.5,10,0.0,0.0,199.9,189.0,284.3,287.0,143.33333333333334,201.0,0.7,1.0,2,1.0,1
0.5,0.05,2.0,West Virginia,156.8,84,190,166.0,8.5,8.5,10,0.0,0.0,185.1,190.0,213.3,212.5,359.2,424.0,1.6,2.0,2,0.0,0
0.5,0.01,1.0,New Hampshire,157.5,111,242,157.5,5.1,5.0,7,0.0,0.0,201.1,197.0,264.5,266.0,144.0,144.0,1.0,1.0,1,0.0,0
2.0,0.01,2.0,Arkansas,158.9,91,265,159.0,6.4,6.5,8,0.0,0.0,236.5,254.0,285.9,309.0,144.3,73.5,4.2,4.0,7,0.1,1
0.5,0.01,0.5,South Carolina,159.11111111111111,58,279,148.0,2.4444444444444446,2.0,5,0.4,2.0,201.8,193.0,250.5,265.0,119.75,135.0,2.25,1.5,5,0.2222222222222222,2
2.0,0.05,0.5,West Virginia,160.2,91,190,174.5,9.6,9.5,14,0.0,0.0,188.1,190.0,205.1,209.0,411.0,424.0,1.5,2.0,2,0.1,1
1.0,0.01,2.0,Arkansas,161.8,109,337,159.0,6.4,6.5,9,0.1,1.0,246.0,243.0,303.9,308.0,230.44444444444446,273.0,4.555555555555555,4.0,9,0.4,1
1.0,0.05,2.0,Mississippi,161.9,146,192,155.0,12.3,12.0,15,0.0,0.0,178.2,182.0,188.0,192.0,215.0,211.0,0.7,0.5,2,1.2,2
0.5,0.05,1.0,Mississippi,162.9,120,196,163.0,6.4,6.0,8,0.0,0.0,184.5,193.5,198.6,196.0,217.6,221.0,0.7142857142857143,1.0,1,0.7,2
1.0,0.01,1.0,New Hampshire,163.2,111,247,169.0,5.9,6.0,7,0.0,0.0,221.1,241.5,266.1,284.5,144.0,144.0,1.0,1.0,1,0.0,0
0.5,0.05,0.5,West Virginia,163.55555555555554,84,216,183.0,2.6666666666666665,3.0,4,0.0,0.0,203.375,212.5,221.2,221.0,,,0.0,0.0,0,0.0,0
0.5,0.01,2.0,Delaware,164.0,85,216,201.0,1.4,1.0,3,0.0,0.0,214.33333333333334,222.0,499.0,499.0,278.125,301.0,1.375,1.0,3,0.0,0
1.0,0.05,2.0,West Virginia,164.3,91,190,166.0,10.0,10.0,12,0.0,0.0,187.2,189.0,206.6,199.5,378.4,367.0,2.2,2.0,5,0.0,0
2.0,0.05,2.0,West Virginia,166.0,91,190,166.0,9.9,10.0,11,0.0,0.0,188.6,190.0,212.8,213.5,377.0,367.0,1.8,1.5,3,0.2,1
0.5,0.01,2.0,New Hampshire,166.3,111,242,147.5,5.5,5.5,7,0.0,0.0,227.2,244.5,279.9,285.0,144.0,144.0,1.0,1.0,1,0.0,0
0.5,0.01,0.5,New Hampshire,167.11111111111111,111,242,169.0,2.888888888888889,3.0,4,0.0,0.0,224.77777777777777,242.0,261.4,279.0,144.0,144.0,1.0,1.0,1,0.0,0
1.0,0.05,0.5,Maine,168.5,148,189,168.5,8.7,9.0,10,0.1,1.0,232.8,231.5,286.9,288.0,201.2,201.0,0.5,0.5,1,1.0,1
1.0,0.01,1.0,Delaware,168.7,85,224,179.5,1.5,1.0,3,0.0,0.0,291.25,232.5,499.0,499.0,301.0,301.0,1.0,1.0,1,0.0,0
2.0,0.01,1.0,Delaware,168.8,85,216,208.5,1.8,2.0,3,0.0,0.0,321.42857142857144,248.0,318.0,318.0,298.22222222222223,301.0,1.0,1.0,1,0.0,0
2.0,0.01,2.0,Delaware,169.2,85,216,193.5,1.7,2.0,3,0.0,0.0,336.0,318.0,318.0,318.0,277.8888888888889,301.0,1.1111111111111112,1.0,2,0.0,0
0.5,0.01,0.5,Rhode Island,173.0,173,173,173.0,1.0,1.0,1,,,,,,,,,0.0,0.0,0,0.0,0
0.5,0.05,0.5,Mississippi,173.5,120,196,179.0,3.3,3.0,6,0.0,0.0,202.0,196.0,212.875,223.0,237.0,237.0,1.0,1.0,1,0.2,1
0.5,0.01,1.0,Delaware,174.3,85,216,197.0,1.1,1.0,2,0.0,0.0,222.0,222.0,,,294.0,301.0,1.1428571428571428,1.0,2,0.0,0
0.5,0.01,0.5,Delaware,175.77777777777777,85,216,186.0,1.1111111111111112,1.0,2,0.0,0.0,248.0,248.0,,,277.0,276.0,1.4,1.0,3,0.0,0
1.0,0.01,2.0,New Hampshire,176.2,111,242,169.0,7.0,7.0,8,0.0,0.0,229.0,242.0,259.4,263.0,144.0,144.0,1.0,1.0,1,0.0,0
1.0,0.01,0.5,Delaware,177.5,85,216,208.5,1.3,1.0,2,0.0,0.0,220.66666666666666,222.0,,,269.77777777777777,301.0,1.2222222222222223,1.0,2,0.0,0
2.0,0.01,0.5,Mississippi,178.8,138,208,190.0,5.9,6.0,8,0.0,0.0,206.9,208.0,230.5,223.0,339.3333333333333,221.0,0.6,1.0,1,1.0,2
1.0,0.01,2.0,Alabama,179.2,87,296,150.0,4.3,4.0,6,0.0,0.0,307.9,296.0,363.44444444444446,386.0,,,0.0,0.0,0,0.0,0
ALL,ALL,ALL,Maine,181.03899721448468,148,303,148.0,7.944289693593315,9.0,11,0.08307692307692308,1.0,226.51384615384615,189.0,285.92879256965944,285.0,175.5695652173913,201.0,0.8132911392405063,1.0,3,0.8774373259052924,3
1.0,0.01,0.5,New Hampshire,181.4,111,286,170.5,5.1,5.0,7,0.0,0.0,257.4,244.5,281.5,286.0,144.0,144.0,1.0,1.0,1,0.0,0
2.0,0.01,2.0,New Hampshire,182.0,111,286,170.5,7.0,7.0,8,0.0,0.0,240.5,244.5,263.6,266.0,144.0,144.0,1.0,1.0,1,0.0,0
2.0,0.01,1.0,Mississippi,182.1,138,208,194.0,8.2,8.0,9,0.0,0.0,214.1,215.0,224.8,227.5,205.75,206.5,0.75,0.5,2,0.9,3
2.0,0.01,2.0,Mississippi,182.3,138,208,193.5,8.7,8.5,11,0.0,0.0,200.1,202.5,228.8,219.0,298.14285714285717,221.0,1.125,1.0,2,0.7,2
2.0,0.01,0.5,West Virginia,182.8,166,190,190.0,4.5,4.0,6,0.0,0.0,236.1,237.0,265.5,258.0,386.0,386.0,2.5,2.5,3,0.0,0
0.5,0.05,0.5,Maine,189.0,189,189,189.0,1.0,1.0,1,,,,,,,201.0,201.0,0.8,1.0,1,1.0,1
0.5,0.25,0.5,Maine,189.0,189,189,189.0,1.0,1.0,1,,,,,,,201.0,201.0,1.0,1.0,1,1.0,1
0.5,0.1,0.5,Maine,189.0,189,189,189.0,1.0,1.0,1,,,,,,,201.0,201.0,0.7,1.0,1,1.0,1
0.5,0.05,1.0,Maine,189.0,189,189,189.0,5.7,5.5,7,0.3,1.0,277.2,274.5,286.1,288.0,201.0,201.0,0.5,0.5,1,1.3,2
0.5,0.1,1.0,Maine,189.0,189,189,189.0,5.9,6.0,7,0.1,1.0,274.5,274.0,279.3,275.0,201.0,201.0,0.7,1.0,1,1.3,3
0.5,0.25,1.0,Maine,189.0,189,189,189.0,6.0,6.0,6,0.0,0.0,274.0,274.0,275.0,275.0,201.0,201.0,1.0,1.0,1,1.4,2
1.0,0.01,2.0,Mississippi,189.5,147,208,192.0,6.5,6.0,9,0.0,0.0,242.4,208.0,289.9,222.5,347.0,237.0,0.8,1.0,2,0.4,1
0.5,0.01,1.0,Alabama,191.5,87,296,191.5,1.8,1.5,3,0.0,0.0,296.0,296.0,339.0,339.0,,,0.0,0.0,0,0.0,0
1.0,0.01,0.5,Mississippi,192.4,138,208,202.0,4.2,4.5,5,0.0,0.0,210.8,211.5,236.8,227.5,218.5,221.0,1.0,1.0,1,0.0,0
1.0,0.01,2.0,Delaware,193.1,129,224,201.0,1.4,1.0,2,0.0,0.0,253.0,236.0,,,291.2,301.0,1.2,1.0,2,0.0,0
1.0,0.01,0.5,Louisiana,193.71428571428572,157,322,180.0,1.1428571428571428,1.0,2,0.0,0.0,358.0,358.0,,,28.0,28.0,0.5,0.5,1,0.14285714285714285,1
1.0,0.01,1.0,West Virginia,194.0,183,237,190.0,5.4,5.0,8,0.0,0.0,230.2,237.0,256.0,249.0,394.0,388.0,2.0,2.0,3,0.0,0
2.0,0.01,1.0,West Virginia,194.9,166,237,190.0,4.4,4.5,6,0.0,0.0,275.9,237.0,289.3333333333333,249.0,367.0,367.0,2.0,2.0,3,0.0,0
1.0,0.01,1.0,Mississippi,196.6,188,215,195.5,5.1,5.0,8,0.0,0.0,206.6,208.0,233.7,219.0,217.0,221.0,0.5555555555555556,1.0,1,0.8,2
2.0,0.01,0.5,New Hampshire,197.3,147,286,172.0,6.8,8.0,9,0.0,0.0,293.2,263.0,270.1111111111111,279.0,,,0.0,0.0,0,0.0,0
0.5,0.01,2.0,Mississippi,198.2,147,223,202.0,4.7,4.5,6,0.0,0.0,242.4,220.5,267.3,223.0,391.0,398.5,0.5,0.5,1,0.6,1
2.0,0.01,0.5,Delaware,200.1,85,241,216.0,1.5,1.0,3,0.0,0.0,408.5,408.5,587.0,587.0,299.77777777777777,301.0,1.2222222222222223,1.0,2,0.0,0
1.0,0.01,0.5,Alabama,200.4,87,296,256.0,2.6,2.0,5,0.0,0.0,297.125,296.0,328.25,321.0,,,0.0,0.0,0,0.0,0
0.5,0.01,1.0,Mississippi,202.66666666666666,182,232,196.0,2.888888888888889,3.0,5,0.16666666666666666,1.0,212.66666666666666,213.5,225.0,223.0,221.0,221.0,0.5,0.5,1,0.1111111111111111,1
2.0,0.01,0.5,Louisiana,202.8,157,322,180.0,2.3,2.0,3,0.0,0.0,278.8888888888889,358.0,390.25,358.0,28.0,28.0,0.14285714285714285,0.0,1,0.7,1
0.5,0.01,2.0,Alabama,204.4,87,296,256.0,4.1,4.0,6,0.0,0.0,305.1,296.0,351.6,339.0,297.0,297.0,1.0,1.0,1,0.0,0
0.5,0.01,2.0,West Virginia,205.3,190,249,190.0,3.5,3.5,6,0.0,0.0,265.2,237.0,281.125,265.0,424.0,424.0,2.0,2.0,2,0.0,0
0.5,0.01,0.5,Alabama,206.2,87,345,256.0,1.0,1.0,1,,,,,,,,,0.0,0.0,0,0.0,0
1.0,0.01,0.5,Arkansas,206.3,109,337,159.0,3.2,3.0,6,0.0,0.0,261.77777777777777,245.0,307.14285714285717,337.0,309.42857142857144,327.0,2.375,2.5,4,0.2,1
2.0,0.01,2.0,West Virginia,206.5,190,249,190.0,5.3,5.0,7,0.0,0.0,245.8,237.0,318.8,315.5,390.0,388.0,1.7142857142857142,2.0,4,0.1,1
0.5,0.01,0.5,Mississippi,208.33333333333334,188,223,215.0,1.8888888888888888,2.0,4,0.0,0.0,228.8,223.0,232.0,232.0,221.0,221.0,1.0,1.0,1,0.0,0
2.0,0.01,1.0,New Hampshire,211.9,156,247,242.0,6.4,6.5,8,0.0,0.0,245.0,247.0,302.3,279.0,,,0.0,0.0,0,0.0,0
1.0,0.01,2.0,Louisiana,215.4,97,322,180.0,2.2,2.0,4,0.125,1.0,314.5,318.5,398.3333333333333,358.0,,,0.0,0.0,0,1.2,2
0.5,0.01,2.0,Maine,219.1,189,290,189.0,5.5,5.0,10,0.4,1.0,294.8,290.0,314.0,324.0,28.0,28.0,0.2857142857142857,0.0,1,0.5,1
1.0,0.01,0.5,West Virginia,219.8,166,324,213.5,3.3,3.0,5,0.0,0.0,257.44444444444446,249.0,320.0,324.0,406.0,406.0,1.0,1.0,1,0.0,0
0.5,0.01,1.0,West Virginia,220.28571428571428,183,249,237.0,2.4285714285714284,2.0,4,0.0,0.0,237.6,237.0,244.33333333333334,237.0,,,0.0,0.0,0,0.0,0
1.0,0.01,1.0,Louisiana,222.0,97,322,180.0,2.8,3.0,4,0.2222222222222222,2.0,312.6666666666667,322.0,393.57142857142856,358.0,,,0.0,0.0,0,0.6,2
2.0,0.01,2.0,Louisiana,227.3,157,322,185.5,2.6,3.0,3,0.0,0.0,336.55555555555554,322.0,402.0,358.0,,,0.0,0.0,0,0.4,1
2.0,0.01,1.0,Maine,227.8,189,290,189.0,6.7,7.0,8,0.4,1.0,293.0,290.0,307.4,309.0,130.0,192.0,1.0,1.0,2,0.5,1
1.0,0.01,0.5,Rhode Island,229.22222222222223,109,483,173.0,1.5555555555555556,2.0,2,0.0,0.0,311.0,188.0,,,,,0.0,0.0,0,0.0,0
1.0,0.01,2.0,West Virginia,230.3,190,336,237.0,3.5,3.5,6,0.0,0.0,270.22222222222223,258.0,333.22222222222223,324.0,403.0,403.0,2.0,2.0,3,0.0,0
0.5,0.01,2.0,Louisiana,231.0,157,322,180.0,2.2,2.0,3,0.0,0.0,315.125,318.5,395.75,358.0,,,0.0,0.0,0,0.5,2
0.5,0.01,2.0,Rhode Island,233.2,109,538,173.0,1.4,1.0,2,0.0,0.0,343.25,331.0,,,,,0.0,0.0,0,0.0,0
1.0,0.01,1.0,Maine,234.1,189,286,232.5,6.2,6.0,8,0.5,1.0,293.2,290.0,304.0,300.5,69.0,28.0,0.5714285714285714,1.0,1,0.6,1
0.5,0.01,0.5,Louisiana,240.0,170,310,240.0,1.0,1.0,1,,,,,,,,,0.0,0.0,0,0.0,0
2.0,0.01,2.0,Maine,240.8,148,290,275.5,7.6,7.0,11,0.2,1.0,289.5,290.0,299.4,293.0,85.66666666666667,28.0,0.42857142857142855,0.0,1,0.5,1
1.0,0.01,1.0,Alabama,241.9,87,296,296.0,2.9,3.0,5,0.0,0.0,342.8888888888889,335.0,331.0,331.0,,,0.0,0.0,0,0.0,0
0.5,0.01,0.5,West Virginia,242.5,183,281,247.5,1.1666666666666667,1.0,2,0.0,0.0,259.0,259.0,,,,,0.0,0.0,0,0.0,0
1.0,0.01,2.0,Maine,252.6,189,290,275.5,7.7,8.0,10,0.1,1.0,289.5,290.0,304.8,305.5,82.66666666666667,28.0,0.6,1.0,1,0.3,1
1.0,0.01,0.5,Maine,255.0,189,288,276.0,7.4,7.0,10,0.2,1.0,279.9,289.0,299.8,293.0,192.0,192.0,0.25,0.0,1,0.3,1
0.5,0.01,1.0,Maine,256.3,189,293,282.0,5.2,5.0,7,0.3,1.0,294.2,290.0,305.7,298.0,196.5,196.5,0.5,0.5,1,0.4,2
2.0,0.01,0.5,Maine,265.7,148,290,275.5,7.2,7.5,8,0.0,0.0,278.4,283.5,302.6,305.5,213.0,28.0,1.0,1.0,2,0.1,1
2.0,0.01,1.0,Louisiana,275.2,157,322,318.5,2.4,2.5,4,0.0,0.0,337.625,340.0,421.0,358.0,,,0.0,0.0,0,1.0,2
1.0,0.01,1.0,Rhode Island,276.1,109,538,173.0,1.3,1.0,2,0.0,0.0,498.3333333333333,483.0,,,,,0.0,0.0,0,0.0,0
0.5,0.01,0.5,Maine,276.1111111111111,189,303,286.0,2.4444444444444446,2.0,6,0.0,0.0,290.4,293.0,313.0,323.0,201.0,201.0,0.5,0.5,1,0.1111111111111111,1
0.5,0.01,1.0,Louisiana,287.0,157,315,312.5,1.3333333333333333,1.0,2,0.0,0.0,358.0,358.0,,,,,0.0,0.0,0,0.0,0
2.0,0.01,0.5,Rhode Island,288.8,109,538,173.0,1.8,2.0,2,0.0,0.0,514.0,538.0,,,,,0.0,0.0,0,0.0,0
2.0,0.01,2.0,Rhode Island,342.22222222222223,109,538,474.0,1.4444444444444444,1.0,2,0.0,0.0,341.75,328.0,,,,,0.0,0.0,0,0.0,0
2.0,0.01,1.0,Rhode Island,366.77777777777777,109,610,493.0,1.4444444444444444,1.0,2,0.0,0.0,494.5,483.0,,,,,0.0,0.0,0,0.0,0
1.0,0.01,2.0,Rhode Island,372.8,109,538,538.0,1.4,1.0,2,0.0,0.0,250.5,173.0,,,,,0.0,0.0,0,0.0,0
