alpha,beta,gamma,state,mean_first_intro_day,earliest_first_intro_day,latest_first_intro_day,median_first_intro_day,mean_intro_count,median_intro_count,max_intro_count,mean_cumu_before_second_intro,max_cumu_before_second_intro,mean_intro_day_2,median_intro_day_2,mean_intro_day_3,median_intro_day_3,mean_first_export_day,median_first_export_day,mean_export_count,median_export_count,max_export_count,mean_total_cumu_cases,max_total_cumu_cases
0.5,0.01,0.5,Texas,28.0,28,28,28.0,28.5,29.0,33,0.0,0.0,28.0,28.0,28.0,28.0,33.6,33.0,33.9,34.0,42,17.0,20
0.5,0.01,1.0,Texas,28.0,28,28,28.0,34.5,35.0,43,0.0,0.0,28.0,28.0,28.0,28.0,33.2,33.0,42.5,41.5,51,24.5,30
0.5,0.05,0.5,Texas,28.0,28,28,28.0,43.0,43.5,47,0.0,0.0,28.0,28.0,28.0,28.0,31.8,31.0,47.3,47.5,53,25.6,30
0.5,0.1,0.5,Texas,28.0,28,28,28.0,45.7,45.0,48,0.0,0.0,28.0,28.0,28.0,28.0,31.4,31.0,50.7,51.0,55,27.6,30
1.0,0.01,0.5,Texas,28.0,28,28,28.0,36.8,35.5,45,0.0,0.0,28.0,28.0,28.0,28.0,33.3,33.0,51.7,51.0,60,28.6,35
0.5,0.25,0.5,Texas,28.0,28,28,28.0,47.3,46.0,51,0.0,0.0,28.0,28.0,28.0,28.0,31.0,31.0,54.9,55.0,61,29.9,32
0.5,0.05,1.0,Texas,28.0,28,28,28.0,50.4,51.0,53,0.0,0.0,28.0,28.0,28.0,28.0,32.4,33.0,53.4,53.0,60,30.5,34
0.5,0.01,2.0,Texas,28.0,28,28,28.0,41.6,40.5,49,0.0,0.0,28.0,28.0,28.0,28.0,33.6,33.0,59.6,59.5,72,31.1,36
0.5,0.1,1.0,Texas,28.0,28,28,28.0,49.6,50.0,52,0.0,0.0,28.0,28.0,28.0,28.0,31.4,31.0,57.4,57.5,63,34.3,40
1.0,0.01,1.0,Texas,28.0,28,28,28.0,43.3,44.5,48,0.0,0.0,28.0,28.0,28.0,28.0,33.1,33.0,64.2,65.5,73,34.8,45
0.5,0.25,1.0,Texas,28.0,28,28,28.0,52.7,52.5,58,0.0,0.0,28.0,28.0,28.0,28.0,31.0,31.0,58.8,58.5,64,35.0,37
2.0,0.01,0.5,Texas,28.0,28,28,28.0,45.5,46.5,52,0.0,0.0,28.0,28.0,28.0,28.0,33.5,33.0,70.6,70.0,83,35.9,47
1.0,0.01,2.0,Texas,28.0,28,28,28.0,45.2,46.0,51,0.0,0.0,28.0,28.0,28.0,28.0,34.0,34.0,75.3,76.5,83,36.9,42
1.0,0.25,0.5,Texas,28.0,28,28,28.0,55.4,56.0,57,0.0,0.0,28.0,28.0,28.0,28.0,31.0,31.0,68.2,68.0,76,37.2,40
0.5,0.1,2.0,Texas,28.0,28,28,28.0,56.8,56.0,62,0.0,0.0,28.0,28.0,28.0,28.0,31.0,31.0,74.3,74.0,82,37.2,40
ALL,ALL,ALL,Texas,28.0,28,28,28.0,49.15277777777778,50.0,62,0.0,0.0,28.0,28.0,28.0,28.0,31.905555555555555,31.0,70.59722222222223,74.0,94,37.25833333333333,53
1.0,0.05,0.5,Texas,28.0,28,28,28.0,48.2,48.0,54,0.0,0.0,28.0,28.0,28.0,28.0,31.4,31.0,67.0,66.5,72,37.4,40
0.5,0.25,2.0,Texas,28.0,28,28,28.0,58.4,58.5,61,0.0,0.0,28.0,28.0,28.0,28.0,31.0,31.0,74.3,75.0,77,37.8,39
0.5,0.05,2.0,Texas,28.0,28,28,28.0,52.0,51.5,57,0.0,0.0,28.0,28.0,28.0,28.0,32.0,32.0,71.0,71.5,78,38.0,44
1.0,0.1,0.5,Texas,28.0,28,28,28.0,51.5,51.0,54,0.0,0.0,28.0,28.0,28.0,28.0,31.4,31.0,68.2,69.0,73,38.1,41
1.0,0.25,1.0,Texas,28.0,28,28,28.0,58.6,58.0,62,0.0,0.0,28.0,28.0,28.0,28.0,31.0,31.0,76.1,77.0,81,38.3,42
2.0,0.01,1.0,Texas,28.0,28,28,28.0,45.0,44.0,51,0.0,0.0,28.0,28.0,28.0,28.0,33.3,33.0,76.7,75.0,87,38.3,42
1.0,0.05,1.0,Texas,28.0,28,28,28.0,53.1,53.0,58,0.0,0.0,28.0,28.0,28.0,28.0,32.0,32.0,74.0,71.5,82,38.8,44
2.0,0.01,2.0,Texas,28.0,28,28,28.0,45.9,46.5,50,0.0,0.0,28.0,28.0,28.0,28.0,33.8,33.0,80.5,80.0,90,39.0,49
1.0,0.1,1.0,Texas,28.0,28,28,28.0,55.4,55.0,61,0.0,0.0,28.0,28.0,28.0,28.0,31.0,31.0,78.3,79.0,83,39.9,45
1.0,0.25,2.0,Texas,28.0,28,28,28.0,55.9,55.5,59,0.0,0.0,28.0,28.0,28.0,28.0,31.0,31.0,82.9,82.0,88,41.8,45
2.0,0.25,0.5,Texas,28.0,28,28,28.0,55.5,56.0,58,0.0,0.0,28.0,28.0,28.0,28.0,31.0,31.0,83.2,83.5,89,41.9,45
2.0,0.25,1.0,Texas,28.0,28,28,28.0,54.7,53.0,61,0.0,0.0,28.0,28.0,28.0,28.0,31.0,31.0,83.9,84.5,94,42.4,45
2.0,0.25,2.0,Texas,28.0,28,28,28.0,56.1,56.0,59,0.0,0.0,28.0,28.0,28.0,28.0,31.0,31.0,86.2,85.5,92,42.9,46
2.0,0.1,0.5,Texas,28.0,28,28,28.0,51.7,52.0,54,0.0,0.0,28.0,28.0,28.0,28.0,31.6,31.0,82.9,82.5,90,43.9,45
2.0,0.1,1.0,Texas,28.0,28,28,28.0,51.8,52.0,57,0.0,0.0,28.0,28.0,28.0,28.0,31.6,31.0,86.1,87.0,89,44.5,51
1.0,0.1,2.0,Texas,28.0,28,28,28.0,51.8,51.0,60,0.0,0.0,28.0,28.0,28.0,28.0,31.0,31.0,84.9,84.5,93,44.5,47
2.0,0.05,0.5,Texas,28.0,28,28,28.0,49.5,49.0,56,0.0,0.0,28.0,28.0,28.0,28.0,31.4,31.0,81.9,82.0,93,44.6,48
2.0,0.1,2.0,Texas,28.0,28,28,28.0,51.9,52.5,55,0.0,0.0,28.0,28.0,28.0,28.0,31.8,31.0,87.1,87.5,91,45.1,48
1.0,0.05,2.0,Texas,28.0,28,28,28.0,49.0,50.0,53,0.0,0.0,28.0,28.0,28.0,28.0,31.8,31.0,82.6,82.0,91,45.7,52
2.0,0.05,1.0,Texas,28.0,28,28,28.0,48.5,48.0,52,0.0,0.0,28.0,28.0,28.0,28.0,32.0,32.0,85.6,85.5,93,45.7,50
2.0,0.05,2.0,Texas,28.0,28,28,28.0,48.7,49.0,52,0.0,0.0,28.0,28.0,28.0,28.0,31.2,31.0,85.3,86.5,90,46.6,53
0.5,0.25,1.0,Minnesota,31.0,31,31,31.0,35.3,35.5,39,2.1,5.0,39.5,39.5,44.0,44.0,28.0,28.0,62.6,62.0,67,36.2,39
1.0,0.25,0.5,Minnesota,31.0,31,31,31.0,35.5,36.5,39,1.2,6.0,37.7,35.0,44.1,44.0,28.0,28.0,65.6,65.5,71,36.5,41
0.5,0.1,2.0,Minnesota,31.0,31,31,31.0,37.7,37.5,43,1.7,5.0,39.8,39.5,44.9,44.0,28.0,28.0,61.1,59.5,76,36.5,41
1.0,0.1,2.0,Minnesota,31.0,31,31,31.0,38.1,38.5,44,1.8,3.0,40.4,44.0,44.7,44.0,28.0,28.0,63.4,64.0,67,36.8,44
1.0,0.1,1.0,Minnesota,31.0,31,31,31.0,37.2,37.0,45,2.3,5.0,42.2,44.0,44.9,45.0,28.0,28.0,63.7,64.0,70,37.1,46
1.0,0.25,2.0,Minnesota,31.0,31,31,31.0,38.3,38.5,45,1.7,6.0,38.6,35.0,44.2,44.0,28.0,28.0,67.5,68.5,74,37.3,42
2.0,0.25,1.0,Minnesota,31.0,31,31,31.0,38.9,38.5,44,1.9,5.0,39.5,39.5,44.0,44.0,28.0,28.0,67.6,68.0,72,37.3,41
0.5,0.25,0.5,Minnesota,31.0,31,31,31.0,31.3,31.0,37,1.8,4.0,39.5,39.5,43.9,44.0,28.0,28.0,47.8,47.0,54,37.5,41
2.0,0.25,0.5,Minnesota,31.0,31,31,31.0,38.6,38.5,41,1.0,4.0,37.7,35.0,44.1,44.0,28.0,28.0,66.5,65.5,71,37.5,40
1.0,0.25,1.0,Minnesota,31.0,31,31,31.0,38.1,38.0,40,1.7,5.0,38.6,35.0,44.0,44.0,28.0,28.0,66.1,65.5,73,37.8,41
2.0,0.25,2.0,Minnesota,31.0,31,31,31.0,37.7,38.5,42,1.4,4.0,38.6,35.0,44.1,44.0,28.0,28.0,68.9,70.0,75,38.8,45
0.5,0.25,2.0,Minnesota,31.0,31,31,31.0,37.1,36.0,42,1.6,4.0,39.5,39.5,44.1,44.0,28.0,28.0,66.9,66.5,74,39.2,43
2.0,0.05,2.0,Minnesota,32.3,31,44,31.0,42.7,42.5,50,1.5,3.0,43.3,44.0,45.3,45.0,28.0,28.0,64.0,65.0,73,32.6,39
0.5,0.1,0.5,Minnesota,32.7,31,44,31.0,33.2,33.0,38,1.4,3.0,41.5,44.0,44.8,44.0,28.0,28.0,43.6,42.0,51,33.1,42
0.5,0.1,1.0,Minnesota,32.7,31,44,31.0,34.4,34.5,39,1.7,3.0,42.2,44.0,44.8,45.0,28.0,28.0,55.6,54.5,65,34.8,41
1.0,0.05,0.5,Wyoming,33.0,33,33,33.0,10.1,10.0,11,0.0,0.0,51.7,50.0,59.8,58.0,105.88888888888889,95.0,2.3333333333333335,3.0,3,0.0,0
0.5,0.25,2.0,Wyoming,33.0,33,33,33.0,12.0,12.0,12,0.0,0.0,45.8,44.0,51.6,50.0,105.33333333333333,101.0,2.111111111111111,2.0,3,0.0,0
1.0,0.05,1.0,Wyoming,33.0,33,33,33.0,11.6,12.0,12,0.0,0.0,53.7,50.5,59.7,58.0,113.0,117.0,1.6,2.0,2,0.0,0
0.5,0.05,0.5,Wyoming,33.0,33,33,33.0,7.7,8.0,9,0.0,0.0,60.1,54.5,66.7,60.0,,,0.0,0.0,0,0.0,0
1.0,0.25,1.0,Wyoming,33.0,33,33,33.0,12.0,12.0,12,0.0,0.0,45.1,44.0,52.6,50.0,101.0,95.0,1.6,2.0,2,0.0,0
2.0,0.05,2.0,Wyoming,33.0,33,33,33.0,11.8,12.0,12,0.0,0.0,58.2,60.0,61.8,63.0,136.11111111111111,122.0,1.8888888888888888,2.0,4,0.0,0
2.0,0.1,0.5,Wyoming,33.0,33,33,33.0,11.8,12.0,12,0.0,0.0,48.1,50.0,55.4,58.0,108.5,108.5,2.2,2.0,4,0.0,0
0.5,0.1,0.5,Wyoming,33.0,33,33,33.0,9.2,9.0,10,0.0,0.0,50.7,50.5,56.8,58.0,101.0,101.0,1.0,1.0,1,0.0,0
0.5,0.05,1.0,Wyoming,33.0,33,33,33.0,10.0,10.0,11,0.0,0.0,50.3,50.0,58.8,58.0,112.4,95.0,1.0,1.0,1,0.1,1
0.5,0.05,2.0,Wyoming,33.0,33,33,33.0,11.0,11.0,12,0.0,0.0,53.5,50.5,59.0,58.0,116.3,117.0,1.7,2.0,3,0.1,1
2.0,0.25,0.5,Wyoming,33.0,33,33,33.0,12.0,12.0,12,0.0,0.0,44.0,44.0,53.2,50.0,97.7,95.0,1.9,2.0,3,0.1,1
2.0,0.1,1.0,Wyoming,33.0,33,33,33.0,11.9,12.0,12,0.0,0.0,48.1,50.0,57.5,58.0,104.0,95.0,2.3333333333333335,2.0,6,0.1,1
1.0,0.1,0.5,Wyoming,33.0,33,33,33.0,11.1,11.0,12,0.0,0.0,51.1,50.0,58.8,58.0,110.0,122.0,1.6666666666666667,1.0,3,0.1,1
0.5,0.1,1.0,Wyoming,33.0,33,33,33.0,10.5,10.5,11,0.0,0.0,47.8,47.0,54.0,54.5,95.0,95.0,0.75,1.0,1,0.1,1
0.5,0.25,1.0,Wyoming,33.0,33,33,33.0,10.6,10.5,12,0.0,0.0,46.1,47.0,55.9,58.0,95.0,95.0,1.1111111111111112,1.0,2,0.2,1
2.0,0.25,1.0,Wyoming,33.0,33,33,33.0,12.0,12.0,12,0.0,0.0,44.5,44.0,54.2,57.5,107.9,95.0,2.4,2.0,3,0.2,1
2.0,0.25,2.0,Wyoming,33.0,33,33,33.0,12.0,12.0,12,0.0,0.0,44.1,44.0,51.9,54.0,96.2,95.0,2.5,2.5,4,0.2,1
0.5,0.1,2.0,Wyoming,33.0,33,33,33.0,11.7,12.0,12,0.0,0.0,53.7,50.0,62.0,58.0,112.4,117.0,2.0,2.0,3,0.2,1
1.0,0.1,1.0,Wyoming,33.0,33,33,33.0,11.8,12.0,12,0.0,0.0,49.7,47.0,56.5,58.0,95.0,95.0,2.0,2.0,3,0.2,1
1.0,0.25,0.5,Wyoming,33.0,33,33,33.0,11.4,11.0,12,0.0,0.0,44.9,44.0,50.1,50.0,95.0,95.0,2.1,2.0,3,0.3,1
1.0,0.25,2.0,Wyoming,33.0,33,33,33.0,12.0,12.0,12,0.0,0.0,45.2,44.0,52.6,58.0,101.0,95.0,1.4444444444444444,1.0,2,0.3,1
0.5,0.25,0.5,Wyoming,33.0,33,33,33.0,9.8,10.0,11,0.0,0.0,45.5,44.5,52.8,54.0,101.0,101.0,0.25,0.0,1,0.3,1
1.0,0.1,2.0,Wyoming,33.0,33,33,33.0,11.8,12.0,12,0.0,0.0,53.0,50.0,58.8,58.0,113.9,122.0,1.6,1.5,3,0.3,1
2.0,0.1,2.0,Wyoming,33.0,33,33,33.0,11.7,12.0,12,0.0,0.0,51.3,50.0,58.5,58.0,112.33333333333333,122.0,2.111111111111111,2.0,3,0.3,1
0.5,0.25,0.5,Kansas,33.0,33,33,33.0,50.1,50.0,52,0.0,0.0,35.0,33.0,39.2,38.0,28.0,28.0,19.2,19.5,22,11.9,14
0.5,0.05,0.5,Kansas,33.0,33,33,33.0,39.4,39.0,43,0.0,0.0,38.1,38.0,40.9,41.0,28.0,28.0,20.7,21.5,26,12.5,15
0.5,0.1,0.5,Kansas,33.0,33,33,33.0,43.4,43.5,46,0.0,0.0,36.5,38.0,40.1,41.0,28.0,28.0,20.7,20.0,27,12.6,16
0.5,0.05,1.0,Kansas,33.0,33,33,33.0,45.8,46.5,48,0.0,0.0,37.5,38.0,40.7,41.0,28.0,28.0,20.2,21.0,23,13.8,17
0.5,0.05,2.0,Kansas,33.0,33,33,33.0,50.1,50.0,53,0.0,0.0,37.5,38.0,40.7,41.0,28.0,28.0,26.2,27.0,31,14.4,17
0.5,0.25,2.0,Kansas,33.0,33,33,33.0,56.0,55.5,60,0.0,0.0,35.0,33.0,39.2,38.0,28.0,28.0,27.6,28.0,31,14.8,18
0.5,0.25,1.0,Kansas,33.0,33,33,33.0,52.0,52.0,55,0.0,0.0,35.5,35.5,39.5,39.5,28.0,28.0,22.0,22.0,27,15.2,17
1.0,0.05,0.5,Kansas,33.0,33,33,33.0,47.2,47.5,49,0.0,0.0,37.0,38.0,40.4,41.0,28.0,28.0,26.9,27.0,31,15.5,17
1.0,0.1,0.5,Kansas,33.0,33,33,33.0,51.0,50.5,55,0.0,0.0,37.5,38.0,40.7,41.0,28.0,28.0,26.5,26.5,30,15.6,18
1.0,0.05,1.0,Kansas,33.0,33,33,33.0,51.0,51.0,55,0.0,0.0,37.5,38.0,40.7,41.0,28.0,28.0,32.2,32.0,38,15.9,18
0.5,0.1,2.0,Kansas,33.0,33,33,33.0,52.3,53.0,55,0.0,0.0,37.0,38.0,40.7,41.0,28.0,28.0,27.3,27.0,32,15.9,19
1.0,0.25,0.5,Kansas,33.0,33,33,33.0,53.2,53.0,55,0.0,0.0,36.5,38.0,40.1,41.0,28.0,28.0,28.5,27.5,33,16.0,18
0.5,0.1,1.0,Kansas,33.0,33,33,33.0,47.3,47.0,49,0.0,0.0,38.0,38.0,41.0,41.0,28.0,28.0,22.5,22.5,25,16.0,19
1.0,0.25,1.0,Kansas,33.0,33,33,33.0,58.0,58.0,60,0.0,0.0,36.5,38.0,40.1,41.0,28.0,28.0,31.3,30.0,40,16.1,19
2.0,0.1,0.5,Kansas,33.0,33,33,33.0,55.4,55.0,58,0.0,0.0,37.5,38.0,40.7,41.0,28.0,28.0,35.4,35.5,39,16.1,19
1.0,0.1,1.0,Kansas,33.0,33,33,33.0,53.9,54.0,56,0.0,0.0,36.5,38.0,40.1,41.0,28.0,28.0,31.5,31.0,37,16.6,19
2.0,0.25,1.0,Kansas,33.0,33,33,33.0,59.3,59.0,63,0.0,0.0,36.5,38.0,40.1,41.0,28.0,28.0,35.9,35.5,39,16.8,18
2.0,0.05,2.0,Kansas,33.0,33,33,33.0,55.8,55.5,61,0.0,0.0,36.5,38.0,40.1,41.0,28.0,28.0,45.5,46.0,49,16.8,20
2.0,0.05,0.5,Kansas,33.0,33,33,33.0,50.8,51.5,55,0.0,0.0,38.0,38.0,41.0,41.0,28.0,28.0,32.2,32.5,38,17.1,21
2.0,0.25,0.5,Kansas,33.0,33,33,33.0,58.0,58.0,60,0.0,0.0,36.0,38.0,39.8,41.0,28.0,28.0,34.2,34.5,40,17.1,19
1.0,0.25,2.0,Kansas,33.0,33,33,33.0,58.3,58.0,61,0.0,0.0,36.5,38.0,40.1,41.0,28.0,28.0,35.1,35.5,41,17.3,19
2.0,0.05,1.0,Kansas,33.0,33,33,33.0,52.2,52.5,56,0.0,0.0,37.5,38.0,40.7,41.0,28.0,28.0,36.1,35.0,45,17.5,19
1.0,0.1,2.0,Kansas,33.0,33,33,33.0,55.0,55.0,58,0.0,0.0,37.5,38.0,40.7,41.0,28.0,28.0,36.1,36.5,38,17.7,21
2.0,0.1,1.0,Kansas,33.0,33,33,33.0,55.4,54.5,59,0.0,0.0,37.5,38.0,40.7,41.0,28.0,28.0,36.8,36.0,43,18.0,19
2.0,0.25,2.0,Kansas,33.0,33,33,33.0,59.8,60.0,63,0.0,0.0,34.5,33.0,38.9,38.0,28.0,28.0,40.6,41.5,45,18.4,21
2.0,0.1,2.0,Kansas,33.0,33,33,33.0,56.0,56.0,60,0.0,0.0,36.0,38.0,39.8,41.0,28.0,28.0,42.6,43.5,46,19.8,22
0.5,0.1,0.5,California,33.0,33,33,33.0,2.0,2.0,3,14.428571428571429,23.0,48.857142857142854,39.0,79.0,58.0,28.0,28.0,80.1,80.5,86,32.1,33
0.5,0.05,1.0,California,33.0,33,33,33.0,2.4,2.0,4,17.75,33.0,125.375,58.0,253.5,238.5,28.0,28.0,88.1,90.0,92,32.2,33
1.0,0.05,1.0,California,33.0,33,33,33.0,2.7,3.0,4,21.666666666666668,33.0,156.66666666666666,58.0,277.6666666666667,356.0,28.0,28.0,93.4,93.5,103,32.2,34
1.0,0.25,0.5,California,33.0,33,33,33.0,2.2,2.0,3,11.555555555555555,13.0,39.0,39.0,376.0,356.0,28.0,28.0,91.6,92.0,94,32.4,34
1.0,0.05,0.5,California,33.0,33,33,33.0,2.3,2.0,3,26.444444444444443,33.0,198.77777777777777,121.0,356.0,356.0,28.0,28.0,88.8,88.0,101,32.4,33
1.0,0.25,1.0,California,33.0,33,33,33.0,2.6,2.0,5,13.9,33.0,70.7,39.0,207.0,207.0,28.0,28.0,93.9,93.5,100,32.4,33
1.0,0.1,0.5,California,33.0,33,33,33.0,2.6,3.0,3,20.8,34.0,142.9,58.0,356.0,356.0,28.0,28.0,92.2,91.0,100,32.4,34
2.0,0.05,1.0,California,33.0,33,33,33.0,2.7,2.5,4,24.7,33.0,205.1,207.0,309.0,356.0,28.0,28.0,88.7,88.0,95,32.5,33
2.0,0.25,2.0,California,33.0,33,33,33.0,3.4,3.0,4,16.7,33.0,104.3,39.0,364.4,356.0,28.0,28.0,89.9,89.5,100,32.5,33
2.0,0.05,0.5,California,33.0,33,33,33.0,2.9,3.0,5,23.3,33.0,203.2,207.0,370.5,356.0,28.0,28.0,89.9,91.0,95,32.5,33
2.0,0.25,0.5,California,33.0,33,33,33.0,3.5,3.5,4,15.4,33.0,102.4,39.0,400.2,356.0,28.0,28.0,92.6,93.5,98,32.5,33
2.0,0.1,2.0,California,33.0,33,33,33.0,3.2,3.5,4,16.3,34.0,120.4,39.0,279.85714285714283,356.0,28.0,28.0,91.6,91.5,98,32.5,34
0.5,0.25,0.5,California,33.0,33,33,33.0,1.4,1.0,2,11.75,13.0,39.0,39.0,,,28.0,28.0,81.2,81.0,84,32.6,33
0.5,0.05,2.0,California,33.0,33,33,33.0,2.5,2.5,4,21.25,34.0,165.0,58.0,296.4,356.0,28.0,28.0,92.7,94.0,102,32.6,34
0.5,0.1,1.0,California,33.0,33,33,33.0,1.9,2.0,3,20.285714285714285,33.0,174.85714285714286,39.0,207.0,207.0,28.0,28.0,92.4,93.0,98,32.6,34
1.0,0.1,2.0,California,33.0,33,33,33.0,3.1,3.0,5,22.22222222222222,34.0,184.11111111111111,58.0,266.6666666666667,356.0,28.0,28.0,90.1,89.5,98,32.6,34
0.5,0.25,1.0,California,33.0,33,33,33.0,2.1,2.0,3,13.555555555555555,34.0,74.22222222222223,39.0,356.0,356.0,28.0,28.0,90.5,89.5,103,32.7,34
1.0,0.1,1.0,California,33.0,33,33,33.0,2.4,2.0,4,20.0,33.0,119.22222222222223,58.0,297.25,356.0,28.0,28.0,93.6,94.5,99,32.7,34
2.0,0.1,0.5,California,33.0,33,33,33.0,2.8,3.0,4,22.333333333333332,34.0,202.0,58.0,345.0,356.0,28.0,28.0,92.5,90.5,100,32.8,35
2.0,0.1,1.0,California,33.0,33,33,33.0,2.8,3.0,4,29.2,34.0,293.1,356.0,436.5,436.5,28.0,28.0,92.1,92.0,98,32.9,34
1.0,0.25,2.0,California,33.0,33,33,33.0,2.9,3.0,4,20.0,34.0,171.8,39.0,419.14285714285717,416.0,28.0,28.0,90.3,90.0,95,33.0,34
0.5,0.25,2.0,California,33.0,33,33,33.0,1.7,2.0,3,11.333333333333334,13.0,39.0,39.0,416.0,416.0,28.0,28.0,95.4,93.5,103,33.0,34
2.0,0.05,2.0,California,33.0,33,33,33.0,2.3,2.0,5,29.333333333333332,34.0,281.55555555555554,356.0,238.5,238.5,28.0,28.0,91.5,91.5,100,33.0,35
2.0,0.25,1.0,California,33.0,33,33,33.0,2.6,3.0,4,19.0,34.0,162.55555555555554,39.0,446.5,466.5,28.0,28.0,93.7,94.0,97,33.1,35
2.0,0.1,0.5,Minnesota,33.1,31,44,31.0,40.1,41.0,43,1.1,3.0,40.5,44.0,44.6,44.0,28.0,28.0,64.8,64.5,77,35.1,41
2.0,0.25,0.5,Colorado,33.2,32,36,32.0,23.9,24.0,25,0.0,0.0,36.0,36.0,36.2,36.0,28.0,28.0,37.1,35.0,45,8.1,9
1.0,0.05,2.0,Kansas,33.5,33,38,33.0,52.8,53.5,57,0.0,0.0,38.1,38.0,40.9,41.0,28.0,28.0,34.7,34.5,38,17.1,20
0.5,0.25,0.5,Colorado,33.6,32,36,32.0,22.1,22.0,24,0.0,0.0,36.0,36.0,36.6,36.0,28.0,28.0,29.7,31.0,33,5.1,6
2.0,0.05,0.5,Minnesota,33.6,31,44,31.0,41.4,41.0,46,1.6,3.0,43.4,44.0,45.5,45.0,28.0,28.0,58.0,58.0,66,32.5,37
1.0,0.1,0.5,Minnesota,33.6,31,44,31.0,36.7,35.5,46,2.2,5.0,42.3,44.0,44.9,45.0,28.0,28.0,61.7,62.0,67,32.5,39
1.0,0.05,0.5,Minnesota,33.6,31,44,31.0,36.0,36.0,39,0.9,2.0,42.5,44.0,45.0,44.5,28.0,28.0,56.3,56.5,62,32.6,36
1.0,0.25,1.0,Colorado,34.0,32,36,34.0,23.8,24.0,25,0.0,0.0,36.0,36.0,36.3,36.0,28.0,28.0,36.6,37.5,40,8.2,9
2.0,0.05,1.0,Wyoming,34.1,33,44,33.0,11.6,12.0,12,0.0,0.0,53.8,51.0,58.9,58.0,113.77777777777777,117.0,1.6666666666666667,1.0,3,0.1,1
1.0,0.25,0.5,Utah,34.2,33,35,35.0,15.0,15.0,16,0.1,1.0,40.2,40.0,49.9,48.0,28.0,28.0,11.6,11.0,15,2.5,4
ALL,ALL,ALL,Kansas,34.28055555555556,33,60,33.0,48.56944444444444,51.0,63,0.0,0.0,38.80833333333333,38.0,42.52777777777778,41.0,29.194444444444443,28.0,29.02777777777778,30.0,51,16.17222222222222,29
0.5,0.25,0.5,Utah,34.4,33,35,35.0,14.8,15.0,17,0.1,1.0,43.7,42.0,50.0,50.0,28.0,28.0,9.8,9.0,14,2.1,5
2.0,0.25,2.0,Colorado,34.4,32,36,36.0,25.2,25.0,27,0.0,0.0,36.0,36.0,36.8,36.5,28.0,28.0,37.3,37.0,42,7.8,9
1.0,0.1,2.0,Colorado,34.4,32,36,36.0,23.1,23.0,25,0.0,0.0,37.0,36.0,38.5,40.0,28.0,28.0,36.7,36.5,40,8.9,10
0.5,0.25,2.0,Colorado,34.4,32,36,36.0,22.8,23.0,24,0.0,0.0,36.0,36.0,36.3,36.0,28.0,28.0,35.8,36.5,43,9.2,10
0.5,0.05,0.5,Minnesota,34.4,31,44,31.0,34.2,34.0,39,1.2,4.0,44.0,44.0,47.1,48.0,28.0,28.0,41.4,40.5,48,30.8,36
1.0,0.05,2.0,Minnesota,34.4,31,44,31.0,40.2,40.5,44,1.9,4.0,44.6,44.0,46.2,46.0,28.0,28.0,65.1,65.0,79,33.0,37
0.5,0.1,0.5,Utah,34.6,33,35,35.0,14.5,15.0,17,0.0,0.0,45.2,47.0,52.5,52.5,28.0,28.0,8.2,8.0,12,1.8,4
1.0,0.25,2.0,Utah,34.6,33,35,35.0,16.3,16.0,18,0.0,0.0,40.2,40.0,49.7,50.0,28.0,28.0,13.6,13.5,16,1.9,3
2.0,0.1,2.0,Utah,34.6,33,35,35.0,16.4,16.5,18,0.0,0.0,46.6,52.0,56.1,54.0,28.0,28.0,12.4,12.0,17,2.0,3
1.0,0.1,1.0,Utah,34.6,33,35,35.0,15.8,16.0,17,0.1,1.0,47.4,52.0,56.5,58.5,28.0,28.0,11.3,10.0,15,2.0,3
2.0,0.25,1.0,Utah,34.6,33,35,35.0,16.0,16.5,17,0.1,1.0,43.6,41.0,50.2,52.0,28.0,28.0,11.6,11.0,15,2.1,4
0.5,0.25,2.0,Utah,34.6,33,35,35.0,15.6,15.5,17,0.0,0.0,42.8,41.0,50.8,52.0,28.0,28.0,11.5,12.0,14,2.2,3
2.0,0.25,2.0,Utah,34.6,33,35,35.0,16.0,16.0,18,0.0,0.0,40.0,40.0,49.6,48.0,28.0,28.0,12.4,12.0,19,2.5,4
2.0,0.25,0.5,Utah,34.6,33,35,35.0,15.8,16.0,17,0.0,0.0,39.6,40.0,50.4,52.0,28.0,28.0,11.5,11.0,14,2.5,4
1.0,0.25,1.0,Utah,34.6,33,35,35.0,15.1,15.0,17,0.1,1.0,42.2,41.0,51.3,52.0,28.0,28.0,12.5,12.5,18,3.1,6
2.0,0.1,0.5,Utah,34.8,33,35,35.0,16.3,16.5,17,0.0,0.0,49.5,52.0,57.1,55.0,28.0,28.0,10.9,11.0,13,1.8,3
2.0,0.1,1.0,Utah,34.8,33,35,35.0,15.8,16.0,17,0.1,1.0,46.5,50.0,54.0,52.5,28.0,28.0,12.2,12.0,17,2.0,3
0.5,0.25,1.0,Utah,34.8,33,35,35.0,15.3,15.5,16,0.0,0.0,47.5,48.0,52.9,52.0,28.0,28.0,9.5,9.0,12,2.1,3
0.5,0.1,0.5,Colorado,34.8,32,36,36.0,20.5,21.0,22,0.0,0.0,36.1,36.0,38.5,40.0,28.0,28.0,26.3,26.0,31,6.5,8
1.0,0.25,2.0,Colorado,34.8,32,36,36.0,24.0,24.0,26,0.0,0.0,36.0,36.0,37.2,37.0,28.0,28.0,36.5,36.0,42,8.0,9
2.0,0.25,1.0,Colorado,34.8,32,36,36.0,24.8,25.0,26,0.0,0.0,36.0,36.0,36.6,37.0,28.0,28.0,39.3,39.0,44,8.2,9
1.0,0.05,2.0,Wyoming,34.9,33,52,33.0,11.3,11.0,12,0.0,0.0,58.2,58.0,62.8,62.0,113.22222222222223,117.0,2.0,2.0,3,0.0,0
2.0,0.1,1.0,Minnesota,34.9,31,44,31.0,40.6,41.0,45,1.4,3.0,43.1,44.0,44.7,45.0,28.0,28.0,63.1,63.0,70,34.4,38
0.5,0.25,1.0,Nevada,35.0,35,35,35.0,4.8,5.0,5,0.0,0.0,35.0,35.0,51.2,51.0,,,0.0,0.0,0,0.0,0
1.0,0.25,0.5,Nevada,35.0,35,35,35.0,4.2,4.0,5,0.0,0.0,35.0,35.0,52.8,55.0,,,0.0,0.0,0,0.0,0
1.0,0.05,0.5,Nevada,35.0,35,35,35.0,4.1,4.0,5,0.0,0.0,35.9,35.0,57.4,56.0,,,0.0,0.0,0,0.0,0
1.0,0.25,2.0,Nevada,35.0,35,35,35.0,5.0,5.0,5,0.0,0.0,35.0,35.0,51.1,51.0,,,0.0,0.0,0,0.0,0
2.0,0.25,1.0,Nevada,35.0,35,35,35.0,5.0,5.0,5,0.0,0.0,35.0,35.0,53.7,55.0,,,0.0,0.0,0,0.0,0
0.5,0.25,2.0,Nevada,35.0,35,35,35.0,5.0,5.0,5,0.0,0.0,35.0,35.0,53.6,55.0,,,0.0,0.0,0,0.0,0
0.5,0.25,0.5,Nevada,35.0,35,35,35.0,4.5,4.5,5,0.0,0.0,35.0,35.0,51.0,51.0,,,0.0,0.0,0,0.0,0
1.0,0.25,1.0,Nevada,35.0,35,35,35.0,5.0,5.0,5,0.0,0.0,35.0,35.0,53.8,55.0,,,0.0,0.0,0,0.0,0
2.0,0.25,2.0,Nevada,35.0,35,35,35.0,5.0,5.0,5,0.0,0.0,35.0,35.0,54.6,55.0,,,0.0,0.0,0,0.0,0
2.0,0.25,0.5,Nevada,35.0,35,35,35.0,5.0,5.0,5,0.0,0.0,35.0,35.0,55.1,55.0,,,0.0,0.0,0,0.0,0
2.0,0.05,2.0,Nevada,35.0,35,35,35.0,4.9,5.0,5,0.0,0.0,39.5,39.5,56.3,56.0,,,0.0,0.0,0,0.0,0
2.0,0.1,1.0,Nevada,35.0,35,35,35.0,5.0,5.0,5,0.0,0.0,37.7,35.0,54.2,56.0,,,0.0,0.0,0,0.0,0
1.0,0.1,0.5,Nevada,35.0,35,35,35.0,4.2,4.0,5,0.0,0.0,35.9,35.0,54.9,56.0,,,0.0,0.0,0,0.0,0
0.5,0.1,1.0,Nevada,35.0,35,35,35.0,4.1,4.0,5,0.0,0.0,37.7,35.0,55.6,56.0,,,0.0,0.0,0,0.0,0
2.0,0.1,2.0,Nevada,35.0,35,35,35.0,5.0,5.0,5,0.0,0.0,37.7,35.0,55.6,56.0,,,0.0,0.0,0,0.0,0
2.0,0.1,0.5,Nevada,35.0,35,35,35.0,5.0,5.0,5,0.0,0.0,35.9,35.0,55.4,55.0,,,0.0,0.0,0,0.0,0
1.0,0.1,1.0,Nevada,35.0,35,35,35.0,5.0,5.0,5,0.0,0.0,35.0,35.0,55.8,56.0,,,0.0,0.0,0,0.0,0
0.5,0.1,0.5,Nevada,35.0,35,35,35.0,4.1,4.0,5,0.0,0.0,36.8,35.0,54.6,55.0,,,0.0,0.0,0,0.0,0
2.0,0.05,2.0,Utah,35.0,35,35,35.0,17.0,17.0,19,0.0,0.0,52.0,52.0,61.7,63.0,30.0,28.0,11.9,12.0,15,1.1,3
1.0,0.05,0.5,Utah,35.0,35,35,35.0,15.6,16.0,17,0.0,0.0,52.3,52.0,62.8,63.0,33.0,33.0,9.3,8.0,15,1.2,4
0.5,0.1,1.0,Utah,35.0,35,35,35.0,15.6,15.5,18,0.0,0.0,48.5,52.0,55.6,53.0,29.0,28.0,8.2,9.0,11,1.6,3
1.0,0.1,0.5,Utah,35.0,35,35,35.0,14.9,15.0,16,0.1,1.0,49.0,52.0,55.7,55.0,28.0,28.0,9.7,10.0,14,2.3,4
0.5,0.1,1.0,New Mexico,35.0,35,35,35.0,12.7,13.0,14,0.0,0.0,37.0,37.0,47.0,47.0,28.0,28.0,46.9,46.5,50,2.6,4
0.5,0.05,0.5,New Mexico,35.0,35,35,35.0,11.3,11.0,12,0.2,1.0,39.0,37.0,50.3,47.0,28.0,28.0,41.3,40.5,45,2.7,4
0.5,0.25,0.5,New Mexico,35.0,35,35,35.0,13.0,13.0,14,0.0,0.0,37.0,37.0,47.0,47.0,28.0,28.0,47.3,47.0,49,2.8,4
2.0,0.05,0.5,New Mexico,35.0,35,35,35.0,14.2,14.0,15,0.2,1.0,39.0,37.0,48.7,47.0,28.0,28.0,51.4,51.0,60,2.8,4
2.0,0.1,1.0,New Mexico,35.0,35,35,35.0,14.2,14.0,15,0.0,0.0,37.0,37.0,47.0,47.0,28.0,28.0,54.4,55.0,59,2.8,4
2.0,0.25,1.0,New Mexico,35.0,35,35,35.0,14.1,14.0,15,0.0,0.0,37.0,37.0,47.0,47.0,28.0,28.0,56.2,56.5,59,2.9,4
0.5,0.25,1.0,New Mexico,35.0,35,35,35.0,12.9,13.0,14,0.0,0.0,37.0,37.0,47.0,47.0,28.0,28.0,53.7,53.5,56,3.0,4
2.0,0.05,1.0,New Mexico,35.0,35,35,35.0,14.0,14.0,16,0.3,1.0,40.0,37.0,48.7,47.0,28.0,28.0,51.5,51.0,59,3.0,5
2.0,0.1,0.5,New Mexico,35.0,35,35,35.0,14.0,14.0,15,0.0,0.0,37.0,37.0,47.0,47.0,28.0,28.0,54.5,55.0,58,3.0,4
0.5,0.05,1.0,New Mexico,35.0,35,35,35.0,12.0,12.0,13,0.1,1.0,38.0,37.0,47.9,47.0,28.0,28.0,45.0,45.0,49,3.1,4
2.0,0.25,2.0,New Mexico,35.0,35,35,35.0,13.9,14.0,15,0.0,0.0,37.0,37.0,46.6,47.0,28.0,28.0,57.1,56.5,62,3.1,4
1.0,0.1,0.5,New Mexico,35.0,35,35,35.0,12.5,12.5,14,0.0,0.0,37.0,37.0,47.0,47.0,28.0,28.0,49.2,48.5,52,3.1,4
0.5,0.1,0.5,New Mexico,35.0,35,35,35.0,11.8,12.0,13,0.0,0.0,37.0,37.0,47.0,47.0,28.0,28.0,43.1,43.0,48,3.1,4
0.5,0.25,2.0,New Mexico,35.0,35,35,35.0,13.8,14.0,15,0.0,0.0,37.0,37.0,47.0,47.0,28.0,28.0,55.9,56.0,60,3.2,4
1.0,0.25,1.0,New Mexico,35.0,35,35,35.0,13.8,14.0,15,0.0,0.0,37.0,37.0,47.0,47.0,28.0,28.0,53.8,54.0,57,3.2,5
2.0,0.25,0.5,New Mexico,35.0,35,35,35.0,13.8,14.0,15,0.0,0.0,37.0,37.0,47.0,47.0,28.0,28.0,56.5,56.0,62,3.2,5
2.0,0.1,2.0,New Mexico,35.0,35,35,35.0,13.8,14.0,15,0.0,0.0,37.0,37.0,47.0,47.0,28.0,28.0,56.3,56.5,62,3.2,4
0.5,0.1,2.0,New Mexico,35.0,35,35,35.0,13.2,13.0,15,0.0,0.0,37.0,37.0,48.3,47.0,28.0,28.0,53.1,53.5,62,3.2,5
1.0,0.25,0.5,New Mexico,35.0,35,35,35.0,13.3,13.0,14,0.0,0.0,37.0,37.0,47.0,47.0,28.0,28.0,53.5,52.5,58,3.3,4
1.0,0.05,0.5,New Mexico,35.0,35,35,35.0,12.2,12.0,15,0.4,2.0,39.0,37.0,49.6,47.0,28.0,28.0,45.5,46.0,49,3.3,5
2.0,0.05,2.0,New Mexico,35.0,35,35,35.0,13.5,13.5,14,0.0,0.0,37.0,37.0,47.0,47.0,28.0,28.0,51.6,51.0,58,3.5,4
1.0,0.1,2.0,New Mexico,35.0,35,35,35.0,13.5,13.5,15,0.2,2.0,38.0,37.0,47.0,47.0,28.0,28.0,52.8,53.0,55,3.5,5
1.0,0.1,1.0,New Mexico,35.0,35,35,35.0,13.4,13.0,14,0.0,0.0,37.0,37.0,47.0,47.0,28.0,28.0,51.5,51.0,55,3.6,4
1.0,0.05,1.0,New Mexico,35.0,35,35,35.0,13.2,13.0,14,0.1,1.0,38.0,37.0,48.3,47.0,28.0,28.0,48.6,47.5,54,3.8,5
1.0,0.25,2.0,New Mexico,35.0,35,35,35.0,13.1,13.0,14,0.0,0.0,37.0,37.0,47.0,47.0,28.0,28.0,55.9,56.0,59,3.9,6
1.0,0.05,2.0,New Mexico,35.0,35,35,35.0,12.9,12.0,16,0.4,2.0,40.0,37.0,53.6,47.0,28.0,28.0,51.4,51.0,58,4.1,6
0.5,0.05,2.0,New Mexico,35.0,35,35,35.0,12.3,12.0,14,0.5,2.0,40.0,37.0,50.5,47.0,28.0,28.0,50.3,50.0,53,4.2,5
1.0,0.05,1.0,Nevada,35.1,35,36,35.0,5.0,5.0,5,0.0,0.0,39.5,39.5,56.0,56.0,,,0.0,0.0,0,0.0,0
2.0,0.05,0.5,Nevada,35.1,35,36,35.0,5.0,5.0,5,0.0,0.0,35.9,35.0,55.5,56.0,,,0.0,0.0,0,0.0,0
2.0,0.05,1.0,Nevada,35.2,35,36,35.0,4.9,5.0,5,0.0,0.0,40.4,44.0,55.6,56.0,,,0.0,0.0,0,0.0,0
0.5,0.05,2.0,Nevada,35.2,35,36,35.0,4.9,5.0,5,0.0,0.0,38.6,35.0,55.0,56.0,,,0.0,0.0,0,0.0,0
1.0,0.1,2.0,Nevada,35.2,35,36,35.0,5.0,5.0,5,0.0,0.0,36.8,35.0,54.9,56.0,,,0.0,0.0,0,0.0,0
0.5,0.25,1.0,Colorado,35.2,32,36,36.0,22.4,23.0,24,0.0,0.0,36.0,36.0,37.7,37.0,28.0,28.0,30.2,30.0,35,6.5,7
1.0,0.05,0.5,Colorado,35.2,32,36,36.0,21.6,21.5,25,0.0,0.0,37.1,36.5,39.0,40.0,28.0,28.0,29.8,30.5,37,8.2,10
1.0,0.1,1.0,Colorado,35.2,32,36,36.0,22.6,22.0,26,0.0,0.0,36.5,36.0,39.2,40.0,28.0,28.0,35.5,35.0,42,9.3,11
0.5,0.05,2.0,Colorado,35.2,32,36,36.0,20.8,21.0,23,0.0,0.0,37.3,36.0,39.0,40.0,29.6,28.0,34.3,36.0,39,10.7,12
1.0,0.25,0.5,Idaho,35.2,34,36,36.0,9.0,9.0,12,0.3,1.0,37.2,38.0,42.3,41.0,28.0,28.0,39.1,38.0,43,17.8,20
0.5,0.25,0.5,Idaho,35.4,34,36,36.0,8.6,9.0,10,0.4,1.0,37.4,38.0,44.3,44.5,28.0,28.0,32.4,33.5,36,16.9,19
ALL,ALL,ALL,Colorado,35.425,32,45,36.0,21.08888888888889,22.0,28,0.0,0.0,39.352777777777774,36.0,43.18055555555556,40.0,29.425,28.0,32.26111111111111,33.0,48,9.0,17
0.5,0.05,0.5,Colorado,35.6,32,36,36.0,18.5,19.0,21,0.0,0.0,38.5,40.0,40.7,40.0,29.6,28.0,23.0,24.5,32,7.5,9
1.0,0.25,0.5,Colorado,35.6,32,36,36.0,22.4,22.0,24,0.0,0.0,36.0,36.0,37.0,37.0,28.0,28.0,28.9,29.5,31,7.6,9
1.0,0.1,0.5,Colorado,35.6,32,36,36.0,22.0,22.0,23,0.0,0.0,36.4,36.0,38.8,40.0,28.0,28.0,31.9,31.5,35,7.8,9
0.5,0.1,1.0,Colorado,35.6,32,36,36.0,21.0,21.0,22,0.0,0.0,36.2,36.0,38.6,40.0,28.0,28.0,30.1,30.5,32,7.8,9
2.0,0.1,1.0,Colorado,35.6,32,36,36.0,24.2,24.5,26,0.0,0.0,36.1,36.0,38.4,38.5,28.0,28.0,40.8,40.5,46,8.8,11
2.0,0.05,2.0,Colorado,35.6,32,36,36.0,23.8,23.5,28,0.0,0.0,38.0,38.0,39.3,40.0,28.0,28.0,34.1,35.0,43,9.0,12
2.0,0.1,2.0,Colorado,35.6,32,36,36.0,24.0,24.0,27,0.0,0.0,37.8,37.0,39.7,40.0,28.0,28.0,37.7,38.0,42,9.0,11
1.0,0.05,2.0,Colorado,35.6,32,36,36.0,22.6,23.0,25,0.0,0.0,38.5,40.0,39.8,40.0,29.6,28.0,32.8,33.0,41,9.4,12
2.0,0.05,1.0,Colorado,35.6,32,36,36.0,22.7,22.0,25,0.0,0.0,37.4,36.5,39.8,40.0,28.0,28.0,38.3,38.0,48,10.0,12
0.5,0.1,2.0,Colorado,35.6,32,36,36.0,21.3,21.0,22,0.0,0.0,36.5,36.0,39.2,40.0,28.0,28.0,37.0,36.5,48,10.7,12
0.5,0.1,0.5,Idaho,35.6,34,36,36.0,9.3,9.0,11,0.4,1.0,37.6,38.0,45.3,45.0,30.6,28.0,30.4,30.0,33,15.8,18
2.0,0.1,2.0,Idaho,35.6,34,36,36.0,12.0,12.0,15,0.3,1.0,37.6,38.0,45.9,45.0,28.0,28.0,36.3,35.0,41,17.1,19
1.0,0.1,1.0,Idaho,35.6,34,36,36.0,10.4,10.0,12,0.3,1.0,37.6,38.0,46.2,45.0,28.0,28.0,35.8,35.0,40,18.3,19
2.0,0.25,2.0,Idaho,35.6,34,36,36.0,11.3,11.5,13,0.8,1.0,37.6,38.0,43.8,44.0,28.0,28.0,38.1,39.0,41,18.5,20
0.5,0.25,2.0,Idaho,35.6,34,36,36.0,10.4,10.0,12,0.7,1.0,37.6,38.0,44.8,44.5,28.0,28.0,39.8,40.5,44,18.6,20
1.0,0.25,2.0,Idaho,35.6,34,36,36.0,10.3,10.5,12,0.8,1.0,37.6,38.0,43.2,42.5,28.0,28.0,38.0,38.0,41,19.1,21
2.0,0.25,1.0,Idaho,35.6,34,36,36.0,10.1,10.0,13,0.6,1.0,37.6,38.0,44.1,42.5,28.0,28.0,36.8,36.5,40,19.1,22
1.0,0.25,1.0,Idaho,35.6,34,36,36.0,9.5,9.5,11,0.7,1.0,37.6,38.0,45.0,44.0,28.0,28.0,39.1,38.5,43,19.4,21
2.0,0.25,0.5,Idaho,35.6,34,36,36.0,9.3,9.0,12,0.7,1.0,37.6,38.0,44.8,43.0,28.0,28.0,38.3,38.0,42,19.7,22
2.0,0.05,1.0,Minnesota,35.7,31,44,33.0,40.6,40.0,49,0.6,3.0,42.4,44.0,45.6,46.0,28.0,28.0,61.1,61.0,70,33.5,37
0.5,0.05,1.0,Idaho,35.8,34,36,36.0,10.9,11.0,13,1.6,5.0,40.8,38.0,46.8,45.0,28.0,28.0,33.7,33.0,41,14.3,16
0.5,0.25,1.0,Idaho,35.8,34,36,36.0,9.8,10.0,14,0.6,1.0,37.8,38.0,45.8,45.0,28.0,28.0,37.1,37.0,40,16.6,19
2.0,0.1,1.0,Idaho,35.8,34,36,36.0,11.6,11.5,15,0.6,1.0,37.8,38.0,46.8,48.0,28.0,28.0,37.0,36.5,41,17.3,20
2.0,0.1,0.5,Idaho,35.8,34,36,36.0,11.6,11.0,15,0.4,1.0,37.8,38.0,46.9,46.5,28.0,28.0,38.3,38.5,44,17.3,20
0.5,0.01,2.0,Kansas,35.9,33,41,33.0,38.8,39.0,42,0.0,0.0,44.7,41.0,50.3,47.0,34.8,28.0,19.5,19.0,26,13.9,18
2.0,0.05,0.5,Wyoming,36.0,33,52,33.0,11.3,11.0,12,0.0,0.0,55.5,54.5,59.7,60.0,116.8,117.0,1.6,2.0,2,0.1,1
0.5,0.25,2.0,Arizona,36.0,36,36,36.0,10.5,10.5,11,0.0,0.0,38.3,39.0,39.7,40.0,28.0,28.0,10.0,10.0,12,0.5,1
0.5,0.25,0.5,Arizona,36.0,36,36,36.0,10.5,10.5,11,0.0,0.0,38.2,39.0,39.6,40.0,28.0,28.0,6.0,6.0,7,0.5,1
1.0,0.25,2.0,Arizona,36.0,36,36,36.0,10.4,10.5,11,0.0,0.0,38.9,39.0,39.9,40.0,28.0,28.0,9.2,9.0,11,0.6,2
2.0,0.25,2.0,Arizona,36.0,36,36,36.0,10.4,11.0,11,0.0,0.0,38.6,39.0,39.8,40.0,28.0,28.0,8.7,9.0,11,0.6,3
0.5,0.25,1.0,Arizona,36.0,36,36,36.0,10.3,10.0,11,0.0,0.0,38.5,39.0,39.7,40.0,28.0,28.0,7.2,7.0,8,0.7,1
1.0,0.25,0.5,Arizona,36.0,36,36,36.0,10.3,10.0,11,0.0,0.0,38.1,38.5,39.5,39.5,28.0,28.0,7.1,7.0,8,0.7,2
2.0,0.25,1.0,Arizona,36.0,36,36,36.0,10.0,10.0,11,0.0,0.0,38.6,39.0,39.8,40.0,28.0,28.0,10.1,10.0,12,1.0,2
0.5,0.1,1.0,Arizona,36.0,36,36,36.0,10.0,10.0,11,0.0,0.0,39.0,39.0,40.0,40.0,28.0,28.0,7.0,6.5,9,1.0,2
0.5,0.1,0.5,Arizona,36.0,36,36,36.0,9.9,10.0,10,0.0,0.0,39.0,39.0,40.0,40.0,28.0,28.0,5.6,6.0,7,1.0,2
1.0,0.25,1.0,Arizona,36.0,36,36,36.0,9.9,10.0,11,0.0,0.0,38.4,39.0,39.6,40.0,28.0,28.0,10.3,10.0,12,1.1,2
2.0,0.25,0.5,Arizona,36.0,36,36,36.0,9.9,10.0,11,0.0,0.0,38.4,39.0,39.8,40.0,28.0,28.0,9.4,9.0,11,1.1,2
2.0,0.1,2.0,Arizona,36.0,36,36,36.0,9.9,10.0,11,0.0,0.0,38.9,39.0,40.2,40.0,28.0,28.0,8.5,8.0,11,1.1,2
2.0,0.1,1.0,Arizona,36.0,36,36,36.0,9.4,9.0,11,0.0,0.0,39.0,39.0,40.1,40.0,28.0,28.0,9.3,10.0,11,1.6,3
2.0,0.1,0.5,Arizona,36.0,36,36,36.0,9.3,9.0,10,0.0,0.0,39.2,39.0,40.2,40.0,28.0,28.0,9.4,9.5,11,1.7,2
1.0,0.05,0.5,Arizona,36.0,36,36,36.0,9.2,9.0,11,0.0,0.0,39.3,39.0,42.7,40.0,28.0,28.0,6.9,7.0,9,1.8,3
1.0,0.1,0.5,Arizona,36.0,36,36,36.0,9.2,9.0,10,0.0,0.0,39.0,39.0,40.1,40.0,28.0,28.0,6.6,6.5,9,1.8,3
1.0,0.1,1.0,Arizona,36.0,36,36,36.0,9.2,9.0,10,0.0,0.0,38.6,39.0,39.9,40.0,28.0,28.0,9.0,9.0,11,1.8,2
2.0,0.05,2.0,Arizona,36.0,36,36,36.0,9.0,9.0,10,0.0,0.0,39.3,39.0,40.7,40.5,28.0,28.0,9.6,9.0,14,2.0,4
0.5,0.05,1.0,Colorado,36.0,36,36,36.0,20.1,20.0,25,0.0,0.0,38.5,40.0,40.2,40.0,28.0,28.0,27.2,27.0,32,8.2,11
2.0,0.1,0.5,Colorado,36.0,36,36,36.0,23.0,23.0,24,0.0,0.0,36.2,36.0,38.8,40.0,28.0,28.0,38.2,37.0,46,8.9,10
2.0,0.05,0.5,Colorado,36.0,36,36,36.0,22.0,21.0,26,0.0,0.0,37.1,36.5,39.2,40.0,28.0,28.0,34.3,35.0,40,9.6,12
1.0,0.01,0.5,Colorado,36.0,36,36,36.0,15.5,15.5,21,0.0,0.0,45.4,43.5,51.8,47.0,38.3,28.0,24.2,24.5,33,9.6,12
2.0,0.01,0.5,Colorado,36.0,36,36,36.0,19.8,20.5,23,0.0,0.0,46.7,40.5,57.4,45.0,29.8,28.0,30.7,31.5,34,10.0,15
1.0,0.05,1.0,Colorado,36.0,36,36,36.0,21.7,21.5,24,0.0,0.0,37.4,36.5,39.8,40.0,28.0,28.0,33.3,33.5,40,10.1,13
1.0,0.01,2.0,Colorado,36.0,36,36,36.0,19.5,19.0,22,0.0,0.0,46.3,45.0,58.4,51.0,30.9,28.0,31.7,32.0,36,10.9,13
1.0,0.01,1.0,Colorado,36.0,36,36,36.0,17.7,18.5,21,0.0,0.0,44.9,41.5,52.6,45.5,28.0,28.0,28.9,29.0,36,11.2,16
2.0,0.01,2.0,Colorado,36.0,36,36,36.0,17.8,17.5,22,0.0,0.0,52.2,45.0,68.7,70.0,33.9,28.0,34.1,33.0,42,12.8,16
0.5,0.1,1.0,Idaho,36.0,36,36,36.0,10.9,11.0,13,0.7,1.0,38.0,38.0,47.8,51.0,28.0,28.0,35.3,36.0,38,14.7,16
1.0,0.1,0.5,Idaho,36.0,36,36,36.0,11.4,11.0,14,0.3,1.0,38.0,38.0,47.0,45.0,28.0,28.0,35.1,36.0,38,15.5,18
0.5,0.05,2.0,Idaho,36.0,36,36,36.0,11.0,11.0,12,1.1,5.0,40.0,38.0,48.1,45.0,28.0,28.0,37.6,37.5,42,16.7,18
2.0,0.05,0.5,Idaho,36.0,36,36,36.0,10.9,10.5,14,0.8,5.0,38.7,38.0,47.6,45.0,28.0,28.0,37.5,37.5,43,17.6,20
2.0,0.05,1.0,Idaho,36.0,36,36,36.0,11.0,11.0,13,1.2,6.0,40.3,38.0,47.1,45.0,28.0,28.0,36.1,36.5,41,17.9,21
1.0,0.1,2.0,Idaho,36.0,36,36,36.0,10.4,11.0,12,1.3,6.0,40.3,38.0,47.8,46.5,28.0,28.0,35.6,36.0,39,18.6,20
0.5,0.05,1.0,Nevada,36.1,35,44,35.0,3.6,3.5,5,0.0,0.0,39.7,39.5,57.0,58.0,,,0.0,0.0,0,0.0,0
1.0,0.05,1.0,Arizona,36.2,36,38,36.0,9.8,10.0,10,0.0,0.0,39.2,39.0,40.5,40.0,28.0,28.0,11.0,11.0,13,1.2,2
2.0,0.05,0.5,Arizona,36.2,36,38,36.0,8.6,8.0,10,0.0,0.0,39.5,39.0,40.7,40.5,36.1,28.0,9.7,9.0,16,2.4,4
1.0,0.05,0.5,Idaho,36.2,36,38,36.0,11.3,10.0,15,0.3,1.0,38.3,38.0,46.8,45.0,28.0,28.0,35.1,36.0,38,14.8,17
1.0,0.05,1.0,Idaho,36.2,36,38,36.0,11.8,12.5,14,0.8,5.0,38.7,38.0,48.1,48.0,28.0,28.0,36.2,36.5,42,16.8,20
2.0,0.1,2.0,Minnesota,36.2,31,44,31.0,39.9,40.0,42,0.8,3.0,41.5,44.0,44.7,44.5,28.0,28.0,64.1,63.5,69,36.1,39
ALL,ALL,ALL,Minnesota,36.30555555555556,31,71,31.0,36.62777777777778,37.0,50,1.2777777777777777,6.0,44.452777777777776,44.0,48.477777777777774,45.0,28.227777777777778,28.0,57.63055555555555,59.0,79,34.17777777777778,46
0.5,0.1,2.0,Arizona,36.4,36,40,36.0,9.9,10.0,11,0.0,0.0,39.7,39.0,42.2,40.5,28.0,28.0,10.7,10.0,13,1.1,4
0.5,0.05,2.0,Arizona,36.4,36,38,36.0,9.5,10.0,10,0.0,0.0,38.9,39.0,40.0,40.0,28.0,28.0,10.7,11.5,13,1.5,3
1.0,0.1,2.0,Arizona,36.4,36,38,36.0,9.0,9.0,10,0.0,0.0,38.7,39.0,39.7,40.0,28.0,28.0,9.3,9.0,12,2.0,3
0.5,0.01,0.5,Colorado,36.4,36,40,36.0,12.3,12.5,15,0.0,0.0,47.6,45.0,54.9,49.5,33.4,28.0,15.8,16.0,19,7.8,10
0.5,0.01,1.0,Colorado,36.4,36,40,36.0,15.1,16.0,16,0.0,0.0,43.3,42.5,49.5,47.5,33.1,28.0,19.7,20.0,23,8.5,11
0.5,0.01,2.0,Colorado,36.4,36,40,36.0,16.2,17.0,18,0.0,0.0,51.7,45.0,67.6,50.5,43.1,28.0,28.8,28.5,34,12.1,17
0.5,0.1,2.0,California,36.4,33,67,33.0,2.2,2.0,4,21.11111111111111,33.0,187.33333333333334,68.0,74.0,74.0,28.0,28.0,88.3,92.0,98,32.6,35
2.0,0.05,1.0,Arizona,36.5,36,39,36.0,8.7,9.0,10,0.0,0.0,39.3,39.0,40.9,41.0,28.0,28.0,11.0,11.0,14,2.3,4
2.0,0.05,2.0,Idaho,36.6,36,38,36.0,12.4,12.0,16,0.5,1.0,38.7,38.0,48.0,45.0,28.0,28.0,35.5,34.0,43,16.6,19
0.5,0.05,1.0,Arizona,36.7,36,39,36.0,9.4,9.5,10,0.0,0.0,39.5,39.0,41.1,41.0,37.5,28.0,6.8,6.0,9,1.6,3
2.0,0.01,1.0,Colorado,36.9,36,45,36.0,18.4,18.5,22,0.0,0.0,46.0,45.0,56.4,50.0,28.0,28.0,34.8,35.0,40,12.0,16
2.0,0.01,1.0,Kansas,36.9,33,41,38.0,41.5,42.0,46,0.0,0.0,42.7,41.0,46.6,44.0,31.1,28.0,32.8,31.0,43,19.5,29
1.0,0.05,1.0,Utah,37.0,35,55,35.0,16.1,16.0,17,0.0,0.0,53.4,52.0,61.8,62.5,41.1,33.0,9.7,10.0,13,1.4,2
1.0,0.01,2.0,Kansas,37.0,33,41,37.0,39.3,38.5,43,0.0,0.0,44.5,42.0,48.0,44.0,35.5,28.0,28.6,28.5,35,20.5,27
ALL,ALL,ALL,New Mexico,37.01111111111111,35,72,35.0,12.7,13.0,16,0.23333333333333334,4.0,44.075,37.0,55.925,47.0,28.0,28.0,46.68333333333333,50.0,62,3.316666666666667,9
1.0,0.05,2.0,Arizona,37.1,36,41,36.0,8.4,8.0,10,0.0,0.0,40.1,39.0,42.5,41.0,47.9,28.0,9.9,11.0,17,2.6,4
0.5,0.1,2.0,Utah,37.3,33,60,35.0,15.0,15.0,17,0.0,0.0,47.0,48.0,57.3,53.5,32.6,28.0,10.1,10.0,12,2.0,3
0.5,0.1,2.0,Idaho,37.4,34,52,36.0,10.9,11.0,13,0.4,1.0,39.6,38.0,48.6,51.0,28.0,28.0,35.9,37.0,42,17.9,20
2.0,0.05,0.5,Utah,37.5,35,60,35.0,16.5,16.5,18,0.2,1.0,53.6,52.0,62.4,63.0,39.9,28.0,10.4,10.5,13,1.3,3
1.0,0.01,1.0,Kansas,37.5,33,41,39.5,37.3,37.0,43,0.0,0.0,43.7,41.0,48.8,43.5,31.1,28.0,22.6,23.0,26,17.6,23
0.5,0.05,2.0,Minnesota,37.5,31,44,37.5,40.0,40.0,48,0.3,1.0,43.3,44.5,46.2,46.0,28.0,28.0,60.2,59.5,68,33.1,38
1.0,0.05,1.0,Minnesota,37.5,31,44,37.5,40.2,40.0,49,0.7,3.0,43.5,44.0,45.8,45.0,28.0,28.0,59.7,58.5,66,33.2,38
1.0,0.05,2.0,California,37.6,33,79,33.0,2.5,2.0,4,31.1,33.0,326.2,356.0,476.75,517.0,28.0,28.0,84.4,88.0,90,32.9,33
0.5,0.05,0.5,Arizona,37.8,36,43,36.0,8.9,9.0,10,0.0,0.0,42.0,39.0,44.7,40.5,36.1,28.0,5.8,6.0,9,1.6,4
1.0,0.01,0.5,Kansas,37.8,33,41,41.0,35.1,36.5,41,0.0,0.0,42.7,41.0,46.5,43.0,28.0,28.0,19.2,18.0,27,15.3,20
0.5,0.05,0.5,Missouri,38.0,38,38,38.0,35.3,35.0,39,0.1,1.0,52.0,52.0,59.1,59.0,50.2,55.0,7.4,8.0,9,3.7,7
0.5,0.1,0.5,Missouri,38.0,38,38,38.0,40.0,40.5,42,0.1,1.0,52.0,52.0,55.4,53.0,42.8,37.0,5.5,5.5,7,4.6,7
0.5,0.05,1.0,Missouri,38.0,38,38,38.0,49.3,48.5,53,0.0,0.0,52.0,52.0,54.8,54.5,47.7,55.0,10.1,9.5,12,4.9,8
1.0,0.05,0.5,Missouri,38.0,38,38,38.0,55.2,55.0,61,0.2,1.0,52.7,52.0,58.5,59.0,50.2,55.0,9.4,9.0,11,5.9,9
0.5,0.05,2.0,Missouri,38.0,38,38,38.0,65.4,65.5,68,0.1,1.0,52.0,52.0,56.0,56.0,51.1,55.0,10.6,11.5,16,6.4,11
1.0,0.1,0.5,Missouri,38.0,38,38,38.0,62.2,62.0,65,0.1,1.0,52.0,52.0,53.9,53.0,42.3,41.5,9.4,9.5,13,6.9,9
0.5,0.25,0.5,Missouri,38.0,38,38,38.0,45.3,45.0,48,0.2,1.0,52.0,52.0,53.6,53.0,38.8,28.0,6.6,6.0,11,7.0,10
0.5,0.1,1.0,Missouri,38.0,38,38,38.0,56.0,55.5,60,0.0,0.0,52.0,52.0,53.6,53.0,46.5,41.5,8.9,8.5,15,7.4,10
1.0,0.05,1.0,Missouri,38.0,38,38,38.0,65.1,65.0,71,0.2,1.0,52.0,52.0,58.4,59.0,49.5,55.0,10.0,10.0,13,8.2,12
0.5,0.25,1.0,Missouri,38.0,38,38,38.0,59.4,60.0,62,0.2,1.0,52.0,52.0,53.0,53.0,37.0,28.0,7.9,7.5,11,8.7,12
0.5,0.1,2.0,Missouri,38.0,38,38,38.0,68.0,68.5,70,0.1,1.0,52.0,52.0,53.6,53.0,44.2,55.0,10.6,11.0,13,9.1,12
2.0,0.05,0.5,Missouri,38.0,38,38,38.0,66.0,66.0,71,0.1,1.0,52.1,52.0,56.9,57.5,48.2,55.0,11.6,12.0,14,9.6,12
1.0,0.25,0.5,Missouri,38.0,38,38,38.0,64.3,64.0,68,0.2,1.0,52.0,52.0,53.0,53.0,42.3,28.0,9.9,9.5,12,9.9,12
2.0,0.05,1.0,Missouri,38.0,38,38,38.0,67.9,68.0,73,0.0,0.0,52.7,52.0,58.8,59.0,55.8,55.0,11.7,11.5,16,10.1,14
1.0,0.1,1.0,Missouri,38.0,38,38,38.0,65.9,66.0,70,0.0,0.0,52.0,52.0,55.4,54.5,48.4,55.0,9.6,8.5,14,10.3,13
2.0,0.05,2.0,Missouri,38.0,38,38,38.0,71.5,71.5,75,0.0,0.0,52.0,52.0,54.5,53.0,50.4,55.0,11.0,11.0,14,10.4,14
1.0,0.05,2.0,Missouri,38.0,38,38,38.0,66.2,66.5,69,0.1,1.0,52.0,52.0,56.3,56.0,48.7,55.0,11.2,11.5,16,10.6,14
2.0,0.1,2.0,Missouri,38.0,38,38,38.0,74.4,73.5,78,0.1,1.0,52.0,52.0,53.9,53.0,38.7,28.0,13.6,13.0,20,11.3,14
0.5,0.25,2.0,Missouri,38.0,38,38,38.0,70.0,70.0,72,0.2,1.0,52.0,52.0,53.6,53.0,31.6,28.0,12.1,12.0,16,11.4,13
1.0,0.25,1.0,Missouri,38.0,38,38,38.0,70.8,71.0,73,0.0,0.0,52.0,52.0,53.0,53.0,37.8,28.0,10.9,10.5,15,11.4,15
2.0,0.1,1.0,Missouri,38.0,38,38,38.0,71.5,71.5,75,0.1,1.0,52.0,52.0,55.1,53.0,40.6,37.0,10.8,11.0,12,11.5,15
1.0,0.1,2.0,Missouri,38.0,38,38,38.0,70.7,70.5,73,0.1,1.0,52.0,52.0,53.6,53.0,35.2,28.0,12.7,13.0,16,11.6,15
2.0,0.1,0.5,Missouri,38.0,38,38,38.0,68.0,68.5,72,0.1,1.0,52.0,52.0,55.1,53.0,40.6,37.0,11.7,10.5,18,12.4,15
0.5,0.1,0.5,Michigan,38.0,38,38,38.0,34.3,34.0,38,0.0,0.0,44.0,44.0,49.4,48.0,53.1,54.0,15.3,15.0,20,13.0,16
2.0,0.25,1.0,Missouri,38.0,38,38,38.0,73.3,73.5,75,0.0,0.0,52.0,52.0,53.0,53.0,30.7,28.0,10.4,10.5,13,13.4,16
2.0,0.25,0.5,Missouri,38.0,38,38,38.0,72.6,72.0,76,0.3,1.0,52.0,52.0,54.2,53.0,31.5,28.0,11.5,12.0,14,13.5,18
1.0,0.25,2.0,Missouri,38.0,38,38,38.0,73.0,74.0,74,0.2,1.0,52.0,52.0,53.6,53.0,32.9,28.0,14.1,15.0,17,14.0,18
2.0,0.25,2.0,Missouri,38.0,38,38,38.0,75.1,75.0,77,0.2,1.0,52.0,52.0,53.6,53.0,30.7,28.0,12.3,12.0,15,14.6,18
1.0,0.05,2.0,Michigan,38.0,38,38,38.0,43.5,43.0,47,0.0,0.0,46.2,44.0,57.2,56.0,57.6,55.0,19.3,20.0,22,15.3,18
0.5,0.25,0.5,Michigan,38.0,38,38,38.0,35.1,35.0,39,0.0,0.0,44.0,44.0,48.7,48.0,51.5,50.0,17.0,17.0,19,15.5,19
1.0,0.1,0.5,Michigan,38.0,38,38,38.0,39.8,39.0,43,0.0,0.0,44.0,44.0,48.9,48.0,53.1,54.0,21.1,22.0,26,15.9,19
0.5,0.25,1.0,Michigan,38.0,38,38,38.0,37.4,38.0,41,0.0,0.0,44.0,44.0,48.3,48.0,52.1,52.0,20.1,20.0,23,17.0,20
2.0,0.1,0.5,Michigan,38.0,38,38,38.0,42.3,42.5,47,0.0,0.0,44.0,44.0,51.2,49.0,53.3,54.5,18.8,19.0,23,17.1,23
1.0,0.25,0.5,Michigan,38.0,38,38,38.0,38.6,39.5,41,0.0,0.0,44.0,44.0,47.2,48.0,51.9,52.0,20.6,21.5,24,17.7,21
2.0,0.25,1.0,Michigan,38.0,38,38,38.0,43.7,43.5,46,0.0,0.0,44.0,44.0,46.0,46.0,52.5,54.0,21.4,21.5,25,18.0,21
1.0,0.25,1.0,Michigan,38.0,38,38,38.0,42.2,43.0,45,0.0,0.0,44.0,44.0,46.6,46.0,52.3,54.0,24.6,23.5,30,18.0,21
2.0,0.1,2.0,Michigan,38.0,38,38,38.0,41.9,42.0,44,0.0,0.0,44.4,44.0,50.8,49.0,55.1,55.0,19.9,20.0,23,18.2,23
1.0,0.25,2.0,Michigan,38.0,38,38,38.0,42.7,42.5,47,0.0,0.0,44.0,44.0,48.0,48.0,50.8,50.0,23.0,23.0,25,18.5,21
1.0,0.1,2.0,Michigan,38.0,38,38,38.0,41.2,41.5,44,0.1,1.0,44.9,44.0,50.9,50.5,55.8,55.0,20.3,20.5,23,18.6,25
0.5,0.25,2.0,Michigan,38.0,38,38,38.0,40.3,40.0,43,0.0,0.0,44.0,44.0,46.4,47.0,50.3,50.0,23.3,24.0,27,19.4,22
2.0,0.25,0.5,Michigan,38.0,38,38,38.0,41.4,41.5,46,0.0,0.0,44.0,44.0,48.2,48.0,53.5,54.0,21.6,22.0,25,19.6,22
2.0,0.25,2.0,Michigan,38.0,38,38,38.0,40.9,41.0,44,0.0,0.0,44.0,44.0,47.0,48.0,52.1,52.0,22.4,22.5,28,21.0,25
2.0,0.25,1.0,Pennsylvania,38.3,36,51,37.0,47.5,47.0,50,0.0,0.0,46.0,51.0,52.7,52.0,47.5,39.0,25.2,25.0,30,9.9,12
0.5,0.05,2.0,Utah,38.4,35,52,35.0,15.2,15.0,17,0.1,1.0,55.4,55.0,61.0,63.0,33.0,33.0,8.9,9.0,13,1.5,3
1.0,0.1,2.0,Utah,38.4,35,52,35.0,15.5,15.5,16,0.2,1.0,51.7,52.0,57.5,57.5,28.0,28.0,11.7,12.0,16,2.3,3
0.5,0.1,2.0,Nevada,38.6,35,71,35.0,5.0,5.0,5,0.0,0.0,40.2,35.0,59.9,56.0,,,0.0,0.0,0,0.0,0
0.5,0.01,1.0,Kansas,38.6,33,44,41.0,32.7,34.0,39,0.0,0.0,43.7,43.0,47.6,44.0,34.5,28.0,16.2,16.0,21,12.3,17
0.5,0.1,1.0,Michigan,38.6,38,44,38.0,37.5,36.5,42,0.0,0.0,44.4,44.0,49.9,50.0,54.0,54.0,19.3,20.0,23,14.7,17
2.0,0.01,2.0,Kansas,39.1,33,41,41.0,40.8,40.5,47,0.0,0.0,47.1,43.0,56.4,58.0,28.0,28.0,37.7,37.0,51,21.0,25
0.5,0.05,1.0,Michigan,39.2,38,44,38.0,38.3,38.0,42,0.0,0.0,48.5,44.0,57.1,53.0,52.8,55.0,18.7,20.0,23,13.0,16
2.0,0.05,0.5,Michigan,39.2,38,44,38.0,42.5,42.5,46,0.0,0.0,46.3,44.0,57.8,54.5,56.5,55.0,16.8,16.0,24,15.8,20
1.0,0.05,1.0,Michigan,39.2,38,44,38.0,41.2,41.0,47,0.0,0.0,51.7,48.0,61.1,66.0,61.2,55.0,19.2,18.5,25,16.5,22
0.5,0.1,2.0,Michigan,39.2,38,44,38.0,41.0,40.5,49,0.0,0.0,45.0,44.0,52.7,51.5,53.9,55.0,21.3,22.0,25,16.5,20
0.5,0.01,1.0,New Mexico,39.4,35,67,35.0,9.7,9.0,12,0.7,3.0,56.4,55.0,71.5,66.0,28.0,28.0,27.2,27.0,37,2.9,4
1.0,0.05,0.5,Michigan,39.4,38,46,38.0,39.9,40.5,45,0.0,0.0,47.0,44.0,57.9,56.0,63.4,55.0,19.0,19.5,23,13.6,18
2.0,0.05,1.0,Utah,39.5,35,60,35.0,16.6,17.0,18,0.0,0.0,53.1,52.0,61.0,62.5,43.9,33.0,9.9,9.0,17,1.2,3
0.5,0.01,0.5,New Mexico,39.5,35,50,35.0,7.8,7.5,10,0.8,4.0,62.3,67.0,84.1,92.0,28.0,28.0,24.1,26.0,32,1.8,4
2.0,0.01,0.5,Kansas,39.6,33,60,38.0,38.9,40.0,43,0.0,0.0,47.7,41.0,50.6,43.5,31.1,28.0,28.2,29.0,37,18.9,26
2.0,0.25,0.5,Florida,39.7,35,47,36.0,10.2,11.0,13,0.5,3.0,47.7,47.0,53.2,54.5,28.0,28.0,42.0,42.5,48,25.4,28
0.5,0.05,0.5,Michigan,39.8,38,44,38.0,33.3,33.5,37,0.0,0.0,50.4,44.0,63.6,68.0,55.0,55.0,15.1,14.5,20,11.7,16
0.5,0.05,0.5,Idaho,39.8,36,56,36.0,10.0,10.0,13,1.5,4.0,46.0,41.5,54.3,51.0,32.5,28.0,27.2,27.5,34,14.9,18
0.5,0.05,2.0,Michigan,39.8,38,44,38.0,41.3,42.0,44,0.0,0.0,49.8,46.0,59.7,56.0,58.0,55.0,18.7,19.5,25,14.9,17
2.0,0.05,2.0,Michigan,39.8,38,44,38.0,42.8,42.5,49,0.0,0.0,49.0,46.0,55.9,56.0,55.4,55.0,17.8,17.5,21,16.0,19
2.0,0.1,1.0,Michigan,39.8,38,56,38.0,42.4,42.5,46,0.2,2.0,46.4,44.0,52.1,48.0,54.8,54.5,19.4,19.5,25,17.4,20
1.0,0.1,1.0,Michigan,39.8,38,44,38.0,40.6,41.0,43,0.0,0.0,45.0,44.0,50.6,48.0,52.2,52.0,21.5,20.0,27,18.2,22
0.5,0.05,1.0,Utah,40.0,33,60,35.0,14.5,14.0,17,0.0,0.0,53.2,52.0,63.3,63.0,41.7,33.0,7.7,8.0,11,1.9,4
0.5,0.25,1.0,Wisconsin,40.0,40,40,40.0,37.2,38.0,45,0.0,0.0,41.0,41.0,45.8,46.0,28.0,28.0,75.3,74.0,82,25.3,31
1.0,0.1,1.0,Wisconsin,40.0,40,40,40.0,36.8,37.0,39,0.0,0.0,41.0,41.0,45.7,46.0,28.0,28.0,81.1,82.0,87,25.3,30
0.5,0.25,0.5,Wisconsin,40.0,40,40,40.0,35.0,35.0,40,0.0,0.0,40.9,41.0,45.3,46.0,28.0,28.0,72.4,72.5,81,25.4,29
1.0,0.1,0.5,Wisconsin,40.0,40,40,40.0,36.5,37.5,38,0.3,2.0,42.0,41.0,45.8,46.0,28.0,28.0,75.7,76.5,81,25.4,29
1.0,0.25,2.0,Wisconsin,40.0,40,40,40.0,38.4,38.5,42,0.0,0.0,41.0,41.0,45.7,46.0,28.0,28.0,74.7,74.5,82,25.5,29
2.0,0.25,1.0,Wisconsin,40.0,40,40,40.0,38.0,37.5,42,0.0,0.0,41.0,41.0,45.7,46.0,28.0,28.0,75.3,75.5,79,25.8,30
1.0,0.25,0.5,Wisconsin,40.0,40,40,40.0,36.8,37.0,41,0.0,0.0,40.9,41.0,45.2,46.0,28.0,28.0,77.4,78.0,86,25.9,31
2.0,0.1,1.0,Wisconsin,40.0,40,40,40.0,37.2,36.5,40,0.6,2.0,43.0,41.0,46.0,46.0,28.0,28.0,80.5,79.5,88,25.9,29
2.0,0.25,2.0,Wisconsin,40.0,40,40,40.0,37.7,38.0,41,0.0,0.0,40.8,41.0,44.8,46.0,28.0,28.0,74.4,75.0,79,26.2,31
2.0,0.1,2.0,Wisconsin,40.0,40,40,40.0,36.8,37.0,40,0.0,0.0,40.9,41.0,46.0,46.0,28.0,28.0,83.0,82.5,89,26.7,33
2.0,0.25,0.5,Wisconsin,40.0,40,40,40.0,36.9,37.0,40,0.0,0.0,41.0,41.0,46.0,46.0,28.0,28.0,79.9,81.0,85,27.1,31
0.5,0.25,2.0,Wisconsin,40.0,40,40,40.0,36.3,35.0,43,0.0,0.0,41.0,41.0,45.6,46.0,28.0,28.0,83.7,84.5,89,27.2,32
1.0,0.25,1.0,Wisconsin,40.0,40,40,40.0,36.6,35.5,40,0.0,0.0,40.9,41.0,45.2,46.0,28.0,28.0,79.9,80.5,86,27.2,30
1.0,0.01,0.5,New Mexico,40.1,35,67,35.0,10.8,11.0,13,0.5,1.0,60.5,59.5,76.3,69.0,28.0,28.0,27.7,30.0,32,2.3,4
2.0,0.05,2.0,Wisconsin,40.1,40,41,40.0,40.3,40.0,44,0.6,2.0,44.0,46.0,46.0,46.0,28.0,28.0,75.9,76.0,85,22.7,26
0.5,0.1,2.0,Wisconsin,40.1,40,41,40.0,38.6,38.5,42,0.1,1.0,41.9,41.0,45.7,46.0,28.0,28.0,86.9,86.0,99,23.7,27
0.5,0.1,0.5,Wisconsin,40.1,40,41,40.0,34.5,34.5,38,0.3,2.0,42.4,41.0,46.0,46.0,28.0,28.0,68.6,68.5,77,25.6,31
0.5,0.05,1.0,Minnesota,40.1,31,44,44.0,34.4,36.5,40,0.7,4.0,44.7,44.5,46.0,45.5,28.0,28.0,50.6,52.0,56,32.1,39
0.5,0.01,0.5,Kansas,40.2,33,41,41.0,24.6,23.5,32,0.0,0.0,46.6,43.0,48.6,43.5,40.9,28.0,11.7,13.0,15,10.7,18
1.0,0.05,2.0,Idaho,40.3,36,79,36.0,10.9,10.5,13,1.6,6.0,43.7,38.0,52.8,51.0,28.0,28.0,36.1,37.0,44,17.8,20
1.0,0.05,2.0,Nevada,40.4,35,87,35.0,4.9,5.0,5,0.0,0.0,45.8,39.5,62.9,56.0,,,0.0,0.0,0,0.0,0
1.0,0.25,1.0,Pennsylvania,40.4,36,51,38.0,48.4,48.0,51,0.0,0.0,53.0,52.0,57.1,59.0,51.2,39.0,26.8,26.5,32,9.1,12
1.0,0.05,0.5,Wisconsin,40.4,40,41,40.0,37.7,37.0,44,0.5,2.0,45.0,46.0,46.0,46.0,28.0,28.0,72.8,72.0,82,22.9,27
0.5,0.1,1.0,Wisconsin,40.6,40,46,40.0,34.8,35.0,39,0.0,0.0,41.5,41.0,46.2,46.0,28.0,28.0,77.0,78.0,84,26.4,32
2.0,0.25,1.0,New York,40.7,39,48,39.0,12.3,12.0,15,1.1,3.0,48.1,48.0,52.3,49.0,28.0,28.0,196.7,200.0,211,37.8,41
ALL,ALL,ALL,Wyoming,40.794444444444444,33,109,33.0,10.327777777777778,11.0,12,0.0,0.0,61.236111111111114,50.0,73.02785515320335,58.0,114.17832167832168,117.0,1.8493150684931507,2.0,6,0.11388888888888889,1
1.0,0.05,2.0,Utah,40.8,35,63,35.0,16.7,16.5,18,0.0,0.0,56.3,52.0,63.5,62.5,37.9,28.0,11.0,11.0,13,1.1,2
0.5,0.05,1.0,Wisconsin,40.8,40,46,40.0,38.6,38.5,45,0.7,2.0,44.6,46.0,46.6,46.0,28.0,28.0,74.6,75.5,86,22.1,27
1.0,0.05,1.0,Wisconsin,40.8,40,46,40.0,38.7,39.0,44,0.1,1.0,43.0,41.0,46.2,46.0,28.0,28.0,82.8,82.5,101,22.8,28
1.0,0.1,2.0,Wisconsin,40.8,40,46,40.0,39.3,38.5,47,0.3,2.0,43.5,43.5,46.2,46.0,28.0,28.0,78.1,79.5,86,24.0,29
0.5,0.05,0.5,California,40.8,33,77,33.0,1.5,1.0,3,16.25,28.0,69.25,74.0,58.0,58.0,28.0,28.0,70.7,78.5,84,31.8,33
2.0,0.25,2.0,Pennsylvania,40.9,36,52,37.0,47.9,48.0,51,0.0,0.0,49.7,52.0,55.7,56.0,59.9,70.0,25.4,25.0,28,10.2,14
1.0,0.25,1.0,Iowa,40.9,38,44,40.0,31.7,31.5,36,0.0,0.0,43.6,44.0,44.4,44.0,28.0,28.0,128.9,129.0,139,54.4,58
0.5,0.25,0.5,Pennsylvania,41.0,36,52,37.0,43.7,43.5,46,0.0,0.0,50.9,52.0,56.0,59.0,62.1,72.0,21.0,21.0,23,10.6,13
ALL,ALL,ALL,California,41.0,33,98,33.0,2.8222222222222224,3.0,7,18.54375,34.0,142.959375,88.0,263.12820512820514,356.0,28.0,28.0,81.98333333333333,88.0,103,31.755555555555556,35
2.0,0.1,0.5,Wisconsin,41.3,40,46,40.0,39.5,38.5,47,0.2,2.0,42.9,41.0,45.9,46.0,28.0,28.0,79.8,81.5,93,23.9,29
ALL,ALL,ALL,Arizona,41.352777777777774,36,104,36.0,8.75,9.0,11,0.11388888888888889,7.0,48.19166666666667,39.0,56.211699164345404,40.0,32.44166666666667,28.0,9.658333333333333,9.0,21,2.1222222222222222,8
2.0,0.05,0.5,Wisconsin,41.4,40,46,40.0,39.9,40.5,42,0.2,2.0,43.5,43.5,46.4,46.0,28.0,28.0,78.9,77.5,96,22.7,27
0.5,0.05,2.0,Wisconsin,41.6,40,46,41.0,39.6,39.5,44,0.3,2.0,45.0,46.0,46.4,46.0,28.0,28.0,82.0,83.5,95,21.7,26
0.5,0.05,0.5,Wisconsin,41.6,40,46,41.0,36.8,38.0,43,0.4,2.0,45.0,46.0,46.4,46.0,28.0,28.0,62.1,62.5,68,21.9,29
1.0,0.05,2.0,Wisconsin,41.6,40,46,41.0,39.7,40.0,45,0.1,1.0,44.7,46.0,46.3,46.0,28.0,28.0,77.5,77.5,87,22.9,27
1.0,0.01,1.0,New Mexico,41.7,35,69,35.0,11.5,12.0,14,0.8,3.0,62.5,60.0,77.8,78.0,28.0,28.0,35.7,35.5,48,4.3,7
2.0,0.05,1.0,Wisconsin,41.7,40,46,41.0,42.7,42.5,46,0.2,1.0,45.5,46.0,46.8,46.0,28.0,28.0,77.6,77.5,85,19.9,25
1.0,0.25,0.5,Florida,41.7,35,47,44.0,12.1,11.5,16,0.8,3.0,49.0,47.0,56.4,54.0,28.0,28.0,33.7,34.0,37,22.9,27
0.5,0.25,1.0,Iowa,41.8,40,45,40.0,31.8,32.5,34,0.0,0.0,44.5,45.0,45.2,45.0,28.0,28.0,115.8,116.5,122,51.2,55
2.0,0.25,2.0,Iowa,41.8,40,45,41.5,33.0,33.0,38,0.0,0.0,43.5,44.0,44.8,45.0,29.8,28.0,135.6,135.0,143,54.0,58
1.0,0.01,2.0,New Mexico,41.9,35,60,37.0,12.0,13.0,15,1.2,3.0,69.2,64.5,85.8,85.0,28.0,28.0,39.1,37.5,53,4.3,8
0.5,0.25,0.5,Washington,42.0,42,42,42.0,8.7,8.5,10,0.0,0.0,43.5,42.0,47.9,48.0,32.1,28.0,12.6,13.0,15,14.6,16
0.5,0.1,0.5,Washington,42.0,42,42,42.0,8.1,8.0,9,0.0,0.0,45.0,45.0,48.9,48.5,28.0,28.0,13.2,13.5,15,15.2,16
0.5,0.1,1.0,Washington,42.0,42,42,42.0,7.8,8.0,9,0.0,0.0,43.8,42.0,50.4,48.0,29.6,28.0,13.8,13.0,17,16.5,18
0.5,0.25,1.0,Washington,42.0,42,42,42.0,8.4,8.5,10,0.0,0.0,43.5,42.0,49.2,48.0,32.6,28.0,15.6,16.0,20,16.6,19
1.0,0.25,1.0,Washington,42.0,42,42,42.0,9.1,9.0,11,0.0,0.0,42.3,42.0,47.7,48.0,36.6,28.0,13.0,12.0,17,16.6,18
2.0,0.25,2.0,Washington,42.0,42,42,42.0,9.8,10.0,11,0.0,0.0,42.0,42.0,47.1,48.0,28.0,28.0,14.8,15.5,18,16.6,18
0.5,0.25,2.0,Washington,42.0,42,42,42.0,8.9,9.0,11,0.0,0.0,42.6,42.0,47.4,48.0,34.8,28.0,15.1,14.5,20,16.7,19
1.0,0.25,0.5,Washington,42.0,42,42,42.0,8.8,9.0,10,0.0,0.0,43.8,42.0,47.9,48.0,33.4,28.0,12.3,12.5,14,16.9,19
2.0,0.1,2.0,Washington,42.0,42,42,42.0,8.8,9.0,11,0.0,0.0,45.3,46.5,53.3,48.5,28.0,28.0,14.2,14.0,17,16.9,19
2.0,0.1,0.5,Washington,42.0,42,42,42.0,7.9,8.0,9,0.0,0.0,44.7,43.5,50.2,48.0,28.0,28.0,15.2,15.0,18,17.0,19
0.5,0.1,2.0,Washington,42.0,42,42,42.0,8.0,8.0,10,0.3,3.0,47.4,43.5,52.8,48.0,28.0,28.0,16.4,16.0,18,17.0,19
2.0,0.1,1.0,Washington,42.0,42,42,42.0,8.5,9.0,10,0.0,0.0,42.9,42.0,48.0,48.0,28.0,28.0,15.1,15.0,19,17.2,20
1.0,0.1,1.0,Washington,42.0,42,42,42.0,7.9,8.0,9,0.0,0.0,45.0,45.0,51.7,48.5,28.0,28.0,12.9,13.0,15,17.2,19
2.0,0.25,1.0,Washington,42.0,42,42,42.0,9.3,9.0,11,0.0,0.0,42.9,42.0,47.5,48.0,30.3,28.0,14.1,14.5,17,17.4,20
2.0,0.25,0.5,Washington,42.0,42,42,42.0,8.1,8.0,11,0.0,0.0,42.9,42.0,47.8,48.0,28.0,28.0,13.8,13.5,17,17.5,20
1.0,0.1,0.5,Washington,42.0,42,42,42.0,7.3,7.0,9,0.0,0.0,46.2,48.0,52.5,50.0,28.0,28.0,13.9,14.0,16,17.5,19
1.0,0.25,2.0,Washington,42.0,42,42,42.0,9.1,9.0,10,0.0,0.0,42.0,42.0,46.8,48.0,34.7,28.0,14.0,13.5,20,17.7,20
0.5,0.25,1.0,Florida,42.0,35,47,46.0,13.7,13.5,16,0.3,1.0,49.7,50.5,57.0,55.0,42.5,42.0,24.1,24.0,26,21.1,24
2.0,0.25,1.0,Florida,42.0,35,47,44.0,11.8,12.0,13,0.8,4.0,47.6,47.0,52.3,54.0,28.0,28.0,45.4,46.0,51,24.2,27
1.0,0.25,1.0,New York,42.1,39,48,39.0,12.5,12.5,14,1.0,3.0,48.5,48.5,54.5,54.5,28.0,28.0,204.2,203.5,213,37.6,40
1.0,0.25,0.5,Iowa,42.1,40,45,42.0,32.0,31.5,35,0.0,0.0,44.5,44.5,44.9,45.0,28.0,28.0,116.9,115.0,131,52.3,55
2.0,0.01,1.0,New Mexico,42.2,35,67,37.0,12.6,12.5,15,0.5,3.0,65.5,60.0,81.2,75.0,28.0,28.0,34.9,36.0,47,4.3,7
1.0,0.1,2.0,Iowa,42.2,40,45,41.5,31.3,32.0,33,0.0,0.0,44.7,45.0,45.5,45.0,28.0,28.0,129.3,130.5,133,54.1,56
2.0,0.25,0.5,Iowa,42.3,40,45,43.0,33.5,33.0,37,0.0,0.0,44.0,44.0,45.0,45.0,28.0,28.0,128.8,129.5,135,53.1,56
2.0,0.25,2.0,Florida,42.4,37,47,44.0,12.7,12.5,17,1.8,5.0,49.9,47.0,56.5,54.0,28.0,28.0,47.9,48.5,53,24.1,27
0.5,0.25,0.5,Iowa,42.4,38,45,43.0,29.5,30.0,33,0.0,0.0,44.0,44.5,44.5,45.0,28.0,28.0,102.2,100.5,113,48.3,52
ALL,ALL,ALL,Missouri,42.46944444444444,38,96,38.0,58.605555555555554,63.0,78,0.09444444444444444,2.0,59.81388888888889,52.0,64.825,54.5,57.497206703910614,46.0,9.097493036211699,9.0,20,7.852777777777778,18
0.5,0.25,0.5,Florida,42.5,35,47,44.0,12.3,12.0,15,0.0,0.0,47.6,47.0,54.1,54.0,37.3,28.0,19.4,18.0,25,15.6,19
2.0,0.25,1.0,Iowa,42.5,40,44,43.0,34.8,35.5,39,0.0,0.0,44.3,44.0,44.6,45.0,28.0,28.0,132.6,132.0,139,52.0,57
2.0,0.05,2.0,Washington,42.6,42,48,42.0,8.4,7.5,13,0.1,1.0,48.3,48.0,59.8,59.5,33.0,28.0,14.9,15.5,16,16.6,19
1.0,0.1,2.0,Washington,42.6,42,48,42.0,7.3,7.5,8,0.0,0.0,46.9,48.0,57.5,50.0,30.3,28.0,13.4,14.0,15,18.7,20
0.5,0.1,2.0,Iowa,42.6,38,45,44.0,29.2,30.0,33,0.0,0.0,44.5,45.0,46.4,45.5,28.0,28.0,121.1,120.0,135,54.9,61
2.0,0.05,1.0,Michigan,42.7,38,67,38.0,42.7,42.5,46,0.0,0.0,50.9,46.0,62.0,68.0,59.9,55.0,18.2,18.5,21,15.6,19
1.0,0.25,2.0,Florida,42.7,35,47,44.0,11.7,12.0,14,0.6,4.0,49.6,47.0,54.1,54.0,28.0,28.0,45.0,45.0,52,24.0,27
1.0,0.25,1.0,Florida,42.8,35,47,44.5,10.7,10.5,14,0.7,4.0,48.5,47.0,52.7,54.0,28.0,28.0,38.0,38.5,44,24.6,27
0.5,0.25,2.0,Iowa,42.8,40,45,43.5,32.1,32.5,34,0.0,0.0,44.4,44.0,45.0,45.0,28.0,28.0,122.5,123.0,127,52.8,56
1.0,0.25,2.0,Iowa,42.8,40,45,43.5,33.4,33.5,38,0.0,0.0,44.5,45.0,45.1,45.0,28.0,28.0,131.0,132.5,136,53.4,58
1.0,0.25,0.5,Pennsylvania,42.9,36,52,38.0,47.6,48.0,49,0.0,0.0,53.0,52.0,55.6,56.0,57.8,67.0,23.1,23.0,28,9.3,10
2.0,0.1,1.0,Iowa,42.9,40,45,44.5,33.2,33.0,36,0.0,0.0,45.2,45.0,46.3,46.0,28.0,28.0,127.4,126.0,136,52.5,55
0.5,0.1,0.5,North Dakota,43.0,43,43,43.0,12.7,12.5,15,0.3,1.0,57.0,58.0,64.0,65.0,28.0,28.0,4.1,4.0,5,1.3,2
0.5,0.25,0.5,North Dakota,43.0,43,43,43.0,13.3,13.5,15,0.7,1.0,55.0,58.0,61.8,63.0,28.0,28.0,5.3,5.0,8,2.0,3
0.5,0.25,0.5,Oklahoma,43.0,43,43,43.0,20.9,20.5,24,0.0,0.0,49.5,50.0,51.7,51.0,71.0,71.0,3.1,3.0,4,2.2,3
0.5,0.05,1.0,North Dakota,43.0,43,43,43.0,13.2,13.0,15,0.4,1.0,56.0,58.0,65.1,65.0,43.4,40.5,3.6,3.5,5,2.9,4
0.5,0.1,1.0,North Dakota,43.0,43,43,43.0,13.8,14.0,15,0.5,1.0,55.0,58.0,61.6,61.0,42.8,28.0,4.4,4.5,6,3.1,4
0.5,0.25,2.0,Oklahoma,43.0,43,43,43.0,43.5,44.0,46,0.0,0.0,50.0,50.0,53.0,51.0,71.0,71.0,6.5,6.5,8,3.2,4
0.5,0.05,2.0,North Dakota,43.0,43,43,43.0,15.8,16.0,18,0.3,1.0,57.4,58.0,64.4,65.0,78.8,54.5,6.6,6.0,10,3.5,5
0.5,0.25,1.0,North Dakota,43.0,43,43,43.0,14.3,14.0,17,0.8,1.0,53.0,53.0,61.1,60.5,30.5,28.0,6.1,6.0,7,3.8,5
0.5,0.25,2.0,North Dakota,43.0,43,43,43.0,19.1,18.5,21,0.6,1.0,53.0,53.0,61.1,59.5,32.5,28.0,11.1,10.5,13,4.0,5
1.0,0.05,1.0,North Dakota,43.0,43,43,43.0,15.7,15.5,18,0.3,1.0,56.3,58.0,63.5,65.0,61.6,40.5,7.2,7.5,10,4.7,7
1.0,0.1,2.0,North Dakota,43.0,43,43,43.0,17.8,18.0,20,0.5,1.0,58.0,58.0,64.4,65.0,32.5,28.0,12.3,12.5,14,4.8,8
1.0,0.25,2.0,North Dakota,43.0,43,43,43.0,18.9,18.5,21,0.7,1.0,52.0,48.0,60.2,58.0,28.0,28.0,12.8,12.5,18,5.0,6
1.0,0.25,0.5,North Dakota,43.0,43,43,43.0,15.5,15.5,17,0.7,1.0,53.0,53.0,61.3,60.5,28.0,28.0,8.7,9.0,10,5.1,7
1.0,0.1,1.0,North Dakota,43.0,43,43,43.0,17.3,17.0,19,0.3,1.0,56.7,58.0,63.6,65.0,48.4,28.0,7.9,8.0,10,5.1,7
1.0,0.25,1.0,North Dakota,43.0,43,43,43.0,18.1,18.5,20,0.9,1.0,53.0,53.0,60.3,59.5,28.0,28.0,12.0,12.0,13,5.4,8
2.0,0.05,2.0,North Dakota,43.0,43,43,43.0,19.1,19.0,20,0.5,1.0,61.3,60.5,67.0,66.0,51.0,42.0,13.2,13.0,16,6.0,8
2.0,0.1,0.5,North Dakota,43.0,43,43,43.0,17.8,18.0,19,0.3,1.0,57.0,58.0,63.6,65.0,46.1,28.0,10.3,10.5,15,6.1,8
2.0,0.25,1.0,North Dakota,43.0,43,43,43.0,18.8,19.0,20,0.5,1.0,51.0,48.0,59.5,58.0,28.0,28.0,14.0,14.0,16,6.5,7
2.0,0.1,2.0,North Dakota,43.0,43,43,43.0,19.7,20.0,21,0.4,1.0,55.7,58.0,63.1,64.5,46.2,28.0,13.0,13.0,16,6.7,8
2.0,0.1,1.0,North Dakota,43.0,43,43,43.0,17.2,17.5,19,0.8,1.0,54.0,58.0,62.1,64.5,30.8,28.0,13.2,13.5,16,6.8,9
2.0,0.25,0.5,North Dakota,43.0,43,43,43.0,17.5,17.5,18,0.9,1.0,51.0,48.0,59.5,58.0,28.0,28.0,14.1,14.0,18,7.2,8
2.0,0.25,2.0,North Dakota,43.0,43,43,43.0,20.1,20.0,21,0.9,1.0,51.0,48.0,59.6,58.0,28.0,28.0,15.5,16.0,18,7.6,9
ALL,ALL,ALL,Wisconsin,43.17777777777778,40,78,40.0,38.01111111111111,38.0,48,0.16944444444444445,2.0,46.96111111111111,41.0,50.861111111111114,46.0,28.441666666666666,28.0,72.53333333333333,74.0,101,23.35,33
1.0,0.05,1.0,Washington,43.2,42,48,42.0,8.1,8.5,10,0.3,2.0,50.2,48.0,65.9,65.0,30.3,28.0,16.9,17.0,22,16.1,18
2.0,0.05,0.5,Washington,43.2,42,48,42.0,8.0,7.5,13,0.1,1.0,47.4,48.0,57.8,59.5,28.0,28.0,13.9,13.5,18,16.2,19
1.0,0.05,2.0,Washington,43.2,42,48,42.0,7.3,8.0,8,1.0,7.0,52.9,48.0,66.5,65.0,30.3,28.0,14.3,14.5,18,18.2,20
2.0,0.25,0.5,Oklahoma,43.3,43,46,43.0,44.7,45.0,47,0.0,0.0,50.0,50.0,52.2,51.0,71.0,71.0,9.2,9.0,12,5.3,8
1.0,0.25,2.0,New York,43.3,39,48,43.0,12.4,12.5,16,0.9,2.0,48.6,49.0,55.6,60.0,28.0,28.0,198.2,198.0,221,37.7,39
1.0,0.05,1.0,Florida,43.4,35,47,47.0,10.2,9.0,15,0.0,0.0,52.1,54.5,66.5,68.5,28.0,28.0,36.6,37.0,42,24.2,27
1.0,0.01,1.0,Minnesota,43.4,31,53,48.0,35.4,35.5,47,0.3,2.0,53.0,49.0,58.1,53.5,30.6,28.0,48.5,48.5,56,31.6,38
1.0,0.25,0.5,New York,43.4,39,48,43.0,12.0,12.0,15,0.4,1.0,47.4,48.0,53.2,49.0,28.0,28.0,190.6,191.0,199,36.3,39
2.0,0.25,2.0,New York,43.4,39,48,43.0,12.5,12.5,15,0.6,1.0,48.4,48.0,52.7,49.0,28.0,28.0,198.3,197.5,215,37.7,41
0.5,0.1,0.5,Iowa,43.4,40,45,44.0,29.1,29.0,33,0.0,0.0,45.0,45.0,45.7,45.5,29.8,28.0,103.1,103.5,119,47.0,51
1.0,0.1,0.5,North Dakota,43.5,43,48,43.0,14.3,14.5,16,0.5,1.0,54.0,58.0,62.4,64.0,42.8,28.0,7.2,7.0,9,5.1,7
2.0,0.25,0.5,Pennsylvania,43.5,36,58,36.0,47.8,48.0,50,0.0,0.0,49.5,51.0,55.3,55.0,65.4,72.0,27.4,27.5,33,9.7,12
2.0,0.1,2.0,Iowa,43.5,40,45,45.0,34.7,34.5,39,0.0,0.0,45.0,45.0,46.0,46.0,28.0,28.0,135.0,132.5,146,52.4,55
2.0,0.05,2.0,Iowa,43.5,40,45,45.0,32.3,31.5,35,0.0,0.0,45.1,45.0,46.6,46.5,35.2,28.0,134.9,135.5,142,54.1,57
2.0,0.1,2.0,Florida,43.6,35,47,47.0,10.1,10.5,13,0.5,4.0,52.0,54.0,58.1,57.0,28.0,28.0,48.0,47.5,57,26.5,29
1.0,0.25,1.0,Oklahoma,43.7,43,50,43.0,42.2,42.0,44,0.0,0.0,49.9,51.0,51.7,51.0,71.0,71.0,9.4,10.0,12,5.2,6
2.0,0.25,2.0,Oklahoma,43.7,43,50,43.0,44.1,44.0,46,0.0,0.0,50.8,51.0,52.3,51.0,45.2,28.0,11.5,12.0,14,7.2,9
1.0,0.25,2.0,Oklahoma,43.8,43,51,43.0,43.6,43.5,45,0.0,0.0,51.2,51.0,53.0,51.0,71.0,71.0,10.6,10.5,14,6.2,8
0.5,0.05,0.5,Washington,43.8,42,48,42.0,6.9,7.5,9,0.8,2.0,55.7,48.5,69.1,65.0,28.0,28.0,12.4,13.0,15,15.1,18
0.5,0.05,2.0,Washington,43.8,42,48,42.0,7.7,8.0,9,0.3,3.0,48.7,48.0,64.8,65.0,28.0,28.0,15.5,15.5,18,16.4,18
0.5,0.1,1.0,Iowa,43.8,40,45,45.0,31.6,32.0,38,0.0,0.0,45.2,45.0,46.2,46.5,29.8,28.0,109.0,109.0,122,49.8,54
1.0,0.1,1.0,Iowa,43.8,40,45,44.0,33.6,33.5,37,0.0,0.0,44.7,45.0,45.4,45.0,29.8,28.0,124.5,123.5,130,51.1,53
2.0,0.1,0.5,Iowa,43.8,40,45,45.0,32.6,33.0,40,0.2,2.0,45.3,45.0,46.2,46.0,31.8,28.0,128.1,128.5,133,53.3,57
0.5,0.05,1.0,Iowa,43.9,40,47,44.5,29.8,31.0,33,0.0,0.0,45.5,45.0,47.0,47.0,33.5,28.0,112.8,112.5,122,49.9,56
ALL,ALL,ALL,Utah,43.916666666666664,33,120,35.0,15.083333333333334,15.0,19,0.041666666666666664,2.0,59.419444444444444,52.0,68.175,62.0,46.75833333333333,28.0,9.519444444444444,10.0,19,1.7833333333333334,6
0.5,0.05,0.5,Utah,44.0,35,63,35.0,14.1,14.0,16,0.0,0.0,59.2,58.5,68.2,63.0,44.0,38.0,5.9,5.5,9,1.1,4
1.0,0.25,1.0,Vermont,44.0,44,44,44.0,12.7,13.0,14,0.0,0.0,54.8,55.0,58.2,59.0,99.8,105.0,6.0,6.0,8,1.3,2
2.0,0.25,1.0,Vermont,44.0,44,44,44.0,12.5,12.5,13,0.0,0.0,55.8,55.0,61.5,59.0,99.3,96.0,7.2,7.5,10,1.5,2
0.5,0.25,1.0,Vermont,44.0,44,44,44.0,12.0,12.0,13,0.0,0.0,54.8,55.0,58.2,59.0,95.5,86.5,6.6,6.5,8,1.9,3
1.0,0.25,2.0,Vermont,44.0,44,44,44.0,12.1,12.0,14,0.0,0.0,54.7,55.0,57.8,59.0,91.2,77.0,7.3,7.5,10,1.9,4
2.0,0.25,0.5,Vermont,44.0,44,44,44.0,12.1,12.0,13,0.0,0.0,55.0,55.0,58.8,59.0,85.2,86.5,7.5,8.0,10,1.9,3
0.5,0.25,2.0,Vermont,44.0,44,44,44.0,12.0,12.0,13,0.0,0.0,57.6,55.0,61.7,59.0,85.1,77.0,7.7,7.0,10,2.0,4
0.5,0.25,0.5,Vermont,44.0,44,44,44.0,11.2,11.5,12,0.0,0.0,55.4,55.0,60.5,59.0,42.1,28.0,5.7,5.5,8,2.1,3
2.0,0.25,2.0,Vermont,44.0,44,44,44.0,11.9,12.0,13,0.0,0.0,55.4,55.0,60.4,59.0,95.5,86.5,7.1,7.0,8,2.1,4
2.0,0.1,2.0,Vermont,44.0,44,44,44.0,11.8,12.0,13,0.0,0.0,58.8,55.0,67.4,59.0,77.6,77.0,8.6,8.5,10,2.2,4
0.5,0.1,1.0,Florida,44.0,35,47,47.0,12.5,12.5,17,0.1,1.0,51.6,54.0,59.2,55.0,34.1,28.0,22.7,23.0,26,19.5,22
1.0,0.05,0.5,Washington,44.1,42,48,42.0,6.7,7.0,8,1.8,10.0,54.7,48.0,65.9,50.0,30.3,28.0,13.5,14.0,17,17.3,20
1.0,0.05,1.0,Iowa,44.1,40,46,45.0,32.0,32.0,34,0.2,2.0,46.2,46.0,47.6,47.0,35.8,28.0,125.6,127.0,128,52.7,57
1.0,0.25,0.5,Vermont,44.3,44,47,44.0,11.9,12.0,13,0.0,0.0,54.8,55.0,58.2,59.0,93.3,85.5,6.4,7.0,8,2.1,3
0.5,0.25,2.0,Florida,44.3,35,47,47.0,11.3,11.0,14,0.6,4.0,51.3,54.0,55.0,55.0,28.0,28.0,36.4,36.0,43,24.0,26
2.0,0.25,1.0,Oklahoma,44.4,43,50,43.0,44.9,45.0,48,0.0,0.0,50.1,50.5,51.7,51.0,71.0,71.0,11.1,11.0,14,6.2,7
0.5,0.05,1.0,Washington,44.4,42,48,42.0,6.5,6.5,9,0.5,2.0,52.5,48.0,70.5,65.0,28.0,28.0,13.7,14.0,17,17.5,20
2.0,0.05,1.0,Washington,44.4,42,48,42.0,7.0,7.0,8,2.2,9.0,59.9,51.0,72.9,65.0,28.0,28.0,15.4,15.5,18,17.9,20
0.5,0.25,1.0,Oklahoma,44.5,43,51,43.0,31.6,31.5,35,0.0,0.0,50.2,51.0,53.4,51.0,66.7,71.0,4.7,5.0,7,2.2,3
2.0,0.05,0.5,North Dakota,44.5,43,58,43.0,17.3,17.0,19,0.0,0.0,59.8,58.0,65.8,65.0,46.5,28.0,9.6,9.0,13,5.2,7
2.0,0.05,1.0,North Dakota,44.5,43,58,43.0,17.6,18.0,19,0.3,1.0,59.3,58.0,64.9,65.0,58.5,64.5,11.9,12.5,15,5.5,7
2.0,0.05,1.0,Iowa,44.5,40,47,45.0,31.3,30.5,36,0.0,0.0,46.4,47.0,47.1,47.5,34.0,28.0,130.2,129.5,141,53.9,59
ALL,ALL,ALL,Idaho,44.580555555555556,34,116,36.0,10.427777777777777,10.0,16,0.8833333333333333,12.0,49.986111111111114,38.0,58.86666666666667,51.0,30.6,28.0,32.45,35.0,44,16.494444444444444,22
0.5,0.01,0.5,Minnesota,44.6,31,48,48.0,25.3,25.5,29,0.2,2.0,49.6,52.0,54.3,56.0,28.0,28.0,33.8,33.0,41,30.7,35
1.0,0.1,0.5,Iowa,44.6,43,45,45.0,31.2,31.0,38,0.0,0.0,45.2,45.0,46.1,46.0,30.0,28.0,116.2,116.0,124,52.1,58
ALL,ALL,ALL,Nevada,44.666666666666664,35,121,35.0,4.408333333333333,5.0,5,0.008450704225352112,1.0,71.89014084507042,35.0,99.73563218390805,56.0,108.0,108.0,0.9393939393939394,1.0,1,0.011111111111111112,1
1.0,0.01,2.0,Minnesota,44.7,31,48,48.0,35.2,36.0,39,1.0,5.0,52.7,50.5,60.1,54.0,28.0,28.0,52.3,51.0,65,33.1,39
2.0,0.1,1.0,Oklahoma,44.8,43,51,43.0,43.1,43.0,45,0.0,0.0,50.3,51.0,54.7,53.5,66.7,71.0,9.5,9.0,12,5.6,7
1.0,0.25,2.0,Pennsylvania,44.8,36,58,44.0,46.8,47.0,50,0.1,1.0,54.3,52.0,56.9,59.0,60.1,67.0,25.3,25.5,30,10.7,14
2.0,0.05,0.5,Florida,44.8,35,47,47.0,10.2,10.5,13,0.4,4.0,55.6,55.0,72.2,78.0,28.0,28.0,36.9,38.0,43,24.2,28
1.0,0.05,0.5,Iowa,44.8,44,46,45.0,30.0,30.5,34,0.0,0.0,45.7,45.0,46.8,47.5,36.3,28.0,113.1,112.5,122,52.3,60
1.0,0.05,2.0,Iowa,44.8,44,45,45.0,32.0,32.0,37,0.0,0.0,46.3,46.5,48.1,48.0,32.0,28.0,132.7,134.0,138,52.8,58
2.0,0.25,1.0,Georgia,44.9,36,65,38.0,54.3,53.5,60,0.3,1.0,58.1,65.0,68.2,66.0,56.3,42.0,7.4,6.5,12,8.3,10
ALL,ALL,ALL,Michigan,45.016666666666666,38,114,38.0,38.5,39.0,49,0.05277777777777778,2.0,54.09166666666667,44.0,60.93888888888889,53.0,62.81666666666667,55.0,18.77777777777778,19.0,30,15.983333333333333,25
1.0,0.25,0.5,Oklahoma,45.1,43,50,43.0,37.1,38.0,39,0.0,0.0,50.1,50.5,51.8,51.0,71.0,71.0,5.7,6.0,7,2.1,3
0.5,0.01,1.0,Missouri,45.2,38,96,38.0,30.8,30.0,37,0.0,0.0,77.5,91.0,87.8,96.0,116.0,87.0,3.0,2.5,6,1.8,5
1.0,0.01,0.5,Missouri,45.2,38,96,38.0,35.1,34.5,45,0.1,1.0,86.7,96.0,93.3,97.0,120.1,50.5,3.7,4.0,7,2.0,3
0.5,0.1,2.0,North Dakota,45.2,43,65,43.0,17.1,17.5,20,0.2,1.0,58.1,58.0,64.1,65.0,41.6,28.0,8.0,8.0,10,3.2,5
0.5,0.1,0.5,Florida,45.2,35,47,47.0,11.0,11.0,14,0.0,0.0,52.1,54.0,58.0,55.0,37.1,28.0,18.0,19.0,21,15.3,20
2.0,0.1,2.0,Oklahoma,45.3,43,51,43.0,41.7,41.5,45,0.0,0.0,52.0,51.0,55.0,55.0,28.0,28.0,10.6,10.0,15,6.6,9
1.0,0.1,0.5,Oklahoma,45.4,43,51,43.0,33.5,34.0,35,0.0,0.0,52.2,51.0,54.2,51.0,71.0,71.0,5.1,5.0,8,2.4,4
0.5,0.05,1.0,Florida,45.4,35,55,47.0,13.0,12.0,18,0.0,0.0,53.8,55.0,74.0,78.0,34.6,28.0,23.4,23.5,29,19.1,22
2.0,0.25,0.5,New York,45.4,39,49,48.0,12.6,13.0,16,0.5,1.0,50.9,49.0,57.7,60.0,28.0,28.0,192.8,194.5,212,37.4,40
0.5,0.05,0.5,Iowa,45.4,44,47,45.0,26.9,27.5,31,0.6,6.0,47.0,47.0,48.9,48.0,29.8,28.0,101.8,100.5,115,46.2,51
0.5,0.05,2.0,Iowa,45.4,43,47,45.0,30.7,30.0,36,0.3,3.0,46.5,47.0,48.0,48.0,29.8,28.0,118.5,119.5,123,52.8,56
2.0,0.05,0.5,Iowa,45.4,44,48,45.0,30.0,29.5,35,0.4,2.0,46.9,46.0,47.8,47.5,30.0,28.0,132.4,131.5,142,54.6,58
2.0,0.1,1.0,Vermont,45.5,44,59,44.0,12.1,12.0,14,0.1,1.0,58.8,55.0,69.5,59.0,63.5,77.0,9.3,10.0,11,1.9,4
1.0,0.1,0.5,Vermont,45.5,44,59,44.0,11.5,11.5,13,0.1,1.0,57.5,57.0,67.4,62.5,71.5,77.0,8.0,8.0,12,2.5,4
1.0,0.1,1.0,Vermont,45.5,44,59,44.0,11.5,11.5,13,0.1,1.0,63.7,57.0,71.6,66.5,76.8,77.0,8.2,8.0,10,2.5,4
0.5,0.25,1.0,Pennsylvania,45.5,36,58,44.5,46.5,46.0,51,0.0,0.0,54.1,52.0,58.2,59.0,69.7,72.0,25.9,26.0,29,10.1,13
1.0,0.1,0.5,Florida,45.5,35,47,47.0,11.1,11.5,12,0.0,0.0,52.9,54.0,56.0,55.0,28.0,28.0,30.5,31.5,33,22.6,24
2.0,0.1,1.0,Florida,45.5,35,47,47.0,10.7,10.5,16,0.1,1.0,53.1,54.5,58.7,56.5,28.0,28.0,44.8,44.5,51,24.9,29
0.5,0.25,0.5,New York,45.5,39,49,48.0,12.1,12.0,15,0.9,3.0,50.9,49.0,57.7,60.0,28.0,28.0,141.8,144.0,155,33.8,37
0.5,0.05,0.5,Nevada,45.6,35,87,35.0,3.4,4.0,5,0.0,0.0,52.111111111111114,44.0,56.875,56.0,,,0.0,0.0,0,0.1,1
1.0,0.05,0.5,North Dakota,45.7,43,65,43.0,13.2,12.5,16,0.3,1.0,59.5,58.0,66.5,65.0,61.0,54.5,6.0,6.0,9,4.6,7
2.0,0.1,0.5,Oklahoma,45.7,43,51,43.0,40.9,41.0,43,0.0,0.0,51.8,51.0,55.2,56.0,71.0,71.0,7.2,7.0,10,6.0,7
1.0,0.1,1.0,Florida,45.8,35,47,47.0,10.1,10.0,14,0.0,0.0,53.8,54.5,63.2,59.0,28.0,28.0,33.8,34.5,38,24.5,27
2.0,0.01,0.5,New Mexico,45.9,35,72,36.0,11.7,12.0,15,0.8,2.0,64.9,63.5,85.7,92.5,28.0,28.0,38.0,39.0,51,4.3,9
1.0,0.01,0.5,Minnesota,45.9,31,48,48.0,32.2,31.0,39,0.6,5.0,53.4,50.5,57.7,54.0,28.0,28.0,46.5,46.5,54,30.3,37
1.0,0.1,1.0,New York,45.9,39,49,48.0,10.6,11.0,13,0.4,1.0,53.1,49.0,58.6,60.0,28.0,28.0,186.7,185.0,203,38.2,42
0.5,0.1,0.5,Vermont,46.0,44,64,44.0,11.5,11.5,13,0.0,0.0,58.8,55.0,65.0,59.0,34.8,28.0,6.7,7.0,8,1.7,3
1.0,0.25,0.5,South Dakota,46.0,46,46,46.0,48.2,48.0,50,0.0,0.0,46.3,46.0,47.3,47.0,47.0,47.0,11.8,12.0,14,3.5,5
0.5,0.25,1.0,South Dakota,46.0,46,46,46.0,44.2,44.5,46,0.0,0.0,46.5,46.5,47.5,47.5,47.0,47.0,12.0,12.0,14,3.6,6
0.5,0.25,0.5,South Dakota,46.0,46,46,46.0,35.0,35.0,36,0.0,0.0,46.5,46.5,47.5,47.5,47.0,47.0,9.7,10.0,12,3.6,6
1.0,0.1,2.0,South Dakota,46.0,46,46,46.0,49.4,49.0,51,0.0,0.0,46.6,47.0,47.6,48.0,47.0,47.0,14.3,14.5,19,3.7,6
0.5,0.25,2.0,South Dakota,46.0,46,46,46.0,49.2,49.0,50,0.0,0.0,46.5,46.5,47.5,47.5,47.0,47.0,12.6,13.0,14,4.0,5
1.0,0.25,1.0,South Dakota,46.0,46,46,46.0,49.6,50.0,51,0.0,0.0,46.4,46.0,47.4,47.0,47.0,47.0,13.4,13.0,16,4.0,6
1.0,0.25,2.0,South Dakota,46.0,46,46,46.0,49.4,49.0,51,0.0,0.0,46.4,46.0,47.4,47.0,47.0,47.0,15.1,15.0,17,4.2,5
2.0,0.25,1.0,South Dakota,46.0,46,46,46.0,49.7,50.0,51,0.0,0.0,46.5,46.5,47.5,47.5,47.0,47.0,14.5,14.5,16,4.2,6
2.0,0.25,2.0,South Dakota,46.0,46,46,46.0,49.4,49.0,52,0.0,0.0,46.4,46.0,47.4,47.0,47.0,47.0,14.2,14.0,16,4.2,5
2.0,0.25,0.5,South Dakota,46.0,46,46,46.0,49.3,49.0,52,0.0,0.0,46.3,46.0,47.3,47.0,47.0,47.0,13.2,13.5,14,4.4,6
0.5,0.05,2.0,Florida,46.0,35,55,47.0,11.2,12.0,16,0.4,2.0,56.9,55.0,76.2,78.0,28.0,28.0,32.4,32.0,39,22.7,27
2.0,0.1,0.5,Florida,46.0,37,47,47.0,10.8,10.5,16,0.4,4.0,54.0,55.0,63.3,59.0,28.0,28.0,39.0,39.5,44,24.1,28
0.5,0.1,1.0,Oklahoma,46.1,43,51,43.0,28.1,28.0,30,0.0,0.0,53.4,51.0,57.9,59.0,67.0,71.0,4.4,5.0,6,1.8,4
0.5,0.1,0.5,Oklahoma,46.1,43,51,43.0,17.1,18.0,19,0.0,0.0,51.8,51.0,55.8,59.0,54.666666666666664,71.0,2.9,3.0,5,2.0,3
0.5,0.1,0.5,South Dakota,46.1,46,47,46.0,35.4,35.0,39,0.0,0.0,46.9,47.0,48.4,48.0,51.8,55.0,7.7,7.0,11,2.6,4
0.5,0.1,1.0,South Dakota,46.1,46,47,46.0,43.2,43.0,46,0.0,0.0,47.0,47.0,48.5,48.0,50.2,47.0,9.2,9.0,12,2.7,4
2.0,0.1,0.5,South Dakota,46.1,46,47,46.0,49.5,50.0,51,0.0,0.0,46.7,47.0,48.7,48.0,50.1,47.0,11.4,11.5,14,3.4,5
1.0,0.1,1.0,South Dakota,46.1,46,47,46.0,48.9,48.5,51,0.0,0.0,47.1,47.0,48.0,48.0,47.8,47.0,11.1,11.0,13,3.9,6
1.0,0.05,1.0,Oklahoma,46.1,43,51,43.0,37.4,37.5,39,0.0,0.0,52.5,51.0,56.6,59.0,75.6,71.0,7.0,7.0,10,4.7,6
0.5,0.05,2.0,Oklahoma,46.2,43,51,43.0,36.6,36.5,41,0.0,0.0,52.1,51.0,56.0,57.5,78.1,71.0,5.4,6.0,7,2.8,5
0.5,0.1,2.0,South Dakota,46.2,46,47,46.0,49.0,49.0,52,0.0,0.0,47.1,46.5,48.0,47.5,49.4,47.0,11.4,11.0,14,3.3,5
2.0,0.05,0.5,Oklahoma,46.2,43,51,43.0,38.7,38.0,42,0.0,0.0,53.4,51.0,58.8,59.0,66.4,71.0,8.2,8.5,11,5.3,7
2.0,0.01,0.5,Minnesota,46.2,31,71,48.0,35.7,33.5,45,1.2,5.0,55.9,50.5,62.0,62.0,28.0,28.0,51.4,53.0,60,31.5,36
0.5,0.25,1.0,New York,46.2,39,49,48.0,12.2,12.5,15,0.6,4.0,49.3,49.0,57.1,60.0,28.0,28.0,179.0,178.5,190,35.6,39
ALL,ALL,ALL,Iowa,46.21944444444444,38,103,45.0,30.93611111111111,31.0,40,0.21666666666666667,12.0,48.74722222222222,45.0,50.71944444444444,46.5,36.25555555555555,28.0,115.79722222222222,119.0,146,51.00833333333333,61
1.0,0.1,0.5,South Dakota,46.3,46,47,46.0,47.8,47.5,50,0.0,0.0,47.2,47.0,48.7,48.0,50.2,47.0,10.2,10.0,13,2.2,4
0.5,0.25,0.5,Illinois,46.3,40,47,47.0,47.9,47.5,51,0.0,0.0,47.6,48.0,50.7,51.0,59.1,58.0,7.5,7.0,12,3.8,7
1.0,0.25,1.0,Illinois,46.3,40,47,47.0,63.1,62.5,67,0.0,0.0,47.6,48.0,50.5,51.0,57.5,58.0,12.8,13.5,15,6.3,10
0.5,0.1,2.0,Florida,46.3,37,55,47.0,9.4,9.0,14,0.5,4.0,52.9,55.0,60.8,59.0,28.0,28.0,36.9,38.0,39,24.4,28
2.0,0.01,2.0,Minnesota,46.3,31,48,48.0,37.8,37.0,45,2.2,6.0,61.1,56.5,68.1,69.0,31.0,28.0,55.4,55.0,61,31.2,34
0.5,0.1,0.5,New York,46.3,39,49,48.0,9.6,9.0,15,0.7,3.0,52.1,49.0,59.8,60.0,28.0,28.0,135.0,134.5,144,34.4,36
1.0,0.05,0.5,South Dakota,46.4,46,47,46.0,46.6,46.5,50,0.0,0.0,48.3,47.0,49.8,48.0,56.3,55.0,8.1,8.0,14,2.1,4
2.0,0.05,0.5,South Dakota,46.4,46,47,46.0,49.7,50.0,51,0.0,0.0,48.6,47.0,49.5,48.0,52.5,55.0,8.9,9.0,11,2.3,3
1.0,0.05,2.0,South Dakota,46.4,46,47,46.0,50.0,50.0,52,0.0,0.0,48.3,47.0,50.3,50.0,56.1,55.0,11.7,11.5,16,2.6,5
2.0,0.05,2.0,South Dakota,46.4,46,47,46.0,50.3,50.0,52,0.0,0.0,48.1,47.0,48.7,48.0,51.0,51.0,11.7,11.0,15,2.7,5
2.0,0.01,1.0,Arizona,46.4,36,65,43.0,6.2,6.0,10,0.1,1.0,63.5,55.5,95.3,83.5,36.6,28.0,14.2,14.0,18,4.8,7
0.5,0.01,2.0,Minnesota,46.4,35,48,48.0,34.3,34.5,40,1.8,6.0,57.3,54.5,60.3,59.5,28.0,28.0,49.8,49.5,55,30.6,37
2.0,0.05,1.0,South Dakota,46.5,46,47,46.5,50.3,50.5,52,0.0,0.0,48.2,47.5,50.0,50.0,55.1,55.0,10.7,10.5,14,2.4,4
1.0,0.05,1.0,South Dakota,46.5,46,47,46.5,48.5,48.0,51,0.0,0.0,48.0,47.5,49.0,49.0,53.3,55.0,8.4,8.5,12,2.4,4
0.5,0.05,0.5,South Dakota,46.5,46,47,46.5,34.1,34.0,36,0.0,0.0,47.9,47.5,49.9,50.0,54.3,55.0,6.8,6.0,10,2.5,3
2.0,0.1,2.0,South Dakota,46.5,46,47,46.5,50.4,51.0,53,0.0,0.0,47.4,47.5,48.7,49.0,51.0,51.0,10.5,10.0,15,3.0,5
2.0,0.1,1.0,South Dakota,46.5,46,47,46.5,50.0,50.0,52,0.0,0.0,47.7,47.5,49.2,50.0,51.8,55.0,11.8,12.5,14,3.2,5
0.5,0.05,2.0,South Dakota,46.6,46,47,47.0,48.9,49.0,51,0.0,0.0,47.8,48.0,49.0,50.0,52.8,55.0,10.1,11.0,13,2.1,4
0.5,0.1,1.0,New York,46.6,39,49,48.0,11.0,11.5,12,1.4,5.0,55.5,60.0,61.5,63.0,28.0,28.0,164.7,167.5,173,35.5,38
1.0,0.05,2.0,North Dakota,46.7,43,65,43.0,17.2,17.0,19,0.2,1.0,58.5,58.0,66.1,65.0,57.8,28.0,9.7,9.5,12,4.5,8
1.0,0.1,2.0,Florida,46.7,44,47,47.0,11.2,11.5,15,0.0,0.0,53.8,54.5,58.5,56.5,28.0,28.0,41.2,42.5,45,24.7,28
2.0,0.05,2.0,Florida,46.7,35,55,47.0,10.1,10.0,17,0.1,1.0,57.3,54.0,70.0,68.5,28.0,28.0,47.6,46.5,57,25.9,31
0.5,0.05,1.0,South Dakota,46.8,46,47,47.0,42.4,42.0,46,0.0,0.0,48.8,49.0,49.6,50.0,54.4,55.0,6.8,7.0,9,2.2,5
2.0,0.05,1.0,Oklahoma,46.9,43,51,46.5,40.5,41.0,44,0.0,0.0,53.1,51.0,56.6,59.0,76.7,71.0,9.0,9.0,13,5.7,9
0.5,0.25,2.0,Pennsylvania,46.9,36,58,51.5,46.7,47.0,49,0.0,0.0,52.5,55.5,56.2,59.0,63.5,72.0,26.9,26.5,32,10.4,13
0.5,0.25,2.0,New York,46.9,39,60,48.0,13.8,13.0,16,0.5,2.0,50.4,49.0,57.6,60.0,28.0,28.0,199.9,198.5,217,36.4,38
0.5,0.05,0.5,Oklahoma,47.0,43,51,47.0,17.4,17.5,20,0.0,0.0,52.6,51.0,57.4,59.0,41.6,28.0,3.5,3.5,5,1.7,3
0.5,0.1,2.0,Illinois,47.0,47,47,47.0,58.4,58.5,60,0.0,0.0,49.3,48.0,53.6,53.0,76.5,65.0,11.3,11.0,15,5.3,9
1.0,0.1,0.5,Illinois,47.0,47,47,47.0,55.6,55.0,58,0.0,0.0,48.0,48.0,51.4,51.0,28.0,28.0,9.9,9.0,14,5.4,8
1.0,0.25,0.5,Illinois,47.0,47,47,47.0,59.9,60.0,63,0.0,0.0,48.0,48.0,50.8,51.0,34.6,28.0,12.4,12.0,18,5.7,8
0.5,0.25,1.0,Illinois,47.0,47,47,47.0,57.2,58.0,59,0.0,0.0,48.0,48.0,50.6,51.0,55.6,58.0,9.0,9.0,12,5.8,9
0.5,0.1,1.0,Illinois,47.0,47,47,47.0,52.2,53.0,56,0.0,0.0,48.6,48.0,52.1,51.0,65.2,64.0,8.6,9.0,13,6.0,8
1.0,0.1,1.0,Illinois,47.0,47,47,47.0,59.1,59.5,63,0.0,0.0,48.0,48.0,51.4,51.0,62.9,64.0,12.4,12.0,17,6.1,10
0.5,0.25,2.0,Illinois,47.0,47,47,47.0,61.2,61.5,63,0.0,0.0,48.0,48.0,50.6,51.0,59.8,58.0,12.2,12.0,16,6.3,8
2.0,0.1,0.5,Illinois,47.0,47,47,47.0,59.5,59.5,62,0.0,0.0,49.2,48.0,53.4,55.0,50.4,58.0,16.1,16.0,20,6.6,9
2.0,0.25,0.5,Illinois,47.0,47,47,47.0,64.0,63.5,68,0.0,0.0,48.0,48.0,50.8,51.0,53.8,58.0,16.0,16.0,19,7.0,10
1.0,0.25,2.0,Illinois,47.0,47,47,47.0,65.3,65.5,67,0.0,0.0,48.0,48.0,50.6,51.0,44.2,43.0,14.9,15.0,17,7.4,9
2.0,0.25,1.0,Illinois,47.0,47,47,47.0,64.5,65.0,67,0.0,0.0,48.0,48.0,50.9,51.0,58.6,58.0,14.7,14.0,18,8.1,9
2.0,0.1,2.0,Illinois,47.0,47,47,47.0,62.5,62.5,66,0.0,0.0,48.0,48.0,51.0,51.0,63.6,61.0,14.1,14.5,20,8.5,12
2.0,0.25,2.0,Illinois,47.0,47,47,47.0,65.7,65.5,68,0.0,0.0,48.0,48.0,50.8,51.0,46.6,58.0,15.0,14.5,21,8.7,10
2.0,0.25,0.5,Indiana,47.0,47,47,47.0,57.6,57.5,61,0.0,0.0,58.5,58.0,63.5,64.0,65.2,65.0,20.3,20.0,26,12.6,15
0.5,0.1,0.5,Illinois,47.1,47,48,47.0,44.9,45.0,47,0.0,0.0,49.6,48.0,54.5,55.0,62.8,64.0,5.5,5.0,9,3.7,5
0.5,0.05,1.0,Illinois,47.1,47,48,47.0,47.9,47.0,53,0.0,0.0,50.6,51.0,56.5,55.0,69.2,65.0,7.7,7.5,11,5.8,8
1.0,0.1,2.0,Illinois,47.1,47,48,47.0,62.0,62.0,65,0.0,0.0,50.2,51.0,53.4,55.0,69.0,65.0,13.5,13.5,18,7.2,9
2.0,0.05,1.0,Illinois,47.1,47,48,47.0,58.1,58.0,63,0.0,0.0,52.3,51.0,59.5,58.0,77.7,76.0,15.6,15.5,19,7.6,12
1.0,0.1,1.0,Pennsylvania,47.1,36,58,51.5,45.4,46.0,48,0.0,0.0,54.1,55.5,58.3,59.0,59.2,70.0,25.3,25.5,30,9.5,13
1.0,0.05,1.0,Illinois,47.2,47,48,47.0,55.6,56.5,59,0.0,0.0,50.6,51.0,55.1,55.0,73.0,64.5,12.3,12.0,15,5.7,8
2.0,0.05,2.0,Illinois,47.2,47,48,47.0,59.9,60.0,62,0.0,0.0,50.2,51.0,56.4,55.0,86.7,82.5,15.7,15.0,19,7.4,10
2.0,0.1,1.0,Illinois,47.2,47,48,47.0,61.6,62.0,65,0.0,0.0,49.3,48.0,52.4,51.0,65.3,64.0,14.6,13.5,24,8.2,11
1.0,0.1,2.0,Pennsylvania,47.3,36,58,51.5,46.5,47.0,49,0.0,0.0,56.5,58.0,58.3,59.0,68.4,72.0,24.5,24.5,28,10.4,14
0.5,0.01,1.0,Minnesota,47.3,45,48,48.0,29.2,29.0,35,0.3,2.0,50.7,52.0,53.5,53.0,30.6,28.0,45.3,44.0,54,30.4,37
2.0,0.05,0.5,Illinois,47.4,47,51,47.0,55.5,56.5,60,0.0,0.0,51.0,49.5,55.8,55.0,66.8,64.5,15.6,16.0,21,7.5,13
0.5,0.05,0.5,Florida,47.4,35,55,47.0,10.7,10.0,17,0.0,0.0,56.9,55.0,72.0,78.0,32.1,28.0,16.9,17.5,20,15.4,20
0.5,0.01,2.0,New Mexico,47.5,35,69,47.0,11.7,12.0,13,0.2,1.0,56.9,60.0,74.0,73.5,28.0,28.0,31.1,27.5,48,4.1,7
1.0,0.05,2.0,Florida,47.5,44,55,47.0,11.4,11.5,16,0.0,0.0,56.4,55.0,68.8,67.5,28.0,28.0,40.5,40.0,46,24.3,29
2.0,0.1,2.0,New York,47.5,39,49,48.0,11.3,11.0,14,0.8,4.0,54.4,54.5,61.9,65.0,28.0,28.0,175.1,176.0,194,38.6,42
0.5,0.1,2.0,Vermont,47.6,44,80,44.0,11.3,11.0,12,0.0,0.0,60.6,55.0,66.5,59.0,75.2,77.0,8.2,8.0,11,2.6,4
2.0,0.25,1.0,Kentucky,47.6,42,55,47.0,41.6,41.5,45,0.0,0.0,54.9,55.0,58.9,58.0,50.1,59.5,38.7,39.0,44,22.7,26
1.0,0.05,0.5,Oklahoma,47.7,43,51,50.5,31.4,32.0,34,0.0,0.0,52.4,51.0,56.3,59.0,71.4,71.0,5.5,6.0,8,2.2,3
0.5,0.01,1.0,Arizona,47.7,36,81,41.0,6.1,6.5,8,0.1,1.0,58.0,43.0,82.8,73.0,52.3,28.0,9.5,10.0,12,4.2,7
1.0,0.05,2.0,Oklahoma,47.7,43,51,50.5,38.7,38.5,40,0.0,0.0,54.6,53.5,57.4,59.0,71.7,71.0,8.6,8.5,11,6.0,8
2.0,0.1,2.0,Pennsylvania,47.7,36,58,51.5,46.0,46.0,49,0.0,0.0,56.0,58.5,58.3,59.0,71.3,72.0,23.7,23.0,28,10.3,14
0.5,0.1,1.0,Pennsylvania,47.7,36,58,51.5,43.3,43.5,47,0.0,0.0,56.6,58.5,58.2,59.0,66.6,76.5,25.4,25.5,30,10.5,14
1.0,0.1,2.0,Vermont,47.8,44,64,44.0,11.2,11.0,12,0.1,1.0,61.5,55.0,69.7,59.0,75.2,77.0,9.4,9.5,12,2.8,4
1.0,0.1,1.0,Oklahoma,47.8,43,51,51.0,39.4,39.5,41,0.0,0.0,53.7,51.0,56.7,59.0,73.5,71.0,7.9,8.0,9,5.2,6
2.0,0.25,1.0,Nebraska,47.8,47,51,47.0,47.5,48.0,49,0.0,0.0,48.6,48.0,51.7,51.0,59.7,60.0,6.1,6.0,7,6.6,8
2.0,0.1,1.0,New York,47.8,39,49,49.0,11.6,11.5,14,1.2,5.0,57.8,60.0,64.0,65.0,28.0,28.0,176.4,175.0,184,38.1,41
0.5,0.05,0.5,Illinois,47.9,47,55,47.0,42.8,44.0,46,0.0,0.0,52.8,55.0,61.0,63.0,87.3,69.5,5.9,6.5,7,3.0,5
2.0,0.01,1.0,Minnesota,47.9,47,48,48.0,35.1,35.0,41,0.2,1.0,52.2,52.0,58.9,57.0,28.0,28.0,54.7,54.5,66,33.1,42
1.0,0.1,0.5,New York,47.9,43,49,48.0,11.8,12.0,14,0.6,2.0,53.8,49.0,61.4,62.5,28.0,28.0,174.1,175.0,198,35.7,38
1.0,0.1,2.0,New York,47.9,43,49,48.0,11.6,12.0,16,0.7,3.0,56.5,60.0,63.7,65.0,28.0,28.0,181.9,180.0,198,38.4,43
0.5,0.1,2.0,New York,48.0,39,60,48.0,11.5,11.5,14,0.6,2.0,52.7,49.0,62.0,60.0,28.0,28.0,187.1,183.0,204,38.5,41
0.5,0.1,1.0,Vermont,48.2,44,64,44.0,10.4,10.5,12,0.0,0.0,59.7,57.0,69.2,61.5,87.3,86.0,7.4,7.5,9,3.2,5
1.0,0.25,1.0,Nebraska,48.2,47,51,47.0,44.5,45.0,49,0.0,0.0,48.9,48.0,52.1,51.0,59.7,60.0,5.4,5.0,7,4.1,5
1.0,0.05,0.5,Illinois,48.2,47,55,47.0,50.2,49.5,55,0.0,0.0,52.6,51.0,57.4,55.0,41.5,28.0,10.9,11.0,14,4.7,8
2.0,0.05,1.0,Florida,48.2,47,59,47.0,11.5,11.5,15,1.0,10.0,59.6,55.0,74.8,78.0,28.0,28.0,44.2,44.5,53,24.1,27
1.0,0.25,1.0,Kentucky,48.3,42,55,49.0,40.0,40.0,42,0.0,0.0,55.2,55.0,58.9,61.0,47.4,56.0,34.4,33.5,40,21.4,24
1.0,0.05,0.5,Florida,48.3,44,55,47.0,11.4,10.5,16,0.0,0.0,60.0,55.0,74.2,78.0,28.0,28.0,28.8,28.0,35,22.6,26
0.5,0.1,2.0,Oklahoma,48.6,43,51,51.0,40.5,40.5,43,0.0,0.0,54.0,51.0,56.2,59.0,69.2,71.0,4.6,4.5,8,3.1,4
1.0,0.01,2.0,Wisconsin,48.6,41,66,46.0,39.1,38.5,44,0.1,1.0,60.8,60.0,65.1,69.0,28.0,28.0,63.8,64.5,68,19.8,24
2.0,0.1,1.0,Pennsylvania,48.7,36,58,54.5,45.6,45.5,47,0.1,1.0,57.3,58.5,59.0,59.0,72.2,72.0,23.0,23.0,27,11.1,14
ALL,ALL,ALL,South Dakota,48.84722222222222,46,84,46.0,45.361111111111114,48.0,53,0.0,0.0,51.53888888888889,47.0,53.18055555555556,48.0,57.875,47.0,9.936111111111112,10.0,19,2.797222222222222,6
0.5,0.01,1.0,Wyoming,48.9,33,104,33.0,6.1,6.0,8,0.0,0.0,97.3,86.0,113.1,104.0,111.5,117.0,1.5,1.5,2,0.0,0
0.5,0.05,2.0,Illinois,48.9,47,58,47.0,54.9,55.0,59,0.0,0.0,54.2,53.0,59.8,59.0,90.5,86.0,11.4,12.0,15,5.2,7
2.0,0.1,0.5,Pennsylvania,49.0,36,58,52.0,47.0,46.0,52,0.0,0.0,56.0,59.0,58.9,59.0,75.0,84.5,23.0,22.5,29,9.1,12
0.5,0.25,1.0,Kentucky,49.1,42,55,47.0,34.5,36.0,39,0.0,0.0,56.2,55.0,59.8,61.0,50.5,56.0,24.5,25.0,29,19.5,23
2.0,0.01,2.0,New Mexico,49.2,35,69,54.0,13.0,13.0,15,0.5,2.0,71.5,72.0,85.4,85.0,28.0,28.0,34.5,33.5,48,3.9,6
1.0,0.1,2.0,Oklahoma,49.2,43,51,51.0,41.8,42.0,45,0.0,0.0,54.2,51.0,56.6,59.0,71.0,71.0,8.9,9.0,11,5.9,8
2.0,0.25,0.5,Kentucky,49.2,42,55,49.0,41.4,42.0,43,0.0,0.0,55.9,55.0,59.8,61.0,48.7,56.0,33.6,33.5,39,20.8,24
0.5,0.05,1.0,Oklahoma,49.3,43,51,51.0,26.8,27.0,30,0.0,0.0,56.2,59.0,58.2,59.0,66.8,71.0,4.0,4.5,5,1.8,3
1.0,0.25,1.0,Indiana,49.3,47,64,47.0,56.5,57.0,61,0.0,0.0,59.2,58.0,63.5,64.0,66.4,65.0,18.5,19.0,21,13.6,20
0.5,0.25,0.5,Nebraska,49.4,47,51,51.0,33.5,33.5,35,0.0,0.0,49.8,51.0,53.2,54.0,59.7,60.0,5.3,5.5,7,1.8,2
1.0,0.25,0.5,Nebraska,49.4,47,51,51.0,39.3,39.0,42,0.0,0.0,49.8,51.0,53.0,54.0,59.1,60.0,5.0,5.0,7,3.1,5
2.0,0.25,2.0,Nebraska,49.4,47,51,51.0,49.8,50.0,52,0.0,0.0,49.8,51.0,53.1,54.0,59.0,60.0,6.1,6.0,8,5.6,7
2.0,0.1,0.5,New York,49.4,39,60,48.0,12.1,12.5,15,0.8,2.0,55.8,54.5,61.4,62.5,28.0,28.0,179.7,181.5,195,37.8,42
1.0,0.05,2.0,Illinois,49.5,47,63,47.0,58.2,58.0,61,0.0,0.0,53.6,51.0,58.2,55.0,69.1,70.5,14.9,15.5,18,6.8,10
2.0,0.25,2.0,Kentucky,49.6,42,55,49.0,45.1,44.5,50,0.0,0.0,57.1,55.0,60.1,61.0,43.1,28.0,39.9,39.5,45,19.8,25
ALL,ALL,ALL,Oklahoma,49.76111111111111,43,85,50.0,33.205555555555556,37.0,48,0.0,0.0,57.825,51.0,63.108333333333334,59.0,58.080779944289695,71.0,7.175,7.0,15,3.7055555555555557,10
1.0,0.05,0.5,Nebraska,49.8,47,51,51.0,34.2,34.0,37,0.0,0.0,52.1,53.0,54.4,55.0,68.11111111111111,61.0,3.1,3.5,5,1.1,2
0.5,0.05,1.0,Nebraska,49.8,47,51,51.0,32.5,33.0,35,0.0,0.0,51.3,51.0,53.6,54.5,60.0,60.0,4.1,4.0,7,1.3,2
0.5,0.1,0.5,Nebraska,49.8,47,51,51.0,31.5,32.0,34,0.0,0.0,50.9,51.0,53.7,55.0,58.6,58.5,4.6,5.0,6,1.3,2
0.5,0.25,2.0,Nebraska,49.8,47,51,51.0,43.2,43.0,46,0.0,0.0,50.1,51.0,53.5,54.0,59.7,60.0,5.1,5.0,7,2.4,4
1.0,0.1,1.0,Nebraska,49.8,47,51,51.0,42.3,43.0,45,0.0,0.0,50.9,51.0,53.7,55.0,58.6,58.5,6.3,6.5,8,2.9,5
1.0,0.25,2.0,Nebraska,49.8,47,51,51.0,50.7,50.0,53,0.0,0.0,50.4,51.0,53.7,55.0,58.6,58.5,6.0,6.5,8,4.6,6
2.0,0.25,0.5,Nebraska,49.8,47,51,51.0,46.8,47.0,49,0.0,0.0,50.1,51.0,53.4,54.0,59.7,60.0,6.2,6.0,8,4.7,6
0.5,0.1,2.0,Pennsylvania,49.8,36,58,52.0,45.1,45.5,49,0.0,0.0,58.1,59.0,58.5,59.0,73.2,72.0,24.4,24.5,29,10.4,14
1.0,0.01,0.5,Wisconsin,49.8,41,65,48.0,38.8,39.0,43,0.3,1.0,56.5,58.0,64.6,65.0,28.0,28.0,57.0,58.0,66,18.9,24
0.5,0.25,1.0,Indiana,49.9,47,64,47.0,52.4,53.0,54,0.0,0.0,61.5,62.5,65.7,65.5,65.6,65.0,20.7,21.0,23,10.7,14
2.0,0.05,2.0,Oklahoma,50.1,43,51,51.0,40.9,41.0,43,0.0,0.0,56.6,59.0,59.6,59.0,36.6,28.0,11.4,11.0,15,7.7,10
0.5,0.1,1.0,Nebraska,50.2,47,51,51.0,35.7,36.0,37,0.0,0.0,50.7,51.0,53.9,54.5,61.1,60.0,4.7,5.0,7,1.5,2
0.5,0.25,1.0,Nebraska,50.2,47,51,51.0,37.3,37.5,40,0.0,0.0,50.4,51.0,54.0,55.0,59.1,60.0,5.1,5.0,6,2.2,3
1.0,0.1,2.0,Nebraska,50.2,47,51,51.0,47.6,47.5,50,0.0,0.0,51.6,51.0,54.1,55.0,58.8,60.0,7.0,6.5,10,4.1,7
2.0,0.05,1.0,Nebraska,50.2,47,51,51.0,45.1,45.0,48,0.0,0.0,52.4,53.0,54.8,55.0,74.1,60.0,6.1,6.0,9,4.4,6
2.0,0.05,2.0,Nebraska,50.2,47,51,51.0,46.7,47.5,48,0.0,0.0,53.2,55.0,54.2,55.0,64.6,60.0,6.5,7.0,10,4.5,7
2.0,0.1,2.0,Nebraska,50.2,47,51,51.0,48.4,48.0,50,0.0,0.0,51.5,51.0,54.1,55.0,60.2,58.5,6.3,6.0,9,4.9,7
1.0,0.1,0.5,Pennsylvania,50.2,36,58,51.5,44.6,44.5,48,0.0,0.0,57.0,58.5,59.0,59.0,75.2,82.0,23.2,22.0,29,9.1,12
0.5,0.1,0.5,Pennsylvania,50.2,38,58,52.0,43.1,43.0,46,0.0,0.0,57.1,59.0,59.0,59.0,71.6,72.0,18.8,19.0,24,9.2,13
0.5,0.25,2.0,Kentucky,50.2,42,55,52.0,41.0,40.5,46,0.0,0.0,57.0,58.0,59.8,61.0,45.3,42.0,32.1,32.0,39,19.1,22
0.5,0.01,0.5,South Dakota,50.3,47,58,47.0,28.3,28.0,32,0.0,0.0,59.9,58.0,62.1,63.0,98.0,87.0,3.1,3.0,4,1.6,3
0.5,0.01,1.0,Wisconsin,50.4,46,70,47.0,37.7,37.5,42,0.1,1.0,57.6,58.0,62.1,64.0,28.0,28.0,51.0,53.0,58,19.4,25
0.5,0.05,0.5,Nebraska,50.6,47,51,51.0,27.2,27.0,30,0.0,0.0,52.5,52.5,54.8,55.0,58.44444444444444,57.0,3.7777777777777777,4.0,5,0.8,2
0.5,0.1,2.0,Nebraska,50.6,47,51,51.0,41.1,40.5,44,0.0,0.0,51.8,51.0,54.5,55.0,58.5,58.5,5.3,5.5,7,2.2,5
2.0,0.1,0.5,Nebraska,50.6,47,55,51.0,43.9,43.5,48,0.0,0.0,51.1,51.0,54.7,55.0,62.0,60.0,5.2,5.0,8,4.1,6
2.0,0.1,1.0,Nebraska,50.6,47,51,51.0,47.3,47.0,50,0.0,0.0,51.8,51.0,54.6,55.0,61.7,60.0,6.2,6.0,8,4.2,6
0.5,0.01,1.0,South Dakota,50.7,47,73,47.0,34.5,34.5,38,0.0,0.0,59.7,58.0,62.1,62.5,80.1,84.5,5.1,5.5,8,2.0,4
1.0,0.25,1.0,Georgia,50.7,36,65,50.5,51.9,52.0,53,0.4,1.0,65.3,65.5,69.2,67.0,69.3,68.5,6.6,6.0,9,5.5,7
2.0,0.01,0.5,Wisconsin,50.7,41,72,46.0,39.2,39.0,42,0.1,1.0,59.9,58.0,64.6,66.5,28.0,28.0,63.0,64.0,72,20.6,24
2.0,0.05,0.5,New York,50.7,48,60,48.5,10.3,10.5,13,0.6,2.0,58.7,60.0,65.9,65.0,31.6,28.0,171.8,172.0,194,38.1,41
0.5,0.01,0.5,Missouri,50.8,38,96,38.0,19.5,19.0,26,0.0,0.0,78.1,92.5,95.5,96.0,106.875,55.0,2.0,2.0,5,0.7,2
0.5,0.01,0.5,Wisconsin,50.8,46,65,46.0,33.1,33.0,37,0.2,2.0,57.7,58.5,63.8,64.5,35.1,28.0,37.7,36.5,48,22.3,27
2.0,0.25,2.0,Indiana,50.9,47,64,48.5,59.6,58.5,66,0.0,0.0,60.6,60.0,64.4,64.0,63.8,65.0,19.7,19.5,24,14.2,18
0.5,0.05,2.0,Nebraska,51.0,51,51,51.0,37.1,37.0,41,0.0,0.0,52.5,51.0,55.3,55.0,61.22222222222222,60.0,3.8,4.0,6,1.3,2
1.0,0.05,1.0,Nebraska,51.0,51,51,51.0,40.7,41.0,44,0.0,0.0,52.6,51.0,54.7,55.0,60.0,60.0,5.0,5.0,8,1.5,3
1.0,0.1,0.5,Nebraska,51.0,51,51,51.0,36.2,36.0,37,0.0,0.0,52.0,51.0,54.8,55.0,60.3,60.0,4.3,4.5,6,1.9,4
2.0,0.05,0.5,Nebraska,51.0,47,55,51.0,43.0,42.0,46,0.0,0.0,53.0,53.0,55.1,55.0,78.4,61.0,5.5,5.5,9,3.4,5
1.0,0.05,2.0,Nebraska,51.0,47,55,51.0,45.3,45.0,49,0.0,0.0,53.8,55.0,55.3,55.0,85.8,60.5,5.5,5.5,9,3.6,5
2.0,0.1,0.5,Vermont,51.1,44,85,44.0,12.3,12.0,14,0.0,0.0,70.7,69.0,77.2,81.0,89.4,95.5,7.9,8.0,9,1.7,2
0.5,0.01,2.0,Wisconsin,51.1,46,65,48.0,40.2,40.5,46,0.1,1.0,62.6,65.5,67.8,71.5,28.0,28.0,64.1,63.5,73,18.6,23
1.0,0.01,1.0,Wisconsin,51.1,40,78,46.0,39.2,38.0,44,0.2,1.0,58.2,53.0,62.0,58.0,28.0,28.0,64.8,67.5,72,19.9,25
0.5,0.05,1.0,Pennsylvania,51.2,36,58,58.0,40.8,41.0,44,0.0,0.0,56.1,59.0,58.9,59.0,60.7,71.0,23.4,23.5,29,10.2,13
2.0,0.01,1.0,Wisconsin,51.2,46,63,47.0,40.2,40.0,48,0.1,1.0,60.0,61.0,66.7,66.0,28.0,28.0,61.6,63.0,71,19.6,25
1.0,0.01,1.0,Arizona,51.3,36,98,41.0,6.5,6.5,8,0.0,0.0,60.8,45.0,82.7,80.0,35.2,28.0,14.3,14.0,17,4.2,6
0.5,0.25,0.5,Indiana,51.3,47,64,48.5,45.0,45.0,48,0.0,0.0,63.7,64.0,66.7,66.0,68.0,65.0,17.6,18.0,22,10.4,12
1.0,0.25,0.5,Indiana,51.3,47,61,47.0,55.0,54.5,59,0.0,0.0,61.4,61.0,65.0,64.0,66.0,65.0,18.1,18.5,21,11.9,15
0.5,0.25,2.0,Indiana,51.3,47,60,50.0,56.1,56.0,61,0.0,0.0,61.6,64.0,65.5,66.0,65.6,65.0,19.6,19.0,24,12.6,17
1.0,0.25,1.0,Oregon,51.4,49,53,53.0,13.7,14.0,16,0.0,0.0,54.4,54.0,61.6,62.0,93.4,102.0,4.0,4.0,6,7.5,9
2.0,0.25,1.0,Oregon,51.4,49,53,53.0,13.4,13.0,16,0.0,0.0,55.2,54.0,63.4,62.0,101.4,104.0,3.3,4.0,5,8.0,9
1.0,0.1,2.0,Kentucky,51.4,45,55,55.0,42.4,42.0,46,0.0,0.0,58.6,61.0,62.3,61.0,78.4,86.5,30.6,31.0,33,18.9,25
2.0,0.05,2.0,Pennsylvania,51.6,36,58,58.0,45.3,46.0,48,0.0,0.0,58.7,59.0,59.0,59.0,77.5,72.0,24.4,22.0,30,9.9,12
ALL,ALL,ALL,North Dakota,51.84722222222222,43,102,43.0,15.45,16.0,21,0.3611111111111111,1.0,64.55833333333334,58.0,73.80833333333334,65.0,62.445378151260506,28.0,8.713091922005571,9.0,18,4.2027777777777775,9
ALL,ALL,ALL,Washington,51.84722222222222,42,150,42.0,7.666666666666667,8.0,13,0.6111111111111112,15.0,59.09166666666667,48.0,71.43888888888888,51.0,34.51111111111111,28.0,14.019444444444444,14.0,22,16.230555555555554,20
0.5,0.05,0.5,North Dakota,51.9,43,65,50.5,11.6,12.0,13,0.1,1.0,62.3,65.0,69.1,69.0,73.4,63.0,3.4,3.0,7,1.4,3
1.0,0.01,1.0,Missouri,51.9,38,96,38.0,44.9,46.0,51,0.0,0.0,74.3,76.0,93.3,96.0,80.3,41.5,5.6,6.0,11,2.1,4
2.0,0.05,1.0,Pennsylvania,51.9,36,59,58.0,45.5,46.0,49,0.0,0.0,58.7,59.0,59.5,59.0,67.4,72.0,24.4,25.0,29,10.6,16
1.0,0.25,2.0,Indiana,51.9,47,61,50.0,59.1,60.0,61,0.0,0.0,59.5,60.0,63.5,64.0,63.8,65.0,21.3,21.0,27,14.0,17
0.5,0.01,1.0,Iowa,51.9,48,58,53.5,27.9,28.0,31,0.4,2.0,56.1,54.0,58.1,55.5,50.9,55.0,82.8,81.5,92,42.8,46
0.5,0.25,0.5,Tennessee,52.0,52,52,52.0,28.6,29.0,30,0.0,0.0,85.8,87.0,87.4,87.0,101.8,94.0,12.2,13.0,15,3.7,6
0.5,0.25,1.0,Tennessee,52.0,52,52,52.0,38.6,38.5,42,0.0,0.0,86.0,87.0,87.0,87.0,93.9,104.5,16.9,16.5,21,5.1,7
1.0,0.25,0.5,Tennessee,52.0,52,52,52.0,40.9,41.0,44,0.0,0.0,86.9,87.0,87.7,87.0,77.0,91.0,19.8,20.0,24,6.2,7
1.0,0.25,1.0,Tennessee,52.0,52,52,52.0,46.1,46.0,50,0.0,0.0,86.0,87.0,88.0,87.0,101.2,104.5,23.2,23.0,27,7.9,11
2.0,0.25,2.0,Tennessee,52.0,52,52,52.0,48.5,49.0,51,0.0,0.0,84.0,87.0,87.0,87.0,99.7,94.0,27.5,27.0,32,8.3,10
0.5,0.25,2.0,Tennessee,52.0,52,52,52.0,43.5,44.0,45,0.0,0.0,85.8,87.0,87.0,87.0,102.6,94.0,21.4,21.0,26,8.6,12
2.0,0.25,1.0,Indiana,52.0,47,64,47.0,58.7,58.5,61,0.0,0.0,61.2,60.0,64.5,62.5,64.2,65.0,20.3,21.0,22,14.3,19
ALL,ALL,ALL,Pennsylvania,52.15833333333333,36,106,58.0,43.42777777777778,44.5,52,0.019444444444444445,1.0,61.86388888888889,59.0,67.56944444444444,59.0,77.36111111111111,72.0,22.147222222222222,23.0,33,9.38888888888889,16
1.0,0.01,0.5,South Dakota,52.2,47,73,47.0,38.0,38.5,42,0.0,0.0,62.4,58.0,65.5,62.5,67.6,73.5,5.2,5.0,9,0.8,2
0.5,0.25,0.5,Oregon,52.2,49,53,53.0,10.6,11.0,12,0.0,0.0,54.6,54.0,62.2,62.0,102.8,103.0,2.0,2.0,4,1.7,6
0.5,0.25,1.0,Oregon,52.2,49,53,53.0,11.8,12.0,13,0.0,0.0,55.4,54.0,62.5,62.0,91.6,102.0,4.0,4.5,6,3.2,6
1.0,0.25,0.5,Oregon,52.2,49,53,53.0,11.9,12.0,13,0.0,0.0,54.6,54.0,60.7,62.0,95.6,104.0,2.5,2.0,5,5.9,8
1.0,0.25,2.0,Oregon,52.2,49,53,53.0,14.2,14.5,16,0.0,0.0,54.6,54.0,61.4,62.0,103.0,104.0,3.2,3.0,4,7.2,9
2.0,0.25,0.5,Oregon,52.2,49,53,53.0,14.1,14.0,16,0.0,0.0,55.4,54.0,60.2,58.0,94.0,104.0,3.6,4.0,5,7.3,9
2.0,0.01,1.0,Iowa,52.2,45,72,51.0,29.7,29.5,33,0.3,1.0,57.2,55.5,64.5,58.5,48.4,55.0,104.4,104.0,119,51.4,58
0.5,0.25,0.5,Kentucky,52.4,45,55,55.0,31.6,32.5,35,0.0,0.0,57.8,58.0,61.0,61.0,58.4,69.0,20.8,20.0,27,16.6,18
0.5,0.25,2.0,Oregon,52.6,49,53,53.0,13.2,13.0,16,0.0,0.0,54.7,54.0,60.7,62.0,82.6,103.0,3.5,3.0,6,7.6,9
0.5,0.05,1.0,New York,52.6,39,65,49.0,10.5,10.5,13,0.6,2.0,62.7,60.0,67.9,65.0,28.0,28.0,157.6,158.0,172,35.0,38
0.5,0.1,1.0,Oregon,52.7,49,54,53.0,10.9,11.0,12,0.0,0.0,57.1,54.0,68.4,62.0,97.0,102.0,4.2,4.0,6,5.0,6
1.0,0.1,1.0,Oregon,52.7,49,62,53.0,12.9,13.0,15,0.0,0.0,60.6,62.0,73.2,81.0,107.0,104.0,3.4,3.0,6,7.6,8
0.5,0.05,0.5,Pennsylvania,52.7,36,59,58.0,40.0,40.5,42,0.1,1.0,59.4,59.0,61.9,59.0,79.8,87.0,19.3,19.0,24,10.2,12
0.5,0.1,2.0,Indiana,52.7,47,64,48.5,51.8,51.5,57,0.0,0.0,63.9,64.0,68.5,70.0,67.0,65.0,17.6,16.5,21,11.5,14
2.0,0.1,2.0,Kentucky,52.7,42,55,55.0,41.7,43.0,46,0.0,0.0,59.2,61.0,60.6,61.0,66.5,86.5,33.7,34.5,41,19.9,28
0.5,0.01,1.0,California,52.7,33,92,33.0,3.2,3.0,5,17.0,28.0,96.77777777777777,98.0,161.0,121.0,28.0,28.0,55.5,60.0,72,28.9,31
1.0,0.01,0.5,Iowa,52.7,45,72,51.0,27.2,27.0,33,0.8,4.0,57.8,54.0,62.7,55.5,58.3,55.5,88.5,89.5,94,47.1,50
1.0,0.25,2.0,Kentucky,52.8,45,55,55.0,41.7,42.0,44,0.0,0.0,58.0,59.5,60.4,61.0,41.2,28.0,38.1,40.5,43,22.2,28
2.0,0.25,2.0,Georgia,52.9,36,66,63.0,55.7,56.0,57,0.1,1.0,58.5,65.0,68.5,66.0,72.1,95.0,7.7,7.0,10,8.2,10
2.0,0.25,0.5,Georgia,53.0,36,65,63.0,51.7,51.5,55,0.2,1.0,60.5,65.0,68.1,66.0,71.4,86.0,7.2,7.0,10,8.0,10
1.0,0.1,1.0,Kentucky,53.0,45,61,55.0,39.2,39.5,41,0.0,0.0,58.9,61.0,62.4,61.0,69.9,72.0,25.6,25.5,31,17.9,23
0.5,0.01,0.5,Iowa,53.0,45,54,54.0,21.6,22.0,27,0.0,0.0,53.4,54.0,58.7,57.0,47.3,55.0,82.0,83.0,88,40.3,46
ALL,ALL,ALL,Illinois,53.05,40,115,47.0,52.919444444444444,56.0,68,0.005555555555555556,1.0,57.38055555555555,48.0,62.202777777777776,55.0,61.486111111111114,58.0,12.927777777777777,13.0,27,6.225,15
2.0,0.01,0.5,Arizona,53.1,36,98,45.0,6.6,6.5,9,0.3,1.0,68.4,65.0,90.9,84.5,28.0,28.0,15.1,15.0,21,4.3,6
1.0,0.05,2.0,Pennsylvania,53.1,36,58,58.0,45.6,45.0,49,0.0,0.0,58.1,59.0,60.7,59.0,72.3,72.0,23.6,23.5,29,10.2,15
1.0,0.05,0.5,Pennsylvania,53.2,36,58,58.0,42.5,43.0,44,0.0,0.0,56.8,59.0,58.9,59.0,76.0,87.0,21.9,21.0,28,9.1,12
ALL,ALL,ALL,Florida,53.31666666666667,35,100,47.0,10.76388888888889,11.0,18,0.34444444444444444,10.0,66.14444444444445,55.0,78.775,59.0,32.36666666666667,28.0,31.994444444444444,33.0,57,22.522222222222222,31
0.5,0.1,1.0,Kentucky,53.4,45,61,55.0,33.7,34.0,38,0.0,0.0,58.9,61.0,62.6,61.0,54.2,56.0,20.6,20.0,24,14.6,17
1.0,0.25,0.5,Kentucky,53.4,45,55,55.0,37.8,38.5,42,0.0,0.0,58.9,59.5,61.0,61.0,50.7,42.0,27.5,28.5,29,17.7,22
2.0,0.1,1.0,Kentucky,53.4,45,55,55.0,39.2,40.0,43,0.0,0.0,59.5,61.0,61.0,61.0,62.0,69.0,33.6,33.0,39,20.9,24
2.0,0.25,2.0,Oregon,53.5,49,62,53.0,14.3,14.5,16,0.0,0.0,60.5,62.0,71.2,73.0,107.2,122.0,3.1,3.0,5,7.3,9
ALL,ALL,ALL,Nebraska,53.625,47,95,51.0,38.28055555555556,39.0,53,0.0,0.0,56.06944444444444,51.0,59.44444444444444,55.0,86.55489614243324,60.0,4.551136363636363,5.0,10,2.761111111111111,8
0.5,0.1,0.5,Oregon,53.7,49,62,53.0,9.9,10.0,11,0.0,0.0,60.5,62.0,73.0,81.0,103.2,104.0,2.5,2.5,4,1.9,5
1.0,0.25,1.0,Ohio,53.8,48,55,55.0,49.4,50.0,53,0.0,0.0,56.8,57.0,59.3,59.0,31.3,28.0,34.6,35.0,43,26.3,31
0.5,0.25,0.5,Ohio,53.8,48,55,55.0,41.9,41.0,47,0.2,2.0,57.5,58.0,61.5,59.0,45.7,28.0,30.2,30.0,34,27.9,30
0.5,0.01,2.0,Iowa,53.8,45,72,51.0,30.5,30.5,32,0.8,3.0,61.5,61.0,65.5,66.5,55.7,56.5,96.3,96.5,105,46.5,52
0.5,0.1,0.5,Georgia,53.9,36,66,63.0,25.9,26.0,28,0.3,1.0,70.7,66.0,82.5,87.0,86.0,98.0,2.7,2.0,5,3.3,5
1.0,0.1,0.5,Oregon,53.9,53,62,53.0,10.9,11.0,13,0.0,0.0,62.3,62.0,79.5,82.0,111.0,104.0,3.1,3.0,5,6.4,8
0.5,0.01,1.0,Michigan,53.9,38,77,50.0,30.5,30.5,35,0.1,1.0,77.4,77.0,79.7,77.0,84.1,87.0,14.9,15.0,22,10.1,14
2.0,0.1,1.0,Indiana,53.9,47,64,50.0,57.0,57.5,59,0.0,0.0,65.5,64.0,69.2,70.0,70.0,65.0,15.9,16.0,19,12.0,15
2.0,0.1,0.5,Oregon,54.0,53,62,53.0,13.0,13.0,15,0.0,0.0,61.5,62.0,76.5,80.0,105.2,113.0,3.0,3.0,5,7.0,8
0.5,0.25,1.0,Ohio,54.0,50,55,55.0,43.4,43.5,47,0.2,1.0,57.9,59.0,61.3,59.0,32.1,28.0,32.0,32.5,38,28.8,35
2.0,0.1,0.5,Georgia,54.1,36,66,64.0,47.6,47.0,52,0.3,1.0,73.3,66.0,78.8,78.0,87.1,96.5,5.0,5.0,7,9.0,11
0.5,0.05,2.0,New York,54.1,48,60,54.5,10.4,10.0,16,1.0,4.0,60.3,62.5,70.1,68.5,28.0,28.0,178.5,183.0,194,38.3,42
1.0,0.01,2.0,Iowa,54.1,45,78,51.0,30.5,30.0,35,1.0,3.0,58.9,54.0,63.1,57.5,58.1,55.5,103.6,103.5,112,50.9,55
2.0,0.1,1.0,Oregon,54.4,49,62,53.0,13.7,13.5,15,0.0,0.0,61.8,62.0,73.2,81.0,106.8,104.0,4.1,4.0,7,6.9,9
1.0,0.05,0.5,Kentucky,54.5,42,61,55.0,32.1,32.0,35,0.0,0.0,60.0,61.0,64.0,61.0,83.3,93.0,17.6,16.5,24,15.5,21
1.0,0.25,0.5,Ohio,54.5,50,55,55.0,45.9,46.0,53,0.1,1.0,57.7,58.0,60.6,59.0,37.2,28.0,34.6,34.0,38,27.9,34
2.0,0.25,2.0,Ohio,54.5,50,55,55.0,48.7,48.5,53,0.1,1.0,57.5,57.0,61.1,59.0,28.0,28.0,34.1,35.0,38,28.4,34
1.0,0.25,2.0,Ohio,54.5,50,55,55.0,47.6,48.5,51,0.1,1.0,57.7,58.0,61.2,59.0,32.1,28.0,36.2,34.5,45,29.4,37
2.0,0.05,2.0,Vermont,54.6,44,85,44.0,12.5,13.0,13,0.0,0.0,77.4,81.0,89.9,93.0,69.0,61.5,9.1,8.5,13,1.5,3
1.0,0.1,0.5,Kentucky,54.6,45,61,55.0,35.2,35.5,37,0.0,0.0,60.4,61.0,62.6,61.0,71.4,75.0,20.3,21.0,25,15.8,19
2.0,0.01,0.5,Iowa,54.6,44,72,54.0,31.5,32.0,37,1.3,3.0,61.0,57.5,64.1,60.0,54.5,57.0,102.6,103.0,109,49.1,52
0.5,0.05,0.5,New York,54.7,43,65,54.5,9.7,9.5,13,0.6,2.0,61.8,62.5,69.3,65.0,28.0,28.0,128.8,128.5,143,33.5,36
2.0,0.1,2.0,Oregon,54.8,53,62,53.0,13.3,14.0,14,0.0,0.0,62.7,62.0,75.2,81.0,108.8,104.0,3.1,3.0,5,7.2,8
2.0,0.05,0.5,Pennsylvania,54.8,38,58,58.0,45.5,46.0,48,0.0,0.0,58.3,59.0,59.0,59.0,83.3,86.5,25.4,26.0,33,9.5,14
0.5,0.1,2.0,Kentucky,54.9,45,61,55.0,40.4,41.0,44,0.1,1.0,59.2,61.0,64.2,61.0,60.8,66.0,26.9,27.5,33,16.1,21
1.0,0.25,0.5,Maryland,55.0,51,58,57.0,9.2,9.0,10,0.8,5.0,63.6,58.0,75.6,73.0,58.0,59.0,18.7,19.0,22,3.5,6
1.0,0.05,1.0,Pennsylvania,55.0,36,58,58.0,45.2,46.0,48,0.0,0.0,58.8,59.0,59.7,59.0,72.3,80.0,22.4,22.5,28,9.8,15
2.0,0.05,1.0,Kentucky,55.0,49,61,55.0,38.0,38.0,42,0.0,0.0,60.4,61.0,64.3,61.0,94.3,101.0,25.6,24.5,31,18.6,21
0.5,0.05,0.5,Ohio,55.0,55,55,55.0,37.3,37.5,42,0.0,0.0,63.1,59.0,68.7,69.0,55.5,71.5,22.4,20.5,31,25.0,31
0.5,0.1,1.0,Ohio,55.0,55,55,55.0,41.2,40.5,46,0.0,0.0,60.5,59.0,66.0,65.5,66.8,70.5,25.9,26.0,28,26.2,29
2.0,0.25,1.0,Ohio,55.0,55,55,55.0,50.3,50.0,55,0.0,0.0,57.0,57.0,58.8,59.0,31.4,28.0,34.6,33.5,39,26.4,31
0.5,0.1,0.5,Ohio,55.0,55,55,55.0,37.8,37.5,44,0.0,0.0,60.3,59.0,63.8,65.5,55.4,71.5,25.4,26.5,30,26.4,32
0.5,0.1,2.0,Ohio,55.0,55,55,55.0,45.8,45.0,52,0.0,0.0,61.2,59.0,66.2,65.5,46.5,28.0,29.9,30.5,39,26.5,31
1.0,0.1,0.5,Ohio,55.0,55,55,55.0,41.5,41.5,46,0.0,0.0,61.4,59.0,67.3,67.0,54.9,69.0,27.5,28.5,33,27.0,31
1.0,0.1,1.0,Ohio,55.0,55,55,55.0,44.8,45.5,51,0.0,0.0,61.0,59.0,66.7,68.0,58.9,72.0,29.1,28.5,34,27.7,34
0.5,0.25,2.0,Ohio,55.0,55,55,55.0,46.6,47.0,54,0.0,0.0,58.1,59.0,62.3,62.5,36.2,28.0,34.7,35.5,38,27.8,33
2.0,0.25,0.5,Ohio,55.0,55,55,55.0,46.3,46.0,51,0.0,0.0,59.2,59.0,63.1,65.0,39.6,28.0,36.4,36.0,41,29.2,32
2.0,0.1,0.5,Ohio,55.0,55,55,55.0,44.8,45.0,53,0.0,0.0,59.5,59.0,65.8,66.0,53.8,65.0,32.3,31.5,44,29.2,36
2.0,0.25,1.0,Connecticut,55.1,50,67,50.0,6.2,6.0,7,0.3,1.0,75.1,77.0,87.9,87.0,74.4,61.0,6.8,7.0,9,1.8,3
0.5,0.01,2.0,Arizona,55.2,36,103,42.0,6.8,6.0,9,1.1,7.0,85.1,66.5,109.1,86.0,36.5,28.0,12.8,13.0,14,4.0,7
1.0,0.05,1.0,Kentucky,55.2,45,61,55.0,35.7,36.5,38,0.0,0.0,61.2,61.0,66.3,61.0,83.1,93.0,17.3,17.0,26,18.2,22
1.0,0.05,2.0,New York,55.2,43,65,60.0,11.6,11.5,17,1.0,4.0,62.2,65.0,66.5,65.0,28.0,28.0,172.6,169.5,201,37.2,41
2.0,0.05,2.0,Oregon,55.4,49,62,53.0,12.4,12.0,14,0.0,0.0,68.4,62.0,83.9,83.0,111.2,104.0,3.5,3.0,5,6.7,8
2.0,0.25,1.0,Tennessee,55.4,52,86,52.0,48.4,48.0,51,0.0,0.0,87.0,87.0,87.0,87.0,104.4,104.0,25.9,25.5,30,7.9,10
2.0,0.05,0.5,Ohio,55.4,55,59,55.0,45.3,45.0,51,0.0,0.0,63.7,62.0,69.8,70.0,61.2,75.0,27.3,27.0,36,25.6,30
2.0,0.1,2.0,Ohio,55.4,55,59,55.0,47.5,48.5,51,0.0,0.0,60.7,59.0,66.0,67.0,46.7,28.0,29.1,29.5,33,28.3,38
2.0,0.1,1.0,Ohio,55.4,55,59,55.0,46.4,46.5,52,0.0,0.0,61.4,59.0,67.8,68.0,51.3,51.0,30.6,31.0,35,28.6,34
0.5,0.1,1.0,Tennessee,55.5,52,87,52.0,31.6,31.5,37,0.0,0.0,88.9,87.0,92.8,88.5,64.7,28.0,13.6,14.0,16,6.6,9
1.0,0.25,2.0,Tennessee,55.5,52,87,52.0,48.2,48.0,51,0.0,0.0,85.8,87.0,87.4,87.0,102.1,92.5,26.0,26.5,30,7.7,10
2.0,0.25,0.5,Tennessee,55.5,52,87,52.0,47.1,47.5,50,0.0,0.0,85.9,87.0,87.4,87.0,102.6,94.0,23.2,23.5,29,7.9,12
0.5,0.05,2.0,Pennsylvania,55.5,51,58,58.0,45.3,46.0,47,0.0,0.0,58.3,59.0,59.0,59.0,82.2,86.0,23.6,23.5,29,9.4,13
ALL,ALL,ALL,New York,55.55277777777778,39,144,49.0,10.905555555555555,11.0,17,0.7888888888888889,21.0,65.93888888888888,60.0,74.46944444444445,65.0,28.197222222222223,28.0,166.34444444444443,169.0,221,36.71111111111111,43
0.5,0.1,0.5,Kentucky,55.6,55,61,55.0,28.6,28.0,33,0.0,0.0,60.7,61.0,61.2,61.0,77.5,80.5,16.2,15.5,21,14.4,19
2.0,0.1,0.5,Kentucky,55.6,49,61,55.0,40.0,39.5,44,0.0,0.0,59.8,61.0,62.6,61.0,57.3,62.5,26.9,28.5,31,18.4,22
2.0,0.25,1.0,Maryland,55.7,51,58,57.5,10.8,10.5,12,1.2,5.0,64.8,59.5,73.9,76.0,59.0,59.0,19.1,19.0,23,3.6,6
0.5,0.25,2.0,Georgia,55.8,36,66,63.0,51.8,52.0,54,0.1,1.0,60.3,65.0,71.0,66.0,81.0,98.0,6.4,6.0,9,4.8,7
0.5,0.05,1.0,Oregon,55.8,53,62,53.0,9.6,10.0,11,0.0,0.0,65.6,62.0,77.5,82.0,108.6,104.0,3.7,3.5,7,5.5,7
0.5,0.1,0.5,Indiana,55.8,47,64,55.5,41.4,42.0,46,0.0,0.0,64.7,64.0,68.7,70.5,70.6,65.0,14.0,14.0,17,8.7,12
0.5,0.05,0.5,Kentucky,55.8,45,61,55.0,25.2,25.5,28,0.0,0.0,60.4,61.0,62.6,63.0,86.3,87.0,10.7,10.5,16,10.8,15
0.5,0.05,2.0,Ohio,55.8,55,59,55.0,44.3,43.5,50,0.0,0.0,67.9,70.0,70.9,71.0,56.6,75.0,25.5,25.5,29,25.8,29
1.0,0.05,0.5,New York,55.8,48,65,54.5,10.6,10.5,14,0.4,2.0,63.0,65.0,70.9,68.5,28.0,28.0,157.9,157.0,172,36.1,39
1.0,0.05,1.0,New York,55.8,43,65,60.0,11.0,10.5,14,0.7,2.0,63.8,65.0,71.5,68.5,28.0,28.0,173.2,172.5,187,37.9,40
2.0,0.05,2.0,New York,55.8,48,65,54.5,10.5,12.0,14,0.6,2.0,62.9,65.0,71.2,72.0,28.0,28.0,164.4,166.0,179,38.8,42
1.0,0.25,0.5,Georgia,55.9,36,65,63.0,46.0,46.0,49,0.2,1.0,63.1,65.0,67.0,66.0,77.6,95.0,5.8,5.5,8,4.2,6
2.0,0.05,1.0,Oregon,56.0,53,62,54.0,12.6,12.5,15,0.0,0.0,68.4,62.0,84.6,83.0,97.9,104.0,4.6,4.0,7,6.5,8
2.0,0.25,1.0,Virginia,56.0,49,59,59.0,33.1,32.5,35,0.0,0.0,65.0,63.0,86.8,89.0,79.5,82.0,16.3,17.5,20,6.6,8
1.0,0.1,1.0,Indiana,56.0,47,64,55.0,55.4,55.0,61,0.0,0.0,64.9,64.0,69.9,71.0,65.2,65.0,18.4,18.5,25,9.8,13
0.5,0.25,0.5,Georgia,56.1,36,66,63.0,31.2,31.0,33,0.1,1.0,61.6,65.0,70.6,66.0,77.8,98.0,4.1,3.5,9,3.1,4
1.0,0.1,2.0,Ohio,56.1,55,66,55.0,46.9,46.0,51,0.1,1.0,60.7,59.0,67.1,67.0,50.4,48.5,32.5,31.5,38,28.6,31
1.0,0.05,2.0,Oregon,56.2,53,84,53.0,12.5,12.0,14,0.0,0.0,64.4,62.0,84.4,83.0,109.2,104.0,3.9,4.0,5,7.1,8
0.5,0.05,2.0,Kentucky,56.2,55,61,55.0,36.8,36.5,44,0.0,0.0,61.0,61.0,65.6,61.0,80.3,87.0,18.4,18.5,21,15.8,20
1.0,0.01,1.0,Iowa,56.2,45,103,53.5,28.7,28.0,35,1.2,12.0,63.1,54.0,68.8,62.0,54.9,55.0,92.0,90.5,101,49.8,57
1.0,0.25,2.0,Maryland,56.3,51,58,57.5,11.2,11.5,13,0.7,4.0,61.8,59.5,73.0,74.0,58.5,59.0,20.7,21.0,24,3.2,4
0.5,0.05,2.0,Oregon,56.3,49,62,53.5,11.9,12.0,14,0.0,0.0,70.2,62.0,82.1,83.0,111.0,104.0,4.0,4.0,5,7.1,8
1.0,0.01,2.0,South Dakota,56.4,46,84,52.5,46.0,45.5,49,0.0,0.0,64.7,63.0,67.4,63.5,84.6,87.0,8.8,8.5,13,1.5,3
0.5,0.1,1.0,Maryland,56.5,51,58,58.0,8.5,8.5,11,1.9,4.0,82.9,86.0,90.8,92.0,52.6,59.0,15.4,16.0,18,2.8,5
0.5,0.25,2.0,Maryland,56.5,51,58,58.0,9.9,9.5,12,2.1,5.0,68.7,66.5,84.6,86.0,55.9,59.0,18.5,18.5,20,3.5,5
1.0,0.05,0.5,Oregon,56.6,53,62,53.0,10.2,10.5,12,0.0,0.0,68.1,62.0,82.4,82.0,111.0,104.0,3.9,4.0,6,5.6,7
1.0,0.1,2.0,Oregon,56.6,53,62,53.0,12.7,13.0,14,0.0,0.0,67.2,62.0,75.8,82.0,99.6,122.0,2.9,3.0,4,7.3,8
2.0,0.01,1.0,South Dakota,56.7,47,78,53.0,45.2,45.5,47,0.0,0.0,65.2,65.0,69.1,68.5,88.0,94.0,7.3,7.5,11,2.4,4
1.0,0.25,0.5,Virginia,56.7,49,59,59.0,26.1,26.0,29,0.1,1.0,72.4,71.0,83.6,89.0,88.5,96.0,11.1,10.5,15,3.9,5
0.5,0.01,0.5,Oklahoma,56.8,51,85,51.0,9.6,10.0,13,0.0,0.0,77.9,84.0,88.2,86.5,34.8,28.0,2.9,3.0,5,0.5,2
2.0,0.05,0.5,Oregon,56.8,53,62,54.0,11.3,11.0,12,0.0,0.0,70.2,62.0,85.8,84.0,107.0,122.0,3.8,4.0,7,7.4,9
0.5,0.05,1.0,Kentucky,56.8,55,61,55.0,30.4,29.5,33,0.0,0.0,61.0,61.0,65.8,63.0,91.1,93.0,13.1,12.5,19,13.5,18
2.0,0.05,2.0,Kentucky,56.8,49,61,55.0,40.8,41.0,44,0.0,0.0,62.2,61.0,66.7,63.0,79.3,93.0,25.9,26.5,32,16.7,19
0.5,0.25,0.5,Maryland,56.9,51,58,57.5,8.8,9.0,10,1.4,5.0,68.8,59.5,76.4,74.0,59.5,59.0,13.2,12.5,17,3.1,5
2.0,0.05,2.0,Ohio,56.9,55,70,55.0,47.0,47.5,54,0.0,0.0,65.7,67.0,70.2,71.5,66.2,75.0,28.6,27.5,39,25.6,32
2.0,0.05,1.0,Ohio,56.9,55,70,55.0,46.4,46.0,51,0.0,0.0,67.2,68.5,70.7,70.5,60.3,75.0,27.5,28.0,32,26.9,31
0.5,0.1,2.0,Oregon,57.0,53,84,53.0,13.1,13.0,15,0.0,0.0,64.3,62.0,75.9,81.0,97.8,104.0,3.5,3.0,5,6.9,9
2.0,0.1,0.5,Indiana,57.0,47,64,60.0,55.5,55.0,60,0.0,0.0,66.7,67.0,70.8,72.0,73.4,68.0,17.1,17.5,21,11.4,15
1.0,0.01,1.0,South Dakota,57.1,47,84,47.0,41.1,41.0,44,0.0,0.0,65.9,62.5,69.4,63.5,101.3,100.5,5.9,5.0,9,2.1,4
1.0,0.25,1.0,Maryland,57.1,51,58,58.0,9.7,10.0,11,1.8,4.0,67.1,67.5,82.3,88.0,59.5,59.0,19.1,18.5,21,3.8,6
1.0,0.1,1.0,Maryland,57.2,51,58,58.0,9.8,10.0,12,2.0,4.0,76.7,81.0,87.0,88.0,53.8,59.0,17.5,17.5,21,3.1,4
2.0,0.1,2.0,Maryland,57.2,51,58,58.0,10.1,10.0,12,2.4,5.0,80.1,86.0,94.8,92.0,50.7,59.0,17.0,17.5,22,3.4,5
2.0,0.1,0.5,Maryland,57.3,51,58,58.0,10.6,10.5,12,2.3,3.0,83.1,91.0,92.8,92.0,47.2,59.0,19.1,19.5,22,2.9,4
2.0,0.25,0.5,Maryland,57.3,51,58,58.0,11.1,11.5,12,1.7,5.0,70.0,66.5,86.2,86.5,59.0,59.0,19.2,19.0,22,3.2,5
1.0,0.01,1.0,California,57.3,33,92,56.0,3.5,3.5,7,14.555555555555555,29.0,95.66666666666667,98.0,105.33333333333333,105.0,28.0,28.0,62.9,61.0,79,29.9,33
1.0,0.25,1.0,Virginia,57.4,49,63,59.0,32.2,31.5,36,0.0,0.0,76.4,80.0,84.4,89.0,79.0,68.0,13.5,14.0,16,4.7,7
2.0,0.05,0.5,Kentucky,57.4,55,61,55.0,38.4,38.0,44,0.0,0.0,62.4,61.0,69.1,70.0,71.1,90.0,20.0,20.5,26,17.3,25
1.0,0.05,2.0,Kentucky,57.4,49,61,58.0,39.4,38.5,44,0.0,0.0,64.6,61.0,67.7,62.5,78.5,88.0,25.3,26.0,29,18.3,24
1.0,0.05,1.0,Oregon,57.5,53,62,57.5,13.0,13.0,16,0.0,0.0,71.8,71.0,83.4,83.0,107.6,104.0,4.1,4.0,7,6.2,8
1.0,0.05,0.5,Ohio,57.5,55,66,55.0,38.9,39.5,43,0.0,0.0,64.5,67.0,70.7,71.0,66.0,75.0,23.3,23.5,29,26.4,32
2.0,0.25,2.0,Maryland,57.6,57,58,58.0,10.6,11.0,12,1.0,4.0,65.1,61.0,74.8,74.0,59.5,59.0,19.2,18.5,25,3.6,5
2.0,0.01,1.0,Oklahoma,57.6,43,85,59.0,29.7,31.0,33,0.0,0.0,70.9,77.0,83.5,85.0,28.0,28.0,9.0,9.5,10,3.7,6
1.0,0.01,1.0,Wyoming,57.7,33,104,41.5,9.3,9.0,11,0.0,0.0,85.5,83.5,100.7,107.0,121.2,122.0,2.2,2.0,5,0.0,0
1.0,0.25,1.0,Connecticut,57.8,50,77,50.0,6.2,6.0,8,0.5,1.0,79.4,77.0,89.2,92.0,82.1,61.0,5.6,5.0,9,1.6,2
1.0,0.1,0.5,Indiana,57.8,47,64,64.0,49.9,50.0,55,0.0,0.0,68.2,70.0,71.2,72.0,71.1,65.0,15.9,16.0,19,10.9,15
2.0,0.01,2.0,Wisconsin,57.8,41,72,57.0,40.0,41.0,43,0.0,0.0,69.4,70.0,74.4,77.0,36.8,28.0,60.3,58.5,75,19.4,23
1.0,0.1,0.5,Maryland,57.9,57,58,58.0,8.9,9.0,10,2.7,4.0,81.4,86.0,93.2,92.0,52.2,59.0,16.2,15.5,20,3.4,5
0.5,0.25,1.0,Maryland,57.9,57,58,58.0,8.3,8.5,10,2.1,5.0,72.2,75.0,83.0,81.0,56.4,59.0,17.0,17.0,21,3.5,5
0.5,0.05,1.0,Ohio,57.9,55,71,55.0,38.3,38.5,43,0.0,0.0,64.7,67.0,69.8,70.5,54.9,67.5,24.5,25.0,28,25.9,31
1.0,0.01,2.0,Missouri,58.0,38,96,52.0,53.0,53.5,55,0.2,2.0,84.9,96.0,96.0,97.0,95.6,67.0,7.0,7.0,10,3.7,6
1.0,0.25,2.0,Georgia,58.2,36,65,63.0,52.5,52.0,57,0.1,1.0,65.2,65.0,67.7,66.0,83.1,95.0,6.8,7.0,11,7.8,10
0.5,0.1,1.0,Indiana,58.2,47,64,60.0,49.4,48.0,56,0.0,0.0,66.7,67.0,70.7,71.0,72.0,65.0,16.3,16.5,19,8.5,12
0.5,0.01,2.0,California,58.2,33,92,56.0,4.2,4.5,6,16.7,29.0,106.9,101.5,175.55555555555554,121.0,28.0,28.0,65.9,66.0,80,29.6,32
ALL,ALL,ALL,Kentucky,58.275,42,118,55.0,34.62222222222222,36.0,50,0.016666666666666666,1.0,67.48333333333333,61.0,73.66388888888889,61.0,82.54722222222222,75.0,22.08888888888889,21.0,45,16.019444444444446,28
2.0,0.05,0.5,Vermont,58.3,44,85,57.0,12.5,13.0,14,0.1,1.0,71.8,62.5,87.2,85.5,76.0,86.5,8.1,8.5,12,1.5,4
1.0,0.01,0.5,Arizona,58.4,36,97,53.5,6.2,6.5,9,0.7,7.0,73.0,64.5,106.3,75.0,35.2,28.0,11.3,10.5,17,4.2,8
1.0,0.25,0.5,Montana,58.6,55,61,61.0,14.4,14.0,15,0.0,0.0,66.6,69.0,86.3,82.0,153.0,153.0,2.6,3.0,3,1.7,4
0.5,0.1,0.5,Maryland,58.7,57,67,58.0,7.8,7.5,10,1.8,4.0,76.5,85.5,85.6,90.0,62.0,59.0,13.2,13.0,18,3.0,4
2.0,0.05,2.0,Indiana,58.7,47,70,62.5,55.5,55.5,61,0.0,0.0,68.7,67.0,75.9,75.0,66.5,65.0,15.4,15.5,21,9.3,14
0.5,0.25,1.0,Georgia,58.8,36,65,64.0,38.7,38.0,41,0.2,1.0,65.5,66.0,71.4,68.5,88.7,98.0,4.4,4.0,8,3.7,5
0.5,0.01,0.5,Nebraska,58.9,55,69,58.0,18.0,18.5,21,0.0,0.0,67.5,69.0,71.9,72.0,104.16666666666667,114.0,0.875,1.0,2,0.3,1
1.0,0.05,2.0,Ohio,58.9,55,73,55.0,46.6,47.0,52,0.0,0.0,70.3,70.0,72.2,71.5,70.4,75.0,29.9,29.0,40,25.9,29
0.5,0.1,0.5,Tennessee,59.0,52,87,52.0,22.7,22.5,25,0.0,0.0,90.0,87.0,93.8,90.5,125.1,138.0,9.0,9.0,13,3.7,5
0.5,0.01,0.5,Pennsylvania,59.0,58,66,58.0,30.0,30.5,34,0.1,1.0,77.5,62.0,92.8,88.0,98.8,110.5,10.2,10.0,15,4.5,8
2.0,0.25,2.0,Virginia,59.0,59,59,59.0,33.9,33.5,39,0.1,1.0,74.0,71.0,88.6,89.0,94.5,96.0,13.1,13.0,17,5.5,7
2.0,0.1,0.5,Tennessee,59.0,52,87,52.0,43.3,43.0,47,0.0,0.0,90.8,87.0,94.9,89.0,115.3,115.0,22.9,23.5,27,8.7,11
2.0,0.01,0.5,Utah,59.1,35,63,63.0,14.8,15.0,16,0.0,0.0,88.0,91.0,99.2,97.0,68.8,58.5,7.9,7.0,12,1.7,3
0.5,0.01,2.0,Wyoming,59.2,33,109,52.0,7.6,8.0,10,0.0,0.0,91.1,104.0,119.8,121.0,127.625,134.0,2.111111111111111,2.0,4,0.1,1
0.5,0.01,1.0,Pennsylvania,59.2,58,66,58.5,34.9,34.5,41,0.1,1.0,79.2,71.0,97.1,101.0,104.3,108.0,17.2,17.0,26,6.8,11
0.5,0.01,2.0,Missouri,59.3,38,96,52.0,43.8,44.5,47,0.0,0.0,85.5,95.0,93.8,96.5,89.1,55.0,5.2,5.5,7,2.7,5
1.0,0.25,2.0,Virginia,59.3,56,71,59.0,33.7,33.5,37,0.0,0.0,75.4,71.0,86.8,89.0,92.7,96.0,14.7,14.0,21,4.4,6
2.0,0.1,2.0,Georgia,59.3,36,66,65.0,53.6,53.5,56,0.1,1.0,70.7,66.0,81.6,87.0,89.0,98.0,5.1,5.0,8,8.1,10
2.0,0.01,0.5,Oklahoma,59.4,43,85,59.0,29.4,29.0,33,0.0,0.0,73.3,77.0,81.9,85.0,28.0,28.0,8.4,7.5,12,2.0,4
1.0,0.05,1.0,Ohio,59.4,55,72,55.0,42.6,42.0,47,0.0,0.0,67.6,68.5,71.9,70.5,47.9,28.0,25.5,26.0,31,27.7,31
2.0,0.05,1.0,New York,59.4,39,65,60.0,11.4,11.0,15,0.3,1.0,64.1,65.0,68.4,65.0,31.5,28.0,163.0,164.5,174,37.8,43
1.0,0.01,0.5,Wyoming,59.5,33,104,54.5,6.5,6.0,9,0.0,0.0,88.3,104.0,114.5,106.0,129.11111111111111,122.0,1.6666666666666667,2.0,3,0.0,0
2.0,0.1,1.0,Georgia,59.5,36,66,65.5,51.0,51.0,54,0.2,1.0,73.7,67.0,82.3,87.0,103.2,98.0,5.6,5.0,10,8.4,10
0.5,0.01,1.0,Oklahoma,59.6,43,85,51.0,15.0,15.0,18,0.0,0.0,68.4,59.0,86.2,85.0,60.2,57.5,3.2,3.5,5,0.1,1
1.0,0.1,2.0,Maryland,59.6,51,88,58.0,11.1,11.0,13,1.5,3.0,77.3,81.0,88.0,88.5,60.4,59.0,18.4,18.5,24,2.3,3
1.0,0.01,0.5,Michigan,59.6,38,77,68.0,32.8,33.0,37,0.2,2.0,74.2,77.0,83.9,77.0,78.3,87.0,15.4,16.5,19,11.8,16
0.5,0.01,2.0,Idaho,59.6,36,109,48.5,9.4,9.5,14,2.0,8.0,78.5,74.0,95.2,92.0,39.5,28.0,24.0,24.0,32,15.7,20
0.5,0.1,2.0,Maryland,59.7,58,75,58.0,10.4,10.0,13,2.1,3.0,82.5,86.0,93.2,91.0,56.0,59.0,16.8,17.5,21,2.6,4
1.0,0.1,2.0,Indiana,59.7,47,64,64.0,55.8,56.5,59,0.0,0.0,67.5,70.0,71.4,72.0,78.0,65.0,16.9,17.5,21,12.8,16
0.5,0.01,1.0,Nevada,59.8,35,105,44.0,2.8,3.0,4,0.0,0.0,120.33333333333333,46.0,96.85714285714286,60.0,108.0,108.0,1.0,1.0,1,0.0,0
0.5,0.05,1.0,Vermont,59.9,44,90,51.5,10.7,11.0,12,0.1,1.0,74.2,72.5,82.6,83.0,67.8,61.5,9.3,9.0,15,2.5,4
0.5,0.01,1.0,Nebraska,60.2,51,78,56.5,20.7,20.0,25,0.0,0.0,64.5,60.0,71.4,69.0,166.83333333333334,152.5,1.0,1.0,2,0.9,3
2.0,0.01,0.5,South Dakota,60.2,46,84,57.0,43.8,43.0,46,0.0,0.0,64.9,66.5,68.5,67.5,59.2,45.0,8.6,8.0,12,1.5,3
0.5,0.25,1.0,Virginia,60.2,59,71,59.0,21.5,22.0,23,0.1,1.0,82.4,89.0,86.8,89.0,94.4,96.0,10.7,11.0,15,4.2,6
0.5,0.01,0.5,Michigan,60.2,38,77,68.0,23.9,24.0,26,0.0,0.0,68.3,77.0,84.7,77.0,82.3,87.0,10.3,10.5,14,8.2,12
1.0,0.01,1.0,Utah,60.3,35,100,63.0,13.5,14.0,16,0.2,2.0,87.9,84.0,98.3,90.0,78.9,83.0,7.4,8.0,11,1.8,4
2.0,0.25,2.0,Montana,60.4,55,61,61.0,15.4,15.0,17,0.0,0.0,70.8,69.0,88.9,82.0,153.0,153.0,3.0,3.0,5,3.3,5
1.0,0.01,1.0,Idaho,60.4,36,98,50.5,9.8,9.5,13,0.7,3.0,72.7,72.0,87.8,88.5,38.8,28.0,25.6,24.5,36,15.9,19
2.0,0.25,1.0,Massachusetts,60.6,54,64,60.0,8.4,8.5,9,0.0,0.0,69.0,68.0,74.0,72.0,181.8,196.0,1.7,1.5,3,0.0,0
0.5,0.25,2.0,Montana,60.6,55,69,61.0,15.4,15.5,17,0.0,0.0,70.0,69.0,97.1,82.0,153.0,153.0,2.1,2.0,5,1.8,4
2.0,0.01,0.5,Missouri,60.6,38,96,52.0,49.8,49.0,56,0.0,0.0,87.1,94.0,95.0,98.0,125.3,118.5,5.3,5.0,8,3.7,7
2.0,0.1,1.0,Maryland,60.7,58,85,58.0,10.3,10.0,12,2.1,4.0,81.7,86.0,90.8,91.0,60.0,59.0,17.2,16.5,25,2.7,4
0.5,0.25,1.0,Montana,60.8,55,69,61.0,13.1,13.5,15,0.0,0.0,73.3,69.0,95.1,82.0,153.0,153.0,2.5,2.0,4,1.7,4
2.0,0.25,0.5,Virginia,60.8,49,75,59.0,33.5,33.0,35,0.3,1.0,81.0,89.0,89.8,89.0,92.0,96.0,14.4,15.5,19,5.2,7
1.0,0.01,2.0,Oklahoma,61.0,51,77,59.0,29.1,30.0,33,0.0,0.0,75.8,77.0,84.3,85.0,33.9,28.0,8.5,8.0,14,2.6,5
1.0,0.1,0.5,Georgia,61.0,36,87,63.0,40.4,40.5,43,0.1,1.0,72.8,66.0,80.1,87.0,121.0,113.0,4.1,4.5,7,4.8,6
2.0,0.25,0.5,Montana,61.2,55,69,61.0,15.9,16.5,17,0.0,0.0,74.9,69.0,105.9,123.0,153.0,153.0,2.1,2.0,3,1.1,2
ALL,ALL,ALL,Ohio,61.24444444444445,48,134,55.0,43.294444444444444,44.0,55,0.07222222222222222,3.0,68.83333333333333,59.0,74.1138888888889,69.0,58.34166666666667,69.0,26.863888888888887,27.5,45,24.944444444444443,38
2.0,0.1,2.0,Indiana,61.5,50,64,64.0,59.4,60.5,63,0.0,0.0,67.4,70.0,70.8,72.0,70.0,65.0,18.1,17.5,23,10.2,16
2.0,0.01,1.0,Michigan,61.5,38,99,62.0,35.3,36.0,41,0.2,1.0,77.7,77.0,85.6,77.0,77.4,79.0,18.2,18.0,25,16.2,21
1.0,0.25,1.0,Massachusetts,61.8,54,68,62.0,7.9,8.0,9,0.0,0.0,72.0,68.0,77.6,72.0,130.3,103.0,2.3,2.0,4,0.0,0
1.0,0.01,0.5,Nebraska,61.8,51,78,58.0,23.2,23.0,28,0.0,0.0,68.6,65.0,74.5,72.0,221.0,192.0,0.5,0.5,1,0.9,2
2.0,0.25,1.0,Montana,61.8,61,69,61.0,15.9,16.5,17,0.0,0.0,75.7,69.0,99.0,82.0,153.0,153.0,2.6,3.0,4,3.0,4
0.5,0.1,1.0,Georgia,61.8,38,66,64.0,34.0,33.5,38,0.1,1.0,68.5,65.5,74.0,67.5,102.4,98.0,3.7,3.0,7,4.0,6
1.0,0.25,1.0,Montana,61.9,55,82,61.0,16.1,16.0,18,0.1,1.0,75.4,69.0,100.5,102.5,153.0,153.0,2.1,2.0,3,1.8,4
0.5,0.05,0.5,Vermont,61.9,44,90,55.5,11.1,11.0,13,0.1,1.0,78.6,83.0,85.5,90.0,28.0,28.0,8.1,7.5,11,1.9,3
0.5,0.05,1.0,Maryland,61.9,58,80,58.0,9.4,9.0,12,1.8,4.0,88.2,88.5,96.2,92.0,57.2,62.0,13.5,14.0,19,2.1,4
0.5,0.1,0.5,Montana,62.0,55,69,61.0,8.6,9.0,9,0.0,0.0,74.9,69.0,99.0,82.0,231.8,239.0,0.6,0.5,2,1.6,3
0.5,0.1,2.0,Georgia,62.0,36,66,65.0,48.2,47.5,52,0.0,0.0,69.1,66.0,79.4,79.5,108.2,98.0,3.4,3.5,6,5.2,8
2.0,0.25,2.0,Connecticut,62.2,50,77,67.0,6.6,6.0,8,0.3,1.0,81.2,83.5,91.4,92.0,92.1,110.5,6.5,5.5,11,1.4,2
0.5,0.25,0.5,Virginia,62.2,49,89,59.0,15.3,15.5,17,0.1,1.0,79.6,88.0,86.4,89.0,89.1,96.0,8.8,7.5,15,2.4,4
1.0,0.1,2.0,Georgia,62.4,38,66,65.0,48.7,49.0,50,0.1,1.0,73.0,66.0,82.8,87.0,103.7,98.0,5.0,4.5,8,8.1,9
2.0,0.01,2.0,Missouri,62.5,38,96,52.0,56.4,56.0,63,0.0,0.0,84.6,96.0,96.3,100.0,104.5,118.5,6.8,6.5,11,3.7,7
1.0,0.1,0.5,Tennessee,62.5,52,87,52.0,36.2,36.0,40,0.0,0.0,89.9,87.0,95.8,94.5,77.5,61.0,18.1,18.0,22,7.6,10
2.0,0.1,1.0,Tennessee,62.5,52,87,52.0,44.0,44.0,46,0.0,0.0,92.4,88.5,100.1,103.0,105.7,122.0,24.4,24.0,33,8.7,11
2.0,0.01,0.5,California,62.5,33,92,77.0,3.9,4.0,7,14.777777777777779,27.0,105.77777777777777,98.0,116.28571428571429,108.0,28.0,28.0,65.3,64.0,79,30.0,33
1.0,0.25,2.0,Montana,62.6,61,69,61.0,15.7,15.5,18,0.0,0.0,85.2,69.0,100.2,82.0,153.0,153.0,2.9,2.5,5,2.1,4
0.5,0.01,2.0,South Dakota,62.7,47,78,68.5,41.5,40.5,46,0.0,0.0,66.4,70.5,68.0,71.5,56.1,55.0,6.9,7.0,9,1.5,4
1.0,0.1,1.0,Georgia,62.7,38,66,66.0,46.2,46.0,50,0.1,1.0,78.4,79.5,86.2,91.0,105.5,98.0,3.7,3.5,8,7.2,10
1.0,0.01,1.0,Michigan,62.8,38,114,68.0,34.3,33.5,38,0.1,1.0,76.0,77.0,85.1,79.0,86.8,83.0,16.3,16.0,28,16.1,20
1.0,0.05,0.5,Vermont,62.9,44,90,57.0,12.1,12.5,14,0.1,1.0,81.9,91.0,94.7,97.0,68.9,77.0,9.2,9.5,12,1.7,4
2.0,0.1,2.0,Tennessee,62.9,52,91,52.0,45.3,45.0,48,0.0,0.0,88.9,87.0,91.1,87.0,111.9,114.5,25.2,25.0,32,8.2,12
0.5,0.01,0.5,Illinois,63.0,47,71,69.0,28.7,29.0,32,0.0,0.0,74.0,72.0,86.4,87.0,67.1,28.0,7.4,7.5,12,3.0,5
1.0,0.05,1.0,Georgia,63.1,38,66,66.0,42.2,42.5,45,0.1,1.0,78.0,72.0,91.3,91.0,112.6,105.5,3.4,4.0,6,5.9,8
ALL,ALL,ALL,Oregon,63.11666666666667,49,201,53.0,11.08611111111111,12.0,16,0.008333333333333333,2.0,75.825,62.0,91.68055555555556,82.0,114.57344632768361,104.0,3.261111111111111,3.0,9,5.986111111111111,10
0.5,0.25,0.5,Massachusetts,63.2,54,74,60.0,7.8,8.0,8,0.0,0.0,73.4,75.5,81.5,86.0,103.5,103.0,1.25,1.0,2,0.0,0
1.0,0.25,0.5,Connecticut,63.2,50,77,67.0,6.1,6.0,7,0.2,1.0,81.4,85.0,89.0,89.5,86.3,101.0,6.0,5.5,9,1.6,2
1.0,0.1,1.0,Virginia,63.2,59,89,59.0,28.1,28.0,32,0.1,1.0,90.4,89.0,96.3,93.0,105.1,101.5,10.1,9.5,13,3.5,6
1.0,0.05,2.0,Vermont,63.3,44,91,64.0,12.6,13.0,14,0.0,0.0,83.5,90.0,90.0,93.5,83.8,102.5,10.4,9.5,15,1.4,4
2.0,0.05,2.0,Maryland,63.3,58,88,58.0,10.5,10.0,12,1.7,3.0,86.6,89.5,98.3,92.0,34.2,28.0,17.5,17.0,22,2.6,4
1.0,0.01,0.5,Illinois,63.3,47,94,55.0,35.3,35.0,38,0.0,0.0,76.2,69.0,85.6,84.5,86.8,90.0,13.1,12.5,18,4.9,10
0.5,0.05,0.5,Indiana,63.3,47,72,64.0,39.9,40.0,43,0.1,1.0,72.4,70.0,78.2,75.0,96.5,105.0,12.3,12.0,18,6.1,8
1.0,0.01,1.0,Pennsylvania,63.3,58,106,59.0,39.1,39.0,43,0.0,0.0,78.0,65.5,98.1,88.0,112.3,108.0,18.2,18.0,23,9.0,14
1.0,0.01,2.0,Michigan,63.3,38,96,77.0,34.9,34.5,42,0.4,1.0,82.3,77.0,86.8,81.0,98.7,87.0,15.9,16.0,23,17.6,21
1.0,0.01,0.5,California,63.3,33,98,73.0,3.9,3.5,7,12.4,31.0,143.3,98.5,115.0,113.0,28.0,28.0,51.2,43.5,72,28.1,31
0.5,0.05,2.0,Vermont,63.4,44,92,64.0,12.4,12.5,14,0.0,0.0,81.3,90.5,91.5,97.0,64.0,52.5,9.1,9.0,11,1.4,3
0.5,0.05,0.5,Oregon,63.4,53,84,62.0,8.3,8.5,10,0.0,0.0,76.5,81.0,86.9,84.0,109.2,104.0,2.7,2.5,6,2.4,6
2.0,0.01,1.0,California,63.4,33,97,77.0,3.6,3.0,7,12.555555555555555,27.0,104.0,98.0,144.125,105.0,28.0,28.0,63.1,60.0,83,30.6,33
2.0,0.25,2.0,Massachusetts,63.5,60,68,64.0,8.6,9.0,9,0.0,0.0,73.1,75.0,77.7,79.0,146.7,155.0,2.4,2.5,4,0.0,0
0.5,0.01,1.0,Illinois,63.5,47,92,61.5,31.8,32.5,39,0.0,0.0,75.6,70.5,80.5,76.0,59.5,28.0,12.1,12.5,15,5.6,7
1.0,0.01,0.5,Pennsylvania,63.5,58,102,59.0,35.8,36.0,41,0.1,1.0,83.1,82.0,94.8,92.0,116.7,108.0,14.6,14.0,24,7.8,11
1.0,0.01,0.5,Idaho,63.5,36,101,54.0,8.7,9.5,11,1.9,12.0,81.5,90.0,93.7,100.0,39.9,28.0,19.9,17.5,38,14.3,17
1.0,0.25,0.5,Massachusetts,63.6,60,68,64.0,7.7,8.0,8,0.0,0.0,73.2,76.0,80.4,86.0,181.11111111111111,196.0,1.2222222222222223,1.0,3,0.0,0
1.0,0.01,1.0,Oklahoma,63.6,43,85,59.0,25.0,25.0,30,0.0,0.0,72.8,77.0,84.4,85.0,49.9,28.0,7.5,7.0,13,1.7,4
2.0,0.01,2.0,Oklahoma,63.6,43,85,59.0,29.6,29.5,33,0.0,0.0,79.9,85.0,93.0,88.0,28.0,28.0,12.5,13.0,15,4.2,6
0.5,0.25,2.0,Virginia,63.6,49,87,59.0,32.9,33.0,36,0.0,0.0,76.2,71.0,87.6,89.0,90.3,96.0,11.8,12.0,18,4.4,6
2.0,0.01,2.0,Iowa,63.6,40,80,62.5,32.8,33.0,39,0.3,2.0,68.2,72.0,75.2,79.0,63.7,62.0,106.5,109.0,118,50.4,55
1.0,0.01,1.0,Nevada,63.7,35,87,65.5,3.7,4.0,4,0.1,1.0,159.1,100.5,243.2,286.5,108.0,108.0,1.0,1.0,1,0.1,1
2.0,0.05,0.5,Maryland,63.7,58,88,58.0,10.1,10.0,11,1.7,3.0,88.0,89.0,96.5,92.0,61.1,59.0,15.9,17.0,20,2.8,4
1.0,0.05,2.0,Maryland,63.7,58,88,58.0,9.5,9.5,11,1.8,4.0,85.9,87.0,96.1,92.0,53.2,64.0,16.5,17.0,20,3.2,4
ALL,ALL,ALL,Vermont,63.772222222222226,44,129,44.0,11.497222222222222,12.0,14,0.044444444444444446,1.0,77.39166666666667,59.0,85.53055555555555,81.0,71.18611111111112,77.0,8.391666666666667,8.0,15,2.2055555555555557,7
2.0,0.01,2.0,Wyoming,63.8,33,104,58.0,9.4,9.5,12,0.0,0.0,107.5,106.5,148.5,118.5,176.375,134.0,1.4444444444444444,1.0,3,0.3,1
0.5,0.01,1.0,Utah,63.8,60,75,63.0,12.5,12.0,15,0.0,0.0,89.3,88.0,102.1,95.0,126.4,119.0,4.0,3.5,9,1.0,3
2.0,0.01,2.0,South Dakota,63.8,47,80,72.5,46.2,46.5,48,0.0,0.0,70.8,74.0,74.0,76.5,90.5,90.0,9.5,9.5,12,2.3,4
0.5,0.05,0.5,Maryland,64.0,58,88,58.0,8.4,8.0,11,1.1,3.0,86.9,91.5,97.7,97.5,44.0,28.0,11.1,11.5,15,1.7,3
2.0,0.05,1.0,Maryland,64.0,58,88,58.0,10.3,10.0,13,1.8,3.0,88.5,91.0,98.6,92.0,49.7,43.5,15.7,15.0,22,2.6,4
1.0,0.01,0.5,Oklahoma,64.1,51,85,59.0,18.4,18.5,21,0.0,0.0,78.6,85.0,92.5,88.0,28.0,28.0,4.8,4.5,7,0.8,2
ALL,ALL,ALL,Indiana,64.16388888888889,47,110,64.0,48.81944444444444,51.0,66,0.013888888888888888,1.0,73.25,70.0,78.71111111111111,72.0,78.7388888888889,65.0,15.469444444444445,16.0,27,10.475,20
1.0,0.25,2.0,Massachusetts,64.2,60,74,62.0,8.5,8.5,9,0.0,0.0,74.9,75.0,83.1,86.0,139.8,105.0,2.6,2.0,5,0.0,0
1.0,0.01,2.0,Nebraska,64.2,51,79,56.5,35.5,36.0,40,0.0,0.0,70.4,65.0,77.7,75.0,195.2,210.0,3.0,3.0,4,2.6,5
2.0,0.25,0.5,Massachusetts,64.3,60,68,65.5,8.5,9.0,9,0.0,0.0,76.2,77.5,80.8,81.5,134.55555555555554,105.0,2.7777777777777777,3.0,5,0.0,0
0.5,0.05,1.0,Indiana,64.4,50,70,64.0,44.7,46.0,48,0.0,0.0,71.5,72.0,79.3,82.0,89.2,100.5,12.2,12.0,17,8.7,10
1.0,0.05,1.0,Indiana,64.6,56,74,64.0,50.0,49.5,54,0.0,0.0,72.6,72.5,78.0,78.5,81.9,71.5,15.4,14.0,22,11.4,15
0.5,0.05,1.0,Georgia,64.7,63,66,65.5,30.2,30.5,33,0.0,0.0,76.0,69.0,85.3,91.0,154.3,128.0,2.9,3.0,5,3.8,5
1.0,0.01,2.0,Arizona,64.7,39,104,62.0,5.9,6.0,9,0.7,6.0,88.6,75.0,104.0,84.5,34.9,28.0,15.2,15.0,17,5.0,7
0.5,0.01,2.0,Nevada,64.8,35,105,65.5,4.0,4.0,5,0.1,1.0,163.5,100.5,214.5,251.0,108.0,108.0,1.0,1.0,1,0.1,1
2.0,0.01,1.0,Pennsylvania,64.8,58,88,59.0,39.6,39.0,44,0.0,0.0,76.2,70.0,98.3,100.0,108.8,109.0,18.8,18.0,28,9.3,13
2.0,0.01,1.0,Wyoming,64.9,33,104,57.0,9.2,9.0,11,0.0,0.0,93.9,104.0,120.4,106.0,182.14285714285714,122.0,2.0,2.0,3,0.1,1
1.0,0.25,2.0,Connecticut,64.9,50,77,67.0,6.0,6.0,7,0.2,1.0,83.1,85.0,91.7,92.0,91.9,109.0,6.2,6.0,10,2.0,3
0.5,0.01,2.0,Pennsylvania,64.9,58,89,59.0,39.4,39.5,42,0.1,1.0,86.9,91.5,102.5,101.0,104.8,104.5,17.4,17.0,23,7.5,11
0.5,0.01,2.0,Oklahoma,65.0,51,85,59.0,22.5,22.0,29,0.0,0.0,75.4,77.0,87.9,85.0,33.9,28.0,6.0,6.5,8,1.5,4
1.0,0.05,2.0,Indiana,65.0,60,72,64.0,53.1,53.5,57,0.0,0.0,72.3,70.5,78.0,73.5,95.1,102.5,15.4,16.5,18,12.3,16
1.0,0.25,2.0,New Jersey,65.1,54,81,63.5,10.5,10.5,11,0.0,0.0,78.6,81.0,83.6,83.0,213.5,205.0,2.5,3.0,4,0.2,1
2.0,0.05,1.0,Indiana,65.1,50,75,64.0,53.5,54.0,57,0.0,0.0,72.0,71.0,78.5,82.0,93.3,102.5,14.5,14.0,21,12.3,17
0.5,0.25,2.0,Massachusetts,65.3,60,74,65.5,7.8,8.0,9,0.0,0.0,79.5,80.0,86.5,86.0,163.4,196.0,1.9,2.0,3,0.0,0
1.0,0.01,0.5,Utah,65.3,35,102,63.0,12.5,12.0,15,0.0,0.0,91.4,89.5,101.6,98.0,87.6,83.0,5.5,5.5,8,1.7,3
1.0,0.01,2.0,California,65.3,33,88,78.0,4.1,4.0,6,12.7,24.0,93.8,95.0,163.2,114.5,28.0,28.0,62.5,60.5,79,30.0,32
0.5,0.01,2.0,Nebraska,65.4,51,78,69.0,28.1,28.5,31,0.0,0.0,70.4,70.5,74.4,73.0,120.33333333333333,93.5,1.5555555555555556,1.0,5,1.0,2
2.0,0.01,1.0,Nebraska,65.4,55,78,69.0,35.4,36.0,38,0.0,0.0,69.9,71.5,74.3,75.0,174.0,162.0,2.9,3.0,4,2.3,4
1.0,0.01,1.0,Nebraska,65.5,55,79,67.0,29.1,29.0,33,0.0,0.0,74.2,75.0,78.5,78.0,187.25,210.0,1.4,1.0,4,1.7,3
0.5,0.01,1.0,Idaho,65.5,36,116,46.5,9.7,9.5,13,1.3,11.0,75.6,51.0,86.3,75.0,37.9,28.0,20.3,23.5,29,12.0,15
2.0,0.01,0.5,Nebraska,65.7,47,79,69.0,32.8,33.5,35,0.0,0.0,70.1,72.0,75.6,78.0,189.2,210.0,3.5,3.5,5,2.5,4
2.0,0.05,0.5,Indiana,65.8,64,70,64.0,51.2,51.5,56,0.0,0.0,72.0,72.0,78.3,78.5,92.0,103.0,14.0,15.0,18,10.8,17
0.5,0.25,0.5,Connecticut,65.9,50,77,67.0,4.4,4.0,6,0.0,0.0,81.6,86.0,91.5,92.0,93.3,93.0,4.5,5.0,7,1.6,2
1.0,0.05,0.5,Indiana,66.0,64,72,64.0,47.3,47.5,51,0.0,0.0,73.2,71.0,78.1,77.0,93.1,103.0,13.9,13.5,18,8.7,14
1.0,0.1,2.0,Tennessee,66.0,52,87,52.0,44.0,44.0,47,0.0,0.0,87.8,87.0,94.2,94.0,119.7,116.0,23.3,24.0,27,8.9,11
1.0,0.25,0.5,New Jersey,66.1,54,83,63.5,8.7,9.0,10,0.0,0.0,77.1,81.0,86.1,83.0,189.11111111111111,201.0,2.3333333333333335,2.0,3,0.2,1
ALL,ALL,ALL,Maryland,66.14722222222223,51,144,58.0,9.441666666666666,10.0,14,1.3388888888888888,5.0,87.69166666666666,87.5,104.91111111111111,92.0,68.58055555555555,59.0,14.213888888888889,15.0,25,2.4805555555555556,6
2.0,0.01,0.5,Pennsylvania,66.4,58,100,59.0,38.8,39.0,45,0.0,0.0,77.3,78.0,92.5,92.0,94.6,109.5,17.2,17.5,22,9.0,14
0.5,0.01,0.5,Arizona,66.5,36,103,67.0,5.1,4.5,8,0.3,2.0,82.1,82.5,131.11111111111111,98.0,62.4,28.0,7.9,7.5,13,4.0,6
0.5,0.01,0.5,Kentucky,66.6,61,75,61.0,13.2,13.5,16,0.0,0.0,85.8,82.0,101.8,90.5,151.6,159.0,3.2,3.5,6,3.2,5
1.0,0.01,2.0,Pennsylvania,66.7,58,102,59.0,39.9,40.0,44,0.0,0.0,80.0,74.0,88.0,90.5,101.3,101.5,19.0,19.0,26,8.1,10
1.0,0.05,0.5,Maryland,67.0,58,88,58.0,9.6,9.5,12,1.8,4.0,89.4,91.0,95.8,92.0,58.5,61.5,12.5,12.5,19,2.0,4
2.0,0.05,0.5,Georgia,67.0,36,91,65.5,44.9,45.0,47,0.0,0.0,78.9,78.5,88.6,91.0,136.2,155.5,3.1,3.0,5,7.8,11
0.5,0.05,2.0,Indiana,67.0,64,70,67.0,50.7,50.0,58,0.0,0.0,73.0,72.0,78.6,82.0,87.8,99.0,14.7,14.0,21,10.1,13
1.0,0.01,2.0,Utah,67.3,63,94,63.0,14.6,15.0,16,0.0,0.0,94.1,92.5,103.9,96.0,96.6,83.0,7.3,7.5,12,1.5,2
1.0,0.05,1.0,Vermont,67.4,44,94,61.5,12.2,12.0,14,0.2,1.0,85.5,86.5,93.0,93.5,67.2,61.5,9.8,10.0,12,1.8,4
0.5,0.25,1.0,Massachusetts,67.5,60,74,68.0,7.4,7.0,8,0.0,0.0,78.9,80.0,85.6,86.0,129.0,129.0,1.3333333333333333,1.0,2,0.0,0
2.0,0.1,2.0,Montana,67.5,55,82,61.0,14.5,14.5,17,0.0,0.0,102.0,123.0,123.5,129.0,153.0,153.0,3.6,3.0,6,2.4,4
1.0,0.05,2.0,Georgia,67.6,63,91,66.0,46.1,46.5,51,0.0,0.0,83.3,89.0,89.2,91.0,158.6,113.0,4.2,4.0,7,7.5,11
2.0,0.01,2.0,Arizona,67.7,43,89,79.0,6.1,5.5,10,0.8,7.0,101.2,86.0,135.3,96.5,45.2,28.0,12.6,13.0,16,4.8,7
0.5,0.05,2.0,Georgia,67.7,63,87,66.0,41.5,41.0,48,0.0,0.0,81.4,87.0,90.5,91.0,131.8,143.0,2.9,3.0,4,5.1,7
2.0,0.05,2.0,Georgia,67.7,63,87,66.0,50.1,50.5,52,0.0,0.0,79.5,79.5,88.7,91.0,136.9,134.5,4.2,4.5,7,7.2,10
1.0,0.1,1.0,Montana,67.8,55,82,69.0,15.0,15.0,17,0.0,0.0,101.9,123.0,121.8,129.0,153.0,153.0,2.8,3.0,4,1.0,2
0.5,0.1,0.5,Virginia,67.9,56,93,59.0,13.6,14.0,15,0.1,1.0,88.5,89.0,93.3,91.0,100.9,101.5,7.2,8.0,11,1.8,4
2.0,0.05,1.0,Georgia,67.9,63,91,66.0,47.6,47.0,51,0.0,0.0,81.5,91.0,93.5,91.0,129.9,122.0,3.9,4.0,7,6.8,10
0.5,0.05,2.0,Tennessee,67.9,52,106,52.0,35.0,34.5,41,0.0,0.0,93.9,87.0,105.8,106.0,103.1,118.0,18.2,18.5,21,8.4,13
0.5,0.01,2.0,Michigan,67.9,44,94,77.0,34.4,35.0,38,0.3,2.0,83.0,77.0,87.7,81.0,86.8,87.0,16.2,16.0,22,16.6,22
0.5,0.01,0.5,Wyoming,68.1,33,109,70.5,4.3,4.5,6,0.0,0.0,103.7,106.0,141.88888888888889,110.0,125.5,125.5,2.0,2.0,3,0.1,1
0.5,0.01,2.0,New York,68.1,60,96,65.0,8.6,9.5,11,0.1,1.0,88.4,88.0,100.2,96.5,28.0,28.0,155.5,158.5,182,38.0,41
0.5,0.05,1.0,Tennessee,68.2,52,106,52.0,29.3,29.0,32,0.0,0.0,97.5,98.0,108.4,106.0,94.5,120.0,12.2,11.5,17,5.8,8
2.0,0.1,2.0,Massachusetts,68.3,60,79,68.0,7.8,8.0,9,0.0,0.0,79.4,79.0,86.6,85.0,158.8,196.0,2.5,3.0,3,0.3,1
0.5,0.05,2.0,Maryland,68.4,58,88,58.0,10.2,10.0,11,1.0,2.0,88.1,90.0,97.1,92.0,55.3,43.5,13.5,13.5,19,2.2,3
0.5,0.05,0.5,Georgia,68.4,63,91,66.0,19.6,19.5,23,0.0,0.0,84.2,91.0,89.6,91.0,129.125,113.0,1.7,1.0,4,3.2,5
1.0,0.05,0.5,Georgia,68.4,38,91,66.0,36.0,36.5,40,0.1,1.0,90.8,91.0,94.4,92.0,160.9,165.0,2.2,2.5,3,4.4,6
0.5,0.25,2.0,Connecticut,68.6,50,77,72.0,5.9,6.0,7,0.4,1.0,86.1,86.0,90.8,92.5,99.9,109.0,4.9,5.5,7,1.9,3
2.0,0.25,1.0,New Jersey,68.9,54,81,73.0,10.1,10.0,11,0.0,0.0,79.0,81.0,83.0,83.0,205.4,207.0,3.9,4.0,5,0.4,1
1.0,0.01,2.0,North Dakota,68.9,43,82,69.0,14.5,15.0,18,0.0,0.0,87.1,90.0,98.4,102.0,90.1,58.5,10.2,9.0,16,3.6,7
0.5,0.1,2.0,Tennessee,68.9,52,105,52.0,40.7,41.0,43,0.0,0.0,93.3,87.0,94.9,89.0,90.2,94.0,21.3,20.5,29,8.4,10
0.5,0.25,0.5,Montana,69.0,55,123,61.0,9.0,9.0,11,0.0,0.0,78.1,69.0,103.4,102.5,249.0,249.0,0.2222222222222222,0.0,1,1.7,3
2.0,0.01,2.0,Pennsylvania,69.0,58,102,59.0,40.7,41.5,44,0.0,0.0,94.0,99.5,100.6,107.0,102.0,109.0,18.0,18.0,24,7.5,11
1.0,0.05,1.0,Maryland,69.2,58,88,58.0,10.3,9.5,14,1.4,3.0,88.0,91.5,96.9,92.0,60.4,61.5,14.9,16.0,20,2.1,3
1.0,0.1,0.5,Virginia,69.2,59,89,59.0,22.4,22.5,25,0.0,0.0,90.2,89.0,105.9,107.5,119.0,107.0,9.4,9.0,14,3.2,5
0.5,0.01,2.0,Utah,69.3,52,120,63.0,13.5,13.5,15,0.0,0.0,91.0,88.0,101.4,97.0,83.3,84.5,7.4,7.0,13,1.4,3
2.0,0.25,0.5,Connecticut,69.3,50,77,67.0,6.3,6.0,8,0.3,1.0,85.9,86.0,90.5,92.0,103.0,109.0,5.4,5.0,9,1.7,3
2.0,0.01,1.0,Missouri,69.4,38,96,73.0,54.1,54.0,59,0.1,1.0,89.1,96.0,99.2,100.0,97.6,116.0,6.7,7.5,10,3.5,6
1.0,0.1,2.0,Virginia,69.4,59,93,59.0,29.2,29.5,34,0.0,0.0,93.7,89.0,104.5,93.0,104.9,102.5,9.7,10.0,14,5.2,7
1.0,0.1,1.0,Tennessee,69.4,52,87,69.0,42.6,42.5,47,0.0,0.0,87.7,87.0,89.9,87.0,109.5,114.5,21.0,21.5,26,7.9,10
2.0,0.01,0.5,Kentucky,69.4,61,75,75.0,28.9,29.5,36,0.0,0.0,87.1,82.0,100.8,103.0,128.8,153.5,12.9,13.0,18,12.8,17
1.0,0.1,0.5,Montana,69.5,55,123,61.0,12.9,13.0,14,0.0,0.0,85.0,69.0,114.4,123.0,153.0,153.0,3.4,4.0,4,1.5,3
0.5,0.05,0.5,Tennessee,69.5,52,87,69.5,18.1,18.5,20,0.0,0.0,96.6,95.5,103.4,106.0,122.5,114.5,8.6,9.0,12,3.2,5
2.0,0.01,0.5,Michigan,69.5,44,95,72.5,34.2,35.0,39,0.2,1.0,82.8,77.0,88.4,79.0,93.0,87.0,17.9,17.5,28,16.2,24
1.0,0.01,2.0,Idaho,69.6,45,101,68.5,10.7,10.5,13,0.4,2.0,79.7,88.0,91.6,99.5,28.0,28.0,24.1,22.0,35,15.5,19
2.0,0.1,1.0,Montana,69.8,55,123,65.0,15.1,15.0,17,0.0,0.0,94.3,82.0,116.4,123.0,153.0,153.0,3.3,3.0,5,1.5,3
2.0,0.01,1.0,Nevada,69.9,35,105,87.0,4.1,4.0,5,0.0,0.0,170.5,111.0,279.2,251.0,108.0,108.0,1.0,1.0,1,0.0,0
0.5,0.1,0.5,Massachusetts,69.9,60,80,71.0,7.0,7.0,8,0.0,0.0,83.5,86.0,89.5,91.0,,,0.0,0.0,0,0.0,0
1.0,0.1,1.0,Massachusetts,70.1,60,80,68.0,7.3,7.0,8,0.0,0.0,78.6,76.0,89.1,88.5,183.8,196.0,2.4,2.0,5,0.2,1
1.0,0.01,0.5,Kentucky,70.2,61,104,61.0,21.0,20.5,25,0.0,0.0,82.6,75.0,103.5,103.5,113.7,124.0,9.4,9.5,12,11.7,16
1.0,0.05,1.0,Montana,70.3,55,123,61.0,13.0,13.0,14,0.0,0.0,122.7,123.0,135.8,129.0,153.0,153.0,4.4,4.0,6,1.1,2
2.0,0.25,0.5,New Jersey,70.5,54,81,73.0,10.8,11.0,11,0.0,0.0,80.2,83.0,84.9,85.0,207.66666666666666,209.0,2.888888888888889,3.0,5,0.2,1
1.0,0.25,1.0,New Hampshire,70.6,58,76,76.0,8.1,8.5,9,0.0,0.0,105.8,91.0,145.4,140.0,213.0,250.0,1.4,1.0,2,0.0,0
2.0,0.25,1.0,New Hampshire,70.6,58,76,76.0,7.8,8.0,9,0.0,0.0,102.9,91.0,138.2,140.0,203.75,238.5,1.375,1.0,3,0.1,1
2.0,0.1,0.5,Connecticut,70.6,50,77,77.0,6.1,6.0,8,0.2,1.0,93.5,92.0,103.6,102.0,78.2,85.0,5.4,5.0,9,1.5,3
0.5,0.1,2.0,Virginia,70.8,59,89,59.0,27.4,27.5,31,0.0,0.0,92.6,89.0,107.8,101.5,127.6,107.0,10.1,10.5,14,3.8,7
2.0,0.01,0.5,Idaho,70.8,36,109,79.0,9.4,9.5,13,3.8,12.0,92.8,103.5,99.1,108.0,31.2,28.0,25.5,26.5,35,15.8,19
2.0,0.01,1.0,Utah,70.9,55,115,63.0,13.7,14.0,15,0.1,1.0,94.9,88.0,104.3,96.0,79.6,83.0,7.8,8.0,10,2.2,3
0.5,0.01,1.0,Washington,70.9,54,94,62.0,6.1,6.0,9,1.1,6.0,81.7,68.0,94.8,82.5,46.2,28.0,13.7,14.5,16,12.7,14
2.0,0.1,1.0,Massachusetts,71.2,60,79,71.0,7.6,7.5,9,0.0,0.0,80.2,79.0,87.8,88.5,128.66666666666666,95.0,3.5,3.0,6,0.2,1
2.0,0.1,0.5,Montana,71.2,55,129,69.0,14.4,14.5,16,0.0,0.0,110.2,123.0,126.3,129.0,153.0,153.0,3.5,3.5,6,1.3,2
0.5,0.01,0.5,Utah,71.3,63,111,63.0,10.6,10.0,13,0.0,0.0,102.7,96.0,112.2,114.0,106.4,100.0,4.0,3.5,8,1.1,3
0.5,0.25,1.0,Connecticut,71.3,50,77,77.0,6.2,6.0,7,0.0,0.0,83.9,85.0,89.5,89.5,97.1,93.0,4.3,4.0,9,1.5,2
2.0,0.1,0.5,Virginia,71.3,56,93,59.0,30.7,31.0,33,0.0,0.0,93.7,91.0,102.1,105.0,104.4,107.0,10.6,10.0,14,4.4,7
0.5,0.01,1.0,Kentucky,71.3,55,118,61.0,19.5,19.0,22,0.0,0.0,90.6,87.0,108.5,103.0,163.1,158.5,6.7,6.5,13,7.0,12
0.5,0.25,2.0,South Carolina,71.4,69,93,69.0,14.0,14.5,16,0.0,0.0,92.8,93.0,141.2,148.0,202.6,200.0,4.5,4.5,5,0.0,0
0.5,0.25,0.5,South Carolina,71.4,69,93,69.0,6.6,6.5,9,0.0,0.0,94.0,93.0,146.0,148.0,307.0,307.0,1.0,1.0,1,0.0,0
2.0,0.25,1.0,South Carolina,71.4,69,93,69.0,15.6,16.0,16,0.0,0.0,94.0,93.0,129.1,128.5,201.3,200.0,7.3,7.5,9,1.9,2
2.0,0.1,2.0,Virginia,71.4,59,93,59.0,28.9,28.5,32,0.0,0.0,97.2,89.0,108.1,101.0,108.3,107.0,10.6,10.5,14,6.1,11
2.0,0.1,0.5,Massachusetts,71.7,64,79,74.0,7.9,8.0,9,0.0,0.0,79.7,79.0,85.8,86.0,183.66666666666666,196.0,3.4444444444444446,3.0,7,0.0,0
0.5,0.01,1.0,New York,71.8,48,110,65.0,10.4,9.5,16,1.2,7.0,96.9,95.0,114.1,108.0,28.0,28.0,130.4,130.0,147,32.7,37
0.5,0.1,1.0,Connecticut,71.9,50,110,72.0,6.2,6.0,8,0.2,1.0,89.8,92.0,102.9,102.0,72.5,59.5,4.9,5.0,10,1.2,2
0.5,0.01,0.5,North Dakota,71.9,65,87,67.0,6.5,6.0,9,0.0,0.0,84.5,84.5,97.5,102.0,126.28571428571429,156.0,1.3333333333333333,2.0,2,1.3,4
2.0,0.01,1.0,Illinois,71.9,55,100,69.0,45.7,46.0,50,0.0,0.0,82.5,78.5,88.6,88.5,62.8,28.0,16.7,15.5,25,7.5,15
1.0,0.01,0.5,Ohio,71.9,55,89,73.5,35.0,34.5,42,0.1,1.0,88.9,90.0,97.7,100.0,73.8,95.0,16.2,16.0,23,17.6,21
2.0,0.01,2.0,Nebraska,72.0,58,95,75.0,36.9,36.5,39,0.0,0.0,79.3,78.5,83.7,83.5,219.5,210.0,2.9,3.0,6,3.1,5
0.5,0.1,1.0,Massachusetts,72.2,60,86,74.0,7.3,7.0,8,0.0,0.0,84.9,85.0,90.5,93.0,139.25,129.0,1.0,1.0,1,0.0,0
0.5,0.01,2.0,North Dakota,72.2,43,102,70.0,13.1,13.0,15,0.0,0.0,90.9,94.5,100.1,102.0,151.1,159.0,5.5,4.5,10,2.5,4
0.5,0.1,1.0,Virginia,72.2,59,93,61.0,17.5,17.5,19,0.0,0.0,97.8,89.0,106.8,93.0,103.9,107.0,8.6,8.5,11,2.6,5
1.0,0.1,0.5,Massachusetts,72.3,60,86,74.0,7.3,7.0,8,0.0,0.0,83.8,84.0,92.4,92.0,185.875,196.0,1.5,1.0,4,0.0,0
0.5,0.1,0.5,Connecticut,72.3,50,77,77.0,4.6,5.0,5,0.1,1.0,87.1,85.0,94.3,92.5,73.4,59.5,3.2,3.0,6,1.4,3
0.5,0.25,0.5,New Hampshire,72.4,58,76,76.0,3.9,4.0,5,0.0,0.0,119.3,140.0,152.6,160.0,88.0,88.0,1.0,1.0,1,0.0,0
1.0,0.01,0.5,North Dakota,72.4,58,98,67.0,8.9,9.0,11,0.0,0.0,85.0,84.5,99.0,94.5,120.4,134.0,4.2,3.5,8,2.9,5
0.5,0.01,2.0,Illinois,72.4,47,92,70.5,38.9,39.5,41,0.1,1.0,82.0,88.5,86.1,90.0,59.7,28.0,14.5,14.0,19,5.7,8
1.0,0.01,2.0,Illinois,72.4,55,92,70.0,45.5,45.5,49,0.0,0.0,82.2,78.5,87.5,85.5,39.6,28.0,20.5,21.0,27,8.3,12
2.0,0.05,0.5,Tennessee,72.5,52,106,69.5,39.2,39.0,43,0.0,0.0,97.2,96.0,107.1,106.0,111.4,133.0,20.7,20.5,26,9.4,14
1.0,0.25,1.0,New Jersey,72.6,54,83,73.0,9.9,10.0,11,0.0,0.0,81.6,82.0,83.5,83.0,208.6,209.0,2.4,2.5,5,0.5,1
2.0,0.01,0.5,Illinois,72.6,55,92,69.0,43.0,43.5,46,0.0,0.0,83.3,74.5,90.1,87.0,59.4,28.0,16.6,17.0,20,6.5,9
2.0,0.01,0.5,Wyoming,72.8,33,109,62.0,8.8,9.0,11,0.0,0.0,90.1,106.0,113.1,108.5,118.66666666666667,117.0,2.5555555555555554,2.0,4,0.0,0
0.5,0.25,1.0,New Jersey,72.9,54,87,81.0,7.5,8.0,9,0.0,0.0,80.7,83.0,87.8,87.0,204.33333333333334,201.0,1.4444444444444444,1.0,2,0.2,1
1.0,0.01,2.0,New York,72.9,60,95,65.0,9.6,10.5,13,1.2,9.0,92.7,98.0,108.3,108.0,28.0,28.0,151.5,155.5,167,36.7,41
2.0,0.25,2.0,New Jersey,73.0,54,87,73.0,10.7,11.0,11,0.0,0.0,80.7,81.0,83.7,83.0,214.1,207.0,3.2,3.0,5,0.1,1
0.5,0.01,0.5,California,73.1,33,92,79.0,3.9,3.5,6,13.2,28.0,105.2,98.0,140.66666666666666,108.0,28.0,28.0,42.5,37.0,71,27.0,30
0.5,0.25,1.0,South Carolina,73.2,69,93,69.0,11.4,11.0,13,0.0,0.0,94.0,93.0,138.6,117.0,257.2,229.0,2.6,3.0,4,0.0,0
1.0,0.25,0.5,South Carolina,73.2,69,93,69.0,11.7,12.0,13,0.0,0.0,94.6,93.0,153.4,167.5,200.0,200.0,3.5,3.5,4,0.0,0
2.0,0.25,0.5,South Carolina,73.2,69,93,69.0,15.5,15.5,16,0.0,0.0,93.4,93.0,123.6,117.0,202.6,200.0,6.1,6.0,8,1.0,1
0.5,0.1,1.0,Montana,73.2,55,123,69.0,11.9,12.0,13,0.1,1.0,93.8,82.0,122.9,123.0,153.0,153.0,3.0,3.0,5,1.1,2
1.0,0.01,0.5,Nevada,73.3,35,121,87.0,3.2,3.0,4,0.1,1.0,176.9,153.0,237.88888888888889,322.0,108.0,108.0,0.8,1.0,1,0.1,1
1.0,0.1,1.0,Connecticut,73.3,50,77,77.0,5.9,6.0,7,0.1,1.0,93.8,89.5,104.8,102.0,87.7,111.0,4.1,3.5,9,1.2,2
2.0,0.1,2.0,Connecticut,73.3,50,77,77.0,5.5,5.5,6,0.1,1.0,88.1,89.5,103.5,105.5,80.9,87.0,5.5,6.5,8,1.7,2
1.0,0.01,1.0,Illinois,73.4,55,115,69.0,42.3,43.0,49,0.1,1.0,81.8,73.5,87.9,82.0,36.5,28.0,14.6,14.5,18,6.1,10
2.0,0.01,0.5,Washington,73.4,42,94,75.5,7.6,8.0,11,1.7,8.0,90.2,86.0,115.4,92.0,43.2,28.0,16.3,15.5,21,14.5,19
2.0,0.01,2.0,California,73.4,33,79,77.0,4.1,4.0,7,14.0,31.0,122.9,97.5,166.25,114.5,28.0,28.0,62.3,59.5,74,29.6,32
ALL,ALL,ALL,Georgia,73.40277777777777,36,203,66.0,39.15277777777778,42.0,60,0.1111111111111111,2.0,87.0111111111111,71.0,98.33611111111111,91.0,145.52212389380531,98.0,3.9080779944289694,4.0,12,5.361111111111111,11
1.0,0.01,2.0,Kentucky,73.5,55,104,75.0,31.7,32.5,35,0.0,0.0,89.1,86.0,102.9,97.5,133.1,158.5,13.8,12.5,19,12.5,18
2.0,0.05,1.0,Vermont,73.6,44,91,80.5,12.6,13.0,14,0.0,0.0,87.6,90.5,94.1,95.5,53.2,28.0,9.5,10.0,13,1.4,3
2.0,0.01,1.0,Kentucky,73.6,61,82,75.0,30.7,31.0,34,0.3,1.0,97.0,94.0,109.2,117.0,144.0,162.0,15.8,14.5,24,12.8,16
1.0,0.25,1.0,South Carolina,73.8,69,93,69.0,16.1,16.0,17,0.0,0.0,93.8,93.0,132.2,117.0,200.0,200.0,5.2,5.0,6,0.0,0
1.0,0.1,2.0,Massachusetts,73.8,60,93,74.0,8.0,8.0,9,0.0,0.0,86.3,85.0,92.6,91.0,207.55555555555554,196.0,2.5555555555555554,2.0,5,0.2,1
0.5,0.01,0.5,Florida,73.8,44,100,74.5,9.2,9.0,13,0.0,0.0,98.7,99.0,120.4,117.5,45.5,28.0,13.4,13.5,18,15.7,19
2.0,0.01,1.0,Idaho,73.8,36,116,81.5,10.5,10.5,13,1.0,3.0,83.4,91.5,97.4,105.0,37.1,28.0,22.4,20.0,34,15.8,18
1.0,0.1,0.5,Connecticut,74.0,67,77,77.0,5.9,6.0,7,0.0,0.0,91.9,92.0,104.9,111.0,101.4,113.0,3.8,3.5,5,1.4,3
2.0,0.01,0.5,Nevada,74.1,35,121,87.0,4.1,4.0,5,0.0,0.0,184.3,202.0,267.4,381.0,108.0,108.0,1.0,1.0,1,0.0,0
1.0,0.01,1.0,Washington,74.1,49,94,75.5,6.1,6.0,8,2.6,15.0,101.6,86.0,135.0,104.0,38.8,28.0,14.6,14.0,17,14.1,18
1.0,0.01,1.0,New York,74.1,60,144,65.0,9.3,9.5,13,2.1,21.0,98.9,95.0,109.7,108.0,28.0,28.0,151.5,152.0,173,36.5,40
2.0,0.25,2.0,New Hampshire,74.2,58,76,76.0,7.8,8.0,9,0.0,0.0,128.1,140.0,147.6,160.0,250.0,250.0,1.0,1.0,1,0.0,0
2.0,0.1,0.5,New Hampshire,74.2,58,76,76.0,6.5,6.5,7,0.0,0.0,122.9,140.0,154.9,160.0,217.6,250.0,1.0,1.0,1,0.0,0
0.5,0.25,2.0,New Hampshire,74.2,58,76,76.0,7.2,7.0,9,0.0,0.0,118.0,125.5,153.8,150.0,244.25,250.0,1.1111111111111112,1.0,2,0.2,1
0.5,0.25,0.5,New Jersey,74.3,54,81,73.0,6.7,7.0,8,0.0,0.0,81.6,82.0,84.7,83.0,,,0.0,0.0,0,0.0,0
1.0,0.01,2.0,Nevada,74.3,44,88,87.0,4.0,4.0,5,0.0,0.0,234.8,286.5,286.3,384.0,108.0,108.0,1.0,1.0,1,0.0,0
0.5,0.1,2.0,Connecticut,74.3,50,77,77.0,6.2,6.0,8,0.1,1.0,94.3,92.0,101.5,93.0,90.4,111.0,4.0,3.0,8,1.4,3
0.5,0.01,2.0,Kentucky,74.3,55,104,75.0,29.0,28.5,34,0.0,0.0,99.3,103.5,110.5,108.0,113.9,141.5,9.9,9.5,15,11.1,14
2.0,0.25,0.5,West Virginia,74.4,70,87,70.0,12.8,13.0,14,0.0,0.0,88.5,88.5,93.5,93.5,198.88888888888889,202.0,2.2222222222222223,2.0,5,0.0,0
ALL,ALL,ALL,Tennessee,74.65,52,159,52.0,35.41111111111111,38.5,51,0.002777777777777778,1.0,104.27222222222223,87.0,111.76388888888889,104.5,108.90277777777777,115.0,16.544444444444444,18.0,33,6.277777777777778,14
2.0,0.01,1.0,Ohio,74.7,55,93,79.5,46.0,47.0,51,0.3,1.0,93.7,91.0,99.8,100.0,88.8,102.5,21.5,21.0,29,19.6,24
2.0,0.01,2.0,Florida,74.9,47,100,74.5,9.5,10.0,11,0.3,2.0,104.3,102.5,122.1,116.0,28.0,28.0,31.9,32.5,38,24.4,29
0.5,0.05,0.5,Maine,75.0,75,75,75.0,3.6,4.0,6,0.0,0.0,125.2,120.0,209.0,217.0,195.75,199.0,1.375,1.0,3,0.3,2
0.5,0.1,0.5,Maine,75.0,75,75,75.0,3.7,3.5,5,0.0,0.0,120.0,120.0,163.6,125.0,208.33333333333334,211.0,1.0,1.0,2,0.9,2
1.0,0.1,0.5,Maine,75.0,75,75,75.0,6.0,6.0,8,0.0,0.0,130.7,120.0,175.9,165.5,191.8,211.0,2.3,2.0,5,1.0,2
0.5,0.25,0.5,Maine,75.0,75,75,75.0,3.3,3.0,4,0.0,0.0,120.0,120.0,125.0,125.0,205.66666666666666,211.0,1.3,1.0,2,1.4,3
0.5,0.1,1.0,Maine,75.0,75,75,75.0,5.5,5.0,7,0.0,0.0,126.2,120.0,153.9,140.0,184.11111111111111,211.0,1.4,1.0,3,1.4,3
1.0,0.1,1.0,Maine,75.0,75,75,75.0,6.8,7.0,8,0.0,0.0,120.0,120.0,139.9,125.0,201.3,211.0,1.9,2.0,4,1.8,3
2.0,0.1,0.5,Maine,75.0,75,75,75.0,7.4,8.0,8,0.0,0.0,120.5,120.0,165.3,163.0,195.55555555555554,211.0,1.9,2.0,4,2.1,4
0.5,0.25,2.0,Maine,75.0,75,75,75.0,8.0,8.0,9,0.0,0.0,120.0,120.0,144.5,125.0,195.9,211.0,2.5,3.0,4,2.4,4
0.5,0.1,2.0,Maine,75.0,75,75,75.0,7.3,7.5,9,0.0,0.0,120.0,120.0,141.4,125.0,210.0,205.0,2.8,3.0,4,2.4,4
2.0,0.25,1.0,Maine,75.0,75,75,75.0,8.8,9.0,10,0.0,0.0,120.0,120.0,125.0,125.0,208.6,211.0,1.2,1.0,2,2.5,4
2.0,0.25,2.0,Maine,75.0,75,75,75.0,8.6,9.0,10,0.0,0.0,120.0,120.0,125.0,125.0,182.0,199.0,2.0,2.0,3,2.7,5
2.0,0.25,0.5,Maine,75.0,75,75,75.0,8.0,8.0,9,0.0,0.0,120.0,120.0,125.0,125.0,197.1,211.0,1.7,1.5,3,2.7,3
1.0,0.25,0.5,Maine,75.0,75,75,75.0,7.1,7.0,9,0.0,0.0,120.0,120.0,125.0,125.0,195.9,211.0,2.7,3.0,4,2.8,3
1.0,0.25,2.0,Maine,75.0,75,75,75.0,8.3,8.0,9,0.0,0.0,120.0,120.0,133.2,125.0,207.4,211.0,1.4,1.0,2,2.9,4
0.5,0.25,1.0,Maine,75.0,75,75,75.0,6.0,6.0,7,0.0,0.0,120.0,120.0,125.0,125.0,205.66666666666666,211.0,1.3,1.0,2,3.0,5
1.0,0.25,1.0,Maine,75.0,75,75,75.0,7.7,8.0,9,0.0,0.0,120.0,120.0,125.0,125.0,205.0,205.0,1.8,2.0,3,3.0,4
0.5,0.1,0.5,New Jersey,75.4,54,87,82.0,5.7,5.5,7,0.0,0.0,85.2,87.0,92.3,90.0,294.0,294.0,1.0,1.0,1,0.0,0
2.0,0.01,2.0,Michigan,75.4,38,100,77.0,36.9,36.5,41,0.1,1.0,87.7,89.0,96.7,99.0,101.9,95.5,17.2,17.0,27,15.9,22
0.5,0.01,0.5,New York,75.4,60,98,65.0,8.5,8.5,11,0.9,6.0,98.0,95.0,110.4,108.0,28.0,28.0,92.3,92.5,99,32.0,34
0.5,0.25,2.0,New Jersey,75.9,54,81,81.0,9.9,10.0,11,0.0,0.0,82.4,83.0,85.4,87.0,204.4,201.0,2.4,2.0,4,0.1,1
0.5,0.01,1.0,Ohio,75.9,55,93,77.0,33.3,33.0,37,0.2,2.0,91.0,86.0,97.9,94.5,89.9,102.0,12.8,12.5,16,15.4,21
0.5,0.25,1.0,New Hampshire,76.0,76,76,76.0,5.3,5.0,6,0.0,0.0,124.4,140.0,152.5,160.0,250.0,250.0,1.0,1.0,1,0.0,0
2.0,0.25,1.0,West Virginia,76.0,70,90,70.0,13.2,13.0,14,0.0,0.0,89.8,90.0,100.2,97.0,188.6,205.0,1.9,2.0,4,0.0,0
2.0,0.25,0.5,New Hampshire,76.0,76,76,76.0,7.4,7.5,9,0.0,0.0,119.2,124.0,148.0,140.0,243.42857142857142,250.0,1.1428571428571428,1.0,2,0.0,0
1.0,0.25,2.0,New Hampshire,76.0,76,76,76.0,7.9,8.0,10,0.0,0.0,114.0,111.0,143.4,140.0,250.0,250.0,1.0,1.0,2,0.1,1
2.0,0.1,2.0,New Hampshire,76.0,76,76,76.0,7.1,7.0,8,0.0,0.0,134.5,140.0,163.0,160.0,250.0,250.0,0.5,0.5,1,0.2,1
0.5,0.01,1.0,Florida,76.0,47,94,86.0,8.7,8.0,15,0.4,1.0,110.0,99.5,129.0,126.5,67.7,28.0,14.9,15.0,22,19.8,26
1.0,0.01,1.0,Florida,76.0,47,94,86.0,8.9,9.0,11,0.3,1.0,101.2,102.5,131.1,119.0,28.0,28.0,22.9,23.5,26,23.0,27
2.0,0.05,2.0,Massachusetts,76.3,60,86,79.0,7.0,7.0,8,0.0,0.0,89.5,93.0,96.5,97.0,162.8,150.5,2.8,2.5,5,0.5,1
2.0,0.05,1.0,Tennessee,76.3,52,106,69.5,41.8,42.0,45,0.0,0.0,104.8,106.0,109.6,113.0,101.7,134.5,20.4,20.0,24,8.6,11
1.0,0.01,1.0,Ohio,76.3,55,134,72.5,43.1,43.5,45,0.0,0.0,89.0,84.5,96.7,89.0,106.3,105.5,19.5,20.5,25,18.9,24
2.0,0.01,2.0,Utah,76.4,33,114,63.0,15.3,16.0,18,0.0,0.0,100.1,107.0,108.5,113.0,101.6,107.5,8.0,8.0,11,1.2,3
2.0,0.05,1.0,Massachusetts,76.5,64,79,79.0,7.1,7.0,8,0.0,0.0,89.2,89.5,97.8,97.0,160.88888888888889,196.0,2.6,3.0,5,0.6,1
0.5,0.1,2.0,Montana,76.6,55,123,65.0,13.8,14.0,15,0.0,0.0,102.3,123.0,116.2,129.0,153.0,153.0,2.7,2.5,4,1.8,3
2.0,0.25,2.0,West Virginia,76.7,70,90,70.0,13.7,13.5,15,0.0,0.0,89.5,90.0,100.5,97.0,196.9,208.0,1.6,1.0,3,0.0,0
1.0,0.01,2.0,Wyoming,76.7,33,109,91.0,8.9,9.0,11,0.0,0.0,93.4,104.0,123.5,107.0,124.625,119.5,1.5,1.0,3,0.2,1
2.0,0.1,1.0,Connecticut,76.8,67,85,77.0,6.2,6.0,7,0.0,0.0,91.1,92.0,100.8,97.0,73.7,60.5,4.5,4.5,6,1.3,2
2.0,0.01,0.5,North Dakota,76.8,43,102,69.0,14.9,14.5,17,0.0,0.0,90.3,98.0,103.5,102.0,117.5,139.0,10.0,9.0,15,2.8,6
1.0,0.05,0.5,Tennessee,76.8,52,106,69.5,32.1,33.0,33,0.0,0.0,102.6,106.0,108.8,112.5,85.3,75.5,14.8,14.5,22,7.3,11
0.5,0.01,1.0,North Dakota,76.9,65,98,78.5,8.9,9.5,11,0.1,1.0,91.6,92.0,110.8,104.0,153.4,153.0,2.9,2.5,5,1.9,4
2.0,0.01,1.0,North Dakota,76.9,43,98,78.5,15.2,16.0,17,0.0,0.0,90.9,94.5,106.1,103.0,102.4,123.0,10.3,10.0,17,3.2,5
0.5,0.01,1.0,Oregon,76.9,62,111,62.0,7.4,8.0,9,0.0,0.0,106.7,96.0,126.1,111.0,111.57142857142857,104.0,2.0,2.0,5,3.2,6
2.0,0.05,0.5,Connecticut,77.0,77,77,77.0,5.7,6.0,7,0.0,0.0,104.5,111.0,117.7,120.5,28.0,28.0,4.5,4.5,7,1.1,2
1.0,0.05,1.0,Tennessee,77.1,52,106,69.5,38.8,40.0,43,0.0,0.0,100.2,105.0,106.7,109.0,145.2,140.0,18.1,17.5,28,8.1,10
0.5,0.05,2.0,Massachusetts,77.2,60,93,74.0,6.8,7.0,8,0.0,0.0,92.5,93.0,99.0,97.0,189.33333333333334,196.0,2.4444444444444446,3.0,4,0.5,1
0.5,0.01,0.5,Maryland,77.2,58,92,88.0,5.4,6.0,7,0.3,2.0,100.1,92.0,140.4,137.0,108.3,102.0,5.4,5.0,10,0.6,2
1.0,0.05,2.0,Massachusetts,77.4,60,93,74.0,7.6,8.0,8,0.0,0.0,91.5,93.0,97.7,97.0,198.1,206.0,2.6,2.5,5,0.2,1
0.5,0.1,2.0,Massachusetts,77.5,64,91,74.0,7.3,7.0,8,0.0,0.0,86.1,87.5,91.2,89.5,193.7,196.0,2.1,2.0,4,0.1,1
1.0,0.1,2.0,Connecticut,77.6,67,93,77.0,6.3,6.5,8,0.1,1.0,93.8,92.0,102.0,102.0,103.3,116.0,4.4,4.0,7,1.3,2
1.0,0.1,2.0,Montana,77.6,61,123,61.0,14.5,14.5,17,0.0,0.0,102.6,123.0,124.6,129.0,153.0,153.0,3.4,4.0,4,1.3,4
0.5,0.05,1.0,Connecticut,77.7,50,111,77.0,6.1,6.0,7,0.2,1.0,107.0,111.0,119.5,123.0,49.7,28.0,4.0,3.5,8,1.1,2
1.0,0.1,1.0,New Jersey,77.9,54,88,82.0,8.7,9.0,10,0.0,0.0,86.3,85.0,94.3,87.5,238.2,233.0,2.9,3.0,5,0.9,2
1.0,0.25,2.0,South Carolina,78.0,69,93,69.0,16.6,17.0,18,0.0,0.0,97.2,93.0,120.4,117.0,201.3,200.0,6.7,6.5,9,0.0,0
2.0,0.25,2.0,South Carolina,78.0,69,93,69.0,16.2,16.0,17,0.0,0.0,97.2,93.0,122.7,117.0,201.3,200.0,7.3,7.5,9,3.0,3
1.0,0.25,2.0,West Virginia,78.1,70,87,80.0,13.6,13.5,15,0.0,0.0,88.8,90.0,94.2,97.0,205.0,202.0,2.6,3.0,4,0.0,0
2.0,0.01,2.0,Kentucky,78.2,61,104,75.0,32.2,32.5,38,0.1,1.0,97.3,103.0,111.8,113.0,72.4,28.0,15.0,14.5,19,11.9,16
2.0,0.01,0.5,New York,78.2,60,108,65.0,9.8,10.0,13,0.7,6.0,100.0,101.5,120.6,133.0,28.0,28.0,142.5,144.0,160,36.1,40
1.0,0.1,0.5,New Jersey,78.3,54,87,81.0,7.7,7.5,9,0.0,0.0,83.8,83.0,92.8,87.0,208.8,201.0,1.8,1.5,4,0.4,1
2.0,0.01,1.0,Maryland,78.3,58,133,73.0,9.1,9.0,11,0.2,1.0,106.1,92.0,141.6,142.5,114.4,83.0,8.8,9.5,13,1.1,3
0.5,0.01,2.0,Ohio,78.3,55,106,85.0,41.8,42.5,47,0.5,3.0,92.1,87.0,99.2,97.5,54.7,28.0,17.9,19.0,22,19.2,27
1.0,0.01,1.0,Kentucky,78.5,61,109,75.0,28.3,28.0,32,0.1,1.0,101.2,107.5,111.6,109.0,170.4,159.0,10.6,10.5,18,12.3,16
2.0,0.01,2.0,New York,78.5,60,131,65.0,9.3,9.5,12,0.5,2.0,101.1,98.0,113.7,111.0,28.0,28.0,154.6,156.0,175,36.9,41
0.5,0.25,2.0,West Virginia,78.7,70,90,75.0,12.1,12.0,14,0.0,0.0,90.8,90.0,110.0,97.0,208.77777777777777,208.0,2.111111111111111,2.0,4,0.0,0
2.0,0.01,2.0,Idaho,78.7,34,109,88.0,11.6,12.5,14,0.1,1.0,92.2,98.0,100.7,101.0,39.0,28.0,21.1,21.0,35,14.1,19
1.0,0.01,0.5,Indiana,79.1,61,109,70.0,34.7,34.5,39,0.0,0.0,93.3,90.0,101.3,97.0,104.9,111.0,10.2,10.0,16,7.0,10
0.5,0.05,1.0,Montana,79.2,55,123,61.0,10.3,10.0,12,0.0,0.0,109.7,123.0,128.9,131.5,153.0,153.0,3.9,4.0,6,0.7,2
1.0,0.1,2.0,New Jersey,79.2,54,90,82.0,8.9,9.0,10,0.0,0.0,88.5,87.0,98.6,99.0,218.8,211.0,3.2,3.0,5,0.9,2
1.0,0.01,2.0,Washington,79.2,42,97,94.0,6.7,6.0,11,0.8,6.0,92.9,99.5,116.0,115.0,68.6,28.0,13.8,13.0,22,15.8,19
0.5,0.05,1.0,Virginia,79.3,49,118,89.0,16.6,16.0,20,0.0,0.0,104.6,101.0,129.2,129.0,128.7,107.0,8.0,8.0,13,2.5,5
2.0,0.1,1.0,Maine,79.5,75,120,75.0,8.3,8.0,10,0.0,0.0,120.5,120.0,152.4,125.0,261.3,211.0,1.8,2.0,3,2.3,4
1.0,0.1,2.0,Maine,79.5,75,120,75.0,7.6,7.5,9,0.0,0.0,120.5,120.0,156.3,125.0,267.7,205.0,1.8,1.5,3,2.4,3
2.0,0.1,2.0,Maine,79.5,75,120,75.0,7.6,8.0,9,0.0,0.0,121.5,120.0,142.6,125.0,234.77777777777777,211.0,1.5,1.5,3,2.7,4
0.5,0.01,0.5,Nevada,79.6,35,105,87.0,2.3,2.0,5,0.0,0.0,143.71428571428572,153.0,151.5,153.5,108.0,108.0,1.0,1.0,1,0.0,0
0.5,0.25,0.5,West Virginia,79.7,70,90,78.5,6.5,6.5,8,0.0,0.0,91.6,90.0,108.9,97.0,213.42857142857142,218.0,0.7,1.0,1,1.0,1
1.0,0.01,0.5,Washington,79.7,48,118,88.5,4.7,5.0,7,1.9,6.0,97.7,98.0,138.3,141.0,60.6,28.0,11.7,12.0,16,14.4,17
0.5,0.01,0.5,Ohio,79.9,55,124,78.0,23.6,24.0,28,0.0,0.0,87.3,87.0,97.9,96.0,97.5,105.5,10.6,10.5,14,13.7,18
0.5,0.25,1.0,West Virginia,80.0,70,90,80.0,10.2,10.0,11,0.0,0.0,91.8,90.0,116.6,97.0,200.0,208.0,2.3,2.5,4,0.0,0
2.0,0.1,1.0,West Virginia,80.0,70,90,80.0,11.9,12.0,14,0.0,0.0,92.9,93.5,125.4,105.5,207.42857142857142,208.0,1.7142857142857142,1.0,4,0.0,0
2.0,0.05,1.0,Montana,80.0,61,123,69.0,13.1,13.0,14,0.0,0.0,111.5,123.0,136.0,137.0,153.0,153.0,5.0,5.0,6,2.1,3
1.0,0.25,1.0,West Virginia,80.4,70,90,83.5,12.7,12.0,15,0.0,0.0,91.2,90.0,107.2,97.0,200.8,208.0,2.2,2.0,4,0.0,0
2.0,0.01,2.0,Ohio,80.4,55,98,84.5,43.8,43.5,49,0.3,2.0,93.8,95.5,101.9,106.5,80.7,88.5,21.9,22.0,28,20.1,25
1.0,0.1,2.0,New Hampshire,80.5,76,91,76.0,6.6,7.0,7,0.0,0.0,134.2,140.0,170.6,162.5,242.33333333333334,250.0,1.0,1.0,1,0.0,0
1.0,0.01,0.5,Florida,80.5,55,94,93.0,8.2,8.5,10,0.3,2.0,104.0,99.5,127.2,125.5,35.8,28.0,15.1,15.0,21,21.0,24
2.0,0.25,1.0,Rhode Island,80.6,47,159,47.0,3.0,3.0,3,0.0,0.0,187.0,186.0,199.2,196.0,72.0,72.0,1.0,1.0,1,0.0,0
2.0,0.1,2.0,New Jersey,80.6,73,87,81.0,9.4,9.5,11,0.0,0.0,85.3,87.0,95.4,89.0,215.2,203.0,3.9,4.0,7,0.5,1
0.5,0.1,2.0,New Jersey,80.6,54,87,82.0,8.6,8.5,10,0.0,0.0,89.2,87.0,98.5,89.0,213.0,201.0,2.5555555555555554,3.0,5,0.6,2
2.0,0.05,2.0,Connecticut,80.6,67,93,77.0,5.8,6.0,7,0.2,1.0,106.2,111.0,118.0,113.0,73.4,28.0,3.7,4.0,7,1.2,2
2.0,0.05,0.5,West Virginia,80.7,70,97,80.0,10.4,10.0,13,0.0,0.0,94.5,97.0,143.0,161.5,215.625,208.0,1.0,1.0,2,0.1,1
0.5,0.01,2.0,Washington,80.7,68,102,75.5,6.7,7.5,9,1.8,6.0,96.2,95.5,109.9,105.0,50.6,28.0,14.6,15.0,19,13.9,17
2.0,0.01,1.0,Washington,80.7,42,150,80.5,7.8,8.0,10,0.5,3.0,94.4,90.5,104.6,95.5,33.6,28.0,13.8,14.0,21,15.0,18
2.0,0.01,1.0,New York,80.8,60,110,80.0,9.8,9.5,16,1.0,6.0,105.0,108.0,119.7,124.0,28.0,28.0,145.1,145.0,164,37.3,41
1.0,0.01,2.0,Maryland,81.0,58,92,90.0,9.1,9.0,11,0.7,3.0,129.5,133.0,173.1,166.0,121.1,120.5,8.7,8.0,15,1.8,4
2.0,0.1,1.0,Virginia,81.0,59,89,89.0,29.3,29.0,31,0.1,1.0,90.4,89.0,99.6,93.0,100.4,96.0,11.6,12.5,14,5.3,7
1.0,0.01,1.0,North Dakota,81.2,65,102,72.0,13.8,14.0,16,0.0,0.0,92.0,92.0,106.8,103.0,127.2,134.0,6.4,6.5,10,3.3,7
1.0,0.25,0.5,West Virginia,81.4,70,90,87.0,11.1,11.0,12,0.0,0.0,91.2,90.0,113.6,97.0,205.4,202.0,2.5,2.5,4,0.0,0
2.0,0.1,0.5,West Virginia,81.4,70,90,87.0,12.0,13.0,13,0.0,0.0,92.5,93.5,119.2,102.0,197.25,202.0,1.875,2.0,3,0.0,0
1.0,0.05,1.0,Connecticut,81.4,67,111,77.0,5.6,5.5,7,0.0,0.0,106.2,111.0,118.5,123.0,44.6,28.0,4.1,4.0,6,1.1,3
0.5,0.01,0.5,Indiana,81.4,64,89,89.0,22.7,23.5,25,0.0,0.0,88.9,91.0,99.4,94.0,90.2,110.0,8.7,7.5,14,5.2,7
2.0,0.01,2.0,Illinois,81.8,69,92,84.5,46.2,47.0,50,0.0,0.0,88.8,92.0,97.4,99.5,66.8,28.0,19.4,20.0,23,6.7,13
1.0,0.01,0.5,New York,81.8,65,110,84.5,7.8,7.0,12,1.2,6.0,99.1,96.5,109.8,103.5,28.0,28.0,135.0,131.5,148,37.2,39
0.5,0.05,1.0,Massachusetts,81.9,68,97,80.0,6.9,7.0,7,0.0,0.0,93.3,95.0,100.9,98.0,224.66666666666666,239.0,1.0,1.0,1,0.0,0
2.0,0.1,1.0,New Jersey,81.9,73,87,81.0,9.6,9.5,11,0.0,0.0,88.1,87.0,95.9,88.0,221.22222222222223,211.0,3.3333333333333335,3.0,6,0.4,1
0.5,0.01,2.0,Florida,81.9,55,100,94.0,10.2,10.0,12,0.2,2.0,108.2,104.0,130.2,118.0,33.9,28.0,20.1,20.0,26,21.2,24
2.0,0.01,2.0,Nevada,82.0,36,88,87.0,3.9,4.0,5,0.0,0.0,243.2,251.0,358.7,395.0,108.0,108.0,1.0,1.0,1,0.0,0
2.0,0.05,0.5,Massachusetts,82.0,74,93,79.0,6.8,7.0,8,0.0,0.0,91.8,93.0,98.5,97.0,162.88888888888889,196.0,2.5555555555555554,2.0,4,0.4,1
1.0,0.01,1.0,Maryland,82.0,58,144,88.0,9.0,9.5,10,0.2,1.0,104.9,92.0,139.6,134.0,52.4,28.0,7.7,8.0,13,1.2,3
2.0,0.01,0.5,Oregon,82.0,62,96,94.0,7.9,8.0,9,0.0,0.0,108.6,116.0,154.0,150.0,130.5,126.0,3.8,3.0,9,6.9,8
2.0,0.1,1.0,South Carolina,82.2,69,93,87.0,15.1,15.0,17,0.0,0.0,99.4,93.0,131.9,133.5,201.0,200.0,7.7,7.0,10,1.7,2
0.5,0.1,1.0,New Jersey,82.3,73,108,81.0,7.3,7.0,8,0.0,0.0,86.8,83.0,94.2,87.0,207.25,211.0,1.25,1.0,2,0.7,1
2.0,0.1,0.5,New Jersey,82.3,54,87,87.0,9.2,9.5,11,0.0,0.0,85.4,88.0,99.3,108.0,226.3,211.0,2.6,3.0,5,0.8,1
1.0,0.01,1.0,Oregon,82.3,53,121,88.5,8.7,8.5,11,0.0,0.0,100.3,96.0,138.9,121.0,192.6,122.0,2.1,2.0,4,6.1,9
0.5,0.01,2.0,Oregon,82.3,62,96,90.0,7.9,8.0,9,0.0,0.0,102.7,103.5,126.3,116.0,142.33333333333334,122.0,2.9,3.0,6,6.6,9
1.0,0.01,2.0,Ohio,82.3,59,102,86.0,45.5,45.0,51,0.1,1.0,89.7,89.0,97.2,98.0,88.3,102.5,20.6,20.5,32,18.9,27
1.0,0.25,0.5,New Hampshire,82.4,76,140,76.0,6.9,7.0,8,0.0,0.0,119.1,124.0,148.2,140.0,246.71428571428572,250.0,1.1428571428571428,1.0,2,0.0,0
0.5,0.1,1.0,New Hampshire,82.4,76,140,76.0,5.8,6.0,7,0.0,0.0,136.9,140.0,163.9,160.0,250.0,250.0,1.0,1.0,1,0.0,0
0.5,0.1,2.0,New Hampshire,82.4,76,140,76.0,6.7,6.5,8,0.0,0.0,140.8,140.0,169.9,162.5,250.0,250.0,0.5,0.5,1,0.1,1
1.0,0.1,1.0,New Hampshire,82.4,76,140,76.0,6.8,7.0,8,0.0,0.0,131.8,140.0,166.2,160.0,250.0,250.0,0.75,1.0,1,0.1,1
1.0,0.01,2.0,Florida,82.6,55,100,86.0,10.3,11.0,13,0.5,2.0,110.3,102.5,130.7,118.0,28.0,28.0,28.5,27.5,33,23.8,26
2.0,0.05,1.0,Connecticut,82.7,77,111,77.0,5.8,6.0,7,0.0,0.0,106.6,111.0,118.8,122.0,68.4,28.0,4.4,4.5,7,1.0,2
2.0,0.05,0.5,Montana,82.8,61,123,69.0,13.4,13.0,15,0.0,0.0,126.4,123.0,142.2,145.0,153.0,153.0,3.9,4.0,6,0.7,1
1.0,0.05,2.0,Connecticut,82.9,67,111,77.0,5.8,6.0,7,0.0,0.0,102.7,101.0,113.2,111.0,47.0,28.0,5.1,5.5,7,1.3,3
1.0,0.1,0.5,New Hampshire,83.0,76,111,76.0,6.5,7.0,7,0.0,0.0,124.4,140.0,152.0,160.0,250.0,250.0,1.0,1.0,1,0.0,0
2.0,0.25,2.0,North Carolina,83.0,53,93,93.0,29.9,30.0,32,0.9,1.0,131.0,138.0,151.6,155.0,172.4,120.0,4.0,3.5,7,2.2,4
2.0,0.01,0.5,Florida,83.0,47,100,94.0,9.6,10.0,13,0.7,4.0,111.8,117.5,142.6,153.0,56.8,28.0,22.7,22.5,29,23.0,29
2.0,0.1,2.0,West Virginia,83.1,70,90,87.0,12.0,12.0,14,0.0,0.0,93.5,93.5,127.6,105.5,286.6666666666667,208.0,1.3333333333333333,1.0,2,0.0,0
1.0,0.01,0.5,Maryland,83.2,58,92,88.0,8.2,8.0,10,0.0,0.0,104.6,92.0,142.6,142.5,97.2,89.5,6.9,6.5,14,0.6,2
2.0,0.01,0.5,Maryland,83.2,58,92,88.0,8.4,9.0,10,0.5,3.0,118.2,95.0,161.4,144.0,97.8,97.5,8.4,8.5,14,1.5,3
0.5,0.01,1.0,Indiana,83.2,70,100,89.0,32.4,32.0,36,0.0,0.0,93.6,90.5,96.6,93.5,94.6,104.0,10.5,9.5,18,6.3,8
0.5,0.1,1.0,South Carolina,83.4,69,93,93.0,8.8,8.5,11,0.0,0.0,102.6,109.0,169.0,183.0,269.875,295.0,1.75,2.0,3,0.0,0
1.0,0.1,2.0,West Virginia,83.4,70,90,87.0,11.8,12.0,13,0.0,0.0,93.5,93.5,125.7,100.0,199.55555555555554,202.0,1.4444444444444444,1.0,2,0.1,1
2.0,0.25,1.0,North Carolina,83.5,53,138,93.0,28.7,29.0,31,0.7,1.0,126.1,138.0,152.0,155.0,186.5,190.5,2.8,2.5,6,1.9,4
1.0,0.1,1.0,West Virginia,84.1,70,97,88.5,11.6,12.0,13,0.0,0.0,93.8,93.5,133.7,130.5,213.33333333333334,208.0,1.7777777777777777,2.0,3,0.0,0
1.0,0.01,2.0,Indiana,84.1,64,91,89.0,42.0,42.0,45,0.0,0.0,90.1,91.0,100.2,101.5,82.7,101.5,13.1,12.5,21,10.2,14
2.0,0.05,2.0,New Jersey,84.3,73,88,87.0,7.9,8.0,9,0.0,0.0,98.9,108.0,139.1,135.5,224.3,210.0,4.2,5.0,5,1.5,2
2.0,0.01,1.0,Florida,84.3,47,100,94.0,9.8,9.5,13,0.1,1.0,107.0,105.0,126.8,118.0,35.8,28.0,28.2,28.0,35,24.0,26
1.0,0.1,0.5,West Virginia,84.4,70,97,90.0,10.4,10.0,12,0.0,0.0,95.5,97.0,128.4,110.5,214.66666666666666,208.0,1.2222222222222223,1.0,2,0.0,0
0.5,0.05,0.5,Montana,84.4,61,129,71.5,7.5,7.5,10,0.0,0.0,110.2,123.0,141.1,145.0,244.6,249.0,0.7142857142857143,1.0,1,0.4,1
0.5,0.1,0.5,West Virginia,84.4,70,97,90.0,5.8,5.5,7,0.0,0.0,101.6,97.0,144.8,164.0,202.0,202.0,0.3,0.0,2,1.0,1
2.0,0.05,0.5,Virginia,84.4,59,118,91.0,26.2,26.0,31,0.0,0.0,105.3,109.5,122.0,118.0,146.4,160.0,9.8,9.5,15,4.3,8
2.0,0.01,0.5,Ohio,84.4,55,106,86.0,43.0,44.0,49,0.3,1.0,91.7,93.0,99.0,101.5,83.0,100.0,21.9,22.0,28,19.2,26
0.5,0.05,2.0,Connecticut,84.7,77,111,77.0,5.7,6.0,7,0.0,0.0,103.3,110.0,115.4,111.0,97.4,127.5,3.8,4.0,7,1.1,2
1.0,0.05,0.5,Massachusetts,84.9,74,97,86.0,6.7,7.0,7,0.0,0.0,94.6,93.0,100.5,98.0,203.77777777777777,196.0,1.6666666666666667,1.0,4,0.4,1
0.5,0.05,2.0,New Jersey,84.9,73,108,85.0,7.2,7.0,8,0.0,0.0,102.3,108.0,130.6,127.5,230.7,215.0,2.2,2.5,3,1.2,2
0.5,0.05,0.5,Connecticut,85.0,77,110,77.0,5.0,5.0,6,0.2,1.0,103.5,110.5,115.7,117.0,46.3,28.0,3.4,4.0,5,1.2,2
2.0,0.25,0.5,North Carolina,85.0,53,93,93.0,28.2,28.5,29,0.8,1.0,126.5,138.0,146.9,148.5,186.5,190.5,3.0,3.0,4,1.4,3
1.0,0.01,1.0,Indiana,85.1,70,95,89.0,39.4,40.0,42,0.0,0.0,92.4,91.0,99.3,98.5,94.7,108.0,11.3,11.5,15,8.9,13
1.0,0.1,1.0,South Carolina,85.2,69,93,93.0,12.0,11.5,14,0.0,0.0,102.0,109.0,153.3,179.0,204.2,200.0,4.4,5.0,6,0.0,0
0.5,0.05,1.0,West Virginia,85.4,70,107,90.0,7.8,8.0,9,0.0,0.0,95.9,97.0,170.3,170.5,249.0,228.5,1.25,1.0,2,0.1,1
0.5,0.1,2.0,West Virginia,85.7,70,90,90.0,10.3,10.0,12,0.0,0.0,94.6,97.0,140.2,153.5,211.14285714285714,208.0,1.2857142857142858,1.0,2,0.0,0
ALL,ALL,ALL,Massachusetts,85.70833333333333,54,176,74.0,7.111111111111111,7.0,9,0.0,0.0,100.00555555555556,86.0,110.16944444444445,93.0,177.8372093023256,196.0,2.2852459016393443,2.0,7,0.21944444444444444,2
2.0,0.05,2.0,Tennessee,85.8,52,106,87.0,42.7,42.5,46,0.1,1.0,103.4,106.0,110.0,112.0,104.0,121.0,23.1,23.5,28,7.5,9
0.5,0.05,2.0,West Virginia,86.0,70,90,90.0,9.4,9.0,11,0.0,0.0,105.0,97.0,151.6,164.0,216.5,213.0,1.6666666666666667,1.5,3,0.0,0
1.0,0.05,2.0,Tennessee,86.0,52,106,87.0,42.7,43.0,44,0.0,0.0,99.9,103.5,110.3,109.5,105.6,129.0,19.6,19.0,26,7.5,12
0.5,0.05,1.0,New Jersey,86.3,81,108,83.5,6.9,7.0,8,0.0,0.0,102.5,87.5,133.9,108.0,235.0,211.0,0.8888888888888888,1.0,2,0.8,2
0.5,0.01,2.0,Indiana,86.3,64,100,89.0,38.4,39.0,43,0.0,0.0,95.3,91.0,102.5,102.0,94.7,112.5,9.7,9.5,14,8.8,12
0.5,0.01,0.5,Idaho,86.3,45,116,92.0,8.6,8.5,11,0.9,6.0,95.6,99.5,107.4,117.5,47.1,28.0,11.9,10.0,19,9.1,13
ALL,ALL,ALL,Connecticut,86.33611111111111,50,159,77.0,5.780555555555556,6.0,8,0.12222222222222222,1.0,104.34166666666667,93.0,114.57222222222222,111.0,103.53954802259886,109.0,4.146067415730337,4.0,11,1.2138888888888888,3
2.0,0.05,0.5,New Jersey,86.4,83,88,87.0,8.2,8.5,10,0.0,0.0,104.6,108.0,141.0,135.5,233.0,223.5,3.2,3.0,5,1.1,2
0.5,0.1,1.0,West Virginia,86.7,70,97,90.0,9.5,9.5,11,0.0,0.0,95.9,97.0,132.5,114.0,203.66666666666666,208.0,1.4444444444444444,1.0,3,0.0,0
2.0,0.05,1.0,New Jersey,87.2,81,108,87.0,8.8,9.0,10,0.0,0.0,107.5,98.0,126.5,111.0,231.3,233.0,3.1,2.5,7,1.2,2
2.0,0.01,2.0,North Dakota,87.3,65,102,84.5,16.4,16.5,20,0.0,0.0,103.9,102.0,129.2,132.0,128.6,150.0,10.9,10.5,14,2.7,7
2.0,0.01,2.0,Indiana,87.5,70,102,89.0,43.0,43.0,45,0.2,1.0,101.2,100.0,109.8,110.0,83.8,118.0,12.3,13.0,16,10.2,13
0.5,0.1,2.0,South Carolina,87.6,69,93,93.0,11.6,12.0,14,0.0,0.0,104.2,109.0,156.5,179.0,202.1,200.0,4.1,4.5,5,0.0,0
2.0,0.01,1.0,Indiana,87.8,64,110,89.0,41.5,41.0,44,0.0,0.0,95.1,91.0,102.8,101.0,98.8,112.5,13.5,14.0,20,11.7,15
2.0,0.01,0.5,Indiana,88.0,75,100,89.0,41.9,42.0,46,0.2,1.0,96.7,91.0,105.3,101.5,68.9,67.0,13.5,13.5,18,9.0,17
1.0,0.05,2.0,New Jersey,88.1,54,157,87.0,8.6,8.0,11,0.0,0.0,99.2,88.0,125.8,108.0,216.4,212.0,2.2,2.0,3,0.9,2
1.0,0.1,0.5,South Carolina,88.2,69,93,93.0,10.2,10.0,12,0.0,0.0,105.8,109.0,162.8,183.0,222.8,213.0,3.2,3.0,4,0.0,0
0.5,0.01,0.5,Washington,88.2,42,129,94.0,4.8,4.0,7,2.7,8.0,107.4,116.0,135.3,141.0,28.0,28.0,8.8,8.5,14,13.4,17
0.5,0.05,1.0,Maine,88.5,75,120,75.0,5.6,6.0,8,0.0,0.0,162.2,125.0,218.5,227.0,208.0,211.0,1.0,1.0,2,0.6,2
ALL,ALL,ALL,Montana,88.56666666666666,55,186,69.0,11.761111111111111,13.0,18,0.005555555555555556,1.0,110.83888888888889,123.0,128.36974789915968,129.0,164.64156626506025,153.0,3.101156069364162,3.0,7,1.3083333333333333,5
1.0,0.05,2.0,Virginia,88.6,59,143,89.0,26.3,26.5,29,0.0,0.0,115.9,118.0,128.8,143.0,125.8,107.0,9.9,10.0,12,5.0,8
1.0,0.05,1.0,New Jersey,88.7,54,114,87.0,7.6,8.0,8,0.0,0.0,119.1,108.0,152.1,149.0,230.0,224.0,2.8,3.0,4,0.9,2
1.0,0.05,0.5,Connecticut,88.8,77,111,77.0,6.1,6.0,7,0.0,0.0,107.2,111.0,117.3,119.0,87.0,80.0,3.5,3.5,6,0.9,1
1.0,0.05,1.0,Massachusetts,88.9,74,106,93.0,7.3,7.0,9,0.0,0.0,98.8,97.0,103.7,98.0,213.9,232.0,1.8,2.0,4,0.1,1
0.5,0.25,0.5,North Carolina,89.0,53,93,93.0,8.0,8.0,11,0.9,1.0,131.0,138.0,151.6,155.0,165.88888888888889,130.0,1.4,1.0,3,1.0,1
0.5,0.05,2.0,Virginia,89.0,59,118,93.0,24.5,24.5,27,0.0,0.0,115.2,118.0,128.7,143.0,121.4,107.0,10.6,10.5,19,3.8,6
2.0,0.05,0.5,Maine,89.2,75,172,75.0,6.9,7.0,8,0.0,0.0,157.3,120.0,231.7,217.5,223.375,211.0,1.3,1.0,4,1.8,2
2.0,0.05,1.0,Maine,89.2,75,172,75.0,7.2,7.0,8,0.0,0.0,152.7,120.0,219.2,217.5,214.6,205.0,1.7,1.5,3,1.9,2
1.0,0.05,2.0,West Virginia,89.3,70,103,90.0,11.3,11.0,13,0.0,0.0,114.5,97.0,159.5,164.0,217.0,208.0,1.7142857142857142,2.0,3,0.1,1
0.5,0.05,0.5,New Jersey,89.4,54,157,87.0,4.3,5.0,7,0.0,0.0,105.8,108.0,121.125,114.0,245.0,245.0,1.0,1.0,1,0.0,0
0.5,0.05,0.5,West Virginia,89.4,70,97,90.0,5.3,5.0,7,0.0,0.0,124.4,97.0,165.0,177.0,,,0.0,0.0,0,0.7,1
1.0,0.25,2.0,North Carolina,89.5,53,138,93.0,28.7,28.5,30,0.7,1.0,124.4,138.0,148.2,155.0,211.7,251.0,3.5,3.0,5,1.7,3
0.5,0.05,0.5,Massachusetts,89.6,74,107,93.0,6.6,7.0,7,0.0,0.0,96.8,97.0,104.7,101.5,,,0.0,0.0,0,0.1,1
1.0,0.05,0.5,New Jersey,89.7,81,114,87.0,6.1,6.0,7,0.0,0.0,107.7,98.0,131.6,111.0,233.5,220.5,2.3,2.0,5,1.1,2
1.0,0.1,2.0,South Carolina,90.0,69,93,93.0,13.8,14.0,16,0.0,0.0,105.8,109.0,140.6,150.0,207.2,213.0,5.0,5.0,7,0.1,1
1.0,0.05,2.0,South Carolina,90.0,69,93,93.0,12.3,12.0,15,0.0,0.0,117.1,109.0,146.1,150.0,264.5,253.0,3.9,4.0,6,0.2,1
2.0,0.1,0.5,South Carolina,90.0,69,93,93.0,12.6,13.0,16,0.0,0.0,105.8,109.0,145.9,150.0,210.4,213.0,4.3,4.0,7,0.9,1
0.5,0.25,1.0,North Carolina,90.0,63,93,93.0,18.0,18.0,20,1.0,1.0,135.5,138.0,153.3,155.0,185.5,185.5,2.1,2.0,4,1.0,1
0.5,0.25,2.0,North Carolina,90.0,63,93,93.0,25.6,26.0,28,1.0,1.0,139.7,138.0,157.7,155.0,173.4,125.0,2.0,2.0,3,1.5,2
2.0,0.01,2.0,Washington,90.3,54,118,94.0,7.1,7.5,9,1.5,5.0,102.2,101.5,134.7,127.0,62.5,28.0,13.5,14.0,19,15.4,18
1.0,0.05,0.5,South Carolina,90.6,69,93,93.0,7.7,7.0,11,0.0,0.0,107.4,109.0,157.3,179.0,214.2,195.0,3.4,3.5,7,0.0,0
0.5,0.05,0.5,South Carolina,90.6,69,93,93.0,5.3,5.0,7,0.0,0.0,122.2,109.0,186.4,183.0,256.75,274.5,1.375,1.0,3,0.0,0
2.0,0.1,2.0,South Carolina,90.6,69,93,93.0,14.9,15.0,16,0.0,0.0,107.4,109.0,146.7,150.0,200.6,200.0,7.8,8.0,10,2.4,3
1.0,0.01,0.5,Oregon,91.1,62,201,87.0,6.6,6.0,9,0.3,2.0,137.3,116.0,158.4,130.5,142.375,124.0,2.2,2.0,5,5.1,7
1.0,0.25,1.0,Rhode Island,91.8,47,159,47.0,3.0,3.0,3,0.0,0.0,190.2,186.0,217.3,196.0,72.0,72.0,1.0,1.0,1,0.0,0
0.5,0.01,1.0,Maryland,91.8,58,144,88.0,8.2,8.0,10,0.3,3.0,118.1,107.5,157.7,160.5,110.2,100.0,5.2,4.5,10,0.8,3
2.0,0.01,2.0,Maryland,92.1,58,131,92.0,8.5,8.5,11,0.2,2.0,127.9,134.5,163.6,165.0,134.6,134.5,6.9,6.5,11,1.8,4
0.5,0.01,2.0,Maryland,92.2,58,136,92.0,8.6,9.0,10,0.1,1.0,133.6,136.0,157.6,154.5,139.1,134.5,7.1,7.0,13,1.4,3
1.0,0.25,1.0,Louisiana,92.3,86,99,94.5,8.3,8.0,9,0.0,0.0,99.7,99.0,112.5,105.0,106.0,106.0,0.5,0.5,1,0.4,1
0.5,0.1,0.5,South Carolina,92.4,87,93,93.0,6.1,6.5,9,0.0,0.0,114.8,109.0,168.5,179.0,262.42857142857144,229.0,1.4285714285714286,1.0,2,0.0,0
1.0,0.05,0.5,Montana,92.5,61,145,75.5,12.2,12.0,13,0.0,0.0,130.2,129.0,142.0,145.0,153.0,153.0,4.1,4.0,6,0.9,2
1.0,0.25,1.0,North Carolina,92.5,63,118,93.0,26.0,26.0,28,0.9,1.0,139.7,138.0,157.1,155.0,173.4,125.0,2.3,2.0,4,1.3,2
2.0,0.25,1.0,Louisiana,92.7,86,99,94.0,8.5,9.0,9,0.0,0.0,101.0,99.0,113.3,105.0,325.0,471.0,1.0,1.0,1,0.2,1
1.0,0.25,0.5,Louisiana,92.7,86,99,94.5,7.5,7.0,9,0.0,0.0,100.3,99.0,109.2,105.0,106.0,106.0,0.4,0.0,1,0.6,1
2.0,0.05,2.0,Maine,92.7,75,207,75.0,7.6,7.5,9,0.0,0.0,136.9,120.0,201.1,206.0,377.44444444444446,236.0,1.4,1.0,3,1.7,3
0.5,0.25,1.0,Louisiana,92.8,86,103,92.0,7.2,7.0,8,0.0,0.0,100.7,99.0,108.0,105.0,106.0,106.0,0.5555555555555556,1.0,1,0.4,1
0.5,0.05,1.0,South Carolina,93.0,93,93,93.0,6.9,7.0,8,0.0,0.0,116.4,109.0,174.7,183.0,258.5,275.0,2.5,1.5,5,0.0,0
1.0,0.05,1.0,South Carolina,93.0,93,93,93.0,10.6,11.0,12,0.0,0.0,109.0,109.0,164.8,179.0,202.2,201.0,3.6,4.0,7,0.0,0
0.5,0.05,2.0,South Carolina,93.0,93,93,93.0,9.3,9.0,11,0.0,0.0,116.8,109.0,176.8,183.0,205.8,213.0,3.4,3.5,7,0.0,0
2.0,0.05,1.0,West Virginia,93.0,80,103,90.0,11.2,11.0,12,0.0,0.0,137.5,136.5,174.0,179.5,201.0,208.0,1.875,2.0,3,0.1,1
0.5,0.25,2.0,Louisiana,93.0,86,99,94.0,7.8,8.0,9,0.0,0.0,100.2,99.0,108.9,105.0,106.0,106.0,0.375,0.0,1,0.5,1
2.0,0.05,0.5,South Carolina,93.0,93,93,93.0,10.2,10.5,13,0.0,0.0,109.0,109.0,139.1,150.0,216.9,213.0,4.7,5.0,7,1.2,2
2.0,0.05,2.0,South Carolina,93.0,93,93,93.0,12.9,13.5,15,0.0,0.0,117.2,109.0,154.8,150.0,200.2,195.0,8.5,8.5,12,2.4,3
ALL,ALL,ALL,Virginia,93.05,49,174,89.0,22.375,24.0,39,0.027777777777777776,1.0,112.23611111111111,93.0,125.87777777777778,118.0,133.90555555555557,107.0,9.458333333333334,9.0,21,3.6555555555555554,11
0.5,0.25,0.5,Louisiana,93.4,86,98,95.0,4.9,5.0,6,0.0,0.0,100.1,99.0,106.1,105.0,106.0,106.0,0.6,1.0,1,0.2,1
0.5,0.25,1.0,Arkansas,93.4,74,124,92.0,8.7,9.0,11,0.0,0.0,126.3,124.0,178.3,191.0,112.9,106.0,5.7,6.0,7,0.9,2
2.0,0.25,1.0,Arkansas,93.4,74,124,92.0,14.5,15.0,16,0.0,0.0,130.4,124.0,206.8,222.0,113.8,106.0,7.0,7.0,10,1.7,3
1.0,0.05,1.0,Maine,93.5,75,125,75.0,6.6,6.5,8,0.0,0.0,155.6,148.5,240.8,262.5,243.875,211.0,1.6,1.5,5,1.7,3
2.0,0.01,1.0,Oregon,93.6,62,187,89.0,9.2,9.0,12,0.0,0.0,121.5,111.0,136.6,121.0,189.0,186.5,2.9,2.5,5,6.0,10
2.0,0.25,2.0,Louisiana,93.9,86,99,96.0,8.4,8.5,9,0.0,0.0,100.7,99.0,108.3,105.0,361.5,471.0,1.0,1.0,1,0.5,1
2.0,0.05,1.0,South Carolina,94.0,87,109,93.0,12.4,12.5,16,0.0,0.0,115.6,109.0,150.7,150.0,203.3,195.0,6.9,7.0,12,1.5,2
2.0,0.25,0.5,Arkansas,94.0,74,124,92.0,13.7,13.5,15,0.0,0.0,128.6,124.0,182.0,191.0,129.4,106.0,4.8,4.5,6,1.7,3
2.0,0.25,0.5,Louisiana,94.5,86,99,95.0,8.1,8.0,9,0.0,0.0,99.5,99.0,111.1,105.0,349.3333333333333,471.0,0.3333333333333333,0.0,1,0.6,1
1.0,0.25,0.5,North Carolina,94.5,63,138,93.0,22.8,23.0,25,0.9,1.0,135.9,138.0,155.0,155.0,174.4,130.0,1.7,2.0,3,1.4,2
2.0,0.05,2.0,West Virginia,95.6,70,159,90.0,10.6,11.0,12,0.0,0.0,111.6,97.0,172.7,177.0,222.85714285714286,218.0,0.875,1.0,1,0.7,2
1.0,0.25,1.0,Arkansas,95.6,74,124,97.0,13.1,13.0,14,0.0,0.0,129.3,124.0,190.0,191.0,121.6,106.0,5.4,5.0,8,2.1,3
1.0,0.05,0.5,Virginia,95.7,59,143,93.0,21.0,20.5,24,0.0,0.0,128.1,141.5,140.2,145.5,141.0,149.5,9.0,9.5,11,3.0,5
2.0,0.01,2.0,Oregon,95.8,62,111,96.0,8.6,9.0,11,0.0,0.0,114.4,116.0,152.9,158.0,162.2,126.0,3.0,3.0,4,6.6,8
0.5,0.05,2.0,Montana,95.9,55,123,102.5,12.3,12.5,15,0.0,0.0,129.2,126.0,137.2,134.0,153.0,153.0,4.2,4.5,6,0.9,2
1.0,0.01,0.5,Vermont,95.9,85,111,98.0,10.7,11.0,13,0.0,0.0,110.8,112.0,120.9,124.0,49.5,28.0,9.3,9.0,14,2.4,6
0.5,0.05,2.0,Maine,96.0,75,206,75.0,6.9,7.0,8,0.0,0.0,150.8,125.0,211.0,208.0,296.8888888888889,211.0,2.4,3.0,4,1.5,3
0.5,0.01,0.5,Oregon,96.4,62,140,96.0,4.6,5.0,7,0.0,0.0,125.9,111.0,149.0,130.5,141.6,126.0,2.1,2.0,4,3.0,8
1.0,0.1,1.0,Louisiana,96.6,86,99,99.0,7.0,7.0,8,0.1,1.0,108.6,103.0,129.0,114.0,349.3333333333333,471.0,0.375,0.0,1,0.5,1
1.0,0.25,2.0,Louisiana,96.6,86,99,98.5,7.8,7.5,9,0.0,0.0,102.1,105.0,122.8,114.0,434.5,471.0,1.0,1.0,1,0.6,1
0.5,0.25,0.5,Arkansas,97.0,74,124,102.0,3.4,4.0,5,0.0,0.0,137.9,124.0,169.83333333333334,171.0,133.6,106.0,3.3,3.5,5,0.0,0
0.5,0.1,1.0,Louisiana,97.4,94,99,98.5,6.1,6.0,8,0.1,1.0,109.8,105.0,140.0,123.0,,,0.0,0.0,0,0.3,1
1.0,0.1,2.0,Louisiana,97.6,86,99,99.0,7.6,8.0,9,0.0,0.0,102.6,105.0,132.3,123.0,434.5,471.0,1.0,1.0,1,0.4,1
2.0,0.1,2.0,Louisiana,97.6,94,103,98.5,7.4,7.0,9,0.0,0.0,103.8,105.0,138.0,132.5,471.0,471.0,0.8888888888888888,1.0,1,0.4,1
1.0,0.01,2.0,Oregon,98.1,62,187,96.0,8.8,9.0,10,0.0,0.0,131.3,111.0,172.7,154.0,139.2,126.0,3.2,3.0,6,5.6,8
0.5,0.1,2.0,Louisiana,98.2,94,99,99.0,6.9,7.0,8,0.0,0.0,103.2,105.0,131.0,123.0,471.0,471.0,0.16666666666666666,0.0,1,0.5,1
1.0,0.05,0.5,West Virginia,98.4,70,159,97.0,8.6,8.5,10,0.0,0.0,139.5,159.0,164.2,177.0,224.57142857142858,239.0,1.375,1.0,3,0.1,1
2.0,0.1,1.0,Louisiana,98.4,94,103,99.0,7.9,8.0,9,0.0,0.0,103.0,105.0,131.5,123.0,471.0,471.0,1.0,1.0,1,0.4,1
1.0,0.1,0.5,North Carolina,98.5,93,138,93.0,19.3,19.0,22,0.9,1.0,139.3,138.0,157.5,155.0,198.6,251.0,1.9,2.0,3,1.2,2
1.0,0.01,2.0,Vermont,98.8,85,112,97.5,11.3,11.0,14,0.1,1.0,109.8,103.5,119.1,120.5,58.3,28.0,10.0,10.0,15,2.2,5
ALL,ALL,ALL,South Carolina,99.0195530726257,69,369,93.0,10.03072625698324,11.0,18,0.002840909090909091,1.0,135.61363636363637,109.0,186.14577259475217,156.0,230.5210355987055,213.0,4.351612903225806,4.0,12,0.4972067039106145,3
1.0,0.1,0.5,Louisiana,99.1,98,103,99.0,7.2,7.0,8,0.0,0.0,105.0,105.0,152.1,163.0,,,0.0,0.0,0,0.3,1
1.0,0.25,0.5,Arkansas,99.2,74,124,102.0,8.6,8.5,11,0.0,0.0,142.2,132.0,192.1,201.5,135.4,106.0,4.8,5.0,8,1.8,3
1.0,0.05,1.0,Virginia,99.2,59,118,101.0,24.2,24.0,27,0.0,0.0,122.7,118.0,140.7,143.0,138.4,158.5,8.8,10.0,11,4.6,7
0.5,0.01,2.0,Vermont,99.3,94,112,98.0,10.4,10.5,12,0.0,0.0,106.7,101.0,114.9,111.5,65.1,28.0,9.6,9.0,13,2.7,5
2.0,0.1,0.5,Louisiana,99.4,98,103,99.0,7.0,7.0,8,0.0,0.0,105.0,105.0,142.1,143.0,471.0,471.0,0.3,0.0,1,0.7,1
0.5,0.05,1.0,Louisiana,99.6,98,103,99.0,5.5,5.5,7,0.0,0.0,120.8,105.0,168.7,178.0,,,0.0,0.0,0,0.2,1
0.5,0.01,1.0,Vermont,99.6,85,129,96.0,10.3,11.0,12,0.0,0.0,110.7,102.0,126.0,129.0,86.6,71.5,9.9,10.0,14,2.5,6
2.0,0.05,1.0,Louisiana,99.8,95,103,99.0,7.0,7.0,9,0.0,0.0,139.2,134.0,174.3,178.0,471.0,471.0,0.8333333333333334,1.0,1,0.2,1
1.0,0.05,0.5,Louisiana,100.0,94,103,99.0,6.3,6.0,8,0.1,1.0,141.9,146.5,172.5,178.0,286.0,286.0,0.3333333333333333,0.0,1,0.2,1
2.0,0.05,0.5,Louisiana,100.1,95,103,101.0,6.1,6.0,8,0.1,1.0,132.8,105.0,162.0,178.0,424.75,471.0,0.5714285714285714,1.0,1,0.4,1
1.0,0.05,0.5,Maine,100.3,75,193,75.0,6.5,6.0,8,0.0,0.0,160.6,137.0,216.9,208.0,211.22222222222223,211.0,1.7777777777777777,1.0,5,0.5,1
0.5,0.1,0.5,Louisiana,100.3,94,103,103.0,3.9,4.0,5,0.2,1.0,119.2,105.0,122.375,114.0,,,0.0,0.0,0,0.7,1
1.0,0.01,1.0,Vermont,100.6,91,129,98.0,10.4,10.5,12,0.0,0.0,110.4,106.5,122.3,120.5,47.1,28.0,8.6,8.0,11,3.0,5
1.0,0.05,1.0,Louisiana,100.8,98,103,101.0,6.1,6.0,8,0.1,1.0,142.5,146.5,181.3,180.0,471.0,471.0,0.6666666666666666,1.0,1,0.1,1
1.0,0.01,0.5,Tennessee,101.2,52,113,106.0,17.2,17.0,19,0.0,0.0,142.3,150.0,157.6,159.0,128.7,143.5,4.3,3.5,9,2.6,7
0.5,0.1,0.5,New Hampshire,101.3,76,140,76.0,3.0,3.0,4,0.0,0.0,154.0,140.0,169.57142857142858,160.0,,,0.0,0.0,0,0.0,0
2.0,0.05,2.0,Louisiana,101.4,99,103,103.0,6.5,6.0,9,0.1,1.0,137.9,123.5,171.5,180.0,471.0,471.0,0.8571428571428571,1.0,1,0.3,1
0.5,0.05,2.0,Louisiana,101.6,99,105,103.0,6.2,6.0,7,0.0,0.0,132.2,105.0,168.0,178.0,471.0,471.0,0.8,1.0,1,0.1,1
1.0,0.01,2.0,Georgia,101.7,66,132,100.0,31.5,31.0,36,0.2,2.0,130.5,132.0,160.1,152.0,280.4,287.5,2.4,2.5,4,4.6,9
1.0,0.05,2.0,Louisiana,101.8,99,103,103.0,6.3,6.5,7,0.1,1.0,128.1,105.0,173.5,178.0,471.0,471.0,0.6,1.0,1,0.3,1
2.0,0.01,0.5,Vermont,101.9,85,129,96.0,10.5,10.0,13,0.0,0.0,113.4,117.0,125.7,129.0,51.7,28.0,9.5,9.0,15,3.0,4
0.5,0.25,2.0,Arkansas,102.0,74,132,92.0,10.7,10.5,12,0.0,0.0,153.8,128.0,202.8,223.0,134.5,106.0,5.2,5.0,8,2.4,4
0.5,0.05,0.5,Louisiana,102.1,98,103,103.0,3.5,3.5,6,0.0,0.0,129.0,123.0,173.25,182.0,,,0.0,0.0,0,0.3,1
2.0,0.1,1.0,New Hampshire,102.2,76,140,93.5,6.4,6.0,8,0.0,0.0,149.3,140.0,185.2,160.0,318.4,250.0,1.0,1.0,1,0.0,0
1.0,0.25,2.0,Arkansas,102.6,74,124,108.0,13.2,13.0,15,0.0,0.0,155.5,147.5,198.6,212.0,149.2,175.0,5.6,5.0,9,2.1,4
0.5,0.01,0.5,Vermont,102.6,95,112,98.0,9.1,9.0,12,0.2,1.0,117.6,111.5,129.4,129.0,52.5,28.0,9.2,9.5,14,3.9,7
2.0,0.05,2.0,Montana,102.8,61,145,123.0,13.8,14.0,16,0.0,0.0,128.8,129.0,140.9,145.0,153.0,153.0,4.7,4.5,7,1.8,3
1.0,0.05,2.0,Maine,102.9,75,207,75.0,7.8,8.0,9,0.0,0.0,165.7,172.0,223.9,217.5,223.625,199.0,2.3,2.5,5,1.7,3
2.0,0.05,2.0,Virginia,103.3,56,143,99.0,26.4,26.0,29,0.0,0.0,116.3,118.0,130.7,143.0,135.6,132.5,8.7,9.0,14,4.3,6
0.5,0.25,1.0,Mississippi,104.0,104,104,104.0,2.5,2.0,4,0.0,0.0,267.0,307.0,304.3333333333333,303.0,224.0,224.0,1.0,1.0,1,0.0,0
0.5,0.05,0.5,Mississippi,104.0,104,104,104.0,1.3333333333333333,1.0,2,0.0,0.0,307.0,307.0,,,,,0.0,0.0,0,0.0,0
0.5,0.25,0.5,Mississippi,104.0,104,104,104.0,2.0,2.0,3,0.0,0.0,269.2857142857143,307.0,307.0,307.0,,,0.0,0.0,0,0.0,0
2.0,0.25,2.0,Mississippi,104.0,104,104,104.0,7.2,7.0,8,0.0,0.0,245.2,274.0,284.8,277.0,246.25,224.0,1.75,2.0,3,0.0,0
2.0,0.01,1.0,Tennessee,104.1,87,106,106.0,31.3,31.0,34,0.0,0.0,139.7,150.0,160.9,161.0,97.6,85.0,12.2,12.0,16,5.1,8
2.0,0.01,2.0,Tennessee,104.1,87,106,106.0,32.7,31.5,40,0.0,0.0,134.1,132.0,151.3,158.0,138.3,165.5,11.8,12.0,16,5.7,8
ALL,ALL,ALL,New Jersey,104.60055865921788,54,395,83.0,7.539106145251397,8.0,11,0.031073446327683617,2.0,130.11864406779662,88.0,153.30547550432277,108.0,228.80836236933797,211.0,2.4169491525423727,2.0,7,0.5307262569832403,3
2.0,0.25,2.0,Arkansas,104.7,74,191,92.0,14.8,15.0,16,0.0,0.0,138.6,124.0,187.3,191.0,147.6,106.0,6.4,6.5,8,2.2,3
0.5,0.05,0.5,Virginia,104.8,59,143,101.5,10.5,11.0,14,0.0,0.0,127.4,141.5,139.0,145.0,149.6,164.0,3.9,3.5,7,0.6,2
ALL,ALL,ALL,Louisiana,104.81388888888888,86,200,99.0,5.997222222222222,6.0,9,0.0392156862745098,1.0,132.52941176470588,105.0,166.83188405797102,170.0,362.07142857142856,471.0,0.6105769230769231,1.0,2,0.30833333333333335,1
0.5,0.1,0.5,North Carolina,105.0,53,138,93.0,7.7,7.5,10,0.5,1.0,143.5,138.0,162.2,155.0,185.5,185.5,1.6,1.5,3,0.7,1
2.0,0.01,1.0,Vermont,105.9,94,129,102.5,10.1,10.0,13,0.1,1.0,116.4,125.5,128.6,129.0,76.9,71.5,9.2,9.0,11,3.5,6
1.0,0.01,1.0,Tennessee,106.0,106,106,106.0,24.1,24.0,29,0.0,0.0,152.9,150.0,162.3,161.0,146.2,167.0,6.8,7.0,10,3.4,7
1.0,0.05,1.0,West Virginia,106.6,90,159,97.0,9.6,9.5,11,0.0,0.0,126.0,103.0,172.6,177.0,211.0,208.0,1.4444444444444444,2.0,2,0.2,1
2.0,0.1,0.5,Arkansas,106.6,74,234,92.0,11.7,11.5,14,0.0,0.0,180.3,212.0,215.5,228.0,139.8,106.0,5.0,4.5,8,2.2,3
2.0,0.1,2.0,North Carolina,106.9,93,142,93.0,27.4,27.0,31,0.7,1.0,145.6,142.0,166.5,155.0,192.2,214.0,3.8,4.0,7,2.7,5
2.0,0.01,0.5,Georgia,107.3,66,139,100.0,29.9,30.0,36,0.0,0.0,125.2,132.0,154.3,139.5,348.0,388.0,2.5,3.0,5,4.5,7
ALL,ALL,ALL,West Virginia,107.5,70,240,90.0,9.374301675977653,10.0,15,0.028169014084507043,1.0,128.70704225352114,97.0,162.96,164.0,229.66538461538462,208.0,1.4377104377104377,1.0,5,0.22905027932960895,2
0.5,0.01,1.0,Tennessee,107.7,87,150,106.0,17.1,17.5,22,0.0,0.0,133.5,127.0,151.5,150.0,95.8,70.0,3.8,4.0,6,1.3,3
0.5,0.01,0.5,Tennessee,108.0,106,126,106.0,8.6,9.0,12,0.0,0.0,143.8,150.0,166.5,161.0,135.8,172.0,1.9,2.0,4,0.6,2
2.0,0.1,1.0,North Carolina,108.1,63,155,93.0,26.5,26.0,28,0.6,1.0,143.1,138.0,160.6,155.0,181.8,185.5,3.8,3.5,6,2.4,4
0.5,0.25,1.0,Alabama,108.3,106,113,107.5,8.0,8.0,11,0.0,0.0,115.3,113.0,125.4,119.0,,,0.0,0.0,0,0.0,0
2.0,0.01,2.0,Vermont,108.4,94,129,104.0,10.4,10.0,13,0.2,1.0,120.1,126.5,124.9,129.0,58.8,28.0,9.0,9.0,13,3.2,5
1.0,0.01,1.0,Louisiana,108.5,95,178,103.0,3.6,3.5,5,0.1,1.0,185.6,178.0,203.5,200.0,347.6666666666667,286.0,0.75,1.0,1,0.1,1
1.0,0.25,1.0,Alabama,108.6,106,113,109.0,12.0,12.0,13,0.0,0.0,114.4,113.0,137.9,119.0,318.0,318.0,1.0,1.0,1,0.0,0
1.0,0.1,1.0,North Carolina,108.9,93,142,93.0,22.8,22.0,27,0.6,1.0,146.9,148.5,169.6,165.5,204.7,251.0,2.5,2.5,4,1.3,2
0.5,0.1,1.0,North Carolina,109.0,93,138,93.0,15.4,16.0,18,0.6,1.0,140.5,138.0,157.1,155.0,157.6,120.0,2.2,2.0,3,0.8,1
0.5,0.1,2.0,North Carolina,109.0,93,138,93.0,21.9,21.0,24,0.6,1.0,145.2,140.0,164.0,155.0,185.0,120.0,2.4,2.0,5,1.2,2
2.0,0.01,1.0,Georgia,109.3,66,139,100.5,33.1,32.5,35,0.0,0.0,125.4,135.5,151.1,142.0,301.8,388.0,2.3,2.0,4,4.6,7
2.0,0.25,1.0,Alabama,109.4,106,113,109.0,15.6,15.5,18,0.0,0.0,115.2,116.0,144.9,123.5,301.625,318.0,1.125,1.0,2,0.0,0
1.0,0.25,0.5,Alabama,109.4,106,113,109.0,10.5,10.5,14,0.0,0.0,117.4,113.0,141.7,128.5,318.0,318.0,1.0,1.0,1,0.1,1
1.0,0.05,2.0,Montana,109.5,61,139,123.0,13.2,13.0,16,0.0,0.0,133.0,129.0,140.3,145.0,153.0,153.0,4.7,4.5,7,1.2,3
2.0,0.01,0.5,Tennessee,109.6,87,159,106.0,30.0,29.5,34,0.0,0.0,133.2,138.0,153.8,159.0,133.2,152.0,9.0,9.5,13,3.4,6
2.0,0.25,0.5,Alabama,109.9,106,113,109.0,14.7,15.0,16,0.0,0.0,114.4,113.0,138.1,119.0,318.0,318.0,1.0,1.0,1,0.0,0
1.0,0.01,2.0,Tennessee,110.4,106,150,106.0,30.5,30.5,35,0.0,0.0,148.4,150.0,161.3,161.0,139.5,157.0,9.0,8.5,13,3.3,6
2.0,0.25,2.0,Alabama,110.5,106,113,113.0,16.7,16.5,18,0.0,0.0,116.2,119.0,152.0,156.0,318.0,318.0,1.0,1.0,1,1.3,2
0.5,0.25,2.0,Alabama,110.7,106,119,111.0,11.6,11.5,14,0.0,0.0,122.1,116.0,134.5,123.5,318.0,318.0,1.0,1.0,1,0.0,0
0.5,0.01,1.0,Georgia,110.9,91,133,100.0,15.6,15.5,19,0.0,0.0,129.8,134.0,145.9,140.0,248.8,198.0,0.6,0.5,2,1.4,3
0.5,0.25,0.5,Alabama,111.1,106,119,113.0,3.4,3.0,5,0.0,0.0,117.33333333333333,119.0,153.77777777777777,138.0,187.0,187.0,1.0,1.0,1,0.0,0
0.5,0.1,2.0,Arkansas,111.2,92,234,92.0,9.6,10.0,11,0.0,0.0,186.0,202.5,230.5,238.0,133.8,106.0,5.5,5.5,9,1.8,3
2.0,0.05,1.0,Virginia,111.3,89,143,113.5,24.9,25.5,28,0.0,0.0,127.7,118.0,144.8,146.5,152.2,173.0,9.8,10.0,12,4.4,7
1.0,0.25,2.0,Alabama,111.9,106,119,111.0,15.8,16.0,18,0.0,0.0,123.4,116.0,146.1,123.5,318.0,318.0,0.875,1.0,1,0.2,2
0.5,0.01,2.0,Tennessee,112.1,87,150,106.0,23.3,23.5,28,0.0,0.0,146.9,150.0,154.8,159.0,127.2,133.5,6.2,6.0,9,2.8,7
0.5,0.1,0.5,Alabama,112.4,109,119,113.0,3.1,3.0,4,0.0,0.0,121.88888888888889,119.0,171.11111111111111,186.0,,,0.0,0.0,0,0.0,0
2.0,0.1,2.0,Alabama,112.4,109,119,113.0,14.2,14.5,16,0.0,0.0,123.7,119.0,164.9,184.0,318.0,318.0,1.2,1.0,2,1.2,3
0.5,0.1,1.0,Alabama,112.8,109,119,113.0,7.5,7.0,11,0.0,0.0,127.0,119.0,173.4,184.0,187.0,187.0,1.0,1.0,1,0.0,0
1.0,0.1,2.0,Alabama,113.1,106,119,113.0,13.2,14.0,15,0.0,0.0,130.8,119.0,166.4,184.0,318.0,318.0,1.0,1.0,2,0.2,2
1.0,0.01,1.0,Georgia,113.1,66,140,114.5,24.6,25.5,27,0.2,2.0,134.6,136.0,153.4,162.0,304.125,343.0,2.2,2.5,5,4.3,7
0.5,0.1,2.0,Alabama,113.2,109,119,113.0,9.2,9.5,10,0.0,0.0,125.6,119.0,171.9,184.0,187.0,187.0,0.3333333333333333,0.0,1,0.3,1
1.0,0.1,1.0,Alabama,113.3,106,119,113.0,10.0,10.0,12,0.0,0.0,136.7,119.0,166.2,184.0,318.0,318.0,0.7142857142857143,1.0,1,0.2,1
2.0,0.01,2.0,Georgia,113.5,66,141,116.0,34.9,34.5,39,0.2,1.0,139.2,139.0,156.4,149.5,298.55555555555554,373.0,3.9,3.5,8,4.4,7
1.0,0.05,0.5,New Hampshire,114.1,76,201,108.0,6.0,6.0,7,0.0,0.0,182.7,175.0,210.3,201.0,250.0,250.0,1.0,1.0,1,0.0,0
1.0,0.25,0.5,Rhode Island,114.2,47,159,159.0,3.0,3.0,3,0.0,0.0,187.0,186.0,215.3,196.0,72.0,72.0,1.0,1.0,1,0.0,0
1.0,0.05,1.0,New Hampshire,114.2,76,201,101.0,6.2,6.0,7,0.0,0.0,182.4,180.5,224.6,218.5,250.0,250.0,1.0,1.0,1,0.0,0
2.0,0.25,2.0,Rhode Island,114.2,47,159,159.0,3.0,3.0,3,0.0,0.0,186.0,186.0,210.2,196.0,72.0,72.0,1.0,1.0,1,0.0,0
0.5,0.05,1.0,Alabama,114.4,109,119,113.0,5.9,6.0,7,0.0,0.0,147.1,128.5,188.3,186.0,274.3333333333333,318.0,1.0,1.0,1,0.0,0
2.0,0.1,1.0,Alabama,115.0,109,119,113.0,14.4,15.0,16,0.0,0.0,139.0,119.0,178.5,184.0,303.44444444444446,318.0,1.0,1.0,1,0.0,0
1.0,0.05,2.0,New Hampshire,115.5,76,160,125.5,6.2,6.0,7,0.0,0.0,181.1,201.0,224.9,236.0,335.5,250.0,0.8,1.0,1,0.1,1
1.0,0.1,0.5,Alabama,115.6,109,119,116.0,8.3,8.0,11,0.0,0.0,151.3,151.5,179.5,186.0,,,0.0,0.0,0,0.0,0
1.0,0.01,0.5,Georgia,115.6,66,146,116.5,19.5,19.5,23,0.2,1.0,140.6,134.0,150.4,139.5,295.625,351.0,1.4,1.5,3,1.9,4
2.0,0.1,0.5,Alabama,116.0,113,119,116.0,13.0,13.0,16,0.0,0.0,140.1,123.5,185.0,185.0,318.0,318.0,1.0,1.0,1,0.1,1
2.0,0.05,2.0,Alabama,116.0,113,119,116.0,11.2,12.0,13,0.0,0.0,150.5,138.0,188.2,186.0,292.14285714285717,318.0,0.9,1.0,2,1.1,2
0.5,0.01,1.0,South Carolina,116.4,93,209,93.0,2.9,3.0,5,0.0,0.0,191.625,183.0,246.66666666666666,203.5,213.25,194.0,2.0,2.0,3,0.0,0
0.5,0.1,0.5,Arkansas,117.0,74,171,124.0,2.2,2.0,3,0.0,0.0,171.25,181.0,192.5,192.5,152.0,175.0,2.6666666666666665,2.0,4,0.0,0
0.5,0.01,2.0,South Carolina,117.4,93,215,93.0,5.7,5.5,9,0.0,0.0,209.7,183.0,301.0,330.0,339.5,283.5,1.25,1.0,2,0.0,0
ALL,ALL,ALL,Maine,117.54444444444445,75,277,75.0,6.2555555555555555,7.0,10,0.0,0.0,167.53781512605042,120.0,199.50716332378224,206.0,244.26530612244898,211.0,1.671875,1.0,5,1.55,5
2.0,0.05,1.0,Alabama,117.8,113,119,119.0,10.8,11.0,13,0.0,0.0,168.7,186.0,188.8,188.0,299.9,318.0,1.3,1.0,2,0.1,1
1.0,0.25,0.5,Mississippi,118.2,104,175,104.0,3.2,3.0,5,0.0,0.0,283.55555555555554,303.0,305.125,305.5,224.0,224.0,1.0,1.0,1,0.0,0
1.0,0.05,2.0,Alabama,118.7,109,138,119.0,10.8,11.0,13,0.0,0.0,167.7,183.0,181.4,186.0,292.14285714285717,318.0,1.0,1.0,1,0.1,1
2.0,0.01,1.0,Connecticut,118.7,77,136,121.5,5.6,6.0,7,0.1,1.0,137.9,134.0,161.0,137.5,156.7,150.0,3.7,3.5,7,0.8,2
0.5,0.01,0.5,Georgia,118.7,66,139,129.5,9.1,10.0,12,0.0,0.0,131.0,134.0,144.6,140.0,254.66666666666666,198.0,0.3333333333333333,0.0,1,1.3,2
0.5,0.01,2.0,Louisiana,118.8,99,178,103.0,3.1,3.0,4,0.0,0.0,184.44444444444446,178.0,243.75,200.0,286.0,286.0,1.0,1.0,1,0.0,0
2.0,0.05,0.5,Alabama,119.4,109,138,116.0,10.9,11.0,13,0.0,0.0,152.1,151.5,186.2,186.0,318.0,318.0,1.2,1.0,2,0.1,1
1.0,0.1,1.0,Arkansas,119.4,92,191,108.0,11.5,11.0,15,0.0,0.0,168.8,161.5,228.0,234.0,157.7,128.5,5.1,6.0,7,1.7,3
1.0,0.01,2.0,Massachusetts,119.5,74,142,130.0,6.5,6.5,7,0.0,0.0,143.9,152.0,163.1,156.5,214.5,196.0,2.8,2.5,7,0.2,1
2.0,0.01,1.0,Massachusetts,120.3,79,176,130.0,6.4,6.5,7,0.0,0.0,157.4,152.0,174.1,172.0,190.55555555555554,190.0,2.7777777777777777,3.0,4,0.4,2
2.0,0.01,0.5,Louisiana,120.4,103,178,103.0,4.6,4.5,7,0.0,0.0,185.0,178.0,203.4,198.0,286.0,286.0,1.0,1.0,1,0.0,0
0.5,0.05,2.0,New Hampshire,120.5,76,201,140.0,6.2,6.0,7,0.0,0.0,196.4,201.0,231.4,236.0,227.0,227.0,2.0,2.0,2,0.0,0
0.5,0.01,2.0,Connecticut,120.5,97,134,123.0,5.9,6.0,7,0.0,0.0,136.5,134.5,150.0,145.0,165.25,152.5,2.0,2.0,4,0.3,1
1.0,0.1,2.0,North Carolina,120.7,93,155,131.0,26.3,26.0,29,0.4,1.0,152.6,155.0,170.8,176.0,198.6,251.0,4.6,4.5,7,2.5,4
1.0,0.01,0.5,Massachusetts,120.8,76,152,130.0,5.8,6.0,7,0.0,0.0,155.6,160.0,181.2,164.5,190.22222222222223,190.0,2.5555555555555554,3.0,5,0.4,1
0.5,0.05,0.5,Alabama,120.9,113,138,119.0,2.8,2.5,4,0.0,0.0,167.5,186.0,188.6,186.0,137.0,137.0,2.0,2.0,2,0.0,0
1.0,0.01,2.0,Montana,120.9,61,145,123.0,8.1,8.5,10,0.0,0.0,143.9,147.0,157.5,150.0,192.5,153.0,2.9,2.5,5,0.9,2
2.0,0.25,1.0,Mississippi,121.0,104,274,104.0,7.7,8.0,10,0.0,0.0,245.2,274.0,282.7,277.0,236.625,224.0,2.0,2.0,3,0.0,0
1.0,0.25,2.0,Mississippi,121.3,104,277,104.0,7.8,7.5,10,0.0,0.0,258.4,275.5,289.0,281.5,233.88888888888889,224.0,1.8888888888888888,2.0,3,0.0,0
2.0,0.25,0.5,Mississippi,121.3,104,277,104.0,7.0,7.0,9,0.0,0.0,259.3,277.0,297.5,304.0,235.125,224.0,1.875,2.0,3,0.0,0
1.0,0.1,1.0,Mississippi,121.3,104,277,104.0,5.3,5.0,7,0.0,0.0,272.1,277.0,298.6,304.0,249.25,230.0,1.75,2.0,2,0.0,0
0.5,0.01,0.5,Connecticut,121.3,77,135,128.0,4.8,5.0,6,0.1,1.0,137.9,134.5,148.5,145.0,138.55555555555554,150.0,2.3333333333333335,2.0,6,0.8,2
0.5,0.05,2.0,Alabama,121.9,113,138,119.0,6.9,7.0,9,0.0,0.0,162.8,185.0,186.8,188.0,274.6666666666667,318.0,1.0,1.0,1,0.0,0
2.0,0.05,0.5,New Hampshire,122.1,76,197,140.0,6.4,6.0,7,0.0,0.0,162.4,162.5,208.3,218.5,250.0,250.0,0.5,0.5,1,0.1,1
0.5,0.01,1.0,Montana,122.2,55,149,134.0,5.8,5.5,8,0.0,0.0,149.1,149.0,158.4,150.0,170.25,153.0,3.0,3.0,5,0.1,1
1.0,0.1,2.0,Arkansas,122.2,74,212,124.0,10.6,10.5,13,0.0,0.0,202.4,217.0,233.4,234.0,176.1,175.0,4.4,4.5,6,2.4,3
1.0,0.05,0.5,Alabama,122.8,109,182,113.0,7.1,7.0,10,0.0,0.0,148.8,138.0,181.4,184.0,318.0,318.0,0.6666666666666666,1.0,1,0.2,1
0.5,0.01,1.0,Connecticut,123.4,111,136,127.5,5.1,5.5,6,0.1,1.0,136.5,134.0,147.7,145.0,173.9,148.0,2.3,2.0,4,1.1,2
2.0,0.05,2.0,New Hampshire,123.7,76,201,125.5,6.2,6.0,8,0.0,0.0,192.7,199.0,223.0,230.5,,,0.0,0.0,0,0.0,0
0.5,0.01,2.0,Massachusetts,123.9,74,155,130.0,6.0,6.0,8,0.0,0.0,139.8,136.5,155.1,160.0,196.5,193.0,2.1,2.0,4,0.7,2
2.0,0.01,2.0,Massachusetts,124.1,74,160,130.0,6.3,6.0,7,0.0,0.0,150.0,153.5,157.7,160.5,205.1,200.0,3.0,3.0,5,0.4,1
2.0,0.1,0.5,North Carolina,124.9,93,142,138.0,23.6,23.0,26,0.3,1.0,146.0,142.0,164.6,155.0,211.7,251.0,2.9,3.0,5,2.4,4
1.0,0.05,1.0,Alabama,125.2,113,186,119.0,7.4,8.0,11,0.0,0.0,155.3,161.0,190.1,186.0,318.0,318.0,1.0,1.0,1,0.0,0
0.5,0.25,0.5,Rhode Island,125.4,47,159,159.0,1.3,1.0,2,0.0,0.0,186.0,186.0,,,72.0,72.0,1.0,1.0,1,0.0,0
2.0,0.1,1.0,Arkansas,125.8,92,234,124.0,11.6,12.0,13,0.0,0.0,199.6,229.0,233.5,238.0,155.7,151.0,5.3,5.0,9,2.2,3
0.5,0.01,1.0,Louisiana,125.9,99,190,103.0,3.3,3.0,5,0.2,1.0,184.0,178.0,205.44444444444446,200.0,286.0,286.0,0.3333333333333333,0.0,1,0.2,1
2.0,0.01,1.0,Louisiana,125.9,103,182,103.0,4.3,4.0,5,0.1,1.0,189.5,180.0,294.2,205.5,286.0,286.0,0.25,0.0,1,0.3,1
0.5,0.01,0.5,South Carolina,126.25,93,209,109.0,1.875,1.5,5,0.0,0.0,185.75,185.5,150.0,150.0,111.0,111.0,1.0,1.0,1,0.0,0
2.0,0.1,2.0,Arkansas,126.4,74,212,92.0,12.9,13.0,15,0.0,0.0,198.1,223.0,220.4,234.0,198.8,207.5,4.2,4.5,6,2.8,4
2.0,0.01,2.0,Louisiana,126.7,103,178,103.0,4.0,4.0,5,0.0,0.0,206.4,178.0,321.4,200.0,286.0,286.0,0.6666666666666666,1.0,1,0.1,1
1.0,0.01,2.0,Connecticut,126.9,111,136,132.0,6.0,6.0,7,0.0,0.0,142.5,136.5,146.8,141.0,205.33333333333334,150.0,2.7777777777777777,3.0,5,0.5,1
0.5,0.01,2.0,Georgia,126.9,66,203,132.5,23.7,23.0,28,0.0,0.0,134.2,137.5,163.4,153.5,311.77777777777777,388.0,1.5,1.0,4,2.6,8
1.0,0.01,0.5,Connecticut,127.1,111,156,128.5,5.6,5.5,7,0.1,1.0,139.9,134.0,148.2,144.0,182.8,150.0,2.2,2.0,3,0.8,3
2.0,0.01,0.5,Connecticut,127.5,111,151,131.5,5.7,5.5,7,0.1,1.0,141.0,134.0,146.4,141.0,251.1,184.0,2.0,2.0,4,0.6,1
1.0,0.01,1.0,Connecticut,127.7,111,159,131.5,5.3,5.0,6,0.2,1.0,137.6,135.0,144.7,137.5,151.0,150.0,2.111111111111111,2.0,4,0.9,2
ALL,ALL,ALL,North Carolina,127.98885793871867,53,218,138.0,18.350974930362117,20.0,32,0.39106145251396646,1.0,159.93575418994413,155.0,181.34357541899442,176.0,227.67320261437908,251.0,2.3780487804878048,2.0,9,1.3760445682451254,5
0.5,0.01,1.0,Massachusetts,128.3,117,130,130.0,5.4,5.5,6,0.0,0.0,149.3,146.0,171.9,160.0,185.3,184.0,2.2,2.0,4,0.4,1
0.5,0.05,1.0,New Hampshire,129.2,76,160,140.0,5.4,5.5,7,0.0,0.0,179.6,181.0,247.3,253.5,250.0,250.0,1.0,1.0,1,0.0,0
1.0,0.01,2.0,South Carolina,129.3,93,209,113.0,5.9,5.5,8,0.0,0.0,235.8,215.0,349.5,382.0,348.22222222222223,305.0,2.888888888888889,3.0,7,0.1,1
2.0,0.01,0.5,Massachusetts,129.5,86,176,130.0,6.1,6.0,7,0.0,0.0,152.6,143.5,175.9,160.5,196.2,190.0,2.4,2.0,4,0.6,2
0.5,0.01,0.5,Massachusetts,130.1,112,153,130.0,4.8,5.0,6,0.0,0.0,154.0,157.5,189.2,176.0,219.28571428571428,236.0,1.0,1.0,2,0.1,1
ALL,ALL,ALL,New Hampshire,130.3388888888889,58,308,76.0,5.8,6.0,10,0.0,0.0,179.53541076487252,140.0,209.7485380116959,197.0,254.44660194174756,250.0,1.0176991150442478,1.0,3,0.03333333333333333,1
2.0,0.05,2.0,North Carolina,130.6,93,195,138.0,24.8,25.0,29,0.3,1.0,153.7,155.0,171.9,176.0,238.4,251.0,4.4,4.0,9,2.8,5
2.0,0.01,2.0,Montana,131.5,82,149,134.0,8.4,8.5,11,0.0,0.0,148.9,149.0,162.2,153.5,279.6,229.0,3.2,3.0,5,1.4,3
2.0,0.01,2.0,Connecticut,131.8,111,159,132.0,5.7,6.0,7,0.0,0.0,138.2,135.0,147.4,145.0,214.9,163.5,2.6,2.0,4,0.4,1
ALL,ALL,ALL,Alabama,133.1573033707865,106,386,113.0,8.615168539325843,8.5,18,0.0,0.0,158.54705882352943,123.5,189.99686520376176,186.0,311.2356687898089,318.0,1.0178571428571428,1.0,2,0.15730337078651685,3
1.0,0.01,1.0,Montana,133.2,61,149,139.0,6.9,6.5,9,0.0,0.0,149.6,149.0,165.1,160.5,204.4,153.0,2.4,2.5,4,0.5,1
1.0,0.01,1.0,Massachusetts,133.3,107,161,130.0,5.8,6.0,7,0.0,0.0,146.9,140.0,165.9,156.0,198.2,187.0,2.2,2.0,5,0.9,2
0.5,0.05,1.0,North Carolina,133.9,93,142,138.0,12.6,12.0,18,0.1,1.0,151.1,155.0,181.4,182.0,238.875,251.0,1.625,1.5,3,0.7,2
0.5,0.01,2.0,Montana,135.0,123,149,134.0,7.7,8.0,9,0.0,0.0,146.7,149.0,150.3,150.0,137.4,153.0,3.6,4.0,5,0.5,2
1.0,0.01,0.5,Louisiana,135.4,103,178,115.0,2.7,3.0,4,0.1111111111111111,1.0,191.44444444444446,196.0,209.71428571428572,200.0,286.0,286.0,0.5,0.5,1,0.1,1
1.0,0.01,2.0,Louisiana,136.0,99,200,109.0,4.6,5.0,7,0.0,0.0,197.5,198.0,398.8,457.5,378.5,378.5,1.5,1.5,2,0.0,0
1.0,0.25,2.0,Rhode Island,136.6,47,159,159.0,3.0,3.0,3,0.0,0.0,188.0,186.0,202.4,196.0,72.0,72.0,1.0,1.0,1,0.0,0
2.0,0.25,0.5,Rhode Island,136.6,47,159,159.0,3.0,3.0,3,0.0,0.0,188.0,186.0,223.7,212.0,72.0,72.0,1.0,1.0,1,0.0,0
2.0,0.01,0.5,South Carolina,136.9,93,329,109.0,6.0,6.5,8,0.0,0.0,222.1,200.5,298.2,316.0,280.8333333333333,274.0,3.2857142857142856,4.0,7,0.5,1
2.0,0.01,1.0,Montana,136.9,123,150,142.0,7.5,7.5,10,0.0,0.0,147.0,149.0,156.7,150.0,164.3,153.0,4.5,5.0,6,1.6,4
1.0,0.05,2.0,North Carolina,137.5,93,155,146.5,23.3,23.5,25,0.2,1.0,165.9,165.5,180.7,188.0,241.7,251.0,4.6,4.5,9,2.3,4
2.0,0.01,0.5,Montana,138.1,123,150,142.0,7.2,7.0,9,0.0,0.0,152.6,149.0,169.3,153.5,163.4,153.0,3.2,3.0,6,0.4,1
2.0,0.1,2.0,Mississippi,138.3,104,277,104.0,6.2,6.0,8,0.0,0.0,270.1,277.0,296.2,304.0,249.25,230.0,1.5,1.5,2,0.0,0
0.5,0.05,0.5,New Hampshire,138.4,76,201,140.0,2.1,2.0,4,0.0,0.0,168.42857142857142,165.0,179.33333333333334,197.0,,,0.0,0.0,0,0.0,0
0.5,0.25,2.0,Mississippi,138.6,104,277,104.0,5.4,6.0,7,0.0,0.0,268.9,281.5,303.3,304.0,224.0,224.0,1.0,1.0,1,0.0,0
1.0,0.25,1.0,Mississippi,138.6,104,277,104.0,5.9,6.0,7,0.0,0.0,282.4,277.0,300.4,304.0,262.14285714285717,224.0,1.1428571428571428,1.0,2,0.0,0
2.0,0.1,1.0,Mississippi,138.6,104,277,104.0,6.0,6.0,7,0.0,0.0,281.8,277.0,301.4,304.0,246.25,224.0,1.75,1.5,3,0.0,0
1.0,0.01,0.5,Montana,138.6,129,149,139.0,7.0,7.0,8,0.0,0.0,148.4,149.0,159.6,150.0,190.9,153.0,3.1,3.0,6,0.2,1
0.5,0.05,2.0,North Carolina,139.4,93,155,140.0,19.7,20.0,22,0.1,1.0,160.9,155.0,185.0,195.0,259.5,251.0,2.4,2.0,5,0.8,2
1.0,0.05,1.0,North Carolina,139.7,138,155,138.0,19.7,20.0,23,0.0,0.0,154.5,155.0,180.7,178.5,266.6,251.0,2.8,3.0,4,1.6,2
2.0,0.05,0.5,North Carolina,139.7,93,182,138.0,22.1,22.0,26,0.1,1.0,158.1,148.5,174.2,168.0,239.0,251.0,2.5,2.0,4,2.1,3
0.5,0.1,1.0,Arkansas,140.0,92,234,124.0,5.1,5.0,8,0.0,0.0,212.6,234.0,239.66666666666666,242.0,182.4,175.0,3.7,4.0,6,2.1,3
0.5,0.05,0.5,North Carolina,140.4,124,155,138.0,7.5,8.0,9,0.0,0.0,154.2,148.5,174.5,165.5,229.85714285714286,251.0,1.125,1.0,2,0.1,1
2.0,0.05,1.0,North Carolina,140.7,93,155,140.0,22.7,22.5,25,0.1,1.0,166.0,155.0,184.0,187.0,265.6,251.0,3.0,3.0,5,2.6,5
2.0,0.05,1.0,New Hampshire,141.4,76,201,140.0,6.4,7.0,7,0.0,0.0,201.6,199.0,228.3,218.5,421.0,421.0,1.0,1.0,1,0.0,0
0.5,0.01,0.5,Louisiana,142.0,99,197,140.5,2.7,3.0,3,0.0,0.0,189.0,189.0,205.57142857142858,200.0,,,0.0,0.0,0,0.0,0
0.5,0.01,0.5,Montana,142.5,123,186,142.0,4.4,5.0,6,0.0,0.0,165.3,153.0,168.28571428571428,164.0,187.0,187.0,1.0,1.0,1,0.0,0
1.0,0.05,0.5,Arkansas,143.1,92,234,124.0,6.0,6.0,7,0.0,0.0,236.7,234.0,267.8,279.0,192.3,179.5,4.1,3.5,8,1.8,3
2.0,0.05,0.5,Arkansas,143.9,92,234,124.0,10.2,10.0,11,0.0,0.0,217.1,229.0,244.8,238.0,199.2,179.0,4.3,4.0,7,2.1,4
1.0,0.01,1.0,Virginia,144.1,118,168,143.0,14.9,15.0,19,0.0,0.0,159.6,154.0,170.4,168.0,209.8,222.0,6.6,6.0,13,2.2,3
0.5,0.01,0.5,Virginia,144.6,118,160,151.0,5.5,5.0,8,0.0,0.0,158.6,160.0,174.4,168.0,201.1,196.0,2.7,2.5,6,1.0,2
1.0,0.01,0.5,Virginia,144.9,118,160,146.5,12.0,12.0,14,0.0,0.0,157.9,154.0,175.1,169.0,213.3,214.0,5.0,4.5,8,1.9,3
1.0,0.1,0.5,Arkansas,145.3,92,212,128.0,6.6,6.0,9,0.0,0.0,209.8,228.0,243.0,238.0,174.2,175.0,3.8,4.0,6,1.7,3
0.5,0.05,2.0,Mississippi,145.7,104,277,104.0,4.0,4.0,5,0.0,0.0,288.2,277.0,316.3,305.5,224.0,224.0,1.0,1.0,1,0.0,0
2.0,0.01,2.0,Virginia,146.3,118,168,148.5,16.3,17.0,19,0.0,0.0,165.3,161.0,182.9,168.0,165.0,198.5,9.1,9.5,12,2.8,5
2.0,0.01,0.5,Virginia,146.3,118,162,143.0,14.3,13.5,18,0.0,0.0,156.4,154.0,178.8,168.0,200.3,222.0,7.8,8.0,11,3.2,5
0.5,0.01,1.0,Virginia,146.5,118,160,146.5,8.9,8.5,12,0.0,0.0,167.4,160.0,191.0,165.0,189.8,179.0,5.3,6.0,7,2.2,4
1.0,0.01,0.5,South Carolina,146.6,93,312,109.0,2.8,3.0,4,0.0,0.0,228.4,212.0,369.0,374.0,266.0,213.0,1.0,1.0,1,0.0,0
1.0,0.05,0.5,North Carolina,147.5,138,195,138.0,17.6,18.0,20,0.0,0.0,159.6,155.0,178.4,179.0,262.875,251.0,1.625,1.5,3,0.3,1
0.5,0.05,0.5,Arkansas,147.66666666666666,92,234,124.0,1.8888888888888888,2.0,3,0.0,0.0,205.33333333333334,212.0,223.0,223.0,129.0,106.0,1.3333333333333333,1.0,2,0.0,0
0.5,0.25,1.0,Rhode Island,147.8,47,159,159.0,3.0,3.0,3,0.0,0.0,198.2,186.0,259.9,267.0,72.0,72.0,1.0,1.0,1,0.0,0
0.5,0.25,2.0,Rhode Island,147.8,47,159,159.0,3.0,3.0,3,0.0,0.0,187.0,186.0,201.1,196.0,72.0,72.0,1.0,1.0,1,0.0,0
2.0,0.01,1.0,Virginia,148.2,118,174,154.0,15.2,14.5,19,0.0,0.0,166.5,164.0,188.9,187.5,215.5,222.0,8.0,8.5,12,2.9,5
1.0,0.1,0.5,Mississippi,148.77777777777777,104,307,104.0,2.5555555555555554,3.0,4,0.0,0.0,301.14285714285717,304.0,305.8,307.0,224.0,224.0,1.1428571428571428,1.0,2,0.0,0
0.5,0.01,2.0,Virginia,150.6,143,162,152.0,14.6,15.0,17,0.0,0.0,159.9,160.0,173.2,168.0,190.1,168.0,7.2,7.5,12,2.3,4
2.0,0.01,2.0,South Carolina,150.8,93,312,129.5,6.3,6.5,9,0.1,1.0,248.4,253.5,325.2,358.0,290.55555555555554,305.0,4.333333333333333,3.0,9,0.6,3
0.5,0.05,2.0,Arkansas,150.9,92,234,124.0,8.8,9.0,10,0.0,0.0,223.7,234.0,256.5,249.0,152.1,120.0,4.6,5.0,7,1.7,3
1.0,0.01,2.0,Virginia,151.1,118,168,154.0,13.9,14.0,17,0.0,0.0,168.8,161.0,187.6,168.0,222.1,222.0,8.0,7.5,12,3.4,6
2.0,0.1,2.0,Rhode Island,151.5,47,196,159.0,3.0,3.0,3,0.0,0.0,197.3,186.0,242.3,247.5,72.0,72.0,1.0,1.0,1,0.0,0
2.0,0.01,1.0,South Carolina,151.9,93,215,150.0,6.4,6.5,8,0.0,0.0,258.1,239.0,341.8,358.0,289.77777777777777,305.0,3.6666666666666665,3.0,11,0.3,2
2.0,0.05,1.0,Arkansas,152.2,74,234,128.0,11.3,11.0,13,0.0,0.0,213.8,234.0,246.2,249.0,187.2,174.0,5.2,5.5,7,1.7,2
1.0,0.01,0.5,West Virginia,153.9,70,219,161.5,4.6,4.0,7,0.0,0.0,206.9,212.5,231.0,233.0,233.0,236.0,1.0,1.0,1,0.1,1
0.5,0.05,1.0,Arkansas,154.4,92,234,147.5,4.1,4.0,6,0.0,0.0,226.1,234.0,291.3,279.0,175.3,140.5,2.7,2.0,6,1.6,3
0.5,0.1,0.5,Mississippi,154.75,104,307,104.0,1.5,1.5,2,0.0,0.0,307.0,307.0,,,,,0.0,0.0,0,0.0,0
ALL,ALL,ALL,Arkansas,154.85797101449276,74,365,124.0,8.423188405797102,9.0,16,0.009036144578313253,2.0,207.34939759036143,224.0,245.79099678456592,234.0,169.26934984520125,173.0,4.284403669724771,4.0,10,1.5072463768115942,4
1.0,0.01,2.0,New Jersey,155.5,87,242,172.0,6.7,6.5,9,0.2,1.0,234.2,223.5,302.3,257.0,291.8888888888889,261.0,1.5555555555555556,2.0,2,0.6,2
0.5,0.1,0.5,Rhode Island,155.55555555555554,47,186,159.0,1.6666666666666667,2.0,2,0.0,0.0,195.66666666666666,186.0,,,72.0,72.0,1.0,1.0,1,0.0,0
2.0,0.05,0.5,Mississippi,155.9,104,277,104.0,4.8,5.0,7,0.0,0.0,283.3,277.0,310.3,304.0,240.83333333333334,224.0,1.8333333333333333,2.0,3,0.0,0
2.0,0.1,0.5,Mississippi,155.9,104,277,104.0,5.7,6.0,7,0.0,0.0,283.3,277.0,304.6,304.0,255.66666666666666,230.0,1.5,1.5,2,0.0,0
0.5,0.05,0.5,Rhode Island,159.0,159,159,159.0,1.25,1.0,2,0.0,0.0,186.0,186.0,,,,,0.0,0.0,0,0.0,0
1.0,0.1,1.0,Rhode Island,159.7,47,247,159.0,3.0,3.0,3,0.0,0.0,215.8,212.0,240.9,238.5,72.0,72.0,1.0,1.0,1,0.0,0
1.0,0.01,2.0,North Carolina,160.8,138,201,155.0,11.0,11.0,15,0.1,1.0,198.6,201.0,215.4,217.0,331.3333333333333,361.5,1.125,1.0,2,1.2,3
2.0,0.1,1.0,Rhode Island,161.1,47,228,159.0,3.0,3.0,3,0.0,0.0,200.0,196.0,231.9,228.0,72.0,72.0,1.0,1.0,1,0.0,0
0.5,0.1,2.0,Rhode Island,161.7,47,244,159.0,2.9,3.0,3,0.0,0.0,215.8,196.0,238.55555555555554,247.0,72.0,72.0,1.0,1.0,1,0.0,0
0.5,0.1,1.0,Rhode Island,162.0,47,247,159.0,2.9,3.0,3,0.0,0.0,218.2,209.5,259.1111111111111,267.0,72.0,72.0,1.0,1.0,1,0.0,0
2.0,0.05,2.0,Arkansas,162.0,92,234,132.0,11.7,11.5,14,0.0,0.0,231.3,229.0,245.0,242.0,221.4,179.5,3.8,3.5,8,1.6,3
2.0,0.1,0.5,Rhode Island,162.7,47,244,159.0,3.0,3.0,3,0.0,0.0,205.5,196.0,251.8,267.0,72.0,72.0,1.0,1.0,1,0.0,0
0.5,0.01,1.0,West Virginia,163.2,90,235,159.0,3.5,3.5,6,0.1111111111111111,1.0,205.88888888888889,219.0,255.625,226.0,229.42857142857142,236.0,0.8888888888888888,1.0,2,0.4,1
1.0,0.01,0.5,New Jersey,163.9,83,239,172.0,3.7,4.0,5,0.0,0.0,252.5,236.5,301.75,250.5,232.16666666666666,240.5,1.8571428571428572,2.0,4,0.3,2
0.5,0.1,2.0,Mississippi,164.0,104,304,104.0,4.6,5.0,5,0.0,0.0,291.4,290.5,308.6,308.0,224.0,224.0,1.3333333333333333,1.0,2,0.0,0
1.0,0.01,1.0,North Carolina,168.3,138,201,155.0,9.0,9.5,12,0.0,0.0,195.9,199.5,210.8,209.0,393.42857142857144,369.0,0.9,1.0,2,1.2,2
0.5,0.01,2.0,North Carolina,169.4,138,201,155.0,10.2,10.0,14,0.0,0.0,197.2,201.0,233.6,219.5,333.2857142857143,359.0,1.2222222222222223,1.0,2,0.7,1
1.0,0.01,1.0,New Jersey,172.4,88,239,172.0,5.4,5.0,8,0.0,0.0,231.3,243.5,350.8,385.5,247.125,258.5,1.5555555555555556,1.0,3,0.3,1
1.0,0.1,0.5,Rhode Island,172.5,159,186,172.5,3.0,3.0,3,0.0,0.0,203.8,196.0,246.5,245.5,,,0.0,0.0,0,0.0,0
1.0,0.01,0.5,North Carolina,173.4,138,201,176.5,7.3,7.5,12,0.0,0.0,205.9,201.0,230.9,217.5,343.8,329.0,1.1666666666666667,1.0,2,0.3,1
1.0,0.01,1.0,West Virginia,174.4,90,219,188.0,6.1,7.0,9,0.0,0.0,215.7,220.0,263.4,236.0,234.66666666666666,236.0,0.75,1.0,1,0.5,1
0.5,0.01,1.0,North Carolina,175.0,138,217,155.0,5.9,5.0,9,0.0,0.0,210.2,206.5,233.1,224.0,329.6666666666667,369.0,1.3333333333333333,1.0,2,0.0,0
0.5,0.01,0.5,Mississippi,175.0,175,175,175.0,1.0,1.0,1,,,,,,,,,0.0,0.0,0,0.0,0
0.5,0.25,0.5,Delaware,175.2,162,228,162.0,1.0,1.0,1,,,,,,,,,0.0,0.0,0,0.0,0
0.5,0.01,0.5,West Virginia,175.75,97,206,187.5,2.375,2.0,5,0.0,0.0,219.66666666666666,219.0,224.33333333333334,221.0,,,0.0,0.0,0,0.375,1
2.0,0.01,2.0,North Carolina,176.1,142,201,176.5,12.2,12.5,16,0.0,0.0,199.5,201.0,220.4,209.0,303.2,329.0,1.125,1.0,3,1.7,4
2.0,0.01,1.0,Alabama,176.7,138,269,188.0,5.0,5.0,8,0.0,0.0,218.0,200.0,289.6666666666667,279.0,317.3333333333333,318.0,1.6666666666666667,2.0,2,0.1,1
2.0,0.01,0.5,West Virginia,177.0,97,226,176.5,6.5,6.0,9,0.2,1.0,212.1,206.0,234.5,235.0,311.0,236.0,0.625,1.0,1,0.6,2
1.0,0.01,2.0,Alabama,177.7,113,223,191.0,4.9,5.0,7,0.0,0.0,254.1,208.5,323.22222222222223,299.0,410.0,410.0,1.5,1.5,2,0.0,0
1.0,0.05,1.0,Arkansas,177.8,92,234,181.0,9.1,9.0,10,0.0,0.0,230.3,234.0,253.6,249.0,214.1,217.5,4.1,4.0,7,1.3,2
0.5,0.01,0.5,North Carolina,178.44444444444446,155,218,155.0,3.4444444444444446,3.0,6,0.0,0.0,216.25,218.0,240.375,237.0,254.0,254.0,1.0,1.0,1,0.0,0
1.0,0.1,2.0,Rhode Island,178.7,159,228,172.5,3.0,3.0,3,0.0,0.0,209.7,196.0,249.5,255.5,,,0.0,0.0,0,0.0,0
2.0,0.05,1.0,Rhode Island,180.6,47,247,186.0,2.9,3.0,3,0.0,0.0,224.5,228.0,286.1111111111111,267.0,63.0,63.0,2.0,2.0,2,0.0,0
ALL,ALL,ALL,Rhode Island,182.0058309037901,47,551,159.0,2.574344023323615,3.0,3,0.0,0.0,230.3783783783784,196.0,253.93852459016392,267.0,71.775,72.0,1.025,1.0,2,0.0,0
0.5,0.01,2.0,West Virginia,182.2,159,240,174.0,5.3,5.0,8,0.3,1.0,229.0,205.0,270.7,235.0,238.5,238.5,0.8333333333333334,1.0,2,0.5,1
0.5,0.01,0.5,Alabama,182.625,138,279,190.0,1.25,1.0,2,0.0,0.0,274.0,274.0,,,,,0.0,0.0,0,0.0,0
0.5,0.1,1.0,Mississippi,183.2,104,308,104.0,1.6,1.0,3,0.0,0.0,305.0,305.0,307.0,307.0,224.0,224.0,1.0,1.0,1,0.0,0
1.0,0.05,0.5,Mississippi,184.0,104,304,104.0,1.7,2.0,3,0.0,0.0,283.1666666666667,304.0,308.0,308.0,228.0,224.0,1.3333333333333333,1.0,2,0.0,0
2.0,0.05,0.5,Rhode Island,185.0,159,247,186.0,3.0,3.0,3,0.0,0.0,240.0,244.0,267.5,267.0,,,0.0,0.0,0,0.0,0
2.0,0.01,2.0,Alabama,185.0,138,279,187.0,5.6,5.5,8,0.0,0.0,219.1,214.5,304.1,279.0,371.0,348.5,1.0,1.0,1,0.3,2
ALL,ALL,ALL,Mississippi,185.57827476038338,104,361,104.0,3.9968051118210863,4.0,10,0.0,0.0,286.3176470588235,286.0,305.4878048780488,304.0,241.48872180451127,224.0,1.481203007518797,1.0,3,0.0,0
0.5,0.01,1.0,New Jersey,186.0,87,253,177.0,2.9,3.0,5,0.0,0.0,265.3333333333333,242.0,290.14285714285717,248.0,250.2,261.0,1.6,1.0,3,0.2,2
2.0,0.01,1.0,North Carolina,186.5,155,201,201.0,11.3,11.5,15,0.0,0.0,215.2,205.5,266.7,230.5,387.8,369.0,0.5555555555555556,1.0,1,1.2,2
0.5,0.25,2.0,Delaware,186.9,162,228,179.0,2.9,3.0,3,0.0,0.0,288.1,328.0,328.55555555555554,329.0,299.0,299.0,1.0,1.0,1,0.0,0
2.0,0.01,0.5,North Carolina,187.3,138,201,201.0,12.0,12.0,14,0.0,0.0,213.7,212.0,231.8,224.0,390.3333333333333,369.0,0.8,1.0,2,1.2,2
2.0,0.01,2.0,New Jersey,187.5,172,253,182.0,5.9,6.0,8,0.3,2.0,281.8,247.5,351.9,395.0,386.2,261.0,0.875,1.0,3,0.7,3
0.5,0.05,2.0,Rhode Island,187.6,159,233,196.0,2.9,3.0,3,0.0,0.0,239.9,245.5,277.55555555555554,267.0,,,0.0,0.0,0,0.0,0
1.0,0.01,2.0,West Virginia,187.7,159,225,189.0,7.2,7.0,9,0.3,1.0,224.9,220.5,265.4,246.0,374.75,238.5,1.2222222222222223,1.0,2,0.7,1
1.0,0.01,0.5,Alabama,187.9,138,269,188.0,2.4,2.5,4,0.0,0.0,248.75,236.5,274.8,279.0,318.0,318.0,1.0,1.0,1,0.0,0
2.0,0.25,0.5,Delaware,188.6,162,228,179.0,2.8,3.0,3,0.0,0.0,293.3,328.0,328.625,329.0,299.0,299.0,1.0,1.0,1,0.0,0
2.0,0.01,0.5,Alabama,188.9,138,223,188.0,5.1,5.0,7,0.0,0.0,238.4,206.0,291.22222222222223,299.0,344.6666666666667,318.0,1.0,1.0,1,0.0,0
1.0,0.01,1.0,Alabama,189.0,138,261,188.0,3.6,3.5,5,0.0,0.0,217.4,194.0,306.0,251.0,,,0.0,0.0,0,0.0,0
1.0,0.1,2.0,Mississippi,189.9,104,277,189.0,5.9,5.5,8,0.0,0.0,287.2,277.0,304.7,304.0,228.8,224.0,1.4,1.0,2,0.0,0
1.0,0.05,2.0,Rhode Island,190.0,159,228,186.0,3.0,3.0,3,0.0,0.0,246.3,267.0,319.9,291.0,,,0.0,0.0,0,0.0,0
2.0,0.01,2.0,West Virginia,190.0,159,236,193.5,7.6,8.0,10,0.1,1.0,209.0,200.0,251.4,240.0,369.625,241.0,1.75,1.5,3,0.5,1
0.5,0.05,1.0,Rhode Island,190.2,47,247,186.0,2.5,3.0,3,0.0,0.0,244.11111111111111,247.0,267.0,267.0,72.0,72.0,1.0,1.0,1,0.0,0
2.0,0.01,0.5,New Jersey,190.2,172,248,177.5,6.3,6.0,9,0.0,0.0,261.7,236.5,289.6,242.0,255.0,261.0,1.6,1.0,3,0.1,1
0.5,0.01,0.5,New Jersey,191.25,157,253,172.0,2.375,2.5,4,0.2,1.0,229.4,239.0,248.0,248.5,253.8,261.0,1.4,1.0,2,0.125,1
1.0,0.05,2.0,Arkansas,194.4,92,234,234.0,9.1,9.0,13,0.0,0.0,234.3,245.5,270.9,271.0,213.66666666666666,256.0,3.5,3.5,7,1.8,3
0.5,0.1,0.5,Delaware,195.0,162,228,195.0,1.5,1.5,2,0.0,0.0,203.5,203.5,,,,,0.0,0.0,0,0.0,0
2.0,0.01,1.0,New Jersey,195.1,87,388,172.0,5.9,5.5,8,0.5,2.0,285.5,253.0,370.6,388.0,303.5,241.0,1.7142857142857142,1.0,5,0.7,2
2.0,0.01,1.0,West Virginia,196.5,159,235,201.0,7.5,7.0,11,0.0,0.0,238.5,235.5,343.4,345.0,395.2857142857143,241.0,1.0,1.0,2,0.4,1
2.0,0.05,2.0,Rhode Island,197.5,159,244,186.0,3.0,3.0,3,0.0,0.0,234.8,244.0,279.0,267.0,,,0.0,0.0,0,0.0,0
0.5,0.01,2.0,New Jersey,198.3,87,395,173.0,5.7,6.0,7,0.0,0.0,257.6,239.0,309.3,256.0,238.8,246.0,1.6,2.0,2,0.2,1
2.0,0.05,2.0,Mississippi,198.5,104,289,224.5,4.5,4.5,7,0.0,0.0,287.2,277.0,311.3,304.0,255.25,242.0,1.75,2.0,2,0.0,0
2.0,0.01,2.0,Maine,199.5,75,277,207.5,5.4,5.5,7,0.0,0.0,270.2,277.0,303.7,312.5,300.2,236.0,0.75,1.0,2,0.8,2
1.0,0.05,1.0,Rhode Island,199.6,159,261,186.0,2.9,3.0,3,0.0,0.0,245.4,261.0,299.6666666666667,267.0,,,0.0,0.0,0,0.0,0
1.0,0.25,1.0,Delaware,200.1,162,228,203.5,2.8,3.0,3,0.0,0.0,303.3,328.0,328.75,329.0,299.0,299.0,1.0,1.0,1,0.0,0
0.5,0.25,1.0,Delaware,203.5,179,228,203.5,1.0,1.0,1,,,,,,,,,0.0,0.0,0,0.0,0
1.0,0.01,0.5,New Hampshire,203.7,137,285,201.0,4.3,4.0,5,0.0,0.0,278.9,286.0,311.6,308.0,,,0.0,0.0,0,0.0,0
1.0,0.25,0.5,Delaware,205.0,162,228,228.0,1.3,1.0,2,0.0,0.0,272.0,228.0,,,299.0,299.0,1.0,1.0,1,0.0,0
1.0,0.1,0.5,Delaware,205.0,162,228,228.0,1.5,1.5,2,0.0,0.0,300.8,328.0,,,299.0,299.0,1.0,1.0,1,0.0,0
1.0,0.05,0.5,Rhode Island,206.4,159,247,196.0,2.9,3.0,3,0.0,0.0,240.0,244.0,275.0,267.0,,,0.0,0.0,0,0.0,0
1.0,0.25,2.0,Delaware,206.7,162,228,228.0,3.0,3.0,3,0.0,0.0,313.1,328.0,328.9,329.0,,,0.0,0.0,0,0.0,0
0.5,0.01,2.0,Maine,208.1,75,277,227.0,4.5,5.0,7,0.0,0.0,271.5,277.0,302.22222222222223,300.0,324.14285714285717,321.0,2.0,2.0,4,0.5,1
0.5,0.1,1.0,Delaware,209.9,162,228,228.0,1.3,1.0,2,0.0,0.0,255.66666666666666,228.0,,,,,0.0,0.0,0,0.0,0
1.0,0.01,1.0,South Carolina,211.2,93,369,196.0,5.2,5.0,9,0.0,0.0,314.0,369.0,351.6,376.0,291.8,309.0,2.0,2.0,3,0.0,0
2.0,0.25,1.0,Delaware,216.5,162,228,228.0,2.6,3.0,3,0.0,0.0,313.4,328.0,329.0,329.0,,,0.0,0.0,0,0.0,0
2.0,0.25,2.0,Delaware,216.5,162,228,228.0,2.9,3.0,3,0.0,0.0,318.0,328.0,329.0,329.0,,,0.0,0.0,0,0.0,0
0.5,0.1,2.0,Delaware,216.5,162,228,228.0,2.6,3.0,3,0.0,0.0,318.3,328.0,329.0,329.0,299.0,299.0,1.0,1.0,1,0.0,0
2.0,0.01,1.0,Arkansas,216.9,92,302,229.0,6.5,6.0,10,0.0,0.0,269.4,263.0,315.3,300.0,201.33333333333334,260.0,4.0,3.0,8,0.9,3
1.0,0.1,1.0,Delaware,218.2,179,228,228.0,2.3,2.0,3,0.0,0.0,328.7,329.0,329.0,329.0,431.0,431.0,1.0,1.0,1,0.0,0
0.5,0.01,1.0,Alabama,218.625,138,285,194.0,1.5,1.0,3,0.0,0.0,275.6666666666667,279.0,291.0,291.0,318.0,318.0,1.0,1.0,1,0.0,0
1.0,0.01,1.0,New Hampshire,220.3,111,296,213.0,4.8,4.5,6,0.0,0.0,289.1,286.5,310.0,308.0,,,0.0,0.0,0,0.1,1
1.0,0.1,2.0,Delaware,221.4,162,228,228.0,2.6,3.0,3,0.0,0.0,318.4,328.0,328.8333333333333,329.0,,,0.0,0.0,0,0.0,0
2.0,0.1,0.5,Delaware,221.4,162,228,228.0,2.6,3.0,3,0.0,0.0,318.4,328.0,328.8333333333333,329.0,299.0,299.0,1.0,1.0,1,0.0,0
2.0,0.01,0.5,Maine,221.7,75,277,262.5,5.0,4.5,7,0.0,0.0,282.5,277.0,312.0,317.0,435.42857142857144,487.0,1.375,1.0,3,0.6,2
1.0,0.05,2.0,Delaware,223.1,179,228,228.0,2.2,2.0,3,0.0,0.0,328.8,329.0,329.0,329.0,324.0,324.0,1.0,1.0,1,0.0,0
1.0,0.05,0.5,Delaware,223.1,179,277,228.0,1.3,1.0,3,0.0,0.0,344.0,344.0,360.0,360.0,324.0,324.0,1.0,1.0,1,0.0,0
0.5,0.01,2.0,Alabama,223.5,184,386,188.0,2.9,3.0,4,0.0,0.0,287.44444444444446,223.0,295.0,269.0,435.0,435.0,1.0,1.0,1,0.0,0
0.5,0.01,1.0,Maine,223.6,120,277,223.0,4.9,5.0,6,0.0,0.0,271.5,277.0,301.2,303.5,485.0,485.0,1.0,1.0,1,0.0,0
0.5,0.01,0.5,New Hampshire,225.1,165,294,201.0,1.9,2.0,4,0.0,0.0,283.6666666666667,292.0,301.0,301.0,247.0,247.0,1.0,1.0,1,0.0,0
2.0,0.01,1.0,Maine,225.2,75,277,263.0,5.0,5.0,7,0.0,0.0,272.1,277.0,303.9,306.0,311.0,321.0,2.0,2.0,3,0.6,2
1.0,0.01,2.0,Maine,226.8,120,277,227.0,4.9,5.0,6,0.0,0.0,283.6,277.0,304.0,307.0,385.8,321.0,0.75,1.0,2,0.8,2
ALL,ALL,ALL,Delaware,227.2536443148688,162,593,228.0,2.0291545189504374,2.0,3,0.0,0.0,319.38492063492066,329.0,329.43564356435644,329.0,332.16901408450707,324.0,1.0704225352112675,1.0,2,0.0,0
2.0,0.05,1.0,Delaware,228.0,228,228,228.0,2.2,2.0,3,0.0,0.0,328.8,329.0,329.0,329.0,,,0.0,0.0,0,0.0,0
1.0,0.05,1.0,Delaware,228.0,179,277,228.0,2.2,2.0,3,0.0,0.0,328.8,329.0,329.0,329.0,431.0,431.0,1.0,1.0,1,0.0,0
0.5,0.05,0.5,Delaware,228.0,228,228,228.0,1.0,1.0,1,,,,,,,315.0,315.0,1.0,1.0,1,0.0,0
2.0,0.05,2.0,Delaware,228.0,228,228,228.0,2.2,2.0,3,0.0,0.0,328.8,329.0,329.0,329.0,431.0,431.0,1.0,1.0,1,0.0,0
2.0,0.1,1.0,Delaware,228.0,228,228,228.0,2.6,3.0,3,0.0,0.0,328.4,328.0,329.0,329.0,,,0.0,0.0,0,0.0,0
2.0,0.1,2.0,Delaware,228.0,228,228,228.0,2.5,2.5,3,0.0,0.0,328.5,328.5,329.0,329.0,,,0.0,0.0,0,0.0,0
1.0,0.01,0.5,Maine,230.1,75,277,266.0,4.5,4.5,6,0.0,0.0,285.7,277.0,315.7,320.0,333.3333333333333,317.0,1.3333333333333333,1.0,2,0.1,1
0.5,0.05,1.0,Delaware,232.9,179,277,228.0,1.1,1.0,2,0.0,0.0,360.0,360.0,,,,,0.0,0.0,0,0.0,0
0.5,0.05,2.0,Delaware,232.9,228,277,228.0,2.5,2.5,3,0.0,0.0,328.5,328.5,329.0,329.0,,,0.0,0.0,0,0.0,0
2.0,0.05,0.5,Delaware,232.9,228,277,228.0,2.2,2.0,3,0.0,0.0,328.8,329.0,329.0,329.0,377.5,377.5,1.0,1.0,1,0.0,0
0.5,0.01,1.0,Arkansas,233.11111111111111,92,365,234.0,2.0,2.0,4,0.0,0.0,292.8,279.0,333.0,343.0,210.4,306.0,1.1666666666666667,1.0,2,0.7777777777777778,2
0.5,0.01,0.5,Rhode Island,233.25,159,269,252.5,1.25,1.0,2,0.0,0.0,267.0,267.0,,,,,0.0,0.0,0,0.0,0
1.0,0.01,0.5,Rhode Island,235.88888888888889,159,267,244.0,1.8888888888888888,2.0,3,0.0,0.0,318.8333333333333,268.0,264.0,264.0,,,0.0,0.0,0,0.0,0
0.5,0.01,0.5,Delaware,236.16666666666666,228,277,228.0,1.0,1.0,1,,,,,,,,,0.0,0.0,0,0.0,0
0.5,0.01,2.0,New Hampshire,237.5,111,286,258.0,4.6,5.0,5,0.0,0.0,288.1,282.0,319.8,306.5,,,0.0,0.0,0,0.0,0
2.0,0.01,2.0,Arkansas,237.6,92,288,248.5,6.4,7.0,9,0.0,0.0,276.5,276.5,310.5,312.0,114.9,28.0,4.8,5.0,9,1.3,3
0.5,0.01,1.0,New Hampshire,239.4,197,286,233.0,4.5,4.5,6,0.0,0.0,280.9,278.0,306.5,308.0,402.5,402.5,1.0,1.0,1,0.0,0
0.5,0.01,0.5,Maine,240.6,120,277,266.0,2.0,2.0,3,0.0,0.0,284.85714285714283,277.0,303.6666666666667,314.0,154.0,154.0,1.0,1.0,1,0.0,0
2.0,0.05,1.0,Mississippi,243.9,104,289,275.5,4.4,4.5,6,0.0,0.0,290.2,290.5,314.5,319.0,313.0,313.0,1.0,1.0,1,0.0,0
2.0,0.01,0.5,Arkansas,244.9,191,348,242.0,5.5,5.0,8,0.2,2.0,292.8,288.5,332.9,314.0,240.88888888888889,306.0,3.7777777777777777,3.0,8,0.7,2
1.0,0.05,2.0,Mississippi,245.1,104,304,277.0,4.7,5.0,6,0.0,0.0,298.7,304.0,317.9,329.0,230.0,230.0,1.5,1.5,2,0.0,0
2.0,0.01,2.0,New Hampshire,247.7,201,286,247.0,5.1,5.0,6,0.0,0.0,277.6,276.0,298.0,294.0,453.0,453.0,0.5,0.5,1,0.1,1
1.0,0.01,1.0,Rhode Island,248.125,186,267,261.0,2.25,2.0,3,0.0,0.0,316.85714285714283,269.0,406.6666666666667,412.0,,,0.0,0.0,0,0.0,0
0.5,0.01,0.5,Arkansas,249.0,234,279,234.0,1.3333333333333333,1.0,2,0.0,0.0,279.0,279.0,,,306.0,306.0,0.5,0.5,1,0.6666666666666666,1
1.0,0.01,0.5,Delaware,250.0,228,277,240.0,1.8,2.0,3,0.0,0.0,328.85714285714283,329.0,329.0,329.0,324.0,324.0,1.375,1.0,2,0.0,0
1.0,0.01,2.0,Arkansas,251.7,234,279,248.5,6.8,7.0,9,0.0,0.0,286.4,293.0,332.9,328.0,294.2,307.0,3.1,3.0,5,0.9,2
1.0,0.01,2.0,New Hampshire,252.1,201,296,275.0,5.0,5.0,6,0.0,0.0,293.9,305.0,315.2,308.0,,,0.0,0.0,0,0.0,0
1.0,0.01,2.0,Delaware,252.5,228,277,252.5,1.7,2.0,2,0.0,0.0,329.0,329.0,,,334.8333333333333,324.0,1.1666666666666667,1.0,2,0.0,0
2.0,0.01,1.0,New Hampshire,253.4,137,308,286.0,4.9,5.0,6,0.0,0.0,289.1,294.0,314.1,313.0,316.0,316.0,1.5,1.5,2,0.0,0
2.0,0.01,2.0,Delaware,254.9,228,277,264.5,2.0,2.0,2,0.0,0.0,329.1,329.0,,,324.0,324.0,1.0,1.0,1,0.0,0
0.5,0.01,2.0,Arkansas,256.2,191,365,241.5,3.7,4.0,6,0.0,0.0,278.0,279.0,313.25,298.0,188.0,167.0,2.6666666666666665,2.0,5,1.1,2
1.0,0.01,1.0,Arkansas,256.5,234,298,263.0,4.1,4.0,6,0.0,0.0,292.7,279.0,348.1111111111111,362.0,196.2,260.0,2.1,2.0,4,0.7,2
2.0,0.01,0.5,Rhode Island,256.77777777777777,228,267,261.0,2.2222222222222223,3.0,3,0.0,0.0,288.8333333333333,267.0,334.2,269.0,,,0.0,0.0,0,0.0,0
2.0,0.01,0.5,New Hampshire,257.1,140,286,277.0,4.9,5.0,6,0.0,0.0,293.4,290.0,312.0,308.0,,,0.0,0.0,0,0.0,0
0.5,0.01,2.0,Delaware,257.4,228,277,277.0,1.8,2.0,3,0.0,0.0,328.7142857142857,329.0,330.0,330.0,341.0,324.0,1.0,1.0,1,0.0,0
2.0,0.01,0.5,Delaware,262.6,228,329,277.0,1.8,2.0,2,0.0,0.0,337.25,329.0,,,337.0,324.0,1.0,1.0,1,0.0,0
0.5,0.01,1.0,Rhode Island,263.77777777777777,196,396,261.0,1.6666666666666667,2.0,3,0.0,0.0,262.4,267.0,247.0,247.0,,,0.0,0.0,0,0.0,0
1.0,0.01,1.0,Delaware,265.0,228,353,277.0,1.7,2.0,2,0.0,0.0,329.0,329.0,,,324.0,324.0,1.0,1.0,1,0.0,0
1.0,0.01,1.0,Maine,265.2,206,277,271.5,4.3,4.5,6,0.0,0.0,297.7,288.5,316.55555555555554,320.0,575.8571428571429,601.0,0.875,1.0,1,0.3,1
1.0,0.05,1.0,Mississippi,267.7,104,304,277.0,3.6,3.5,5,0.0,0.0,306.5,304.0,346.77777777777777,334.0,224.0,224.0,1.0,1.0,1,0.0,0
0.5,0.01,1.0,Delaware,272.4,228,329,277.0,1.3,1.0,2,0.0,0.0,329.0,329.0,,,324.0,324.0,1.1666666666666667,1.0,2,0.0,0
1.0,0.01,0.5,Arkansas,272.6666666666667,234,365,274.0,2.2222222222222223,2.0,4,0.125,1.0,330.375,322.5,348.5,348.5,105.33333333333333,28.0,2.0,2.0,3,0.1111111111111111,1
0.5,0.05,1.0,Mississippi,273.5,104,308,307.0,1.1666666666666667,1.0,2,0.0,0.0,308.0,308.0,,,,,0.0,0.0,0,0.0,0
1.0,0.01,2.0,Rhode Island,275.85714285714283,159,396,247.0,2.142857142857143,2.0,3,0.0,0.0,359.57142857142856,396.0,396.0,396.0,,,0.0,0.0,0,0.0,0
0.5,0.01,2.0,Rhode Island,279.9,228,412,254.0,1.6,1.5,3,0.0,0.0,382.6,396.0,396.0,396.0,,,0.0,0.0,0,0.0,0
2.0,0.01,2.0,Rhode Island,280.3,228,412,264.0,1.6,1.5,3,0.0,0.0,379.2,396.0,593.0,593.0,,,0.0,0.0,0,0.0,0
2.0,0.01,1.0,Delaware,289.2,228,593,252.5,1.8,2.0,3,0.0,0.0,333.42857142857144,329.0,353.0,353.0,349.5,324.0,1.0,1.0,1,0.0,0
2.0,0.01,2.0,Mississippi,294.6666666666667,277,308,304.0,1.6666666666666667,2.0,2,0.0,0.0,334.0,334.0,,,,,0.0,0.0,0,0.0,0
2.0,0.01,0.5,Mississippi,299.2857142857143,274,312,308.0,1.2857142857142858,1.0,2,0.0,0.0,344.0,344.0,,,407.0,407.0,1.0,1.0,1,0.0,0
0.5,0.01,2.0,Mississippi,303.57142857142856,277,312,308.0,1.5714285714285714,2.0,2,0.0,0.0,366.5,334.0,,,,,0.0,0.0,0,0.0,0
0.5,0.01,1.0,Mississippi,307.75,303,312,308.0,1.0,1.0,1,,,,,,,,,0.0,0.0,0,0.0,0
2.0,0.01,1.0,Mississippi,307.875,289,334,308.0,1.75,1.5,4,0.0,0.0,326.25,331.5,329.0,329.0,,,0.0,0.0,0,0.0,0
2.0,0.01,1.0,Rhode Island,307.9,228,551,261.0,1.4,1.0,2,0.0,0.0,409.5,404.0,,,,,0.0,0.0,0,0.0,0
1.0,0.01,2.0,Mississippi,309.0,274,334,308.0,1.7777777777777777,2.0,3,0.0,0.0,371.6,308.0,321.0,321.0,,,0.0,0.0,0,0.0,0
1.0,0.01,1.0,Mississippi,313.25,277,334,318.5,1.75,1.5,3,0.0,0.0,340.0,346.5,346.5,346.5,,,0.0,0.0,0,0.0,0
1.0,0.01,0.5,Mississippi,320.4,304,361,312.0,1.2,1.0,2,0.0,0.0,359.0,359.0,,,,,0.0,0.0,0,0.0,0
