alpha,beta,gamma,state,mean_first_intro_day,earliest_first_intro_day,latest_first_intro_day,median_first_intro_day,mean_intro_count,median_intro_count,max_intro_count,mean_cumu_before_second_intro,max_cumu_before_second_intro,mean_intro_day_2,median_intro_day_2,mean_intro_day_3,median_intro_day_3,mean_first_export_day,median_first_export_day,mean_export_count,median_export_count,max_export_count,mean_total_cumu_cases,max_total_cumu_cases
0.5,0.01,0.5,Texas,28.0,28,28,28.0,23.8,22.5,32,0.0,0.0,28.0,28.0,28.0,28.0,39.5,38.5,33.3,34.5,40,26.0,32
0.5,0.1,0.5,Texas,28.0,28,28,28.0,40.2,40.0,44,0.0,0.0,28.0,28.0,28.0,28.0,29.0,29.0,50.0,49.5,54,30.6,33
0.5,0.25,0.5,Texas,28.0,28,28,28.0,44.1,44.0,47,0.0,0.0,28.0,28.0,28.0,28.0,29.0,29.0,52.9,52.5,57,30.9,35
0.5,0.05,0.5,Texas,28.0,28,28,28.0,35.0,34.5,38,0.0,0.0,28.0,28.0,28.0,28.0,31.1,29.0,49.2,49.5,53,31.3,35
0.5,0.01,1.0,Texas,28.0,28,28,28.0,26.7,26.0,33,0.0,0.0,28.0,28.0,28.0,28.0,39.3,38.0,43.8,43.0,52,33.9,40
1.0,0.01,0.5,Texas,28.0,28,28,28.0,30.7,31.0,37,0.0,0.0,28.0,28.0,28.0,28.0,38.9,38.5,51.8,51.5,62,36.3,41
0.5,0.05,1.0,Texas,28.0,28,28,28.0,39.1,39.5,44,0.0,0.0,28.0,28.0,28.0,28.0,30.8,29.0,59.3,60.0,64,38.0,42
1.0,0.1,0.5,Texas,28.0,28,28,28.0,44.9,45.0,47,0.0,0.0,28.0,28.0,28.0,28.0,29.0,29.0,67.4,66.5,79,39.7,42
0.5,0.25,1.0,Texas,28.0,28,28,28.0,46.2,46.0,50,0.0,0.0,28.0,28.0,28.0,28.0,29.0,29.0,63.7,64.5,68,39.8,43
0.5,0.1,1.0,Texas,28.0,28,28,28.0,42.1,42.0,46,0.0,0.0,28.0,28.0,28.0,28.0,29.3,29.0,58.6,59.5,64,40.7,46
0.5,0.01,2.0,Texas,28.0,28,28,28.0,30.6,30.5,34,0.0,0.0,28.0,28.0,28.0,28.0,39.2,39.0,58.9,57.0,67,40.7,47
1.0,0.25,0.5,Texas,28.0,28,28,28.0,45.6,45.5,50,0.0,0.0,28.0,28.0,28.0,28.0,29.0,29.0,68.5,68.5,74,41.6,45
1.0,0.05,0.5,Texas,28.0,28,28,28.0,41.0,40.0,44,0.0,0.0,28.0,28.0,28.0,28.0,32.0,29.0,65.4,65.5,70,41.6,44
1.0,0.01,1.0,Texas,28.0,28,28,28.0,33.7,34.0,39,0.0,0.0,28.0,28.0,28.0,28.0,38.9,38.0,61.8,60.0,70,42.2,47
ALL,ALL,ALL,Texas,28.0,28,28,28.0,41.63055555555555,43.0,54,0.0,0.0,28.0,28.0,28.0,28.0,32.225,29.0,69.02222222222223,72.0,94,42.69166666666667,57
0.5,0.25,2.0,Texas,28.0,28,28,28.0,49.6,50.0,53,0.0,0.0,28.0,28.0,28.0,28.0,29.0,29.0,71.6,72.0,76,42.8,46
1.0,0.1,1.0,Texas,28.0,28,28,28.0,48.0,47.5,51,0.0,0.0,28.0,28.0,28.0,28.0,29.0,29.0,74.9,75.0,81,43.7,46
1.0,0.25,1.0,Texas,28.0,28,28,28.0,49.3,49.0,52,0.0,0.0,28.0,28.0,28.0,28.0,29.0,29.0,77.2,77.0,81,44.0,48
0.5,0.1,2.0,Texas,28.0,28,28,28.0,46.5,46.5,51,0.0,0.0,28.0,28.0,28.0,28.0,29.0,29.0,69.9,69.0,77,44.2,49
2.0,0.25,1.0,Texas,28.0,28,28,28.0,50.1,49.5,54,0.0,0.0,28.0,28.0,28.0,28.0,29.0,29.0,82.2,82.0,89,44.6,47
2.0,0.25,0.5,Texas,28.0,28,28,28.0,49.8,49.0,54,0.0,0.0,28.0,28.0,28.0,28.0,29.0,29.0,75.9,76.0,82,44.8,49
0.5,0.05,2.0,Texas,28.0,28,28,28.0,43.3,42.5,50,0.0,0.0,28.0,28.0,28.0,28.0,33.5,33.5,70.3,70.0,75,44.9,50
1.0,0.25,2.0,Texas,28.0,28,28,28.0,50.2,50.0,53,0.0,0.0,28.0,28.0,28.0,28.0,29.0,29.0,79.4,78.5,87,45.1,48
2.0,0.01,1.0,Texas,28.0,28,28,28.0,35.6,35.5,40,0.0,0.0,28.0,28.0,28.0,28.0,36.6,38.0,78.8,76.0,94,45.4,49
1.0,0.01,2.0,Texas,28.0,28,28,28.0,36.2,36.5,39,0.0,0.0,28.0,28.0,28.0,28.0,39.8,38.5,75.5,73.5,90,45.9,51
2.0,0.1,0.5,Texas,28.0,28,28,28.0,47.3,47.5,52,0.0,0.0,28.0,28.0,28.0,28.0,29.9,29.0,76.2,76.5,81,46.5,52
1.0,0.1,2.0,Texas,28.0,28,28,28.0,46.8,46.5,50,0.0,0.0,28.0,28.0,28.0,28.0,29.9,29.0,77.2,78.0,82,46.8,50
1.0,0.05,1.0,Texas,28.0,28,28,28.0,43.4,43.0,50,0.0,0.0,28.0,28.0,28.0,28.0,30.8,29.0,74.0,74.0,80,47.4,50
2.0,0.01,0.5,Texas,28.0,28,28,28.0,32.2,32.5,39,0.0,0.0,28.0,28.0,28.0,28.0,39.3,38.5,73.3,72.5,82,47.4,52
2.0,0.1,2.0,Texas,28.0,28,28,28.0,46.7,47.5,51,0.0,0.0,28.0,28.0,28.0,28.0,29.9,29.0,83.9,82.5,90,47.7,51
2.0,0.1,1.0,Texas,28.0,28,28,28.0,45.7,46.5,49,0.0,0.0,28.0,28.0,28.0,28.0,29.9,29.0,81.0,81.5,89,47.8,52
2.0,0.05,1.0,Texas,28.0,28,28,28.0,43.7,44.0,47,0.0,0.0,28.0,28.0,28.0,28.0,30.8,29.0,78.9,81.0,86,48.3,55
2.0,0.25,2.0,Texas,28.0,28,28,28.0,48.9,48.5,52,0.0,0.0,28.0,28.0,28.0,28.0,29.0,29.0,84.6,84.5,88,48.3,50
1.0,0.05,2.0,Texas,28.0,28,28,28.0,43.7,45.0,49,0.0,0.0,28.0,28.0,28.0,28.0,32.0,29.0,73.6,72.0,79,48.4,55
2.0,0.05,0.5,Texas,28.0,28,28,28.0,43.1,42.5,47,0.0,0.0,28.0,28.0,28.0,28.0,29.9,29.0,77.5,76.5,82,48.7,54
2.0,0.05,2.0,Texas,28.0,28,28,28.0,42.6,41.5,45,0.0,0.0,28.0,28.0,28.0,28.0,30.2,29.0,82.4,81.5,93,50.2,52
2.0,0.01,2.0,Texas,28.0,28,28,28.0,32.3,32.5,37,0.0,0.0,28.0,28.0,28.0,28.0,41.6,38.0,81.9,83.5,90,50.7,57
0.5,0.1,0.5,Illinois,29.0,29,29,29.0,46.0,45.0,50,0.0,0.0,56.2,52.0,66.4,66.0,72.2,80.0,8.4,8.0,11,3.1,6
1.0,0.1,0.5,Illinois,29.0,29,29,29.0,53.5,54.0,58,0.0,0.0,54.1,52.0,66.7,67.0,69.7,77.0,10.4,10.0,13,4.3,8
0.5,0.25,0.5,Illinois,29.0,29,29,29.0,45.9,45.5,49,0.0,0.0,52.0,52.0,63.2,60.0,56.8,59.0,10.4,10.0,13,4.4,6
1.0,0.1,1.0,Illinois,29.0,29,29,29.0,57.8,58.0,60,0.0,0.0,57.7,52.0,70.3,72.5,40.0,28.0,11.6,11.5,15,4.4,6
0.5,0.1,2.0,Illinois,29.0,29,29,29.0,57.2,57.0,61,0.0,0.0,52.0,52.0,66.1,66.0,32.9,28.0,13.2,14.0,17,5.1,8
1.0,0.25,0.5,Illinois,29.0,29,29,29.0,56.5,56.0,62,0.0,0.0,52.0,52.0,60.7,60.5,42.1,46.0,12.7,12.5,16,6.1,8
0.5,0.25,1.0,Illinois,29.0,29,29,29.0,54.9,55.0,57,0.0,0.0,52.0,52.0,62.8,61.0,41.9,46.0,13.9,13.5,17,6.3,8
2.0,0.25,1.0,Illinois,29.0,29,29,29.0,60.2,61.0,64,0.0,0.0,52.0,52.0,60.8,60.5,29.8,28.0,15.4,15.0,21,6.3,9
1.0,0.25,1.0,Illinois,29.0,29,29,29.0,58.2,58.0,62,0.0,0.0,52.0,52.0,61.2,60.0,28.0,28.0,14.5,15.0,19,6.3,9
2.0,0.25,2.0,Illinois,29.0,29,29,29.0,60.9,60.0,64,0.0,0.0,52.0,52.0,61.4,60.0,28.0,28.0,16.8,17.0,18,6.7,9
2.0,0.25,0.5,Illinois,29.0,29,29,29.0,58.9,59.0,61,0.0,0.0,52.0,52.0,60.7,60.0,28.0,28.0,15.1,15.5,19,6.7,9
1.0,0.25,2.0,Illinois,29.0,29,29,29.0,59.4,60.0,63,0.0,0.0,53.8,52.0,62.5,60.0,28.0,28.0,14.1,14.0,19,6.8,9
0.5,0.25,2.0,Illinois,29.0,29,29,29.0,58.0,57.5,61,0.0,0.0,52.0,52.0,60.6,60.0,34.7,28.0,15.5,15.0,20,7.2,10
0.5,0.1,1.0,Illinois,31.3,29,52,29.0,51.2,51.0,54,0.0,0.0,53.8,52.0,67.2,70.0,65.5,74.5,11.2,11.5,14,4.6,7
1.0,0.1,2.0,Illinois,31.3,29,52,29.0,58.6,59.0,62,0.0,0.0,54.0,52.0,70.2,72.0,35.8,28.0,11.6,11.5,16,4.8,8
1.0,0.25,0.5,Missouri,32.0,32,32,32.0,60.5,59.5,65,0.0,0.0,54.5,56.0,61.0,61.0,28.0,28.0,16.5,16.0,20,12.1,14
0.5,0.25,1.0,Missouri,32.0,32,32,32.0,57.7,58.0,61,0.0,0.0,54.5,56.0,61.0,61.0,28.0,28.0,16.0,16.0,18,12.2,16
1.0,0.25,1.0,Missouri,32.0,32,32,32.0,64.9,65.0,67,0.0,0.0,53.5,53.5,58.5,58.5,28.0,28.0,16.9,17.0,21,13.9,17
2.0,0.25,0.5,Missouri,32.0,32,32,32.0,69.8,70.0,72,0.0,0.0,54.0,56.0,59.0,61.0,28.0,28.0,17.5,18.0,20,14.5,18
1.0,0.25,2.0,Missouri,32.0,32,32,32.0,70.1,70.0,72,0.0,0.0,54.0,56.0,59.7,61.0,28.0,28.0,17.6,17.5,20,16.1,20
2.0,0.25,1.0,Missouri,32.0,32,32,32.0,70.2,70.0,74,0.0,0.0,54.0,56.0,59.0,61.0,28.0,28.0,18.7,18.5,21,16.3,19
0.5,0.05,1.0,Illinois,33.6,29,52,29.0,50.2,51.0,53,0.0,0.0,57.0,52.0,70.5,73.0,77.7,82.0,10.6,11.0,14,2.2,4
2.0,0.25,2.0,Missouri,33.9,32,51,32.0,70.9,71.0,74,0.0,0.0,54.0,56.0,59.0,61.0,28.0,28.0,19.1,20.0,22,16.8,20
0.5,0.25,0.5,Missouri,34.4,32,56,32.0,45.2,45.5,47,0.0,0.0,56.0,56.0,61.7,61.0,28.0,28.0,9.7,10.0,11,7.7,9
1.0,0.1,1.0,Missouri,34.4,32,56,32.0,61.0,60.5,66,0.0,0.0,55.5,56.0,64.5,61.0,28.0,28.0,16.6,18.0,19,12.4,15
0.5,0.25,2.0,Missouri,34.4,32,56,32.0,62.5,63.0,64,0.0,0.0,54.5,56.0,59.9,61.0,28.0,28.0,17.9,17.0,22,13.6,16
2.0,0.1,1.0,Missouri,34.4,32,56,32.0,67.5,67.5,70,0.0,0.0,55.5,56.0,66.6,68.0,38.6,28.0,18.2,18.5,22,14.2,19
2.0,0.05,1.0,Illinois,35.7,29,73,29.0,57.2,57.5,60,0.0,0.0,61.3,57.0,73.7,73.0,51.3,28.0,12.5,13.0,18,4.1,6
0.5,0.05,0.5,Illinois,35.9,29,52,29.0,45.1,45.0,49,0.0,0.0,62.8,66.0,72.9,73.0,86.0,87.5,7.1,7.0,10,1.7,4
2.0,0.1,1.0,Illinois,35.9,29,52,29.0,59.9,60.5,62,0.0,0.0,58.7,52.0,70.3,72.5,35.3,28.0,12.7,13.0,15,4.8,9
2.0,0.1,0.5,Illinois,35.9,29,52,29.0,56.3,57.0,60,0.0,0.0,61.0,56.0,70.5,73.0,28.0,28.0,11.1,11.5,15,5.7,11
0.5,0.1,2.0,Missouri,36.3,32,56,32.0,58.9,58.5,63,0.0,0.0,57.0,56.0,66.3,61.0,28.0,28.0,17.3,17.5,19,11.7,14
2.0,0.05,0.5,Missouri,36.8,32,56,32.0,62.8,63.0,68,0.0,0.0,58.5,56.0,69.9,76.0,37.1,28.0,16.2,16.5,20,9.8,11
2.0,0.05,2.0,Illinois,37.4,29,72,29.0,57.4,58.0,59,0.0,0.0,58.3,52.0,70.5,73.0,60.9,77.5,12.9,12.5,20,3.7,8
2.0,0.1,2.0,Illinois,37.9,29,72,29.0,59.2,59.0,63,0.0,0.0,55.7,52.0,66.6,67.0,48.0,28.0,14.2,15.0,18,4.8,7
0.5,0.05,1.0,Kansas,38.0,38,38,38.0,48.7,48.0,52,0.0,0.0,44.5,44.0,54.0,54.0,28.0,28.0,16.8,17.0,19,9.7,14
0.5,0.05,0.5,Kansas,38.0,38,38,38.0,39.6,39.0,43,0.0,0.0,44.0,44.0,54.0,54.0,28.0,28.0,15.3,15.5,19,9.7,12
0.5,0.1,0.5,Kansas,38.0,38,38,38.0,42.2,42.0,48,0.0,0.0,44.0,44.0,53.0,54.0,28.0,28.0,18.6,19.0,21,10.4,12
0.5,0.1,1.0,Kansas,38.0,38,38,38.0,50.8,51.0,55,0.0,0.0,45.0,44.0,53.0,54.0,28.0,28.0,19.3,20.0,22,11.5,14
0.5,0.25,1.0,Kansas,38.0,38,38,38.0,54.9,55.0,58,0.0,0.0,44.0,44.0,50.0,54.0,28.0,28.0,23.8,24.5,28,11.9,14
0.5,0.05,2.0,Kansas,38.0,38,38,38.0,53.0,53.0,56,0.0,0.0,44.5,44.0,54.0,54.0,28.0,28.0,20.4,20.5,23,12.4,17
1.0,0.05,1.0,Kansas,38.0,38,38,38.0,53.0,54.0,56,0.0,0.0,44.0,44.0,53.0,54.0,28.0,28.0,22.7,23.0,27,13.1,16
0.5,0.25,0.5,Kansas,38.0,38,38,38.0,44.0,44.5,48,0.0,0.0,44.0,44.0,52.0,54.0,28.0,28.0,23.0,23.5,27,13.2,15
1.0,0.1,0.5,Kansas,38.0,38,38,38.0,52.3,52.5,55,0.0,0.0,45.0,44.0,53.0,54.0,28.0,28.0,21.2,22.0,23,13.5,16
0.5,0.1,2.0,Kansas,38.0,38,38,38.0,55.1,55.0,57,0.0,0.0,44.0,44.0,54.0,54.0,28.0,28.0,24.1,24.0,28,13.5,17
1.0,0.25,0.5,Kansas,38.0,38,38,38.0,54.8,54.5,60,0.0,0.0,44.0,44.0,51.0,54.0,28.0,28.0,25.2,24.5,29,14.2,16
0.5,0.25,2.0,Kansas,38.0,38,38,38.0,57.6,57.5,61,0.0,0.0,44.0,44.0,52.0,54.0,28.0,28.0,26.4,26.5,32,14.2,17
2.0,0.05,0.5,Kansas,38.0,38,38,38.0,53.5,54.0,56,0.0,0.0,46.0,44.0,53.4,54.0,28.0,28.0,24.8,25.0,31,14.3,17
1.0,0.05,2.0,Kansas,38.0,38,38,38.0,55.7,56.0,58,0.0,0.0,45.0,44.0,52.0,54.0,28.0,28.0,26.9,26.5,32,14.4,16
1.0,0.1,1.0,Kansas,38.0,38,38,38.0,55.7,55.5,62,0.0,0.0,44.5,44.0,52.0,54.0,28.0,28.0,23.2,23.5,26,14.4,18
2.0,0.1,0.5,Kansas,38.0,38,38,38.0,55.3,55.5,58,0.0,0.0,44.0,44.0,53.5,54.0,28.0,28.0,28.3,28.0,33,14.7,17
1.0,0.1,2.0,Kansas,38.0,38,38,38.0,56.7,57.0,59,0.0,0.0,44.5,44.0,54.0,54.0,28.0,28.0,29.3,29.5,34,14.9,19
1.0,0.25,1.0,Kansas,38.0,38,38,38.0,56.9,57.0,59,0.0,0.0,44.0,44.0,53.0,54.0,28.0,28.0,26.7,27.0,31,16.3,18
2.0,0.25,0.5,Kansas,38.0,38,38,38.0,56.8,56.5,59,0.0,0.0,44.0,44.0,52.0,54.0,28.0,28.0,30.6,30.5,37,16.3,19
2.0,0.05,1.0,Kansas,38.0,38,38,38.0,54.2,53.5,59,0.0,0.0,46.0,44.0,54.0,54.0,28.0,28.0,30.2,30.5,36,16.4,19
1.0,0.25,2.0,Kansas,38.0,38,38,38.0,57.6,58.0,60,0.0,0.0,44.0,44.0,53.0,54.0,28.0,28.0,32.0,32.0,36,16.6,21
2.0,0.25,1.0,Kansas,38.0,38,38,38.0,58.1,58.0,60,0.0,0.0,44.0,44.0,53.0,54.0,28.0,28.0,33.8,34.0,39,16.7,18
2.0,0.1,1.0,Kansas,38.0,38,38,38.0,56.2,56.0,60,0.0,0.0,44.0,44.0,54.0,54.0,28.0,28.0,31.9,31.0,38,16.9,19
2.0,0.1,2.0,Kansas,38.0,38,38,38.0,57.9,57.5,61,0.0,0.0,44.0,44.0,53.0,54.0,28.0,28.0,39.1,39.0,43,18.0,21
2.0,0.25,2.0,Kansas,38.0,38,38,38.0,58.6,58.5,61,0.0,0.0,44.0,44.0,53.0,54.0,28.0,28.0,40.5,41.0,43,19.3,22
1.0,0.05,1.0,Illinois,38.2,29,52,29.0,55.6,56.0,58,0.0,0.0,60.9,56.0,72.7,73.0,56.7,52.5,11.4,12.0,15,2.9,6
1.0,0.05,0.5,Kansas,38.6,38,44,38.0,50.6,50.0,55,0.0,0.0,45.5,44.0,54.4,54.0,28.0,28.0,19.2,19.0,23,10.9,14
2.0,0.05,2.0,Kansas,38.6,38,44,38.0,56.4,56.0,60,0.1,1.0,46.0,44.0,54.6,54.0,28.0,28.0,35.0,35.5,39,16.8,20
2.0,0.1,2.0,Missouri,38.7,32,56,32.0,69.5,69.5,74,0.0,0.0,56.5,56.0,65.0,61.0,28.0,28.0,18.4,18.5,21,14.7,17
0.5,0.05,2.0,New Mexico,39.0,39,39,39.0,12.3,12.0,15,0.5,2.0,45.3,39.0,59.8,55.0,28.0,28.0,28.6,29.0,34,2.5,3
0.5,0.25,1.0,New Mexico,39.0,39,39,39.0,12.0,12.0,12,0.0,0.0,39.0,39.0,55.0,55.0,28.0,28.0,29.8,30.0,34,3.0,3
1.0,0.25,0.5,New Mexico,39.0,39,39,39.0,12.0,12.0,12,0.0,0.0,39.0,39.0,55.0,55.0,28.0,28.0,32.2,32.5,34,3.0,3
0.5,0.05,1.0,New Mexico,39.0,39,39,39.0,11.2,11.0,12,0.2,2.0,40.6,39.0,57.6,55.0,28.0,28.0,25.3,25.5,28,3.0,3
0.5,0.25,2.0,New Mexico,39.0,39,39,39.0,12.3,12.0,13,0.0,0.0,39.0,39.0,55.0,55.0,28.0,28.0,34.7,36.0,38,3.0,3
0.5,0.25,0.5,New Mexico,39.0,39,39,39.0,11.0,11.0,11,0.0,0.0,39.0,39.0,55.0,55.0,28.0,28.0,25.1,25.5,29,3.0,3
1.0,0.25,1.0,New Mexico,39.0,39,39,39.0,12.3,12.0,13,0.0,0.0,39.0,39.0,55.0,55.0,28.0,28.0,34.1,34.0,37,3.0,3
1.0,0.1,0.5,New Mexico,39.0,39,39,39.0,12.1,12.0,13,0.4,2.0,42.2,39.0,55.2,55.0,28.0,28.0,28.8,28.0,33,3.0,3
0.5,0.1,1.0,New Mexico,39.0,39,39,39.0,11.8,12.0,12,0.0,0.0,39.0,39.0,55.0,55.0,28.0,28.0,27.3,27.0,33,3.0,3
0.5,0.1,2.0,New Mexico,39.0,39,39,39.0,12.2,12.0,13,0.4,2.0,42.2,39.0,57.6,55.0,28.0,28.0,32.1,32.0,36,3.0,3
1.0,0.1,1.0,New Mexico,39.0,39,39,39.0,12.0,12.0,12,0.0,0.0,39.0,39.0,55.0,55.0,28.0,28.0,32.8,32.0,36,3.0,3
0.5,0.1,0.5,New Mexico,39.0,39,39,39.0,10.8,11.0,11,0.2,2.0,40.6,39.0,57.6,55.0,28.0,28.0,23.4,23.5,26,3.0,3
2.0,0.05,1.0,New Mexico,39.0,39,39,39.0,11.8,11.5,14,0.4,2.0,44.0,39.0,62.6,56.0,28.0,28.0,30.7,31.0,34,3.2,4
1.0,0.05,1.0,New Mexico,39.0,39,39,39.0,11.5,12.0,12,0.2,2.0,40.6,39.0,60.0,55.0,28.0,28.0,29.5,29.5,34,3.4,4
2.0,0.05,0.5,New Mexico,39.0,39,39,39.0,11.5,11.0,13,0.7,2.0,48.8,55.0,60.6,57.0,28.0,28.0,27.7,28.0,34,3.4,4
2.0,0.05,2.0,New Mexico,39.0,39,39,39.0,11.8,12.0,13,1.1,3.0,49.4,47.0,62.7,56.0,28.0,28.0,30.0,30.0,35,3.4,4
1.0,0.05,2.0,New Mexico,39.0,39,39,39.0,11.3,11.5,13,0.7,2.0,45.6,39.0,58.0,55.0,28.0,28.0,30.1,29.5,37,3.6,5
2.0,0.1,2.0,New Mexico,39.0,39,39,39.0,11.6,11.5,13,0.0,0.0,39.0,39.0,55.0,55.0,28.0,28.0,33.2,32.5,36,3.6,4
2.0,0.25,2.0,New Mexico,39.0,39,39,39.0,11.6,12.0,12,0.0,0.0,39.0,39.0,55.0,55.0,28.0,28.0,34.8,34.5,38,3.8,4
2.0,0.1,1.0,New Mexico,39.0,39,39,39.0,11.5,11.5,12,0.2,2.0,40.3,39.0,55.0,55.0,28.0,28.0,32.0,32.0,37,3.8,4
1.0,0.1,2.0,New Mexico,39.0,39,39,39.0,11.3,11.0,12,0.2,2.0,40.6,39.0,57.4,55.0,28.0,28.0,31.9,32.0,34,3.8,4
2.0,0.1,0.5,New Mexico,39.0,39,39,39.0,11.3,11.0,12,0.5,2.0,44.0,39.0,60.0,55.0,28.0,28.0,32.1,33.0,36,3.8,4
2.0,0.25,1.0,New Mexico,39.0,39,39,39.0,11.4,11.0,13,0.0,0.0,39.0,39.0,55.0,55.0,28.0,28.0,35.2,35.0,40,3.9,4
1.0,0.25,2.0,New Mexico,39.0,39,39,39.0,11.5,11.5,12,0.0,0.0,39.0,39.0,55.0,55.0,28.0,28.0,33.7,34.0,36,4.0,4
2.0,0.25,0.5,New Mexico,39.0,39,39,39.0,11.6,12.0,12,0.0,0.0,39.0,39.0,55.0,55.0,28.0,28.0,34.7,35.0,38,4.0,4
0.5,0.1,0.5,Missouri,39.2,32,56,32.0,41.3,41.0,44,0.0,0.0,58.5,56.0,66.8,61.0,28.0,28.0,9.4,9.5,11,6.4,8
ALL,ALL,ALL,Kansas,39.97222222222222,38,58,38.0,50.5,53.0,62,0.08333333333333333,2.0,47.74444444444445,44.0,56.19166666666667,54.0,29.711111111111112,28.0,24.247222222222224,24.0,43,13.408333333333333,22
2.0,0.05,0.5,Illinois,40.1,29,73,29.0,56.7,57.0,59,0.0,0.0,62.2,61.0,73.6,73.0,42.1,28.0,10.8,10.0,14,3.4,6
1.0,0.05,0.5,Illinois,40.3,29,73,29.0,52.4,53.0,54,0.0,0.0,64.2,71.0,72.7,73.0,78.4,81.0,11.1,10.5,19,2.3,5
1.0,0.05,2.0,Illinois,40.3,29,73,29.0,56.5,56.5,60,0.0,0.0,66.0,72.0,72.3,73.0,45.0,28.0,11.4,11.5,14,4.7,11
0.5,0.05,2.0,Illinois,40.5,29,52,40.5,54.5,54.0,58,0.0,0.0,64.5,72.5,73.0,73.0,70.3,84.5,12.9,12.5,17,3.7,5
1.0,0.05,0.5,New Mexico,40.8,39,57,39.0,11.5,12.0,12,0.4,2.0,45.2,39.0,58.9,55.0,28.0,28.0,28.2,29.0,33,2.9,3
1.0,0.05,1.0,Missouri,41.1,32,56,32.0,59.7,60.0,65,0.0,0.0,58.5,56.0,72.8,76.0,28.0,28.0,13.9,14.5,16,7.9,11
0.5,0.1,1.0,Missouri,41.1,32,56,32.0,52.5,53.0,55,0.0,0.0,57.5,56.0,64.3,61.0,33.8,28.0,13.7,13.0,17,10.5,13
1.0,0.1,0.5,Missouri,41.6,32,56,32.0,58.4,58.0,61,0.0,0.0,62.5,56.0,70.1,72.0,38.6,28.0,13.1,13.0,15,9.8,14
2.0,0.1,0.5,Missouri,41.6,32,56,32.0,67.2,67.0,70,0.0,0.0,58.0,56.0,70.0,76.0,38.6,28.0,17.5,18.0,19,13.5,19
2.0,0.05,2.0,Missouri,41.6,32,56,32.0,65.1,64.5,71,0.0,0.0,60.0,58.5,74.8,76.0,38.0,28.0,18.0,18.5,23,14.4,19
1.0,0.1,2.0,Missouri,41.6,32,56,32.0,66.8,66.0,70,0.0,0.0,58.5,56.0,68.5,72.0,28.0,28.0,18.6,18.5,22,14.4,18
ALL,ALL,ALL,New Mexico,41.98888888888889,39,69,39.0,11.347222222222221,12.0,15,0.275,3.0,46.98888888888889,39.0,62.68333333333333,55.0,29.627777777777776,28.0,27.080555555555556,29.0,40,2.9972222222222222,5
0.5,0.05,0.5,New Mexico,42.3,39,56,39.0,10.5,11.0,12,0.6,2.0,47.4,47.0,64.7,59.0,28.0,28.0,19.0,20.5,23,2.6,3
0.5,0.01,0.5,Kansas,42.9,38,58,41.0,28.8,29.0,33,0.4,1.0,54.6,58.0,61.7,60.0,41.5,38.5,8.0,8.0,12,7.4,9
0.5,0.01,1.0,Kansas,43.0,38,54,41.0,38.1,37.5,43,0.4,1.0,57.5,58.0,64.7,60.0,38.0,28.0,10.4,11.0,12,7.1,10
1.0,0.05,0.5,Missouri,43.5,32,56,41.5,51.3,51.0,55,0.0,0.0,62.0,56.0,74.0,76.0,69.6,28.0,12.3,12.5,16,6.8,10
0.5,0.25,0.5,Oklahoma,44.0,44,44,44.0,23.2,23.0,26,0.0,0.0,49.0,49.0,55.0,55.0,28.0,28.0,7.0,7.0,9,2.0,5
0.5,0.1,0.5,Oklahoma,44.0,44,44,44.0,20.5,20.5,23,0.0,0.0,52.0,52.0,55.6,55.0,28.0,28.0,6.9,7.0,9,2.5,4
0.5,0.25,1.0,Oklahoma,44.0,44,44,44.0,31.0,31.5,34,0.0,0.0,49.0,49.0,55.0,55.0,28.0,28.0,10.6,10.5,12,5.4,7
0.5,0.05,1.0,Oklahoma,44.0,44,44,44.0,24.7,25.0,27,0.0,0.0,52.6,55.0,56.0,55.0,28.0,28.0,8.8,8.5,13,5.4,6
0.5,0.1,1.0,Oklahoma,44.0,44,44,44.0,27.1,27.0,31,0.0,0.0,49.6,49.0,55.2,55.0,28.0,28.0,9.4,9.0,13,5.7,8
1.0,0.25,0.5,Oklahoma,44.0,44,44,44.0,34.3,34.0,37,0.0,0.0,49.0,49.0,55.0,55.0,28.0,28.0,12.1,12.0,15,6.4,9
0.5,0.05,2.0,Oklahoma,44.0,44,44,44.0,32.5,33.0,36,0.0,0.0,53.2,55.0,56.2,57.0,28.0,28.0,11.6,12.0,16,6.9,9
1.0,0.25,1.0,Oklahoma,44.0,44,44,44.0,37.5,37.0,41,0.0,0.0,49.6,49.0,55.0,55.0,28.0,28.0,13.8,14.0,15,8.7,10
2.0,0.05,0.5,Oklahoma,44.0,44,44,44.0,33.2,32.5,38,0.0,0.0,53.8,55.0,55.8,55.0,28.0,28.0,12.6,12.5,16,8.9,12
0.5,0.25,2.0,Oklahoma,44.0,44,44,44.0,37.6,37.5,39,0.0,0.0,49.6,49.0,55.0,55.0,28.0,28.0,14.5,14.0,18,9.4,11
0.5,0.1,2.0,Oklahoma,44.0,44,44,44.0,33.3,33.0,37,0.0,0.0,53.2,55.0,56.0,56.0,28.0,28.0,13.2,13.5,16,9.6,12
2.0,0.05,1.0,Oklahoma,44.0,44,44,44.0,34.4,35.0,38,0.0,0.0,55.0,55.0,56.6,57.0,28.0,28.0,14.3,14.0,19,10.1,14
1.0,0.1,2.0,Oklahoma,44.0,44,44,44.0,36.2,36.0,41,0.0,0.0,50.8,49.0,55.4,55.0,28.0,28.0,14.7,14.5,18,10.1,13
2.0,0.25,1.0,Oklahoma,44.0,44,44,44.0,38.6,39.0,41,0.0,0.0,49.6,49.0,55.0,55.0,28.0,28.0,15.5,15.5,18,10.3,12
2.0,0.25,0.5,Oklahoma,44.0,44,44,44.0,37.7,37.0,41,0.0,0.0,49.0,49.0,55.0,55.0,28.0,28.0,16.3,16.5,19,10.4,11
2.0,0.25,2.0,Oklahoma,44.0,44,44,44.0,39.9,40.0,43,0.0,0.0,49.6,49.0,55.2,55.0,28.0,28.0,17.1,17.5,19,10.6,13
1.0,0.25,2.0,Oklahoma,44.0,44,44,44.0,36.8,36.5,40,0.0,0.0,49.0,49.0,55.0,55.0,28.0,28.0,15.8,15.0,19,10.8,12
1.0,0.05,2.0,Oklahoma,44.0,44,44,44.0,32.8,33.0,35,0.0,0.0,53.8,55.0,56.2,56.0,28.0,28.0,15.6,15.5,19,10.9,12
2.0,0.1,2.0,Oklahoma,44.0,44,44,44.0,36.0,36.5,39,0.0,0.0,50.2,49.0,55.4,55.0,28.0,28.0,16.1,16.5,19,11.4,15
ALL,ALL,ALL,Illinois,44.08611111111111,29,111,29.0,51.30833333333333,54.0,64,0.0,0.0,66.36944444444444,52.0,77.06944444444444,73.0,60.37222222222222,33.0,12.230555555555556,12.0,22,4.588888888888889,11
2.0,0.01,2.0,Kansas,44.2,38,58,38.0,47.1,47.5,49,0.1,1.0,55.3,54.0,63.0,60.0,31.1,28.0,30.6,30.0,36,14.5,18
1.0,0.1,0.5,Oklahoma,44.5,44,49,44.0,30.9,30.5,34,0.0,0.0,51.4,49.0,55.4,55.0,28.0,28.0,12.1,11.5,15,7.2,9
1.0,0.05,1.0,Oklahoma,44.5,44,49,44.0,33.3,33.5,35,0.0,0.0,53.2,55.0,56.8,57.0,28.0,28.0,13.7,14.5,17,7.6,9
1.0,0.1,1.0,Oklahoma,44.5,44,49,44.0,35.4,35.0,40,0.0,0.0,51.4,49.0,55.4,55.0,28.0,28.0,14.9,15.0,17,8.8,12
2.0,0.1,0.5,Oklahoma,44.5,44,49,44.0,35.8,36.0,38,0.0,0.0,52.0,52.0,55.6,55.0,28.0,28.0,14.9,15.5,17,9.2,12
2.0,0.1,1.0,Oklahoma,44.5,44,49,44.0,35.7,36.0,39,0.0,0.0,52.0,52.0,55.8,55.0,28.0,28.0,15.4,16.0,19,11.0,13
0.5,0.1,0.5,Colorado,45.0,45,45,45.0,16.3,16.0,19,0.0,0.0,52.4,54.0,54.0,54.0,28.0,28.0,26.9,26.0,31,4.3,5
1.0,0.05,1.0,Colorado,45.0,45,45,45.0,26.6,27.0,28,0.0,0.0,50.8,54.0,54.0,54.0,28.0,28.0,37.5,36.5,43,4.4,6
0.5,0.05,2.0,Colorado,45.0,45,45,45.0,25.5,25.5,28,0.0,0.0,54.0,54.0,57.2,54.0,28.0,28.0,36.5,37.0,39,4.5,6
2.0,0.05,0.5,Colorado,45.0,45,45,45.0,26.7,26.5,29,0.0,0.0,52.4,54.0,56.2,54.0,28.0,28.0,39.9,41.0,44,4.5,6
0.5,0.01,0.5,Colorado,45.0,45,45,45.0,11.3,12.0,12,0.1,1.0,60.4,54.0,75.3,72.0,28.0,28.0,26.8,26.5,33,4.5,6
0.5,0.05,1.0,Colorado,45.0,45,45,45.0,19.5,19.0,23,0.0,0.0,50.8,54.0,54.0,54.0,30.2,28.0,31.0,31.0,34,4.6,7
0.5,0.05,0.5,Colorado,45.0,45,45,45.0,15.4,16.0,16,0.0,0.0,52.4,54.0,57.2,54.0,28.0,28.0,28.4,28.0,33,4.6,6
1.0,0.05,0.5,Colorado,45.0,45,45,45.0,21.9,22.0,24,0.0,0.0,52.4,54.0,56.1,54.0,28.0,28.0,32.3,32.0,39,4.7,7
0.5,0.25,0.5,Colorado,45.0,45,45,45.0,17.8,18.0,20,0.0,0.0,49.2,46.0,54.0,54.0,28.0,28.0,24.1,24.0,27,4.8,6
0.5,0.1,2.0,Colorado,45.0,45,45,45.0,25.6,25.5,28,0.0,0.0,48.4,46.0,54.0,54.0,28.0,28.0,31.6,31.0,38,4.9,7
0.5,0.25,2.0,Colorado,45.0,45,45,45.0,26.9,27.0,29,0.0,0.0,48.4,46.0,54.0,54.0,28.0,28.0,28.8,29.0,32,5.2,6
1.0,0.1,1.0,Colorado,45.0,45,45,45.0,26.3,27.0,28,0.0,0.0,52.4,54.0,54.0,54.0,28.0,28.0,35.9,36.5,41,5.2,6
0.5,0.1,1.0,Colorado,45.0,45,45,45.0,21.4,22.0,22,0.0,0.0,48.4,46.0,54.0,54.0,28.0,28.0,30.3,30.5,34,5.3,8
2.0,0.05,2.0,Colorado,45.0,45,45,45.0,26.5,27.0,28,0.0,0.0,52.4,54.0,55.8,54.0,28.0,28.0,43.7,44.0,50,5.4,7
1.0,0.05,2.0,Colorado,45.0,45,45,45.0,25.7,25.0,30,0.0,0.0,54.0,54.0,54.4,54.0,28.0,28.0,39.9,40.0,45,5.5,7
1.0,0.1,0.5,Colorado,45.0,45,45,45.0,22.2,22.0,24,0.0,0.0,52.4,54.0,54.0,54.0,28.0,28.0,31.0,30.0,39,5.6,7
2.0,0.05,1.0,Colorado,45.0,45,45,45.0,25.6,26.0,27,0.0,0.0,52.4,54.0,54.4,54.0,28.0,28.0,39.8,40.0,42,5.7,7
2.0,0.1,0.5,Colorado,45.0,45,45,45.0,26.6,27.0,28,0.0,0.0,50.8,54.0,54.4,54.0,28.0,28.0,36.4,35.0,45,5.7,8
1.0,0.25,0.5,Colorado,45.0,45,45,45.0,23.8,24.0,26,0.0,0.0,46.8,46.0,54.0,54.0,36.8,28.0,27.3,27.0,29,5.8,7
2.0,0.25,1.0,Colorado,45.0,45,45,45.0,28.2,28.5,30,0.0,0.0,46.8,46.0,54.0,54.0,28.0,28.0,32.7,33.5,35,5.8,7
1.0,0.25,1.0,Colorado,45.0,45,45,45.0,26.9,27.0,29,0.0,0.0,47.6,46.0,54.0,54.0,32.4,28.0,31.8,31.0,36,5.8,7
2.0,0.1,2.0,Colorado,45.0,45,45,45.0,27.5,27.5,30,0.0,0.0,49.2,46.0,54.0,54.0,28.0,28.0,37.4,37.5,42,5.8,7
2.0,0.25,0.5,Colorado,45.0,45,45,45.0,27.3,27.5,29,0.0,0.0,47.6,46.0,54.0,54.0,32.4,28.0,32.6,32.5,36,5.9,8
0.5,0.25,1.0,Colorado,45.0,45,45,45.0,21.8,22.0,23,0.0,0.0,47.6,46.0,54.0,54.0,30.2,28.0,28.5,29.5,31,6.0,9
2.0,0.25,2.0,Colorado,45.0,45,45,45.0,28.0,28.5,30,0.0,0.0,46.0,46.0,54.0,54.0,28.0,28.0,35.2,35.5,37,6.1,8
2.0,0.1,1.0,Colorado,45.0,45,45,45.0,26.9,27.0,28,0.0,0.0,51.6,54.0,54.0,54.0,28.0,28.0,37.5,37.0,41,6.1,7
1.0,0.1,2.0,Colorado,45.0,45,45,45.0,25.7,25.5,28,0.0,0.0,49.2,46.0,54.0,54.0,28.0,28.0,36.9,37.0,43,6.1,8
1.0,0.25,2.0,Colorado,45.0,45,45,45.0,26.6,26.0,29,0.0,0.0,47.6,46.0,54.0,54.0,36.8,28.0,32.9,33.0,37,6.9,9
0.5,0.25,2.0,Ohio,45.1,33,58,44.5,58.3,58.5,63,0.0,0.0,59.0,58.0,64.3,62.0,64.9,71.0,29.1,29.5,35,16.3,20
0.5,0.05,0.5,Oklahoma,45.6,44,55,44.0,20.3,21.0,22,0.0,0.0,53.4,55.0,56.0,55.0,28.0,28.0,5.7,6.0,8,2.5,4
2.0,0.25,1.0,Indiana,45.6,42,46,46.0,65.7,66.0,69,0.0,0.0,60.1,60.0,64.5,64.5,76.3,77.0,13.6,13.5,17,11.1,13
2.0,0.05,2.0,Oklahoma,45.6,44,55,44.0,33.8,34.5,37,0.0,0.0,54.2,55.0,56.8,57.0,28.0,28.0,16.2,16.0,20,11.3,17
ALL,ALL,ALL,Colorado,45.825,45,76,45.0,22.897222222222222,24.0,30,0.005555555555555556,1.0,53.01111111111111,54.0,59.333333333333336,54.0,29.533333333333335,28.0,34.602777777777774,34.0,53,5.2972222222222225,9
0.5,0.05,0.5,Missouri,45.9,32,56,53.5,36.2,35.5,41,0.0,0.0,60.2,58.5,69.9,76.0,33.2,28.0,8.1,8.0,11,2.8,5
1.0,0.01,0.5,Colorado,45.9,45,54,45.0,16.1,16.0,20,0.0,0.0,59.0,54.0,68.9,71.0,28.0,28.0,32.1,31.5,40,4.8,8
2.0,0.01,1.0,Kansas,45.9,38,58,44.0,46.9,48.0,52,0.3,1.0,57.1,58.0,67.1,69.0,33.2,28.0,25.8,27.0,29,13.5,18
1.0,0.01,0.5,New Mexico,46.2,39,57,39.0,10.0,10.0,13,0.7,2.0,65.6,69.0,86.3,79.0,32.2,28.0,15.7,14.5,23,1.7,4
1.0,0.05,0.5,Oklahoma,46.2,44,55,44.0,29.4,29.5,31,0.0,0.0,53.4,55.0,56.6,57.0,28.0,28.0,10.9,9.5,16,6.4,8
1.0,0.25,0.5,Indiana,46.2,42,56,46.0,61.2,61.0,65,0.0,0.0,60.6,60.0,65.4,69.0,76.5,71.0,13.2,12.0,17,9.3,14
1.0,0.01,1.0,Kansas,46.2,38,58,41.0,42.8,43.5,47,0.1,1.0,56.5,54.0,65.7,60.0,32.9,28.0,17.1,16.5,22,11.8,14
ALL,ALL,ALL,Oklahoma,46.21111111111111,44,86,44.0,30.113888888888887,31.0,43,0.0,0.0,53.483333333333334,55.0,58.522222222222226,55.0,29.358333333333334,28.0,11.908333333333333,13.0,22,7.016666666666667,17
0.5,0.05,1.0,Missouri,46.4,32,56,56.0,46.6,46.5,48,0.0,0.0,65.0,61.0,73.6,76.0,37.1,28.0,11.0,11.0,14,6.7,10
1.0,0.05,2.0,Missouri,46.4,32,56,56.0,62.0,62.5,64,0.0,0.0,62.5,61.0,75.5,76.0,43.8,28.0,15.6,16.0,19,12.1,16
1.0,0.01,0.5,Kansas,46.5,38,58,46.5,34.4,34.5,40,0.3,1.0,58.5,59.0,66.2,65.0,33.4,28.0,15.3,15.5,20,10.0,14
0.5,0.25,1.0,Indiana,47.0,42,60,46.0,62.3,62.0,66,0.0,0.0,58.6,58.0,63.7,60.0,78.9,82.0,13.1,13.0,18,7.6,9
2.0,0.25,1.0,California,47.0,47,47,47.0,4.8,5.0,6,2.0,2.0,50.0,50.0,64.3,56.0,28.0,28.0,95.6,94.5,101,35.3,36
0.5,0.05,0.5,Iowa,47.0,47,47,47.0,34.9,34.0,38,0.0,0.0,51.3,49.0,57.6,57.0,56.4,54.0,81.0,81.5,91,44.0,47
0.5,0.05,1.0,Iowa,47.0,47,47,47.0,35.4,35.5,38,0.0,0.0,48.9,49.0,55.6,57.0,54.4,54.0,88.5,89.5,97,47.0,50
0.5,0.05,2.0,Iowa,47.0,47,47,47.0,36.7,37.5,41,0.0,0.0,50.2,49.0,57.5,57.0,55.1,54.0,95.9,96.0,100,47.8,54
0.5,0.1,1.0,Iowa,47.0,47,47,47.0,35.8,36.0,42,0.0,0.0,48.8,49.0,54.6,55.0,54.0,54.0,93.2,95.5,104,47.9,52
0.5,0.25,0.5,Iowa,47.0,47,47,47.0,34.4,35.0,36,0.0,0.0,48.5,48.5,52.4,52.0,54.0,54.0,94.3,94.5,100,48.2,50
1.0,0.1,0.5,Iowa,47.0,47,47,47.0,36.2,37.0,40,0.0,0.0,49.0,49.0,55.2,55.0,53.8,54.0,104.8,105.0,115,48.6,53
0.5,0.1,2.0,Iowa,47.0,47,47,47.0,35.8,35.5,41,0.0,0.0,48.8,49.0,54.1,55.0,53.9,54.0,106.4,108.0,115,49.4,54
1.0,0.05,1.0,Iowa,47.0,47,47,47.0,35.9,35.5,41,0.0,0.0,49.4,49.0,54.7,57.0,54.3,54.0,104.2,104.5,112,49.7,53
0.5,0.25,1.0,Iowa,47.0,47,47,47.0,34.7,34.0,41,0.0,0.0,48.6,49.0,53.1,53.5,53.8,54.0,100.4,102.0,105,49.8,55
2.0,0.1,1.0,Iowa,47.0,47,47,47.0,37.0,37.0,41,0.0,0.0,48.6,49.0,53.6,56.0,54.0,54.0,105.4,107.0,111,50.1,52
2.0,0.05,2.0,Iowa,47.0,47,47,47.0,36.3,35.5,41,0.0,0.0,49.8,49.0,57.0,57.0,54.4,54.0,109.4,109.0,118,50.3,55
1.0,0.1,1.0,Iowa,47.0,47,47,47.0,36.0,35.5,41,0.0,0.0,49.0,49.0,56.0,56.0,54.0,54.0,105.2,103.5,117,50.5,54
2.0,0.1,0.5,Iowa,47.0,47,47,47.0,36.0,35.0,41,0.0,0.0,49.0,49.0,56.5,57.0,53.9,54.0,104.7,104.0,119,51.1,54
1.0,0.25,0.5,Iowa,47.0,47,47,47.0,34.9,34.0,40,0.0,0.0,48.6,49.0,51.7,52.0,53.5,53.5,110.6,109.0,122,51.7,55
2.0,0.1,2.0,Iowa,47.0,47,47,47.0,35.9,36.0,41,0.0,0.0,48.6,49.0,52.7,53.5,53.9,54.0,111.3,111.0,125,51.7,57
1.0,0.25,2.0,Iowa,47.0,47,47,47.0,35.7,35.5,41,0.0,0.0,48.7,49.0,53.0,53.5,53.8,54.0,115.5,115.0,127,52.0,57
0.5,0.25,2.0,Iowa,47.0,47,47,47.0,34.2,34.0,40,0.0,0.0,48.9,49.0,54.2,55.0,53.8,54.0,112.2,112.5,118,52.0,56
1.0,0.1,2.0,Iowa,47.0,47,47,47.0,34.6,35.0,39,0.0,0.0,48.8,49.0,53.9,55.0,53.9,54.0,109.2,110.0,115,52.6,58
2.0,0.25,2.0,Iowa,47.0,47,47,47.0,35.0,35.0,38,0.0,0.0,48.6,49.0,52.7,53.5,53.9,54.0,115.4,115.5,122,53.0,56
2.0,0.25,1.0,Iowa,47.0,47,47,47.0,34.5,34.0,38,0.0,0.0,48.3,48.0,50.7,49.0,53.8,54.0,116.3,116.5,126,53.6,57
2.0,0.25,0.5,Iowa,47.0,47,47,47.0,33.7,33.5,38,0.0,0.0,48.8,49.0,54.4,55.0,53.9,54.0,113.7,113.0,123,54.1,59
1.0,0.25,1.0,Iowa,47.0,47,47,47.0,33.2,34.0,36,0.0,0.0,48.7,49.0,53.3,55.0,53.7,54.0,113.7,114.0,120,54.5,57
2.0,0.05,1.0,Iowa,47.1,47,48,47.0,36.3,36.0,41,0.0,0.0,49.0,49.0,56.5,57.0,53.9,54.0,107.1,108.0,118,50.6,55
0.5,0.1,0.5,Iowa,47.2,47,49,47.0,37.6,37.0,43,0.0,0.0,49.7,49.0,54.4,55.0,53.7,54.0,86.2,85.5,93,45.0,51
1.0,0.05,0.5,Iowa,47.2,47,49,47.0,35.0,36.0,40,0.0,0.0,51.4,49.0,56.2,57.0,55.0,54.0,92.4,93.5,99,49.3,57
2.0,0.05,0.5,Iowa,47.2,47,49,47.0,34.3,33.5,39,0.0,0.0,49.2,49.0,57.1,57.0,53.9,54.0,105.0,105.5,115,52.2,57
2.0,0.01,0.5,Kansas,47.3,38,58,46.5,45.1,44.0,52,0.3,1.0,58.3,58.0,66.0,64.5,36.1,28.0,22.1,23.0,26,12.1,16
0.5,0.25,0.5,California,47.3,47,50,47.0,4.2,4.0,6,2.3,4.0,50.6,50.0,89.5,71.5,28.0,28.0,90.9,91.5,96,32.2,34
1.0,0.25,0.5,California,47.3,47,50,47.0,4.6,4.5,6,2.3,4.0,50.6,50.0,68.9,56.0,28.0,28.0,97.9,98.0,103,35.1,37
2.0,0.25,2.0,California,47.3,47,50,47.0,4.6,5.0,6,2.4,6.0,50.6,50.0,95.4,56.0,28.0,28.0,94.2,94.5,100,35.8,38
1.0,0.05,2.0,Iowa,47.4,47,49,47.0,37.5,36.5,42,0.0,0.0,50.6,49.0,55.1,55.0,53.7,54.0,104.9,106.0,110,48.2,53
2.0,0.25,2.0,Indiana,47.6,42,60,46.0,67.0,66.5,70,0.0,0.0,59.7,60.0,65.8,69.0,77.6,71.0,14.0,14.5,19,10.4,13
1.0,0.25,2.0,Ohio,47.6,33,58,56.0,61.1,60.0,65,0.0,0.0,59.6,58.0,66.1,62.0,63.6,77.5,27.3,27.0,32,16.1,17
1.0,0.25,1.0,California,47.6,47,50,47.0,4.9,5.0,6,5.0,27.0,56.4,50.0,71.2,56.0,28.0,28.0,98.6,98.5,105,34.7,37
0.5,0.25,1.0,California,47.6,47,50,47.0,4.5,4.5,6,4.1,18.0,54.3,50.0,82.11111111111111,56.0,28.0,28.0,100.6,100.5,106,35.0,37
2.0,0.1,2.0,California,47.6,47,50,47.0,4.1,4.0,5,2.6,6.0,51.2,50.0,100.0,79.0,28.0,28.0,95.5,96.0,103,35.1,37
2.0,0.25,0.5,California,47.6,47,50,47.0,4.5,4.5,6,2.6,6.0,51.2,50.0,92.1,63.5,28.0,28.0,97.8,97.0,106,35.4,37
1.0,0.25,2.0,California,47.6,47,50,47.0,4.6,4.5,6,4.8,28.0,56.4,50.0,76.4,56.0,28.0,28.0,95.8,95.0,103,35.5,37
ALL,ALL,ALL,Missouri,47.74166666666667,32,97,32.0,53.641666666666666,58.0,74,0.002777777777777778,1.0,66.90277777777777,56.0,76.18333333333334,76.0,52.551532033426184,28.0,13.080779944289693,15.0,23,9.505555555555556,20
2.0,0.01,1.0,New Mexico,47.8,39,69,39.0,11.8,11.5,14,0.5,2.0,63.5,62.5,73.5,78.0,36.5,28.0,20.0,21.0,26,2.2,5
0.5,0.01,2.0,Kansas,47.9,38,58,46.5,42.2,42.5,46,0.3,1.0,59.3,58.0,67.3,70.0,34.6,28.0,14.0,14.0,17,9.7,14
1.0,0.01,2.0,Kansas,47.9,38,58,46.5,46.4,46.0,52,0.7,2.0,61.2,59.0,69.3,69.5,32.8,28.0,21.3,21.0,29,12.4,15
0.5,0.1,1.0,California,47.9,47,50,47.0,3.6,3.5,6,11.9,36.0,88.1,50.0,73.28571428571429,56.0,28.0,28.0,99.4,99.0,107,35.0,38
1.0,0.01,2.0,New Mexico,48.0,39,61,47.0,11.1,11.0,14,0.3,2.0,59.8,57.0,74.2,79.0,35.6,28.0,20.8,21.0,28,2.4,4
2.0,0.25,2.0,Ohio,48.0,33,58,58.0,60.8,61.0,64,0.0,0.0,60.2,62.0,67.4,71.5,68.2,80.0,27.9,28.0,33,17.0,23
0.5,0.01,1.0,Colorado,48.1,45,76,45.0,14.6,15.0,18,0.0,0.0,59.1,54.0,74.1,76.0,36.4,28.0,33.0,33.5,40,4.8,7
1.0,0.01,1.0,Colorado,48.1,45,76,45.0,20.5,20.5,23,0.0,0.0,61.5,56.0,71.2,73.5,30.2,28.0,39.4,40.0,47,4.8,6
2.0,0.01,0.5,Colorado,48.1,45,76,45.0,20.4,20.0,23,0.0,0.0,64.1,61.0,75.5,69.5,30.2,28.0,40.8,40.0,48,5.0,8
2.0,0.01,2.0,Colorado,48.1,45,76,45.0,21.4,21.5,25,0.0,0.0,62.7,54.0,77.4,76.0,31.0,28.0,41.4,41.5,53,6.1,8
0.5,0.1,2.0,California,48.2,47,50,47.0,3.4,3.0,4,2.4,4.0,52.4,50.0,103.7,87.0,28.0,28.0,100.3,101.0,105,34.6,36
0.5,0.25,2.0,California,48.2,47,50,47.0,4.3,4.0,5,4.5,18.0,55.5,50.0,82.6,71.5,28.0,28.0,96.8,97.5,102,35.1,37
1.0,0.1,1.0,California,48.2,47,50,47.0,3.5,4.0,5,6.222222222222222,34.0,65.44444444444444,50.0,125.125,56.0,28.0,28.0,97.2,97.0,104,35.1,37
2.0,0.05,1.0,Missouri,48.3,32,56,56.0,65.5,66.0,68,0.0,0.0,62.0,61.0,74.5,76.0,42.6,28.0,17.2,18.0,20,11.6,14
0.5,0.1,0.5,California,48.5,47,50,48.5,3.6,4.0,5,3.1,6.0,53.0,53.0,78.875,56.0,28.0,28.0,90.7,90.0,97,31.8,33
0.5,0.05,0.5,California,48.5,47,50,48.5,3.2,3.5,4,7.4,33.0,69.7,53.0,90.0,92.0,28.0,28.0,92.7,94.0,99,31.9,34
1.0,0.05,1.0,California,48.5,47,50,48.5,3.0,3.0,4,6.6,36.0,103.1,53.0,137.625,63.5,28.0,28.0,103.4,103.5,109,34.6,36
2.0,0.1,0.5,California,48.5,47,50,48.5,3.4,3.0,5,2.8,6.0,53.0,53.0,106.66666666666667,87.0,28.0,28.0,98.4,96.5,104,35.1,37
0.5,0.05,1.0,California,48.8,47,50,50.0,3.4,3.0,5,5.6,18.0,60.2,56.0,130.55555555555554,177.0,28.0,28.0,97.6,97.0,105,34.5,36
2.0,0.05,0.5,California,48.8,47,50,50.0,2.8,3.0,5,6.1,33.0,67.2,56.0,101.5,71.5,28.0,28.0,103.2,103.0,111,34.7,36
1.0,0.1,0.5,California,48.8,47,50,50.0,3.1,3.0,5,6.4,35.0,65.7,56.0,65.2,56.0,28.0,28.0,98.2,99.0,101,34.8,37
2.0,0.05,1.0,California,48.8,47,50,50.0,3.1,3.0,4,9.4,36.0,110.4,56.0,187.625,177.0,28.0,28.0,98.7,101.0,105,35.3,36
2.0,0.1,1.0,California,48.8,47,50,50.0,4.2,4.0,6,4.4,13.0,55.1,56.0,139.6,87.0,28.0,28.0,95.7,95.0,103,35.5,37
1.0,0.25,1.0,Arizona,48.9,44,51,51.0,8.3,8.0,9,0.2,1.0,53.8,53.0,61.2,58.0,54.4,55.0,16.4,16.5,19,2.7,3
0.5,0.25,0.5,Arizona,48.9,44,51,51.0,8.0,8.0,9,0.2,1.0,53.8,53.5,61.2,58.0,54.8,55.0,11.6,12.0,14,3.0,4
ALL,ALL,ALL,Iowa,48.958333333333336,47,84,47.0,33.81111111111111,34.0,43,0.05555555555555555,6.0,53.333333333333336,49.0,59.00833333333333,57.0,57.44444444444444,54.0,98.62222222222222,100.5,127,50.31111111111111,63
0.5,0.01,2.0,Colorado,49.0,45,76,45.0,19.3,19.5,22,0.1,1.0,61.7,54.0,75.6,76.0,28.0,28.0,39.9,41.0,49,5.1,8
0.5,0.05,0.5,Nebraska,49.0,49,49,49.0,18.6,19.0,21,0.0,0.0,51.7,52.0,65.3,71.0,28.0,28.0,4.9,5.5,7,7.0,10
1.0,0.05,1.0,Nebraska,49.0,49,49,49.0,36.2,37.0,38,0.0,0.0,51.4,51.0,59.6,52.0,28.0,28.0,6.2,6.0,9,7.6,11
0.5,0.1,0.5,Nebraska,49.0,49,49,49.0,20.1,20.0,23,0.0,0.0,51.0,51.0,52.0,52.0,28.0,28.0,4.3,4.0,5,7.6,10
0.5,0.1,2.0,Nebraska,49.0,49,49,49.0,36.6,37.0,39,0.0,0.0,51.2,51.0,54.9,52.0,28.0,28.0,8.2,8.5,10,7.8,10
0.5,0.25,0.5,Nebraska,49.0,49,49,49.0,22.8,22.5,25,0.0,0.0,51.0,51.0,52.0,52.0,28.0,28.0,5.2,5.0,6,7.9,10
0.5,0.25,2.0,Nebraska,49.0,49,49,49.0,37.8,38.0,41,0.0,0.0,51.0,51.0,52.0,52.0,28.0,28.0,7.0,7.0,8,9.4,12
2.0,0.25,0.5,Nebraska,49.0,49,49,49.0,39.3,38.5,43,0.0,0.0,51.0,51.0,52.0,52.0,28.0,28.0,8.7,8.5,11,9.4,12
1.0,0.25,1.0,Nebraska,49.0,49,49,49.0,38.4,39.0,41,0.0,0.0,51.0,51.0,52.0,52.0,28.0,28.0,6.9,7.0,8,9.5,13
0.5,0.25,1.0,Nebraska,49.0,49,49,49.0,27.4,27.0,33,0.0,0.0,51.0,51.0,52.0,52.0,28.0,28.0,6.1,6.0,8,9.8,13
1.0,0.25,0.5,Nebraska,49.0,49,49,49.0,30.2,30.0,34,0.0,0.0,51.0,51.0,52.0,52.0,28.0,28.0,7.1,7.0,9,10.1,13
2.0,0.1,1.0,Nebraska,49.0,49,49,49.0,40.5,40.5,43,0.0,0.0,51.3,51.0,55.9,52.0,28.0,28.0,9.9,10.0,12,10.9,13
1.0,0.25,2.0,Nebraska,49.0,49,49,49.0,39.8,39.5,44,0.0,0.0,51.1,51.0,53.9,52.0,28.0,28.0,9.9,10.0,13,12.1,14
2.0,0.25,1.0,Nebraska,49.0,49,49,49.0,40.0,39.5,42,0.0,0.0,51.2,51.0,53.5,52.0,28.0,28.0,9.2,9.0,11,13.0,14
2.0,0.25,2.0,Nebraska,49.0,49,49,49.0,41.3,40.5,44,0.0,0.0,51.0,51.0,52.0,52.0,28.0,28.0,9.8,10.0,12,13.1,15
0.5,0.05,2.0,California,49.1,47,50,50.0,2.6,2.5,4,10.666666666666666,35.0,82.55555555555556,56.0,113.6,87.0,28.0,28.0,103.2,102.5,112,35.3,37
1.0,0.1,2.0,California,49.1,47,50,50.0,3.6,4.0,5,5.8,33.0,66.3,56.0,109.0,87.0,28.0,28.0,98.7,98.5,107,35.6,37
2.0,0.05,2.0,California,49.1,47,50,50.0,3.2,3.0,4,9.3,37.0,111.0,56.0,268.0,177.0,28.0,28.0,95.0,93.5,106,35.9,37
1.0,0.05,2.0,California,49.1,47,50,50.0,2.5,2.5,4,14.666666666666666,37.0,130.44444444444446,71.0,378.0,542.0,28.0,28.0,100.4,100.0,107,36.1,37
2.0,0.1,0.5,Nebraska,49.2,49,51,49.0,38.4,38.5,42,0.0,0.0,51.3,51.0,57.7,52.0,28.0,28.0,10.3,10.5,14,8.7,13
1.0,0.1,1.0,Nebraska,49.2,49,51,49.0,37.0,37.0,42,0.0,0.0,51.3,51.0,56.8,52.0,28.0,28.0,7.1,7.0,10,9.1,11
0.5,0.01,1.0,New Mexico,49.3,39,57,55.0,9.4,9.0,11,0.6,3.0,64.7,59.0,83.0,79.0,32.2,28.0,16.8,16.0,25,1.8,3
2.0,0.1,2.0,Nebraska,49.3,49,52,49.0,40.2,41.0,43,0.0,0.0,53.1,51.0,55.9,52.0,28.0,28.0,9.0,9.0,10,13.3,17
1.0,0.1,0.5,Nebraska,49.4,49,51,49.0,29.5,30.0,32,0.0,0.0,51.4,51.0,56.3,52.0,28.0,28.0,7.0,7.0,8,8.0,11
1.0,0.05,0.5,California,49.4,47,50,50.0,2.7,2.5,4,8.6,34.0,79.0,56.0,135.8,177.0,28.0,28.0,98.3,99.5,107,35.4,37
1.0,0.1,2.0,Nebraska,49.5,49,52,49.0,39.7,40.5,42,0.0,0.0,53.4,51.5,61.8,61.5,28.0,28.0,9.2,9.0,12,10.3,14
2.0,0.1,2.0,Arizona,49.6,44,51,51.0,9.3,9.0,10,0.0,0.0,53.0,54.0,58.0,58.0,56.2,55.0,16.0,15.5,21,1.7,3
2.0,0.25,2.0,Arizona,49.6,44,51,51.0,8.2,8.0,9,0.0,0.0,52.7,52.5,58.0,58.0,54.6,55.0,16.9,17.0,19,2.8,3
2.0,0.25,1.0,Arizona,49.6,44,51,51.0,8.1,8.0,9,0.2,1.0,54.0,54.0,61.2,58.0,54.9,55.0,16.6,17.0,19,2.9,4
2.0,0.25,0.5,Indiana,49.6,42,60,46.0,65.9,66.5,68,0.0,0.0,58.9,60.0,65.5,68.0,74.1,71.5,14.0,15.0,17,8.9,13
2.0,0.25,0.5,Arizona,49.7,44,52,51.0,8.2,8.0,9,0.1,1.0,53.7,54.0,60.2,58.0,55.0,55.0,16.0,16.0,19,2.8,4
1.0,0.05,0.5,Nebraska,49.7,49,52,49.0,27.3,28.0,29,0.0,0.0,54.4,51.5,60.7,57.0,28.0,28.0,6.0,6.0,8,7.9,11
1.0,0.05,2.0,Nebraska,49.7,49,52,49.0,37.4,36.5,43,0.0,0.0,53.7,52.0,62.2,59.0,28.0,28.0,7.8,8.0,10,9.5,13
0.5,0.1,1.0,Nebraska,49.8,49,52,49.0,26.4,26.0,29,0.0,0.0,54.5,52.0,60.8,62.0,28.0,28.0,6.3,7.0,9,8.5,12
0.5,0.01,0.5,Oklahoma,49.9,44,59,49.5,11.6,11.5,13,0.0,0.0,57.6,57.0,63.1,61.0,74.0,28.0,2.2,2.0,5,0.7,1
0.5,0.25,2.0,Arizona,49.9,44,54,51.0,8.2,8.0,9,0.0,0.0,53.3,54.0,58.0,58.0,55.2,55.0,16.3,16.0,21,2.8,3
2.0,0.05,2.0,Nebraska,49.9,49,52,49.0,40.3,40.0,43,0.0,0.0,53.8,52.0,69.3,71.0,28.0,28.0,9.6,9.0,12,11.6,15
1.0,0.25,0.5,Wyoming,50.0,50,50,50.0,10.8,11.0,11,0.0,0.0,50.2,50.0,65.4,69.0,99.0,99.0,3.5,4.0,4,0.0,0
1.0,0.25,2.0,Wyoming,50.0,50,50,50.0,12.7,13.0,13,0.0,0.0,50.4,50.0,65.4,69.0,28.0,28.0,5.3,5.5,6,0.0,0
0.5,0.25,2.0,Wyoming,50.0,50,50,50.0,12.4,12.0,13,0.0,0.0,53.6,52.0,69.0,69.0,28.0,28.0,4.5,4.5,5,0.0,0
0.5,0.25,0.5,Wyoming,50.0,50,50,50.0,8.5,8.0,10,0.0,0.0,53.7,50.0,66.1,69.0,99.0,99.0,3.9,4.0,4,0.0,0
2.0,0.25,0.5,Wyoming,50.0,50,50,50.0,12.6,13.0,13,0.0,0.0,50.6,50.0,64.2,69.0,28.0,28.0,4.9,5.0,6,0.0,0
0.5,0.25,2.0,Vermont,50.1,50,51,50.0,11.9,12.0,13,0.1,1.0,53.7,51.0,91.2,92.0,87.8,92.0,5.9,6.0,8,2.1,3
0.5,0.25,0.5,Vermont,50.1,50,51,50.0,11.9,12.0,13,0.2,1.0,58.0,51.0,92.9,92.0,76.1,81.5,5.9,5.5,9,2.1,3
0.5,0.05,2.0,Nebraska,50.1,49,52,49.0,33.6,34.0,36,0.0,0.0,56.6,52.0,66.3,71.0,28.0,28.0,6.4,6.5,9,7.9,11
0.5,0.25,1.0,Wyoming,50.2,50,52,50.0,10.8,11.0,11,0.0,0.0,53.2,50.0,66.6,69.0,99.7,99.0,3.4,3.5,4,0.0,0
2.0,0.25,1.0,Wyoming,50.2,50,52,50.0,12.7,13.0,13,0.0,0.0,53.4,51.0,66.6,69.0,28.0,28.0,4.7,4.5,7,0.0,0
1.0,0.25,1.0,Wyoming,50.2,50,52,50.0,12.5,12.5,13,0.0,0.0,51.6,50.0,65.4,69.0,28.0,28.0,5.1,5.0,6,0.0,0
2.0,0.25,2.0,Wyoming,50.2,50,52,50.0,12.5,12.5,13,0.0,0.0,52.1,50.0,68.5,69.0,28.0,28.0,5.3,5.0,6,0.0,0
1.0,0.1,0.5,Wyoming,50.2,50,52,50.0,10.7,11.0,11,0.0,0.0,52.2,51.0,69.0,69.0,92.6,99.0,3.6,4.0,4,0.0,0
1.0,0.01,1.0,New Mexico,50.2,39,61,57.0,11.0,11.5,14,0.2,2.0,57.9,64.5,76.9,79.0,38.7,28.0,17.8,19.0,21,2.2,5
0.5,0.25,2.0,Indiana,50.2,42,60,46.0,63.3,63.0,67,0.0,0.0,59.9,60.0,67.4,69.0,78.3,82.0,11.7,11.5,15,9.1,12
1.0,0.25,0.5,Vermont,50.3,50,51,50.0,12.0,12.0,14,0.3,1.0,63.7,51.0,94.5,92.0,92.3,92.0,7.9,7.5,10,2.0,3
1.0,0.1,0.5,Arizona,50.3,44,51,51.0,8.4,8.0,9,0.0,0.0,53.4,54.0,60.2,58.0,56.8,58.0,14.6,14.5,17,2.6,3
1.0,0.25,2.0,Arizona,50.3,44,51,51.0,8.2,8.0,9,0.1,1.0,54.0,54.0,60.4,58.0,55.2,55.0,16.9,17.0,19,2.8,3
0.5,0.05,1.0,Nebraska,50.3,49,52,50.0,25.5,26.0,28,0.0,0.0,57.2,51.5,61.8,61.5,28.0,28.0,5.3,5.5,6,7.3,11
1.0,0.25,0.5,Ohio,50.3,33,58,58.0,57.6,57.0,62,0.0,0.0,60.2,62.0,67.7,72.0,60.3,74.5,26.6,26.5,34,13.6,16
2.0,0.1,1.0,Wyoming,50.4,50,52,50.0,12.3,12.0,13,0.0,0.0,53.8,52.0,69.0,69.0,28.0,28.0,4.6,5.0,5,0.0,0
0.5,0.1,1.0,Wyoming,50.4,50,52,50.0,10.4,10.0,11,0.0,0.0,59.3,60.5,69.7,69.0,99.0,99.0,3.6,3.5,5,0.0,0
1.0,0.1,2.0,Wyoming,50.4,50,52,50.0,12.1,12.0,13,0.0,0.0,57.4,52.0,69.0,69.0,42.2,28.0,4.4,4.5,6,0.0,0
2.0,0.1,0.5,Wyoming,50.4,50,52,50.0,12.5,12.5,13,0.0,0.0,56.9,52.0,69.6,69.0,35.1,28.0,4.5,5.0,5,0.0,0
0.5,0.1,0.5,Wyoming,50.4,50,52,50.0,8.3,8.0,9,0.0,0.0,53.7,51.0,68.6,69.0,99.7,99.0,3.3,3.0,4,0.0,0
1.0,0.25,1.0,Vermont,50.4,50,51,50.0,12.3,12.5,14,0.3,1.0,64.0,62.5,88.3,91.5,77.9,92.0,7.3,7.0,11,1.7,3
2.0,0.25,0.5,Vermont,50.4,50,51,50.0,12.0,12.0,13,0.4,1.0,61.8,51.0,91.7,92.0,86.4,92.0,7.3,7.0,11,2.0,4
2.0,0.1,1.0,Arizona,50.4,44,52,51.0,8.9,9.0,10,0.2,2.0,57.7,54.0,62.0,58.0,57.4,55.0,15.1,15.0,18,2.1,3
2.0,0.01,2.0,Oklahoma,50.4,44,59,52.0,28.5,29.0,31,0.0,0.0,58.2,59.0,63.2,61.0,28.0,28.0,12.4,11.0,22,7.6,9
2.0,0.25,1.0,Vermont,50.5,50,51,50.5,12.1,12.0,14,0.4,1.0,63.3,58.5,90.7,92.0,77.9,92.0,7.4,7.5,10,1.9,3
2.0,0.25,2.0,Vermont,50.5,50,51,50.5,12.1,12.0,14,0.4,1.0,64.5,64.5,90.5,92.0,73.9,67.5,7.3,7.5,10,1.9,3
1.0,0.25,2.0,Vermont,50.5,50,51,50.5,12.0,12.0,13,0.5,1.0,64.1,62.5,89.3,92.0,92.0,92.0,7.0,7.0,10,2.0,3
2.0,0.05,0.5,Nebraska,50.5,49,52,51.0,36.3,35.5,40,0.0,0.0,56.5,52.0,64.0,71.0,28.0,28.0,8.1,8.0,10,7.2,9
1.0,0.1,1.0,Wyoming,50.6,50,52,50.0,12.3,12.0,13,0.0,0.0,57.2,52.0,70.2,69.0,42.9,28.0,4.3,4.5,6,0.0,0
0.5,0.1,2.0,Arizona,50.6,44,54,51.0,8.4,8.0,10,0.2,1.0,54.8,54.0,63.6,58.0,57.4,56.5,14.6,14.5,21,2.6,4
1.0,0.25,2.0,Indiana,50.6,42,69,46.0,66.8,67.0,69,0.0,0.0,61.3,60.0,67.5,69.0,81.1,84.0,14.3,14.0,18,8.8,11
2.0,0.05,1.0,Nebraska,50.6,49,52,51.0,39.5,39.5,41,0.0,0.0,56.8,52.0,61.4,60.0,28.0,28.0,9.5,9.5,13,11.3,13
0.5,0.1,1.0,Arizona,50.7,44,54,51.0,8.7,8.5,10,0.0,0.0,54.7,54.0,64.9,58.0,57.4,56.5,12.4,12.5,15,2.3,3
2.0,0.01,0.5,Oklahoma,50.7,44,61,49.5,26.4,26.0,31,0.0,0.0,59.3,59.0,65.7,61.0,28.0,28.0,10.4,10.5,12,4.5,6
1.0,0.25,0.5,Idaho,50.7,50,51,51.0,13.8,13.0,16,0.0,0.0,51.4,51.0,52.8,52.0,28.0,28.0,37.9,38.0,40,11.3,13
1.0,0.25,1.0,Idaho,50.7,50,51,51.0,14.6,14.5,16,0.0,0.0,51.6,52.0,53.1,52.0,28.0,28.0,41.1,42.0,45,13.4,15
2.0,0.25,2.0,Idaho,50.7,50,51,51.0,16.5,16.5,18,0.0,0.0,51.5,51.5,52.7,52.0,28.0,28.0,40.6,40.5,45,13.5,15
2.0,0.05,0.5,Wyoming,50.8,50,52,50.0,11.7,12.0,12,0.0,0.0,62.2,64.0,71.4,69.0,57.1,28.0,3.9,4.0,5,0.0,0
0.5,0.25,0.5,Idaho,50.8,50,51,51.0,14.0,14.0,16,0.0,0.0,51.3,51.0,52.5,52.0,28.0,28.0,29.4,29.0,34,9.4,11
1.0,0.25,2.0,Idaho,50.8,50,51,51.0,15.8,16.0,17,0.0,0.0,51.5,51.5,53.2,52.0,28.0,28.0,40.7,41.0,47,13.7,15
2.0,0.25,1.0,Idaho,50.8,50,51,51.0,15.6,15.5,17,0.0,0.0,51.6,52.0,53.8,55.0,28.0,28.0,39.7,40.0,45,13.7,15
0.5,0.25,2.0,Idaho,50.8,50,51,51.0,14.5,15.0,16,0.0,0.0,51.6,52.0,53.2,52.0,28.0,28.0,41.6,42.0,45,13.8,15
2.0,0.05,0.5,Arizona,50.9,44,54,51.0,9.6,10.0,11,0.0,0.0,55.0,54.0,65.4,64.0,59.7,59.0,14.4,14.0,19,1.4,3
0.5,0.25,1.0,Arizona,50.9,50,51,51.0,8.5,8.5,9,0.0,0.0,53.5,54.0,58.0,58.0,56.2,56.5,12.9,13.0,16,2.5,3
0.5,0.1,0.5,Idaho,50.9,50,51,51.0,13.4,13.5,15,0.0,0.0,51.8,52.0,54.4,55.0,28.0,28.0,26.0,25.0,29,9.6,11
0.5,0.1,1.0,Idaho,50.9,50,51,51.0,13.9,14.0,15,0.0,0.0,51.6,52.0,53.4,52.0,28.0,28.0,35.3,35.5,39,10.5,13
2.0,0.05,1.0,Wyoming,51.0,50,52,51.0,11.8,12.0,13,0.0,0.0,59.8,58.0,71.4,69.0,57.1,28.0,3.7,4.0,5,0.0,0
0.5,0.1,2.0,Wyoming,51.0,50,52,51.0,12.4,12.5,13,0.0,0.0,59.5,64.0,69.6,69.0,35.1,28.0,4.5,5.0,5,0.0,0
0.5,0.25,1.0,Idaho,51.0,51,51,51.0,13.8,14.0,15,0.0,0.0,51.7,52.0,53.8,55.0,28.0,28.0,38.2,38.5,42,11.4,12
2.0,0.25,0.5,Idaho,51.0,51,51,51.0,15.9,16.0,17,0.0,0.0,51.5,51.5,52.9,52.0,28.0,28.0,41.2,41.5,45,12.8,16
2.0,0.1,1.0,Idaho,51.0,51,51,51.0,15.0,15.0,17,0.0,0.0,51.9,52.0,54.9,55.0,28.0,28.0,38.0,37.5,43,13.3,16
1.0,0.1,1.0,Idaho,51.0,51,51,51.0,13.5,13.0,16,0.0,0.0,51.8,52.0,54.1,55.0,28.0,28.0,38.1,38.5,43,13.7,14
2.0,0.1,2.0,Idaho,51.0,51,51,51.0,15.1,15.0,18,0.0,0.0,51.8,52.0,54.3,55.0,28.0,28.0,37.6,37.0,44,13.8,17
ALL,ALL,ALL,California,51.01111111111111,47,95,50.0,3.4194444444444443,3.0,6,6.820809248554913,37.0,77.19942196531792,56.0,124.55597014925372,87.0,28.0,28.0,94.46111111111111,96.0,112,34.355555555555554,38
0.5,0.1,0.5,Arizona,51.1,51,52,51.0,8.4,8.0,9,0.1,1.0,54.2,54.0,61.8,58.0,59.4,58.0,10.4,10.0,13,2.4,3
1.0,0.1,2.0,Arizona,51.1,44,54,51.0,8.4,8.5,10,0.3,1.0,54.7,54.0,66.6,64.0,57.1,58.0,15.6,15.5,19,2.6,4
0.5,0.05,1.0,Idaho,51.1,51,52,51.0,13.0,13.0,15,0.0,0.0,52.2,52.0,55.0,55.0,28.0,28.0,32.3,33.0,35,11.1,14
1.0,0.1,0.5,Idaho,51.1,50,52,51.0,12.9,13.0,14,0.1,1.0,52.6,52.0,54.8,55.0,28.0,28.0,34.9,34.0,39,11.3,13
0.5,0.1,2.0,Idaho,51.1,50,52,51.0,14.0,14.5,15,0.0,0.0,52.5,52.0,54.4,55.0,28.0,28.0,38.3,38.0,41,13.4,16
1.0,0.1,2.0,Idaho,51.1,51,52,51.0,15.6,15.5,19,0.0,0.0,52.2,52.0,54.5,55.0,28.0,28.0,37.0,36.5,41,13.5,15
1.0,0.05,1.0,Idaho,51.1,51,52,51.0,13.7,13.5,17,0.0,0.0,52.4,52.0,55.0,55.0,28.0,28.0,34.7,35.0,40,13.6,16
2.0,0.05,1.0,Idaho,51.1,50,52,51.0,14.8,14.5,17,0.0,0.0,52.6,52.0,55.3,56.0,28.0,28.0,34.0,34.5,37,13.7,16
0.5,0.05,1.0,Wyoming,51.2,50,52,52.0,9.9,10.0,10,0.0,0.0,63.6,64.0,71.4,69.0,99.7,99.0,3.1,3.0,4,0.0,0
1.0,0.05,2.0,Wyoming,51.2,50,52,52.0,11.9,12.0,13,0.0,0.0,61.4,64.0,70.2,69.0,42.2,28.0,3.8,3.5,6,0.1,1
2.0,0.05,2.0,Wyoming,51.2,50,52,52.0,12.2,12.0,13,0.0,0.0,63.7,69.0,72.1,75.0,63.5,63.5,4.1,4.0,5,0.2,1
2.0,0.1,2.0,Wyoming,51.2,50,52,52.0,12.3,12.0,13,0.0,0.0,62.9,64.0,70.8,69.0,49.3,28.0,4.3,4.0,6,0.3,1
1.0,0.25,0.5,Arizona,51.2,50,54,51.0,8.0,8.0,9,0.2,1.0,54.1,54.0,61.2,58.0,55.3,55.0,14.8,15.0,16,3.0,4
1.0,0.01,2.0,Colorado,51.2,45,76,45.0,20.0,20.0,24,0.0,0.0,61.5,56.0,70.2,68.0,30.2,28.0,43.6,44.5,49,4.9,7
2.0,0.01,1.0,Colorado,51.2,45,76,45.0,21.5,21.5,27,0.0,0.0,64.4,62.5,76.1,76.0,34.4,28.0,41.9,41.5,49,5.5,9
2.0,0.01,1.0,Oklahoma,51.2,44,61,55.0,27.6,27.0,30,0.0,0.0,59.8,60.0,69.7,62.0,28.0,28.0,13.8,15.0,20,6.3,8
1.0,0.05,0.5,Idaho,51.2,51,52,51.0,12.7,12.5,16,0.0,0.0,52.6,52.0,55.7,56.0,28.0,28.0,29.3,28.5,35,11.3,12
2.0,0.1,0.5,Idaho,51.2,51,52,51.0,15.0,15.0,17,0.0,0.0,52.5,52.0,54.6,55.0,28.0,28.0,37.1,37.0,41,13.2,15
0.5,0.01,0.5,New Mexico,51.3,39,57,56.5,8.6,8.5,12,0.4,2.0,62.4,62.5,76.2,79.0,32.3,28.0,11.4,10.5,20,1.3,3
0.5,0.05,0.5,Idaho,51.3,50,52,51.0,12.9,13.0,16,0.0,0.0,53.2,52.0,55.5,55.5,28.0,28.0,23.5,23.0,27,9.8,12
0.5,0.1,2.0,Ohio,51.3,33,62,58.0,57.4,58.0,62,0.0,0.0,62.9,62.0,74.9,73.0,48.5,35.0,29.3,29.5,33,12.4,15
0.5,0.05,2.0,Idaho,51.3,51,52,51.0,13.8,14.0,15,0.0,0.0,53.1,52.0,55.6,55.0,28.0,28.0,34.7,33.0,41,12.9,15
0.5,0.01,0.5,Iowa,51.3,47,61,47.0,25.6,25.0,30,0.0,0.0,62.5,61.0,70.5,70.0,60.8,73.0,65.7,64.5,80,45.7,53
0.5,0.01,1.0,Oklahoma,51.4,44,59,55.0,14.9,15.0,17,0.0,0.0,60.2,61.0,70.5,63.0,28.0,28.0,4.5,4.0,7,0.9,2
1.0,0.01,1.0,Oklahoma,51.4,44,59,55.0,23.5,23.0,29,0.0,0.0,58.6,59.0,65.0,61.0,28.0,28.0,8.8,8.5,13,2.9,6
1.0,0.05,2.0,Idaho,51.4,51,52,51.0,14.8,14.5,17,0.0,0.0,53.4,52.0,55.5,56.0,28.0,28.0,34.1,34.5,36,13.3,15
2.0,0.05,2.0,Idaho,51.4,51,52,51.0,14.4,14.0,17,0.0,0.0,53.5,52.0,55.9,55.5,28.0,28.0,36.3,37.5,39,14.3,16
1.0,0.05,1.0,Arizona,51.5,44,54,51.0,9.3,9.0,10,0.2,1.0,55.5,54.0,69.1,61.0,58.5,57.5,14.9,16.0,17,1.7,3
0.5,0.05,1.0,Arizona,51.5,44,54,51.0,8.7,8.0,10,0.5,2.0,62.3,56.0,75.1,74.5,58.3,58.0,11.8,12.0,15,2.3,3
1.0,0.1,1.0,Arizona,51.5,44,54,51.0,8.3,8.0,9,0.3,1.0,55.3,54.0,68.3,69.0,57.0,57.0,14.7,14.5,17,2.7,4
2.0,0.05,0.5,Idaho,51.5,51,52,51.5,13.9,14.0,16,0.1,1.0,53.8,53.5,55.8,56.0,28.0,28.0,34.1,34.5,38,13.8,16
0.5,0.05,2.0,Missouri,51.7,32,61,56.0,56.9,56.0,63,0.1,1.0,65.4,61.0,74.0,76.0,33.2,28.0,15.0,15.0,17,8.7,11
1.0,0.05,2.0,Arizona,51.8,44,54,52.5,9.5,9.5,10,0.0,0.0,56.8,55.0,73.7,74.0,60.9,61.0,13.7,14.0,17,1.5,2
2.0,0.1,0.5,Arizona,51.8,44,54,52.5,8.6,8.5,10,0.2,1.0,56.0,56.0,62.8,60.5,57.6,57.5,15.4,15.0,19,2.4,4
0.5,0.01,2.0,Oklahoma,51.8,44,61,55.0,23.5,23.5,27,0.0,0.0,60.9,59.0,65.5,61.0,30.9,28.0,8.6,8.0,15,2.4,4
2.0,0.05,2.0,Arizona,51.9,51,54,51.0,9.3,9.0,11,0.3,2.0,58.0,54.0,72.3,69.0,55.8,57.5,14.0,14.0,17,1.7,3
2.0,0.05,1.0,Arizona,51.9,51,54,51.0,8.9,9.0,11,0.3,3.0,56.5,54.0,67.5,63.5,52.6,56.5,15.3,15.5,18,2.1,4
1.0,0.25,1.0,Indiana,52.0,46,69,46.0,66.1,66.0,69,0.0,0.0,64.9,66.0,68.4,69.0,82.3,83.0,13.3,13.0,17,8.0,10
1.0,0.05,0.5,Wyoming,52.2,50,64,51.0,10.0,10.0,11,0.0,0.0,64.9,69.0,72.8,75.0,84.8,99.0,3.4,3.0,5,0.0,0
1.0,0.05,0.5,Arizona,52.2,51,54,51.0,9.3,9.0,11,0.3,2.0,57.2,54.0,73.2,74.0,59.9,58.0,14.4,14.0,20,1.7,3
0.5,0.25,1.0,Ohio,52.2,33,58,56.0,55.2,56.0,60,0.0,0.0,59.2,58.0,64.8,62.0,65.5,72.0,25.8,25.0,32,13.6,18
1.0,0.05,1.0,Wyoming,52.4,50,64,52.0,11.9,12.0,13,0.0,0.0,62.4,64.0,68.7,69.0,42.9,28.0,3.5,3.5,5,0.0,0
0.5,0.05,2.0,Arizona,52.4,51,54,52.0,9.2,9.5,11,0.3,2.0,57.6,56.0,65.9,63.0,57.6,56.5,14.8,15.0,18,1.8,4
2.0,0.25,0.5,Ohio,52.4,33,58,57.0,59.2,59.5,64,0.0,0.0,59.8,60.0,66.9,65.0,64.0,68.5,27.8,27.5,31,17.7,23
2.0,0.01,2.0,New Mexico,52.6,39,69,57.0,11.0,11.0,13,0.3,2.0,64.4,66.5,77.9,79.0,36.4,28.0,18.4,17.0,26,2.6,4
0.5,0.25,0.5,Ohio,52.6,33,58,58.0,53.1,54.0,57,0.0,0.0,60.2,62.0,67.5,71.5,70.3,80.0,18.5,18.0,24,12.1,17
1.0,0.25,2.0,Minnesota,52.6,50,54,53.5,44.2,44.5,50,0.0,0.0,56.4,54.0,58.6,60.5,31.6,28.0,65.3,64.5,73,34.0,43
2.0,0.01,1.0,Iowa,52.6,47,61,47.0,29.0,29.5,33,0.1,1.0,66.1,61.0,73.0,69.5,69.9,73.0,89.2,88.0,98,53.4,58
0.5,0.05,0.5,Wyoming,52.7,50,69,51.0,8.2,8.0,11,0.0,0.0,60.2,64.0,70.2,69.0,99.7,99.0,3.0,3.0,4,0.0,0
0.5,0.05,0.5,Arizona,52.8,51,54,54.0,9.1,9.0,10,0.2,1.0,62.8,58.0,74.0,74.0,57.1,59.5,10.0,10.0,15,1.3,2
1.0,0.25,0.5,Minnesota,52.8,50,54,53.0,43.1,44.5,46,0.0,0.0,55.1,53.0,56.4,54.0,31.7,28.0,66.4,66.5,72,33.7,41
2.0,0.25,1.0,Florida,53.0,53,53,53.0,10.9,11.0,13,0.0,0.0,60.0,60.0,60.0,60.0,49.0,63.0,33.9,34.0,38,24.3,26
1.0,0.01,1.0,Iowa,53.0,47,69,48.0,30.6,30.0,39,0.0,0.0,64.5,66.5,70.9,72.0,69.2,72.0,87.0,88.0,93,50.3,55
0.5,0.05,2.0,Wyoming,53.1,50,69,52.0,12.1,12.0,13,0.0,0.0,62.9,64.0,70.9,69.0,56.4,28.0,3.9,4.0,5,0.0,0
0.5,0.25,0.5,Minnesota,53.1,50,54,53.0,39.1,39.5,42,0.0,0.0,55.3,54.0,59.4,60.5,41.6,28.0,55.4,54.0,67,32.4,38
0.5,0.1,2.0,Vermont,53.3,50,80,50.0,12.5,12.5,14,0.3,1.0,72.8,81.5,90.3,92.0,86.4,92.0,7.5,7.0,10,1.5,4
0.5,0.25,2.0,Minnesota,53.3,50,54,54.0,45.0,44.5,50,0.0,0.0,57.3,59.5,58.7,60.5,44.3,42.0,70.6,70.5,77,33.1,37
2.0,0.25,0.5,Minnesota,53.3,50,54,54.0,44.9,44.5,52,0.0,0.0,57.2,59.0,58.5,60.0,47.3,57.5,64.2,64.5,69,33.6,39
0.5,0.25,1.0,Vermont,53.4,50,84,50.0,11.9,12.0,14,0.1,1.0,57.8,51.0,93.5,93.5,89.9,92.0,5.7,6.0,8,2.1,4
0.5,0.25,0.5,Indiana,53.4,42,60,57.0,55.9,56.5,58,0.1,1.0,62.7,62.5,67.8,69.0,77.7,74.5,12.1,13.0,15,8.4,12
2.0,0.25,2.0,Minnesota,53.4,50,54,54.0,47.7,49.0,51,0.0,0.0,56.3,54.0,58.3,59.5,44.6,42.0,65.3,65.5,70,30.9,38
ALL,ALL,ALL,Idaho,53.55277777777778,50,106,51.0,13.238888888888889,14.0,19,0.09722222222222222,7.0,56.93888888888889,52.0,60.647222222222226,55.0,30.805555555555557,28.0,32.53055555555556,34.0,47,13.008333333333333,21
2.0,0.01,0.5,New Mexico,53.7,39,61,57.0,11.2,11.0,13,0.2,2.0,65.7,67.5,81.3,79.0,36.4,28.0,20.0,19.0,28,2.7,5
0.5,0.25,0.5,Florida,53.7,53,60,53.0,9.9,10.0,12,0.0,0.0,60.0,60.0,60.3,60.0,63.0,63.0,16.6,17.0,19,21.2,23
1.0,0.25,0.5,Florida,53.7,53,60,53.0,9.7,10.0,11,0.0,0.0,60.0,60.0,60.3,60.0,63.0,63.0,21.7,21.5,24,23.3,25
2.0,0.25,2.0,Florida,53.7,53,60,53.0,10.3,10.5,12,0.0,0.0,60.0,60.0,60.3,60.0,56.0,63.0,36.8,37.5,42,24.6,27
0.5,0.1,0.5,Minnesota,53.7,53,54,54.0,38.4,39.0,42,0.0,0.0,58.4,60.0,59.1,61.0,48.3,58.5,54.5,53.5,65,31.2,34
0.5,0.25,1.0,Minnesota,53.7,53,54,54.0,43.1,43.5,47,0.0,0.0,56.6,56.5,58.5,60.0,41.7,28.0,62.3,62.0,69,31.5,37
1.0,0.05,2.0,Minnesota,53.7,53,54,54.0,42.7,42.5,47,0.0,0.0,58.4,61.5,60.1,62.0,37.4,28.0,64.4,64.5,74,31.7,37
1.0,0.25,1.0,Minnesota,53.7,53,54,54.0,44.4,44.5,47,0.0,0.0,55.8,54.0,58.2,60.0,40.2,28.0,67.4,68.0,79,33.4,36
2.0,0.25,1.0,Minnesota,53.7,53,54,54.0,44.5,44.5,47,0.0,0.0,56.8,56.5,59.1,60.5,38.5,28.0,64.5,64.0,74,34.4,40
ALL,ALL,ALL,Arizona,53.75555555555555,44,103,51.0,8.783333333333333,9.0,11,0.15,3.0,60.69722222222222,54.0,72.11111111111111,63.5,55.397222222222226,55.0,13.702777777777778,14.0,24,2.075,5
1.0,0.25,0.5,Nevada,53.8,52,54,54.0,5.7,6.0,6,0.0,0.0,54.0,54.0,62.0,62.0,111.0,111.0,2.4,2.0,3,0.0,0
0.5,0.25,0.5,Nevada,53.8,52,54,54.0,5.7,6.0,6,0.0,0.0,54.0,54.0,62.0,62.0,111.0,111.0,1.0,1.0,1,0.0,0
0.5,0.1,2.0,Minnesota,53.8,53,54,54.0,44.0,43.5,51,0.0,0.0,58.6,60.0,60.7,61.0,35.1,28.0,66.7,67.5,72,31.9,40
1.0,0.1,0.5,Minnesota,53.8,53,54,54.0,42.7,43.5,47,0.0,0.0,59.6,61.0,60.0,61.0,34.7,28.0,64.1,63.5,73,32.4,40
ALL,ALL,ALL,Nebraska,53.84444444444444,49,117,49.0,32.37777777777778,34.0,44,0.0,0.0,60.24444444444445,51.5,67.07222222222222,54.0,38.67966573816156,28.0,6.897222222222222,7.0,14,8.588888888888889,17
1.0,0.25,2.0,Wisconsin,53.9,39,63,59.0,44.6,45.0,49,0.0,0.0,61.1,63.0,62.4,63.0,28.0,28.0,99.1,98.0,115,22.5,30
2.0,0.05,1.0,Minnesota,53.9,53,54,54.0,46.7,46.0,52,0.0,0.0,60.8,62.0,61.1,62.0,47.9,58.5,59.7,59.0,65,28.3,33
1.0,0.1,2.0,Minnesota,53.9,53,54,54.0,45.2,44.0,54,0.0,0.0,58.9,61.0,60.7,61.0,41.8,28.0,65.2,66.0,74,31.2,37
1.0,0.1,1.0,Minnesota,53.9,53,54,54.0,44.6,43.0,51,0.0,0.0,58.5,60.5,61.5,62.0,35.2,28.0,66.0,65.5,72,31.4,36
2.0,0.1,2.0,Minnesota,53.9,53,54,54.0,46.1,47.0,50,0.0,0.0,59.6,61.0,60.4,61.0,46.0,44.5,63.1,62.5,72,31.6,35
2.0,0.05,0.5,Minnesota,53.9,53,54,54.0,42.4,42.5,46,0.0,0.0,60.8,62.0,61.2,62.0,40.7,28.0,57.5,57.0,70,32.3,36
2.0,0.1,0.5,Minnesota,53.9,53,54,54.0,44.3,43.0,52,0.0,0.0,59.3,61.5,60.7,62.0,54.8,61.0,64.9,63.5,73,32.5,36
1.0,0.01,0.5,Iowa,53.9,47,72,48.0,29.0,29.0,33,0.1,1.0,63.5,61.0,69.7,67.5,64.2,70.0,77.2,77.0,86,48.5,55
0.5,0.25,1.0,Nevada,54.0,54,54,54.0,5.8,6.0,6,0.0,0.0,54.0,54.0,62.0,62.0,111.0,111.0,2.4,2.0,3,0.0,0
1.0,0.05,2.0,Nevada,54.0,54,54,54.0,5.1,5.0,6,0.0,0.0,54.8,54.0,62.0,62.0,122.5,111.0,2.8,3.0,4,0.0,0
1.0,0.05,0.5,Nevada,54.0,54,54,54.0,4.9,5.0,5,0.0,0.0,54.0,54.0,62.0,62.0,119.1,111.0,2.9,3.0,4,0.0,0
1.0,0.25,2.0,Nevada,54.0,54,54,54.0,5.8,6.0,6,0.0,0.0,54.0,54.0,62.0,62.0,111.0,111.0,2.6,2.0,4,0.0,0
0.5,0.05,1.0,Nevada,54.0,54,54,54.0,5.1,5.0,6,0.0,0.0,54.0,54.0,62.0,62.0,129.1,136.0,2.1,2.0,3,0.0,0
2.0,0.25,1.0,Nevada,54.0,54,54,54.0,5.8,6.0,6,0.0,0.0,54.0,54.0,62.0,62.0,111.0,111.0,2.4,2.0,3,0.0,0
2.0,0.05,1.0,Nevada,54.0,54,54,54.0,5.4,5.0,6,0.0,0.0,54.0,54.0,64.2,62.0,121.9,111.0,2.5,3.0,4,0.0,0
0.5,0.25,2.0,Nevada,54.0,54,54,54.0,6.0,6.0,6,0.0,0.0,54.0,54.0,62.0,62.0,113.8,111.0,2.6,3.0,3,0.0,0
1.0,0.05,1.0,Nevada,54.0,54,54,54.0,5.3,5.0,6,0.0,0.0,54.0,54.0,62.0,62.0,123.5,123.5,2.8,3.0,4,0.0,0
0.5,0.05,0.5,Nevada,54.0,54,54,54.0,5.1,5.0,6,0.0,0.0,54.0,54.0,62.0,62.0,46.44444444444444,28.0,1.3333333333333333,1.0,2,0.0,0
1.0,0.25,1.0,Nevada,54.0,54,54,54.0,5.9,6.0,6,0.0,0.0,54.0,54.0,62.0,62.0,113.8,111.0,2.6,2.5,4,0.0,0
0.5,0.05,2.0,Nevada,54.0,54,54,54.0,5.2,5.0,6,0.0,0.0,54.0,54.0,62.0,62.0,123.8,123.5,2.5,2.5,4,0.0,0
2.0,0.25,2.0,Nevada,54.0,54,54,54.0,5.9,6.0,6,0.0,0.0,54.0,54.0,62.0,62.0,111.0,111.0,2.5,2.5,3,0.0,0
2.0,0.05,0.5,Nevada,54.0,54,54,54.0,5.3,5.0,6,0.0,0.0,54.0,54.0,64.2,62.0,124.7,123.5,2.3,2.5,3,0.0,0
2.0,0.25,0.5,Nevada,54.0,54,54,54.0,6.0,6.0,6,0.0,0.0,54.0,54.0,62.0,62.0,111.0,111.0,2.5,2.5,3,0.0,0
2.0,0.05,2.0,Nevada,54.0,54,54,54.0,5.3,5.0,6,0.0,0.0,54.0,54.0,64.2,62.0,116.3,111.0,3.2,3.5,4,0.0,0
2.0,0.1,1.0,Nevada,54.0,54,54,54.0,5.6,6.0,6,0.0,0.0,54.0,54.0,62.0,62.0,113.8,111.0,3.4,3.5,4,0.0,0
1.0,0.1,0.5,Nevada,54.0,54,54,54.0,5.2,5.0,6,0.0,0.0,54.0,54.0,62.0,62.0,116.0,111.0,2.5,3.0,3,0.0,0
0.5,0.1,1.0,Nevada,54.0,54,54,54.0,5.5,5.5,6,0.0,0.0,54.0,54.0,62.0,62.0,118.8,111.0,2.9,3.0,4,0.0,0
1.0,0.1,2.0,Nevada,54.0,54,54,54.0,5.6,6.0,6,0.0,0.0,54.0,54.0,62.0,62.0,120.0,111.0,3.3,4.0,4,0.0,0
2.0,0.1,2.0,Nevada,54.0,54,54,54.0,5.3,5.0,6,0.0,0.0,54.0,54.0,62.0,62.0,116.3,111.0,3.4,3.5,4,0.0,0
2.0,0.1,0.5,Nevada,54.0,54,54,54.0,5.6,6.0,6,0.0,0.0,54.0,54.0,62.0,62.0,118.8,111.0,2.7,2.5,4,0.0,0
0.5,0.1,2.0,Nevada,54.0,54,54,54.0,5.5,5.5,6,0.0,0.0,54.0,54.0,62.0,62.0,113.8,111.0,2.5,2.5,4,0.0,0
1.0,0.1,1.0,Nevada,54.0,54,54,54.0,5.8,6.0,6,0.0,0.0,54.0,54.0,62.0,62.0,118.22222222222223,111.0,2.7777777777777777,3.0,4,0.0,0
0.5,0.1,0.5,Nevada,54.0,54,54,54.0,5.1,5.0,6,0.0,0.0,54.0,54.0,62.0,62.0,99.14285714285714,111.0,1.1428571428571428,1.0,2,0.0,0
0.5,0.1,1.0,Minnesota,54.0,54,54,54.0,42.0,42.5,45,0.0,0.0,58.8,60.0,61.2,61.0,46.9,44.5,57.3,56.5,68,30.6,35
2.0,0.1,1.0,Minnesota,54.0,54,54,54.0,45.9,44.0,55,0.0,0.0,61.0,61.0,61.6,61.0,45.0,44.5,63.3,62.0,75,31.7,36
1.0,0.25,0.5,Wisconsin,54.2,39,63,56.0,43.1,43.0,48,0.1,1.0,60.4,61.0,62.1,62.5,28.0,28.0,101.5,98.0,120,22.7,27
0.5,0.01,2.0,New Mexico,54.4,39,69,57.0,10.7,11.0,12,0.0,0.0,62.8,62.5,79.6,79.0,30.3,28.0,17.0,16.5,24,2.3,4
0.5,0.25,1.0,Florida,54.4,53,60,53.0,11.1,11.0,13,0.0,0.0,60.0,60.0,60.6,60.0,63.0,63.0,16.9,16.0,24,21.4,24
1.0,0.25,1.0,Florida,54.4,53,60,53.0,11.1,11.0,14,0.0,0.0,60.0,60.0,61.8,60.0,56.0,63.0,27.0,27.5,30,23.1,25
1.0,0.25,2.0,Florida,54.4,53,60,53.0,11.2,11.0,12,0.0,0.0,60.0,60.0,61.2,60.0,42.0,28.0,33.0,33.0,35,23.6,24
2.0,0.25,0.5,Florida,54.4,53,60,53.0,9.8,10.5,11,0.0,0.0,60.0,60.0,62.6,60.0,52.5,63.0,32.2,32.5,36,24.8,27
ALL,ALL,ALL,Wyoming,54.46944444444444,50,100,50.0,10.48611111111111,11.0,13,0.0,0.0,62.083333333333336,64.0,77.25,69.0,71.00561797752809,99.0,3.6235955056179776,4.0,7,0.06111111111111111,1
1.0,0.01,0.5,California,54.6,50,76,50.0,2.0,2.0,3,11.444444444444445,31.0,91.88888888888889,83.0,83.0,83.0,28.0,28.0,83.6,82.0,95,32.3,35
2.0,0.01,2.0,Iowa,54.7,47,69,53.5,32.3,33.5,36,0.1,1.0,64.2,67.0,69.2,69.5,72.9,73.0,93.2,94.0,104,50.6,57
2.0,0.25,1.0,Ohio,54.9,33,58,58.0,61.1,60.5,66,0.0,0.0,60.4,62.0,67.3,68.0,67.3,75.0,27.4,26.5,34,16.3,19
1.0,0.25,0.5,South Dakota,55.0,51,58,54.0,44.9,45.5,46,0.0,0.0,58.9,57.0,60.6,61.0,72.8,67.0,9.0,9.0,11,1.8,3
1.0,0.05,1.0,Minnesota,55.0,53,65,54.0,44.2,44.0,48,0.0,0.0,59.5,61.0,61.3,62.0,35.8,28.0,61.4,60.0,72,28.8,31
1.0,0.25,0.5,Kentucky,55.1,55,56,55.0,44.1,44.0,48,0.0,0.0,62.6,60.0,70.2,74.0,84.8,83.0,20.8,20.5,24,10.3,12
1.0,0.25,1.0,Ohio,55.1,33,58,58.0,61.3,61.5,64,0.0,0.0,60.8,62.0,68.6,71.5,76.7,80.0,30.2,30.0,36,15.2,19
0.5,0.1,1.0,Florida,55.1,53,60,53.0,10.7,11.5,13,0.0,0.0,60.0,60.0,64.2,60.0,56.0,63.0,17.9,18.0,19,20.4,24
2.0,0.1,2.0,Florida,55.1,53,60,53.0,10.3,10.5,12,0.0,0.0,60.0,60.0,63.9,60.0,35.0,28.0,39.5,38.5,44,24.2,25
2.0,0.05,2.0,Minnesota,55.1,54,65,54.0,45.4,45.0,51,0.0,0.0,62.3,62.0,63.0,62.0,48.8,61.0,60.4,61.0,65,29.1,37
0.5,0.01,0.5,California,55.1,50,95,50.0,1.9,2.0,4,11.166666666666666,29.0,95.83333333333333,83.0,87.5,87.5,28.0,28.0,71.5,72.0,81,30.6,33
0.5,0.05,2.0,Minnesota,55.1,54,65,54.0,41.6,42.5,45,0.0,0.0,61.4,62.0,62.3,62.0,34.6,28.0,60.4,60.5,69,31.4,38
0.5,0.05,1.0,Minnesota,55.1,54,65,54.0,39.3,39.0,46,0.0,0.0,61.6,61.0,62.3,61.0,38.3,28.0,50.3,50.5,58,32.2,39
2.0,0.25,1.0,Oregon,55.2,52,56,56.0,15.3,15.0,17,0.0,0.0,62.2,63.0,67.0,67.0,73.1,64.0,9.5,9.0,12,5.6,7
1.0,0.25,1.0,Oregon,55.3,52,61,56.0,15.7,16.0,16,0.0,0.0,61.1,63.0,67.5,67.0,75.6,70.5,8.3,8.0,11,5.0,6
1.0,0.01,2.0,Oklahoma,55.3,44,61,55.0,27.0,26.0,30,0.0,0.0,59.8,61.0,70.8,63.0,28.0,28.0,11.8,12.5,15,5.8,8
1.0,0.1,1.0,Ohio,55.3,33,58,58.0,56.8,57.0,63,0.0,0.0,61.2,62.0,72.3,72.0,54.3,55.5,27.0,27.0,33,13.6,17
1.0,0.05,0.5,Minnesota,55.3,53,61,54.0,41.0,41.0,47,0.0,0.0,60.6,61.5,61.4,62.0,28.0,28.0,58.6,58.5,66,30.9,34
2.0,0.1,2.0,Ohio,55.5,33,58,58.0,60.7,60.5,64,0.0,0.0,61.6,62.0,73.8,72.0,50.8,28.0,27.4,27.5,36,13.6,17
0.5,0.01,2.0,Iowa,55.5,47,72,53.5,30.6,31.5,40,0.6,6.0,66.6,66.0,74.6,71.0,71.4,73.0,81.0,82.5,88,49.9,56
1.0,0.01,0.5,Oklahoma,55.6,44,86,55.0,19.2,19.5,23,0.0,0.0,62.4,61.0,71.3,62.0,28.0,28.0,6.5,7.0,9,2.0,3
0.5,0.25,0.5,Kentucky,55.7,55,60,55.0,37.0,37.0,40,0.0,0.0,67.7,74.0,70.7,75.0,84.6,83.0,13.6,14.0,16,8.5,11
1.0,0.1,1.0,Indiana,55.8,42,69,60.0,62.8,62.5,68,0.0,0.0,65.2,64.5,71.0,70.5,82.3,83.5,13.8,14.0,19,7.7,9
0.5,0.1,2.0,Florida,55.8,53,60,53.0,10.7,11.0,13,0.0,0.0,60.3,60.0,65.7,63.0,43.2,28.0,27.6,28.5,31,22.5,25
1.0,0.1,1.0,Florida,55.8,53,60,53.0,10.1,10.0,14,0.0,0.0,60.0,60.0,63.5,61.5,35.0,28.0,28.8,28.0,33,23.0,24
0.5,0.25,2.0,Florida,55.8,53,60,53.0,10.5,11.0,12,0.0,0.0,60.0,60.0,62.8,60.0,49.0,63.0,25.1,25.0,28,23.2,25
1.0,0.1,2.0,Ohio,55.9,33,62,58.0,59.0,59.5,61,0.0,0.0,63.6,62.0,74.6,72.5,57.0,54.0,28.1,29.0,37,14.4,19
2.0,0.01,0.5,California,55.9,50,83,50.0,2.5,2.0,4,15.555555555555555,33.0,133.0,87.0,202.0,186.0,28.0,28.0,91.4,90.0,106,33.8,37
1.0,0.01,0.5,Arizona,56.2,51,79,54.0,8.5,8.5,10,0.1,1.0,74.6,71.0,93.6,95.5,45.9,28.0,11.8,12.5,18,1.4,3
1.0,0.25,1.0,South Dakota,56.2,51,58,58.0,46.1,46.0,47,0.0,0.0,61.0,64.0,62.4,65.0,74.9,78.0,11.1,11.0,13,2.0,4
0.5,0.25,1.0,South Dakota,56.3,51,58,58.0,42.3,42.0,45,0.0,0.0,61.0,63.0,62.4,64.0,77.5,78.0,9.1,9.0,10,1.9,4
0.5,0.1,0.5,Ohio,56.3,33,62,58.0,51.0,51.5,53,0.2,1.0,69.6,62.0,79.1,77.5,55.8,63.0,17.7,17.0,23,10.1,15
0.5,0.1,0.5,Florida,56.5,53,60,56.5,11.6,12.0,13,0.0,0.0,60.3,60.0,65.4,63.0,66.1,63.0,15.7,16.0,18,19.2,22
1.0,0.05,1.0,Florida,56.5,53,60,56.5,11.5,11.5,14,0.8,4.0,63.3,60.0,72.3,73.0,42.6,28.0,29.0,29.5,34,21.1,23
2.0,0.1,0.5,Florida,56.5,53,60,56.5,11.6,11.5,15,0.5,4.0,61.9,60.0,69.8,72.5,28.0,28.0,35.5,35.0,40,22.6,25
0.5,0.01,1.0,Iowa,56.5,47,84,52.0,26.5,27.0,32,0.2,2.0,65.6,61.0,72.2,69.5,62.8,63.0,73.3,75.5,80,48.9,57
2.0,0.25,0.5,Oregon,56.6,52,63,56.0,15.8,16.0,18,0.0,0.0,63.2,63.0,67.4,67.0,68.9,64.0,9.4,9.0,12,5.0,7
0.5,0.25,2.0,Oregon,56.6,52,63,56.0,15.0,15.0,16,0.0,0.0,62.8,63.0,67.4,67.0,73.5,70.5,8.4,8.0,14,5.9,7
2.0,0.25,0.5,Kentucky,56.6,55,61,55.0,47.9,48.0,50,0.0,0.0,67.2,72.0,73.2,74.5,81.8,83.0,25.6,25.0,31,13.1,16
0.5,0.25,1.0,Washington,56.6,49,65,56.0,10.0,10.0,11,0.8,1.0,71.0,71.0,74.6,74.0,79.2,92.0,21.8,22.0,25,14.9,16
0.5,0.1,0.5,South Dakota,56.7,53,58,58.0,33.9,34.0,35,0.0,0.0,62.1,64.0,63.6,66.0,75.0,78.0,8.4,8.5,11,1.1,3
0.5,0.25,0.5,Oregon,56.7,52,63,56.0,12.3,12.0,13,0.0,0.0,63.5,63.5,68.2,67.0,70.6,64.0,7.7,7.5,9,1.9,2
0.5,0.05,0.5,Minnesota,56.7,54,65,54.0,37.4,37.0,41,0.0,0.0,61.3,61.0,62.6,62.0,61.8,61.0,49.1,48.0,57,31.4,35
1.0,0.25,2.0,Kentucky,56.8,55,61,55.0,48.7,49.0,52,0.0,0.0,66.3,65.5,74.8,74.0,83.2,83.0,28.2,28.0,34,12.2,15
0.5,0.25,0.5,Washington,56.8,49,69,56.0,9.2,10.0,10,0.8,1.0,69.4,69.0,74.2,73.0,28.0,28.0,23.0,23.5,26,14.2,17
0.5,0.1,0.5,Vermont,56.9,50,84,51.0,12.0,12.0,13,0.6,2.0,86.0,89.0,100.4,96.0,99.6,92.0,4.5,5.0,6,2.0,4
2.0,0.25,2.0,Kentucky,56.9,55,74,55.0,49.1,49.5,51,0.0,0.0,66.8,67.5,74.5,74.5,84.8,83.0,26.0,26.0,30,14.0,17
0.5,0.25,1.0,Louisiana,57.0,57,57,57.0,2.5,2.5,3,0.0,0.0,61.0,61.0,118.2,87.0,,,0.0,0.0,0,0.0,0
1.0,0.05,2.0,Louisiana,57.0,57,57,57.0,4.0,4.0,5,0.0,0.0,61.0,61.0,212.1,226.0,304.0,304.0,1.2,1.0,2,0.0,0
1.0,0.25,0.5,Louisiana,57.0,57,57,57.0,4.4,4.0,5,0.0,0.0,61.0,61.0,154.0,156.5,,,0.0,0.0,0,0.0,0
1.0,0.05,0.5,Louisiana,57.0,57,57,57.0,3.3,3.0,5,0.0,0.0,77.5,61.0,213.11111111111111,226.0,,,0.0,0.0,0,0.0,0
1.0,0.25,2.0,Louisiana,57.0,57,57,57.0,4.4,4.0,6,0.0,0.0,61.0,61.0,196.3,226.0,304.0,304.0,1.6,2.0,2,0.0,0
2.0,0.25,1.0,Louisiana,57.0,57,57,57.0,5.4,5.0,6,0.0,0.0,61.0,61.0,198.2,226.0,304.0,304.0,1.7,2.0,2,0.0,0
2.0,0.05,1.0,Louisiana,57.0,57,57,57.0,4.4,4.5,5,0.0,0.0,61.0,61.0,212.1,226.0,304.0,304.0,1.3,1.0,2,0.0,0
0.5,0.25,2.0,Louisiana,57.0,57,57,57.0,4.8,5.0,6,0.0,0.0,61.0,61.0,152.1,156.5,304.0,304.0,1.8,2.0,2,0.0,0
0.5,0.05,0.5,Louisiana,57.0,57,57,57.0,2.3,2.0,3,0.0,0.0,79.8,61.0,249.0,249.0,,,0.0,0.0,0,0.0,0
0.5,0.25,0.5,Louisiana,57.0,57,57,57.0,2.4,2.0,4,0.0,0.0,61.0,61.0,132.66666666666666,81.0,,,0.0,0.0,0,0.0,0
1.0,0.25,1.0,Louisiana,57.0,57,57,57.0,4.7,5.0,6,0.0,0.0,61.0,61.0,138.2,87.0,304.0,304.0,1.5,1.5,2,0.0,0
2.0,0.25,2.0,Louisiana,57.0,57,57,57.0,8.1,8.0,9,0.0,0.0,61.0,61.0,182.4,226.0,304.0,304.0,1.5,1.5,2,0.0,0
2.0,0.05,0.5,Louisiana,57.0,57,57,57.0,3.9,4.0,4,0.0,0.0,61.0,61.0,226.0,226.0,304.0,304.0,1.2,1.0,2,0.0,0
2.0,0.25,0.5,Louisiana,57.0,57,57,57.0,4.9,5.0,6,0.0,0.0,61.0,61.0,167.9,226.0,304.0,304.0,1.6,2.0,2,0.0,0
2.0,0.05,2.0,Louisiana,57.0,57,57,57.0,6.6,6.5,8,0.0,0.0,61.0,61.0,212.1,226.0,304.0,304.0,1.2,1.0,2,0.0,0
2.0,0.1,1.0,Louisiana,57.0,57,57,57.0,5.4,5.5,6,0.0,0.0,61.0,61.0,198.2,226.0,276.4,304.0,1.6,2.0,2,0.0,0
1.0,0.1,0.5,Louisiana,57.0,57,57,57.0,4.1,4.0,5,0.0,0.0,61.0,61.0,196.3,226.0,,,0.0,0.0,0,0.0,0
0.5,0.1,1.0,Louisiana,57.0,57,57,57.0,2.3,2.0,3,0.0,0.0,61.0,61.0,195.0,249.0,,,0.0,0.0,0,0.0,0
1.0,0.1,2.0,Louisiana,57.0,57,57,57.0,4.2,4.0,5,0.0,0.0,61.0,61.0,226.0,226.0,304.0,304.0,1.3,1.0,2,0.0,0
2.0,0.1,2.0,Louisiana,57.0,57,57,57.0,7.2,7.0,8,0.0,0.0,61.0,61.0,198.2,226.0,304.0,304.0,1.4,1.0,2,0.0,0
2.0,0.1,0.5,Louisiana,57.0,57,57,57.0,4.0,4.0,4,0.0,0.0,61.0,61.0,226.0,226.0,304.0,304.0,1.2,1.0,2,0.0,0
0.5,0.1,2.0,Louisiana,57.0,57,57,57.0,4.1,4.0,5,0.0,0.0,61.0,61.0,198.2,226.0,304.0,304.0,1.3,1.0,2,0.0,0
1.0,0.1,1.0,Louisiana,57.0,57,57,57.0,4.2,4.0,5,0.0,0.0,61.0,61.0,198.2,226.0,304.0,304.0,1.4,1.0,2,0.0,0
0.5,0.1,0.5,Louisiana,57.0,57,57,57.0,2.7,2.5,4,0.0,0.0,61.0,61.0,119.4,87.0,,,0.0,0.0,0,0.0,0
0.5,0.25,2.0,South Dakota,57.0,53,58,58.0,46.2,46.0,48,0.0,0.0,62.3,64.0,63.4,65.0,81.2,79.0,10.0,10.0,13,1.7,2
0.5,0.25,1.0,Oregon,57.0,52,63,56.0,13.7,14.0,15,0.0,0.0,62.8,63.0,67.2,67.0,68.6,64.0,8.8,9.0,10,2.0,2
1.0,0.25,2.0,South Dakota,57.0,53,58,58.0,48.3,48.0,51,0.0,0.0,61.9,63.0,62.6,64.0,79.2,79.0,12.6,13.0,15,2.7,4
2.0,0.25,1.0,South Dakota,57.0,53,58,58.0,47.6,47.5,49,0.0,0.0,61.4,63.0,62.9,64.0,79.5,78.0,12.4,11.5,19,2.7,5
2.0,0.05,2.0,Ohio,57.1,33,62,58.0,57.7,58.0,63,0.2,1.0,69.8,62.0,86.0,91.0,36.7,28.0,25.5,25.5,31,13.6,19
0.5,0.25,1.0,Michigan,57.1,53,65,54.0,24.8,23.5,30,6.5,15.0,67.8,65.0,71.3,73.0,62.9,56.0,31.1,33.0,37,29.6,35
0.5,0.05,1.0,Florida,57.2,53,60,60.0,12.9,13.0,15,0.3,2.0,62.9,60.0,72.5,73.0,49.9,45.5,16.6,17.0,19,17.8,20
0.5,0.25,2.0,Wisconsin,57.2,39,63,59.0,45.3,46.5,49,0.1,1.0,61.6,63.0,62.5,63.0,28.0,28.0,99.0,96.5,116,21.6,28
1.0,0.1,0.5,Florida,57.2,53,60,60.0,10.9,11.0,13,0.1,1.0,60.6,60.0,66.4,66.0,58.4,63.0,24.2,23.5,30,21.9,24
2.0,0.1,1.0,Florida,57.2,53,60,60.0,10.2,10.0,12,0.0,0.0,60.0,60.0,67.1,68.0,46.7,45.5,37.5,37.5,41,24.1,26
0.5,0.25,0.5,South Dakota,57.3,51,58,58.0,36.1,36.0,37,0.0,0.0,63.1,64.0,64.5,65.0,79.2,78.0,8.2,8.0,11,0.8,1
1.0,0.05,2.0,South Dakota,57.3,53,58,58.0,44.5,45.0,47,0.1,1.0,63.2,64.5,65.2,68.0,78.8,78.0,14.7,15.0,19,3.0,4
0.5,0.05,1.0,Louisiana,57.4,57,61,57.0,2.7,3.0,4,0.0,0.0,63.1,61.0,237.5,237.5,,,0.0,0.0,0,0.0,0
1.0,0.05,1.0,Louisiana,57.4,57,61,57.0,3.7,4.0,5,0.0,0.0,63.1,61.0,242.8,226.0,304.0,304.0,1.1,1.0,2,0.0,0
1.0,0.1,0.5,South Dakota,57.4,55,58,58.0,42.5,42.0,44,0.0,0.0,62.8,63.5,64.8,66.0,79.5,78.0,11.1,11.0,14,1.6,2
2.0,0.25,1.0,Kentucky,57.4,55,74,55.0,48.4,49.0,51,0.0,0.0,68.3,74.0,73.2,75.0,83.6,83.0,29.4,29.5,33,12.8,16
1.0,0.25,2.0,New York,57.4,55,58,58.0,16.1,15.5,19,0.1,1.0,60.4,58.0,70.3,70.0,28.0,28.0,189.6,190.0,207,34.8,38
1.0,0.25,1.0,New York,57.4,55,58,58.0,14.2,14.0,19,0.0,0.0,60.4,58.0,67.7,64.0,28.0,28.0,190.4,191.0,206,36.4,40
1.0,0.01,2.0,Iowa,57.4,47,76,53.0,27.0,26.0,39,0.8,6.0,71.1,69.5,77.6,74.0,65.8,73.0,89.9,91.0,96,55.8,63
ALL,ALL,ALL,Nevada,57.49166666666667,52,137,54.0,5.227777777777778,5.0,6,0.0,0.0,61.375,54.0,75.27222222222223,62.0,106.26392961876833,111.0,2.3577712609970676,2.0,4,0.0,0
0.5,0.1,2.0,South Dakota,57.5,53,58,58.0,43.3,43.5,45,0.0,0.0,63.7,64.5,65.3,66.5,79.7,78.0,10.1,10.0,13,2.0,3
2.0,0.1,1.0,Vermont,57.5,50,93,51.0,11.9,12.0,14,0.4,2.0,79.4,78.0,101.2,96.5,92.7,92.0,7.7,7.0,12,2.1,4
2.0,0.25,0.5,South Dakota,57.5,53,58,58.0,47.2,47.0,49,0.0,0.0,62.4,63.5,63.6,64.0,85.5,93.0,11.8,11.5,14,2.4,4
1.0,0.1,2.0,South Dakota,57.5,53,58,58.0,46.4,46.0,48,0.0,0.0,63.8,64.0,65.9,67.0,82.5,78.0,13.4,13.0,18,2.7,4
2.0,0.25,2.0,South Dakota,57.5,53,58,58.0,47.8,48.0,50,0.1,1.0,63.0,64.0,64.0,65.0,79.8,78.0,13.1,14.0,15,3.0,4
2.0,0.1,2.0,South Dakota,57.5,53,58,58.0,46.9,47.0,49,0.0,0.0,64.3,65.0,66.0,67.5,81.8,78.0,12.8,12.0,18,3.5,5
1.0,0.25,0.5,Oregon,57.5,52,63,56.0,13.9,14.0,15,0.0,0.0,63.9,63.0,67.6,67.0,81.5,70.5,7.6,8.0,9,3.6,5
2.0,0.25,0.5,Wisconsin,57.5,39,63,59.0,44.3,44.5,49,0.1,1.0,61.6,63.0,62.4,63.0,28.0,28.0,98.1,98.0,105,22.2,29
2.0,0.25,2.0,Wisconsin,57.5,39,63,59.0,45.2,45.5,50,0.0,0.0,62.2,63.0,62.6,63.0,28.0,28.0,88.2,85.5,99,22.5,31
2.0,0.01,0.5,Iowa,57.5,47,61,61.0,29.1,28.5,35,0.1,1.0,68.1,69.5,72.8,72.0,70.6,73.0,87.0,87.0,92,53.2,57
0.5,0.1,1.0,Indiana,57.6,46,69,60.0,59.0,59.0,63,0.0,0.0,68.8,69.0,75.7,75.5,88.7,89.0,11.9,12.0,15,6.4,9
0.5,0.1,1.0,Ohio,57.6,56,58,58.0,52.4,52.5,56,0.0,0.0,62.2,62.0,73.4,72.0,68.8,80.0,21.8,22.0,29,11.8,17
1.0,0.01,0.5,Idaho,57.7,51,86,52.0,9.6,10.0,13,0.0,0.0,62.9,60.0,73.1,67.0,30.6,28.0,19.2,19.0,28,12.8,16
0.5,0.25,0.5,New York,57.7,55,58,58.0,15.1,15.0,19,0.2,2.0,61.0,58.0,67.2,64.0,28.0,28.0,149.7,151.0,155,29.4,33
0.5,0.05,2.0,Louisiana,57.8,57,61,57.0,3.5,3.0,5,0.0,0.0,81.7,61.0,212.3,226.0,276.4,304.0,1.3,1.0,2,0.0,0
2.0,0.25,2.0,Oregon,57.8,52,63,56.0,15.4,15.0,16,0.0,0.0,63.0,63.5,67.7,67.0,74.6,70.5,10.0,10.5,12,5.5,6
2.0,0.1,1.0,Ohio,57.8,56,58,58.0,59.2,59.5,64,0.0,0.0,61.6,62.0,71.0,72.0,57.0,69.0,27.9,27.5,33,13.7,16
1.0,0.25,0.5,Washington,57.8,49,73,56.0,10.1,10.0,11,0.7,1.0,70.8,71.0,74.2,73.0,92.0,92.0,22.5,22.5,25,15.7,17
0.5,0.05,0.5,Florida,57.8,53,73,56.5,12.4,12.0,15,0.5,4.0,64.2,60.0,70.6,73.0,65.1,63.0,12.8,12.0,16,16.3,19
1.0,0.1,2.0,Florida,57.9,53,60,60.0,10.4,11.0,11,0.0,0.0,60.3,60.0,68.7,73.0,35.0,28.0,36.4,36.0,40,24.0,25
ALL,ALL,ALL,Minnesota,57.92777777777778,50,88,54.0,42.297222222222224,43.0,55,0.005555555555555556,1.0,62.78333333333333,61.0,64.44166666666666,62.0,43.74166666666667,28.0,56.13611111111111,59.0,79,30.091666666666665,43
0.5,0.05,1.0,South Dakota,58.0,58,58,58.0,39.3,38.5,43,0.0,0.0,66.5,67.0,67.2,68.0,77.5,78.0,9.8,10.5,13,1.3,2
0.5,0.01,0.5,Arizona,58.0,51,97,54.0,8.2,8.0,10,0.3,2.0,73.0,63.0,91.4,95.5,69.0,67.0,8.5,9.5,11,1.4,3
0.5,0.1,1.0,South Dakota,58.0,58,58,58.0,41.2,41.0,43,0.0,0.0,63.5,64.0,65.6,66.0,82.5,78.0,8.0,8.0,12,1.7,3
1.0,0.1,1.0,South Dakota,58.0,58,58,58.0,44.4,44.0,47,0.0,0.0,65.6,65.5,67.2,68.0,82.5,78.0,10.6,11.0,11,1.7,3
0.5,0.1,1.0,Vermont,58.0,50,92,51.0,12.1,12.0,14,0.3,1.0,81.4,85.0,102.0,102.0,96.4,92.0,8.8,8.5,12,1.9,3
1.0,0.05,1.0,South Dakota,58.0,58,58,58.0,42.5,42.5,45,0.0,0.0,64.8,65.0,67.1,68.0,77.5,78.0,11.9,11.5,16,2.2,3
2.0,0.1,1.0,South Dakota,58.0,58,58,58.0,46.2,46.0,47,0.0,0.0,64.9,64.5,66.3,66.0,90.0,93.0,13.3,13.0,15,3.6,5
2.0,0.05,2.0,South Dakota,58.0,58,58,58.0,43.3,43.0,46,0.0,0.0,66.6,67.0,67.8,68.0,85.5,85.5,13.3,12.5,17,3.9,5
0.5,0.25,1.0,New York,58.0,58,58,58.0,13.8,13.5,17,0.4,2.0,64.0,61.0,72.2,75.0,28.0,28.0,181.7,182.0,193,34.6,38
2.0,0.1,0.5,South Dakota,58.1,53,64,58.0,45.2,45.0,47,0.0,0.0,64.9,65.5,65.9,67.0,84.0,85.5,12.1,12.0,16,3.1,5
0.5,0.25,1.0,Kentucky,58.1,55,74,55.0,43.2,43.0,46,0.0,0.0,66.4,67.5,72.2,74.5,82.2,83.0,20.6,20.5,24,9.4,12
1.0,0.25,1.0,Kentucky,58.1,55,74,55.0,48.1,49.0,51,0.0,0.0,67.3,74.0,69.1,75.0,82.2,83.0,23.9,24.5,26,11.9,16
2.0,0.25,1.0,Michigan,58.1,53,65,57.0,29.2,29.0,36,5.0,13.0,67.5,65.0,71.2,73.0,67.5,64.0,30.8,31.5,37,31.5,41
0.5,0.25,0.5,Wisconsin,58.2,39,63,59.0,43.4,43.5,48,0.0,0.0,62.0,63.0,63.5,63.0,28.0,28.0,79.0,78.0,98,21.1,25
2.0,0.05,2.0,Florida,58.2,53,63,60.0,11.0,11.0,15,0.1,1.0,61.8,60.0,70.4,73.0,45.8,28.0,39.1,40.5,46,23.0,26
1.0,0.05,0.5,Indiana,58.3,46,69,60.0,57.0,56.5,62,0.0,0.0,68.9,69.0,78.2,79.5,89.6,94.0,12.1,11.5,16,6.8,9
2.0,0.25,2.0,New York,58.3,55,64,58.0,16.4,16.0,20,0.0,0.0,61.6,58.0,67.3,64.0,28.0,28.0,183.0,181.0,201,34.5,36
1.0,0.25,0.5,New York,58.3,55,64,58.0,14.0,13.5,18,0.1,1.0,65.1,64.0,74.6,76.0,28.0,28.0,184.1,184.0,196,35.4,38
1.0,0.1,2.0,Oregon,58.4,52,63,56.0,14.9,15.0,16,0.0,0.0,64.4,63.5,67.8,67.0,81.8,82.0,9.1,9.0,10,5.1,6
1.0,0.1,1.0,Oregon,58.4,52,63,56.0,13.2,13.5,14,0.0,0.0,63.9,63.0,68.7,67.0,82.5,77.0,8.3,8.0,12,6.3,9
1.0,0.1,0.5,Indiana,58.5,46,69,60.0,60.9,61.0,64,0.0,0.0,69.1,69.0,73.3,72.0,86.3,88.5,11.9,11.5,15,7.4,11
2.0,0.1,1.0,Indiana,58.5,46,69,60.0,64.0,64.0,68,0.0,0.0,66.6,69.0,72.7,72.0,79.8,71.0,15.0,15.0,21,8.5,12
1.0,0.01,1.0,Idaho,58.5,51,86,52.0,10.4,10.5,13,0.0,0.0,65.2,58.0,72.2,64.5,47.1,28.0,24.5,24.0,36,15.2,17
2.0,0.05,1.0,Florida,58.5,53,73,60.0,11.1,11.0,13,0.0,0.0,62.0,60.0,68.9,73.0,31.5,28.0,37.5,36.5,46,23.2,25
1.0,0.05,0.5,South Dakota,58.6,58,64,58.0,40.2,40.0,42,0.0,0.0,65.6,66.5,67.5,68.0,85.5,85.5,10.9,11.0,14,1.7,4
0.5,0.1,2.0,Indiana,58.6,42,69,60.0,62.4,62.0,65,0.0,0.0,70.4,69.0,74.8,73.0,87.2,89.0,12.2,12.5,15,6.8,11
1.0,0.1,0.5,Ohio,58.6,56,62,58.0,53.7,54.0,58,0.1,1.0,64.6,62.0,76.6,72.0,70.8,80.0,27.2,28.5,31,11.9,15
0.5,0.25,2.0,Washington,58.6,49,73,63.0,10.2,10.0,12,0.8,1.0,68.6,69.0,72.8,73.0,85.6,92.0,22.7,22.5,25,15.8,17
0.5,0.01,2.0,California,58.6,50,83,53.0,3.2,3.5,6,8.333333333333334,34.0,113.0,83.0,110.83333333333333,105.5,28.0,28.0,85.8,88.0,94,33.2,36
0.5,0.25,2.0,New York,58.6,55,64,58.0,15.6,16.0,18,0.0,0.0,63.4,61.0,73.0,75.5,28.0,28.0,196.1,193.5,214,35.3,37
2.0,0.25,0.5,New York,58.6,55,64,58.0,15.3,16.0,17,0.1,1.0,63.3,64.0,70.1,71.0,28.0,28.0,189.1,189.0,205,35.4,37
2.0,0.01,0.5,Arizona,58.7,51,82,54.0,9.7,10.0,11,0.0,0.0,74.9,72.5,94.7,96.0,57.2,67.0,13.2,13.0,24,1.2,3
2.0,0.1,2.0,Oregon,58.7,52,63,59.5,15.5,15.5,18,0.0,0.0,64.4,65.5,68.9,68.0,79.1,70.5,8.9,9.0,12,4.7,6
1.0,0.25,2.0,Oregon,58.7,52,63,58.5,15.4,15.0,17,0.0,0.0,64.3,65.0,68.3,68.0,72.9,64.0,9.7,9.0,13,5.4,6
2.0,0.1,0.5,Vermont,58.8,50,78,51.0,12.4,13.0,13,0.6,1.0,80.1,86.0,97.2,96.5,86.4,92.0,7.8,8.0,11,1.6,3
0.5,0.1,1.0,Kentucky,58.9,55,74,55.0,39.1,39.5,41,0.0,0.0,71.4,74.0,76.8,75.0,88.8,89.0,15.3,15.5,18,9.2,11
1.0,0.25,1.0,Wisconsin,58.9,56,63,59.0,45.5,45.0,49,0.0,0.0,60.9,61.0,62.1,63.0,28.0,28.0,97.6,98.0,107,21.5,25
2.0,0.05,1.0,South Dakota,59.0,56,64,58.0,43.9,45.0,46,0.0,0.0,65.3,66.0,66.5,68.0,82.5,78.0,12.9,13.0,17,3.6,6
0.5,0.25,0.5,Georgia,59.0,58,63,58.0,28.0,28.0,30,0.0,0.0,64.2,63.0,69.9,69.0,64.0,64.0,3.7,3.0,5,3.9,6
0.5,0.25,2.0,Georgia,59.0,58,63,58.0,49.3,49.0,52,0.0,0.0,64.2,63.0,70.2,69.0,64.0,64.0,5.6,6.0,7,5.9,8
2.0,0.25,1.0,Georgia,59.0,58,63,58.0,50.0,49.5,52,0.0,0.0,64.5,63.0,71.1,69.0,65.5,64.0,6.9,7.0,9,11.8,13
0.5,0.05,2.0,Ohio,59.0,33,77,60.0,54.9,54.0,60,0.4,2.0,75.4,73.0,89.0,93.0,44.1,28.0,29.7,29.5,36,11.8,15
1.0,0.25,2.0,Pennsylvania,59.0,59,59,59.0,46.4,47.0,50,0.3,2.0,63.1,60.0,65.9,61.0,31.5,28.0,39.7,39.0,46,12.5,16
0.5,0.25,2.0,Pennsylvania,59.0,59,59,59.0,45.6,46.5,50,0.5,2.0,65.7,60.0,67.8,61.0,35.1,28.0,41.6,41.5,54,13.0,17
2.0,0.25,0.5,Pennsylvania,59.0,59,59,59.0,45.4,45.0,50,1.0,2.0,70.0,75.0,74.1,77.0,28.0,28.0,40.3,39.5,54,13.0,18
0.5,0.25,0.5,Pennsylvania,59.0,59,59,59.0,37.9,37.5,44,0.2,2.0,61.8,60.0,63.8,61.0,28.0,28.0,36.8,35.0,53,13.6,18
2.0,0.25,1.0,Pennsylvania,59.0,59,59,59.0,45.3,45.0,49,0.3,2.0,63.0,60.0,64.9,61.0,28.0,28.0,43.0,43.0,50,13.8,17
2.0,0.25,2.0,Pennsylvania,59.0,59,59,59.0,44.8,44.5,50,0.4,2.0,64.8,60.5,68.5,67.0,31.6,28.0,42.6,43.5,52,14.0,18
1.0,0.25,0.5,Pennsylvania,59.1,59,60,59.0,44.6,44.5,50,0.2,1.0,62.7,60.5,66.8,63.0,31.5,28.0,41.3,41.5,46,11.4,16
1.0,0.25,1.0,Pennsylvania,59.1,59,60,59.0,45.3,45.5,49,0.2,2.0,61.9,60.0,65.2,61.0,35.1,28.0,42.0,40.0,55,13.1,19
0.5,0.05,2.0,Florida,59.1,53,72,60.0,12.6,12.0,16,0.5,3.0,65.1,60.0,71.4,73.0,47.9,45.5,25.6,25.0,30,19.6,22
1.0,0.05,2.0,Florida,59.1,53,72,60.0,12.2,12.5,16,0.4,4.0,62.9,60.0,73.8,73.0,31.5,28.0,34.7,34.0,41,22.1,25
2.0,0.05,0.5,Florida,59.1,53,72,60.0,11.4,12.0,14,0.6,5.0,65.7,61.5,72.2,73.0,39.5,28.0,33.0,32.5,38,22.4,24
1.0,0.01,1.0,California,59.1,50,95,50.0,2.6,2.5,5,10.222222222222221,33.0,111.44444444444444,83.0,249.6,165.0,28.0,28.0,88.2,88.0,99,33.5,36
0.5,0.05,0.5,South Dakota,59.2,58,64,58.0,32.9,33.5,35,0.0,0.0,66.4,66.0,67.9,68.0,87.2,93.0,8.1,8.0,11,0.8,2
2.0,0.1,0.5,Ohio,59.2,58,62,58.0,58.1,58.0,61,0.1,1.0,66.3,62.0,76.4,74.0,50.6,45.5,28.5,28.0,34,13.6,16
2.0,0.25,1.0,Wisconsin,59.2,56,63,59.0,44.4,44.0,48,0.0,0.0,60.5,60.0,62.2,63.0,28.0,28.0,93.4,93.0,99,22.8,25
2.0,0.25,0.5,Michigan,59.2,53,65,61.5,26.2,27.0,30,1.8,9.0,62.8,65.0,73.7,74.5,66.8,67.0,30.6,29.5,41,34.2,42
2.0,0.1,1.0,New York,59.2,58,64,58.0,14.5,15.0,20,0.3,1.0,71.3,73.5,81.0,81.0,28.0,28.0,190.9,193.0,200,35.7,41
0.5,0.1,1.0,Oregon,59.4,52,63,63.0,12.3,12.0,13,0.0,0.0,66.0,67.0,69.8,69.0,77.6,70.5,7.4,8.0,10,2.0,3
1.0,0.01,2.0,Idaho,59.4,51,86,52.0,10.7,11.0,14,0.2,2.0,72.4,63.5,79.5,71.5,43.1,28.0,23.9,22.0,31,15.8,20
0.5,0.25,1.0,Wisconsin,59.4,56,63,59.0,43.7,45.0,48,0.0,0.0,61.5,63.0,62.5,63.0,28.0,28.0,93.4,96.0,103,22.7,28
0.5,0.05,2.0,South Dakota,59.5,58,67,58.0,42.5,43.0,44,0.0,0.0,65.7,65.5,67.6,68.0,77.0,93.0,11.1,11.5,14,2.3,4
0.5,0.25,1.0,Georgia,59.5,58,63,58.0,38.1,38.5,40,0.0,0.0,65.1,63.0,71.1,69.0,64.0,64.0,3.8,4.0,4,5.5,9
1.0,0.25,0.5,Georgia,59.5,58,63,58.0,45.1,45.0,47,0.0,0.0,65.1,63.0,71.4,69.0,64.0,64.0,6.3,6.5,9,6.3,9
2.0,0.25,0.5,Georgia,59.5,58,63,58.0,49.0,49.5,51,0.0,0.0,65.1,63.0,71.1,69.0,67.0,64.0,7.1,7.0,8,11.3,14
1.0,0.05,0.5,Ohio,59.6,58,62,58.0,51.8,52.0,54,0.4,1.0,75.8,73.0,86.9,91.0,41.9,28.0,26.2,27.5,29,10.9,14
1.0,0.01,0.5,Nebraska,59.7,49,85,51.5,22.5,22.5,25,0.0,0.0,77.4,81.0,86.9,85.0,46.3,28.0,5.2,5.0,8,5.3,9
0.5,0.05,1.0,Oregon,59.8,52,63,63.0,12.1,12.0,14,0.0,0.0,66.0,67.0,70.1,70.5,80.5,77.0,7.2,6.5,10,1.5,3
2.0,0.1,1.0,Oregon,59.8,52,63,63.0,15.2,15.0,17,0.0,0.0,65.5,67.0,68.8,69.0,71.5,70.5,10.1,10.5,12,5.3,7
2.0,0.25,0.5,Washington,59.8,49,73,63.0,10.3,10.5,12,0.6,1.0,70.8,71.0,74.3,74.0,85.6,92.0,22.2,22.0,26,15.5,17
0.5,0.1,0.5,Indiana,59.9,46,69,60.0,52.0,52.0,56,0.0,0.0,69.7,69.0,74.4,75.5,83.9,85.5,11.9,12.0,13,7.6,11
2.0,0.1,2.0,Wisconsin,59.9,56,63,59.0,44.4,43.5,51,0.0,0.0,62.7,63.0,63.8,63.0,28.0,28.0,86.7,87.0,93,22.1,27
1.0,0.05,0.5,Florida,60.1,53,72,60.0,12.8,12.5,16,0.9,4.0,65.4,61.5,74.2,73.0,52.1,63.0,23.1,23.0,28,19.6,22
0.5,0.25,0.5,Michigan,60.1,53,65,60.0,25.4,25.5,32,3.3,14.0,67.3,65.0,73.4,73.0,70.5,70.0,24.2,22.5,35,26.5,34
2.0,0.1,2.0,Vermont,60.2,50,93,51.0,12.6,13.0,14,0.2,1.0,74.7,78.0,97.3,98.5,94.3,92.0,8.5,9.0,13,1.4,3
0.5,0.05,2.0,Vermont,60.2,50,99,51.0,11.4,11.5,12,0.5,2.0,98.6,95.5,114.8,113.5,101.5,98.0,9.6,9.0,14,2.6,4
2.0,0.05,0.5,South Dakota,60.2,56,65,58.0,43.1,43.0,46,0.0,0.0,65.0,65.0,66.7,68.0,79.0,78.0,12.5,12.5,15,3.1,5
2.0,0.01,0.5,Idaho,60.2,51,86,52.0,9.6,10.5,13,0.0,0.0,67.9,61.0,77.3,67.0,36.3,28.0,25.6,25.0,29,16.3,21
0.5,0.1,0.5,Wisconsin,60.2,56,63,60.0,42.1,43.0,45,0.0,0.0,62.1,63.0,63.5,63.0,28.0,28.0,75.5,76.5,80,22.1,28
1.0,0.05,2.0,Wisconsin,60.2,56,64,61.0,41.0,41.0,46,0.0,0.0,64.3,64.0,66.3,67.0,28.0,28.0,85.6,85.0,96,23.4,27
2.0,0.01,2.0,Idaho,60.3,51,100,52.0,10.1,10.0,12,0.9,7.0,70.6,64.5,79.0,70.0,45.0,28.0,25.7,25.5,33,16.1,18
0.5,0.01,1.0,Louisiana,60.333333333333336,57,61,61.0,2.1666666666666665,2.0,3,0.0,0.0,229.4,226.0,333.5,333.5,,,0.0,0.0,0,0.0,0
1.0,0.1,0.5,Vermont,60.4,50,84,50.5,11.9,12.0,13,0.5,2.0,75.4,86.0,99.9,96.5,92.4,92.0,8.3,8.5,11,2.1,4
1.0,0.1,0.5,Wisconsin,60.4,56,63,61.0,42.6,42.5,47,0.0,0.0,62.1,63.0,63.8,64.0,28.0,28.0,91.0,91.0,97,22.8,26
2.0,0.25,1.0,New York,60.4,58,76,58.0,14.8,14.5,18,0.0,0.0,65.7,63.5,69.6,64.0,28.0,28.0,184.4,185.0,195,36.2,39
ALL,ALL,ALL,South Dakota,60.480555555555554,51,99,58.0,40.875,43.0,51,0.005555555555555556,1.0,67.05277777777778,65.0,69.17777777777778,68.0,77.48333333333333,78.0,10.716666666666667,11.0,19,2.3777777777777778,7
1.0,0.1,0.5,Oregon,60.5,52,63,63.0,12.2,12.0,14,0.0,0.0,64.6,67.0,69.1,69.0,81.1,77.0,7.2,7.5,9,3.1,4
2.0,0.1,0.5,Oregon,60.5,52,63,63.0,14.8,15.0,17,0.0,0.0,65.9,67.0,69.6,69.0,79.8,77.0,9.2,9.0,11,5.3,7
0.5,0.1,2.0,Oregon,60.5,52,63,63.0,13.8,14.0,16,0.0,0.0,64.9,67.0,69.3,69.0,84.0,87.0,7.8,7.5,10,5.4,7
0.5,0.01,0.5,Idaho,60.5,51,86,52.0,9.8,10.0,12,0.1,1.0,69.9,63.5,78.1,68.0,34.4,28.0,15.4,15.0,21,10.5,12
2.0,0.1,2.0,Pennsylvania,60.5,59,73,59.0,45.7,45.5,49,1.0,2.0,75.5,77.0,80.7,82.5,38.2,28.0,36.1,36.0,45,11.3,15
1.0,0.25,2.0,Georgia,60.5,58,63,60.5,48.7,49.0,51,0.0,0.0,66.3,66.0,71.7,70.5,67.0,64.0,7.4,7.0,11,12.3,15
1.0,0.1,2.0,Wisconsin,60.5,56,63,60.0,43.8,43.5,46,0.0,0.0,62.7,63.0,64.3,64.0,28.0,28.0,90.0,88.0,104,22.2,23
0.5,0.25,2.0,Michigan,60.5,53,73,60.0,29.1,28.0,35,2.7,13.0,67.6,65.0,69.7,66.5,68.5,70.5,32.1,30.5,43,29.5,34
0.5,0.01,1.0,California,60.5,50,83,50.0,2.4,2.0,4,8.777777777777779,31.0,92.77777777777777,83.0,91.5,92.0,28.0,28.0,79.6,78.0,89,32.1,34
1.0,0.05,1.0,Indiana,60.8,46,69,60.0,60.3,61.0,62,0.0,0.0,70.0,69.0,79.9,80.5,88.0,94.0,12.3,12.5,16,6.6,10
0.5,0.1,1.0,Wisconsin,60.8,59,63,60.0,41.2,41.5,46,0.0,0.0,63.0,63.0,64.7,64.0,28.0,28.0,87.2,88.0,91,23.7,29
2.0,0.01,2.0,California,60.8,50,92,50.0,2.4,2.5,3,17.22222222222222,34.0,162.33333333333334,91.0,302.2,344.0,28.0,28.0,85.8,86.0,93,34.5,36
1.0,0.1,2.0,Pennsylvania,60.9,59,77,59.0,48.1,48.0,53,0.4,2.0,68.4,61.0,75.2,73.0,56.3,45.5,33.2,34.0,40,9.8,13
0.5,0.25,1.0,Pennsylvania,60.9,59,77,59.0,42.9,43.5,46,0.4,2.0,65.5,60.5,68.1,63.0,28.0,28.0,38.3,39.5,45,11.2,15
1.0,0.01,0.5,Nevada,61.0,54,81,54.0,4.3,4.0,5,0.0,0.0,69.3,62.0,99.7,97.0,55.75,28.0,2.0,2.0,3,0.0,0
2.0,0.25,2.0,Georgia,61.0,58,63,63.0,50.8,50.5,54,0.0,0.0,66.9,69.0,72.0,72.0,64.0,64.0,7.5,7.0,11,12.2,14
2.0,0.25,2.0,Washington,61.0,49,69,69.0,12.3,12.0,14,0.4,1.0,71.8,73.0,74.6,75.0,79.2,92.0,22.9,23.0,25,14.8,17
1.0,0.25,2.0,Washington,61.0,49,69,64.0,10.6,10.5,12,0.6,1.0,71.0,71.0,74.3,74.0,85.6,92.0,22.2,22.0,25,15.3,17
1.0,0.1,1.0,Wisconsin,61.0,59,63,61.0,43.8,44.0,49,0.0,0.0,63.0,63.0,64.8,64.0,28.0,28.0,91.0,92.0,97,22.0,27
2.0,0.05,1.0,Oregon,61.1,56,67,63.0,14.7,15.0,17,0.0,0.0,65.8,67.0,70.0,72.0,82.1,77.0,8.9,9.0,12,4.6,7
1.0,0.1,2.0,Vermont,61.2,50,97,51.0,12.2,12.0,13,0.4,1.0,76.2,78.0,98.1,96.0,96.6,92.0,8.6,8.5,12,1.8,3
1.0,0.1,1.0,Pennsylvania,61.2,59,77,59.0,45.5,44.5,50,0.4,2.0,71.3,67.0,79.2,75.0,62.2,63.0,33.6,32.5,45,12.0,16
1.0,0.05,1.0,Oregon,61.3,52,67,63.0,15.0,15.0,17,0.0,0.0,66.4,67.0,69.6,69.0,90.0,91.0,7.4,7.0,12,4.3,6
0.5,0.1,1.0,Pennsylvania,61.3,59,77,59.0,42.7,42.5,49,0.6,2.0,74.1,73.0,79.5,78.5,42.1,28.0,32.9,32.5,40,10.2,19
0.5,0.25,2.0,Kentucky,61.3,55,74,55.5,45.7,46.0,48,0.0,0.0,66.3,67.5,72.5,74.5,82.8,83.0,24.3,25.0,28,11.2,13
0.5,0.1,2.0,Wisconsin,61.4,56,64,63.0,42.6,42.0,48,0.0,0.0,62.7,63.0,63.5,63.0,28.0,28.0,93.0,92.5,99,23.7,30
ALL,ALL,ALL,Florida,61.46111111111111,53,130,60.0,11.330555555555556,11.0,18,0.46111111111111114,8.0,69.13333333333334,60.0,77.81944444444444,73.0,51.638888888888886,63.0,26.322222222222223,28.0,46,20.855555555555554,27
1.0,0.25,1.0,Georgia,61.5,58,63,63.0,49.1,49.0,51,0.0,0.0,67.5,69.0,72.3,72.0,67.0,64.0,6.7,6.5,8,6.8,8
2.0,0.1,0.5,Indiana,61.5,46,69,64.5,63.9,63.5,67,0.0,0.0,68.3,70.5,74.7,79.5,65.6,71.5,14.3,14.0,18,7.5,10
2.0,0.1,2.0,Indiana,61.5,46,69,64.5,63.8,63.5,67,0.0,0.0,69.9,69.5,73.4,72.5,80.6,89.0,14.7,15.0,17,9.2,12
0.5,0.1,1.0,New York,61.5,58,81,58.0,13.9,14.0,18,0.4,2.0,73.1,76.0,82.1,81.0,28.0,28.0,183.4,186.0,194,34.2,39
2.0,0.1,1.0,Wisconsin,61.6,59,63,63.0,43.4,43.0,46,0.0,0.0,63.3,63.0,65.2,65.5,28.0,28.0,88.5,87.5,101,22.9,25
1.0,0.05,1.0,Wisconsin,61.6,56,67,63.0,40.6,41.0,44,0.0,0.0,65.0,63.0,67.4,67.0,28.0,28.0,85.3,87.5,94,24.3,29
1.0,0.25,0.5,Michigan,61.6,53,74,61.5,28.6,28.0,37,1.9,10.0,66.4,65.0,69.6,70.0,70.2,68.0,25.8,25.5,33,27.2,34
1.0,0.1,1.0,Vermont,61.7,50,92,51.0,12.4,12.5,13,0.1,1.0,83.8,88.0,101.1,98.0,101.4,92.0,7.5,7.0,14,1.6,3
1.0,0.05,2.0,Oregon,61.8,52,67,63.0,14.6,15.0,16,0.0,0.0,65.9,67.0,69.7,69.5,100.4,98.0,7.8,7.5,11,4.9,6
2.0,0.1,0.5,Wisconsin,61.8,59,63,63.0,43.0,44.0,49,0.0,0.0,62.8,63.0,65.0,64.0,28.0,28.0,87.2,86.0,96,22.8,30
2.0,0.1,1.0,Kentucky,61.9,55,74,58.0,45.2,46.0,49,0.0,0.0,72.9,74.0,76.5,75.0,87.8,89.0,24.2,23.5,33,13.1,16
0.5,0.05,1.0,Wisconsin,61.9,59,64,63.0,38.2,39.0,41,0.0,0.0,65.0,63.0,67.8,67.5,28.0,28.0,84.3,83.0,94,25.0,29
1.0,0.25,1.0,Michigan,61.9,53,67,63.0,28.5,29.5,33,2.4,18.0,66.9,65.0,69.7,68.5,66.2,67.0,32.0,31.5,40,30.9,38
1.0,0.01,2.0,California,61.9,50,83,50.0,3.5,3.0,6,5.7,14.0,81.7,83.0,202.375,221.0,28.0,28.0,89.0,88.5,104,32.7,35
1.0,0.05,0.5,Oregon,62.0,56,67,63.0,12.0,12.0,14,0.0,0.0,66.2,67.0,70.2,72.0,82.7,77.0,7.7,8.0,10,3.0,4
0.5,0.1,1.0,Georgia,62.0,58,63,63.0,35.9,36.0,39,0.0,0.0,68.7,69.0,76.5,72.0,68.5,64.0,4.2,4.0,7,3.5,6
2.0,0.1,2.0,Georgia,62.0,58,63,63.0,51.1,51.0,55,0.0,0.0,69.0,69.0,78.0,78.0,72.9,64.0,6.1,6.0,8,9.9,13
0.5,0.05,0.5,Oregon,62.1,56,63,63.0,11.8,12.0,13,0.0,0.0,67.0,67.0,71.4,72.0,73.6,70.5,7.8,7.5,11,1.2,2
2.0,0.05,0.5,Wisconsin,62.1,56,64,63.0,41.2,41.5,47,0.0,0.0,66.7,67.0,69.5,69.0,28.0,28.0,82.6,83.0,95,23.8,28
1.0,0.1,2.0,Georgia,62.2,58,69,63.0,50.0,50.0,53,0.0,0.0,69.0,69.0,77.2,72.0,83.1,71.5,5.7,5.5,8,7.6,10
1.0,0.25,2.0,Michigan,62.3,53,76,63.0,30.7,31.5,36,2.5,12.0,66.8,65.0,70.0,67.5,71.8,71.5,31.0,29.5,41,30.3,38
2.0,0.05,0.5,Oregon,62.4,52,67,63.0,13.7,13.5,16,0.0,0.0,66.1,67.0,70.4,69.5,91.9,91.0,7.4,6.0,11,5.5,8
1.0,0.25,1.0,Washington,62.4,49,73,65.0,10.3,10.0,12,0.6,1.0,71.8,73.0,74.5,75.0,85.6,92.0,22.7,22.0,26,15.5,17
2.0,0.05,1.0,Wisconsin,62.4,56,64,63.0,40.8,40.5,47,0.0,0.0,64.3,63.5,68.0,67.5,28.0,28.0,83.2,86.0,92,23.7,31
0.5,0.1,0.5,Oregon,62.5,56,67,63.0,11.4,11.5,12,0.0,0.0,66.2,67.0,69.1,69.0,89.2,87.0,6.6,6.5,8,1.6,2
2.0,0.05,1.0,Vermont,62.5,50,99,51.0,11.2,11.0,12,0.2,1.0,82.8,87.5,113.9,119.5,104.5,92.0,9.0,9.5,12,2.8,3
1.0,0.05,0.5,Wisconsin,62.5,59,64,63.0,38.9,40.0,42,0.0,0.0,65.5,65.0,69.4,69.0,28.0,28.0,79.6,79.5,87,25.1,29
2.0,0.1,0.5,New York,62.5,58,79,58.0,13.9,13.5,19,0.4,2.0,72.3,77.5,84.7,81.0,28.0,28.0,188.4,185.0,204,36.0,39
2.0,0.01,1.0,Wyoming,62.6,50,71,69.0,9.3,9.0,12,0.0,0.0,87.9,71.0,108.7,107.5,119.44444444444444,129.0,2.111111111111111,2.0,4,0.5,1
2.0,0.05,0.5,Indiana,62.6,46,69,69.0,61.0,61.0,64,0.0,0.0,72.0,72.0,75.9,73.5,65.9,83.0,11.8,12.5,14,7.5,10
2.0,0.05,2.0,Wisconsin,62.6,59,67,63.0,41.7,41.5,46,0.0,0.0,65.7,65.5,68.8,68.5,28.0,28.0,80.7,79.0,94,23.8,29
2.0,0.25,2.0,Michigan,62.6,53,77,61.5,29.8,29.5,39,1.4,10.0,66.4,65.0,68.9,66.5,72.6,71.0,31.2,30.5,40,31.5,38
2.0,0.05,2.0,Oregon,62.7,56,70,63.0,14.8,15.0,17,0.0,0.0,67.0,67.0,71.8,72.0,86.5,77.0,8.6,8.5,12,4.3,7
2.0,0.05,1.0,Ohio,62.7,58,93,58.0,57.7,57.0,61,0.3,1.0,81.3,91.0,91.2,93.0,48.6,28.0,25.8,25.5,33,12.1,17
1.0,0.1,2.0,New York,62.7,58,81,58.0,13.4,13.0,18,0.5,3.0,73.1,76.0,85.4,81.0,28.0,28.0,189.6,188.0,211,36.5,41
1.0,0.1,0.5,Pennsylvania,62.9,59,79,59.5,44.4,45.5,48,0.4,2.0,74.3,77.0,79.1,82.0,48.5,28.0,34.3,34.5,39,9.7,14
1.0,0.1,1.0,Georgia,63.0,63,63,63.0,46.2,46.0,50,0.0,0.0,73.6,72.0,81.4,84.0,70.0,64.0,5.9,5.5,8,5.4,7
0.5,0.05,0.5,Wisconsin,63.0,59,67,63.0,38.6,38.5,42,0.0,0.0,67.0,65.5,70.5,69.0,28.0,28.0,68.9,69.5,76,22.8,25
1.0,0.01,1.0,Arizona,63.1,51,97,54.0,9.9,10.0,11,0.0,0.0,75.7,72.5,93.2,96.0,31.9,28.0,11.3,11.0,14,0.8,1
1.0,0.1,2.0,Indiana,63.1,46,69,64.5,63.2,64.0,66,0.0,0.0,70.8,70.5,76.2,74.5,82.4,83.0,13.3,13.5,18,8.5,12
2.0,0.1,1.0,Georgia,63.1,58,69,63.0,48.7,48.5,52,0.0,0.0,69.0,69.0,74.5,72.0,69.9,64.0,5.8,5.5,9,9.4,12
2.0,0.1,2.0,Kentucky,63.1,55,74,57.5,47.1,47.5,51,0.0,0.0,73.5,74.0,76.9,75.0,87.8,89.0,24.4,25.0,30,12.1,19
0.5,0.05,2.0,Wisconsin,63.1,63,64,63.0,41.3,41.5,45,0.0,0.0,66.6,64.0,69.7,68.0,28.0,28.0,87.4,88.5,95,23.5,28
2.0,0.25,1.0,Washington,63.2,49,73,69.0,11.0,11.0,13,0.4,1.0,71.8,73.0,74.5,75.0,77.9,92.0,22.5,22.5,28,14.9,16
0.5,0.01,2.0,Idaho,63.2,51,86,57.0,8.0,8.0,12,1.1,6.0,78.5,79.5,92.5,89.0,36.2,28.0,24.9,25.5,30,16.3,20
2.0,0.01,0.5,Nevada,63.3,54,97,54.0,4.6,5.0,5,0.0,0.0,75.6,67.5,114.5,116.0,72.1,28.0,1.7,1.5,3,0.0,0
0.5,0.05,2.0,Oregon,63.3,56,69,63.0,13.7,14.0,15,0.0,0.0,67.7,67.0,71.2,70.5,84.0,77.0,8.1,8.0,12,4.7,5
1.0,0.1,0.5,Kentucky,63.3,55,74,58.0,40.9,41.0,44,0.0,0.0,73.0,74.0,75.6,77.0,85.6,89.0,18.7,18.5,23,9.5,13
0.5,0.01,0.5,Nevada,63.4,54,105,54.0,4.0,4.0,5,0.0,0.0,75.2,62.0,102.7,92.5,38.8,28.0,1.1,1.0,2,0.0,0
1.0,0.01,2.0,Wyoming,63.4,50,71,69.0,8.8,9.5,12,0.0,0.0,70.1,71.0,111.3,96.0,91.8,106.0,3.0,3.0,5,0.3,1
2.0,0.01,2.0,Arizona,63.4,51,95,54.0,9.1,9.5,10,0.2,2.0,72.4,63.0,93.7,95.0,58.1,67.0,12.7,11.5,20,1.7,3
ALL,ALL,ALL,Indiana,63.483333333333334,42,113,69.0,57.13611111111111,60.0,70,0.002777777777777778,1.0,73.77222222222223,71.5,79.56944444444444,79.0,84.64623955431755,88.0,11.391666666666667,12.0,21,7.805555555555555,14
0.5,0.05,0.5,Ohio,63.5,58,91,58.0,47.2,47.0,51,0.2,1.0,72.6,62.0,88.7,91.5,71.2,80.0,18.7,19.5,26,7.9,11
0.5,0.01,1.0,Idaho,63.6,51,89,58.5,8.9,9.0,13,0.6,3.0,74.1,62.0,78.5,67.0,44.2,28.0,20.7,20.5,30,12.5,17
ALL,ALL,ALL,Wisconsin,63.62222222222222,39,100,63.0,41.025,41.0,51,0.008333333333333333,1.0,68.18888888888888,63.0,71.32777777777778,67.0,29.2,28.0,82.29722222222222,84.0,120,23.130555555555556,33
1.0,0.01,0.5,Wyoming,63.7,50,71,69.0,6.3,6.5,8,0.0,0.0,69.5,71.0,88.7,86.0,117.7,129.0,1.8,2.0,3,0.0,0
0.5,0.1,0.5,Georgia,63.7,58,69,63.0,25.1,24.5,28,0.0,0.0,69.9,70.5,78.1,78.0,71.3,64.0,3.7,4.0,5,3.3,6
0.5,0.01,1.0,Nebraska,63.8,51,97,52.0,20.6,20.5,23,0.0,0.0,80.0,81.0,90.5,91.0,102.5,95.5,2.6,2.5,5,4.4,7
1.0,0.01,2.0,Nebraska,63.8,51,85,52.0,32.4,32.5,36,0.0,0.0,83.2,83.0,97.1,97.0,54.4,28.0,5.6,6.5,11,8.3,14
0.5,0.05,1.0,Georgia,64.0,58,72,63.0,34.1,33.0,41,0.0,0.0,75.7,72.0,86.8,88.0,80.2,71.5,4.2,4.5,6,1.8,4
0.5,0.25,0.5,Virginia,64.0,64,64,64.0,11.7,11.5,14,0.0,0.0,78.0,78.0,85.3,85.5,88.7,87.0,6.8,6.5,10,2.0,3
1.0,0.1,0.5,Georgia,64.0,58,72,63.0,43.0,42.5,48,0.0,0.0,72.1,72.0,80.9,84.0,78.8,79.0,5.6,5.5,9,4.2,5
0.5,0.25,1.0,Virginia,64.0,64,64,64.0,21.4,21.0,25,0.0,0.0,76.0,73.0,78.4,73.0,82.2,87.0,10.7,11.0,13,5.0,7
0.5,0.25,2.0,Virginia,64.0,64,64,64.0,29.3,29.0,31,0.0,0.0,78.0,78.0,82.7,84.5,77.5,87.0,12.4,12.5,15,5.2,7
1.0,0.25,0.5,Virginia,64.0,64,64,64.0,24.4,25.0,26,0.0,0.0,76.3,78.0,82.8,85.0,76.3,81.0,10.6,10.5,14,6.2,7
0.5,0.05,0.5,Indiana,64.0,46,69,69.0,49.0,50.0,53,0.0,0.0,75.4,74.0,79.2,79.5,89.1,94.0,11.9,11.5,17,7.0,9
2.0,0.05,1.0,Indiana,64.0,46,69,69.0,61.9,62.0,66,0.0,0.0,72.8,72.0,82.4,85.5,65.9,70.0,14.1,14.0,18,7.9,10
2.0,0.25,2.0,Virginia,64.0,64,64,64.0,32.4,33.0,35,0.0,0.0,76.0,73.0,81.7,83.0,82.2,87.0,14.9,15.0,20,8.3,11
2.0,0.05,2.0,Indiana,64.0,42,69,69.0,60.1,60.0,62,0.0,0.0,73.4,72.0,79.7,80.0,86.4,94.0,13.3,12.5,17,9.5,11
0.5,0.1,1.0,Washington,64.0,49,73,69.0,9.9,10.0,12,0.5,1.0,72.6,73.0,77.4,77.0,84.4,92.0,23.9,24.0,27,14.6,18
1.0,0.1,0.5,New York,64.0,58,76,58.0,13.7,13.5,17,0.0,0.0,73.2,76.0,83.9,81.0,28.0,28.0,178.7,176.0,192,35.0,37
0.5,0.05,1.0,Ohio,64.2,58,91,58.0,51.5,51.0,56,0.2,1.0,79.2,86.5,87.8,92.0,43.6,28.0,22.5,22.5,28,10.1,13
1.0,0.01,2.0,Arizona,64.3,51,82,54.0,9.1,9.0,11,0.2,2.0,77.6,82.0,96.5,97.0,64.0,67.0,11.2,11.0,15,1.6,5
2.0,0.1,0.5,Georgia,64.3,58,69,63.0,48.6,49.0,51,0.0,0.0,70.2,72.0,79.9,84.0,78.7,64.0,6.3,6.0,9,9.2,12
0.5,0.01,0.5,Wyoming,64.5,52,75,69.0,5.4,6.0,8,0.0,0.0,71.9,71.0,103.5,90.5,115.4,117.5,1.8,2.0,3,0.0,0
0.5,0.05,2.0,Indiana,64.5,42,69,69.0,59.2,59.5,62,0.0,0.0,74.2,75.5,80.1,80.0,90.7,94.0,10.5,11.0,15,7.6,12
2.0,0.05,0.5,Vermont,64.6,50,108,51.0,11.3,11.5,12,0.4,2.0,89.0,94.0,114.8,111.5,106.0,99.5,9.0,9.5,14,2.7,4
2.0,0.1,0.5,Pennsylvania,64.6,59,79,59.0,45.4,45.0,47,0.9,3.0,78.7,82.0,84.2,86.0,61.1,71.5,34.0,31.5,47,12.0,14
ALL,ALL,ALL,Oregon,64.65277777777777,52,125,63.0,13.152777777777779,13.0,18,0.0,0.0,71.57222222222222,67.0,78.23055555555555,69.0,91.68715083798882,87.0,7.411111111111111,8.0,14,3.825,9
0.5,0.01,1.0,Arizona,64.8,54,82,54.0,8.9,9.0,11,0.0,0.0,79.7,85.5,94.7,96.5,45.2,28.0,10.3,10.0,15,1.4,3
1.0,0.25,2.0,Maryland,65.0,62,69,63.0,12.9,13.0,14,0.0,0.0,73.9,69.0,85.4,87.0,52.6,65.0,15.9,15.0,21,2.0,3
0.5,0.1,1.0,Michigan,65.0,53,77,65.0,28.3,27.0,36,3.9,23.0,74.9,77.0,78.9,77.0,71.1,79.0,26.3,22.0,39,23.2,30
1.0,0.05,1.0,Georgia,65.1,63,72,63.0,43.4,43.0,48,0.0,0.0,75.8,72.0,90.2,88.0,88.4,79.0,5.2,5.5,8,3.7,5
0.5,0.1,2.0,Kentucky,65.1,55,74,67.5,45.2,45.0,48,0.0,0.0,73.5,74.5,77.3,77.0,85.4,83.0,21.4,21.5,25,9.6,11
2.0,0.1,0.5,Kentucky,65.1,55,74,67.0,44.6,44.0,50,0.0,0.0,74.9,74.5,77.0,75.0,87.8,89.0,22.5,22.0,26,13.0,19
1.0,0.05,1.0,Ohio,65.1,58,93,60.0,55.6,56.0,58,0.2,1.0,77.6,77.0,89.3,93.0,46.1,28.0,26.2,26.5,36,13.3,17
0.5,0.01,2.0,Illinois,65.3,29,106,71.5,39.1,40.0,42,0.0,0.0,89.9,96.0,99.6,105.5,112.7,112.0,10.9,11.0,15,3.7,6
1.0,0.1,0.5,Michigan,65.3,53,77,65.0,29.0,29.0,35,1.6,12.0,71.0,74.0,74.5,77.0,76.3,75.0,25.7,24.5,38,24.9,31
0.5,0.1,2.0,Georgia,65.4,63,72,63.0,45.1,46.0,48,0.0,0.0,74.1,72.0,85.0,84.0,80.1,64.0,3.6,4.0,7,5.7,8
1.0,0.1,1.0,Michigan,65.4,53,77,65.0,27.7,27.0,37,2.1,14.0,73.7,74.0,76.7,77.0,76.7,81.0,29.3,27.5,44,29.6,40
1.0,0.01,1.0,Nebraska,65.5,49,81,71.0,28.9,28.5,36,0.0,0.0,79.1,81.0,91.0,95.0,107.1,96.0,5.4,5.0,9,5.6,7
1.0,0.1,1.0,New York,65.5,58,81,58.0,14.6,14.0,20,1.4,9.0,75.4,75.5,85.5,81.0,28.0,28.0,189.5,187.5,209,35.4,39
0.5,0.1,0.5,New York,65.6,58,81,61.0,12.7,12.5,16,0.8,3.0,75.2,76.0,84.0,81.0,28.0,28.0,154.3,155.5,161,31.6,36
0.5,0.25,2.0,Maryland,65.7,62,82,63.0,12.9,13.0,15,0.0,0.0,72.6,69.0,83.5,84.5,57.4,65.0,16.6,17.0,22,2.0,3
2.0,0.1,1.0,Michigan,65.7,54,77,65.0,31.8,31.0,37,1.6,13.0,74.8,74.0,77.4,77.0,83.1,86.0,27.5,27.0,40,27.5,34
2.0,0.01,2.0,Nevada,65.8,54,97,54.0,4.7,5.0,5,0.0,0.0,87.7,92.5,124.1,116.0,139.125,137.5,1.875,2.0,3,0.0,0
0.5,0.25,0.5,Maryland,65.8,62,69,66.0,12.8,13.0,14,0.0,0.0,75.4,69.0,85.7,87.0,60.8,65.0,11.7,11.5,15,0.8,2
2.0,0.25,1.0,Maryland,65.8,62,70,65.5,13.0,13.0,14,0.0,0.0,71.6,69.0,87.3,87.0,58.9,65.0,16.7,17.5,21,1.8,3
1.0,0.05,2.0,Ohio,65.8,58,91,60.0,57.3,57.5,60,0.3,1.0,77.2,77.0,88.4,93.0,36.7,28.0,27.6,27.0,34,12.0,15
2.0,0.25,1.0,Virginia,65.9,64,83,64.0,30.3,30.0,34,0.0,0.0,77.8,78.0,83.1,85.0,88.4,87.0,13.1,13.0,16,7.1,10
ALL,ALL,ALL,Ohio,65.96944444444445,33,111,58.0,53.74722222222222,55.0,66,0.08611111111111111,2.0,74.85555555555555,62.0,83.39722222222223,83.0,65.31944444444444,74.0,24.519444444444446,25.0,37,12.466666666666667,23
0.5,0.01,1.0,Wyoming,66.0,52,71,69.0,6.4,6.0,9,0.0,0.0,76.9,71.0,95.7,86.0,108.0,106.0,2.2222222222222223,2.0,4,0.0,0
0.5,0.1,0.5,Washington,66.0,49,73,71.0,8.7,9.0,10,0.4,1.0,73.0,73.0,75.3,76.0,34.4,28.0,24.5,24.5,31,13.9,15
1.0,0.25,1.0,Maryland,66.1,62,82,62.5,12.9,13.0,14,0.0,0.0,73.2,69.0,80.7,69.0,54.5,65.0,16.2,16.5,23,1.9,3
1.0,0.25,1.0,Virginia,66.1,64,83,64.0,31.2,31.0,34,0.1,1.0,79.2,73.0,84.7,83.0,85.4,87.0,12.0,13.0,16,5.0,7
2.0,0.1,2.0,New York,66.1,58,81,61.0,14.9,15.0,17,0.8,3.0,76.4,76.0,82.3,81.0,28.0,28.0,183.2,187.0,198,35.3,39
1.0,0.01,0.5,South Dakota,66.2,58,68,68.0,33.5,33.5,38,0.0,0.0,72.1,74.5,76.4,77.0,49.7,28.0,6.9,6.5,10,1.6,3
1.0,0.25,0.5,North Dakota,66.2,57,69,67.0,18.1,18.0,22,0.0,0.0,71.6,72.0,77.4,76.0,43.2,28.0,15.1,15.0,19,5.9,7
2.0,0.1,1.0,Pennsylvania,66.2,59,86,59.5,46.2,46.5,50,0.3,1.0,75.0,77.0,80.5,83.0,49.2,28.0,33.0,33.0,43,11.1,16
0.5,0.25,1.0,Maryland,66.4,62,82,63.0,12.2,12.0,14,0.0,0.0,72.7,69.0,89.9,95.0,60.1,69.0,14.1,13.0,19,1.2,3
2.0,0.05,0.5,Ohio,66.4,58,93,62.0,57.5,58.0,60,0.3,1.0,78.4,79.5,87.7,93.0,28.0,28.0,27.8,27.5,33,12.6,18
2.0,0.01,0.5,Wyoming,66.5,50,100,69.0,8.2,8.0,11,0.0,0.0,81.6,73.0,101.1,106.0,96.8,99.0,2.5,2.0,4,0.1,1
2.0,0.01,1.0,Idaho,66.5,51,106,52.0,12.6,12.0,16,0.4,2.0,79.1,76.5,86.4,81.0,36.1,28.0,25.5,26.5,29,13.7,17
2.0,0.01,2.0,Wyoming,66.7,52,71,69.0,9.2,9.0,11,0.0,0.0,75.8,71.0,98.6,87.5,120.7,129.0,2.5,2.5,5,0.5,1
0.5,0.05,1.0,Indiana,66.7,46,69,69.0,55.9,55.5,60,0.0,0.0,75.7,77.5,81.8,80.0,94.0,94.0,10.6,10.0,15,6.6,8
2.0,0.01,1.0,California,66.7,47,95,63.0,2.6,3.0,4,9.333333333333334,30.0,95.88888888888889,92.0,225.5,177.0,28.0,28.0,90.9,89.5,106,33.7,36
2.0,0.01,1.0,Arizona,66.8,51,103,54.0,9.6,9.5,11,0.2,1.0,76.0,72.5,93.7,95.5,43.9,28.0,13.4,13.0,18,1.4,3
0.5,0.05,0.5,Georgia,66.8,58,88,63.0,20.1,20.5,23,0.0,0.0,82.4,84.0,89.0,91.0,90.5,79.0,2.7,2.5,4,2.0,4
2.0,0.25,0.5,Virginia,66.8,64,83,64.0,30.0,29.5,32,0.0,0.0,77.6,73.0,83.9,83.0,87.8,87.0,12.7,12.5,16,6.0,8
1.0,0.25,2.0,Virginia,66.8,64,83,64.0,30.4,30.0,32,0.1,1.0,81.3,83.0,86.4,86.5,91.8,87.0,11.9,12.5,14,6.2,8
2.0,0.01,2.0,Nebraska,66.8,49,81,71.0,34.6,34.5,37,0.0,0.0,80.3,83.0,92.3,97.0,57.0,28.0,5.8,5.5,10,7.7,10
0.5,0.01,2.0,Arizona,66.9,51,82,66.5,9.2,9.0,10,0.0,0.0,82.8,89.5,100.7,97.0,46.8,28.0,10.4,11.0,17,1.6,3
0.5,0.1,0.5,Kentucky,66.9,55,74,74.0,34.3,34.0,38,0.0,0.0,70.4,75.0,77.1,77.0,85.6,89.0,12.0,13.0,15,7.5,10
0.5,0.01,0.5,South Dakota,67.0,58,68,68.0,23.6,24.0,29,0.0,0.0,77.8,75.0,80.9,80.5,64.5,53.0,6.5,6.5,11,0.5,1
1.0,0.25,0.5,Maryland,67.1,62,70,69.0,13.1,13.0,14,0.0,0.0,80.8,76.0,90.2,87.0,68.3,73.0,12.3,11.5,18,1.0,2
0.5,0.05,1.0,Kentucky,67.1,55,74,74.0,34.6,34.5,40,0.0,0.0,74.1,75.0,78.9,79.0,87.2,89.0,13.4,13.5,17,8.8,13
2.0,0.25,0.5,Maryland,67.2,63,70,68.5,13.2,13.0,14,0.0,0.0,74.2,69.0,82.9,87.0,59.4,73.0,14.3,14.5,19,1.8,3
1.0,0.01,0.5,Missouri,67.2,32,87,68.5,28.8,29.0,33,0.0,0.0,89.0,87.5,97.6,97.0,102.6,117.0,4.8,5.0,7,2.3,6
0.5,0.1,0.5,Pennsylvania,67.2,59,87,59.0,38.5,38.5,41,0.5,2.0,80.8,87.0,84.5,90.0,51.4,45.5,28.0,27.5,37,10.0,14
2.0,0.1,2.0,Washington,67.2,49,73,71.0,11.0,11.0,12,0.4,1.0,73.6,74.0,77.0,76.0,69.0,79.0,25.2,25.0,29,14.8,16
2.0,0.1,2.0,Michigan,67.2,53,77,65.0,31.2,31.5,36,1.8,14.0,73.3,76.5,78.2,77.0,77.2,78.0,27.2,25.5,41,28.2,37
1.0,0.01,1.0,Nevada,67.3,54,116,54.0,4.4,4.0,6,0.0,0.0,86.0,92.5,116.6,116.0,69.625,28.0,1.875,1.5,4,0.0,0
0.5,0.01,2.0,Wyoming,67.3,50,71,69.0,7.7,7.5,10,0.0,0.0,75.1,71.0,106.4,106.0,109.0,117.5,1.6,2.0,2,0.2,1
0.5,0.25,2.0,North Dakota,67.4,57,69,69.0,22.6,23.0,27,0.0,0.0,73.7,75.0,78.1,77.0,56.2,28.0,16.4,16.0,21,5.7,8
2.0,0.25,0.5,North Dakota,67.4,57,69,69.0,22.8,22.5,26,0.0,0.0,73.3,75.0,76.8,77.0,72.1,93.0,17.4,17.0,21,6.4,9
1.0,0.25,2.0,North Dakota,67.4,65,69,69.0,22.8,22.5,27,0.0,0.0,72.6,75.0,77.4,77.0,43.2,28.0,21.6,21.5,27,6.5,9
0.5,0.01,1.0,Minnesota,67.4,54,80,65.5,36.8,37.0,42,0.0,0.0,70.9,68.0,73.6,76.0,74.5,81.0,36.7,37.5,50,25.1,30
1.0,0.1,2.0,Kentucky,67.5,55,74,74.0,45.7,46.0,51,0.0,0.0,75.4,75.0,77.8,77.0,87.8,89.0,22.7,22.5,28,12.2,15
0.5,0.01,0.5,Minnesota,67.5,54,77,66.0,34.3,34.5,44,0.0,0.0,74.8,77.0,76.2,77.0,58.6,74.0,31.3,29.5,39,22.5,27
2.0,0.1,0.5,Michigan,67.5,53,77,69.0,31.3,33.5,38,3.4,19.0,73.8,76.5,80.7,77.0,78.4,80.0,27.1,23.0,43,28.2,39
2.0,0.01,2.0,South Dakota,67.6,58,74,68.0,36.7,36.5,39,0.0,0.0,78.5,75.5,81.4,80.5,72.0,84.0,13.5,13.5,19,5.0,7
1.0,0.1,0.5,Washington,67.6,49,73,71.0,10.3,10.0,13,0.4,1.0,73.8,73.0,78.2,77.0,70.3,85.5,24.5,25.0,27,14.8,17
0.5,0.01,1.0,South Dakota,67.7,58,79,68.0,28.9,29.0,31,0.0,0.0,75.7,74.5,78.7,80.0,64.4,53.0,7.0,8.0,10,1.3,3
0.5,0.1,1.0,Virginia,67.7,64,83,64.0,20.1,20.0,22,0.0,0.0,81.0,83.0,95.6,89.0,72.1,87.0,8.3,8.0,12,4.2,6
1.0,0.01,1.0,Minnesota,67.7,54,77,66.5,38.1,37.0,44,0.1,1.0,72.9,76.0,74.6,77.0,42.5,28.0,40.6,39.5,49,26.8,30
0.5,0.1,0.5,Virginia,67.8,64,83,64.0,9.9,10.0,12,0.0,0.0,85.8,89.0,104.8,106.0,88.6,87.0,6.6,6.5,10,2.9,5
2.0,0.25,1.0,North Dakota,67.8,65,69,69.0,22.4,22.0,24,0.0,0.0,73.2,75.0,78.4,77.0,45.1,28.0,22.0,21.5,26,7.2,9
0.5,0.05,1.0,New York,67.8,55,81,70.0,13.0,12.5,18,0.4,2.0,81.4,81.0,90.5,92.0,28.0,28.0,172.6,172.5,186,35.0,39
1.0,0.01,1.0,South Dakota,68.0,58,79,68.0,35.7,35.5,39,0.0,0.0,73.6,74.0,78.3,80.0,67.6,84.0,7.7,8.0,10,2.6,4
0.5,0.05,2.0,Washington,68.0,49,75,73.0,10.5,10.0,12,0.3,1.0,74.7,75.0,80.5,83.5,57.4,53.5,24.1,24.0,28,14.3,16
1.0,0.05,2.0,Indiana,68.1,60,69,69.0,60.3,61.0,64,0.0,0.0,74.4,72.5,82.8,81.5,72.0,89.0,12.6,12.5,16,9.2,11
2.0,0.25,2.0,Maryland,68.3,63,82,68.0,12.9,13.0,15,0.0,0.0,74.0,69.0,81.7,86.5,50.8,46.5,16.9,17.0,22,1.9,3
0.5,0.05,2.0,Georgia,68.3,58,94,63.0,38.7,38.0,43,0.0,0.0,80.6,78.0,92.8,94.0,87.4,85.5,4.3,4.5,6,4.1,6
2.0,0.1,2.0,Maryland,68.4,63,82,68.5,12.0,12.0,13,0.0,0.0,86.9,82.0,103.0,110.5,65.4,69.0,15.1,15.0,22,2.6,4
2.0,0.01,1.0,Nebraska,68.4,49,103,66.5,34.0,34.0,37,0.0,0.0,88.9,85.0,105.7,99.0,76.6,28.0,6.2,6.0,10,7.6,11
2.0,0.01,0.5,South Dakota,68.5,58,84,68.0,37.0,36.5,41,0.0,0.0,78.1,75.0,81.7,79.5,65.9,28.0,10.7,11.5,14,2.7,5
1.0,0.01,1.0,Wyoming,68.6,52,100,69.0,7.7,8.0,10,0.0,0.0,83.4,75.0,105.2,103.0,98.375,102.5,2.25,2.0,6,0.0,0
1.0,0.1,0.5,North Dakota,68.6,65,69,69.0,17.5,17.5,19,0.0,0.0,74.9,75.0,81.3,84.0,70.6,68.5,14.5,15.0,20,5.2,7
0.5,0.25,1.0,North Dakota,68.6,65,69,69.0,15.9,16.0,18,0.0,0.0,74.3,75.0,78.3,77.0,53.2,28.0,11.8,13.0,16,5.3,7
1.0,0.25,1.0,North Dakota,68.6,65,69,69.0,21.8,21.5,24,0.0,0.0,74.2,75.0,77.1,77.0,34.5,28.0,18.7,18.5,24,7.2,9
2.0,0.25,2.0,North Dakota,68.6,65,69,69.0,22.5,22.0,25,0.0,0.0,74.2,75.0,77.9,77.0,53.5,28.0,23.1,24.0,28,7.3,9
2.0,0.1,2.0,North Dakota,68.6,65,69,69.0,21.8,22.0,24,0.0,0.0,74.4,75.0,82.2,84.0,69.3,60.5,18.3,16.5,27,8.0,10
1.0,0.1,1.0,Washington,68.6,49,73,73.0,10.4,10.5,12,0.3,1.0,74.0,75.0,78.4,78.0,75.4,85.5,24.5,24.5,28,15.1,17
0.5,0.05,1.0,Vermont,68.7,50,128,51.0,11.6,12.0,12,0.4,2.0,98.7,96.0,112.8,113.5,114.6,115.0,8.6,8.5,11,2.4,3
0.5,0.01,2.0,South Dakota,68.8,58,80,68.0,35.5,35.0,40,0.0,0.0,79.5,75.0,83.2,80.5,68.1,60.5,8.1,8.5,14,2.8,4
0.5,0.1,2.0,Washington,68.8,49,73,73.0,10.3,10.5,11,0.2,1.0,73.8,75.0,76.5,76.0,69.0,79.0,24.1,24.5,26,15.0,16
1.0,0.01,0.5,Minnesota,68.8,54,77,66.0,37.1,38.0,41,0.0,0.0,73.7,77.0,74.8,77.5,54.4,51.5,37.7,38.0,45,26.1,32
1.0,0.05,1.0,Kentucky,68.9,55,74,74.0,40.9,40.5,44,0.0,0.0,72.3,75.0,79.4,79.0,89.0,89.0,16.1,16.0,19,12.8,16
2.0,0.05,0.5,Kentucky,68.9,55,74,74.0,41.2,42.0,45,0.0,0.0,75.3,77.0,81.0,81.0,89.9,89.0,17.4,17.5,23,13.4,18
1.0,0.01,2.0,Minnesota,68.9,54,88,66.0,41.3,41.5,46,0.0,0.0,77.7,77.0,79.5,77.0,46.7,28.0,41.0,40.5,49,25.6,30
0.5,0.1,1.0,North Dakota,69.0,69,69,69.0,14.5,15.0,16,0.0,0.0,75.0,75.0,81.5,84.0,60.3,28.0,10.8,10.5,17,4.9,8
0.5,0.25,0.5,North Dakota,69.0,69,69,69.0,13.8,14.0,17,0.0,0.0,75.0,75.0,79.9,80.0,36.1,28.0,8.7,8.5,12,5.6,6
1.0,0.1,2.0,North Dakota,69.0,69,69,69.0,22.1,22.0,25,0.0,0.0,75.0,75.0,83.6,84.0,70.9,68.5,17.4,17.5,22,6.0,9
0.5,0.01,2.0,Wisconsin,69.0,63,82,65.5,35.8,35.0,40,0.0,0.0,81.4,82.0,87.1,86.5,36.3,28.0,73.4,73.0,86,25.1,28
1.0,0.05,0.5,Georgia,69.1,63,94,66.0,36.6,36.0,39,0.1,1.0,80.5,78.0,89.8,89.0,89.0,86.0,5.0,5.0,7,3.3,5
0.5,0.05,0.5,Kentucky,69.1,55,75,74.0,27.8,28.0,32,0.0,0.0,77.5,79.0,83.5,83.0,94.3,89.0,7.7,8.5,10,7.8,10
0.5,0.1,2.0,New York,69.1,58,81,70.0,14.5,14.0,17,1.0,5.0,78.5,77.5,82.1,81.0,28.0,28.0,194.3,195.5,206,35.6,39
0.5,0.1,0.5,North Dakota,69.2,65,75,69.0,12.9,13.0,15,0.0,0.0,75.3,75.0,82.5,82.0,132.4,122.5,3.2,3.0,6,1.6,6
2.0,0.1,0.5,Washington,69.2,49,73,73.0,9.6,10.0,12,0.2,1.0,73.2,75.0,78.6,77.0,70.3,85.5,23.9,23.5,26,15.2,18
2.0,0.05,2.0,Washington,69.4,49,73,73.0,9.7,10.0,11,0.2,1.0,74.4,75.0,81.9,83.5,56.2,53.5,25.1,26.0,29,15.7,18
ALL,ALL,ALL,Kentucky,69.40555555555555,55,133,74.0,38.86388888888889,40.5,52,0.013888888888888888,1.0,80.71944444444445,75.0,87.725,79.0,106.96944444444445,89.0,17.108333333333334,17.0,34,10.466666666666667,22
2.0,0.1,1.0,North Dakota,69.5,69,74,69.0,22.2,22.5,25,0.0,0.0,75.0,75.0,82.1,84.0,79.3,110.5,18.3,16.5,29,6.5,8
0.5,0.05,0.5,North Dakota,69.6,69,75,69.0,11.7,11.5,15,0.0,0.0,79.1,77.5,87.0,84.0,122.7,119.0,4.8,4.5,11,1.5,5
1.0,0.05,0.5,North Dakota,69.6,69,75,69.0,17.3,17.0,19,0.0,0.0,78.2,75.0,89.1,84.0,101.0,115.0,10.0,9.5,15,3.7,7
1.0,0.1,1.0,North Dakota,69.6,69,75,69.0,21.0,21.0,24,0.0,0.0,76.8,75.0,84.5,84.0,64.7,28.0,13.9,13.5,22,5.2,8
2.0,0.05,0.5,North Dakota,69.6,69,75,69.0,21.0,21.0,23,0.0,0.0,79.3,78.5,89.7,84.0,110.6,115.0,11.1,11.0,17,5.8,8
2.0,0.1,0.5,North Dakota,69.6,69,75,69.0,21.9,22.0,24,0.0,0.0,75.9,75.0,85.1,84.0,94.6,113.5,14.8,13.0,24,6.0,9
2.0,0.05,0.5,Georgia,69.6,63,84,72.0,45.9,45.5,49,0.0,0.0,83.0,84.5,89.6,88.0,99.0,108.0,4.5,4.5,6,6.2,8
0.5,0.1,2.0,Pennsylvania,69.6,59,89,59.0,45.6,45.5,51,0.4,1.0,79.5,77.0,85.0,89.0,67.4,63.5,35.5,34.5,42,10.2,13
ALL,ALL,ALL,Washington,69.6,49,107,73.0,9.133333333333333,10.0,14,0.4,18.0,77.70277777777778,75.0,83.3732590529248,78.0,67.2611111111111,85.5,22.538888888888888,23.0,31,15.002777777777778,21
0.5,0.05,0.5,New York,69.6,58,81,70.0,9.9,9.5,13,3.8,14.0,90.9,81.0,102.1,99.0,33.7,28.0,141.7,139.0,164,32.7,37
1.0,0.05,0.5,New York,69.6,58,81,70.0,13.0,12.5,18,1.3,6.0,85.0,81.0,98.9,103.5,28.0,28.0,174.8,171.5,200,35.3,40
1.0,0.1,1.0,Maryland,69.7,63,89,68.0,12.4,12.5,13,0.0,0.0,82.7,82.0,100.4,100.0,60.5,65.0,14.6,14.5,17,2.0,3
0.5,0.1,0.5,Michigan,69.7,65,77,70.0,25.2,24.5,30,0.7,4.0,75.1,76.5,77.8,77.0,81.8,84.0,21.5,21.5,24,21.0,25
0.5,0.01,0.5,Nebraska,69.8,49,117,66.5,14.1,14.0,19,0.0,0.0,85.7,83.0,98.8,98.0,28.0,28.0,2.4,2.0,4,2.6,4
1.0,0.05,2.0,Kentucky,69.8,60,74,74.0,42.2,42.0,46,0.0,0.0,77.5,79.0,82.3,83.0,95.0,89.0,19.4,19.5,26,13.7,18
0.5,0.1,2.0,Michigan,69.8,53,77,73.0,30.8,30.0,38,1.8,7.0,75.2,77.0,79.0,78.5,81.1,82.0,27.6,27.5,38,26.5,34
1.0,0.1,2.0,Michigan,69.8,60,77,69.0,32.1,32.0,36,0.1,1.0,72.2,73.5,77.0,77.0,83.6,84.0,26.0,26.5,31,26.8,30
2.0,0.01,2.0,Illinois,70.0,52,106,73.0,43.9,44.5,47,0.0,0.0,93.8,96.0,107.2,106.0,71.8,61.0,13.7,14.0,18,5.3,8
0.5,0.1,2.0,North Dakota,70.2,69,75,69.0,20.8,21.0,23,0.0,0.0,76.0,75.0,83.3,84.0,95.4,115.0,11.2,11.5,17,4.7,7
2.0,0.05,1.0,North Dakota,70.2,69,75,69.0,20.9,21.0,22,0.0,0.0,80.0,82.0,95.7,92.5,102.2,115.0,13.1,12.0,22,6.5,8
1.0,0.1,1.0,Kentucky,70.2,55,74,74.0,43.6,45.0,46,0.0,0.0,75.2,75.0,79.0,79.0,87.8,89.0,20.9,22.0,24,13.6,17
2.0,0.05,2.0,Kentucky,70.3,55,74,74.0,43.2,44.0,45,0.0,0.0,77.2,79.0,82.6,83.0,89.7,89.0,18.1,17.5,24,12.5,17
2.0,0.01,0.5,Minnesota,70.4,65,77,66.5,40.9,40.5,44,0.0,0.0,76.0,77.0,77.8,78.0,49.9,28.0,41.2,41.0,51,24.7,29
1.0,0.01,2.0,Nevada,70.5,54,116,54.0,4.3,4.0,5,0.0,0.0,85.7,79.5,117.5,106.5,73.55555555555556,28.0,1.8888888888888888,2.0,4,0.0,0
2.0,0.1,1.0,Maryland,70.5,62,82,69.5,11.9,12.0,14,0.0,0.0,85.6,84.5,99.8,106.0,65.6,69.0,14.9,15.5,18,2.3,5
1.0,0.05,0.5,Michigan,70.6,53,77,75.0,31.9,31.5,37,1.8,14.0,77.9,77.0,81.0,79.0,86.5,90.0,22.0,20.5,39,19.2,31
2.0,0.05,2.0,North Dakota,70.7,69,80,69.0,20.8,21.0,22,0.0,0.0,78.7,77.5,90.3,84.0,103.9,115.0,14.1,13.0,23,7.0,9
1.0,0.05,0.5,Kentucky,70.7,55,74,74.0,36.6,37.5,41,0.0,0.0,75.6,75.0,79.4,79.0,99.6,89.0,16.3,15.5,21,9.3,12
0.5,0.05,2.0,Kentucky,70.7,55,79,74.0,39.0,39.0,42,0.0,0.0,78.0,79.0,84.6,83.0,94.3,89.0,16.7,16.5,22,13.5,17
2.0,0.05,1.0,Kentucky,70.7,55,74,74.0,41.2,42.0,46,0.0,0.0,77.6,79.0,83.8,83.0,94.3,89.0,19.1,21.0,22,14.5,22
0.5,0.05,2.0,North Dakota,70.8,69,75,69.0,20.0,19.0,25,0.0,0.0,80.4,84.0,93.5,93.5,95.9,116.0,9.7,9.5,17,4.9,8
0.5,0.05,0.5,Pennsylvania,70.8,59,91,67.0,36.6,36.5,39,0.3,2.0,86.7,89.0,91.2,91.0,79.1,93.0,23.7,23.5,31,8.8,13
0.5,0.1,0.5,Tennessee,71.0,71,71,71.0,31.0,30.0,34,0.0,0.0,80.0,80.0,91.1,89.5,73.0,73.0,10.6,10.5,13,1.2,2
0.5,0.25,0.5,Tennessee,71.0,71,71,71.0,32.9,32.0,37,0.0,0.0,74.4,73.0,84.8,87.0,73.0,73.0,8.1,7.0,11,1.5,2
0.5,0.05,0.5,Tennessee,71.0,71,71,71.0,24.8,24.0,28,0.0,0.0,85.6,87.0,101.5,97.0,73.0,73.0,8.6,8.0,14,2.1,4
0.5,0.25,1.0,Tennessee,71.0,71,71,71.0,41.7,41.5,45,0.0,0.0,74.9,73.0,85.7,87.0,73.0,73.0,10.6,10.5,12,3.1,5
0.5,0.1,1.0,Tennessee,71.0,71,71,71.0,37.8,38.0,41,0.0,0.0,81.4,87.0,91.2,97.0,73.0,73.0,11.1,11.0,14,3.9,9
0.5,0.05,1.0,Tennessee,71.0,71,71,71.0,35.1,35.5,39,0.0,0.0,83.3,87.0,96.7,97.0,68.5,73.0,14.6,14.0,21,4.0,6
1.0,0.1,1.0,Virginia,71.0,64,85,64.0,29.4,29.0,32,0.0,0.0,92.3,87.0,106.2,97.5,77.9,81.0,9.0,9.5,13,4.1,5
1.0,0.25,0.5,Tennessee,71.0,71,71,71.0,44.7,44.0,49,0.0,0.0,74.4,73.0,83.9,87.0,73.0,73.0,12.6,12.0,18,4.3,5
1.0,0.05,0.5,Tennessee,71.0,71,71,71.0,37.8,37.5,43,0.0,0.0,89.1,87.0,100.1,97.0,64.0,73.0,14.6,14.5,19,4.5,7
1.0,0.05,1.0,Tennessee,71.0,71,71,71.0,41.8,42.0,45,0.0,0.0,85.2,87.0,96.2,97.0,32.5,28.0,15.8,16.5,18,4.9,8
2.0,0.25,1.0,Tennessee,71.0,71,71,71.0,50.4,50.5,53,0.0,0.0,74.4,73.0,86.4,87.0,28.0,28.0,18.1,18.0,23,5.1,7
1.0,0.05,2.0,Georgia,71.0,63,94,66.0,48.4,48.0,51,0.0,0.0,84.7,86.0,95.8,96.0,99.2,108.0,4.9,5.0,7,5.2,8
1.0,0.05,2.0,Tennessee,71.0,71,71,71.0,44.1,43.0,48,0.0,0.0,82.8,87.0,95.2,94.5,41.5,28.0,22.6,23.0,26,5.3,8
1.0,0.1,0.5,Tennessee,71.0,71,71,71.0,42.8,43.0,46,0.0,0.0,77.7,73.0,90.0,87.0,55.0,73.0,15.4,16.0,19,5.3,7
2.0,0.25,0.5,Tennessee,71.0,71,71,71.0,48.5,48.0,51,0.0,0.0,73.0,73.0,84.3,87.0,28.0,28.0,16.2,16.0,18,5.4,7
2.0,0.05,0.5,Tennessee,71.0,71,71,71.0,42.3,42.0,46,0.0,0.0,85.2,87.0,96.2,97.0,37.0,28.0,20.6,21.0,24,5.7,8
1.0,0.1,1.0,Tennessee,71.0,71,71,71.0,44.8,45.0,49,0.0,0.0,81.9,87.0,92.0,92.0,28.0,28.0,16.1,15.5,19,5.8,8
0.5,0.05,2.0,Tennessee,71.0,71,71,71.0,41.1,41.0,47,0.0,0.0,87.0,87.0,100.3,97.0,41.5,28.0,17.6,18.0,22,5.9,11
1.0,0.25,1.0,Tennessee,71.0,71,71,71.0,46.7,46.0,49,0.0,0.0,73.0,73.0,84.3,87.0,28.0,28.0,15.0,15.0,16,6.0,8
0.5,0.25,2.0,Tennessee,71.0,71,71,71.0,46.8,47.0,50,0.0,0.0,74.4,73.0,84.5,87.0,28.0,28.0,15.8,15.0,19,6.1,8
2.0,0.1,0.5,Tennessee,71.0,71,71,71.0,44.8,46.0,48,0.0,0.0,82.8,87.0,91.6,92.0,28.0,28.0,17.1,18.0,23,6.3,9
1.0,0.25,2.0,Tennessee,71.0,71,71,71.0,48.5,49.0,52,0.0,0.0,74.4,73.0,85.7,87.0,28.0,28.0,19.2,19.0,25,6.4,8
2.0,0.25,2.0,Tennessee,71.0,71,71,71.0,50.0,50.0,52,0.0,0.0,73.5,73.0,87.0,87.0,28.0,28.0,21.2,21.0,24,6.6,7
2.0,0.05,2.0,Tennessee,71.0,71,71,71.0,44.5,44.5,47,0.0,0.0,85.6,87.0,97.7,97.0,28.0,28.0,19.7,21.5,26,6.8,9
0.5,0.1,2.0,Tennessee,71.0,71,71,71.0,43.7,44.0,47,0.0,0.0,80.0,80.0,91.1,92.0,28.0,28.0,16.5,17.0,19,6.9,11
2.0,0.1,1.0,Tennessee,71.0,71,71,71.0,46.7,46.0,53,0.0,0.0,84.2,87.0,92.1,92.0,28.0,28.0,18.2,18.5,24,7.0,9
1.0,0.1,2.0,Tennessee,71.0,71,71,71.0,45.9,46.0,48,0.0,0.0,84.2,87.0,93.0,92.0,28.0,28.0,19.1,19.0,24,7.2,10
2.0,0.1,2.0,Tennessee,71.0,71,71,71.0,47.9,48.0,50,0.0,0.0,81.4,87.0,91.5,92.0,32.5,28.0,20.3,20.0,23,7.2,9
2.0,0.1,2.0,Virginia,71.0,64,87,64.0,30.5,30.5,34,0.1,1.0,89.0,84.0,102.1,97.5,107.5,95.0,11.2,11.5,19,7.3,8
2.0,0.05,1.0,Tennessee,71.0,71,71,71.0,43.5,43.5,46,0.0,0.0,85.6,87.0,103.2,102.5,37.0,28.0,21.4,21.0,26,7.4,10
2.0,0.1,1.0,Washington,71.0,65,73,73.0,10.3,10.5,12,0.0,0.0,73.0,73.0,77.6,77.0,62.5,79.0,25.3,25.0,28,15.4,17
2.0,0.01,2.0,Minnesota,71.0,66,77,68.5,42.5,43.5,45,0.0,0.0,75.3,77.0,77.1,77.0,49.3,28.0,41.1,42.0,45,25.1,30
2.0,0.05,2.0,Georgia,71.2,63,94,69.0,49.5,50.5,53,0.0,0.0,85.7,88.0,92.4,98.0,97.9,99.0,5.2,5.0,9,8.0,12
0.5,0.01,1.0,Nevada,71.3,54,116,58.0,4.2,4.0,5,0.0,0.0,82.0,79.5,109.4,116.0,60.0,28.0,1.9,2.0,3,0.0,0
2.0,0.1,0.5,Maryland,71.3,63,89,69.0,12.6,13.0,14,0.0,0.0,84.7,82.0,96.5,91.0,77.1,73.5,14.7,15.0,19,2.0,4
2.0,0.05,2.0,New York,71.4,58,81,76.0,13.2,13.0,19,0.5,2.0,84.9,81.0,96.7,95.5,28.0,28.0,181.2,179.0,201,36.5,41
ALL,ALL,ALL,Michigan,71.49722222222222,53,117,73.0,30.3,31.0,45,1.5305555555555554,23.0,79.14166666666667,77.0,84.96388888888889,77.0,89.21111111111111,86.5,24.091666666666665,23.0,44,23.255555555555556,42
1.0,0.05,1.0,Washington,71.6,65,75,73.0,10.0,10.0,12,0.2,1.0,75.2,75.0,80.5,83.5,78.4,92.0,22.5,23.0,25,14.4,17
2.0,0.05,0.5,Washington,71.6,63,73,73.0,9.2,9.0,11,0.1,1.0,74.6,75.0,82.2,84.0,56.1,53.5,25.0,25.0,29,15.6,18
1.0,0.05,1.0,North Dakota,71.7,69,84,69.0,20.6,21.0,22,0.0,0.0,84.2,84.0,98.0,101.0,117.8,116.0,10.6,10.0,17,3.4,7
2.0,0.1,0.5,Virginia,71.7,64,123,64.0,29.3,29.0,32,0.0,0.0,88.7,84.0,111.8,113.5,111.5,87.0,9.7,10.5,15,4.4,7
0.5,0.05,0.5,Washington,71.8,65,73,73.0,9.3,9.0,11,0.1,1.0,74.2,75.0,79.8,80.0,28.0,28.0,22.0,21.5,24,12.7,14
0.5,0.05,1.0,Washington,71.8,65,73,73.0,9.7,10.0,11,0.1,1.0,74.4,75.0,79.4,78.5,66.3,79.0,24.7,25.0,28,14.1,17
1.0,0.1,2.0,Washington,71.8,69,73,73.0,10.8,11.0,12,0.0,0.0,74.2,75.0,78.9,77.0,83.0,92.0,25.4,25.5,28,14.9,17
1.0,0.05,2.0,North Dakota,71.9,65,84,69.0,21.1,21.0,24,0.0,0.0,81.0,82.0,91.0,84.0,114.8,115.0,10.5,11.5,17,4.7,8
0.5,0.1,2.0,Virginia,72.0,64,85,64.0,28.1,27.5,32,0.0,0.0,94.3,86.0,106.8,106.0,97.5,101.5,8.3,8.0,14,4.5,8
2.0,0.05,2.0,Vermont,72.1,51,96,80.5,12.1,12.0,13,0.2,1.0,104.5,105.0,112.4,120.0,105.1,102.5,8.0,8.5,10,1.9,3
2.0,0.01,0.5,Nebraska,72.1,51,103,76.0,31.0,31.0,37,0.0,0.0,86.8,83.0,99.8,97.0,102.9,102.0,4.9,4.5,9,5.7,8
2.0,0.05,1.0,Washington,72.2,69,73,73.0,10.1,10.0,12,0.0,0.0,74.4,75.0,80.5,81.5,52.5,28.0,25.0,24.5,29,15.0,17
1.0,0.01,0.5,Florida,72.2,60,81,73.0,12.4,12.5,16,1.5,5.0,85.9,81.0,109.8,116.5,76.4,92.5,16.4,17.5,20,15.4,18
1.0,0.05,2.0,Washington,72.2,69,73,73.0,9.1,9.0,12,0.0,0.0,74.2,75.0,81.5,84.0,62.7,79.0,25.3,25.0,28,16.0,19
2.0,0.01,1.0,Minnesota,72.2,62,88,73.5,42.0,41.5,47,0.1,1.0,76.5,76.5,79.4,77.0,38.2,28.0,41.2,42.5,46,24.7,30
1.0,0.01,2.0,South Dakota,72.3,58,99,68.0,36.5,37.0,39,0.0,0.0,79.5,77.5,84.1,83.0,78.2,93.0,11.0,11.0,13,3.6,5
1.0,0.1,2.0,Maryland,72.4,63,82,69.0,12.7,12.0,15,0.0,0.0,91.7,99.5,107.0,112.5,76.1,78.5,14.4,14.5,19,2.0,4
0.5,0.05,2.0,Michigan,72.4,60,77,76.5,32.2,32.5,35,0.5,3.0,77.0,77.0,79.5,81.0,75.9,88.5,24.5,23.5,34,22.5,28
ALL,ALL,ALL,New York,72.46944444444445,55,168,64.0,13.136111111111111,13.0,20,1.3916666666666666,26.0,87.09444444444445,81.0,100.11977715877437,92.0,29.886111111111113,28.0,170.86111111111111,177.0,214,34.96944444444444,42
2.0,0.05,0.5,Michigan,72.5,53,77,77.0,31.9,32.0,41,3.0,21.0,80.4,77.0,84.1,81.0,87.4,92.0,26.5,25.0,37,25.3,35
0.5,0.01,2.0,Nevada,72.6,54,116,64.0,4.7,5.0,6,0.0,0.0,89.6,92.5,114.4,120.5,70.75,28.0,1.5,1.5,2,0.0,0
0.5,0.05,1.0,North Dakota,72.6,69,84,69.0,14.1,14.0,16,0.0,0.0,81.3,78.5,89.3,84.0,107.7,102.0,6.1,6.0,10,2.6,5
2.0,0.25,0.5,Utah,72.6,57,83,83.0,13.6,14.0,14,0.2,1.0,86.5,92.0,94.0,94.0,90.7,88.0,10.1,10.0,13,4.8,6
0.5,0.25,0.5,Utah,72.6,57,83,83.0,9.9,10.0,11,0.2,1.0,86.5,92.0,92.8,92.0,86.3,88.0,8.1,8.0,10,4.9,6
1.0,0.01,2.0,Wisconsin,72.6,63,84,75.0,38.3,37.5,44,0.0,0.0,84.2,82.0,91.7,84.0,28.0,28.0,68.7,69.0,78,23.6,30
2.0,0.05,1.0,New York,72.6,58,81,76.0,12.4,12.0,17,1.1,4.0,82.1,81.0,93.3,92.0,28.0,28.0,182.3,180.0,201,36.8,41
0.5,0.01,1.0,Missouri,72.7,32,97,81.5,23.4,23.0,28,0.0,0.0,91.7,94.0,103.5,97.0,116.33333333333333,126.0,4.222222222222222,4.0,5,1.6,5
1.0,0.05,0.5,Washington,72.8,69,75,73.0,10.4,11.0,12,0.1,1.0,75.5,75.0,82.1,84.0,51.0,28.0,24.1,23.5,29,14.2,16
1.0,0.01,1.0,Wisconsin,72.8,63,84,75.0,35.7,35.5,41,0.0,0.0,82.1,82.0,88.6,84.0,28.0,28.0,71.0,71.5,82,24.2,28
1.0,0.05,2.0,New York,72.9,58,92,81.0,13.9,14.0,17,1.8,6.0,89.3,92.0,100.5,99.0,28.0,28.0,186.5,185.5,210,36.4,41
ALL,ALL,ALL,Georgia,72.94444444444444,58,188,63.0,38.391666666666666,42.5,55,0.002777777777777778,1.0,86.03055555555555,72.0,99.11666666666666,84.0,103.1374269005848,79.0,4.56,5.0,11,5.186111111111111,15
0.5,0.01,2.0,Minnesota,73.2,63,77,77.0,39.8,40.0,44,0.0,0.0,76.2,77.0,80.0,78.0,38.0,28.0,41.8,41.5,52,25.1,30
0.5,0.05,1.0,Michigan,73.3,64,77,75.0,29.3,31.0,33,0.9,6.0,77.4,77.0,80.7,81.0,86.2,90.0,23.0,22.0,31,18.9,24
1.0,0.05,0.5,Vermont,73.4,51,123,67.5,11.6,12.0,13,0.2,2.0,108.9,104.5,121.7,123.0,117.8,122.5,8.5,8.5,12,2.4,4
1.0,0.01,0.5,Oregon,73.6,67,104,70.0,9.9,10.0,13,0.0,0.0,85.5,77.5,92.5,82.5,111.0,117.5,4.0,3.5,7,1.7,3
2.0,0.01,0.5,Missouri,73.6,32,97,81.5,40.8,40.5,44,0.0,0.0,91.0,95.5,105.3,99.5,120.5,126.0,6.0,6.0,10,2.7,5
2.0,0.05,1.0,Georgia,73.6,63,88,72.0,47.7,49.0,50,0.0,0.0,85.1,88.0,92.8,98.0,100.0,108.0,5.5,6.0,8,7.4,11
2.0,0.01,2.0,Wisconsin,73.7,63,84,75.0,37.9,38.5,43,0.0,0.0,81.8,82.0,87.2,84.0,28.0,28.0,67.1,65.5,75,24.0,28
0.5,0.05,2.0,New York,73.7,58,94,78.5,14.7,15.0,17,1.1,4.0,87.5,91.0,101.3,104.5,28.0,28.0,181.2,180.5,200,35.1,39
1.0,0.01,1.0,Missouri,73.8,32,97,87.0,36.2,36.5,42,0.0,0.0,95.3,95.5,104.2,102.0,110.4,117.0,6.1,6.0,9,2.2,4
2.0,0.01,1.0,South Dakota,73.9,58,99,68.0,35.4,34.5,39,0.0,0.0,79.4,77.5,85.2,81.0,81.4,93.0,12.1,13.0,15,3.6,5
2.0,0.01,1.0,Missouri,73.9,32,97,87.0,44.4,44.0,51,0.0,0.0,96.4,97.0,106.9,105.5,106.7,114.0,7.3,7.5,10,5.6,7
0.5,0.01,0.5,Missouri,74.0,56,87,81.5,15.0,14.5,19,0.0,0.0,92.4,92.0,103.6,99.5,141.8,126.0,2.3,2.0,5,0.6,2
2.0,0.25,1.0,Utah,74.0,57,83,83.0,13.5,14.0,14,0.2,1.0,88.7,92.0,95.3,92.0,97.5,88.0,8.8,8.5,13,4.7,6
0.5,0.05,1.0,Pennsylvania,74.0,59,91,77.0,40.2,41.0,44,0.3,1.0,82.2,79.0,89.1,91.0,75.5,85.0,31.3,30.0,43,10.2,13
1.0,0.05,2.0,Pennsylvania,74.0,59,91,77.0,45.7,45.0,51,0.1,1.0,85.8,87.0,93.4,94.5,91.3,99.0,33.9,33.5,40,10.8,15
1.0,0.1,0.5,Virginia,74.6,64,85,78.0,21.9,22.5,25,0.0,0.0,95.0,86.0,112.5,118.5,130.2,106.0,5.7,6.5,11,5.0,7
0.5,0.05,0.5,Michigan,74.6,65,77,76.5,27.2,27.0,32,0.6,3.0,78.1,77.0,80.7,81.0,86.1,90.0,18.0,18.5,22,14.6,18
0.5,0.01,2.0,Florida,74.6,60,98,73.0,12.0,11.5,17,1.8,8.0,95.2,98.0,111.3,112.0,66.5,58.0,19.0,18.0,26,17.3,22
1.0,0.1,0.5,Maryland,74.8,63,89,69.0,12.3,12.0,14,0.0,0.0,92.5,97.5,105.0,110.0,76.6,82.5,10.9,11.5,15,1.2,2
2.0,0.05,1.0,Pennsylvania,74.8,59,91,74.0,44.4,44.5,51,0.4,3.0,82.8,90.0,89.5,93.0,92.6,103.5,30.0,30.0,34,11.6,16
1.0,0.01,2.0,Missouri,75.0,32,97,83.0,41.5,41.5,45,0.0,0.0,96.2,97.0,106.0,109.0,86.6,82.0,6.5,6.0,9,6.0,8
2.0,0.01,1.0,Wisconsin,75.0,63,89,75.5,38.0,39.0,41,0.0,0.0,83.7,84.0,91.1,90.0,28.0,28.0,67.4,68.0,78,23.7,31
ALL,ALL,ALL,Pennsylvania,75.09166666666667,59,136,60.0,42.0,43.0,53,0.30277777777777776,3.0,85.04166666666667,86.0,90.52777777777777,89.0,63.94444444444444,28.0,31.141666666666666,32.0,55,10.327777777777778,19
1.0,0.01,0.5,Illinois,75.1,52,106,73.0,34.3,34.5,38,0.0,0.0,92.9,96.0,105.9,105.5,131.5,130.0,11.8,11.0,21,3.4,7
2.0,0.05,2.0,Pennsylvania,75.1,59,96,77.0,46.5,46.5,52,0.2,1.0,88.4,90.0,93.6,92.5,91.8,103.5,30.2,29.5,36,9.4,14
0.5,0.01,1.0,Wisconsin,75.1,63,84,75.0,35.4,34.5,42,0.0,0.0,83.9,83.0,89.2,87.5,40.6,28.0,59.0,56.0,77,23.4,31
1.0,0.1,1.0,Utah,75.2,57,83,83.0,13.4,13.5,14,0.2,1.0,90.1,92.0,97.8,96.0,94.0,88.0,9.9,10.0,12,4.2,5
2.0,0.25,2.0,Utah,75.2,57,83,83.0,14.1,14.0,15,0.2,1.0,89.3,92.0,92.8,92.0,92.1,88.0,10.2,10.5,12,4.6,5
0.5,0.01,2.0,Nebraska,75.3,49,117,81.0,27.4,27.0,32,0.0,0.0,87.5,91.0,98.4,97.5,60.6,28.0,5.2,5.0,7,6.2,9
2.0,0.05,2.0,Michigan,75.3,73,77,76.5,37.8,38.5,45,0.3,1.0,77.7,77.0,79.9,81.0,88.6,91.0,22.1,22.0,28,21.2,25
0.5,0.01,0.5,Wisconsin,75.3,63,84,75.0,33.5,33.0,37,0.0,0.0,82.5,83.0,89.7,84.0,35.4,28.0,50.4,52.0,61,22.3,26
1.0,0.05,1.0,Michigan,75.3,65,77,77.0,33.4,33.5,41,0.2,1.0,77.4,77.0,79.6,81.0,88.7,90.0,25.2,25.0,31,22.5,29
ALL,ALL,ALL,Tennessee,75.35,71,173,71.0,38.0,42.0,53,0.002777777777777778,1.0,90.78333333333333,87.0,106.11944444444444,97.0,58.61388888888889,28.0,14.863888888888889,15.0,26,4.633333333333334,11
1.0,0.05,1.0,New York,75.4,58,81,81.0,14.0,14.0,20,2.4,9.0,85.5,89.5,98.5,98.0,28.0,28.0,191.2,189.5,212,35.6,41
2.0,0.05,1.0,Michigan,75.6,73,77,77.0,32.8,33.5,36,0.1,1.0,77.0,77.0,79.4,81.0,90.2,91.0,25.4,24.5,31,24.8,30
0.5,0.05,2.0,Pennsylvania,75.7,59,98,78.5,41.9,41.5,47,0.1,1.0,81.8,86.5,87.4,90.0,70.0,78.0,32.9,32.0,39,11.4,16
1.0,0.05,2.0,Michigan,75.8,73,77,77.0,37.3,37.0,41,0.4,2.0,77.9,77.0,80.7,81.0,90.7,92.0,24.2,24.5,27,20.8,24
1.0,0.25,1.0,Massachusetts,75.9,68,93,77.0,7.7,8.0,8,0.0,0.0,89.6,93.0,103.1,104.0,153.75,116.0,1.0,1.0,1,0.2,1
2.0,0.01,1.0,Illinois,75.9,29,111,83.5,43.5,44.0,47,0.0,0.0,99.1,106.0,107.0,106.0,54.9,28.0,14.3,14.0,22,4.6,7
ALL,ALL,ALL,Vermont,75.93055555555556,50,158,51.0,11.877777777777778,12.0,14,0.2833333333333333,2.0,97.74444444444444,92.0,116.85833333333333,110.0,115.81388888888888,92.0,7.394444444444445,7.0,14,2.0722222222222224,5
1.0,0.05,2.0,Vermont,76.3,50,113,81.0,12.0,12.0,13,0.1,1.0,97.8,98.5,110.6,111.5,123.5,105.5,9.2,10.0,13,2.0,3
1.0,0.01,0.5,Wisconsin,76.3,63,84,75.5,34.6,34.5,40,0.0,0.0,83.8,84.0,92.1,89.5,42.9,28.0,60.7,60.0,74,24.3,33
1.0,0.01,1.0,Florida,76.4,60,98,77.0,12.2,12.0,16,0.5,3.0,87.8,81.0,106.7,115.0,45.4,28.0,19.6,19.5,23,18.1,23
1.0,0.01,2.0,Florida,76.6,60,98,74.0,12.6,12.0,16,2.1,5.0,96.4,98.0,114.3,112.0,51.3,28.0,28.0,29.0,32,19.5,24
1.0,0.01,1.0,Oregon,76.8,67,113,71.0,10.9,11.0,12,0.0,0.0,87.8,79.0,97.6,100.0,107.4,109.0,5.0,5.0,7,3.3,5
2.0,0.01,1.0,Nevada,76.9,54,137,70.5,4.5,4.5,5,0.0,0.0,99.6,92.5,130.3,133.5,195.4,136.0,1.8,1.0,4,0.0,0
0.5,0.1,1.0,Maryland,76.9,69,82,82.0,12.3,12.5,14,0.0,0.0,94.8,98.0,108.6,108.0,80.3,84.0,10.4,11.0,14,0.6,2
2.0,0.01,0.5,Washington,76.9,73,91,73.0,6.9,7.0,9,0.2,2.0,84.7,86.0,96.6,91.0,77.1,99.0,18.5,19.5,24,15.4,18
0.5,0.01,0.5,Florida,77.2,60,81,80.5,8.4,8.0,12,0.5,3.0,85.0,81.0,115.1,123.0,89.6,90.0,6.7,6.0,10,11.4,19
0.5,0.05,1.0,Virginia,77.3,64,113,73.5,18.4,18.0,21,0.0,0.0,106.2,101.5,124.0,123.0,112.7,102.0,4.8,4.5,9,4.4,6
2.0,0.01,1.0,Florida,77.3,53,115,73.0,13.4,13.5,16,0.9,8.0,96.2,81.0,118.7,113.5,42.0,28.0,30.6,29.5,37,19.7,23
ALL,ALL,ALL,North Dakota,77.32777777777778,57,165,69.0,17.97222222222222,19.0,27,0.008333333333333333,1.0,89.45555555555555,75.0,102.43055555555556,84.0,95.51685393258427,109.0,11.418994413407821,11.0,29,4.641666666666667,10
1.0,0.05,1.0,Pennsylvania,77.4,59,91,81.0,44.5,44.5,47,0.1,1.0,88.6,91.0,92.9,96.0,82.9,97.5,31.9,33.0,37,11.3,14
0.5,0.05,0.5,Vermont,77.5,51,123,71.5,11.8,11.5,14,0.1,1.0,110.1,115.0,120.4,123.5,123.6,124.0,4.2,5.0,6,2.1,3
2.0,0.01,0.5,Wisconsin,77.6,63,100,75.0,39.0,38.5,43,0.0,0.0,85.1,83.0,92.8,91.0,28.0,28.0,68.0,69.0,75,22.8,26
2.0,0.1,1.0,Virginia,77.7,64,123,64.0,30.1,30.5,32,0.0,0.0,92.3,87.5,106.9,89.0,142.8,87.0,10.3,11.5,16,5.2,7
0.5,0.01,1.0,Washington,77.7,73,88,76.0,6.1,6.5,7,0.1,1.0,83.4,84.0,113.4,88.0,62.8,53.5,15.2,15.0,19,13.4,16
1.0,0.05,0.5,Utah,77.8,57,83,83.0,12.5,12.5,14,0.2,1.0,90.2,92.0,96.5,96.0,79.7,98.5,8.2,8.0,10,3.5,5
2.0,0.05,0.5,Utah,77.8,57,83,83.0,12.9,13.0,14,0.3,1.0,91.4,92.0,102.2,98.0,63.7,56.0,11.2,11.0,14,3.7,5
2.0,0.1,0.5,Utah,77.8,57,83,83.0,13.3,13.0,14,0.0,0.0,90.2,92.0,94.0,94.0,91.8,88.0,11.2,11.0,12,4.2,5
1.0,0.25,2.0,Utah,77.8,57,83,83.0,13.5,13.0,15,0.2,1.0,91.0,92.0,97.0,92.0,96.9,88.0,8.9,9.0,10,5.1,6
1.0,0.25,0.5,Massachusetts,78.0,68,96,77.0,7.8,8.0,8,0.0,0.0,93.6,93.0,99.6,98.5,94.66666666666667,84.0,1.0,1.0,1,0.0,0
1.0,0.01,0.5,Washington,78.0,73,102,75.0,5.8,5.5,8,0.1,1.0,85.5,86.0,96.5,89.5,50.5,28.0,17.4,17.5,25,15.1,17
1.0,0.1,2.0,Virginia,78.1,64,123,73.5,29.7,30.0,32,0.0,0.0,98.2,88.0,118.4,118.5,109.2,89.5,10.0,9.5,15,5.5,7
2.0,0.01,0.5,Indiana,78.1,69,98,69.0,49.1,49.5,51,0.0,0.0,91.2,92.0,96.9,95.0,78.0,101.0,8.9,9.5,14,8.0,10
0.5,0.01,1.0,Florida,78.2,60,98,80.5,11.3,12.0,13,1.0,4.0,88.4,81.0,108.7,116.5,82.7,92.0,13.2,13.0,18,14.7,17
2.0,0.05,0.5,New York,78.2,58,81,81.0,12.3,13.0,15,3.0,9.0,93.3,92.0,104.0,105.0,28.0,28.0,183.6,183.5,193,37.2,40
0.5,0.1,0.5,Maryland,78.3,63,89,82.0,11.9,12.0,13,0.0,0.0,101.6,107.5,108.7,115.0,83.0,84.0,10.7,10.0,15,0.2,1
0.5,0.01,1.0,Indiana,78.3,69,104,72.0,37.9,38.0,43,0.0,0.0,91.4,90.0,96.6,95.0,93.1,101.0,5.4,5.5,10,6.0,10
1.0,0.01,1.0,Indiana,78.3,58,93,79.0,49.6,50.5,54,0.0,0.0,90.4,93.0,95.7,95.0,96.1,101.0,7.4,7.5,11,7.4,11
0.5,0.05,2.0,Maryland,78.5,63,89,82.0,11.9,12.0,13,0.0,0.0,99.8,106.5,114.4,115.0,81.5,84.5,13.7,12.5,20,1.9,3
2.0,0.01,0.5,Florida,78.6,60,98,80.0,12.3,12.5,15,1.7,5.0,92.3,89.5,111.8,117.5,36.8,28.0,26.5,26.0,35,19.2,21
2.0,0.25,2.0,Massachusetts,78.7,68,96,77.0,7.8,8.0,8,0.0,0.0,92.3,93.0,99.9,98.5,,,0.0,0.0,0,0.1,1
0.5,0.01,0.5,Washington,78.9,73,92,74.0,4.9,5.0,7,0.3,2.0,87.6,85.0,93.8,90.0,87.4,102.0,14.1,14.5,19,13.9,16
2.0,0.01,2.0,Oregon,79.0,63,119,71.0,11.5,11.5,14,0.0,0.0,88.0,79.0,105.3,109.0,160.7,111.5,5.1,5.0,9,4.1,6
1.0,0.05,1.0,Vermont,79.2,50,109,92.5,11.7,11.5,13,0.2,1.0,110.3,110.5,123.7,123.0,114.6,115.5,7.3,8.0,10,2.3,4
2.0,0.01,0.5,Oregon,79.4,67,119,70.0,11.5,12.0,13,0.0,0.0,87.3,79.0,106.3,106.5,123.3,102.0,5.8,5.5,9,3.8,5
1.0,0.01,2.0,Washington,79.6,73,92,76.0,7.2,7.5,9,0.3,3.0,87.2,85.0,103.3,89.5,64.3,60.0,23.1,25.0,29,15.5,21
2.0,0.01,2.0,Washington,79.6,69,107,74.0,6.0,6.0,8,0.2,1.0,87.8,85.0,97.0,88.0,56.3,28.0,20.9,20.0,26,17.1,19
0.5,0.1,2.0,Maryland,79.9,63,99,82.0,13.0,13.0,14,0.0,0.0,97.4,99.5,108.0,110.5,83.0,84.0,11.9,11.5,18,1.4,2
1.0,0.01,1.0,Michigan,79.9,53,109,81.0,29.9,31.0,36,1.6,10.0,97.5,101.5,109.6,109.0,121.2,127.5,20.1,19.5,36,19.1,28
2.0,0.01,0.5,Illinois,80.0,29,106,84.5,42.4,42.5,46,0.0,0.0,94.5,100.5,102.7,106.0,69.6,50.0,14.2,12.0,22,4.6,7
1.0,0.25,0.5,Mississippi,80.3,67,86,86.0,8.3,8.0,10,0.0,0.0,95.5,95.0,110.1,111.0,249.0,249.0,1.0,1.0,1,0.0,0
1.0,0.01,2.0,Kentucky,80.3,79,92,79.0,35.0,35.0,40,0.1,1.0,101.3,101.0,122.8,131.0,178.9,186.5,10.8,10.5,14,7.8,12
ALL,ALL,ALL,Louisiana,80.37677053824362,57,444,57.0,3.8413597733711047,4.0,9,0.0,0.0,117.23753665689149,61.0,233.1779359430605,226.0,299.7552083333333,304.0,1.3802083333333333,1.0,2,0.0,0
1.0,0.05,2.0,Utah,80.4,57,83,83.0,13.5,13.5,16,0.2,1.0,91.5,92.0,99.0,96.0,77.0,97.0,11.4,11.5,14,3.5,6
1.0,0.05,1.0,Utah,80.4,57,83,83.0,12.6,12.5,15,0.1,1.0,93.6,92.0,98.9,96.0,86.5,98.5,10.3,10.0,13,3.7,6
0.5,0.1,2.0,Utah,80.4,57,83,83.0,13.6,14.0,15,0.2,1.0,91.9,92.0,99.1,94.0,92.5,88.0,10.3,10.0,13,3.8,5
0.5,0.1,1.0,Utah,80.4,57,83,83.0,12.3,12.0,14,0.0,0.0,91.1,92.0,94.4,96.0,101.6,100.0,7.7,8.0,9,4.2,5
1.0,0.1,2.0,Utah,80.4,57,83,83.0,13.7,14.0,14,0.3,1.0,92.3,92.0,100.3,96.0,89.2,88.0,10.5,10.0,15,4.4,5
0.5,0.25,1.0,Utah,80.4,57,83,83.0,13.1,13.0,14,0.2,1.0,91.5,92.0,95.7,94.0,92.9,88.0,7.6,7.0,10,4.8,6
1.0,0.25,0.5,Utah,80.4,57,83,83.0,12.7,13.0,14,0.4,1.0,91.5,92.0,96.1,96.0,96.4,88.0,7.6,8.0,9,4.8,6
0.5,0.25,2.0,Utah,80.4,57,83,83.0,13.1,13.0,14,0.5,1.0,92.3,92.0,99.5,96.0,92.0,88.0,9.9,10.0,13,4.9,6
0.5,0.1,0.5,Utah,80.4,57,83,83.0,9.3,9.0,11,0.4,1.0,91.1,92.0,94.0,94.0,101.0,97.0,7.0,7.0,9,4.9,6
1.0,0.25,1.0,Utah,80.4,57,83,83.0,13.3,13.5,15,0.5,1.0,91.1,92.0,94.4,96.0,105.2,88.0,9.0,9.0,10,5.1,6
1.0,0.25,2.0,Massachusetts,80.5,77,96,77.0,7.9,8.0,8,0.0,0.0,95.1,93.0,103.3,104.0,207.5,207.5,1.0,1.0,1,0.0,0
0.5,0.25,2.0,Massachusetts,80.5,68,96,77.0,7.9,8.0,8,0.0,0.0,94.3,93.0,100.3,100.0,,,0.0,0.0,0,0.0,0
0.5,0.25,0.5,Massachusetts,80.5,77,96,77.0,6.5,7.0,7,0.0,0.0,97.2,94.5,104.2,101.5,299.0,299.0,1.0,1.0,1,0.0,0
2.0,0.25,0.5,Mississippi,80.6,67,84,84.0,14.0,14.0,17,0.0,0.0,85.6,86.0,93.2,95.0,249.0,249.0,1.375,1.0,2,0.0,0
1.0,0.01,0.5,Michigan,80.6,77,81,81.0,30.2,30.5,35,0.0,0.0,90.1,85.5,104.9,109.0,120.9,132.5,14.1,14.0,20,13.9,19
0.5,0.01,2.0,Washington,80.6,69,92,80.5,6.8,7.0,8,0.2,2.0,88.9,88.0,99.9,91.5,77.8,93.0,18.4,19.0,22,15.2,18
1.0,0.05,0.5,Pennsylvania,80.7,59,96,88.0,40.9,40.0,45,0.1,1.0,85.8,90.0,88.9,93.0,96.8,111.0,30.2,31.0,38,10.0,14
2.0,0.01,1.0,Washington,80.7,69,92,80.5,6.0,5.5,10,1.3,12.0,93.1,87.0,113.0,92.0,48.2,28.0,23.2,23.5,30,16.3,19
0.5,0.01,1.0,Illinois,80.8,52,106,73.0,34.4,35.0,40,0.0,0.0,93.4,96.0,103.5,106.0,120.6,130.0,9.3,9.5,13,2.9,5
2.0,0.05,2.0,Utah,80.8,57,87,83.0,14.0,14.0,15,0.2,1.0,91.9,92.0,104.3,104.5,94.6,97.0,12.8,14.0,17,3.1,5
1.0,0.01,1.0,Washington,80.8,73,92,77.0,5.8,6.0,9,2.5,18.0,129.3,91.0,94.77777777777777,91.0,71.4,98.0,19.0,18.5,22,15.9,18
2.0,0.25,1.0,Massachusetts,80.9,68,93,77.0,7.9,8.0,8,0.0,0.0,93.1,93.0,101.7,101.5,116.0,116.0,0.5,0.5,1,0.1,1
0.5,0.01,0.5,Illinois,81.0,52,106,77.0,28.2,29.0,31,0.0,0.0,100.6,105.0,107.7,106.0,109.9,135.0,5.6,5.5,10,2.5,4
1.0,0.01,0.5,Indiana,81.0,69,94,86.5,41.9,41.0,48,0.0,0.0,90.7,93.0,94.4,95.0,114.7,102.0,5.9,5.5,9,5.9,9
2.0,0.01,2.0,Tennessee,81.1,71,119,71.0,30.4,30.5,36,0.0,0.0,131.3,119.0,153.6,147.0,104.1,73.0,12.8,13.5,18,3.8,7
2.0,0.25,0.5,New Jersey,81.2,67,84,83.0,9.0,9.0,9,0.0,0.0,87.7,87.0,97.3,97.0,199.4,189.0,5.2,5.0,7,0.0,0
0.5,0.05,0.5,Utah,81.3,57,92,83.0,9.2,9.0,11,0.1,1.0,91.9,92.0,101.0,96.0,81.3,100.0,6.7,6.5,9,3.0,4
2.0,0.01,2.0,Kentucky,81.3,61,124,79.0,32.5,34.0,36,0.0,0.0,102.5,95.5,114.0,109.0,144.7,164.0,11.9,11.5,19,10.2,16
2.0,0.01,2.0,Florida,81.3,60,130,80.0,14.4,14.0,18,1.9,7.0,104.9,99.5,114.2,117.5,65.5,28.0,29.9,29.0,37,19.0,23
0.5,0.01,1.0,Oregon,81.4,67,102,74.5,8.6,8.5,11,0.0,0.0,96.7,104.0,110.1,114.0,128.55555555555554,123.0,3.8,3.5,8,1.5,3
2.0,0.01,1.0,Oregon,81.5,63,111,70.0,11.8,12.0,14,0.0,0.0,93.0,91.5,103.0,110.5,154.33333333333334,125.0,4.5,5.0,7,3.3,5
0.5,0.01,0.5,Kentucky,81.6,79,92,79.0,16.0,15.5,21,0.0,0.0,108.6,101.0,118.3,122.0,169.6,182.0,3.3,3.5,5,2.3,4
0.5,0.01,2.0,Missouri,81.6,32,97,87.0,32.5,33.0,39,0.0,0.0,98.8,97.0,108.9,109.0,110.0,122.5,4.6,4.5,7,3.1,5
2.0,0.01,2.0,Missouri,81.6,56,97,87.0,47.5,47.0,52,0.0,0.0,95.1,97.0,106.7,109.0,99.1,122.5,8.2,8.5,12,6.5,11
1.0,0.25,2.0,New Jersey,81.7,67,84,83.0,9.0,9.0,9,0.0,0.0,87.1,84.0,96.3,92.0,212.6,189.0,6.1,6.0,8,0.9,1
0.5,0.25,2.0,New Jersey,81.9,67,87,83.0,8.9,9.0,9,0.0,0.0,84.9,84.0,94.7,97.0,238.0,248.0,2.4,2.0,4,0.0,0
0.5,0.25,0.5,New Jersey,81.9,77,84,83.0,6.7,7.0,8,0.0,0.0,83.9,84.0,92.3,92.0,256.0,256.0,1.0,1.0,1,0.0,0
0.5,0.05,1.0,Maryland,82.0,68,89,82.0,11.3,11.5,13,0.0,0.0,109.0,107.0,115.5,115.0,77.3,84.0,10.5,10.0,15,0.7,3
2.0,0.25,2.0,New Jersey,82.0,77,84,83.0,9.0,9.0,9,0.0,0.0,83.5,84.0,91.6,87.0,212.6,189.0,5.1,5.0,6,0.9,1
1.0,0.01,0.5,Kentucky,82.1,75,101,79.0,26.4,26.5,33,0.1,1.0,105.3,106.5,123.2,124.0,147.4,178.0,6.5,6.0,11,5.8,9
1.0,0.25,1.0,Mississippi,82.2,67,86,86.0,10.6,10.5,12,0.0,0.0,93.5,95.0,110.4,111.0,249.0,249.0,1.0,1.0,1,0.0,0
1.0,0.05,0.5,Maryland,82.2,63,105,82.0,11.5,11.5,13,0.0,0.0,99.6,106.0,112.5,114.5,84.2,84.0,11.0,10.5,15,1.2,3
2.0,0.25,1.0,Mississippi,82.3,67,84,84.0,15.4,15.0,17,0.0,0.0,85.8,86.0,94.1,95.0,249.0,249.0,1.1,1.0,2,0.4,1
0.5,0.01,2.0,Oregon,82.4,67,119,70.0,10.8,11.0,12,0.0,0.0,98.6,106.5,114.5,119.0,126.8,142.5,5.1,5.0,9,3.2,5
1.0,0.01,2.0,Oregon,82.4,69,111,70.0,12.0,12.0,16,0.0,0.0,95.9,91.5,107.5,111.0,130.3,101.5,5.4,4.0,11,3.8,6
1.0,0.01,2.0,Illinois,82.4,29,106,96.0,42.2,42.0,45,0.0,0.0,98.0,106.0,109.4,109.5,89.9,79.0,14.7,14.5,19,5.9,7
1.0,0.25,1.0,New Jersey,82.5,67,97,83.0,8.9,9.0,9,0.0,0.0,90.1,87.0,101.2,97.0,213.1,189.0,3.8,4.0,6,0.0,0
0.5,0.01,0.5,Indiana,82.5,69,113,81.5,28.3,28.0,37,0.0,0.0,95.5,93.0,100.6,96.0,116.77777777777777,118.0,4.3,4.5,9,4.4,9
2.0,0.01,1.0,Indiana,82.6,69,105,83.0,51.4,50.5,58,0.0,0.0,93.0,93.0,100.8,97.0,73.8,101.0,7.1,7.0,10,7.3,11
0.5,0.01,2.0,Michigan,82.7,73,109,81.0,31.8,32.5,36,0.3,1.0,96.3,97.0,109.1,108.0,111.2,115.0,18.9,17.0,28,16.4,21
2.0,0.05,1.0,Utah,83.0,83,83,83.0,14.2,14.0,16,0.2,1.0,94.5,92.0,104.5,99.5,88.7,97.0,10.9,11.0,13,2.9,5
0.5,0.05,1.0,Utah,83.0,83,83,83.0,11.2,11.0,13,0.0,0.0,92.0,92.0,96.9,96.0,118.8,132.0,6.6,6.0,9,3.6,5
0.5,0.05,2.0,Utah,83.0,83,83,83.0,13.2,13.5,16,0.0,0.0,92.0,92.0,96.9,96.0,86.5,98.5,10.1,10.0,12,3.6,5
1.0,0.1,0.5,Utah,83.0,83,83,83.0,12.6,13.0,14,0.0,0.0,92.0,92.0,93.6,92.0,92.5,98.5,6.7,7.0,8,3.9,5
2.0,0.1,2.0,Utah,83.0,83,83,83.0,13.3,13.5,15,0.4,1.0,92.8,92.0,98.2,96.0,97.3,92.5,11.0,11.0,13,4.2,6
2.0,0.1,1.0,Utah,83.0,83,83,83.0,13.7,14.0,15,0.2,1.0,92.4,92.0,96.5,96.0,103.3,92.5,9.9,10.0,12,4.3,5
0.5,0.01,0.5,Tennessee,83.1,71,128,79.0,10.9,11.5,14,0.0,0.0,117.2,113.5,143.5,134.0,98.4,99.0,4.5,4.5,7,1.1,3
0.5,0.01,1.0,Kentucky,83.1,74,101,79.0,21.4,21.5,28,0.0,0.0,102.0,101.0,114.8,115.5,179.0,178.0,4.8,5.0,7,4.7,6
0.5,0.01,2.0,Indiana,83.1,60,97,87.0,46.3,46.0,50,0.0,0.0,92.8,94.5,98.0,101.0,107.6,102.0,6.2,6.5,8,6.0,9
2.0,0.01,0.5,Tennessee,83.2,71,119,79.0,29.0,29.5,33,0.0,0.0,116.1,123.5,150.0,147.0,73.7,73.0,13.4,13.0,20,3.6,6
2.0,0.25,1.0,New Jersey,83.3,77,87,83.0,9.0,9.0,9,0.0,0.0,88.5,84.0,97.6,87.0,206.7,189.0,5.7,6.5,7,1.0,1
2.0,0.25,0.5,Massachusetts,83.4,68,96,77.0,8.0,8.0,8,0.0,0.0,96.1,97.0,104.2,107.5,116.0,116.0,1.0,1.0,1,0.0,0
0.5,0.1,1.0,Massachusetts,83.4,77,93,77.0,6.6,6.5,8,0.0,0.0,100.8,104.0,108.2,111.0,84.0,84.0,1.0,1.0,1,0.0,0
0.5,0.01,0.5,Michigan,83.4,77,99,81.0,24.2,23.0,31,0.1,1.0,93.7,85.0,108.6,109.0,127.9,125.0,8.2,8.0,14,8.7,14
ALL,ALL,ALL,Utah,83.46944444444445,57,139,83.0,12.416666666666666,13.0,16,0.18055555555555555,1.0,97.33888888888889,92.0,105.68611111111112,96.0,95.64166666666667,97.0,8.777777777777779,9.0,17,3.4555555555555557,6
0.5,0.25,1.0,Massachusetts,83.7,77,96,77.0,6.9,7.0,7,0.0,0.0,98.3,97.5,104.4,107.5,105.33333333333333,116.0,1.0,1.0,1,0.0,0
1.0,0.25,0.5,New Jersey,83.8,83,87,83.0,8.2,8.5,9,0.0,0.0,87.9,84.0,99.6,97.0,195.55555555555554,189.0,1.1111111111111112,1.0,2,0.0,0
0.5,0.25,1.0,North Carolina,83.9,72,89,89.0,23.0,23.0,26,0.0,0.0,102.3,108.0,114.4,116.0,149.1,149.0,2.3,2.0,4,3.1,4
1.0,0.25,2.0,Mississippi,84.0,84,84,84.0,15.4,15.0,17,0.0,0.0,86.0,86.0,95.0,95.0,249.0,249.0,1.2,1.0,2,0.0,0
2.0,0.05,0.5,Mississippi,84.0,84,84,84.0,10.7,10.5,12,0.0,0.0,103.4,86.0,138.6,147.5,292.2,249.0,1.0,1.0,1,0.0,0
2.0,0.05,2.0,Mississippi,84.0,84,84,84.0,11.6,11.0,14,0.0,0.0,102.1,86.0,125.7,111.0,249.0,249.0,1.0,1.0,1,0.0,0
2.0,0.1,0.5,Mississippi,84.0,84,84,84.0,11.9,12.0,13,0.0,0.0,86.0,86.0,101.4,95.0,249.0,249.0,1.125,1.0,2,0.0,0
2.0,0.05,1.0,Mississippi,84.0,84,84,84.0,11.6,12.0,14,0.0,0.0,98.3,86.0,135.3,124.0,249.0,249.0,0.8333333333333334,1.0,1,0.1,1
1.0,0.1,2.0,Mississippi,84.0,84,84,84.0,13.2,13.0,15,0.0,0.0,86.9,86.0,106.9,96.5,279.85714285714283,249.0,1.0,1.0,1,0.1,1
2.0,0.25,2.0,Mississippi,84.0,84,84,84.0,15.5,16.0,17,0.0,0.0,86.0,86.0,95.0,95.0,249.0,249.0,1.6,2.0,2,0.3,1
2.0,0.1,2.0,Mississippi,84.0,84,84,84.0,13.0,13.0,15,0.0,0.0,86.0,86.0,111.6,96.5,249.0,249.0,1.1111111111111112,1.0,2,0.3,1
2.0,0.1,1.0,Mississippi,84.0,84,84,84.0,13.2,13.5,15,0.0,0.0,89.8,86.0,106.2,95.0,249.0,249.0,0.7777777777777778,1.0,2,0.5,1
2.0,0.01,2.0,Indiana,84.0,69,97,87.0,50.2,50.5,55,0.0,0.0,91.6,93.0,98.1,100.0,89.8,102.0,9.8,9.5,14,8.3,13
2.0,0.05,0.5,Pennsylvania,84.0,59,91,89.0,45.7,46.0,49,0.1,1.0,92.3,91.0,95.9,95.5,100.1,107.0,31.4,30.5,41,10.4,15
0.5,0.25,1.0,Mississippi,84.1,67,86,86.0,8.2,8.0,10,0.0,0.0,97.0,95.0,102.9,98.0,249.0,249.0,1.0,1.0,1,0.0,0
1.0,0.1,0.5,Mississippi,84.1,67,86,86.0,7.2,7.0,9,0.0,0.0,100.5,95.0,131.4,124.0,249.0,249.0,1.0,1.0,1,0.0,0
1.0,0.05,2.0,Mississippi,84.2,84,86,84.0,10.6,10.5,13,0.0,0.0,103.0,86.0,119.2,98.0,249.0,249.0,0.75,1.0,1,0.1,1
1.0,0.1,0.5,Massachusetts,84.3,77,96,77.0,7.1,7.0,8,0.0,0.0,99.9,104.0,110.1,111.0,170.0,84.0,1.0,1.0,1,0.0,0
0.5,0.01,0.5,Oregon,84.4,67,125,72.5,8.3,8.0,12,0.0,0.0,93.1,77.5,115.7,110.0,110.7,106.0,3.2,3.0,6,0.3,1
2.0,0.05,1.0,Maryland,84.4,69,115,82.0,11.9,12.0,14,0.0,0.0,107.3,107.0,114.3,115.0,100.6,84.0,12.0,12.0,16,2.4,4
2.0,0.01,1.0,Michigan,84.7,65,117,81.0,33.8,33.5,40,0.1,1.0,98.6,95.5,112.4,116.5,112.0,109.0,21.2,20.0,27,17.1,24
0.5,0.25,1.0,New Jersey,85.2,83,103,83.0,7.9,8.0,9,0.0,0.0,91.1,85.5,106.2,103.0,189.0,189.0,1.3,1.0,2,0.0,0
1.0,0.05,1.0,Maryland,85.2,63,117,85.5,11.9,12.0,13,0.0,0.0,109.7,112.5,119.6,119.0,89.1,86.5,11.5,12.0,15,2.3,3
1.0,0.01,1.0,Illinois,85.3,52,106,84.5,40.9,41.5,44,0.0,0.0,96.9,106.0,111.4,113.5,99.4,94.0,12.3,12.0,17,5.2,7
0.5,0.25,1.0,South Carolina,85.5,82,91,82.0,13.5,13.5,16,0.0,0.0,103.2,91.0,144.9,145.0,167.5,183.0,14.8,14.5,18,3.6,6
0.5,0.25,2.0,Mississippi,86.0,86,86,86.0,10.6,10.5,13,0.0,0.0,94.1,95.0,110.7,111.0,249.0,249.0,1.0,1.0,1,0.0,0
0.5,0.25,0.5,Mississippi,86.0,86,86,86.0,6.2,6.5,7,0.0,0.0,97.9,95.0,105.8,98.0,249.0,249.0,1.0,1.0,1,0.0,0
0.5,0.1,0.5,Mississippi,86.0,86,86,86.0,5.3,5.0,7,0.0,0.0,100.8,95.0,129.8,124.0,249.0,249.0,1.0,1.0,1,0.0,0
0.5,0.01,1.0,Michigan,86.0,77,109,81.0,29.2,29.5,32,0.2,1.0,101.2,108.0,114.6,111.5,135.5,137.5,11.0,11.0,16,13.1,17
1.0,0.01,2.0,Michigan,86.5,77,116,81.0,32.0,32.5,38,0.2,1.0,97.8,104.5,110.3,113.0,123.8,117.5,19.5,18.5,28,17.3,25
2.0,0.05,2.0,Virginia,86.7,64,123,84.0,28.3,28.0,31,0.0,0.0,113.2,113.0,140.0,128.0,155.7,117.5,9.4,9.0,17,5.4,7
2.0,0.25,2.0,North Carolina,86.8,72,89,89.0,31.8,32.0,34,0.0,0.0,105.3,108.0,114.7,116.0,193.2,149.0,3.5,3.0,5,3.6,5
2.0,0.25,1.0,South Carolina,86.8,82,91,88.5,18.6,19.0,21,0.0,0.0,97.0,91.0,114.2,113.0,105.5,105.5,23.6,22.5,28,3.9,5
0.5,0.25,2.0,North Carolina,86.8,72,89,89.0,29.1,29.0,31,0.0,0.0,106.6,108.0,117.9,116.0,162.5,149.0,3.4,4.0,4,4.3,6
2.0,0.25,1.0,North Carolina,86.8,72,89,89.0,31.3,31.5,33,0.0,0.0,106.1,108.0,116.6,116.0,237.4,149.0,3.0,3.0,4,4.4,6
2.0,0.01,2.0,Michigan,86.9,77,116,81.0,33.2,33.5,36,0.3,2.0,104.4,108.0,113.3,115.0,116.7,117.0,19.1,18.5,26,16.9,20
1.0,0.01,1.0,New York,86.9,58,118,81.0,10.5,11.0,16,2.2,18.0,114.0,106.0,146.4,141.5,28.0,28.0,155.9,158.5,167,36.0,39
2.0,0.1,2.0,South Carolina,87.0,82,91,89.0,15.6,15.5,18,0.0,0.0,106.4,113.0,147.2,157.0,106.4,105.5,20.8,21.5,24,4.9,7
0.5,0.05,0.5,Maryland,87.2,63,114,82.0,10.3,10.0,12,0.0,0.0,108.0,108.0,117.9,115.0,95.0,84.0,9.4,10.5,14,0.2,1
0.5,0.1,1.0,North Carolina,87.3,72,89,89.0,18.4,18.5,21,0.0,0.0,110.1,112.0,122.0,122.0,174.5,154.0,2.9,2.5,5,2.8,4
1.0,0.25,0.5,North Carolina,87.3,72,89,89.0,23.8,23.5,28,0.0,0.0,109.3,108.0,119.7,116.0,163.0,149.0,3.5,3.0,5,4.3,5
1.0,0.01,2.0,Indiana,87.3,69,104,93.0,51.3,50.5,57,0.0,0.0,96.9,97.0,101.2,103.0,99.4,102.0,7.6,7.0,12,7.8,12
2.0,0.1,1.0,Massachusetts,87.5,77,96,93.0,7.4,7.5,8,0.0,0.0,100.9,104.0,110.2,111.0,299.0,299.0,1.0,1.0,1,0.0,0
0.5,0.01,1.0,Tennessee,87.5,71,173,71.0,17.5,17.0,23,0.0,0.0,110.9,108.0,140.5,123.5,98.0,86.0,8.3,7.5,13,1.4,4
1.0,0.01,2.0,Tennessee,87.5,71,130,79.0,28.3,28.0,32,0.0,0.0,119.9,119.0,150.2,149.0,83.7,99.0,15.2,14.5,22,2.9,6
2.0,0.05,1.0,Virginia,87.6,64,123,83.0,29.6,29.5,34,0.0,0.0,112.6,118.5,134.9,125.5,193.5,159.5,6.4,6.0,12,4.0,5
0.5,0.1,2.0,Mississippi,87.8,86,95,86.0,8.5,8.5,10,0.0,0.0,109.5,109.5,151.7,171.0,249.0,249.0,1.0,1.0,1,0.0,0
0.5,0.25,0.5,North Carolina,88.0,84,89,89.0,14.6,15.0,17,0.0,0.0,104.2,108.0,114.4,116.0,149.0,149.0,1.8,2.0,2,1.7,2
1.0,0.25,1.0,North Carolina,88.0,84,89,89.0,29.5,30.0,32,0.0,0.0,105.8,108.0,117.4,116.0,156.7,149.0,2.9,3.0,4,4.3,6
0.5,0.05,2.0,Massachusetts,88.1,77,96,94.5,7.4,7.5,8,0.0,0.0,103.8,104.0,122.4,130.0,133.0,84.0,1.25,1.0,2,0.0,0
2.0,0.1,2.0,Massachusetts,88.1,77,96,94.5,7.7,8.0,8,0.0,0.0,102.7,104.0,111.3,111.0,289.5,289.5,1.0,1.0,1,0.0,0
1.0,0.1,1.0,Massachusetts,88.1,77,96,94.5,7.4,7.5,8,0.0,0.0,102.1,104.0,111.0,111.0,137.75,84.0,1.0,1.0,1,0.0,0
1.0,0.1,1.0,Mississippi,88.1,86,98,86.0,8.8,9.0,11,0.0,0.0,101.7,96.5,134.3,124.0,249.0,249.0,1.0,1.0,1,0.0,0
1.0,0.1,2.0,Massachusetts,88.1,77,96,94.5,7.3,7.5,8,0.0,0.0,100.5,104.0,112.2,111.0,188.25,185.0,1.0,1.0,1,0.1,1
0.5,0.1,2.0,Massachusetts,88.1,77,96,94.5,7.4,7.0,8,0.0,0.0,99.9,104.0,113.4,111.0,84.0,84.0,0.75,1.0,1,0.1,1
2.0,0.05,0.5,Maryland,88.3,69,127,82.0,12.0,12.0,13,0.0,0.0,111.5,115.0,119.8,117.0,94.1,84.0,10.9,12.0,14,2.2,3
2.0,0.01,1.0,Kentucky,88.4,79,124,79.0,33.3,34.0,39,0.0,0.0,106.8,102.5,118.2,120.5,171.7,186.5,11.3,11.5,14,9.1,12
2.0,0.25,0.5,North Carolina,88.5,84,89,89.0,29.8,30.0,33,0.0,0.0,107.7,108.0,117.5,116.0,195.3,149.0,2.9,2.5,5,4.6,8
2.0,0.25,0.5,South Carolina,88.7,82,91,90.0,17.7,17.5,21,0.0,0.0,101.8,102.0,119.3,120.0,105.5,105.5,19.6,19.0,24,4.2,6
2.0,0.25,2.0,South Carolina,88.7,82,91,91.0,18.0,18.0,20,0.0,0.0,104.2,113.0,129.6,127.0,136.5,183.0,22.3,22.0,28,4.4,6
1.0,0.25,1.0,South Carolina,88.8,82,91,90.0,17.2,17.0,20,0.0,0.0,99.8,91.0,122.2,113.0,136.5,183.0,18.7,18.5,21,4.1,6
2.0,0.05,2.0,Maryland,88.9,69,114,89.0,12.4,12.0,14,0.0,0.0,112.5,115.0,121.0,117.0,102.6,96.0,11.9,12.5,16,1.9,3
1.0,0.25,0.5,South Carolina,88.9,82,91,90.5,16.0,16.0,18,0.0,0.0,102.0,102.0,123.6,120.0,183.0,183.0,13.6,13.5,16,2.6,4
0.5,0.1,0.5,North Carolina,89.0,89,89,89.0,14.9,15.0,18,0.0,0.0,112.0,112.0,121.8,121.5,169.75,149.0,1.6666666666666667,2.0,3,1.7,2
1.0,0.25,2.0,North Carolina,89.0,89,89,89.0,30.5,31.0,32,0.0,0.0,108.8,108.0,117.1,116.0,149.1,149.0,4.0,4.0,6,4.2,6
1.0,0.1,0.5,North Carolina,89.0,89,89,89.0,20.3,20.0,22,0.0,0.0,113.6,116.0,124.2,127.5,193.8,216.0,3.5,3.0,5,4.4,6
1.0,0.05,1.0,North Carolina,89.0,89,89,89.0,22.8,22.5,27,0.0,0.0,115.2,116.0,132.3,129.5,286.8,370.0,2.9,2.5,5,4.8,7
2.0,0.1,2.0,North Carolina,89.0,89,89,89.0,30.0,30.0,31,0.0,0.0,114.4,116.0,125.2,127.0,214.8,167.5,2.9,3.0,4,5.2,6
2.0,0.1,0.5,North Carolina,89.0,89,89,89.0,27.1,27.0,33,0.0,0.0,111.2,108.0,122.3,116.0,196.5,149.0,4.3,4.0,6,5.2,7
2.0,0.1,1.0,North Carolina,89.0,89,89,89.0,28.1,28.0,31,0.0,0.0,111.2,108.0,121.9,116.0,225.0,149.0,3.5,3.5,5,5.3,7
1.0,0.1,2.0,North Carolina,89.0,89,89,89.0,27.3,27.0,29,0.0,0.0,113.6,116.0,125.4,127.0,214.9,152.0,3.4,3.5,5,5.6,7
1.0,0.1,1.0,North Carolina,89.0,89,89,89.0,25.0,25.0,29,0.0,0.0,112.0,112.0,122.0,122.0,150.4,149.0,3.6,4.0,5,5.6,8
0.5,0.1,2.0,North Carolina,89.0,89,89,89.0,23.9,24.5,26,0.0,0.0,114.4,116.0,125.5,127.0,188.9,152.0,3.8,4.0,6,6.0,8
2.0,0.01,0.5,Michigan,89.0,81,109,81.0,33.0,33.0,36,0.0,0.0,105.2,112.5,112.6,117.0,135.8,133.0,17.3,17.5,26,17.8,22
2.0,0.1,0.5,New Jersey,89.5,83,103,85.5,8.5,9.0,9,0.0,0.0,102.5,103.0,120.6,117.0,183.7,189.0,5.4,5.0,7,0.1,1
1.0,0.01,0.5,North Dakota,89.5,69,125,84.0,11.4,11.0,14,0.0,0.0,120.2,113.0,142.4,149.0,157.7,169.5,3.3,3.0,6,2.8,6
0.5,0.05,2.0,Mississippi,89.8,86,124,86.0,7.2,7.0,8,0.0,0.0,133.2,124.0,175.1,173.0,249.0,249.0,1.0,1.0,1,0.0,0
0.5,0.1,1.0,Mississippi,89.8,86,124,86.0,6.3,6.0,7,0.0,0.0,107.0,95.0,143.8,124.0,249.0,249.0,1.0,1.0,1,0.0,0
2.0,0.05,2.0,Massachusetts,89.8,77,105,94.5,6.9,7.0,8,0.0,0.0,111.5,104.0,132.1,130.0,162.4,84.0,1.1666666666666667,1.0,2,0.2,1
1.0,0.25,2.0,South Carolina,89.8,87,91,91.0,18.9,19.0,21,0.0,0.0,106.4,113.0,126.4,127.0,136.5,183.0,18.5,18.5,22,3.1,5
2.0,0.1,2.0,New Jersey,90.0,83,103,85.5,8.6,9.0,9,0.0,0.0,102.2,103.0,120.7,117.0,189.0,189.0,5.4,5.5,7,0.7,1
1.0,0.01,0.5,Utah,90.2,83,103,87.0,9.2,9.0,11,0.0,0.0,115.7,113.0,133.0,138.5,95.1,101.0,4.4,4.0,7,1.5,3
2.0,0.1,0.5,Massachusetts,90.4,77,96,93.0,7.6,8.0,8,0.0,0.0,97.5,96.0,108.0,104.0,299.0,299.0,1.0,1.0,1,0.0,0
2.0,0.1,1.0,South Carolina,90.5,82,113,91.0,15.8,16.0,18,0.0,0.0,109.6,113.0,139.4,127.0,138.3,183.0,18.8,19.0,23,5.3,7
1.0,0.05,2.0,Maryland,90.6,69,114,85.5,11.9,12.0,13,0.0,0.0,110.9,108.0,117.9,115.0,98.4,91.5,11.6,11.0,19,2.3,4
ALL,ALL,ALL,Maryland,90.71111111111111,62,212,82.0,11.602777777777778,12.0,15,0.008333333333333333,1.0,108.825,106.0,122.50277777777778,115.0,102.07520891364902,84.0,11.26388888888889,11.0,23,1.5305555555555554,5
0.5,0.01,0.5,Georgia,90.8,69,105,94.0,9.2,8.5,16,0.0,0.0,123.4,104.5,153.9,139.0,112.66666666666667,108.0,1.0,1.0,1,0.2,1
1.0,0.01,1.0,Kentucky,90.8,79,130,79.0,30.5,30.0,35,0.1,1.0,115.1,128.5,124.1,131.5,175.2,178.0,8.9,9.0,13,8.6,12
1.0,0.01,1.0,Ohio,90.9,68,94,93.0,46.8,46.5,51,0.0,0.0,97.7,99.0,101.1,101.0,71.7,70.5,21.8,21.0,27,12.3,17
1.0,0.01,0.5,Tennessee,91.0,71,128,87.0,21.5,23.0,24,0.0,0.0,122.0,119.0,140.1,129.0,115.5,86.0,9.5,9.5,14,2.3,3
2.0,0.1,1.0,New Jersey,91.2,77,103,92.0,8.9,9.0,9,0.0,0.0,107.6,117.0,126.1,139.0,197.7,189.0,5.2,5.0,7,0.8,1
0.5,0.01,0.5,New York,91.2,58,158,81.0,6.5,6.0,10,6.0,23.0,137.1,132.5,161.44444444444446,168.0,52.6,28.0,91.6,88.0,117,31.9,37
0.5,0.01,2.0,Ohio,91.3,58,100,93.0,47.3,47.5,53,0.0,0.0,99.3,99.0,102.9,103.5,103.5,117.0,18.2,17.5,28,11.2,14
1.0,0.25,2.0,West Virginia,91.4,73,118,89.0,18.0,18.0,21,0.0,0.0,114.2,110.5,135.9,126.5,178.125,93.0,2.125,1.5,4,0.0,0
0.5,0.25,2.0,South Carolina,91.4,82,113,91.0,17.3,17.0,20,0.0,0.0,111.8,113.0,129.7,127.0,183.0,183.0,13.8,14.0,16,2.8,4
2.0,0.01,0.5,New York,91.5,58,168,81.0,12.0,11.5,18,1.2,5.0,118.1,105.0,134.6,114.5,44.3,28.0,144.9,141.0,178,34.5,39
0.5,0.05,0.5,Mississippi,91.6,86,124,86.0,4.5,4.5,6,0.0,0.0,128.6,124.0,169.5,171.0,249.0,249.0,1.0,1.0,1,0.0,0
0.5,0.1,0.5,Massachusetts,91.6,77,96,96.0,6.0,6.0,7,0.0,0.0,99.7,101.5,109.6,111.0,84.0,84.0,1.0,1.0,1,0.0,0
0.5,0.01,0.5,Utah,91.6,83,103,89.5,8.7,8.5,11,0.2,1.0,116.7,113.0,132.2,140.0,107.0,118.0,3.8,3.5,6,1.4,2
2.0,0.01,0.5,Ohio,91.6,58,99,93.5,49.2,48.5,53,0.0,0.0,99.0,99.0,103.7,102.0,107.7,115.0,20.7,21.0,24,11.6,15
0.5,0.05,0.5,North Carolina,91.7,89,116,89.0,12.5,13.0,15,0.0,0.0,116.4,116.0,133.3,134.5,212.16666666666666,216.0,1.0,1.0,2,1.2,2
2.0,0.05,1.0,North Carolina,91.7,89,116,89.0,25.0,25.5,27,0.0,0.0,116.4,116.0,129.1,128.0,252.1,227.0,3.7,3.5,7,5.6,7
2.0,0.05,0.5,North Carolina,91.7,89,116,89.0,23.4,23.0,27,0.0,0.0,116.4,116.0,132.0,128.0,309.1,370.0,2.5,2.5,5,5.7,8
0.5,0.05,1.0,Massachusetts,91.9,77,96,96.0,6.4,6.0,8,0.0,0.0,107.0,104.0,130.8,130.0,84.0,84.0,1.0,1.0,1,0.0,0
0.5,0.05,0.5,Montana,92.0,92,92,92.0,8.1,8.5,10,0.0,0.0,105.0,105.0,110.2,110.0,113.0,113.0,2.0,2.0,3,0.0,0
0.5,0.25,0.5,Montana,92.0,92,92,92.0,11.3,11.5,13,0.0,0.0,105.0,105.0,110.0,110.0,113.0,113.0,1.6,2.0,2,0.0,0
0.5,0.1,0.5,Montana,92.0,92,92,92.0,10.2,10.0,11,0.0,0.0,105.0,105.0,110.0,110.0,113.0,113.0,1.9,2.0,3,0.0,0
1.0,0.25,0.5,Montana,92.0,92,92,92.0,13.7,14.0,15,0.0,0.0,105.0,105.0,110.0,110.0,113.0,113.0,2.6,3.0,4,0.2,1
0.5,0.25,1.0,Montana,92.0,92,92,92.0,13.9,14.0,15,0.0,0.0,105.0,105.0,110.0,110.0,113.0,113.0,1.9,2.0,3,0.6,1
0.5,0.25,2.0,Montana,92.0,92,92,92.0,14.5,14.5,16,0.0,0.0,105.0,105.0,110.0,110.0,113.0,113.0,3.8,4.0,6,0.7,1
2.0,0.1,1.0,Montana,92.0,92,92,92.0,13.4,14.0,14,0.0,0.0,105.0,105.0,110.0,110.0,113.0,113.0,4.8,4.5,7,0.9,1
1.0,0.25,2.0,Montana,92.0,92,92,92.0,14.4,14.0,16,0.0,0.0,105.0,105.0,110.0,110.0,113.0,113.0,4.7,5.0,6,1.0,1
2.0,0.25,1.0,Montana,92.0,92,92,92.0,14.3,14.0,16,0.0,0.0,105.0,105.0,110.0,110.0,113.0,113.0,4.8,5.0,6,1.0,1
1.0,0.25,1.0,Montana,92.0,92,92,92.0,14.0,14.0,16,0.0,0.0,105.0,105.0,110.0,110.0,113.0,113.0,3.7,4.0,5,1.0,1
2.0,0.25,2.0,Montana,92.0,92,92,92.0,14.4,14.0,16,0.0,0.0,105.0,105.0,110.0,110.0,113.0,113.0,4.9,5.0,6,1.0,1
2.0,0.25,0.5,Montana,92.0,92,92,92.0,14.3,14.0,16,0.0,0.0,105.0,105.0,110.0,110.0,113.0,113.0,5.1,5.0,7,1.0,1
1.0,0.1,2.0,Montana,92.0,92,92,92.0,13.8,14.0,15,0.0,0.0,105.0,105.0,110.0,110.0,113.0,113.0,4.8,4.5,7,1.0,1
1.0,0.25,1.0,Connecticut,92.1,83,96,96.0,4.2,4.0,5,0.7,1.0,104.2,106.0,111.4,109.0,109.9,110.0,8.4,8.0,11,2.8,3
1.0,0.1,1.0,New Jersey,92.2,83,117,85.0,8.6,9.0,9,0.0,0.0,101.6,100.0,117.0,117.0,199.1,189.0,3.7,3.0,6,0.0,0
0.5,0.01,2.0,Kentucky,92.2,75,114,90.0,28.1,28.5,33,0.1,1.0,110.1,108.0,122.6,130.0,164.1,185.0,7.9,8.0,14,8.4,10
0.5,0.01,2.0,New York,92.2,81,123,81.0,9.8,10.5,13,4.9,26.0,128.1,118.0,166.3,154.0,28.0,28.0,155.1,160.0,171,36.2,42
1.0,0.05,0.5,Massachusetts,92.4,77,104,96.0,6.4,6.5,7,0.0,0.0,110.5,107.5,127.1,120.5,84.0,84.0,1.0,1.0,1,0.0,0
0.5,0.1,2.0,New Jersey,92.4,83,117,85.5,8.5,8.5,9,0.0,0.0,110.5,117.0,129.1,139.0,204.4,189.0,3.6,3.5,6,0.0,0
0.5,0.01,2.0,Tennessee,92.7,71,128,87.0,23.6,24.5,27,0.0,0.0,127.8,119.0,157.1,164.5,118.3,99.0,12.0,13.0,16,2.7,6
1.0,0.25,2.0,Connecticut,92.8,83,96,96.0,4.4,4.5,5,0.6,1.0,102.0,106.0,109.2,109.0,107.7,110.0,9.0,9.0,11,2.6,4
1.0,0.05,2.0,North Carolina,92.8,89,108,89.0,24.6,24.0,29,0.0,0.0,115.2,116.0,132.0,128.0,223.6,149.0,3.2,3.5,6,5.3,7
1.0,0.1,0.5,South Carolina,93.2,91,113,91.0,14.6,15.0,16,0.0,0.0,119.0,113.0,154.2,159.0,183.0,183.0,11.2,11.5,14,2.4,4
0.5,0.1,2.0,South Carolina,93.2,91,113,91.0,15.2,15.0,17,0.0,0.0,116.7,113.0,150.9,150.0,183.0,183.0,11.4,11.0,14,3.3,5
0.5,0.05,1.0,Montana,93.3,92,105,92.0,10.6,10.5,13,0.0,0.0,105.5,105.0,110.1,110.0,113.0,113.0,2.0,2.0,3,0.2,1
1.0,0.05,0.5,Montana,93.3,92,105,92.0,11.1,11.5,14,0.0,0.0,105.6,105.0,113.7,110.0,113.0,113.0,2.7,3.0,4,0.5,1
2.0,0.05,0.5,Montana,93.3,92,105,92.0,11.7,12.0,13,0.0,0.0,105.5,105.0,110.2,110.0,113.0,113.0,4.8,5.0,6,0.6,1
1.0,0.1,0.5,Montana,93.3,92,105,92.0,12.3,12.5,14,0.0,0.0,105.5,105.0,110.2,110.0,113.0,113.0,2.4,2.0,3,0.6,1
0.5,0.1,1.0,Montana,93.3,92,105,92.0,12.6,13.0,14,0.0,0.0,105.5,105.0,110.1,110.0,113.0,113.0,1.7,2.0,3,0.7,1
0.5,0.05,2.0,Montana,93.3,92,105,92.0,11.0,11.0,13,0.0,0.0,105.6,105.0,113.6,110.0,113.0,113.0,3.6,4.0,6,0.8,1
0.5,0.1,2.0,Montana,93.3,92,105,92.0,13.5,13.5,15,0.0,0.0,105.5,105.0,110.1,110.0,113.0,113.0,4.2,4.0,6,0.8,1
2.0,0.1,2.0,Montana,93.3,92,105,92.0,13.7,13.5,15,0.0,0.0,105.5,105.0,110.1,110.0,113.0,113.0,4.8,5.0,6,1.0,1
1.0,0.1,1.0,Montana,93.3,92,105,92.0,13.7,13.0,15,0.0,0.0,105.5,105.0,110.1,110.0,113.0,113.0,3.3,3.0,4,1.1,2
1.0,0.01,0.5,New York,93.3,58,123,92.0,9.8,10.5,18,4.9,23.0,130.0,118.0,150.1,139.0,36.1,28.0,136.1,133.5,162,35.7,41
2.0,0.25,2.0,Connecticut,93.5,83,106,94.5,4.6,4.5,6,0.4,1.0,101.2,101.0,110.5,109.0,106.3,110.0,9.9,10.0,12,2.4,3
1.0,0.05,0.5,North Carolina,93.6,89,116,89.0,17.6,17.0,21,0.0,0.0,116.3,116.0,133.2,134.5,190.8,198.5,3.3,3.5,5,4.7,6
2.0,0.01,1.0,Tennessee,93.7,71,128,87.0,29.2,30.0,32,0.0,0.0,130.7,128.0,157.7,157.0,89.1,111.0,12.0,12.0,15,4.6,7
2.0,0.05,0.5,Massachusetts,93.8,77,104,96.0,7.1,7.0,8,0.0,0.0,106.9,104.0,128.3,130.0,214.66666666666666,280.0,0.75,1.0,1,0.1,1
1.0,0.01,0.5,Pennsylvania,93.8,59,121,94.5,34.2,34.0,40,0.0,0.0,110.5,110.0,116.4,114.0,52.0,28.0,21.2,21.0,31,6.9,8
2.0,0.01,2.0,Ohio,94.0,87,102,93.0,50.1,50.0,53,0.2,2.0,100.5,99.0,104.5,102.0,114.4,117.0,21.1,20.5,33,11.4,15
2.0,0.25,1.0,Connecticut,94.1,83,96,96.0,4.4,4.0,5,0.7,1.0,104.2,106.0,109.0,109.0,107.5,110.0,10.0,10.0,13,2.6,3
2.0,0.05,1.0,Massachusetts,94.3,77,104,96.0,7.3,7.5,8,0.0,0.0,105.6,104.0,124.5,130.0,362.5,362.5,1.0,1.0,1,0.0,0
1.0,0.01,2.0,Ohio,94.3,93,99,93.0,50.4,50.0,58,0.0,0.0,98.8,99.0,104.6,102.0,80.5,112.5,24.4,24.5,28,11.9,15
1.0,0.01,2.0,Utah,94.4,83,113,95.0,12.7,13.0,14,0.1,1.0,111.6,108.0,125.9,128.5,85.1,101.0,8.0,8.0,11,1.6,4
1.0,0.25,0.5,Connecticut,94.4,83,96,96.0,4.4,4.0,6,0.8,1.0,104.0,106.0,111.7,109.0,108.5,110.0,8.0,8.0,10,2.6,3
0.5,0.25,0.5,Connecticut,94.4,83,96,96.0,4.1,4.0,5,0.9,2.0,105.7,106.0,111.1,109.0,108.8,110.0,6.1,6.0,8,2.8,4
2.0,0.1,0.5,South Carolina,94.4,82,113,91.0,16.3,16.5,18,0.0,0.0,121.0,113.0,149.6,147.5,90.0,28.0,19.0,18.5,25,4.7,7
0.5,0.05,2.0,North Carolina,94.4,89,116,89.0,20.4,20.0,23,0.0,0.0,117.6,116.0,133.3,134.5,248.4,216.0,2.8,2.5,4,5.0,8
1.0,0.1,2.0,South Carolina,94.5,82,113,91.0,15.1,14.5,18,0.0,0.0,118.2,113.0,156.0,157.0,74.5,28.0,18.4,18.5,23,4.4,5
2.0,0.05,2.0,Montana,94.6,92,105,92.0,12.6,13.0,14,0.0,0.0,106.0,105.0,110.5,110.5,113.0,113.0,5.0,5.0,8,0.7,1
2.0,0.1,0.5,Montana,94.6,92,105,92.0,13.4,13.0,14,0.0,0.0,106.0,105.0,110.3,110.0,113.0,113.0,4.9,5.0,6,1.0,1
2.0,0.01,0.5,Kentucky,94.6,79,133,79.0,31.3,32.0,35,0.1,1.0,110.0,101.0,120.2,116.0,152.6,178.0,11.8,12.0,16,10.4,16
1.0,0.05,2.0,Massachusetts,94.7,77,105,96.0,6.6,7.0,7,0.0,0.0,105.8,104.5,129.7,130.0,252.0,280.0,1.2857142857142858,1.0,2,0.0,0
2.0,0.01,1.0,Georgia,94.7,88,105,94.0,31.8,32.0,37,0.0,0.0,125.8,124.5,156.9,158.5,201.4,122.0,3.1,3.0,5,1.6,4
0.5,0.1,0.5,New Jersey,94.8,83,103,100.0,4.7,4.0,7,0.0,0.0,111.2,117.0,130.7,139.0,189.0,189.0,1.0,1.0,1,0.0,0
2.0,0.01,1.0,Pennsylvania,94.8,59,121,105.0,39.7,39.5,44,0.2,1.0,116.0,118.0,129.1,131.0,91.9,114.0,22.3,23.5,32,8.1,11
0.5,0.01,1.0,Ohio,94.9,93,99,94.0,39.2,40.5,42,0.0,0.0,98.7,99.0,101.7,102.0,95.9,112.5,17.8,17.5,22,7.4,11
1.0,0.1,0.5,New Jersey,95.1,83,117,97.0,7.5,7.5,8,0.0,0.0,112.0,117.0,132.1,139.0,189.33333333333334,189.0,2.111111111111111,2.0,3,0.0,0
0.5,0.1,1.0,New Jersey,95.3,83,117,97.0,7.5,8.0,9,0.0,0.0,110.1,117.0,129.1,139.0,183.4,189.0,1.4,1.0,2,0.0,0
1.0,0.01,2.0,Georgia,95.3,63,125,94.0,32.1,32.0,38,0.0,0.0,120.7,115.5,146.8,140.0,165.33333333333334,108.0,2.8,3.0,4,2.0,4
0.5,0.05,1.0,Mississippi,95.4,86,171,86.0,5.9,6.0,7,0.0,0.0,129.8,124.0,163.3,173.0,237.75,249.0,1.25,1.0,2,0.0,0
1.0,0.1,1.0,South Carolina,95.4,91,113,91.0,14.7,15.0,17,0.0,0.0,118.6,113.0,153.7,164.0,90.0,28.0,15.4,14.5,19,4.3,6
0.5,0.1,1.0,South Carolina,95.5,82,164,91.0,11.5,11.0,14,0.0,0.0,133.7,136.0,166.8,173.0,167.5,183.0,13.5,14.0,18,4.5,6
0.5,0.01,0.5,Ohio,95.6,93,99,94.5,31.2,30.0,39,0.0,0.0,100.5,99.5,107.6,105.0,104.7,117.0,12.1,12.0,15,7.4,11
1.0,0.01,0.5,Georgia,95.7,72,117,96.0,19.2,19.0,23,0.0,0.0,125.0,110.5,148.1,140.0,165.14285714285714,162.0,1.1111111111111112,1.0,2,0.6,2
0.5,0.05,2.0,Virginia,95.7,64,123,99.5,25.5,25.0,28,0.0,0.0,133.9,123.0,164.2,165.0,221.5,159.5,6.9,5.0,12,4.7,6
2.0,0.01,0.5,Utah,95.8,83,113,95.0,12.6,12.5,16,0.1,1.0,115.4,121.0,126.8,128.5,107.9,134.5,8.9,9.5,11,1.6,3
1.0,0.01,1.0,Tennessee,95.8,71,144,92.0,27.0,27.0,29,0.1,1.0,122.9,105.5,150.3,147.0,145.8,86.0,10.7,9.0,18,2.5,5
1.0,0.05,1.0,Montana,95.9,92,105,92.0,10.6,11.0,13,0.0,0.0,106.7,105.0,117.8,110.0,113.0,113.0,4.2,4.0,5,0.8,2
0.5,0.01,1.0,North Dakota,95.9,69,140,84.0,8.6,8.5,12,0.0,0.0,147.4,122.5,186.1,146.0,181.11111111111111,150.0,2.6666666666666665,3.0,5,1.2,3
0.5,0.05,2.0,New Jersey,96.1,84,123,95.0,7.9,8.0,8,0.0,0.0,114.2,117.0,130.5,139.0,188.3,189.0,5.0,4.5,8,0.0,0
2.0,0.01,1.0,Utah,96.1,83,119,92.0,12.4,12.0,15,0.0,0.0,112.7,113.0,131.8,138.0,120.8,118.5,9.7,10.0,12,1.5,3
1.0,0.1,2.0,New Jersey,96.3,83,117,100.0,8.9,9.0,9,0.0,0.0,109.2,117.0,129.1,139.0,199.4,189.0,5.1,5.0,6,0.5,1
0.5,0.05,1.0,North Carolina,96.3,89,116,89.0,17.1,16.5,21,0.0,0.0,117.6,116.0,132.0,128.0,203.14285714285714,154.0,1.7,2.0,4,2.4,4
2.0,0.05,2.0,North Carolina,96.3,89,116,89.0,26.1,26.0,30,0.0,0.0,120.1,116.0,136.9,136.0,220.3,185.0,3.6,3.5,5,4.7,7
1.0,0.01,1.0,Pennsylvania,96.3,59,112,98.0,38.7,38.5,43,0.1,1.0,110.3,112.5,117.2,118.0,57.0,28.0,22.0,22.5,26,7.1,10
2.0,0.25,0.5,Connecticut,96.4,93,106,96.0,4.4,4.0,6,0.7,1.0,105.2,106.0,110.5,109.0,107.5,110.0,8.3,9.0,12,2.6,3
0.5,0.01,1.0,New York,96.5,81,118,98.5,10.1,9.0,16,4.3,20.0,133.6,124.0,153.4,143.0,35.4,28.0,129.9,126.5,147,34.5,39
0.5,0.01,1.0,Utah,96.6,83,133,83.0,10.7,11.0,13,0.1,1.0,119.1,118.5,131.9,138.0,127.8,137.0,4.6,4.0,8,0.5,1
1.0,0.01,0.5,Ohio,96.6,93,102,97.0,43.3,44.0,49,0.0,0.0,100.0,99.0,104.5,102.0,62.4,28.0,18.6,19.0,24,7.9,11
2.0,0.01,1.0,Ohio,96.6,93,111,93.0,50.2,49.5,55,0.0,0.0,100.0,99.0,104.0,102.0,99.4,112.5,22.5,22.5,31,10.4,14
2.0,0.01,2.0,North Dakota,96.7,69,165,84.0,16.7,17.0,19,0.0,0.0,123.0,119.0,160.7,136.0,150.5,159.0,6.4,6.5,14,2.2,5
0.5,0.25,1.0,Connecticut,97.0,96,106,96.0,4.0,4.0,5,0.9,1.0,106.2,106.0,116.8,118.0,110.1,110.0,7.8,8.0,9,2.8,4
2.0,0.05,1.0,Montana,97.2,92,105,92.0,12.2,12.0,14,0.0,0.0,107.1,105.0,113.9,110.5,104.5,113.0,4.9,5.0,7,0.9,1
0.5,0.05,0.5,Massachusetts,97.3,93,104,96.0,4.9,5.0,7,0.0,0.0,106.3,104.0,129.7,130.0,,,0.0,0.0,0,0.0,0
2.0,0.01,0.5,North Dakota,97.3,69,143,84.0,16.1,16.0,20,0.0,0.0,119.7,113.0,136.0,139.5,116.2,130.5,5.8,5.0,9,3.9,6
1.0,0.05,0.5,Mississippi,97.4,86,124,86.0,5.8,6.0,8,0.0,0.0,154.9,171.0,191.4,175.0,240.0,249.0,1.0,1.0,1,0.0,0
2.0,0.01,0.5,Georgia,97.4,88,125,94.0,29.4,30.5,34,0.0,0.0,114.2,112.0,156.9,152.5,260.8888888888889,208.0,1.6,1.5,3,2.0,3
1.0,0.05,1.0,South Carolina,97.6,91,113,91.0,13.2,13.5,15,0.0,0.0,121.3,113.0,166.2,173.0,107.3,105.5,15.3,15.5,20,3.9,5
1.0,0.01,1.0,Utah,97.7,83,133,91.5,11.6,11.0,13,0.2,1.0,114.9,108.0,125.9,131.0,101.3,134.5,7.6,7.0,12,1.2,3
2.0,0.01,2.0,New York,97.7,81,123,100.0,11.3,11.0,14,2.2,6.0,121.8,120.5,139.0,136.0,28.0,28.0,149.9,149.5,167,34.8,38
0.5,0.25,2.0,Connecticut,98.0,96,106,96.0,4.0,4.0,5,0.8,1.0,106.4,106.0,111.4,109.0,110.1,110.0,9.0,9.0,10,3.0,4
0.5,0.25,0.5,South Carolina,98.2,90,164,91.0,8.7,8.5,12,0.0,0.0,137.7,136.0,157.0,147.5,190.1,183.0,8.2,8.5,13,1.9,5
1.0,0.05,0.5,New Jersey,98.4,84,117,97.0,6.7,7.0,8,0.0,0.0,120.8,117.0,172.7,140.5,189.0,189.0,1.6,1.0,3,0.0,0
2.0,0.1,0.5,Connecticut,98.4,93,106,96.0,4.8,5.0,6,0.6,2.0,110.4,106.0,119.2,118.0,114.0,110.0,8.6,9.5,12,2.2,4
1.0,0.01,1.0,Georgia,98.6,72,140,94.0,24.7,24.5,28,0.0,0.0,114.9,101.5,136.8,131.5,203.9,158.5,2.2,2.0,5,0.7,2
0.5,0.01,2.0,Utah,98.6,83,133,94.0,11.7,11.5,14,0.1,1.0,121.2,117.0,134.7,138.0,109.1,122.0,8.1,7.0,14,0.9,2
1.0,0.1,0.5,Connecticut,98.7,93,106,96.0,4.5,4.5,6,0.7,2.0,108.2,107.0,117.9,112.0,108.8,110.0,8.0,8.0,10,2.2,3
1.0,0.1,1.0,Connecticut,98.8,93,108,96.0,4.8,5.0,6,0.7,2.0,106.7,106.0,117.5,121.0,107.8,110.0,8.6,7.5,14,2.1,3
0.5,0.25,1.0,West Virginia,98.9,73,118,96.0,14.8,15.0,16,0.0,0.0,121.8,118.0,144.6,135.0,168.66666666666666,93.0,1.5,1.5,2,0.0,0
0.5,0.1,1.0,Connecticut,98.9,93,108,96.0,4.3,4.0,5,0.8,2.0,107.4,106.0,115.5,119.0,109.0,110.0,7.6,7.5,9,2.3,3
2.0,0.1,2.0,Connecticut,98.9,93,108,96.0,4.6,5.0,5,0.8,2.0,109.9,106.0,125.2,121.0,111.1,110.0,7.8,8.0,11,2.4,4
1.0,0.05,0.5,South Carolina,98.9,82,113,91.0,12.8,13.0,14,0.0,0.0,137.0,113.0,161.6,173.0,183.9,183.0,10.1,10.5,16,2.8,4
2.0,0.05,1.0,South Carolina,98.9,82,113,91.0,14.8,15.0,17,0.0,0.0,132.0,113.0,166.5,173.0,121.9,183.0,17.4,17.0,26,5.1,7
2.0,0.01,2.0,Utah,99.0,83,139,94.0,12.1,12.5,14,0.1,1.0,115.6,113.0,136.8,140.5,99.0,106.5,8.3,8.5,12,1.8,4
ALL,ALL,ALL,Montana,99.05277777777778,92,325,92.0,11.044444444444444,12.0,16,0.0,0.0,113.8567415730337,105.0,128.27920227920228,110.0,124.73142857142857,113.0,3.3514285714285714,3.0,9,0.5527777777777778,2
1.0,0.05,1.0,Mississippi,99.2,86,171,86.0,7.2,7.0,9,0.0,0.0,138.3,124.0,166.9,175.0,,,0.0,0.0,0,0.0,0
1.0,0.01,1.0,North Dakota,99.2,69,129,98.5,15.2,15.5,17,0.0,0.0,119.1,119.0,134.2,129.5,126.5,172.0,4.9,4.5,9,2.9,6
2.0,0.01,0.5,Pennsylvania,99.6,73,114,104.5,38.4,37.0,45,0.1,1.0,114.5,113.0,119.1,116.0,112.4,125.0,21.8,22.0,30,8.4,12
2.0,0.05,2.0,South Carolina,99.7,90,113,91.0,14.3,14.0,17,0.0,0.0,124.2,113.0,159.9,173.0,105.5,105.5,19.9,20.0,23,5.5,7
1.0,0.05,2.0,Montana,99.8,92,105,105.0,12.3,12.0,14,0.0,0.0,108.1,110.0,114.2,111.0,113.0,113.0,4.9,4.5,9,0.7,1
1.0,0.1,2.0,Connecticut,99.8,93,117,96.0,4.9,5.0,6,0.7,2.0,107.9,106.0,124.6,120.5,111.3,110.0,8.1,7.5,11,2.1,3
0.5,0.05,2.0,South Carolina,99.8,91,113,91.0,12.7,13.0,15,0.0,0.0,137.0,113.0,164.3,173.0,183.9,183.0,8.4,7.0,16,3.2,4
1.0,0.05,0.5,Virginia,99.8,64,165,85.0,21.5,21.0,25,0.0,0.0,121.3,123.0,141.5,146.5,173.0,163.0,4.9,4.5,11,3.8,5
1.0,0.05,1.0,Virginia,99.8,64,165,89.0,26.5,26.0,30,0.0,0.0,127.1,123.0,157.9,165.0,170.4,153.0,6.3,6.0,10,4.7,7
2.0,0.05,0.5,South Carolina,99.8,91,113,91.0,14.2,14.0,17,0.0,0.0,130.1,113.0,168.7,173.0,108.1,105.0,14.1,14.0,18,5.0,6
2.0,0.1,1.0,Connecticut,100.0,96,106,96.0,4.5,4.0,6,0.7,2.0,109.4,108.0,139.0,121.0,115.2,111.0,7.5,7.5,10,2.5,3
2.0,0.05,1.0,New Jersey,100.4,83,123,103.0,8.4,8.5,9,0.0,0.0,122.5,117.0,152.4,142.0,199.1,189.0,5.3,5.0,8,0.3,1
1.0,0.05,1.0,Massachusetts,100.8,96,104,104.0,6.9,7.0,8,0.0,0.0,116.5,111.0,138.1,140.5,,,0.0,0.0,0,0.0,0
0.5,0.1,2.0,Connecticut,101.2,96,108,101.0,4.3,4.0,5,0.6,1.0,109.1,107.0,120.1,121.0,115.1,110.0,7.3,7.0,10,2.5,4
0.5,0.05,0.5,Virginia,101.5,64,165,89.0,6.8,6.5,9,0.0,0.0,138.5,165.0,165.2,166.0,146.0,118.0,1.7777777777777777,2.0,6,1.7,5
0.5,0.1,0.5,Connecticut,101.5,96,109,101.0,3.7,4.0,4,0.6,2.0,108.8,108.0,124.8,119.0,116.6,111.0,4.6,5.0,7,2.7,4
1.0,0.01,2.0,Mississippi,101.6,84,180,84.0,6.5,6.5,8,0.0,0.0,176.2,171.0,234.6,181.0,,,0.0,0.0,0,0.0,0
2.0,0.01,1.0,New York,101.9,58,123,104.0,11.9,11.5,16,1.2,5.0,117.9,112.0,149.7,146.5,33.8,28.0,144.0,141.5,161,34.3,37
1.0,0.05,2.0,South Carolina,102.0,91,113,102.0,15.2,16.0,17,0.0,0.0,136.6,120.0,164.4,168.5,90.8,28.0,15.9,15.5,21,3.7,5
0.5,0.01,1.0,Pennsylvania,102.0,77,119,102.0,33.2,32.5,38,0.0,0.0,111.7,112.0,121.3,119.0,99.8,117.0,17.3,17.5,23,6.2,9
0.5,0.01,0.5,Pennsylvania,102.4,59,136,98.0,23.2,21.5,29,0.1,1.0,117.3,114.0,128.8,135.0,67.4,28.0,11.5,9.5,19,6.7,11
0.5,0.01,1.0,Georgia,102.5,63,188,94.0,14.5,14.0,18,0.0,0.0,142.7,126.0,156.4,140.0,140.57142857142858,108.0,1.5,1.0,4,0.7,2
0.5,0.25,2.0,West Virginia,102.6,73,135,103.0,15.7,15.5,17,0.0,0.0,131.2,135.0,158.0,150.0,140.6,93.0,1.8,2.0,3,0.0,0
ALL,ALL,ALL,North Carolina,102.69722222222222,72,230,89.0,20.872222222222224,21.5,34,0.0,0.0,128.69722222222222,116.0,144.0952380952381,128.0,212.46846846846847,150.0,2.8547008547008548,3.0,7,3.547222222222222,8
ALL,ALL,ALL,Virginia,103.08888888888889,64,282,83.0,22.719444444444445,25.0,35,0.022222222222222223,1.0,129.5388888888889,89.0,147.61281337047353,123.0,170.4045584045584,116.0,7.480337078651686,7.0,20,4.094444444444444,11
0.5,0.01,0.5,North Dakota,103.3,69,165,84.0,4.6,4.0,7,0.1,1.0,138.0,146.0,184.0,165.0,89.0,28.0,1.5555555555555556,1.0,3,0.9,2
2.0,0.25,1.0,West Virginia,103.5,73,135,103.0,17.9,18.0,20,0.0,0.0,121.3,118.0,139.5,135.0,206.375,206.5,1.875,1.5,3,0.0,0
1.0,0.05,0.5,Connecticut,103.9,96,117,107.0,4.3,4.0,6,1.0,2.0,116.6,117.0,139.7,138.5,119.7,111.0,6.0,6.5,9,1.7,3
0.5,0.01,2.0,North Dakota,104.0,69,155,84.0,16.0,16.5,19,0.1,1.0,124.6,119.0,140.5,142.5,172.7,170.0,5.2,5.0,8,2.5,5
2.0,0.01,2.0,Pennsylvania,104.1,59,114,112.0,39.2,40.0,45,0.3,1.0,118.6,119.0,125.3,127.5,126.1,141.0,21.2,22.0,25,7.2,13
0.5,0.05,0.5,New Jersey,104.2,84,117,103.0,4.0,4.0,5,0.0,0.0,124.4,117.0,144.4,142.0,186.66666666666666,189.0,1.3333333333333333,1.0,2,0.0,0
0.5,0.05,2.0,Connecticut,104.2,93,117,107.0,4.6,4.5,6,0.9,2.0,119.6,117.0,160.4,139.0,121.0,110.0,5.6,5.5,9,2.2,3
0.5,0.25,0.5,West Virginia,104.7,73,118,110.5,9.4,9.0,11,0.0,0.0,128.6,135.0,156.1,150.0,139.5,93.0,1.25,1.0,2,0.0,0
2.0,0.05,1.0,Connecticut,104.7,96,111,106.0,5.1,5.0,6,0.5,2.0,117.2,117.0,168.3,139.0,122.3,111.0,5.9,6.0,8,1.9,4
ALL,ALL,ALL,Mississippi,104.74373259052925,67,280,86.0,8.554317548746518,8.0,17,0.0,0.0,130.62285714285716,95.0,161.47521865889212,124.0,252.48125,249.0,1.0666666666666667,1.0,2,0.05013927576601671,1
0.5,0.05,1.0,New Jersey,104.8,67,117,110.0,6.9,6.5,9,0.0,0.0,123.3,131.0,136.1,140.5,188.3,189.0,1.6,1.5,3,0.0,0
1.0,0.01,2.0,North Dakota,104.8,84,129,113.0,16.9,16.5,21,0.1,1.0,124.8,127.0,141.9,139.5,172.4,174.0,6.3,5.5,11,2.6,4
2.0,0.01,2.0,Montana,104.9,92,111,105.0,8.1,8.0,11,0.0,0.0,129.2,124.0,194.1,171.0,135.0,113.0,2.3,2.0,4,0.2,1
ALL,ALL,ALL,South Carolina,104.93333333333334,82,248,91.0,12.455555555555556,13.0,21,0.019498607242339833,2.0,138.4289693593315,113.0,165.9830985915493,173.0,154.5344827586207,183.0,13.1994301994302,14.0,28,3.375,8
1.0,0.25,0.5,West Virginia,105.1,89,135,103.0,15.7,15.5,17,0.0,0.0,122.9,126.5,140.9,139.5,159.42857142857142,93.0,1.7142857142857142,2.0,3,0.0,0
2.0,0.01,2.0,Georgia,105.1,63,152,94.0,31.6,31.5,36,0.0,0.0,135.3,122.5,168.1,180.0,216.66666666666666,180.0,2.3,2.0,4,2.4,4
1.0,0.01,2.0,New York,105.6,81,123,105.0,13.2,13.5,14,1.3,8.0,121.5,120.5,140.7,134.0,28.0,28.0,148.1,152.0,172,33.1,36
1.0,0.25,1.0,New Hampshire,105.8,100,116,102.0,7.6,8.0,8,0.0,0.0,116.5,116.0,133.0,131.0,,,0.0,0.0,0,0.0,0
2.0,0.05,0.5,Connecticut,105.9,96,117,107.0,5.0,5.0,6,0.6,1.0,115.7,113.5,131.3,121.0,117.7,110.5,6.9,7.0,9,1.9,3
2.0,0.25,2.0,West Virginia,106.0,73,118,103.0,18.3,18.5,20,0.0,0.0,124.8,118.0,146.0,135.0,331.3,320.0,2.5,2.0,4,0.3,1
1.0,0.05,1.0,New Jersey,106.2,84,123,110.0,7.8,8.0,9,0.0,0.0,125.5,128.0,145.6,140.5,189.0,189.0,4.2,4.5,5,0.0,0
2.0,0.25,0.5,West Virginia,106.2,73,135,103.0,17.1,17.0,18,0.0,0.0,128.6,126.5,153.0,139.5,296.0,320.0,1.1111111111111112,1.0,2,0.0,0
0.5,0.01,0.5,Montana,106.2,105,111,105.0,2.7,2.5,6,0.0,0.0,124.75,111.0,153.8,145.0,146.0,140.0,1.1666666666666667,1.0,2,0.0,0
0.5,0.05,1.0,Connecticut,106.2,96,117,108.0,3.9,4.0,5,0.6,2.0,115.5,117.0,139.11111111111111,121.0,126.7,123.0,5.5,5.5,8,1.7,3
2.0,0.05,2.0,New Jersey,106.3,84,123,117.0,7.8,8.0,9,0.0,0.0,129.4,139.0,139.2,142.0,188.3,189.0,5.5,5.0,9,0.2,1
0.5,0.01,0.5,Louisiana,106.42857142857143,57,226,61.0,1.5714285714285714,2.0,2,0.0,0.0,107.5,71.5,,,,,0.0,0.0,0,0.0,0
2.0,0.05,0.5,Virginia,106.9,73,165,101.5,28.2,29.0,30,0.1,1.0,142.6,165.0,163.5,165.0,182.5,124.0,6.2,6.0,9,5.1,7
ALL,ALL,ALL,Massachusetts,107.10833333333333,68,442,96.0,6.513888888888889,7.0,8,0.0,0.0,129.87394957983193,104.0,155.93123209169053,111.0,211.5982905982906,280.0,1.0655737704918034,1.0,2,0.027777777777777776,1
1.0,0.01,2.0,Pennsylvania,107.3,98,114,111.0,40.5,41.0,45,0.0,0.0,115.4,115.5,123.6,119.5,63.6,28.0,21.7,22.5,29,7.3,15
2.0,0.05,2.0,Connecticut,107.9,96,117,107.0,5.0,5.0,6,0.3,1.0,117.5,117.0,149.5,126.0,128.4,127.5,6.2,6.0,10,2.0,3
1.0,0.05,2.0,Virginia,107.9,64,123,120.0,28.5,28.5,31,0.0,0.0,130.1,128.0,150.2,165.0,210.9,217.5,6.3,7.0,9,4.9,7
1.0,0.25,1.0,West Virginia,108.0,73,135,103.0,17.7,17.0,20,0.0,0.0,130.9,126.5,151.3,139.5,245.44444444444446,320.0,1.3333333333333333,1.0,2,0.0,0
2.0,0.05,0.5,New Jersey,108.1,83,123,117.0,8.3,8.0,9,0.0,0.0,133.7,139.0,161.8,142.0,182.7,189.0,5.8,6.0,8,0.3,1
1.0,0.01,1.0,Montana,108.3,92,145,105.0,6.6,6.5,8,0.0,0.0,144.0,111.5,214.6,158.0,123.44444444444444,113.0,1.7777777777777777,2.0,3,0.2,1
0.5,0.05,0.5,Connecticut,108.3,96,117,108.0,3.6,4.0,5,0.9,2.0,125.0,117.0,134.11111111111111,121.0,131.3,123.0,3.8,4.0,6,1.8,3
1.0,0.05,1.0,Connecticut,108.4,96,117,108.0,5.3,5.0,6,0.3,1.0,118.7,117.0,151.7,130.0,126.2,123.0,5.4,6.0,8,1.5,3
1.0,0.05,2.0,Connecticut,108.6,96,117,107.0,5.3,5.5,6,0.3,2.0,122.1,119.0,182.3,157.5,128.3,123.0,5.3,5.5,8,1.7,3
0.5,0.01,2.0,Pennsylvania,109.0,91,127,110.0,38.2,39.0,42,0.0,0.0,116.7,114.0,123.3,118.5,98.5,139.5,20.4,20.0,24,8.1,14
2.0,0.25,0.5,New Hampshire,109.8,100,116,116.0,8.0,8.0,8,0.0,0.0,114.8,116.0,128.3,131.0,399.0,399.0,1.0,1.0,1,0.0,0
1.0,0.25,2.0,New Hampshire,110.0,100,116,116.0,8.0,8.0,8,0.0,0.0,117.7,116.0,130.9,131.0,399.0,399.0,1.0,1.0,1,0.0,0
1.0,0.05,2.0,New Jersey,110.1,84,123,117.0,8.5,8.5,9,0.0,0.0,129.4,139.0,156.1,142.0,188.3,189.0,5.7,6.0,10,0.3,1
ALL,ALL,ALL,New Jersey,110.86350974930362,67,371,97.0,7.3983286908078,8.0,9,0.008379888268156424,1.0,145.83519553072625,117.0,180.3181818181818,139.0,210.27244582043343,189.0,3.867283950617284,4.0,10,0.20334261838440112,2
ALL,ALL,ALL,Connecticut,111.13055555555556,83,299,106.0,4.405555555555556,4.0,7,0.6155988857938719,2.0,142.8857938718663,109.0,173.05128205128204,121.0,136.2513966480447,111.0,6.175977653631285,6.0,14,1.9055555555555554,4
2.0,0.25,2.0,New Hampshire,112.6,100,126,116.0,8.0,8.0,8,0.0,0.0,116.1,116.0,128.5,131.0,399.0,399.0,1.0,1.0,1,0.0,0
0.5,0.25,0.5,New Hampshire,112.8,100,116,116.0,5.2,5.0,6,0.0,0.0,119.2,116.0,130.1,131.0,,,0.0,0.0,0,0.0,0
2.0,0.01,1.0,Louisiana,112.8,57,426,61.0,2.9,3.0,4,0.0,0.0,409.7,411.5,432.0,444.0,304.0,304.0,1.0,1.0,1,0.0,0
1.0,0.25,0.5,New Hampshire,113.0,100,116,116.0,6.3,6.0,7,0.0,0.0,120.1,116.0,130.9,131.0,,,0.0,0.0,0,0.0,0
2.0,0.01,0.5,Montana,113.1,105,146,105.0,7.0,7.0,8,0.0,0.0,133.0,111.0,186.3,147.0,158.6,113.0,2.2,2.0,4,0.0,0
1.0,0.01,2.0,Montana,113.3,92,174,105.0,8.6,9.0,10,0.0,0.0,128.1,111.0,164.6,145.0,159.44444444444446,151.0,3.0,3.0,6,0.2,1
2.0,0.01,1.0,Montana,113.7,105,176,105.0,8.3,8.0,10,0.0,0.0,134.4,111.0,194.9,149.0,165.66666666666666,113.0,2.888888888888889,3.0,5,0.2,1
1.0,0.01,0.5,Vermont,114.1,51,155,130.5,11.6,12.0,14,0.1,1.0,145.6,152.5,153.3,155.0,165.1,144.5,7.6,8.0,12,2.3,5
0.5,0.25,2.0,New Hampshire,114.3,100,131,116.0,7.4,7.0,8,0.0,0.0,119.7,116.0,130.3,132.5,,,0.0,0.0,0,0.0,0
0.5,0.25,1.0,New Hampshire,114.6,102,116,116.0,6.5,6.5,7,0.0,0.0,122.2,116.0,134.0,131.0,,,0.0,0.0,0,0.0,0
1.0,0.01,2.0,Vermont,115.3,50,155,141.5,12.2,12.5,14,0.4,1.0,153.7,155.0,171.3,171.0,166.0,157.5,8.5,8.5,13,1.8,5
2.0,0.25,1.0,New Hampshire,115.4,100,126,116.0,8.0,8.0,8,0.0,0.0,121.3,116.0,133.8,132.5,399.0,399.0,1.0,1.0,1,0.0,0
1.0,0.01,2.0,Connecticut,117.0,117,117,117.0,5.0,5.0,7,0.4,1.0,178.0,162.5,283.5,289.0,165.1,171.0,4.0,4.0,6,1.1,2
1.0,0.01,1.0,North Carolina,117.5,89,141,116.0,12.5,12.5,16,0.0,0.0,164.5,161.5,191.5,189.5,279.42857142857144,148.0,1.8,1.0,5,1.2,2
1.0,0.1,2.0,New Hampshire,117.6,102,131,116.0,8.0,8.0,8,0.0,0.0,131.1,132.5,145.2,142.0,399.0,399.0,1.0,1.0,1,0.0,0
0.5,0.01,1.0,Vermont,117.9,51,155,128.0,11.9,12.0,14,0.3,2.0,151.3,155.0,161.6,156.5,165.6,159.0,6.6,6.5,9,1.7,3
1.0,0.1,2.0,West Virginia,118.9,89,135,118.0,15.4,15.5,17,0.0,0.0,151.2,135.0,172.3,185.0,327.5,365.5,1.6666666666666667,2.0,2,0.0,0
1.0,0.1,0.5,New Hampshire,119.0,116,131,116.0,6.2,6.0,7,0.0,0.0,131.5,131.0,142.9,142.0,,,0.0,0.0,0,0.0,0
0.5,0.1,1.0,New Hampshire,119.0,116,131,116.0,6.1,6.0,7,0.0,0.0,132.3,131.0,142.0,140.0,399.0,399.0,1.0,1.0,1,0.0,0
0.5,0.01,2.0,Georgia,119.0,72,188,114.5,23.4,22.5,28,0.0,0.0,137.1,115.5,172.8,185.5,255.25,175.5,1.75,2.0,3,0.6,2
1.0,0.01,2.0,South Carolina,119.0,113,173,113.0,8.1,8.5,11,0.0,0.0,176.5,173.0,203.6,200.0,184.6,191.5,5.8,6.0,10,1.7,4
1.0,0.01,0.5,South Carolina,119.5,91,200,113.0,6.4,6.5,9,0.1,1.0,183.7,184.0,201.4,194.5,206.66666666666666,182.0,3.4444444444444446,4.0,5,0.7,1
2.0,0.1,1.0,New Hampshire,120.7,116,138,116.0,8.0,8.0,8,0.0,0.0,132.0,132.5,139.6,140.5,386.625,399.0,1.125,1.0,2,0.0,0
0.5,0.01,0.5,Vermont,120.9,51,155,131.5,10.4,11.0,12,0.2,2.0,155.9,152.0,163.2,155.0,175.5,167.0,6.3,6.0,9,2.4,5
2.0,0.1,0.5,New Hampshire,121.1,116,134,116.0,8.0,8.0,8,0.0,0.0,135.0,131.0,147.5,142.0,399.0,399.0,1.0,1.0,1,0.0,0
0.5,0.05,1.0,South Carolina,122.0,91,173,91.0,10.3,10.0,12,0.0,0.0,163.2,173.0,180.2,179.0,183.0,183.0,11.8,12.0,16,4.0,5
2.0,0.01,1.0,North Dakota,122.1,69,165,119.0,16.6,17.0,19,0.0,0.0,141.0,139.0,190.7,155.0,127.9,85.5,5.9,5.0,12,2.8,4
2.0,0.1,2.0,West Virginia,122.3,89,135,135.0,16.0,16.0,18,0.0,0.0,148.5,150.0,181.6,185.0,339.4,361.0,2.9,3.0,4,0.1,1
2.0,0.01,1.0,Vermont,122.3,78,158,131.0,11.6,12.0,14,0.2,1.0,145.7,155.0,158.1,159.0,150.4,149.0,7.4,7.5,12,2.4,5
0.5,0.1,0.5,South Carolina,122.7,82,173,109.0,8.6,8.5,10,0.0,0.0,160.5,173.0,178.6,179.0,183.0,183.0,12.4,12.0,18,4.3,6
0.5,0.01,2.0,Vermont,123.5,51,155,133.5,11.7,11.5,13,0.3,1.0,153.6,155.0,162.8,159.0,169.0,159.0,7.3,7.0,13,2.3,4
0.5,0.1,0.5,New Hampshire,123.6,116,134,121.0,5.2,5.0,7,0.0,0.0,134.3,140.5,146.7,149.0,,,0.0,0.0,0,0.0,0
1.0,0.1,1.0,New Hampshire,123.8,116,142,116.0,7.4,7.0,8,0.0,0.0,138.8,140.5,156.1,156.0,399.0,399.0,1.0,1.0,1,0.0,0
2.0,0.1,1.0,West Virginia,124.1,103,156,126.5,15.6,16.0,17,0.0,0.0,156.6,160.0,171.3,185.0,313.7,319.5,1.4,1.0,3,0.0,0
2.0,0.1,0.5,West Virginia,124.1,89,185,126.5,15.4,15.5,18,0.0,0.0,148.3,156.0,173.7,185.0,329.2,411.0,1.2,1.0,2,0.0,0
1.0,0.01,1.0,South Carolina,124.3,113,173,113.0,6.2,6.0,9,0.1,1.0,188.8,173.0,249.4,200.0,191.66666666666666,192.0,3.8,3.0,11,2.3,5
2.0,0.01,2.0,South Carolina,124.3,113,173,113.0,8.5,8.0,12,0.1,1.0,174.1,173.0,203.7,200.0,195.4,193.5,11.1,10.0,16,4.7,8
0.5,0.1,2.0,New Hampshire,124.9,116,142,123.5,7.4,7.0,8,0.0,0.0,133.4,136.5,147.3,149.0,399.0,399.0,1.0,1.0,1,0.0,0
2.0,0.01,1.0,South Carolina,124.9,113,200,113.0,10.1,10.5,12,0.1,1.0,184.5,176.0,202.0,204.5,202.1,196.0,10.1,10.0,15,3.0,8
0.5,0.1,0.5,West Virginia,125.3,89,135,135.0,9.2,9.5,11,0.0,0.0,166.8,170.5,189.7,185.0,156.0,156.0,1.5,1.5,2,0.0,0
0.5,0.1,2.0,West Virginia,125.4,89,185,118.0,14.7,14.0,18,0.0,0.0,150.1,139.5,174.6,185.0,246.0,319.5,1.0,1.0,1,0.0,0
0.5,0.1,1.0,West Virginia,126.5,118,135,126.5,12.4,13.0,14,0.0,0.0,159.5,145.5,184.9,189.0,392.8,411.0,1.0,1.0,1,0.0,0
2.0,0.1,2.0,New Hampshire,127.0,116,142,128.5,7.9,8.0,8,0.0,0.0,137.6,134.0,152.3,156.0,399.0,399.0,1.0,1.0,1,0.0,0
0.5,0.01,2.0,South Carolina,127.2,91,179,113.0,6.5,7.0,9,0.0,0.0,189.2,200.0,227.8,214.5,235.66666666666666,228.0,3.0,3.0,8,0.7,2
0.5,0.01,2.0,Montana,127.7,92,274,108.0,6.0,6.0,9,0.0,0.0,168.5,145.0,150.77777777777777,145.0,191.375,132.0,2.5,2.5,5,0.0,0
1.0,0.01,1.0,Vermont,128.2,50,155,136.5,11.5,11.5,13,0.1,1.0,150.1,155.0,158.7,156.5,173.2,165.5,6.6,6.0,12,2.5,5
2.0,0.05,0.5,New Hampshire,128.9,116,142,132.5,7.9,8.0,8,0.0,0.0,148.2,149.0,184.3,175.5,382.5,399.0,1.0,1.0,1,0.0,0
0.5,0.01,1.0,Montana,129.3,105,325,107.5,4.0,4.0,6,0.0,0.0,176.66666666666666,149.0,221.125,171.5,257.22222222222223,249.0,1.6666666666666667,1.0,3,0.2,1
1.0,0.1,0.5,West Virginia,130.3,89,185,135.0,14.0,14.0,16,0.0,0.0,156.3,150.0,186.2,189.0,263.25,320.0,1.25,1.0,2,0.0,0
1.0,0.05,1.0,New Hampshire,130.5,116,142,132.5,7.2,7.0,8,0.0,0.0,147.1,142.0,168.5,156.0,359.4,399.0,1.2,1.0,2,0.0,0
2.0,0.01,0.5,South Carolina,130.9,113,179,113.0,7.3,7.5,9,0.2,2.0,188.4,173.0,216.6,200.0,181.9,192.5,7.1,7.5,13,2.0,4
1.0,0.01,1.0,Connecticut,131.0,106,171,117.0,4.5,5.0,5,0.3,1.0,220.7,227.5,312.2,307.5,176.5,171.0,2.7,3.0,4,0.7,2
2.0,0.01,1.0,North Carolina,131.0,116,141,141.0,15.7,16.0,19,0.0,0.0,168.7,182.0,188.8,193.0,247.5,206.0,3.6,4.0,5,2.1,4
2.0,0.05,1.0,New Hampshire,131.2,116,142,132.5,7.9,8.0,8,0.0,0.0,145.6,149.0,164.7,157.0,355.0,399.0,1.2222222222222223,1.0,2,0.0,0
0.5,0.01,0.5,Connecticut,131.3,117,167,117.0,2.7,3.0,4,0.4444444444444444,1.0,224.22222222222223,167.0,334.0,310.5,171.0,171.0,1.6,1.0,4,0.4,1
1.0,0.01,0.5,Montana,131.6,105,325,105.0,4.7,5.0,8,0.0,0.0,120.77777777777777,111.0,181.66666666666666,151.0,153.6,113.0,1.7,2.0,3,0.1,1
1.0,0.01,1.0,Maryland,131.9,70,159,137.5,10.7,11.0,12,0.0,0.0,152.3,155.5,188.7,170.5,229.3,235.0,5.3,5.0,8,1.3,3
1.0,0.05,0.5,New Hampshire,132.2,116,142,132.5,6.4,6.5,7,0.0,0.0,149.6,149.0,181.8,182.0,370.7142857142857,399.0,1.1428571428571428,1.0,2,0.0,0
2.0,0.01,1.0,Mississippi,132.2,84,181,124.0,6.1,6.0,8,0.0,0.0,205.3,180.0,268.2,280.0,386.5,386.5,1.0,1.0,1,0.0,0
2.0,0.01,1.0,Maryland,132.7,63,158,146.0,10.9,11.0,12,0.0,0.0,158.7,157.0,169.9,162.0,171.9,182.0,7.2,7.0,10,1.5,3
1.0,0.05,2.0,New Hampshire,132.8,116,142,140.5,7.8,8.0,8,0.0,0.0,150.5,149.0,170.7,162.5,366.0,382.5,1.375,1.0,2,0.0,0
2.0,0.01,2.0,Maryland,133.2,82,163,141.5,10.6,10.5,12,0.2,1.0,158.6,157.0,180.3,168.5,213.7,218.0,5.9,6.0,9,1.7,3
1.0,0.1,1.0,West Virginia,133.3,118,135,135.0,14.2,14.0,17,0.0,0.0,174.6,185.0,190.3,193.0,349.8333333333333,319.5,1.1666666666666667,1.0,2,0.0,0
2.0,0.05,2.0,New Hampshire,133.7,116,142,132.5,7.9,8.0,8,0.0,0.0,151.2,149.0,167.5,168.5,370.7142857142857,399.0,1.1428571428571428,1.0,2,0.0,0
2.0,0.01,1.0,New Jersey,133.8,123,142,139.0,6.4,6.5,7,0.0,0.0,234.5,222.0,339.4,371.0,271.1,284.0,4.6,4.5,7,0.1,1
2.0,0.01,0.5,New Jersey,133.8,117,142,142.0,6.4,6.5,8,0.0,0.0,241.3,199.5,379.5,371.0,223.4,189.0,4.3,4.0,8,0.3,1
0.5,0.05,0.5,New Hampshire,134.1,116,156,136.5,4.9,5.0,6,0.0,0.0,147.5,142.0,163.8,156.0,300.0,300.0,1.0,1.0,1,0.0,0
1.0,0.01,0.5,Maryland,134.5,89,173,145.0,8.8,9.0,11,0.0,0.0,167.1,157.0,176.4,158.0,157.7,182.5,5.3,6.0,8,1.7,3
0.5,0.05,2.0,New Hampshire,134.8,116,142,138.0,7.3,7.0,8,0.0,0.0,150.7,156.0,175.7,182.0,359.4,399.0,1.2,1.0,2,0.0,0
2.0,0.01,0.5,Maryland,135.0,89,211,129.0,10.7,11.0,12,0.0,0.0,159.8,156.0,189.7,166.0,192.0,195.0,6.3,6.5,10,1.3,3
2.0,0.01,0.5,Vermont,135.0,99,155,152.5,11.9,12.0,14,0.1,1.0,150.5,155.0,161.8,159.0,199.7,191.5,5.3,5.0,9,2.1,4
0.5,0.05,1.0,New Hampshire,135.5,126,142,134.0,6.0,6.0,6,0.0,0.0,146.9,142.0,165.0,156.0,399.0,399.0,1.0,1.0,1,0.0,0
1.0,0.01,2.0,Maryland,135.5,89,156,148.5,10.8,11.0,13,0.1,1.0,169.6,161.0,195.7,181.5,162.2,175.0,6.6,7.0,8,1.4,3
1.0,0.01,0.5,North Carolina,135.6,116,203,116.0,10.4,10.0,13,0.0,0.0,168.9,166.5,201.6,195.0,215.22222222222223,148.0,2.2,2.0,4,0.9,3
0.5,0.05,0.5,South Carolina,135.6,91,173,154.5,6.4,6.0,9,0.0,0.0,174.8,173.0,182.0,179.0,183.0,183.0,10.1,9.5,16,3.7,5
2.0,0.05,2.0,West Virginia,136.6,118,185,135.0,13.6,13.5,15,0.0,0.0,169.9,185.0,188.9,193.0,369.0,402.0,1.9,2.0,3,0.6,2
2.0,0.01,2.0,Connecticut,137.1,117,293,117.0,5.2,5.0,6,0.3,1.0,277.9,289.0,334.2,344.5,202.7,171.0,2.8,3.0,4,0.6,1
2.0,0.05,1.0,West Virginia,137.5,118,185,135.0,13.8,13.5,15,0.0,0.0,168.7,170.5,190.4,193.0,328.6,319.0,1.9,2.0,3,0.4,1
2.0,0.01,2.0,Vermont,137.6,99,155,136.5,11.9,12.0,14,0.1,1.0,151.0,155.0,160.9,159.0,193.2,170.5,6.3,6.5,10,2.1,3
0.5,0.01,0.5,South Carolina,137.7,91,173,138.5,3.6,3.5,5,0.0,0.0,194.2,179.0,215.0,179.0,213.0,215.0,1.8,1.0,5,0.4,1
ALL,ALL,ALL,New Hampshire,138.84166666666667,100,280,131.0,6.772222222222222,7.0,8,0.0,0.0,162.88611111111112,142.0,182.675,156.0,368.63101604278074,399.0,1.0962566844919786,1.0,2,0.0,0
0.5,0.01,0.5,Maryland,140.6,89,158,147.0,5.6,5.5,8,0.0,0.0,159.2,155.5,177.1,160.0,181.66666666666666,185.0,4.0,3.5,9,0.4,1
1.0,0.01,0.5,Massachusetts,141.5,77,226,145.0,4.4,4.5,6,0.0,0.0,195.7,179.5,255.33333333333334,220.0,250.0,280.0,1.2,1.0,2,0.0,0
1.0,0.01,2.0,North Carolina,142.1,116,200,128.0,14.9,15.0,18,0.0,0.0,182.2,187.5,217.9,200.5,162.71428571428572,148.0,2.2,2.0,5,1.5,3
0.5,0.01,1.0,South Carolina,142.3,91,248,113.0,4.5,5.0,7,0.1111111111111111,1.0,184.88888888888889,179.0,200.375,189.0,186.85714285714286,183.0,2.125,2.5,4,0.4,1
1.0,0.01,2.0,Louisiana,144.1,57,405,61.0,3.2,3.0,4,0.0,0.0,334.6,387.0,438.0,426.0,304.0,304.0,1.0,1.0,1,0.0,0
1.0,0.05,0.5,West Virginia,144.2,135,185,135.0,11.7,12.0,14,0.0,0.0,187.4,185.0,195.8,194.0,319.3333333333333,319.0,1.3333333333333333,1.0,2,0.0,0
2.0,0.01,2.0,Mississippi,144.2,84,280,147.5,5.8,6.0,8,0.0,0.0,233.4,180.5,301.2,280.0,,,0.0,0.0,0,0.0,0
0.5,0.01,2.0,Massachusetts,144.4,77,218,142.0,5.3,5.0,7,0.0,0.0,221.0,212.0,340.5,308.0,280.0,280.0,1.0,1.0,1,0.1,1
2.0,0.01,0.5,Massachusetts,145.0,77,226,170.0,5.2,5.0,6,0.0,0.0,233.0,216.0,305.1,257.0,253.0,280.0,1.2857142857142858,1.0,2,0.0,0
ALL,ALL,ALL,West Virginia,145.69444444444446,73,550,135.0,12.2,13.0,21,0.0,0.0,176.9022346368715,185.0,200.5369318181818,193.0,298.30046948356807,320.0,1.5133928571428572,1.0,4,0.09166666666666666,2
0.5,0.01,2.0,Maryland,145.8,105,160,150.0,10.2,10.0,12,0.0,0.0,160.4,157.0,179.5,166.5,164.0,185.5,6.2,6.0,9,1.5,3
0.5,0.05,2.0,West Virginia,146.2,118,193,135.0,12.5,12.5,15,0.0,0.0,187.0,193.0,197.6,194.0,311.4,319.0,1.4,1.0,2,0.0,0
0.5,0.01,1.0,North Carolina,147.0,116,200,141.0,7.9,7.5,12,0.0,0.0,168.0,173.5,214.4,189.0,235.33333333333334,238.5,1.0,1.0,2,0.4,1
0.5,0.01,2.0,North Carolina,147.5,116,183,141.0,9.8,10.0,14,0.0,0.0,192.0,200.0,213.6,213.5,323.1111111111111,370.0,2.111111111111111,2.0,4,1.4,4
2.0,0.01,0.5,North Carolina,147.7,116,216,134.0,13.0,13.5,16,0.0,0.0,178.0,182.0,198.5,200.0,309.4,370.0,2.4,2.0,5,1.9,6
0.5,0.01,0.5,New Jersey,148.11111111111111,117,222,142.0,2.111111111111111,2.0,3,0.0,0.0,261.0,224.0,392.0,392.0,188.0,189.0,1.8571428571428572,1.0,5,0.0,0
2.0,0.01,1.0,Connecticut,148.9,108,291,117.0,4.9,5.0,7,0.4,1.0,253.0,284.0,301.8,295.0,178.9,171.0,3.9,3.5,7,1.0,3
0.5,0.01,1.0,Maryland,149.5,117,212,155.0,7.3,7.5,11,0.0,0.0,177.4,161.0,195.6,185.0,197.0,232.5,3.9,3.5,7,0.5,1
2.0,0.01,2.0,North Carolina,149.5,116,197,141.0,15.1,15.5,17,0.0,0.0,179.2,182.0,195.2,197.0,260.8,238.5,3.5,3.5,5,2.4,4
1.0,0.05,1.0,West Virginia,150.1,103,185,135.0,12.8,13.0,16,0.0,0.0,177.4,185.0,192.4,193.5,330.5,319.0,1.75,2.0,3,0.0,0
0.5,0.05,0.5,West Virginia,150.4,118,185,135.0,8.5,8.5,12,0.0,0.0,181.1,189.0,194.4,194.0,249.5,249.5,1.0,1.0,1,0.0,0
1.0,0.01,0.5,Connecticut,150.7,108,291,117.0,3.3,3.0,4,0.8,2.0,235.7,230.0,336.3333333333333,324.0,235.0,171.0,2.6,3.0,4,1.0,2
2.0,0.05,0.5,West Virginia,150.8,135,193,135.0,13.4,13.0,16,0.0,0.0,192.7,193.0,196.0,196.0,353.625,319.5,1.375,1.0,2,0.0,0
0.5,0.05,1.0,West Virginia,151.7,135,194,135.0,9.7,9.5,12,0.0,0.0,189.9,193.0,204.3,207.0,322.2,320.0,1.2,1.0,2,0.0,0
1.0,0.01,0.5,New Jersey,153.9,117,366,123.0,5.9,6.0,7,0.0,0.0,247.3,202.0,331.6,370.5,250.42857142857142,189.0,2.0,1.5,4,0.1,1
1.0,0.05,2.0,West Virginia,155.0,135,185,135.0,12.8,12.5,15,0.0,0.0,188.2,185.0,193.6,194.0,332.55555555555554,319.0,1.3333333333333333,1.0,2,0.1,1
2.0,0.01,0.5,Connecticut,155.5,117,291,117.0,4.9,5.0,6,0.5,2.0,230.1,225.5,309.0,292.0,215.0,171.0,4.1,4.0,8,0.7,2
1.0,0.01,1.0,Massachusetts,155.9,104,218,160.0,5.2,5.0,7,0.0,0.0,205.3,198.0,296.4,252.5,260.6666666666667,271.5,1.5,1.5,2,0.0,0
0.5,0.01,2.0,Mississippi,157.1,84,280,171.0,5.3,5.5,7,0.0,0.0,228.2,180.5,285.8,280.0,,,0.0,0.0,0,0.0,0
0.5,0.01,0.5,North Carolina,157.3,108,230,141.0,4.2,3.0,10,0.0,0.0,211.8,220.5,240.85714285714286,207.0,179.5,161.0,0.8,1.0,1,0.2,1
1.0,0.01,1.0,Mississippi,157.6,95,180,171.0,4.7,4.5,6,0.0,0.0,238.7,278.0,345.5,305.5,,,0.0,0.0,0,0.0,0
0.5,0.01,1.0,Connecticut,160.0,93,289,117.0,3.3,3.0,4,0.6,2.0,258.8,289.0,320.55555555555554,323.0,220.5,171.0,1.625,2.0,2,0.7,2
0.5,0.01,2.0,Connecticut,162.2,117,299,117.0,3.8,4.0,5,0.3,1.0,288.8,289.0,341.44444444444446,332.0,250.3,171.0,2.9,3.0,5,0.8,2
2.0,0.01,2.0,Louisiana,163.7,57,405,71.5,3.6,3.5,5,0.0,0.0,358.2,406.5,435.6666666666667,426.0,308.3333333333333,304.0,1.0,1.0,1,0.0,0
1.0,0.01,0.5,New Hampshire,164.1,142,243,142.0,5.2,5.0,6,0.0,0.0,255.0,263.5,286.7,277.0,316.5,300.0,1.0,1.0,1,0.0,0
0.5,0.01,1.0,New Jersey,164.7,84,366,142.0,4.9,5.0,7,0.1,1.0,257.6,226.0,363.6,392.0,251.16666666666666,218.5,2.6666666666666665,3.0,4,0.1,1
1.0,0.01,1.0,Virginia,164.7,123,254,165.0,16.4,16.5,18,0.1,1.0,221.6,222.0,252.8,254.0,318.9,338.0,2.8,3.0,4,1.8,3
2.0,0.01,0.5,Mississippi,166.9,84,280,171.0,5.1,5.0,7,0.0,0.0,230.9,230.5,358.6,324.0,,,0.0,0.0,0,0.0,0
1.0,0.01,2.0,New Jersey,171.2,123,366,132.5,6.3,6.0,8,0.1,1.0,267.6,260.0,389.3,396.5,269.3,194.0,5.2,5.5,9,0.2,1
0.5,0.01,2.0,New Jersey,172.7,123,366,142.0,6.3,6.0,8,0.0,0.0,322.3,368.5,388.4,392.0,251.5,243.0,2.5,2.0,5,0.2,2
2.0,0.01,0.5,Virginia,172.8,83,234,177.0,17.1,17.0,22,0.0,0.0,233.8,240.5,250.9,253.0,316.1,314.0,4.1,4.0,8,2.5,7
0.5,0.01,0.5,Massachusetts,173.8,96,248,171.0,2.2,2.0,4,0.0,0.0,219.75,243.5,221.0,221.0,280.0,280.0,1.0,1.0,1,0.0,0
2.0,0.01,1.0,Virginia,173.8,123,264,165.0,17.1,18.0,20,0.0,0.0,217.8,214.0,247.5,254.0,337.2,341.0,3.8,3.5,6,1.5,3
1.0,0.01,0.5,Virginia,174.6,123,275,166.0,14.7,15.0,18,0.2,1.0,207.8,202.5,247.9,254.0,313.5,323.0,4.1,4.0,7,1.9,3
2.0,0.25,2.0,Maine,174.9,147,217,184.0,8.5,8.5,9,0.0,0.0,209.1,217.0,225.2,226.0,225.16666666666666,208.5,1.3333333333333333,1.0,2,0.0,0
1.0,0.01,2.0,Virginia,176.0,123,234,171.0,16.5,17.0,18,0.0,0.0,222.4,244.0,247.6,254.0,322.6,341.0,4.3,4.5,9,0.8,2
1.0,0.01,2.0,Massachusetts,177.1,104,226,173.5,5.3,5.0,6,0.0,0.0,208.9,202.0,279.4,249.0,268.2857142857143,280.0,1.1428571428571428,1.0,2,0.0,0
2.0,0.01,1.0,New Hampshire,178.1,142,274,142.0,6.0,6.0,8,0.0,0.0,246.3,275.5,268.5,280.0,365.8,399.0,1.0,1.0,1,0.0,0
0.5,0.25,1.0,Alabama,180.0,180,180,180.0,2.0,2.0,2,0.0,0.0,231.0,231.0,,,28.0,28.0,1.0,1.0,1,0.0,0
1.0,0.05,2.0,Alabama,180.0,180,180,180.0,4.0,3.5,6,0.0,0.0,330.6,369.0,414.5,431.0,28.0,28.0,1.0,1.0,1,0.0,0
1.0,0.25,0.5,Alabama,180.0,180,180,180.0,1.8,2.0,3,0.0,0.0,242.66666666666666,231.0,301.0,301.0,28.0,28.0,1.0,1.0,1,0.0,0
1.0,0.05,0.5,Alabama,180.0,180,180,180.0,1.5,1.5,2,0.0,0.0,245.0,231.0,,,28.0,28.0,1.0,1.0,1,0.0,0
1.0,0.25,2.0,Alabama,180.0,180,180,180.0,4.6,5.0,5,0.0,0.0,240.6,231.0,362.0,327.0,28.0,28.0,1.0,1.0,1,0.0,0
0.5,0.05,1.0,Alabama,180.0,180,180,180.0,1.125,1.0,2,0.0,0.0,231.0,231.0,,,28.0,28.0,1.0,1.0,1,0.0,0
2.0,0.25,1.0,Alabama,180.0,180,180,180.0,5.6,5.5,7,0.0,0.0,258.6,231.0,357.4,327.0,28.0,28.0,1.0,1.0,1,0.0,0
2.0,0.05,1.0,Alabama,180.0,180,180,180.0,3.8,3.5,6,0.0,0.0,348.6,411.0,412.0,431.0,28.0,28.0,1.0,1.0,1,0.0,0
0.5,0.25,2.0,Alabama,180.0,180,180,180.0,2.7,3.0,4,0.0,0.0,249.44444444444446,231.0,318.3333333333333,327.0,28.0,28.0,1.0,1.0,1,0.0,0
1.0,0.05,1.0,Alabama,180.0,180,180,180.0,1.6,1.5,3,0.0,0.0,288.6,327.0,411.0,411.0,28.0,28.0,1.0,1.0,1,0.0,0
0.5,0.05,0.5,Alabama,180.0,180,180,180.0,1.0,1.0,1,,,,,,,28.0,28.0,1.0,1.0,1,0.0,0
0.5,0.25,0.5,Alabama,180.0,180,180,180.0,1.25,1.0,2,0.0,0.0,231.0,231.0,,,28.0,28.0,1.0,1.0,1,0.0,0
1.0,0.25,1.0,Alabama,180.0,180,180,180.0,2.8,3.0,3,0.0,0.0,250.2,231.0,327.0,327.0,28.0,28.0,1.0,1.0,1,0.0,0
0.5,0.05,2.0,Alabama,180.0,180,180,180.0,1.4,1.0,3,0.0,0.0,231.0,231.0,327.0,327.0,28.0,28.0,1.0,1.0,1,0.0,0
2.0,0.25,2.0,Alabama,180.0,180,180,180.0,5.3,5.0,6,0.0,0.0,258.6,231.0,371.0,369.0,28.0,28.0,1.0,1.0,1,0.0,0
2.0,0.05,0.5,Alabama,180.0,180,180,180.0,2.7,3.0,4,0.0,0.0,322.5,327.0,466.2857142857143,411.0,28.0,28.0,1.0,1.0,1,0.0,0
2.0,0.25,0.5,Alabama,180.0,180,180,180.0,3.4,3.0,5,0.0,0.0,278.5,231.0,436.1111111111111,540.0,28.0,28.0,1.0,1.0,1,0.0,0
2.0,0.05,2.0,Alabama,180.0,180,180,180.0,3.9,4.0,5,0.0,0.0,358.2,411.0,414.6,431.0,28.0,28.0,1.0,1.0,1,0.0,0
2.0,0.1,1.0,Alabama,180.0,180,180,180.0,4.0,4.0,7,0.0,0.0,376.3,411.0,432.5,431.0,28.0,28.0,1.0,1.0,1,0.0,0
2.0,0.01,1.0,Alabama,180.0,180,180,180.0,2.5,2.0,4,0.0,0.0,413.0,411.0,429.0,431.0,28.0,28.0,1.1428571428571428,1.0,2,0.0,0
1.0,0.1,0.5,Alabama,180.0,180,180,180.0,1.6,1.5,3,0.0,0.0,245.0,231.0,301.0,301.0,28.0,28.0,1.0,1.0,1,0.0,0
1.0,0.01,2.0,Alabama,180.0,180,180,180.0,2.1,2.0,3,0.0,0.0,411.0,411.0,431.0,431.0,28.0,28.0,1.0,1.0,1,0.0,0
1.0,0.1,2.0,Alabama,180.0,180,180,180.0,4.0,4.0,5,0.0,0.0,382.2,411.0,468.9,431.0,28.0,28.0,1.0,1.0,1,0.0,0
1.0,0.01,0.5,Alabama,180.0,180,180,180.0,1.3,1.0,2,0.0,0.0,411.0,411.0,,,28.0,28.0,1.0,1.0,1,0.0,0
2.0,0.01,0.5,Alabama,180.0,180,180,180.0,1.6,2.0,2,0.0,0.0,411.0,411.0,,,28.0,28.0,1.0,1.0,1,0.0,0
2.0,0.1,2.0,Alabama,180.0,180,180,180.0,4.8,4.0,7,0.0,0.0,282.2,266.0,393.6,411.0,28.0,28.0,1.0,1.0,1,0.0,0
2.0,0.01,2.0,Alabama,180.0,180,180,180.0,2.0,2.0,3,0.0,0.0,391.0,411.0,421.0,421.0,28.0,28.0,1.0,1.0,1,0.0,0
2.0,0.1,0.5,Alabama,180.0,180,180,180.0,2.7,3.0,4,0.0,0.0,334.44444444444446,327.0,433.6666666666667,475.5,28.0,28.0,1.0,1.0,1,0.0,0
1.0,0.01,1.0,Alabama,180.0,180,180,180.0,1.4,1.0,3,0.0,0.0,383.0,411.0,411.0,411.0,28.0,28.0,1.0,1.0,1,0.0,0
0.5,0.1,2.0,Alabama,180.0,180,180,180.0,1.7,1.5,3,0.0,0.0,288.6,327.0,314.0,314.0,28.0,28.0,1.0,1.0,1,0.0,0
0.5,0.01,2.0,Alabama,180.0,180,180,180.0,1.5,1.5,2,0.0,0.0,389.0,411.0,,,28.0,28.0,1.0,1.0,1,0.0,0
1.0,0.1,1.0,Alabama,180.0,180,180,180.0,1.7,2.0,3,0.0,0.0,274.6666666666667,266.0,327.0,327.0,28.0,28.0,1.0,1.0,1,0.0,0
0.5,0.1,0.5,Alabama,180.0,180,180,180.0,1.4,1.0,2,0.0,0.0,231.0,231.0,,,28.0,28.0,1.0,1.0,1,0.0,0
2.0,0.01,0.5,Louisiana,180.1,57,405,71.5,3.1,3.0,4,0.0,0.0,319.6,396.0,411.1,435.0,212.0,304.0,1.3333333333333333,1.0,2,0.0,0
0.5,0.01,1.0,Virginia,180.9,64,282,171.0,13.3,13.5,17,0.0,0.0,220.7,222.0,258.5,275.5,279.22222222222223,338.0,3.4,4.0,6,1.5,3
2.0,0.25,0.5,Maine,181.5,147,217,195.0,8.0,8.0,9,0.0,0.0,212.6,217.0,228.8,241.0,259.57142857142856,270.0,1.0,1.0,1,0.0,0
1.0,0.01,0.5,Mississippi,181.9,124,280,180.0,2.8,3.0,4,0.0,0.0,243.22222222222223,181.0,281.6666666666667,280.0,,,0.0,0.0,0,0.0,0
2.0,0.01,2.0,Massachusetts,182.4,96,306,166.5,5.2,5.0,6,0.0,0.0,249.5,234.5,329.1,308.0,308.75,280.0,1.0,1.0,1,0.0,0
ALL,ALL,ALL,Alabama,182.91044776119404,180,411,180.0,2.5492537313432835,2.0,7,0.0,0.0,310.9102564102564,301.0,398.6643356643357,411.0,28.0,28.0,1.0032894736842106,1.0,2,0.0,0
0.5,0.25,2.0,Maine,183.3,147,217,182.0,7.9,8.0,9,0.0,0.0,211.4,217.0,232.4,235.0,345.55555555555554,270.0,1.5555555555555556,1.0,3,0.0,0
0.5,0.01,0.5,New Hampshire,183.4,142,280,142.0,4.4,4.5,6,0.0,0.0,249.0,258.5,284.6,291.0,300.0,300.0,1.0,1.0,1,0.0,0
0.5,0.01,2.0,Virginia,183.6,123,222,177.0,15.9,16.0,18,0.0,0.0,236.6,254.0,254.3,254.0,369.77777777777777,350.0,2.9,3.5,5,1.6,3
2.0,0.01,2.0,Virginia,183.6,123,254,171.0,18.0,19.0,21,0.0,0.0,214.8,214.0,237.5,254.0,325.6,323.0,2.9,3.0,4,2.1,4
0.5,0.1,1.0,Alabama,185.1,180,231,180.0,1.2,1.0,2,0.0,0.0,231.0,231.0,,,28.0,28.0,1.0,1.0,1,0.0,0
1.0,0.01,1.0,New Hampshire,186.0,142,243,169.0,5.5,6.0,6,0.0,0.0,253.7,260.5,285.3,278.5,351.1111111111111,300.0,1.1111111111111112,1.0,2,0.0,0
1.0,0.25,1.0,Arkansas,186.3,186,189,186.0,14.9,15.0,16,0.0,0.0,189.3,189.0,192.2,192.0,206.0,209.0,4.7,4.5,6,0.7,1
2.0,0.25,2.0,Arkansas,186.3,186,189,186.0,15.9,16.0,18,0.0,0.0,189.3,189.0,192.2,192.0,204.5,209.0,4.5,4.0,6,1.6,2
2.0,0.01,0.5,New Hampshire,186.6,142,278,142.0,6.7,6.5,8,0.0,0.0,250.8,278.0,291.7,293.0,333.0,300.0,1.25,1.0,2,0.0,0
0.5,0.25,0.5,Arkansas,186.6,186,189,186.0,4.2,4.0,7,0.0,0.0,194.0,194.0,210.6,205.0,207.0,209.0,1.1111111111111112,1.0,2,0.6,2
0.5,0.25,2.0,Arkansas,186.6,186,189,186.0,14.7,15.0,16,0.0,0.0,189.6,189.0,192.4,192.0,206.0,209.0,3.7,4.0,4,0.8,1
1.0,0.25,2.0,Arkansas,186.6,186,189,186.0,15.0,15.0,17,0.0,0.0,189.6,189.0,192.4,192.0,207.5,209.0,4.6,4.0,7,1.6,2
2.0,0.25,1.0,Arkansas,186.6,186,189,186.0,15.9,16.0,17,0.0,0.0,189.6,189.0,192.4,192.0,206.0,209.0,4.2,4.0,6,1.6,2
1.0,0.25,1.0,Maine,186.7,147,217,195.0,8.0,8.0,9,0.0,0.0,212.1,217.0,231.6,231.0,233.5,233.5,1.75,1.5,3,0.0,0
1.0,0.1,1.0,Arkansas,187.2,186,189,186.0,13.9,14.0,15,0.0,0.0,190.2,189.0,192.9,192.0,206.0,209.0,4.1,4.0,6,0.2,1
1.0,0.25,0.5,Arkansas,187.2,186,192,186.0,14.4,14.0,15,0.0,0.0,191.0,192.0,193.3,194.0,233.6,209.0,2.2,2.0,4,0.8,1
2.0,0.1,0.5,Arkansas,187.2,186,189,186.0,13.8,14.0,15,0.0,0.0,190.2,189.0,192.9,192.0,190.9,209.0,5.0,4.5,7,0.9,2
1.0,0.1,2.0,Arkansas,187.2,186,189,186.0,14.3,14.0,16,0.0,0.0,190.4,189.0,193.1,193.0,205.9,209.0,5.6,5.5,9,1.1,2
2.0,0.25,0.5,Arkansas,187.2,186,189,186.0,14.4,14.5,16,0.0,0.0,190.2,189.0,192.8,192.0,206.0,209.0,4.4,4.0,6,1.8,2
0.5,0.25,1.0,Arkansas,187.5,186,192,186.0,12.5,12.0,14,0.0,0.0,191.8,192.0,195.1,194.0,226.66666666666666,209.0,1.6666666666666667,2.0,3,0.6,1
2.0,0.1,1.0,Arkansas,187.8,186,189,189.0,14.3,14.0,17,0.0,0.0,190.8,192.0,193.2,194.0,209.0,209.0,4.9,4.5,7,1.6,2
0.5,0.05,2.0,Arkansas,188.1,186,189,189.0,12.5,12.5,14,0.0,0.0,191.6,192.0,194.2,194.0,213.66666666666666,209.0,2.5555555555555554,2.0,4,0.0,0
1.0,0.1,0.5,Arkansas,188.1,186,192,186.0,13.1,13.0,14,0.0,0.0,192.4,192.0,194.6,194.0,229.14285714285714,209.0,1.8888888888888888,3.0,3,0.3,1
1.0,0.05,2.0,Arkansas,188.1,186,189,189.0,12.0,12.0,13,0.0,0.0,191.6,192.0,193.9,194.0,205.1,209.0,4.7,4.5,7,0.5,1
2.0,0.05,0.5,Arkansas,188.1,186,189,189.0,12.3,12.5,13,0.0,0.0,191.3,192.0,193.8,194.0,190.9,209.0,5.1,5.0,8,0.6,2
0.5,0.1,2.0,Arkansas,188.1,186,189,189.0,13.9,14.0,15,0.0,0.0,191.1,192.0,193.6,194.0,207.5,209.0,3.6,4.0,5,0.6,1
2.0,0.1,2.0,Arkansas,188.1,186,189,189.0,14.8,15.0,16,0.0,0.0,191.6,192.0,194.2,194.0,209.0,209.0,3.3,3.0,5,1.2,2
0.5,0.01,1.0,Massachusetts,188.2,104,442,173.5,4.1,4.0,6,0.0,0.0,199.66666666666666,206.0,254.125,248.0,274.3333333333333,280.0,1.3333333333333333,1.0,2,0.0,0
1.0,0.05,1.0,Arkansas,188.4,186,192,189.0,13.2,14.0,15,0.0,0.0,192.2,192.0,194.4,194.0,209.0,209.0,3.4,3.5,5,0.0,0
0.5,0.25,1.0,Maine,188.5,147,217,195.0,7.5,7.0,9,0.0,0.0,213.6,217.0,231.8,236.0,231.57142857142858,220.0,1.5714285714285714,1.0,3,0.0,0
0.5,0.05,1.0,Arkansas,188.7,186,192,187.5,10.7,10.0,13,0.0,0.0,194.1,193.0,202.9,199.0,239.625,209.0,1.125,1.0,2,0.2,1
2.0,0.05,2.0,Arkansas,188.9,186,194,189.0,13.2,13.0,15,0.0,0.0,191.9,192.0,195.0,195.0,172.8,209.0,4.6,4.5,8,1.3,2
1.0,0.01,2.0,New Hampshire,189.3,126,278,182.0,6.2,6.0,7,0.0,0.0,234.9,243.0,268.5,277.5,314.14285714285717,300.0,1.4285714285714286,1.0,2,0.0,0
1.0,0.01,0.5,West Virginia,189.3,135,207,205.0,4.1,4.0,6,0.0,0.0,254.6,213.5,317.44444444444446,262.0,319.0,319.0,1.0,1.0,1,0.0,0
0.5,0.1,1.0,Arkansas,189.3,186,192,190.5,11.9,12.0,13,0.0,0.0,193.1,193.0,198.9,196.5,268.22222222222223,266.0,1.4,1.0,3,0.2,1
2.0,0.05,1.0,Arkansas,189.3,186,192,189.0,13.9,14.0,15,0.0,0.0,192.3,192.0,195.0,194.0,222.4,209.0,6.1,6.5,10,0.7,2
2.0,0.25,1.0,Maine,189.8,147,217,195.0,7.9,8.0,9,0.0,0.0,217.4,217.0,234.6,236.0,270.0,270.0,1.0,1.0,1,0.0,0
0.5,0.25,0.5,Maine,190.2,147,217,195.0,3.5,3.5,6,0.0,0.0,219.7,217.0,233.0,240.5,230.11111111111111,220.0,1.5555555555555556,1.0,3,0.7,2
0.5,0.1,2.0,Maine,190.7,147,217,206.0,7.3,7.0,9,0.0,0.0,219.4,226.0,236.4,241.0,345.55555555555554,270.0,1.2222222222222223,1.0,2,0.0,0
2.0,0.1,1.0,Maine,191.2,147,235,195.0,7.8,8.0,8,0.0,0.0,223.7,226.0,234.6,241.0,261.6666666666667,270.0,1.1666666666666667,1.0,2,0.0,0
0.5,0.01,1.0,New Hampshire,191.2,134,277,142.0,5.1,5.0,6,0.0,0.0,233.2,277.0,278.4,290.0,300.0,300.0,1.1666666666666667,1.0,2,0.0,0
1.0,0.05,0.5,Arkansas,191.2,186,195,192.0,11.6,11.5,14,0.0,0.0,194.7,194.5,199.7,197.0,261.14285714285717,266.0,2.5,2.0,5,0.1,1
1.0,0.01,0.5,Louisiana,191.5,57,444,71.5,1.7,2.0,3,0.0,0.0,243.66666666666666,226.0,422.0,422.0,,,0.0,0.0,0,0.0,0
0.5,0.1,0.5,Arkansas,191.5,186,199,187.5,5.5,5.5,7,0.0,0.0,205.2,199.0,222.1,228.0,206.0,209.0,1.5,1.5,3,0.2,1
ALL,ALL,ALL,Arkansas,191.7861111111111,186,330,189.0,11.180555555555555,13.0,18,0.0,0.0,198.63098591549297,192.0,207.58474576271186,194.5,225.7188498402556,209.0,3.420062695924765,4.0,10,0.5638888888888889,2
0.5,0.25,1.0,Rhode Island,192.0,192,192,192.0,2.1,2.0,3,0.0,0.0,249.0,250.0,250.0,250.0,,,0.0,0.0,0,0.0,0
1.0,0.25,0.5,Rhode Island,192.0,192,192,192.0,2.1,2.0,3,0.0,0.0,248.5,248.5,250.0,250.0,,,0.0,0.0,0,0.0,0
1.0,0.05,0.5,Rhode Island,192.0,192,192,192.0,2.0,2.0,3,0.0,0.0,343.125,399.0,399.0,399.0,262.0,262.0,1.0,1.0,1,0.0,0
1.0,0.25,2.0,Rhode Island,192.0,192,192,192.0,3.6,4.0,4,0.0,0.0,248.2,247.0,324.5,324.5,,,0.0,0.0,0,0.0,0
2.0,0.25,1.0,Rhode Island,192.0,192,192,192.0,3.4,3.0,4,0.0,0.0,278.6,250.0,374.4,399.0,,,0.0,0.0,0,0.0,0
0.5,0.25,2.0,Rhode Island,192.0,192,192,192.0,2.6,3.0,3,0.0,0.0,248.2,247.0,279.1666666666667,250.0,,,0.0,0.0,0,0.0,0
1.0,0.05,1.0,Rhode Island,192.0,192,192,192.0,2.4,2.0,3,0.0,0.0,388.4,412.0,430.0,440.0,,,0.0,0.0,0,0.0,0
0.5,0.05,0.5,Rhode Island,192.0,192,192,192.0,1.0,1.0,1,,,,,,,,,0.0,0.0,0,0.0,0
0.5,0.25,0.5,Rhode Island,192.0,192,192,192.0,1.0,1.0,1,,,,,,,,,0.0,0.0,0,0.0,0
1.0,0.25,1.0,Rhode Island,192.0,192,192,192.0,2.4,2.0,3,0.0,0.0,283.8,250.0,297.25,250.0,,,0.0,0.0,0,0.0,0
2.0,0.25,2.0,Rhode Island,192.0,192,192,192.0,3.5,3.5,4,0.0,0.0,263.4,248.5,342.0,399.0,,,0.0,0.0,0,0.0,0
2.0,0.25,0.5,Rhode Island,192.0,192,192,192.0,3.5,3.5,4,0.0,0.0,308.1,248.5,366.1,399.0,,,0.0,0.0,0,0.0,0
2.0,0.1,1.0,Rhode Island,192.0,192,192,192.0,3.0,3.0,4,0.0,0.0,317.2,250.0,390.625,399.0,,,0.0,0.0,0,0.0,0
1.0,0.1,0.5,Rhode Island,192.0,192,192,192.0,1.8,2.0,3,0.0,0.0,249.14285714285714,250.0,250.0,250.0,,,0.0,0.0,0,0.0,0
0.5,0.1,1.0,Rhode Island,192.0,192,192,192.0,1.9,2.0,3,0.0,0.0,249.57142857142858,250.0,324.5,324.5,,,0.0,0.0,0,0.0,0
1.0,0.1,2.0,Rhode Island,192.0,192,192,192.0,3.0,3.0,3,0.0,0.0,354.3,399.0,421.8,425.0,,,0.0,0.0,0,0.0,0
2.0,0.1,2.0,Rhode Island,192.0,192,192,192.0,3.1,3.0,4,0.0,0.0,357.9,399.0,403.3333333333333,425.0,,,0.0,0.0,0,0.0,0
2.0,0.1,0.5,Rhode Island,192.0,192,192,192.0,3.1,3.0,4,0.0,0.0,331.8,324.5,373.25,399.0,,,0.0,0.0,0,0.0,0
0.5,0.1,2.0,Rhode Island,192.0,192,192,192.0,2.5,2.5,3,0.0,0.0,315.9,250.0,424.2,441.0,,,0.0,0.0,0,0.0,0
1.0,0.1,1.0,Rhode Island,192.0,192,192,192.0,2.8,3.0,4,0.0,0.0,297.8,250.0,347.14285714285717,399.0,,,0.0,0.0,0,0.0,0
0.5,0.1,0.5,Rhode Island,192.0,192,192,192.0,1.0,1.0,1,,,,,,,,,0.0,0.0,0,0.0,0
2.0,0.01,1.0,Massachusetts,192.8,77,248,199.5,4.8,5.0,6,0.0,0.0,240.1,248.0,336.8,332.5,280.0,280.0,1.0,1.0,1,0.0,0
2.0,0.1,0.5,Maine,193.3,147,221,195.0,7.5,7.0,9,0.0,0.0,221.1,221.0,235.5,241.0,238.14285714285714,220.0,1.2857142857142858,1.0,2,0.0,0
2.0,0.01,2.0,Arkansas,193.5,189,197,195.0,7.6,8.0,10,0.0,0.0,211.1,199.0,238.0,235.0,303.3,292.0,3.4,3.5,5,0.4,1
0.5,0.01,0.5,Mississippi,194.6,171,280,171.0,1.7,1.0,4,0.0,0.0,230.0,230.0,230.5,230.5,189.0,189.0,1.0,1.0,1,0.0,0
1.0,0.01,1.0,Louisiana,194.6,57,405,143.5,2.7,3.0,4,0.0,0.0,347.5,415.5,412.5,415.5,304.0,304.0,1.0,1.0,1,0.0,0
2.0,0.01,2.0,New Jersey,194.8,84,366,132.5,6.5,6.0,8,0.1,1.0,255.3,253.5,345.7,371.0,271.8888888888889,199.0,4.111111111111111,4.0,10,0.3,1
0.5,0.05,0.5,Arkansas,194.9,186,199,195.0,5.0,4.5,8,0.0,0.0,209.9,199.0,232.7,228.0,221.5,266.0,1.5,1.5,2,0.1,1
1.0,0.1,1.0,Maine,195.0,182,217,195.0,7.8,8.0,8,0.0,0.0,222.2,219.0,237.7,241.0,264.6,220.0,1.4,1.0,3,0.0,0
0.5,0.01,2.0,Arkansas,195.1,186,228,192.0,7.1,7.0,9,0.0,0.0,214.7,199.0,245.3,248.0,289.2857142857143,282.0,2.4285714285714284,2.0,4,0.0,0
2.0,0.01,1.0,Arkansas,195.3,186,230,190.5,9.1,9.0,11,0.0,0.0,215.7,213.5,234.4,238.5,281.0,302.0,3.8,4.0,7,0.0,0
1.0,0.01,1.0,West Virginia,195.7,135,241,196.0,7.0,6.0,9,0.0,0.0,235.7,215.5,296.1,254.0,322.5,299.5,1.2,1.0,2,0.1,1
2.0,0.01,0.5,Arkansas,196.1,189,228,192.0,7.3,8.0,9,0.0,0.0,212.2,199.5,235.8,243.5,268.5,281.0,2.5,2.5,4,0.0,0
1.0,0.01,1.0,Arkansas,196.2,189,235,189.0,7.8,8.0,10,0.0,0.0,217.7,214.0,231.9,238.5,292.875,302.0,2.25,1.5,6,0.0,0
2.0,0.01,2.0,West Virginia,197.0,185,205,196.0,8.1,8.0,10,0.0,0.0,237.8,211.5,300.3,256.5,368.0,411.0,0.875,1.0,2,0.5,1
0.5,0.1,1.0,Maine,197.3,147,231,195.0,7.1,7.0,8,0.0,0.0,221.6,217.0,239.3,241.0,251.75,270.0,1.0,1.0,1,0.0,0
2.0,0.05,1.0,Rhode Island,197.5,192,247,192.0,2.4,2.0,3,0.0,0.0,359.5,399.0,430.5,441.0,,,0.0,0.0,0,0.0,0
2.0,0.01,1.0,West Virginia,198.5,185,207,196.0,7.6,8.0,10,0.0,0.0,215.0,207.0,271.4,255.0,346.75,378.5,1.0,1.0,3,0.3,1
1.0,0.1,0.5,Maine,198.9,147,221,206.0,7.5,7.0,9,0.0,0.0,225.9,235.0,240.6,241.0,242.0,270.0,1.4285714285714286,1.0,2,0.0,0
1.0,0.25,0.5,Maine,199.0,147,217,206.0,8.0,8.0,9,0.0,0.0,218.9,221.0,235.0,241.0,249.5,270.0,1.0,1.0,1,0.0,0
0.5,0.01,2.0,Louisiana,199.2,57,405,154.0,1.8,2.0,3,0.0,0.0,361.8333333333333,415.5,396.0,396.0,304.0,304.0,1.0,1.0,1,0.0,0
0.5,0.05,1.0,Rhode Island,200.28571428571428,192,250,192.0,1.8571428571428572,2.0,3,0.0,0.0,286.5,250.0,324.5,324.5,,,0.0,0.0,0,0.0,0
1.0,0.25,2.0,Maine,200.3,147,221,206.0,7.8,8.0,9,0.0,0.0,222.2,219.0,237.7,238.0,270.0,270.0,1.0,1.0,1,0.0,0
0.5,0.01,0.5,Virginia,200.8,165,275,171.5,5.5,6.0,8,0.1,1.0,245.6,275.0,274.22222222222223,279.0,368.2857142857143,358.0,1.4285714285714286,1.0,3,0.9,3
1.0,0.01,2.0,Arkansas,201.0,186,242,193.0,7.6,8.0,10,0.0,0.0,205.3,197.0,223.8,228.0,183.11111111111111,209.0,3.6666666666666665,4.0,6,0.0,0
0.5,0.1,0.5,Maine,201.7,147,231,206.0,3.5,4.0,5,0.0,0.0,230.66666666666666,217.0,252.75,250.0,253.375,260.0,1.3333333333333333,1.0,3,0.3,1
2.0,0.05,2.0,Maine,201.8,147,235,217.0,7.3,7.0,8,0.0,0.0,230.8,235.0,241.0,241.0,270.0,270.0,1.0,1.0,1,0.0,0
2.0,0.1,2.0,Maine,202.9,186,217,195.0,7.8,8.0,9,0.0,0.0,225.8,233.0,237.5,241.0,235.4,220.0,1.0,1.0,1,0.0,0
1.0,0.01,0.5,Arkansas,203.0,192,235,195.0,7.1,7.0,9,0.0,0.0,219.7,219.5,242.7,240.5,307.57142857142856,302.0,1.1428571428571428,1.0,2,0.0,0
1.0,0.05,2.0,Maine,203.4,147,217,217.0,7.3,7.0,8,0.0,0.0,224.3,235.0,235.5,241.0,245.4,270.0,1.2,1.0,2,0.0,0
0.5,0.01,2.0,West Virginia,205.6,185,255,205.0,8.1,8.5,9,0.0,0.0,218.6,207.0,255.5,230.0,392.2,411.0,1.2,1.0,2,0.0,0
1.0,0.1,2.0,Maine,206.1,147,235,217.0,7.2,7.0,8,0.0,0.0,227.1,235.0,239.8,241.0,235.4,220.0,1.8,2.0,3,0.0,0
1.0,0.01,1.0,New Jersey,206.9,142,371,162.0,6.4,6.0,8,0.0,0.0,311.4,334.5,381.2,396.5,287.75,240.5,3.125,2.5,9,0.0,0
ALL,ALL,ALL,Maine,208.14166666666668,147,290,217.0,6.6305555555555555,7.0,9,0.0,0.0,233.06703910614524,235.0,251.77683615819208,241.0,276.075,270.0,1.2839506172839505,1.0,3,0.030555555555555555,2
0.5,0.01,2.0,New Hampshire,210.4,142,280,212.5,5.9,6.0,7,0.0,0.0,259.1,277.5,281.8,285.0,324.75,300.0,1.25,1.0,2,0.0,0
2.0,0.01,2.0,New Hampshire,210.5,142,277,212.5,6.3,6.0,7,0.0,0.0,271.0,277.0,289.4,280.0,300.0,300.0,1.1666666666666667,1.0,2,0.0,0
1.0,0.05,0.5,Maine,210.6,147,235,217.0,7.3,7.0,9,0.0,0.0,233.8,235.0,247.9,241.0,255.4,270.0,1.2,1.0,2,0.0,0
2.0,0.05,1.0,Maine,210.8,147,235,231.0,7.3,7.0,8,0.0,0.0,234.0,238.0,250.0,245.5,391.0,391.0,1.5,1.5,2,0.0,0
1.0,0.01,2.0,West Virginia,212.0,194,259,206.0,8.0,9.0,10,0.0,0.0,252.2,224.0,312.9,306.5,398.0,411.0,0.7777777777777778,1.0,2,0.7,1
0.5,0.01,1.0,Arkansas,214.5,192,248,213.5,4.9,5.0,9,0.0,0.0,237.7,242.0,256.1,260.0,317.0,304.0,1.3333333333333333,1.0,2,0.0,0
0.5,0.01,1.0,Mississippi,214.77777777777777,124,280,180.0,2.6666666666666665,3.0,5,0.0,0.0,238.57142857142858,180.0,220.6,181.0,,,0.0,0.0,0,0.0,0
2.0,0.01,0.5,West Virginia,215.1,135,403,200.5,8.5,8.0,12,0.0,0.0,254.5,223.5,287.7,250.5,315.42857142857144,280.0,1.375,1.0,3,0.2,1
0.5,0.05,0.5,Maine,216.9,147,270,217.0,3.4,3.0,5,0.0,0.0,250.7,250.0,271.6666666666667,270.0,270.0,270.0,1.0,1.0,1,0.0,0
2.0,0.05,2.0,Rhode Island,216.9,192,441,192.0,2.6,3.0,3,0.0,0.0,363.4,399.0,417.3333333333333,412.0,,,0.0,0.0,0,0.0,0
2.0,0.05,0.5,Rhode Island,218.5,192,399,192.0,2.4,2.0,3,0.0,0.0,361.8,399.0,455.0,432.0,,,0.0,0.0,0,0.0,0
2.0,0.01,2.0,Maine,218.6,147,235,235.0,5.8,6.0,7,0.0,0.0,251.0,241.0,278.1,275.5,,,0.0,0.0,0,0.0,0
0.5,0.01,0.5,Maine,219.2,147,241,235.0,3.5,4.0,5,0.0,0.0,266.22222222222223,241.0,309.0,311.0,,,0.0,0.0,0,0.0,0
0.5,0.01,0.5,West Virginia,219.5,185,325,209.0,3.4,3.0,6,0.0,0.0,261.6,234.5,235.0,234.5,,,0.0,0.0,0,0.0,0
ALL,ALL,ALL,Rhode Island,219.9620253164557,192,557,192.0,2.278481012658228,2.0,4,0.0,0.0,324.20168067226894,250.0,375.65942028985506,399.0,262.0,262.0,1.0,1.0,1,0.0,0
0.5,0.05,2.0,Maine,220.4,147,235,233.0,7.4,7.0,8,0.0,0.0,233.6,238.0,247.5,245.5,332.57142857142856,270.0,1.5714285714285714,2.0,2,0.0,0
0.5,0.01,0.5,Rhode Island,221.0,192,250,221.0,1.0,1.0,1,,,,,,,262.0,262.0,1.0,1.0,1,0.0,0
0.5,0.05,1.0,Maine,221.1,186,235,217.0,7.2,7.0,8,0.0,0.0,237.4,235.0,246.1,241.0,257.5,270.0,1.25,1.0,2,0.0,0
2.0,0.05,0.5,Maine,222.0,195,235,217.0,7.1,7.0,8,0.0,0.0,238.0,238.0,246.5,245.5,220.0,220.0,1.5,1.5,2,0.0,0
1.0,0.05,1.0,Maine,222.8,217,235,217.0,7.1,7.0,8,0.0,0.0,237.4,235.0,249.6,241.0,308.4,270.0,1.0,1.0,1,0.0,0
0.5,0.01,0.5,Arkansas,228.5,194,330,197.0,2.2,1.5,6,0.0,0.0,236.6,248.0,275.0,300.0,280.0,280.0,1.0,1.0,1,0.0,0
0.5,0.01,1.0,Maine,230.3,186,275,235.0,5.7,5.5,7,0.0,0.0,255.3,255.5,278.3,277.5,214.0,214.0,1.0,1.0,1,0.0,0
1.0,0.01,2.0,Maine,232.1,195,270,235.0,5.3,5.0,6,0.0,0.0,250.4,241.0,280.1,289.0,573.5,573.5,1.0,1.0,1,0.0,0
1.0,0.01,0.5,Maine,232.6,217,241,235.0,5.7,5.5,7,0.0,0.0,247.9,241.0,281.2,276.0,220.0,220.0,1.0,1.0,1,0.0,0
0.5,0.01,1.0,West Virginia,233.2,135,550,206.0,4.1,5.0,7,0.0,0.0,280.75,216.0,292.85714285714283,236.0,411.0,411.0,1.0,1.0,1,0.0,0
1.0,0.05,2.0,Rhode Island,233.4,192,399,192.0,2.7,3.0,3,0.0,0.0,374.5,419.0,451.57142857142856,425.0,,,0.0,0.0,0,0.0,0
2.0,0.01,1.0,Maine,235.5,217,276,235.0,5.1,5.0,7,0.0,0.0,256.5,241.0,281.0,278.5,585.0,585.0,0.5,0.5,1,0.1,1
0.5,0.05,2.0,Rhode Island,236.0,192,425,192.0,2.4,2.0,3,0.0,0.0,379.5,399.0,462.0,433.0,,,0.0,0.0,0,0.0,0
0.5,0.01,2.0,Maine,240.2,235,275,235.0,5.6,6.0,7,0.0,0.0,263.8,265.5,287.0,278.5,562.0,562.0,1.0,1.0,1,0.0,0
1.0,0.01,1.0,Maine,240.5,235,275,235.0,5.1,5.0,6,0.0,0.0,259.6,245.5,297.0,292.0,562.0,562.0,1.0,1.0,1,0.0,0
1.0,0.25,2.0,Delaware,243.0,243,243,243.0,2.0,2.0,2,0.0,0.0,273.0,273.0,,,467.0,467.0,1.0,1.0,1,0.0,0
2.0,0.25,1.0,Delaware,243.0,243,243,243.0,2.0,2.0,2,0.0,0.0,282.6,273.0,,,467.0,467.0,1.0,1.0,1,0.0,0
0.5,0.25,2.0,Delaware,243.0,243,243,243.0,2.0,2.0,2,0.0,0.0,283.4,273.0,,,467.0,467.0,1.25,1.0,2,0.0,0
2.0,0.25,2.0,Delaware,243.0,243,243,243.0,2.0,2.0,2,0.0,0.0,263.0,263.0,,,467.0,467.0,1.0,1.0,1,0.0,0
2.0,0.01,0.5,Maine,243.0,217,290,235.0,4.9,5.0,6,0.0,0.0,268.3,275.5,296.4,307.5,,,0.0,0.0,0,0.0,0
1.0,0.25,0.5,Delaware,246.0,243,273,243.0,1.9,2.0,2,0.0,0.0,273.0,273.0,,,,,0.0,0.0,0,0.0,0
1.0,0.25,1.0,Delaware,246.0,243,273,243.0,2.0,2.0,2,0.0,0.0,287.4,273.0,,,471.875,467.0,1.125,1.0,2,0.0,0
2.0,0.25,0.5,Delaware,249.0,243,273,243.0,1.8,2.0,2,0.0,0.0,273.0,273.0,,,445.57142857142856,467.0,1.0,1.0,1,0.0,0
0.5,0.25,1.0,Delaware,252.0,243,273,243.0,1.8,2.0,2,0.0,0.0,291.0,273.0,,,,,0.0,0.0,0,0.0,0
0.5,0.1,2.0,Delaware,255.0,243,273,243.0,1.6,2.0,2,0.0,0.0,290.3333333333333,273.0,,,452.0,467.0,1.3,1.0,2,0.0,0
0.5,0.01,0.5,Delaware,258.0,243,273,258.0,1.5,1.5,2,0.0,0.0,273.0,273.0,,,317.0,317.0,1.0,1.0,1,0.0,0
1.0,0.1,2.0,Delaware,258.6,243,369,243.0,1.9,2.0,2,0.0,0.0,343.1111111111111,273.0,,,448.25,467.0,1.375,1.0,2,0.0,0
1.0,0.1,0.5,Delaware,262.4,243,377,243.0,1.8,2.0,2,0.0,0.0,317.0,273.0,,,407.0,467.0,1.6,2.0,2,0.0,0
2.0,0.1,0.5,Delaware,263.6,243,369,243.0,1.6,2.0,2,0.0,0.0,305.0,273.0,,,434.375,467.0,1.375,1.0,2,0.0,0
1.0,0.1,1.0,Delaware,265.4,243,377,243.0,1.7,2.0,2,0.0,0.0,322.14285714285717,273.0,,,467.0,467.0,1.5,1.5,2,0.0,0
0.5,0.05,0.5,Delaware,265.5,243,273,273.0,1.0,1.0,1,,,,,,,317.0,317.0,1.0,1.0,1,0.0,0
1.0,0.05,0.5,Delaware,268.4,243,377,258.0,1.5,1.5,2,0.0,0.0,335.4,377.0,,,465.75,467.0,2.25,2.0,3,0.0,0
2.0,0.05,2.0,Delaware,274.2,243,369,243.0,1.6,2.0,2,0.0,0.0,301.6666666666667,273.0,,,445.57142857142856,467.0,1.4285714285714286,1.0,3,0.0,0
2.0,0.1,1.0,Delaware,277.2,243,369,258.0,1.8,2.0,2,0.0,0.0,434.625,369.0,,,445.57142857142856,467.0,1.1428571428571428,1.0,2,0.0,0
2.0,0.1,2.0,Delaware,277.2,243,369,263.0,1.8,2.0,2,0.0,0.0,450.0,488.5,,,450.3333333333333,467.0,1.1111111111111112,1.0,2,0.0,0
0.5,0.01,1.0,Rhode Island,283.2,192,441,192.0,1.0,1.0,1,,,,,,,,,0.0,0.0,0,0.0,0
0.5,0.1,1.0,Delaware,286.2,243,377,243.0,1.6,2.0,2,0.0,0.0,325.0,325.0,,,467.0,467.0,1.8333333333333333,2.0,2,0.0,0
0.5,0.05,1.0,Delaware,289.2,243,377,258.0,1.5,1.5,2,0.0,0.0,314.6,273.0,,,408.875,462.0,1.75,1.0,3,0.0,0
2.0,0.05,1.0,Delaware,290.8,243,369,268.0,1.5,1.5,2,0.0,0.0,388.0,369.0,,,450.3333333333333,467.0,1.2222222222222223,1.0,2,0.0,0
2.0,0.01,2.0,Rhode Island,294.3333333333333,192,557,192.0,1.3333333333333333,1.0,2,0.0,0.0,420.0,420.0,,,,,0.0,0.0,0,0.0,0
ALL,ALL,ALL,Delaware,295.5047923322684,243,429,243.0,1.5686900958466454,2.0,2,0.0,0.0,329.30898876404495,273.0,,,458.0933333333333,467.0,1.5422222222222222,1.0,4,0.0,0
1.0,0.01,0.5,Rhode Island,296.42857142857144,192,441,192.0,1.1428571428571428,1.0,2,0.0,0.0,399.0,399.0,,,,,0.0,0.0,0,0.0,0
2.0,0.01,0.5,Rhode Island,298.7142857142857,192,441,250.0,1.2857142857142858,1.0,2,0.0,0.0,557.0,557.0,,,262.0,262.0,1.0,1.0,1,0.0,0
1.0,0.05,1.0,Delaware,301.0,243,377,273.0,1.4,1.0,2,0.0,0.0,373.0,373.0,,,467.0,467.0,1.8,2.0,2,0.0,0
2.0,0.05,0.5,Delaware,301.0,243,377,273.0,1.4,1.0,2,0.0,0.0,323.0,321.0,,,467.0,467.0,1.4,1.0,2,0.0,0
1.0,0.05,2.0,Delaware,324.6,243,369,369.0,1.6,2.0,2,0.0,0.0,512.3333333333334,608.0,,,450.3333333333333,467.0,1.3333333333333333,1.0,3,0.0,0
0.5,0.05,2.0,Delaware,327.6,243,421,369.0,1.3,1.0,2,0.0,0.0,305.0,273.0,,,450.3333333333333,467.0,1.7777777777777777,2.0,3,0.0,0
1.0,0.01,1.0,Rhode Island,334.875,192,441,399.0,1.375,1.0,2,0.0,0.0,454.6666666666667,557.0,,,,,0.0,0.0,0,0.0,0
1.0,0.01,1.0,Delaware,340.5,243,421,373.0,1.125,1.0,2,0.0,0.0,377.0,377.0,,,482.0,467.0,1.8571428571428572,2.0,3,0.0,0
2.0,0.01,1.0,Rhode Island,348.1666666666667,192,557,295.5,1.5,1.0,3,0.0,0.0,420.0,420.0,425.0,425.0,,,0.0,0.0,0,0.0,0
0.5,0.01,2.0,Delaware,370.42857142857144,243,421,377.0,1.1428571428571428,1.0,2,0.0,0.0,421.0,421.0,,,482.0,467.0,1.8571428571428572,2.0,3,0.0,0
1.0,0.01,2.0,Delaware,383.55555555555554,273,421,377.0,1.0,1.0,1,,,,,,,480.0,467.0,1.6666666666666667,1.0,3,0.0,0
2.0,0.01,1.0,Delaware,387.8,369,421,377.0,1.1,1.0,2,0.0,0.0,608.0,608.0,,,474.8,467.0,1.7,2.0,3,0.0,0
0.5,0.01,2.0,Rhode Island,392.5,250,441,412.0,1.5,1.5,2,0.0,0.0,518.3333333333334,557.0,,,,,0.0,0.0,0,0.0,0
0.5,0.01,1.0,Delaware,396.5,273,422,421.0,1.0,1.0,1,,,,,,,471.8,462.0,3.2,3.0,4,0.0,0
1.0,0.01,0.5,Delaware,402.3333333333333,377,429,421.0,1.0,1.0,1,,,,,,,468.55555555555554,462.0,2.2222222222222223,2.0,4,0.0,0
2.0,0.01,2.0,Delaware,406.3333333333333,377,421,421.0,1.1111111111111112,1.0,2,0.0,0.0,608.0,608.0,,,486.5,486.5,1.5,1.0,3,0.0,0
0.5,0.01,1.0,Alabama,411.0,411,411,411.0,1.0,1.0,1,,,,,,,,,0.0,0.0,0,0.0,0
2.0,0.01,0.5,Delaware,415.22222222222223,369,421,421.0,1.2222222222222223,1.0,2,0.0,0.0,608.0,608.0,,,476.75,467.0,2.0,2.0,3,0.0,0
1.0,0.01,2.0,Rhode Island,436.3333333333333,399,557,412.0,1.3333333333333333,1.0,2,0.0,0.0,557.0,557.0,,,,,0.0,0.0,0,0.0,0
