alpha,beta,gamma,state,mean_first_intro_day,earliest_first_intro_day,latest_first_intro_day,median_first_intro_day,mean_intro_count,median_intro_count,max_intro_count,mean_cumu_before_second_intro,max_cumu_before_second_intro,mean_intro_day_2,median_intro_day_2,mean_intro_day_3,median_intro_day_3,mean_first_export_day,median_first_export_day,mean_export_count,median_export_count,max_export_count,mean_total_cumu_cases,max_total_cumu_cases
0.5,0.01,0.5,Texas,28.0,28,28,28.0,25.8,26.0,29,0.0,0.0,28.0,28.0,28.0,28.0,33.9,31.5,35.1,34.0,43,22.8,30
0.5,0.01,1.0,Texas,28.0,28,28,28.0,31.2,31.5,35,0.0,0.0,28.0,28.0,28.0,28.0,35.5,32.0,49.4,49.5,56,29.6,35
0.5,0.05,0.5,Texas,28.0,28,28,28.0,37.1,37.0,40,0.0,0.0,28.0,28.0,28.0,28.0,31.0,31.0,41.7,41.0,48,30.6,36
0.5,0.25,0.5,Texas,28.0,28,28,28.0,40.1,40.0,44,0.0,0.0,28.0,28.0,28.0,28.0,31.0,31.0,44.7,45.0,51,33.0,37
0.5,0.1,0.5,Texas,28.0,28,28,28.0,37.4,37.0,40,0.0,0.0,28.0,28.0,28.0,28.0,31.0,31.0,42.7,43.5,44,33.6,39
1.0,0.01,0.5,Texas,28.0,28,28,28.0,33.7,34.0,43,0.0,0.0,28.0,28.0,28.0,28.0,41.2,44.0,59.2,58.5,67,33.7,40
0.5,0.01,2.0,Texas,28.0,28,28,28.0,39.0,39.0,45,0.0,0.0,28.0,28.0,28.0,28.0,38.8,39.0,63.1,65.0,72,37.6,40
1.0,0.01,1.0,Texas,28.0,28,28,28.0,37.8,38.0,43,0.0,0.0,28.0,28.0,28.0,28.0,38.3,41.5,70.9,69.5,83,38.0,42
2.0,0.01,0.5,Texas,28.0,28,28,28.0,40.9,42.0,49,0.0,0.0,28.0,28.0,28.0,28.0,36.5,35.5,81.6,81.0,92,39.6,44
0.5,0.05,1.0,Texas,28.0,28,28,28.0,38.3,38.0,42,0.0,0.0,28.0,28.0,28.0,28.0,31.0,31.0,54.9,55.5,61,39.7,46
1.0,0.01,2.0,Texas,28.0,28,28,28.0,41.8,41.0,49,0.0,0.0,28.0,28.0,28.0,28.0,38.7,41.5,82.2,81.5,91,41.1,48
2.0,0.01,1.0,Texas,28.0,28,28,28.0,42.6,42.5,46,0.0,0.0,28.0,28.0,28.0,28.0,37.0,35.0,86.0,86.0,97,42.4,46
0.5,0.1,1.0,Texas,28.0,28,28,28.0,40.2,40.5,44,0.0,0.0,28.0,28.0,28.0,28.0,31.1,31.0,56.0,57.5,60,42.5,49
1.0,0.05,0.5,Texas,28.0,28,28,28.0,43.9,45.0,47,0.0,0.0,28.0,28.0,28.0,28.0,31.2,31.0,62.4,63.5,68,42.6,46
0.5,0.05,2.0,Texas,28.0,28,28,28.0,47.2,47.0,51,0.0,0.0,28.0,28.0,28.0,28.0,31.0,31.0,70.0,70.0,76,42.9,49
ALL,ALL,ALL,Texas,28.0,28,28,28.0,44.55555555555556,46.0,57,0.0,0.0,28.0,28.0,28.0,28.0,32.602777777777774,31.0,68.35,70.0,101,43.56111111111111,56
2.0,0.01,2.0,Texas,28.0,28,28,28.0,42.3,44.0,46,0.0,0.0,28.0,28.0,28.0,28.0,35.2,32.0,87.5,87.5,101,43.7,50
0.5,0.25,1.0,Texas,28.0,28,28,28.0,43.8,44.0,48,0.0,0.0,28.0,28.0,28.0,28.0,31.0,31.0,56.6,56.0,62,44.4,47
1.0,0.05,1.0,Texas,28.0,28,28,28.0,46.8,47.0,52,0.0,0.0,28.0,28.0,28.0,28.0,31.1,31.0,72.3,71.5,84,45.3,52
1.0,0.1,0.5,Texas,28.0,28,28,28.0,44.8,45.0,49,0.0,0.0,28.0,28.0,28.0,28.0,31.0,31.0,61.3,62.0,65,45.4,49
1.0,0.25,0.5,Texas,28.0,28,28,28.0,47.4,47.0,49,0.0,0.0,28.0,28.0,28.0,28.0,31.0,31.0,61.0,61.5,65,45.6,48
0.5,0.1,2.0,Texas,28.0,28,28,28.0,48.3,48.5,51,0.0,0.0,28.0,28.0,28.0,28.0,31.2,31.0,66.8,66.5,75,47.1,51
1.0,0.1,1.0,Texas,28.0,28,28,28.0,49.4,49.0,54,0.0,0.0,28.0,28.0,28.0,28.0,31.0,31.0,69.5,69.5,75,47.6,52
0.5,0.25,2.0,Texas,28.0,28,28,28.0,50.6,51.0,54,0.0,0.0,28.0,28.0,28.0,28.0,31.0,31.0,65.2,63.5,76,47.7,51
1.0,0.05,2.0,Texas,28.0,28,28,28.0,48.9,49.0,54,0.0,0.0,28.0,28.0,28.0,28.0,31.2,31.0,79.7,79.0,86,48.3,54
2.0,0.05,0.5,Texas,28.0,28,28,28.0,48.4,48.5,52,0.0,0.0,28.0,28.0,28.0,28.0,31.3,31.0,81.6,80.5,93,49.1,53
1.0,0.25,1.0,Texas,28.0,28,28,28.0,50.9,50.5,56,0.0,0.0,28.0,28.0,28.0,28.0,31.0,31.0,65.5,65.0,70,49.4,52
2.0,0.25,0.5,Texas,28.0,28,28,28.0,52.6,52.5,56,0.0,0.0,28.0,28.0,28.0,28.0,31.0,31.0,71.5,72.0,75,49.5,53
1.0,0.25,2.0,Texas,28.0,28,28,28.0,52.2,52.0,57,0.0,0.0,28.0,28.0,28.0,28.0,31.0,31.0,72.9,71.5,83,49.9,53
2.0,0.25,1.0,Texas,28.0,28,28,28.0,52.8,52.5,57,0.0,0.0,28.0,28.0,28.0,28.0,31.0,31.0,76.9,78.0,85,49.9,54
2.0,0.1,0.5,Texas,28.0,28,28,28.0,49.3,48.0,54,0.0,0.0,28.0,28.0,28.0,28.0,31.0,31.0,77.4,77.0,85,49.9,54
2.0,0.05,1.0,Texas,28.0,28,28,28.0,48.7,48.5,53,0.0,0.0,28.0,28.0,28.0,28.0,31.3,31.0,86.7,86.0,96,50.3,55
2.0,0.25,2.0,Texas,28.0,28,28,28.0,53.8,54.0,55,0.0,0.0,28.0,28.0,28.0,28.0,31.0,31.0,79.6,80.0,86,50.4,53
1.0,0.1,2.0,Texas,28.0,28,28,28.0,49.5,49.5,53,0.0,0.0,28.0,28.0,28.0,28.0,31.0,31.0,76.3,75.5,83,50.6,52
2.0,0.05,2.0,Texas,28.0,28,28,28.0,48.5,48.0,54,0.0,0.0,28.0,28.0,28.0,28.0,31.2,31.0,86.1,85.0,93,50.9,53
2.0,0.1,1.0,Texas,28.0,28,28,28.0,48.6,48.5,52,0.0,0.0,28.0,28.0,28.0,28.0,31.0,31.0,81.0,80.0,88,51.6,53
2.0,0.1,2.0,Texas,28.0,28,28,28.0,49.4,49.5,52,0.0,0.0,28.0,28.0,28.0,28.0,31.0,31.0,85.3,85.0,93,51.9,56
0.5,0.25,0.5,New Mexico,31.0,31,31,31.0,7.4,7.5,9,2.0,2.0,39.0,39.0,51.2,52.0,28.0,28.0,34.8,35.0,37,6.6,7
0.5,0.1,0.5,New Mexico,31.0,31,31,31.0,5.6,5.5,7,2.0,2.0,39.0,39.0,52.0,52.0,28.0,28.0,33.2,33.5,36,6.7,8
0.5,0.25,1.0,New Mexico,31.0,31,31,31.0,7.1,7.0,8,2.0,2.0,39.0,39.0,51.0,51.0,28.0,28.0,40.2,40.5,44,7.9,10
1.0,0.1,2.0,New Mexico,31.0,31,31,31.0,7.3,7.5,8,1.8,2.0,39.0,39.0,51.6,52.0,28.0,28.0,44.9,44.5,50,8.4,10
0.5,0.25,2.0,New Mexico,31.0,31,31,31.0,7.7,8.0,9,2.0,2.0,39.0,39.0,51.0,51.0,28.0,28.0,42.2,42.5,45,8.5,10
1.0,0.1,0.5,New Mexico,31.0,31,31,31.0,7.0,7.0,8,1.9,2.0,39.0,39.0,51.4,52.0,28.0,28.0,42.7,42.5,49,8.7,12
1.0,0.25,1.0,New Mexico,31.0,31,31,31.0,7.2,7.0,8,2.0,2.0,39.0,39.0,50.8,50.0,28.0,28.0,43.2,44.0,46,9.0,10
2.0,0.1,1.0,New Mexico,31.0,31,31,31.0,7.0,7.0,9,2.0,2.0,39.0,39.0,52.0,52.0,28.0,28.0,43.6,43.0,49,9.1,10
1.0,0.25,0.5,New Mexico,31.0,31,31,31.0,7.1,7.0,9,2.0,2.0,39.0,39.0,51.4,52.0,28.0,28.0,41.0,41.0,44,9.2,11
1.0,0.25,2.0,New Mexico,31.0,31,31,31.0,7.3,7.0,8,2.0,2.0,39.0,39.0,51.4,52.0,28.0,28.0,45.5,47.0,50,9.2,10
2.0,0.25,1.0,New Mexico,31.0,31,31,31.0,7.4,7.5,9,2.0,2.0,39.0,39.0,51.4,52.0,28.0,28.0,44.3,44.5,47,9.3,11
2.0,0.25,2.0,New Mexico,31.0,31,31,31.0,7.2,7.0,8,2.0,2.0,39.0,39.0,51.2,52.0,28.0,28.0,44.3,44.0,48,9.5,11
2.0,0.25,0.5,New Mexico,31.0,31,31,31.0,6.9,7.0,9,2.0,2.0,39.0,39.0,52.0,52.0,28.0,28.0,44.5,45.0,47,9.7,12
0.5,0.25,1.0,Iowa,31.0,31,31,31.0,31.6,31.0,35,1.0,1.0,42.0,42.0,43.4,43.0,36.0,36.0,125.5,124.0,133,52.6,55
0.5,0.25,0.5,Iowa,31.0,31,31,31.0,27.5,27.0,31,1.0,1.0,41.9,42.0,43.3,43.0,36.0,36.0,119.1,119.0,125,52.8,55
1.0,0.25,0.5,Iowa,31.0,31,31,31.0,30.2,30.5,33,1.0,1.0,42.0,42.0,43.6,43.0,36.0,36.0,131.4,130.5,142,55.2,59
1.0,0.25,2.0,Iowa,31.0,31,31,31.0,30.5,30.0,35,1.0,1.0,42.0,42.0,44.2,45.0,28.0,28.0,140.3,139.5,148,56.2,60
1.0,0.25,1.0,Iowa,31.0,31,31,31.0,30.0,30.5,32,1.0,1.0,42.0,42.0,43.8,43.0,28.0,28.0,138.9,139.0,145,56.5,59
2.0,0.25,1.0,Iowa,31.0,31,31,31.0,29.7,29.0,35,1.0,1.0,42.0,42.0,43.4,43.0,28.0,28.0,144.3,144.0,152,57.1,62
0.5,0.25,2.0,Iowa,31.0,31,31,31.0,28.8,29.0,32,0.9,1.0,42.0,42.0,43.8,43.0,37.1,36.0,135.4,136.5,146,58.0,63
0.5,0.05,0.5,New Mexico,31.4,31,35,31.0,5.3,5.0,7,1.4,2.0,38.9,39.0,50.1,52.0,28.0,28.0,34.2,33.0,39,6.3,8
1.0,0.1,1.0,New Mexico,31.4,31,35,31.0,7.1,7.0,8,1.6,2.0,39.0,39.0,51.4,52.0,28.0,28.0,42.8,42.5,46,8.7,10
2.0,0.1,2.0,New Mexico,31.4,31,35,31.0,7.0,7.0,8,1.6,2.0,39.0,39.0,51.0,52.0,28.0,28.0,42.7,42.0,49,9.5,11
2.0,0.1,0.5,New Mexico,31.5,31,36,31.0,7.4,7.0,10,1.6,2.0,39.0,39.0,51.2,52.0,28.0,28.0,42.5,43.0,45,8.5,10
0.5,0.1,1.0,New Mexico,31.8,31,39,31.0,6.7,7.0,8,1.6,2.0,39.5,39.0,50.7,52.0,28.0,28.0,39.0,38.5,43,8.2,10
0.5,0.05,0.5,Kansas,32.0,32,32,32.0,33.2,34.0,35,0.0,0.0,39.6,40.0,43.4,44.0,28.0,28.0,18.1,18.0,22,8.0,10
0.5,0.1,0.5,Kansas,32.0,32,32,32.0,38.1,38.0,43,0.0,0.0,40.0,40.0,43.4,44.0,28.0,28.0,19.7,19.5,24,9.6,11
0.5,0.25,0.5,Kansas,32.0,32,32,32.0,42.4,43.0,44,0.0,0.0,38.8,40.0,42.0,42.0,28.0,28.0,23.9,23.0,29,10.6,12
0.5,0.05,1.0,Kansas,32.0,32,32,32.0,43.5,43.0,49,0.0,0.0,39.6,40.0,43.4,44.0,28.0,28.0,23.9,23.0,30,11.6,14
0.5,0.1,1.0,Kansas,32.0,32,32,32.0,45.1,45.0,48,0.0,0.0,39.2,40.0,43.0,44.0,28.0,28.0,24.3,24.0,29,12.3,17
0.5,0.25,1.0,Kansas,32.0,32,32,32.0,47.8,48.0,52,0.0,0.0,38.8,40.0,42.2,42.0,28.0,28.0,27.6,28.0,32,14.2,16
1.0,0.05,1.0,Kansas,32.0,32,32,32.0,49.2,50.0,52,0.0,0.0,40.4,40.0,43.9,44.0,28.0,28.0,31.1,30.5,37,15.3,17
0.5,0.05,2.0,Kansas,32.0,32,32,32.0,49.1,49.5,52,0.0,0.0,40.0,40.0,43.8,44.0,28.0,28.0,29.3,28.5,34,15.4,17
1.0,0.1,0.5,Kansas,32.0,32,32,32.0,45.8,46.5,49,0.0,0.0,40.0,40.0,43.4,44.0,28.0,28.0,30.2,30.0,35,16.3,20
0.5,0.1,2.0,Kansas,32.0,32,32,32.0,49.5,50.0,55,0.0,0.0,40.0,40.0,43.6,44.0,28.0,28.0,31.5,31.5,35,16.3,21
1.0,0.25,0.5,Kansas,32.0,32,32,32.0,48.8,49.0,52,0.0,0.0,39.2,40.0,42.2,42.0,28.0,28.0,33.4,33.5,38,16.4,19
0.5,0.25,2.0,Kansas,32.0,32,32,32.0,52.1,52.0,55,0.0,0.0,39.2,40.0,42.4,42.0,28.0,28.0,32.7,33.0,38,16.7,18
1.0,0.1,1.0,Kansas,32.0,32,32,32.0,51.2,51.5,54,0.0,0.0,39.2,40.0,42.4,42.0,28.0,28.0,34.3,35.0,38,16.8,19
2.0,0.05,0.5,Kansas,32.0,32,32,32.0,50.5,50.0,55,0.0,0.0,40.0,40.0,44.0,44.0,28.0,28.0,36.1,37.0,40,16.9,20
1.0,0.25,1.0,Kansas,32.0,32,32,32.0,53.5,53.5,55,0.0,0.0,39.2,40.0,42.2,42.0,28.0,28.0,35.5,36.0,41,17.0,18
2.0,0.05,1.0,Kansas,32.0,32,32,32.0,52.2,51.5,57,0.0,0.0,40.0,40.0,43.4,44.0,28.0,28.0,39.5,39.5,45,18.3,21
1.0,0.25,2.0,Kansas,32.0,32,32,32.0,57.3,57.0,60,0.0,0.0,39.6,40.0,42.6,42.0,28.0,28.0,37.0,38.5,40,18.6,20
2.0,0.1,0.5,Kansas,32.0,32,32,32.0,52.0,52.0,55,0.0,0.0,39.6,40.0,43.2,44.0,28.0,28.0,41.2,39.0,53,18.6,21
2.0,0.1,1.0,Kansas,32.0,32,32,32.0,55.8,56.5,59,0.0,0.0,39.6,40.0,43.4,44.0,28.0,28.0,41.3,41.5,45,18.7,22
2.0,0.25,0.5,Kansas,32.0,32,32,32.0,54.3,54.5,56,0.0,0.0,39.2,40.0,42.2,42.0,28.0,28.0,39.1,38.0,45,18.8,20
1.0,0.05,2.0,Kansas,32.0,32,32,32.0,51.5,51.0,57,0.0,0.0,39.2,40.0,42.8,44.0,28.0,28.0,36.1,36.5,42,19.0,25
2.0,0.25,1.0,Kansas,32.0,32,32,32.0,57.8,58.0,61,0.0,0.0,39.2,40.0,42.0,42.0,28.0,28.0,41.7,42.0,48,19.2,22
1.0,0.1,2.0,Kansas,32.0,32,32,32.0,55.1,55.5,59,0.0,0.0,40.0,40.0,43.6,44.0,28.0,28.0,36.5,36.5,43,19.4,23
2.0,0.25,2.0,Kansas,32.0,32,32,32.0,57.7,58.0,60,0.0,0.0,39.2,40.0,42.2,42.0,28.0,28.0,43.0,43.0,49,19.8,23
2.0,0.1,2.0,Kansas,32.0,32,32,32.0,53.0,52.5,57,0.0,0.0,39.6,40.0,43.2,44.0,28.0,28.0,47.4,46.5,54,22.7,26
0.5,0.1,0.5,Minnesota,32.0,32,32,32.0,39.2,39.5,45,0.5,1.0,39.2,39.5,43.6,44.0,38.3,44.0,41.0,42.0,45,30.5,36
1.0,0.1,0.5,Minnesota,32.0,32,32,32.0,41.1,41.0,46,0.3,1.0,39.9,41.0,46.9,47.0,37.6,43.0,44.4,43.5,50,31.7,35
2.0,0.25,1.0,Minnesota,32.0,32,32,32.0,42.8,43.5,48,0.0,0.0,36.0,36.0,38.0,38.0,32.9,28.0,52.7,52.0,58,32.6,38
1.0,0.25,1.0,Minnesota,32.0,32,32,32.0,42.0,42.0,45,0.0,0.0,36.0,36.0,38.0,38.0,35.7,35.5,52.0,51.5,60,32.6,36
0.5,0.25,2.0,Minnesota,32.0,32,32,32.0,41.8,42.5,46,0.1,1.0,36.7,36.0,39.2,38.0,35.9,35.5,50.1,50.5,53,32.8,38
2.0,0.1,1.0,Minnesota,32.0,32,32,32.0,41.8,42.0,44,0.2,1.0,37.9,37.0,42.2,39.5,41.0,44.0,49.4,49.0,60,32.8,37
1.0,0.1,2.0,Minnesota,32.0,32,32,32.0,40.7,40.0,46,0.3,1.0,39.4,39.5,43.7,44.0,41.7,43.0,49.0,48.5,58,33.3,37
1.0,0.25,0.5,Minnesota,32.0,32,32,32.0,40.7,40.0,43,0.0,0.0,36.0,36.0,38.0,38.0,32.5,28.0,50.3,50.0,57,33.7,37
2.0,0.25,0.5,Minnesota,32.0,32,32,32.0,41.1,41.0,46,0.1,1.0,36.5,36.0,38.9,38.0,29.5,28.0,49.9,50.5,55,34.1,37
2.0,0.25,2.0,Minnesota,32.0,32,32,32.0,41.1,40.5,45,0.1,1.0,36.7,36.0,39.5,38.0,32.7,28.0,52.5,52.0,61,34.8,39
0.5,0.25,1.0,Minnesota,32.0,32,32,32.0,38.7,39.5,41,0.0,0.0,36.0,36.0,38.0,38.0,35.7,35.5,49.9,49.0,54,35.0,38
0.5,0.25,0.5,Minnesota,32.0,32,32,32.0,34.9,35.5,39,0.0,0.0,36.0,36.0,38.0,38.0,35.5,34.5,46.7,45.0,56,35.7,42
1.0,0.25,2.0,Minnesota,32.0,32,32,32.0,39.6,39.5,45,0.0,0.0,36.2,36.0,38.6,38.0,34.4,28.0,53.8,52.5,62,35.9,46
0.5,0.05,2.0,Iowa,32.1,31,42,31.0,33.9,33.5,41,0.4,1.0,43.8,45.0,48.5,45.0,30.0,28.0,120.3,122.5,135,50.6,57
2.0,0.1,2.0,Iowa,32.1,31,42,31.0,31.8,32.5,34,0.6,1.0,42.6,42.0,43.6,43.0,30.6,28.0,140.1,141.0,147,54.5,59
2.0,0.25,0.5,Iowa,32.1,31,42,31.0,30.5,30.0,34,0.9,1.0,42.1,42.0,43.8,43.0,28.0,28.0,135.6,135.5,141,56.3,58
2.0,0.25,2.0,Iowa,32.1,31,42,31.0,28.9,30.0,32,0.9,1.0,42.1,42.0,43.8,43.0,28.0,28.0,138.8,138.5,148,57.8,64
0.5,0.05,1.0,New Mexico,32.3,31,39,31.0,6.0,6.0,7,1.2,2.0,39.6,39.0,51.3,52.0,28.0,28.0,39.4,40.0,47,7.8,9
0.5,0.1,2.0,New Mexico,32.3,31,39,31.0,7.5,7.5,10,1.6,2.0,39.6,39.0,50.9,52.0,28.0,28.0,41.7,42.0,46,8.2,10
2.0,0.1,2.0,Minnesota,32.4,32,36,32.0,43.3,43.0,48,0.3,2.0,38.8,37.0,43.2,41.0,37.2,43.0,52.2,52.5,55,31.8,36
2.0,0.1,0.5,Minnesota,32.4,32,36,32.0,42.2,42.5,46,0.4,2.0,39.8,38.0,43.3,41.0,43.4,45.0,47.6,47.5,53,32.4,36
1.0,0.1,1.0,Minnesota,32.4,32,36,32.0,40.4,41.0,46,0.4,1.0,40.0,41.0,43.9,45.5,37.6,43.0,50.1,50.5,54,32.8,39
1.0,0.05,0.5,New Mexico,32.6,31,39,31.0,6.9,7.0,8,1.2,2.0,40.1,39.0,50.4,52.0,28.0,28.0,38.7,39.0,46,8.0,10
0.5,0.05,2.0,New Mexico,32.7,31,39,31.0,7.7,7.5,9,1.1,2.0,39.6,39.0,51.3,52.0,28.0,28.0,42.0,41.0,49,7.7,9
1.0,0.05,0.5,Kansas,32.8,32,40,32.0,44.3,44.5,48,0.0,0.0,40.4,40.0,43.9,44.0,28.0,28.0,29.9,30.5,36,14.5,20
2.0,0.05,2.0,Kansas,32.8,32,40,32.0,55.1,55.5,59,0.0,0.0,40.2,40.0,43.6,44.0,28.0,28.0,46.0,45.5,51,18.3,21
0.5,0.1,1.0,Minnesota,32.9,32,41,32.0,40.5,42.0,46,0.2,1.0,40.6,38.5,44.1,43.5,39.1,43.0,48.1,47.5,55,30.8,38
0.5,0.05,0.5,Minnesota,32.9,32,41,32.0,33.7,34.0,38,0.6,2.0,45.8,47.5,49.1,50.0,37.2,36.5,38.8,39.5,43,32.4,37
2.0,0.05,0.5,New Mexico,33.2,31,39,31.0,7.2,7.0,9,1.2,2.0,39.5,39.0,50.0,52.0,28.0,28.0,42.8,43.5,48,7.9,10
2.0,0.1,1.0,Iowa,33.2,31,42,31.0,32.6,33.0,35,0.7,1.0,42.4,42.0,44.4,45.0,28.0,28.0,137.4,138.0,145,53.7,58
1.0,0.1,0.5,Iowa,33.2,31,42,31.0,28.7,29.0,32,0.3,1.0,42.5,42.0,44.6,45.0,39.7,41.5,122.7,121.0,136,55.5,59
0.5,0.05,1.0,Minnesota,33.3,32,41,32.0,37.2,35.5,46,0.2,1.0,44.7,44.5,49.2,50.0,40.2,44.0,43.9,43.5,50,31.9,36
2.0,0.05,2.0,New Mexico,33.4,31,39,31.0,7.8,8.0,9,1.1,2.0,40.7,39.0,49.9,51.0,28.0,28.0,43.3,44.5,48,8.0,10
1.0,0.05,2.0,New Mexico,33.5,31,39,31.0,7.7,8.0,10,1.0,2.0,40.2,39.0,51.0,52.0,28.0,28.0,43.8,44.0,49,7.9,9
2.0,0.05,1.0,New Mexico,33.6,31,39,31.0,7.3,7.0,10,1.1,2.0,40.2,39.0,51.0,52.0,28.0,28.0,43.4,44.0,49,8.1,9
0.5,0.1,2.0,Minnesota,33.8,32,41,32.0,41.8,42.0,47,0.2,1.0,40.1,38.0,43.2,41.0,37.4,43.0,49.9,50.5,53,32.1,39
ALL,ALL,ALL,Kansas,33.81111111111111,32,44,32.0,46.43888888888889,48.0,61,0.002777777777777778,1.0,42.58888888888889,40.0,47.269444444444446,44.0,29.04722222222222,28.0,31.116666666666667,32.0,54,15.633333333333333,26
1.0,0.05,1.0,New Mexico,34.2,31,39,31.0,7.4,7.5,9,0.8,2.0,41.4,39.0,50.0,52.0,28.0,28.0,40.5,41.0,48,7.8,9
0.5,0.1,1.0,Iowa,34.3,31,42,31.0,32.7,32.5,37,0.5,1.0,42.6,42.0,44.4,45.0,35.8,36.0,115.7,116.0,128,49.3,52
1.0,0.1,1.0,Iowa,34.3,31,42,31.0,34.9,35.5,40,0.5,1.0,43.1,42.5,45.5,45.0,29.6,28.0,129.9,128.5,141,51.0,56
2.0,0.1,0.5,Iowa,34.3,31,42,31.0,31.5,31.0,36,0.6,1.0,43.4,43.0,45.0,45.0,30.0,28.0,136.4,139.0,144,54.7,58
1.0,0.1,2.0,Iowa,34.3,31,42,31.0,31.3,31.0,34,0.5,1.0,42.8,42.0,44.2,45.0,34.4,32.0,137.3,137.5,148,54.8,58
ALL,ALL,ALL,New Mexico,34.4,31,65,31.0,7.394444444444445,7.0,13,1.3277777777777777,4.0,41.9,39.0,53.50555555555555,52.0,28.0,28.0,38.84166666666667,40.0,50,7.455555555555556,12
0.5,0.05,2.0,Minnesota,34.6,32,48,32.0,39.1,39.0,44,0.2,1.0,43.4,41.0,47.0,48.5,41.3,45.0,48.3,47.0,56,32.3,35
1.0,0.05,0.5,Minnesota,34.7,32,50,32.0,37.5,38.0,42,0.4,1.0,48.0,50.0,52.1,51.5,40.6,36.5,42.7,42.5,49,32.5,36
1.0,0.05,1.0,Iowa,34.9,31,45,31.0,32.6,33.0,36,0.3,1.0,44.1,45.0,46.5,45.0,28.0,28.0,124.1,125.0,128,52.1,57
1.0,0.05,1.0,Minnesota,35.1,32,41,32.0,40.4,40.0,44,0.3,1.0,44.3,45.0,48.0,50.0,38.8,43.0,50.4,52.0,55,31.8,35
0.5,0.1,2.0,Iowa,35.7,31,45,31.0,33.0,32.5,38,0.6,1.0,43.0,42.0,44.4,45.0,36.9,37.0,128.2,128.0,138,52.5,55
0.5,0.25,0.5,Colorado,36.0,36,36,36.0,20.7,20.5,24,0.0,0.0,37.4,36.0,41.5,42.0,39.7,41.0,21.8,21.5,27,6.1,7
0.5,0.1,1.0,Colorado,36.0,36,36,36.0,22.4,23.0,26,0.1,1.0,38.3,36.0,42.5,42.0,28.0,28.0,25.1,25.5,30,6.1,7
0.5,0.25,1.0,Colorado,36.0,36,36,36.0,22.7,23.0,24,0.0,0.0,36.9,36.0,41.5,42.0,30.6,28.0,25.7,24.5,29,6.2,8
0.5,0.1,2.0,Colorado,36.0,36,36,36.0,24.4,24.0,27,0.0,0.0,39.1,41.0,42.2,42.0,28.0,28.0,28.7,28.5,31,7.0,8
1.0,0.25,0.5,Colorado,36.0,36,36,36.0,24.0,24.0,25,0.0,0.0,37.5,36.0,41.6,42.0,28.0,28.0,24.7,24.5,28,7.5,8
2.0,0.25,2.0,Colorado,36.0,36,36,36.0,26.4,26.5,27,0.0,0.0,37.4,36.0,41.7,42.0,28.0,28.0,28.8,28.5,32,7.5,9
0.5,0.25,2.0,Colorado,36.0,36,36,36.0,24.6,25.0,25,0.0,0.0,36.5,36.0,41.6,42.0,28.0,28.0,27.2,27.5,30,7.6,8
2.0,0.25,0.5,Colorado,36.0,36,36,36.0,26.1,26.0,27,0.0,0.0,37.9,36.0,41.7,42.0,28.0,28.0,27.2,28.5,30,7.6,9
1.0,0.25,1.0,Colorado,36.0,36,36,36.0,25.8,26.0,28,0.0,0.0,37.4,36.0,41.7,42.0,28.0,28.0,28.7,28.5,31,7.9,10
1.0,0.25,2.0,Colorado,36.0,36,36,36.0,25.6,26.0,27,0.0,0.0,37.0,36.0,41.8,42.0,28.0,28.0,29.3,29.0,34,8.0,10
2.0,0.1,1.0,Colorado,36.0,36,36,36.0,25.0,25.0,27,0.1,1.0,38.4,38.0,42.2,42.0,28.0,28.0,30.7,31.0,36,8.0,10
2.0,0.1,2.0,Colorado,36.0,36,36,36.0,25.2,26.0,27,0.0,0.0,38.7,38.5,42.0,42.0,29.4,28.0,29.5,29.5,33,8.0,10
2.0,0.25,1.0,Colorado,36.0,36,36,36.0,25.0,24.5,28,0.0,0.0,37.0,36.0,41.6,42.0,28.0,28.0,28.9,28.5,34,8.6,10
1.0,0.1,2.0,Colorado,36.0,36,36,36.0,24.3,24.0,26,0.1,1.0,38.7,38.5,42.3,42.0,28.0,28.0,29.8,30.5,33,8.6,11
0.5,0.1,0.5,Colorado,36.5,36,41,36.0,20.0,20.0,21,0.0,0.0,39.8,41.0,42.4,42.0,41.2,41.0,22.4,22.0,26,5.1,6
1.0,0.1,0.5,Colorado,36.5,36,41,36.0,22.9,23.0,25,0.0,0.0,39.7,41.0,42.4,42.0,28.0,28.0,25.6,26.0,29,7.6,10
1.0,0.1,1.0,Colorado,36.5,36,41,36.0,24.5,24.0,27,0.0,0.0,38.5,38.0,42.5,42.0,28.0,28.0,28.3,29.0,32,8.5,11
2.0,0.05,0.5,Minnesota,36.5,32,50,32.0,38.8,39.0,45,0.5,2.0,46.5,46.5,51.7,50.0,37.5,35.5,43.6,43.0,48,33.5,38
1.0,0.05,2.0,Minnesota,36.6,32,56,32.0,38.8,39.5,45,0.2,1.0,45.3,47.5,49.4,50.0,41.1,45.0,49.7,51.0,58,34.0,38
0.5,0.01,1.0,Kansas,36.8,32,44,32.0,29.7,30.0,32,0.0,0.0,47.2,44.0,54.7,53.0,32.7,28.0,12.1,11.5,16,7.9,11
2.0,0.01,0.5,Kansas,36.8,32,44,36.0,39.8,40.0,44,0.0,0.0,47.6,44.0,60.7,61.0,30.7,28.0,25.0,25.0,36,15.1,20
0.5,0.1,0.5,Iowa,36.8,31,45,36.5,28.9,28.0,36,0.5,1.0,43.3,42.5,45.4,45.0,39.3,37.0,109.5,109.0,121,49.3,53
0.5,0.05,1.0,Iowa,36.9,31,45,36.5,30.2,29.0,37,0.4,1.0,44.7,45.0,52.8,51.5,31.0,28.0,108.6,109.5,117,48.8,55
2.0,0.1,0.5,Colorado,37.1,36,42,36.0,25.0,25.0,27,0.0,0.0,40.3,41.0,42.7,42.0,28.0,28.0,30.4,30.0,34,7.5,10
0.5,0.05,1.0,Colorado,37.2,36,42,36.0,22.8,23.0,24,0.0,0.0,42.2,42.0,43.5,44.0,28.0,28.0,23.4,23.0,27,4.6,6
2.0,0.05,1.0,Colorado,37.2,36,42,36.0,25.3,25.0,27,0.0,0.0,41.2,42.0,43.5,43.5,28.0,28.0,29.2,29.0,36,6.9,9
1.0,0.05,1.0,Colorado,37.2,36,42,36.0,24.9,25.0,27,0.0,0.0,41.8,42.0,43.8,44.0,28.0,28.0,28.5,28.5,34,7.1,8
1.0,0.05,2.0,Colorado,37.2,36,42,36.0,24.9,25.0,27,0.1,1.0,41.1,42.0,44.0,44.0,28.0,28.0,32.7,32.0,38,7.6,10
2.0,0.25,1.0,Oklahoma,37.4,37,41,37.0,48.7,49.0,52,0.0,0.0,43.0,43.0,52.6,52.0,28.0,28.0,20.8,21.5,24,9.3,11
0.5,0.01,0.5,Kansas,37.6,32,44,36.0,24.4,25.5,28,0.0,0.0,50.0,44.0,56.3,58.5,42.8,48.0,9.8,9.5,17,6.2,9
2.0,0.01,2.0,Kansas,37.6,32,44,36.0,43.3,45.0,47,0.0,0.0,47.1,44.0,57.0,58.5,30.7,28.0,36.6,36.0,48,18.3,22
1.0,0.05,0.5,Colorado,37.7,36,42,36.0,22.7,23.0,24,0.0,0.0,41.4,42.0,43.4,44.0,28.0,28.0,26.5,26.5,29,6.0,7
0.5,0.05,2.0,Colorado,37.7,36,42,36.0,24.1,24.0,27,0.0,0.0,40.9,42.0,43.2,44.0,28.0,28.0,30.7,31.0,33,6.8,8
0.5,0.25,1.0,Oklahoma,37.8,37,41,37.0,43.0,43.0,46,0.0,0.0,43.0,43.0,52.0,52.0,28.0,28.0,14.1,14.0,19,5.4,8
2.0,0.25,0.5,Oklahoma,37.8,37,41,37.0,49.0,49.0,51,0.0,0.0,43.0,43.0,52.0,52.0,28.0,28.0,18.7,18.5,22,7.7,10
0.5,0.25,2.0,Oklahoma,37.8,37,41,37.0,46.6,46.0,49,0.0,0.0,43.0,43.0,52.2,52.0,28.0,28.0,16.4,16.5,18,8.8,11
1.0,0.25,1.0,Oklahoma,37.8,37,41,37.0,47.0,47.5,48,0.0,0.0,43.0,43.0,51.6,52.0,28.0,28.0,18.4,19.0,22,9.6,11
2.0,0.05,2.0,Minnesota,37.8,32,52,32.0,41.2,41.5,44,0.2,1.0,47.7,48.0,52.7,52.5,44.0,45.0,46.7,47.5,53,33.0,36
2.0,0.05,0.5,Colorado,38.2,36,42,36.0,24.9,25.0,27,0.0,0.0,41.0,42.0,43.6,44.0,28.0,28.0,29.7,30.0,33,6.8,9
1.0,0.25,0.5,Oklahoma,38.2,37,41,37.0,42.0,42.0,44,0.0,0.0,43.0,43.0,52.0,52.0,28.0,28.0,16.5,16.0,20,8.6,11
2.0,0.25,2.0,Oklahoma,38.2,37,41,37.0,48.0,48.0,51,0.0,0.0,43.0,43.0,51.6,52.0,28.0,28.0,22.8,23.5,25,9.5,12
1.0,0.1,1.0,Oklahoma,38.2,37,41,37.0,45.0,45.0,47,0.0,0.0,44.5,43.0,53.4,52.0,28.0,28.0,16.0,16.5,18,9.5,12
2.0,0.05,2.0,Colorado,38.4,36,42,36.0,25.4,25.5,27,0.0,0.0,40.8,41.5,43.0,43.0,31.5,28.0,31.5,32.5,35,7.4,10
2.0,0.05,1.0,Minnesota,38.4,32,53,32.0,41.1,42.5,45,0.4,1.0,47.2,48.5,51.2,51.5,42.5,45.0,49.4,48.0,55,32.6,40
ALL,ALL,ALL,Colorado,38.416666666666664,36,52,36.0,23.016666666666666,24.0,28,0.044444444444444446,3.0,41.477777777777774,41.0,45.125,42.0,29.730555555555554,28.0,28.025,28.0,46,6.891666666666667,11
0.5,0.25,0.5,Oklahoma,38.6,37,41,37.0,37.2,37.5,39,0.0,0.0,43.0,43.0,53.2,52.0,28.0,28.0,12.9,13.0,16,3.9,6
1.0,0.25,2.0,Oklahoma,38.6,37,41,37.0,48.4,48.5,51,0.0,0.0,43.0,43.0,52.2,52.0,28.0,28.0,19.4,20.0,22,9.4,11
2.0,0.1,2.0,Oklahoma,38.8,37,43,37.0,47.6,48.0,49,0.0,0.0,45.4,43.0,54.9,53.5,28.0,28.0,19.9,20.5,26,9.5,11
1.0,0.01,2.0,Kansas,38.8,32,44,42.0,41.0,40.0,46,0.0,0.0,53.6,52.5,59.2,59.0,30.7,28.0,26.9,25.0,35,17.6,20
0.5,0.05,0.5,Iowa,38.8,31,45,42.0,28.8,27.5,34,1.4,9.0,46.5,45.0,53.2,48.5,30.8,28.0,99.8,98.5,106,46.2,52
0.5,0.05,0.5,Colorado,38.9,36,42,38.5,18.8,18.5,21,0.0,0.0,41.6,42.0,43.2,44.0,42.6,41.5,20.2,20.0,25,4.7,5
0.5,0.1,0.5,Vermont,39.0,39,39,39.0,7.6,8.0,8,4.7,6.0,113.1,115.0,125.3,130.0,28.0,28.0,12.7,12.5,17,5.8,7
2.0,0.1,1.0,Vermont,39.0,39,39,39.0,7.1,7.0,9,4.9,7.0,108.5,100.5,123.0,128.0,28.0,28.0,12.9,13.0,15,6.7,8
1.0,0.25,1.0,Vermont,39.0,39,39,39.0,7.2,7.0,9,4.7,6.0,98.8,100.0,108.3,111.5,28.0,28.0,10.0,10.5,12,6.8,8
1.0,0.25,2.0,Vermont,39.0,39,39,39.0,7.0,7.0,9,4.9,8.0,96.4,98.0,104.9,101.0,28.0,28.0,10.2,10.0,12,6.9,8
1.0,0.25,0.5,Vermont,39.0,39,39,39.0,6.9,7.0,8,4.8,7.0,97.7,100.0,108.5,112.0,28.0,28.0,9.4,9.5,13,7.1,9
2.0,0.25,2.0,Vermont,39.0,39,39,39.0,6.9,7.0,8,4.9,7.0,96.1,97.5,105.6,101.5,28.0,28.0,9.5,10.0,13,7.1,8
0.5,0.25,1.0,Vermont,39.0,39,39,39.0,6.8,6.5,9,5.3,9.0,99.5,100.0,112.2,111.5,28.0,28.0,11.0,10.5,15,7.2,9
2.0,0.25,1.0,Vermont,39.0,39,39,39.0,6.7,7.0,8,4.8,9.0,98.3,100.0,109.1,110.0,28.0,28.0,10.4,10.5,13,7.3,9
2.0,0.25,0.5,Vermont,39.0,39,39,39.0,6.7,7.0,8,4.9,7.0,94.6,97.5,101.8,101.0,28.0,28.0,9.4,9.0,13,7.3,9
0.5,0.25,2.0,Vermont,39.0,39,39,39.0,6.5,6.5,8,5.3,7.0,99.3,99.0,105.4,100.5,28.0,28.0,10.5,10.0,13,7.5,9
0.5,0.25,0.5,Vermont,39.0,39,39,39.0,6.4,6.5,7,4.6,7.0,97.8,100.0,106.7,103.5,28.0,28.0,9.4,9.0,13,7.6,9
0.5,0.1,2.0,Oklahoma,39.0,37,41,39.0,44.6,44.0,49,0.0,0.0,44.8,43.0,55.2,58.0,28.0,28.0,14.6,14.5,20,8.2,11
0.5,0.1,0.5,Washington,39.0,39,39,39.0,9.2,9.0,13,2.5,4.0,57.2,58.0,61.7,60.0,44.3,44.0,12.9,13.0,15,8.5,9
0.5,0.25,0.5,Washington,39.0,39,39,39.0,9.8,10.0,12,2.7,4.0,55.6,58.0,60.6,60.0,29.9,28.0,13.6,13.5,16,9.2,10
0.5,0.25,1.0,Washington,39.0,39,39,39.0,13.5,13.5,15,2.2,3.0,53.1,51.0,58.6,58.0,29.3,28.0,17.0,17.0,19,9.7,11
1.0,0.25,0.5,Washington,39.0,39,39,39.0,13.2,13.5,14,2.3,3.0,53.1,51.0,58.6,58.0,38.1,34.5,17.8,18.0,20,10.7,12
0.5,0.25,2.0,Washington,39.0,39,39,39.0,14.3,14.5,16,2.6,4.0,53.3,51.0,58.9,58.0,36.0,28.0,19.2,19.0,23,11.2,13
1.0,0.25,2.0,Washington,39.0,39,39,39.0,14.7,15.0,16,2.7,4.0,56.6,58.0,59.6,60.0,29.9,28.0,19.5,20.0,21,11.9,13
2.0,0.25,1.0,Washington,39.0,39,39,39.0,14.9,14.5,18,2.4,3.0,53.8,51.0,58.8,58.0,32.6,28.0,20.3,20.5,23,11.9,14
1.0,0.25,1.0,Washington,39.0,39,39,39.0,13.9,13.5,17,2.8,4.0,54.5,54.5,59.0,59.0,34.9,28.0,20.4,21.0,23,11.9,14
2.0,0.25,0.5,Washington,39.0,39,39,39.0,14.9,15.0,17,2.6,3.0,53.1,51.0,58.6,58.0,35.4,28.0,20.5,20.5,25,11.9,14
2.0,0.25,2.0,Washington,39.0,39,39,39.0,14.2,14.0,16,2.4,3.0,53.8,51.0,58.8,58.0,32.6,28.0,20.3,20.5,25,12.3,14
2.0,0.05,1.0,Iowa,39.1,31,45,43.5,32.6,33.5,37,2.8,12.0,49.3,45.0,56.5,60.0,31.8,28.0,128.0,127.0,138,53.2,60
0.5,0.1,0.5,Oklahoma,39.4,37,41,41.0,34.9,35.0,38,0.0,0.0,43.0,43.0,53.8,52.0,28.0,28.0,10.6,10.5,14,3.9,6
0.5,0.1,1.0,Oklahoma,39.4,37,41,41.0,39.2,39.0,41,0.0,0.0,43.9,43.0,55.0,55.0,28.0,28.0,11.7,12.0,13,5.1,7
0.5,0.05,1.0,Oklahoma,39.6,37,43,41.0,35.3,35.0,38,0.0,0.0,46.6,43.0,57.2,58.0,43.7,28.0,9.3,10.0,13,4.5,8
1.0,0.1,2.0,Oklahoma,39.6,37,43,41.0,46.8,46.5,48,0.0,0.0,44.2,43.0,55.6,58.0,28.0,28.0,16.0,16.5,20,10.2,12
1.0,0.05,2.0,Iowa,39.7,31,45,42.0,34.7,34.5,43,3.5,23.0,48.5,45.0,55.6,56.0,28.0,28.0,127.3,126.5,141,51.0,59
2.0,0.01,1.0,New Mexico,39.8,31,52,39.0,8.3,8.0,10,0.6,3.0,47.0,49.5,65.7,59.5,28.0,28.0,36.2,36.0,43,6.3,8
2.0,0.1,0.5,Oklahoma,39.8,37,41,41.0,47.7,48.0,51,0.0,0.0,43.9,43.0,56.2,58.0,28.0,28.0,16.1,15.5,23,7.8,10
0.5,0.25,0.5,Nebraska,40.0,40,40,40.0,31.2,31.5,33,0.0,0.0,48.0,48.0,60.8,63.0,28.0,28.0,6.1,6.0,7,3.0,4
0.5,0.25,1.0,Nebraska,40.0,40,40,40.0,35.3,35.0,38,0.0,0.0,48.0,48.0,61.4,61.0,28.0,28.0,7.6,8.0,9,3.4,5
1.0,0.25,0.5,Nebraska,40.0,40,40,40.0,37.9,37.5,40,0.0,0.0,48.0,48.0,61.4,61.0,28.0,28.0,7.4,7.0,10,5.6,7
1.0,0.25,2.0,Nebraska,40.0,40,40,40.0,44.5,44.0,48,0.0,0.0,48.0,48.0,60.9,61.0,28.0,28.0,9.0,9.0,10,6.7,8
1.0,0.25,1.0,Nebraska,40.0,40,40,40.0,42.3,42.0,45,0.0,0.0,48.0,48.0,62.2,63.0,28.0,28.0,8.2,8.0,10,6.7,8
2.0,0.25,1.0,Nebraska,40.0,40,40,40.0,44.9,44.5,49,0.0,0.0,48.0,48.0,61.2,60.0,28.0,28.0,10.2,10.0,13,6.9,8
2.0,0.01,1.0,Kansas,40.0,32,44,44.0,43.6,44.0,49,0.0,0.0,50.0,46.0,55.9,58.5,28.0,28.0,34.7,34.0,44,17.0,20
1.0,0.05,1.0,Oklahoma,40.2,37,41,41.0,43.4,43.0,46,0.0,0.0,47.8,43.0,56.7,58.0,28.0,28.0,12.0,12.0,15,7.3,10
2.0,0.1,1.0,Washington,40.2,39,51,39.0,13.8,14.5,16,2.3,3.0,57.3,58.0,59.8,60.0,31.2,28.0,19.8,20.0,24,11.4,14
2.0,0.01,2.0,New Mexico,40.3,31,52,39.0,8.3,8.5,11,0.8,4.0,48.5,45.0,63.5,49.5,28.0,28.0,37.4,38.0,43,6.1,8
2.0,0.1,1.0,Oklahoma,40.4,37,43,41.0,49.0,49.0,52,0.0,0.0,46.3,43.0,55.9,58.0,28.0,28.0,17.8,19.0,22,8.0,10
1.0,0.01,1.0,Kansas,40.4,32,44,44.0,36.6,36.5,41,0.0,0.0,53.9,61.0,63.0,68.5,33.4,28.0,24.0,24.0,28,14.9,18
1.0,0.05,2.0,Oklahoma,40.6,37,41,41.0,47.6,47.0,51,0.0,0.0,48.4,43.0,56.5,58.0,28.0,28.0,14.4,14.5,19,7.9,11
0.5,0.01,0.5,New Mexico,40.8,31,65,37.5,6.2,6.0,8,0.1,1.0,46.5,42.0,59.3,52.0,28.0,28.0,21.0,21.5,28,3.8,5
0.5,0.05,0.5,Oklahoma,40.8,37,43,41.0,30.2,31.0,34,0.0,0.0,45.7,43.0,55.8,56.5,28.0,28.0,7.2,7.0,11,4.1,7
0.5,0.25,2.0,Nebraska,40.8,40,48,40.0,40.6,40.5,42,0.0,0.0,49.2,48.0,61.2,60.0,28.0,28.0,9.0,9.0,11,6.1,7
2.0,0.25,0.5,Nebraska,40.8,40,48,40.0,43.7,44.0,46,0.0,0.0,49.2,48.0,62.6,63.0,28.0,28.0,9.2,9.0,11,6.7,8
2.0,0.25,2.0,Nebraska,40.8,40,48,40.0,45.6,45.5,49,0.0,0.0,49.4,48.0,61.8,61.0,28.0,28.0,10.5,10.5,13,7.4,10
1.0,0.1,0.5,Oklahoma,40.8,37,43,41.0,40.2,40.0,41,0.0,0.0,44.5,43.0,54.6,52.0,28.0,28.0,13.9,14.0,16,8.0,11
0.5,0.01,2.0,Kansas,40.8,32,44,44.0,35.4,35.0,43,0.0,0.0,54.9,56.0,65.0,68.0,32.7,28.0,20.2,19.5,25,13.6,18
1.0,0.01,1.0,New Mexico,41.0,31,52,41.5,8.8,8.5,13,0.5,1.0,48.7,48.5,58.1,58.5,28.0,28.0,33.8,35.0,40,4.8,7
0.5,0.01,1.0,New Mexico,41.0,36,52,39.0,7.6,7.5,9,0.3,3.0,47.2,45.0,60.3,49.5,28.0,28.0,29.3,29.5,33,4.9,7
2.0,0.05,1.0,Oklahoma,41.0,37,43,41.0,48.4,48.5,50,0.0,0.0,51.3,52.0,58.9,58.0,28.0,28.0,13.0,13.0,15,6.8,8
1.0,0.1,0.5,Washington,41.1,39,60,39.0,12.2,12.0,15,2.0,3.0,57.9,58.0,62.0,60.0,39.2,28.0,16.6,17.5,19,10.2,12
2.0,0.05,0.5,Iowa,41.1,31,54,43.5,34.4,34.0,40,1.6,15.0,47.9,45.0,50.0,45.0,34.4,28.0,125.2,122.5,140,51.0,57
0.5,0.05,2.0,Oklahoma,41.2,41,43,41.0,42.7,43.5,47,0.0,0.0,47.8,43.0,57.1,58.0,28.0,28.0,12.3,11.0,17,6.2,8
2.0,0.05,0.5,Oklahoma,41.3,37,52,41.0,46.8,46.5,50,0.0,0.0,48.1,47.5,56.8,58.0,28.0,28.0,13.4,13.0,17,6.9,10
2.0,0.05,2.0,Iowa,41.3,31,45,43.5,33.8,35.0,38,2.6,11.0,49.2,45.0,56.7,60.0,28.0,28.0,126.7,125.0,137,52.4,59
ALL,ALL,ALL,Minnesota,41.63611111111111,32,97,32.0,40.18333333333333,40.0,50,0.22777777777777777,5.0,49.68611111111111,41.0,53.13333333333333,49.5,42.93888888888889,43.0,46.266666666666666,47.0,62,30.644444444444446,46
2.0,0.25,0.5,Arizona,41.8,41,43,41.0,7.7,7.5,9,0.6,1.0,46.8,43.0,58.2,58.0,28.0,28.0,17.9,18.5,20,3.3,4
0.5,0.25,1.0,New Jersey,42.0,42,42,42.0,8.1,8.0,9,0.0,0.0,132.2,140.0,141.1,141.0,,,0.0,0.0,0,0.0,0
1.0,0.25,0.5,New Jersey,42.0,42,42,42.0,8.3,8.0,9,0.0,0.0,131.7,136.0,141.2,141.0,,,0.0,0.0,0,0.0,0
0.5,0.05,1.0,New Jersey,42.0,42,42,42.0,7.0,7.0,8,0.0,0.0,146.8,141.0,165.0,173.5,,,0.0,0.0,0,0.0,0
0.5,0.25,2.0,New Jersey,42.0,42,42,42.0,8.2,8.0,9,0.0,0.0,132.7,140.0,139.7,141.0,,,0.0,0.0,0,0.0,0
1.0,0.05,1.0,New Jersey,42.0,42,42,42.0,7.3,7.0,8,0.0,0.0,140.5,140.5,160.4,160.0,,,0.0,0.0,0,0.0,0
0.5,0.05,0.5,New Jersey,42.0,42,42,42.0,6.9,7.0,8,0.0,0.0,138.4,141.0,148.9,147.0,,,0.0,0.0,0,0.0,0
0.5,0.25,0.5,New Jersey,42.0,42,42,42.0,7.6,8.0,8,0.0,0.0,127.1,128.0,140.7,140.5,,,0.0,0.0,0,0.0,0
1.0,0.25,1.0,New Jersey,42.0,42,42,42.0,8.3,8.0,9,0.0,0.0,132.6,140.0,140.0,141.0,,,0.0,0.0,0,0.0,0
2.0,0.25,0.5,New Jersey,42.0,42,42,42.0,8.3,8.0,9,0.0,0.0,131.4,138.0,138.2,141.0,,,0.0,0.0,0,0.0,0
1.0,0.1,0.5,New Jersey,42.0,42,42,42.0,7.9,8.0,8,0.0,0.0,140.0,140.0,147.0,141.0,,,0.0,0.0,0,0.0,0
0.5,0.1,1.0,New Jersey,42.0,42,42,42.0,7.9,8.0,9,0.0,0.0,137.2,141.0,147.3,147.0,,,0.0,0.0,0,0.0,0
2.0,0.1,0.5,New Jersey,42.0,42,42,42.0,8.2,8.0,9,0.0,0.0,139.8,141.0,147.9,147.0,,,0.0,0.0,0,0.0,0
0.5,0.1,2.0,New Jersey,42.0,42,42,42.0,8.0,8.0,8,0.0,0.0,137.0,141.0,145.7,147.0,,,0.0,0.0,0,0.0,0
1.0,0.1,1.0,New Jersey,42.0,42,42,42.0,8.1,8.0,9,0.0,0.0,139.8,141.0,146.5,147.0,,,0.0,0.0,0,0.0,0
0.5,0.1,0.5,New Jersey,42.0,42,42,42.0,7.4,7.0,8,0.0,0.0,135.7,140.5,144.3,144.0,,,0.0,0.0,0,0.0,0
2.0,0.1,2.0,New Jersey,42.0,42,42,42.0,8.0,8.0,8,0.0,0.0,140.5,140.5,147.2,144.0,,,0.0,0.0,0,0.3,1
2.0,0.25,1.0,New Jersey,42.0,42,42,42.0,8.5,8.5,9,0.0,0.0,126.1,120.0,142.3,140.5,,,0.0,0.0,0,0.5,1
2.0,0.25,2.0,New Jersey,42.0,42,42,42.0,8.1,8.0,9,0.0,0.0,126.2,120.0,141.7,140.5,,,0.0,0.0,0,0.5,1
1.0,0.25,2.0,New Jersey,42.0,42,42,42.0,8.0,8.0,8,0.0,0.0,129.5,136.0,140.9,141.0,,,0.0,0.0,0,0.7,1
2.0,0.25,2.0,Arizona,42.0,41,43,42.0,7.9,8.0,9,0.5,1.0,49.3,44.5,58.3,58.0,28.0,28.0,18.3,18.0,22,3.1,4
0.5,0.01,1.0,Colorado,42.0,36,48,42.0,17.7,17.5,20,0.3,2.0,47.1,46.5,52.2,51.0,35.9,28.0,22.9,23.0,27,4.2,6
0.5,0.1,2.0,Washington,42.1,39,58,39.0,12.8,12.5,16,1.8,3.0,55.6,58.0,60.6,60.0,45.2,41.0,16.3,17.0,20,11.2,13
ALL,ALL,ALL,Iowa,42.1,31,93,31.0,31.57777777777778,31.0,43,1.1861111111111111,23.0,51.59722222222222,45.0,55.4,45.0,35.00833333333333,28.0,117.15833333333333,123.5,152,51.28333333333333,64
1.0,0.25,2.0,Arizona,42.2,41,43,43.0,7.8,8.0,9,0.4,1.0,51.4,53.0,60.0,58.0,28.0,28.0,16.4,16.5,20,3.2,4
1.0,0.05,0.5,Oklahoma,42.2,37,55,41.0,37.7,38.5,41,0.0,0.0,48.4,43.0,57.3,58.0,28.0,28.0,10.5,11.0,13,5.7,8
2.0,0.05,2.0,Oklahoma,42.2,37,55,41.0,47.5,47.5,50,0.0,0.0,50.5,53.5,56.6,58.0,28.0,28.0,17.4,17.5,23,8.5,11
0.5,0.25,0.5,Arizona,42.4,41,43,43.0,7.1,7.0,9,0.3,1.0,50.8,53.0,58.1,58.0,28.0,28.0,13.1,13.5,15,2.2,3
1.0,0.25,0.5,Arizona,42.4,41,43,43.0,8.4,9.0,9,0.3,1.0,51.3,53.0,58.8,58.0,28.0,28.0,12.5,12.0,15,2.6,4
0.5,0.25,2.0,Arizona,42.4,41,43,43.0,8.4,8.5,9,0.3,1.0,50.3,49.5,57.9,58.0,28.0,28.0,16.3,16.5,22,2.6,4
2.0,0.01,2.0,Colorado,42.5,36,49,42.0,22.8,23.0,26,0.0,0.0,47.0,46.5,51.2,51.5,28.0,28.0,34.3,33.5,40,7.0,10
1.0,0.25,1.0,Arizona,42.6,41,43,43.0,8.5,8.0,10,0.2,1.0,52.3,53.0,58.3,58.0,28.0,28.0,17.4,17.0,19,2.5,3
0.5,0.25,1.0,Arizona,42.6,41,43,43.0,8.0,8.0,10,0.2,1.0,51.8,53.0,60.4,58.0,28.0,28.0,10.7,11.0,14,3.0,4
2.0,0.01,0.5,Colorado,42.6,36,48,43.0,19.9,20.0,22,0.1,1.0,47.6,48.5,50.9,51.5,28.0,28.0,31.8,30.5,39,8.0,11
0.5,0.1,0.5,Arizona,42.8,41,43,43.0,7.4,7.5,9,0.1,1.0,56.4,58.0,61.5,60.0,28.0,28.0,13.4,13.0,16,2.1,3
2.0,0.25,1.0,Arizona,42.8,41,43,43.0,8.3,8.0,9,0.1,1.0,52.6,53.0,58.8,58.0,28.0,28.0,16.2,15.5,20,2.7,3
2.0,0.1,0.5,Arizona,42.8,41,43,43.0,7.7,8.0,9,0.1,1.0,57.1,58.0,62.8,60.0,28.0,28.0,17.6,17.0,20,3.3,4
2.0,0.01,0.5,New Mexico,42.8,39,52,39.0,8.8,8.5,12,0.3,3.0,49.0,46.0,58.8,55.0,28.0,28.0,32.4,33.0,38,4.5,7
2.0,0.01,1.0,Colorado,42.8,42,44,42.0,23.6,24.5,26,0.0,0.0,46.5,46.0,50.0,51.0,28.0,28.0,36.5,36.0,46,6.6,10
1.0,0.01,0.5,Kansas,42.8,32,44,44.0,32.1,32.5,39,0.1,1.0,59.9,57.0,68.5,71.5,28.0,28.0,20.6,21.0,27,12.9,15
0.5,0.05,0.5,Arizona,43.0,43,43,43.0,6.9,7.0,8,0.0,0.0,62.6,60.0,72.6,76.0,28.0,28.0,12.5,12.0,17,2.3,3
1.0,0.1,2.0,Washington,43.0,39,60,39.0,13.7,14.0,15,1.9,3.0,56.5,58.0,61.6,60.0,32.9,28.0,18.2,18.5,22,11.3,13
2.0,0.1,1.0,Nebraska,43.2,40,48,40.0,43.3,43.5,47,0.0,0.0,54.4,48.0,63.7,64.0,28.0,28.0,9.6,9.0,13,6.6,9
2.0,0.1,0.5,Nebraska,43.2,40,48,40.0,41.1,40.5,44,0.0,0.0,55.4,54.0,63.8,64.0,28.0,28.0,8.8,9.0,11,6.8,8
1.0,0.01,2.0,Colorado,43.2,36,52,43.0,21.0,21.0,23,0.1,1.0,47.5,46.0,52.3,51.5,28.0,28.0,33.6,34.0,38,7.6,9
0.5,0.1,1.0,Arizona,43.4,41,53,43.0,7.1,7.0,8,0.4,2.0,57.7,58.0,66.0,60.0,28.0,28.0,11.3,11.0,14,3.9,6
0.5,0.01,2.0,New Mexico,43.4,31,52,39.0,8.9,9.0,11,0.0,0.0,48.9,45.0,59.2,52.0,28.0,28.0,27.7,28.0,34,4.4,6
2.0,0.1,2.0,Washington,43.5,39,60,39.0,14.3,14.5,17,1.9,3.0,58.3,59.0,63.8,63.5,40.7,28.0,18.5,20.0,23,11.6,14
0.5,0.01,0.5,Colorado,43.6,42,52,42.0,14.5,14.0,18,0.0,0.0,46.8,44.0,51.6,49.5,35.4,28.0,15.7,16.0,21,3.1,6
1.0,0.1,0.5,Arizona,43.7,41,58,43.0,7.6,7.5,9,0.5,2.0,54.2,58.0,62.1,60.0,30.0,28.0,12.3,13.0,14,3.4,5
2.0,0.25,0.5,Michigan,43.8,34,58,42.0,54.9,54.5,59,0.0,0.0,52.9,55.5,56.8,58.0,46.1,53.0,16.8,16.0,20,9.2,12
1.0,0.05,0.5,Iowa,43.8,42,45,45.0,31.9,30.0,41,4.9,14.0,53.1,45.0,59.5,63.0,31.8,28.0,111.3,111.0,124,50.4,57
1.0,0.1,1.0,Arizona,43.9,41,58,43.0,7.7,7.5,9,0.3,1.0,52.4,55.5,62.1,61.5,28.0,28.0,17.8,18.0,22,3.3,5
ALL,ALL,ALL,Oklahoma,43.96944444444444,37,87,41.0,40.1,43.0,52,0.0,0.0,52.19722222222222,43.0,61.38333333333333,58.0,31.212885154061624,28.0,12.908333333333333,13.0,26,6.522222222222222,12
0.5,0.1,0.5,Nebraska,44.0,40,48,44.0,28.5,28.5,31,0.0,0.0,55.2,54.0,63.6,64.0,28.0,28.0,6.7,7.0,8,3.1,5
0.5,0.1,1.0,Nebraska,44.0,40,48,44.0,32.2,32.5,36,0.0,0.0,54.8,54.0,63.3,64.0,28.0,28.0,7.6,8.0,10,4.2,7
1.0,0.1,2.0,Nebraska,44.0,40,48,44.0,43.4,43.5,45,0.0,0.0,55.6,54.0,63.7,64.0,28.0,28.0,9.6,9.5,12,5.9,7
2.0,0.1,2.0,Nebraska,44.0,40,48,44.0,44.1,44.0,47,0.0,0.0,55.4,54.0,63.7,64.0,28.0,28.0,10.5,11.0,12,5.9,7
0.5,0.1,2.0,Nebraska,44.0,40,48,44.0,38.8,39.0,42,0.0,0.0,55.8,55.0,63.9,64.0,28.0,28.0,8.0,7.5,11,5.9,8
1.0,0.01,1.0,Colorado,44.0,36,52,43.0,22.1,22.0,26,0.0,0.0,49.0,48.5,52.6,51.5,28.0,28.0,30.7,28.0,43,6.4,10
1.0,0.1,1.0,Nebraska,44.0,40,48,44.0,40.3,40.0,44,0.0,0.0,55.2,54.0,63.7,64.0,28.0,28.0,8.9,8.5,11,6.7,9
0.5,0.1,1.0,Washington,44.0,39,58,39.0,13.6,13.0,18,2.0,4.0,58.4,58.0,61.4,60.0,34.9,28.0,13.0,13.0,18,9.0,11
1.0,0.1,1.0,Washington,44.2,39,60,39.0,13.6,13.0,18,1.6,3.0,57.4,58.0,62.7,60.0,40.2,28.0,18.6,18.5,24,10.4,12
2.0,0.1,0.5,Washington,44.2,39,60,39.0,14.4,14.0,17,1.8,3.0,58.8,58.0,63.1,60.0,31.6,28.0,18.9,19.0,26,10.5,12
0.5,0.01,2.0,Colorado,44.4,42,52,42.0,20.2,20.5,22,0.4,3.0,49.6,48.5,57.2,51.5,28.0,28.0,30.5,32.5,38,7.6,11
2.0,0.1,2.0,Arizona,44.5,43,58,43.0,8.1,8.0,9,0.0,0.0,58.2,58.0,63.4,61.5,31.7,28.0,18.0,19.0,22,2.9,4
1.0,0.1,2.0,Arizona,44.5,43,58,43.0,7.8,8.0,8,0.0,0.0,59.8,58.0,62.3,60.0,28.0,28.0,16.2,16.0,19,3.2,4
1.0,0.1,0.5,Vermont,44.5,39,94,39.0,7.8,8.0,11,4.1,6.0,105.1,100.0,115.2,114.0,28.0,28.0,13.6,13.0,19,5.9,8
0.5,0.05,2.0,Nebraska,44.8,40,48,48.0,36.2,37.0,38,0.0,0.0,57.6,64.0,64.6,65.0,28.0,28.0,8.5,8.5,13,6.0,8
2.0,0.25,2.0,Michigan,44.8,34,58,42.0,54.8,55.0,60,0.1,1.0,52.9,55.0,56.8,58.0,40.2,28.0,16.1,16.5,19,10.3,13
1.0,0.1,2.0,New Jersey,45.1,42,73,42.0,8.3,8.0,9,0.0,0.0,139.7,140.5,147.2,144.0,,,0.0,0.0,0,0.3,1
1.0,0.25,2.0,South Dakota,45.1,41,46,45.5,46.1,46.0,48,0.0,0.0,46.0,46.0,46.0,46.0,28.0,28.0,13.7,14.0,17,3.8,5
0.5,0.25,1.0,South Dakota,45.2,45,46,45.0,39.6,39.0,42,0.0,0.0,46.0,46.0,46.0,46.0,28.0,28.0,11.1,11.5,14,2.9,4
2.0,0.25,0.5,Missouri,45.2,43,54,43.0,77.5,78.0,80,0.0,0.0,50.0,48.0,56.1,55.5,28.0,28.0,20.5,20.0,23,15.6,18
0.5,0.25,0.5,South Dakota,45.3,45,46,45.0,32.3,32.0,35,0.0,0.0,46.0,46.0,46.0,46.0,28.0,28.0,9.6,9.5,11,1.7,3
2.0,0.25,0.5,South Dakota,45.3,45,46,45.0,47.4,48.0,49,0.0,0.0,46.0,46.0,46.0,46.0,28.0,28.0,12.3,12.0,16,4.2,5
2.0,0.25,1.0,South Dakota,45.3,45,46,45.0,46.1,46.0,47,0.0,0.0,46.0,46.0,46.0,46.0,28.0,28.0,14.7,15.5,17,4.9,6
2.0,0.25,2.0,South Dakota,45.3,45,46,45.0,45.8,46.0,47,0.0,0.0,46.0,46.0,46.0,46.0,28.0,28.0,14.2,13.5,18,5.7,8
1.0,0.25,0.5,South Dakota,45.4,45,46,45.0,43.3,43.0,45,0.0,0.0,46.0,46.0,46.0,46.0,28.0,28.0,12.4,12.0,18,2.8,5
0.5,0.25,2.0,South Dakota,45.4,45,46,45.0,44.1,44.0,45,0.0,0.0,46.0,46.0,46.0,46.0,28.0,28.0,13.1,13.5,16,3.3,4
1.0,0.01,0.5,New Mexico,45.4,31,52,47.0,8.4,8.5,12,1.3,4.0,57.0,64.0,64.1,65.5,28.0,28.0,26.2,26.5,35,4.5,7
1.0,0.25,1.0,South Dakota,45.5,45,46,45.5,47.5,47.5,49,0.0,0.0,46.0,46.0,46.0,46.0,28.0,28.0,12.8,12.5,18,2.9,4
0.5,0.25,0.5,Missouri,45.5,43,48,45.5,59.3,59.5,61,0.0,0.0,52.7,54.0,56.9,58.0,28.0,28.0,12.5,13.0,14,11.0,13
2.0,0.25,1.0,Missouri,45.5,43,48,45.5,79.2,79.0,81,0.0,0.0,52.3,51.0,57.7,58.0,28.0,28.0,22.4,22.0,29,16.6,19
2.0,0.1,1.0,Arizona,45.6,41,58,43.0,8.0,8.0,9,0.2,1.0,55.2,58.0,62.0,60.0,28.0,28.0,18.1,19.0,22,3.0,5
0.5,0.1,2.0,Arizona,45.6,41,58,43.0,7.4,7.0,9,0.2,1.0,56.7,59.5,63.3,63.0,28.0,28.0,16.9,17.5,20,3.5,4
1.0,0.01,2.0,New Mexico,45.6,36,56,45.5,9.7,9.0,13,0.1,1.0,52.3,49.5,58.6,58.5,28.0,28.0,33.1,32.0,39,4.7,6
1.0,0.1,0.5,Nebraska,45.6,40,48,48.0,36.0,36.5,37,0.0,0.0,58.4,62.0,63.2,64.0,28.0,28.0,6.9,6.5,10,4.8,7
2.0,0.1,2.0,South Dakota,45.7,45,46,46.0,44.8,45.0,46,0.0,0.0,46.0,46.0,46.2,46.0,28.0,28.0,14.7,14.5,17,6.1,9
0.5,0.1,1.0,South Dakota,45.8,45,50,45.0,38.6,39.0,40,0.0,0.0,46.8,46.0,46.9,46.0,32.0,28.0,11.0,10.5,15,3.2,5
0.5,0.1,2.0,South Dakota,45.8,45,46,46.0,43.1,43.0,45,0.0,0.0,46.0,46.0,46.6,46.0,28.0,28.0,13.6,13.5,17,3.6,5
1.0,0.1,2.0,South Dakota,45.9,45,50,45.5,45.0,45.0,47,0.0,0.0,46.6,46.0,47.2,46.0,31.8,28.0,13.9,13.5,17,5.3,6
2.0,0.1,1.0,South Dakota,45.9,45,46,46.0,44.5,44.5,47,0.0,0.0,46.2,46.0,47.0,46.0,28.0,28.0,14.6,14.5,19,5.9,7
1.0,0.25,2.0,Wisconsin,45.9,42,48,48.0,40.8,41.5,44,0.0,0.0,48.9,50.0,49.8,50.0,28.0,28.0,97.4,97.0,102,25.2,31
2.0,0.1,0.5,South Dakota,46.0,45,49,46.0,46.2,46.0,47,0.0,0.0,46.6,46.0,47.6,47.0,31.0,28.0,12.8,13.0,16,4.5,6
0.5,0.25,2.0,Ohio,46.0,43,48,48.0,59.7,59.0,64,0.0,0.0,52.3,55.0,56.0,56.0,75.7,75.5,16.9,16.0,21,17.6,20
0.5,0.25,1.0,Wisconsin,46.0,43,48,48.0,41.3,42.0,44,0.0,0.0,49.2,50.0,50.0,50.0,28.0,28.0,98.4,100.0,105,23.4,28
1.0,0.1,0.5,South Dakota,46.1,45,48,46.0,41.8,42.0,44,0.0,0.0,46.6,46.0,47.4,47.0,28.0,28.0,12.0,11.5,16,3.4,5
0.5,0.1,0.5,South Dakota,46.3,45,50,46.0,29.7,29.0,32,0.0,0.0,47.0,46.0,48.0,47.0,31.8,28.0,10.0,11.0,13,3.0,4
1.0,0.1,1.0,South Dakota,46.3,45,50,46.0,46.1,46.0,49,0.0,0.0,46.8,46.0,46.9,46.0,31.1,28.0,12.7,12.5,15,3.4,5
0.5,0.25,1.0,Idaho,46.3,43,54,43.0,8.4,8.0,10,1.8,3.0,55.4,54.0,59.2,58.0,30.0,28.0,28.2,28.0,31,14.8,15
1.0,0.25,0.5,Idaho,46.3,43,54,43.0,7.9,8.0,11,1.5,3.0,55.0,54.0,58.0,57.0,28.0,28.0,28.5,28.5,31,15.1,16
2.0,0.25,0.5,Idaho,46.4,43,55,43.0,9.3,9.5,12,2.1,9.0,55.2,54.0,59.0,59.0,28.0,28.0,32.2,32.5,34,17.6,22
0.5,0.25,0.5,Ohio,46.5,43,48,48.0,53.0,53.5,55,0.0,0.0,52.6,55.0,55.0,56.0,81.9,80.0,10.1,10.0,14,13.6,18
2.0,0.1,1.0,Ohio,46.5,43,48,48.0,58.7,58.0,64,0.0,0.0,54.7,55.0,58.1,56.0,90.8,92.5,16.2,16.0,22,15.7,19
1.0,0.25,2.0,Missouri,46.5,43,58,45.5,79.5,80.0,82,0.0,0.0,52.8,54.0,56.7,58.0,28.0,28.0,21.3,21.5,25,15.8,19
0.5,0.25,2.0,Idaho,46.5,43,56,43.0,8.9,9.0,11,1.9,9.0,55.0,55.0,59.4,60.0,28.0,28.0,30.4,30.0,34,16.1,21
2.0,0.25,1.0,Ohio,46.5,43,48,48.0,60.0,60.0,65,0.0,0.0,52.9,55.0,55.7,56.0,82.3,76.0,16.1,16.0,22,17.1,22
1.0,0.25,2.0,Ohio,46.5,43,48,48.0,59.4,59.0,65,0.0,0.0,52.6,55.0,55.0,56.0,83.4,84.0,15.7,16.0,20,17.3,21
2.0,0.25,2.0,Wisconsin,46.5,43,48,48.0,41.5,41.5,46,0.0,0.0,49.4,50.0,50.8,50.0,28.0,28.0,95.5,95.5,102,24.5,30
0.5,0.25,0.5,Illinois,46.6,41,48,48.0,46.7,47.0,49,0.0,0.0,54.8,56.0,56.0,57.0,41.6,28.0,15.6,16.5,18,4.7,6
2.0,0.05,0.5,Washington,46.6,39,60,45.0,13.9,14.0,17,1.2,3.0,59.2,60.0,64.5,67.0,55.1,46.0,17.7,18.5,21,9.9,13
1.0,0.25,0.5,Missouri,46.6,43,54,48.0,71.1,71.0,76,0.0,0.0,53.1,54.0,57.9,58.0,28.0,28.0,17.8,17.0,20,13.6,16
2.0,0.25,2.0,Missouri,46.6,43,54,48.0,79.9,80.0,84,0.0,0.0,53.7,54.0,57.3,58.0,28.0,28.0,22.5,22.5,25,16.8,20
1.0,0.05,1.0,South Dakota,46.7,45,50,46.0,44.7,44.5,47,0.0,0.0,47.4,46.0,49.1,48.0,34.7,28.0,12.5,12.0,16,4.1,6
0.5,0.25,2.0,Michigan,46.7,34,58,46.5,54.1,54.5,57,0.0,0.0,56.6,58.0,58.5,59.0,47.2,53.0,15.4,15.0,22,9.9,12
0.5,0.25,2.0,Missouri,46.8,43,56,48.0,77.4,77.5,81,0.0,0.0,52.6,54.0,56.8,57.0,28.0,28.0,18.3,18.0,21,12.9,16
0.5,0.05,1.0,South Dakota,47.0,45,50,46.0,35.9,36.0,39,0.0,0.0,49.4,48.0,50.9,50.0,43.8,28.0,9.5,9.5,14,3.9,5
1.0,0.05,2.0,South Dakota,47.0,45,50,46.0,42.9,43.0,45,0.0,0.0,48.8,48.0,50.4,50.0,43.8,28.0,13.2,13.5,16,6.5,8
0.5,0.25,1.0,Kentucky,47.0,47,47,47.0,37.3,38.0,40,0.0,0.0,63.0,63.0,70.5,70.5,50.8,66.0,22.6,23.0,27,12.6,17
0.5,0.25,0.5,Kentucky,47.0,47,47,47.0,30.1,31.0,32,0.0,0.0,61.6,63.0,68.2,67.0,66.0,66.0,16.2,17.0,19,13.0,16
0.5,0.25,1.0,Ohio,47.0,43,48,48.0,57.7,58.0,60,0.0,0.0,53.6,55.0,55.8,56.0,83.1,80.0,14.2,13.0,19,15.7,19
1.0,0.25,0.5,Kentucky,47.0,47,47,47.0,38.1,38.0,42,0.0,0.0,60.0,60.0,63.4,63.0,58.4,66.0,22.9,23.0,26,16.6,20
1.0,0.25,1.0,Kentucky,47.0,47,47,47.0,43.5,43.5,48,0.0,0.0,60.0,60.0,63.0,63.0,39.4,28.0,29.5,29.5,32,18.4,21
2.0,0.25,1.0,Kentucky,47.0,47,47,47.0,45.8,45.5,49,0.0,0.0,60.0,60.0,63.0,63.0,39.4,28.0,34.3,33.5,42,19.1,22
1.0,0.25,2.0,Kentucky,47.0,47,47,47.0,44.9,46.0,49,0.0,0.0,59.6,60.0,62.7,63.0,39.4,28.0,33.7,33.5,38,19.8,24
0.5,0.25,0.5,Wisconsin,47.0,43,48,48.0,40.5,40.5,43,0.0,0.0,48.9,50.0,49.5,50.0,28.0,28.0,95.2,96.0,105,22.7,27
1.0,0.25,0.5,Wisconsin,47.0,43,48,48.0,42.3,42.0,44,0.0,0.0,49.6,50.0,50.0,50.0,28.0,28.0,98.8,99.5,106,23.1,25
1.0,0.1,1.0,Wisconsin,47.0,43,48,48.0,42.0,42.0,47,0.0,0.0,50.2,50.0,51.4,50.0,28.0,28.0,91.8,90.5,100,23.3,29
2.0,0.1,1.0,Wisconsin,47.0,43,48,48.0,42.2,44.0,46,0.0,0.0,49.6,50.0,51.8,50.0,28.0,28.0,93.4,93.5,103,23.6,30
2.0,0.25,0.5,Wisconsin,47.0,43,48,48.0,42.0,42.5,45,0.0,0.0,49.6,50.0,50.0,50.0,28.0,28.0,99.4,99.5,107,23.8,28
2.0,0.25,1.0,Wisconsin,47.0,43,48,48.0,41.9,42.0,45,0.0,0.0,49.6,50.0,50.0,50.0,28.0,28.0,95.7,93.0,113,24.1,26
0.5,0.1,1.0,Michigan,47.1,34,59,47.0,47.7,47.5,52,0.1,1.0,57.0,58.5,61.0,59.0,62.4,64.0,15.8,16.5,21,10.9,12
0.5,0.25,1.0,Missouri,47.1,43,58,45.5,69.0,69.0,72,0.0,0.0,53.5,55.5,57.6,58.0,28.0,28.0,15.9,16.0,19,12.6,17
1.0,0.25,1.0,Missouri,47.1,43,58,45.5,77.1,77.0,81,0.0,0.0,53.3,54.0,57.8,58.0,28.0,28.0,20.3,19.5,24,14.3,17
2.0,0.05,0.5,South Dakota,47.2,46,50,46.0,44.7,44.5,47,0.0,0.0,49.4,48.0,51.1,50.0,48.2,28.0,12.9,13.5,16,5.1,7
1.0,0.05,1.0,Nebraska,47.2,40,64,48.0,37.4,37.0,40,0.0,0.0,59.3,64.0,65.0,65.0,28.0,28.0,8.4,8.0,12,6.9,8
1.0,0.25,2.0,Illinois,47.3,41,48,48.0,62.0,61.5,65,0.0,0.0,55.9,57.0,57.1,57.0,44.5,42.5,26.3,26.5,28,7.7,10
0.5,0.1,2.0,Ohio,47.3,43,56,48.0,57.6,57.0,61,0.1,1.0,55.5,55.0,59.0,56.0,86.5,99.0,18.5,19.0,23,16.6,20
2.0,0.25,2.0,Idaho,47.4,43,54,43.0,9.8,10.0,12,2.0,7.0,55.8,55.0,59.1,57.0,28.0,28.0,30.0,29.0,33,17.6,21
2.0,0.25,1.0,Idaho,47.4,43,54,43.0,9.1,9.5,10,1.7,7.0,55.4,55.0,58.6,59.0,28.0,28.0,29.6,30.0,34,17.9,20
0.5,0.1,0.5,Ohio,47.5,43,48,48.0,48.8,49.0,53,0.0,0.0,54.6,55.0,57.9,56.0,90.1,90.5,11.3,11.5,14,13.3,17
2.0,0.25,2.0,Ohio,47.5,43,48,48.0,61.0,61.0,65,0.0,0.0,54.5,55.0,56.7,56.0,79.9,79.5,14.7,14.0,18,17.3,22
2.0,0.1,0.5,Ohio,47.5,43,48,48.0,56.5,56.0,60,0.0,0.0,54.5,55.0,57.2,56.0,87.5,82.0,17.5,17.0,22,17.7,21
1.0,0.25,1.0,Ohio,47.5,43,48,48.0,59.5,60.0,62,0.0,0.0,54.3,55.0,55.9,56.0,80.3,80.0,16.4,17.0,21,18.0,22
2.0,0.1,2.0,Wisconsin,47.5,43,48,48.0,45.3,44.5,50,0.0,0.0,51.2,50.0,52.3,50.0,28.0,28.0,90.4,92.0,100,20.5,24
0.5,0.05,0.5,Wisconsin,47.5,43,48,48.0,38.2,38.0,42,0.0,0.0,51.9,50.0,57.5,57.5,31.1,28.0,73.1,73.5,79,22.9,26
1.0,0.1,0.5,Wisconsin,47.5,43,48,48.0,41.1,41.0,45,0.0,0.0,49.8,50.0,51.2,50.0,28.0,28.0,92.0,91.5,105,24.1,29
1.0,0.1,2.0,Wisconsin,47.5,43,48,48.0,41.5,41.5,47,0.0,0.0,49.8,50.0,51.7,50.0,30.3,28.0,96.2,95.5,105,24.1,29
0.5,0.1,1.0,Wisconsin,47.5,43,48,48.0,39.9,40.0,43,0.0,0.0,50.6,50.0,54.7,56.5,28.0,28.0,90.9,91.5,97,24.2,27
0.5,0.1,2.0,Wisconsin,47.5,43,48,48.0,41.0,41.0,47,0.0,0.0,50.6,50.0,52.3,50.0,28.0,28.0,98.8,101.0,108,24.3,28
0.5,0.25,2.0,Wisconsin,47.5,43,48,48.0,40.8,40.5,44,0.0,0.0,49.8,50.0,50.0,50.0,28.0,28.0,100.0,101.0,106,25.1,28
0.5,0.05,2.0,South Dakota,47.6,46,50,46.0,42.6,42.5,45,0.0,0.0,49.6,49.0,51.1,51.0,45.5,43.5,10.8,11.5,15,3.5,7
0.5,0.05,1.0,Nebraska,47.6,40,60,48.0,29.2,29.0,32,0.0,0.0,60.0,64.0,65.4,65.5,28.0,28.0,7.2,7.0,10,4.1,8
2.0,0.05,1.0,South Dakota,47.6,46,50,46.0,43.5,43.5,46,0.0,0.0,49.2,47.0,50.8,49.0,44.3,28.0,15.2,15.5,23,6.2,8
1.0,0.01,0.5,Colorado,47.6,44,52,48.0,18.4,18.0,21,0.3,2.0,53.6,51.5,59.4,55.0,28.0,28.0,27.7,27.5,34,6.3,9
2.0,0.25,1.0,Michigan,47.7,34,58,52.0,54.7,55.0,58,0.0,0.0,56.1,58.0,57.3,58.5,47.1,54.5,16.7,16.5,22,10.0,12
2.0,0.1,2.0,Ohio,47.7,43,55,48.0,59.1,59.5,65,0.0,0.0,55.1,56.0,60.7,60.0,90.1,90.5,18.3,18.5,22,17.2,23
0.5,0.05,2.0,Wisconsin,47.7,43,50,48.0,41.0,40.5,47,0.3,1.0,54.2,52.0,56.8,60.0,28.0,28.0,92.3,93.5,106,23.9,26
0.5,0.05,0.5,South Dakota,47.8,46,50,47.0,29.6,29.0,34,0.0,0.0,49.8,50.0,51.1,51.0,46.3,43.5,8.7,9.0,11,3.2,4
1.0,0.1,2.0,Ohio,47.8,43,56,48.0,58.3,58.0,63,0.0,0.0,54.1,55.0,56.7,56.0,85.1,83.0,16.1,16.0,19,16.5,20
0.5,0.05,1.0,Arizona,47.9,43,73,43.0,7.0,7.0,10,0.1,1.0,69.9,73.0,76.2,76.0,28.0,28.0,10.6,10.5,12,3.3,5
0.5,0.05,2.0,Arizona,48.0,43,63,43.0,7.8,8.0,9,0.0,0.0,64.3,66.0,70.5,73.0,28.0,28.0,16.4,17.0,20,3.1,4
0.5,0.25,1.0,Illinois,48.0,48,48,48.0,51.7,51.5,54,0.0,0.0,56.7,57.0,57.5,57.5,41.2,28.0,21.1,21.0,24,5.3,7
1.0,0.05,0.5,Nebraska,48.0,48,48,48.0,32.0,32.0,34,0.0,0.0,63.1,64.0,65.5,65.5,28.0,28.0,7.5,8.0,9,5.6,7
0.5,0.25,2.0,Illinois,48.0,48,48,48.0,59.2,59.0,61,0.0,0.0,56.5,56.5,57.1,57.0,53.2,57.0,20.8,20.5,23,6.0,9
1.0,0.25,0.5,Illinois,48.0,48,48,48.0,53.5,54.0,57,0.0,0.0,56.8,57.0,57.2,57.0,42.1,28.0,19.7,20.0,22,6.1,8
1.0,0.25,1.0,Illinois,48.0,48,48,48.0,60.7,61.0,64,0.0,0.0,57.0,57.0,57.2,57.0,47.8,59.0,21.1,20.5,23,6.7,10
2.0,0.05,0.5,Nebraska,48.0,48,48,48.0,38.8,39.0,42,0.0,0.0,64.2,64.0,65.5,65.5,28.0,28.0,9.0,9.0,11,6.8,9
0.5,0.1,2.0,Illinois,48.0,48,48,48.0,56.4,56.0,58,0.0,0.0,57.2,57.0,57.8,58.0,48.0,59.0,21.5,21.0,29,6.9,9
2.0,0.25,0.5,Illinois,48.0,48,48,48.0,61.1,61.0,64,0.0,0.0,56.9,57.0,57.3,57.0,38.1,28.0,24.0,24.0,29,7.2,9
2.0,0.25,1.0,Illinois,48.0,48,48,48.0,61.9,62.0,64,0.0,0.0,56.6,57.0,57.2,57.0,44.0,42.5,23.5,23.5,27,7.8,9
2.0,0.25,2.0,Illinois,48.0,48,48,48.0,61.5,61.5,64,0.0,0.0,56.7,57.0,57.3,57.0,61.0,62.0,23.8,23.5,29,7.8,11
2.0,0.1,2.0,Illinois,48.0,48,48,48.0,59.2,58.5,62,0.0,0.0,57.0,57.0,57.6,58.0,60.4,62.0,25.6,25.0,29,8.4,11
0.5,0.25,0.5,Michigan,48.0,34,55,51.0,45.3,45.5,48,0.0,0.0,56.1,58.0,57.2,58.0,43.9,40.5,14.8,14.5,18,9.4,11
0.5,0.05,0.5,Ohio,48.0,48,48,48.0,45.5,46.5,49,0.0,0.0,55.6,56.0,61.1,64.0,86.7,77.5,12.1,11.5,18,10.5,15
1.0,0.25,0.5,Ohio,48.0,48,48,48.0,58.6,58.0,64,0.0,0.0,55.0,55.0,56.0,56.0,75.0,79.0,14.0,15.0,18,16.2,21
2.0,0.25,0.5,Ohio,48.0,48,48,48.0,61.1,61.0,65,0.0,0.0,55.1,55.0,56.8,56.0,75.0,80.0,15.5,15.5,20,16.4,20
0.5,0.1,0.5,Wisconsin,48.0,48,48,48.0,40.1,40.5,44,0.1,1.0,51.6,50.0,52.6,50.0,28.0,28.0,85.9,83.0,101,22.2,27
1.0,0.25,1.0,Wisconsin,48.0,48,48,48.0,41.4,41.5,47,0.0,0.0,50.0,50.0,50.0,50.0,28.0,28.0,102.3,101.5,109,24.4,27
2.0,0.1,0.5,Wisconsin,48.0,48,48,48.0,40.5,41.0,45,0.0,0.0,50.8,50.0,52.3,50.0,28.0,28.0,92.8,93.0,101,24.7,29
0.5,0.05,0.5,Washington,48.2,39,60,45.0,9.8,10.0,12,1.1,3.0,60.8,60.0,65.9,67.0,45.9,34.5,9.5,10.0,12,7.0,9
0.5,0.25,1.0,Michigan,48.2,34,58,51.0,50.7,51.0,53,0.0,0.0,55.5,58.0,57.2,59.0,42.8,40.5,15.2,15.5,18,10.5,13
1.0,0.1,0.5,Missouri,48.2,43,58,48.0,71.0,70.0,76,0.0,0.0,56.1,58.0,58.7,59.0,28.0,28.0,15.6,16.0,19,10.7,14
1.0,0.1,1.0,Ohio,48.2,43,55,48.0,58.0,57.0,63,0.0,0.0,54.6,55.0,59.1,56.0,87.0,86.0,18.6,19.0,21,16.5,20
0.5,0.05,1.0,Wisconsin,48.2,48,50,48.0,40.7,41.5,44,0.1,1.0,52.5,50.0,56.2,58.0,31.0,28.0,90.4,90.5,101,23.1,27
2.0,0.05,1.0,Wisconsin,48.2,48,50,48.0,40.5,40.0,46,0.2,2.0,52.5,50.0,58.3,58.0,28.0,28.0,84.3,84.0,94,25.2,31
2.0,0.05,2.0,Arizona,48.3,41,66,43.0,8.1,8.0,10,0.1,1.0,62.2,66.0,69.9,73.0,28.0,28.0,18.4,19.0,21,2.9,4
2.0,0.25,0.5,Kentucky,48.3,47,60,47.0,44.6,45.0,47,0.0,0.0,60.3,60.0,63.0,63.0,48.0,47.0,30.2,30.0,35,19.5,22
2.0,0.25,2.0,Kentucky,48.3,47,60,47.0,46.1,45.0,53,0.0,0.0,60.3,60.0,63.4,63.0,43.2,28.0,34.7,34.5,39,20.8,24
1.0,0.05,0.5,South Dakota,48.4,46,50,50.0,39.8,40.0,42,0.0,0.0,50.6,52.0,52.5,54.0,51.2,62.5,11.0,11.5,17,4.1,6
2.0,0.05,2.0,South Dakota,48.4,46,50,50.0,44.3,44.0,47,0.0,0.0,51.0,53.0,52.8,54.5,49.4,59.0,13.7,14.0,16,6.1,8
2.0,0.05,2.0,Wisconsin,48.4,48,50,48.0,38.8,38.0,43,0.5,2.0,55.9,57.0,59.6,60.0,28.0,28.0,86.1,85.0,95,26.6,30
1.0,0.25,1.0,California,48.4,47,51,47.0,5.1,5.0,6,0.8,3.0,52.0,51.0,58.0,55.0,28.0,28.0,82.7,82.5,93,29.1,31
1.0,0.25,1.0,Idaho,48.5,43,54,48.5,9.3,9.0,13,1.3,6.0,55.1,55.5,58.7,59.0,28.0,28.0,31.8,31.0,36,17.0,19
0.5,0.25,2.0,Kentucky,48.6,47,63,47.0,41.6,41.5,44,0.0,0.0,63.4,63.0,70.7,72.5,47.0,47.0,27.2,27.0,31,15.3,18
1.0,0.05,2.0,Arizona,48.7,41,63,43.0,8.1,8.0,9,0.2,1.0,59.4,61.0,66.4,66.0,31.7,28.0,17.4,17.5,21,2.9,4
1.0,0.05,0.5,Arizona,48.7,43,66,43.0,7.6,7.5,9,0.0,0.0,64.9,66.0,71.4,73.0,28.0,28.0,11.8,12.0,14,3.0,4
1.0,0.1,0.5,Illinois,48.9,48,57,48.0,51.0,51.0,55,0.0,0.0,56.8,57.0,58.8,58.0,51.8,62.0,17.0,17.0,21,5.9,9
0.5,0.1,1.0,Illinois,49.0,48,58,48.0,48.4,48.5,54,0.0,0.0,58.7,57.0,59.2,58.0,49.9,57.0,18.9,18.5,23,4.9,6
1.0,0.1,1.0,Illinois,49.0,48,58,48.0,57.0,57.0,61,0.0,0.0,58.9,57.0,59.6,58.0,53.7,61.0,20.6,20.5,25,7.5,10
2.0,0.1,1.0,Illinois,49.0,48,58,48.0,58.4,59.0,61,0.0,0.0,57.4,57.5,58.1,58.0,48.5,62.0,23.8,23.5,30,7.9,10
1.0,0.1,2.0,Illinois,49.0,48,58,48.0,58.2,59.0,61,0.0,0.0,58.7,57.0,59.2,58.0,44.5,42.5,22.3,21.5,29,7.9,11
0.5,0.1,1.0,Ohio,49.0,43,56,48.0,55.0,56.0,59,0.0,0.0,55.7,56.0,60.6,60.0,88.0,84.0,14.2,14.5,18,15.6,20
1.0,0.05,0.5,Wisconsin,49.0,48,58,48.0,38.8,39.0,43,0.1,1.0,54.1,53.5,60.0,60.0,28.0,28.0,83.5,83.5,96,25.6,30
0.5,0.1,2.0,Idaho,49.1,43,60,48.5,8.6,8.5,10,1.6,3.0,56.8,55.0,61.6,59.0,28.0,28.0,31.1,32.0,35,15.9,17
1.0,0.05,1.0,Wisconsin,49.2,48,58,48.0,41.0,40.0,46,0.3,2.0,54.7,54.0,58.5,58.0,28.0,28.0,87.5,87.5,95,23.9,30
1.0,0.1,1.0,Missouri,49.3,43,59,48.0,74.4,74.0,77,0.0,0.0,56.3,57.5,59.0,59.0,28.0,28.0,16.4,16.0,20,12.9,16
2.0,0.05,0.5,New Jersey,49.4,42,116,42.0,8.0,8.0,9,0.0,0.0,142.4,141.0,160.1,147.0,,,0.0,0.0,0,0.0,0
2.0,0.1,1.0,New Jersey,49.4,42,116,42.0,8.1,8.0,9,0.0,0.0,137.6,140.0,149.5,141.0,,,0.0,0.0,0,0.4,1
1.0,0.1,0.5,Ohio,49.4,48,55,48.0,55.3,55.0,58,0.0,0.0,55.4,55.0,58.8,56.0,89.0,92.5,15.0,15.0,22,16.0,21
2.0,0.25,0.5,California,49.4,47,51,51.0,4.2,4.0,6,1.5,3.0,53.0,55.0,63.5,63.5,28.0,28.0,81.0,81.5,84,30.3,31
ALL,ALL,ALL,Washington,49.51111111111111,39,107,39.0,12.927777777777777,13.0,18,1.3555555555555556,4.0,63.3,60.0,69.57777777777778,67.0,50.525,41.0,15.08611111111111,15.0,26,9.283333333333333,14
2.0,0.05,0.5,Arizona,49.6,41,63,43.0,7.6,7.5,9,0.1,1.0,61.7,66.0,69.3,73.0,28.0,28.0,17.1,17.0,20,3.4,5
2.0,0.05,2.0,Nebraska,49.6,48,64,48.0,40.6,40.5,43,0.0,0.0,63.9,64.0,65.4,65.0,28.0,28.0,11.5,11.5,18,7.7,14
0.5,0.25,0.5,Idaho,49.8,43,56,53.0,6.7,6.5,9,1.0,3.0,55.8,55.0,59.7,60.0,53.4,55.0,24.7,24.5,28,14.2,16
1.0,0.1,1.0,California,49.8,47,55,51.0,5.0,4.0,9,1.2,3.0,54.2,55.0,65.8,72.0,28.0,28.0,84.9,84.0,90,29.0,31
1.0,0.25,2.0,California,49.8,47,51,51.0,4.1,4.0,6,1.6,3.0,53.8,55.0,66.4,72.0,28.0,28.0,80.6,80.5,89,29.9,31
0.5,0.25,2.0,California,49.8,47,51,51.0,4.2,4.0,5,1.5,3.0,53.2,55.0,64.0,65.0,28.0,28.0,82.5,82.5,89,30.2,32
1.0,0.25,0.5,California,49.8,47,51,51.0,3.4,3.0,5,1.7,3.0,53.8,55.0,68.3,74.0,28.0,28.0,85.1,85.0,91,30.6,31
1.0,0.1,2.0,Vermont,49.9,39,95,39.0,7.9,8.0,12,4.6,10.0,108.8,100.5,123.2,124.0,28.0,28.0,13.5,13.5,17,6.1,10
0.5,0.1,0.5,Illinois,50.0,48,58,48.0,42.3,43.0,44,0.0,0.0,58.8,57.0,59.5,58.0,38.7,28.0,15.5,16.0,18,4.1,5
2.0,0.1,0.5,Illinois,50.0,48,58,48.0,58.9,59.0,64,0.0,0.0,57.0,57.0,59.2,58.0,55.2,62.0,23.3,24.0,26,6.3,8
1.0,0.05,2.0,Washington,50.1,39,60,54.5,14.8,15.0,18,0.9,3.0,60.5,60.0,67.3,67.0,70.0,83.0,14.3,14.5,21,9.1,12
1.0,0.05,0.5,Ohio,50.1,43,64,48.0,54.2,55.0,57,0.0,0.0,56.6,56.0,64.1,64.0,90.4,99.0,15.4,15.0,20,14.3,19
1.0,0.25,0.5,Michigan,50.2,34,58,55.0,51.8,52.5,54,0.0,0.0,56.9,58.0,57.8,59.0,46.3,53.0,14.0,15.0,17,9.5,12
1.0,0.25,2.0,Michigan,50.2,42,58,52.5,54.9,55.0,59,0.0,0.0,55.4,56.0,57.4,58.0,46.4,53.0,17.3,17.5,21,10.4,16
2.0,0.05,2.0,Ohio,50.2,48,56,48.0,61.1,61.0,66,0.0,0.0,59.6,56.0,65.6,66.0,89.5,99.0,17.7,17.0,25,13.7,17
2.0,0.1,1.0,California,50.2,47,51,51.0,5.2,5.0,6,1.7,3.0,54.6,55.0,64.3,65.5,28.0,28.0,83.4,84.0,91,29.1,30
0.5,0.25,1.0,California,50.2,47,51,51.0,3.9,3.5,6,1.8,3.0,54.2,55.0,66.2,73.0,28.0,28.0,81.9,82.0,89,30.3,31
1.0,0.05,2.0,Nebraska,50.4,40,64,48.0,40.6,40.5,44,0.0,0.0,62.3,64.0,65.4,66.0,28.0,28.0,8.3,8.5,11,6.4,9
1.0,0.1,2.0,Idaho,50.4,43,60,54.0,8.2,8.0,10,1.1,2.0,57.4,58.0,61.0,61.5,28.0,28.0,29.7,29.0,36,17.4,20
2.0,0.05,0.5,Wisconsin,50.4,48,60,48.0,41.3,40.0,46,0.1,1.0,54.3,50.0,59.5,60.0,28.0,28.0,86.0,85.5,96,23.4,25
0.5,0.25,0.5,California,50.4,47,51,51.0,3.8,3.5,5,2.0,3.0,54.2,55.0,67.6,73.0,28.0,28.0,77.8,79.0,85,28.1,30
2.0,0.25,1.0,California,50.4,47,51,51.0,4.4,4.5,6,1.9,3.0,54.2,55.0,63.8,62.0,28.0,28.0,84.3,84.0,92,30.0,32
0.5,0.1,2.0,Vermont,50.5,39,101,39.0,7.9,8.0,9,4.6,6.0,112.4,113.0,123.2,130.0,28.0,28.0,11.1,11.0,16,5.9,7
2.0,0.05,2.0,Washington,50.6,39,60,58.0,14.8,15.0,17,0.8,2.0,60.1,60.0,65.4,67.0,62.8,68.0,16.6,17.0,23,8.5,12
1.0,0.1,1.0,Idaho,50.6,43,60,54.0,8.3,8.0,11,1.1,3.0,57.4,57.0,62.1,60.0,28.0,28.0,31.4,31.0,37,16.8,19
1.0,0.05,2.0,Wisconsin,50.6,48,60,48.0,40.8,41.0,45,0.1,1.0,55.2,53.0,58.1,59.0,28.0,28.0,84.1,83.0,93,24.2,28
0.5,0.1,0.5,California,50.6,47,51,51.0,3.7,3.5,5,1.8,2.0,54.6,55.0,71.3,73.0,28.0,28.0,78.8,78.0,87,27.4,30
0.5,0.05,2.0,Washington,50.8,39,60,58.0,14.0,14.0,16,1.0,4.0,61.7,60.0,67.1,67.0,43.0,28.0,14.2,13.5,21,9.4,12
0.5,0.05,2.0,Ohio,50.8,48,60,48.0,55.9,56.0,61,0.0,0.0,59.1,55.5,65.6,65.5,92.6,99.0,16.9,16.5,23,15.2,19
2.0,0.25,2.0,California,50.8,49,51,51.0,3.9,4.0,5,2.1,3.0,54.6,55.0,70.0,74.0,28.0,28.0,81.7,80.5,88,30.4,31
ALL,ALL,ALL,Arizona,50.825,41,90,43.0,7.783333333333333,8.0,10,0.15555555555555556,2.0,61.452777777777776,60.0,67.96111111111111,66.0,28.425,28.0,14.877777777777778,15.0,23,2.8194444444444446,6
0.5,0.25,1.0,Utah,51.0,48,58,48.0,16.1,16.0,18,0.0,0.0,65.1,58.0,87.8,87.0,36.8,28.0,12.4,12.0,15,1.6,3
1.0,0.25,0.5,Utah,51.0,48,58,48.0,18.5,18.5,20,0.0,0.0,62.2,58.0,87.0,87.0,30.6,28.0,13.7,13.5,16,1.6,2
2.0,0.25,0.5,Utah,51.0,48,58,48.0,18.6,18.5,21,0.0,0.0,62.2,58.0,87.0,87.0,28.0,28.0,15.4,15.0,20,3.1,4
0.5,0.25,2.0,Utah,51.0,48,58,48.0,18.2,18.0,21,0.0,0.0,65.1,58.0,87.8,87.0,28.0,28.0,14.7,14.0,18,3.5,5
2.0,0.05,1.0,Washington,51.0,39,60,58.0,13.9,14.5,16,1.0,3.0,62.4,60.0,69.5,67.0,50.9,39.5,14.5,13.0,21,9.6,13
0.5,0.1,2.0,California,51.0,47,55,51.0,5.2,5.0,7,1.8,3.0,55.0,55.0,69.3,72.0,28.0,28.0,82.0,81.5,90,29.1,31
1.0,0.1,0.5,Michigan,51.1,34,58,55.0,47.8,47.5,53,0.0,0.0,55.8,58.0,58.8,59.0,54.4,63.0,15.4,15.0,19,11.0,14
0.5,0.05,0.5,Nebraska,51.2,40,64,48.0,25.2,25.0,28,0.0,0.0,62.8,64.0,65.9,66.0,28.0,28.0,4.4,4.0,6,4.1,6
0.5,0.05,1.0,Ohio,51.2,48,64,48.0,52.0,53.0,56,0.0,0.0,59.7,58.0,65.9,65.5,91.8,99.0,15.4,15.5,22,13.5,17
2.0,0.1,2.0,Missouri,51.2,43,59,48.0,78.9,78.0,83,0.0,0.0,57.9,57.5,59.6,60.0,28.0,28.0,19.0,18.5,25,13.5,18
2.0,0.1,2.0,Idaho,51.2,43,60,54.0,9.0,9.0,13,0.9,2.0,58.2,59.0,61.8,61.0,28.0,28.0,29.3,29.0,32,16.5,18
2.0,0.1,2.0,California,51.2,47,55,51.0,5.0,5.0,6,1.8,5.0,54.6,55.0,68.8,72.0,28.0,28.0,82.9,82.0,93,29.1,30
ALL,ALL,ALL,Nebraska,51.24166666666667,40,96,48.0,35.15,37.0,49,0.002777777777777778,1.0,62.51111111111111,64.0,70.16944444444445,64.0,44.68994413407821,28.0,7.344444444444444,8.0,18,5.611111111111111,14
1.0,0.05,1.0,Illinois,51.4,48,72,48.0,54.2,54.0,56,0.0,0.0,60.9,58.0,61.4,58.0,65.2,65.0,19.4,18.0,25,6.8,10
0.5,0.05,0.5,California,51.4,47,55,51.0,4.6,4.0,6,0.9,3.0,55.0,55.0,66.9,72.0,28.0,28.0,75.0,76.5,83,25.9,28
2.0,0.1,0.5,California,51.4,47,55,51.0,5.0,5.0,8,1.4,2.0,55.0,55.0,70.3,72.0,28.0,28.0,83.5,83.5,92,29.1,30
1.0,0.1,0.5,California,51.4,51,55,51.0,3.7,4.0,5,1.9,3.0,55.0,55.0,72.8,72.0,28.0,28.0,83.8,83.0,90,30.4,32
2.0,0.05,1.0,Arizona,51.6,41,63,51.0,7.6,8.0,9,0.2,1.0,58.9,61.5,68.1,67.0,28.0,28.0,17.8,18.0,23,3.4,5
1.0,0.1,1.0,Michigan,51.6,42,59,53.0,50.5,50.0,58,0.1,1.0,58.0,58.5,60.5,59.0,59.1,64.0,16.9,16.5,21,11.8,16
2.0,0.05,1.0,Ohio,51.6,43,67,48.0,57.0,57.5,59,0.0,0.0,60.4,57.5,70.7,64.0,98.5,100.5,18.2,18.0,23,15.9,18
ALL,ALL,ALL,South Dakota,51.61666666666667,41,100,46.0,40.166666666666664,42.0,49,0.0,0.0,55.416666666666664,46.0,57.06388888888889,48.0,49.53333333333333,28.0,11.227777777777778,11.0,23,4.05,9
1.0,0.25,2.0,Wyoming,51.7,49,52,52.0,12.3,12.0,13,0.0,0.0,56.7,57.0,63.2,65.0,107.0,107.0,1.0,1.0,1,0.0,0
0.5,0.25,0.5,Wyoming,51.7,49,52,52.0,10.0,10.0,11,0.0,0.0,58.8,60.0,63.7,65.0,,,0.0,0.0,0,0.0,0
2.0,0.05,1.0,New Jersey,51.8,42,140,42.0,8.0,8.0,8,0.0,0.0,141.0,140.0,149.8,141.0,,,0.0,0.0,0,0.3,1
1.0,0.25,1.0,Michigan,51.8,34,58,56.5,53.9,54.0,55,0.0,0.0,58.1,58.0,58.9,59.0,47.7,57.5,15.4,16.0,18,10.7,13
0.5,0.1,2.0,Missouri,51.8,43,59,51.0,75.0,75.0,78,0.0,0.0,57.8,58.5,59.8,61.0,28.0,28.0,17.5,18.5,21,11.4,15
2.0,0.05,0.5,Ohio,51.8,48,64,48.0,56.8,56.0,62,0.1,1.0,60.3,55.5,66.7,62.0,83.6,73.0,18.7,19.0,23,14.4,17
1.0,0.25,2.0,Idaho,51.8,43,54,54.0,10.6,10.5,12,1.2,3.0,56.7,56.0,60.9,60.0,28.0,28.0,29.7,29.5,33,15.8,18
2.0,0.1,1.0,Idaho,51.8,43,54,54.0,8.7,9.5,10,2.0,3.0,58.4,60.0,62.9,64.0,28.0,28.0,29.6,29.5,33,16.8,20
2.0,0.25,0.5,Florida,51.8,47,69,47.0,6.4,6.0,11,8.9,32.0,99.8,63.0,144.7,73.0,28.0,28.0,57.9,63.0,67,28.5,32
1.0,0.1,2.0,California,51.8,51,55,51.0,4.4,4.5,6,1.6,2.0,55.0,55.0,71.3,72.0,28.0,28.0,81.8,82.0,92,29.6,31
0.5,0.05,2.0,New Jersey,51.9,42,141,42.0,8.1,8.0,9,0.0,0.0,144.1,141.0,155.0,147.0,,,0.0,0.0,0,0.0,0
2.0,0.05,2.0,New Jersey,51.9,42,141,42.0,8.0,8.0,8,0.0,0.0,144.6,141.0,155.3,147.0,,,0.0,0.0,0,0.3,1
1.0,0.05,2.0,Ohio,51.9,48,64,48.0,59.8,60.0,62,0.0,0.0,63.8,62.0,71.5,67.0,88.1,92.5,16.9,17.0,21,12.9,16
0.5,0.25,1.0,Wyoming,52.0,52,52,52.0,10.0,10.0,11,0.0,0.0,55.4,56.0,61.7,60.0,107.0,107.0,1.0,1.0,1,0.0,0
1.0,0.25,0.5,Wyoming,52.0,52,52,52.0,10.2,10.0,11,0.0,0.0,57.2,57.0,64.0,65.0,107.0,107.0,1.0,1.0,1,0.0,0
0.5,0.25,2.0,Wyoming,52.0,52,52,52.0,10.2,10.0,11,0.0,0.0,57.7,57.0,64.2,65.0,107.0,107.0,1.0,1.0,1,0.0,0
1.0,0.25,1.0,Wyoming,52.0,52,52,52.0,10.8,11.0,13,0.0,0.0,58.2,58.5,62.9,65.0,107.0,107.0,1.0,1.0,1,0.0,0
2.0,0.25,2.0,Wyoming,52.0,52,52,52.0,12.2,12.0,13,0.0,0.0,57.0,58.5,62.8,65.0,136.875,107.0,1.0,1.0,1,0.0,0
2.0,0.25,2.0,Utah,52.0,48,58,48.0,19.6,20.0,21,0.0,0.0,63.6,58.0,87.0,87.0,31.1,28.0,14.4,14.5,19,2.3,4
2.0,0.25,1.0,Utah,52.0,48,58,48.0,19.0,19.0,20,0.0,0.0,63.6,58.0,87.0,87.0,30.6,28.0,16.3,16.5,20,2.8,4
1.0,0.25,0.5,Tennessee,52.0,52,52,52.0,40.3,40.5,43,0.0,0.0,93.1,98.0,104.2,108.0,60.0,60.0,16.2,16.0,20,5.0,8
1.0,0.1,0.5,Tennessee,52.0,52,52,52.0,36.4,36.0,40,0.0,0.0,96.2,98.0,106.5,108.0,68.7,60.0,15.9,15.5,22,5.1,8
1.0,0.1,1.0,Tennessee,52.0,52,52,52.0,38.9,38.5,41,0.0,0.0,98.0,98.0,107.1,108.0,50.4,60.0,22.6,23.0,27,9.0,12
1.0,0.25,1.0,Tennessee,52.0,52,52,52.0,41.3,41.0,45,0.0,0.0,93.7,98.0,102.1,103.5,60.0,60.0,20.3,20.5,27,9.2,11
2.0,0.1,0.5,Tennessee,52.0,52,52,52.0,40.6,41.0,43,0.0,0.0,94.8,98.0,104.6,108.0,60.0,60.0,24.8,25.0,30,9.4,13
2.0,0.25,0.5,Tennessee,52.0,52,52,52.0,41.6,41.0,46,0.0,0.0,94.2,98.0,102.3,99.0,60.0,60.0,19.2,19.0,22,10.5,13
2.0,0.25,2.0,Tennessee,52.0,52,52,52.0,45.6,46.0,50,0.0,0.0,90.4,87.0,100.2,98.0,60.0,60.0,23.7,23.5,29,11.3,14
1.0,0.05,2.0,Tennessee,52.0,52,52,52.0,36.7,36.5,40,0.0,0.0,102.0,98.0,111.6,112.0,69.6,60.0,24.4,25.0,28,11.7,14
2.0,0.25,1.0,Tennessee,52.0,52,52,52.0,44.1,44.5,49,0.0,0.0,90.4,87.0,101.1,98.0,60.0,60.0,22.0,22.0,25,11.7,15
1.0,0.25,2.0,Tennessee,52.0,52,52,52.0,44.1,44.0,46,0.0,0.0,95.8,98.0,102.4,99.0,60.0,60.0,21.0,21.0,26,12.7,15
2.0,0.1,2.0,Kentucky,52.2,47,60,47.0,47.1,47.5,51,0.1,1.0,65.2,63.0,71.6,70.5,56.6,66.0,31.8,31.5,40,15.6,20
2.0,0.05,0.5,Idaho,52.2,43,62,54.0,7.7,8.0,9,1.0,2.0,59.0,60.0,62.1,64.0,28.0,28.0,31.3,30.5,36,16.5,19
0.5,0.1,1.0,California,52.2,51,55,51.0,3.9,4.0,5,1.4,2.0,55.0,55.0,72.6,72.0,28.0,28.0,82.1,84.0,86,29.4,31
1.0,0.05,0.5,Washington,52.4,39,60,58.0,13.8,14.0,15,0.6,2.0,62.0,60.0,67.3,67.0,60.6,63.0,12.7,12.5,17,7.4,10
2.0,0.1,1.0,Michigan,52.4,42,58,54.0,51.7,51.0,58,0.1,1.0,57.2,58.0,60.0,59.5,61.4,64.0,16.4,16.0,22,11.3,14
1.0,0.1,2.0,Missouri,52.4,43,59,52.0,79.0,78.0,83,0.0,0.0,58.8,58.5,59.5,59.0,28.0,28.0,18.9,18.0,26,11.6,14
2.0,0.1,0.5,Missouri,52.5,48,58,51.0,77.5,77.5,83,0.0,0.0,58.3,58.5,59.7,59.0,35.6,28.0,18.5,17.5,27,11.7,14
1.0,0.05,1.0,Ohio,52.5,48,56,55.0,57.0,57.0,59,0.0,0.0,61.1,64.0,72.1,68.0,98.2,102.0,16.9,17.0,21,14.5,18
2.0,0.1,1.0,Kentucky,52.5,47,63,47.0,44.7,45.0,49,0.0,0.0,63.1,61.5,71.6,70.5,53.4,66.0,32.8,33.5,39,16.8,21
2.0,0.1,1.0,Missouri,52.6,43,61,54.0,78.2,78.5,82,0.0,0.0,59.2,59.0,59.6,59.0,28.0,28.0,20.2,20.0,23,13.3,19
2.0,0.1,0.5,Idaho,52.6,43,60,54.0,8.4,8.0,12,1.6,3.0,59.2,60.0,63.8,64.0,28.0,28.0,30.9,30.0,36,16.9,19
2.0,0.05,2.0,California,52.6,47,55,53.0,5.0,5.0,6,0.8,2.0,55.0,55.0,70.5,72.0,28.0,28.0,87.1,87.5,93,28.8,30
0.5,0.1,1.0,Missouri,52.7,43,59,54.0,65.2,65.5,69,0.0,0.0,58.2,58.0,60.0,61.0,28.0,28.0,15.7,16.0,18,9.5,11
2.0,0.25,1.0,Wyoming,52.8,52,60,52.0,12.2,12.0,13,0.0,0.0,57.8,58.5,63.6,65.0,107.0,107.0,1.0,1.0,1,0.0,0
2.0,0.25,0.5,Wyoming,52.8,52,60,52.0,12.3,12.0,13,0.0,0.0,58.7,60.0,64.6,65.0,107.0,107.0,1.0,1.0,1,0.0,0
2.0,0.1,0.5,Vermont,52.8,39,85,39.0,8.3,8.0,12,4.0,6.0,107.5,107.0,118.2,122.0,28.0,28.0,11.4,12.5,15,5.5,8
1.0,0.25,1.0,Utah,53.0,48,58,53.0,18.2,18.0,20,0.0,0.0,65.0,65.0,87.0,87.0,28.0,28.0,14.9,15.0,17,3.7,5
0.5,0.1,1.0,Idaho,53.0,43,55,54.0,7.6,7.0,9,1.6,3.0,58.2,60.0,63.5,64.0,28.0,28.0,27.3,27.5,31,14.8,16
2.0,0.05,0.5,California,53.0,51,55,53.0,4.4,4.0,6,1.0,2.0,55.0,55.0,71.1,72.0,28.0,28.0,86.9,84.5,98,29.6,31
ALL,ALL,ALL,California,53.03888888888889,47,97,51.0,4.291666666666667,4.0,9,1.8138888888888889,26.0,59.875,55.0,75.18260869565218,72.0,28.0,28.0,83.31111111111112,83.0,105,28.833333333333332,33
2.0,0.01,2.0,Oklahoma,53.1,41,68,55.0,38.3,38.5,43,0.0,0.0,71.9,69.5,80.3,75.0,28.0,28.0,13.4,13.0,17,6.5,11
0.5,0.1,0.5,Idaho,53.2,43,60,54.0,6.9,7.0,8,1.4,3.0,59.0,60.0,63.4,64.0,55.4,57.0,23.8,24.0,29,13.2,15
2.0,0.05,1.0,Illinois,53.3,48,73,48.0,55.3,55.5,60,0.0,0.0,62.5,58.0,65.0,58.0,69.1,62.5,20.9,20.0,26,6.6,10
1.0,0.1,0.5,Idaho,53.3,43,60,54.0,7.4,7.0,9,0.7,3.0,57.6,56.0,61.9,60.0,28.0,28.0,27.0,27.5,32,15.1,17
1.0,0.05,2.0,Idaho,53.4,43,60,54.0,7.6,8.0,9,1.8,8.0,61.2,60.0,66.6,64.0,28.0,28.0,30.1,30.5,36,17.1,19
0.5,0.05,2.0,California,53.4,51,55,55.0,5.2,5.0,7,0.8,2.0,55.0,55.0,68.1,72.0,28.0,28.0,88.1,87.0,96,28.8,30
2.0,0.05,1.0,California,53.4,51,55,55.0,5.1,5.0,7,0.8,2.0,55.0,55.0,68.1,72.0,28.0,28.0,87.1,88.5,95,29.0,30
1.0,0.05,2.0,California,53.4,51,55,55.0,4.6,4.0,6,0.8,2.0,55.0,55.0,72.2,72.0,28.0,28.0,84.2,83.0,94,29.2,30
1.0,0.1,1.0,Kentucky,53.5,47,60,53.5,45.4,47.0,49,0.0,0.0,64.9,61.5,76.1,80.0,58.6,66.0,27.1,27.5,34,13.2,18
1.0,0.1,2.0,Kentucky,53.5,47,60,53.5,45.3,45.0,49,0.0,0.0,63.5,63.0,73.4,75.5,62.9,66.0,29.3,29.5,36,14.0,18
2.0,0.1,0.5,Kentucky,53.5,47,60,53.5,45.9,45.5,49,0.0,0.0,63.2,61.5,71.5,71.0,73.0,71.0,27.4,26.5,35,14.1,17
0.5,0.1,2.0,Wyoming,53.6,52,60,52.0,10.0,10.0,11,0.0,0.0,61.5,60.0,69.5,65.0,107.0,107.0,1.0,1.0,1,0.0,0
0.5,0.1,0.5,Missouri,53.6,43,59,58.0,53.4,53.5,57,0.0,0.0,57.7,59.0,60.5,61.0,28.0,28.0,11.0,11.5,13,8.2,12
1.0,0.05,1.0,Arizona,53.7,43,66,58.5,8.3,8.0,9,0.0,0.0,66.8,66.0,72.6,73.0,28.0,28.0,14.9,15.0,17,2.5,3
0.5,0.1,1.0,Wyoming,53.8,52,60,52.0,9.4,9.0,11,0.0,0.0,61.4,60.0,72.7,65.0,107.0,107.0,1.0,1.0,1,0.0,0
1.0,0.05,0.5,California,53.8,51,55,55.0,5.0,5.0,6,0.6,2.0,55.0,55.0,71.1,72.0,28.0,28.0,85.4,85.0,96,28.5,30
1.0,0.05,2.0,Illinois,53.9,48,77,48.0,56.9,58.0,60,0.0,0.0,63.8,58.0,64.9,58.5,60.7,62.0,23.8,24.5,29,6.7,10
0.5,0.05,2.0,Missouri,53.9,43,61,58.5,71.7,71.5,78,0.0,0.0,60.7,61.0,61.7,61.0,35.8,28.0,17.0,17.5,21,8.1,13
0.5,0.25,0.5,Utah,54.0,48,58,58.0,11.3,11.5,13,0.0,0.0,66.4,72.0,87.0,87.0,28.0,28.0,9.9,10.0,13,0.5,1
0.5,0.1,0.5,North Carolina,54.0,54,54,54.0,9.9,10.5,12,0.0,0.0,106.2,102.0,121.5,122.0,147.8,143.0,2.0,2.0,4,3.2,5
0.5,0.25,0.5,North Carolina,54.0,54,54,54.0,11.8,12.0,13,0.0,0.0,95.7,93.0,108.0,102.0,142.8,133.0,3.2,3.0,6,4.1,5
0.5,0.25,1.0,North Carolina,54.0,54,54,54.0,20.8,21.5,23,0.0,0.0,94.8,93.0,108.0,102.0,125.2,115.0,4.4,4.5,8,4.5,6
1.0,0.25,1.0,North Carolina,54.0,54,54,54.0,26.3,26.5,28,0.0,0.0,94.8,93.0,108.0,102.0,127.2,115.0,7.7,8.5,10,6.4,8
1.0,0.25,0.5,North Carolina,54.0,54,54,54.0,21.4,21.0,25,0.0,0.0,95.7,93.0,108.0,102.0,122.2,115.0,8.3,8.0,10,6.8,8
0.5,0.05,1.0,Missouri,54.0,43,61,58.0,62.0,61.5,64,0.0,0.0,60.8,61.0,63.6,62.0,41.5,28.0,12.5,12.5,17,6.9,12
0.5,0.25,2.0,North Carolina,54.0,54,54,54.0,25.4,25.0,28,0.0,0.0,97.5,97.5,112.0,112.0,128.0,124.0,8.0,7.5,11,7.3,9
2.0,0.25,0.5,North Carolina,54.0,54,54,54.0,25.3,25.0,28,0.0,0.0,97.7,93.0,108.5,102.0,131.6,133.0,8.3,8.0,11,8.7,10
2.0,0.25,2.0,North Carolina,54.0,54,54,54.0,26.8,27.0,28,0.0,0.0,96.8,93.0,106.1,102.0,129.8,133.0,9.8,9.5,13,9.5,11
1.0,0.25,2.0,North Carolina,54.0,54,54,54.0,25.2,25.0,27,0.0,0.0,94.8,93.0,106.0,102.0,128.0,124.0,9.3,9.5,12,10.3,12
2.0,0.25,1.0,North Carolina,54.0,54,54,54.0,26.1,26.0,29,0.0,0.0,96.6,93.0,112.0,112.0,122.9,115.0,8.8,9.0,11,10.3,12
2.0,0.1,2.0,Wyoming,54.1,52,60,52.0,12.1,12.0,13,0.0,0.0,61.4,60.0,69.1,65.0,136.875,107.0,1.25,1.0,2,0.0,0
1.0,0.05,2.0,Michigan,54.1,34,60,58.0,49.0,49.5,52,0.0,0.0,62.3,62.0,67.6,64.0,62.6,64.0,15.8,16.0,20,12.5,16
1.0,0.1,1.0,Vermont,54.2,39,92,39.0,7.4,7.0,12,4.4,8.0,114.6,116.0,125.9,130.0,28.0,28.0,12.1,13.0,16,6.6,9
2.0,0.05,1.0,Missouri,54.2,43,61,58.0,76.0,77.0,80,0.0,0.0,59.7,60.0,62.4,61.0,28.0,28.0,18.1,18.0,23,11.1,14
1.0,0.05,0.5,Idaho,54.2,43,60,54.0,6.5,7.0,7,1.0,2.0,60.0,60.0,65.4,64.0,28.0,28.0,26.5,27.0,32,14.8,18
0.5,0.05,1.0,California,54.2,51,55,55.0,4.5,4.5,5,0.4,2.0,55.0,55.0,72.0,72.0,28.0,28.0,81.7,81.5,93,28.4,29
1.0,0.05,1.0,California,54.2,51,55,55.0,4.8,5.0,6,0.4,2.0,55.0,55.0,72.2,72.0,28.0,28.0,86.4,86.0,94,29.1,31
2.0,0.25,1.0,Georgia,54.3,52,63,53.5,54.5,55.0,58,0.0,0.0,64.5,64.5,70.2,69.5,116.0,115.0,6.7,7.0,9,4.6,8
0.5,0.05,1.0,Washington,54.3,39,60,58.0,13.6,13.5,16,0.4,2.0,62.2,60.0,67.5,67.0,58.0,63.0,12.1,12.5,14,7.8,11
1.0,0.05,1.0,Washington,54.3,39,60,58.0,14.5,15.0,16,0.5,3.0,62.2,60.0,66.9,67.0,59.5,68.0,14.7,15.0,18,9.3,14
0.5,0.1,2.0,Utah,54.4,48,72,53.0,17.9,18.0,19,0.0,0.0,75.2,72.0,99.4,87.0,35.8,28.0,12.7,12.5,17,3.2,4
1.0,0.01,1.0,Oklahoma,54.4,41,60,55.0,29.7,30.0,33,0.0,0.0,72.4,71.5,79.7,76.5,39.5,28.0,5.3,5.0,8,3.4,7
1.0,0.05,1.0,Michigan,54.4,34,65,59.0,49.1,49.0,53,0.0,0.0,63.3,62.5,70.1,72.5,75.2,64.0,13.8,13.0,21,11.2,14
2.0,0.1,0.5,Michigan,54.4,34,60,58.0,50.0,49.5,54,0.0,0.0,59.9,59.0,62.0,61.0,58.4,64.0,16.5,16.5,22,12.6,15
2.0,0.01,1.0,Oklahoma,54.5,37,78,55.0,36.4,36.5,40,0.0,0.0,74.9,76.5,83.4,87.0,31.0,28.0,9.5,10.0,12,6.0,9
1.0,0.1,2.0,Michigan,54.5,34,59,58.0,52.2,52.0,55,0.0,0.0,58.2,58.5,60.4,59.0,59.4,64.0,18.7,18.5,26,10.5,15
2.0,0.05,1.0,Nebraska,54.6,48,66,48.0,40.8,41.0,44,0.0,0.0,64.4,64.5,66.0,66.0,28.0,28.0,7.3,7.0,12,6.4,9
2.0,0.05,1.0,Michigan,54.6,34,74,58.0,50.4,50.5,54,0.0,0.0,63.2,59.0,69.5,71.0,76.9,64.0,15.3,16.0,19,11.0,14
0.5,0.01,0.5,Oklahoma,54.7,41,75,58.0,16.1,17.0,20,0.0,0.0,71.5,70.5,82.7,87.0,41.22222222222222,28.0,2.7,3.0,5,1.9,4
0.5,0.05,2.0,Idaho,54.7,43,60,54.0,8.2,8.0,10,0.9,2.0,60.0,60.0,62.9,64.0,28.0,28.0,29.3,29.0,33,15.3,17
0.5,0.25,1.0,North Dakota,54.8,53,55,55.0,15.3,15.0,17,0.0,0.0,64.9,70.0,83.9,81.5,105.6,113.5,5.1,5.0,8,1.0,2
1.0,0.25,2.0,North Dakota,54.8,53,55,55.0,20.5,20.5,22,0.0,0.0,68.8,70.0,85.9,91.0,111.1,122.0,10.7,10.0,13,1.5,2
1.0,0.25,1.0,North Dakota,54.8,53,55,55.0,18.5,19.0,20,0.0,0.0,67.3,70.0,83.5,81.5,110.1,121.5,9.6,9.5,11,1.6,3
1.0,0.25,0.5,North Dakota,54.8,53,55,55.0,17.4,18.0,20,0.0,0.0,66.1,70.0,80.9,72.0,103.6,94.0,9.0,9.0,11,1.8,3
2.0,0.05,2.0,Idaho,54.8,54,60,54.0,8.5,8.0,11,1.1,2.0,59.4,60.0,63.9,64.0,28.0,28.0,28.8,30.0,31,16.7,19
2.0,0.25,1.0,Florida,54.8,47,69,52.5,7.5,7.0,11,10.2,30.0,101.6,71.0,131.9,77.0,28.0,28.0,55.6,54.5,67,27.9,32
0.5,0.1,0.5,Wyoming,54.9,52,60,52.0,9.4,9.5,11,0.0,0.0,61.7,60.0,73.0,65.0,107.0,107.0,1.0,1.0,1,0.0,0
0.5,0.05,0.5,Illinois,54.9,48,58,58.0,39.9,40.0,43,0.0,0.0,64.9,65.0,67.2,73.0,65.7,65.0,12.0,12.0,17,2.7,5
2.0,0.05,0.5,Illinois,54.9,48,73,48.0,54.1,53.5,57,0.0,0.0,63.2,58.0,65.3,59.0,68.6,67.0,20.4,21.0,25,6.6,9
0.5,0.05,1.0,Idaho,54.9,43,60,54.0,6.7,6.5,10,1.7,6.0,61.0,60.0,67.3,64.0,28.0,28.0,27.5,27.5,31,15.0,18
ALL,ALL,ALL,Wisconsin,54.977777777777774,42,99,48.0,38.519444444444446,40.0,50,0.07777777777777778,2.0,59.725,50.0,62.702777777777776,57.0,32.00833333333333,28.0,85.07222222222222,89.0,113,25.319444444444443,35
0.5,0.25,0.5,North Dakota,55.0,55,55,55.0,14.7,14.5,17,0.0,0.0,66.4,70.0,83.6,81.5,109.0,113.5,4.4,4.0,8,0.9,2
0.5,0.25,2.0,North Dakota,55.0,55,55,55.0,18.8,18.5,21,0.0,0.0,67.6,70.0,78.7,72.0,99.2,83.0,10.0,10.5,13,1.1,2
2.0,0.25,1.0,North Dakota,55.0,55,55,55.0,20.1,20.0,21,0.0,0.0,67.6,70.0,79.2,72.0,107.3,122.0,10.1,10.0,13,1.7,3
2.0,0.25,0.5,North Dakota,55.0,55,55,55.0,18.9,19.0,20,0.0,0.0,67.6,70.0,87.8,95.0,110.2,122.0,10.1,10.0,12,1.7,3
2.0,0.25,2.0,North Dakota,55.0,55,55,55.0,20.8,21.0,23,0.0,0.0,67.6,70.0,85.1,81.5,110.5,122.0,10.5,11.0,12,1.8,3
2.0,0.1,1.0,North Dakota,55.0,55,55,55.0,18.7,18.5,20,0.0,0.0,68.8,70.0,92.5,96.5,129.1,122.0,8.5,9.0,10,2.1,3
0.5,0.1,0.5,Kentucky,55.0,47,63,55.0,28.3,29.0,32,0.0,0.0,69.1,67.0,79.9,80.0,76.4,71.0,11.1,11.5,15,8.2,10
2.0,0.1,1.0,Tennessee,55.0,52,82,52.0,42.5,43.0,44,0.0,0.0,96.4,98.0,108.0,108.0,70.5,60.0,21.4,21.5,28,10.4,14
0.5,0.01,1.0,California,55.0,55,55,55.0,3.2,3.0,5,3.2,24.0,71.0,55.0,103.0,77.0,28.0,28.0,79.5,79.0,95,27.3,29
1.0,0.01,0.5,California,55.0,55,55,55.0,3.4,3.0,6,6.0,25.0,94.8,55.0,143.25,84.0,28.0,28.0,84.2,83.0,99,28.0,31
2.0,0.01,0.5,California,55.0,55,55,55.0,4.3,4.0,7,0.6,6.0,61.6,55.0,79.6,79.0,28.0,28.0,89.5,90.0,100,28.0,31
1.0,0.01,2.0,California,55.0,55,55,55.0,3.8,4.0,6,6.0,26.0,84.8,64.5,105.875,74.0,28.0,28.0,87.8,85.5,105,28.5,31
ALL,ALL,ALL,Idaho,55.09166666666667,43,109,54.0,7.463888888888889,8.0,13,1.475,9.0,62.852777777777774,60.0,70.98611111111111,64.0,30.76388888888889,28.0,27.052777777777777,28.0,37,15.91388888888889,22
1.0,0.05,2.0,Missouri,55.1,48,61,56.0,75.8,74.5,83,0.0,0.0,59.7,60.0,62.0,61.0,35.6,28.0,19.0,18.0,25,10.4,14
2.0,0.01,2.0,Iowa,55.1,31,71,57.5,34.2,34.5,41,2.3,9.0,69.6,72.5,78.5,79.0,33.2,28.0,102.7,102.5,116,50.4,56
2.0,0.05,0.5,Missouri,55.2,43,65,58.0,73.6,73.5,78,0.0,0.0,61.7,61.0,64.4,61.0,28.0,28.0,18.4,18.0,23,9.4,13
0.5,0.1,2.0,Michigan,55.2,42,60,58.0,50.8,51.0,52,0.0,0.0,58.9,59.0,61.3,60.0,60.5,64.0,15.0,15.0,20,11.1,14
0.5,0.1,0.5,Michigan,55.3,42,59,56.5,41.9,42.0,46,0.0,0.0,58.8,59.0,61.0,60.0,59.1,64.0,12.6,12.0,16,10.5,13
0.5,0.25,2.0,Indiana,55.3,54,64,54.0,53.1,53.0,57,0.0,0.0,62.6,63.5,64.4,66.0,97.2,97.0,21.0,21.0,26,17.2,22
0.5,0.05,1.0,Illinois,55.4,48,73,57.5,46.4,47.0,53,0.0,0.0,63.9,58.0,64.9,59.0,72.1,62.5,16.8,17.0,21,3.6,8
0.5,0.05,2.0,Illinois,55.4,48,72,58.0,54.5,54.5,60,0.0,0.0,65.4,65.5,67.8,71.0,71.8,76.5,18.4,18.0,24,4.3,9
0.5,0.05,0.5,Idaho,55.5,43,60,55.0,6.2,6.0,7,0.7,2.0,60.4,61.0,63.4,64.0,41.6,28.0,22.3,22.0,28,13.3,15
1.0,0.05,1.0,Idaho,55.5,43,62,54.0,8.0,8.0,9,0.8,2.0,60.0,60.0,63.4,64.0,28.0,28.0,29.2,29.5,34,16.4,18
1.0,0.05,2.0,New Jersey,55.6,42,178,42.0,8.2,8.0,9,0.0,0.0,145.1,141.0,152.5,147.0,,,0.0,0.0,0,0.1,1
1.0,0.25,2.0,Florida,55.8,47,69,58.5,6.5,7.0,10,3.8,10.0,64.3,63.0,117.4,77.0,28.0,28.0,51.9,48.0,67,28.6,32
2.0,0.1,1.0,Wyoming,56.0,52,60,56.0,11.8,12.0,13,0.0,0.0,61.7,62.5,71.7,66.5,107.0,107.0,1.0,1.0,1,0.0,0
1.0,0.1,1.0,Wyoming,56.0,52,60,56.0,10.3,10.0,11,0.0,0.0,62.4,65.0,73.8,74.0,107.0,107.0,1.0,1.0,1,0.0,0
1.0,0.25,2.0,Utah,56.0,48,58,58.0,18.5,19.0,20,0.0,0.0,75.0,72.0,93.2,87.0,31.1,28.0,14.0,14.0,17,3.3,5
2.0,0.1,2.0,Vermont,56.0,39,101,39.0,8.3,8.0,12,4.1,6.0,115.1,114.0,125.0,126.0,28.0,28.0,12.7,14.0,16,5.6,8
2.0,0.25,2.0,Oregon,56.0,56,56,56.0,12.1,12.0,13,0.0,0.0,59.0,59.0,68.8,72.0,88.1,87.0,8.5,8.5,11,7.7,9
1.0,0.25,1.0,Florida,56.1,47,69,58.0,8.6,9.0,12,3.3,10.0,65.2,66.0,115.4,77.0,28.0,28.0,44.7,42.5,57,26.7,30
1.0,0.05,2.0,Wyoming,56.2,52,60,57.0,10.7,10.5,12,0.0,0.0,63.2,65.0,74.9,74.0,107.0,107.0,1.0,1.0,1,0.0,0
2.0,0.25,2.0,Indiana,56.2,54,63,55.5,58.6,59.0,60,0.0,0.0,61.8,63.5,66.0,66.0,91.6,89.5,21.8,22.5,25,15.6,18
2.0,0.25,1.0,Oregon,56.3,56,59,56.0,12.4,12.0,13,0.0,0.0,59.5,59.0,68.9,72.0,90.3,87.0,8.3,8.0,10,7.5,8
1.0,0.25,0.5,Oregon,56.3,56,59,56.0,11.5,11.0,13,0.0,0.0,59.5,59.0,68.9,72.0,86.1,87.0,5.7,5.5,8,7.7,8
2.0,0.25,0.5,Oregon,56.3,56,59,56.0,12.3,12.0,13,0.0,0.0,59.5,59.0,67.3,64.5,90.1,87.0,7.8,8.0,11,7.7,8
1.0,0.25,2.0,Oregon,56.3,56,59,56.0,12.2,12.0,13,0.0,0.0,59.6,59.0,71.2,72.0,89.0,87.0,9.8,10.0,12,7.8,8
1.0,0.05,0.5,Missouri,56.3,43,61,58.5,67.4,68.5,71,0.0,0.0,61.2,61.0,62.8,63.0,33.2,28.0,16.6,16.0,22,8.4,12
0.5,0.25,2.0,Georgia,56.4,52,75,55.0,45.1,45.0,48,0.0,0.0,70.9,75.0,77.5,79.0,119.9,123.0,5.2,4.0,9,2.5,5
0.5,0.05,2.0,Michigan,56.4,34,64,58.5,48.7,49.0,53,0.0,0.0,63.1,61.0,67.9,67.5,63.2,64.0,15.7,15.5,20,11.1,15
2.0,0.1,0.5,Wyoming,56.5,52,60,58.5,11.5,11.0,13,0.0,0.0,62.4,65.0,71.6,74.0,107.0,107.0,1.0,1.0,1,0.0,0
0.5,0.1,2.0,North Dakota,56.5,55,70,55.0,17.4,17.0,18,0.0,0.0,73.5,70.0,97.9,105.0,133.9,141.0,8.3,8.0,11,0.6,2
1.0,0.1,0.5,North Dakota,56.5,55,70,55.0,16.1,16.0,17,0.0,0.0,72.1,70.0,98.5,102.0,132.4,141.0,8.1,8.5,9,1.3,3
2.0,0.25,2.0,Florida,56.5,47,69,59.0,7.1,8.0,11,8.1,30.0,90.0,64.0,125.8,77.0,28.0,28.0,54.5,51.5,71,28.2,32
0.5,0.25,1.0,Oregon,56.6,56,59,56.0,10.7,10.5,12,0.0,0.0,60.2,59.0,69.6,72.0,88.3,87.0,4.4,4.5,5,6.4,7
0.5,0.25,2.0,Oregon,56.6,56,59,56.0,11.5,11.0,13,0.0,0.0,61.6,59.0,69.2,72.0,87.2,87.0,8.5,9.0,10,7.8,9
1.0,0.25,1.0,Oregon,56.6,56,59,56.0,12.2,12.0,13,0.0,0.0,60.2,59.0,70.4,72.0,90.1,87.0,8.4,8.5,10,7.8,8
0.5,0.1,1.0,Kentucky,56.6,47,63,63.0,35.9,36.0,40,0.1,1.0,71.6,70.5,78.5,80.0,67.3,71.0,16.5,15.0,27,10.6,13
2.0,0.1,2.0,Tennessee,56.6,52,98,52.0,43.2,43.0,46,0.0,0.0,97.0,98.0,106.8,108.0,67.7,60.0,24.6,25.5,32,11.0,14
1.0,0.1,2.0,Tennessee,56.6,52,98,52.0,39.6,40.0,44,0.0,0.0,100.2,98.0,110.2,111.0,66.9,60.0,22.2,22.5,29,11.8,14
0.5,0.25,0.5,Oregon,56.7,54,59,56.0,9.9,10.0,11,0.0,0.0,61.8,59.0,68.8,72.0,87.2,87.0,2.3,2.0,3,6.2,7
0.5,0.25,0.5,Indiana,56.7,54,66,55.5,46.3,46.0,53,0.0,0.0,63.8,65.0,66.2,66.0,90.9,86.0,16.4,16.5,20,11.5,16
1.0,0.1,1.0,North Dakota,56.8,55,70,55.0,18.2,18.0,19,0.0,0.0,69.0,70.0,95.6,96.5,114.1,122.0,9.2,9.5,11,1.3,2
2.0,0.1,2.0,Utah,56.8,48,72,58.0,17.4,17.5,20,0.0,0.0,75.2,72.0,97.1,87.0,33.7,28.0,14.0,14.0,17,3.6,6
1.0,0.1,2.0,Utah,56.8,48,72,58.0,17.7,17.0,20,0.0,0.0,69.4,72.0,93.2,87.0,38.9,28.0,14.7,15.0,20,3.8,5
0.5,0.1,2.0,Kentucky,56.8,47,80,47.0,40.7,41.5,43,0.1,1.0,70.7,67.0,80.3,80.0,66.4,66.0,24.3,25.5,31,13.0,16
2.0,0.25,0.5,Georgia,56.9,52,75,52.0,50.8,51.0,53,0.0,0.0,61.5,54.0,64.4,55.0,89.3,84.0,5.8,5.0,9,5.1,7
0.5,0.1,1.0,Oregon,56.9,56,59,56.0,9.9,10.0,11,0.0,0.0,60.7,59.0,69.9,72.0,87.3,87.0,4.2,4.5,8,5.7,7
2.0,0.1,1.0,Oregon,56.9,56,59,56.0,12.8,13.0,14,0.0,0.0,60.8,59.0,72.2,72.0,103.3,87.0,7.8,8.0,10,6.8,8
2.0,0.05,2.0,Missouri,56.9,43,61,58.0,77.7,79.0,82,0.0,0.0,60.6,61.0,61.9,61.0,35.8,28.0,18.7,17.5,26,10.8,16
2.0,0.1,2.0,Michigan,57.0,51,59,58.0,50.6,51.0,54,0.0,0.0,58.5,59.0,60.4,60.0,55.6,63.0,15.6,16.0,21,12.2,14
0.5,0.25,1.0,Indiana,57.0,54,66,54.0,51.3,50.5,55,0.0,0.0,64.1,66.0,66.2,66.0,96.7,97.0,17.7,17.5,22,12.5,16
0.5,0.01,0.5,California,57.2,55,77,55.0,3.2,3.0,5,1.4,9.0,61.7,55.0,118.0,79.0,28.0,28.0,68.6,66.0,80,24.2,27
0.5,0.25,0.5,Georgia,57.3,51,75,55.0,31.6,31.5,35,0.1,1.0,67.6,75.0,72.7,76.0,93.9,88.0,3.5,4.0,5,3.0,4
0.5,0.1,0.5,Utah,57.4,48,72,58.0,9.8,10.0,11,0.0,0.0,73.6,72.0,90.9,87.0,31.1,28.0,8.3,9.0,10,0.3,1
0.5,0.25,1.0,Georgia,57.4,52,75,55.0,37.4,37.0,40,0.0,0.0,67.7,75.0,70.2,76.0,112.2,94.0,4.2,4.0,7,3.2,6
2.0,0.25,2.0,Georgia,57.4,52,75,55.0,55.7,56.0,58,0.0,0.0,66.5,69.0,70.3,75.5,102.1,84.0,7.9,7.5,12,4.5,6
1.0,0.1,2.0,Wyoming,57.5,52,65,58.5,11.4,11.5,12,0.0,0.0,62.7,65.0,74.4,74.0,107.0,107.0,1.0,1.0,1,0.0,0
1.0,0.1,1.0,Oregon,57.5,56,59,57.5,13.0,13.0,14,0.0,0.0,64.8,62.0,72.8,72.0,101.6,87.0,6.7,6.5,9,6.5,8
1.0,0.1,2.0,Oregon,57.5,56,59,57.5,12.6,13.0,14,0.0,0.0,63.3,61.5,70.1,72.0,115.5,87.0,8.5,8.0,11,6.7,9
0.5,0.1,2.0,Oregon,57.5,56,59,57.5,11.9,12.0,13,0.0,0.0,62.5,61.5,70.7,72.0,124.0,87.0,6.5,6.0,11,7.2,8
0.5,0.25,0.5,Florida,57.5,47,69,58.5,7.2,8.0,11,5.8,27.0,89.0,64.0,101.0,69.0,28.0,28.0,32.8,30.5,49,21.5,27
ALL,ALL,ALL,Ohio,57.53333333333333,43,138,48.0,53.888888888888886,56.0,66,0.011111111111111112,1.0,68.48333333333333,56.0,75.40555555555555,60.0,95.28611111111111,99.0,15.011111111111111,15.0,25,14.344444444444445,23
1.0,0.1,0.5,Wyoming,57.7,52,65,57.0,10.2,10.0,11,0.0,0.0,66.3,65.0,77.1,79.0,107.0,107.0,1.0,1.0,1,0.0,0
0.5,0.25,2.0,Nevada,57.8,51,64,59.0,6.0,6.0,6,0.0,0.0,63.5,64.0,67.2,66.0,214.77777777777777,251.0,1.1111111111111112,1.0,2,0.0,0
0.5,0.1,0.5,Oregon,57.8,56,59,59.0,8.7,9.0,10,0.0,0.0,65.5,64.5,71.9,72.0,89.4,87.0,2.1,2.0,3,5.8,7
2.0,0.05,2.0,Illinois,57.8,48,72,58.0,58.0,58.0,63,0.0,0.0,68.3,73.0,69.6,74.0,76.4,84.0,21.8,22.5,24,7.0,9
2.0,0.05,1.0,Idaho,57.8,54,64,58.0,7.2,7.0,9,0.6,3.0,61.2,61.0,67.6,67.0,28.0,28.0,29.1,29.5,37,17.6,21
0.5,0.05,0.5,Michigan,57.9,51,64,58.0,36.7,37.0,40,0.0,0.0,62.8,59.0,66.8,64.0,65.6,64.0,11.1,12.0,13,10.8,14
0.5,0.1,0.5,North Dakota,58.0,55,70,55.0,11.8,12.0,15,0.0,0.0,77.0,70.0,101.9,105.0,133.9,141.0,3.0,3.0,4,0.3,1
0.5,0.05,2.0,North Dakota,58.0,55,70,55.0,15.9,15.5,18,0.0,0.0,79.1,70.0,103.8,105.0,136.7,166.0,7.6,7.0,11,0.8,2
2.0,0.1,0.5,North Dakota,58.0,55,70,55.0,17.6,17.5,19,0.0,0.0,74.4,70.0,96.3,103.5,132.0,141.0,9.5,9.0,12,1.8,3
1.0,0.05,0.5,Illinois,58.0,48,73,58.0,50.3,51.0,54,0.0,0.0,67.1,72.0,69.5,73.0,68.1,76.5,14.9,14.5,23,3.8,7
2.0,0.05,2.0,Tennessee,58.0,52,112,52.0,39.1,39.0,42,0.0,0.0,109.7,112.0,113.5,114.5,72.4,60.0,23.5,22.5,31,10.1,13
2.0,0.05,0.5,Michigan,58.0,42,71,58.0,48.4,49.0,53,0.0,0.0,61.7,60.0,69.0,71.0,57.1,63.0,16.8,16.0,24,12.6,16
2.0,0.25,0.5,Nevada,58.1,51,64,59.0,6.0,6.0,6,0.0,0.0,60.7,62.5,66.1,66.0,243.11111111111111,251.0,1.0,1.0,1,0.0,0
1.0,0.1,0.5,North Carolina,58.1,54,95,54.0,21.7,22.0,25,0.0,0.0,110.2,112.0,126.7,122.5,129.6,115.0,5.4,5.0,8,5.0,6
0.5,0.1,1.0,Vermont,58.1,39,122,39.0,8.6,8.5,12,2.8,6.0,105.0,105.5,113.7,112.0,28.0,28.0,11.3,11.0,19,5.4,9
2.0,0.1,0.5,Oregon,58.1,56,59,59.0,12.8,13.0,14,0.0,0.0,64.3,64.0,70.9,72.0,94.2,93.5,8.8,9.0,11,6.5,8
2.0,0.1,1.0,North Carolina,58.1,54,95,54.0,26.1,26.0,28,0.0,0.0,110.2,112.0,123.4,122.5,120.1,115.0,7.8,8.5,10,8.5,10
1.0,0.05,1.0,Kentucky,58.1,47,74,60.0,42.5,42.0,45,0.0,0.0,69.2,63.0,82.1,80.0,69.8,71.0,25.3,25.0,31,10.5,13
1.0,0.1,1.0,Utah,58.2,48,72,58.0,18.4,19.0,20,0.0,0.0,73.8,72.0,94.8,87.0,31.1,28.0,13.2,13.0,18,3.1,6
1.0,0.01,2.0,Oklahoma,58.2,55,68,58.0,36.2,37.0,40,0.0,0.0,71.1,68.0,77.1,76.5,28.0,28.0,8.3,8.5,12,4.3,9
0.5,0.05,0.5,Missouri,58.2,43,61,60.0,46.5,46.0,51,0.0,0.0,61.5,61.0,62.8,63.0,51.4,28.0,9.3,9.5,14,5.1,8
0.5,0.05,1.0,Michigan,58.2,55,60,58.0,44.2,45.0,50,0.1,1.0,61.4,59.0,65.7,63.0,65.4,64.0,13.4,14.0,17,12.3,17
1.0,0.25,2.0,Indiana,58.2,54,66,57.0,56.1,56.0,60,0.0,0.0,63.3,66.0,65.8,66.0,93.6,91.5,23.6,23.0,27,17.4,22
ALL,ALL,ALL,Missouri,58.208333333333336,43,115,58.0,66.19166666666666,71.0,84,0.002777777777777778,1.0,66.03333333333333,59.0,70.06666666666666,61.0,54.35933147632312,28.0,14.788300835654596,16.0,29,9.941666666666666,20
0.5,0.25,1.0,Florida,58.3,47,77,59.0,6.9,7.0,12,5.6,28.0,78.5,67.5,119.6,78.5,31.5,28.0,40.4,38.5,51,25.4,28
1.0,0.25,0.5,Georgia,58.4,52,75,55.0,41.0,40.5,46,0.0,0.0,69.8,75.0,78.0,79.0,119.8,121.0,4.9,4.5,7,3.2,5
1.0,0.05,1.0,Oregon,58.4,56,59,59.0,12.2,12.0,15,0.0,0.0,68.2,72.0,74.8,74.0,111.2,100.0,6.5,6.5,10,5.9,8
1.0,0.1,0.5,Oregon,58.4,56,59,59.0,11.9,12.0,14,0.0,0.0,65.8,65.0,71.9,72.0,123.6,93.5,5.3,5.5,9,6.4,9
2.0,0.1,2.0,Oregon,58.4,56,59,59.0,12.6,13.0,14,0.0,0.0,67.2,68.5,73.0,73.0,104.1,87.0,7.4,7.5,10,6.9,8
1.0,0.05,1.0,Missouri,58.4,48,61,59.0,71.9,71.5,76,0.0,0.0,61.4,61.0,62.6,61.0,43.6,28.0,16.0,15.0,20,10.0,13
1.0,0.1,0.5,Kentucky,58.4,47,80,60.0,37.4,38.0,42,0.0,0.0,65.8,63.0,73.7,77.0,64.0,71.0,19.8,19.0,29,13.6,17
0.5,0.01,1.0,Oklahoma,58.6,41,78,55.0,19.3,19.5,22,0.0,0.0,69.7,64.0,81.2,84.0,71.375,58.0,2.8,3.0,7,1.8,5
2.0,0.25,0.5,Indiana,58.6,54,66,57.0,56.0,55.5,60,0.0,0.0,63.2,66.0,65.8,66.0,96.0,97.0,22.5,22.5,26,16.1,22
0.5,0.05,1.0,Oregon,58.7,56,65,59.0,9.7,9.5,12,0.0,0.0,67.1,68.5,76.0,74.0,92.6,86.5,4.5,4.5,6,3.5,6
2.0,0.25,1.0,Nevada,58.8,51,61,61.0,6.0,6.0,6,0.0,0.0,61.8,64.0,66.0,66.0,222.0,251.0,1.2,1.0,2,0.0,0
1.0,0.25,1.0,Nevada,58.8,51,64,61.0,6.0,6.0,6,0.0,0.0,63.3,64.0,67.6,66.0,218.57142857142858,251.0,1.5714285714285714,1.0,3,0.0,0
1.0,0.1,0.5,Utah,58.8,48,72,58.0,16.5,17.0,18,0.0,0.0,72.2,72.0,93.2,87.0,33.7,28.0,11.8,12.0,14,2.1,4
2.0,0.1,1.0,Utah,58.8,48,72,58.0,18.7,19.0,21,0.0,0.0,75.1,72.0,94.0,87.0,35.8,28.0,14.4,14.0,20,3.0,4
2.0,0.1,0.5,Utah,58.8,48,72,58.0,18.5,18.5,20,0.0,0.0,78.0,72.0,97.1,87.0,39.9,28.0,11.7,11.5,14,3.2,4
0.5,0.1,2.0,Indiana,58.8,54,68,57.0,50.9,51.0,57,0.0,0.0,66.6,66.0,68.9,68.0,97.6,103.0,20.7,21.0,23,15.9,21
1.0,0.25,1.0,Indiana,58.8,54,66,57.5,54.1,53.5,60,0.0,0.0,63.2,66.0,66.2,66.0,95.5,99.5,19.6,19.5,24,16.6,20
0.5,0.05,2.0,Wyoming,59.0,56,60,60.0,9.4,9.0,11,0.0,0.0,64.2,65.0,80.0,80.0,107.0,107.0,1.0,1.0,1,0.0,0
1.0,0.05,2.0,Oregon,59.0,59,59,59.0,13.2,13.0,15,0.0,0.0,68.4,68.5,73.8,73.0,86.2,78.0,7.2,7.0,10,4.6,7
2.0,0.05,1.0,Wyoming,59.1,52,65,60.0,11.4,11.0,12,0.0,0.0,69.5,65.0,78.3,76.5,107.0,107.0,1.0,1.0,1,0.0,0
0.5,0.05,0.5,Wyoming,59.1,52,65,60.0,8.4,8.5,10,0.0,0.0,68.0,65.0,84.3,86.0,107.0,107.0,1.0,1.0,1,0.0,0
2.0,0.01,2.0,California,59.2,55,97,55.0,4.3,4.0,6,2.4,24.0,71.2,55.0,93.6,74.0,28.0,28.0,84.6,81.5,98,28.0,29
2.0,0.01,1.0,California,59.2,55,97,55.0,4.2,4.5,6,2.3,23.0,74.8,73.5,78.75,74.0,28.0,28.0,84.0,83.0,94,28.2,33
ALL,ALL,ALL,Illinois,59.25277777777778,41,110,48.0,50.88333333333333,53.0,65,0.002777777777777778,1.0,68.49166666666666,58.0,70.82777777777778,58.0,69.01388888888889,62.0,19.15277777777778,19.0,30,5.522222222222222,11
0.5,0.05,0.5,Oregon,59.3,56,65,59.0,7.7,7.5,10,0.0,0.0,70.8,72.0,77.7,82.0,95.55555555555556,100.0,2.2,2.0,4,3.9,6
0.5,0.25,0.5,Nevada,59.4,51,64,61.0,5.5,5.5,6,0.0,0.0,63.5,64.0,67.1,66.0,,,0.0,0.0,0,0.0,0
0.5,0.25,2.0,Florida,59.4,47,69,60.0,8.4,8.5,13,4.1,31.0,83.7,69.0,109.8,77.0,28.0,28.0,41.9,39.5,60,25.7,31
0.5,0.1,1.0,North Dakota,59.5,55,70,55.0,13.7,13.5,15,0.0,0.0,77.8,70.0,98.3,105.0,79.3,55.5,6.1,6.0,9,0.3,1
0.5,0.05,1.0,North Dakota,59.5,55,70,55.0,11.0,11.0,13,0.0,0.0,80.1,70.0,103.0,105.0,58.3,28.0,5.9,6.0,8,0.6,2
2.0,0.1,2.0,North Dakota,59.5,55,70,55.0,19.0,19.0,21,0.0,0.0,78.7,70.0,99.0,102.0,127.6,122.0,8.9,9.0,10,2.1,3
1.0,0.05,0.5,New Jersey,59.6,42,141,42.0,7.6,8.0,8,0.0,0.0,145.2,141.0,158.8,147.0,,,0.0,0.0,0,0.0,0
ALL,ALL,ALL,Michigan,59.647222222222226,34,113,58.0,46.18611111111111,48.0,60,0.016666666666666666,1.0,67.41944444444445,59.0,72.46944444444445,62.0,79.08333333333333,64.0,14.558333333333334,15.0,26,11.894444444444444,22
2.0,0.01,0.5,Oklahoma,59.7,55,75,59.5,33.1,34.0,38,0.0,0.0,75.0,76.5,82.8,87.0,41.6,28.0,7.7,8.0,14,4.5,8
1.0,0.01,2.0,Washington,59.8,58,60,60.0,12.2,12.5,15,0.0,0.0,74.6,72.0,82.1,80.0,73.2,79.5,11.4,11.5,13,7.5,10
1.0,0.05,0.5,Wyoming,59.9,52,65,60.0,9.2,9.0,11,0.0,0.0,68.9,66.5,81.3,86.0,107.0,107.0,1.0,1.0,1,0.0,0
1.0,0.25,0.5,Indiana,59.9,54,66,60.5,52.2,52.5,58,0.0,0.0,63.3,66.0,66.3,66.0,92.6,91.5,19.4,18.0,27,12.2,18
2.0,0.01,2.0,Minnesota,59.9,32,92,57.5,43.6,43.0,50,0.3,3.0,71.7,68.0,74.1,73.0,44.1,28.0,47.3,47.5,56,25.4,32
1.0,0.25,0.5,Nevada,60.0,57,64,61.0,6.0,6.0,6,0.0,0.0,63.6,64.0,66.7,66.0,112.25,122.0,1.0,1.0,1,0.0,0
2.0,0.1,2.0,Indiana,60.0,54,68,60.5,55.6,55.0,60,0.0,0.0,65.7,66.0,68.1,66.0,89.2,90.0,21.8,21.0,28,14.1,17
2.0,0.25,2.0,Nevada,60.1,51,64,61.0,6.0,6.0,6,0.0,0.0,64.4,64.0,67.1,66.0,201.0,215.5,1.5,1.5,2,0.0,0
1.0,0.25,1.0,Georgia,60.1,52,75,55.0,46.0,46.0,48,0.0,0.0,68.7,75.0,75.5,77.5,113.2,113.5,6.5,7.0,8,2.9,5
0.5,0.01,2.0,California,60.1,55,84,55.0,3.4,3.5,5,4.2,25.0,81.6,55.0,100.5,84.0,28.0,28.0,90.0,91.5,98,28.6,30
0.5,0.05,1.0,Wyoming,60.2,52,65,60.0,8.9,9.0,10,0.0,0.0,67.3,65.0,83.9,86.0,107.0,107.0,1.0,1.0,1,0.0,0
1.0,0.05,1.0,Wyoming,60.2,52,65,60.0,9.4,9.0,10,0.0,0.0,70.5,65.0,81.0,76.5,107.0,107.0,1.0,1.0,1,0.0,0
1.0,0.01,0.5,Oklahoma,60.2,43,87,55.0,21.8,21.5,28,0.0,0.0,74.2,76.5,83.5,84.0,40.8,28.0,4.4,4.0,10,3.3,6
2.0,0.05,0.5,Tennessee,60.2,52,99,52.0,36.8,36.5,40,0.0,0.0,102.6,98.0,111.0,109.0,72.5,60.0,21.5,22.5,25,10.1,13
2.0,0.05,2.0,Oregon,60.3,59,72,59.0,14.0,14.0,16,0.0,0.0,69.6,65.0,79.4,74.0,99.5,100.0,7.8,7.5,10,4.6,7
1.0,0.25,0.5,Florida,60.3,47,69,61.0,8.7,9.0,12,4.7,29.0,81.8,71.0,107.2,77.0,35.5,28.0,37.4,35.5,51,23.8,30
2.0,0.01,1.0,Iowa,60.3,31,78,70.5,34.1,34.5,37,1.2,10.0,75.1,75.5,80.7,80.0,31.4,28.0,102.0,100.5,116,49.0,55
1.0,0.25,2.0,Georgia,60.6,52,75,55.0,53.2,54.0,56,0.0,0.0,67.2,75.0,74.4,77.5,123.4,146.0,6.0,6.0,9,4.7,7
2.0,0.05,0.5,Kentucky,60.7,47,74,60.0,44.8,45.5,46,0.0,0.0,69.5,63.0,80.8,81.5,55.4,47.0,25.0,24.0,31,10.3,13
1.0,0.05,0.5,Michigan,60.7,58,74,59.0,45.7,46.5,49,0.0,0.0,64.4,64.0,72.0,73.0,75.4,64.0,14.4,14.0,18,12.0,16
1.0,0.01,2.0,Iowa,60.9,42,80,70.0,34.7,34.5,38,1.9,10.0,72.8,72.0,79.3,79.0,36.1,28.0,95.5,96.5,115,47.8,52
1.0,0.1,2.0,North Dakota,61.0,55,70,55.0,19.5,19.5,21,0.0,0.0,77.9,70.0,96.0,101.5,114.4,113.5,10.4,10.5,12,1.3,3
2.0,0.05,1.0,North Dakota,61.0,55,70,55.0,16.9,17.0,18,0.0,0.0,83.1,70.0,100.9,103.5,134.7,141.0,8.2,8.0,11,2.5,4
2.0,0.05,0.5,Utah,61.0,48,72,65.0,17.9,18.5,20,0.0,0.0,82.6,87.0,109.5,118.0,48.8,41.0,11.9,12.0,15,3.4,5
0.5,0.25,1.0,Nevada,61.1,57,64,61.0,6.0,6.0,6,0.0,0.0,63.7,64.0,66.0,66.0,179.0,180.0,1.0,1.0,1,0.0,0
0.5,0.1,1.0,Utah,61.2,48,72,58.0,15.0,15.0,17,0.0,0.0,78.0,72.0,97.1,87.0,50.0,43.5,10.3,10.5,13,1.2,3
1.0,0.01,0.5,Washington,61.2,60,72,60.0,10.7,11.0,13,0.1,1.0,80.0,82.0,86.5,87.5,69.7,73.0,10.7,11.0,16,5.9,10
1.0,0.05,1.0,Tennessee,61.2,52,98,52.0,35.9,36.0,38,0.0,0.0,103.4,98.0,112.9,112.0,78.4,60.0,20.6,20.5,28,8.6,11
2.0,0.05,1.0,Tennessee,61.2,52,98,52.0,38.4,38.0,43,0.0,0.0,101.6,98.0,109.5,110.0,72.5,60.0,24.1,24.0,28,10.2,14
2.0,0.05,2.0,Wyoming,61.3,52,74,60.0,11.6,12.0,12,0.0,0.0,68.2,65.0,78.2,80.0,107.0,107.0,1.2,1.0,2,0.0,0
1.0,0.05,0.5,Oregon,61.3,56,72,59.0,10.7,10.5,12,0.0,0.0,70.8,72.0,79.4,74.0,86.4,82.5,6.3,6.0,11,5.3,8
1.0,0.1,2.0,Indiana,61.3,54,66,64.5,53.9,54.5,60,0.0,0.0,66.4,66.0,68.4,68.0,91.0,92.5,24.8,23.5,28,16.0,21
ALL,ALL,ALL,Wyoming,61.49166666666667,49,105,60.0,9.716666666666667,10.0,13,0.0,0.0,72.64166666666667,65.0,86.63128491620111,74.0,109.93928571428572,107.0,1.0964285714285715,1.0,4,0.0,0
1.0,0.25,2.0,Nevada,61.5,57,64,61.0,6.0,6.0,6,0.0,0.0,64.3,64.0,67.3,66.0,220.14285714285714,251.0,1.2857142857142858,1.0,2,0.0,0
2.0,0.05,0.5,Wyoming,61.5,52,74,60.0,10.6,11.0,11,0.0,0.0,68.4,66.5,84.0,86.0,107.0,107.0,1.0,1.0,1,0.0,0
2.0,0.01,0.5,South Dakota,61.5,50,88,58.0,38.1,38.5,41,0.0,0.0,74.0,71.0,81.8,87.5,94.9,100.0,7.3,7.5,12,3.9,5
2.0,0.05,2.0,Michigan,61.5,58,74,59.0,48.8,48.5,53,0.0,0.0,65.8,64.0,70.4,71.0,76.7,64.0,14.5,14.0,20,12.3,14
1.0,0.1,0.5,Florida,61.7,47,69,64.5,9.9,11.0,13,6.2,30.0,102.8,77.0,125.6,77.0,33.6,28.0,33.6,30.5,47,22.9,30
0.5,0.01,1.0,Arizona,61.8,43,76,67.5,7.0,7.0,8,0.0,0.0,75.8,73.0,79.0,76.0,33.9,28.0,8.7,8.0,13,2.4,3
1.0,0.1,2.0,North Carolina,61.8,54,93,54.0,25.8,26.0,27,0.0,0.0,107.8,102.0,130.1,122.5,115.0,115.0,7.2,7.0,10,8.5,10
2.0,0.01,1.0,Minnesota,61.8,32,90,70.5,44.2,44.5,50,0.0,0.0,75.2,78.5,80.6,83.0,64.6,82.0,43.9,44.0,54,22.9,34
2.0,0.05,0.5,Oregon,61.9,56,72,59.0,13.2,13.0,15,0.0,0.0,72.1,72.0,79.7,77.5,98.0,78.0,5.9,5.5,9,5.1,7
0.5,0.1,0.5,Maryland,62.0,62,62,62.0,9.0,9.0,11,0.0,0.0,89.0,97.0,101.2,103.5,67.5,64.0,10.6,10.0,14,1.5,3
1.0,0.25,0.5,Maryland,62.0,62,62,62.0,10.6,11.0,12,0.0,0.0,74.6,78.0,89.9,87.0,65.3,64.0,12.8,13.0,18,2.6,5
0.5,0.25,1.0,Maryland,62.0,62,62,62.0,10.3,10.0,12,0.0,0.0,70.5,62.0,89.5,87.0,64.0,64.0,12.5,12.0,17,2.8,4
0.5,0.25,0.5,Maryland,62.0,62,62,62.0,8.6,9.0,10,0.0,0.0,72.2,67.0,93.1,95.5,65.8,64.0,12.3,12.5,18,2.8,4
0.5,0.25,2.0,Maryland,62.0,62,62,62.0,10.6,11.0,12,0.0,0.0,75.9,75.0,90.2,90.5,64.0,64.0,12.7,12.5,16,3.3,4
1.0,0.25,2.0,Maryland,62.0,62,62,62.0,11.0,11.5,14,0.0,0.0,70.6,62.0,88.9,89.5,64.0,64.0,16.3,16.5,21,3.5,6
2.0,0.1,1.0,Maryland,62.0,62,62,62.0,10.4,10.5,12,0.0,0.0,89.0,97.0,106.6,106.0,66.2,64.0,13.3,12.5,19,3.5,6
1.0,0.25,1.0,Maryland,62.0,62,62,62.0,10.5,10.5,12,0.0,0.0,70.3,62.0,90.7,92.0,67.1,64.0,14.3,15.0,17,3.6,5
2.0,0.25,0.5,Maryland,62.0,62,62,62.0,11.1,11.0,12,0.0,0.0,73.1,62.0,90.4,89.5,64.0,64.0,16.0,15.5,21,3.6,5
2.0,0.25,1.0,Maryland,62.0,62,62,62.0,11.0,11.0,13,0.0,0.0,70.8,62.0,93.1,92.0,67.1,64.0,14.5,14.0,23,3.7,5
2.0,0.25,2.0,Maryland,62.0,62,62,62.0,10.7,11.0,12,0.0,0.0,71.9,63.0,90.6,95.5,65.3,64.0,13.2,12.0,19,3.8,5
2.0,0.1,1.0,Nevada,62.1,57,64,62.5,6.0,6.0,6,0.0,0.0,64.6,64.5,67.3,66.0,81.875,28.0,2.25,2.0,4,0.0,0
1.0,0.01,2.0,Idaho,62.1,54,73,61.0,4.9,5.0,7,0.7,3.0,69.1,70.0,83.8,85.5,28.0,28.0,25.2,26.0,30,17.4,18
1.0,0.1,0.5,Nevada,62.2,61,64,61.0,6.0,6.0,6,0.0,0.0,65.0,65.0,68.9,66.5,127.33333333333333,177.0,1.3333333333333333,1.0,2,0.0,0
0.5,0.1,2.0,North Carolina,62.2,54,95,54.0,25.2,24.0,31,0.0,0.0,107.4,102.0,125.9,122.0,120.6,115.0,5.7,6.0,8,5.2,8
0.5,0.05,2.0,Oregon,62.2,56,74,59.0,12.2,12.0,16,0.0,0.0,70.0,68.5,80.8,74.0,92.1,82.5,7.1,7.5,9,5.3,8
1.0,0.05,0.5,Tennessee,62.2,52,108,52.0,31.6,33.0,37,0.0,0.0,101.8,98.0,109.9,108.0,88.8,74.5,15.7,16.0,20,7.0,9
2.0,0.1,2.0,North Carolina,62.2,54,95,54.0,25.0,24.0,29,0.0,0.0,108.4,112.0,121.1,122.5,118.8,115.0,9.4,9.0,11,9.5,11
1.0,0.05,2.0,Indiana,62.3,54,68,66.0,52.3,52.5,56,0.0,0.0,67.8,68.0,71.0,70.0,87.2,92.0,23.1,23.0,28,15.4,18
0.5,0.01,2.0,Washington,62.4,60,72,60.0,11.9,11.5,14,0.4,4.0,82.3,72.0,93.6,87.0,65.2,73.0,12.1,11.5,20,7.1,9
0.5,0.1,2.0,Nevada,62.5,57,66,64.0,6.0,6.0,6,0.0,0.0,65.9,66.0,70.7,71.5,191.7,177.0,1.7,2.0,3,0.0,0
1.0,0.05,0.5,North Dakota,62.5,55,70,62.5,13.4,14.0,15,0.0,0.0,87.9,87.5,107.1,107.0,139.2,153.5,7.3,7.5,9,0.8,2
2.0,0.05,0.5,North Dakota,62.5,55,70,62.5,16.7,17.0,18,0.1,1.0,90.4,98.0,103.9,107.0,139.6,141.0,7.5,7.0,12,1.9,3
2.0,0.05,2.0,Nevada,62.6,57,66,64.0,6.0,6.0,6,0.0,0.0,68.2,66.0,74.5,75.0,104.22222222222223,140.0,2.888888888888889,3.0,4,0.0,0
2.0,0.01,0.5,Washington,62.7,58,77,60.0,12.0,11.5,14,0.2,1.0,78.7,80.0,84.8,87.0,53.0,28.0,13.0,13.5,16,8.2,12
1.0,0.01,0.5,Idaho,62.7,60,70,60.0,5.7,6.0,7,1.5,9.0,75.1,73.0,118.5,80.0,32.4,28.0,19.7,19.5,28,14.3,17
0.5,0.01,0.5,Minnesota,62.7,32,96,66.5,33.9,34.0,37,0.0,0.0,75.3,79.0,77.4,84.0,45.0,28.0,26.5,25.0,34,21.4,27
0.5,0.1,1.0,Nevada,62.8,57,66,64.0,6.0,6.0,6,0.0,0.0,66.8,66.0,71.4,72.0,65.28571428571429,28.0,1.5714285714285714,2.0,2,0.0,0
2.0,0.1,2.0,Nevada,62.8,51,66,64.0,6.0,6.0,6,0.0,0.0,66.7,66.0,70.6,71.0,150.5,177.0,2.1,2.0,5,0.0,0
0.5,0.01,2.0,Oklahoma,62.8,55,87,59.0,28.2,28.0,32,0.0,0.0,76.3,73.5,82.2,78.0,39.5,28.0,4.5,5.0,8,2.8,5
0.5,0.1,1.0,Indiana,62.9,54,68,66.0,47.4,47.0,50,0.0,0.0,67.2,66.0,71.4,68.0,94.9,93.0,19.0,20.0,23,13.0,15
0.5,0.25,1.0,Massachusetts,63.0,63,63,63.0,7.0,7.0,7,0.0,0.0,77.6,79.0,89.4,87.5,92.9,70.0,3.5,3.5,6,0.0,0
1.0,0.05,2.0,Massachusetts,63.0,63,63,63.0,7.0,7.0,7,0.0,0.0,89.9,79.0,116.0,115.5,128.55555555555554,128.0,2.0,2.0,4,0.0,0
1.0,0.25,0.5,Massachusetts,63.0,63,63,63.0,7.0,7.0,7,0.0,0.0,78.3,79.0,90.6,91.0,101.0,91.0,2.8,3.0,5,0.0,0
1.0,0.25,2.0,Massachusetts,63.0,63,63,63.0,7.0,7.0,7,0.0,0.0,79.0,79.0,92.3,91.0,78.8,70.0,3.1,3.0,5,0.0,0
2.0,0.25,1.0,Massachusetts,63.0,63,63,63.0,7.0,7.0,7,0.0,0.0,78.3,79.0,91.1,91.0,100.3,91.0,3.2,3.0,5,0.0,0
2.0,0.05,1.0,Massachusetts,63.0,63,63,63.0,7.0,7.0,7,0.0,0.0,84.2,79.0,105.3,115.0,133.1,123.0,2.3,2.0,4,0.0,0
0.5,0.25,2.0,Massachusetts,63.0,63,63,63.0,7.0,7.0,7,0.0,0.0,77.6,79.0,89.6,91.0,78.1,70.0,3.5,3.0,6,0.0,0
0.5,0.25,0.5,Massachusetts,63.0,63,63,63.0,7.0,7.0,7,0.0,0.0,77.6,79.0,88.0,87.5,101.5,88.5,2.6,2.0,5,0.0,0
1.0,0.25,1.0,Massachusetts,63.0,63,63,63.0,7.0,7.0,7,0.0,0.0,78.3,79.0,89.7,91.0,92.5,78.0,2.9,3.0,4,0.0,0
2.0,0.25,2.0,Massachusetts,63.0,63,63,63.0,7.0,7.0,7,0.0,0.0,77.6,79.0,86.3,84.0,84.0,86.0,3.4,4.0,4,0.0,0
2.0,0.25,0.5,Massachusetts,63.0,63,63,63.0,7.0,7.0,7,0.0,0.0,77.6,79.0,86.8,84.0,95.1,86.0,3.4,3.5,5,0.0,0
2.0,0.1,1.0,Massachusetts,63.0,63,63,63.0,7.0,7.0,7,0.0,0.0,79.0,79.0,107.5,115.0,189.7,91.0,2.0,2.0,4,0.0,0
1.0,0.1,0.5,Massachusetts,63.0,63,63,63.0,7.0,7.0,7,0.0,0.0,78.3,79.0,100.2,96.0,133.5,105.0,1.75,2.0,3,0.0,0
0.5,0.1,1.0,Massachusetts,63.0,63,63,63.0,6.5,6.5,7,0.0,0.0,77.6,79.0,95.4,96.0,102.0,91.0,2.2857142857142856,2.0,5,0.0,0
1.0,0.1,2.0,Massachusetts,63.0,63,63,63.0,7.0,7.0,7,0.0,0.0,80.0,79.0,99.8,96.0,114.2,99.0,2.2,2.0,4,0.0,0
2.0,0.1,0.5,Massachusetts,63.0,63,63,63.0,7.0,7.0,7,0.0,0.0,78.3,79.0,87.8,84.0,98.44444444444444,86.0,2.4444444444444446,3.0,4,0.0,0
1.0,0.1,1.0,Massachusetts,63.0,63,63,63.0,7.0,7.0,7,0.0,0.0,79.0,79.0,101.0,96.0,297.2,166.0,1.8,1.5,4,0.0,0
2.0,0.05,2.0,Massachusetts,63.0,63,63,63.0,6.9,7.0,7,0.0,0.0,79.0,79.0,111.1,113.0,100.11111111111111,92.0,2.0,2.0,3,0.1,1
0.5,0.01,2.0,South Dakota,63.0,50,97,56.0,34.2,34.5,36,0.0,0.0,77.8,88.0,83.3,91.0,92.4,87.0,6.7,7.0,8,3.6,5
2.0,0.05,1.0,Kentucky,63.0,60,80,60.0,44.1,44.5,49,0.1,1.0,76.3,80.0,83.8,83.0,74.7,76.0,24.8,23.0,33,11.7,15
1.0,0.01,2.0,Minnesota,63.0,41,85,65.0,42.1,42.5,48,0.0,0.0,71.8,79.0,76.6,82.5,37.7,28.0,41.8,42.0,50,25.9,30
0.5,0.1,0.5,Nevada,63.1,61,64,64.0,5.1,5.0,6,0.0,0.0,65.3,66.0,68.5,67.0,81.5,81.5,1.0,1.0,1,0.0,0
0.5,0.05,0.5,North Dakota,63.1,55,91,55.0,9.9,10.0,12,0.0,0.0,81.5,70.0,100.4,105.0,137.8,141.0,3.8,4.0,5,0.3,1
2.0,0.01,0.5,Iowa,63.1,31,93,65.5,34.0,34.0,38,1.1,6.0,72.8,72.0,80.3,80.0,34.9,28.0,95.0,94.5,115,47.9,50
2.0,0.1,0.5,Nevada,63.2,61,66,64.0,6.0,6.0,6,0.0,0.0,66.3,66.0,70.3,69.5,129.88888888888889,169.0,2.111111111111111,2.0,3,0.0,0
1.0,0.1,1.0,Nevada,63.2,57,66,64.0,6.0,6.0,6,0.0,0.0,66.3,66.0,71.7,72.0,153.0,177.0,2.1,2.0,3,0.0,0
2.0,0.1,1.0,Indiana,63.2,54,66,66.0,56.4,56.0,60,0.0,0.0,66.4,66.0,68.4,68.0,95.7,99.5,22.0,22.5,27,14.2,19
2.0,0.01,0.5,Idaho,63.3,54,80,61.0,5.6,5.5,8,1.5,6.0,74.1,71.0,87.6,90.5,28.0,28.0,24.1,24.5,30,15.9,18
0.5,0.25,2.0,Pennsylvania,63.4,54,68,67.5,50.0,51.0,53,0.0,0.0,69.4,69.0,72.0,73.0,69.2,74.0,34.2,34.5,42,10.5,15
2.0,0.25,1.0,Indiana,63.4,57,66,64.0,57.3,57.0,60,0.0,0.0,65.8,66.0,66.8,66.0,96.9,97.0,23.2,23.0,27,17.4,22
1.0,0.25,2.0,New York,63.4,53,73,69.0,11.5,12.0,15,3.6,10.0,74.5,74.5,81.6,83.0,28.0,28.0,196.6,195.0,220,39.7,45
2.0,0.25,2.0,New York,63.4,53,78,61.0,11.7,11.5,16,3.8,8.0,74.8,73.0,78.6,78.0,28.0,28.0,198.5,199.5,220,39.7,44
1.0,0.1,1.0,Georgia,63.5,52,86,55.0,42.1,42.0,45,0.0,0.0,76.9,75.5,84.4,86.0,151.8,146.0,3.0,3.0,5,2.2,4
1.0,0.05,1.0,Indiana,63.5,54,68,66.0,49.6,50.0,53,0.0,0.0,69.8,68.0,74.2,71.0,87.0,85.0,21.9,22.5,29,14.8,18
0.5,0.01,0.5,Iowa,63.5,31,91,71.5,26.6,27.0,34,1.7,9.0,74.0,73.5,79.8,79.0,50.9,38.0,65.4,65.0,72,38.3,43
1.0,0.1,0.5,Indiana,63.6,54,66,66.0,49.2,49.0,54,0.0,0.0,66.8,66.0,68.8,68.0,97.3,99.5,20.2,20.0,24,13.5,17
2.0,0.25,0.5,New York,63.6,53,76,63.0,11.1,11.0,14,4.0,9.0,77.5,76.0,82.9,86.0,28.0,28.0,196.9,196.0,225,40.1,45
1.0,0.05,2.0,Kentucky,63.7,47,80,60.0,44.5,45.0,48,0.0,0.0,74.3,80.0,84.4,87.0,72.8,76.0,25.8,25.5,33,11.7,17
0.5,0.05,1.0,Nevada,63.8,57,66,66.0,6.0,6.0,6,0.0,0.0,70.7,71.5,75.1,75.0,50.4,28.0,2.6,2.5,4,0.0,0
2.0,0.01,2.0,Nebraska,63.8,48,88,58.0,31.5,32.0,37,0.1,1.0,80.9,84.0,84.7,86.5,84.8,86.0,6.8,6.0,12,7.6,12
1.0,0.1,2.0,Nevada,63.9,61,66,64.0,6.0,6.0,6,0.0,0.0,66.6,66.0,72.3,71.5,184.0,169.0,1.8571428571428572,2.0,3,0.0,0
0.5,0.1,2.0,Maryland,63.9,62,81,62.0,10.6,10.5,14,0.0,0.0,87.2,92.0,102.7,103.5,71.0,64.0,12.1,12.5,15,2.4,5
2.0,0.01,1.0,South Dakota,63.9,50,88,62.5,38.4,38.5,42,0.0,0.0,76.7,79.0,83.1,88.0,92.4,96.0,10.7,10.5,13,4.1,6
0.5,0.01,1.0,Idaho,63.9,54,87,60.5,5.4,5.0,8,1.1,3.0,70.5,67.0,104.1,76.5,28.0,28.0,20.2,19.5,26,14.2,16
1.0,0.1,1.0,Indiana,63.9,54,68,66.0,50.8,52.0,56,0.0,0.0,67.2,67.0,69.5,69.0,86.9,92.0,21.9,22.5,26,15.7,20
1.0,0.01,2.0,South Dakota,64.1,46,100,54.0,38.3,39.0,42,0.0,0.0,78.4,87.0,80.7,88.0,83.0,97.5,9.0,8.5,13,4.6,8
0.5,0.05,2.0,Nevada,64.2,57,72,65.0,6.0,6.0,6,0.0,0.0,70.7,71.5,76.9,75.0,114.11111111111111,140.0,3.0,3.0,4,0.0,0
1.0,0.01,1.0,Minnesota,64.2,32,97,70.0,43.1,44.5,47,0.2,1.0,79.8,79.0,83.5,85.5,57.6,43.0,43.4,43.5,48,23.1,29
ALL,ALL,ALL,Kentucky,64.23333333333333,47,111,60.0,37.82222222222222,40.0,53,0.025,1.0,76.40555555555555,63.0,84.80277777777778,80.0,66.29166666666667,66.0,21.42222222222222,22.0,42,12.147222222222222,24
2.0,0.1,1.0,Florida,64.3,47,77,64.5,10.0,10.0,12,3.5,25.0,79.6,77.0,95.6,85.5,28.0,28.0,48.2,48.0,57,25.0,30
1.0,0.05,2.0,North Dakota,64.4,55,101,56.5,17.0,17.0,18,0.0,0.0,77.8,70.0,100.2,105.0,125.1,141.0,9.7,9.5,12,2.3,3
1.0,0.05,2.0,Utah,64.4,48,72,72.0,17.7,17.0,21,0.0,0.0,81.1,87.0,107.0,118.0,49.3,41.0,11.8,12.5,15,3.2,4
1.0,0.05,1.0,Nevada,64.5,57,72,66.0,6.0,6.0,6,0.0,0.0,70.8,72.0,75.1,78.0,119.66666666666667,169.0,2.3333333333333335,2.0,3,0.0,0
0.5,0.01,0.5,Washington,64.5,58,87,60.0,8.6,9.0,10,0.0,0.0,78.6,80.0,86.8,87.0,85.3,79.5,6.8,7.0,9,4.0,7
2.0,0.05,1.0,Oregon,64.5,59,84,61.5,12.7,12.0,16,0.0,0.0,73.5,72.0,81.3,78.0,103.1,82.5,6.4,6.0,9,6.4,8
0.5,0.01,2.0,Iowa,64.5,45,78,70.0,32.1,32.0,36,2.0,9.0,75.1,72.0,79.3,77.0,40.9,28.0,86.9,88.0,106,46.3,53
2.0,0.05,1.0,Nevada,64.6,61,66,64.5,5.9,6.0,6,0.0,0.0,70.8,69.0,75.9,78.0,116.77777777777777,140.0,3.111111111111111,3.0,6,0.0,0
1.0,0.05,1.0,Massachusetts,64.6,63,79,63.0,7.0,7.0,7,0.0,0.0,94.3,87.5,124.1,115.5,182.66666666666666,140.0,1.8888888888888888,2.0,4,0.0,0
0.5,0.05,2.0,Massachusetts,64.6,63,79,63.0,7.0,7.0,7,0.0,0.0,94.5,91.5,122.5,117.5,116.0,128.0,2.375,2.0,3,0.0,0
0.5,0.1,2.0,Massachusetts,64.6,63,79,63.0,7.0,7.0,7,0.0,0.0,82.2,79.0,102.2,96.0,229.7,166.0,1.7,2.0,3,0.0,0
0.5,0.1,0.5,Massachusetts,64.6,63,79,63.0,6.6,7.0,7,0.0,0.0,84.4,79.0,106.7,115.0,126.25,105.0,2.25,2.0,5,0.0,0
1.0,0.05,0.5,Massachusetts,64.6,63,79,63.0,6.8,7.0,7,0.1,1.0,92.6,79.0,116.7,116.0,176.2,214.0,1.1666666666666667,1.0,3,0.1,1
2.0,0.1,2.0,Massachusetts,64.6,63,79,63.0,6.9,7.0,7,0.0,0.0,82.4,79.0,106.0,113.0,313.875,214.0,1.375,1.0,3,0.1,1
0.5,0.05,1.0,Massachusetts,64.6,63,79,63.0,6.3,6.5,7,0.0,0.0,88.6,79.0,138.0,145.0,125.42857142857143,128.0,2.25,2.0,5,0.2,1
2.0,0.25,0.5,Pennsylvania,64.6,54,68,67.0,50.1,50.0,55,0.0,0.0,70.7,68.0,72.9,73.0,79.4,82.0,31.1,31.5,38,10.6,15
2.0,0.05,2.0,Kentucky,64.6,60,80,60.0,45.9,47.0,48,0.0,0.0,71.4,68.5,82.3,80.0,74.8,76.0,27.2,26.5,32,12.5,16
1.0,0.1,1.0,Florida,64.6,47,69,69.0,9.8,10.5,13,4.2,32.0,99.6,77.0,77.0,77.0,28.0,28.0,39.9,36.0,58,24.8,32
1.0,0.1,1.0,Maryland,64.7,62,89,62.0,11.0,11.0,12,0.0,0.0,90.5,97.0,102.8,106.0,74.5,77.0,14.1,13.5,19,2.5,4
1.0,0.1,1.0,North Carolina,64.8,54,95,54.0,24.4,24.0,27,0.0,0.0,108.7,112.0,122.6,122.5,131.6,129.0,6.6,6.0,11,6.3,9
0.5,0.1,0.5,Indiana,64.8,54,68,66.0,41.5,41.0,44,0.0,0.0,68.3,67.0,71.1,70.0,97.7,103.0,14.4,15.0,16,9.8,13
1.0,0.25,1.0,Pennsylvania,64.8,54,68,68.0,50.5,50.0,55,0.0,0.0,69.7,70.0,74.1,74.5,77.0,77.0,32.5,34.5,40,10.1,15
2.0,0.05,2.0,North Dakota,64.9,55,109,55.0,18.3,19.0,19,0.0,0.0,84.1,70.0,103.2,105.0,126.9,141.0,8.2,8.0,9,2.3,3
1.0,0.05,0.5,Kentucky,64.9,60,80,61.5,37.5,36.5,42,0.1,1.0,77.6,80.0,85.8,87.0,65.4,76.0,18.3,18.0,25,10.8,14
0.5,0.05,1.0,Indiana,64.9,54,72,66.0,44.5,45.5,48,0.0,0.0,70.7,68.0,80.7,79.0,65.6,85.0,20.6,21.0,25,12.0,15
0.5,0.05,2.0,Indiana,64.9,54,68,67.0,48.5,49.0,51,0.0,0.0,68.6,69.0,75.6,78.0,89.7,85.0,21.7,21.5,24,15.4,20
0.5,0.05,2.0,Kentucky,65.0,47,80,63.0,40.4,41.0,46,0.2,1.0,81.4,81.5,86.4,87.0,67.2,76.0,22.2,22.5,29,10.7,14
0.5,0.1,0.5,Florida,65.0,58,69,69.0,10.6,10.0,12,1.1,9.0,76.2,77.0,80.1,77.0,44.3,28.0,24.0,24.5,28,18.0,20
1.0,0.05,0.5,Nevada,65.1,61,66,66.0,6.0,6.0,6,0.0,0.0,70.5,72.0,75.0,78.0,117.4,177.0,1.7,2.0,3,0.0,0
2.0,0.1,0.5,Indiana,65.2,57,68,66.0,55.1,55.0,62,0.0,0.0,67.4,67.0,69.9,69.0,92.4,99.0,22.5,22.5,30,13.0,19
2.0,0.05,0.5,Nevada,65.3,61,72,65.0,5.9,6.0,6,0.0,0.0,69.2,68.5,75.9,72.0,125.9,154.5,2.4,2.5,4,0.0,0
0.5,0.1,2.0,Florida,65.3,47,77,69.0,10.8,11.5,14,2.8,24.0,79.4,77.0,91.4,77.0,28.0,28.0,35.9,33.5,54,23.2,30
0.5,0.05,0.5,Nevada,65.5,61,78,64.0,4.9,5.0,5,0.0,0.0,68.4,66.0,76.1,72.0,28.0,28.0,2.0,2.0,3,0.0,0
2.0,0.01,1.0,Idaho,65.5,54,94,63.0,5.6,5.5,8,3.7,8.0,87.2,85.5,110.1,98.0,28.0,28.0,24.4,24.0,33,16.7,19
2.0,0.25,2.0,Pennsylvania,65.6,54,68,67.5,51.9,51.0,56,0.0,0.0,69.3,69.0,71.9,71.5,79.2,77.5,29.5,30.5,37,8.7,14
1.0,0.01,0.5,Minnesota,65.7,32,79,70.0,37.0,36.5,43,1.3,5.0,82.6,81.0,85.5,84.0,57.7,53.5,38.8,39.5,44,24.1,30
1.0,0.01,1.0,California,65.7,55,97,55.0,3.4,3.5,5,3.2,25.0,83.0,55.0,81.125,79.0,28.0,28.0,88.3,89.5,99,28.8,31
1.0,0.05,0.5,Utah,65.8,48,72,72.0,17.0,17.0,20,0.0,0.0,85.5,87.0,112.6,118.0,46.3,28.0,10.1,10.0,13,2.0,4
1.0,0.05,2.0,Nevada,65.9,61,72,65.0,5.9,6.0,6,0.0,0.0,71.2,71.5,75.6,78.0,112.33333333333333,140.0,2.7777777777777777,3.0,4,0.0,0
0.5,0.1,1.0,North Carolina,65.9,54,95,54.0,19.2,19.5,22,0.0,0.0,107.7,102.0,126.0,122.5,127.55555555555556,115.0,2.8,3.0,5,3.7,6
2.0,0.1,0.5,North Carolina,65.9,54,95,54.0,25.5,25.5,29,0.0,0.0,107.7,102.0,122.9,122.0,122.6,115.0,6.8,7.0,10,6.5,8
2.0,0.01,2.0,Washington,65.9,60,107,60.0,12.3,12.0,15,0.0,0.0,80.7,76.0,92.6,87.0,87.0,86.0,11.1,11.0,14,7.7,10
0.5,0.25,0.5,Pennsylvania,65.9,54,68,68.0,46.3,46.0,51,0.0,0.0,70.8,70.0,73.4,74.5,77.7,75.5,22.2,22.5,29,10.4,14
0.5,0.01,0.5,Idaho,66.0,43,73,69.0,5.0,4.5,8,2.0,6.0,76.4,80.0,88.8,91.0,35.9,28.0,16.0,16.0,23,13.5,16
1.0,0.05,0.5,Indiana,66.1,57,68,67.0,45.9,46.0,50,0.0,0.0,70.3,70.0,78.0,79.0,83.7,85.0,20.1,20.5,23,12.3,15
0.5,0.05,0.5,Massachusetts,66.2,63,79,63.0,6.5,6.5,7,0.0,0.0,90.3,79.0,128.8,139.0,129.85714285714286,140.0,2.0,2.0,3,0.0,0
2.0,0.05,2.0,Indiana,66.2,54,68,68.0,54.1,55.0,59,0.0,0.0,69.8,70.0,77.2,79.0,65.6,85.0,24.7,23.5,32,13.9,19
2.0,0.25,1.0,Pennsylvania,66.3,54,68,68.0,51.1,51.5,54,0.0,0.0,71.7,71.5,75.5,76.0,79.5,78.0,32.2,32.5,42,9.7,13
1.0,0.1,0.5,Georgia,66.4,52,75,75.0,36.7,37.0,40,0.0,0.0,77.7,77.5,85.2,86.0,134.4,146.0,2.7,2.5,5,1.6,3
1.0,0.1,0.5,Maryland,66.4,62,106,62.0,10.5,10.0,12,0.1,1.0,85.5,87.0,98.6,100.0,73.7,64.5,11.5,12.0,17,2.4,4
2.0,0.1,2.0,Maryland,66.4,62,106,62.0,10.1,10.0,12,0.1,1.0,84.2,88.5,105.9,106.0,69.1,64.5,13.0,12.5,19,3.5,5
2.0,0.05,0.5,Indiana,66.4,58,70,67.0,52.2,52.5,57,0.0,0.0,72.4,69.0,76.2,71.0,67.7,85.0,20.5,19.5,28,14.5,18
1.0,0.1,2.0,Florida,66.4,47,77,69.0,9.8,10.0,14,3.6,33.0,110.0,77.0,80.11111111111111,77.0,28.0,28.0,46.5,46.0,60,25.4,33
2.0,0.01,1.0,Arizona,66.5,43,73,66.0,7.8,8.0,9,0.0,0.0,74.5,73.0,83.0,79.0,28.0,28.0,14.0,13.5,18,3.1,5
0.5,0.1,2.0,Georgia,66.6,52,90,65.0,39.6,40.0,42,0.0,0.0,82.4,84.5,92.5,97.0,139.9,146.0,3.7,4.0,6,1.4,3
2.0,0.01,2.0,Arizona,66.6,43,90,69.5,8.4,8.5,9,0.2,2.0,77.1,73.0,81.3,76.0,28.0,28.0,17.3,17.5,21,2.3,4
0.5,0.05,0.5,Indiana,66.6,64,68,66.0,37.8,37.0,42,0.0,0.0,72.6,68.0,79.0,80.0,95.3,95.0,13.5,13.5,18,9.9,14
2.0,0.1,2.0,Pennsylvania,66.6,54,68,68.0,50.0,50.0,54,0.0,0.0,78.8,76.5,83.8,85.0,88.4,92.0,24.8,24.0,32,10.2,15
ALL,ALL,ALL,Oregon,66.79444444444445,54,224,59.0,10.922222222222222,11.0,16,0.025,3.0,80.06388888888888,65.0,97.8050139275766,73.0,114.40782122905028,87.0,5.858333333333333,6.0,12,5.597222222222222,9
0.5,0.05,0.5,Utah,66.8,48,72,72.0,8.1,8.0,9,0.0,0.0,84.0,87.0,109.5,118.0,44.1,28.0,7.4,7.5,11,0.6,2
0.5,0.05,2.0,Utah,66.8,48,72,72.0,18.3,18.0,21,0.0,0.0,84.0,87.0,107.2,118.0,59.2,80.0,10.4,11.0,13,2.8,4
2.0,0.1,0.5,Florida,66.9,59,77,69.0,9.9,10.0,12,0.5,5.0,73.7,77.0,77.9,77.0,28.0,28.0,41.6,41.0,54,24.8,27
ALL,ALL,ALL,Nevada,67.01388888888889,51,129,64.0,5.652777777777778,6.0,6,0.0,0.0,74.44444444444444,66.0,88.61944444444444,72.0,139.49295774647888,169.0,1.9964788732394365,2.0,6,0.0,0
1.0,0.25,1.0,New York,67.1,53,78,69.0,11.5,11.5,15,2.0,8.0,75.4,73.0,82.9,86.0,28.0,28.0,198.2,194.5,239,40.0,45
2.0,0.01,0.5,Arizona,67.2,43,73,69.5,8.3,8.5,10,0.0,0.0,74.6,73.0,77.0,76.0,28.0,28.0,14.2,14.5,20,2.4,4
2.0,0.1,2.0,Georgia,67.2,52,90,65.0,52.5,52.0,56,0.0,0.0,83.6,86.0,90.8,93.0,156.1,115.0,4.8,5.0,8,3.2,5
2.0,0.05,1.0,Indiana,67.2,66,68,68.0,52.2,51.0,58,0.0,0.0,69.2,70.0,75.4,75.5,71.5,85.0,24.3,24.5,29,15.4,20
0.5,0.25,0.5,New York,67.2,53,78,71.0,10.6,10.0,16,2.6,9.0,76.6,76.0,82.0,86.0,28.0,28.0,150.7,150.0,169,38.1,42
1.0,0.25,0.5,Pennsylvania,67.3,65,68,68.0,49.8,51.0,54,0.0,0.0,71.0,71.5,74.4,74.5,79.3,77.0,36.6,37.0,45,9.8,13
2.0,0.01,0.5,Minnesota,67.3,51,79,66.5,39.0,38.5,43,0.2,1.0,72.9,70.5,75.8,75.5,65.2,81.5,41.7,41.0,51,27.5,32
1.0,0.1,0.5,Pennsylvania,67.4,65,68,68.0,48.1,48.0,54,0.0,0.0,75.8,73.0,80.2,81.0,82.5,78.5,27.8,27.0,34,9.4,14
1.0,0.25,2.0,Pennsylvania,67.4,65,68,68.0,51.2,52.0,53,0.0,0.0,70.4,70.0,74.4,73.0,83.9,83.5,31.8,31.5,41,9.5,13
1.0,0.05,1.0,North Dakota,67.5,55,105,70.0,16.7,16.0,19,0.0,0.0,88.3,91.0,106.0,105.0,125.3,141.5,8.0,8.5,11,1.0,3
0.5,0.05,1.0,Florida,67.5,47,77,69.0,11.5,11.5,15,0.4,4.0,77.1,77.0,83.5,77.0,64.8,83.0,24.8,26.5,32,20.5,23
2.0,0.1,2.0,Florida,67.5,47,77,69.0,11.0,11.5,14,2.6,26.0,84.9,77.0,90.1,77.0,33.6,28.0,45.3,44.5,64,24.0,30
0.5,0.1,1.0,Pennsylvania,67.6,65,68,68.0,46.7,46.5,50,0.0,0.0,75.8,74.5,80.6,80.0,85.1,92.0,26.7,26.5,37,10.3,13
0.5,0.01,0.5,South Dakota,67.7,50,87,71.0,22.3,22.0,25,0.0,0.0,80.0,87.5,82.4,89.5,94.3,97.5,3.7,3.5,6,2.1,4
2.0,0.05,0.5,Massachusetts,67.8,63,79,63.0,7.0,7.0,7,0.0,0.0,92.6,79.0,124.4,116.0,228.5,214.0,1.875,1.0,5,0.0,0
0.5,0.25,1.0,Pennsylvania,67.8,67,68,68.0,49.4,49.5,52,0.0,0.0,70.2,70.0,74.2,73.0,79.1,74.0,33.9,33.5,42,9.6,12
2.0,0.1,1.0,Pennsylvania,67.8,67,68,68.0,49.6,50.0,52,0.0,0.0,75.8,76.0,81.9,82.0,90.7,92.0,24.2,24.5,29,10.7,13
2.0,0.01,2.0,Idaho,67.8,60,109,64.0,5.5,5.5,9,1.6,6.0,79.7,73.0,96.8,91.0,28.0,28.0,21.6,21.0,28,16.8,20
1.0,0.01,1.0,Arizona,67.9,43,73,73.0,7.7,8.0,9,0.0,0.0,77.9,73.0,84.0,76.0,28.0,28.0,14.6,14.0,21,2.3,4
0.5,0.01,0.5,Nebraska,67.9,48,84,66.5,14.8,15.0,20,0.0,0.0,80.8,84.0,87.3,88.5,75.5,60.0,3.5,4.0,6,2.9,6
1.0,0.01,2.0,Nebraska,67.9,48,84,75.5,32.1,32.0,37,0.0,0.0,79.6,86.0,87.7,89.5,88.5,88.0,5.0,4.5,11,5.7,8
2.0,0.1,0.5,Pennsylvania,67.9,67,68,68.0,50.2,50.0,53,0.0,0.0,76.5,74.5,83.9,87.0,90.2,92.0,25.4,25.5,34,9.9,12
0.5,0.1,2.0,Pennsylvania,67.9,67,68,68.0,49.6,49.0,53,0.0,0.0,76.2,76.0,85.2,85.0,87.4,92.0,26.6,25.0,38,10.2,13
1.0,0.1,1.0,Pennsylvania,67.9,67,68,68.0,49.9,50.0,54,0.0,0.0,74.3,74.5,80.5,78.5,89.1,92.0,26.5,26.5,38,10.4,14
0.5,0.1,0.5,Pennsylvania,67.9,67,68,68.0,43.2,43.0,49,0.0,0.0,76.6,76.0,82.8,85.0,88.1,92.0,16.6,14.5,27,10.9,14
1.0,0.05,2.0,Pennsylvania,67.9,67,68,68.0,46.5,45.5,53,0.0,0.0,83.9,87.0,93.6,92.0,92.0,92.0,23.9,24.5,29,12.5,17
0.5,0.1,1.0,Florida,67.9,60,77,69.0,9.8,10.0,12,0.0,0.0,73.9,77.0,77.9,77.0,49.8,28.0,30.8,31.0,36,22.4,25
ALL,ALL,ALL,Florida,67.99444444444444,47,154,69.0,9.569444444444445,10.0,17,2.7777777777777777,33.0,86.78055555555555,77.0,103.58543417366947,80.0,37.355555555555554,28.0,36.625,36.0,71,23.352777777777778,33
2.0,0.05,0.5,Pennsylvania,68.0,68,68,68.0,47.5,47.0,52,0.0,0.0,83.8,84.5,91.1,94.5,90.6,92.0,24.9,25.0,34,11.3,15
1.0,0.1,2.0,Pennsylvania,68.0,68,68,68.0,48.9,48.5,51,0.0,0.0,75.1,74.5,81.2,80.5,89.3,92.0,26.1,25.5,34,11.3,14
2.0,0.05,2.0,Pennsylvania,68.0,68,68,68.0,47.4,47.0,51,0.0,0.0,81.8,85.0,90.2,92.0,88.8,92.0,24.5,23.5,32,11.6,13
0.5,0.05,0.5,Pennsylvania,68.0,68,68,68.0,39.0,39.5,43,0.0,0.0,84.5,85.0,92.2,90.5,89.2,92.0,16.2,15.0,27,12.0,16
2.0,0.1,1.0,Georgia,68.1,52,79,75.0,51.8,51.5,55,0.0,0.0,80.2,82.5,86.4,88.0,124.8,115.0,4.4,4.5,7,4.0,6
0.5,0.05,0.5,Kentucky,68.1,47,80,63.0,26.1,26.0,29,0.0,0.0,80.4,80.0,86.6,87.0,87.8,98.0,7.8,7.0,13,5.6,9
2.0,0.05,1.0,Florida,68.1,47,77,69.0,12.4,12.5,17,2.8,17.0,80.4,77.0,96.0,94.0,28.0,28.0,45.7,45.5,60,22.5,29
1.0,0.05,1.0,Utah,68.2,48,72,72.0,16.9,17.0,18,0.0,0.0,85.5,87.0,113.2,118.0,51.9,43.5,11.9,12.5,15,3.7,5
ALL,ALL,ALL,Indiana,68.43055555555556,54,112,66.0,48.861111111111114,50.0,62,0.005555555555555556,2.0,74.97777777777777,68.0,80.31944444444444,70.0,89.73333333333333,95.0,19.211111111111112,19.0,32,12.875,22
1.0,0.05,0.5,Pennsylvania,68.5,68,73,68.0,47.2,47.0,49,0.0,0.0,82.4,85.0,90.5,90.5,87.8,92.0,26.2,24.5,37,9.1,11
0.5,0.01,2.0,Arizona,68.6,43,73,73.0,7.5,7.0,9,0.0,0.0,75.4,73.0,79.4,76.0,28.0,28.0,15.0,14.5,19,2.3,4
2.0,0.05,0.5,Vermont,68.6,39,123,39.0,7.0,7.0,9,3.4,7.0,120.3,122.0,138.8,139.0,28.0,28.0,12.6,13.0,19,6.5,9
2.0,0.05,2.0,Florida,68.6,59,77,69.0,11.8,12.0,15,1.2,7.0,76.2,77.0,84.3,77.0,28.0,28.0,48.4,49.0,53,23.2,27
1.0,0.25,0.5,New York,68.7,53,80,72.5,12.8,13.0,16,2.7,10.0,77.7,78.0,80.6,81.0,28.0,28.0,190.2,186.5,217,38.6,44
ALL,ALL,ALL,Utah,68.70277777777778,48,172,58.0,15.833333333333334,17.0,21,0.022222222222222223,1.0,92.55555555555556,87.0,117.95555555555555,101.0,66.54722222222222,28.0,11.119444444444444,11.0,20,2.675,7
2.0,0.1,0.5,Georgia,68.8,55,76,75.0,47.2,46.5,51,0.0,0.0,80.4,79.0,87.5,88.0,104.0,92.0,5.6,6.0,8,4.5,6
0.5,0.05,1.0,Pennsylvania,68.8,68,76,68.0,44.5,45.0,47,0.0,0.0,82.0,84.5,90.2,89.0,94.4,92.0,22.1,21.5,26,10.5,13
0.5,0.05,2.0,Florida,68.8,60,77,69.0,11.1,11.0,14,0.5,4.0,76.6,77.0,84.5,77.0,28.0,28.0,31.2,29.5,40,22.9,27
0.5,0.25,1.0,New York,68.8,53,80,71.0,11.1,11.0,14,1.7,7.0,78.2,78.0,83.0,84.0,28.0,28.0,183.6,177.5,215,39.9,45
1.0,0.1,2.0,Georgia,68.9,52,86,75.0,49.3,49.0,51,0.1,1.0,79.7,82.5,87.6,96.0,137.3,146.0,3.6,3.0,6,3.6,5
0.5,0.01,1.0,Washington,68.9,58,107,60.0,10.3,10.5,14,0.0,0.0,81.4,83.5,92.7,88.5,89.8,86.0,8.5,7.0,13,6.0,8
1.0,0.05,0.5,Florida,68.9,47,77,69.0,11.2,11.0,14,1.5,12.0,77.0,77.0,87.7,78.5,56.9,55.5,29.8,28.5,41,21.9,26
1.0,0.01,2.0,Nevada,69.0,66,78,66.0,5.7,6.0,6,0.0,0.0,79.0,79.0,125.6,121.5,153.33333333333334,169.0,2.2222222222222223,3.0,3,0.0,0
1.0,0.01,2.0,Arizona,69.0,43,73,73.0,8.8,9.0,10,0.0,0.0,71.9,73.0,75.6,76.0,28.0,28.0,15.1,15.0,21,2.1,3
0.5,0.05,1.0,Kentucky,69.0,47,87,71.5,34.8,35.0,38,0.1,1.0,82.4,83.5,87.0,88.0,85.6,98.0,14.9,14.0,22,9.4,14
2.0,0.05,1.0,Utah,69.2,58,72,72.0,18.5,18.0,20,0.0,0.0,87.1,87.0,110.8,118.0,43.6,28.0,12.1,11.5,16,3.1,4
2.0,0.05,2.0,Utah,69.2,58,72,72.0,17.0,17.0,19,0.0,0.0,87.1,87.0,110.8,118.0,57.1,69.5,13.3,13.0,16,3.9,5
2.0,0.01,2.0,South Dakota,69.3,50,93,62.5,38.7,39.0,42,0.0,0.0,74.8,73.0,78.7,87.0,88.6,92.0,11.1,11.0,17,4.7,7
2.0,0.05,0.5,Florida,69.4,59,77,69.0,9.6,9.5,14,2.0,16.0,80.0,77.0,92.1,85.5,28.0,28.0,39.0,39.0,53,24.4,27
1.0,0.01,1.0,Iowa,69.4,45,90,70.5,31.0,31.0,35,1.1,9.0,75.2,73.0,80.8,80.0,44.1,28.0,88.1,87.5,107,48.9,54
0.5,0.25,2.0,New York,70.2,53,86,77.0,11.4,11.5,17,3.2,13.0,78.6,79.5,91.7,82.0,28.0,28.0,203.7,197.0,233,40.1,49
2.0,0.01,1.0,Nebraska,70.4,48,88,77.0,33.3,33.5,37,0.0,0.0,86.0,86.5,92.4,96.0,100.6,101.0,5.8,5.5,12,6.1,8
2.0,0.25,1.0,New York,70.4,53,76,73.0,12.8,13.0,17,1.0,8.0,76.3,76.0,82.6,82.0,28.0,28.0,188.9,186.5,212,38.4,43
2.0,0.05,1.0,Vermont,70.5,39,122,62.0,7.8,7.5,12,3.7,6.0,125.9,122.0,137.7,143.0,28.0,28.0,12.5,13.5,17,5.7,9
1.0,0.05,1.0,Pennsylvania,70.5,68,85,68.0,47.8,47.5,53,0.0,0.0,82.3,84.5,89.4,92.0,91.9,92.0,23.2,22.0,36,10.9,14
0.5,0.01,1.0,Iowa,70.6,70,73,70.0,31.3,30.5,37,0.0,0.0,74.2,73.0,79.9,80.0,85.3,86.0,72.7,71.5,79,41.3,52
2.0,0.05,0.5,Georgia,70.7,55,90,69.0,44.1,44.0,48,0.1,1.0,87.5,88.0,95.2,96.0,136.2,131.0,4.4,4.5,7,3.2,6
2.0,0.1,0.5,Maryland,70.8,62,106,62.0,10.6,10.5,13,0.0,0.0,94.3,97.0,105.5,105.0,77.5,64.0,14.3,14.5,17,2.7,4
1.0,0.1,2.0,Maryland,70.8,62,106,62.0,10.7,11.0,12,0.0,0.0,89.3,97.0,108.3,112.0,82.0,71.0,12.9,11.5,24,3.3,5
1.0,0.01,1.0,Idaho,70.8,54,97,64.0,6.1,6.5,9,3.0,6.0,85.6,80.0,97.1,95.5,37.9,28.0,21.0,21.0,27,15.4,19
0.5,0.05,2.0,Pennsylvania,71.0,68,85,68.0,46.3,47.5,50,0.0,0.0,83.4,85.0,90.9,89.0,93.4,92.0,25.8,25.0,34,12.4,16
0.5,0.05,1.0,Utah,71.1,48,87,72.0,15.1,15.5,18,0.0,0.0,93.1,87.0,116.4,118.0,71.0,80.0,8.0,8.5,10,1.1,3
1.0,0.01,0.5,South Dakota,71.1,50,95,77.5,31.8,31.5,38,0.0,0.0,85.7,88.0,88.3,91.0,100.7,101.0,6.6,7.0,11,2.6,5
1.0,0.01,0.5,Iowa,71.1,70,78,70.0,32.8,31.0,40,0.0,0.0,77.8,73.5,81.9,79.0,40.3,28.0,71.6,73.5,84,42.8,46
1.0,0.05,1.0,Florida,71.2,59,77,69.0,11.0,10.5,15,0.3,3.0,76.2,77.0,85.8,87.0,28.0,28.0,33.5,34.0,38,23.5,27
0.5,0.01,1.0,South Dakota,71.3,50,88,71.0,28.7,29.0,31,0.0,0.0,85.4,88.0,91.6,91.0,112.1,113.0,4.4,5.0,7,3.0,5
0.5,0.01,2.0,Nebraska,71.5,48,96,69.0,24.0,24.5,28,0.0,0.0,84.2,86.5,90.3,94.5,92.9,95.5,3.6,3.0,8,4.9,8
1.0,0.01,0.5,Arizona,71.6,66,73,73.0,7.3,7.0,9,0.0,0.0,74.3,73.0,77.2,76.0,28.0,28.0,10.9,11.0,17,2.3,3
1.0,0.01,2.0,Wyoming,71.7,60,105,65.0,9.4,10.0,10,0.0,0.0,93.0,87.5,120.2,128.0,149.42857142857142,107.0,1.4285714285714286,1.0,3,0.0,0
0.5,0.01,0.5,Wisconsin,71.8,48,91,72.0,24.8,25.5,29,0.1,1.0,81.4,85.5,86.2,88.0,31.5,28.0,44.6,45.0,51,30.1,33
0.5,0.05,0.5,Florida,72.1,60,77,73.0,10.4,10.5,12,0.9,5.0,78.7,77.0,92.1,94.0,65.9,84.0,18.6,19.0,23,18.1,20
1.0,0.05,0.5,Vermont,72.2,39,113,66.5,7.8,7.5,11,2.7,6.0,115.3,118.0,128.4,125.5,28.0,28.0,10.5,10.5,16,5.7,9
2.0,0.05,1.0,Pennsylvania,72.2,68,85,68.0,48.8,47.5,54,0.0,0.0,89.3,90.5,92.5,93.0,98.0,92.0,22.5,22.5,28,10.2,14
2.0,0.01,2.0,Wisconsin,72.4,60,95,65.0,34.7,34.5,39,0.2,1.0,80.9,84.5,86.4,87.0,45.2,28.0,67.7,68.0,75,28.6,33
0.5,0.01,2.0,Idaho,72.6,60,97,73.0,5.2,5.0,8,1.9,4.0,81.2,80.0,91.5,91.0,36.9,28.0,22.4,22.5,24,16.5,19
ALL,ALL,ALL,New Jersey,72.69444444444444,42,398,42.0,7.294444444444444,8.0,9,0.0,0.0,159.1699164345404,141.0,177.24788732394367,147.0,332.0,332.0,0.05405405405405406,0.0,1,0.09722222222222222,1
0.5,0.01,2.0,Minnesota,72.7,56,97,70.0,42.4,43.5,50,0.0,0.0,78.7,82.0,81.3,86.0,79.8,86.5,42.9,43.5,49,22.9,33
1.0,0.05,0.5,Georgia,72.8,52,90,75.0,30.4,30.0,33,0.0,0.0,88.9,93.0,98.8,100.0,158.22222222222223,156.0,2.3,2.0,5,1.7,3
0.5,0.01,0.5,Arizona,73.0,73,73,73.0,7.5,7.0,9,0.0,0.0,75.8,75.5,78.8,76.0,28.0,28.0,8.5,8.5,12,1.7,2
1.0,0.05,2.0,Florida,73.0,69,77,73.0,10.5,11.0,12,0.0,0.0,77.0,77.0,85.5,85.5,28.0,28.0,43.4,42.5,52,24.6,28
2.0,0.01,1.0,Washington,73.1,58,106,72.0,11.6,11.0,15,0.1,1.0,81.9,83.5,94.4,89.0,70.6,57.0,10.1,10.0,13,7.5,11
2.0,0.01,2.0,Michigan,73.1,59,90,74.0,40.1,39.5,45,0.0,0.0,86.2,81.5,94.4,90.0,126.6,148.0,13.5,13.0,19,13.9,18
ALL,ALL,ALL,North Dakota,73.15833333333333,53,167,55.0,15.222222222222221,16.0,23,0.002777777777777778,1.0,91.725,70.0,113.33704735376044,105.0,128.74220963172806,141.0,7.117977528089888,8.0,13,1.2305555555555556,5
1.0,0.01,0.5,Nevada,73.2,66,86,72.0,4.7,4.5,6,0.0,0.0,101.0,90.5,125.4,139.5,103.8,84.0,2.4,2.0,4,0.0,0
1.0,0.01,1.0,Washington,73.3,58,107,60.0,11.7,11.0,17,0.0,0.0,85.2,80.0,101.7,87.0,80.4,82.0,11.7,12.0,16,7.5,10
0.5,0.01,1.0,Missouri,73.8,58,95,65.0,36.2,37.0,41,0.0,0.0,92.2,93.5,98.5,97.5,150.8,106.0,5.7,6.5,9,2.7,7
2.0,0.01,1.0,Wisconsin,73.8,50,91,73.5,32.3,33.5,36,0.2,1.0,84.1,84.0,88.3,88.0,40.3,28.0,67.1,66.0,81,29.6,34
ALL,ALL,ALL,Georgia,73.94444444444444,51,112,75.0,36.41111111111111,37.0,58,0.013888888888888888,1.0,88.88333333333334,90.0,100.36944444444444,98.0,164.13855421686748,146.0,3.552023121387283,3.0,12,2.5194444444444444,8
1.0,0.01,0.5,Nebraska,74.0,48,84,84.0,21.5,21.5,26,0.0,0.0,87.5,86.5,94.4,94.5,111.77777777777777,101.0,2.9,3.0,5,3.2,6
1.0,0.05,2.0,Georgia,74.0,55,90,75.0,46.3,47.0,50,0.0,0.0,91.4,91.0,102.4,101.0,215.1,178.0,3.6,3.0,7,3.7,7
2.0,0.25,0.5,Virginia,74.2,60,99,60.0,32.3,32.5,34,0.1,1.0,91.4,94.0,99.0,100.0,98.1,91.5,10.7,10.5,14,3.9,5
2.0,0.05,0.5,North Carolina,74.5,54,95,74.5,25.0,24.5,28,0.0,0.0,134.1,122.5,163.1,166.0,118.8,115.0,5.3,5.5,7,4.5,7
1.0,0.1,0.5,New York,74.5,53,90,78.0,12.3,13.0,17,1.6,8.0,83.8,86.0,86.5,86.0,28.0,28.0,186.0,180.0,218,38.0,43
0.5,0.25,0.5,West Virginia,74.8,66,77,77.0,7.0,7.0,8,0.0,0.0,91.0,91.0,130.6,130.0,97.9,97.0,5.5,5.5,8,0.3,1
0.5,0.25,2.0,West Virginia,74.8,66,77,77.0,12.2,12.0,14,0.0,0.0,91.0,91.0,130.6,130.0,96.8,97.0,6.8,6.0,11,3.1,5
2.0,0.01,1.0,Wyoming,74.9,57,86,79.0,9.1,9.0,10,0.0,0.0,102.0,102.0,142.0,138.5,109.0,107.0,1.875,2.0,3,0.0,0
0.5,0.1,1.0,Georgia,74.9,55,90,75.0,30.3,30.0,35,0.0,0.0,90.8,96.0,95.3,99.0,134.3,146.0,1.9,2.0,3,1.7,4
1.0,0.01,2.0,Wisconsin,74.9,48,92,77.0,31.9,31.5,35,0.2,1.0,82.0,86.5,87.1,91.0,38.5,28.0,66.0,66.5,80,30.2,32
2.0,0.01,0.5,Nebraska,75.0,48,85,80.5,28.0,27.5,32,0.0,0.0,83.5,84.5,89.1,90.5,87.9,80.5,4.9,5.5,7,6.7,10
1.0,0.1,1.0,New York,75.0,53,86,77.0,10.3,10.0,15,0.7,3.0,85.6,86.0,89.1,90.0,28.0,28.0,188.9,187.0,210,40.5,44
0.5,0.1,0.5,Georgia,75.1,55,90,75.0,24.5,25.0,26,0.0,0.0,90.2,93.0,95.9,98.0,154.33333333333334,156.0,1.7,2.0,3,1.6,3
0.5,0.1,1.0,Maryland,75.2,62,106,62.0,10.9,11.0,13,0.2,1.0,91.0,97.0,106.8,106.0,82.2,64.0,11.5,13.0,17,1.6,3
2.0,0.25,2.0,Virginia,75.2,60,99,60.0,34.5,35.0,37,0.0,0.0,94.4,99.5,102.7,101.0,111.6,130.0,9.1,9.0,11,4.3,7
0.5,0.01,1.0,Wyoming,75.3,60,105,62.5,4.3,4.0,6,0.0,0.0,100.9,103.5,128.88888888888889,138.0,107.0,107.0,1.0,1.0,1,0.0,0
1.0,0.25,2.0,Virginia,75.6,60,99,60.0,33.5,33.0,37,0.1,1.0,97.5,97.5,101.9,101.0,99.4,108.0,9.9,9.5,12,4.3,5
0.5,0.25,1.0,West Virginia,75.9,66,77,77.0,9.3,9.0,10,0.0,0.0,91.0,91.0,130.6,130.0,98.9,97.0,5.9,6.0,8,1.6,3
1.0,0.25,2.0,West Virginia,75.9,66,77,77.0,13.5,13.5,15,0.0,0.0,91.0,91.0,130.6,130.0,101.2,100.5,5.7,6.5,8,2.4,3
1.0,0.1,1.0,West Virginia,75.9,66,77,77.0,11.5,11.5,14,0.0,0.0,91.0,91.0,131.6,132.0,96.2,96.0,8.6,8.5,11,2.4,4
2.0,0.25,1.0,West Virginia,75.9,66,77,77.0,13.7,14.0,15,0.0,0.0,91.0,91.0,130.2,130.0,100.1,100.5,7.8,7.5,10,2.6,4
2.0,0.1,0.5,New York,75.9,53,86,79.0,11.8,11.5,19,0.5,2.0,84.5,86.0,88.2,86.0,28.0,28.0,188.0,188.0,207,39.2,43
1.0,0.25,0.5,South Carolina,76.0,76,76,76.0,14.4,14.5,16,0.0,0.0,82.2,83.0,97.0,84.0,28.0,28.0,7.9,8.0,11,0.1,1
1.0,0.25,1.0,South Carolina,76.0,76,76,76.0,17.4,17.5,19,0.0,0.0,81.5,83.0,96.4,84.0,41.1,28.0,7.9,8.0,11,1.2,2
2.0,0.25,0.5,South Carolina,76.0,76,76,76.0,18.1,18.0,20,0.0,0.0,81.6,83.0,99.5,84.0,55.7,28.0,9.2,9.5,12,1.6,3
2.0,0.25,1.0,South Carolina,76.0,76,76,76.0,18.3,18.0,19,0.0,0.0,81.6,83.0,105.0,84.0,67.3,86.0,11.6,11.5,15,1.9,3
1.0,0.25,2.0,South Carolina,76.0,76,76,76.0,16.8,17.0,18,0.0,0.0,82.3,83.5,116.0,116.0,65.8,86.0,9.9,10.0,12,2.0,3
2.0,0.25,2.0,South Carolina,76.0,76,76,76.0,17.5,17.0,19,0.0,0.0,80.9,83.0,98.6,84.0,35.3,28.0,13.6,14.0,16,2.2,4
2.0,0.05,1.0,Georgia,76.1,52,86,75.0,46.1,46.0,48,0.2,1.0,86.5,88.0,97.5,100.0,148.6,115.0,4.0,4.0,6,4.2,8
2.0,0.01,0.5,Florida,76.2,69,77,77.0,9.6,9.0,13,2.4,6.0,110.8,101.0,124.1,107.0,28.0,28.0,35.0,35.5,41,22.6,25
0.5,0.01,2.0,Wisconsin,76.2,60,92,73.5,31.3,31.0,34,0.1,1.0,87.2,90.0,91.5,94.5,32.5,28.0,74.2,75.5,86,29.9,33
2.0,0.1,1.0,New York,76.2,53,90,81.0,9.6,9.0,13,1.4,8.0,86.8,88.0,91.4,91.0,28.0,28.0,183.0,177.5,217,41.5,43
1.0,0.01,2.0,Missouri,76.3,61,112,65.0,57.5,57.0,65,0.0,0.0,92.3,88.0,99.6,97.5,129.8,121.0,7.6,7.0,13,5.7,10
2.0,0.01,0.5,Ohio,76.3,48,118,68.0,49.0,49.5,51,0.0,0.0,106.6,104.5,114.2,107.0,138.7,130.0,14.3,14.0,19,11.6,15
2.0,0.01,2.0,Missouri,76.4,61,97,75.5,60.9,61.0,66,0.0,0.0,84.5,86.5,94.3,94.0,112.7,119.5,7.3,7.5,10,7.5,10
0.5,0.1,0.5,New York,76.4,53,86,79.0,8.9,9.0,13,1.2,6.0,85.3,86.0,90.2,91.0,28.0,28.0,145.5,146.0,163,38.9,42
0.5,0.1,2.0,New York,76.5,53,86,78.0,10.0,10.0,15,1.0,8.0,84.5,86.0,89.2,90.0,28.0,28.0,194.0,189.5,214,40.9,45
1.0,0.1,1.0,South Carolina,76.8,76,84,76.0,14.7,15.0,17,0.0,0.0,87.4,84.0,143.2,148.0,65.7,85.5,7.4,7.5,8,2.2,3
2.0,0.1,0.5,South Carolina,76.8,76,84,76.0,16.4,17.0,18,0.0,0.0,85.5,84.0,127.4,148.0,56.8,56.5,10.3,10.5,14,2.6,4
1.0,0.1,2.0,South Carolina,76.8,76,84,76.0,15.4,16.0,17,0.0,0.0,86.7,84.0,128.4,148.0,51.2,28.0,11.0,11.0,12,2.8,4
1.0,0.01,1.0,Nebraska,76.8,48,96,84.0,26.6,27.0,30,0.0,0.0,87.5,85.0,92.3,91.0,116.5,127.0,3.7,4.0,6,5.7,8
ALL,ALL,ALL,Massachusetts,76.95555555555555,63,188,63.0,6.633333333333334,7.0,7,0.002777777777777778,1.0,102.93611111111112,79.0,129.43055555555554,115.0,150.2540192926045,118.0,2.2870662460567823,2.0,6,0.044444444444444446,2
0.5,0.1,0.5,West Virginia,77.0,77,77,77.0,6.5,7.0,8,0.0,0.0,91.0,91.0,136.1,132.0,98.1,96.0,5.9,5.5,8,0.7,1
2.0,0.1,1.0,West Virginia,77.0,77,77,77.0,12.5,12.5,15,0.0,0.0,94.9,91.0,135.9,132.0,96.8,96.5,9.4,9.5,12,1.8,3
1.0,0.25,0.5,West Virginia,77.0,77,77,77.0,10.9,11.0,13,0.0,0.0,91.0,91.0,130.4,130.0,99.5,97.0,6.0,6.0,9,2.4,4
1.0,0.25,1.0,West Virginia,77.0,77,77,77.0,13.1,13.0,16,0.0,0.0,91.0,91.0,130.8,130.0,99.8,97.0,7.0,7.5,10,2.8,4
2.0,0.25,0.5,West Virginia,77.0,77,77,77.0,13.4,13.0,14,0.0,0.0,91.0,91.0,130.4,130.0,100.3,100.5,6.9,7.5,11,2.9,4
2.0,0.25,2.0,West Virginia,77.0,77,77,77.0,13.2,13.0,15,0.0,0.0,91.0,91.0,130.4,130.0,98.4,97.0,7.4,7.5,10,3.0,4
1.0,0.01,1.0,South Dakota,77.0,50,97,79.0,35.5,35.5,40,0.0,0.0,84.4,88.0,86.8,91.0,95.9,100.0,8.0,7.5,11,3.9,8
0.5,0.1,2.0,West Virginia,77.3,66,91,77.0,11.0,11.0,13,0.0,0.0,99.0,91.0,136.5,132.0,96.6,97.0,9.1,9.5,13,1.7,3
2.0,0.1,2.0,West Virginia,77.3,66,91,77.0,13.0,13.0,15,0.0,0.0,94.9,91.0,130.6,130.0,97.0,96.0,10.1,11.0,16,2.1,4
2.0,0.01,0.5,Missouri,77.3,58,97,78.0,55.6,54.5,62,0.0,0.0,91.5,92.5,99.3,97.0,97.0,116.5,7.9,8.0,10,7.2,10
1.0,0.05,1.0,Georgia,77.4,55,90,75.0,36.0,36.0,38,0.0,0.0,91.2,93.0,103.2,104.0,150.6,146.0,3.1,3.0,4,1.4,3
ALL,ALL,ALL,Pennsylvania,77.42777777777778,54,156,68.0,46.925,48.0,56,0.05277777777777778,2.0,88.83888888888889,77.0,96.43611111111112,89.0,102.87222222222222,92.0,24.025,24.0,45,9.508333333333333,17
0.5,0.25,2.0,Virginia,77.5,60,95,77.5,30.2,31.0,33,0.1,1.0,91.1,99.0,100.5,100.0,107.2,115.5,12.2,12.5,17,4.2,5
1.0,0.1,2.0,New York,77.5,69,86,76.5,10.4,11.0,15,0.3,1.0,84.8,86.0,90.6,90.0,28.0,28.0,183.6,181.5,217,40.3,46
0.5,0.01,0.5,Nevada,77.6,61,102,78.5,4.0,4.0,5,0.0,0.0,99.6,83.5,139.2,156.5,133.0,140.0,1.6666666666666667,2.0,3,0.0,0
0.5,0.01,1.0,Nebraska,77.6,48,88,84.0,19.1,19.5,24,0.0,0.0,86.8,86.5,93.1,92.0,107.33333333333333,101.0,2.3,2.0,4,2.8,5
2.0,0.1,2.0,South Carolina,77.7,76,84,76.0,16.8,17.0,19,0.0,0.0,90.6,84.0,137.5,148.0,39.6,28.0,11.9,12.0,14,2.2,4
0.5,0.05,0.5,Vermont,77.7,39,133,70.0,8.0,7.5,12,3.3,6.0,129.9,129.0,137.6,142.5,28.0,28.0,11.0,11.5,16,5.0,7
0.5,0.01,1.0,Wisconsin,77.9,60,90,82.0,28.6,27.5,34,0.0,0.0,86.4,88.0,91.9,91.5,50.3,28.0,60.0,59.5,69,30.2,33
2.0,0.05,0.5,Maryland,78.1,62,116,62.0,10.6,10.0,13,0.1,1.0,99.4,97.0,115.2,114.5,86.7,77.0,11.9,12.5,16,2.7,4
0.5,0.1,1.0,New York,78.1,53,90,86.0,9.7,9.0,15,1.6,10.0,84.2,86.0,92.9,90.0,28.0,28.0,176.5,179.0,193,40.5,44
0.5,0.25,1.0,South Carolina,78.2,76,83,76.0,12.2,12.5,13,0.0,0.0,82.3,84.0,97.6,102.0,95.0,101.0,5.1,5.0,6,0.0,0
ALL,ALL,ALL,Vermont,78.34166666666667,39,207,39.0,7.977777777777778,8.0,13,3.111111111111111,10.0,125.53888888888889,118.0,138.63611111111112,130.0,38.99159663865546,28.0,9.633333333333333,10.0,19,5.541666666666667,10
0.5,0.01,2.0,Wyoming,78.4,57,105,71.0,7.4,7.0,9,0.0,0.0,103.3,103.5,120.7,129.0,107.0,107.0,1.0,1.0,1,0.0,0
1.0,0.1,0.5,West Virginia,78.4,77,91,77.0,9.2,9.0,12,0.0,0.0,100.6,91.0,137.5,132.0,98.6,97.0,4.5,4.0,8,1.4,2
1.0,0.1,0.5,South Carolina,78.4,76,84,76.0,11.9,12.0,14,0.0,0.0,97.8,84.0,140.5,153.0,60.0,57.0,5.3,5.5,7,1.6,3
0.5,0.01,0.5,Michigan,78.4,59,113,76.0,26.3,26.0,32,0.0,0.0,87.6,88.0,101.0,97.0,121.6,146.5,6.9,6.5,11,11.8,15
1.0,0.01,0.5,Florida,78.4,59,101,77.0,8.9,8.0,12,1.3,5.0,102.7,94.0,116.6,104.0,61.1,28.0,16.9,17.0,24,20.5,24
2.0,0.01,0.5,Wyoming,78.5,60,105,79.0,7.4,8.0,8,0.0,0.0,106.9,99.0,136.6,117.0,128.75,107.0,1.25,1.0,2,0.0,0
0.5,0.05,0.5,North Carolina,78.6,54,95,95.0,7.8,8.0,9,0.0,0.0,128.4,122.0,148.4,136.0,135.11111111111111,115.0,2.111111111111111,2.0,3,1.9,6
0.5,0.05,2.0,North Carolina,78.6,54,95,95.0,24.5,25.0,27,0.0,0.0,121.4,122.0,153.6,136.0,115.0,115.0,3.9,4.0,6,2.6,5
2.0,0.05,1.0,North Carolina,78.6,54,95,95.0,25.8,26.5,30,0.3,3.0,126.2,122.0,154.3,164.0,140.6,115.0,6.0,5.5,11,6.0,9
2.0,0.05,2.0,North Carolina,78.6,54,95,95.0,25.9,26.5,29,0.0,0.0,123.4,122.0,157.4,164.0,128.6,115.0,6.1,6.0,9,6.2,8
1.0,0.1,2.0,West Virginia,78.7,66,91,77.0,13.5,14.0,15,0.0,0.0,102.7,91.0,136.1,132.0,97.1,96.0,7.7,7.5,10,2.0,4
1.0,0.01,2.0,Michigan,78.7,59,113,76.0,39.6,40.5,45,0.0,0.0,90.9,90.0,99.1,101.0,160.3,159.0,12.8,12.5,16,14.6,22
0.5,0.01,0.5,Florida,78.7,77,94,77.0,7.4,7.5,11,1.5,5.0,92.9,85.5,122.1,107.0,87.4,100.0,10.1,9.5,15,15.7,21
0.5,0.01,1.0,Florida,78.7,69,94,77.0,9.6,9.0,14,1.4,5.0,97.0,97.5,127.6,135.0,84.9,109.0,14.9,15.0,25,17.9,21
2.0,0.25,0.5,Mississippi,78.8,78,79,79.0,14.0,14.0,16,0.0,0.0,116.0,116.0,124.9,124.0,193.0,193.0,0.8888888888888888,1.0,2,0.9,2
0.5,0.05,0.5,Maryland,78.9,62,106,71.0,7.7,7.5,10,0.3,1.0,101.0,97.0,108.4,106.0,90.0,81.5,9.6,8.0,15,1.6,3
0.5,0.01,0.5,Missouri,78.9,61,104,86.0,25.3,24.5,32,0.0,0.0,91.9,89.0,99.7,97.0,130.0,121.0,3.5555555555555554,3.0,6,2.0,4
2.0,0.01,0.5,Michigan,78.9,59,95,76.0,39.0,40.5,43,0.1,1.0,96.1,90.0,102.6,103.5,146.5,148.0,13.9,13.5,22,14.9,21
2.0,0.1,2.0,New York,78.9,73,90,79.0,10.4,10.0,14,0.1,1.0,85.1,86.0,90.0,90.0,28.0,28.0,180.1,179.5,194,40.5,44
0.5,0.05,0.5,Georgia,79.1,55,90,75.5,19.9,19.5,24,0.0,0.0,95.4,98.0,101.2,100.0,138.55555555555554,146.0,1.5,1.5,3,0.9,1
0.5,0.25,2.0,South Carolina,79.1,76,84,76.0,16.8,17.0,18,0.0,0.0,90.6,83.5,103.3,93.0,46.9,28.0,6.6,6.5,8,1.0,2
0.5,0.05,2.0,Georgia,79.1,55,90,75.5,33.6,33.0,40,0.0,0.0,97.2,98.0,104.8,102.0,227.33333333333334,156.0,2.0,2.0,3,1.5,3
0.5,0.01,0.5,Wyoming,79.2,60,105,82.5,4.5,4.5,7,0.0,0.0,105.7,100.5,132.88888888888889,129.0,107.0,107.0,1.0,1.0,1,0.0,0
1.0,0.01,2.0,Illinois,79.2,58,90,83.5,42.1,43.0,46,0.0,0.0,91.9,89.0,96.5,91.0,108.2,98.0,17.7,19.0,23,3.5,8
0.5,0.01,1.0,Ohio,79.2,48,106,83.0,38.1,38.0,45,0.0,0.0,103.1,104.5,118.9,109.0,134.0,130.0,10.1,9.5,13,10.8,14
2.0,0.01,2.0,Ohio,79.2,48,138,66.0,49.6,49.0,55,0.1,1.0,99.3,101.0,114.2,106.0,121.1,130.0,14.6,14.0,19,13.4,19
2.0,0.01,1.0,Ohio,79.3,48,106,88.5,51.9,53.0,57,0.0,0.0,100.6,106.0,118.8,112.0,123.4,130.0,13.0,12.5,17,10.9,16
0.5,0.01,2.0,Missouri,79.4,58,99,86.0,49.6,50.5,55,0.0,0.0,92.3,87.5,103.3,104.5,130.0,126.5,7.4,8.0,12,4.9,9
2.0,0.01,0.5,Nevada,79.6,57,102,81.0,5.1,5.5,6,0.0,0.0,92.7,97.0,132.3,148.0,139.22222222222223,140.0,2.2222222222222223,2.0,4,0.0,0
0.5,0.05,2.0,Maryland,79.6,62,106,62.0,11.3,11.5,13,0.1,1.0,104.3,106.0,113.9,113.5,88.9,77.0,10.3,11.0,15,1.4,3
1.0,0.01,2.0,Florida,79.6,69,94,77.0,10.1,10.5,12,0.6,2.0,93.5,94.0,114.7,101.0,28.0,28.0,39.1,39.0,46,23.7,26
2.0,0.1,0.5,West Virginia,79.8,77,91,77.0,13.7,14.0,15,0.0,0.0,102.7,91.0,132.2,130.0,98.2,97.0,8.4,8.5,12,0.6,1
1.0,0.01,0.5,Wisconsin,80.1,60,99,84.0,29.4,28.5,34,0.0,0.0,88.0,87.0,93.1,90.5,59.4,50.5,60.9,61.0,71,29.2,33
1.0,0.01,2.0,Oregon,80.2,59,115,82.5,10.0,10.5,12,0.0,0.0,106.4,104.5,137.3,126.5,146.9,130.0,4.0,4.0,7,4.5,6
2.0,0.01,1.0,Missouri,80.2,61,97,86.0,58.4,57.0,65,0.1,1.0,99.2,98.0,105.1,101.0,106.8,113.5,9.1,9.0,13,6.4,10
2.0,0.01,1.0,Florida,80.2,77,101,77.0,10.2,10.0,11,0.7,2.0,93.0,89.5,108.7,104.0,28.0,28.0,39.6,37.5,56,23.9,26
1.0,0.25,0.5,Virginia,80.4,60,95,92.0,29.1,29.0,32,0.1,1.0,97.9,99.0,100.1,100.0,105.8,130.0,8.1,8.0,10,4.0,6
2.0,0.05,2.0,Vermont,80.4,39,132,92.5,7.8,7.5,11,2.8,7.0,125.6,127.5,138.3,142.5,28.0,28.0,10.3,10.5,16,5.8,9
0.5,0.25,0.5,South Carolina,80.6,76,84,83.0,9.4,10.0,11,0.0,0.0,88.7,84.0,119.1,121.0,98.0,101.0,4.2,4.5,6,0.0,0
2.0,0.25,0.5,Montana,80.6,62,93,93.0,13.8,14.0,15,0.0,0.0,96.2,95.0,112.8,122.0,111.6,114.0,6.5,7.0,8,1.0,1
0.5,0.25,0.5,Virginia,80.6,60,99,89.0,23.1,23.0,26,0.1,1.0,91.3,99.0,100.0,100.0,105.8,130.0,5.7,5.5,8,2.1,3
1.0,0.01,1.0,Michigan,80.6,59,113,76.0,36.9,36.5,43,0.0,0.0,94.0,89.0,107.5,113.0,150.6,178.0,13.0,13.5,21,16.5,22
1.0,0.01,1.0,Wisconsin,80.6,60,97,87.0,32.4,33.0,37,0.1,1.0,87.9,89.5,92.0,91.5,57.8,28.0,72.4,73.5,81,29.0,35
1.0,0.05,0.5,Maryland,80.8,62,106,80.5,9.9,10.0,12,0.1,1.0,99.9,97.0,109.6,108.0,90.9,92.0,9.3,10.0,13,2.1,4
2.0,0.05,2.0,Georgia,80.9,63,90,86.0,49.6,50.5,52,0.0,0.0,92.8,90.0,100.6,101.0,115.3,115.0,5.2,5.0,7,2.9,6
2.0,0.01,2.0,Florida,81.0,77,101,77.0,10.1,10.0,12,1.2,3.0,98.1,94.0,111.9,107.0,28.0,28.0,40.2,38.5,47,24.5,27
0.5,0.1,1.0,West Virginia,81.2,77,91,77.0,7.5,8.0,9,0.1,1.0,111.9,91.0,151.0,139.0,97.3,97.0,7.2,7.5,10,1.2,2
1.0,0.05,2.0,North Carolina,81.3,54,122,95.0,25.5,26.0,29,0.0,0.0,119.4,122.0,154.0,164.0,139.4,115.0,5.0,4.5,8,5.9,10
0.5,0.01,1.0,Nevada,81.4,57,129,72.0,4.8,5.0,6,0.0,0.0,94.5,81.0,129.6,148.0,101.88888888888889,140.0,1.7777777777777777,2.0,3,0.0,0
0.5,0.01,2.0,Michigan,81.4,59,104,76.0,35.6,35.5,41,0.0,0.0,97.0,99.5,110.1,113.0,151.3,148.0,14.7,15.0,19,16.1,21
1.0,0.01,1.0,Ohio,81.6,55,128,73.5,46.5,45.5,52,0.0,0.0,101.7,106.0,120.8,121.5,125.6,130.0,15.2,15.5,22,12.5,17
0.5,0.01,2.0,Florida,81.7,77,107,77.0,9.4,9.5,14,1.3,8.0,101.1,94.0,119.6,107.0,28.0,28.0,21.0,20.5,27,22.1,25
ALL,ALL,ALL,Tennessee,81.78888888888889,52,233,82.0,31.958333333333332,36.0,50,0.002777777777777778,1.0,113.72222222222223,108.0,124.27222222222223,112.0,107.66852367688023,93.0,16.200557103064067,16.0,32,7.258333333333334,15
0.5,0.01,1.0,Minnesota,81.8,60,90,86.0,39.8,41.0,45,0.1,1.0,86.0,87.0,87.3,89.0,72.8,85.0,36.2,36.5,46,20.6,30
2.0,0.01,0.5,Oregon,82.0,59,93,91.0,9.4,9.5,12,0.3,2.0,127.3,115.0,163.1,149.0,164.6,160.0,5.0,4.0,8,3.9,6
2.0,0.1,1.0,South Carolina,82.1,76,121,76.0,15.8,16.0,17,0.0,0.0,97.6,84.0,145.2,158.0,84.1,86.0,10.3,9.5,15,2.7,4
2.0,0.05,1.0,South Carolina,82.1,76,121,76.0,15.3,15.0,18,0.0,0.0,121.4,121.0,162.0,168.0,97.1,86.0,9.7,9.0,12,2.9,4
2.0,0.01,2.0,Illinois,82.2,58,95,84.5,45.7,46.0,49,0.0,0.0,90.3,89.0,94.8,95.0,115.7,98.0,17.8,18.0,22,4.9,7
1.0,0.01,1.0,Wyoming,82.3,60,105,79.0,7.4,7.5,9,0.0,0.0,102.8,103.5,143.5,138.5,107.0,107.0,1.0,1.0,1,0.0,0
0.5,0.1,1.0,South Carolina,82.3,76,84,84.0,10.6,11.0,12,0.0,0.0,107.6,111.5,143.2,148.0,99.5,101.0,3.5,3.0,7,0.1,1
1.0,0.05,0.5,North Carolina,82.3,54,95,94.0,21.9,22.0,24,0.4,4.0,129.3,122.0,152.0,136.0,121.5,115.0,4.1,4.0,7,2.4,4
2.0,0.25,2.0,Mississippi,82.3,78,97,79.0,15.3,15.5,16,0.0,0.0,97.3,97.0,113.7,116.0,203.66666666666666,193.0,1.0,1.0,2,2.6,3
1.0,0.25,1.0,Mississippi,82.4,78,116,79.0,13.4,13.0,15,0.0,0.0,112.8,116.0,125.5,127.0,193.0,193.0,1.125,1.0,2,0.8,2
2.0,0.25,1.0,Virginia,82.4,60,99,95.0,32.5,32.0,36,0.1,1.0,98.4,99.0,100.2,100.0,114.5,130.0,8.9,9.0,11,4.4,6
1.0,0.25,2.0,Mississippi,82.5,78,116,79.0,14.0,14.0,16,0.0,0.0,111.3,116.0,125.0,127.0,201.0,193.0,0.8,1.0,2,1.9,3
1.0,0.05,0.5,New York,82.6,76,86,86.0,10.0,10.0,15,0.8,4.0,89.0,90.0,95.9,91.0,28.0,28.0,181.2,186.0,193,40.2,46
2.0,0.01,2.0,Indiana,82.7,64,112,81.0,47.1,48.0,53,0.0,0.0,93.9,94.0,101.6,95.0,75.5,95.0,18.0,18.0,23,10.2,16
ALL,ALL,ALL,Maryland,82.71111111111111,62,234,62.0,9.891666666666667,10.0,14,0.09166666666666666,2.0,100.11111111111111,97.0,119.25555555555556,110.5,94.6908077994429,77.0,10.961002785515321,11.0,24,2.25,6
1.0,0.01,1.0,Missouri,82.9,58,115,86.0,52.7,53.0,59,0.0,0.0,95.1,94.5,102.1,97.5,131.7,128.0,7.3,6.5,12,5.7,8
2.0,0.01,0.5,Wisconsin,82.9,60,93,86.5,34.1,34.5,39,0.1,1.0,87.7,92.0,95.9,97.0,32.4,28.0,67.5,67.0,82,28.6,35
2.0,0.05,1.0,Maine,83.0,83,83,83.0,8.2,8.0,11,0.0,0.0,143.0,150.0,172.8,179.0,183.11111111111111,208.0,1.3333333333333333,1.0,2,0.0,0
1.0,0.05,1.0,Maine,83.0,83,83,83.0,7.9,7.5,10,0.0,0.0,138.6,144.0,164.3,150.0,168.66666666666666,208.0,1.5555555555555556,1.0,3,0.0,0
0.5,0.25,0.5,Maine,83.0,83,83,83.0,5.9,6.0,7,0.0,0.0,109.0,105.0,137.8,136.5,140.8,96.0,1.6,2.0,2,0.0,0
1.0,0.25,1.0,Maine,83.0,83,83,83.0,9.8,10.0,11,0.0,0.0,110.3,105.0,131.4,136.5,140.8,96.0,1.6,2.0,2,0.0,0
0.5,0.05,2.0,Maine,83.0,83,83,83.0,7.8,8.0,9,0.0,0.0,149.4,150.0,186.9,191.0,172.88888888888889,143.0,1.6666666666666667,2.0,3,0.0,0
2.0,0.05,0.5,Maine,83.0,83,83,83.0,8.2,8.0,9,0.0,0.0,145.6,150.0,175.7,191.0,158.22222222222223,208.0,1.6666666666666667,2.0,2,0.0,0
1.0,0.1,2.0,Maine,83.0,83,83,83.0,9.0,9.0,10,0.0,0.0,136.7,144.0,153.7,150.0,174.4,208.0,1.6,1.5,3,0.0,0
1.0,0.1,1.0,Maine,83.0,83,83,83.0,8.8,9.0,10,0.0,0.0,137.2,150.0,171.0,191.0,140.8,96.0,1.8,2.0,3,0.0,0
1.0,0.25,0.5,Maine,83.0,83,83,83.0,9.5,9.0,11,0.0,0.0,116.8,111.5,144.6,147.0,174.4,208.0,1.4,1.0,2,0.1,1
2.0,0.25,2.0,Maine,83.0,83,83,83.0,9.9,10.0,11,0.0,0.0,118.6,118.0,143.2,144.0,140.8,96.0,1.6,2.0,2,0.1,1
2.0,0.1,1.0,Maine,83.0,83,83,83.0,8.0,8.0,9,0.0,0.0,143.0,150.0,171.7,173.5,152.0,152.0,1.5,1.0,3,0.1,1
2.0,0.25,1.0,Maine,83.0,83,83,83.0,9.5,9.5,10,0.0,0.0,111.5,105.0,132.7,136.5,140.8,96.0,1.8,2.0,3,0.2,1
2.0,0.25,0.5,Maine,83.0,83,83,83.0,9.7,10.0,11,0.0,0.0,108.9,105.0,137.4,144.0,107.2,96.0,2.0,2.0,3,0.2,1
2.0,0.05,2.0,Maine,83.0,83,83,83.0,8.3,8.0,9,0.0,0.0,143.0,150.0,177.5,191.0,189.28571428571428,208.0,0.875,1.0,1,0.2,1
2.0,0.1,2.0,Maine,83.0,83,83,83.0,8.8,9.0,10,0.0,0.0,139.8,150.0,168.4,179.0,112.0,96.0,1.625,2.0,2,0.2,1
2.0,0.1,0.5,Maine,83.0,83,83,83.0,9.1,9.0,11,0.0,0.0,144.4,147.0,168.1,158.5,156.11111111111111,143.0,1.5555555555555556,2.0,2,0.2,1
0.5,0.1,2.0,Maine,83.0,83,83,83.0,8.4,8.5,9,0.0,0.0,141.7,150.0,174.0,191.0,140.8,96.0,1.8,2.0,3,0.2,1
0.5,0.25,1.0,Maine,83.0,83,83,83.0,9.4,9.5,11,0.0,0.0,114.4,105.0,131.5,131.0,163.2,208.0,1.7,2.0,2,0.3,1
1.0,0.05,0.5,Maine,83.0,83,83,83.0,7.4,7.0,8,0.0,0.0,149.4,150.0,186.9,191.0,145.77777777777777,96.0,1.4444444444444444,1.0,3,0.3,1
1.0,0.1,0.5,Maine,83.0,83,83,83.0,8.1,8.0,10,0.0,0.0,122.0,118.0,152.2,150.0,167.9,208.0,1.5,1.5,2,0.3,1
0.5,0.1,1.0,Maine,83.0,83,83,83.0,8.3,8.0,11,0.0,0.0,139.3,144.0,162.2,150.0,123.1,96.0,2.0,2.0,3,0.3,1
1.0,0.25,2.0,Maine,83.0,83,83,83.0,10.0,10.0,11,0.0,0.0,110.5,105.0,138.7,144.0,140.8,96.0,1.7,2.0,3,0.4,2
0.5,0.25,2.0,Maine,83.0,83,83,83.0,9.3,10.0,10,0.0,0.0,102.3,105.0,121.7,118.0,152.0,152.0,1.5,1.5,2,0.5,1
0.5,0.1,0.5,Maine,83.0,83,83,83.0,5.7,6.0,7,0.0,0.0,134.0,147.0,166.1,170.5,140.8,96.0,1.6,2.0,2,0.5,1
0.5,0.01,1.0,Michigan,83.0,59,106,82.0,32.8,32.5,36,0.0,0.0,93.6,90.0,101.3,98.0,139.9,149.5,9.1,8.5,15,15.0,19
1.0,0.05,1.0,New York,83.0,73,90,86.0,8.9,9.0,11,0.3,1.0,89.7,90.0,95.3,91.0,28.0,28.0,193.7,193.5,205,41.6,44
2.0,0.01,2.0,Wyoming,83.3,60,105,82.5,9.1,9.0,11,0.0,0.0,102.6,100.5,125.4,128.0,92.8,107.0,2.1,2.0,4,0.0,0
2.0,0.05,1.0,New York,83.3,73,90,86.0,10.0,9.5,14,0.3,1.0,90.6,90.0,94.7,92.0,28.0,28.0,183.7,184.0,201,40.4,44
1.0,0.01,0.5,Michigan,83.4,59,113,82.0,34.3,34.0,39,0.0,0.0,93.6,90.0,107.7,109.5,151.7,151.0,11.7,12.5,16,13.5,17
1.0,0.05,2.0,New York,83.5,53,90,88.0,9.8,9.5,15,0.2,2.0,93.1,92.0,109.3,100.0,28.0,28.0,183.6,184.5,210,40.3,44
2.0,0.01,0.5,Illinois,83.6,82,86,83.0,41.4,41.0,48,0.0,0.0,97.3,94.5,103.6,109.0,109.7,109.5,17.7,17.5,23,4.1,7
0.5,0.25,2.0,Montana,83.7,62,93,93.0,12.4,12.0,14,0.0,0.0,96.7,97.0,115.6,122.0,104.4,102.0,5.6,6.0,7,1.0,1
1.0,0.01,0.5,Oregon,83.9,59,93,91.0,7.5,7.0,10,0.0,0.0,112.9,115.0,172.4,173.0,167.1,160.0,3.5,3.5,6,3.5,6
0.5,0.05,2.0,West Virginia,84.0,77,91,84.0,9.5,9.5,11,0.1,1.0,120.3,132.0,167.4,179.0,96.6,96.0,7.9,8.5,10,1.6,3
0.5,0.01,0.5,Ohio,84.0,64,106,88.0,29.8,28.5,36,0.1,1.0,105.5,106.0,118.4,118.0,114.8,129.0,9.0,9.5,12,6.6,10
2.0,0.01,1.0,Michigan,84.0,59,113,76.0,38.8,39.0,42,0.0,0.0,97.3,92.5,102.9,98.0,142.4,148.0,13.1,12.5,17,14.3,17
0.5,0.01,0.5,Illinois,84.1,73,99,83.0,26.9,27.0,31,0.0,0.0,92.4,91.5,99.9,98.0,101.6,101.5,9.1,9.5,13,1.1,3
1.0,0.05,2.0,Vermont,84.2,39,133,93.0,8.4,8.5,11,1.9,5.0,122.0,123.0,136.3,133.0,28.0,28.0,12.3,11.0,18,5.2,8
0.5,0.05,0.5,New York,84.2,78,90,86.0,9.6,9.0,13,0.3,1.0,88.8,90.0,95.2,92.0,28.0,28.0,135.1,136.0,156,37.0,41
2.0,0.01,1.0,Indiana,84.3,70,95,93.0,48.1,48.0,53,0.0,0.0,97.7,98.0,109.0,112.0,92.2,106.0,16.2,17.0,19,9.1,12
2.0,0.01,2.0,Nevada,84.4,66,129,81.0,5.1,5.0,6,0.0,0.0,106.1,97.0,154.2,154.0,142.7,140.0,2.3,2.0,5,0.0,0
2.0,0.05,0.5,New York,84.4,73,94,86.0,9.8,10.0,13,0.6,3.0,94.5,90.0,97.8,92.0,28.0,28.0,179.6,181.5,188,40.8,45
1.0,0.01,0.5,Wyoming,84.5,65,105,86.0,5.3,5.5,8,0.0,0.0,110.7,103.5,127.9,129.0,107.0,107.0,1.0,1.0,1,0.0,0
2.0,0.05,1.0,Maryland,84.7,62,106,87.5,9.9,9.5,12,0.3,1.0,105.3,108.5,116.4,116.0,83.1,77.0,10.8,10.0,21,2.8,4
0.5,0.05,2.0,Vermont,84.7,39,133,96.5,8.5,9.0,12,2.6,5.0,133.8,134.0,144.0,142.5,28.0,28.0,9.8,9.5,17,4.9,8
0.5,0.1,2.0,South Carolina,85.1,77,102,84.0,14.7,15.0,16,0.0,0.0,117.1,121.0,150.9,163.0,71.8,101.0,5.3,5.0,8,2.0,3
0.5,0.05,2.0,New York,85.1,73,90,86.0,8.4,8.0,12,0.2,1.0,94.4,91.0,105.0,101.0,28.0,28.0,186.9,187.5,205,41.6,44
1.0,0.01,1.0,Nevada,85.2,66,129,75.5,4.7,5.0,5,0.0,0.0,101.9,81.0,143.1,154.0,138.0,140.0,2.111111111111111,2.0,4,0.0,0
1.0,0.05,0.5,South Carolina,85.3,76,121,84.0,10.9,11.0,14,0.0,0.0,117.4,121.0,163.4,168.0,88.8,93.5,4.8,5.0,7,1.8,3
0.5,0.05,1.0,Georgia,85.5,75,90,90.0,24.8,24.5,28,0.0,0.0,98.0,97.0,103.4,103.0,138.16666666666666,139.5,1.0,1.0,3,0.9,2
0.5,0.01,2.0,Nevada,85.6,66,120,81.0,5.1,5.0,6,0.0,0.0,106.0,89.0,157.1,165.0,141.9,140.0,1.5,1.5,2,0.0,0
2.0,0.01,0.5,Indiana,85.6,70,94,88.0,46.6,48.0,50,0.2,2.0,102.3,101.0,112.9,114.0,94.6,106.0,16.1,15.5,25,9.8,12
1.0,0.01,1.0,Florida,85.6,69,154,77.0,10.8,11.0,14,1.0,3.0,101.8,101.0,118.5,107.0,51.5,28.0,24.4,25.5,30,21.4,25
0.5,0.01,2.0,Illinois,85.7,73,98,86.0,41.7,41.0,46,0.0,0.0,96.3,95.0,104.2,109.0,112.0,92.5,15.1,14.0,25,3.4,5
1.0,0.25,1.0,Virginia,85.7,60,99,95.0,31.0,31.5,34,0.1,1.0,99.1,99.5,100.9,101.0,110.7,130.0,11.2,11.0,15,4.7,7
2.0,0.05,2.0,New York,85.8,78,90,86.0,9.0,9.5,11,0.8,5.0,91.6,90.0,101.7,100.0,28.0,28.0,178.8,183.5,186,41.4,44
0.5,0.25,1.0,Alabama,86.0,86,86,86.0,3.0,3.0,4,0.0,0.0,238.3,254.0,358.25,393.0,151.0,151.0,1.0,1.0,1,0.0,0
1.0,0.25,0.5,Alabama,86.0,86,86,86.0,4.0,4.0,5,0.0,0.0,127.0,127.0,241.8,254.0,126.0,126.0,1.0,1.0,1,0.0,0
1.0,0.25,2.0,Alabama,86.0,86,86,86.0,10.0,10.0,11,0.0,0.0,127.0,127.0,245.2,251.0,262.5,310.5,1.25,1.0,2,0.0,0
2.0,0.25,1.0,Alabama,86.0,86,86,86.0,9.6,10.0,11,0.0,0.0,127.0,127.0,245.2,251.0,275.57142857142856,254.0,1.1428571428571428,1.0,2,0.0,0
0.5,0.25,0.5,Alabama,86.0,86,86,86.0,1.2,1.0,2,0.0,0.0,254.0,254.0,,,126.0,126.0,1.0,1.0,1,0.0,0
1.0,0.25,1.0,Alabama,86.0,86,86,86.0,7.2,7.0,9,0.0,0.0,127.0,127.0,228.4,251.0,326.8333333333333,367.0,1.1666666666666667,1.0,2,0.0,0
2.0,0.01,1.0,Illinois,86.2,73,109,84.5,42.7,45.0,46,0.0,0.0,95.7,90.5,101.6,98.0,116.1,110.5,17.9,18.5,22,5.7,11
2.0,0.25,1.0,Mississippi,86.3,78,116,79.0,15.4,16.0,17,0.0,0.0,113.6,116.0,124.9,124.0,193.0,193.0,0.8,1.0,2,2.0,3
1.0,0.01,1.0,Illinois,86.3,58,109,87.0,42.4,42.5,47,0.0,0.0,99.1,103.0,106.5,109.5,130.1,114.0,15.8,16.0,20,3.6,8
1.0,0.01,1.0,Indiana,86.3,70,101,88.0,45.2,45.5,50,0.0,0.0,103.6,97.5,110.8,107.5,99.8,106.0,15.2,15.0,23,9.4,15
0.5,0.05,1.0,Maine,86.5,83,118,83.0,7.8,8.0,8,0.0,0.0,148.2,150.0,183.8,191.0,170.66666666666666,208.0,1.2222222222222223,1.0,2,0.1,1
1.0,0.05,2.0,Maine,86.5,83,118,83.0,8.0,8.0,10,0.0,0.0,147.1,150.0,180.1,191.0,148.125,143.0,1.625,2.0,2,0.2,1
1.0,0.1,0.5,Virginia,86.6,60,104,95.0,23.0,23.0,25,0.1,1.0,99.5,99.5,105.8,105.5,124.4,135.0,7.5,8.0,10,3.5,5
0.5,0.05,1.0,Vermont,86.6,39,133,92.0,9.1,9.5,13,2.3,6.0,131.7,132.5,136.2,138.0,42.3,28.0,10.0,11.0,16,4.3,7
1.0,0.01,0.5,Kentucky,86.6,63,104,88.0,27.0,27.0,31,0.0,0.0,99.6,99.0,114.0,111.0,87.4,107.0,9.2,9.5,14,7.1,10
2.0,0.05,2.0,Maryland,86.7,62,116,92.5,9.7,9.5,11,0.4,1.0,107.1,111.0,117.6,119.5,95.9,103.0,9.7,9.5,14,2.9,4
2.0,0.25,1.0,Montana,86.8,62,93,93.0,14.0,14.0,15,0.0,0.0,95.8,94.0,117.8,122.0,110.4,114.0,5.4,5.0,7,1.0,1
1.0,0.25,1.0,Montana,86.8,62,93,93.0,13.5,13.5,14,0.0,0.0,96.0,95.0,117.6,122.0,111.6,114.0,5.0,5.0,6,1.0,1
2.0,0.25,2.0,Montana,86.8,62,93,93.0,14.7,15.0,16,0.0,0.0,96.6,96.0,115.3,119.0,111.6,114.0,6.1,5.5,8,1.0,1
1.0,0.05,2.0,West Virginia,86.8,77,91,91.0,12.2,12.0,14,0.2,1.0,130.5,132.0,164.8,181.0,96.4,96.0,9.7,9.5,13,1.4,2
0.5,0.05,1.0,North Carolina,86.8,54,95,95.0,18.5,19.0,21,0.0,0.0,118.0,122.0,156.6,160.0,117.8,115.0,2.9,3.0,5,2.1,4
1.0,0.05,1.0,Maryland,86.9,62,116,93.5,10.5,10.5,12,0.4,2.0,106.9,113.5,118.8,119.5,100.2,110.0,11.0,11.5,16,1.8,3
1.0,0.01,0.5,Missouri,86.9,58,97,88.5,41.5,42.5,50,0.0,0.0,96.6,97.0,105.1,99.0,131.2,132.0,5.5,5.0,8,3.6,7
0.5,0.25,1.0,Virginia,87.2,60,99,95.0,26.5,26.5,29,0.3,1.0,98.9,99.0,100.5,100.0,118.4,125.0,7.5,8.0,10,4.3,7
1.0,0.05,2.0,South Carolina,87.4,76,121,80.0,13.0,13.0,14,0.0,0.0,110.9,102.5,140.8,158.0,42.6,28.0,10.0,9.0,15,3.3,4
0.5,0.01,0.5,Indiana,87.6,68,94,93.0,28.0,28.5,32,0.0,0.0,96.6,94.5,107.6,101.0,88.7,106.0,9.8,9.0,17,5.5,8
2.0,0.05,2.0,South Carolina,87.8,76,133,76.0,15.0,15.0,17,0.0,0.0,117.8,102.5,168.4,168.0,64.7,28.0,12.0,12.0,15,2.9,4
0.5,0.01,1.0,Kentucky,87.8,63,111,88.0,22.9,22.0,29,0.1,1.0,102.9,104.0,120.0,115.5,90.2,107.0,7.0,6.5,10,7.7,12
0.5,0.1,0.5,South Carolina,88.1,76,121,84.0,8.4,8.0,10,0.0,0.0,111.0,121.0,147.3,168.0,110.1,101.0,2.5,2.0,6,0.0,0
0.5,0.05,1.0,West Virginia,88.2,77,91,91.0,7.4,7.0,9,0.5,1.0,144.5,147.5,181.6,183.0,97.4,96.0,6.6,6.5,9,1.0,2
1.0,0.01,0.5,Illinois,88.4,73,109,86.0,36.9,36.5,43,0.1,1.0,94.6,89.0,99.7,92.5,91.3,87.0,11.8,12.0,17,3.2,5
2.0,0.01,0.5,Kentucky,88.4,63,111,88.0,32.4,32.0,37,0.0,0.0,103.7,107.0,109.3,111.0,93.6,103.5,15.0,15.0,19,8.4,11
0.5,0.01,2.0,Utah,88.6,72,118,87.0,14.1,14.0,15,0.1,1.0,135.1,154.0,166.5,172.0,139.8,103.5,6.2,6.0,9,3.4,6
0.5,0.01,0.5,Georgia,88.7,55,112,90.0,7.7,7.5,11,0.0,0.0,105.1,101.0,122.2,112.0,261.0,261.0,1.0,1.0,2,0.2,1
0.5,0.05,1.0,New York,88.7,73,116,88.0,8.9,9.0,12,0.4,1.0,99.5,91.0,111.6,118.0,28.0,28.0,162.5,163.5,178,41.0,43
0.5,0.25,1.0,Mississippi,89.1,78,116,79.0,8.6,9.0,10,0.2,1.0,107.0,116.0,122.7,124.0,,,0.0,0.0,0,1.3,2
2.0,0.01,2.0,Georgia,89.2,75,112,90.0,30.1,30.0,33,0.0,0.0,115.1,112.0,147.8,151.0,215.875,186.0,2.1,2.0,5,2.7,6
1.0,0.01,2.0,Indiana,89.2,70,94,94.0,47.3,47.5,52,0.0,0.0,98.4,95.0,104.4,101.0,102.5,106.0,13.9,13.5,18,9.4,14
1.0,0.01,0.5,Indiana,89.3,70,97,94.0,35.3,36.0,40,0.0,0.0,98.5,96.0,108.9,113.0,99.5,106.0,13.1,12.0,22,9.5,12
2.0,0.01,2.0,Kentucky,89.5,63,111,97.0,33.1,33.5,37,0.0,0.0,103.7,104.0,115.8,111.0,102.9,116.0,15.2,16.5,18,8.9,12
1.0,0.01,1.0,Kentucky,89.6,60,99,97.0,31.0,31.0,35,0.0,0.0,96.9,99.0,104.0,107.5,54.4,28.0,14.2,14.0,21,9.1,13
0.5,0.05,0.5,Maine,89.7,83,150,83.0,5.0,5.0,6,0.0,0.0,149.1,150.0,171.7,161.5,138.55555555555554,96.0,1.7777777777777777,2.0,2,0.3,1
ALL,ALL,ALL,New York,89.86111111111111,53,195,80.0,9.802777777777777,9.0,19,1.363888888888889,18.0,102.16666666666667,86.0,111.2611111111111,92.0,28.18888888888889,28.0,171.92222222222222,178.0,239,39.830555555555556,49
0.5,0.25,0.5,Montana,89.9,62,93,93.0,9.3,9.5,10,0.0,0.0,96.5,95.0,120.0,122.0,103.2,102.0,3.8,4.0,5,0.6,1
0.5,0.01,1.0,Georgia,90.0,90,90,90.0,13.0,13.0,16,0.0,0.0,110.6,112.0,137.2,139.0,169.5,169.5,1.2,1.0,2,0.3,1
2.0,0.01,1.0,Georgia,90.0,90,90,90.0,28.2,27.0,35,0.0,0.0,107.8,112.0,129.1,120.0,198.0,169.5,2.9,3.0,4,2.2,5
0.5,0.25,2.0,Alabama,90.1,86,127,86.0,6.8,7.0,8,0.0,0.0,133.6,127.0,241.8,254.0,248.0,254.0,1.6,2.0,2,0.0,0
2.0,0.25,2.0,Alabama,90.1,86,127,86.0,11.9,12.0,13,0.0,0.0,139.4,127.0,245.5,251.0,451.8,465.0,1.6,1.5,3,0.0,0
2.0,0.25,0.5,Alabama,90.1,86,127,86.0,8.3,8.0,9,0.0,0.0,133.6,127.0,245.2,251.0,225.4,254.0,1.4,1.0,2,0.0,0
2.0,0.05,0.5,South Carolina,90.1,76,148,80.0,14.2,14.5,16,0.0,0.0,125.7,121.0,163.9,168.0,64.6,28.0,9.8,10.5,12,2.7,4
1.0,0.05,1.0,Vermont,90.4,39,130,98.0,9.5,9.5,12,1.5,5.0,113.5,113.5,122.8,122.0,28.0,28.0,10.6,9.5,17,4.1,6
1.0,0.25,0.5,Montana,90.6,62,100,93.0,12.8,13.0,13,0.0,0.0,100.5,100.0,119.8,122.0,114.0,114.0,4.1,4.0,5,0.8,1
2.0,0.1,2.0,Montana,90.6,62,100,93.0,14.2,14.0,15,0.0,0.0,101.2,100.0,117.4,119.0,111.6,114.0,6.0,6.5,7,1.0,1
1.0,0.1,1.0,Montana,90.6,62,100,93.0,11.6,12.0,13,0.0,0.0,102.9,100.0,121.4,122.0,111.1,114.0,5.4,5.0,7,1.0,1
1.0,0.01,2.0,Massachusetts,90.7,63,158,79.0,6.4,6.0,7,0.0,0.0,148.4,151.5,185.6,171.5,167.88888888888889,167.0,2.2222222222222223,2.0,3,0.0,0
2.0,0.05,1.0,West Virginia,90.7,77,130,91.0,12.1,12.0,14,0.2,1.0,134.6,130.0,169.2,179.0,102.6,96.0,8.4,8.5,12,1.8,4
1.0,0.05,1.0,South Carolina,90.8,76,121,84.0,12.9,13.5,14,0.0,0.0,138.5,133.0,165.6,168.0,94.0,93.5,6.4,6.5,9,2.4,3
1.0,0.01,2.0,Kentucky,90.8,60,104,92.5,32.2,32.5,37,0.0,0.0,103.1,104.0,115.2,111.5,67.6,52.0,14.6,14.0,24,7.9,12
1.0,0.05,0.5,West Virginia,90.9,77,146,91.0,8.4,8.5,10,0.1,1.0,128.9,132.0,168.8,179.0,110.3,96.0,7.0,7.0,12,1.1,2
0.5,0.01,2.0,Indiana,90.9,70,101,94.0,44.0,44.0,50,0.0,0.0,102.8,101.0,111.8,112.0,80.8,102.5,14.1,14.5,17,8.5,13
1.0,0.01,2.0,Ohio,91.1,68,106,98.0,50.9,50.5,54,0.0,0.0,109.4,106.0,120.0,117.0,111.9,129.0,13.8,13.5,22,10.3,15
2.0,0.01,0.5,Georgia,91.2,90,102,90.0,27.2,26.5,32,0.0,0.0,111.2,112.0,141.6,143.0,355.2,381.5,1.7,1.0,4,2.0,3
0.5,0.01,2.0,Kentucky,91.2,63,111,92.0,29.7,29.5,35,0.0,0.0,101.7,101.5,119.7,116.0,60.8,28.0,13.6,14.0,19,8.9,11
0.5,0.01,0.5,Kentucky,91.4,63,111,97.0,15.5,15.5,19,0.0,0.0,106.3,107.5,118.6,112.0,97.4,116.0,4.2,4.0,6,3.6,7
2.0,0.1,2.0,Virginia,91.5,60,100,99.0,31.1,31.0,34,0.0,0.0,101.6,100.0,107.3,111.0,121.5,130.0,8.5,8.5,10,4.6,6
0.5,0.25,0.5,Tennessee,91.6,82,98,98.0,23.1,23.0,27,0.0,0.0,101.3,99.0,106.1,108.0,107.2,108.0,10.1,10.0,13,1.8,3
0.5,0.01,1.0,Illinois,91.6,83,110,87.0,34.3,34.5,41,0.0,0.0,99.7,95.5,104.5,102.0,117.9,99.5,13.8,14.5,16,2.1,4
0.5,0.1,1.0,Virginia,91.6,60,104,99.0,22.0,22.5,24,0.0,0.0,102.6,100.0,109.8,111.0,123.8,139.0,7.2,8.0,10,2.9,4
0.5,0.01,0.5,Utah,91.7,48,118,87.0,5.4,6.0,7,0.1,1.0,147.2,167.0,192.0,198.5,159.2,153.5,2.5,2.5,6,1.4,3
1.0,0.01,0.5,Utah,91.7,72,118,87.0,12.3,11.5,16,0.2,1.0,159.5,161.0,179.9,177.0,199.9,223.5,6.3,6.0,9,3.2,5
0.5,0.01,1.0,Indiana,91.7,82,94,94.0,34.5,35.0,37,0.0,0.0,101.1,101.0,119.0,119.5,89.8,106.0,12.3,12.5,18,6.8,10
0.5,0.01,2.0,Oregon,92.1,82,115,91.0,9.2,9.5,11,0.0,0.0,124.7,115.0,179.4,173.0,159.0,160.0,4.1,4.0,8,3.5,5
0.5,0.01,2.0,Georgia,92.2,90,112,90.0,19.5,19.0,27,0.0,0.0,114.9,112.0,139.6,139.0,299.55555555555554,369.0,1.1,1.0,2,1.1,3
0.5,0.01,1.0,Oregon,92.3,59,140,91.0,6.2,6.0,9,0.4,3.0,141.8,115.0,185.0,173.0,166.5,160.0,3.3,3.5,6,2.5,5
0.5,0.25,2.0,Mississippi,92.5,78,116,79.0,12.5,12.5,15,0.2,1.0,118.0,116.0,125.8,127.0,193.0,193.0,0.5,0.5,1,1.3,3
1.0,0.05,2.0,Maryland,92.5,62,106,106.0,10.5,10.0,13,0.4,1.0,110.7,116.0,121.2,123.0,105.2,111.0,10.6,10.5,16,2.4,4
0.5,0.1,1.0,Tennessee,92.6,82,108,98.0,29.3,29.0,32,0.0,0.0,104.5,108.0,109.3,111.0,125.0,136.0,13.1,13.0,18,7.2,10
1.0,0.05,0.5,Montana,92.7,62,100,93.0,9.9,10.0,11,0.0,0.0,113.9,123.0,127.7,128.0,130.5,114.0,3.0,3.0,5,0.5,1
0.5,0.05,0.5,West Virginia,92.8,77,179,84.0,4.9,4.5,8,0.1,1.0,139.3,132.0,166.2,164.0,96.33333333333333,96.0,4.555555555555555,5.0,8,0.5,1
2.0,0.01,2.0,Oregon,92.9,59,115,91.0,10.8,10.5,14,0.1,1.0,126.8,115.0,201.5,217.0,202.5,204.5,3.8,3.0,6,3.8,7
1.0,0.1,0.5,Montana,93.0,93,93,93.0,11.4,11.0,13,0.0,0.0,98.4,100.0,123.6,124.0,105.6,102.0,4.4,4.5,5,0.3,1
0.5,0.25,0.5,Mississippi,93.0,78,116,79.0,5.7,6.0,7,0.1,1.0,112.4,116.0,124.9,125.5,135.0,135.0,0.2222222222222222,0.0,1,0.8,1
0.5,0.25,1.0,Montana,93.0,93,93,93.0,11.0,11.0,12,0.0,0.0,97.6,98.0,122.6,122.0,104.4,102.0,4.5,5.0,5,0.9,1
1.0,0.25,2.0,Montana,93.0,93,93,93.0,14.0,14.0,15,0.0,0.0,97.4,98.0,123.0,123.0,112.8,114.0,5.6,5.5,7,1.0,1
2.0,0.1,1.0,Montana,93.0,93,93,93.0,13.0,13.0,14,0.0,0.0,100.9,100.0,122.5,122.0,109.9,114.0,5.5,6.0,7,1.0,1
1.0,0.1,2.0,Montana,93.0,93,93,93.0,12.6,12.0,14,0.0,0.0,98.8,100.0,123.6,124.0,109.2,114.0,5.6,5.5,7,1.0,1
2.0,0.1,0.5,Montana,93.0,93,93,93.0,13.0,13.0,15,0.0,0.0,100.4,100.0,123.5,124.0,111.1,114.0,6.4,6.5,8,1.0,1
1.0,0.25,0.5,Mississippi,93.1,78,116,79.0,9.3,10.0,11,0.1,1.0,114.9,116.0,126.0,127.0,193.0,193.0,0.625,1.0,1,1.0,2
2.0,0.05,0.5,West Virginia,93.2,77,183,84.0,12.0,12.0,14,0.0,0.0,116.7,110.5,171.1,179.0,107.4,96.0,8.3,8.0,12,1.1,3
0.5,0.1,1.0,Montana,93.3,93,96,93.0,10.4,10.0,13,0.0,0.0,104.2,100.0,124.0,124.0,103.9,102.0,4.2,4.5,5,0.1,1
2.0,0.01,1.0,Nevada,93.6,78,129,89.0,5.1,5.0,6,0.0,0.0,106.4,102.0,170.9,154.0,127.4,140.0,2.1,2.0,3,0.0,0
0.5,0.01,2.0,Ohio,93.6,43,106,104.5,48.3,48.0,55,0.0,0.0,113.9,114.0,125.9,126.0,115.6,130.0,11.5,11.5,15,10.3,15
0.5,0.1,0.5,Montana,93.7,93,100,93.0,7.8,8.0,10,0.0,0.0,104.4,100.0,124.6,124.0,103.9,102.0,3.2,3.0,4,0.1,1
1.0,0.05,2.0,Montana,93.7,93,100,93.0,12.3,12.0,14,0.0,0.0,111.9,109.5,126.8,128.0,121.1,117.5,4.2,4.0,7,1.0,1
0.5,0.1,2.0,Montana,93.7,93,100,93.0,11.5,11.5,13,0.0,0.0,101.6,100.0,123.6,124.0,106.8,102.0,5.7,6.0,7,1.0,1
1.0,0.25,1.0,Delaware,94.4,93,107,93.0,2.8,3.0,3,0.0,0.0,140.8,141.0,156.5,153.0,285.125,304.0,1.125,1.0,2,0.0,0
2.0,0.05,1.0,Montana,94.4,93,100,93.0,12.0,12.0,13,0.0,0.0,107.0,100.0,126.0,126.0,116.1,108.0,4.3,4.0,8,1.0,1
1.0,0.01,1.0,Georgia,94.4,90,112,90.0,21.9,22.5,24,0.0,0.0,116.2,112.0,148.3,158.5,219.22222222222223,153.0,2.1,2.0,4,1.2,3
1.0,0.01,2.0,Georgia,94.4,90,112,90.0,28.9,28.0,35,0.0,0.0,120.1,112.0,139.2,131.5,334.6,421.0,1.9,2.0,3,1.9,5
0.5,0.1,2.0,Virginia,94.4,62,100,99.0,26.8,26.5,31,0.0,0.0,102.4,100.0,108.4,108.0,142.8,140.0,10.3,10.0,14,3.9,5
1.0,0.01,0.5,Ohio,94.4,55,106,100.5,39.3,39.0,44,0.0,0.0,112.0,106.0,129.1,128.0,115.1,130.0,11.4,10.5,18,10.8,15
1.0,0.1,1.0,Virginia,94.5,62,99,99.0,29.3,29.5,35,0.0,0.0,99.9,100.0,108.2,109.5,136.5,137.0,10.4,10.0,15,3.6,5
1.0,0.05,1.0,North Carolina,94.5,54,122,95.0,24.6,24.0,28,0.3,3.0,124.5,122.0,153.0,136.0,129.9,115.0,4.5,4.0,8,3.9,6
0.5,0.05,1.0,Maryland,94.6,62,116,106.0,9.6,10.0,11,0.3,1.0,110.1,116.0,118.5,123.0,108.6,119.0,8.6,7.5,14,1.3,2
0.5,0.25,1.0,Tennessee,94.8,82,98,98.0,33.0,32.5,36,0.0,0.0,104.2,108.0,109.2,110.0,119.3,129.0,11.7,11.0,16,5.2,8
0.5,0.25,2.0,Tennessee,94.8,82,98,98.0,41.7,41.0,45,0.0,0.0,102.4,99.0,107.9,108.0,116.5,116.5,17.3,17.0,20,8.2,10
0.5,0.1,2.0,Tennessee,94.8,82,98,98.0,37.7,37.0,42,0.0,0.0,105.1,108.0,109.3,110.0,107.8,108.0,19.2,18.5,26,9.0,11
1.0,0.1,2.0,Virginia,95.0,62,104,99.5,29.9,30.0,33,0.1,1.0,103.0,101.0,107.6,111.0,134.8,130.0,9.4,9.0,14,4.4,6
2.0,0.1,1.0,Virginia,95.3,60,100,99.0,30.0,30.0,33,0.0,0.0,99.5,100.0,108.1,111.0,125.3,130.0,8.8,9.5,12,4.7,6
1.0,0.25,1.0,Connecticut,96.0,91,100,98.0,6.3,7.0,7,0.6,2.0,101.1,101.0,109.3,112.0,163.0,178.0,3.8,3.5,5,1.7,3
0.5,0.1,0.5,Tennessee,96.4,82,98,98.0,21.0,21.0,24,0.0,0.0,108.0,108.0,111.3,111.0,114.2,108.0,10.5,11.0,14,1.7,3
2.0,0.01,1.0,Oregon,96.4,74,115,91.0,10.8,11.0,14,0.0,0.0,133.0,126.5,183.3,189.5,160.2,115.5,4.9,5.0,6,3.9,7
2.0,0.01,0.5,Pennsylvania,96.7,68,136,92.5,46.0,46.5,52,0.1,1.0,115.7,112.5,130.8,117.5,150.7,143.5,16.9,15.0,25,7.9,12
2.0,0.05,0.5,Montana,96.8,93,124,93.0,11.7,12.0,13,0.0,0.0,107.2,100.0,125.6,126.0,111.8,108.0,5.5,5.5,7,1.0,1
1.0,0.25,2.0,Connecticut,96.9,91,100,96.0,6.5,6.5,8,0.2,2.0,101.9,100.0,106.2,106.0,158.9,178.0,3.7,3.5,6,1.5,3
2.0,0.25,0.5,Connecticut,96.9,91,100,99.0,6.3,6.5,7,0.6,3.0,104.8,104.0,109.8,112.0,171.7,178.0,3.6,3.0,5,1.6,3
2.0,0.1,2.0,Mississippi,97.1,78,116,97.0,13.2,13.0,14,0.1,1.0,115.2,116.0,125.2,127.0,241.0,241.0,0.2,0.0,1,2.1,3
2.0,0.01,0.5,Utah,97.2,72,172,79.5,15.0,15.0,17,0.0,0.0,148.6,162.5,182.3,185.5,133.3,80.0,8.5,8.0,13,3.0,5
0.5,0.25,0.5,Connecticut,97.4,91,100,100.0,6.1,6.0,7,0.3,2.0,103.4,103.0,110.4,112.0,178.0,178.0,1.0,1.0,1,1.6,3
2.0,0.05,2.0,Montana,97.5,93,124,93.0,12.3,12.0,14,0.0,0.0,106.9,100.0,124.1,124.0,114.7,108.0,5.7,6.0,7,1.0,1
1.0,0.01,1.0,Utah,97.6,72,162,87.0,14.6,14.5,18,0.0,0.0,135.9,142.5,166.4,172.0,121.8,80.0,8.2,7.5,14,3.4,5
ALL,ALL,ALL,North Carolina,97.66944444444445,54,284,54.0,20.319444444444443,23.0,31,0.03333333333333333,4.0,140.55277777777778,122.0,161.0,127.0,179.20178041543028,115.0,5.118840579710145,5.0,13,4.863888888888889,12
2.0,0.25,2.0,Connecticut,97.7,91,105,99.0,6.9,7.0,8,0.2,1.0,102.9,103.0,106.7,106.0,147.6,154.0,4.5,5.0,6,1.1,2
0.5,0.01,1.0,Utah,97.7,72,118,102.0,10.8,10.5,15,0.1,1.0,138.2,136.0,178.1,177.0,128.2,102.0,5.0,5.5,8,2.2,4
2.0,0.1,0.5,Virginia,97.7,89,100,99.5,29.0,29.5,31,0.1,1.0,101.4,100.0,107.6,111.0,125.2,130.0,9.9,10.0,12,4.2,6
1.0,0.25,2.0,Delaware,97.8,93,141,93.0,2.4,2.0,3,0.0,0.0,135.4,137.5,153.0,153.0,239.28571428571428,304.0,1.4285714285714286,1.0,2,0.0,0
0.5,0.25,2.0,Delaware,97.8,93,141,93.0,2.5,2.5,3,0.0,0.0,136.1,141.0,153.0,153.0,304.0,304.0,1.0,1.0,1,0.0,0
0.5,0.05,0.5,Montana,97.9,93,122,94.5,6.8,7.0,8,0.0,0.0,115.2,124.0,128.0,128.0,113.0,102.0,2.4,2.5,4,0.1,1
0.5,0.05,1.0,South Carolina,98.0,77,121,84.0,8.8,9.0,11,0.0,0.0,128.6,121.0,159.2,168.0,132.1,127.0,2.9,3.0,4,0.7,1
1.0,0.01,0.5,Georgia,98.0,90,112,90.0,14.2,15.0,18,0.0,0.0,123.6,112.0,142.4,143.0,337.875,387.5,1.2222222222222223,1.0,3,1.2,3
2.0,0.25,1.0,Connecticut,98.0,91,100,100.0,6.4,7.0,7,0.3,2.0,104.8,106.0,110.2,112.0,159.0,178.0,3.6,4.0,5,1.6,3
0.5,0.1,0.5,Virginia,98.3,95,100,99.0,18.2,18.0,21,0.0,0.0,100.3,100.0,105.7,103.5,141.2,140.0,4.3,5.0,6,1.0,3
0.5,0.25,1.0,Connecticut,98.3,91,100,100.0,6.9,7.0,8,0.1,1.0,103.2,105.0,106.1,107.0,158.1,178.0,2.6,2.5,4,1.1,2
0.5,0.05,1.0,Montana,98.5,93,124,94.5,9.0,9.0,10,0.0,0.0,120.0,124.0,128.7,128.0,114.1,102.0,3.5,3.5,6,0.6,1
2.0,0.05,1.0,Virginia,98.6,60,113,100.0,26.9,26.5,31,0.1,1.0,115.5,113.0,128.1,129.0,145.7,130.0,7.9,8.0,12,4.0,6
1.0,0.05,0.5,Virginia,98.7,95,104,99.5,19.4,19.0,24,0.0,0.0,108.4,104.5,119.7,113.0,129.3,132.5,7.9,8.0,10,3.3,5
0.5,0.05,2.0,South Carolina,98.8,84,121,84.0,11.6,12.0,14,0.0,0.0,140.0,127.0,168.9,168.0,143.2,101.0,4.6,4.5,7,2.5,4
1.0,0.25,0.5,Connecticut,98.9,91,112,98.0,6.6,7.0,8,0.3,2.0,105.1,103.0,112.0,114.0,169.2,178.0,2.7,3.0,5,1.4,3
0.5,0.05,0.5,Virginia,99.0,95,104,99.0,14.5,13.5,20,0.0,0.0,106.9,100.0,122.7,113.0,119.1,115.0,3.8,3.5,6,0.5,2
0.5,0.25,2.0,Connecticut,99.0,96,100,100.0,6.6,6.5,8,0.0,0.0,102.2,101.0,109.2,107.0,171.7,178.0,2.4,2.0,4,1.3,2
0.5,0.05,0.5,Tennessee,99.0,98,108,98.0,19.0,19.0,23,0.0,0.0,108.7,108.0,113.2,112.0,110.8,108.0,10.5,9.0,17,1.5,3
ALL,ALL,ALL,Montana,99.00833333333334,62,138,93.0,10.516666666666667,11.0,16,0.005555555555555556,1.0,113.25555555555556,100.0,135.33983286908077,124.0,124.69653179190752,114.0,4.269886363636363,5.0,8,0.7722222222222223,1
2.0,0.05,2.0,West Virginia,99.2,77,190,91.0,12.8,13.0,15,0.1,1.0,137.8,131.0,168.4,164.0,122.4,96.0,7.2,8.0,14,1.3,4
0.5,0.01,0.5,Oregon,99.4,74,160,91.0,4.0,4.0,6,0.1,1.0,130.4,115.0,160.0,160.0,150.7,100.0,2.5,2.0,5,2.3,4
0.5,0.05,2.0,Montana,99.9,93,124,93.0,11.3,11.0,13,0.0,0.0,110.4,100.0,126.6,124.0,123.0,114.0,4.3,4.5,6,1.0,1
1.0,0.1,0.5,Connecticut,100.4,91,112,100.0,5.5,6.0,8,0.4,3.0,113.5,112.0,124.6,121.5,153.5,158.5,3.4,3.0,6,2.0,5
0.5,0.1,0.5,Connecticut,100.5,91,112,100.0,4.7,5.0,7,0.2,1.0,110.9,109.5,120.4,116.0,149.9,141.0,2.9,3.0,5,1.9,3
0.5,0.01,2.0,Pennsylvania,100.6,85,119,96.0,45.9,46.0,49,0.5,2.0,125.1,127.5,144.4,144.5,154.5,154.0,17.6,18.0,25,6.6,9
1.0,0.01,2.0,Utah,100.8,72,162,91.0,13.6,14.0,17,0.0,0.0,149.3,158.0,173.3,177.0,120.9,125.5,10.4,11.0,14,3.2,6
2.0,0.01,1.0,Kentucky,100.8,88,111,104.0,34.5,35.5,40,0.0,0.0,104.9,104.0,112.6,111.0,68.5,28.0,15.5,15.0,20,8.3,11
1.0,0.05,1.0,Montana,100.9,93,122,96.5,11.3,11.0,13,0.0,0.0,112.2,111.0,126.3,126.0,121.2,114.0,3.8,3.5,6,1.0,1
0.5,0.1,2.0,Connecticut,101.0,91,112,100.0,5.3,5.5,7,0.3,2.0,115.1,112.0,128.0,134.0,148.9,141.0,4.5,5.0,7,2.5,4
2.0,0.05,0.5,Virginia,101.1,95,113,100.0,26.7,26.5,30,0.0,0.0,109.3,107.5,117.9,114.0,132.4,130.0,9.7,10.0,13,4.4,6
0.5,0.1,1.0,Connecticut,101.4,91,127,100.0,4.9,4.5,7,0.6,2.0,114.1,112.0,126.1,124.5,156.5,160.0,2.9,2.5,5,2.3,4
1.0,0.1,1.0,Connecticut,101.6,91,112,100.0,5.4,6.0,7,0.1,1.0,113.4,112.0,122.9,124.5,141.6,141.5,4.8,4.5,8,2.0,4
0.5,0.05,1.0,Tennessee,101.8,98,116,98.0,26.6,26.5,29,0.0,0.0,110.7,111.0,117.0,114.5,128.8,122.0,12.2,12.0,17,7.2,10
2.0,0.05,2.0,Virginia,101.9,95,113,100.0,26.4,26.5,29,0.0,0.0,111.0,112.0,121.8,120.0,136.7,122.5,7.9,7.5,12,5.0,7
0.5,0.05,2.0,Virginia,102.1,95,113,100.0,22.7,23.5,25,0.0,0.0,112.0,112.0,133.1,131.0,167.7,155.0,8.9,8.0,13,3.9,6
2.0,0.1,1.0,Alabama,102.4,86,127,86.0,8.3,8.5,9,0.0,0.0,214.4,251.0,248.7,254.0,382.1111111111111,465.0,1.3333333333333333,1.0,2,0.0,0
2.0,0.1,2.0,Alabama,102.4,86,127,86.0,9.6,9.5,11,0.0,0.0,176.6,127.0,252.2,251.0,418.0,465.0,1.4444444444444444,1.0,2,0.0,0
1.0,0.05,1.0,Virginia,102.6,95,113,102.0,23.2,23.0,26,0.0,0.0,115.0,113.0,128.5,133.0,153.0,140.0,8.8,9.0,11,4.4,6
1.0,0.1,2.0,Connecticut,102.7,91,112,101.0,5.8,6.0,7,0.3,2.0,115.1,112.0,129.0,127.0,147.7,140.5,4.6,4.5,6,2.1,4
2.0,0.01,2.0,Pennsylvania,103.1,85,119,103.5,45.8,45.0,51,0.4,1.0,117.3,115.0,126.7,124.5,144.4,134.5,18.7,19.0,25,7.4,11
0.5,0.05,2.0,Tennessee,103.8,98,112,103.0,35.2,35.0,39,0.0,0.0,111.7,112.0,115.7,116.0,122.0,122.0,17.0,16.5,21,9.5,11
2.0,0.01,2.0,Massachusetts,103.9,63,188,88.0,6.0,6.0,7,0.0,0.0,156.6,151.5,184.1,179.5,228.25,198.5,1.7777777777777777,2.0,4,0.5,2
1.0,0.1,2.0,Mississippi,104.0,78,116,116.0,12.6,12.5,16,0.1,1.0,118.2,124.0,127.4,127.0,241.0,241.0,0.2,0.0,1,1.6,2
2.0,0.1,0.5,Connecticut,104.8,91,118,106.0,6.7,7.0,8,0.1,1.0,111.7,112.0,119.0,116.0,154.8,158.5,3.8,3.0,6,1.2,2
0.5,0.05,1.0,Virginia,105.0,99,113,100.0,16.5,17.0,18,0.0,0.0,120.8,117.5,136.7,133.0,194.0,157.0,3.9,3.5,7,3.2,5
0.5,0.05,0.5,South Carolina,105.1,83,121,116.0,7.7,8.0,10,0.0,0.0,143.0,148.0,169.1,168.0,137.44444444444446,153.0,1.2222222222222223,1.0,2,0.3,1
2.0,0.1,2.0,Connecticut,105.1,100,127,100.0,5.8,6.0,6,0.0,0.0,116.3,112.0,124.6,121.0,153.0,142.0,3.8,4.0,5,2.1,3
2.0,0.01,2.0,Utah,105.1,72,154,87.0,14.8,15.0,17,0.1,1.0,142.1,124.5,183.0,182.0,150.5,189.0,9.3,9.0,13,3.6,7
1.0,0.01,2.0,Tennessee,105.6,52,165,112.0,22.9,23.0,26,0.0,0.0,144.9,149.0,156.6,154.0,154.8,163.5,11.3,10.5,16,5.7,9
0.5,0.25,0.5,Delaware,106.0,93,141,93.0,2.0,2.0,3,0.0,0.0,134.75,137.5,153.0,153.0,167.0,167.0,1.0,1.0,1,0.0,0
2.0,0.25,2.0,Delaware,106.0,93,141,93.0,2.6,3.0,3,0.0,0.0,139.3,141.0,340.1666666666667,349.5,278.8333333333333,304.0,1.1666666666666667,1.0,2,0.0,0
1.0,0.05,2.0,Virginia,106.2,99,143,100.0,26.4,26.5,30,0.0,0.0,118.4,115.5,133.4,131.0,164.2,150.0,6.7,7.0,9,4.4,6
0.5,0.01,1.0,Pennsylvania,106.2,68,116,115.0,38.5,39.0,42,0.2,1.0,123.9,119.0,138.2,137.5,151.7,143.5,16.1,15.5,27,5.6,10
ALL,ALL,ALL,South Carolina,106.25905292479109,76,336,84.0,11.986072423398328,13.0,20,0.01680672268907563,1.0,135.72268907563026,121.0,174.4355300859599,158.0,112.39411764705882,86.0,6.6608187134502925,6.0,16,1.4289693593314763,4
1.0,0.1,2.0,Alabama,106.5,86,127,106.5,8.2,8.0,9,0.0,0.0,189.3,189.0,241.9,254.0,352.0,367.0,1.0,1.0,1,0.0,0
1.0,0.1,1.0,Alabama,106.5,86,127,106.5,6.3,6.0,7,0.0,0.0,189.6,189.0,262.0,254.0,338.75,367.0,1.25,1.0,2,0.0,0
0.5,0.25,1.0,Delaware,106.7,93,141,93.0,2.5,3.0,3,0.0,0.0,134.55555555555554,141.0,153.0,153.0,153.0,153.0,1.0,1.0,1,0.0,0
1.0,0.25,0.5,Delaware,106.7,93,141,93.0,2.5,2.5,3,0.0,0.0,149.4,141.0,158.6,153.0,263.0,304.0,1.0,1.0,1,0.0,0
2.0,0.01,0.5,New Jersey,106.9,42,236,42.0,5.8,6.0,7,0.0,0.0,209.4,206.0,268.8,228.0,,,0.0,0.0,0,0.0,0
2.0,0.05,0.5,Mississippi,106.9,78,127,116.0,10.6,11.0,13,0.0,0.0,128.4,127.0,144.5,150.0,216.0,216.0,1.0,1.0,2,0.3,1
2.0,0.01,1.0,Pennsylvania,106.9,85,128,108.5,46.7,46.5,50,0.1,1.0,118.0,117.5,136.9,137.5,143.9,133.5,17.9,18.0,24,6.5,9
1.0,0.01,0.5,Pennsylvania,106.9,89,119,115.0,38.7,39.0,44,0.1,1.0,125.8,117.0,140.2,137.5,153.0,135.0,13.6,13.5,21,7.2,9
2.0,0.05,2.0,Mississippi,107.1,78,150,116.0,11.0,11.0,12,0.0,0.0,121.8,127.0,156.4,141.0,205.0,205.0,0.1,0.0,1,1.9,3
2.0,0.1,1.0,Mississippi,107.3,78,116,116.0,13.8,13.0,16,0.3,1.0,121.7,124.0,129.7,127.0,241.0,241.0,0.4,0.0,1,1.6,3
2.0,0.1,1.0,Connecticut,107.3,91,127,109.5,5.9,6.0,8,0.1,1.0,116.8,114.0,127.5,127.0,151.4,141.0,4.3,4.0,6,1.9,3
2.0,0.1,0.5,Mississippi,107.4,79,116,116.0,11.0,11.0,13,0.2,1.0,123.0,124.0,130.5,127.0,241.0,241.0,0.25,0.0,1,0.8,2
1.0,0.01,2.0,Pennsylvania,107.5,89,119,109.0,46.4,46.0,50,0.3,1.0,121.0,117.5,129.6,126.0,150.4,145.0,16.4,16.0,22,6.5,9
1.0,0.1,1.0,Mississippi,108.0,79,116,116.0,11.3,11.0,14,0.3,1.0,123.9,127.0,133.8,132.0,209.0,193.0,0.5714285714285714,0.0,2,0.7,2
2.0,0.01,1.0,Utah,108.2,72,154,117.5,15.0,15.0,17,0.2,1.0,147.4,154.0,180.3,177.0,168.6,189.0,10.2,10.5,12,3.2,4
1.0,0.01,1.0,Montana,109.5,93,133,100.0,7.5,7.0,9,0.0,0.0,139.0,138.0,176.3,155.5,157.66666666666666,181.0,2.7,3.0,5,0.8,1
ALL,ALL,ALL,West Virginia,110.04166666666667,66,279,77.0,9.747222222222222,10.0,16,0.08100558659217877,2.0,142.0,91.0,183.63483146067415,132.0,141.11176470588236,97.0,6.262390670553936,6.0,16,1.3888888888888888,5
2.0,0.25,1.0,Delaware,110.1,93,141,93.0,2.5,2.5,3,0.0,0.0,141.2,141.0,164.2,153.0,285.125,304.0,1.0,1.0,1,0.0,0
2.0,0.01,0.5,Massachusetts,110.6,63,145,129.0,6.2,6.0,7,0.0,0.0,145.5,155.0,202.8,188.0,186.85714285714286,195.0,2.125,2.0,5,0.1,1
2.0,0.01,1.0,North Dakota,110.9,102,135,105.0,13.3,13.5,15,0.0,0.0,147.6,133.5,188.8,164.0,188.11111111111111,168.0,3.9,3.5,8,2.2,5
1.0,0.1,0.5,Mississippi,111.6,78,116,116.0,7.1,7.0,9,0.4,2.0,121.3,127.0,133.8,132.0,193.0,193.0,0.16666666666666666,0.0,1,0.6,2
1.0,0.05,2.0,Connecticut,111.9,91,132,112.0,5.1,5.0,7,0.4,1.0,129.5,129.5,158.7,142.0,152.6,141.5,5.8,5.0,10,2.5,4
2.0,0.25,0.5,Delaware,112.2,93,141,100.0,2.2,2.0,3,0.0,0.0,153.4,147.0,167.0,167.0,273.55555555555554,304.0,1.1111111111111112,1.0,2,0.0,0
0.5,0.1,0.5,Mississippi,112.2,78,116,116.0,4.4,4.0,6,0.1,1.0,125.3,127.0,133.0,132.0,,,0.0,0.0,0,0.3,1
1.0,0.05,0.5,Mississippi,112.2,79,127,116.0,6.3,6.5,8,0.2,1.0,127.4,124.0,154.7,129.5,191.0,191.0,0.14285714285714285,0.0,1,0.7,1
1.0,0.01,1.0,Maryland,112.2,106,128,111.0,9.3,9.5,11,0.2,1.0,139.6,128.0,189.3,201.0,155.2,159.0,7.4,7.5,11,0.7,2
0.5,0.1,2.0,Mississippi,112.3,79,116,116.0,11.1,11.0,14,0.1,1.0,124.7,125.5,132.8,129.5,192.0,192.0,0.3333333333333333,0.0,1,0.6,2
0.5,0.01,2.0,North Dakota,112.6,105,123,107.0,11.4,12.0,13,0.0,0.0,135.3,129.0,155.2,158.5,125.6,98.0,5.0,5.5,8,0.4,2
ALL,ALL,ALL,Virginia,112.62777777777778,60,304,99.0,22.880555555555556,25.0,37,0.041666666666666664,1.0,132.28055555555557,100.0,146.68523676880224,113.0,173.67605633802816,134.0,7.072625698324022,8.0,17,3.158333333333333,7
2.0,0.01,2.0,Tennessee,112.7,52,153,116.0,24.0,23.0,29,0.0,0.0,150.6,153.0,168.4,165.0,187.2,187.0,12.5,12.5,19,5.4,12
ALL,ALL,ALL,Maine,112.89166666666667,83,309,83.0,7.761111111111111,8.0,11,0.016666666666666666,1.0,161.18055555555554,150.0,187.974930362117,191.0,171.25912408759123,169.0,1.391025641025641,1.0,3,0.2638888888888889,2
2.0,0.25,2.0,New Hampshire,113.0,113,113,113.0,6.0,6.0,8,0.5,1.0,138.8,131.0,177.6,171.0,121.0,121.0,0.25,0.0,1,0.8,1
1.0,0.01,1.0,Oregon,113.1,59,224,91.0,8.7,8.5,11,0.0,0.0,132.7,115.0,175.8,150.0,199.7,160.0,4.9,5.0,8,3.9,6
0.5,0.1,1.0,Mississippi,113.3,78,127,116.0,6.6,7.0,9,0.0,0.0,125.8,127.0,138.0,132.0,,,0.0,0.0,0,0.2,1
2.0,0.01,0.5,Montana,113.9,93,133,114.0,7.4,7.0,10,0.0,0.0,138.1,134.0,160.0,169.0,149.66666666666666,145.0,3.0,3.0,4,0.8,1
1.0,0.01,2.0,Maryland,114.1,106,128,111.0,8.9,9.0,11,0.0,0.0,132.1,123.5,156.9,140.0,134.9,138.0,8.5,8.5,13,1.6,3
1.0,0.01,0.5,Maryland,114.2,104,128,116.0,8.0,8.0,9,0.1,1.0,131.8,124.0,172.1,140.0,143.0,141.0,6.2,6.0,8,0.7,2
0.5,0.01,0.5,Maryland,114.3,106,128,116.0,6.3,6.5,9,0.0,0.0,132.0,128.0,148.2,140.0,140.66666666666666,141.0,5.111111111111111,5.0,11,0.1,1
1.0,0.01,0.5,Montana,114.3,93,133,114.0,6.1,6.0,7,0.0,0.0,133.8,133.0,157.3,155.5,149.0,149.0,2.4,2.0,5,0.4,1
2.0,0.01,2.0,Maryland,114.6,106,128,111.0,9.5,10.0,11,0.1,1.0,124.0,128.0,152.5,136.0,123.7,134.5,8.0,8.5,11,1.4,3
0.5,0.01,0.5,Pennsylvania,114.8,89,156,109.0,32.7,34.0,37,0.2,1.0,146.6,146.5,153.5,156.0,171.0,160.0,12.7,12.5,17,5.5,7
0.5,0.1,2.0,Alabama,115.1,86,254,86.0,5.6,5.5,7,0.0,0.0,194.8,190.5,294.4,275.5,355.0,367.0,1.0,1.0,1,0.0,0
1.0,0.01,0.5,North Dakota,115.4,70,167,116.0,8.9,9.0,11,0.0,0.0,146.7,143.5,168.3,162.5,169.0,168.0,4.0,4.0,6,0.1,1
0.5,0.01,1.0,Maryland,115.4,106,128,116.0,8.6,8.5,10,0.0,0.0,129.2,128.0,169.1,153.5,143.0,141.0,6.8,7.5,10,0.4,2
2.0,0.01,1.0,Massachusetts,115.8,63,165,130.5,6.3,6.0,7,0.0,0.0,157.7,159.5,190.4,188.0,241.57142857142858,183.0,2.2857142857142856,2.0,5,0.1,1
2.0,0.01,2.0,Montana,116.2,93,133,128.0,8.5,8.0,10,0.0,0.0,132.8,133.0,162.1,155.5,174.77777777777777,142.0,3.6,4.0,6,1.0,1
2.0,0.05,2.0,Connecticut,116.2,91,132,117.0,5.4,5.0,7,0.1,1.0,127.7,127.0,138.5,142.0,154.6,139.0,5.2,5.5,8,2.2,3
1.0,0.05,1.0,West Virginia,116.5,77,190,91.0,11.3,11.0,13,0.1,1.0,147.4,140.5,194.4,183.0,174.8,96.0,6.2,7.0,14,1.2,2
1.0,0.01,2.0,North Dakota,116.6,55,158,123.0,13.5,14.0,15,0.0,0.0,127.5,132.5,142.8,146.0,118.0,98.0,4.1,4.5,5,0.8,2
0.5,0.25,0.5,New Hampshire,116.7,83,171,113.0,4.5,4.5,5,0.3,1.0,141.8,131.0,174.1,171.0,113.66666666666667,120.0,0.5,0.5,1,0.5,1
2.0,0.01,1.0,Maryland,116.8,106,130,116.0,9.7,9.5,11,0.0,0.0,134.1,128.0,158.3,140.0,141.6,141.0,7.8,7.5,11,1.1,2
1.0,0.25,2.0,New Hampshire,117.4,113,144,113.0,6.2,6.0,7,0.4,1.0,159.5,171.0,183.0,191.0,388.6666666666667,523.0,0.42857142857142855,0.0,1,0.5,1
0.5,0.05,2.0,Connecticut,117.7,91,132,117.0,5.0,5.0,7,0.3,2.0,129.1,131.0,142.6,142.0,147.1,139.0,5.5,6.0,9,2.2,3
1.0,0.05,1.0,Connecticut,117.7,100,142,116.0,4.8,5.0,7,0.4,2.0,134.3,137.0,182.2,142.0,158.9,159.5,5.3,5.0,10,2.4,4
0.5,0.05,1.0,Mississippi,117.9,78,127,124.0,4.9,5.0,7,0.0,0.0,153.5,127.0,210.7,161.5,,,0.0,0.0,0,0.3,1
2.0,0.01,2.0,North Dakota,118.0,70,152,122.0,13.5,13.5,16,0.0,0.0,143.7,157.0,167.7,164.0,168.6,168.0,5.8,5.5,10,1.9,4
2.0,0.05,1.0,Mississippi,118.2,116,127,116.0,11.1,11.0,13,0.0,0.0,129.3,127.0,149.5,150.0,216.0,216.0,0.2222222222222222,0.0,1,0.9,2
0.5,0.01,0.5,Tennessee,118.3,108,155,116.0,9.2,9.5,15,0.0,0.0,160.2,153.0,179.4,177.0,186.0,187.0,3.2222222222222223,4.0,5,1.1,3
1.0,0.01,1.0,Tennessee,118.7,52,233,116.5,20.4,21.0,23,0.0,0.0,160.5,154.0,182.0,163.0,166.0,159.5,9.6,8.5,15,5.2,8
2.0,0.1,0.5,Alabama,118.9,86,251,106.5,7.8,8.0,9,0.0,0.0,215.0,251.0,262.4,254.0,319.3333333333333,367.0,1.1666666666666667,1.0,2,0.0,0
0.5,0.01,0.5,North Dakota,118.9,70,167,116.5,4.2,4.0,7,0.0,0.0,156.6,149.0,195.33333333333334,161.0,180.8,168.0,2.3333333333333335,2.5,4,0.2,2
0.5,0.25,1.0,Arkansas,119.0,119,119,119.0,7.6,7.5,9,0.0,0.0,120.6,121.0,128.2,133.0,200.14285714285714,196.0,1.2857142857142858,1.0,2,0.0,0
1.0,0.25,0.5,Arkansas,119.0,119,119,119.0,9.2,9.0,10,0.0,0.0,120.7,121.0,129.4,133.0,195.9,196.0,2.2,2.0,3,0.0,0
1.0,0.25,2.0,Arkansas,119.0,119,119,119.0,14.9,15.0,16,0.0,0.0,120.8,121.0,130.6,133.0,207.0,207.0,3.8,4.0,5,0.0,0
0.5,0.25,2.0,Arkansas,119.0,119,119,119.0,12.2,12.0,13,0.0,0.0,120.7,121.0,129.4,133.0,200.4,196.0,2.8,3.0,4,0.0,0
0.5,0.25,0.5,Arkansas,119.0,119,119,119.0,6.3,6.0,7,0.0,0.0,120.6,121.0,128.2,133.0,185.2,196.0,1.0,1.0,1,0.0,0
1.0,0.25,1.0,Arkansas,119.0,119,119,119.0,12.4,12.0,14,0.0,0.0,120.8,121.0,130.6,133.0,197.0,201.5,3.9,4.0,6,0.0,0
2.0,0.25,0.5,Arkansas,119.0,119,119,119.0,14.9,15.0,16,0.0,0.0,121.0,121.0,133.0,133.0,275.8,270.0,3.5,4.0,4,0.0,0
1.0,0.1,0.5,Arkansas,119.0,119,119,119.0,8.8,9.0,9,0.0,0.0,120.8,121.0,131.8,133.0,186.0,207.0,1.9,2.0,3,0.0,0
0.5,0.1,1.0,Arkansas,119.0,119,119,119.0,7.1,7.0,9,0.0,0.0,120.7,121.0,130.0,133.0,172.5,196.0,2.0,2.0,3,0.0,0
0.5,0.1,0.5,Arkansas,119.0,119,119,119.0,5.4,5.5,6,0.0,0.0,121.0,121.0,133.9,133.0,163.5,182.5,1.5,1.5,2,0.0,0
2.0,0.25,2.0,Arkansas,119.0,119,119,119.0,14.2,14.0,15,0.0,0.0,120.8,121.0,130.9,133.0,28.0,28.0,3.6,3.5,5,0.1,1
1.0,0.1,2.0,Arkansas,119.0,119,119,119.0,13.1,13.0,14,0.0,0.0,120.8,121.0,131.2,133.0,214.2,207.0,3.1,3.0,4,0.1,1
2.0,0.1,2.0,Arkansas,119.0,119,119,119.0,13.5,13.5,15,0.0,0.0,120.9,121.0,131.8,133.0,28.0,28.0,3.6,3.0,5,0.1,1
2.0,0.1,0.5,Arkansas,119.0,119,119,119.0,13.6,13.5,15,0.0,0.0,120.9,121.0,132.7,133.0,234.7,238.5,2.9,3.0,4,0.1,1
1.0,0.1,1.0,Arkansas,119.0,119,119,119.0,11.9,12.0,12,0.0,0.0,120.8,121.0,131.5,133.0,188.0,201.5,3.6,4.0,5,0.2,1
2.0,0.25,1.0,Arkansas,119.0,119,119,119.0,14.6,14.0,16,0.0,0.0,120.9,121.0,132.1,133.0,280.0,270.0,3.5,3.0,5,0.4,1
2.0,0.1,1.0,Arkansas,119.0,119,119,119.0,12.9,13.0,14,0.0,0.0,120.9,121.0,131.8,133.0,285.4,299.0,3.0,3.0,5,0.4,2
0.5,0.1,2.0,Arkansas,119.1,119,120,119.0,12.1,12.0,14,0.0,0.0,120.8,121.0,130.9,133.0,198.1,207.0,2.2,2.0,5,0.2,1
0.5,0.05,2.0,Arkansas,119.2,119,121,119.0,10.8,11.0,12,0.0,0.0,122.5,121.0,142.5,136.0,108.7,120.0,2.9,3.0,4,0.3,1
1.0,0.05,1.0,Mississippi,119.2,110,127,116.0,8.3,8.5,10,0.2,1.0,132.3,127.0,150.9,150.0,346.0,241.0,0.6,1.0,1,0.4,1
2.0,0.05,2.0,Arkansas,119.3,119,120,119.0,11.9,12.0,14,0.0,0.0,122.1,121.0,133.0,133.0,67.2,28.0,4.2,4.0,8,0.7,2
1.0,0.05,0.5,Arkansas,119.4,119,121,119.0,6.9,7.0,8,0.0,0.0,123.4,121.0,136.7,136.0,139.0,149.0,1.6666666666666667,1.0,3,0.0,0
0.5,0.05,1.0,Arkansas,119.4,119,121,119.0,5.7,6.0,7,0.0,0.0,125.0,121.0,155.5,136.0,93.7,120.0,2.0,2.0,4,0.0,0
2.0,0.05,1.0,Arkansas,119.4,119,121,119.0,11.6,12.0,13,0.0,0.0,123.7,121.0,136.8,136.0,138.7,120.0,3.1,3.0,5,0.4,1
1.0,0.05,1.0,Arkansas,119.4,119,121,119.0,10.8,11.0,12,0.0,0.0,123.7,121.0,140.8,136.0,135.55555555555554,120.0,3.7777777777777777,4.0,7,0.5,1
2.0,0.01,0.5,North Dakota,119.4,105,135,123.0,12.6,12.5,16,0.0,0.0,136.7,132.5,159.7,156.0,161.22222222222223,168.0,4.6,5.0,7,0.7,1
1.0,0.01,2.0,New York,119.4,86,172,117.5,7.5,7.5,11,2.6,10.0,143.6,145.0,157.9,155.0,28.0,28.0,161.9,163.0,195,40.7,45
ALL,ALL,ALL,Connecticut,119.45555555555555,91,296,112.0,5.188888888888889,5.0,8,0.48467966573816157,4.0,148.1392757660167,127.0,170.3426966292135,138.0,180.14202898550724,178.0,3.4901960784313726,3.0,10,1.8583333333333334,5
0.5,0.05,0.5,Arkansas,119.6,119,121,119.0,4.0,4.0,5,0.0,0.0,127.4,121.0,139.0,136.0,115.42857142857143,120.0,1.7142857142857142,2.0,2,0.0,0
2.0,0.05,0.5,Arkansas,119.6,119,121,119.0,11.7,11.5,14,0.0,0.0,124.8,121.0,141.7,136.0,180.5,196.0,3.1,3.0,5,0.5,1
0.5,0.01,0.5,Massachusetts,119.7,63,188,145.0,4.3,4.5,5,0.0,0.0,163.7,171.0,221.8,188.0,134.0,128.0,2.6,3.0,4,0.0,0
0.5,0.25,1.0,New Hampshire,119.7,113,171,113.0,5.7,6.0,8,0.6,1.0,160.9,171.0,188.6,191.0,,,0.0,0.0,0,0.6,1
1.0,0.01,1.0,Pennsylvania,119.7,96,156,119.0,47.1,47.5,51,0.0,0.0,133.3,136.0,147.9,150.0,162.6,146.0,17.0,17.5,21,6.4,13
1.0,0.05,2.0,Arkansas,119.8,119,121,119.0,11.6,11.5,14,0.0,0.0,126.1,121.0,141.2,134.5,144.1,158.0,3.3,3.0,7,0.2,1
0.5,0.01,1.0,North Dakota,120.0,105,152,114.0,6.3,6.0,8,0.0,0.0,138.8,142.0,176.6,164.5,183.7,168.0,3.2,3.0,6,0.1,1
2.0,0.01,0.5,Maryland,120.0,106,140,116.0,8.4,8.0,10,0.0,0.0,139.7,130.0,160.0,150.5,149.1,136.5,7.2,7.5,12,2.0,4
1.0,0.05,2.0,Mississippi,120.1,116,127,116.0,10.5,10.5,13,0.1,1.0,133.6,127.0,146.7,150.0,,,0.0,0.0,0,0.9,2
0.5,0.05,0.5,Mississippi,120.4,116,127,116.0,3.6,3.0,6,0.0,0.0,133.7,127.0,154.44444444444446,157.0,,,0.0,0.0,0,0.1,1
2.0,0.01,1.0,Tennessee,120.4,52,220,116.0,23.0,23.0,27,0.0,0.0,154.0,149.0,177.9,165.0,173.8,156.5,10.5,10.5,15,5.4,8
1.0,0.25,1.0,New Hampshire,120.5,113,157,113.0,6.4,6.5,8,0.6,1.0,158.2,171.0,180.9,191.0,,,0.0,0.0,0,0.7,1
2.0,0.01,1.0,Montana,120.9,93,133,128.0,7.1,8.0,10,0.1,1.0,152.7,137.5,175.4,169.0,211.6,196.0,2.7,2.5,5,0.8,1
2.0,0.05,0.5,Connecticut,121.1,100,132,124.5,4.6,5.0,6,0.4,4.0,146.1,132.0,159.5,142.0,166.6,178.0,4.0,4.0,6,2.6,4
2.0,0.01,2.0,New Jersey,121.5,42,186,160.5,5.8,6.0,7,0.0,0.0,228.9,186.0,248.7,203.0,,,0.0,0.0,0,0.0,0
1.0,0.01,2.0,Montana,121.5,93,133,133.0,7.7,7.5,10,0.0,0.0,142.3,134.0,164.5,169.0,190.6,181.0,2.8,3.0,4,0.7,1
0.5,0.01,1.0,Montana,121.6,93,138,130.5,5.6,5.5,8,0.0,0.0,140.9,142.0,193.3,178.0,186.16666666666666,203.0,1.0,1.0,3,0.6,1
1.0,0.05,0.5,Connecticut,121.7,100,132,129.0,4.6,5.0,6,0.1,1.0,132.4,135.0,137.6,142.0,165.33333333333334,178.0,4.0,4.0,6,2.1,3
0.5,0.05,0.5,Connecticut,122.4,100,132,127.0,3.3,3.0,4,0.2,1.0,134.3,142.0,146.7,142.0,161.0,166.0,3.7,3.5,6,2.6,4
0.5,0.01,0.5,Montana,123.1,93,138,128.0,4.2,4.0,7,0.0,0.0,155.6,140.0,195.55555555555554,169.0,152.8,182.0,1.6,1.0,3,0.0,0
0.5,0.05,2.0,Mississippi,123.4,116,127,127.0,9.4,9.5,12,0.0,0.0,140.8,150.0,151.7,156.5,191.0,191.0,0.25,0.0,1,0.4,1
1.0,0.01,1.0,North Dakota,123.5,105,140,126.5,11.5,11.5,14,0.0,0.0,143.8,143.5,180.8,168.0,188.0,198.5,3.7,3.5,7,1.2,3
0.5,0.01,1.0,Massachusetts,123.6,63,161,145.0,4.8,5.0,6,0.0,0.0,171.4,174.0,202.3,188.0,180.625,183.5,1.875,1.0,5,0.1,1
1.0,0.01,0.5,Tennessee,123.9,98,176,116.0,13.9,14.5,21,0.0,0.0,149.2,153.0,163.3,160.0,169.2,132.0,5.4,4.5,10,1.6,3
0.5,0.05,1.0,Connecticut,123.9,91,142,132.0,4.2,4.0,6,0.4,3.0,141.7,142.0,182.0,146.0,167.0,178.0,3.1,3.5,5,2.3,4
2.0,0.05,1.0,Connecticut,124.0,107,132,127.0,4.8,5.0,7,0.2,1.0,134.3,137.0,144.0,142.0,158.1,158.0,5.2,5.0,8,2.7,4
2.0,0.01,0.5,Tennessee,124.9,52,155,124.0,22.9,22.0,28,0.0,0.0,150.4,153.0,157.5,160.0,205.9,229.5,9.6,9.0,18,5.2,9
0.5,0.01,2.0,Tennessee,125.2,108,155,116.0,19.5,19.5,23,0.0,0.0,147.0,154.0,177.6,175.5,174.5,156.5,9.3,9.0,15,3.5,6
1.0,0.25,0.5,New Hampshire,125.9,113,171,115.0,5.9,6.0,7,0.4,1.0,166.8,171.0,187.0,191.0,140.0,120.0,0.5714285714285714,0.0,2,0.5,1
0.5,0.01,2.0,Montana,125.9,100,133,133.0,6.9,6.5,10,0.1,1.0,151.2,134.0,185.3,178.0,148.375,145.0,2.1,2.0,5,0.7,1
2.0,0.01,0.5,New York,126.4,86,178,131.5,9.1,9.0,11,0.6,3.0,142.1,143.5,159.1,153.5,28.0,28.0,147.6,145.0,177,38.4,40
0.5,0.01,2.0,Massachusetts,126.9,63,165,145.0,6.3,6.0,7,0.0,0.0,173.4,171.0,224.9,188.0,184.33333333333334,195.0,1.4,1.0,3,0.2,1
2.0,0.25,0.5,New Hampshire,127.7,113,171,113.0,6.3,6.5,7,0.5,1.0,160.1,171.0,181.7,191.0,388.6666666666667,523.0,0.375,0.0,1,0.6,1
1.0,0.01,1.0,Massachusetts,128.0,63,171,145.0,6.5,6.5,7,0.0,0.0,167.2,171.0,201.6,188.0,188.875,183.5,1.5,1.0,3,0.0,0
0.5,0.01,2.0,New York,128.4,80,160,140.5,8.2,7.0,17,2.7,18.0,165.0,162.0,178.7,176.5,28.0,28.0,152.0,146.5,184,39.7,44
2.0,0.01,2.0,New York,128.9,80,155,139.5,8.9,9.5,13,0.9,5.0,150.8,150.5,164.2,158.5,28.0,28.0,140.3,143.0,152,39.1,43
2.0,0.25,1.0,New Hampshire,129.0,113,171,113.0,6.4,6.0,8,0.5,1.0,156.1,157.5,180.3,191.0,121.0,121.0,0.14285714285714285,0.0,1,0.6,1
0.5,0.25,2.0,New Hampshire,129.9,113,171,115.0,6.3,6.0,8,0.3,1.0,153.6,157.0,176.9,181.0,523.0,523.0,0.3333333333333333,0.0,1,0.3,1
1.0,0.01,0.5,New York,130.4,80,169,142.5,7.8,8.0,12,0.0,0.0,156.7,160.0,172.6,175.0,28.0,28.0,129.6,129.5,156,39.4,44
2.0,0.01,1.0,New York,130.6,80,195,135.0,8.7,8.0,13,0.4,2.0,153.7,150.0,168.3,167.5,28.0,28.0,150.4,149.5,173,38.8,42
1.0,0.01,0.5,Massachusetts,131.0,63,188,145.0,5.5,6.0,6,0.0,0.0,192.7,174.0,248.7,215.0,239.0,189.0,1.2222222222222223,1.0,3,0.1,1
ALL,ALL,ALL,Mississippi,131.0974930362117,78,387,116.0,8.649025069637883,9.0,17,0.07780979827089338,2.0,163.96829971181558,127.0,179.8662613981763,132.0,221.7906976744186,193.0,0.4549763033175355,0.0,2,0.7688022284122563,3
0.5,0.1,2.0,Delaware,131.4,93,141,141.0,2.1,2.0,3,0.0,0.0,196.3,181.0,458.0,458.0,254.8,304.0,1.4,1.0,3,0.0,0
1.0,0.1,1.0,Delaware,131.4,93,141,141.0,2.3,2.0,3,0.0,0.0,163.9,167.0,181.0,181.0,226.0,181.0,1.2857142857142858,1.0,2,0.0,0
0.5,0.1,0.5,Delaware,131.4,93,141,141.0,1.5,1.0,3,0.0,0.0,154.0,147.0,153.0,153.0,162.0,162.0,1.0,1.0,1,0.0,0
1.0,0.1,2.0,Delaware,132.7,93,141,141.0,2.0,2.0,2,0.0,0.0,201.1,181.0,,,181.0,181.0,1.0,1.0,1,0.0,0
0.5,0.01,2.0,Maryland,133.0,106,234,116.0,9.5,9.5,11,0.1,1.0,146.9,128.0,192.4,140.0,182.5,156.0,7.3,6.5,13,0.9,2
0.5,0.1,1.0,New Hampshire,133.5,113,171,113.0,5.0,5.0,6,0.6,1.0,177.6,171.0,207.6,191.0,160.0,160.0,0.16666666666666666,0.0,1,0.6,1
2.0,0.1,1.0,Delaware,134.1,93,141,141.0,2.2,2.0,3,0.0,0.0,168.0,181.0,181.0,181.0,222.0,181.0,1.5,1.5,2,0.0,0
0.5,0.01,1.0,Tennessee,134.1,112,161,134.5,11.4,11.0,15,0.1,1.0,159.3,154.0,188.2,166.5,216.5,203.0,5.2,5.0,8,2.1,4
1.0,0.1,0.5,Delaware,134.2,107,141,141.0,1.9,2.0,3,0.0,0.0,174.0,181.0,181.0,181.0,251.28571428571428,304.0,1.0,1.0,1,0.0,0
ALL,ALL,ALL,Arkansas,134.625,119,525,119.0,9.125,9.0,16,0.0,0.0,150.01142857142858,121.0,170.73076923076923,133.0,164.61258278145695,196.0,2.783606557377049,3.0,8,0.1638888888888889,2
0.5,0.01,0.5,New York,135.2,86,178,146.5,6.9,7.5,11,1.3,6.0,152.3,155.5,172.5,176.5,34.8,28.0,108.4,103.5,131,37.4,42
0.5,0.1,1.0,Delaware,135.5,93,141,141.0,1.3,1.0,2,0.0,0.0,149.0,153.0,,,174.0,181.0,1.0,1.0,1,0.0,0
2.0,0.1,0.5,Delaware,135.5,93,141,141.0,2.3,2.0,3,0.0,0.0,199.1,181.0,171.66666666666666,181.0,198.57142857142858,181.0,1.4285714285714286,1.0,2,0.0,0
1.0,0.01,2.0,Vermont,135.6,122,150,136.5,9.1,9.5,11,0.6,3.0,163.0,152.5,179.9,178.0,28.0,28.0,5.2,5.0,7,3.9,7
1.0,0.1,2.0,New Hampshire,137.5,113,171,117.5,6.0,6.0,8,0.3,1.0,170.8,171.0,187.0,191.0,140.0,140.0,1.0,1.0,2,0.3,1
1.0,0.05,0.5,Delaware,137.6,107,141,141.0,2.0,2.0,3,0.0,0.0,177.88888888888889,181.0,181.0,181.0,174.66666666666666,181.0,1.0,1.0,1,0.0,0
2.0,0.1,0.5,New Hampshire,138.3,113,171,130.5,5.9,6.0,7,0.4,1.0,170.3,171.0,189.0,191.0,140.0,140.0,0.4,0.0,1,0.4,1
2.0,0.01,1.0,Vermont,139.5,39,178,143.5,9.0,9.0,12,1.2,4.0,169.2,166.5,196.1,186.5,28.0,28.0,6.8,7.0,11,4.2,7
1.0,0.05,1.0,Delaware,139.6,134,141,141.0,2.0,2.0,3,0.0,0.0,291.6666666666667,181.0,181.0,181.0,181.0,181.0,1.1428571428571428,1.0,2,0.0,0
0.5,0.05,2.0,Delaware,139.6,134,141,141.0,2.0,2.0,2,0.0,0.0,228.6,181.0,,,181.0,181.0,1.2857142857142858,1.0,2,0.0,0
2.0,0.1,2.0,Delaware,139.6,134,141,141.0,2.3,2.0,3,0.0,0.0,203.1,181.0,293.3333333333333,181.0,230.2,181.0,1.2,1.0,2,0.0,0
0.5,0.01,1.0,New York,139.7,80,195,147.5,5.9,6.0,9,2.8,14.0,171.4,173.5,200.0,187.0,28.0,28.0,130.3,136.0,149,41.0,44
0.5,0.05,0.5,Delaware,140.3,134,141,141.0,1.4,1.0,2,0.0,0.0,174.0,181.0,,,181.0,181.0,1.0,1.0,1,0.0,0
2.0,0.05,0.5,Delaware,140.3,134,141,141.0,2.0,2.0,3,0.0,0.0,253.11111111111111,181.0,181.0,181.0,172.55555555555554,181.0,1.3333333333333333,1.0,2,0.0,0
1.0,0.05,2.0,Delaware,141.0,141,141,141.0,1.9,2.0,3,0.0,0.0,173.0,181.0,298.5,298.5,177.2,181.0,1.0,1.0,1,0.0,0
0.5,0.05,1.0,Delaware,141.0,141,141,141.0,1.7,1.5,3,0.0,0.0,164.2,153.0,181.0,181.0,168.33333333333334,181.0,1.1666666666666667,1.0,2,0.0,0
2.0,0.05,1.0,Delaware,141.0,141,141,141.0,2.1,2.0,3,0.0,0.0,338.1111111111111,416.0,181.0,181.0,176.77777777777777,181.0,1.3333333333333333,1.0,3,0.0,0
2.0,0.05,2.0,Delaware,141.0,141,141,141.0,2.3,2.0,3,0.0,0.0,226.6,181.0,293.3333333333333,181.0,175.57142857142858,181.0,1.1428571428571428,1.0,2,0.0,0
2.0,0.01,0.5,Vermont,141.0,101,207,140.0,8.6,8.5,11,0.8,3.0,169.0,152.5,195.4,194.5,28.0,28.0,6.7,6.0,12,4.5,6
0.5,0.01,0.5,Vermont,141.5,39,193,147.0,7.9,8.0,10,0.6,4.0,161.4,150.0,173.7,163.0,153.8,175.0,4.2,2.5,14,3.5,6
1.0,0.1,0.5,New Hampshire,142.4,113,171,144.0,5.3,5.0,7,0.4,1.0,178.9,191.0,191.6,191.0,158.0,158.0,0.25,0.0,1,0.4,1
2.0,0.1,2.0,New Hampshire,142.5,113,171,144.5,6.1,6.0,7,0.4,1.0,179.6,181.0,189.0,191.0,159.33333333333334,160.0,0.6,1.0,1,0.4,1
1.0,0.01,1.0,New York,143.6,86,179,151.0,7.6,7.5,11,0.9,6.0,157.0,159.0,171.6,170.5,28.0,28.0,150.7,148.5,177,40.2,43
2.0,0.01,2.0,Connecticut,144.5,127,194,140.5,4.1,4.0,8,1.8,3.0,269.3,291.0,318.1,317.0,240.1,178.0,3.3,3.5,5,2.0,3
2.0,0.01,2.0,Vermont,147.2,123,178,147.0,10.1,10.5,11,0.5,3.0,174.9,180.5,193.3,201.0,28.0,28.0,4.9,5.5,8,3.0,5
0.5,0.01,2.0,Vermont,148.5,130,178,147.0,8.9,9.0,10,0.4,1.0,172.7,178.0,197.4,204.5,28.0,28.0,6.2,5.0,13,4.2,6
0.5,0.25,1.0,Louisiana,149.0,149,149,149.0,1.75,2.0,3,0.0,0.0,263.2,306.0,306.0,306.0,,,0.0,0.0,0,0.0,0
2.0,0.25,1.0,Louisiana,149.0,149,149,149.0,3.6,3.5,5,0.0,0.0,197.6,193.0,343.0,347.5,,,0.0,0.0,0,0.0,0
0.5,0.05,0.5,Louisiana,149.0,149,149,149.0,1.0,1.0,1,,,,,,,,,0.0,0.0,0,0.0,0
2.0,0.25,2.0,Louisiana,149.0,149,149,149.0,4.1,4.0,5,0.0,0.0,197.6,193.0,319.4,369.0,,,0.0,0.0,0,0.0,0
2.0,0.25,0.5,Louisiana,149.0,149,149,149.0,3.6,4.0,5,0.0,0.0,199.6,193.0,266.55555555555554,213.0,,,0.0,0.0,0,0.0,0
1.0,0.1,0.5,Louisiana,149.0,149,149,149.0,1.5,1.5,2,0.0,0.0,268.3333333333333,306.0,,,,,0.0,0.0,0,0.0,0
0.5,0.1,0.5,Alabama,149.0,86,254,86.0,1.25,1.0,2,0.0,0.0,254.0,254.0,,,,,0.0,0.0,0,0.0,0
1.0,0.01,0.5,Vermont,149.1,122,194,147.0,9.0,9.0,11,0.5,1.0,174.1,178.0,195.1,210.0,151.77777777777777,163.0,3.2,3.0,6,3.6,6
0.5,0.01,1.0,New Jersey,149.7,42,236,183.0,4.2,4.0,6,0.0,0.0,231.0,215.0,290.77777777777777,268.0,,,0.0,0.0,0,0.0,0
0.5,0.1,0.5,New Hampshire,150.0,113,171,164.0,3.6,3.5,5,0.2,1.0,180.3,191.0,217.33333333333334,204.0,160.0,160.0,0.5,0.5,1,0.2,1
1.0,0.01,2.0,Connecticut,150.1,132,178,151.5,4.5,4.0,6,0.7,2.0,188.4,194.0,260.2,266.5,237.9,227.0,3.1,3.0,4,1.6,3
2.0,0.01,0.5,Connecticut,150.7,132,194,149.0,3.9,4.0,5,1.2,3.0,226.2,209.0,320.0,301.0,268.7,210.0,3.2,3.5,6,2.0,3
2.0,0.01,1.0,Connecticut,151.2,132,194,149.0,4.5,4.5,6,1.3,2.0,240.8,248.0,275.5,296.0,272.22222222222223,257.0,3.0,3.0,6,1.6,3
1.0,0.01,1.0,Vermont,151.4,132,181,147.0,9.5,9.0,11,0.5,2.0,172.9,167.5,190.6,196.0,28.0,28.0,6.1,5.5,11,3.7,5
1.0,0.01,1.0,Connecticut,151.7,122,226,140.5,3.7,4.0,5,1.3,3.0,254.6,284.0,326.4,306.0,244.2,236.0,3.1,3.0,5,1.9,3
1.0,0.01,2.0,New Jersey,152.0,42,197,180.0,6.6,7.0,8,0.0,0.0,200.9,200.0,235.5,213.5,,,0.0,0.0,0,0.1,1
1.0,0.1,0.5,Alabama,152.8,86,254,127.0,3.0,3.0,4,0.0,0.0,270.3,254.0,351.5,393.0,,,0.0,0.0,0,0.0,0
1.0,0.1,1.0,New Hampshire,153.1,113,171,171.0,6.0,6.0,7,0.1,1.0,183.0,191.0,191.0,191.0,321.5,321.5,0.6666666666666666,1.0,1,0.2,1
ALL,ALL,ALL,Delaware,153.37853107344634,93,506,141.0,1.9322033898305084,2.0,3,0.0,0.0,202.41379310344828,181.0,198.231884057971,153.0,219.60714285714286,181.0,1.1785714285714286,1.0,3,0.0,0
1.0,0.25,0.5,Louisiana,153.4,149,193,149.0,2.2,2.0,3,0.0,0.0,222.75,196.0,321.0,326.0,,,0.0,0.0,0,0.0,0
1.0,0.25,1.0,Louisiana,153.4,149,193,149.0,3.2,3.0,4,0.0,0.0,216.6,193.0,299.625,347.0,,,0.0,0.0,0,0.0,0
0.5,0.25,0.5,Louisiana,154.0,149,199,149.0,1.2,1.0,2,0.0,0.0,199.0,199.0,,,,,0.0,0.0,0,0.0,0
2.0,0.1,1.0,New Hampshire,154.1,113,171,171.0,6.4,6.0,7,0.2,1.0,185.0,191.0,191.0,191.0,523.0,523.0,0.3333333333333333,0.0,1,0.3,1
1.0,0.01,1.0,Mississippi,154.2,127,325,127.0,5.2,5.0,7,0.0,0.0,238.6,161.5,320.9,356.0,191.0,191.0,0.3333333333333333,0.0,1,0.2,1
1.0,0.01,1.0,North Carolina,154.3,95,236,123.0,14.5,14.5,17,0.1,1.0,226.6,223.0,251.6,256.5,292.3333333333333,266.0,1.9,1.5,6,1.8,3
2.0,0.05,1.0,New Hampshire,154.4,113,171,171.0,6.0,6.0,7,0.1,1.0,179.6,191.0,191.0,191.0,133.33333333333334,120.0,2.0,2.0,2,0.2,1
1.0,0.05,0.5,New Hampshire,154.5,113,171,171.0,5.7,6.0,6,0.1,1.0,185.0,191.0,193.6,191.0,145.66666666666666,131.0,1.0,1.0,1,0.1,1
1.0,0.25,2.0,Louisiana,155.4,149,213,149.0,3.7,3.5,5,0.0,0.0,217.2,196.0,337.9,347.0,,,0.0,0.0,0,0.0,0
0.5,0.25,2.0,Louisiana,155.4,149,213,149.0,2.9,3.0,4,0.0,0.0,218.5,203.0,363.375,369.0,,,0.0,0.0,0,0.0,0
1.0,0.05,1.0,New Hampshire,155.6,113,191,171.0,5.7,6.0,7,0.3,1.0,190.1,191.0,204.6,191.0,160.0,160.0,0.25,0.0,1,0.4,1
1.0,0.01,0.5,Connecticut,155.9,132,194,149.0,4.0,4.0,6,1.0,2.0,251.7,266.5,317.8888888888889,296.0,234.71428571428572,236.0,1.3333333333333333,1.0,3,1.2,3
0.5,0.01,1.0,Vermont,156.2,145,179,147.0,9.2,10.0,11,0.3,2.0,175.6,179.5,194.1,198.0,204.125,174.0,2.8,3.0,6,3.4,5
1.0,0.01,2.0,Virginia,156.6,100,181,158.0,14.8,15.0,18,0.0,0.0,194.7,190.5,235.5,255.5,345.0,312.0,4.5,4.0,8,1.7,4
2.0,0.01,0.5,Arkansas,156.9,119,241,146.0,6.1,6.0,7,0.0,0.0,217.9,210.0,265.6,288.0,89.0,28.0,2.5555555555555554,3.0,6,0.4,2
2.0,0.01,0.5,Virginia,157.3,104,237,161.5,15.9,16.0,20,0.0,0.0,219.8,190.5,246.9,247.0,273.5,226.5,3.9,3.5,10,2.0,4
0.5,0.1,0.5,Louisiana,157.33333333333334,149,199,149.0,1.0,1.0,1,,,,,,,,,0.0,0.0,0,0.0,0
0.5,0.05,0.5,New Hampshire,158.8,117,171,171.0,3.4,3.0,5,0.0,0.0,187.6,191.0,228.77777777777777,223.0,120.0,120.0,1.5,1.5,2,0.0,0
2.0,0.05,0.5,New Hampshire,159.4,113,171,171.0,5.8,6.0,6,0.2,1.0,187.0,191.0,193.6,191.0,,,0.0,0.0,0,0.2,1
1.0,0.05,2.0,New Hampshire,159.6,117,191,171.0,6.1,6.0,7,0.0,0.0,181.7,191.0,192.9,191.0,120.0,120.0,1.5,1.5,3,0.1,1
0.5,0.05,2.0,New Hampshire,160.8,117,191,171.0,6.3,6.0,7,0.0,0.0,182.3,191.0,201.9,191.0,120.0,120.0,2.0,2.0,2,0.1,1
ALL,ALL,ALL,Alabama,160.98285714285714,86,451,127.0,5.177142857142857,5.0,13,0.0,0.0,234.16333333333333,254.0,293.24436090225566,254.0,355.51181102362204,367.0,1.2440944881889764,1.0,3,0.0,0
2.0,0.01,1.0,Mississippi,161.3,127,387,127.0,5.9,6.0,8,0.0,0.0,330.4,379.5,366.0,401.0,258.3333333333333,191.0,1.0,1.0,1,0.0,0
0.5,0.01,1.0,Connecticut,161.5,132,284,149.0,4.1,4.0,6,1.2,2.0,251.1,268.5,302.7,306.5,321.0,287.0,0.6,1.0,1,1.3,2
2.0,0.1,0.5,Louisiana,161.8,149,213,149.0,2.5,2.0,4,0.0,0.0,239.9,213.0,395.0,370.0,,,0.0,0.0,0,0.0,0
1.0,0.05,1.0,Alabama,162.9,86,254,127.0,5.2,5.0,7,0.0,0.0,238.6,252.5,293.1,275.5,363.25,367.0,1.0,1.0,1,0.0,0
0.5,0.1,2.0,New Hampshire,162.9,117,171,171.0,6.2,6.0,7,0.0,0.0,189.0,191.0,191.0,191.0,120.0,120.0,1.0,1.0,1,0.0,0
ALL,ALL,ALL,New Hampshire,163.40833333333333,83,331,171.0,5.5055555555555555,6.0,8,0.20555555555555555,1.0,199.25833333333333,191.0,222.67514124293785,191.0,275.2028985507246,160.0,0.5608108108108109,0.0,3,0.30833333333333335,1
2.0,0.01,2.0,Arkansas,163.7,119,272,147.5,6.5,7.0,8,0.0,0.0,212.6,209.0,271.2,272.0,173.11111111111111,207.0,2.7777777777777777,3.0,4,0.5,2
2.0,0.01,1.0,New Jersey,163.8,42,237,183.0,6.4,6.0,8,0.0,0.0,227.3,209.0,325.2,335.0,,,0.0,0.0,0,0.0,0
0.5,0.01,0.5,Virginia,164.4,100,277,165.0,5.1,5.5,7,0.0,0.0,233.5,208.0,249.11111111111111,266.0,311.375,325.5,1.375,1.0,3,0.3,2
1.0,0.01,0.5,Virginia,164.4,100,274,159.0,8.4,8.5,12,0.0,0.0,217.9,196.0,262.8,274.0,323.9,335.5,3.1,3.0,6,0.8,3
2.0,0.05,1.0,Alabama,164.5,127,254,127.0,7.4,7.0,9,0.0,0.0,247.4,252.5,270.0,257.5,450.0,450.0,1.5,1.5,2,0.0,0
2.0,0.05,2.0,Alabama,164.5,127,254,127.0,7.8,7.5,10,0.0,0.0,253.8,254.0,268.1,261.0,461.3333333333333,465.0,1.3333333333333333,1.0,2,0.0,0
0.5,0.05,2.0,Alabama,164.6,86,254,127.0,5.1,5.0,7,0.0,0.0,232.3,254.0,284.0,297.0,,,0.0,0.0,0,0.0,0
0.5,0.01,2.0,Virginia,165.1,100,237,161.5,13.2,13.0,18,0.0,0.0,195.3,188.5,247.0,266.0,267.3,287.0,3.9,3.0,9,1.6,3
2.0,0.1,1.0,Louisiana,165.4,149,213,149.0,2.7,3.0,3,0.0,0.0,228.6,213.0,410.2857142857143,369.0,,,0.0,0.0,0,0.0,0
0.5,0.05,1.0,New Hampshire,165.7,118,171,171.0,5.7,6.0,6,0.0,0.0,189.0,191.0,237.8,232.5,160.0,160.0,1.0,1.0,1,0.0,0
2.0,0.1,2.0,Louisiana,166.8,149,213,149.0,3.3,3.5,4,0.0,0.0,244.4,213.0,419.0,369.0,,,0.0,0.0,0,0.0,0
0.5,0.01,2.0,Connecticut,167.5,127,226,155.0,4.7,5.0,6,0.9,2.0,251.8,263.5,287.6,304.0,287.6666666666667,236.0,1.8,2.0,3,1.5,2
0.5,0.01,0.5,Arkansas,167.8,119,272,146.0,1.9,2.0,3,0.0,0.0,182.0,176.0,245.0,286.0,127.66666666666667,120.0,1.3333333333333333,1.0,2,0.0,0
1.0,0.01,1.0,New Jersey,168.0,42,268,180.0,5.7,6.0,7,0.0,0.0,228.7,218.0,256.3,236.0,332.0,332.0,1.0,1.0,1,0.0,0
1.0,0.1,2.0,Louisiana,168.2,149,213,149.0,2.7,3.0,4,0.0,0.0,241.33333333333334,213.0,367.2857142857143,369.0,,,0.0,0.0,0,0.0,0
0.5,0.01,1.0,South Carolina,168.3,84,220,182.0,3.4,3.0,6,0.0,0.0,216.66666666666666,213.0,282.5,220.0,256.8333333333333,264.0,1.6666666666666667,1.5,3,0.1,1
1.0,0.05,2.0,Alabama,169.0,86,254,127.0,7.3,7.5,8,0.0,0.0,241.2,251.0,268.5,254.0,403.2,465.0,1.0,1.0,1,0.0,0
1.0,0.1,1.0,Louisiana,169.2,149,213,149.0,2.6,3.0,4,0.0,0.0,242.88888888888889,213.0,386.0,369.0,,,0.0,0.0,0,0.0,0
1.0,0.01,0.5,South Carolina,169.4,121,236,178.5,4.3,4.5,7,0.1,1.0,230.7,196.0,243.77777777777777,213.0,325.375,333.5,2.25,2.0,5,0.9,3
1.0,0.01,0.5,New Jersey,169.5,42,235,186.0,4.4,4.0,6,0.0,0.0,206.2,203.0,256.3,236.0,,,0.0,0.0,0,0.0,0
2.0,0.05,2.0,New Hampshire,169.6,157,171,171.0,6.3,6.0,7,0.0,0.0,189.0,191.0,199.1,191.0,,,0.0,0.0,0,0.0,0
1.0,0.01,0.5,West Virginia,169.7,91,220,195.0,4.9,5.0,7,0.3,2.0,237.2,226.5,299.8,279.0,189.75,217.0,2.25,2.0,5,0.4,2
2.0,0.01,0.5,South Carolina,170.3,121,196,175.0,8.1,8.0,11,0.0,0.0,236.7,216.5,315.9,323.5,153.1,28.0,4.5,4.0,8,0.4,2
0.5,0.01,2.0,Arkansas,171.7,121,272,159.0,4.1,4.0,7,0.0,0.0,310.8,272.0,336.75,290.0,107.2,28.0,2.2,1.0,4,0.0,0
1.0,0.01,2.0,South Carolina,171.7,76,213,182.0,8.4,8.0,11,0.1,1.0,215.2,196.0,273.0,247.5,207.22222222222223,276.0,4.8,5.5,9,1.2,3
0.5,0.1,1.0,Louisiana,172.0,149,306,149.0,1.4444444444444444,1.0,2,0.0,0.0,284.25,306.0,,,,,0.0,0.0,0,0.0,0
0.5,0.1,2.0,Louisiana,172.6,149,213,149.0,2.3,2.0,4,0.0,0.0,231.28571428571428,213.0,291.5,291.0,,,0.0,0.0,0,0.0,0
0.5,0.01,0.5,Maine,173.4,83,275,191.0,4.3,4.5,6,0.1,1.0,244.0,242.0,264.8,261.0,,,0.0,0.0,0,0.7,2
0.5,0.01,2.0,New Jersey,173.6,42,237,186.0,6.0,6.5,8,0.0,0.0,253.1,219.5,299.4,243.0,332.0,332.0,1.0,1.0,1,0.0,0
1.0,0.01,2.0,Arkansas,173.6,119,486,128.5,4.9,5.0,6,0.0,0.0,195.55555555555554,193.0,268.0,272.0,200.71428571428572,196.0,2.625,3.0,5,0.4,1
0.5,0.01,2.0,West Virginia,174.4,91,202,190.5,6.8,7.0,9,0.2,1.0,238.8,226.5,281.4,279.0,284.1111111111111,230.0,2.888888888888889,2.0,8,0.3,1
2.0,0.01,1.0,South Carolina,174.4,84,336,180.0,9.0,8.5,12,0.0,0.0,231.9,213.0,315.3,329.0,295.7,348.0,3.1,2.5,6,0.8,2
2.0,0.01,1.0,Arkansas,175.1,119,290,159.0,5.5,5.5,8,0.0,0.0,239.3,234.0,354.8,296.5,140.0,28.0,2.857142857142857,2.0,7,0.3,2
0.5,0.01,2.0,South Carolina,175.6,121,220,182.0,5.9,5.5,9,0.1,1.0,246.6,216.5,345.4,334.5,319.0,328.0,2.6666666666666665,2.0,7,0.8,2
0.5,0.01,0.5,South Carolina,176.44444444444446,84,213,182.0,2.111111111111111,2.0,3,0.0,0.0,233.0,220.0,216.5,216.5,331.0,331.0,1.0,1.0,1,0.0,0
1.0,0.05,0.5,Alabama,177.8,127,254,127.0,3.2,3.0,4,0.0,0.0,300.7,254.0,395.625,393.0,,,0.0,0.0,0,0.0,0
ALL,ALL,ALL,Louisiana,177.9079365079365,149,326,149.0,2.149206349206349,2.0,5,0.0,0.0,256.3819095477387,213.0,353.5877192982456,369.0,235.0,235.0,1.0,1.0,1,0.0,0
2.0,0.01,2.0,West Virginia,178.1,91,233,190.0,7.7,8.0,10,0.2,1.0,226.6,217.0,293.7,279.0,335.55555555555554,397.0,3.8,3.0,10,1.1,3
1.0,0.01,2.0,West Virginia,178.3,91,274,202.0,7.4,7.5,9,0.2,1.0,256.1,276.5,309.7,305.0,219.8,230.0,3.1,3.0,6,0.7,2
2.0,0.05,2.0,Louisiana,179.6,149,213,174.0,2.7,2.0,5,0.0,0.0,301.3,213.0,329.75,368.5,,,0.0,0.0,0,0.0,0
0.5,0.01,1.0,Arkansas,179.7,119,286,159.0,2.2,2.0,5,0.0,0.0,213.83333333333334,209.0,265.6666666666667,286.0,58.666666666666664,28.0,1.0,1.0,1,0.0,0
0.5,0.05,1.0,Louisiana,180.4,149,306,149.0,1.2,1.0,2,0.0,0.0,199.0,199.0,,,,,0.0,0.0,0,0.0,0
0.5,0.01,0.5,Louisiana,181.0,149,213,181.0,1.0,1.0,1,,,,,,,,,0.0,0.0,0,0.0,0
2.0,0.01,2.0,New Hampshire,181.0,171,191,181.0,5.6,6.0,6,0.0,0.0,268.4,292.5,298.7,301.5,458.2,506.0,0.8333333333333334,1.0,1,0.4,1
1.0,0.01,1.0,South Carolina,183.2,76,322,182.0,5.2,5.0,7,0.1,1.0,257.0,204.5,368.2,372.5,317.4,333.0,2.4,2.0,5,0.9,2
0.5,0.01,1.0,Maine,183.3,83,285,191.0,5.5,6.0,7,0.1,1.0,256.8,252.5,272.77777777777777,283.0,461.0,461.0,0.2,0.0,1,0.6,2
2.0,0.05,0.5,Alabama,184.9,86,251,189.0,6.4,6.0,8,0.0,0.0,247.6,254.0,283.6,289.0,329.3333333333333,367.0,1.0,1.0,1,0.0,0
0.5,0.01,2.0,North Carolina,185.3,95,277,202.5,13.8,14.0,17,0.0,0.0,223.3,229.5,253.9,259.5,388.25,409.0,1.5,1.5,3,2.0,3
1.0,0.01,2.0,Mississippi,185.9,127,387,138.5,5.3,5.0,9,0.0,0.0,271.9,272.0,371.9,387.0,380.5,380.5,1.0,1.0,1,0.1,1
0.5,0.01,1.0,Virginia,186.1,135,304,173.0,7.0,7.5,10,0.0,0.0,225.8,227.0,247.4,255.5,325.8,349.0,2.2,2.0,4,0.6,3
0.5,0.1,1.0,Alabama,186.8,86,254,254.0,2.2,2.0,3,0.0,0.0,331.22222222222223,393.0,393.0,393.0,126.0,126.0,1.0,1.0,1,0.0,0
0.5,0.01,0.5,Connecticut,186.8,127,296,161.5,2.9,3.0,4,0.8888888888888888,2.0,242.88888888888889,247.0,276.85714285714283,295.0,228.0,189.0,0.75,1.0,2,1.3,3
2.0,0.05,1.0,Louisiana,187.4,149,213,213.0,2.4,2.0,3,0.0,0.0,302.4,347.0,454.0,441.5,,,0.0,0.0,0,0.0,0
1.0,0.01,1.0,Virginia,188.3,111,277,171.0,13.5,12.0,19,0.0,0.0,229.7,231.0,263.3,270.0,325.625,312.0,2.7,3.0,7,1.4,4
1.0,0.01,2.0,Maine,188.4,83,242,191.0,6.4,6.0,8,0.0,0.0,225.4,242.0,264.5,267.0,573.0,573.0,0.2,0.0,1,0.5,1
2.0,0.01,1.0,North Carolina,188.6,95,236,190.0,16.5,16.0,22,0.0,0.0,225.0,229.5,242.1,239.5,399.4,442.0,3.0,2.5,6,2.9,5
2.0,0.01,2.0,Mississippi,188.9,97,387,150.0,5.7,6.0,8,0.0,0.0,295.9,387.0,392.2,387.0,191.0,191.0,1.0,1.0,1,0.1,1
2.0,0.01,1.0,Virginia,189.3,100,274,166.0,15.9,15.5,20,0.0,0.0,217.6,200.0,249.6,247.5,343.3,323.5,3.2,3.0,7,1.4,3
2.0,0.01,2.0,Maine,190.9,83,212,202.5,7.6,8.0,8,0.0,0.0,221.6,212.0,245.7,242.0,463.2,573.0,1.0,1.0,2,0.3,1
0.5,0.05,2.0,Louisiana,192.4,149,213,213.0,1.8,2.0,3,0.0,0.0,264.8333333333333,213.0,347.5,347.5,,,0.0,0.0,0,0.0,0
2.0,0.01,1.0,Maine,192.5,83,247,197.0,6.8,6.5,9,0.2,1.0,234.5,231.5,252.6,247.0,390.5,390.5,0.5,0.0,2,0.5,1
1.0,0.05,1.0,Louisiana,193.8,149,213,213.0,1.6,1.5,3,0.0,0.0,275.8,213.0,369.0,369.0,,,0.0,0.0,0,0.0,0
2.0,0.01,1.0,Delaware,194.0,141,387,141.0,1.2,1.0,2,0.0,0.0,401.5,401.5,,,168.25,174.5,1.25,1.0,2,0.0,0
0.5,0.01,0.5,Delaware,194.42857142857142,141,506,141.0,1.0,1.0,1,,,,,,,235.5,181.0,1.0,1.0,1,0.0,0
0.5,0.01,2.0,Maine,194.7,83,247,210.5,5.4,5.5,7,0.1,1.0,275.1,282.5,299.0,309.0,397.8,358.0,0.6666666666666666,1.0,2,0.7,1
2.0,0.01,2.0,North Carolina,196.3,95,278,219.0,16.5,16.0,22,0.1,1.0,236.1,236.0,257.9,277.0,368.4,409.0,2.6,3.0,5,2.4,4
2.0,0.01,0.5,West Virginia,196.4,91,274,202.0,7.3,7.5,9,0.1,1.0,239.9,226.5,285.0,279.0,365.125,366.0,2.0,2.0,6,0.3,1
2.0,0.01,1.0,West Virginia,196.9,91,279,202.0,7.5,8.0,9,0.2,1.0,247.2,226.5,284.9,279.0,348.3,332.0,2.7,2.5,7,0.7,1
1.0,0.01,2.0,New Hampshire,197.9,171,274,191.0,5.3,5.0,6,0.0,0.0,263.6,274.0,300.6,301.5,426.3333333333333,506.0,0.5,0.5,1,0.5,1
2.0,0.05,0.5,Louisiana,198.2,149,213,213.0,1.9,2.0,3,0.0,0.0,386.57142857142856,369.0,441.5,441.5,,,0.0,0.0,0,0.0,0
1.0,0.01,0.5,North Carolina,198.4,122,277,223.0,12.6,13.0,18,0.0,0.0,232.4,236.0,254.6,260.0,404.57142857142856,407.0,1.4285714285714286,1.0,3,0.0,0
1.0,0.01,2.0,North Carolina,199.0,95,236,206.0,15.3,15.5,17,0.0,0.0,232.3,223.0,251.9,242.5,415.1,426.0,2.7,2.5,5,3.0,6
0.5,0.01,0.5,New Jersey,199.3,42,398,191.5,3.3,3.5,5,0.0,0.0,248.66666666666666,203.0,243.66666666666666,217.0,,,0.0,0.0,0,0.0,0
2.0,0.01,2.0,South Carolina,199.6,84,322,182.0,9.1,9.0,12,0.2,1.0,269.5,276.5,323.9,329.0,159.22222222222223,28.0,3.2222222222222223,3.0,9,0.5,1
1.0,0.05,2.0,Louisiana,200.2,149,213,213.0,1.7,1.5,3,0.0,0.0,306.6,369.0,442.5,442.5,,,0.0,0.0,0,0.0,0
2.0,0.25,2.0,Rhode Island,200.4,197,214,197.0,3.0,3.0,3,0.0,0.0,214.0,214.0,225.8,214.0,,,0.0,0.0,0,0.0,0
2.0,0.25,0.5,Rhode Island,202.1,197,214,197.0,3.0,3.0,3,0.0,0.0,214.0,214.0,231.7,214.0,,,0.0,0.0,0,0.0,0
1.0,0.01,1.0,West Virginia,203.1,91,279,202.0,6.7,7.0,8,0.0,0.0,254.0,276.5,309.4,305.0,305.2857142857143,397.0,1.75,1.0,6,0.2,1
0.5,0.25,1.0,Rhode Island,203.8,197,214,197.0,3.0,3.0,3,0.0,0.0,214.0,214.0,237.6,214.0,,,0.0,0.0,0,0.0,0
2.0,0.01,2.0,Virginia,204.2,122,297,200.0,15.2,15.0,17,0.1,1.0,240.3,247.0,273.1,274.0,320.0,322.0,3.5,3.5,8,1.8,4
0.5,0.01,1.0,North Carolina,204.6,122,282,206.0,10.5,11.0,14,0.0,0.0,242.5,223.0,267.1,279.5,372.0,407.0,1.375,1.0,5,0.2,1
1.0,0.01,2.0,Delaware,205.3,141,387,165.5,1.4,1.0,2,0.0,0.0,400.25,401.5,,,262.75,181.0,1.25,1.0,2,0.0,0
1.0,0.25,2.0,Rhode Island,205.5,197,214,205.5,3.0,3.0,3,0.0,0.0,214.0,214.0,243.5,243.5,,,0.0,0.0,0,0.0,0
2.0,0.25,1.0,Rhode Island,205.5,197,214,205.5,3.0,3.0,3,0.0,0.0,214.0,214.0,243.5,243.5,,,0.0,0.0,0,0.0,0
0.5,0.25,2.0,Rhode Island,205.5,197,214,205.5,3.0,3.0,3,0.0,0.0,214.0,214.0,243.5,243.5,,,0.0,0.0,0,0.0,0
1.0,0.25,1.0,Rhode Island,205.5,197,214,205.5,3.0,3.0,3,0.0,0.0,214.0,214.0,243.5,243.5,,,0.0,0.0,0,0.0,0
1.0,0.1,2.0,Rhode Island,205.5,197,214,205.5,3.0,3.0,3,0.0,0.0,231.7,214.0,318.8,243.5,,,0.0,0.0,0,0.0,0
1.0,0.01,0.5,Louisiana,205.88888888888889,149,213,213.0,1.2222222222222223,1.0,2,0.0,0.0,290.5,290.5,,,181.0,181.0,1.0,1.0,1,0.0,0
2.0,0.01,0.5,Louisiana,206.6,149,213,213.0,1.4,1.0,3,0.0,0.0,317.6666666666667,369.0,409.0,409.0,,,0.0,0.0,0,0.0,0
0.5,0.01,2.0,Louisiana,206.6,149,213,213.0,1.1,1.0,2,0.0,0.0,213.0,213.0,,,289.0,289.0,1.0,1.0,1,0.0,0
2.0,0.01,0.5,Mississippi,207.0,97,387,138.5,4.7,4.5,7,0.0,0.0,337.6,387.0,377.0,415.5,443.6666666666667,570.0,0.75,1.0,1,0.1,1
1.0,0.05,2.0,Rhode Island,207.2,197,214,214.0,2.5,2.5,3,0.0,0.0,249.4,273.0,473.0,579.0,,,0.0,0.0,0,0.0,0
1.0,0.1,0.5,Rhode Island,207.2,197,214,214.0,2.5,2.5,3,0.0,0.0,243.5,243.5,225.8,214.0,,,0.0,0.0,0,0.0,0
2.0,0.1,0.5,Rhode Island,207.2,197,214,214.0,2.8,3.0,3,0.0,0.0,225.8,214.0,265.75,273.0,,,0.0,0.0,0,0.0,0
1.0,0.1,1.0,Rhode Island,207.2,197,214,214.0,3.0,3.0,3,0.0,0.0,225.8,214.0,420.1,426.0,,,0.0,0.0,0,0.0,0
2.0,0.01,0.5,North Carolina,207.2,95,277,214.5,14.6,15.0,19,0.0,0.0,240.4,243.0,260.4,278.0,450.85714285714283,457.0,1.5,1.0,5,2.9,4
0.5,0.05,1.0,Alabama,207.7,86,254,254.0,2.0,2.0,3,0.0,0.0,333.42857142857144,393.0,393.0,393.0,,,0.0,0.0,0,0.0,0
1.0,0.01,1.0,Maine,208.2,191,283,191.0,6.3,7.0,7,0.0,0.0,252.1,254.5,287.3,299.0,308.0,358.0,0.5,0.5,1,0.5,1
1.0,0.25,0.5,Rhode Island,208.9,197,214,214.0,3.0,3.0,3,0.0,0.0,214.0,214.0,255.3,273.0,,,0.0,0.0,0,0.0,0
2.0,0.1,2.0,Rhode Island,208.9,197,214,214.0,2.7,3.0,3,0.0,0.0,243.5,243.5,439.42857142857144,579.0,,,0.0,0.0,0,0.0,0
0.5,0.1,2.0,Rhode Island,208.9,197,214,214.0,3.0,3.0,3,0.0,0.0,237.6,214.0,397.7,343.5,,,0.0,0.0,0,0.0,0
0.5,0.01,0.5,North Carolina,209.6,95,284,198.0,5.8,6.0,9,0.0,0.0,237.9,255.5,279.1111111111111,277.0,115.0,115.0,1.0,1.0,1,0.1,1
1.0,0.05,0.5,Rhode Island,210.6,197,214,214.0,2.1,2.0,3,0.0,0.0,255.3,273.0,273.0,273.0,,,0.0,0.0,0,0.0,0
1.0,0.05,1.0,Rhode Island,210.6,197,214,214.0,2.7,3.0,3,0.0,0.0,274.3,273.0,526.8571428571429,579.0,,,0.0,0.0,0,0.0,0
2.0,0.1,1.0,Rhode Island,210.6,197,214,214.0,2.9,3.0,3,0.0,0.0,243.5,243.5,458.6666666666667,579.0,,,0.0,0.0,0,0.0,0
0.5,0.1,1.0,Rhode Island,210.6,197,214,214.0,2.4,2.0,3,0.0,0.0,237.6,214.0,273.0,273.0,,,0.0,0.0,0,0.0,0
0.5,0.01,1.0,West Virginia,210.8,91,279,215.5,4.7,5.0,6,0.2,1.0,263.4,276.5,317.8,314.5,259.5,248.5,3.1666666666666665,2.0,7,0.2,1
2.0,0.01,1.0,New Hampshire,210.9,117,281,191.0,5.2,5.0,6,0.0,0.0,252.5,279.0,305.5,308.5,379.0,496.0,1.0,1.0,3,0.3,1
0.5,0.01,2.0,Mississippi,211.8,119,387,150.0,3.6,3.5,5,0.0,0.0,285.2,348.5,384.22222222222223,387.0,,,0.0,0.0,0,0.1,1
2.0,0.05,1.0,Rhode Island,212.3,197,214,214.0,2.9,3.0,3,0.0,0.0,255.3,273.0,490.22222222222223,579.0,,,0.0,0.0,0,0.0,0
0.5,0.1,0.5,Rhode Island,212.3,197,214,214.0,1.6,1.5,3,0.0,0.0,214.0,214.0,214.0,214.0,,,0.0,0.0,0,0.0,0
2.0,0.01,1.0,Louisiana,213.0,213,213,213.0,1.3,1.0,2,0.0,0.0,369.0,369.0,,,,,0.0,0.0,0,0.0,0
1.0,0.01,2.0,Louisiana,213.0,213,213,213.0,1.1,1.0,2,0.0,0.0,514.0,514.0,,,,,0.0,0.0,0,0.0,0
0.5,0.01,1.0,Louisiana,213.0,213,213,213.0,1.0,1.0,1,,,,,,,,,0.0,0.0,0,0.0,0
2.0,0.01,2.0,Louisiana,213.0,213,213,213.0,1.6,1.5,3,0.0,0.0,442.6,447.0,409.0,409.0,,,0.0,0.0,0,0.0,0
1.0,0.01,1.0,Louisiana,213.0,213,213,213.0,1.0,1.0,1,,,,,,,,,0.0,0.0,0,0.0,0
1.0,0.01,0.5,Arkansas,213.6,119,525,176.5,2.9,3.0,4,0.0,0.0,277.8888888888889,272.0,368.1666666666667,316.0,222.75,140.5,1.5,1.0,3,0.0,0
0.5,0.05,0.5,Rhode Island,214.0,214,214,214.0,1.8,2.0,3,0.0,0.0,239.28571428571428,214.0,273.0,273.0,,,0.0,0.0,0,0.0,0
0.5,0.25,0.5,Rhode Island,214.0,214,214,214.0,1.5,1.5,2,0.0,0.0,214.0,214.0,,,,,0.0,0.0,0,0.0,0
2.0,0.05,2.0,Rhode Island,214.8,197,273,214.0,2.6,3.0,3,0.0,0.0,286.8,273.0,487.0,579.0,,,0.0,0.0,0,0.0,0
2.0,0.01,0.5,Alabama,215.0,127,254,251.0,3.0,3.0,5,0.0,0.0,352.55555555555554,370.0,411.5,403.0,465.0,465.0,1.0,1.0,1,0.0,0
1.0,0.05,0.5,Louisiana,215.8,149,326,149.0,1.8,2.0,3,0.0,0.0,327.0,306.0,371.0,371.0,,,0.0,0.0,0,0.0,0
0.5,0.05,1.0,Rhode Island,218.2,197,273,214.0,2.1,2.0,3,0.0,0.0,253.33333333333334,273.0,273.0,273.0,,,0.0,0.0,0,0.0,0
2.0,0.01,0.5,Maine,223.1,83,309,242.0,6.7,7.0,8,0.0,0.0,256.1,263.5,271.4,275.0,511.6666666666667,573.0,0.6,1.0,1,0.3,1
0.5,0.01,0.5,West Virginia,223.6,202,279,211.0,2.6,3.0,4,0.0,0.0,265.875,279.0,336.1666666666667,350.0,238.25,230.0,1.0,1.0,1,0.1,1
0.5,0.05,2.0,Rhode Island,224.1,197,273,214.0,2.4,2.5,3,0.0,0.0,280.77777777777777,273.0,358.0,273.0,,,0.0,0.0,0,0.0,0
2.0,0.01,0.5,Delaware,224.6,141,387,165.5,1.5,1.5,2,0.0,0.0,357.4,387.0,,,193.6,181.0,1.4,1.0,2,0.0,0
0.5,0.01,0.5,Mississippi,226.11111111111111,127,387,157.0,1.2222222222222223,1.0,2,0.0,0.0,259.5,259.5,,,,,0.0,0.0,0,0.0,0
1.0,0.01,1.0,New Hampshire,226.3,171,284,233.0,5.3,5.0,7,0.0,0.0,266.2,282.5,310.8,317.0,381.0,381.0,0.8333333333333334,1.0,2,0.4,1
2.0,0.01,2.0,Alabama,227.2,127,370,254.0,3.7,4.0,6,0.0,0.0,304.22222222222223,289.0,366.0,370.0,421.2,465.0,1.4,1.0,2,0.0,0
1.0,0.01,1.0,Arkansas,227.2,119,501,177.5,4.7,5.0,6,0.0,0.0,313.0,281.0,383.1,331.5,124.83333333333333,28.0,2.5,2.0,5,0.1,1
2.0,0.01,0.5,New Hampshire,227.2,171,301,204.0,5.3,5.0,7,0.0,0.0,269.4,301.0,301.4,324.0,432.6666666666667,506.0,0.75,1.0,1,0.3,1
2.0,0.05,0.5,Rhode Island,228.3,197,273,214.0,2.6,3.0,3,0.0,0.0,314.77777777777777,273.0,468.0,579.0,,,0.0,0.0,0,0.0,0
1.0,0.01,1.0,Alabama,229.1,127,400,252.5,3.3,3.0,5,0.0,0.0,322.8,312.0,374.55555555555554,370.0,465.0,465.0,1.0,1.0,1,0.0,0
ALL,ALL,ALL,Rhode Island,229.1759530791789,197,579,214.0,2.404692082111437,3.0,3,0.0,0.0,268.9484536082474,214.0,332.4414893617021,273.0,,,0.0,0.0,0,0.0,0
0.5,0.01,2.0,Delaware,232.88888888888889,141,387,181.0,1.3333333333333333,1.0,2,0.0,0.0,330.0,387.0,,,319.4,181.0,1.0,1.0,1,0.0,0
1.0,0.01,0.5,Delaware,233.25,141,387,141.0,1.125,1.0,2,0.0,0.0,181.0,181.0,,,235.5,181.0,1.1666666666666667,1.0,2,0.0,0
0.5,0.05,0.5,Alabama,235.33333333333334,86,254,254.0,1.1111111111111112,1.0,2,0.0,0.0,254.0,254.0,,,,,0.0,0.0,0,0.0,0
1.0,0.01,0.5,New Hampshire,239.0,171,284,247.0,4.5,4.5,6,0.0,0.0,265.5,279.0,310.8,309.0,471.0,471.0,1.0,1.0,1,0.0,0
0.5,0.01,0.5,Rhode Island,240.66666666666666,197,273,243.5,1.1666666666666667,1.0,2,0.0,0.0,214.0,214.0,,,,,0.0,0.0,0,0.0,0
0.5,0.01,1.0,New Hampshire,241.3,171,331,226.0,4.4,4.0,6,0.0,0.0,294.2,317.0,317.6666666666667,331.0,436.0,436.0,1.0,1.0,1,0.0,0
2.0,0.01,2.0,Delaware,243.4,141,387,161.0,1.7,2.0,2,0.0,0.0,403.7142857142857,416.0,,,173.4,181.0,1.4,1.0,3,0.0,0
0.5,0.01,0.5,New Hampshire,252.7,171,312,281.0,2.9,3.0,4,0.0,0.0,299.8,324.0,343.0,336.0,,,0.0,0.0,0,0.0,0
1.0,0.01,0.5,Rhode Island,253.33333333333334,214,273,273.0,1.3333333333333333,1.0,2,0.0,0.0,273.0,273.0,,,,,0.0,0.0,0,0.0,0
0.5,0.01,2.0,New Hampshire,253.9,191,301,274.0,4.5,5.0,5,0.0,0.0,312.1,317.0,345.6,331.0,506.0,506.0,0.3333333333333333,0.0,1,0.2,1
1.0,0.01,0.5,Maine,254.9,150,309,265.0,4.6,4.5,7,0.1,1.0,283.1,298.5,311.4,317.5,,,0.0,0.0,0,0.7,1
1.0,0.01,0.5,Alabama,262.375,127,451,254.0,1.375,1.0,3,0.0,0.0,252.5,252.5,254.0,254.0,,,0.0,0.0,0,0.0,0
0.5,0.01,1.0,Rhode Island,263.1666666666667,214,273,273.0,1.1666666666666667,1.0,2,0.0,0.0,392.0,392.0,,,,,0.0,0.0,0,0.0,0
1.0,0.01,2.0,Rhode Island,263.8,214,404,214.0,1.8,2.0,2,0.0,0.0,392.75,404.0,,,,,0.0,0.0,0,0.0,0
1.0,0.01,2.0,Alabama,267.0,251,370,254.0,3.4444444444444446,4.0,6,0.0,0.0,352.85714285714283,370.0,375.1666666666667,393.0,404.5,404.5,1.0,1.0,1,0.0,0
2.0,0.01,1.0,Alabama,273.2,127,393,254.0,2.8,3.0,5,0.0,0.0,353.44444444444446,370.0,380.1666666666667,381.5,457.5,465.0,1.0,1.0,1,0.0,0
0.5,0.01,0.5,Alabama,274.85714285714283,254,400,254.0,1.1428571428571428,1.0,2,0.0,0.0,400.0,400.0,,,,,0.0,0.0,0,0.0,0
1.0,0.01,1.0,Delaware,281.1,141,387,289.5,1.5,1.5,2,0.0,0.0,360.0,387.0,,,411.6666666666667,546.0,1.0,1.0,1,0.0,0
0.5,0.01,2.0,Alabama,285.0,251,451,254.0,2.4,2.5,4,0.0,0.0,374.375,396.5,411.4,408.0,465.0,465.0,1.0,1.0,1,0.0,0
0.5,0.01,1.0,Alabama,286.3333333333333,127,400,254.0,1.7777777777777777,1.0,3,0.0,0.0,332.25,323.5,382.6666666666667,400.0,435.0,435.0,1.0,1.0,1,0.0,0
0.5,0.01,1.0,Mississippi,291.9,127,387,387.0,2.1,2.0,5,0.0,0.0,390.0,387.0,394.0,394.0,,,0.0,0.0,0,0.0,0
2.0,0.01,1.0,Rhode Island,300.5,214,404,273.0,1.6,2.0,2,0.0,0.0,498.8333333333333,579.0,,,,,0.0,0.0,0,0.0,0
1.0,0.01,0.5,Mississippi,303.3,127,387,367.5,1.9,2.0,3,0.0,0.0,377.5,387.0,387.0,387.0,,,0.0,0.0,0,0.0,0
2.0,0.01,0.5,Rhode Island,318.3,214,404,273.0,1.6,2.0,2,0.0,0.0,520.6666666666666,579.0,,,,,0.0,0.0,0,0.0,0
2.0,0.01,2.0,Rhode Island,319.5,214,404,273.0,1.6,2.0,2,0.0,0.0,528.0,579.0,,,,,0.0,0.0,0,0.0,0
1.0,0.01,1.0,Rhode Island,332.6,214,404,338.5,1.5,1.5,2,0.0,0.0,544.0,579.0,,,,,0.0,0.0,0,0.0,0
0.5,0.01,1.0,Delaware,344.0,141,387,387.0,1.0,1.0,1,,,,,,,181.0,181.0,1.0,1.0,1,0.0,0
0.5,0.01,2.0,Rhode Island,387.0,214,579,338.5,1.6666666666666667,1.5,3,0.0,0.0,520.6666666666666,579.0,579.0,579.0,,,0.0,0.0,0,0.0,0
