alpha,beta,gamma,state,mean_first_intro_day,earliest_first_intro_day,latest_first_intro_day,median_first_intro_day,mean_intro_count,median_intro_count,max_intro_count,mean_cumu_before_second_intro,max_cumu_before_second_intro,mean_intro_day_2,median_intro_day_2,mean_intro_day_3,median_intro_day_3,mean_first_export_day,median_first_export_day,mean_export_count,median_export_count,max_export_count,mean_total_cumu_cases,max_total_cumu_cases
0.5,0.01,0.5,Texas,28.0,28,28,28.0,18.8,19.0,23,0.0,0.0,28.0,28.0,28.0,28.0,42.0,41.0,37.0,34.5,47,21.9,25
0.5,0.01,1.0,Texas,28.0,28,28,28.0,25.7,26.5,31,0.0,0.0,28.0,28.0,28.0,28.0,42.4,42.5,45.9,46.5,57,27.2,33
1.0,0.01,0.5,Texas,28.0,28,28,28.0,25.6,25.5,31,0.0,0.0,28.0,28.0,28.0,28.0,42.6,44.0,51.9,49.5,63,28.6,34
0.5,0.05,0.5,Texas,28.0,28,28,28.0,27.9,28.0,32,0.0,0.0,28.0,28.0,28.0,28.0,40.3,40.0,47.1,47.0,60,31.8,36
0.5,0.1,0.5,Texas,28.0,28,28,28.0,32.9,33.5,36,0.0,0.0,28.0,28.0,28.0,28.0,40.0,40.0,46.4,46.5,50,32.4,35
0.5,0.25,0.5,Texas,28.0,28,28,28.0,34.5,34.0,39,0.0,0.0,28.0,28.0,28.0,28.0,40.0,40.0,50.9,51.5,55,35.1,38
0.5,0.01,2.0,Texas,28.0,28,28,28.0,30.2,31.0,37,0.0,0.0,28.0,28.0,28.0,28.0,42.7,44.0,57.4,57.5,69,35.2,38
1.0,0.01,1.0,Texas,28.0,28,28,28.0,33.7,33.0,39,0.0,0.0,28.0,28.0,28.0,28.0,42.2,42.0,64.3,63.5,79,36.2,41
0.5,0.05,1.0,Texas,28.0,28,28,28.0,38.8,38.0,44,0.0,0.0,28.0,28.0,28.0,28.0,40.0,40.0,55.3,55.0,60,37.0,41
2.0,0.01,0.5,Texas,28.0,28,28,28.0,36.9,36.5,42,0.0,0.0,28.0,28.0,28.0,28.0,41.8,41.0,75.9,77.0,89,38.7,46
1.0,0.05,0.5,Texas,28.0,28,28,28.0,40.5,40.0,45,0.0,0.0,28.0,28.0,28.0,28.0,40.1,40.0,61.4,63.5,66,40.5,45
0.5,0.25,1.0,Texas,28.0,28,28,28.0,42.9,42.5,46,0.0,0.0,28.0,28.0,28.0,28.0,40.0,40.0,57.7,57.5,61,41.9,46
0.5,0.1,1.0,Texas,28.0,28,28,28.0,37.1,37.0,40,0.0,0.0,28.0,28.0,28.0,28.0,40.0,40.0,58.5,59.5,62,42.4,45
ALL,ALL,ALL,Texas,28.0,28,28,28.0,39.6,42.0,52,0.0,0.0,28.0,28.0,28.0,28.0,40.63611111111111,40.0,69.73611111111111,72.0,100,42.75555555555555,55
0.5,0.05,2.0,Texas,28.0,28,28,28.0,42.1,41.5,47,0.0,0.0,28.0,28.0,28.0,28.0,40.4,40.0,63.5,63.0,71,43.3,46
1.0,0.01,2.0,Texas,28.0,28,28,28.0,32.3,32.0,37,0.0,0.0,28.0,28.0,28.0,28.0,43.3,44.0,76.8,79.0,89,44.2,52
2.0,0.01,1.0,Texas,28.0,28,28,28.0,34.8,35.5,41,0.0,0.0,28.0,28.0,28.0,28.0,41.8,41.0,82.4,83.5,96,44.7,50
1.0,0.25,0.5,Texas,28.0,28,28,28.0,43.0,43.0,47,0.0,0.0,28.0,28.0,28.0,28.0,40.0,40.0,62.2,62.5,65,44.8,47
1.0,0.1,0.5,Texas,28.0,28,28,28.0,39.3,38.5,45,0.0,0.0,28.0,28.0,28.0,28.0,40.0,40.0,64.2,64.0,75,45.0,48
1.0,0.05,1.0,Texas,28.0,28,28,28.0,42.0,42.0,47,0.0,0.0,28.0,28.0,28.0,28.0,40.1,40.0,75.8,74.0,84,45.7,51
0.5,0.25,2.0,Texas,28.0,28,28,28.0,46.3,46.5,50,0.0,0.0,28.0,28.0,28.0,28.0,40.0,40.0,65.0,64.5,70,45.9,49
2.0,0.01,2.0,Texas,28.0,28,28,28.0,33.1,34.0,36,0.0,0.0,28.0,28.0,28.0,28.0,42.1,41.5,83.0,85.0,86,46.1,53
0.5,0.1,2.0,Texas,28.0,28,28,28.0,43.7,44.0,47,0.0,0.0,28.0,28.0,28.0,28.0,40.0,40.0,67.1,67.5,71,46.3,49
2.0,0.05,0.5,Texas,28.0,28,28,28.0,43.5,44.5,46,0.0,0.0,28.0,28.0,28.0,28.0,40.3,40.0,82.0,80.0,92,46.8,52
1.0,0.1,1.0,Texas,28.0,28,28,28.0,44.6,44.0,49,0.0,0.0,28.0,28.0,28.0,28.0,40.1,40.0,73.3,73.0,78,47.4,52
2.0,0.05,1.0,Texas,28.0,28,28,28.0,45.1,45.0,50,0.0,0.0,28.0,28.0,28.0,28.0,40.2,40.0,84.7,84.0,99,47.7,54
1.0,0.25,1.0,Texas,28.0,28,28,28.0,46.6,47.5,50,0.0,0.0,28.0,28.0,28.0,28.0,40.0,40.0,74.5,74.5,79,48.2,52
2.0,0.25,0.5,Texas,28.0,28,28,28.0,48.5,48.5,52,0.0,0.0,28.0,28.0,28.0,28.0,40.0,40.0,81.1,81.5,83,48.7,52
2.0,0.1,0.5,Texas,28.0,28,28,28.0,44.2,43.5,49,0.0,0.0,28.0,28.0,28.0,28.0,40.0,40.0,79.2,79.5,84,48.8,54
2.0,0.05,2.0,Texas,28.0,28,28,28.0,44.8,45.0,51,0.0,0.0,28.0,28.0,28.0,28.0,40.3,40.0,87.3,87.0,100,49.0,55
2.0,0.1,2.0,Texas,28.0,28,28,28.0,46.7,47.0,50,0.0,0.0,28.0,28.0,28.0,28.0,40.0,40.0,88.2,88.0,91,49.0,54
2.0,0.25,2.0,Texas,28.0,28,28,28.0,49.3,49.0,52,0.0,0.0,28.0,28.0,28.0,28.0,40.0,40.0,88.8,88.0,97,49.2,52
2.0,0.25,1.0,Texas,28.0,28,28,28.0,48.6,48.5,51,0.0,0.0,28.0,28.0,28.0,28.0,40.0,40.0,87.5,87.5,92,49.4,52
1.0,0.25,2.0,Texas,28.0,28,28,28.0,48.5,49.0,52,0.0,0.0,28.0,28.0,28.0,28.0,40.0,40.0,81.6,81.0,88,49.5,54
1.0,0.05,2.0,Texas,28.0,28,28,28.0,42.5,42.0,48,0.0,0.0,28.0,28.0,28.0,28.0,40.2,40.0,81.8,83.5,95,49.9,54
1.0,0.1,2.0,Texas,28.0,28,28,28.0,44.7,45.0,48,0.0,0.0,28.0,28.0,28.0,28.0,40.0,40.0,82.1,83.0,87,50.3,52
2.0,0.1,1.0,Texas,28.0,28,28,28.0,45.9,46.5,50,0.0,0.0,28.0,28.0,28.0,28.0,40.0,40.0,88.7,87.5,98,50.4,53
0.5,0.25,0.5,New Mexico,40.0,40,40,40.0,9.7,10.0,10,0.0,0.0,42.0,42.0,47.0,47.0,28.0,28.0,32.4,33.0,34,4.3,5
0.5,0.1,0.5,New Mexico,40.0,40,40,40.0,9.4,10.0,10,0.1,1.0,42.5,42.0,47.9,47.0,28.0,28.0,28.0,28.5,30,4.6,6
2.0,0.25,1.0,New Mexico,40.0,40,40,40.0,11.2,11.0,12,0.0,0.0,42.0,42.0,47.0,47.0,28.0,28.0,36.3,37.0,39,4.8,6
2.0,0.25,2.0,New Mexico,40.0,40,40,40.0,11.1,11.0,12,0.0,0.0,42.0,42.0,47.0,47.0,28.0,28.0,37.3,37.0,40,4.9,6
2.0,0.1,2.0,New Mexico,40.0,40,40,40.0,11.0,11.0,12,0.1,1.0,42.5,42.0,47.6,47.0,28.0,28.0,33.4,33.0,36,5.0,6
1.0,0.25,2.0,New Mexico,40.0,40,40,40.0,10.9,11.0,11,0.0,0.0,42.0,42.0,47.0,47.0,28.0,28.0,36.8,37.5,39,5.1,6
0.5,0.1,2.0,New Mexico,40.0,40,40,40.0,10.9,11.0,12,0.2,1.0,43.0,42.0,47.6,47.0,28.0,28.0,33.7,34.0,38,5.1,6
0.5,0.25,2.0,New Mexico,40.0,40,40,40.0,10.8,11.0,11,0.0,0.0,42.0,42.0,47.0,47.0,28.0,28.0,37.7,37.5,41,5.2,6
1.0,0.25,0.5,New Mexico,40.0,40,40,40.0,10.7,11.0,11,0.0,0.0,42.0,42.0,47.0,47.0,28.0,28.0,32.9,32.5,36,5.3,6
2.0,0.1,1.0,New Mexico,40.0,40,40,40.0,10.7,10.5,12,0.0,0.0,42.0,42.0,57.1,48.5,28.0,28.0,33.4,33.0,37,5.3,6
1.0,0.1,0.5,New Mexico,40.0,40,40,40.0,10.7,11.0,12,0.0,0.0,42.0,42.0,47.6,47.0,28.0,28.0,31.5,33.0,34,5.3,7
0.5,0.25,1.0,New Mexico,40.0,40,40,40.0,10.5,10.5,11,0.0,0.0,42.0,42.0,47.0,47.0,28.0,28.0,33.8,34.0,37,5.5,6
1.0,0.25,1.0,New Mexico,40.0,40,40,40.0,10.5,10.5,11,0.0,0.0,42.0,42.0,47.0,47.0,28.0,28.0,36.4,35.5,42,5.5,6
2.0,0.25,0.5,New Mexico,40.0,40,40,40.0,10.5,10.5,11,0.0,0.0,42.0,42.0,47.3,47.0,28.0,28.0,37.5,37.0,40,5.5,6
2.0,0.1,0.5,New Mexico,40.0,40,40,40.0,10.5,10.5,11,0.3,1.0,43.5,42.0,47.9,47.0,28.0,28.0,32.6,33.5,35,5.5,6
1.0,0.1,2.0,New Mexico,40.0,40,40,40.0,10.4,10.5,12,0.4,1.0,44.0,42.0,48.5,48.5,28.0,28.0,33.7,34.0,38,5.6,7
0.5,0.05,1.0,New Mexico,40.0,40,40,40.0,10.2,10.0,12,0.3,1.0,43.8,42.0,66.1,50.0,28.0,28.0,26.8,27.0,31,5.7,7
0.5,0.1,1.0,New Mexico,40.0,40,40,40.0,10.1,10.0,11,0.3,1.0,43.5,42.0,48.5,48.5,28.0,28.0,30.1,30.5,34,5.9,7
1.0,0.1,1.0,New Mexico,40.2,40,42,40.0,10.9,11.0,11,0.0,0.0,42.5,42.0,47.3,47.0,28.0,28.0,34.3,34.0,38,5.1,6
1.0,0.05,0.5,New Mexico,40.2,40,42,40.0,10.2,10.5,12,1.4,5.0,57.1,47.0,77.5,76.5,28.0,28.0,27.8,27.5,32,5.8,7
1.0,0.05,2.0,New Mexico,40.4,40,42,40.0,10.4,10.0,12,0.1,1.0,45.4,44.5,51.1,50.0,28.0,28.0,28.4,28.0,33,5.6,7
2.0,0.05,1.0,New Mexico,40.4,40,42,40.0,9.8,10.0,11,0.3,1.0,44.8,44.5,68.4,50.0,28.0,28.0,29.0,28.0,33,6.2,7
1.0,0.05,1.0,New Mexico,40.7,40,47,40.0,10.3,10.5,12,0.2,1.0,44.9,42.0,55.9,50.0,28.0,28.0,29.1,28.5,33,5.7,7
0.5,0.05,0.5,Oklahoma,41.0,41,41,41.0,18.3,18.0,21,0.0,0.0,48.2,47.0,61.7,61.0,35.7,28.0,4.9,5.0,7,4.6,6
0.5,0.1,0.5,Oklahoma,41.0,41,41,41.0,21.9,22.0,24,0.0,0.0,47.0,47.0,61.7,61.0,51.1,28.0,3.5,3.5,6,5.1,6
0.5,0.05,1.0,Oklahoma,41.0,41,41,41.0,24.5,25.0,30,0.0,0.0,47.0,47.0,61.7,61.0,43.4,28.0,7.2,7.0,11,6.1,8
0.5,0.25,0.5,Oklahoma,41.0,41,41,41.0,24.6,25.0,26,0.0,0.0,47.0,47.0,61.0,61.0,28.0,28.0,4.2,4.0,6,6.2,7
1.0,0.05,1.0,Oklahoma,41.0,41,41,41.0,31.6,31.0,38,0.0,0.0,47.1,47.0,61.0,61.0,43.4,28.0,9.3,9.5,13,6.4,9
1.0,0.05,0.5,Oklahoma,41.0,41,41,41.0,24.5,24.5,28,0.0,0.0,47.1,47.0,61.0,61.0,35.5,28.0,7.8,7.5,10,6.5,10
0.5,0.1,1.0,Oklahoma,41.0,41,41,41.0,27.1,28.0,31,0.0,0.0,47.0,47.0,61.0,61.0,58.8,28.0,5.7,6.0,8,7.1,9
0.5,0.25,1.0,Oklahoma,41.0,41,41,41.0,31.3,31.5,34,0.0,0.0,47.0,47.0,61.0,61.0,28.0,28.0,5.8,6.0,8,7.3,8
0.5,0.1,2.0,Oklahoma,41.0,41,41,41.0,31.2,31.5,34,0.0,0.0,47.0,47.0,61.0,61.0,28.0,28.0,7.1,7.5,10,7.8,10
1.0,0.1,0.5,Oklahoma,41.0,41,41,41.0,29.0,28.5,32,0.0,0.0,47.0,47.0,61.0,61.0,43.4,28.0,7.6,7.5,9,8.0,9
1.0,0.1,1.0,Oklahoma,41.0,41,41,41.0,34.6,34.0,38,0.0,0.0,47.1,47.0,61.0,61.0,43.4,28.0,8.6,8.5,14,8.4,11
1.0,0.25,0.5,Oklahoma,41.0,41,41,41.0,31.7,31.5,34,0.0,0.0,47.0,47.0,61.0,61.0,35.7,28.0,7.1,7.0,9,8.8,10
2.0,0.05,0.5,Oklahoma,41.0,41,41,41.0,35.2,35.0,41,0.0,0.0,48.2,47.0,62.4,61.0,28.0,28.0,10.9,11.0,14,9.0,13
2.0,0.25,0.5,Oklahoma,41.0,41,41,41.0,37.7,37.5,40,0.0,0.0,47.0,47.0,61.0,61.0,28.0,28.0,8.8,9.0,10,9.1,10
0.5,0.25,2.0,Oklahoma,41.0,41,41,41.0,35.0,35.5,37,0.0,0.0,47.0,47.0,61.0,61.0,42.9,28.0,8.0,7.5,11,9.2,12
1.0,0.25,2.0,Oklahoma,41.0,41,41,41.0,40.1,41.0,42,0.0,0.0,47.0,47.0,61.0,61.0,28.0,28.0,10.6,11.0,14,9.5,11
1.0,0.25,1.0,Oklahoma,41.0,41,41,41.0,37.2,37.0,39,0.0,0.0,47.0,47.0,61.0,61.0,35.4,28.0,7.0,7.0,9,9.5,12
1.0,0.1,2.0,Oklahoma,41.0,41,41,41.0,37.3,37.0,40,0.0,0.0,47.0,47.0,61.0,61.0,28.0,28.0,11.2,11.5,13,10.0,12
2.0,0.1,0.5,Oklahoma,41.0,41,41,41.0,34.9,35.0,37,0.0,0.0,47.0,47.0,61.0,61.0,28.0,28.0,10.3,10.0,13,10.0,12
2.0,0.25,1.0,Oklahoma,41.0,41,41,41.0,39.7,39.5,41,0.0,0.0,47.0,47.0,61.0,61.0,28.0,28.0,11.3,11.5,13,10.2,12
2.0,0.05,1.0,Oklahoma,41.0,41,41,41.0,36.6,36.0,40,0.0,0.0,47.2,47.0,61.7,61.0,28.0,28.0,13.1,13.5,16,10.2,12
1.0,0.05,2.0,Oklahoma,41.0,41,41,41.0,35.6,36.0,38,0.0,0.0,49.0,47.0,61.7,61.0,33.2,28.0,11.8,11.0,18,10.4,13
2.0,0.1,1.0,Oklahoma,41.0,41,41,41.0,36.8,36.5,40,0.0,0.0,47.0,47.0,61.0,61.0,28.0,28.0,11.7,12.0,14,10.4,13
2.0,0.25,2.0,Oklahoma,41.0,41,41,41.0,39.7,40.0,41,0.0,0.0,47.0,47.0,61.0,61.0,28.0,28.0,12.5,12.5,14,11.2,12
2.0,0.05,2.0,Oklahoma,41.0,41,41,41.0,36.6,36.5,40,0.0,0.0,48.1,47.0,62.4,61.0,28.0,28.0,13.3,13.0,16,11.2,14
2.0,0.1,2.0,Oklahoma,41.0,41,41,41.0,38.2,38.5,40,0.0,0.0,47.0,47.0,61.0,61.0,28.0,28.0,13.7,14.0,18,11.5,14
0.5,0.05,2.0,New Mexico,41.3,40,47,40.0,9.6,9.5,12,0.8,5.0,52.6,47.0,72.3,52.0,28.0,28.0,29.8,30.5,33,6.4,9
2.0,0.05,2.0,New Mexico,41.4,40,50,40.0,10.4,10.5,12,0.8,5.0,50.8,48.5,65.1,51.0,28.0,28.0,31.1,30.0,36,5.6,7
2.0,0.05,0.5,New Mexico,41.6,40,47,40.0,10.4,10.5,12,0.0,0.0,45.6,42.0,50.5,50.0,28.0,28.0,28.5,30.5,32,5.6,7
0.5,0.05,2.0,Oklahoma,41.6,41,47,41.0,28.5,28.5,31,0.0,0.0,50.6,47.5,61.7,61.0,43.1,28.0,7.9,8.0,11,6.5,10
0.5,0.05,0.5,New Mexico,42.4,40,50,40.0,9.5,9.5,11,0.3,2.0,46.9,44.5,55.3,50.0,28.0,28.0,22.4,24.0,26,4.3,5
0.5,0.25,0.5,Kentucky,43.0,43,43,43.0,36.1,35.5,40,0.0,0.0,66.0,66.0,70.1,70.0,85.8,87.0,10.5,11.0,13,4.8,7
1.0,0.25,0.5,Kentucky,43.0,43,43,43.0,43.5,43.5,47,0.0,0.0,66.0,66.0,70.1,70.0,85.5,85.5,20.9,21.0,25,5.7,8
0.5,0.25,1.0,Kentucky,43.0,43,43,43.0,40.1,40.5,43,0.0,0.0,66.0,66.0,70.1,70.0,85.7,86.5,18.4,18.5,22,6.4,8
0.5,0.1,0.5,Tennessee,43.0,43,43,43.0,21.2,21.0,24,0.0,0.0,56.2,53.0,64.7,61.0,28.0,28.0,10.5,10.0,17,6.4,8
0.5,0.05,1.0,Tennessee,43.0,43,43,43.0,31.0,29.0,36,0.0,0.0,65.5,61.0,74.5,77.0,32.8,28.0,12.3,12.5,19,7.5,11
0.5,0.25,1.0,Tennessee,43.0,43,43,43.0,38.5,38.5,42,0.0,0.0,53.0,53.0,61.0,61.0,28.0,28.0,20.7,20.0,26,7.9,10
0.5,0.25,0.5,Tennessee,43.0,43,43,43.0,24.4,24.0,27,0.0,0.0,53.0,53.0,61.0,61.0,28.0,28.0,14.7,14.0,19,7.9,9
1.0,0.1,0.5,Tennessee,43.0,43,43,43.0,37.3,37.5,40,0.0,0.0,56.1,53.0,67.7,64.5,28.0,28.0,15.3,16.5,19,8.1,11
0.5,0.1,1.0,Tennessee,43.0,43,43,43.0,34.8,34.5,39,0.0,0.0,56.2,53.0,65.0,61.0,28.0,28.0,15.4,15.0,21,8.4,11
0.5,0.25,2.0,Kentucky,43.0,43,43,43.0,45.5,46.0,48,0.0,0.0,66.0,66.0,70.0,70.0,80.5,87.0,24.4,24.5,30,8.7,11
2.0,0.1,1.0,Tennessee,43.0,43,43,43.0,45.0,44.5,49,0.0,0.0,54.6,53.0,62.6,61.0,28.0,28.0,25.5,26.0,31,8.7,12
2.0,0.1,2.0,Tennessee,43.0,43,43,43.0,45.0,45.0,48,0.0,0.0,54.6,53.0,64.9,61.0,28.0,28.0,26.6,27.5,30,9.2,13
1.0,0.25,0.5,Tennessee,43.0,43,43,43.0,40.1,40.0,42,0.0,0.0,53.0,53.0,61.0,61.0,28.0,28.0,20.8,21.0,25,9.4,13
1.0,0.1,2.0,Tennessee,43.0,43,43,43.0,44.3,44.5,47,0.0,0.0,55.4,53.0,64.9,61.0,31.6,28.0,24.5,23.0,30,9.6,15
2.0,0.1,0.5,Tennessee,43.0,43,43,43.0,42.8,42.0,47,0.0,0.0,56.2,53.0,65.4,64.5,28.0,28.0,20.4,20.5,27,9.6,11
2.0,0.25,2.0,Tennessee,43.0,43,43,43.0,46.6,47.0,49,0.0,0.0,53.0,53.0,61.0,61.0,28.0,28.0,26.2,25.5,30,9.7,13
2.0,0.25,0.5,Tennessee,43.0,43,43,43.0,44.3,44.0,47,0.0,0.0,53.0,53.0,61.0,61.0,28.0,28.0,25.5,25.5,31,9.7,13
2.0,0.25,1.0,Tennessee,43.0,43,43,43.0,45.4,45.5,49,0.0,0.0,53.0,53.0,61.0,61.0,28.0,28.0,28.5,29.0,37,10.1,13
0.5,0.1,2.0,Tennessee,43.0,43,43,43.0,38.5,39.0,43,0.0,0.0,55.4,53.0,68.3,69.0,28.0,28.0,18.9,18.5,22,10.4,13
1.0,0.25,2.0,Tennessee,43.0,43,43,43.0,44.3,44.5,47,0.0,0.0,53.0,53.0,61.0,61.0,28.0,28.0,27.2,27.0,30,10.5,12
1.0,0.25,1.0,Tennessee,43.0,43,43,43.0,42.5,42.5,45,0.0,0.0,53.0,53.0,61.0,61.0,28.0,28.0,21.7,21.0,27,10.5,15
0.5,0.25,2.0,Tennessee,43.0,43,43,43.0,41.3,41.0,45,0.0,0.0,53.0,53.0,61.0,61.0,28.0,28.0,21.7,21.5,27,10.6,12
1.0,0.25,1.0,Kentucky,43.0,43,43,43.0,45.4,45.0,49,0.0,0.0,66.0,66.0,70.1,70.0,79.9,85.5,26.3,27.5,30,10.8,13
2.0,0.25,1.0,Kentucky,43.0,43,43,43.0,48.5,48.5,51,0.0,0.0,66.0,66.0,70.1,70.0,85.8,87.0,26.0,26.0,32,12.1,15
2.0,0.1,1.0,Kentucky,43.0,43,43,43.0,42.5,42.5,46,0.0,0.0,66.0,66.0,70.5,70.5,74.8,87.0,25.3,24.5,32,13.2,16
2.0,0.25,2.0,Kentucky,43.0,43,43,43.0,47.9,48.5,51,0.0,0.0,66.0,66.0,70.2,70.0,85.2,84.0,31.4,30.0,38,13.4,20
1.0,0.1,1.0,Tennessee,44.0,43,53,43.0,41.1,41.5,44,0.0,0.0,57.0,57.0,66.9,64.5,32.3,28.0,18.0,18.0,22,9.3,11
0.5,0.01,0.5,Iowa,44.0,44,44,44.0,20.8,21.0,24,2.1,11.0,76.3,75.0,87.0,90.5,65.1,70.0,69.3,68.0,89,47.3,52
0.5,0.1,0.5,Iowa,44.0,44,44,44.0,27.8,28.0,31,0.0,0.0,56.0,56.0,56.1,56.0,51.1,53.0,80.0,81.0,84,49.6,52
0.5,0.05,0.5,Iowa,44.0,44,44,44.0,24.9,25.0,29,0.0,0.0,56.0,56.0,56.5,56.5,53.0,53.0,81.5,78.5,94,50.0,58
0.5,0.05,1.0,Iowa,44.0,44,44,44.0,29.6,30.0,33,0.0,0.0,56.0,56.0,56.8,57.0,33.8,28.0,84.9,85.5,94,51.0,54
0.5,0.01,1.0,Iowa,44.0,44,44,44.0,22.8,21.5,29,1.3,7.0,67.7,69.0,77.3,75.5,64.2,68.0,77.6,77.5,89,51.4,57
0.5,0.25,0.5,Iowa,44.0,44,44,44.0,27.2,27.0,28,0.0,0.0,56.0,56.0,56.0,56.0,50.5,53.0,79.7,78.5,94,52.1,54
0.5,0.25,1.0,Iowa,44.0,44,44,44.0,29.9,30.0,32,0.0,0.0,56.0,56.0,56.0,56.0,28.0,28.0,92.3,92.0,100,52.9,56
0.5,0.1,1.0,Iowa,44.0,44,44,44.0,29.1,29.5,33,0.0,0.0,56.0,56.0,56.2,56.0,35.9,28.0,86.1,84.0,97,53.1,59
1.0,0.1,0.5,Iowa,44.0,44,44,44.0,30.7,31.0,34,0.0,0.0,56.0,56.0,56.2,56.0,38.4,28.0,88.0,87.0,95,54.0,58
1.0,0.05,0.5,Iowa,44.0,44,44,44.0,29.1,29.0,33,0.0,0.0,56.0,56.0,56.6,57.0,33.0,28.0,85.6,85.5,99,54.2,59
0.5,0.1,2.0,Iowa,44.0,44,44,44.0,31.0,31.5,36,0.0,0.0,56.0,56.0,56.1,56.0,28.0,28.0,97.0,97.5,103,54.4,58
1.0,0.25,0.5,Iowa,44.0,44,44,44.0,30.7,31.0,33,0.0,0.0,56.0,56.0,56.1,56.0,28.0,28.0,93.2,92.0,102,54.5,59
1.0,0.01,0.5,Iowa,44.0,44,44,44.0,23.0,23.0,31,0.8,5.0,64.8,63.0,75.7,76.0,56.3,60.0,75.8,76.5,93,54.6,61
0.5,0.25,2.0,Iowa,44.0,44,44,44.0,30.0,29.5,34,0.0,0.0,56.0,56.0,56.0,56.0,28.0,28.0,102.0,101.0,109,56.0,59
0.5,0.05,2.0,Iowa,44.0,44,44,44.0,28.9,29.0,32,0.0,0.0,56.0,56.0,56.5,56.5,45.9,53.0,94.8,95.5,104,56.4,60
1.0,0.05,1.0,Iowa,44.0,44,44,44.0,29.0,29.5,31,0.0,0.0,56.0,56.0,56.6,57.0,35.9,28.0,95.3,93.5,107,57.0,62
0.5,0.01,2.0,Iowa,44.0,44,44,44.0,23.7,24.5,28,0.5,2.0,61.8,56.0,71.1,72.0,51.3,57.0,84.8,84.5,97,57.1,63
2.0,0.25,0.5,Iowa,44.0,44,44,44.0,28.5,29.0,30,0.0,0.0,56.0,56.0,56.0,56.0,28.0,28.0,100.0,100.5,104,58.8,61
2.0,0.1,2.0,Iowa,44.0,44,44,44.0,28.7,29.0,33,0.0,0.0,56.0,56.0,56.5,56.5,33.4,28.0,103.6,104.0,112,59.4,63
2.0,0.1,0.5,Iowa,44.0,44,44,44.0,27.6,27.0,30,0.0,0.0,56.0,56.0,56.3,56.0,33.0,28.0,98.0,99.5,107,59.4,62
1.0,0.01,1.0,Iowa,44.0,44,44,44.0,23.0,23.0,28,0.3,2.0,60.1,56.5,70.1,70.5,47.0,53.0,89.2,88.5,108,59.4,66
1.0,0.25,1.0,Iowa,44.0,44,44,44.0,27.2,27.0,30,0.0,0.0,56.0,56.0,56.1,56.0,28.0,28.0,97.6,96.5,104,59.8,63
1.0,0.1,1.0,Iowa,44.0,44,44,44.0,27.2,27.5,32,0.0,0.0,56.0,56.0,56.5,56.5,28.0,28.0,95.3,95.0,104,59.8,65
2.0,0.1,1.0,Iowa,44.0,44,44,44.0,27.9,28.0,32,0.0,0.0,56.0,56.0,56.1,56.0,33.4,28.0,102.0,102.5,110,60.1,65
2.0,0.05,0.5,Iowa,44.0,44,44,44.0,26.6,26.0,33,0.0,0.0,56.3,56.0,56.9,57.0,38.9,28.0,99.2,100.0,112,60.4,68
1.0,0.05,2.0,Iowa,44.0,44,44,44.0,27.1,27.0,30,0.0,0.0,56.0,56.0,56.4,56.0,33.4,28.0,96.7,95.5,106,60.5,64
2.0,0.05,1.0,Iowa,44.0,44,44,44.0,27.3,27.0,29,0.0,0.0,56.0,56.0,56.6,57.0,35.9,28.0,100.8,99.0,124,60.5,63
2.0,0.25,2.0,Iowa,44.0,44,44,44.0,27.8,28.0,31,0.0,0.0,56.0,56.0,56.0,56.0,28.0,28.0,102.6,102.0,110,60.5,64
2.0,0.25,1.0,Iowa,44.0,44,44,44.0,28.0,28.0,30,0.0,0.0,56.0,56.0,56.0,56.0,28.0,28.0,101.5,101.0,110,60.6,63
1.0,0.25,2.0,Iowa,44.0,44,44,44.0,27.3,27.5,31,0.0,0.0,56.0,56.0,56.0,56.0,28.0,28.0,100.5,102.0,106,61.1,65
1.0,0.1,2.0,Iowa,44.0,44,44,44.0,26.9,27.5,30,0.0,0.0,56.0,56.0,56.3,56.0,30.5,28.0,95.7,97.0,109,61.1,65
2.0,0.01,1.0,Iowa,44.0,44,44,44.0,24.3,24.0,28,0.9,2.0,68.4,70.5,78.2,76.0,43.0,28.0,96.1,96.5,111,61.2,66
2.0,0.05,2.0,Iowa,44.0,44,44,44.0,26.0,26.0,29,0.0,0.0,56.0,56.0,56.3,56.0,33.4,28.0,104.4,104.5,110,61.8,67
2.0,0.01,2.0,Iowa,44.0,44,44,44.0,21.4,22.5,24,1.8,5.0,64.9,65.0,75.5,75.0,51.6,55.0,99.7,100.0,116,63.9,69
ALL,ALL,ALL,Iowa,44.125,44,67,44.0,26.93888888888889,28.0,36,0.24722222222222223,11.0,58.583333333333336,56.0,61.26111111111111,56.0,39.02777777777778,28.0,92.74166666666666,94.0,124,57.041666666666664,69
ALL,ALL,ALL,Oklahoma,44.65277777777778,41,96,41.0,29.444444444444443,31.0,42,0.008333333333333333,1.0,53.888888888888886,47.0,68.69444444444444,61.0,35.56824512534819,28.0,8.525,8.0,20,7.483333333333333,14
1.0,0.05,1.0,Tennessee,44.8,43,61,43.0,40.6,41.0,43,0.0,0.0,64.0,61.0,74.0,74.0,36.4,28.0,16.7,16.5,22,8.5,10
ALL,ALL,ALL,New Mexico,44.90833333333333,40,108,40.0,10.680555555555555,11.0,15,0.28888888888888886,5.0,53.141666666666666,42.0,63.94444444444444,50.0,29.09722222222222,28.0,28.283333333333335,31.0,42,4.875,9
0.5,0.1,0.5,Kentucky,45.3,43,66,43.0,29.6,30.0,32,0.0,0.0,66.4,66.0,70.9,71.0,86.7,87.0,9.8,10.0,12,6.8,10
1.0,0.1,0.5,Kentucky,45.3,43,66,43.0,37.9,38.0,40,0.0,0.0,66.5,66.0,70.4,70.0,51.3,28.0,19.1,19.5,24,7.6,10
2.0,0.25,0.5,Kentucky,45.3,43,66,43.0,46.7,46.5,50,0.0,0.0,66.4,66.0,70.6,71.0,85.2,84.0,25.2,25.5,28,11.0,16
1.0,0.1,1.0,Kentucky,45.3,43,66,43.0,40.6,41.5,43,0.0,0.0,66.5,66.0,70.8,71.0,57.2,56.0,20.3,20.0,27,11.5,13
1.0,0.25,2.0,Kentucky,45.3,43,66,43.0,47.1,47.5,50,0.0,0.0,66.4,66.0,70.2,70.0,86.4,87.0,26.0,26.0,29,12.6,16
0.5,0.25,0.5,California,46.0,46,46,46.0,5.9,6.0,7,0.0,0.0,47.0,47.0,80.0,80.0,28.0,28.0,72.7,72.5,78,29.1,30
0.5,0.1,0.5,California,46.0,46,46,46.0,5.2,5.0,6,0.0,0.0,47.0,47.0,82.2,80.0,28.0,28.0,71.0,70.0,77,29.9,31
1.0,0.1,0.5,California,46.0,46,46,46.0,5.5,5.5,6,0.0,0.0,47.0,47.0,80.0,80.0,28.0,28.0,81.7,82.5,90,31.1,32
2.0,0.25,1.0,California,46.0,46,46,46.0,6.1,6.0,7,0.0,0.0,47.0,47.0,80.0,80.0,28.0,28.0,81.5,80.5,92,31.2,32
0.5,0.1,1.0,California,46.0,46,46,46.0,5.6,5.5,7,0.0,0.0,47.0,47.0,80.0,80.0,28.0,28.0,79.7,78.5,89,31.2,32
2.0,0.1,2.0,California,46.0,46,46,46.0,6.0,6.0,7,0.0,0.0,47.0,47.0,80.0,80.0,28.0,28.0,80.2,81.0,87,31.2,33
2.0,0.1,1.0,California,46.0,46,46,46.0,5.7,5.5,7,0.0,0.0,47.0,47.0,80.0,80.0,28.0,28.0,79.5,79.0,83,31.3,32
1.0,0.1,2.0,California,46.0,46,46,46.0,5.6,6.0,6,0.0,0.0,47.0,47.0,80.0,80.0,28.0,28.0,81.5,83.5,88,31.3,33
0.5,0.1,2.0,California,46.0,46,46,46.0,5.5,5.0,7,0.0,0.0,47.0,47.0,80.0,80.0,28.0,28.0,85.0,84.5,90,31.5,33
0.5,0.25,1.0,California,46.0,46,46,46.0,5.5,5.0,7,0.0,0.0,47.0,47.0,80.0,80.0,28.0,28.0,80.7,80.0,84,31.6,33
2.0,0.1,0.5,California,46.0,46,46,46.0,5.6,6.0,7,0.0,0.0,47.0,47.0,83.1,80.0,28.0,28.0,81.1,82.0,90,31.6,33
2.0,0.25,2.0,California,46.0,46,46,46.0,5.7,5.5,7,0.0,0.0,47.0,47.0,80.0,80.0,28.0,28.0,79.4,80.0,83,31.7,33
1.0,0.25,1.0,California,46.0,46,46,46.0,5.6,5.5,7,0.0,0.0,47.0,47.0,80.0,80.0,28.0,28.0,82.9,83.5,85,31.8,33
1.0,0.25,0.5,California,46.0,46,46,46.0,5.5,5.5,6,0.0,0.0,47.0,47.0,80.0,80.0,28.0,28.0,79.0,79.0,84,31.9,33
1.0,0.25,2.0,California,46.0,46,46,46.0,5.4,5.0,6,0.0,0.0,47.0,47.0,80.0,80.0,28.0,28.0,80.7,81.0,85,32.0,33
2.0,0.25,0.5,California,46.0,46,46,46.0,5.4,5.0,6,0.0,0.0,47.0,47.0,80.0,80.0,28.0,28.0,82.0,81.5,87,32.0,33
0.5,0.25,2.0,California,46.0,46,46,46.0,5.6,6.0,6,0.0,0.0,47.0,47.0,80.0,80.0,28.0,28.0,81.3,80.5,90,32.2,33
1.0,0.05,0.5,California,46.1,46,47,46.0,5.4,5.0,6,1.5,15.0,50.3,47.0,85.3,80.0,28.0,28.0,80.1,80.0,88,30.5,32
0.5,0.05,1.0,California,46.1,46,47,46.0,5.3,5.0,7,2.1,21.0,52.5,47.0,83.1,80.0,28.0,28.0,81.0,81.0,87,30.9,32
1.0,0.1,1.0,California,46.1,46,47,46.0,5.6,6.0,6,1.7,17.0,50.3,47.0,80.1,80.0,28.0,28.0,83.2,83.0,92,31.6,32
1.0,0.05,2.0,California,46.2,46,47,46.0,4.9,4.5,7,7.1,22.0,62.4,47.0,97.7,106.5,28.0,28.0,80.5,79.0,93,32.0,33
1.0,0.01,2.0,Iowa,46.2,44,66,44.0,24.0,23.5,31,0.8,2.0,68.2,69.0,79.0,77.0,44.2,28.0,100.2,96.5,114,60.5,65
2.0,0.01,0.5,Iowa,46.3,44,67,44.0,24.8,25.0,31,0.4,2.0,64.5,63.5,71.8,72.0,52.9,58.5,87.7,90.0,104,59.1,64
2.0,0.01,0.5,New Mexico,46.5,40,72,42.0,11.9,11.0,15,0.2,1.0,59.9,51.0,92.1,100.5,28.0,28.0,22.6,24.0,29,3.4,5
1.0,0.05,0.5,Tennessee,47.0,43,83,43.0,33.5,33.5,36,0.0,0.0,64.1,61.0,79.0,74.0,36.4,28.0,12.7,13.0,16,6.6,8
2.0,0.25,2.0,Colorado,47.0,47,47,47.0,25.6,25.5,27,0.0,0.0,50.0,50.0,53.0,53.0,28.0,28.0,51.0,50.0,59,6.8,8
2.0,0.25,0.5,Colorado,47.0,47,47,47.0,25.6,26.0,27,0.0,0.0,50.0,50.0,53.0,53.0,28.0,28.0,47.8,47.0,55,6.8,8
1.0,0.25,2.0,Colorado,47.0,47,47,47.0,25.6,25.5,27,0.0,0.0,50.0,50.0,53.0,53.0,28.0,28.0,49.5,49.5,52,6.9,8
1.0,0.25,1.0,Colorado,47.0,47,47,47.0,25.4,25.5,26,0.0,0.0,50.0,50.0,53.0,53.0,28.0,28.0,49.2,49.5,52,7.0,8
1.0,0.25,0.5,Colorado,47.0,47,47,47.0,20.1,20.0,21,0.0,0.0,50.0,50.0,53.0,53.0,28.0,28.0,45.5,45.5,53,8.0,9
0.5,0.25,2.0,Colorado,47.0,47,47,47.0,22.7,23.0,25,0.0,0.0,50.0,50.0,53.0,53.0,28.0,28.0,50.8,50.5,56,8.6,10
0.5,0.25,1.0,Colorado,47.3,47,50,47.0,21.8,21.5,24,0.0,0.0,50.3,50.0,53.5,53.0,28.0,28.0,43.1,42.5,47,5.9,6
2.0,0.25,1.0,Colorado,47.3,47,50,47.0,26.2,26.0,28,0.0,0.0,50.3,50.0,53.5,53.0,28.0,28.0,48.2,47.0,51,6.4,7
1.0,0.1,1.0,Colorado,47.3,47,50,47.0,25.1,26.0,27,0.0,0.0,50.3,50.0,53.5,53.0,28.0,28.0,52.1,51.5,57,7.1,11
2.0,0.1,1.0,Colorado,47.3,47,50,47.0,24.7,25.0,26,0.0,0.0,50.3,50.0,53.5,53.0,28.0,28.0,51.7,51.0,57,7.6,10
0.5,0.25,0.5,Idaho,47.3,47,50,47.0,5.7,5.5,8,7.2,8.0,54.5,55.0,91.0,88.0,28.0,28.0,44.7,44.0,50,17.4,19
1.0,0.25,0.5,Idaho,47.3,47,50,47.0,8.3,8.0,10,7.2,8.0,54.5,55.0,94.5,88.0,28.0,28.0,48.8,49.0,51,18.9,21
2.0,0.1,2.0,Colorado,47.6,47,50,47.0,24.1,24.0,26,0.0,0.0,50.6,50.0,54.0,53.0,28.0,28.0,53.5,53.0,60,7.9,10
1.0,0.1,0.5,Colorado,47.6,47,50,47.0,19.2,20.0,21,0.0,0.0,50.6,50.0,54.0,53.0,28.0,28.0,45.9,45.5,50,8.5,10
2.0,0.1,2.0,Kentucky,47.6,43,66,43.0,44.2,44.5,49,0.0,0.0,67.1,66.0,71.3,71.0,63.6,87.0,25.7,25.5,31,12.3,17
0.5,0.25,1.0,Idaho,47.6,47,50,47.0,6.5,6.5,9,6.4,8.0,54.4,55.0,103.0,88.0,28.0,28.0,45.7,46.0,48,18.8,21
2.0,0.25,2.0,Idaho,47.6,47,50,47.0,11.6,11.0,15,5.8,8.0,53.9,55.0,85.7,88.0,28.0,28.0,53.7,54.5,57,19.0,20
1.0,0.25,1.0,Idaho,47.6,47,50,47.0,9.1,9.0,13,6.4,8.0,54.0,55.0,93.3,88.0,28.0,28.0,54.1,53.5,59,19.3,22
2.0,0.25,0.5,Idaho,47.6,47,50,47.0,10.0,10.0,12,6.4,8.0,54.0,55.0,91.9,88.0,28.0,28.0,56.6,56.5,60,19.4,20
0.5,0.25,0.5,Colorado,47.9,47,50,47.0,20.2,20.5,22,0.0,0.0,50.9,50.0,54.5,53.0,28.0,28.0,33.5,33.5,36,5.1,7
0.5,0.1,1.0,Colorado,47.9,47,50,47.0,19.9,20.0,22,0.0,0.0,50.9,50.0,54.5,53.0,28.0,28.0,41.6,41.0,46,7.3,9
2.0,0.1,0.5,Colorado,47.9,47,50,47.0,24.7,24.5,27,0.0,0.0,50.9,50.0,54.5,53.0,28.0,28.0,50.4,50.5,60,7.4,8
0.5,0.1,2.0,Colorado,47.9,47,50,47.0,21.5,21.5,23,0.0,0.0,50.9,50.0,54.5,53.0,30.8,28.0,50.5,50.5,55,9.1,10
2.0,0.05,1.0,Tennessee,47.9,43,74,43.0,41.6,41.0,46,0.0,0.0,63.2,61.0,73.2,74.0,42.2,28.0,21.1,21.5,26,9.6,13
1.0,0.25,2.0,Idaho,47.9,47,50,47.0,10.9,11.0,15,5.5,8.0,54.1,55.0,82.8,88.0,28.0,28.0,55.6,55.0,62,19.2,22
0.5,0.25,2.0,Idaho,47.9,47,50,47.0,9.2,9.0,12,5.6,8.0,53.9,55.0,81.8,83.0,28.0,28.0,54.0,54.0,57,19.5,21
0.5,0.1,0.5,Colorado,48.2,47,50,47.0,17.8,17.5,20,0.0,0.0,51.2,50.0,55.0,53.0,28.0,28.0,33.0,32.5,37,6.2,7
1.0,0.1,2.0,Colorado,48.2,47,50,47.0,25.1,25.0,27,0.0,0.0,51.2,50.0,55.0,53.0,28.0,28.0,52.9,53.0,58,7.1,8
1.0,0.05,0.5,Colorado,48.2,47,50,47.0,17.8,18.0,19,0.0,0.0,51.2,50.0,55.0,53.0,31.5,28.0,42.9,42.0,51,9.5,11
2.0,0.25,1.0,Idaho,48.2,47,50,47.0,11.1,11.5,15,4.8,8.0,53.2,55.0,84.7,88.0,28.0,28.0,55.4,57.0,60,18.9,22
1.0,0.05,1.0,California,48.3,46,69,46.0,5.3,5.0,7,3.2,17.0,54.8,47.0,86.3,80.0,28.0,28.0,79.6,81.0,86,31.5,33
2.0,0.05,2.0,California,48.4,46,69,46.0,5.1,5.0,7,4.2,27.0,56.7,47.0,89.3,80.0,28.0,28.0,78.0,80.5,84,31.6,33
2.0,0.05,1.0,California,48.4,46,69,46.0,5.3,5.0,6,1.7,15.0,52.8,47.0,86.0,80.0,28.0,28.0,78.4,80.0,84,31.7,33
2.0,0.05,1.0,Colorado,48.5,47,50,48.5,23.9,24.0,26,0.0,0.0,52.9,53.0,57.2,58.0,28.0,28.0,53.0,53.5,56,8.1,10
1.0,0.1,2.0,Idaho,48.5,47,50,48.5,10.4,11.0,12,3.8,8.0,53.5,53.5,82.5,66.5,30.5,28.0,55.3,54.0,63,18.0,20
2.0,0.1,2.0,Idaho,48.5,47,50,48.5,10.5,11.0,13,2.8,8.0,52.7,52.0,79.8,55.0,28.0,28.0,53.7,54.5,57,18.2,21
0.5,0.05,2.0,California,48.6,46,69,46.0,5.3,5.0,7,6.2,16.0,61.4,47.0,91.5,80.0,28.0,28.0,81.8,82.5,88,31.2,33
1.0,0.05,2.0,Tennessee,48.8,43,83,43.0,41.5,41.0,44,0.0,0.0,62.4,61.0,75.5,78.5,31.6,28.0,22.3,22.0,28,9.5,12
1.0,0.1,0.5,Idaho,48.8,47,50,50.0,9.2,8.5,12,2.6,8.0,52.1,52.0,77.5,55.0,28.0,28.0,45.7,46.0,51,17.7,20
2.0,0.1,1.0,Idaho,48.8,47,50,50.0,10.7,10.0,13,2.0,8.0,52.0,52.0,65.2,55.0,28.0,28.0,52.7,52.0,57,18.0,21
1.0,0.1,1.0,Idaho,48.8,47,50,50.0,9.2,9.0,12,2.9,8.0,52.6,52.0,78.6,55.0,28.0,28.0,53.2,52.5,61,18.2,20
2.0,0.05,0.5,Tennessee,48.9,43,74,43.0,40.6,40.5,45,0.0,0.0,66.7,61.0,76.9,78.5,28.0,28.0,18.9,19.0,27,9.9,14
2.0,0.01,1.0,Oklahoma,49.0,41,68,41.0,26.3,26.5,30,0.0,0.0,68.9,68.0,78.5,70.0,28.0,28.0,10.6,11.5,14,7.3,10
1.0,0.25,0.5,Washington,49.0,49,49,49.0,10.0,10.0,12,0.0,0.0,52.1,52.0,53.0,53.0,28.0,28.0,17.7,17.5,21,15.5,18
0.5,0.25,0.5,Washington,49.0,49,49,49.0,8.5,8.5,11,0.0,0.0,52.1,52.0,57.3,53.0,28.0,28.0,12.1,12.5,16,15.6,17
0.5,0.25,1.0,Washington,49.0,49,49,49.0,9.2,9.0,12,0.1,1.0,52.2,52.0,55.7,53.0,28.0,28.0,15.9,16.0,18,16.0,19
0.5,0.25,2.0,Washington,49.0,49,49,49.0,9.1,9.0,10,0.2,1.0,52.3,52.0,54.6,53.0,28.0,28.0,19.6,20.0,21,16.5,18
2.0,0.25,2.0,Washington,49.0,49,49,49.0,9.8,9.0,13,0.1,1.0,52.3,52.0,54.1,53.0,28.0,28.0,18.3,18.0,21,16.8,18
1.0,0.1,1.0,Washington,49.0,49,49,49.0,8.6,9.0,10,0.7,6.0,54.3,53.0,62.2,61.0,33.2,28.0,20.5,20.5,24,17.0,19
2.0,0.25,0.5,Washington,49.0,49,49,49.0,8.8,8.5,11,0.1,1.0,52.2,52.0,58.4,53.0,28.0,28.0,20.4,21.0,22,17.4,20
2.0,0.25,1.0,Washington,49.0,49,49,49.0,8.3,8.5,10,0.2,1.0,52.4,52.0,58.4,53.0,28.0,28.0,19.4,20.0,21,18.0,20
1.0,0.25,2.0,Washington,49.0,49,49,49.0,7.8,7.5,10,0.2,1.0,52.3,52.0,60.1,53.0,28.0,28.0,19.8,19.5,22,18.7,21
0.5,0.05,1.0,Colorado,49.1,47,50,50.0,19.4,19.5,21,0.0,0.0,52.1,53.0,56.5,58.0,28.0,28.0,40.8,39.0,46,7.2,9
1.0,0.05,2.0,Colorado,49.1,47,53,50.0,23.1,23.0,25,0.0,0.0,52.9,53.0,57.3,58.0,28.0,28.0,53.9,55.0,60,8.4,10
0.5,0.1,1.0,Idaho,49.1,47,50,50.0,6.9,6.5,9,2.4,8.0,52.5,52.0,70.6,55.0,28.0,28.0,45.7,46.0,53,17.4,19
2.0,0.1,0.5,Idaho,49.1,47,50,50.0,10.5,10.0,13,2.1,8.0,52.1,52.0,69.0,53.5,28.0,28.0,55.7,56.5,60,18.0,20
0.5,0.1,2.0,Idaho,49.1,47,50,50.0,8.8,9.0,10,2.7,8.0,52.8,52.0,77.9,55.0,30.5,28.0,51.1,52.0,57,18.1,20
2.0,0.05,2.0,Colorado,49.3,47,58,48.5,24.7,25.0,26,0.0,0.0,52.8,51.5,56.7,55.5,28.0,28.0,56.4,57.0,63,7.4,8
0.5,0.1,1.0,Washington,49.3,49,52,49.0,9.1,9.0,12,1.7,7.0,57.0,53.0,67.1,69.0,28.0,28.0,17.3,17.0,20,15.7,19
2.0,0.05,2.0,Tennessee,49.4,43,71,43.0,43.9,44.0,48,0.0,0.0,67.9,71.0,77.9,83.0,28.0,28.0,21.4,20.5,27,8.4,11
0.5,0.1,0.5,Idaho,49.4,47,50,50.0,5.7,5.5,8,1.9,8.0,52.1,52.0,70.0,53.5,30.5,28.0,41.0,40.5,46,15.9,17
1.0,0.25,1.0,Washington,49.4,49,53,49.0,9.0,9.0,11,0.1,1.0,52.2,52.0,60.1,53.0,28.0,28.0,19.5,20.0,21,16.9,20
1.0,0.05,0.5,Idaho,49.7,47,50,50.0,8.0,7.5,11,0.8,8.0,51.9,52.0,78.3,55.0,35.7,28.0,41.8,43.0,44,16.9,19
0.5,0.05,1.0,Idaho,49.7,47,50,50.0,7.4,7.0,11,2.9,20.0,70.3,52.0,91.9,55.0,35.7,28.0,39.6,40.0,44,16.9,20
2.0,0.1,1.0,Washington,49.7,49,53,49.0,8.5,8.5,12,1.3,6.0,56.1,53.0,66.3,69.0,28.0,28.0,20.9,20.5,26,17.4,20
2.0,0.1,2.0,Washington,49.7,49,53,49.0,8.0,8.0,13,1.5,15.0,56.1,53.0,70.2,56.0,33.9,28.0,20.1,20.5,23,18.1,22
1.0,0.1,2.0,Washington,49.8,49,53,49.0,8.8,9.0,16,0.1,1.0,53.8,52.5,59.9,56.0,30.6,28.0,21.2,20.5,24,16.9,19
0.5,0.1,1.0,Kentucky,49.9,43,66,43.0,33.8,34.0,38,0.0,0.0,67.2,66.0,70.8,71.0,81.1,87.0,13.9,14.0,19,7.8,11
0.5,0.05,2.0,Colorado,49.9,47,58,50.0,21.6,21.5,23,0.0,0.0,52.8,53.0,57.3,58.0,31.5,28.0,47.6,47.0,52,8.7,12
0.5,0.1,2.0,Kentucky,49.9,43,66,43.0,39.0,38.5,45,0.0,0.0,67.5,66.0,71.2,71.0,69.6,87.0,20.0,20.5,27,10.2,13
0.5,0.25,0.5,Utah,50.0,50,50,50.0,13.5,14.0,15,0.0,0.0,54.0,54.0,55.4,54.0,54.0,54.0,9.0,9.5,10,0.6,1
1.0,0.25,0.5,Arizona,50.0,50,50,50.0,10.0,10.0,10,0.0,0.0,52.2,53.0,53.6,54.0,28.0,28.0,9.4,9.0,12,1.0,1
2.0,0.25,1.0,Arizona,50.0,50,50,50.0,10.0,10.0,10,0.0,0.0,52.0,52.0,53.5,53.5,28.0,28.0,10.4,10.0,12,1.0,1
1.0,0.25,2.0,Arizona,50.0,50,50,50.0,9.9,10.0,10,0.0,0.0,51.8,51.0,53.4,53.0,28.0,28.0,10.1,10.0,12,1.1,2
0.5,0.25,2.0,Arizona,50.0,50,50,50.0,9.9,10.0,10,0.0,0.0,52.0,52.0,53.5,53.5,28.0,28.0,9.8,9.5,12,1.1,2
2.0,0.25,0.5,Arizona,50.0,50,50,50.0,9.9,10.0,10,0.0,0.0,52.2,53.0,53.6,54.0,28.0,28.0,10.6,10.5,14,1.1,2
0.5,0.25,0.5,Arizona,50.0,50,50,50.0,9.8,10.0,10,0.0,0.0,52.0,52.0,53.5,53.5,28.0,28.0,4.8,5.0,6,1.2,2
1.0,0.1,0.5,Arizona,50.0,50,50,50.0,9.8,10.0,11,0.0,0.0,52.6,53.0,54.0,54.0,28.0,28.0,10.5,10.5,12,1.2,2
0.5,0.25,1.0,Arizona,50.0,50,50,50.0,9.7,10.0,10,0.0,0.0,52.4,53.0,53.7,54.0,28.0,28.0,9.9,10.0,11,1.3,2
0.5,0.1,2.0,Arizona,50.0,50,50,50.0,9.7,9.5,11,0.0,0.0,52.7,53.0,55.4,54.0,28.0,28.0,11.3,11.0,14,1.3,2
1.0,0.25,1.0,Arizona,50.0,50,50,50.0,9.6,10.0,10,0.0,0.0,52.4,53.0,53.7,54.0,28.0,28.0,9.8,10.0,12,1.4,2
2.0,0.25,2.0,Arizona,50.0,50,50,50.0,9.6,10.0,10,0.0,0.0,52.4,53.0,53.7,54.0,28.0,28.0,9.7,9.5,12,1.4,2
2.0,0.1,0.5,Arizona,50.0,50,50,50.0,9.5,9.5,11,0.0,0.0,52.8,53.0,53.9,54.0,28.0,28.0,11.1,11.5,13,1.5,3
0.5,0.25,1.0,Utah,50.0,50,50,50.0,14.3,14.0,17,0.0,0.0,54.0,54.0,55.4,54.0,54.0,54.0,9.0,9.0,11,1.7,3
1.0,0.25,0.5,Utah,50.0,50,50,50.0,14.9,15.0,16,0.0,0.0,54.0,54.0,54.0,54.0,54.0,54.0,8.1,8.0,11,1.7,3
0.5,0.1,1.0,Arizona,50.0,50,50,50.0,9.3,9.0,10,0.0,0.0,52.4,53.0,53.7,54.0,28.0,28.0,10.3,10.0,11,1.7,2
1.0,0.1,2.0,Arizona,50.0,50,50,50.0,9.3,9.0,10,0.0,0.0,52.6,53.0,53.8,54.0,28.0,28.0,10.6,11.0,12,1.7,3
1.0,0.1,1.0,Arizona,50.0,50,50,50.0,9.3,9.0,11,0.0,0.0,52.6,53.0,53.8,54.0,28.0,28.0,10.8,11.0,12,1.7,3
2.0,0.1,2.0,Arizona,50.0,50,50,50.0,9.2,9.0,10,0.0,0.0,52.8,53.0,53.9,54.0,28.0,28.0,11.3,11.0,14,1.8,3
2.0,0.05,1.0,Arizona,50.0,50,50,50.0,9.1,9.0,11,0.0,0.0,53.4,53.0,58.4,54.5,28.0,28.0,11.7,11.5,15,1.9,3
1.0,0.25,2.0,Utah,50.0,50,50,50.0,16.6,16.5,18,0.0,0.0,54.0,54.0,54.0,54.0,54.0,54.0,9.9,10.0,11,2.0,4
2.0,0.25,1.0,Utah,50.0,50,50,50.0,16.5,17.0,18,0.0,0.0,54.0,54.0,55.4,54.0,54.0,54.0,9.6,9.5,11,2.2,4
0.5,0.25,2.0,Utah,50.0,50,50,50.0,15.1,15.0,17,0.0,0.0,54.0,54.0,54.0,54.0,54.0,54.0,7.3,7.5,9,2.2,4
2.0,0.25,2.0,Utah,50.0,50,50,50.0,16.9,17.0,18,0.0,0.0,54.0,54.0,54.0,54.0,54.0,54.0,9.2,9.5,11,2.3,3
1.0,0.25,1.0,Utah,50.0,50,50,50.0,15.2,15.0,17,0.0,0.0,54.0,54.0,54.0,54.0,54.0,54.0,8.8,9.0,10,2.4,3
2.0,0.25,0.5,Utah,50.0,50,50,50.0,16.3,16.5,18,0.0,0.0,54.0,54.0,54.0,54.0,54.0,54.0,9.0,9.0,13,2.4,4
2.0,0.1,1.0,Utah,50.0,50,50,50.0,15.3,15.0,17,0.0,0.0,54.0,54.0,64.4,66.0,54.0,54.0,8.5,9.0,10,3.2,5
0.5,0.1,0.5,Kansas,50.0,50,50,50.0,39.9,40.0,43,0.0,0.0,53.4,54.0,54.1,54.0,43.4,42.0,15.0,15.0,19,12.8,16
0.5,0.25,1.0,Kansas,50.0,50,50,50.0,48.1,48.5,50,0.0,0.0,53.1,54.0,54.0,54.0,48.9,57.0,17.5,17.5,21,14.0,16
0.5,0.25,0.5,Kansas,50.0,50,50,50.0,41.8,41.5,44,0.0,0.0,52.2,51.0,54.0,54.0,45.1,56.0,17.4,17.0,20,14.0,16
0.5,0.1,1.0,Kansas,50.0,50,50,50.0,45.4,45.0,47,0.0,0.0,54.0,54.0,54.0,54.0,55.0,57.0,16.6,16.0,20,14.7,17
0.5,0.25,0.5,Ohio,50.0,50,50,50.0,47.9,47.5,53,0.7,1.0,71.9,73.0,76.0,76.0,70.8,74.0,22.9,23.0,26,14.8,17
1.0,0.1,0.5,Kansas,50.0,50,50,50.0,50.4,50.0,54,0.0,0.0,53.7,54.0,54.2,54.0,51.8,57.0,19.5,19.0,25,15.3,17
0.5,0.05,1.0,Ohio,50.0,50,50,50.0,49.6,50.0,52,0.9,1.0,78.1,74.5,86.3,87.0,74.0,74.0,17.6,18.0,22,15.5,16
0.5,0.25,1.0,Ohio,50.0,50,50,50.0,53.0,53.0,56,0.8,1.0,72.6,73.0,76.1,76.0,57.2,53.0,24.0,24.0,28,15.6,18
0.5,0.1,1.0,Ohio,50.0,50,50,50.0,50.8,51.0,53,1.0,1.0,74.9,73.0,80.4,81.0,64.1,74.0,21.3,22.0,24,16.1,18
1.0,0.25,1.0,Ohio,50.0,50,50,50.0,58.6,58.0,61,0.8,1.0,72.2,73.0,75.6,76.0,61.8,53.0,26.8,27.0,31,16.2,18
1.0,0.05,2.0,Idaho,50.0,50,50,50.0,11.1,11.0,13,0.0,0.0,51.4,52.0,53.8,55.0,33.1,28.0,53.2,53.5,60,16.4,19
1.0,0.25,2.0,Ohio,50.0,50,50,50.0,59.2,59.5,62,0.7,1.0,72.4,73.0,75.2,76.0,66.6,74.0,27.2,27.0,32,16.4,19
2.0,0.25,0.5,Ohio,50.0,50,50,50.0,59.0,58.5,63,0.5,1.0,70.7,72.0,74.6,74.5,64.5,63.5,26.8,26.0,31,16.5,21
1.0,0.25,1.0,Kansas,50.0,50,50,50.0,54.4,54.0,56,0.0,0.0,52.5,52.5,54.0,54.0,42.4,42.0,21.5,21.0,24,16.7,18
0.5,0.25,2.0,Ohio,50.0,50,50,50.0,57.5,57.0,61,0.7,1.0,72.4,73.0,76.2,76.0,61.4,53.0,26.9,27.0,29,16.9,20
0.5,0.1,0.5,Ohio,50.0,50,50,50.0,43.2,43.5,46,1.0,1.0,74.2,73.0,79.8,79.0,70.8,74.0,19.0,18.5,22,17.0,19
1.0,0.25,0.5,Ohio,50.0,50,50,50.0,55.5,55.0,59,0.5,1.0,71.9,72.0,76.9,74.5,61.4,53.0,27.2,27.0,29,17.1,19
2.0,0.25,2.0,Ohio,50.0,50,50,50.0,59.3,59.0,64,0.8,1.0,72.6,73.0,76.6,76.0,64.5,63.5,28.8,28.5,32,17.1,20
1.0,0.1,1.0,Kansas,50.0,50,50,50.0,51.4,52.0,54,0.0,0.0,52.8,54.0,54.0,54.0,43.1,42.5,21.6,21.0,26,17.2,20
0.5,0.25,2.0,Kansas,50.0,50,50,50.0,52.7,53.0,55,0.0,0.0,53.1,54.0,54.0,54.0,45.3,56.5,19.8,19.0,24,17.4,19
1.0,0.05,2.0,Ohio,50.0,50,50,50.0,54.5,54.0,59,0.9,1.0,77.1,74.5,83.9,87.0,71.9,74.0,24.4,24.5,27,17.5,21
1.0,0.1,0.5,Ohio,50.0,50,50,50.0,52.4,52.5,55,1.0,1.0,73.6,73.0,80.2,81.0,69.8,74.0,23.6,24.5,28,17.6,22
1.0,0.1,1.0,Ohio,50.0,50,50,50.0,55.3,55.0,59,0.9,1.0,73.4,73.0,79.7,76.0,69.8,74.0,23.9,24.0,27,17.6,21
1.0,0.05,1.0,Idaho,50.0,47,62,50.0,8.3,8.0,10,1.9,7.0,54.3,52.0,89.3,55.0,36.8,28.0,49.5,50.0,60,17.9,20
2.0,0.1,0.5,Ohio,50.0,50,50,50.0,55.6,55.0,57,0.8,1.0,73.5,73.0,78.4,77.0,65.6,74.0,24.1,25.0,28,17.9,20
1.0,0.05,0.5,Ohio,50.0,50,50,50.0,50.8,51.5,54,0.8,1.0,76.8,73.0,80.4,79.0,71.9,74.0,20.6,20.0,25,18.0,22
2.0,0.25,1.0,Ohio,50.0,50,50,50.0,57.8,58.0,59,0.7,1.0,72.4,73.0,75.8,76.0,59.3,53.0,26.7,26.5,30,18.0,21
1.0,0.1,2.0,Ohio,50.0,50,50,50.0,56.1,56.0,59,0.8,1.0,72.6,73.0,77.3,76.0,65.2,74.0,24.8,24.5,28,18.0,22
0.5,0.1,2.0,Ohio,50.0,50,50,50.0,55.1,55.0,59,0.8,1.0,72.9,73.0,80.3,82.0,67.7,74.0,24.6,25.5,28,18.0,21
2.0,0.05,1.0,Idaho,50.0,47,62,50.0,9.8,9.5,13,3.7,8.0,55.6,55.0,87.7,64.0,39.2,28.0,50.8,52.5,58,18.3,21
2.0,0.1,2.0,Ohio,50.0,50,50,50.0,55.7,55.5,60,0.9,1.0,73.9,73.0,80.6,82.0,65.2,74.0,24.4,23.5,32,18.4,22
2.0,0.1,1.0,Ohio,50.0,50,50,50.0,55.1,54.5,58,0.9,1.0,73.9,73.0,79.7,78.5,64.1,74.0,24.1,24.0,30,18.6,21
2.0,0.25,0.5,Kansas,50.0,50,50,50.0,54.7,54.5,58,0.0,0.0,52.5,52.5,54.0,54.0,33.7,28.0,29.6,30.0,34,21.4,23
1.0,0.25,2.0,Kansas,50.0,50,50,50.0,55.6,55.5,57,0.0,0.0,53.4,54.0,54.0,54.0,33.8,28.0,30.2,30.5,37,21.7,23
1.0,0.1,2.0,Kansas,50.0,50,50,50.0,51.8,51.0,55,0.0,0.0,54.0,54.0,54.0,54.0,55.2,57.0,27.3,27.5,31,22.0,24
2.0,0.25,1.0,Kansas,50.0,50,50,50.0,55.8,56.0,58,0.0,0.0,53.4,54.0,54.0,54.0,33.8,28.0,32.3,33.5,36,22.5,24
2.0,0.25,2.0,Kansas,50.0,50,50,50.0,55.6,56.0,57,0.0,0.0,52.2,51.0,54.0,54.0,28.0,28.0,35.1,36.0,37,23.5,25
0.5,0.1,0.5,Arizona,50.1,50,51,50.0,9.3,9.5,10,0.0,0.0,52.2,53.0,53.6,54.0,28.0,28.0,5.5,5.0,7,1.5,3
2.0,0.1,1.0,Arizona,50.1,50,51,50.0,9.3,9.0,11,0.0,0.0,52.7,53.0,53.8,54.0,28.0,28.0,10.8,11.0,12,1.7,3
1.0,0.25,0.5,Kansas,50.1,50,51,50.0,53.0,52.5,55,0.1,1.0,52.8,54.0,54.0,54.0,42.3,42.0,20.1,20.0,24,14.8,16
1.0,0.05,1.0,Colorado,50.2,47,58,50.0,23.4,24.0,26,0.0,0.0,53.3,53.0,57.4,58.0,28.0,28.0,50.2,49.0,56,8.2,11
0.5,0.05,1.0,Arizona,50.3,50,53,50.0,9.0,9.0,11,0.0,0.0,52.7,53.0,53.8,54.0,28.0,28.0,11.2,11.5,13,1.7,3
1.0,0.05,2.0,Arizona,50.3,50,53,50.0,9.2,9.5,10,0.0,0.0,53.2,53.0,56.7,54.0,28.0,28.0,11.9,11.5,14,1.8,3
0.5,0.1,0.5,Utah,50.4,50,54,50.0,11.6,11.5,14,0.0,0.0,55.4,54.0,70.2,68.0,56.8,54.0,7.0,7.0,9,0.2,1
2.0,0.05,2.0,Arizona,50.4,50,53,50.0,9.3,9.5,10,0.0,0.0,53.3,53.0,56.5,54.0,28.0,28.0,12.0,12.0,14,1.7,3
1.0,0.1,2.0,Utah,50.4,50,54,50.0,15.7,16.0,17,0.0,0.0,54.0,54.0,59.6,54.0,57.5,54.0,8.0,8.0,10,2.9,3
1.0,0.1,0.5,Washington,50.4,49,59,49.0,8.8,9.0,12,0.4,2.0,53.8,53.0,63.4,69.0,30.6,28.0,19.1,19.0,22,15.9,18
2.0,0.1,0.5,Kansas,50.4,50,54,50.0,51.5,52.0,53,0.0,0.0,54.0,54.0,54.2,54.0,28.0,28.0,27.2,26.5,32,21.7,24
2.0,0.05,2.0,Kansas,50.4,50,54,50.0,51.7,52.5,54,0.0,0.0,53.8,54.0,54.8,54.0,28.0,28.0,30.8,30.0,39,23.8,27
2.0,0.1,2.0,Kansas,50.4,50,54,50.0,53.9,54.0,56,0.0,0.0,53.4,54.0,54.1,54.0,34.0,28.0,34.6,35.0,42,24.3,27
0.5,0.05,0.5,Arizona,50.5,50,55,50.0,8.5,8.5,10,0.0,0.0,56.9,53.0,62.8,54.5,34.9,28.0,6.3,6.0,10,1.9,3
0.5,0.25,0.5,Oregon,50.5,50,51,50.5,14.1,14.0,15,0.0,0.0,51.2,51.0,52.7,52.5,108.0,108.0,5.7,6.0,7,3.1,4
0.5,0.25,1.0,Oregon,50.5,50,51,50.5,15.1,15.0,16,0.0,0.0,50.9,51.0,53.9,54.0,108.0,108.0,5.8,6.0,7,5.0,6
0.5,0.25,2.0,Oregon,50.5,50,51,50.5,16.2,16.0,17,0.0,0.0,51.6,51.0,53.0,54.0,108.0,108.0,8.8,8.5,11,5.1,6
0.5,0.05,0.5,Kansas,50.5,50,54,50.0,36.7,36.5,39,0.1,1.0,54.7,54.0,56.6,54.5,59.9,57.0,13.1,13.5,15,12.7,15
0.5,0.05,1.0,Kansas,50.5,50,54,50.0,45.4,45.0,49,0.1,1.0,53.8,54.0,54.7,54.0,55.9,57.0,16.3,15.5,21,14.8,17
1.0,0.05,2.0,Kansas,50.5,50,54,50.0,50.9,50.5,54,0.1,1.0,54.0,54.0,54.2,54.0,53.6,60.0,25.3,25.0,33,21.3,24
1.0,0.05,1.0,Arizona,50.6,50,53,50.0,9.0,9.0,10,0.0,0.0,53.5,53.0,56.7,54.0,28.0,28.0,11.1,11.0,13,2.0,3
1.0,0.25,0.5,Oregon,50.6,50,51,51.0,15.4,16.0,16,0.0,0.0,51.3,51.0,53.4,54.0,107.4,108.0,7.3,7.0,8,5.2,6
1.0,0.25,1.0,Oregon,50.6,50,51,51.0,17.3,17.0,18,0.0,0.0,51.2,51.0,53.3,54.0,108.0,108.0,8.0,8.0,10,5.3,7
2.0,0.1,2.0,Oregon,50.6,50,51,51.0,16.9,16.5,19,0.0,0.0,52.5,51.0,58.6,60.0,108.7,108.0,8.8,9.0,11,6.2,8
2.0,0.25,0.5,Oregon,50.6,50,51,51.0,16.3,16.0,17,0.0,0.0,50.9,51.0,53.9,54.0,108.0,108.0,9.5,9.5,11,6.4,7
1.0,0.1,2.0,Oregon,50.6,50,51,51.0,16.7,17.0,18,0.0,0.0,52.5,51.0,57.6,57.5,106.1,108.0,8.1,8.0,10,6.4,9
1.0,0.25,2.0,Oregon,50.6,50,51,51.0,16.5,17.0,18,0.0,0.0,51.2,51.0,54.0,54.0,107.7,108.0,9.6,10.0,10,6.8,8
2.0,0.25,1.0,Oregon,50.6,50,51,51.0,16.4,16.5,17,0.0,0.0,51.1,51.0,54.5,54.0,108.0,108.0,8.8,9.0,10,7.0,8
0.5,0.05,2.0,Idaho,50.6,47,62,50.0,8.8,8.5,12,3.4,18.0,68.9,52.0,84.3,58.5,35.9,28.0,47.5,48.5,54,17.5,20
2.0,0.1,0.5,Oregon,50.7,50,51,51.0,17.6,18.0,19,0.0,0.0,53.6,54.0,58.3,59.0,107.4,108.0,9.3,9.0,13,5.2,7
2.0,0.05,2.0,Washington,50.7,49,66,49.0,9.6,9.5,12,0.7,3.0,58.9,53.0,68.9,69.0,41.8,28.0,21.5,21.0,26,15.9,18
2.0,0.05,0.5,California,50.7,46,69,46.0,5.2,5.0,6,6.3,17.0,62.6,47.0,90.6,80.0,28.0,28.0,78.8,82.0,85,31.7,33
ALL,ALL,ALL,Colorado,50.75555555555555,47,112,47.0,21.03611111111111,21.0,28,0.14722222222222223,8.0,55.86666666666667,50.0,62.71111111111111,53.0,29.947222222222223,28.0,47.11388888888889,49.0,72,7.905555555555556,14
0.5,0.05,1.0,Oregon,50.8,50,51,51.0,14.8,15.0,17,0.0,0.0,56.4,54.0,62.0,62.5,110.4,108.0,6.3,6.0,9,4.4,6
1.0,0.1,1.0,Oregon,50.8,50,51,51.0,17.9,18.0,19,0.0,0.0,53.4,54.0,57.9,57.5,106.8,108.0,8.5,8.0,10,4.4,6
2.0,0.25,2.0,Oregon,50.8,50,51,51.0,16.5,17.0,18,0.0,0.0,51.6,51.0,54.5,54.0,107.1,108.0,9.5,9.0,12,6.9,8
0.5,0.1,0.5,Washington,50.8,49,63,49.0,8.8,9.0,11,0.7,6.0,56.8,53.0,68.9,63.0,33.9,28.0,12.3,12.0,15,13.7,16
2.0,0.1,0.5,Washington,50.8,49,63,49.0,8.1,8.5,11,2.8,15.0,60.2,53.0,64.9,59.0,33.9,28.0,21.5,21.5,25,17.6,22
0.5,0.1,2.0,Kansas,50.8,50,54,50.0,50.1,50.0,53,0.0,0.0,54.0,54.0,54.4,54.0,56.0,58.5,19.7,19.0,24,18.3,21
1.0,0.05,1.0,Kansas,50.8,50,54,50.0,47.8,48.0,52,0.0,0.0,53.8,54.0,55.1,54.5,51.5,60.0,19.9,20.0,25,18.7,22
2.0,0.1,1.0,Kansas,50.8,50,54,50.0,54.4,55.0,57,0.0,0.0,53.5,54.0,54.3,54.0,28.0,28.0,28.5,29.5,32,21.8,25
2.0,0.05,0.5,Arizona,50.9,50,53,50.0,9.4,9.0,11,0.0,0.0,53.6,54.0,60.8,54.5,28.0,28.0,12.6,12.5,17,1.6,3
0.5,0.05,2.0,Arizona,50.9,50,53,50.0,9.1,9.0,10,0.0,0.0,53.3,53.0,56.8,54.0,28.0,28.0,10.8,10.5,14,1.9,3
0.5,0.1,0.5,Oregon,50.9,50,51,51.0,13.9,14.0,16,0.0,0.0,55.5,54.0,60.3,60.0,106.8,108.0,6.9,6.5,12,2.9,4
1.0,0.05,0.5,Oregon,50.9,50,51,51.0,15.0,15.0,17,0.0,0.0,57.6,54.0,62.9,63.0,106.3,108.0,6.1,6.0,7,4.3,7
0.5,0.1,2.0,Oregon,50.9,50,51,51.0,16.6,17.0,18,0.0,0.0,53.7,54.0,59.4,60.0,107.4,108.0,9.1,9.5,12,4.3,6
1.0,0.1,0.5,Oregon,50.9,50,51,51.0,15.5,15.0,17,0.0,0.0,53.0,54.0,57.2,58.0,107.7,108.0,6.5,6.0,9,4.4,5
0.5,0.1,1.0,Oregon,50.9,50,51,51.0,15.1,15.5,17,0.0,0.0,54.9,54.0,60.3,60.0,108.0,108.0,7.0,6.5,10,4.5,7
1.0,0.05,2.0,Oregon,50.9,50,51,51.0,17.1,17.0,20,0.0,0.0,57.3,60.0,63.7,65.0,107.4,108.0,8.9,8.5,12,5.7,7
2.0,0.1,1.0,Oregon,50.9,50,51,51.0,16.1,16.0,20,0.0,0.0,53.9,54.0,58.3,57.5,107.7,108.0,8.2,8.0,12,7.0,9
0.5,0.05,2.0,Tennessee,50.9,43,68,43.0,38.9,39.0,41,0.0,0.0,67.6,71.0,75.4,80.0,66.4,46.0,15.6,15.0,22,8.0,9
2.0,0.05,2.0,Idaho,50.9,47,62,50.0,11.4,11.0,13,0.8,8.0,53.7,52.0,62.1,55.0,41.9,40.5,51.7,52.5,59,17.3,20
0.5,0.25,0.5,Illinois,51.0,51,51,51.0,41.0,41.0,44,0.0,0.0,57.0,57.0,59.6,60.0,65.9,67.5,9.2,9.0,12,3.8,5
0.5,0.25,1.0,Illinois,51.0,51,51,51.0,48.8,49.0,51,0.0,0.0,57.0,57.0,59.7,60.0,65.5,67.0,12.4,12.0,15,6.5,8
0.5,0.25,2.0,Illinois,51.0,51,51,51.0,54.1,55.0,57,0.0,0.0,57.0,57.0,60.1,61.0,66.1,68.0,14.1,14.0,19,9.3,14
2.0,0.25,0.5,Illinois,51.0,51,51,51.0,56.6,56.0,61,0.0,0.0,57.0,57.0,60.4,61.0,66.4,67.0,14.4,14.5,17,9.6,12
1.0,0.25,2.0,Illinois,51.0,51,51,51.0,57.7,57.0,63,0.0,0.0,57.0,57.0,59.4,60.0,65.5,67.0,14.0,13.5,18,10.2,12
2.0,0.25,2.0,Illinois,51.0,51,51,51.0,57.5,57.5,61,0.0,0.0,57.0,57.0,59.3,59.5,64.7,67.0,16.4,16.5,20,12.6,16
0.5,0.1,2.0,Washington,51.0,49,59,49.0,9.0,9.0,11,0.7,5.0,55.5,53.0,66.5,69.0,30.6,28.0,21.1,20.5,24,16.2,17
1.0,0.25,0.5,Wisconsin,51.0,48,53,53.0,37.6,37.0,44,0.0,0.0,54.2,55.0,55.0,55.0,28.0,28.0,70.3,70.0,77,27.6,34
1.0,0.1,0.5,Utah,51.2,50,54,50.0,13.8,14.0,15,0.0,0.0,57.8,54.0,68.6,68.0,67.9,54.0,6.4,7.0,9,2.2,4
0.5,0.05,1.0,Washington,51.2,49,63,49.0,8.3,8.5,11,2.0,5.0,61.6,64.5,71.2,72.0,42.4,41.0,17.7,17.0,21,14.9,18
2.0,0.05,0.5,Colorado,51.3,47,58,50.0,22.4,22.5,25,0.0,0.0,55.5,53.0,59.9,58.0,31.5,28.0,50.6,49.5,59,8.8,11
1.0,0.05,0.5,Arizona,51.4,50,54,50.0,8.9,9.0,10,0.0,0.0,53.4,54.0,54.3,54.0,28.0,28.0,11.1,11.0,14,1.6,3
2.0,0.05,0.5,Kansas,51.5,50,61,50.0,51.3,51.5,55,0.0,0.0,55.6,54.0,56.8,55.0,28.0,28.0,24.4,24.5,33,20.7,23
1.0,0.25,1.0,Wisconsin,51.5,48,53,53.0,36.0,36.5,39,0.2,1.0,54.4,55.0,55.0,55.0,28.0,28.0,75.8,74.0,82,29.5,35
0.5,0.1,1.0,Utah,51.6,50,54,50.0,13.4,13.0,15,0.0,0.0,56.8,54.0,67.1,68.0,64.2,54.0,7.0,6.0,10,1.7,2
0.5,0.05,1.0,Utah,51.6,50,54,50.0,12.6,12.5,15,0.0,0.0,60.5,54.0,75.6,73.5,59.5,54.0,7.0,7.0,9,1.8,2
1.0,0.1,1.0,Utah,51.6,50,54,50.0,14.3,14.0,16,0.0,0.0,54.0,54.0,64.5,68.0,61.7,54.0,6.4,6.5,9,3.2,5
2.0,0.1,0.5,Utah,51.6,50,54,50.0,14.7,14.5,17,0.0,0.0,56.8,54.0,66.9,68.0,61.7,54.0,6.0,6.0,8,3.3,5
1.0,0.01,1.0,New Mexico,51.6,40,96,47.0,11.5,12.5,13,0.6,2.0,71.2,58.0,86.4,92.0,28.0,28.0,22.1,21.5,30,3.7,6
2.0,0.01,0.5,Oklahoma,51.6,41,68,47.0,25.1,25.0,30,0.0,0.0,69.3,68.0,86.3,92.0,80.6,28.0,7.1,7.0,11,5.2,9
1.0,0.25,0.5,Illinois,51.6,51,57,51.0,53.0,53.5,55,0.0,0.0,57.3,57.0,60.1,60.0,59.6,67.0,11.7,11.0,16,7.6,9
1.0,0.25,1.0,Illinois,51.6,51,57,51.0,56.2,55.5,59,0.0,0.0,57.4,57.0,59.2,59.0,64.9,67.0,14.1,14.0,19,9.3,12
2.0,0.25,1.0,Illinois,51.6,51,57,51.0,58.0,58.0,59,0.0,0.0,57.2,57.0,59.4,60.0,64.7,67.0,16.6,16.0,21,10.6,13
1.0,0.05,0.5,Kansas,51.6,50,54,50.0,45.9,46.0,48,0.0,0.0,54.0,54.0,54.5,54.5,50.2,58.0,18.4,17.5,23,17.7,20
0.5,0.05,0.5,Colorado,51.8,47,58,50.0,16.6,17.0,18,0.0,0.0,55.3,53.0,59.1,58.0,30.8,28.0,30.6,31.0,36,6.4,7
2.0,0.25,0.5,Minnesota,51.8,51,53,51.0,34.9,35.5,40,0.0,0.0,53.4,53.0,55.2,54.0,28.0,28.0,55.5,55.0,62,43.8,47
0.5,0.05,0.5,Tennessee,51.9,43,83,43.0,18.9,18.0,24,0.0,0.0,71.9,75.5,81.2,85.0,32.8,28.0,7.5,8.0,12,5.2,6
2.0,0.1,2.0,Utah,52.0,50,54,52.0,16.2,16.0,18,0.0,0.0,59.6,54.0,67.7,70.0,65.1,58.5,7.1,6.0,10,2.9,4
0.5,0.25,1.0,Missouri,52.0,49,54,54.0,56.9,57.0,61,0.0,0.0,56.0,57.0,58.2,59.0,37.9,28.0,18.7,19.0,20,11.8,15
0.5,0.05,2.0,Kansas,52.0,50,54,52.0,46.9,47.0,50,0.0,0.0,54.1,54.0,55.4,55.0,40.6,28.0,20.9,21.0,23,18.6,21
1.0,0.25,0.5,Michigan,52.0,52,52,52.0,34.9,35.0,38,0.0,0.0,53.0,53.0,54.0,54.0,28.0,28.0,21.9,21.0,26,24.9,28
0.5,0.25,1.0,Michigan,52.0,52,52,52.0,33.8,34.0,38,0.0,0.0,53.0,53.0,54.0,54.0,31.7,28.0,19.7,20.5,23,25.9,29
2.0,0.25,2.0,Michigan,52.0,52,52,52.0,39.6,38.5,43,0.0,0.0,53.0,53.0,54.0,54.0,39.3,28.0,21.2,21.5,27,26.0,28
1.0,0.25,2.0,Michigan,52.0,52,52,52.0,38.6,39.0,42,0.0,0.0,53.0,53.0,54.2,54.0,31.7,28.0,19.2,20.0,22,26.2,28
0.5,0.25,0.5,Michigan,52.0,52,52,52.0,30.2,30.0,35,0.0,0.0,53.0,53.0,54.0,54.0,57.2,62.5,16.8,16.0,23,26.2,28
1.0,0.25,1.0,Michigan,52.0,52,52,52.0,37.8,37.5,44,0.0,0.0,53.0,53.0,54.0,54.0,35.3,28.0,21.8,22.0,28,26.5,30
0.5,0.25,2.0,Michigan,52.0,52,52,52.0,37.4,37.5,40,0.0,0.0,53.0,53.0,54.0,54.0,35.2,28.0,20.1,19.5,24,27.0,30
2.0,0.25,1.0,Michigan,52.0,52,52,52.0,38.1,38.5,43,0.0,0.0,53.0,53.0,54.0,54.0,42.9,28.0,20.5,21.5,24,27.2,32
2.0,0.25,0.5,Michigan,52.0,52,52,52.0,36.3,36.5,40,0.0,0.0,53.0,53.0,54.0,54.0,39.0,28.0,20.0,20.0,24,27.9,32
2.0,0.25,1.0,Wisconsin,52.0,48,53,53.0,37.4,37.5,40,0.1,1.0,54.6,55.0,55.0,55.0,28.0,28.0,72.6,72.5,79,28.1,31
1.0,0.25,2.0,Wisconsin,52.0,48,53,53.0,36.4,36.0,43,0.2,1.0,54.6,55.0,55.0,55.0,28.0,28.0,75.0,75.5,80,29.2,33
2.0,0.25,2.0,Wisconsin,52.0,48,53,53.0,35.7,36.5,42,0.3,1.0,54.6,55.0,55.0,55.0,28.0,28.0,75.3,75.0,80,29.6,38
2.0,0.05,1.0,Kansas,52.1,50,55,52.0,51.6,52.0,56,0.1,1.0,54.2,54.0,55.2,54.5,28.0,28.0,28.1,28.5,32,21.1,24
1.0,0.1,0.5,Michigan,52.1,52,53,52.0,34.0,34.5,37,0.0,0.0,53.1,53.0,54.6,54.0,43.8,28.0,20.4,20.0,28,23.1,26
1.0,0.1,2.0,Michigan,52.1,52,53,52.0,37.3,36.5,42,0.0,0.0,53.1,53.0,54.6,54.0,39.8,28.0,18.6,18.0,22,25.1,29
2.0,0.1,0.5,Michigan,52.1,52,53,52.0,36.4,36.5,41,0.0,0.0,53.1,53.0,54.0,54.0,46.2,46.0,19.8,19.0,28,25.5,30
2.0,0.1,1.0,Michigan,52.1,52,53,52.0,36.2,36.0,41,0.0,0.0,53.1,53.0,54.6,54.0,36.3,28.0,22.4,22.0,32,26.1,29
0.5,0.1,1.0,Illinois,52.2,51,57,51.0,46.6,46.5,49,0.0,0.0,57.8,57.0,61.0,61.0,70.9,68.0,10.6,11.0,13,6.6,8
2.0,0.1,2.0,Illinois,52.2,51,57,51.0,56.3,56.5,59,0.0,0.0,58.6,57.0,62.0,61.0,69.5,68.0,14.9,15.0,17,11.5,15
1.0,0.1,1.0,Michigan,52.2,52,53,52.0,37.5,37.5,41,0.0,0.0,53.2,53.0,54.3,54.0,42.2,28.0,20.3,20.0,27,23.9,28
0.5,0.1,1.0,Michigan,52.2,52,53,52.0,32.1,32.0,36,0.0,0.0,53.2,53.0,54.3,54.0,36.2,28.0,19.6,20.5,25,24.3,29
2.0,0.1,2.0,Michigan,52.2,52,53,52.0,36.9,37.0,39,0.0,0.0,53.2,53.0,54.6,54.0,38.5,28.0,20.1,20.0,26,25.4,27
0.5,0.1,2.0,Michigan,52.2,52,53,52.0,34.8,33.5,40,0.0,0.0,53.2,53.0,54.0,54.0,35.2,28.0,18.5,16.5,26,26.7,28
1.0,0.05,1.0,Oregon,52.3,50,66,51.0,17.6,17.5,19,0.0,0.0,56.9,55.0,62.2,62.5,107.1,108.0,7.9,7.0,12,4.0,5
0.5,0.05,2.0,Ohio,52.3,50,73,50.0,54.7,55.0,59,0.7,1.0,78.2,74.5,85.5,86.5,71.9,74.0,23.1,24.0,27,15.7,21
1.0,0.05,1.0,Ohio,52.3,50,73,50.0,54.4,55.0,58,0.7,1.0,78.3,73.0,85.7,87.0,69.8,74.0,23.1,23.0,27,16.3,20
2.0,0.05,1.0,Ohio,52.3,50,73,50.0,54.6,54.0,60,0.7,1.0,77.8,73.0,85.2,84.5,60.6,74.0,24.0,23.0,29,17.4,21
2.0,0.05,2.0,Ohio,52.3,50,73,50.0,53.7,54.5,58,0.8,1.0,75.7,73.0,85.0,87.0,58.1,74.0,24.1,23.0,30,18.7,25
2.0,0.05,2.0,Michigan,52.3,52,53,52.0,37.6,37.5,42,0.0,0.0,54.2,53.0,57.0,55.5,31.3,28.0,21.3,22.0,26,23.1,27
0.5,0.1,0.5,Michigan,52.3,52,53,52.0,30.1,29.5,33,0.0,0.0,53.3,53.0,54.3,54.0,61.8,64.0,15.0,15.0,18,23.1,27
1.0,0.05,0.5,Utah,52.4,50,54,54.0,12.3,12.5,13,0.0,0.0,70.2,74.5,84.3,85.0,107.0,115.0,4.6,4.5,10,2.0,3
0.5,0.1,2.0,Utah,52.4,50,54,54.0,14.3,14.5,15,0.0,0.0,59.6,54.0,72.8,71.5,68.9,66.5,5.4,5.0,9,2.8,4
1.0,0.05,2.0,Utah,52.4,50,54,54.0,13.8,14.0,15,0.0,0.0,66.3,66.0,75.6,77.0,86.1,85.0,6.4,6.5,11,3.9,5
2.0,0.05,2.0,Oregon,52.4,50,66,51.0,17.6,18.0,19,0.0,0.0,58.4,54.0,62.4,60.0,104.6,105.0,8.7,8.0,10,5.2,7
2.0,0.05,1.0,Oregon,52.4,50,66,51.0,17.3,17.0,19,0.0,0.0,55.9,54.0,63.0,63.0,98.8,106.5,8.6,9.0,10,5.4,6
2.0,0.05,1.0,Washington,52.4,49,76,49.0,8.9,9.0,11,1.1,6.0,58.0,53.0,64.4,66.0,35.8,28.0,21.9,21.5,26,16.4,18
1.0,0.05,0.5,Michigan,52.4,52,53,52.0,32.1,31.0,37,0.0,0.0,53.4,53.0,56.7,57.0,48.1,46.0,20.6,20.0,26,22.0,25
1.0,0.05,2.0,Michigan,52.4,52,53,52.0,36.6,36.0,41,0.0,0.0,55.3,55.0,59.1,60.0,44.6,28.0,20.5,19.5,25,23.3,27
2.0,0.05,1.0,Michigan,52.4,52,53,52.0,36.8,35.5,46,0.0,0.0,54.5,53.0,57.5,54.0,36.2,28.0,21.7,21.0,31,23.5,27
0.5,0.25,0.5,Minnesota,52.4,51,53,53.0,28.0,27.5,32,0.0,0.0,53.7,54.0,56.5,57.0,28.0,28.0,45.5,46.0,48,43.7,47
0.5,0.25,2.0,Minnesota,52.4,51,53,53.0,32.3,32.0,39,0.0,0.0,53.7,54.0,56.1,57.0,28.0,28.0,58.2,58.5,62,44.6,47
0.5,0.25,1.0,Minnesota,52.4,51,53,53.0,30.5,31.0,33,0.0,0.0,53.7,54.0,56.5,57.0,28.0,28.0,54.5,53.5,61,44.9,48
2.0,0.25,1.0,Minnesota,52.4,51,53,53.0,32.8,33.0,38,0.0,0.0,53.7,54.0,56.3,57.0,28.0,28.0,56.1,57.0,61,46.1,50
0.5,0.05,2.0,Oregon,52.5,51,66,51.0,15.9,16.0,18,0.0,0.0,58.1,54.0,63.3,62.5,106.2,108.0,7.6,7.5,10,4.8,8
0.5,0.05,2.0,Washington,52.5,49,69,50.5,8.0,8.0,10,2.9,6.0,62.9,64.0,75.8,72.5,35.8,28.0,21.7,22.0,24,15.7,17
0.5,0.05,1.0,Michigan,52.5,52,53,52.5,32.4,33.0,36,0.0,0.0,54.1,53.5,56.1,54.0,47.2,44.5,18.1,19.5,23,20.3,26
0.5,0.1,0.5,Wisconsin,52.5,48,53,53.0,36.2,37.0,39,0.3,1.0,54.8,55.0,55.0,55.0,40.1,28.0,57.4,59.0,62,26.3,33
2.0,0.1,0.5,Wisconsin,52.5,48,53,53.0,38.5,37.5,44,0.0,0.0,54.8,55.0,55.1,55.0,37.9,28.0,69.2,70.0,81,26.6,30
1.0,0.1,0.5,Wisconsin,52.5,48,53,53.0,37.0,37.0,42,0.2,1.0,54.8,55.0,55.0,55.0,28.0,28.0,67.3,64.5,78,26.8,32
0.5,0.25,1.0,Wisconsin,52.5,48,53,53.0,37.3,37.0,43,0.1,1.0,54.8,55.0,55.0,55.0,28.0,28.0,71.8,71.5,78,27.1,34
0.5,0.25,2.0,Wisconsin,52.5,48,53,53.0,37.6,37.0,42,0.0,0.0,54.8,55.0,55.0,55.0,28.0,28.0,72.6,73.5,82,27.4,34
2.0,0.1,2.0,Wisconsin,52.5,48,53,53.0,37.6,37.0,45,0.2,1.0,54.8,55.0,55.0,55.0,31.3,28.0,65.0,64.5,69,27.7,32
0.5,0.25,0.5,Wisconsin,52.5,48,53,53.0,34.0,33.5,38,0.3,1.0,54.8,55.0,55.0,55.0,38.0,28.0,60.2,59.0,67,29.0,33
2.0,0.25,0.5,Wisconsin,52.5,48,53,53.0,36.0,36.5,40,0.3,1.0,54.8,55.0,55.0,55.0,28.0,28.0,74.5,74.0,82,29.1,35
1.0,0.25,1.0,Minnesota,52.6,51,53,53.0,33.0,33.5,36,0.0,0.0,53.8,54.0,56.8,57.0,28.0,28.0,54.7,53.5,60,44.6,50
2.0,0.05,1.0,Wisconsin,52.7,48,55,53.0,39.9,40.0,45,0.2,2.0,55.0,55.0,58.2,55.5,42.0,28.0,62.4,62.0,73,25.3,32
ALL,ALL,ALL,Kansas,52.75833333333333,50,70,50.0,46.769444444444446,49.0,58,0.030555555555555555,1.0,56.26111111111111,54.0,57.78055555555556,54.0,43.30277777777778,28.0,21.316666666666666,21.0,42,17.677777777777777,27
0.5,0.1,0.5,Illinois,52.8,51,57,51.0,39.1,39.0,41,0.0,0.0,58.1,57.0,61.1,61.0,68.8,68.0,9.1,9.0,11,2.7,4
1.0,0.1,0.5,Illinois,52.8,51,57,51.0,50.1,49.5,54,0.0,0.0,57.8,57.0,60.6,61.0,72.3,68.5,12.6,12.5,16,6.4,8
2.0,0.1,0.5,Illinois,52.8,51,57,51.0,54.6,55.0,58,0.0,0.0,58.6,57.0,61.7,61.0,72.5,68.0,15.0,15.5,20,9.5,12
0.5,0.1,0.5,Minnesota,52.8,51,54,53.0,27.7,28.5,31,0.0,0.0,54.5,54.0,57.9,57.0,28.0,28.0,44.6,45.0,49,39.8,46
1.0,0.25,2.0,Minnesota,52.8,51,53,53.0,34.4,34.0,38,0.0,0.0,53.9,54.0,57.0,57.0,28.0,28.0,56.0,56.0,60,44.2,46
2.0,0.25,2.0,Minnesota,52.8,51,53,53.0,35.4,35.0,41,0.0,0.0,53.9,54.0,56.9,57.0,28.0,28.0,55.0,54.5,61,44.3,48
1.0,0.25,0.5,Minnesota,52.8,51,53,53.0,31.5,32.5,35,0.0,0.0,53.9,54.0,56.9,57.0,28.0,28.0,55.7,55.0,64,44.5,49
0.5,0.25,0.5,Missouri,52.9,49,54,54.0,47.8,48.0,52,0.0,0.0,56.4,57.0,58.7,59.0,41.2,28.0,15.1,15.0,20,11.4,13
1.0,0.05,2.0,Wisconsin,52.9,48,55,53.0,37.4,37.5,41,0.0,0.0,55.3,55.0,56.8,55.0,38.7,28.0,63.8,63.5,72,27.2,33
0.5,0.25,1.0,Arkansas,53.0,53,53,53.0,8.3,8.0,9,0.0,0.0,99.0,99.0,105.0,105.0,56.0,56.0,8.7,8.5,11,1.0,1
0.5,0.25,0.5,Arkansas,53.0,53,53,53.0,7.4,7.0,9,0.0,0.0,99.0,99.0,105.0,105.0,56.0,56.0,7.8,8.0,10,1.0,1
0.5,0.25,2.0,Arkansas,53.0,53,53,53.0,11.8,12.0,13,0.0,0.0,99.0,99.0,105.0,105.0,56.0,56.0,9.6,9.5,11,2.0,2
1.0,0.25,2.0,Arkansas,53.0,53,53,53.0,13.7,14.0,15,0.0,0.0,99.6,99.0,106.9,105.0,56.0,56.0,10.0,10.0,12,2.5,3
2.0,0.25,2.0,Arkansas,53.0,53,53,53.0,13.5,13.5,14,0.0,0.0,99.0,99.0,105.0,105.0,56.0,56.0,9.5,10.0,10,2.8,3
2.0,0.25,1.0,Arkansas,53.0,53,53,53.0,13.3,13.0,14,0.0,0.0,99.0,99.0,105.0,105.0,56.0,56.0,9.7,9.5,11,2.9,3
2.0,0.25,0.5,Arkansas,53.0,53,53,53.0,12.3,12.0,13,0.0,0.0,99.0,99.0,105.0,105.0,56.0,56.0,9.1,9.0,11,2.9,3
0.5,0.05,0.5,South Dakota,53.0,53,53,53.0,31.9,32.0,34,0.0,0.0,55.4,54.0,58.0,57.0,47.9,57.0,9.3,9.0,13,3.1,4
0.5,0.25,0.5,South Dakota,53.0,53,53,53.0,35.8,36.0,38,0.0,0.0,54.0,54.0,54.0,54.0,57.0,57.0,11.1,10.5,15,3.6,5
0.5,0.1,1.0,South Dakota,53.0,53,53,53.0,38.7,39.0,40,0.0,0.0,54.0,54.0,54.0,54.0,51.2,57.0,10.7,11.0,14,3.6,5
0.5,0.1,2.0,South Dakota,53.0,53,53,53.0,43.2,43.5,45,0.0,0.0,54.0,54.0,54.0,54.0,42.5,42.5,18.5,18.5,21,3.8,5
0.5,0.25,2.0,South Dakota,53.0,53,53,53.0,44.0,44.0,45,0.0,0.0,54.0,54.0,54.0,54.0,57.0,57.0,15.5,16.0,19,3.9,5
0.5,0.25,1.0,South Dakota,53.0,53,53,53.0,38.8,39.0,40,0.0,0.0,54.0,54.0,54.0,54.0,57.0,57.0,10.3,11.0,12,4.3,5
1.0,0.1,0.5,South Dakota,53.0,53,53,53.0,40.8,41.0,42,0.0,0.0,54.0,54.0,54.6,54.0,51.2,57.0,13.9,14.0,16,4.7,6
1.0,0.25,0.5,South Dakota,53.0,53,53,53.0,42.1,42.0,44,0.0,0.0,54.0,54.0,54.0,54.0,57.0,57.0,14.6,15.5,18,4.9,6
1.0,0.25,1.0,South Dakota,53.0,53,53,53.0,42.1,42.0,44,0.0,0.0,54.0,54.0,54.0,54.0,57.0,57.0,18.2,18.0,23,5.6,7
1.0,0.1,1.0,South Dakota,53.0,53,53,53.0,41.6,42.0,43,0.0,0.0,54.0,54.0,55.2,54.0,45.4,57.0,19.4,20.0,24,5.7,8
2.0,0.1,1.0,South Dakota,53.0,53,53,53.0,43.2,44.0,44,0.0,0.0,54.0,54.0,56.2,54.0,51.2,57.0,20.1,21.0,25,5.8,8
2.0,0.1,0.5,South Dakota,53.0,53,53,53.0,41.6,42.0,45,0.0,0.0,54.0,54.0,54.0,54.0,51.2,57.0,19.3,20.0,22,5.9,8
1.0,0.1,2.0,South Dakota,53.0,53,53,53.0,42.6,42.5,45,0.0,0.0,54.0,54.0,54.0,54.0,48.3,57.0,22.7,23.0,25,6.0,8
2.0,0.25,1.0,South Dakota,53.0,53,53,53.0,43.7,43.5,45,0.0,0.0,54.0,54.0,54.6,54.0,57.0,57.0,23.1,23.0,27,6.2,7
2.0,0.25,0.5,South Dakota,53.0,53,53,53.0,42.9,43.0,44,0.0,0.0,54.0,54.0,54.0,54.0,57.0,57.0,19.6,19.0,24,6.3,7
2.0,0.25,2.0,South Dakota,53.0,53,53,53.0,43.4,43.5,45,0.0,0.0,54.0,54.0,54.0,54.0,57.0,57.0,22.0,21.5,26,6.5,8
1.0,0.25,2.0,South Dakota,53.0,53,53,53.0,42.5,43.0,45,0.0,0.0,54.0,54.0,54.0,54.0,57.0,57.0,21.6,21.0,26,7.0,9
2.0,0.25,2.0,Missouri,53.0,49,54,54.0,71.4,71.0,73,0.0,0.0,57.2,57.0,59.2,59.0,37.9,28.0,21.2,21.0,25,16.3,19
0.5,0.1,1.0,Wisconsin,53.0,53,53,53.0,37.4,38.0,42,0.2,1.0,55.0,55.0,55.0,55.0,28.0,28.0,62.7,63.0,72,25.7,32
1.0,0.05,0.5,Wisconsin,53.0,53,53,53.0,36.9,37.0,44,0.1,1.0,55.0,55.0,56.7,55.0,37.6,28.0,59.8,62.0,65,25.9,31
1.0,0.1,1.0,Wisconsin,53.0,53,53,53.0,37.9,38.5,42,0.0,0.0,55.0,55.0,55.2,55.0,31.3,28.0,68.4,68.0,81,27.1,33
2.0,0.1,1.0,Wisconsin,53.0,53,53,53.0,37.7,37.0,45,0.1,1.0,55.0,55.0,55.2,55.0,28.0,28.0,65.6,64.0,76,27.5,32
0.5,0.1,2.0,Wisconsin,53.0,53,53,53.0,37.1,38.0,42,0.1,1.0,55.0,55.0,55.3,55.0,28.0,28.0,67.0,67.5,75,27.7,34
1.0,0.1,2.0,Wisconsin,53.0,53,53,53.0,37.3,36.5,43,0.0,0.0,55.0,55.0,55.0,55.0,28.0,28.0,69.1,69.0,80,27.9,31
0.5,0.05,0.5,California,53.0,46,70,46.0,4.6,4.5,6,5.3,21.0,61.8,47.0,92.4,80.0,28.0,28.0,64.0,64.5,74,29.7,31
2.0,0.1,2.0,Minnesota,53.0,51,54,53.0,34.5,34.0,42,0.0,0.0,54.8,54.0,57.2,57.0,28.0,28.0,51.8,52.5,55,42.5,47
2.0,0.1,1.0,Minnesota,53.0,51,54,53.0,34.6,36.0,39,0.0,0.0,54.6,54.0,57.8,57.0,28.0,28.0,53.7,53.0,59,42.9,48
0.5,0.05,2.0,South Dakota,53.1,53,54,53.0,42.1,42.5,45,0.0,0.0,54.6,54.0,57.5,54.0,43.9,42.5,16.2,16.5,20,3.5,5
0.5,0.1,0.5,South Dakota,53.1,53,54,53.0,33.2,33.0,36,0.0,0.0,54.6,54.0,56.5,54.0,52.6,57.0,9.4,9.0,12,4.0,5
1.0,0.05,1.0,South Dakota,53.1,53,54,53.0,39.6,40.0,42,0.0,0.0,55.0,54.0,57.5,54.0,41.0,28.0,19.6,19.5,22,5.1,7
2.0,0.1,2.0,South Dakota,53.1,53,54,53.0,43.9,44.0,46,0.0,0.0,54.0,54.0,56.4,54.0,55.5,57.0,22.3,22.0,26,5.3,7
2.0,0.05,1.0,South Dakota,53.1,53,54,53.0,42.4,42.0,45,0.0,0.0,55.1,54.0,58.3,57.0,39.6,28.0,21.3,22.5,25,5.9,7
1.0,0.25,0.5,Missouri,53.1,49,54,53.5,57.7,58.0,60,0.0,0.0,56.1,55.5,59.1,59.0,41.2,28.0,17.3,17.5,21,12.3,15
0.5,0.1,2.0,Minnesota,53.1,51,54,53.0,33.0,32.5,37,0.2,1.0,54.9,54.0,58.0,58.0,28.0,28.0,52.1,51.0,59,41.8,45
0.5,0.1,1.0,Minnesota,53.1,51,54,53.0,30.1,29.5,36,0.1,1.0,54.9,54.0,58.2,57.5,28.0,28.0,46.4,46.5,53,42.3,48
1.0,0.1,2.0,Minnesota,53.1,53,54,53.0,33.7,33.5,37,0.0,0.0,54.3,54.0,57.7,57.5,28.0,28.0,54.3,53.5,64,43.3,48
1.0,0.05,0.5,South Dakota,53.2,53,54,53.0,39.7,39.0,42,0.0,0.0,54.0,54.0,57.6,54.0,42.4,28.0,14.6,14.0,21,4.5,6
2.0,0.05,2.0,South Dakota,53.2,53,54,53.0,43.2,43.0,46,0.0,0.0,54.6,54.0,58.8,58.0,43.9,42.5,20.0,20.5,22,4.9,7
1.0,0.05,0.5,Illinois,53.2,51,61,51.0,46.8,46.5,50,0.0,0.0,58.9,57.0,62.4,61.0,85.5,86.0,10.2,10.0,13,6.2,8
2.0,0.01,2.0,Oklahoma,53.2,41,68,52.0,25.4,26.0,28,0.0,0.0,71.4,68.0,93.7,92.0,28.0,28.0,12.6,13.0,20,8.0,11
0.5,0.1,2.0,Illinois,53.2,51,61,51.0,50.9,50.5,54,0.0,0.0,58.9,57.0,62.1,61.0,72.5,68.0,12.3,12.0,16,9.9,13
1.0,0.1,1.0,Illinois,53.2,51,61,51.0,53.2,53.5,57,0.0,0.0,59.3,59.0,62.5,61.5,74.1,68.0,14.6,14.0,18,10.0,14
2.0,0.05,0.5,Idaho,53.2,47,70,50.0,8.6,9.0,11,3.5,18.0,67.3,55.0,96.4,80.5,40.2,28.0,49.0,49.0,61,18.3,20
0.5,0.05,1.0,Wisconsin,53.2,53,55,53.0,37.3,36.5,43,0.1,1.0,55.9,55.0,58.9,57.0,34.6,28.0,59.3,58.0,69,24.9,29
1.0,0.05,2.0,Minnesota,53.2,51,54,53.0,36.7,36.0,46,0.2,1.0,56.1,54.0,59.9,60.0,30.7,28.0,50.0,49.0,58,37.9,44
1.0,0.1,0.5,Minnesota,53.2,53,54,53.0,30.6,30.5,34,0.0,0.0,54.6,54.0,57.6,57.0,28.0,28.0,48.3,46.5,57,41.2,46
2.0,0.1,0.5,Minnesota,53.2,53,54,53.0,33.8,34.0,37,0.0,0.0,54.6,54.0,58.1,57.5,28.0,28.0,50.7,50.5,56,42.5,47
0.5,0.05,1.0,South Dakota,53.3,53,54,53.0,35.9,36.0,38,0.0,0.0,54.6,54.0,58.8,60.0,36.7,28.0,11.6,10.5,17,3.6,5
2.0,0.25,1.0,Missouri,53.3,49,54,54.0,72.2,72.5,74,0.0,0.0,56.5,57.0,58.8,59.0,37.9,28.0,18.3,18.5,21,15.1,19
1.0,0.05,1.0,Wisconsin,53.3,53,56,53.0,38.4,38.0,44,0.0,0.0,55.3,55.0,56.8,55.0,34.6,28.0,65.9,67.5,71,25.5,29
1.0,0.1,1.0,Minnesota,53.3,53,54,53.0,33.1,34.0,35,0.1,1.0,54.9,54.0,58.6,59.0,28.0,28.0,48.9,48.0,56,42.2,47
0.5,0.01,1.0,Oklahoma,53.4,41,68,49.0,13.7,14.0,18,0.0,0.0,69.6,68.0,87.0,83.0,28.0,28.0,5.0,4.5,11,1.8,4
0.5,0.1,1.0,Missouri,53.4,49,54,54.0,51.4,50.5,55,0.0,0.0,57.5,58.0,59.9,60.0,31.3,28.0,16.2,16.5,20,9.2,12
1.0,0.1,2.0,Illinois,53.4,51,57,51.0,56.1,56.0,58,0.0,0.0,58.2,57.0,61.5,61.0,72.4,68.5,14.3,14.0,18,9.3,12
0.5,0.25,2.0,Missouri,53.5,49,54,54.0,66.1,66.0,69,0.0,0.0,57.3,57.0,59.1,59.0,34.6,28.0,19.6,19.5,21,13.8,16
2.0,0.05,2.0,Wisconsin,53.5,53,56,53.0,40.3,41.0,44,0.0,0.0,56.0,55.0,56.5,55.0,39.6,28.0,61.2,60.5,69,24.5,30
2.0,0.05,0.5,Wisconsin,53.6,53,56,53.0,37.9,38.0,42,0.1,1.0,56.8,55.0,56.9,55.0,31.3,28.0,64.8,65.0,79,26.4,30
1.0,0.25,2.0,Missouri,53.7,53,54,54.0,70.7,71.0,72,0.0,0.0,56.7,57.0,59.1,59.0,34.6,28.0,19.6,18.5,25,14.6,18
0.5,0.05,1.0,Minnesota,53.7,53,54,54.0,31.6,31.0,42,0.0,0.0,56.4,57.0,58.7,59.5,28.0,28.0,45.0,46.0,50,36.2,42
1.0,0.05,0.5,Minnesota,53.7,53,54,54.0,30.1,29.0,36,0.1,1.0,57.3,57.0,59.5,60.0,28.0,28.0,43.2,42.5,51,38.8,44
2.0,0.1,1.0,Illinois,53.8,51,61,51.0,54.2,54.0,58,0.0,0.0,59.6,60.5,62.1,61.5,72.7,69.0,14.7,14.5,18,12.1,14
1.0,0.05,1.0,Michigan,53.8,52,66,52.5,37.0,36.5,45,0.0,0.0,55.3,53.5,58.8,58.5,54.7,61.0,19.4,19.0,22,20.7,24
2.0,0.05,1.0,Minnesota,53.8,51,60,53.0,37.7,36.0,49,0.2,1.0,56.0,54.0,58.3,58.0,28.0,28.0,51.9,52.0,62,37.3,46
0.5,0.05,2.0,Minnesota,53.8,53,57,53.5,32.9,32.5,36,0.1,1.0,55.9,55.5,59.4,60.0,28.0,28.0,49.2,51.0,58,38.6,43
2.0,0.1,0.5,Missouri,53.9,49,59,54.0,63.9,64.0,69,0.0,0.0,57.9,59.0,59.9,60.0,28.0,28.0,18.0,17.5,21,11.5,14
1.0,0.1,2.0,Missouri,53.9,53,54,54.0,67.0,67.5,71,0.0,0.0,57.9,59.0,59.7,60.0,31.3,28.0,19.6,19.5,23,12.0,15
2.0,0.25,0.5,Missouri,53.9,53,54,54.0,69.4,69.0,74,0.0,0.0,57.5,57.0,59.4,59.0,34.6,28.0,18.6,18.5,21,14.7,18
1.0,0.05,0.5,Washington,53.9,49,65,53.0,8.6,9.0,10,2.1,6.0,62.4,65.5,79.5,69.0,41.0,28.0,19.7,20.0,22,15.1,19
0.5,0.05,0.5,Idaho,53.9,47,68,50.0,5.6,5.5,7,1.0,5.0,58.0,53.5,72.4,58.5,40.7,28.0,35.1,35.5,43,15.7,17
1.0,0.05,1.0,Minnesota,53.9,53,60,53.0,35.3,35.5,42,0.1,1.0,55.9,54.0,59.7,60.0,28.0,28.0,48.1,47.5,57,37.7,42
2.0,0.05,2.0,Utah,54.0,50,70,54.0,15.1,15.0,17,0.0,0.0,69.2,68.0,80.9,85.0,79.1,63.0,6.4,6.0,11,3.4,4
2.0,0.05,0.5,Oregon,54.0,51,66,51.0,17.0,17.5,19,0.0,0.0,59.4,57.0,66.4,65.0,95.6,105.0,8.7,8.5,11,5.0,7
0.5,0.1,0.5,Missouri,54.0,49,59,54.0,43.7,44.5,46,0.0,0.0,58.1,59.0,59.8,60.0,28.0,28.0,15.0,15.0,19,8.3,11
2.0,0.1,2.0,Missouri,54.0,54,54,54.0,69.7,69.0,75,0.0,0.0,58.7,59.5,60.1,60.5,31.3,28.0,18.2,19.0,21,11.5,15
1.0,0.25,1.0,Missouri,54.0,54,54,54.0,66.9,67.0,70,0.0,0.0,57.8,57.0,59.4,59.0,37.9,28.0,18.5,18.0,22,14.3,17
2.0,0.05,2.0,Minnesota,54.0,53,57,54.0,38.0,37.0,47,0.6,3.0,57.5,58.0,59.8,60.0,28.0,28.0,47.8,47.5,54,37.5,45
2.0,0.05,2.0,Missouri,54.1,49,60,54.0,64.1,63.5,68,0.0,0.0,58.8,59.5,60.8,60.5,28.0,28.0,17.6,18.0,22,10.7,12
1.0,0.05,1.0,Washington,54.1,49,63,50.5,8.3,8.0,12,2.7,15.0,63.6,63.0,74.6,69.0,31.3,28.0,22.2,22.5,25,17.1,20
0.5,0.05,2.0,Wisconsin,54.1,53,64,53.0,37.9,38.0,41,0.0,0.0,55.9,55.0,57.1,55.0,39.6,28.0,63.4,63.0,70,25.2,29
ALL,ALL,ALL,California,54.169444444444444,46,112,46.0,5.472222222222222,5.0,9,3.661111111111111,27.0,62.99722222222222,47.0,92.016713091922,80.0,28.0,28.0,75.06388888888888,79.0,93,30.602777777777778,33
2.0,0.1,1.0,Missouri,54.2,53,57,54.0,68.0,67.5,73,0.0,0.0,57.9,59.0,59.6,60.0,28.0,28.0,18.2,18.5,22,12.5,16
0.5,0.05,0.5,Michigan,54.2,52,66,52.5,30.7,30.5,38,0.0,0.0,57.5,53.5,60.7,60.0,59.7,64.0,16.0,17.0,20,19.5,23
0.5,0.05,0.5,Illinois,54.3,51,62,51.0,36.0,36.0,39,0.0,0.0,60.9,60.5,63.7,64.0,78.3,76.0,8.7,8.5,12,2.9,5
1.0,0.05,0.5,Missouri,54.3,54,57,54.0,48.4,49.0,52,0.0,0.0,59.3,59.5,60.6,60.5,35.1,28.0,12.0,12.5,14,8.4,11
1.0,0.1,0.5,Missouri,54.3,49,59,54.0,54.2,54.5,57,0.0,0.0,58.4,59.0,60.1,60.0,28.0,28.0,17.1,16.5,21,10.5,14
0.5,0.05,2.0,Michigan,54.3,52,71,52.5,34.9,34.5,41,0.0,0.0,55.2,53.5,58.3,57.0,46.2,28.0,19.0,19.5,23,22.8,25
2.0,0.05,1.0,Illinois,54.4,51,61,54.0,53.2,53.5,57,0.0,0.0,59.7,59.5,63.0,63.0,84.7,84.0,13.8,14.5,16,8.4,11
2.0,0.05,0.5,Washington,54.4,49,69,49.0,8.5,9.0,10,2.3,7.0,62.5,58.0,74.4,72.0,38.5,28.0,22.8,22.5,26,16.8,19
2.0,0.05,0.5,Michigan,54.4,52,66,53.0,37.7,36.5,43,0.0,0.0,58.0,55.5,62.6,60.0,49.6,44.5,20.1,20.5,26,20.8,24
2.0,0.05,0.5,South Dakota,54.5,53,65,53.0,41.9,42.5,44,0.0,0.0,57.1,54.0,60.2,61.0,43.9,42.5,19.8,20.0,22,4.6,6
1.0,0.05,2.0,South Dakota,54.5,53,65,53.0,41.4,41.5,43,0.0,0.0,57.1,54.0,61.8,62.0,43.9,42.5,19.8,20.0,24,5.6,7
1.0,0.05,2.0,Missouri,54.5,53,60,54.0,63.5,63.5,71,0.0,0.0,59.0,59.5,60.9,60.5,28.0,28.0,17.4,18.0,21,10.5,15
1.0,0.1,1.0,Missouri,54.5,54,59,54.0,63.1,63.5,68,0.0,0.0,59.3,59.5,60.4,60.5,31.3,28.0,17.0,18.0,20,10.8,17
0.5,0.01,0.5,Oklahoma,54.6,41,96,41.0,8.9,8.5,11,0.1,1.0,73.4,68.0,88.8,77.0,54.5,28.0,3.5,4.0,5,2.4,5
2.0,0.01,2.0,New Mexico,54.6,40,85,51.0,12.1,12.5,15,0.9,4.0,87.8,91.5,101.7,105.0,28.0,28.0,19.1,17.0,30,3.4,6
0.5,0.05,2.0,Illinois,54.6,51,57,57.0,49.5,50.0,51,0.0,0.0,60.6,61.0,63.7,64.0,74.0,69.0,11.1,11.5,14,8.5,10
0.5,0.1,2.0,Missouri,54.6,54,57,54.0,60.2,60.0,63,0.0,0.0,59.0,59.0,60.4,60.0,28.0,28.0,16.3,16.0,20,11.2,13
2.0,0.05,0.5,Ohio,54.6,50,73,50.0,57.1,57.0,61,0.7,1.0,82.1,84.0,88.3,88.0,69.4,74.0,23.1,22.0,29,15.3,18
1.0,0.05,2.0,Washington,54.6,49,65,53.0,9.1,8.5,14,1.6,6.0,61.6,63.5,68.9,69.0,41.7,28.0,22.5,22.0,27,16.0,20
2.0,0.05,0.5,Minnesota,54.6,51,60,54.0,38.8,38.5,45,0.0,0.0,57.0,58.0,59.0,60.0,30.7,28.0,50.0,50.5,57,34.9,43
0.5,0.05,1.0,Missouri,54.8,49,60,54.0,44.1,45.0,48,0.0,0.0,58.8,59.5,60.8,60.5,28.0,28.0,13.1,13.0,21,7.7,14
1.0,0.05,1.0,Illinois,55.0,51,61,57.0,50.7,50.5,52,0.0,0.0,59.8,61.0,63.3,64.0,77.1,69.0,12.8,13.0,15,9.0,12
0.5,0.05,0.5,Minnesota,55.0,53,60,54.0,28.8,29.0,37,1.1,5.0,58.0,59.0,59.9,60.0,28.0,28.0,39.7,39.5,45,34.9,41
2.0,0.25,1.0,Wyoming,55.1,55,56,55.0,13.3,13.0,14,0.0,0.0,56.6,56.0,61.1,62.0,164.55555555555554,160.0,1.5,2.0,2,1.0,1
ALL,ALL,ALL,Idaho,55.138888888888886,47,120,50.0,9.322222222222223,9.0,15,3.061111111111111,20.0,63.727777777777774,55.0,87.47222222222223,87.0,42.638888888888886,28.0,44.43888888888889,47.0,63,16.416666666666668,22
ALL,ALL,ALL,Kentucky,55.18611111111111,43,146,43.0,35.977777777777774,38.0,51,0.005555555555555556,1.0,72.8,66.0,80.8861111111111,71.0,85.75833333333334,87.0,18.613888888888887,19.0,38,9.680555555555555,20
1.0,0.25,2.0,Wyoming,55.2,55,56,55.0,13.3,13.0,14,0.0,0.0,56.6,56.0,61.5,62.0,164.1,160.0,1.7,2.0,2,1.0,1
0.5,0.25,0.5,Wyoming,55.2,55,56,55.0,10.7,11.0,11,0.0,0.0,56.6,56.0,59.5,58.0,,,0.0,0.0,0,1.0,1
2.0,0.25,2.0,Wyoming,55.2,55,56,55.0,13.3,13.0,14,0.0,0.0,56.0,56.0,59.2,60.0,164.1,160.0,1.9,2.0,2,1.1,2
0.5,0.25,1.0,Wyoming,55.3,55,56,55.0,10.7,11.0,11,0.0,0.0,56.0,56.0,61.6,62.0,,,0.0,0.0,0,1.0,1
1.0,0.25,1.0,Wyoming,55.3,55,56,55.0,13.0,13.0,14,0.0,0.0,56.6,56.0,60.3,60.0,160.0,160.0,1.8,2.0,2,1.2,2
1.0,0.25,0.5,Wyoming,55.4,55,56,55.0,10.6,11.0,11,0.0,0.0,56.4,56.0,60.6,62.0,160.0,160.0,0.9,1.0,1,1.0,1
0.5,0.25,2.0,Wyoming,55.4,55,56,55.0,13.1,13.0,14,0.0,0.0,57.0,56.0,62.1,62.0,160.0,160.0,0.7,1.0,1,1.0,1
2.0,0.25,0.5,Wyoming,55.4,55,56,55.0,13.2,13.0,14,0.0,0.0,57.0,56.0,60.7,62.0,160.0,160.0,1.7,2.0,2,1.0,1
2.0,0.05,1.0,Missouri,55.4,53,60,54.0,63.8,64.0,67,0.0,0.0,59.5,60.0,61.3,61.0,28.0,28.0,17.0,16.0,20,10.0,13
0.5,0.05,0.5,Oregon,55.5,51,66,51.0,13.1,13.5,15,0.0,0.0,62.0,60.0,67.7,65.0,117.1,108.0,5.1,5.5,7,2.5,5
1.0,0.05,1.0,Utah,55.5,50,85,54.0,13.9,14.0,15,0.0,0.0,69.6,68.0,79.5,80.0,76.5,63.0,4.7,4.5,8,3.6,6
0.5,0.05,0.5,Wisconsin,55.5,53,64,53.0,37.1,37.0,42,0.0,0.0,57.3,55.0,59.0,56.5,35.1,28.0,52.6,50.5,64,24.1,28
1.0,0.1,2.0,Wyoming,55.7,55,56,56.0,13.2,13.0,14,0.0,0.0,60.2,62.0,66.9,69.0,180.5,180.5,1.4,1.0,2,1.0,1
1.0,0.25,0.5,North Dakota,55.7,53,60,57.0,14.9,15.0,17,0.0,0.0,62.2,60.0,71.4,74.0,33.1,28.0,5.8,5.5,9,1.2,2
2.0,0.1,2.0,Wyoming,55.8,55,56,56.0,13.1,13.0,14,0.0,0.0,60.2,62.0,66.3,69.0,180.5,180.5,1.5,1.5,2,0.9,1
1.0,0.1,1.0,Wyoming,55.8,55,56,56.0,13.1,13.0,14,0.0,0.0,59.7,59.0,66.0,65.5,184.6,201.0,1.4,1.0,2,1.0,1
1.0,0.01,1.0,Oklahoma,55.8,41,68,58.0,22.0,22.0,26,0.0,0.0,72.6,70.0,90.1,96.0,28.0,28.0,6.2,5.5,13,2.8,5
0.5,0.1,1.0,Wyoming,55.9,55,56,56.0,10.1,10.0,11,0.0,0.0,61.0,62.0,67.6,69.0,,,0.0,0.0,0,1.0,1
0.5,0.05,2.0,Utah,55.9,50,85,54.0,13.2,13.0,14,0.0,0.0,71.6,77.0,81.6,85.0,114.2,135.5,5.4,5.0,10,3.1,4
2.0,0.1,0.5,Wyoming,56.0,55,60,56.0,13.2,13.0,14,0.0,0.0,59.2,60.0,64.8,62.0,168.2,160.0,1.7,2.0,2,1.0,1
2.0,0.05,1.0,Utah,56.0,50,82,54.0,13.8,14.0,15,0.0,0.0,67.2,68.0,80.5,83.5,111.0,85.0,5.6,5.0,9,3.9,6
ALL,ALL,ALL,Arizona,56.075,50,118,50.0,9.1,9.0,11,0.075,2.0,62.09166666666667,53.0,68.94444444444444,54.0,28.325,28.0,11.002777777777778,11.0,22,1.575,5
2.0,0.1,1.0,Wyoming,56.1,55,62,55.5,13.1,13.0,14,0.0,0.0,59.1,56.0,64.7,62.0,184.6,201.0,1.4,1.0,2,1.0,1
1.0,0.25,2.0,Indiana,56.2,56,57,56.0,59.0,59.0,61,0.0,0.0,58.1,57.0,60.8,60.0,28.0,28.0,27.8,27.5,32,14.6,17
0.5,0.1,1.0,Nevada,56.3,47,63,61.5,5.0,5.0,5,0.0,0.0,66.5,66.5,85.8,80.0,95.0,95.0,1.5,1.5,2,0.0,0
0.5,0.01,2.0,Oklahoma,56.3,41,77,59.0,19.6,20.0,23,0.0,0.0,72.8,70.0,88.8,82.0,39.6,28.0,6.0,6.5,8,2.5,5
1.0,0.05,1.0,Missouri,56.3,54,60,54.0,57.6,57.0,62,0.0,0.0,60.0,60.0,61.6,62.0,34.3,28.0,15.9,16.5,18,8.9,14
2.0,0.01,0.5,Kansas,56.3,50,70,54.0,41.8,41.0,47,0.2,1.0,61.4,60.5,64.6,63.5,35.4,28.0,17.8,17.5,22,16.7,22
0.5,0.1,0.5,Wyoming,56.4,55,62,56.0,10.1,10.0,11,0.0,0.0,60.9,62.0,66.8,69.0,,,0.0,0.0,0,1.0,1
0.5,0.05,2.0,Missouri,56.4,54,60,54.0,56.9,57.0,60,0.0,0.0,60.3,60.0,63.5,62.0,39.8,28.0,15.2,15.5,19,8.6,14
ALL,ALL,ALL,South Dakota,56.452777777777776,53,90,53.0,39.46111111111111,41.0,46,0.016666666666666666,1.0,59.88055555555555,54.0,62.294444444444444,54.0,54.69722222222222,57.0,15.819444444444445,16.0,27,4.4527777777777775,9
0.5,0.05,0.5,Missouri,56.6,49,60,57.0,38.2,37.5,41,0.0,0.0,59.4,60.0,62.6,61.0,34.3,28.0,12.0,12.5,14,6.3,9
0.5,0.25,1.0,Indiana,56.6,56,57,57.0,53.9,54.0,57,0.0,0.0,59.3,59.0,63.0,65.0,28.0,28.0,22.6,23.0,27,12.0,15
2.0,0.25,0.5,Indiana,56.6,56,57,57.0,58.8,59.0,62,0.0,0.0,58.7,59.5,62.2,62.0,28.0,28.0,27.5,27.5,33,12.9,18
1.0,0.25,1.0,Indiana,56.6,56,57,57.0,57.6,58.0,62,0.0,0.0,59.6,59.0,62.6,63.5,28.0,28.0,22.9,23.0,28,14.5,18
ALL,ALL,ALL,Tennessee,56.61388888888889,43,129,43.0,35.12222222222222,39.0,49,0.0,0.0,73.125,61.0,84.35277777777777,69.0,58.31666666666667,28.0,16.98611111111111,17.0,37,7.683333333333334,15
1.0,0.01,0.5,Colorado,56.7,50,66,58.0,13.8,14.0,16,0.6,3.0,67.6,66.0,89.7,88.5,47.4,47.0,38.2,38.0,44,8.9,11
0.5,0.25,0.5,Indiana,56.7,56,57,57.0,47.3,47.0,51,0.0,0.0,60.4,59.5,62.8,63.5,70.3,71.5,17.3,16.5,23,12.2,17
0.5,0.1,1.0,Indiana,56.7,56,57,57.0,50.0,50.0,54,0.0,0.0,61.2,60.0,64.8,66.0,32.5,28.0,22.4,22.0,28,12.7,16
0.5,0.25,2.0,Indiana,56.7,56,57,57.0,58.0,57.5,63,0.0,0.0,59.8,59.5,63.5,65.0,28.0,28.0,24.2,24.0,27,13.3,16
0.5,0.05,1.0,Illinois,56.8,51,61,57.0,42.1,43.0,45,0.0,0.0,61.2,61.0,64.1,64.0,76.5,69.0,11.1,11.0,15,6.3,9
0.5,0.05,2.0,Indiana,56.8,56,57,57.0,53.2,53.0,56,0.0,0.0,63.9,65.5,66.2,66.5,37.1,28.0,22.4,23.0,26,10.9,13
0.5,0.05,2.0,Kentucky,56.8,43,66,66.0,36.5,36.5,38,0.0,0.0,69.2,70.5,75.7,72.0,40.3,28.0,21.0,22.0,27,11.3,14
1.0,0.05,1.0,Kentucky,56.8,43,66,66.0,35.5,36.0,38,0.0,0.0,69.4,71.0,74.3,72.0,45.9,28.0,19.4,19.0,24,11.8,16
2.0,0.1,0.5,Indiana,56.8,56,57,57.0,55.5,55.5,59,0.0,0.0,61.6,61.0,64.9,65.0,32.5,28.0,26.2,26.5,31,12.1,15
2.0,0.25,1.0,Indiana,56.8,56,57,57.0,60.8,61.5,64,0.0,0.0,61.4,61.0,63.4,65.0,32.5,28.0,27.0,26.5,32,12.3,17
1.0,0.1,0.5,Indiana,56.8,56,57,57.0,52.1,52.0,57,0.0,0.0,61.8,62.5,65.5,66.0,41.5,28.0,22.1,22.0,26,12.3,17
1.0,0.05,2.0,Kentucky,56.8,43,66,66.0,39.3,39.0,42,0.0,0.0,68.8,70.0,71.6,72.0,60.9,57.5,20.8,21.0,30,12.4,15
1.0,0.1,2.0,Indiana,56.8,56,57,57.0,56.4,57.0,59,0.0,0.0,61.8,60.0,65.5,66.0,32.3,28.0,28.0,28.0,34,13.0,15
1.0,0.1,2.0,Kentucky,56.8,43,66,66.0,41.4,42.0,44,0.0,0.0,68.8,70.0,71.6,71.0,74.8,87.0,22.9,21.5,30,13.1,15
2.0,0.05,0.5,Kentucky,56.8,43,66,66.0,38.2,38.0,43,0.0,0.0,69.1,70.5,73.7,72.0,51.8,28.0,21.5,22.0,25,13.3,17
0.5,0.1,2.0,Indiana,56.8,56,57,57.0,53.7,54.5,59,0.0,0.0,62.1,62.5,64.4,65.5,41.6,28.0,24.0,24.5,26,14.2,18
1.0,0.05,2.0,Wyoming,56.9,55,62,56.0,13.1,13.0,14,0.0,0.0,62.4,62.0,68.9,69.0,188.7,201.0,1.2,1.0,2,1.0,1
2.0,0.01,0.5,Colorado,56.9,47,66,58.0,19.7,20.0,22,0.1,1.0,63.9,66.0,76.2,71.0,28.0,28.0,52.4,50.5,65,9.2,12
0.5,0.1,0.5,Indiana,56.9,56,57,57.0,45.6,46.5,51,0.0,0.0,62.6,63.5,64.7,65.5,72.5,73.0,17.5,17.0,20,10.6,13
1.0,0.25,0.5,Indiana,56.9,56,57,57.0,54.6,55.0,57,0.0,0.0,61.1,60.0,63.7,65.0,28.0,28.0,23.7,24.0,31,12.3,14
2.0,0.25,2.0,Indiana,56.9,56,57,57.0,60.6,61.5,64,0.0,0.0,61.5,60.0,63.4,65.0,31.8,28.0,28.2,27.0,33,12.7,16
2.0,0.1,2.0,Indiana,56.9,56,57,57.0,57.5,58.0,60,0.0,0.0,62.9,65.0,65.9,66.0,37.6,28.0,27.1,27.0,36,13.3,17
0.5,0.05,0.5,Ohio,56.9,50,73,50.0,43.7,43.0,48,0.8,2.0,82.4,84.0,88.9,89.0,74.0,74.0,16.9,17.0,19,14.4,18
0.5,0.25,2.0,Nevada,57.0,47,63,60.0,5.0,5.0,5,0.0,0.0,65.1,63.0,82.7,80.0,95.0,95.0,1.9,2.0,3,0.0,0
1.0,0.1,0.5,Wyoming,57.0,55,62,56.0,10.5,10.0,12,0.0,0.0,61.4,62.0,67.0,69.0,160.0,160.0,0.8,1.0,1,1.0,1
0.5,0.05,0.5,Indiana,57.0,57,57,57.0,42.6,42.5,47,0.0,0.0,64.4,65.0,67.4,66.0,60.4,73.0,18.6,18.5,22,8.7,12
1.0,0.05,0.5,Indiana,57.0,57,57,57.0,50.4,50.5,53,0.0,0.0,65.1,66.0,66.6,67.0,51.4,49.5,21.7,21.5,28,9.7,13
0.5,0.05,1.0,Indiana,57.0,57,57,57.0,47.8,48.5,53,0.0,0.0,65.0,65.5,66.6,66.5,53.0,50.5,19.5,18.0,26,11.0,16
1.0,0.05,1.0,Indiana,57.0,57,57,57.0,54.0,54.5,58,0.0,0.0,64.0,66.0,67.2,67.0,42.6,28.0,22.8,23.0,27,11.2,16
1.0,0.05,2.0,Indiana,57.0,57,57,57.0,55.0,55.0,60,0.0,0.0,64.0,65.5,66.4,66.5,43.3,28.0,27.7,26.5,35,12.1,19
2.0,0.05,2.0,Indiana,57.0,57,57,57.0,55.6,55.0,62,0.0,0.0,64.2,66.0,66.8,67.0,50.6,50.0,26.2,26.5,30,12.1,16
2.0,0.05,1.0,Indiana,57.0,57,57,57.0,55.3,55.0,59,0.0,0.0,64.1,65.0,66.4,66.0,42.2,28.0,25.4,26.0,33,13.0,16
2.0,0.1,1.0,Indiana,57.0,57,57,57.0,57.5,57.5,62,0.0,0.0,64.1,65.0,66.0,66.0,36.5,28.0,26.9,27.0,33,13.5,16
ALL,ALL,ALL,Minnesota,57.03333333333333,51,96,53.0,35.333333333333336,34.0,53,0.1527777777777778,5.0,59.44166666666667,54.0,62.233333333333334,59.0,32.28055555555556,28.0,46.68055555555556,48.0,64,36.736111111111114,50
0.5,0.05,1.0,Wyoming,57.1,55,62,56.0,10.2,10.0,11,0.0,0.0,63.5,62.0,70.5,69.0,,,0.0,0.0,0,1.0,1
2.0,0.05,0.5,Missouri,57.2,54,60,58.0,58.9,59.5,63,0.0,0.0,60.6,60.0,63.9,61.0,28.0,28.0,16.3,15.5,20,9.7,13
2.0,0.25,2.0,Nevada,57.3,47,63,60.0,5.0,5.0,5,0.0,0.0,65.8,63.0,79.9,80.0,98.8,95.0,2.2,2.0,3,0.0,0
2.0,0.05,2.0,Wyoming,57.3,56,69,56.0,12.9,13.0,13,0.0,0.0,64.1,62.0,68.8,69.0,178.22222222222223,160.0,1.4,1.5,2,1.0,1
1.0,0.1,1.0,Indiana,57.3,57,60,57.0,53.7,53.5,58,0.0,0.0,64.1,65.0,65.6,66.0,28.0,28.0,22.7,23.0,27,13.4,17
2.0,0.25,0.5,North Dakota,57.4,53,74,57.0,21.3,21.0,24,0.0,0.0,64.5,60.0,68.8,74.0,51.6,28.0,10.5,11.0,13,1.9,3
0.5,0.01,0.5,Colorado,57.5,50,66,58.0,9.5,9.5,12,1.1,6.0,74.5,66.0,96.6,98.0,35.5,28.0,29.1,29.0,34,7.8,11
0.5,0.1,0.5,Arkansas,57.6,53,99,53.0,6.3,6.5,7,0.0,0.0,100.2,99.0,108.8,105.0,63.8,56.0,7.3,7.5,10,1.0,1
1.0,0.25,0.5,Arkansas,57.6,53,99,53.0,8.5,8.5,10,0.0,0.0,99.6,99.0,106.9,105.0,61.0,56.0,8.0,8.0,11,2.0,2
1.0,0.25,1.0,Arkansas,57.6,53,99,53.0,11.7,12.0,12,0.0,0.0,99.6,99.0,105.0,105.0,63.8,56.0,9.5,10.0,11,2.0,2
2.0,0.1,1.0,Arkansas,57.6,53,99,53.0,12.5,12.5,14,0.0,0.0,100.8,99.0,109.2,105.0,61.0,56.0,8.6,8.5,13,2.1,3
0.5,0.1,2.0,Arkansas,57.6,53,99,53.0,10.5,10.0,12,0.0,0.0,102.0,102.0,114.5,114.5,63.8,56.0,8.4,8.0,11,2.1,3
1.0,0.05,2.0,Illinois,57.7,51,64,57.0,52.0,51.5,54,0.0,0.0,62.0,61.5,64.5,64.0,79.8,77.5,15.0,15.0,19,9.7,13
0.5,0.1,2.0,Wyoming,57.8,55,69,56.0,13.0,13.0,14,0.0,0.0,63.6,62.0,68.6,69.0,160.0,160.0,0.5,0.5,1,1.1,2
1.0,0.01,1.0,Colorado,57.8,50,66,58.0,17.6,17.5,23,1.4,8.0,71.7,68.0,85.0,80.0,28.0,28.0,47.0,46.5,53,9.6,14
0.5,0.25,0.5,North Dakota,57.9,53,74,57.0,10.9,10.0,14,0.0,0.0,67.9,74.0,71.8,75.0,73.6,87.0,3.3,3.0,6,0.8,1
1.0,0.05,0.5,Wyoming,57.9,56,69,56.0,10.3,10.0,11,0.0,0.0,65.3,62.0,71.2,69.0,160.0,160.0,0.3,0.0,1,1.0,1
1.0,0.25,2.0,North Dakota,57.9,53,74,57.0,22.3,22.5,23,0.0,0.0,66.5,67.0,71.8,74.5,71.5,68.5,8.6,8.5,13,2.4,3
2.0,0.05,2.0,Illinois,57.9,51,67,57.0,53.9,53.5,57,0.0,0.0,63.2,61.5,65.9,65.0,74.2,69.0,15.5,16.0,18,10.4,12
0.5,0.25,1.0,Mississippi,58.0,58,58,58.0,8.8,8.5,11,0.0,0.0,93.0,93.0,110.8,106.0,75.1,28.0,1.7,2.0,2,0.0,0
1.0,0.25,0.5,Mississippi,58.0,58,58,58.0,10.6,11.0,12,0.0,0.0,93.0,93.0,107.6,106.0,106.5,106.5,1.5,1.5,2,0.0,0
0.5,0.25,2.0,Mississippi,58.0,58,58,58.0,13.8,14.0,14,0.0,0.0,93.0,93.0,106.7,106.0,75.1,28.0,1.9,2.0,3,0.0,0
0.5,0.25,0.5,Mississippi,58.0,58,58,58.0,6.3,6.0,8,0.0,0.0,93.0,93.0,104.0,106.0,,,0.0,0.0,0,0.0,0
1.0,0.25,1.0,Mississippi,58.0,58,58,58.0,13.7,14.0,14,0.0,0.0,93.0,93.0,105.3,103.5,137.9,185.0,1.4,1.0,2,0.0,0
2.0,0.1,1.0,Mississippi,58.0,58,58,58.0,13.7,14.0,15,0.0,0.0,93.0,93.0,120.7,124.0,194.6,185.0,2.0,2.0,3,0.0,0
1.0,0.1,0.5,Mississippi,58.0,58,58,58.0,9.3,9.0,11,0.0,0.0,100.9,93.0,118.8,126.0,153.6,185.0,1.1,1.0,2,0.0,0
0.5,0.1,1.0,Mississippi,58.0,58,58,58.0,8.3,9.0,10,0.0,0.0,105.8,93.0,122.2,124.0,185.0,185.0,1.0,1.0,1,0.0,0
0.5,0.1,2.0,Mississippi,58.0,58,58,58.0,12.6,13.0,14,0.0,0.0,102.5,103.5,125.2,126.0,167.55555555555554,185.0,1.1111111111111112,1.0,2,0.0,0
1.0,0.1,1.0,Mississippi,58.0,58,58,58.0,12.7,12.5,15,0.0,0.0,104.0,93.0,122.1,126.0,162.57142857142858,185.0,1.1428571428571428,1.0,2,0.0,0
0.5,0.1,0.5,Mississippi,58.0,58,58,58.0,6.2,6.0,8,0.0,0.0,96.5,93.0,119.3,126.0,,,0.0,0.0,0,0.0,0
1.0,0.05,2.0,Mississippi,58.0,58,58,58.0,12.9,13.0,14,0.0,0.0,116.0,117.0,137.3,138.0,231.14285714285714,281.0,1.1428571428571428,1.0,2,0.1,1
1.0,0.05,0.5,Mississippi,58.0,58,58,58.0,8.3,8.5,10,0.0,0.0,109.2,106.0,138.4,133.0,185.0,185.0,0.8,1.0,1,0.1,1
0.5,0.05,1.0,Mississippi,58.0,58,58,58.0,7.4,7.5,9,0.0,0.0,113.6,110.5,141.6,133.0,132.66666666666666,185.0,0.75,1.0,1,0.1,1
2.0,0.25,1.0,Mississippi,58.0,58,58,58.0,15.6,16.0,16,0.0,0.0,93.0,93.0,109.9,106.0,106.5,106.5,2.9,3.0,4,0.1,1
2.0,0.1,0.5,Mississippi,58.0,58,58,58.0,13.4,13.0,15,0.0,0.0,104.4,93.0,123.6,124.0,188.5,185.0,1.7,2.0,2,0.1,1
2.0,0.25,0.5,Mississippi,58.0,58,58,58.0,14.6,15.0,15,0.0,0.0,93.0,93.0,111.6,106.0,122.2,185.0,2.7,3.0,4,0.2,1
1.0,0.1,2.0,Mississippi,58.0,58,58,58.0,14.1,14.0,15,0.0,0.0,96.5,93.0,119.8,124.0,192.0,185.0,1.6,2.0,2,0.2,2
2.0,0.1,2.0,Mississippi,58.0,58,58,58.0,14.9,15.0,16,0.0,0.0,108.1,99.5,127.1,128.0,172.8,185.0,2.2,2.0,4,0.2,1
1.0,0.25,2.0,Mississippi,58.0,58,58,58.0,15.7,16.0,16,0.0,0.0,93.0,93.0,109.8,106.0,100.4,28.0,2.6,3.0,3,0.4,1
2.0,0.25,2.0,Mississippi,58.0,58,58,58.0,15.7,16.0,16,0.0,0.0,93.0,93.0,106.3,106.0,59.4,28.0,3.4,3.5,4,0.4,1
2.0,0.05,0.5,Illinois,58.0,51,66,57.0,51.3,52.0,53,0.0,0.0,62.5,61.0,65.8,64.0,78.7,82.0,15.1,15.0,21,8.9,10
1.0,0.01,2.0,Colorado,58.0,50,66,58.0,17.9,17.5,21,0.5,5.0,69.0,66.0,89.5,93.0,28.0,28.0,56.3,57.5,68,9.6,12
1.0,0.25,0.5,Nevada,58.3,47,63,60.0,5.0,5.0,5,0.0,0.0,65.1,63.0,83.0,80.0,95.7,95.0,1.9,1.5,3,0.0,0
0.5,0.25,1.0,North Dakota,58.3,53,74,57.0,13.2,13.5,15,0.0,0.0,68.2,74.0,73.3,75.0,69.0,80.0,3.4,3.0,6,0.8,2
0.5,0.25,2.0,North Dakota,58.3,53,74,57.0,18.6,18.5,21,0.0,0.0,68.2,74.0,73.3,75.0,69.7,79.0,6.5,6.5,8,1.6,3
2.0,0.25,1.0,North Dakota,58.3,53,74,57.0,23.5,23.5,25,0.0,0.0,69.6,74.0,73.4,75.0,80.0,80.0,10.8,10.5,17,1.7,2
0.5,0.05,0.5,Washington,58.4,49,79,53.0,7.4,7.5,9,1.9,6.0,67.8,68.5,75.0,72.5,43.0,28.0,14.3,14.0,16,12.5,16
ALL,ALL,ALL,Wisconsin,58.47222222222222,48,105,53.0,36.919444444444444,37.0,45,0.15833333333333333,4.0,62.71388888888889,55.0,64.41111111111111,55.0,37.18333333333333,28.0,63.544444444444444,64.0,82,26.36111111111111,38
1.0,0.05,1.0,Wyoming,58.5,56,69,56.0,12.9,13.0,14,0.0,0.0,67.2,69.0,72.4,74.0,180.5,180.5,1.4,1.0,2,1.0,1
ALL,ALL,ALL,Oregon,58.5,50,133,51.0,15.261111111111111,16.0,20,0.019444444444444445,2.0,67.45,54.0,75.06388888888888,60.0,114.1,108.0,7.605555555555555,8.0,13,4.908333333333333,9
2.0,0.25,1.0,Nevada,58.6,47,63,60.0,5.0,5.0,5,0.0,0.0,65.8,63.0,79.7,80.0,95.77777777777777,95.0,1.7777777777777777,2.0,3,0.0,0
ALL,ALL,ALL,Illinois,58.6,51,119,51.0,47.983333333333334,50.0,63,0.002777777777777778,1.0,66.08611111111111,61.0,70.32222222222222,62.0,87.29166666666667,69.0,11.98611111111111,12.0,21,7.4222222222222225,16
0.5,0.1,2.0,North Dakota,58.7,53,75,57.0,17.5,17.5,19,0.0,0.0,74.2,74.0,75.2,75.0,96.5,95.0,4.7,5.0,8,1.5,3
1.0,0.25,1.0,North Dakota,58.7,57,74,57.0,18.2,18.0,22,0.0,0.0,69.9,74.0,74.8,75.0,76.9,79.0,5.9,6.0,9,1.9,3
ALL,ALL,ALL,Ohio,58.71388888888889,50,128,50.0,52.272222222222226,54.0,64,0.7,3.0,83.225,73.0,89.93333333333334,82.0,74.25,74.0,21.90277777777778,23.0,32,15.911111111111111,25
2.0,0.05,0.5,Utah,58.8,50,82,54.0,13.8,14.0,15,0.0,0.0,69.6,68.0,87.1,85.0,91.6,85.0,4.5,5.0,6,3.8,6
2.0,0.01,2.0,Colorado,58.8,50,66,58.0,20.0,20.5,23,1.1,6.0,75.5,66.0,89.3,78.0,31.5,28.0,57.5,58.0,72,9.4,12
0.5,0.01,2.0,Colorado,58.8,50,66,58.0,17.4,18.0,21,0.3,2.0,67.3,66.0,82.9,77.0,32.0,28.0,48.6,48.5,55,9.5,12
0.5,0.01,1.0,Colorado,58.8,50,66,58.0,13.0,13.0,15,0.2,1.0,66.2,66.0,89.4,79.0,40.0,28.0,35.5,37.0,42,9.7,11
0.5,0.25,1.0,Nevada,58.9,47,63,61.5,5.0,5.0,5,0.0,0.0,66.5,66.5,85.7,80.0,95.0,95.0,1.6,1.5,3,0.0,0
0.5,0.01,1.0,New Mexico,58.9,40,96,51.0,10.2,11.0,12,0.5,3.0,76.9,81.5,94.9,102.5,43.5,28.0,13.6,13.0,22,3.7,6
0.5,0.25,0.5,Georgia,59.0,59,59,59.0,19.7,19.5,23,0.0,0.0,64.0,64.0,77.9,78.0,72.6,75.0,5.4,6.0,7,5.7,7
0.5,0.25,1.0,Georgia,59.0,59,59,59.0,33.8,33.5,38,0.0,0.0,63.6,64.0,75.0,78.0,28.0,28.0,8.2,8.0,9,6.8,9
1.0,0.1,0.5,Nebraska,59.0,59,59,59.0,34.5,34.5,36,0.0,0.0,59.0,59.0,72.8,73.0,209.0,234.0,1.1,1.0,2,7.0,9
0.5,0.05,1.0,Nebraska,59.0,59,59,59.0,29.9,29.5,33,0.0,0.0,60.9,59.0,74.1,73.0,180.42857142857142,234.0,0.9,1.0,3,7.2,9
1.0,0.25,0.5,Georgia,59.0,59,59,59.0,38.5,38.5,41,0.0,0.0,63.8,64.0,76.5,78.0,28.0,28.0,10.5,10.0,13,7.3,10
0.5,0.25,2.0,Nebraska,59.0,59,59,59.0,40.2,40.0,42,0.0,0.0,59.0,59.0,72.4,73.0,122.88888888888889,109.0,1.1,1.0,2,7.5,9
1.0,0.25,0.5,Nebraska,59.0,59,59,59.0,36.1,36.5,38,0.0,0.0,59.0,59.0,72.2,73.0,124.625,109.0,0.9,1.0,2,7.6,9
2.0,0.25,0.5,Georgia,59.0,59,59,59.0,51.6,51.5,55,0.0,0.0,64.0,64.0,77.6,78.0,28.0,28.0,11.7,11.5,15,7.6,9
1.0,0.25,1.0,Georgia,59.0,59,59,59.0,50.5,50.0,55,0.0,0.0,63.6,64.0,74.9,77.5,28.0,28.0,12.6,13.5,14,7.7,11
0.5,0.05,2.0,Nebraska,59.0,59,59,59.0,36.6,36.5,39,0.0,0.0,63.2,59.0,73.8,73.0,155.3,109.0,1.8,2.0,3,7.7,10
1.0,0.05,1.0,Nebraska,59.0,59,59,59.0,38.5,38.5,41,0.0,0.0,63.2,59.0,74.8,73.0,200.625,234.0,1.3,1.0,3,7.8,12
0.5,0.1,0.5,Nebraska,59.0,59,59,59.0,24.1,24.0,26,0.0,0.0,59.0,59.0,72.6,73.0,109.0,109.0,0.5,0.5,1,7.8,9
1.0,0.05,0.5,Nebraska,59.0,59,59,59.0,31.0,30.5,35,0.0,0.0,61.8,59.0,74.8,73.0,188.22222222222223,234.0,1.3,1.0,3,7.9,10
1.0,0.25,1.0,Nebraska,59.0,59,59,59.0,41.9,42.5,44,0.0,0.0,59.0,59.0,72.0,72.0,134.0,109.0,1.2,1.0,2,7.9,10
2.0,0.25,0.5,Nebraska,59.0,59,59,59.0,45.5,45.0,48,0.0,0.0,59.0,59.0,72.2,73.0,124.2,109.0,3.5,3.5,5,8.0,11
0.5,0.25,1.0,Nebraska,59.0,59,59,59.0,33.9,34.0,35,0.0,0.0,59.0,59.0,71.8,71.0,109.0,109.0,0.9,1.0,1,8.1,9
0.5,0.1,1.0,Nebraska,59.0,59,59,59.0,30.2,30.0,32,0.0,0.0,59.0,59.0,72.4,73.0,140.25,109.0,0.4,0.0,1,8.1,11
2.0,0.1,0.5,Nebraska,59.0,59,59,59.0,43.6,44.0,46,0.0,0.0,60.4,59.0,73.1,73.0,147.0,147.0,3.9,4.0,5,8.1,11
0.5,0.1,2.0,Nebraska,59.0,59,59,59.0,38.1,38.0,42,0.0,0.0,59.0,59.0,72.4,73.0,178.44444444444446,234.0,1.2,1.0,2,8.1,9
1.0,0.1,1.0,Nebraska,59.0,59,59,59.0,40.2,40.5,42,0.0,0.0,61.6,59.0,73.3,73.0,155.875,109.0,1.4,2.0,2,8.4,11
1.0,0.25,2.0,Nebraska,59.0,59,59,59.0,44.9,45.0,47,0.0,0.0,59.0,59.0,71.8,71.0,154.6,185.0,3.0,3.0,4,8.7,10
2.0,0.25,1.0,Nebraska,59.0,59,59,59.0,47.3,47.0,50,0.0,0.0,59.0,59.0,72.4,73.0,116.6,109.0,4.2,4.0,5,8.8,10
1.0,0.1,2.0,Nebraska,59.0,59,59,59.0,44.2,44.0,46,0.0,0.0,60.4,59.0,72.9,73.0,169.8,185.0,3.5,3.5,4,8.8,10
2.0,0.1,1.0,Nebraska,59.0,59,59,59.0,45.6,46.0,47,0.0,0.0,60.4,59.0,73.1,73.0,174.3,185.0,3.9,4.0,5,9.2,10
0.5,0.25,0.5,Nebraska,59.0,59,59,59.0,25.8,26.0,27,0.0,0.0,59.0,59.0,72.0,72.0,109.0,109.0,0.7,1.0,1,9.3,11
2.0,0.25,1.0,Georgia,59.0,59,59,59.0,54.6,54.5,57,0.0,0.0,63.6,64.0,75.2,78.0,28.0,28.0,12.1,11.5,15,9.5,11
1.0,0.05,2.0,Nebraska,59.0,59,59,59.0,41.8,42.0,44,0.0,0.0,64.0,59.0,74.3,73.0,164.0,185.0,4.2,4.0,6,9.8,12
0.5,0.01,1.0,Kansas,59.0,50,68,61.5,31.8,32.0,38,0.1,1.0,64.8,65.5,67.1,68.5,40.5,28.0,9.7,9.5,12,9.9,15
2.0,0.1,2.0,Nebraska,59.0,59,59,59.0,47.2,47.0,49,0.0,0.0,60.2,59.0,72.6,73.0,163.6,185.0,4.0,4.0,5,10.1,12
2.0,0.25,2.0,Nebraska,59.0,59,59,59.0,47.8,48.0,49,0.0,0.0,59.0,59.0,71.8,71.0,131.8,109.0,3.9,4.0,5,10.5,11
2.0,0.05,1.0,Nebraska,59.0,59,59,59.0,43.0,43.0,46,0.0,0.0,62.8,59.0,73.1,73.0,189.6,185.0,3.5,4.0,5,11.1,14
2.0,0.05,2.0,Nebraska,59.0,59,59,59.0,43.8,44.0,46,0.0,0.0,65.1,59.0,74.7,73.0,175.7,185.0,4.3,4.0,5,11.4,13
0.5,0.05,2.0,Wyoming,59.1,55,69,56.0,12.8,13.0,14,0.0,0.0,68.6,69.0,73.6,74.0,160.0,160.0,0.1,0.0,1,1.0,1
0.5,0.05,1.0,Kentucky,59.1,43,66,66.0,30.2,30.0,34,0.0,0.0,69.1,70.0,71.6,72.0,65.5,87.0,13.7,12.5,18,8.1,10
2.0,0.1,0.5,Kentucky,59.1,43,66,66.0,42.7,42.5,46,0.0,0.0,69.1,70.0,71.2,71.0,74.3,85.5,21.3,22.0,24,10.8,14
2.0,0.05,1.0,Kentucky,59.1,43,66,66.0,38.4,38.0,43,0.0,0.0,69.5,71.0,72.3,72.0,53.5,28.0,24.4,24.0,31,14.4,20
ALL,ALL,ALL,Michigan,59.172222222222224,52,100,52.0,35.56944444444444,36.0,49,0.058333333333333334,2.0,63.358333333333334,53.0,66.63333333333334,54.0,55.861111111111114,28.0,18.433333333333334,19.0,32,21.491666666666667,32
0.5,0.05,1.0,Nevada,59.2,47,63,63.0,4.9,5.0,5,0.0,0.0,71.2,70.0,101.8,110.0,95.77777777777777,95.0,1.4444444444444444,1.0,2,0.0,0
0.5,0.1,0.5,Nevada,59.2,47,63,63.0,4.1,4.0,5,0.0,0.0,67.2,70.0,82.9,80.0,95.7,95.0,1.2,1.0,2,0.0,0
2.0,0.25,0.5,Montana,59.3,50,81,50.0,12.6,13.0,13,0.0,0.0,81.3,81.0,97.3,82.0,110.0,97.5,2.8,3.0,4,2.1,3
2.0,0.25,1.0,Montana,59.3,50,81,50.0,12.2,12.0,13,0.0,0.0,81.3,81.0,97.3,82.0,114.0,108.0,3.0,3.0,6,3.6,5
2.0,0.25,2.0,Montana,59.3,50,81,50.0,12.5,12.5,13,0.0,0.0,81.3,81.0,97.3,82.0,132.625,102.5,1.7,1.5,4,5.0,6
2.0,0.01,1.0,Kansas,59.3,50,63,61.0,41.9,40.5,50,0.1,1.0,64.4,63.0,67.8,68.0,32.5,28.0,21.1,21.5,28,20.4,25
0.5,0.01,2.0,New Mexico,59.4,40,85,54.0,12.1,12.0,15,0.3,2.0,78.3,91.0,95.1,96.0,28.0,28.0,16.3,14.0,25,3.3,5
1.0,0.01,1.0,Kansas,59.4,50,68,62.0,40.5,41.0,46,0.0,0.0,62.6,63.5,65.3,68.5,35.7,28.0,13.8,14.0,19,14.1,20
0.5,0.25,2.0,Georgia,59.5,59,64,59.0,46.9,46.5,49,0.0,0.0,64.8,64.0,74.2,78.0,28.0,28.0,10.2,10.5,12,7.1,8
1.0,0.25,2.0,Georgia,59.5,59,64,59.0,52.5,53.0,55,0.0,0.0,64.6,64.0,72.8,77.5,28.0,28.0,13.2,13.0,16,9.8,12
2.0,0.25,2.0,Georgia,59.5,59,64,59.0,55.2,55.0,58,0.0,0.0,64.4,63.0,71.4,70.5,28.0,28.0,13.9,14.0,16,11.2,13
2.0,0.05,0.5,Indiana,59.5,57,66,57.0,54.2,53.5,60,0.0,0.0,64.9,66.0,68.1,67.0,47.0,28.0,24.5,24.5,29,11.9,15
1.0,0.25,2.0,Nevada,59.6,47,63,60.0,5.0,5.0,5,0.0,0.0,65.1,63.0,82.9,80.0,95.0,95.0,1.6,1.5,3,0.0,0
1.0,0.1,0.5,North Dakota,59.6,53,75,57.0,12.9,13.0,15,0.0,0.0,70.9,74.0,72.2,75.0,63.4,77.0,5.1,5.0,9,1.3,2
1.0,0.25,1.0,Nevada,59.9,47,63,60.0,5.0,5.0,5,0.0,0.0,65.8,63.0,79.6,80.0,99.5,95.0,2.0,2.0,3,0.0,0
2.0,0.25,2.0,North Dakota,59.9,53,74,57.0,23.0,23.0,26,0.0,0.0,71.1,74.0,73.6,75.0,78.3,80.0,9.9,9.5,14,2.0,4
0.5,0.01,0.5,Kansas,59.9,50,63,61.0,22.9,22.5,27,0.0,0.0,65.3,65.5,68.8,69.0,69.7,73.0,6.1,5.5,9,5.6,9
0.5,0.1,0.5,Georgia,60.0,59,64,59.0,17.8,17.5,21,0.0,0.0,72.3,71.0,87.4,83.0,79.6,75.0,4.4,3.5,7,3.9,7
1.0,0.01,0.5,Kansas,60.0,50,68,63.0,33.4,33.0,41,0.0,0.0,64.0,68.0,67.5,69.5,54.9,50.5,11.9,11.5,15,10.5,15
1.0,0.05,0.5,North Dakota,60.1,53,75,57.0,10.5,10.5,12,0.0,0.0,73.0,75.0,76.6,75.5,90.3,88.0,3.4,3.0,6,0.8,2
0.5,0.25,0.5,Nevada,60.2,47,63,61.5,4.4,4.0,5,0.0,0.0,66.5,66.5,82.6,80.0,95.0,95.0,1.7,2.0,2,0.0,0
2.0,0.05,1.0,Wyoming,60.3,55,74,56.0,13.1,13.0,14,0.0,0.0,66.0,65.5,71.7,74.0,184.6,201.0,1.3,1.0,2,1.0,1
0.5,0.05,0.5,Nebraska,60.4,59,73,59.0,22.4,22.5,24,0.0,0.0,65.2,59.0,75.7,75.5,,,0.0,0.0,0,7.4,9
2.0,0.25,0.5,Nevada,60.5,47,63,63.0,5.0,5.0,5,0.0,0.0,67.2,70.0,82.9,80.0,95.7,95.0,1.4,1.0,3,0.0,0
2.0,0.1,0.5,Nevada,60.5,47,63,63.0,5.0,5.0,5,0.0,0.0,67.9,70.0,89.0,80.0,95.0,95.0,1.5555555555555556,1.0,3,0.0,0
ALL,ALL,ALL,Indiana,60.583333333333336,56,101,57.0,51.03333333333333,53.0,64,0.030555555555555555,1.0,67.575,65.0,72.0,66.0,48.56666666666667,28.0,22.016666666666666,23.0,36,11.458333333333334,19
ALL,ALL,ALL,Washington,60.63611111111111,49,137,49.0,8.847222222222221,9.0,16,1.1027777777777779,15.0,69.97777777777777,53.0,82.45,69.0,49.94444444444444,28.0,17.85,19.0,27,14.997222222222222,22
0.5,0.05,0.5,Utah,60.7,50,85,54.0,10.7,10.5,12,0.0,0.0,71.0,71.5,83.5,83.5,88.1,73.5,4.0,4.0,6,0.5,2
1.0,0.01,0.5,New Mexico,60.7,40,99,55.0,11.5,11.5,14,0.7,4.0,85.7,91.0,100.3,100.0,32.2,28.0,15.0,11.5,26,3.4,8
1.0,0.1,0.5,Nevada,60.8,47,63,63.0,5.0,5.0,5,0.0,0.0,67.9,70.0,86.0,80.0,95.7,95.0,1.6,2.0,2,0.0,0
0.5,0.1,2.0,Georgia,60.8,59,64,59.0,46.0,45.5,50,0.1,1.0,73.9,78.0,89.0,91.0,28.0,28.0,8.7,9.0,13,5.0,7
0.5,0.01,2.0,Kansas,60.9,54,68,63.0,38.3,38.5,44,0.1,1.0,65.0,68.0,66.9,69.0,75.3,73.0,13.2,13.0,16,14.0,17
2.0,0.01,2.0,Kansas,60.9,50,68,63.0,41.5,42.0,48,0.0,0.0,65.1,68.0,69.1,69.5,32.2,28.0,23.0,23.0,27,22.7,27
2.0,0.05,0.5,Nebraska,61.0,59,69,59.0,41.0,41.0,43,0.0,0.0,67.4,73.0,76.0,78.0,159.4,154.0,3.9,4.0,5,9.4,11
1.0,0.01,2.0,Kansas,61.2,50,70,63.0,42.9,44.0,48,0.1,1.0,66.8,68.0,72.4,69.0,39.2,28.0,20.1,20.5,26,19.0,25
2.0,0.1,1.0,Nevada,61.4,47,63,63.0,4.9,5.0,5,0.0,0.0,70.0,70.0,94.9,95.0,95.0,95.0,1.6,2.0,2,0.0,0
2.0,0.1,2.0,Nevada,61.4,47,63,63.0,5.0,5.0,5,0.0,0.0,69.3,70.0,98.0,110.0,95.875,95.0,2.0,2.0,3,0.0,0
0.5,0.05,0.5,Kentucky,61.4,43,66,66.0,27.0,27.0,30,0.0,0.0,70.1,71.0,76.5,72.0,125.4,113.0,8.6,8.0,13,4.7,7
2.0,0.1,0.5,Georgia,61.4,59,83,59.0,50.7,50.0,54,0.2,2.0,72.2,64.0,87.5,78.0,28.0,28.0,10.3,10.5,12,5.6,8
2.0,0.05,2.0,Kentucky,61.4,43,66,66.0,41.2,41.0,46,0.0,0.0,70.1,71.0,73.9,72.0,39.5,28.0,26.9,28.0,31,12.4,16
ALL,ALL,ALL,Missouri,61.43055555555556,49,104,54.0,53.59722222222222,57.0,75,0.0,0.0,67.21944444444445,59.0,70.99166666666666,60.0,59.71866295264624,28.0,13.955555555555556,16.0,25,9.377777777777778,19
1.0,0.25,0.5,New York,61.5,59,64,61.5,8.5,8.5,11,0.0,0.0,65.0,65.0,70.2,70.5,28.0,28.0,199.2,198.0,209,41.9,44
1.0,0.01,1.0,South Dakota,61.6,53,86,54.0,35.9,36.5,39,0.0,0.0,73.4,74.0,79.5,78.0,61.0,57.5,12.6,11.0,22,3.7,6
0.5,0.1,2.0,Nevada,61.8,60,63,63.0,5.0,5.0,5,0.0,0.0,67.2,70.0,92.0,80.0,95.0,95.0,1.5555555555555556,1.0,3,0.0,0
2.0,0.1,2.0,North Dakota,61.8,53,75,57.0,21.2,21.5,24,0.0,0.0,71.3,74.0,73.9,75.0,101.8,95.0,9.5,9.0,17,2.5,3
ALL,ALL,ALL,Wyoming,61.90555555555556,55,149,56.0,11.76388888888889,13.0,14,0.05277777777777778,1.0,68.59166666666667,62.0,79.34166666666667,69.0,175.8348623853211,160.0,0.8852941176470588,1.0,2,0.9222222222222223,2
0.5,0.25,2.0,New York,62.0,59,64,64.0,9.5,9.0,12,0.0,0.0,65.2,66.0,69.0,69.0,28.0,28.0,210.2,208.5,233,41.8,46
1.0,0.25,1.0,New York,62.0,59,64,64.0,9.3,9.5,12,0.0,0.0,65.8,66.0,68.8,69.0,28.0,28.0,211.5,211.5,230,42.1,44
2.0,0.1,0.5,New York,62.0,59,64,64.0,8.3,8.0,12,0.0,0.0,67.7,66.0,75.1,79.0,28.0,28.0,199.5,199.5,220,42.4,46
1.0,0.25,2.0,New York,62.0,59,64,64.0,8.0,8.5,11,0.0,0.0,65.2,66.0,70.3,70.5,28.0,28.0,209.2,208.0,229,43.4,47
1.0,0.1,2.0,Nevada,62.1,60,63,63.0,5.0,5.0,5,0.0,0.0,67.9,70.0,91.9,80.0,95.0,95.0,1.5555555555555556,2.0,2,0.0,0
2.0,0.1,1.0,North Dakota,62.1,57,74,57.0,21.0,21.0,22,0.0,0.0,72.9,74.0,75.3,75.0,96.2,104.0,9.2,8.5,14,2.7,4
2.0,0.01,0.5,Illinois,62.1,51,82,61.0,42.5,43.0,46,0.0,0.0,76.8,82.0,83.5,86.0,125.3,138.0,9.9,10.0,14,4.8,8
2.0,0.01,1.0,Colorado,62.1,50,112,58.0,20.2,20.5,23,0.0,0.0,68.3,66.0,74.6,75.0,35.6,28.0,55.3,55.5,61,8.5,13
0.5,0.1,1.0,Arkansas,62.2,53,99,53.0,7.3,7.0,8,0.0,0.0,101.4,99.0,112.6,105.0,71.6,56.0,7.2,8.0,9,1.0,1
ALL,ALL,ALL,Utah,62.358333333333334,50,144,50.0,13.391666666666667,14.0,18,0.0,0.0,71.63333333333334,54.0,80.45,75.0,92.90704225352113,54.0,6.203342618384401,6.0,13,2.3055555555555554,6
1.0,0.05,0.5,Nevada,62.4,60,63,63.0,4.9,5.0,5,0.0,0.0,68.6,70.0,101.0,110.0,109.88888888888889,95.0,1.5555555555555556,1.0,3,0.0,0
1.0,0.1,1.0,Nevada,62.4,60,63,63.0,4.9,5.0,5,0.0,0.0,68.6,70.0,88.8,80.0,95.0,95.0,1.6,1.5,3,0.0,0
0.5,0.25,0.5,Montana,62.4,50,81,50.0,6.6,7.0,7,0.0,0.0,81.4,81.0,102.4,82.0,119.33333333333333,113.0,0.8888888888888888,1.0,2,1.1,2
0.5,0.1,2.0,Montana,62.4,50,81,50.0,10.2,10.0,12,0.1,1.0,96.7,81.0,127.9,133.0,153.1,128.0,1.7,2.0,3,1.4,2
1.0,0.1,2.0,Montana,62.4,50,81,50.0,11.6,12.0,12,0.0,0.0,81.4,81.0,112.6,133.0,142.0,113.0,2.0,2.0,4,1.8,4
2.0,0.1,0.5,Montana,62.4,50,81,50.0,11.4,11.5,13,0.1,1.0,86.5,81.0,117.7,133.0,147.6,159.0,2.1,2.0,3,1.9,4
1.0,0.25,2.0,Montana,62.4,50,81,50.0,12.3,12.0,13,0.0,0.0,81.4,81.0,107.5,107.5,186.22222222222223,159.0,1.5,1.5,3,2.3,4
1.0,0.25,1.0,Montana,62.4,50,81,50.0,10.4,10.0,12,0.0,0.0,81.4,81.0,102.4,82.0,186.22222222222223,118.0,1.9,2.0,3,3.2,4
1.0,0.1,2.0,Georgia,62.4,59,83,59.0,52.5,52.5,56,0.1,1.0,73.9,71.0,84.7,80.5,36.8,28.0,10.4,10.0,13,7.4,9
2.0,0.01,0.5,Idaho,62.5,50,92,62.5,9.2,9.0,14,4.0,16.0,90.1,90.0,132.3,129.5,61.5,63.5,39.5,41.5,51,14.5,19
0.5,0.25,0.5,New York,62.5,59,64,64.0,9.0,9.0,12,0.0,0.0,65.7,66.0,69.6,70.5,28.0,28.0,165.9,167.5,175,39.3,43
0.5,0.1,1.0,North Dakota,62.6,53,74,57.0,10.3,10.0,13,0.0,0.0,69.6,74.0,75.6,75.0,79.7,87.0,2.6,2.0,4,0.2,2
1.0,0.01,2.0,Oklahoma,62.7,41,96,68.0,25.0,24.5,32,0.0,0.0,76.4,70.0,95.7,96.0,28.0,28.0,10.2,10.5,17,6.0,9
2.0,0.05,2.0,Mississippi,62.8,58,106,58.0,13.0,12.5,15,0.0,0.0,113.3,115.0,133.8,133.0,182.11111111111111,185.0,1.6666666666666667,2.0,3,0.0,0
1.0,0.1,0.5,Arkansas,62.8,53,105,53.0,7.8,8.0,9,0.0,0.0,103.3,99.0,111.1,105.0,71.6,56.0,7.7,8.0,11,2.1,3
0.5,0.05,0.5,Wyoming,62.9,55,69,65.5,9.9,10.0,11,0.0,0.0,68.9,71.5,72.4,75.0,,,0.0,0.0,0,1.0,1
2.0,0.1,2.0,Georgia,62.9,59,83,59.0,56.5,57.0,61,0.1,1.0,73.4,70.5,83.6,78.0,32.7,28.0,11.9,12.0,15,7.9,12
ALL,ALL,ALL,Nebraska,62.922222222222224,59,102,59.0,35.94166666666667,37.0,50,0.008333333333333333,1.0,66.92222222222222,59.0,77.53888888888889,73.0,158.74842767295598,154.0,2.5555555555555554,2.0,9,8.505555555555556,14
1.0,0.05,2.0,Nevada,63.0,63,63,63.0,5.0,5.0,5,0.0,0.0,72.9,70.0,104.0,110.0,98.8,95.0,1.4,1.0,2,0.0,0
0.5,0.1,0.5,North Dakota,63.0,53,74,57.0,7.9,9.0,9,0.0,0.0,71.3,74.0,73.8,75.0,78.77777777777777,81.0,3.0,2.0,7,0.4,1
0.5,0.1,1.0,New York,63.0,59,64,64.0,8.3,8.5,12,0.0,0.0,68.6,66.0,74.9,72.0,28.0,28.0,184.8,182.5,210,41.0,46
0.5,0.25,1.0,New York,63.0,59,64,64.0,8.5,9.0,11,0.0,0.0,66.2,66.0,70.4,69.0,28.0,28.0,189.0,189.5,204,41.4,44
2.0,0.25,1.0,New York,63.0,59,64,64.0,7.9,7.0,10,0.0,0.0,66.2,66.0,70.3,69.0,28.0,28.0,208.8,210.0,219,43.3,46
0.5,0.1,2.0,New York,63.0,59,64,64.0,6.3,6.0,9,0.0,0.0,70.7,70.5,79.2,81.0,28.0,28.0,204.1,203.5,222,44.2,47
2.0,0.05,1.0,Nevada,63.1,60,70,63.0,4.8,5.0,5,0.0,0.0,71.2,70.0,102.8,110.0,111.75,95.0,1.625,1.5,3,0.0,0
1.0,0.05,1.0,Nevada,63.1,60,70,63.0,5.0,5.0,5,0.0,0.0,69.6,70.0,99.6,110.0,95.7,95.0,1.6,1.5,3,0.0,0
2.0,0.05,2.0,Nevada,63.1,60,70,63.0,5.0,5.0,5,0.0,0.0,71.2,70.0,104.0,110.0,105.0,95.0,1.8888888888888888,2.0,3,0.0,0
0.5,0.05,1.0,North Dakota,63.1,53,75,57.0,9.6,10.0,11,0.0,0.0,73.0,75.0,78.4,76.0,132.2,104.0,2.3,2.0,5,0.4,1
0.5,0.05,0.5,Nevada,63.2,47,70,63.0,4.0,4.0,4,0.0,0.0,74.1,70.0,101.2,110.0,95.875,95.0,1.25,1.0,2,0.0,0
1.0,0.01,0.5,Oklahoma,63.3,41,96,64.5,14.6,14.0,19,0.2,1.0,87.0,70.0,110.1,96.0,28.0,28.0,4.8,5.0,8,3.2,7
1.0,0.1,0.5,Georgia,63.3,59,99,59.0,40.4,40.5,43,0.0,0.0,73.8,64.0,86.1,78.0,28.0,28.0,8.8,9.5,11,4.7,7
0.5,0.05,2.0,Nevada,63.4,60,70,63.0,4.8,5.0,5,0.0,0.0,72.6,70.0,98.0,110.0,96.55555555555556,95.0,1.7777777777777777,2.0,3,0.0,0
1.0,0.1,1.0,North Dakota,63.4,53,74,57.0,16.6,17.0,18,0.0,0.0,71.3,74.0,74.8,75.0,100.3,97.0,5.8,6.0,9,2.2,3
2.0,0.25,0.5,Florida,63.4,63,64,63.0,14.8,15.5,16,0.4,1.0,65.2,64.0,77.6,75.5,28.0,28.0,41.5,41.5,45,21.1,25
2.0,0.05,0.5,Nevada,63.5,60,70,63.0,4.9,5.0,5,0.0,0.0,69.9,70.0,100.1,103.0,104.0,95.0,1.6,1.5,3,0.0,0
1.0,0.01,2.0,New Mexico,63.5,40,100,55.0,12.4,13.0,14,0.9,4.0,87.9,93.5,101.0,100.0,28.0,28.0,17.2,18.5,22,3.6,6
0.5,0.1,0.5,Florida,63.5,63,64,63.5,14.9,15.0,18,2.0,5.0,74.7,65.5,87.7,91.0,32.2,28.0,15.3,15.0,17,15.5,20
0.5,0.1,0.5,New York,63.5,59,64,64.0,7.9,8.0,11,0.0,0.0,70.2,72.0,77.7,81.0,28.0,28.0,154.7,155.5,160,38.8,42
1.0,0.05,0.5,New York,63.5,59,64,64.0,6.6,7.0,8,0.0,0.0,73.0,72.0,79.8,81.0,28.0,28.0,191.4,191.5,207,42.0,45
1.0,0.1,2.0,New York,63.5,59,64,64.0,8.2,8.0,11,0.0,0.0,70.1,67.5,76.0,75.5,28.0,28.0,207.5,206.5,232,42.8,48
2.0,0.1,2.0,New York,63.5,59,64,64.0,7.4,7.5,9,0.0,0.0,70.2,69.0,77.6,79.0,28.0,28.0,200.4,199.0,218,42.9,45
2.0,0.1,1.0,New York,63.5,59,64,64.0,7.7,7.5,11,0.0,0.0,68.2,67.5,73.2,72.0,28.0,28.0,201.5,200.5,215,43.0,46
2.0,0.25,2.0,New York,63.5,59,64,64.0,7.9,7.5,11,0.0,0.0,66.4,66.0,71.4,72.0,28.0,28.0,204.4,207.5,218,43.4,47
1.0,0.25,1.0,Florida,63.6,63,64,64.0,13.0,12.0,16,1.8,7.0,70.6,67.0,77.3,67.0,28.0,28.0,38.2,39.0,42,22.9,24
2.0,0.01,0.5,Minnesota,63.6,54,76,64.0,43.8,44.5,49,1.0,5.0,69.9,70.0,72.7,71.5,36.2,28.0,39.6,40.5,47,24.8,35
2.0,0.1,0.5,North Dakota,63.7,53,74,58.5,18.2,18.0,21,0.0,0.0,72.7,74.0,73.7,75.0,91.6,95.0,8.9,9.0,11,2.8,4
2.0,0.01,0.5,South Dakota,63.7,53,74,65.0,38.0,37.5,42,0.3,1.0,72.4,74.0,79.7,79.0,41.4,28.0,14.3,14.5,19,4.3,6
1.0,0.05,0.5,Kentucky,63.7,43,66,66.0,33.9,33.0,38,0.0,0.0,70.8,71.0,74.9,72.0,51.6,28.0,16.4,16.0,20,7.2,9
0.5,0.25,0.5,Florida,63.7,63,64,64.0,14.1,14.0,20,2.0,7.0,72.6,67.0,84.0,90.5,28.0,28.0,16.4,16.5,18,17.7,23
2.0,0.25,2.0,Florida,63.7,63,64,64.0,14.5,14.5,17,1.3,7.0,68.5,67.0,80.6,84.0,28.0,28.0,44.3,44.0,49,21.6,24
2.0,0.05,0.5,Wyoming,63.8,56,69,69.0,12.7,13.0,13,0.0,0.0,69.7,73.0,73.3,75.0,178.22222222222223,160.0,1.1,1.0,2,1.0,1
1.0,0.25,0.5,Florida,63.8,63,64,64.0,13.1,13.0,15,1.8,7.0,71.2,67.0,79.3,84.0,28.0,28.0,26.7,27.0,29,20.0,24
2.0,0.25,1.0,Florida,63.8,63,64,64.0,15.3,15.0,19,2.1,5.0,73.9,67.0,81.7,91.0,28.0,28.0,46.1,46.0,51,20.5,23
1.0,0.25,2.0,Florida,63.8,63,64,64.0,14.1,14.0,17,1.9,5.0,72.9,67.0,83.6,90.5,28.0,28.0,44.0,44.5,48,21.5,24
1.0,0.1,2.0,North Dakota,63.9,57,75,57.0,20.1,19.5,24,0.0,0.0,71.7,74.0,75.2,75.0,86.0,95.0,7.2,6.5,13,2.5,3
1.0,0.1,0.5,Florida,63.9,63,64,64.0,13.6,13.0,18,3.1,6.0,81.6,90.5,89.6,94.0,31.8,28.0,27.8,27.0,33,18.8,23
2.0,0.1,1.0,Florida,63.9,63,64,64.0,15.4,15.0,19,4.0,7.0,88.9,91.0,94.9,94.0,32.2,28.0,46.9,47.0,54,20.1,24
2.0,0.1,2.0,Florida,63.9,63,64,64.0,14.6,14.5,17,3.7,7.0,83.4,91.0,94.2,94.0,28.0,28.0,50.0,49.5,56,21.0,24
2.0,0.1,0.5,Florida,63.9,63,64,64.0,14.1,15.0,18,3.4,7.0,82.7,90.5,93.5,94.0,28.0,28.0,43.7,45.5,49,21.1,25
2.0,0.01,0.5,Arizona,64.0,50,104,54.5,8.6,8.5,10,0.2,2.0,78.3,60.0,100.3,99.0,28.0,28.0,14.7,14.0,20,1.8,3
0.5,0.25,1.0,Florida,64.0,64,64,64.0,13.3,13.0,17,1.6,7.0,69.4,67.0,83.6,90.0,28.0,28.0,24.9,25.0,28,19.8,22
0.5,0.1,1.0,Florida,64.0,64,64,64.0,11.9,11.0,15,4.5,8.0,89.7,91.0,95.0,94.0,28.0,28.0,25.0,25.0,30,20.0,23
0.5,0.25,2.0,Florida,64.0,64,64,64.0,14.0,14.5,17,2.8,7.0,76.5,67.0,89.2,91.0,28.0,28.0,34.0,34.0,38,21.5,24
0.5,0.05,1.0,New York,64.0,64,64,64.0,8.0,8.5,11,0.0,0.0,72.3,72.0,81.3,81.0,28.0,28.0,181.3,181.0,195,39.9,44
1.0,0.1,0.5,New York,64.0,64,64,64.0,8.1,8.5,10,0.0,0.0,67.5,66.0,74.4,72.0,28.0,28.0,189.4,188.5,202,41.3,45
1.0,0.05,2.0,New York,64.0,64,64,64.0,7.6,7.5,12,0.0,0.0,73.6,72.0,81.3,80.0,28.0,28.0,193.3,192.5,207,42.6,44
2.0,0.25,0.5,New York,64.0,64,64,64.0,8.0,8.0,14,0.0,0.0,69.1,67.5,74.2,72.0,28.0,28.0,206.0,208.5,215,43.0,46
1.0,0.1,1.0,New York,64.0,64,64,64.0,7.2,7.5,10,0.1,1.0,71.6,72.0,79.0,79.0,28.0,28.0,210.0,211.0,220,43.0,46
1.0,0.1,1.0,Florida,64.2,63,67,64.0,14.3,14.0,18,4.0,8.0,85.8,91.0,91.8,94.0,28.0,28.0,38.5,39.0,45,21.1,23
2.0,0.01,0.5,Wisconsin,64.3,48,88,58.5,37.5,38.0,42,0.5,3.0,78.9,80.0,84.0,85.0,39.7,28.0,56.9,58.0,67,23.7,30
1.0,0.05,1.0,New York,64.3,59,72,64.0,7.9,7.5,14,0.0,0.0,75.2,79.0,83.7,83.0,28.0,28.0,205.3,208.0,219,42.4,46
2.0,0.1,1.0,Georgia,64.8,59,99,59.0,54.3,54.5,58,0.0,0.0,71.7,64.0,83.0,78.0,28.0,28.0,12.3,12.0,16,6.8,10
0.5,0.05,2.0,Mississippi,65.0,58,128,58.0,11.1,11.5,13,0.0,0.0,120.9,128.0,158.4,138.0,185.0,185.0,1.25,1.0,2,0.0,0
1.0,0.05,1.0,Mississippi,65.0,58,128,58.0,10.9,11.0,13,0.0,0.0,121.8,126.0,139.5,133.0,145.75,185.0,0.8,1.0,1,0.1,1
2.0,0.05,1.0,Mississippi,65.0,58,128,58.0,12.4,12.5,14,0.0,0.0,117.8,124.0,131.7,128.0,190.83333333333334,185.0,1.0,1.0,2,0.2,1
0.5,0.01,2.0,South Dakota,65.0,53,74,70.5,36.9,37.5,38,0.0,0.0,74.9,74.0,79.3,77.5,83.9,89.0,11.1,11.5,14,1.7,3
1.0,0.1,1.0,Georgia,65.0,59,99,61.5,48.2,47.5,53,0.0,0.0,77.5,78.0,88.2,83.0,33.8,28.0,10.0,10.0,13,4.7,10
1.0,0.01,1.0,Indiana,65.2,57,73,66.0,43.3,43.0,48,0.3,1.0,82.7,84.5,88.7,93.0,66.1,79.5,16.2,14.5,23,10.1,13
2.0,0.05,1.0,New York,65.2,59,81,64.0,6.9,7.0,11,0.1,1.0,75.2,75.5,82.0,82.0,28.0,28.0,199.6,201.0,219,43.2,46
1.0,0.01,0.5,South Dakota,65.3,53,74,72.0,32.9,33.5,35,0.0,0.0,75.7,77.0,81.6,83.5,70.7,76.5,11.1,11.5,17,2.5,4
2.0,0.01,1.0,New Mexico,65.3,40,108,51.0,12.6,12.5,15,0.3,1.0,76.5,77.0,97.7,98.0,28.0,28.0,19.2,20.5,27,3.2,5
2.0,0.05,1.0,North Dakota,65.4,53,75,65.5,19.2,19.0,22,0.0,0.0,75.4,75.0,83.9,75.5,111.8,102.5,7.2,7.0,10,2.5,3
2.0,0.05,2.0,New York,65.5,64,79,64.0,7.5,8.0,10,0.1,1.0,73.0,72.0,80.5,79.0,28.0,28.0,204.8,204.5,217,42.5,45
2.0,0.05,2.0,North Dakota,65.6,57,75,65.5,20.1,20.0,22,0.0,0.0,76.7,75.0,83.6,76.0,147.6,115.0,7.6,7.0,10,2.0,3
1.0,0.01,1.0,Minnesota,65.6,54,73,68.5,43.4,43.5,47,0.2,2.0,69.4,70.0,72.0,71.0,40.6,28.0,34.4,33.5,42,24.2,27
1.0,0.05,2.0,North Dakota,65.7,57,75,65.5,19.2,19.0,21,0.0,0.0,75.2,75.0,80.1,76.5,125.4,115.0,5.4,6.0,8,2.3,3
0.5,0.05,2.0,New York,65.7,64,81,64.0,6.7,6.5,11,0.1,1.0,73.4,72.0,82.1,81.0,28.0,28.0,207.5,208.5,214,42.6,46
1.0,0.01,1.0,Kentucky,65.9,43,88,66.0,28.1,29.5,32,0.1,1.0,82.3,80.0,108.0,106.5,115.1,106.0,16.2,16.5,22,9.0,13
0.5,0.1,2.0,Florida,65.9,63,84,64.0,15.6,15.0,19,2.8,7.0,87.0,91.0,95.4,96.0,28.0,28.0,32.9,32.0,37,19.7,24
ALL,ALL,ALL,North Dakota,65.91388888888889,53,132,60.0,14.613888888888889,15.0,26,0.0,0.0,78.01392757660167,75.0,106.32957746478873,76.0,96.14887640449439,95.0,5.69467787114846,5.0,17,1.3805555555555555,4
1.0,0.05,0.5,Florida,66.0,64,84,64.0,13.7,14.5,18,2.4,5.0,89.0,91.0,96.5,96.0,28.0,28.0,23.8,23.5,29,18.8,24
2.0,0.25,1.0,Pennsylvania,66.1,64,67,67.0,55.6,56.0,59,0.0,0.0,71.4,73.0,73.6,75.0,32.9,28.0,31.3,32.5,39,5.2,8
2.0,0.01,2.0,South Dakota,66.2,53,86,70.0,39.1,39.0,42,0.2,1.0,74.7,74.0,79.5,79.0,52.2,28.0,14.7,16.0,21,3.7,6
2.0,0.01,0.5,Oregon,66.2,51,101,58.5,14.7,15.0,17,0.0,0.0,87.5,73.0,103.4,95.0,135.1,141.0,6.5,6.0,9,3.9,7
0.5,0.25,2.0,Pennsylvania,66.3,64,67,67.0,53.7,53.5,57,0.0,0.0,70.8,72.0,73.8,73.0,86.5,90.0,33.2,33.0,39,6.6,10
1.0,0.25,1.0,Pennsylvania,66.4,64,73,66.0,52.9,52.5,57,0.0,0.0,70.2,70.0,74.3,73.0,34.2,28.0,32.8,33.0,36,7.6,12
0.5,0.05,2.0,Florida,66.5,63,90,64.0,15.2,14.5,19,2.2,6.0,88.0,92.5,95.7,96.0,50.7,28.0,32.0,32.0,36,18.6,22
1.0,0.1,2.0,Florida,66.7,64,91,64.0,14.8,15.0,19,2.9,7.0,82.3,87.5,93.4,96.0,28.0,28.0,47.2,47.5,53,20.6,24
2.0,0.05,2.0,Florida,66.7,64,91,64.0,13.4,13.0,20,3.8,5.0,90.3,94.0,96.7,98.0,28.0,28.0,46.2,46.5,52,21.4,25
1.0,0.1,2.0,Arkansas,66.8,53,99,53.0,12.7,13.0,14,0.0,0.0,102.0,102.0,110.6,105.0,79.4,56.0,8.5,9.5,13,2.3,3
2.0,0.1,0.5,Arkansas,66.8,53,99,53.0,11.8,12.0,13,0.0,0.0,102.0,102.0,112.2,105.0,79.4,56.0,8.2,9.0,11,2.3,3
1.0,0.25,2.0,Pennsylvania,66.9,64,71,67.0,54.6,55.0,58,0.0,0.0,72.0,73.0,75.1,75.0,28.0,28.0,32.3,32.0,39,6.3,11
0.5,0.01,1.0,Minnesota,66.9,57,73,68.5,37.5,37.0,43,0.1,1.0,69.8,69.5,72.3,70.0,53.1,50.0,31.3,30.5,40,22.3,31
2.0,0.25,2.0,Pennsylvania,67.0,64,73,67.0,55.7,55.5,58,0.0,0.0,72.4,73.0,75.4,75.0,31.8,28.0,30.9,30.0,38,5.2,8
2.0,0.05,0.5,New York,67.0,64,79,64.0,7.1,7.0,9,0.0,0.0,75.1,75.5,83.7,82.5,28.0,28.0,201.7,202.0,219,42.8,46
1.0,0.25,0.5,Pennsylvania,67.2,65,71,67.0,50.3,50.5,53,0.0,0.0,72.0,73.0,74.4,75.0,83.8,85.0,33.6,33.5,42,7.8,11
2.0,0.01,0.5,Kentucky,67.2,66,72,66.0,29.3,30.0,32,0.0,0.0,87.9,82.5,110.8,105.5,122.5,150.5,12.5,12.5,16,9.0,12
1.0,0.01,2.0,Kentucky,67.2,66,72,66.0,30.4,31.0,34,0.0,0.0,83.1,88.0,98.8,88.0,107.8,93.0,16.5,17.5,23,10.3,13
1.0,0.01,0.5,Wisconsin,67.2,53,99,62.0,33.6,33.0,41,0.4,2.0,82.3,81.0,88.6,90.0,47.5,28.0,51.6,52.0,59,24.9,31
0.5,0.25,1.0,Pennsylvania,67.3,64,73,67.0,51.0,51.5,55,0.0,0.0,72.2,73.0,75.0,75.0,84.1,90.0,33.7,34.5,36,7.3,13
1.0,0.05,1.0,North Dakota,67.5,57,75,74.0,16.4,16.5,20,0.0,0.0,77.1,75.0,83.6,78.0,160.6,142.0,4.4,4.0,6,1.6,4
0.5,0.01,0.5,New Mexico,67.6,40,108,52.0,8.9,9.0,11,0.4,4.0,93.5,98.0,107.3,111.0,47.8,28.0,8.4,6.0,21,3.4,6
0.5,0.25,0.5,Pennsylvania,67.6,67,73,67.0,50.6,51.0,55,0.0,0.0,72.8,73.0,75.0,74.0,85.4,90.0,22.5,22.5,26,6.5,9
1.0,0.01,2.0,South Dakota,67.8,53,86,70.0,37.1,37.5,41,0.0,0.0,78.8,76.5,82.4,79.5,61.1,56.0,13.1,13.0,19,3.5,5
0.5,0.01,2.0,Indiana,68.0,57,87,73.0,44.1,44.0,49,0.0,0.0,83.7,85.0,90.2,99.0,69.6,82.0,15.9,16.0,23,8.0,11
1.0,0.01,1.0,Idaho,68.1,50,92,65.5,10.3,10.0,14,0.6,5.0,79.2,78.5,85.6,88.0,68.2,65.0,32.2,32.5,42,12.9,18
0.5,0.01,2.0,Minnesota,68.1,54,84,68.0,43.7,44.5,48,0.1,1.0,72.3,70.0,74.8,71.0,36.0,28.0,34.2,35.0,39,22.9,29
ALL,ALL,ALL,Nevada,68.31111111111112,47,166,63.0,4.683333333333334,5.0,5,0.002777777777777778,1.0,79.71666666666667,70.0,103.39166666666667,110.0,106.675,95.0,1.61875,2.0,4,0.005555555555555556,1
2.0,0.01,1.0,South Dakota,68.4,53,74,72.5,39.2,39.0,43,0.0,0.0,78.8,76.0,84.0,81.0,80.1,85.5,13.3,13.5,18,3.7,5
0.5,0.01,2.0,Illinois,68.4,51,82,67.0,40.3,40.5,44,0.0,0.0,80.9,77.0,88.4,87.5,112.5,106.5,9.0,9.0,15,4.3,7
0.5,0.1,1.0,Georgia,68.4,59,99,61.5,33.2,32.0,39,0.0,0.0,78.0,78.0,91.7,90.5,33.8,28.0,6.6,6.5,9,4.8,8
0.5,0.01,2.0,Kentucky,68.4,66,72,66.0,26.5,26.0,33,0.0,0.0,86.3,88.0,102.8,103.0,114.2,150.5,13.9,14.0,18,9.0,12
1.0,0.1,0.5,Pennsylvania,68.5,64,73,67.0,50.5,51.0,55,0.0,0.0,73.6,74.0,77.4,77.0,89.9,90.0,29.2,29.5,35,6.0,9
1.0,0.1,1.0,Montana,68.6,50,81,81.0,10.2,10.0,11,0.2,1.0,96.9,82.0,117.7,133.0,186.4,207.5,1.8,2.0,3,1.6,3
0.5,0.25,2.0,Montana,68.6,50,81,81.0,10.6,11.0,11,0.0,0.0,81.6,82.0,112.6,133.0,178.3,118.0,1.5,1.0,3,1.7,2
1.0,0.25,0.5,Vermont,68.6,64,75,67.0,8.8,9.0,10,0.8,1.0,76.6,76.5,86.1,83.0,46.0,28.0,14.2,13.0,18,5.2,7
2.0,0.01,2.0,Minnesota,68.6,60,76,69.0,45.6,43.0,53,0.0,0.0,70.5,69.0,73.3,69.5,51.7,47.0,39.4,40.5,45,23.6,27
0.5,0.25,0.5,Vermont,68.7,64,75,70.0,9.3,9.0,11,0.3,1.0,75.0,75.0,80.5,82.0,70.0,88.0,12.2,12.0,14,4.7,6
2.0,0.25,2.0,Vermont,68.8,64,75,70.0,8.8,9.0,10,0.3,1.0,74.9,75.0,82.6,83.0,28.0,28.0,13.7,14.0,16,5.2,6
1.0,0.01,1.0,Nebraska,68.8,59,87,73.0,30.3,29.5,34,0.1,1.0,81.6,78.0,88.0,87.5,158.6,151.5,3.1,3.5,5,8.4,11
2.0,0.01,1.0,Kentucky,68.8,66,88,66.0,29.9,30.0,32,0.0,0.0,86.1,72.0,104.4,103.5,124.2,146.0,15.0,14.5,24,10.2,12
1.0,0.01,1.0,Arizona,69.0,50,118,53.5,9.2,9.5,11,0.2,2.0,77.5,67.0,96.3,85.0,28.0,28.0,12.8,12.5,18,1.2,4
0.5,0.01,1.0,South Dakota,69.0,53,90,74.0,32.0,32.5,35,0.0,0.0,76.4,74.5,82.0,79.0,84.6,89.0,8.4,8.5,12,1.5,3
2.0,0.25,0.5,Vermont,69.0,64,75,67.0,8.5,9.0,10,0.7,2.0,78.8,79.0,86.4,84.5,28.0,28.0,14.5,15.0,17,5.5,7
1.0,0.01,1.0,California,69.1,46,100,69.5,5.4,5.0,8,10.8,23.0,94.5,107.5,121.9,116.0,28.0,28.0,67.0,66.5,81,29.7,32
0.5,0.05,0.5,New York,69.1,64,81,64.0,6.9,7.0,12,0.1,1.0,75.3,72.0,83.4,81.0,28.0,28.0,155.2,155.0,163,38.7,43
ALL,ALL,ALL,New York,69.29444444444445,59,131,64.0,8.113888888888889,8.0,15,0.5527777777777778,27.0,78.30277777777778,72.0,86.48333333333333,80.0,28.844444444444445,28.0,188.59722222222223,194.0,233,40.92777777777778,48
2.0,0.01,2.0,Indiana,69.3,57,74,73.0,47.1,48.5,52,0.1,1.0,80.8,76.0,94.3,98.5,76.7,82.0,17.0,18.0,22,11.8,17
2.0,0.05,0.5,Mississippi,69.4,58,124,58.0,11.0,11.0,14,0.0,0.0,120.3,126.0,140.7,138.0,172.8,185.0,0.7142857142857143,1.0,1,0.3,1
0.5,0.1,1.0,Pennsylvania,69.4,67,73,67.0,49.4,50.0,52,0.0,0.0,74.5,75.0,79.6,80.0,95.1,93.5,25.6,25.0,30,6.2,9
2.0,0.1,0.5,Pennsylvania,69.4,67,75,67.0,54.0,53.5,58,0.0,0.0,75.1,75.0,78.3,78.5,83.3,90.0,28.3,28.5,32,6.2,9
0.5,0.01,2.0,Idaho,69.4,50,92,68.0,10.5,10.5,14,1.1,3.0,82.7,87.0,87.1,90.0,63.3,68.0,31.2,31.0,36,11.7,15
2.0,0.05,0.5,North Dakota,69.5,57,75,75.0,17.8,18.0,20,0.0,0.0,75.8,75.5,86.4,86.0,95.5,85.0,6.8,6.0,11,2.5,3
1.0,0.05,2.0,Florida,69.6,63,94,64.0,15.1,14.5,19,2.1,8.0,86.2,92.5,94.7,98.0,28.0,28.0,44.9,44.5,49,19.5,22
2.0,0.25,0.5,Pennsylvania,69.7,64,73,70.0,54.7,54.5,57,0.0,0.0,73.0,73.0,75.0,75.0,28.0,28.0,31.7,32.0,37,5.8,8
0.5,0.05,1.0,Florida,69.7,64,94,64.0,14.1,14.5,18,2.4,7.0,88.6,92.5,96.9,98.0,40.8,28.0,23.6,24.0,29,17.5,23
1.0,0.01,0.5,Minnesota,69.7,54,84,70.0,37.3,37.5,41,0.7,3.0,73.7,70.0,76.1,73.0,44.8,28.0,29.5,28.5,44,24.0,28
2.0,0.01,0.5,California,69.8,46,98,65.5,6.1,5.5,9,9.3,23.0,95.2,99.0,110.1,108.0,28.0,28.0,65.8,67.5,74,28.6,31
1.0,0.25,2.0,Vermont,70.0,64,75,70.0,9.0,9.0,11,0.4,1.0,75.1,75.0,83.9,82.0,28.0,28.0,13.7,14.0,16,5.0,7
0.5,0.01,1.0,Kentucky,70.0,66,88,66.0,17.4,17.5,24,0.0,0.0,89.3,80.0,115.4,108.5,184.3,171.5,7.2,7.0,12,5.4,9
0.5,0.01,0.5,South Dakota,70.1,53,80,74.0,27.3,27.5,31,0.1,1.0,80.5,86.0,84.6,90.0,88.8,97.0,6.4,6.5,9,1.8,6
0.5,0.25,2.0,Vermont,70.1,64,75,70.0,9.2,9.5,11,0.2,2.0,75.8,75.0,81.8,82.0,28.0,28.0,14.8,14.5,18,4.8,8
1.0,0.05,2.0,Georgia,70.1,59,110,64.0,50.1,50.0,54,0.0,0.0,92.1,90.5,108.9,108.5,64.3,28.0,8.6,9.0,11,5.8,8
2.0,0.05,1.0,Florida,70.2,63,98,64.0,15.6,16.5,23,2.3,6.0,88.8,92.5,97.4,98.0,28.0,28.0,47.6,47.5,53,19.6,24
2.0,0.01,1.0,Minnesota,70.2,60,82,71.0,44.1,45.5,48,0.3,2.0,75.7,73.0,78.4,75.5,46.3,28.0,40.2,39.5,48,23.8,31
2.0,0.01,2.0,Kentucky,70.3,43,104,66.0,30.5,30.0,36,0.1,1.0,83.0,72.0,95.6,88.0,71.4,28.0,16.3,17.5,19,11.6,18
0.5,0.01,2.0,Wisconsin,70.3,53,97,63.0,36.1,36.5,40,0.4,2.0,80.8,79.5,86.1,87.5,43.4,28.0,59.6,60.5,64,24.3,28
2.0,0.01,0.5,Nebraska,70.5,59,88,73.0,33.5,34.0,37,0.0,0.0,81.6,79.0,89.0,91.5,188.1,191.0,4.4,3.5,7,8.8,13
2.0,0.01,0.5,Wyoming,70.6,56,76,71.5,12.1,12.0,13,0.1,1.0,78.5,75.0,89.1,78.5,169.66666666666666,201.0,0.7777777777777778,1.0,2,0.8,1
1.0,0.01,0.5,Oregon,70.6,51,101,66.0,11.9,12.0,14,0.2,1.0,100.2,110.0,120.4,133.5,127.5,109.0,6.2,7.0,8,3.5,7
0.5,0.05,2.0,Georgia,70.7,59,99,63.0,42.1,42.5,45,0.1,1.0,92.4,96.5,105.8,103.5,46.7,28.0,7.9,8.0,12,3.4,5
2.0,0.01,0.5,Indiana,70.7,57,73,73.0,46.3,46.5,52,0.1,1.0,78.7,76.0,88.1,85.5,87.4,82.0,17.0,18.0,20,9.5,12
1.0,0.05,1.0,Georgia,70.8,59,113,59.0,44.4,45.5,46,0.0,0.0,90.7,91.0,108.0,109.0,59.1,28.0,8.1,7.5,12,4.5,6
2.0,0.25,1.0,Vermont,70.8,64,75,73.0,8.2,8.0,10,0.6,2.0,77.9,79.0,84.4,84.5,28.0,28.0,14.5,14.0,18,5.8,7
0.5,0.1,0.5,Pennsylvania,70.8,64,80,72.0,46.4,46.0,51,0.0,0.0,75.2,74.0,78.3,77.5,90.3,90.0,19.6,20.0,25,7.4,11
1.0,0.01,1.0,Wisconsin,70.8,53,97,66.5,34.7,35.0,40,0.6,4.0,82.1,85.0,87.4,89.0,40.8,28.0,61.2,62.5,68,25.9,30
0.5,0.05,0.5,North Dakota,70.9,57,75,74.0,6.4,6.0,9,0.0,0.0,78.9,75.0,82.5,76.0,136.125,97.5,2.3333333333333335,2.0,6,0.3,1
2.0,0.05,2.0,Arkansas,70.9,53,128,53.0,12.3,12.0,14,0.0,0.0,114.9,105.0,133.2,128.0,97.9,56.0,6.4,8.0,10,1.6,3
0.5,0.01,0.5,Kentucky,70.9,66,103,66.0,11.0,11.0,15,0.0,0.0,106.0,109.5,131.9,136.0,171.8,184.5,3.0,3.0,5,2.5,6
1.0,0.1,2.0,Pennsylvania,70.9,67,80,70.0,54.7,55.0,57,0.0,0.0,76.1,75.0,78.9,78.5,58.8,52.5,28.7,28.0,34,5.3,9
2.0,0.01,0.5,Michigan,70.9,53,100,63.5,36.3,35.5,44,0.2,1.0,87.3,90.5,94.9,98.5,76.1,87.5,14.4,14.0,19,15.5,21
2.0,0.1,2.0,Pennsylvania,71.0,67,77,73.0,54.3,54.5,57,0.0,0.0,76.7,75.0,80.2,80.0,55.7,28.0,27.8,27.5,35,5.9,8
1.0,0.01,1.0,Michigan,71.0,53,100,64.5,35.6,35.5,41,0.3,1.0,83.3,83.5,95.6,100.0,66.5,28.0,15.6,16.0,22,15.9,20
2.0,0.1,1.0,Pennsylvania,71.1,67,80,70.0,54.2,54.5,57,0.0,0.0,75.4,74.0,78.3,77.0,67.0,90.0,29.3,29.5,33,6.2,9
1.0,0.01,1.0,Illinois,71.2,51,95,74.0,39.7,39.5,44,0.1,1.0,82.4,83.0,92.1,95.0,140.3,141.0,8.6,8.0,13,4.2,7
0.5,0.25,1.0,Vermont,71.3,64,75,72.5,9.3,9.5,12,0.3,1.0,77.0,78.5,82.4,83.0,82.0,88.0,12.8,13.0,15,4.7,6
2.0,0.1,1.0,Vermont,71.3,64,75,75.0,8.3,8.0,9,0.9,2.0,83.9,83.0,93.3,90.0,34.0,28.0,13.1,12.5,15,5.7,7
1.0,0.01,2.0,Minnesota,71.4,58,96,68.0,46.1,45.5,52,0.0,0.0,73.9,69.0,75.4,70.0,51.7,48.0,38.8,37.5,48,23.5,29
1.0,0.25,1.0,Vermont,71.6,64,75,71.0,9.0,9.0,10,0.3,1.0,77.4,77.0,82.3,83.0,34.0,28.0,13.9,14.0,17,5.0,6
0.5,0.01,1.0,Indiana,71.6,66,73,73.0,36.2,35.5,41,0.0,0.0,79.3,74.0,90.7,94.5,60.4,82.0,14.8,15.0,20,6.6,10
0.5,0.1,1.0,Montana,71.7,50,81,81.0,8.3,8.5,9,0.7,2.0,107.2,107.5,128.5,133.0,175.3,148.5,1.5,1.0,3,1.3,3
1.0,0.25,0.5,Montana,71.7,50,81,81.0,9.6,10.0,10,0.2,2.0,86.8,82.0,117.7,133.0,144.6,108.0,0.8,0.5,3,2.4,3
2.0,0.1,2.0,Montana,71.7,50,81,81.0,12.5,12.0,14,0.3,1.0,107.8,107.5,129.4,133.0,166.7,156.0,1.7,2.0,2,3.3,6
0.5,0.01,2.0,California,71.7,46,95,70.0,4.9,4.5,7,12.5,22.0,98.1,103.5,116.4,111.0,28.0,28.0,69.6,68.5,75,29.7,31
1.0,0.05,1.0,Montana,72.0,50,84,81.0,9.3,10.0,11,0.1,1.0,107.2,107.5,139.9,133.0,111.0,87.0,2.6,3.0,5,1.5,3
0.5,0.01,1.0,Arizona,72.1,51,118,69.5,7.6,7.5,10,0.1,1.0,87.4,78.5,99.6,105.5,28.0,28.0,12.6,13.0,17,1.6,4
1.0,0.01,1.0,Oregon,72.1,51,119,66.0,13.8,14.0,15,0.0,0.0,97.9,96.0,114.1,117.5,142.1,151.5,6.3,6.0,9,4.5,6
1.0,0.01,0.5,Kentucky,72.3,43,146,66.0,19.4,19.5,22,0.0,0.0,90.8,72.0,109.5,102.5,148.2,178.5,9.4,9.0,14,7.1,12
0.5,0.05,0.5,Florida,72.4,64,94,64.0,14.9,15.0,18,1.5,4.0,93.7,94.0,98.1,99.0,43.6,28.0,18.1,18.0,21,14.6,20
1.0,0.01,1.0,Ohio,72.4,50,122,73.0,49.0,48.5,55,0.7,2.0,103.7,100.0,117.5,117.0,98.0,95.0,17.8,18.0,22,14.8,19
1.0,0.05,2.0,Arkansas,72.6,53,105,53.0,11.3,11.0,13,0.0,0.0,105.8,102.0,117.2,124.0,64.5,56.0,7.1,7.0,10,2.0,2
2.0,0.1,0.5,Vermont,72.6,64,75,75.0,8.5,8.5,11,0.9,3.0,86.7,84.5,94.4,95.5,64.0,88.0,11.7,11.5,14,5.5,8
2.0,0.05,0.5,Florida,72.6,63,94,64.0,16.1,15.0,21,2.2,7.0,91.7,94.0,96.2,99.0,28.0,28.0,42.3,41.5,50,18.2,23
0.5,0.05,2.0,North Dakota,72.7,57,75,74.0,14.6,15.0,16,0.0,0.0,77.2,75.0,85.5,78.0,121.6,115.0,4.6,5.0,6,1.8,2
1.0,0.05,1.0,Florida,72.7,64,94,64.0,15.3,16.0,21,2.5,5.0,92.1,94.0,97.9,98.0,28.0,28.0,34.1,31.5,44,19.1,23
1.0,0.05,2.0,Pennsylvania,72.9,67,80,73.0,52.3,53.0,54,0.0,0.0,79.1,78.5,82.9,81.5,72.7,95.0,25.9,26.0,30,6.6,8
0.5,0.25,1.0,Louisiana,73.0,73,73,73.0,3.6,3.5,5,0.0,0.0,159.2,202.0,233.0,251.0,,,0.0,0.0,0,0.0,0
1.0,0.25,0.5,Louisiana,73.0,73,73,73.0,3.9,4.0,5,0.0,0.0,127.2,96.0,207.3,202.0,,,0.0,0.0,0,0.0,0
1.0,0.25,2.0,Louisiana,73.0,73,73,73.0,4.6,5.0,6,0.0,0.0,137.8,96.0,232.8,202.0,,,0.0,0.0,0,0.0,0
0.5,0.25,2.0,Louisiana,73.0,73,73,73.0,3.6,3.5,5,0.0,0.0,170.0,202.0,238.3,253.0,,,0.0,0.0,0,0.0,0
0.5,0.25,0.5,Louisiana,73.0,73,73,73.0,1.9,2.0,3,0.0,0.0,94.57142857142857,94.0,96.0,96.0,,,0.0,0.0,0,0.0,0
1.0,0.25,1.0,Louisiana,73.0,73,73,73.0,3.6,3.5,5,0.0,0.0,159.4,202.0,231.0,251.0,,,0.0,0.0,0,0.0,0
2.0,0.25,2.0,Louisiana,73.0,73,73,73.0,5.0,5.0,6,0.0,0.0,148.8,149.0,248.9,228.5,,,0.0,0.0,0,0.0,0
2.0,0.25,0.5,Louisiana,73.0,73,73,73.0,3.8,4.0,5,0.0,0.0,148.4,149.0,228.1,226.5,,,0.0,0.0,0,0.0,0
0.5,0.1,1.0,Vermont,73.0,64,75,75.0,8.1,8.0,10,0.9,2.0,87.8,83.0,93.4,90.5,64.0,88.0,10.6,10.0,14,5.6,8
0.5,0.1,2.0,Vermont,73.0,64,75,75.0,8.0,8.0,10,0.9,4.0,87.3,83.0,96.2,95.5,55.6,28.0,10.8,11.0,13,6.0,7
1.0,0.1,1.0,Pennsylvania,73.0,67,80,73.0,51.9,51.5,54,0.0,0.0,77.4,76.0,80.4,80.0,68.6,91.0,29.3,28.5,36,6.3,8
2.0,0.01,0.5,North Dakota,73.2,57,75,75.0,12.7,12.5,17,0.0,0.0,89.2,95.0,172.8,192.5,108.4,100.0,4.5,5.0,6,0.4,1
1.0,0.1,1.0,Arkansas,73.2,53,105,53.0,11.2,11.0,13,0.0,0.0,107.7,102.0,114.2,105.0,92.2,56.0,7.2,7.5,12,2.0,3
0.5,0.01,2.0,Arizona,73.2,53,100,78.0,8.0,8.0,11,0.2,1.0,89.2,79.0,115.0,124.0,28.0,28.0,12.5,12.5,16,2.2,4
1.0,0.05,0.5,Georgia,73.2,59,108,61.5,37.2,37.0,40,0.2,1.0,97.6,98.5,105.5,108.0,47.4,28.0,6.5,7.5,10,3.2,5
2.0,0.05,2.0,Pennsylvania,73.2,67,84,73.0,53.1,53.5,57,0.0,0.0,78.6,80.0,82.8,83.0,86.9,99.0,23.9,23.5,30,6.3,10
0.5,0.01,0.5,Minnesota,73.2,54,84,73.0,36.7,37.0,43,0.3,2.0,78.8,79.0,81.9,84.0,40.3,28.0,26.2,26.5,34,20.4,25
0.5,0.05,2.0,Pennsylvania,73.3,67,80,74.0,50.6,51.0,53,0.0,0.0,80.6,80.0,84.4,84.0,92.2,96.5,26.6,26.5,30,6.8,10
0.5,0.01,2.0,Nebraska,73.3,59,88,73.0,28.1,29.0,31,0.1,1.0,86.5,88.0,90.4,93.0,163.5,167.5,3.1,3.0,5,7.2,12
2.0,0.01,1.0,Indiana,73.3,57,101,73.0,46.3,45.5,56,0.3,1.0,86.0,87.0,93.1,98.5,78.1,82.0,19.2,19.0,25,10.6,16
2.0,0.01,2.0,Arizona,73.4,50,100,78.0,8.9,9.5,10,0.4,1.0,98.3,95.5,116.0,124.0,28.0,28.0,13.9,13.5,22,1.9,5
2.0,0.05,1.0,Vermont,73.4,64,75,75.0,8.7,9.0,11,0.8,2.0,93.2,95.5,102.0,103.0,72.5,89.5,11.8,11.5,18,5.3,7
1.0,0.1,2.0,Vermont,73.4,64,75,75.0,8.7,9.0,10,0.6,3.0,85.1,83.0,95.2,94.0,47.6,28.0,11.7,12.0,14,5.3,8
0.5,0.01,1.0,Wyoming,73.5,69,76,75.0,8.4,8.5,11,0.2,1.0,82.2,78.5,117.9,104.0,202.0,202.0,0.2857142857142857,0.0,1,0.6,1
1.0,0.05,0.5,Vermont,73.5,64,75,75.0,8.6,8.0,11,0.5,2.0,89.1,88.0,93.7,92.0,82.2,88.0,10.6,9.5,17,5.1,8
2.0,0.1,2.0,Vermont,73.5,64,75,75.0,8.2,8.0,10,0.9,2.0,88.6,84.5,94.9,96.5,34.0,28.0,13.2,13.0,15,5.8,8
0.5,0.01,1.0,California,73.5,46,100,70.0,4.4,4.5,6,13.7,23.0,106.8,111.0,124.11111111111111,120.0,28.0,28.0,58.8,63.0,70,28.6,32
2.0,0.01,0.5,New York,73.5,64,92,71.5,9.9,9.5,13,0.6,5.0,88.4,84.5,96.9,90.5,28.0,28.0,182.8,183.0,200,37.7,41
2.0,0.01,1.0,Arizona,73.6,50,98,73.0,8.4,8.5,11,0.4,2.0,88.1,78.5,113.4,124.0,32.8,28.0,14.9,14.5,21,2.0,4
0.5,0.1,0.5,Vermont,73.6,70,75,75.0,8.0,8.0,10,0.6,2.0,81.4,82.0,93.4,93.5,92.9,88.0,10.2,11.0,12,5.5,7
2.0,0.05,0.5,Pennsylvania,73.7,67,86,74.0,51.9,52.0,55,0.0,0.0,79.2,80.0,83.3,83.0,69.1,85.0,27.2,27.0,30,7.3,12
2.0,0.01,2.0,Idaho,73.7,61,92,72.5,11.5,11.5,15,1.1,4.0,89.0,90.5,103.5,92.0,88.2,84.5,32.4,34.0,41,12.3,15
1.0,0.01,0.5,Idaho,73.8,50,116,69.0,10.5,10.5,15,1.5,5.0,90.4,87.0,114.6,111.5,70.2,73.5,22.6,22.5,28,10.8,17
ALL,ALL,ALL,Vermont,73.84166666666667,64,122,75.0,8.533333333333333,9.0,12,0.6305555555555555,4.0,90.83888888888889,86.0,102.75277777777778,103.0,66.77777777777777,88.0,11.75,12.0,20,5.169444444444444,8
0.5,0.05,1.0,Georgia,73.9,59,99,61.5,32.2,32.0,35,0.0,0.0,97.3,103.5,109.7,113.0,46.1,28.0,5.3,5.0,8,2.6,4
0.5,0.05,0.5,Vermont,73.9,64,75,75.0,7.6,8.0,9,0.9,3.0,94.0,92.5,103.4,103.0,96.4,88.0,8.8,9.5,13,5.5,7
1.0,0.1,0.5,Vermont,73.9,64,75,75.0,8.2,8.0,9,0.6,2.0,86.5,86.0,98.8,103.0,43.2,28.0,11.8,12.0,15,5.5,7
1.0,0.1,1.0,Vermont,73.9,64,75,75.0,7.8,7.5,10,1.3,4.0,92.1,94.0,99.7,103.0,28.0,28.0,12.7,12.5,15,6.2,8
0.5,0.05,1.0,Pennsylvania,74.1,67,80,75.0,47.0,47.0,53,0.0,0.0,79.0,80.0,82.3,83.0,99.9,95.5,25.8,26.0,31,6.2,8
1.0,0.01,0.5,Nebraska,74.1,59,88,75.5,23.3,23.5,26,0.0,0.0,84.3,82.0,90.1,91.5,152.7,143.0,3.7,3.0,6,7.9,10
0.5,0.1,2.0,Pennsylvania,74.1,67,80,74.0,50.8,50.5,53,0.0,0.0,78.6,80.0,81.9,83.0,72.7,90.0,29.9,29.0,36,8.2,10
0.5,0.01,1.0,Idaho,74.2,50,120,72.5,8.4,7.5,13,2.7,16.0,93.5,90.0,115.5,92.0,82.6,82.0,21.0,21.5,29,10.1,18
2.0,0.01,2.0,Wisconsin,74.3,53,94,75.0,35.4,35.5,40,0.3,2.0,85.9,87.5,89.8,92.5,59.3,44.5,54.1,55.0,60,26.4,30
0.5,0.05,2.0,Vermont,74.5,70,75,75.0,9.5,9.0,11,0.7,1.0,92.2,91.5,98.9,103.0,56.1,28.0,11.3,11.5,14,4.5,6
1.0,0.01,1.0,Missouri,74.6,54,102,69.0,37.2,38.0,42,0.0,0.0,90.8,83.0,99.5,99.0,112.9,102.0,5.2,5.0,10,3.9,7
1.0,0.01,0.5,Indiana,74.6,57,90,73.0,38.6,39.0,42,0.1,1.0,84.4,82.5,93.2,97.0,60.4,82.0,13.8,14.5,19,7.5,12
0.5,0.01,2.0,Wyoming,74.7,69,76,76.0,10.7,10.5,12,0.6,1.0,95.5,93.0,126.3,121.5,129.0,129.0,0.25,0.0,1,0.8,1
0.5,0.1,0.5,Montana,74.8,50,81,81.0,5.9,6.0,7,0.1,1.0,97.1,82.0,127.9,133.0,96.25,95.0,0.8333333333333334,1.0,2,0.4,1
2.0,0.05,1.0,Montana,74.8,50,81,81.0,10.3,10.0,12,0.2,1.0,115.7,133.0,145.1,134.5,129.9,103.0,2.7,3.0,5,2.0,4
0.5,0.25,1.0,Montana,74.8,50,81,81.0,9.4,9.0,11,0.2,2.0,86.9,82.0,122.8,133.0,108.71428571428571,87.0,1.4,1.0,5,2.2,3
2.0,0.1,1.0,Montana,74.8,50,81,81.0,11.5,12.0,13,0.0,0.0,92.0,82.0,128.2,133.0,211.2,297.0,1.6,1.0,4,2.6,4
0.5,0.05,0.5,Pennsylvania,74.9,67,86,74.0,44.3,44.5,47,0.0,0.0,81.9,81.0,84.7,84.0,98.1,94.0,16.6,17.0,20,6.5,9
0.5,0.01,1.0,North Dakota,75.0,75,75,75.0,5.1,5.0,8,0.0,0.0,91.0,95.0,158.1,151.0,98.8,100.0,3.4,3.0,7,0.0,0
0.5,0.01,2.0,North Dakota,75.0,75,75,75.0,8.8,9.0,11,0.0,0.0,87.4,95.0,213.5,219.5,96.0,95.0,3.8,4.0,6,0.1,1
0.5,0.1,0.5,Virginia,75.0,75,75,75.0,15.5,15.5,18,0.0,0.0,76.0,76.0,90.8,95.0,86.0,86.0,8.1,8.0,12,3.8,7
2.0,0.01,0.5,Vermont,75.0,75,75,75.0,9.6,9.0,12,0.4,2.0,104.0,103.0,112.9,104.0,101.5,109.0,11.3,10.5,20,3.9,5
0.5,0.05,1.0,Virginia,75.0,75,75,75.0,21.7,21.5,26,0.4,1.0,86.8,84.5,112.6,107.0,116.3,115.5,8.2,8.5,11,4.6,7
0.5,0.01,1.0,Vermont,75.0,75,75,75.0,8.7,8.0,11,0.4,2.0,107.7,103.0,137.7,131.0,113.9,109.0,8.6,9.0,11,4.6,6
0.5,0.01,2.0,Vermont,75.0,75,75,75.0,8.3,8.0,10,0.5,2.0,103.0,103.0,124.4,120.0,88.0,100.5,10.7,10.0,15,4.9,8
2.0,0.05,2.0,Vermont,75.0,75,75,75.0,8.7,9.0,10,0.6,1.0,90.7,89.5,100.4,103.0,62.7,58.0,11.9,11.5,17,5.3,7
1.0,0.05,1.0,Vermont,75.0,75,75,75.0,8.5,8.0,10,1.4,4.0,98.1,103.0,104.0,103.0,54.4,28.0,10.7,10.0,16,5.5,6
2.0,0.05,0.5,Vermont,75.0,75,75,75.0,8.4,8.5,9,1.0,3.0,95.3,103.0,102.7,103.0,79.5,88.0,11.0,11.0,15,5.6,7
1.0,0.05,2.0,Vermont,75.0,75,75,75.0,8.3,8.0,11,0.8,2.0,98.8,103.0,103.8,103.0,49.1,28.0,11.7,12.0,16,5.7,7
1.0,0.05,1.0,Virginia,75.0,75,75,75.0,31.0,30.5,36,0.4,1.0,89.0,76.0,107.8,101.0,66.9,28.0,11.8,10.5,20,6.0,8
0.5,0.05,1.0,Vermont,75.0,75,75,75.0,7.4,7.5,9,1.0,3.0,95.7,100.0,105.4,103.0,80.8,88.0,9.7,10.0,16,6.1,8
2.0,0.05,1.0,Virginia,75.0,75,75,75.0,35.3,35.0,41,0.5,1.0,87.5,86.5,100.8,96.5,44.3,28.0,10.2,10.0,13,6.2,8
1.0,0.05,0.5,Virginia,75.0,75,75,75.0,26.1,26.0,33,0.1,1.0,83.4,77.5,99.0,97.0,102.9,93.0,8.5,8.5,14,6.5,11
0.5,0.1,1.0,Virginia,75.0,75,75,75.0,24.7,25.0,29,0.1,1.0,78.1,76.0,88.3,88.0,88.6,86.0,13.4,12.5,17,6.5,10
0.5,0.25,0.5,Virginia,75.0,75,75,75.0,16.4,17.0,20,0.0,0.0,76.0,76.0,85.9,81.0,86.0,86.0,13.6,13.5,22,7.1,10
2.0,0.05,2.0,Virginia,75.0,75,75,75.0,34.7,34.0,39,0.0,0.0,79.3,76.0,100.3,96.0,56.1,28.0,12.0,13.0,16,7.1,10
1.0,0.1,2.0,Virginia,75.0,75,75,75.0,35.6,36.0,37,0.2,1.0,79.6,76.0,91.0,96.0,39.6,28.0,12.4,12.5,18,7.3,12
0.5,0.1,2.0,Virginia,75.0,75,75,75.0,32.6,33.0,35,0.2,1.0,81.0,76.0,94.3,97.0,33.8,28.0,15.4,15.5,19,7.4,14
1.0,0.1,1.0,Virginia,75.0,75,75,75.0,32.8,32.0,36,0.1,1.0,77.6,76.0,95.9,97.0,28.0,28.0,13.6,14.0,19,7.6,9
1.0,0.1,0.5,Virginia,75.0,75,75,75.0,27.5,27.5,31,0.2,1.0,79.5,76.0,93.2,97.0,91.0,86.0,11.7,11.5,15,7.9,10
2.0,0.1,1.0,Virginia,75.0,75,75,75.0,36.0,36.0,39,0.1,1.0,77.6,76.0,91.1,96.0,33.8,28.0,14.2,13.5,21,8.4,13
2.0,0.1,0.5,Virginia,75.0,75,75,75.0,34.5,34.5,39,0.1,1.0,77.6,76.0,91.0,93.0,33.8,28.0,15.8,16.5,22,8.4,12
0.5,0.25,1.0,Virginia,75.0,75,75,75.0,27.2,27.5,30,0.0,0.0,76.0,76.0,83.8,80.0,86.0,86.0,16.6,17.5,19,8.9,11
2.0,0.1,2.0,Virginia,75.0,75,75,75.0,35.5,36.5,38,0.0,0.0,76.5,76.0,91.8,95.5,33.8,28.0,16.6,17.0,22,9.1,12
2.0,0.25,1.0,Virginia,75.0,75,75,75.0,35.8,36.0,39,0.0,0.0,76.0,76.0,83.3,78.5,39.6,28.0,22.7,24.0,26,10.8,13
1.0,0.25,2.0,Virginia,75.0,75,75,75.0,35.3,36.0,39,0.0,0.0,76.0,76.0,87.1,87.0,39.6,28.0,22.8,21.5,30,11.1,15
0.5,0.25,2.0,Virginia,75.0,75,75,75.0,33.6,33.5,39,0.0,0.0,76.0,76.0,84.4,81.0,28.0,28.0,23.1,22.5,29,11.1,15
1.0,0.25,1.0,Virginia,75.0,75,75,75.0,33.4,33.0,38,0.0,0.0,76.0,76.0,88.5,93.0,28.0,28.0,22.6,21.5,29,11.1,14
2.0,0.25,2.0,Virginia,75.0,75,75,75.0,35.4,35.5,39,0.0,0.0,76.0,76.0,83.5,78.5,39.6,28.0,23.4,23.0,29,11.7,14
2.0,0.25,0.5,Virginia,75.0,75,75,75.0,33.8,33.5,37,0.0,0.0,76.0,76.0,85.8,80.5,33.8,28.0,21.5,22.5,31,11.7,13
1.0,0.25,0.5,Virginia,75.0,75,75,75.0,29.8,30.0,34,0.0,0.0,76.0,76.0,84.1,80.0,86.0,86.0,19.7,21.0,24,11.9,15
1.0,0.05,0.5,Pennsylvania,75.1,65,84,73.0,47.7,48.0,52,0.0,0.0,79.8,80.0,83.3,84.0,84.9,96.0,24.9,24.5,29,6.4,10
0.5,0.05,2.0,Virginia,75.1,75,76,75.0,30.4,30.5,33,0.3,1.0,90.5,85.0,103.7,98.5,28.0,28.0,12.2,12.5,15,6.6,11
0.5,0.05,0.5,Georgia,75.2,59,99,68.0,18.9,19.5,23,0.1,1.0,94.6,99.0,109.9,120.5,91.8,80.5,3.0,3.0,5,2.1,5
0.5,0.01,0.5,Indiana,75.2,73,90,73.0,28.0,28.0,33,0.1,1.0,88.8,87.0,102.2,102.5,90.2,82.0,11.4,11.5,14,5.3,8
1.0,0.05,1.0,Pennsylvania,75.2,67,84,74.0,51.0,51.5,55,0.0,0.0,80.1,80.0,84.0,84.0,83.6,91.0,26.1,26.0,34,7.0,11
2.0,0.01,1.0,Idaho,75.2,50,100,75.0,12.1,13.0,15,0.7,3.0,87.8,88.0,95.5,92.0,80.3,81.5,32.6,33.5,42,12.4,17
2.0,0.01,1.0,Illinois,75.3,51,103,81.0,44.6,45.0,48,0.0,0.0,87.9,84.0,97.7,95.0,123.5,137.0,11.2,10.5,18,6.3,9
2.0,0.01,2.0,Nebraska,75.3,59,88,78.0,35.6,35.0,40,0.0,0.0,85.2,83.5,92.2,94.0,166.8,148.5,6.4,6.0,9,11.2,13
1.0,0.01,2.0,Nebraska,75.4,59,88,73.0,32.3,33.0,36,0.0,0.0,84.9,83.5,90.6,94.0,186.0,192.0,3.8,4.0,6,9.1,12
2.0,0.01,0.5,Ohio,75.4,50,119,61.5,49.0,48.0,57,0.2,1.0,105.0,103.5,109.2,106.5,93.3,74.0,18.6,19.0,26,15.0,18
2.0,0.01,2.0,Wyoming,75.5,69,122,69.0,11.7,11.5,13,0.0,0.0,83.8,76.0,107.9,98.5,304.1666666666667,258.5,1.0,1.0,2,0.6,2
2.0,0.01,1.0,Nebraska,75.6,59,102,75.5,34.3,34.0,40,0.1,1.0,87.1,87.0,91.8,95.0,165.0,151.5,4.4,4.0,8,9.4,13
1.0,0.01,2.0,Indiana,75.8,73,90,73.0,46.6,46.0,52,0.1,1.0,86.6,82.5,97.1,99.0,74.3,82.0,20.4,20.0,25,10.6,15
1.0,0.01,0.5,Illinois,75.9,57,113,74.5,34.5,33.5,40,0.0,0.0,88.0,85.5,95.7,99.0,132.1,139.0,9.1,9.0,14,4.3,6
1.0,0.01,2.0,Oregon,75.9,51,101,66.0,13.5,14.0,16,0.0,0.0,107.2,106.5,130.6,133.5,129.3,129.0,8.4,9.0,11,5.8,8
2.0,0.05,1.0,Georgia,76.0,59,99,73.5,51.0,51.0,56,0.2,1.0,93.1,98.5,107.3,108.0,39.3,28.0,8.9,9.0,14,6.6,11
0.5,0.25,1.0,Maryland,76.1,73,90,75.0,11.7,12.0,13,0.0,0.0,91.1,90.0,101.0,100.0,78.2,77.0,7.2,7.0,11,0.8,2
2.0,0.25,1.0,Louisiana,76.2,73,105,73.0,4.6,5.0,6,0.0,0.0,127.8,96.0,217.9,202.0,,,0.0,0.0,0,0.0,0
2.0,0.1,2.0,Louisiana,76.2,73,105,73.0,3.9,4.0,5,0.0,0.0,180.6,202.0,292.75,255.0,,,0.0,0.0,0,0.0,0
0.5,0.01,2.0,Missouri,76.2,54,102,83.0,34.5,34.0,41,0.0,0.0,87.6,88.5,97.8,99.0,75.6,28.0,5.3,5.0,9,3.6,5
ALL,ALL,ALL,Florida,76.33055555555555,63,138,64.0,14.041666666666666,14.0,23,1.9388888888888889,8.0,91.43055555555556,91.0,100.50277777777778,96.0,37.333333333333336,28.0,32.291666666666664,32.0,56,19.02777777777778,25
ALL,ALL,ALL,Pennsylvania,76.33611111111111,64,136,73.0,49.06111111111111,51.0,59,0.002777777777777778,1.0,83.18888888888888,77.0,87.38333333333334,80.0,86.69722222222222,90.0,25.458333333333332,26.0,42,6.622222222222222,13
2.0,0.05,1.0,Pennsylvania,76.4,67,84,80.0,51.6,51.5,56,0.0,0.0,81.3,82.0,84.4,85.0,91.1,102.0,25.9,25.0,34,7.3,10
2.0,0.1,2.0,Arkansas,76.6,53,105,76.0,13.0,13.0,14,0.0,0.0,104.5,105.0,114.9,114.5,95.0,95.0,7.5,7.0,12,2.4,3
0.5,0.05,0.5,Virginia,76.8,75,92,75.0,14.8,15.0,16,0.3,1.0,88.4,92.0,102.8,97.0,119.1,119.0,6.4,7.0,10,2.1,4
1.0,0.01,2.0,Wyoming,76.9,69,122,71.5,12.4,12.5,14,0.2,1.0,96.7,76.0,136.3,133.0,159.0,160.0,1.0,1.0,2,0.7,1
1.0,0.01,0.5,North Dakota,77.0,75,95,75.0,5.0,4.5,9,0.0,0.0,110.6,95.0,213.44444444444446,216.0,104.6,100.0,2.6,2.5,4,0.1,1
1.0,0.01,2.0,North Dakota,77.0,75,95,75.0,12.7,12.0,16,0.0,0.0,105.2,95.0,220.2,223.0,86.7,100.0,6.8,6.5,10,0.6,2
2.0,0.01,2.0,North Dakota,77.0,75,95,75.0,11.8,11.0,15,0.0,0.0,99.3,95.0,207.5,222.5,134.7,110.0,5.9,6.5,9,1.8,3
2.0,0.01,0.5,Washington,77.0,53,114,72.5,8.3,8.5,11,2.9,15.0,117.5,97.5,137.4,103.5,76.6,85.5,16.0,16.0,21,14.2,17
0.5,0.01,1.0,Nebraska,77.1,59,88,79.0,21.5,21.5,26,0.0,0.0,86.3,87.0,91.8,95.0,192.9,195.5,1.8,2.0,3,6.5,9
2.0,0.01,1.0,California,77.1,47,104,77.0,5.9,6.0,9,11.7,21.0,104.3,108.0,121.7,116.0,28.0,28.0,64.6,63.5,75,29.2,33
0.5,0.05,2.0,Arkansas,77.2,53,105,76.0,9.5,9.5,12,0.0,0.0,108.6,105.0,129.9,128.0,94.8,56.0,5.7,6.0,8,0.4,2
1.0,0.01,1.0,North Dakota,77.3,75,95,75.0,9.8,9.5,13,0.0,0.0,90.3,95.0,206.7,216.0,102.6,110.0,3.1,2.0,6,0.5,1
1.0,0.01,2.0,Arizona,77.7,54,100,78.0,8.5,9.0,10,0.4,2.0,93.0,79.0,126.2,128.0,28.0,28.0,14.4,14.5,17,2.0,4
2.0,0.01,2.0,Illinois,77.7,61,95,82.0,44.3,44.0,47,0.0,0.0,92.0,86.0,96.7,96.5,147.6,140.0,9.3,10.0,14,5.7,9
0.5,0.05,0.5,Arkansas,77.8,53,105,76.0,5.1,5.0,7,0.0,0.0,107.2,105.0,129.3,122.0,77.22222222222223,56.0,4.0,3.0,7,0.4,1
1.0,0.01,1.0,Wyoming,77.8,56,144,71.5,11.9,12.0,14,0.1,1.0,92.7,79.5,115.7,126.0,190.625,201.0,0.8888888888888888,1.0,1,0.5,1
1.0,0.01,2.0,Vermont,77.8,75,103,75.0,7.9,7.5,10,0.5,2.0,104.9,103.0,141.2,128.5,99.7,109.0,11.6,12.5,15,5.6,8
0.5,0.05,2.0,Montana,77.9,50,81,81.0,8.2,8.5,11,0.5,2.0,122.7,133.0,137.3,136.0,122.88888888888889,103.0,2.2222222222222223,2.0,3,1.0,3
0.5,0.05,1.0,Montana,77.9,50,81,81.0,7.3,7.0,9,0.2,1.0,102.3,82.0,131.5,133.0,130.88888888888889,148.0,1.8,2.0,4,1.1,2
2.0,0.05,0.5,Montana,77.9,50,81,81.0,11.0,11.0,13,0.4,1.0,128.1,133.0,145.1,134.5,84.125,95.0,2.6666666666666665,2.0,5,1.1,2
1.0,0.05,0.5,Montana,77.9,50,81,81.0,7.3,7.0,9,0.4,1.0,133.0,133.0,143.0,134.5,183.5,125.5,1.8,1.5,3,1.2,2
1.0,0.1,0.5,Montana,77.9,50,81,81.0,8.2,8.5,10,0.1,1.0,97.2,82.0,136.6,133.0,199.71428571428572,156.0,0.8,1.0,2,1.5,3
2.0,0.25,0.5,Maryland,78.0,75,90,75.0,13.1,13.0,14,0.0,0.0,92.2,90.0,99.8,97.0,82.4,77.0,7.8,7.5,11,0.3,1
0.5,0.01,2.0,New York,78.2,64,95,79.0,7.2,7.0,11,4.5,27.0,100.6,99.0,122.2,113.0,28.0,28.0,183.3,184.0,198,40.1,44
2.0,0.05,0.5,Virginia,78.4,75,92,75.0,33.4,32.5,39,0.2,1.0,85.7,86.5,96.6,97.0,78.6,71.5,11.3,10.0,17,5.6,10
1.0,0.01,2.0,California,78.4,47,98,73.0,6.8,6.5,9,8.4,20.0,98.7,98.0,108.1,111.0,28.0,28.0,62.0,63.0,71,28.1,30
0.5,0.01,1.0,Ohio,78.5,50,121,73.0,43.1,43.5,47,0.3,1.0,107.4,97.0,124.5,129.5,81.9,74.0,13.3,12.5,19,10.8,14
2.0,0.05,2.0,Georgia,78.6,59,113,61.5,54.8,55.5,58,0.0,0.0,94.2,99.0,104.7,109.0,59.6,28.0,9.8,9.5,13,5.7,9
2.0,0.01,2.0,Michigan,78.6,53,100,84.5,37.7,37.0,42,0.4,2.0,99.5,100.0,105.7,106.0,118.5,116.0,16.8,16.5,25,14.5,19
1.0,0.25,1.0,Maryland,78.7,73,90,75.0,13.3,13.5,14,0.0,0.0,92.8,90.0,102.3,102.0,81.8,77.5,8.4,7.5,13,0.1,1
2.0,0.1,0.5,Maryland,78.7,73,90,75.0,11.8,12.0,13,0.0,0.0,98.6,106.0,108.6,111.5,90.9,81.0,7.9,6.5,13,0.4,3
1.0,0.25,0.5,Maryland,78.7,73,90,75.0,12.7,13.0,14,0.0,0.0,91.6,90.0,99.4,98.0,85.6,79.0,6.3,6.0,10,0.5,1
0.5,0.25,2.0,Maryland,78.7,73,90,75.0,12.6,13.0,13,0.0,0.0,91.0,90.0,102.5,102.0,72.8,77.0,10.0,9.0,17,0.6,1
0.5,0.01,0.5,Nebraska,78.7,59,96,78.5,15.9,15.5,19,0.0,0.0,88.1,85.0,92.4,92.0,137.8,125.0,0.8,0.5,2,6.0,9
1.0,0.01,1.0,Nevada,78.8,63,122,70.0,4.0,4.0,5,0.0,0.0,107.3,96.0,152.6,141.0,94.0,95.0,1.3333333333333333,1.0,2,0.0,0
2.0,0.01,2.0,Vermont,78.9,75,114,75.0,9.3,9.5,12,0.3,2.0,106.5,103.0,126.9,130.0,120.9,126.0,10.0,9.5,15,4.3,7
0.5,0.25,1.0,Alabama,79.0,79,79,79.0,12.2,12.0,13,0.0,0.0,84.0,84.0,100.0,100.0,185.0,185.0,1.0,1.0,1,0.0,0
1.0,0.25,0.5,Alabama,79.0,79,79,79.0,12.6,13.0,13,0.0,0.0,84.0,84.0,100.0,100.0,182.75,182.0,1.5,1.5,2,0.0,0
1.0,0.25,2.0,Alabama,79.0,79,79,79.0,17.2,17.0,18,0.0,0.0,84.0,84.0,100.0,100.0,183.2,182.0,1.8,2.0,3,0.0,0
2.0,0.25,1.0,Alabama,79.0,79,79,79.0,18.2,18.0,20,0.0,0.0,84.0,84.0,100.0,100.0,183.2,182.0,1.8,2.0,2,0.0,0
0.5,0.25,2.0,Alabama,79.0,79,79,79.0,13.6,14.0,15,0.0,0.0,84.0,84.0,100.0,100.0,192.0,182.0,1.7,2.0,3,0.0,0
0.5,0.25,0.5,Alabama,79.0,79,79,79.0,6.0,6.0,6,0.0,0.0,84.0,84.0,100.0,100.0,,,0.0,0.0,0,0.0,0
1.0,0.25,1.0,Alabama,79.0,79,79,79.0,14.1,14.0,15,0.0,0.0,84.0,84.0,100.0,100.0,183.2,182.0,1.8,2.0,3,0.0,0
2.0,0.25,2.0,Alabama,79.0,79,79,79.0,18.2,18.0,19,0.0,0.0,84.0,84.0,100.0,100.0,183.8,185.0,1.6,1.5,3,0.0,0
2.0,0.25,0.5,Alabama,79.0,79,79,79.0,14.5,14.0,16,0.0,0.0,84.0,84.0,100.0,100.0,182.9,182.0,1.7,2.0,2,0.0,0
0.5,0.01,0.5,North Dakota,79.0,75,95,75.0,2.6,3.0,4,0.0,0.0,97.0,95.0,242.5,270.0,103.33333333333333,100.0,2.111111111111111,2.0,6,0.0,0
0.5,0.1,0.5,Alabama,79.0,79,79,79.0,6.1,6.0,7,0.0,0.0,84.0,84.0,100.0,100.0,185.0,185.0,1.0,1.0,1,0.0,0
0.5,0.01,1.0,Illinois,79.1,62,82,82.0,30.9,32.0,37,0.0,0.0,93.6,90.5,103.1,106.5,161.6,171.5,5.4,5.0,8,3.0,4
1.0,0.01,1.0,Tennessee,79.1,43,107,83.0,27.3,28.5,30,0.0,0.0,109.6,107.0,127.0,126.0,135.1,129.0,8.7,8.5,12,3.6,5
1.0,0.05,2.0,Virginia,79.2,75,96,75.0,35.2,35.5,38,0.4,1.0,91.3,92.0,103.0,96.0,36.9,28.0,11.2,12.0,15,5.4,7
1.0,0.01,0.5,California,79.2,46,112,88.0,4.8,5.0,7,11.1,22.0,103.9,111.0,124.8,116.0,28.0,28.0,63.7,65.0,74,28.4,32
1.0,0.01,0.5,Arizona,79.3,50,107,78.5,7.4,7.0,10,0.2,1.0,95.0,84.0,111.5,128.0,28.0,28.0,13.1,12.0,22,1.3,3
1.0,0.01,1.0,Utah,79.3,54,104,91.0,11.0,10.5,13,0.0,0.0,95.3,100.5,108.8,110.5,143.0,156.0,3.7,4.0,5,2.4,3
1.0,0.01,1.0,Vermont,79.3,75,103,75.0,9.2,9.0,11,0.7,4.0,111.8,103.0,126.9,130.0,98.4,109.0,11.2,11.5,14,4.3,5
2.0,0.01,1.0,Vermont,79.6,75,121,75.0,10.0,10.0,12,0.1,1.0,104.5,103.0,124.5,123.5,103.7,109.0,11.5,13.0,15,3.5,5
1.0,0.01,0.5,Vermont,79.7,75,122,75.0,8.1,8.0,10,0.3,1.0,106.3,103.0,142.6,142.0,100.2,109.0,10.3,10.5,13,5.1,7
1.0,0.01,2.0,Idaho,79.7,62,116,75.0,11.9,12.0,14,0.6,2.0,90.9,87.0,100.3,91.5,79.9,85.0,31.4,32.5,41,12.0,14
0.5,0.01,0.5,Wyoming,79.9,69,117,75.0,6.8,7.0,9,0.2,1.0,94.4,79.5,120.8,124.0,180.0,180.0,0.16666666666666666,0.0,1,0.6,1
2.0,0.01,1.0,Oregon,79.9,51,133,66.0,13.0,12.5,16,0.0,0.0,103.8,110.0,122.9,133.5,134.6,139.0,7.8,7.5,11,6.0,9
1.0,0.1,0.5,Alabama,80.0,79,84,79.0,12.4,13.0,13,0.0,0.0,87.2,84.0,102.6,100.0,183.0,182.0,1.5555555555555556,2.0,2,0.0,0
2.0,0.1,2.0,Alabama,80.0,79,84,79.0,18.0,18.0,20,0.0,0.0,87.2,84.0,103.9,100.0,182.3,182.0,2.4,2.0,3,0.0,0
2.0,0.1,0.5,Alabama,80.0,79,84,79.0,13.7,14.0,14,0.0,0.0,87.2,84.0,103.9,100.0,183.5,183.5,2.1,2.0,3,0.0,0
1.0,0.01,0.5,Michigan,80.1,53,100,83.5,33.1,33.5,38,0.1,1.0,88.1,96.0,96.3,100.0,93.4,106.0,12.7,12.5,16,12.6,18
1.0,0.01,1.0,Washington,80.2,66,123,75.5,8.9,8.5,12,0.4,2.0,92.6,85.5,117.3,104.0,90.0,86.0,15.7,15.0,22,12.9,16
1.0,0.01,2.0,Illinois,80.3,51,104,82.0,44.8,45.0,48,0.0,0.0,92.1,90.5,102.9,109.5,136.4,140.0,9.7,8.5,14,5.2,8
2.0,0.1,1.0,Alabama,80.5,79,84,79.0,17.7,18.0,19,0.0,0.0,88.8,84.0,103.9,100.0,183.8,185.0,2.0,2.0,3,0.0,0
0.5,0.1,1.0,Alabama,80.5,79,84,79.0,12.1,12.0,13,0.0,0.0,88.8,84.0,103.9,100.0,185.0,185.0,1.0,1.0,1,0.0,0
1.0,0.1,2.0,Alabama,80.5,79,84,79.0,16.2,16.0,17,0.0,0.0,88.8,84.0,107.8,113.0,183.8,185.0,1.7,2.0,3,0.0,0
0.5,0.1,2.0,Alabama,80.5,79,84,79.0,12.7,13.0,14,0.0,0.0,88.8,84.0,104.8,100.0,182.6,182.0,2.4,2.5,3,0.0,0
1.0,0.1,1.0,Alabama,80.5,79,84,79.0,13.2,13.5,14,0.0,0.0,88.8,84.0,104.8,100.0,182.6,182.0,2.5,3.0,3,0.0,0
0.5,0.01,0.5,Illinois,80.5,51,119,82.0,26.3,26.0,30,0.0,0.0,95.8,92.0,103.3,102.5,125.4,137.0,5.0,5.5,8,1.6,3
ALL,ALL,ALL,Georgia,80.53333333333333,59,154,59.0,39.08611111111111,41.5,61,0.044444444444444446,2.0,94.47222222222223,80.5,106.71666666666667,99.0,77.73521126760564,28.0,7.633053221288516,8.0,16,5.211111111111111,13
2.0,0.01,1.0,Wyoming,80.6,69,119,75.0,12.5,13.0,14,0.2,1.0,98.7,79.5,129.6,129.0,170.6,201.0,0.7777777777777778,1.0,2,0.6,1
0.5,0.01,0.5,Vermont,80.6,75,103,75.0,6.5,6.0,10,0.3,1.0,106.5,103.0,138.0,124.5,108.7,109.0,10.2,9.5,17,4.3,7
2.0,0.01,1.0,North Dakota,80.7,75,132,75.0,12.2,13.0,15,0.0,0.0,104.1,95.0,195.8,190.5,114.1,100.0,7.1,7.0,10,1.6,3
2.0,0.01,0.5,Missouri,80.8,54,102,83.0,40.3,39.5,45,0.0,0.0,94.2,102.0,103.6,105.0,74.3,28.0,4.9,5.0,7,4.7,8
2.0,0.01,1.0,Missouri,80.8,60,102,83.0,46.7,47.0,51,0.0,0.0,92.2,99.0,97.8,103.0,176.8,167.5,6.7,6.0,12,6.4,11
1.0,0.01,2.0,Wisconsin,80.8,58,97,83.5,37.9,36.0,44,0.3,2.0,86.6,86.0,90.2,91.0,58.1,28.0,58.9,58.0,71,24.4,30
1.0,0.25,1.0,Massachusetts,80.9,78,92,78.0,9.3,9.0,10,0.0,0.0,88.2,92.0,97.2,98.0,226.0,226.0,1.0,1.0,1,0.0,0
0.5,0.01,0.5,Arizona,80.9,50,104,85.5,6.4,6.0,9,0.6,2.0,102.4,112.5,118.8,130.5,28.0,28.0,11.8,11.0,15,1.9,3
0.5,0.05,0.5,Montana,81.0,81,81,81.0,5.8,5.5,8,0.3,2.0,127.9,133.0,138.8,133.0,99.85714285714286,103.0,1.4285714285714286,1.0,3,0.4,2
1.0,0.05,2.0,Montana,81.0,81,81,81.0,10.4,10.5,12,0.5,1.0,131.2,133.0,145.4,136.0,127.77777777777777,148.0,2.4,2.5,5,1.7,3
0.5,0.01,0.5,Oregon,81.0,51,133,75.5,8.2,8.0,11,0.0,0.0,113.6,126.0,132.8,134.0,140.7,147.0,5.1,4.5,8,2.3,3
2.0,0.05,1.0,Arkansas,81.2,53,105,99.0,11.5,11.5,13,0.0,0.0,111.6,105.0,127.8,126.0,113.7,134.0,6.2,4.5,12,1.5,3
2.0,0.05,0.5,Georgia,81.2,59,132,73.5,48.1,49.0,50,0.2,2.0,101.0,103.5,113.3,115.5,51.9,28.0,7.2,7.5,11,5.4,8
0.5,0.01,2.0,Ohio,81.2,50,124,78.0,46.1,45.5,49,0.4,3.0,103.2,97.0,111.5,110.0,94.8,106.0,17.1,17.0,20,13.9,19
2.0,0.01,1.0,Wisconsin,81.2,53,95,83.5,38.4,38.5,43,0.0,0.0,88.6,94.0,93.8,96.5,53.0,28.0,54.5,51.5,66,22.6,28
1.0,0.25,2.0,Maryland,81.3,73,98,75.0,13.2,13.5,14,0.0,0.0,95.7,92.5,103.0,102.0,92.5,81.0,8.0,7.5,11,0.2,1
1.0,0.01,0.5,Wyoming,81.3,69,149,75.0,8.5,8.5,10,0.3,1.0,97.0,78.5,124.6,115.0,171.0,171.0,0.2857142857142857,0.0,1,0.7,1
2.0,0.05,2.0,Montana,81.3,81,84,81.0,11.3,11.0,13,0.4,2.0,128.2,133.0,142.3,136.0,174.5,222.5,2.4,2.0,4,3.4,5
0.5,0.01,0.5,Idaho,81.3,50,116,80.5,7.9,7.5,12,1.4,5.0,100.3,110.0,118.6,122.5,90.1,100.0,16.0,15.0,25,9.2,12
0.5,0.01,1.0,Michigan,81.3,53,100,85.5,33.9,34.5,37,0.3,2.0,94.2,100.0,101.7,104.5,114.6,119.0,11.9,12.5,18,10.0,17
2.0,0.01,2.0,California,81.4,46,98,88.5,6.2,6.0,8,6.5,22.0,92.7,96.5,118.6,111.0,28.0,28.0,57.9,60.0,71,29.2,32
1.0,0.05,1.0,Alabama,81.5,79,84,81.5,11.9,12.5,13,0.0,0.0,96.5,100.0,120.1,117.5,183.8,185.0,2.1,2.0,3,0.0,0
2.0,0.01,0.5,Tennessee,81.6,43,129,97.0,29.1,28.5,34,0.0,0.0,116.2,121.0,133.2,129.0,118.6,28.0,12.0,12.0,18,5.1,7
1.0,0.05,0.5,Arkansas,81.8,53,105,99.0,6.9,7.0,9,0.0,0.0,111.8,105.0,121.8,124.0,97.2,95.0,5.4,5.5,8,1.6,2
1.0,0.05,1.0,Arkansas,81.8,53,105,99.0,9.4,9.5,11,0.0,0.0,108.0,105.0,121.4,124.0,107.0,134.0,5.2,4.5,11,1.7,3
1.0,0.01,2.0,Michigan,81.9,53,100,84.5,39.3,39.0,49,0.5,1.0,94.3,98.5,100.9,100.0,74.9,88.0,17.8,19.0,21,13.6,16
1.0,0.05,0.5,Alabama,82.0,79,84,84.0,10.5,11.0,12,0.0,0.0,97.5,100.0,125.1,117.5,182.9,182.0,1.7,2.0,3,0.0,0
2.0,0.05,1.0,Alabama,82.0,79,84,84.0,16.3,16.0,17,0.0,0.0,94.9,100.0,111.8,113.0,183.66666666666666,185.0,2.111111111111111,2.0,3,0.0,0
2.0,0.05,0.5,Alabama,82.0,79,84,84.0,13.5,13.5,15,0.0,0.0,97.5,100.0,115.7,113.0,183.5,183.5,2.1,2.0,3,0.0,0
0.5,0.25,2.0,Connecticut,82.0,82,82,82.0,6.7,7.0,7,0.0,0.0,103.8,98.0,124.5,120.0,133.4,106.0,4.4,4.0,6,0.3,1
0.5,0.1,0.5,Louisiana,82.14285714285714,73,105,73.0,1.4285714285714286,1.0,2,0.0,0.0,202.0,202.0,,,,,0.0,0.0,0,0.0,0
0.5,0.25,2.0,Massachusetts,82.3,78,92,78.0,8.9,9.0,9,0.0,0.0,92.6,92.0,99.5,99.0,226.0,226.0,1.0,1.0,1,0.0,0
0.5,0.01,2.0,Michigan,82.3,53,100,80.0,39.1,40.5,45,0.2,1.0,94.0,96.0,100.1,100.0,123.6,119.0,16.0,15.5,24,12.7,20
2.0,0.01,2.0,Ohio,82.4,50,119,73.0,53.4,53.0,57,0.5,2.0,105.2,101.5,116.3,116.0,57.1,51.0,18.9,19.0,24,12.3,18
0.5,0.05,1.0,Alabama,82.5,79,84,84.0,10.3,10.0,12,0.0,0.0,96.5,100.0,118.7,113.0,185.0,185.0,1.0,1.0,1,0.0,0
2.0,0.25,1.0,Maryland,82.6,73,95,82.5,12.8,13.0,14,0.0,0.0,95.9,98.0,104.5,108.0,71.9,77.0,8.8,8.0,12,0.5,2
0.5,0.01,1.0,Washington,82.8,49,120,86.0,8.7,8.5,13,1.7,5.0,104.9,92.0,129.2,134.0,90.1,97.0,12.9,13.0,17,9.6,14
2.0,0.25,2.0,Maryland,82.9,73,111,75.0,13.2,13.0,14,0.0,0.0,93.6,90.0,100.8,96.5,65.8,77.0,8.9,8.5,13,0.2,1
0.5,0.25,0.5,Maryland,82.9,73,95,82.5,11.1,11.0,13,0.0,0.0,92.9,91.5,102.0,105.0,70.3,77.0,6.1,5.5,10,0.3,1
1.0,0.05,2.0,Alabama,83.0,79,84,84.0,14.8,15.0,17,0.0,0.0,98.4,100.0,113.5,113.0,183.2,182.0,2.3,2.0,4,0.0,0
2.0,0.05,2.0,Alabama,83.0,79,84,84.0,16.8,17.0,18,0.0,0.0,96.8,100.0,115.2,113.0,183.8,185.0,2.1,2.0,4,0.0,0
1.0,0.25,0.5,Connecticut,83.0,82,92,82.0,6.7,7.0,7,0.0,0.0,104.2,104.0,122.0,120.0,125.9,106.0,4.2,4.0,6,0.3,1
1.0,0.25,1.0,Connecticut,83.0,82,92,82.0,6.7,7.0,7,0.0,0.0,104.2,104.0,121.6,120.0,123.9,106.0,4.5,4.5,6,0.3,1
2.0,0.05,0.5,Arkansas,83.0,53,105,99.0,10.2,10.5,12,0.0,0.0,113.5,114.5,130.6,128.0,99.2,95.0,5.7,5.0,10,1.4,3
0.5,0.01,1.0,Oregon,83.0,51,133,69.5,11.0,11.0,13,0.1,1.0,116.3,133.0,131.5,134.0,131.1,141.0,6.2,5.0,11,3.6,6
1.0,0.01,0.5,Missouri,83.1,54,102,83.0,24.6,25.0,31,0.0,0.0,94.9,99.0,104.4,104.0,146.7,106.5,3.5,3.0,9,2.7,4
2.0,0.01,0.5,Nevada,83.2,60,124,66.5,4.2,4.0,5,0.0,0.0,101.0,95.0,131.3,130.0,169.875,185.0,1.375,1.0,3,0.0,0
2.0,0.01,1.0,Nevada,83.3,63,145,70.0,4.2,4.0,5,0.0,0.0,116.4,117.0,136.9,130.0,144.22222222222223,102.0,2.111111111111111,2.0,4,0.0,0
2.0,0.01,1.0,Michigan,83.3,53,100,96.5,39.7,41.0,43,0.0,0.0,93.8,98.0,99.4,102.5,94.8,119.0,16.5,16.0,21,13.6,20
2.0,0.01,1.0,New York,83.3,64,114,79.0,9.1,9.0,15,4.9,21.0,107.0,110.0,118.7,114.0,28.0,28.0,184.3,186.0,206,39.1,44
2.0,0.25,0.5,Massachusetts,83.7,78,92,78.5,9.4,9.0,10,0.0,0.0,94.8,92.0,100.6,99.0,226.0,226.0,1.0,1.0,1,0.0,0
1.0,0.01,0.5,Ohio,83.7,50,128,81.0,46.5,47.0,52,0.8,2.0,117.0,114.0,123.5,119.0,96.7,118.5,14.4,15.0,18,11.3,15
0.5,0.25,1.0,Connecticut,83.8,82,100,82.0,6.3,6.0,7,0.0,0.0,102.4,104.0,123.2,120.0,121.8,106.0,3.4,3.0,5,0.2,1
0.5,0.25,0.5,Connecticut,83.8,82,100,82.0,6.1,6.0,7,0.0,0.0,105.2,104.0,120.9,120.0,123.1,106.0,2.9,3.0,4,0.3,1
2.0,0.25,1.0,Connecticut,83.8,82,100,82.0,6.6,7.0,7,0.0,0.0,105.8,104.0,122.8,120.0,125.4,106.0,4.3,4.0,6,0.4,1
1.0,0.25,2.0,Connecticut,83.8,82,100,82.0,6.4,6.0,7,0.0,0.0,110.8,115.0,124.5,120.0,155.3,161.0,4.4,4.0,6,0.6,1
2.0,0.1,1.0,Maryland,83.9,73,98,82.5,12.1,12.0,14,0.1,1.0,102.0,111.0,111.0,112.0,73.3,77.0,7.6,8.0,10,0.4,1
0.5,0.01,1.0,Missouri,83.9,62,104,83.0,21.6,21.5,26,0.0,0.0,98.7,98.0,103.9,103.0,216.77777777777777,154.0,2.4,2.0,8,2.1,5
0.5,0.25,0.5,West Virginia,84.0,61,96,96.0,9.5,9.5,10,0.0,0.0,99.9,97.0,105.9,106.5,108.9,110.0,5.6,5.5,9,0.1,1
2.0,0.25,2.0,Connecticut,84.0,82,92,82.0,6.8,7.0,7,0.0,0.0,102.8,102.0,122.8,120.0,126.6,106.0,4.3,4.5,6,0.2,1
2.0,0.25,2.0,West Virginia,84.0,61,96,96.0,15.0,15.0,16,0.0,0.0,96.6,97.0,104.2,101.0,107.3,105.5,9.9,9.5,13,0.5,1
2.0,0.01,2.0,Missouri,84.1,60,102,83.0,47.1,47.5,52,0.0,0.0,93.0,98.0,107.8,104.0,210.8,144.0,7.1,7.5,10,4.4,8
0.5,0.05,2.0,Alabama,84.4,79,113,81.5,11.8,12.0,13,0.0,0.0,102.2,100.0,127.9,117.5,183.8,185.0,2.0,2.0,3,0.0,0
0.5,0.05,0.5,Alabama,84.6,79,100,84.0,6.6,7.0,8,0.0,0.0,99.4,100.0,118.6,113.0,184.66666666666666,185.0,1.1111111111111112,1.0,2,0.0,0
0.5,0.01,0.5,Michigan,84.6,52,100,95.5,28.0,28.5,32,0.1,1.0,93.4,100.0,101.9,104.5,110.7,119.0,9.3,8.5,13,8.3,14
2.0,0.01,0.5,Utah,84.8,54,128,91.0,11.1,11.0,12,0.0,0.0,101.8,100.0,114.5,108.5,196.7,156.0,4.1,4.0,8,2.2,5
0.5,0.01,1.0,Wisconsin,84.8,56,105,84.5,34.3,35.0,37,0.1,1.0,91.4,91.0,94.2,93.5,55.0,28.0,51.6,50.0,66,24.2,28
0.5,0.25,1.0,Massachusetts,85.1,78,92,85.5,9.3,9.0,10,0.0,0.0,95.5,95.5,101.6,100.0,,,0.0,0.0,0,0.0,0
2.0,0.25,1.0,Massachusetts,85.2,78,92,85.5,9.3,9.0,10,0.0,0.0,92.9,95.5,98.8,100.0,241.7,226.0,1.8,2.0,3,0.0,0
1.0,0.1,0.5,Maryland,85.2,75,102,90.0,10.9,11.0,12,0.2,1.0,106.2,108.0,113.0,113.0,102.5,77.0,4.6,5.0,7,0.4,2
0.5,0.01,2.0,Pennsylvania,85.2,73,93,86.0,43.0,43.0,46,0.0,0.0,98.7,99.5,105.9,106.0,108.5,124.5,20.0,20.0,25,7.2,10
2.0,0.25,0.5,West Virginia,85.5,61,96,96.0,15.5,15.5,17,0.0,0.0,95.2,97.0,105.3,101.0,110.4,110.0,9.4,9.0,15,0.0,0
1.0,0.25,2.0,West Virginia,85.5,61,96,96.0,15.3,15.5,17,0.0,0.0,96.7,97.0,105.4,106.5,107.2,110.0,10.3,10.0,16,0.2,1
0.5,0.05,0.5,Mississippi,86.0,58,128,58.0,4.7,4.5,8,0.0,0.0,119.0,133.0,138.9,143.5,,,0.0,0.0,0,0.0,0
0.5,0.01,0.5,Wisconsin,86.0,53,105,91.0,33.4,35.0,39,0.0,0.0,92.8,97.5,97.0,99.0,66.1,58.0,46.2,46.0,56,23.7,30
0.5,0.01,0.5,California,86.0,47,104,98.0,5.1,5.0,7,8.5,24.0,109.1,104.5,122.5,116.0,28.0,28.0,47.6,46.0,62,25.2,27
1.0,0.01,0.5,New York,86.0,64,125,83.5,9.2,8.5,15,0.7,4.0,102.0,105.0,112.3,113.0,28.0,28.0,151.9,154.5,159,36.2,40
2.0,0.01,1.0,Washington,86.3,75,94,90.0,11.2,11.5,13,0.5,2.0,106.4,100.5,132.5,135.5,94.4,99.5,13.3,13.0,20,11.1,16
2.0,0.1,2.0,Maryland,86.4,73,111,90.0,12.5,12.5,14,0.2,1.0,103.8,105.0,111.0,111.0,106.3,102.5,8.5,8.5,13,0.4,2
ALL,ALL,ALL,Montana,86.41388888888889,50,296,81.0,8.647222222222222,9.0,14,0.14606741573033707,2.0,121.87359550561797,133.0,147.20689655172413,133.0,147.35472972972974,108.0,1.853658536585366,2.0,6,1.5416666666666667,6
2.0,0.25,2.0,Massachusetts,86.5,78,92,92.0,9.3,9.0,10,0.0,0.0,96.2,99.0,101.2,101.0,252.5,226.0,1.625,2.0,2,0.0,0
1.0,0.25,0.5,Massachusetts,86.7,78,92,92.0,9.2,9.0,10,0.0,0.0,95.8,97.0,100.8,99.0,,,0.0,0.0,0,0.0,0
0.5,0.1,1.0,Massachusetts,86.7,78,92,92.0,8.7,9.0,9,0.0,0.0,96.4,99.0,103.0,103.0,,,0.0,0.0,0,0.0,0
1.0,0.01,1.0,New York,86.7,64,116,81.0,9.7,9.5,14,0.5,5.0,98.8,90.5,112.3,110.0,28.0,28.0,178.0,179.5,206,37.9,42
2.0,0.01,2.0,New York,86.7,64,116,81.0,9.1,8.0,14,1.5,5.0,105.7,110.0,119.4,114.5,37.1,28.0,180.4,187.0,204,39.1,43
ALL,ALL,ALL,Arkansas,86.8854748603352,53,334,53.0,8.773743016759777,9.0,15,0.0,0.0,130.48265895953756,105.0,154.64431486880466,120.0,101.32098765432099,56.0,6.611111111111111,7.0,13,1.3715083798882681,3
1.0,0.1,0.5,Connecticut,87.0,82,104,82.0,6.8,7.0,7,0.0,0.0,108.4,112.0,124.7,120.0,140.5,106.0,3.7,3.5,7,0.2,1
2.0,0.01,0.5,Pennsylvania,87.2,73,112,84.0,44.6,45.5,49,0.0,0.0,93.2,86.0,101.2,99.5,131.7,131.0,20.1,19.5,24,8.4,11
2.0,0.01,1.0,Ohio,87.2,50,122,86.0,50.7,51.5,55,0.3,1.0,109.1,114.0,119.7,119.5,110.5,109.5,19.5,20.0,27,13.8,19
1.0,0.25,1.0,West Virginia,87.5,61,96,96.0,14.7,15.0,16,0.0,0.0,96.7,97.0,105.3,106.5,112.0,110.0,9.8,9.0,12,0.1,1
0.5,0.1,0.5,West Virginia,87.5,61,112,96.5,8.4,8.0,10,0.0,0.0,110.4,113.0,115.4,117.0,119.6,110.5,6.3,5.5,12,0.8,2
0.5,0.25,1.0,North Carolina,87.7,85,94,85.0,19.0,19.0,21,0.1,1.0,98.6,94.0,113.8,117.0,125.0,125.0,2.6,3.0,4,4.7,5
0.5,0.25,0.5,Massachusetts,87.9,78,92,92.0,9.0,9.0,9,0.0,0.0,95.6,99.0,100.7,101.0,,,0.0,0.0,0,0.0,0
0.5,0.01,2.0,Washington,88.1,69,123,80.0,9.4,9.0,13,1.2,4.0,105.7,94.0,133.1,142.5,121.0,117.0,13.7,13.5,21,11.5,15
2.0,0.01,1.0,Pennsylvania,88.2,84,112,86.0,46.1,46.0,50,0.1,1.0,99.4,101.0,105.6,106.5,105.6,119.0,20.3,21.0,27,6.7,10
2.0,0.1,0.5,Connecticut,88.4,82,100,82.0,6.7,7.0,7,0.0,0.0,116.7,117.0,129.4,124.0,152.9,138.0,3.7,4.0,5,0.3,1
0.5,0.25,1.0,New Hampshire,88.8,71,127,71.0,7.1,7.0,8,0.0,0.0,122.9,123.0,133.1,134.0,164.33333333333334,79.0,1.1111111111111112,1.0,2,0.0,0
1.0,0.01,2.0,Ohio,88.8,50,122,73.0,51.1,52.5,55,0.4,2.0,112.1,114.5,122.4,122.0,111.9,121.0,16.9,16.5,20,13.7,20
2.0,0.1,0.5,Louisiana,89.1,73,202,73.0,3.0,3.0,4,0.0,0.0,206.9,202.0,284.14285714285717,255.0,,,0.0,0.0,0,0.0,0
1.0,0.25,2.0,Massachusetts,89.3,78,92,92.0,9.5,9.5,10,0.0,0.0,97.4,99.0,102.0,101.0,268.4,226.0,1.7,2.0,2,0.0,0
2.0,0.1,2.0,Massachusetts,89.3,78,92,92.0,9.1,9.0,10,0.0,0.0,97.6,99.0,104.0,105.0,247.2,226.0,1.9,2.0,3,0.0,0
1.0,0.1,1.0,Massachusetts,89.3,78,92,92.0,9.1,9.0,10,0.0,0.0,99.0,99.0,105.0,105.0,220.875,226.0,1.125,1.0,2,0.0,0
1.0,0.01,2.0,Pennsylvania,89.3,75,112,85.0,44.4,44.0,49,0.0,0.0,106.8,106.0,115.5,117.0,125.6,132.0,19.5,21.0,23,7.4,11
0.5,0.1,2.0,Massachusetts,89.4,79,92,92.0,8.7,9.0,9,0.0,0.0,97.6,99.0,105.2,107.0,206.2,226.0,1.1,1.0,2,0.0,0
2.0,0.01,2.0,Tennessee,89.4,43,121,98.0,30.8,31.0,36,0.0,0.0,119.0,121.0,135.4,129.0,132.0,129.0,13.5,12.0,22,6.1,11
0.5,0.25,2.0,New Hampshire,89.5,71,108,89.5,7.7,8.0,9,0.0,0.0,119.9,119.0,133.7,134.0,213.4,271.0,1.3,1.0,2,0.3,1
2.0,0.25,0.5,North Carolina,89.5,85,94,89.5,29.7,30.0,32,0.3,1.0,99.7,94.0,112.6,117.0,125.0,125.0,4.2,4.0,7,5.9,6
2.0,0.25,2.0,North Carolina,89.5,85,94,89.5,29.7,30.0,32,0.3,1.0,105.5,105.5,113.6,120.5,125.0,125.0,4.6,4.0,7,6.4,8
1.0,0.01,2.0,Missouri,89.7,74,102,83.0,45.0,44.0,53,0.0,0.0,98.8,103.0,108.9,106.0,126.7,105.0,6.2,6.5,9,5.9,8
2.0,0.25,1.0,South Carolina,89.8,87,91,91.0,19.2,19.0,21,0.0,0.0,105.7,108.0,123.8,122.0,536.25,582.0,1.0,1.0,1,0.0,0
0.5,0.25,0.5,South Carolina,89.8,87,91,91.0,9.6,10.0,11,0.0,0.0,108.5,108.0,125.8,122.0,216.0,216.0,1.0,1.0,1,0.0,0
ALL,ALL,ALL,Virginia,89.85833333333333,75,212,75.0,27.51388888888889,30.0,41,0.10277777777777777,1.0,99.75833333333334,76.0,113.925,97.0,86.52793296089385,86.0,12.731843575418994,12.0,31,6.608333333333333,15
0.5,0.01,2.0,Nevada,89.9,63,166,82.0,4.2,4.0,5,0.0,0.0,107.2,102.0,131.2,131.0,148.0,133.0,1.3333333333333333,1.0,2,0.0,0
1.0,0.1,2.0,Maryland,89.9,73,111,90.0,12.2,12.0,14,0.0,0.0,104.0,111.0,111.1,112.0,117.7,134.0,6.6,7.5,9,0.1,1
2.0,0.05,1.0,Massachusetts,90.1,79,99,92.0,8.6,8.5,10,0.0,0.0,101.8,102.0,107.4,107.0,221.44444444444446,226.0,1.6666666666666667,2.0,3,0.0,0
0.5,0.01,1.0,Nevada,90.1,63,131,85.5,3.7,4.0,5,0.0,0.0,112.4,124.0,138.3,129.0,144.66666666666666,133.0,1.1666666666666667,1.0,2,0.1,1
1.0,0.25,2.0,South Carolina,90.2,87,91,91.0,19.3,19.0,21,0.0,0.0,114.4,122.0,124.3,125.0,435.6,582.0,1.4,1.0,2,0.0,0
2.0,0.25,0.5,South Carolina,90.2,87,91,91.0,18.6,18.0,21,0.0,0.0,115.8,122.0,125.1,125.0,216.0,216.0,1.0,1.0,1,0.0,0
2.0,0.1,2.0,South Carolina,90.2,87,91,91.0,18.1,18.0,20,0.0,0.0,124.5,125.0,148.4,149.0,485.57142857142856,582.0,1.1428571428571428,1.0,2,0.0,0
2.0,0.1,0.5,South Carolina,90.2,87,91,91.0,16.0,15.5,19,0.0,0.0,125.4,127.0,151.1,149.0,478.3333333333333,581.0,1.3333333333333333,1.0,2,0.0,0
2.0,0.25,0.5,Connecticut,90.2,82,100,87.0,6.9,7.0,7,0.0,0.0,101.6,104.0,119.7,120.0,111.5,106.0,4.5,4.0,7,0.1,1
0.5,0.25,1.0,South Carolina,90.6,87,91,91.0,12.6,13.0,14,0.0,0.0,117.8,122.0,123.6,125.0,216.0,216.0,1.0,1.0,1,0.0,0
1.0,0.25,0.5,South Carolina,90.6,87,91,91.0,14.1,14.0,15,0.0,0.0,117.8,122.0,126.7,125.0,,,0.0,0.0,0,0.0,0
1.0,0.05,0.5,Massachusetts,90.6,78,105,92.0,8.6,9.0,9,0.0,0.0,99.8,99.0,106.2,107.0,226.0,226.0,1.0,1.0,1,0.0,0
0.5,0.25,2.0,South Carolina,90.6,87,91,91.0,16.0,16.0,18,0.0,0.0,116.4,122.0,126.9,125.0,,,0.0,0.0,0,0.0,0
1.0,0.25,1.0,South Carolina,90.6,87,91,91.0,17.5,17.5,19,0.0,0.0,117.5,122.0,127.0,125.0,216.0,216.0,1.0,1.0,1,0.0,0
2.0,0.25,2.0,South Carolina,90.6,87,91,91.0,19.5,20.0,21,0.0,0.0,119.2,122.0,125.1,125.0,399.0,399.0,1.25,1.0,2,0.0,0
1.0,0.1,2.0,Massachusetts,90.6,78,92,92.0,8.9,9.0,9,0.0,0.0,98.5,99.0,104.6,107.0,243.44444444444446,226.0,1.6666666666666667,1.0,3,0.0,0
1.0,0.1,2.0,South Carolina,90.6,87,91,91.0,17.3,17.0,18,0.0,0.0,118.0,123.5,139.5,149.0,536.125,582.0,1.25,1.0,2,0.0,0
2.0,0.1,0.5,Massachusetts,90.6,78,92,92.0,9.0,9.0,10,0.0,0.0,99.7,99.0,104.8,105.0,226.0,226.0,1.25,1.0,2,0.0,0
0.5,0.1,2.0,South Carolina,90.6,87,91,91.0,14.2,14.0,16,0.0,0.0,126.7,125.0,146.6,149.0,216.0,216.0,1.0,1.0,1,0.0,0
0.5,0.1,0.5,Massachusetts,90.6,78,92,92.0,8.9,9.0,10,0.0,0.0,98.3,99.0,104.4,105.0,,,0.0,0.0,0,0.0,0
1.0,0.05,1.0,Massachusetts,90.7,79,92,92.0,8.7,9.0,10,0.0,0.0,103.1,106.0,107.6,109.0,112.85714285714286,28.0,1.5714285714285714,1.0,3,0.0,0
1.0,0.1,0.5,Massachusetts,90.7,79,92,92.0,8.7,9.0,9,0.0,0.0,98.9,99.0,105.2,106.0,226.0,226.0,1.0,1.0,1,0.0,0
1.0,0.05,0.5,South Carolina,91.0,91,91,91.0,10.0,9.5,12,0.0,0.0,135.1,126.0,146.7,149.0,216.0,216.0,1.0,1.0,1,0.0,0
0.5,0.05,2.0,Massachusetts,91.0,78,109,92.0,8.6,9.0,9,0.0,0.0,100.8,99.0,106.5,107.0,226.0,226.0,1.0,1.0,1,0.0,0
2.0,0.1,1.0,South Carolina,91.0,91,91,91.0,17.6,17.0,20,0.0,0.0,125.1,125.0,144.1,149.0,581.8333333333334,582.0,1.1666666666666667,1.0,2,0.0,0
1.0,0.1,0.5,South Carolina,91.0,91,91,91.0,10.8,11.0,12,0.0,0.0,127.6,125.0,147.8,149.0,,,0.0,0.0,0,0.0,0
0.5,0.1,0.5,South Carolina,91.0,91,91,91.0,7.3,7.0,9,0.0,0.0,128.0,123.5,142.5,149.0,,,0.0,0.0,0,0.0,0
0.5,0.01,2.0,Utah,91.0,82,104,85.0,10.1,10.0,13,0.0,0.0,104.5,101.5,117.2,113.0,159.77777777777777,156.0,2.9,2.5,6,1.2,3
2.0,0.25,1.0,West Virginia,91.1,61,97,96.0,15.2,15.0,17,0.0,0.0,98.4,97.0,106.3,106.5,109.0,110.0,10.7,11.0,13,0.0,0
1.0,0.1,1.0,Maryland,91.2,75,111,90.0,11.5,12.0,12,0.0,0.0,107.2,110.5,110.4,112.0,125.6,125.5,6.6,6.0,10,0.4,2
0.5,0.25,2.0,North Carolina,91.3,85,94,94.0,27.2,27.0,30,0.2,1.0,98.6,94.0,113.7,117.0,125.0,125.0,3.9,4.0,6,4.8,6
1.0,0.25,0.5,North Carolina,91.3,85,94,94.0,24.2,24.0,26,0.4,1.0,103.2,94.0,117.5,117.0,125.0,125.0,3.6,3.5,5,5.2,6
1.0,0.25,2.0,North Carolina,91.3,85,94,94.0,29.1,29.0,31,0.3,1.0,100.9,94.0,113.3,117.0,125.0,125.0,4.2,4.0,5,6.8,8
ALL,ALL,ALL,Mississippi,91.38375350140056,58,294,58.0,9.985994397759104,10.0,16,0.0,0.0,138.45402298850576,93.0,160.8396501457726,128.0,166.49065420560748,185.0,1.6425339366515836,1.0,4,0.07282913165266107,2
1.0,0.05,2.0,Massachusetts,91.4,78,99,92.0,8.9,9.0,10,0.0,0.0,101.9,102.0,107.8,109.0,199.44444444444446,226.0,1.4444444444444444,1.0,2,0.0,0
0.5,0.05,1.0,Massachusetts,91.4,78,99,92.0,8.3,8.0,9,0.0,0.0,101.6,102.0,106.6,109.0,226.0,226.0,1.0,1.0,1,0.0,0
2.0,0.1,1.0,Connecticut,91.4,82,120,87.0,6.8,7.0,7,0.0,0.0,111.7,112.0,130.5,134.5,140.0,127.5,3.8,3.5,5,0.2,1
0.5,0.1,1.0,Connecticut,91.6,82,112,82.0,6.3,6.5,7,0.0,0.0,113.8,120.0,132.8,139.0,167.5,165.0,3.0,3.0,6,0.3,1
2.0,0.1,1.0,Massachusetts,92.0,92,92,92.0,9.5,9.5,10,0.0,0.0,99.6,99.0,105.0,105.0,206.2,226.0,1.7,2.0,3,0.0,0
2.0,0.1,0.5,Delaware,92.0,92,92,92.0,2.2,2.0,3,0.1,1.0,260.8,251.0,355.0,355.0,160.5,174.0,1.1666666666666667,1.0,2,0.1,1
0.5,0.25,0.5,Delaware,92.0,92,92,92.0,1.0,1.0,1,,,,,,,146.5,159.5,0.625,0.5,2,0.5,1
1.0,0.25,1.0,Delaware,92.0,92,92,92.0,1.7,1.5,3,0.0,0.0,249.4,249.0,355.0,355.0,130.0,145.0,1.0,1.0,2,0.5,1
2.0,0.25,2.0,Delaware,92.0,92,92,92.0,1.7,2.0,3,0.16666666666666666,1.0,232.66666666666666,215.0,355.0,355.0,296.8,174.0,0.625,1.0,1,0.5,1
1.0,0.25,0.5,Delaware,92.0,92,92,92.0,1.6,1.5,3,0.2,1.0,257.4,251.0,355.0,355.0,159.5,159.5,0.4444444444444444,0.0,1,0.6,1
0.5,0.25,2.0,Delaware,92.0,92,92,92.0,1.5,1.5,2,0.2,1.0,257.0,249.0,,,127.66666666666667,145.0,0.375,0.0,1,0.6,1
0.5,0.25,1.0,Delaware,92.0,92,92,92.0,1.3,1.0,2,0.0,0.0,249.0,249.0,,,137.33333333333334,145.0,0.625,0.0,3,0.7,1
2.0,0.25,0.5,Delaware,92.0,92,92,92.0,1.4,1.0,3,0.3333333333333333,1.0,285.0,251.0,355.0,355.0,142.57142857142858,145.0,1.1111111111111112,1.0,3,0.8,1
2.0,0.25,1.0,Delaware,92.0,92,92,92.0,1.6,1.5,3,0.8,1.0,320.2,355.0,355.0,355.0,188.5,145.0,0.7,1.0,2,0.9,1
0.5,0.01,0.5,New York,92.0,64,110,95.0,8.8,9.0,12,1.3,8.0,107.3,110.0,114.1,114.5,42.1,28.0,112.9,115.0,134,33.5,39
2.0,0.05,0.5,Massachusetts,92.1,79,99,92.0,8.5,8.5,9,0.0,0.0,105.2,106.0,110.5,109.0,186.4,226.0,1.6,2.0,2,0.0,0
2.0,0.1,2.0,Delaware,92.1,92,93,92.0,2.0,2.0,3,0.0,0.0,216.0,216.0,355.0,355.0,155.33333333333334,174.0,1.2222222222222223,1.0,2,0.2,1
1.0,0.25,2.0,Delaware,92.1,92,93,92.0,1.2,1.0,2,0.5,1.0,303.0,303.0,,,156.6,145.0,0.6,0.5,2,0.9,1
2.0,0.01,2.0,Washington,92.1,76,120,90.0,10.7,11.5,13,1.5,6.0,107.8,113.0,159.8,142.0,99.5,114.0,14.4,15.5,19,11.8,17
0.5,0.05,1.0,Arkansas,92.2,53,105,99.0,6.4,6.0,8,0.0,0.0,111.9,105.0,126.3,124.0,94.8,134.0,4.2,4.0,9,0.8,1
1.0,0.25,1.0,New Hampshire,92.2,68,127,89.5,7.5,7.5,8,0.0,0.0,117.7,123.0,132.7,134.0,194.2,271.0,1.4,1.0,2,0.9,1
1.0,0.25,1.0,North Carolina,92.2,85,94,94.0,27.3,28.0,28,0.5,1.0,107.8,117.0,121.2,124.0,124.2,125.0,3.9,4.0,6,5.0,6
2.0,0.25,1.0,North Carolina,92.2,85,94,94.0,28.5,28.5,31,0.3,1.0,103.2,94.0,117.5,117.0,122.6,125.0,5.0,5.0,7,6.6,8
2.0,0.1,2.0,West Virginia,92.4,61,113,96.0,13.4,13.5,14,0.0,0.0,107.4,112.5,112.3,115.0,122.2,120.5,10.2,10.5,14,0.9,4
0.5,0.25,1.0,West Virginia,92.5,61,96,96.0,13.4,13.5,14,0.0,0.0,100.0,97.0,108.8,112.0,107.4,101.0,6.6,7.0,10,0.1,1
1.0,0.25,0.5,West Virginia,92.5,61,96,96.0,12.9,13.0,14,0.0,0.0,96.9,97.0,105.1,101.0,107.4,105.5,8.8,9.0,11,0.1,1
0.5,0.01,0.5,Missouri,92.5,60,102,102.0,16.7,17.0,20,0.0,0.0,97.8,104.0,105.1,106.0,138.5,129.5,2.1,1.5,5,1.3,2
0.5,0.1,1.0,Maryland,92.8,73,111,95.0,11.3,11.0,13,0.0,0.0,105.3,109.5,109.4,111.5,124.3,136.5,5.3,5.0,10,0.0,0
2.0,0.25,1.0,New Hampshire,93.0,68,127,89.5,8.0,8.0,9,0.0,0.0,122.5,123.0,131.9,134.0,194.2,271.0,1.4,1.0,2,1.0,1
2.0,0.01,2.0,Pennsylvania,93.0,84,112,86.0,45.7,46.0,49,0.0,0.0,106.5,106.0,114.3,109.5,142.6,135.5,21.0,20.5,25,6.7,9
1.0,0.01,2.0,New York,93.0,79,110,92.0,9.0,8.5,15,2.9,9.0,109.3,113.0,132.7,131.5,35.2,28.0,176.3,181.0,211,38.8,44
1.0,0.01,2.0,Utah,93.3,54,104,100.0,11.5,12.0,14,0.0,0.0,112.4,108.5,123.7,121.5,182.9,197.0,4.8,4.5,7,2.9,5
2.0,0.05,2.0,Massachusetts,93.4,92,99,92.0,8.7,9.0,9,0.0,0.0,102.6,102.0,109.8,107.0,274.1,226.0,1.8,2.0,3,0.0,0
0.5,0.1,2.0,Maryland,93.4,73,111,90.0,11.9,12.0,13,0.0,0.0,110.4,111.0,112.2,112.0,123.8,120.5,7.3,7.0,11,0.1,1
2.0,0.01,2.0,Oregon,93.4,65,133,76.5,14.2,14.5,17,0.4,2.0,125.3,133.0,137.0,136.0,144.1,139.5,7.5,7.5,9,5.6,8
1.0,0.01,2.0,Tennessee,93.4,43,107,107.0,29.7,29.5,33,0.0,0.0,114.6,121.0,126.5,129.0,146.8,128.0,13.5,13.0,17,6.0,9
0.5,0.01,0.5,Ohio,93.4,50,122,97.0,32.7,32.0,37,0.3,1.0,114.9,118.5,124.4,125.0,137.4,150.0,8.0,8.0,12,10.6,13
0.5,0.01,1.0,New York,93.4,64,131,81.0,8.9,9.0,12,2.5,8.0,114.1,116.0,125.7,134.0,28.0,28.0,143.4,147.5,161,35.3,40
0.5,0.05,0.5,Massachusetts,93.5,79,107,92.0,8.4,8.0,9,0.0,0.0,103.3,105.0,109.1,109.0,,,0.0,0.0,0,0.0,0
0.5,0.01,2.0,Tennessee,93.5,43,121,97.0,24.9,25.5,28,0.0,0.0,111.0,114.0,122.8,126.0,113.9,125.0,8.9,10.5,12,4.6,8
0.5,0.1,1.0,South Carolina,93.7,87,122,91.0,10.6,11.0,13,0.0,0.0,123.7,125.0,143.2,149.0,216.0,216.0,1.0,1.0,1,0.0,0
2.0,0.01,2.0,Nevada,93.9,63,124,94.0,4.4,4.0,5,0.0,0.0,119.7,117.0,140.9,131.0,124.42857142857143,95.0,1.5714285714285714,2.0,2,0.0,0
ALL,ALL,ALL,Alabama,93.93611111111112,79,335,79.0,11.627777777777778,12.0,20,0.0,0.0,117.23184357541899,84.0,137.60906515580737,113.0,196.996336996337,185.0,1.7362637362637363,2.0,4,0.0,0
0.5,0.05,1.0,South Carolina,94.0,87,125,91.0,8.7,8.5,10,0.0,0.0,142.4,149.0,168.3,162.0,216.0,216.0,1.0,1.0,1,0.0,0
0.5,0.1,2.0,North Carolina,94.0,94,94,94.0,24.8,25.0,27,0.7,1.0,110.1,117.0,121.9,124.0,125.0,125.0,4.3,4.5,6,5.2,6
0.5,0.01,1.0,Utah,94.3,50,144,91.0,9.5,9.5,12,0.0,0.0,102.0,99.0,116.2,110.5,143.9,135.5,2.9,2.5,5,0.8,2
2.0,0.05,1.0,South Carolina,94.4,91,125,91.0,15.8,16.0,17,0.0,0.0,142.0,149.0,161.3,162.0,513.1111111111111,582.0,1.4444444444444444,1.0,3,0.0,0
1.0,0.01,0.5,Tennessee,94.4,43,129,88.0,19.5,19.0,24,0.0,0.0,117.1,114.0,140.4,129.0,172.0,148.5,4.1,3.0,10,1.7,4
2.0,0.1,1.0,North Carolina,94.5,85,117,94.0,27.7,27.5,29,0.3,1.0,114.1,117.0,123.6,124.0,125.0,125.0,4.9,5.0,7,5.6,7
2.0,0.1,2.0,North Carolina,94.5,85,117,94.0,26.7,27.0,29,0.3,1.0,110.6,117.0,121.3,122.0,123.4,125.0,5.1,5.0,7,6.2,7
0.5,0.1,0.5,Maryland,94.6,73,111,90.0,10.2,10.0,11,0.0,0.0,104.5,108.0,109.8,111.0,112.1,123.5,4.7,4.0,8,0.2,1
0.5,0.1,2.0,Connecticut,94.8,82,100,100.0,6.7,7.0,7,0.0,0.0,112.6,117.0,131.2,138.0,146.1,133.5,3.6,3.5,6,0.3,1
0.5,0.1,1.0,Delaware,94.9,92,121,92.0,1.8,2.0,2,0.0,0.0,241.75,251.0,,,133.5,133.5,1.4285714285714286,1.0,3,0.2,1
1.0,0.01,1.0,Pennsylvania,94.9,80,122,86.0,43.3,43.0,47,0.0,0.0,107.4,108.5,114.0,116.5,130.6,139.5,20.6,20.5,25,7.3,10
1.0,0.1,1.0,Delaware,95.0,92,121,92.0,1.7,2.0,2,0.0,0.0,250.42857142857142,251.0,,,170.77777777777777,174.0,1.1,1.0,3,0.3,1
2.0,0.25,2.0,New Hampshire,95.1,68,119,108.0,8.1,8.0,9,0.0,0.0,123.6,119.0,132.7,134.0,213.4,271.0,1.3,1.0,2,1.0,1
2.0,0.05,1.0,North Carolina,95.1,94,105,94.0,24.2,24.0,26,0.5,1.0,116.1,117.0,125.2,124.0,124.2,125.0,5.8,6.0,8,6.0,8
1.0,0.1,2.0,Connecticut,95.4,82,120,87.0,6.6,7.0,7,0.0,0.0,117.4,120.0,134.3,138.0,163.1,165.0,3.9,4.0,6,0.4,1
1.0,0.1,1.0,North Carolina,95.4,85,117,94.0,25.7,26.0,28,0.3,1.0,113.6,117.0,123.8,124.0,125.0,125.0,4.3,4.5,6,4.2,7
2.0,0.01,1.0,Utah,95.6,68,126,91.0,11.6,11.0,14,0.0,0.0,108.9,102.5,122.1,126.0,175.7,197.0,4.3,4.0,8,2.9,5
1.0,0.05,2.0,Maryland,95.8,75,112,99.0,10.9,11.0,12,0.1,1.0,110.4,111.5,114.9,114.0,131.3,124.5,6.9,6.0,11,0.3,1
2.0,0.1,2.0,Connecticut,96.0,82,120,100.0,6.5,6.5,7,0.1,1.0,118.8,120.0,133.5,139.0,163.1,181.0,4.0,4.0,7,0.5,1
0.5,0.25,2.0,West Virginia,96.1,96,97,96.0,14.6,14.5,17,0.0,0.0,100.1,97.0,111.3,112.0,106.4,101.0,10.8,11.5,13,0.1,1
1.0,0.1,1.0,Connecticut,96.2,82,120,96.0,6.6,7.0,7,0.0,0.0,115.5,120.0,130.3,136.5,148.7,146.0,4.0,4.0,6,0.4,1
2.0,0.05,2.0,South Carolina,96.4,87,149,91.0,15.5,15.5,17,0.0,0.0,134.2,138.0,152.5,160.0,478.3333333333333,581.0,1.3333333333333333,1.0,2,0.0,0
1.0,0.01,2.0,Nevada,96.7,63,145,87.0,4.4,4.5,5,0.1,1.0,119.4,116.0,135.8,130.0,145.25,117.0,1.875,2.0,3,0.1,1
0.5,0.05,1.0,Connecticut,96.8,82,120,92.0,5.9,6.0,7,0.1,1.0,118.6,120.0,134.6,139.0,162.8,165.0,3.4,3.0,8,0.3,1
2.0,0.1,1.0,West Virginia,96.9,61,119,96.5,12.7,13.0,14,0.0,0.0,108.3,114.0,114.6,120.0,116.0,110.0,8.9,9.0,12,0.9,2
2.0,0.25,0.5,New Hampshire,97.0,71,127,108.0,7.9,8.0,9,0.0,0.0,120.2,119.0,133.0,134.0,194.2,271.0,1.4,1.0,2,1.0,1
2.0,0.01,1.0,Tennessee,97.0,43,129,107.0,30.3,29.0,35,0.0,0.0,119.1,122.0,134.0,129.0,133.2,136.0,13.5,13.0,20,6.5,12
1.0,0.01,0.5,Nevada,97.1,63,129,96.5,4.2,4.0,5,0.0,0.0,113.0,124.5,146.6,131.0,177.0,181.0,1.25,1.0,2,0.0,0
1.0,0.01,2.0,Washington,97.2,79,123,92.0,11.3,12.0,15,0.6,3.0,107.3,94.0,126.4,136.0,127.1,117.5,15.4,15.0,23,10.7,16
1.0,0.1,0.5,North Carolina,97.3,85,122,94.0,22.5,22.5,25,0.4,1.0,111.3,117.0,121.0,124.0,125.0,125.0,3.2,3.0,4,4.7,6
1.0,0.1,2.0,North Carolina,97.4,94,117,94.0,25.6,25.5,27,0.6,1.0,118.2,117.0,124.5,124.0,125.0,125.0,4.1,4.0,6,6.3,7
1.0,0.05,0.5,West Virginia,97.5,61,120,96.0,10.1,10.0,11,0.0,0.0,108.9,108.5,115.9,121.0,119.3,110.0,7.7,8.0,11,0.5,2
1.0,0.01,0.5,Pennsylvania,97.5,80,122,92.5,38.9,38.0,45,0.0,0.0,110.5,113.0,114.0,115.0,148.3,140.5,17.1,18.0,22,5.8,10
1.0,0.1,1.0,South Carolina,97.7,91,158,91.0,14.4,15.0,16,0.0,0.0,133.2,127.0,149.5,149.0,,,0.0,0.0,0,0.0,0
2.0,0.1,1.0,Delaware,97.8,92,121,92.0,2.0,2.0,3,0.0,0.0,242.0,251.0,355.0,355.0,163.42857142857142,174.0,1.4285714285714286,1.0,3,0.2,1
0.5,0.1,0.5,Delaware,97.8,92,121,92.0,1.1,1.0,2,0.0,0.0,181.0,181.0,,,169.85714285714286,174.0,1.0,1.0,2,0.3,1
1.0,0.05,0.5,Maryland,98.0,75,112,103.0,10.0,10.0,11,0.0,0.0,111.5,111.5,113.2,113.0,133.6,129.0,4.2,4.0,7,0.1,1
1.0,0.1,1.0,West Virginia,98.0,96,114,96.0,13.6,13.0,15,0.0,0.0,109.6,114.0,117.1,120.0,107.5,110.0,8.8,8.5,14,0.3,1
0.5,0.1,0.5,Connecticut,98.0,82,120,100.0,5.8,6.0,7,0.1,1.0,117.6,120.0,134.4,139.0,145.33333333333334,143.0,2.3,2.5,4,0.4,1
ALL,ALL,ALL,Maryland,98.16944444444445,73,180,95.0,10.51388888888889,11.0,14,0.027777777777777776,1.0,113.33888888888889,111.0,125.98607242339833,113.0,118.44444444444444,119.0,6.986111111111111,7.0,17,0.35833333333333334,3
2.0,0.05,0.5,North Carolina,98.2,85,122,94.0,24.5,25.0,26,0.2,1.0,120.8,122.0,127.5,127.5,115.3,125.0,4.9,5.0,8,4.7,7
2.0,0.05,0.5,Maryland,98.4,75,113,110.5,11.0,11.0,12,0.2,1.0,114.5,113.0,117.5,114.0,121.0,117.0,6.0,6.5,9,0.3,1
1.0,0.01,0.5,Washington,98.5,53,123,104.5,8.2,8.0,11,1.9,11.0,119.4,131.5,136.6,142.0,93.0,85.5,11.0,10.5,15,10.6,16
ALL,ALL,ALL,Massachusetts,98.53888888888889,78,189,92.0,8.419444444444444,9.0,10,0.0,0.0,109.42777777777778,99.0,117.77777777777777,107.0,201.8935185185185,226.0,1.4305555555555556,1.0,3,0.008333333333333333,1
2.0,0.1,0.5,West Virginia,98.6,96,120,96.0,12.8,13.0,15,0.0,0.0,107.9,112.0,115.9,118.0,126.2,120.5,8.6,8.5,13,0.4,1
2.0,0.1,0.5,North Carolina,98.6,94,117,94.0,26.4,26.0,28,0.4,1.0,115.7,117.0,123.3,124.0,125.0,125.0,5.3,5.5,7,5.9,7
0.5,0.1,1.0,Louisiana,98.8,73,202,73.0,2.7,3.0,4,0.0,0.0,195.88888888888889,202.0,245.5,255.0,,,0.0,0.0,0,0.0,0
0.5,0.1,2.0,Louisiana,98.8,73,202,73.0,2.5,2.5,3,0.0,0.0,233.2,202.0,296.2,255.0,,,0.0,0.0,0,0.0,0
2.0,0.01,2.0,Utah,98.9,68,144,97.0,12.1,12.0,14,0.0,0.0,112.6,103.0,125.2,129.0,174.7,156.0,5.0,4.5,8,2.2,5
1.0,0.1,0.5,West Virginia,99.1,61,120,104.0,10.1,10.5,12,0.0,0.0,111.9,116.5,119.0,121.0,123.8,133.5,8.3,8.0,13,0.9,2
0.5,0.01,0.5,Utah,99.4,54,126,100.0,7.8,8.0,9,0.0,0.0,116.3,119.5,127.1,135.0,162.0,197.0,2.1,2.0,5,1.0,3
0.5,0.01,1.0,Pennsylvania,99.4,80,136,86.0,36.4,36.5,40,0.0,0.0,111.1,106.0,118.6,112.0,118.4,138.5,17.0,17.0,21,6.0,9
0.5,0.01,2.0,Oregon,99.7,51,133,115.5,13.6,13.5,16,0.0,0.0,110.4,126.5,124.9,136.0,132.8,150.0,6.5,7.0,9,4.1,9
1.0,0.05,1.0,Maryland,99.8,73,113,104.0,11.8,12.0,13,0.0,0.0,109.8,111.5,112.7,113.0,124.3,118.0,7.8,8.0,11,0.0,0
1.0,0.01,0.5,Utah,99.8,54,144,98.5,9.6,9.0,12,0.0,0.0,115.8,101.0,120.8,110.5,185.77777777777777,156.0,2.888888888888889,3.0,6,1.5,4
1.0,0.05,1.0,North Carolina,99.8,94,124,94.0,23.1,23.0,26,0.0,0.0,118.9,120.5,128.1,127.5,129.3,125.0,3.7,3.5,6,3.9,6
0.5,0.1,1.0,North Carolina,100.0,85,117,94.0,18.9,18.5,22,0.3,1.0,113.9,117.0,120.3,124.0,125.0,125.0,2.9,3.0,4,4.5,6
0.5,0.01,1.0,Florida,100.1,64,122,101.0,11.4,11.0,14,0.3,1.0,118.0,119.0,130.6,137.0,70.7,28.0,14.3,15.0,17,16.1,19
0.5,0.05,0.5,South Carolina,100.2,91,149,91.0,5.9,6.0,7,0.0,0.0,136.5,127.0,159.1,158.0,,,0.0,0.0,0,0.0,0
1.0,0.05,1.0,South Carolina,100.4,91,149,91.0,13.3,14.0,16,0.0,0.0,145.3,149.0,174.8,179.0,216.0,216.0,2.0,2.0,2,0.0,0
1.0,0.1,2.0,West Virginia,100.4,96,120,96.5,13.3,13.5,15,0.0,0.0,113.0,114.0,119.4,120.0,120.4,110.0,8.0,7.5,11,0.4,2
0.5,0.25,0.5,North Carolina,100.4,85,117,99.5,12.3,12.0,14,0.0,0.0,114.5,117.0,121.4,122.0,125.0,125.0,1.7,2.0,3,3.0,3
0.5,0.01,0.5,Tennessee,100.5,43,129,107.0,9.0,7.5,15,0.0,0.0,131.9,129.0,155.8,152.0,153.5,128.0,2.0,1.5,4,1.2,3
1.0,0.1,2.0,Delaware,100.8,92,121,92.0,1.9,2.0,3,0.0,0.0,250.5,251.0,355.0,355.0,170.375,174.0,1.125,1.0,2,0.2,1
0.5,0.01,1.0,Alabama,101.0,84,177,92.0,4.0,4.0,7,0.0,0.0,178.11111111111111,173.0,207.33333333333334,203.0,185.0,185.0,1.0,1.0,1,0.0,0
0.5,0.05,0.5,Connecticut,101.2,82,114,112.0,5.5,6.0,6,0.2,1.0,123.4,120.0,137.8,139.0,157.22222222222223,149.0,2.1,2.0,4,0.3,1
0.5,0.05,0.5,Maryland,101.5,75,113,109.5,8.6,9.0,11,0.1,1.0,111.6,112.0,113.7,113.0,156.9,177.0,3.1,3.0,6,0.1,1
0.5,0.01,1.0,Tennessee,101.6,43,129,107.0,15.9,16.5,19,0.0,0.0,122.0,129.0,134.6,134.0,147.8,143.0,4.7,4.5,8,2.6,5
0.5,0.05,1.0,Maryland,101.8,75,112,109.0,10.3,10.0,11,0.0,0.0,112.1,112.5,114.9,114.0,141.4,134.0,4.3,3.5,8,0.0,0
0.5,0.1,2.0,West Virginia,101.9,61,120,104.5,12.6,12.5,15,0.0,0.0,112.0,117.0,117.9,121.0,123.4,124.0,8.2,7.5,11,0.5,2
1.0,0.05,0.5,North Carolina,101.9,94,122,94.0,19.1,19.0,22,0.4,1.0,117.3,117.0,125.4,124.0,125.0,125.0,3.6,3.5,5,4.2,5
0.5,0.01,0.5,Pennsylvania,101.9,80,124,105.0,29.0,29.0,33,0.0,0.0,112.2,109.0,119.7,116.0,155.2,158.0,8.3,8.0,12,6.5,11
0.5,0.1,1.0,West Virginia,102.0,96,120,97.0,10.5,10.5,13,0.0,0.0,109.9,113.0,116.2,119.5,122.5,121.0,6.5,7.0,9,0.6,2
0.5,0.05,2.0,South Carolina,102.2,87,149,91.0,12.3,12.0,15,0.0,0.0,147.9,149.0,174.3,168.0,,,0.0,0.0,0,0.0,0
2.0,0.05,2.0,West Virginia,102.2,96,120,96.5,12.2,12.0,14,0.0,0.0,114.3,120.0,120.0,122.0,129.0,139.0,8.1,8.0,11,0.8,2
0.5,0.05,1.0,North Carolina,102.4,94,122,94.0,16.7,17.0,19,0.2,1.0,118.9,120.5,128.1,127.5,125.0,125.0,2.8,2.5,4,3.3,5
1.0,0.05,2.0,North Carolina,102.8,85,122,94.0,23.9,24.0,26,0.3,1.0,121.9,119.5,126.8,124.0,125.0,125.0,4.4,4.5,7,5.7,8
2.0,0.05,0.5,Connecticut,102.9,82,139,96.0,6.8,7.0,7,0.0,0.0,127.1,127.0,139.5,139.0,154.77777777777777,149.0,4.0,4.0,7,0.2,1
2.0,0.01,1.0,Florida,103.1,64,118,100.5,14.2,14.5,16,0.2,1.0,119.0,117.5,132.6,127.0,28.0,28.0,32.7,33.5,38,18.5,24
0.5,0.05,2.0,Connecticut,103.3,82,139,102.0,6.6,7.0,7,0.1,1.0,123.2,120.0,141.5,139.0,172.8,190.0,3.5,3.0,6,0.4,1
1.0,0.05,1.0,Connecticut,103.4,82,120,102.0,6.9,7.0,7,0.1,1.0,127.7,128.5,142.3,139.0,159.7,165.0,3.8,4.0,5,0.1,1
1.0,0.25,2.0,New Hampshire,103.4,68,127,108.0,7.9,8.0,9,0.0,0.0,118.8,123.0,133.0,134.0,213.4,271.0,1.3,1.0,2,1.0,1
0.5,0.05,1.0,Delaware,103.6,92,121,92.0,1.9,2.0,2,0.0,0.0,243.0,251.0,,,154.33333333333334,174.0,1.4444444444444444,1.0,3,0.1,1
2.0,0.05,2.0,Delaware,103.6,92,121,92.0,1.9,2.0,2,0.1111111111111111,1.0,254.77777777777777,251.0,,,144.6,159.5,1.5,1.5,2,0.2,1
0.5,0.25,0.5,New Hampshire,103.7,71,127,108.0,6.3,6.0,7,0.0,0.0,127.8,130.5,134.5,136.0,228.33333333333334,271.0,1.6666666666666667,2.0,2,0.0,0
0.5,0.05,2.0,Maryland,103.8,75,113,111.0,10.9,11.0,13,0.0,0.0,111.0,112.0,113.2,113.0,140.2,133.5,6.9,6.0,12,0.1,1
1.0,0.05,0.5,Delaware,103.8,92,151,92.0,1.8,2.0,3,0.0,0.0,250.42857142857142,251.0,355.0,355.0,165.77777777777777,174.0,1.1111111111111112,1.0,2,0.2,1
2.0,0.05,2.0,Maryland,103.8,75,113,111.0,11.7,11.5,14,0.0,0.0,110.5,113.0,113.7,114.0,126.4,122.0,6.3,6.0,9,0.2,1
0.5,0.01,2.0,Florida,103.8,64,117,106.5,13.8,13.5,20,0.1,1.0,114.6,118.0,124.7,125.5,75.9,52.5,19.0,19.5,23,15.7,19
2.0,0.01,0.5,Florida,104.1,64,122,108.0,13.1,13.5,17,0.2,1.0,116.5,117.5,124.7,122.0,46.1,28.0,27.7,28.0,32,18.3,22
1.0,0.25,0.5,New Hampshire,104.2,68,127,108.0,6.3,6.0,7,0.0,0.0,123.6,123.0,135.6,134.0,232.6,271.0,1.5,1.5,2,0.0,0
2.0,0.05,2.0,Connecticut,104.4,82,120,112.0,6.8,7.0,7,0.0,0.0,124.8,120.0,140.4,139.0,195.2,199.0,3.7,4.0,6,0.2,1
1.0,0.1,2.0,New Hampshire,104.4,71,134,108.0,7.3,7.0,8,0.0,0.0,132.3,134.0,144.0,138.0,213.4,271.0,1.3,1.0,2,1.0,1
2.0,0.1,1.0,New Hampshire,104.7,68,134,127.0,7.6,7.5,9,0.0,0.0,129.6,134.0,137.5,138.0,232.6,271.0,1.2,1.0,2,1.0,1
0.5,0.05,2.0,North Carolina,104.7,94,122,94.0,23.2,23.0,26,0.2,1.0,122.4,124.0,130.6,131.0,125.0,125.0,3.1,3.0,6,3.9,6
1.0,0.05,2.0,Connecticut,105.8,82,130,106.0,6.8,7.0,7,0.1,1.0,126.9,128.5,142.0,139.0,188.2,199.0,3.5,3.0,6,0.2,1
1.0,0.05,2.0,South Carolina,106.0,91,149,91.0,15.9,16.0,18,0.0,0.0,142.7,147.5,160.8,160.0,581.5,581.5,1.3,1.0,2,0.0,0
0.5,0.01,0.5,Nevada,106.0,60,151,123.0,3.7,4.0,4,0.0,0.0,126.7,131.0,147.7,158.5,152.66666666666666,136.0,1.3333333333333333,1.0,3,0.0,0
2.0,0.05,1.0,Connecticut,106.0,82,120,108.0,6.6,7.0,7,0.2,1.0,126.6,131.0,141.1,139.0,166.0,149.0,4.2,4.0,7,0.4,1
2.0,0.05,0.5,Delaware,106.5,92,121,106.5,1.9,2.0,3,0.0,0.0,233.0,250.0,355.0,355.0,157.55555555555554,174.0,1.2222222222222223,1.0,2,0.0,0
1.0,0.1,0.5,Delaware,106.5,92,121,106.5,1.8,2.0,3,0.0,0.0,250.42857142857142,251.0,355.0,355.0,155.66666666666666,174.0,1.3333333333333333,1.0,2,0.3,1
0.5,0.1,2.0,Delaware,106.5,92,121,106.5,1.8,2.0,3,0.0,0.0,240.14285714285714,249.0,355.0,355.0,143.57142857142858,145.0,1.4285714285714286,1.0,2,0.3,1
2.0,0.05,2.0,North Carolina,106.5,94,122,105.5,24.7,25.0,28,0.1,1.0,119.9,119.5,128.9,124.0,125.0,125.0,4.5,4.5,8,6.0,10
0.5,0.05,0.5,Delaware,106.6,92,151,92.0,1.1,1.0,2,0.0,0.0,181.0,181.0,,,156.0,174.0,1.4444444444444444,1.0,4,0.1,1
1.0,0.05,1.0,Delaware,106.6,92,151,92.0,1.6,2.0,2,0.0,0.0,300.1666666666667,251.0,,,157.55555555555554,174.0,1.1,1.0,2,0.2,1
1.0,0.25,0.5,Maine,106.6,87,157,87.0,8.1,8.0,10,0.0,0.0,154.2,157.0,174.9,186.0,238.0,238.0,0.2,0.0,1,0.9,1
0.5,0.01,0.5,Washington,106.6,49,137,123.0,6.9,6.5,10,0.8,4.0,124.6,139.5,142.1,144.0,120.3,134.0,9.2,8.5,15,7.2,11
0.5,0.05,1.0,West Virginia,106.9,96,120,105.5,9.2,9.0,12,0.0,0.0,113.9,119.5,120.2,121.0,125.9,136.0,6.4,6.0,9,0.4,1
ALL,ALL,ALL,West Virginia,106.991643454039,61,233,97.0,10.885793871866296,11.0,17,0.0,0.0,124.21727019498607,119.0,144.1759776536313,120.0,138.34393063583815,131.0,7.03757225433526,7.0,16,0.3732590529247911,4
1.0,0.25,2.0,Maine,107.1,87,157,89.5,10.5,11.0,11,0.0,0.0,155.2,157.0,175.2,186.0,326.1,331.0,1.6,1.5,3,0.8,1
2.0,0.05,1.0,Maryland,107.6,90,113,111.0,10.9,11.0,12,0.0,0.0,111.2,113.0,113.6,114.0,134.1,134.0,6.4,5.5,13,0.3,1
ALL,ALL,ALL,Connecticut,108.38888888888889,82,295,100.0,6.361111111111111,7.0,7,0.030555555555555555,1.0,130.30555555555554,120.0,150.2534818941504,139.0,171.67543859649123,161.0,3.4236311239193085,3.0,8,0.2861111111111111,2
0.5,0.05,0.5,West Virginia,109.0,96,120,113.0,7.4,8.0,9,0.0,0.0,114.2,120.0,119.2,122.0,130.5,139.0,4.2,4.0,6,0.6,2
1.0,0.05,2.0,Delaware,109.5,92,151,106.5,1.9,2.0,2,0.0,0.0,227.44444444444446,251.0,,,166.6,174.0,1.3,1.0,2,0.0,0
0.5,0.05,2.0,Delaware,109.5,92,151,106.5,1.9,2.0,2,0.1111111111111111,1.0,261.8888888888889,251.0,,,151.1,174.0,1.4,1.0,3,0.1,1
2.0,0.05,1.0,Delaware,109.6,92,151,92.0,2.0,2.0,2,0.1,1.0,253.4,249.0,,,165.77777777777777,174.0,1.0,1.0,2,0.1,1
2.0,0.01,2.0,Florida,109.8,94,118,117.0,14.6,15.0,18,0.3,1.0,122.5,122.0,132.6,133.0,28.0,28.0,32.9,32.5,39,17.9,23
1.0,0.01,2.0,Florida,110.1,91,117,116.5,12.8,13.0,15,0.2,1.0,120.8,120.5,131.7,133.0,54.9,28.0,30.8,30.5,39,20.2,23
ALL,ALL,ALL,North Carolina,110.2388888888889,85,247,94.0,20.52777777777778,23.0,32,0.21388888888888888,1.0,129.38888888888889,117.0,142.65555555555557,124.0,161.59475218658892,125.0,3.4643874643874644,3.0,8,4.205555555555556,10
2.0,0.25,2.0,Maine,110.3,87,157,92.0,11.2,11.0,12,0.0,0.0,145.8,147.5,166.7,165.0,403.7,424.0,1.1,1.0,2,0.4,1
1.0,0.01,0.5,Florida,110.6,99,118,117.0,12.3,12.5,15,0.4,2.0,122.3,122.0,131.9,133.0,55.2,28.0,16.9,18.0,22,15.7,20
1.0,0.05,1.0,West Virginia,110.8,97,120,112.5,10.9,10.5,14,0.0,0.0,120.8,120.0,122.0,122.0,110.0,134.0,8.0,7.5,11,1.1,2
ALL,ALL,ALL,Delaware,110.99722222222222,92,192,92.0,1.575,2.0,3,0.06842105263157895,1.0,251.33157894736843,251.0,355.0,355.0,166.15413533834587,174.0,1.0816993464052287,1.0,4,0.25277777777777777,1
2.0,0.05,0.5,West Virginia,111.0,97,120,113.0,12.2,12.0,15,0.0,0.0,120.0,120.0,121.4,122.0,130.3,139.0,7.3,7.0,9,0.7,3
2.0,0.25,1.0,New Jersey,111.2,107,114,114.0,8.4,8.0,9,0.0,0.0,116.4,118.0,124.0,119.0,139.8,142.0,2.9,3.0,4,0.0,0
1.0,0.25,1.0,New Jersey,111.2,107,114,114.0,7.7,8.0,8,0.0,0.0,116.4,118.0,127.3,122.5,139.8,142.0,3.0,3.0,4,0.0,0
0.5,0.05,2.0,West Virginia,111.6,96,120,116.5,11.6,12.0,14,0.0,0.0,119.2,121.0,121.5,122.0,132.6,139.0,6.5,6.5,9,0.4,2
0.5,0.25,0.5,New Jersey,111.9,107,114,114.0,6.6,7.0,7,0.0,0.0,116.8,118.0,127.4,122.5,139.8,142.0,2.9,3.0,4,0.0,0
0.5,0.1,0.5,North Carolina,112.5,85,122,117.0,10.2,10.0,13,0.0,0.0,121.4,122.0,125.0,124.0,125.0,125.0,1.4,1.0,2,2.3,3
1.0,0.25,0.5,New Jersey,112.6,107,114,114.0,6.4,6.5,7,0.0,0.0,117.2,118.0,128.2,126.0,142.0,142.0,2.9,3.0,3,0.0,0
1.0,0.01,1.0,Florida,112.6,64,138,117.0,13.3,13.5,16,0.4,1.0,125.2,132.0,133.0,139.5,80.4,28.0,22.1,21.5,33,17.0,21
1.0,0.25,2.0,New Jersey,113.0,107,118,114.0,8.4,8.0,9,0.0,0.0,117.3,118.0,132.8,139.0,139.8,142.0,2.7,3.0,3,0.0,0
0.5,0.25,2.0,New Jersey,113.0,107,118,114.0,6.6,7.0,7,0.0,0.0,118.4,118.0,130.3,132.5,139.8,142.0,2.6,3.0,4,0.0,0
2.0,0.25,2.0,New Jersey,113.0,107,118,114.0,8.2,8.0,9,0.0,0.0,118.0,118.0,129.5,132.5,137.6,142.0,3.0,3.0,4,0.0,0
0.5,0.1,1.0,New Hampshire,113.0,71,134,123.0,6.7,7.0,8,0.0,0.0,131.5,134.0,138.9,138.0,232.6,271.0,1.5,1.5,2,0.0,0
1.0,0.01,2.0,Alabama,113.2,84,223,100.0,8.7,9.0,10,0.0,0.0,190.3,175.0,221.0,208.5,349.7142857142857,433.0,1.1428571428571428,1.0,2,0.0,0
0.5,0.25,1.0,New Jersey,113.4,107,118,114.0,6.2,6.0,7,0.0,0.0,121.4,118.0,131.6,126.0,139.8,142.0,2.4,2.0,4,0.0,0
0.5,0.05,0.5,North Carolina,113.4,94,122,117.0,10.1,10.0,12,0.1,1.0,122.3,122.0,126.8,124.0,139.2,125.0,1.8,1.5,3,1.9,3
2.0,0.05,1.0,West Virginia,113.6,97,120,117.0,11.6,12.0,13,0.0,0.0,120.3,121.0,126.2,122.0,111.3,139.0,6.3,6.5,8,0.6,2
2.0,0.25,0.5,Maine,113.6,87,157,89.5,10.4,11.0,11,0.0,0.0,152.8,157.0,175.8,186.0,424.0,424.0,1.0,1.0,1,0.8,1
0.5,0.01,0.5,Florida,113.6,91,137,117.0,11.2,10.5,14,0.2,1.0,127.3,122.0,133.8,133.0,85.5,75.5,10.1,11.0,13,13.8,16
0.5,0.1,1.0,New Jersey,113.7,107,118,114.0,5.4,5.5,6,0.0,0.0,119.7,118.0,131.3,132.5,137.6,142.0,3.0,3.0,4,0.0,0
2.0,0.05,2.0,Louisiana,113.8,73,202,73.0,3.3,3.5,5,0.0,0.0,213.8,202.0,391.7142857142857,438.0,,,0.0,0.0,0,0.0,0
2.0,0.1,1.0,Louisiana,113.8,73,202,73.0,3.9,4.0,5,0.0,0.0,262.2,202.0,331.3,255.0,,,0.0,0.0,0,0.0,0
1.0,0.1,0.5,Louisiana,113.8,73,202,73.0,2.4,2.0,3,0.0,0.0,217.5,202.0,255.0,255.0,,,0.0,0.0,0,0.0,0
1.0,0.1,2.0,Louisiana,114.0,73,202,73.0,3.5,3.5,6,0.0,0.0,240.0,202.0,351.0,346.5,,,0.0,0.0,0,0.0,0
1.0,0.05,2.0,West Virginia,114.0,96,120,120.0,11.3,11.0,14,0.0,0.0,121.2,122.0,122.0,122.0,124.7,139.0,8.0,8.0,9,1.0,2
1.0,0.1,1.0,New Jersey,114.1,107,118,114.0,6.7,7.0,8,0.0,0.0,122.2,118.0,140.4,139.0,139.8,142.0,2.9,3.0,4,0.0,0
2.0,0.1,0.5,New Jersey,114.6,107,118,116.0,6.8,7.0,8,0.0,0.0,126.8,122.0,140.9,139.0,141.9,142.0,2.5,2.5,3,0.0,0
2.0,0.25,0.5,New Jersey,114.8,114,118,114.0,7.9,8.0,8,0.0,0.0,122.2,118.0,136.0,139.0,139.8,142.0,2.7,3.0,4,0.0,0
1.0,0.1,0.5,New Jersey,114.8,114,118,114.0,5.5,6.0,6,0.0,0.0,122.2,118.0,137.7,139.0,139.6,142.0,2.9,3.0,4,0.0,0
1.0,0.01,2.0,Georgia,114.9,59,145,132.0,33.1,34.0,39,0.1,1.0,141.8,145.0,152.0,154.0,215.6,180.0,4.3,5.0,8,3.9,5
2.0,0.1,1.0,New Jersey,115.2,114,118,114.0,7.3,7.5,8,0.0,0.0,124.3,118.0,140.5,139.0,142.1,142.0,2.8,3.0,4,0.0,0
2.0,0.1,2.0,New Jersey,115.2,114,118,114.0,7.5,8.0,8,0.0,0.0,124.3,118.0,132.7,132.5,139.8,142.0,2.7,3.0,4,0.0,0
0.5,0.05,1.0,New Jersey,115.3,107,118,116.0,5.2,5.0,7,0.0,0.0,129.5,128.5,144.6,141.0,145.6,142.0,1.7,1.5,3,0.0,0
0.5,0.1,0.5,New Jersey,115.3,107,118,116.0,5.1,5.0,7,0.0,0.0,124.5,118.5,142.0,139.0,142.0,142.0,2.2,2.0,3,0.0,0
ALL,ALL,ALL,South Carolina,115.55710306406685,87,362,91.0,12.540389972144848,13.0,21,0.0,0.0,150.19832402234636,127.0,171.39495798319328,149.0,463.9514563106796,581.0,1.233009708737864,1.0,3,0.0,0
2.0,0.1,0.5,New Hampshire,115.6,71,134,123.0,7.1,7.0,8,0.0,0.0,133.0,134.0,138.6,138.0,251.8,271.0,1.1,1.0,2,1.0,1
0.5,0.05,0.5,New Jersey,115.7,107,118,118.0,4.5,4.5,5,0.0,0.0,131.2,139.0,142.8,149.0,145.5,142.0,2.0,2.0,4,0.0,0
0.5,0.1,2.0,New Jersey,115.7,107,118,118.0,5.2,5.0,7,0.0,0.0,131.3,132.5,144.4,143.0,144.6,142.0,2.0,2.0,3,0.0,0
1.0,0.01,1.0,Virginia,115.9,75,162,113.5,20.8,20.5,25,0.1,1.0,154.1,162.0,170.6,168.0,186.3,174.5,7.7,6.5,13,4.0,7
1.0,0.1,2.0,New Jersey,116.0,114,118,116.0,7.3,8.0,9,0.0,0.0,126.5,118.5,142.0,144.0,142.8,142.0,2.3,2.0,4,0.0,0
0.5,0.01,2.0,Alabama,116.0,84,194,92.0,6.0,5.5,9,0.0,0.0,179.9,173.0,213.0,194.0,226.25,238.0,1.0,1.0,1,0.0,0
2.0,0.05,0.5,South Carolina,116.1,87,158,109.0,14.6,14.5,16,0.0,0.0,148.3,149.0,169.7,162.0,356.6666666666667,273.0,1.3333333333333333,1.0,2,0.0,0
1.0,0.05,0.5,Connecticut,116.3,82,139,116.0,6.7,7.0,7,0.1,1.0,133.0,139.0,147.9,152.0,164.9,149.0,3.8,3.5,6,0.3,1
1.0,0.05,2.0,New Jersey,116.4,114,118,118.0,5.8,6.0,7,0.0,0.0,126.6,119.0,143.0,139.0,142.0,142.0,2.8,3.0,3,0.0,0
1.0,0.1,0.5,New Hampshire,116.4,71,134,127.0,6.0,6.0,7,0.0,0.0,132.2,134.0,138.6,138.0,251.8,271.0,1.4,1.0,2,0.2,1
0.5,0.05,2.0,New Jersey,116.8,114,118,118.0,5.0,5.0,6,0.0,0.0,130.1,132.5,149.5,149.0,142.11111111111111,142.0,1.7777777777777777,2.0,3,0.0,0
2.0,0.05,0.5,New Jersey,116.8,114,118,118.0,5.3,5.0,7,0.0,0.0,132.4,139.0,144.2,148.0,145.5,142.0,1.7,2.0,3,0.0,0
2.0,0.05,2.0,New Jersey,116.8,114,118,118.0,6.8,7.0,8,0.0,0.0,135.7,139.0,149.9,149.0,225.33333333333334,142.0,2.2222222222222223,2.0,3,0.0,0
2.0,0.01,0.5,Massachusetts,117.1,92,146,117.5,7.2,7.0,9,0.0,0.0,135.0,137.0,145.6,146.0,121.7,28.0,1.4,1.0,2,0.0,0
1.0,0.05,0.5,New Jersey,117.2,114,118,118.0,5.0,5.0,6,0.0,0.0,135.8,139.0,150.0,149.0,144.5,142.0,2.0,2.0,4,0.0,0
2.0,0.05,1.0,New Jersey,117.2,114,118,118.0,5.8,6.0,7,0.0,0.0,131.6,139.0,146.1,149.0,179.5,142.0,2.2,2.0,4,0.0,0
1.0,0.05,1.0,New Jersey,117.2,114,118,118.0,6.0,6.0,8,0.0,0.0,132.8,139.0,146.7,148.0,145.25,142.0,2.25,2.0,4,0.0,0
0.5,0.1,0.5,New Hampshire,117.5,71,134,127.0,5.4,5.0,6,0.0,0.0,133.7,134.0,139.0,138.0,251.8,271.0,1.5,1.5,2,0.0,0
0.5,0.01,2.0,Maryland,117.7,112,154,113.0,7.3,7.0,9,0.0,0.0,130.4,121.5,149.3,145.0,135.6,120.5,7.9,7.5,13,0.5,1
0.5,0.01,1.0,Massachusetts,117.8,92,146,113.0,5.7,6.0,8,0.0,0.0,138.1,143.0,164.8,157.5,146.4,224.0,1.0,1.0,1,0.0,0
1.0,0.01,1.0,Arkansas,117.9,53,154,116.5,5.3,5.5,7,0.0,0.0,219.0,252.0,315.9,297.0,186.66666666666666,151.5,2.8333333333333335,2.0,6,0.0,0
0.5,0.01,0.5,Georgia,118.0,59,154,128.5,8.6,8.0,14,0.1,1.0,145.0,141.0,164.8,157.0,157.14285714285714,180.0,1.25,1.0,3,0.7,3
1.0,0.05,0.5,Louisiana,118.1,73,202,89.0,2.1,2.0,3,0.0,0.0,202.125,202.0,237.33333333333334,255.0,,,0.0,0.0,0,0.0,0
0.5,0.01,2.0,Massachusetts,118.1,92,140,122.5,6.9,7.0,8,0.0,0.0,137.9,140.0,150.3,146.0,97.125,28.0,1.375,1.0,3,0.0,0
1.0,0.1,1.0,Louisiana,118.1,73,202,89.0,2.5,2.5,3,0.0,0.0,221.7,202.0,255.0,255.0,,,0.0,0.0,0,0.0,0
2.0,0.25,1.0,Maine,118.2,87,157,112.5,11.0,11.0,12,0.0,0.0,150.3,147.5,169.1,165.0,405.4,424.0,1.1,1.0,2,0.7,2
0.5,0.1,2.0,New Hampshire,118.6,71,134,127.0,7.3,7.0,8,0.0,0.0,133.0,134.0,138.6,138.0,251.8,271.0,1.1,1.0,2,0.4,1
2.0,0.01,1.0,Virginia,118.9,75,162,112.0,23.4,24.0,28,0.0,0.0,135.4,139.0,150.9,162.0,119.9,149.5,8.1,8.5,15,3.9,9
2.0,0.01,1.0,Maryland,119.0,112,171,113.0,7.9,8.0,10,0.0,0.0,142.2,134.0,178.5,172.0,143.2,120.5,8.7,9.5,11,1.1,3
1.0,0.25,1.0,Maine,119.2,87,157,115.0,10.4,10.0,12,0.0,0.0,152.8,157.0,174.5,186.0,386.8,424.0,1.2,1.0,2,0.5,1
2.0,0.01,1.0,Georgia,119.2,59,145,128.0,32.6,32.0,42,0.0,0.0,136.0,132.0,144.2,145.0,216.8,182.5,4.0,4.0,7,4.1,8
0.5,0.01,0.5,Maryland,119.9,111,180,113.0,4.2,4.5,6,0.0,0.0,136.8,129.5,183.66666666666666,174.0,129.6,120.5,3.8,3.0,6,0.1,1
2.0,0.01,1.0,New Jersey,120.1,118,139,118.0,4.5,5.0,6,0.0,0.0,154.9,160.0,245.3,163.0,245.75,162.0,2.0,2.0,3,0.0,0
1.0,0.01,1.0,Montana,120.4,81,182,108.5,4.5,5.0,6,0.0,0.0,215.0,174.0,217.33333333333334,182.0,127.14285714285714,103.0,1.7142857142857142,1.0,3,0.1,1
1.0,0.01,0.5,Georgia,121.0,59,145,132.0,17.3,17.0,21,0.0,0.0,147.1,145.0,157.3,157.0,267.625,224.0,1.8888888888888888,2.0,3,1.7,4
1.0,0.05,0.5,New Hampshire,121.1,71,134,130.5,5.9,6.0,7,0.0,0.0,136.0,136.0,174.0,174.0,247.0,271.0,1.0,1.0,2,0.1,1
ALL,ALL,ALL,New Jersey,121.125,107,251,118.0,5.677777777777778,6.0,9,0.0028089887640449437,1.0,138.4129213483146,122.5,166.5632183908046,139.0,158.7202572347267,142.0,2.356913183279743,2.0,5,0.002777777777777778,1
1.0,0.01,2.0,Maryland,121.5,112,180,113.0,8.2,8.0,10,0.0,0.0,150.8,141.0,195.3,170.5,153.9,130.5,9.8,9.5,15,0.7,2
2.0,0.05,2.0,New Hampshire,121.6,71,134,127.0,7.0,7.0,8,0.0,0.0,136.6,134.0,167.5,138.0,248.625,271.0,0.9,1.0,2,1.0,1
1.0,0.1,1.0,Maine,122.4,87,157,138.0,9.4,9.0,11,0.0,0.0,164.5,157.0,186.8,186.0,304.1,230.5,2.0,2.0,4,0.9,1
0.5,0.25,1.0,Maine,122.4,87,157,138.0,6.0,6.0,7,0.0,0.0,157.9,157.0,180.9,190.0,424.0,424.0,0.8,1.0,1,1.0,1
2.0,0.01,0.5,Virginia,122.7,75,188,114.0,23.1,23.0,27,0.0,0.0,158.5,157.5,170.9,171.5,180.1,173.5,7.2,7.5,15,3.2,4
2.0,0.01,0.5,Maryland,122.8,113,171,113.0,8.0,8.0,10,0.1,1.0,150.6,149.0,170.7,172.5,171.5,184.5,8.6,8.0,13,0.7,3
1.0,0.1,1.0,New Hampshire,123.1,108,134,127.0,7.3,7.0,8,0.0,0.0,134.4,134.0,139.4,138.0,271.0,271.0,1.0,1.0,1,1.0,1
0.5,0.01,0.5,Arkansas,123.375,105,154,105.0,1.5,1.0,3,0.0,0.0,159.66666666666666,128.0,154.0,154.0,138.0,138.0,2.0,2.0,2,0.0,0
1.0,0.01,0.5,Maryland,123.5,112,153,113.5,6.2,6.5,8,0.0,0.0,141.3,137.5,184.7,174.0,167.9,128.0,5.9,5.0,10,0.7,2
0.5,0.01,1.0,Montana,123.7,81,182,108.5,4.2,4.0,6,0.0,0.0,169.3,174.0,200.1,182.0,173.75,103.0,2.111111111111111,1.0,6,0.4,2
2.0,0.01,2.0,Maryland,124.0,110,171,114.0,8.5,8.5,10,0.0,0.0,157.1,170.0,173.6,174.0,136.5,130.0,9.4,10.0,13,0.6,2
0.5,0.01,2.0,West Virginia,124.1,96,166,120.0,8.4,8.0,11,0.0,0.0,140.1,122.0,188.0,176.0,119.3,139.0,4.0,4.0,8,0.0,0
1.0,0.01,1.0,Alabama,124.6,84,194,98.5,5.7,6.0,8,0.0,0.0,189.4,185.5,223.6,212.5,,,0.0,0.0,0,0.0,0
2.0,0.01,0.5,Arkansas,124.8,99,154,128.0,4.7,4.5,7,0.0,0.0,192.5,151.0,278.5,273.5,244.85714285714286,279.0,3.0,3.0,6,0.1,1
0.5,0.01,2.0,New Jersey,125.3,118,160,118.0,3.4,3.0,4,0.0,0.0,157.6,160.0,208.4,163.0,181.6,175.0,1.0,1.0,1,0.0,0
0.5,0.01,1.0,Georgia,125.7,59,154,136.5,16.0,15.5,23,0.1,1.0,154.4,147.5,170.0,162.5,209.0,241.5,2.1,1.0,5,2.1,3
2.0,0.01,0.5,Georgia,126.4,113,145,125.0,29.8,30.5,33,0.0,0.0,138.4,137.0,150.0,145.0,125.3,96.5,2.8,2.5,5,2.8,5
2.0,0.1,2.0,New Hampshire,126.5,108,134,127.0,7.0,7.0,7,0.0,0.0,134.8,134.0,148.0,138.0,271.0,271.0,0.9,1.0,1,1.0,1
2.0,0.01,0.5,West Virginia,126.7,119,176,122.0,8.2,8.5,10,0.0,0.0,169.4,155.5,245.9,228.5,201.625,154.0,2.25,1.5,6,0.1,1
1.0,0.01,1.0,Maryland,126.9,112,171,113.5,7.7,7.0,10,0.0,0.0,145.0,136.0,168.2,174.0,164.2,122.0,8.3,7.5,13,0.4,1
2.0,0.05,0.5,New Hampshire,127.0,108,134,130.5,6.7,7.0,7,0.0,0.0,151.8,136.0,175.1,145.0,271.0,271.0,0.9,1.0,1,1.0,1
1.0,0.01,1.0,West Virginia,127.1,120,177,122.0,7.6,7.0,11,0.0,0.0,161.7,171.0,263.9,224.0,294.22222222222223,186.0,2.888888888888889,2.0,7,0.1,1
2.0,0.01,0.5,New Jersey,127.4,118,160,118.0,4.0,4.0,6,0.0,0.0,158.3,161.5,250.0,197.5,182.8,162.0,1.6,1.0,3,0.0,0
0.5,0.05,2.0,New Hampshire,127.4,108,134,134.0,6.8,7.0,8,0.0,0.0,136.4,138.0,172.8,152.0,271.0,271.0,0.9,1.0,1,0.6,1
0.5,0.01,2.0,Virginia,127.6,75,175,139.0,19.4,19.0,27,0.0,0.0,158.3,162.0,178.5,180.0,171.4,165.0,5.8,5.5,10,2.3,4
2.0,0.01,1.0,Massachusetts,127.7,112,146,125.0,7.7,7.5,10,0.0,0.0,136.7,135.0,152.7,146.0,194.0,226.0,1.2857142857142858,1.0,2,0.0,0
0.5,0.01,0.5,West Virginia,127.88888888888889,120,166,122.0,3.5555555555555554,3.0,5,0.0,0.0,161.55555555555554,176.0,206.22222222222223,215.0,160.4,139.0,2.8,3.0,5,0.0,0
0.5,0.01,2.0,Montana,127.9,81,296,81.0,4.7,4.5,8,0.0,0.0,188.9,166.0,231.77777777777777,182.0,160.75,103.0,2.3333333333333335,2.0,4,0.1,1
0.5,0.05,1.0,New Hampshire,128.3,119,134,127.0,5.0,5.0,6,0.0,0.0,135.2,134.0,162.4,145.0,271.0,271.0,1.1111111111111112,1.0,2,0.0,0
0.5,0.25,0.5,Maine,128.4,87,157,138.0,3.2,3.0,5,0.0,0.0,164.3,157.0,191.75,195.0,238.0,238.0,0.6666666666666666,1.0,1,0.2,1
0.5,0.01,2.0,Georgia,128.6,62,145,132.0,26.9,27.5,32,0.0,0.0,146.3,143.5,157.5,149.5,69.9,28.0,2.7,3.0,4,2.2,5
1.0,0.05,1.0,New Hampshire,128.9,119,134,130.5,6.8,7.0,8,0.0,0.0,144.2,136.0,171.0,152.0,271.0,271.0,0.9,1.0,1,0.9,1
2.0,0.01,2.0,Montana,129.5,81,182,134.5,5.9,6.0,8,0.1,1.0,191.2,182.0,224.5,182.0,125.85714285714286,103.0,1.5555555555555556,1.0,4,1.1,3
0.5,0.05,0.5,New Hampshire,129.6,119,134,134.0,4.7,4.5,6,0.0,0.0,136.4,138.0,173.1,166.5,273.375,271.0,1.0,1.0,1,0.0,0
2.0,0.05,1.0,New Hampshire,129.7,119,134,130.5,7.1,7.0,9,0.0,0.0,135.3,136.0,159.1,145.0,273.375,271.0,0.8,1.0,1,1.0,1
1.0,0.01,2.0,Massachusetts,129.8,92,185,130.5,7.6,8.0,8,0.0,0.0,148.3,146.0,161.6,160.5,95.0,28.0,1.25,1.0,2,0.0,0
1.0,0.05,2.0,New Hampshire,129.8,127,134,127.0,7.1,7.0,8,0.0,0.0,135.6,134.0,156.6,145.0,271.0,271.0,1.1,1.0,2,1.0,1
1.0,0.01,0.5,Massachusetts,129.9,112,146,125.0,6.4,6.5,7,0.0,0.0,143.9,146.0,159.7,157.0,107.2,28.0,1.0,1.0,1,0.0,0
ALL,ALL,ALL,New Hampshire,130.14245810055866,68,396,127.0,6.162011173184357,7.0,9,0.0056657223796034,1.0,163.05099150141643,134.0,190.7683284457478,138.0,240.93703703703704,271.0,1.0411392405063291,1.0,2,0.5865921787709497,1
0.5,0.1,1.0,Maine,130.3,87,157,138.0,5.3,5.0,8,0.0,0.0,171.9,165.5,191.6,190.0,299.25,229.5,1.25,1.0,2,0.8,1
1.0,0.01,2.0,Virginia,130.3,93,203,131.0,24.1,24.0,28,0.0,0.0,151.2,162.0,181.1,173.5,221.2,223.0,7.0,7.5,10,2.7,4
0.5,0.05,1.0,Louisiana,130.33333333333334,73,202,73.0,2.3333333333333335,2.0,3,0.0,0.0,248.75,202.0,308.75,255.0,,,0.0,0.0,0,0.0,0
1.0,0.05,0.5,Maine,130.5,87,174,147.5,6.8,7.0,9,0.0,0.0,171.9,171.5,189.3,190.0,265.0,221.0,1.0,1.0,2,0.4,1
1.0,0.05,1.0,Louisiana,131.0,73,202,105.0,1.9,2.0,3,0.0,0.0,231.57142857142858,202.0,338.0,338.0,,,0.0,0.0,0,0.0,0
0.5,0.05,0.5,Louisiana,131.0,73,202,105.0,1.4,1.0,2,0.0,0.0,202.0,202.0,,,,,0.0,0.0,0,0.0,0
1.0,0.01,2.0,Montana,131.0,81,255,108.5,5.3,5.5,8,0.0,0.0,191.5,182.0,263.1,255.0,154.125,103.0,1.7777777777777777,2.0,3,0.2,1
2.0,0.01,2.0,West Virginia,131.5,120,177,122.0,7.9,8.0,10,0.0,0.0,189.0,188.5,239.2,220.0,216.4,139.0,3.3,2.5,6,0.1,1
1.0,0.01,1.0,North Carolina,131.8,94,184,131.0,13.6,14.0,17,0.0,0.0,170.7,171.0,197.7,206.0,344.0,368.0,1.6666666666666667,1.0,4,2.0,4
0.5,0.25,2.0,Maine,132.1,87,157,138.0,10.3,10.0,12,0.0,0.0,162.8,157.0,185.5,186.0,405.4,424.0,1.1,1.0,2,0.8,1
0.5,0.01,1.0,Maryland,132.3,100,174,113.5,6.3,6.0,9,0.0,0.0,144.6,146.0,198.1,186.5,174.6,179.5,6.6,6.0,13,0.8,2
ALL,ALL,ALL,Louisiana,132.36011904761904,73,567,73.0,2.6845238095238093,3.0,6,0.0,0.0,218.70498084291188,202.0,280.66473988439304,255.0,291.0,291.0,1.0,1.0,1,0.0,0
2.0,0.01,1.0,Montana,133.1,81,182,134.5,6.4,6.0,8,0.0,0.0,189.3,182.0,225.1,182.0,143.33333333333334,136.0,1.6,1.5,3,0.3,1
1.0,0.05,2.0,Louisiana,133.4,73,258,89.0,2.7,2.5,4,0.0,0.0,281.3,202.0,373.2,438.0,,,0.0,0.0,0,0.0,0
2.0,0.1,0.5,Maine,134.3,87,173,147.5,10.0,10.0,11,0.0,0.0,170.7,165.5,186.8,186.0,325.2,331.0,1.5,1.5,2,0.6,1
1.0,0.01,1.0,Georgia,134.4,125,145,132.0,26.0,25.5,33,0.0,0.0,145.1,142.0,156.6,148.0,285.9,254.0,2.4,2.0,6,2.6,7
2.0,0.01,2.0,Massachusetts,134.5,105,153,137.0,7.6,7.5,9,0.0,0.0,148.4,146.0,165.6,169.0,223.83333333333334,205.5,2.1666666666666665,2.0,3,0.2,1
1.0,0.01,1.0,Massachusetts,134.7,105,189,124.0,7.4,7.0,8,0.0,0.0,147.4,141.5,156.4,146.0,77.5,28.0,1.25,1.0,2,0.0,0
0.5,0.01,2.0,Delaware,134.8,92,166,151.0,1.2,1.0,2,0.0,0.0,251.0,251.0,,,156.77777777777777,174.0,1.2222222222222223,1.0,2,0.0,0
1.0,0.1,2.0,Maine,134.9,87,174,147.5,10.6,10.0,12,0.0,0.0,170.0,171.5,185.6,188.0,302.4,222.0,1.8,2.0,3,0.5,1
1.0,0.01,0.5,Connecticut,135.7,120,164,139.0,5.2,5.0,7,0.0,0.0,159.1,157.0,182.3,163.0,232.44444444444446,194.0,2.1,2.0,6,0.4,1
2.0,0.01,2.0,Virginia,136.0,75,168,139.0,24.3,24.5,32,0.0,0.0,161.1,162.0,172.6,165.0,121.4,99.0,7.3,6.5,12,3.5,6
2.0,0.01,0.5,Alabama,136.4,84,228,113.0,7.2,7.5,10,0.0,0.0,225.5,194.0,257.4,223.0,296.6666666666667,213.5,1.1666666666666667,1.0,2,0.0,0
0.5,0.01,0.5,Massachusetts,136.8,121,165,136.5,5.5,5.5,7,0.0,0.0,149.0,146.0,168.2,168.0,226.0,226.0,1.0,1.0,1,0.1,1
1.0,0.01,0.5,West Virginia,137.3,120,203,122.0,4.5,4.0,7,0.0,0.0,189.9,177.0,222.55555555555554,203.0,243.125,155.5,3.0,2.5,7,0.0,0
2.0,0.01,2.0,North Carolina,137.5,94,247,124.0,16.0,16.0,18,0.0,0.0,175.2,179.0,198.9,200.0,335.0,385.5,2.7,3.0,5,4.5,7
2.0,0.01,0.5,Connecticut,137.8,120,158,139.0,6.5,7.0,7,0.0,0.0,152.3,157.0,188.1,163.5,222.33333333333334,230.0,2.888888888888889,3.0,4,0.2,1
2.0,0.01,1.0,West Virginia,137.9,119,233,122.0,8.8,9.0,11,0.0,0.0,169.8,135.0,202.2,177.0,186.77777777777777,139.0,5.555555555555555,6.0,9,0.0,0
0.5,0.25,1.0,Rhode Island,138.0,138,138,138.0,1.5,1.5,2,0.0,0.0,157.2,154.0,,,,,0.0,0.0,0,0.0,0
1.0,0.05,2.0,Rhode Island,138.0,138,138,138.0,2.4,2.5,4,0.0,0.0,366.375,375.0,459.4,438.0,,,0.0,0.0,0,0.0,0
1.0,0.25,0.5,Rhode Island,138.0,138,138,138.0,2.4,2.5,3,0.0,0.0,155.77777777777777,154.0,162.0,162.0,,,0.0,0.0,0,0.0,0
1.0,0.05,0.5,Rhode Island,138.0,138,138,138.0,1.2,1.0,2,0.0,0.0,154.0,154.0,,,225.0,225.0,1.0,1.0,1,0.0,0
1.0,0.25,2.0,Rhode Island,138.0,138,138,138.0,3.4,3.5,4,0.0,0.0,308.7,375.0,417.0,438.0,,,0.0,0.0,0,0.0,0
2.0,0.25,1.0,Rhode Island,138.0,138,138,138.0,3.5,3.5,4,0.0,0.0,244.8,162.0,357.6,375.0,,,0.0,0.0,0,0.0,0
2.0,0.05,1.0,Rhode Island,138.0,138,138,138.0,2.5,2.0,4,0.0,0.0,358.6,375.0,449.0,447.0,225.0,225.0,1.0,1.0,1,0.0,0
0.5,0.25,2.0,Rhode Island,138.0,138,138,138.0,2.4,2.0,3,0.0,0.0,288.2,375.0,375.0,375.0,,,0.0,0.0,0,0.0,0
1.0,0.05,1.0,Rhode Island,138.0,138,138,138.0,1.9,2.0,3,0.0,0.0,319.75,375.0,375.0,375.0,,,0.0,0.0,0,0.0,0
0.5,0.05,0.5,Rhode Island,138.0,138,138,138.0,1.1,1.0,2,0.0,0.0,154.0,154.0,,,,,0.0,0.0,0,0.0,0
0.5,0.25,0.5,Rhode Island,138.0,138,138,138.0,1.4,1.0,2,0.0,0.0,156.0,154.0,,,,,0.0,0.0,0,0.0,0
1.0,0.25,1.0,Rhode Island,138.0,138,138,138.0,3.0,3.0,4,0.0,0.0,244.8,162.0,365.14285714285717,375.0,,,0.0,0.0,0,0.0,0
0.5,0.05,2.0,Rhode Island,138.0,138,138,138.0,1.8,2.0,3,0.0,0.0,314.14285714285717,375.0,375.0,375.0,,,0.0,0.0,0,0.0,0
2.0,0.25,2.0,Rhode Island,138.0,138,138,138.0,3.6,4.0,4,0.0,0.0,243.2,158.0,336.3,375.0,,,0.0,0.0,0,0.0,0
2.0,0.05,0.5,Rhode Island,138.0,138,138,138.0,2.2,2.0,3,0.0,0.0,358.77777777777777,375.0,423.0,375.0,225.0,225.0,1.0,1.0,1,0.0,0
2.0,0.25,0.5,Rhode Island,138.0,138,138,138.0,2.6,3.0,3,0.0,0.0,266.1,268.5,399.0,375.0,,,0.0,0.0,0,0.0,0
2.0,0.05,2.0,Rhode Island,138.0,138,138,138.0,1.7,2.0,3,0.0,0.0,406.5,406.5,438.0,438.0,,,0.0,0.0,0,0.0,0
2.0,0.1,1.0,Rhode Island,138.0,138,138,138.0,2.6,2.5,4,0.0,0.0,315.8,375.0,412.8,438.0,,,0.0,0.0,0,0.0,0
1.0,0.1,0.5,Rhode Island,138.0,138,138,138.0,1.2,1.0,2,0.0,0.0,158.0,158.0,,,,,0.0,0.0,0,0.0,0
0.5,0.1,1.0,Rhode Island,138.0,138,138,138.0,1.1,1.0,2,0.0,0.0,154.0,154.0,,,,,0.0,0.0,0,0.0,0
1.0,0.1,2.0,Rhode Island,138.0,138,138,138.0,3.0,3.0,4,0.0,0.0,292.9,375.0,397.0,375.0,,,0.0,0.0,0,0.0,0
2.0,0.1,2.0,Rhode Island,138.0,138,138,138.0,3.2,3.0,4,0.0,0.0,331.6,375.0,442.8888888888889,438.0,,,0.0,0.0,0,0.0,0
2.0,0.1,0.5,Rhode Island,138.0,138,138,138.0,2.4,2.0,4,0.0,0.0,325.8888888888889,375.0,393.75,447.0,,,0.0,0.0,0,0.0,0
0.5,0.1,2.0,Rhode Island,138.0,138,138,138.0,2.2,2.0,3,0.0,0.0,266.5,268.5,375.0,375.0,,,0.0,0.0,0,0.0,0
1.0,0.1,1.0,Rhode Island,138.0,138,138,138.0,1.9,2.0,3,0.0,0.0,348.375,375.0,519.0,519.0,,,0.0,0.0,0,0.0,0
0.5,0.1,0.5,Rhode Island,138.0,138,138,138.0,1.4,1.0,2,0.0,0.0,154.0,154.0,,,,,0.0,0.0,0,0.0,0
1.0,0.01,0.5,Alabama,138.2,84,228,128.5,4.6,4.5,7,0.0,0.0,197.9,194.0,238.44444444444446,203.0,253.0,253.0,1.0,1.0,1,0.0,0
2.0,0.01,0.5,Montana,139.0,81,182,151.0,6.9,7.0,10,0.1,1.0,177.9,182.0,248.1,231.5,98.57142857142857,103.0,2.0,2.0,3,0.2,1
0.5,0.1,2.0,Maine,139.2,87,157,157.0,9.6,10.0,11,0.0,0.0,173.5,179.5,188.5,188.0,403.7,424.0,1.1,1.0,2,0.7,2
2.0,0.01,2.0,Georgia,139.8,132,154,136.0,35.1,36.0,38,0.0,0.0,150.8,145.0,159.6,157.0,181.5,171.0,5.0,4.5,7,4.7,7
2.0,0.01,2.0,New Jersey,139.9,118,163,139.0,4.2,4.0,5,0.0,0.0,208.5,163.0,279.8,232.0,311.8,288.5,1.6,1.0,3,0.0,0
2.0,0.01,0.5,Delaware,140.7,92,166,151.0,1.3,1.0,2,0.0,0.0,251.0,251.0,,,165.0,174.0,1.1111111111111112,1.0,2,0.0,0
1.0,0.01,0.5,Delaware,141.7,92,166,151.0,1.4,1.0,2,0.0,0.0,250.0,250.0,,,151.88888888888889,174.0,1.4444444444444444,1.0,3,0.0,0
0.5,0.01,1.0,West Virginia,142.6,122,224,122.0,4.0,4.0,5,0.0,0.0,187.2,187.0,306.3,253.0,201.0,139.0,2.5714285714285716,3.0,5,0.0,0
1.0,0.01,0.5,Montana,142.8,50,284,134.5,4.0,3.5,7,0.0,0.0,202.0,218.5,210.16666666666666,182.0,148.4,103.0,1.8333333333333333,2.0,3,0.3,1
2.0,0.1,2.0,Maine,143.0,87,157,157.0,10.0,10.0,12,0.0,0.0,176.1,186.0,185.9,190.0,383.4,424.0,1.2,1.0,2,0.8,2
2.0,0.05,1.0,Louisiana,143.1,73,258,137.5,2.8,3.0,4,0.0,0.0,245.44444444444446,202.0,349.6666666666667,346.5,,,0.0,0.0,0,0.0,0
0.5,0.1,0.5,Maine,143.3,87,174,157.0,2.3,2.0,3,0.0,0.0,187.1,195.0,197.0,195.0,238.0,238.0,0.3333333333333333,0.0,1,0.2,1
0.5,0.01,1.0,Virginia,143.7,97,182,139.0,14.0,14.5,17,0.0,0.0,159.9,144.0,180.6,171.5,112.9,156.5,5.2,4.5,9,2.8,5
0.5,0.05,1.0,Rhode Island,144.2,138,200,138.0,1.2,1.0,2,0.0,0.0,154.0,154.0,,,,,0.0,0.0,0,0.0,0
ALL,ALL,ALL,Maine,144.7111111111111,87,308,157.0,7.844444444444444,8.0,12,0.0,0.0,178.74373259052925,186.0,203.6705882352941,190.0,329.6978417266187,400.5,1.2712418300653594,1.0,4,0.49166666666666664,2
1.0,0.01,0.5,Virginia,144.8,75,188,142.0,15.6,17.0,19,0.0,0.0,158.1,153.0,176.3,168.5,243.1,220.5,5.8,6.0,10,2.8,5
2.0,0.01,1.0,North Carolina,146.0,94,206,139.0,15.2,16.0,20,0.0,0.0,172.7,173.5,188.5,187.5,251.44444444444446,274.0,3.1,2.5,7,3.4,7
2.0,0.1,1.0,Maine,146.2,87,157,157.0,9.8,10.0,11,0.0,0.0,176.0,186.0,187.1,190.0,385.1,424.0,1.2,1.0,2,0.6,1
1.0,0.01,2.0,West Virginia,146.6,120,220,122.0,8.2,8.0,10,0.0,0.0,183.2,200.0,236.3,217.5,270.2,209.5,3.0,2.5,6,0.1,1
0.5,0.01,2.0,Connecticut,146.8,120,192,139.0,6.4,6.5,7,0.0,0.0,167.4,157.0,176.3,166.0,214.5,208.0,2.9,2.0,5,0.1,1
1.0,0.01,2.0,North Carolina,146.8,94,247,137.5,15.5,16.0,20,0.0,0.0,177.0,169.0,196.5,197.5,245.1,241.5,3.8,4.0,8,2.3,5
1.0,0.01,0.5,New Jersey,147.2,118,163,160.0,2.8,3.0,5,0.0,0.0,185.125,163.0,218.42857142857142,232.0,175.0,175.0,1.0,1.0,1,0.0,0
1.0,0.01,2.0,Delaware,147.6,92,166,151.0,1.5,1.5,2,0.0,0.0,250.2,251.0,,,267.7142857142857,174.0,1.1428571428571428,1.0,2,0.0,0
1.0,0.01,1.0,New Jersey,147.7,118,163,160.0,3.8,4.0,5,0.0,0.0,173.9,163.0,334.8,305.5,192.33333333333334,175.0,1.3333333333333333,1.0,2,0.0,0
0.5,0.05,1.0,Maine,147.9,87,174,157.0,5.5,6.0,7,0.0,0.0,183.4,190.0,217.3,195.0,221.0,221.0,0.7142857142857143,1.0,1,0.5,1
1.0,0.01,1.0,Connecticut,148.2,120,169,152.0,6.0,6.0,7,0.0,0.0,181.1,157.0,220.2,180.5,294.22222222222223,242.0,2.0,2.0,3,0.3,1
0.5,0.01,1.0,North Carolina,148.2,122,191,131.0,10.9,10.5,14,0.0,0.0,181.1,180.0,199.1,206.0,292.875,350.0,1.0,1.0,2,0.6,2
0.5,0.01,0.5,Delaware,148.3,92,192,156.0,1.0,1.0,1,,,,,,,163.42857142857142,174.0,1.1428571428571428,1.0,2,0.0,0
1.0,0.01,2.0,New Jersey,148.7,118,251,139.0,3.7,4.0,5,0.1,1.0,239.3,163.0,377.25,483.0,307.0,175.0,2.0,1.0,5,0.1,1
2.0,0.01,2.0,Delaware,149.0,121,161,151.0,1.4,1.0,2,0.0,0.0,276.0,250.0,,,174.0,174.0,1.0,1.0,1,0.0,0
2.0,0.01,1.0,Connecticut,149.0,112,255,139.0,6.1,6.0,7,0.0,0.0,167.4,160.0,186.3,165.0,247.11111111111111,208.0,3.2222222222222223,4.0,5,0.4,1
1.0,0.05,1.0,Maine,149.4,138,157,157.0,9.6,10.0,11,0.0,0.0,177.8,186.0,190.3,190.0,302.2,221.0,1.7,2.0,3,0.4,1
0.5,0.01,0.5,North Carolina,150.3,124,169,150.5,5.5,5.5,7,0.0,0.0,177.7,169.0,221.6,218.5,256.6666666666667,267.0,0.75,1.0,1,0.2,1
2.0,0.05,2.0,Maine,151.3,87,174,157.0,9.7,9.5,12,0.0,0.0,179.0,186.0,187.9,190.0,363.1,424.0,1.4,1.0,3,0.3,1
2.0,0.05,1.0,Maine,151.3,138,157,157.0,10.0,10.0,11,0.0,0.0,178.5,186.0,190.6,190.0,324.2,331.0,1.6,1.5,3,0.4,1
0.5,0.05,0.5,Maine,151.5,87,174,157.0,2.5,2.0,4,0.0,0.0,192.8,201.0,234.0,201.0,221.0,221.0,0.2,0.0,1,0.4,1
0.5,0.01,1.0,Delaware,152.0,121,166,151.0,1.4,1.0,2,0.0,0.0,255.5,250.0,,,174.0,174.0,1.1666666666666667,1.0,2,0.0,0
2.0,0.01,2.0,Connecticut,152.4,139,181,148.0,6.6,7.0,7,0.0,0.0,175.8,165.0,224.5,222.0,282.6,206.5,2.5,2.0,5,0.2,1
0.5,0.05,2.0,Louisiana,152.5,73,202,202.0,2.1,2.0,3,0.0,0.0,254.14285714285714,202.0,412.75,461.0,,,0.0,0.0,0,0.0,0
1.0,0.01,0.5,North Carolina,152.5,94,206,150.0,10.1,9.5,13,0.0,0.0,192.5,192.0,219.9,217.5,294.0,328.0,0.8888888888888888,1.0,2,0.9,3
0.5,0.01,1.0,New Jersey,152.7,118,210,160.0,2.8,3.0,4,0.0,0.0,180.2,163.0,245.16666666666666,232.0,173.8,175.0,1.6,1.0,3,0.0,0
1.0,0.05,2.0,Maine,153.0,138,174,157.0,9.6,10.0,11,0.0,0.0,179.4,186.0,190.3,190.0,241.3,221.0,2.0,2.0,3,0.7,1
1.0,0.1,0.5,Maine,153.2,138,157,157.0,7.1,7.0,9,0.0,0.0,180.6,186.0,189.7,190.0,280.5,237.5,0.5,0.5,1,0.7,1
1.0,0.01,2.0,Connecticut,153.3,120,169,160.5,6.4,7.0,7,0.0,0.0,201.0,166.0,244.5,292.5,341.1,242.5,1.9,1.0,5,0.1,1
0.5,0.01,0.5,New Jersey,153.4,118,251,139.0,2.6,3.0,4,0.0,0.0,168.875,161.5,200.71428571428572,163.0,173.66666666666666,155.0,1.0,1.0,1,0.0,0
2.0,0.01,1.0,Delaware,153.5,151,166,151.0,1.2,1.0,2,0.0,0.0,251.0,251.0,,,219.625,174.0,1.0,1.0,1,0.0,0
0.5,0.01,2.0,Arkansas,153.9,53,295,128.0,5.1,5.5,9,0.0,0.0,218.2,237.5,307.0,295.0,193.42857142857142,184.0,1.8571428571428572,2.0,3,0.0,0
0.5,0.01,0.5,Connecticut,154.8,120,283,145.5,4.2,4.0,6,0.0,0.0,170.5,157.5,197.44444444444446,164.0,151.6,191.0,2.0,2.0,3,0.0,0
0.5,0.01,0.5,Montana,154.9,81,182,166.0,2.5,2.0,6,0.0,0.0,185.16666666666666,174.0,198.5,182.0,201.5,201.5,1.5,1.5,2,0.0,0
2.0,0.01,1.0,Alabama,155.6,84,335,173.0,8.9,8.5,12,0.0,0.0,212.5,194.0,245.9,228.0,238.5,214.5,1.0,1.0,1,0.0,0
2.0,0.01,0.5,North Carolina,155.8,117,238,127.5,13.5,14.0,16,0.0,0.0,175.9,174.0,200.3,198.5,297.6,330.0,2.9,2.5,5,2.6,6
0.5,0.01,1.0,Arkansas,156.3,105,287,139.5,2.7,3.0,4,0.0,0.0,244.875,291.0,291.57142857142856,295.0,164.0,83.0,1.0,1.0,1,0.1,1
2.0,0.05,0.5,Maine,156.6,138,174,157.0,9.4,9.0,10,0.0,0.0,183.1,186.0,192.3,192.5,313.0,237.0,1.7,2.0,3,0.8,2
1.0,0.01,1.0,South Carolina,156.8,91,223,158.0,7.7,8.0,10,0.0,0.0,199.8,198.0,229.9,228.0,,,0.0,0.0,0,0.0,0
ALL,ALL,ALL,Rhode Island,157.1614730878187,138,565,138.0,1.9490084985835694,2.0,4,0.0,0.0,293.70334928229664,375.0,386.49484536082474,375.0,249.35714285714286,225.0,1.0,1.0,1,0.0,0
1.0,0.01,1.0,Delaware,157.5,151,166,156.0,1.0,1.0,1,,,,,,,174.0,174.0,1.0,1.0,1,0.0,0
2.0,0.01,2.0,Alabama,157.7,84,245,173.0,9.5,9.5,12,0.0,0.0,232.7,225.5,294.6,291.5,344.625,276.0,1.125,1.0,2,0.0,0
0.5,0.05,2.0,Maine,158.3,138,174,157.0,8.4,8.5,10,0.0,0.0,181.8,186.0,191.6,190.0,302.2,221.0,1.7,1.5,3,0.7,2
1.0,0.01,2.0,Arkansas,159.1,105,299,139.5,5.5,5.0,7,0.0,0.0,224.5,223.0,289.6,275.5,206.125,184.0,2.125,2.0,4,0.2,1
1.0,0.01,0.5,Arkansas,159.5,105,287,116.5,2.7,3.0,5,0.0,0.0,234.66666666666666,203.0,319.0,293.0,168.0,184.0,1.25,1.0,2,0.1,1
0.5,0.01,0.5,Virginia,160.5,139,212,162.0,7.8,7.5,11,0.0,0.0,185.3,175.0,199.4,200.0,196.625,179.5,3.375,3.5,5,0.8,2
1.0,0.01,0.5,Rhode Island,161.25,138,200,138.0,1.0,1.0,1,,,,,,,,,0.0,0.0,0,0.0,0
0.5,0.01,0.5,Alabama,161.5,84,194,173.0,2.8,2.5,4,0.0,0.0,203.44444444444446,203.0,197.4,194.0,185.0,185.0,1.0,1.0,1,0.0,0
2.0,0.01,1.0,Rhode Island,162.8,138,200,138.0,1.4,1.0,2,0.0,0.0,319.75,375.0,,,252.0,252.0,1.0,1.0,1,0.0,0
2.0,0.01,0.5,Mississippi,162.8,58,278,158.0,5.8,6.0,7,0.0,0.0,249.1,266.0,313.1,288.5,441.0,441.0,1.0,1.0,1,0.0,0
2.0,0.01,1.0,Arkansas,162.9,99,299,151.0,6.1,7.0,9,0.0,0.0,226.1,252.0,290.3,299.0,308.42857142857144,314.0,2.5714285714285716,3.0,4,0.2,1
1.0,0.01,0.5,New Hampshire,164.0,127,233,138.0,3.2222222222222223,3.0,4,0.0,0.0,257.1111111111111,233.0,271.7142857142857,238.0,280.5,280.5,0.6666666666666666,1.0,1,0.1111111111111111,1
2.0,0.01,1.0,New Hampshire,164.2,127,343,134.0,4.9,5.5,6,0.0,0.0,266.4,250.5,357.55555555555554,355.0,,,0.0,0.0,0,0.5,1
0.5,0.01,2.0,North Carolina,165.3,131,212,169.0,13.7,14.5,18,0.0,0.0,195.8,198.5,216.4,211.0,335.25,325.0,1.8888888888888888,2.0,4,2.0,5
1.0,0.01,0.5,Maine,166.9,138,190,174.0,5.5,6.0,8,0.0,0.0,203.2,192.5,275.5,303.0,242.16666666666666,247.5,1.1428571428571428,1.0,2,0.1,1
0.5,0.01,2.0,New Hampshire,166.9,134,233,138.0,4.5,5.0,6,0.0,0.0,244.8,222.0,356.4,355.0,271.0,271.0,0.16666666666666666,0.0,1,0.6,1
1.0,0.01,0.5,Mississippi,167.3,58,283,144.0,3.8,4.0,6,0.0,0.0,255.0,266.0,279.125,279.5,251.0,251.0,1.0,1.0,1,0.0,0
0.5,0.01,0.5,Mississippi,168.85714285714286,58,276,149.0,1.2857142857142858,1.0,2,0.0,0.0,143.5,143.5,,,,,0.0,0.0,0,0.0,0
0.5,0.01,1.0,Maine,170.9,157,194,174.0,5.1,5.0,7,0.0,0.0,198.4,197.5,278.4,301.0,263.25,245.0,1.125,1.0,2,0.2,1
2.0,0.01,0.5,Maine,170.9,157,194,174.0,7.5,7.0,9,0.0,0.0,195.6,194.0,239.3,226.0,284.875,250.0,1.75,2.0,2,0.3,1
0.5,0.01,0.5,Maine,172.2,157,190,174.0,2.6,2.5,5,0.0,0.0,209.77777777777777,194.0,201.0,201.0,234.0,231.0,1.3333333333333333,1.0,2,0.0,0
1.0,0.01,1.0,Mississippi,172.3,58,283,149.0,5.7,6.0,8,0.0,0.0,267.5,262.0,288.0,286.0,303.3333333333333,441.0,1.3333333333333333,1.0,2,0.0,0
1.0,0.01,2.0,Maine,172.3,157,174,174.0,6.6,6.5,8,0.0,0.0,198.7,201.0,260.1,263.0,259.1111111111111,245.0,1.5555555555555556,1.0,3,0.1,1
2.0,0.01,2.0,Maine,172.3,157,174,174.0,7.6,7.5,9,0.0,0.0,200.2,190.0,244.8,213.5,301.2857142857143,221.0,1.4285714285714286,1.0,2,0.1,1
2.0,0.01,1.0,Maine,172.3,157,174,174.0,7.5,8.0,9,0.0,0.0,222.2,208.0,258.0,242.0,445.8333333333333,505.0,1.2857142857142858,1.0,3,0.2,1
0.5,0.01,1.0,Rhode Island,173.42857142857142,138,200,200.0,1.0,1.0,1,,,,,,,225.0,225.0,1.0,1.0,1,0.0,0
2.0,0.01,2.0,South Carolina,174.1,158,223,162.0,9.9,10.0,13,0.0,0.0,198.3,194.0,209.8,202.0,314.0,314.0,1.25,1.0,2,0.0,0
1.0,0.01,1.0,Maine,175.0,157,201,174.0,6.3,6.5,8,0.0,0.0,208.4,190.0,249.8,201.0,301.6666666666667,250.0,1.3333333333333333,1.0,3,0.1,1
2.0,0.01,2.0,New Hampshire,175.2,127,345,138.0,5.0,5.0,6,0.1,1.0,260.4,262.5,353.2,384.0,271.0,271.0,0.5714285714285714,0.0,2,0.7,1
0.5,0.01,0.5,South Carolina,176.55555555555554,125,202,194.0,2.888888888888889,3.0,4,0.0,0.0,219.75,223.0,229.85714285714286,228.0,,,0.0,0.0,0,0.0,0
0.5,0.01,0.5,Rhode Island,176.75,138,200,200.0,1.0,1.0,1,,,,,,,252.0,252.0,1.0,1.0,1,0.0,0
2.0,0.05,0.5,Louisiana,178.3,73,202,202.0,2.6,3.0,4,0.0,0.0,334.77777777777777,255.0,434.8333333333333,470.0,,,0.0,0.0,0,0.0,0
2.0,0.01,1.0,Mississippi,179.9,58,266,168.5,7.2,7.0,10,0.0,0.0,260.1,266.0,296.6,280.5,240.0,251.0,1.0,1.0,1,0.0,0
2.0,0.01,0.5,New Hampshire,180.1,127,396,134.0,4.7,5.0,7,0.1,1.0,259.9,238.0,372.1,396.0,271.0,271.0,0.2857142857142857,0.0,1,0.6,1
0.5,0.01,1.0,New Hampshire,180.66666666666666,127,396,134.0,2.3333333333333335,2.0,4,0.0,0.0,249.14285714285714,234.0,345.5,362.5,271.0,271.0,0.3333333333333333,0.0,1,0.3333333333333333,1
0.5,0.01,1.0,Mississippi,182.2,58,294,204.0,2.7,2.5,6,0.0,0.0,220.83333333333334,246.0,285.2,266.0,,,0.0,0.0,0,0.1,1
0.5,0.01,2.0,Maine,182.3,157,308,174.0,7.0,7.0,9,0.0,0.0,207.2,192.0,258.1,243.5,291.2857142857143,245.0,1.2857142857142858,1.0,2,0.1,1
0.5,0.01,2.0,South Carolina,183.2,91,223,189.0,6.6,7.0,9,0.0,0.0,224.5,225.5,277.2,252.0,557.0,557.0,1.0,1.0,1,0.0,0
0.5,0.01,0.5,New Hampshire,183.2,134,396,138.0,1.8,2.0,3,0.0,0.0,273.7142857142857,233.0,233.0,233.0,296.0,296.0,0.5,0.5,1,0.2,1
0.5,0.01,1.0,South Carolina,184.5,149,223,184.0,4.5,5.0,7,0.0,0.0,226.9,223.0,264.5,250.0,,,0.0,0.0,0,0.0,0
2.0,0.01,0.5,South Carolina,186.1,127,362,158.0,8.6,8.5,12,0.0,0.0,223.1,212.5,257.9,229.0,461.4,557.0,1.0,1.0,1,0.0,0
1.0,0.01,0.5,South Carolina,187.2,149,328,179.0,5.1,5.0,8,0.0,0.0,236.9,223.0,265.7,250.0,,,0.0,0.0,0,0.0,0
0.5,0.01,1.0,Connecticut,187.7,120,295,151.5,5.0,5.0,7,0.0,0.0,211.8,169.0,244.0,280.5,177.0,203.5,1.0,1.0,2,0.5,2
2.0,0.01,1.0,South Carolina,188.0,158,229,194.0,10.5,10.5,13,0.0,0.0,223.8,223.0,272.3,263.5,528.0,581.0,1.2,1.0,2,0.0,0
1.0,0.01,2.0,South Carolina,190.0,158,250,184.0,10.0,10.0,13,0.0,0.0,228.3,212.5,272.1,258.0,492.3333333333333,581.0,1.3333333333333333,1.0,2,0.0,0
2.0,0.01,2.0,Arkansas,191.5,53,334,141.0,4.6,5.0,6,0.0,0.0,266.44444444444446,252.0,353.0,334.0,300.6666666666667,279.0,2.5555555555555554,3.0,5,0.6,2
1.0,0.01,1.0,New Hampshire,192.7,134,363,174.0,4.7,5.0,6,0.0,0.0,241.4,233.5,351.3,358.5,277.3333333333333,271.0,0.375,0.0,1,0.7,1
0.5,0.01,2.0,Mississippi,196.6,58,294,216.0,4.9,5.0,6,0.0,0.0,273.7,271.0,308.8,294.0,377.6666666666667,441.0,1.0,1.0,1,0.0,0
0.5,0.01,0.5,Louisiana,202.0,202,202,202.0,1.0,1.0,1,,,,,,,,,0.0,0.0,0,0.0,0
2.0,0.01,1.0,Louisiana,204.66666666666666,130,258,202.0,1.5555555555555556,1.0,3,0.0,0.0,384.75,358.5,461.0,461.0,,,0.0,0.0,0,0.0,0
1.0,0.01,2.0,Mississippi,214.4,106,266,258.0,7.0,7.0,8,0.0,0.0,278.1,266.0,304.8,283.0,377.6666666666667,441.0,1.0,1.0,1,0.0,0
0.5,0.01,2.0,Louisiana,214.44444444444446,202,258,202.0,1.3333333333333333,1.0,2,0.0,0.0,395.3333333333333,461.0,,,,,0.0,0.0,0,0.0,0
0.5,0.01,1.0,Louisiana,224.4,202,258,202.0,1.0,1.0,1,,,,,,,,,0.0,0.0,0,0.0,0
2.0,0.01,0.5,Rhode Island,229.2,138,565,200.0,1.2,1.0,2,0.0,0.0,511.0,511.0,,,,,0.0,0.0,0,0.0,0
1.0,0.01,2.0,New Hampshire,236.5,127,343,233.5,4.4,4.5,6,0.0,0.0,346.4,365.5,424.3,410.0,271.0,271.0,0.1111111111111111,0.0,1,0.9,1
1.0,0.01,0.5,Louisiana,236.625,202,258,256.5,1.125,1.0,2,0.0,0.0,258.0,258.0,,,,,0.0,0.0,0,0.0,0
2.0,0.01,2.0,Mississippi,237.5,138,278,258.0,6.8,7.0,9,0.0,0.0,272.9,266.0,308.5,283.0,403.0,441.0,1.0,1.0,1,0.0,0
1.0,0.01,2.0,Rhode Island,240.5,138,565,169.0,1.5,1.5,2,0.0,0.0,426.2,375.0,,,237.0,237.0,1.0,1.0,1,0.0,0
1.0,0.01,1.0,Rhode Island,242.0,138,565,169.0,1.0,1.0,1,,,,,,,225.0,225.0,1.0,1.0,1,0.0,0
2.0,0.01,0.5,Louisiana,242.4,202,438,202.0,1.4,1.0,2,0.0,0.0,415.5,449.5,,,291.0,291.0,1.0,1.0,1,0.0,0
2.0,0.01,2.0,Louisiana,251.44444444444446,130,459,258.0,1.6666666666666667,2.0,2,0.0,0.0,442.8333333333333,514.0,,,291.0,291.0,1.0,1.0,1,0.0,0
1.0,0.01,2.0,Louisiana,255.375,202,461,230.0,1.25,1.0,2,0.0,0.0,518.5,518.5,,,291.0,291.0,1.0,1.0,1,0.0,0
2.0,0.01,2.0,Rhode Island,259.5,138,565,169.0,1.4,1.0,3,0.0,0.0,417.0,438.0,565.0,565.0,316.6666666666667,225.0,1.0,1.0,1,0.0,0
1.0,0.01,1.0,Louisiana,260.9,202,567,230.0,1.3,1.0,3,0.0,0.0,360.5,360.5,470.0,470.0,291.0,291.0,1.0,1.0,1,0.0,0
0.5,0.01,2.0,Rhode Island,289.8,138,503,200.0,1.2,1.0,2,0.0,0.0,439.0,439.0,,,,,0.0,0.0,0,0.0,0
