alpha,beta,gamma,state,mean_first_intro_day,earliest_first_intro_day,latest_first_intro_day,median_first_intro_day,mean_intro_count,median_intro_count,max_intro_count,mean_cumu_before_second_intro,max_cumu_before_second_intro,mean_intro_day_2,median_intro_day_2,mean_intro_day_3,median_intro_day_3,mean_first_export_day,median_first_export_day,mean_export_count,median_export_count,max_export_count,mean_total_cumu_cases,max_total_cumu_cases
0.5,0.01,0.5,Texas,28.0,28,28,28.0,18.3,19.5,21,0.0,0.0,28.0,28.0,28.0,28.0,30.1,30.0,42.9,42.5,52,24.9,29
0.5,0.01,1.0,Texas,28.0,28,28,28.0,22.3,24.0,30,0.0,0.0,28.0,28.0,28.0,28.0,30.2,30.0,57.7,56.0,67,30.9,36
0.5,0.05,0.5,Texas,28.0,28,28,28.0,31.3,31.5,35,0.0,0.0,28.0,28.0,28.0,28.0,30.0,30.0,48.0,49.0,52,32.1,35
0.5,0.1,0.5,Texas,28.0,28,28,28.0,34.4,35.0,38,0.0,0.0,28.0,28.0,28.0,28.0,30.0,30.0,49.1,48.0,53,33.7,38
0.5,0.25,0.5,Texas,28.0,28,28,28.0,37.8,37.0,42,0.0,0.0,28.0,28.0,28.0,28.0,30.0,30.0,49.0,47.5,56,34.4,37
0.5,0.05,1.0,Texas,28.0,28,28,28.0,35.7,36.5,39,0.0,0.0,28.0,28.0,28.0,28.0,30.0,30.0,60.3,61.0,67,37.1,40
0.5,0.1,1.0,Texas,28.0,28,28,28.0,38.1,38.0,42,0.0,0.0,28.0,28.0,28.0,28.0,30.0,30.0,58.8,59.0,63,37.5,47
0.5,0.25,1.0,Texas,28.0,28,28,28.0,41.5,42.0,46,0.0,0.0,28.0,28.0,28.0,28.0,30.0,30.0,64.5,65.0,71,37.7,42
1.0,0.01,0.5,Texas,28.0,28,28,28.0,25.5,25.0,34,0.0,0.0,28.0,28.0,28.0,28.0,30.0,30.0,67.3,69.5,71,38.3,46
1.0,0.01,1.0,Texas,28.0,28,28,28.0,35.9,35.5,40,0.0,0.0,28.0,28.0,28.0,28.0,30.1,30.0,74.5,75.5,86,39.3,45
1.0,0.05,0.5,Texas,28.0,28,28,28.0,38.5,38.0,43,0.0,0.0,28.0,28.0,28.0,28.0,30.0,30.0,67.5,67.5,70,40.7,44
0.5,0.01,2.0,Texas,28.0,28,28,28.0,32.0,32.0,36,0.0,0.0,28.0,28.0,28.0,28.0,30.2,30.0,71.3,73.5,80,41.2,46
1.0,0.1,0.5,Texas,28.0,28,28,28.0,41.8,42.0,46,0.0,0.0,28.0,28.0,28.0,28.0,30.0,30.0,66.8,66.0,72,41.3,45
1.0,0.25,0.5,Texas,28.0,28,28,28.0,43.6,43.0,49,0.0,0.0,28.0,28.0,28.0,28.0,30.0,30.0,66.6,66.0,72,41.6,45
0.5,0.25,2.0,Texas,28.0,28,28,28.0,47.8,47.0,53,0.0,0.0,28.0,28.0,28.0,28.0,30.0,30.0,74.0,74.0,78,42.5,45
0.5,0.1,2.0,Texas,28.0,28,28,28.0,44.9,46.0,48,0.0,0.0,28.0,28.0,28.0,28.0,30.0,30.0,73.3,72.5,78,42.6,46
ALL,ALL,ALL,Texas,28.0,28,28,28.0,40.483333333333334,42.0,57,0.0,0.0,28.0,28.0,28.0,28.0,30.025,30.0,72.92777777777778,75.0,102,43.03055555555556,58
1.0,0.05,1.0,Texas,28.0,28,28,28.0,44.9,45.0,47,0.0,0.0,28.0,28.0,28.0,28.0,30.0,30.0,74.6,73.5,91,43.5,48
0.5,0.05,2.0,Texas,28.0,28,28,28.0,41.3,41.5,45,0.0,0.0,28.0,28.0,28.0,28.0,30.0,30.0,71.5,71.0,84,44.3,50
1.0,0.1,1.0,Texas,28.0,28,28,28.0,46.6,47.0,50,0.0,0.0,28.0,28.0,28.0,28.0,30.0,30.0,74.7,75.0,80,44.5,49
1.0,0.25,1.0,Texas,28.0,28,28,28.0,47.9,48.0,52,0.0,0.0,28.0,28.0,28.0,28.0,30.0,30.0,75.9,76.0,79,45.8,49
2.0,0.25,0.5,Texas,28.0,28,28,28.0,49.8,50.5,52,0.0,0.0,28.0,28.0,28.0,28.0,30.0,30.0,82.2,82.5,85,46.4,51
1.0,0.25,2.0,Texas,28.0,28,28,28.0,50.7,51.0,54,0.0,0.0,28.0,28.0,28.0,28.0,30.0,30.0,79.5,79.0,83,46.7,51
2.0,0.01,0.5,Texas,28.0,28,28,28.0,34.7,34.5,41,0.0,0.0,28.0,28.0,28.0,28.0,30.0,30.0,77.5,77.0,84,47.1,53
1.0,0.1,2.0,Texas,28.0,28,28,28.0,48.1,47.5,52,0.0,0.0,28.0,28.0,28.0,28.0,30.0,30.0,80.5,79.5,90,47.3,49
2.0,0.25,1.0,Texas,28.0,28,28,28.0,50.8,50.5,57,0.0,0.0,28.0,28.0,28.0,28.0,30.0,30.0,82.5,82.0,89,47.4,52
2.0,0.1,0.5,Texas,28.0,28,28,28.0,46.9,47.0,49,0.0,0.0,28.0,28.0,28.0,28.0,30.0,30.0,80.6,81.5,85,47.4,50
2.0,0.05,0.5,Texas,28.0,28,28,28.0,44.6,45.0,47,0.0,0.0,28.0,28.0,28.0,28.0,30.0,30.0,81.7,80.5,94,47.6,50
2.0,0.25,2.0,Texas,28.0,28,28,28.0,50.3,49.0,57,0.0,0.0,28.0,28.0,28.0,28.0,30.0,30.0,87.2,87.0,94,48.2,51
2.0,0.05,1.0,Texas,28.0,28,28,28.0,46.0,45.0,50,0.0,0.0,28.0,28.0,28.0,28.0,30.0,30.0,84.5,84.5,93,48.5,52
2.0,0.01,1.0,Texas,28.0,28,28,28.0,35.6,36.0,40,0.0,0.0,28.0,28.0,28.0,28.0,30.1,30.0,87.4,86.5,102,48.7,55
1.0,0.05,2.0,Texas,28.0,28,28,28.0,44.7,44.5,50,0.0,0.0,28.0,28.0,28.0,28.0,30.0,30.0,83.5,84.0,93,48.9,55
1.0,0.01,2.0,Texas,28.0,28,28,28.0,32.8,32.5,40,0.0,0.0,28.0,28.0,28.0,28.0,30.2,30.0,85.1,88.0,92,49.2,56
2.0,0.1,1.0,Texas,28.0,28,28,28.0,46.7,47.0,50,0.0,0.0,28.0,28.0,28.0,28.0,30.0,30.0,78.9,79.0,83,49.3,54
2.0,0.01,2.0,Texas,28.0,28,28,28.0,35.5,35.5,46,0.0,0.0,28.0,28.0,28.0,28.0,30.0,30.0,88.5,88.5,102,49.8,56
2.0,0.1,2.0,Texas,28.0,28,28,28.0,46.2,45.5,49,0.0,0.0,28.0,28.0,28.0,28.0,30.0,30.0,89.0,89.5,92,51.1,56
2.0,0.05,2.0,Texas,28.0,28,28,28.0,43.9,43.5,48,0.0,0.0,28.0,28.0,28.0,28.0,30.0,30.0,88.5,88.0,99,51.6,58
1.0,0.01,0.5,New Mexico,30.0,30,30,30.0,11.0,11.0,13,0.0,0.0,36.9,35.0,42.6,41.0,28.0,28.0,22.9,22.0,30,1.1,2
0.5,0.25,1.0,New Mexico,30.0,30,30,30.0,12.9,13.0,14,0.0,0.0,32.0,32.0,35.0,35.0,28.0,28.0,28.8,28.0,34,2.5,3
0.5,0.25,0.5,New Mexico,30.0,30,30,30.0,12.3,12.5,14,0.0,0.0,32.0,32.0,35.0,35.0,28.0,28.0,25.5,25.5,27,2.8,4
1.0,0.25,0.5,New Mexico,30.0,30,30,30.0,12.7,13.0,14,0.0,0.0,32.0,32.0,35.0,35.0,28.0,28.0,32.5,32.0,36,2.9,4
1.0,0.05,0.5,New Mexico,30.0,30,30,30.0,10.9,11.0,13,0.0,0.0,33.2,32.0,37.4,35.0,28.0,28.0,29.5,31.0,35,3.0,4
0.5,0.25,2.0,New Mexico,30.0,30,30,30.0,12.9,13.0,15,0.0,0.0,32.3,32.0,35.0,35.0,28.0,28.0,34.8,34.5,38,3.0,4
0.5,0.05,1.0,New Mexico,30.0,30,30,30.0,10.8,11.0,13,0.0,0.0,32.9,32.0,36.4,35.0,28.0,28.0,28.0,28.0,30,3.2,4
0.5,0.05,2.0,New Mexico,30.0,30,30,30.0,11.6,11.5,15,0.0,0.0,32.9,32.0,36.8,35.0,28.0,28.0,31.8,32.0,36,3.2,6
2.0,0.25,0.5,New Mexico,30.0,30,30,30.0,13.2,13.0,15,0.0,0.0,32.0,32.0,35.0,35.0,28.0,28.0,34.4,34.5,39,3.2,5
0.5,0.1,1.0,New Mexico,30.0,30,30,30.0,11.4,11.0,14,0.0,0.0,33.2,32.0,36.4,35.0,28.0,28.0,27.5,27.5,32,3.2,5
2.0,0.01,0.5,New Mexico,30.0,30,30,30.0,11.2,11.0,13,0.0,0.0,36.2,35.0,41.9,41.0,28.0,28.0,29.8,31.0,33,3.2,5
1.0,0.1,1.0,New Mexico,30.0,30,30,30.0,12.4,13.0,13,0.0,0.0,32.6,32.0,36.2,35.0,28.0,28.0,34.4,35.0,38,3.2,4
0.5,0.1,0.5,New Mexico,30.0,30,30,30.0,10.9,10.5,14,0.0,0.0,33.2,32.0,35.8,35.0,28.0,28.0,23.8,24.0,27,3.2,4
1.0,0.25,1.0,New Mexico,30.0,30,30,30.0,11.8,12.0,13,0.0,0.0,32.0,32.0,35.0,35.0,28.0,28.0,33.9,34.0,39,3.5,5
1.0,0.1,0.5,New Mexico,30.0,30,30,30.0,10.8,10.5,12,0.0,0.0,32.3,32.0,35.6,35.0,28.0,28.0,31.3,31.5,35,3.5,5
1.0,0.25,2.0,New Mexico,30.0,30,30,30.0,12.5,12.5,13,0.0,0.0,32.0,32.0,35.0,35.0,28.0,28.0,34.8,35.0,38,3.6,4
0.5,0.05,0.5,New Mexico,30.0,30,30,30.0,10.0,10.0,11,0.0,0.0,32.3,32.0,35.6,35.0,28.0,28.0,22.5,21.5,28,3.6,4
2.0,0.25,2.0,New Mexico,30.0,30,30,30.0,13.1,13.0,14,0.0,0.0,32.3,32.0,35.0,35.0,28.0,28.0,33.8,34.0,38,3.6,5
1.0,0.05,1.0,New Mexico,30.0,30,30,30.0,11.1,11.0,13,0.0,0.0,34.4,35.0,39.2,41.0,28.0,28.0,30.5,31.5,36,3.7,5
2.0,0.25,1.0,New Mexico,30.0,30,30,30.0,12.4,12.0,13,0.0,0.0,32.0,32.0,35.0,35.0,28.0,28.0,33.9,33.5,37,3.8,5
2.0,0.1,0.5,New Mexico,30.0,30,30,30.0,11.2,11.0,13,0.0,0.0,32.9,32.0,35.4,35.0,28.0,28.0,34.2,34.0,40,3.8,6
2.0,0.05,0.5,New Mexico,30.0,30,30,30.0,11.0,11.0,13,0.0,0.0,33.5,33.5,36.6,35.0,28.0,28.0,35.0,34.5,38,3.9,6
2.0,0.01,2.0,New Mexico,30.0,30,30,30.0,11.1,11.0,13,0.0,0.0,35.6,35.0,46.9,42.0,28.0,28.0,30.0,30.5,35,4.0,6
0.5,0.1,2.0,New Mexico,30.0,30,30,30.0,11.1,11.0,12,0.0,0.0,32.6,32.0,36.6,35.0,28.0,28.0,33.0,32.5,37,4.2,6
1.0,0.1,2.0,New Mexico,30.0,30,30,30.0,11.3,11.5,12,0.0,0.0,32.0,32.0,35.0,35.0,28.0,28.0,34.8,34.5,38,4.9,6
2.0,0.1,1.0,New Mexico,30.0,30,30,30.0,10.9,11.0,12,0.0,0.0,32.0,32.0,35.0,35.0,28.0,28.0,32.7,32.0,36,5.1,6
2.0,0.1,2.0,New Mexico,30.0,30,30,30.0,11.1,11.0,13,0.0,0.0,32.3,32.0,35.6,35.0,28.0,28.0,33.1,32.5,37,5.1,6
1.0,0.05,2.0,New Mexico,30.0,30,30,30.0,10.7,10.5,13,0.0,0.0,33.2,32.0,37.5,35.0,28.0,28.0,33.2,32.5,39,5.2,7
2.0,0.05,2.0,New Mexico,30.0,30,30,30.0,10.7,10.5,12,0.0,0.0,33.2,32.0,36.4,35.0,28.0,28.0,33.7,33.0,38,5.2,7
2.0,0.05,1.0,New Mexico,30.0,30,30,30.0,10.2,10.0,11,0.0,0.0,33.5,33.5,38.0,38.0,28.0,28.0,32.1,32.5,40,5.3,6
ALL,ALL,ALL,New Mexico,30.108333333333334,30,35,30.0,11.38888888888889,11.0,15,0.0,0.0,33.56666666666667,32.0,38.202777777777776,35.0,28.0,28.0,30.425,32.0,40,3.4833333333333334,7
1.0,0.01,1.0,New Mexico,30.2,30,32,30.0,11.1,11.0,14,0.0,0.0,35.3,35.0,45.1,41.0,28.0,28.0,31.9,29.5,40,2.7,4
0.5,0.01,0.5,New Mexico,30.5,30,35,30.0,9.2,9.0,11,0.0,0.0,37.0,36.0,43.5,42.0,28.0,28.0,16.0,15.0,22,1.9,4
2.0,0.01,1.0,New Mexico,30.5,30,35,30.0,11.7,12.0,13,0.0,0.0,36.9,35.0,51.5,46.5,28.0,28.0,28.6,30.0,38,3.5,5
0.5,0.01,1.0,New Mexico,30.7,30,35,30.0,10.2,10.0,11,0.0,0.0,37.0,35.0,47.0,41.0,28.0,28.0,23.8,23.0,33,1.7,3
0.5,0.01,0.5,Nebraska,31.0,31,31,31.0,18.4,18.5,21,0.0,0.0,65.8,67.0,76.2,71.5,166.22222222222223,191.0,1.7777777777777777,2.0,3,1.4,3
0.5,0.01,1.0,Nebraska,31.0,31,31,31.0,23.4,24.0,25,0.0,0.0,66.1,67.0,75.6,72.0,164.88888888888889,173.0,2.7,2.5,5,2.2,5
1.0,0.01,1.0,Nebraska,31.0,31,31,31.0,33.9,33.5,37,0.0,0.0,65.4,67.0,72.8,72.0,145.5,152.0,3.6,3.0,7,2.2,5
0.5,0.01,2.0,Nebraska,31.0,31,31,31.0,31.6,32.0,34,0.0,0.0,67.0,67.0,80.2,79.0,158.4,152.0,4.3,4.0,7,2.2,4
1.0,0.01,0.5,Nebraska,31.0,31,31,31.0,26.4,26.5,32,0.0,0.0,65.4,66.0,74.8,67.0,158.3,152.0,2.2,2.5,3,2.3,3
0.5,0.01,2.0,New Mexico,31.0,30,35,30.0,11.2,11.0,14,0.0,0.0,37.4,35.0,44.5,41.0,28.0,28.0,28.7,28.0,37,2.8,4
0.5,0.05,0.5,Nebraska,31.0,31,31,31.0,21.8,22.0,23,0.0,0.0,58.2,58.0,63.6,65.0,135.66666666666666,182.0,1.3,1.0,3,3.0,4
1.0,0.01,2.0,New Mexico,31.0,30,35,30.0,11.4,11.0,13,0.0,0.0,35.3,35.0,41.8,41.0,28.0,28.0,30.1,31.0,36,3.1,5
0.5,0.05,1.0,Nebraska,31.0,31,31,31.0,28.7,29.0,30,0.0,0.0,60.5,61.5,64.5,66.0,138.3,133.5,1.8,2.0,3,3.2,4
2.0,0.01,1.0,Nebraska,31.0,31,31,31.0,39.6,40.0,45,0.0,0.0,66.8,67.0,75.5,73.0,147.6,152.0,4.3,5.0,6,3.3,7
2.0,0.01,0.5,Nebraska,31.0,31,31,31.0,36.3,36.5,40,0.0,0.0,67.5,67.0,76.5,75.5,158.5,152.0,3.4,3.0,7,3.6,6
0.5,0.25,0.5,Nebraska,31.0,31,31,31.0,25.9,26.0,29,0.0,0.0,50.8,48.0,53.9,54.0,70.5,70.5,2.3,2.0,3,3.7,4
0.5,0.1,0.5,Nebraska,31.0,31,31,31.0,24.2,24.5,27,0.0,0.0,54.3,56.0,59.0,58.0,88.9,85.0,2.1,2.0,3,3.7,5
2.0,0.01,2.0,Nebraska,31.0,31,31,31.0,40.4,41.0,43,0.0,0.0,67.0,67.0,76.0,72.0,145.8,152.0,4.0,4.0,6,3.9,5
0.5,0.1,1.0,Nebraska,31.0,31,31,31.0,30.9,31.0,34,0.0,0.0,52.6,51.0,57.8,57.0,89.33333333333333,85.0,1.9,2.0,3,4.1,6
1.0,0.01,2.0,Nebraska,31.0,31,31,31.0,37.1,36.5,43,0.0,0.0,66.5,67.0,75.3,72.0,166.6,152.0,3.7,4.0,5,4.1,7
1.0,0.05,1.0,Nebraska,31.0,31,31,31.0,43.0,44.0,45,0.0,0.0,55.8,53.0,60.7,61.5,106.1,85.0,4.4,4.5,6,4.2,6
ALL,ALL,ALL,Nebraska,31.0,31,31,31.0,39.03888888888889,41.0,54,0.0,0.0,56.90277777777778,58.0,62.57222222222222,65.0,110.27247191011236,85.0,3.8077994428969357,4.0,8,4.405555555555556,8
0.5,0.05,2.0,Nebraska,31.0,31,31,31.0,40.8,40.5,43,0.0,0.0,56.5,56.0,61.2,65.5,137.6,152.0,3.3,3.0,4,4.6,7
0.5,0.25,1.0,Nebraska,31.0,31,31,31.0,34.7,35.0,36,0.0,0.0,48.6,48.0,51.7,50.0,56.0,56.0,2.4,2.0,3,4.7,5
0.5,0.1,2.0,Nebraska,31.0,31,31,31.0,44.6,45.0,47,0.0,0.0,53.0,54.0,57.6,56.5,117.3,85.0,4.2,4.5,6,4.7,6
2.0,0.1,0.5,Nebraska,31.0,31,31,31.0,47.9,48.0,50,0.0,0.0,55.2,56.0,60.0,58.0,111.9,85.0,4.1,4.0,6,4.8,6
1.0,0.1,1.0,Nebraska,31.0,31,31,31.0,45.1,45.0,46,0.0,0.0,54.4,53.0,58.9,59.5,92.7,85.0,4.8,4.5,7,4.8,6
0.5,0.25,2.0,Nebraska,31.0,31,31,31.0,46.1,46.0,47,0.0,0.0,50.2,48.0,54.5,54.0,64.7,56.0,4.9,5.0,7,4.9,6
1.0,0.25,1.0,Nebraska,31.0,31,31,31.0,47.5,47.5,50,0.0,0.0,48.0,48.0,52.0,52.0,56.0,56.0,4.8,5.0,6,5.0,6
1.0,0.05,0.5,Nebraska,31.0,31,31,31.0,33.0,33.0,36,0.0,0.0,56.7,57.0,61.2,65.5,126.5,152.0,3.9,4.0,6,5.2,7
2.0,0.05,1.0,Nebraska,31.0,31,31,31.0,46.1,46.5,48,0.0,0.0,61.0,65.0,63.2,66.0,127.1,152.0,4.6,4.5,7,5.2,7
2.0,0.05,0.5,Nebraska,31.0,31,31,31.0,43.7,43.0,47,0.0,0.0,59.6,58.0,63.2,65.5,113.0,118.5,3.4,4.0,5,5.3,8
1.0,0.05,2.0,Nebraska,31.0,31,31,31.0,45.5,45.5,47,0.0,0.0,59.6,61.5,64.2,65.5,132.4,152.0,4.0,4.0,5,5.4,8
1.0,0.25,2.0,Nebraska,31.0,31,31,31.0,50.8,51.0,53,0.0,0.0,50.4,48.0,55.1,54.0,64.7,56.0,5.0,5.0,6,5.4,6
1.0,0.1,0.5,Nebraska,31.0,31,31,31.0,36.7,37.0,38,0.0,0.0,53.0,48.0,58.2,54.0,102.4,85.0,3.6,4.0,5,5.4,7
1.0,0.1,2.0,Nebraska,31.0,31,31,31.0,48.2,49.0,52,0.0,0.0,52.7,48.0,58.1,54.0,92.9,85.0,4.3,4.0,6,5.5,7
2.0,0.25,0.5,Nebraska,31.0,31,31,31.0,49.0,49.0,50,0.0,0.0,50.0,48.0,53.6,52.0,61.8,56.0,5.2,5.0,7,5.6,7
2.0,0.1,1.0,Nebraska,31.0,31,31,31.0,48.3,48.0,52,0.0,0.0,55.2,57.0,59.8,61.5,83.0,85.0,4.6,4.0,6,5.6,8
1.0,0.25,0.5,Nebraska,31.0,31,31,31.0,38.1,38.0,41,0.0,0.0,49.6,48.0,54.4,54.0,71.5,56.0,3.9,4.0,5,5.7,6
2.0,0.25,2.0,Nebraska,31.0,31,31,31.0,51.9,52.0,54,0.0,0.0,48.0,48.0,52.4,54.0,56.0,56.0,5.8,6.0,7,5.9,7
2.0,0.05,2.0,Nebraska,31.0,31,31,31.0,47.0,47.5,51,0.0,0.0,55.6,58.0,62.0,65.0,115.8,152.0,5.1,5.5,6,5.9,7
2.0,0.1,2.0,Nebraska,31.0,31,31,31.0,48.8,48.5,52,0.0,0.0,52.9,51.0,56.7,56.0,92.7,85.0,6.0,6.0,8,5.9,8
2.0,0.25,1.0,Nebraska,31.0,31,31,31.0,50.0,50.0,52,0.0,0.0,48.6,48.0,52.2,52.0,64.7,56.0,5.2,5.5,6,6.0,7
0.5,0.05,0.5,Colorado,33.0,33,33,33.0,18.4,18.5,22,0.0,0.0,41.4,41.0,46.3,45.0,50.2,55.0,17.5,16.0,23,6.3,9
0.5,0.25,0.5,Colorado,33.0,33,33,33.0,18.3,18.0,20,0.0,0.0,38.6,41.0,43.4,45.0,44.2,55.0,16.5,16.0,18,6.3,7
0.5,0.1,0.5,Colorado,33.0,33,33,33.0,17.6,18.0,19,0.0,0.0,41.2,41.0,45.2,45.0,52.3,55.0,16.7,16.0,20,6.6,8
2.0,0.25,1.0,Colorado,33.0,33,33,33.0,24.1,24.0,26,0.0,0.0,39.8,41.0,43.9,45.0,28.0,28.0,35.5,35.0,40,8.9,10
0.5,0.05,1.0,Colorado,33.0,33,33,33.0,21.4,21.5,24,0.0,0.0,41.6,41.0,45.6,45.0,49.6,55.0,23.0,23.0,27,9.0,12
2.0,0.25,2.0,Colorado,33.0,33,33,33.0,24.0,24.0,26,0.0,0.0,41.0,41.0,44.7,45.0,28.0,28.0,36.4,37.0,40,9.0,10
1.0,0.25,2.0,Colorado,33.0,33,33,33.0,23.4,23.0,25,0.0,0.0,39.8,41.0,44.2,45.0,28.0,28.0,37.7,37.5,40,9.2,11
1.0,0.25,1.0,Colorado,33.0,33,33,33.0,23.3,23.5,24,0.0,0.0,39.8,41.0,44.2,45.0,28.0,28.0,33.4,33.5,37,9.2,10
0.5,0.05,2.0,Colorado,33.0,33,33,33.0,22.9,23.0,25,0.0,0.0,42.6,41.0,46.8,45.0,28.0,28.0,31.3,31.5,36,9.3,12
2.0,0.1,1.0,Colorado,33.0,33,33,33.0,23.2,23.0,26,0.0,0.0,40.4,41.0,44.6,45.0,28.0,28.0,34.2,34.5,37,9.3,11
1.0,0.1,2.0,Colorado,33.0,33,33,33.0,23.2,23.0,25,0.0,0.0,39.8,41.0,44.2,45.0,28.0,28.0,36.4,36.5,42,9.3,11
2.0,0.1,2.0,Colorado,33.0,33,33,33.0,23.2,23.0,26,0.0,0.0,40.8,41.0,44.9,45.0,28.0,28.0,34.9,35.0,38,9.3,12
1.0,0.1,1.0,Colorado,33.0,33,33,33.0,22.8,22.5,25,0.0,0.0,41.2,41.0,45.3,45.0,28.0,28.0,33.2,32.5,38,9.3,12
2.0,0.25,0.5,Colorado,33.0,33,33,33.0,23.3,23.0,24,0.0,0.0,40.4,41.0,44.6,45.0,28.0,28.0,32.8,33.5,35,9.4,10
2.0,0.1,0.5,Colorado,33.0,33,33,33.0,22.8,23.0,24,0.0,0.0,41.2,41.0,45.4,45.0,28.0,28.0,32.2,33.0,36,9.5,11
0.5,0.1,1.0,Colorado,33.0,33,33,33.0,21.3,21.0,22,0.0,0.0,41.6,41.0,45.7,45.0,44.2,55.0,24.3,23.5,28,9.6,11
1.0,0.05,2.0,Colorado,33.0,33,33,33.0,22.2,22.0,25,0.0,0.0,42.2,41.0,46.1,45.0,28.0,28.0,37.3,37.0,43,9.9,12
0.5,0.25,1.0,Colorado,33.0,33,33,33.0,21.1,21.0,22,0.0,0.0,39.8,41.0,44.2,45.0,38.8,28.0,24.5,24.0,28,10.0,11
0.5,0.25,2.0,Colorado,33.0,33,33,33.0,22.2,22.0,24,0.0,0.0,40.4,41.0,44.6,45.0,28.0,28.0,30.8,31.0,34,10.0,11
2.0,0.05,0.5,Colorado,33.0,33,33,33.0,22.2,22.0,24,0.0,0.0,42.6,41.0,47.5,45.0,28.0,28.0,35.9,36.0,43,10.0,12
1.0,0.25,0.5,Colorado,33.0,33,33,33.0,22.0,22.0,24,0.0,0.0,38.0,38.0,42.7,41.5,28.0,28.0,27.4,27.0,31,10.1,12
2.0,0.05,1.0,Colorado,33.0,33,33,33.0,21.9,22.0,23,0.0,0.0,42.0,41.0,46.9,46.5,28.0,28.0,38.7,38.5,44,10.1,12
0.5,0.1,2.0,Colorado,33.0,33,33,33.0,22.1,22.0,24,0.0,0.0,41.4,41.0,46.1,45.0,28.0,28.0,32.5,34.0,36,10.1,12
1.0,0.05,1.0,Colorado,33.0,33,33,33.0,21.8,21.5,25,0.0,0.0,43.8,45.0,47.6,48.5,28.0,28.0,34.9,35.0,42,10.3,12
2.0,0.05,2.0,Colorado,33.0,33,33,33.0,21.8,22.0,23,0.0,0.0,42.2,41.0,47.1,45.0,28.0,28.0,38.1,38.5,43,10.3,11
1.0,0.1,0.5,Colorado,33.0,33,33,33.0,21.8,22.0,23,0.0,0.0,41.4,41.0,45.4,45.0,28.0,28.0,26.9,26.5,31,10.3,12
1.0,0.05,0.5,Colorado,33.0,33,33,33.0,21.3,21.0,22,0.0,0.0,42.6,41.0,46.4,45.0,28.0,28.0,27.5,27.5,30,10.5,12
0.5,0.25,0.5,Florida,34.0,34,34,34.0,9.0,9.0,10,0.9,1.0,47.2,48.0,54.3,57.0,35.2,40.0,25.6,25.5,29,21.3,23
0.5,0.25,1.0,Florida,34.0,34,34,34.0,10.1,10.0,11,0.9,1.0,46.1,47.0,51.7,49.0,35.2,40.0,30.1,30.0,37,23.1,24
1.0,0.25,0.5,Florida,34.0,34,34,34.0,10.0,10.0,13,0.8,1.0,46.5,47.0,50.8,48.0,34.0,34.0,35.9,36.0,40,23.5,25
1.0,0.1,2.0,Florida,34.0,34,34,34.0,10.7,10.5,13,0.2,1.0,47.9,48.0,58.0,57.0,28.0,28.0,42.5,43.0,47,23.9,25
2.0,0.1,1.0,Florida,34.0,34,34,34.0,10.4,10.0,13,0.8,1.0,47.0,48.0,55.6,57.0,28.0,28.0,40.6,41.0,45,24.1,26
1.0,0.25,2.0,Florida,34.0,34,34,34.0,10.0,10.0,13,0.8,1.0,47.4,48.0,54.7,57.0,28.0,28.0,43.1,43.5,47,24.9,27
2.0,0.25,0.5,Florida,34.0,34,34,34.0,9.5,9.5,11,1.0,1.0,46.2,47.0,54.3,57.0,28.0,28.0,40.8,40.0,44,24.9,26
1.0,0.25,1.0,Florida,34.0,34,34,34.0,9.7,9.5,13,0.8,1.0,46.8,48.0,53.5,57.0,34.0,34.0,39.1,39.0,42,25.1,28
2.0,0.25,1.0,Florida,34.0,34,34,34.0,9.4,10.0,11,0.8,1.0,47.0,48.0,53.9,57.0,28.0,28.0,42.0,41.5,50,25.4,28
ALL,ALL,ALL,Colorado,34.44444444444444,33,45,33.0,21.288888888888888,22.0,26,0.08611111111111111,2.0,43.75,41.0,50.361111111111114,45.0,32.90277777777778,28.0,30.93888888888889,32.0,53,9.380555555555556,16
0.5,0.05,0.5,Florida,34.9,34,43,34.0,10.7,10.5,16,0.9,6.0,50.6,48.0,62.1,57.0,41.1,40.0,20.9,20.5,26,18.4,22
1.0,0.1,0.5,Florida,35.2,34,46,34.0,11.1,11.0,13,0.5,1.0,48.3,48.0,56.0,57.0,39.7,40.0,32.2,32.5,37,22.0,24
2.0,0.1,2.0,Florida,35.2,34,46,34.0,11.2,11.0,13,0.6,1.0,49.6,48.0,60.5,57.0,28.0,28.0,40.7,42.5,44,23.3,25
2.0,0.25,2.0,Florida,35.2,34,46,34.0,10.6,11.0,14,0.8,1.0,47.6,48.0,53.4,57.0,28.0,28.0,42.1,42.0,46,24.5,27
0.5,0.25,2.0,Florida,35.2,34,46,34.0,9.7,10.0,12,0.7,1.0,46.8,48.0,55.2,57.0,32.8,28.0,34.6,33.5,39,24.7,27
1.0,0.1,1.0,Florida,36.1,34,46,34.0,9.6,9.5,12,0.3,1.0,49.6,48.0,59.7,57.0,41.4,40.0,37.7,38.0,40,24.7,27
1.0,0.25,1.0,Washington,36.4,34,46,34.0,10.4,10.0,13,0.8,1.0,46.2,46.0,63.0,58.0,42.2,45.5,19.0,19.5,21,17.8,20
0.5,0.1,0.5,Kansas,37.0,37,37,37.0,41.1,42.0,44,0.0,0.0,40.0,40.0,40.8,40.0,29.8,28.0,16.7,17.0,20,10.5,13
0.5,0.05,0.5,Kansas,37.0,37,37,37.0,37.6,38.0,42,0.0,0.0,40.0,40.0,40.5,40.0,29.8,28.0,17.3,17.5,21,10.7,14
0.5,0.25,0.5,Kansas,37.0,37,37,37.0,43.1,43.5,45,0.0,0.0,40.0,40.0,40.0,40.0,31.6,28.0,17.3,17.5,20,11.1,13
1.0,0.01,2.0,Kansas,37.0,37,37,37.0,47.3,47.0,51,0.0,0.0,47.2,52.0,60.4,66.0,28.0,28.0,29.4,29.0,38,13.5,17
0.5,0.25,1.0,Kansas,37.0,37,37,37.0,47.5,48.0,49,0.0,0.0,40.0,40.0,40.0,40.0,28.0,28.0,20.3,20.5,22,14.4,16
0.5,0.1,1.0,Kansas,37.0,37,37,37.0,45.0,45.0,48,0.0,0.0,40.0,40.0,40.8,40.0,33.4,28.0,20.4,21.0,23,14.6,18
0.5,0.05,1.0,Kansas,37.0,37,37,37.0,43.5,43.0,49,0.0,0.0,40.0,40.0,41.1,41.5,35.2,28.0,19.5,19.5,25,14.9,19
1.0,0.05,0.5,Kansas,37.0,37,37,37.0,45.6,45.0,50,0.0,0.0,40.0,40.0,41.0,41.0,28.0,28.0,26.8,27.0,33,15.7,19
1.0,0.1,0.5,Kansas,37.0,37,37,37.0,47.4,47.0,52,0.0,0.0,40.0,40.0,40.4,40.0,28.0,28.0,27.9,28.5,32,16.6,19
0.5,0.1,2.0,Kansas,37.0,37,37,37.0,49.9,50.0,54,0.0,0.0,40.0,40.0,42.3,40.0,33.4,28.0,27.2,25.5,34,16.8,21
0.5,0.25,2.0,Kansas,37.0,37,37,37.0,51.6,52.0,54,0.0,0.0,40.0,40.0,40.2,40.0,31.6,28.0,26.3,26.0,28,17.1,19
1.0,0.25,0.5,Kansas,37.0,37,37,37.0,50.0,50.0,52,0.0,0.0,40.0,40.0,40.0,40.0,28.0,28.0,26.0,26.0,29,17.2,20
1.0,0.05,1.0,Kansas,37.0,37,37,37.0,49.0,48.0,54,0.0,0.0,40.2,40.0,43.0,42.0,28.0,28.0,30.0,30.0,35,17.3,22
1.0,0.25,1.0,Kansas,37.0,37,37,37.0,51.7,52.0,53,0.0,0.0,40.0,40.0,40.0,40.0,28.0,28.0,31.1,31.5,33,17.8,20
2.0,0.25,0.5,Kansas,37.0,37,37,37.0,55.5,55.5,59,0.0,0.0,40.0,40.0,40.0,40.0,28.0,28.0,35.7,36.0,43,17.8,21
2.0,0.05,0.5,Kansas,37.0,37,37,37.0,52.4,52.5,56,0.0,0.0,40.5,40.0,43.3,41.0,28.0,28.0,37.8,37.5,47,17.9,23
1.0,0.1,1.0,Kansas,37.0,37,37,37.0,49.7,49.5,51,0.0,0.0,40.0,40.0,40.4,40.0,28.0,28.0,31.7,31.0,36,17.9,21
0.5,0.05,2.0,Kansas,37.0,37,37,37.0,46.9,47.0,50,0.0,0.0,40.2,40.0,42.2,42.0,31.6,28.0,27.9,27.5,33,18.4,22
2.0,0.05,1.0,Kansas,37.0,37,37,37.0,52.5,52.0,58,0.0,0.0,41.5,40.0,43.4,41.0,28.0,28.0,43.3,43.0,52,18.6,22
2.0,0.1,0.5,Kansas,37.0,37,37,37.0,52.9,52.0,57,0.0,0.0,40.0,40.0,41.1,40.0,28.0,28.0,39.4,38.0,49,18.6,21
2.0,0.05,2.0,Kansas,37.0,37,37,37.0,55.0,55.0,60,0.0,0.0,40.0,40.0,44.4,41.0,28.0,28.0,43.2,43.5,48,18.7,23
2.0,0.25,2.0,Kansas,37.0,37,37,37.0,57.7,57.0,61,0.0,0.0,40.0,40.0,40.2,40.0,28.0,28.0,40.0,40.5,43,19.1,21
1.0,0.05,2.0,Kansas,37.0,37,37,37.0,52.5,51.5,58,0.0,0.0,40.0,40.0,42.4,42.0,28.0,28.0,35.3,34.5,42,19.3,23
1.0,0.25,2.0,Kansas,37.0,37,37,37.0,54.8,54.5,58,0.0,0.0,40.0,40.0,40.0,40.0,28.0,28.0,33.6,33.5,37,19.7,23
2.0,0.25,1.0,Kansas,37.0,37,37,37.0,54.4,54.5,57,0.0,0.0,40.0,40.0,40.0,40.0,28.0,28.0,37.8,38.5,41,20.2,23
2.0,0.1,2.0,Kansas,37.0,37,37,37.0,55.0,55.5,57,0.0,0.0,40.0,40.0,40.1,40.0,28.0,28.0,42.2,42.0,47,20.3,22
2.0,0.1,1.0,Kansas,37.0,37,37,37.0,51.9,51.5,56,0.0,0.0,40.0,40.0,40.3,40.0,28.0,28.0,40.5,40.0,44,20.8,23
1.0,0.1,2.0,Kansas,37.0,37,37,37.0,52.7,52.5,56,0.0,0.0,40.0,40.0,40.0,40.0,31.6,28.0,35.7,36.0,40,21.0,25
1.0,0.01,1.0,Colorado,37.4,33,45,33.0,18.4,19.0,22,0.3,1.0,49.5,45.0,61.3,63.0,28.0,28.0,31.3,30.5,38,10.8,16
0.5,0.01,2.0,Kansas,37.6,37,40,37.0,42.9,43.0,46,0.0,0.0,51.4,52.0,63.7,68.0,32.5,28.0,23.6,22.0,31,11.3,16
ALL,ALL,ALL,Kansas,37.63333333333333,37,52,37.0,47.852777777777774,49.0,61,0.0,0.0,42.669444444444444,40.0,46.022222222222226,40.0,29.125,28.0,29.997222222222224,30.0,52,15.930555555555555,25
2.0,0.01,1.0,Colorado,37.8,33,45,33.0,20.3,20.5,23,0.4,1.0,51.1,45.0,70.0,59.5,28.0,28.0,38.3,38.0,46,10.4,13
0.5,0.01,2.0,Colorado,37.8,33,45,33.0,19.1,19.0,22,0.1,1.0,48.5,45.0,61.3,63.0,28.0,28.0,30.3,30.0,37,10.7,13
2.0,0.01,2.0,Colorado,37.8,33,45,33.0,20.6,21.0,22,0.4,1.0,51.1,45.0,62.2,61.5,28.0,28.0,40.4,40.0,53,10.8,14
0.5,0.1,0.5,Wisconsin,38.0,38,38,38.0,41.4,41.5,45,0.0,0.0,40.0,40.0,43.1,44.0,28.0,28.0,74.5,74.5,85,20.0,25
2.0,0.1,2.0,Wisconsin,38.0,38,38,38.0,42.2,43.0,47,0.0,0.0,40.0,40.0,44.0,44.0,28.0,28.0,80.9,81.5,87,21.3,28
1.0,0.25,0.5,Wisconsin,38.0,38,38,38.0,41.9,42.0,45,0.0,0.0,40.0,40.0,42.1,41.5,28.0,28.0,79.9,79.5,87,21.4,25
1.0,0.25,2.0,Wisconsin,38.0,38,38,38.0,42.8,42.5,47,0.0,0.0,40.0,40.0,43.4,44.0,28.0,28.0,84.8,83.5,95,21.4,25
1.0,0.1,0.5,Wisconsin,38.0,38,38,38.0,41.4,42.0,44,0.0,0.0,40.0,40.0,43.9,44.0,28.0,28.0,76.7,75.0,85,21.5,26
1.0,0.1,2.0,Wisconsin,38.0,38,38,38.0,42.1,42.5,45,0.0,0.0,40.0,40.0,42.8,44.0,28.0,28.0,82.0,83.0,87,21.5,27
2.0,0.1,1.0,Wisconsin,38.0,38,38,38.0,41.4,41.5,46,0.0,0.0,40.0,40.0,43.4,44.0,29.8,28.0,80.0,80.0,91,22.0,25
0.5,0.25,0.5,Wisconsin,38.0,38,38,38.0,40.0,40.0,43,0.0,0.0,40.0,40.0,42.6,42.5,28.0,28.0,80.5,80.5,84,22.2,25
2.0,0.05,1.0,Wisconsin,38.0,38,38,38.0,40.9,40.5,45,0.0,0.0,40.0,40.0,44.3,44.0,29.8,28.0,78.7,78.5,86,22.3,26
1.0,0.05,0.5,Wisconsin,38.0,38,38,38.0,39.6,39.5,44,0.0,0.0,41.0,40.0,45.4,44.0,28.0,28.0,80.3,80.0,87,22.5,25
2.0,0.25,1.0,Wisconsin,38.0,38,38,38.0,41.9,42.0,44,0.0,0.0,40.0,40.0,43.1,44.0,28.0,28.0,83.9,84.5,88,22.5,27
2.0,0.25,0.5,Wisconsin,38.0,38,38,38.0,41.9,41.5,44,0.0,0.0,40.0,40.0,42.8,43.0,28.0,28.0,86.9,87.5,91,22.5,25
2.0,0.05,0.5,Wisconsin,38.0,38,38,38.0,40.5,41.0,44,0.0,0.0,40.0,40.0,44.0,44.0,28.0,28.0,78.6,77.5,88,22.6,25
2.0,0.05,2.0,Wisconsin,38.0,38,38,38.0,40.4,41.0,43,0.0,0.0,40.0,40.0,44.6,44.0,29.8,28.0,81.7,83.5,86,22.7,26
0.5,0.05,1.0,Wisconsin,38.0,38,38,38.0,39.2,38.0,46,0.0,0.0,41.0,40.0,45.4,44.0,28.0,28.0,81.5,82.5,88,22.8,27
0.5,0.25,2.0,Wisconsin,38.0,38,38,38.0,40.9,41.0,43,0.0,0.0,40.0,40.0,43.3,43.5,28.0,28.0,90.4,90.0,102,22.9,25
0.5,0.25,1.0,Wisconsin,38.0,38,38,38.0,40.1,40.0,43,0.0,0.0,40.0,40.0,42.9,44.0,28.0,28.0,83.2,82.5,90,23.0,26
1.0,0.25,1.0,Wisconsin,38.0,38,38,38.0,41.1,41.0,43,0.0,0.0,40.0,40.0,43.6,44.0,28.0,28.0,84.9,85.5,91,23.0,28
1.0,0.1,1.0,Wisconsin,38.0,38,38,38.0,40.4,40.5,43,0.0,0.0,40.0,40.0,43.6,44.0,28.0,28.0,79.0,77.0,91,23.0,26
2.0,0.25,2.0,Wisconsin,38.0,38,38,38.0,40.8,40.5,44,0.0,0.0,40.0,40.0,43.4,44.0,28.0,28.0,79.5,81.0,85,23.3,26
0.5,0.1,2.0,Wisconsin,38.0,38,38,38.0,39.8,40.5,43,0.0,0.0,40.0,40.0,43.6,44.0,28.0,28.0,82.0,81.5,89,23.4,27
0.5,0.05,2.0,Wisconsin,38.0,38,38,38.0,39.0,38.0,42,0.0,0.0,42.0,40.0,46.4,44.0,28.0,28.0,79.8,78.5,91,23.5,27
0.5,0.05,0.5,Iowa,38.0,38,38,38.0,27.1,26.5,33,1.8,5.0,46.1,49.0,49.3,50.0,36.9,39.0,81.1,80.5,90,48.3,54
0.5,0.1,0.5,Iowa,38.0,38,38,38.0,25.8,26.0,31,1.5,5.0,44.2,43.0,47.0,46.5,34.6,39.0,92.5,92.0,99,51.3,55
1.0,0.05,1.0,Iowa,38.0,38,38,38.0,31.0,30.5,40,0.3,1.0,42.0,42.0,47.2,49.0,31.3,28.0,114.5,114.5,122,53.7,58
2.0,0.05,0.5,Iowa,38.0,38,38,38.0,31.2,31.0,35,0.8,3.0,45.1,43.5,48.1,49.0,36.9,39.0,114.1,114.0,123,54.5,59
1.0,0.1,0.5,Iowa,38.0,38,38,38.0,29.0,29.5,33,0.9,5.0,42.9,42.0,47.1,48.0,33.5,33.5,108.3,109.5,115,55.3,58
0.5,0.1,1.0,Iowa,38.0,38,38,38.0,26.5,26.5,30,2.4,5.0,44.7,43.5,46.3,46.5,33.5,33.5,102.3,103.0,110,55.5,59
2.0,0.05,2.0,Iowa,38.0,38,38,38.0,30.4,30.0,37,1.5,4.0,45.6,46.0,49.6,49.0,35.8,39.0,121.7,123.5,132,55.7,60
2.0,0.05,1.0,Iowa,38.0,38,38,38.0,30.5,29.5,38,0.8,5.0,43.9,43.0,48.6,49.0,35.8,39.0,117.6,118.0,129,56.0,59
0.5,0.25,0.5,Iowa,38.0,38,38,38.0,23.3,23.0,28,2.2,5.0,43.4,41.0,46.9,46.0,37.9,39.0,98.2,97.0,105,56.0,59
1.0,0.1,1.0,Iowa,38.0,38,38,38.0,28.3,28.0,33,1.4,5.0,43.2,42.0,47.3,49.0,31.3,28.0,116.1,115.5,124,56.7,59
2.0,0.1,2.0,Iowa,38.0,38,38,38.0,29.7,29.0,34,1.2,3.0,43.5,43.0,47.7,49.0,34.6,39.0,123.4,123.0,134,57.3,62
0.5,0.1,2.0,Iowa,38.0,38,38,38.0,27.4,27.5,30,2.4,6.0,44.3,44.5,48.2,49.0,33.5,33.5,113.6,114.0,121,57.7,61
1.0,0.1,2.0,Iowa,38.0,38,38,38.0,29.0,29.0,34,1.7,5.0,44.1,42.0,47.3,49.0,32.4,28.0,121.1,121.0,131,57.9,61
2.0,0.1,0.5,Iowa,38.0,38,38,38.0,28.4,28.0,36,1.6,5.0,44.3,43.0,47.7,49.0,35.7,39.0,121.1,122.5,130,58.0,62
1.0,0.25,0.5,Iowa,38.0,38,38,38.0,26.3,26.5,29,1.7,6.0,42.3,41.0,45.4,46.0,37.9,39.0,111.5,111.5,117,58.5,62
2.0,0.1,1.0,Iowa,38.0,38,38,38.0,27.9,28.0,31,2.0,5.0,44.3,43.0,47.2,49.0,33.5,33.5,121.0,121.0,130,58.9,62
0.5,0.25,1.0,Iowa,38.0,38,38,38.0,23.7,24.0,26,1.6,5.0,42.2,41.0,46.1,46.0,39.0,39.0,105.9,104.0,123,59.0,62
1.0,0.25,1.0,Iowa,38.0,38,38,38.0,25.9,26.0,31,0.8,2.0,41.1,41.0,45.4,46.0,34.6,39.0,118.4,117.0,128,59.7,64
0.5,0.25,2.0,Iowa,38.0,38,38,38.0,26.1,26.5,28,2.0,5.0,43.2,41.5,47.1,46.5,33.5,33.5,118.1,119.5,126,59.8,62
2.0,0.25,0.5,Iowa,38.0,38,38,38.0,27.0,26.5,31,1.6,6.0,42.4,41.0,45.3,46.0,37.9,39.0,120.1,121.5,127,60.0,63
2.0,0.25,1.0,Iowa,38.0,38,38,38.0,26.9,27.0,31,1.1,5.0,41.7,41.0,45.6,45.5,34.6,39.0,121.9,123.0,129,60.1,63
1.0,0.25,2.0,Iowa,38.0,38,38,38.0,25.9,25.5,31,1.5,5.0,42.2,41.0,45.3,45.0,34.6,39.0,118.7,120.5,125,61.0,67
2.0,0.25,2.0,Iowa,38.0,38,38,38.0,25.1,25.0,26,1.3,3.0,41.8,41.0,45.3,46.0,34.6,39.0,125.3,125.5,136,62.3,64
1.0,0.05,1.0,Wisconsin,38.2,38,40,38.0,40.6,41.0,43,0.0,0.0,40.3,40.0,43.9,44.0,29.8,28.0,80.4,81.0,87,21.8,25
2.0,0.1,0.5,Wisconsin,38.2,38,40,38.0,40.8,41.0,45,0.0,0.0,40.3,40.0,43.3,44.0,28.0,28.0,78.7,79.0,81,22.5,29
1.0,0.05,2.0,Wisconsin,38.4,38,40,38.0,40.7,40.5,43,0.0,0.0,41.6,40.0,44.9,44.0,28.0,28.0,81.3,81.5,91,22.2,27
0.5,0.1,1.0,Wisconsin,38.4,38,40,38.0,40.3,40.0,44,0.0,0.0,40.4,40.0,44.0,44.0,28.0,28.0,79.5,79.5,87,22.4,25
0.5,0.05,0.5,Wisconsin,38.4,38,40,38.0,37.4,37.0,43,0.0,0.0,40.6,40.0,44.0,44.0,28.0,28.0,72.5,73.5,79,22.7,27
0.5,0.01,0.5,Colorado,38.6,33,45,37.0,15.2,15.0,18,0.4,2.0,53.2,45.0,67.5,63.0,70.9,83.5,17.4,18.5,21,6.1,10
0.5,0.1,2.0,Florida,38.6,34,57,34.0,11.4,11.5,14,0.4,1.0,51.4,48.0,58.1,57.0,44.8,40.0,33.7,34.0,38,22.8,26
0.5,0.05,1.0,Florida,38.7,34,57,34.0,11.3,11.5,13,0.5,2.0,53.3,48.0,64.7,57.0,39.9,40.0,25.9,26.0,30,20.4,22
0.5,0.05,2.0,Florida,38.7,34,57,34.0,11.6,12.5,13,0.4,3.0,53.6,52.5,66.4,65.5,45.6,40.0,32.2,33.0,36,22.5,25
2.0,0.1,0.5,Florida,38.7,34,57,34.0,9.4,9.0,13,0.5,1.0,50.5,48.0,59.3,57.0,28.0,28.0,40.6,40.0,48,25.0,27
0.5,0.1,0.5,Florida,38.8,34,46,34.0,10.6,10.0,13,0.3,1.0,47.9,48.0,56.1,57.0,42.4,40.0,23.3,23.0,29,19.5,22
1.0,0.05,0.5,Florida,38.8,34,46,34.0,11.1,11.0,12,0.4,3.0,49.3,48.0,60.4,57.0,45.2,40.0,29.1,32.0,35,21.9,24
0.5,0.01,1.0,Colorado,39.0,33,45,39.0,18.8,18.5,22,0.3,1.0,52.2,47.0,67.4,68.0,50.3,55.0,23.6,23.0,29,8.6,11
2.0,0.01,0.5,Colorado,39.0,33,45,39.0,21.5,21.0,25,0.3,1.0,52.0,46.0,63.9,61.0,28.0,28.0,34.7,35.0,43,9.2,11
0.5,0.1,0.5,Minnesota,39.0,39,39,39.0,33.2,33.5,38,0.0,0.0,40.0,40.0,41.1,40.5,34.9,34.5,50.7,50.5,56,34.6,38
1.0,0.1,0.5,Minnesota,39.0,39,39,39.0,37.1,37.5,42,0.0,0.0,40.0,40.0,40.7,40.0,40.9,42.0,59.9,59.5,67,34.8,40
1.0,0.1,1.0,Minnesota,39.0,39,39,39.0,39.5,39.0,43,0.0,0.0,40.0,40.0,41.3,41.5,35.3,34.5,60.6,60.0,66,35.2,39
1.0,0.05,1.0,Minnesota,39.0,39,39,39.0,38.1,38.5,41,0.2,2.0,40.3,40.0,41.3,40.0,40.7,42.0,58.7,58.5,66,35.3,39
0.5,0.1,1.0,Minnesota,39.0,39,39,39.0,36.5,36.0,40,0.0,0.0,40.0,40.0,40.8,40.0,39.6,41.0,56.3,56.5,60,35.7,39
1.0,0.1,2.0,Minnesota,39.0,39,39,39.0,41.1,41.0,44,0.0,0.0,40.0,40.0,41.1,40.0,40.5,41.0,59.6,59.0,71,35.8,38
0.5,0.25,0.5,Minnesota,39.0,39,39,39.0,34.7,35.0,39,0.0,0.0,40.0,40.0,40.3,40.0,36.4,41.0,54.9,55.0,60,36.2,40
0.5,0.25,1.0,Minnesota,39.0,39,39,39.0,37.8,37.5,42,0.0,0.0,40.0,40.0,40.4,40.0,31.9,28.0,62.3,62.5,67,36.5,40
1.0,0.25,0.5,Minnesota,39.0,39,39,39.0,38.3,39.5,41,0.0,0.0,40.0,40.0,40.1,40.0,29.3,28.0,65.2,66.0,69,36.6,39
1.0,0.25,1.0,Minnesota,39.0,39,39,39.0,39.5,39.5,43,0.0,0.0,40.0,40.0,40.0,40.0,33.2,28.0,66.9,68.0,71,36.6,41
2.0,0.1,0.5,Minnesota,39.0,39,39,39.0,38.6,39.5,43,0.0,0.0,40.0,40.0,41.6,42.0,39.8,42.0,61.2,62.5,69,36.8,44
2.0,0.25,0.5,Minnesota,39.0,39,39,39.0,40.2,40.5,43,0.0,0.0,40.0,40.0,40.6,40.0,36.4,41.0,64.8,65.0,68,36.9,42
1.0,0.25,2.0,Minnesota,39.0,39,39,39.0,40.6,40.0,43,0.0,0.0,40.0,40.0,40.0,40.0,34.8,34.5,66.8,67.0,71,37.1,39
0.5,0.25,2.0,Minnesota,39.0,39,39,39.0,39.5,39.5,43,0.0,0.0,40.0,40.0,40.2,40.0,34.8,34.5,64.4,64.5,69,37.2,40
0.5,0.1,2.0,Minnesota,39.0,39,39,39.0,37.6,38.5,40,0.0,0.0,40.0,40.0,41.3,41.0,38.5,42.0,62.1,61.5,68,37.2,42
2.0,0.25,2.0,Minnesota,39.0,39,39,39.0,41.6,42.0,45,0.0,0.0,40.0,40.0,40.1,40.0,33.5,28.0,63.7,64.0,66,37.3,42
2.0,0.1,1.0,Minnesota,39.0,39,39,39.0,39.1,41.0,43,0.0,0.0,40.0,40.0,41.2,41.0,42.1,41.0,57.6,58.5,62,37.6,43
2.0,0.25,1.0,Minnesota,39.0,39,39,39.0,40.7,40.5,45,0.0,0.0,40.0,40.0,40.0,40.0,32.1,28.0,65.3,65.5,69,37.8,42
2.0,0.1,2.0,Minnesota,39.0,39,39,39.0,39.5,40.0,42,0.0,0.0,40.0,40.0,41.1,41.0,38.1,41.0,60.8,61.0,66,37.8,43
2.0,0.01,2.0,Kansas,39.1,37,52,37.0,48.1,49.5,55,0.0,0.0,49.7,51.5,59.2,61.0,28.0,28.0,40.2,39.0,49,15.5,22
0.5,0.05,0.5,Minnesota,39.1,39,40,39.0,31.6,31.5,35,0.0,0.0,40.3,40.0,42.2,43.0,42.1,44.0,45.6,47.5,51,35.3,39
2.0,0.05,1.0,Minnesota,39.1,39,40,39.0,39.1,39.0,45,0.2,2.0,40.6,40.0,41.7,42.0,38.2,42.0,57.8,57.0,67,35.8,40
2.0,0.05,0.5,Minnesota,39.1,39,40,39.0,37.8,38.0,44,0.0,0.0,40.3,40.0,41.9,42.5,39.0,43.0,58.2,59.0,65,36.2,39
0.5,0.05,1.0,Minnesota,39.2,39,40,39.0,38.1,37.0,43,0.0,0.0,40.6,40.0,41.8,40.5,43.6,43.5,52.5,51.5,57,32.8,35
1.0,0.05,0.5,Minnesota,39.2,39,40,39.0,37.3,36.5,47,0.0,0.0,40.9,40.0,43.0,42.5,41.2,43.0,54.0,56.0,59,33.1,38
1.0,0.05,2.0,Minnesota,39.2,39,40,39.0,39.2,38.5,43,0.0,0.0,40.6,40.0,42.4,43.0,42.6,43.0,58.8,58.5,71,35.7,38
0.5,0.05,2.0,Minnesota,39.2,39,40,39.0,37.3,37.5,41,0.0,0.0,41.2,40.0,43.1,42.5,41.5,41.0,58.0,59.5,63,35.9,41
2.0,0.05,2.0,Minnesota,39.2,39,40,39.0,38.7,38.0,45,0.0,0.0,40.0,40.0,42.2,42.5,40.1,43.5,56.6,57.0,62,35.9,39
0.5,0.05,1.0,Iowa,39.2,38,50,38.0,28.6,29.0,32,1.4,6.0,46.0,44.5,50.1,49.0,39.3,39.0,96.3,95.5,109,51.5,54
1.0,0.05,0.5,Iowa,39.2,38,50,38.0,30.1,30.5,34,0.6,2.0,44.8,43.0,49.6,49.0,36.3,39.0,98.4,100.0,112,51.9,55
1.0,0.05,2.0,Iowa,39.2,38,50,38.0,30.2,30.0,38,1.6,5.0,46.1,45.0,48.9,49.0,37.1,39.0,117.2,119.0,127,56.4,62
2.0,0.01,0.5,Kansas,39.3,37,52,37.0,43.7,44.0,47,0.0,0.0,52.9,52.0,59.8,58.0,28.0,28.0,33.1,32.5,41,15.8,21
1.0,0.25,0.5,Oklahoma,39.4,39,40,39.0,30.0,30.0,31,0.0,0.0,44.0,44.0,54.4,53.0,28.0,28.0,12.1,12.0,14,3.4,5
2.0,0.25,2.0,Oklahoma,39.4,39,40,39.0,44.1,44.0,46,0.0,0.0,46.6,44.0,58.3,61.0,28.0,28.0,20.4,21.0,25,8.6,10
1.0,0.25,2.0,Oklahoma,39.4,39,40,39.0,39.9,39.5,42,0.0,0.0,43.5,42.0,53.2,52.5,28.0,28.0,18.7,17.5,25,9.4,12
2.0,0.25,0.5,Oklahoma,39.5,39,40,39.5,39.9,40.0,42,0.0,0.0,46.2,44.0,57.4,61.0,28.0,28.0,18.8,18.0,23,8.2,10
2.0,0.25,1.0,Oklahoma,39.5,39,40,39.5,42.7,42.0,45,0.0,0.0,45.3,44.0,56.6,61.0,28.0,28.0,20.4,20.0,25,8.7,11
0.5,0.25,0.5,Oklahoma,39.6,39,40,40.0,17.4,17.5,19,0.0,0.0,48.7,44.0,60.7,61.0,28.0,28.0,7.6,8.0,8,0.0,0
1.0,0.25,1.0,Oklahoma,39.6,39,40,40.0,39.0,39.0,41,0.0,0.0,45.8,44.0,58.4,61.0,28.0,28.0,16.3,16.0,19,7.0,9
0.5,0.1,1.0,Florida,39.6,34,57,34.0,11.4,11.0,15,0.3,1.0,49.2,48.0,57.1,57.0,47.4,40.0,26.6,26.5,33,21.4,23
1.0,0.25,0.5,California,39.6,38,40,40.0,3.8,4.0,5,9.6,22.0,54.0,43.0,102.5,92.0,28.0,28.0,94.7,95.0,102,31.5,32
0.5,0.25,2.0,Oklahoma,39.7,39,40,40.0,36.3,36.0,38,0.0,0.0,49.5,44.0,59.6,61.0,28.0,28.0,16.4,16.5,19,6.6,9
0.5,0.25,1.0,Oklahoma,39.8,39,40,40.0,25.8,25.0,29,0.0,0.0,47.8,44.0,59.2,61.0,28.0,28.0,10.1,10.0,13,1.5,3
2.0,0.25,2.0,California,39.8,38,40,40.0,3.9,4.0,5,7.0,22.0,48.5,43.0,98.2,92.0,28.0,28.0,92.0,93.0,97,33.8,35
2.0,0.25,1.0,California,39.8,38,40,40.0,3.8,3.5,6,10.4,22.0,58.3,43.0,110.6,92.0,28.0,28.0,91.9,90.5,100,34.0,35
1.0,0.05,2.0,Florida,39.9,34,57,34.0,12.2,12.0,16,0.8,3.0,53.6,52.5,68.1,74.0,28.0,28.0,40.1,41.5,47,22.1,25
0.5,0.01,1.0,Kansas,40.0,37,52,37.0,35.2,36.0,39,0.0,0.0,50.6,51.5,59.2,61.0,28.0,28.0,17.7,18.0,22,8.4,12
2.0,0.1,1.0,Oklahoma,40.0,40,40,40.0,38.4,38.0,43,0.0,0.0,50.8,44.0,63.6,61.0,28.0,28.0,18.9,19.0,23,10.3,13
1.0,0.01,1.0,Kansas,40.0,37,52,37.0,40.8,41.5,45,0.0,0.0,49.5,47.5,57.7,56.5,28.0,28.0,27.1,27.0,32,14.3,17
2.0,0.25,1.0,Idaho,40.0,40,40,40.0,13.1,13.0,15,0.0,0.0,42.0,42.0,43.8,44.0,28.0,28.0,50.1,49.5,54,15.3,16
0.5,0.25,0.5,Idaho,40.0,40,40,40.0,11.2,11.0,13,0.0,0.0,42.0,42.0,44.0,44.0,28.0,28.0,46.9,46.5,50,15.3,17
1.0,0.1,2.0,Idaho,40.0,40,40,40.0,12.6,13.0,14,0.1,1.0,43.2,42.0,47.0,44.0,28.0,28.0,45.9,46.5,51,15.6,20
2.0,0.1,1.0,Idaho,40.0,40,40,40.0,12.6,12.5,14,0.0,0.0,42.0,42.0,44.4,44.0,28.0,28.0,47.9,47.5,52,15.7,18
1.0,0.25,1.0,Idaho,40.0,40,40,40.0,12.1,12.0,13,0.0,0.0,42.0,42.0,44.0,44.0,28.0,28.0,47.4,47.5,53,16.1,18
0.5,0.25,1.0,Idaho,40.0,40,40,40.0,11.9,12.0,13,0.0,0.0,42.0,42.0,44.0,44.0,28.0,28.0,48.9,49.0,54,16.2,17
1.0,0.25,0.5,Idaho,40.0,40,40,40.0,11.7,11.5,13,0.0,0.0,42.0,42.0,43.6,44.0,28.0,28.0,48.0,49.0,51,16.4,17
1.0,0.25,2.0,Idaho,40.0,40,40,40.0,11.8,12.0,13,0.0,0.0,42.0,42.0,44.0,44.0,28.0,28.0,48.7,48.5,54,16.6,18
2.0,0.25,0.5,Idaho,40.0,40,40,40.0,11.5,11.5,14,0.0,0.0,42.0,42.0,44.0,44.0,28.0,28.0,49.7,51.0,53,16.6,18
2.0,0.25,1.0,Washington,40.0,34,46,40.0,10.8,11.0,13,0.5,1.0,46.5,46.5,65.6,66.0,44.2,49.0,16.2,16.0,19,18.0,19
1.0,0.25,0.5,Washington,40.0,34,46,40.0,10.3,10.5,13,0.5,1.0,46.5,46.5,65.2,66.0,41.1,42.0,17.2,17.0,19,18.2,20
0.5,0.25,0.5,California,40.0,40,40,40.0,4.2,4.0,5,5.9,22.0,47.9,43.0,98.2,92.0,28.0,28.0,81.3,81.5,84,29.2,30
0.5,0.1,0.5,California,40.0,40,40,40.0,3.5,3.0,5,10.8,22.0,62.6,43.0,116.8,92.0,28.0,28.0,81.5,82.5,91,29.4,31
0.5,0.25,1.0,California,40.0,40,40,40.0,3.7,4.0,5,9.7,23.0,57.7,43.0,105.77777777777777,92.0,28.0,28.0,94.9,95.5,100,31.0,33
0.5,0.05,1.0,California,40.0,40,40,40.0,3.2,3.0,5,17.7,27.0,88.4,92.0,134.88888888888889,154.0,28.0,28.0,94.5,96.5,99,31.0,32
2.0,0.1,2.0,California,40.0,40,40,40.0,3.7,3.5,5,16.0,22.0,77.3,92.0,129.6,154.0,28.0,28.0,92.3,93.0,97,33.5,35
0.5,0.25,2.0,California,40.0,40,40,40.0,4.0,4.0,5,4.4,5.0,43.0,43.0,92.0,92.0,28.0,28.0,93.0,93.5,97,33.8,35
1.0,0.25,1.0,California,40.0,40,40,40.0,4.3,4.0,6,7.7,22.0,52.8,43.0,104.4,92.0,28.0,28.0,94.9,94.0,103,33.8,35
2.0,0.25,0.5,California,40.0,40,40,40.0,4.1,4.0,5,7.8,22.0,52.8,43.0,104.4,92.0,28.0,28.0,91.9,91.0,99,33.9,35
2.0,0.1,1.0,California,40.0,40,40,40.0,3.8,4.0,5,9.3,22.0,57.7,43.0,110.6,92.0,28.0,28.0,93.8,93.0,100,34.0,35
1.0,0.25,2.0,California,40.0,40,40,40.0,4.1,4.0,5,6.0,23.0,47.9,43.0,116.3,92.0,28.0,28.0,92.2,91.5,99,34.1,36
1.0,0.1,0.5,Oklahoma,40.2,39,44,40.0,25.9,26.0,29,0.0,0.0,53.4,57.0,64.5,64.5,28.0,28.0,13.8,14.5,16,3.5,6
2.0,0.1,2.0,Oklahoma,40.2,39,44,40.0,40.8,41.0,45,0.0,0.0,55.1,61.0,65.2,68.0,28.0,28.0,19.0,19.0,24,9.8,12
1.0,0.01,2.0,Colorado,40.2,33,45,45.0,20.5,20.5,24,0.3,1.0,53.4,53.5,65.7,67.0,28.0,28.0,36.9,36.0,45,10.0,14
2.0,0.1,2.0,Idaho,40.2,40,42,40.0,13.2,13.0,14,0.0,0.0,42.2,42.0,44.2,44.0,28.0,28.0,48.0,48.5,51,15.8,17
2.0,0.25,2.0,Idaho,40.2,40,42,40.0,13.1,13.0,15,0.0,0.0,42.2,42.0,43.9,44.0,28.0,28.0,49.0,48.5,54,15.9,17
1.0,0.1,0.5,Idaho,40.2,40,42,40.0,11.8,12.5,14,0.2,1.0,43.2,42.0,45.4,44.0,28.0,28.0,47.3,46.5,52,16.3,21
0.5,0.25,2.0,Idaho,40.2,40,42,40.0,11.7,11.5,13,0.0,0.0,42.2,42.0,44.2,44.0,28.0,28.0,49.4,49.0,54,16.5,18
1.0,0.1,1.0,Idaho,40.4,40,42,40.0,11.7,12.0,14,0.1,1.0,43.1,42.0,46.1,46.0,28.0,28.0,45.8,45.5,51,16.4,18
0.5,0.05,2.0,Iowa,40.4,38,50,38.0,32.4,32.0,41,0.5,3.0,45.1,43.0,49.2,49.0,34.5,28.0,110.6,108.0,129,51.9,58
1.0,0.01,0.5,Kansas,40.5,37,52,37.0,39.6,40.0,43,0.0,0.0,49.7,47.5,62.2,64.0,28.0,28.0,24.1,23.0,32,9.9,16
2.0,0.01,1.0,Kansas,40.5,37,52,37.0,49.7,49.5,55,0.0,0.0,49.9,52.0,59.9,58.0,28.0,28.0,39.3,38.0,47,13.8,20
0.5,0.05,1.0,Idaho,40.6,40,42,40.0,12.4,12.5,15,0.0,0.0,42.6,42.0,45.2,45.0,28.0,28.0,43.1,42.5,49,15.3,18
1.0,0.05,0.5,California,40.6,40,46,40.0,3.6,3.0,5,17.1,22.0,82.2,92.0,130.8,154.0,28.0,28.0,93.6,95.5,99,30.7,32
0.5,0.1,1.0,California,40.6,40,46,40.0,3.4,3.0,5,16.0,22.0,77.3,92.0,133.33333333333334,154.0,28.0,28.0,95.8,96.0,103,31.1,33
1.0,0.1,1.0,California,40.6,40,46,40.0,3.3,3.0,4,14.4,22.0,72.4,92.0,129.2,154.0,28.0,28.0,94.9,94.0,103,33.9,35
ALL,ALL,ALL,Minnesota,40.6,39,81,39.0,37.983333333333334,38.0,47,0.12777777777777777,3.0,43.27777777777778,40.0,45.31388888888889,42.0,41.00833333333333,41.0,54.0,57.0,71,34.57222222222222,44
ALL,ALL,ALL,Iowa,40.730555555555554,38,92,38.0,28.18888888888889,28.0,41,1.525,17.0,47.80555555555556,43.5,52.71944444444444,49.0,39.358333333333334,39.0,108.30555555555556,110.0,136,54.4,67
0.5,0.1,0.5,Idaho,40.8,40,42,40.0,11.4,11.5,13,0.0,0.0,42.8,42.0,44.9,44.0,28.0,28.0,45.0,45.0,49,14.5,17
1.0,0.05,0.5,Idaho,40.8,40,42,40.0,10.9,11.0,13,0.1,1.0,43.5,43.0,46.7,46.5,28.0,28.0,44.9,45.0,50,16.4,19
0.5,0.25,2.0,Arizona,41.0,41,41,41.0,10.7,11.0,11,0.0,0.0,44.0,44.0,54.8,57.0,34.0,28.0,12.1,12.5,14,1.3,2
0.5,0.1,0.5,Missouri,41.0,41,41,41.0,47.7,47.0,54,0.0,0.0,55.4,51.0,69.9,73.0,68.0,68.0,10.2,10.0,13,5.4,7
1.0,0.25,0.5,Missouri,41.0,41,41,41.0,68.6,68.5,72,0.0,0.0,50.2,51.0,58.7,56.0,68.0,68.0,14.3,15.0,16,5.9,8
0.5,0.25,0.5,Missouri,41.0,41,41,41.0,55.0,55.0,59,0.0,0.0,55.8,51.0,62.6,56.0,68.0,68.0,12.1,12.0,14,6.1,8
0.5,0.25,1.0,Missouri,41.0,41,41,41.0,64.3,65.0,68,0.0,0.0,51.0,51.0,55.8,56.0,68.0,68.0,14.1,14.0,17,6.3,8
1.0,0.25,1.0,Missouri,41.0,41,41,41.0,79.4,79.5,82,0.0,0.0,51.4,51.0,55.8,56.0,60.0,68.0,18.2,18.5,23,6.3,8
1.0,0.25,2.0,Missouri,41.0,41,41,41.0,82.4,82.5,85,0.0,0.0,51.5,51.0,62.8,56.0,64.0,68.0,17.5,17.5,22,6.6,9
2.0,0.25,0.5,Missouri,41.0,41,41,41.0,79.6,79.5,82,0.0,0.0,51.5,51.0,61.0,56.0,64.0,68.0,18.5,18.5,22,6.8,9
0.5,0.25,2.0,Missouri,41.0,41,41,41.0,77.2,77.5,80,0.0,0.0,51.0,51.0,59.2,56.0,68.0,68.0,14.7,15.0,16,7.1,9
2.0,0.1,1.0,Missouri,41.0,41,41,41.0,80.0,80.0,82,0.0,0.0,58.6,53.5,71.9,73.0,64.0,68.0,16.7,16.0,20,7.1,9
2.0,0.25,1.0,Missouri,41.0,41,41,41.0,82.4,82.0,85,0.0,0.0,50.6,51.0,56.9,56.0,68.0,68.0,18.4,18.0,21,7.7,10
2.0,0.1,2.0,Missouri,41.0,41,41,41.0,81.3,81.5,84,0.0,0.0,60.3,53.5,70.8,73.0,68.0,68.0,18.4,18.0,22,7.9,11
2.0,0.25,2.0,Missouri,41.0,41,41,41.0,83.6,83.5,86,0.0,0.0,51.5,51.0,57.4,56.0,64.0,68.0,19.2,19.0,24,8.9,11
0.5,0.05,2.0,Idaho,41.1,40,47,40.0,11.4,11.5,14,0.5,4.0,44.0,42.0,46.7,45.0,28.0,28.0,45.2,44.5,54,16.4,18
2.0,0.1,0.5,Idaho,41.1,40,47,40.0,11.5,11.5,13,0.5,4.0,43.7,42.0,46.1,44.0,28.0,28.0,46.6,47.0,50,16.7,19
2.0,0.25,2.0,Arizona,41.2,40,44,41.0,11.0,11.0,11,0.0,0.0,43.9,44.0,50.1,47.5,28.0,28.0,12.7,13.0,14,1.0,1
1.0,0.25,2.0,Washington,41.2,34,46,46.0,11.3,12.0,12,0.4,1.0,46.6,47.0,68.6,72.0,45.3,45.5,16.0,17.0,18,17.7,20
2.0,0.25,2.0,Washington,41.2,34,46,46.0,10.5,10.5,12,0.4,1.0,46.6,47.0,68.8,72.0,49.6,52.0,15.8,16.0,19,18.4,19
2.0,0.05,0.5,Florida,41.2,34,57,40.0,11.9,12.0,15,0.9,4.0,55.1,57.0,68.1,74.0,28.0,28.0,36.9,36.0,43,22.5,25
1.0,0.1,0.5,California,41.2,40,46,40.0,3.1,3.0,4,18.1,22.0,82.2,92.0,140.22222222222223,154.0,28.0,28.0,94.4,94.0,106,31.3,32
0.5,0.05,2.0,California,41.2,40,46,40.0,3.5,3.0,6,18.2,27.0,88.4,92.0,140.75,144.5,28.0,28.0,97.1,97.5,104,33.2,35
2.0,0.1,0.5,California,41.2,40,46,40.0,3.4,3.0,5,17.9,23.0,82.2,92.0,138.11111111111111,154.0,28.0,28.0,93.4,94.0,100,34.0,35
1.0,0.25,2.0,Arizona,41.3,41,44,41.0,11.0,11.0,11,0.0,0.0,44.4,44.0,58.8,61.0,31.0,28.0,12.0,12.0,14,1.0,1
0.5,0.25,0.5,Arizona,41.3,41,44,41.0,9.0,9.0,10,0.0,0.0,44.4,44.0,56.0,57.0,39.9,35.5,7.5,7.5,10,1.3,2
0.5,0.1,1.0,Idaho,41.3,40,47,40.0,12.4,12.0,15,0.4,4.0,43.7,42.0,46.0,45.0,28.0,28.0,48.7,49.5,56,15.7,18
2.0,0.05,2.0,Florida,41.3,34,57,34.0,10.8,11.0,14,0.5,2.0,56.0,57.0,69.1,74.0,28.0,28.0,39.1,39.0,46,23.7,27
1.0,0.25,0.5,Arizona,41.4,40,44,41.0,10.2,10.0,11,0.0,0.0,43.8,44.0,50.7,48.0,40.3,35.5,12.6,12.5,15,1.8,2
1.0,0.01,0.5,Colorado,41.4,33,45,45.0,18.4,18.5,22,0.6,1.0,56.4,56.0,70.1,74.0,28.0,28.0,30.4,30.5,38,10.0,12
0.5,0.05,0.5,Idaho,41.4,40,54,40.0,9.7,9.5,12,0.3,1.0,46.3,42.0,49.8,44.0,28.0,28.0,40.3,39.5,46,15.5,18
ALL,ALL,ALL,Wisconsin,41.452777777777776,38,94,38.0,39.36666666666667,40.0,47,0.013888888888888888,2.0,46.62777777777778,40.0,51.105555555555554,44.0,33.227777777777774,28.0,77.35277777777777,79.0,102,22.819444444444443,33
1.0,0.05,2.0,Idaho,41.5,40,47,40.0,13.2,13.5,17,0.7,4.0,47.3,45.5,53.0,47.0,28.0,28.0,44.6,45.0,51,14.9,18
2.0,0.25,0.5,Arizona,41.6,41,44,41.0,10.9,11.0,11,0.0,0.0,44.5,44.0,53.8,53.0,31.0,28.0,11.7,12.0,14,1.1,2
1.0,0.25,1.0,Arizona,41.6,41,44,41.0,10.8,11.0,11,0.0,0.0,44.9,44.0,53.0,49.0,35.4,28.0,11.9,11.5,13,1.2,2
2.0,0.25,1.0,Arizona,41.8,40,44,41.0,11.0,11.0,11,0.0,0.0,44.9,44.0,52.8,49.0,33.9,28.0,12.4,12.0,15,1.0,1
1.0,0.1,1.0,Oklahoma,41.8,39,61,40.0,35.2,35.0,39,0.0,0.0,54.5,61.0,66.6,68.0,28.0,28.0,16.7,17.0,19,7.1,9
0.5,0.1,2.0,Oklahoma,41.8,39,61,40.0,31.8,32.0,34,0.0,0.0,47.8,44.0,62.6,61.0,28.0,28.0,17.4,17.0,20,7.6,9
0.5,0.01,0.5,Kansas,41.8,37,52,37.0,28.5,28.5,31,0.0,0.0,52.8,52.0,66.8,68.0,28.0,28.0,14.5,15.0,17,8.0,12
2.0,0.05,1.0,Florida,41.8,34,57,40.0,11.5,11.0,15,0.4,3.0,54.2,52.5,66.4,65.5,28.0,28.0,38.9,38.0,47,22.5,24
2.0,0.1,1.0,Arizona,41.9,41,44,41.0,10.6,11.0,11,0.0,0.0,44.9,44.0,62.0,61.0,28.0,28.0,11.9,13.0,15,1.4,2
0.5,0.25,1.0,Arizona,41.9,41,44,41.0,10.4,10.0,11,0.0,0.0,45.1,44.0,56.3,61.0,38.4,28.0,10.8,11.0,14,1.6,2
1.0,0.1,2.0,Oklahoma,41.9,39,61,40.0,36.3,36.0,39,0.0,0.0,57.9,61.0,67.9,68.0,28.0,28.0,16.8,17.0,19,9.9,12
0.5,0.25,0.5,Montana,42.0,42,42,42.0,11.0,11.5,12,0.0,0.0,64.9,65.5,73.4,75.5,82.2,92.0,5.6,6.0,7,2.1,3
0.5,0.25,1.0,Montana,42.0,42,42,42.0,13.5,14.0,15,0.0,0.0,59.6,57.5,71.9,74.0,87.4,92.0,5.8,6.0,8,2.2,3
0.5,0.25,2.0,Montana,42.0,42,42,42.0,15.9,16.0,18,0.0,0.0,64.1,62.5,72.8,74.0,85.7,92.0,5.5,5.5,7,2.4,3
1.0,0.25,0.5,Montana,42.0,42,42,42.0,14.5,14.0,16,0.0,0.0,62.5,61.0,70.6,74.0,85.7,92.0,5.1,4.5,8,2.5,3
2.0,0.25,0.5,Montana,42.0,42,42,42.0,18.0,18.0,21,0.0,0.0,62.6,61.0,70.0,74.0,87.8,92.0,5.7,5.5,8,3.2,5
1.0,0.25,2.0,Montana,42.0,42,42,42.0,16.6,16.5,19,0.0,0.0,61.8,61.0,70.5,70.5,80.5,81.5,6.3,7.0,8,4.1,5
2.0,0.25,1.0,Montana,42.0,42,42,42.0,17.0,17.0,19,0.0,0.0,63.5,62.5,70.2,70.5,83.2,92.0,7.2,7.0,10,4.3,5
2.0,0.25,2.0,Montana,42.0,42,42,42.0,17.1,17.0,19,0.0,0.0,62.3,59.5,66.0,65.5,81.5,81.5,5.6,5.5,7,4.6,6
0.5,0.1,1.0,Missouri,42.0,41,51,41.0,58.1,58.0,62,0.0,0.0,60.8,53.5,72.5,73.0,69.5,68.0,10.9,10.5,13,5.3,7
1.0,0.1,2.0,Missouri,42.0,41,51,41.0,78.6,78.0,82,0.0,0.0,63.4,64.5,72.7,73.0,61.5,68.0,14.8,14.5,19,6.7,9
1.0,0.1,1.0,Missouri,42.0,41,51,41.0,73.6,73.0,77,0.0,0.0,56.1,51.0,69.1,73.0,70.4,68.0,16.3,17.0,21,7.3,9
0.5,0.1,0.5,Arizona,42.2,41,44,41.0,9.0,9.0,10,0.0,0.0,45.8,44.0,61.2,61.0,48.2,43.0,6.4,6.5,9,1.7,2
2.0,0.05,1.0,Idaho,42.2,40,47,41.0,14.1,14.0,18,0.8,4.0,46.1,45.0,49.3,47.0,28.0,28.0,46.7,44.5,56,14.8,20
1.0,0.1,2.0,California,42.3,40,63,40.0,4.2,4.0,6,12.6,22.0,69.6,78.0,115.3,94.0,28.0,28.0,93.0,95.5,100,33.2,35
0.5,0.1,2.0,Arizona,42.4,40,44,42.5,9.6,10.0,11,0.0,0.0,46.0,46.0,65.1,69.0,44.3,35.5,10.4,10.5,13,2.3,3
1.0,0.1,2.0,Washington,42.4,34,46,46.0,11.3,11.5,13,0.4,1.0,49.2,47.0,68.8,72.0,40.0,40.0,15.9,16.0,20,17.1,19
0.5,0.25,2.0,Washington,42.4,34,46,46.0,10.4,11.0,11,0.3,1.0,46.7,47.0,68.0,72.0,50.7,52.0,16.9,16.5,20,18.2,20
0.5,0.1,2.0,Idaho,42.6,40,54,40.0,12.0,12.0,14,0.1,1.0,45.8,42.0,48.7,44.0,28.0,28.0,44.3,45.0,51,16.0,18
2.0,0.05,0.5,Idaho,42.7,40,54,41.0,13.8,13.5,17,0.5,2.0,48.5,44.0,52.9,47.0,28.0,28.0,44.0,42.0,50,14.3,18
1.0,0.1,2.0,Arizona,42.8,41,44,44.0,10.8,11.0,11,0.0,0.0,45.9,45.0,62.0,61.0,28.0,28.0,12.0,12.0,14,1.2,2
1.0,0.1,1.0,Arizona,42.8,41,44,44.0,10.1,10.0,11,0.0,0.0,46.9,48.5,61.8,61.0,51.6,28.0,11.0,11.5,14,1.9,3
1.0,0.05,1.0,Idaho,42.8,40,54,42.0,12.2,12.0,15,0.7,2.0,49.4,47.0,52.5,49.5,28.0,28.0,45.8,46.5,51,15.4,17
2.0,0.01,0.5,Minnesota,42.9,40,50,40.0,37.6,37.5,42,0.2,1.0,49.4,50.0,56.0,54.5,51.5,59.0,39.8,40.0,48,31.3,36
2.0,0.1,0.5,Missouri,43.0,41,51,41.0,78.3,78.5,81,0.0,0.0,61.4,53.5,73.5,74.5,71.0,68.0,16.7,17.0,20,5.9,8
0.5,0.05,2.0,Missouri,43.0,41,51,41.0,64.1,65.0,67,0.0,0.0,68.0,73.0,78.1,77.0,71.9,68.0,12.8,12.5,16,7.4,11
2.0,0.05,2.0,Idaho,43.0,40,54,40.0,12.6,12.5,18,1.1,4.0,49.1,47.0,52.5,50.0,28.0,28.0,45.1,46.0,49,16.4,19
2.0,0.1,2.0,Arizona,43.1,41,44,44.0,11.0,11.0,11,0.0,0.0,46.8,48.0,60.2,61.0,28.0,28.0,11.5,11.5,15,1.0,1
0.5,0.1,1.0,Arizona,43.1,41,44,44.0,9.7,10.0,11,0.0,0.0,47.2,48.0,61.0,61.0,35.4,28.0,10.9,11.0,14,2.2,3
2.0,0.01,2.0,Minnesota,43.1,39,50,40.0,38.7,38.0,43,0.4,3.0,52.0,50.0,58.5,56.0,49.4,56.5,41.3,41.0,49,31.3,36
2.0,0.25,0.5,Illinois,43.2,42,45,42.0,60.0,60.0,63,0.0,0.0,58.0,58.0,61.0,61.0,44.6,45.0,26.5,26.0,30,6.1,8
2.0,0.25,2.0,Illinois,43.2,42,45,42.0,62.1,62.0,64,0.0,0.0,58.0,58.0,61.0,61.0,43.0,45.0,26.1,25.5,31,7.0,9
1.0,0.1,0.5,Arizona,43.4,41,44,44.0,9.7,10.0,11,0.0,0.0,47.6,48.0,60.2,61.0,42.8,28.0,11.2,11.0,13,2.2,3
2.0,0.05,1.0,Arizona,43.5,41,48,44.0,10.5,11.0,11,0.0,0.0,48.9,49.0,68.8,61.0,28.0,28.0,11.6,10.5,15,1.5,3
0.5,0.25,0.5,Illinois,43.5,42,45,43.5,51.7,51.5,54,0.0,0.0,57.6,58.0,60.7,61.0,38.2,28.0,17.2,17.5,20,3.8,5
0.5,0.25,1.0,Illinois,43.5,42,45,43.5,58.3,57.5,62,0.0,0.0,58.0,58.0,61.0,61.0,43.1,45.0,18.1,17.5,22,4.8,6
0.5,0.25,2.0,Illinois,43.5,42,45,43.5,59.8,60.0,62,0.0,0.0,56.8,58.0,60.1,61.0,33.1,28.0,20.5,21.0,23,5.7,7
1.0,0.25,1.0,Illinois,43.5,42,45,43.5,58.5,59.0,61,0.0,0.0,58.0,58.0,61.0,61.0,36.5,36.5,21.9,21.5,27,5.9,7
1.0,0.25,0.5,Illinois,43.5,42,45,43.5,58.1,58.0,60,0.0,0.0,57.4,58.0,60.4,61.0,31.6,28.0,18.5,18.5,22,6.3,7
1.0,0.25,2.0,Illinois,43.5,42,45,43.5,60.3,60.0,62,0.0,0.0,57.2,58.0,60.4,61.0,39.5,36.5,26.4,26.0,30,6.8,8
1.0,0.01,0.5,Iowa,43.5,38,69,38.0,29.6,30.5,35,2.0,11.0,59.9,49.5,65.0,55.0,47.0,39.5,86.6,85.5,100,44.8,50
2.0,0.1,0.5,Montana,43.6,42,58,42.0,15.2,16.0,17,0.0,0.0,71.9,75.5,77.0,77.0,80.7,92.0,6.6,6.0,10,2.7,5
0.5,0.25,0.5,Washington,43.6,34,46,46.0,9.0,9.0,10,0.2,1.0,46.8,47.0,64.4,62.0,47.2,52.0,13.4,13.0,15,17.4,19
1.0,0.1,1.0,Washington,43.6,34,46,46.0,10.2,10.0,12,0.3,1.0,49.3,47.0,69.5,72.0,42.8,38.5,17.0,17.0,20,17.9,19
2.0,0.25,0.5,Washington,43.6,34,46,46.0,10.7,11.0,12,0.2,1.0,46.8,47.0,68.6,72.0,49.1,50.5,17.5,17.0,23,18.1,19
1.0,0.01,0.5,Minnesota,43.6,39,61,41.5,34.5,34.0,39,0.8,2.0,51.6,48.0,55.1,50.0,52.5,48.5,38.3,39.0,46,30.3,34
0.5,0.05,0.5,Arizona,43.7,41,44,44.0,7.6,8.0,9,0.0,0.0,48.6,49.0,67.2,61.0,56.1,50.5,6.1,5.5,9,2.1,3
0.5,0.05,1.0,Washington,43.8,34,47,46.0,10.2,10.0,13,0.3,1.0,50.2,47.0,67.4,65.0,35.2,28.0,14.9,16.0,17,16.8,19
0.5,0.1,0.5,Washington,43.8,34,47,46.0,8.8,9.0,12,0.2,1.0,49.6,47.0,69.4,72.0,44.5,52.0,12.6,13.0,14,17.0,18
2.0,0.1,0.5,Arizona,43.9,41,49,44.0,10.8,11.0,11,0.0,0.0,47.0,48.0,61.2,61.0,28.0,28.0,11.5,11.5,13,1.2,2
0.5,0.05,2.0,Arizona,43.9,41,49,44.0,9.7,10.0,11,0.0,0.0,48.2,49.0,63.7,61.0,49.1,35.5,11.8,12.0,14,2.1,3
1.0,0.05,1.0,Arizona,43.9,41,48,44.0,9.5,9.5,11,0.0,0.0,48.4,48.5,66.6,69.0,38.4,28.0,11.5,11.0,14,2.2,4
1.0,0.05,0.5,Arizona,43.9,41,49,44.0,9.5,10.0,10,0.0,0.0,48.9,48.5,67.4,61.0,50.6,43.0,11.0,11.0,14,2.3,3
0.5,0.05,1.0,Arizona,43.9,41,49,44.0,8.9,9.0,11,0.0,0.0,47.8,48.5,65.8,61.0,59.0,65.0,10.3,10.0,13,2.4,4
0.5,0.25,0.5,South Dakota,44.0,44,44,44.0,34.9,34.5,37,0.0,0.0,44.9,45.0,45.8,45.0,58.0,58.0,9.6,9.5,12,2.0,4
1.0,0.25,0.5,South Dakota,44.0,44,44,44.0,44.9,45.0,47,0.0,0.0,44.8,45.0,45.9,45.0,58.0,58.0,12.0,12.0,13,3.6,4
1.0,0.25,1.0,South Dakota,44.0,44,44,44.0,47.2,47.0,49,0.0,0.0,44.8,45.0,45.2,45.0,58.0,58.0,12.7,12.5,14,3.6,5
0.5,0.25,1.0,South Dakota,44.0,44,44,44.0,40.4,40.5,42,0.0,0.0,44.7,45.0,45.7,45.0,58.0,58.0,10.9,10.5,13,3.9,5
2.0,0.25,0.5,South Dakota,44.0,44,44,44.0,46.3,46.5,49,0.0,0.0,45.0,45.0,46.2,45.0,58.0,58.0,13.1,14.0,15,4.4,6
1.0,0.25,2.0,South Dakota,44.0,44,44,44.0,46.1,46.0,47,0.0,0.0,44.9,45.0,45.6,45.0,58.0,58.0,12.7,13.0,16,4.5,5
2.0,0.25,1.0,South Dakota,44.0,44,44,44.0,45.0,45.0,47,0.0,0.0,44.8,45.0,45.4,45.0,58.0,58.0,13.1,13.0,16,5.7,7
1.0,0.1,2.0,South Dakota,44.0,44,44,44.0,44.0,44.0,46,0.0,0.0,45.0,45.0,46.9,46.5,58.0,58.0,11.4,11.5,14,5.7,8
2.0,0.1,1.0,South Dakota,44.0,44,44,44.0,43.0,43.0,44,0.0,0.0,45.0,45.0,47.1,47.0,58.0,58.0,11.3,11.0,15,6.8,8
0.5,0.05,0.5,South Dakota,44.1,44,45,44.0,29.3,29.5,32,0.0,0.0,46.3,45.0,51.4,52.0,60.5,58.0,7.1,7.5,9,2.7,4
1.0,0.25,0.5,Utah,44.1,40,46,45.0,12.5,12.0,14,0.0,0.0,50.2,52.0,53.7,56.0,29.7,28.0,12.4,12.0,14,3.5,4
1.0,0.1,0.5,South Dakota,44.1,44,45,44.0,42.1,43.0,44,0.0,0.0,45.0,45.0,48.7,47.5,60.2,58.0,12.4,12.0,16,3.9,6
0.5,0.25,2.0,South Dakota,44.1,44,45,44.0,45.9,46.0,47,0.0,0.0,44.8,45.0,46.8,46.0,58.0,58.0,12.5,13.0,14,4.0,6
0.5,0.1,2.0,Illinois,44.1,42,45,45.0,54.1,55.0,56,0.0,0.0,58.6,58.0,61.2,61.0,33.4,28.0,19.7,20.5,26,6.0,8
2.0,0.1,2.0,South Dakota,44.1,44,45,44.0,44.1,44.0,46,0.0,0.0,45.2,45.0,48.1,48.0,63.1,58.0,11.5,11.5,16,6.2,8
2.0,0.25,2.0,South Dakota,44.1,44,45,44.0,45.0,45.0,47,0.0,0.0,44.8,45.0,45.7,45.0,58.0,58.0,13.1,13.0,15,6.5,8
0.5,0.1,0.5,Oklahoma,44.2,40,61,40.0,15.3,15.5,17,0.0,0.0,54.8,57.0,67.1,64.5,28.0,28.0,5.7,6.0,8,0.1,1
2.0,0.05,0.5,Arizona,44.2,41,49,44.0,10.3,10.5,11,0.1,1.0,50.7,49.0,66.8,61.0,35.4,28.0,11.2,10.5,15,1.6,3
1.0,0.1,1.0,Montana,44.2,42,64,42.0,14.5,14.5,17,0.0,0.0,69.6,70.5,75.9,77.0,81.1,92.0,5.8,6.0,9,2.7,5
0.5,0.05,1.0,Missouri,44.2,41,73,41.0,51.9,51.5,58,0.0,0.0,66.9,73.0,77.5,76.0,70.4,68.0,8.8,8.5,12,4.6,7
1.0,0.1,1.0,South Dakota,44.2,44,45,44.0,44.3,44.5,47,0.0,0.0,45.7,45.0,49.0,47.0,58.0,58.0,11.4,12.0,15,5.2,7
0.5,0.1,2.0,South Dakota,44.2,44,45,44.0,43.2,43.0,44,0.0,0.0,46.3,45.0,48.7,47.0,58.0,58.0,12.2,13.0,14,5.5,7
0.5,0.05,1.0,South Dakota,44.3,44,45,44.0,35.9,35.5,39,0.0,0.0,48.0,46.0,51.5,51.0,61.7,58.0,9.6,10.0,11,4.0,6
2.0,0.1,0.5,South Dakota,44.3,44,45,44.0,43.7,43.0,47,0.0,0.0,46.0,45.0,49.5,48.0,58.0,58.0,10.8,11.5,13,5.8,7
ALL,ALL,ALL,Idaho,44.31111111111111,40,70,40.0,12.0,12.0,19,0.3527777777777778,5.0,49.016666666666666,42.0,52.49166666666667,46.0,30.363888888888887,28.0,43.9,45.0,56,15.219444444444445,21
1.0,0.05,2.0,Arizona,44.4,41,49,44.0,9.8,10.0,11,0.0,0.0,49.2,49.0,70.8,77.0,28.0,28.0,12.4,12.5,14,2.2,4
0.5,0.1,0.5,South Dakota,44.4,44,45,44.0,31.6,31.5,34,0.0,0.0,45.7,45.0,49.2,49.5,58.5,58.0,7.1,7.0,9,3.0,5
0.5,0.1,1.0,South Dakota,44.4,44,45,44.0,38.4,38.5,40,0.0,0.0,45.9,45.0,47.5,46.5,60.9,58.0,10.4,10.5,15,4.1,6
1.0,0.05,0.5,South Dakota,44.4,44,45,44.0,40.8,41.0,42,0.0,0.0,47.7,46.0,50.7,51.5,64.7,58.0,10.3,10.5,15,5.1,7
1.0,0.05,2.0,South Dakota,44.4,44,45,44.0,42.9,43.5,45,0.0,0.0,48.6,47.0,53.5,56.0,61.5,58.0,9.9,10.0,13,5.2,7
2.0,0.1,1.0,Illinois,44.4,42,45,45.0,59.7,59.0,64,0.0,0.0,58.3,58.0,61.1,61.0,42.0,28.0,22.9,24.0,27,5.3,7
1.0,0.1,0.5,Illinois,44.4,42,45,45.0,53.9,54.0,56,0.0,0.0,58.0,58.0,61.0,61.0,33.4,28.0,18.4,17.5,24,5.6,8
2.0,0.25,1.0,Illinois,44.4,42,45,45.0,60.7,61.0,63,0.0,0.0,58.0,58.0,61.0,61.0,48.7,55.0,26.1,27.0,30,6.5,8
1.0,0.05,2.0,Oklahoma,44.4,39,61,40.0,33.5,33.5,37,0.0,0.0,59.5,61.0,70.8,68.0,28.0,28.0,15.6,15.5,22,9.0,14
2.0,0.01,1.0,Minnesota,44.4,39,50,43.0,40.7,40.5,46,0.4,2.0,53.4,52.5,58.6,57.5,47.6,36.0,39.4,40.5,51,30.0,37
2.0,0.25,1.0,Utah,44.5,40,45,45.0,11.6,11.5,13,0.0,0.0,50.3,52.0,54.0,56.0,28.0,28.0,14.7,14.0,19,5.7,7
2.0,0.05,1.0,South Dakota,44.5,44,45,44.5,42.2,42.0,45,0.0,0.0,47.0,45.0,53.0,52.0,61.6,58.0,10.2,9.5,14,6.8,8
2.0,0.25,2.0,Utah,44.6,41,45,45.0,12.3,12.5,13,0.0,0.0,50.4,52.0,54.3,56.0,28.0,28.0,14.8,14.5,18,5.7,7
2.0,0.05,2.0,South Dakota,44.6,44,47,44.0,43.2,43.0,45,0.0,0.0,47.9,45.5,54.3,56.0,67.2,58.5,10.8,11.0,13,6.2,7
0.5,0.1,2.0,California,44.6,38,64,40.0,3.6,4.0,5,11.9,22.0,67.2,67.5,102.77777777777777,92.0,28.0,28.0,94.0,96.5,109,33.5,35
0.5,0.01,0.5,Iowa,44.6,38,53,44.0,26.4,26.5,31,2.4,9.0,59.6,56.0,74.4,78.0,48.7,49.0,77.4,76.5,87,39.0,46
0.5,0.1,0.5,Illinois,44.7,42,45,45.0,48.4,49.0,49,0.0,0.0,58.0,58.0,61.0,61.0,46.7,36.5,14.7,14.5,17,3.3,5
0.5,0.1,1.0,Illinois,44.7,42,45,45.0,54.7,54.5,57,0.0,0.0,58.0,58.0,61.0,61.0,39.1,28.0,16.6,16.5,20,4.8,7
1.0,0.1,1.0,Illinois,44.7,42,45,45.0,55.0,54.5,58,0.0,0.0,58.0,58.0,61.0,61.0,34.2,28.0,21.3,20.0,29,5.2,8
1.0,0.1,2.0,Illinois,44.7,42,45,45.0,58.5,58.0,61,0.0,0.0,58.3,58.0,61.0,61.0,40.3,28.0,24.0,26.0,29,6.1,8
2.0,0.05,0.5,South Dakota,44.7,44,47,44.5,41.4,41.0,45,0.0,0.0,48.9,48.5,52.9,53.0,64.6,58.0,9.2,10.0,12,6.3,8
1.0,0.05,1.0,Florida,44.7,34,57,46.0,11.1,11.0,14,0.1,1.0,52.8,48.0,62.0,57.0,40.7,34.0,33.1,34.0,37,23.0,26
1.0,0.05,0.5,Missouri,44.8,41,79,41.0,57.3,57.0,62,0.0,0.0,66.5,73.0,76.5,76.0,69.5,68.0,10.2,9.5,14,4.2,6
1.0,0.05,1.0,South Dakota,44.8,44,45,45.0,42.1,42.0,44,0.0,0.0,49.0,49.0,50.2,51.0,58.6,58.0,10.3,10.5,12,5.7,7
2.0,0.1,1.0,Washington,44.8,34,46,46.0,11.2,11.0,15,0.1,1.0,46.9,47.0,70.6,72.0,34.9,28.0,15.6,16.0,18,17.2,19
2.0,0.05,2.0,Washington,44.8,34,46,46.0,10.6,11.0,12,0.4,1.0,61.9,63.5,72.7,73.5,40.4,28.0,16.3,16.0,20,17.6,20
2.0,0.1,0.5,Washington,44.8,34,46,46.0,10.7,10.0,13,0.2,1.0,50.4,47.0,68.3,72.0,46.7,52.0,16.1,16.5,18,17.6,19
1.0,0.05,0.5,Washington,44.8,34,46,46.0,9.8,10.0,12,0.1,1.0,48.6,47.0,68.0,69.0,28.0,28.0,17.2,18.5,20,17.9,20
0.5,0.25,1.0,Washington,44.8,34,46,46.0,10.3,10.5,12,0.1,1.0,46.9,47.0,64.6,66.0,48.3,52.0,15.6,15.5,17,18.4,21
0.5,0.05,0.5,Washington,44.9,34,47,46.0,8.5,8.0,10,0.4,2.0,53.2,47.0,68.2,68.0,37.6,28.0,14.1,14.0,17,15.9,17
0.5,0.1,2.0,Washington,44.9,34,47,46.0,11.1,11.0,13,0.2,1.0,54.4,47.0,72.1,72.0,47.2,45.0,17.8,17.5,20,17.2,19
1.0,0.1,0.5,Washington,44.9,34,47,46.0,10.8,11.0,12,0.2,1.0,50.2,47.0,68.6,69.0,47.4,52.0,15.8,16.0,18,17.6,19
0.5,0.25,1.0,Nevada,45.0,45,45,45.0,5.0,5.0,5,0.0,0.0,52.0,52.0,54.0,54.0,108.0,108.0,1.0,1.0,1,0.0,0
1.0,0.25,0.5,Nevada,45.0,45,45,45.0,5.0,5.0,5,0.0,0.0,52.0,52.0,54.0,54.0,108.0,108.0,1.0,1.0,1,0.0,0
1.0,0.25,2.0,Nevada,45.0,45,45,45.0,5.0,5.0,5,0.0,0.0,52.0,52.0,54.0,54.0,108.0,108.0,1.0,1.0,1,0.0,0
0.5,0.05,1.0,Nevada,45.0,45,45,45.0,5.0,5.0,5,0.0,0.0,53.6,52.0,60.4,54.0,,,0.0,0.0,0,0.0,0
2.0,0.25,1.0,Nevada,45.0,45,45,45.0,5.0,5.0,5,0.0,0.0,52.0,52.0,55.0,54.0,108.0,108.0,1.0,1.0,1,0.0,0
0.5,0.25,2.0,Nevada,45.0,45,45,45.0,5.0,5.0,5,0.0,0.0,52.0,52.0,54.2,54.0,108.0,108.0,1.0,1.0,1,0.0,0
0.5,0.25,0.5,Nevada,45.0,45,45,45.0,5.0,5.0,5,0.0,0.0,52.0,52.0,54.0,54.0,108.0,108.0,1.0,1.0,1,0.0,0
1.0,0.25,1.0,Nevada,45.0,45,45,45.0,5.0,5.0,5,0.0,0.0,52.0,52.0,54.0,54.0,108.0,108.0,1.0,1.0,1,0.0,0
2.0,0.25,2.0,Nevada,45.0,45,45,45.0,5.0,5.0,5,0.0,0.0,52.0,52.0,54.0,54.0,,,0.0,0.0,0,0.0,0
2.0,0.25,0.5,Nevada,45.0,45,45,45.0,5.0,5.0,5,0.0,0.0,52.0,52.0,54.0,54.0,108.0,108.0,1.0,1.0,1,0.0,0
2.0,0.1,1.0,Nevada,45.0,45,45,45.0,5.0,5.0,5,0.0,0.0,52.2,52.0,55.1,54.0,108.0,108.0,1.0,1.0,1,0.0,0
2.0,0.1,2.0,Nevada,45.0,45,45,45.0,5.0,5.0,5,0.0,0.0,52.0,52.0,55.0,54.0,108.0,108.0,1.0,1.0,1,0.0,0
0.5,0.1,0.5,Nevada,45.0,45,45,45.0,5.0,5.0,5,0.0,0.0,52.0,52.0,55.2,54.0,108.0,108.0,1.0,1.0,1,0.0,0
0.5,0.05,0.5,Illinois,45.0,45,45,45.0,44.7,45.0,48,0.0,0.0,58.6,58.0,61.2,61.0,52.8,59.5,12.1,12.5,14,3.1,6
0.5,0.25,1.0,Utah,45.0,45,45,45.0,12.0,12.0,13,0.0,0.0,51.0,52.0,55.8,56.0,35.2,28.0,11.7,12.0,14,4.0,5
0.5,0.25,2.0,Utah,45.0,45,45,45.0,12.3,12.0,14,0.0,0.0,51.4,52.0,55.8,56.0,28.0,28.0,13.8,14.0,16,4.7,6
1.0,0.25,1.0,Utah,45.0,45,45,45.0,12.1,12.0,13,0.0,0.0,51.3,52.0,56.2,56.0,28.0,28.0,15.3,15.0,17,4.9,6
0.5,0.05,2.0,South Dakota,45.0,44,52,44.0,41.9,42.0,44,0.0,0.0,46.6,45.0,51.2,52.0,63.5,58.0,10.3,9.5,15,4.9,6
2.0,0.25,0.5,Utah,45.0,45,45,45.0,11.5,11.0,13,0.0,0.0,51.7,52.0,56.2,56.0,28.0,28.0,14.4,14.5,17,5.9,7
2.0,0.1,2.0,Illinois,45.0,45,45,45.0,60.1,61.0,63,0.0,0.0,58.0,58.0,61.0,61.0,43.9,28.0,22.6,22.5,27,6.0,8
0.5,0.25,0.5,Utah,45.1,45,46,45.0,12.6,13.0,14,0.0,0.0,50.3,52.0,56.0,56.0,46.8,46.0,8.8,9.0,12,1.7,3
2.0,0.1,2.0,Utah,45.1,45,46,45.0,12.3,12.0,13,0.0,0.0,54.0,54.0,57.9,57.0,28.0,28.0,11.6,11.5,14,5.7,7
1.0,0.25,2.0,Utah,45.1,45,46,45.0,11.7,12.0,13,0.0,0.0,50.8,52.0,55.8,56.0,28.0,28.0,13.1,13.0,16,5.8,6
2.0,0.05,2.0,Arizona,45.2,41,49,44.0,10.3,10.0,11,0.0,0.0,51.2,49.0,68.2,69.0,28.0,28.0,12.1,12.0,15,1.7,2
1.0,0.25,1.0,Montana,45.2,42,74,42.0,18.0,18.0,20,0.0,0.0,63.3,59.5,69.0,70.5,79.4,71.0,6.2,7.0,9,3.3,5
1.0,0.1,0.5,Missouri,45.2,41,73,41.0,64.0,63.5,70,0.0,0.0,56.5,51.0,70.6,73.0,72.7,68.0,12.3,12.5,14,5.6,7
0.5,0.1,2.0,Missouri,45.2,41,73,41.0,71.3,71.0,74,0.0,0.0,60.9,53.0,73.1,73.0,73.6,68.0,14.0,14.5,16,6.9,9
0.5,0.01,0.5,Minnesota,45.2,39,61,41.5,32.7,32.0,38,0.6,2.0,52.0,50.0,56.6,55.0,49.0,50.5,29.8,30.0,37,28.6,36
2.0,0.05,1.0,California,45.2,40,74,40.0,3.9,3.5,6,13.3,21.0,75.5,92.0,126.7,96.0,28.0,28.0,88.3,90.5,100,33.1,35
1.0,0.25,0.5,Kentucky,45.4,43,47,47.0,36.1,36.5,38,0.0,0.0,52.9,54.0,59.1,58.0,56.5,56.5,19.4,19.0,23,15.7,18
2.0,0.25,2.0,Kentucky,45.4,43,47,47.0,41.3,41.0,44,0.0,0.0,52.8,54.0,59.1,58.0,56.7,57.0,27.5,27.5,31,23.1,28
1.0,0.05,1.0,California,45.4,40,64,40.0,3.7,3.5,6,15.6,26.0,83.5,92.0,129.33333333333334,100.0,28.0,28.0,92.2,98.5,106,33.1,34
ALL,ALL,ALL,Florida,45.422222222222224,34,127,34.0,10.625,11.0,17,0.725,9.0,61.480555555555554,48.0,73.24444444444444,57.0,39.90277777777778,28.0,31.819444444444443,33.0,50,22.40277777777778,28
2.0,0.05,1.0,Montana,45.5,42,77,42.0,13.7,13.5,15,0.0,0.0,74.8,77.0,81.0,77.0,63.2,67.0,6.2,6.0,9,3.2,4
1.0,0.01,1.0,Wisconsin,45.6,38,84,38.0,33.4,34.0,37,0.0,0.0,63.6,61.0,70.8,74.5,39.7,28.0,72.9,75.5,81,27.1,33
1.0,0.05,0.5,Nevada,45.7,45,52,45.0,5.0,5.0,5,0.0,0.0,54.4,52.0,64.7,64.0,,,0.0,0.0,0,0.0,0
2.0,0.1,1.0,Kentucky,45.8,43,47,47.0,39.2,39.0,42,0.0,0.0,55.7,58.0,63.6,63.0,58.4,57.0,24.8,24.0,30,19.8,24
2.0,0.25,1.0,Kentucky,45.8,43,47,47.0,39.9,40.0,44,0.0,0.0,54.7,58.0,61.0,63.0,56.9,57.0,26.9,28.0,31,23.2,28
0.5,0.1,1.0,Nevada,45.9,45,54,45.0,5.0,5.0,5,0.0,0.0,52.4,52.0,54.9,54.0,108.0,108.0,1.0,1.0,1,0.0,0
1.0,0.1,1.0,Nevada,45.9,45,54,45.0,5.0,5.0,5,0.0,0.0,53.2,52.0,58.3,55.0,,,0.0,0.0,0,0.0,0
0.5,0.25,0.5,Louisiana,46.0,46,46,46.0,3.1,3.0,4,0.0,0.0,128.0,128.0,194.6,197.0,,,0.0,0.0,0,0.0,0
1.0,0.25,0.5,Louisiana,46.0,46,46,46.0,3.6,4.0,4,0.0,0.0,128.0,128.0,171.8,173.0,,,0.0,0.0,0,0.2,1
0.5,0.25,1.0,Louisiana,46.0,46,46,46.0,3.3,3.0,4,0.0,0.0,128.0,128.0,189.8,197.0,,,0.0,0.0,0,0.3,1
1.0,0.1,0.5,Louisiana,46.0,46,46,46.0,3.3,3.0,4,0.0,0.0,128.0,128.0,194.6,197.0,,,0.0,0.0,0,0.3,1
0.5,0.25,2.0,Louisiana,46.0,46,46,46.0,4.4,4.0,5,0.0,0.0,128.0,128.0,171.8,173.0,,,0.0,0.0,0,0.6,1
1.0,0.25,1.0,Louisiana,46.0,46,46,46.0,4.4,4.0,5,0.0,0.0,128.0,128.0,176.6,197.0,,,0.0,0.0,0,0.6,1
2.0,0.25,0.5,Louisiana,46.0,46,46,46.0,4.4,4.0,5,0.0,0.0,128.0,128.0,176.6,197.0,,,0.0,0.0,0,0.6,1
1.0,0.25,2.0,Louisiana,46.0,46,46,46.0,4.2,4.0,5,0.0,0.0,128.0,128.0,179.6,185.0,,,0.0,0.0,0,0.8,1
2.0,0.25,1.0,Louisiana,46.0,46,46,46.0,4.2,4.0,5,0.0,0.0,128.0,128.0,182.0,197.0,,,0.0,0.0,0,0.8,1
2.0,0.25,2.0,Louisiana,46.0,46,46,46.0,4.2,4.0,5,0.0,0.0,128.0,128.0,184.4,197.0,309.0,309.0,0.6,1.0,1,0.8,1
2.0,0.1,1.0,Louisiana,46.0,46,46,46.0,4.1,4.0,5,0.0,0.0,132.5,128.0,187.1,197.0,,,0.0,0.0,0,0.8,1
2.0,0.1,2.0,Louisiana,46.0,46,46,46.0,4.1,4.0,5,0.0,0.0,134.9,128.0,198.6,197.0,309.0,309.0,0.7777777777777778,1.0,1,0.9,1
0.5,0.1,2.0,Louisiana,46.0,46,46,46.0,3.8,4.0,4,0.0,0.0,134.9,128.0,199.2,197.0,,,0.0,0.0,0,1.0,1
2.0,0.1,0.5,Illinois,46.0,42,58,45.0,57.1,57.5,59,0.0,0.0,57.9,58.0,60.7,61.0,33.3,28.0,23.5,23.0,30,6.1,7
2.0,0.1,2.0,Washington,46.0,46,46,46.0,11.1,11.5,13,0.0,0.0,47.0,47.0,68.6,72.0,44.5,52.0,16.9,16.5,19,17.4,20
0.5,0.1,1.0,Washington,46.0,46,46,46.0,10.3,10.0,13,0.0,0.0,48.1,47.0,69.2,72.0,39.7,38.5,15.5,16.0,18,18.0,19
0.5,0.01,2.0,Minnesota,46.0,40,50,50.0,38.4,39.0,45,0.6,2.0,54.1,53.5,60.8,60.5,45.5,40.5,38.2,39.5,48,29.6,36
0.5,0.05,2.0,Washington,46.1,46,47,46.0,11.6,11.0,16,0.3,1.0,53.7,47.0,70.2,72.0,32.8,28.0,16.8,17.5,21,16.2,18
1.0,0.05,2.0,Washington,46.1,46,47,46.0,10.9,10.5,13,0.6,2.0,59.3,55.5,73.0,72.0,51.0,40.0,15.9,15.0,20,17.4,19
0.5,0.05,1.0,Oklahoma,46.2,39,61,40.0,20.4,20.0,22,0.0,0.0,59.3,61.0,70.1,68.0,28.0,28.0,10.1,10.0,13,2.8,4
2.0,0.1,1.0,Utah,46.2,45,56,45.0,11.6,12.0,13,0.0,0.0,52.1,54.0,58.7,58.0,28.0,28.0,11.7,12.0,14,5.7,7
1.0,0.05,1.0,Washington,46.2,46,47,46.0,11.0,10.5,14,0.1,1.0,55.5,51.0,69.1,72.0,41.4,28.0,16.8,17.0,20,16.7,20
2.0,0.25,0.5,Kentucky,46.2,43,47,47.0,40.0,39.5,43,0.0,0.0,54.7,54.0,60.3,58.0,56.5,56.5,24.0,23.5,27,20.1,23
0.5,0.05,1.0,Illinois,46.3,45,58,45.0,51.2,52.0,53,0.0,0.0,58.3,58.0,61.2,61.0,32.1,28.0,14.9,15.5,20,3.9,6
0.5,0.05,2.0,Illinois,46.3,45,58,45.0,51.9,52.5,54,0.0,0.0,58.3,58.0,61.0,61.0,40.3,28.0,17.7,17.5,24,4.9,7
0.5,0.05,0.5,California,46.3,40,73,40.0,3.4,3.0,7,16.4,21.0,86.1,92.0,122.75,127.0,28.0,28.0,72.3,76.5,85,28.4,30
0.5,0.1,1.0,Utah,46.4,45,56,45.0,11.8,12.0,12,0.0,0.0,54.4,56.0,59.0,58.0,38.5,28.0,9.6,9.5,12,4.2,5
ALL,ALL,ALL,Arizona,46.525,40,87,44.0,9.608333333333333,10.0,11,0.13055555555555556,3.0,55.21111111111111,48.0,71.2611111111111,61.0,42.983333333333334,28.0,11.558333333333334,12.0,20,1.8027777777777778,5
1.0,0.1,0.5,Nevada,46.6,45,54,45.0,5.0,5.0,5,0.0,0.0,53.4,52.0,59.4,60.0,108.0,108.0,1.0,1.0,1,0.0,0
2.0,0.1,0.5,Nevada,46.6,45,54,45.0,5.0,5.0,5,0.0,0.0,53.4,52.0,56.2,54.0,108.0,108.0,1.0,1.0,1,0.0,0
2.0,0.05,0.5,Illinois,46.6,45,61,45.0,54.4,54.5,56,0.0,0.0,58.9,58.0,61.7,61.0,33.1,28.0,21.7,21.5,27,4.7,6
2.0,0.1,0.5,Oklahoma,46.6,39,61,40.0,36.6,36.5,41,0.0,0.0,57.6,61.0,69.7,68.0,29.5,28.0,16.7,17.5,22,8.5,12
2.0,0.05,0.5,Washington,46.6,34,64,46.0,10.0,10.0,12,0.5,2.0,57.5,47.0,73.8,72.0,34.6,28.0,17.4,17.0,23,17.9,20
1.0,0.1,2.0,Kentucky,46.6,43,47,47.0,38.4,39.5,41,0.0,0.0,57.6,58.0,63.5,63.0,58.0,57.0,24.1,24.0,28,19.4,26
1.0,0.25,2.0,Kentucky,46.6,43,47,47.0,40.2,40.0,43,0.0,0.0,57.1,58.0,62.7,63.0,56.8,57.0,26.3,26.0,30,21.1,25
1.0,0.25,1.0,Kentucky,46.6,43,47,47.0,38.4,38.5,43,0.0,0.0,55.7,58.0,61.1,63.0,56.6,57.0,23.4,23.0,27,21.3,27
1.0,0.01,1.0,Minnesota,46.6,39,62,48.0,38.8,38.5,45,0.6,2.0,52.0,50.5,55.4,55.0,45.0,42.5,39.1,39.5,51,30.1,35
0.5,0.05,0.5,Oklahoma,46.7,40,61,40.0,12.0,11.0,17,0.0,0.0,62.3,61.0,71.3,68.0,29.5,28.0,5.8,6.0,10,0.1,1
1.0,0.1,0.5,Montana,46.8,42,74,42.0,11.3,12.0,13,0.0,0.0,72.4,75.5,76.9,77.0,78.2,92.0,6.9,6.0,10,2.4,3
0.5,0.1,1.0,Montana,47.0,42,77,42.0,10.5,10.0,12,0.0,0.0,70.7,67.0,79.5,81.5,76.4,71.0,5.9,5.5,8,1.0,2
1.0,0.05,1.0,Kentucky,47.0,47,47,47.0,36.4,37.0,39,0.1,1.0,63.0,63.0,75.9,77.5,54.1,57.0,16.7,16.5,21,14.3,18
2.0,0.05,2.0,Kentucky,47.0,47,47,47.0,38.2,38.5,43,0.1,1.0,60.4,58.0,67.5,63.0,58.9,57.0,20.4,21.0,24,16.8,24
2.0,0.1,0.5,Kentucky,47.0,47,47,47.0,38.5,38.0,42,0.0,0.0,58.1,58.0,63.2,63.0,56.9,57.0,21.5,22.0,25,18.5,23
2.0,0.1,2.0,Kentucky,47.0,47,47,47.0,40.3,40.5,44,0.0,0.0,60.5,60.5,68.1,66.0,59.0,57.0,24.8,25.0,31,19.4,26
0.5,0.1,0.5,Utah,47.2,45,56,46.0,12.1,12.0,13,0.0,0.0,55.9,56.0,58.7,57.0,53.3,54.0,7.0,7.0,8,1.8,3
1.0,0.1,1.0,Utah,47.2,45,56,45.0,11.7,12.0,12,0.0,0.0,55.7,56.0,58.9,58.0,28.0,28.0,12.5,13.0,16,5.3,6
1.0,0.05,1.0,Missouri,47.2,41,78,41.0,70.1,70.0,75,0.0,0.0,68.1,73.0,77.0,77.5,76.0,68.0,14.8,14.5,20,6.6,9
0.5,0.01,2.0,Wisconsin,47.2,38,78,39.0,35.8,36.0,42,0.0,0.0,68.8,69.0,76.2,77.0,57.2,51.0,73.9,75.5,87,24.4,29
1.0,0.01,1.0,Iowa,47.2,38,59,50.0,31.8,32.5,36,1.5,11.0,60.6,58.0,67.1,63.0,54.0,57.5,97.9,100.0,109,47.5,52
1.0,0.1,0.5,Utah,47.3,45,56,46.0,11.8,12.0,13,0.0,0.0,55.5,56.0,59.7,59.5,51.1,54.0,8.4,8.5,11,4.0,5
1.0,0.05,2.0,Illinois,47.3,42,58,45.0,55.8,56.0,59,0.0,0.0,59.5,59.5,61.5,61.0,37.3,28.0,21.6,21.0,28,5.2,8
1.0,0.1,2.0,Nevada,47.4,45,69,45.0,5.0,5.0,5,0.0,0.0,54.1,52.0,61.4,54.0,81.33333333333333,108.0,1.0,1.0,1,0.0,0
2.0,0.1,0.5,Utah,47.4,45,56,45.0,11.9,12.0,13,0.0,0.0,54.2,56.0,59.0,57.0,28.0,28.0,12.0,11.5,16,5.8,7
0.5,0.05,2.0,Nevada,47.5,45,63,45.0,5.0,5.0,5,0.0,0.0,53.4,52.0,60.2,64.0,108.0,108.0,1.0,1.0,1,0.0,0
0.5,0.05,2.0,Oklahoma,47.5,40,61,44.0,28.7,28.5,32,0.0,0.0,62.3,61.0,71.6,68.0,29.5,28.0,13.9,14.0,17,6.8,8
2.0,0.05,0.5,Oklahoma,47.5,39,61,40.0,33.1,33.0,39,0.0,0.0,61.3,61.0,71.2,68.0,28.0,28.0,14.9,14.5,20,9.0,12
1.0,0.05,0.5,Illinois,47.6,45,58,45.0,50.3,50.5,53,0.0,0.0,58.6,58.0,61.2,61.0,36.3,28.0,17.1,17.0,24,4.2,6
2.0,0.05,1.0,Illinois,47.6,45,58,45.0,55.6,55.5,59,0.0,0.0,58.9,58.0,61.0,61.0,32.1,28.0,22.1,21.5,29,5.7,8
1.0,0.01,2.0,Minnesota,47.6,39,77,44.5,39.2,38.5,45,0.4,2.0,54.3,50.0,59.4,55.0,57.3,56.5,39.7,39.5,48,30.9,38
ALL,ALL,ALL,South Dakota,47.672222222222224,44,93,44.0,39.73888888888889,42.0,49,0.013888888888888888,1.0,51.44444444444444,45.0,54.75833333333333,50.0,69.225,58.0,9.7,10.0,16,4.75,9
1.0,0.01,1.0,Idaho,47.7,40,54,50.5,12.5,13.0,16,1.0,1.0,63.7,69.0,69.6,71.5,29.6,28.0,36.4,36.0,46,13.1,18
ALL,ALL,ALL,Oklahoma,47.75,39,61,40.0,28.477777777777778,29.5,46,0.0,0.0,60.37222222222222,61.0,71.75833333333334,68.0,30.76388888888889,28.0,12.936111111111112,13.0,25,5.777777777777778,14
1.0,0.25,0.5,Oregon,47.8,39,50,50.0,15.0,15.0,16,0.0,0.0,51.6,52.0,63.0,63.0,97.8,111.0,4.4,4.0,6,5.6,7
1.0,0.1,1.0,Kentucky,47.8,43,59,47.0,39.0,39.0,43,0.0,0.0,59.0,60.5,67.3,69.0,52.1,57.0,19.8,19.5,25,15.4,18
2.0,0.25,1.0,Michigan,47.8,46,49,49.0,48.5,48.0,55,0.0,0.0,49.8,49.0,52.8,55.0,28.0,28.0,18.0,18.0,21,17.4,20
2.0,0.05,2.0,California,47.8,40,64,46.0,3.8,3.5,5,16.5,22.0,84.7,92.0,132.77777777777777,108.0,28.0,28.0,84.4,86.0,97,33.2,35
1.0,0.01,2.0,Iowa,47.8,38,65,44.0,30.2,30.5,34,0.8,3.0,59.5,52.5,65.5,57.0,54.8,47.5,104.5,103.5,124,51.4,58
0.5,0.01,1.0,Minnesota,47.9,40,81,41.5,34.5,35.5,43,0.2,1.0,54.4,50.0,59.4,56.0,57.4,59.0,35.1,36.0,44,28.8,34
ALL,ALL,ALL,California,48.080555555555556,38,75,40.0,4.038888888888889,4.0,9,11.819444444444445,28.0,75.46666666666667,92.0,123.76744186046511,100.0,28.0,28.0,84.29444444444445,90.0,109,31.502777777777776,36
1.0,0.05,0.5,Utah,48.2,45,56,46.0,11.2,11.0,12,0.0,0.0,55.3,56.0,62.4,61.0,42.4,37.0,6.2,6.0,9,4.5,5
1.0,0.1,0.5,Kentucky,48.2,43,63,47.0,35.2,35.0,40,0.0,0.0,59.1,58.0,64.5,63.0,57.8,57.0,14.9,14.5,19,12.9,18
2.0,0.01,2.0,Iowa,48.2,38,56,50.0,30.4,30.0,35,2.9,11.0,62.9,61.0,71.0,75.0,53.7,56.0,105.9,104.5,123,52.7,55
0.5,0.1,1.0,Oklahoma,48.3,39,61,40.0,22.2,22.5,25,0.0,0.0,56.5,61.0,67.7,68.0,28.0,28.0,9.3,9.0,12,2.6,5
2.0,0.01,0.5,Iowa,48.3,38,65,50.0,29.3,28.5,35,0.3,1.0,56.3,53.5,64.9,64.5,55.2,55.0,105.7,105.0,122,52.0,55
2.0,0.05,2.0,Oklahoma,48.4,40,61,40.0,37.9,37.5,42,0.0,0.0,62.1,61.0,73.1,68.0,35.1,28.0,16.9,17.5,22,10.8,13
1.0,0.25,0.5,Michigan,48.4,46,49,49.0,48.0,48.0,51,0.0,0.0,50.2,49.0,53.1,55.0,34.0,28.0,16.1,17.0,19,14.9,17
0.5,0.25,2.0,Michigan,48.4,46,49,49.0,47.4,47.5,51,0.1,1.0,51.0,49.0,54.6,55.0,28.0,28.0,16.1,16.5,19,15.1,18
1.0,0.25,2.0,Michigan,48.4,46,49,49.0,48.0,47.0,52,0.1,1.0,49.6,49.0,54.5,55.0,28.0,28.0,18.6,18.5,22,17.4,21
2.0,0.25,2.0,Michigan,48.4,46,49,49.0,48.1,47.5,51,0.2,1.0,50.2,49.0,52.8,53.0,28.0,28.0,18.9,19.0,21,17.7,20
1.0,0.05,1.0,Illinois,48.5,45,58,45.0,53.0,52.5,60,0.0,0.0,59.2,58.0,61.6,61.0,40.1,28.0,21.5,21.5,26,5.1,8
0.5,0.01,2.0,Iowa,48.5,38,59,50.0,29.2,29.5,33,1.1,5.0,57.1,53.5,67.3,67.0,48.5,55.0,99.0,99.5,107,48.3,53
0.5,0.05,2.0,Montana,48.7,42,77,42.0,12.0,12.0,14,0.0,0.0,75.3,77.0,86.2,85.0,84.8,92.0,4.6,4.0,8,1.3,3
0.5,0.05,1.0,Utah,48.7,45,56,45.5,11.2,11.0,12,0.0,0.0,55.8,56.0,62.6,61.0,40.7,28.0,7.7,7.5,13,4.3,5
0.5,0.25,1.0,Michigan,48.7,46,49,49.0,46.9,47.0,50,0.0,0.0,50.8,49.0,54.0,55.0,28.0,28.0,15.2,15.5,18,15.0,18
2.0,0.25,0.5,Michigan,48.7,46,49,49.0,48.7,49.5,52,0.0,0.0,50.2,49.0,54.2,55.0,28.0,28.0,18.6,19.0,22,16.4,20
2.0,0.25,1.0,Oregon,48.9,39,50,50.0,16.5,16.5,19,0.0,0.0,51.8,52.0,63.0,63.0,104.4,111.0,5.4,6.0,6,6.3,8
2.0,0.25,2.0,Oregon,48.9,39,50,50.0,16.5,16.5,18,0.0,0.0,51.8,52.0,63.0,63.0,104.4,111.0,4.7,5.0,5,6.7,8
2.0,0.05,1.0,Washington,48.9,46,72,46.0,11.0,11.0,13,0.2,1.0,62.0,65.0,71.9,73.5,49.4,40.0,17.0,18.0,22,17.2,19
0.5,0.25,0.5,Michigan,49.0,49,49,49.0,42.3,42.0,47,0.3,2.0,51.4,49.0,54.0,55.0,36.4,28.0,14.4,15.0,18,16.2,19
0.5,0.1,1.0,Michigan,49.0,46,55,49.0,43.1,43.0,46,0.3,1.0,52.7,55.0,56.2,56.0,37.2,28.0,14.0,13.5,16,16.9,19
2.0,0.05,2.0,Illinois,49.2,45,61,45.0,56.6,56.5,60,0.0,0.0,59.2,58.0,61.3,61.0,36.1,28.0,20.0,19.5,24,5.6,8
1.0,0.25,1.0,Michigan,49.3,46,55,49.0,48.7,49.0,51,0.0,0.0,50.9,49.0,54.1,55.0,28.0,28.0,16.3,17.0,19,15.2,17
0.5,0.05,0.5,Nevada,49.4,45,69,45.0,5.0,5.0,5,0.0,0.0,57.6,52.0,67.2,64.0,28.0,28.0,1.0,1.0,1,0.0,0
2.0,0.01,2.0,Idaho,49.4,40,69,47.0,12.6,12.5,17,1.5,5.0,59.9,61.5,66.5,71.0,38.9,28.0,42.4,42.5,53,15.3,20
2.0,0.05,0.5,California,49.4,40,74,40.0,3.7,3.5,6,16.3,28.0,92.5,92.0,141.88888888888889,100.0,28.0,28.0,84.9,91.5,98,33.4,35
1.0,0.1,2.0,Utah,49.6,45,66,46.0,12.4,12.5,15,0.0,0.0,57.7,56.0,61.4,59.5,28.0,28.0,12.7,13.0,17,5.3,6
1.0,0.1,0.5,Michigan,49.6,49,55,49.0,44.7,45.0,49,0.3,1.0,54.4,55.0,56.6,56.0,32.4,28.0,14.9,15.0,19,15.1,21
0.5,0.1,2.0,Michigan,49.6,46,55,49.0,44.9,44.5,47,0.2,1.0,53.8,55.0,57.1,56.0,28.0,28.0,14.6,15.0,16,16.4,19
0.5,0.01,0.5,Wisconsin,49.7,38,72,44.0,31.3,31.5,34,0.0,0.0,61.9,69.0,66.6,74.0,39.0,28.0,56.8,57.0,66,25.3,27
1.0,0.05,2.0,California,49.8,40,74,40.0,4.0,4.5,5,12.4,21.0,78.6,92.0,135.77777777777777,108.0,28.0,28.0,84.8,92.0,97,33.4,35
ALL,ALL,ALL,Illinois,49.861111111111114,42,119,45.0,51.772222222222226,54.0,64,0.002777777777777778,1.0,64.625,58.0,69.75833333333334,61.0,50.916666666666664,28.0,19.355555555555554,20.0,31,4.9944444444444445,9
2.0,0.1,1.0,Michigan,49.9,46,55,49.0,45.5,46.0,48,0.1,1.0,53.5,55.0,55.9,56.0,35.2,28.0,16.4,15.5,21,17.7,23
0.5,0.1,2.0,Montana,50.0,42,74,42.0,14.4,14.0,17,0.0,0.0,73.9,75.5,77.6,77.0,94.4,92.0,5.8,6.0,8,2.0,4
0.5,0.1,0.5,Oregon,50.0,50,50,50.0,9.5,9.0,12,0.0,0.0,52.0,52.0,63.0,63.0,111.0,111.0,2.8,3.0,3,2.2,3
0.5,0.25,0.5,Oregon,50.0,50,50,50.0,10.8,11.0,12,0.0,0.0,52.0,52.0,63.0,63.0,111.0,111.0,2.9,3.0,4,2.8,5
0.5,0.1,1.0,Oregon,50.0,50,50,50.0,13.1,13.0,14,0.0,0.0,52.0,52.0,63.0,63.0,111.0,111.0,3.8,4.0,5,4.9,6
0.5,0.25,1.0,Oregon,50.0,50,50,50.0,14.0,14.0,16,0.0,0.0,52.0,52.0,63.0,63.0,111.0,111.0,3.4,3.5,4,5.2,6
1.0,0.05,0.5,Oregon,50.0,50,50,50.0,13.1,13.0,14,0.0,0.0,52.0,52.0,63.0,63.0,113.3,111.0,4.2,4.0,6,5.6,6
1.0,0.1,0.5,Oregon,50.0,50,50,50.0,14.4,14.5,16,0.0,0.0,52.0,52.0,63.0,63.0,111.0,111.0,4.7,4.5,6,5.8,7
2.0,0.1,1.0,Oregon,50.0,50,50,50.0,15.9,16.0,17,0.0,0.0,52.0,52.0,63.0,63.0,111.0,111.0,5.1,5.0,7,6.2,8
2.0,0.1,2.0,Oregon,50.0,50,50,50.0,15.6,15.5,17,0.0,0.0,52.0,52.0,63.0,63.0,111.0,111.0,5.2,5.0,6,6.2,8
1.0,0.25,1.0,Oregon,50.0,50,50,50.0,15.4,15.5,17,0.0,0.0,52.0,52.0,63.0,63.0,111.0,111.0,4.7,5.0,5,6.4,8
2.0,0.1,0.5,Oregon,50.0,50,50,50.0,15.4,16.0,17,0.0,0.0,52.0,52.0,63.0,63.0,111.0,111.0,5.2,5.0,7,6.4,8
2.0,0.25,0.5,Oregon,50.0,50,50,50.0,15.5,16.0,17,0.0,0.0,52.0,52.0,63.0,63.0,111.0,111.0,4.2,4.0,6,6.6,8
1.0,0.1,1.0,Oregon,50.0,50,50,50.0,14.8,15.0,16,0.0,0.0,52.0,52.0,63.0,63.0,111.0,111.0,5.1,5.0,8,6.8,9
1.0,0.25,2.0,Oregon,50.0,50,50,50.0,15.7,15.5,17,0.0,0.0,52.0,52.0,63.0,63.0,111.0,111.0,5.3,5.0,7,6.9,8
0.5,0.05,2.0,Oregon,50.0,50,50,50.0,14.2,14.0,15,0.0,0.0,52.0,52.0,63.0,63.0,103.8,111.0,5.8,6.0,7,6.9,8
0.5,0.25,2.0,Oregon,50.0,50,50,50.0,14.4,14.0,16,0.0,0.0,52.0,52.0,63.0,63.0,111.0,111.0,4.9,5.0,6,7.5,10
0.5,0.05,1.0,Oregon,50.2,50,52,50.0,11.9,12.0,14,0.0,0.0,53.1,52.0,63.1,63.0,116.5,111.0,3.9,4.0,5,5.3,6
1.0,0.1,1.0,Michigan,50.2,49,55,49.0,46.3,46.0,48,0.3,1.0,53.7,55.0,56.8,56.0,31.4,28.0,14.8,14.0,21,15.8,18
2.0,0.05,0.5,Kentucky,50.2,47,63,47.0,36.6,36.0,41,0.2,1.0,69.7,66.5,81.1,82.0,63.6,57.0,19.4,19.0,24,16.1,20
1.0,0.01,0.5,South Dakota,50.3,44,70,46.0,30.0,29.5,33,0.0,0.0,66.9,62.0,72.5,66.0,91.3,94.0,6.2,6.0,8,4.5,7
0.5,0.05,0.5,Missouri,50.3,41,79,41.0,39.6,39.5,44,0.0,0.0,69.0,73.0,77.1,79.0,76.1,68.0,8.2,8.0,12,5.1,7
0.5,0.1,2.0,Utah,50.5,40,71,45.0,12.0,12.0,13,0.0,0.0,57.0,56.0,60.6,56.0,28.0,28.0,11.6,11.5,18,5.0,6
2.0,0.05,0.5,Missouri,50.5,41,79,41.0,71.6,71.5,76,0.0,0.0,63.2,53.5,78.8,79.0,73.3,68.0,14.8,15.5,16,6.5,9
1.0,0.05,2.0,Missouri,50.5,41,79,41.0,72.9,72.5,79,0.0,0.0,74.2,76.0,80.7,79.5,76.2,68.0,11.9,12.0,17,8.2,11
2.0,0.05,1.0,Oklahoma,50.5,40,61,50.5,36.6,36.5,39,0.0,0.0,64.5,64.5,75.3,74.5,28.0,28.0,16.7,16.0,22,9.9,11
2.0,0.05,1.0,Nevada,50.6,45,78,45.0,5.0,5.0,5,0.0,0.0,58.7,53.0,69.1,64.5,108.0,108.0,1.0,1.0,1,0.0,0
0.5,0.1,2.0,Nevada,50.6,45,73,45.0,5.0,5.0,5,0.0,0.0,57.6,52.0,64.8,54.0,28.0,28.0,1.0,1.0,1,0.0,0
2.0,0.1,0.5,Michigan,50.7,46,55,49.0,45.3,46.0,49,0.3,2.0,54.7,55.0,58.3,59.0,28.0,28.0,16.9,16.5,21,18.2,23
1.0,0.05,0.5,Oklahoma,50.8,39,61,52.5,22.9,23.0,25,0.0,0.0,62.3,64.5,74.3,73.0,28.0,28.0,10.6,10.5,14,4.1,7
0.5,0.05,2.0,Utah,50.8,45,56,51.0,11.4,11.0,12,0.0,0.0,56.8,56.0,64.3,61.5,28.0,28.0,8.8,9.0,11,5.4,6
0.5,0.1,0.5,Michigan,50.8,49,55,49.0,40.6,39.5,44,0.1,1.0,53.8,55.0,56.8,56.0,33.6,28.0,13.0,13.0,16,15.1,18
1.0,0.05,2.0,Kentucky,50.8,43,78,47.0,37.4,37.0,42,0.0,0.0,62.6,63.0,73.5,73.5,65.3,57.0,20.6,21.0,25,16.2,22
0.5,0.01,1.0,Wisconsin,50.8,38,94,40.0,35.1,36.0,39,0.2,1.0,73.8,75.5,80.5,82.5,50.2,28.0,60.7,59.5,69,23.1,29
ALL,ALL,ALL,Washington,51.06111111111111,34,91,46.0,10.458333333333334,10.0,16,0.225,2.0,59.06944444444444,47.0,74.525,72.0,46.544444444444444,42.0,15.708333333333334,16.0,24,16.294444444444444,21
0.5,0.1,0.5,Montana,51.2,42,77,42.0,9.2,9.5,11,0.0,0.0,72.5,77.0,76.8,77.0,85.7,92.0,5.4,6.0,7,1.9,3
2.0,0.1,2.0,Montana,51.2,42,77,42.0,15.8,15.5,18,0.0,0.0,69.1,67.0,76.9,77.0,78.6,71.0,7.0,6.0,10,4.2,6
2.0,0.05,1.0,Oregon,51.3,50,63,50.0,15.2,15.5,18,0.0,0.0,54.6,52.0,66.7,63.0,123.2,111.0,4.9,5.0,6,6.3,8
1.0,0.1,2.0,Oregon,51.3,50,63,50.0,14.3,14.5,16,0.0,0.0,54.6,52.0,65.7,63.0,111.0,111.0,5.8,6.0,8,7.1,9
1.0,0.05,1.0,Oklahoma,51.3,40,61,52.5,30.7,31.0,34,0.0,0.0,64.5,64.5,73.4,73.0,28.0,28.0,14.3,14.0,17,7.8,10
0.5,0.25,1.0,Kentucky,51.3,43,63,54.0,34.9,35.0,40,0.0,0.0,60.1,58.0,63.7,61.0,63.7,67.0,15.5,15.5,18,14.4,21
2.0,0.05,0.5,Michigan,51.3,46,55,50.0,41.7,42.0,46,0.4,2.0,56.8,57.5,59.9,60.0,36.8,28.0,16.2,16.0,21,19.6,25
1.0,0.05,1.0,Nevada,51.5,45,73,45.0,5.0,5.0,5,0.0,0.0,60.3,54.0,67.3,64.5,28.0,28.0,1.0,1.0,1,0.0,0
0.5,0.05,0.5,Michigan,51.5,46,59,52.0,36.3,35.5,41,0.1,1.0,55.4,57.0,58.5,60.0,48.4,42.0,11.5,11.5,15,15.6,18
2.0,0.01,1.0,Wisconsin,51.5,38,83,38.0,37.0,37.0,41,0.0,0.0,67.4,76.0,78.1,83.5,47.0,28.0,65.8,66.0,75,23.5,27
0.5,0.05,1.0,Montana,51.6,42,74,42.0,9.8,10.0,11,0.0,0.0,72.7,77.0,80.6,81.0,89.2,92.0,4.9,5.0,7,1.4,3
0.5,0.25,2.0,Kentucky,51.6,43,58,56.0,37.0,37.0,39,0.0,0.0,60.1,60.5,64.6,66.0,67.1,67.0,23.2,24.0,26,18.9,22
1.0,0.05,0.5,Kentucky,51.7,47,78,47.0,33.3,33.5,36,0.2,1.0,67.2,63.0,77.0,79.0,62.4,57.0,12.7,13.0,18,11.6,16
2.0,0.1,2.0,Michigan,51.9,46,55,53.0,46.2,46.0,49,0.3,1.0,56.0,55.5,59.0,59.5,37.0,28.0,16.0,17.0,19,18.2,20
0.5,0.25,1.0,West Virginia,52.0,52,52,52.0,13.5,13.5,15,0.0,0.0,72.0,64.0,84.4,84.0,89.6,98.0,4.2,4.0,6,0.0,0
1.0,0.25,0.5,West Virginia,52.0,52,52,52.0,14.2,14.0,15,0.0,0.0,67.4,64.0,81.4,81.0,87.8,92.0,5.2,5.0,8,0.0,0
1.0,0.05,0.5,West Virginia,52.0,52,52,52.0,10.2,10.0,13,0.0,0.0,86.8,88.0,132.9,129.0,93.3,103.0,2.9,2.0,6,0.0,0
1.0,0.25,2.0,West Virginia,52.0,52,52,52.0,15.4,15.0,17,0.0,0.0,70.8,64.0,81.8,81.0,80.6,92.0,6.3,7.0,7,0.0,0
0.5,0.05,1.0,West Virginia,52.0,52,52,52.0,9.8,10.0,12,0.0,0.0,87.2,88.0,138.3,129.0,99.57142857142857,103.0,1.2857142857142858,1.0,2,0.0,0
2.0,0.25,1.0,West Virginia,52.0,52,52,52.0,15.8,16.0,18,0.0,0.0,70.0,64.0,82.8,84.0,91.7,95.0,6.5,6.0,8,0.0,0
0.5,0.25,2.0,West Virginia,52.0,52,52,52.0,14.6,15.0,16,0.0,0.0,64.0,64.0,81.0,81.0,95.0,95.0,5.3,5.0,7,0.0,0
0.5,0.25,0.5,West Virginia,52.0,52,52,52.0,7.3,7.5,9,0.0,0.0,77.4,84.0,85.2,88.0,87.8,92.0,4.4,4.0,7,0.0,0
1.0,0.25,1.0,West Virginia,52.0,52,52,52.0,14.6,15.0,16,0.0,0.0,65.4,64.0,81.6,84.0,90.2,92.0,6.7,7.0,9,0.0,0
2.0,0.25,2.0,West Virginia,52.0,52,52,52.0,15.6,15.5,17,0.0,0.0,65.4,64.0,80.4,78.0,95.0,95.0,7.6,7.5,10,0.0,0
2.0,0.25,0.5,West Virginia,52.0,52,52,52.0,14.9,15.0,16,0.0,0.0,67.4,64.0,83.6,84.0,88.4,95.0,6.1,6.5,8,0.0,0
2.0,0.1,1.0,West Virginia,52.0,52,52,52.0,14.9,15.0,17,0.0,0.0,80.4,84.0,91.3,88.0,90.1,98.0,6.0,6.5,9,0.0,0
1.0,0.1,0.5,West Virginia,52.0,52,52,52.0,12.6,12.5,14,0.0,0.0,76.6,78.0,86.8,88.0,92.8,98.0,4.0,4.0,6,0.0,0
0.5,0.1,1.0,West Virginia,52.0,52,52,52.0,11.7,12.0,13,0.0,0.0,83.6,84.0,104.0,88.0,150.625,101.0,3.25,4.0,5,0.0,0
2.0,0.1,0.5,West Virginia,52.0,52,52,52.0,13.4,13.0,15,0.0,0.0,74.0,74.0,84.8,86.0,94.7,98.0,5.2,5.0,7,0.0,0
0.5,0.1,2.0,West Virginia,52.0,52,52,52.0,12.7,12.0,16,0.0,0.0,78.0,84.0,86.2,88.0,89.6,98.0,5.3,5.5,7,0.0,0
1.0,0.1,1.0,West Virginia,52.0,52,52,52.0,12.9,13.0,15,0.0,0.0,81.6,84.0,90.9,88.0,94.6,98.0,5.2,5.0,7,0.0,0
0.5,0.1,0.5,West Virginia,52.0,52,52,52.0,7.0,7.0,9,0.0,0.0,78.2,84.0,94.0,88.0,91.55555555555556,92.0,3.5555555555555554,3.0,7,0.0,0
1.0,0.1,2.0,West Virginia,52.0,52,52,52.0,13.7,14.0,15,0.0,0.0,80.2,84.0,96.3,88.0,91.9,98.0,5.2,5.0,7,0.1,1
2.0,0.1,2.0,West Virginia,52.0,52,52,52.0,14.0,14.0,16,0.0,0.0,78.2,84.0,100.4,88.0,93.5,98.0,6.4,7.0,8,0.1,1
2.0,0.05,1.0,Kentucky,52.0,47,75,47.0,37.3,37.0,41,0.0,0.0,62.3,63.0,74.2,72.5,62.8,57.0,23.5,24.5,27,17.1,19
1.0,0.25,1.0,Ohio,52.0,49,54,54.0,60.4,61.0,63,0.0,0.0,57.6,60.0,62.4,63.0,61.0,61.0,25.2,25.0,31,18.5,22
1.0,0.25,0.5,Ohio,52.0,49,54,54.0,58.0,58.0,61,0.0,0.0,58.5,60.0,63.4,63.0,61.2,61.0,24.3,24.0,30,18.7,21
0.5,0.1,2.0,Oregon,52.1,39,66,50.0,14.8,15.0,17,0.0,0.0,57.0,52.0,68.4,63.0,104.4,111.0,5.3,5.0,7,6.6,9
2.0,0.01,0.5,Idaho,52.1,40,69,54.0,12.2,12.5,15,0.9,2.0,63.6,69.0,68.0,73.0,35.2,28.0,37.7,37.5,45,13.9,18
1.0,0.1,2.0,Michigan,52.1,49,56,52.0,47.4,47.5,50,0.2,1.0,54.3,55.5,57.6,58.5,34.8,28.0,15.9,16.0,20,16.5,19
1.0,0.05,2.0,Michigan,52.1,49,56,52.0,44.8,45.0,48,0.2,1.0,58.3,59.5,61.5,61.0,40.2,28.0,16.8,17.0,23,17.2,21
1.0,0.1,2.0,Montana,52.2,42,77,42.0,14.2,15.0,17,0.0,0.0,76.2,77.0,80.1,77.0,89.11111111111111,92.0,5.8,6.5,9,3.8,5
1.0,0.01,0.5,Wisconsin,52.3,40,81,40.0,34.6,34.0,39,0.0,0.0,59.2,48.5,66.9,61.0,60.6,54.5,66.0,67.5,79,24.7,29
2.0,0.05,2.0,Montana,52.5,42,77,42.0,14.0,14.0,17,0.0,0.0,78.6,77.0,88.0,85.0,67.0,56.5,6.3,6.0,9,2.8,6
0.5,0.05,2.0,Michigan,52.6,49,55,55.0,41.7,42.0,45,0.1,1.0,56.3,57.0,59.4,59.5,42.4,28.0,14.2,14.0,16,16.5,20
2.0,0.05,1.0,Michigan,52.8,46,60,55.0,44.7,45.0,50,0.0,0.0,56.8,59.0,60.3,60.0,44.4,28.0,14.9,15.0,18,17.0,20
0.5,0.05,0.5,Oregon,52.9,50,66,50.0,8.4,8.5,9,0.1,1.0,57.2,52.0,70.4,63.0,111.0,111.0,2.9,3.0,4,1.8,3
1.0,0.05,1.0,Oregon,52.9,50,66,50.0,14.3,14.0,16,0.0,0.0,57.0,52.0,68.2,63.0,117.7,111.0,4.9,5.0,6,6.6,8
2.0,0.25,0.5,Ohio,52.9,49,63,54.0,61.7,62.0,64,0.0,0.0,58.9,60.0,64.0,63.0,64.0,61.0,26.0,26.0,31,18.2,19
1.0,0.25,0.5,Wyoming,53.0,45,55,55.0,11.8,12.0,12,0.0,0.0,56.6,57.0,62.6,64.0,,,0.0,0.0,0,0.2,1
0.5,0.25,0.5,Pennsylvania,53.0,53,53,53.0,42.1,42.0,45,0.0,0.0,63.0,63.0,65.4,66.0,28.0,28.0,25.4,25.0,31,12.6,16
0.5,0.25,1.0,Pennsylvania,53.0,53,53,53.0,43.7,43.5,50,0.0,0.0,62.0,63.0,65.1,66.0,28.0,28.0,27.1,27.0,31,13.5,19
2.0,0.25,2.0,Pennsylvania,53.0,53,53,53.0,43.9,43.5,47,0.0,0.0,62.0,63.0,65.0,66.0,28.0,28.0,29.0,28.0,34,14.0,17
1.0,0.25,2.0,Ohio,53.0,49,54,54.0,60.4,61.0,63,0.0,0.0,59.1,60.0,62.9,63.0,61.6,61.0,25.8,25.5,29,19.0,22
2.0,0.25,1.0,Ohio,53.0,49,54,54.0,60.2,60.5,63,0.0,0.0,59.4,60.0,63.6,63.0,61.2,61.0,27.6,27.5,32,19.4,23
0.5,0.01,1.0,Iowa,53.0,38,92,50.0,27.2,27.5,32,1.5,7.0,59.2,54.0,69.7,65.0,50.1,55.0,84.6,86.5,92,42.6,51
1.0,0.05,1.0,Michigan,53.1,49,60,55.0,45.0,45.0,49,0.5,2.0,57.5,57.5,60.2,60.0,35.2,28.0,15.6,15.0,20,15.3,18
2.0,0.05,1.0,Utah,53.2,45,71,56.0,11.5,12.0,13,0.0,0.0,59.9,56.0,66.4,65.0,28.0,28.0,9.2,9.5,12,6.2,8
2.0,0.05,1.0,Missouri,53.2,41,79,41.0,74.9,76.0,77,0.0,0.0,73.7,77.5,82.4,83.0,79.4,68.0,12.3,12.5,16,6.9,9
2.0,0.01,1.0,Iowa,53.2,38,80,53.0,27.0,27.5,32,4.2,17.0,65.4,61.5,74.2,71.0,53.8,57.5,108.4,108.0,118,55.2,61
2.0,0.01,0.5,Wisconsin,53.3,38,72,50.0,36.5,36.0,41,0.0,0.0,65.8,63.5,73.7,77.5,53.5,64.0,67.3,68.5,75,23.9,28
1.0,0.05,1.0,Utah,53.4,45,71,49.0,11.0,11.0,13,0.0,0.0,62.0,56.0,67.3,63.0,28.0,28.0,8.4,9.0,12,6.1,8
2.0,0.05,2.0,Missouri,53.4,41,79,51.0,76.5,77.0,81,0.0,0.0,69.6,73.0,78.8,79.0,83.9,83.0,14.6,15.0,18,6.9,9
0.5,0.25,1.0,Ohio,53.5,49,54,54.0,56.6,56.0,59,0.0,0.0,59.7,60.0,63.5,63.0,61.2,61.0,22.6,22.5,28,18.3,20
2.0,0.01,2.0,Arizona,53.6,44,81,49.5,8.7,8.5,11,0.4,2.0,74.4,66.0,96.3,98.5,41.7,28.0,14.4,14.5,19,2.4,4
1.0,0.01,1.0,Arizona,53.7,44,79,49.0,8.9,9.0,10,0.6,1.0,78.9,87.0,103.9,113.0,57.4,67.0,12.7,13.5,16,2.0,3
2.0,0.1,1.0,Montana,53.7,42,77,42.0,14.7,14.5,18,0.0,0.0,75.4,77.0,80.7,81.5,90.9,92.0,6.2,5.0,9,4.2,7
1.0,0.05,0.5,Michigan,53.8,49,55,55.0,44.2,44.5,46,0.2,1.0,58.4,59.0,60.3,60.0,35.2,28.0,14.6,14.5,20,13.6,17
0.5,0.05,1.0,Michigan,53.8,49,55,55.0,41.3,41.0,44,0.1,1.0,58.3,59.0,60.5,60.0,45.6,28.0,14.4,15.0,16,15.7,18
2.0,0.05,2.0,Michigan,53.8,49,60,55.0,44.7,44.5,49,0.3,1.0,58.6,59.0,60.7,60.0,32.4,28.0,16.7,18.0,24,17.7,21
0.5,0.05,0.5,Utah,53.9,45,71,51.0,11.0,11.0,13,0.0,0.0,61.6,57.0,67.6,63.0,76.9,76.5,5.2,5.0,8,2.8,5
1.0,0.05,2.0,Oregon,53.9,50,63,50.0,14.0,14.0,15,0.0,0.0,59.8,52.0,73.6,63.0,111.0,111.0,5.4,5.5,8,6.8,8
2.0,0.25,1.0,Wyoming,54.0,45,55,55.0,13.0,13.0,14,0.0,0.0,58.2,57.0,64.3,64.0,320.0,320.0,1.2,1.0,2,0.2,1
2.0,0.25,2.0,Wyoming,54.0,45,55,55.0,13.0,13.0,14,0.0,0.0,56.8,57.0,64.2,64.0,320.0,320.0,1.4,1.0,2,0.4,2
2.0,0.25,0.5,Pennsylvania,54.0,53,63,53.0,45.7,46.5,48,0.0,0.0,63.3,63.0,66.2,66.0,28.0,28.0,26.9,27.0,32,11.9,18
1.0,0.25,0.5,Pennsylvania,54.0,53,63,53.0,44.3,44.0,49,0.0,0.0,61.3,63.0,64.7,64.5,28.0,28.0,26.9,27.0,31,13.2,17
1.0,0.25,2.0,Pennsylvania,54.0,53,63,53.0,44.6,44.5,47,0.0,0.0,63.3,63.0,65.6,66.0,28.0,28.0,28.2,28.5,31,13.2,17
0.5,0.25,2.0,Pennsylvania,54.0,53,63,53.0,44.7,45.0,47,0.0,0.0,63.3,63.0,65.3,66.0,28.0,28.0,29.7,30.5,34,13.4,16
0.5,0.25,0.5,Ohio,54.0,54,54,54.0,52.3,52.5,55,0.0,0.0,60.6,60.0,64.7,63.0,61.2,61.0,18.2,18.0,22,17.4,20
2.0,0.25,2.0,Ohio,54.0,54,54,54.0,60.9,61.0,64,0.0,0.0,60.6,60.0,63.6,63.0,61.2,61.0,26.4,26.0,31,18.7,23
2.0,0.05,2.0,Oregon,54.1,50,78,50.0,15.0,15.0,16,0.0,0.0,59.4,52.0,70.6,63.0,125.0,111.0,5.2,5.0,8,6.8,8
2.0,0.1,2.0,Ohio,54.1,49,60,54.0,60.5,61.0,63,0.0,0.0,62.4,63.0,69.3,70.0,63.7,62.0,26.4,27.5,30,18.1,21
0.5,0.25,2.0,Ohio,54.1,49,60,54.0,58.2,58.5,61,0.0,0.0,60.5,60.0,64.9,63.0,63.3,61.0,23.4,24.0,29,18.9,22
0.5,0.1,1.0,Louisiana,54.2,46,128,46.0,2.8,3.0,4,0.0,0.0,148.7,128.0,193.57142857142858,197.0,,,0.0,0.0,0,0.0,0
1.0,0.05,0.5,Louisiana,54.2,46,128,46.0,2.9,3.0,4,0.0,0.0,148.7,128.0,192.85714285714286,197.0,,,0.0,0.0,0,0.3,1
1.0,0.1,1.0,Louisiana,54.2,46,128,46.0,4.0,4.0,5,0.0,0.0,134.9,128.0,193.6,197.0,,,0.0,0.0,0,0.8,1
ALL,ALL,ALL,Missouri,54.21666666666667,41,108,41.0,63.19444444444444,67.0,86,0.0,0.0,69.39444444444445,73.0,78.16944444444445,76.0,85.1949860724234,68.0,12.025069637883009,13.0,24,5.713888888888889,11
2.0,0.01,2.0,South Dakota,54.4,44,70,54.0,37.1,37.0,41,0.1,1.0,68.3,64.0,73.3,67.5,90.2,91.0,8.9,9.0,13,5.9,8
0.5,0.01,0.5,Arizona,54.5,44,81,49.0,6.0,6.0,8,0.5,2.0,83.4,89.0,104.1,99.0,70.2,67.0,9.1,8.5,13,2.0,5
0.5,0.1,2.0,Wyoming,54.6,45,58,55.0,11.9,12.0,12,0.0,0.0,60.3,60.5,67.6,69.0,320.0,320.0,0.8888888888888888,1.0,1,0.1,1
2.0,0.25,1.0,Vermont,54.6,42,60,58.5,9.9,10.0,12,0.4,2.0,66.6,63.0,75.4,75.0,83.4,97.0,11.1,12.0,15,4.1,6
0.5,0.01,1.0,Arizona,54.7,44,81,49.0,7.8,8.0,9,0.6,1.0,79.6,91.0,98.6,104.5,74.0,77.0,12.4,12.5,15,2.4,3
1.0,0.05,2.0,Montana,54.7,42,77,42.0,12.4,13.0,16,0.0,0.0,74.7,77.0,82.3,85.0,79.2,81.5,6.2,6.5,9,3.6,6
2.0,0.25,1.0,North Dakota,54.9,48,66,48.0,20.8,21.0,23,0.0,0.0,67.3,66.0,75.2,78.0,86.2,81.0,11.2,11.0,14,3.2,4
2.0,0.1,1.0,Ohio,54.9,49,73,54.0,59.3,59.0,62,0.1,1.0,60.7,60.0,66.2,66.0,64.2,61.0,28.0,30.0,33,18.6,22
0.5,0.25,1.0,Wyoming,55.0,55,55,55.0,11.9,12.0,12,0.0,0.0,57.0,57.0,64.0,64.0,,,0.0,0.0,0,0.0,0
1.0,0.05,0.5,Wyoming,55.0,55,55,55.0,11.8,12.0,12,0.0,0.0,61.2,64.0,68.8,69.0,151.0,151.0,1.0,1.0,1,0.0,0
0.5,0.05,1.0,Wyoming,55.0,55,55,55.0,11.2,11.0,12,0.0,0.0,63.4,64.0,71.3,71.0,,,0.0,0.0,0,0.0,0
0.5,0.25,2.0,Wyoming,55.0,55,55,55.0,12.4,12.0,13,0.0,0.0,57.0,57.0,64.0,64.0,320.0,320.0,1.0,1.0,1,0.0,0
0.5,0.25,0.5,Wyoming,55.0,55,55,55.0,10.7,11.0,11,0.0,0.0,59.1,57.0,65.5,64.0,,,0.0,0.0,0,0.0,0
0.5,0.05,2.0,Wyoming,55.0,55,55,55.0,11.5,11.5,12,0.0,0.0,63.1,64.0,69.2,69.0,320.0,320.0,1.0,1.0,1,0.0,0
1.0,0.1,0.5,Wyoming,55.0,55,55,55.0,12.0,12.0,12,0.0,0.0,59.6,57.0,66.8,64.0,,,0.0,0.0,0,0.0,0
0.5,0.1,1.0,Wyoming,55.0,55,55,55.0,11.7,12.0,12,0.0,0.0,59.1,57.0,65.5,64.0,,,0.0,0.0,0,0.0,0
0.5,0.1,0.5,Wyoming,55.0,55,55,55.0,10.5,10.5,11,0.0,0.0,59.8,57.0,66.0,64.0,,,0.0,0.0,0,0.0,0
1.0,0.25,1.0,Wyoming,55.0,55,55,55.0,13.0,13.0,13,0.0,0.0,57.7,57.0,64.5,64.0,320.0,320.0,1.0,1.0,1,0.1,1
2.0,0.25,0.5,Wyoming,55.0,55,55,55.0,13.0,13.0,13,0.0,0.0,57.7,57.0,64.5,64.0,320.0,320.0,1.0,1.0,1,0.1,1
2.0,0.1,0.5,Wyoming,55.0,55,55,55.0,12.9,13.0,14,0.0,0.0,59.1,57.0,65.5,64.0,320.0,320.0,1.0,1.0,1,0.1,1
1.0,0.1,1.0,Wyoming,55.0,55,55,55.0,12.7,13.0,13,0.0,0.0,60.5,60.5,66.5,66.5,320.0,320.0,1.0,1.0,1,0.1,1
2.0,0.1,2.0,Wyoming,55.0,55,55,55.0,12.8,13.0,14,0.0,0.0,59.8,57.0,66.0,64.0,323.3,320.0,1.7,2.0,3,0.2,1
2.0,0.1,1.0,Wyoming,55.0,55,55,55.0,12.7,13.0,14,0.0,0.0,59.1,57.0,65.5,64.0,322.75,320.0,1.0,1.0,2,0.3,2
1.0,0.25,2.0,Wyoming,55.0,55,55,55.0,13.3,13.0,14,0.0,0.0,57.7,57.0,64.5,64.0,320.0,320.0,1.0,1.0,1,0.4,1
1.0,0.25,1.0,Pennsylvania,55.0,53,63,53.0,45.0,45.0,49,0.0,0.0,62.6,63.0,65.7,66.0,28.0,28.0,28.8,29.0,33,13.0,15
0.5,0.1,1.0,Pennsylvania,55.0,53,63,53.0,42.2,43.0,44,0.0,0.0,63.6,63.0,66.1,66.0,37.6,28.0,28.2,29.5,31,13.3,16
2.0,0.25,1.0,Pennsylvania,55.0,53,63,53.0,44.4,44.5,48,0.0,0.0,62.6,63.0,65.5,66.0,28.0,28.0,26.8,27.0,30,13.9,17
0.5,0.1,0.5,Pennsylvania,55.0,53,63,53.0,38.8,39.0,42,0.0,0.0,63.6,63.0,66.4,66.0,28.0,28.0,21.7,22.0,25,14.4,19
2.0,0.1,2.0,Pennsylvania,55.0,53,63,53.0,43.2,44.0,46,0.0,0.0,63.6,63.0,66.6,66.0,28.0,28.0,25.1,25.0,30,14.5,19
1.0,0.1,2.0,Pennsylvania,55.0,53,63,53.0,42.8,42.0,48,0.0,0.0,64.1,63.0,67.4,66.0,33.2,28.0,26.0,25.5,32,14.6,19
2.0,0.01,1.0,Idaho,55.1,40,69,54.0,13.8,14.0,19,0.5,1.0,61.7,68.0,66.3,70.5,35.3,28.0,39.9,40.5,46,14.0,17
2.0,0.05,1.0,West Virginia,55.2,52,84,52.0,12.8,13.0,15,0.0,0.0,84.8,86.0,128.5,108.5,101.8,103.0,3.8,4.0,6,0.0,0
2.0,0.05,0.5,West Virginia,55.2,52,84,52.0,12.6,12.0,15,0.0,0.0,82.4,84.0,114.8,88.0,119.9,101.0,4.3,4.0,9,0.0,0
2.0,0.05,0.5,Oregon,55.2,50,76,50.0,14.1,14.0,16,0.0,0.0,59.8,52.0,74.1,63.0,116.5,111.0,5.4,5.5,8,6.6,9
ALL,ALL,ALL,Nevada,55.25277777777778,45,108,45.0,4.888888888888889,5.0,5,0.0,0.0,64.83888888888889,52.0,73.62290502793296,55.0,79.12359550561797,108.0,1.029126213592233,1.0,3,0.06666666666666667,1
1.0,0.05,2.0,Nevada,55.3,45,78,45.0,5.0,5.0,5,0.0,0.0,64.9,52.0,71.3,64.0,48.0,28.0,1.25,1.0,2,0.0,0
1.0,0.1,2.0,Wyoming,55.3,55,58,55.0,12.8,13.0,13,0.0,0.0,59.8,57.0,66.0,64.0,320.0,320.0,1.0,1.0,1,0.0,0
2.0,0.05,1.0,Wyoming,55.3,55,58,55.0,12.3,12.0,13,0.0,0.0,63.3,64.0,68.5,69.0,303.6666666666667,320.0,1.6666666666666667,2.0,3,0.1,1
0.5,0.25,2.0,Vermont,55.3,49,60,58.5,9.7,9.0,12,0.6,2.0,66.4,63.0,72.3,75.0,68.9,94.5,12.2,11.5,16,4.3,6
1.0,0.05,2.0,Utah,55.3,45,71,51.0,11.7,12.0,13,0.0,0.0,65.4,58.5,70.1,63.0,28.0,28.0,10.8,11.5,14,6.0,7
0.5,0.25,0.5,Kentucky,55.3,43,58,58.0,28.6,28.5,30,0.0,0.0,60.2,59.0,66.1,66.0,63.7,67.0,11.6,11.5,15,12.5,15
ALL,ALL,ALL,Utah,55.37222222222222,40,85,46.0,11.530555555555555,12.0,15,0.0,0.0,61.78055555555556,56.0,67.00833333333334,61.0,41.26111111111111,28.0,10.016666666666667,10.0,19,4.808333333333334,8
1.0,0.05,2.0,West Virginia,55.6,52,88,52.0,13.0,13.0,14,0.0,0.0,96.7,88.0,136.9,129.0,103.2,103.0,3.5,3.5,6,0.0,0
1.0,0.05,1.0,West Virginia,55.6,52,88,52.0,12.5,12.0,16,0.0,0.0,82.2,86.0,114.8,88.0,115.2,99.5,3.3,3.5,5,0.0,0
1.0,0.05,1.0,Wyoming,55.6,55,58,55.0,12.2,12.0,13,0.0,0.0,61.9,64.0,67.5,69.0,320.0,320.0,1.0,1.0,1,0.0,0
0.5,0.05,0.5,West Virginia,55.6,52,88,52.0,6.2,6.0,8,0.0,0.0,98.7,88.0,136.7,129.0,94.875,100.5,1.875,1.5,3,0.0,0
0.5,0.05,0.5,Wyoming,55.6,55,58,55.0,10.3,10.0,11,0.0,0.0,61.9,64.0,68.4,69.0,,,0.0,0.0,0,0.0,0
2.0,0.05,2.0,Wyoming,55.6,55,58,55.0,12.5,13.0,13,0.0,0.0,63.6,64.0,69.6,69.0,325.5,325.5,1.6,1.5,3,0.2,1
0.5,0.1,0.5,Ohio,55.6,49,63,54.0,46.9,47.0,50,0.0,0.0,64.1,64.5,71.3,73.0,70.4,63.0,14.5,14.5,17,16.8,21
2.0,0.05,2.0,Utah,55.7,45,71,56.0,12.1,12.0,13,0.0,0.0,61.2,58.5,68.8,65.0,28.0,28.0,9.6,9.0,14,5.8,7
1.0,0.01,2.0,Wisconsin,55.7,38,92,41.5,37.1,37.0,42,0.1,1.0,64.1,50.0,72.0,64.0,35.6,28.0,72.8,71.5,85,22.6,28
ALL,ALL,ALL,Michigan,55.75555555555555,46,86,49.0,43.92777777777778,44.5,55,0.21944444444444444,2.0,60.65555555555556,55.0,64.18333333333334,59.0,46.30555555555556,28.0,14.655555555555555,15.0,24,15.247222222222222,25
2.0,0.1,0.5,Ohio,55.8,54,60,54.0,60.4,61.5,63,0.0,0.0,66.4,66.0,72.0,73.0,66.7,63.0,24.0,25.0,27,16.7,22
1.0,0.05,2.0,Wyoming,55.9,55,58,55.0,12.5,13.0,13,0.0,0.0,62.4,64.0,67.9,69.0,295.85714285714283,320.0,1.0,1.0,1,0.0,0
1.0,0.01,1.0,South Dakota,55.9,44,77,54.0,35.3,35.0,37,0.0,0.0,61.8,62.5,72.3,69.0,96.0,92.5,5.8,6.0,10,5.1,7
2.0,0.05,0.5,Nevada,56.0,45,78,45.0,5.0,5.0,5,0.0,0.0,63.7,58.0,71.6,64.5,28.0,28.0,1.0,1.0,1,0.0,0
0.5,0.25,2.0,Georgia,56.0,56,56,56.0,55.5,56.5,59,0.0,0.0,61.1,63.0,64.0,64.0,34.4,28.0,15.3,15.5,20,5.6,11
1.0,0.25,1.0,Georgia,56.0,56,56,56.0,56.1,56.0,59,0.0,0.0,56.6,57.0,58.8,57.0,40.8,28.0,17.8,17.5,20,6.1,9
1.0,0.1,0.5,Pennsylvania,56.0,53,63,53.0,41.9,42.5,47,0.0,0.0,63.9,63.0,66.6,66.0,32.7,28.0,25.0,25.0,35,14.2,19
2.0,0.1,1.0,Pennsylvania,56.0,53,63,53.0,42.9,42.5,46,0.0,0.0,63.9,63.0,66.5,66.0,32.7,28.0,25.4,26.5,29,14.9,17
2.0,0.05,2.0,Nevada,56.1,45,75,54.0,5.0,5.0,5,0.0,0.0,63.6,64.0,72.8,65.0,68.0,68.0,1.25,1.0,2,0.0,0
1.0,0.25,0.5,Vermont,56.1,42,60,60.0,10.3,10.0,12,0.4,1.0,68.8,70.5,75.9,75.5,90.1,97.0,12.2,12.0,16,3.7,5
1.0,0.25,2.0,Vermont,56.1,49,60,58.5,9.8,9.5,12,0.4,2.0,66.3,63.0,73.2,75.0,89.7,97.0,10.8,11.0,15,4.2,6
0.5,0.25,1.0,Georgia,56.1,56,57,56.0,42.9,43.0,44,0.0,0.0,59.7,60.0,63.0,63.0,37.6,28.0,14.0,14.0,17,4.4,7
1.0,0.25,0.5,Georgia,56.1,56,57,56.0,49.7,51.0,52,0.0,0.0,56.5,56.5,59.4,57.0,31.2,28.0,16.9,17.0,19,4.8,8
1.0,0.25,2.0,Georgia,56.1,56,57,56.0,60.3,60.0,64,0.0,0.0,57.4,57.0,60.6,63.0,31.2,28.0,18.2,18.0,21,6.7,8
2.0,0.25,0.5,Georgia,56.1,56,57,56.0,57.6,58.0,60,0.0,0.0,56.6,57.0,60.0,60.0,41.2,28.0,17.4,16.5,21,7.6,11
2.0,0.25,2.0,Georgia,56.1,56,57,56.0,59.9,60.5,62,0.0,0.0,57.4,57.0,60.8,63.0,36.2,28.0,18.4,18.5,20,8.2,11
2.0,0.01,0.5,South Dakota,56.2,44,80,56.5,36.1,36.0,39,0.0,0.0,65.0,65.0,70.6,69.5,94.8,98.5,6.9,7.0,9,4.9,8
0.5,0.1,1.0,Ohio,56.2,49,71,54.0,53.8,54.0,59,0.1,1.0,62.3,60.0,67.9,66.0,70.8,63.0,20.1,20.0,25,16.9,20
1.0,0.01,2.0,Arizona,56.3,41,79,49.0,8.8,9.0,10,0.6,2.0,81.9,91.5,105.9,106.0,36.5,28.0,14.5,15.0,19,2.6,5
2.0,0.05,0.5,Utah,56.3,45,71,56.0,11.9,12.0,13,0.0,0.0,64.0,58.5,70.9,72.5,28.0,28.0,9.2,9.5,12,5.6,6
2.0,0.1,1.0,Georgia,56.3,56,57,56.0,58.0,58.0,60,0.0,0.0,58.8,57.0,62.8,63.0,40.8,28.0,17.5,17.5,20,7.5,12
2.0,0.25,1.0,Georgia,56.3,56,57,56.0,58.0,57.5,62,0.0,0.0,58.1,57.0,62.0,63.0,31.2,28.0,18.0,18.0,20,8.2,11
1.0,0.05,2.0,Pennsylvania,56.3,53,66,53.0,42.7,42.5,47,0.0,0.0,68.1,64.5,71.3,68.0,39.7,28.0,24.6,24.5,28,14.5,18
1.0,0.25,0.5,North Dakota,56.4,48,66,55.5,18.8,19.0,20,0.0,0.0,64.0,66.0,74.4,78.0,86.5,81.0,7.8,7.5,10,1.1,2
2.0,0.25,0.5,Vermont,56.4,49,60,60.0,9.9,10.0,11,0.6,2.0,68.2,70.5,75.0,75.5,75.8,97.0,11.6,11.0,17,4.1,5
1.0,0.1,0.5,Georgia,56.4,56,57,56.0,46.7,46.5,50,0.0,0.0,59.8,60.0,63.2,63.0,57.2,60.0,13.8,14.0,16,4.4,6
2.0,0.01,1.0,South Dakota,56.4,44,77,58.5,37.3,37.0,40,0.1,1.0,65.7,63.0,71.3,66.0,98.0,92.5,7.0,7.5,10,5.3,7
2.0,0.1,0.5,Georgia,56.4,56,57,56.0,56.2,56.0,59,0.0,0.0,59.3,57.0,63.7,63.0,60.8,60.0,15.7,15.5,22,7.1,11
0.5,0.1,2.0,Ohio,56.5,54,73,54.0,56.2,57.0,59,0.1,1.0,65.0,63.0,70.7,72.0,67.9,63.0,22.7,23.5,26,18.9,23
1.0,0.01,0.5,Idaho,56.6,40,69,54.0,10.8,10.5,15,0.5,1.0,64.9,69.0,72.0,74.0,42.6,28.0,32.7,33.0,41,12.4,16
0.5,0.1,1.0,Kentucky,56.6,43,63,58.0,34.0,33.5,37,0.0,0.0,62.7,63.0,70.5,70.0,69.8,67.0,12.7,13.5,16,13.2,16
ALL,ALL,ALL,Oregon,56.644444444444446,39,130,50.0,13.241666666666667,14.0,19,0.008333333333333333,1.0,65.00555555555556,52.0,78.52777777777777,63.0,121.5041782729805,111.0,4.491666666666666,5.0,9,5.555555555555555,10
0.5,0.25,0.5,Georgia,56.7,56,63,56.0,28.6,28.0,31,0.0,0.0,60.5,63.0,64.5,64.0,34.4,28.0,12.2,13.0,14,2.7,4
2.0,0.25,2.0,Vermont,56.8,42,60,60.0,9.9,10.0,11,0.6,2.0,70.5,75.0,76.0,76.0,82.7,97.0,10.7,10.5,13,4.1,6
1.0,0.01,1.0,Oklahoma,56.8,40,61,61.0,18.8,18.5,22,0.0,0.0,73.0,71.0,93.7,89.0,35.7,28.0,8.0,8.0,15,4.2,5
1.0,0.05,1.0,Georgia,56.8,56,57,57.0,52.0,52.0,56,0.0,0.0,62.0,63.0,69.4,70.0,58.4,69.0,12.8,13.0,16,6.7,9
0.5,0.05,1.0,Pennsylvania,57.0,53,63,53.0,38.7,38.5,42,0.0,0.0,64.6,63.0,69.8,68.0,43.4,28.0,21.4,21.0,27,15.5,18
0.5,0.05,0.5,Montana,57.1,42,85,50.0,7.6,8.0,10,0.0,0.0,78.7,77.0,85.6,81.0,89.4,92.0,4.6,5.5,7,1.0,2
1.0,0.1,2.0,Georgia,57.2,56,63,57.0,59.1,60.0,61,0.0,0.0,60.8,63.0,66.2,65.0,62.6,69.0,15.2,15.0,18,5.6,7
1.0,0.1,1.0,Georgia,57.2,56,63,57.0,53.5,53.0,58,0.0,0.0,60.0,57.0,64.4,63.0,49.4,44.0,16.7,16.5,21,7.2,10
2.0,0.05,1.0,Georgia,57.2,56,63,57.0,55.2,54.5,60,0.0,0.0,62.7,63.0,67.8,70.0,51.5,44.0,14.1,14.0,19,7.5,11
2.0,0.1,2.0,Georgia,57.2,56,63,57.0,59.3,59.5,62,0.0,0.0,61.4,63.0,65.5,65.0,64.4,78.0,16.9,17.0,20,7.6,11
0.5,0.01,1.0,Idaho,57.2,40,69,54.0,9.8,10.0,14,0.6,1.0,64.9,69.0,71.7,75.0,38.4,28.0,30.0,29.5,35,12.4,17
2.0,0.05,0.5,Pennsylvania,57.3,53,66,53.0,41.8,41.5,46,0.0,0.0,64.9,66.0,71.1,68.0,49.0,28.0,25.2,26.5,28,15.2,18
2.0,0.05,0.5,Wyoming,57.4,55,73,55.0,12.5,12.5,13,0.0,0.0,63.3,64.0,69.1,69.0,320.0,320.0,1.0,1.0,1,0.0,0
0.5,0.1,1.0,Georgia,57.4,56,63,56.0,39.0,39.5,42,0.0,0.0,63.3,63.0,67.6,68.0,51.1,60.0,13.5,13.0,16,3.8,5
0.5,0.25,1.0,Vermont,57.5,49,60,60.0,9.5,9.5,11,0.4,1.0,68.7,70.5,75.7,75.5,75.2,94.0,11.9,11.5,16,4.5,6
1.0,0.25,1.0,Vermont,57.5,49,60,60.0,9.5,9.5,11,0.7,2.0,68.4,70.5,74.0,75.5,83.4,97.0,10.5,10.5,15,4.5,6
ALL,ALL,ALL,Montana,57.53611111111111,42,278,42.0,12.066666666666666,12.0,21,0.008333333333333333,1.0,83.39166666666667,77.0,99.91596638655462,77.0,99.21037463976946,92.0,4.9743589743589745,5.0,10,2.2805555555555554,7
1.0,0.05,1.0,Montana,57.6,42,77,58.0,12.9,13.0,15,0.0,0.0,77.1,77.0,83.4,81.0,90.3,92.0,6.0,5.5,10,1.8,3
1.0,0.05,0.5,Georgia,57.7,56,63,56.5,42.5,42.5,46,0.0,0.0,62.0,63.0,65.6,65.0,47.9,44.0,13.3,13.0,17,5.4,9
0.5,0.01,2.0,Idaho,57.7,42,70,54.0,11.6,12.0,13,0.6,1.0,66.4,69.0,73.7,73.0,29.9,28.0,36.1,37.0,45,14.0,16
2.0,0.25,2.0,Indiana,57.7,53,61,60.5,50.7,50.5,54,0.0,0.0,62.3,62.0,65.9,67.0,28.0,28.0,24.3,24.0,28,25.1,28
2.0,0.1,2.0,Vermont,57.8,49,60,60.0,10.1,10.0,12,0.2,1.0,71.2,75.0,78.0,76.0,83.3,97.0,11.8,11.5,14,3.9,5
1.0,0.1,0.5,Ohio,57.8,49,73,57.0,55.5,55.5,60,0.0,0.0,65.6,63.0,69.8,69.5,75.4,71.5,23.1,23.0,28,17.7,22
1.0,0.01,2.0,Idaho,57.9,40,69,61.0,12.7,13.5,15,0.3,1.0,64.5,69.0,70.8,73.0,40.0,28.0,39.8,39.5,46,14.7,19
1.0,0.1,1.0,Ohio,57.9,49,73,54.0,56.8,57.0,59,0.0,0.0,66.7,64.5,71.9,73.0,70.3,63.0,23.6,24.0,28,19.5,23
1.0,0.1,1.0,Pennsylvania,58.0,53,63,58.0,41.3,41.0,44,0.0,0.0,64.5,64.5,67.0,67.0,39.0,28.0,26.9,28.0,32,16.0,19
2.0,0.05,0.5,Georgia,58.1,56,63,57.0,54.6,54.5,58,0.0,0.0,63.2,63.0,66.2,65.0,79.0,78.0,12.4,13.0,18,7.3,11
2.0,0.05,2.0,Georgia,58.1,56,63,57.0,56.2,56.0,61,0.0,0.0,63.5,63.0,69.2,70.0,58.6,78.0,13.2,12.5,17,8.2,11
0.5,0.1,2.0,Kentucky,58.1,43,63,58.0,36.9,37.0,38,0.0,0.0,64.9,63.0,73.4,75.0,70.0,67.0,19.2,18.5,28,15.2,17
1.0,0.05,2.0,Georgia,58.2,56,65,57.0,56.8,57.5,60,0.0,0.0,65.4,63.0,69.3,67.5,49.4,44.0,11.8,12.5,16,5.8,8
0.5,0.1,0.5,Georgia,58.3,56,63,56.5,24.6,25.0,28,0.0,0.0,64.3,63.0,67.7,67.5,31.2,28.0,13.6,15.0,15,2.8,5
2.0,0.1,0.5,Vermont,58.3,49,60,60.0,9.7,10.0,12,0.2,1.0,68.8,70.5,76.1,76.0,89.1,97.0,11.5,11.5,15,4.3,6
1.0,0.1,2.0,Vermont,58.3,49,76,60.0,9.5,9.5,11,0.3,1.0,69.5,71.0,77.5,77.5,68.9,93.0,10.9,10.5,13,4.5,6
2.0,0.05,2.0,Pennsylvania,58.3,53,66,58.0,44.4,44.5,48,0.0,0.0,65.2,66.0,70.4,68.0,46.5,28.0,24.5,25.0,30,12.9,16
1.0,0.05,1.0,Pennsylvania,58.3,53,66,58.0,43.5,43.5,47,0.0,0.0,65.2,66.0,69.0,68.0,55.0,52.0,22.3,22.5,28,13.6,17
2.0,0.01,2.0,Illinois,58.4,45,89,59.5,47.1,48.0,49,0.0,0.0,81.3,79.0,93.4,95.0,70.8,42.0,18.7,17.5,28,4.7,8
0.5,0.01,0.5,Idaho,58.4,54,69,54.0,8.4,8.0,12,0.7,1.0,70.1,69.0,74.2,73.0,47.2,28.0,28.1,27.5,35,11.1,13
0.5,0.1,0.5,Kentucky,58.5,43,63,58.0,24.7,24.5,29,0.0,0.0,65.3,63.0,74.1,74.5,75.1,73.0,7.0,6.5,12,11.0,15
1.0,0.05,0.5,Montana,58.6,42,77,58.0,10.6,11.0,12,0.0,0.0,77.1,77.0,85.2,85.0,96.3,92.0,4.5,5.0,8,1.0,2
0.5,0.1,1.0,Vermont,58.6,49,60,60.0,9.4,9.0,11,0.6,2.0,72.1,75.0,79.5,76.0,95.3,97.0,13.4,13.0,17,4.6,6
0.5,0.25,0.5,Vermont,58.6,49,60,60.0,9.1,9.0,11,0.7,2.0,72.0,75.0,76.5,77.0,74.6,94.0,11.5,11.5,16,4.7,7
0.5,0.1,2.0,Pennsylvania,58.6,53,66,58.0,41.7,41.5,47,0.0,0.0,65.1,64.5,68.2,67.0,38.5,28.0,24.3,24.5,30,15.0,20
1.0,0.1,2.0,Ohio,58.6,54,73,57.0,58.7,57.5,66,0.1,1.0,65.6,63.0,71.6,73.0,72.3,66.5,24.7,26.0,28,19.9,23
2.0,0.01,2.0,Wisconsin,58.6,38,80,62.5,36.9,37.0,42,0.2,2.0,66.8,68.5,73.2,74.5,50.2,28.0,66.4,65.0,77,24.0,28
1.0,0.25,2.0,Indiana,58.7,53,62,61.0,50.4,50.5,53,0.1,1.0,62.5,62.0,65.6,64.0,28.0,28.0,24.4,25.0,29,22.7,26
1.0,0.1,1.0,Vermont,58.9,49,60,60.0,9.0,9.0,11,0.4,1.0,74.2,75.0,79.5,78.0,83.7,97.0,13.3,13.5,16,5.0,7
2.0,0.1,0.5,Pennsylvania,59.0,53,63,63.0,42.8,42.0,47,0.0,0.0,65.0,66.0,67.4,68.0,28.0,28.0,24.6,23.5,31,14.7,18
1.0,0.25,0.5,Maryland,59.1,54,63,60.0,12.2,12.0,15,0.3,3.0,66.5,63.0,82.6,86.0,64.4,64.0,22.3,22.0,28,2.5,4
1.0,0.25,0.5,Indiana,59.3,53,61,61.0,45.7,45.5,49,0.0,0.0,64.0,62.0,67.4,69.5,46.4,28.0,21.2,21.0,23,20.6,24
0.5,0.25,0.5,North Dakota,59.4,48,66,63.0,15.4,15.0,17,0.0,0.0,67.6,66.0,77.9,78.0,90.7,81.0,4.3,4.0,6,1.0,1
0.5,0.1,0.5,Vermont,59.4,57,60,60.0,8.4,8.0,10,0.4,1.0,73.3,75.0,84.1,87.0,88.4,94.0,11.6,11.5,15,4.6,6
1.0,0.25,1.0,Indiana,59.4,53,61,61.0,50.1,50.5,55,0.0,0.0,63.4,62.0,65.8,65.0,28.0,28.0,22.4,22.0,27,19.1,25
0.5,0.1,2.0,Georgia,59.5,56,63,59.5,52.4,52.5,57,0.0,0.0,65.5,64.0,69.3,67.5,56.1,60.0,13.8,14.0,17,6.6,9
0.5,0.25,0.5,Indiana,59.5,53,62,61.0,40.0,39.5,44,0.1,1.0,63.6,62.0,66.8,68.0,46.8,28.0,17.4,17.0,23,17.5,20
0.5,0.01,2.0,Arizona,59.6,44,81,51.0,7.7,7.0,10,0.6,3.0,86.0,96.0,108.1,113.0,71.8,67.0,13.3,13.5,17,2.4,4
2.0,0.25,0.5,Indiana,59.6,53,62,61.0,49.2,50.0,52,0.2,1.0,64.4,62.0,66.4,68.0,28.0,28.0,24.6,24.5,29,22.4,29
2.0,0.25,1.0,Indiana,59.6,53,71,61.0,51.7,50.5,56,0.0,0.0,62.6,62.0,68.4,69.5,28.0,28.0,24.0,23.5,31,23.9,27
1.0,0.25,1.0,Maryland,59.7,54,63,60.0,12.4,13.0,15,0.2,2.0,64.5,63.0,84.0,86.0,64.0,64.0,25.6,25.5,32,2.9,5
2.0,0.25,2.0,Maryland,59.7,54,63,60.0,12.3,12.0,13,0.1,1.0,64.5,63.0,83.5,86.0,60.4,64.0,25.1,25.0,33,3.8,5
1.0,0.1,0.5,Vermont,59.7,57,60,60.0,9.3,9.5,11,0.3,2.0,74.7,75.5,81.1,78.0,94.8,95.5,13.8,14.0,18,4.7,7
1.0,0.05,0.5,Vermont,59.7,57,60,60.0,8.8,9.0,10,0.3,2.0,76.4,76.0,82.8,83.5,90.4,97.5,11.7,12.0,14,5.1,6
ALL,ALL,ALL,Wyoming,60.0,45,109,55.0,11.533333333333333,12.0,14,0.0,0.0,66.70277777777778,64.0,74.33055555555555,69.0,269.4179104477612,320.0,1.354368932038835,1.0,6,0.10555555555555556,2
0.5,0.25,2.0,South Carolina,60.0,60,60,60.0,14.7,14.0,19,1.0,1.0,74.0,74.0,148.7,142.0,68.0,68.0,17.5,17.0,20,2.8,4
0.5,0.25,2.0,Maryland,60.0,60,60,60.0,12.1,12.0,14,0.1,1.0,65.3,63.0,88.7,86.0,64.0,64.0,23.9,23.5,31,2.9,5
2.0,0.25,0.5,South Carolina,60.0,60,60,60.0,15.9,16.0,18,1.0,1.0,74.0,74.0,156.7,163.0,68.2,68.0,19.9,20.0,23,2.9,4
0.5,0.25,1.0,South Carolina,60.0,60,60,60.0,9.0,9.0,11,1.0,1.0,74.0,74.0,167.8,184.0,68.4,68.0,13.4,13.0,17,3.0,5
0.5,0.25,0.5,South Carolina,60.0,60,60,60.0,4.9,5.0,7,1.0,1.0,74.0,74.0,152.5,184.0,68.4,68.0,9.4,9.0,13,3.1,4
1.0,0.25,1.0,South Carolina,60.0,60,60,60.0,14.4,14.0,17,1.0,1.0,74.0,74.0,150.2,163.0,60.0,68.0,15.6,15.5,19,3.2,4
1.0,0.25,2.0,South Carolina,60.0,60,60,60.0,16.5,17.0,20,0.9,1.0,73.4,74.0,165.7,184.0,60.8,68.0,26.3,26.5,28,3.3,5
2.0,0.25,1.0,Maryland,60.0,54,63,60.0,12.8,13.0,15,0.6,3.0,66.8,63.0,85.6,86.0,57.2,64.0,23.2,23.5,28,3.5,4
1.0,0.25,0.5,South Carolina,60.0,60,60,60.0,12.9,12.5,16,0.9,1.0,73.4,74.0,137.6,142.0,68.6,68.0,16.5,17.0,19,3.7,5
1.0,0.25,2.0,Maryland,60.0,54,63,60.0,12.3,12.5,14,0.5,3.0,67.1,63.0,88.7,86.0,61.2,64.0,25.7,27.0,31,3.7,5
2.0,0.25,1.0,South Carolina,60.0,60,60,60.0,15.7,15.0,19,1.0,1.0,74.0,74.0,157.1,163.0,68.2,68.0,26.1,27.0,30,4.2,6
0.5,0.05,1.0,Vermont,60.0,60,60,60.0,9.4,9.5,11,0.6,2.0,76.5,77.0,85.9,83.5,90.7,97.0,12.7,12.0,18,4.5,6
2.0,0.1,1.0,Vermont,60.0,60,60,60.0,9.4,9.5,11,0.9,2.0,75.1,75.0,76.8,76.0,89.2,97.0,12.2,12.0,16,4.6,6
2.0,0.25,2.0,South Carolina,60.0,60,60,60.0,15.2,15.0,18,0.9,1.0,73.4,74.0,160.9,184.0,56.2,68.0,28.8,28.5,35,4.7,6
0.5,0.05,2.0,Vermont,60.0,60,60,60.0,9.1,9.0,10,0.5,1.0,76.3,75.5,84.7,78.0,97.5,98.0,12.6,12.0,18,4.9,7
1.0,0.05,0.5,Pennsylvania,60.0,53,63,63.0,41.6,41.0,46,0.0,0.0,65.9,66.0,72.4,68.0,44.4,28.0,22.7,22.0,27,13.7,17
0.5,0.01,2.0,South Dakota,60.1,47,70,61.5,35.6,35.0,38,0.1,1.0,67.6,66.0,71.1,68.0,102.3,99.0,5.0,5.5,8,4.0,7
2.0,0.05,1.0,Vermont,60.2,49,73,60.0,8.9,9.0,11,0.2,1.0,76.2,78.0,83.5,87.0,89.5,95.5,12.9,13.0,16,5.1,7
2.0,0.25,0.5,Maryland,60.3,60,63,60.0,12.4,12.0,16,0.4,4.0,67.6,63.0,89.9,88.5,64.4,64.0,22.1,23.0,26,2.7,5
0.5,0.05,2.0,West Virginia,60.4,52,88,52.0,11.7,11.5,13,0.0,0.0,104.8,88.0,139.2,129.0,99.5,100.5,3.1,3.0,6,0.0,0
0.5,0.25,1.0,Maryland,60.6,54,63,60.0,11.5,11.0,13,0.8,3.0,71.6,63.0,86.5,86.0,64.8,64.0,22.5,23.0,28,2.7,4
0.5,0.25,1.0,Indiana,60.7,53,68,61.0,45.8,46.0,48,0.0,0.0,62.9,62.0,67.5,69.5,62.5,69.0,19.4,19.0,21,18.7,21
2.0,0.01,1.0,Florida,60.7,34,98,57.0,11.2,11.5,14,1.8,9.0,94.1,94.0,121.7,120.0,39.2,28.0,29.6,30.0,34,21.9,25
1.0,0.25,2.0,North Dakota,60.9,48,66,63.0,20.1,20.0,23,0.0,0.0,67.5,66.0,78.8,78.0,89.8,81.0,11.1,11.0,16,1.8,3
0.5,0.01,0.5,Oklahoma,61.0,61,61,61.0,7.3,7.5,9,0.0,0.0,77.9,71.0,94.4,89.0,72.6,59.0,3.4,3.0,10,0.4,2
1.0,0.01,0.5,Oklahoma,61.0,61,61,61.0,14.0,13.0,18,0.0,0.0,80.4,84.0,93.4,89.0,35.7,28.0,6.3,6.5,9,0.7,2
0.5,0.01,1.0,Oklahoma,61.0,61,61,61.0,12.0,12.0,14,0.0,0.0,82.9,88.5,94.1,89.0,41.2,28.0,5.9,6.0,9,1.4,5
0.5,0.01,2.0,Oklahoma,61.0,61,61,61.0,18.7,18.0,22,0.0,0.0,79.9,84.0,88.9,89.0,42.7,28.0,7.9,7.0,16,4.1,8
0.5,0.1,2.0,Vermont,61.0,42,76,60.0,9.5,9.0,12,0.5,2.0,71.4,75.0,78.8,76.0,76.8,97.0,13.3,13.0,15,4.5,6
2.0,0.01,1.0,Oklahoma,61.0,61,61,61.0,25.7,25.5,29,0.0,0.0,76.1,71.0,88.7,89.0,28.0,28.0,10.5,11.0,13,5.6,8
2.0,0.01,0.5,Oklahoma,61.0,61,61,61.0,22.6,22.5,25,0.0,0.0,82.2,88.0,89.9,89.0,28.0,28.0,8.6,8.0,13,6.1,9
1.0,0.01,2.0,Oklahoma,61.0,61,61,61.0,24.7,24.5,29,0.0,0.0,80.8,81.0,88.6,89.0,28.0,28.0,10.4,10.5,14,6.2,9
2.0,0.01,2.0,Oklahoma,61.0,61,61,61.0,28.0,28.5,30,0.0,0.0,76.3,71.0,87.8,89.0,28.0,28.0,10.8,10.5,15,6.2,9
2.0,0.01,2.0,California,61.0,40,74,74.0,4.5,5.0,7,11.4,28.0,109.1,92.0,147.44444444444446,115.0,28.0,28.0,68.5,61.0,87,30.9,34
1.0,0.01,2.0,Illinois,61.1,45,71,62.0,46.2,45.5,49,0.0,0.0,80.7,84.5,95.4,98.5,64.2,42.0,21.0,21.5,30,5.3,7
0.5,0.25,2.0,Indiana,61.1,60,62,61.0,48.3,48.5,51,0.1,1.0,64.1,62.0,67.7,68.5,28.0,28.0,23.0,22.5,28,20.1,24
2.0,0.1,1.0,Indiana,61.1,53,70,61.0,47.7,47.5,52,0.0,0.0,67.8,70.5,72.4,73.0,33.3,28.0,20.7,20.5,26,23.9,27
0.5,0.1,0.5,Indiana,61.3,53,71,60.5,34.9,36.0,39,0.1,1.0,68.4,70.0,71.2,72.0,48.5,28.0,13.6,13.5,16,16.0,19
1.0,0.1,2.0,South Carolina,61.4,60,74,60.0,14.1,14.5,16,0.9,1.0,81.9,74.0,176.8,186.0,81.0,68.0,26.6,27.0,30,3.3,5
2.0,0.1,1.0,South Carolina,61.4,60,74,60.0,15.1,15.5,17,0.9,1.0,81.9,74.0,161.7,185.0,64.0,68.0,27.0,26.5,34,3.5,6
ALL,ALL,ALL,Kentucky,61.56666666666667,43,124,47.0,32.477777777777774,35.0,44,0.10833333333333334,3.0,74.475,63.0,83.36944444444444,70.0,86.95543175487465,57.0,16.55710306406685,17.0,31,14.019444444444444,28
0.5,0.05,0.5,Pennsylvania,61.6,53,66,63.0,37.5,37.5,42,0.0,0.0,69.2,66.0,72.8,68.0,50.5,28.0,20.5,21.0,27,14.1,21
0.5,0.25,1.0,North Dakota,61.8,48,66,66.0,16.2,16.0,17,0.0,0.0,73.8,71.0,81.5,78.0,83.5,81.0,6.4,6.5,7,1.0,1
0.5,0.25,0.5,Maryland,61.8,60,63,63.0,11.2,11.5,12,1.4,4.0,74.3,81.0,87.9,86.0,65.4,66.0,20.5,20.5,25,3.2,5
0.5,0.05,0.5,Kentucky,61.8,54,80,60.5,19.2,19.5,22,0.1,1.0,74.3,70.0,80.8,79.0,97.6,89.0,6.3,6.5,10,6.8,11
2.0,0.01,0.5,Arizona,61.9,44,81,56.5,8.6,8.0,10,0.4,2.0,80.0,82.5,98.9,92.5,56.5,67.0,13.1,13.5,16,2.5,3
0.5,0.05,1.0,Georgia,62.0,56,65,63.0,37.5,37.5,42,0.0,0.0,66.6,65.0,70.8,70.0,59.7,69.0,9.5,10.0,12,3.7,6
0.5,0.05,2.0,Pennsylvania,62.0,53,63,63.0,42.6,42.0,46,0.0,0.0,66.5,66.0,73.8,68.0,52.0,28.0,23.2,24.0,30,13.7,16
1.0,0.25,1.0,North Dakota,62.1,48,66,66.0,19.3,19.0,21,0.0,0.0,71.6,71.0,78.1,78.0,83.6,81.0,10.3,10.5,12,1.3,2
0.5,0.01,1.0,South Dakota,62.1,44,93,59.0,29.6,30.0,32,0.2,1.0,68.6,65.0,73.1,67.5,107.9,100.5,4.1,3.5,11,3.4,7
1.0,0.25,1.0,Tennessee,62.1,61,72,61.0,43.1,43.0,47,0.0,0.0,72.6,72.0,89.5,92.0,72.8,71.0,18.1,18.0,20,16.5,20
0.5,0.05,0.5,Georgia,62.3,56,63,63.0,22.9,22.5,27,0.0,0.0,67.3,67.5,71.3,70.0,66.8,78.0,8.7,9.0,12,2.7,6
1.0,0.1,2.0,Louisiana,62.4,46,128,46.0,3.8,4.0,4,0.0,0.0,143.6,128.0,210.8,197.0,,,0.0,0.0,0,0.9,1
1.0,0.01,2.0,South Dakota,62.4,44,93,62.0,36.7,36.0,41,0.0,0.0,71.7,65.5,74.8,68.5,97.1,94.0,6.8,7.0,9,5.0,9
1.0,0.1,0.5,Indiana,62.4,53,71,62.0,43.4,44.5,48,0.3,1.0,69.6,70.0,72.5,73.0,39.6,28.0,16.9,17.0,21,18.3,23
1.0,0.01,0.5,Arizona,62.5,41,81,64.5,8.0,8.0,10,0.5,2.0,84.2,91.0,109.4,113.0,77.7,87.0,12.6,11.5,16,2.1,4
2.0,0.01,2.0,Florida,62.7,34,98,57.0,11.0,11.5,17,1.3,4.0,87.1,94.0,108.7,100.5,28.0,28.0,29.2,29.5,34,22.4,26
ALL,ALL,ALL,Pennsylvania,62.74166666666667,53,122,53.0,41.891666666666666,42.0,50,0.03611111111111111,3.0,72.1138888888889,66.0,77.30555555555556,68.0,58.96666666666667,28.0,22.647222222222222,24.0,35,13.275,22
0.5,0.1,2.0,South Carolina,62.8,60,74,60.0,13.5,14.0,15,0.8,1.0,88.7,74.0,171.4,186.0,106.8,68.0,14.5,15.0,19,1.7,4
1.0,0.1,0.5,South Carolina,62.8,60,74,60.0,10.5,11.0,12,0.8,1.0,88.7,74.0,177.7,185.0,97.8,68.0,14.0,15.0,17,1.9,4
2.0,0.01,1.0,Arizona,62.8,49,87,56.5,9.0,9.0,11,0.4,1.0,79.3,89.0,93.9,95.0,42.8,28.0,15.5,15.5,20,2.0,4
1.0,0.01,1.0,Illinois,62.9,45,95,61.0,42.8,42.0,49,0.0,0.0,85.4,90.5,93.2,95.0,93.2,101.0,18.8,19.0,24,4.2,6
2.0,0.25,0.5,North Dakota,63.0,48,66,64.5,20.3,20.5,22,0.0,0.0,71.1,68.5,81.6,78.0,80.9,81.0,10.9,11.5,13,1.3,2
2.0,0.05,0.5,Montana,63.0,42,77,77.0,13.0,12.5,15,0.0,0.0,78.8,77.0,86.1,85.0,82.9,92.0,5.6,6.0,9,2.5,4
2.0,0.1,0.5,Maryland,63.0,60,81,60.0,11.8,12.0,13,0.7,2.0,78.2,82.0,93.5,93.0,67.4,65.0,16.7,18.0,22,3.3,4
2.0,0.05,1.0,Pennsylvania,63.0,53,83,63.0,42.6,42.5,46,0.0,0.0,67.4,66.0,69.6,68.0,58.9,76.0,21.9,21.5,29,14.6,18
2.0,0.1,2.0,Indiana,63.0,53,71,61.0,49.2,49.0,53,0.1,1.0,69.4,70.0,71.9,71.0,28.0,28.0,19.5,18.5,25,24.3,30
2.0,0.01,0.5,California,63.0,40,75,74.0,4.8,4.5,7,14.1,23.0,103.1,92.0,157.11111111111111,115.0,28.0,28.0,72.2,69.0,97,29.6,33
0.5,0.05,2.0,Georgia,63.2,56,70,63.0,50.5,50.0,53,0.0,0.0,68.0,70.0,73.2,72.0,68.6,78.0,11.1,10.0,16,6.2,9
0.5,0.25,2.0,Tennessee,63.2,61,72,61.0,43.9,44.0,46,0.0,0.0,72.6,72.0,83.2,90.0,72.8,71.0,20.7,20.0,24,14.7,16
2.0,0.25,2.0,North Dakota,63.3,48,66,66.0,21.3,21.0,24,0.0,0.0,70.9,71.0,80.1,78.0,80.9,81.0,12.5,12.5,14,3.3,5
0.5,0.1,2.0,Maryland,63.3,60,81,61.5,11.1,11.0,13,0.7,2.0,79.8,81.0,94.3,97.5,67.3,66.0,17.4,19.0,28,3.5,5
0.5,0.05,2.0,Ohio,63.5,54,73,63.5,54.2,54.5,59,0.3,1.0,74.3,76.0,79.3,80.0,76.7,75.5,22.8,23.0,26,17.7,21
0.5,0.01,0.5,South Dakota,63.7,45,93,62.0,23.1,23.5,27,0.0,0.0,73.1,66.0,76.6,68.5,95.9,98.0,2.6,2.5,5,1.6,3
1.0,0.05,1.0,Vermont,63.7,60,80,60.0,9.6,10.0,10,0.4,1.0,77.3,76.0,83.3,83.5,88.8,94.0,12.8,12.5,15,4.4,6
1.0,0.25,0.5,Tennessee,63.7,61,72,61.0,39.0,38.5,42,0.0,0.0,72.0,72.0,83.3,85.5,73.7,71.0,17.2,17.0,20,15.3,18
2.0,0.25,1.0,Tennessee,63.7,61,72,61.0,47.8,48.5,51,0.0,0.0,72.3,72.0,84.8,90.0,75.5,75.5,22.6,23.0,25,15.7,19
1.0,0.05,0.5,Ohio,63.7,54,73,61.5,51.4,51.0,58,0.0,0.0,71.7,73.0,77.0,79.5,83.0,88.0,21.2,20.0,28,16.5,21
1.0,0.05,1.0,Ohio,63.7,54,73,61.5,55.4,54.5,63,0.2,1.0,72.7,73.0,78.0,80.0,81.4,88.5,22.0,21.5,28,18.2,22
ALL,ALL,ALL,Ohio,63.830555555555556,49,109,57.0,52.958333333333336,55.0,66,0.1,2.0,72.20555555555555,66.0,77.53888888888889,73.0,81.825,70.0,21.130555555555556,22.0,33,17.46388888888889,29
1.0,0.1,1.0,North Dakota,63.9,48,66,66.0,17.4,17.0,21,0.0,0.0,75.0,74.5,86.8,87.0,102.5,107.0,9.0,9.0,11,1.1,2
2.0,0.1,2.0,North Dakota,63.9,48,66,66.0,17.9,17.5,21,0.0,0.0,77.1,74.5,87.8,91.0,110.3,113.5,9.7,9.5,13,2.9,5
0.5,0.1,1.0,Indiana,63.9,61,70,62.0,42.4,42.5,44,0.3,1.0,70.6,70.5,72.8,73.0,66.9,86.0,14.3,14.5,19,18.4,23
0.5,0.25,0.5,Tennessee,64.0,61,72,61.0,32.5,32.5,35,0.0,0.0,72.3,70.5,82.2,85.5,75.7,71.0,10.1,10.0,15,12.3,14
1.0,0.1,1.0,Indiana,64.0,53,71,61.5,44.7,44.5,47,0.1,1.0,69.3,70.5,72.3,73.0,32.1,28.0,18.9,19.5,23,19.5,22
0.5,0.05,2.0,North Dakota,64.2,48,66,66.0,14.0,14.0,16,0.0,0.0,87.5,91.0,94.3,94.0,115.9,117.0,6.5,6.5,9,1.7,3
1.0,0.1,1.0,South Carolina,64.2,60,74,60.0,13.6,13.0,17,0.7,1.0,97.7,74.0,174.7,186.0,64.5,28.0,16.9,17.5,21,1.9,4
2.0,0.1,1.0,Maryland,64.2,60,93,60.0,11.5,11.5,14,0.4,2.0,73.4,63.0,95.8,95.0,68.2,66.0,17.8,18.5,23,4.5,6
1.0,0.25,2.0,New York,64.4,59,69,66.0,22.8,23.5,27,0.0,0.0,68.7,69.0,71.7,72.0,28.0,28.0,172.9,170.0,187,27.2,32
2.0,0.01,1.0,California,64.5,40,75,74.0,4.9,5.0,7,11.7,24.0,101.5,100.5,155.3,134.5,28.0,28.0,67.7,63.5,92,29.9,32
2.0,0.05,0.5,Vermont,64.7,60,77,60.0,8.9,9.0,10,0.1,1.0,79.5,80.0,85.0,87.0,95.7,94.0,11.9,12.5,16,5.1,6
0.5,0.05,0.5,Vermont,64.7,60,77,60.0,7.1,7.0,10,0.4,1.0,80.5,80.0,89.0,89.0,84.5,97.5,10.8,11.5,14,5.8,8
2.0,0.01,0.5,Florida,64.7,34,127,57.0,11.1,10.5,14,1.4,3.0,101.6,94.0,116.7,98.0,28.0,28.0,27.3,27.5,33,21.9,24
0.5,0.25,2.0,North Dakota,64.8,63,66,66.0,18.9,18.5,21,0.0,0.0,71.1,71.0,81.3,80.5,88.2,81.0,9.1,9.5,10,1.3,2
2.0,0.1,0.5,North Dakota,64.8,63,66,66.0,17.7,17.5,20,0.0,0.0,75.3,74.5,87.0,91.0,100.6,107.0,8.7,8.5,10,1.4,2
2.0,0.01,2.0,Michigan,64.8,55,79,60.0,43.1,42.5,51,0.2,1.0,74.2,79.0,81.8,86.0,80.9,93.0,13.6,13.5,17,13.9,18
1.0,0.01,0.5,Illinois,64.9,45,95,61.0,33.7,33.5,39,0.0,0.0,95.4,95.0,101.4,104.0,71.3,54.0,10.9,9.5,18,3.2,6
2.0,0.1,2.0,Maryland,64.9,60,97,61.5,11.9,12.0,14,0.5,2.0,77.5,72.0,93.3,93.0,57.8,65.0,15.8,17.5,23,4.0,6
0.5,0.05,1.0,Ohio,65.0,54,73,68.0,48.6,48.5,52,0.1,1.0,74.1,74.5,78.2,79.0,82.0,88.0,20.0,20.0,24,16.0,19
1.0,0.05,2.0,Ohio,65.0,54,76,66.5,57.5,58.0,61,0.3,1.0,74.1,77.5,77.8,80.0,80.7,88.0,23.4,23.0,32,19.2,23
2.0,0.05,1.0,Ohio,65.0,54,76,66.5,56.1,56.0,61,0.0,0.0,71.7,73.0,76.5,80.0,79.4,88.0,24.8,26.0,31,20.0,24
0.5,0.1,1.0,North Dakota,65.1,63,66,66.0,13.4,14.0,15,0.0,0.0,71.9,71.0,86.0,87.0,111.7,117.0,5.2,5.5,6,1.0,1
2.0,0.25,0.5,Tennessee,65.1,61,72,61.0,46.1,45.5,50,0.0,0.0,73.8,72.0,86.2,90.0,75.5,75.5,20.6,20.0,25,15.4,19
2.0,0.1,0.5,Indiana,65.2,61,71,64.0,46.2,46.5,49,0.1,1.0,69.9,70.0,72.1,71.0,28.0,28.0,21.2,21.5,26,23.5,27
1.0,0.1,2.0,North Dakota,65.3,48,83,66.0,17.8,18.0,19,0.0,0.0,77.3,78.0,87.0,87.0,101.1,107.0,10.3,11.0,15,1.5,2
1.0,0.05,1.0,Indiana,65.3,53,73,68.0,41.9,42.0,46,0.0,0.0,72.5,73.0,76.1,75.0,28.0,28.0,17.9,18.5,22,19.4,22
0.5,0.01,1.0,California,65.3,40,75,74.0,4.8,4.5,8,11.8,21.0,93.5,92.0,126.7,115.0,28.0,28.0,64.5,63.0,79,25.6,28
1.0,0.25,0.5,New York,65.3,59,69,66.0,22.6,23.0,24,0.0,0.0,70.9,71.5,74.0,74.0,28.0,28.0,174.2,175.5,185,27.4,29
2.0,0.01,2.0,Montana,65.4,42,85,77.0,10.2,9.5,14,0.0,0.0,95.8,89.5,174.2,120.5,117.6,106.0,3.5,2.5,9,1.4,3
0.5,0.01,1.0,Illinois,65.4,45,119,61.0,32.3,33.0,36,0.0,0.0,78.6,73.5,95.8,95.0,93.2,89.0,10.5,11.0,14,3.2,5
0.5,0.1,2.0,North Dakota,65.5,48,83,66.0,17.0,17.0,20,0.0,0.0,78.3,83.0,89.5,91.0,100.4,107.0,7.1,7.0,10,1.3,2
0.5,0.01,0.5,Illinois,65.5,45,102,61.0,28.8,28.0,33,0.0,0.0,83.0,81.5,89.8,88.0,108.7,113.0,8.0,7.0,13,2.2,4
2.0,0.01,2.0,Oregon,65.5,50,78,64.0,13.2,13.0,16,0.1,1.0,87.1,78.0,110.2,112.5,132.7,144.5,4.8,4.5,9,4.7,9
0.5,0.05,0.5,Indiana,65.5,53,71,71.0,30.0,30.0,36,0.1,1.0,71.7,73.0,76.4,77.0,32.1,28.0,10.2,10.5,14,16.8,19
0.5,0.25,2.0,New York,65.5,59,74,66.0,23.1,24.0,25,0.0,0.0,69.6,69.0,73.0,74.0,28.0,28.0,180.2,177.0,191,26.9,30
2.0,0.25,0.5,New York,65.5,62,70,66.0,23.1,23.5,25,0.0,0.0,68.7,69.0,71.7,72.0,28.0,28.0,174.5,177.5,183,26.9,30
0.5,0.1,0.5,South Carolina,65.6,60,74,60.0,4.1,4.0,6,0.6,1.0,118.6,74.0,190.0,186.0,143.22222222222223,68.0,7.777777777777778,7.0,15,1.5,3
2.0,0.1,0.5,South Carolina,65.6,60,74,60.0,14.7,14.0,18,0.5,1.0,102.3,74.0,182.9,186.0,126.0,68.0,19.1,18.0,24,2.0,3
2.0,0.1,2.0,South Carolina,65.6,60,74,60.0,14.9,15.0,16,0.6,1.0,104.5,74.0,177.7,185.0,114.0,68.0,25.8,27.5,34,3.6,5
0.5,0.01,2.0,Illinois,65.6,45,96,65.5,40.6,41.0,42,0.0,0.0,89.2,93.5,100.0,102.5,104.2,117.0,16.3,14.5,23,3.7,7
2.0,0.01,1.0,Illinois,65.6,58,91,61.0,44.0,44.5,49,0.1,1.0,80.4,78.5,99.4,102.0,85.5,93.0,21.0,20.5,27,5.7,8
1.0,0.25,2.0,Tennessee,65.6,61,72,65.0,47.5,47.5,52,0.0,0.0,73.2,72.0,84.0,85.5,75.5,75.5,22.3,22.5,25,15.5,18
0.5,0.25,1.0,New York,65.6,62,69,66.0,21.8,22.0,25,0.0,0.0,69.6,69.0,72.6,74.0,28.0,28.0,170.9,170.0,183,27.8,31
0.5,0.1,0.5,North Dakota,65.7,63,66,66.0,13.3,13.0,15,0.0,0.0,77.0,78.0,88.1,91.0,108.1,109.0,3.7,3.0,7,1.0,1
1.0,0.1,0.5,North Dakota,65.7,63,66,66.0,16.4,17.0,18,0.0,0.0,78.7,80.5,87.1,91.0,82.1,81.0,7.1,7.0,10,1.2,2
0.5,0.05,1.0,North Dakota,65.7,63,66,66.0,12.3,12.0,16,0.0,0.0,83.5,83.0,93.1,92.5,123.7,117.0,4.0,4.0,5,1.3,2
2.0,0.1,1.0,North Dakota,65.7,63,66,66.0,17.5,18.0,19,0.0,0.0,79.0,78.0,88.7,91.0,97.9,107.0,8.9,9.0,11,2.3,3
0.5,0.05,0.5,Ohio,65.8,54,73,72.0,44.1,44.5,48,0.3,1.0,74.7,79.5,78.3,80.5,84.6,93.0,12.5,13.0,18,16.6,21
2.0,0.05,2.0,Ohio,65.8,49,73,73.0,56.6,57.0,59,0.2,1.0,73.8,76.0,78.1,79.0,85.9,88.5,24.5,24.0,30,19.7,23
2.0,0.25,2.0,Tennessee,65.9,61,72,65.0,48.1,48.0,50,0.0,0.0,75.3,72.0,87.7,90.0,78.5,75.5,20.9,21.0,24,14.9,18
1.0,0.05,0.5,North Dakota,66.0,66,66,66.0,13.7,13.0,16,0.0,0.0,90.2,91.0,93.7,94.0,122.0,117.0,5.4,5.5,7,1.7,2
1.0,0.01,2.0,California,66.0,40,74,73.5,5.4,6.0,8,3.4,16.0,75.1,74.0,114.1,102.0,28.0,28.0,65.7,63.5,85,29.6,33
0.5,0.05,1.0,Kentucky,66.1,58,86,63.0,29.4,30.0,33,0.1,1.0,76.1,78.0,84.0,86.0,84.7,80.0,11.2,11.0,15,11.6,15
1.0,0.25,1.0,New York,66.2,62,70,66.0,22.2,22.0,25,0.0,0.0,70.5,69.5,72.8,74.0,28.0,28.0,177.5,178.0,187,27.8,30
1.0,0.05,2.0,Vermont,66.3,49,80,60.0,9.2,9.0,12,0.1,1.0,78.0,80.0,87.0,87.0,90.9,97.5,13.3,14.5,15,4.8,8
0.5,0.1,0.5,Maryland,66.4,60,86,63.0,10.1,9.5,12,0.8,2.0,84.5,93.0,96.5,97.0,70.1,66.0,13.0,14.0,21,2.7,5
1.0,0.1,1.0,Maryland,66.5,60,86,63.0,11.1,11.0,14,1.0,3.0,85.7,83.5,94.9,95.0,72.2,66.0,14.4,15.5,22,3.3,5
1.0,0.01,0.5,Florida,66.6,34,98,65.5,11.1,11.0,13,1.1,6.0,84.6,83.0,102.9,95.5,70.4,60.5,16.6,17.0,19,19.6,23
0.5,0.1,2.0,Indiana,66.6,61,71,69.5,43.3,43.5,47,0.0,0.0,70.3,71.0,72.5,73.0,39.6,28.0,18.4,17.5,23,20.1,25
2.0,0.01,0.5,Illinois,66.7,45,91,62.0,43.8,44.0,46,0.0,0.0,80.9,76.0,95.6,95.0,97.1,103.5,17.9,17.5,28,3.9,6
0.5,0.25,0.5,New York,66.7,62,74,66.0,22.3,23.5,26,0.0,0.0,70.2,69.0,73.3,74.0,28.0,28.0,144.4,140.0,165,25.9,31
2.0,0.25,2.0,New York,66.8,62,69,66.0,22.9,23.5,25,0.0,0.0,70.4,70.0,72.4,74.0,28.0,28.0,168.8,167.0,175,27.1,30
2.0,0.25,1.0,New York,66.9,62,70,66.0,23.3,24.0,25,0.0,0.0,72.0,74.0,73.8,74.0,28.0,28.0,171.9,169.5,185,26.7,30
0.5,0.05,1.0,South Carolina,67.0,60,74,67.0,7.4,8.0,9,0.5,1.0,130.0,130.0,191.5,189.5,164.4,160.5,10.1,10.0,16,0.9,2
0.5,0.05,0.5,South Carolina,67.0,60,74,67.0,3.9,4.0,6,0.6,1.0,136.4,162.0,193.55555555555554,186.0,150.5,68.0,7.0,8.0,18,1.2,3
0.5,0.1,1.0,South Carolina,67.0,60,74,67.0,7.7,7.5,9,0.5,1.0,129.8,129.0,188.2,186.0,174.3,171.5,10.2,9.5,17,1.7,3
2.0,0.01,2.0,Wyoming,67.1,55,88,61.0,11.3,11.0,12,0.0,0.0,79.5,74.5,90.9,93.0,165.9,151.0,3.1,2.5,6,0.1,1
ALL,ALL,ALL,Georgia,67.1,56,135,57.0,45.391666666666666,49.5,64,0.0,0.0,75.35833333333333,63.0,82.20555555555555,65.0,67.20396600566572,60.0,11.825,13.0,22,5.2444444444444445,12
2.0,0.05,1.0,Indiana,67.1,53,71,70.5,44.1,44.0,49,0.1,1.0,73.8,73.5,77.6,79.0,33.8,28.0,19.2,19.5,23,25.1,29
1.0,0.1,2.0,Indiana,67.2,61,71,69.0,47.3,47.0,50,0.2,1.0,70.7,71.0,73.1,73.0,28.0,28.0,21.0,20.0,25,23.5,27
1.0,0.01,2.0,Washington,67.3,46,82,75.0,9.8,10.0,12,0.0,0.0,77.7,82.0,88.5,91.0,47.7,28.0,17.5,17.0,24,14.6,17
0.5,0.01,2.0,California,67.4,40,75,74.0,5.5,5.5,7,11.6,20.0,94.4,92.0,142.4,115.0,28.0,28.0,69.6,65.0,94,29.8,32
1.0,0.01,0.5,California,67.5,40,75,74.0,5.0,5.0,8,9.2,18.0,87.4,89.0,138.0,115.0,28.0,28.0,63.9,60.0,98,28.5,31
2.0,0.05,2.0,Vermont,67.6,60,80,60.0,9.8,10.0,12,0.1,1.0,81.0,78.0,86.2,87.0,90.0,97.0,13.6,13.5,18,4.2,6
1.0,0.1,2.0,Maryland,67.7,60,86,63.0,11.5,12.0,13,1.0,3.0,86.7,86.0,101.0,97.5,73.0,68.0,13.3,14.5,21,4.5,7
1.0,0.05,2.0,Indiana,67.7,53,75,70.0,44.4,44.0,47,0.1,1.0,71.0,71.0,75.7,75.0,32.1,28.0,17.9,17.0,22,22.4,25
0.5,0.01,2.0,Washington,67.8,46,82,82.0,9.5,10.0,13,0.1,1.0,85.2,91.0,92.5,96.0,40.9,28.0,16.6,17.0,20,12.9,15
1.0,0.01,1.0,California,67.9,40,75,74.0,5.7,6.0,9,7.8,23.0,97.8,82.0,137.2,104.0,28.0,28.0,65.6,63.0,85,28.9,32
1.0,0.1,0.5,Maryland,68.0,60,86,63.0,11.4,11.0,14,1.0,3.0,88.3,89.5,96.8,97.0,72.5,66.0,11.4,13.0,18,2.7,4
0.5,0.05,0.5,North Dakota,68.2,63,91,66.0,11.8,12.0,13,0.0,0.0,86.0,91.0,92.4,94.0,142.0,128.0,2.4,1.5,7,1.3,3
2.0,0.05,1.0,North Dakota,68.2,63,94,66.0,15.7,16.0,18,0.0,0.0,81.4,80.5,92.5,92.5,98.9,105.5,7.8,8.0,10,2.3,4
0.5,0.25,1.0,Tennessee,68.2,61,81,70.5,40.9,40.0,44,0.0,0.0,76.8,76.5,85.9,90.0,79.3,80.0,16.8,16.0,22,12.9,16
2.0,0.05,0.5,Ohio,68.2,54,76,73.0,56.4,56.5,60,0.4,1.0,76.2,79.0,79.1,80.0,84.4,88.0,24.3,24.5,27,18.9,21
1.0,0.1,2.0,New York,68.3,62,74,69.5,20.2,20.0,22,0.0,0.0,73.0,74.0,75.4,75.0,28.0,28.0,168.4,167.5,178,29.6,31
2.0,0.1,1.0,New York,68.3,66,74,69.0,20.0,20.0,23,0.0,0.0,74.0,74.0,76.8,78.0,28.0,28.0,160.4,161.0,179,29.8,34
ALL,ALL,ALL,Indiana,68.31666666666666,53,117,70.0,41.55,43.0,56,0.13055555555555556,3.0,75.9888888888889,71.0,81.00555555555556,75.0,38.59722222222222,28.0,17.558333333333334,18.0,31,19.761111111111113,30
2.0,0.05,1.0,South Carolina,68.4,60,74,74.0,13.5,13.5,15,0.4,1.0,137.5,153.0,192.8,186.0,143.9,68.0,21.1,20.0,30,3.1,5
ALL,ALL,ALL,Vermont,68.44444444444444,42,110,60.0,9.166666666666666,9.0,12,0.4777777777777778,5.0,85.22222222222223,76.0,98.17777777777778,80.0,94.03888888888889,97.0,10.933333333333334,11.0,18,4.558333333333334,8
0.5,0.05,2.0,Indiana,68.5,53,75,71.0,39.7,39.0,44,0.0,0.0,76.0,74.0,80.1,80.0,39.6,28.0,15.5,15.5,18,20.6,24
2.0,0.1,0.5,Tennessee,68.6,61,72,69.0,43.8,43.0,48,0.0,0.0,75.6,72.0,87.1,90.0,74.0,80.0,19.8,20.0,22,14.7,18
2.0,0.1,1.0,Tennessee,68.9,61,81,65.0,44.3,44.0,48,0.2,1.0,82.8,85.5,92.2,92.0,93.2,75.5,20.5,20.0,28,16.5,22
1.0,0.1,0.5,New York,68.9,66,74,69.0,20.7,21.0,24,0.0,0.0,75.2,76.0,78.0,78.0,28.0,28.0,166.4,169.5,175,29.2,31
2.0,0.1,0.5,New York,68.9,62,76,69.0,19.7,19.5,22,0.0,0.0,73.4,74.0,76.3,76.0,28.0,28.0,165.7,165.5,177,30.2,32
2.0,0.01,2.0,Washington,69.0,46,82,75.0,11.8,11.5,15,0.0,0.0,80.4,82.0,90.7,93.5,72.2,94.5,15.1,14.5,20,12.7,17
0.5,0.1,1.0,New York,69.0,62,78,67.5,20.4,21.0,23,0.0,0.0,75.1,74.0,77.5,76.0,28.0,28.0,164.8,163.0,179,29.1,33
2.0,0.05,0.5,North Dakota,69.2,48,91,66.0,15.0,15.0,17,0.0,0.0,89.8,91.0,94.1,94.0,87.5,110.0,7.8,7.5,11,1.2,2
1.0,0.01,1.0,Michigan,69.2,55,79,73.0,42.3,42.0,47,0.3,1.0,81.6,84.0,86.3,86.0,88.6,93.0,12.4,11.5,17,11.6,14
2.0,0.01,2.0,Nevada,69.3,45,78,78.0,4.7,5.0,5,0.0,0.0,85.4,94.5,105.4,108.0,48.0,28.0,1.0,1.0,2,0.3,1
2.0,0.05,0.5,Louisiana,69.3,46,197,46.0,3.7,4.0,4,0.0,0.0,162.3,128.0,239.9,197.0,309.0,309.0,0.3333333333333333,0.0,1,0.8,1
2.0,0.1,0.5,Louisiana,69.3,46,197,46.0,3.7,4.0,4,0.0,0.0,150.8,128.0,206.0,197.0,309.0,309.0,0.1,0.0,1,1.0,1
2.0,0.01,1.0,Michigan,69.4,55,86,73.0,45.0,46.0,49,0.2,1.0,80.7,81.5,85.9,86.0,87.4,92.0,12.3,13.0,16,12.0,16
1.0,0.01,2.0,Florida,69.4,34,98,74.0,10.3,11.0,12,1.3,4.0,97.6,94.0,110.7,98.0,28.0,28.0,27.0,26.0,34,22.5,25
2.0,0.05,0.5,Indiana,69.4,62,73,71.0,42.8,43.0,48,0.1,1.0,73.7,73.5,76.4,75.5,39.6,28.0,16.1,16.5,21,22.9,27
0.5,0.1,2.0,New York,69.5,62,76,69.0,19.7,20.0,23,0.0,0.0,74.7,74.0,78.0,78.0,28.0,28.0,167.8,172.0,182,29.8,33
0.5,0.1,1.0,Tennessee,69.6,61,81,69.0,38.1,38.0,42,0.3,2.0,82.4,81.0,91.4,91.0,86.1,80.0,14.9,15.5,18,10.2,15
2.0,0.1,2.0,New York,69.6,62,74,69.0,19.3,19.0,23,0.0,0.0,73.8,74.0,75.7,76.0,28.0,28.0,168.2,166.5,183,30.6,34
2.0,0.05,2.0,North Dakota,69.7,66,91,66.0,16.2,16.0,19,0.0,0.0,87.6,91.0,93.2,94.0,86.1,110.0,8.9,9.0,13,2.3,4
1.0,0.01,0.5,Michigan,69.7,55,85,70.0,38.8,39.0,41,0.3,2.0,78.8,79.0,86.4,85.5,58.1,50.0,9.8,9.0,14,10.7,13
2.0,0.05,2.0,South Carolina,69.8,60,74,74.0,13.6,14.0,15,0.3,1.0,142.1,153.0,187.8,186.0,129.5,48.0,20.5,20.0,34,2.5,4
0.5,0.1,1.0,Maryland,69.8,60,91,63.0,10.7,11.0,13,0.7,2.0,86.2,92.0,98.0,97.0,75.2,66.0,12.4,12.5,19,2.6,5
2.0,0.01,1.0,Oregon,69.8,50,78,78.0,12.6,12.5,15,0.0,0.0,93.2,102.5,107.2,110.0,149.1,144.5,4.9,5.0,7,4.8,6
0.5,0.1,0.5,New York,70.0,66,74,69.0,18.6,18.5,22,0.0,0.0,74.4,74.0,76.0,76.0,28.0,28.0,136.0,135.5,166,28.8,33
0.5,0.1,0.5,Tennessee,70.2,61,81,72.0,27.2,27.0,32,0.2,2.0,81.2,81.0,90.2,90.0,79.5,80.0,9.1,8.0,13,9.0,14
2.0,0.01,0.5,Michigan,70.3,55,84,78.5,43.4,44.0,48,0.2,2.0,81.4,84.0,86.5,86.0,85.8,91.5,13.6,13.5,19,12.3,15
2.0,0.05,2.0,Indiana,70.3,60,73,71.0,44.8,45.0,48,0.0,0.0,73.0,73.5,78.6,80.0,28.0,28.0,17.3,18.0,22,25.3,29
0.5,0.05,2.0,Kentucky,70.4,58,90,66.5,36.3,36.0,40,0.0,0.0,83.1,83.0,88.2,90.0,89.6,103.0,15.9,16.0,20,12.7,16
2.0,0.01,0.5,Washington,70.5,47,91,77.5,10.8,10.5,16,0.0,0.0,83.8,82.0,89.5,93.5,48.1,28.0,15.0,15.0,20,13.2,15
1.0,0.1,1.0,New York,70.5,66,76,70.0,19.5,20.0,22,0.0,0.0,75.8,76.0,78.2,78.0,28.0,28.0,166.4,165.5,181,30.1,33
0.5,0.1,0.5,Louisiana,70.6,46,128,46.0,2.8,3.0,4,0.0,0.0,155.6,128.0,189.0,197.0,,,0.0,0.0,0,0.0,0
0.5,0.1,2.0,Tennessee,70.9,61,72,72.0,42.3,42.0,46,0.0,0.0,80.7,81.0,88.8,90.0,79.1,80.0,19.3,19.5,26,13.3,16
1.0,0.05,0.5,Indiana,70.9,61,75,71.0,39.8,40.0,43,0.0,0.0,75.2,74.5,79.1,80.0,33.8,28.0,13.7,13.5,18,19.1,23
1.0,0.05,1.0,North Dakota,71.0,66,91,66.0,15.1,15.0,17,0.0,0.0,84.2,87.0,91.9,92.5,96.4,107.0,8.7,9.0,12,1.3,2
1.0,0.01,2.0,Nevada,71.1,45,78,78.0,4.8,5.0,5,0.0,0.0,86.0,91.0,105.4,108.0,44.0,28.0,1.2857142857142858,1.0,3,0.2,1
1.0,0.05,0.5,South Carolina,71.2,60,74,74.0,9.1,9.0,12,0.2,1.0,150.2,153.0,187.8,186.0,217.4,251.0,7.8,8.0,14,0.5,2
0.5,0.05,2.0,South Carolina,71.2,60,74,74.0,10.1,10.0,13,0.3,1.0,140.5,153.0,188.3,186.0,216.4,251.0,10.9,10.5,15,0.6,2
1.0,0.1,2.0,Tennessee,71.2,61,81,72.0,44.4,44.5,47,0.1,1.0,81.9,81.0,90.1,90.0,85.2,80.0,20.6,20.5,24,15.7,18
1.0,0.01,1.0,Florida,71.2,34,98,94.0,11.4,11.0,14,0.5,3.0,101.2,98.0,122.7,136.0,28.0,28.0,24.1,23.5,30,21.0,24
1.0,0.05,2.0,North Dakota,71.4,66,91,66.0,16.1,16.0,19,0.0,0.0,89.5,91.0,95.6,94.0,101.8,110.0,8.4,9.0,11,1.7,4
1.0,0.1,0.5,Tennessee,71.4,61,81,72.0,38.0,38.0,41,0.0,0.0,81.6,81.0,89.6,90.0,90.4,80.0,17.7,18.0,21,13.6,17
0.5,0.01,2.0,Wyoming,71.5,55,100,74.5,10.0,10.0,11,0.0,0.0,83.5,84.5,98.2,101.0,151.0,151.0,1.0,1.0,1,0.0,0
1.0,0.01,1.0,Wyoming,71.7,55,88,70.0,10.4,10.0,12,0.0,0.0,84.4,84.5,102.2,104.0,158.83333333333334,151.0,2.0,2.0,3,0.0,0
0.5,0.05,1.0,Indiana,71.9,71,74,71.0,40.0,40.5,43,0.0,0.0,76.7,77.0,79.8,80.0,39.6,28.0,12.4,12.5,16,16.9,20
ALL,ALL,ALL,North Dakota,71.98333333333333,48,100,66.0,15.144444444444444,15.0,24,0.0,0.0,83.70277777777778,83.0,92.1,91.0,106.45125348189416,107.0,7.447222222222222,7.0,16,1.475,5
1.0,0.01,1.0,Oregon,72.2,50,105,72.0,11.3,11.5,14,0.0,0.0,89.6,84.0,115.4,117.5,158.1,155.0,4.6,4.5,9,5.4,7
0.5,0.05,1.0,New York,72.2,62,84,74.0,17.8,17.5,23,0.6,3.0,81.5,81.5,85.4,85.0,28.0,28.0,153.9,153.5,170,31.0,35
2.0,0.05,2.0,West Virginia,72.3,52,183,52.0,12.3,12.0,14,0.0,0.0,103.3,88.0,145.1,129.0,254.4,205.5,2.4,2.0,6,0.0,0
2.0,0.01,2.0,Utah,72.3,45,84,82.0,11.5,11.5,14,0.0,0.0,77.8,84.0,86.8,84.5,46.1,28.0,8.2,8.0,13,5.0,7
0.5,0.05,1.0,Tennessee,72.3,69,81,72.0,35.5,35.5,40,0.0,0.0,81.9,81.0,91.6,92.5,60.3,80.0,14.3,14.5,18,8.0,11
0.5,0.01,1.0,Michigan,72.3,55,84,79.0,36.2,36.5,41,0.3,2.0,82.2,84.5,84.8,85.5,78.2,94.0,8.9,8.0,14,11.2,15
1.0,0.01,2.0,Michigan,72.3,55,79,79.0,45.0,44.5,50,0.6,2.0,79.4,84.0,86.3,86.0,69.4,90.0,12.8,11.5,18,12.5,18
2.0,0.05,1.0,New York,72.4,66,78,74.0,17.3,18.0,21,0.1,1.0,79.2,77.0,83.7,84.0,28.0,28.0,150.9,150.5,167,32.3,36
1.0,0.05,1.0,New York,72.5,66,78,74.0,17.1,17.0,21,0.0,0.0,77.3,78.0,82.2,84.0,28.0,28.0,165.5,165.0,183,32.1,35
1.0,0.05,1.0,South Carolina,72.6,60,74,74.0,12.2,11.5,16,0.1,1.0,150.2,153.0,184.0,186.0,141.6,105.5,16.2,16.5,28,0.8,1
2.0,0.01,1.0,Washington,72.6,47,82,78.5,11.2,10.5,14,0.0,0.0,85.9,86.5,92.5,93.5,58.4,28.0,16.3,16.5,21,13.9,16
ALL,ALL,ALL,West Virginia,72.68888888888888,52,379,52.0,10.872222222222222,12.0,18,0.0,0.0,108.76966292134831,84.0,138.1359773371105,88.0,130.37699680511182,98.0,4.137380191693291,4.0,10,0.005555555555555556,1
0.5,0.01,0.5,California,72.9,64,75,74.0,4.1,4.0,5,5.5,15.0,83.6,74.5,108.0,115.0,28.0,28.0,44.9,44.5,52,22.8,26
0.5,0.01,1.0,Oregon,73.0,52,105,78.0,8.7,9.0,11,0.0,0.0,97.0,105.0,114.8,125.0,149.0,155.0,3.9,4.0,6,3.8,6
2.0,0.01,2.0,Pennsylvania,73.2,53,100,64.5,42.4,43.0,45,0.0,0.0,92.6,97.5,100.8,101.5,118.8,118.0,15.1,15.5,20,11.1,14
1.0,0.01,0.5,Washington,73.4,47,82,81.0,10.6,10.5,13,0.0,0.0,85.9,86.5,92.0,93.5,45.9,28.0,12.3,11.5,19,10.4,13
1.0,0.1,1.0,Tennessee,73.4,61,81,72.0,42.4,43.0,45,0.0,0.0,83.3,81.0,92.3,91.0,102.3,80.0,18.1,18.0,23,13.2,16
2.0,0.01,1.0,Utah,73.5,56,82,82.0,10.1,10.0,12,0.0,0.0,77.9,84.0,84.2,85.0,54.6,46.0,9.4,9.5,15,5.9,8
2.0,0.1,2.0,Tennessee,73.6,61,81,72.0,46.5,47.0,50,0.0,0.0,82.5,81.0,91.8,92.0,90.5,80.0,21.2,20.5,26,15.0,19
0.5,0.01,2.0,Missouri,73.8,41,97,88.5,43.2,42.5,49,0.0,0.0,97.4,95.0,103.6,106.5,100.2,100.0,5.5,6.0,8,2.9,6
2.0,0.01,1.0,Wyoming,74.0,55,104,75.5,10.5,11.0,11,0.0,0.0,88.6,88.0,97.5,99.0,182.55555555555554,151.0,2.3333333333333335,2.0,4,0.4,1
0.5,0.05,2.0,Massachusetts,74.0,74,74,74.0,7.8,8.0,9,0.0,0.0,104.7,102.0,112.2,110.5,84.2,76.0,5.2,5.0,8,0.6,1
2.0,0.1,1.0,Massachusetts,74.0,74,74,74.0,8.6,8.5,10,0.0,0.0,93.5,92.0,100.9,98.5,89.9,76.0,5.6,5.5,7,0.6,1
1.0,0.25,0.5,Massachusetts,74.0,74,74,74.0,8.4,9.0,9,0.0,0.0,89.6,92.0,95.9,98.0,80.7,76.0,2.6,2.0,4,0.7,2
2.0,0.25,1.0,Massachusetts,74.0,74,74,74.0,8.6,9.0,9,0.0,0.0,90.3,92.0,96.5,97.5,91.5,76.0,5.7,5.5,7,0.7,2
0.5,0.1,2.0,Massachusetts,74.0,74,74,74.0,8.2,8.0,9,0.0,0.0,95.0,92.0,103.8,107.0,103.0,76.0,3.8,3.0,8,0.8,1
1.0,0.25,2.0,Massachusetts,74.0,74,74,74.0,8.3,8.0,10,0.0,0.0,91.3,92.0,96.4,97.0,125.0,76.0,5.9,6.5,8,0.9,2
0.5,0.25,2.0,Massachusetts,74.0,74,74,74.0,8.2,8.0,10,0.0,0.0,88.7,89.5,95.2,97.5,129.9,83.5,3.8,4.0,7,0.9,2
2.0,0.1,2.0,Massachusetts,74.0,74,74,74.0,8.1,8.0,9,0.1,1.0,95.2,94.5,100.0,98.0,134.5,95.0,4.5,5.0,6,0.9,2
1.0,0.25,1.0,Massachusetts,74.0,74,74,74.0,8.1,8.0,10,0.0,0.0,89.1,92.0,96.7,98.0,98.8,76.0,6.1,6.0,7,1.0,2
2.0,0.25,2.0,Massachusetts,74.0,74,74,74.0,8.3,8.0,10,0.0,0.0,88.7,89.5,95.7,98.0,92.3,76.0,5.5,5.0,9,1.0,2
2.0,0.25,0.5,Massachusetts,74.0,74,74,74.0,8.0,8.0,9,0.0,0.0,86.7,89.5,95.5,97.5,89.3,76.0,5.1,5.0,8,1.0,2
2.0,0.01,0.5,Utah,74.1,45,84,82.0,11.5,11.5,13,0.0,0.0,79.2,84.0,82.6,85.0,51.8,28.0,9.9,10.5,14,4.6,7
1.0,0.01,2.0,Oregon,74.1,50,105,78.0,12.4,13.0,14,0.0,0.0,98.6,105.0,119.9,130.0,152.2,155.0,4.5,5.0,8,5.0,7
0.5,0.01,2.0,Michigan,74.1,55,79,79.0,41.5,42.0,44,0.4,2.0,83.7,84.5,86.5,86.0,87.0,94.0,12.2,12.5,17,11.4,15
2.0,0.05,0.5,New York,74.1,62,79,75.0,17.2,18.0,20,0.1,1.0,79.7,78.0,83.5,84.0,28.0,28.0,155.0,155.5,171,32.3,36
0.5,0.01,1.0,Washington,74.8,47,82,81.0,10.7,11.0,13,0.1,1.0,84.5,86.5,90.5,93.5,73.4,100.0,11.7,11.0,18,11.3,14
2.0,0.01,0.5,Wyoming,74.9,55,109,70.0,10.2,10.0,11,0.0,0.0,83.0,80.5,91.5,89.0,162.5,151.0,1.125,1.0,2,0.1,1
1.0,0.01,0.5,Nevada,75.0,45,108,78.0,4.3,4.5,5,0.0,0.0,96.3,98.0,117.0,108.0,68.0,68.0,1.25,1.0,3,0.4,1
1.0,0.1,0.5,North Carolina,75.0,75,75,75.0,24.7,25.0,28,0.0,0.0,77.9,77.0,84.8,86.0,90.7,86.0,8.6,9.0,10,1.4,4
0.5,0.1,0.5,North Carolina,75.0,75,75,75.0,15.7,16.0,17,0.0,0.0,78.2,77.0,86.7,86.0,94.3,86.0,7.1,7.5,10,1.4,4
0.5,0.25,1.0,North Carolina,75.0,75,75,75.0,24.9,25.0,28,0.0,0.0,77.0,77.0,80.6,80.0,87.4,86.0,9.7,9.5,12,1.9,3
0.5,0.1,1.0,North Carolina,75.0,75,75,75.0,21.6,21.5,23,0.0,0.0,80.3,78.5,90.4,92.0,92.5,90.5,8.8,9.0,11,2.1,4
1.0,0.1,1.0,North Carolina,75.0,75,75,75.0,27.3,27.0,29,0.0,0.0,81.0,77.0,88.1,83.0,90.3,86.0,10.5,10.0,15,2.2,5
1.0,0.25,0.5,North Carolina,75.0,75,75,75.0,26.9,26.5,29,0.0,0.0,77.0,77.0,80.0,80.0,91.2,95.0,10.3,10.0,13,2.3,3
0.5,0.1,2.0,North Carolina,75.0,75,75,75.0,26.5,26.5,30,0.0,0.0,77.6,77.0,82.4,80.0,90.5,86.0,11.7,12.0,16,2.5,4
2.0,0.25,1.0,North Carolina,75.0,75,75,75.0,31.2,31.5,33,0.0,0.0,77.0,77.0,80.0,80.0,86.8,85.0,12.4,13.0,15,2.7,7
0.5,0.25,2.0,North Carolina,75.0,75,75,75.0,29.3,29.0,31,0.0,0.0,77.0,77.0,80.0,80.0,87.4,86.0,13.5,13.0,15,2.7,4
0.5,0.25,0.5,North Carolina,75.0,75,75,75.0,18.6,18.5,22,0.0,0.0,77.0,77.0,80.6,80.0,86.1,86.0,8.9,9.5,11,2.8,3
1.0,0.25,1.0,North Carolina,75.0,75,75,75.0,29.3,29.0,33,0.0,0.0,77.0,77.0,80.0,80.0,87.2,86.0,12.6,12.0,17,3.0,5
1.0,0.25,2.0,North Carolina,75.0,75,75,75.0,30.6,30.5,32,0.0,0.0,77.0,77.0,80.0,80.0,88.8,86.0,14.8,15.0,17,3.1,4
0.5,0.05,2.0,North Carolina,75.0,75,75,75.0,21.8,22.0,24,0.0,0.0,90.3,80.0,102.0,99.0,125.5,115.0,9.0,9.5,13,3.2,5
2.0,0.25,0.5,North Carolina,75.0,75,75,75.0,30.2,30.0,33,0.0,0.0,77.0,77.0,80.6,80.0,87.6,86.0,13.2,12.5,16,3.3,5
2.0,0.25,2.0,North Carolina,75.0,75,75,75.0,30.3,30.5,32,0.0,0.0,77.0,77.0,80.6,80.0,87.6,86.0,15.2,15.0,18,3.4,5
1.0,0.05,1.0,North Carolina,75.0,75,75,75.0,23.2,23.0,26,0.0,0.0,89.3,92.0,100.5,99.0,115.6,103.0,8.2,7.0,13,3.5,4
2.0,0.1,2.0,North Carolina,75.0,75,75,75.0,28.7,28.5,31,0.0,0.0,80.6,77.0,87.3,86.0,95.0,86.0,13.3,14.0,17,3.5,6
2.0,0.1,0.5,North Carolina,75.0,75,75,75.0,27.4,28.0,29,0.0,0.0,78.2,77.0,84.8,80.0,97.9,90.5,12.9,13.0,15,3.7,6
2.0,0.1,1.0,North Carolina,75.0,75,75,75.0,28.3,28.0,31,0.0,0.0,77.9,77.0,86.1,86.0,86.9,86.0,12.3,12.5,15,4.0,7
1.0,0.1,2.0,North Carolina,75.0,75,75,75.0,27.2,27.0,30,0.0,0.0,77.3,77.0,83.7,80.0,87.6,86.0,13.0,13.0,16,4.1,6
2.0,0.05,0.5,North Carolina,75.0,75,75,75.0,25.1,25.5,29,0.0,0.0,89.8,80.0,106.8,98.0,118.6,103.0,11.5,11.5,14,4.5,9
2.0,0.05,2.0,North Carolina,75.0,75,75,75.0,25.9,26.0,28,0.0,0.0,86.4,80.0,102.1,99.0,112.4,95.0,13.0,12.5,16,4.7,7
2.0,0.05,1.0,Tennessee,75.1,61,81,76.5,41.1,41.0,45,0.0,0.0,84.7,85.5,100.0,95.0,67.1,49.5,21.7,22.5,28,15.2,19
1.0,0.05,0.5,New York,75.1,69,85,75.0,17.5,18.0,23,0.1,1.0,79.5,78.0,83.6,85.0,28.0,28.0,158.5,158.0,176,31.2,35
1.0,0.01,2.0,Wyoming,75.4,55,98,72.0,10.4,10.5,12,0.0,0.0,90.2,88.5,99.9,106.5,163.66666666666666,151.0,2.2222222222222223,2.0,5,0.6,2
1.0,0.01,1.0,Washington,75.4,47,82,78.5,10.9,10.0,15,0.0,0.0,85.5,86.5,93.8,96.0,58.8,28.0,15.5,15.0,22,12.4,16
1.0,0.05,2.0,Tennessee,75.4,61,81,76.5,41.8,41.0,49,0.0,0.0,86.5,90.0,95.4,95.0,80.0,80.0,20.5,19.5,24,14.9,18
2.0,0.05,2.0,New York,75.4,66,89,75.0,17.8,18.0,21,0.1,1.0,80.6,80.0,84.6,82.0,28.0,28.0,154.1,154.5,165,31.7,34
1.0,0.05,2.0,New York,75.5,69,84,74.0,17.2,17.0,23,0.0,0.0,80.4,78.5,84.3,85.0,28.0,28.0,161.3,161.0,173,32.0,36
2.0,0.1,0.5,Massachusetts,75.8,74,92,74.0,8.3,8.0,9,0.0,0.0,93.5,92.0,103.6,102.0,108.9,76.0,4.2,4.0,6,0.8,2
1.0,0.1,2.0,Massachusetts,75.8,74,92,74.0,8.1,8.0,9,0.0,0.0,91.8,92.0,101.4,102.0,121.6,76.0,5.4,6.0,8,0.9,2
1.0,0.1,1.0,Massachusetts,75.8,74,92,74.0,8.0,8.0,9,0.0,0.0,93.8,92.0,102.7,101.0,117.9,95.0,4.6,5.0,7,1.0,2
0.5,0.05,1.0,North Carolina,76.0,75,80,75.0,17.6,18.0,19,0.0,0.0,82.9,78.5,98.1,99.0,111.7,90.5,5.2,4.5,9,2.0,3
0.5,0.01,1.0,Utah,76.0,58,85,84.0,10.4,10.0,12,0.0,0.0,80.4,85.0,88.9,85.0,91.4,91.0,5.5,5.0,10,3.8,7
0.5,0.05,2.0,Maryland,76.0,60,109,63.0,10.4,10.0,13,0.7,3.0,96.7,97.0,110.1,106.0,95.5,75.0,10.0,9.0,16,4.1,6
0.5,0.05,0.5,Tennessee,76.0,61,90,72.0,22.9,23.0,30,0.0,0.0,85.0,81.0,95.7,92.5,84.2,80.0,8.1,7.5,14,5.1,6
0.5,0.01,0.5,Florida,76.1,34,94,78.5,9.6,9.5,13,0.5,3.0,92.4,94.0,105.8,98.0,108.7,138.0,11.1,10.0,22,16.5,20
2.0,0.01,0.5,Oregon,76.2,50,130,78.0,11.7,12.0,15,0.0,0.0,103.3,105.0,119.4,134.0,135.3,145.5,4.1,4.0,6,5.6,8
2.0,0.05,0.5,South Carolina,76.3,60,153,74.0,12.6,13.0,15,0.4,1.0,128.0,153.0,187.2,186.0,159.0,160.5,20.8,21.0,27,1.9,3
1.0,0.05,2.0,North Carolina,76.5,75,80,75.0,24.5,25.0,27,0.0,0.0,92.8,98.0,108.1,103.5,130.1,141.0,10.8,10.5,13,4.6,7
0.5,0.01,2.0,Utah,76.5,58,84,82.0,10.5,10.0,13,0.0,0.0,80.8,84.0,90.0,85.0,46.8,28.0,7.8,7.0,14,5.0,7
1.0,0.05,2.0,South Carolina,76.6,60,142,74.0,13.3,13.0,15,0.3,1.0,146.0,153.0,191.1,188.0,64.7,28.0,22.0,23.0,27,2.2,4
1.0,0.01,2.0,Pennsylvania,76.6,63,104,67.0,42.2,42.5,45,0.1,1.0,95.3,100.0,107.2,104.0,101.3,104.0,16.0,16.5,20,11.5,14
2.0,0.01,0.5,Pennsylvania,76.7,63,100,67.0,41.3,41.5,44,0.2,1.0,89.9,97.5,100.7,100.0,131.9,149.5,14.9,15.0,19,11.5,16
0.5,0.05,0.5,Louisiana,76.75,46,128,46.0,2.0,2.0,3,0.0,0.0,174.0,197.0,197.0,197.0,,,0.0,0.0,0,0.0,0
2.0,0.05,2.0,Tennessee,76.8,61,95,76.5,40.8,41.0,46,0.0,0.0,87.1,90.0,100.1,95.0,71.4,54.0,21.9,23.0,28,17.1,22
2.0,0.01,1.0,Ohio,76.9,60,84,83.0,47.6,48.0,51,0.1,1.0,90.1,88.0,100.0,99.0,118.7,123.0,18.3,19.0,24,18.0,22
0.5,0.05,0.5,New York,76.9,69,86,78.0,15.8,16.5,18,0.0,0.0,81.4,84.0,84.3,85.0,28.0,28.0,124.2,125.5,135,30.1,36
1.0,0.01,1.0,Utah,77.2,58,82,82.0,11.3,11.5,13,0.0,0.0,82.8,84.0,86.6,85.0,43.5,28.0,8.7,9.0,12,4.6,7
1.0,0.01,2.0,Utah,77.4,56,84,82.0,11.2,11.5,13,0.0,0.0,80.8,84.0,85.8,85.0,51.7,28.0,9.0,9.0,11,5.4,7
1.0,0.05,0.5,Tennessee,77.4,72,81,81.0,34.4,35.5,39,0.0,0.0,88.0,90.0,95.1,95.0,88.0,80.0,14.3,13.5,20,10.7,15
0.5,0.01,1.0,Wyoming,77.5,55,104,80.0,8.2,8.0,10,0.0,0.0,90.2,94.0,101.7,109.0,151.0,151.0,0.8,1.0,1,0.1,1
0.5,0.05,0.5,North Carolina,77.5,75,98,75.0,11.2,11.0,15,0.0,0.0,86.7,80.0,100.2,99.0,108.6,94.5,3.4,3.0,7,1.4,3
2.0,0.05,1.0,North Carolina,77.5,75,98,75.0,25.2,25.5,27,0.0,0.0,92.6,83.0,102.4,99.0,104.0,95.0,11.8,11.5,15,5.0,8
1.0,0.01,0.5,Utah,77.6,56,84,82.0,10.1,10.0,12,0.0,0.0,84.0,84.0,89.7,85.0,78.2,88.5,6.8,7.0,11,4.0,6
0.5,0.01,2.0,Oregon,77.6,50,102,78.0,11.0,11.0,12,0.1,1.0,100.7,105.0,123.6,130.0,165.5,155.0,3.4,4.0,6,5.5,9
1.0,0.1,0.5,Massachusetts,77.8,74,94,74.0,8.2,8.0,9,0.0,0.0,94.1,92.0,102.5,98.0,125.33333333333333,76.0,2.111111111111111,2.0,4,0.7,1
0.5,0.1,1.0,Massachusetts,77.8,74,94,74.0,8.1,8.0,9,0.0,0.0,96.6,98.0,102.2,101.0,127.25,76.0,1.6666666666666667,1.0,4,0.9,2
ALL,ALL,ALL,New York,77.98055555555555,59,133,74.0,17.783333333333335,18.0,27,0.1,8.0,85.32222222222222,76.0,90.51666666666667,78.0,28.76388888888889,28.0,152.34166666666667,159.0,191,30.40277777777778,40
1.0,0.01,1.0,Pennsylvania,78.1,53,95,78.0,42.7,42.5,47,0.1,1.0,92.5,100.0,103.7,103.5,109.7,142.0,15.9,15.5,19,10.8,17
0.5,0.05,2.0,Tennessee,78.3,72,90,76.5,38.6,38.5,43,0.0,0.0,89.7,92.0,96.6,95.0,85.0,80.0,16.4,17.0,19,10.1,13
0.5,0.01,1.0,Nevada,78.5,64,98,78.0,4.1,4.5,5,0.0,0.0,91.8,98.0,105.125,108.0,50.5,28.0,0.75,0.5,2,0.4,1
0.5,0.01,2.0,Ohio,79.1,64,102,83.0,45.6,47.0,48,0.0,0.0,89.2,88.5,94.3,95.0,119.9,116.0,16.1,16.0,23,16.0,21
1.0,0.05,1.0,Tennessee,79.2,72,90,81.0,38.1,38.5,42,0.0,0.0,88.0,90.0,93.1,92.0,105.7,115.0,17.0,17.0,22,12.6,18
1.0,0.01,1.0,Montana,79.3,42,125,85.0,8.7,8.5,11,0.1,1.0,113.9,94.0,149.4,113.0,114.88888888888889,126.0,2.2,2.5,5,1.3,2
0.5,0.01,1.0,Ohio,79.3,64,84,83.5,35.3,36.0,39,0.4,2.0,92.2,94.5,99.4,96.0,113.6,105.0,13.3,13.5,18,11.8,14
1.0,0.01,2.0,Ohio,79.3,64,102,83.0,49.5,49.0,54,0.2,2.0,89.3,85.5,96.2,94.0,113.1,116.0,18.0,18.5,23,15.3,18
0.5,0.01,0.5,Michigan,79.4,78,84,79.0,31.1,31.5,34,0.7,2.0,84.2,84.5,86.4,86.0,107.0,96.0,8.4,8.0,13,9.9,14
1.0,0.01,1.0,Indiana,79.5,75,80,80.0,34.5,35.0,38,0.4,2.0,98.1,95.5,107.7,114.5,28.0,28.0,16.2,17.0,23,17.7,21
2.0,0.01,0.5,Nevada,79.7,52,98,78.5,4.6,5.0,5,0.0,0.0,89.0,94.5,112.5,108.0,93.0,113.0,1.2,1.0,2,0.3,1
1.0,0.05,0.5,North Carolina,79.7,75,99,75.0,19.2,19.5,22,0.0,0.0,88.0,86.0,97.8,99.0,105.7,103.0,7.3,8.0,10,2.4,4
2.0,0.01,0.5,Ohio,79.7,73,95,80.0,47.3,49.0,53,0.0,0.0,91.0,89.5,95.8,94.5,110.2,91.0,15.6,16.5,19,17.6,29
1.0,0.01,2.0,Indiana,79.7,73,99,80.0,36.9,37.0,40,0.3,2.0,96.4,94.0,104.6,105.5,33.8,28.0,16.3,16.5,21,18.6,25
0.5,0.05,2.0,New York,79.8,70,102,78.0,17.1,18.0,20,0.2,1.0,81.8,79.0,84.8,84.0,28.0,28.0,158.8,160.5,171,32.0,37
1.0,0.01,0.5,Indiana,79.9,73,91,80.0,29.9,29.5,37,0.1,1.0,96.1,94.0,102.7,99.0,48.7,28.0,13.7,15.0,19,13.5,19
0.5,0.05,1.0,Massachusetts,80.0,74,116,74.0,7.8,8.0,9,0.0,0.0,102.6,100.0,113.0,117.0,144.2,189.0,2.1,2.0,4,0.5,1
1.0,0.05,1.0,Maryland,80.1,60,97,83.5,10.8,11.0,12,0.2,1.0,98.5,99.5,110.4,109.0,106.4,88.0,9.1,8.0,15,3.4,5
0.5,0.01,2.0,Nevada,80.3,45,108,78.5,4.7,5.0,5,0.0,0.0,96.1,94.5,111.9,108.0,89.42857142857143,108.0,1.1428571428571428,1.0,2,0.2,1
1.0,0.01,0.5,Oregon,80.6,52,130,78.0,9.2,10.0,12,0.0,0.0,111.8,105.0,128.2,125.0,162.4,155.0,3.9,4.0,7,4.4,7
0.5,0.01,0.5,Wyoming,80.7,58,109,84.5,6.3,7.0,8,0.0,0.0,92.7,95.0,102.7,109.0,151.0,151.0,1.0,1.0,1,0.0,0
0.5,0.01,0.5,Oregon,80.7,78,105,78.0,4.8,5.0,6,0.0,0.0,111.2,105.0,133.5,138.5,171.88888888888889,155.0,2.1,2.0,4,1.9,3
ALL,ALL,ALL,Tennessee,80.7388888888889,61,152,72.0,36.708333333333336,39.0,52,0.022222222222222223,2.0,94.33611111111111,81.0,105.33055555555555,92.0,89.38333333333334,80.0,16.019444444444446,17.0,28,11.727777777777778,22
0.5,0.01,0.5,Washington,80.8,75,91,82.0,8.4,9.0,11,0.0,0.0,91.0,91.0,96.7,98.0,74.4,105.0,8.3,7.0,13,12.4,14
1.0,0.01,0.5,Wyoming,80.9,55,100,88.0,9.0,9.0,10,0.0,0.0,90.2,95.0,97.5,109.0,151.0,151.0,1.1428571428571428,1.0,2,0.0,0
0.5,0.01,2.0,Montana,80.9,42,113,85.0,7.4,8.0,9,0.1,1.0,156.2,116.0,207.8,186.0,174.5,142.5,1.3333333333333333,1.0,3,0.9,3
1.0,0.01,2.0,Missouri,80.9,41,95,90.0,52.0,52.0,58,0.0,0.0,96.2,95.0,104.8,105.5,122.2,127.0,6.8,6.5,9,4.3,8
0.5,0.25,1.0,Alabama,81.0,81,81,81.0,3.0,3.0,3,0.0,0.0,140.0,140.0,181.0,181.0,,,0.0,0.0,0,0.0,0
1.0,0.25,0.5,Alabama,81.0,81,81,81.0,3.0,3.0,3,0.0,0.0,140.0,140.0,181.0,181.0,,,0.0,0.0,0,0.0,0
1.0,0.25,2.0,Alabama,81.0,81,81,81.0,5.0,5.0,5,0.0,0.0,140.0,140.0,181.0,181.0,,,0.0,0.0,0,0.0,0
2.0,0.25,1.0,Alabama,81.0,81,81,81.0,6.9,7.0,7,0.0,0.0,140.0,140.0,187.6,181.0,,,0.0,0.0,0,0.0,0
0.5,0.25,2.0,Alabama,81.0,81,81,81.0,3.1,3.0,4,0.0,0.0,140.0,140.0,181.0,181.0,,,0.0,0.0,0,0.0,0
0.5,0.05,0.5,Alabama,81.0,81,81,81.0,1.625,2.0,2,0.0,0.0,181.0,181.0,,,,,0.0,0.0,0,0.0,0
0.5,0.25,0.5,Alabama,81.0,81,81,81.0,2.0,2.0,2,0.0,0.0,181.0,181.0,,,,,0.0,0.0,0,0.0,0
1.0,0.25,1.0,Alabama,81.0,81,81,81.0,3.0,3.0,3,0.0,0.0,140.0,140.0,181.0,181.0,,,0.0,0.0,0,0.0,0
2.0,0.25,2.0,Alabama,81.0,81,81,81.0,6.9,7.0,7,0.0,0.0,140.0,140.0,181.0,181.0,,,0.0,0.0,0,0.0,0
2.0,0.25,0.5,Alabama,81.0,81,81,81.0,3.0,3.0,4,0.0,0.0,140.0,140.0,181.0,181.0,,,0.0,0.0,0,0.0,0
2.0,0.1,1.0,Alabama,81.0,81,81,81.0,6.2,6.0,7,0.0,0.0,140.0,140.0,221.4,181.0,,,0.0,0.0,0,0.0,0
1.0,0.1,0.5,Alabama,81.0,81,81,81.0,2.5,2.0,4,0.0,0.0,140.0,140.0,181.0,181.0,233.0,233.0,1.0,1.0,1,0.0,0
0.5,0.1,1.0,Alabama,81.0,81,81,81.0,2.8,3.0,3,0.0,0.0,140.0,140.0,181.0,181.0,,,0.0,0.0,0,0.0,0
2.0,0.1,2.0,Alabama,81.0,81,81,81.0,6.8,7.0,7,0.0,0.0,140.0,140.0,200.8,181.0,,,0.0,0.0,0,0.0,0
2.0,0.1,0.5,Alabama,81.0,81,81,81.0,3.3,3.0,4,0.0,0.0,140.0,140.0,200.22222222222223,181.0,,,0.0,0.0,0,0.0,0
0.5,0.1,2.0,Alabama,81.0,81,81,81.0,3.2,3.0,4,0.0,0.0,140.0,140.0,181.0,181.0,,,0.0,0.0,0,0.0,0
1.0,0.1,1.0,Alabama,81.0,81,81,81.0,3.2,3.0,4,0.0,0.0,140.0,140.0,208.2,181.0,,,0.0,0.0,0,0.0,0
2.0,0.01,1.0,Indiana,81.1,71,92,80.0,36.9,38.5,43,0.3,2.0,93.1,92.0,108.2,112.0,61.6,28.0,15.6,15.5,19,20.8,29
2.0,0.25,2.0,New Jersey,81.2,77,84,84.0,8.0,8.0,9,0.0,0.0,85.2,86.0,99.4,104.0,309.0,309.0,1.0,1.0,1,0.0,0
0.5,0.05,1.0,Maryland,81.2,63,97,84.5,9.8,10.0,11,0.3,2.0,98.7,97.0,108.0,102.0,102.4,89.5,6.4,5.5,14,3.2,4
0.5,0.25,1.0,Massachusetts,81.3,74,92,79.5,8.3,8.0,9,0.0,0.0,91.1,92.0,96.9,98.0,147.0,135.0,2.1,2.0,4,0.7,2
0.5,0.01,1.0,Montana,81.3,42,125,85.0,4.7,4.5,8,0.0,0.0,129.4,113.0,155.66666666666666,125.0,115.88888888888889,134.0,1.6666666666666667,1.0,3,0.7,2
0.5,0.01,0.5,Indiana,81.4,71,99,80.0,22.9,22.5,30,0.5,2.0,100.9,102.0,110.1,117.0,51.9,28.0,9.0,10.0,12,8.9,13
2.0,0.05,0.5,Tennessee,81.4,72,92,81.0,40.9,41.0,44,0.0,0.0,91.4,92.5,103.0,103.0,101.3,85.5,17.7,18.0,23,14.2,16
2.0,0.01,0.5,Indiana,81.4,73,94,80.0,35.1,35.5,38,0.1,1.0,94.7,92.0,109.7,115.0,46.3,28.0,15.4,15.5,20,19.5,23
2.0,0.01,2.0,Ohio,81.6,73,94,82.0,50.1,50.5,56,0.0,0.0,92.4,93.5,98.4,95.5,115.3,119.0,17.9,17.0,24,15.8,19
1.0,0.05,1.0,Massachusetts,81.8,74,94,74.0,7.9,8.0,9,0.1,1.0,99.7,97.0,111.3,108.5,141.4,141.5,4.7,4.0,9,0.6,1
1.0,0.01,0.5,Missouri,81.9,41,105,88.5,37.6,36.5,41,0.0,0.0,97.7,97.0,102.9,105.0,184.2,156.5,2.9,2.5,6,2.2,3
1.0,0.01,1.0,Kentucky,81.9,47,124,85.5,23.5,23.5,26,0.6,2.0,110.1,110.0,118.6,114.5,138.4,141.5,8.9,9.0,12,8.2,12
0.5,0.01,2.0,Indiana,82.2,80,91,80.0,33.8,34.0,39,0.5,3.0,96.3,92.0,106.4,112.0,33.8,28.0,12.8,11.0,18,15.0,17
0.5,0.01,2.0,Florida,82.2,46,98,94.0,10.5,9.5,14,0.7,5.0,102.1,98.0,127.4,140.0,73.1,54.0,19.7,20.0,27,21.2,24
1.0,0.05,0.5,Massachusetts,82.4,74,116,74.0,7.8,8.0,9,0.0,0.0,102.3,100.5,111.8,110.0,125.77777777777777,114.0,3.0,3.0,5,0.7,1
0.5,0.01,1.0,Pennsylvania,82.4,63,100,92.0,34.8,34.5,40,0.3,3.0,92.0,96.5,106.1,103.0,116.2,111.0,13.6,11.5,22,12.0,22
1.0,0.01,1.0,Nevada,82.5,64,108,78.0,4.6,5.0,5,0.0,0.0,105.4,94.5,130.0,108.0,28.0,28.0,0.6,0.0,2,0.3,1
0.5,0.05,0.5,Maryland,82.5,63,97,83.5,9.2,9.5,12,0.3,1.0,96.2,97.0,107.3,99.0,103.9,88.5,7.0,6.5,17,2.4,5
1.0,0.25,2.0,New Jersey,82.6,77,84,84.0,8.0,8.0,8,0.0,0.0,85.6,86.0,123.7,110.5,309.0,309.0,1.0,1.0,1,0.0,0
0.5,0.25,2.0,New Jersey,82.6,77,84,84.0,8.1,8.0,9,0.0,0.0,85.6,86.0,109.9,104.0,,,0.0,0.0,0,0.0,0
2.0,0.01,1.0,Nevada,82.6,63,108,78.5,4.9,5.0,5,0.0,0.0,99.0,103.0,127.7,117.0,88.0,108.0,1.0,1.0,1,0.1,1
2.0,0.05,0.5,Maryland,82.7,60,106,84.5,10.4,11.5,13,0.8,3.0,100.3,97.0,106.5,101.0,106.9,86.5,11.0,9.5,21,4.2,8
1.0,0.01,1.0,Ohio,82.8,64,109,83.0,45.9,46.0,52,0.0,0.0,90.5,84.0,103.0,96.0,119.9,119.0,16.6,17.0,22,15.8,19
0.5,0.01,0.5,Utah,83.0,82,84,83.0,9.3,9.0,11,0.0,0.0,84.5,84.5,85.6,85.0,102.7,96.0,4.1,4.0,6,3.4,5
0.5,0.01,1.0,Florida,83.0,34,98,98.0,10.3,10.0,12,1.2,5.0,111.1,117.0,130.7,141.5,97.7,110.5,13.5,13.0,16,18.4,21
0.5,0.25,1.0,New Jersey,83.3,77,84,84.0,6.2,6.0,7,0.0,0.0,86.0,86.0,113.6,104.0,,,0.0,0.0,0,0.0,0
2.0,0.25,1.0,New Jersey,83.3,77,84,84.0,8.3,8.0,9,0.0,0.0,85.8,86.0,118.6,104.0,309.0,309.0,1.0,1.0,1,0.0,0
2.0,0.01,1.0,Georgia,83.3,56,113,80.5,41.0,42.0,45,0.0,0.0,105.7,96.5,123.3,132.0,114.3,105.0,6.5,6.5,10,3.8,6
2.0,0.01,2.0,Indiana,83.4,73,117,80.0,38.0,38.5,41,0.1,1.0,98.4,92.0,107.3,113.0,42.7,28.0,16.4,16.5,22,19.2,25
2.0,0.1,0.5,New Jersey,83.5,77,86,84.0,7.9,8.0,9,0.0,0.0,89.0,86.0,138.0,145.0,280.75,301.5,1.5,1.5,2,0.0,0
1.0,0.01,0.5,Ohio,83.5,60,102,84.0,40.9,40.0,48,0.3,2.0,91.6,94.0,97.0,95.0,107.5,99.0,13.6,14.0,19,12.7,18
2.0,0.05,2.0,Massachusetts,83.7,74,117,74.0,8.4,8.0,10,0.1,1.0,106.9,107.5,120.5,117.0,115.0,94.0,4.7,5.0,7,0.8,2
2.0,0.25,0.5,New Jersey,83.9,77,104,84.0,8.2,8.0,9,0.0,0.0,88.1,86.0,111.2,104.0,309.0,309.0,1.0,1.0,1,0.0,0
0.5,0.01,1.0,Indiana,83.9,73,110,80.0,29.3,29.5,33,0.3,1.0,102.2,105.0,107.4,114.5,68.4,28.0,11.3,10.0,18,12.1,17
0.5,0.25,0.5,New Jersey,84.0,84,84,84.0,6.0,6.0,7,0.0,0.0,86.0,86.0,119.1,104.0,183.0,183.0,1.0,1.0,1,0.0,0
1.0,0.25,1.0,New Jersey,84.0,84,84,84.0,8.1,8.0,9,0.0,0.0,86.0,86.0,138.5,138.5,,,0.0,0.0,0,0.0,0
0.5,0.01,2.0,Pennsylvania,84.0,53,100,97.5,41.0,41.0,46,0.2,1.0,100.1,103.0,113.6,113.0,106.9,104.0,18.3,19.0,21,10.9,14
0.5,0.01,0.5,Ohio,84.1,73,96,84.0,27.2,27.0,32,0.4,2.0,96.1,95.5,101.3,102.0,111.8,114.0,9.2,9.0,12,12.7,16
ALL,ALL,ALL,Maryland,84.16388888888889,54,207,63.0,10.55,11.0,16,0.4583333333333333,4.0,105.44166666666666,97.0,127.06944444444444,98.0,103.975,67.5,13.416666666666666,12.0,33,3.522222222222222,8
0.5,0.1,2.0,New Jersey,84.2,84,86,84.0,7.9,8.0,8,0.0,0.0,89.2,86.0,148.0,173.0,294.0,294.0,1.0,1.0,1,0.0,0
2.0,0.05,1.0,Massachusetts,84.2,74,100,83.0,8.5,8.0,10,0.0,0.0,102.9,103.5,111.0,116.0,146.8,166.5,5.2,5.0,8,0.6,1
2.0,0.05,1.0,Maryland,84.4,63,100,91.5,10.6,10.5,12,0.4,1.0,101.3,99.5,112.2,113.5,106.0,108.0,9.1,8.5,21,4.9,6
2.0,0.01,2.0,Georgia,84.4,57,135,91.0,42.1,41.0,52,0.0,0.0,107.2,106.5,117.8,120.0,119.5,99.5,5.6,5.5,9,4.9,8
2.0,0.01,2.0,Missouri,84.4,41,103,88.5,55.5,54.0,65,0.0,0.0,95.5,95.0,100.0,97.0,126.4,123.0,7.7,7.5,12,5.9,10
1.0,0.01,0.5,Kentucky,84.5,47,119,89.0,19.2,19.5,26,0.1,1.0,103.9,107.0,115.9,121.5,124.3,151.0,7.0,5.5,13,5.6,13
0.5,0.01,0.5,Pennsylvania,84.8,53,100,93.5,30.4,30.0,35,0.0,0.0,99.0,100.0,105.2,104.0,163.0,158.5,9.0,9.0,15,10.0,12
0.5,0.25,0.5,Massachusetts,85.0,74,92,87.0,8.6,9.0,9,0.0,0.0,92.7,94.0,98.0,98.0,91.14285714285714,91.0,1.25,1.0,2,0.4,1
1.0,0.05,2.0,Maryland,85.0,63,98,95.0,10.7,11.0,14,0.4,2.0,100.9,104.0,112.7,109.0,104.7,98.0,9.8,7.0,20,4.9,7
2.0,0.01,2.0,North Dakota,85.1,66,100,93.5,12.1,12.0,16,0.0,0.0,98.3,98.0,104.7,101.5,119.6,125.0,8.8,9.0,12,1.5,4
1.0,0.01,0.5,Pennsylvania,85.2,53,122,93.5,38.6,38.0,45,0.3,2.0,99.0,100.0,110.1,108.0,146.2,135.0,14.7,13.5,19,11.4,22
1.0,0.25,0.5,New Jersey,85.4,77,112,84.0,6.2,6.0,7,0.0,0.0,88.8,86.0,107.3,104.0,294.0,294.0,1.0,1.0,1,0.0,0
2.0,0.01,1.0,Missouri,85.4,41,96,94.0,55.1,55.0,59,0.0,0.0,96.5,95.0,100.7,97.0,100.3,98.0,8.2,7.5,13,4.1,7
0.5,0.01,0.5,Montana,85.5,42,113,85.0,3.6,4.0,6,0.0,0.0,125.9,116.0,156.0,127.5,129.0,134.0,1.4,1.0,2,0.1,1
1.0,0.05,2.0,Massachusetts,85.7,74,117,74.0,8.4,8.0,9,0.0,0.0,103.4,101.0,114.7,116.5,187.9,190.5,3.0,2.5,7,0.5,1
2.0,0.05,1.0,Louisiana,85.7,46,197,46.0,3.6,4.0,4,0.0,0.0,178.2,197.0,293.0,243.0,,,0.0,0.0,0,0.8,1
0.5,0.1,0.5,Massachusetts,86.1,74,92,92.0,8.2,8.0,9,0.0,0.0,93.4,94.0,98.3,98.0,128.83333333333334,114.0,1.1111111111111112,1.0,2,0.7,2
1.0,0.05,0.5,Maryland,86.1,63,117,91.5,10.3,10.0,12,0.3,1.0,105.9,97.5,118.9,125.0,106.7,108.5,6.5,5.5,11,2.8,4
1.0,0.25,0.5,Arkansas,86.2,43,91,91.0,8.6,8.5,10,0.0,0.0,99.1,100.0,100.9,101.0,180.3,185.0,2.1,2.0,3,0.0,0
0.5,0.01,1.0,Missouri,86.3,41,108,95.0,28.7,28.5,33,0.0,0.0,99.3,108.0,106.5,111.0,139.88888888888889,132.0,2.111111111111111,2.0,4,1.3,4
2.0,0.01,0.5,Missouri,86.6,51,97,92.0,51.7,52.5,54,0.0,0.0,94.4,95.5,99.9,97.0,135.6,155.5,5.3,5.5,7,4.8,9
2.0,0.01,1.0,Montana,86.7,42,247,81.0,9.7,10.0,12,0.0,0.0,108.5,89.5,149.0,113.0,148.7,131.0,2.7,2.0,6,1.6,3
2.0,0.01,1.0,Kentucky,86.7,47,124,104.5,27.9,27.5,32,0.7,3.0,116.8,124.0,123.3,127.0,149.6,151.0,12.4,13.0,16,10.2,14
2.0,0.1,1.0,New Jersey,86.8,84,112,84.0,7.6,8.0,8,0.0,0.0,89.2,86.0,139.8,145.0,296.5,309.0,1.125,1.0,2,0.0,0
1.0,0.05,0.5,Alabama,86.9,81,140,81.0,2.6,3.0,4,0.0,0.0,140.0,140.0,209.83333333333334,181.0,,,0.0,0.0,0,0.0,0
2.0,0.05,2.0,Alabama,86.9,81,140,81.0,5.3,5.5,6,0.0,0.0,161.4,140.0,272.0,282.0,233.0,233.0,1.0,1.0,1,0.0,0
1.0,0.1,2.0,Alabama,86.9,81,140,81.0,5.1,5.0,6,0.0,0.0,144.1,140.0,242.0,214.0,,,0.0,0.0,0,0.0,0
2.0,0.05,2.0,Maryland,87.2,63,120,86.0,10.8,11.0,13,0.2,1.0,106.4,100.0,117.8,118.0,113.9,111.5,7.9,7.5,15,4.8,6
2.0,0.05,0.5,Massachusetts,87.4,74,94,92.0,8.6,9.0,9,0.0,0.0,100.7,97.5,113.8,113.0,161.4,167.0,4.1,3.5,7,0.3,1
1.0,0.01,0.5,Georgia,87.5,56,135,93.0,28.5,27.5,37,0.0,0.0,109.5,113.0,130.4,135.0,109.77777777777777,96.0,2.8,2.5,8,2.5,4
1.0,0.01,0.5,Vermont,87.8,60,110,80.0,8.3,8.0,10,0.5,2.0,113.7,110.5,142.1,116.0,117.7,117.5,7.6,7.5,11,5.0,6
1.0,0.1,1.0,New Jersey,88.0,84,104,84.0,7.9,8.0,9,0.0,0.0,92.4,86.0,129.2,117.0,183.0,183.0,1.0,1.0,1,0.0,0
1.0,0.01,2.0,Montana,88.1,85,116,85.0,9.3,9.5,12,0.0,0.0,121.2,103.5,179.4,125.0,192.44444444444446,138.0,1.9,2.0,3,1.6,3
1.0,0.01,2.0,Kentucky,88.1,47,110,102.5,27.9,27.0,34,0.2,1.0,107.7,114.5,119.2,124.0,173.1,169.0,11.5,12.0,18,9.1,15
0.5,0.1,0.5,New Jersey,89.4,84,118,84.0,5.2,5.0,6,0.0,0.0,95.4,86.0,151.1,173.0,238.5,238.5,1.0,1.0,1,0.0,0
1.0,0.1,2.0,New Jersey,89.8,84,118,84.0,7.9,8.0,9,0.0,0.0,99.8,86.0,121.9,110.5,294.625,301.5,1.25,1.0,2,0.0,0
2.0,0.01,0.5,West Virginia,89.9,52,251,88.0,7.2,7.0,11,0.0,0.0,194.3,183.0,247.6,213.5,289.3333333333333,166.0,2.111111111111111,2.0,3,0.0,0
0.5,0.01,0.5,Missouri,89.9,51,105,92.0,21.9,22.0,26,0.0,0.0,100.9,105.0,105.6,108.0,136.0,132.0,2.8,2.5,5,1.0,2
2.0,0.01,2.0,Kentucky,89.9,47,110,107.0,26.5,25.0,33,0.5,2.0,115.8,115.5,123.7,124.0,113.6,114.0,13.6,12.5,21,11.9,15
0.5,0.01,0.5,Nevada,90.0,75,108,84.5,4.3,4.5,5,0.0,0.0,106.7,98.0,129.6,108.0,70.5,68.0,0.8,1.0,1,0.2,1
0.5,0.01,0.5,Vermont,90.2,77,110,84.5,6.6,7.0,8,0.7,5.0,115.8,110.0,155.2,149.5,111.9,112.0,6.4,6.0,10,4.9,5
ALL,ALL,ALL,South Carolina,90.22905027932961,60,261,60.0,10.435754189944134,11.0,20,0.5142045454545454,1.0,134.47727272727272,74.0,201.8150289017341,186.0,147.85549132947978,68.0,14.976945244956772,15.0,35,1.9134078212290502,6
1.0,0.25,0.5,Connecticut,90.8,89,95,89.0,5.9,6.0,7,0.2,1.0,96.8,95.0,102.1,104.0,195.8,207.0,1.6,1.5,3,0.3,1
2.0,0.01,1.0,North Dakota,90.8,66,100,95.5,13.1,13.0,15,0.0,0.0,99.7,100.0,103.8,104.5,124.6,125.0,9.0,8.5,13,1.3,2
2.0,0.01,0.5,Georgia,90.9,65,125,93.0,37.8,38.5,41,0.0,0.0,113.9,116.5,122.7,135.0,137.9,96.0,4.8,5.0,7,4.0,7
0.5,0.25,0.5,Arkansas,91.0,91,91,91.0,5.4,5.5,6,0.0,0.0,106.5,106.5,125.0,125.0,175.6,185.0,1.8,2.0,3,0.0,0
0.5,0.1,0.5,Alabama,91.0,81,181,81.0,1.6,2.0,2,0.0,0.0,181.0,181.0,,,,,0.0,0.0,0,0.0,0
1.0,0.01,0.5,Montana,91.0,42,247,85.0,5.1,5.0,7,0.0,0.0,123.0,103.5,177.9,120.5,128.375,131.0,2.125,2.0,4,0.6,2
0.5,0.25,2.0,Arkansas,91.0,91,91,91.0,10.9,11.0,12,0.0,0.0,100.0,100.0,101.0,101.0,43.7,28.0,4.1,4.0,6,1.0,1
2.0,0.25,2.0,Arkansas,91.0,91,91,91.0,12.4,12.0,13,0.0,0.0,100.0,100.0,101.0,101.0,43.7,28.0,7.1,7.0,8,3.5,4
2.0,0.25,1.0,Arkansas,91.0,91,91,91.0,12.1,12.0,13,0.0,0.0,100.0,100.0,101.0,101.0,28.0,28.0,6.1,6.0,8,3.7,4
1.0,0.25,2.0,Arkansas,91.0,91,91,91.0,12.2,12.0,13,0.0,0.0,100.0,100.0,101.0,101.0,28.0,28.0,6.6,6.5,8,3.8,4
2.0,0.25,0.5,Arkansas,91.0,91,91,91.0,12.0,12.0,12,0.0,0.0,100.0,100.0,101.0,101.0,28.0,28.0,6.0,6.0,8,3.9,4
2.0,0.01,1.0,Pennsylvania,91.3,63,100,100.0,43.3,44.0,49,0.1,1.0,98.0,103.0,104.7,109.5,139.7,149.0,15.5,14.0,20,10.6,13
2.0,0.25,2.0,Connecticut,91.7,89,95,92.0,6.1,6.0,7,0.1,1.0,99.6,99.0,104.3,105.5,189.4,207.0,2.5,2.0,4,0.5,1
0.5,0.25,1.0,Arkansas,91.9,91,100,91.0,6.3,6.0,7,0.0,0.0,103.8,100.0,127.6,125.0,185.0,185.0,2.8,3.0,4,0.1,1
2.0,0.01,0.5,North Dakota,91.9,66,100,100.0,11.8,11.5,14,0.0,0.0,102.7,101.0,108.7,107.5,133.3,125.0,6.7,6.0,11,0.8,2
1.0,0.25,1.0,Arkansas,91.9,91,100,91.0,11.5,11.5,12,0.0,0.0,100.1,100.0,103.4,101.0,59.4,28.0,4.5,4.5,6,1.2,2
1.0,0.01,2.0,North Dakota,91.9,66,100,98.0,11.5,11.5,13,0.0,0.0,101.0,100.5,109.4,106.0,120.4,125.0,7.9,7.5,11,1.3,2
1.0,0.1,2.0,Arkansas,91.9,91,100,91.0,12.0,12.0,13,0.0,0.0,100.2,100.0,105.4,101.0,43.7,28.0,6.5,6.5,9,3.1,5
ALL,ALL,ALL,North Carolina,92.08333333333333,75,321,75.0,21.541666666666668,24.0,33,0.005571030640668524,1.0,106.63788300835654,80.0,119.26330532212886,86.0,136.99439775910363,95.0,9.449720670391061,10.0,18,3.063888888888889,9
0.5,0.05,1.0,Louisiana,92.6,46,197,46.0,2.0,2.0,3,0.0,0.0,154.14285714285714,128.0,197.0,197.0,,,0.0,0.0,0,0.1,1
2.0,0.25,0.5,Connecticut,92.7,89,104,92.0,6.4,7.0,7,0.0,0.0,98.6,95.0,105.7,105.5,175.4,207.0,2.6,2.5,4,0.3,1
2.0,0.05,1.0,Alabama,92.8,81,140,81.0,5.4,5.0,7,0.0,0.0,154.8,140.0,262.2,282.0,,,0.0,0.0,0,0.0,0
0.5,0.05,2.0,Alabama,92.8,81,140,81.0,2.6,3.0,3,0.0,0.0,144.55555555555554,140.0,304.57142857142856,354.0,,,0.0,0.0,0,0.0,0
2.0,0.05,0.5,Alabama,92.8,81,140,81.0,4.3,4.0,6,0.0,0.0,165.5,140.0,279.0,317.0,,,0.0,0.0,0,0.0,0
2.0,0.01,2.0,Vermont,92.8,60,110,99.5,9.1,8.5,12,0.2,2.0,112.9,110.5,147.4,143.5,117.5,112.0,6.5,6.0,11,4.3,6
1.0,0.1,0.5,Arkansas,92.9,91,101,91.0,8.2,8.0,9,0.0,0.0,101.5,100.0,110.2,101.0,156.2,185.0,2.4,2.0,4,0.2,1
0.5,0.25,0.5,Connecticut,93.0,89,103,92.0,5.7,6.0,7,0.2,1.0,99.2,95.0,105.3,104.0,143.0,143.0,0.25,0.0,1,0.4,1
1.0,0.25,1.0,Connecticut,93.1,89,104,92.0,6.4,6.5,7,0.2,1.0,99.9,101.5,102.6,103.5,199.9,207.0,2.5,2.0,4,0.3,1
0.5,0.25,1.0,Connecticut,93.1,89,107,92.0,6.1,6.0,7,0.2,1.0,97.5,95.0,102.8,103.0,194.55555555555554,207.0,1.4444444444444444,1.0,2,0.6,2
1.0,0.25,2.0,Connecticut,93.4,89,104,93.0,6.5,7.0,7,0.2,1.0,100.8,100.0,106.0,104.0,185.9,207.0,2.6,2.0,5,0.3,1
0.5,0.1,1.0,New Jersey,93.5,77,118,84.0,5.9,6.0,6,0.0,0.0,104.4,86.0,144.9,173.0,273.0,273.0,1.5,1.5,2,0.0,0
1.0,0.01,2.0,Georgia,93.6,57,135,99.5,38.5,38.0,42,0.0,0.0,115.3,116.5,127.0,130.5,122.2,88.5,5.4,5.0,9,4.5,7
0.5,0.1,2.0,Arkansas,93.7,91,100,91.0,10.6,10.5,12,0.0,0.0,100.4,100.0,109.4,101.0,59.4,28.0,3.9,4.0,5,1.3,2
2.0,0.1,2.0,Arkansas,93.7,91,100,91.0,11.6,12.0,13,0.0,0.0,100.4,100.0,110.2,101.0,55.7,28.0,7.8,8.0,10,3.1,5
1.0,0.05,1.0,Arkansas,93.8,91,101,91.0,9.3,9.0,11,0.0,0.0,101.7,100.5,113.8,113.0,64.6,28.0,5.8,5.5,8,1.1,2
1.0,0.1,1.0,Arkansas,93.8,91,101,91.0,10.4,10.5,12,0.0,0.0,101.5,100.0,108.2,101.0,82.4,28.0,4.8,4.0,9,1.4,2
2.0,0.1,2.0,New Jersey,94.0,84,118,85.0,8.0,8.0,8,0.0,0.0,106.5,95.0,127.4,110.5,307.125,309.0,1.125,1.0,2,0.0,0
2.0,0.25,1.0,Connecticut,94.0,89,100,95.0,6.3,6.0,7,0.3,1.0,101.4,103.5,106.0,107.0,205.6,207.0,2.7,2.5,4,0.4,1
0.5,0.1,0.5,Arkansas,94.1,91,113,91.0,4.8,5.0,6,0.0,0.0,114.1,113.0,126.6,125.0,167.33333333333334,164.0,1.7777777777777777,2.0,3,0.0,0
1.0,0.01,1.0,Missouri,94.1,79,108,95.0,45.0,45.5,50,0.0,0.0,103.2,107.0,108.9,110.5,140.3,144.5,4.9,5.5,9,3.0,8
0.5,0.25,2.0,Mississippi,94.2,69,111,111.0,6.5,6.5,8,0.0,0.0,124.8,134.0,154.4,168.0,,,0.0,0.0,0,0.0,0
0.5,0.01,1.0,Kentucky,94.2,58,124,99.0,17.8,18.5,22,0.3,2.0,111.5,110.0,128.4,124.0,185.7,151.0,5.2,5.0,8,4.2,6
0.5,0.25,2.0,Connecticut,94.3,89,107,92.0,6.3,7.0,7,0.0,0.0,98.5,95.0,103.0,103.5,185.3,207.0,2.5,2.0,4,0.4,1
0.5,0.01,1.0,Vermont,94.6,60,110,99.5,8.9,8.5,11,0.8,4.0,128.2,111.0,171.8,182.5,115.1,115.0,7.7,7.5,11,4.5,7
2.0,0.1,0.5,Arkansas,94.7,91,101,91.0,11.4,11.5,12,0.0,0.0,101.8,101.0,113.0,113.0,41.6,28.0,6.9,7.0,9,3.1,5
1.0,0.01,1.0,West Virginia,94.9,52,183,52.0,7.0,7.0,9,0.0,0.0,156.0,183.0,229.5,218.5,189.22222222222223,104.0,1.5555555555555556,1.0,3,0.0,0
2.0,0.1,1.0,Arkansas,94.9,91,101,91.0,11.9,12.0,14,0.0,0.0,104.1,100.5,111.8,107.0,86.1,28.0,7.6,8.0,8,3.3,5
1.0,0.01,1.0,North Dakota,95.0,66,100,98.0,12.6,12.0,16,0.0,0.0,103.5,100.5,107.7,106.0,134.0,125.0,6.8,7.0,10,1.2,3
1.0,0.01,1.0,Vermont,95.0,76,110,94.0,8.4,8.5,10,1.3,4.0,136.6,126.0,153.2,163.5,112.8,113.0,8.2,8.0,14,4.9,7
0.5,0.01,2.0,North Dakota,95.1,66,100,100.0,10.9,11.0,14,0.0,0.0,99.9,102.0,109.5,106.0,128.9,125.0,5.4,5.0,9,1.4,3
1.0,0.05,2.0,Arkansas,95.2,91,113,91.0,10.9,11.0,12,0.0,0.0,105.6,101.0,118.6,113.0,70.9,28.0,7.3,7.0,11,2.3,4
ALL,ALL,ALL,Louisiana,95.61609907120743,46,608,46.0,3.210526315789474,3.0,5,0.030612244897959183,1.0,177.12244897959184,128.0,211.609243697479,197.0,313.25,309.0,0.13186813186813187,0.0,1,0.544891640866873,1
1.0,0.25,1.0,Virginia,95.7,92,97,96.0,36.9,36.5,40,0.0,0.0,98.3,97.0,102.8,104.0,121.5,122.0,8.5,8.5,11,4.7,6
2.0,0.05,1.0,Arkansas,95.8,91,101,95.5,11.4,12.0,13,0.0,0.0,104.5,101.0,131.7,119.0,59.4,28.0,6.9,7.0,10,2.1,4
0.5,0.25,1.0,Virginia,96.1,92,100,96.0,31.4,31.5,33,0.0,0.0,97.9,97.0,103.4,104.0,132.6,122.0,8.0,8.0,10,3.3,4
0.5,0.25,2.0,Virginia,96.1,92,97,96.5,36.9,37.0,39,0.0,0.0,98.6,98.0,102.0,102.0,127.6,122.0,9.8,9.5,13,4.0,5
1.0,0.25,0.5,Virginia,96.1,96,97,96.0,32.5,33.0,35,0.0,0.0,97.2,97.0,101.0,99.0,111.1,115.0,8.5,8.5,11,4.3,6
2.0,0.25,0.5,Virginia,96.1,96,97,96.0,38.1,38.0,41,0.0,0.0,97.7,97.0,102.0,104.0,112.5,122.0,9.1,9.0,12,4.5,6
0.5,0.01,1.0,North Dakota,96.2,66,100,100.0,7.7,8.0,10,0.0,0.0,104.2,106.0,111.3,109.0,152.9,129.0,3.8,3.5,7,0.6,1
2.0,0.25,2.0,Virginia,96.2,96,97,96.0,41.0,41.0,42,0.0,0.0,98.0,97.0,102.3,104.0,119.3,122.0,8.2,8.0,11,3.8,5
1.0,0.25,2.0,Virginia,96.2,96,97,96.0,39.2,39.0,41,0.0,0.0,98.2,97.0,103.8,104.0,130.3,122.0,8.5,9.0,10,4.7,6
0.5,0.05,0.5,Massachusetts,96.3,74,116,96.0,8.2,8.0,9,0.0,0.0,109.2,109.0,115.0,117.0,172.0,189.5,1.4444444444444444,1.0,3,0.4,1
0.5,0.01,0.5,Louisiana,96.33333333333333,46,197,46.0,1.0,1.0,1,,,,,,,,,0.0,0.0,0,0.0,0
ALL,ALL,ALL,Massachusetts,96.35277777777777,74,239,74.0,7.866666666666666,8.0,10,0.019498607242339833,1.0,114.86629526462396,94.0,124.14005602240897,107.0,142.2684365781711,117.0,3.5730659025787967,3.0,9,0.6611111111111111,2
0.5,0.25,0.5,Virginia,96.4,96,97,96.0,20.5,20.5,23,0.0,0.0,99.5,97.0,104.3,104.0,122.1,122.0,4.2,4.5,6,2.8,4
1.0,0.1,2.0,Virginia,96.4,92,99,97.0,37.1,37.0,39,0.0,0.0,102.1,104.0,105.6,105.5,132.8,134.0,8.9,9.0,12,2.8,4
1.0,0.1,0.5,New Jersey,96.5,84,118,85.0,6.1,6.0,7,0.0,0.0,103.5,95.0,145.7,160.5,275.6666666666667,294.0,1.0,1.0,1,0.0,0
1.0,0.05,0.5,Arkansas,96.7,91,101,100.0,7.5,7.5,9,0.0,0.0,104.4,101.0,122.2,125.0,142.3,148.0,3.2,3.0,4,0.0,0
2.0,0.05,2.0,Arkansas,96.7,91,101,100.0,11.0,11.0,12,0.0,0.0,104.5,101.0,128.2,125.0,63.0,28.0,8.0,7.5,11,2.9,5
2.0,0.25,1.0,Virginia,96.7,96,99,96.5,40.1,39.5,43,0.0,0.0,98.7,98.0,102.5,104.0,110.0,118.5,9.7,9.0,12,3.9,7
2.0,0.01,0.5,Vermont,96.8,80,110,99.5,9.6,9.5,12,0.4,3.0,119.4,110.5,133.0,118.5,130.3,112.0,7.6,8.0,11,4.0,6
0.5,0.01,0.5,Kentucky,97.0,58,107,107.0,9.9,10.5,13,0.0,0.0,113.6,110.0,152.8,134.0,180.33333333333334,143.0,2.7777777777777777,3.0,4,1.1,3
2.0,0.1,2.0,Virginia,97.0,96,104,96.0,38.9,39.0,41,0.0,0.0,99.1,98.0,104.7,104.0,124.8,118.5,8.4,8.5,11,2.6,4
2.0,0.05,2.0,Louisiana,97.2,46,243,46.0,3.9,4.0,5,0.1,1.0,187.3,146.0,250.3,220.0,317.5,309.0,0.5,0.5,1,0.6,1
2.0,0.1,1.0,Virginia,97.3,96,104,96.0,38.2,39.0,41,0.0,0.0,101.2,100.5,105.2,104.0,111.9,118.5,9.1,8.5,12,3.3,5
2.0,0.1,0.5,Virginia,97.5,96,104,97.0,36.8,37.0,39,0.0,0.0,102.1,102.0,105.6,104.0,133.6,122.0,8.2,8.5,10,2.9,4
1.0,0.1,0.5,Virginia,97.5,96,104,97.0,30.1,30.0,31,0.0,0.0,101.0,100.0,105.4,104.0,115.9,113.0,8.3,8.0,13,3.5,5
2.0,0.05,0.5,Arkansas,97.6,91,101,100.0,10.2,10.0,12,0.0,0.0,111.7,107.0,132.2,125.0,69.3,28.0,7.1,7.0,9,2.4,4
2.0,0.05,2.0,Virginia,97.8,96,107,97.0,33.8,34.0,36,0.0,0.0,106.3,104.0,112.4,111.0,143.0,137.5,10.1,10.0,15,3.1,5
1.0,0.01,1.0,Georgia,97.9,57,135,93.0,32.9,34.5,36,0.0,0.0,122.9,135.0,142.5,145.0,111.5,111.0,4.0,4.0,6,2.6,4
2.0,0.01,1.0,Vermont,97.9,60,110,110.0,8.1,8.0,11,0.4,2.0,122.1,111.0,165.7,176.5,133.0,117.5,7.0,6.0,13,5.2,8
2.0,0.01,0.5,New York,97.9,74,120,104.0,11.4,11.0,14,0.2,1.0,109.7,111.0,119.8,119.0,36.3,28.0,133.5,130.5,147,34.7,37
1.0,0.1,1.0,Connecticut,98.0,89,107,95.0,5.8,6.0,7,0.2,1.0,107.7,108.0,117.3,113.0,208.9,207.0,1.9,2.0,4,0.5,1
0.5,0.1,0.5,Virginia,98.2,96,111,97.0,18.8,19.0,21,0.0,0.0,104.5,103.5,109.7,111.0,143.55555555555554,146.0,4.4,4.5,7,1.8,3
1.0,0.25,0.5,Mississippi,98.4,69,111,111.0,5.2,5.0,6,0.0,0.0,127.1,134.0,157.8,168.0,,,0.0,0.0,0,0.0,0
0.5,0.1,1.0,Virginia,98.4,96,107,97.0,28.4,28.0,31,0.0,0.0,104.9,105.5,111.3,111.0,132.6,129.0,8.1,8.0,13,3.3,5
1.0,0.1,1.0,Virginia,98.4,96,104,97.0,35.1,35.0,37,0.0,0.0,103.5,104.0,107.7,107.0,110.7,118.5,10.5,10.5,13,4.0,5
2.0,0.1,2.0,Connecticut,98.5,92,107,97.5,6.1,6.0,7,0.1,1.0,105.7,107.0,111.0,110.0,200.0,200.0,2.3,2.0,4,0.2,1
1.0,0.1,0.5,Connecticut,98.6,92,107,95.0,5.4,5.0,7,0.3,1.0,107.3,107.0,119.9,113.0,184.11111111111111,200.0,1.8888888888888888,2.0,4,0.7,2
0.5,0.1,2.0,Virginia,98.6,92,104,97.0,33.5,33.5,36,0.0,0.0,104.0,104.0,108.0,107.0,123.5,115.0,9.3,9.0,13,3.9,5
0.5,0.05,1.0,Alabama,98.7,81,140,81.0,2.0,2.0,3,0.0,0.0,140.0,140.0,296.3333333333333,354.0,,,0.0,0.0,0,0.0,0
0.5,0.05,2.0,Arkansas,98.9,91,113,100.0,9.4,9.5,12,0.0,0.0,109.3,113.0,129.6,129.0,82.4,28.0,4.4,4.5,7,1.4,2
1.0,0.01,2.0,Vermont,99.5,77,110,110.0,9.2,9.0,11,1.0,3.0,124.9,116.0,156.4,156.0,116.7,115.0,7.2,7.0,10,4.6,7
1.0,0.01,0.5,North Dakota,99.6,96,100,100.0,9.3,9.0,13,0.0,0.0,105.1,103.0,112.4,106.0,131.1,125.0,4.3,4.0,7,0.8,2
2.0,0.05,1.0,Virginia,99.6,97,114,97.0,35.0,35.0,38,0.0,0.0,106.0,104.0,112.3,111.0,133.9,134.0,9.1,9.0,13,3.2,6
0.5,0.05,1.0,Arkansas,99.8,91,113,91.0,4.5,4.0,7,0.0,0.0,122.1,119.0,167.0,142.0,146.1,148.0,2.8,3.0,5,0.0,0
0.5,0.05,0.5,Arkansas,99.8,91,113,91.0,3.9,3.5,5,0.0,0.0,116.5,113.0,133.0,129.0,155.9,153.0,2.2,2.0,4,0.2,1
0.5,0.01,1.0,Tennessee,99.8,72,126,103.0,20.6,20.0,25,0.0,0.0,126.8,126.0,141.5,140.0,49.9,28.0,8.1,8.0,13,4.0,9
1.0,0.05,0.5,Virginia,99.9,96,104,98.5,27.7,28.0,29,0.0,0.0,106.1,104.0,113.7,115.0,156.1,158.0,6.3,7.0,9,3.0,4
0.5,0.01,0.5,North Dakota,100.0,100,100,100.0,6.8,6.5,10,0.0,0.0,104.7,106.0,110.4,109.0,130.55555555555554,125.0,2.2,2.0,4,0.4,1
0.5,0.1,1.0,Connecticut,100.1,89,107,104.0,6.2,6.5,7,0.0,0.0,105.6,107.0,110.1,110.0,161.25,165.0,1.7777777777777777,2.0,3,0.3,1
0.5,0.01,2.0,New York,100.1,74,123,106.5,11.9,12.0,15,0.2,1.0,124.7,126.0,132.7,128.0,28.0,28.0,133.4,134.5,144,33.1,39
2.0,0.1,0.5,Connecticut,100.3,92,107,103.5,5.7,6.0,7,0.1,1.0,105.8,107.0,117.2,110.0,193.7,207.0,2.3,2.0,4,0.5,2
2.0,0.01,0.5,Tennessee,100.3,72,140,96.0,29.7,29.5,34,0.0,0.0,126.4,136.5,143.9,146.0,113.5,120.5,12.9,12.0,18,8.5,10
2.0,0.1,1.0,Connecticut,100.4,89,107,101.5,6.0,6.0,7,0.1,1.0,105.0,104.0,113.9,107.0,177.0,200.0,2.9,3.0,4,0.4,1
1.0,0.01,2.0,New York,100.4,89,110,104.0,13.0,13.5,15,0.2,2.0,111.0,110.5,117.5,120.0,37.4,28.0,132.2,135.0,145,33.8,37
1.0,0.01,0.5,New York,100.5,66,133,103.0,11.5,11.0,17,0.1,1.0,115.0,114.0,126.3,123.0,28.0,28.0,114.3,122.5,127,31.6,36
ALL,ALL,ALL,Arkansas,100.66666666666667,43,165,91.0,8.297222222222222,9.0,14,0.01680672268907563,1.0,128.78151260504202,101.0,149.32558139534885,125.0,95.39376770538243,28.0,4.957507082152975,5.0,11,1.3972222222222221,5
2.0,0.01,2.0,New York,100.8,74,133,103.5,13.1,13.5,16,0.1,1.0,111.8,110.0,120.7,115.5,28.0,28.0,131.9,131.0,158,33.2,38
1.0,0.05,2.0,Virginia,100.9,96,111,98.5,34.6,34.5,37,0.0,0.0,106.9,104.0,111.8,109.0,127.2,137.5,9.4,9.5,13,2.9,5
0.5,0.1,2.0,Connecticut,101.1,89,107,106.0,5.7,5.5,7,0.1,1.0,106.5,110.0,119.7,115.0,172.7,203.5,2.9,3.0,4,0.4,1
1.0,0.05,1.0,Virginia,101.2,96,111,100.5,32.2,32.0,36,0.0,0.0,107.2,105.5,112.7,114.5,154.1,146.0,8.4,9.0,11,3.8,5
0.5,0.05,1.0,Virginia,101.5,97,116,97.0,26.2,27.0,29,0.0,0.0,115.0,114.5,121.0,124.0,168.2,154.5,7.0,7.5,10,2.8,4
0.5,0.1,0.5,Connecticut,101.6,92,107,104.0,5.4,5.0,6,0.0,0.0,108.3,109.5,113.0,112.5,118.0,118.0,0.5,0.5,1,0.1,1
0.5,0.01,2.0,Vermont,101.6,77,110,110.0,9.1,9.0,12,0.6,2.0,126.5,111.0,156.8,165.5,119.1,115.0,8.8,8.5,14,3.9,5
2.0,0.01,1.0,Tennessee,101.7,72,140,96.0,30.5,31.5,33,0.0,0.0,136.1,140.0,149.1,151.5,130.7,120.5,12.2,12.5,15,7.2,11
2.0,0.01,0.5,Kentucky,101.9,47,119,107.0,25.3,24.5,31,0.4,2.0,115.0,117.0,123.3,125.5,142.8,133.0,12.2,11.5,19,9.4,15
0.5,0.1,1.0,Arkansas,102.0,91,113,102.0,4.6,5.0,6,0.0,0.0,117.2,119.0,133.6,133.0,160.4,156.0,2.6,2.5,4,0.1,1
2.0,0.05,0.5,Virginia,102.4,96,117,101.5,34.0,34.0,38,0.0,0.0,106.4,104.0,113.1,111.0,161.5,150.0,9.5,9.5,14,2.7,4
1.0,0.1,2.0,Connecticut,102.5,92,107,107.0,6.2,6.0,7,0.0,0.0,106.6,110.0,114.0,114.5,207.3,203.5,2.2,2.0,4,0.3,1
2.0,0.25,2.0,Mississippi,102.6,69,111,111.0,8.3,8.5,10,0.0,0.0,129.4,134.0,161.2,168.0,,,0.0,0.0,0,0.0,0
1.0,0.01,1.0,New York,102.6,89,122,103.0,11.4,10.0,17,0.1,1.0,115.6,108.0,127.5,120.5,28.0,28.0,132.9,135.5,143,34.1,38
2.0,0.01,0.5,Montana,102.7,42,278,85.0,8.3,8.5,10,0.1,1.0,124.1,113.0,170.2,127.5,246.7,137.5,1.9,2.0,3,1.7,3
2.0,0.05,0.5,Connecticut,103.0,89,134,103.5,4.7,5.0,6,0.1,1.0,113.4,107.0,141.3,138.0,223.44444444444446,207.0,1.9,1.5,4,0.7,2
0.5,0.01,1.0,Georgia,103.0,72,135,94.5,21.4,20.5,26,0.0,0.0,120.8,119.5,133.6,130.5,154.71428571428572,168.0,1.2,1.0,4,2.4,5
0.5,0.05,2.0,Virginia,103.0,97,115,104.0,31.1,31.0,35,0.0,0.0,112.4,114.5,117.2,119.0,155.1,152.0,7.7,7.5,12,2.9,4
2.0,0.05,2.0,Connecticut,103.1,92,110,107.0,5.2,5.0,6,0.1,1.0,114.8,110.0,130.8,126.5,192.7,200.0,2.4,2.0,5,0.6,1
0.5,0.05,2.0,Connecticut,103.4,92,110,107.0,5.2,5.0,6,0.1,1.0,117.7,110.0,133.1,124.5,148.1,135.0,2.4,2.0,4,0.5,2
1.0,0.05,0.5,Connecticut,103.7,89,110,107.0,4.2,4.0,5,0.0,0.0,120.1,115.0,158.0,141.0,181.3,200.0,2.2,2.5,3,0.9,2
1.0,0.05,0.5,New Jersey,103.8,84,118,108.0,6.0,6.0,7,0.0,0.0,119.1,117.0,169.7,173.0,239.0,239.0,1.5,1.5,2,0.0,0
0.5,0.05,1.0,Connecticut,104.0,92,107,107.0,4.2,4.0,6,0.1,1.0,114.6,110.0,141.4,136.0,167.33333333333334,200.0,1.8888888888888888,2.0,3,0.7,1
0.5,0.01,0.5,New York,104.1,74,133,106.5,8.8,8.5,12,0.4,3.0,121.8,122.5,141.1,138.0,37.8,28.0,86.0,88.5,105,29.4,34
2.0,0.01,1.0,New York,104.1,74,133,104.0,11.7,11.0,20,0.8,8.0,121.4,120.5,136.3,133.0,28.0,28.0,130.5,130.0,144,35.8,40
2.0,0.01,2.0,West Virginia,104.4,52,183,52.0,6.8,6.0,11,0.0,0.0,174.1,183.0,269.2,250.0,277.0,166.0,1.5555555555555556,1.0,3,0.0,0
0.5,0.01,2.0,Arkansas,104.4,100,113,101.0,5.5,6.0,7,0.1,1.0,142.5,113.0,212.0,230.0,86.4,83.0,4.6,4.5,8,0.6,2
1.0,0.05,2.0,Connecticut,104.5,92,110,107.0,5.4,5.5,6,0.1,1.0,122.8,110.0,141.7,131.0,191.7,203.5,2.0,2.0,4,0.8,2
1.0,0.05,2.0,Alabama,104.6,81,140,81.0,4.7,5.0,6,0.0,0.0,209.9,140.0,310.22222222222223,317.0,,,0.0,0.0,0,0.0,0
1.0,0.05,1.0,Alabama,104.6,81,140,81.0,2.9,3.0,4,0.0,0.0,183.6,140.0,288.7142857142857,317.0,,,0.0,0.0,0,0.0,0
0.5,0.01,0.5,Georgia,104.7,63,135,106.5,15.6,14.5,24,0.0,0.0,132.0,140.0,150.3,156.0,102.55555555555556,81.0,1.7,1.0,4,1.3,3
1.0,0.05,1.0,Connecticut,105.2,89,110,107.0,5.2,5.0,7,0.0,0.0,110.1,110.0,142.0,136.0,179.0,200.0,3.4444444444444446,4.0,5,0.6,1
0.5,0.01,2.0,Kentucky,105.4,90,124,107.0,24.5,24.0,28,0.3,2.0,116.8,114.5,128.0,124.0,201.3,156.0,7.8,7.0,16,6.7,9
0.5,0.05,0.5,Connecticut,105.9,92,147,107.0,3.5,3.5,5,0.2,1.0,115.5,110.0,143.5,150.0,137.4,130.0,0.8888888888888888,1.0,2,1.2,2
0.5,0.05,1.0,New Jersey,106.3,84,148,104.0,5.8,6.0,6,0.0,0.0,140.2,148.0,173.3,173.0,284.3333333333333,307.0,1.3333333333333333,1.0,2,0.0,0
2.0,0.05,1.0,Connecticut,106.5,100,112,107.0,4.9,5.0,6,0.0,0.0,113.5,110.0,130.8,128.5,190.5,200.0,1.9,2.0,3,0.5,1
0.5,0.25,1.0,Mississippi,106.8,69,111,111.0,4.9,5.0,6,0.0,0.0,131.7,134.0,164.6,168.0,,,0.0,0.0,0,0.0,0
1.0,0.25,2.0,Mississippi,106.8,69,111,111.0,8.2,8.0,9,0.0,0.0,131.7,134.0,164.6,168.0,,,0.0,0.0,0,0.0,0
2.0,0.25,1.0,Mississippi,106.8,69,111,111.0,8.2,8.0,9,0.0,0.0,131.7,134.0,164.6,168.0,,,0.0,0.0,0,0.0,0
0.5,0.25,0.5,Mississippi,106.8,69,111,111.0,1.1,1.0,2,0.0,0.0,111.0,111.0,,,,,0.0,0.0,0,0.0,0
1.0,0.25,1.0,Mississippi,106.8,69,111,111.0,7.0,7.0,8,0.0,0.0,131.7,134.0,164.6,168.0,,,0.0,0.0,0,0.0,0
2.0,0.05,0.5,Mississippi,106.8,69,111,111.0,5.8,6.0,7,0.0,0.0,135.1,134.0,169.3,168.0,,,0.0,0.0,0,0.0,0
2.0,0.1,1.0,Mississippi,106.8,69,111,111.0,6.2,6.0,8,0.0,0.0,131.7,134.0,164.6,168.0,,,0.0,0.0,0,0.0,0
1.0,0.1,0.5,Mississippi,106.8,69,111,111.0,5.1,5.0,6,0.0,0.0,131.7,134.0,164.6,168.0,,,0.0,0.0,0,0.0,0
0.5,0.1,2.0,Mississippi,106.8,69,111,111.0,5.9,6.0,7,0.0,0.0,131.7,134.0,164.6,168.0,,,0.0,0.0,0,0.0,0
0.5,0.01,1.0,New York,107.0,78,123,110.0,10.4,10.5,14,0.3,2.0,119.2,120.0,133.1,133.0,28.0,28.0,108.0,108.5,124,33.2,38
2.0,0.01,2.0,Tennessee,107.5,81,140,96.0,31.3,31.0,36,0.0,0.0,128.1,127.0,142.5,146.0,84.6,28.0,14.8,14.5,21,9.6,13
ALL,ALL,ALL,Alabama,108.00879765395895,81,505,81.0,3.346041055718475,3.0,7,0.0,0.0,176.2896551724138,140.0,230.73094170403587,181.0,317.0,233.0,1.0,1.0,1,0.0,0
2.0,0.25,2.0,Delaware,109.2,107,118,107.0,3.0,3.0,3,0.0,0.0,125.2,118.0,238.4,249.0,438.0,438.0,1.0,1.0,1,0.0,0
2.0,0.05,0.5,New Jersey,109.2,77,173,95.0,7.3,7.0,8,0.0,0.0,132.2,133.0,165.7,178.5,307.3333333333333,309.0,1.3333333333333333,1.0,2,0.0,0
0.5,0.05,2.0,Louisiana,109.5,46,197,87.0,2.6,2.0,4,0.0,0.0,194.7,197.0,220.0,220.0,,,0.0,0.0,0,0.7,1
ALL,ALL,ALL,Virginia,109.59166666666667,92,220,97.0,29.20277777777778,31.5,43,0.0,0.0,119.41944444444445,104.0,128.40555555555557,111.0,166.67415730337078,146.0,7.05,7.0,15,2.8722222222222222,7
1.0,0.01,0.5,Tennessee,109.7,72,140,96.0,22.3,22.0,28,0.0,0.0,136.4,140.0,147.9,152.0,136.0,154.0,7.3,6.5,11,6.0,10
1.0,0.01,1.0,Tennessee,109.8,81,140,105.0,28.4,28.5,33,0.0,0.0,131.1,140.0,140.1,151.5,85.6,28.0,10.2,9.5,17,5.9,9
1.0,0.05,2.0,New Jersey,110.0,84,148,112.0,7.8,8.0,8,0.0,0.0,129.8,118.0,181.8,173.0,296.0,307.0,1.5555555555555556,1.0,3,0.0,0
2.0,0.25,1.0,New Hampshire,110.0,106,111,111.0,6.0,6.0,7,0.0,0.0,154.7,157.5,240.6,233.0,136.66666666666666,149.0,0.5,0.5,1,0.4,1
2.0,0.05,1.0,New Jersey,110.3,84,148,114.5,7.1,7.0,8,0.0,0.0,145.8,148.0,174.9,173.0,289.8333333333333,294.0,1.8333333333333333,1.5,3,0.0,0
0.5,0.05,0.5,Virginia,110.4,96,124,111.0,17.0,17.0,20,0.0,0.0,117.4,119.0,123.6,124.0,165.6,156.0,4.1,4.0,6,1.6,4
0.5,0.25,1.0,New Hampshire,110.5,106,111,111.0,5.1,5.0,6,0.0,0.0,171.6,164.0,208.0,201.0,149.0,149.0,1.0,1.0,1,0.0,0
1.0,0.25,0.5,New Hampshire,110.5,106,111,111.0,5.4,5.0,6,0.0,0.0,160.7,151.0,227.5,216.0,165.5,165.5,1.0,1.0,1,0.0,0
1.0,0.05,2.0,Mississippi,111.0,111,111,111.0,5.9,6.0,7,0.0,0.0,137.4,134.0,171.4,168.0,,,0.0,0.0,0,0.0,0
1.0,0.05,0.5,Mississippi,111.0,111,111,111.0,4.1,4.0,5,0.0,0.0,137.4,134.0,171.4,168.0,,,0.0,0.0,0,0.0,0
0.5,0.05,1.0,Mississippi,111.0,111,111,111.0,3.8,4.0,4,0.0,0.0,137.4,134.0,171.4,168.0,,,0.0,0.0,0,0.0,0
2.0,0.05,1.0,Mississippi,111.0,111,111,111.0,5.8,6.0,6,0.0,0.0,134.0,134.0,168.0,168.0,,,0.0,0.0,0,0.0,0
1.0,0.05,1.0,Mississippi,111.0,111,111,111.0,5.7,6.0,7,0.0,0.0,134.0,134.0,168.0,168.0,,,0.0,0.0,0,0.0,0
0.5,0.05,0.5,Mississippi,111.0,111,111,111.0,1.7,2.0,2,0.0,0.0,159.85714285714286,134.0,,,,,0.0,0.0,0,0.0,0
0.5,0.05,2.0,Mississippi,111.0,111,111,111.0,4.8,5.0,6,0.0,0.0,134.0,134.0,168.0,168.0,,,0.0,0.0,0,0.0,0
2.0,0.25,0.5,Mississippi,111.0,111,111,111.0,7.3,7.0,8,0.0,0.0,134.0,134.0,168.0,168.0,,,0.0,0.0,0,0.0,0
0.5,0.1,1.0,Mississippi,111.0,111,111,111.0,4.2,4.0,5,0.0,0.0,134.0,134.0,168.0,168.0,,,0.0,0.0,0,0.0,0
1.0,0.1,2.0,Mississippi,111.0,111,111,111.0,6.6,7.0,8,0.0,0.0,134.0,134.0,168.0,168.0,,,0.0,0.0,0,0.0,0
2.0,0.1,2.0,Mississippi,111.0,111,111,111.0,6.9,7.0,8,0.0,0.0,134.0,134.0,168.0,168.0,,,0.0,0.0,0,0.0,0
2.0,0.1,0.5,Mississippi,111.0,111,111,111.0,6.9,7.0,8,0.0,0.0,134.0,134.0,168.0,168.0,,,0.0,0.0,0,0.0,0
1.0,0.1,1.0,Mississippi,111.0,111,111,111.0,6.7,7.0,8,0.0,0.0,134.0,134.0,168.0,168.0,,,0.0,0.0,0,0.0,0
0.5,0.1,0.5,Mississippi,111.0,111,111,111.0,1.2,1.0,2,0.0,0.0,134.0,134.0,,,,,0.0,0.0,0,0.0,0
1.0,0.25,2.0,New Hampshire,111.0,111,111,111.0,6.3,7.0,7,0.0,0.0,172.6,164.0,236.7,216.0,,,0.0,0.0,0,0.2,1
1.0,0.25,1.0,New Hampshire,111.0,111,111,111.0,6.5,7.0,7,0.0,0.0,177.0,164.0,229.3,224.5,149.0,149.0,0.5,0.5,1,0.2,1
2.0,0.25,0.5,New Hampshire,111.0,111,111,111.0,6.2,6.0,7,0.0,0.0,178.3,157.5,229.3,224.5,149.0,149.0,0.5,0.5,1,0.2,1
1.0,0.25,2.0,Delaware,111.4,107,118,107.0,3.0,3.0,3,0.0,0.0,132.4,118.0,222.2,223.0,,,0.0,0.0,0,0.0,0
0.5,0.05,0.5,New Jersey,111.8,84,148,115.0,4.9,5.0,6,0.0,0.0,133.9,148.0,180.9,173.0,275.6666666666667,294.0,1.0,1.0,1,0.0,0
2.0,0.25,2.0,New Hampshire,111.9,106,130,111.0,6.2,6.0,7,0.0,0.0,161.1,157.5,212.5,216.0,149.0,149.0,0.5,0.5,1,0.1,1
1.0,0.01,1.0,Maryland,112.2,81,153,97.0,9.0,9.0,10,0.3,1.0,155.0,153.0,197.9,189.5,147.1,145.5,8.6,8.5,14,4.8,6
1.0,0.25,1.0,Delaware,112.5,107,118,112.5,3.0,3.0,3,0.0,0.0,142.9,136.0,238.9,249.0,438.0,438.0,1.0,1.0,1,0.0,0
0.5,0.25,0.5,New Hampshire,112.9,111,130,111.0,3.0,3.0,4,0.0,0.0,163.5,151.0,206.0,216.0,,,0.0,0.0,0,0.0,0
0.5,0.1,1.0,New Hampshire,112.9,111,130,111.0,4.7,5.0,6,0.0,0.0,218.7,216.0,274.4,281.5,165.5,165.5,1.0,1.0,1,0.0,0
0.5,0.25,2.0,New Hampshire,112.9,111,130,111.0,6.3,6.5,7,0.0,0.0,180.9,164.0,230.5,224.5,149.0,149.0,0.5,0.5,1,0.2,1
2.0,0.05,2.0,Mississippi,113.3,111,134,111.0,6.0,6.0,8,0.0,0.0,137.4,134.0,171.4,168.0,,,0.0,0.0,0,0.0,0
0.5,0.25,1.0,Delaware,113.6,107,118,118.0,3.0,3.0,3,0.0,0.0,139.6,154.0,230.4,236.0,,,0.0,0.0,0,0.0,0
0.5,0.25,2.0,Delaware,113.6,107,118,118.0,3.0,3.0,3,0.0,0.0,139.6,154.0,222.2,223.0,,,0.0,0.0,0,0.0,0
2.0,0.25,0.5,Delaware,113.6,107,118,118.0,3.0,3.0,3,0.0,0.0,139.6,154.0,238.4,249.0,438.0,438.0,1.0,1.0,1,0.0,0
0.5,0.05,2.0,New Jersey,113.9,84,148,117.5,7.3,7.0,8,0.0,0.0,140.3,148.0,180.5,177.5,372.75,391.5,1.0,1.0,1,0.0,0
0.5,0.25,0.5,Delaware,114.7,107,118,118.0,2.2,2.0,3,0.0,0.0,143.2,154.0,222.0,222.0,,,0.0,0.0,0,0.0,0
ALL,ALL,ALL,Mississippi,114.78370786516854,69,475,111.0,4.918539325842697,5.0,10,0.0,0.0,151.40923076923076,134.0,194.68941979522185,168.0,201.0,201.0,1.0,1.0,1,0.0,0
1.0,0.1,2.0,New Hampshire,114.8,111,130,111.0,5.5,6.0,6,0.0,0.0,185.1,170.0,248.3,233.0,165.5,165.5,0.4,0.0,1,0.3,1
2.0,0.1,1.0,New Hampshire,114.8,111,130,111.0,5.6,5.5,7,0.1,1.0,192.4,176.0,265.6,277.0,149.0,149.0,0.4,0.0,1,0.4,1
2.0,0.1,2.0,New Hampshire,114.8,111,130,111.0,5.6,5.5,7,0.3,1.0,201.3,176.0,248.6,224.5,184.33333333333334,182.0,0.42857142857142855,0.0,1,0.4,1
0.5,0.01,2.0,Georgia,115.3,91,135,126.0,30.7,30.5,36,0.0,0.0,127.8,135.0,145.5,147.5,169.75,194.0,1.9,2.0,5,2.4,6
1.0,0.25,0.5,Delaware,115.8,107,118,118.0,2.9,3.0,3,0.0,0.0,146.8,154.0,237.44444444444446,249.0,,,0.0,0.0,0,0.0,0
2.0,0.25,1.0,Delaware,115.8,107,118,118.0,3.0,3.0,3,0.0,0.0,146.8,154.0,222.6,223.0,284.0,284.0,1.5,1.5,2,0.0,0
2.0,0.1,2.0,Delaware,115.8,107,118,118.0,3.0,3.0,3,0.0,0.0,146.8,154.0,282.1,249.0,284.0,284.0,1.0,1.0,1,0.0,0
2.0,0.01,2.0,Maryland,116.0,81,153,107.5,9.1,9.5,11,0.3,1.0,153.1,153.0,201.7,189.5,148.6,152.5,8.7,8.0,18,4.2,7
2.0,0.01,1.0,West Virginia,116.1,52,251,88.0,7.0,7.0,9,0.0,0.0,209.3,183.0,243.9,215.0,206.0,112.0,2.25,2.0,4,0.0,0
1.0,0.01,2.0,Arkansas,116.2,101,165,101.0,6.6,7.0,9,0.1,1.0,180.1,165.0,255.4,297.0,139.8,155.0,6.0,5.5,9,1.0,2
0.5,0.01,2.0,Tennessee,116.2,81,140,125.0,25.6,25.5,28,0.0,0.0,138.6,146.5,157.2,160.0,85.8,28.0,9.4,9.5,13,6.3,12
2.0,0.01,2.0,Arkansas,116.4,91,165,107.0,6.4,6.5,8,0.1,1.0,174.4,159.0,267.0,289.0,82.9,28.0,6.9,6.5,10,0.6,2
2.0,0.01,0.5,Arkansas,116.4,91,165,107.0,6.4,6.0,8,0.0,0.0,185.4,165.0,253.3,230.0,96.8,87.0,6.4,6.5,10,0.9,2
1.0,0.05,1.0,Louisiana,116.8,46,243,87.0,2.6,2.0,5,0.0,0.0,190.625,197.0,195.75,197.0,,,0.0,0.0,0,0.7,1
ALL,ALL,ALL,New Jersey,117.14206128133705,77,397,86.0,6.576601671309192,7.0,9,0.0,0.0,137.93539325842696,112.0,180.6342857142857,173.0,297.8251748251748,307.0,1.2937062937062938,1.0,3,0.0,0
2.0,0.1,1.0,Delaware,118.0,118,118,118.0,2.9,3.0,3,0.0,0.0,165.7,154.0,280.6666666666667,249.0,438.0,438.0,1.0,1.0,1,0.0,0
1.0,0.01,1.0,Arkansas,118.2,113,165,113.0,3.8,3.5,6,0.1,1.0,253.5,263.5,304.6666666666667,299.0,134.6,148.0,4.6,4.5,7,0.6,2
2.0,0.05,2.0,New Jersey,119.2,86,148,112.0,7.5,7.5,8,0.0,0.0,158.3,173.0,185.7,195.0,304.0,309.0,1.2222222222222223,1.0,2,0.0,0
2.0,0.01,1.0,Arkansas,119.2,101,165,101.0,6.7,7.0,8,0.1,1.0,180.7,165.0,278.7,297.0,73.0,28.0,6.7,7.0,9,0.7,1
1.0,0.01,0.5,West Virginia,119.3,52,183,108.5,5.1,5.0,9,0.0,0.0,173.6,183.0,232.6,217.0,246.33333333333334,307.0,1.6666666666666667,1.0,3,0.0,0
1.0,0.05,1.0,Delaware,119.4,107,154,118.0,2.8,3.0,3,0.0,0.0,168.7,154.0,289.125,249.0,130.0,130.0,1.0,1.0,1,0.0,0
1.0,0.1,1.0,New Hampshire,120.7,111,151,111.0,4.8,5.0,5,0.2,1.0,208.7,201.0,266.9,277.0,,,0.0,0.0,0,0.8,1
2.0,0.1,0.5,New Hampshire,121.4,106,201,111.0,5.7,6.0,6,0.1,1.0,189.1,201.0,246.3,233.0,,,0.0,0.0,0,0.3,1
0.5,0.1,2.0,Delaware,121.6,118,154,118.0,2.9,3.0,3,0.0,0.0,173.6,154.0,236.77777777777777,249.0,495.0,495.0,1.0,1.0,1,0.0,0
1.0,0.01,1.0,North Carolina,121.9,75,180,108.0,12.2,12.5,15,0.0,0.0,187.1,190.5,231.7,243.0,260.2,290.0,5.8,6.0,10,3.0,5
1.0,0.05,1.0,New Jersey,122.2,84,173,118.0,7.4,7.0,8,0.0,0.0,142.5,148.0,179.4,173.0,294.0,294.0,2.0,2.0,2,0.0,0
0.5,0.01,0.5,Mississippi,122.42857142857143,111,168,111.0,1.8571428571428572,2.0,3,0.0,0.0,159.5,168.0,297.0,297.0,,,0.0,0.0,0,0.0,0
2.0,0.01,1.0,Maryland,122.5,81,187,117.0,9.8,9.5,12,0.3,2.0,161.6,153.0,207.8,218.5,185.2,173.0,8.7,9.0,12,4.0,6
1.0,0.1,2.0,Delaware,123.0,107,154,118.0,3.0,3.0,3,0.0,0.0,171.1,159.0,240.4,249.0,,,0.0,0.0,0,0.0,0
1.0,0.1,1.0,Delaware,123.0,107,154,118.0,3.0,3.0,3,0.0,0.0,153.4,154.0,245.6,249.0,130.0,130.0,1.0,1.0,1,0.0,0
ALL,ALL,ALL,Connecticut,123.31944444444444,89,304,107.0,5.1305555555555555,5.0,7,0.11142061281337047,2.0,145.97214484679665,110.0,160.8764367816092,115.0,207.96321070234114,207.0,2.088888888888889,2.0,5,0.44166666666666665,2
0.5,0.1,0.5,New Hampshire,123.4,106,164,120.5,2.0,2.0,3,0.0,0.0,186.0,201.0,188.5,188.5,182.0,182.0,0.75,1.0,1,0.1,1
1.0,0.01,2.0,Tennessee,124.5,90,140,126.0,30.4,30.5,33,0.0,0.0,145.1,140.0,157.3,153.0,150.9,192.0,14.2,15.0,22,9.9,17
1.0,0.01,1.0,Mississippi,124.7,111,168,111.0,3.1,3.0,5,0.0,0.0,221.3,168.0,304.5,364.0,,,0.0,0.0,0,0.0,0
1.0,0.01,0.5,Arkansas,125.0,101,165,113.0,3.5,3.5,6,0.1,1.0,232.3,255.5,294.875,297.0,119.2,142.0,3.4,3.0,8,0.5,1
0.5,0.01,0.5,Tennessee,125.9,96,152,125.0,12.7,13.0,16,0.0,0.0,152.3,152.5,161.5,159.5,178.2,200.0,5.2,4.5,9,2.5,5
2.0,0.01,1.0,North Carolina,126.1,75,184,124.5,14.4,14.5,18,0.0,0.0,174.8,180.0,212.4,202.0,237.6,270.5,7.7,7.0,12,3.9,6
0.5,0.01,2.0,Maryland,126.4,81,207,118.5,9.2,9.0,13,0.2,1.0,166.7,159.0,217.4,207.5,204.8,192.0,8.9,8.5,13,4.1,6
2.0,0.1,0.5,Delaware,126.6,107,154,118.0,3.0,3.0,3,0.0,0.0,149.8,154.0,244.7,249.0,438.0,438.0,1.0,1.0,1,0.0,0
2.0,0.01,1.0,Mississippi,127.0,111,168,111.0,3.9,4.0,6,0.0,0.0,187.11111111111111,168.0,302.44444444444446,313.0,,,0.0,0.0,0,0.0,0
1.0,0.01,0.5,Mississippi,127.0,111,168,111.0,2.5,2.0,4,0.0,0.0,177.875,168.0,253.75,241.5,,,0.0,0.0,0,0.0,0
0.5,0.1,2.0,New Hampshire,127.3,106,201,111.0,5.5,5.5,7,0.1,1.0,192.0,188.5,238.3,233.0,149.0,149.0,0.3333333333333333,0.0,1,0.4,1
0.5,0.1,0.5,Delaware,127.6,107,164,118.0,2.1,2.0,3,0.0,0.0,156.22222222222223,154.0,195.0,195.0,,,0.0,0.0,0,0.0,0
1.0,0.01,2.0,Maryland,127.9,97,153,139.5,9.5,9.5,11,0.1,1.0,171.3,162.5,215.0,211.0,189.8,195.5,8.2,8.0,11,4.3,5
2.0,0.01,0.5,North Carolina,129.3,75,180,136.5,14.1,14.0,17,0.0,0.0,158.3,174.0,187.0,197.0,228.4,275.0,7.5,7.5,11,4.6,8
1.0,0.01,2.0,Mississippi,130.4,111,202,111.0,3.1,3.0,5,0.0,0.0,254.9,168.0,372.42857142857144,364.0,,,0.0,0.0,0,0.0,0
0.5,0.01,2.0,West Virginia,130.6,52,251,135.5,5.6,5.5,9,0.0,0.0,215.5,207.0,255.1,251.0,306.2,307.0,1.4,1.0,2,0.0,0
2.0,0.25,2.0,Rhode Island,130.7,93,166,153.0,3.3,3.0,4,0.0,0.0,198.7,171.0,258.77777777777777,258.0,,,0.0,0.0,0,0.0,0
2.0,0.01,0.5,Maryland,130.8,97,153,135.0,8.8,9.0,12,0.1,1.0,191.1,162.5,234.2,228.0,174.5,192.0,6.6,6.5,9,4.6,6
2.0,0.25,2.0,Maine,130.9,115,143,130.0,9.2,9.0,10,0.0,0.0,165.2,164.0,205.8,200.0,210.66666666666666,208.0,1.3,1.0,2,1.0,1
2.0,0.25,1.0,Maine,131.1,115,190,122.5,8.6,8.5,10,0.0,0.0,174.2,187.0,208.4,202.5,208.8,208.0,1.3,1.0,2,1.1,2
0.5,0.01,1.0,Arkansas,131.6,91,165,113.0,2.8,3.0,4,0.0,0.0,267.5,263.5,296.0,316.0,157.7,174.5,2.3,2.5,3,0.1,1
2.0,0.25,0.5,Maine,132.1,115,185,130.0,7.9,8.0,9,0.0,0.0,159.6,143.0,198.2,197.0,209.77777777777777,208.0,1.5,2.0,2,1.0,1
0.5,0.1,1.0,Delaware,132.4,118,154,118.0,2.7,3.0,3,0.0,0.0,186.7,159.0,250.28571428571428,249.0,,,0.0,0.0,0,0.0,0
2.0,0.01,0.5,Mississippi,132.7,111,168,122.5,2.4,2.0,4,0.0,0.0,245.44444444444446,168.0,414.75,364.0,,,0.0,0.0,0,0.0,0
1.0,0.01,0.5,Massachusetts,133.2,74,173,145.0,6.6,6.5,8,0.1,1.0,163.0,166.0,175.2,174.0,180.4,189.0,2.5,3.0,3,0.6,2
0.5,0.01,0.5,Arkansas,134.6,91,165,128.0,2.0,2.0,4,0.0,0.0,214.42857142857142,205.0,186.5,186.5,114.55555555555556,148.0,2.3333333333333335,3.0,3,0.1,1
0.5,0.25,2.0,Rhode Island,135.0,93,153,153.0,3.0,3.0,4,0.0,0.0,220.3,171.0,244.0,258.0,,,0.0,0.0,0,0.0,0
1.0,0.25,1.0,Rhode Island,135.0,93,153,153.0,3.2,3.0,4,0.0,0.0,198.3,166.0,236.55555555555554,258.0,,,0.0,0.0,0,0.0,0
0.5,0.01,0.5,Maryland,135.1,97,153,153.0,5.0,5.0,7,0.1,1.0,175.2,176.0,219.2,230.0,174.0,177.5,3.4,2.5,6,1.8,3
1.0,0.05,2.0,Delaware,135.4,118,164,118.0,2.6,3.0,3,0.0,0.0,184.4,154.0,273.0,249.0,438.0,438.0,1.0,1.0,1,0.0,0
2.0,0.01,0.5,Virginia,135.5,111,176,130.5,22.4,22.0,24,0.0,0.0,160.1,149.0,183.5,185.0,246.5,203.0,5.1,5.0,8,1.6,3
0.5,0.01,1.0,Massachusetts,136.0,92,177,132.0,6.2,6.0,7,0.0,0.0,165.1,164.0,178.7,178.5,200.42857142857142,190.0,2.111111111111111,2.0,6,0.7,2
0.5,0.01,2.0,Virginia,136.0,99,176,136.5,20.3,20.0,25,0.0,0.0,168.6,176.0,193.6,209.5,331.1,310.5,3.3,3.0,6,1.5,5
2.0,0.01,2.0,Virginia,136.2,104,206,125.0,22.4,22.5,25,0.0,0.0,152.8,146.0,174.6,176.0,278.5,271.5,4.6,4.0,8,2.1,4
0.5,0.01,1.0,Maryland,136.4,81,187,153.0,8.1,8.0,11,0.1,1.0,175.3,178.5,215.3,221.5,192.0,192.0,4.6,4.5,8,2.7,5
1.0,0.05,2.0,Louisiana,136.8,46,197,128.0,2.9,3.0,4,0.0,0.0,197.0,197.0,265.57142857142856,243.0,,,0.0,0.0,0,1.0,1
1.0,0.01,2.0,Virginia,136.9,104,176,124.5,22.5,22.5,26,0.0,0.0,164.2,164.0,176.8,176.0,246.3,203.0,5.2,5.0,9,2.1,3
1.0,0.05,0.5,Delaware,137.0,118,164,136.0,2.9,3.0,3,0.0,0.0,166.2,159.0,246.11111111111111,249.0,,,0.0,0.0,0,0.0,0
0.5,0.01,0.5,Alabama,137.25,81,247,110.5,1.25,1.0,2,0.0,0.0,140.0,140.0,,,,,0.0,0.0,0,0.0,0
2.0,0.25,1.0,Rhode Island,137.3,93,176,153.0,3.4,3.5,4,0.0,0.0,215.0,249.0,248.22222222222223,258.0,,,0.0,0.0,0,0.0,0
2.0,0.25,0.5,Rhode Island,137.6,93,166,153.0,2.7,3.0,4,0.0,0.0,211.4,171.0,225.83333333333334,253.5,,,0.0,0.0,0,0.0,0
1.0,0.1,0.5,New Hampshire,138.8,111,201,130.0,5.1,5.0,6,0.0,0.0,212.8,216.0,251.0,257.0,182.0,182.0,0.5,0.5,1,0.1,1
0.5,0.25,0.5,Maine,138.8,115,194,130.0,4.0,4.0,5,0.2,2.0,187.1,200.0,204.6,200.0,211.2,208.0,2.0,2.0,3,1.6,2
1.0,0.01,0.5,North Carolina,139.2,75,180,150.5,8.2,8.5,12,0.1,1.0,186.7,180.0,221.7,202.0,263.2,290.0,2.9,3.0,6,2.5,7
2.0,0.1,0.5,Maine,139.3,115,187,136.5,6.9,7.0,8,0.0,0.0,178.5,195.0,216.7,222.5,208.0,208.0,1.6,2.0,2,1.0,1
1.0,0.1,0.5,Delaware,139.5,107,164,154.0,3.0,3.0,3,0.0,0.0,169.5,164.0,240.6,249.0,,,0.0,0.0,0,0.0,0
2.0,0.05,1.0,Delaware,139.6,118,154,154.0,2.8,3.0,3,0.0,0.0,168.2,164.0,282.5,249.0,,,0.0,0.0,0,0.0,0
0.5,0.01,1.0,Alabama,140.0,140,140,140.0,1.0,1.0,1,,,,,,,,,0.0,0.0,0,0.0,0
1.0,0.01,0.5,Alabama,140.0,140,140,140.0,1.2222222222222223,1.0,2,0.0,0.0,354.0,354.0,,,,,0.0,0.0,0,0.0,0
0.5,0.01,1.0,Mississippi,140.22222222222223,111,168,134.0,1.8888888888888888,2.0,3,0.0,0.0,227.66666666666666,168.0,364.0,364.0,,,0.0,0.0,0,0.0,0
0.5,0.25,1.0,Maine,140.3,115,185,143.0,5.9,6.0,8,0.0,0.0,180.7,187.0,201.1,200.0,208.8,208.0,2.4,3.0,3,1.5,3
1.0,0.01,0.5,Louisiana,141.2,46,243,128.0,1.4,1.0,2,0.0,0.0,220.0,220.0,,,,,0.0,0.0,0,0.6,1
0.5,0.01,1.0,North Carolina,141.4,75,180,159.0,8.3,8.5,12,0.0,0.0,177.3,180.0,208.9,205.0,289.77777777777777,291.0,2.3,1.5,5,2.3,6
2.0,0.05,2.0,Delaware,141.6,118,164,154.0,2.9,3.0,3,0.0,0.0,218.7,164.0,327.0,249.0,,,0.0,0.0,0,0.0,0
1.0,0.01,0.5,Virginia,141.7,104,213,139.0,15.0,14.5,21,0.0,0.0,164.5,164.0,187.2,197.0,254.4,203.0,2.8,3.0,4,2.0,4
1.0,0.01,1.0,Massachusetts,142.4,74,185,157.0,7.3,7.0,9,0.1,1.0,167.7,166.0,192.7,179.0,200.55555555555554,190.0,3.0,3.0,4,0.5,2
1.0,0.01,0.5,Maryland,142.4,86,176,153.0,8.0,8.0,11,0.2,1.0,193.2,194.0,220.6,227.5,191.2,177.5,5.4,5.0,12,2.6,5
1.0,0.25,0.5,Rhode Island,142.7,93,166,153.0,2.1,2.0,3,0.0,0.0,184.11111111111111,166.0,253.5,253.5,,,0.0,0.0,0,0.0,0
2.0,0.05,2.0,New Hampshire,142.7,111,201,130.0,5.5,5.5,6,0.2,1.0,253.1,279.5,297.1,297.0,,,0.0,0.0,0,0.4,1
2.0,0.01,2.0,North Carolina,142.8,75,180,159.5,15.3,14.5,20,0.0,0.0,179.3,180.0,211.2,218.5,263.9,289.0,7.5,8.0,10,4.5,6
0.5,0.05,1.0,New Hampshire,143.3,111,201,130.0,4.5,4.5,5,0.0,0.0,214.5,216.0,274.1,289.5,,,0.0,0.0,0,0.1,1
1.0,0.25,2.0,Maine,143.3,130,190,130.0,8.9,9.0,10,0.0,0.0,169.7,164.0,196.8,190.0,209.6,208.0,1.6,2.0,2,1.0,1
2.0,0.01,1.0,Alabama,144.55555555555554,140,181,140.0,2.111111111111111,2.0,3,0.0,0.0,417.85714285714283,444.0,403.0,446.0,401.0,401.0,1.0,1.0,1,0.0,0
0.5,0.01,0.5,Virginia,144.6,111,199,141.5,8.8,8.5,12,0.0,0.0,178.4,176.0,200.5,202.5,264.5,231.5,1.5,1.5,3,0.6,2
1.0,0.25,2.0,Rhode Island,144.9,93,176,153.0,3.1,3.0,4,0.0,0.0,200.0,171.0,237.55555555555554,258.0,,,0.0,0.0,0,0.0,0
1.0,0.05,0.5,New Hampshire,145.2,111,201,130.0,4.1,4.0,5,0.2,1.0,232.2,224.5,282.0,297.0,182.0,182.0,0.2,0.0,1,0.5,1
1.0,0.25,1.0,Maine,145.3,130,187,136.5,7.9,8.0,9,0.0,0.0,175.3,188.5,197.2,194.0,210.0,208.0,1.4,2.0,2,1.0,1
2.0,0.1,2.0,Rhode Island,146.8,93,176,166.0,2.4,2.5,3,0.0,0.0,208.55555555555554,176.0,331.8,255.0,,,0.0,0.0,0,0.0,0
1.0,0.25,0.5,Maine,146.8,115,190,136.5,6.9,7.0,8,0.0,0.0,178.6,190.0,207.0,202.5,208.8,208.0,1.6,1.5,3,1.6,2
1.0,0.05,2.0,New Hampshire,147.4,111,201,120.5,4.8,4.5,6,0.4,1.0,233.9,216.0,285.9,297.0,149.0,149.0,0.16666666666666666,0.0,1,0.5,1
2.0,0.01,2.0,Massachusetts,147.5,74,239,154.0,7.3,8.0,9,0.0,0.0,171.4,161.0,183.3,174.0,234.5,190.0,2.2,2.0,4,0.8,2
0.5,0.1,1.0,Maine,147.5,115,200,143.0,5.9,6.0,7,0.0,0.0,191.5,200.0,217.5,222.5,211.5,208.0,2.2,2.0,3,1.1,2
2.0,0.01,0.5,Massachusetts,147.8,92,208,146.5,7.6,7.5,9,0.0,0.0,173.8,168.0,182.7,182.5,199.0,201.5,2.0,2.0,3,0.3,1
0.5,0.01,1.0,Virginia,148.2,111,220,141.5,12.3,12.5,16,0.0,0.0,171.6,161.0,198.6,202.5,255.22222222222223,203.0,3.0,2.5,6,0.8,2
1.0,0.01,2.0,North Carolina,148.5,75,180,159.5,13.4,13.5,15,0.0,0.0,179.6,180.0,210.7,203.5,263.3,290.0,8.4,9.0,12,4.9,8
2.0,0.01,0.5,South Carolina,148.7,74,261,186.0,6.6,6.5,10,0.0,0.0,243.9,242.0,317.2,312.0,285.3,284.0,5.3,4.5,11,0.3,2
0.5,0.05,2.0,New Hampshire,149.0,111,201,130.0,4.5,5.0,5,0.3,1.0,243.3,233.0,282.9,297.0,222.0,222.0,0.16666666666666666,0.0,1,0.5,1
0.5,0.05,0.5,Delaware,149.8,118,164,154.0,1.9,2.0,3,0.0,0.0,182.75,164.0,249.0,249.0,,,0.0,0.0,0,0.0,0
2.0,0.1,0.5,Rhode Island,150.1,93,176,156.0,2.6,3.0,4,0.0,0.0,216.88888888888889,255.0,264.0,258.0,,,0.0,0.0,0,0.0,0
0.5,0.01,2.0,North Carolina,150.1,98,180,168.0,13.5,13.5,18,0.0,0.0,192.3,197.0,219.4,208.0,239.6,289.0,5.7,5.5,8,2.2,3
0.5,0.25,1.0,Rhode Island,150.3,94,176,153.0,1.6,2.0,2,0.0,0.0,166.0,166.0,,,,,0.0,0.0,0,0.0,0
0.5,0.05,2.0,Delaware,150.3,107,164,154.0,2.6,3.0,3,0.0,0.0,169.9,164.0,269.0,249.0,495.0,495.0,1.0,1.0,1,0.0,0
1.0,0.01,2.0,Massachusetts,151.2,92,174,157.0,7.6,8.0,9,0.1,1.0,175.8,171.0,187.2,179.0,194.4,188.0,3.0,2.5,7,0.5,2
2.0,0.05,1.0,New Hampshire,151.2,111,201,130.0,4.2,4.0,6,0.5,1.0,255.1,258.5,305.3,304.0,,,0.0,0.0,0,0.7,1
0.5,0.05,1.0,Delaware,151.4,118,164,154.0,2.4,2.0,3,0.0,0.0,189.0,164.0,249.0,249.0,,,0.0,0.0,0,0.0,0
2.0,0.01,1.0,Massachusetts,151.6,111,181,161.0,7.6,8.0,9,0.1,1.0,167.6,174.0,188.6,182.5,199.6,188.0,3.4,3.5,5,0.4,1
2.0,0.01,1.0,Virginia,151.8,114,213,146.0,22.3,22.5,26,0.0,0.0,170.9,176.0,192.6,199.0,273.6,230.0,4.2,4.5,8,1.6,3
0.5,0.25,2.0,Maine,152.2,115,187,143.0,7.8,8.0,9,0.0,0.0,179.9,187.0,198.8,197.0,209.6,208.0,1.6,2.0,2,1.1,2
0.5,0.05,0.5,New Hampshire,152.4,111,201,147.0,1.4,1.0,2,0.0,0.0,208.5,208.5,,,182.0,182.0,0.5,0.5,1,0.2,1
1.0,0.01,1.0,Virginia,152.8,104,185,146.0,20.2,20.5,23,0.0,0.0,177.8,176.0,190.1,195.5,295.2,250.5,2.8,3.0,5,1.0,3
0.5,0.25,0.5,Rhode Island,152.9,93,176,153.0,1.5,1.0,3,0.0,0.0,168.5,166.0,176.0,176.0,,,0.0,0.0,0,0.0,0
2.0,0.01,2.0,South Carolina,153.0,74,232,186.0,8.7,9.0,11,0.0,0.0,224.6,228.0,305.7,322.0,261.9,281.5,9.9,7.0,29,0.8,2
0.5,0.1,2.0,Rhode Island,153.2,93,176,153.0,2.1,2.0,3,0.0,0.0,214.44444444444446,249.0,356.5,356.5,,,0.0,0.0,0,0.0,0
0.5,0.01,2.0,Mississippi,153.5,111,364,134.0,3.0,3.0,4,0.0,0.0,194.66666666666666,168.0,367.25,353.5,,,0.0,0.0,0,0.0,0
1.0,0.1,0.5,Maine,154.6,115,205,143.0,6.6,7.0,7,0.1,1.0,192.9,194.0,216.1,205.0,208.0,208.0,2.6,3.0,3,1.1,2
1.0,0.1,2.0,Rhode Island,155.2,93,176,153.0,2.2,2.0,3,0.0,0.0,226.22222222222223,249.0,258.0,258.0,,,0.0,0.0,0,0.0,0
2.0,0.01,2.0,Mississippi,155.4,111,475,111.0,4.1,4.0,5,0.0,0.0,193.7,151.0,268.8888888888889,230.0,201.0,201.0,1.0,1.0,1,0.0,0
0.5,0.1,0.5,Rhode Island,155.8,93,176,156.0,1.3,1.0,2,0.0,0.0,165.0,166.0,,,,,0.0,0.0,0,0.0,0
2.0,0.05,2.0,Maine,156.6,115,205,143.0,6.6,6.5,8,0.2,1.0,208.1,205.0,237.6,240.0,208.0,208.0,0.8888888888888888,1.0,2,1.0,2
ALL,ALL,ALL,New Hampshire,156.81894150417827,106,362,130.0,4.484679665738161,5.0,7,0.11304347826086956,1.0,228.41159420289856,216.0,272.86031746031745,282.0,195.97619047619048,149.0,0.33070866141732286,0.0,1,0.25069637883008355,1
ALL,ALL,ALL,Delaware,157.4634831460674,107,483,118.0,2.595505617977528,3.0,3,0.0,0.0,206.12612612612614,154.0,264.8042553191489,249.0,375.8301886792453,438.0,1.1132075471698113,1.0,3,0.0,0
1.0,0.01,2.0,West Virginia,157.5,52,251,183.0,6.6,7.5,8,0.0,0.0,230.7,231.0,292.3,255.5,356.0,467.5,1.6666666666666667,1.0,4,0.0,0
0.5,0.01,1.0,West Virginia,157.9,88,217,183.0,3.9,4.0,6,0.0,0.0,213.22222222222223,210.0,271.44444444444446,251.0,467.5,467.5,1.0,1.0,1,0.0,0
2.0,0.1,2.0,Maine,157.9,115,200,143.0,8.1,8.0,10,0.0,0.0,192.7,200.0,214.6,222.5,208.0,208.0,1.5,2.0,2,1.0,1
0.5,0.1,1.0,Rhode Island,159.2,153,176,153.0,1.2,1.0,2,0.0,0.0,171.0,171.0,,,,,0.0,0.0,0,0.0,0
2.0,0.1,1.0,Rhode Island,161.8,153,176,156.0,2.5,2.5,4,0.0,0.0,245.22222222222223,255.0,300.2,258.0,,,0.0,0.0,0,0.0,0
0.5,0.1,2.0,Maine,162.0,115,191,164.0,6.5,7.0,7,0.0,0.0,197.3,205.0,238.5,245.5,208.77777777777777,208.0,1.3,1.0,2,1.2,2
1.0,0.1,2.0,Maine,162.9,115,200,165.0,7.2,7.0,9,0.0,0.0,191.3,192.5,227.0,230.0,205.66666666666666,208.0,1.7,2.0,3,1.4,2
0.5,0.01,0.5,Massachusetts,163.9,94,237,164.0,3.6,4.0,6,0.0,0.0,185.55555555555554,176.0,191.85714285714286,188.0,199.85714285714286,190.0,1.7142857142857142,1.0,3,0.1,1
0.5,0.01,1.0,South Carolina,164.2,74,242,186.0,3.1,3.0,4,0.0,0.0,221.11111111111111,224.0,269.875,246.5,295.57142857142856,296.0,3.4285714285714284,3.0,5,0.0,0
0.5,0.01,2.0,Massachusetts,164.2,117,239,157.5,7.4,8.0,8,0.0,0.0,184.8,167.0,203.6,182.5,248.1,190.0,2.2,2.0,4,0.3,2
1.0,0.1,1.0,Maine,164.4,130,200,165.0,6.9,7.0,8,0.0,0.0,194.3,190.5,216.7,215.0,208.0,208.0,1.2,1.0,2,1.0,1
2.0,0.05,0.5,New Hampshire,165.1,111,201,182.5,4.4,4.0,6,0.4,1.0,262.9,289.5,281.0,307.0,149.0,149.0,0.16666666666666666,0.0,1,0.5,1
0.5,0.1,0.5,Maine,165.2,130,200,164.0,3.3,3.0,5,0.1,1.0,199.3,202.5,220.625,215.0,207.88888888888889,208.0,2.0,2.0,4,1.1,2
1.0,0.1,1.0,Rhode Island,165.4,153,176,166.0,2.3,2.0,4,0.0,0.0,260.25,255.0,308.0,258.0,,,0.0,0.0,0,0.0,0
1.0,0.01,1.0,New Jersey,165.7,148,195,148.0,6.1,6.0,8,0.0,0.0,241.3,199.5,302.8,240.5,346.75,354.0,1.25,1.0,2,0.0,0
2.0,0.05,2.0,Rhode Island,167.1,153,176,176.0,1.6,1.5,3,0.0,0.0,237.8,255.0,458.0,458.0,,,0.0,0.0,0,0.0,0
1.0,0.1,0.5,Rhode Island,167.1,153,176,171.0,1.8,2.0,3,0.0,0.0,229.42857142857142,249.0,258.0,258.0,,,0.0,0.0,0,0.0,0
2.0,0.05,0.5,Rhode Island,167.4,153,176,171.0,2.1,2.0,3,0.0,0.0,258.0,249.0,258.0,258.0,,,0.0,0.0,0,0.0,0
2.0,0.01,2.0,New Jersey,167.6,86,223,173.0,6.0,6.0,7,0.0,0.0,214.2,195.0,271.4,228.5,308.8,307.0,1.2,1.0,2,0.0,0
0.5,0.01,2.0,South Carolina,167.6,74,242,186.0,6.5,6.5,8,0.0,0.0,220.3,224.0,305.5,258.5,294.75,281.0,6.125,7.0,11,0.0,0
2.0,0.01,1.0,South Carolina,167.7,74,242,186.0,7.5,8.0,9,0.0,0.0,245.4,232.0,309.6,309.5,290.4,291.0,7.0,7.0,14,0.9,2
2.0,0.1,1.0,Maine,167.8,115,200,188.5,7.6,7.5,10,0.1,1.0,194.7,200.0,221.1,222.5,208.0,208.0,1.5,1.5,2,1.1,2
1.0,0.05,1.0,Rhode Island,169.4,153,176,176.0,2.2,2.0,4,0.0,0.0,236.77777777777777,255.0,258.0,258.0,,,0.0,0.0,0,0.0,0
1.0,0.01,2.0,South Carolina,170.4,74,256,186.0,7.5,7.5,10,0.0,0.0,235.0,242.0,281.5,249.5,261.7,283.0,7.8,5.5,23,0.6,2
2.0,0.05,0.5,Delaware,170.7,154,271,164.0,2.6,3.0,3,0.0,0.0,273.7,249.0,345.1666666666667,309.0,495.0,495.0,1.0,1.0,1,0.0,0
1.0,0.05,1.0,New Hampshire,170.9,111,201,201.0,5.1,5.0,6,0.4,1.0,248.2,280.5,291.4,297.0,182.0,182.0,0.14285714285714285,0.0,1,0.7,1
2.0,0.05,1.0,Rhode Island,171.4,153,176,176.0,1.7,2.0,3,0.0,0.0,256.0,255.0,258.0,258.0,,,0.0,0.0,0,0.0,0
0.5,0.05,1.0,Rhode Island,172.66666666666666,156,176,176.0,1.1111111111111112,1.0,2,0.0,0.0,176.0,176.0,,,,,0.0,0.0,0,0.0,0
2.0,0.01,0.5,New Jersey,172.7,118,195,184.0,5.7,5.5,7,0.0,0.0,207.9,195.0,281.7,228.5,303.5,301.5,1.5,1.5,2,0.0,0
0.5,0.05,1.0,Maine,173.0,143,200,188.5,5.5,5.5,7,0.2,1.0,209.9,205.0,246.8,261.0,208.0,208.0,2.4,2.5,3,1.0,1
0.5,0.01,1.0,Connecticut,173.6,107,277,170.0,3.7,3.5,5,0.4,2.0,256.9,277.0,302.44444444444446,298.0,253.28571428571428,243.0,2.5714285714285716,2.0,5,0.5,2
1.0,0.05,1.0,Maine,173.6,130,205,188.5,6.6,6.5,8,0.3,1.0,217.0,202.5,245.3,254.5,208.0,208.0,1.2,1.0,2,1.0,1
1.0,0.01,1.0,South Carolina,173.9,74,249,169.5,5.2,5.0,8,0.0,0.0,253.6,255.5,322.9,312.0,264.2,281.0,5.6,5.0,11,0.0,0
0.5,0.01,1.0,Louisiana,174.0,128,197,197.0,1.0,1.0,1,,,,,,,,,0.0,0.0,0,0.0,0
2.0,0.05,1.0,Maine,174.0,115,200,190.0,6.5,7.0,8,0.0,0.0,201.1,205.0,233.5,248.0,205.9,208.0,1.4,1.0,3,1.0,1
2.0,0.01,2.0,Alabama,174.7,140,446,140.0,1.8,2.0,3,0.0,0.0,415.42857142857144,444.0,364.0,364.0,,,0.0,0.0,0,0.0,0
0.5,0.05,0.5,Rhode Island,174.88888888888889,166,176,176.0,1.1111111111111112,1.0,2,0.0,0.0,176.0,176.0,,,,,0.0,0.0,0,0.0,0
ALL,ALL,ALL,Maine,175.37777777777777,115,298,187.0,6.075,6.0,10,0.07520891364902507,2.0,208.86350974930363,200.0,236.5243553008596,230.0,232.29354838709676,208.0,1.6006006006006006,2.0,4,0.9138888888888889,3
0.5,0.01,2.0,Louisiana,175.66666666666666,46,243,197.0,1.5,1.0,3,0.0,0.0,220.0,220.0,362.0,362.0,343.0,343.0,0.6666666666666666,1.0,1,0.3333333333333333,1
0.5,0.01,1.0,Rhode Island,176.0,176,176,176.0,1.0,1.0,1,,,,,,,,,0.0,0.0,0,0.0,0
1.0,0.01,0.5,Connecticut,176.2,104,277,170.0,4.1,4.0,6,0.0,0.0,243.0,277.0,286.1111111111111,285.0,267.4,228.0,2.0,1.0,4,0.0,0
0.5,0.01,0.5,Delaware,176.83333333333334,154,271,159.0,1.5,1.0,3,0.0,0.0,193.5,193.5,249.0,249.0,,,0.0,0.0,0,0.0,0
2.0,0.01,1.0,Connecticut,177.2,107,277,170.0,4.0,4.0,5,0.2,1.0,261.8,280.0,293.0,298.5,256.8,249.0,1.6666666666666667,1.5,3,0.2,1
0.5,0.01,2.0,Alabama,178.25,140,446,140.0,1.625,1.0,3,0.0,0.0,312.6666666666667,247.0,445.0,445.0,,,0.0,0.0,0,0.0,0
0.5,0.01,0.5,North Carolina,178.5,123,321,163.0,3.7,4.0,6,0.1111111111111111,1.0,213.44444444444446,180.0,200.0,202.0,282.125,291.0,1.875,2.0,3,1.0,2
1.0,0.01,0.5,South Carolina,178.66666666666666,74,261,186.0,3.7777777777777777,5.0,6,0.0,0.0,212.71428571428572,224.0,273.85714285714283,256.0,291.42857142857144,295.0,5.714285714285714,6.0,10,0.0,0
0.5,0.05,2.0,Rhode Island,178.9,153,258,176.0,1.7,2.0,2,0.0,0.0,243.57142857142858,255.0,,,,,0.0,0.0,0,0.0,0
1.0,0.05,2.0,Maine,180.9,115,205,188.0,6.1,6.0,8,0.1,1.0,202.0,205.0,247.1,248.0,203.22222222222223,208.0,1.8888888888888888,2.0,3,0.9,1
ALL,ALL,ALL,Rhode Island,181.76415094339623,93,592,166.0,1.9465408805031446,2.0,4,0.0,0.0,223.31958762886597,249.0,262.38823529411764,258.0,,,0.0,0.0,0,0.0,0
2.0,0.05,0.5,Maine,182.3,130,205,190.0,6.0,6.0,8,0.1,1.0,210.9,205.0,245.6,261.0,257.25,208.0,1.0,1.0,2,1.0,1
1.0,0.01,0.5,New Jersey,182.6,148,195,184.0,3.7,3.0,6,0.0,0.0,242.9,223.0,336.0,395.0,273.0,273.0,1.5,1.5,2,0.0,0
0.5,0.01,2.0,Connecticut,182.9,109,285,170.0,3.8,4.0,5,0.0,0.0,265.1,283.0,292.6,319.0,312.375,249.0,1.4444444444444444,1.0,3,0.4,1
0.5,0.01,1.0,New Jersey,184.6,112,223,195.0,3.4,3.5,4,0.0,0.0,237.7,228.5,337.77777777777777,395.0,286.0,286.0,1.25,1.0,2,0.0,0
0.5,0.05,0.5,Maine,185.1,130,200,200.0,3.1,3.0,5,0.0,0.0,200.0,205.0,239.71428571428572,230.0,215.7,208.0,1.8,2.0,3,1.0,1
0.5,0.01,0.5,South Carolina,186.0,74,249,186.0,2.2222222222222223,2.0,5,0.0,0.0,239.5,255.5,249.0,249.0,291.7142857142857,284.0,3.5714285714285716,3.0,10,0.2222222222222222,2
1.0,0.05,0.5,Maine,187.3,143,200,190.5,6.3,6.5,7,0.0,0.0,201.1,205.0,234.1,230.0,217.5,208.0,1.8,2.0,4,0.9,1
1.0,0.01,2.0,New Jersey,188.2,112,223,195.0,5.6,5.5,7,0.0,0.0,255.0,222.0,323.8,365.0,295.57142857142856,307.0,1.1428571428571428,1.0,2,0.0,0
0.5,0.05,2.0,Maine,188.6,143,200,190.5,6.2,6.0,8,0.0,0.0,202.5,205.0,234.4,239.0,208.0,208.0,1.3,1.0,2,1.0,1
1.0,0.05,0.5,Rhode Island,189.3,176,258,176.0,1.1,1.0,2,0.0,0.0,255.0,255.0,,,,,0.0,0.0,0,0.0,0
1.0,0.01,1.0,Rhode Island,191.71428571428572,156,255,176.0,1.1428571428571428,1.0,2,0.0,0.0,255.0,255.0,,,,,0.0,0.0,0,0.0,0
0.5,0.01,0.5,New Jersey,192.66666666666666,148,223,195.0,2.0,2.0,4,0.0,0.0,242.83333333333334,223.0,228.5,228.5,309.0,309.0,1.0,1.0,1,0.0,0
1.0,0.01,2.0,Louisiana,192.85714285714286,46,493,197.0,2.142857142857143,2.0,3,0.16666666666666666,1.0,378.8333333333333,331.5,456.5,456.5,,,0.0,0.0,0,0.42857142857142855,1
2.0,0.01,2.0,Connecticut,193.1,107,289,173.5,4.5,5.0,5,0.1,1.0,266.4,279.0,296.3,301.0,276.7142857142857,227.0,2.0,2.0,5,0.1,1
1.0,0.01,1.0,Alabama,195.33333333333334,140,354,140.0,1.8888888888888888,2.0,3,0.0,0.0,372.3333333333333,354.0,446.0,446.0,,,0.0,0.0,0,0.0,0
0.5,0.01,2.0,New Jersey,195.4,148,378,178.5,5.6,6.0,7,0.0,0.0,225.8,195.0,292.9,247.5,303.75,307.0,1.75,1.5,3,0.0,0
0.5,0.01,0.5,West Virginia,196.3,88,379,213.0,2.3,2.0,4,0.0,0.0,241.85714285714286,246.0,244.0,251.0,238.0,224.5,1.0,1.0,1,0.0,0
2.0,0.01,0.5,Connecticut,196.8,138,283,170.0,3.6,4.0,5,0.2,2.0,264.6,277.0,308.25,297.5,335.57142857142856,249.0,1.3333333333333333,1.0,3,0.6,2
1.0,0.05,2.0,Rhode Island,206.2,156,518,176.0,1.7,2.0,3,0.0,0.0,287.6666666666667,255.0,258.0,258.0,,,0.0,0.0,0,0.0,0
1.0,0.01,1.0,Delaware,209.2,154,410,164.0,2.1,2.0,3,0.0,0.0,360.75,340.5,434.3333333333333,410.0,299.0,299.0,1.25,1.0,2,0.0,0
1.0,0.01,1.0,Maine,210.7,130,261,205.0,4.8,5.0,6,0.2,1.0,254.9,261.0,271.9,280.5,362.8888888888889,243.0,1.8888888888888888,2.0,4,0.3,1
1.0,0.01,2.0,Connecticut,211.3,147,277,185.5,4.0,4.0,5,0.0,0.0,272.5,280.0,310.2,305.0,345.375,296.5,1.4444444444444444,1.0,4,0.3,1
2.0,0.01,1.0,New Jersey,212.5,173,397,195.0,5.6,6.0,7,0.0,0.0,251.4,222.0,318.3,315.0,317.8333333333333,309.0,1.5,1.0,3,0.0,0
0.5,0.01,2.0,Delaware,213.3,154,410,164.0,2.1,2.0,3,0.0,0.0,358.375,410.0,417.0,483.0,350.3333333333333,299.0,1.3333333333333333,1.0,2,0.0,0
1.0,0.01,1.0,Connecticut,213.8,125,277,201.0,3.8,4.0,5,0.1,1.0,275.2,283.0,312.1,309.5,274.2,249.0,1.6666666666666667,1.5,4,0.4,1
1.0,0.01,1.0,Louisiana,214.66666666666666,46,431,220.0,1.6666666666666667,2.0,2,0.25,1.0,294.0,243.0,,,,,0.0,0.0,0,0.6666666666666666,1
2.0,0.01,2.0,New Hampshire,215.9,186,287,201.0,3.6,3.0,5,0.0,0.0,305.5,307.0,337.4,322.0,547.0,547.0,1.0,1.0,1,0.0,0
2.0,0.01,2.0,Maine,220.4,200,286,205.0,4.7,5.0,6,0.2,1.0,257.6,261.0,288.0,284.0,332.125,212.5,1.3,1.0,3,0.7,1
0.5,0.01,2.0,Maine,220.6,200,261,205.0,4.7,5.0,6,0.1,1.0,267.1,261.0,285.0,282.0,306.6666666666667,217.0,1.7777777777777777,2.0,3,0.3,1
1.0,0.01,2.0,Maine,221.6,200,261,210.0,4.8,4.5,7,0.2,1.0,255.0,261.0,279.7,282.0,370.8333333333333,377.0,1.1428571428571428,1.0,3,0.4,1
2.0,0.01,1.0,Maine,224.4,200,261,218.5,4.5,4.0,6,0.1,1.0,250.7,254.5,287.0,273.5,311.3333333333333,208.0,1.5,1.0,4,0.5,1
2.0,0.01,0.5,Maine,224.5,143,261,226.5,4.6,4.5,6,0.1,1.0,259.0,261.0,288.5,284.0,374.8333333333333,324.5,1.375,1.5,3,0.4,1
1.0,0.01,0.5,Maine,227.4,200,261,217.5,4.8,5.0,6,0.0,0.0,263.4,261.0,283.1,274.5,282.3333333333333,253.5,1.8333333333333333,2.0,3,0.1,1
1.0,0.01,0.5,Rhode Island,228.66666666666666,176,255,255.0,1.0,1.0,1,,,,,,,,,0.0,0.0,0,0.0,0
0.5,0.01,1.0,Maine,229.1,200,261,218.5,4.5,4.5,5,0.2,1.0,273.5,261.0,289.9,288.0,328.0,336.0,1.2,1.0,3,0.2,1
1.0,0.01,0.5,Delaware,229.2,154,483,164.0,1.7,1.5,3,0.0,0.0,319.6,271.0,410.0,410.0,429.6666666666667,495.0,1.0,1.0,1,0.0,0
0.5,0.01,0.5,Rhode Island,229.5,156,254,254.0,1.0,1.0,1,,,,,,,,,0.0,0.0,0,0.0,0
1.0,0.01,1.0,New Hampshire,233.2,201,287,217.0,3.1,3.0,5,0.0,0.0,313.3333333333333,297.0,362.55555555555554,322.0,265.0,265.0,1.0,1.0,1,0.0,0
2.0,0.01,1.0,New Hampshire,234.4,201,287,201.0,3.3,3.0,5,0.3,1.0,313.0,309.5,366.75,320.0,,,0.0,0.0,0,0.3,1
1.0,0.01,0.5,New Hampshire,237.0,164,318,208.5,2.9,3.0,4,0.0,0.0,292.0,294.0,310.42857142857144,297.0,,,0.0,0.0,0,0.0,0
0.5,0.01,0.5,Connecticut,238.1,157,304,252.5,2.5,2.0,4,0.0,0.0,268.44444444444446,289.0,275.5,301.0,297.42857142857144,336.0,1.5714285714285714,1.0,3,0.0,0
0.5,0.01,0.5,New Hampshire,243.77777777777777,186,318,201.0,1.7777777777777777,2.0,3,0.0,0.0,299.6666666666667,315.0,336.0,336.0,,,0.0,0.0,0,0.0,0
2.0,0.01,0.5,New Hampshire,245.0,176,312,249.0,3.3,3.0,5,0.0,0.0,315.2,312.0,372.75,340.0,,,0.0,0.0,0,0.1,1
0.5,0.01,1.0,New Hampshire,250.6,111,322,287.0,2.7,3.0,4,0.1111111111111111,1.0,331.3333333333333,307.0,328.0,320.0,307.0,307.0,1.0,1.0,1,0.1,1
0.5,0.01,0.5,Maine,251.1,200,298,261.0,2.3,2.0,3,0.2222222222222222,1.0,290.6666666666667,294.0,317.0,309.0,250.5,250.5,0.6666666666666666,1.0,1,0.3,1
2.0,0.01,1.0,Delaware,252.8,154,410,206.5,2.4,2.5,3,0.0,0.0,331.22222222222223,369.0,381.0,410.0,353.85714285714283,299.0,1.2857142857142858,1.0,3,0.0,0
1.0,0.01,2.0,New Hampshire,253.5,201,301,284.5,3.1,3.0,5,0.1,1.0,311.3,309.5,334.85714285714283,318.0,547.0,547.0,0.6666666666666666,1.0,1,0.1,1
2.0,0.01,0.5,Louisiana,257.1666666666667,197,420,243.0,1.6666666666666667,2.0,2,0.5,1.0,487.5,562.0,,,,,0.0,0.0,0,0.6666666666666666,1
2.0,0.01,2.0,Delaware,262.5,154,410,264.5,2.2,2.0,3,0.0,0.0,401.4,483.0,366.0,366.0,378.6666666666667,342.0,1.0,1.0,1,0.0,0
2.0,0.01,0.5,Alabama,264.125,140,505,193.5,1.625,1.0,3,0.0,0.0,357.0,444.0,445.0,445.0,,,0.0,0.0,0,0.0,0
1.0,0.01,2.0,Delaware,269.8,154,410,211.0,2.2,2.0,3,0.0,0.0,397.22222222222223,410.0,380.6666666666667,410.0,357.0,317.0,1.25,1.0,2,0.0,0
2.0,0.01,2.0,Rhode Island,279.2857142857143,176,541,227.0,1.1428571428571428,1.0,2,0.0,0.0,255.0,255.0,,,,,0.0,0.0,0,0.0,0
0.5,0.01,2.0,New Hampshire,283.0,201,362,292.0,3.4,3.5,4,0.2,1.0,316.5,312.0,335.22222222222223,336.0,,,0.0,0.0,0,0.2,1
1.0,0.01,2.0,Alabama,284.9,81,505,193.5,2.2,1.5,4,0.0,0.0,333.0,354.0,413.25,445.0,,,0.0,0.0,0,0.0,0
2.0,0.01,0.5,Delaware,300.8,154,483,329.5,2.0,2.0,3,0.0,0.0,458.6666666666667,483.0,483.0,483.0,429.6666666666667,495.0,1.0,1.0,1,0.0,0
2.0,0.01,2.0,Louisiana,309.1,128,522,243.0,2.4,2.0,3,0.2,1.0,455.5,463.0,539.0,527.5,309.0,309.0,0.25,0.0,1,0.4,1
0.5,0.01,1.0,Delaware,319.1,154,410,410.0,1.6,2.0,2,0.0,0.0,370.1666666666667,410.0,,,495.0,495.0,1.0,1.0,1,0.0,0
0.5,0.01,2.0,Rhode Island,329.1666666666667,176,518,254.5,1.0,1.0,1,,,,,,,,,0.0,0.0,0,0.0,0
2.0,0.01,1.0,Rhode Island,332.1666666666667,176,541,254.0,1.0,1.0,1,,,,,,,,,0.0,0.0,0,0.0,0
1.0,0.01,2.0,Rhode Island,397.1111111111111,176,592,518.0,1.2222222222222223,1.0,2,0.0,0.0,388.0,388.0,,,,,0.0,0.0,0,0.0,0
2.0,0.01,1.0,Louisiana,413.22222222222223,197,608,420.0,1.7777777777777777,2.0,4,0.4,1.0,550.2,562.0,583.0,583.0,,,0.0,0.0,0,0.2222222222222222,1
2.0,0.01,0.5,Rhode Island,428.5,176,541,529.5,1.1666666666666667,1.0,2,0.0,0.0,531.0,531.0,,,,,0.0,0.0,0,0.0,0
