alpha,beta,gamma,state,mean_first_intro_day,earliest_first_intro_day,latest_first_intro_day,median_first_intro_day,mean_intro_count,median_intro_count,max_intro_count,mean_cumu_before_second_intro,max_cumu_before_second_intro,mean_intro_day_2,median_intro_day_2,mean_intro_day_3,median_intro_day_3,mean_first_export_day,median_first_export_day,mean_export_count,median_export_count,max_export_count,mean_total_cumu_cases,max_total_cumu_cases
0.5,0.01,0.5,Texas,28.0,28,28,28.0,19.6,18.0,29,0.0,0.0,28.0,28.0,28.0,28.0,43.3,44.0,41.3,39.5,52,26.5,30
0.5,0.05,0.5,Texas,28.0,28,28,28.0,34.3,33.0,39,0.0,0.0,28.0,28.0,28.0,28.0,39.5,39.0,49.1,50.0,53,29.9,34
0.5,0.25,0.5,Texas,28.0,28,28,28.0,42.1,42.5,45,0.0,0.0,28.0,28.0,28.0,28.0,33.0,32.5,57.4,58.5,64,30.2,35
0.5,0.1,0.5,Texas,28.0,28,28,28.0,39.1,39.5,43,0.0,0.0,28.0,28.0,28.0,28.0,36.4,39.0,54.4,54.5,59,30.9,35
0.5,0.01,1.0,Texas,28.0,28,28,28.0,27.0,27.0,35,0.0,0.0,28.0,28.0,28.0,28.0,44.0,44.5,57.4,57.0,73,32.5,39
1.0,0.01,0.5,Texas,28.0,28,28,28.0,27.3,27.0,33,0.0,0.0,28.0,28.0,28.0,28.0,42.8,43.0,60.6,59.0,69,37.6,42
0.5,0.05,1.0,Texas,28.0,28,28,28.0,37.5,37.5,43,0.0,0.0,28.0,28.0,28.0,28.0,38.5,39.0,71.6,71.0,78,37.7,41
0.5,0.1,1.0,Texas,28.0,28,28,28.0,40.5,41.0,43,0.0,0.0,28.0,28.0,28.0,28.0,36.1,36.5,73.1,73.0,78,39.0,45
0.5,0.25,1.0,Texas,28.0,28,28,28.0,45.1,45.0,52,0.0,0.0,28.0,28.0,28.0,28.0,34.4,37.0,71.2,71.5,79,40.1,44
0.5,0.01,2.0,Texas,28.0,28,28,28.0,32.3,32.0,39,0.0,0.0,28.0,28.0,28.0,28.0,43.5,41.0,72.8,73.5,81,41.8,48
1.0,0.25,0.5,Texas,28.0,28,28,28.0,46.8,46.0,50,0.0,0.0,28.0,28.0,28.0,28.0,31.4,29.0,76.0,76.5,81,44.0,47
1.0,0.01,1.0,Texas,28.0,28,28,28.0,32.2,31.5,41,0.0,0.0,28.0,28.0,28.0,28.0,43.2,42.0,76.6,77.5,83,44.6,51
ALL,ALL,ALL,Texas,28.0,28,28,28.0,39.736111111111114,42.0,52,0.0,0.0,28.0,28.0,28.0,28.0,37.983333333333334,39.0,79.1138888888889,82.0,113,45.52777777777778,59
1.0,0.05,0.5,Texas,28.0,28,28,28.0,35.8,36.5,40,0.0,0.0,28.0,28.0,28.0,28.0,38.9,39.0,74.6,76.0,85,45.6,53
1.0,0.1,0.5,Texas,28.0,28,28,28.0,40.0,40.0,44,0.0,0.0,28.0,28.0,28.0,28.0,36.9,39.0,76.7,75.5,82,46.1,49
2.0,0.01,1.0,Texas,28.0,28,28,28.0,34.7,33.5,46,0.0,0.0,28.0,28.0,28.0,28.0,42.9,45.0,89.7,90.0,101,46.8,54
0.5,0.05,2.0,Texas,28.0,28,28,28.0,42.4,43.0,46,0.0,0.0,28.0,28.0,28.0,28.0,37.3,39.0,79.6,81.0,90,47.1,55
2.0,0.01,0.5,Texas,28.0,28,28,28.0,31.6,31.5,38,0.0,0.0,28.0,28.0,28.0,28.0,44.8,44.5,83.7,84.0,93,47.1,54
2.0,0.01,2.0,Texas,28.0,28,28,28.0,34.3,33.5,40,0.0,0.0,28.0,28.0,28.0,28.0,44.0,44.0,97.1,97.5,110,48.9,53
0.5,0.1,2.0,Texas,28.0,28,28,28.0,43.9,43.5,48,0.0,0.0,28.0,28.0,28.0,28.0,35.8,36.5,81.4,81.0,87,49.0,54
1.0,0.01,2.0,Texas,28.0,28,28,28.0,32.9,32.5,40,0.0,0.0,28.0,28.0,28.0,28.0,42.7,41.0,86.4,85.5,103,49.1,53
1.0,0.25,1.0,Texas,28.0,28,28,28.0,46.4,46.5,49,0.0,0.0,28.0,28.0,28.0,28.0,31.3,29.0,80.7,80.5,88,49.6,53
1.0,0.1,1.0,Texas,28.0,28,28,28.0,42.8,43.0,49,0.0,0.0,28.0,28.0,28.0,28.0,37.0,39.0,83.4,84.5,90,49.8,53
1.0,0.25,2.0,Texas,28.0,28,28,28.0,47.9,47.5,50,0.0,0.0,28.0,28.0,28.0,28.0,32.4,29.0,86.1,86.5,98,49.9,53
0.5,0.25,2.0,Texas,28.0,28,28,28.0,45.6,45.0,51,0.0,0.0,28.0,28.0,28.0,28.0,36.6,39.0,82.0,83.0,89,50.6,53
1.0,0.1,2.0,Texas,28.0,28,28,28.0,45.6,45.0,51,0.0,0.0,28.0,28.0,28.0,28.0,36.0,39.0,90.1,89.0,97,50.9,54
1.0,0.05,1.0,Texas,28.0,28,28,28.0,40.0,40.0,47,0.0,0.0,28.0,28.0,28.0,28.0,37.6,39.0,84.7,87.0,90,51.0,59
2.0,0.25,0.5,Texas,28.0,28,28,28.0,46.9,46.5,50,0.0,0.0,28.0,28.0,28.0,28.0,34.0,34.0,86.1,86.0,93,51.1,53
2.0,0.1,0.5,Texas,28.0,28,28,28.0,44.1,43.5,49,0.0,0.0,28.0,28.0,28.0,28.0,37.3,39.0,92.0,92.0,96,51.1,56
1.0,0.05,2.0,Texas,28.0,28,28,28.0,42.4,42.5,47,0.0,0.0,28.0,28.0,28.0,28.0,37.3,39.0,88.4,88.5,101,51.2,58
2.0,0.1,1.0,Texas,28.0,28,28,28.0,45.5,45.5,49,0.0,0.0,28.0,28.0,28.0,28.0,38.0,39.0,92.7,91.0,101,51.7,55
2.0,0.05,1.0,Texas,28.0,28,28,28.0,42.7,43.0,45,0.0,0.0,28.0,28.0,28.0,28.0,38.0,39.0,92.2,92.5,98,52.2,58
2.0,0.05,0.5,Texas,28.0,28,28,28.0,40.3,41.0,46,0.0,0.0,28.0,28.0,28.0,28.0,39.2,39.0,87.8,86.5,93,52.3,57
2.0,0.05,2.0,Texas,28.0,28,28,28.0,43.9,44.5,48,0.0,0.0,28.0,28.0,28.0,28.0,37.7,39.0,97.0,96.0,113,52.4,57
2.0,0.25,1.0,Texas,28.0,28,28,28.0,47.0,46.0,49,0.0,0.0,28.0,28.0,28.0,28.0,31.6,29.0,87.2,88.5,93,52.5,55
2.0,0.25,2.0,Texas,28.0,28,28,28.0,46.1,45.5,50,0.0,0.0,28.0,28.0,28.0,28.0,36.0,39.0,90.9,91.0,98,54.1,58
2.0,0.1,2.0,Texas,28.0,28,28,28.0,43.9,44.0,47,0.0,0.0,28.0,28.0,28.0,28.0,38.0,39.0,96.1,96.5,102,54.1,57
1.0,0.25,1.0,Colorado,32.9,30,39,30.0,21.6,21.5,23,0.3,1.0,38.6,37.0,40.1,39.0,28.0,28.0,41.7,42.0,46,11.4,13
1.0,0.25,2.0,Colorado,33.0,30,39,30.0,22.5,22.0,26,0.4,2.0,39.3,39.0,44.2,47.0,28.0,28.0,43.4,44.0,48,10.5,12
1.0,0.25,0.5,Colorado,33.1,30,39,30.0,21.0,21.0,23,0.3,2.0,39.4,37.0,41.0,39.0,28.0,28.0,37.9,38.0,42,11.5,12
2.0,0.25,1.0,Colorado,33.2,30,39,30.0,22.9,23.0,24,0.3,2.0,38.0,38.0,41.5,39.5,28.0,28.0,43.8,43.5,48,10.1,12
0.5,0.25,0.5,Colorado,33.9,30,39,33.0,21.0,21.0,24,0.3,2.0,40.8,39.0,44.8,48.0,28.0,28.0,29.6,30.0,34,7.8,11
2.0,0.25,0.5,Colorado,34.9,30,39,36.5,22.8,23.0,24,0.2,1.0,42.0,39.0,44.5,45.0,28.0,28.0,43.6,43.0,48,10.1,11
1.0,0.25,0.5,Kansas,35.2,29,45,29.0,41.8,41.0,47,1.4,3.0,43.8,45.0,47.3,47.0,28.0,28.0,25.6,26.0,30,20.7,24
1.0,0.25,1.0,Kansas,35.3,29,45,29.0,50.3,49.0,56,1.2,3.0,43.1,45.0,46.6,46.0,28.0,28.0,26.1,27.0,31,20.4,25
1.0,0.25,2.0,Kansas,35.3,29,45,29.0,49.7,48.5,55,1.4,3.0,43.7,45.0,46.6,46.0,28.0,28.0,27.9,28.5,34,23.1,26
2.0,0.25,1.0,Kansas,35.3,29,45,29.0,50.4,49.5,56,1.4,3.0,44.0,45.0,46.8,46.0,28.0,28.0,31.4,31.0,38,23.3,27
0.5,0.25,1.0,Colorado,35.4,30,39,39.0,22.7,22.5,25,0.1,1.0,43.6,47.0,45.3,49.0,28.0,28.0,35.9,36.5,38,8.9,10
2.0,0.25,2.0,Colorado,36.3,30,39,39.0,22.9,23.0,24,0.0,0.0,42.6,40.0,46.4,49.0,28.0,28.0,41.0,41.0,46,10.1,11
1.0,0.25,1.0,Nebraska,36.6,32,55,32.0,49.9,50.0,51,0.0,0.0,50.6,54.0,56.4,55.0,73.3,64.0,5.6,6.0,7,4.0,5
2.0,0.25,1.0,Nebraska,36.6,32,55,32.0,52.7,52.5,54,0.0,0.0,52.0,54.0,56.6,55.0,67.0,64.0,8.0,8.0,9,4.3,5
1.0,0.25,0.5,Nebraska,36.6,32,55,32.0,44.0,44.0,46,0.0,0.0,51.8,54.0,56.5,55.0,76.0,64.0,3.9,4.0,6,4.7,6
1.0,0.1,2.0,Colorado,36.7,30,39,39.0,20.9,21.0,24,0.0,0.0,44.8,49.0,47.5,51.0,28.0,28.0,48.0,48.0,50,11.6,14
1.0,0.25,0.5,Oklahoma,36.8,34,48,34.0,36.0,36.5,38,0.0,0.0,46.6,45.0,50.4,48.0,28.0,28.0,11.1,11.0,16,5.9,9
1.0,0.25,1.0,Oklahoma,36.8,34,48,34.0,41.5,42.0,44,0.0,0.0,46.6,45.0,50.4,48.0,28.0,28.0,11.6,11.5,14,7.6,11
2.0,0.25,1.0,Oklahoma,36.8,34,48,34.0,40.6,41.0,44,0.0,0.0,46.6,45.0,51.2,48.0,28.0,28.0,17.1,17.0,22,12.9,15
0.5,0.25,0.5,Kansas,36.9,29,45,36.5,37.0,36.5,41,1.1,3.0,44.2,45.0,47.7,48.0,28.0,28.0,19.9,20.5,25,15.5,19
0.5,0.1,2.0,Colorado,37.0,30,39,38.0,20.0,20.0,22,0.0,0.0,44.4,48.0,47.3,51.0,28.0,28.0,42.1,41.5,47,12.3,14
2.0,0.25,1.0,New Mexico,37.2,36,39,37.0,13.4,13.0,14,1.2,2.0,45.4,49.0,58.0,60.0,28.0,28.0,25.7,24.5,32,3.6,4
0.5,0.25,2.0,Colorado,37.2,30,39,39.0,21.1,21.0,22,0.0,0.0,46.2,49.0,48.0,51.0,28.0,28.0,38.5,38.0,42,11.9,13
1.0,0.25,0.5,New Mexico,37.4,36,43,37.0,12.7,12.5,14,0.8,2.0,44.2,46.0,57.4,60.0,28.0,28.0,25.4,25.0,29,3.7,4
1.0,0.25,1.0,New Mexico,37.5,36,43,37.0,13.0,13.0,14,1.4,2.0,47.2,49.0,59.9,60.0,28.0,28.0,25.0,25.5,28,3.7,4
0.5,0.1,0.5,Colorado,37.6,30,39,39.0,18.7,18.0,22,0.0,0.0,45.6,49.0,47.5,51.0,28.0,28.0,33.1,33.5,37,8.8,10
1.0,0.1,1.0,Colorado,37.6,30,39,39.0,19.7,19.5,23,0.1,1.0,46.0,49.0,48.8,51.0,28.0,28.0,43.5,43.5,47,12.8,15
0.5,0.1,1.0,Colorado,37.8,36,39,38.0,20.5,20.0,23,0.0,0.0,44.0,43.0,47.6,49.0,28.0,28.0,38.5,37.5,45,10.4,13
2.0,0.1,0.5,Colorado,37.9,30,39,39.0,21.1,21.0,23,0.1,1.0,45.8,49.0,48.4,51.0,28.0,28.0,46.2,47.0,50,11.6,13
1.0,0.05,2.0,Colorado,37.9,30,39,39.0,19.9,20.0,21,0.0,0.0,47.2,49.0,49.1,51.0,28.0,28.0,48.8,50.5,55,12.2,15
0.5,0.05,2.0,Colorado,37.9,30,39,39.0,19.4,19.5,21,0.0,0.0,47.8,49.0,50.1,51.0,28.0,28.0,40.9,41.0,48,12.2,14
1.0,0.25,2.0,New Mexico,38.2,36,43,37.0,13.5,13.5,14,1.0,2.0,46.6,49.0,57.9,60.0,28.0,28.0,24.1,25.0,27,3.5,4
0.5,0.25,1.0,Kansas,38.3,29,45,44.0,43.8,43.5,47,1.0,3.0,44.4,45.0,47.4,48.0,28.0,28.0,21.6,22.0,27,17.5,21
1.0,0.1,0.5,Colorado,38.4,37,39,39.0,19.1,20.0,21,0.0,0.0,45.3,49.0,48.2,51.0,28.0,28.0,38.0,38.0,42,12.2,14
2.0,0.1,1.0,Colorado,38.5,36,39,39.0,21.9,22.0,24,0.0,0.0,46.1,49.0,49.6,51.0,28.0,28.0,45.0,44.0,50,11.0,13
2.0,0.05,1.0,Colorado,38.5,36,39,39.0,21.2,21.0,24,0.0,0.0,47.6,49.0,50.4,51.0,28.0,28.0,46.4,46.0,50,11.5,13
2.0,0.1,2.0,Colorado,38.5,36,39,39.0,21.3,21.5,23,0.0,0.0,47.4,49.0,50.2,51.0,28.0,28.0,43.7,45.0,47,11.7,13
1.0,0.25,1.0,Wyoming,38.6,33,61,33.0,12.4,12.0,13,0.0,0.0,58.1,68.0,65.9,73.0,52.2,42.0,3.1,3.0,4,0.6,1
0.5,0.25,0.5,New Mexico,38.6,36,43,37.0,8.7,9.0,10,1.0,2.0,47.8,49.0,57.4,59.5,28.0,28.0,23.3,24.0,25,3.5,4
1.0,0.05,1.0,Colorado,38.6,37,39,39.0,18.7,19.0,22,0.0,0.0,47.8,49.0,49.8,51.0,28.0,28.0,43.5,43.0,50,12.5,14
2.0,0.25,0.5,Kansas,38.6,29,45,45.0,50.1,51.0,54,0.8,3.0,44.7,46.0,47.8,48.0,28.0,28.0,27.7,28.0,31,21.8,28
0.5,0.25,1.0,New Mexico,38.7,36,43,37.0,11.1,11.5,12,0.6,2.0,46.0,49.0,55.3,59.0,28.0,28.0,24.8,25.0,28,4.3,5
2.0,0.25,1.0,Wyoming,39.4,33,65,33.0,12.5,12.5,13,0.0,0.0,61.3,68.0,72.5,73.0,52.2,42.0,3.1,3.0,4,0.5,1
1.0,0.25,0.5,Wyoming,39.4,33,65,33.0,12.3,12.0,13,0.0,0.0,61.3,68.0,68.1,73.0,52.2,42.0,3.0,3.0,4,0.7,1
0.5,0.05,1.0,Colorado,39.7,36,51,39.0,19.3,19.5,22,0.0,0.0,48.2,50.0,51.0,52.0,28.0,28.0,36.8,37.0,44,10.6,13
2.0,0.25,0.5,New Mexico,39.8,36,43,40.0,13.7,14.0,14,0.6,2.0,46.6,49.0,56.2,59.0,28.0,28.0,24.5,24.5,28,3.3,4
2.0,0.25,2.0,New Mexico,40.0,37,43,39.0,13.9,14.0,14,0.2,2.0,44.8,46.0,55.5,58.0,28.0,28.0,24.7,25.0,28,3.1,4
2.0,0.25,2.0,Kansas,40.0,29,45,44.5,52.2,53.0,56,0.9,3.0,45.6,45.5,47.3,48.0,28.0,28.0,34.0,34.5,37,22.4,26
0.5,0.05,0.5,Colorado,40.2,39,51,39.0,16.3,16.5,19,0.0,0.0,50.0,49.0,52.2,51.0,28.0,28.0,31.9,32.0,39,9.1,11
2.0,0.05,2.0,Colorado,40.5,36,51,39.0,20.6,21.0,22,0.0,0.0,45.7,49.0,48.6,51.0,28.0,28.0,49.0,49.0,52,12.4,14
0.5,0.25,2.0,New Mexico,40.6,37,43,43.0,13.8,14.0,14,0.4,2.0,47.8,49.0,57.0,59.0,28.0,28.0,25.1,25.0,28,3.2,4
0.5,0.1,2.0,New Mexico,40.6,37,43,43.0,13.0,13.0,14,1.0,2.0,50.4,49.0,63.4,59.5,28.0,28.0,23.2,23.0,28,3.5,4
1.0,0.1,0.5,New Mexico,40.8,37,43,43.0,13.1,13.0,14,0.9,2.0,51.9,49.0,63.4,61.0,28.0,28.0,21.0,21.0,24,3.5,4
1.0,0.25,1.0,Arizona,41.0,41,41,41.0,8.9,9.0,10,0.0,0.0,55.9,58.0,58.4,62.0,28.0,28.0,6.3,6.0,8,2.1,3
1.0,0.25,0.5,Arizona,41.0,41,41,41.0,8.3,8.0,10,0.0,0.0,57.2,58.0,60.2,62.0,28.0,28.0,6.4,6.0,9,2.7,3
2.0,0.25,0.5,Arizona,41.0,41,41,41.0,8.3,8.0,10,0.0,0.0,56.4,58.0,60.2,62.0,28.0,28.0,5.5,5.5,7,2.7,4
2.0,0.25,2.0,Arizona,41.0,41,41,41.0,8.1,8.0,9,0.0,0.0,56.4,58.0,60.0,62.0,28.0,28.0,5.0,5.0,7,2.9,4
0.5,0.25,0.5,Oklahoma,41.0,34,48,41.0,24.4,24.5,27,0.0,0.0,47.5,47.5,49.9,49.5,28.0,28.0,8.0,8.5,9,3.0,4
2.0,0.25,0.5,Oklahoma,41.0,34,48,41.0,40.2,40.0,45,0.0,0.0,48.2,49.0,53.3,50.5,28.0,28.0,15.8,16.0,18,11.1,13
2.0,0.05,0.5,Colorado,41.0,37,51,39.0,20.6,20.5,23,0.0,0.0,49.0,49.0,50.8,51.0,28.0,28.0,48.1,48.0,54,11.5,14
1.0,0.05,0.5,Colorado,41.0,37,51,39.0,17.3,17.0,20,0.0,0.0,49.6,51.0,51.8,53.0,28.0,28.0,37.9,36.5,47,12.3,14
ALL,ALL,ALL,Colorado,41.080555555555556,30,95,39.0,19.002777777777776,20.0,26,0.12777777777777777,7.0,50.40555555555556,49.0,55.40555555555556,51.0,29.53611111111111,28.0,40.583333333333336,41.0,55,10.847222222222221,17
0.5,0.1,0.5,New Mexico,41.2,37,49,43.0,8.9,9.0,10,0.8,2.0,50.4,49.0,61.3,59.5,28.0,28.0,20.9,21.5,25,3.6,4
0.5,0.1,1.0,New Mexico,41.2,37,49,43.0,11.2,11.0,13,0.6,2.0,49.0,49.0,62.3,64.0,28.0,28.0,22.2,23.0,28,4.2,5
1.0,0.25,2.0,Nebraska,41.2,32,55,32.0,51.2,51.0,52,0.0,0.0,52.4,55.0,58.3,56.0,70.6,64.0,8.9,9.0,11,4.3,5
2.0,0.1,0.5,New Mexico,41.3,36,43,43.0,13.8,14.0,14,0.4,2.0,48.4,49.0,60.8,59.0,28.0,28.0,23.3,23.0,25,3.2,4
1.0,0.1,2.0,New Mexico,41.4,37,49,43.0,13.2,13.0,14,1.4,4.0,53.8,51.0,66.8,60.0,28.0,28.0,23.9,24.5,30,3.7,5
2.0,0.05,2.0,New Mexico,41.5,37,49,43.0,13.6,14.0,14,0.4,2.0,50.6,49.0,64.3,64.0,28.0,28.0,22.0,21.0,27,3.4,4
1.0,0.25,0.5,South Dakota,41.5,36,55,39.0,43.2,43.0,46,0.0,0.0,46.2,45.5,49.0,49.5,61.6,64.0,16.9,17.0,19,6.3,9
0.5,0.25,2.0,Kansas,41.6,29,45,45.0,49.6,50.0,53,0.6,3.0,46.1,46.0,48.1,48.0,28.0,28.0,24.2,24.5,26,18.2,23
1.0,0.25,2.0,Arizona,41.7,41,48,41.0,8.5,9.0,9,0.0,0.0,55.7,58.0,59.6,62.0,28.0,28.0,6.4,7.0,8,2.5,4
1.0,0.1,2.0,Kansas,41.7,29,45,45.0,51.7,53.0,59,0.6,3.0,47.4,48.0,50.2,50.0,28.0,28.0,24.9,25.0,29,19.8,26
1.0,0.25,1.0,South Dakota,41.9,36,55,40.5,44.9,45.0,48,0.0,0.0,46.1,44.0,48.7,49.0,58.7,60.5,17.8,17.5,22,6.6,8
2.0,0.1,1.0,New Mexico,42.0,37,43,43.0,13.5,13.5,14,0.3,2.0,49.4,49.0,60.2,59.0,28.0,28.0,22.3,22.0,28,3.2,4
1.0,0.1,1.0,New Mexico,42.3,36,49,43.0,13.4,13.0,14,0.4,2.0,49.4,49.0,61.5,59.5,28.0,28.0,22.7,21.5,28,3.2,4
0.5,0.25,1.0,Oklahoma,42.4,34,48,48.0,30.7,30.5,33,0.0,0.0,48.0,50.0,51.6,51.0,28.0,28.0,12.0,12.5,15,5.6,7
0.5,0.25,1.0,Arizona,42.7,41,58,41.0,7.7,8.0,9,0.0,0.0,56.7,58.0,60.2,62.0,28.0,28.0,6.2,6.5,8,3.3,4
0.5,0.1,0.5,Kansas,43.2,29,45,45.0,34.9,34.5,38,0.3,3.0,47.4,48.0,49.7,50.0,28.0,28.0,16.1,16.0,19,12.1,17
2.0,0.25,1.0,Minnesota,43.2,41,46,43.0,39.7,39.0,45,0.0,0.0,45.8,45.0,46.6,45.0,50.2,48.0,51.2,51.5,56,38.6,43
0.5,0.25,0.5,Arizona,43.3,41,57,41.0,8.3,8.0,10,0.0,0.0,54.6,56.5,58.4,61.0,28.0,28.0,3.7,4.0,5,2.7,4
1.0,0.25,1.0,Iowa,43.3,37,50,44.0,27.3,29.0,32,1.8,8.0,47.5,47.0,50.9,50.0,28.0,28.0,105.0,103.0,114,59.7,67
2.0,0.25,1.0,South Dakota,43.4,36,55,42.0,46.0,46.5,49,0.0,0.0,47.9,49.0,49.8,49.0,62.2,64.0,18.2,19.0,20,7.8,10
0.5,0.05,2.0,Kansas,43.4,29,45,45.0,49.8,49.5,55,0.3,3.0,48.8,48.0,52.0,51.0,28.0,28.0,21.9,21.0,27,17.0,21
0.5,0.1,2.0,Kansas,43.4,29,45,45.0,50.3,50.0,54,0.3,3.0,47.1,48.0,49.6,50.0,28.0,28.0,24.9,25.0,27,18.2,22
1.0,0.1,1.0,Kansas,43.4,29,45,45.0,51.3,52.0,55,0.1,1.0,47.2,48.0,50.2,51.0,28.0,28.0,23.8,23.5,34,18.6,22
1.0,0.05,2.0,Kansas,43.4,29,45,45.0,51.6,52.0,59,0.3,3.0,48.7,48.0,52.0,51.0,28.0,28.0,23.5,23.0,28,19.7,28
2.0,0.1,0.5,Kansas,43.4,29,45,45.0,51.3,51.5,53,0.1,1.0,46.7,48.0,49.6,50.0,28.0,28.0,25.7,26.0,31,20.0,23
0.5,0.25,0.5,Nebraska,43.5,32,55,43.5,29.5,29.0,32,0.0,0.0,52.4,55.0,59.0,59.0,82.4,64.0,1.7,2.0,3,3.1,4
2.0,0.25,0.5,Nebraska,43.5,32,55,43.5,51.3,51.5,52,0.0,0.0,52.4,55.0,60.1,59.0,76.5,64.0,9.2,9.0,11,4.6,6
1.0,0.25,1.0,Minnesota,43.5,40,52,43.0,39.8,39.5,43,0.0,0.0,45.7,45.0,46.3,45.0,49.6,48.0,51.2,51.0,58,38.1,43
1.0,0.05,2.0,New Mexico,43.6,37,55,43.0,13.7,14.0,15,0.4,2.0,52.6,49.0,68.5,64.0,28.0,28.0,22.5,23.5,29,3.0,4
2.0,0.1,2.0,New Mexico,43.6,37,49,43.0,13.6,14.0,14,0.7,3.0,53.9,51.0,62.3,59.0,28.0,28.0,20.9,21.5,24,3.4,5
0.5,0.1,0.5,Oklahoma,43.8,34,48,48.0,21.3,21.0,24,0.0,0.0,50.7,50.0,58.9,63.0,30.4,28.0,7.6,7.0,10,2.7,4
0.5,0.1,2.0,Oklahoma,43.8,34,48,48.0,36.2,36.0,39,0.0,0.0,51.7,50.0,59.6,64.0,28.0,28.0,10.6,10.0,14,7.1,8
2.0,0.05,2.0,Oklahoma,43.8,34,48,48.0,38.1,38.0,40,0.0,0.0,57.1,51.5,70.6,71.0,28.0,28.0,19.3,19.0,23,11.2,14
2.0,0.25,2.0,Oklahoma,43.8,34,48,48.0,41.2,41.5,44,0.0,0.0,48.6,50.0,53.0,51.0,28.0,28.0,18.8,18.5,22,12.8,15
1.0,0.25,0.5,Iowa,43.9,37,50,44.0,27.5,28.5,31,1.1,9.0,47.3,47.0,50.7,50.0,28.0,28.0,103.9,103.0,113,58.7,67
1.0,0.25,2.0,Oklahoma,44.0,34,48,45.0,39.7,40.0,42,0.0,0.0,48.2,48.0,50.4,50.0,28.0,28.0,13.7,14.0,17,12.0,14
0.5,0.25,0.5,Florida,44.0,44,44,44.0,7.6,7.5,9,11.9,18.0,60.8,66.0,71.0,74.0,28.0,28.0,37.3,38.0,43,23.4,25
0.5,0.25,1.0,Florida,44.0,44,44,44.0,8.8,8.5,11,14.2,18.0,62.8,66.0,71.8,74.0,28.0,28.0,47.4,47.0,53,24.5,26
1.0,0.25,0.5,Florida,44.0,44,44,44.0,8.7,8.0,12,15.8,18.0,64.7,66.0,73.2,74.0,28.0,28.0,49.1,49.0,54,25.0,26
1.0,0.25,1.0,Florida,44.0,44,44,44.0,9.8,10.0,12,13.6,18.0,62.8,66.0,70.8,74.0,28.0,28.0,58.4,59.0,65,25.5,27
1.0,0.25,2.0,Florida,44.0,44,44,44.0,10.5,11.0,12,13.1,18.0,61.8,66.0,71.8,74.0,28.0,28.0,64.2,64.5,70,25.6,27
0.5,0.25,2.0,Florida,44.0,44,44,44.0,9.2,9.0,11,14.0,17.0,62.8,66.0,73.3,74.0,28.0,28.0,55.1,56.0,59,25.7,28
2.0,0.25,0.5,Florida,44.0,44,44,44.0,9.0,9.0,11,14.4,18.0,62.8,66.0,75.7,74.0,28.0,28.0,63.7,65.0,70,26.3,28
2.0,0.25,1.0,Florida,44.0,44,44,44.0,9.2,9.0,10,12.9,18.0,61.8,66.0,71.9,74.0,28.0,28.0,63.2,63.0,67,26.8,29
2.0,0.25,2.0,Florida,44.0,44,44,44.0,8.3,8.0,10,14.3,18.0,62.8,66.0,78.8,74.0,28.0,28.0,68.1,66.5,80,27.5,28
2.0,0.25,1.0,Iowa,44.0,38,50,44.0,28.3,28.5,32,3.0,17.0,49.4,49.0,51.8,50.5,28.0,28.0,109.0,109.0,116,60.0,66
2.0,0.25,1.0,Arizona,44.1,41,58,41.0,8.6,9.0,10,0.0,0.0,54.8,57.5,57.0,60.0,28.0,28.0,5.6,6.0,7,2.4,4
0.5,0.25,0.5,South Dakota,44.1,36,55,42.0,35.9,36.0,38,0.0,0.0,48.3,48.0,51.4,52.0,61.9,64.0,14.4,14.5,16,3.8,6
0.5,0.05,2.0,New Mexico,44.2,37,55,43.0,12.9,13.0,15,0.7,3.0,53.6,51.0,73.6,64.0,28.0,28.0,21.3,21.5,26,3.3,5
1.0,0.25,0.5,Minnesota,44.3,40,52,43.0,39.3,39.5,41,0.0,0.0,46.3,45.0,46.5,45.0,49.6,48.0,49.1,50.0,53,37.7,41
1.0,0.25,2.0,South Dakota,44.5,36,55,42.0,45.1,45.5,48,0.0,0.0,48.6,49.0,51.1,50.0,62.4,64.0,16.8,17.0,20,8.0,11
0.5,0.1,1.0,Kansas,44.8,44,45,45.0,43.8,44.0,48,0.0,0.0,47.8,48.0,50.6,50.5,28.0,28.0,16.9,16.0,21,16.1,18
2.0,0.05,2.0,Kansas,44.8,44,45,45.0,52.8,52.5,56,0.0,0.0,48.7,48.0,51.4,51.0,28.0,28.0,33.4,32.5,43,19.3,22
ALL,ALL,ALL,Kansas,44.891666666666666,29,80,45.0,46.077777777777776,48.0,59,0.3388888888888889,3.0,51.394444444444446,48.0,55.75277777777778,51.0,33.21944444444444,28.0,23.26388888888889,23.0,43,16.958333333333332,28
0.5,0.05,0.5,Kansas,44.9,44,45,45.0,32.8,32.5,36,0.0,0.0,49.6,48.0,52.8,51.0,28.0,28.0,15.6,16.5,20,11.7,15
1.0,0.1,2.0,Oklahoma,44.9,34,48,48.0,37.8,37.5,41,0.0,0.0,53.3,50.0,61.2,66.5,28.0,28.0,12.8,13.5,15,12.4,15
0.5,0.05,1.0,Kansas,44.9,44,45,45.0,43.3,43.0,47,0.0,0.0,49.1,49.0,52.5,51.5,28.0,28.0,14.6,15.0,19,14.4,17
2.0,0.1,1.0,Kansas,44.9,44,45,45.0,51.0,51.0,52,0.0,0.0,47.5,48.0,50.0,50.0,28.0,28.0,31.1,31.5,35,21.2,24
1.0,0.25,2.0,Wyoming,45.0,33,65,33.0,12.4,12.0,13,0.0,0.0,61.0,68.0,67.6,73.0,62.4,42.0,2.7,3.0,4,0.6,1
0.5,0.25,2.0,Georgia,45.0,45,45,45.0,54.5,54.0,57,0.0,0.0,51.0,51.0,52.2,51.0,38.6,28.0,6.0,6.0,8,3.7,5
0.5,0.25,1.0,Georgia,45.0,45,45,45.0,48.4,48.5,51,0.0,0.0,51.0,51.0,51.5,51.0,28.0,28.0,7.0,7.0,9,4.1,6
0.5,0.25,0.5,Georgia,45.0,45,45,45.0,37.9,38.0,42,0.0,0.0,51.5,51.0,52.4,51.0,28.0,28.0,6.4,6.5,9,4.5,8
1.0,0.25,0.5,Georgia,45.0,45,45,45.0,49.3,49.5,52,0.0,0.0,51.0,51.0,52.0,51.0,28.0,28.0,6.4,7.0,8,4.6,7
1.0,0.25,1.0,Georgia,45.0,45,45,45.0,53.1,52.5,58,0.0,0.0,51.0,51.0,52.4,51.0,43.6,28.0,5.8,5.5,8,4.6,6
1.0,0.25,2.0,Georgia,45.0,45,45,45.0,56.4,56.0,59,0.0,0.0,51.0,51.0,52.4,51.0,28.0,28.0,7.8,8.0,10,5.4,8
2.0,0.25,2.0,Georgia,45.0,45,45,45.0,59.5,59.5,61,0.0,0.0,51.0,51.0,52.3,52.0,28.0,28.0,8.1,8.0,10,6.0,7
2.0,0.25,1.0,Georgia,45.0,45,45,45.0,57.1,57.0,61,0.0,0.0,51.0,51.0,53.8,53.0,28.0,28.0,7.9,8.0,10,6.4,11
1.0,0.05,0.5,Kansas,45.0,45,45,45.0,42.9,42.5,47,0.0,0.0,49.2,48.0,53.4,51.0,28.0,28.0,20.9,22.0,26,16.9,20
1.0,0.05,1.0,Kansas,45.0,45,45,45.0,51.3,51.5,56,0.0,0.0,49.4,48.0,52.3,51.0,28.0,28.0,23.9,25.0,28,17.3,22
1.0,0.1,0.5,Kansas,45.0,45,45,45.0,44.5,44.5,49,0.0,0.0,48.2,48.0,50.3,50.0,28.0,28.0,21.0,21.0,24,17.4,22
2.0,0.05,0.5,Kansas,45.0,45,45,45.0,51.7,52.0,55,0.0,0.0,49.1,48.0,52.0,51.0,28.0,28.0,22.9,23.0,29,19.3,24
2.0,0.05,1.0,Kansas,45.0,45,45,45.0,52.1,51.5,56,0.0,0.0,48.7,48.0,50.8,51.0,28.0,28.0,29.0,28.5,40,19.5,23
2.0,0.1,2.0,Kansas,45.0,45,45,45.0,52.9,52.0,59,0.0,0.0,48.0,48.0,50.4,50.0,28.0,28.0,33.7,34.5,38,20.1,24
1.0,0.25,2.0,Iowa,45.0,37,50,44.0,28.0,29.0,33,0.0,0.0,46.8,47.0,51.6,50.0,28.0,28.0,110.2,108.0,126,60.5,68
1.0,0.05,0.5,New Mexico,45.2,37,55,43.0,12.9,13.0,15,1.2,3.0,59.5,61.0,67.6,69.0,28.0,28.0,16.7,17.0,23,3.4,4
0.5,0.05,1.0,New Mexico,45.2,37,53,43.0,11.6,11.0,14,0.4,2.0,51.4,49.0,62.5,61.5,28.0,28.0,17.3,18.0,21,3.6,5
0.5,0.1,1.0,Oklahoma,45.2,34,48,48.0,28.2,28.0,30,0.0,0.0,55.0,50.0,62.6,65.5,28.0,28.0,8.2,8.5,10,4.9,7
1.0,0.1,0.5,Oklahoma,45.2,34,48,48.0,31.6,31.5,35,0.0,0.0,54.6,50.0,63.2,65.5,28.0,28.0,10.5,11.0,13,6.2,7
0.5,0.25,2.0,Oklahoma,45.2,34,48,48.0,41.1,41.5,43,0.0,0.0,49.0,50.0,54.2,53.0,28.0,28.0,12.9,13.0,19,7.0,8
ALL,ALL,ALL,New Mexico,45.31388888888889,36,70,43.0,12.494444444444444,13.0,15,0.6944444444444444,4.0,54.93055555555556,49.0,69.93055555555556,64.0,28.0,28.0,20.22222222222222,21.0,32,3.3444444444444446,5
2.0,0.05,0.5,New Mexico,45.4,39,55,43.0,13.3,13.5,14,0.7,2.0,54.1,52.0,64.3,64.0,28.0,28.0,19.6,19.5,23,3.3,4
1.0,0.25,1.0,Wisconsin,45.4,40,57,42.0,34.0,34.0,39,0.1,1.0,50.9,50.5,52.7,51.0,28.0,28.0,87.7,89.5,99,29.0,33
1.0,0.25,2.0,Minnesota,45.4,40,52,43.0,40.1,39.5,45,0.0,0.0,47.7,45.0,48.4,45.0,51.0,48.0,50.5,50.5,58,38.8,42
0.5,0.25,2.0,Arizona,45.5,41,58,41.0,8.0,8.0,9,0.0,0.0,56.7,58.0,60.6,62.0,28.0,28.0,6.0,5.5,8,3.0,4
2.0,0.05,1.0,New Mexico,45.6,37,55,43.0,13.3,13.5,15,1.0,2.0,54.7,53.0,64.2,63.5,28.0,28.0,20.6,21.0,25,3.4,4
2.0,0.25,0.5,Georgia,45.6,45,51,45.0,55.3,55.0,59,0.0,0.0,51.0,51.0,51.2,51.0,28.0,28.0,6.6,7.0,8,4.9,6
0.5,0.25,1.0,South Dakota,45.6,36,55,45.0,41.3,41.5,43,0.0,0.0,50.0,54.5,51.8,55.5,61.3,64.0,15.9,15.5,18,5.8,9
0.5,0.25,0.5,Iowa,45.6,37,50,47.0,25.1,25.0,31,0.1,1.0,47.3,49.5,52.4,53.0,28.0,28.0,96.6,96.5,107,53.7,62
2.0,0.25,0.5,Iowa,45.6,37,50,47.0,28.5,30.0,34,0.3,1.0,47.6,50.5,52.5,53.5,28.0,28.0,107.3,105.0,125,59.1,65
0.5,0.25,1.0,Nebraska,45.8,32,55,55.0,38.1,38.0,39,0.0,0.0,53.9,56.0,62.1,63.0,68.6,64.0,3.5,3.0,7,2.7,4
0.5,0.1,0.5,Illinois,46.0,46,46,46.0,39.1,39.0,43,0.0,0.0,59.6,55.0,67.6,64.0,72.9,64.0,6.1,6.0,10,2.2,4
0.5,0.25,0.5,Illinois,46.0,46,46,46.0,41.8,42.0,45,0.0,0.0,55.0,55.0,61.1,60.5,66.9,64.0,7.2,8.0,10,2.8,4
0.5,0.05,0.5,New Mexico,46.0,43,55,43.0,8.9,9.0,10,0.4,2.0,54.1,53.0,64.0,64.0,28.0,28.0,16.8,15.5,25,3.4,4
0.5,0.05,1.0,Illinois,46.0,46,46,46.0,46.4,46.0,51,0.0,0.0,67.5,64.0,75.0,73.5,108.8,106.0,7.4,7.0,12,4.3,6
0.5,0.1,1.0,Illinois,46.0,46,46,46.0,48.9,49.5,52,0.0,0.0,62.4,59.5,71.0,73.0,75.2,70.5,10.8,11.5,13,5.1,7
0.5,0.25,1.0,Illinois,46.0,46,46,46.0,51.9,52.0,54,0.0,0.0,54.4,55.0,62.0,63.0,64.7,64.0,12.5,13.0,15,5.7,8
0.5,0.25,2.0,Illinois,46.0,46,46,46.0,56.9,57.0,61,0.0,0.0,55.9,55.0,63.6,63.5,65.5,64.0,15.9,16.0,18,5.7,7
1.0,0.25,0.5,Illinois,46.0,46,46,46.0,54.2,54.5,58,0.0,0.0,54.6,55.0,59.2,58.0,69.7,67.5,12.8,13.0,17,6.4,10
1.0,0.1,0.5,Illinois,46.0,46,46,46.0,50.6,51.0,55,0.0,0.0,62.3,63.0,68.4,65.5,79.6,79.0,12.7,12.5,16,6.8,10
1.0,0.05,1.0,Illinois,46.0,46,46,46.0,50.1,50.5,54,0.0,0.0,66.6,64.0,71.7,73.0,89.1,89.0,12.5,12.0,17,7.3,9
1.0,0.1,1.0,Illinois,46.0,46,46,46.0,53.8,53.0,59,0.0,0.0,63.4,64.0,68.9,67.0,79.0,83.5,14.2,15.0,18,7.3,10
0.5,0.05,2.0,Illinois,46.0,46,46,46.0,49.7,50.0,52,0.0,0.0,64.7,64.0,73.2,74.5,86.3,89.0,13.3,13.0,22,7.4,9
0.5,0.1,2.0,Illinois,46.0,46,46,46.0,52.5,52.0,55,0.0,0.0,61.2,63.5,68.6,68.5,77.3,83.0,13.3,13.0,17,7.7,11
1.0,0.25,1.0,Illinois,46.0,46,46,46.0,57.3,57.5,60,0.0,0.0,53.5,55.0,58.7,58.0,65.7,66.0,15.6,15.5,18,7.9,11
1.0,0.05,2.0,Illinois,46.0,46,46,46.0,50.9,51.0,55,0.0,0.0,66.6,65.5,75.3,75.0,77.9,88.0,15.0,15.0,20,9.4,14
2.0,0.05,0.5,Illinois,46.0,46,46,46.0,50.3,50.5,53,0.0,0.0,63.8,64.0,72.0,73.0,91.4,89.0,14.4,15.0,16,9.6,15
2.0,0.05,2.0,Illinois,46.0,46,46,46.0,52.5,52.0,57,0.0,0.0,71.0,70.0,75.8,77.0,113.2,91.0,14.8,15.0,19,9.6,12
2.0,0.05,1.0,Illinois,46.0,46,46,46.0,51.2,51.0,55,0.0,0.0,67.4,64.0,75.3,76.0,97.3,91.0,14.5,15.0,19,10.0,12
1.0,0.25,2.0,Illinois,46.0,46,46,46.0,57.3,58.0,64,0.0,0.0,54.4,55.0,60.0,60.5,67.7,64.0,16.9,16.5,21,10.3,16
2.0,0.1,0.5,Illinois,46.0,46,46,46.0,51.1,51.0,54,0.0,0.0,60.9,59.0,67.9,64.0,76.6,77.0,15.4,15.0,18,10.6,13
2.0,0.25,0.5,Illinois,46.0,46,46,46.0,54.6,54.0,60,0.0,0.0,54.4,55.0,60.5,60.5,64.1,64.0,17.0,17.0,23,10.8,14
1.0,0.1,2.0,Illinois,46.0,46,46,46.0,53.4,53.0,58,0.0,0.0,60.5,63.0,68.1,65.5,80.9,87.0,14.9,14.5,20,10.8,15
2.0,0.1,1.0,Illinois,46.0,46,46,46.0,52.8,53.0,55,0.0,0.0,61.6,60.5,67.9,64.0,80.4,79.0,16.3,17.0,21,11.0,13
2.0,0.1,2.0,Illinois,46.0,46,46,46.0,52.0,52.0,57,0.0,0.0,58.0,55.0,66.6,64.0,71.2,64.0,16.0,15.5,20,12.0,16
2.0,0.25,2.0,Illinois,46.0,46,46,46.0,54.9,55.5,57,0.0,0.0,55.9,55.0,60.5,58.0,65.6,64.0,18.8,18.5,23,12.1,16
2.0,0.25,1.0,Illinois,46.0,46,46,46.0,53.2,52.5,60,0.0,0.0,55.5,55.0,60.5,60.5,71.4,66.0,16.0,16.0,18,13.5,19
1.0,0.05,1.0,New Mexico,46.1,38,55,43.0,13.4,13.0,15,0.8,2.0,55.3,56.0,66.3,64.0,28.0,28.0,20.1,19.0,26,3.2,4
0.5,0.1,0.5,Florida,46.2,44,66,44.0,7.7,8.0,10,9.8,17.0,62.4,66.0,70.0,74.0,33.8,28.0,33.9,34.5,37,21.9,23
0.5,0.1,2.0,Florida,46.2,44,66,44.0,9.7,10.0,12,13.3,17.0,65.0,66.0,74.7,72.0,33.8,28.0,54.3,52.5,63,24.5,27
1.0,0.1,2.0,Florida,46.2,44,66,44.0,9.0,9.0,11,10.0,17.0,64.0,66.0,74.6,72.0,28.0,28.0,63.5,63.0,70,25.5,27
2.0,0.1,1.0,Florida,46.2,44,66,44.0,9.4,9.0,12,11.8,18.0,63.4,66.0,78.4,74.0,28.0,28.0,63.8,64.0,70,25.8,28
2.0,0.25,1.0,Wisconsin,46.2,42,51,48.0,36.6,37.0,40,0.0,0.0,51.5,51.0,53.0,51.0,28.0,28.0,82.6,83.5,91,26.7,32
2.0,0.1,2.0,Florida,46.2,44,66,44.0,7.4,7.5,10,13.0,17.0,64.4,66.0,82.7,74.0,28.0,28.0,71.1,72.0,77,26.9,29
2.0,0.25,0.5,South Dakota,46.3,36,55,45.5,44.6,44.5,47,0.0,0.0,49.9,52.0,51.5,53.0,60.8,64.0,16.7,16.5,22,6.4,9
1.0,0.1,1.0,Oklahoma,46.3,34,48,48.0,37.4,38.0,40,0.0,0.0,53.0,50.0,63.7,65.0,28.0,28.0,10.2,10.0,13,7.4,12
2.0,0.1,0.5,Oklahoma,46.5,34,50,48.0,39.8,40.0,43,0.0,0.0,50.3,50.0,59.7,59.5,28.0,28.0,12.6,12.5,19,9.0,12
2.0,0.1,1.0,Oklahoma,46.6,34,48,48.0,39.6,39.0,42,0.0,0.0,56.0,50.0,62.6,66.5,28.0,28.0,16.5,16.0,22,11.0,14
1.0,0.25,2.0,Wisconsin,46.7,40,57,42.0,35.2,35.0,40,0.4,1.0,52.4,51.0,53.9,51.0,28.0,28.0,84.2,87.5,99,28.1,33
0.5,0.01,0.5,Colorado,46.8,39,53,51.0,9.5,10.0,13,0.0,0.0,62.1,57.5,80.4,75.0,35.6,28.0,21.9,21.0,31,7.5,11
2.0,0.1,2.0,Oklahoma,46.8,34,50,48.0,40.8,41.0,43,0.0,0.0,56.9,54.0,63.8,65.0,28.0,28.0,18.9,18.5,24,11.2,13
0.5,0.25,0.5,Minnesota,46.9,40,52,47.5,36.8,37.0,40,0.0,0.0,49.0,49.5,49.4,50.0,51.6,52.0,42.6,44.5,48,34.2,38
2.0,0.25,0.5,Minnesota,46.9,40,52,47.5,39.3,39.0,45,0.0,0.0,48.9,49.5,49.4,50.0,52.3,53.5,51.1,52.5,55,38.3,42
0.5,0.25,1.0,Iowa,46.9,37,50,50.0,26.2,27.5,30,0.3,2.0,48.9,51.0,53.4,56.0,28.0,28.0,102.0,101.5,118,56.2,65
1.0,0.25,0.5,Wisconsin,47.1,40,61,42.0,36.0,36.5,42,0.0,0.0,51.7,50.5,52.6,51.0,28.0,28.0,84.9,87.5,95,26.2,32
1.0,0.25,0.5,New York,47.2,44,60,44.0,13.5,13.5,15,0.0,0.0,62.6,60.0,68.3,65.0,28.0,28.0,183.5,185.0,206,38.4,42
2.0,0.25,1.0,New York,47.2,44,60,44.0,13.6,14.0,15,0.0,0.0,61.0,60.0,66.2,65.0,28.0,28.0,190.0,191.5,206,38.4,41
1.0,0.25,1.0,New York,47.2,44,60,44.0,12.5,12.5,14,1.2,3.0,61.6,60.0,66.6,65.0,28.0,28.0,187.1,183.5,204,39.4,42
0.5,0.25,0.5,California,47.5,44,51,48.0,9.3,9.0,11,4.7,11.0,51.0,51.0,53.0,53.0,28.0,28.0,73.0,73.5,78,26.4,28
1.0,0.25,1.0,California,47.5,44,51,48.0,10.0,10.0,12,4.5,11.0,51.2,51.0,53.0,53.0,28.0,28.0,82.8,84.0,90,27.6,29
0.5,0.25,1.0,California,47.6,44,48,48.0,9.6,9.0,12,4.3,12.0,51.0,51.0,53.0,53.0,28.0,28.0,86.4,87.5,90,26.7,28
2.0,0.25,0.5,California,47.6,44,48,48.0,9.8,10.0,11,4.2,12.0,51.0,51.0,53.0,53.0,28.0,28.0,85.9,83.0,99,27.7,29
0.5,0.1,0.5,Arizona,47.7,41,60,41.0,8.0,8.0,10,0.0,0.0,57.0,58.0,58.2,61.0,28.0,28.0,3.5,4.0,4,2.9,4
2.0,0.1,1.0,Georgia,47.7,45,72,45.0,55.4,56.0,59,0.0,0.0,53.3,51.0,57.5,54.5,48.0,28.0,6.7,7.0,9,4.5,6
0.5,0.05,2.0,Oklahoma,47.7,34,57,48.0,32.8,32.5,37,0.0,0.0,62.2,66.5,68.9,70.5,28.0,28.0,8.9,9.0,13,7.1,10
2.0,0.05,1.0,Oklahoma,47.7,34,57,48.0,37.2,37.5,40,0.0,0.0,64.2,66.5,71.6,71.0,28.0,28.0,15.7,15.0,19,11.0,14
2.0,0.25,1.0,California,47.7,44,51,48.0,10.0,10.0,11,4.7,12.0,51.6,51.0,53.0,53.0,28.0,28.0,84.9,86.0,92,27.5,29
1.0,0.05,0.5,Illinois,47.8,46,64,46.0,47.3,48.0,49,0.0,0.0,68.4,65.5,74.8,75.0,86.9,87.0,10.1,10.0,16,5.5,9
0.5,0.1,0.5,Georgia,47.9,45,74,45.0,34.8,35.5,39,0.0,0.0,56.0,51.0,62.0,57.0,62.3,28.0,4.6,4.5,7,2.2,5
1.0,0.25,0.5,California,47.9,44,51,48.0,10.0,10.0,11,3.8,12.0,51.2,51.0,53.0,53.0,28.0,28.0,83.2,82.5,93,27.1,28
0.5,0.25,2.0,California,47.9,44,51,48.0,10.0,10.0,12,3.7,12.0,51.0,51.0,53.0,53.0,28.0,28.0,86.3,85.5,94,27.7,29
2.0,0.25,2.0,California,47.9,44,51,48.0,10.3,10.5,11,3.9,11.0,51.2,51.0,53.0,53.0,28.0,28.0,87.8,86.5,103,28.0,29
0.5,0.1,2.0,Arizona,48.0,41,60,41.0,7.5,7.5,8,0.0,0.0,59.7,60.0,61.6,62.0,28.0,28.0,6.3,7.0,8,3.5,4
2.0,0.25,2.0,Nebraska,48.1,32,55,55.0,54.0,54.0,55,0.0,0.0,55.4,56.0,63.6,66.0,77.5,68.0,9.1,9.0,11,4.9,6
0.5,0.1,2.0,Nebraska,48.1,32,55,55.0,44.9,45.0,47,0.0,0.0,55.6,56.0,64.4,69.0,104.6,106.0,4.0,4.0,7,5.0,7
0.5,0.25,1.0,Minnesota,48.1,40,52,52.0,38.4,37.5,44,0.0,0.0,50.4,54.0,50.7,55.0,53.1,56.0,49.2,48.5,53,38.3,42
2.0,0.1,0.5,Iowa,48.1,37,50,50.0,29.7,30.0,32,0.1,1.0,50.3,51.0,55.3,56.0,30.4,28.0,106.8,106.0,115,56.8,60
0.5,0.1,1.0,Nebraska,48.2,32,56,55.0,37.2,37.0,40,0.0,0.0,56.9,56.0,63.9,66.0,71.4,71.5,3.6,4.0,5,3.0,4
0.5,0.1,0.5,Nebraska,48.2,32,56,55.0,27.7,28.5,30,0.0,0.0,56.8,56.0,64.4,69.0,93.4,96.0,2.5,2.0,5,3.6,5
1.0,0.1,2.0,Nebraska,48.2,32,56,55.0,50.1,50.0,51,0.0,0.0,56.1,56.0,63.7,66.0,80.7,82.0,8.9,8.5,11,4.3,6
2.0,0.1,2.0,Georgia,48.2,45,71,45.0,56.2,56.0,59,0.0,0.0,53.8,51.0,56.3,55.0,36.6,28.0,7.2,7.0,10,5.3,8
1.0,0.25,2.0,California,48.2,44,51,48.0,10.0,10.0,11,3.4,12.0,51.4,51.0,53.0,53.0,28.0,28.0,85.5,84.5,97,27.8,30
2.0,0.1,2.0,California,48.2,44,51,48.0,9.1,9.0,11,3.2,11.0,51.4,51.0,53.0,53.0,28.0,28.0,87.7,87.5,96,28.5,30
0.5,0.1,2.0,Iowa,48.2,44,50,50.0,30.7,30.5,35,0.3,1.0,50.7,51.0,54.7,56.0,30.4,28.0,99.9,99.5,110,54.8,59
2.0,0.25,2.0,Iowa,48.2,44,50,50.0,29.2,29.5,34,0.1,1.0,49.8,51.0,54.2,56.0,28.0,28.0,109.7,109.0,119,59.3,63
1.0,0.1,2.0,Georgia,48.3,45,72,45.0,56.1,56.0,60,0.0,0.0,58.2,55.0,62.0,62.0,102.2,127.0,5.1,5.0,8,3.2,5
0.5,0.1,0.5,Iowa,48.3,44,51,50.0,25.9,26.0,30,0.5,2.0,52.3,51.0,55.2,56.0,28.0,28.0,91.8,92.0,100,50.5,56
1.0,0.1,0.5,Iowa,48.3,44,51,50.0,29.7,30.0,32,0.7,2.0,53.7,51.0,56.5,56.0,31.4,28.0,98.1,99.0,112,54.6,57
1.0,0.1,1.0,Iowa,48.3,37,51,50.0,29.9,30.5,34,0.5,2.0,52.8,51.0,56.2,56.0,33.2,28.0,103.8,102.0,119,55.5,63
1.0,0.1,2.0,Iowa,48.3,44,51,50.0,30.7,31.0,34,0.3,2.0,51.4,51.0,55.2,56.0,28.0,28.0,108.2,108.5,119,56.9,61
1.0,0.1,0.5,Nebraska,48.4,32,56,55.0,41.9,42.5,44,0.0,0.0,59.5,56.0,64.0,66.0,83.3,89.0,4.9,5.0,9,5.1,7
1.0,0.01,0.5,Colorado,48.4,39,69,51.0,12.4,12.0,16,0.7,7.0,65.3,61.0,77.7,73.5,31.8,28.0,36.7,36.0,46,9.9,14
1.0,0.05,2.0,Oklahoma,48.4,34,57,48.0,35.2,35.5,38,0.0,0.0,60.9,68.0,70.5,74.0,28.0,28.0,13.5,13.0,17,11.4,14
1.0,0.1,0.5,Florida,48.4,44,66,44.0,9.6,10.0,11,5.9,13.0,62.7,66.0,73.4,70.0,39.6,28.0,47.3,48.5,52,23.2,25
2.0,0.05,0.5,Florida,48.4,44,66,44.0,7.8,7.0,12,10.4,15.0,66.0,66.0,93.7,103.5,28.0,28.0,59.4,61.5,71,25.5,28
1.0,0.1,1.0,Florida,48.4,44,66,44.0,8.8,9.0,11,12.5,17.0,66.0,66.0,87.6,80.0,28.0,28.0,58.2,59.0,66,25.5,28
2.0,0.05,1.0,Florida,48.4,44,66,44.0,8.5,8.5,11,8.6,16.0,65.0,66.0,86.6,74.0,28.0,28.0,62.0,60.0,71,25.8,29
0.5,0.1,0.5,California,48.4,44,51,48.0,9.2,9.5,10,3.3,11.0,51.8,51.0,53.0,53.0,28.0,28.0,71.1,70.5,76,26.2,28
2.0,0.1,2.0,Arizona,48.5,41,58,44.5,7.7,8.0,8,0.0,0.0,58.2,60.0,61.4,62.0,28.0,28.0,4.2,4.0,7,3.3,4
2.0,0.25,2.0,Wisconsin,48.5,42,57,48.0,35.2,36.0,38,0.5,1.0,57.2,58.5,58.6,61.0,28.0,28.0,76.6,78.0,90,28.1,34
2.0,0.25,0.5,Wyoming,48.6,33,65,47.0,12.3,12.0,13,0.0,0.0,61.0,68.0,69.0,73.0,67.5,67.5,2.7,3.0,4,0.7,1
2.0,0.25,2.0,Minnesota,48.7,43,52,52.0,41.3,42.0,44,0.0,0.0,51.4,54.0,52.0,55.0,54.6,56.0,52.5,53.5,56,37.1,43
0.5,0.1,2.0,Georgia,48.8,45,71,45.0,48.2,48.5,51,0.0,0.0,54.0,51.0,56.5,55.0,68.8,28.0,4.4,4.5,6,3.5,7
0.5,0.25,2.0,Iowa,48.8,44,50,50.0,28.5,29.0,31,0.1,1.0,50.3,51.0,54.7,56.0,28.0,28.0,104.1,106.5,109,57.8,63
0.5,0.1,1.0,Arizona,48.9,41,58,48.0,7.6,7.0,9,0.0,0.0,59.1,60.0,61.3,62.0,28.0,28.0,4.8,5.0,6,3.3,5
2.0,0.05,0.5,Oklahoma,48.9,48,57,48.0,34.6,34.5,40,0.0,0.0,62.6,64.0,71.6,68.0,28.0,28.0,11.1,11.5,15,10.0,16
1.0,0.25,1.0,Idaho,48.9,47,50,50.0,10.9,11.0,12,0.5,5.0,51.4,52.0,53.4,52.0,28.0,28.0,52.0,51.5,59,17.3,19
0.5,0.25,0.5,Wyoming,49.0,33,65,49.0,11.4,11.0,12,0.0,0.0,60.7,66.5,67.1,70.5,67.5,67.5,2.0,2.0,3,0.0,0
0.5,0.05,0.5,Illinois,49.0,46,76,46.0,35.8,36.5,40,0.0,0.0,71.3,73.5,78.8,78.5,96.6,91.0,4.4,4.0,7,2.6,4
2.0,0.25,1.0,Idaho,49.0,48,50,49.0,10.9,11.0,13,0.6,3.0,51.2,51.0,53.7,52.0,28.0,28.0,52.8,52.0,60,17.1,19
2.0,0.1,0.5,Florida,49.0,44,66,44.0,8.7,10.0,11,10.6,18.0,65.4,66.0,83.0,74.0,28.0,28.0,61.0,60.5,68,26.0,29
0.5,0.05,0.5,Oklahoma,49.1,48,57,48.0,17.3,17.5,19,0.0,0.0,60.8,63.0,72.2,68.0,30.4,28.0,5.7,5.5,8,1.7,5
2.0,0.25,2.0,South Dakota,49.1,36,55,54.0,46.6,47.0,48,0.0,0.0,52.1,55.0,54.0,56.0,61.4,64.0,17.8,18.0,20,7.8,9
0.5,0.25,0.5,Idaho,49.2,47,50,50.0,9.1,9.0,11,0.3,3.0,51.5,52.0,53.4,52.0,28.0,28.0,42.2,41.5,48,14.9,17
1.0,0.25,0.5,Idaho,49.2,47,50,50.0,8.6,9.0,9,0.4,3.0,51.7,52.0,53.2,52.0,28.0,28.0,43.5,44.5,49,16.2,18
1.0,0.25,2.0,Idaho,49.2,47,50,50.0,11.0,11.0,13,0.8,4.0,52.1,52.0,55.5,52.0,28.0,28.0,53.1,53.0,60,17.4,19
2.0,0.25,0.5,Idaho,49.3,47,50,50.0,10.5,10.0,13,0.1,1.0,51.2,52.0,54.8,55.0,28.0,28.0,56.0,56.5,59,17.7,19
0.5,0.1,2.0,Minnesota,49.3,43,52,52.0,39.7,40.0,42,0.0,0.0,51.9,55.0,52.1,55.0,54.4,56.0,47.4,47.5,54,37.1,42
1.0,0.1,0.5,California,49.4,44,51,51.0,9.6,9.5,11,1.9,9.0,52.2,53.0,53.0,53.0,28.0,28.0,88.7,89.0,97,27.8,29
0.5,0.1,1.0,Iowa,49.4,44,62,50.0,27.3,27.0,31,0.3,1.0,51.8,51.0,54.9,56.0,29.7,28.0,99.9,98.5,110,54.2,57
2.0,0.1,1.0,Iowa,49.4,44,50,50.0,31.1,31.0,33,0.1,1.0,50.9,51.0,55.4,56.0,29.7,28.0,110.8,109.5,122,56.3,58
1.0,0.01,1.0,Kansas,49.5,45,77,45.0,44.1,44.5,48,0.0,0.0,59.1,59.0,72.6,78.5,39.1,28.0,17.9,18.0,23,13.3,17
0.5,0.25,1.0,Idaho,49.5,47,50,50.0,9.6,9.0,12,0.0,0.0,51.6,52.0,53.2,52.0,28.0,28.0,44.7,45.0,51,16.0,17
0.5,0.1,1.0,California,49.5,48,51,49.5,9.6,10.0,11,1.5,3.0,51.6,51.0,53.0,53.0,28.0,28.0,83.1,84.0,90,26.4,28
0.5,0.1,0.5,Idaho,49.6,48,50,50.0,8.7,8.5,11,1.3,4.0,53.4,52.0,58.8,55.0,28.0,28.0,42.5,42.0,48,13.9,16
1.0,0.1,1.0,Idaho,49.6,48,50,50.0,11.0,11.0,13,2.0,4.0,55.2,58.0,64.5,58.5,28.0,28.0,53.1,54.5,56,16.6,18
2.0,0.01,2.0,Colorado,49.7,39,86,51.0,18.7,19.5,21,0.0,0.0,62.7,56.0,66.0,59.5,35.2,28.0,42.9,44.5,54,11.1,14
2.0,0.1,0.5,Idaho,49.7,47,50,50.0,10.9,11.0,12,1.7,5.0,54.8,55.0,63.8,58.5,28.0,28.0,55.0,55.0,60,17.1,18
1.0,0.1,1.0,California,49.7,44,51,51.0,9.1,9.0,11,1.7,11.0,52.4,53.0,53.0,53.0,28.0,28.0,86.5,86.0,99,28.3,30
1.0,0.1,2.0,California,49.7,44,51,51.0,8.8,8.5,10,1.6,10.0,52.4,53.0,53.0,53.0,28.0,28.0,86.5,87.5,96,28.4,30
1.0,0.1,2.0,Minnesota,49.7,43,56,52.0,42.4,42.0,48,0.0,0.0,52.3,55.0,52.7,55.5,54.9,56.0,46.3,45.5,54,34.6,39
1.0,0.1,1.0,Arizona,49.8,41,60,49.0,7.9,8.0,10,0.0,0.0,58.4,60.0,60.6,62.0,28.0,28.0,5.7,6.0,7,3.1,5
0.5,0.25,2.0,South Dakota,49.8,42,55,52.0,44.8,45.0,47,0.0,0.0,54.3,55.5,55.3,56.5,62.9,64.0,16.4,17.0,18,6.5,8
1.0,0.1,0.5,Idaho,49.8,48,50,50.0,10.3,10.5,12,1.1,4.0,55.1,56.5,61.5,58.5,28.0,28.0,45.8,45.0,49,13.7,17
1.0,0.1,2.0,Idaho,49.8,48,50,50.0,11.1,11.0,13,2.3,4.0,55.7,58.0,63.3,58.5,28.0,28.0,51.9,52.5,56,16.6,19
2.0,0.25,2.0,Idaho,49.8,48,50,50.0,11.1,11.0,15,0.3,3.0,51.9,52.0,54.2,52.0,28.0,28.0,54.2,54.5,58,17.1,19
0.5,0.25,2.0,Idaho,49.8,48,50,50.0,8.8,9.0,12,0.4,4.0,52.2,52.0,56.1,52.0,28.0,28.0,53.9,53.5,60,17.7,20
0.5,0.1,2.0,California,49.8,48,51,51.0,9.4,9.0,11,1.3,4.0,52.2,53.0,53.0,53.0,28.0,28.0,85.9,88.0,91,27.6,29
2.0,0.1,0.5,California,49.8,48,51,51.0,9.7,10.0,11,1.2,3.0,52.2,53.0,53.0,53.0,28.0,28.0,87.0,87.5,95,27.7,28
2.0,0.1,1.0,California,49.8,48,51,51.0,9.6,9.5,12,1.2,3.0,52.0,52.0,53.0,53.0,28.0,28.0,86.3,86.5,94,27.8,30
0.5,0.25,2.0,Minnesota,49.8,43,52,52.0,41.1,41.0,45,0.0,0.0,52.5,54.5,53.1,55.0,54.2,56.0,51.8,51.0,58,36.9,41
1.0,0.1,2.0,South Dakota,49.9,36,55,55.0,43.2,43.5,47,0.0,0.0,53.5,56.0,55.0,57.0,64.0,64.0,18.4,18.0,22,8.6,10
0.5,0.1,0.5,Minnesota,49.9,43,58,52.0,39.8,40.0,42,0.0,0.0,52.3,55.0,52.6,55.0,55.9,56.0,38.4,38.0,43,30.3,34
0.5,0.1,1.0,Minnesota,49.9,43,58,52.0,39.6,39.5,44,0.0,0.0,52.4,55.0,52.9,55.5,54.8,56.0,44.0,43.0,48,35.8,40
0.5,0.05,1.0,Oklahoma,50.0,48,57,48.0,24.4,24.5,27,0.0,0.0,60.9,65.0,69.6,68.0,28.0,28.0,6.0,6.0,8,3.1,4
1.0,0.05,1.0,Oklahoma,50.0,48,57,48.0,33.4,33.0,37,0.0,0.0,62.8,68.0,72.9,74.0,30.4,28.0,7.9,8.0,11,7.4,9
0.5,0.05,1.0,Idaho,50.0,50,50,50.0,9.2,9.0,11,1.9,4.0,57.1,58.0,65.8,63.0,28.0,28.0,40.3,39.5,45,13.4,16
0.5,0.1,1.0,Idaho,50.0,50,50,50.0,9.0,9.0,12,1.4,5.0,54.7,53.5,61.1,58.0,28.0,28.0,43.1,44.5,48,15.0,17
2.0,0.1,1.0,Idaho,50.0,50,50,50.0,12.1,12.0,15,1.8,4.0,55.0,55.0,62.7,58.0,28.0,28.0,55.1,54.5,61,15.7,18
1.0,0.05,1.0,Idaho,50.0,50,50,50.0,10.8,11.0,13,1.5,4.0,56.8,58.0,64.1,59.0,28.0,28.0,52.7,52.0,62,16.1,18
0.5,0.1,2.0,Idaho,50.0,50,50,50.0,10.3,11.0,11,1.8,5.0,54.7,55.0,62.1,58.0,28.0,28.0,52.2,52.5,56,16.2,19
1.0,0.05,2.0,Idaho,50.0,50,50,50.0,10.7,10.5,15,1.5,4.0,55.9,56.5,60.9,58.5,28.0,28.0,50.6,50.5,55,16.4,18
2.0,0.05,0.5,Idaho,50.0,50,50,50.0,10.4,10.5,13,1.1,5.0,55.6,56.5,63.5,58.5,28.0,28.0,51.8,52.0,58,16.4,19
2.0,0.1,2.0,Idaho,50.0,50,50,50.0,11.5,11.5,14,0.6,5.0,53.2,52.0,60.8,58.0,28.0,28.0,54.6,54.5,62,16.6,19
1.0,0.05,2.0,California,50.0,44,51,51.0,8.4,8.0,11,1.3,10.0,52.6,53.0,53.0,53.0,28.0,28.0,86.2,87.0,95,28.8,31
0.5,0.05,2.0,California,50.1,48,51,51.0,8.7,9.0,10,1.6,10.0,52.8,53.0,54.2,53.0,28.0,28.0,86.9,85.5,94,28.4,31
2.0,0.05,0.5,California,50.1,48,51,51.0,8.0,8.0,10,0.9,3.0,52.4,53.0,53.0,53.0,28.0,28.0,87.3,87.5,97,29.3,31
1.0,0.1,0.5,Minnesota,50.1,43,58,52.0,41.5,40.5,46,0.0,0.0,52.5,54.5,53.1,55.0,55.8,56.0,42.7,42.0,51,34.1,39
0.5,0.05,2.0,Idaho,50.2,50,52,50.0,10.2,10.5,12,1.4,4.0,56.5,58.0,60.5,59.0,28.0,28.0,50.3,49.0,58,15.7,17
1.0,0.1,2.0,Arizona,50.3,41,60,52.5,7.8,8.0,9,0.0,0.0,58.1,60.0,61.8,62.0,28.0,28.0,5.7,5.5,8,3.2,4
1.0,0.25,1.0,Missouri,50.3,42,61,51.0,68.1,68.5,71,0.1,1.0,53.7,53.0,58.9,61.0,28.0,28.0,14.8,13.0,22,17.3,21
0.5,0.25,0.5,Wisconsin,50.3,40,60,54.0,34.3,33.5,41,0.4,1.0,53.6,56.5,55.2,56.5,28.0,28.0,71.5,72.0,81,27.2,33
2.0,0.25,0.5,Wisconsin,50.3,40,57,52.5,36.0,35.0,41,0.5,1.0,53.6,55.5,55.2,56.0,28.0,28.0,80.1,78.5,97,27.4,31
2.0,0.1,0.5,Minnesota,50.3,40,56,52.0,41.7,41.5,45,0.0,0.0,52.9,55.0,53.7,56.0,55.9,56.0,45.5,46.5,53,35.7,39
0.5,0.25,2.0,Nebraska,50.4,32,55,55.0,47.2,47.0,50,0.0,0.0,55.6,56.0,63.8,63.0,84.2,81.5,3.2,3.0,5,5.7,6
0.5,0.1,2.0,South Dakota,50.4,36,55,55.0,43.2,43.0,47,0.0,0.0,53.2,56.0,54.8,57.0,63.0,64.0,17.1,17.0,21,6.7,9
0.5,0.01,1.0,Kansas,50.4,45,68,45.0,33.9,33.5,39,0.1,1.0,70.7,66.0,75.6,77.0,50.7,28.0,12.6,13.0,17,9.0,15
1.0,0.05,1.0,California,50.4,48,51,51.0,8.3,8.0,10,0.6,3.0,52.4,53.0,53.0,53.0,28.0,28.0,82.7,82.5,93,28.7,31
1.0,0.25,2.0,New York,50.4,44,60,44.0,14.7,15.0,16,0.3,3.0,62.6,60.0,68.2,65.0,28.0,28.0,190.9,191.5,210,37.2,39
0.5,0.05,2.0,Arizona,50.5,41,60,50.5,7.7,8.0,9,0.0,0.0,59.8,60.0,62.2,62.0,28.0,28.0,4.8,5.0,6,3.3,4
0.5,0.1,0.5,South Dakota,50.5,42,55,55.0,33.4,33.5,35,0.0,0.0,53.8,56.0,55.0,57.0,64.3,64.0,11.3,11.0,14,3.9,6
2.0,0.1,0.5,Nebraska,50.5,32,56,55.0,48.4,48.5,51,0.0,0.0,55.1,56.0,65.2,69.0,82.9,80.0,8.4,9.0,12,4.6,7
1.0,0.1,0.5,South Dakota,50.5,42,55,55.0,38.9,39.0,41,0.0,0.0,53.8,56.0,55.4,57.0,60.8,64.0,16.1,15.5,20,7.0,10
1.0,0.1,0.5,Arizona,50.6,41,60,53.0,8.1,8.0,10,0.0,0.0,59.4,60.0,61.6,62.0,28.0,28.0,5.5,5.5,8,2.9,4
1.0,0.1,1.0,Nebraska,50.6,32,56,55.0,47.3,47.0,49,0.0,0.0,56.3,56.0,65.1,69.0,84.1,81.5,6.2,6.5,7,4.2,6
1.0,0.05,1.0,Nebraska,50.6,32,56,55.0,45.7,45.0,49,0.0,0.0,59.6,56.0,67.5,69.5,87.4,99.0,6.9,6.0,10,4.9,6
0.5,0.1,1.0,Florida,50.6,44,66,44.0,8.9,8.0,13,9.1,17.0,66.0,66.0,71.4,72.0,39.6,28.0,41.7,41.5,44,23.3,25
1.0,0.05,1.0,Florida,50.6,44,66,44.0,9.3,9.5,13,7.6,16.0,66.2,66.0,80.6,72.0,29.7,28.0,52.7,52.0,58,24.3,28
0.5,0.05,2.0,Florida,50.6,44,66,44.0,9.6,9.0,17,8.8,19.0,66.0,66.0,89.8,91.5,36.4,28.0,45.9,45.0,50,24.7,27
2.0,0.05,1.0,Iowa,50.6,44,58,50.5,29.5,29.0,36,0.9,2.0,53.7,53.5,58.5,57.0,35.4,28.0,110.8,111.0,119,56.6,62
2.0,0.05,2.0,Iowa,50.6,44,62,50.0,28.6,28.5,33,1.0,8.0,56.9,59.0,60.7,62.0,42.3,28.0,105.7,106.5,122,58.0,62
1.0,0.05,2.0,Nebraska,50.7,32,56,55.0,47.6,48.0,51,0.0,0.0,59.7,56.0,66.3,69.5,86.2,96.0,8.4,8.5,11,5.2,7
1.0,0.05,2.0,Iowa,50.7,44,59,50.0,29.2,29.5,34,0.4,2.0,54.3,51.0,57.6,57.0,39.2,28.0,107.2,105.5,116,57.1,60
2.0,0.1,2.0,Iowa,50.7,44,62,50.0,28.9,29.0,32,0.4,2.0,55.7,57.0,58.6,58.5,32.1,28.0,104.8,104.5,118,58.6,61
1.0,0.1,1.0,Georgia,50.8,45,71,45.0,49.9,49.5,53,0.0,0.0,56.0,51.0,59.3,56.5,61.1,28.0,4.5,4.5,7,2.9,5
0.5,0.05,2.0,Nebraska,50.8,32,56,55.0,41.3,41.5,44,0.0,0.0,60.5,56.0,65.6,69.0,78.3,73.5,5.9,6.0,9,5.2,7
2.0,0.05,1.0,California,50.8,48,55,51.0,7.7,8.0,10,4.1,28.0,59.3,53.0,61.8,53.0,28.0,28.0,82.4,83.0,89,29.7,32
0.5,0.05,1.0,Iowa,50.8,44,58,51.0,25.8,25.5,30,1.5,4.0,56.3,56.0,58.3,58.0,33.7,28.0,96.6,98.5,104,55.1,59
1.0,0.1,1.0,Minnesota,50.9,40,58,52.0,41.3,40.0,47,0.0,0.0,53.2,55.0,53.7,55.5,55.2,56.0,46.7,48.0,52,35.5,39
2.0,0.25,1.0,Vermont,51.0,51,51,51.0,11.0,11.0,12,0.0,0.0,57.8,55.0,72.7,70.0,72.1,92.0,19.1,19.5,23,3.0,5
1.0,0.25,1.0,Vermont,51.0,51,51,51.0,10.6,11.0,12,0.0,0.0,60.0,55.0,74.7,70.0,61.6,60.5,21.0,21.0,25,3.4,5
1.0,0.25,2.0,Vermont,51.0,51,51,51.0,10.4,11.0,12,0.1,1.0,60.6,55.0,73.7,71.0,52.4,28.0,20.4,19.5,25,3.6,5
2.0,0.25,2.0,Vermont,51.0,51,51,51.0,10.4,11.0,11,0.2,1.0,66.7,69.5,81.1,81.5,55.5,28.0,20.1,19.0,25,3.6,6
0.5,0.25,2.0,Vermont,51.0,51,51,51.0,10.3,11.0,11,0.0,0.0,66.8,70.0,77.4,72.0,41.1,28.0,21.4,20.5,26,3.7,5
0.5,0.25,0.5,Vermont,51.0,51,51,51.0,10.1,10.0,11,0.2,2.0,65.7,62.0,78.6,70.0,28.0,28.0,20.9,20.5,24,3.7,6
0.5,0.25,1.0,Vermont,51.0,51,51,51.0,10.1,10.0,12,0.2,1.0,63.6,69.0,73.9,70.0,67.1,92.0,21.8,22.0,24,3.9,5
1.0,0.25,0.5,Vermont,51.0,51,51,51.0,10.1,10.0,12,0.0,0.0,57.9,55.0,70.9,70.0,54.3,28.0,20.2,21.0,23,3.9,5
2.0,0.25,0.5,Vermont,51.0,51,51,51.0,9.7,9.5,12,0.1,1.0,62.3,62.0,73.0,70.0,45.9,28.0,21.5,21.5,27,4.3,6
0.5,0.1,2.0,Vermont,51.0,51,51,51.0,9.5,9.5,11,0.9,3.0,82.3,70.0,100.3,102.5,35.2,28.0,19.2,18.5,23,4.5,6
0.5,0.1,0.5,Vermont,51.0,51,51,51.0,9.1,9.0,12,0.4,2.0,79.4,71.0,102.6,106.5,34.9,28.0,20.5,19.5,25,4.5,6
2.0,0.05,1.0,Vermont,51.0,51,51,51.0,9.4,9.0,11,1.0,2.0,97.6,98.0,118.1,120.5,35.2,28.0,19.3,19.5,23,4.6,6
2.0,0.1,0.5,Vermont,51.0,51,51,51.0,9.4,9.0,12,0.5,2.0,80.4,77.0,95.1,96.5,35.2,28.0,20.9,21.5,24,4.6,7
1.0,0.1,1.0,Vermont,51.0,51,51,51.0,9.3,9.0,11,0.4,2.0,83.0,88.5,107.2,111.0,41.7,28.0,20.3,19.5,23,4.7,7
1.0,0.1,0.5,Vermont,51.0,51,51,51.0,9.2,9.0,11,0.8,3.0,82.3,79.5,97.4,102.0,41.0,28.0,19.3,20.0,21,4.8,6
1.0,0.1,2.0,Vermont,51.0,51,51,51.0,9.2,9.5,11,0.8,2.0,83.1,79.0,106.1,112.5,34.6,28.0,19.4,19.0,22,4.8,8
0.5,0.05,1.0,Vermont,51.0,51,51,51.0,9.1,9.0,11,1.4,3.0,103.4,107.0,119.9,122.0,51.8,28.0,18.7,18.5,24,4.9,7
2.0,0.1,1.0,Vermont,51.0,51,51,51.0,9.0,9.0,11,0.6,2.0,81.8,77.0,101.1,107.0,34.7,28.0,21.0,21.0,25,5.0,7
0.5,0.05,1.0,California,51.0,51,51,51.0,8.5,8.5,10,0.0,0.0,53.0,53.0,53.0,53.0,28.0,28.0,83.7,83.0,93,27.2,28
ALL,ALL,ALL,Oklahoma,51.09722222222222,34,122,48.0,31.211111111111112,33.0,45,0.002777777777777778,1.0,65.55833333333334,53.0,76.17222222222222,68.0,34.05292479108635,28.0,10.477777777777778,10.0,24,7.027777777777778,16
2.0,0.1,1.0,Arizona,51.1,41,60,56.5,7.6,8.0,9,0.0,0.0,59.4,60.0,61.8,62.0,28.0,28.0,5.2,5.0,6,3.4,5
0.5,0.1,1.0,South Dakota,51.1,42,55,55.0,37.5,38.0,40,0.0,0.0,54.3,56.0,55.6,57.0,63.3,64.0,14.0,13.5,17,6.2,8
1.0,0.01,2.0,Colorado,51.1,39,89,46.0,16.4,16.5,21,0.1,1.0,62.1,53.0,71.0,69.0,31.8,28.0,43.4,41.5,53,10.6,13
2.0,0.05,1.0,Idaho,51.1,50,59,50.0,11.6,11.5,14,1.1,3.0,56.5,56.5,59.0,58.5,28.0,28.0,48.7,48.0,54,16.0,18
1.0,0.05,1.0,Minnesota,51.1,43,58,52.0,41.6,41.5,46,0.0,0.0,53.7,55.0,54.6,56.0,57.2,57.0,45.5,45.0,51,34.5,38
2.0,0.1,1.0,Minnesota,51.1,43,52,52.0,42.5,43.0,45,0.0,0.0,54.0,55.0,54.6,56.0,55.5,56.0,46.4,46.0,54,35.0,41
1.0,0.05,0.5,Florida,51.2,44,72,44.0,8.4,8.0,11,9.2,17.0,68.1,66.0,89.9,89.5,31.4,28.0,43.2,44.0,48,23.1,25
2.0,0.05,2.0,Nebraska,51.4,32,70,56.0,49.1,49.0,51,0.0,0.0,64.5,69.0,67.7,70.0,96.5,96.0,8.4,8.5,10,5.1,6
2.0,0.25,1.0,Missouri,51.4,42,61,51.0,72.3,73.5,77,0.0,0.0,57.9,61.5,60.9,63.0,96.8,104.5,13.0,12.5,18,16.8,23
0.5,0.05,0.5,California,51.4,51,55,51.0,7.9,8.0,10,2.6,26.0,59.7,53.0,61.2,53.0,28.0,28.0,69.9,69.5,77,26.9,28
2.0,0.25,1.0,Michigan,51.4,45,56,53.0,39.0,38.5,44,0.1,1.0,55.1,55.0,58.4,60.0,65.6,63.0,22.1,23.0,26,27.3,31
1.0,0.05,0.5,Oklahoma,51.5,48,74,48.0,27.1,27.0,30,0.0,0.0,66.5,68.0,74.4,74.0,28.0,28.0,7.9,7.5,13,5.1,9
0.5,0.05,0.5,Idaho,51.5,50,65,50.0,8.4,8.0,11,2.6,5.0,59.7,58.0,74.2,77.0,28.0,28.0,37.8,39.0,46,13.4,16
2.0,0.05,1.0,Minnesota,51.5,43,56,52.0,44.4,45.0,50,0.0,0.0,54.3,55.0,55.1,56.0,55.9,56.0,42.9,43.5,48,31.6,38
1.0,0.05,1.0,Iowa,51.5,44,62,50.5,28.7,28.5,34,1.2,4.0,54.9,53.5,58.6,58.0,33.9,28.0,100.7,102.0,111,56.1,60
0.5,0.25,1.0,Wyoming,51.8,33,65,63.0,11.8,12.0,13,0.0,0.0,64.5,68.0,70.3,73.0,72.6,93.0,1.5,1.0,3,0.4,1
1.0,0.05,2.0,South Dakota,51.8,42,55,55.0,42.4,43.0,45,0.0,0.0,55.9,56.0,57.1,57.5,66.8,64.0,19.8,20.5,22,8.0,10
1.0,0.05,2.0,Minnesota,51.8,43,58,52.0,43.2,43.0,47,0.0,0.0,54.1,55.0,54.6,55.5,56.9,56.0,42.5,40.0,52,32.9,37
2.0,0.25,0.5,New York,52.0,44,60,52.0,14.7,14.5,17,0.2,1.0,64.3,62.5,69.2,68.0,28.0,28.0,183.2,181.5,196,37.1,40
0.5,0.25,0.5,New York,52.0,44,60,52.0,11.2,11.5,13,0.1,1.0,65.5,62.5,72.1,65.5,28.0,28.0,155.8,154.0,171,37.4,40
2.0,0.05,0.5,Iowa,52.0,44,62,50.0,29.7,28.5,37,1.1,5.0,58.5,60.0,61.2,62.0,39.1,28.0,100.6,101.0,112,56.1,60
1.0,0.1,1.0,South Dakota,52.1,39,55,55.0,43.0,43.0,46,0.0,0.0,54.6,56.0,55.7,57.0,64.1,64.0,16.8,17.0,21,6.6,8
2.0,0.1,0.5,South Dakota,52.1,39,55,55.0,43.4,43.0,46,0.0,0.0,54.1,56.0,55.7,57.0,63.3,64.0,16.0,16.0,19,7.2,9
1.0,0.05,0.5,Idaho,52.2,50,72,50.0,8.7,9.5,12,1.5,4.0,58.3,58.0,65.3,59.0,28.0,28.0,41.0,41.5,54,14.1,17
0.5,0.05,2.0,Minnesota,52.2,43,58,52.0,41.6,41.0,48,0.0,0.0,54.4,55.0,55.3,56.0,58.4,58.0,42.4,42.5,52,34.5,37
2.0,0.01,1.0,New Mexico,52.3,39,64,51.0,13.0,13.0,14,0.6,2.0,64.6,64.0,87.5,91.0,28.0,28.0,16.8,16.0,25,2.7,4
2.0,0.05,2.0,South Dakota,52.3,42,62,55.0,43.6,44.0,46,0.0,0.0,55.9,56.0,58.6,61.0,65.9,64.0,18.5,19.0,21,8.9,11
0.5,0.05,1.0,Minnesota,52.3,43,58,52.0,39.4,39.5,43,0.0,0.0,54.8,55.0,55.6,56.0,57.9,56.0,38.2,38.5,48,33.2,39
0.5,0.05,2.0,South Dakota,52.4,42,55,55.0,41.9,42.5,45,0.0,0.0,55.7,56.5,58.0,59.0,63.4,64.0,18.7,19.0,22,6.0,9
1.0,0.05,1.0,South Dakota,52.4,42,55,55.0,43.3,43.0,46,0.0,0.0,55.7,56.5,57.4,58.0,62.8,64.0,18.2,18.0,22,6.2,8
2.0,0.01,1.0,Kansas,52.4,45,77,45.0,49.6,50.0,54,0.0,0.0,61.4,61.5,71.8,73.5,47.2,41.5,26.2,24.5,35,15.1,19
ALL,ALL,ALL,Minnesota,52.49444444444445,40,94,52.0,39.541666666666664,40.0,50,0.05277777777777778,3.0,56.38611111111111,55.0,58.575,56.0,60.22222222222222,56.0,43.58888888888889,44.0,58,34.330555555555556,43
2.0,0.05,1.0,Georgia,52.5,45,72,48.0,52.0,52.0,55,0.0,0.0,63.2,62.0,68.9,72.0,113.6,114.0,4.7,3.5,9,4.2,7
2.0,0.25,0.5,Michigan,52.5,47,54,53.0,37.9,38.0,43,0.5,2.0,56.2,56.0,60.6,60.0,66.0,63.0,23.9,24.0,28,28.2,33
1.0,0.25,1.0,Massachusetts,52.6,48,61,48.0,7.4,7.0,8,0.0,0.0,67.0,58.0,75.9,61.0,94.55555555555556,82.0,1.4444444444444444,1.0,2,0.0,0
1.0,0.25,0.5,Massachusetts,52.6,48,61,48.0,7.0,7.0,8,0.0,0.0,67.0,58.0,78.6,61.0,79.75,82.0,1.25,1.0,2,0.1,1
2.0,0.01,2.0,New Mexico,52.7,43,64,51.0,13.1,13.5,15,0.2,1.0,67.0,64.0,86.0,76.0,28.0,28.0,16.9,16.5,27,2.7,5
2.0,0.1,1.0,Nebraska,52.7,32,55,55.0,51.4,51.0,53,0.0,0.0,55.8,56.0,65.8,69.0,85.6,96.0,8.1,8.5,10,4.8,6
0.5,0.25,0.5,Ohio,52.7,41,54,54.0,51.7,51.5,54,0.2,2.0,56.1,56.0,60.4,62.0,65.6,66.0,20.1,20.0,23,11.7,15
2.0,0.25,1.0,Ohio,52.7,41,54,54.0,65.8,66.0,68,0.2,2.0,56.7,56.0,60.7,62.5,63.6,66.0,27.9,27.5,32,12.2,15
1.0,0.25,0.5,Ohio,52.7,41,54,54.0,61.2,62.0,65,0.1,1.0,56.5,56.0,60.8,62.0,68.1,74.0,22.2,21.0,26,12.3,15
1.0,0.01,2.0,Kansas,52.7,45,68,51.0,48.5,49.0,52,0.1,1.0,65.8,66.0,74.6,77.0,53.1,48.5,23.1,24.0,31,13.6,18
0.5,0.25,1.0,Wisconsin,52.7,40,61,57.0,34.5,33.5,40,0.5,1.0,56.0,60.0,57.2,61.0,28.0,28.0,76.9,76.0,90,28.4,34
1.0,0.05,0.5,California,52.7,48,74,51.0,8.5,8.5,10,0.6,3.0,54.8,53.0,56.0,53.0,28.0,28.0,84.9,83.5,101,28.5,31
2.0,0.05,2.0,Minnesota,52.7,43,60,55.0,42.4,42.0,49,0.1,1.0,54.5,57.5,55.5,58.0,62.5,64.0,40.2,42.0,49,34.6,40
2.0,0.05,1.0,Nebraska,52.8,32,56,55.0,47.4,47.5,50,0.0,0.0,57.8,56.0,66.6,69.0,92.3,96.0,8.7,9.0,12,4.6,6
0.5,0.05,1.0,Florida,52.8,44,66,44.0,10.1,10.0,13,6.3,17.0,65.0,66.0,74.0,69.0,32.1,28.0,37.3,40.0,42,21.1,23
1.0,0.05,2.0,Florida,52.8,44,66,44.0,8.3,8.0,12,4.6,12.0,64.0,66.0,81.6,72.0,28.0,28.0,55.4,55.0,65,25.8,29
1.0,0.25,1.0,Michigan,52.8,47,56,54.0,38.4,38.0,44,0.4,2.0,57.2,56.0,59.4,58.0,65.5,63.0,20.6,21.5,23,27.5,33
0.5,0.05,1.0,Nebraska,52.9,32,56,55.0,36.2,36.5,38,0.0,0.0,59.8,56.0,67.7,70.0,101.1,99.0,4.1,4.0,6,3.4,5
2.0,0.1,0.5,Georgia,52.9,45,72,45.0,51.9,51.5,54,0.0,0.0,57.7,51.0,60.4,57.0,95.6,110.0,3.7,3.5,6,4.6,9
2.0,0.1,2.0,Minnesota,53.0,43,56,53.5,43.1,43.5,47,0.0,0.0,55.4,56.5,55.9,57.0,58.0,59.0,42.5,41.5,52,34.4,39
2.0,0.1,2.0,South Dakota,53.1,42,55,55.0,44.7,44.5,47,0.0,0.0,55.5,56.0,57.7,58.5,64.1,64.0,17.4,18.0,22,9.2,12
1.0,0.25,2.0,Massachusetts,53.2,48,61,48.0,7.9,8.0,9,0.0,0.0,70.8,58.0,75.9,61.0,167.66666666666666,82.0,2.3333333333333335,2.0,5,0.0,0
2.0,0.1,2.0,Nebraska,53.2,32,56,55.5,52.0,52.0,53,0.0,0.0,61.1,59.5,67.9,69.0,82.1,87.5,10.1,10.0,14,5.1,6
1.0,0.01,1.0,Colorado,53.2,37,86,51.0,14.0,14.0,16,0.7,7.0,69.3,68.5,81.2,86.0,36.9,28.0,38.9,36.5,49,11.1,15
2.0,0.05,0.5,Nebraska,53.3,32,56,56.0,46.7,46.0,50,0.0,0.0,63.2,66.0,67.8,70.0,88.0,96.0,8.4,9.0,11,5.3,7
0.5,0.05,2.0,Georgia,53.4,45,71,45.0,44.2,44.0,48,0.0,0.0,62.3,62.0,73.9,73.0,80.9,114.0,3.8,4.5,6,1.9,4
1.0,0.25,1.0,Utah,53.4,45,57,57.0,16.9,17.0,20,0.7,1.0,62.3,64.0,66.8,65.0,56.8,61.0,9.6,9.0,12,5.0,6
1.0,0.25,0.5,Missouri,53.4,42,62,51.0,62.2,62.5,66,0.0,0.0,58.8,62.0,62.7,64.0,28.0,28.0,11.7,12.0,17,15.5,20
0.5,0.05,2.0,Iowa,53.4,44,62,50.5,29.1,29.0,35,0.5,2.0,55.7,53.5,58.9,60.0,36.6,28.0,98.6,98.5,108,55.2,60
0.5,0.05,1.0,Arizona,53.6,41,60,58.0,7.3,7.0,8,0.0,0.0,60.4,60.5,63.0,62.0,28.0,28.0,4.5,5.0,6,3.4,4
1.0,0.01,0.5,Kansas,53.6,45,68,49.5,35.4,36.0,42,0.0,0.0,60.6,59.0,70.9,67.0,49.8,48.5,16.2,16.5,21,10.6,17
1.0,0.25,0.5,Michigan,53.6,45,66,54.0,38.5,38.5,45,0.7,3.0,58.2,56.0,61.3,60.0,68.7,68.5,18.2,17.5,22,25.8,30
0.5,0.25,1.0,New York,53.6,44,60,60.0,12.3,12.5,15,0.3,2.0,66.1,65.0,74.9,75.0,45.2,41.5,170.5,171.0,183,38.8,44
2.0,0.1,0.5,Arizona,53.7,41,60,58.0,7.9,8.0,9,0.0,0.0,59.3,59.0,61.4,62.0,28.0,28.0,4.9,5.0,8,3.1,5
0.5,0.05,1.0,South Dakota,53.7,42,55,55.0,37.5,37.5,40,0.0,0.0,55.8,56.5,57.9,59.0,63.3,64.0,18.2,18.0,24,4.3,8
2.0,0.05,0.5,South Dakota,53.7,42,55,55.0,41.4,41.0,44,0.0,0.0,56.9,56.5,59.1,60.0,67.1,64.0,19.1,19.0,22,7.4,9
2.0,0.1,1.0,South Dakota,53.7,42,55,55.0,44.4,45.0,47,0.0,0.0,55.5,56.0,56.5,57.0,64.0,64.0,17.2,18.0,19,8.3,12
1.0,0.05,0.5,Nebraska,53.9,32,63,55.5,40.1,40.5,41,0.0,0.0,62.7,62.5,68.4,70.0,88.0,89.0,5.6,6.0,8,5.8,7
2.0,0.05,1.0,South Dakota,53.9,42,57,55.0,43.6,44.0,47,0.0,0.0,56.4,57.0,58.0,59.0,65.1,64.0,18.6,19.0,22,7.9,10
2.0,0.05,2.0,Idaho,53.9,50,72,50.0,10.7,10.5,15,2.9,11.0,61.9,58.0,70.8,68.0,28.0,28.0,50.3,51.5,56,16.8,21
1.0,0.05,0.5,Minnesota,53.9,43,60,54.0,41.3,42.0,46,0.0,0.0,56.0,56.5,57.0,57.5,59.2,59.0,40.6,39.0,52,34.1,43
ALL,ALL,ALL,Illinois,53.983333333333334,46,118,46.0,47.355555555555554,50.0,64,0.0,0.0,70.84166666666667,64.0,78.23333333333333,73.0,99.03888888888889,84.5,12.463888888888889,13.0,23,7.4527777777777775,19
0.5,0.1,1.0,Ohio,54.0,54,54,54.0,54.2,53.0,58,0.0,0.0,60.9,63.0,67.7,71.0,72.3,75.0,20.7,20.5,24,10.1,13
0.5,0.1,0.5,Ohio,54.0,54,54,54.0,51.0,50.5,55,0.0,0.0,59.7,60.0,66.9,63.0,73.0,75.0,20.9,20.5,24,10.3,14
1.0,0.1,0.5,Ohio,54.0,54,54,54.0,58.7,58.0,62,0.0,0.0,62.5,63.0,69.2,71.0,65.5,74.5,19.8,20.0,24,10.5,17
1.0,0.1,1.0,Ohio,54.0,54,54,54.0,61.8,61.5,65,0.0,0.0,59.0,57.0,65.5,63.0,71.0,75.0,23.4,23.5,27,11.2,14
2.0,0.25,2.0,Ohio,54.0,54,54,54.0,67.0,68.0,68,0.0,0.0,56.9,56.0,60.2,57.0,60.2,66.0,29.4,29.5,35,11.3,13
2.0,0.1,2.0,Ohio,54.0,54,54,54.0,64.3,64.5,69,0.0,0.0,57.7,56.5,64.2,63.0,61.6,66.0,24.5,23.0,31,11.6,17
0.5,0.25,2.0,Ohio,54.0,54,54,54.0,64.5,64.5,68,0.0,0.0,57.0,56.0,61.7,63.0,69.5,66.0,24.2,23.0,32,11.7,16
1.0,0.25,1.0,Ohio,54.0,54,54,54.0,63.7,63.5,68,0.0,0.0,57.4,56.0,61.6,63.0,62.7,70.0,23.8,24.0,26,12.4,16
2.0,0.25,0.5,Ohio,54.0,54,54,54.0,64.4,64.5,69,0.0,0.0,56.8,56.0,59.8,59.5,56.3,66.0,24.4,24.0,29,12.5,18
1.0,0.25,2.0,Ohio,54.0,54,54,54.0,64.5,65.0,69,0.0,0.0,56.4,56.0,61.6,63.0,71.1,74.0,25.5,25.5,30,13.1,17
0.5,0.25,1.0,Ohio,54.0,54,54,54.0,56.2,56.5,62,0.0,0.0,57.5,56.0,60.1,57.0,68.3,66.0,20.5,19.5,27,13.2,16
0.5,0.1,2.0,Ohio,54.0,54,54,54.0,59.9,60.0,66,0.0,0.0,61.0,63.0,67.2,67.0,72.9,74.5,23.7,23.0,27,13.4,20
2.0,0.01,2.0,Kansas,54.0,45,76,50.0,50.5,50.5,56,0.0,0.0,65.2,66.0,72.0,74.0,56.7,41.5,26.6,26.0,34,15.0,24
0.5,0.25,2.0,Wisconsin,54.0,42,61,57.0,32.1,32.0,35,0.6,1.0,58.8,60.5,60.1,62.0,28.0,28.0,83.6,83.5,90,31.0,34
1.0,0.01,0.5,New Mexico,54.1,39,64,58.5,12.3,12.0,14,0.9,2.0,68.8,66.5,97.6,103.0,28.0,28.0,12.4,12.5,18,3.1,5
0.5,0.01,2.0,Colorado,54.1,39,86,45.0,13.9,14.5,18,0.4,4.0,72.3,68.5,84.5,84.5,28.0,28.0,38.0,39.0,44,10.7,17
2.0,0.25,0.5,Missouri,54.1,42,62,56.0,71.4,72.0,74,0.1,1.0,57.5,61.5,61.4,63.0,102.0,104.5,11.7,11.0,18,16.5,20
2.0,0.05,2.0,California,54.1,51,74,51.0,8.0,8.0,10,5.1,26.0,66.7,53.0,73.9,53.0,28.0,28.0,83.6,84.0,93,29.3,32
2.0,0.05,0.5,Minnesota,54.1,43,58,56.0,43.3,43.5,47,0.0,0.0,56.1,58.0,56.9,58.5,60.4,60.0,39.0,39.0,46,32.8,36
ALL,ALL,ALL,California,54.18888888888889,44,86,51.0,8.052777777777777,9.0,12,4.272222222222222,31.0,61.486111111111114,53.0,76.775,53.0,28.0,28.0,80.57222222222222,82.5,103,28.425,35
2.0,0.1,1.0,Ohio,54.2,54,56,54.0,61.9,62.0,66,0.0,0.0,58.2,56.0,65.0,63.0,68.7,66.0,24.4,25.0,27,13.5,17
1.0,0.25,2.0,Missouri,54.2,42,61,56.0,71.7,71.0,75,0.0,0.0,57.9,61.5,61.1,64.0,99.8,108.0,13.5,13.0,20,17.4,20
1.0,0.1,0.5,Georgia,54.3,45,83,45.0,43.1,42.5,47,0.0,0.0,64.8,59.0,68.2,62.0,78.1,71.0,4.1,4.0,6,2.6,5
2.0,0.05,0.5,Georgia,54.3,45,74,51.0,48.3,48.0,54,0.0,0.0,65.0,59.5,71.5,71.5,90.8,114.0,4.4,4.5,8,3.9,6
0.5,0.25,1.0,Michigan,54.3,47,66,54.0,37.9,37.5,49,0.7,6.0,60.4,60.0,63.9,66.0,68.1,67.0,17.4,17.0,23,24.8,30
1.0,0.05,0.5,Georgia,54.4,45,74,48.0,37.0,37.0,41,0.0,0.0,69.4,60.5,74.5,68.0,83.4,114.0,4.0,4.0,7,2.7,4
1.0,0.05,0.5,South Dakota,54.4,42,62,55.0,37.6,38.0,40,0.0,0.0,58.1,56.5,59.8,60.0,67.5,64.0,17.9,18.0,23,6.0,9
0.5,0.01,0.5,Kansas,54.4,45,66,50.0,24.1,23.0,30,0.2,2.0,65.1,66.0,74.8,69.5,61.1,69.0,11.3,10.5,18,6.2,10
1.0,0.05,0.5,Iowa,54.4,44,62,51.0,28.0,29.0,31,1.4,9.0,58.8,59.0,63.5,63.0,38.5,28.0,90.6,89.5,101,55.8,60
1.0,0.05,2.0,Arizona,54.5,41,60,59.0,7.5,7.0,9,0.0,0.0,59.9,60.0,62.0,62.0,28.0,28.0,4.8,4.5,6,3.5,5
1.0,0.1,2.0,Wisconsin,54.5,42,61,57.0,33.8,33.5,38,0.4,1.0,58.7,61.0,60.2,63.0,28.0,28.0,77.3,78.0,84,28.7,34
2.0,0.25,1.0,Massachusetts,54.6,48,61,58.0,7.3,7.0,9,0.0,0.0,65.0,61.0,82.7,93.0,93.88888888888889,82.0,1.8888888888888888,2.0,4,0.1,1
0.5,0.1,1.0,Wyoming,54.6,33,65,63.0,11.8,12.0,13,0.0,0.0,67.7,68.0,72.5,73.0,77.7,93.0,2.2,2.0,3,0.6,1
0.5,0.25,0.5,Utah,54.6,45,57,57.0,13.3,13.0,17,0.7,1.0,62.9,64.0,66.8,65.0,60.3,61.0,9.2,9.0,13,2.7,4
1.0,0.25,0.5,Utah,54.6,45,57,57.0,14.9,15.0,16,0.7,1.0,63.2,65.0,68.2,69.5,59.9,61.0,9.2,9.0,13,3.9,5
1.0,0.25,2.0,Utah,54.6,45,57,57.0,17.4,17.0,20,0.8,1.0,63.2,65.0,67.7,69.0,58.2,61.0,10.3,10.0,13,5.2,7
ALL,ALL,ALL,Iowa,54.891666666666666,37,85,50.0,28.18888888888889,28.5,38,1.0555555555555556,17.0,59.57222222222222,51.0,63.65555555555556,56.0,41.516666666666666,28.0,95.97777777777777,100.0,126,54.791666666666664,68
1.0,0.1,2.0,Ohio,54.9,54,63,54.0,61.8,62.0,67,0.0,0.0,61.9,63.0,67.2,66.5,72.2,75.0,24.4,23.0,31,13.4,17
0.5,0.25,0.5,Michigan,54.9,47,66,54.0,35.9,36.0,44,0.3,1.0,58.9,59.5,62.2,63.0,71.1,71.5,14.3,14.0,20,23.1,33
0.5,0.1,0.5,Wyoming,55.0,33,65,65.0,11.2,11.0,12,0.0,0.0,68.0,68.0,73.0,73.0,77.7,93.0,1.7,1.5,3,0.0,0
2.0,0.25,2.0,Wyoming,55.0,33,65,65.0,12.4,12.0,13,0.0,0.0,67.4,68.0,72.0,73.0,77.7,93.0,3.0,3.0,5,0.6,1
1.0,0.1,2.0,Wyoming,55.0,33,65,65.0,12.2,12.0,13,0.0,0.0,68.0,68.0,73.0,73.0,77.7,93.0,2.7,3.0,4,0.8,1
0.5,0.1,2.0,Wyoming,55.0,33,65,65.0,11.9,12.0,12,0.0,0.0,68.0,68.0,73.0,73.0,77.7,93.0,2.4,2.0,5,1.0,1
ALL,ALL,ALL,Arizona,55.0,41,94,58.0,7.733333333333333,8.0,10,0.03333333333333333,2.0,64.35,60.0,68.18888888888888,62.0,28.947222222222223,28.0,5.127777777777778,5.0,13,3.025,6
0.5,0.05,0.5,Florida,55.0,44,66,55.0,7.0,6.0,12,5.7,13.0,67.6,66.0,96.4,93.0,47.3,42.5,32.2,31.5,37,20.8,23
0.5,0.05,0.5,Minnesota,55.0,52,58,56.0,39.0,39.5,46,0.0,0.0,57.1,58.0,57.9,58.0,60.4,60.0,33.1,34.0,40,29.3,35
0.5,0.1,1.0,Georgia,55.1,45,71,45.0,43.3,43.5,47,0.0,0.0,60.1,55.0,61.7,57.5,44.8,28.0,5.1,5.0,6,1.5,4
2.0,0.05,0.5,Ohio,55.1,54,63,54.0,61.3,61.0,66,0.0,0.0,61.2,63.0,67.6,66.5,73.3,75.0,21.4,21.0,27,12.3,16
1.0,0.25,2.0,Michigan,55.1,47,66,54.0,40.9,40.5,46,0.0,0.0,59.2,58.0,61.6,62.0,72.3,72.0,19.9,20.0,23,25.8,31
2.0,0.25,2.0,Michigan,55.1,47,66,54.0,38.9,38.5,44,0.2,2.0,59.3,59.5,62.2,63.0,69.0,70.5,20.9,21.0,24,27.8,32
2.0,0.1,0.5,Wisconsin,55.1,40,64,57.0,31.9,31.5,37,0.5,1.0,58.9,60.5,61.1,63.0,28.0,28.0,70.2,69.5,77,30.3,35
0.5,0.05,0.5,South Dakota,55.2,55,57,55.0,32.4,33.0,35,0.0,0.0,58.3,57.0,59.8,60.0,65.9,64.0,11.4,10.5,16,3.8,6
0.5,0.1,0.5,New York,55.2,44,60,60.0,11.6,11.0,14,0.1,1.0,70.5,75.0,81.8,88.0,28.0,28.0,152.8,154.5,163,35.4,37
1.0,0.1,0.5,New York,55.2,44,60,60.0,12.0,12.0,16,0.2,2.0,68.7,71.0,77.5,75.0,30.7,28.0,180.9,182.5,194,38.7,42
2.0,0.25,2.0,New York,55.2,44,60,60.0,12.7,13.0,15,0.2,1.0,64.2,65.0,69.1,71.0,38.0,28.0,189.8,187.0,205,39.3,42
0.5,0.1,1.0,New York,55.2,44,60,60.0,10.7,10.5,14,0.1,1.0,70.1,75.0,80.8,88.0,39.0,28.0,178.3,179.5,194,39.3,43
0.5,0.1,2.0,New York,55.2,44,60,60.0,11.9,11.0,14,0.3,3.0,68.9,71.0,76.6,75.0,28.0,28.0,186.2,184.5,201,39.5,42
1.0,0.1,2.0,New York,55.2,44,60,60.0,11.4,11.5,13,0.0,0.0,68.9,71.0,77.3,75.0,28.0,28.0,186.6,185.5,206,40.2,43
0.5,0.01,0.5,New Mexico,55.3,43,70,54.0,9.1,9.5,10,0.2,1.0,65.2,64.0,89.1,91.0,28.0,28.0,10.6,9.5,17,3.1,5
1.0,0.1,1.0,Wisconsin,55.3,40,63,57.0,33.3,31.5,41,0.6,1.0,58.9,61.0,60.7,63.0,28.0,28.0,76.0,77.5,89,29.4,34
1.0,0.1,0.5,Wyoming,55.4,33,65,65.0,12.2,12.0,13,0.0,0.0,68.0,68.0,73.0,73.0,77.7,93.0,2.3,2.5,4,0.8,1
1.0,0.05,0.5,Arizona,55.4,41,62,59.0,7.4,8.0,8,0.1,1.0,60.0,60.0,64.1,62.0,28.0,28.0,4.8,5.0,6,3.5,5
0.5,0.25,0.5,Missouri,55.4,42,62,61.0,57.3,58.0,64,0.0,0.0,59.2,62.0,62.7,64.0,32.5,28.0,8.0,8.0,11,13.9,20
0.5,0.25,0.5,Massachusetts,55.5,48,61,59.5,7.1,7.0,8,0.0,0.0,75.3,67.5,84.8,96.5,80.8,82.0,1.2,1.0,2,0.0,0
2.0,0.01,0.5,Colorado,55.5,39,79,53.0,15.7,15.5,22,0.2,2.0,66.7,68.5,79.7,80.5,31.8,28.0,42.6,43.5,52,10.6,14
0.5,0.25,2.0,Michigan,55.5,47,66,54.0,40.7,39.0,53,0.1,1.0,61.2,63.0,63.5,66.0,69.0,71.0,18.8,18.5,22,25.7,32
2.0,0.01,0.5,Kansas,55.6,45,80,48.0,45.8,46.5,49,0.0,0.0,64.5,66.0,70.6,71.5,40.3,28.0,24.3,24.5,30,15.3,21
2.0,0.05,2.0,Wyoming,55.7,33,68,65.0,11.9,12.0,13,0.0,0.0,67.7,68.0,72.5,73.0,84.0,93.0,2.7,3.0,4,0.9,1
2.0,0.05,1.0,Arizona,55.7,41,61,59.0,8.1,8.0,9,0.1,1.0,60.8,61.0,62.8,62.0,28.0,28.0,4.5,4.0,9,2.9,4
0.5,0.05,0.5,Iowa,55.7,50,62,54.5,24.5,25.0,28,0.7,5.0,58.4,60.0,62.9,62.0,39.9,28.0,83.6,84.0,99,50.0,55
ALL,ALL,ALL,Idaho,55.77777777777778,47,127,50.0,10.15,10.0,15,1.0277777777777777,11.0,62.330555555555556,58.0,70.13055555555556,59.0,29.78611111111111,28.0,43.897222222222226,47.0,62,14.86111111111111,21
0.5,0.25,1.0,Utah,55.8,45,57,57.0,15.4,15.5,17,0.7,1.0,64.1,64.5,67.2,67.0,62.1,61.0,9.5,9.0,13,3.6,5
2.0,0.1,2.0,Vermont,55.8,51,99,51.0,9.5,10.0,12,0.4,2.0,82.7,79.0,103.4,106.5,49.6,28.0,19.5,19.5,22,4.5,7
2.0,0.25,0.5,Utah,55.8,45,57,57.0,17.3,17.5,19,0.7,1.0,63.6,64.5,67.3,67.0,61.7,61.0,9.3,9.0,13,4.8,7
0.5,0.05,0.5,Ohio,55.8,54,63,54.0,47.7,47.5,52,0.0,0.0,63.9,63.0,71.9,73.0,76.7,75.0,17.0,16.5,21,9.1,12
0.5,0.05,1.0,Ohio,55.8,54,63,54.0,51.5,51.0,54,0.0,0.0,63.3,63.0,71.4,73.0,77.6,75.0,21.0,21.0,27,11.4,15
2.0,0.1,0.5,Ohio,55.8,54,63,54.0,62.8,63.0,67,0.0,0.0,62.9,63.0,68.2,70.5,74.1,75.0,23.3,24.0,30,12.3,19
ALL,ALL,ALL,South Dakota,55.99166666666667,36,116,55.0,39.861111111111114,41.0,49,0.008333333333333333,1.0,60.46666666666667,56.0,63.111111111111114,57.0,71.375,64.0,16.363888888888887,17.0,24,6.625,15
1.0,0.05,0.5,Ohio,56.0,54,63,54.0,54.9,55.0,59,0.0,0.0,64.8,63.0,72.8,73.0,77.1,75.0,20.2,20.5,24,10.5,16
1.0,0.05,1.0,Ohio,56.0,54,63,54.0,58.8,59.0,63,0.0,0.0,64.3,63.0,72.1,73.0,78.9,75.0,21.6,22.5,24,13.1,20
2.0,0.25,1.0,Washington,56.0,47,59,59.0,12.3,12.0,16,1.7,3.0,66.7,70.0,76.2,77.0,28.0,28.0,22.6,22.0,25,14.0,16
0.5,0.25,1.0,Missouri,56.0,42,62,61.0,61.9,61.5,66,0.1,1.0,59.3,62.0,63.5,66.0,28.0,28.0,9.2,9.0,12,14.5,19
2.0,0.05,2.0,Arizona,56.2,41,62,60.0,8.0,8.0,9,0.0,0.0,61.2,61.0,63.9,62.0,28.0,28.0,3.6,3.5,5,3.0,4
0.5,0.05,2.0,Ohio,56.3,54,63,54.0,59.1,59.5,62,0.0,0.0,64.0,63.0,70.9,71.0,73.4,75.0,20.4,20.5,23,11.4,15
1.0,0.25,1.0,North Dakota,56.4,48,63,60.0,21.4,21.0,23,0.0,0.0,60.2,63.0,64.7,64.0,28.0,28.0,11.1,12.0,13,4.0,6
0.5,0.1,1.0,Vermont,56.4,51,105,51.0,9.8,10.0,11,0.2,2.0,76.0,69.5,95.6,105.0,56.0,28.0,19.8,20.0,23,4.2,6
0.5,0.1,1.0,Wisconsin,56.4,48,65,57.0,33.1,33.0,37,0.4,1.0,60.6,61.0,61.7,63.0,28.0,28.0,71.3,70.0,82,28.7,32
ALL,ALL,ALL,Florida,56.425,44,124,44.0,9.075,9.0,17,8.494444444444444,19.0,74.20833333333333,66.0,88.40277777777777,74.0,33.71111111111111,28.0,48.08611111111111,50.0,80,23.6,29
2.0,0.25,0.5,Massachusetts,56.5,48,61,59.5,7.7,8.0,8,0.0,0.0,72.4,67.5,86.3,93.5,100.83333333333333,82.0,2.0,2.0,3,0.0,0
0.5,0.1,2.0,Wisconsin,56.5,48,64,57.0,32.1,32.0,36,0.4,1.0,58.8,61.0,60.3,63.0,28.0,28.0,77.8,77.0,88,29.7,34
1.0,0.05,2.0,Ohio,56.7,54,63,54.0,60.2,60.0,66,0.0,0.0,65.8,63.0,70.7,73.0,78.2,75.0,23.6,22.0,32,12.4,17
1.0,0.1,0.5,Wisconsin,56.7,48,63,57.0,32.8,31.5,40,0.3,1.0,59.5,62.0,61.7,63.0,28.0,28.0,73.6,73.0,84,29.7,35
ALL,ALL,ALL,Nebraska,56.71944444444444,32,112,55.0,41.34444444444444,43.0,55,0.0,0.0,66.76944444444445,56.0,73.53611111111111,69.0,90.96100278551532,96.0,5.825,6.0,14,4.530555555555556,9
0.5,0.1,0.5,Wisconsin,56.8,51,61,57.0,31.2,32.5,34,0.3,1.0,59.6,62.0,60.8,63.0,30.5,28.0,65.2,64.0,76,28.6,39
1.0,0.1,1.0,New York,56.8,44,60,60.0,12.1,12.0,17,0.2,2.0,71.2,75.0,82.1,88.0,28.0,28.0,186.5,186.0,213,39.3,44
0.5,0.25,2.0,New York,56.8,44,60,60.0,11.5,11.0,14,0.3,2.0,66.9,65.5,72.2,71.0,28.0,28.0,188.1,185.5,210,40.1,43
ALL,ALL,ALL,Ohio,56.80277777777778,41,63,54.0,56.34166666666667,58.0,69,0.013888888888888888,2.0,69.66388888888889,63.0,79.11944444444444,71.0,83.09166666666667,75.0,20.897222222222222,21.0,35,11.294444444444444,20
2.0,0.05,0.5,Arizona,56.9,41,60,58.0,7.7,7.0,10,0.0,0.0,60.1,60.0,62.0,62.0,28.0,28.0,4.0,4.0,6,3.3,4
0.5,0.25,1.0,South Carolina,57.0,57,57,57.0,7.7,8.0,11,0.0,0.0,74.7,71.0,92.4,90.5,124.6,126.0,3.3,3.5,5,0.0,0
2.0,0.25,2.0,South Carolina,57.0,57,57,57.0,18.6,18.5,20,0.0,0.0,70.8,71.0,86.7,90.5,131.8,139.0,4.5,4.0,6,0.2,1
2.0,0.1,1.0,South Carolina,57.0,57,57,57.0,14.3,14.5,15,0.0,0.0,74.9,71.0,102.4,91.0,118.9,135.0,4.5,4.0,7,0.9,1
2.0,0.25,0.5,South Carolina,57.0,57,57,57.0,15.4,15.5,16,0.0,0.0,76.8,71.0,93.2,90.5,123.4,131.0,5.1,5.0,6,1.0,1
0.5,0.25,2.0,Utah,57.0,57,57,57.0,17.1,17.0,19,0.9,1.0,64.6,65.0,68.4,70.0,62.7,61.0,9.9,10.0,12,4.9,7
2.0,0.25,2.0,Utah,57.0,57,57,57.0,17.4,17.5,19,1.0,1.0,64.8,65.0,68.7,69.5,61.0,61.0,10.5,10.0,12,5.0,6
2.0,0.25,1.0,Utah,57.0,57,57,57.0,17.5,18.0,19,1.0,1.0,64.7,65.0,68.3,69.5,61.0,61.0,9.8,9.5,12,5.1,7
2.0,0.1,0.5,Utah,57.0,45,63,57.0,16.2,17.0,18,0.5,1.0,64.2,65.0,67.9,70.0,62.8,63.0,9.6,9.0,12,5.3,7
0.5,0.01,1.0,Colorado,57.0,39,84,53.0,11.4,11.5,14,0.1,1.0,70.8,68.5,85.2,92.5,41.0,28.0,33.9,34.0,38,8.9,13
2.0,0.1,1.0,Wisconsin,57.0,48,63,57.0,33.3,33.0,37,0.4,1.0,60.7,62.0,62.0,63.0,28.0,28.0,72.7,72.5,84,29.5,33
2.0,0.25,2.0,Massachusetts,57.1,48,61,61.0,7.5,7.5,8,0.0,0.0,84.1,93.0,89.3,100.0,252.3,207.0,1.4,1.0,2,0.0,0
1.0,0.25,0.5,South Carolina,57.2,57,59,57.0,9.7,10.0,10,0.0,0.0,70.7,71.0,84.7,90.0,110.0,131.0,3.5,4.0,5,0.0,0
0.5,0.25,2.0,South Carolina,57.2,57,59,57.0,14.3,14.0,16,0.0,0.0,70.9,71.0,88.7,91.0,125.4,131.0,4.4,5.0,6,0.0,0
1.0,0.25,1.0,South Carolina,57.2,57,59,57.0,14.6,14.0,17,0.0,0.0,71.0,71.0,90.4,90.0,121.2,131.0,4.8,5.0,7,0.9,1
2.0,0.25,1.0,South Carolina,57.2,57,59,57.0,17.3,17.5,18,0.0,0.0,70.8,71.0,86.6,90.0,134.2,139.0,4.6,4.5,6,1.0,1
1.0,0.05,2.0,Georgia,57.2,45,74,52.0,51.3,52.0,54,0.0,0.0,68.9,67.0,77.4,74.0,85.6,107.5,3.7,4.0,6,3.9,6
1.0,0.05,1.0,Georgia,57.3,45,72,53.5,44.0,44.0,47,0.0,0.0,63.0,65.5,70.6,68.5,100.9,114.0,3.5,3.0,6,2.5,4
1.0,0.1,0.5,South Carolina,57.4,57,59,57.0,7.6,7.5,10,0.0,0.0,78.8,71.0,108.2,91.0,113.4,131.0,3.1,3.0,5,0.0,0
0.5,0.1,1.0,South Carolina,57.4,57,59,57.0,6.7,7.0,9,0.0,0.0,84.7,80.5,115.7,91.0,111.6,126.0,3.2,3.5,6,0.0,0
0.5,0.25,2.0,Wyoming,57.4,33,65,63.0,12.4,12.0,13,0.0,0.0,67.7,68.0,72.5,73.0,82.8,93.0,2.3,2.0,3,0.5,1
2.0,0.1,2.0,South Carolina,57.4,57,59,57.0,15.7,15.5,17,0.0,0.0,77.0,71.0,117.5,129.0,112.5,131.0,4.4,4.5,6,0.8,1
1.0,0.1,2.0,South Carolina,57.4,57,59,57.0,14.7,14.5,16,0.0,0.0,78.8,71.0,102.2,91.0,62.4,28.0,6.5,7.0,8,1.1,2
2.0,0.01,0.5,New Mexico,57.5,49,64,61.5,12.7,13.0,14,0.5,1.0,69.2,73.0,92.5,97.0,28.0,28.0,14.7,15.5,19,2.9,4
0.5,0.25,1.0,Washington,57.5,47,59,59.0,10.7,10.0,13,2.4,3.0,67.8,70.0,76.6,77.0,28.0,28.0,20.4,20.0,23,14.8,17
0.5,0.1,0.5,Michigan,57.5,47,75,55.0,35.2,34.5,45,0.8,3.0,63.2,60.0,69.0,66.0,75.1,71.5,12.5,12.0,17,20.2,26
0.5,0.1,0.5,Utah,57.6,57,63,57.0,12.1,12.0,14,0.5,1.0,64.1,64.5,67.5,67.5,66.4,65.0,7.9,7.5,11,3.0,4
1.0,0.1,2.0,Utah,57.6,57,63,57.0,16.3,16.5,19,0.8,1.0,64.7,65.0,69.0,70.0,62.2,61.0,9.9,10.5,12,5.0,7
2.0,0.1,2.0,Utah,57.6,57,63,57.0,15.8,16.0,18,0.5,1.0,64.1,64.5,67.9,70.0,67.3,65.0,9.3,9.0,12,5.5,7
1.0,0.01,2.0,New Mexico,57.7,37,70,59.5,12.3,12.0,14,0.8,3.0,76.0,76.0,98.7,101.0,28.0,28.0,14.9,13.5,24,3.6,5
0.5,0.25,1.0,Massachusetts,57.8,48,61,61.0,7.0,7.0,7,0.0,0.0,77.9,83.5,92.8,100.0,116.0,82.0,1.5714285714285714,1.0,3,0.0,0
2.0,0.05,2.0,Florida,57.8,44,72,66.0,7.6,8.0,9,5.2,15.0,68.7,66.0,85.3,74.0,28.0,28.0,59.7,58.5,71,26.7,29
0.5,0.05,0.5,Arizona,57.9,41,62,60.0,7.0,7.0,9,0.0,0.0,60.3,60.5,62.3,62.0,28.0,28.0,3.0,3.0,4,3.6,5
2.0,0.01,1.0,Colorado,57.9,39,95,51.0,17.1,17.5,23,0.3,3.0,70.5,66.5,84.2,82.5,35.2,28.0,45.9,47.0,52,11.1,15
0.5,0.25,0.5,Washington,58.0,47,70,59.0,10.1,10.0,13,1.5,3.0,66.3,70.0,76.9,77.0,28.0,28.0,18.0,18.0,20,13.6,15
1.0,0.25,1.0,Washington,58.0,47,70,59.0,11.3,11.0,14,1.5,3.0,66.3,70.0,76.6,77.0,28.0,28.0,23.6,23.5,25,14.8,17
1.0,0.05,1.0,Arizona,58.1,41,60,60.0,7.7,7.5,9,0.0,0.0,60.6,60.5,62.2,62.0,28.0,28.0,4.9,5.0,7,3.2,4
1.0,0.25,2.0,Washington,58.1,56,59,59.0,11.0,11.0,13,2.1,3.0,66.7,70.0,77.9,77.0,28.0,28.0,23.7,23.5,29,15.0,17
2.0,0.1,0.5,Wyoming,58.2,33,65,65.0,12.2,12.0,13,0.0,0.0,65.3,68.0,71.0,73.0,82.8,93.0,2.3,2.0,3,0.8,1
0.5,0.1,1.0,Utah,58.2,57,63,57.0,13.0,13.0,14,0.7,1.0,64.7,65.0,69.0,70.0,65.2,61.0,9.5,9.5,12,4.4,6
2.0,0.25,0.5,North Dakota,58.2,48,63,63.0,21.6,21.0,24,0.0,0.0,61.2,64.0,65.8,66.0,31.3,28.0,11.5,11.0,13,6.1,8
2.0,0.1,0.5,New York,58.3,44,75,60.0,12.8,13.0,16,0.2,1.0,70.2,71.0,77.6,75.0,28.0,28.0,190.7,190.0,204,39.0,42
1.0,0.01,1.0,New Mexico,58.4,43,70,64.0,12.6,13.0,14,0.8,1.0,72.0,75.0,99.3,97.0,28.0,28.0,15.1,15.5,20,2.9,4
1.0,0.05,0.5,Vermont,58.4,51,107,51.0,9.4,9.5,11,1.3,3.0,102.3,107.0,117.0,119.5,34.6,28.0,18.7,19.0,23,4.6,7
2.0,0.1,1.0,Utah,58.4,57,63,57.0,16.6,17.0,18,0.4,1.0,64.2,65.0,68.0,70.0,63.7,65.0,9.9,9.0,15,4.6,7
1.0,0.25,0.5,Washington,58.4,56,59,59.0,10.1,10.0,11,2.4,3.0,67.8,70.0,77.0,77.0,28.0,28.0,22.7,23.0,25,14.7,16
2.0,0.25,2.0,Washington,58.4,56,59,59.0,11.7,12.0,13,2.4,3.0,67.8,70.0,77.9,77.0,28.0,28.0,23.3,23.0,25,14.7,17
2.0,0.1,2.0,Michigan,58.4,52,70,54.0,43.9,43.5,54,0.6,4.0,67.4,66.0,70.1,67.5,80.7,84.0,17.9,18.0,24,21.6,27
2.0,0.1,1.0,New York,58.4,44,60,60.0,13.0,13.0,16,0.0,0.0,70.0,71.0,77.5,75.0,28.0,28.0,182.8,182.0,196,38.7,42
2.0,0.05,1.0,Ohio,58.5,54,63,58.5,62.0,61.0,67,0.0,0.0,65.5,63.0,70.6,73.0,78.4,75.0,23.6,22.0,30,11.9,17
0.5,0.1,2.0,South Carolina,58.6,57,71,57.0,12.2,12.0,13,0.0,0.0,76.9,71.0,104.7,91.0,119.0,131.0,3.6,3.5,5,0.1,1
1.0,0.05,2.0,Wyoming,58.6,33,65,65.0,12.2,12.0,13,0.0,0.0,68.9,68.0,73.9,73.0,89.1,93.0,3.1,3.0,5,0.8,1
1.0,0.1,1.0,Wyoming,58.6,33,65,65.0,12.1,12.0,13,0.0,0.0,64.5,68.0,72.5,73.0,82.8,93.0,2.7,3.0,4,0.9,1
1.0,0.25,2.0,South Carolina,58.6,57,71,57.0,15.5,15.0,17,0.0,0.0,73.0,71.0,92.8,90.5,48.6,28.0,6.6,6.0,9,1.0,1
2.0,0.25,0.5,Washington,58.6,47,70,59.0,12.1,12.0,14,1.9,3.0,68.8,70.0,76.9,77.0,28.0,28.0,22.4,23.0,24,13.7,16
0.5,0.01,0.5,Minnesota,58.6,52,61,61.0,32.7,32.0,38,0.2,2.0,66.3,69.0,71.1,73.0,65.6,73.0,31.8,32.5,36,28.8,36
0.5,0.05,1.0,Georgia,58.8,45,74,58.0,36.1,36.0,40,0.0,0.0,69.8,71.5,79.8,74.5,92.2,114.0,3.0,3.0,5,0.9,2
2.0,0.1,0.5,South Carolina,58.8,57,71,57.0,13.5,13.5,15,0.0,0.0,78.8,71.0,106.2,91.0,115.5,131.0,5.8,6.0,7,0.9,1
1.0,0.1,1.0,Utah,58.8,57,63,57.0,16.5,17.0,18,0.6,1.0,64.7,65.0,69.0,70.0,63.4,65.0,9.1,8.5,12,4.7,7
1.0,0.01,0.5,Minnesota,58.8,52,61,60.0,34.9,35.0,43,0.0,0.0,64.1,63.5,70.6,69.0,64.9,72.5,39.4,39.5,45,30.7,36
0.5,0.01,2.0,New Mexico,58.9,43,70,59.5,12.4,13.0,14,0.4,2.0,67.7,69.0,99.8,103.0,28.0,28.0,14.9,14.5,21,2.6,3
0.5,0.05,0.5,Nebraska,58.9,55,69,56.0,27.0,27.5,29,0.0,0.0,65.4,69.0,70.2,70.0,94.9,85.0,4.2,3.5,7,3.8,5
0.5,0.1,2.0,Utah,59.0,57,63,57.0,16.5,16.5,18,0.5,1.0,65.1,65.0,69.5,70.0,68.6,65.0,8.5,8.5,12,5.0,6
1.0,0.05,1.0,New York,59.0,44,71,60.0,10.9,10.0,15,0.0,0.0,72.1,75.0,87.5,88.0,28.0,28.0,178.3,179.0,193,39.6,41
1.0,0.1,2.0,Massachusetts,59.1,48,61,61.0,6.8,7.0,8,0.0,0.0,85.9,93.0,97.9,102.5,179.22222222222223,207.0,2.111111111111111,2.0,3,0.3,1
1.0,0.25,0.5,North Dakota,59.1,48,63,61.5,18.8,18.5,20,0.0,0.0,61.9,63.5,64.8,65.0,28.0,28.0,10.0,10.0,12,2.2,4
2.0,0.25,1.0,North Dakota,59.1,48,63,61.5,24.2,24.0,26,0.0,0.0,61.9,63.5,65.1,65.0,34.1,28.0,12.0,12.0,15,5.6,7
0.5,0.01,1.0,New Mexico,59.2,43,64,64.0,11.2,11.5,13,0.9,2.0,68.1,69.5,95.1,100.5,28.0,28.0,11.8,11.0,19,3.4,4
0.5,0.1,0.5,Washington,59.2,56,70,59.0,10.5,11.0,13,1.9,4.0,70.5,70.0,81.0,80.0,28.0,28.0,17.9,18.0,20,12.3,16
ALL,ALL,ALL,Massachusetts,59.208333333333336,48,61,61.0,6.597222222222222,7.0,9,0.0,0.0,104.57777777777778,100.0,122.03611111111111,105.0,192.30575539568346,207.0,1.5714285714285714,1.0,5,0.13333333333333333,2
0.5,0.25,0.5,South Carolina,59.3,57,70,59.0,6.1,6.0,7,0.0,0.0,71.0,71.0,90.4,90.0,120.3,131.0,2.0,2.0,3,0.0,0
1.0,0.05,1.0,Wyoming,59.3,33,69,65.0,11.8,12.0,12,0.0,0.0,69.1,68.0,73.4,73.0,82.8,93.0,2.8,3.0,4,1.0,1
0.5,0.25,2.0,Massachusetts,59.4,48,61,61.0,7.3,7.0,8,0.0,0.0,82.7,93.0,93.5,100.0,143.5,144.5,1.3333333333333333,1.0,2,0.0,0
2.0,0.1,0.5,Massachusetts,59.4,48,61,61.0,7.2,7.0,8,0.0,0.0,88.7,93.5,96.9,100.0,217.25,207.0,1.625,1.5,3,0.0,0
0.5,0.1,0.5,South Carolina,59.4,57,71,59.0,4.5,5.0,7,0.0,0.0,82.6,71.0,110.2,121.5,124.3,131.0,1.9,2.0,3,0.0,0
1.0,0.05,2.0,Massachusetts,59.4,48,61,61.0,6.5,6.5,7,0.0,0.0,94.5,100.0,104.0,105.0,188.77777777777777,207.0,2.2222222222222223,2.0,4,0.2,1
1.0,0.1,1.0,Massachusetts,59.4,48,61,61.0,6.8,7.0,7,0.0,0.0,89.9,97.0,97.9,102.5,192.44444444444446,207.0,1.3333333333333333,1.0,3,0.2,1
0.5,0.25,1.0,North Dakota,59.4,48,63,63.0,18.8,18.5,21,0.0,0.0,62.0,64.0,65.9,66.0,28.0,28.0,9.1,9.0,11,2.0,4
2.0,0.05,2.0,Ohio,59.4,54,63,63.0,62.4,63.0,67,0.0,0.0,66.1,63.0,73.7,73.0,78.6,75.0,23.9,25.0,29,11.6,17
0.5,0.05,2.0,Wyoming,59.5,33,68,65.0,11.7,12.0,12,0.0,0.0,68.2,68.0,74.2,73.0,92.0,93.0,2.3,2.5,3,0.9,1
1.0,0.01,2.0,Minnesota,59.5,43,69,61.0,36.8,37.0,45,0.0,0.0,67.7,71.0,74.0,74.0,80.6,84.0,42.0,44.0,48,32.5,41
1.0,0.05,2.0,Utah,59.6,57,63,58.0,14.9,15.0,18,0.4,1.0,65.1,65.0,69.0,70.0,66.8,65.0,9.1,9.0,11,5.7,7
2.0,0.05,2.0,Wisconsin,59.6,48,76,59.0,34.1,33.5,40,0.1,1.0,63.0,61.5,65.8,65.5,28.0,28.0,73.3,74.5,83,28.0,32
0.5,0.25,0.5,North Dakota,59.7,48,63,63.0,16.4,16.0,21,0.0,0.0,62.1,64.0,66.1,66.0,75.3,79.5,6.2,6.0,7,2.2,3
2.0,0.05,0.5,Vermont,59.7,51,110,51.0,9.0,9.0,11,0.5,2.0,91.2,94.5,108.4,116.5,53.2,28.0,18.3,18.5,22,5.0,7
1.0,0.25,2.0,North Dakota,59.7,48,63,63.0,24.8,24.5,26,0.0,0.0,62.1,64.0,66.4,66.0,28.0,28.0,11.9,12.0,15,5.2,7
2.0,0.25,2.0,Missouri,59.7,49,66,61.0,72.8,73.5,77,0.1,1.0,62.1,62.0,65.7,66.0,105.2,104.5,12.9,12.5,15,17.2,22
1.0,0.1,0.5,Missouri,59.8,49,61,61.0,60.0,60.5,66,0.1,1.0,63.7,63.0,65.8,66.0,36.0,28.0,8.9,9.0,13,12.8,15
1.0,0.05,0.5,Wisconsin,59.8,51,65,61.0,34.4,34.5,39,0.4,2.0,65.5,65.0,66.4,66.5,36.1,28.0,69.1,69.5,78,27.3,33
1.0,0.05,1.0,Wisconsin,59.8,51,65,61.0,34.6,35.5,37,0.0,0.0,62.3,63.5,64.4,64.0,32.6,28.0,76.7,78.5,82,27.7,34
2.0,0.05,2.0,New York,59.8,44,95,60.0,11.9,12.0,18,0.1,1.0,76.2,75.0,87.6,91.5,28.0,28.0,177.4,179.0,194,38.4,42
1.0,0.25,1.0,Indiana,59.9,55,72,57.0,46.2,45.5,50,0.2,1.0,64.9,64.5,69.5,71.0,70.2,68.0,20.2,19.0,29,25.1,29
2.0,0.1,2.0,New York,59.9,44,75,60.0,11.9,12.5,15,0.2,1.0,70.9,71.0,76.9,75.0,28.0,28.0,187.3,191.0,200,39.8,44
0.5,0.1,0.5,North Carolina,60.0,60,60,60.0,14.1,13.0,16,0.0,0.0,106.4,107.0,114.2,123.0,163.625,145.0,1.5,1.0,3,1.8,3
0.5,0.25,0.5,North Carolina,60.0,60,60,60.0,17.7,17.5,20,0.0,0.0,94.4,92.5,103.5,99.0,133.8,141.0,2.4,2.0,5,1.9,3
0.5,0.25,1.0,North Carolina,60.0,60,60,60.0,22.6,23.0,25,0.0,0.0,93.8,91.0,99.3,99.0,130.5,132.0,3.1,3.0,5,2.0,3
1.0,0.1,0.5,North Carolina,60.0,60,60,60.0,22.1,22.0,24,0.0,0.0,98.6,101.0,113.8,116.5,149.8,140.5,3.5,4.0,5,2.3,3
1.0,0.25,0.5,North Carolina,60.0,60,60,60.0,24.3,24.0,28,0.0,0.0,94.4,94.0,101.6,101.0,158.7,117.0,2.6,3.0,5,2.7,3
0.5,0.05,1.0,North Carolina,60.0,60,60,60.0,17.0,17.0,20,0.0,0.0,113.0,120.5,124.8,128.5,186.625,181.0,1.4,1.0,3,2.7,4
0.5,0.1,1.0,North Carolina,60.0,60,60,60.0,19.9,19.5,23,0.0,0.0,104.1,101.0,114.1,117.0,184.9,144.0,2.5,2.5,5,2.9,5
0.5,0.1,2.0,North Carolina,60.0,60,60,60.0,25.0,24.5,27,0.0,0.0,94.7,91.0,107.9,104.0,129.4,117.0,4.1,4.0,7,3.0,4
1.0,0.1,0.5,Utah,60.0,57,63,60.0,14.2,14.0,16,0.3,1.0,64.6,65.0,68.9,70.0,65.8,65.0,10.0,10.0,13,3.3,5
2.0,0.1,0.5,North Carolina,60.0,60,60,60.0,27.4,27.0,30,0.0,0.0,104.2,101.0,112.8,112.0,164.3,147.0,3.4,4.0,5,3.6,5
0.5,0.25,2.0,North Carolina,60.0,60,60,60.0,26.2,26.0,28,0.0,0.0,94.6,97.0,100.5,101.0,117.5,114.5,5.0,5.0,8,3.7,5
1.0,0.25,1.0,North Carolina,60.0,60,60,60.0,26.5,26.0,28,0.0,0.0,91.9,91.0,97.8,97.0,127.9,117.0,4.4,4.5,6,3.7,4
2.0,0.1,2.0,North Carolina,60.0,60,60,60.0,28.3,28.5,30,0.0,0.0,100.6,101.0,111.1,104.0,134.3,143.0,5.8,6.0,7,3.8,6
1.0,0.25,2.0,North Carolina,60.0,60,60,60.0,29.0,29.0,30,0.0,0.0,93.6,92.0,99.0,99.0,144.2,117.0,6.4,7.0,8,3.9,5
2.0,0.05,0.5,North Carolina,60.0,60,60,60.0,24.5,24.0,27,0.0,0.0,115.6,119.5,124.0,124.0,193.8,164.0,3.3,2.5,6,3.9,6
2.0,0.25,0.5,North Carolina,60.0,60,60,60.0,28.0,28.0,30,0.0,0.0,93.0,91.0,98.6,97.0,130.0,129.0,4.6,4.5,7,3.9,5
2.0,0.1,1.0,North Carolina,60.0,60,60,60.0,27.5,28.0,29,0.0,0.0,102.3,101.0,109.7,104.0,174.2,145.0,5.4,6.0,8,3.9,6
1.0,0.05,2.0,North Carolina,60.0,60,60,60.0,24.7,24.0,27,0.0,0.0,112.6,109.0,126.2,126.5,174.1,152.5,3.8,3.5,7,4.2,6
1.0,0.1,1.0,North Carolina,60.0,60,60,60.0,24.5,24.0,28,0.0,0.0,101.9,101.0,116.1,122.0,147.0,140.5,4.6,4.5,6,4.3,6
2.0,0.25,1.0,North Carolina,60.0,60,60,60.0,29.8,30.0,32,0.0,0.0,93.0,91.0,98.5,97.0,116.4,112.0,6.1,6.0,8,4.4,5
2.0,0.05,1.0,North Carolina,60.0,60,60,60.0,25.3,25.0,28,0.0,0.0,113.0,120.0,121.9,124.0,162.8,146.0,5.2,5.0,7,4.5,6
0.5,0.05,2.0,North Carolina,60.0,60,60,60.0,20.3,20.5,22,0.0,0.0,116.9,122.0,126.4,126.5,202.4,181.0,2.8,3.0,4,4.6,7
2.0,0.25,2.0,North Carolina,60.0,60,60,60.0,29.1,29.0,31,0.0,0.0,94.7,95.5,100.7,101.0,129.4,114.5,7.3,7.5,10,4.6,6
1.0,0.05,1.0,North Carolina,60.0,60,60,60.0,21.3,21.0,24,0.0,0.0,108.1,102.5,122.2,124.0,177.0,154.0,4.0,4.5,7,4.7,6
1.0,0.1,2.0,North Carolina,60.0,60,60,60.0,27.1,27.0,30,0.0,0.0,103.3,99.0,108.9,104.0,167.3,146.0,4.9,4.5,8,4.9,6
1.0,0.25,0.5,Indiana,60.0,55,74,57.0,47.5,47.0,52,0.1,1.0,68.1,71.0,73.4,74.0,68.8,67.0,18.1,18.0,21,19.2,24
0.5,0.05,2.0,Wisconsin,60.0,51,65,62.0,33.2,33.0,37,0.1,1.0,62.9,64.0,64.9,65.0,28.0,28.0,74.2,74.0,83,28.2,33
1.0,0.1,0.5,Massachusetts,60.1,58,61,61.0,7.0,7.0,8,0.0,0.0,86.3,93.5,101.3,102.5,189.14285714285714,207.0,0.875,1.0,1,0.1,1
0.5,0.1,1.0,Massachusetts,60.1,58,61,61.0,6.7,7.0,7,0.0,0.0,88.0,96.5,104.3,105.0,123.66666666666667,82.0,0.75,1.0,1,0.1,1
0.5,0.1,2.0,Massachusetts,60.1,58,61,61.0,6.9,7.0,8,0.0,0.0,87.6,100.0,103.9,105.0,175.75,207.0,1.2222222222222223,1.0,2,0.1,1
0.5,0.1,0.5,Massachusetts,60.1,58,61,61.0,6.9,7.0,8,0.0,0.0,86.9,96.5,103.1,105.0,115.66666666666667,82.0,1.0,1.0,2,0.1,1
2.0,0.05,2.0,Massachusetts,60.1,58,61,61.0,6.9,7.0,8,0.0,0.0,92.1,100.0,105.7,105.0,194.5,207.0,1.9,2.0,4,0.3,1
0.5,0.25,2.0,Washington,60.1,59,70,59.0,11.5,11.5,13,2.9,5.0,71.4,70.0,77.6,77.0,28.0,28.0,22.7,22.5,25,14.0,16
0.5,0.25,2.0,Missouri,60.1,51,62,61.0,65.8,66.0,69,0.0,0.0,61.9,62.0,64.8,65.0,36.7,28.0,13.8,14.0,19,17.3,22
2.0,0.1,2.0,Wisconsin,60.1,51,63,62.0,32.3,32.0,37,0.2,1.0,62.1,63.0,63.1,64.0,28.0,28.0,69.8,69.5,77,30.5,37
2.0,0.01,0.5,Minnesota,60.1,52,66,61.0,36.6,35.5,45,0.1,1.0,68.0,66.0,74.6,69.0,80.5,80.5,38.5,38.5,51,33.6,43
0.5,0.05,0.5,Utah,60.2,57,65,60.0,10.8,11.0,13,0.3,1.0,66.0,65.0,69.3,70.0,69.0,65.0,8.2,7.5,12,3.2,5
2.0,0.05,1.0,Wisconsin,60.2,51,64,61.0,34.6,35.0,38,0.2,1.0,62.2,63.0,63.9,64.0,28.0,28.0,70.9,68.5,88,27.7,32
2.0,0.01,1.0,Minnesota,60.2,56,61,61.0,37.4,38.0,45,0.1,1.0,67.8,69.0,76.6,78.5,69.4,76.5,41.3,41.0,49,32.5,37
ALL,ALL,ALL,Wisconsin,60.24166666666667,40,92,60.5,34.22222222222222,34.0,44,0.22777777777777777,2.0,65.38333333333334,63.0,67.91944444444445,64.0,30.711111111111112,28.0,70.32777777777778,71.0,99,27.455555555555556,39
1.0,0.05,2.0,Wisconsin,60.3,42,70,63.0,34.7,35.0,39,0.1,1.0,63.2,64.0,65.0,65.0,28.0,28.0,69.8,69.0,84,27.3,31
0.5,0.05,0.5,Wisconsin,60.3,57,64,60.5,29.9,30.0,35,0.3,1.0,65.3,65.0,67.9,69.0,28.0,28.0,60.7,59.0,73,29.6,37
1.0,0.05,1.0,Massachusetts,60.4,58,61,61.0,6.7,7.0,8,0.0,0.0,97.7,100.0,109.0,105.0,175.75,207.0,1.625,2.0,2,0.1,1
0.5,0.05,2.0,Massachusetts,60.4,58,61,61.0,6.7,7.0,8,0.0,0.0,93.2,100.0,107.0,105.0,178.22222222222223,207.0,1.4444444444444444,1.0,2,0.2,1
1.0,0.1,1.0,South Carolina,60.4,57,91,57.0,12.5,12.5,14,0.0,0.0,82.6,71.0,109.1,91.0,123.0,131.0,3.3,3.0,5,0.6,1
2.0,0.01,2.0,California,60.4,51,74,52.0,5.7,5.5,11,4.7,19.0,70.1,53.0,130.9,127.5,28.0,28.0,79.1,79.5,95,30.3,32
2.0,0.01,2.0,Minnesota,60.5,58,65,61.0,36.7,36.5,44,0.1,1.0,69.8,64.5,75.8,67.5,76.2,72.0,43.6,43.5,50,33.2,37
0.5,0.05,1.0,Utah,60.6,57,63,63.0,12.5,12.5,14,0.3,1.0,65.2,65.0,69.0,70.0,65.4,65.0,10.2,11.0,13,3.8,6
2.0,0.25,2.0,North Dakota,60.6,48,63,63.0,24.2,24.0,25,0.0,0.0,62.8,64.0,66.9,69.0,28.0,28.0,12.1,12.0,13,6.5,8
2.0,0.05,0.5,Massachusetts,60.7,58,61,61.0,6.9,7.0,8,0.0,0.0,98.9,100.0,109.1,105.0,206.5,207.0,2.1,2.0,4,0.0,0
2.0,0.1,2.0,Massachusetts,60.7,58,61,61.0,7.5,7.0,9,0.0,0.0,95.4,100.0,105.2,105.0,194.5,207.0,2.0,2.0,3,0.0,0
1.0,0.05,0.5,Massachusetts,60.7,58,61,61.0,6.7,7.0,7,0.0,0.0,99.9,100.0,109.6,105.0,189.125,207.0,1.125,1.0,2,0.1,1
2.0,0.05,1.0,Massachusetts,60.7,58,61,61.0,6.6,7.0,7,0.0,0.0,96.1,100.0,106.8,105.0,192.11111111111111,207.0,2.111111111111111,2.0,4,0.1,1
2.0,0.1,1.0,Massachusetts,60.7,58,61,61.0,7.1,7.0,8,0.0,0.0,94.0,100.0,103.5,105.0,219.11111111111111,207.0,1.5555555555555556,1.0,3,0.1,1
0.5,0.05,1.0,Massachusetts,60.7,58,61,61.0,6.2,6.0,7,0.0,0.0,99.3,100.0,107.8,105.0,207.0,207.0,1.0,1.0,1,0.2,1
1.0,0.01,1.0,Massachusetts,60.7,58,61,61.0,5.4,5.0,6,0.0,0.0,138.6,146.0,189.9,193.5,260.57142857142856,207.0,1.375,1.0,3,0.3,1
1.0,0.01,2.0,Massachusetts,60.7,58,61,61.0,5.5,6.0,6,0.0,0.0,155.3,150.0,183.0,182.0,290.5,207.0,1.7777777777777777,2.0,3,0.5,2
0.5,0.01,2.0,Kansas,60.8,45,77,62.5,42.0,41.0,48,0.0,0.0,69.6,72.5,78.8,80.0,41.9,28.0,17.1,16.5,25,10.9,13
2.0,0.01,2.0,Idaho,60.8,50,77,50.0,11.0,11.5,15,0.3,3.0,74.0,58.0,83.2,59.0,38.6,28.0,36.9,38.0,45,12.7,18
2.0,0.1,0.5,Missouri,60.8,42,66,62.0,70.7,70.0,76,0.0,0.0,63.9,66.0,67.3,67.0,110.2,108.0,10.5,11.0,13,13.4,18
2.0,0.1,2.0,Wyoming,60.9,33,68,65.0,12.2,12.0,13,0.0,0.0,68.5,68.0,73.2,73.0,87.9,93.0,3.5,4.0,4,0.8,1
0.5,0.05,2.0,New York,60.9,44,75,60.0,10.6,11.0,13,0.5,2.0,76.7,75.0,87.8,88.0,28.0,28.0,183.9,188.0,209,38.8,42
0.5,0.05,0.5,Massachusetts,61.0,61,61,61.0,6.4,6.0,7,0.0,0.0,105.3,100.0,111.2,107.0,183.0,183.0,1.0,1.0,1,0.1,1
1.0,0.01,0.5,Massachusetts,61.0,61,61,61.0,5.2,5.0,6,0.0,0.0,143.4,150.0,190.7,183.5,233.0,207.0,1.4444444444444444,1.0,3,0.1,1
2.0,0.01,2.0,Massachusetts,61.0,61,61,61.0,5.9,6.0,6,0.0,0.0,152.7,150.0,184.4,176.5,262.3333333333333,207.0,1.8888888888888888,2.0,3,0.1,1
0.5,0.01,0.5,Massachusetts,61.0,61,61,61.0,4.4,4.5,5,0.0,0.0,186.4,164.5,245.3,246.5,244.25,217.0,1.0,1.0,1,0.1,1
0.5,0.01,1.0,Massachusetts,61.0,61,61,61.0,5.4,5.0,6,0.0,0.0,173.9,177.5,202.7,200.5,262.6,227.0,1.4,1.0,2,0.2,1
2.0,0.01,0.5,Massachusetts,61.0,61,61,61.0,5.7,5.5,7,0.0,0.0,150.8,150.0,182.1,182.5,282.25,207.0,1.4,1.0,3,0.3,1
0.5,0.01,2.0,Massachusetts,61.0,61,61,61.0,5.5,5.5,7,0.0,0.0,176.0,164.5,203.5,210.5,286.0,336.0,1.2222222222222223,1.0,3,0.3,1
2.0,0.01,1.0,Massachusetts,61.0,61,61,61.0,5.8,6.0,7,0.0,0.0,145.8,145.5,167.7,150.0,215.0,207.0,1.7,2.0,3,0.4,2
1.0,0.05,0.5,Utah,61.0,57,65,63.0,13.0,13.0,14,0.3,1.0,68.6,65.0,72.2,70.0,69.6,65.0,10.4,10.5,14,4.0,6
1.0,0.1,2.0,Missouri,61.0,51,66,62.0,70.6,71.0,78,0.0,0.0,65.1,66.0,70.0,67.0,116.1,115.0,11.1,10.0,17,15.0,19
1.0,0.1,0.5,Michigan,61.0,47,77,60.0,41.3,42.5,45,0.4,2.0,66.1,65.0,70.8,66.0,73.2,74.0,16.2,15.5,20,21.6,28
0.5,0.05,0.5,Vermont,61.1,51,104,51.0,8.8,8.5,11,1.2,3.0,106.5,107.0,122.6,122.0,35.2,28.0,18.1,18.5,20,4.4,6
0.5,0.05,1.0,Wisconsin,61.1,51,68,61.0,32.3,33.5,35,0.1,1.0,63.7,64.0,64.6,64.0,28.0,28.0,72.5,73.0,80,28.9,32
2.0,0.05,0.5,Utah,61.2,57,63,63.0,15.9,16.0,18,0.2,1.0,65.2,65.0,69.0,70.0,67.2,65.0,9.9,9.5,13,4.6,7
2.0,0.05,1.0,Utah,61.2,57,63,63.0,16.0,16.0,18,0.1,1.0,65.0,65.0,68.6,70.0,65.7,65.0,9.5,10.0,12,5.0,7
2.0,0.01,2.0,Ohio,61.2,54,63,63.0,53.7,53.5,57,0.0,0.0,86.0,92.5,116.3,124.0,118.6,118.0,15.6,16.0,22,11.1,15
1.0,0.1,1.0,Michigan,61.3,47,70,66.0,45.1,44.5,54,1.6,7.0,69.4,68.0,72.5,72.5,75.6,72.0,18.1,18.0,24,20.0,29
2.0,0.25,1.0,Indiana,61.3,55,74,57.0,50.0,49.5,54,0.0,0.0,66.6,68.5,71.6,73.0,66.0,67.0,20.2,21.0,24,24.4,27
0.5,0.01,2.0,Minnesota,61.3,52,73,61.0,34.6,33.5,42,0.2,2.0,70.0,69.0,79.1,81.5,77.3,78.0,41.2,41.5,50,33.1,41
1.0,0.05,1.0,South Carolina,61.4,57,71,57.0,11.1,11.0,14,0.0,0.0,102.2,91.0,160.8,143.5,105.2,107.0,3.5,3.5,5,0.5,1
2.0,0.05,0.5,Wyoming,61.4,33,65,65.0,12.0,12.0,12,0.0,0.0,68.5,68.0,73.2,73.0,87.9,93.0,2.1,2.0,3,1.0,1
0.5,0.05,2.0,Utah,61.4,57,63,63.0,16.3,16.0,18,0.0,0.0,65.1,64.5,68.1,70.0,70.5,66.5,9.3,8.5,12,4.6,6
1.0,0.05,1.0,Utah,61.4,57,63,63.0,15.6,16.0,17,0.1,1.0,65.6,65.0,69.6,70.0,63.6,65.0,9.9,10.0,16,5.2,7
1.0,0.25,0.5,Kentucky,61.4,60,69,60.0,45.1,45.0,48,0.0,0.0,68.5,69.0,73.0,75.0,75.4,86.0,19.7,20.5,22,7.7,10
1.0,0.1,0.5,North Dakota,61.5,48,63,63.0,17.4,17.5,18,0.0,0.0,63.1,64.0,68.1,69.0,28.0,28.0,10.0,10.0,12,2.2,3
1.0,0.1,1.0,North Dakota,61.5,48,63,63.0,20.9,21.0,23,0.0,0.0,63.6,64.0,68.3,69.0,32.2,28.0,12.5,13.0,17,3.5,5
2.0,0.1,0.5,North Dakota,61.5,48,63,63.0,20.3,20.0,22,0.0,0.0,63.1,64.0,68.4,69.0,35.6,28.0,12.3,12.5,16,5.0,6
2.0,0.1,2.0,North Dakota,61.5,48,63,63.0,23.3,23.0,25,0.0,0.0,64.9,64.0,69.2,69.0,33.3,28.0,13.9,13.5,16,7.1,10
1.0,0.1,1.0,Missouri,61.5,42,67,63.0,68.3,68.0,73,0.0,0.0,64.7,66.0,67.4,67.0,82.6,108.0,12.9,12.5,23,12.7,16
0.5,0.1,1.0,Missouri,61.6,53,66,62.0,57.4,58.0,60,0.0,0.0,65.6,66.0,70.7,67.0,78.7,71.5,5.9,6.0,8,10.7,17
0.5,0.01,1.0,Minnesota,61.7,58,73,61.0,35.7,36.5,39,0.5,2.0,71.8,69.0,79.8,79.0,71.3,75.0,37.6,37.5,43,29.9,36
2.0,0.05,0.5,Wisconsin,61.7,48,67,63.5,31.2,32.0,35,0.1,1.0,64.2,64.5,66.0,66.0,28.0,28.0,69.3,67.0,83,30.8,36
2.0,0.05,1.0,Wyoming,61.8,33,65,65.0,11.9,12.0,13,0.0,0.0,67.9,68.0,73.4,73.0,100.5,93.0,2.4,2.0,4,0.9,1
2.0,0.1,1.0,Wyoming,61.8,33,65,65.0,12.1,12.0,13,0.0,0.0,68.0,68.0,73.0,73.0,87.9,93.0,2.5,2.0,4,0.9,1
1.0,0.25,2.0,Oregon,61.9,52,63,63.0,16.3,16.0,19,0.0,0.0,68.4,69.0,70.5,70.5,66.4,76.0,9.1,9.0,11,9.5,11
0.5,0.25,0.5,Nevada,62.0,62,62,62.0,3.4,3.0,4,0.0,0.0,67.0,67.0,141.6,150.0,,,0.0,0.0,0,0.0,0
2.0,0.25,1.0,Nevada,62.0,62,62,62.0,4.6,5.0,5,0.0,0.0,67.0,67.0,137.4,129.0,138.0,138.0,0.5714285714285714,1.0,1,0.4,1
0.5,0.25,1.0,Nevada,62.0,62,62,62.0,3.5,3.5,4,0.0,0.0,67.0,67.0,139.5,139.5,138.0,138.0,0.7142857142857143,1.0,1,0.5,1
1.0,0.25,0.5,Nevada,62.0,62,62,62.0,3.5,3.5,4,0.0,0.0,67.0,67.0,139.5,139.5,138.0,138.0,0.375,0.0,1,0.5,1
2.0,0.25,2.0,Nevada,62.0,62,62,62.0,4.5,4.5,5,0.0,0.0,67.0,67.0,139.5,139.5,,,0.0,0.0,0,0.5,1
1.0,0.25,1.0,Nevada,62.0,62,62,62.0,4.4,4.0,5,0.0,0.0,67.0,67.0,141.6,150.0,138.0,138.0,0.625,1.0,1,0.6,1
0.5,0.1,2.0,Missouri,62.0,61,66,61.0,63.4,63.5,68,0.0,0.0,64.8,66.0,66.6,67.0,44.7,28.0,11.6,10.5,16,14.5,20
0.5,0.05,1.0,Wyoming,62.1,33,68,65.0,11.7,12.0,13,0.0,0.0,69.0,68.0,73.7,73.0,91.3,93.0,2.1,2.0,3,0.7,1
1.0,0.25,1.0,Kentucky,62.1,56,69,60.0,47.5,47.5,50,0.0,0.0,68.4,69.0,73.4,75.0,66.8,86.0,25.5,25.5,28,11.1,16
1.0,0.01,2.0,Ohio,62.1,54,63,63.0,52.8,54.0,56,0.0,0.0,96.1,95.0,108.4,113.5,109.6,111.5,19.0,19.0,25,11.3,18
2.0,0.1,1.0,Missouri,62.1,51,66,61.5,71.4,72.0,77,0.0,0.0,65.5,66.0,69.3,67.0,116.7,115.0,11.3,12.0,15,13.9,18
2.0,0.1,2.0,Missouri,62.1,49,67,63.0,72.4,74.0,78,0.1,1.0,65.6,66.0,69.4,67.0,112.0,108.0,11.6,11.5,15,13.9,23
2.0,0.25,0.5,Indiana,62.3,55,74,57.5,50.4,50.0,54,0.0,0.0,66.0,67.0,70.5,71.5,71.0,68.5,19.4,18.5,24,22.5,26
2.0,0.25,0.5,Nevada,62.5,62,67,62.0,4.5,4.5,5,0.0,0.0,67.5,67.0,139.5,139.5,138.0,138.0,0.5714285714285714,1.0,1,0.5,1
0.5,0.1,1.0,Nevada,62.5,62,67,62.0,3.4,3.0,4,0.0,0.0,67.5,67.0,141.6,150.0,138.0,138.0,0.14285714285714285,0.0,1,0.6,1
2.0,0.1,0.5,Nevada,62.5,62,67,62.0,4.3,4.0,5,0.0,0.0,67.5,67.0,145.8,150.0,138.0,138.0,0.375,0.0,1,0.7,1
1.0,0.05,1.0,Vermont,62.5,51,110,51.0,9.6,10.0,11,1.0,3.0,100.7,105.5,114.5,122.0,42.4,28.0,18.3,18.0,21,4.4,6
0.5,0.25,0.5,Indiana,62.5,55,72,57.5,45.0,44.0,50,0.3,3.0,69.6,72.0,73.5,74.0,72.1,74.5,16.0,15.5,20,15.9,22
0.5,0.25,1.0,Indiana,62.5,55,72,61.5,46.0,47.0,49,0.0,0.0,67.7,71.5,71.6,73.0,74.4,74.5,18.5,18.5,23,17.6,22
2.0,0.05,0.5,New York,62.5,44,75,60.0,11.9,12.0,15,0.5,4.0,78.7,75.0,87.7,91.5,28.0,28.0,179.6,182.0,201,37.9,41
0.5,0.05,2.0,Vermont,62.6,51,110,51.0,9.5,9.5,12,1.0,4.0,96.8,108.0,118.5,121.0,57.9,28.0,18.1,19.0,22,4.5,6
1.0,0.05,2.0,Vermont,62.6,51,109,51.0,9.3,9.0,11,1.0,3.0,92.5,107.5,108.9,111.0,48.9,28.0,18.2,17.5,23,4.7,7
0.5,0.1,0.5,Missouri,62.6,53,66,63.0,53.0,53.5,57,0.0,0.0,65.8,66.0,70.5,67.0,59.4,28.0,5.6,6.0,8,10.4,16
1.0,0.05,0.5,Wyoming,62.7,33,68,65.0,11.9,12.0,13,0.0,0.0,69.0,68.0,73.7,73.0,93.77777777777777,93.0,2.2,2.0,3,0.9,1
0.5,0.1,2.0,North Dakota,62.7,60,63,63.0,20.4,21.0,21,0.0,0.0,64.4,64.0,67.8,69.0,28.0,28.0,10.4,11.0,12,3.2,5
0.5,0.25,2.0,North Dakota,62.7,60,63,63.0,21.0,21.0,23,0.0,0.0,63.9,64.0,67.9,69.0,28.0,28.0,10.9,11.0,12,3.5,5
1.0,0.1,2.0,North Dakota,62.7,60,63,63.0,24.6,25.0,26,0.0,0.0,63.9,64.0,68.1,69.0,32.2,28.0,11.5,12.0,15,4.4,6
2.0,0.1,1.0,North Dakota,62.7,60,63,63.0,23.7,24.0,25,0.0,0.0,63.9,64.0,68.2,69.0,33.3,28.0,12.3,11.5,16,5.6,8
ALL,ALL,ALL,Wyoming,62.77777777777778,33,120,65.0,11.433333333333334,12.0,13,0.008333333333333333,1.0,73.425,68.0,80.36666666666666,73.0,89.49438202247191,93.0,2.4722222222222223,2.0,5,0.6777777777777778,2
2.0,0.25,1.0,Kentucky,62.8,60,69,60.0,49.9,50.5,53,0.0,0.0,69.7,69.0,74.0,75.0,77.0,86.0,29.3,28.0,35,11.9,14
2.0,0.05,2.0,Georgia,62.9,45,83,71.0,52.5,53.0,56,0.0,0.0,76.4,73.0,84.4,78.5,102.0,114.0,5.0,5.0,7,4.4,7
0.5,0.05,1.0,New York,62.9,44,75,60.0,11.4,11.5,16,0.2,2.0,81.6,75.0,95.8,97.5,28.0,28.0,159.4,157.0,187,37.4,40
1.0,0.05,0.5,New York,62.9,44,75,60.0,10.8,10.5,13,0.1,1.0,81.1,75.0,95.7,97.5,37.6,28.0,168.7,166.5,187,38.1,41
0.5,0.1,2.0,Nevada,63.0,62,67,62.0,4.4,4.0,5,0.0,0.0,68.0,67.0,141.6,150.0,138.0,138.0,0.16666666666666666,0.0,1,0.6,1
0.5,0.1,1.0,North Dakota,63.0,63,63,63.0,17.4,17.5,19,0.0,0.0,64.0,64.0,68.9,69.0,28.0,28.0,8.3,8.5,10,1.8,3
0.5,0.1,0.5,North Dakota,63.0,63,63,63.0,14.0,14.0,16,0.0,0.0,64.5,64.0,68.3,69.0,72.8,70.0,6.4,6.5,8,1.9,3
0.5,0.05,1.0,North Dakota,63.0,63,63,63.0,16.3,16.0,17,0.0,0.0,64.5,64.0,69.7,69.0,59.0,49.0,7.0,6.0,12,2.1,4
1.0,0.05,2.0,North Dakota,63.0,63,63,63.0,23.0,23.0,25,0.0,0.0,65.5,64.0,70.7,69.0,35.0,28.0,12.7,12.5,16,4.4,6
2.0,0.05,0.5,North Dakota,63.0,63,63,63.0,20.4,20.0,22,0.0,0.0,65.2,64.0,69.4,69.0,43.4,28.0,11.6,11.0,15,4.8,6
0.5,0.1,0.5,Oregon,63.0,63,63,63.0,12.2,12.0,13,0.0,0.0,69.0,69.0,74.1,72.0,71.2,76.0,6.4,6.0,9,5.2,8
0.5,0.01,0.5,Ohio,63.0,63,63,63.0,26.7,26.5,33,0.0,0.0,100.4,95.0,117.9,130.0,115.4,118.0,9.8,9.0,15,5.7,10
1.0,0.05,1.0,Oregon,63.0,63,63,63.0,16.7,16.5,19,0.0,0.0,69.0,69.0,84.8,85.5,56.8,76.0,7.8,8.0,10,6.4,9
0.5,0.25,0.5,Oregon,63.0,63,63,63.0,12.2,12.0,13,0.0,0.0,69.0,69.0,74.1,72.0,56.8,76.0,6.2,6.5,7,6.8,9
1.0,0.1,1.0,Oregon,63.0,63,63,63.0,16.4,16.0,19,0.0,0.0,69.0,69.0,79.9,78.0,56.8,76.0,9.0,8.5,11,7.6,10
2.0,0.1,1.0,Oregon,63.0,63,63,63.0,16.5,16.5,18,0.0,0.0,69.0,69.0,77.0,72.0,66.4,76.0,8.5,8.0,11,8.0,10
1.0,0.1,2.0,Oregon,63.0,63,63,63.0,16.6,16.0,21,0.0,0.0,69.0,69.0,73.1,72.0,71.2,76.0,9.1,9.0,11,8.3,10
1.0,0.1,0.5,Oregon,63.0,63,63,63.0,14.4,14.0,17,0.0,0.0,69.0,69.0,74.7,72.0,61.6,76.0,8.3,8.5,11,8.5,10
1.0,0.25,0.5,Oregon,63.0,63,63,63.0,15.4,15.0,16,0.0,0.0,69.0,69.0,72.6,72.0,71.2,76.0,6.8,7.0,9,8.6,9
0.5,0.01,1.0,Ohio,63.0,63,63,63.0,36.3,37.5,42,0.0,0.0,95.1,95.0,120.7,128.5,133.6,121.0,12.6,12.5,20,8.8,11
0.5,0.25,1.0,Oregon,63.0,63,63,63.0,13.9,14.0,15,0.0,0.0,69.0,69.0,72.0,72.0,56.8,76.0,7.4,7.0,9,8.9,10
0.5,0.25,2.0,Oregon,63.0,63,63,63.0,15.8,15.5,18,0.0,0.0,69.0,69.0,71.4,72.0,61.6,76.0,11.0,11.0,13,9.0,11
2.0,0.25,2.0,Oregon,63.0,63,63,63.0,16.8,17.0,18,0.0,0.0,69.0,69.0,71.4,72.0,71.2,76.0,9.0,9.0,10,9.0,10
1.0,0.01,0.5,Ohio,63.0,63,63,63.0,43.6,44.5,47,0.0,0.0,104.2,103.5,116.4,120.0,124.2,118.0,13.1,13.5,17,9.2,13
2.0,0.01,0.5,Ohio,63.0,63,63,63.0,52.0,52.5,56,0.0,0.0,102.0,95.0,121.3,125.5,123.5,118.0,16.9,18.0,20,9.4,13
2.0,0.01,1.0,Ohio,63.0,63,63,63.0,52.9,53.5,58,0.0,0.0,90.8,95.0,113.5,115.0,112.7,118.0,17.5,18.5,23,9.6,15
2.0,0.25,0.5,Oregon,63.0,63,63,63.0,15.9,16.0,18,0.0,0.0,69.0,69.0,72.6,69.0,71.2,76.0,9.3,9.5,12,9.8,12
1.0,0.25,1.0,Oregon,63.0,63,63,63.0,14.9,14.5,17,0.0,0.0,69.0,69.0,73.6,72.0,71.2,76.0,10.6,11.0,12,9.9,11
2.0,0.25,1.0,Oregon,63.0,63,63,63.0,15.8,16.0,17,0.0,0.0,69.0,69.0,71.4,72.0,61.6,76.0,9.2,9.5,11,10.0,11
1.0,0.01,1.0,Ohio,63.0,63,63,63.0,49.1,50.0,52,0.0,0.0,98.2,95.0,118.5,123.0,119.9,118.0,17.1,18.0,21,10.2,14
0.5,0.01,2.0,Ohio,63.0,63,63,63.0,47.9,48.0,51,0.0,0.0,101.1,95.0,125.6,127.0,124.9,118.0,14.9,15.0,21,10.9,15
0.5,0.1,1.0,Michigan,63.0,52,79,59.0,40.8,41.0,46,0.9,7.0,70.7,66.0,72.0,69.5,79.7,82.0,15.0,15.0,19,19.4,28
0.5,0.05,0.5,North Dakota,63.1,63,64,63.0,12.5,12.5,14,0.0,0.0,66.0,64.0,71.2,70.0,72.7,70.0,7.9,7.5,12,1.6,4
0.5,0.05,2.0,North Dakota,63.1,63,64,63.0,20.6,20.5,22,0.0,0.0,65.0,64.0,69.7,69.0,41.8,28.0,9.9,10.0,13,2.8,4
1.0,0.05,1.0,North Dakota,63.1,63,64,63.0,20.6,20.5,23,0.0,0.0,65.0,64.0,69.7,69.0,56.0,49.0,9.6,10.0,12,2.9,4
2.0,0.05,2.0,Vermont,63.1,51,113,51.0,10.2,10.0,13,0.9,2.0,96.6,107.0,112.6,122.0,44.2,28.0,19.4,20.0,25,3.8,6
2.0,0.05,1.0,North Dakota,63.1,63,64,63.0,23.3,23.0,25,0.0,0.0,65.5,64.0,70.2,69.0,28.0,28.0,13.4,13.5,15,5.1,6
2.0,0.05,1.0,Missouri,63.1,61,66,61.5,70.0,69.0,76,0.0,0.0,65.6,66.0,70.6,67.0,115.4,118.5,11.4,11.5,13,12.9,16
2.0,0.1,1.0,Michigan,63.2,54,70,66.0,43.9,44.0,53,0.1,1.0,68.1,66.0,70.6,69.0,81.5,76.0,20.3,19.5,26,21.2,28
2.0,0.25,0.5,Kentucky,63.3,56,69,62.5,45.7,46.0,47,0.0,0.0,68.9,69.0,73.9,75.0,78.6,86.0,28.9,28.0,35,12.3,17
1.0,0.25,2.0,Nevada,63.5,62,67,62.0,4.6,5.0,5,0.0,0.0,68.5,67.0,137.4,129.0,138.0,138.0,0.42857142857142855,0.0,1,0.4,1
0.5,0.25,2.0,Nevada,63.5,62,67,62.0,4.6,5.0,5,0.0,0.0,68.5,67.0,137.4,129.0,138.0,138.0,0.5,0.5,1,0.4,1
2.0,0.1,1.0,Nevada,63.5,62,67,62.0,4.2,4.0,5,0.0,0.0,68.5,67.0,145.8,150.0,,,0.0,0.0,0,0.8,1
2.0,0.1,2.0,Nevada,63.5,62,67,62.0,4.2,4.0,5,0.0,0.0,68.2,67.0,145.8,150.0,,,0.0,0.0,0,0.8,1
1.0,0.1,1.0,Nevada,63.5,62,67,62.0,4.2,4.0,5,0.0,0.0,68.2,67.0,145.8,150.0,,,0.0,0.0,0,0.8,1
2.0,0.05,2.0,Utah,63.5,57,86,63.0,16.0,16.5,18,0.2,1.0,67.8,65.0,72.9,70.0,71.8,65.0,10.8,11.0,14,4.7,8
1.0,0.01,1.0,Minnesota,63.5,43,94,61.0,34.5,34.5,38,0.6,3.0,74.8,77.0,80.9,80.5,86.8,87.5,40.3,40.0,47,33.6,38
1.0,0.05,2.0,Oregon,63.6,63,69,63.0,18.2,18.0,21,0.0,0.0,70.2,69.0,80.6,84.0,61.6,76.0,8.4,7.5,13,5.0,8
0.5,0.05,1.0,Oregon,63.6,63,69,63.0,13.9,14.0,15,0.0,0.0,70.2,69.0,87.1,84.0,76.0,76.0,6.6,7.0,9,6.2,8
0.5,0.1,1.0,Oregon,63.6,63,69,63.0,13.3,13.0,16,0.0,0.0,69.3,69.0,81.7,82.5,66.4,76.0,6.9,7.0,8,7.7,10
2.0,0.1,0.5,Oregon,63.6,63,69,63.0,16.7,16.0,22,0.0,0.0,69.4,69.0,74.6,72.0,61.6,76.0,9.5,9.5,12,7.9,11
2.0,0.1,2.0,Oregon,63.6,63,69,63.0,16.1,16.5,18,0.0,0.0,69.3,69.0,77.2,75.5,71.2,76.0,8.8,9.0,11,8.0,10
0.5,0.1,2.0,Oregon,63.6,63,69,63.0,15.8,16.0,18,0.0,0.0,69.3,69.0,80.2,76.5,61.6,76.0,9.7,9.5,13,8.5,11
0.5,0.05,2.0,Missouri,63.6,51,67,65.0,61.3,61.5,65,0.0,0.0,69.5,66.5,72.7,71.0,108.1,127.5,10.1,10.5,12,11.9,16
1.0,0.05,2.0,Missouri,63.6,51,67,66.0,69.0,69.0,72,0.0,0.0,67.6,67.0,73.4,76.0,106.0,125.5,11.7,12.0,15,12.5,16
0.5,0.05,1.0,Missouri,63.7,61,67,62.0,50.2,50.0,57,0.0,0.0,67.9,66.0,70.5,67.0,56.4,28.0,6.0,6.0,9,8.5,11
2.0,0.25,2.0,Indiana,63.7,55,72,61.5,51.1,51.0,55,0.0,0.0,68.9,72.0,73.2,74.0,71.6,74.5,19.1,18.5,24,24.8,29
1.0,0.25,2.0,Indiana,63.8,55,74,61.0,50.3,49.5,55,0.3,3.0,71.6,73.0,73.7,74.0,74.2,74.5,18.8,18.0,25,23.5,26
0.5,0.1,2.0,Washington,63.9,56,70,64.5,12.1,12.5,14,0.9,3.0,76.1,77.0,82.0,81.5,28.0,28.0,21.9,22.0,25,12.5,15
1.0,0.05,2.0,New York,63.9,44,75,65.5,11.4,11.0,16,0.3,2.0,82.8,81.5,93.6,95.0,28.0,28.0,182.5,187.0,198,39.6,43
0.5,0.1,0.5,Nevada,64.0,62,67,62.0,3.5,3.5,4,0.0,0.0,69.0,67.0,145.8,150.0,,,0.0,0.0,0,0.4,1
1.0,0.1,2.0,Nevada,64.0,62,67,62.0,4.3,4.0,5,0.0,0.0,69.0,67.0,145.8,150.0,138.0,138.0,0.14285714285714285,0.0,1,0.7,1
2.0,0.05,1.0,Nevada,64.0,62,67,62.0,4.1,4.0,5,0.0,0.0,69.7,69.5,147.9,150.0,138.0,138.0,0.125,0.0,1,0.8,1
2.0,0.05,1.0,New York,64.0,44,75,60.0,11.7,10.5,17,0.1,1.0,80.2,75.0,94.2,95.0,28.0,28.0,178.0,178.0,213,39.2,45
1.0,0.05,0.5,North Dakota,64.1,63,74,63.0,17.0,17.0,18,0.0,0.0,66.4,64.0,71.4,70.0,43.6,28.0,7.1,7.5,9,2.4,5
1.0,0.05,0.5,North Carolina,64.1,60,101,60.0,19.3,20.0,22,0.0,0.0,111.0,104.0,124.0,124.0,139.875,136.0,2.2,3.0,4,3.1,6
0.5,0.25,0.5,Kentucky,64.1,60,69,62.5,36.9,37.0,40,0.0,0.0,70.8,69.0,75.1,75.0,84.8,86.0,11.6,11.5,15,5.2,7
2.0,0.05,2.0,North Dakota,64.1,63,74,63.0,23.5,24.0,26,0.0,0.0,65.4,64.0,72.5,69.0,28.0,28.0,13.7,14.0,18,5.3,7
0.5,0.05,0.5,New York,64.1,60,75,60.0,9.8,9.5,12,0.7,6.0,83.3,75.0,96.7,95.0,28.0,28.0,141.1,144.0,159,34.6,38
2.0,0.05,1.0,South Carolina,64.2,57,129,57.0,13.7,14.0,15,0.0,0.0,93.3,71.0,141.8,129.0,95.1,83.0,4.8,4.5,9,0.7,1
0.5,0.05,0.5,Oregon,64.2,63,69,63.0,12.5,12.5,14,0.0,0.0,70.5,69.0,94.5,98.0,71.2,76.0,5.9,6.0,7,3.9,6
2.0,0.05,1.0,Oregon,64.2,63,69,63.0,17.1,17.5,19,0.0,0.0,70.3,69.0,91.4,91.0,71.2,76.0,8.6,8.0,13,6.2,9
0.5,0.05,2.0,Oregon,64.2,63,69,63.0,16.3,16.0,18,0.0,0.0,69.3,69.0,88.0,84.0,66.4,76.0,9.4,9.5,11,6.3,8
0.5,0.1,1.0,Washington,64.2,56,80,59.0,11.3,11.0,12,1.0,3.0,72.8,73.5,82.1,80.0,28.0,28.0,19.9,20.5,23,12.7,14
2.0,0.05,0.5,Missouri,64.3,53,67,66.0,68.5,69.0,71,0.0,0.0,69.4,67.0,75.0,76.0,108.7,119.5,11.1,12.0,14,12.7,16
1.0,0.05,1.0,Nevada,64.5,62,72,62.0,4.3,4.0,5,0.0,0.0,69.2,67.0,147.9,150.0,,,0.0,0.0,0,0.6,1
2.0,0.25,0.5,Maryland,64.5,64,67,64.0,12.7,13.0,14,0.0,0.0,75.8,66.5,95.1,95.0,77.2,75.0,8.5,9.0,11,1.9,3
1.0,0.01,0.5,South Dakota,64.5,55,84,60.0,31.2,32.0,34,0.1,1.0,75.0,73.5,81.0,81.0,85.0,88.0,13.1,13.5,17,5.1,9
1.0,0.25,2.0,Maryland,64.7,64,67,64.0,12.2,12.5,14,0.0,0.0,78.2,74.5,92.3,88.0,73.5,73.5,10.6,10.0,14,2.1,3
2.0,0.05,2.0,Missouri,64.7,53,67,66.5,68.3,69.0,72,0.0,0.0,71.7,71.0,75.4,77.0,135.4,138.5,9.0,9.0,11,14.6,17
2.0,0.25,1.0,Maryland,64.8,64,67,64.0,12.7,12.5,14,0.0,0.0,78.6,82.0,95.0,95.0,79.0,75.0,8.9,9.0,13,1.7,3
2.0,0.01,1.0,Oklahoma,64.8,48,106,57.0,29.0,29.0,34,0.0,0.0,97.5,97.5,118.1,122.0,42.2,28.0,8.5,8.5,11,6.0,9
2.0,0.05,0.5,Oregon,64.8,63,69,63.0,17.3,17.0,19,0.0,0.0,70.8,69.0,85.5,81.0,61.6,76.0,8.1,8.0,10,6.2,9
2.0,0.1,0.5,Michigan,64.8,56,70,66.0,46.3,47.0,52,0.0,0.0,70.8,69.5,74.8,78.0,82.5,85.0,16.5,16.0,23,18.6,24
ALL,ALL,ALL,Georgia,64.875,45,146,45.0,43.41111111111111,46.0,61,0.0,0.0,73.79444444444445,59.0,79.66388888888889,62.0,90.75975975975976,78.0,4.354285714285714,4.0,10,3.3055555555555554,11
0.5,0.05,0.5,Missouri,64.9,61,67,66.0,45.6,45.0,48,0.0,0.0,70.9,67.0,76.3,77.0,134.7,132.5,5.0,5.5,7,7.8,12
1.0,0.25,2.0,Kentucky,64.9,60,73,64.5,51.2,51.0,55,0.0,0.0,71.4,71.0,76.8,75.0,51.2,28.0,28.6,27.0,34,9.3,12
1.0,0.05,2.0,Nevada,65.0,62,67,67.0,4.1,4.0,5,0.0,0.0,70.0,72.0,143.7,150.0,,,0.0,0.0,0,0.7,1
1.0,0.1,0.5,Nevada,65.0,62,72,64.5,3.2,3.0,4,0.0,0.0,69.7,69.5,145.8,150.0,138.0,138.0,0.3333333333333333,0.0,1,0.8,1
0.5,0.05,0.5,Georgia,65.0,45,97,66.5,30.0,30.0,33,0.0,0.0,77.8,71.5,84.7,85.5,113.0,114.0,3.0,3.0,5,1.0,3
0.5,0.25,1.0,Kentucky,65.0,60,69,67.0,42.7,42.5,45,0.0,0.0,71.1,71.0,74.5,75.0,76.8,86.0,17.5,17.5,21,7.6,10
1.0,0.05,1.0,Missouri,65.0,62,67,66.0,63.0,63.5,66,0.0,0.0,69.0,67.0,74.9,76.0,100.4,131.0,10.0,10.0,13,11.6,16
0.5,0.1,2.0,Michigan,65.0,54,76,66.0,44.9,45.5,48,0.2,2.0,70.7,70.5,72.7,73.0,86.9,86.0,15.4,17.0,18,19.4,24
1.0,0.25,1.0,Maryland,65.2,64,67,64.0,12.2,12.0,14,0.0,0.0,86.5,85.0,94.7,94.0,78.7,75.0,7.9,8.0,11,1.8,3
0.5,0.1,0.5,Indiana,65.3,57,74,65.0,43.9,44.0,47,0.0,0.0,73.6,74.5,78.2,76.0,77.4,80.0,16.2,16.0,20,13.3,18
ALL,ALL,ALL,North Dakota,65.39166666666667,48,119,63.0,18.969444444444445,20.0,26,0.005555555555555556,1.0,72.02222222222223,64.0,79.54166666666667,69.0,50.61173184357542,28.0,9.98050139275766,10.0,18,3.738888888888889,10
0.5,0.05,0.5,Wyoming,65.5,61,69,65.0,10.5,11.0,11,0.0,0.0,69.1,68.0,73.7,73.0,118.2,93.0,1.4,1.0,2,0.2,1
0.5,0.05,1.0,Nevada,65.5,62,72,67.0,3.1,3.0,4,0.0,0.0,70.2,72.0,147.9,150.0,138.0,138.0,0.1111111111111111,0.0,1,0.9,1
1.0,0.05,0.5,Missouri,65.5,61,77,66.0,56.0,55.0,61,0.0,0.0,70.3,67.0,76.9,77.0,93.5,113.0,5.9,6.0,7,9.7,14
2.0,0.25,2.0,Kentucky,65.5,60,69,67.0,50.9,50.0,54,0.0,0.0,71.6,71.0,77.3,75.0,67.0,86.0,30.0,29.0,35,12.9,16
1.0,0.1,2.0,Washington,65.5,59,80,64.5,11.4,11.0,15,1.3,3.0,74.1,70.0,80.3,80.0,28.0,28.0,22.1,21.5,26,14.0,17
1.0,0.1,2.0,Michigan,65.5,54,77,66.0,45.7,45.0,50,0.0,0.0,69.3,66.0,71.9,70.0,85.3,89.0,18.0,18.0,20,20.0,25
2.0,0.05,0.5,South Carolina,65.8,57,91,59.0,12.8,13.0,14,0.0,0.0,99.1,81.0,137.0,129.0,81.8,83.0,5.1,4.5,9,0.6,1
0.5,0.05,0.5,Nevada,66.0,62,67,67.0,3.4,3.0,4,0.0,0.0,70.7,72.0,143.7,150.0,,,0.0,0.0,0,0.5,1
0.5,0.25,2.0,Montana,66.0,66,66,66.0,14.7,15.0,16,0.0,0.0,95.0,95.0,101.0,101.0,139.0,139.0,4.1,4.0,6,5.0,6
1.0,0.25,1.0,Montana,66.0,66,66,66.0,15.1,15.0,16,0.0,0.0,95.0,95.0,101.0,101.0,139.0,139.0,3.3,3.0,5,5.0,6
ALL,ALL,ALL,Missouri,66.175,42,101,63.0,58.84444444444444,62.0,78,0.016666666666666666,1.0,71.94444444444444,66.0,76.26388888888889,67.0,95.19832402234637,109.0,9.13888888888889,9.0,23,11.6,23
2.0,0.1,1.0,Washington,66.2,56,80,64.5,11.6,11.5,13,1.3,3.0,74.9,73.5,81.2,80.0,28.0,28.0,21.7,22.0,26,13.6,15
1.0,0.1,1.0,Washington,66.2,56,80,64.5,11.4,11.5,14,1.3,4.0,75.7,77.0,81.6,80.0,28.0,28.0,23.4,23.0,27,13.7,17
0.5,0.05,0.5,North Carolina,66.3,60,123,60.0,12.6,12.5,16,0.0,0.0,109.0,109.0,123.7,124.0,164.125,146.0,1.7,1.0,5,1.5,2
1.0,0.01,2.0,Oklahoma,66.3,48,87,68.0,27.1,27.5,31,0.0,0.0,100.2,102.0,119.5,122.0,65.2,28.0,7.9,7.5,13,5.5,11
2.0,0.05,2.0,North Carolina,66.4,60,124,60.0,24.8,24.5,27,0.0,0.0,106.6,102.5,121.7,123.5,166.6,146.0,5.8,6.0,8,4.4,7
0.5,0.05,2.0,Nevada,66.5,62,72,67.0,4.0,4.0,5,0.0,0.0,70.9,72.0,147.9,150.0,138.0,138.0,0.25,0.0,1,0.8,1
2.0,0.1,2.0,Washington,66.6,56,80,64.5,12.2,12.0,14,1.2,4.0,75.6,77.0,82.2,80.0,28.0,28.0,21.3,21.0,25,13.6,16
0.5,0.25,2.0,Kentucky,66.7,60,69,69.0,45.6,46.0,49,0.0,0.0,71.4,73.0,74.6,75.0,76.8,86.0,25.2,25.0,29,10.8,14
1.0,0.05,2.0,Michigan,66.8,47,80,68.0,44.9,46.0,48,0.3,3.0,73.5,77.0,77.5,80.0,92.1,103.0,18.0,18.5,22,19.3,24
1.0,0.05,0.5,Nevada,66.9,62,86,64.5,3.4,3.0,4,0.0,0.0,75.6,72.0,141.6,150.0,138.0,138.0,0.25,0.0,1,0.3,1
1.0,0.01,1.0,Oklahoma,66.9,48,102,57.0,22.5,22.5,26,0.0,0.0,99.7,102.0,120.2,122.0,60.7,52.0,6.3,6.0,10,4.7,7
0.5,0.1,1.0,Kentucky,66.9,60,75,69.0,39.2,39.0,45,0.0,0.0,74.7,75.0,80.9,84.0,90.8,86.0,15.1,15.0,20,7.5,12
0.5,0.25,2.0,Indiana,66.9,57,74,71.5,48.6,49.0,51,0.1,1.0,72.3,73.0,73.6,74.0,74.6,80.0,18.0,19.0,21,20.2,23
0.5,0.1,0.5,Kentucky,67.0,60,75,69.0,31.0,31.5,34,0.0,0.0,73.9,73.0,80.5,75.0,107.2,109.0,9.1,9.5,14,6.0,10
2.0,0.1,0.5,Washington,67.0,56,80,70.0,11.5,11.0,13,0.5,3.0,74.9,77.0,81.5,80.0,28.0,28.0,22.0,22.5,26,13.3,15
1.0,0.01,0.5,California,67.1,51,74,74.0,4.5,5.0,5,7.4,18.0,77.9,84.5,122.0,107.0,28.0,28.0,69.3,70.0,78,30.2,33
ALL,ALL,ALL,Utah,67.27222222222223,45,125,57.0,14.61111111111111,15.0,20,0.425,2.0,75.21388888888889,65.0,80.25277777777778,70.0,77.47222222222223,65.0,9.16388888888889,9.0,16,4.433333333333334,8
1.0,0.1,0.5,Washington,67.3,56,80,64.5,10.9,11.0,12,1.3,4.0,79.0,80.0,84.0,86.5,28.0,28.0,20.1,20.0,22,12.9,14
0.5,0.25,1.0,Maryland,67.4,64,93,64.0,11.6,12.5,13,0.0,0.0,80.5,77.0,99.1,95.0,82.0,75.0,7.4,7.0,10,1.1,2
2.0,0.05,0.5,Michigan,67.4,52,80,68.0,44.4,45.0,52,0.4,2.0,73.3,73.5,77.5,79.5,88.0,92.5,19.2,18.0,25,19.3,29
2.0,0.05,0.5,Nevada,67.5,62,72,67.0,4.1,4.0,5,0.0,0.0,71.6,72.0,145.8,150.0,138.0,138.0,0.5714285714285714,1.0,1,0.6,1
2.0,0.01,2.0,Oklahoma,67.5,48,102,57.0,28.3,29.0,32,0.0,0.0,93.5,88.0,118.2,122.0,28.0,28.0,10.1,10.0,16,5.9,9
0.5,0.01,1.0,California,67.5,51,74,74.0,4.5,4.0,6,11.6,22.0,90.8,94.0,148.1,137.0,28.0,28.0,67.7,65.0,81,29.5,32
1.0,0.25,0.5,Maryland,67.7,64,93,64.0,12.2,12.0,14,0.0,0.0,87.0,90.5,94.4,94.0,81.3,75.0,6.7,7.0,9,1.4,2
2.0,0.25,2.0,Maryland,67.7,64,93,64.0,12.8,13.0,14,0.0,0.0,84.9,90.0,100.6,103.0,79.9,75.0,8.2,7.5,13,1.6,4
2.0,0.01,2.0,Arizona,67.7,60,85,61.0,8.1,8.0,9,0.0,0.0,76.8,78.5,85.0,82.5,34.9,28.0,4.5,4.5,8,2.7,4
1.0,0.05,0.5,Oregon,67.7,63,98,63.0,15.8,16.0,17,0.1,1.0,78.2,69.0,87.2,78.0,72.3,76.0,7.5,7.5,9,5.8,7
2.0,0.05,2.0,Oregon,67.7,63,98,63.0,17.3,17.0,19,0.1,1.0,74.2,69.0,87.7,84.0,57.9,52.0,9.2,9.0,10,5.8,8
2.0,0.01,1.0,California,67.9,53,74,74.0,4.8,5.0,6,12.0,26.0,94.0,94.0,180.7,127.5,28.0,28.0,73.0,74.0,83,31.2,33
2.0,0.1,0.5,Kentucky,68.1,60,69,69.0,43.4,43.5,46,0.0,0.0,74.0,75.0,81.8,84.0,61.2,57.0,27.9,27.0,35,11.7,14
2.0,0.05,2.0,Michigan,68.1,56,83,66.0,46.9,47.5,53,0.1,1.0,74.5,78.0,79.6,80.5,88.0,92.0,17.1,16.0,25,17.7,22
1.0,0.01,1.0,Illinois,68.4,46,104,66.0,38.7,38.0,43,0.0,0.0,94.3,95.5,105.7,107.0,162.5,190.5,12.0,11.0,20,5.6,9
0.5,0.1,2.0,Kentucky,68.4,60,75,69.0,43.1,43.0,45,0.0,0.0,75.6,75.0,80.9,84.0,91.6,86.0,23.6,23.5,28,10.2,13
1.0,0.1,1.0,Indiana,68.4,55,75,71.5,49.5,49.5,54,0.3,3.0,74.0,74.5,76.8,75.5,83.9,80.0,18.9,19.0,26,18.2,27
1.0,0.1,2.0,Kentucky,68.5,60,75,69.0,45.4,45.0,49,0.0,0.0,76.6,75.0,85.1,84.0,60.1,57.0,29.3,29.5,33,11.7,17
0.5,0.05,2.0,South Carolina,68.7,57,158,57.0,10.1,10.0,12,0.0,0.0,107.0,91.0,147.5,129.0,123.77777777777777,131.0,2.5555555555555554,3.0,4,0.2,1
1.0,0.1,1.0,Kentucky,68.7,60,75,69.0,44.6,44.0,50,0.0,0.0,74.9,75.0,82.7,84.0,71.3,86.0,23.4,23.0,28,10.3,13
0.5,0.25,1.0,Montana,68.9,66,95,66.0,15.7,16.0,16,0.0,0.0,95.6,95.0,101.4,101.0,139.0,139.0,4.0,4.0,5,3.3,5
1.0,0.25,0.5,Montana,68.9,66,95,66.0,15.4,15.5,16,0.0,0.0,95.6,95.0,101.4,101.0,139.0,139.0,2.8,3.0,4,4.8,6
2.0,0.25,0.5,Montana,68.9,66,95,66.0,16.7,17.0,18,0.0,0.0,95.6,95.0,101.4,101.0,139.0,139.0,3.2,3.0,4,4.9,6
2.0,0.25,2.0,Montana,68.9,66,95,66.0,18.2,18.0,19,0.0,0.0,95.6,95.0,101.4,101.0,139.0,139.0,5.0,5.0,6,5.9,7
2.0,0.1,2.0,Kentucky,68.9,60,73,69.0,46.6,47.5,49,0.0,0.0,74.2,75.0,82.7,84.0,57.0,57.0,31.6,32.0,37,11.7,17
0.5,0.05,2.0,Michigan,68.9,54,80,70.0,46.7,46.5,51,0.0,0.0,74.5,76.0,77.4,79.0,94.7,99.0,15.6,15.5,20,17.1,22
2.0,0.1,1.0,Kentucky,69.3,60,75,69.0,47.6,47.5,51,0.0,0.0,75.8,75.0,84.1,84.0,66.3,86.0,30.4,30.5,35,11.6,15
1.0,0.05,2.0,Washington,69.3,59,80,70.0,11.1,10.5,14,1.5,4.0,81.3,80.0,85.9,87.0,28.0,28.0,25.7,25.5,29,13.6,15
1.0,0.01,2.0,California,69.4,51,74,74.0,5.5,5.5,6,7.5,18.0,80.1,84.5,108.2,94.0,28.0,28.0,69.7,70.0,76,30.2,31
1.0,0.01,0.5,Oklahoma,69.6,48,122,62.5,18.4,18.5,23,0.0,0.0,102.6,102.0,119.0,122.0,51.9,28.0,3.3,4.0,5,2.6,5
ALL,ALL,ALL,Michigan,69.6,45,127,66.0,40.53888888888889,41.0,54,0.4,9.0,77.625,70.0,83.13888888888889,77.0,83.67222222222222,76.0,16.583333333333332,17.0,28,19.994444444444444,33
1.0,0.01,2.0,Iowa,69.6,44,85,69.0,28.7,29.0,33,2.8,15.0,80.3,85.0,84.6,86.5,73.0,80.0,85.2,84.0,108,53.7,59
1.0,0.01,1.0,California,69.8,51,74,74.0,4.3,3.5,7,12.9,22.0,91.9,94.0,169.2,157.0,28.0,28.0,73.0,75.0,81,31.6,35
2.0,0.05,2.0,Nevada,69.9,62,86,67.0,4.1,4.0,5,0.0,0.0,73.6,72.0,147.9,150.0,,,0.0,0.0,0,0.8,1
1.0,0.1,0.5,Indiana,69.9,55,74,73.0,46.4,46.0,52,0.0,0.0,73.6,74.0,77.9,75.0,79.9,80.0,15.0,13.0,22,17.3,25
1.0,0.25,0.5,Louisiana,70.0,65,90,65.0,5.2,5.0,6,0.0,0.0,107.2,90.0,178.7,176.0,337.0,337.0,1.0,1.0,1,0.3,1
2.0,0.25,1.0,Louisiana,70.0,65,90,65.0,7.5,7.5,8,0.0,0.0,101.6,90.0,177.7,176.0,339.5,339.5,0.875,1.0,2,0.4,1
1.0,0.25,2.0,Louisiana,70.0,65,90,65.0,6.9,7.0,8,0.0,0.0,101.6,90.0,177.7,176.0,213.8,130.0,0.75,1.0,2,0.6,1
2.0,0.01,2.0,Iowa,70.0,50,85,62.0,30.3,29.5,34,1.4,7.0,76.8,76.0,82.2,81.0,76.7,72.5,89.3,90.5,107,53.1,57
2.0,0.01,2.0,South Dakota,70.1,55,116,58.5,40.8,40.5,44,0.0,0.0,80.8,68.0,84.0,73.5,94.2,87.0,17.2,16.5,20,6.9,10
0.5,0.05,1.0,Michigan,70.1,56,80,70.0,40.7,40.5,46,0.1,1.0,75.4,78.0,78.6,80.0,94.7,95.5,13.3,14.0,15,15.8,23
1.0,0.05,1.0,Michigan,70.1,64,77,70.0,45.7,46.0,52,0.3,3.0,74.6,76.0,76.1,78.0,91.6,92.0,14.5,15.0,18,16.7,24
1.0,0.1,2.0,Indiana,70.1,57,75,73.0,50.2,49.5,55,0.1,1.0,75.3,75.0,79.8,80.0,78.4,80.0,17.4,17.5,22,20.8,24
1.0,0.05,0.5,South Carolina,70.3,57,129,57.0,6.9,7.0,10,0.0,0.0,105.9,91.0,179.3,143.5,124.3,131.0,2.4,2.0,4,0.1,1
0.5,0.01,2.0,Arizona,70.4,60,92,63.0,7.8,8.0,10,0.0,0.0,83.1,83.0,90.7,93.0,28.0,28.0,6.1,6.0,8,2.7,5
2.0,0.1,1.0,Indiana,70.5,57,75,72.0,51.4,52.0,55,0.0,0.0,74.0,74.5,78.0,75.5,72.1,80.0,17.0,17.0,22,20.0,24
0.5,0.1,2.0,Indiana,70.6,57,75,74.0,48.9,48.5,52,0.0,0.0,74.8,75.0,79.2,78.0,81.5,82.5,16.8,16.5,21,17.1,20
2.0,0.1,0.5,Indiana,70.6,55,74,73.0,49.7,50.5,54,0.3,3.0,74.5,75.0,79.5,80.0,77.3,84.0,15.8,16.0,18,19.8,26
0.5,0.01,0.5,California,70.6,51,86,74.0,4.1,4.0,5,7.7,17.0,82.0,94.0,120.7,135.0,28.0,28.0,52.5,52.0,62,25.3,27
0.5,0.01,2.0,Oklahoma,70.7,48,102,62.5,22.6,22.0,28,0.0,0.0,100.0,102.0,120.0,122.0,57.9,40.0,4.3,4.0,6,3.5,5
1.0,0.25,0.5,Tennessee,70.8,63,77,75.0,40.5,40.5,43,0.0,0.0,76.5,77.0,78.0,78.0,80.9,82.0,15.7,16.5,18,10.0,12
1.0,0.25,1.0,Tennessee,70.8,63,77,75.0,46.2,46.5,48,0.0,0.0,76.5,77.0,78.0,78.0,81.5,82.0,19.6,20.0,25,10.4,12
2.0,0.05,1.0,Michigan,70.8,54,80,70.0,46.4,47.0,51,0.0,0.0,75.5,78.0,78.1,79.5,92.5,92.0,17.6,17.0,20,18.3,22
1.0,0.1,0.5,Kentucky,70.9,60,75,71.0,40.5,40.5,44,0.0,0.0,78.5,75.0,83.8,84.0,88.4,86.0,17.8,17.0,27,7.4,10
2.0,0.05,1.0,Kentucky,70.9,60,75,73.0,41.3,41.0,48,0.0,0.0,77.2,75.0,86.5,86.5,40.3,28.0,29.9,30.0,36,12.0,16
2.0,0.01,1.0,Arizona,71.0,60,83,69.0,7.0,7.0,9,0.2,1.0,83.9,83.0,92.3,94.5,28.0,28.0,6.0,6.0,8,3.7,6
2.0,0.1,1.0,Maryland,71.1,64,102,64.0,12.6,13.0,14,0.0,0.0,101.1,102.5,114.4,114.0,89.0,80.5,7.6,7.5,11,1.5,3
2.0,0.05,0.5,Kentucky,71.1,60,75,72.0,40.0,40.0,44,0.0,0.0,82.8,84.0,93.0,94.5,68.4,57.0,28.4,28.0,33,12.0,16
2.0,0.05,0.5,Washington,71.1,56,87,70.0,10.3,10.5,12,0.3,2.0,82.6,83.0,86.5,87.0,28.0,28.0,24.4,23.5,30,14.2,16
1.0,0.05,0.5,Michigan,71.2,60,83,66.0,43.4,44.0,49,0.4,4.0,76.2,78.5,80.2,80.5,103.3,102.0,13.2,14.0,15,16.2,24
0.5,0.01,0.5,Illinois,71.4,46,108,62.0,26.3,27.0,28,0.0,0.0,97.2,101.5,108.3,118.0,164.3,199.0,3.3,3.5,6,4.4,8
0.5,0.1,1.0,Indiana,71.5,64,75,74.0,44.9,43.5,50,0.2,1.0,75.5,75.0,79.6,80.0,83.7,82.5,17.3,18.5,22,17.0,24
1.0,0.01,0.5,Iowa,71.5,51,85,69.0,26.3,26.0,33,4.2,15.0,80.1,85.0,83.8,87.0,68.9,64.5,69.3,67.5,86,48.4,54
ALL,ALL,ALL,Nevada,71.60277777777777,62,174,62.0,3.816666666666667,4.0,5,0.002777777777777778,1.0,85.28055555555555,69.0,156.7215909090909,150.0,149.1341463414634,138.0,0.3617021276595745,0.0,2,0.5166666666666667,1
0.5,0.05,2.0,Kentucky,71.7,60,75,75.0,40.9,40.5,46,0.0,0.0,83.8,84.0,91.9,89.0,114.9,113.0,25.0,25.5,31,9.6,13
2.0,0.1,2.0,Indiana,71.7,55,75,74.0,50.9,51.5,55,0.2,1.0,74.9,75.0,80.3,80.0,67.5,80.0,18.1,18.0,24,21.8,27
2.0,0.01,0.5,California,71.7,51,74,74.0,5.0,5.0,7,10.0,17.0,86.1,94.0,141.3,121.5,28.0,28.0,75.5,76.0,90,31.3,33
0.5,0.01,2.0,California,71.7,51,74,74.0,4.4,4.5,7,9.1,31.0,108.1,84.5,169.7,115.0,28.0,28.0,74.6,76.0,83,31.7,34
ALL,ALL,ALL,Washington,71.70833333333333,47,120,70.0,9.844444444444445,10.0,16,1.175,11.0,80.63333333333334,80.0,90.32122905027933,84.0,36.03055555555556,28.0,22.619444444444444,22.0,35,13.458333333333334,18
0.5,0.25,0.5,Montana,71.8,66,95,66.0,10.7,11.0,12,0.0,0.0,96.2,95.0,101.8,101.0,139.0,139.0,1.9,2.0,3,3.6,5
1.0,0.25,2.0,Montana,71.8,66,95,66.0,17.1,17.0,18,0.0,0.0,96.2,95.0,101.8,101.0,139.0,139.0,4.1,4.0,5,4.4,5
2.0,0.25,1.0,Montana,71.8,66,95,66.0,17.5,18.0,19,0.0,0.0,96.2,95.0,101.8,101.0,139.0,139.0,5.5,6.0,6,4.6,6
2.0,0.25,0.5,Tennessee,71.8,63,77,75.0,47.6,47.5,51,0.0,0.0,76.5,77.0,77.9,78.0,81.0,82.0,21.9,22.5,25,9.6,11
1.0,0.25,2.0,Tennessee,71.8,63,77,74.0,46.8,47.0,49,0.0,0.0,77.2,77.0,78.4,78.5,82.0,82.0,24.7,24.5,29,11.3,13
0.5,0.05,2.0,Indiana,71.8,57,75,74.0,50.0,50.0,53,0.3,1.0,77.6,75.0,82.5,84.0,91.2,88.0,17.8,18.0,22,13.8,19
1.0,0.01,0.5,Arizona,71.9,60,92,69.0,7.0,7.0,10,0.2,1.0,79.1,82.0,89.4,93.0,28.0,28.0,5.5,5.5,8,2.7,5
1.0,0.01,0.5,Idaho,71.9,50,112,77.0,9.5,10.0,12,0.9,9.0,87.3,84.0,93.8,91.5,28.0,28.0,21.8,22.0,32,10.5,14
1.0,0.01,1.0,Arizona,72.0,41,83,80.5,7.7,7.0,10,0.1,1.0,81.4,83.0,89.0,91.0,35.4,28.0,6.0,6.0,8,3.0,4
1.0,0.01,2.0,North Dakota,72.2,63,78,78.0,17.7,17.5,22,0.0,0.0,89.3,83.5,104.0,109.0,48.0,28.0,12.6,12.0,16,4.7,6
2.0,0.25,1.0,Tennessee,72.2,63,77,75.0,48.3,48.5,50,0.0,0.0,76.0,77.0,77.8,78.0,81.0,82.0,26.0,26.0,29,9.8,13
0.5,0.25,1.0,Tennessee,72.2,63,77,76.0,37.9,38.5,40,0.0,0.0,76.9,77.5,78.1,78.5,81.5,82.0,15.7,15.5,19,9.9,12
2.0,0.01,0.5,Oklahoma,72.3,48,113,66.5,24.6,25.5,30,0.0,0.0,103.9,102.0,120.7,122.0,42.5,28.0,6.7,6.5,9,4.3,8
2.0,0.01,1.0,Iowa,72.3,50,85,73.5,29.4,28.5,38,2.5,14.0,84.6,88.0,89.5,91.5,70.9,83.0,89.5,88.0,103,52.4,61
2.0,0.25,0.5,Louisiana,72.5,65,90,65.0,7.2,7.0,8,0.0,0.0,104.6,90.0,177.0,176.0,269.6666666666667,130.0,0.5,0.5,1,0.3,1
0.5,0.05,1.0,Washington,72.6,59,80,70.0,10.7,11.0,13,0.3,3.0,80.7,80.0,85.9,88.0,28.0,28.0,20.2,20.0,24,12.1,14
0.5,0.05,0.5,Michigan,72.6,52,81,73.5,37.6,39.0,41,0.5,5.0,78.2,79.0,80.5,80.5,95.7,104.5,9.4,9.5,14,13.9,25
1.0,0.05,2.0,Indiana,72.6,57,75,74.5,50.0,50.0,52,0.3,1.0,77.7,76.0,82.9,84.0,82.7,88.0,15.7,16.0,20,18.0,21
0.5,0.01,0.5,Iowa,72.6,51,85,80.0,24.6,25.5,32,2.1,14.0,81.7,85.5,85.8,90.0,65.8,65.0,60.7,58.0,75,42.4,50
1.0,0.05,0.5,Washington,72.7,59,87,75.0,9.7,10.0,12,0.9,3.0,80.0,85.0,85.6,88.0,28.0,28.0,23.3,23.0,27,12.7,16
0.5,0.05,1.0,Kentucky,72.8,69,75,74.0,34.6,35.0,37,0.0,0.0,82.9,84.0,91.3,90.0,102.7,101.0,15.2,15.5,20,8.6,13
2.0,0.01,1.0,South Dakota,72.8,42,108,76.5,36.3,35.5,43,0.0,0.0,81.2,80.0,89.0,97.0,100.4,101.0,17.0,17.0,23,9.5,15
1.0,0.05,1.0,Kentucky,72.8,60,84,74.0,41.3,42.0,44,0.0,0.0,84.8,82.0,89.3,91.5,70.1,57.0,23.6,23.0,29,11.3,13
1.0,0.01,0.5,North Dakota,72.9,63,78,76.0,12.8,13.0,15,0.0,0.0,89.4,89.0,110.1,116.0,83.6,62.0,6.8,6.5,10,2.0,4
2.0,0.01,2.0,North Dakota,72.9,63,78,74.0,17.8,18.0,20,0.0,0.0,87.3,78.0,99.3,92.5,67.8,28.0,13.3,13.0,17,5.4,7
0.5,0.01,0.5,Idaho,72.9,50,86,77.0,8.5,9.0,12,0.6,4.0,84.3,84.0,95.1,92.5,65.8,58.0,18.7,18.0,36,9.1,12
ALL,ALL,ALL,New York,72.90555555555555,44,172,60.0,11.3,11.0,18,0.5666666666666667,18.0,89.80555555555556,75.0,100.075,88.0,32.43611111111111,28.0,166.09166666666667,175.0,213,37.67777777777778,45
1.0,0.01,2.0,South Dakota,73.0,42,107,80.0,38.3,38.5,42,0.0,0.0,81.2,86.0,84.7,93.0,90.3,95.5,18.3,18.5,23,7.2,11
0.5,0.05,0.5,Washington,73.0,56,83,80.0,9.5,9.0,12,0.5,3.0,82.6,87.0,86.0,89.0,28.0,28.0,18.2,18.5,20,11.3,13
0.5,0.25,0.5,Maryland,73.1,64,93,67.0,10.2,10.0,12,0.0,0.0,85.7,87.5,100.9,97.5,86.2,86.0,7.8,8.0,12,1.8,3
ALL,ALL,ALL,Oregon,73.15277777777777,52,158,63.0,15.191666666666666,15.0,22,0.027777777777777776,1.0,85.01388888888889,69.0,96.18888888888888,81.0,87.15277777777777,76.0,7.580555555555556,8.0,13,6.727777777777778,12
0.5,0.1,2.0,Tennessee,73.2,63,77,76.0,40.6,40.0,45,0.0,0.0,77.3,77.5,78.2,78.5,76.1,82.0,18.0,17.5,23,10.7,12
2.0,0.01,1.0,Idaho,73.2,50,93,77.0,10.6,10.5,14,0.1,1.0,82.6,85.0,102.5,112.0,28.0,28.0,30.9,28.5,42,13.0,15
2.0,0.05,1.0,Washington,73.2,56,87,75.0,11.2,11.0,14,0.4,3.0,82.8,81.5,88.3,89.0,28.0,28.0,24.2,23.5,28,13.4,17
1.0,0.05,0.5,Indiana,73.2,57,84,75.0,45.6,46.0,50,0.4,1.0,81.1,84.0,85.6,86.0,83.6,87.0,14.4,14.5,17,14.7,18
0.5,0.01,1.0,Idaho,73.4,50,91,77.0,9.4,9.0,14,0.6,4.0,91.0,97.5,97.0,101.5,41.6,28.0,18.3,18.0,30,10.1,14
0.5,0.05,1.0,Indiana,73.4,57,84,74.5,44.8,44.5,49,0.3,1.0,81.6,84.0,86.1,86.5,97.2,102.5,14.4,14.0,17,13.2,16
1.0,0.05,0.5,Kentucky,73.5,65,84,75.0,35.1,35.0,37,0.0,0.0,83.3,87.0,93.5,98.0,110.8,113.0,19.1,18.5,24,9.7,14
1.0,0.01,1.0,Wisconsin,73.5,51,76,76.0,35.4,35.0,41,0.0,0.0,83.7,83.5,90.9,92.5,46.8,28.0,64.0,62.5,81,25.3,28
0.5,0.01,1.0,Oklahoma,73.6,48,102,81.5,14.3,14.0,17,0.0,0.0,101.8,102.0,124.5,122.0,65.4,40.0,2.6,2.0,6,1.8,3
2.0,0.05,2.0,Indiana,73.6,65,76,75.0,50.5,51.0,54,0.5,1.0,80.2,84.0,86.2,87.0,82.0,91.5,17.5,18.0,20,19.5,22
2.0,0.05,2.0,South Carolina,73.8,57,129,64.0,14.4,15.0,16,0.0,0.0,115.6,129.0,154.3,158.0,65.1,55.5,4.2,4.0,6,0.6,1
0.5,0.01,0.5,Oklahoma,73.8,48,122,70.0,8.6,8.0,12,0.1,1.0,92.1,87.5,120.0,114.0,50.55555555555556,28.0,2.6,2.5,5,0.9,2
2.0,0.01,0.5,Arizona,73.8,60,83,77.5,7.2,7.0,10,0.2,2.0,82.7,83.0,91.3,94.0,28.0,28.0,6.6,6.5,9,3.1,5
1.0,0.05,2.0,Kentucky,73.8,60,98,74.0,42.4,44.0,45,0.0,0.0,84.7,82.0,93.2,93.5,67.2,77.0,29.7,29.5,33,11.9,17
2.0,0.01,0.5,Iowa,73.8,51,85,80.5,27.4,28.0,35,2.2,11.0,83.4,85.5,87.5,86.5,68.4,77.0,83.9,83.0,99,53.7,60
2.0,0.01,2.0,Wisconsin,73.9,67,76,76.0,38.3,38.5,43,0.0,0.0,84.2,84.0,88.9,90.0,36.7,28.0,59.3,59.5,70,23.3,29
0.5,0.01,0.5,Arizona,74.0,58,94,73.0,6.4,6.0,8,0.1,1.0,80.7,82.0,87.7,83.0,47.8,28.0,3.5,4.0,6,2.3,4
2.0,0.01,0.5,Idaho,74.0,50,77,77.0,9.6,10.5,12,1.0,10.0,88.5,88.0,113.0,119.0,28.0,28.0,30.6,29.5,47,12.8,18
1.0,0.01,2.0,Arizona,74.1,60,92,78.0,7.3,7.5,8,0.2,1.0,86.3,91.5,89.4,94.5,28.0,28.0,5.6,5.0,13,3.4,5
2.0,0.05,1.0,Indiana,74.1,72,75,74.5,49.6,50.0,53,0.4,1.0,79.7,80.0,85.9,85.0,76.3,80.0,16.2,16.5,19,18.7,24
0.5,0.01,0.5,South Dakota,74.2,55,107,78.0,25.0,24.5,30,0.0,0.0,80.6,84.0,87.8,93.0,106.4,106.0,11.1,11.0,16,2.8,4
0.5,0.25,0.5,Tennessee,74.2,63,77,75.0,26.8,27.5,30,0.0,0.0,76.8,77.0,78.2,78.0,81.0,82.0,14.1,14.0,17,6.7,8
1.0,0.1,1.0,Tennessee,74.2,63,77,77.0,43.4,44.0,46,0.0,0.0,77.8,78.0,78.8,79.0,71.2,82.0,17.7,18.0,23,10.5,13
0.5,0.01,1.0,Iowa,74.2,50,85,85.0,27.3,27.0,35,0.3,3.0,79.5,86.0,86.6,90.0,74.9,76.5,66.2,65.5,80,44.2,50
2.0,0.01,1.0,North Dakota,74.3,63,78,78.0,17.8,18.0,19,0.0,0.0,95.9,91.0,115.3,113.0,28.0,28.0,11.1,10.5,16,5.8,7
1.0,0.25,0.5,Pennsylvania,74.3,68,75,75.0,42.5,43.0,48,0.0,0.0,75.9,76.0,76.0,76.0,76.5,77.0,46.5,46.5,52,15.4,20
0.5,0.25,1.0,Pennsylvania,74.3,68,75,75.0,42.6,42.5,45,0.1,1.0,75.9,76.0,76.0,76.0,71.6,77.0,44.0,44.5,47,15.6,20
1.0,0.01,0.5,Wisconsin,74.3,64,84,76.0,35.7,36.5,39,0.0,0.0,81.5,77.0,89.4,88.0,42.8,28.0,51.6,51.0,60,24.0,26
1.0,0.25,1.0,Pennsylvania,74.4,68,76,75.0,43.1,43.5,46,0.0,0.0,75.9,76.0,76.3,76.0,66.7,77.0,48.3,48.0,54,15.5,20
0.5,0.05,0.5,Kentucky,74.6,73,75,75.0,25.4,25.0,29,0.0,0.0,86.4,89.0,91.9,90.0,108.7,103.5,9.6,10.0,12,5.8,9
1.0,0.05,1.0,Washington,74.6,59,87,75.0,10.6,11.0,12,0.3,3.0,82.5,81.5,87.0,87.0,28.0,28.0,23.0,23.0,28,13.6,15
1.0,0.01,1.0,Iowa,74.6,59,85,80.5,27.2,27.0,32,2.7,12.0,83.6,87.5,88.2,88.5,66.3,66.0,74.3,75.5,83,51.3,57
2.0,0.01,2.0,Illinois,74.7,46,104,81.0,43.3,43.5,47,0.0,0.0,97.5,98.0,109.3,111.0,130.5,176.0,13.0,13.0,17,7.7,11
0.5,0.05,0.5,Indiana,74.7,71,84,74.5,42.3,43.0,45,0.2,1.0,78.8,76.0,86.0,84.0,102.7,101.0,14.1,14.0,19,11.1,15
1.0,0.01,2.0,Idaho,74.7,50,109,77.0,10.5,10.0,13,0.2,2.0,87.4,88.0,100.8,112.0,28.0,28.0,32.6,32.0,46,13.0,17
2.0,0.25,2.0,Tennessee,74.8,73,77,75.0,47.7,48.0,50,0.0,0.0,76.3,76.0,77.8,77.5,81.0,82.0,27.3,27.0,32,10.7,13
0.5,0.01,0.5,Wisconsin,74.8,70,76,76.0,32.5,33.0,38,0.0,0.0,83.2,84.0,86.9,92.0,48.5,28.0,43.3,44.0,56,24.7,30
0.5,0.01,2.0,Wisconsin,74.8,64,82,76.0,34.6,33.5,44,0.1,1.0,83.9,85.0,87.4,90.0,34.0,28.0,62.8,61.5,73,25.3,30
2.0,0.25,2.0,Louisiana,75.0,65,90,65.0,7.5,7.5,8,0.0,0.0,113.2,90.0,178.7,176.0,297.6,130.0,0.8333333333333334,1.0,1,0.3,1
0.5,0.25,0.5,Pennsylvania,75.0,75,75,75.0,42.4,43.0,44,0.0,0.0,76.0,76.0,76.0,76.0,77.0,77.0,37.6,38.0,44,13.9,18
2.0,0.25,2.0,Pennsylvania,75.0,75,75,75.0,44.5,44.5,48,0.0,0.0,76.0,76.0,76.0,76.0,77.0,77.0,46.3,46.0,53,14.4,18
1.0,0.25,2.0,Pennsylvania,75.0,75,75,75.0,44.3,44.0,47,0.0,0.0,76.0,76.0,76.0,76.0,77.0,77.0,44.9,45.0,50,14.7,18
2.0,0.25,0.5,Pennsylvania,75.0,75,75,75.0,43.4,43.0,47,0.0,0.0,76.0,76.0,76.0,76.0,77.0,77.0,44.1,43.5,51,15.4,18
2.0,0.05,0.5,Indiana,75.0,72,84,74.5,48.8,49.0,52,0.3,1.0,81.7,84.0,86.5,87.0,86.4,88.0,13.1,12.0,18,19.0,24
1.0,0.01,0.5,Illinois,75.1,46,104,82.5,34.9,34.5,37,0.0,0.0,96.1,95.5,104.1,99.0,136.5,130.5,6.9,6.5,10,4.0,6
1.0,0.1,2.0,Tennessee,75.1,63,78,77.0,44.1,44.0,47,0.0,0.0,77.8,78.0,81.5,79.0,89.4,82.0,20.8,20.0,27,12.6,16
2.0,0.25,1.0,Pennsylvania,75.1,75,76,75.0,44.1,44.5,49,0.0,0.0,76.0,76.0,76.6,76.0,77.0,77.0,44.2,44.5,50,14.8,19
0.5,0.25,2.0,Pennsylvania,75.1,75,76,75.0,42.5,43.0,44,0.0,0.0,76.0,76.0,76.1,76.0,77.0,77.0,47.7,48.5,54,16.1,19
1.0,0.01,1.0,Idaho,75.2,50,91,77.0,10.2,10.0,14,0.0,0.0,87.4,84.0,102.1,109.0,28.0,28.0,31.0,29.5,45,11.9,14
0.5,0.1,2.0,Pennsylvania,75.2,75,76,75.0,43.7,43.5,46,0.0,0.0,76.0,76.0,76.7,76.0,77.0,77.0,46.8,47.0,51,14.1,17
ALL,ALL,ALL,Vermont,75.26666666666667,51,240,51.0,9.430555555555555,9.0,13,0.5694444444444444,6.0,104.54166666666667,93.5,122.33333333333333,109.0,71.67222222222222,28.0,17.044444444444444,19.0,28,4.3805555555555555,8
1.0,0.01,1.0,North Dakota,75.3,63,78,78.0,15.3,15.0,18,0.0,0.0,102.1,100.0,115.6,113.0,123.4,124.0,6.7,6.5,12,3.9,6
1.0,0.1,2.0,Pennsylvania,75.3,75,76,75.0,43.7,43.5,46,0.0,0.0,76.0,76.0,77.2,76.0,77.0,77.0,43.8,43.0,51,14.2,17
2.0,0.1,2.0,Pennsylvania,75.3,75,76,75.0,43.9,44.5,46,0.0,0.0,76.0,76.0,77.0,76.0,72.1,77.0,40.8,41.5,44,14.4,19
0.5,0.1,0.5,Pennsylvania,75.3,75,76,75.0,40.6,40.0,44,0.0,0.0,76.0,76.0,79.3,76.0,77.0,77.0,35.1,34.0,40,14.7,18
1.0,0.1,0.5,Tennessee,75.4,63,77,77.0,36.5,36.5,39,0.0,0.0,77.9,78.0,79.5,79.0,76.1,82.0,14.6,14.0,20,9.5,11
0.5,0.1,1.0,Tennessee,75.4,63,77,77.0,35.0,35.0,38,0.0,0.0,77.6,78.0,78.7,79.0,82.0,82.0,13.9,13.5,16,9.5,12
1.0,0.1,1.0,Pennsylvania,75.4,75,76,75.0,45.5,45.5,48,0.0,0.0,76.0,76.0,78.4,76.0,77.0,77.0,44.5,43.5,53,12.5,15
2.0,0.1,1.0,Pennsylvania,75.4,75,76,75.0,44.9,44.0,49,0.0,0.0,76.0,76.0,78.1,76.0,77.0,77.0,41.8,43.0,47,13.7,16
0.5,0.1,1.0,Pennsylvania,75.4,75,76,75.0,44.0,44.0,47,0.0,0.0,76.0,76.0,78.4,76.0,77.0,77.0,38.8,38.0,43,13.7,18
1.0,0.01,2.0,Wisconsin,75.4,70,86,76.0,37.8,39.5,43,0.0,0.0,85.7,88.0,90.1,89.5,28.0,28.0,57.8,60.5,68,23.0,29
2.0,0.05,2.0,Pennsylvania,75.5,75,76,75.5,44.7,45.0,48,0.0,0.0,77.5,76.0,82.6,80.5,83.8,77.0,36.4,37.0,39,12.8,18
2.0,0.1,0.5,Pennsylvania,75.5,75,76,75.5,43.2,43.0,46,0.0,0.0,76.0,76.0,79.0,77.5,72.1,77.0,43.0,44.0,51,15.0,20
0.5,0.05,2.0,Pennsylvania,75.6,75,76,76.0,45.0,44.5,48,0.0,0.0,76.0,76.0,79.3,80.5,72.1,77.0,36.4,35.5,45,11.7,15
0.5,0.05,0.5,Pennsylvania,75.6,75,76,76.0,39.1,39.5,43,0.0,0.0,76.0,76.0,82.3,82.0,83.7,77.0,30.2,31.5,38,13.4,19
1.0,0.1,0.5,Pennsylvania,75.6,75,76,76.0,43.1,44.0,46,0.0,0.0,76.0,76.0,78.8,78.0,77.0,77.0,38.3,38.0,44,13.6,18
1.0,0.05,1.0,Pennsylvania,75.7,75,76,76.0,45.0,44.5,52,0.0,0.0,76.6,76.0,83.0,82.0,69.4,77.0,41.4,39.5,53,12.3,16
2.0,0.05,0.5,Pennsylvania,75.7,75,76,76.0,44.7,45.0,48,0.0,0.0,76.9,76.0,82.0,82.0,85.6,77.0,37.5,37.0,49,12.4,17
1.0,0.05,2.0,Pennsylvania,75.7,75,76,76.0,43.4,43.5,48,0.0,0.0,76.0,76.0,85.2,85.0,82.0,77.0,36.7,38.0,48,14.1,17
0.5,0.01,1.0,Wisconsin,75.7,70,82,76.0,34.7,35.0,38,0.1,1.0,86.8,89.0,95.5,94.0,34.0,28.0,54.5,57.0,64,24.7,30
2.0,0.05,1.0,Pennsylvania,75.8,75,76,76.0,43.4,43.0,47,0.0,0.0,76.0,76.0,83.2,82.0,72.1,77.0,39.7,39.5,45,14.3,19
2.0,0.05,2.0,Kentucky,75.9,69,98,75.0,42.6,43.0,47,0.0,0.0,85.6,86.5,91.9,89.0,69.7,57.0,30.8,31.5,36,12.0,15
0.5,0.05,1.0,Pennsylvania,75.9,75,76,76.0,42.2,42.0,45,0.0,0.0,76.0,76.0,84.1,82.0,77.0,77.0,35.1,35.0,45,13.9,18
1.0,0.01,0.5,Nebraska,76.1,56,105,70.0,29.4,29.0,33,0.0,0.0,90.3,84.0,95.5,89.0,108.11111111111111,113.0,3.4,4.0,5,5.2,7
1.0,0.01,0.5,Florida,76.1,44,102,69.0,8.9,9.0,11,2.0,8.0,94.4,102.0,112.5,110.0,31.6,28.0,25.5,25.5,29,19.2,26
2.0,0.01,0.5,Florida,76.1,44,103,74.0,11.2,11.5,14,1.5,7.0,102.5,105.0,108.6,110.0,56.7,28.0,35.2,34.5,42,20.8,25
1.0,0.05,0.5,Pennsylvania,76.2,75,82,76.0,43.4,43.5,46,0.0,0.0,77.5,76.0,82.1,82.0,69.9,77.0,38.0,39.0,44,12.5,18
0.5,0.01,2.0,South Dakota,76.3,55,84,78.0,33.4,33.5,38,0.1,1.0,86.4,84.0,93.2,97.0,91.5,90.0,14.8,15.0,19,7.9,12
2.0,0.1,0.5,Tennessee,76.3,73,78,77.0,44.2,44.5,47,0.0,0.0,77.9,78.0,80.7,79.0,86.9,82.0,19.6,20.0,23,11.2,14
0.5,0.01,1.0,Arizona,76.4,55,94,80.5,6.7,7.0,8,0.0,0.0,86.5,88.0,91.2,94.0,28.0,28.0,5.0,5.0,9,2.6,4
2.0,0.1,1.0,Tennessee,76.4,73,77,77.0,45.9,46.0,47,0.0,0.0,77.6,78.0,78.7,79.0,82.0,82.0,24.5,25.5,28,11.3,12
0.5,0.25,2.0,Tennessee,76.4,75,77,77.0,42.1,42.5,45,0.0,0.0,77.7,78.0,78.7,79.0,81.5,82.0,20.4,21.0,23,11.5,14
1.0,0.05,1.0,Indiana,76.4,74,84,75.0,48.6,47.5,53,0.3,1.0,80.6,80.0,86.9,86.0,91.3,88.0,16.4,16.0,21,16.3,20
0.5,0.25,2.0,Maryland,76.5,64,93,66.5,12.2,13.0,14,0.0,0.0,87.1,93.0,102.1,99.5,88.8,75.0,7.4,7.0,11,2.0,5
0.5,0.01,1.0,South Dakota,76.5,55,97,82.0,30.1,30.0,33,0.1,1.0,82.4,86.5,85.6,88.0,91.0,84.5,11.5,12.0,15,4.2,7
ALL,ALL,ALL,Indiana,76.59444444444445,55,139,74.0,45.71111111111111,47.0,55,0.16111111111111112,3.0,83.79444444444445,75.0,88.86944444444444,84.0,91.20555555555555,80.0,15.88888888888889,16.0,29,16.802777777777777,29
0.5,0.05,1.0,Tennessee,76.7,73,79,77.0,29.6,30.0,35,0.0,0.0,79.1,78.0,87.2,82.5,86.1,82.0,11.6,12.0,15,9.5,12
2.0,0.1,2.0,Tennessee,76.9,75,78,77.0,46.5,46.5,48,0.0,0.0,78.0,78.0,79.8,79.0,83.6,82.0,24.7,24.5,31,10.5,13
2.0,0.01,1.0,Wisconsin,76.9,72,92,76.0,38.9,39.0,43,0.0,0.0,85.2,85.5,88.3,88.0,35.6,28.0,60.5,60.0,79,22.0,27
0.5,0.1,0.5,Tennessee,77.0,75,78,77.0,24.4,24.0,29,0.0,0.0,78.2,78.0,82.8,79.0,80.0,82.0,10.4,10.5,16,5.7,9
2.0,0.05,0.5,Tennessee,77.0,75,79,77.0,42.4,42.5,46,0.0,0.0,81.8,78.0,89.3,79.0,91.8,82.0,15.6,16.0,19,10.5,14
2.0,0.01,0.5,Wisconsin,77.0,64,92,76.0,37.4,37.5,42,0.1,1.0,83.8,85.0,88.7,91.5,28.0,28.0,59.5,57.5,70,23.4,28
1.0,0.01,2.0,Nebraska,77.2,32,105,77.0,38.1,38.0,43,0.0,0.0,88.8,94.5,98.3,106.0,79.5,85.0,5.9,5.5,8,4.7,8
2.0,0.01,1.0,Illinois,77.3,46,118,88.0,40.7,40.5,44,0.0,0.0,101.8,98.0,106.9,104.0,176.1,193.5,10.9,10.5,14,7.4,10
0.5,0.05,2.0,Tennessee,77.3,77,79,77.0,36.5,36.5,41,0.0,0.0,80.2,78.0,90.2,88.5,90.4,82.0,15.5,15.5,19,11.0,13
2.0,0.05,2.0,Washington,77.3,59,87,80.0,11.7,12.0,14,0.3,3.0,83.6,83.0,86.9,87.0,28.0,28.0,23.8,23.0,28,13.0,15
2.0,0.05,2.0,Tennessee,77.4,77,78,77.0,44.2,44.0,49,0.0,0.0,82.2,79.0,89.1,87.0,77.7,82.0,19.5,20.5,27,10.9,15
2.0,0.05,1.0,Tennessee,77.4,77,78,77.0,43.8,43.5,48,0.0,0.0,78.4,78.0,85.6,79.0,86.3,82.0,17.0,16.5,22,11.0,14
0.5,0.25,1.0,Louisiana,77.5,65,90,77.5,4.9,5.0,6,0.0,0.0,121.8,105.0,184.1,176.0,314.0,337.0,1.1111111111111112,1.0,2,0.2,1
1.0,0.25,1.0,Louisiana,77.5,65,90,77.5,5.4,5.5,6,0.0,0.0,121.8,105.0,179.0,176.0,130.0,130.0,0.25,0.0,1,0.3,1
0.5,0.1,2.0,Maryland,77.5,64,114,66.0,12.7,12.5,15,0.0,0.0,107.1,111.0,118.6,123.5,95.9,90.0,5.9,6.0,9,1.1,3
0.5,0.05,0.5,Tennessee,77.5,77,79,77.0,21.4,21.5,25,0.0,0.0,81.2,78.0,88.5,88.5,84.4,82.0,7.1,7.0,9,4.2,8
1.0,0.05,1.0,Tennessee,77.5,77,78,77.5,39.9,38.5,47,0.0,0.0,78.5,78.5,90.4,98.0,101.1,90.0,13.4,14.0,15,11.5,14
0.5,0.01,2.0,Iowa,77.5,51,85,85.0,28.0,27.5,33,1.1,7.0,82.6,86.0,89.0,90.0,66.2,86.5,70.5,67.0,96,50.1,55
0.5,0.1,1.0,Montana,77.6,66,95,66.0,14.5,14.5,16,0.0,0.0,97.4,95.0,102.6,101.0,139.0,139.0,3.0,3.0,5,2.8,4
1.0,0.1,1.0,Montana,77.6,66,95,66.0,14.2,14.0,15,0.0,0.0,97.4,95.0,102.6,101.0,139.0,139.0,3.3,3.0,4,4.3,5
0.5,0.1,2.0,Montana,77.6,66,95,66.0,13.9,13.5,15,0.0,0.0,97.4,95.0,103.0,103.0,139.0,139.0,3.6,3.5,5,4.4,6
2.0,0.1,1.0,Montana,77.6,66,95,66.0,16.6,17.0,17,0.0,0.0,97.4,95.0,102.6,101.0,139.0,139.0,5.6,6.0,7,4.8,6
1.0,0.05,0.5,Tennessee,77.6,77,79,77.5,33.8,34.0,41,0.0,0.0,80.5,79.0,94.9,98.0,97.6,90.0,10.6,10.5,14,9.5,12
ALL,ALL,ALL,Kentucky,77.85555555555555,56,151,69.0,38.21944444444444,41.0,55,0.0,0.0,89.35833333333333,75.0,98.05,84.0,97.61666666666666,86.0,21.533333333333335,22.0,37,10.03888888888889,18
2.0,0.01,1.0,Missouri,77.9,61,94,73.5,51.7,51.0,59,0.0,0.0,90.9,94.0,97.4,99.0,133.5,145.0,8.1,7.0,15,7.4,13
2.0,0.01,0.5,South Dakota,78.1,55,103,76.5,36.3,36.0,38,0.0,0.0,82.5,80.5,86.5,86.0,95.3,102.5,16.7,16.5,22,7.1,9
2.0,0.25,2.0,Virginia,78.4,76,79,79.0,33.3,33.0,37,0.0,0.0,85.7,86.0,89.5,88.0,104.4,103.0,16.4,16.5,21,6.4,9
0.5,0.01,0.5,North Dakota,78.5,63,100,78.0,7.3,8.0,10,0.1,1.0,107.0,106.5,128.7,126.0,133.55555555555554,111.0,2.9,3.0,8,1.3,2
0.5,0.25,1.0,Virginia,78.5,76,79,79.0,26.5,26.0,30,0.1,1.0,86.3,87.0,93.3,93.5,113.9,117.0,10.1,9.0,15,2.6,4
2.0,0.25,0.5,Virginia,78.5,76,79,79.0,32.5,32.0,35,0.0,0.0,85.2,86.0,92.6,93.5,110.5,114.0,15.8,15.0,21,6.3,8
1.0,0.25,0.5,Virginia,78.8,77,79,79.0,27.7,27.5,30,0.0,0.0,86.1,86.0,92.2,88.0,114.0,121.0,12.5,12.0,18,3.7,5
2.0,0.01,2.0,Nebraska,78.8,56,112,75.5,38.6,38.5,42,0.0,0.0,90.9,78.0,97.7,85.0,118.5,117.0,5.6,5.0,12,6.1,9
2.0,0.25,1.0,Virginia,78.9,76,86,79.0,33.4,34.5,36,0.0,0.0,84.3,86.0,90.0,88.0,112.0,114.0,16.8,16.5,19,6.4,9
0.5,0.01,2.0,Illinois,79.1,46,117,92.5,38.0,38.0,44,0.0,0.0,104.8,108.5,115.8,117.5,158.1,186.5,11.1,12.5,14,6.1,9
0.5,0.01,2.0,North Dakota,79.2,63,119,78.0,16.2,15.0,21,0.1,1.0,102.8,107.0,120.2,119.0,108.6,125.5,5.8,5.5,9,2.0,5
2.0,0.1,2.0,Maryland,79.3,64,114,66.5,12.9,13.0,14,0.0,0.0,107.4,105.0,118.4,123.0,96.6,96.0,5.6,5.5,8,0.8,2
0.5,0.25,2.0,Virginia,79.4,76,88,79.0,31.6,31.5,34,0.0,0.0,87.2,86.0,93.3,88.0,112.5,115.5,14.2,14.0,19,5.0,7
0.5,0.01,1.0,Illinois,79.5,46,117,88.0,32.5,32.5,36,0.0,0.0,100.2,97.0,111.2,114.5,177.6,194.5,7.1,7.0,13,4.5,8
1.0,0.25,1.0,Virginia,79.5,77,86,79.0,31.6,31.5,34,0.0,0.0,85.5,86.0,89.1,88.0,116.1,114.5,13.8,14.0,16,5.2,7
ALL,ALL,ALL,Pennsylvania,79.56388888888888,68,128,76.0,41.955555555555556,43.0,52,0.17777777777777778,5.0,86.66666666666667,76.0,92.25277777777778,79.0,88.375,77.0,36.602777777777774,38.0,54,13.291666666666666,20
0.5,0.05,1.0,South Carolina,79.6,57,129,64.0,5.3,6.0,8,0.0,0.0,108.0,91.0,159.0,143.5,127.8,131.0,2.0,2.0,3,0.0,0
0.5,0.05,2.0,Washington,79.6,59,89,83.0,9.7,9.5,13,0.5,3.0,85.8,87.0,87.8,89.0,28.0,28.0,22.3,22.0,26,13.3,17
2.0,0.01,1.0,Nebraska,79.7,32,105,78.0,38.3,38.0,41,0.0,0.0,96.3,105.0,104.1,112.0,105.8,114.5,6.2,6.5,10,5.0,7
1.0,0.01,2.0,Missouri,79.7,66,98,73.5,49.3,50.5,52,0.0,0.0,96.8,96.5,100.9,101.0,133.7,130.5,8.2,7.5,16,7.3,10
1.0,0.05,2.0,Tennessee,79.7,77,98,78.0,43.7,44.0,49,0.0,0.0,82.4,79.0,90.2,93.0,110.8,104.5,16.8,16.0,23,10.8,14
0.5,0.25,0.5,Louisiana,80.0,65,90,90.0,2.8,3.0,4,0.0,0.0,124.8,120.0,177.42857142857142,176.0,130.0,130.0,0.5,0.5,1,0.1,1
0.5,0.25,0.5,Virginia,80.0,77,86,79.0,19.9,20.0,21,0.0,0.0,85.4,86.0,92.0,88.0,115.3,117.5,7.1,7.0,10,1.5,3
1.0,0.25,2.0,Virginia,80.0,76,88,79.0,31.6,31.5,35,0.0,0.0,86.3,86.0,92.2,88.0,116.2,114.0,15.9,16.5,20,7.0,10
0.5,0.1,0.5,Montana,80.5,66,95,80.5,10.4,11.0,11,0.0,0.0,98.0,98.0,103.0,103.0,139.0,139.0,1.9,2.0,2,3.7,6
1.0,0.1,2.0,Montana,80.5,66,95,80.5,16.5,16.5,18,0.0,0.0,98.0,98.0,103.0,103.0,139.0,139.0,4.7,4.5,6,4.0,6
2.0,0.1,2.0,Montana,80.5,66,95,80.5,17.0,17.0,19,0.0,0.0,98.0,98.0,103.4,105.0,139.0,139.0,4.4,4.5,5,5.6,7
1.0,0.1,2.0,Virginia,80.6,79,88,79.0,30.1,30.0,33,0.0,0.0,90.9,88.0,101.2,99.0,115.0,121.0,17.2,18.0,20,6.4,9
0.5,0.01,2.0,Idaho,80.6,50,127,77.0,10.0,9.5,14,0.4,4.0,86.5,84.0,107.0,113.0,30.3,28.0,30.3,30.5,37,10.8,14
2.0,0.01,2.0,Nevada,80.8,62,134,74.0,3.7,4.0,5,0.0,0.0,107.3,115.5,192.7,163.5,147.0,147.0,0.3333333333333333,0.0,1,0.5,1
1.0,0.01,1.0,South Dakota,80.8,42,108,85.0,35.8,36.0,38,0.0,0.0,86.3,89.5,90.5,93.5,103.5,109.0,13.8,13.5,22,6.6,11
1.0,0.05,1.0,Montana,81.1,66,101,80.5,13.6,13.5,16,0.0,0.0,99.6,101.0,104.0,105.0,116.8,139.0,3.8,3.5,5,3.9,5
1.0,0.01,2.0,Florida,81.1,44,105,87.0,9.6,10.0,13,3.4,11.0,103.7,103.0,114.8,110.5,38.1,28.0,38.6,40.0,43,22.9,28
0.5,0.01,2.0,Missouri,81.3,66,94,86.0,44.1,43.0,50,0.0,0.0,96.4,97.0,99.8,101.0,99.1,121.0,6.3,6.0,11,4.8,8
1.0,0.01,0.5,Wyoming,81.5,68,98,83.0,9.5,9.0,12,0.0,0.0,90.4,90.0,106.4,109.5,122.9,129.5,2.3,2.5,4,0.7,1
2.0,0.01,2.0,Missouri,81.5,67,101,80.0,54.4,54.5,63,0.0,0.0,94.8,94.0,99.6,98.0,114.4,142.5,7.0,7.0,11,9.2,11
ALL,ALL,ALL,North Carolina,81.575,60,310,60.0,20.469444444444445,23.0,32,0.019444444444444445,1.0,126.7611111111111,102.5,141.33798882681563,123.0,184.88855421686748,147.0,3.670487106017192,3.0,10,2.988888888888889,7
1.0,0.05,2.0,South Carolina,81.6,57,158,65.0,12.6,13.0,14,0.0,0.0,117.1,121.5,157.5,129.0,154.9,131.0,3.3,3.0,6,0.9,2
0.5,0.01,1.0,North Dakota,81.6,63,113,78.0,11.3,11.5,16,0.0,0.0,99.1,107.0,110.6,118.0,96.11111111111111,28.0,5.555555555555555,6.0,9,1.7,6
2.0,0.1,2.0,Virginia,81.7,79,99,79.0,29.8,29.5,34,0.0,0.0,91.4,87.0,97.9,99.0,113.9,119.5,17.0,17.0,21,6.9,8
1.0,0.01,1.0,Wyoming,82.0,36,111,79.5,10.4,10.5,11,0.0,0.0,91.3,91.5,98.3,98.0,109.3,117.5,2.6,3.0,4,0.7,1
1.0,0.01,1.0,Florida,82.0,44,111,99.5,12.1,11.5,17,1.9,13.0,106.8,110.0,120.9,111.0,28.0,28.0,32.9,33.0,39,18.9,23
2.0,0.01,2.0,Pennsylvania,82.1,76,114,76.0,40.6,41.0,46,0.6,2.0,110.9,114.0,127.9,124.0,105.4,115.5,26.3,27.0,35,10.4,17
0.5,0.01,2.0,Florida,82.1,44,111,84.5,11.0,11.5,14,1.3,4.0,103.2,103.5,117.5,110.5,46.8,28.0,29.9,30.5,36,19.1,21
0.5,0.1,0.5,Virginia,82.2,79,88,79.0,17.5,17.0,20,0.0,0.0,90.9,88.0,100.1,99.0,118.9,119.5,5.4,6.0,7,1.8,3
0.5,0.01,0.5,Nebraska,82.4,55,112,70.0,16.5,16.5,20,0.0,0.0,93.0,91.0,98.8,108.5,114.0,116.0,3.5,3.5,6,3.6,7
0.5,0.05,0.5,South Carolina,82.5,57,158,64.0,3.2,3.0,5,0.0,0.0,107.55555555555556,129.0,140.14285714285714,158.0,123.88888888888889,131.0,1.5555555555555556,1.0,3,0.0,0
2.0,0.1,1.0,Louisiana,82.5,65,90,90.0,6.9,7.0,8,0.0,0.0,151.9,176.0,192.3,193.0,339.5,339.5,1.0,1.0,1,0.0,0
0.5,0.1,0.5,Louisiana,82.5,65,90,90.0,2.0,2.0,3,0.0,0.0,143.75,176.0,176.0,176.0,130.0,130.0,1.0,1.0,1,0.0,0
0.5,0.25,2.0,Louisiana,82.5,65,90,90.0,5.5,5.5,7,0.0,0.0,127.8,120.0,180.4,176.0,311.125,337.0,1.125,1.0,2,0.2,1
0.5,0.01,1.0,Florida,82.5,44,124,73.0,9.2,9.0,14,3.9,18.0,104.8,106.5,128.5,119.0,28.0,28.0,23.8,23.0,29,17.8,24
2.0,0.01,0.5,North Dakota,82.6,74,107,78.0,16.3,17.0,18,0.0,0.0,97.9,85.0,116.3,115.5,106.2,76.0,8.8,8.0,11,4.4,7
0.5,0.1,2.0,Virginia,82.7,77,88,82.5,27.8,27.5,31,0.0,0.0,88.9,88.0,97.9,99.0,117.1,121.0,14.7,14.0,19,6.1,7
2.0,0.01,1.0,Pennsylvania,82.7,76,114,76.0,37.7,38.0,41,1.0,2.0,112.8,119.0,130.0,126.0,122.3,135.0,24.2,23.5,28,13.5,18
1.0,0.1,0.5,Virginia,82.9,77,99,79.0,23.5,23.5,26,0.0,0.0,90.2,88.0,99.9,99.0,109.1,116.0,13.1,13.0,14,4.7,6
2.0,0.01,1.0,Wyoming,83.1,36,117,83.0,10.9,11.0,12,0.0,0.0,92.2,85.0,104.0,115.0,120.8,108.0,3.2,3.5,5,0.7,2
2.0,0.01,0.5,Illinois,83.1,46,104,87.0,40.9,40.5,46,0.0,0.0,105.7,106.0,111.9,117.0,161.0,187.5,12.6,11.0,19,6.2,9
1.0,0.01,2.0,Wyoming,83.3,33,111,83.0,11.0,11.0,13,0.2,1.0,93.3,95.5,106.8,111.0,106.4,108.0,3.2,3.0,5,0.8,1
0.5,0.01,0.5,Missouri,83.4,66,101,86.0,22.4,22.5,29,0.0,0.0,91.8,95.0,98.8,101.0,134.125,149.0,1.9,1.5,5,2.9,6
1.0,0.1,0.5,Montana,83.4,66,95,95.0,14.2,14.0,17,0.0,0.0,100.0,101.0,104.2,105.0,139.0,139.0,1.5,1.0,3,3.4,5
2.0,0.1,0.5,Montana,83.4,66,95,95.0,16.3,16.5,18,0.0,0.0,98.6,101.0,103.4,105.0,139.0,139.0,2.6,2.5,4,4.0,5
1.0,0.01,0.5,Michigan,83.4,52,100,85.0,33.4,33.5,40,1.0,9.0,101.7,102.0,111.7,110.5,56.0,28.0,12.8,12.5,18,16.4,23
1.0,0.01,0.5,Missouri,83.5,64,101,86.0,34.7,35.0,37,0.0,0.0,93.0,94.0,99.7,101.0,143.9,139.5,4.3,4.5,8,3.0,5
0.5,0.01,0.5,Florida,83.7,66,111,72.0,8.5,9.0,11,2.4,12.0,109.2,110.0,115.2,114.0,93.8,102.5,16.1,16.0,21,13.8,18
0.5,0.1,0.5,Maryland,83.9,64,103,93.0,8.9,9.0,11,0.0,0.0,102.6,108.0,115.2,122.0,97.3,102.0,6.5,7.0,10,0.9,1
0.5,0.01,2.0,Nebraska,83.9,55,105,77.0,32.6,32.0,38,0.0,0.0,102.9,106.0,107.5,113.5,107.1,126.0,4.0,4.0,6,4.4,6
ALL,ALL,ALL,Tennessee,84.35,63,171,77.0,36.44444444444444,39.0,51,0.005555555555555556,1.0,94.32777777777778,78.0,104.91388888888889,79.0,108.1949860724234,82.0,15.030555555555555,15.0,32,8.858333333333333,16
2.0,0.1,0.5,Virginia,84.4,79,99,82.5,29.5,30.0,32,0.0,0.0,97.7,99.0,106.7,110.0,119.9,121.0,15.7,15.0,19,6.3,9
1.0,0.1,0.5,Maryland,84.5,64,102,93.0,11.4,12.0,13,0.1,1.0,105.6,110.0,113.9,116.5,99.7,102.0,5.2,4.5,9,0.7,3
2.0,0.01,2.0,Oregon,84.6,63,117,77.5,15.0,15.0,16,0.1,1.0,117.8,109.0,135.8,124.0,119.0,135.0,5.8,6.0,8,5.5,7
0.5,0.1,1.0,Virginia,84.9,79,88,87.0,23.2,23.0,26,0.0,0.0,93.1,93.5,102.3,104.5,116.8,119.5,9.0,9.0,12,2.4,4
2.0,0.1,1.0,Virginia,84.9,79,99,86.0,29.9,30.0,32,0.0,0.0,94.4,93.5,103.4,104.5,116.7,121.0,18.2,18.5,21,7.0,10
2.0,0.01,2.0,Wyoming,85.0,65,120,69.0,10.9,11.0,13,0.0,0.0,91.5,79.0,103.1,104.0,134.7,127.0,3.2,3.0,5,0.9,2
0.5,0.05,2.0,Virginia,85.0,76,99,82.5,25.3,25.5,29,0.0,0.0,99.0,99.0,108.9,110.0,115.6,119.5,13.7,14.5,19,6.7,9
1.0,0.1,1.0,Maryland,85.1,64,114,80.0,13.0,13.0,14,0.0,0.0,103.8,114.0,116.2,119.5,101.8,88.5,8.1,8.0,12,0.6,1
0.5,0.1,1.0,Maryland,85.1,64,122,80.0,10.6,10.0,13,0.1,1.0,104.8,103.0,112.5,114.0,94.1,88.5,5.8,5.5,8,0.9,2
1.0,0.1,2.0,Maryland,85.3,64,111,93.0,13.1,13.0,14,0.0,0.0,104.3,103.0,114.7,114.0,97.6,112.0,6.1,6.0,8,0.9,2
1.0,0.01,1.0,Nebraska,85.3,32,112,85.0,33.3,34.0,36,0.0,0.0,99.7,102.5,106.9,111.0,139.2,143.5,3.5,4.0,6,4.1,7
2.0,0.01,0.5,Nebraska,85.3,69,105,77.0,34.6,34.5,39,0.0,0.0,97.4,105.0,104.1,114.5,108.0,126.0,4.1,3.5,9,4.6,8
2.0,0.05,2.0,Virginia,85.3,79,99,87.0,29.3,29.5,33,0.0,0.0,96.4,99.0,103.9,110.0,118.9,121.0,14.9,14.5,23,5.9,8
2.0,0.01,0.5,Missouri,85.5,66,98,94.0,46.7,46.5,55,0.0,0.0,95.6,98.0,98.3,101.0,107.1,126.5,6.7,6.0,11,7.4,9
0.5,0.01,0.5,Utah,86.3,63,112,82.0,8.7,9.0,10,0.4,2.0,105.5,105.5,116.3,115.5,107.5,110.0,4.8,4.5,9,3.5,5
2.0,0.01,2.0,Florida,86.6,44,110,102.0,10.5,11.0,14,0.6,5.0,98.5,104.5,110.8,111.5,28.0,28.0,39.8,38.5,53,22.3,26
1.0,0.1,1.0,Virginia,86.8,79,99,83.5,27.6,28.0,30,0.0,0.0,97.5,99.0,103.4,110.0,109.6,115.5,15.3,15.5,20,5.4,8
0.5,0.05,2.0,Montana,86.9,66,101,95.0,14.0,14.0,16,0.0,0.0,100.8,101.0,104.6,105.0,133.4,139.0,3.0,3.0,4,3.8,6
1.0,0.05,1.0,Virginia,86.9,79,99,88.0,26.8,26.5,30,0.0,0.0,96.6,99.0,107.9,110.0,118.7,121.0,14.1,14.0,17,5.1,6
2.0,0.01,1.0,Utah,87.1,63,114,85.0,13.3,13.0,15,0.5,2.0,102.0,105.5,113.5,118.5,106.0,103.5,9.8,9.0,16,4.9,8
2.0,0.1,2.0,Louisiana,87.5,65,90,90.0,7.2,7.0,8,0.0,0.0,167.4,176.0,190.8,193.0,549.0,549.0,1.0,1.0,1,0.0,0
1.0,0.1,2.0,Louisiana,87.5,65,90,90.0,6.7,7.0,8,0.0,0.0,161.8,176.0,189.6,193.0,549.0,549.0,0.5,0.5,1,0.1,1
1.0,0.1,1.0,Louisiana,87.5,65,90,90.0,5.4,5.5,7,0.0,0.0,169.1,176.0,193.4,193.0,,,0.0,0.0,0,0.2,1
0.5,0.01,1.0,Nebraska,87.5,69,105,84.5,27.1,27.0,30,0.0,0.0,101.5,108.5,105.8,116.0,139.2,127.5,3.1,3.0,4,4.1,6
1.0,0.01,1.0,Nevada,87.6,74,124,86.0,3.5,3.5,4,0.0,0.0,146.7,137.0,200.9,175.0,142.5,142.5,1.0,1.0,1,0.1,1
0.5,0.05,1.0,Virginia,87.7,79,99,88.0,19.8,20.0,22,0.0,0.0,101.2,99.0,111.6,110.0,114.4,121.0,10.6,10.5,14,3.1,4
0.5,0.01,2.0,Nevada,87.9,67,124,86.0,3.4,3.0,5,0.0,0.0,131.6,124.0,193.7,154.0,158.0,147.0,0.8571428571428571,1.0,1,0.1,1
0.5,0.05,1.0,Arkansas,88.0,88,88,88.0,4.5,5.0,5,0.0,0.0,133.0,131.0,167.8,141.0,93.5,92.0,2.0,2.0,3,0.0,0
0.5,0.05,0.5,Arkansas,88.0,88,88,88.0,2.9,3.0,4,0.0,0.0,136.0,136.0,171.71428571428572,141.0,95.2,97.0,1.6,1.0,3,0.0,0
0.5,0.25,0.5,Arkansas,88.0,88,88,88.0,3.1,3.0,4,0.0,0.0,131.0,131.0,141.0,141.0,92.0,92.0,2.0,2.0,3,0.0,0
0.5,0.1,1.0,Arkansas,88.0,88,88,88.0,5.2,5.0,6,0.0,0.0,131.0,131.0,141.0,141.0,93.5,92.0,1.8,2.0,3,0.0,0
0.5,0.1,0.5,Arkansas,88.0,88,88,88.0,3.4,3.0,5,0.0,0.0,131.0,131.0,141.0,141.0,93.0,92.0,1.7,2.0,2,0.0,0
1.0,0.1,0.5,Arkansas,88.0,88,88,88.0,6.3,6.0,8,0.0,0.0,132.0,131.0,155.5,141.0,93.5,92.0,2.6,2.5,5,0.1,1
0.5,0.25,1.0,Arkansas,88.0,88,88,88.0,6.2,6.0,8,0.0,0.0,131.0,131.0,141.0,141.0,92.0,92.0,2.3,2.0,4,0.4,2
1.0,0.05,0.5,Arkansas,88.0,88,88,88.0,6.1,6.0,7,0.0,0.0,134.0,131.0,176.2,141.0,90.5,97.0,2.1,2.0,3,0.4,2
1.0,0.05,1.0,Arkansas,88.0,88,88,88.0,9.7,10.0,11,0.0,0.0,136.0,136.0,192.2,169.0,94.5,94.5,3.0,3.0,5,0.9,2
2.0,0.05,1.0,Arkansas,88.0,88,88,88.0,12.3,12.5,14,0.0,0.0,137.0,141.0,201.2,200.5,81.2,92.0,4.7,4.5,7,1.1,2
2.0,0.05,2.0,Arkansas,88.0,88,88,88.0,13.2,13.0,15,0.0,0.0,137.0,141.0,209.4,255.0,81.2,92.0,4.1,3.5,7,1.3,2
1.0,0.25,0.5,Arkansas,88.0,88,88,88.0,7.4,7.0,9,0.0,0.0,131.0,131.0,141.0,141.0,100.5,92.0,3.3,3.5,5,1.4,2
2.0,0.1,0.5,Arkansas,88.0,88,88,88.0,12.1,12.0,13,0.0,0.0,132.0,131.0,152.4,141.0,86.1,92.0,4.5,4.5,6,1.4,3
1.0,0.1,1.0,Arkansas,88.0,88,88,88.0,10.6,10.5,13,0.0,0.0,132.0,131.0,146.6,141.0,93.0,92.0,4.4,4.0,6,1.4,2
1.0,0.05,2.0,Arkansas,88.0,88,88,88.0,12.0,12.0,14,0.0,0.0,135.0,131.0,192.0,141.0,97.2,92.0,4.3,4.5,6,1.5,3
2.0,0.1,1.0,Arkansas,88.0,88,88,88.0,13.4,13.5,14,0.0,0.0,132.0,131.0,152.4,141.0,54.1,28.0,5.9,6.0,7,1.5,2
2.0,0.1,2.0,Arkansas,88.0,88,88,88.0,14.5,14.5,16,0.0,0.0,131.0,131.0,141.0,141.0,73.3,92.0,5.0,5.0,7,1.5,3
0.5,0.1,2.0,Arkansas,88.0,88,88,88.0,9.5,9.5,12,0.0,0.0,135.0,131.0,180.8,141.0,93.0,92.0,3.1,3.0,5,1.7,3
1.0,0.25,2.0,Arkansas,88.0,88,88,88.0,13.3,13.0,15,0.0,0.0,131.0,131.0,141.0,141.0,66.4,92.0,6.0,5.5,9,2.2,3
2.0,0.25,1.0,Arkansas,88.0,88,88,88.0,13.4,13.5,16,0.0,0.0,131.0,131.0,141.0,141.0,66.4,92.0,4.9,5.0,7,2.2,3
2.0,0.25,2.0,Arkansas,88.0,88,88,88.0,14.2,14.0,17,0.0,0.0,132.0,131.0,146.6,141.0,60.0,60.0,5.2,5.5,8,2.2,4
1.0,0.1,2.0,Arkansas,88.0,88,88,88.0,12.8,13.0,14,0.0,0.0,131.0,131.0,141.0,141.0,86.1,92.0,5.3,5.0,7,2.2,4
0.5,0.25,2.0,Arkansas,88.0,88,88,88.0,10.4,10.5,12,0.0,0.0,131.0,131.0,141.0,141.0,92.0,92.0,3.3,3.5,4,2.3,4
2.0,0.25,0.5,Arkansas,88.0,88,88,88.0,12.4,12.5,13,0.0,0.0,131.0,131.0,141.0,141.0,79.7,92.0,5.3,5.0,9,2.8,4
1.0,0.25,1.0,Arkansas,88.0,88,88,88.0,11.2,11.0,12,0.0,0.0,131.0,131.0,141.0,141.0,100.5,92.0,5.1,5.0,7,2.9,4
1.0,0.01,2.0,Illinois,88.0,46,104,88.5,39.0,39.0,43,0.0,0.0,101.9,101.0,110.2,114.5,156.9,177.0,13.0,12.5,19,8.0,10
1.0,0.01,0.5,Washington,88.0,80,90,89.0,5.9,6.0,7,0.1,1.0,91.9,90.0,108.1,101.0,28.0,28.0,23.4,22.5,32,12.5,15
2.0,0.01,2.0,Utah,88.2,63,125,77.5,13.6,14.0,15,0.1,1.0,96.3,92.5,102.7,114.5,113.1,119.5,11.2,12.5,14,4.7,6
2.0,0.05,1.0,Virginia,88.2,79,99,87.0,28.1,28.5,31,0.0,0.0,100.1,99.0,108.4,110.0,120.1,121.0,16.6,16.0,20,7.4,9
ALL,ALL,ALL,Montana,88.21944444444445,66,173,95.0,13.397222222222222,14.0,19,0.013888888888888888,1.0,108.2611111111111,101.0,118.84873949579831,105.0,135.6387283236994,139.0,3.34733893557423,3.0,10,3.397222222222222,8
0.5,0.01,2.0,Washington,88.5,83,90,89.0,6.4,7.0,10,0.9,5.0,98.8,91.0,116.0,112.0,58.2,28.0,25.3,25.0,30,13.1,16
2.0,0.01,0.5,Wyoming,88.6,68,111,90.5,10.6,11.0,12,0.0,0.0,97.5,98.5,103.2,110.5,108.4,103.0,2.5,3.0,3,0.7,1
0.5,0.01,1.0,Washington,89.0,87,90,89.0,5.9,6.0,8,1.4,10.0,100.6,95.5,121.3,120.5,72.5,94.5,22.0,22.0,27,13.0,16
1.0,0.01,1.0,Michigan,89.0,76,117,85.0,39.0,39.0,45,1.0,5.0,104.7,104.0,121.3,118.0,71.2,28.0,15.6,16.0,20,16.8,21
2.0,0.05,1.0,Montana,89.2,66,95,95.0,15.4,16.0,17,0.0,0.0,100.2,101.0,104.4,105.0,146.1,139.0,6.0,6.0,8,4.2,6
1.0,0.01,1.0,Washington,89.2,89,90,89.0,5.7,5.0,9,0.3,3.0,92.4,90.0,114.7,118.0,57.1,28.0,26.5,27.0,30,13.8,17
1.0,0.01,2.0,Washington,89.5,83,100,89.0,6.2,6.0,8,0.9,8.0,96.5,90.5,113.7,120.5,66.9,66.5,29.4,30.0,35,14.1,18
2.0,0.01,2.0,Washington,89.6,80,116,89.0,6.9,7.0,9,0.6,5.0,97.4,90.5,113.2,111.0,65.3,61.5,25.1,26.0,34,14.1,16
0.5,0.01,2.0,Wyoming,89.7,68,111,87.0,10.5,11.0,12,0.0,0.0,101.0,107.0,104.6,111.0,122.1,127.0,2.4,2.5,4,0.3,1
2.0,0.05,0.5,Virginia,89.7,79,110,87.0,26.6,26.0,31,0.0,0.0,100.8,99.0,106.9,110.0,119.0,121.0,15.7,16.0,19,6.7,9
0.5,0.05,0.5,Montana,89.8,66,101,95.0,8.1,8.0,10,0.0,0.0,101.0,101.0,104.8,105.0,127.8,139.0,1.3,1.0,2,0.8,3
2.0,0.05,0.5,Montana,89.8,66,101,95.0,15.2,16.0,16,0.0,0.0,101.0,101.0,105.6,105.0,162.5,139.0,2.6,2.0,5,3.4,5
2.0,0.01,0.5,Washington,89.9,80,116,89.0,7.7,8.0,10,1.4,7.0,98.7,90.5,115.6,104.5,64.8,61.5,26.5,26.0,33,13.0,16
0.5,0.05,1.0,Louisiana,90.0,90,90,90.0,4.0,4.0,5,0.0,0.0,192.0,176.0,222.1,194.0,337.0,337.0,1.0,1.0,1,0.0,0
0.5,0.05,0.5,Louisiana,90.0,90,90,90.0,1.2222222222222223,1.0,2,0.0,0.0,211.5,211.5,,,,,0.0,0.0,0,0.0,0
0.5,0.05,2.0,Louisiana,90.0,90,90,90.0,4.4,4.5,6,0.0,0.0,190.8,193.0,227.0,235.0,337.0,337.0,1.0,1.0,1,0.0,0
0.5,0.1,1.0,Louisiana,90.0,90,90,90.0,3.4,3.5,5,0.0,0.0,195.77777777777777,176.0,216.875,193.0,337.0,337.0,1.0,1.0,1,0.0,0
2.0,0.1,0.5,Louisiana,90.0,90,90,90.0,7.2,7.0,8,0.0,0.0,170.4,176.0,191.3,193.0,549.0,549.0,1.0,1.0,1,0.0,0
0.5,0.1,2.0,Louisiana,90.0,90,90,90.0,5.6,5.5,7,0.0,0.0,159.2,176.0,188.5,189.5,337.0,337.0,1.0,1.0,1,0.0,0
2.0,0.05,0.5,Louisiana,90.0,90,90,90.0,5.2,5.0,7,0.0,0.0,183.8,176.0,213.8,195.0,414.5,414.5,0.5,0.5,1,0.2,1
2.0,0.01,1.0,Florida,90.1,44,104,102.0,8.8,9.0,12,2.2,10.0,109.4,110.5,121.7,113.5,34.9,28.0,40.2,39.5,52,24.1,28
0.5,0.01,0.5,Washington,90.2,80,116,89.0,5.1,4.5,12,2.1,11.0,99.6,90.0,122.77777777777777,120.0,58.0,28.0,15.8,16.0,19,11.8,15
0.5,0.01,0.5,Wyoming,90.3,65,98,98.0,5.8,5.5,8,0.0,0.0,101.7,106.0,113.1,111.0,125.625,129.5,1.3,1.5,2,0.6,1
2.0,0.1,0.5,Maryland,90.3,64,114,93.0,12.6,12.5,14,0.0,0.0,104.5,104.0,114.5,116.0,101.0,102.0,7.9,8.5,9,0.9,2
1.0,0.01,0.5,Indiana,90.8,76,118,85.5,35.3,35.0,40,0.0,0.0,106.0,107.5,114.7,113.0,124.2,134.0,12.9,13.5,16,9.4,18
0.5,0.01,1.0,Wyoming,91.2,68,117,89.0,8.6,8.5,11,0.1,1.0,98.0,103.0,112.8,119.5,126.33333333333333,133.0,1.5,1.5,3,0.5,1
2.0,0.01,1.0,Michigan,91.2,81,118,85.0,40.4,40.5,44,0.8,3.0,113.7,118.5,121.7,121.0,92.7,125.0,14.9,15.0,21,16.9,22
0.5,0.01,1.0,Missouri,91.5,77,101,94.0,27.7,27.0,32,0.0,0.0,98.0,101.0,104.4,104.0,164.7,158.0,2.5,3.0,4,3.8,5
1.0,0.01,1.0,Missouri,91.5,80,97,94.0,44.8,45.0,52,0.0,0.0,97.8,98.0,102.2,101.0,132.4,132.0,5.8,6.0,8,5.9,9
1.0,0.05,2.0,Virginia,91.5,79,99,93.5,25.9,26.0,28,0.0,0.0,105.3,104.5,111.4,110.0,116.3,121.0,15.6,16.0,19,7.5,10
2.0,0.05,2.0,Montana,92.1,66,95,95.0,16.4,16.5,19,0.0,0.0,101.2,101.0,105.0,105.0,136.2,139.0,6.1,6.0,10,4.5,6
0.5,0.01,1.0,Pennsylvania,92.1,76,124,76.0,34.5,34.0,39,1.2,3.0,121.6,124.0,140.2,140.0,121.1,140.0,20.1,20.5,24,10.6,16
2.0,0.01,2.0,Michigan,92.2,81,127,85.0,40.6,40.5,44,0.5,3.0,102.5,104.0,114.8,118.5,139.9,140.5,17.3,18.0,21,16.1,21
0.5,0.01,1.0,Utah,92.4,59,117,105.5,11.1,11.0,13,0.0,0.0,104.1,114.0,110.9,115.5,101.8,121.0,5.7,5.0,10,3.3,5
0.5,0.05,1.0,Montana,92.7,66,101,95.0,14.0,14.0,16,0.0,0.0,102.2,101.0,105.6,105.0,135.88888888888889,139.0,1.8,2.0,3,1.1,3
2.0,0.05,1.0,Maryland,92.7,64,124,96.5,11.7,12.0,13,0.0,0.0,114.0,122.0,121.0,124.0,106.0,114.5,8.0,7.5,13,2.0,3
1.0,0.05,0.5,Virginia,93.0,79,99,99.0,21.7,22.0,24,0.0,0.0,106.9,110.0,112.1,110.0,123.8,118.0,11.5,11.5,14,5.1,7
1.0,0.01,2.0,Michigan,93.2,66,115,94.0,41.1,41.0,49,0.0,0.0,109.1,104.0,127.6,127.0,107.2,125.0,16.6,16.5,20,15.9,22
0.5,0.05,2.0,Arkansas,93.3,88,141,88.0,8.7,9.0,10,0.0,0.0,141.6,136.0,176.3,169.0,81.2,92.0,2.5,2.0,4,0.7,2
0.5,0.05,0.5,Virginia,93.5,79,99,99.0,14.0,14.0,16,0.0,0.0,104.3,110.0,110.4,110.0,119.8,121.0,5.8,5.5,10,1.9,3
0.5,0.01,0.5,Michigan,93.8,77,126,84.0,24.5,24.5,27,0.7,2.0,109.5,104.0,120.6,118.0,109.4,125.0,11.4,11.5,15,14.4,18
2.0,0.01,0.5,Pennsylvania,93.9,76,114,89.5,39.1,40.0,46,0.9,2.0,124.1,124.0,132.0,131.5,146.0,135.0,23.1,23.5,26,11.8,19
1.0,0.01,1.0,Pennsylvania,94.1,76,114,97.0,40.2,39.5,46,0.1,1.0,109.2,114.0,124.5,124.0,101.2,111.0,25.9,24.5,32,10.8,15
0.5,0.01,0.5,Pennsylvania,94.5,76,124,91.0,28.9,29.0,40,0.9,3.0,127.8,124.0,138.0,133.5,141.3,167.5,17.4,18.5,21,10.0,15
1.0,0.01,2.0,Pennsylvania,94.6,76,114,96.0,39.6,40.0,45,0.7,3.0,116.4,119.0,130.2,130.5,124.0,125.0,24.3,24.0,28,11.8,18
0.5,0.05,2.0,Maryland,94.9,64,124,111.0,11.1,11.0,13,0.2,2.0,120.5,122.0,135.4,124.0,110.3,113.5,7.8,8.0,10,1.7,4
1.0,0.25,0.5,Alabama,95.0,91,111,91.0,5.8,6.0,6,0.0,0.0,116.0,111.0,140.8,136.0,,,0.0,0.0,0,0.0,0
1.0,0.25,1.0,Alabama,95.0,91,111,91.0,7.8,8.0,9,0.0,0.0,116.0,111.0,140.8,136.0,,,0.0,0.0,0,0.0,0
2.0,0.01,1.0,Washington,95.0,89,120,89.0,6.4,6.0,9,0.1,1.0,101.8,101.0,122.6,120.0,70.3,66.5,25.5,25.0,34,14.0,16
0.5,0.01,1.0,Michigan,95.0,81,117,94.5,30.7,30.0,36,0.3,3.0,110.5,118.0,122.8,125.5,106.1,136.0,11.9,12.0,20,16.4,23
ALL,ALL,ALL,Virginia,95.39722222222223,76,241,86.0,24.163888888888888,26.0,37,0.013888888888888888,1.0,113.21666666666667,99.0,125.20555555555555,110.0,155.63611111111112,121.0,12.180555555555555,13.0,23,4.686111111111111,10
1.0,0.01,0.5,Nevada,95.4,67,150,86.0,2.8,3.0,3,0.0,0.0,130.1,124.0,167.375,176.5,152.8,147.0,0.8333333333333334,1.0,1,0.1,1
1.0,0.05,0.5,Montana,95.6,95,101,95.0,13.6,14.0,16,0.0,0.0,102.6,101.0,105.8,105.0,127.8,139.0,1.6,1.5,3,3.0,5
1.0,0.05,2.0,Louisiana,96.1,65,176,90.0,6.3,6.5,7,0.0,0.0,169.1,176.0,199.0,193.0,,,0.0,0.0,0,0.0,0
2.0,0.01,0.5,Utah,96.3,65,117,99.0,13.3,14.0,16,0.2,1.0,108.5,112.0,118.1,117.0,109.0,119.5,9.6,10.0,12,4.6,7
2.0,0.25,1.0,Alabama,97.0,91,111,91.0,11.3,11.0,12,0.0,0.0,120.9,111.0,143.2,136.0,283.0,283.0,0.8571428571428571,1.0,1,0.1,1
2.0,0.01,1.0,Nevada,97.0,67,134,86.0,3.5,3.0,5,0.0,0.0,141.1,150.0,275.1,209.0,169.0,147.0,0.375,0.0,1,0.5,1
1.0,0.01,0.5,Utah,97.0,70,112,99.0,10.9,10.5,13,0.0,0.0,108.3,114.5,119.4,117.0,117.4,125.5,6.1,6.0,12,3.7,5
1.0,0.05,2.0,Montana,97.0,95,105,95.0,15.5,15.5,18,0.0,0.0,103.0,101.0,109.4,105.0,133.4,139.0,4.3,4.0,7,3.9,5
2.0,0.01,1.0,Indiana,97.2,75,132,95.0,41.4,42.0,43,0.2,2.0,110.6,111.0,117.4,115.5,125.6,134.0,13.4,13.5,19,15.1,18
1.0,0.05,2.0,Maryland,97.6,64,124,93.0,11.9,12.0,14,0.0,0.0,120.0,123.5,126.0,129.5,106.9,112.0,6.9,7.0,10,1.2,4
2.0,0.01,0.5,Michigan,97.7,80,127,92.5,39.0,38.0,47,0.4,3.0,111.3,104.0,126.0,119.0,92.9,76.5,16.9,17.5,20,17.1,25
2.0,0.05,0.5,Maryland,97.8,67,124,93.0,12.1,12.0,14,0.0,0.0,117.6,124.0,125.3,129.0,129.9,111.5,7.8,8.0,9,1.1,3
2.0,0.01,1.0,Georgia,97.9,45,117,107.5,37.5,38.0,40,0.0,0.0,113.7,116.0,127.2,131.0,241.0,152.0,1.2,1.0,3,3.3,6
1.0,0.01,0.5,Oregon,97.9,63,124,109.0,13.3,13.5,15,0.1,1.0,134.1,135.0,149.9,158.0,140.8,169.5,5.2,5.5,8,3.8,5
1.0,0.01,0.5,Pennsylvania,98.0,76,124,95.0,38.4,38.0,43,0.5,5.0,115.3,119.0,130.3,130.5,144.5,175.0,23.0,24.0,31,9.6,14
2.0,0.01,2.0,Indiana,98.0,75,139,84.0,44.0,44.0,50,0.1,1.0,110.9,112.5,119.2,115.5,129.6,134.0,14.9,15.5,21,14.1,19
0.5,0.01,0.5,Indiana,98.1,84,120,92.0,27.2,27.5,33,0.1,1.0,112.1,113.0,119.4,120.0,140.0,139.0,9.4,9.5,12,5.7,8
0.5,0.01,0.5,Nevada,98.4,72,150,86.0,2.7,3.0,3,0.0,0.0,150.0,148.5,172.71428571428572,174.0,162.6,176.0,1.0,1.0,2,0.3,1
2.0,0.05,1.0,Louisiana,98.6,90,176,90.0,6.9,7.0,8,0.0,0.0,178.0,176.0,204.9,193.0,,,0.0,0.0,0,0.0,0
1.0,0.1,0.5,Louisiana,98.6,90,176,90.0,4.5,4.5,6,0.0,0.0,168.2,176.0,197.7,193.0,337.0,337.0,1.0,1.0,1,0.0,0
2.0,0.01,0.5,Nevada,98.6,72,150,86.0,3.5,3.5,4,0.0,0.0,134.4,129.0,208.0,150.0,156.66666666666666,147.0,0.8,1.0,2,0.3,1
2.0,0.05,0.5,Arkansas,98.6,88,141,88.0,11.0,10.5,13,0.0,0.0,148.0,136.0,194.8,169.0,124.5,92.0,4.0,5.0,6,1.4,2
1.0,0.25,2.0,Alabama,99.0,91,111,91.0,10.3,11.0,11,0.0,0.0,121.0,111.0,145.6,136.0,,,0.0,0.0,0,0.0,0
0.5,0.01,2.0,Pennsylvania,99.0,76,128,103.0,38.5,39.0,43,0.4,1.0,125.7,124.0,136.3,139.5,120.1,128.0,25.5,26.0,38,10.9,15
1.0,0.25,2.0,Connecticut,99.2,95,107,98.0,6.6,7.0,7,0.1,1.0,105.7,104.5,112.8,112.0,95.2,126.0,5.9,5.0,9,0.4,1
0.5,0.01,2.0,Michigan,99.2,80,126,102.0,38.8,40.0,42,0.0,0.0,114.4,124.5,123.5,127.0,60.4,28.0,15.7,16.5,18,17.5,22
0.5,0.25,1.0,Connecticut,99.3,95,112,99.0,6.5,6.5,7,0.5,1.0,109.0,112.0,115.3,116.0,45.7,28.0,7.4,7.0,10,0.5,1
0.5,0.01,1.0,Oregon,99.3,69,131,106.0,11.1,12.0,13,0.1,1.0,130.9,127.5,143.8,139.0,145.1,141.0,5.0,4.5,8,3.7,5
0.5,0.25,0.5,Connecticut,99.4,95,107,99.0,6.5,6.5,7,0.5,1.0,110.0,112.0,116.3,118.0,114.6,107.0,4.6,5.0,7,0.5,1
1.0,0.01,2.0,Utah,99.5,70,112,108.5,13.9,14.0,16,0.1,1.0,110.5,114.0,117.1,118.5,118.4,121.0,9.7,10.0,11,4.3,6
ALL,ALL,ALL,South Carolina,99.51404494382022,57,435,57.0,9.99438202247191,10.0,20,0.0,0.0,131.42816091954023,90.0,162.90532544378698,129.0,139.30625,131.0,3.503086419753086,3.0,9,0.38202247191011235,2
0.5,0.25,2.0,Connecticut,99.6,95,107,99.0,6.6,7.0,7,0.3,1.0,106.7,112.0,113.9,115.0,55.5,28.0,7.1,7.0,9,0.4,1
1.0,0.25,0.5,Connecticut,99.6,97,107,99.0,6.4,6.0,7,0.4,1.0,106.7,107.0,114.1,114.0,45.7,28.0,8.0,8.0,11,0.6,1
0.5,0.01,2.0,Georgia,99.6,45,115,107.0,29.6,30.0,34,0.0,0.0,115.0,115.0,130.2,131.0,134.5,141.0,1.625,1.0,4,1.0,4
0.5,0.01,2.0,Arkansas,99.7,88,205,88.0,4.3,4.0,6,0.0,0.0,233.5,264.5,301.0,292.0,83.6,97.0,2.5,2.0,4,0.1,1
0.5,0.05,1.0,Maryland,99.8,64,124,108.0,10.3,11.0,12,0.0,0.0,120.0,124.0,127.4,130.0,118.1,119.0,4.8,5.0,7,0.8,3
2.0,0.01,1.0,Kentucky,99.9,75,132,98.0,30.1,29.0,38,0.0,0.0,127.5,129.5,138.9,141.5,148.5,151.0,18.6,18.0,24,11.7,17
1.0,0.01,1.0,Utah,100.0,65,112,112.0,13.2,13.5,15,0.1,1.0,112.6,115.0,117.4,117.0,123.6,121.0,7.9,8.0,11,4.5,7
2.0,0.25,2.0,Connecticut,100.2,95,107,99.0,6.7,7.0,7,0.2,1.0,107.1,112.0,114.8,116.0,73.2,67.5,6.9,7.0,9,0.3,1
2.0,0.25,0.5,Connecticut,100.2,95,107,99.0,6.6,7.0,7,0.3,1.0,107.0,112.0,114.0,114.0,53.6,28.0,7.7,7.5,9,0.4,1
1.0,0.25,1.0,Connecticut,100.4,95,107,99.0,6.7,7.0,7,0.3,1.0,109.0,112.0,114.7,115.0,65.3,28.0,6.6,6.5,8,0.3,1
1.0,0.01,2.0,Indiana,100.4,75,118,107.0,42.4,43.5,47,0.2,1.0,110.5,115.5,116.9,120.0,128.9,134.0,13.3,13.5,17,13.5,20
1.0,0.01,0.5,Kentucky,100.7,75,113,98.0,23.6,24.0,27,0.0,0.0,119.1,117.0,135.9,141.5,151.5,151.0,15.0,14.5,22,10.3,15
1.0,0.01,1.0,Indiana,100.7,84,122,98.0,39.9,40.0,44,0.0,0.0,116.2,115.5,121.8,120.0,139.8,134.0,13.5,13.0,19,12.4,16
1.0,0.01,0.5,Georgia,100.9,45,131,104.0,20.5,21.0,23,0.0,0.0,114.0,107.5,122.1,112.0,160.375,134.0,1.625,1.5,3,0.5,2
0.5,0.01,2.0,Utah,100.9,63,117,112.0,12.6,12.5,14,0.0,0.0,112.5,114.5,119.9,118.5,153.5,133.0,6.8,7.0,11,4.3,6
0.5,0.25,0.5,Alabama,101.0,91,111,101.0,3.4,3.5,4,0.0,0.0,125.9,123.5,146.66666666666666,136.0,,,0.0,0.0,0,0.0,0
2.0,0.25,0.5,Alabama,101.0,91,111,101.0,8.9,9.0,10,0.0,0.0,123.5,123.5,148.0,148.0,,,0.0,0.0,0,0.0,0
1.0,0.01,1.0,Tennessee,101.0,78,138,92.0,30.3,29.0,36,0.0,0.0,138.2,128.5,156.4,140.0,184.1,183.0,7.0,8.0,10,4.8,9
2.0,0.25,1.0,Connecticut,101.4,95,107,99.0,6.8,7.0,7,0.2,1.0,110.1,112.0,114.8,116.0,63.4,28.0,6.6,6.5,9,0.2,1
1.0,0.01,2.0,Nevada,101.5,72,150,86.0,3.5,3.5,4,0.0,0.0,127.9,129.0,211.5,163.0,174.2,147.0,0.8571428571428571,1.0,2,0.5,1
0.5,0.01,1.0,Nevada,101.7,67,174,86.0,2.9,3.0,4,0.1,1.0,137.4,131.5,154.85714285714286,150.0,195.5,176.0,1.0,1.0,1,0.2,1
0.5,0.01,0.5,Oregon,101.9,69,117,109.0,9.3,9.5,13,0.1,1.0,122.3,124.0,145.9,158.0,145.3,170.0,3.0,3.0,5,2.4,5
1.0,0.01,2.0,Tennessee,102.1,77,138,96.5,30.0,29.5,35,0.0,0.0,130.2,138.0,170.4,158.0,158.8,173.0,9.9,9.5,16,6.4,8
0.5,0.1,0.5,Connecticut,102.3,95,112,99.0,6.7,7.0,7,0.2,1.0,112.2,112.0,118.1,118.0,126.0,126.0,4.4,4.5,7,0.2,1
1.0,0.05,0.5,Maryland,102.3,64,124,98.0,10.1,10.0,11,0.0,0.0,121.5,124.0,127.2,129.5,112.4,119.5,6.0,5.0,9,0.6,1
ALL,ALL,ALL,Arkansas,102.69295774647887,88,292,88.0,8.55774647887324,9.0,17,0.0028653295128939827,1.0,161.58452722063038,131.0,190.56891495601172,141.0,100.26764705882353,92.0,3.502906976744186,3.0,9,1.095774647887324,4
1.0,0.05,1.0,Maryland,102.8,64,124,111.0,12.1,12.0,13,0.0,0.0,121.1,124.0,126.1,129.5,130.3,119.5,7.4,7.0,12,0.9,3
0.5,0.25,1.0,Alabama,103.0,91,111,111.0,4.4,4.0,5,0.0,0.0,126.0,136.0,150.4,160.0,,,0.0,0.0,0,0.0,0
0.5,0.01,1.0,Indiana,103.0,84,118,113.0,31.2,31.5,35,0.1,1.0,115.4,119.0,122.0,120.0,146.0,148.0,10.1,10.0,13,8.3,13
ALL,ALL,ALL,Maryland,103.11944444444444,64,260,93.0,10.688888888888888,11.0,15,0.013888888888888888,2.0,125.96944444444445,114.0,142.61944444444444,124.0,136.30833333333334,112.0,6.730555555555555,7.0,14,1.225,5
2.0,0.01,2.0,Kentucky,103.5,75,129,105.5,30.7,29.5,36,0.0,0.0,129.6,126.5,141.6,151.5,106.2,111.0,21.6,22.0,32,11.7,14
2.0,0.1,1.0,Connecticut,103.6,95,112,103.0,6.9,7.0,7,0.1,1.0,113.4,112.0,119.2,119.0,94.7,126.0,8.0,8.0,12,0.1,1
2.0,0.1,0.5,Connecticut,103.8,95,112,103.0,6.7,7.0,7,0.1,1.0,113.2,112.0,118.6,119.0,94.7,126.0,5.7,5.0,9,0.3,1
1.0,0.01,1.0,Oregon,103.8,63,109,109.0,15.0,15.0,17,0.1,1.0,136.2,148.0,160.0,160.5,142.2,148.0,5.4,5.0,10,4.5,6
1.0,0.01,2.0,Oregon,103.8,69,148,109.0,15.9,16.0,18,0.1,1.0,136.3,144.5,146.6,153.0,189.6,170.0,5.5,5.5,8,4.8,8
2.0,0.01,1.0,Oregon,104.2,63,148,109.0,15.2,15.0,17,0.2,1.0,123.4,124.0,146.5,143.0,157.5,170.0,5.5,5.0,8,5.1,8
2.0,0.01,2.0,Tennessee,104.2,78,119,116.0,32.2,31.0,40,0.1,1.0,128.2,138.0,156.4,154.0,163.0,183.0,10.6,11.5,13,7.2,11
1.0,0.01,1.0,Kentucky,104.3,75,117,107.5,27.9,28.5,34,0.0,0.0,126.2,118.0,141.5,141.5,148.1,151.0,16.4,17.5,20,12.3,18
1.0,0.25,1.0,New Jersey,104.4,82,120,119.0,8.4,8.0,10,0.0,0.0,108.4,120.0,137.2,130.0,230.4,294.0,2.5,2.5,3,0.0,0
2.0,0.1,2.0,Connecticut,104.4,95,112,107.0,6.8,7.0,7,0.2,1.0,112.4,112.0,118.0,119.0,73.2,67.5,6.9,7.0,9,0.2,1
2.0,0.25,2.0,Alabama,105.0,91,111,111.0,12.3,12.5,13,0.0,0.0,128.5,136.0,152.8,160.0,283.0,283.0,1.0,1.0,1,0.0,0
1.0,0.1,0.5,Connecticut,105.1,99,112,107.0,6.7,7.0,7,0.1,1.0,112.7,112.0,118.1,119.0,112.4,126.0,7.7,8.0,9,0.3,1
2.0,0.01,0.5,Oregon,105.8,69,117,109.0,16.6,17.0,19,0.0,0.0,139.0,136.0,153.3,158.5,143.3,165.5,6.1,6.5,8,4.6,6
2.0,0.01,0.5,Indiana,105.9,84,122,113.0,43.3,43.5,47,0.0,0.0,113.6,118.0,119.6,120.0,88.1,79.5,12.2,12.5,15,13.3,20
0.5,0.01,1.0,Montana,106.3,66,134,105.0,7.5,7.5,10,0.2,1.0,145.3,155.0,164.9,172.0,92.33333333333333,111.0,1.8,2.0,3,1.3,3
0.5,0.01,2.0,Kentucky,106.3,75,117,113.0,28.5,28.0,35,0.0,0.0,132.3,132.0,149.2,152.5,161.4,153.5,14.4,14.0,20,10.3,14
0.5,0.1,2.0,Connecticut,106.5,97,112,107.5,6.5,7.0,7,0.1,1.0,113.9,112.0,118.6,119.5,96.6,126.0,5.7,6.0,8,0.5,2
1.0,0.1,1.0,Connecticut,106.9,99,114,107.0,6.9,7.0,7,0.1,1.0,112.8,112.0,117.1,118.0,86.8,126.0,7.5,8.0,10,0.1,1
1.0,0.25,1.0,West Virginia,107.0,83,139,107.0,11.8,11.5,13,0.0,0.0,138.5,139.0,160.5,148.0,322.3333333333333,290.0,1.0,1.0,1,0.0,0
1.0,0.1,0.5,Alabama,107.0,91,111,111.0,5.0,5.0,6,0.0,0.0,133.4,136.0,155.2,160.0,,,0.0,0.0,0,0.0,0
1.0,0.1,2.0,Connecticut,107.0,97,118,107.0,6.9,7.0,7,0.0,0.0,113.6,112.0,117.7,119.0,65.3,28.0,6.8,7.0,11,0.1,1
1.0,0.1,1.0,Alabama,107.0,91,111,111.0,7.1,7.0,8,0.0,0.0,133.4,136.0,157.6,160.0,,,0.0,0.0,0,0.1,1
0.5,0.01,2.0,Indiana,107.0,84,120,112.0,39.8,38.5,47,0.0,0.0,116.4,119.0,119.8,121.0,123.2,148.0,11.9,12.0,15,10.3,14
2.0,0.05,2.0,Louisiana,107.2,90,176,90.0,6.6,7.0,8,0.0,0.0,182.1,176.0,204.9,193.0,,,0.0,0.0,0,0.0,0
1.0,0.01,1.0,Montana,107.3,95,134,105.0,8.9,9.0,13,0.0,0.0,117.9,107.0,159.2,171.0,101.66666666666667,111.0,3.2,4.0,7,1.4,3
1.0,0.01,1.0,New York,107.8,44,149,130.0,10.3,11.0,13,1.3,7.0,134.4,135.0,157.5,156.0,38.6,28.0,138.2,138.0,178,35.5,42
0.5,0.1,1.0,Connecticut,108.2,99,112,107.0,6.9,7.0,7,0.0,0.0,114.7,112.0,119.1,119.0,96.1,126.0,6.1,5.5,9,0.0,0
1.0,0.25,1.0,Maine,108.2,105,109,109.0,8.6,9.0,10,0.0,0.0,123.2,131.0,178.0,173.0,,,0.0,0.0,0,1.7,2
1.0,0.01,1.0,Georgia,108.3,95,125,106.5,30.2,30.0,34,0.0,0.0,118.4,113.0,129.6,124.0,182.85714285714286,151.0,1.3,1.0,4,3.2,4
1.0,0.01,2.0,Georgia,108.4,102,115,108.0,35.4,37.0,40,0.0,0.0,116.9,114.0,125.6,115.5,216.375,141.0,1.4,1.0,3,3.5,6
2.0,0.25,1.0,Maine,108.6,105,109,109.0,8.4,8.5,10,0.0,0.0,125.4,131.0,173.6,173.0,460.0,460.0,0.1,0.0,1,1.7,2
0.5,0.25,2.0,Maine,108.6,105,109,109.0,8.4,9.0,10,0.0,0.0,125.4,131.0,204.0,217.0,460.0,460.0,0.1,0.0,1,1.8,2
0.5,0.01,1.0,Kentucky,108.7,75,132,110.5,20.9,21.0,24,0.0,0.0,138.6,147.5,153.6,155.0,199.6,210.0,10.4,10.5,14,9.0,14
1.0,0.01,2.0,Kentucky,108.8,75,151,110.5,30.0,30.0,35,0.0,0.0,130.4,132.0,150.5,151.0,121.2,151.0,17.8,18.0,23,10.3,13
0.5,0.25,2.0,Alabama,109.0,91,111,111.0,7.8,7.5,9,0.0,0.0,133.5,136.0,157.6,160.0,,,0.0,0.0,0,0.0,0
2.0,0.1,1.0,Alabama,109.0,91,111,111.0,10.3,10.5,11,0.0,0.0,133.5,136.0,157.6,160.0,283.0,283.0,1.0,1.0,1,0.0,0
0.5,0.1,1.0,Alabama,109.0,91,111,111.0,4.2,4.0,5,0.0,0.0,135.9,136.0,157.6,160.0,,,0.0,0.0,0,0.0,0
2.0,0.1,2.0,Alabama,109.0,91,111,111.0,10.7,11.0,12,0.0,0.0,135.9,136.0,157.6,160.0,283.0,283.0,1.0,1.0,1,0.0,0
0.5,0.1,0.5,Alabama,109.0,91,111,111.0,3.0,3.0,4,0.0,0.0,135.9,136.0,157.0,160.0,,,0.0,0.0,0,0.0,0
1.0,0.05,2.0,Alabama,109.0,91,111,111.0,7.9,8.0,9,0.0,0.0,138.3,136.0,157.6,160.0,,,0.0,0.0,0,0.1,1
1.0,0.1,2.0,Alabama,109.0,91,111,111.0,9.0,9.0,11,0.0,0.0,135.9,136.0,160.0,160.0,,,0.0,0.0,0,0.1,1
2.0,0.05,1.0,Alabama,109.0,91,111,111.0,8.8,9.0,11,0.0,0.0,138.3,136.0,170.0,160.0,284.5,284.5,0.6666666666666666,1.0,1,0.2,1
2.0,0.1,0.5,Alabama,109.0,91,111,111.0,8.3,8.0,10,0.0,0.0,138.3,136.0,162.6,160.0,,,0.0,0.0,0,0.2,1
1.0,0.05,1.0,Alabama,109.0,91,111,111.0,6.3,6.0,7,0.0,0.0,145.5,148.0,175.0,160.0,,,0.0,0.0,0,0.5,1
2.0,0.05,2.0,Alabama,109.0,91,111,111.0,9.2,9.5,10,0.0,0.0,150.3,160.0,162.6,160.0,283.0,283.0,0.125,0.0,1,0.7,1
1.0,0.25,2.0,Maine,109.0,109,109,109.0,8.6,8.5,10,0.0,0.0,129.3,131.0,182.2,173.0,,,0.0,0.0,0,1.5,2
2.0,0.25,2.0,Maine,109.0,109,109,109.0,9.1,9.0,10,0.0,0.0,131.0,131.0,178.0,173.0,,,0.0,0.0,0,1.6,2
2.0,0.25,0.5,Maine,109.0,109,109,109.0,9.2,9.0,10,0.0,0.0,129.3,131.0,178.2,195.0,,,0.0,0.0,0,1.6,3
0.5,0.25,1.0,Maine,109.0,109,109,109.0,7.6,8.0,8,0.0,0.0,125.9,131.0,188.0,218.0,393.5,393.5,0.2,0.0,1,1.7,2
0.5,0.25,0.5,Maine,109.0,109,109,109.0,3.6,3.0,5,0.0,0.0,127.6,131.0,184.1,195.5,,,0.0,0.0,0,1.7,2
1.0,0.25,0.5,Maine,109.0,109,109,109.0,7.7,7.5,9,0.0,0.0,131.0,131.0,211.1,221.0,,,0.0,0.0,0,2.2,3
2.0,0.05,0.5,Connecticut,109.2,99,119,109.5,6.7,7.0,7,0.0,0.0,118.6,115.0,125.0,120.0,86.7,125.5,7.2,7.0,9,0.2,1
2.0,0.01,2.0,Arkansas,109.3,88,205,88.0,7.7,7.5,10,0.0,0.0,245.1,282.0,302.9,299.0,204.3,111.0,3.2,3.0,6,1.2,3
0.5,0.01,0.5,Georgia,109.6,97,142,107.5,13.2,13.0,17,0.0,0.0,124.4,119.0,136.6,142.0,132.83333333333334,120.5,1.1666666666666667,1.0,2,0.1,1
0.5,0.01,0.5,Arkansas,109.8,88,197,88.0,1.2,1.0,2,0.0,0.0,141.0,141.0,,,94.5,94.5,2.25,2.0,3,0.0,0
0.5,0.05,0.5,Maryland,110.1,93,124,118.0,7.9,8.0,10,0.0,0.0,119.5,124.0,125.8,129.5,129.6,126.0,4.5,4.0,8,0.5,2
2.0,0.01,2.0,Georgia,110.2,62,146,113.0,37.6,37.0,45,0.0,0.0,126.4,120.0,133.9,132.0,317.0,363.0,0.8,1.0,3,3.5,6
0.5,0.01,1.0,Tennessee,110.4,78,138,110.0,19.4,19.5,22,0.0,0.0,142.9,128.5,173.0,158.0,189.44444444444446,184.0,4.4,5.0,6,4.0,7
0.5,0.01,0.5,Kentucky,110.5,75,151,106.5,15.2,15.0,20,0.0,0.0,126.7,125.0,143.8,153.5,201.3,182.0,5.1,4.5,11,4.4,9
2.0,0.01,0.5,Kentucky,110.5,75,151,113.0,28.5,28.5,34,0.0,0.0,125.0,117.0,137.2,138.0,175.3,153.5,20.1,19.0,30,11.6,15
1.0,0.05,0.5,Louisiana,110.6,90,193,90.0,3.9,4.0,5,0.0,0.0,199.4,193.0,216.66666666666666,237.0,337.0,337.0,1.0,1.0,1,0.0,0
2.0,0.05,2.0,Maryland,110.7,66,129,122.5,12.7,12.5,15,0.0,0.0,125.2,124.5,128.5,130.0,149.1,126.0,6.5,6.5,10,1.2,3
0.5,0.05,1.0,Alabama,111.0,111,111,111.0,3.2,3.0,4,0.0,0.0,155.2,160.0,198.66666666666666,160.0,,,0.0,0.0,0,0.0,0
0.5,0.05,0.5,Alabama,111.0,111,111,111.0,2.8,3.0,4,0.0,0.0,146.66666666666666,136.0,160.0,160.0,,,0.0,0.0,0,0.0,0
0.5,0.05,2.0,Alabama,111.0,111,111,111.0,6.2,6.0,7,0.0,0.0,150.4,160.0,175.0,160.0,,,0.0,0.0,0,0.0,0
0.5,0.1,2.0,Alabama,111.0,111,111,111.0,7.3,7.0,8,0.0,0.0,140.8,136.0,160.0,160.0,,,0.0,0.0,0,0.0,0
2.0,0.05,0.5,Alabama,111.0,111,111,111.0,7.2,7.0,9,0.0,0.0,145.6,136.0,180.0,160.0,,,0.0,0.0,0,0.2,1
1.0,0.01,2.0,New York,111.1,44,141,130.0,9.0,10.0,12,4.1,18.0,148.2,142.0,155.9,149.0,28.0,28.0,142.1,141.5,188,35.8,43
1.0,0.1,2.0,Maine,111.2,109,131,109.0,7.5,7.0,10,0.2,1.0,148.1,131.0,199.9,217.0,,,0.0,0.0,0,1.9,3
1.0,0.05,0.5,Connecticut,111.4,99,123,112.0,6.5,7.0,7,0.0,0.0,120.4,119.0,129.7,121.5,104.5,126.0,6.5,6.5,9,0.1,1
0.5,0.05,2.0,Connecticut,111.9,107,119,112.0,6.6,7.0,7,0.0,0.0,117.8,119.0,129.0,121.5,77.0,77.0,7.8,8.0,12,0.1,1
2.0,0.01,2.0,Montana,111.9,95,160,106.0,11.3,11.0,15,0.1,1.0,148.0,164.0,165.1,174.0,217.9,182.0,3.6,3.5,5,2.8,8
2.0,0.01,0.5,Georgia,112.1,106,125,111.0,33.5,34.0,39,0.0,0.0,120.9,117.0,130.6,135.5,240.16666666666666,185.0,0.9,1.0,3,3.4,5
2.0,0.01,0.5,Montana,112.2,95,167,105.0,10.3,10.0,13,0.0,0.0,127.6,107.0,163.3,169.0,156.11111111111111,111.0,2.4,2.0,6,1.6,4
1.0,0.01,0.5,New York,112.2,60,135,130.0,8.5,8.5,11,0.4,3.0,137.8,145.0,161.7,166.0,40.9,28.0,125.2,126.0,139,35.1,39
0.5,0.05,0.5,Connecticut,112.4,99,123,112.0,6.3,6.5,7,0.0,0.0,121.6,119.0,126.9,120.0,126.0,126.0,6.2,6.5,9,0.0,0
1.0,0.01,2.0,Montana,112.4,105,173,105.0,12.0,12.5,14,0.0,0.0,122.2,113.0,158.0,152.0,126.5,28.0,3.9,3.5,7,1.7,3
0.5,0.05,1.0,Connecticut,112.5,99,123,115.5,6.4,7.0,7,0.1,1.0,124.6,121.0,134.2,133.0,104.0,126.0,7.1,6.0,12,0.3,2
1.0,0.05,1.0,Connecticut,112.9,99,123,112.0,6.2,6.0,7,0.1,1.0,119.0,118.5,128.8,120.0,106.2,126.0,7.2,7.5,10,0.8,2
2.0,0.05,1.0,Connecticut,113.1,99,123,112.0,6.5,7.0,7,0.0,0.0,122.6,119.0,128.6,120.0,115.7,126.0,6.6,6.5,10,0.5,2
0.5,0.01,1.0,Georgia,113.1,74,142,112.0,19.5,20.0,23,0.0,0.0,117.7,115.5,132.3,128.0,235.0,152.0,1.25,1.0,2,0.6,2
2.0,0.01,0.5,Tennessee,113.2,78,158,115.0,30.4,31.0,34,0.0,0.0,133.2,138.0,164.3,148.0,146.0,183.5,8.1,9.0,14,6.5,10
2.0,0.1,1.0,Maine,113.4,109,131,109.0,7.8,8.0,10,0.1,1.0,142.2,131.0,216.9,217.0,460.0,460.0,0.1111111111111111,0.0,1,1.6,3
2.0,0.1,0.5,Maine,113.4,109,131,109.0,7.5,8.0,9,0.1,1.0,146.5,131.0,206.5,217.0,460.0,460.0,0.1111111111111111,0.0,1,1.6,3
0.5,0.01,0.5,Tennessee,113.7,78,171,119.0,10.3,9.5,14,0.0,0.0,160.2,164.5,180.4,174.5,194.2,183.0,2.9,2.0,7,2.4,5
2.0,0.1,2.0,Maine,113.9,109,131,109.0,8.1,8.0,10,0.0,0.0,143.9,131.0,208.2,217.0,460.0,460.0,0.1,0.0,1,1.3,2
0.5,0.1,2.0,Maine,113.9,109,131,109.0,6.5,7.0,7,0.0,0.0,142.2,131.0,217.4,217.0,,,0.0,0.0,0,1.5,2
0.5,0.01,2.0,Oregon,113.9,81,158,109.0,15.4,15.5,17,0.0,0.0,135.1,131.0,152.1,158.0,183.7,175.5,5.1,5.0,7,4.8,7
1.0,0.05,2.0,Connecticut,114.0,107,119,112.0,6.9,7.0,7,0.0,0.0,118.9,119.0,127.2,120.5,96.1,126.0,6.5,6.0,10,0.1,1
0.5,0.01,0.5,Montana,114.5,95,167,105.0,4.1,4.5,6,0.1,1.0,139.2,137.0,177.57142857142858,175.0,90.25,111.0,1.1428571428571428,1.0,3,0.5,1
1.0,0.01,0.5,Tennessee,114.6,78,138,115.0,21.9,20.5,26,0.0,0.0,136.7,138.0,177.5,168.0,151.2,183.0,4.5,4.0,8,5.1,9
2.0,0.01,1.0,New York,115.2,60,160,130.0,9.1,10.0,14,0.8,5.0,138.7,135.0,152.0,146.0,28.0,28.0,131.6,133.0,150,35.8,41
2.0,0.01,1.0,Montana,115.3,95,167,107.0,10.2,10.5,12,0.1,1.0,160.3,167.0,180.3,175.0,122.0,83.5,3.9,3.5,7,3.2,6
ALL,ALL,ALL,Louisiana,115.49567723342939,65,455,90.0,4.763688760806916,5.0,8,0.0,0.0,181.1139240506329,176.0,215.60791366906474,193.0,323.780487804878,337.0,0.86,1.0,2,0.09221902017291066,1
1.0,0.1,0.5,Maine,115.5,109,174,109.0,6.7,7.0,9,0.0,0.0,139.7,131.0,210.1,218.0,,,0.0,0.0,0,1.9,3
1.0,0.25,2.0,New Jersey,115.7,82,120,119.0,9.1,9.0,10,0.0,0.0,120.6,120.0,151.7,130.0,290.3,289.0,4.5,4.5,6,0.0,0
1.0,0.05,1.0,Louisiana,115.8,90,176,90.0,5.6,6.0,7,0.0,0.0,182.1,176.0,205.1,193.0,,,0.0,0.0,0,0.0,0
1.0,0.05,0.5,Alabama,115.9,111,160,111.0,4.4,4.0,5,0.0,0.0,152.8,160.0,175.0,160.0,,,0.0,0.0,0,0.0,0
2.0,0.05,2.0,Connecticut,116.0,112,134,112.0,6.8,7.0,7,0.0,0.0,123.6,119.0,129.7,120.0,108.6,126.0,7.6,7.5,11,0.2,2
0.5,0.1,0.5,Maine,116.0,109,174,109.0,3.1,3.0,4,0.0,0.0,142.3,131.0,205.66666666666666,221.0,,,0.0,0.0,0,1.4,2
0.5,0.1,2.0,New Jersey,116.9,82,130,120.0,6.3,6.0,7,0.0,0.0,126.7,130.0,163.7,188.0,284.7,298.0,3.5,3.5,6,0.0,0
2.0,0.01,1.0,Vermont,117.5,51,184,144.5,8.1,8.0,12,1.1,4.0,166.0,180.5,191.3,186.5,116.5,149.0,11.9,10.0,25,5.5,7
ALL,ALL,ALL,Alabama,117.91388888888889,91,225,111.0,6.405555555555556,6.0,13,0.0,0.0,157.49157303370785,136.0,194.55162241887905,160.0,283.8333333333333,283.0,0.4,0.0,1,0.07777777777777778,1
2.0,0.01,2.0,Vermont,118.1,51,184,122.5,8.7,9.0,11,0.6,2.0,160.6,165.5,182.7,179.0,158.7,163.0,10.4,10.0,15,4.9,7
ALL,ALL,ALL,Connecticut,118.20833333333333,95,177,112.0,6.175,7.0,7,0.10833333333333334,1.0,130.23055555555555,114.0,148.86797752808988,120.0,108.3268156424581,126.0,6.5264623955431755,7.0,12,0.36666666666666664,3
1.0,0.01,1.0,Virginia,118.4,88,184,119.0,16.4,16.0,21,0.0,0.0,159.1,168.0,183.5,195.0,260.9,300.5,7.5,7.0,12,3.3,9
1.0,0.01,0.5,Montana,119.0,95,173,107.0,7.8,8.0,11,0.0,0.0,140.1,134.0,167.9,174.0,88.5,69.5,1.0,1.0,3,1.1,3
0.5,0.25,1.0,New Jersey,119.2,119,120,119.0,7.1,7.0,8,0.0,0.0,122.0,120.0,141.6,130.0,,,0.0,0.0,0,0.0,0
0.5,0.25,2.0,New Jersey,119.2,119,120,119.0,7.6,7.0,9,0.0,0.0,122.0,120.0,140.8,130.0,334.2,303.0,1.7,2.0,3,0.0,0
2.0,0.25,2.0,New Jersey,119.2,119,120,119.0,9.3,9.0,11,0.0,0.0,122.0,120.0,141.2,130.0,325.1,308.0,5.4,5.5,7,0.0,0
2.0,0.25,0.5,New Jersey,119.2,119,120,119.0,9.4,9.5,10,0.0,0.0,122.0,120.0,140.8,130.0,329.1,308.0,3.8,3.0,6,0.0,0
2.0,0.25,1.0,New Jersey,119.4,119,120,119.0,9.3,9.0,10,0.0,0.0,124.0,120.0,153.2,130.0,321.4,298.0,4.3,4.0,7,0.0,0
1.0,0.25,0.5,New Jersey,119.5,119,120,119.5,6.9,7.0,9,0.0,0.0,125.0,125.0,158.6,157.0,290.5,290.5,1.5,1.5,2,0.0,0
0.5,0.1,0.5,New Jersey,119.5,119,120,119.5,4.6,5.0,6,0.0,0.0,149.4,134.0,190.4,192.0,,,0.0,0.0,0,0.0,0
0.5,0.25,0.5,New Jersey,119.6,119,120,120.0,4.2,4.0,6,0.0,0.0,145.8,134.0,181.1,192.0,,,0.0,0.0,0,0.0,0
0.5,0.01,1.0,North Carolina,119.6,60,201,128.5,7.2,7.0,12,0.1,1.0,192.2,201.5,241.4,231.0,271.375,236.5,2.0,2.0,4,1.4,3
2.0,0.1,1.0,New Jersey,119.7,119,120,120.0,8.6,9.0,9,0.0,0.0,127.0,130.0,168.6,184.0,304.4,298.0,4.8,5.0,7,0.0,0
2.0,0.1,2.0,New Jersey,119.8,119,120,120.0,8.7,9.0,9,0.0,0.0,128.0,130.0,176.0,188.0,323.2,308.0,6.6,6.5,9,0.0,0
2.0,0.1,0.5,New Jersey,119.9,119,120,120.0,8.1,8.0,9,0.0,0.0,130.0,130.0,186.3,188.0,295.3,294.0,5.5,6.0,7,0.0,0
0.5,0.1,1.0,Maine,119.9,109,174,109.0,6.6,6.5,8,0.0,0.0,146.9,131.0,218.4,218.0,327.0,327.0,0.1,0.0,1,1.5,2
2.0,0.01,1.0,Tennessee,120.4,78,138,119.0,30.0,29.0,34,0.1,1.0,149.5,138.0,171.7,168.0,221.9,219.0,10.2,9.5,15,7.4,10
1.0,0.1,2.0,New Jersey,120.6,119,130,120.0,8.5,8.5,9,0.0,0.0,132.1,130.0,172.6,184.0,319.1,308.0,5.1,5.0,7,0.0,0
1.0,0.1,0.5,New Jersey,120.8,119,130,120.0,6.4,6.5,8,0.0,0.0,132.1,130.0,175.6,186.0,317.6,321.0,1.4,1.0,2,0.0,0
0.5,0.1,1.0,New Jersey,120.8,119,130,120.0,5.9,6.0,7,0.0,0.0,132.1,130.0,179.3,192.0,330.6666666666667,321.0,1.3333333333333333,1.0,2,0.0,0
1.0,0.1,1.0,New Jersey,120.8,119,130,120.0,7.8,8.0,9,0.0,0.0,132.1,130.0,175.6,188.0,314.0,308.0,4.5,4.0,8,0.0,0
0.5,0.01,2.0,Montana,121.1,95,173,107.0,9.7,9.5,11,0.0,0.0,142.0,150.5,169.9,172.0,114.1,111.0,3.9,4.5,6,1.6,3
1.0,0.1,1.0,Maine,122.1,109,174,109.0,7.5,7.0,10,0.0,0.0,150.8,131.0,204.1,217.0,460.0,460.0,0.1111111111111111,0.0,1,1.3,2
2.0,0.01,2.0,New York,122.6,75,168,123.5,9.5,9.0,13,1.5,7.0,143.9,138.0,155.3,149.0,50.4,28.0,138.2,139.0,167,36.8,40
2.0,0.05,1.0,New Jersey,122.9,119,130,120.0,7.6,8.0,8,0.0,0.0,144.0,130.0,191.0,190.0,314.5,308.0,5.7,6.0,9,0.0,0
0.5,0.25,1.0,West Virginia,123.0,107,139,123.0,9.4,10.0,11,0.0,0.0,143.5,143.5,179.0,179.0,144.0,144.0,1.0,1.0,1,0.0,0
0.5,0.25,0.5,West Virginia,123.0,107,139,123.0,5.4,5.0,7,0.0,0.0,143.5,143.5,166.3,153.0,195.0,195.0,1.0,1.0,1,0.0,0
0.5,0.01,2.0,Virginia,123.2,119,161,119.0,17.3,17.0,20,0.1,1.0,160.0,156.5,196.0,197.5,219.4,168.5,9.7,9.0,15,2.6,6
1.0,0.25,2.0,West Virginia,123.8,83,139,139.0,12.9,13.0,14,0.0,0.0,141.2,148.0,168.7,158.0,392.22222222222223,393.0,1.6666666666666667,1.0,3,0.0,0
2.0,0.05,0.5,New Jersey,123.9,119,130,120.0,7.7,8.0,9,0.0,0.0,145.4,130.0,183.4,188.0,306.0,308.0,6.2,6.5,10,0.0,0
0.5,0.01,2.0,Tennessee,124.0,78,138,128.5,27.7,27.0,32,0.0,0.0,161.9,158.0,199.8,209.0,209.6,183.5,6.8,7.0,9,4.8,7
0.5,0.01,0.5,Virginia,124.1,99,190,119.0,10.1,10.0,14,0.0,0.0,175.3,184.0,203.9,195.0,309.3,341.0,3.9,4.0,7,0.9,2
1.0,0.05,2.0,New Jersey,124.8,119,130,125.0,8.6,9.0,11,0.0,0.0,152.9,150.5,184.3,192.0,305.2,308.0,5.7,5.0,10,0.0,0
0.5,0.05,2.0,New Jersey,124.8,119,130,125.0,6.2,6.0,8,0.0,0.0,152.6,150.5,179.3,188.0,305.8,308.0,4.7,5.0,6,0.0,0
0.5,0.05,1.0,New Jersey,124.9,119,130,125.0,5.6,5.5,7,0.0,0.0,161.1,168.0,193.5,194.0,290.5,280.0,1.6666666666666667,1.5,3,0.0,0
0.5,0.01,1.0,New York,125.5,75,149,130.0,8.1,8.0,11,0.8,5.0,151.4,147.0,164.8,166.0,28.0,28.0,115.0,115.0,128,34.4,39
2.0,0.01,1.0,Virginia,125.7,110,195,119.0,18.6,18.5,21,0.0,0.0,168.2,170.5,195.6,195.0,259.1,306.0,9.0,9.5,13,4.1,6
1.0,0.01,1.0,Vermont,125.7,51,177,151.5,9.0,9.0,11,0.8,3.0,168.0,172.0,192.4,184.0,86.3,64.0,13.3,10.0,28,4.9,8
0.5,0.25,1.0,Rhode Island,126.0,126,126,126.0,1.2,1.0,2,0.0,0.0,304.0,304.0,,,,,0.0,0.0,0,0.0,0
1.0,0.05,2.0,Rhode Island,126.0,126,126,126.0,1.3,1.0,2,0.0,0.0,321.3333333333333,304.0,,,,,0.0,0.0,0,0.0,0
1.0,0.25,0.5,Rhode Island,126.0,126,126,126.0,1.5,1.5,2,0.0,0.0,304.0,304.0,,,,,0.0,0.0,0,0.0,0
1.0,0.05,0.5,New Jersey,126.0,120,130,130.0,5.7,6.0,7,0.0,0.0,154.6,171.0,190.5,190.0,294.875,279.5,2.5,2.5,4,0.0,0
1.0,0.05,0.5,Rhode Island,126.0,126,126,126.0,1.3,1.0,2,0.0,0.0,304.0,304.0,,,,,0.0,0.0,0,0.0,0
1.0,0.25,2.0,Rhode Island,126.0,126,126,126.0,1.8,2.0,3,0.0,0.0,311.42857142857144,304.0,356.0,356.0,,,0.0,0.0,0,0.0,0
0.5,0.05,1.0,Rhode Island,126.0,126,126,126.0,1.2,1.0,2,0.0,0.0,304.0,304.0,,,,,0.0,0.0,0,0.0,0
2.0,0.25,1.0,Rhode Island,126.0,126,126,126.0,1.5,1.5,2,0.0,0.0,304.0,304.0,,,,,0.0,0.0,0,0.0,0
2.0,0.05,1.0,Rhode Island,126.0,126,126,126.0,1.4,1.0,3,0.0,0.0,304.0,304.0,356.0,356.0,,,0.0,0.0,0,0.0,0
0.5,0.25,2.0,Rhode Island,126.0,126,126,126.0,1.8,2.0,3,0.0,0.0,311.42857142857144,304.0,356.0,356.0,,,0.0,0.0,0,0.0,0
1.0,0.05,1.0,Rhode Island,126.0,126,126,126.0,1.0,1.0,1,,,,,,,,,0.0,0.0,0,0.0,0
0.5,0.05,0.5,Rhode Island,126.0,126,126,126.0,1.0,1.0,1,,,,,,,,,0.0,0.0,0,0.0,0
0.5,0.25,0.5,Rhode Island,126.0,126,126,126.0,1.0,1.0,1,,,,,,,,,0.0,0.0,0,0.0,0
1.0,0.25,1.0,Rhode Island,126.0,126,126,126.0,1.9,2.0,3,0.0,0.0,311.42857142857144,304.0,356.0,356.0,,,0.0,0.0,0,0.0,0
0.5,0.05,2.0,Rhode Island,126.0,126,126,126.0,1.2,1.0,2,0.0,0.0,356.0,356.0,,,,,0.0,0.0,0,0.0,0
2.0,0.25,2.0,Rhode Island,126.0,126,126,126.0,1.9,2.0,3,0.0,0.0,310.5,304.0,356.0,356.0,,,0.0,0.0,0,0.0,0
2.0,0.25,0.5,Rhode Island,126.0,126,126,126.0,1.7,2.0,3,0.0,0.0,312.6666666666667,304.0,356.0,356.0,,,0.0,0.0,0,0.0,0
2.0,0.1,1.0,Rhode Island,126.0,126,126,126.0,1.3,1.0,2,0.0,0.0,304.0,304.0,,,,,0.0,0.0,0,0.0,0
1.0,0.1,0.5,Rhode Island,126.0,126,126,126.0,1.4,1.0,2,0.0,0.0,304.0,304.0,,,,,0.0,0.0,0,0.0,0
0.5,0.1,1.0,Rhode Island,126.0,126,126,126.0,1.2,1.0,2,0.0,0.0,304.0,304.0,,,,,0.0,0.0,0,0.0,0
1.0,0.1,2.0,Rhode Island,126.0,126,126,126.0,1.6,2.0,2,0.0,0.0,312.6666666666667,304.0,,,,,0.0,0.0,0,0.0,0
2.0,0.1,2.0,Rhode Island,126.0,126,126,126.0,1.2,1.0,2,0.0,0.0,304.0,304.0,,,,,0.0,0.0,0,0.0,0
2.0,0.1,0.5,Rhode Island,126.0,126,126,126.0,1.3,1.0,2,0.0,0.0,304.0,304.0,,,,,0.0,0.0,0,0.0,0
1.0,0.01,1.0,Rhode Island,126.0,126,126,126.0,1.0,1.0,1,,,,,,,,,0.0,0.0,0,0.0,0
0.5,0.1,2.0,Rhode Island,126.0,126,126,126.0,1.6,2.0,2,0.0,0.0,312.6666666666667,304.0,,,,,0.0,0.0,0,0.0,0
1.0,0.1,1.0,Rhode Island,126.0,126,126,126.0,1.5,1.5,2,0.0,0.0,324.8,304.0,,,,,0.0,0.0,0,0.0,0
0.5,0.1,0.5,Rhode Island,126.0,126,126,126.0,1.0,1.0,1,,,,,,,,,0.0,0.0,0,0.0,0
0.5,0.1,1.0,West Virginia,126.2,107,139,139.0,8.2,8.0,9,0.0,0.0,144.4,148.0,181.7,184.0,131.2,144.0,1.2,1.0,2,0.0,0
2.0,0.1,0.5,West Virginia,126.2,107,139,139.0,10.3,10.0,12,0.0,0.0,144.4,148.0,184.4,206.0,242.7,211.0,1.9,2.0,3,0.0,0
1.0,0.1,1.0,West Virginia,126.2,107,139,139.0,10.0,10.0,12,0.0,0.0,144.4,148.0,180.0,184.0,227.66666666666666,144.0,1.4444444444444444,1.0,2,0.0,0
0.5,0.1,0.5,West Virginia,126.2,107,139,139.0,5.5,5.0,7,0.0,0.0,144.4,148.0,185.2,210.0,183.33333333333334,144.0,1.1666666666666667,1.0,2,0.0,0
2.0,0.01,2.0,North Carolina,126.7,60,201,135.0,13.4,13.0,16,0.0,0.0,192.5,201.0,225.4,214.5,267.5,238.0,2.6,2.5,6,2.2,5
1.0,0.05,1.0,New Jersey,127.0,120,130,130.0,6.9,7.0,8,0.0,0.0,165.0,171.0,190.5,188.0,311.6,308.0,6.1,7.0,8,0.0,0
2.0,0.05,2.0,New Jersey,127.0,120,130,130.0,7.8,8.0,9,0.0,0.0,165.4,171.0,190.2,188.0,311.0,308.0,6.3,6.5,10,0.0,0
0.5,0.25,2.0,West Virginia,129.4,107,139,139.0,10.9,11.0,12,0.0,0.0,145.3,148.0,185.8,208.0,286.75,268.5,1.5,1.5,2,0.0,0
2.0,0.25,2.0,West Virginia,129.4,107,139,139.0,13.5,13.5,14,0.0,0.0,145.3,148.0,190.2,206.0,340.0,341.5,1.25,1.0,2,0.0,0
1.0,0.1,2.0,West Virginia,129.4,107,139,139.0,12.2,12.0,14,0.0,0.0,145.3,148.0,192.7,210.0,359.7142857142857,393.0,1.5714285714285714,1.0,3,0.0,0
2.0,0.01,0.5,Virginia,129.4,110,241,119.0,17.7,18.0,20,0.0,0.0,182.2,184.0,204.0,200.0,327.5,343.0,10.5,10.0,16,3.8,7
1.0,0.01,2.0,Virginia,129.7,79,200,119.0,19.3,19.5,23,0.0,0.0,184.6,187.5,201.7,198.5,291.3,346.5,8.9,8.0,13,4.0,7
0.5,0.01,2.0,New York,129.8,60,168,130.5,8.7,8.0,12,1.3,9.0,154.9,158.5,164.2,167.5,40.8,28.0,144.3,144.5,158,35.8,39
0.5,0.1,2.0,West Virginia,130.2,83,139,139.0,10.6,10.5,13,0.0,0.0,146.6,148.0,191.1,210.0,269.7142857142857,278.0,1.4285714285714286,1.0,2,0.0,0
2.0,0.01,0.5,New York,130.3,60,168,132.5,10.8,10.0,17,1.4,7.0,146.9,146.0,157.6,159.0,36.9,28.0,137.0,128.5,172,34.6,39
1.0,0.01,0.5,Virginia,130.4,79,184,119.0,15.2,16.0,17,0.2,1.0,169.4,187.0,189.2,200.0,217.5,174.0,8.0,8.5,11,2.9,4
1.0,0.01,2.0,Alabama,130.7,111,210,111.0,5.6,5.5,7,0.0,0.0,199.0,160.0,284.5,210.0,286.0,286.0,0.75,1.0,1,0.1,1
ALL,ALL,ALL,New Jersey,130.8138888888889,82,254,120.0,6.608333333333333,7.0,11,0.0,0.0,158.82122905027933,130.0,190.50716332378224,188.0,300.74570446735396,298.0,4.209621993127148,4.0,10,0.0,0
1.0,0.01,2.0,Vermont,131.5,51,184,141.0,9.3,9.5,11,0.3,3.0,168.8,172.0,177.5,177.5,175.7,192.0,8.5,8.5,14,4.6,7
1.0,0.01,2.0,Arkansas,131.9,88,240,88.0,6.4,6.0,9,0.0,0.0,268.4,278.0,296.5,292.0,180.0,111.0,3.4,3.0,6,1.1,2
2.0,0.25,1.0,West Virginia,132.6,107,139,139.0,12.7,13.0,14,0.0,0.0,146.2,148.0,181.6,182.0,376.55555555555554,393.0,1.7777777777777777,2.0,3,0.0,0
2.0,0.05,1.0,West Virginia,132.6,107,139,139.0,10.3,10.5,11,0.0,0.0,153.4,148.0,201.0,210.0,210.83333333333334,214.5,1.6666666666666667,2.0,2,0.0,0
2.0,0.1,2.0,West Virginia,132.6,107,139,139.0,12.6,12.0,14,0.0,0.0,146.2,148.0,197.6,210.0,226.57142857142858,144.0,1.2857142857142858,1.0,2,0.0,0
1.0,0.01,0.5,North Carolina,133.8,60,204,135.0,7.3,7.0,10,0.0,0.0,202.2,202.0,251.5,246.0,327.85714285714283,292.0,2.0,2.0,3,0.7,2
0.5,0.01,0.5,Alabama,135.5,111,160,135.5,2.9,3.0,5,0.0,0.0,198.44444444444446,160.0,242.57142857142858,225.0,,,0.0,0.0,0,0.0,0
1.0,0.05,2.0,West Virginia,135.8,107,139,139.0,10.2,10.5,12,0.0,0.0,150.7,148.0,214.3,210.0,252.0,144.0,1.4285714285714286,1.0,3,0.0,0
1.0,0.25,0.5,West Virginia,135.8,107,139,139.0,9.8,10.0,11,0.0,0.0,147.1,148.0,197.8,210.0,,,0.0,0.0,0,0.0,0
2.0,0.05,0.5,West Virginia,135.8,107,139,139.0,9.6,10.0,11,0.0,0.0,151.7,148.0,197.7,210.0,249.33333333333334,211.0,1.3333333333333333,1.0,2,0.0,0
2.0,0.25,0.5,West Virginia,135.8,107,139,139.0,12.1,12.0,13,0.0,0.0,147.1,148.0,187.4,206.0,302.0,290.0,1.6,1.0,4,0.0,0
2.0,0.1,1.0,West Virginia,135.8,107,139,139.0,12.1,12.0,13,0.0,0.0,150.7,148.0,203.4,210.0,319.6666666666667,278.0,2.3333333333333335,3.0,3,0.0,0
1.0,0.1,0.5,West Virginia,135.8,107,139,139.0,8.8,9.0,10,0.0,0.0,147.1,148.0,199.9,210.0,144.0,144.0,1.3333333333333333,1.0,2,0.0,0
0.5,0.01,2.0,North Carolina,136.1,60,218,135.0,11.0,10.5,13,0.0,0.0,199.6,201.0,219.1,211.0,334.6666666666667,292.0,2.1,2.0,5,1.8,4
1.0,0.01,1.0,Maryland,136.8,124,188,131.0,7.8,7.5,10,0.1,1.0,194.9,193.5,242.3,216.0,246.2,238.5,6.3,6.0,10,1.2,3
0.5,0.25,1.0,New Hampshire,136.9,97,154,154.0,5.5,5.0,7,0.0,0.0,160.3,163.0,182.3,189.5,180.75,177.0,1.0,1.0,1,0.0,0
2.0,0.25,1.0,New Hampshire,136.9,97,154,154.0,7.0,7.0,7,0.0,0.0,160.3,163.0,182.8,192.0,177.0,177.0,1.0,1.0,1,0.0,0
2.0,0.25,2.0,New Hampshire,136.9,97,154,154.0,7.0,7.0,7,0.0,0.0,160.3,163.0,182.8,192.0,177.0,177.0,1.3333333333333333,1.0,2,0.0,0
2.0,0.05,2.0,West Virginia,138.6,107,158,139.0,9.6,10.0,11,0.0,0.0,160.5,148.0,204.3,210.0,375.85714285714283,393.0,1.7142857142857142,1.0,3,0.0,0
0.5,0.05,0.5,West Virginia,139.0,139,139,139.0,5.6,6.0,6,0.0,0.0,162.4,148.0,215.1,210.0,151.0,151.0,1.0,1.0,1,0.0,0
0.5,0.05,2.0,West Virginia,139.0,139,139,139.0,8.4,8.5,9,0.0,0.0,155.2,148.0,209.6,210.0,226.25,214.5,1.25,1.0,2,0.0,0
2.0,0.01,0.5,Vermont,139.0,51,240,161.5,8.6,8.5,10,1.0,6.0,182.0,194.5,205.8,208.0,175.6,180.5,10.1,8.0,23,5.3,8
0.5,0.01,0.5,New York,139.1,95,172,136.5,8.3,8.5,13,2.4,15.0,159.9,156.5,172.2,172.0,69.6,28.0,87.8,88.5,101,33.0,35
2.0,0.05,2.0,Maine,139.4,109,174,131.0,6.5,6.0,11,0.3,1.0,201.7,217.0,251.5,256.0,,,0.0,0.0,0,0.9,3
1.0,0.05,2.0,Maine,139.4,109,174,131.0,5.9,6.0,8,0.2,1.0,191.2,217.0,251.9,252.0,,,0.0,0.0,0,1.5,2
1.0,0.05,1.0,Maine,139.5,109,174,131.0,6.4,7.0,8,0.2,1.0,193.7,186.5,244.0,217.0,460.0,460.0,0.14285714285714285,0.0,1,1.1,3
0.5,0.01,2.0,Vermont,139.8,51,184,169.0,8.8,9.0,10,0.4,2.0,177.3,180.5,201.8,196.5,133.3,174.5,10.2,9.0,22,4.9,6
0.5,0.05,1.0,West Virginia,140.3,107,184,139.0,7.4,7.5,9,0.0,0.0,167.7,166.0,199.9,210.0,128.0,128.0,1.5,1.5,2,0.0,0
1.0,0.05,1.0,West Virginia,140.3,107,184,139.0,9.2,9.5,12,0.0,0.0,155.4,148.0,197.3,210.0,264.0,278.0,1.2,1.0,2,0.0,0
1.0,0.01,1.0,Alabama,140.5,111,210,135.5,4.7,5.0,6,0.0,0.0,199.0,160.0,289.5,210.0,286.0,286.0,0.5,0.5,1,0.1,1
1.0,0.05,0.5,West Virginia,140.8,139,148,139.0,6.8,6.5,8,0.0,0.0,162.1,148.0,218.2,216.5,236.75,216.0,1.75,1.5,3,0.0,0
2.0,0.01,0.5,North Carolina,140.9,117,201,135.0,13.7,13.5,18,0.2,1.0,183.2,184.0,221.5,229.0,313.22222222222223,329.0,3.4,3.5,8,1.5,4
1.0,0.05,0.5,Maine,141.5,109,174,131.0,6.0,6.0,7,0.1,1.0,182.1,174.0,237.8,221.0,,,0.0,0.0,0,0.9,2
1.0,0.25,0.5,New Hampshire,142.6,97,154,154.0,6.5,6.5,7,0.0,0.0,161.2,163.0,184.7,189.5,177.0,177.0,1.3333333333333333,1.0,2,0.0,0
0.5,0.25,2.0,New Hampshire,142.6,97,154,154.0,7.0,7.0,7,0.0,0.0,161.2,163.0,185.2,192.0,,,0.0,0.0,0,0.0,0
0.5,0.25,0.5,New Hampshire,142.6,97,154,154.0,5.3,5.0,6,0.0,0.0,161.2,163.0,185.2,192.0,180.75,177.0,1.0,1.0,1,0.0,0
1.0,0.25,1.0,New Hampshire,142.6,97,154,154.0,7.0,7.0,7,0.0,0.0,161.2,163.0,185.2,192.0,177.0,177.0,1.0,1.0,1,0.0,0
0.5,0.1,1.0,New Hampshire,142.6,97,154,154.0,5.5,5.5,6,0.0,0.0,161.2,163.0,186.2,192.0,177.0,177.0,1.0,1.0,1,0.0,0
0.5,0.1,0.5,New Hampshire,142.6,97,154,154.0,5.0,5.0,6,0.0,0.0,161.2,163.0,186.2,192.0,177.0,177.0,1.0,1.0,1,0.0,0
0.5,0.01,1.0,Virginia,143.5,119,195,119.0,12.4,12.5,15,0.0,0.0,185.9,195.0,210.9,209.0,309.3,332.5,6.6,7.5,10,2.3,4
2.0,0.01,1.0,New Jersey,143.7,130,201,130.0,5.3,5.5,7,0.0,0.0,207.2,197.0,237.9,225.5,309.1,295.5,4.2,5.0,6,0.0,0
1.0,0.01,2.0,North Carolina,144.3,124,204,135.0,14.7,14.0,17,0.3,1.0,196.5,201.5,216.6,218.0,289.5,284.0,3.7,3.5,6,1.9,3
0.5,0.05,0.5,New Jersey,144.4,120,197,130.0,3.7,3.5,5,0.0,0.0,176.9,171.0,200.6,188.0,274.0,274.0,2.0,2.0,2,0.0,0
2.0,0.25,1.0,Delaware,144.8,96,157,157.0,3.0,3.0,3,0.0,0.0,205.5,205.0,238.0,210.0,389.85714285714283,392.0,1.0,1.0,1,0.0,0
0.5,0.25,2.0,Delaware,144.8,96,157,157.0,3.0,3.0,3,0.0,0.0,206.0,205.0,248.0,210.0,383.0,377.0,1.2,1.0,2,0.0,0
0.5,0.05,2.0,Maine,145.9,109,174,152.5,6.7,7.0,8,0.0,0.0,183.5,195.5,231.8,236.5,,,0.0,0.0,0,0.6,2
2.0,0.05,0.5,Maine,146.0,109,174,131.0,6.8,7.0,8,0.0,0.0,186.9,174.0,250.3,217.0,460.0,460.0,0.14285714285714285,0.0,1,0.8,2
2.0,0.01,2.0,Virginia,146.0,110,209,119.0,18.4,18.0,24,0.1,1.0,173.5,187.0,204.1,202.0,290.1,343.0,7.7,7.5,12,4.3,7
1.0,0.01,2.0,Connecticut,147.7,112,161,156.0,5.0,5.0,6,0.0,0.0,165.8,163.0,209.7,177.0,172.9,169.0,6.4,6.0,10,0.9,2
2.0,0.05,1.0,Maine,148.0,109,217,152.5,6.9,7.0,9,0.1,1.0,180.7,186.0,230.6,217.0,,,0.0,0.0,0,1.1,2
1.0,0.01,1.0,Connecticut,148.2,112,172,161.0,5.6,6.0,6,0.0,0.0,163.7,169.0,223.8,207.5,120.5,163.5,5.4,5.5,8,0.8,2
1.0,0.25,2.0,New Hampshire,148.3,97,154,154.0,7.0,7.0,7,0.0,0.0,162.1,163.0,187.6,192.0,,,0.0,0.0,0,0.0,0
2.0,0.05,1.0,New Hampshire,148.3,97,154,154.0,6.8,7.0,7,0.0,0.0,162.1,163.0,188.6,192.0,177.0,177.0,1.0,1.0,1,0.0,0
2.0,0.1,1.0,New Hampshire,148.3,97,154,154.0,7.0,7.0,7,0.0,0.0,162.1,163.0,189.1,192.0,177.0,177.0,1.0,1.0,1,0.0,0
1.0,0.1,0.5,New Hampshire,148.3,97,154,154.0,5.9,6.0,7,0.0,0.0,162.1,163.0,188.6,192.0,177.0,177.0,1.0,1.0,1,0.0,0
1.0,0.1,2.0,New Hampshire,148.3,97,154,154.0,7.0,7.0,7,0.0,0.0,162.1,163.0,188.1,192.0,177.0,177.0,1.125,1.0,2,0.0,0
2.0,0.1,2.0,New Hampshire,148.3,97,154,154.0,7.0,7.0,7,0.0,0.0,162.1,163.0,188.6,192.0,177.0,177.0,1.0,1.0,1,0.0,0
0.5,0.1,2.0,New Hampshire,148.3,97,154,154.0,6.9,7.0,7,0.0,0.0,162.1,163.0,188.6,192.0,177.0,177.0,1.0,1.0,1,0.0,0
ALL,ALL,ALL,West Virginia,148.51810584958218,83,549,139.0,8.479108635097493,9.0,14,0.0056657223796034,1.0,176.57507082152975,148.0,219.16521739130434,210.0,276.51630434782606,278.0,1.4438502673796791,1.0,4,0.027855153203342618,1
2.0,0.05,2.0,Rhode Island,149.0,126,356,126.0,1.2,1.0,2,0.0,0.0,397.5,397.5,,,,,0.0,0.0,0,0.0,0
0.5,0.01,1.0,Maryland,149.1,131,188,138.0,6.2,6.0,8,0.0,0.0,191.5,188.0,245.9,242.5,237.8,245.5,4.9,4.5,9,0.9,2
2.0,0.01,0.5,Connecticut,149.9,123,161,161.0,4.7,5.0,6,0.0,0.0,168.6,172.0,221.3,212.0,161.3,169.0,7.8,7.5,12,1.0,3
2.0,0.01,1.0,Alabama,150.4,111,210,160.0,4.8,4.5,8,0.0,0.0,221.4,210.0,323.5,334.0,,,0.0,0.0,0,0.2,1
0.5,0.25,1.0,Delaware,150.9,96,157,157.0,3.0,3.0,3,0.0,0.0,205.0,205.0,210.0,210.0,,,0.0,0.0,0,0.0,0
1.0,0.25,1.0,Delaware,150.9,96,157,157.0,3.0,3.0,3,0.0,0.0,206.5,205.0,285.0,255.0,388.25,392.0,1.25,1.0,2,0.0,0
2.0,0.25,2.0,Delaware,150.9,96,157,157.0,3.0,3.0,3,0.0,0.0,205.5,205.0,229.0,210.0,382.0,377.0,1.3333333333333333,1.0,2,0.0,0
2.0,0.25,0.5,Delaware,150.9,96,157,157.0,3.0,3.0,3,0.0,0.0,216.5,207.5,323.0,350.0,392.0,392.0,1.0,1.0,1,0.0,0
2.0,0.01,0.5,New Jersey,151.3,130,253,130.0,5.3,5.0,6,0.0,0.0,212.7,209.0,268.5,254.0,266.6,276.5,4.1,4.0,7,0.0,0
2.0,0.01,1.0,North Carolina,151.7,124,225,133.0,15.0,15.5,17,0.0,0.0,195.6,215.0,219.0,225.0,337.0,292.0,2.8,3.0,6,1.6,3
0.5,0.01,1.0,Alabama,151.9,111,225,160.0,2.6,3.0,4,0.0,0.0,197.5,210.0,333.3333333333333,334.0,,,0.0,0.0,0,0.0,0
2.0,0.01,2.0,Maryland,152.8,129,188,131.0,9.4,9.5,11,0.0,0.0,184.8,194.0,206.2,207.0,247.5,227.0,6.1,5.5,10,1.1,3
0.5,0.05,1.0,Maine,153.0,109,181,173.5,5.2,5.0,7,0.1,1.0,194.4,186.5,251.6,240.5,,,0.0,0.0,0,0.8,2
0.5,0.01,2.0,New Jersey,153.1,130,253,130.0,4.4,5.0,6,0.0,0.0,234.0,228.5,253.44444444444446,231.0,279.1111111111111,274.0,4.333333333333333,5.0,6,0.0,0
1.0,0.05,2.0,New Hampshire,154.0,154,154,154.0,6.9,7.0,7,0.0,0.0,163.0,163.0,194.0,192.0,177.0,177.0,1.0,1.0,1,0.0,0
1.0,0.05,0.5,New Hampshire,154.0,154,154,154.0,5.8,5.5,7,0.0,0.0,163.0,163.0,191.5,192.0,177.0,177.0,1.0,1.0,1,0.0,0
0.5,0.05,1.0,New Hampshire,154.0,154,154,154.0,5.3,5.0,6,0.0,0.0,163.0,163.0,193.5,192.0,180.0,177.0,1.0,1.0,1,0.0,0
1.0,0.05,1.0,New Hampshire,154.0,154,154,154.0,6.6,7.0,7,0.0,0.0,163.0,163.0,191.5,192.0,177.0,177.0,1.0,1.0,1,0.0,0
0.5,0.05,0.5,New Hampshire,154.0,154,154,154.0,4.4,5.0,5,0.0,0.0,163.0,163.0,191.5,192.0,178.66666666666666,177.0,1.0,1.0,1,0.0,0
0.5,0.05,2.0,New Hampshire,154.0,154,154,154.0,6.6,7.0,7,0.0,0.0,163.0,163.0,192.0,192.0,177.0,177.0,1.0,1.0,1,0.0,0
2.0,0.05,0.5,New Hampshire,154.0,154,154,154.0,6.9,7.0,7,0.0,0.0,163.0,163.0,190.5,192.0,177.0,177.0,1.1666666666666667,1.0,2,0.0,0
2.0,0.25,0.5,New Hampshire,154.0,154,154,154.0,7.0,7.0,7,0.0,0.0,163.0,163.0,190.5,192.0,177.0,177.0,1.0,1.0,1,0.0,0
2.0,0.05,2.0,New Hampshire,154.0,154,154,154.0,6.7,7.0,7,0.0,0.0,163.0,163.0,191.5,192.0,177.0,177.0,1.0,1.0,1,0.0,0
2.0,0.1,0.5,New Hampshire,154.0,154,154,154.0,6.9,7.0,7,0.0,0.0,163.0,163.0,192.0,192.0,177.0,177.0,1.0,1.0,1,0.0,0
1.0,0.1,1.0,New Hampshire,154.0,154,154,154.0,7.0,7.0,7,0.0,0.0,163.0,163.0,192.0,192.0,177.0,177.0,1.0,1.0,1,0.0,0
2.0,0.01,0.5,Maryland,154.0,130,208,142.0,8.2,8.0,9,0.0,0.0,191.0,194.0,228.1,216.0,237.4,225.5,5.6,5.5,10,0.9,2
1.0,0.01,0.5,Connecticut,154.1,119,172,161.0,4.2,4.0,6,0.0,0.0,189.0,172.0,260.9,248.0,178.66666666666666,186.0,5.1,5.5,8,0.6,2
0.5,0.01,0.5,Vermont,154.5,51,187,169.0,7.6,7.5,11,0.4,4.0,193.9,185.5,217.7,217.5,173.5,201.5,4.9,3.5,16,3.7,6
0.5,0.05,0.5,Maine,155.2,109,181,173.5,3.0,3.0,5,0.0,0.0,188.8,197.5,222.16666666666666,221.0,,,0.0,0.0,0,0.8,2
0.5,0.01,2.0,Alabama,155.3,111,210,160.0,4.4,4.5,6,0.0,0.0,226.4,210.0,346.77777777777777,389.0,,,0.0,0.0,0,0.0,0
2.0,0.01,1.0,Connecticut,155.4,123,161,161.0,5.5,6.0,6,0.0,0.0,176.0,172.0,212.3,212.0,173.4,180.5,7.1,7.0,10,0.7,2
2.0,0.01,2.0,Connecticut,155.8,112,172,161.0,5.6,6.0,6,0.0,0.0,180.6,170.0,220.1,196.0,196.2,199.5,7.0,6.5,10,0.5,1
1.0,0.05,2.0,Delaware,157.0,157,157,157.0,2.3,2.0,3,0.0,0.0,362.77777777777777,300.0,461.25,485.0,345.5,345.5,1.0,1.0,1,0.0,0
1.0,0.25,0.5,Delaware,157.0,157,157,157.0,2.5,2.5,3,0.0,0.0,208.0,210.0,233.0,210.0,,,0.0,0.0,0,0.0,0
1.0,0.25,2.0,Delaware,157.0,157,157,157.0,3.0,3.0,3,0.0,0.0,216.5,207.5,322.0,305.0,392.0,392.0,1.0,1.0,1,0.0,0
2.0,0.05,1.0,Delaware,157.0,157,157,157.0,2.5,2.5,3,0.0,0.0,253.5,255.0,394.0,400.0,,,0.0,0.0,0,0.0,0
0.5,0.25,0.5,Delaware,157.0,157,157,157.0,2.1,2.0,3,0.0,0.0,205.0,205.0,210.0,210.0,,,0.0,0.0,0,0.0,0
2.0,0.1,1.0,Delaware,157.0,157,157,157.0,2.6,3.0,3,0.0,0.0,262.9,210.0,438.1666666666667,474.5,389.5,392.0,1.0,1.0,1,0.0,0
1.0,0.1,0.5,Delaware,157.0,157,157,157.0,2.4,2.0,3,0.0,0.0,244.5,210.0,312.5,312.5,,,0.0,0.0,0,0.0,0
0.5,0.1,1.0,Delaware,157.0,157,157,157.0,1.6,2.0,2,0.0,0.0,224.16666666666666,210.0,,,,,0.0,0.0,0,0.0,0
1.0,0.1,2.0,Delaware,157.0,157,157,157.0,2.6,3.0,3,0.0,0.0,253.5,255.0,295.0,312.5,384.5,384.5,1.0,1.0,1,0.0,0
2.0,0.1,2.0,Delaware,157.0,157,157,157.0,2.7,3.0,3,0.0,0.0,226.5,210.0,411.14285714285717,400.0,392.0,392.0,1.0,1.0,1,0.0,0
0.5,0.01,0.5,Delaware,157.0,157,157,157.0,1.0,1.0,1,,,,,,,185.0,185.0,1.0,1.0,1,0.0,0
0.5,0.1,2.0,Delaware,157.0,157,157,157.0,2.7,3.0,3,0.0,0.0,253.4,210.0,375.0,400.0,392.0,392.0,1.0,1.0,1,0.0,0
1.0,0.1,1.0,Delaware,157.0,157,157,157.0,2.8,3.0,3,0.0,0.0,225.0,205.0,302.5,300.0,392.0,392.0,1.0,1.0,1,0.0,0
ALL,ALL,ALL,Maine,157.24722222222223,105,331,109.0,6.133333333333334,6.0,11,0.056022408963585436,2.0,192.2829131652661,174.0,245.95043731778426,218.0,439.53846153846155,460.0,0.04924242424242424,0.0,1,1.136111111111111,3
1.0,0.01,0.5,Vermont,157.3,51,185,175.5,9.2,9.0,11,0.2,1.0,180.1,179.5,196.8,200.0,129.2,149.0,6.3,3.5,17,4.1,7
1.0,0.01,2.0,New Jersey,158.4,130,244,130.0,5.7,6.0,7,0.0,0.0,219.4,213.0,249.8,254.0,307.9,274.0,3.9,3.5,7,0.0,0
1.0,0.01,1.0,Arkansas,158.9,88,278,136.0,5.4,5.5,8,0.0,0.0,262.6,282.0,306.9,292.0,136.33333333333334,111.0,3.0,2.0,6,0.7,2
0.5,0.01,2.0,Connecticut,159.0,151,161,161.0,5.5,6.0,7,0.0,0.0,169.2,172.0,241.4,196.0,200.2,186.0,6.0,6.0,9,0.5,1
2.0,0.01,1.0,South Carolina,159.2,57,260,197.0,6.8,7.0,10,0.0,0.0,270.3,272.0,315.3,290.0,255.9,267.5,2.5,1.5,6,0.2,1
2.0,0.01,1.0,Maryland,159.8,131,196,150.5,8.8,9.0,12,0.0,0.0,189.3,197.0,210.7,208.0,188.7,177.5,7.3,8.0,11,1.5,3
1.0,0.01,0.5,Alabama,160.2,111,210,160.0,2.8,2.5,5,0.0,0.0,237.0,210.0,274.4,334.0,,,0.0,0.0,0,0.0,0
0.5,0.05,1.0,Delaware,160.4,157,191,157.0,1.6,1.5,3,0.0,0.0,226.0,210.0,300.0,300.0,,,0.0,0.0,0,0.0,0
0.5,0.05,2.0,Delaware,160.4,157,191,157.0,2.0,2.0,3,0.0,0.0,265.0,300.0,350.0,350.0,392.0,392.0,1.0,1.0,1,0.0,0
0.5,0.1,0.5,Delaware,160.4,157,191,157.0,1.8,2.0,3,0.0,0.0,207.14285714285714,205.0,210.0,210.0,,,0.0,0.0,0,0.0,0
0.5,0.01,0.5,Connecticut,160.6,130,177,161.0,3.1,3.0,5,0.0,0.0,199.4,172.0,282.85714285714283,269.0,169.44444444444446,186.0,3.3333333333333335,3.0,6,0.2,1
0.5,0.01,1.0,New Jersey,160.7,130,253,130.0,3.3,3.5,5,0.0,0.0,265.5,225.5,270.0,258.5,298.5,283.5,2.8,2.0,8,0.0,0
1.0,0.05,0.5,Delaware,161.8,157,205,157.0,1.9,2.0,2,0.0,0.0,288.77777777777777,300.0,,,299.0,299.0,1.0,1.0,1,0.0,0
2.0,0.01,2.0,New Jersey,161.8,130,234,130.0,6.2,6.0,8,0.0,0.0,219.6,213.0,245.3,248.5,294.4,276.5,4.0,4.0,8,0.0,0
1.0,0.01,0.5,Arkansas,161.9,88,282,146.5,3.7,4.0,6,0.0,0.0,239.0,282.0,306.22222222222223,292.0,139.8,92.0,2.0,2.0,5,0.4,1
2.0,0.05,2.0,Delaware,162.3,157,210,157.0,2.5,2.5,3,0.0,0.0,279.6,300.0,391.6,400.0,,,0.0,0.0,0,0.0,0
2.0,0.05,0.5,Rhode Island,162.5,126,491,126.0,1.2,1.0,2,0.0,0.0,304.0,304.0,,,,,0.0,0.0,0,0.0,0
0.5,0.01,0.5,Louisiana,162.5,90,235,162.5,1.0,1.0,1,,,,,,,,,0.0,0.0,0,0.0,0
0.5,0.05,0.5,Delaware,163.625,157,210,157.0,1.25,1.0,3,0.0,0.0,205.0,205.0,300.0,300.0,,,0.0,0.0,0,0.0,0
0.5,0.01,1.0,Connecticut,164.3,161,172,161.0,3.8,4.0,6,0.0,0.0,198.7,174.5,286.55555555555554,317.0,157.5,177.5,4.2,4.0,7,0.3,2
0.5,0.01,0.5,New Jersey,164.9,130,254,130.0,3.1,2.5,6,0.0,0.0,218.77777777777777,217.0,256.8,244.0,283.5,274.0,2.125,2.0,4,0.0,0
1.0,0.01,1.0,New Jersey,165.1,120,234,130.0,4.8,5.0,6,0.0,0.0,212.4,206.0,266.6,258.5,265.8,276.5,3.3,3.0,6,0.0,0
2.0,0.01,0.5,Alabama,165.2,111,210,160.0,4.8,4.5,7,0.0,0.0,237.7,210.0,343.2,384.5,,,0.0,0.0,0,0.0,0
ALL,ALL,ALL,New Hampshire,165.6638888888889,97,318,154.0,6.027777777777778,6.0,7,0.0,0.0,190.1476323119777,163.0,221.66852367688023,192.0,187.60294117647058,177.0,1.0294117647058822,1.0,2,0.0,0
ALL,ALL,ALL,Rhode Island,165.82467532467533,126,491,126.0,1.3344155844155845,1.0,3,0.0,0.0,314.3958333333333,304.0,356.0,356.0,,,0.0,0.0,0,0.0,0
0.5,0.01,1.0,Vermont,166.0,146,185,167.5,9.2,9.5,12,0.6,3.0,186.8,184.5,212.7,224.0,187.1,188.5,4.6,3.5,13,4.2,7
0.5,0.01,0.5,Maryland,166.1,131,251,151.0,5.6,5.5,8,0.0,0.0,220.1,229.0,251.3,267.0,320.3,322.0,2.7,2.5,6,0.8,2
1.0,0.01,0.5,Maryland,167.6,131,207,184.0,6.1,6.0,8,0.0,0.0,190.1,200.5,212.0,206.5,246.2,227.0,5.1,4.5,12,1.1,2
1.0,0.01,1.0,North Carolina,168.1,124,310,148.5,10.9,10.5,16,0.0,0.0,199.4,184.0,241.9,218.0,263.85714285714283,286.0,2.3333333333333335,2.0,4,1.5,3
2.0,0.1,0.5,Delaware,168.5,157,272,157.0,2.6,3.0,3,0.0,0.0,226.0,210.0,346.6666666666667,300.0,392.0,392.0,1.0,1.0,1,0.0,0
2.0,0.01,0.5,Arkansas,169.8,88,278,173.0,5.9,6.0,7,0.1,1.0,283.6,282.0,305.9,292.0,206.77777777777777,111.0,2.9,3.5,4,1.1,2
1.0,0.01,2.0,Maryland,170.2,122,251,159.5,8.6,8.5,11,0.0,0.0,195.8,206.5,208.4,207.5,202.8,206.0,6.0,6.0,8,1.5,2
1.0,0.01,0.5,New Jersey,170.4,130,253,130.0,3.8,4.0,5,0.0,0.0,221.0,234.0,249.44444444444446,254.0,280.44444444444446,274.0,3.4444444444444446,3.0,6,0.0,0
2.0,0.01,0.5,South Carolina,174.7,57,260,197.0,6.5,6.5,9,0.0,0.0,232.8,242.5,266.8,273.0,267.1111111111111,294.0,1.7777777777777777,2.0,3,0.1,1
2.0,0.01,0.5,West Virginia,175.1,139,239,161.5,5.5,5.0,7,0.1,1.0,236.6,233.0,276.9,244.0,283.75,223.5,1.5,1.5,2,0.2,1
2.0,0.01,2.0,Alabama,175.3,111,210,210.0,5.1,5.0,8,0.0,0.0,306.9,361.5,360.5,399.0,,,0.0,0.0,0,0.2,1
1.0,0.25,2.0,Mississippi,176.3,130,209,203.5,10.0,10.0,12,0.0,0.0,210.7,210.0,225.0,222.0,479.5,479.5,1.0,1.0,1,0.0,0
2.0,0.01,2.0,West Virginia,176.5,139,239,161.5,5.4,5.5,7,0.1,1.0,251.1,227.0,286.5,239.0,375.5,443.0,1.1111111111111112,1.0,3,0.2,1
0.5,0.01,1.0,Arkansas,177.2,88,292,146.5,2.7,3.0,5,0.0,0.0,298.0,292.0,326.5,329.5,92.5,104.0,1.0,1.0,1,0.0,0
0.5,0.01,0.5,North Carolina,178.7,124,218,203.0,4.8,5.0,7,0.1,1.0,236.9,235.5,250.625,228.0,258.0,292.0,1.0,1.0,2,0.1,1
2.0,0.05,0.5,Delaware,181.1,157,345,157.0,2.1,2.0,3,0.0,0.0,331.0,300.0,400.0,400.0,392.0,392.0,1.0,1.0,1,0.0,0
1.0,0.01,0.5,Louisiana,181.44444444444446,90,304,195.0,2.0,1.0,4,0.0,0.0,259.25,249.0,304.0,304.0,280.0,280.0,1.0,1.0,1,0.0,0
2.0,0.25,1.0,Mississippi,183.1,130,209,203.5,11.8,12.0,13,0.0,0.0,211.4,210.0,224.4,222.0,504.8,532.0,1.0,1.0,1,0.0,0
2.0,0.25,2.0,Mississippi,183.1,130,209,203.5,13.3,13.5,14,0.0,0.0,212.5,210.0,224.9,223.0,561.25,606.0,1.0,1.0,1,0.0,0
2.0,0.01,1.0,West Virginia,187.7,107,228,210.0,5.5,6.0,7,0.0,0.0,230.5,232.0,320.8,289.5,249.0,274.5,1.0,1.0,1,0.1,1
2.0,0.01,2.0,South Carolina,189.4,57,286,197.0,7.2,7.0,10,0.0,0.0,255.3,275.0,331.7,345.0,230.5,191.5,1.75,1.0,4,0.6,2
2.0,0.01,1.0,Arkansas,190.1,88,278,201.0,7.3,7.5,8,0.0,0.0,250.0,276.0,287.4,287.0,158.11111111111111,28.0,3.4444444444444446,3.0,6,0.8,2
1.0,0.01,2.0,South Carolina,191.0,57,260,197.0,7.3,7.0,11,0.0,0.0,267.5,260.0,312.4,290.0,278.1111111111111,296.0,2.111111111111111,2.0,6,0.4,1
2.0,0.01,2.0,Louisiana,191.2,90,304,194.0,3.0,3.0,4,0.0,0.0,293.2,304.0,394.0,373.0,,,0.0,0.0,0,0.0,0
2.0,0.25,0.5,Mississippi,192.1,130,209,209.0,9.1,9.5,10,0.0,0.0,212.0,210.0,226.7,229.0,,,0.0,0.0,0,0.0,0
0.5,0.01,2.0,Maryland,193.5,131,260,200.0,7.6,8.0,9,0.0,0.0,212.5,209.5,274.1,242.5,288.0,310.0,6.5,6.5,12,1.4,2
ALL,ALL,ALL,Delaware,193.56811594202898,96,461,157.0,2.197101449275362,2.0,3,0.0,0.0,256.19101123595505,210.0,312.85616438356163,300.0,372.6307692307692,392.0,1.0461538461538462,1.0,2,0.0,0
1.0,0.05,1.0,Delaware,193.7,157,456,157.0,2.3,2.0,3,0.0,0.0,310.0,300.0,375.0,400.0,387.0,392.0,1.0,1.0,1,0.0,0
0.5,0.25,2.0,Mississippi,196.7,130,209,203.5,9.3,9.0,11,0.0,0.0,211.1,210.0,223.0,221.0,,,0.0,0.0,0,0.0,0
1.0,0.01,0.5,West Virginia,197.3,139,373,161.5,2.7,3.0,4,0.0,0.0,284.1111111111111,227.0,269.6666666666667,244.0,273.75,238.5,1.25,1.0,2,0.2,1
1.0,0.25,1.0,Mississippi,197.8,130,209,209.0,9.2,9.0,10,0.0,0.0,214.6,210.0,224.9,223.0,,,0.0,0.0,0,0.0,0
1.0,0.01,1.0,Louisiana,198.66666666666666,90,304,176.0,2.111111111111111,2.0,4,0.0,0.0,280.3333333333333,304.0,342.0,304.0,,,0.0,0.0,0,0.0,0
0.5,0.25,1.0,Mississippi,200.0,130,209,209.0,5.8,6.0,7,0.0,0.0,213.2,210.0,236.6,229.0,,,0.0,0.0,0,0.0,0
0.5,0.25,0.5,Mississippi,200.44444444444446,130,210,209.0,3.0,3.0,4,0.0,0.0,213.25,210.0,226.42857142857142,229.0,,,0.0,0.0,0,0.0,0
0.5,0.01,2.0,West Virginia,200.88888888888889,139,239,210.0,4.333333333333333,4.0,7,0.0,0.0,292.44444444444446,244.0,362.1111111111111,295.0,355.3333333333333,296.0,1.3333333333333333,1.0,2,0.0,0
1.0,0.01,2.0,West Virginia,201.0,107,448,143.5,5.7,5.5,8,0.0,0.0,292.9,241.5,337.4,264.0,299.0,296.0,1.6666666666666667,2.0,2,0.1,1
2.0,0.1,1.0,Mississippi,202.0,130,217,209.0,9.4,9.0,12,0.0,0.0,225.7,226.0,243.5,238.0,,,0.0,0.0,0,0.0,0
0.5,0.01,1.0,West Virginia,204.3,139,244,216.5,3.2,3.5,6,0.0,0.0,246.75,241.5,304.14285714285717,284.0,144.0,144.0,1.0,1.0,2,0.1,1
0.5,0.01,2.0,New Hampshire,204.5,163,288,192.0,4.8,5.0,5,0.0,0.0,275.8,288.0,331.1,316.0,,,0.0,0.0,0,0.0,0
1.0,0.01,0.5,New Hampshire,205.6,154,288,202.0,4.6,4.5,6,0.0,0.0,260.2,288.0,310.7,316.0,177.0,177.0,1.0,1.0,1,0.0,0
1.0,0.25,0.5,Mississippi,206.8,198,209,209.0,7.5,7.5,9,0.0,0.0,213.2,210.0,227.4,223.0,403.0,403.0,1.0,1.0,1,0.0,0
1.0,0.1,1.0,Mississippi,207.0,198,210,209.0,6.6,7.0,8,0.0,0.0,225.3,223.0,240.4,244.5,,,0.0,0.0,0,0.0,0
0.5,0.1,0.5,Mississippi,207.3,130,229,209.5,2.3,2.0,4,0.0,0.0,237.625,226.0,255.5,229.0,,,0.0,0.0,0,0.0,0
0.5,0.05,2.0,Mississippi,208.0,198,210,209.0,5.5,5.5,8,0.0,0.0,228.2,233.5,249.3,244.5,,,0.0,0.0,0,0.0,0
2.0,0.1,2.0,Mississippi,208.0,198,210,209.0,10.9,11.0,12,0.0,0.0,221.0,221.0,238.3,238.0,427.0,427.0,1.0,1.0,1,0.0,0
0.5,0.1,2.0,Mississippi,209.8,198,238,209.0,6.8,6.5,10,0.0,0.0,225.8,222.0,240.8,229.0,403.0,403.0,1.0,1.0,1,0.0,0
2.0,0.1,0.5,Mississippi,210.3,209,221,209.0,7.8,8.0,10,0.0,0.0,219.6,219.0,231.8,226.0,,,0.0,0.0,0,0.0,0
1.0,0.01,1.0,South Carolina,212.5,129,334,197.0,5.5,5.0,9,0.0,0.0,281.7,260.0,334.5,285.0,318.125,349.0,1.25,1.0,2,0.0,0
1.0,0.1,2.0,Mississippi,212.9,198,221,210.0,8.4,9.0,11,0.0,0.0,227.9,230.5,244.7,251.0,532.0,532.0,1.0,1.0,1,0.0,0
0.5,0.01,2.0,Louisiana,213.4,90,373,193.0,1.8,2.0,2,0.0,0.0,336.875,304.0,,,,,0.0,0.0,0,0.0,0
1.0,0.01,2.0,New Hampshire,214.1,163,288,192.0,5.0,5.0,6,0.0,0.0,286.6,288.0,323.3,316.0,542.0,542.0,1.0,1.0,1,0.0,0
2.0,0.05,2.0,Mississippi,214.3,198,250,209.5,9.0,9.0,11,0.0,0.0,229.5,223.0,258.0,251.0,493.4,427.0,1.0,1.0,1,0.0,0
2.0,0.01,1.0,New Hampshire,214.6,163,288,207.0,5.6,5.5,7,0.0,0.0,261.3,268.0,330.9,316.0,542.0,542.0,1.0,1.0,1,0.0,0
2.0,0.01,0.5,Louisiana,216.5,90,304,195.0,3.2,3.5,5,0.0,0.0,323.44444444444446,304.0,378.42857142857144,304.0,,,0.0,0.0,0,0.0,0
1.0,0.05,2.0,Mississippi,217.2,209,238,210.0,7.2,7.5,9,0.0,0.0,239.4,238.0,263.6,272.0,532.0,532.0,1.0,1.0,1,0.0,0
0.5,0.1,1.0,Mississippi,217.4,209,251,209.5,4.1,4.0,7,0.0,0.0,231.8,226.0,265.7,261.5,,,0.0,0.0,0,0.0,0
2.0,0.05,0.5,Mississippi,217.9,198,250,209.0,6.0,6.0,8,0.0,0.0,231.6,233.5,256.7,244.5,,,0.0,0.0,0,0.0,0
2.0,0.01,2.0,Mississippi,218.2,155,304,223.5,4.1,4.0,7,0.0,0.0,304.0,304.0,346.5,319.5,580.0,580.0,1.0,1.0,1,0.0,0
1.0,0.05,1.0,Mississippi,220.2,209,238,216.0,5.8,5.5,7,0.0,0.0,232.6,238.0,254.1,251.0,,,0.0,0.0,0,0.0,0
ALL,ALL,ALL,Mississippi,220.4093567251462,130,355,209.0,6.052631578947368,6.0,14,0.0,0.0,248.05806451612904,223.0,258.0925925925926,238.0,487.67857142857144,479.5,1.0,1.0,1,0.0,0
1.0,0.01,2.0,Louisiana,221.0,90,304,214.0,3.1,3.0,5,0.0,0.0,306.9,304.0,423.8333333333333,435.0,,,0.0,0.0,0,0.0,0
0.5,0.01,1.0,Louisiana,221.0,90,304,236.0,1.25,1.0,2,0.0,0.0,338.5,338.5,,,,,0.0,0.0,0,0.0,0
2.0,0.01,2.0,New Hampshire,222.5,154,316,202.0,5.6,6.0,7,0.0,0.0,278.8,280.5,317.2,316.0,234.0,234.0,1.0,1.0,1,0.0,0
1.0,0.01,1.0,New Hampshire,223.1,163,318,203.0,5.3,5.5,7,0.0,0.0,279.3,273.0,334.7,316.0,,,0.0,0.0,0,0.0,0
0.5,0.01,2.0,South Carolina,224.1,57,400,228.5,4.8,4.5,7,0.0,0.0,314.5,286.0,399.8,416.5,279.6,342.0,0.7142857142857143,1.0,1,0.2,1
0.5,0.01,1.0,New Hampshire,224.9,192,288,211.0,4.1,4.0,5,0.0,0.0,287.7,288.0,316.5,316.0,,,0.0,0.0,0,0.0,0
1.0,0.1,0.5,Mississippi,225.5,209,251,215.0,4.6,4.5,7,0.0,0.0,242.5,250.5,264.3,261.5,,,0.0,0.0,0,0.0,0
2.0,0.01,0.5,New Hampshire,226.9,163,288,221.5,5.4,5.5,6,0.0,0.0,270.9,275.5,314.6,316.0,446.0,446.0,1.0,1.0,1,0.0,0
1.0,0.01,1.0,West Virginia,227.6,139,549,162.0,4.5,5.0,7,0.0,0.0,307.2,244.0,353.0,295.0,391.0,391.0,3.0,3.0,3,0.0,0
0.5,0.05,0.5,Mississippi,229.28571428571428,209,335,210.0,1.7142857142857142,2.0,3,0.0,0.0,275.75,279.0,335.0,335.0,,,0.0,0.0,0,0.0,0
0.5,0.01,0.5,New Hampshire,229.3,154,288,250.0,3.1,3.0,4,0.0,0.0,277.6666666666667,288.0,320.6666666666667,316.0,177.0,177.0,1.0,1.0,1,0.0,0
2.0,0.05,1.0,Mississippi,229.8,209,251,238.0,9.0,8.5,11,0.0,0.0,244.9,251.0,258.5,272.0,,,0.0,0.0,0,0.0,0
0.5,0.05,1.0,Mississippi,230.3,209,275,209.0,2.5,2.0,5,0.0,0.0,264.625,261.5,298.75,303.5,,,0.0,0.0,0,0.0,0
0.5,0.01,0.5,West Virginia,230.9,184,373,223.0,2.1,2.0,3,0.0,0.0,240.28571428571428,244.0,326.5,334.0,,,0.0,0.0,0,0.1,1
1.0,0.01,0.5,Maine,234.1,174,288,252.0,3.5,3.0,6,0.0,0.0,293.6,289.5,317.125,331.0,,,0.0,0.0,0,0.1,1
1.0,0.05,0.5,Mississippi,236.6,209,350,209.5,3.3,3.5,5,0.0,0.0,256.22222222222223,251.0,278.0,272.0,,,0.0,0.0,0,0.0,0
1.0,0.01,2.0,Maine,239.3,109,314,252.0,4.5,4.0,7,0.0,0.0,309.1,324.0,358.9,331.0,460.0,460.0,0.25,0.0,1,0.3,1
0.5,0.01,1.0,Maine,241.0,174,317,240.5,3.4,3.5,5,0.2,1.0,308.1,324.0,331.875,331.0,,,0.0,0.0,0,0.2,1
2.0,0.01,2.0,Maine,244.3,174,314,252.0,4.7,4.5,6,0.0,0.0,299.9,317.0,357.9,331.0,,,0.0,0.0,0,0.5,2
1.0,0.01,0.5,South Carolina,252.3,57,433,260.0,3.3,3.0,7,0.0,0.0,356.0,394.5,391.2857142857143,435.0,322.8,308.0,1.0,1.0,1,0.0,0
2.0,0.01,0.5,Maine,253.5,174,314,271.5,4.4,4.0,6,0.1,1.0,301.8,331.0,361.3333333333333,336.0,460.0,460.0,0.16666666666666666,0.0,1,0.5,1
0.5,0.01,1.0,South Carolina,255.88888888888889,129,435,260.0,2.6666666666666665,2.0,5,0.0,0.0,291.8333333333333,260.0,386.0,412.5,,,0.0,0.0,0,0.0,0
2.0,0.01,0.5,Mississippi,256.4,210,304,238.0,2.9,3.0,4,0.0,0.0,316.0,304.0,363.5,342.5,359.0,359.0,1.0,1.0,1,0.0,0
0.5,0.01,0.5,Mississippi,258.4,209,350,251.0,1.0,1.0,1,,,,,,,258.0,258.0,1.0,1.0,1,0.0,0
1.0,0.01,1.0,Maine,261.2,174,331,283.0,4.0,4.0,6,0.2,2.0,316.0,331.0,371.4,333.5,,,0.0,0.0,0,0.5,2
2.0,0.01,1.0,Louisiana,263.8,176,455,235.0,3.5,4.0,6,0.0,0.0,299.625,304.0,375.57142857142856,373.0,,,0.0,0.0,0,0.0,0
1.0,0.01,2.0,Mississippi,264.0,198,304,272.5,2.5,2.0,5,0.0,0.0,346.1111111111111,304.0,397.0,312.0,580.0,580.0,1.0,1.0,1,0.0,0
0.5,0.01,1.0,Delaware,264.0,157,456,268.0,1.0,1.0,1,,,,,,,299.0,299.0,1.0,1.0,1,0.0,0
0.5,0.01,2.0,Mississippi,266.5,209,304,277.0,2.4,2.0,5,0.0,0.0,351.2857142857143,275.0,304.0,304.0,,,0.0,0.0,0,0.0,0
1.0,0.01,2.0,Delaware,268.1,157,456,198.0,1.5,1.0,3,0.0,0.0,358.75,339.5,456.0,456.0,356.0,354.5,1.0,1.0,1,0.0,0
1.0,0.01,1.0,Mississippi,268.5,217,304,269.0,2.2,2.0,3,0.0,0.0,339.0,304.0,518.0,574.0,,,0.0,0.0,0,0.0,0
0.5,0.01,1.0,Mississippi,272.5,238,335,244.5,1.3333333333333333,1.0,2,0.0,0.0,397.0,397.0,,,,,0.0,0.0,0,0.0,0
2.0,0.01,1.0,Mississippi,279.4,155,304,304.0,2.0,2.0,3,0.0,0.0,444.5,439.5,472.0,472.0,,,0.0,0.0,0,0.0,0
1.0,0.01,0.5,Mississippi,282.0,209,355,273.0,1.0,1.0,1,,,,,,,,,0.0,0.0,0,0.0,0
0.5,0.01,2.0,Maine,282.3,174,317,298.5,4.3,4.0,8,0.0,0.0,315.2,331.0,360.5,333.5,,,0.0,0.0,0,0.3,1
0.5,0.01,0.5,Maine,286.2,221,331,317.0,2.1,2.0,4,0.0,0.0,322.0,329.0,335.3333333333333,336.0,,,0.0,0.0,0,0.0,0
2.0,0.01,1.0,Maine,292.4,221,317,296.0,4.0,4.0,5,0.1,1.0,341.7,331.0,415.8,417.0,,,0.0,0.0,0,0.5,2
0.5,0.01,2.0,Delaware,298.8,157,456,268.0,1.3,1.0,2,0.0,0.0,385.3333333333333,400.0,,,299.0,299.0,1.0,1.0,1,0.0,0
1.0,0.01,0.5,Delaware,299.3333333333333,157,456,300.0,1.5555555555555556,2.0,2,0.0,0.0,402.4,400.0,,,338.5,338.5,1.0,1.0,1,0.0,0
1.0,0.01,0.5,Rhode Island,308.5,126,491,308.5,1.0,1.0,1,,,,,,,,,0.0,0.0,0,0.0,0
1.0,0.01,1.0,Delaware,310.7,157,456,300.0,1.4,1.0,2,0.0,0.0,436.75,456.0,,,,,0.0,0.0,0,0.0,0
0.5,0.01,0.5,South Carolina,314.0,57,433,356.0,1.4285714285714286,1.0,2,0.0,0.0,369.0,390.0,,,,,0.0,0.0,0,0.0,0
2.0,0.01,1.0,Delaware,320.4,157,456,300.0,1.6,1.5,3,0.0,0.0,433.2,456.0,461.0,461.0,,,0.0,0.0,0,0.0,0
2.0,0.01,2.0,Delaware,356.8,157,456,456.0,1.1,1.0,2,0.0,0.0,300.0,300.0,,,299.0,299.0,1.0,1.0,1,0.0,0
2.0,0.01,0.5,Delaware,396.7,157,461,456.0,1.1,1.0,2,0.0,0.0,379.0,379.0,,,,,0.0,0.0,0,0.0,0
2.0,0.01,0.5,Rhode Island,408.8888888888889,126,491,491.0,1.1111111111111112,1.0,2,0.0,0.0,491.0,491.0,,,,,0.0,0.0,0,0.0,0
2.0,0.01,1.0,Rhode Island,445.375,126,491,491.0,1.0,1.0,1,,,,,,,,,0.0,0.0,0,0.0,0
1.0,0.01,2.0,Rhode Island,450.44444444444446,126,491,491.0,1.0,1.0,1,,,,,,,,,0.0,0.0,0,0.0,0
2.0,0.01,2.0,Rhode Island,491.0,491,491,491.0,1.0,1.0,1,,,,,,,,,0.0,0.0,0,0.0,0
