alpha,beta,gamma,state,mean_first_intro_day,earliest_first_intro_day,latest_first_intro_day,median_first_intro_day,mean_intro_count,median_intro_count,max_intro_count,mean_cumu_before_second_intro,max_cumu_before_second_intro,mean_intro_day_2,median_intro_day_2,mean_intro_day_3,median_intro_day_3,mean_first_export_day,median_first_export_day,mean_export_count,median_export_count,max_export_count,mean_total_cumu_cases,max_total_cumu_cases
0.5,0.01,0.5,Texas,28.0,28,28,28.0,27.8,27.5,34,0.0,0.0,28.0,28.0,28.0,28.0,32.8,30.0,45.4,45.5,52,25.1,28
0.5,0.01,1.0,Texas,28.0,28,28,28.0,32.6,32.5,41,0.0,0.0,28.0,28.0,28.0,28.0,30.0,30.0,53.1,53.0,61,27.0,32
1.0,0.01,0.5,Texas,28.0,28,28,28.0,34.0,32.5,39,0.0,0.0,28.0,28.0,28.0,28.0,32.4,30.0,61.6,62.5,75,29.9,36
0.5,0.05,0.5,Texas,28.0,28,28,28.0,44.5,45.0,49,0.0,0.0,28.0,28.0,28.0,28.0,30.0,30.0,55.8,56.0,59,30.2,36
0.5,0.1,0.5,Texas,28.0,28,28,28.0,47.9,48.0,52,0.0,0.0,28.0,28.0,28.0,28.0,30.0,30.0,55.5,55.5,61,31.5,35
1.0,0.01,1.0,Texas,28.0,28,28,28.0,41.4,41.5,46,0.0,0.0,28.0,28.0,28.0,28.0,30.9,30.0,74.1,75.0,83,32.2,38
0.5,0.01,2.0,Texas,28.0,28,28,28.0,41.2,41.0,49,0.0,0.0,28.0,28.0,28.0,28.0,30.8,30.0,67.9,67.5,78,32.7,38
0.5,0.05,1.0,Texas,28.0,28,28,28.0,49.1,48.5,55,0.0,0.0,28.0,28.0,28.0,28.0,30.0,30.0,65.7,65.5,72,33.8,38
0.5,0.25,0.5,Texas,28.0,28,28,28.0,48.1,48.0,50,0.0,0.0,28.0,28.0,28.0,28.0,30.0,30.0,54.8,55.5,59,34.2,37
0.5,0.1,1.0,Texas,28.0,28,28,28.0,51.4,51.0,55,0.0,0.0,28.0,28.0,28.0,28.0,30.0,30.0,65.9,66.5,70,36.2,41
0.5,0.25,1.0,Texas,28.0,28,28,28.0,55.6,55.0,62,0.0,0.0,28.0,28.0,28.0,28.0,30.0,30.0,66.3,66.5,70,36.5,41
1.0,0.01,2.0,Texas,28.0,28,28,28.0,46.1,44.0,57,0.0,0.0,28.0,28.0,28.0,28.0,30.9,30.0,91.3,91.0,98,37.0,43
0.5,0.05,2.0,Texas,28.0,28,28,28.0,54.3,54.0,58,0.0,0.0,28.0,28.0,28.0,28.0,30.0,30.0,80.1,78.5,89,37.6,41
2.0,0.01,0.5,Texas,28.0,28,28,28.0,43.5,42.5,50,0.0,0.0,28.0,28.0,28.0,28.0,30.0,30.0,82.8,83.0,99,38.3,43
ALL,ALL,ALL,Texas,28.0,28,28,28.0,50.35,53.0,65,0.0,0.0,28.0,28.0,28.0,28.0,30.26388888888889,30.0,79.87777777777778,82.0,109,39.03333333333333,53
1.0,0.05,1.0,Texas,28.0,28,28,28.0,54.9,55.5,59,0.0,0.0,28.0,28.0,28.0,28.0,30.0,30.0,83.6,81.5,96,39.1,42
2.0,0.01,1.0,Texas,28.0,28,28,28.0,45.8,44.5,58,0.0,0.0,28.0,28.0,28.0,28.0,31.3,30.0,87.7,87.5,97,39.3,45
1.0,0.05,0.5,Texas,28.0,28,28,28.0,49.1,48.5,53,0.0,0.0,28.0,28.0,28.0,28.0,30.0,30.0,69.8,69.5,79,39.6,42
1.0,0.1,0.5,Texas,28.0,28,28,28.0,53.6,53.5,58,0.0,0.0,28.0,28.0,28.0,28.0,30.0,30.0,74.0,74.0,83,39.7,43
2.0,0.01,2.0,Texas,28.0,28,28,28.0,46.8,47.0,52,0.0,0.0,28.0,28.0,28.0,28.0,30.4,30.0,92.3,91.5,105,40.1,50
0.5,0.1,2.0,Texas,28.0,28,28,28.0,54.6,54.0,58,0.0,0.0,28.0,28.0,28.0,28.0,30.0,30.0,79.7,81.5,85,40.5,44
0.5,0.25,2.0,Texas,28.0,28,28,28.0,55.5,55.5,59,0.0,0.0,28.0,28.0,28.0,28.0,30.0,30.0,78.9,80.0,83,41.6,45
1.0,0.25,0.5,Texas,28.0,28,28,28.0,53.8,54.5,57,0.0,0.0,28.0,28.0,28.0,28.0,30.0,30.0,72.6,72.5,77,41.8,46
1.0,0.1,2.0,Texas,28.0,28,28,28.0,56.7,56.5,59,0.0,0.0,28.0,28.0,28.0,28.0,30.0,30.0,95.7,96.0,100,41.9,44
2.0,0.05,0.5,Texas,28.0,28,28,28.0,54.3,54.5,65,0.0,0.0,28.0,28.0,28.0,28.0,30.0,30.0,93.3,94.5,101,42.0,47
2.0,0.1,0.5,Texas,28.0,28,28,28.0,56.2,56.5,58,0.0,0.0,28.0,28.0,28.0,28.0,30.0,30.0,93.2,92.5,100,42.3,49
1.0,0.1,1.0,Texas,28.0,28,28,28.0,54.5,55.0,57,0.0,0.0,28.0,28.0,28.0,28.0,30.0,30.0,81.3,81.0,88,42.7,44
2.0,0.25,0.5,Texas,28.0,28,28,28.0,57.0,57.5,62,0.0,0.0,28.0,28.0,28.0,28.0,30.0,30.0,92.2,91.5,96,43.3,49
1.0,0.25,1.0,Texas,28.0,28,28,28.0,56.4,56.5,60,0.0,0.0,28.0,28.0,28.0,28.0,30.0,30.0,84.1,84.0,90,43.6,47
1.0,0.25,2.0,Texas,28.0,28,28,28.0,56.5,56.0,61,0.0,0.0,28.0,28.0,28.0,28.0,30.0,30.0,95.5,95.5,102,44.0,48
2.0,0.1,1.0,Texas,28.0,28,28,28.0,57.3,57.0,63,0.0,0.0,28.0,28.0,28.0,28.0,30.0,30.0,98.6,99.0,106,44.2,50
2.0,0.05,1.0,Texas,28.0,28,28,28.0,54.4,55.0,60,0.0,0.0,28.0,28.0,28.0,28.0,30.0,30.0,96.6,96.5,105,44.4,52
1.0,0.05,2.0,Texas,28.0,28,28,28.0,53.2,53.0,57,0.0,0.0,28.0,28.0,28.0,28.0,30.0,30.0,97.0,94.5,109,44.7,52
2.0,0.05,2.0,Texas,28.0,28,28,28.0,54.8,54.5,59,0.0,0.0,28.0,28.0,28.0,28.0,30.0,30.0,99.3,99.0,106,46.1,51
2.0,0.1,2.0,Texas,28.0,28,28,28.0,56.1,56.5,59,0.0,0.0,28.0,28.0,28.0,28.0,30.0,30.0,98.8,98.0,108,46.6,52
2.0,0.25,2.0,Texas,28.0,28,28,28.0,58.1,59.0,61,0.0,0.0,28.0,28.0,28.0,28.0,30.0,30.0,95.3,94.0,101,47.6,51
2.0,0.25,1.0,Texas,28.0,28,28,28.0,55.5,55.0,62,0.0,0.0,28.0,28.0,28.0,28.0,30.0,30.0,95.8,96.0,100,47.9,53
1.0,0.25,0.5,Arizona,30.0,30,30,30.0,10.9,11.0,11,0.0,0.0,37.5,37.5,43.1,44.0,30.3,28.0,10.3,10.5,13,0.1,1
0.5,0.25,2.0,Arizona,30.0,30,30,30.0,10.9,11.0,11,0.0,0.0,38.8,38.0,45.8,46.5,28.0,28.0,12.9,13.0,15,0.1,1
0.5,0.25,0.5,Arizona,30.0,30,30,30.0,10.8,11.0,11,0.0,0.0,38.8,38.0,44.2,44.0,28.0,28.0,6.3,6.0,8,0.2,1
1.0,0.25,1.0,Arizona,30.0,30,30,30.0,10.8,11.0,11,0.0,0.0,39.3,37.5,44.4,41.0,28.0,28.0,12.3,12.0,17,0.2,1
2.0,0.25,2.0,Arizona,30.0,30,30,30.0,10.8,11.0,11,0.0,0.0,38.3,38.0,43.7,44.0,29.3,28.0,13.6,13.0,15,0.2,1
2.0,0.25,0.5,Arizona,30.0,30,30,30.0,10.7,11.0,11,0.0,0.0,39.4,38.0,44.8,46.0,29.3,28.0,11.9,12.0,14,0.3,1
0.5,0.25,1.0,Arizona,30.0,30,30,30.0,10.6,11.0,11,0.0,0.0,39.1,38.0,46.4,49.0,28.0,28.0,12.3,12.5,14,0.4,1
2.0,0.25,1.0,Arizona,30.0,30,30,30.0,10.6,11.0,11,0.0,0.0,38.8,38.0,45.7,49.0,28.0,28.0,12.4,12.0,15,0.4,1
2.0,0.1,0.5,Arizona,30.0,30,30,30.0,10.6,11.0,11,0.0,0.0,41.4,41.0,49.2,49.0,28.0,28.0,15.0,15.0,19,0.4,1
1.0,0.1,0.5,Arizona,30.0,30,30,30.0,10.5,10.5,11,0.0,0.0,40.7,38.0,51.2,49.0,28.0,28.0,13.7,14.5,16,0.5,1
1.0,0.25,2.0,Arizona,30.0,30,30,30.0,10.4,10.0,11,0.0,0.0,40.0,38.0,46.8,49.0,34.5,28.0,12.8,13.0,15,0.6,1
0.5,0.1,0.5,Arizona,30.0,30,30,30.0,9.8,10.0,11,0.0,0.0,41.4,41.0,54.5,56.0,28.0,28.0,8.4,9.0,10,0.6,1
0.5,0.1,2.0,Arizona,30.0,30,30,30.0,10.3,10.0,11,0.0,0.0,41.4,40.5,50.3,49.0,28.0,28.0,14.9,16.0,17,0.7,1
1.0,0.1,1.0,Arizona,30.0,30,30,30.0,10.3,10.0,11,0.0,0.0,40.2,38.0,46.7,46.5,28.0,28.0,16.7,17.0,20,0.7,2
0.5,0.05,0.5,Arizona,30.0,30,30,30.0,9.4,9.5,10,0.0,0.0,47.0,48.0,56.3,59.5,28.0,28.0,8.7,8.0,11,0.8,1
2.0,0.1,1.0,Arizona,30.0,30,30,30.0,10.2,10.0,11,0.0,0.0,40.8,41.0,52.1,49.0,28.0,28.0,16.2,16.5,18,0.8,1
0.5,0.1,1.0,Arizona,30.0,30,30,30.0,10.1,10.0,11,0.0,0.0,41.7,43.0,51.2,49.0,28.0,28.0,13.7,14.0,16,0.8,1
2.0,0.05,1.0,Arizona,30.0,30,30,30.0,10.1,10.0,11,0.0,0.0,43.2,44.0,55.9,63.0,28.0,28.0,16.5,16.0,21,0.9,2
2.0,0.05,2.0,Arizona,30.0,30,30,30.0,10.1,10.0,11,0.0,0.0,44.7,45.5,54.0,56.5,28.0,28.0,16.6,17.0,20,0.9,2
2.0,0.05,0.5,Arizona,30.0,30,30,30.0,10.0,10.0,11,0.0,0.0,45.3,44.0,57.6,63.0,28.0,28.0,15.0,15.0,18,1.0,2
1.0,0.05,1.0,Arizona,30.0,30,30,30.0,9.9,10.0,11,0.0,0.0,44.2,44.0,60.9,63.0,28.0,28.0,16.2,17.0,20,1.1,2
2.0,0.1,2.0,Arizona,30.0,30,30,30.0,9.9,10.0,11,0.0,0.0,41.8,43.0,53.2,49.0,28.0,28.0,14.1,14.0,18,1.1,2
1.0,0.05,2.0,Arizona,30.0,30,30,30.0,9.8,10.0,10,0.0,0.0,47.0,44.0,61.5,63.0,28.0,28.0,16.5,17.0,20,1.2,2
1.0,0.1,2.0,Arizona,30.0,30,30,30.0,9.8,10.0,11,0.0,0.0,43.1,44.0,59.7,63.0,28.0,28.0,15.3,15.0,18,1.2,2
1.0,0.05,0.5,Arizona,30.0,30,30,30.0,9.7,10.0,11,0.0,0.0,46.7,48.0,59.7,55.5,28.0,28.0,13.9,14.0,19,1.3,3
0.5,0.05,1.0,Arizona,30.0,30,30,30.0,9.3,9.0,11,0.0,0.0,46.0,44.0,60.1,63.0,28.0,28.0,15.1,15.0,17,1.4,2
0.5,0.05,2.0,Arizona,30.0,30,30,30.0,9.5,9.5,11,0.0,0.0,46.1,44.0,59.6,63.0,28.0,28.0,16.0,16.0,20,1.5,3
0.5,0.01,1.0,Arizona,30.0,30,30,30.0,6.6,6.5,9,0.0,0.0,64.0,69.0,96.4,95.0,28.0,28.0,12.1,12.0,16,2.8,5
2.0,0.01,0.5,Arizona,30.0,30,30,30.0,7.5,7.0,9,0.0,0.0,66.5,63.5,96.0,94.0,28.0,28.0,15.8,16.5,20,3.1,5
0.5,0.01,2.0,Arizona,30.8,30,38,30.0,7.4,7.0,9,0.1,1.0,72.6,74.0,90.4,89.0,28.0,28.0,14.6,14.0,21,3.3,5
ALL,ALL,ALL,Arizona,31.23611111111111,30,88,30.0,9.402777777777779,10.0,11,0.044444444444444446,2.0,48.95,44.0,62.44166666666667,50.0,28.65,28.0,13.575,14.0,21,1.3166666666666667,5
0.5,0.25,2.0,New Mexico,32.4,31,33,33.0,13.1,13.0,14,0.0,0.0,34.0,34.0,37.6,38.0,28.0,28.0,21.0,21.0,23,2.8,3
0.5,0.25,0.5,New Mexico,32.4,31,33,33.0,12.2,12.0,13,0.0,0.0,34.0,34.0,37.6,38.0,28.0,28.0,11.7,12.0,14,2.8,3
1.0,0.25,1.0,New Mexico,32.4,31,33,33.0,13.2,13.0,14,0.0,0.0,34.0,34.0,37.6,38.0,28.0,28.0,18.8,18.5,23,2.8,3
2.0,0.25,0.5,New Mexico,32.4,31,33,33.0,12.9,13.0,14,0.0,0.0,34.0,34.0,37.6,38.0,28.0,28.0,18.3,18.0,21,3.1,4
0.5,0.1,1.0,New Mexico,32.6,31,33,33.0,12.3,12.0,13,0.0,0.0,34.0,34.0,38.0,38.0,28.0,28.0,14.7,14.0,17,2.7,4
2.0,0.25,1.0,New Mexico,32.6,31,33,33.0,13.1,13.0,14,0.0,0.0,34.0,34.0,38.0,38.0,28.0,28.0,19.7,20.0,21,2.9,4
0.5,0.25,1.0,New Mexico,32.8,31,33,33.0,12.3,12.0,13,0.0,0.0,34.0,34.0,37.6,38.0,28.0,28.0,14.8,15.0,16,2.7,4
2.0,0.25,2.0,New Mexico,32.8,31,33,33.0,13.2,13.0,14,0.0,0.0,34.0,34.0,38.0,38.0,28.0,28.0,20.0,19.5,23,2.8,3
1.0,0.25,2.0,New Mexico,32.8,31,33,33.0,13.1,13.0,14,0.0,0.0,34.0,34.0,38.0,38.0,28.0,28.0,19.3,19.0,22,2.9,4
1.0,0.25,0.5,New Mexico,32.8,31,33,33.0,12.0,12.0,13,0.0,0.0,34.0,34.0,38.0,38.0,28.0,28.0,17.7,17.5,20,3.0,4
0.5,0.1,2.0,New Mexico,33.1,31,38,33.0,13.0,13.0,14,0.0,0.0,34.9,34.0,39.6,38.0,28.0,28.0,20.9,20.5,25,2.9,4
1.0,0.1,1.0,New Mexico,33.6,31,41,33.0,13.1,13.0,14,0.0,0.0,35.2,34.0,38.9,38.0,28.0,28.0,20.2,20.0,23,2.8,4
1.0,0.05,0.5,New Mexico,33.8,33,41,33.0,12.2,12.0,13,0.0,0.0,36.7,34.0,41.6,39.5,28.0,28.0,20.1,19.0,25,2.7,4
1.0,0.1,2.0,New Mexico,33.9,33,41,33.0,12.6,13.0,14,0.0,0.0,35.3,34.0,39.6,38.0,28.0,28.0,20.1,21.5,23,3.2,4
2.0,0.1,0.5,New Mexico,34.0,33,38,33.0,13.0,13.0,14,0.0,0.0,36.4,34.0,39.8,38.0,28.0,28.0,18.4,18.0,21,2.7,3
2.0,0.1,2.0,New Mexico,34.3,33,41,33.0,12.8,13.0,14,0.0,0.0,36.1,34.0,39.7,38.0,28.0,28.0,20.1,20.0,22,2.9,5
1.0,0.01,1.0,Arizona,34.5,30,75,30.0,6.9,7.0,8,0.1,1.0,73.6,68.5,90.9,96.0,40.0,28.0,13.7,13.5,20,3.5,5
0.5,0.1,0.5,New Mexico,34.9,31,41,33.0,12.2,12.0,13,0.0,0.0,38.0,34.0,41.5,38.0,28.0,28.0,12.3,12.0,15,2.7,4
0.5,0.1,1.0,Wisconsin,35.0,35,35,35.0,32.7,32.5,37,0.1,1.0,39.4,39.0,46.2,43.0,28.0,28.0,89.8,89.5,97,30.9,37
0.5,0.25,0.5,Wisconsin,35.0,35,35,35.0,26.1,27.0,30,0.0,0.0,39.0,39.0,43.0,43.0,28.0,28.0,78.7,77.5,88,34.0,38
0.5,0.25,2.0,Wisconsin,35.0,35,35,35.0,30.5,31.5,33,0.0,0.0,39.0,39.0,43.0,43.0,28.0,28.0,97.0,96.5,105,35.1,39
1.0,0.25,0.5,Wisconsin,35.0,35,35,35.0,29.9,30.0,34,0.0,0.0,39.0,39.0,43.0,43.0,28.0,28.0,88.2,86.5,96,35.2,38
2.0,0.25,1.0,Wisconsin,35.0,35,35,35.0,30.5,30.5,33,0.0,0.0,39.0,39.0,43.0,43.0,28.0,28.0,96.1,97.0,104,35.2,38
0.5,0.25,1.0,Wisconsin,35.0,35,35,35.0,29.5,30.0,31,0.0,0.0,39.0,39.0,43.0,43.0,28.0,28.0,93.5,93.5,100,35.8,39
1.0,0.25,2.0,Wisconsin,35.0,35,35,35.0,29.5,29.0,33,0.0,0.0,39.0,39.0,43.6,43.0,28.0,28.0,92.5,92.5,97,35.9,41
1.0,0.25,1.0,Wisconsin,35.0,35,35,35.0,29.5,29.5,32,0.0,0.0,39.0,39.0,43.0,43.0,28.0,28.0,92.8,93.0,100,35.9,39
2.0,0.25,2.0,Wisconsin,35.0,35,35,35.0,30.6,30.5,34,0.0,0.0,39.0,39.0,44.2,43.0,29.2,28.0,92.6,91.0,103,35.9,38
2.0,0.25,0.5,Wisconsin,35.0,35,35,35.0,29.7,30.0,33,0.0,0.0,39.0,39.0,43.0,43.0,28.0,28.0,97.8,99.0,104,35.9,39
0.5,0.05,2.0,New Mexico,35.1,33,41,33.0,13.3,13.5,14,0.0,0.0,37.7,34.0,41.4,38.0,28.0,28.0,23.1,23.0,28,2.3,3
1.0,0.05,2.0,New Mexico,35.1,33,41,33.0,12.9,13.0,15,0.0,0.0,37.6,34.0,41.3,39.5,28.0,28.0,22.3,23.0,26,2.9,4
2.0,0.01,2.0,Arizona,35.5,30,85,30.0,7.4,7.0,9,0.2,2.0,67.6,67.5,92.3,95.0,28.0,28.0,16.0,16.5,21,3.2,5
2.0,0.1,1.0,New Mexico,35.6,33,41,33.0,12.9,13.0,14,0.0,0.0,38.5,34.0,41.5,38.0,28.0,28.0,19.2,19.5,23,3.0,4
1.0,0.1,0.5,New Mexico,35.7,31,41,35.5,12.4,12.0,13,0.0,0.0,40.0,40.0,43.3,46.5,28.0,28.0,17.3,18.0,20,2.6,3
1.0,0.01,2.0,Arizona,35.8,30,88,30.0,6.4,6.0,8,0.2,2.0,69.2,74.0,99.9,96.0,28.0,28.0,15.1,16.5,18,3.9,5
1.0,0.05,0.5,Wisconsin,35.8,35,43,35.0,38.2,39.0,42,0.7,6.0,42.2,39.0,50.7,49.0,28.0,28.0,84.3,84.5,94,24.9,29
0.5,0.1,2.0,Wisconsin,35.8,35,43,35.0,34.7,34.0,46,0.1,1.0,40.4,39.0,44.4,43.0,28.0,28.0,91.4,93.0,103,29.8,33
1.0,0.1,2.0,Wisconsin,36.2,35,43,35.0,34.9,34.0,43,0.3,2.0,41.8,39.0,46.6,43.0,28.0,28.0,91.4,91.5,95,29.7,33
1.0,0.25,0.5,California,36.2,35,37,37.0,2.6,2.5,5,10.5,32.0,79.875,39.5,130.4,111.0,28.0,28.0,97.8,97.0,108,33.3,35
2.0,0.25,0.5,California,36.4,35,37,37.0,3.8,4.0,5,6.9,34.0,89.4,42.0,199.88888888888889,188.0,28.0,28.0,98.4,98.5,110,33.7,35
0.5,0.05,1.0,New Mexico,36.5,33,41,36.0,12.2,12.0,14,0.0,0.0,40.4,42.0,43.3,46.5,28.0,28.0,14.9,15.0,18,2.7,4
1.0,0.25,0.5,Oklahoma,36.6,36,37,37.0,35.8,36.0,39,0.0,0.0,37.4,37.0,41.2,41.0,28.0,28.0,21.4,20.0,27,8.3,10
2.0,0.25,2.0,Oklahoma,36.6,36,37,37.0,42.2,42.0,44,0.0,0.0,37.0,37.0,40.3,41.0,28.0,28.0,27.6,25.5,34,13.2,15
2.0,0.1,2.0,Wisconsin,36.6,35,43,35.0,35.7,34.5,42,0.4,2.0,42.2,39.0,48.5,49.0,29.3,28.0,86.6,87.5,95,29.0,35
2.0,0.1,0.5,Wisconsin,36.6,35,43,35.0,35.2,34.5,41,0.2,1.0,41.8,39.0,47.6,43.0,28.0,28.0,88.9,91.0,97,29.6,35
0.5,0.25,0.5,California,36.6,35,37,37.0,2.4,2.0,4,19.444444444444443,33.0,116.88888888888889,111.0,154.5,188.0,28.0,28.0,87.8,88.0,95,30.8,33
ALL,ALL,ALL,New Mexico,36.608333333333334,31,56,33.0,12.561111111111112,13.0,15,0.0,0.0,39.90833333333333,34.0,44.638888888888886,38.0,28.36111111111111,28.0,19.35,20.0,33,2.686111111111111,5
1.0,0.25,1.0,Oklahoma,36.7,36,37,37.0,41.9,42.0,44,0.0,0.0,37.0,37.0,41.6,41.0,28.0,28.0,22.8,22.5,28,10.3,12
2.0,0.05,2.0,New Mexico,36.8,31,41,38.0,13.3,13.5,14,0.0,0.0,41.2,46.0,44.0,47.0,28.0,28.0,22.2,21.5,31,2.5,4
0.5,0.25,2.0,Oklahoma,36.8,36,37,37.0,41.1,41.0,42,0.0,0.0,37.0,37.0,44.2,41.0,28.0,28.0,19.3,18.0,25,8.4,9
2.0,0.1,0.5,Oklahoma,36.8,36,37,37.0,40.8,41.0,45,0.0,0.0,42.4,39.0,51.3,50.0,28.0,28.0,18.6,19.0,23,10.2,11
1.0,0.1,2.0,Oklahoma,36.8,36,37,37.0,40.7,41.0,42,0.1,1.0,43.0,39.0,52.4,50.0,28.0,28.0,18.8,18.0,28,10.3,12
1.0,0.25,2.0,Oklahoma,36.8,36,37,37.0,41.4,42.0,42,0.0,0.0,37.8,37.0,44.7,45.5,28.0,28.0,22.4,22.5,29,10.4,13
1.0,0.1,1.0,Wisconsin,36.8,35,53,35.0,35.5,34.5,42,1.0,7.0,43.5,39.0,49.1,49.0,28.0,28.0,94.4,95.5,100,29.4,33
2.0,0.25,1.0,California,36.8,35,37,37.0,4.0,4.0,5,16.1,31.0,92.8,83.5,226.0,188.0,28.0,28.0,97.2,97.0,109,33.7,35
0.5,0.25,2.0,California,36.8,35,37,37.0,3.3,3.0,5,26.3,34.0,172.9,125.5,269.75,286.5,28.0,28.0,102.2,101.0,112,34.0,35
2.0,0.25,2.0,California,36.8,35,37,37.0,3.9,4.0,6,23.0,35.0,149.4,149.5,258.44444444444446,188.0,28.0,28.0,95.6,94.5,105,34.1,35
1.0,0.25,2.0,California,36.8,35,37,37.0,3.5,3.0,6,25.0,36.0,182.3,188.0,269.75,286.5,28.0,28.0,98.3,97.5,107,34.5,36
0.5,0.25,0.5,Oklahoma,36.9,36,37,37.0,19.4,20.0,21,0.0,0.0,37.0,37.0,42.4,41.0,28.0,28.0,12.2,12.0,17,2.7,3
0.5,0.1,2.0,Oklahoma,36.9,36,37,37.0,40.7,41.0,42,0.0,0.0,39.4,37.0,47.7,50.0,28.0,28.0,17.9,17.0,23,7.4,11
2.0,0.25,1.0,Oklahoma,36.9,36,37,37.0,42.6,42.5,45,0.0,0.0,38.3,37.0,44.9,41.0,28.0,28.0,23.0,23.0,28,10.1,12
2.0,0.25,0.5,Oklahoma,36.9,36,37,37.0,41.5,41.5,44,0.0,0.0,37.4,37.0,43.3,41.0,28.0,28.0,20.9,21.0,26,10.4,12
0.5,0.25,1.0,Oklahoma,37.0,37,37,37.0,32.0,32.0,36,0.0,0.0,37.0,37.0,42.8,41.0,28.0,28.0,15.6,16.0,17,6.0,7
0.5,0.1,1.0,Oklahoma,37.0,37,37,37.0,29.9,30.0,33,0.0,0.0,41.3,37.0,51.9,50.0,28.0,28.0,13.2,13.0,17,6.2,8
0.5,0.25,1.0,California,37.0,37,37,37.0,2.3,2.0,4,28.75,32.0,139.875,111.0,176.0,188.0,28.0,28.0,99.2,98.0,107,33.0,35
1.0,0.1,1.0,Oklahoma,37.3,36,41,37.0,40.4,40.0,42,0.0,0.0,46.0,41.0,53.9,57.0,28.0,28.0,17.3,16.0,24,8.7,10
0.5,0.05,2.0,Wisconsin,37.4,35,43,35.0,37.0,35.0,45,1.5,5.0,47.0,51.0,54.8,55.5,28.0,28.0,91.0,89.5,98,26.5,32
0.5,0.1,0.5,Wisconsin,37.4,35,43,35.0,30.9,30.5,36,0.4,1.0,43.6,39.0,51.1,49.0,28.0,28.0,79.5,81.0,89,28.1,34
0.5,0.05,0.5,New Mexico,37.5,31,46,35.5,12.2,12.0,14,0.0,0.0,40.2,40.0,42.3,42.5,28.0,28.0,12.2,12.0,15,2.2,4
1.0,0.05,1.0,New Mexico,37.6,33,43,38.0,12.8,13.0,14,0.0,0.0,42.4,46.0,44.4,47.0,28.0,28.0,21.5,20.5,25,2.8,4
1.0,0.25,1.0,California,37.7,35,48,37.0,4.1,4.0,5,12.9,32.0,80.6,49.0,226.9,188.0,28.0,28.0,99.8,99.0,107,33.7,35
2.0,0.05,1.0,New Mexico,37.8,33,41,41.0,12.4,13.0,13,0.0,0.0,41.2,46.0,43.9,47.0,28.0,28.0,21.0,21.0,24,3.2,4
2.0,0.1,1.0,Wisconsin,38.2,35,43,35.0,35.6,36.0,41,0.4,2.0,44.2,41.0,47.6,46.0,28.0,28.0,92.2,90.5,104,29.6,36
0.5,0.1,2.0,California,38.3,35,54,37.0,3.9,4.0,5,17.1,31.0,103.6,64.5,241.6,210.0,28.0,28.0,97.6,99.0,108,32.9,35
0.5,0.01,0.5,Arizona,38.4,30,58,30.0,6.3,6.0,8,0.3,1.0,71.5,74.5,97.1,95.0,28.0,28.0,7.6,7.5,12,1.9,4
2.0,0.1,1.0,Oklahoma,38.8,36,57,37.0,42.2,42.0,44,0.0,0.0,50.2,50.0,57.0,60.0,28.0,28.0,19.8,19.5,26,9.5,11
1.0,0.25,0.5,Connecticut,39.0,39,39,39.0,6.8,7.0,7,0.0,0.0,57.8,57.0,65.4,59.0,41.0,41.0,5.6,5.5,8,0.0,0
0.5,0.25,0.5,Connecticut,39.0,39,39,39.0,6.1,6.0,7,0.0,0.0,57.4,57.0,61.3,59.0,41.0,41.0,5.3,6.0,7,0.0,0
2.0,0.25,1.0,Connecticut,39.0,39,39,39.0,6.7,7.0,7,0.0,0.0,55.9,57.0,62.0,59.0,41.0,41.0,5.7,6.0,7,0.3,1
0.5,0.25,2.0,Connecticut,39.0,39,39,39.0,6.7,7.0,7,0.0,0.0,52.9,57.0,61.6,59.0,41.0,41.0,6.2,6.0,8,0.3,1
2.0,0.25,2.0,Connecticut,39.0,39,39,39.0,6.7,7.0,7,0.0,0.0,54.6,57.0,62.5,59.0,41.0,41.0,5.8,5.0,8,0.3,1
2.0,0.25,0.5,Connecticut,39.0,39,39,39.0,6.7,7.0,7,0.0,0.0,54.6,57.0,65.2,59.0,41.0,41.0,6.1,6.0,7,0.3,1
0.5,0.25,1.0,Connecticut,39.0,39,39,39.0,6.2,6.0,7,0.0,0.0,51.0,57.0,60.0,59.0,41.0,41.0,6.0,6.0,7,0.4,1
1.0,0.25,2.0,Connecticut,39.0,39,39,39.0,6.3,6.0,7,0.0,0.0,52.7,57.0,60.9,59.0,41.0,41.0,6.1,6.0,8,0.7,1
0.5,0.05,0.5,Colorado,39.0,39,39,39.0,18.4,18.0,21,0.0,0.0,43.4,41.0,49.0,49.0,28.0,28.0,26.9,28.0,30,3.1,4
2.0,0.05,0.5,New Mexico,39.0,33,43,41.0,12.7,12.0,15,0.0,0.0,43.7,46.0,46.0,47.0,28.0,28.0,21.3,21.0,27,3.1,4
0.5,0.1,0.5,Colorado,39.0,39,39,39.0,19.2,19.0,20,0.0,0.0,42.8,41.0,45.8,47.0,28.0,28.0,26.5,27.0,31,4.3,5
0.5,0.25,0.5,Colorado,39.0,39,39,39.0,20.1,20.0,21,0.0,0.0,41.0,41.0,42.2,41.0,28.0,28.0,22.9,22.5,27,4.6,6
1.0,0.05,0.5,Colorado,39.0,39,39,39.0,24.0,24.5,26,0.0,0.0,41.6,41.0,47.2,47.0,28.0,28.0,34.5,34.5,42,5.7,7
0.5,0.1,1.0,Colorado,39.0,39,39,39.0,23.8,24.0,26,0.0,0.0,41.0,41.0,44.6,47.0,28.0,28.0,35.3,35.5,39,5.9,7
0.5,0.05,2.0,Colorado,39.0,39,39,39.0,24.8,25.0,26,0.0,0.0,42.8,41.0,48.7,47.0,28.0,28.0,40.6,40.0,47,6.2,8
1.0,0.1,1.0,Colorado,39.0,39,39,39.0,24.6,24.5,26,0.0,0.0,41.6,41.0,45.6,47.0,28.0,28.0,38.8,39.0,45,6.4,8
0.5,0.25,1.0,Colorado,39.0,39,39,39.0,23.6,23.5,25,0.0,0.0,41.0,41.0,42.2,41.0,28.0,28.0,32.8,32.5,36,6.5,8
0.5,0.1,2.0,Colorado,39.0,39,39,39.0,24.5,24.5,26,0.0,0.0,41.0,41.0,43.6,42.0,28.0,28.0,38.9,38.5,41,6.5,8
0.5,0.05,1.0,Colorado,39.0,39,39,39.0,22.8,23.0,26,0.0,0.0,44.4,44.0,49.9,51.0,28.0,28.0,36.2,34.5,48,6.6,9
2.0,0.25,2.0,Colorado,39.0,39,39,39.0,26.4,27.0,28,0.0,0.0,41.0,41.0,43.4,41.0,28.0,28.0,39.3,38.5,44,6.6,9
2.0,0.05,2.0,Colorado,39.0,39,39,39.0,26.3,26.5,28,0.0,0.0,44.4,44.0,50.5,51.0,28.0,28.0,43.5,44.5,50,6.6,9
1.0,0.05,2.0,Colorado,39.0,39,39,39.0,25.1,25.0,27,0.0,0.0,43.6,41.0,49.7,47.0,28.0,28.0,43.1,44.0,49,6.8,9
1.0,0.1,0.5,Colorado,39.0,39,39,39.0,23.9,24.0,25,0.0,0.0,42.8,41.0,47.0,47.0,28.0,28.0,37.1,38.0,42,6.8,8
1.0,0.1,2.0,Colorado,39.0,39,39,39.0,25.2,25.5,26,0.0,0.0,42.2,41.0,44.8,44.0,28.0,28.0,41.2,41.5,45,6.8,8
2.0,0.1,1.0,Colorado,39.0,39,39,39.0,26.1,26.0,28,0.0,0.0,43.8,41.0,47.5,47.0,28.0,28.0,40.2,40.0,44,6.9,9
2.0,0.1,2.0,Colorado,39.0,39,39,39.0,26.1,26.0,27,0.0,0.0,41.6,41.0,45.6,47.0,28.0,28.0,41.2,42.0,44,6.9,8
1.0,0.05,1.0,Colorado,39.0,39,39,39.0,23.5,23.0,25,0.0,0.0,44.6,47.0,48.9,51.0,28.0,28.0,43.4,43.5,48,7.0,9
1.0,0.25,1.0,Colorado,39.0,39,39,39.0,24.0,24.0,25,0.0,0.0,41.0,41.0,42.2,41.0,28.0,28.0,37.2,37.0,40,7.0,8
2.0,0.25,1.0,Colorado,39.0,39,39,39.0,25.7,26.0,27,0.0,0.0,41.0,41.0,42.8,41.0,28.0,28.0,39.2,38.5,42,7.3,9
2.0,0.05,0.5,Colorado,39.0,39,39,39.0,24.6,24.5,28,0.0,0.0,45.4,47.0,50.2,51.0,28.0,28.0,45.9,47.0,51,7.3,10
2.0,0.1,0.5,Colorado,39.0,39,39,39.0,24.6,25.0,26,0.0,0.0,41.6,41.0,46.2,47.0,28.0,28.0,40.8,40.5,48,7.3,9
2.0,0.25,0.5,Colorado,39.0,39,39,39.0,24.6,25.0,26,0.0,0.0,41.0,41.0,43.4,41.0,28.0,28.0,36.7,35.5,44,7.4,9
1.0,0.25,2.0,Colorado,39.0,39,39,39.0,24.5,24.5,26,0.0,0.0,41.0,41.0,42.2,41.0,28.0,28.0,37.6,38.0,42,7.5,9
2.0,0.05,1.0,Colorado,39.0,39,39,39.0,25.4,25.5,27,0.0,0.0,45.4,47.0,51.2,51.0,28.0,28.0,43.4,43.0,51,7.5,10
0.5,0.25,2.0,Colorado,39.0,39,39,39.0,23.4,23.0,25,0.0,0.0,41.0,41.0,43.4,41.0,28.0,28.0,37.7,37.5,41,7.6,9
1.0,0.25,0.5,Colorado,39.0,39,39,39.0,23.2,23.0,25,0.0,0.0,41.0,41.0,42.2,41.0,28.0,28.0,32.4,33.0,37,7.7,9
0.5,0.01,1.0,Colorado,39.4,39,41,39.0,17.0,16.5,21,0.0,0.0,55.6,51.0,69.6,68.0,28.0,28.0,34.9,34.5,41,6.4,8
1.0,0.05,2.0,Wisconsin,39.4,35,53,35.0,35.4,34.5,40,0.5,4.0,46.3,41.0,53.8,53.0,28.0,28.0,88.8,87.5,97,28.4,32
2.0,0.01,1.0,Arizona,39.5,30,84,30.0,7.7,8.0,10,0.2,2.0,68.0,66.0,86.8,75.5,28.0,28.0,15.8,16.0,20,2.9,5
1.0,0.01,2.0,Colorado,39.8,39,47,39.0,22.2,23.0,24,0.0,0.0,47.6,51.0,63.8,66.0,28.0,28.0,42.8,42.5,52,6.6,9
2.0,0.05,1.0,Wisconsin,39.8,35,43,43.0,39.4,39.0,46,0.6,1.0,47.4,53.0,58.5,61.5,28.0,28.0,85.3,84.5,97,24.5,31
0.5,0.1,1.0,California,39.8,35,54,37.0,3.4,3.0,6,4.888888888888889,20.0,50.0,54.0,104.75,56.0,28.0,28.0,97.3,97.5,107,29.7,32
1.0,0.01,0.5,Arizona,40.0,30,74,30.0,6.5,6.0,9,0.5,2.0,76.5,75.0,99.5,98.0,28.0,28.0,10.7,10.5,16,3.4,4
2.0,0.01,2.0,Colorado,40.0,39,47,39.0,23.0,23.5,26,0.0,0.0,52.9,51.0,62.1,66.0,28.0,28.0,41.2,41.5,48,7.1,10
2.0,0.1,0.5,California,40.2,35,54,37.0,4.2,4.0,7,15.3,34.0,125.0,56.0,202.55555555555554,140.0,28.0,28.0,98.8,97.5,107,32.7,36
ALL,ALL,ALL,Colorado,40.266666666666666,39,68,39.0,22.852777777777778,24.0,28,0.008333333333333333,1.0,46.42777777777778,41.0,52.45,47.0,28.0,28.0,37.37777777777778,38.0,52,6.558333333333334,11
1.0,0.01,1.0,New Mexico,40.4,31,47,41.0,12.2,12.0,14,0.0,0.0,49.5,47.5,53.7,56.0,28.0,28.0,21.0,21.0,28,2.5,4
0.5,0.05,1.0,Wisconsin,40.4,35,53,41.0,36.9,38.5,41,0.9,6.0,48.7,53.0,56.0,56.0,28.0,28.0,76.4,78.5,83,25.8,32
2.0,0.1,2.0,Oklahoma,40.5,36,73,37.0,41.4,41.0,43,0.0,0.0,45.7,37.0,55.1,50.0,28.0,28.0,21.8,22.0,29,12.8,15
1.0,0.1,0.5,Oklahoma,40.7,37,70,37.0,36.6,37.0,39,0.0,0.0,54.0,53.5,61.7,60.0,33.4,28.0,13.8,15.5,17,6.6,8
ALL,ALL,ALL,Wisconsin,40.88333333333333,35,76,35.0,34.34444444444444,34.0,46,0.4888888888888889,7.0,49.61388888888889,39.0,56.425,51.0,29.380555555555556,28.0,82.47222222222223,85.5,105,28.580555555555556,41
2.0,0.01,2.0,New Mexico,40.9,33,46,43.5,13.2,13.0,14,0.0,0.0,45.6,46.5,54.5,48.0,28.0,28.0,25.7,26.0,30,1.7,3
1.0,0.25,1.0,Connecticut,41.0,39,59,39.0,6.5,7.0,7,0.0,0.0,56.2,57.0,65.9,59.0,45.6,41.0,6.2,6.0,8,0.3,1
0.5,0.25,0.5,Pennsylvania,41.0,41,41,41.0,39.9,40.0,45,1.0,4.0,60.8,62.0,64.3,64.0,38.6,36.5,36.9,36.0,46,12.9,15
2.0,0.25,2.0,Pennsylvania,41.0,41,41,41.0,42.5,42.0,45,1.1,3.0,57.4,57.5,62.6,63.0,46.1,45.0,43.8,44.0,55,15.5,19
0.5,0.25,1.0,Pennsylvania,41.0,41,41,41.0,39.0,38.0,42,1.3,4.0,58.1,57.5,61.0,62.0,37.9,36.5,45.3,46.5,52,15.7,18
2.0,0.25,1.0,Pennsylvania,41.0,41,41,41.0,42.5,43.0,45,0.2,2.0,57.5,58.5,61.5,63.0,44.8,52.0,40.1,39.5,51,15.7,18
1.0,0.25,0.5,Pennsylvania,41.0,41,41,41.0,39.1,39.0,43,1.3,5.0,60.3,61.5,63.8,64.0,37.9,36.5,43.3,43.5,50,15.8,21
1.0,0.25,2.0,Pennsylvania,41.0,41,41,41.0,42.0,42.0,44,0.8,4.0,59.6,62.0,64.0,64.0,46.5,52.0,42.5,42.5,51,16.0,19
2.0,0.25,0.5,Pennsylvania,41.0,41,41,41.0,41.7,42.0,45,1.1,4.0,57.4,59.5,63.7,63.5,42.7,45.0,45.5,46.5,54,16.1,20
0.5,0.25,2.0,Pennsylvania,41.0,41,41,41.0,40.2,40.0,44,2.1,4.0,60.1,61.0,63.4,64.0,43.0,45.0,45.5,46.0,53,16.2,19
0.5,0.25,0.5,New York,41.0,41,41,41.0,11.6,10.5,16,2.4,7.0,49.2,48.5,57.0,56.5,28.0,28.0,171.4,171.0,185,35.3,38
1.0,0.25,0.5,New York,41.0,41,41,41.0,12.0,12.0,15,3.8,10.0,51.0,53.0,57.1,56.5,28.0,28.0,199.3,200.0,210,37.3,40
0.5,0.25,1.0,New York,41.0,41,41,41.0,10.9,10.5,16,3.7,14.0,50.6,53.0,58.3,53.0,28.0,28.0,191.4,190.0,213,37.4,42
0.5,0.25,2.0,New York,41.0,41,41,41.0,11.1,11.0,13,2.2,7.0,47.4,44.0,55.1,53.0,28.0,28.0,220.8,222.5,235,38.9,40
1.0,0.25,1.0,New York,41.0,41,41,41.0,12.0,11.5,16,4.2,14.0,49.7,48.5,57.9,60.0,28.0,28.0,223.5,225.5,242,39.0,41
2.0,0.25,0.5,New York,41.0,41,41,41.0,11.9,12.5,16,4.5,11.0,50.6,53.0,55.3,56.5,28.0,28.0,213.4,212.5,237,39.1,42
2.0,0.25,2.0,New York,41.0,41,41,41.0,11.5,12.0,18,3.2,15.0,48.3,44.0,57.3,53.0,28.0,28.0,214.4,214.5,224,39.5,45
1.0,0.25,2.0,New York,41.0,41,41,41.0,11.3,10.0,17,4.1,15.0,49.9,48.5,59.6,60.0,28.0,28.0,216.7,215.5,225,39.7,44
2.0,0.25,1.0,New York,41.0,41,41,41.0,11.3,11.0,15,2.7,14.0,47.7,44.0,59.7,60.0,28.0,28.0,218.1,219.0,226,39.7,43
0.5,0.1,0.5,Oklahoma,41.2,37,75,37.0,20.0,19.5,23,0.0,0.0,52.6,50.0,60.2,57.0,28.0,28.0,8.7,9.0,13,3.5,5
1.0,0.25,0.5,Kansas,41.2,40,42,42.0,53.5,54.0,55,0.0,0.0,42.0,42.0,42.0,42.0,28.0,28.0,31.4,31.0,35,10.1,12
1.0,0.05,1.0,Oklahoma,41.4,37,73,37.0,39.5,39.5,43,0.0,0.0,57.4,57.0,67.9,68.0,28.0,28.0,13.7,15.5,17,7.9,9
0.5,0.1,1.0,Kansas,41.4,40,42,42.0,47.7,48.0,50,0.0,0.0,42.0,42.0,42.6,42.0,28.0,28.0,25.0,25.0,27,9.2,13
2.0,0.25,0.5,Kansas,41.4,40,42,42.0,62.1,61.5,66,0.0,0.0,42.0,42.0,42.0,42.0,28.0,28.0,33.7,34.0,38,10.9,13
0.5,0.25,1.0,Minnesota,41.4,40,42,42.0,38.4,39.0,41,0.0,0.0,42.7,43.0,46.0,46.0,36.0,36.0,35.9,37.0,39,34.6,37
2.0,0.25,2.0,Minnesota,41.4,40,42,42.0,43.1,42.5,50,0.0,0.0,42.6,43.0,45.9,46.0,31.2,28.0,42.2,43.0,48,34.6,40
2.0,0.25,0.5,Minnesota,41.4,40,42,42.0,41.9,42.0,43,0.0,0.0,42.5,43.0,45.0,44.5,29.6,28.0,39.6,39.0,45,34.9,36
1.0,0.01,2.0,New Mexico,41.5,33,51,42.0,12.6,13.0,14,0.0,0.0,47.0,47.0,56.2,53.0,28.0,28.0,26.8,26.5,33,2.5,4
0.5,0.1,1.0,Minnesota,41.5,40,42,42.0,37.5,37.5,40,0.3,3.0,43.2,43.0,45.5,44.5,35.2,28.0,35.3,35.5,38,33.0,37
0.5,0.25,0.5,Minnesota,41.5,40,42,42.0,34.6,34.0,41,0.0,0.0,42.6,43.0,44.4,43.0,31.2,28.0,36.9,38.5,41,35.4,40
0.5,0.25,2.0,Minnesota,41.5,40,42,42.0,40.2,40.0,46,0.0,0.0,42.7,43.0,44.2,43.0,34.4,28.0,42.1,42.0,49,35.6,42
1.0,0.25,0.5,Minnesota,41.5,40,42,42.0,38.7,38.5,43,0.0,0.0,42.5,43.0,44.4,43.0,32.8,28.0,36.0,36.0,40,35.7,42
0.5,0.01,1.0,New Mexico,41.6,33,50,43.5,11.9,12.0,13,0.0,0.0,49.3,48.0,58.4,56.0,30.6,28.0,16.2,16.0,22,1.9,3
0.5,0.25,0.5,Kansas,41.6,40,42,42.0,42.3,42.5,44,0.0,0.0,42.0,42.0,42.0,42.0,28.0,28.0,23.9,24.0,27,7.6,9
1.0,0.25,1.0,Kansas,41.6,40,42,42.0,60.8,60.5,64,0.0,0.0,42.0,42.0,42.0,42.0,28.0,28.0,31.0,29.5,36,9.6,13
0.5,0.1,2.0,Kansas,41.6,40,42,42.0,56.6,56.0,59,0.0,0.0,42.0,42.0,42.0,42.0,28.0,28.0,27.7,28.0,33,10.5,13
1.0,0.1,1.0,Kansas,41.6,40,42,42.0,57.6,58.0,62,0.0,0.0,42.0,42.0,42.6,42.0,28.0,28.0,30.6,30.0,34,11.2,14
0.5,0.05,0.5,Wisconsin,41.6,35,53,39.0,34.0,33.5,40,0.5,2.0,48.3,44.0,55.0,54.5,28.0,28.0,69.0,71.5,78,25.2,29
0.5,0.1,2.0,Minnesota,41.6,40,42,42.0,41.2,41.0,46,0.0,0.0,43.4,43.0,48.2,49.0,31.2,28.0,39.6,41.0,46,31.7,35
1.0,0.25,1.0,Minnesota,41.6,40,42,42.0,40.2,42.0,43,0.0,0.0,42.7,43.0,45.1,44.5,34.4,28.0,40.7,40.5,49,35.6,42
1.0,0.25,2.0,Minnesota,41.6,40,42,42.0,41.0,41.0,43,0.0,0.0,42.7,43.0,44.7,43.0,31.2,28.0,43.1,44.0,50,36.2,40
2.0,0.25,1.0,Minnesota,41.7,40,42,42.0,42.0,41.0,47,0.0,0.0,42.8,43.0,44.5,44.5,31.2,28.0,41.9,42.0,45,35.6,40
0.5,0.1,0.5,Kansas,41.8,40,42,42.0,38.5,39.0,42,0.0,0.0,42.0,42.0,43.2,42.0,28.0,28.0,23.1,23.5,27,8.4,12
0.5,0.25,2.0,Kansas,41.8,40,42,42.0,59.8,60.0,62,0.0,0.0,42.0,42.0,42.0,42.0,28.0,28.0,30.1,30.0,33,9.9,13
0.5,0.05,2.0,Kansas,41.8,40,42,42.0,53.6,53.0,61,0.0,0.0,42.0,42.0,43.9,42.0,28.0,28.0,27.3,27.0,32,11.0,14
1.0,0.1,0.5,Kansas,41.8,40,42,42.0,51.2,51.5,54,0.0,0.0,42.0,42.0,43.2,42.0,28.0,28.0,32.4,32.0,40,11.0,14
1.0,0.05,0.5,Kansas,41.8,40,42,42.0,47.5,47.5,50,0.0,0.0,42.0,42.0,45.0,45.0,28.0,28.0,27.9,28.5,35,11.1,12
1.0,0.25,2.0,Kansas,41.8,40,42,42.0,63.6,64.0,65,0.0,0.0,42.0,42.0,42.0,42.0,28.0,28.0,32.1,32.0,36,11.2,15
2.0,0.1,0.5,Kansas,41.8,40,42,42.0,58.4,58.5,60,0.0,0.0,42.0,42.0,42.0,42.0,28.0,28.0,34.3,34.0,39,11.4,13
2.0,0.25,1.0,Kansas,41.8,40,42,42.0,62.8,63.0,65,0.0,0.0,42.0,42.0,42.0,42.0,28.0,28.0,35.5,35.0,39,12.5,14
2.0,0.25,2.0,Kansas,41.8,40,42,42.0,64.3,65.0,68,0.0,0.0,42.0,42.0,42.0,42.0,28.0,28.0,38.4,38.5,42,12.5,16
2.0,0.1,2.0,Kansas,41.8,40,42,42.0,62.2,63.0,65,0.0,0.0,42.0,42.0,42.6,42.0,28.0,28.0,36.0,36.5,41,12.8,17
2.0,0.05,0.5,Kansas,41.8,40,42,42.0,55.0,55.0,58,0.0,0.0,42.0,42.0,45.6,48.0,28.0,28.0,33.1,32.5,39,13.3,16
2.0,0.05,1.0,Kansas,41.8,40,42,42.0,57.1,57.5,59,0.0,0.0,42.0,42.0,46.2,48.0,28.0,28.0,34.0,34.0,39,13.9,18
2.0,0.05,2.0,Wisconsin,41.8,35,53,43.0,39.6,39.5,45,1.3,4.0,51.3,52.0,59.6,60.5,30.9,28.0,82.7,83.0,94,24.1,28
ALL,ALL,ALL,Kansas,41.91111111111111,40,49,42.0,51.28055555555556,53.0,68,0.0,0.0,43.022222222222226,42.0,45.775,42.0,28.125,28.0,29.43888888888889,30.0,45,11.341666666666667,26
0.5,0.01,0.5,Kansas,42.0,42,42,42.0,25.6,25.5,31,0.0,0.0,42.6,42.0,49.5,48.5,28.0,28.0,15.8,15.0,20,5.4,8
0.5,0.01,1.0,Kansas,42.0,42,42,42.0,35.9,35.5,43,0.0,0.0,43.2,42.0,51.3,49.0,28.0,28.0,16.2,16.5,21,7.0,10
0.5,0.05,0.5,Kansas,42.0,42,42,42.0,36.5,36.5,39,0.0,0.0,42.0,42.0,44.4,42.0,28.0,28.0,21.5,21.5,26,8.1,12
0.5,0.25,1.0,Kansas,42.0,42,42,42.0,50.2,50.0,52,0.0,0.0,42.0,42.0,42.0,42.0,28.0,28.0,28.3,29.0,32,9.6,12
0.5,0.01,2.0,Kansas,42.0,42,42,42.0,44.0,45.0,48,0.0,0.0,45.5,42.0,53.0,48.5,32.5,28.0,18.7,20.0,23,9.9,15
0.5,0.05,1.0,Kansas,42.0,42,42,42.0,45.1,45.5,47,0.0,0.0,42.0,42.0,45.0,45.0,28.0,28.0,24.8,24.5,33,10.5,14
1.0,0.01,0.5,Kansas,42.0,42,42,42.0,37.2,37.0,41,0.0,0.0,44.4,42.0,53.4,49.0,28.0,28.0,21.4,21.0,28,10.9,15
1.0,0.01,1.0,Kansas,42.0,42,42,42.0,44.7,45.0,50,0.0,0.0,50.5,48.0,57.7,60.0,28.0,28.0,22.1,21.0,30,11.1,16
1.0,0.05,1.0,Kansas,42.0,42,42,42.0,55.4,55.5,59,0.0,0.0,42.0,42.0,43.8,42.0,28.0,28.0,29.1,29.0,34,11.9,14
1.0,0.05,2.0,Kansas,42.0,42,42,42.0,57.3,58.0,60,0.0,0.0,42.0,42.0,44.4,42.0,28.0,28.0,30.9,31.0,39,12.2,14
1.0,0.01,2.0,Kansas,42.0,42,42,42.0,47.1,47.5,53,0.0,0.0,48.1,45.0,53.9,48.5,28.0,28.0,30.6,31.0,37,13.1,18
1.0,0.1,2.0,Kansas,42.0,42,42,42.0,59.0,59.0,63,0.0,0.0,42.0,42.0,42.0,42.0,28.0,28.0,33.8,33.5,39,13.2,16
2.0,0.01,0.5,Kansas,42.0,42,42,42.0,44.2,43.5,50,0.0,0.0,43.9,42.0,51.2,48.0,28.0,28.0,29.3,28.5,36,13.4,18
2.0,0.05,2.0,Kansas,42.0,42,42,42.0,59.4,59.5,62,0.0,0.0,42.0,42.0,46.9,48.0,28.0,28.0,37.7,37.0,44,13.9,16
2.0,0.1,1.0,Kansas,42.0,42,42,42.0,59.0,58.5,63,0.0,0.0,42.0,42.0,43.2,42.0,28.0,28.0,34.9,35.0,41,13.9,18
1.0,0.1,0.5,Wisconsin,42.0,35,53,39.0,35.3,35.0,41,0.4,2.0,49.0,46.0,54.2,54.5,28.0,28.0,86.2,84.0,104,29.0,36
2.0,0.1,2.0,California,42.0,35,55,37.0,4.4,4.5,6,10.1,34.0,121.4,55.0,103.25,73.0,28.0,28.0,97.5,98.0,104,32.9,35
2.0,0.25,0.5,Idaho,42.2,38,44,44.0,11.6,11.5,14,1.1,3.0,48.9,51.5,53.0,53.0,28.0,28.0,38.4,38.0,44,15.3,17
1.0,0.1,1.0,California,42.6,35,54,37.0,4.4,4.5,6,8.6,34.0,84.7,55.5,149.33333333333334,56.0,28.0,28.0,97.7,96.5,111,32.4,34
2.0,0.1,0.5,Minnesota,42.6,40,49,42.0,42.4,43.0,45,0.0,0.0,44.3,43.0,47.3,49.0,41.5,44.0,40.0,40.5,44,32.6,37
1.0,0.1,2.0,Minnesota,42.6,40,49,42.0,43.4,43.5,48,0.3,3.0,44.1,43.0,47.4,49.0,36.0,36.0,40.5,40.5,44,33.4,38
1.0,0.01,0.5,New Mexico,42.7,33,56,42.0,11.7,11.0,14,0.0,0.0,47.8,47.5,53.5,53.0,28.0,28.0,22.1,23.5,26,2.3,3
2.0,0.01,2.0,Kansas,42.7,42,49,42.0,46.6,47.0,49,0.0,0.0,46.3,42.0,53.7,49.0,28.0,28.0,42.6,43.5,45,17.8,21
1.0,0.05,0.5,Minnesota,42.7,41,49,42.0,37.9,38.0,45,0.9,3.0,46.2,43.0,49.7,49.0,42.1,44.0,34.3,34.5,39,32.1,41
1.0,0.1,1.0,Minnesota,42.7,41,49,42.0,40.5,41.0,45,0.4,2.0,45.0,43.0,48.1,47.5,35.0,28.0,41.4,41.5,48,32.6,38
0.5,0.1,1.0,Connecticut,42.8,39,59,39.0,6.2,6.0,7,0.0,0.0,63.2,59.0,81.8,75.0,52.0,41.0,5.1,5.0,8,0.1,1
0.5,0.25,2.0,Iowa,42.8,42,44,42.0,27.1,27.0,32,0.0,0.0,44.0,44.0,46.1,44.0,46.1,43.0,96.5,95.5,103,60.9,65
1.0,0.01,1.0,Colorado,42.9,39,66,39.0,20.0,20.5,22,0.0,0.0,60.2,66.0,73.6,68.0,28.0,28.0,36.3,37.5,43,6.6,11
0.5,0.1,1.0,New York,42.9,41,60,41.0,11.0,10.5,17,4.1,10.0,55.8,56.5,64.0,62.5,28.0,28.0,190.7,196.5,203,36.9,40
1.0,0.1,2.0,New York,42.9,41,60,41.0,12.2,12.0,15,4.0,8.0,56.7,60.0,66.6,66.0,28.0,28.0,218.0,221.0,230,38.8,42
1.0,0.25,0.5,Idaho,43.0,38,51,44.0,12.2,12.5,14,0.8,3.0,48.0,51.0,51.2,52.0,34.7,28.0,36.9,36.5,40,13.6,16
2.0,0.1,1.0,California,43.1,37,54,39.5,4.3,4.0,6,14.2,30.0,87.2,56.0,223.7,186.0,28.0,28.0,98.9,99.0,107,32.6,34
0.5,0.1,2.0,New York,43.2,41,60,41.0,12.2,12.5,15,2.8,6.0,54.5,53.0,61.2,62.5,28.0,28.0,222.8,226.0,237,38.1,43
2.0,0.1,0.5,New York,43.2,41,60,41.0,11.7,12.0,14,3.2,9.0,55.5,53.0,63.9,60.0,28.0,28.0,212.3,215.0,223,39.2,41
1.0,0.25,0.5,Iowa,43.2,42,44,44.0,25.3,24.5,29,0.0,0.0,44.0,44.0,47.0,49.0,47.7,50.0,92.2,92.0,100,60.6,63
1.0,0.25,2.0,Iowa,43.2,42,44,44.0,22.4,22.5,28,0.0,0.0,44.0,44.0,47.0,49.0,47.7,50.5,103.7,104.0,112,65.8,69
1.0,0.25,1.0,Pennsylvania,43.3,41,64,41.0,41.5,42.0,44,1.2,4.0,58.8,59.0,62.5,62.5,37.6,28.0,43.9,43.0,54,16.2,20
1.0,0.25,0.5,Michigan,43.3,40,47,44.0,36.9,36.5,39,0.0,0.0,47.1,47.0,49.3,49.0,56.5,57.0,27.2,27.0,32,26.9,31
0.5,0.05,2.0,Minnesota,43.3,41,49,42.0,38.2,38.0,41,0.4,1.0,47.0,46.0,50.5,50.5,37.1,28.0,39.0,41.0,45,32.3,38
2.0,0.05,0.5,Wisconsin,43.4,35,53,43.0,38.2,38.5,45,0.9,4.0,52.3,53.0,61.4,64.0,28.0,28.0,84.5,85.0,91,25.8,33
2.0,0.1,2.0,Minnesota,43.4,41,49,42.0,44.5,43.5,50,0.1,1.0,44.5,43.0,48.4,49.0,43.1,44.0,39.8,41.0,44,31.8,35
0.5,0.25,0.5,Iowa,43.4,42,44,44.0,22.0,22.0,25,0.0,0.0,44.0,44.0,47.1,48.0,48.6,51.0,81.9,82.0,87,57.8,62
1.0,0.25,1.0,Iowa,43.4,42,44,44.0,24.2,24.5,28,0.0,0.0,44.0,44.0,47.4,49.0,48.7,51.0,100.6,99.0,109,63.9,67
2.0,0.25,1.0,Iowa,43.4,42,44,44.0,21.2,21.0,25,0.0,0.0,44.0,44.0,47.5,49.0,48.5,51.0,104.0,103.5,110,67.0,71
1.0,0.05,1.0,Wisconsin,43.6,35,53,43.0,38.7,38.0,46,1.3,5.0,52.6,53.0,60.4,66.0,28.0,28.0,86.0,86.0,96,24.5,29
2.0,0.1,0.5,Iowa,43.6,42,44,44.0,21.7,21.5,25,0.4,2.0,46.2,44.0,50.5,49.5,50.0,51.0,97.4,96.5,111,65.3,71
2.0,0.25,2.0,Iowa,43.6,42,44,44.0,22.2,22.5,27,0.0,0.0,44.0,44.0,48.0,49.0,49.3,51.0,107.3,106.0,115,66.1,69
1.0,0.01,0.5,Colorado,43.7,39,66,39.0,16.5,17.0,20,0.0,0.0,54.8,51.0,69.2,68.0,28.0,28.0,33.8,34.0,41,6.9,11
1.0,0.25,0.5,Wyoming,43.8,42,45,45.0,11.0,11.0,12,0.0,0.0,46.8,48.0,56.4,62.0,77.0,77.0,1.1,1.0,2,0.0,0
0.5,0.25,0.5,Michigan,43.8,40,47,44.0,32.8,33.0,35,0.0,0.0,46.8,47.0,49.0,49.0,55.5,57.0,25.2,25.0,29,24.6,27
2.0,0.25,0.5,Michigan,43.8,40,47,44.0,42.5,42.0,48,0.0,0.0,46.6,47.0,48.8,49.0,55.8,57.0,30.8,30.0,35,27.0,30
0.5,0.1,2.0,Iowa,43.8,42,44,44.0,27.3,27.5,34,0.2,1.0,45.6,44.0,49.9,49.5,51.0,51.0,95.3,95.5,103,59.2,67
0.5,0.25,1.0,Iowa,43.8,42,44,44.0,26.7,26.5,32,0.0,0.0,44.0,44.0,48.5,49.0,50.0,51.0,84.6,84.0,89,59.5,62
1.0,0.1,1.0,Iowa,43.8,42,44,44.0,24.5,24.5,31,0.3,2.0,45.8,44.0,49.9,49.5,51.2,52.0,97.5,95.5,111,62.5,68
2.0,0.25,0.5,Iowa,43.8,42,44,44.0,21.5,21.0,25,0.0,0.0,44.0,44.0,48.3,49.0,50.0,51.0,102.1,102.5,108,66.7,71
2.0,0.1,1.0,Iowa,43.8,42,44,44.0,20.6,21.0,24,0.7,4.0,47.2,44.0,52.0,49.5,50.8,51.0,103.8,101.0,115,67.0,73
0.5,0.1,0.5,Minnesota,43.9,40,49,42.0,34.5,35.0,39,0.2,1.0,45.9,43.0,49.4,49.0,39.2,44.0,30.8,31.0,35,33.0,40
1.0,0.25,0.5,Nevada,44.0,44,44,44.0,5.0,5.0,5,0.0,0.0,64.3,60.0,91.0,91.0,,,0.0,0.0,0,0.0,0
2.0,0.25,1.0,Nevada,44.0,44,44,44.0,5.8,6.0,6,0.0,0.0,65.3,60.0,91.0,91.0,,,0.0,0.0,0,0.0,0
2.0,0.25,2.0,Nevada,44.0,44,44,44.0,5.8,6.0,6,0.0,0.0,67.9,60.0,91.0,91.0,,,0.0,0.0,0,0.0,0
2.0,0.01,1.0,Colorado,44.0,39,51,40.0,22.0,22.5,25,0.0,0.0,60.0,66.0,67.4,68.0,28.0,28.0,41.0,41.5,49,7.4,10
0.5,0.1,1.0,Iowa,44.0,44,44,44.0,27.4,27.0,32,0.1,1.0,44.6,44.0,49.5,49.5,49.8,52.0,82.5,83.5,87,57.1,60
1.0,0.1,0.5,Iowa,44.0,44,44,44.0,23.2,22.5,28,2.4,8.0,50.7,51.5,54.0,53.5,53.2,53.0,94.4,97.0,101,61.9,67
1.0,0.1,2.0,Iowa,44.0,44,44,44.0,22.4,22.0,25,0.5,4.0,46.4,44.0,51.1,50.0,51.0,53.0,95.3,95.5,102,65.0,67
2.0,0.1,2.0,Iowa,44.0,44,44,44.0,20.8,21.0,26,0.7,6.0,46.2,44.0,50.8,49.0,49.5,51.0,108.6,107.5,129,66.8,74
0.5,0.1,1.0,Wyoming,44.1,42,45,45.0,9.9,10.0,11,0.0,0.0,52.2,49.0,60.3,62.0,77.0,77.0,1.0,1.0,1,0.0,0
2.0,0.25,0.5,Wyoming,44.1,42,45,45.0,11.9,12.0,13,0.0,0.0,47.1,48.0,57.8,62.0,77.0,77.0,1.2,1.0,2,0.8,1
0.5,0.01,0.5,New Mexico,44.1,38,48,46.0,11.0,11.0,13,0.0,0.0,49.0,47.5,58.2,56.0,38.4,28.0,9.9,9.0,15,1.9,4
2.0,0.01,1.0,Kansas,44.1,42,49,42.0,44.3,45.0,50,0.0,0.0,50.3,42.0,57.6,49.0,28.0,28.0,34.6,33.5,42,18.3,26
1.0,0.05,2.0,Minnesota,44.1,42,49,42.0,43.1,43.5,47,0.7,3.0,47.2,46.0,50.8,51.0,38.5,36.0,37.1,36.5,47,31.8,36
0.5,0.05,2.0,Oklahoma,44.2,37,73,37.0,38.9,39.0,43,0.0,0.0,52.7,53.5,61.8,63.0,33.4,28.0,13.0,14.0,17,6.7,8
1.0,0.05,0.5,Oklahoma,44.2,37,73,37.0,32.8,33.0,34,0.0,0.0,51.2,45.5,59.9,53.5,28.0,28.0,11.7,13.0,16,7.1,8
0.5,0.25,0.5,Wyoming,44.4,42,45,45.0,8.9,9.0,10,0.0,0.0,47.4,48.0,59.2,62.0,77.0,77.0,1.1,1.0,2,0.0,0
1.0,0.25,1.0,Wyoming,44.4,42,45,45.0,12.1,12.0,14,0.0,0.0,47.6,48.0,59.2,62.0,77.0,77.0,1.3,1.0,2,0.0,0
0.5,0.1,2.0,Wyoming,44.4,42,45,45.0,10.8,11.0,12,0.0,0.0,52.0,48.0,60.4,62.0,77.0,77.0,1.2,1.0,2,0.0,0
1.0,0.1,1.0,Wyoming,44.4,42,45,45.0,11.6,11.5,13,0.0,0.0,52.7,48.0,60.7,62.0,72.1,77.0,2.1,2.0,5,0.0,0
2.0,0.01,1.0,New Mexico,44.4,34,48,46.0,12.4,13.0,15,0.0,0.0,50.5,49.0,58.3,56.0,28.0,28.0,23.2,24.0,31,2.4,4
1.0,0.25,0.5,South Dakota,44.4,42,46,46.0,43.6,44.0,45,0.0,0.0,48.8,47.0,51.8,52.0,28.0,28.0,16.7,17.5,19,4.8,6
0.5,0.1,2.0,Connecticut,44.6,39,75,39.0,6.5,6.5,7,0.0,0.0,66.9,59.0,84.7,78.5,55.8,41.0,5.2,5.0,8,0.0,0
2.0,0.01,0.5,New Mexico,44.6,33,56,46.0,12.2,12.0,14,0.0,0.0,49.7,49.0,58.0,56.0,28.0,28.0,25.0,25.0,32,2.7,4
1.0,0.05,2.0,Iowa,44.6,44,50,44.0,21.6,20.5,29,1.1,7.0,51.8,51.0,54.8,52.0,52.1,54.0,99.0,97.0,110,65.2,69
0.5,0.25,2.0,Wyoming,44.7,42,45,45.0,12.2,12.0,14,0.0,0.0,47.7,48.0,60.6,62.0,77.0,77.0,1.2,1.0,2,0.0,0
0.5,0.05,2.0,Wyoming,44.7,42,45,45.0,9.7,9.5,11,0.0,0.0,59.1,56.0,67.2,64.0,77.0,77.0,1.9,2.0,5,0.0,0
1.0,0.1,0.5,Wyoming,44.7,42,45,45.0,9.6,9.5,11,0.0,0.0,56.3,56.0,65.7,65.5,77.0,77.0,1.5,1.5,2,0.0,0
0.5,0.1,0.5,Wyoming,44.7,42,45,45.0,8.3,8.0,10,0.0,0.0,59.3,67.0,74.4,85.0,77.0,77.0,1.6,1.5,3,0.0,0
1.0,0.25,2.0,Wyoming,44.7,42,45,45.0,11.9,12.0,13,0.0,0.0,47.7,48.0,60.6,62.0,77.0,77.0,1.3,1.0,2,0.7,1
2.0,0.25,2.0,Wyoming,44.7,42,45,45.0,12.4,12.0,14,0.0,0.0,47.7,48.0,60.5,62.0,77.0,77.0,1.5,1.5,2,0.8,2
2.0,0.1,0.5,Wyoming,44.7,42,45,45.0,11.2,11.0,12,0.0,0.0,52.3,48.0,62.0,62.0,77.0,77.0,2.0,2.0,4,0.9,1
2.0,0.25,1.0,Wyoming,44.7,42,45,45.0,11.8,12.0,13,0.0,0.0,47.7,48.0,60.6,62.0,77.0,77.0,1.4,1.0,3,1.0,1
2.0,0.05,1.0,Wyoming,44.7,42,45,45.0,10.9,11.0,12,0.0,0.0,63.7,67.0,74.4,79.0,67.2,77.0,3.8,3.0,7,1.0,1
2.0,0.05,0.5,Wyoming,44.7,42,45,45.0,10.9,11.0,12,0.0,0.0,61.9,65.5,73.3,76.0,62.3,77.0,3.9,4.0,7,1.0,1
2.0,0.1,2.0,Wyoming,44.7,42,45,45.0,11.1,11.0,12,0.0,0.0,53.4,50.0,64.1,62.0,77.0,77.0,2.9,3.0,4,1.1,2
2.0,0.25,1.0,Ohio,44.7,36,55,49.0,60.4,60.5,64,0.0,0.0,51.4,52.0,54.8,55.0,28.0,28.0,35.9,36.0,43,15.5,18
1.0,0.1,0.5,California,44.7,35,54,42.5,2.7,3.0,4,9.6,33.0,83.3,56.0,131.83333333333334,130.5,28.0,28.0,98.4,99.0,108,32.8,35
0.5,0.1,1.0,South Dakota,44.8,42,46,46.0,42.8,42.5,45,0.0,0.0,51.9,53.0,54.0,56.0,28.0,28.0,15.5,15.5,18,4.0,5
2.0,0.25,0.5,South Dakota,44.8,42,46,46.0,45.7,46.0,47,0.0,0.0,49.2,49.5,51.5,52.5,28.0,28.0,21.0,21.0,25,4.5,5
2.0,0.1,1.0,Minnesota,44.8,42,49,42.0,43.1,41.0,49,0.7,5.0,46.9,46.0,50.0,49.5,37.9,36.0,40.2,43.0,44,33.1,37
0.5,0.25,1.0,Wyoming,45.0,45,45,45.0,9.8,10.0,11,0.0,0.0,48.0,48.0,61.9,62.0,77.0,77.0,1.3,1.0,2,0.0,0
1.0,0.05,0.5,Wyoming,45.0,45,45,45.0,8.9,9.0,10,0.0,0.0,60.7,63.0,75.8,67.0,77.0,77.0,1.6,2.0,2,0.0,0
0.5,0.05,1.0,Wyoming,45.0,45,45,45.0,8.5,9.0,9,0.0,0.0,63.0,64.0,72.3,67.0,70.3,77.0,2.0,2.0,4,0.0,0
1.0,0.05,1.0,Wyoming,45.0,45,45,45.0,10.5,10.5,12,0.0,0.0,64.7,64.0,73.1,67.0,72.1,77.0,2.6,3.0,5,0.0,0
0.5,0.05,0.5,Wyoming,45.0,45,45,45.0,7.9,8.0,9,0.0,0.0,61.2,67.0,76.8,85.0,77.0,77.0,2.0,2.0,3,0.0,0
1.0,0.01,1.0,Wyoming,45.0,45,45,45.0,7.0,7.0,9,0.0,0.0,88.9,81.0,157.4,148.5,70.7,77.0,4.8,5.0,7,0.0,0
2.0,0.1,1.0,Wyoming,45.0,45,45,45.0,11.3,11.0,12,0.0,0.0,53.3,48.0,65.5,62.0,72.1,77.0,2.9,3.0,4,0.9,1
1.0,0.1,2.0,Wyoming,45.0,45,45,45.0,11.0,11.0,12,0.0,0.0,59.7,64.0,67.5,67.0,77.0,77.0,3.0,3.0,6,0.9,1
2.0,0.01,2.0,Wyoming,45.0,45,45,45.0,8.8,9.0,10,0.0,0.0,96.2,86.0,160.3,188.0,75.6,77.0,5.6,6.0,7,0.9,2
1.0,0.05,2.0,Wyoming,45.0,45,45,45.0,10.6,11.0,12,0.0,0.0,63.6,64.0,70.8,67.0,67.2,77.0,4.2,4.0,5,1.0,1
2.0,0.05,2.0,Wyoming,45.0,45,45,45.0,10.9,11.0,11,0.0,0.0,65.9,67.0,77.8,85.0,57.4,77.0,4.4,5.0,6,1.0,1
0.5,0.05,2.0,Iowa,45.0,44,54,44.0,25.1,25.0,29,0.6,4.0,50.2,49.0,54.5,54.5,47.4,51.0,94.5,94.0,103,60.5,66
0.5,0.25,2.0,Nevada,45.1,44,55,44.0,6.0,6.0,6,0.0,0.0,62.8,60.0,91.0,91.0,,,0.0,0.0,0,0.0,0
0.5,0.05,1.0,Oklahoma,45.1,37,76,37.0,26.3,26.0,29,0.0,0.0,58.2,60.0,67.0,69.5,34.3,28.0,9.1,9.5,13,5.1,7
0.5,0.25,2.0,Michigan,45.1,40,47,45.5,43.2,43.5,46,0.0,0.0,47.6,47.5,50.0,49.0,56.0,57.0,30.9,31.0,36,25.8,28
2.0,0.25,1.0,Michigan,45.1,40,47,45.5,42.8,43.0,47,0.0,0.0,47.9,47.5,50.1,49.0,55.5,57.0,31.0,31.0,34,26.6,31
0.5,0.25,1.0,Nevada,45.2,44,56,44.0,5.0,5.0,5,0.0,0.0,62.7,60.0,91.0,91.0,,,0.0,0.0,0,0.0,0
2.0,0.25,0.5,Nevada,45.2,44,56,44.0,5.8,6.0,6,0.0,0.0,65.3,60.0,91.0,91.0,,,0.0,0.0,0,0.0,0
2.0,0.25,2.0,Utah,45.2,40,53,40.5,15.6,16.0,16,0.2,1.0,61.1,53.0,74.2,77.0,44.2,54.0,9.7,9.0,13,2.4,4
0.5,0.1,2.0,South Dakota,45.2,42,46,46.0,44.1,44.0,46,0.0,0.0,51.4,53.0,53.9,55.5,28.0,28.0,21.2,22.0,24,4.0,5
1.0,0.25,1.0,South Dakota,45.2,42,46,46.0,45.4,45.5,46,0.0,0.0,49.1,47.0,53.5,52.5,28.0,28.0,21.2,21.5,23,4.3,6
0.5,0.25,0.5,South Dakota,45.2,42,46,46.0,38.0,38.0,39,0.0,0.0,51.2,52.0,53.1,55.0,49.5,49.5,9.9,10.0,13,4.9,6
1.0,0.1,1.0,South Dakota,45.2,42,46,46.0,43.3,43.5,45,0.0,0.0,53.9,56.0,55.8,56.0,28.0,28.0,22.4,22.0,25,5.6,8
1.0,0.25,1.0,Michigan,45.3,40,47,47.0,42.1,42.0,46,0.0,0.0,47.6,48.5,49.8,49.0,56.1,57.0,30.8,31.0,35,27.2,30
1.0,0.1,0.5,Minnesota,45.3,40,49,45.5,41.7,41.5,49,0.6,3.0,47.9,49.5,51.2,54.0,43.6,44.0,37.4,37.5,43,30.9,37
1.0,0.05,2.0,Oklahoma,45.5,37,73,37.0,38.8,38.5,41,0.0,0.0,59.8,57.0,66.6,68.0,28.0,28.0,14.6,15.0,21,9.8,13
1.0,0.25,0.5,Ohio,45.5,36,53,49.0,56.7,55.5,61,0.0,0.0,51.7,50.5,54.9,55.0,28.0,28.0,30.8,31.5,38,16.8,20
1.0,0.25,1.0,Nevada,45.6,44,60,44.0,5.8,6.0,6,0.0,0.0,69.7,66.5,91.0,91.0,,,0.0,0.0,0,0.0,0
1.0,0.05,0.5,South Dakota,45.6,42,46,46.0,41.2,41.0,43,0.0,0.0,55.0,56.0,57.3,56.5,35.1,28.0,18.3,18.5,22,4.0,5
1.0,0.1,0.5,South Dakota,45.6,42,46,46.0,42.2,43.0,45,0.0,0.0,55.2,56.0,56.3,56.0,28.0,28.0,18.9,18.5,24,4.3,6
0.5,0.25,2.0,South Dakota,45.6,42,46,46.0,44.8,45.0,46,0.0,0.0,48.8,47.0,52.2,52.5,28.0,28.0,21.3,22.0,24,4.6,5
0.5,0.1,0.5,South Dakota,45.6,42,46,46.0,36.6,37.0,38,0.0,0.0,54.3,55.5,56.8,56.0,36.6,28.0,11.6,11.0,17,4.7,6
0.5,0.05,2.0,South Dakota,45.6,42,46,46.0,42.2,42.0,44,0.0,0.0,55.3,56.0,57.5,56.5,28.0,28.0,21.8,21.0,26,5.0,6
2.0,0.1,0.5,South Dakota,45.6,42,46,46.0,44.7,45.0,46,0.0,0.0,52.9,53.0,55.6,56.0,28.0,28.0,21.2,21.0,25,5.2,6
1.0,0.25,2.0,South Dakota,45.6,42,46,46.0,45.7,46.0,47,0.0,0.0,50.6,52.0,53.3,53.0,28.0,28.0,20.0,20.0,22,5.3,6
2.0,0.25,1.0,South Dakota,45.6,42,46,46.0,45.2,45.0,46,0.0,0.0,51.7,52.0,53.5,53.0,28.0,28.0,21.2,21.5,24,5.4,6
2.0,0.25,2.0,South Dakota,45.6,42,46,46.0,45.4,45.0,47,0.0,0.0,49.9,49.5,53.3,53.0,28.0,28.0,21.2,21.5,24,5.4,7
2.0,0.05,0.5,South Dakota,45.6,42,46,46.0,43.8,44.0,45,0.0,0.0,57.0,60.0,59.6,61.5,35.1,28.0,22.0,21.5,29,5.6,7
2.0,0.1,2.0,South Dakota,45.6,42,46,46.0,44.8,45.0,46,0.0,0.0,52.6,52.5,56.4,56.0,28.0,28.0,22.0,22.0,25,5.7,7
2.0,0.05,1.0,South Dakota,45.6,42,46,46.0,44.1,44.5,46,0.0,0.0,57.2,59.0,59.6,61.0,28.0,28.0,21.8,22.0,23,6.0,8
0.5,0.1,2.0,Pennsylvania,45.6,41,64,41.0,42.6,40.5,48,0.8,4.0,65.8,66.0,72.3,73.0,32.8,28.0,35.7,36.0,49,12.6,16
0.5,0.05,1.0,Minnesota,45.6,42,49,46.0,37.3,38.0,42,0.8,2.0,50.3,51.0,52.8,54.5,40.6,40.0,33.4,34.5,41,30.6,37
0.5,0.05,2.0,California,45.6,35,73,37.0,4.8,5.0,6,11.6,26.0,71.0,64.5,142.5,140.0,28.0,28.0,95.6,93.0,111,31.7,34
0.5,0.1,0.5,Iowa,45.6,42,57,44.0,22.6,22.0,28,1.1,9.0,49.6,47.0,52.7,51.0,51.8,51.0,81.2,80.0,89,55.2,60
2.0,0.25,1.0,Idaho,45.7,38,51,44.0,12.8,12.5,15,0.6,3.0,50.9,52.0,53.1,54.0,30.1,28.0,39.0,39.0,41,14.3,17
2.0,0.25,0.5,Ohio,45.7,36,52,49.0,58.6,58.5,61,0.0,0.0,51.6,52.0,54.3,55.5,28.0,28.0,34.8,34.5,45,16.5,19
1.0,0.25,2.0,Michigan,45.7,40,47,47.0,42.3,42.0,46,0.0,0.0,48.0,48.5,49.3,49.0,56.6,57.0,31.9,32.0,33,27.4,30
0.5,0.05,0.5,Minnesota,45.7,42,50,46.0,35.3,36.0,39,0.3,1.0,49.4,50.0,52.2,52.5,44.6,48.0,30.0,31.0,34,30.6,36
ALL,ALL,ALL,South Dakota,45.705555555555556,42,60,46.0,41.05833333333333,43.0,47,0.0,0.0,55.15555555555556,56.0,58.861111111111114,56.0,37.480555555555554,28.0,18.47222222222222,20.0,29,4.913888888888889,9
0.5,0.25,1.0,Michigan,45.8,44,47,47.0,36.9,37.5,40,0.0,0.0,48.1,48.5,49.7,49.0,55.5,57.0,29.3,29.0,34,25.7,31
1.0,0.05,0.5,Iowa,45.8,44,57,44.0,24.1,24.0,29,0.6,3.0,49.7,50.0,52.6,52.0,48.9,53.5,89.3,89.5,100,59.8,63
1.0,0.05,1.0,Iowa,45.9,44,57,44.0,22.7,22.0,27,1.1,4.0,54.2,56.0,57.7,58.0,52.4,54.5,96.7,98.0,110,63.1,68
0.5,0.25,0.5,Illinois,46.0,46,46,46.0,51.7,52.0,54,0.0,0.0,47.7,47.0,53.5,54.0,46.9,49.0,5.4,6.0,7,1.3,2
0.5,0.25,1.0,Illinois,46.0,46,46,46.0,60.1,60.0,62,0.0,0.0,50.1,48.5,53.6,54.5,49.0,49.0,11.6,12.0,13,2.1,4
1.0,0.25,0.5,Illinois,46.0,46,46,46.0,61.5,62.0,64,0.0,0.0,49.9,48.5,54.0,54.0,49.0,49.0,11.6,11.0,15,2.2,4
1.0,0.25,2.0,Illinois,46.0,46,46,46.0,66.2,66.0,69,0.0,0.0,49.2,47.0,53.2,53.0,49.0,49.0,13.7,13.5,16,3.2,5
0.5,0.01,0.5,South Dakota,46.0,46,46,46.0,26.5,26.0,30,0.0,0.0,60.0,60.0,71.2,65.0,61.1,59.5,7.7,7.5,13,3.3,7
2.0,0.25,0.5,Illinois,46.0,46,46,46.0,65.9,66.0,68,0.0,0.0,50.4,51.0,53.4,54.0,49.0,49.0,12.7,13.0,15,3.4,5
2.0,0.25,1.0,Illinois,46.0,46,46,46.0,66.0,66.0,68,0.0,0.0,50.6,51.0,53.7,54.5,49.0,49.0,12.0,11.0,17,3.6,5
1.0,0.01,0.5,South Dakota,46.0,46,46,46.0,33.1,33.0,37,0.0,0.0,60.4,60.0,64.2,64.0,76.6,91.0,15.8,15.5,21,3.7,6
0.5,0.25,1.0,South Dakota,46.0,46,46,46.0,43.8,44.0,45,0.0,0.0,49.8,49.5,54.2,54.0,28.0,28.0,15.0,15.5,16,3.8,5
2.0,0.25,2.0,Illinois,46.0,46,46,46.0,66.1,66.0,68,0.0,0.0,49.4,47.0,53.0,53.5,46.9,49.0,16.8,18.0,19,3.9,5
0.5,0.05,1.0,South Dakota,46.0,46,46,46.0,40.2,41.0,43,0.0,0.0,57.7,58.0,59.0,58.0,28.0,28.0,15.6,15.0,20,4.2,6
0.5,0.01,1.0,South Dakota,46.0,46,46,46.0,31.1,32.0,35,0.0,0.0,60.4,60.0,69.8,64.0,62.1,59.5,13.5,12.0,20,4.3,7
2.0,0.01,0.5,South Dakota,46.0,46,46,46.0,39.4,39.0,42,0.0,0.0,59.8,60.0,66.4,64.0,56.4,28.0,17.5,17.0,21,4.4,7
0.5,0.05,0.5,South Dakota,46.0,46,46,46.0,35.0,35.0,37,0.0,0.0,55.8,55.0,59.0,58.0,36.6,28.0,11.0,11.0,13,4.9,6
1.0,0.01,1.0,South Dakota,46.0,46,46,46.0,36.6,36.5,40,0.0,0.0,60.4,60.0,66.9,64.0,84.9,95.0,15.9,15.5,24,4.9,7
2.0,0.01,1.0,South Dakota,46.0,46,46,46.0,37.5,37.5,40,0.0,0.0,60.2,60.0,64.4,64.0,50.6,28.0,18.8,18.5,25,5.1,9
2.0,0.01,2.0,South Dakota,46.0,46,46,46.0,38.9,38.5,42,0.0,0.0,62.6,60.0,72.8,64.0,28.0,28.0,18.5,20.0,23,5.1,6
2.0,0.1,1.0,South Dakota,46.0,46,46,46.0,45.0,45.0,46,0.0,0.0,53.8,53.0,55.8,56.0,28.0,28.0,22.4,23.0,24,5.4,8
1.0,0.01,2.0,South Dakota,46.0,46,46,46.0,38.4,38.5,41,0.0,0.0,59.8,60.0,64.4,64.0,69.9,93.5,20.8,21.0,24,5.5,7
1.0,0.1,2.0,South Dakota,46.0,46,46,46.0,44.6,45.0,45,0.0,0.0,54.1,56.0,56.0,56.0,28.0,28.0,22.1,22.0,24,5.8,7
2.0,0.05,2.0,South Dakota,46.0,46,46,46.0,43.6,43.5,45,0.0,0.0,57.0,56.0,59.4,59.0,28.0,28.0,23.7,24.0,26,5.9,7
1.0,0.05,1.0,South Dakota,46.0,46,46,46.0,42.2,42.5,44,0.0,0.0,58.8,60.0,60.1,60.0,28.0,28.0,21.2,21.0,28,6.1,7
1.0,0.05,2.0,South Dakota,46.0,46,46,46.0,43.3,43.5,45,0.0,0.0,57.2,56.0,57.9,56.5,28.0,28.0,21.0,21.0,24,6.5,9
1.0,0.25,2.0,Washington,46.0,46,46,46.0,10.1,10.0,12,0.0,0.0,49.0,49.0,55.1,53.5,28.0,28.0,19.4,19.5,22,19.3,21
2.0,0.25,2.0,Michigan,46.0,40,47,47.0,41.9,42.5,46,0.0,0.0,48.5,49.0,50.1,49.0,56.8,57.0,30.1,31.0,34,27.4,30
2.0,0.1,2.0,New York,46.0,41,60,41.0,12.3,12.0,17,2.4,7.0,54.5,53.0,63.3,60.0,28.0,28.0,213.7,216.5,225,38.7,41
ALL,ALL,ALL,Minnesota,46.08611111111111,40,68,42.0,41.23888888888889,41.0,54,0.2833333333333333,5.0,49.41388888888889,43.0,52.94444444444444,49.0,42.602777777777774,36.0,36.394444444444446,37.0,50,30.430555555555557,42
0.5,0.1,1.0,Pennsylvania,46.2,41,77,41.0,41.3,41.0,49,0.3,3.0,63.9,64.0,71.4,66.5,34.2,28.0,34.5,35.0,47,12.6,18
1.0,0.25,2.0,Idaho,46.2,38,51,44.0,12.4,12.0,15,1.1,3.0,50.8,51.5,53.1,53.0,34.7,28.0,38.3,39.0,46,14.8,18
2.0,0.05,1.0,Minnesota,46.2,40,49,49.0,42.9,42.5,46,0.6,1.0,50.8,53.0,54.4,56.0,44.3,48.0,40.7,41.5,45,31.8,35
ALL,ALL,ALL,Wyoming,46.21388888888889,42,143,45.0,9.669444444444444,10.0,14,0.0,0.0,65.50555555555556,64.0,89.3072625698324,67.0,77.22905027932961,77.0,2.6033519553072626,2.0,11,0.375,2
1.0,0.25,2.0,Nevada,46.3,44,56,44.0,6.0,6.0,6,0.0,0.0,65.9,60.0,91.0,91.0,,,0.0,0.0,0,0.0,0
2.0,0.01,0.5,Colorado,46.3,39,68,47.0,20.7,21.0,23,0.0,0.0,61.9,68.0,82.8,81.5,28.0,28.0,41.9,41.5,52,8.2,11
1.0,0.25,1.0,Idaho,46.3,38,51,47.5,13.1,13.0,15,0.3,1.0,49.7,51.0,52.0,52.0,28.0,28.0,37.1,37.0,41,14.1,16
0.5,0.25,1.0,Washington,46.3,46,49,46.0,9.0,8.5,11,0.0,0.0,49.0,49.0,59.2,62.0,28.0,28.0,16.2,16.0,18,19.8,22
2.0,0.05,2.0,Minnesota,46.3,42,49,49.0,42.3,41.5,48,1.0,3.0,50.4,51.5,54.2,56.0,40.5,28.0,42.2,42.5,50,32.3,36
0.5,0.05,0.5,Iowa,46.3,44,57,44.0,22.3,21.0,29,0.4,2.0,50.3,50.0,55.3,57.0,51.8,54.0,78.1,75.5,88,54.2,59
0.5,0.25,0.5,Nevada,46.4,44,56,44.0,4.1,4.0,5,0.0,0.0,61.1,60.0,91.0,91.0,,,0.0,0.0,0,0.0,0
2.0,0.25,0.5,Utah,46.4,40,53,46.5,16.0,16.0,17,0.1,1.0,55.6,53.0,67.7,62.0,34.3,28.0,9.8,9.5,11,2.4,4
0.5,0.1,1.0,Idaho,46.4,38,51,51.0,14.4,14.5,16,0.0,0.0,50.1,52.0,53.0,54.0,32.2,28.0,35.6,34.0,41,11.1,13
2.0,0.25,2.0,Ohio,46.4,36,56,49.0,60.6,60.5,64,0.0,0.0,51.5,50.5,54.5,54.0,28.0,28.0,34.4,34.0,41,16.7,19
1.0,0.1,2.0,Michigan,46.4,44,50,47.0,45.2,45.5,48,0.0,0.0,49.3,49.0,52.0,51.0,58.2,57.0,29.5,29.5,32,22.9,26
1.0,0.25,1.0,Illinois,46.6,46,52,46.0,65.5,65.0,69,0.0,0.0,48.4,47.0,53.3,54.0,51.2,49.0,12.9,13.5,16,3.4,5
0.5,0.25,2.0,Illinois,46.6,46,52,46.0,64.2,64.0,67,0.0,0.0,50.4,51.0,54.3,54.0,50.0,49.0,14.3,14.5,17,3.6,5
1.0,0.25,0.5,Washington,46.6,46,49,46.0,10.8,11.0,13,0.0,0.0,50.1,49.0,52.5,49.0,28.0,28.0,18.4,18.5,21,18.0,20
2.0,0.25,0.5,Washington,46.6,46,49,46.0,11.3,11.0,13,0.0,0.0,49.0,49.0,52.3,49.0,28.0,28.0,18.8,18.5,22,18.2,20
2.0,0.25,2.0,Washington,46.6,46,49,46.0,10.4,10.0,12,0.2,1.0,51.2,49.0,57.2,62.0,28.0,28.0,20.7,21.0,23,19.0,20
0.5,0.1,1.0,Michigan,46.6,40,53,47.0,37.3,37.5,42,0.0,0.0,49.5,49.0,51.5,49.0,56.9,57.0,25.3,25.0,29,22.9,26
0.5,0.05,1.0,Iowa,46.6,42,57,44.0,26.0,28.0,30,0.8,4.0,52.8,53.0,55.6,56.5,51.4,54.0,87.0,85.0,103,56.2,66
1.0,0.25,0.5,Utah,46.7,40,53,46.5,14.1,14.0,16,0.1,1.0,58.4,53.0,68.6,62.0,33.8,28.0,8.8,9.0,10,3.1,5
1.0,0.05,1.0,Minnesota,46.7,40,49,49.0,40.8,41.0,51,0.5,2.0,51.0,53.0,53.9,54.5,41.0,36.0,39.1,39.0,45,31.1,38
2.0,0.05,0.5,Minnesota,46.8,41,49,49.0,41.8,43.0,49,0.7,2.0,53.0,54.5,55.2,56.0,54.8,60.0,34.9,33.5,39,31.5,37
2.0,0.05,0.5,Iowa,46.8,44,57,44.0,20.7,20.5,25,1.7,6.0,55.8,57.0,58.5,60.0,50.1,54.5,99.7,101.0,111,65.5,68
2.0,0.05,1.0,Iowa,46.8,44,57,44.0,20.7,20.0,25,0.5,2.0,54.5,57.0,56.7,58.5,49.5,54.0,102.1,101.5,110,66.3,69
0.5,0.25,0.5,Washington,46.9,46,49,46.0,9.5,9.5,11,0.1,1.0,51.2,49.0,59.0,62.0,28.0,28.0,11.4,12.0,13,14.0,16
0.5,0.25,2.0,Washington,46.9,46,49,46.0,10.1,9.5,13,0.2,1.0,51.2,49.0,60.3,62.0,28.0,28.0,17.6,18.0,20,19.2,22
0.5,0.05,0.5,California,46.9,37,55,47.0,3.2,3.0,5,7.555555555555555,16.0,57.111111111111114,56.0,102.0,73.0,28.0,28.0,84.6,87.0,89,26.6,30
ALL,ALL,ALL,Iowa,46.96944444444444,42,62,44.0,23.57777777777778,23.0,37,0.425,9.0,51.325,49.0,56.09444444444444,52.0,48.45,51.0,93.96666666666667,95.0,129,60.81666666666667,74
0.5,0.25,0.5,Idaho,47.0,38,51,51.0,12.4,13.0,14,0.3,2.0,50.3,52.0,53.2,54.0,32.6,28.0,32.2,32.5,36,13.3,15
2.0,0.05,1.0,California,47.0,35,54,54.0,4.8,5.0,6,6.4,25.0,65.2,56.0,134.9,140.0,28.0,28.0,94.5,94.0,104,31.9,34
0.5,0.1,0.5,New York,47.0,41,60,41.0,11.3,11.5,14,2.4,7.0,59.0,60.0,64.7,66.0,28.0,28.0,162.8,163.5,175,34.7,39
0.5,0.1,0.5,California,47.1,35,55,54.0,3.4,3.5,5,7.3,30.0,75.3,55.5,58.285714285714285,56.0,28.0,28.0,85.8,86.0,97,27.8,30
2.0,0.01,1.0,Wyoming,47.2,45,67,45.0,8.8,9.0,11,0.0,0.0,87.3,77.0,150.1,178.0,85.5,77.0,5.4,5.5,7,0.7,2
1.0,0.05,0.5,New York,47.3,41,66,41.0,11.0,10.5,16,3.6,13.0,63.7,60.0,76.2,73.5,28.0,28.0,199.0,202.0,210,37.8,42
0.5,0.01,2.0,New Mexico,47.4,41,56,46.5,11.6,12.0,14,0.0,0.0,52.8,50.0,66.1,56.0,28.0,28.0,23.6,23.0,31,3.1,5
0.5,0.01,2.0,South Dakota,47.4,46,60,46.0,35.3,35.5,37,0.0,0.0,61.8,60.0,72.5,66.0,50.8,28.0,15.3,16.0,18,4.7,8
2.0,0.25,2.0,Idaho,47.6,38,51,51.0,13.5,13.0,16,0.4,2.0,50.6,51.0,52.6,52.0,34.7,28.0,35.8,36.0,39,13.8,16
0.5,0.25,0.5,Utah,47.7,40,53,52.0,10.0,10.0,12,0.4,1.0,64.7,53.0,80.3,82.0,41.0,41.0,6.3,6.0,8,1.9,5
0.5,0.1,2.0,Idaho,47.7,38,51,51.0,13.4,13.5,16,0.1,1.0,51.0,52.0,53.6,54.0,37.2,28.0,35.1,35.0,42,13.0,15
2.0,0.25,1.0,Washington,47.8,46,49,49.0,10.9,11.0,13,0.2,2.0,52.3,49.0,57.3,60.0,28.0,28.0,20.2,20.5,22,18.8,20
0.5,0.25,2.0,Utah,47.9,40,53,53.0,14.3,14.0,15,0.4,1.0,67.9,69.5,84.2,82.0,33.8,28.0,10.1,10.0,13,2.8,4
2.0,0.1,2.0,Idaho,47.9,38,54,51.0,14.5,14.5,16,0.5,3.0,52.3,52.0,54.1,54.0,32.8,28.0,37.7,38.5,46,12.4,16
1.0,0.1,1.0,Michigan,47.9,40,58,47.0,45.2,44.5,57,0.1,1.0,52.8,49.0,55.9,53.0,59.1,60.0,28.3,28.0,33,23.3,28
0.5,0.25,1.0,New Hampshire,48.0,48,48,48.0,6.9,7.0,7,0.0,0.0,89.0,89.0,105.2,97.0,94.0,94.0,1.0,1.0,1,0.0,0
1.0,0.05,2.0,New Hampshire,48.0,48,48,48.0,6.5,6.5,7,0.0,0.0,155.5,184.0,175.9,201.5,94.0,94.0,1.0,1.0,1,0.0,0
1.0,0.25,0.5,New Hampshire,48.0,48,48,48.0,6.8,7.0,7,0.0,0.0,89.0,89.0,103.8,101.5,94.0,94.0,1.0,1.0,1,0.0,0
1.0,0.05,0.5,New Hampshire,48.0,48,48,48.0,5.5,5.5,7,0.0,0.0,148.5,184.0,167.9,199.0,87.66666666666667,94.0,1.3333333333333333,1.0,2,0.0,0
1.0,0.25,2.0,New Hampshire,48.0,48,48,48.0,7.0,7.0,7,0.0,0.0,89.0,89.0,112.5,106.0,94.0,94.0,1.0,1.0,1,0.0,0
0.5,0.05,1.0,New Hampshire,48.0,48,48,48.0,4.9,5.0,6,0.0,0.0,161.2,184.0,194.4,204.0,89.25,94.0,1.0,1.0,1,0.0,0
2.0,0.25,1.0,New Hampshire,48.0,48,48,48.0,7.0,7.0,7,0.0,0.0,89.0,89.0,102.0,97.0,94.0,94.0,1.0,1.0,1,0.0,0
2.0,0.05,1.0,New Hampshire,48.0,48,48,48.0,6.9,7.0,7,0.0,0.0,143.0,156.5,195.5,194.0,87.66666666666667,94.0,1.6666666666666667,2.0,2,0.0,0
0.5,0.25,2.0,New Hampshire,48.0,48,48,48.0,7.0,7.0,7,0.0,0.0,89.0,89.0,109.7,106.0,,,0.0,0.0,0,0.0,0
1.0,0.05,1.0,New Hampshire,48.0,48,48,48.0,5.5,5.5,6,0.0,0.0,178.2,184.0,208.7,204.0,94.0,94.0,1.0,1.0,1,0.0,0
0.5,0.05,0.5,New Hampshire,48.0,48,48,48.0,3.9,4.0,5,0.0,0.0,149.3,156.5,184.33333333333334,184.0,94.0,94.0,1.0,1.0,1,0.0,0
0.5,0.25,0.5,New Hampshire,48.0,48,48,48.0,5.1,5.0,6,0.0,0.0,89.0,89.0,103.8,101.5,94.0,94.0,1.0,1.0,1,0.0,0
1.0,0.25,1.0,New Hampshire,48.0,48,48,48.0,6.6,7.0,7,0.0,0.0,89.0,89.0,107.0,106.0,94.0,94.0,1.0,1.0,1,0.0,0
0.5,0.05,2.0,New Hampshire,48.0,48,48,48.0,5.6,5.5,7,0.0,0.0,144.5,156.5,191.5,194.0,94.0,94.0,1.0,1.0,1,0.0,0
2.0,0.25,2.0,New Hampshire,48.0,48,48,48.0,7.0,7.0,7,0.0,0.0,89.0,89.0,113.9,101.5,94.0,94.0,1.0,1.0,1,0.0,0
2.0,0.25,0.5,New Hampshire,48.0,48,48,48.0,7.0,7.0,7,0.0,0.0,93.0,89.0,111.1,106.0,94.0,94.0,1.0,1.0,1,0.0,0
2.0,0.05,2.0,New Hampshire,48.0,48,48,48.0,6.5,6.5,7,0.0,0.0,165.0,184.0,191.5,204.0,124.625,94.0,1.25,1.0,2,0.0,0
2.0,0.1,1.0,New Hampshire,48.0,48,48,48.0,7.0,7.0,7,0.0,0.0,136.7,129.0,177.3,184.0,94.0,94.0,1.1666666666666667,1.0,2,0.0,0
1.0,0.1,0.5,New Hampshire,48.0,48,48,48.0,6.3,6.0,7,0.0,0.0,137.5,129.0,167.2,184.0,87.66666666666667,94.0,1.3333333333333333,1.0,2,0.0,0
0.5,0.1,1.0,New Hampshire,48.0,48,48,48.0,6.1,6.0,7,0.0,0.0,94.7,89.0,128.5,117.5,94.0,94.0,1.0,1.0,1,0.0,0
1.0,0.1,2.0,New Hampshire,48.0,48,48,48.0,6.9,7.0,7,0.0,0.0,112.0,89.0,140.7,129.0,94.0,94.0,1.0,1.0,1,0.0,0
2.0,0.1,2.0,New Hampshire,48.0,48,48,48.0,6.9,7.0,7,0.0,0.0,105.9,89.0,135.1,129.0,94.0,94.0,1.0,1.0,1,0.0,0
2.0,0.1,0.5,New Hampshire,48.0,48,48,48.0,7.0,7.0,7,0.0,0.0,106.7,93.0,142.9,129.0,94.0,94.0,1.0,1.0,1,0.0,0
0.5,0.1,2.0,New Hampshire,48.0,48,48,48.0,6.5,6.5,7,0.0,0.0,93.8,89.0,127.6,129.0,94.0,94.0,1.0,1.0,1,0.0,0
1.0,0.1,1.0,New Hampshire,48.0,48,48,48.0,6.6,7.0,7,0.0,0.0,108.0,89.0,132.1,129.0,94.0,94.0,1.0,1.0,1,0.0,0
0.5,0.1,0.5,New Hampshire,48.0,48,48,48.0,4.9,5.0,6,0.0,0.0,106.5,89.0,142.4,129.0,94.0,94.0,1.0,1.0,1,0.0,0
0.5,0.1,1.0,Utah,48.1,40,53,53.0,13.2,13.0,15,0.1,1.0,67.3,69.5,84.2,82.0,38.4,28.0,9.1,9.5,13,2.8,4
0.5,0.25,0.5,Ohio,48.1,36,53,49.0,51.1,50.5,54,0.0,0.0,52.2,52.0,54.4,54.5,28.0,28.0,29.0,28.5,37,16.2,19
0.5,0.01,2.0,Wyoming,48.2,45,77,45.0,7.0,7.0,8,0.0,0.0,103.0,81.0,162.5,165.5,103.0,77.0,2.9,3.0,5,0.0,0
1.0,0.01,2.0,Wyoming,48.2,45,77,45.0,8.3,8.5,9,0.0,0.0,102.8,82.0,179.8,188.0,70.7,77.0,6.3,6.0,10,0.2,1
1.0,0.25,2.0,Ohio,48.2,36,56,49.0,58.7,58.5,61,0.0,0.0,53.7,54.5,55.4,56.5,28.0,28.0,35.2,35.5,39,16.7,19
2.0,0.1,0.5,Michigan,48.2,40,58,47.0,44.7,43.5,55,0.0,0.0,51.6,49.0,54.7,53.0,56.9,57.0,28.1,29.0,33,23.0,28
1.0,0.25,1.0,Washington,48.3,46,60,46.0,10.7,11.0,12,0.1,1.0,52.5,49.0,56.6,61.0,28.0,28.0,19.8,20.0,23,18.3,20
ALL,ALL,ALL,Oklahoma,48.31111111111111,36,83,37.0,33.69722222222222,37.0,45,0.002777777777777778,1.0,57.00277777777778,50.0,71.88888888888889,57.0,31.15,28.0,14.127777777777778,14.0,34,7.280555555555556,15
0.5,0.1,2.0,Illinois,48.4,46,54,46.0,62.2,62.0,65,0.0,0.0,53.8,53.5,57.4,55.0,49.2,49.0,16.0,17.0,19,3.2,6
1.0,0.1,1.0,Idaho,48.4,38,51,51.0,13.4,13.5,15,0.0,0.0,51.0,52.0,53.6,54.0,28.0,28.0,39.6,39.5,46,13.1,15
0.5,0.1,2.0,Michigan,48.4,40,58,47.0,44.1,43.5,50,0.0,0.0,50.8,49.0,54.1,53.0,58.7,60.0,27.0,27.0,32,23.4,26
0.5,0.01,1.0,Wisconsin,48.4,35,53,53.0,33.2,34.0,42,0.7,3.0,64.6,66.0,73.8,70.5,30.9,28.0,63.8,63.5,72,26.0,37
0.5,0.05,1.0,California,48.5,37,59,54.0,3.7,3.5,6,8.8,29.0,78.1,56.0,110.0,73.0,28.0,28.0,91.0,89.0,102,28.8,30
0.5,0.25,2.0,Ohio,48.6,36,55,49.0,57.1,56.5,61,0.0,0.0,52.5,53.5,54.7,55.5,28.0,28.0,33.8,33.0,40,16.9,19
2.0,0.1,0.5,Illinois,48.7,46,59,46.0,65.0,65.0,66,0.0,0.0,53.9,54.0,57.5,57.0,54.4,49.0,14.1,13.5,18,2.4,4
1.0,0.25,0.5,North Carolina,48.7,48,49,49.0,25.6,25.0,27,0.0,0.0,51.1,52.0,61.9,53.0,61.1,60.5,10.2,10.5,14,5.2,7
0.5,0.25,1.0,Ohio,48.7,36,55,49.0,56.7,57.0,59,0.0,0.0,51.4,49.0,54.6,55.5,28.0,28.0,30.6,30.5,35,16.4,19
1.0,0.05,0.5,California,48.8,35,73,45.0,4.4,4.0,6,7.4,17.0,60.5,56.0,103.3,75.0,28.0,28.0,89.1,91.0,103,29.3,31
0.5,0.25,0.5,North Carolina,48.9,48,49,49.0,21.1,21.5,23,0.0,0.0,51.7,52.0,66.7,76.0,58.1,53.0,9.3,9.0,13,5.0,7
0.5,0.25,1.0,Idaho,48.9,44,51,51.0,13.2,13.0,15,0.6,3.0,51.3,51.0,52.6,52.0,35.1,28.0,34.9,35.0,40,12.4,15
0.5,0.1,1.0,Ohio,48.9,36,70,49.0,54.2,55.0,59,0.0,0.0,56.2,56.0,61.0,57.0,28.0,28.0,26.6,27.0,31,16.0,20
0.5,0.25,2.0,Florida,48.9,45,58,45.0,14.7,14.0,18,0.7,1.0,54.9,51.0,61.9,58.0,28.0,28.0,29.7,29.0,35,20.6,24
1.0,0.1,2.0,California,48.9,37,54,54.0,5.0,4.5,8,6.8,28.0,63.8,55.5,130.8,92.0,28.0,28.0,92.7,92.5,102,32.3,34
0.5,0.25,0.5,Georgia,49.0,49,49,49.0,32.0,31.5,37,0.0,0.0,67.6,67.0,69.4,68.0,82.3,78.0,4.1,4.0,5,1.4,2
0.5,0.25,1.0,Georgia,49.0,49,49,49.0,46.3,46.5,48,0.0,0.0,65.6,67.0,68.5,68.0,79.0,78.0,4.7,5.0,6,3.3,5
1.0,0.25,0.5,Georgia,49.0,49,49,49.0,48.6,47.0,53,0.0,0.0,68.5,67.0,72.7,70.5,90.6,97.0,5.6,5.5,8,4.4,6
2.0,0.25,0.5,Oregon,49.0,49,49,49.0,18.3,18.5,19,0.0,0.0,57.1,56.0,63.2,61.0,87.4,62.0,5.4,5.5,7,4.5,6
0.5,0.25,1.0,North Carolina,49.0,49,49,49.0,24.1,24.0,25,0.0,0.0,52.0,52.0,76.0,76.0,63.8,71.0,8.1,8.0,9,5.2,6
0.5,0.25,2.0,Georgia,49.0,49,49,49.0,55.2,55.5,56,0.0,0.0,67.6,67.0,69.4,68.0,77.2,78.0,5.4,5.5,8,5.2,7
2.0,0.25,0.5,Georgia,49.0,49,49,49.0,59.3,59.5,61,0.0,0.0,66.3,67.0,68.4,68.0,62.6,73.5,8.2,8.0,10,5.3,7
0.5,0.25,2.0,North Carolina,49.0,49,49,49.0,27.8,28.0,29,0.0,0.0,52.0,52.0,71.4,76.0,66.2,71.0,8.2,8.0,11,5.4,6
1.0,0.25,1.0,North Carolina,49.0,49,49,49.0,27.9,28.0,30,0.0,0.0,54.4,52.0,72.3,76.0,64.4,68.0,10.2,10.0,15,5.4,7
2.0,0.25,2.0,Georgia,49.0,49,49,49.0,63.0,63.5,65,0.0,0.0,66.6,67.0,69.2,68.0,57.2,48.5,8.4,9.0,12,5.7,8
1.0,0.25,2.0,Georgia,49.0,49,49,49.0,59.4,59.5,63,0.0,0.0,67.3,67.0,68.5,68.0,76.3,78.0,6.3,6.0,11,5.8,8
2.0,0.25,0.5,North Carolina,49.0,49,49,49.0,29.2,29.0,30,0.0,0.0,52.0,52.0,71.4,76.0,64.1,65.0,9.5,9.0,13,5.9,7
2.0,0.25,1.0,Georgia,49.0,49,49,49.0,60.8,61.0,63,0.0,0.0,66.6,67.0,70.4,70.0,63.5,61.0,8.2,8.0,10,6.0,9
2.0,0.25,1.0,North Carolina,49.0,49,49,49.0,30.8,31.0,33,0.0,0.0,52.0,52.0,76.0,76.0,62.0,62.0,9.3,9.5,11,6.4,8
2.0,0.25,2.0,North Carolina,49.0,49,49,49.0,31.2,31.0,33,0.0,0.0,52.0,52.0,69.1,76.0,64.6,59.0,11.7,11.0,16,6.6,8
1.0,0.25,2.0,North Carolina,49.0,49,49,49.0,29.3,29.0,31,0.0,0.0,52.0,52.0,64.5,64.5,61.4,59.0,11.3,11.5,16,6.7,8
1.0,0.1,0.5,Idaho,49.0,38,51,51.0,13.8,13.5,17,0.1,1.0,52.0,52.0,53.9,54.0,30.1,28.0,37.9,38.5,42,11.6,14
2.0,0.1,0.5,Idaho,49.0,38,51,51.0,14.2,14.5,16,0.3,3.0,51.6,52.0,53.7,54.0,28.0,28.0,39.0,39.0,44,12.1,15
0.5,0.25,2.0,Idaho,49.0,38,51,51.0,14.3,14.0,17,0.0,0.0,50.9,52.0,53.2,54.0,40.5,40.5,34.3,33.0,40,12.5,15
2.0,0.1,2.0,Michigan,49.0,40,58,47.0,44.8,45.0,49,0.0,0.0,51.8,49.0,55.1,54.0,59.1,60.0,27.9,27.0,32,23.2,26
2.0,0.05,2.0,Iowa,49.0,44,57,44.0,21.6,21.5,28,0.3,1.0,53.3,53.5,57.3,58.5,41.9,40.5,105.0,103.0,117,65.9,73
1.0,0.25,1.0,Ohio,49.1,36,56,49.0,59.2,59.5,61,0.0,0.0,53.1,54.0,55.9,56.0,28.0,28.0,33.6,34.5,39,15.8,20
2.0,0.25,1.0,Utah,49.2,40,53,53.0,15.6,16.0,17,0.2,1.0,64.7,62.0,80.2,82.0,41.9,41.0,10.3,10.0,14,2.6,4
2.0,0.1,0.5,Utah,49.2,40,53,53.0,15.6,16.0,17,0.1,1.0,71.5,77.0,79.5,82.0,33.2,28.0,10.4,10.5,12,2.7,4
2.0,0.05,2.0,Oklahoma,49.2,37,75,41.0,40.0,40.0,44,0.0,0.0,62.0,68.0,71.7,74.0,28.0,28.0,16.5,14.0,26,12.6,15
0.5,0.1,0.5,Michigan,49.2,40,55,47.0,33.3,33.5,37,0.0,0.0,52.1,49.0,54.9,55.0,56.7,57.0,23.6,24.0,30,21.7,28
1.0,0.1,1.0,New York,49.2,41,66,41.0,11.1,11.0,15,2.6,9.0,60.9,60.0,67.4,66.0,28.0,28.0,216.8,216.5,230,39.7,44
1.0,0.25,1.0,Utah,49.3,40,53,53.0,15.5,15.0,17,0.2,1.0,65.9,62.0,79.2,82.0,46.0,54.0,9.4,9.5,11,2.7,4
1.0,0.1,1.0,Utah,49.3,40,53,53.0,14.9,15.0,16,0.2,1.0,72.1,77.0,85.0,82.0,37.6,28.0,10.8,11.0,14,3.2,4
0.5,0.1,1.0,North Carolina,49.3,49,52,49.0,21.8,22.0,24,0.0,0.0,59.2,52.0,75.5,76.0,75.7,76.5,7.3,7.0,11,4.8,7
2.0,0.1,1.0,New York,49.3,41,71,42.5,12.8,13.5,17,1.9,7.0,59.5,60.0,67.5,66.0,28.0,28.0,204.3,204.0,225,38.2,44
2.0,0.1,1.0,Illinois,49.4,46,59,46.0,64.3,64.0,68,0.0,0.0,55.9,54.0,59.5,59.0,52.9,49.0,14.6,15.0,17,3.1,5
1.0,0.01,2.0,Wisconsin,49.4,35,53,53.0,34.5,33.5,41,0.6,1.0,63.8,66.0,72.8,73.5,33.8,28.0,70.6,69.5,78,26.1,32
2.0,0.1,2.0,Illinois,49.5,46,59,46.0,64.9,65.0,66,0.0,0.0,56.1,54.0,59.3,57.0,53.9,49.0,16.1,16.0,18,3.3,5
2.0,0.1,1.0,Idaho,49.6,44,51,51.0,13.3,13.5,15,0.1,1.0,52.4,52.0,53.6,54.0,30.5,28.0,40.1,41.0,47,13.3,16
0.5,0.05,0.5,New York,49.8,41,66,44.0,11.0,12.0,17,1.5,6.0,62.3,60.0,73.4,71.0,28.0,28.0,155.1,155.0,179,33.3,40
0.5,0.1,0.5,Idaho,49.9,44,54,51.0,12.7,13.0,14,0.4,2.0,53.9,54.0,54.7,54.0,28.0,28.0,34.0,33.5,39,12.2,15
2.0,0.1,0.5,Pennsylvania,49.9,41,78,41.0,43.7,44.0,48,0.6,4.0,69.9,64.0,74.2,71.0,48.9,40.0,31.4,35.0,38,12.8,18
0.5,0.1,1.0,Illinois,50.0,46,54,50.0,56.0,56.5,58,0.0,0.0,54.6,54.0,58.3,59.0,55.1,49.0,12.9,13.0,15,2.0,3
2.0,0.01,2.0,Wisconsin,50.0,35,76,48.0,37.7,37.0,42,0.6,3.0,66.2,60.5,80.9,80.5,32.4,28.0,65.7,64.0,81,23.5,29
1.0,0.01,1.0,Wisconsin,50.0,35,69,53.0,35.4,35.0,40,0.3,1.0,65.4,66.0,72.2,72.0,34.5,28.0,73.0,72.0,93,25.0,31
0.5,0.01,2.0,Colorado,50.2,39,68,43.0,18.9,18.0,22,0.1,1.0,68.4,67.0,80.5,69.0,28.0,28.0,37.1,35.5,45,6.9,9
1.0,0.25,1.0,Indiana,50.2,42,57,51.5,64.7,65.0,67,0.0,0.0,55.4,55.5,57.4,57.0,28.0,28.0,19.6,19.5,22,9.8,11
2.0,0.05,1.0,Idaho,50.2,38,56,51.0,14.7,14.0,16,0.0,0.0,53.6,54.0,55.7,55.0,28.0,28.0,40.1,41.0,46,11.5,13
1.0,0.05,0.5,Michigan,50.2,44,58,48.0,38.3,38.5,43,0.1,1.0,54.0,54.0,57.9,58.0,59.4,60.0,22.9,23.5,27,20.7,25
0.5,0.25,1.0,Utah,50.3,40,53,53.0,13.1,13.0,14,0.3,1.0,69.8,77.0,80.8,82.0,36.4,28.0,8.5,8.0,13,2.8,4
1.0,0.1,1.0,Illinois,50.3,46,59,46.5,62.4,62.0,65,0.0,0.0,56.0,54.0,59.0,59.0,55.7,49.0,14.8,14.0,19,3.1,4
0.5,0.01,0.5,Colorado,50.3,39,68,47.0,14.0,14.0,17,0.2,1.0,67.0,58.5,79.2,68.0,28.0,28.0,23.3,25.0,31,3.2,5
1.0,0.25,0.5,Indiana,50.3,42,57,52.5,61.8,61.5,64,0.0,0.0,54.9,56.0,56.5,57.0,28.0,28.0,17.9,17.5,22,9.0,11
0.5,0.05,0.5,Idaho,50.5,44,56,51.0,12.8,13.0,15,0.3,2.0,55.8,54.0,58.3,56.0,38.8,28.0,35.0,34.5,42,10.8,15
2.0,0.1,2.0,Pennsylvania,50.5,41,78,41.0,45.0,46.5,49,0.5,3.0,66.2,64.0,70.5,67.0,52.9,48.5,33.7,33.5,52,11.7,18
0.5,0.1,2.0,Utah,50.6,41,53,53.0,14.1,14.0,16,0.3,1.0,72.2,77.0,84.4,82.0,33.2,28.0,10.8,10.5,13,3.0,5
2.0,0.05,2.0,Idaho,50.7,44,54,51.0,13.8,14.0,15,0.2,1.0,56.3,54.0,57.8,55.0,30.5,28.0,40.7,41.0,44,12.6,14
1.0,0.1,2.0,Illinois,50.8,46,59,50.5,64.7,64.5,69,0.0,0.0,55.2,54.5,58.6,59.0,63.7,62.0,13.2,14.0,16,2.8,5
1.0,0.25,0.5,Oregon,50.9,49,61,49.0,17.2,17.0,19,0.0,0.0,57.0,56.0,63.3,61.0,87.6,62.0,4.0,5.0,5,2.5,3
1.0,0.05,1.0,California,50.9,37,56,54.0,4.5,4.5,6,11.4,27.0,91.1,64.5,196.7,152.5,28.0,28.0,96.1,96.5,103,31.6,33
2.0,0.05,2.0,California,50.9,37,56,54.0,5.0,4.5,9,12.2,25.0,80.2,73.0,208.8,188.0,28.0,28.0,91.1,94.0,105,32.2,34
1.0,0.1,2.0,Idaho,51.0,51,51,51.0,14.0,14.0,15,0.0,0.0,53.4,54.0,54.2,54.0,35.5,28.0,40.5,40.0,47,12.8,14
2.0,0.05,0.5,California,51.0,35,56,54.5,4.0,4.0,5,11.9,26.0,77.6,64.5,185.7,140.0,28.0,28.0,96.0,94.5,113,32.2,34
2.0,0.1,1.0,Michigan,51.1,44,58,48.5,44.7,44.5,47,0.0,0.0,53.3,52.0,57.3,56.5,59.4,60.0,27.3,28.0,30,24.0,26
1.0,0.1,0.5,New York,51.1,41,60,52.0,12.4,12.0,17,0.8,4.0,60.9,62.5,65.7,66.0,28.0,28.0,193.8,191.0,210,36.7,39
2.0,0.25,1.0,Indiana,51.2,42,57,52.0,67.0,67.0,69,0.0,0.0,55.5,55.5,57.4,57.0,28.0,28.0,21.1,21.0,25,9.7,13
2.0,0.05,0.5,Idaho,51.2,44,54,51.0,14.0,14.0,16,0.5,2.0,56.9,54.0,58.8,55.5,28.0,28.0,41.1,40.0,47,12.0,15
2.0,0.01,0.5,Wyoming,51.4,45,77,45.0,7.9,8.0,9,0.0,0.0,100.6,81.0,149.0,148.5,89.8,77.0,6.1,5.0,11,0.6,1
1.0,0.25,1.0,Georgia,51.4,49,73,49.0,58.0,59.0,60,0.0,0.0,69.3,67.0,73.3,68.0,79.1,78.0,6.4,6.5,8,4.6,7
0.5,0.25,2.0,Missouri,51.4,49,55,49.0,72.1,72.0,76,0.0,0.0,57.7,57.5,61.5,61.0,38.5,28.0,16.8,17.0,18,10.7,13
0.5,0.1,1.0,Washington,51.4,46,60,49.0,9.3,9.5,11,0.5,2.0,56.9,54.5,65.0,62.0,38.0,28.0,17.9,18.0,20,18.0,21
2.0,0.1,1.0,Washington,51.4,46,60,49.0,10.1,10.0,12,0.4,2.0,58.2,60.0,63.7,62.0,28.0,28.0,21.5,21.0,25,18.9,21
2.0,0.05,2.0,New York,51.4,41,60,52.0,13.4,13.0,19,1.5,8.0,67.0,65.5,77.7,76.0,28.0,28.0,195.6,195.0,227,37.3,42
ALL,ALL,ALL,Michigan,51.41111111111111,40,105,49.0,40.916666666666664,41.0,57,0.08055555555555556,2.0,60.78611111111111,55.0,66.0,58.0,67.34722222222223,60.0,23.494444444444444,25.0,36,21.175,31
1.0,0.25,2.0,Utah,51.5,41,53,53.0,15.1,15.0,16,0.3,1.0,65.9,62.0,79.6,82.0,36.1,28.0,9.4,10.0,11,3.0,4
0.5,0.25,1.0,Florida,51.5,45,58,51.5,14.8,15.0,17,0.7,2.0,57.5,57.5,62.6,62.0,28.0,28.0,23.0,23.0,25,18.2,21
2.0,0.01,2.0,Minnesota,51.5,42,59,49.0,47.8,49.0,51,0.2,1.0,57.2,58.0,63.0,59.5,50.1,53.5,36.0,37.0,43,22.1,32
2.0,0.01,1.0,Wisconsin,51.6,43,53,53.0,38.5,39.5,42,0.8,2.0,69.8,68.0,79.4,79.5,30.9,28.0,71.9,72.0,79,22.8,31
1.0,0.05,2.0,New York,51.6,41,71,50.5,10.8,11.5,13,2.7,8.0,65.6,65.5,75.5,73.0,28.0,28.0,201.5,205.5,219,39.7,43
1.0,0.1,2.0,Utah,51.7,40,53,53.0,14.8,15.0,16,0.3,1.0,77.4,77.0,87.0,82.0,35.8,28.0,10.5,10.0,13,3.3,5
0.5,0.05,0.5,Oklahoma,51.7,37,75,37.0,18.8,19.0,21,0.0,0.0,57.5,53.5,68.8,74.5,33.4,28.0,6.0,6.0,9,3.6,6
1.0,0.1,2.0,North Carolina,51.7,49,76,49.0,27.5,27.5,30,0.0,0.0,67.4,76.0,83.5,85.0,75.1,71.0,8.7,9.0,12,7.2,9
2.0,0.01,2.0,Iowa,51.7,44,60,53.5,26.4,27.0,31,0.1,1.0,59.4,58.5,65.7,63.0,40.6,28.0,98.6,98.5,111,58.6,62
1.0,0.1,0.5,Utah,51.8,41,53,53.0,14.2,14.0,15,0.2,1.0,76.9,77.0,84.2,82.0,33.2,28.0,9.9,9.0,14,2.8,3
2.0,0.25,0.5,Vermont,51.8,44,58,53.0,10.9,11.0,13,0.4,1.0,57.8,58.0,62.6,65.0,80.4,71.0,13.8,14.0,15,3.1,5
2.0,0.25,2.0,Indiana,51.8,42,55,53.0,67.9,67.0,71,0.0,0.0,56.0,56.0,57.6,57.0,28.0,28.0,21.8,21.0,27,9.2,13
2.0,0.05,1.0,Oklahoma,51.8,37,73,39.0,40.7,40.5,44,0.0,0.0,62.5,73.0,68.8,75.0,28.0,28.0,13.4,14.0,18,9.3,12
0.5,0.25,2.0,Indiana,51.8,42,57,52.0,64.4,64.0,70,0.0,0.0,54.4,54.0,56.6,57.0,28.0,28.0,18.6,19.0,20,9.8,13
2.0,0.25,0.5,Indiana,51.8,42,56,52.0,64.2,64.0,68,0.0,0.0,54.9,55.0,56.6,57.0,28.0,28.0,21.0,21.0,26,10.5,14
1.0,0.05,2.0,California,51.8,37,73,54.0,4.7,5.0,7,7.8,34.0,94.6,64.5,126.0,140.0,28.0,28.0,96.4,96.0,109,31.9,35
1.0,0.01,2.0,Iowa,51.8,44,57,57.0,24.3,24.0,30,0.2,1.0,60.0,62.0,69.6,63.0,40.7,28.0,97.4,98.5,110,59.9,66
0.5,0.25,0.5,Indiana,51.9,42,57,52.0,57.3,57.5,61,0.0,0.0,55.6,55.0,57.4,57.0,28.0,28.0,14.5,14.5,17,7.4,11
2.0,0.1,0.5,Nevada,52.0,44,73,49.5,5.6,6.0,6,0.0,0.0,76.2,81.0,93.3,91.0,,,0.0,0.0,0,0.0,0
0.5,0.1,2.0,Nevada,52.0,44,73,49.5,5.5,5.5,6,0.0,0.0,68.4,66.5,91.0,91.0,,,0.0,0.0,0,0.0,0
1.0,0.1,0.5,Illinois,52.0,46,59,50.0,58.2,58.0,61,0.0,0.0,58.4,56.5,62.4,62.0,55.5,55.5,12.8,12.0,19,2.5,3
0.5,0.05,0.5,Michigan,52.0,44,58,52.0,34.6,35.0,39,0.2,2.0,59.8,59.5,63.5,59.5,60.5,60.0,17.5,18.0,21,18.3,22
0.5,0.1,2.0,Washington,52.0,46,60,49.0,9.4,9.5,12,0.1,1.0,57.1,60.0,64.8,62.0,28.0,28.0,20.7,20.5,23,18.6,21
1.0,0.1,1.0,Washington,52.0,46,60,49.0,10.0,10.0,12,0.5,2.0,58.6,60.0,64.6,62.0,28.0,28.0,20.8,21.0,25,18.6,21
2.0,0.1,2.0,Washington,52.0,46,60,49.0,9.6,10.0,11,0.4,2.0,59.3,60.0,63.8,62.0,28.0,28.0,22.2,22.5,28,18.9,20
2.0,0.05,1.0,Michigan,52.0,40,58,55.0,45.8,45.0,51,0.0,0.0,56.6,58.0,63.3,65.0,60.8,60.0,25.3,26.0,31,20.5,26
1.0,0.01,0.5,Wisconsin,52.0,35,66,53.0,35.1,35.5,42,0.8,3.0,67.4,66.0,75.2,75.0,28.0,28.0,65.4,64.5,92,24.0,34
0.5,0.25,2.0,Vermont,52.1,44,54,53.0,10.3,10.0,12,0.5,1.0,56.9,58.0,62.6,65.0,74.4,71.0,12.5,12.5,14,3.7,5
2.0,0.25,2.0,Florida,52.1,45,64,51.5,15.0,15.0,18,0.6,2.0,58.2,57.5,63.8,65.0,28.0,28.0,32.6,33.0,36,20.5,23
0.5,0.1,2.0,Indiana,52.2,42,68,52.0,62.9,62.0,66,0.0,0.0,58.6,59.0,60.6,59.0,28.0,28.0,20.4,21.0,25,7.9,11
2.0,0.05,0.5,Oklahoma,52.2,37,73,41.0,39.3,39.0,42,0.0,0.0,67.4,73.0,73.1,75.5,28.0,28.0,11.3,10.0,18,8.4,10
1.0,0.05,0.5,Idaho,52.2,38,72,51.0,13.5,14.0,16,0.3,3.0,56.3,53.0,58.7,54.0,36.2,28.0,34.3,34.5,39,11.0,13
1.0,0.05,2.0,Michigan,52.2,47,58,51.0,46.5,44.5,57,0.0,0.0,57.8,56.5,61.3,59.5,60.6,60.0,25.2,26.0,33,20.1,25
2.0,0.1,0.5,Washington,52.3,49,60,49.0,10.1,10.0,13,0.1,1.0,59.5,60.0,66.1,66.5,28.0,28.0,21.6,21.0,24,17.9,20
1.0,0.01,2.0,Minnesota,52.3,42,59,53.5,47.7,47.5,54,0.0,0.0,60.6,59.0,64.9,66.0,70.2,73.5,34.9,34.0,43,21.3,29
0.5,0.01,2.0,Wisconsin,52.3,43,66,53.0,37.7,38.0,45,1.0,2.0,70.9,66.0,83.0,83.5,28.0,28.0,67.8,63.5,88,21.9,28
0.5,0.01,0.5,Wisconsin,52.3,43,66,53.0,32.6,32.5,40,0.7,2.0,74.3,79.0,78.6,83.0,39.6,28.0,49.1,48.5,62,22.8,28
2.0,0.25,2.0,Missouri,52.5,49,60,52.0,76.5,76.5,81,0.0,0.0,59.5,61.0,64.0,65.0,32.7,28.0,20.0,19.5,22,10.9,14
1.0,0.25,2.0,Oregon,52.6,49,61,49.0,18.6,18.5,20,0.0,0.0,59.0,56.0,63.5,64.5,80.9,62.0,5.2,5.0,6,4.1,5
1.0,0.05,0.5,Illinois,52.7,46,59,54.0,54.3,54.5,57,0.0,0.0,58.0,57.0,62.6,60.5,57.3,62.0,13.2,13.0,17,2.8,6
1.0,0.1,0.5,Michigan,52.7,40,58,54.0,39.7,39.0,49,0.3,2.0,58.8,58.0,61.5,58.0,59.6,60.0,23.6,24.0,28,21.8,29
1.0,0.25,0.5,Vermont,52.8,51,58,53.0,10.3,10.0,12,0.6,1.0,58.0,58.0,63.8,65.0,73.4,71.0,15.7,16.0,21,3.7,5
0.5,0.1,2.0,Ohio,52.8,36,66,55.5,56.5,57.0,62,0.0,0.0,56.6,56.5,64.8,67.5,28.0,28.0,32.1,32.0,36,15.7,21
2.0,0.25,0.5,Florida,52.8,45,58,58.0,15.4,15.0,20,0.5,2.0,58.8,64.0,64.0,66.0,28.0,28.0,31.4,31.0,37,20.1,23
0.5,0.05,2.0,Michigan,52.8,47,58,54.0,44.6,45.5,50,0.0,0.0,58.1,58.0,61.4,59.5,65.3,62.0,24.0,24.5,29,20.8,25
2.0,0.1,0.5,Connecticut,52.9,39,104,39.0,6.3,6.0,7,0.0,0.0,68.2,59.0,88.0,75.0,65.5,41.0,5.5,5.0,9,0.6,1
2.0,0.1,2.0,Utah,52.9,40,77,53.0,15.3,15.0,16,0.2,1.0,72.2,77.0,86.0,82.0,38.9,28.0,10.2,10.0,13,2.8,4
0.5,0.1,0.5,Utah,52.9,40,77,53.0,10.1,10.5,12,0.3,1.0,74.0,77.0,87.1,92.5,33.2,28.0,6.4,7.0,9,3.0,6
1.0,0.25,0.5,Nebraska,52.9,52,53,53.0,35.6,36.0,37,0.0,0.0,58.0,58.0,60.0,60.0,183.55555555555554,216.0,1.2,1.0,2,4.1,5
0.5,0.1,2.0,North Carolina,52.9,49,85,49.0,25.9,26.0,29,0.0,0.0,61.5,52.0,74.7,76.0,74.3,71.0,7.7,7.5,10,5.3,7
0.5,0.25,1.0,Maine,53.0,53,53,53.0,5.1,5.0,6,0.0,0.0,73.7,77.5,176.3,182.5,157.33333333333334,197.0,1.1666666666666667,1.0,2,0.0,0
1.0,0.25,0.5,Maine,53.0,53,53,53.0,7.4,7.5,8,0.0,0.0,79.2,82.0,147.5,83.0,61.0,61.0,1.3333333333333333,1.0,2,0.0,0
0.5,0.25,0.5,Maine,53.0,53,53,53.0,2.6,3.0,3,0.0,0.0,77.5,82.0,119.5,138.0,169.8,197.0,1.0,1.0,1,0.0,0
2.0,0.25,0.5,Maine,53.0,53,53,53.0,10.4,10.5,12,0.0,0.0,78.3,82.0,151.6,138.0,197.0,197.0,1.2857142857142858,1.0,2,0.3,1
2.0,0.25,1.0,Maine,53.0,53,53,53.0,10.2,10.0,11,0.0,0.0,80.8,82.0,147.6,83.0,99.25,69.5,0.8333333333333334,1.0,2,0.4,1
0.5,0.25,2.0,Maine,53.0,53,53,53.0,8.3,8.0,9,0.0,0.0,74.6,82.0,122.6,83.0,197.0,197.0,1.1428571428571428,2.0,2,0.5,1
1.0,0.25,1.0,Maine,53.0,53,53,53.0,9.0,9.0,10,0.0,0.0,78.4,82.0,139.3,138.0,189.71428571428572,197.0,1.2222222222222223,1.0,2,0.5,1
1.0,0.25,2.0,Maine,53.0,53,53,53.0,9.6,9.0,12,0.0,0.0,80.2,82.0,217.4,262.0,129.0,129.0,0.3333333333333333,0.0,1,0.6,1
2.0,0.25,2.0,Maine,53.0,53,53,53.0,9.9,10.0,11,0.0,0.0,75.6,77.5,143.3,83.0,137.5,137.5,0.4444444444444444,0.0,1,0.8,1
2.0,0.1,1.0,Utah,53.0,53,53,53.0,15.2,15.0,16,0.2,1.0,77.8,77.0,87.5,82.0,30.6,28.0,11.3,11.0,13,2.9,4
0.5,0.25,1.0,Indiana,53.0,51,59,52.0,58.2,58.0,63,0.0,0.0,54.9,55.0,57.2,57.0,28.0,28.0,18.1,19.0,23,9.4,12
1.0,0.25,0.5,Kentucky,53.0,50,65,50.0,38.9,38.5,44,0.0,0.0,65.0,65.0,68.0,67.0,28.0,28.0,27.6,28.0,32,15.4,20
2.0,0.01,0.5,Wisconsin,53.0,35,76,53.0,38.0,38.0,41,0.6,3.0,70.7,69.5,81.1,79.5,38.2,28.0,64.1,64.0,73,23.1,31
2.0,0.25,1.0,Vermont,53.1,44,58,54.5,11.5,11.5,13,0.1,1.0,59.4,58.0,62.5,66.0,79.2,83.0,14.6,15.0,17,2.5,4
1.0,0.25,1.0,Oregon,53.1,49,61,51.5,18.8,19.0,20,0.0,0.0,58.7,56.0,64.9,64.0,88.4,62.0,4.6,4.0,7,4.2,5
1.0,0.1,2.0,Indiana,53.1,42,62,55.0,67.0,67.0,69,0.0,0.0,58.8,59.0,60.7,59.0,28.0,28.0,20.6,21.5,27,7.1,9
ALL,ALL,ALL,Illinois,53.12777777777778,46,95,54.0,55.58888888888889,59.0,69,0.002777777777777778,1.0,61.958333333333336,59.0,66.40555555555555,61.0,57.37777777777778,62.0,13.411111111111111,14.0,21,2.7666666666666666,7
1.0,0.01,1.0,Minnesota,53.2,43,59,53.5,43.0,43.0,50,0.2,1.0,59.2,58.5,63.1,63.0,61.3,65.5,30.2,29.0,43,25.0,30
ALL,ALL,ALL,California,53.266666666666666,35,124,44.0,4.413888888888889,4.0,11,11.852691218130312,36.0,99.6798866855524,73.0,163.0793650793651,140.0,28.0,28.0,88.09444444444445,93.0,113,30.555555555555557,36
2.0,0.01,0.5,Iowa,53.3,44,62,56.5,25.0,24.5,31,0.3,3.0,62.7,62.0,73.5,69.0,49.6,58.0,94.5,94.5,106,58.5,63
1.0,0.25,2.0,Indiana,53.4,51,57,52.5,67.4,68.0,71,0.0,0.0,56.1,57.0,57.8,58.0,28.0,28.0,19.7,20.5,23,9.1,12
2.0,0.25,0.5,Nebraska,53.5,53,58,53.0,43.1,44.0,45,0.0,0.0,58.2,58.0,60.7,60.0,162.5,216.0,2.6,2.5,4,4.0,5
0.5,0.25,1.0,Nebraska,53.5,53,58,53.0,33.2,33.0,34,0.0,0.0,58.2,58.0,60.7,60.0,172.2,216.0,1.3,1.0,2,4.1,5
0.5,0.05,1.0,Michigan,53.5,47,58,56.5,38.4,37.5,48,0.0,0.0,60.8,58.0,63.7,61.5,62.2,60.0,21.2,20.5,30,19.2,26
0.5,0.1,0.5,Illinois,53.6,46,59,54.0,50.4,51.0,52,0.0,0.0,59.6,59.0,62.1,61.5,61.4,62.0,4.1,4.5,6,0.8,2
1.0,0.25,1.0,Missouri,53.7,49,61,55.0,72.0,72.0,76,0.0,0.0,59.1,60.0,63.7,63.0,32.7,28.0,17.9,18.0,20,11.3,15
0.5,0.1,1.0,Nevada,53.8,44,73,50.0,5.0,5.0,5,0.0,0.0,78.5,81.0,97.9,91.0,,,0.0,0.0,0,0.0,0
1.0,0.1,2.0,Connecticut,53.8,39,103,49.5,6.3,6.0,7,0.2,1.0,69.7,59.0,93.3,98.5,78.1,76.5,4.5,4.0,6,0.7,1
2.0,0.25,1.0,Oregon,53.8,49,61,49.0,18.8,19.0,20,0.0,0.0,60.0,56.0,64.0,64.5,77.0,62.0,5.5,5.5,7,3.9,6
2.0,0.1,0.5,Georgia,53.8,49,73,49.0,56.7,57.0,58,0.0,0.0,73.5,73.0,80.2,84.0,70.5,87.5,6.4,6.0,8,5.2,6
1.0,0.25,0.5,Missouri,53.8,49,61,55.0,68.3,68.0,71,0.0,0.0,58.1,60.5,62.8,63.0,41.4,28.0,14.3,14.0,18,10.7,12
0.5,0.05,1.0,Idaho,53.8,44,83,51.0,12.8,12.5,15,0.4,2.0,57.7,54.0,59.8,55.0,40.0,28.0,34.6,36.5,44,11.0,13
2.0,0.25,0.5,Missouri,53.8,49,55,55.0,73.9,74.0,76,0.0,0.0,59.6,61.0,63.3,65.0,48.1,28.0,15.9,16.5,18,11.0,13
1.0,0.01,0.5,Minnesota,53.8,43,59,57.0,42.6,42.5,47,0.2,1.0,59.8,59.0,63.6,66.0,54.8,63.0,29.2,29.0,33,20.9,26
0.5,0.05,0.5,Illinois,53.9,46,59,54.0,43.5,43.0,48,0.0,0.0,60.7,59.0,65.6,63.0,50.3,61.0,5.8,5.0,8,0.9,2
0.5,0.25,1.0,Oregon,53.9,49,61,56.0,13.2,13.0,14,0.0,0.0,62.6,61.0,68.1,68.0,101.2,62.0,3.3,3.5,4,2.6,5
2.0,0.25,1.0,Nebraska,53.9,52,58,53.0,44.9,45.0,46,0.0,0.0,57.9,58.0,61.2,60.0,201.4,216.0,2.2,2.0,3,4.1,5
0.5,0.25,0.5,Nebraska,53.9,52,58,53.0,19.9,19.5,22,0.0,0.0,57.9,58.0,61.2,60.0,70.0,70.0,0.3,0.0,1,4.8,5
1.0,0.1,2.0,Ohio,53.9,49,73,51.0,57.0,58.0,59,0.0,0.0,57.9,56.0,61.9,57.0,28.0,28.0,34.2,34.5,39,16.9,22
2.0,0.1,2.0,Connecticut,54.0,39,104,39.0,6.5,6.5,7,0.0,0.0,72.1,59.0,86.3,75.0,67.9,41.0,5.3,5.0,8,0.5,1
1.0,0.25,1.0,Vermont,54.0,44,58,54.5,11.9,12.0,14,0.2,1.0,59.4,58.0,63.0,65.0,82.5,83.0,13.2,13.5,16,2.1,5
1.0,0.25,2.0,Nebraska,54.0,53,58,53.0,44.0,44.0,45,0.0,0.0,58.4,58.0,61.4,60.0,216.0,216.0,2.3,2.0,3,4.1,5
2.0,0.25,2.0,Nebraska,54.0,53,58,53.0,45.1,45.0,47,0.0,0.0,58.4,58.0,61.4,60.0,201.4,216.0,2.1,2.0,3,4.3,5
1.0,0.25,0.5,Florida,54.0,45,64,58.0,15.2,15.5,18,0.4,1.0,59.8,64.0,65.2,69.0,28.0,28.0,24.6,24.5,28,19.1,22
1.0,0.25,1.0,Florida,54.0,45,64,58.0,16.2,15.5,21,0.5,2.0,59.8,64.0,65.7,67.5,28.0,28.0,31.7,32.0,37,19.4,22
2.0,0.05,0.5,Michigan,54.0,40,58,56.5,46.1,45.5,53,0.1,1.0,59.2,59.5,66.6,66.5,60.9,60.0,25.4,26.0,31,20.2,27
2.0,0.25,2.0,Vermont,54.1,51,58,53.0,12.0,12.0,14,0.2,1.0,58.0,58.0,61.7,61.5,77.4,71.0,13.1,13.5,16,2.0,4
0.5,0.25,1.0,Vermont,54.1,44,58,53.0,10.8,11.0,12,0.5,1.0,61.0,58.0,65.3,65.0,81.0,77.0,13.2,13.0,15,3.2,4
2.0,0.05,1.0,New York,54.1,41,71,60.0,12.1,11.5,15,1.6,6.0,65.4,68.5,76.8,79.0,28.0,28.0,195.5,195.5,212,38.8,41
2.0,0.05,1.0,Utah,54.2,41,77,53.0,14.6,14.5,16,0.2,1.0,78.7,77.0,87.6,82.0,38.4,28.0,11.0,11.5,16,3.3,6
0.5,0.25,2.0,Oregon,54.3,49,61,54.0,16.9,17.0,18,0.0,0.0,61.2,61.0,65.9,68.0,65.6,62.0,4.6,4.5,6,4.9,6
0.5,0.25,1.0,Missouri,54.3,49,60,55.0,64.0,64.5,67,0.0,0.0,59.4,60.0,63.0,63.0,34.7,28.0,13.4,13.0,16,9.2,12
1.0,0.05,1.0,Idaho,54.3,51,76,51.0,15.1,15.5,18,0.5,3.0,58.7,54.0,59.9,55.0,28.0,28.0,39.7,39.5,46,10.6,14
0.5,0.25,0.5,Missouri,54.4,49,61,55.0,49.6,50.0,53,0.0,0.0,59.1,60.5,63.1,63.0,49.7,28.0,8.5,8.0,11,9.3,12
0.5,0.01,1.0,Minnesota,54.4,49,58,58.0,40.5,42.0,45,0.4,2.0,59.7,59.0,64.9,65.5,56.1,69.0,27.2,26.0,42,22.0,27
0.5,0.01,1.0,Iowa,54.4,44,57,57.0,22.1,23.0,26,0.6,4.0,61.5,62.0,71.4,70.5,48.0,58.0,80.9,80.5,89,53.0,59
2.0,0.01,1.0,Iowa,54.4,44,57,57.0,26.6,26.0,37,0.1,1.0,64.9,62.0,71.3,63.0,38.3,28.0,95.4,93.5,109,57.9,63
0.5,0.25,0.5,Oregon,54.5,49,61,52.5,9.9,10.0,11,0.0,0.0,61.5,61.0,66.2,68.0,66.8,62.0,3.6,4.0,4,2.0,3
1.0,0.25,1.0,Nebraska,54.5,53,58,53.0,42.0,42.0,43,0.0,0.0,58.6,58.0,61.8,60.0,216.0,216.0,2.6,3.0,3,4.1,5
0.5,0.25,2.0,Nebraska,54.5,53,58,53.0,40.4,41.0,42,0.0,0.0,58.6,58.0,61.8,60.0,186.8,216.0,2.2,2.0,3,4.2,5
0.5,0.1,2.0,Nebraska,54.5,53,58,53.0,39.2,38.5,41,0.0,0.0,59.5,58.0,64.3,67.0,202.1,216.0,2.3,2.0,4,4.3,5
0.5,0.25,2.0,Tennessee,54.5,50,55,55.0,45.4,45.0,48,0.0,0.0,62.7,63.5,64.4,64.0,28.0,28.0,34.8,35.5,37,10.5,14
2.0,0.1,0.5,Ohio,54.5,49,70,54.0,56.2,57.0,59,0.0,0.0,59.2,56.5,60.1,57.0,28.0,28.0,33.8,33.0,41,16.7,20
1.0,0.1,0.5,Washington,54.5,49,60,54.5,10.0,10.0,12,0.6,2.0,61.7,61.0,69.6,71.0,28.0,28.0,20.4,21.0,23,18.2,22
1.0,0.1,0.5,Nevada,54.6,44,73,52.0,5.4,5.0,6,0.0,0.0,69.7,73.0,91.0,91.0,,,0.0,0.0,0,0.0,0
0.5,0.01,1.0,Wyoming,54.6,45,77,45.0,5.3,5.0,7,0.0,0.0,97.9,81.0,155.6,184.5,90.7,77.0,2.2,2.0,3,0.0,0
1.0,0.1,1.0,Connecticut,54.6,39,103,48.0,6.4,6.0,7,0.0,0.0,73.0,67.0,93.2,98.0,78.9,68.5,4.0,4.0,7,0.1,1
0.5,0.05,2.0,Illinois,54.6,46,59,59.0,59.1,59.0,62,0.0,0.0,62.0,65.0,66.4,67.0,54.1,62.0,16.0,16.0,21,2.8,4
1.0,0.05,2.0,Illinois,54.6,47,59,54.0,60.5,60.5,65,0.0,0.0,60.9,59.0,64.9,63.5,62.2,62.0,15.7,16.0,18,2.9,6
2.0,0.25,2.0,Oregon,54.7,49,68,55.0,18.5,18.0,20,0.0,0.0,60.9,61.0,67.8,68.0,73.8,62.0,5.4,5.5,7,4.2,5
2.0,0.1,0.5,North Carolina,54.7,49,76,49.0,26.3,26.0,29,0.0,0.0,63.4,52.0,82.6,76.0,75.3,78.5,9.5,10.0,12,7.3,9
0.5,0.25,0.5,Florida,54.7,45,64,58.0,14.0,14.0,17,0.3,1.0,60.6,64.0,65.7,69.0,28.0,28.0,16.1,16.0,19,14.6,18
0.5,0.01,0.5,Minnesota,54.7,49,59,58.0,41.1,42.5,46,0.2,2.0,62.0,59.0,69.0,66.5,65.1,69.5,22.1,22.5,26,19.0,23
0.5,0.05,1.0,New York,54.7,41,71,60.0,11.0,10.5,17,2.9,7.0,69.8,71.0,81.9,83.0,28.0,28.0,186.3,183.5,201,36.7,42
1.0,0.01,1.0,Iowa,54.8,44,57,57.0,26.7,26.5,34,0.0,0.0,60.3,62.0,65.4,63.0,44.0,43.0,90.4,92.5,103,56.0,60
2.0,0.1,2.0,Nevada,54.9,44,73,56.0,5.5,5.5,6,0.0,0.0,78.2,81.0,99.1,91.0,,,0.0,0.0,0,0.0,0
0.5,0.05,2.0,Idaho,54.9,38,83,51.0,14.0,14.0,17,0.2,1.0,58.4,54.0,60.5,54.5,28.0,28.0,33.6,33.5,42,11.5,13
0.5,0.01,2.0,Iowa,54.9,44,62,57.0,25.5,25.0,31,0.3,2.0,64.4,62.0,74.4,75.0,54.3,58.0,89.9,90.0,100,55.9,59
1.0,0.1,2.0,Maine,55.0,53,73,53.0,9.3,9.0,11,0.0,0.0,148.5,85.0,233.9,268.0,61.0,61.0,0.42857142857142855,0.0,1,0.6,1
2.0,0.05,2.0,Illinois,55.0,46,59,56.5,61.8,62.0,65,0.0,0.0,63.1,60.0,68.8,70.5,53.9,62.0,16.4,17.0,20,4.0,6
1.0,0.1,1.0,Nebraska,55.0,53,58,53.0,40.5,40.0,42,0.0,0.0,59.7,59.0,65.4,67.0,186.8,216.0,3.2,3.0,5,4.1,5
0.5,0.25,0.5,Tennessee,55.0,55,55,55.0,32.8,33.5,36,0.0,0.0,63.8,64.0,64.8,64.0,65.9,71.5,20.6,21.0,24,4.4,7
0.5,0.1,2.0,Georgia,55.0,49,73,49.0,52.4,52.0,56,0.0,0.0,73.7,73.0,82.6,83.0,85.9,97.0,5.6,5.5,7,4.8,6
2.0,0.1,2.0,North Carolina,55.0,49,76,49.0,29.3,29.5,31,0.0,0.0,65.8,64.0,76.1,76.0,75.3,71.0,11.3,12.0,13,6.7,9
0.5,0.25,1.0,Tennessee,55.0,55,55,55.0,37.7,38.0,39,0.0,0.0,63.6,64.0,64.6,64.0,32.0,28.0,25.9,24.5,33,7.4,11
1.0,0.25,0.5,Tennessee,55.0,55,55,55.0,40.4,41.0,43,0.0,0.0,63.9,64.0,64.6,64.0,32.0,28.0,26.1,26.5,28,8.9,10
2.0,0.25,1.0,Missouri,55.0,49,61,55.0,75.9,75.5,80,0.0,0.0,60.8,61.0,65.9,65.0,41.2,28.0,18.3,18.5,21,10.4,13
1.0,0.25,2.0,Missouri,55.0,49,61,55.0,75.5,75.5,79,0.0,0.0,59.7,61.0,63.7,65.0,38.5,28.0,18.4,18.0,22,10.6,12
2.0,0.25,2.0,Tennessee,55.0,55,55,55.0,47.4,47.0,50,0.0,0.0,63.9,64.0,65.2,64.0,28.0,28.0,42.7,42.5,49,10.7,13
2.0,0.25,0.5,Tennessee,55.0,55,55,55.0,48.2,48.0,51,0.0,0.0,63.9,64.0,65.0,65.0,32.0,28.0,36.3,37.5,40,10.7,14
1.0,0.25,2.0,Tennessee,55.0,55,55,55.0,47.4,47.0,51,0.0,0.0,63.7,64.0,64.6,64.0,52.4,48.0,37.4,37.5,42,11.2,13
2.0,0.25,1.0,Tennessee,55.0,55,55,55.0,47.8,47.0,52,0.0,0.0,63.8,64.0,65.6,66.0,33.5,28.0,39.9,40.0,43,11.7,14
1.0,0.05,1.0,Michigan,55.0,44,58,57.5,47.3,47.5,53,0.0,0.0,60.4,61.5,67.6,69.5,62.2,60.0,21.1,22.0,26,18.8,26
2.0,0.1,1.0,Missouri,55.1,49,68,55.0,74.4,74.5,77,0.0,0.0,64.8,66.5,68.7,70.0,41.2,28.0,20.8,20.5,24,10.2,14
1.0,0.1,1.0,Pennsylvania,55.3,41,78,51.0,45.4,45.5,49,0.2,2.0,71.1,68.0,79.0,77.0,50.7,40.0,29.6,28.0,40,11.7,16
0.5,0.05,0.5,Washington,55.3,46,60,60.0,8.5,9.0,10,0.6,2.0,61.7,62.0,74.6,71.0,33.0,28.0,15.3,15.0,19,14.5,17
0.5,0.1,0.5,Washington,55.3,46,60,60.0,8.2,8.0,10,0.8,2.0,61.0,62.0,74.5,72.5,43.0,28.0,14.0,14.0,16,16.2,20
2.0,0.01,0.5,Minnesota,55.3,43,67,58.0,45.0,45.0,54,0.3,2.0,62.9,59.0,67.5,66.5,48.6,36.0,34.7,36.0,43,24.0,29
1.0,0.25,2.0,Florida,55.4,45,58,58.0,17.3,17.0,19,0.2,1.0,61.4,64.0,66.5,67.5,28.0,28.0,32.6,32.5,35,18.4,21
1.0,0.01,0.5,Iowa,55.4,44,62,57.0,24.0,25.0,29,0.1,1.0,61.0,62.0,67.9,63.0,47.6,58.0,82.9,78.5,95,55.7,60
1.0,0.1,2.0,Nebraska,55.5,53,58,55.5,40.7,41.0,43,0.0,0.0,61.3,60.0,67.3,67.0,187.5,216.0,2.9,3.0,4,4.4,5
2.0,0.1,2.0,Georgia,55.6,49,73,49.0,60.4,60.0,63,0.0,0.0,73.3,73.0,79.2,82.0,70.1,87.5,7.6,7.0,12,5.8,8
2.0,0.25,0.5,Kentucky,55.6,50,67,50.0,45.6,47.0,47,0.0,0.0,65.4,66.0,68.7,67.5,28.0,28.0,30.0,30.0,35,17.9,21
0.5,0.1,1.0,Nebraska,55.7,53,60,55.5,31.9,32.0,34,0.0,0.0,60.4,59.0,64.3,65.5,216.0,216.0,0.9,1.0,1,4.0,5
2.0,0.1,1.0,Georgia,55.7,49,73,49.0,59.2,60.0,61,0.0,0.0,73.5,73.0,79.6,83.0,76.4,87.5,8.0,7.5,13,5.4,9
1.0,0.05,2.0,Idaho,55.8,51,83,51.5,14.4,14.5,16,0.4,2.0,60.6,58.0,64.1,60.0,35.7,28.0,34.8,35.5,42,11.9,15
0.5,0.05,2.0,New York,55.8,41,93,48.5,12.6,12.0,21,2.1,9.0,68.4,66.0,74.0,71.0,28.0,28.0,204.9,204.5,231,37.0,43
1.0,0.1,1.0,North Carolina,55.9,49,85,49.0,26.1,26.0,28,0.0,0.0,72.2,76.0,84.8,85.0,78.1,76.5,8.8,9.0,11,5.4,7
0.5,0.1,0.5,Indiana,55.9,42,67,57.0,52.3,52.0,57,0.0,0.0,61.9,60.0,63.5,63.5,28.0,28.0,18.0,18.5,22,7.0,9
0.5,0.1,1.0,Tennessee,55.9,55,64,55.0,34.3,34.0,37,0.0,0.0,64.4,64.0,69.7,70.0,64.1,78.5,23.4,23.5,26,7.3,10
0.5,0.1,1.0,Indiana,55.9,51,59,57.0,57.2,57.0,61,0.0,0.0,58.2,59.0,59.7,59.0,30.8,28.0,18.3,18.0,23,7.8,10
1.0,0.25,1.0,Tennessee,55.9,55,64,55.0,47.2,47.0,49,0.0,0.0,63.8,64.0,65.8,65.0,28.0,28.0,34.2,33.0,39,9.3,11
1.0,0.1,2.0,Tennessee,55.9,55,64,55.0,45.3,45.5,48,0.0,0.0,64.6,64.0,67.9,66.0,40.5,28.0,39.2,39.5,43,10.7,14
2.0,0.1,0.5,Tennessee,55.9,55,64,55.0,44.9,44.5,51,0.0,0.0,64.4,64.0,68.0,70.0,66.4,75.0,34.9,36.0,39,11.3,15
1.0,0.1,1.0,Indiana,56.0,42,68,57.0,63.9,63.5,68,0.0,0.0,60.1,59.0,62.3,62.0,28.0,28.0,19.8,20.0,23,7.5,12
1.0,0.05,0.5,Indiana,56.0,42,62,59.0,55.9,56.5,60,0.0,0.0,63.4,65.0,67.6,68.0,44.7,28.0,19.8,19.5,26,8.5,14
2.0,0.1,0.5,Indiana,56.0,42,68,57.0,63.2,62.5,69,0.0,0.0,61.0,59.0,63.1,60.5,28.0,28.0,20.4,21.0,24,8.6,12
2.0,0.1,2.0,Ohio,56.0,49,73,52.5,60.0,60.5,64,0.0,0.0,57.9,56.0,64.6,64.5,28.0,28.0,30.8,30.5,39,15.0,18
0.5,0.25,0.5,Vermont,56.1,51,58,58.0,10.9,11.0,13,0.3,1.0,62.7,65.0,66.9,67.5,84.3,87.0,11.5,11.0,15,3.1,5
2.0,0.1,2.0,Oregon,56.1,49,68,53.5,17.5,18.0,20,0.0,0.0,62.8,64.5,68.6,68.0,118.77777777777777,74.0,3.8,4.0,7,4.7,7
0.5,0.25,1.0,Kentucky,56.1,50,67,53.5,38.8,38.5,43,0.0,0.0,66.9,66.0,70.0,67.5,28.0,28.0,23.6,23.5,26,14.8,18
0.5,0.05,1.0,Illinois,56.2,46,59,59.0,53.1,53.0,56,0.0,0.0,62.0,61.5,66.7,66.5,60.3,62.0,12.6,12.0,16,1.6,5
2.0,0.05,1.0,Illinois,56.2,46,59,59.0,61.0,61.5,63,0.0,0.0,63.2,65.0,66.6,71.0,61.6,62.0,15.2,14.5,19,3.7,6
2.0,0.05,2.0,Michigan,56.2,49,58,58.0,48.5,49.0,55,0.0,0.0,65.0,63.0,68.9,68.5,63.6,60.0,23.1,23.0,30,18.4,25
0.5,0.01,0.5,Iowa,56.2,44,62,57.0,20.3,20.5,24,0.1,1.0,62.6,62.0,69.9,66.0,40.7,28.0,72.5,73.5,79,48.9,53
2.0,0.05,0.5,Illinois,56.4,46,59,59.0,59.7,59.5,63,0.0,0.0,66.3,68.0,70.4,71.5,59.4,62.0,15.8,16.0,20,3.4,5
2.0,0.25,2.0,Kentucky,56.4,50,67,50.0,49.0,50.0,53,0.0,0.0,65.4,66.0,69.3,67.5,28.0,28.0,30.4,30.0,36,18.5,22
1.0,0.1,2.0,Washington,56.4,46,60,60.0,9.4,9.5,11,0.7,2.0,63.0,62.0,71.0,71.0,28.0,28.0,22.1,22.5,29,19.3,20
0.5,0.01,2.0,Minnesota,56.4,49,59,58.0,43.9,45.0,48,0.2,2.0,62.4,59.0,69.3,66.0,50.5,45.5,31.2,30.5,40,22.4,33
1.0,0.1,2.0,Vermont,56.5,53,58,58.0,11.2,11.5,12,0.2,1.0,65.4,68.0,71.2,71.0,88.0,93.0,15.8,16.0,19,2.8,5
1.0,0.05,0.5,Utah,56.6,41,77,53.0,13.6,14.0,15,0.2,1.0,82.8,79.5,91.7,95.0,33.5,28.0,9.6,10.0,14,3.2,5
2.0,0.1,2.0,Indiana,56.6,42,67,58.0,66.3,67.0,72,0.0,0.0,59.9,59.0,61.8,62.0,28.0,28.0,21.6,22.5,25,8.3,12
0.5,0.1,0.5,Kentucky,56.6,50,67,50.0,31.6,31.0,37,0.0,0.0,71.6,71.5,76.0,77.0,28.0,28.0,18.1,18.5,19,8.6,13
ALL,ALL,ALL,New York,56.6,41,117,41.0,11.827777777777778,12.0,21,2.136111111111111,15.0,69.16388888888889,60.0,77.89444444444445,71.0,28.26388888888889,28.0,190.78333333333333,195.0,242,36.894444444444446,45
1.0,0.25,2.0,Vermont,56.8,51,58,58.0,11.3,11.5,13,0.1,1.0,63.3,65.0,65.5,67.0,87.7,93.0,12.9,13.5,14,2.7,5
1.0,0.1,1.0,Tennessee,56.8,55,64,55.0,44.0,44.0,46,0.0,0.0,65.0,64.0,71.5,70.0,69.0,75.0,31.3,30.0,40,9.2,11
2.0,0.1,1.0,Indiana,56.8,42,68,57.0,63.4,64.0,67,0.0,0.0,62.2,60.5,64.5,63.5,28.0,28.0,20.8,20.0,27,9.8,14
2.0,0.1,2.0,Tennessee,56.8,55,64,55.0,44.8,45.0,48,0.0,0.0,64.7,64.0,70.2,70.0,51.3,28.0,40.0,40.0,51,11.3,15
0.5,0.05,2.0,Washington,56.8,46,84,54.5,9.4,10.0,11,0.6,2.0,65.5,65.5,74.4,73.5,46.2,28.0,21.2,21.0,28,17.7,20
2.0,0.1,2.0,Nebraska,56.9,53,67,58.0,42.5,42.5,45,0.0,0.0,61.6,60.0,65.9,67.0,187.5,216.0,3.0,3.0,4,4.4,6
2.0,0.1,0.5,Nebraska,56.9,53,67,58.0,41.0,41.0,43,0.0,0.0,60.0,60.0,66.8,67.0,173.6,216.0,3.6,3.5,5,4.4,6
0.5,0.1,2.0,Missouri,56.9,49,70,55.0,67.2,66.5,70,0.0,0.0,65.7,65.0,68.9,70.0,61.2,51.5,19.2,18.5,23,8.9,11
2.0,0.1,0.5,Missouri,56.9,49,68,55.0,71.0,70.5,77,0.0,0.0,64.0,66.5,67.6,68.5,48.1,28.0,18.3,18.5,23,9.6,13
0.5,0.25,1.0,Massachusetts,57.0,57,57,57.0,9.5,9.0,11,0.0,0.0,58.2,58.0,89.0,91.0,87.0,78.5,2.25,2.0,4,0.0,0
1.0,0.25,0.5,Massachusetts,57.0,57,57,57.0,9.6,9.5,11,0.0,0.0,58.0,58.0,80.6,81.0,90.1,78.5,1.9,2.0,3,0.0,0
1.0,0.25,2.0,Massachusetts,57.0,57,57,57.0,9.7,10.0,11,0.0,0.0,58.0,58.0,86.2,91.0,73.88888888888889,69.0,2.3333333333333335,2.0,5,0.0,0
2.0,0.25,1.0,Massachusetts,57.0,57,57,57.0,9.8,10.0,11,0.0,0.0,58.6,58.0,84.1,91.0,70.9,69.0,2.8,2.5,5,0.0,0
0.5,0.25,2.0,Massachusetts,57.0,57,57,57.0,9.7,10.0,11,0.0,0.0,58.0,58.0,88.6,91.0,114.6,113.0,2.0,2.0,4,0.0,0
0.5,0.25,0.5,Massachusetts,57.0,57,57,57.0,9.7,9.5,11,0.0,0.0,58.2,58.0,85.0,91.0,82.2,69.0,2.0,2.0,4,0.0,0
1.0,0.25,1.0,Massachusetts,57.0,57,57,57.0,9.7,10.0,11,0.0,0.0,60.8,58.0,85.0,91.0,95.2,89.5,2.4,2.5,4,0.0,0
2.0,0.25,2.0,Massachusetts,57.0,57,57,57.0,9.9,10.0,11,0.0,0.0,58.9,58.0,87.0,91.0,88.5,78.5,2.7,3.0,4,0.0,0
2.0,0.25,0.5,Massachusetts,57.0,57,57,57.0,9.7,10.0,11,0.0,0.0,58.2,58.0,82.2,91.0,81.875,69.0,3.0,3.0,6,0.0,0
1.0,0.1,2.0,Florida,57.2,45,64,58.0,15.4,15.0,19,0.2,1.0,62.9,64.0,69.8,69.0,28.0,28.0,30.5,31.0,35,19.7,22
1.0,0.1,2.0,Pennsylvania,57.3,41,70,62.0,44.8,45.5,49,0.7,4.0,69.4,66.0,76.5,73.0,56.1,36.5,29.4,25.5,52,11.6,17
2.0,0.25,1.0,Florida,57.3,45,64,58.0,17.5,17.5,20,0.2,2.0,63.2,64.0,68.5,69.0,28.0,28.0,33.2,33.0,36,18.2,22
1.0,0.1,1.0,Nevada,57.4,44,73,56.0,5.7,6.0,6,0.0,0.0,78.4,81.0,95.6,91.0,,,0.0,0.0,0,0.0,0
1.0,0.25,1.0,Virginia,57.4,53,68,53.0,32.1,32.0,37,0.0,0.0,66.4,66.0,71.6,68.0,82.6,71.0,9.0,10.0,11,4.0,7
1.0,0.1,1.0,Georgia,57.4,49,73,49.0,54.5,54.0,58,0.0,0.0,74.4,73.0,80.6,84.0,70.8,69.0,6.7,7.0,9,4.1,6
1.0,0.1,0.5,Nebraska,57.4,53,67,58.0,34.9,35.0,36,0.0,0.0,63.3,60.0,68.4,67.0,186.8,216.0,1.3,1.0,3,4.3,5
1.0,0.1,2.0,Missouri,57.5,49,70,60.0,72.0,72.0,76,0.0,0.0,64.8,65.0,69.3,70.5,63.2,61.5,20.1,20.5,25,9.1,12
2.0,0.1,1.0,Ohio,57.5,36,73,56.0,56.6,55.0,62,0.0,0.0,64.2,61.5,66.6,66.5,28.0,28.0,31.4,30.5,38,17.6,22
2.0,0.05,1.0,Washington,57.5,46,60,60.0,9.8,10.0,11,1.3,2.0,66.3,71.0,80.0,81.0,28.0,28.0,24.1,24.0,29,18.1,20
0.5,0.1,0.5,Tennessee,57.7,55,64,55.0,27.2,27.0,30,0.0,0.0,64.8,64.0,69.7,70.0,62.0,75.0,16.0,16.0,21,4.6,7
0.5,0.1,2.0,Tennessee,57.7,55,64,55.0,42.5,43.0,45,0.0,0.0,64.4,64.0,68.4,70.0,47.9,28.0,30.7,30.5,39,10.0,14
2.0,0.1,1.0,Tennessee,57.7,55,64,55.0,45.5,46.0,49,0.0,0.0,64.7,64.0,70.1,70.0,44.7,28.0,37.1,37.5,44,11.4,15
1.0,0.01,1.0,Michigan,57.7,55,58,58.0,39.3,39.5,45,0.2,2.0,79.8,82.0,89.9,94.5,89.8,91.0,16.0,16.5,21,18.6,23
0.5,0.1,1.0,Vermont,57.8,51,68,58.0,11.6,12.0,13,0.2,1.0,65.1,65.0,69.8,68.0,87.6,93.0,15.6,16.0,19,2.4,5
0.5,0.05,2.0,Nebraska,57.8,53,67,58.0,36.5,36.0,38,0.0,0.0,65.2,67.0,70.7,69.0,202.1,216.0,2.6,2.5,4,4.3,6
2.0,0.1,1.0,Nevada,57.9,44,73,56.0,5.5,5.5,6,0.0,0.0,78.5,81.0,95.6,91.0,,,0.0,0.0,0,0.0,0
0.5,0.1,0.5,Nebraska,57.9,53,67,58.0,18.8,18.5,20,0.0,0.0,62.8,60.0,68.5,67.0,112.66666666666667,70.0,0.3,0.0,1,4.5,6
0.5,0.01,0.5,Wyoming,58.0,45,143,45.0,3.9,4.0,6,0.0,0.0,100.9,83.0,151.125,178.0,83.25,77.0,2.125,2.0,3,0.0,0
0.5,0.1,0.5,Nevada,58.0,44,73,58.0,4.3,4.0,5,0.0,0.0,71.0,73.0,95.6,91.0,,,0.0,0.0,0,0.0,0
1.0,0.05,1.0,Illinois,58.0,54,59,59.0,58.4,58.5,63,0.0,0.0,67.4,71.0,70.7,71.5,58.6,62.0,16.5,16.5,19,3.2,5
0.5,0.1,1.0,Georgia,58.0,49,73,49.0,42.4,42.0,44,0.0,0.0,75.1,73.0,80.7,83.0,106.0,105.5,4.7,5.0,6,3.7,5
1.0,0.1,0.5,Indiana,58.0,42,68,58.0,57.7,58.5,62,0.0,0.0,64.1,64.5,66.5,65.0,28.0,28.0,20.2,20.0,25,9.3,14
1.0,0.01,0.5,Michigan,58.0,58,58,58.0,37.5,38.5,41,0.2,1.0,78.8,82.0,90.3,86.5,93.1,105.5,12.9,13.0,18,14.8,21
2.0,0.01,0.5,Michigan,58.0,58,58,58.0,41.7,42.5,47,0.2,1.0,84.2,82.0,93.6,92.0,86.6,95.0,16.9,16.0,25,15.5,22
2.0,0.01,1.0,Michigan,58.0,58,58,58.0,40.1,40.0,45,0.5,2.0,88.0,88.0,101.1,105.0,90.7,100.0,16.7,16.0,22,17.0,20
1.0,0.05,1.0,New York,58.0,41,66,60.0,12.2,12.0,18,0.7,4.0,67.8,71.0,78.9,78.0,28.0,28.0,204.1,206.5,220,37.7,43
0.5,0.1,2.0,Oregon,58.1,49,68,61.0,17.2,17.0,19,0.0,0.0,66.6,68.0,73.9,78.0,117.5,80.0,3.6,4.0,7,3.8,6
1.0,0.1,0.5,Pennsylvania,58.1,41,78,52.5,42.3,43.0,47,0.6,4.0,78.3,77.5,83.4,87.0,40.0,28.0,28.4,30.0,46,11.9,16
2.0,0.01,1.0,Minnesota,58.1,49,68,58.0,44.5,43.5,52,0.0,0.0,60.8,59.0,67.3,66.0,58.8,63.0,30.6,31.0,38,24.4,29
0.5,0.25,1.0,Maryland,58.2,48,66,58.0,10.4,10.0,12,0.3,1.0,64.1,65.0,70.5,72.0,65.4,61.0,14.1,15.0,17,1.6,3
0.5,0.1,1.0,Missouri,58.2,55,65,55.0,60.5,60.0,66,0.0,0.0,64.5,61.0,68.6,69.0,68.2,95.0,12.3,12.0,15,8.8,11
0.5,0.01,0.5,Michigan,58.2,58,60,58.0,27.0,28.0,32,0.4,2.0,89.2,82.0,99.0,100.5,93.7,100.0,7.4,7.0,13,10.0,14
0.5,0.01,2.0,Michigan,58.2,58,60,58.0,40.4,41.0,46,0.2,2.0,88.5,82.0,99.7,96.0,94.8,100.0,16.2,15.5,20,16.3,19
2.0,0.1,1.0,Connecticut,58.3,39,104,49.0,6.1,6.0,7,0.0,0.0,77.9,75.0,97.1,107.0,100.5,82.0,3.8,4.0,7,0.7,1
1.0,0.05,2.0,Washington,58.3,49,74,60.0,8.5,8.5,11,0.7,2.0,68.1,66.5,77.8,77.0,28.0,28.0,23.3,23.5,28,19.3,21
1.0,0.05,0.5,Nebraska,58.4,53,68,58.0,34.2,34.0,36,0.0,0.0,66.0,67.0,71.3,70.0,174.6,216.0,1.9,2.0,4,4.6,8
0.5,0.01,1.0,Michigan,58.4,58,62,58.0,33.4,33.0,37,0.2,1.0,78.1,82.0,92.3,91.0,91.6,106.0,12.2,12.5,16,14.8,20
2.0,0.05,0.5,New York,58.4,41,75,60.0,11.4,12.0,14,1.1,8.0,69.4,66.0,76.6,71.0,28.0,28.0,196.5,192.0,214,38.9,42
1.0,0.1,0.5,Tennessee,58.6,55,64,55.0,38.7,38.5,41,0.0,0.0,66.0,64.0,71.6,70.0,63.4,51.5,23.5,24.0,27,8.6,12
2.0,0.1,1.0,Pennsylvania,58.6,41,78,62.0,45.1,44.5,49,0.2,2.0,72.5,65.0,81.6,80.5,61.1,52.0,29.4,30.0,41,11.9,15
ALL,ALL,ALL,Idaho,58.6,38,137,51.0,12.619444444444444,13.0,18,0.7722222222222223,9.0,65.00833333333334,54.0,69.21388888888889,54.0,34.55833333333333,28.0,33.730555555555554,35.0,47,12.472222222222221,18
0.5,0.1,2.0,Vermont,58.7,53,68,58.0,10.9,11.0,13,0.2,1.0,66.4,68.0,70.6,71.0,86.4,92.0,15.9,16.0,18,3.1,6
2.0,0.1,1.0,Nebraska,58.7,53,67,58.0,41.5,41.5,44,0.0,0.0,64.0,60.0,68.0,67.0,188.2,216.0,2.9,3.0,4,4.4,5
1.0,0.1,1.0,Missouri,58.7,49,68,58.0,68.7,69.0,75,0.0,0.0,65.5,68.0,68.8,70.5,48.1,28.0,17.8,17.5,23,8.8,10
0.5,0.1,1.0,Oregon,58.8,49,68,60.5,13.5,13.0,15,0.0,0.0,67.2,68.0,71.3,68.0,142.1,156.0,4.1,5.0,5,1.9,5
0.5,0.05,0.5,Utah,58.9,40,77,53.0,10.9,11.0,12,0.0,0.0,78.1,77.0,87.9,87.5,45.0,28.0,5.0,6.0,7,2.6,4
2.0,0.05,0.5,Washington,58.9,49,71,60.0,8.4,9.0,10,1.2,2.0,69.7,72.0,80.1,82.0,33.0,28.0,23.4,23.0,26,18.9,21
0.5,0.01,1.0,Illinois,59.0,59,59,59.0,36.6,37.0,42,0.0,0.0,76.2,76.5,85.4,82.0,72.5,62.0,13.1,13.5,17,2.3,4
1.0,0.01,0.5,Illinois,59.0,59,59,59.0,37.7,38.0,40,0.0,0.0,79.7,80.5,86.3,85.0,58.6,62.0,14.0,13.5,20,2.8,4
1.0,0.01,1.0,Illinois,59.0,59,59,59.0,42.0,42.5,49,0.0,0.0,77.0,76.5,82.4,82.0,55.2,62.0,13.8,14.5,17,2.8,7
1.0,0.01,2.0,Illinois,59.0,59,59,59.0,45.8,45.5,50,0.0,0.0,75.9,76.0,81.7,83.5,58.6,62.0,14.9,14.5,20,3.7,5
2.0,0.01,0.5,Illinois,59.0,59,59,59.0,45.0,45.0,51,0.0,0.0,81.0,78.0,86.1,83.5,56.6,62.0,15.5,16.0,18,4.0,6
0.5,0.05,0.5,Ohio,59.0,36,73,61.5,43.5,43.0,47,0.2,2.0,72.2,73.0,75.2,77.0,28.0,28.0,20.9,21.0,25,14.1,16
0.5,0.05,0.5,Nebraska,59.1,53,76,55.5,18.5,19.0,21,0.0,0.0,66.7,67.5,71.1,73.0,,,0.0,0.0,0,4.5,6
1.0,0.1,1.0,Oregon,59.2,49,67,61.0,16.8,17.0,19,0.0,0.0,66.6,68.0,71.8,73.0,90.0,74.0,4.6,4.5,8,5.2,8
1.0,0.05,0.5,Washington,59.3,49,83,60.0,8.3,9.0,10,0.5,2.0,66.6,62.0,75.5,73.0,43.2,28.0,20.0,20.0,23,17.8,21
0.5,0.25,2.0,Maryland,59.4,58,65,58.0,11.2,11.0,13,0.2,1.0,66.6,65.0,70.2,71.5,65.1,61.0,14.3,14.0,19,2.0,3
0.5,0.25,0.5,Kentucky,59.4,50,67,65.0,35.4,35.0,39,0.0,0.0,66.7,67.0,69.3,68.0,28.0,28.0,18.1,19.0,21,11.6,15
0.5,0.25,2.0,Kentucky,59.4,50,67,65.0,42.9,43.0,46,0.0,0.0,67.4,67.0,71.1,69.5,28.0,28.0,28.2,27.5,33,16.8,20
1.0,0.25,2.0,Kentucky,59.4,50,67,65.0,47.0,47.0,52,0.0,0.0,66.4,67.0,71.3,71.0,28.0,28.0,30.6,31.5,34,18.7,21
0.5,0.05,0.5,Tennessee,59.5,55,64,59.5,22.1,23.0,24,0.0,0.0,65.6,65.0,76.7,73.5,70.7,75.0,12.4,13.0,18,3.4,8
0.5,0.05,1.0,Tennessee,59.5,55,64,59.5,30.9,31.0,33,0.0,0.0,73.2,66.0,81.3,73.5,59.8,28.0,17.5,18.0,22,5.4,8
2.0,0.25,0.5,Virginia,59.5,53,68,61.0,31.9,32.5,35,0.0,0.0,67.5,67.0,69.5,68.0,77.1,71.0,10.8,10.5,15,5.4,8
2.0,0.1,2.0,Florida,59.5,45,69,64.0,16.3,17.0,19,0.3,1.0,65.8,69.0,71.5,69.0,28.0,28.0,30.3,30.0,37,19.2,23
ALL,ALL,ALL,Tennessee,59.55,50,159,55.0,36.72222222222222,39.0,52,0.0,0.0,80.25,64.0,91.04166666666667,70.0,65.85277777777777,75.0,26.022222222222222,27.0,51,8.186111111111112,15
1.0,0.05,2.0,Indiana,59.6,42,73,59.0,61.6,62.0,66,0.0,0.0,67.3,63.5,69.9,66.0,46.9,28.0,20.1,20.5,26,9.0,14
2.0,0.25,0.5,Maryland,59.7,48,67,61.5,12.2,12.0,13,0.0,0.0,67.1,66.0,71.4,73.0,69.7,68.5,13.3,13.0,20,1.9,2
1.0,0.01,0.5,Wyoming,59.8,45,119,45.0,5.5,5.5,6,0.0,0.0,97.9,77.0,182.7,188.0,108.5,77.0,2.2,2.0,4,0.0,0
2.0,0.25,1.0,Maryland,59.8,48,65,58.0,12.5,13.0,14,0.2,1.0,66.2,65.0,70.5,70.5,66.0,61.0,14.6,14.5,19,1.6,3
2.0,0.05,0.5,Nebraska,59.8,53,69,58.0,37.9,37.5,42,0.0,0.0,69.4,69.0,73.0,76.0,173.9,216.0,3.5,3.0,7,5.9,8
2.0,0.1,0.5,Oregon,59.9,49,68,61.0,18.0,18.0,20,0.0,0.0,67.0,68.0,72.3,73.0,122.6,68.0,5.1,5.0,10,4.2,7
0.5,0.05,1.0,Washington,59.9,46,73,60.0,8.0,8.0,10,0.9,2.0,67.1,68.5,76.6,77.5,38.0,28.0,19.5,20.0,22,17.8,20
1.0,0.1,0.5,Oregon,60.0,49,68,61.0,15.7,16.0,18,0.0,0.0,65.9,68.0,71.4,68.0,113.7,88.5,3.7,4.0,6,1.9,4
0.5,0.25,1.0,South Carolina,60.0,56,61,61.0,12.1,12.0,13,0.0,0.0,70.6,72.0,77.0,76.0,100.9,111.0,14.2,14.5,17,6.1,7
2.0,0.25,0.5,South Carolina,60.0,56,61,61.0,14.0,14.5,15,0.0,0.0,69.8,72.0,75.0,76.0,94.2,106.0,20.3,18.5,26,7.0,9
0.5,0.1,2.0,Florida,60.0,45,69,64.0,15.2,16.0,18,0.2,1.0,65.7,69.0,72.6,70.0,31.8,28.0,26.4,26.0,33,19.1,23
1.0,0.05,2.0,Nebraska,60.1,53,69,58.0,39.0,39.0,41,0.0,0.0,67.9,67.0,72.6,73.0,220.4,216.0,2.8,3.0,4,4.8,7
0.5,0.05,1.0,Missouri,60.1,55,71,55.0,56.0,56.0,59,0.0,0.0,70.6,70.5,75.1,71.5,81.8,95.0,11.0,10.5,15,8.4,11
2.0,0.1,2.0,Missouri,60.1,49,71,61.0,75.8,75.5,79,0.0,0.0,64.9,65.0,68.1,70.0,48.1,28.0,20.8,19.5,27,9.5,12
0.5,0.1,0.5,Ohio,60.1,49,73,56.0,47.8,47.5,55,0.1,1.0,63.0,57.0,68.6,71.5,28.0,28.0,24.0,23.5,28,14.8,22
1.0,0.05,1.0,Utah,60.2,53,77,53.0,14.4,14.5,16,0.2,1.0,81.9,79.5,90.9,94.0,41.7,28.0,10.4,10.5,15,3.2,4
0.5,0.05,1.0,Utah,60.2,53,77,53.0,12.6,13.0,14,0.0,0.0,80.7,77.0,90.8,95.0,30.6,28.0,9.5,10.0,13,3.3,5
0.5,0.05,1.0,Nebraska,60.2,53,70,58.0,30.3,30.0,34,0.0,0.0,67.5,67.0,71.4,70.0,187.57142857142858,216.0,1.0,1.0,2,4.2,6
2.0,0.05,2.0,Washington,60.2,49,73,60.0,10.0,10.0,12,1.4,2.0,70.8,72.0,83.8,85.0,33.0,28.0,24.1,23.5,28,18.2,20
1.0,0.05,1.0,Washington,60.2,60,62,60.0,8.4,8.5,10,1.2,2.0,68.9,71.0,74.3,74.0,38.1,28.0,22.7,23.0,27,19.4,21
0.5,0.25,1.0,Virginia,60.3,53,68,61.0,23.4,23.0,25,0.0,0.0,65.5,67.0,70.8,68.0,79.7,71.0,7.9,7.5,11,2.5,4
1.0,0.25,0.5,Virginia,60.3,53,68,61.0,27.0,26.5,32,0.0,0.0,67.2,66.0,73.1,68.0,80.3,71.0,9.0,8.5,13,3.0,7
0.5,0.1,0.5,Maine,60.375,53,83,53.0,1.875,2.0,3,0.0,0.0,91.5,82.0,227.0,227.0,61.0,61.0,1.3333333333333333,1.0,2,0.0,0
1.0,0.1,0.5,Georgia,60.4,49,73,58.0,45.6,46.5,50,0.0,0.0,76.9,73.0,82.7,85.0,72.8,87.5,6.7,6.5,9,5.1,7
1.0,0.05,2.0,Tennessee,60.4,55,64,64.0,44.0,44.5,47,0.0,0.0,71.7,66.0,79.7,73.5,66.6,79.0,34.1,34.5,39,10.2,11
0.5,0.1,0.5,Florida,60.4,58,64,58.0,12.2,12.0,15,0.0,0.0,66.0,64.0,70.3,69.0,28.0,28.0,15.9,16.0,20,15.8,18
0.5,0.1,1.0,Massachusetts,60.5,57,92,57.0,9.2,9.0,10,0.0,0.0,64.7,58.0,92.5,91.0,82.33333333333333,69.0,2.3333333333333335,2.0,5,0.1,1
2.0,0.25,2.0,Maryland,60.5,48,65,61.5,12.4,12.0,14,0.1,1.0,65.8,65.0,69.3,69.5,67.8,64.5,16.3,16.5,19,1.6,2
1.0,0.25,0.5,Maryland,60.5,48,65,61.5,10.2,10.0,12,0.2,1.0,66.8,65.5,70.1,72.0,66.9,64.5,13.7,13.0,18,1.8,3
0.5,0.25,0.5,South Carolina,60.5,56,61,61.0,9.0,9.0,10,0.0,0.0,69.5,72.0,75.8,76.0,101.3,111.0,8.6,9.0,12,4.2,7
2.0,0.25,2.0,South Carolina,60.5,56,61,61.0,15.0,15.0,16,0.0,0.0,70.4,72.0,75.6,76.0,96.7,106.0,23.2,23.0,29,6.8,8
2.0,0.25,1.0,South Carolina,60.5,56,61,61.0,15.2,15.0,16,0.0,0.0,70.8,72.0,76.1,76.0,101.8,106.0,20.5,20.5,27,6.9,9
1.0,0.25,0.5,South Carolina,60.5,56,61,61.0,11.6,12.0,13,0.0,0.0,70.1,72.0,74.6,76.0,95.5,97.5,17.0,17.5,21,7.1,8
0.5,0.1,2.0,Massachusetts,60.6,57,91,57.0,9.1,9.0,10,0.0,0.0,78.0,86.0,91.2,91.0,108.0,80.0,2.6,2.5,5,0.1,1
0.5,0.25,2.0,Virginia,60.6,53,68,61.0,30.7,30.5,34,0.0,0.0,66.8,67.0,72.1,68.0,82.0,73.0,9.1,8.5,13,4.6,8
0.5,0.05,0.5,Indiana,60.6,42,68,60.5,47.2,47.5,51,0.0,0.0,67.0,64.0,69.8,67.0,56.2,56.0,16.3,16.5,22,6.3,8
0.5,0.1,0.5,Missouri,60.6,55,70,61.0,47.6,48.0,51,0.0,0.0,67.5,68.0,70.3,70.5,28.0,28.0,9.4,9.0,12,8.3,11
1.0,0.01,2.0,Michigan,60.6,58,82,58.0,42.9,43.0,45,0.1,1.0,84.4,82.0,99.6,105.0,85.8,92.0,17.6,17.5,23,15.8,20
1.0,0.1,2.0,Massachusetts,60.7,57,91,57.0,9.3,9.0,10,0.0,0.0,79.1,86.0,92.8,91.0,90.3,80.0,3.1,3.0,5,0.0,0
2.0,0.1,0.5,Vermont,60.7,51,72,58.0,11.0,11.0,12,0.2,1.0,69.4,66.5,73.5,68.0,90.0,93.0,16.3,16.0,21,3.0,4
2.0,0.1,1.0,Oregon,60.7,49,68,61.0,17.9,18.0,20,0.0,0.0,68.3,68.0,73.0,73.0,105.0,74.0,4.4,4.5,7,4.1,5
2.0,0.05,2.0,Nebraska,60.7,53,69,58.0,40.2,40.0,43,0.0,0.0,69.3,68.0,73.8,76.0,202.4,216.0,3.0,3.0,4,5.4,7
1.0,0.25,1.0,Maryland,60.8,58,65,58.0,12.0,12.0,13,0.0,0.0,66.4,65.0,72.6,73.0,65.4,61.0,15.4,15.5,17,1.4,3
1.0,0.25,2.0,Virginia,60.9,53,68,63.5,31.0,31.0,34,0.0,0.0,67.5,68.0,73.9,68.0,83.4,81.0,10.7,10.5,13,5.5,9
2.0,0.25,1.0,Kentucky,60.9,50,67,67.0,47.1,47.5,52,0.0,0.0,70.4,68.0,72.0,71.0,28.0,28.0,30.9,30.5,36,18.2,20
2.0,0.1,1.0,Florida,60.9,45,64,64.0,16.3,16.0,19,0.4,1.0,69.3,69.0,77.1,79.5,31.5,28.0,32.0,33.0,37,19.0,23
0.5,0.1,0.5,Georgia,61.0,49,73,67.0,28.7,28.5,33,0.0,0.0,73.3,73.0,78.6,82.0,103.8,114.0,4.0,4.0,6,1.6,3
2.0,0.05,1.0,Nebraska,61.0,53,67,62.5,40.2,41.0,42,0.0,0.0,69.4,69.0,73.6,76.0,204.5,216.0,2.8,2.5,6,5.0,7
0.5,0.25,2.0,South Carolina,61.0,61,61,61.0,13.6,14.0,16,0.0,0.0,72.8,72.0,77.5,76.0,110.5,111.0,14.3,13.0,19,6.8,10
1.0,0.25,1.0,South Carolina,61.0,61,61,61.0,13.8,13.5,16,0.0,0.0,72.9,72.0,77.5,76.0,106.4,111.0,17.2,16.0,23,7.0,9
1.0,0.25,2.0,South Carolina,61.0,61,61,61.0,13.8,13.5,16,0.0,0.0,71.2,72.0,75.1,76.0,97.2,106.0,20.2,21.0,26,7.9,9
1.0,0.1,0.5,Missouri,61.0,49,71,61.0,64.6,64.5,70,0.0,0.0,68.0,69.5,70.5,71.0,41.4,28.0,16.3,15.0,22,8.1,11
2.0,0.05,2.0,Utah,61.1,53,77,53.0,14.7,15.0,17,0.1,1.0,81.6,79.5,91.8,94.0,30.6,28.0,11.0,12.5,15,3.1,5
0.5,0.1,0.5,Pennsylvania,61.2,41,78,64.0,41.7,42.5,45,0.0,0.0,72.0,76.0,80.6,77.5,54.9,40.0,19.0,18.0,26,9.8,13
ALL,ALL,ALL,Nebraska,61.227777777777774,52,108,58.0,34.19166666666667,36.0,47,0.019444444444444445,2.0,69.14722222222223,67.0,74.76388888888889,68.0,191.70440251572327,216.0,2.05,2.0,7,4.4222222222222225,10
0.5,0.25,0.5,Maryland,61.3,48,66,65.0,10.0,10.0,11,0.1,1.0,67.2,65.5,69.8,70.5,69.1,69.5,10.7,10.5,15,0.9,2
0.5,0.01,0.5,Illinois,61.3,59,82,59.0,29.5,30.0,33,0.0,0.0,82.5,83.5,88.3,85.0,73.0,62.0,7.1,7.0,9,1.2,4
1.0,0.05,2.0,Utah,61.3,40,77,53.0,14.7,15.0,16,0.1,1.0,81.7,79.5,89.1,92.5,41.6,28.0,9.7,8.5,16,3.3,4
0.5,0.05,2.0,Tennessee,61.3,55,64,64.0,39.3,39.0,43,0.0,0.0,69.6,67.0,79.4,77.0,80.4,84.0,29.1,29.0,38,9.1,11
1.0,0.05,0.5,Tennessee,61.3,55,64,64.0,34.3,34.0,40,0.0,0.0,66.6,67.0,75.0,70.0,63.4,79.0,24.3,23.5,30,9.5,11
1.0,0.05,1.0,Tennessee,61.3,55,64,64.0,39.8,39.5,44,0.0,0.0,71.9,67.0,82.8,83.0,89.2,91.0,28.1,29.0,33,9.7,12
2.0,0.05,1.0,Tennessee,61.3,55,64,64.0,41.5,41.0,45,0.0,0.0,68.7,68.0,79.5,73.5,71.9,75.0,34.6,36.0,41,12.0,15
2.0,0.1,2.0,Vermont,61.4,53,75,58.0,11.2,11.0,13,0.2,1.0,69.6,68.0,75.8,68.0,88.6,93.0,14.8,15.0,17,2.8,5
2.0,0.05,0.5,Utah,61.4,41,77,53.0,14.6,15.0,16,0.1,1.0,83.8,79.5,90.7,94.0,37.2,28.0,9.8,9.5,15,3.4,6
1.0,0.05,1.0,Indiana,61.4,42,71,67.5,59.6,60.0,63,0.0,0.0,69.9,68.0,74.1,72.0,30.8,28.0,20.7,21.5,24,9.3,14
0.5,0.05,0.5,Missouri,61.5,55,71,58.0,42.5,42.5,45,0.0,0.0,69.4,71.0,72.3,72.0,54.9,28.0,8.9,8.5,13,6.5,9
0.5,0.05,2.0,Ohio,61.5,55,76,56.0,54.7,55.0,58,0.0,0.0,72.2,73.0,76.7,75.5,28.0,28.0,26.9,27.0,32,15.1,18
1.0,0.05,1.0,Nebraska,61.6,53,69,62.5,37.0,37.0,40,0.0,0.0,71.3,69.5,74.8,76.0,146.4,216.0,4.0,4.0,6,5.5,8
1.0,0.05,1.0,Missouri,61.6,55,71,58.0,64.2,64.5,68,0.0,0.0,70.5,70.5,72.2,71.5,64.2,61.5,16.9,17.5,20,8.7,11
0.5,0.1,0.5,North Carolina,61.9,49,85,50.5,17.2,17.0,21,0.0,0.0,76.9,76.0,84.8,85.0,79.4,86.0,5.3,5.0,7,3.2,5
2.0,0.25,1.0,Virginia,61.9,53,68,61.0,32.6,32.5,35,0.0,0.0,67.9,68.0,72.2,73.0,84.3,81.0,9.7,9.5,13,4.2,7
2.0,0.1,0.5,Florida,61.9,45,69,64.0,15.5,16.0,18,0.3,1.0,67.8,69.0,73.1,75.0,28.0,28.0,29.9,30.0,34,19.5,24
1.0,0.1,2.0,Oregon,62.0,51,68,61.0,18.5,19.0,21,0.0,0.0,70.9,68.0,74.0,78.0,138.2,118.5,4.5,4.5,7,3.3,8
0.5,0.1,0.5,Oregon,62.1,49,68,64.5,9.7,10.0,11,0.0,0.0,68.8,68.0,73.3,78.0,103.9,83.5,2.8,3.0,5,0.7,2
1.0,0.1,2.0,South Carolina,62.1,61,72,61.0,13.8,14.0,16,0.0,0.0,75.3,76.0,87.4,85.0,106.2,106.0,17.7,17.5,23,7.0,9
1.0,0.1,1.0,Ohio,62.1,56,73,56.0,58.3,57.5,65,0.0,0.0,64.1,59.5,71.1,71.0,28.0,28.0,31.0,30.0,39,14.3,16
ALL,ALL,ALL,Missouri,62.18333333333333,49,101,61.0,60.13055555555555,65.0,81,0.0,0.0,72.33888888888889,70.0,77.59722222222223,71.0,66.58611111111111,28.0,14.161111111111111,15.0,27,8.294444444444444,15
2.0,0.25,2.0,Virginia,62.2,53,76,61.0,34.3,34.5,38,0.0,0.0,68.8,68.0,73.0,68.0,87.5,91.0,8.6,9.0,10,3.6,6
1.0,0.05,0.5,North Carolina,62.2,49,100,49.0,20.7,21.0,25,0.0,0.0,81.5,81.5,94.5,96.0,85.0,86.0,5.3,6.0,8,4.4,7
2.0,0.05,2.0,Tennessee,62.2,55,64,64.0,44.5,44.0,49,0.0,0.0,76.6,70.0,86.1,87.0,92.7,113.0,34.3,34.0,39,10.8,15
2.0,0.01,1.0,Illinois,62.4,59,93,59.0,46.8,47.0,50,0.1,1.0,82.2,81.0,88.3,85.0,77.8,62.0,16.2,16.5,20,3.4,5
2.0,0.05,1.0,Ohio,62.4,36,76,63.5,56.5,57.0,60,0.3,3.0,68.8,73.0,73.1,74.0,28.0,28.0,30.6,30.0,38,15.7,20
2.0,0.01,2.0,Michigan,62.4,53,105,58.0,40.2,40.0,49,0.1,1.0,87.4,89.0,93.2,96.0,114.0,106.0,16.4,17.0,22,17.7,23
0.5,0.1,1.0,Florida,62.5,45,69,64.0,13.2,13.5,14,0.4,3.0,67.5,69.0,72.4,69.0,28.0,28.0,20.9,20.5,26,18.6,23
0.5,0.05,2.0,Pennsylvania,62.6,41,93,64.0,44.2,44.5,47,0.5,3.0,79.5,78.0,86.7,83.0,60.2,47.0,26.7,26.5,33,10.4,15
0.5,0.05,2.0,Indiana,62.6,55,82,58.0,57.5,57.5,62,0.0,0.0,66.0,62.0,69.8,66.0,50.8,28.0,18.4,18.5,24,10.8,19
1.0,0.1,2.0,Nevada,62.7,44,73,60.0,5.6,6.0,6,0.0,0.0,76.7,77.0,93.3,91.0,,,0.0,0.0,0,0.0,0
0.5,0.05,0.5,Oregon,62.8,49,68,68.0,8.7,8.5,10,0.0,0.0,70.1,68.0,77.2,78.0,114.5,106.0,2.8,3.0,6,0.9,2
1.0,0.1,2.0,Kentucky,62.8,50,77,67.0,45.5,45.5,53,0.0,0.0,71.6,68.0,77.0,76.0,28.0,28.0,31.1,30.5,38,16.0,20
1.0,0.25,1.0,Kentucky,62.8,50,67,65.0,43.6,43.5,47,0.0,0.0,68.5,67.0,70.9,69.5,28.0,28.0,28.5,28.0,33,16.8,19
1.0,0.1,1.0,Vermont,62.9,56,75,58.0,11.4,11.0,13,0.0,0.0,71.9,71.0,77.1,72.0,91.5,94.5,17.4,17.0,22,2.6,4
1.0,0.1,1.0,Florida,62.9,58,71,64.0,15.4,16.0,18,0.1,1.0,68.5,69.0,74.9,74.0,35.8,28.0,28.3,28.0,32,19.4,22
1.0,0.1,0.5,Ohio,63.0,36,73,70.5,57.4,58.5,61,0.1,1.0,68.5,73.0,72.1,73.5,28.0,28.0,25.0,25.0,28,14.1,19
1.0,0.1,2.0,Georgia,63.1,49,73,67.0,58.7,59.0,62,0.0,0.0,74.3,73.0,79.5,83.0,70.5,62.5,6.2,6.0,8,5.3,7
0.5,0.05,0.5,Kentucky,63.1,50,77,67.0,27.2,27.0,30,0.0,0.0,81.5,77.0,94.3,98.0,28.0,28.0,14.7,14.5,18,6.4,9
2.0,0.01,0.5,Tennessee,63.1,55,64,64.0,28.2,28.0,36,0.0,0.0,122.6,129.0,152.1,153.0,96.4,103.0,16.4,15.5,22,7.1,13
1.0,0.1,0.5,Florida,63.1,45,80,64.0,13.9,15.0,17,0.1,1.0,68.8,69.0,77.1,79.0,28.0,28.0,24.4,24.5,29,19.2,23
1.0,0.05,2.0,Ohio,63.2,49,74,64.5,55.1,55.0,59,0.0,0.0,65.7,65.0,70.9,76.0,28.0,28.0,29.9,31.0,37,16.8,19
2.0,0.1,1.0,Vermont,63.3,53,73,61.5,11.3,11.0,13,0.4,2.0,72.7,69.5,78.0,74.5,87.4,88.0,17.7,17.5,23,2.7,4
2.0,0.05,1.0,Indiana,63.3,57,68,64.5,61.3,61.5,65,0.0,0.0,67.1,66.5,72.3,70.5,39.1,28.0,20.6,20.5,24,9.5,13
2.0,0.05,1.0,Pennsylvania,63.3,41,91,72.0,44.4,43.5,51,1.3,10.0,83.4,91.0,90.2,93.0,73.7,95.0,26.4,25.5,34,11.4,15
1.0,0.25,2.0,Maryland,63.4,58,70,65.0,12.4,12.5,13,0.2,1.0,66.5,66.0,71.6,73.0,71.9,69.5,15.2,15.0,21,1.7,3
0.5,0.1,0.5,Vermont,63.4,54,75,58.0,10.6,10.5,13,0.0,0.0,74.0,71.0,78.0,71.0,94.9,95.5,14.0,13.5,20,3.1,5
ALL,ALL,ALL,Ohio,63.611111111111114,36,107,56.0,53.541666666666664,55.0,65,0.03333333333333333,3.0,69.81111111111112,70.0,74.275,73.0,31.38888888888889,28.0,26.272222222222222,28.0,45,14.227777777777778,22
2.0,0.05,1.0,Florida,63.7,58,85,64.0,16.0,16.0,19,0.4,1.0,74.6,75.5,82.3,82.5,28.0,28.0,28.2,29.5,34,18.7,22
0.5,0.25,0.5,Virginia,63.8,53,68,66.0,14.6,15.0,17,0.0,0.0,68.8,68.0,72.4,70.5,75.9,71.0,7.8,7.5,11,2.5,5
2.0,0.05,0.5,Missouri,63.8,55,71,67.5,66.1,65.5,69,0.0,0.0,71.3,71.0,74.5,72.0,49.8,28.0,17.0,18.0,19,8.4,10
ALL,ALL,ALL,Washington,63.8,46,143,60.0,8.88888888888889,9.0,13,0.5333333333333333,9.0,72.05555555555556,62.0,81.86629526462396,71.0,44.16111111111111,28.0,19.29722222222222,19.5,29,17.555555555555557,22
2.0,0.05,0.5,Florida,63.8,58,86,64.0,15.7,16.0,19,0.5,3.0,73.9,69.0,81.4,80.0,28.0,28.0,28.3,28.5,33,19.3,22
1.0,0.05,0.5,Ohio,63.9,49,76,63.5,54.9,55.0,58,0.0,0.0,68.0,72.0,75.8,78.0,28.0,28.0,23.4,23.5,30,13.1,17
ALL,ALL,ALL,Indiana,63.99444444444445,42,106,59.0,56.71666666666667,59.0,72,0.008333333333333333,3.0,70.02222222222223,62.0,73.50555555555556,65.0,50.388888888888886,28.0,18.130555555555556,19.0,28,9.205555555555556,19
0.5,0.01,0.5,Tennessee,64.0,64,64,64.0,11.7,11.5,14,0.0,0.0,124.3,123.0,151.4,157.5,103.6,103.0,3.7,3.5,7,1.6,7
0.5,0.05,1.0,Oregon,64.0,49,68,68.0,10.9,11.0,13,0.0,0.0,77.6,73.0,85.8,78.0,98.7,87.0,4.1,4.0,5,3.0,8
0.5,0.01,1.0,Tennessee,64.0,64,64,64.0,17.2,17.0,23,0.0,0.0,125.5,117.0,147.5,151.5,90.6,103.0,5.9,6.5,8,3.0,7
1.0,0.01,0.5,Tennessee,64.0,64,64,64.0,21.0,20.5,25,0.0,0.0,108.3,104.0,147.0,156.0,79.9,103.0,9.4,8.5,19,3.3,6
0.5,0.05,2.0,North Carolina,64.0,49,85,52.0,22.2,23.0,24,0.0,0.0,82.0,80.5,99.1,98.0,93.2,86.0,7.1,7.5,10,5.0,6
0.5,0.01,2.0,Tennessee,64.0,64,64,64.0,24.7,26.0,28,0.0,0.0,113.1,101.5,152.9,156.0,90.4,103.0,12.6,13.0,16,5.4,8
0.5,0.1,1.0,South Carolina,64.0,61,76,61.0,10.9,10.5,13,0.0,0.0,75.1,72.0,86.0,76.0,113.3,111.0,10.5,10.0,15,5.5,8
2.0,0.01,1.0,Tennessee,64.0,64,64,64.0,31.1,31.0,35,0.0,0.0,127.9,129.0,150.6,145.5,80.5,103.0,18.8,17.5,25,6.0,10
1.0,0.01,2.0,Tennessee,64.0,64,64,64.0,30.2,30.0,33,0.0,0.0,131.9,129.0,155.6,168.0,88.0,103.0,17.7,17.0,23,6.3,10
2.0,0.01,2.0,Tennessee,64.0,64,64,64.0,31.7,31.5,37,0.0,0.0,115.4,99.0,141.4,144.0,80.5,103.0,19.3,19.5,23,7.1,10
2.0,0.05,0.5,Tennessee,64.0,64,64,64.0,42.1,41.5,45,0.0,0.0,76.8,69.0,84.1,83.0,92.3,94.0,31.1,32.5,37,9.7,12
2.0,0.01,2.0,Illinois,64.1,59,93,59.0,48.4,48.5,52,0.0,0.0,80.5,81.0,85.6,85.0,80.6,62.0,17.0,17.5,21,2.5,6
1.0,0.05,1.0,Oregon,64.1,61,78,61.0,16.9,17.0,20,0.0,0.0,71.2,68.0,78.1,78.0,75.2,74.0,5.8,5.5,9,4.0,6
2.0,0.1,2.0,Massachusetts,64.2,57,92,57.0,9.1,9.0,10,0.0,0.0,78.8,78.5,90.9,91.0,118.55555555555556,113.0,2.2222222222222223,2.0,4,0.0,0
0.5,0.01,2.0,Illinois,64.3,59,95,59.0,42.7,42.5,46,0.0,0.0,82.3,80.0,87.7,85.0,73.2,62.0,14.4,16.0,17,1.7,4
2.0,0.05,2.0,Indiana,64.3,42,76,66.5,59.6,59.5,62,0.0,0.0,71.3,74.5,75.7,79.0,41.8,28.0,20.3,20.5,23,11.7,14
0.5,0.1,0.5,Connecticut,64.4,39,103,57.0,6.0,6.0,7,0.0,0.0,75.9,59.0,99.0,108.0,79.88888888888889,87.0,2.7777777777777777,2.0,5,0.0,0
0.5,0.1,2.0,South Carolina,64.4,56,85,61.0,12.7,13.0,14,0.0,0.0,82.0,80.5,94.3,95.5,108.2,111.0,13.0,12.5,23,6.7,8
ALL,ALL,ALL,Utah,64.49722222222222,40,176,53.0,13.727777777777778,14.0,17,0.1527777777777778,2.0,81.8861111111111,77.0,92.46666666666667,95.0,41.01111111111111,28.0,9.516666666666667,10.0,16,2.875,7
0.5,0.05,1.0,Indiana,64.5,55,76,66.0,53.7,53.5,59,0.0,0.0,68.6,68.0,72.3,73.0,28.0,28.0,19.5,20.0,22,8.9,13
2.0,0.05,0.5,Indiana,64.5,42,82,66.0,59.7,59.0,65,0.0,0.0,71.0,70.5,75.6,74.5,39.1,28.0,21.3,21.0,28,10.0,13
2.0,0.1,2.0,Kentucky,64.5,50,67,66.0,46.0,45.5,49,0.0,0.0,71.9,72.0,79.5,77.0,28.0,28.0,31.1,31.5,38,17.5,21
0.5,0.1,1.0,Maryland,64.6,58,73,65.0,9.3,9.5,11,0.3,1.0,74.0,71.5,78.6,73.0,75.1,76.0,10.7,11.0,14,2.0,3
0.5,0.05,1.0,Ohio,64.6,36,76,73.0,52.5,52.5,58,0.2,2.0,69.9,74.5,73.4,77.0,28.0,28.0,24.5,24.0,34,14.2,17
ALL,ALL,ALL,Pennsylvania,64.63333333333334,41,105,64.0,41.644444444444446,42.0,51,0.49722222222222223,10.0,79.02777777777777,78.0,84.02777777777777,91.0,72.50277777777778,52.0,29.15277777777778,26.0,55,11.716666666666667,21
1.0,0.05,0.5,Georgia,64.7,49,86,73.0,42.7,42.5,45,0.0,0.0,80.5,84.5,84.7,85.5,84.0,95.0,5.7,5.5,8,4.3,7
2.0,0.1,2.0,South Carolina,64.7,61,76,61.0,13.8,14.0,17,0.0,0.0,80.9,76.0,99.9,100.0,109.5,106.0,20.7,19.0,29,6.9,8
0.5,0.05,0.5,Florida,64.7,58,89,64.0,12.4,12.0,17,0.3,1.0,74.8,69.0,80.9,83.0,35.8,28.0,14.2,14.0,21,14.9,17
2.0,0.05,2.0,Nevada,64.8,56,73,60.0,5.2,5.0,6,0.0,0.0,80.0,77.0,102.7,91.0,,,0.0,0.0,0,0.0,0
2.0,0.1,0.5,Massachusetts,64.8,57,99,57.0,8.8,9.0,9,0.0,0.0,79.6,86.0,94.7,91.0,109.4,113.0,2.5,2.0,5,0.2,1
1.0,0.05,2.0,Missouri,64.8,55,71,69.5,69.4,69.5,73,0.0,0.0,69.1,71.0,73.7,72.0,56.9,28.0,17.8,17.5,21,9.5,13
0.5,0.05,2.0,Utah,65.0,53,77,65.0,14.0,14.0,15,0.1,1.0,84.0,87.5,90.8,95.0,40.5,28.0,9.4,10.5,12,3.0,4
1.0,0.1,0.5,Vermont,65.0,53,75,68.0,10.1,10.0,12,0.7,3.0,77.0,72.0,82.5,81.5,90.9,96.0,16.3,17.0,20,3.7,6
1.0,0.05,0.5,Oregon,65.1,49,78,64.5,13.4,14.0,15,0.0,0.0,71.1,68.0,82.3,78.0,125.77777777777777,88.0,3.0,3.0,5,1.9,3
0.5,0.05,2.0,Oregon,65.1,49,98,64.5,15.9,16.0,20,0.1,1.0,78.0,78.0,92.4,78.0,130.5,118.5,4.7,4.0,8,3.3,6
0.5,0.1,1.0,Kentucky,65.1,50,68,67.0,36.4,36.0,40,0.0,0.0,71.4,69.5,74.5,77.0,28.0,28.0,24.1,24.5,28,13.5,16
1.0,0.05,2.0,Nevada,65.2,56,81,60.0,5.4,5.0,6,0.0,0.0,80.8,81.0,97.9,91.0,,,0.0,0.0,0,0.0,0
2.0,0.1,1.0,North Carolina,65.2,49,85,62.5,28.7,29.0,31,0.0,0.0,74.7,80.5,86.8,88.5,77.2,84.0,8.8,8.5,12,6.5,9
2.0,0.05,1.0,Nevada,65.3,44,91,66.5,5.3,5.0,6,0.0,0.0,87.2,88.5,104.6,102.5,,,0.0,0.0,0,0.0,0
0.5,0.05,2.0,Connecticut,65.3,39,104,40.5,6.1,6.0,7,0.0,0.0,93.5,98.5,112.4,123.5,117.4,82.0,3.0,3.0,6,0.2,1
2.0,0.1,1.0,Kentucky,65.3,50,77,67.0,44.9,44.0,48,0.0,0.0,73.6,76.0,78.4,77.0,28.0,28.0,32.2,31.5,38,16.7,20
1.0,0.05,0.5,Connecticut,65.4,39,104,59.0,5.9,6.0,7,0.0,0.0,93.0,104.0,113.3,117.0,116.0,96.0,2.8,3.0,5,0.0,0
0.5,0.05,2.0,Georgia,65.4,49,86,70.0,50.1,50.0,56,0.0,0.0,81.0,78.5,87.5,85.0,113.2,108.5,5.0,5.0,9,4.2,7
0.5,0.1,0.5,South Carolina,65.4,61,72,61.0,8.4,8.5,10,0.0,0.0,74.4,76.0,88.9,85.0,114.1,111.0,7.5,7.0,12,4.2,6
0.5,0.05,2.0,Missouri,65.4,55,71,69.0,62.4,62.0,69,0.0,0.0,70.6,71.0,76.4,73.5,87.3,95.0,15.0,16.5,18,8.9,11
1.0,0.05,0.5,Missouri,65.5,55,71,69.5,58.9,59.5,62,0.0,0.0,72.4,71.5,77.0,73.5,87.4,95.0,14.2,14.0,20,8.6,11
2.0,0.05,1.0,Missouri,65.5,55,71,68.0,70.3,70.5,72,0.0,0.0,70.7,70.5,73.9,71.5,68.5,95.0,18.9,19.0,24,8.6,11
2.0,0.05,1.0,Oregon,65.7,49,78,68.0,17.1,17.0,19,0.0,0.0,74.0,78.0,77.2,78.0,178.5,169.5,3.7,3.5,7,3.6,7
2.0,0.05,2.0,Florida,65.7,64,71,64.0,14.5,14.0,17,0.7,2.0,77.3,75.5,88.8,86.0,28.0,28.0,28.9,28.0,37,20.4,22
2.0,0.05,2.0,Ohio,65.8,49,73,69.5,55.3,56.0,58,0.0,0.0,71.7,74.5,76.5,77.0,28.0,28.0,31.3,30.5,37,17.0,20
1.0,0.05,0.5,Vermont,66.2,58,75,69.5,9.7,10.5,12,0.3,2.0,76.5,71.5,80.2,73.5,93.2,92.0,20.0,20.0,24,4.0,6
1.0,0.1,1.0,South Carolina,66.2,61,76,61.0,12.8,13.0,14,0.0,0.0,82.6,76.0,94.0,85.0,111.8,107.5,14.8,14.5,21,5.9,7
0.5,0.1,1.0,Virginia,66.4,53,77,66.0,21.2,21.0,23,0.0,0.0,80.8,80.0,94.4,102.5,108.4,110.0,4.4,5.0,8,1.0,4
0.5,0.1,2.0,Maryland,66.4,48,73,67.5,11.0,11.0,13,0.0,0.0,70.9,73.0,76.0,74.0,78.4,82.0,12.8,12.5,20,1.8,3
2.0,0.05,0.5,Oregon,66.4,49,78,68.0,17.2,17.5,18,0.0,0.0,72.1,68.0,78.3,78.0,118.2,90.5,3.9,4.0,6,4.0,6
1.0,0.05,1.0,Ohio,66.6,36,78,73.0,55.6,56.5,59,0.2,2.0,73.4,76.0,76.0,78.0,28.0,28.0,28.0,28.5,32,14.5,20
0.5,0.25,1.0,New Jersey,66.7,64,75,64.0,7.4,7.5,9,0.0,0.0,77.1,75.0,85.2,84.0,125.11111111111111,129.0,1.0,1.0,2,0.6,1
2.0,0.05,2.0,Oregon,66.7,49,78,68.0,17.1,17.0,19,0.0,0.0,71.0,68.0,75.8,78.0,104.5,88.0,5.3,5.5,8,3.6,5
1.0,0.1,0.5,North Carolina,66.7,49,85,64.0,21.8,23.0,23,0.0,0.0,78.1,80.5,89.1,87.5,82.6,86.0,7.8,8.0,10,5.7,7
2.0,0.1,1.0,Maine,66.9,53,83,63.0,9.3,9.5,11,0.0,0.0,150.9,82.5,257.9,274.0,163.0,163.0,0.2222222222222222,0.0,1,0.9,1
0.5,0.1,2.0,Kentucky,66.9,50,77,67.0,42.3,43.0,46,0.0,0.0,72.5,76.0,79.4,77.0,28.0,28.0,28.2,28.0,33,14.1,17
1.0,0.05,1.0,Florida,66.9,58,89,64.0,16.5,16.0,20,0.3,1.0,76.3,75.0,86.2,86.0,35.8,28.0,26.2,27.5,30,17.9,21
2.0,0.05,0.5,Georgia,67.0,49,73,73.0,52.6,52.5,58,0.0,0.0,81.0,85.0,84.6,86.0,80.3,90.5,5.6,5.0,9,4.8,7
1.0,0.25,0.5,New Jersey,67.2,64,75,64.0,7.6,8.0,9,0.0,0.0,75.3,75.0,83.4,84.0,124.0,129.0,0.8888888888888888,1.0,2,0.2,1
2.0,0.1,1.0,South Carolina,67.3,61,76,66.5,13.8,14.5,16,0.0,0.0,83.6,80.5,100.4,106.0,104.7,105.0,19.6,19.0,24,7.0,9
0.5,0.05,0.5,Vermont,67.4,54,75,71.0,10.0,9.5,12,0.4,2.0,80.7,77.5,88.0,89.5,95.3,93.0,18.3,18.0,27,3.5,5
1.0,0.05,2.0,Florida,67.4,58,80,66.5,16.0,15.5,21,0.5,3.0,76.4,79.5,86.1,85.0,28.0,28.0,28.2,28.5,33,18.9,21
0.5,0.05,0.5,Georgia,67.6,49,73,73.0,25.7,26.0,29,0.0,0.0,80.3,82.0,83.0,85.5,115.0,114.0,2.9,3.0,6,1.7,2
1.0,0.05,2.0,Oregon,67.6,61,78,68.0,16.6,17.0,19,0.0,0.0,75.0,78.0,80.2,78.0,127.9,118.5,4.2,4.5,7,4.8,7
0.5,0.01,0.5,Oklahoma,67.7,37,76,75.5,11.0,11.0,14,0.0,0.0,91.0,83.0,131.2,106.0,57.5,60.0,2.5,2.5,6,2.0,5
1.0,0.05,0.5,South Carolina,67.7,61,106,61.0,11.2,11.0,12,0.0,0.0,85.7,80.5,102.3,106.0,128.3,107.5,10.2,11.0,13,4.6,6
ALL,ALL,ALL,Georgia,67.71666666666667,49,147,67.0,45.425,49.0,65,0.0,0.0,87.09166666666667,73.0,95.15833333333333,85.0,114.01769911504425,97.0,5.00561797752809,5.0,13,4.072222222222222,10
1.0,0.05,0.5,Nevada,67.8,55,91,66.5,5.1,5.0,6,0.0,0.0,83.8,81.5,103.8,91.0,280.0,280.0,1.0,1.0,1,0.0,0
0.5,0.05,0.5,Nevada,67.9,56,73,73.0,4.0,4.0,4,0.0,0.0,86.0,86.0,101.4,91.0,,,0.0,0.0,0,0.0,0
2.0,0.05,2.0,Vermont,67.9,58,75,69.5,9.8,9.5,12,0.5,2.0,81.5,80.0,86.7,88.5,94.5,93.0,20.4,21.0,25,4.2,6
2.0,0.1,0.5,South Carolina,67.9,61,106,61.0,13.5,14.0,15,0.0,0.0,81.8,72.0,89.5,80.5,107.8,106.0,15.1,15.0,18,6.1,8
2.0,0.01,2.0,Oklahoma,67.9,36,83,75.0,33.4,34.0,39,0.0,0.0,75.5,76.0,104.9,106.0,28.0,28.0,12.8,11.0,25,7.8,12
2.0,0.05,0.5,New Hampshire,68.0,48,148,48.0,6.6,7.0,7,0.0,0.0,162.0,184.0,197.5,204.0,84.5,84.5,1.25,1.0,2,0.0,0
1.0,0.05,2.0,Pennsylvania,68.1,41,93,72.0,44.0,44.0,47,0.4,3.0,82.0,84.0,86.0,91.0,74.9,95.0,26.4,25.0,38,11.4,14
2.0,0.25,2.0,New Jersey,68.2,64,75,69.0,9.9,10.0,11,0.0,0.0,77.4,75.0,85.9,84.0,136.0,129.0,2.1,2.0,4,0.2,1
1.0,0.05,2.0,North Carolina,68.2,49,100,64.0,25.1,25.0,28,0.0,0.0,87.9,85.0,94.5,100.0,92.9,86.0,8.2,7.5,12,6.4,9
2.0,0.1,2.0,Maryland,68.3,58,87,65.0,11.6,11.5,13,0.0,0.0,73.6,71.5,78.3,73.0,74.1,72.0,16.1,16.0,19,1.7,3
0.5,0.05,1.0,Vermont,68.3,58,75,72.0,9.5,9.5,12,1.1,3.0,85.9,94.0,90.0,96.5,93.7,96.0,18.6,18.0,29,4.1,7
2.0,0.1,0.5,Kentucky,68.3,50,77,67.5,42.7,42.0,49,0.0,0.0,77.5,74.0,81.6,77.0,28.0,28.0,30.4,30.5,34,16.6,20
2.0,0.05,0.5,Kentucky,68.4,50,77,71.5,43.1,43.5,48,0.0,0.0,80.7,77.0,89.6,93.0,28.0,28.0,30.1,29.0,37,13.8,20
1.0,0.1,0.5,Connecticut,68.5,39,104,57.0,6.3,6.0,7,0.0,0.0,86.7,89.5,95.0,109.5,98.7,87.5,3.9,3.5,7,0.0,0
0.5,0.05,2.0,Florida,68.5,58,86,64.0,15.9,15.5,18,0.8,3.0,81.6,80.0,88.0,86.0,46.5,28.0,25.6,25.0,32,17.7,21
1.0,0.25,1.0,New Jersey,68.6,64,84,66.5,8.5,9.0,9,0.1,1.0,77.8,75.0,91.0,84.0,114.3,129.0,1.7,2.0,3,0.4,1
2.0,0.05,1.0,Kentucky,68.6,50,77,72.0,44.2,44.0,49,0.0,0.0,82.8,77.0,95.7,98.0,28.0,28.0,30.0,31.5,36,14.3,17
0.5,0.05,1.0,Nevada,68.7,56,73,73.0,5.0,5.0,5,0.0,0.0,82.4,81.0,97.9,91.0,,,0.0,0.0,0,0.0,0
0.5,0.25,2.0,New Jersey,68.7,64,84,64.0,8.7,8.5,10,0.1,1.0,77.8,79.5,89.8,87.5,122.0,129.0,1.3,1.0,2,0.2,1
1.0,0.1,2.0,Maryland,68.7,58,87,65.0,10.4,10.5,12,0.2,1.0,77.1,74.0,86.6,86.5,83.7,83.0,12.2,11.5,18,1.9,4
2.0,0.05,1.0,Georgia,68.9,49,86,73.0,55.6,55.5,59,0.0,0.0,80.2,85.0,84.5,86.0,92.9,100.0,6.2,6.0,10,5.1,7
1.0,0.05,2.0,Georgia,68.9,49,86,73.0,55.3,55.5,58,0.0,0.0,82.1,85.0,84.1,86.0,106.3,103.5,5.6,5.5,10,5.4,9
1.0,0.05,0.5,Florida,69.0,58,85,64.0,15.4,16.5,17,0.4,1.0,80.3,83.0,86.8,89.0,50.1,28.0,21.4,21.0,27,16.5,21
0.5,0.05,1.0,North Carolina,69.1,49,85,76.0,18.0,18.0,20,0.0,0.0,87.1,88.5,97.5,96.0,92.2,86.0,5.7,5.5,8,3.8,6
2.0,0.05,0.5,Nevada,69.2,44,81,73.0,5.5,5.5,6,0.0,0.0,87.6,91.0,106.0,114.0,,,0.0,0.0,0,0.0,0
2.0,0.25,0.5,Montana,69.2,64,90,64.0,16.2,16.0,17,0.0,0.0,112.8,108.0,129.2,120.0,97.2,77.0,3.2,3.0,5,1.0,1
0.5,0.05,0.5,South Carolina,69.2,61,76,72.0,6.9,7.0,8,0.2,2.0,103.3,106.0,120.8,128.0,162.7,161.0,4.4,4.5,7,2.6,5
2.0,0.05,2.0,Missouri,69.2,55,71,71.0,71.6,72.0,74,0.0,0.0,75.1,72.0,79.7,75.0,70.5,95.0,18.4,18.0,23,10.1,13
0.5,0.05,2.0,Nevada,69.3,44,91,73.0,5.4,5.0,6,0.0,0.0,82.7,81.0,101.4,91.0,,,0.0,0.0,0,0.0,0
ALL,ALL,ALL,New Hampshire,69.36111111111111,48,347,48.0,6.0,6.0,7,0.0,0.0,149.23398328690809,129.0,179.25141242937852,184.0,93.97894736842105,94.0,1.1157894736842104,1.0,2,0.0,0
1.0,0.01,0.5,Missouri,69.4,55,71,71.0,33.3,35.0,38,0.0,0.0,94.7,95.0,105.3,102.0,141.7,129.0,4.9,5.0,7,3.2,6
1.0,0.01,1.0,Missouri,69.4,55,71,71.0,41.3,41.0,49,0.0,0.0,89.8,91.0,99.9,102.0,120.6,129.0,7.3,7.5,10,5.0,7
ALL,ALL,ALL,Florida,69.56944444444444,45,112,64.0,14.98611111111111,15.0,22,0.46944444444444444,9.0,78.94722222222222,69.0,87.54166666666667,79.0,45.30833333333333,28.0,23.483333333333334,24.0,37,17.11111111111111,24
1.0,0.01,1.0,Oklahoma,69.6,37,83,75.5,27.8,28.5,31,0.0,0.0,91.6,79.5,121.7,105.0,33.7,28.0,8.4,8.5,13,3.8,6
2.0,0.05,1.0,Vermont,69.7,58,75,72.5,9.9,10.0,12,0.8,2.0,84.3,90.0,95.3,104.5,93.8,93.0,21.5,22.0,31,4.1,6
2.0,0.1,0.5,Maryland,69.8,58,87,70.0,12.1,12.5,13,0.0,0.0,75.6,73.0,78.8,74.0,84.7,84.0,12.1,12.0,15,1.2,2
2.0,0.01,2.0,Missouri,69.8,55,91,71.0,54.8,54.0,58,0.0,0.0,93.1,94.5,100.9,100.0,60.0,28.0,12.9,14.0,17,6.5,11
0.5,0.05,2.0,Vermont,69.9,58,97,66.5,10.4,10.0,13,0.3,3.0,79.4,73.5,83.5,80.5,94.6,94.0,20.7,21.0,26,3.6,5
0.5,0.05,1.0,Florida,69.9,58,89,66.5,13.4,13.5,16,1.3,9.0,82.6,80.0,87.9,86.0,49.9,28.0,19.7,20.0,23,16.8,18
2.0,0.01,0.5,Oklahoma,70.0,37,75,73.0,28.7,28.0,31,0.0,0.0,90.7,76.0,116.6,94.0,33.7,28.0,8.0,8.0,13,3.9,6
0.5,0.25,0.5,New Jersey,70.1,64,84,66.5,5.6,5.5,7,0.0,0.0,78.5,75.0,87.6,84.0,94.0,94.0,0.5714285714285714,0.0,2,0.4,1
0.5,0.05,1.0,Georgia,70.2,49,86,73.0,40.3,41.0,43,0.0,0.0,83.1,85.0,90.4,86.0,121.3,114.0,4.2,4.0,7,2.1,4
1.0,0.05,2.0,Vermont,70.2,58,100,63.0,11.0,11.0,12,0.4,2.0,81.7,73.0,85.5,77.5,95.7,94.5,20.1,21.0,23,3.0,5
2.0,0.05,0.5,Ohio,70.2,52,78,73.0,56.9,56.0,61,0.0,0.0,74.1,75.5,76.8,77.0,28.0,28.0,30.0,31.0,37,14.3,18
2.0,0.01,1.0,Oklahoma,70.3,37,83,76.0,32.3,32.5,36,0.0,0.0,92.8,83.0,119.3,105.5,28.0,28.0,9.1,8.5,13,5.6,10
1.0,0.1,1.0,Massachusetts,70.7,57,92,57.0,9.3,9.5,10,0.0,0.0,78.6,86.0,94.5,91.0,100.9,80.0,2.6,2.5,5,0.2,1
ALL,ALL,ALL,Nevada,70.80555555555556,44,150,60.0,5.166666666666667,5.0,6,0.013888888888888888,1.0,91.39444444444445,81.0,118.64444444444445,91.0,262.1875,250.0,1.0555555555555556,1.0,2,0.013888888888888888,1
ALL,ALL,ALL,Vermont,70.97777777777777,44,150,65.0,10.2,10.0,14,0.5944444444444444,8.0,85.91944444444445,71.0,95.02777777777777,74.0,93.225,93.0,17.180555555555557,17.0,31,3.522222222222222,8
2.0,0.05,2.0,Pennsylvania,71.0,41,93,74.0,44.9,45.0,48,0.5,3.0,86.8,91.0,90.6,93.0,83.0,97.5,24.7,24.5,30,10.2,12
1.0,0.1,1.0,Kentucky,71.0,50,77,76.0,43.5,44.0,45,0.0,0.0,76.9,77.0,84.0,82.0,28.0,28.0,31.0,30.0,35,13.9,18
2.0,0.25,0.5,New Jersey,71.2,64,84,69.0,9.3,9.0,10,0.0,0.0,79.1,79.5,89.0,87.5,125.5,129.0,1.8,2.0,2,0.1,1
1.0,0.01,2.0,Oklahoma,71.2,37,76,75.0,32.8,33.5,36,0.0,0.0,81.8,79.5,131.5,122.5,28.0,28.0,7.9,8.0,11,4.3,7
1.0,0.05,1.0,Georgia,71.3,49,86,73.0,51.8,52.0,55,0.0,0.0,81.2,84.5,87.3,85.5,82.1,102.5,6.0,6.0,9,3.0,5
1.0,0.01,2.0,Missouri,71.4,55,91,71.0,50.1,50.0,53,0.0,0.0,91.7,91.0,101.8,101.0,84.1,78.5,11.1,11.0,14,7.2,10
1.0,0.05,0.5,Kentucky,71.4,50,77,77.0,36.2,35.5,40,0.0,0.0,80.7,77.0,91.0,93.0,28.0,28.0,24.4,25.0,29,12.6,15
1.0,0.25,0.5,Montana,71.8,64,90,64.0,13.4,13.0,15,0.0,0.0,113.0,108.0,128.4,120.0,98.7,77.0,3.4,3.0,5,1.0,1
0.5,0.01,2.0,Oklahoma,71.8,41,83,75.0,25.9,26.0,31,0.0,0.0,78.5,76.0,113.6,105.5,28.0,28.0,7.7,7.5,10,3.4,5
2.0,0.25,1.0,New Jersey,71.9,64,84,72.0,9.3,9.0,11,0.0,0.0,80.8,84.0,88.3,91.0,128.3,111.5,2.2,2.0,3,0.0,0
1.0,0.05,2.0,Connecticut,71.9,39,104,59.0,6.3,6.0,7,0.0,0.0,99.1,104.0,121.5,124.0,102.0,96.0,3.3,3.0,5,0.7,1
2.0,0.01,2.0,Nebraska,71.9,53,77,76.5,32.2,32.0,36,0.2,2.0,89.0,87.0,98.7,96.0,223.7,223.0,2.9,2.5,5,6.4,10
1.0,0.05,1.0,Pennsylvania,71.9,41,93,78.0,44.2,44.0,47,0.5,3.0,89.6,93.0,92.6,93.0,95.0,97.5,24.7,25.0,36,10.8,14
0.5,0.05,1.0,Pennsylvania,72.2,41,93,78.0,41.7,41.5,44,0.4,2.0,88.1,91.0,91.5,93.0,74.1,95.0,23.4,22.0,33,9.9,12
1.0,0.01,0.5,Nebraska,72.3,53,87,72.5,24.5,24.0,30,0.2,2.0,92.8,88.0,100.2,98.0,180.6,223.0,1.7,1.0,6,3.7,8
1.0,0.1,0.5,Kentucky,72.3,65,77,76.0,37.6,39.0,41,0.0,0.0,76.2,77.0,84.8,86.0,28.0,28.0,28.7,30.0,33,14.6,19
2.0,0.1,2.0,Virginia,72.5,61,109,70.5,34.4,35.0,35,0.0,0.0,88.5,86.0,98.9,109.0,113.9,110.0,5.6,5.5,9,2.3,3
2.0,0.01,0.5,Nebraska,72.5,53,77,77.0,29.0,29.5,31,0.0,0.0,85.4,87.0,96.6,92.5,236.66666666666666,223.0,1.6,1.0,4,3.5,6
1.0,0.05,1.0,Nevada,72.6,60,82,73.0,5.4,5.0,6,0.0,0.0,84.7,83.5,100.2,91.0,280.0,280.0,1.0,1.0,1,0.0,0
1.0,0.1,2.0,Virginia,72.7,61,114,67.0,30.9,31.0,33,0.0,0.0,83.7,77.0,93.9,99.0,95.7,100.5,7.4,7.5,12,3.0,5
1.0,0.01,1.0,Nebraska,72.7,53,77,77.0,28.3,28.5,31,0.2,2.0,92.6,88.0,100.2,99.0,167.33333333333334,223.0,1.7,2.0,3,3.7,6
2.0,0.05,0.5,Vermont,72.7,58,86,75.0,10.0,9.5,12,0.9,3.0,89.1,94.0,99.0,102.5,97.3,95.5,21.1,20.5,27,4.0,5
1.0,0.05,0.5,Pennsylvania,72.7,41,91,77.5,43.7,44.0,47,0.3,3.0,84.4,85.0,89.4,91.5,70.5,61.5,21.3,20.0,32,10.2,13
2.0,0.05,2.0,Kentucky,72.9,50,77,76.0,46.8,47.0,49,0.0,0.0,81.3,77.0,91.4,93.0,28.0,28.0,31.3,32.0,38,13.9,17
2.0,0.1,1.0,Massachusetts,73.2,57,104,57.5,9.1,9.0,10,0.0,0.0,83.9,86.0,94.9,91.0,126.3,129.0,2.1,2.0,4,0.2,1
1.0,0.1,1.0,Maryland,73.2,58,87,71.5,11.6,11.5,13,0.0,0.0,78.6,73.0,82.4,74.5,85.4,85.0,12.2,12.0,16,1.5,3
2.0,0.1,0.5,Virginia,73.2,61,104,67.0,31.3,31.5,34,0.0,0.0,78.9,73.0,94.6,99.0,122.4,98.0,6.2,6.0,9,3.1,5
1.0,0.05,1.0,Vermont,73.2,58,94,73.5,9.9,9.5,12,0.8,2.0,88.0,94.0,92.6,97.5,92.8,91.0,20.8,21.0,23,4.1,5
1.0,0.25,2.0,New Jersey,73.3,64,84,75.0,8.9,9.0,10,0.4,1.0,86.1,84.0,111.9,103.0,160.5,129.0,1.9,2.0,3,0.4,1
2.0,0.01,1.0,Nebraska,73.3,69,89,69.0,29.6,29.5,36,0.0,0.0,80.8,77.0,95.1,90.5,188.625,223.0,1.9,2.0,4,6.7,9
2.0,0.05,1.0,North Carolina,73.3,49,101,80.5,24.4,24.0,28,0.0,0.0,81.6,93.0,105.2,104.5,127.3,89.5,7.1,7.5,11,7.4,10
0.5,0.1,0.5,Maryland,73.5,58,87,71.5,8.7,8.5,10,0.0,0.0,81.4,80.5,88.4,86.5,93.3,92.0,8.4,8.0,11,0.8,2
1.0,0.01,1.0,Tennessee,73.5,64,159,64.0,26.2,27.5,29,0.0,0.0,123.2,110.5,142.7,144.0,132.7,113.0,13.5,14.0,19,5.9,9
0.5,0.01,1.0,Missouri,73.6,71,97,71.0,31.4,32.0,37,0.0,0.0,99.0,101.0,105.2,103.0,119.1,129.0,4.4,4.5,7,2.8,5
0.5,0.1,0.5,Massachusetts,73.8,57,92,71.5,9.0,9.0,9,0.0,0.0,76.8,75.5,94.8,93.0,105.0,89.5,2.0,2.0,4,0.1,1
0.5,0.01,1.0,Oklahoma,73.8,37,83,75.5,15.3,15.0,20,0.0,0.0,92.6,83.0,141.8,139.0,55.2,28.0,3.2,3.0,5,2.1,5
2.0,0.05,0.5,Pennsylvania,73.8,64,78,77.0,45.0,45.5,49,0.0,0.0,87.7,93.0,92.7,94.0,96.2,95.0,21.0,20.0,30,9.8,13
2.0,0.05,2.0,Georgia,73.9,49,85,73.0,55.5,55.5,58,0.0,0.0,85.4,85.5,91.7,86.0,88.1,96.0,5.7,5.5,8,7.1,9
0.5,0.05,2.0,Kentucky,73.9,67,77,77.0,40.6,41.0,44,0.0,0.0,86.1,86.0,93.7,93.0,28.0,28.0,27.7,28.5,34,13.5,20
2.0,0.1,0.5,Maine,74.0,53,234,53.0,9.8,10.0,11,0.0,0.0,121.1,82.0,208.4,230.5,64.4,61.0,1.1666666666666667,1.0,2,0.3,1
2.0,0.05,1.0,South Carolina,74.0,61,128,72.0,12.6,13.0,14,0.0,0.0,96.0,95.5,111.0,107.0,116.2,106.0,17.5,16.0,24,7.2,9
0.5,0.1,1.0,Maine,74.1,53,264,53.0,4.7,4.5,6,0.0,0.0,101.9,82.0,218.7,272.0,61.0,61.0,0.8,1.0,1,0.1,1
2.0,0.1,1.0,Virginia,74.1,53,99,73.0,32.8,33.0,35,0.0,0.0,98.1,99.0,107.5,113.0,109.3,110.0,6.4,6.0,9,2.5,5
2.0,0.01,0.5,Missouri,74.1,71,101,71.0,47.9,48.0,54,0.0,0.0,94.2,95.0,102.4,101.5,116.5,129.0,9.0,9.5,13,6.4,9
0.5,0.1,2.0,Virginia,74.3,53,104,68.0,29.8,29.5,32,0.0,0.0,90.1,87.5,101.5,110.5,105.1,97.0,5.5,5.5,9,3.1,4
1.0,0.05,1.0,North Carolina,74.3,49,101,80.5,23.7,24.0,26,0.0,0.0,88.0,88.0,103.8,101.0,95.1,86.0,8.3,8.0,12,5.1,6
0.5,0.05,0.5,Connecticut,74.4,39,104,67.0,5.6,6.0,6,0.0,0.0,104.8,106.5,131.4,140.5,110.25,96.0,1.875,2.0,3,0.0,0
2.0,0.25,1.0,Montana,74.4,64,90,64.0,16.6,17.0,17,0.0,0.0,111.8,108.0,127.1,120.0,113.1,77.0,3.3,3.0,5,0.9,2
1.0,0.01,0.5,Oklahoma,74.4,73,76,74.0,20.2,19.5,24,0.0,0.0,78.4,76.0,125.2,119.5,50.8,28.0,4.6,4.0,8,3.7,6
1.0,0.01,2.0,Nebraska,74.4,53,87,76.0,31.4,31.5,37,0.0,0.0,88.4,77.0,98.7,94.0,187.22222222222223,223.0,2.5,3.0,4,5.4,8
0.5,0.05,0.5,Pennsylvania,74.4,64,78,78.0,40.8,40.0,43,0.0,0.0,84.7,87.0,90.8,91.0,84.7,96.5,15.7,16.5,20,8.9,12
2.0,0.1,1.0,Maryland,74.5,58,100,67.5,11.2,11.0,13,0.1,1.0,80.4,74.0,86.9,80.5,90.2,94.0,13.0,12.5,18,1.7,3
0.5,0.01,0.5,Missouri,74.6,55,97,71.0,24.2,23.5,27,0.0,0.0,89.1,91.0,101.7,102.0,108.6,129.0,3.7,4.0,5,3.2,5
0.5,0.01,2.0,Missouri,74.6,55,99,71.0,40.3,40.0,46,0.0,0.0,96.0,101.5,108.3,108.0,125.1,129.0,9.0,9.0,15,4.0,6
1.0,0.1,0.5,South Carolina,74.8,61,108,74.0,10.9,11.0,12,0.2,2.0,90.0,85.0,102.1,106.0,112.0,111.0,11.6,11.0,19,5.3,7
0.5,0.05,0.5,North Carolina,74.9,49,101,85.0,14.7,14.5,18,0.0,0.0,92.0,96.0,102.0,104.5,96.4,86.0,4.8,5.5,7,2.5,4
1.0,0.05,2.0,Kentucky,75.1,67,107,72.0,43.3,43.0,45,0.0,0.0,85.4,77.0,94.0,95.5,28.0,28.0,29.9,30.0,34,14.6,16
ALL,ALL,ALL,Kentucky,75.36111111111111,50,146,67.0,38.361111111111114,40.0,53,0.09444444444444444,4.0,87.71111111111111,77.0,95.72777777777777,92.0,40.958333333333336,28.0,24.772222222222222,26.0,38,13.475,22
0.5,0.01,1.0,Nebraska,75.4,53,89,76.5,23.3,23.5,29,0.0,0.0,91.6,87.0,101.5,99.0,186.33333333333334,223.0,1.3,1.0,2,2.3,4
2.0,0.01,1.0,Missouri,75.4,55,91,71.0,50.4,50.0,55,0.0,0.0,94.2,91.0,101.4,102.0,95.1,122.0,10.9,10.5,14,7.2,9
1.0,0.05,2.0,South Carolina,75.5,61,128,68.5,12.9,13.0,15,0.0,0.0,100.1,106.0,120.5,124.5,105.0,106.0,15.6,15.0,21,7.0,9
ALL,ALL,ALL,Connecticut,75.83611111111111,39,192,59.0,6.094444444444444,6.0,7,0.005555555555555556,1.0,95.825,93.0,111.46518105849582,111.0,118.94476744186046,96.0,3.8236994219653178,4.0,9,0.25555555555555554,1
0.5,0.05,1.0,Kentucky,75.9,67,98,76.5,35.1,34.0,40,0.0,0.0,84.9,81.0,93.5,93.0,28.0,28.0,24.3,24.5,31,10.7,13
0.5,0.1,2.0,Maine,76.0,53,254,53.0,7.9,8.0,9,0.0,0.0,111.7,82.0,237.4,262.0,207.5,231.0,0.6666666666666666,1.0,1,0.4,1
1.0,0.05,1.0,Kentucky,76.0,67,99,76.5,41.2,40.5,46,0.0,0.0,84.5,77.0,96.5,98.0,28.0,28.0,29.0,28.0,37,13.9,18
1.0,0.1,0.5,Maryland,76.9,65,87,73.0,10.5,11.0,12,0.0,0.0,81.8,78.0,87.5,83.0,94.2,96.0,11.2,11.5,15,1.2,3
1.0,0.25,1.0,Montana,77.0,64,90,77.0,16.1,16.0,17,0.0,0.0,110.6,108.0,124.8,120.0,133.6,106.0,3.2,3.0,5,0.9,1
1.0,0.01,0.5,New Hampshire,77.1,48,239,48.0,4.6,5.0,5,0.0,0.0,227.2,240.0,282.1,283.0,75.0,75.0,1.5,1.5,2,0.0,0
0.5,0.01,2.0,Idaho,77.2,51,95,83.0,10.2,10.0,15,1.5,7.0,93.8,89.0,107.5,104.0,37.5,28.0,26.5,26.0,35,12.4,16
0.5,0.01,2.0,Nebraska,77.3,67,89,76.5,26.6,26.5,31,0.1,1.0,86.3,87.0,94.4,89.0,230.33333333333334,223.0,1.0,1.0,2,4.1,6
2.0,0.05,1.0,Connecticut,77.6,39,104,102.0,6.2,6.0,7,0.0,0.0,94.0,106.0,114.6,123.0,142.0,134.0,3.4,3.5,7,0.7,1
1.0,0.25,1.0,Delaware,77.8,60,95,80.0,2.7,3.0,3,0.0,0.0,114.6,124.0,378.0,401.0,239.75,257.0,1.75,1.5,3,0.0,0
2.0,0.05,2.0,Maryland,78.7,65,91,80.0,10.5,10.5,13,0.0,0.0,90.5,90.5,99.9,100.0,103.8,95.5,12.2,13.0,16,1.3,3
0.5,0.05,1.0,Connecticut,78.8,39,104,88.0,5.7,6.0,6,0.0,0.0,99.6,109.0,113.7,115.0,140.0,134.0,1.8888888888888888,2.0,3,0.0,0
0.5,0.1,2.0,New Jersey,79.0,64,105,75.0,7.8,8.0,8,0.0,0.0,93.2,87.5,109.6,98.0,132.25,129.0,1.25,1.0,2,0.0,0
1.0,0.05,0.5,Massachusetts,79.0,57,106,86.0,9.0,9.0,10,0.0,0.0,91.6,91.0,103.2,101.0,103.55555555555556,91.0,2.5,2.0,5,0.2,1
1.0,0.1,0.5,Massachusetts,79.0,57,106,89.5,8.9,9.0,9,0.0,0.0,89.1,97.0,100.2,101.5,110.44444444444444,95.0,2.2222222222222223,2.0,4,0.2,1
2.0,0.25,1.0,Delaware,79.5,60,95,87.5,3.0,3.0,3,0.0,0.0,109.4,124.0,320.5,320.5,239.75,257.0,1.5,1.0,3,0.0,0
2.0,0.05,0.5,North Carolina,79.5,49,102,80.5,24.5,24.0,27,0.0,0.0,92.6,88.0,104.8,101.0,92.2,86.0,8.4,8.0,11,6.7,9
1.0,0.25,2.0,Montana,79.6,64,90,90.0,16.2,16.0,17,0.0,0.0,114.0,114.0,130.7,127.5,138.5,156.5,2.7,2.5,4,0.9,1
0.5,0.05,0.5,Maryland,79.6,65,91,87.0,7.7,8.0,10,0.2,1.0,93.3,91.0,107.3,113.0,91.9,109.0,6.7,5.5,12,1.2,2
0.5,0.05,2.0,South Carolina,79.6,61,128,74.0,11.9,12.0,13,0.3,2.0,107.9,106.0,124.8,118.0,121.2,111.0,10.6,10.5,14,5.5,7
2.0,0.25,2.0,Mississippi,80.0,73,87,80.0,17.1,17.0,18,0.0,0.0,99.6,96.0,132.7,134.5,302.0,302.0,0.6,1.0,1,1.0,1
ALL,ALL,ALL,Oregon,80.07222222222222,49,235,61.0,14.561111111111112,15.0,21,0.002777777777777778,1.0,94.56666666666666,68.0,105.64166666666667,78.0,139.74212034383953,88.0,4.002832861189802,4.0,10,2.911111111111111,8
0.5,0.05,2.0,Maryland,80.2,65,100,77.5,10.3,10.5,12,0.0,0.0,87.6,89.0,94.8,100.0,99.5,98.0,9.5,8.5,14,0.9,2
1.0,0.01,1.0,California,80.2,55,109,78.5,6.2,6.0,9,8.9,20.0,110.7,115.0,161.0,131.0,28.0,28.0,70.4,67.5,97,27.4,31
1.0,0.01,2.0,New York,80.2,60,108,75.0,12.6,13.0,16,0.7,7.0,105.6,108.0,112.1,108.0,28.0,28.0,169.1,171.0,191,34.7,38
2.0,0.1,0.5,New Jersey,80.6,64,114,75.0,7.9,8.0,9,0.1,1.0,94.9,87.5,114.9,108.5,167.5,129.0,2.125,2.0,3,0.1,1
2.0,0.01,0.5,California,80.7,48,107,73.0,6.0,5.5,11,10.7,21.0,109.1,109.0,142.33333333333334,140.0,28.0,28.0,68.5,66.0,80,27.4,31
1.0,0.05,2.0,Maryland,81.0,65,100,86.5,11.0,11.0,12,0.0,0.0,89.2,89.0,99.4,111.0,107.0,100.0,9.9,9.5,14,1.5,3
1.0,0.05,0.5,Maryland,81.3,65,109,87.0,8.7,8.5,11,0.2,1.0,96.4,100.0,102.8,109.0,88.4,98.5,7.9,8.0,10,1.4,3
0.5,0.05,1.0,South Carolina,81.3,61,128,72.0,9.5,9.5,11,0.0,0.0,103.7,95.5,122.8,128.0,131.0,126.0,7.8,7.5,12,3.7,6
2.0,0.01,0.5,Indiana,81.4,42,95,91.0,48.8,49.5,52,0.0,0.0,96.9,95.0,103.4,106.0,80.3,102.5,15.0,14.0,23,10.3,14
0.5,0.25,1.0,Delaware,81.5,60,95,87.5,2.9,3.0,3,0.0,0.0,112.3,124.0,401.0,401.0,89.0,89.0,1.0,1.0,1,0.0,0
0.5,0.25,2.0,Delaware,81.5,60,95,87.5,3.0,3.0,3,0.0,0.0,112.3,124.0,368.8,401.0,269.0,275.0,1.6666666666666667,2.0,2,0.0,0
0.5,0.25,0.5,Delaware,81.5,60,95,87.5,2.0,2.0,2,0.0,0.0,111.6,124.0,,,89.0,89.0,1.0,1.0,1,0.0,0
1.0,0.1,1.0,Virginia,81.6,61,109,74.5,31.7,31.5,33,0.0,0.0,97.2,104.0,107.1,111.5,126.1,110.0,6.1,6.5,8,2.5,4
0.5,0.01,1.0,California,81.6,37,109,82.0,6.0,6.0,9,6.5,28.0,116.5,109.0,120.22222222222223,121.0,28.0,28.0,57.7,63.5,66,24.1,28
0.5,0.01,2.0,California,81.8,54,108,78.5,5.7,5.5,10,10.7,19.0,106.9,109.0,132.8,140.0,28.0,28.0,77.6,78.5,88,27.6,30
2.0,0.01,1.0,California,81.8,48,108,77.5,6.9,6.5,10,10.6,19.0,112.6,109.0,131.1,132.0,28.0,28.0,70.3,73.0,88,27.7,30
ALL,ALL,ALL,North Carolina,82.00555555555556,48,186,52.0,21.76388888888889,24.0,33,0.008333333333333333,1.0,94.75833333333334,76.0,109.475,85.0,116.07714285714286,86.0,7.025210084033613,7.0,16,5.080555555555556,11
0.5,0.1,1.0,New Jersey,82.1,64,105,84.0,6.6,7.0,8,0.1,1.0,97.2,91.0,116.9,114.0,124.625,129.0,1.375,1.0,2,0.1,1
1.0,0.1,0.5,New Jersey,82.2,64,105,75.0,7.4,7.5,9,0.0,0.0,95.7,97.0,118.1,120.0,128.9,129.0,1.7,1.5,3,0.1,1
0.5,0.25,1.0,Montana,82.2,64,90,90.0,11.7,11.5,13,0.0,0.0,120.4,120.0,143.0,143.0,126.4,135.0,2.8,2.5,4,1.0,1
0.5,0.25,0.5,Montana,82.2,64,90,90.0,6.3,6.0,7,0.0,0.0,120.0,120.0,137.4,135.0,139.1,156.5,1.5,1.5,2,1.2,2
2.0,0.25,2.0,Montana,82.2,64,90,90.0,16.2,16.0,17,0.0,0.0,115.6,120.0,133.8,143.0,130.7,135.0,3.9,4.0,5,1.2,2
0.5,0.01,0.5,Nebraska,82.5,76,108,77.0,13.0,13.5,17,0.0,0.0,92.9,89.0,104.7,105.5,237.75,244.0,0.4,0.0,1,2.6,4
2.0,0.05,2.0,North Carolina,82.5,49,101,85.0,25.5,25.5,29,0.0,0.0,94.5,96.0,112.7,110.0,112.1,86.0,7.5,7.5,11,6.6,10
1.0,0.01,1.0,Idaho,82.6,54,136,83.0,10.6,10.5,15,2.3,5.0,95.5,95.5,106.8,104.5,39.2,28.0,27.4,29.0,35,11.8,15
2.0,0.05,2.0,Connecticut,82.7,39,104,89.5,6.4,6.0,7,0.0,0.0,109.2,111.0,124.9,125.5,155.6,162.0,2.9,3.0,5,0.2,1
1.0,0.1,2.0,New Jersey,82.7,64,105,84.0,8.2,8.0,9,0.1,1.0,98.1,91.0,119.7,123.0,168.77777777777777,129.0,1.2222222222222223,1.0,2,0.2,1
2.0,0.01,0.5,Idaho,82.8,54,113,83.0,9.6,9.0,14,1.4,5.0,94.9,95.0,107.5,106.5,28.0,28.0,28.6,28.5,35,13.3,16
0.5,0.1,0.5,Virginia,82.9,61,118,76.0,10.9,11.0,15,0.0,0.0,94.6,97.5,108.9,112.0,118.0,115.0,4.1,4.5,7,0.4,2
2.0,0.05,1.0,Massachusetts,82.9,57,112,92.0,8.5,8.5,9,0.1,1.0,98.1,104.5,106.0,110.5,126.5,136.5,2.3,2.0,3,0.7,1
2.0,0.05,1.0,Maryland,82.9,65,109,87.0,10.2,10.5,13,0.1,1.0,91.7,95.5,101.3,104.5,110.7,107.5,10.7,11.0,15,1.5,3
1.0,0.05,1.0,Connecticut,83.3,39,104,102.5,6.1,6.0,7,0.0,0.0,111.6,110.0,124.4,130.0,134.1,148.0,3.0,3.0,6,0.5,1
0.5,0.01,0.5,California,83.4,55,109,81.0,4.7,4.0,8,7.6,18.0,110.1,109.0,127.8,133.0,28.0,28.0,55.7,55.5,69,21.6,24
1.0,0.01,1.0,New York,83.4,41,108,89.5,12.5,12.5,16,0.3,3.0,95.4,99.0,107.5,108.0,28.0,28.0,172.1,173.0,212,34.3,39
2.0,0.01,0.5,New York,83.5,60,108,89.5,11.9,11.5,16,1.0,9.0,102.6,108.0,109.4,108.0,28.0,28.0,175.7,180.0,191,35.6,40
0.5,0.05,2.0,Massachusetts,83.7,57,120,88.5,8.8,8.5,10,0.1,1.0,98.1,91.5,105.3,100.0,130.0,140.0,2.5,2.0,5,0.5,1
0.5,0.01,1.0,Ohio,83.7,73,95,83.0,41.5,43.0,46,0.0,0.0,90.2,90.5,96.1,95.0,49.0,28.0,13.0,14.0,19,8.6,13
1.0,0.01,0.5,New York,83.8,60,108,89.5,12.8,12.0,16,0.2,1.0,106.0,108.0,110.9,108.0,28.0,28.0,153.4,152.5,182,32.6,36
2.0,0.25,0.5,Delaware,84.0,60,95,80.0,3.0,3.0,3,0.0,0.0,121.1,124.0,352.7,401.0,298.14285714285717,275.0,1.5714285714285714,1.0,3,0.0,0
1.0,0.25,1.0,Mississippi,84.1,73,114,87.0,14.3,14.0,15,0.0,0.0,107.3,114.0,139.4,155.0,281.0,281.0,1.0,1.0,1,0.0,0
2.0,0.01,0.5,Ohio,84.1,69,89,89.0,50.4,50.5,54,0.0,0.0,95.9,92.0,103.6,101.0,28.0,28.0,14.0,13.5,24,10.3,15
0.5,0.25,0.5,Mississippi,84.2,73,87,87.0,5.4,5.5,7,0.0,0.0,108.6,114.0,146.8,155.0,,,0.0,0.0,0,0.0,0
2.0,0.25,2.0,Delaware,84.3,60,95,91.5,3.0,3.0,3,0.0,0.0,115.2,124.0,352.7,401.0,228.5,257.0,1.75,1.5,4,0.0,0
1.0,0.05,2.0,Massachusetts,84.3,57,106,89.0,8.6,9.0,9,0.2,1.0,98.2,104.0,107.3,110.5,110.0,91.0,2.1,2.0,4,0.5,1
2.0,0.05,0.5,South Carolina,84.4,61,106,76.0,13.0,12.5,15,0.0,0.0,109.8,106.0,123.7,128.0,121.9,121.5,13.9,14.0,21,5.4,7
1.0,0.1,0.5,Virginia,84.5,53,109,86.0,23.7,23.0,27,0.0,0.0,96.8,104.0,106.6,114.0,119.3,110.0,5.7,5.0,13,1.2,5
ALL,ALL,ALL,Maryland,84.67222222222222,48,162,73.0,9.844444444444445,10.0,14,0.08333333333333333,1.0,95.91388888888889,82.0,104.6361111111111,91.0,103.50277777777778,95.0,10.822222222222223,11.0,21,1.4666666666666666,4
0.5,0.1,1.0,Montana,84.8,64,90,90.0,10.8,11.0,12,0.0,0.0,120.6,120.0,143.0,143.0,134.1,137.0,3.0,3.0,4,0.3,1
0.5,0.1,2.0,Montana,84.8,64,90,90.0,14.2,14.5,15,0.0,0.0,120.4,120.0,143.0,143.0,145.5,157.5,3.1,3.0,4,0.5,1
0.5,0.1,0.5,Montana,84.8,64,90,90.0,6.6,7.0,7,0.0,0.0,122.4,122.0,143.0,143.0,137.1,137.0,1.9,2.0,3,0.7,1
1.0,0.05,1.0,Virginia,84.9,68,114,74.5,28.8,29.0,31,0.0,0.0,106.1,113.0,118.8,118.0,135.9,120.0,6.4,6.5,10,3.2,4
2.0,0.01,1.0,New York,85.1,60,108,95.0,14.1,14.0,17,0.1,1.0,99.3,99.0,109.0,108.0,28.0,28.0,170.6,172.0,181,32.9,37
1.0,0.01,1.0,Ohio,85.5,56,102,89.0,49.3,50.0,53,0.1,1.0,91.7,95.0,98.3,101.0,32.7,28.0,16.3,16.5,23,10.3,12
1.0,0.25,0.5,Delaware,85.6,60,95,88.0,2.9,3.0,3,0.0,0.0,119.6,124.0,365.22222222222223,401.0,257.0,257.0,1.0,1.0,1,0.0,0
1.0,0.25,0.5,Mississippi,85.6,73,87,87.0,6.6,6.5,8,0.0,0.0,114.0,114.0,155.0,155.0,283.5,283.5,1.0,1.0,1,0.0,0
0.5,0.05,1.0,Maryland,85.6,65,100,87.0,9.3,9.0,11,0.2,1.0,94.3,100.0,101.8,107.5,92.2,98.5,7.3,8.0,9,1.4,2
2.0,0.05,0.5,Maryland,85.7,65,100,87.0,10.0,10.0,12,0.0,0.0,94.7,91.0,106.4,111.0,110.5,109.0,10.6,10.5,13,1.7,3
2.0,0.01,1.0,Ohio,85.7,73,101,87.0,49.7,49.5,54,0.0,0.0,96.1,93.5,103.8,102.0,28.0,28.0,15.4,15.0,26,11.4,17
ALL,ALL,ALL,Massachusetts,85.71111111111111,57,176,86.0,8.766666666666667,9.0,11,0.041666666666666664,1.0,96.78611111111111,91.0,111.95555555555555,94.0,118.28152492668622,113.0,2.366279069767442,2.0,7,0.20555555555555555,2
1.0,0.25,2.0,Delaware,85.8,60,95,95.0,3.0,3.0,3,0.0,0.0,116.7,124.0,320.5,320.5,302.0,302.0,1.125,1.0,2,0.0,0
2.0,0.1,2.0,New Jersey,86.0,64,137,84.0,8.9,9.0,11,0.1,1.0,102.2,91.0,119.4,120.0,158.16666666666666,129.0,1.5,1.5,2,0.1,1
1.0,0.01,0.5,California,86.0,48,109,92.0,5.3,5.0,8,8.5,22.0,112.8,109.0,128.0,124.0,28.0,28.0,63.3,62.0,79,25.1,28
0.5,0.01,1.0,New York,86.0,60,108,95.0,11.4,11.0,16,0.3,3.0,104.9,103.5,115.5,118.0,37.5,28.0,142.7,140.0,164,32.8,36
1.0,0.01,1.0,Indiana,86.1,57,95,92.0,45.8,47.0,51,0.0,0.0,95.2,97.5,101.4,103.0,100.8,114.0,13.6,13.5,17,10.4,14
2.0,0.01,2.0,Idaho,86.1,51,125,83.0,9.7,10.0,11,2.8,6.0,101.0,99.0,108.5,104.0,42.1,28.0,25.8,24.5,35,13.4,15
1.0,0.1,1.0,New Jersey,86.2,75,103,84.0,8.0,8.0,10,0.0,0.0,106.1,105.0,122.8,123.5,147.66666666666666,129.0,1.8888888888888888,2.0,3,0.0,0
1.0,0.01,0.5,Indiana,86.2,59,100,91.0,41.6,42.5,45,0.0,0.0,95.8,95.0,103.3,103.5,109.0,109.0,11.7,10.5,21,8.5,12
0.5,0.01,0.5,Idaho,86.3,54,127,83.0,8.1,8.5,10,2.3,6.0,97.9,97.0,106.9,106.0,54.1,28.0,17.1,19.5,26,11.2,15
0.5,0.01,0.5,Ohio,86.5,55,102,90.5,34.6,34.5,38,0.0,0.0,97.6,99.0,103.6,101.5,51.7,28.0,10.1,9.5,17,6.2,8
2.0,0.01,2.0,Indiana,86.6,59,95,90.5,50.2,49.5,57,0.0,0.0,96.4,95.0,102.7,103.5,97.2,101.5,18.2,19.5,21,10.0,13
1.0,0.25,2.0,Mississippi,86.8,73,114,87.0,16.9,17.0,18,0.0,0.0,111.4,114.0,140.2,155.0,297.8,302.0,0.5555555555555556,1.0,1,0.8,1
2.0,0.05,2.0,South Carolina,86.8,61,128,76.0,13.7,13.5,16,0.0,0.0,108.8,106.0,120.5,118.0,117.7,111.0,19.9,19.5,23,6.4,9
0.5,0.25,1.0,Mississippi,86.9,73,114,87.0,7.2,7.0,8,0.0,0.0,112.7,114.0,147.6,155.0,284.3333333333333,286.0,1.0,1.0,1,0.0,0
1.0,0.01,2.0,Ohio,87.1,73,102,89.0,50.3,50.5,55,0.0,0.0,94.6,92.0,100.0,99.5,28.0,28.0,15.6,15.0,25,11.1,14
0.5,0.01,2.0,New York,87.1,60,108,89.5,11.1,11.5,14,1.1,10.0,104.6,103.5,121.1,113.5,28.0,28.0,170.1,169.5,195,35.5,39
0.5,0.05,0.5,Massachusetts,87.3,57,106,92.0,8.6,9.0,10,0.0,0.0,99.0,101.0,104.6,105.0,118.66666666666667,145.0,1.6,2.0,3,0.4,1
2.0,0.01,1.0,Indiana,87.3,68,100,88.0,49.4,49.0,55,0.3,3.0,97.9,95.0,101.9,103.5,92.5,96.0,15.7,17.0,19,11.2,15
2.0,0.1,1.0,Montana,87.4,64,90,90.0,15.4,16.0,17,0.0,0.0,117.2,120.0,136.1,143.0,148.6,157.5,3.4,3.0,5,0.7,1
1.0,0.1,0.5,Montana,87.4,64,90,90.0,11.9,11.5,14,0.0,0.0,118.4,120.0,138.4,143.0,140.8,157.5,3.5,4.0,5,0.7,1
2.0,0.1,0.5,Montana,87.4,64,90,90.0,15.0,15.0,17,0.0,0.0,118.0,120.0,138.6,143.0,151.5,157.5,2.5,2.5,3,0.8,1
2.0,0.1,2.0,Montana,87.4,64,90,90.0,15.1,15.0,17,0.0,0.0,118.0,120.0,140.4,143.0,152.1,178.0,4.0,3.5,8,0.9,1
0.5,0.25,2.0,Montana,87.4,64,90,90.0,15.1,15.0,16,0.0,0.0,120.4,120.0,140.6,143.0,173.1,178.0,2.5,3.0,3,1.3,2
2.0,0.01,1.0,Idaho,87.5,56,126,83.0,11.3,12.0,15,1.5,5.0,99.5,96.5,107.7,107.0,37.1,28.0,24.4,24.5,35,13.2,16
1.0,0.05,1.0,Maryland,87.6,73,100,87.0,10.1,10.0,11,0.2,1.0,96.3,95.5,105.2,111.0,102.2,101.0,9.0,9.0,12,1.5,4
0.5,0.01,1.0,Indiana,87.6,71,106,91.0,39.8,40.0,46,0.0,0.0,93.7,95.0,102.7,105.0,119.7,127.0,10.8,11.0,14,8.7,11
1.0,0.01,2.0,Indiana,87.8,68,95,90.5,48.5,49.0,53,0.0,0.0,96.0,95.0,101.6,100.0,110.8,116.5,13.6,14.0,19,12.4,17
1.0,0.01,0.5,Ohio,88.0,73,107,89.0,44.2,43.0,49,0.0,0.0,97.5,101.0,102.0,103.0,70.9,51.5,15.2,15.5,19,8.5,12
0.5,0.01,2.0,Indiana,88.0,71,95,89.5,46.9,46.0,54,0.0,0.0,95.7,94.0,99.7,97.5,111.2,116.5,13.4,13.5,18,10.3,16
2.0,0.01,2.0,California,88.1,69,124,88.5,5.8,5.5,9,11.9,20.0,123.5,125.0,166.8,136.0,28.0,28.0,66.9,68.5,84,29.4,33
2.0,0.25,0.5,Mississippi,88.2,73,114,87.0,15.9,16.0,17,0.0,0.0,113.2,114.0,143.4,155.0,298.0,302.0,1.0,1.0,1,0.0,0
0.5,0.25,2.0,Mississippi,88.3,73,114,87.0,14.0,14.0,15,0.0,0.0,115.4,114.0,151.7,155.0,286.0,286.0,1.0,1.0,1,0.0,0
2.0,0.01,2.0,Ohio,88.3,74,102,89.0,52.8,53.0,56,0.0,0.0,96.4,95.0,102.6,101.5,43.0,28.0,15.9,15.0,20,10.1,14
2.0,0.05,2.0,Massachusetts,88.4,57,112,92.0,8.5,8.0,10,0.0,0.0,102.5,105.0,110.4,117.5,128.6,145.0,2.2,2.0,4,0.8,2
0.5,0.01,0.5,Georgia,88.6,82,116,86.0,12.8,12.5,17,0.0,0.0,125.5,121.0,146.3,130.0,216.8,233.0,0.75,1.0,2,0.9,2
1.0,0.05,1.0,South Carolina,88.7,61,108,95.5,12.4,12.0,14,0.1,1.0,104.9,107.0,121.8,128.0,128.7,144.0,11.0,11.5,15,4.8,6
0.5,0.01,0.5,New York,89.7,60,117,95.5,8.5,9.0,10,0.5,3.0,103.3,103.5,112.4,108.0,28.0,28.0,106.0,106.0,118,32.6,36
0.5,0.1,0.5,New Jersey,89.9,75,137,87.5,5.6,6.0,6,0.0,0.0,102.9,103.0,122.9,109.5,124.25,129.0,1.5,1.0,3,0.0,0
2.0,0.01,0.5,Washington,89.9,60,109,95.0,7.8,8.0,10,0.9,3.0,105.4,103.5,113.1,116.5,78.0,90.0,19.9,22.0,25,16.4,18
0.5,0.05,0.5,Montana,90.0,90,90,90.0,6.7,7.0,8,0.0,0.0,125.4,122.0,144.0,143.0,138.4,137.0,2.1,2.0,3,0.2,1
1.0,0.1,2.0,Montana,90.0,90,90,90.0,15.1,15.0,17,0.0,0.0,119.2,120.0,138.6,143.0,153.2,137.0,2.8,3.0,4,0.7,1
1.0,0.1,1.0,Montana,90.0,90,90,90.0,14.3,14.5,15,0.0,0.0,119.8,121.0,139.8,143.0,169.8,178.0,2.5,2.0,4,0.8,1
2.0,0.05,2.0,Montana,90.1,64,117,90.0,14.2,14.5,15,0.0,0.0,121.6,122.0,148.7,143.0,143.6,137.0,5.0,5.0,7,0.7,2
0.5,0.01,0.5,Indiana,90.1,76,95,91.0,27.9,27.0,34,0.0,0.0,99.1,100.0,105.2,106.0,108.3,119.0,11.3,11.0,14,8.4,13
0.5,0.01,2.0,Ohio,90.1,73,103,89.0,46.6,47.5,50,0.0,0.0,100.5,101.5,105.2,105.0,42.7,28.0,17.8,19.0,24,12.3,20
ALL,ALL,ALL,Virginia,90.16666666666667,53,164,76.0,24.433333333333334,27.0,38,0.0,0.0,103.71666666666667,112.0,118.88888888888889,118.0,137.01396648044692,120.0,6.0139664804469275,6.0,15,2.308333333333333,9
2.0,0.1,1.0,New Jersey,90.9,64,114,91.0,8.4,8.0,10,0.1,1.0,110.6,109.5,130.4,137.0,142.44444444444446,129.0,1.6666666666666667,2.0,3,0.1,1
2.0,0.25,1.0,Arkansas,91.4,91,95,91.0,11.9,12.0,14,0.0,0.0,95.4,95.0,100.1,99.0,101.6,101.0,11.2,11.0,13,0.8,2
1.0,0.05,1.0,Massachusetts,91.5,57,106,92.0,8.5,8.5,9,0.0,0.0,101.4,103.0,106.4,106.0,135.8,140.5,2.3,2.0,5,0.5,1
2.0,0.01,2.0,Pennsylvania,91.5,78,93,93.0,39.2,39.0,42,0.0,0.0,98.7,95.0,103.4,105.0,117.7,109.5,21.7,20.5,30,10.9,14
2.0,0.05,0.5,Massachusetts,91.6,57,112,96.5,8.6,8.5,10,0.2,1.0,103.4,106.0,112.1,115.0,147.0,145.0,2.1,2.0,5,0.7,1
0.5,0.01,1.0,Idaho,91.6,54,136,83.0,9.4,9.5,12,1.7,6.0,103.7,98.0,112.8,106.5,57.9,28.0,18.0,18.5,25,11.5,14
1.0,0.01,1.0,Florida,91.6,64,112,98.0,14.9,15.0,17,1.5,7.0,117.1,112.0,131.5,131.5,108.3,114.5,13.9,14.0,19,13.8,17
1.0,0.01,0.5,Pennsylvania,91.7,78,95,93.0,36.7,36.0,42,0.0,0.0,101.8,103.0,105.9,105.0,118.9,114.0,19.1,19.5,23,8.8,11
0.5,0.05,1.0,Massachusetts,92.1,57,112,92.0,8.4,8.0,10,0.0,0.0,100.6,104.5,109.7,110.5,120.4,120.5,2.3,2.0,4,0.4,1
2.0,0.01,2.0,Georgia,92.1,82,121,86.0,38.7,37.5,44,0.0,0.0,123.2,125.5,144.2,136.0,252.4,237.0,3.5,4.0,5,5.0,9
0.5,0.25,2.0,Arkansas,92.2,91,95,91.0,9.4,10.0,11,0.0,0.0,96.2,95.0,119.7,99.0,101.9,101.0,8.7,9.0,11,0.0,0
2.0,0.25,1.0,Mississippi,92.3,73,114,87.0,16.9,17.0,18,0.0,0.0,120.9,114.0,149.2,155.0,293.1666666666667,294.0,0.7777777777777778,1.0,2,0.7,1
0.5,0.01,2.0,Washington,92.4,60,109,95.0,7.0,8.0,8,0.5,3.0,108.0,108.5,130.4,117.0,87.9,102.0,18.5,19.5,26,16.2,19
0.5,0.25,1.0,Arkansas,92.6,91,95,91.0,4.3,4.0,7,0.0,0.0,96.6,95.0,144.6,99.0,102.5,102.5,6.8,7.0,8,0.0,0
0.5,0.25,0.5,Arkansas,92.6,91,95,91.0,2.9,3.0,5,0.0,0.0,96.6,95.0,111.14285714285714,99.0,102.2,101.0,5.8,6.0,7,0.0,0
1.0,0.05,1.0,Montana,92.7,90,117,90.0,13.2,13.0,15,0.0,0.0,129.0,134.0,148.7,143.0,135.5,157.5,2.9,3.0,4,0.3,1
2.0,0.05,0.5,Montana,92.7,90,117,90.0,13.4,13.0,15,0.0,0.0,129.2,134.0,146.9,143.0,130.0,137.0,3.6,3.5,7,0.4,1
0.5,0.05,2.0,Montana,92.8,64,117,90.0,12.7,13.0,14,0.0,0.0,123.8,122.0,144.0,143.0,150.0,137.0,2.7,2.5,5,0.5,1
1.0,0.01,2.0,Pennsylvania,92.8,91,93,93.0,41.2,41.0,47,0.0,0.0,99.4,99.5,105.2,105.0,113.5,118.0,19.9,20.0,24,9.1,15
1.0,0.01,2.0,Idaho,92.8,83,125,83.0,11.1,11.5,14,3.6,9.0,114.3,104.0,122.4,114.0,34.5,28.0,28.7,31.5,38,12.5,17
1.0,0.25,1.0,Arkansas,93.0,91,95,93.0,8.5,8.5,10,0.0,0.0,97.0,97.0,127.7,104.5,101.9,101.0,9.1,9.0,11,0.4,1
1.0,0.25,2.0,Arkansas,93.0,91,95,93.0,10.9,10.5,13,0.0,0.0,97.0,97.0,127.7,104.5,101.6,101.0,10.3,10.0,12,0.8,2
2.0,0.25,2.0,Arkansas,93.0,91,95,93.0,10.7,11.0,12,0.0,0.0,97.0,97.0,123.5,123.5,101.0,101.0,9.8,10.0,12,1.3,2
0.5,0.01,1.0,Pennsylvania,93.0,93,93,93.0,36.0,36.0,39,0.0,0.0,103.8,104.0,107.5,106.5,126.7,126.5,19.2,18.5,24,7.7,11
2.0,0.01,1.0,Washington,93.0,60,116,96.0,7.1,7.0,8,0.5,2.0,103.2,103.5,114.6,117.0,75.6,90.0,19.7,19.5,24,16.7,18
1.0,0.25,0.5,Arkansas,93.4,91,95,95.0,6.2,6.0,7,0.0,0.0,97.4,99.0,123.0,110.0,101.9,101.0,7.5,7.5,9,0.0,0
0.5,0.1,0.5,Arkansas,93.4,91,99,91.0,2.7,3.0,3,0.0,0.0,99.22222222222223,99.0,136.75,108.0,87.7,101.0,5.4,5.5,7,0.0,0
2.0,0.01,0.5,Utah,93.4,77,111,95.0,14.0,14.0,16,0.0,0.0,105.4,106.0,111.0,109.0,68.7,64.0,8.9,9.0,12,2.6,3
2.0,0.01,1.0,Georgia,93.4,86,130,86.0,37.4,38.0,42,0.0,0.0,122.1,121.0,137.0,130.0,276.22222222222223,217.0,3.0,3.5,5,4.9,10
0.5,0.01,1.0,Georgia,93.5,82,130,86.0,19.1,19.0,23,0.0,0.0,139.4,131.5,157.4,154.0,174.2,208.0,1.125,1.0,3,0.9,2
0.5,0.01,2.0,Georgia,93.5,82,130,86.0,31.0,30.5,35,0.0,0.0,119.2,123.0,138.4,138.5,225.85714285714286,233.0,1.6,1.0,4,2.3,5
ALL,ALL,ALL,South Carolina,93.75555555555556,56,271,61.0,11.113888888888889,12.0,17,0.05027932960893855,2.0,116.99162011173185,85.0,132.18696883852692,106.0,135.65070422535211,111.0,12.453521126760563,12.0,29,4.944444444444445,10
0.5,0.01,2.0,Utah,93.9,77,108,95.0,12.9,13.0,14,0.2,2.0,106.3,98.0,114.5,106.0,37.7,28.0,10.6,10.5,14,3.2,7
0.5,0.01,2.0,Florida,93.9,64,103,103.0,14.4,14.0,18,0.9,5.0,108.3,109.5,121.8,120.5,89.0,28.0,14.2,13.5,23,12.5,15
2.0,0.01,2.0,New York,93.9,60,108,101.5,14.8,15.5,19,0.0,0.0,107.1,108.0,113.7,113.5,28.0,28.0,165.8,164.0,182,33.1,38
0.5,0.25,1.0,North Dakota,94.0,94,94,94.0,9.4,9.5,11,0.0,0.0,97.5,97.5,101.7,99.0,124.1,126.0,4.6,5.5,7,0.7,1
0.5,0.25,0.5,North Dakota,94.0,94,94,94.0,7.5,8.0,8,0.0,0.0,97.7,98.0,103.8,100.0,129.85714285714286,153.0,0.8,1.0,2,0.7,1
0.5,0.1,0.5,North Dakota,94.0,94,94,94.0,6.6,6.0,9,0.0,0.0,97.8,98.0,105.1,105.5,77.55555555555556,28.0,1.5,1.5,3,0.8,1
1.0,0.25,0.5,North Dakota,94.0,94,94,94.0,11.8,12.0,14,0.0,0.0,97.6,98.0,100.0,100.0,138.7,153.0,6.9,7.0,8,0.9,2
1.0,0.1,0.5,North Dakota,94.0,94,94,94.0,10.5,10.0,12,0.0,0.0,97.7,98.0,102.6,100.0,99.3,99.0,7.1,8.0,10,1.0,2
2.0,0.1,0.5,North Dakota,94.0,94,94,94.0,13.4,13.0,15,0.0,0.0,97.7,98.0,104.2,108.0,135.1,153.0,9.0,9.0,13,1.7,3
0.5,0.1,2.0,North Dakota,94.0,94,94,94.0,12.3,12.0,14,0.0,0.0,97.7,98.0,103.2,100.0,121.7,153.0,5.5,6.0,7,1.9,4
1.0,0.1,1.0,North Dakota,94.0,94,94,94.0,12.2,12.0,15,0.0,0.0,97.6,98.0,102.4,100.0,137.8,153.0,6.2,6.5,8,1.9,3
0.5,0.25,2.0,North Dakota,94.0,94,94,94.0,14.3,15.0,15,0.0,0.0,97.6,98.0,103.3,100.0,138.2,153.0,7.3,7.0,10,2.0,3
1.0,0.25,1.0,North Dakota,94.0,94,94,94.0,13.7,13.5,15,0.0,0.0,97.5,97.5,101.5,99.0,127.8,110.5,6.6,6.0,11,2.2,3
2.0,0.05,0.5,North Dakota,94.0,94,94,94.0,10.9,11.5,12,0.0,0.0,98.0,98.0,105.6,108.0,137.4,160.5,7.8,7.5,11,2.3,4
2.0,0.25,0.5,North Dakota,94.0,94,94,94.0,14.8,14.5,17,0.0,0.0,97.5,97.5,102.2,99.0,120.8,99.0,9.3,8.5,13,2.4,4
2.0,0.25,1.0,North Dakota,94.0,94,94,94.0,15.9,16.0,17,0.0,0.0,97.6,98.0,102.4,100.0,144.5,157.5,8.4,8.5,13,2.7,4
2.0,0.05,1.0,North Dakota,94.0,94,94,94.0,12.5,12.0,14,0.0,0.0,97.9,98.0,105.4,108.0,156.0,165.0,9.6,9.5,14,2.7,5
1.0,0.1,2.0,North Dakota,94.0,94,94,94.0,13.7,14.0,15,0.0,0.0,97.8,98.0,103.6,104.0,102.5,126.0,9.0,9.5,13,2.7,4
2.0,0.25,2.0,North Dakota,94.0,94,94,94.0,16.1,16.0,18,0.0,0.0,97.7,98.0,102.6,100.0,158.4,165.0,7.2,8.0,10,3.0,4
1.0,0.25,2.0,North Dakota,94.0,94,94,94.0,15.6,16.0,17,0.0,0.0,97.5,97.5,101.4,99.0,130.3,126.0,8.0,8.0,11,3.1,5
2.0,0.1,1.0,North Dakota,94.0,94,94,94.0,13.8,14.0,15,0.0,0.0,97.8,98.0,103.6,104.0,102.1,126.0,8.7,8.5,12,3.2,4
0.5,0.01,0.5,Vermont,94.1,75,100,100.0,6.4,7.0,8,1.9,8.0,132.6,114.0,167.0,154.0,104.6,107.0,16.2,17.5,21,5.0,8
0.5,0.01,0.5,Pennsylvania,94.1,93,104,93.0,31.6,32.0,37,0.0,0.0,105.6,104.0,109.9,107.0,131.2,144.0,14.2,13.5,21,8.2,10
2.0,0.01,0.5,Pennsylvania,94.1,93,102,93.0,40.2,40.0,45,0.0,0.0,100.6,98.5,106.3,105.0,116.2,113.0,21.2,20.5,30,10.0,13
2.0,0.1,0.5,Arkansas,94.2,91,99,95.0,9.7,9.0,12,0.0,0.0,107.2,99.0,132.4,148.0,94.6,101.0,10.1,10.0,11,1.1,2
2.0,0.25,0.5,Arkansas,94.2,91,95,95.0,10.7,10.5,13,0.0,0.0,98.2,99.0,134.4,148.0,101.6,101.0,10.1,10.0,12,1.2,2
1.0,0.01,0.5,Idaho,94.3,54,137,89.0,10.0,9.5,13,1.2,5.0,106.3,102.0,119.6,126.5,39.8,28.0,17.5,18.0,27,11.1,15
0.5,0.05,1.0,North Dakota,94.4,94,98,94.0,7.5,7.0,10,0.0,0.0,98.0,98.0,107.8,111.0,138.9,153.0,3.0,3.0,5,1.0,1
0.5,0.05,0.5,North Dakota,94.4,94,98,94.0,6.0,6.0,7,0.0,0.0,99.2,98.0,109.2,111.0,165.75,153.0,1.2,1.0,2,1.0,1
1.0,0.05,1.0,North Dakota,94.4,94,98,94.0,11.2,11.5,13,0.0,0.0,98.9,98.0,106.3,108.0,99.1,103.5,7.0,7.0,9,1.6,2
0.5,0.05,2.0,North Dakota,94.4,94,98,94.0,11.2,11.0,13,0.0,0.0,99.0,98.0,108.8,111.0,143.1,160.5,6.2,5.5,10,1.8,3
2.0,0.05,2.0,North Dakota,94.4,94,98,94.0,13.7,13.5,16,0.0,0.0,98.1,98.0,106.5,108.0,114.6,153.0,9.6,9.5,13,2.5,3
2.0,0.1,2.0,North Dakota,94.4,94,98,94.0,14.6,15.0,16,0.0,0.0,98.6,98.0,103.3,100.0,109.4,99.0,9.0,9.5,13,2.6,4
2.0,0.05,2.0,Virginia,94.4,73,114,99.0,31.5,31.0,35,0.0,0.0,114.0,114.0,120.2,120.5,185.7,165.5,6.1,6.0,8,2.7,4
1.0,0.01,1.0,Washington,94.4,71,117,94.0,7.3,8.0,9,0.1,1.0,104.8,100.0,112.8,109.0,45.1,28.0,17.3,16.5,22,16.0,19
0.5,0.1,1.0,Arkansas,94.6,91,99,95.0,3.6,4.0,5,0.0,0.0,109.6,99.0,187.66666666666666,213.0,87.0,101.0,6.8,7.0,9,0.0,0
0.5,0.1,2.0,Arkansas,94.6,91,99,95.0,7.3,7.0,9,0.0,0.0,105.5,99.0,165.6,168.0,72.1,101.0,9.4,9.5,12,0.1,1
2.0,0.05,0.5,Connecticut,94.6,39,104,104.0,6.3,6.0,7,0.0,0.0,111.0,111.0,119.7,125.5,151.66666666666666,162.0,2.111111111111111,2.0,3,0.5,1
2.0,0.1,1.0,Arkansas,94.6,91,99,95.0,10.4,10.0,12,0.0,0.0,112.9,99.0,143.1,148.0,72.4,101.0,11.9,12.0,15,1.0,1
1.0,0.01,1.0,Georgia,94.6,86,116,86.0,32.0,31.0,36,0.0,0.0,118.1,118.5,136.4,138.5,225.4,166.0,1.3,0.5,5,2.7,5
0.5,0.01,0.5,Florida,94.6,71,103,103.0,9.7,8.5,13,0.7,5.0,112.5,112.0,130.3,131.5,110.4,116.0,7.9,7.5,14,8.7,12
0.5,0.1,1.0,North Dakota,94.7,94,98,94.0,8.1,8.5,10,0.0,0.0,99.3,98.0,109.4,111.0,154.4,153.0,4.5,4.5,7,0.8,1
1.0,0.05,0.5,North Dakota,94.8,94,98,94.0,9.1,9.0,12,0.0,0.0,99.1,98.0,106.2,108.0,114.4,153.0,5.4,6.0,9,1.2,2
2.0,0.01,2.0,Washington,94.8,62,143,97.0,8.1,7.5,10,0.2,2.0,112.0,108.5,124.1,116.5,89.0,102.0,18.2,18.5,21,16.6,19
1.0,0.01,2.0,California,94.8,69,108,94.0,7.6,7.5,10,6.2,17.0,109.1,108.5,128.6,131.0,28.0,28.0,65.6,65.0,76,26.6,30
1.0,0.05,2.0,North Dakota,95.0,94,98,94.0,12.2,12.0,14,0.0,0.0,98.9,98.0,113.2,108.0,89.6,99.0,8.4,8.0,12,2.7,4
2.0,0.01,2.0,Florida,95.0,71,103,98.0,16.6,16.5,21,0.5,2.0,109.2,107.5,127.4,121.0,81.0,28.0,19.0,19.0,26,15.6,21
0.5,0.01,2.0,Pennsylvania,95.1,93,105,93.0,40.3,40.0,44,0.0,0.0,103.3,104.0,107.4,106.5,123.5,117.0,22.3,22.5,27,8.6,13
1.0,0.01,1.0,Utah,95.2,82,111,93.0,13.3,13.0,15,0.0,0.0,100.6,95.0,107.9,103.0,56.8,28.0,10.5,9.5,14,2.7,4
2.0,0.01,1.0,Pennsylvania,95.2,93,104,93.0,40.5,40.5,44,0.0,0.0,102.5,104.0,105.5,106.0,121.8,134.0,20.7,20.5,26,9.4,12
1.0,0.01,1.0,Pennsylvania,95.3,93,105,93.0,40.3,41.0,44,0.0,0.0,104.0,103.0,107.1,104.5,121.6,109.5,23.0,23.0,29,9.4,12
1.0,0.1,2.0,Arkansas,95.4,95,99,95.0,9.8,9.5,12,0.0,0.0,100.8,99.0,162.2,168.0,79.4,101.0,12.4,12.5,15,1.0,2
1.0,0.05,2.0,Arkansas,95.8,91,99,95.0,8.8,9.0,10,0.0,0.0,130.7,99.0,184.3,168.0,66.1,64.5,10.3,10.5,15,0.9,1
2.0,0.1,2.0,Arkansas,95.8,91,99,95.0,9.7,10.0,11,0.0,0.0,117.8,99.0,143.1,148.0,71.8,101.0,11.1,11.5,14,1.0,1
1.0,0.05,2.0,Virginia,95.8,68,114,104.0,30.2,30.0,32,0.0,0.0,108.1,116.0,118.7,120.5,147.2,141.5,5.7,5.0,9,2.3,4
0.5,0.01,1.0,Kentucky,95.8,50,118,108.0,22.1,22.0,26,0.4,1.0,120.5,118.0,131.1,127.0,103.6,91.0,8.4,8.0,12,6.7,10
2.0,0.01,1.0,Florida,95.9,64,103,103.0,16.2,16.5,22,0.3,2.0,108.5,108.5,128.2,123.5,71.1,28.0,20.2,19.0,24,15.0,20
1.0,0.05,0.5,Arkansas,96.2,95,99,95.0,5.6,5.0,8,0.0,0.0,131.0,99.0,194.6,190.5,59.7,28.0,7.9,8.5,10,0.2,1
1.0,0.1,1.0,Arkansas,96.2,91,99,95.0,7.5,7.5,9,0.0,0.0,126.2,99.0,179.1,168.0,79.7,101.0,9.9,10.0,13,0.2,1
1.0,0.01,2.0,Georgia,96.4,86,130,86.0,35.4,35.0,41,0.0,0.0,130.3,130.0,147.0,154.0,240.4,238.0,3.3,3.0,6,3.2,7
2.0,0.01,2.0,Vermont,96.6,75,100,100.0,9.1,9.0,11,1.2,4.0,127.1,124.5,148.9,145.5,106.0,107.0,21.6,21.5,25,4.6,6
0.5,0.01,1.0,Washington,96.8,60,120,96.0,4.9,5.0,7,1.8,9.0,118.8,118.5,139.0,141.0,106.2,123.0,14.7,14.0,19,14.6,17
0.5,0.05,1.0,Virginia,96.9,53,114,99.0,18.5,18.0,24,0.0,0.0,111.7,114.0,117.6,119.5,161.0,168.0,4.0,4.0,6,0.8,3
1.0,0.01,1.0,Kentucky,96.9,77,118,100.0,32.4,33.5,36,0.5,3.0,117.3,111.5,128.0,124.0,62.2,28.0,17.9,18.5,22,11.4,15
2.0,0.01,0.5,Florida,96.9,64,103,103.0,16.1,16.5,20,0.8,4.0,112.3,112.0,124.1,119.0,57.3,28.0,15.8,15.0,21,13.8,18
ALL,ALL,ALL,Montana,96.90555555555555,64,199,90.0,11.811111111111112,13.0,17,0.0,0.0,130.2861111111111,122.0,153.36944444444444,143.0,147.11560693641619,137.0,2.9195402298850577,3.0,8,0.5583333333333333,2
1.0,0.1,0.5,Arkansas,97.0,91,99,99.0,4.8,5.0,6,0.0,0.0,140.4,168.0,195.0,213.0,57.5,28.0,7.4,7.5,9,0.0,0
2.0,0.05,1.0,Arkansas,97.0,91,99,99.0,8.4,8.0,10,0.0,0.0,125.7,129.0,160.0,168.0,82.5,101.0,9.5,10.0,13,0.6,1
1.0,0.05,0.5,New Jersey,97.3,84,114,97.0,6.6,7.0,7,0.0,0.0,123.3,125.5,142.5,141.0,131.375,129.0,1.75,1.5,4,0.0,0
0.5,0.1,2.0,Delaware,97.3,60,124,95.0,2.6,3.0,3,0.0,0.0,139.9,124.0,374.1666666666667,401.0,316.4,347.0,1.2,1.0,2,0.0,0
0.5,0.05,2.0,Arkansas,97.4,91,99,99.0,6.6,6.5,9,0.0,0.0,151.4,168.0,195.8,213.0,35.3,28.0,9.8,9.5,15,0.0,0
1.0,0.05,1.0,Arkansas,97.4,91,99,99.0,6.8,7.0,9,0.0,0.0,156.7,168.0,214.2,213.0,67.9,28.0,8.7,9.0,12,0.3,2
2.0,0.05,2.0,Arkansas,97.4,91,99,99.0,9.0,9.0,10,0.0,0.0,133.3,148.0,173.0,168.0,80.9,102.5,8.9,9.0,13,1.0,1
1.0,0.01,2.0,Vermont,97.4,75,102,100.0,9.1,9.5,12,0.8,4.0,124.8,126.5,152.5,152.0,105.1,107.0,21.1,22.0,28,4.5,7
1.0,0.1,1.0,Mississippi,97.6,73,114,114.0,13.0,13.0,15,0.0,0.0,133.2,155.0,151.9,163.0,281.0,281.0,1.0,1.0,1,0.0,0
1.0,0.05,2.0,Montana,97.6,90,134,90.0,14.4,14.5,15,0.0,0.0,127.0,122.0,146.3,143.0,139.4,137.0,2.8,3.0,5,0.1,1
0.5,0.05,0.5,Virginia,97.6,73,118,99.0,9.6,9.5,13,0.0,0.0,112.5,118.0,123.4,123.0,136.77777777777777,120.0,2.6666666666666665,3.0,5,0.2,1
2.0,0.1,1.0,Mississippi,97.7,73,114,100.5,16.1,16.0,17,0.0,0.0,131.7,134.5,155.9,160.0,294.125,302.0,1.1111111111111112,1.0,2,0.3,1
0.5,0.05,0.5,Arkansas,97.8,95,99,99.0,2.3,2.0,4,0.0,0.0,163.55555555555554,213.0,231.0,213.0,87.0,101.0,5.8,6.0,8,0.0,0
0.5,0.1,1.0,Mississippi,97.8,87,114,87.0,5.6,6.0,7,0.0,0.0,131.2,114.0,158.6,155.0,281.0,281.0,1.0,1.0,1,0.0,0
2.0,0.01,1.0,Utah,97.8,77,111,95.0,14.3,14.5,16,0.1,1.0,112.5,105.5,123.6,111.5,36.9,28.0,11.8,12.0,15,2.8,4
0.5,0.1,1.0,Delaware,97.9,95,124,95.0,2.8,3.0,3,0.0,0.0,133.4,124.0,401.0,401.0,347.0,347.0,1.0,1.0,1,0.0,0
ALL,ALL,ALL,North Dakota,98.0,94,315,94.0,10.194986072423399,11.0,18,0.036619718309859155,1.0,114.05915492957746,98.0,132.11884057971014,108.0,139.1348973607038,153.0,5.84045584045584,6.0,14,1.7827298050139275,5
2.0,0.05,1.0,Montana,98.1,90,117,90.0,14.4,14.0,15,0.0,0.0,120.2,122.0,140.7,143.0,144.4,137.0,3.9,4.0,6,0.6,1
2.0,0.05,0.5,Arkansas,98.2,91,99,99.0,7.9,8.0,9,0.0,0.0,142.7,148.0,165.6,168.0,72.8,101.0,9.3,9.5,11,0.9,1
1.0,0.01,1.0,Vermont,98.5,58,135,100.0,9.2,9.0,12,0.3,1.0,117.0,106.0,129.5,133.5,110.9,107.0,20.3,21.0,25,4.1,6
1.0,0.05,0.5,Montana,98.6,90,122,90.0,10.5,10.5,12,0.0,0.0,126.7,122.0,149.0,143.0,143.6,137.0,3.0,3.0,5,0.5,1
0.5,0.05,1.0,Montana,98.6,90,122,90.0,9.2,9.0,12,0.0,0.0,126.7,122.0,147.4,143.0,154.1,137.0,2.7,3.0,5,0.5,2
2.0,0.01,0.5,Georgia,98.8,86,130,86.0,34.7,35.0,36,0.0,0.0,124.2,119.5,142.5,151.0,219.8,210.0,2.6,2.5,4,4.1,6
1.0,0.1,0.5,Mississippi,99.1,73,114,100.5,6.7,7.0,9,0.0,0.0,135.3,134.5,159.5,159.0,281.0,281.0,1.0,1.0,1,0.0,0
1.0,0.1,2.0,Mississippi,99.1,73,114,100.5,15.6,16.0,17,0.0,0.0,134.2,134.5,156.0,159.0,295.0,302.0,1.2,1.0,2,0.5,1
2.0,0.01,2.0,Utah,99.3,93,123,95.0,14.2,14.0,15,0.0,0.0,103.4,98.0,113.2,108.0,45.4,28.0,11.9,11.5,15,2.7,5
ALL,ALL,ALL,New Jersey,99.46111111111111,64,187,91.0,7.177777777777778,7.0,11,0.030555555555555555,1.0,119.19444444444444,114.0,139.23055555555555,137.0,145.62109375,129.0,1.505703422053232,1.0,4,0.08888888888888889,1
2.0,0.1,2.0,Maine,99.7,53,254,53.0,8.8,9.0,11,0.0,0.0,147.6,82.0,250.3,262.0,112.0,61.0,0.6666666666666666,1.0,1,0.5,1
2.0,0.01,1.0,Vermont,100.0,100,100,100.0,9.4,10.0,11,1.7,3.0,143.6,137.0,156.5,154.0,107.9,107.0,21.0,21.5,25,4.2,6
1.0,0.01,0.5,Vermont,100.0,75,150,100.0,7.7,7.0,11,1.6,3.0,138.9,148.0,161.6,157.0,110.9,107.0,16.9,16.5,24,4.5,7
2.0,0.05,0.5,Virginia,100.1,66,114,114.0,30.7,31.0,33,0.0,0.0,111.9,118.0,120.6,123.0,180.9,139.0,5.2,5.0,9,2.4,4
2.0,0.1,2.0,Delaware,100.2,60,124,95.0,2.7,3.0,3,0.0,0.0,149.3,124.0,413.2857142857143,401.0,328.0,347.0,1.25,1.0,2,0.0,0
0.5,0.05,0.5,New Jersey,100.3,84,114,104.0,5.4,5.0,6,0.0,0.0,114.7,109.5,132.7,137.0,127.5,129.0,1.25,1.0,2,0.0,0
1.0,0.05,0.5,Virginia,100.3,68,114,111.5,21.1,21.5,24,0.0,0.0,114.6,116.0,120.5,119.5,145.9,120.0,4.0,4.0,6,0.6,2
0.5,0.01,1.0,Vermont,100.3,75,128,100.0,7.9,7.5,10,1.3,3.0,126.6,135.0,148.1,154.0,111.3,107.0,17.8,16.5,23,4.9,7
0.5,0.1,0.5,Mississippi,100.5,87,114,100.5,4.0,4.0,5,0.0,0.0,134.5,134.5,160.8,163.0,,,0.0,0.0,0,0.0,0
2.0,0.1,2.0,Mississippi,100.5,87,114,100.5,16.0,16.0,18,0.0,0.0,135.3,134.5,159.8,159.0,294.125,302.0,1.125,1.0,2,0.5,1
0.5,0.01,0.5,Utah,100.5,93,146,93.0,7.7,8.0,11,0.0,0.0,109.5,98.0,112.8,104.0,69.4,61.0,6.0,6.0,12,2.3,4
0.5,0.25,2.0,Alabama,100.6,99,107,99.0,17.2,17.0,18,0.0,0.0,109.1,110.0,117.7,121.0,,,0.0,0.0,0,0.3,1
0.5,0.25,1.0,Louisiana,100.6,97,109,97.0,4.7,5.0,5,0.0,0.0,121.8,109.0,153.4,143.0,,,0.0,0.0,0,0.9,1
2.0,0.25,0.5,Louisiana,100.6,97,109,97.0,5.1,5.0,6,0.0,0.0,121.8,109.0,156.0,156.0,,,0.0,0.0,0,1.0,1
1.0,0.01,2.0,Utah,100.7,93,121,95.0,13.9,14.0,16,0.0,0.0,108.7,106.0,116.1,111.5,43.1,28.0,10.5,10.0,14,3.1,4
0.5,0.25,1.0,Alabama,100.9,99,110,99.0,15.1,15.0,16,0.0,0.0,111.1,110.0,121.0,121.0,,,0.0,0.0,0,0.7,1
1.0,0.25,0.5,Alabama,101.2,99,110,99.0,17.1,17.0,19,0.0,0.0,109.4,110.0,114.4,110.0,214.0,214.0,1.0,1.0,1,0.3,1
1.0,0.01,0.5,Utah,101.5,77,129,96.5,11.9,12.0,13,0.0,0.0,111.9,111.0,122.5,118.0,44.2,28.0,8.3,7.5,13,2.4,4
2.0,0.01,1.0,North Dakota,101.6,98,111,98.0,7.0,7.0,10,0.2,1.0,147.4,123.0,220.1,218.0,188.6,149.0,4.7,4.0,9,2.3,4
1.0,0.01,2.0,Kentucky,101.6,50,140,105.0,36.4,37.0,39,0.2,1.0,122.3,118.0,136.8,140.0,53.2,28.0,21.4,22.0,27,11.4,14
1.0,0.25,2.0,Louisiana,101.8,97,109,97.0,5.2,5.0,6,0.0,0.0,122.6,109.0,156.0,156.0,,,0.0,0.0,0,1.0,1
2.0,0.25,1.0,Louisiana,101.8,97,109,97.0,5.0,5.0,5,0.0,0.0,122.6,109.0,161.2,169.0,,,0.0,0.0,0,1.0,1
1.0,0.01,1.0,North Dakota,101.9,94,111,98.0,5.7,6.0,8,0.1,1.0,151.8,111.0,223.4,217.0,153.25,112.0,2.5,2.5,6,1.6,2
2.0,0.25,2.0,Alabama,102.0,99,110,99.0,19.6,19.5,22,0.0,0.0,110.5,110.0,115.5,115.5,214.0,214.0,1.0,1.0,1,3.0,4
1.0,0.01,2.0,Florida,102.0,93,103,103.0,17.2,18.0,22,0.2,2.0,110.1,112.0,117.9,117.0,59.5,28.0,18.9,19.5,27,14.3,19
2.0,0.1,0.5,Delaware,102.2,80,124,95.0,2.7,3.0,3,0.0,0.0,152.2,124.0,378.0,401.0,313.0,347.0,1.6666666666666667,2.0,3,0.0,0
1.0,0.1,2.0,Delaware,102.3,60,124,109.5,2.9,3.0,3,0.0,0.0,168.1,171.0,311.55555555555554,240.0,311.0,347.0,1.6666666666666667,2.0,3,0.0,0
1.0,0.25,1.0,Alabama,102.3,99,110,99.0,17.6,18.0,20,0.0,0.0,109.4,110.0,115.5,115.5,214.0,214.0,1.0,1.0,1,0.4,1
1.0,0.01,2.0,North Dakota,102.3,94,111,103.0,7.3,7.5,10,0.2,1.0,172.9,149.0,234.2,188.5,200.5,186.0,5.2,5.0,13,1.4,3
1.0,0.01,2.0,Washington,102.6,86,117,98.0,7.6,7.5,10,0.6,2.0,114.0,117.0,140.5,130.5,87.7,95.5,19.8,21.0,24,16.7,20
0.5,0.01,1.0,Florida,102.9,93,112,103.0,10.6,10.0,14,0.5,5.0,113.7,112.0,125.6,122.0,121.3,126.0,9.2,9.5,14,11.1,15
1.0,0.25,1.0,Louisiana,103.0,97,109,103.0,4.7,4.5,6,0.0,0.0,128.6,126.0,167.5,169.0,,,0.0,0.0,0,1.0,1
2.0,0.01,0.5,Vermont,103.0,97,136,100.0,9.8,9.5,13,1.1,5.0,132.2,130.0,149.3,149.5,109.4,107.0,18.6,19.0,25,3.9,6
1.0,0.01,0.5,Florida,103.0,103,103,103.0,14.5,14.0,17,0.2,1.0,116.1,112.0,133.6,129.5,84.0,28.0,12.1,13.0,14,11.5,15
0.5,0.25,0.5,Alabama,103.1,99,110,99.0,11.4,12.0,12,0.0,0.0,111.6,110.0,117.7,121.0,,,0.0,0.0,0,0.3,1
2.0,0.05,0.5,New Jersey,103.2,75,137,104.0,7.5,7.5,9,0.0,0.0,128.0,137.0,152.4,158.0,159.0,132.0,1.5,1.5,2,0.0,0
1.0,0.01,0.5,Washington,103.2,60,141,98.0,6.8,6.5,9,0.9,6.0,118.4,117.0,129.4,117.0,80.8,101.0,16.3,16.0,24,14.2,18
2.0,0.01,0.5,North Dakota,103.5,94,111,103.0,6.9,6.5,11,0.0,0.0,136.8,124.5,220.8,189.0,176.8,153.0,4.2,4.5,6,1.8,4
1.0,0.25,2.0,Alabama,103.6,99,110,103.0,18.9,19.0,22,0.0,0.0,107.8,110.0,116.6,121.0,214.0,214.0,1.0,1.0,1,2.7,3
1.0,0.05,2.0,New Jersey,103.7,75,137,114.0,7.3,7.0,8,0.0,0.0,130.0,137.0,157.0,159.5,195.4,129.0,1.6,2.0,2,0.0,0
0.5,0.1,0.5,Delaware,104.0,60,124,99.5,1.9,2.0,2,0.0,0.0,152.11111111111111,124.0,,,212.5,243.0,1.0,1.0,1,0.0,0
0.5,0.01,0.5,Washington,104.0,60,143,108.5,5.2,5.0,8,0.4,2.0,113.9,113.0,139.3,142.0,90.0,102.0,13.0,13.0,17,13.7,17
0.5,0.1,1.0,Louisiana,104.2,97,109,109.0,4.3,4.0,5,0.0,0.0,139.8,143.0,170.8,169.0,,,0.0,0.0,0,0.3,1
0.5,0.25,0.5,Louisiana,104.2,97,109,109.0,4.1,4.0,5,0.0,0.0,142.4,156.0,161.9,169.0,,,0.0,0.0,0,0.7,1
1.0,0.1,0.5,Louisiana,104.2,97,109,109.0,4.4,4.0,5,0.0,0.0,132.0,143.0,167.5,169.0,,,0.0,0.0,0,0.7,1
0.5,0.25,2.0,Louisiana,104.2,97,109,109.0,4.4,4.0,5,0.0,0.0,134.6,143.0,158.6,169.0,,,0.0,0.0,0,1.0,1
2.0,0.25,2.0,Louisiana,104.2,97,109,109.0,5.4,5.0,6,0.0,0.0,134.6,143.0,161.2,169.0,,,0.0,0.0,0,1.0,1
2.0,0.1,2.0,Louisiana,104.2,97,109,109.0,5.0,5.0,5,0.0,0.0,134.6,143.0,164.9,169.0,,,0.0,0.0,0,1.0,1
0.5,0.05,2.0,New Jersey,104.5,75,137,108.5,7.4,7.0,9,0.0,0.0,119.7,123.5,136.7,137.0,148.5,129.0,1.625,1.0,3,0.0,0
2.0,0.1,1.0,Delaware,104.5,60,124,109.5,2.8,3.0,3,0.0,0.0,168.1,171.0,380.875,401.0,325.22222222222223,347.0,1.4444444444444444,1.0,4,0.0,0
0.5,0.05,2.0,Virginia,104.9,76,114,114.0,27.2,27.0,29,0.0,0.0,119.7,120.5,128.0,129.0,166.1,168.0,5.0,5.0,7,3.0,5
0.5,0.01,2.0,Vermont,105.2,75,139,100.0,9.2,8.5,12,1.0,4.0,135.2,125.5,156.4,155.0,113.5,107.5,19.2,18.5,25,4.2,6
2.0,0.25,0.5,Alabama,105.3,99,110,108.5,17.6,18.0,20,0.0,0.0,108.9,110.0,116.6,121.0,214.0,214.0,1.0,1.0,1,2.7,4
2.0,0.25,1.0,Alabama,105.3,99,110,108.5,18.9,19.0,21,0.0,0.0,111.9,110.0,117.7,121.0,214.0,214.0,1.1,1.0,2,3.1,4
1.0,0.25,0.5,Louisiana,105.4,97,109,109.0,4.3,4.0,5,0.0,0.0,135.4,143.0,162.3,169.0,,,0.0,0.0,0,0.9,1
2.0,0.1,1.0,Louisiana,105.4,97,109,109.0,5.2,5.0,6,0.0,0.0,143.2,143.0,168.6,169.0,,,0.0,0.0,0,1.0,1
2.0,0.1,0.5,Louisiana,105.4,97,109,109.0,5.1,5.0,6,0.0,0.0,140.6,143.0,167.1,169.0,,,0.0,0.0,0,1.0,1
0.5,0.01,2.0,Kentucky,105.5,77,118,109.0,30.4,30.0,36,0.2,1.0,130.5,132.0,147.5,151.5,77.6,28.0,16.0,16.5,23,10.3,17
1.0,0.01,0.5,Georgia,105.6,86,147,101.0,23.4,23.0,31,0.0,0.0,125.1,130.0,145.2,152.0,199.875,196.0,1.3,1.0,3,2.2,4
0.5,0.1,2.0,Mississippi,105.9,87,114,114.0,12.5,12.0,15,0.0,0.0,142.7,155.0,162.1,163.0,281.0,281.0,1.0,1.0,1,0.0,0
0.5,0.01,0.5,New Hampshire,106.0,48,246,48.0,2.7,3.0,4,0.0,0.0,251.11111111111111,246.0,275.57142857142856,283.0,81.33333333333333,75.0,1.3333333333333333,1.0,2,0.0,0
2.0,0.01,1.0,Kentucky,106.4,77,118,109.0,35.0,35.0,40,0.5,4.0,127.0,118.0,139.8,138.0,51.0,28.0,21.4,21.5,27,13.3,16
0.5,0.1,2.0,Louisiana,106.6,97,109,109.0,4.2,4.0,5,0.0,0.0,146.6,143.0,168.2,169.0,,,0.0,0.0,0,1.0,1
1.0,0.1,1.0,Louisiana,106.6,97,109,109.0,4.3,4.0,6,0.0,0.0,149.2,156.0,169.7,169.0,,,0.0,0.0,0,1.0,1
0.5,0.1,2.0,Alabama,106.7,99,121,110.0,14.7,14.5,17,0.0,0.0,116.0,121.0,121.6,121.0,,,0.0,0.0,0,0.4,1
0.5,0.01,1.0,Utah,107.0,77,176,94.0,11.2,11.0,12,0.1,1.0,120.9,104.0,136.2,109.0,73.5,28.0,7.0,7.5,10,3.1,5
1.0,0.05,0.5,Mississippi,107.2,73,114,114.0,6.9,6.0,11,0.0,0.0,146.8,155.0,163.0,163.0,281.0,281.0,1.0,1.0,1,0.0,0
2.0,0.1,0.5,Mississippi,107.2,73,114,114.0,14.4,14.5,15,0.0,0.0,145.7,155.0,159.1,164.0,294.75,302.0,1.25,1.0,2,0.0,0
2.0,0.1,2.0,Alabama,107.5,99,110,110.0,18.3,18.0,19,0.0,0.0,117.7,121.0,119.9,121.0,195.4,214.0,1.3,1.0,2,1.7,3
0.5,0.05,0.5,Louisiana,107.8,97,109,109.0,3.1,3.0,5,0.0,0.0,163.0,169.0,177.25,180.0,,,0.0,0.0,0,0.2,1
0.5,0.1,0.5,Louisiana,107.8,97,109,109.0,3.7,4.0,4,0.0,0.0,150.0,143.0,172.3,169.0,,,0.0,0.0,0,0.6,1
2.0,0.01,0.5,Kentucky,107.8,77,134,108.0,33.1,33.0,38,0.2,1.0,126.8,129.5,140.8,140.0,66.2,28.0,19.4,19.5,24,11.7,15
2.0,0.05,1.0,New Jersey,108.3,84,137,109.5,8.0,8.0,9,0.0,0.0,127.5,137.0,148.1,150.0,150.42857142857142,129.0,1.5714285714285714,1.0,4,0.0,0
2.0,0.05,1.0,Virginia,108.4,76,123,113.0,30.0,29.5,34,0.0,0.0,119.7,118.0,128.2,126.0,164.6,165.5,4.7,5.0,6,2.6,6
0.5,0.05,1.0,Mississippi,108.6,87,114,114.0,3.9,3.5,6,0.0,0.0,165.6,155.0,178.625,163.0,281.0,281.0,1.0,1.0,1,0.0,0
1.0,0.05,1.0,Mississippi,108.6,87,114,114.0,12.5,12.0,15,0.0,0.0,149.9,155.0,165.9,163.0,281.0,281.0,1.0,1.0,1,0.0,0
0.5,0.05,0.5,Mississippi,108.6,87,114,114.0,2.9,3.0,4,0.0,0.0,148.4,155.0,168.16666666666666,163.0,,,0.0,0.0,0,0.0,0
0.5,0.05,2.0,Mississippi,108.6,87,114,114.0,12.2,12.0,14,0.0,0.0,148.8,155.0,163.1,165.0,281.0,281.0,1.0,1.0,1,0.0,0
2.0,0.05,2.0,Mississippi,108.6,87,114,114.0,14.8,15.0,16,0.0,0.0,148.7,155.0,165.8,165.0,291.5,291.5,1.5,1.5,2,0.1,1
0.5,0.05,0.5,Maine,108.71428571428571,53,234,53.0,2.0,2.0,3,0.0,0.0,199.6,275.0,284.0,284.0,61.0,61.0,0.5,0.5,1,0.14285714285714285,1
0.5,0.05,1.0,Arkansas,108.8,95,213,99.0,2.4,2.5,3,0.0,0.0,175.0,213.0,246.2,213.0,83.5,101.0,5.875,6.5,7,0.0,0
0.5,0.01,2.0,North Dakota,109.0,94,160,104.5,5.2,5.0,7,0.2,1.0,173.3,158.0,239.1,217.5,209.3,186.5,3.1,3.0,6,1.6,2
2.0,0.01,2.0,Kentucky,109.2,77,118,113.5,33.7,34.5,37,0.7,2.0,124.5,120.0,138.0,137.5,49.5,28.0,22.2,23.0,29,15.5,21
0.5,0.05,1.0,New Jersey,109.3,84,137,105.0,5.9,6.0,7,0.0,0.0,128.4,126.5,145.5,137.0,129.0,129.0,1.5714285714285714,1.0,3,0.0,0
2.0,0.01,1.0,Nevada,109.3,73,150,114.0,5.0,5.0,6,0.1,1.0,140.9,136.5,183.1,174.0,265.0,265.0,0.6666666666666666,1.0,1,0.1,1
1.0,0.01,0.5,Kentucky,109.3,76,140,118.0,26.5,27.0,32,0.7,3.0,136.9,135.0,148.8,153.0,105.4,133.5,14.3,14.0,21,7.4,12
1.0,0.01,0.5,Nevada,109.8,73,123,123.0,4.8,5.0,5,0.0,0.0,138.2,150.0,200.6,207.0,247.66666666666666,250.0,1.0,1.0,1,0.0,0
2.0,0.1,1.0,Alabama,110.0,99,121,110.0,17.8,17.5,20,0.0,0.0,117.7,121.0,122.8,121.0,214.0,214.0,1.3,1.0,3,1.8,3
2.0,0.1,0.5,Alabama,110.0,99,121,110.0,15.5,15.0,17,0.0,0.0,115.5,115.5,125.0,121.0,214.0,214.0,1.2,1.0,2,2.0,3
1.0,0.1,2.0,Alabama,110.5,99,121,108.5,17.8,18.0,20,0.0,0.0,119.4,121.0,128.3,121.0,214.0,214.0,1.0,1.0,1,1.5,3
1.0,0.1,0.5,Delaware,110.9,80,124,124.0,2.8,3.0,3,0.0,0.0,180.4,218.0,360.75,401.0,311.0,311.0,1.5,1.5,2,0.0,0
0.5,0.05,1.0,Louisiana,111.0,109,129,109.0,3.5,3.5,4,0.0,0.0,166.4,169.0,220.5,180.0,,,0.0,0.0,0,0.3,1
0.5,0.1,1.0,Alabama,111.1,99,121,110.0,14.1,14.0,16,0.0,0.0,118.8,121.0,127.8,121.0,,,0.0,0.0,0,0.5,1
1.0,0.1,2.0,Louisiana,111.2,97,143,109.0,5.3,5.0,6,0.0,0.0,155.2,169.0,175.6,180.0,,,0.0,0.0,0,1.0,1
1.0,0.05,2.0,Mississippi,111.3,87,114,114.0,13.8,14.0,16,0.0,0.0,154.1,155.0,191.4,165.0,299.0,302.0,1.1428571428571428,1.0,2,0.1,1
2.0,0.05,2.0,New Jersey,111.4,91,137,105.0,8.1,8.0,9,0.0,0.0,126.5,131.5,145.8,142.5,184.33333333333334,129.0,1.3333333333333333,1.0,2,0.0,0
2.0,0.01,0.5,Nevada,111.5,73,150,102.5,4.8,5.0,6,0.2,1.0,144.4,123.0,184.8,150.0,275.5,265.0,0.6666666666666666,1.0,1,0.2,1
1.0,0.1,0.5,Alabama,111.9,99,121,110.0,14.7,15.0,16,0.0,0.0,118.3,121.0,127.2,121.0,214.0,214.0,1.0,1.0,1,0.3,1
1.0,0.01,1.0,Nevada,112.1,81,126,123.0,5.1,5.0,6,0.0,0.0,143.5,150.0,189.4,215.0,301.0,301.0,1.5,1.5,2,0.0,0
1.0,0.1,1.0,Maine,112.1,53,254,53.0,8.3,8.0,10,0.0,0.0,140.1,85.5,204.5,255.0,95.0,61.0,1.1666666666666667,1.0,3,0.4,1
2.0,0.05,2.0,Alabama,112.2,99,121,115.5,16.6,16.5,19,0.0,0.0,119.9,121.0,136.2,138.0,214.0,214.0,1.4,1.0,2,1.3,4
1.0,0.1,1.0,Delaware,112.4,95,124,124.0,2.9,3.0,3,0.0,0.0,180.4,218.0,365.22222222222223,401.0,294.8,275.0,1.8,2.0,3,0.0,0
0.5,0.1,0.5,Alabama,112.7,99,121,110.0,9.3,9.0,12,0.0,0.0,124.4,121.0,133.4,138.0,,,0.0,0.0,0,0.3,1
1.0,0.05,1.0,New Jersey,113.2,91,137,114.0,7.2,7.0,8,0.0,0.0,138.5,137.0,158.0,161.0,132.8,129.0,2.0,2.0,3,0.0,0
1.0,0.05,0.5,Louisiana,113.2,109,151,109.0,4.0,4.0,4,0.0,0.0,161.2,169.0,176.7,180.0,,,0.0,0.0,0,0.3,1
0.5,0.01,0.5,North Dakota,113.5,94,160,104.5,1.8,2.0,3,0.2857142857142857,1.0,180.14285714285714,138.0,258.0,258.0,125.66666666666667,112.0,1.0,1.0,2,0.3,1
1.0,0.1,1.0,Alabama,113.8,107,121,110.0,14.5,15.0,16,0.0,0.0,119.4,121.0,130.6,129.5,214.0,214.0,1.1,1.0,2,0.4,1
1.0,0.05,1.0,Louisiana,113.8,97,169,109.0,4.0,4.0,5,0.0,0.0,167.2,169.0,223.0,180.0,,,0.0,0.0,0,1.0,1
2.0,0.05,1.0,Mississippi,114.0,114,114,114.0,14.0,14.0,18,0.0,0.0,159.1,155.0,184.0,165.5,297.3333333333333,302.0,1.2222222222222223,1.0,2,0.0,0
2.0,0.01,2.0,North Dakota,114.0,98,215,103.0,6.6,6.0,10,0.3,1.0,186.1,149.0,266.9,232.0,195.11111111111111,142.0,3.7,3.0,10,2.6,5
1.0,0.05,0.5,Maine,114.1,53,274,53.0,6.9,7.0,8,0.0,0.0,215.8,275.0,279.7,282.0,61.0,61.0,1.2,1.0,2,0.0,0
0.5,0.01,1.0,Nevada,114.1,73,150,114.0,4.6,5.0,5,0.0,0.0,130.8,126.0,176.1,158.0,222.75,250.0,1.25,1.0,2,0.0,0
ALL,ALL,ALL,Mississippi,114.12605042016807,73,333,114.0,10.238095238095237,11.0,18,0.0,0.0,158.83475783475782,155.0,190.95058139534885,163.0,291.776,286.0,1.0579710144927537,1.0,2,0.11204481792717087,1
2.0,0.05,1.0,Alabama,114.4,99,121,115.5,16.2,16.0,18,0.0,0.0,121.6,121.0,132.3,138.0,214.0,214.0,1.4,1.0,2,0.9,2
1.0,0.05,1.0,Alabama,114.9,107,121,115.5,13.3,13.0,16,0.0,0.0,121.0,121.0,133.4,138.0,214.8,214.0,1.2,1.0,2,0.1,1
2.0,0.05,1.0,Delaware,115.3,95,124,124.0,2.4,2.0,3,0.0,0.0,189.8,218.0,360.75,401.0,289.4,275.0,1.2,1.0,2,0.0,0
2.0,0.05,0.5,Mississippi,115.4,87,155,114.0,13.9,14.0,15,0.0,0.0,152.8,155.0,174.4,165.0,290.3333333333333,281.0,1.5555555555555556,2.0,2,0.0,0
0.5,0.01,1.0,North Dakota,115.7,94,165,111.0,3.0,3.0,6,0.1111111111111111,1.0,169.77777777777777,160.0,215.66666666666666,206.0,176.33333333333334,142.0,1.7777777777777777,1.0,4,1.0,5
2.0,0.01,0.5,Maryland,115.9,87,162,113.0,8.1,8.0,9,0.0,0.0,136.0,138.0,154.1,162.0,156.7,152.0,9.5,10.0,16,1.7,3
0.5,0.01,2.0,Nevada,116.0,91,150,107.0,4.8,5.0,5,0.2,1.0,156.6,150.0,190.4,188.5,286.0,286.0,0.8,1.0,1,0.2,1
2.0,0.01,2.0,Nevada,116.3,81,150,118.5,5.0,5.0,6,0.0,0.0,135.6,136.5,180.1,174.0,278.8,250.0,1.2,1.0,2,0.0,0
ALL,ALL,ALL,Arkansas,116.8225352112676,91,460,95.0,6.523943661971831,7.0,14,0.0,0.0,151.36363636363637,99.0,194.05714285714285,168.0,95.52785923753666,101.0,7.608695652173913,8.0,15,0.4,2
0.5,0.05,2.0,Louisiana,117.2,97,169,109.0,3.7,4.0,5,0.0,0.0,161.5,169.0,197.7,180.0,,,0.0,0.0,0,1.0,1
1.0,0.05,0.5,Alabama,117.7,99,121,121.0,12.0,12.0,14,0.0,0.0,126.7,121.0,139.0,138.0,214.0,214.0,1.3,1.0,2,0.2,1
2.0,0.05,0.5,Alabama,117.7,99,121,121.0,13.4,13.5,15,0.0,0.0,124.4,121.0,141.7,138.0,214.0,214.0,1.2,1.0,2,0.6,3
1.0,0.05,2.0,Alabama,117.7,110,121,121.0,16.0,16.0,20,0.0,0.0,122.7,121.0,136.8,138.0,214.0,214.0,1.3333333333333333,1.0,2,1.2,3
1.0,0.05,2.0,Louisiana,118.0,97,169,109.0,4.9,5.0,6,0.0,0.0,163.1,169.0,198.5,180.0,431.0,431.0,0.1,0.0,1,1.0,1
1.0,0.05,2.0,Delaware,118.2,95,124,124.0,2.4,2.0,3,0.0,0.0,199.2,218.0,401.0,401.0,302.0,275.0,1.375,1.0,2,0.0,0
2.0,0.05,2.0,Delaware,118.2,95,124,124.0,2.6,3.0,3,0.0,0.0,199.2,218.0,408.1666666666667,401.0,297.0,275.0,1.1111111111111112,1.0,2,0.0,0
0.5,0.01,1.0,Maryland,118.5,87,162,112.0,7.1,7.0,8,0.2,1.0,142.4,144.0,162.6,162.0,128.0,148.0,6.5,6.5,8,0.6,1
2.0,0.05,2.0,Louisiana,118.6,97,169,109.0,5.2,5.0,6,0.0,0.0,156.6,169.0,191.7,180.0,,,0.0,0.0,0,1.0,1
ALL,ALL,ALL,Alabama,118.99722222222222,99,263,115.5,12.886111111111111,14.0,22,0.0,0.0,136.49303621169918,121.0,155.2296918767507,138.0,238.11009174311926,214.0,1.065040650406504,1.0,3,0.7583333333333333,4
0.5,0.01,0.5,Nevada,119.3,60,150,118.5,3.3,3.0,4,0.0,0.0,143.7,150.0,190.6,205.0,,,0.0,0.0,0,0.0,0
0.5,0.01,0.5,Kentucky,119.4,50,146,133.0,14.9,14.5,20,0.0,0.0,138.6,140.0,149.9,153.0,149.8,172.0,6.6,5.5,11,3.5,5
2.0,0.01,2.0,Virginia,119.5,112,144,114.0,20.5,20.0,25,0.0,0.0,143.2,142.5,169.8,149.0,172.0,164.5,6.1,5.5,10,1.6,3
1.0,0.01,2.0,Nevada,120.7,91,150,123.0,4.9,5.0,5,0.0,0.0,140.7,149.0,188.8,191.5,237.33333333333334,250.0,1.5,1.5,2,0.0,0
0.5,0.01,1.0,Virginia,121.0,114,144,114.0,12.0,12.0,16,0.0,0.0,149.7,144.0,169.3,160.5,189.33333333333334,168.0,3.3333333333333335,4.0,5,0.8,2
1.0,0.05,0.5,Delaware,121.1,95,124,124.0,2.4,2.0,3,0.0,0.0,208.6,218.0,360.75,401.0,278.6666666666667,275.0,1.5,1.5,2,0.0,0
0.5,0.05,1.0,Delaware,121.1,95,124,124.0,2.5,2.5,3,0.0,0.0,208.6,218.0,401.0,401.0,279.0,275.0,1.5555555555555556,1.0,3,0.0,0
2.0,0.01,0.5,Virginia,121.2,114,141,114.0,19.6,19.0,23,0.0,0.0,140.4,142.5,171.1,159.0,196.0,168.0,4.8,4.5,7,1.7,4
0.5,0.05,0.5,Alabama,121.3,107,138,121.0,8.0,8.0,10,0.0,0.0,134.0,138.0,146.7,149.0,222.0,222.0,1.0,1.0,1,0.0,0
0.5,0.01,2.0,Maryland,121.5,100,162,114.5,7.8,8.0,10,0.0,0.0,157.6,162.0,164.8,165.0,157.1,152.0,8.4,9.5,12,1.4,2
1.0,0.01,1.0,Maryland,121.6,100,144,111.0,7.9,8.0,9,0.0,0.0,139.5,144.0,156.6,162.0,151.6,166.0,9.6,9.5,15,1.0,3
0.5,0.01,1.0,New Hampshire,121.7,48,239,98.0,4.3,5.0,6,0.0,0.0,245.7,246.0,289.375,300.0,75.0,75.0,2.0,2.0,2,0.0,0
0.5,0.05,2.0,Delaware,121.8,95,218,124.0,2.4,2.5,3,0.0,0.0,176.22222222222223,218.0,336.6,401.0,302.0,275.0,1.25,1.0,2,0.0,0
0.5,0.05,1.0,Alabama,121.9,107,138,121.0,11.3,11.0,13,0.0,0.0,137.3,138.0,144.3,149.0,222.0,222.0,0.5,0.5,1,0.1,1
1.0,0.01,1.0,Montana,122.1,90,134,122.0,7.8,8.0,9,0.0,0.0,158.8,164.0,191.7,201.0,164.71428571428572,152.0,2.5714285714285716,2.0,4,0.1,1
2.0,0.01,0.5,Massachusetts,122.6,92,145,114.0,8.0,8.0,9,0.2,1.0,147.0,151.0,156.5,161.5,139.5,160.0,2.2,2.0,5,0.2,1
2.0,0.05,1.0,Louisiana,122.6,109,169,109.0,5.1,5.0,6,0.0,0.0,175.0,169.0,190.0,180.0,,,0.0,0.0,0,1.0,1
1.0,0.01,0.5,Maryland,122.8,87,141,125.0,8.0,8.0,10,0.0,0.0,146.1,144.0,161.3,162.0,174.7,159.0,4.6,4.5,8,0.5,1
0.5,0.01,2.0,Connecticut,123.8,104,147,120.0,5.9,6.0,7,0.0,0.0,161.9,147.0,196.8,150.0,289.9,236.0,2.0,2.0,5,0.2,1
0.5,0.01,2.0,New Hampshire,123.9,48,325,48.0,5.4,5.0,6,0.0,0.0,216.7,194.0,256.7,246.0,75.0,75.0,1.0,1.0,1,0.0,0
1.0,0.05,1.0,Delaware,124.0,124,124,124.0,2.7,3.0,3,0.0,0.0,218.0,218.0,355.0,401.0,314.1111111111111,275.0,1.6666666666666667,2.0,2,0.0,0
0.5,0.05,0.5,Delaware,124.0,124,124,124.0,1.6,2.0,2,0.0,0.0,218.0,218.0,,,246.5,243.0,1.5,1.5,2,0.0,0
2.0,0.05,0.5,Delaware,124.0,124,124,124.0,2.4,2.0,3,0.0,0.0,218.0,218.0,401.0,401.0,313.0,347.0,1.2222222222222223,1.0,2,0.0,0
ALL,ALL,ALL,Louisiana,124.19047619047619,97,302,109.0,4.0056022408963585,4.0,6,0.0,0.0,174.85714285714286,169.0,205.97689768976898,169.0,431.0,431.0,0.041666666666666664,0.0,1,0.7226890756302521,1
2.0,0.01,1.0,Virginia,124.3,112,144,121.5,19.1,19.0,24,0.0,0.0,141.8,142.5,185.1,174.0,253.9,225.0,4.3,4.0,9,1.3,4
1.0,0.1,0.5,Maine,124.5,53,264,82.5,6.6,6.5,8,0.0,0.0,226.1,264.0,252.5,274.5,61.0,61.0,0.5,0.0,2,0.4,1
1.0,0.01,0.5,Montana,124.8,90,134,128.0,7.0,6.5,9,0.0,0.0,162.5,164.0,183.3,179.0,172.11111111111111,178.0,2.111111111111111,2.0,4,0.0,0
2.0,0.01,2.0,Montana,124.8,117,134,122.0,9.4,10.0,11,0.0,0.0,162.5,162.5,206.9,197.5,190.2,144.5,3.5,4.0,5,0.1,1
2.0,0.01,0.5,Oregon,125.2,78,201,98.0,12.7,13.0,15,0.0,0.0,157.2,175.0,190.4,188.0,288.1,290.0,3.7,3.5,6,1.8,3
2.0,0.01,1.0,Maryland,125.5,87,162,137.5,7.3,7.0,9,0.0,0.0,146.4,153.0,164.6,162.0,175.8,181.0,8.2,8.5,13,2.2,4
1.0,0.01,0.5,North Dakota,126.44444444444444,94,315,108.0,4.333333333333333,4.0,6,0.0,0.0,171.77777777777777,138.0,216.375,189.5,179.0,169.5,2.25,2.0,5,0.3333333333333333,1
0.5,0.01,2.0,Virginia,126.6,114,144,126.0,17.9,17.5,23,0.0,0.0,147.5,142.5,179.1,159.0,209.1,168.0,3.7,4.0,6,1.5,3
1.0,0.01,2.0,Virginia,126.8,114,164,118.5,19.9,20.5,24,0.0,0.0,143.4,141.0,183.2,159.0,187.1,168.0,5.2,5.0,8,1.3,4
2.0,0.01,0.5,Montana,126.9,90,192,128.0,8.5,8.0,11,0.0,0.0,156.5,153.5,185.5,179.0,174.11111111111111,178.0,2.3333333333333335,2.0,4,0.1,1
1.0,0.01,1.0,Virginia,126.9,114,144,123.0,17.2,17.0,21,0.0,0.0,141.9,142.5,192.2,183.0,212.6,176.0,3.8,4.0,7,1.0,3
1.0,0.01,1.0,Oregon,127.1,68,184,125.5,12.6,12.5,15,0.0,0.0,166.7,183.0,193.5,186.0,271.5,328.0,3.6,3.5,8,2.6,4
0.5,0.01,1.0,Montana,127.7,117,134,134.0,5.0,5.0,7,0.0,0.0,164.9,165.0,211.1,203.0,182.125,180.0,1.7777777777777777,2.0,3,0.1,1
2.0,0.05,0.5,Louisiana,127.8,109,169,109.0,4.9,5.0,5,0.0,0.0,166.8,169.0,198.8,180.0,,,0.0,0.0,0,1.0,1
1.0,0.01,0.5,Virginia,127.8,114,144,127.5,14.5,14.0,19,0.0,0.0,143.9,144.0,169.9,174.0,192.5,168.0,3.9,3.0,10,1.2,3
2.0,0.01,1.0,Montana,128.1,117,143,134.0,9.6,9.0,11,0.0,0.0,162.6,164.0,198.5,197.5,156.44444444444446,152.0,3.5,3.0,7,0.1,1
1.0,0.01,2.0,Massachusetts,128.2,112,150,127.5,8.0,8.0,9,0.2,1.0,144.7,143.0,159.7,151.0,156.9,160.0,3.0,3.0,7,0.3,1
0.5,0.05,2.0,Alabama,129.0,121,149,121.0,12.0,12.0,14,0.0,0.0,137.1,138.0,152.4,149.0,,,0.0,0.0,0,0.1,1
0.5,0.01,0.5,Massachusetts,129.1,112,152,127.0,6.0,6.0,7,0.2,1.0,153.7,154.0,162.2,161.5,151.625,156.5,2.0,2.0,4,0.2,1
2.0,0.01,1.0,New Hampshire,129.2,48,246,116.0,5.6,5.5,7,0.0,0.0,237.0,236.5,281.8,277.0,,,0.0,0.0,0,0.0,0
1.0,0.01,2.0,Montana,129.7,117,161,128.0,10.1,10.0,11,0.0,0.0,165.9,166.0,210.5,203.0,189.55555555555554,163.0,2.111111111111111,2.0,4,0.2,1
2.0,0.01,1.0,Connecticut,129.9,104,147,138.5,6.1,6.0,7,0.0,0.0,145.0,147.0,163.5,150.0,191.0,207.5,3.2,3.0,5,0.1,1
0.5,0.01,1.0,Connecticut,130.0,104,147,141.0,4.6,5.0,5,0.0,0.0,144.2,147.0,148.7,150.0,214.1,213.0,1.5,1.0,3,0.0,0
2.0,0.01,2.0,Maryland,130.0,87,162,141.0,7.4,7.0,8,0.0,0.0,153.3,162.0,168.7,165.0,158.1,152.0,9.3,8.5,18,2.2,4
2.0,0.01,2.0,Connecticut,130.3,104,147,138.5,6.2,6.0,7,0.0,0.0,147.8,147.0,155.0,150.0,217.55555555555554,190.0,2.2222222222222223,2.0,5,0.1,1
1.0,0.01,2.0,Maryland,130.3,87,162,141.0,7.6,7.5,9,0.0,0.0,155.7,162.0,164.4,165.0,189.3,169.0,8.7,8.5,12,1.9,3
0.5,0.01,1.0,Massachusetts,130.4,92,154,139.5,7.2,7.0,8,0.1,1.0,152.9,152.0,161.1,165.0,156.3,160.0,2.6,2.5,4,0.2,1
2.0,0.01,0.5,Connecticut,130.8,104,192,138.5,5.6,6.0,6,0.0,0.0,160.3,147.0,167.2,150.0,300.1111111111111,265.0,2.0,1.0,6,0.0,0
0.5,0.01,2.0,Montana,130.8,117,171,122.0,8.4,9.0,10,0.0,0.0,155.2,161.0,177.5,166.0,179.75,152.0,2.375,2.0,5,0.0,0
2.0,0.01,2.0,Massachusetts,132.4,112,152,132.0,8.1,8.0,10,0.0,0.0,153.2,151.0,163.2,169.0,143.9,160.0,2.6,2.5,4,0.2,1
0.5,0.01,0.5,Montana,132.5,90,199,128.0,4.5,4.5,6,0.0,0.0,159.2,165.0,184.7,182.5,157.28571428571428,152.0,2.142857142857143,2.0,4,0.1,1
1.0,0.01,0.5,Connecticut,132.9,104,165,144.0,5.4,5.5,6,0.0,0.0,162.0,148.5,193.1,150.0,204.5,201.5,2.125,2.5,3,0.3,1
0.5,0.01,0.5,Connecticut,133.2,104,158,141.0,3.7,4.0,5,0.0,0.0,170.0,147.0,172.22222222222223,150.0,218.4,213.0,0.8333333333333334,1.0,1,0.1,1
0.5,0.01,2.0,Massachusetts,134.2,112,176,136.0,8.1,8.0,9,0.1,1.0,155.6,152.0,166.0,171.0,160.11111111111111,160.0,2.2222222222222223,2.0,4,0.1,1
2.0,0.01,0.5,Arkansas,134.4,99,168,148.0,5.5,5.0,8,0.0,0.0,244.6,274.0,325.4,307.0,118.6,107.5,4.4,4.5,6,0.1,1
0.5,0.01,1.0,Alabama,134.6,121,190,121.0,4.3,4.0,6,0.0,0.0,176.3,154.0,234.8,216.0,238.5,238.5,1.0,1.0,1,0.0,0
2.0,0.01,1.0,Massachusetts,134.8,112,158,140.0,8.0,8.0,9,0.0,0.0,147.4,144.5,161.0,163.5,158.77777777777777,160.0,2.6666666666666665,2.0,6,0.1,1
1.0,0.01,0.5,Massachusetts,135.6,112,150,139.5,7.4,8.0,8,0.0,0.0,150.7,150.0,160.6,160.5,162.85714285714286,160.0,3.142857142857143,3.0,5,0.2,1
2.0,0.01,0.5,New Jersey,135.7,103,169,137.0,5.7,5.5,8,0.0,0.0,166.0,165.0,204.7,192.5,192.0,28.0,1.0,1.0,1,0.0,0
1.0,0.01,1.0,North Carolina,136.1,101,158,144.0,12.6,12.0,17,0.1,1.0,160.2,160.0,179.5,172.0,299.6,301.0,2.8,2.5,5,3.8,7
2.0,0.01,0.5,Alabama,136.2,121,190,121.0,6.9,7.0,9,0.0,0.0,188.7,190.0,234.6,227.5,443.6666666666667,470.0,1.5,1.5,2,0.0,0
2.0,0.01,1.0,New Jersey,137.0,137,137,137.0,6.0,6.0,7,0.0,0.0,177.2,181.5,199.8,187.0,182.75,166.0,1.25,1.0,2,0.0,0
1.0,0.01,2.0,New Jersey,137.0,137,137,137.0,6.1,6.0,8,0.0,0.0,165.1,165.0,188.9,183.5,281.5,304.0,1.25,1.0,2,0.0,0
0.5,0.01,1.0,New Jersey,137.0,137,137,137.0,5.0,5.0,6,0.0,0.0,169.0,169.0,207.4,187.0,121.66666666666667,28.0,1.0,1.0,1,0.0,0
2.0,0.01,2.0,New Jersey,137.0,137,137,137.0,6.0,6.0,7,0.0,0.0,169.9,172.5,205.1,195.5,166.14285714285714,28.0,1.4285714285714286,1.0,2,0.0,0
0.5,0.01,0.5,New Jersey,137.0,137,137,137.0,5.0,5.0,6,0.0,0.0,166.0,161.0,196.4,181.5,329.0,329.0,1.0,1.0,1,0.0,0
1.0,0.01,1.0,Massachusetts,137.0,112,152,143.0,8.2,8.0,10,0.1,1.0,150.7,150.5,160.9,159.0,182.22222222222223,161.0,2.0,1.0,5,0.1,1
0.5,0.01,2.0,Oregon,137.2,78,197,145.0,12.4,12.5,15,0.0,0.0,178.6,184.0,206.0,204.5,219.0,258.5,3.4,3.0,7,1.6,3
1.0,0.01,0.5,Alabama,137.3,121,190,121.0,4.6,4.0,7,0.0,0.0,190.2,190.0,217.7,228.5,398.8,311.0,0.8333333333333334,1.0,1,0.1,1
0.5,0.05,2.0,Maine,137.3,53,254,82.5,7.3,7.0,9,0.0,0.0,189.2,254.0,276.3,274.5,61.0,61.0,0.5,0.0,2,0.5,1
0.5,0.01,1.0,Mississippi,137.5,114,202,114.0,4.1,4.0,7,0.0,0.0,241.0,280.5,291.8,333.0,281.0,281.0,1.0,1.0,1,0.0,0
1.0,0.05,2.0,Maine,137.5,53,275,68.0,8.2,8.5,9,0.0,0.0,231.9,269.0,277.9,282.0,61.0,61.0,0.3333333333333333,0.0,1,0.5,1
2.0,0.01,2.0,Alabama,137.9,121,190,121.0,8.5,9.0,11,0.0,0.0,177.0,154.0,234.5,210.5,416.4,445.0,1.7,1.5,3,0.2,1
1.0,0.01,2.0,North Carolina,138.8,76,184,148.5,15.0,15.5,18,0.0,0.0,177.2,171.0,189.1,173.5,200.11111111111111,185.0,3.9,4.5,7,4.7,7
2.0,0.01,2.0,Arkansas,138.9,99,274,99.0,5.4,5.0,8,0.0,0.0,234.9,221.0,314.6,308.0,127.1,104.5,3.2,3.5,5,0.0,0
1.0,0.01,1.0,Connecticut,138.9,115,150,141.0,5.9,6.0,6,0.0,0.0,147.7,147.0,170.9,150.0,275.6,247.0,1.7,1.0,4,0.1,1
0.5,0.01,0.5,Louisiana,139.0,109,169,139.0,1.375,1.0,2,0.0,0.0,209.0,169.0,,,,,0.0,0.0,0,0.0,0
1.0,0.01,1.0,New Jersey,139.4,137,161,137.0,6.0,6.0,7,0.0,0.0,166.6,169.0,195.0,185.0,112.0,28.0,1.2,1.0,2,0.0,0
1.0,0.01,2.0,Connecticut,139.4,104,150,141.0,6.1,6.0,7,0.0,0.0,148.3,147.0,192.3,150.0,277.125,225.0,1.7777777777777777,2.0,3,0.2,1
0.5,0.01,0.5,Virginia,139.5,125,144,141.0,7.0,7.0,10,0.0,0.0,148.6,144.0,202.3,201.0,150.1,168.0,3.0,3.0,5,0.5,2
1.0,0.01,1.0,Alabama,139.6,121,190,138.0,5.1,5.5,9,0.0,0.0,174.6,154.0,242.33333333333334,216.0,227.16666666666666,204.5,1.0,1.0,1,0.0,0
ALL,ALL,ALL,Maine,139.74576271186442,53,335,53.0,7.110169491525424,7.0,12,0.0057306590257879654,1.0,181.88252148997134,254.0,239.02083333333334,275.0,127.31868131868131,61.0,0.7278481012658228,1.0,3,0.2740112994350282,1
0.5,0.01,0.5,Maryland,140.0,100,162,141.0,5.7,5.5,7,0.0,0.0,151.8,157.5,171.4,168.0,162.2,161.5,4.7,5.0,8,0.6,2
2.0,0.01,1.0,Oregon,140.3,78,184,137.0,12.3,12.0,14,0.0,0.0,172.8,184.0,200.8,201.0,300.6,328.0,3.2,3.0,5,1.7,3
2.0,0.01,1.0,Mississippi,140.4,114,285,114.0,7.6,7.5,10,0.0,0.0,199.0,183.5,255.1,285.5,302.0,302.0,1.0,1.0,1,0.0,0
0.5,0.01,0.5,North Carolina,141.0,76,184,158.0,6.0,6.0,9,0.0,0.0,185.6,167.0,202.3,184.0,185.875,185.0,1.3333333333333333,1.0,3,1.6,4
1.0,0.01,0.5,New Jersey,141.6,137,183,137.0,5.3,5.0,7,0.0,0.0,180.2,169.0,201.3,194.5,166.0,166.0,1.0,1.0,1,0.0,0
2.0,0.05,2.0,Maine,142.0,53,262,82.0,8.4,8.0,10,0.0,0.0,235.2,263.0,275.7,277.5,129.0,129.0,1.0,1.0,2,0.1,1
0.5,0.01,2.0,New Jersey,142.2,137,187,137.0,5.9,6.0,7,0.0,0.0,183.6,165.0,208.2,202.0,62.0,28.0,1.5,1.5,2,0.0,0
0.5,0.01,2.0,Mississippi,142.5,114,265,114.0,6.0,6.0,9,0.0,0.0,235.0,215.5,303.3,336.5,,,0.0,0.0,0,0.0,0
ALL,ALL,ALL,Delaware,143.11516853932585,60,398,124.0,2.412921348314607,3.0,3,0.0,0.0,203.74528301886792,218.0,370.31891891891894,401.0,291.3783783783784,275.0,1.4080717488789238,1.0,4,0.0056179775280898875,1
2.0,0.01,2.0,Mississippi,143.3,114,265,114.0,7.8,7.5,10,0.0,0.0,231.9,265.0,286.7,301.0,,,0.0,0.0,0,0.0,0
0.5,0.01,0.5,Oregon,145.1,68,235,165.0,5.1,5.0,7,0.0,0.0,187.1,185.0,197.6,192.0,201.16666666666666,160.0,1.8333333333333333,2.0,3,0.2,1
2.0,0.01,2.0,New Hampshire,145.8,48,283,148.0,5.7,6.0,6,0.0,0.0,243.2,246.0,288.3,293.0,94.0,94.0,1.0,1.0,1,0.0,0
1.0,0.01,2.0,New Hampshire,146.1,48,246,166.0,5.8,6.0,6,0.0,0.0,259.0,246.0,297.8,294.0,75.0,75.0,1.0,1.0,1,0.0,0
0.5,0.01,1.0,Oregon,146.4,80,175,156.0,5.2,5.0,8,0.0,0.0,187.2,184.0,220.8,215.0,259.625,310.0,1.75,1.5,3,0.4,2
0.5,0.25,0.5,West Virginia,146.8,50,171,171.0,3.0,3.0,3,0.0,0.0,200.6,208.0,210.0,210.0,,,0.0,0.0,0,0.0,0
2.0,0.25,2.0,West Virginia,146.8,50,171,171.0,10.3,10.5,11,0.0,0.0,192.6,198.0,203.6,205.0,,,0.0,0.0,0,0.0,0
2.0,0.25,0.5,West Virginia,146.8,50,171,171.0,10.2,10.0,11,0.0,0.0,192.6,198.0,203.6,205.0,248.0,248.0,1.0,1.0,1,0.0,0
1.0,0.01,2.0,Oregon,147.1,68,184,154.0,12.9,13.0,16,0.0,0.0,184.9,184.0,217.9,205.5,289.8,264.0,3.4,4.0,6,2.0,3
2.0,0.01,1.0,Alabama,147.3,121,233,143.5,8.2,8.5,12,0.0,0.0,216.5,190.0,273.2,247.0,372.5,372.5,2.0,2.0,3,0.1,1
0.5,0.01,2.0,North Carolina,147.4,102,158,157.0,13.5,13.0,17,0.0,0.0,165.4,160.0,177.3,177.0,254.14285714285714,195.0,2.2222222222222223,2.0,5,2.7,5
0.5,0.01,2.0,Alabama,148.5,121,263,138.0,5.8,6.0,9,0.0,0.0,190.7,189.0,258.6,232.0,,,0.0,0.0,0,0.0,0
2.0,0.01,2.0,North Carolina,148.9,113,171,157.5,16.9,17.0,19,0.1,1.0,164.1,160.0,174.0,183.0,257.2,245.5,3.4,3.0,5,4.6,9
1.0,0.01,2.0,Alabama,150.2,121,216,143.5,8.2,8.5,10,0.0,0.0,211.4,189.0,241.3,216.0,306.42857142857144,311.0,1.5714285714285714,1.0,3,0.0,0
2.0,0.01,2.0,Oregon,151.4,78,184,175.0,13.7,14.0,15,0.0,0.0,183.3,184.0,206.1,205.5,186.77777777777777,215.0,4.0,4.0,7,1.6,4
2.0,0.01,0.5,Mississippi,151.5,114,333,114.0,7.5,8.0,10,0.0,0.0,229.8,220.0,289.3,296.0,302.0,302.0,1.0,1.0,1,0.0,0
2.0,0.01,1.0,North Carolina,151.5,101,163,157.5,14.8,15.0,19,0.0,0.0,162.5,158.5,179.2,184.0,225.2,185.0,3.9,3.0,7,5.2,11
2.0,0.01,0.5,South Carolina,152.0,85,185,155.0,9.5,10.0,12,0.0,0.0,206.5,212.0,249.0,234.0,216.0,227.0,6.5,6.0,12,3.2,6
1.0,0.01,1.0,South Carolina,154.2,61,271,148.5,7.3,7.0,9,0.0,0.0,219.1,221.0,245.2,232.0,259.6,229.5,4.9,5.0,9,1.2,2
2.0,0.01,0.5,New Hampshire,154.9,48,239,203.0,6.1,6.0,7,0.0,0.0,236.0,246.0,273.3,283.0,,,0.0,0.0,0,0.0,0
0.5,0.05,1.0,Maine,155.6,53,275,158.5,6.6,7.0,8,0.0,0.0,213.1,264.0,272.9,278.5,184.0,184.0,0.6666666666666666,1.0,1,0.1,1
0.5,0.01,1.0,Louisiana,156.1,109,180,169.0,2.1,2.0,3,0.0,0.0,261.44444444444446,289.0,402.5,402.5,431.0,431.0,1.0,1.0,1,0.0,0
2.0,0.01,1.0,Arkansas,157.6,99,274,148.0,4.6,5.0,6,0.0,0.0,242.7,274.0,348.4,323.0,126.4,66.0,3.8,3.5,7,0.2,1
0.5,0.25,1.0,West Virginia,158.9,50,171,171.0,5.1,5.0,6,0.0,0.0,203.1,206.5,208.7,209.0,248.0,248.0,1.0,1.0,1,0.0,0
0.5,0.25,2.0,West Virginia,158.9,50,171,171.0,8.8,9.0,10,0.0,0.0,201.6,205.0,207.1,208.0,248.0,248.0,1.0,1.0,1,0.0,0
2.0,0.05,1.0,Maine,159.0,53,264,186.0,8.0,8.0,9,0.0,0.0,237.6,274.0,277.1,279.5,61.0,61.0,0.3333333333333333,0.0,1,0.5,1
2.0,0.25,1.0,Rhode Island,159.1,146,219,146.0,3.0,3.0,3,0.0,0.0,228.0,239.0,250.9,244.0,,,0.0,0.0,0,0.0,0
2.0,0.01,0.5,North Carolina,160.1,150,186,158.0,16.0,16.0,18,0.0,0.0,173.4,161.0,182.7,184.0,276.6,240.5,4.1,4.0,8,3.5,5
1.0,0.01,0.5,Oregon,161.6,78,182,175.0,8.5,8.0,11,0.0,0.0,184.4,184.0,206.2,201.0,227.125,255.5,2.0,2.0,4,1.1,3
0.5,0.1,1.0,West Virginia,162.3,50,205,171.0,4.8,5.0,6,0.0,0.0,204.3,208.0,217.7,210.0,248.0,248.0,1.0,1.0,1,0.0,0
1.0,0.01,0.5,North Carolina,162.5,156,184,158.0,9.7,9.5,15,0.0,0.0,168.9,161.5,186.6,184.0,190.33333333333334,185.0,2.5,2.5,5,3.2,5
0.5,0.01,0.5,Mississippi,163.0,114,265,114.0,1.1428571428571428,1.0,2,0.0,0.0,285.0,285.0,,,,,0.0,0.0,0,0.0,0
0.5,0.01,1.0,North Carolina,164.0,144,184,158.0,8.6,9.0,12,0.1,1.0,178.4,173.0,189.1,184.0,236.875,185.0,1.7777777777777777,1.0,4,1.8,3
0.5,0.01,1.0,South Carolina,166.3,128,224,181.5,4.7,5.0,6,0.1,1.0,217.3,224.0,255.77777777777777,232.0,192.0,217.0,4.571428571428571,5.0,7,0.3,1
1.0,0.01,2.0,South Carolina,166.3,106,218,185.0,9.4,9.5,11,0.0,0.0,207.5,221.0,232.9,239.0,231.7,218.0,5.6,5.5,9,2.5,4
0.5,0.01,0.5,Alabama,167.0,121,263,138.0,3.4,3.0,6,0.0,0.0,192.33333333333334,176.0,221.0,234.0,,,0.0,0.0,0,0.0,0
0.5,0.01,0.5,South Carolina,167.0,128,224,185.0,2.6,2.0,5,0.0,0.0,224.375,222.0,225.0,228.0,205.25,222.5,2.625,2.0,6,0.4,2
2.0,0.01,0.5,Louisiana,169.1,129,302,169.0,2.9,3.0,4,0.0,0.0,269.44444444444446,289.0,462.7142857142857,516.0,431.0,431.0,0.2,0.0,1,0.5,1
0.5,0.25,0.5,Rhode Island,169.625,146,219,146.0,1.125,1.0,2,0.0,0.0,204.0,204.0,,,,,0.0,0.0,0,0.0,0
1.0,0.25,0.5,West Virginia,171.0,171,171,171.0,7.3,7.0,9,0.0,0.0,205.0,205.0,207.4,208.0,248.0,248.0,1.0,1.0,1,0.0,0
1.0,0.25,2.0,West Virginia,171.0,171,171,171.0,10.2,10.0,11,0.0,0.0,198.0,198.0,205.0,205.0,248.0,248.0,1.0,1.0,1,0.0,0
2.0,0.25,1.0,West Virginia,171.0,171,171,171.0,10.5,11.0,11,0.0,0.0,198.0,198.0,205.0,205.0,,,0.0,0.0,0,0.0,0
2.0,0.05,1.0,West Virginia,171.0,171,171,171.0,8.6,9.0,9,0.0,0.0,199.7,198.0,206.1,205.0,,,0.0,0.0,0,0.0,0
1.0,0.25,1.0,West Virginia,171.0,171,171,171.0,9.2,9.0,10,0.0,0.0,204.3,205.0,206.5,206.5,248.0,248.0,1.0,1.0,1,0.0,0
2.0,0.05,0.5,West Virginia,171.0,171,171,171.0,8.3,8.0,9,0.0,0.0,199.4,198.0,205.6,205.0,248.0,248.0,1.0,1.0,1,0.0,0
2.0,0.1,1.0,West Virginia,171.0,171,171,171.0,9.4,10.0,10,0.0,0.0,198.0,198.0,205.3,205.0,248.0,248.0,1.0,1.0,1,0.0,0
1.0,0.1,2.0,West Virginia,171.0,171,171,171.0,9.4,9.0,10,0.0,0.0,198.0,198.0,205.0,205.0,,,0.0,0.0,0,0.0,0
2.0,0.1,0.5,West Virginia,171.0,171,171,171.0,9.5,9.5,10,0.0,0.0,198.0,198.0,205.0,205.0,248.0,248.0,1.0,1.0,1,0.0,0
0.5,0.1,2.0,West Virginia,171.0,171,171,171.0,8.7,9.0,10,0.0,0.0,205.0,205.0,207.7,208.0,248.0,248.0,1.0,1.0,1,0.0,0
1.0,0.1,1.0,West Virginia,171.0,171,171,171.0,8.5,8.0,11,0.0,0.0,203.6,205.0,207.1,208.0,248.0,248.0,1.0,1.0,1,0.0,0
0.5,0.1,0.5,West Virginia,171.0,171,171,171.0,3.1,3.0,4,0.0,0.0,208.0,208.0,210.0,210.0,,,0.0,0.0,0,0.0,0
1.0,0.01,2.0,Arkansas,173.1,99,307,133.5,5.6,5.5,7,0.0,0.0,275.3,274.0,321.0,307.0,186.6,108.0,3.6,3.0,7,0.3,1
2.0,0.01,2.0,South Carolina,173.3,106,271,184.5,10.3,10.5,12,0.3,2.0,219.6,224.0,268.8,240.5,161.6,175.0,8.4,7.0,17,3.8,6
2.0,0.1,2.0,West Virginia,173.7,171,198,171.0,9.6,10.0,11,0.0,0.0,198.7,198.0,205.0,205.0,248.0,248.0,1.0,1.0,1,0.0,0
1.0,0.01,2.0,Louisiana,174.1,129,289,169.0,2.9,3.0,5,0.0,0.0,277.3333333333333,289.0,370.3333333333333,295.5,431.0,431.0,0.125,0.0,1,0.8,1
1.0,0.05,0.5,West Virginia,174.4,171,205,171.0,5.9,6.0,7,0.0,0.0,205.9,205.0,208.3,208.0,248.0,248.0,1.0,1.0,1,0.0,0
1.0,0.05,1.0,West Virginia,174.4,171,205,171.0,8.6,8.5,10,0.0,0.0,201.1,198.0,206.4,205.0,,,0.0,0.0,0,0.0,0
1.0,0.1,0.5,West Virginia,174.4,171,205,171.0,7.5,7.5,9,0.0,0.0,205.3,205.0,207.9,208.0,,,0.0,0.0,0,0.0,0
0.5,0.05,0.5,West Virginia,174.7,171,208,171.0,3.0,3.0,4,0.0,0.0,207.9,208.0,209.75,210.0,,,0.0,0.0,0,0.0,0
2.0,0.25,2.0,Rhode Island,175.0,146,204,175.0,3.0,3.0,3,0.0,0.0,229.5,229.0,246.3,244.0,,,0.0,0.0,0,0.0,0
1.0,0.01,0.5,Louisiana,175.0,109,289,169.0,1.5,1.5,2,0.0,0.0,288.8,289.0,,,,,0.0,0.0,0,0.0,0
0.5,0.25,1.0,Rhode Island,175.2,146,219,146.0,2.6,3.0,3,0.0,0.0,265.0,267.0,303.0,303.0,,,0.0,0.0,0,0.0,0
1.0,0.01,1.0,New Hampshire,176.3,48,347,184.0,5.3,5.5,7,0.0,0.0,252.7,229.0,289.5,246.0,94.0,94.0,1.0,1.0,1,0.0,0
ALL,ALL,ALL,West Virginia,176.69359331476323,50,536,171.0,6.757660167130919,8.0,11,0.0,0.0,212.01960784313727,205.0,232.96764705882353,208.0,247.475,248.0,1.0,1.0,1,0.0,0
0.5,0.01,2.0,South Carolina,176.8,108,232,183.0,7.7,8.0,9,0.3,1.0,208.2,209.5,241.1,242.0,180.8,215.0,4.7,5.0,8,1.3,3
2.0,0.01,1.0,Louisiana,177.2,109,289,169.0,2.7,3.0,4,0.0,0.0,345.44444444444446,289.0,488.6666666666667,539.5,431.0,431.0,0.25,0.0,1,0.3,1
0.5,0.05,2.0,West Virginia,177.8,171,205,171.0,7.8,8.0,9,0.0,0.0,205.6,205.0,208.4,208.0,248.0,248.0,1.0,1.0,1,0.0,0
2.0,0.05,2.0,West Virginia,179.1,171,198,171.0,8.5,8.5,9,0.0,0.0,200.1,198.0,205.9,205.0,248.0,248.0,1.0,1.0,1,0.0,0
2.0,0.01,2.0,Louisiana,180.4,109,289,169.0,3.2,3.0,4,0.0,0.0,330.6666666666667,289.0,490.44444444444446,534.0,431.0,431.0,0.42857142857142855,0.0,1,0.6,1
2.0,0.25,0.5,Rhode Island,181.0,146,219,175.0,3.0,3.0,3,0.0,0.0,228.5,239.0,253.2,244.0,,,0.0,0.0,0,0.0,0
2.0,0.01,1.0,South Carolina,181.5,131,217,184.5,10.0,10.0,11,0.1,1.0,216.7,218.0,258.0,271.0,195.6,218.5,6.1,5.5,10,2.6,5
1.0,0.05,2.0,West Virginia,182.5,171,205,171.0,8.4,8.0,10,0.0,0.0,201.1,198.0,206.4,205.0,,,0.0,0.0,0,0.0,0
1.0,0.25,1.0,Rhode Island,182.5,146,219,182.5,3.0,3.0,3,0.0,0.0,239.0,244.0,260.1,267.0,,,0.0,0.0,0,0.0,0
1.0,0.01,1.0,Mississippi,183.6,114,301,114.0,7.0,7.0,9,0.0,0.0,253.3,280.0,308.2,298.5,,,0.0,0.0,0,0.0,0
2.0,0.05,0.5,Maine,185.3,53,274,230.5,8.4,8.0,10,0.0,0.0,263.2,268.0,274.5,275.0,197.0,197.0,0.2,0.0,1,0.4,1
0.5,0.05,1.0,West Virginia,185.5,171,208,171.0,4.5,5.0,6,0.0,0.0,209.9,208.0,215.11111111111111,210.0,248.0,248.0,1.0,1.0,1,0.0,0
0.5,0.25,2.0,Rhode Island,186.8,146,219,204.0,3.0,3.0,3,0.0,0.0,234.0,241.5,255.5,255.5,,,0.0,0.0,0,0.0,0
2.0,0.1,0.5,Rhode Island,188.3,146,219,211.5,2.9,3.0,3,0.0,0.0,236.5,244.0,256.77777777777777,267.0,,,0.0,0.0,0,0.0,0
1.0,0.1,1.0,Rhode Island,188.3,146,219,211.5,3.0,3.0,3,0.0,0.0,240.5,244.0,260.1,267.0,,,0.0,0.0,0,0.0,0
1.0,0.01,0.5,South Carolina,188.8,156,232,185.0,5.8,6.0,7,0.2,1.0,229.9,229.5,256.1,241.5,246.9,218.0,3.7,3.0,9,1.1,2
1.0,0.01,1.0,Louisiana,189.0,129,289,169.0,2.1,2.0,4,0.0,0.0,355.85714285714283,289.0,432.3333333333333,474.0,431.0,431.0,0.3333333333333333,0.0,1,0.2,1
0.5,0.01,2.0,Louisiana,189.0,109,289,169.0,1.8888888888888888,2.0,3,0.0,0.0,244.5,288.5,243.5,243.5,431.0,431.0,0.16666666666666666,0.0,1,0.5555555555555556,1
0.5,0.01,0.5,West Virginia,190.55555555555554,171,208,205.0,2.3333333333333335,2.0,4,0.0,0.0,207.5,208.0,218.33333333333334,208.0,,,0.0,0.0,0,0.0,0
2.0,0.01,0.5,West Virginia,191.9,171,208,198.0,4.1,4.0,7,0.0,0.0,227.6,206.5,338.8888888888889,235.0,249.0,249.0,1.0,1.0,1,0.0,0
1.0,0.01,0.5,Mississippi,192.5,114,333,160.5,4.1,4.0,6,0.0,0.0,310.9,322.0,357.1,372.5,,,0.0,0.0,0,0.0,0
1.0,0.1,2.0,Rhode Island,192.6,146,219,204.0,3.0,3.0,3,0.0,0.0,232.0,241.5,255.5,255.5,,,0.0,0.0,0,0.0,0
1.0,0.1,0.5,Rhode Island,194.1,146,219,211.5,2.9,3.0,3,0.0,0.0,234.5,244.0,256.77777777777777,267.0,,,0.0,0.0,0,0.0,0
2.0,0.01,2.0,West Virginia,194.3,171,208,201.5,4.9,5.0,6,0.0,0.0,232.5,208.0,372.3,400.5,236.5,236.5,1.0,1.0,1,0.0,0
0.5,0.1,0.5,Rhode Island,194.66666666666666,146,219,219.0,1.1111111111111112,1.0,2,0.0,0.0,303.0,303.0,,,,,0.0,0.0,0,0.0,0
1.0,0.25,0.5,Rhode Island,195.6,146,219,219.0,3.0,3.0,3,0.0,0.0,240.5,244.0,260.1,267.0,,,0.0,0.0,0,0.0,0
1.0,0.25,2.0,Rhode Island,195.6,146,219,219.0,3.0,3.0,3,0.0,0.0,228.5,239.0,253.2,244.0,,,0.0,0.0,0,0.0,0
2.0,0.1,1.0,Rhode Island,195.6,146,219,219.0,3.0,3.0,3,0.0,0.0,241.5,244.0,264.7,267.0,,,0.0,0.0,0,0.0,0
0.5,0.1,1.0,Rhode Island,195.6,146,219,219.0,2.5,2.5,3,0.0,0.0,259.9,267.0,295.8,303.0,,,0.0,0.0,0,0.0,0
0.5,0.01,1.0,West Virginia,195.7,171,208,205.0,3.0,3.0,4,0.0,0.0,242.5,209.0,296.75,265.5,,,0.0,0.0,0,0.0,0
1.0,0.01,2.0,Mississippi,196.2,114,301,164.5,7.5,7.0,10,0.0,0.0,244.6,280.0,296.1,305.0,295.0,302.0,1.0,1.0,1,0.0,0
1.0,0.01,0.5,Arkansas,196.4,99,304,221.0,3.1,3.0,4,0.0,0.0,301.1,304.0,370.375,373.5,93.75,28.0,2.2222222222222223,2.0,6,0.1,1
1.0,0.05,1.0,Maine,196.7,53,274,254.0,7.5,7.5,9,0.0,0.0,268.2,274.0,277.1,275.0,61.0,61.0,0.25,0.0,1,0.3,1
1.0,0.05,0.5,Rhode Island,198.1,146,244,219.0,2.9,3.0,3,0.0,0.0,238.3,241.5,255.11111111111111,252.0,,,0.0,0.0,0,0.0,0
1.0,0.01,0.5,West Virginia,198.2,171,210,205.0,3.0,3.0,4,0.0,0.0,243.22222222222223,210.0,307.0,235.0,248.0,248.0,1.0,1.0,1,0.0,0
2.0,0.01,1.0,West Virginia,198.7,171,292,198.0,5.1,5.0,8,0.0,0.0,249.4,208.0,325.2,239.0,,,0.0,0.0,0,0.0,0
0.5,0.01,2.0,West Virginia,198.9,171,235,205.0,3.9,4.0,5,0.0,0.0,265.2,208.0,344.0,292.0,,,0.0,0.0,0,0.0,0
1.0,0.01,2.0,West Virginia,199.2,171,235,198.0,4.3,4.5,6,0.0,0.0,272.1,208.0,308.875,222.5,248.5,248.5,1.0,1.0,1,0.0,0
1.0,0.01,1.0,Arkansas,199.8,99,339,190.5,2.9,3.0,5,0.0,0.0,315.22222222222223,304.0,381.7142857142857,339.0,128.0,64.5,3.375,4.0,5,0.0,0
0.5,0.1,2.0,Rhode Island,201.4,146,219,219.0,2.9,3.0,3,0.0,0.0,238.5,244.0,259.3333333333333,267.0,,,0.0,0.0,0,0.0,0
2.0,0.05,1.0,Rhode Island,204.4,146,219,219.0,2.8,3.0,3,0.0,0.0,243.5,244.0,264.125,267.0,,,0.0,0.0,0,0.0,0
0.5,0.05,0.5,Rhode Island,204.4,146,219,219.0,1.5,1.5,2,0.0,0.0,303.0,303.0,,,,,0.0,0.0,0,0.0,0
ALL,ALL,ALL,Rhode Island,208.4119318181818,146,584,219.0,2.5,3.0,3,0.0,0.0,259.5032894736842,244.0,271.32142857142856,267.0,273.0,273.0,1.3333333333333333,1.0,2,0.0,0
2.0,0.1,2.0,Rhode Island,208.7,146,219,219.0,2.9,3.0,3,0.0,0.0,237.5,241.5,254.22222222222223,244.0,,,0.0,0.0,0,0.0,0
1.0,0.05,2.0,Rhode Island,211.2,146,244,219.0,3.0,3.0,3,0.0,0.0,241.3,244.0,294.1,267.0,,,0.0,0.0,0,0.0,0
0.5,0.01,0.5,Arkansas,212.2,99,460,99.0,1.2,1.0,2,0.0,0.0,213.0,213.0,,,103.33333333333333,104.0,2.75,3.0,5,0.2,1
1.0,0.05,1.0,Rhode Island,214.2,146,244,219.0,2.8,3.0,3,0.0,0.0,246.9,244.0,262.25,267.0,,,0.0,0.0,0,0.0,0
0.5,0.05,1.0,Rhode Island,217.5,204,219,219.0,2.3,2.0,3,0.0,0.0,246.33333333333334,244.0,267.0,267.0,,,0.0,0.0,0,0.0,0
2.0,0.05,0.5,Rhode Island,217.5,204,219,219.0,3.0,3.0,3,0.0,0.0,242.3,244.0,264.7,267.0,,,0.0,0.0,0,0.0,0
0.5,0.05,2.0,Rhode Island,219.0,219,219,219.0,2.9,3.0,3,0.0,0.0,243.5,244.0,264.44444444444446,267.0,,,0.0,0.0,0,0.0,0
2.0,0.05,2.0,Rhode Island,221.5,219,244,219.0,2.7,3.0,3,0.0,0.0,246.3,244.0,312.2857142857143,267.0,,,0.0,0.0,0,0.0,0
0.5,0.01,1.0,Arkansas,224.9,99,339,274.0,1.5,1.5,2,0.0,0.0,309.6,304.0,,,214.875,282.0,1.8,1.5,4,0.5,1
1.0,0.01,1.0,West Virginia,225.9,171,536,206.5,3.5,3.0,5,0.0,0.0,249.5,209.0,342.0,292.0,,,0.0,0.0,0,0.0,0
0.5,0.01,2.0,Rhode Island,229.3,219,252,219.0,2.3,2.0,3,0.0,0.0,286.1111111111111,244.0,346.25,267.0,273.0,273.0,1.5,1.5,2,0.0,0
1.0,0.01,2.0,Rhode Island,237.0,146,303,244.0,1.9,2.0,3,0.0,0.0,463.5,584.0,584.0,584.0,,,0.0,0.0,0,0.0,0
0.5,0.01,2.0,Arkansas,238.8,99,408,274.0,3.6,4.0,6,0.0,0.0,273.1111111111111,281.0,353.375,307.0,135.16666666666666,69.5,2.1666666666666665,2.0,4,0.1,1
1.0,0.01,1.0,Rhode Island,239.0,219,303,231.5,1.7,2.0,3,0.0,0.0,304.6666666666667,252.0,267.0,267.0,,,0.0,0.0,0,0.0,0
2.0,0.01,1.0,Rhode Island,239.7,219,252,244.0,2.0,2.0,3,0.0,0.0,347.55555555555554,267.0,403.0,403.0,,,0.0,0.0,0,0.0,0
0.5,0.01,1.0,Rhode Island,240.22222222222223,219,252,244.0,1.5555555555555556,2.0,2,0.0,0.0,259.4,267.0,,,273.0,273.0,1.0,1.0,1,0.0,0
0.5,0.01,2.0,Delaware,240.3,124,395,218.0,1.8,2.0,2,0.0,0.0,416.0,489.0,,,309.6666666666667,291.0,1.1666666666666667,1.0,2,0.0,0
1.0,0.01,0.5,Rhode Island,242.88888888888889,219,252,252.0,1.5555555555555556,1.0,3,0.0,0.0,257.5,259.5,267.0,267.0,,,0.0,0.0,0,0.0,0
0.5,0.01,0.5,Delaware,244.66666666666666,218,395,218.0,1.0,1.0,1,,,,,,,263.0,259.0,1.0,1.0,1,0.0,0
0.5,0.01,0.5,Rhode Island,246.14285714285714,219,252,252.0,1.2857142857142858,1.0,2,0.0,0.0,255.5,255.5,,,,,0.0,0.0,0,0.0,0
2.0,0.01,1.0,Delaware,249.7,218,395,218.0,1.9,2.0,3,0.0,0.0,453.75,489.0,427.0,427.0,296.7142857142857,291.0,1.1428571428571428,1.0,2,0.1,1
2.0,0.01,2.0,Maine,261.3,234,275,275.0,5.5,5.0,7,0.0,0.0,277.4,275.5,292.1,284.0,,,0.0,0.0,0,0.0,0
1.0,0.01,2.0,Maine,271.9,254,282,275.0,6.1,6.0,9,0.0,0.0,283.2,284.0,290.3,291.5,453.0,453.0,1.0,1.0,1,0.0,0
2.0,0.01,0.5,Delaware,272.6,124,395,229.0,2.0,2.0,3,0.0,0.0,388.125,401.0,403.0,403.0,336.6,291.0,1.2,1.0,2,0.0,0
1.0,0.01,1.0,Maine,272.9,254,282,275.0,6.1,6.0,7,0.0,0.0,281.9,283.0,288.5,290.0,,,0.0,0.0,0,0.0,0
2.0,0.01,1.0,Maine,273.2,262,279,275.0,6.0,6.5,8,0.1,1.0,280.5,279.5,288.2,284.0,,,0.0,0.0,0,0.2,1
1.0,0.01,0.5,Delaware,273.22222222222223,218,398,218.0,1.2222222222222223,1.0,2,0.0,0.0,413.0,413.0,,,313.4,291.0,1.1666666666666667,1.0,2,0.1111111111111111,1
2.0,0.01,2.0,Rhode Island,273.7,219,584,248.0,2.1,2.0,3,0.0,0.0,392.44444444444446,267.0,418.0,418.0,,,0.0,0.0,0,0.0,0
1.0,0.01,0.5,Maine,274.0,262,279,275.0,5.9,6.0,8,0.1,1.0,280.8,280.5,292.4,287.0,,,0.0,0.0,0,0.1,1
0.5,0.01,1.0,Maine,275.0,275,275,275.0,5.4,5.5,7,0.0,0.0,287.5,284.0,298.9,291.5,,,0.0,0.0,0,0.0,0
2.0,0.01,0.5,Maine,275.3,264,284,275.0,5.9,6.0,7,0.0,0.0,280.1,279.0,291.6,287.0,,,0.0,0.0,0,0.1,1
2.0,0.01,0.5,Rhode Island,276.2,219,584,248.0,1.8,2.0,3,0.0,0.0,313.5,267.0,584.0,584.0,,,0.0,0.0,0,0.0,0
0.5,0.01,2.0,Maine,277.6,275,293,275.0,6.5,6.5,8,0.0,0.0,281.4,280.5,296.1,290.0,,,0.0,0.0,0,0.1,1
2.0,0.01,2.0,Delaware,279.4,218,369,263.5,2.4,2.0,3,0.0,0.0,446.5,445.0,489.0,489.0,319.0,311.0,1.25,1.0,2,0.0,0
0.5,0.01,0.5,Maine,282.8888888888889,262,335,275.0,3.2222222222222223,3.0,5,0.0,0.0,299.75,288.5,316.2857142857143,313.0,,,0.0,0.0,0,0.0,0
0.5,0.01,1.0,Delaware,288.75,218,398,253.0,1.125,1.0,2,0.0,0.0,401.0,401.0,,,328.3333333333333,347.0,1.0,1.0,1,0.0,0
1.0,0.01,1.0,Delaware,292.3,124,395,334.5,1.9,2.0,2,0.0,0.0,401.22222222222223,425.0,,,243.0,243.0,2.0,2.0,3,0.0,0
1.0,0.01,2.0,Delaware,302.6,218,369,328.5,2.0,2.0,3,0.0,0.0,462.75,458.0,447.0,447.0,288.3333333333333,275.0,2.0,2.0,3,0.0,0
