alpha,beta,gamma,state,mean_first_intro_day,earliest_first_intro_day,latest_first_intro_day,median_first_intro_day,mean_intro_count,median_intro_count,max_intro_count,mean_cumu_before_second_intro,max_cumu_before_second_intro,mean_intro_day_2,median_intro_day_2,mean_intro_day_3,median_intro_day_3,mean_first_export_day,median_first_export_day,mean_export_count,median_export_count,max_export_count,mean_total_cumu_cases,max_total_cumu_cases
1.0,0.05,1.0,Arizona,28.0,28,28,28.0,7.5,7.5,9,2.2,4.0,46.2,47.0,56.5,50.0,39.0,38.0,9.4,9.5,12,3.5,5
0.5,0.05,0.5,Arizona,28.0,28,28,28.0,7.3,7.0,8,2.1,4.0,46.0,46.0,65.7,61.0,33.0,28.0,4.5,4.5,6,3.6,5
2.0,0.05,1.0,Arizona,28.0,28,28,28.0,7.2,7.0,9,2.0,3.0,43.6,42.0,52.7,50.0,45.0,48.0,8.9,9.0,12,3.8,5
2.0,0.1,2.0,New Mexico,28.0,28,28,28.0,11.6,12.0,12,3.1,4.0,39.0,39.0,58.3,57.0,28.0,28.0,52.0,52.0,55,4.4,6
2.0,0.1,0.5,Arizona,28.0,28,28,28.0,6.5,6.5,7,2.7,4.0,43.6,42.0,53.3,50.0,39.6,39.0,7.6,8.0,10,4.5,5
0.5,0.1,0.5,Arizona,28.0,28,28,28.0,6.5,6.5,7,2.7,4.0,43.6,42.0,55.2,50.0,40.2,39.0,4.6,4.5,7,4.5,5
1.0,0.1,2.0,Arizona,28.0,28,28,28.0,6.4,6.0,7,3.1,4.0,46.0,46.0,61.6,51.5,32.2,28.0,8.8,8.5,11,4.6,5
1.0,0.05,2.0,New Mexico,28.0,28,28,28.0,10.5,10.0,12,2.9,4.0,38.7,39.0,57.3,57.0,28.0,28.0,51.0,51.5,56,4.7,6
1.0,0.1,0.5,Arizona,28.0,28,28,28.0,6.3,6.0,7,2.8,4.0,42.8,42.0,52.2,50.0,35.2,28.0,6.1,6.0,7,4.7,5
1.0,0.1,1.0,Arizona,28.0,28,28,28.0,6.3,6.0,7,3.0,4.0,44.4,42.0,52.9,50.0,40.4,39.0,8.3,8.0,12,4.7,5
2.0,0.1,1.0,Arizona,28.0,28,28,28.0,6.2,6.0,7,2.9,3.0,42.8,42.0,50.0,50.0,42.2,48.0,8.3,8.5,10,4.8,5
0.5,0.1,1.0,Arizona,28.0,28,28,28.0,6.2,6.0,7,3.2,4.0,45.2,42.0,57.4,50.0,43.0,48.0,6.2,6.0,7,4.8,5
2.0,0.1,2.0,Arizona,28.0,28,28,28.0,6.2,6.0,7,3.0,4.0,43.6,42.0,51.3,50.0,36.6,30.0,9.1,9.0,11,4.8,5
1.0,0.1,1.0,New Mexico,28.0,28,28,28.0,10.5,10.5,11,3.2,4.0,39.0,39.0,57.8,57.0,28.0,28.0,51.3,51.0,55,4.8,6
0.5,0.25,1.0,Arizona,28.0,28,28,28.0,6.0,6.0,6,3.0,3.0,42.0,42.0,50.0,50.0,37.2,30.0,5.9,6.0,7,5.0,5
1.0,0.25,0.5,Arizona,28.0,28,28,28.0,6.0,6.0,6,3.0,3.0,42.0,42.0,50.0,50.0,39.0,39.0,5.9,6.0,7,5.0,5
1.0,0.25,2.0,Arizona,28.0,28,28,28.0,6.0,6.0,6,3.1,4.0,42.8,42.0,53.9,50.0,35.2,30.0,7.3,7.0,8,5.0,5
2.0,0.25,1.0,Arizona,28.0,28,28,28.0,6.0,6.0,6,3.1,4.0,42.8,42.0,51.3,50.0,37.2,30.0,6.6,6.5,8,5.0,5
0.5,0.25,2.0,Arizona,28.0,28,28,28.0,6.0,6.0,6,3.0,3.0,42.0,42.0,50.0,50.0,38.8,39.0,7.5,7.5,10,5.0,5
0.5,0.25,0.5,Arizona,28.0,28,28,28.0,6.0,6.0,6,3.1,4.0,42.8,42.0,53.9,50.0,37.0,30.0,4.7,5.0,6,5.0,5
1.0,0.25,1.0,Arizona,28.0,28,28,28.0,6.0,6.0,6,3.1,4.0,42.8,42.0,53.9,50.0,40.8,48.0,7.3,7.0,8,5.0,5
1.0,0.25,1.0,New Mexico,28.0,28,28,28.0,10.5,10.0,12,2.8,4.0,38.3,39.0,47.8,48.0,28.0,28.0,54.3,54.5,58,5.0,7
2.0,0.25,2.0,Arizona,28.0,28,28,28.0,6.0,6.0,6,3.1,4.0,42.8,42.0,51.3,50.0,39.0,39.0,7.0,7.0,8,5.0,5
2.0,0.25,2.0,New Mexico,28.0,28,28,28.0,11.0,11.0,12,3.5,4.0,38.6,39.0,57.0,56.0,28.0,28.0,54.1,53.5,59,5.0,6
2.0,0.25,0.5,Arizona,28.0,28,28,28.0,6.0,6.0,6,3.0,3.0,42.0,42.0,50.0,50.0,39.0,39.0,7.0,7.0,9,5.0,5
2.0,0.05,2.0,New Mexico,28.0,28,28,28.0,10.9,11.0,12,3.2,4.0,39.0,39.0,60.9,57.0,28.0,28.0,47.7,48.0,49,5.0,6
2.0,0.1,1.0,New Mexico,28.0,28,28,28.0,10.5,10.5,11,3.0,3.0,39.0,39.0,56.0,57.0,28.0,28.0,52.1,51.5,58,5.0,6
1.0,0.05,1.0,New Mexico,28.0,28,28,28.0,9.7,10.0,11,3.1,4.0,39.0,39.0,58.6,57.0,28.0,28.0,49.0,49.0,51,5.1,7
2.0,0.1,0.5,New Mexico,28.0,28,28,28.0,10.2,10.0,11,3.1,4.0,38.9,39.0,57.6,57.0,28.0,28.0,52.7,52.5,56,5.1,6
1.0,0.05,0.5,New Mexico,28.0,28,28,28.0,9.0,9.0,10,3.0,3.0,39.3,39.0,58.7,57.0,28.0,28.0,44.6,44.5,51,5.2,6
2.0,0.05,1.0,New Mexico,28.0,28,28,28.0,9.9,10.0,11,3.3,5.0,42.5,39.0,63.0,57.0,28.0,28.0,47.5,47.0,56,5.3,7
2.0,0.25,1.0,New Mexico,28.0,28,28,28.0,10.3,10.0,11,3.1,4.0,38.6,39.0,52.4,48.0,28.0,28.0,54.8,54.0,60,5.5,6
0.5,0.05,0.5,New Mexico,28.0,28,28,28.0,8.6,9.0,10,3.2,4.0,39.3,39.0,62.5,57.0,28.0,28.0,42.4,43.0,47,5.5,7
1.0,0.25,2.0,New Mexico,28.0,28,28,28.0,9.9,10.0,11,3.3,4.0,39.0,39.0,55.8,48.0,28.0,28.0,54.9,54.0,60,5.6,6
2.0,0.25,0.5,New Mexico,28.0,28,28,28.0,10.2,10.0,11,3.1,4.0,38.7,39.0,48.7,48.0,28.0,28.0,55.2,54.5,60,5.6,7
0.5,0.1,1.0,New Mexico,28.0,28,28,28.0,9.4,9.5,10,3.0,4.0,38.9,39.0,55.9,57.0,28.0,28.0,47.7,48.0,51,5.6,6
0.5,0.1,0.5,New Mexico,28.0,28,28,28.0,9.0,9.0,11,3.1,4.0,38.8,39.0,56.9,57.0,28.0,28.0,44.6,45.0,48,5.6,7
0.5,0.05,1.0,New Mexico,28.0,28,28,28.0,8.6,8.5,10,3.1,4.0,39.0,39.0,61.3,57.0,28.0,28.0,44.4,45.0,49,5.7,7
1.0,0.1,0.5,New Mexico,28.0,28,28,28.0,8.7,9.0,10,3.1,4.0,39.0,39.0,57.5,56.5,28.0,28.0,49.9,50.0,54,5.8,7
1.0,0.1,2.0,New Mexico,28.0,28,28,28.0,9.9,10.0,11,3.6,4.0,39.0,39.0,63.9,64.0,28.0,28.0,52.6,53.0,55,5.8,7
0.5,0.25,0.5,New Mexico,28.0,28,28,28.0,8.9,9.0,10,3.4,4.0,38.6,39.0,55.0,56.0,28.0,28.0,46.4,47.0,50,6.1,7
0.5,0.1,2.0,New Mexico,28.0,28,28,28.0,9.4,9.0,11,3.0,4.0,38.6,39.0,55.1,57.0,28.0,28.0,50.1,50.0,55,6.1,7
1.0,0.25,0.5,New Mexico,28.0,28,28,28.0,9.0,9.0,11,3.1,4.0,38.4,39.0,47.8,48.0,28.0,28.0,52.5,53.5,58,6.6,8
0.5,0.25,1.0,New Mexico,28.0,28,28,28.0,9.0,9.0,10,3.1,4.0,38.8,39.0,51.4,48.0,28.0,28.0,51.0,52.0,53,6.7,8
0.5,0.25,2.0,New Mexico,28.0,28,28,28.0,9.0,9.0,10,3.3,4.0,38.7,39.0,51.4,48.0,28.0,28.0,52.2,52.5,56,6.9,8
0.5,0.01,0.5,Texas,28.0,28,28,28.0,31.1,31.0,37,0.0,0.0,28.0,28.0,28.0,28.0,30.6,28.0,42.0,41.5,53,14.2,19
0.5,0.05,0.5,Texas,28.0,28,28,28.0,48.6,49.0,53,0.0,0.0,28.0,28.0,28.0,28.0,28.0,28.0,64.4,65.5,71,16.7,20
0.5,0.1,0.5,Texas,28.0,28,28,28.0,50.5,50.5,52,0.0,0.0,28.0,28.0,28.0,28.0,28.0,28.0,67.9,69.5,72,18.1,20
0.5,0.01,1.0,Texas,28.0,28,28,28.0,40.9,40.5,44,0.0,0.0,28.0,28.0,28.0,28.0,29.8,28.0,55.7,57.0,63,18.2,24
0.5,0.25,0.5,Texas,28.0,28,28,28.0,53.5,53.5,56,0.0,0.0,28.0,28.0,28.0,28.0,28.0,28.0,69.3,69.5,73,21.0,22
0.5,0.05,1.0,Texas,28.0,28,28,28.0,54.3,54.0,58,0.0,0.0,28.0,28.0,28.0,28.0,28.0,28.0,77.5,77.5,84,22.5,25
1.0,0.01,0.5,Texas,28.0,28,28,28.0,42.1,41.5,54,0.0,0.0,28.0,28.0,28.0,28.0,31.0,31.0,63.3,62.0,75,22.8,28
0.5,0.1,1.0,Texas,28.0,28,28,28.0,57.6,58.5,61,0.0,0.0,28.0,28.0,28.0,28.0,28.0,28.0,85.3,84.5,95,23.3,29
0.5,0.01,2.0,Texas,28.0,28,28,28.0,48.0,48.5,57,0.0,0.0,28.0,28.0,28.0,28.0,31.0,31.0,64.0,64.5,70,23.4,32
1.0,0.01,1.0,Texas,28.0,28,28,28.0,49.1,49.0,54,0.0,0.0,28.0,28.0,28.0,28.0,29.8,28.0,67.8,67.0,77,24.3,32
1.0,0.05,0.5,Texas,28.0,28,28,28.0,56.5,57.0,59,0.0,0.0,28.0,28.0,28.0,28.0,28.0,28.0,84.1,83.0,92,25.3,33
0.5,0.25,1.0,Texas,28.0,28,28,28.0,58.4,59.5,61,0.0,0.0,28.0,28.0,28.0,28.0,28.0,28.0,84.5,84.5,90,26.3,30
1.0,0.1,0.5,Texas,28.0,28,28,28.0,59.2,59.0,64,0.0,0.0,28.0,28.0,28.0,28.0,28.0,28.0,86.7,87.5,95,26.7,30
1.0,0.25,0.5,Texas,28.0,28,28,28.0,63.3,63.0,68,0.0,0.0,28.0,28.0,28.0,28.0,28.0,28.0,89.1,89.5,97,26.8,29
2.0,0.01,0.5,Texas,28.0,28,28,28.0,50.1,50.5,57,0.0,0.0,28.0,28.0,28.0,28.0,30.3,28.0,79.8,78.5,93,27.5,35
ALL,ALL,ALL,Texas,28.0,28,28,28.0,57.833333333333336,60.0,74,0.0,0.0,28.0,28.0,28.0,28.0,28.566666666666666,28.0,87.55,89.0,119,27.591666666666665,40
1.0,0.01,2.0,Texas,28.0,28,28,28.0,52.9,52.0,58,0.0,0.0,28.0,28.0,28.0,28.0,29.8,28.0,80.5,81.5,94,27.9,34
0.5,0.25,2.0,Texas,28.0,28,28,28.0,68.4,67.5,74,0.0,0.0,28.0,28.0,28.0,28.0,28.0,28.0,94.3,94.0,101,28.8,31
0.5,0.05,2.0,Texas,28.0,28,28,28.0,60.4,60.0,68,0.0,0.0,28.0,28.0,28.0,28.0,28.0,28.0,87.2,87.0,98,29.4,35
2.0,0.05,0.5,Texas,28.0,28,28,28.0,62.2,61.5,71,0.0,0.0,28.0,28.0,28.0,28.0,28.0,28.0,98.2,97.5,107,29.7,36
2.0,0.01,2.0,Texas,28.0,28,28,28.0,53.4,53.0,62,0.0,0.0,28.0,28.0,28.0,28.0,30.3,28.0,86.4,86.5,95,29.7,36
1.0,0.05,1.0,Texas,28.0,28,28,28.0,62.3,62.0,70,0.0,0.0,28.0,28.0,28.0,28.0,28.0,28.0,89.0,88.0,104,29.8,37
1.0,0.05,2.0,Texas,28.0,28,28,28.0,64.0,64.0,68,0.0,0.0,28.0,28.0,28.0,28.0,28.0,28.0,98.9,98.0,105,30.0,34
0.5,0.1,2.0,Texas,28.0,28,28,28.0,63.8,65.0,68,0.0,0.0,28.0,28.0,28.0,28.0,28.0,28.0,90.9,92.0,95,30.0,36
1.0,0.25,1.0,Texas,28.0,28,28,28.0,67.4,68.0,71,0.0,0.0,28.0,28.0,28.0,28.0,28.0,28.0,99.1,98.5,105,30.7,34
2.0,0.01,1.0,Texas,28.0,28,28,28.0,50.0,49.0,56,0.0,0.0,28.0,28.0,28.0,28.0,29.8,28.0,84.5,84.5,98,30.7,37
1.0,0.1,1.0,Texas,28.0,28,28,28.0,65.4,65.0,70,0.0,0.0,28.0,28.0,28.0,28.0,28.0,28.0,95.1,94.5,100,30.9,33
1.0,0.1,2.0,Texas,28.0,28,28,28.0,64.7,64.0,70,0.0,0.0,28.0,28.0,28.0,28.0,28.0,28.0,102.5,101.0,113,32.2,36
2.0,0.1,0.5,Texas,28.0,28,28,28.0,63.6,62.5,72,0.0,0.0,28.0,28.0,28.0,28.0,28.0,28.0,103.2,103.5,111,32.2,35
1.0,0.25,2.0,Texas,28.0,28,28,28.0,67.6,67.0,71,0.0,0.0,28.0,28.0,28.0,28.0,28.0,28.0,104.3,103.5,112,32.3,35
2.0,0.25,1.0,Texas,28.0,28,28,28.0,66.8,67.0,69,0.0,0.0,28.0,28.0,28.0,28.0,28.0,28.0,108.8,109.0,112,32.6,34
2.0,0.05,1.0,Texas,28.0,28,28,28.0,62.3,63.0,66,0.0,0.0,28.0,28.0,28.0,28.0,28.0,28.0,104.9,106.0,112,32.6,37
2.0,0.25,0.5,Texas,28.0,28,28,28.0,65.3,65.5,69,0.0,0.0,28.0,28.0,28.0,28.0,28.0,28.0,105.3,106.5,113,32.7,36
2.0,0.25,2.0,Texas,28.0,28,28,28.0,66.8,67.0,70,0.0,0.0,28.0,28.0,28.0,28.0,28.0,28.0,113.3,113.0,119,33.0,35
2.0,0.05,2.0,Texas,28.0,28,28,28.0,63.1,62.5,69,0.0,0.0,28.0,28.0,28.0,28.0,28.0,28.0,104.7,104.0,113,33.4,38
2.0,0.1,1.0,Texas,28.0,28,28,28.0,64.4,64.0,69,0.0,0.0,28.0,28.0,28.0,28.0,28.0,28.0,108.8,111.5,114,33.7,39
2.0,0.1,2.0,Texas,28.0,28,28,28.0,64.0,64.5,69,0.0,0.0,28.0,28.0,28.0,28.0,28.0,28.0,110.5,110.5,118,33.9,40
0.5,0.05,2.0,New Mexico,29.0,28,38,28.0,9.6,9.0,13,2.9,4.0,39.6,39.0,63.0,57.0,28.0,28.0,44.8,47.0,49,5.5,7
1.0,0.05,0.5,Arizona,29.4,28,42,28.0,7.1,7.0,10,2.5,4.0,45.7,44.5,60.8,50.0,36.0,28.0,6.3,6.0,9,3.9,5
2.0,0.05,0.5,New Mexico,29.4,28,42,28.0,10.8,11.0,11,2.8,4.0,39.5,39.0,57.5,57.0,28.0,28.0,47.5,48.5,54,4.3,5
0.5,0.1,2.0,Arizona,29.4,28,42,28.0,6.7,6.0,10,2.8,4.0,45.7,44.5,55.2,50.0,38.4,39.0,8.3,8.5,10,4.3,5
2.0,0.05,0.5,Arizona,29.9,28,47,28.0,7.3,7.0,10,2.3,3.0,47.6,50.0,64.8,60.0,34.0,28.0,9.6,10.0,13,3.7,5
1.0,0.05,2.0,Arizona,29.9,28,47,28.0,7.0,7.0,10,2.4,3.0,46.0,46.0,62.8,50.0,36.0,28.0,10.3,10.0,12,4.0,6
0.5,0.05,1.0,Arizona,29.9,28,47,28.0,6.9,6.5,10,2.9,4.0,48.4,50.0,67.3,63.0,32.0,28.0,5.6,5.5,7,4.1,5
ALL,ALL,ALL,New Mexico,30.32777777777778,28,71,28.0,9.516666666666667,10.0,14,2.761111111111111,7.0,43.13611111111111,39.0,62.263888888888886,57.0,28.0,28.0,44.56944444444444,48.0,60,5.219444444444444,8
0.5,0.25,1.0,Wisconsin,31.0,31,31,31.0,37.3,38.0,41,0.0,0.0,34.0,34.0,37.4,37.0,28.0,28.0,81.2,80.0,87,26.9,32
1.0,0.1,2.0,Wisconsin,31.0,31,31,31.0,36.7,37.5,39,0.0,0.0,34.0,34.0,38.3,37.0,28.0,28.0,85.4,84.0,99,27.4,31
1.0,0.25,1.0,Wisconsin,31.0,31,31,31.0,36.6,36.5,39,0.0,0.0,34.0,34.0,37.0,37.0,28.0,28.0,84.0,84.0,90,27.6,30
2.0,0.25,2.0,Wisconsin,31.0,31,31,31.0,36.6,36.0,40,0.0,0.0,34.3,34.0,37.2,37.0,28.0,28.0,81.2,81.5,88,27.8,31
2.0,0.25,0.5,Wisconsin,31.0,31,31,31.0,36.5,36.5,39,0.0,0.0,34.0,34.0,37.7,37.0,28.0,28.0,83.7,85.0,89,27.8,31
2.0,0.25,1.0,Wisconsin,31.0,31,31,31.0,36.7,37.5,40,0.0,0.0,34.0,34.0,37.0,37.0,28.0,28.0,81.2,79.5,89,28.0,32
1.0,0.1,1.0,Wisconsin,31.0,31,31,31.0,36.0,36.0,38,0.0,0.0,35.2,34.0,40.2,39.0,28.0,28.0,85.7,86.5,91,28.2,31
1.0,0.25,0.5,Wisconsin,31.0,31,31,31.0,35.6,35.0,40,0.0,0.0,34.0,34.0,37.0,37.0,28.0,28.0,82.7,81.5,100,28.3,32
0.5,0.1,2.0,Wisconsin,31.0,31,31,31.0,35.7,35.0,41,0.0,0.0,34.6,34.0,38.6,37.0,28.0,28.0,85.9,85.5,94,28.3,33
1.0,0.25,2.0,Wisconsin,31.0,31,31,31.0,36.0,36.0,38,0.0,0.0,34.3,34.0,37.7,37.0,28.0,28.0,85.3,86.0,91,28.4,31
2.0,0.1,2.0,Wisconsin,31.0,31,31,31.0,35.5,35.0,39,0.0,0.0,34.3,34.0,37.9,37.0,28.0,28.0,80.7,80.0,95,28.4,32
2.0,0.05,2.0,Wisconsin,31.0,31,31,31.0,35.3,35.0,38,0.3,2.0,36.9,35.5,43.6,44.0,28.0,28.0,80.4,78.0,90,28.5,32
2.0,0.1,1.0,Wisconsin,31.0,31,31,31.0,35.5,34.0,39,0.2,2.0,35.6,34.0,39.8,37.0,28.0,28.0,85.3,86.0,94,28.5,32
1.0,0.1,0.5,Wisconsin,31.0,31,31,31.0,35.5,35.0,38,0.0,0.0,34.6,34.0,38.6,37.0,28.0,28.0,80.7,79.5,90,28.5,32
0.5,0.25,2.0,Wisconsin,31.0,31,31,31.0,35.6,36.0,38,0.0,0.0,34.0,34.0,37.0,37.0,28.0,28.0,86.2,85.0,93,28.6,31
2.0,0.1,0.5,Wisconsin,31.0,31,31,31.0,35.1,35.0,39,0.2,2.0,35.6,34.0,40.5,39.0,28.0,28.0,82.8,83.0,94,29.0,33
0.5,0.05,0.5,Wisconsin,31.0,31,31,31.0,31.5,31.5,34,0.6,2.0,38.1,37.0,42.0,44.0,28.0,28.0,70.4,70.0,78,29.2,32
0.5,0.25,0.5,Wisconsin,31.0,31,31,31.0,33.5,33.0,36,0.0,0.0,34.3,34.0,37.2,37.0,28.0,28.0,76.9,76.0,88,29.4,33
1.0,0.05,1.0,Wisconsin,31.0,31,31,31.0,34.6,34.0,42,0.0,0.0,36.3,37.0,41.4,42.0,28.0,28.0,86.7,87.0,95,29.5,34
1.0,0.05,2.0,Wisconsin,31.0,31,31,31.0,34.1,33.5,38,0.4,2.0,37.5,37.0,43.9,44.0,28.0,28.0,81.9,81.0,90,29.6,35
0.5,0.05,1.0,Wisconsin,31.0,31,31,31.0,32.7,32.0,43,0.8,3.0,38.3,35.5,43.2,44.0,28.7,28.0,78.4,79.0,88,30.8,36
0.5,0.1,1.0,Wisconsin,31.0,31,31,31.0,33.1,34.0,35,0.0,0.0,34.3,34.0,41.2,44.0,28.0,28.0,82.6,84.5,93,31.0,34
0.5,0.1,0.5,Wisconsin,31.0,31,31,31.0,30.6,30.5,34,0.2,2.0,35.6,34.0,40.5,39.0,28.0,28.0,76.9,75.0,91,31.1,36
1.0,0.05,0.5,Wisconsin,31.6,31,37,31.0,34.8,35.0,41,0.7,2.0,39.4,38.0,44.8,44.0,28.0,28.0,79.4,80.5,86,28.5,36
0.5,0.05,2.0,Arizona,31.8,28,47,28.0,7.8,7.5,11,2.4,4.0,50.0,50.0,62.5,56.5,38.0,38.0,9.4,8.5,15,3.2,5
0.5,0.05,2.0,Wisconsin,31.8,31,39,31.0,34.4,34.0,38,0.3,2.0,38.6,37.0,43.5,44.0,28.0,28.0,84.5,86.5,95,29.4,32
ALL,ALL,ALL,Arizona,31.961111111111112,28,77,28.0,7.1194444444444445,7.0,11,2.1444444444444444,4.0,46.325,42.0,58.00277777777778,50.0,36.791666666666664,30.0,8.355555555555556,8.0,18,3.7555555555555555,6
0.5,0.05,0.5,Missouri,32.0,32,32,32.0,49.3,49.5,52,0.0,0.0,55.4,55.0,61.0,60.0,42.7,28.0,6.8,7.0,9,3.0,5
0.5,0.1,0.5,Missouri,32.0,32,32,32.0,54.2,55.0,58,0.0,0.0,50.8,52.0,55.6,56.0,28.0,28.0,10.3,9.5,14,4.1,7
0.5,0.05,0.5,Oklahoma,32.0,32,32,32.0,20.5,21.0,23,0.0,0.0,34.0,34.0,41.3,40.0,28.0,28.0,8.0,8.0,11,4.5,8
1.0,0.05,0.5,Missouri,32.0,32,32,32.0,65.7,65.0,68,0.0,0.0,54.6,56.0,61.4,60.0,28.0,28.0,8.3,8.0,11,4.6,7
0.5,0.05,1.0,Missouri,32.0,32,32,32.0,62.4,62.5,66,0.0,0.0,57.0,56.0,61.7,60.0,41.0,28.0,7.2,7.0,9,4.8,7
0.5,0.1,0.5,Oklahoma,32.0,32,32,32.0,21.9,22.0,24,0.0,0.0,33.8,34.0,39.6,40.0,28.0,28.0,9.0,9.0,11,5.1,9
0.5,0.05,1.0,Oklahoma,32.0,32,32,32.0,28.8,29.0,32,0.0,0.0,34.0,34.0,40.2,40.0,28.0,28.0,8.5,7.5,13,5.7,8
1.0,0.05,1.0,Missouri,32.0,32,32,32.0,69.5,70.0,72,0.0,0.0,52.1,54.0,60.1,60.0,31.3,28.0,8.9,8.0,13,5.8,8
0.5,0.1,1.0,Missouri,32.0,32,32,32.0,67.3,68.0,71,0.0,0.0,52.5,54.0,57.4,57.5,28.0,28.0,10.6,11.5,14,6.3,8
1.0,0.05,0.5,Oklahoma,32.0,32,32,32.0,34.3,34.5,37,0.0,0.0,34.0,34.0,40.9,40.0,28.0,28.0,10.7,10.0,14,6.4,9
0.5,0.25,0.5,Oklahoma,32.0,32,32,32.0,23.1,23.5,25,0.0,0.0,33.8,34.0,39.4,40.0,28.0,28.0,12.8,13.0,14,6.5,9
1.0,0.1,0.5,Missouri,32.0,32,32,32.0,69.4,70.0,72,0.0,0.0,52.7,54.0,56.6,56.0,28.0,28.0,10.5,11.0,13,7.0,9
0.5,0.25,0.5,Missouri,32.0,32,32,32.0,57.1,57.0,59,0.0,0.0,48.3,47.0,53.6,54.0,28.0,28.0,12.8,12.5,15,7.1,12
1.0,0.05,2.0,Missouri,32.0,32,32,32.0,72.0,72.5,73,0.0,0.0,57.5,56.0,63.7,63.0,28.0,28.0,10.9,10.5,16,7.2,10
1.0,0.1,1.0,Missouri,32.0,32,32,32.0,72.7,72.5,76,0.0,0.0,50.7,52.0,55.4,55.0,28.0,28.0,11.5,11.5,15,7.2,9
2.0,0.05,1.0,Missouri,32.0,32,32,32.0,72.7,73.5,75,0.0,0.0,56.5,56.0,60.5,60.0,31.3,28.0,9.9,10.0,12,7.6,12
0.5,0.1,1.0,Oklahoma,32.0,32,32,32.0,29.8,29.0,33,0.0,0.0,34.0,34.0,40.0,40.0,28.0,28.0,11.1,10.0,15,7.6,9
1.0,0.1,0.5,Oklahoma,32.0,32,32,32.0,36.5,36.0,40,0.0,0.0,34.0,34.0,40.0,40.0,28.0,28.0,15.0,15.5,18,7.9,10
0.5,0.25,1.0,Oklahoma,32.0,32,32,32.0,32.6,32.5,37,0.0,0.0,34.0,34.0,40.0,40.0,28.0,28.0,14.3,14.0,17,8.0,10
0.5,0.1,2.0,Missouri,32.0,32,32,32.0,71.7,72.0,76,0.0,0.0,51.3,54.0,56.2,56.0,32.4,28.0,13.0,14.0,17,8.0,12
2.0,0.05,2.0,Missouri,32.0,32,32,32.0,75.3,75.0,79,0.0,0.0,57.9,57.5,64.1,66.5,32.4,28.0,10.1,10.0,15,8.2,13
2.0,0.1,0.5,Missouri,32.0,32,32,32.0,74.0,74.5,78,0.0,0.0,49.5,52.0,54.9,56.0,28.0,28.0,11.9,12.0,16,8.2,13
0.5,0.1,2.0,Oklahoma,32.0,32,32,32.0,40.0,40.0,44,0.0,0.0,34.0,34.0,40.2,40.0,28.0,28.0,15.4,15.0,21,8.3,10
1.0,0.05,1.0,Oklahoma,32.0,32,32,32.0,38.2,39.0,41,0.0,0.0,34.0,34.0,40.8,40.0,28.0,28.0,13.1,12.5,18,8.8,12
2.0,0.1,1.0,Missouri,32.0,32,32,32.0,74.6,74.5,77,0.0,0.0,49.7,48.5,55.9,54.0,32.4,28.0,12.1,12.0,16,9.5,11
2.0,0.1,2.0,Missouri,32.0,32,32,32.0,78.0,78.5,80,0.0,0.0,54.5,56.0,57.7,57.0,28.0,28.0,12.1,12.0,15,9.6,12
1.0,0.1,2.0,Missouri,32.0,32,32,32.0,74.1,74.0,76,0.0,0.0,49.5,47.0,55.4,55.0,28.0,28.0,12.6,12.0,17,9.8,13
1.0,0.25,1.0,Oklahoma,32.0,32,32,32.0,42.2,42.0,45,0.0,0.0,34.0,34.0,40.0,40.0,28.0,28.0,17.1,17.0,19,9.9,12
1.0,0.1,1.0,Oklahoma,32.0,32,32,32.0,40.2,40.5,42,0.0,0.0,34.0,34.0,40.2,40.0,28.0,28.0,15.6,15.0,20,10.1,12
0.5,0.25,1.0,Missouri,32.0,32,32,32.0,69.9,70.0,74,0.0,0.0,44.8,44.5,51.9,54.0,28.0,28.0,13.6,13.5,16,10.2,14
1.0,0.25,0.5,Oklahoma,32.0,32,32,32.0,36.7,37.0,38,0.0,0.0,33.0,33.0,37.0,37.0,28.0,28.0,19.4,20.0,20,10.3,12
1.0,0.25,0.5,Missouri,32.0,32,32,32.0,69.2,69.0,72,0.0,0.0,46.9,47.0,52.3,54.0,28.0,28.0,13.8,13.0,16,10.4,14
0.5,0.25,2.0,Oklahoma,32.0,32,32,32.0,40.7,40.0,45,0.0,0.0,33.6,34.0,38.8,40.0,28.0,28.0,19.6,19.5,22,10.7,13
2.0,0.25,1.0,Missouri,32.0,32,32,32.0,76.1,76.5,79,0.0,0.0,47.4,47.0,51.0,50.0,28.0,28.0,14.6,14.5,17,10.8,14
0.5,0.25,2.0,Missouri,32.0,32,32,32.0,72.6,72.5,74,0.0,0.0,46.2,47.0,52.0,54.0,28.0,28.0,15.0,15.0,17,11.2,13
1.0,0.25,2.0,Missouri,32.0,32,32,32.0,74.9,74.0,80,0.0,0.0,49.4,47.0,52.8,54.0,28.0,28.0,15.2,15.0,18,11.6,15
1.0,0.25,1.0,Missouri,32.0,32,32,32.0,73.0,73.0,75,0.0,0.0,46.5,47.0,51.6,52.0,28.0,28.0,14.7,14.0,19,11.6,14
2.0,0.25,2.0,Missouri,32.0,32,32,32.0,79.2,79.5,82,0.0,0.0,48.1,47.0,53.0,54.0,28.0,28.0,17.4,17.5,19,11.8,15
2.0,0.25,0.5,Oklahoma,32.0,32,32,32.0,43.0,43.0,45,0.0,0.0,33.6,34.0,38.8,40.0,28.0,28.0,22.0,21.5,27,11.8,14
1.0,0.1,2.0,Oklahoma,32.0,32,32,32.0,42.3,42.0,45,0.0,0.0,33.8,34.0,39.6,40.0,28.0,28.0,18.5,18.0,22,11.8,14
2.0,0.1,0.5,Oklahoma,32.0,32,32,32.0,40.7,41.0,44,0.0,0.0,34.0,34.0,40.2,40.0,28.0,28.0,19.6,20.0,26,11.8,15
1.0,0.25,2.0,Oklahoma,32.0,32,32,32.0,43.4,43.5,45,0.0,0.0,33.6,34.0,38.8,40.0,28.0,28.0,20.7,21.0,24,12.1,15
2.0,0.25,0.5,Missouri,32.0,32,32,32.0,74.6,74.5,77,0.0,0.0,48.5,47.0,54.0,54.0,28.0,28.0,14.8,15.0,18,12.2,14
1.0,0.05,2.0,Oklahoma,32.0,32,32,32.0,40.3,41.0,42,0.0,0.0,34.0,34.0,40.4,40.0,28.0,28.0,14.1,14.0,19,12.3,15
2.0,0.05,1.0,Oklahoma,32.0,32,32,32.0,40.3,41.0,43,0.0,0.0,34.0,34.0,42.0,41.0,28.0,28.0,16.1,16.0,18,12.9,16
2.0,0.1,1.0,Oklahoma,32.0,32,32,32.0,42.5,43.0,44,0.0,0.0,34.0,34.0,40.0,40.0,28.0,28.0,17.5,17.5,21,12.9,16
2.0,0.25,1.0,Idaho,32.0,30,38,30.0,15.8,15.5,18,2.5,7.0,38.4,37.0,41.7,42.5,28.0,28.0,37.8,37.5,42,13.0,16
2.0,0.25,2.0,Oklahoma,32.0,32,32,32.0,43.0,43.0,46,0.0,0.0,33.6,34.0,38.8,40.0,28.0,28.0,25.1,25.5,27,13.0,15
2.0,0.25,1.0,Oklahoma,32.0,32,32,32.0,43.0,43.0,46,0.0,0.0,33.8,34.0,39.4,40.0,28.0,28.0,21.1,22.0,24,13.4,16
2.0,0.1,2.0,Oklahoma,32.0,32,32,32.0,40.9,41.0,43,0.0,0.0,34.0,34.0,40.0,40.0,28.0,28.0,21.7,22.0,25,13.9,16
2.0,0.05,2.0,Oklahoma,32.0,32,32,32.0,39.6,39.5,43,0.0,0.0,34.0,34.0,41.3,40.0,28.0,28.0,17.1,17.5,22,14.0,16
0.5,0.05,2.0,Oklahoma,32.2,32,34,32.0,37.8,38.0,42,0.0,0.0,35.3,34.0,41.0,40.0,28.0,28.0,12.8,12.5,17,7.8,12
2.0,0.05,0.5,Oklahoma,32.2,32,34,32.0,40.6,40.5,44,0.0,0.0,35.3,34.0,41.9,40.0,29.6,28.0,13.1,13.5,18,10.6,13
2.0,0.05,1.0,Wisconsin,32.3,31,44,31.0,34.6,35.0,40,0.5,3.0,38.1,37.0,43.6,44.0,28.0,28.0,82.5,84.0,91,29.4,37
1.0,0.25,2.0,Idaho,32.4,30,38,30.0,15.6,15.5,18,1.8,7.0,38.8,38.0,43.6,44.0,28.0,28.0,38.6,40.0,43,13.1,15
2.0,0.05,0.5,Wisconsin,32.6,31,44,31.0,35.6,37.0,40,0.8,2.0,39.9,40.5,44.5,45.0,28.0,28.0,76.9,76.5,90,28.3,34
0.5,0.01,1.0,Oklahoma,32.8,32,34,32.0,20.9,21.0,25,0.0,0.0,46.6,43.5,57.0,56.5,28.0,28.0,5.9,6.0,10,2.3,5
1.0,0.05,0.5,North Dakota,33.0,33,33,33.0,15.8,16.0,17,0.0,0.0,52.2,52.0,60.3,61.0,60.0,55.0,6.4,6.5,9,0.8,2
1.0,0.05,2.0,North Dakota,33.0,33,33,33.0,20.7,21.0,23,0.0,0.0,53.8,52.0,63.0,61.0,61.8,46.0,7.8,8.5,10,1.2,3
0.5,0.05,0.5,North Dakota,33.0,33,33,33.0,14.2,14.5,16,0.0,0.0,51.4,52.0,60.2,61.0,55.0,55.0,4.7,4.5,7,1.2,2
0.5,0.1,0.5,North Dakota,33.0,33,33,33.0,14.9,15.0,16,0.0,0.0,50.5,52.0,60.1,61.0,46.9,46.0,6.1,5.5,9,1.4,2
0.5,0.25,0.5,North Dakota,33.0,33,33,33.0,17.2,17.5,19,0.0,0.0,41.5,37.0,52.5,52.0,41.6,46.0,7.1,7.0,9,1.5,3
0.5,0.1,1.0,North Dakota,33.0,33,33,33.0,17.1,17.0,20,0.0,0.0,50.5,52.0,58.7,61.0,53.7,46.0,5.9,6.0,8,1.5,3
0.5,0.05,1.0,North Dakota,33.0,33,33,33.0,15.5,16.0,17,0.0,0.0,53.8,52.0,61.7,61.0,58.7,55.0,4.9,4.5,8,1.6,3
1.0,0.05,1.0,North Dakota,33.0,33,33,33.0,18.3,18.0,21,0.0,0.0,47.5,52.0,58.3,61.0,58.1,46.0,8.2,8.0,10,1.6,3
2.0,0.1,0.5,North Dakota,33.0,33,33,33.0,19.6,19.5,24,0.0,0.0,49.0,52.0,57.8,61.0,47.8,46.0,12.1,11.5,15,1.6,3
1.0,0.1,1.0,North Dakota,33.0,33,33,33.0,19.8,20.0,21,0.0,0.0,50.5,52.0,57.3,57.5,49.6,46.0,9.7,10.0,11,1.6,3
0.5,0.25,2.0,North Dakota,33.0,33,33,33.0,21.6,21.5,24,0.0,0.0,49.0,52.0,55.7,54.0,46.0,46.0,9.0,9.0,11,1.7,3
1.0,0.1,0.5,North Dakota,33.0,33,33,33.0,16.9,17.0,20,0.0,0.0,50.5,52.0,60.1,61.0,46.0,46.0,7.8,8.0,9,1.7,4
2.0,0.05,1.0,North Dakota,33.0,33,33,33.0,21.1,21.0,23,0.0,0.0,52.0,52.0,60.3,61.0,53.7,46.0,8.9,9.0,11,1.8,3
2.0,0.25,0.5,North Dakota,33.0,33,33,33.0,21.3,21.0,23,0.0,0.0,44.5,44.5,53.7,53.0,47.8,46.0,13.4,14.0,16,1.8,4
1.0,0.25,0.5,North Dakota,33.0,33,33,33.0,18.5,18.0,21,0.0,0.0,50.5,52.0,58.0,61.0,44.2,46.0,8.7,9.0,10,2.0,3
1.0,0.25,2.0,North Dakota,33.0,33,33,33.0,21.7,21.5,23,0.0,0.0,47.5,52.0,56.9,57.5,46.0,46.0,11.5,11.0,13,2.0,3
1.0,0.1,2.0,North Dakota,33.0,33,33,33.0,20.8,21.0,23,0.0,0.0,49.0,52.0,59.2,61.0,58.1,64.0,9.6,9.5,12,2.0,4
2.0,0.05,2.0,North Dakota,33.0,33,33,33.0,21.0,21.0,24,0.0,0.0,52.9,52.0,60.4,61.0,60.0,64.0,8.9,8.5,11,2.1,4
0.5,0.1,2.0,North Dakota,33.0,33,33,33.0,18.8,19.0,21,0.0,0.0,47.5,52.0,58.3,61.0,42.4,46.0,7.3,8.0,9,2.1,4
1.0,0.25,1.0,North Dakota,33.0,33,33,33.0,21.1,21.0,22,0.0,0.0,44.5,44.5,53.6,53.0,46.0,46.0,10.8,11.5,13,2.3,4
0.5,0.25,1.0,North Dakota,33.0,33,33,33.0,18.7,19.0,21,0.0,0.0,47.5,52.0,55.4,57.5,43.4,46.0,8.1,8.0,10,2.4,4
2.0,0.1,2.0,North Dakota,33.0,33,33,33.0,21.6,21.0,24,0.0,0.0,52.0,52.0,60.3,61.0,55.0,55.0,11.4,12.0,13,2.4,3
2.0,0.1,1.0,North Dakota,33.0,33,33,33.0,20.9,21.0,23,0.0,0.0,52.0,52.0,60.3,61.0,50.5,46.0,10.5,10.5,13,2.8,5
2.0,0.25,2.0,North Dakota,33.0,33,33,33.0,22.4,23.0,24,0.0,0.0,46.0,52.0,55.2,57.5,45.2,46.0,13.5,13.5,15,3.0,5
0.5,0.1,1.0,Nebraska,33.0,33,33,33.0,32.2,32.5,36,0.0,0.0,47.6,47.5,50.4,51.0,260.0,260.0,0.5,0.5,1,3.2,5
0.5,0.25,1.0,Nebraska,33.0,33,33,33.0,32.4,32.5,35,0.0,0.0,45.5,45.0,48.4,49.0,260.0,260.0,0.8,1.0,1,3.5,6
1.0,0.1,0.5,Nebraska,33.0,33,33,33.0,33.4,33.5,35,0.0,0.0,47.5,47.5,49.8,50.0,200.75,233.5,0.4,0.0,1,3.5,6
2.0,0.25,1.0,North Dakota,33.0,33,33,33.0,21.4,21.5,22,0.0,0.0,40.0,37.0,51.6,52.0,48.8,46.0,12.9,13.0,14,3.6,6
1.0,0.25,0.5,Nebraska,33.0,33,33,33.0,34.0,34.0,37,0.0,0.0,46.0,45.0,49.0,49.0,260.0,260.0,0.8,1.0,1,3.7,6
0.5,0.25,0.5,Nebraska,33.0,33,33,33.0,26.5,27.0,29,0.0,0.0,45.0,45.0,46.6,45.0,,,0.0,0.0,0,3.8,7
0.5,0.1,0.5,Nebraska,33.0,33,33,33.0,25.8,26.0,28,0.0,0.0,46.5,45.0,49.3,49.0,110.0,110.0,0.1,0.0,1,4.2,7
1.0,0.25,1.0,Nebraska,33.0,33,33,33.0,45.6,45.5,47,0.0,0.0,45.4,45.0,47.1,47.0,252.0,252.0,0.5,0.0,2,6.8,8
0.5,0.25,2.0,Nebraska,33.0,33,33,33.0,44.5,44.5,47,0.0,0.0,45.0,45.0,48.6,49.0,288.0,288.0,0.1,0.0,1,6.9,9
2.0,0.05,2.0,Nebraska,33.0,33,33,33.0,46.9,46.0,50,0.0,0.0,50.8,50.5,53.1,53.0,162.2,214.5,3.1,2.5,7,7.7,9
1.0,0.1,2.0,Nebraska,33.0,33,33,33.0,47.9,48.0,49,0.0,0.0,48.3,49.5,50.3,51.0,252.0,252.0,0.9,1.0,2,7.8,10
1.0,0.25,2.0,Nebraska,33.0,33,33,33.0,49.2,49.0,53,0.0,0.0,45.0,45.0,48.6,49.0,252.0,252.0,0.7,1.0,1,8.4,12
2.0,0.1,2.0,Nebraska,33.0,33,33,33.0,48.3,48.0,51,0.0,0.0,47.4,47.0,50.0,49.5,196.3,222.0,2.2,2.0,4,8.4,10
2.0,0.25,0.5,Nebraska,33.0,33,33,33.0,48.6,49.0,51,0.0,0.0,45.5,45.0,48.0,49.0,252.0,252.0,1.0,1.0,2,8.6,11
2.0,0.25,1.0,Nebraska,33.0,33,33,33.0,48.3,48.0,52,0.0,0.0,45.1,45.0,47.2,47.0,222.0,222.0,1.5,1.5,2,10.2,13
2.0,0.25,2.0,Nebraska,33.0,33,33,33.0,49.4,50.0,52,0.0,0.0,45.5,45.0,48.0,49.0,222.0,222.0,2.0,2.0,2,10.2,13
2.0,0.25,2.0,Idaho,33.1,30,38,32.0,15.5,16.0,18,1.8,7.0,38.7,38.0,42.8,44.0,28.0,28.0,38.1,38.0,44,12.8,16
1.0,0.01,2.0,Oklahoma,33.2,32,34,34.0,32.8,33.0,39,0.0,0.0,49.1,52.0,59.8,63.0,28.0,28.0,10.8,10.0,16,6.9,12
0.5,0.25,0.5,Idaho,33.2,30,38,32.0,12.9,13.0,15,1.1,6.0,37.5,37.5,41.4,41.0,28.0,28.0,30.7,30.0,36,12.0,14
0.5,0.25,1.0,Idaho,33.2,30,38,30.0,16.0,16.0,18,1.3,6.0,38.5,38.0,43.8,44.0,28.0,28.0,34.3,34.5,38,12.1,13
ALL,ALL,ALL,Oklahoma,33.391666666666666,32,72,32.0,34.608333333333334,37.0,46,0.002777777777777778,1.0,38.28333333333333,34.0,44.96666666666667,40.0,28.575,28.0,14.11111111111111,14.0,27,8.802777777777777,16
2.0,0.25,0.5,Michigan,33.5,33,34,33.5,37.1,37.0,42,0.0,0.0,34.7,34.5,37.0,36.0,49.5,50.0,19.0,18.5,22,26.2,30
1.0,0.25,1.0,Idaho,33.6,30,38,34.0,16.0,15.5,18,0.5,1.0,36.8,37.0,40.4,40.5,28.0,28.0,39.1,39.0,42,12.1,14
2.0,0.05,2.0,Arizona,33.7,28,47,28.0,8.0,8.0,10,1.7,4.0,47.6,50.0,64.1,50.0,37.0,28.0,9.9,10.0,13,3.0,5
1.0,0.1,0.5,Michigan,33.7,33,34,34.0,33.5,33.5,38,0.0,0.0,35.1,35.0,39.2,36.0,53.2,55.5,17.2,17.0,21,24.9,28
0.5,0.25,0.5,Michigan,33.7,33,34,34.0,29.4,29.5,31,0.0,0.0,35.1,35.0,38.4,36.0,54.0,53.5,12.9,12.5,18,25.3,28
0.5,0.25,2.0,Michigan,33.7,33,34,34.0,35.9,36.5,40,0.0,0.0,34.8,35.0,37.7,36.0,49.3,50.0,17.3,16.5,21,25.7,30
ALL,ALL,ALL,Wisconsin,33.772222222222226,31,81,31.0,34.769444444444446,35.0,45,0.17777777777777778,3.0,39.65555555555556,34.0,45.147222222222226,44.0,29.663888888888888,28.0,77.66666666666667,80.0,100,28.166666666666668,37
0.5,0.25,0.5,Utah,33.8,31,38,31.0,12.4,12.5,14,0.0,0.0,39.2,38.0,40.8,41.0,39.1,37.0,13.6,13.0,17,2.8,3
2.0,0.1,2.0,Michigan,33.8,33,34,34.0,38.1,38.0,41,0.0,0.0,35.4,36.0,41.8,44.0,58.5,60.0,19.7,19.5,25,25.3,28
2.0,0.25,2.0,Michigan,33.8,33,34,34.0,38.9,38.5,43,0.0,0.0,35.1,35.0,37.5,36.0,51.0,51.0,20.0,20.0,26,26.2,29
1.0,0.25,1.0,Michigan,33.8,33,34,34.0,34.2,33.5,38,0.0,0.0,35.2,35.0,38.7,36.0,50.9,51.0,17.8,18.0,22,27.6,30
0.5,0.1,1.0,Michigan,33.9,33,34,34.0,34.1,35.0,37,0.0,0.0,35.7,36.0,41.9,42.0,53.3,57.0,15.0,15.0,19,23.2,25
1.0,0.05,2.0,Michigan,33.9,33,36,34.0,37.0,35.5,45,0.1,1.0,36.6,36.0,43.9,42.0,56.3,57.0,21.0,19.5,26,24.6,29
2.0,0.05,2.0,Michigan,33.9,33,34,34.0,37.7,37.5,40,0.0,0.0,35.8,36.0,50.0,51.0,59.6,63.0,19.2,19.5,21,24.7,28
1.0,0.25,0.5,Michigan,33.9,33,34,34.0,33.4,33.0,37,0.0,0.0,35.1,35.0,37.9,36.0,50.1,50.0,15.5,15.0,20,25.0,28
2.0,0.1,1.0,Michigan,33.9,33,34,34.0,38.5,38.5,43,0.0,0.0,35.7,36.0,45.3,46.0,53.8,52.0,19.8,19.5,23,25.1,31
1.0,0.1,2.0,Michigan,33.9,33,34,34.0,37.9,38.0,41,0.0,0.0,35.4,35.5,39.6,38.5,51.7,51.5,19.6,19.5,23,25.3,27
1.0,0.25,2.0,Michigan,33.9,33,34,34.0,38.7,38.0,41,0.0,0.0,35.3,35.0,39.5,36.0,50.7,52.0,19.1,19.0,22,25.6,28
0.5,0.25,1.0,Michigan,33.9,33,34,34.0,32.3,33.0,36,0.0,0.0,35.2,35.0,38.1,36.0,52.1,53.5,16.3,16.5,20,25.7,28
2.0,0.25,1.0,Michigan,33.9,33,34,34.0,38.5,39.0,41,0.0,0.0,35.3,35.0,38.7,36.0,52.5,52.0,19.4,19.5,22,26.1,28
0.5,0.1,2.0,Michigan,33.9,33,34,34.0,34.7,34.5,38,0.0,0.0,35.5,36.0,41.4,41.5,50.0,52.0,18.6,19.0,23,26.3,30
1.0,0.25,0.5,Idaho,34.0,30,38,34.0,16.2,17.0,18,0.9,5.0,38.3,38.0,44.1,44.0,28.0,28.0,33.8,34.0,37,11.6,14
2.0,0.25,0.5,Idaho,34.0,30,38,34.0,15.7,15.0,17,2.0,6.0,39.3,38.0,43.0,44.5,28.0,28.0,38.2,37.0,45,12.9,14
0.5,0.05,0.5,Michigan,34.0,34,34,34.0,29.2,29.0,35,0.0,0.0,36.0,36.0,49.4,48.5,57.2,58.5,13.7,13.5,16,22.7,28
1.0,0.01,0.5,California,34.0,34,34,34.0,5.4,6.0,7,10.0,17.0,62.1,58.0,93.8,107.0,28.0,28.0,77.0,77.0,86,23.5,26
0.5,0.1,0.5,Michigan,34.0,34,34,34.0,31.1,31.0,35,0.0,0.0,35.6,36.0,41.2,41.0,52.2,52.0,13.0,12.5,16,23.5,26
1.0,0.05,0.5,Michigan,34.0,34,34,34.0,33.6,34.0,37,0.0,0.0,36.0,36.0,52.0,56.0,58.0,60.0,17.8,19.0,22,23.8,30
2.0,0.1,0.5,Michigan,34.0,34,34,34.0,38.2,37.5,43,0.0,0.0,35.7,36.0,41.7,42.0,49.8,52.0,18.2,18.0,22,24.4,28
1.0,0.01,2.0,California,34.0,34,34,34.0,6.5,7.0,9,10.3,19.0,62.9,58.0,106.4,107.0,28.0,28.0,83.3,82.0,92,24.8,27
1.0,0.01,1.0,California,34.0,34,34,34.0,6.5,6.0,9,9.0,10.0,57.2,58.0,90.6,107.0,28.0,28.0,81.6,81.5,89,24.8,27
2.0,0.05,0.5,Michigan,34.0,34,34,34.0,36.1,36.0,39,0.5,5.0,37.0,36.0,52.6,56.0,55.4,57.0,18.2,18.0,23,25.0,27
0.5,0.01,2.0,California,34.0,34,34,34.0,5.6,5.5,8,10.9,20.0,68.4,58.0,97.0,107.0,28.0,28.0,84.8,86.0,92,25.2,27
1.0,0.1,1.0,Michigan,34.0,34,34,34.0,35.5,35.5,39,0.0,0.0,35.8,36.0,43.7,42.0,51.4,52.0,18.9,18.5,23,25.6,29
0.5,0.05,0.5,California,34.0,34,34,34.0,4.8,4.5,7,11.5,14.0,54.5,54.5,68.44444444444444,58.0,28.0,28.0,71.0,71.0,75,26.2,30
0.5,0.05,1.0,California,34.0,34,34,34.0,4.8,5.0,6,10.9,13.0,53.8,51.0,79.6,58.0,28.0,28.0,83.7,82.5,92,27.0,29
1.0,0.25,0.5,Florida,34.0,34,34,34.0,5.5,6.0,9,0.0,0.0,38.0,38.0,40.0,40.0,28.0,28.0,42.5,43.0,46,27.2,30
1.0,0.05,0.5,California,34.0,34,34,34.0,5.3,5.0,7,10.9,13.0,55.1,57.5,82.7,74.5,28.0,28.0,81.8,82.0,92,27.4,29
0.5,0.1,0.5,California,34.0,34,34,34.0,4.4,4.5,5,11.4,14.0,52.4,51.0,65.8,58.0,28.0,28.0,70.3,71.0,75,27.5,29
1.0,0.05,2.0,California,34.0,34,34,34.0,6.3,6.0,8,11.3,14.0,53.1,51.0,75.2,58.0,28.0,28.0,83.4,84.0,90,28.0,31
1.0,0.25,2.0,Florida,34.0,34,34,34.0,6.0,5.5,9,0.0,0.0,38.0,38.0,40.0,40.0,28.0,28.0,53.6,54.5,59,28.0,30
2.0,0.25,0.5,Florida,34.0,34,34,34.0,5.8,4.5,9,0.0,0.0,38.0,38.0,40.0,40.0,30.1,28.0,52.7,52.5,59,28.0,30
0.5,0.1,1.0,California,34.0,34,34,34.0,4.8,5.0,8,13.4,15.0,56.6,58.0,93.4,86.0,28.0,28.0,84.5,85.0,88,28.0,30
2.0,0.05,1.0,California,34.0,34,34,34.0,6.5,6.0,8,10.9,14.0,54.3,54.0,68.1,58.0,28.0,28.0,84.1,84.0,93,28.2,30
2.0,0.05,2.0,California,34.0,34,34,34.0,6.6,7.0,8,11.0,13.0,54.5,54.5,80.3,61.5,28.0,28.0,80.3,78.5,86,28.4,30
1.0,0.1,0.5,California,34.0,34,34,34.0,4.9,5.0,6,12.1,15.0,54.5,54.5,76.9,61.5,28.0,28.0,80.0,80.5,89,28.4,29
0.5,0.25,0.5,California,34.0,34,34,34.0,3.9,4.0,4,15.3,17.0,58.0,58.0,65.0,65.0,28.0,28.0,68.5,68.5,75,28.5,29
1.0,0.25,0.5,California,34.0,34,34,34.0,4.7,5.0,6,14.6,17.0,55.9,58.0,78.3,65.0,28.0,28.0,79.7,79.5,83,28.7,30
2.0,0.1,1.0,California,34.0,34,34,34.0,6.5,6.5,8,11.7,14.0,54.5,54.5,72.1,61.5,28.0,28.0,84.0,83.5,90,28.7,31
2.0,0.05,0.5,California,34.0,34,34,34.0,5.4,5.5,8,11.4,13.0,55.9,58.0,106.2,98.5,28.0,28.0,87.6,88.0,98,28.8,31
2.0,0.25,2.0,Florida,34.0,34,34,34.0,5.1,5.0,8,0.0,0.0,38.0,38.0,40.0,40.0,28.0,28.0,59.1,60.0,66,28.9,30
2.0,0.1,2.0,California,34.0,34,34,34.0,6.3,6.0,8,11.7,16.0,53.8,51.0,80.0,58.0,28.0,28.0,80.8,81.0,87,28.9,31
0.5,0.05,2.0,California,34.0,34,34,34.0,5.6,6.0,7,11.1,13.0,55.9,58.0,99.8,105.0,28.0,28.0,87.0,87.5,93,29.0,30
0.5,0.1,2.0,California,34.0,34,34,34.0,6.2,6.0,8,13.4,16.0,55.9,58.0,62.9,65.0,28.0,28.0,83.7,84.0,88,29.1,30
1.0,0.05,1.0,California,34.0,34,34,34.0,5.6,6.0,7,11.3,14.0,56.6,58.0,91.0,85.0,28.0,28.0,82.4,82.5,91,29.3,31
2.0,0.1,0.5,California,34.0,34,34,34.0,5.9,6.0,7,12.4,14.0,55.2,58.0,91.6,78.5,28.0,28.0,81.6,81.0,89,29.3,31
0.5,0.25,1.0,California,34.0,34,34,34.0,4.0,4.0,5,14.5,16.0,57.3,58.0,71.33333333333333,65.0,28.0,28.0,81.4,81.0,89,29.4,31
2.0,0.25,1.0,California,34.0,34,34,34.0,6.4,6.0,8,13.9,16.0,55.9,58.0,65.5,65.0,28.0,28.0,79.5,79.0,85,29.4,31
1.0,0.1,1.0,California,34.0,34,34,34.0,5.8,6.0,8,13.4,15.0,57.3,58.0,103.3,99.5,28.0,28.0,83.4,84.0,89,29.4,32
2.0,0.25,0.5,California,34.0,34,34,34.0,6.4,6.0,8,14.3,15.0,57.3,58.0,70.7,65.0,28.0,28.0,77.7,77.5,84,29.5,31
1.0,0.1,2.0,California,34.0,34,34,34.0,5.5,5.0,8,12.5,15.0,54.5,54.5,92.1,82.5,28.0,28.0,82.1,82.0,89,29.6,31
1.0,0.25,1.0,California,34.0,34,34,34.0,5.7,6.0,6,14.7,16.0,57.3,58.0,66.9,65.0,28.0,28.0,78.5,78.5,87,30.0,31
2.0,0.25,2.0,California,34.0,34,34,34.0,5.9,6.0,7,14.4,17.0,56.6,58.0,63.6,65.0,28.0,28.0,76.3,76.0,81,30.0,31
1.0,0.25,2.0,California,34.0,34,34,34.0,5.8,6.0,7,15.1,17.0,57.3,58.0,77.1,65.0,28.0,28.0,78.5,79.5,83,30.1,32
0.5,0.25,2.0,California,34.0,34,34,34.0,5.7,6.0,7,14.7,16.0,58.0,58.0,77.8,65.0,28.0,28.0,81.3,81.0,89,30.3,31
0.5,0.05,2.0,Michigan,34.1,33,36,34.0,34.8,35.0,37,0.2,1.0,37.4,36.0,48.8,47.5,55.2,60.0,17.6,18.0,21,25.0,28
1.0,0.1,1.0,Nebraska,34.2,33,45,33.0,47.3,48.0,50,0.0,0.0,46.1,45.0,49.3,49.0,252.0,252.0,1.4,2.0,2,5.8,9
1.0,0.05,1.0,Michigan,34.2,34,36,34.0,36.6,36.5,44,0.2,2.0,38.0,36.0,48.5,47.0,60.2,63.0,17.4,17.5,24,22.8,27
0.5,0.05,1.0,Michigan,34.2,34,36,34.0,31.4,32.0,33,0.2,2.0,38.1,36.0,51.1,52.5,55.1,60.0,14.2,14.0,18,23.5,26
2.0,0.01,2.0,California,34.3,34,37,34.0,5.9,6.0,8,9.3,11.0,56.6,58.0,103.4,107.0,28.0,28.0,78.7,79.5,87,26.1,29
2.0,0.01,2.0,New Mexico,34.4,28,45,30.5,9.5,9.0,14,1.6,4.0,51.3,50.0,78.2,71.0,28.0,28.0,32.8,34.0,47,4.8,7
1.0,0.1,2.0,Idaho,34.4,30,38,36.0,14.8,15.0,17,2.2,6.0,40.8,38.0,45.2,45.0,28.0,28.0,39.6,41.0,50,13.3,15
1.0,0.25,1.0,Florida,34.4,34,38,34.0,6.0,5.5,12,0.0,0.0,38.2,38.0,41.1,40.0,28.0,28.0,48.8,49.0,55,27.4,30
2.0,0.25,1.0,Florida,34.4,34,38,34.0,6.4,6.5,9,0.0,0.0,38.2,38.0,41.4,40.0,28.0,28.0,56.8,59.0,63,27.6,29
0.5,0.25,2.0,Florida,34.4,34,38,34.0,5.8,5.0,9,0.0,0.0,38.2,38.0,41.4,40.0,28.0,28.0,45.1,45.5,49,27.6,29
1.0,0.25,1.0,Utah,34.5,31,38,34.5,13.3,13.5,14,0.0,0.0,39.5,39.5,40.7,41.5,39.2,40.0,16.5,16.5,22,4.0,4
2.0,0.25,1.0,Utah,34.5,31,38,34.5,13.5,13.5,14,0.0,0.0,39.5,39.5,40.5,40.5,39.1,39.0,17.2,17.0,21,4.4,5
ALL,ALL,ALL,California,34.62222222222222,34,93,34.0,5.597222222222222,6.0,9,11.933147632311977,20.0,57.44289693593315,58.0,82.95786516853933,65.0,28.0,28.0,79.56944444444444,80.5,98,27.705555555555556,32
1.0,0.05,2.0,Nebraska,34.7,33,50,33.0,46.9,47.5,49,0.0,0.0,48.6,50.0,51.4,51.0,195.28571428571428,252.0,1.7,2.0,4,6.9,10
0.5,0.05,0.5,Nebraska,34.8,33,51,33.0,26.0,25.5,31,0.0,0.0,49.3,49.5,51.6,50.5,67.0,67.0,0.2,0.0,1,3.0,6
0.5,0.05,2.0,Missouri,34.8,32,60,32.0,67.8,68.0,72,0.0,0.0,57.3,56.0,62.4,63.0,41.6,28.0,9.0,9.5,14,6.1,9
2.0,0.1,1.0,Nebraska,34.8,33,51,33.0,47.1,47.0,50,0.0,0.0,47.8,49.0,50.4,50.0,210.8,222.0,2.2,2.0,4,8.7,10
0.5,0.25,2.0,Idaho,34.8,30,38,38.0,16.4,16.0,18,0.8,6.0,38.4,38.0,43.6,44.0,28.0,28.0,39.7,40.0,49,12.2,13
2.0,0.1,2.0,Idaho,34.8,30,38,38.0,14.3,14.5,16,1.7,5.0,40.5,38.0,45.2,45.0,29.5,28.0,39.0,38.0,44,13.0,16
2.0,0.05,1.0,Michigan,34.8,34,36,34.0,38.4,38.0,44,0.1,1.0,37.3,36.0,50.4,48.5,55.7,60.0,18.9,18.0,25,23.9,27
2.0,0.1,1.0,Florida,34.8,34,38,34.0,8.3,8.0,10,0.0,0.0,38.4,38.0,43.0,40.0,30.1,28.0,53.8,54.5,60,25.5,28
0.5,0.25,0.5,Florida,34.8,34,38,34.0,4.8,4.0,8,0.0,0.0,38.4,38.0,42.8,40.0,28.0,28.0,32.8,33.5,36,26.9,29
0.5,0.05,0.5,South Dakota,35.0,35,35,35.0,34.3,35.0,36,0.0,0.0,43.0,43.0,46.9,46.0,53.9,46.0,6.5,7.0,9,2.2,3
0.5,0.1,0.5,South Dakota,35.0,35,35,35.0,37.9,38.0,40,0.0,0.0,43.0,43.0,45.7,46.0,47.3,46.0,7.9,8.0,12,2.9,4
1.0,0.05,1.0,South Dakota,35.0,35,35,35.0,46.1,46.0,49,0.0,0.0,43.3,43.0,45.4,46.0,28.0,28.0,13.2,14.0,16,3.0,5
1.0,0.25,1.0,South Dakota,35.0,35,35,35.0,48.4,49.0,50,0.0,0.0,42.8,43.0,43.8,43.5,28.0,28.0,12.3,12.0,15,3.0,4
2.0,0.1,0.5,South Dakota,35.0,35,35,35.0,48.3,48.5,49,0.0,0.0,43.0,43.0,45.6,46.0,39.3,37.0,14.5,15.0,17,3.1,5
0.5,0.05,1.0,South Dakota,35.0,35,35,35.0,41.6,41.0,46,0.0,0.0,43.0,43.0,46.6,46.0,45.6,46.0,10.6,10.0,12,3.2,5
0.5,0.25,0.5,South Dakota,35.0,35,35,35.0,38.7,39.0,40,0.0,0.0,42.6,43.0,43.8,43.0,46.2,46.0,8.7,9.0,11,3.2,5
2.0,0.05,2.0,South Dakota,35.0,35,35,35.0,49.1,49.5,51,0.1,1.0,43.4,43.0,46.6,46.0,31.9,28.0,19.1,19.0,24,3.2,6
2.0,0.05,1.0,South Dakota,35.0,35,35,35.0,48.2,48.0,51,0.0,0.0,43.6,43.0,49.7,51.0,31.9,28.0,18.1,18.5,21,3.4,6
2.0,0.1,1.0,South Dakota,35.0,35,35,35.0,48.7,49.0,51,0.0,0.0,43.2,43.0,45.6,46.0,37.0,37.0,16.1,15.5,22,3.4,5
2.0,0.25,1.0,South Dakota,35.0,35,35,35.0,49.2,49.0,51,0.0,0.0,43.0,43.0,44.5,44.5,38.8,46.0,14.3,14.0,20,3.6,5
2.0,0.25,0.5,South Dakota,35.0,35,35,35.0,49.2,49.5,50,0.0,0.0,42.8,43.0,44.5,45.0,40.9,46.0,13.9,13.0,19,3.7,5
0.5,0.25,1.0,South Dakota,35.0,35,35,35.0,42.8,43.0,45,0.0,0.0,42.8,43.0,44.9,45.5,46.2,46.0,12.7,12.5,16,3.8,6
1.0,0.05,2.0,South Dakota,35.0,35,35,35.0,47.3,47.0,49,0.0,0.0,43.0,43.0,47.1,46.0,44.7,28.0,15.8,16.0,20,3.8,5
1.0,0.25,0.5,South Dakota,35.0,35,35,35.0,46.8,47.0,47,0.0,0.0,43.0,43.0,45.0,45.5,28.0,28.0,13.2,13.5,15,3.8,4
1.0,0.25,2.0,South Dakota,35.0,35,35,35.0,49.4,49.0,50,0.0,0.0,42.8,43.0,45.3,46.0,33.4,28.0,16.5,16.5,20,3.8,5
1.0,0.05,0.5,South Dakota,35.0,35,35,35.0,44.0,43.5,47,0.2,1.0,44.2,43.0,48.0,46.5,28.0,28.0,11.1,11.0,12,3.9,6
0.5,0.05,2.0,South Dakota,35.0,35,35,35.0,44.4,45.0,47,0.2,1.0,44.3,43.0,49.4,48.5,31.9,28.0,13.1,13.5,16,3.9,7
0.5,0.1,1.0,South Dakota,35.0,35,35,35.0,42.1,42.0,45,0.0,0.0,43.0,43.0,45.8,46.0,46.3,46.0,12.6,12.0,16,3.9,5
1.0,0.1,2.0,South Dakota,35.0,35,35,35.0,48.0,48.0,51,0.0,0.0,43.0,43.0,45.6,46.0,33.4,28.0,16.0,15.5,18,3.9,6
2.0,0.1,2.0,South Dakota,35.0,35,35,35.0,48.8,49.0,51,0.0,0.0,43.0,43.0,45.8,46.0,29.8,28.0,19.8,19.5,22,3.9,8
2.0,0.05,0.5,South Dakota,35.0,35,35,35.0,46.9,47.0,49,0.0,0.0,43.9,43.0,49.0,48.0,33.5,28.0,14.8,15.0,17,4.0,6
0.5,0.25,2.0,South Dakota,35.0,35,35,35.0,47.1,47.0,48,0.0,0.0,43.0,43.0,44.8,45.0,28.0,28.0,14.1,15.0,16,4.1,5
2.0,0.25,2.0,South Dakota,35.0,35,35,35.0,49.1,49.0,50,0.0,0.0,43.0,43.0,44.6,44.0,35.1,28.0,17.3,17.5,21,4.1,6
1.0,0.1,1.0,South Dakota,35.0,35,35,35.0,46.8,47.0,49,0.0,0.0,43.0,43.0,45.6,46.0,31.6,28.0,14.8,14.5,19,4.1,7
1.0,0.1,0.5,South Dakota,35.0,35,35,35.0,44.7,44.5,47,0.0,0.0,42.8,43.0,45.7,46.0,31.9,28.0,13.6,14.0,16,4.2,6
0.5,0.1,2.0,South Dakota,35.0,35,35,35.0,45.7,45.5,48,0.0,0.0,43.0,43.0,45.5,46.0,28.0,28.0,13.3,14.0,17,4.2,6
1.0,0.25,0.5,Illinois,35.0,35,35,35.0,57.6,58.0,59,0.0,0.0,43.0,43.0,47.2,48.0,78.7,88.0,8.1,7.5,10,6.6,9
1.0,0.01,1.0,Oklahoma,35.1,32,57,32.0,29.2,29.5,33,0.0,0.0,45.9,40.5,55.8,58.5,28.0,28.0,8.9,9.0,11,4.2,10
2.0,0.1,0.5,Idaho,35.2,30,38,38.0,14.8,15.0,18,2.4,7.0,41.2,40.5,45.5,45.0,29.5,28.0,36.9,37.0,39,12.8,17
1.0,0.1,0.5,Florida,35.2,34,38,34.0,8.1,8.5,9,0.0,0.0,38.6,38.0,44.1,40.0,34.3,28.0,40.7,40.0,47,23.3,25
0.5,0.1,0.5,Florida,35.2,34,38,34.0,4.9,4.5,7,0.0,0.0,38.6,38.0,43.6,40.0,30.1,28.0,31.1,32.0,35,25.4,28
0.5,0.25,1.0,Florida,35.2,34,38,34.0,5.3,4.0,10,0.0,0.0,38.6,38.0,44.6,40.0,28.0,28.0,37.2,37.5,42,27.4,29
0.5,0.1,2.0,Nebraska,35.4,33,45,33.0,44.6,45.0,47,0.0,0.0,47.4,47.0,49.4,50.0,288.0,288.0,0.4,0.0,1,5.7,8
2.0,0.05,0.5,Missouri,35.4,32,66,32.0,70.9,71.0,74,0.0,0.0,56.5,55.0,61.5,60.0,32.2,28.0,9.3,9.0,12,5.8,10
2.0,0.1,0.5,Nebraska,35.4,33,45,33.0,48.1,48.0,51,0.0,0.0,46.6,45.0,49.7,49.5,242.88888888888889,252.0,1.3,1.0,3,8.0,13
1.0,0.01,2.0,New Mexico,35.5,28,42,37.5,10.0,9.0,13,1.5,7.0,58.4,49.0,74.0,71.0,28.0,28.0,30.9,30.5,47,4.3,7
2.0,0.01,1.0,New Mexico,35.5,28,61,28.0,9.5,10.0,13,2.1,6.0,55.3,51.5,77.8,73.0,28.0,28.0,33.2,37.5,45,4.7,6
1.0,0.1,2.0,Florida,35.6,34,38,34.0,8.9,9.0,11,0.0,0.0,38.8,38.0,46.1,40.0,30.0,28.0,49.2,49.0,54,25.1,28
2.0,0.1,2.0,Florida,35.6,34,38,34.0,8.6,9.0,10,0.0,0.0,38.8,38.0,46.0,40.0,28.0,28.0,53.3,53.0,63,25.4,29
2.0,0.1,0.5,Florida,35.6,34,38,34.0,7.0,7.0,10,0.0,0.0,38.8,38.0,44.7,40.0,30.1,28.0,49.2,48.5,56,26.7,29
2.0,0.05,0.5,North Dakota,35.8,33,61,33.0,19.3,19.0,21,0.0,0.0,53.5,52.0,61.2,61.0,61.9,46.0,8.1,8.0,11,1.5,3
0.5,0.05,2.0,North Dakota,35.8,33,61,33.0,18.3,18.5,20,0.0,0.0,51.5,52.0,60.0,61.0,61.7,64.0,6.1,6.5,12,1.6,3
2.0,0.25,0.5,Illinois,35.8,35,43,35.0,63.2,63.5,65,0.0,0.0,43.8,43.0,47.8,48.0,53.3,54.5,10.4,10.5,13,7.1,9
1.0,0.25,0.5,Minnesota,35.8,35,36,36.0,27.9,27.5,31,0.0,0.0,39.0,40.0,39.8,40.0,28.0,28.0,60.5,61.0,67,45.8,48
0.5,0.25,2.0,Minnesota,35.8,35,36,36.0,28.4,28.0,32,0.0,0.0,38.6,39.0,39.7,40.0,28.0,28.0,65.4,66.0,70,46.2,49
1.0,0.25,2.0,Minnesota,35.8,35,36,36.0,29.1,29.5,31,0.0,0.0,38.6,39.0,39.8,40.0,28.0,28.0,65.3,65.5,71,47.6,52
2.0,0.25,2.0,Utah,35.9,31,38,38.0,13.9,14.0,15,0.0,0.0,40.1,41.0,41.3,42.0,41.7,44.0,15.6,15.5,18,4.0,5
2.0,0.25,0.5,Utah,35.9,31,38,38.0,13.3,13.0,14,0.0,0.0,40.1,41.0,41.3,42.0,41.7,44.0,16.0,15.5,18,4.0,4
2.0,0.05,0.5,Nebraska,35.9,33,50,33.0,45.5,46.5,48,0.0,0.0,49.9,50.0,53.0,53.0,163.11111111111111,126.0,1.9,2.0,4,8.4,11
0.5,0.25,0.5,Minnesota,35.9,35,36,36.0,28.1,28.0,31,0.0,0.0,38.9,39.0,39.4,39.0,28.0,28.0,53.8,53.5,62,41.2,43
2.0,0.25,0.5,Minnesota,35.9,35,36,36.0,31.6,31.0,36,0.0,0.0,39.1,39.0,39.7,40.0,30.7,28.0,63.9,64.5,73,45.1,49
2.0,0.25,2.0,Minnesota,35.9,35,36,36.0,33.3,32.5,38,0.0,0.0,39.0,39.0,39.7,40.0,28.0,28.0,62.5,60.5,70,45.6,48
1.0,0.1,2.0,Minnesota,35.9,35,36,36.0,27.9,27.5,32,0.0,0.0,39.2,39.5,39.9,40.0,35.7,35.5,58.9,58.5,70,46.7,52
0.5,0.25,0.5,Vermont,36.0,36,36,36.0,12.1,12.5,13,0.0,0.0,48.2,48.0,54.7,53.0,28.0,28.0,12.6,13.0,14,1.1,4
2.0,0.25,0.5,Vermont,36.0,36,36,36.0,12.6,13.0,14,0.0,0.0,47.3,48.0,52.9,53.0,28.0,28.0,15.9,15.5,17,1.4,3
0.5,0.05,0.5,Wyoming,36.0,36,36,36.0,9.9,10.0,12,0.0,0.0,41.0,41.0,48.4,48.0,70.9,71.0,1.1,1.0,2,1.7,2
1.0,0.25,1.0,Vermont,36.0,36,36,36.0,12.3,12.0,13,0.0,0.0,49.5,48.0,55.7,53.0,28.0,28.0,16.8,16.5,20,1.7,3
0.5,0.25,1.0,Vermont,36.0,36,36,36.0,12.2,12.0,14,0.0,0.0,49.0,48.0,56.3,55.0,28.0,28.0,15.2,15.5,19,1.8,3
2.0,0.1,0.5,Wyoming,36.0,36,36,36.0,12.6,12.5,15,0.0,0.0,40.8,41.0,47.3,48.0,78.6,71.0,1.4,1.0,2,1.8,2
1.0,0.1,2.0,Wyoming,36.0,36,36,36.0,13.4,14.0,15,0.0,0.0,41.0,41.0,48.0,48.0,70.55555555555556,71.0,1.4,1.5,2,1.9,2
0.5,0.25,1.0,Wyoming,36.0,36,36,36.0,12.0,12.0,13,0.0,0.0,41.0,41.0,48.0,48.0,70.44444444444444,70.0,1.2,1.0,2,2.0,2
1.0,0.25,0.5,Vermont,36.0,36,36,36.0,12.0,12.0,13,0.0,0.0,48.7,48.0,54.5,53.0,28.0,28.0,15.9,16.0,19,2.0,3
1.0,0.25,0.5,Wyoming,36.0,36,36,36.0,13.8,14.0,15,0.0,0.0,41.0,41.0,48.0,48.0,70.2,70.0,1.6,2.0,2,2.0,2
1.0,0.25,2.0,Wyoming,36.0,36,36,36.0,13.9,14.0,15,0.0,0.0,40.8,41.0,47.3,48.0,67.8,70.0,1.5,1.5,2,2.0,2
2.0,0.25,1.0,Vermont,36.0,36,36,36.0,12.0,12.0,14,0.0,0.0,48.7,48.0,53.6,53.0,28.0,28.0,16.3,16.0,18,2.0,4
2.0,0.25,1.0,Wyoming,36.0,36,36,36.0,13.9,14.0,15,0.0,0.0,40.8,41.0,47.3,48.0,67.25,70.5,1.0,1.0,2,2.0,2
0.5,0.25,2.0,Wyoming,36.0,36,36,36.0,12.7,13.0,13,0.0,0.0,41.0,41.0,48.0,48.0,70.25,70.0,1.3,1.5,2,2.0,2
0.5,0.25,0.5,Wyoming,36.0,36,36,36.0,10.3,10.0,11,0.0,0.0,41.0,41.0,48.0,48.0,70.375,70.0,1.3,1.5,2,2.0,2
1.0,0.25,1.0,Wyoming,36.0,36,36,36.0,13.6,13.5,15,0.0,0.0,41.0,41.0,48.0,48.0,70.5,70.5,1.1,1.0,2,2.0,2
2.0,0.25,2.0,Vermont,36.0,36,36,36.0,12.0,12.0,13,0.0,0.0,48.7,48.0,54.9,53.0,28.0,28.0,15.9,16.0,19,2.0,4
2.0,0.25,2.0,Wyoming,36.0,36,36,36.0,13.7,14.0,15,0.0,0.0,41.0,41.0,48.0,48.0,70.4,70.0,2.5,2.5,3,2.0,2
2.0,0.25,0.5,Wyoming,36.0,36,36,36.0,13.8,14.0,14,0.0,0.0,40.6,41.0,46.6,48.0,63.75,70.0,1.6,2.0,3,2.0,2
1.0,0.1,0.5,Wyoming,36.0,36,36,36.0,12.8,13.0,14,0.0,0.0,41.0,41.0,48.3,48.0,70.5,70.5,1.2,1.0,2,2.0,2
0.5,0.1,1.0,Wyoming,36.0,36,36,36.0,11.0,11.0,12,0.0,0.0,41.0,41.0,48.1,48.0,70.88888888888889,71.0,1.0,1.0,2,2.0,2
1.0,0.1,1.0,Wyoming,36.0,36,36,36.0,12.6,13.0,14,0.0,0.0,41.0,41.0,48.4,48.0,81.3,71.0,1.3,1.0,2,2.0,2
1.0,0.25,2.0,Vermont,36.0,36,36,36.0,11.9,12.0,13,0.0,0.0,49.1,48.0,54.8,53.0,28.0,28.0,16.0,15.5,20,2.1,3
0.5,0.25,2.0,Vermont,36.0,36,36,36.0,11.9,12.0,14,0.0,0.0,49.1,48.0,54.7,53.0,28.0,28.0,16.0,16.0,18,2.1,4
0.5,0.1,0.5,Vermont,36.0,36,36,36.0,11.0,11.0,13,0.1,1.0,53.5,50.5,67.0,69.0,28.0,28.0,13.8,13.5,18,2.2,4
1.0,0.1,2.0,Vermont,36.0,36,36,36.0,11.4,11.5,12,0.1,1.0,56.0,53.0,61.3,57.0,29.3,28.0,16.2,16.5,19,2.6,4
2.0,0.1,1.0,Vermont,36.0,36,36,36.0,11.2,11.0,12,0.0,0.0,52.8,50.5,65.9,71.0,28.0,28.0,16.6,17.0,20,2.8,4
0.5,0.1,1.0,Vermont,36.0,36,36,36.0,11.2,11.0,13,0.1,1.0,51.2,48.0,63.9,64.0,28.0,28.0,17.0,16.0,21,2.8,4
1.0,0.05,1.0,Vermont,36.0,36,36,36.0,11.1,11.5,13,0.3,3.0,67.8,71.0,84.4,82.0,30.6,28.0,17.0,17.5,19,2.9,5
2.0,0.1,0.5,Vermont,36.0,36,36,36.0,11.0,11.0,13,0.0,0.0,51.2,48.0,65.1,67.0,29.3,28.0,16.5,16.5,21,3.0,5
1.0,0.1,1.0,Vermont,36.0,36,36,36.0,11.0,11.0,13,0.0,0.0,54.1,53.0,63.8,62.5,28.0,28.0,16.4,16.5,19,3.0,5
0.5,0.1,2.0,Vermont,36.0,36,36,36.0,10.9,11.0,13,0.1,1.0,55.5,57.0,64.1,64.5,28.0,28.0,16.4,17.0,18,3.1,6
1.0,0.1,0.5,Vermont,36.0,36,36,36.0,10.4,10.5,12,0.3,1.0,57.1,55.0,68.8,71.0,28.0,28.0,16.2,16.0,20,3.6,5
1.0,0.05,1.0,Nebraska,36.0,33,51,33.0,43.3,43.0,46,0.0,0.0,50.2,50.5,52.5,53.0,203.44444444444446,252.0,2.0,2.0,3,6.8,8
1.0,0.1,0.5,Idaho,36.0,30,38,38.0,15.0,15.0,17,1.9,6.0,40.6,38.0,44.5,45.0,28.0,28.0,34.6,36.0,37,12.0,15
0.5,0.1,2.0,Idaho,36.0,30,38,38.0,14.2,14.5,17,1.5,6.0,39.4,38.0,44.8,45.0,28.0,28.0,42.1,42.5,48,13.1,17
0.5,0.05,0.5,Florida,36.0,34,38,36.0,6.1,5.5,8,0.0,0.0,39.0,39.0,54.4,45.5,30.1,28.0,25.5,25.5,34,22.4,26
2.0,0.25,0.5,Kansas,36.0,36,36,36.0,51.3,51.0,54,0.0,0.0,38.4,39.0,39.0,39.0,28.0,28.0,45.4,45.0,49,23.5,26
2.0,0.25,1.0,Kansas,36.0,36,36,36.0,51.3,50.5,55,0.1,1.0,37.8,39.0,39.0,39.0,28.0,28.0,49.1,49.0,53,23.6,26
0.5,0.1,2.0,Florida,36.0,34,38,36.0,7.5,7.5,9,0.0,0.0,39.0,39.0,47.1,46.5,28.0,28.0,43.1,44.0,50,25.7,27
0.5,0.05,0.5,Minnesota,36.0,36,36,36.0,26.6,25.5,33,0.0,0.0,40.0,40.0,40.0,40.0,31.5,28.0,50.0,50.0,58,40.6,44
0.5,0.1,0.5,Minnesota,36.0,36,36,36.0,26.3,26.5,29,0.0,0.0,39.8,40.0,39.9,40.0,28.0,28.0,52.0,51.5,59,42.1,46
0.5,0.05,0.5,Iowa,36.0,36,36,36.0,35.6,35.0,38,0.0,0.0,41.1,41.0,42.7,43.0,28.0,28.0,69.7,71.5,86,44.3,48
0.5,0.25,1.0,Minnesota,36.0,36,36,36.0,29.2,28.0,33,0.0,0.0,39.2,39.0,39.7,40.0,28.0,28.0,59.8,59.0,68,45.0,48
1.0,0.1,0.5,Minnesota,36.0,36,36,36.0,26.9,27.0,33,0.0,0.0,39.8,40.0,39.9,40.0,28.0,28.0,56.8,55.5,65,45.4,50
0.5,0.1,1.0,Minnesota,36.0,36,36,36.0,26.3,25.0,35,0.0,0.0,39.8,40.0,40.0,40.0,30.7,28.0,60.8,62.5,64,45.5,54
0.5,0.1,0.5,Iowa,36.0,36,36,36.0,36.4,37.0,40,0.0,0.0,40.4,41.0,42.1,43.0,36.7,40.5,73.4,73.5,83,45.5,50
2.0,0.1,1.0,Minnesota,36.0,36,36,36.0,30.5,30.5,35,0.0,0.0,39.7,40.0,40.0,40.0,28.0,28.0,62.9,62.0,71,45.7,50
2.0,0.1,2.0,Minnesota,36.0,36,36,36.0,31.7,32.0,36,0.0,0.0,39.7,40.0,40.0,40.0,28.0,28.0,61.1,61.5,69,45.7,52
2.0,0.25,1.0,Minnesota,36.0,36,36,36.0,31.5,31.0,37,0.0,0.0,39.1,39.0,39.5,39.5,28.0,28.0,62.2,62.0,67,45.8,48
1.0,0.25,1.0,Minnesota,36.0,36,36,36.0,29.8,29.5,33,0.0,0.0,39.1,39.0,39.5,39.5,29.4,28.0,64.3,64.0,69,45.8,48
0.5,0.05,1.0,Minnesota,36.0,36,36,36.0,23.9,23.5,28,0.0,0.0,40.0,40.0,40.5,40.0,33.4,28.0,60.9,60.5,67,45.9,49
2.0,0.1,0.5,Minnesota,36.0,36,36,36.0,29.5,30.0,33,0.0,0.0,39.7,40.0,39.8,40.0,34.6,28.0,60.3,61.0,64,46.1,52
2.0,0.05,2.0,Minnesota,36.0,36,36,36.0,29.4,30.0,35,0.0,0.0,40.0,40.0,41.5,40.0,33.0,28.0,61.0,61.5,64,46.5,52
1.0,0.05,1.0,Minnesota,36.0,36,36,36.0,27.5,27.5,31,0.0,0.0,39.7,40.0,40.4,40.0,31.6,28.0,56.9,58.5,63,46.8,52
1.0,0.1,1.0,Minnesota,36.0,36,36,36.0,27.6,27.5,31,0.0,0.0,39.8,40.0,39.9,40.0,29.5,28.0,59.6,62.0,64,46.8,49
0.5,0.1,2.0,Minnesota,36.0,36,36,36.0,25.6,26.0,30,0.0,0.0,39.8,40.0,39.8,40.0,34.4,28.0,60.7,60.0,70,48.0,53
1.0,0.05,2.0,Minnesota,36.0,36,36,36.0,26.3,26.0,34,0.0,0.0,39.9,40.0,40.0,40.0,34.6,28.0,58.7,58.0,67,48.7,55
0.5,0.05,1.0,Iowa,36.0,36,36,36.0,34.4,34.0,39,0.0,0.0,41.2,41.0,43.3,43.0,32.1,28.0,71.1,70.5,82,49.5,54
0.5,0.1,1.0,Iowa,36.0,36,36,36.0,35.9,36.0,39,0.0,0.0,40.7,41.0,42.6,43.0,34.0,28.0,78.1,79.5,85,50.0,53
0.5,0.25,0.5,Iowa,36.0,36,36,36.0,33.7,34.5,37,0.0,0.0,38.6,38.0,39.4,38.0,37.4,39.0,81.8,84.5,94,50.2,54
0.5,0.25,1.0,Iowa,36.0,36,36,36.0,34.8,34.0,39,0.0,0.0,39.2,38.0,41.0,41.0,40.6,39.0,88.8,89.0,99,51.5,55
1.0,0.25,0.5,Iowa,36.0,36,36,36.0,33.9,34.5,37,0.0,0.0,39.5,39.5,41.5,41.0,40.5,40.5,86.0,85.5,91,52.7,57
1.0,0.05,0.5,Iowa,36.0,36,36,36.0,32.6,33.5,38,0.0,0.0,40.7,41.0,42.8,43.0,35.0,28.0,77.3,77.0,84,52.7,59
0.5,0.25,2.0,Iowa,36.0,36,36,36.0,33.3,33.5,36,0.0,0.0,39.8,41.0,41.5,41.5,39.4,40.5,92.4,92.5,100,53.0,56
1.0,0.1,0.5,Iowa,36.0,36,36,36.0,32.3,32.0,38,0.0,0.0,40.3,41.0,42.3,43.0,38.2,39.0,79.8,79.0,92,53.6,60
2.0,0.25,0.5,Iowa,36.0,36,36,36.0,32.8,34.0,36,0.0,0.0,39.5,39.5,40.7,41.0,36.6,39.0,93.0,93.0,101,53.8,59
1.0,0.25,2.0,Iowa,36.0,36,36,36.0,32.5,32.5,37,0.0,0.0,38.9,38.0,41.1,41.0,38.8,39.0,91.7,92.0,98,54.4,60
0.5,0.1,2.0,Iowa,36.0,36,36,36.0,31.7,31.5,34,0.0,0.0,40.1,41.0,41.8,43.0,34.2,28.0,87.7,88.5,103,54.4,56
1.0,0.05,2.0,Iowa,36.0,36,36,36.0,31.5,31.0,36,0.0,0.0,41.4,41.0,43.5,43.0,35.3,28.0,82.5,83.0,87,54.6,58
2.0,0.1,1.0,Iowa,36.0,36,36,36.0,31.9,32.5,35,0.0,0.0,40.7,41.0,42.4,42.5,35.3,33.5,92.9,92.5,99,54.6,59
2.0,0.25,2.0,Iowa,36.0,36,36,36.0,32.0,30.5,39,0.0,0.0,38.6,38.0,40.5,41.0,40.2,39.0,96.2,94.5,105,54.7,58
0.5,0.05,2.0,Iowa,36.0,36,36,36.0,30.3,30.5,35,0.0,0.0,41.0,41.0,43.2,43.0,31.7,28.0,80.7,79.5,91,55.2,61
1.0,0.1,2.0,Iowa,36.0,36,36,36.0,31.0,31.5,35,0.0,0.0,39.5,39.5,41.5,41.5,33.3,28.0,90.8,89.5,109,55.3,59
2.0,0.05,0.5,Iowa,36.0,36,36,36.0,30.3,30.0,37,0.0,0.0,41.1,41.0,42.9,42.0,29.1,28.0,84.8,84.5,93,55.7,59
2.0,0.1,2.0,Iowa,36.0,36,36,36.0,30.9,30.0,37,0.0,0.0,39.8,41.0,42.2,42.5,33.0,28.0,95.3,93.5,113,55.8,60
2.0,0.1,0.5,Iowa,36.0,36,36,36.0,30.3,30.5,36,0.0,0.0,39.8,41.0,41.9,43.0,34.6,33.5,92.4,93.0,106,55.9,60
2.0,0.05,1.0,Iowa,36.0,36,36,36.0,30.2,30.5,35,0.0,0.0,41.6,41.0,43.6,43.0,35.5,28.0,79.4,79.5,88,56.0,62
1.0,0.25,1.0,Iowa,36.0,36,36,36.0,30.5,30.0,34,0.0,0.0,38.9,38.0,39.8,39.5,39.9,39.0,93.3,93.5,100,56.0,61
2.0,0.05,2.0,Iowa,36.0,36,36,36.0,30.3,30.5,34,0.0,0.0,41.7,41.0,43.9,43.0,28.0,28.0,86.3,83.5,101,56.0,59
2.0,0.25,1.0,Iowa,36.0,36,36,36.0,30.5,31.0,34,0.0,0.0,38.3,38.0,39.5,39.5,39.3,39.0,98.4,98.0,111,56.3,59
1.0,0.05,1.0,Iowa,36.0,36,36,36.0,29.5,29.5,37,0.0,0.0,40.0,41.0,41.6,43.0,34.9,28.0,87.1,85.5,96,56.5,60
1.0,0.1,1.0,Iowa,36.0,36,36,36.0,29.7,30.0,33,0.0,0.0,40.1,41.0,42.0,43.0,31.9,28.0,91.4,92.0,100,56.6,62
0.5,0.01,1.0,New Mexico,36.1,28,58,28.0,6.9,7.0,10,3.1,7.0,70.6,66.0,87.7,88.0,28.0,28.0,27.7,28.5,40,4.5,7
1.0,0.05,1.0,Utah,36.2,31,41,38.0,11.5,11.5,14,0.0,0.0,40.7,41.0,45.2,42.0,36.8,37.0,15.9,16.0,21,4.2,5
0.5,0.25,1.0,Colorado,36.2,35,39,35.0,22.4,22.0,24,0.0,0.0,39.3,39.0,40.3,40.0,28.0,28.0,31.7,32.0,35,6.5,8
2.0,0.05,1.0,Nebraska,36.2,33,53,33.0,46.2,46.5,51,0.0,0.0,49.8,50.0,51.9,51.0,153.7,166.0,2.6,2.0,5,7.6,11
1.0,0.1,1.0,Idaho,36.2,30,38,38.0,14.1,14.0,18,2.5,8.0,41.6,41.5,46.3,46.0,28.0,28.0,39.2,39.5,46,13.3,18
0.5,0.25,0.5,Kansas,36.3,36,39,36.0,42.8,42.0,47,0.0,0.0,38.1,39.0,39.4,39.0,28.0,28.0,23.9,24.0,26,17.3,19
0.5,0.25,2.0,Kansas,36.3,36,39,36.0,52.2,52.0,54,0.0,0.0,39.0,39.0,39.3,39.0,28.0,28.0,39.7,39.5,43,20.2,22
0.5,0.25,1.0,Kansas,36.3,36,39,36.0,46.7,47.0,49,0.0,0.0,38.7,39.0,39.3,39.0,28.0,28.0,27.4,26.5,30,20.5,25
1.0,0.25,0.5,Kansas,36.3,36,39,36.0,47.7,47.5,50,0.0,0.0,39.0,39.0,39.4,39.0,28.0,28.0,37.1,37.0,42,23.2,25
1.0,0.25,2.0,Kansas,36.3,36,39,36.0,51.3,51.5,55,0.0,0.0,38.7,39.0,39.4,39.0,28.0,28.0,47.5,48.5,53,23.2,25
2.0,0.25,2.0,Kansas,36.3,36,39,36.0,52.0,52.0,54,0.0,0.0,38.4,39.0,39.3,39.0,28.0,28.0,49.8,49.5,54,24.8,28
2.0,0.1,0.5,Kansas,36.3,36,39,36.0,48.1,48.0,50,0.1,1.0,39.0,39.0,39.4,39.0,28.0,28.0,46.4,45.0,53,24.9,29
1.0,0.05,2.0,Florida,36.4,34,38,38.0,10.3,10.5,12,0.0,0.0,39.2,40.0,46.6,51.0,32.2,28.0,46.6,46.0,56,23.5,27
0.5,0.05,2.0,Florida,36.4,34,38,38.0,8.2,8.0,11,0.0,0.0,39.2,40.0,50.5,54.0,30.1,28.0,39.8,39.5,47,24.0,26
1.0,0.05,1.0,Florida,36.4,34,38,38.0,8.5,8.5,10,0.0,0.0,39.2,40.0,50.0,52.5,30.1,28.0,38.8,40.5,47,24.3,25
0.5,0.1,1.0,Florida,36.4,34,38,38.0,6.7,6.0,9,0.0,0.0,39.2,40.0,48.4,51.0,28.0,28.0,34.5,35.0,40,24.3,26
2.0,0.05,2.0,Florida,36.4,34,38,38.0,9.1,9.0,11,0.0,0.0,39.4,40.0,49.5,51.0,28.0,28.0,49.1,49.0,55,24.9,27
2.0,0.01,1.0,California,36.4,34,58,34.0,6.1,6.0,8,8.0,10.0,57.8,58.0,92.7,107.0,28.0,28.0,77.6,78.0,83,25.1,28
1.0,0.1,1.0,Florida,36.4,34,38,38.0,7.5,8.0,11,0.0,0.0,39.2,40.0,48.4,52.0,28.0,28.0,43.4,42.5,50,26.0,30
1.0,0.05,0.5,Minnesota,36.4,36,40,36.0,25.6,26.0,29,0.4,4.0,40.5,40.0,41.8,40.0,29.8,28.0,57.3,55.5,67,45.5,52
2.0,0.05,1.0,Minnesota,36.4,36,40,36.0,25.6,26.0,28,0.0,0.0,39.9,40.0,40.2,40.0,31.3,28.0,61.4,61.5,73,49.7,53
1.0,0.05,0.5,Wyoming,36.5,36,41,36.0,11.6,11.5,13,0.0,0.0,42.2,41.0,48.4,48.0,71.0,71.0,0.9,1.0,2,1.6,2
2.0,0.05,2.0,Wyoming,36.5,36,41,36.0,11.9,12.0,13,0.0,0.0,41.7,41.0,48.3,48.0,91.9,71.0,2.1,2.0,3,1.6,2
0.5,0.05,2.0,Wyoming,36.5,36,41,36.0,11.5,11.5,13,0.0,0.0,42.2,41.0,48.2,48.0,70.9,71.0,1.4,1.0,2,1.7,2
2.0,0.1,2.0,Wyoming,36.5,36,41,36.0,12.9,13.0,14,0.0,0.0,41.7,41.0,48.1,48.0,103.1,71.0,2.2,2.0,3,1.9,2
0.5,0.1,2.0,Wyoming,36.5,36,41,36.0,12.3,12.0,13,0.0,0.0,41.7,41.0,48.2,48.0,70.88888888888889,71.0,1.1,1.0,2,2.0,2
1.0,0.05,1.0,Idaho,36.5,30,43,38.0,14.8,14.0,19,1.1,5.0,39.8,38.0,43.8,44.5,28.0,28.0,38.5,40.0,42,11.8,14
0.5,0.25,0.5,Illinois,36.6,35,43,35.0,44.9,45.0,47,0.0,0.0,43.8,43.0,47.8,48.0,68.9,56.0,7.3,7.5,9,3.5,5
0.5,0.25,1.0,Utah,36.6,31,38,38.0,12.6,12.5,14,0.0,0.0,40.4,41.0,41.6,42.0,42.6,44.0,14.5,14.0,18,3.9,4
1.0,0.25,2.0,Illinois,36.6,35,43,35.0,63.5,64.0,65,0.0,0.0,44.0,43.0,47.0,46.0,65.8,56.0,9.7,10.0,11,7.4,10
2.0,0.25,2.0,Illinois,36.6,35,43,35.0,64.1,64.0,65,0.0,0.0,44.1,43.0,47.2,47.0,61.9,56.0,11.3,11.0,14,8.1,10
1.0,0.25,1.0,Illinois,36.6,35,43,35.0,60.6,60.5,64,0.0,0.0,43.8,43.0,47.4,48.0,38.6,28.0,8.8,9.0,10,8.2,11
2.0,0.01,1.0,Iowa,36.7,36,43,36.0,32.2,32.5,40,0.0,0.0,48.5,44.0,54.4,52.0,40.2,28.0,76.6,76.0,85,53.1,62
1.0,0.01,1.0,New Mexico,36.8,28,71,28.0,8.5,8.0,11,2.2,5.0,55.8,53.0,80.3,82.5,28.0,28.0,31.2,35.0,45,5.0,7
0.5,0.1,0.5,Idaho,36.8,30,38,38.0,12.0,12.0,14,1.2,4.0,39.7,38.0,44.8,45.0,28.0,28.0,28.8,28.5,37,11.2,13
0.5,0.05,1.0,Florida,36.8,34,38,38.0,7.4,7.5,9,0.0,0.0,39.4,40.0,50.3,54.0,32.0,28.0,31.8,33.0,39,23.0,25
2.0,0.05,1.0,Florida,36.8,34,38,38.0,9.6,9.5,12,0.0,0.0,39.4,40.0,49.7,51.0,28.0,28.0,48.0,47.5,52,23.9,26
2.0,0.05,0.5,Florida,36.8,34,38,38.0,8.6,8.5,11,0.0,0.0,39.4,40.0,50.3,51.0,28.0,28.0,45.9,46.5,50,24.8,26
0.5,0.1,2.0,Utah,36.9,31,41,38.0,12.1,12.0,14,0.0,0.0,40.4,41.0,41.6,42.0,43.3,45.0,13.9,14.0,17,4.2,6
0.5,0.25,2.0,Illinois,36.9,35,46,35.0,58.9,59.0,62,0.0,0.0,44.5,43.0,47.2,47.0,28.0,28.0,9.9,10.5,11,8.2,11
0.5,0.1,0.5,Kansas,36.9,36,39,36.0,39.7,40.0,42,0.0,0.0,38.7,39.0,40.0,39.0,28.0,28.0,22.4,22.5,27,18.6,21
1.0,0.25,1.0,Kansas,36.9,36,39,36.0,48.8,49.5,51,0.2,1.0,38.7,39.0,39.9,39.0,28.0,28.0,41.6,42.0,43,23.7,27
1.0,0.1,1.0,Kansas,36.9,36,39,36.0,45.8,46.0,48,0.0,0.0,39.0,39.0,40.0,39.0,28.0,28.0,41.9,41.5,48,24.3,26
0.5,0.05,2.0,Minnesota,36.9,36,45,36.0,26.7,26.5,30,0.0,0.0,40.5,40.0,40.7,40.0,31.0,28.0,60.2,61.0,66,45.8,51
ALL,ALL,ALL,North Dakota,36.96666666666667,33,61,33.0,17.808333333333334,18.0,24,0.0,0.0,54.06944444444444,52.0,63.88611111111111,61.0,63.830555555555556,46.0,8.030555555555555,8.0,16,1.5555555555555556,6
2.0,0.05,0.5,Wyoming,37.0,36,41,36.0,12.4,12.5,14,0.0,0.0,42.9,41.0,48.7,48.0,81.5,71.0,1.2,1.0,2,1.5,2
1.0,0.05,2.0,Wyoming,37.0,36,41,36.0,12.4,12.0,15,0.0,0.0,42.4,41.0,48.7,48.0,71.0,71.0,0.9,1.0,2,1.7,2
1.0,0.05,1.0,Wyoming,37.0,36,41,36.0,11.9,12.0,13,0.0,0.0,42.4,41.0,48.6,48.0,70.88888888888889,71.0,1.0,1.0,2,1.7,2
2.0,0.1,1.0,Wyoming,37.0,36,41,36.0,12.8,13.0,14,0.0,0.0,43.0,41.0,48.8,48.0,71.0,71.0,1.1,1.0,2,2.0,2
0.5,0.1,0.5,Wyoming,37.0,36,46,36.0,9.4,9.0,11,0.0,0.0,41.7,41.0,48.3,48.0,70.7,71.0,1.3,1.0,2,2.0,2
2.0,0.01,0.5,New Mexico,37.0,28,64,33.0,9.1,8.5,12,1.6,4.0,54.3,51.0,80.2,73.5,28.0,28.0,29.7,28.5,40,4.9,7
2.0,0.25,1.0,Colorado,37.0,35,39,37.0,24.7,24.5,26,0.0,0.0,39.5,39.5,40.5,40.5,28.0,28.0,36.9,37.5,42,7.1,8
2.0,0.25,2.0,Colorado,37.0,35,39,37.0,24.5,24.5,25,0.0,0.0,39.5,39.5,40.5,40.5,28.0,28.0,36.8,37.0,41,7.2,9
0.5,0.25,1.0,Illinois,37.1,35,48,35.0,55.0,55.0,58,0.0,0.0,44.3,43.0,47.4,47.0,68.9,56.0,8.2,8.0,11,5.1,7
1.0,0.1,2.0,Illinois,37.1,35,48,35.0,60.7,60.0,64,0.0,0.0,46.1,45.5,50.1,50.0,65.9,58.0,12.3,12.0,15,6.7,9
2.0,0.25,1.0,Illinois,37.1,35,48,35.0,63.3,63.0,65,0.0,0.0,44.8,43.0,47.6,48.0,67.5,56.0,9.4,9.0,11,7.9,10
ALL,ALL,ALL,Iowa,37.11388888888889,36,80,36.0,31.733333333333334,32.0,40,0.013888888888888888,2.0,43.147222222222226,41.0,46.03333333333333,43.0,35.69444444444444,28.0,81.875,83.0,113,52.977777777777774,64
2.0,0.01,2.0,Oklahoma,37.2,32,57,33.0,32.6,33.0,36,0.0,0.0,47.3,47.0,55.8,58.5,28.0,28.0,12.8,13.5,17,10.1,15
0.5,0.05,0.5,Idaho,37.2,30,38,38.0,11.2,12.0,14,2.1,7.0,42.5,42.5,45.5,45.0,28.0,28.0,28.0,28.0,32,10.7,13
0.5,0.1,1.0,Idaho,37.2,30,38,38.0,15.7,15.0,20,0.7,6.0,39.0,38.0,44.5,45.0,28.0,28.0,34.3,34.5,38,11.4,13
1.0,0.05,2.0,Idaho,37.2,30,38,38.0,14.5,14.0,18,2.5,4.0,42.6,44.0,46.7,47.0,28.0,28.0,38.8,39.0,42,12.0,15
2.0,0.1,1.0,Idaho,37.2,30,38,38.0,15.2,15.0,17,1.7,5.0,40.9,40.0,44.9,45.0,28.0,28.0,38.3,37.5,47,12.0,14
1.0,0.05,0.5,Florida,37.2,34,38,38.0,8.9,8.5,11,0.0,0.0,39.6,40.0,50.3,51.0,30.1,28.0,34.2,35.0,41,21.5,23
2.0,0.05,0.5,Kansas,37.2,36,39,36.0,45.7,45.5,51,0.0,0.0,39.0,39.0,41.8,43.0,28.0,28.0,43.4,44.5,49,23.9,28
1.0,0.1,2.0,Kansas,37.2,36,39,36.0,48.3,48.5,53,0.0,0.0,39.0,39.0,40.4,39.0,28.0,28.0,45.7,45.5,53,24.1,26
1.0,0.1,0.5,Kansas,37.2,36,39,36.0,44.3,44.0,47,0.0,0.0,39.0,39.0,40.6,39.0,28.0,28.0,36.4,37.0,40,24.9,27
ALL,ALL,ALL,Florida,37.25,34,99,38.0,8.002777777777778,8.0,16,0.20555555555555555,13.0,44.31388888888889,40.0,54.516666666666666,51.0,31.394444444444446,28.0,38.82222222222222,40.0,66,23.75,30
0.5,0.25,2.0,Utah,37.3,31,38,38.0,13.7,14.0,14,0.0,0.0,40.7,41.0,41.9,42.0,43.5,44.0,15.0,15.0,18,3.7,5
1.0,0.25,0.5,Utah,37.3,31,38,38.0,12.5,12.0,14,0.0,0.0,40.7,41.0,41.9,42.0,43.6,44.0,14.4,15.0,16,4.0,5
1.0,0.25,2.0,Utah,37.3,31,38,38.0,13.3,13.0,14,0.0,0.0,40.7,41.0,41.7,42.0,43.2,44.0,15.7,16.0,19,4.5,5
2.0,0.05,0.5,Idaho,37.3,30,43,38.0,14.1,14.0,16,1.8,4.0,42.9,43.0,44.5,44.0,31.5,28.0,35.1,35.5,42,12.2,15
2.0,0.05,0.5,Minnesota,37.3,36,45,36.0,26.3,26.5,29,0.0,0.0,40.6,40.0,41.8,41.0,29.3,28.0,62.8,62.0,69,48.4,51
1.0,0.25,1.0,Colorado,37.4,35,39,39.0,24.7,25.0,26,0.0,0.0,39.6,40.0,40.6,41.0,28.0,28.0,37.2,37.0,43,6.7,8
1.0,0.25,0.5,Colorado,37.4,35,39,39.0,23.8,24.0,26,0.0,0.0,39.6,40.0,40.6,41.0,28.0,28.0,37.7,37.0,43,6.9,8
0.5,0.01,1.0,Florida,37.4,34,40,38.0,9.4,9.5,14,0.2,1.0,52.2,48.0,84.1,80.5,38.4,28.0,14.7,15.0,19,14.3,17
0.5,0.05,1.0,Wyoming,37.5,36,41,36.0,11.0,11.0,13,0.0,0.0,43.7,41.0,50.1,49.0,70.88888888888889,71.0,1.0,1.0,2,1.5,2
2.0,0.05,1.0,Wyoming,37.5,36,41,36.0,12.6,12.5,14,0.0,0.0,43.7,41.0,49.7,48.0,93.3,71.0,1.3,1.0,2,1.6,2
1.0,0.01,0.5,Arizona,37.5,28,47,37.5,8.5,9.0,11,0.7,3.0,51.0,50.0,60.6,50.0,37.0,28.0,10.2,10.0,17,1.6,4
1.0,0.01,2.0,Arizona,37.5,28,47,37.5,8.7,9.0,10,0.3,1.0,50.3,50.0,60.6,50.0,31.0,28.0,13.5,14.0,17,2.1,4
2.0,0.1,1.0,Kansas,37.5,36,39,37.5,47.8,48.0,51,0.0,0.0,39.4,39.0,40.8,40.5,28.0,28.0,48.6,49.0,52,24.5,28
1.0,0.05,1.0,Kansas,37.5,36,39,37.5,43.1,43.5,45,0.0,0.0,39.4,39.0,41.0,40.5,28.0,28.0,38.5,39.0,43,24.7,28
2.0,0.01,0.5,California,37.5,34,69,34.0,4.9,5.0,7,12.0,20.0,78.55555555555556,58.0,94.375,107.0,28.0,28.0,78.2,79.0,87,26.1,29
0.5,0.1,0.5,Utah,37.6,31,41,38.0,10.9,11.0,13,0.0,0.0,40.7,41.0,41.7,42.0,44.1,45.0,12.6,12.5,16,3.0,4
2.0,0.1,0.5,Utah,37.6,31,41,38.0,12.7,12.5,14,0.0,0.0,40.7,41.0,41.7,42.0,44.4,45.0,16.5,15.5,22,3.8,5
1.0,0.1,0.5,Utah,37.6,31,41,38.0,11.9,12.0,14,0.0,0.0,40.7,41.0,41.7,42.0,44.1,45.0,13.8,14.0,17,3.9,5
1.0,0.1,1.0,Utah,37.6,31,41,38.0,12.9,12.5,14,0.0,0.0,40.7,41.0,41.9,42.0,43.6,45.0,15.0,15.0,19,3.9,5
1.0,0.1,2.0,Utah,37.6,31,41,38.0,12.4,13.0,14,0.0,0.0,40.8,41.0,41.9,42.0,44.4,45.0,16.0,15.0,22,4.4,6
2.0,0.01,1.0,Oklahoma,37.6,32,72,33.0,32.9,32.5,37,0.0,0.0,50.8,52.0,57.7,60.0,30.2,28.0,11.4,10.5,17,7.7,10
1.0,0.05,0.5,Idaho,37.6,30,42,38.0,13.1,13.0,15,1.1,4.0,41.0,38.0,45.6,45.0,28.0,28.0,33.8,34.0,38,11.8,16
ALL,ALL,ALL,Idaho,37.65833333333333,30,87,38.0,13.452777777777778,14.0,20,1.3777777777777778,9.0,42.25277777777778,43.0,47.736111111111114,45.0,32.08888888888889,28.0,35.17777777777778,36.0,50,12.244444444444444,18
ALL,ALL,ALL,South Dakota,37.666666666666664,35,103,35.0,43.577777777777776,45.0,51,0.04722222222222222,1.0,47.21388888888889,43.0,50.897222222222226,46.0,39.044444444444444,28.0,13.936111111111112,14.0,25,3.488888888888889,9
0.5,0.25,0.5,Colorado,37.8,35,39,39.0,22.8,23.0,24,0.0,0.0,39.7,40.0,40.7,41.0,28.0,28.0,26.7,26.5,30,4.3,6
2.0,0.25,0.5,Colorado,37.8,35,39,39.0,24.5,25.0,25,0.0,0.0,39.7,40.0,40.7,41.0,28.0,28.0,36.0,37.5,40,7.0,9
0.5,0.1,2.0,Colorado,37.8,35,39,39.0,23.4,24.0,26,0.0,0.0,39.8,40.0,41.4,41.0,28.0,28.0,39.3,39.0,42,7.0,10
0.5,0.1,1.0,Kansas,37.8,36,39,39.0,43.7,43.0,50,0.0,0.0,39.0,39.0,41.2,42.0,28.0,28.0,26.5,27.5,33,20.8,24
0.5,0.05,1.0,Kansas,37.8,36,39,39.0,39.8,40.0,44,0.1,1.0,39.3,39.0,41.8,43.0,28.0,28.0,24.1,23.5,29,21.7,25
0.5,0.1,2.0,Kansas,37.8,36,39,39.0,47.9,47.5,52,0.0,0.0,39.0,39.0,41.1,42.0,28.0,28.0,39.0,39.0,44,22.0,25
2.0,0.1,2.0,Kansas,37.8,36,39,39.0,48.2,48.5,50,0.0,0.0,39.0,39.0,41.2,42.0,28.0,28.0,50.7,50.5,55,25.9,29
2.0,0.05,2.0,Kansas,37.8,36,39,39.0,45.3,45.0,48,0.0,0.0,39.4,39.0,41.3,42.5,28.0,28.0,48.5,49.5,53,27.0,30
0.5,0.1,1.0,Utah,38.0,38,38,38.0,12.2,12.0,14,0.0,0.0,41.0,41.0,42.1,42.0,42.7,44.0,15.0,15.5,17,3.8,5
1.0,0.25,2.0,Oregon,38.0,35,45,35.0,20.7,21.0,22,0.0,0.0,46.1,45.0,50.1,50.0,100.1,99.0,10.5,10.5,13,5.1,7
0.5,0.05,1.0,Idaho,38.0,38,38,38.0,13.7,13.0,17,1.4,4.0,41.5,41.0,45.7,46.0,28.0,28.0,32.4,33.0,36,11.1,13
ALL,ALL,ALL,Michigan,38.1,33,104,34.0,35.36944444444445,36.0,47,0.3055555555555556,12.0,43.18055555555556,36.0,51.83611111111111,46.0,55.25833333333333,52.0,17.066666666666666,17.0,26,22.758333333333333,31
0.5,0.1,0.5,Colorado,38.2,35,39,39.0,21.2,21.0,23,0.0,0.0,39.8,40.0,40.9,41.0,28.0,28.0,27.4,26.5,32,5.1,6
1.0,0.05,0.5,Colorado,38.2,35,39,39.0,21.9,22.0,23,0.0,0.0,40.2,40.0,44.7,44.5,28.0,28.0,35.5,35.5,39,6.2,8
0.5,0.1,1.0,Colorado,38.2,35,39,39.0,21.9,21.5,24,0.0,0.0,39.8,40.0,41.0,41.0,28.0,28.0,33.0,34.0,39,6.4,8
0.5,0.25,2.0,Colorado,38.2,35,39,39.0,24.4,24.0,26,0.0,0.0,39.8,40.0,40.8,41.0,28.0,28.0,37.6,38.5,41,7.1,8
1.0,0.25,2.0,Colorado,38.2,35,39,39.0,24.7,25.0,26,0.0,0.0,39.8,40.0,40.8,41.0,28.0,28.0,37.1,36.5,41,7.2,9
1.0,0.05,0.5,Kansas,38.2,36,43,39.0,39.8,39.0,44,0.0,0.0,39.8,39.0,41.4,42.5,28.0,28.0,32.7,33.0,36,24.8,31
2.0,0.1,2.0,Vermont,38.3,36,59,36.0,11.6,12.0,12,0.0,0.0,56.0,53.0,61.4,59.0,28.0,28.0,15.4,15.5,19,2.4,4
1.0,0.1,1.0,Colorado,38.3,35,40,39.0,23.8,24.0,26,0.0,0.0,40.0,40.0,41.8,41.0,28.0,28.0,39.0,39.5,42,7.1,9
0.5,0.01,0.5,Iowa,38.3,36,59,36.0,26.5,27.5,30,0.0,0.0,53.3,49.5,60.1,63.0,44.2,28.0,56.4,56.0,67,46.9,54
1.0,0.05,2.0,Vermont,38.4,36,48,36.0,10.9,11.0,12,0.7,2.0,65.2,71.0,79.7,82.0,33.7,28.0,15.4,15.0,19,3.1,4
2.0,0.05,2.0,Idaho,38.4,38,42,38.0,13.3,14.0,16,3.1,6.0,45.3,45.0,47.1,47.0,28.0,28.0,36.3,36.0,41,13.3,16
0.5,0.05,0.5,Kansas,38.4,36,39,39.0,35.7,36.0,39,0.1,1.0,39.7,39.0,42.3,43.0,29.2,28.0,20.8,21.5,25,17.8,21
0.5,0.05,2.0,Kansas,38.4,36,39,39.0,43.7,44.0,48,0.0,0.0,40.1,39.0,42.7,43.0,28.0,28.0,33.1,33.5,39,22.5,27
2.0,0.01,0.5,Wisconsin,38.4,31,48,37.0,35.3,34.5,39,0.1,1.0,46.0,45.5,54.1,49.5,33.0,28.0,69.3,70.5,83,26.0,29
ALL,ALL,ALL,Minnesota,38.4,35,77,36.0,28.836111111111112,29.0,42,0.14722222222222223,4.0,42.522222222222226,40.0,43.88611111111111,40.0,33.022222222222226,28.0,58.23888888888889,59.0,73,43.333333333333336,55
0.5,0.05,2.0,Utah,38.5,31,41,38.0,11.5,11.0,14,0.0,0.0,40.8,41.0,44.3,42.0,41.3,43.0,14.5,15.0,19,4.0,6
1.0,0.01,2.0,Iowa,38.5,36,51,36.0,31.1,30.5,38,0.0,0.0,52.1,53.5,60.6,62.0,34.6,28.0,73.0,72.0,88,53.8,64
ALL,ALL,ALL,Kansas,38.541666666666664,36,62,39.0,43.68611111111111,45.0,55,0.03888888888888889,1.0,41.24444444444445,39.0,43.608333333333334,42.0,28.538888888888888,28.0,35.74444444444445,37.0,55,21.833333333333332,32
2.0,0.05,2.0,Utah,38.6,38,41,38.0,11.6,11.5,13,0.0,0.0,41.1,41.0,42.8,42.0,41.9,45.0,16.7,16.5,20,4.6,7
2.0,0.1,1.0,Utah,38.6,38,41,38.0,12.5,13.0,14,0.0,0.0,41.0,41.0,42.1,42.0,44.4,44.5,16.7,16.0,21,4.6,7
2.0,0.1,2.0,Utah,38.6,38,41,38.0,12.1,12.0,14,0.0,0.0,41.0,41.0,42.0,42.0,43.3,45.0,15.5,15.5,20,4.8,6
1.0,0.05,1.0,Colorado,38.6,35,39,39.0,22.7,22.5,25,0.0,0.0,41.4,40.0,45.2,42.5,28.0,28.0,36.4,37.0,42,6.9,9
1.0,0.1,2.0,Colorado,38.6,35,39,39.0,23.7,23.5,27,0.0,0.0,39.9,40.0,40.9,41.0,28.0,28.0,38.7,38.0,44,7.3,9
2.0,0.1,2.0,Colorado,38.6,35,39,39.0,23.5,23.0,26,0.0,0.0,39.9,40.0,40.9,41.0,28.0,28.0,36.1,36.0,41,7.3,9
2.0,0.05,1.0,Colorado,38.6,35,39,39.0,22.3,22.5,24,0.0,0.0,40.1,40.0,43.1,41.0,28.0,28.0,38.4,38.5,46,7.7,9
0.5,0.05,2.0,Idaho,38.6,30,42,38.0,14.1,14.0,16,0.9,4.0,42.0,43.0,44.6,45.0,32.0,28.0,38.0,37.5,44,11.9,15
ALL,ALL,ALL,Wyoming,38.625,36,65,36.0,11.458333333333334,12.0,15,0.0,0.0,44.81388888888889,41.0,51.78055555555556,48.0,86.8,71.0,1.2705882352941176,1.0,3,1.5472222222222223,2
0.5,0.1,0.5,Illinois,38.7,35,48,35.0,41.1,42.0,43,0.0,0.0,46.1,45.5,51.5,50.0,88.8,89.0,5.8,5.5,8,3.6,8
1.0,0.05,2.0,Colorado,38.7,35,40,39.0,22.9,23.0,24,0.0,0.0,40.4,40.5,46.4,44.5,28.0,28.0,36.0,35.5,41,7.2,9
2.0,0.01,0.5,Oklahoma,38.7,32,57,34.0,29.5,29.0,35,0.0,0.0,48.6,52.0,59.6,66.5,28.0,28.0,11.3,12.5,16,8.0,12
1.0,0.05,2.0,Kansas,38.7,36,39,39.0,45.2,46.0,48,0.0,0.0,39.4,39.0,42.3,42.5,28.0,28.0,42.2,43.0,48,25.7,32
0.5,0.05,1.0,Colorado,38.8,35,40,39.0,20.5,20.5,22,0.0,0.0,41.1,40.5,47.3,48.0,28.0,28.0,32.8,33.5,37,5.9,8
2.0,0.05,1.0,Idaho,38.8,38,42,38.0,14.3,14.0,16,1.7,4.0,43.0,43.0,46.5,46.0,30.0,28.0,34.9,34.5,39,12.0,14
0.5,0.01,1.0,California,38.8,34,58,34.0,5.3,5.0,7,7.2,11.0,56.8,58.0,84.7,93.5,28.0,28.0,68.3,71.5,77,22.8,26
0.5,0.05,0.5,Utah,38.9,38,41,38.0,9.7,9.0,15,0.0,0.0,41.1,41.0,42.8,42.0,37.6,43.0,12.0,12.0,16,3.0,5
0.5,0.05,1.0,Utah,38.9,38,41,38.0,11.3,11.0,14,0.0,0.0,41.3,41.0,42.3,42.0,37.7,35.5,14.4,15.5,18,4.0,5
1.0,0.05,2.0,Utah,38.9,38,41,38.0,12.6,12.5,15,0.0,0.0,41.1,41.0,42.2,42.0,37.6,43.0,16.3,15.5,21,4.2,7
0.5,0.01,2.0,Oklahoma,38.9,32,66,34.0,27.1,27.0,32,0.0,0.0,56.9,58.5,62.8,69.5,28.0,28.0,6.9,6.5,10,4.2,8
0.5,0.25,1.0,Nevada,39.0,39,39,39.0,5.0,5.0,5,0.0,0.0,44.0,44.0,77.2,86.0,124.0,124.0,1.0,1.0,1,0.0,0
0.5,0.25,0.5,Nevada,39.0,39,39,39.0,4.0,4.0,4,0.0,0.0,44.0,44.0,73.0,65.0,,,0.0,0.0,0,0.0,0
0.5,0.1,0.5,Nevada,39.0,39,39,39.0,4.0,4.0,4,0.0,0.0,44.0,44.0,87.6,96.0,115.5,115.5,1.0,1.0,1,0.0,0
1.0,0.25,0.5,Nevada,39.0,39,39,39.0,4.0,4.0,4,0.0,0.0,44.0,44.0,71.0,65.0,158.0,158.0,0.1,0.0,1,1.0,1
1.0,0.25,2.0,Nevada,39.0,39,39,39.0,4.0,4.0,4,0.0,0.0,44.0,44.0,65.0,65.0,158.0,158.0,0.1,0.0,1,1.0,1
2.0,0.25,1.0,Nevada,39.0,39,39,39.0,4.0,4.0,4,0.0,0.0,44.0,44.0,62.8,54.0,158.0,158.0,0.3,0.0,1,1.0,1
0.5,0.25,2.0,Nevada,39.0,39,39,39.0,4.0,4.0,4,0.0,0.0,44.0,44.0,73.0,65.0,107.0,107.0,0.1,0.0,1,1.0,1
1.0,0.25,1.0,Nevada,39.0,39,39,39.0,4.0,4.0,4,0.0,0.0,44.0,44.0,62.6,54.0,158.0,158.0,0.2,0.0,1,1.0,1
2.0,0.25,2.0,Nevada,39.0,39,39,39.0,4.0,4.0,4,0.0,0.0,44.0,44.0,65.0,65.0,158.0,158.0,0.4,0.0,1,1.0,1
2.0,0.25,0.5,Nevada,39.0,39,39,39.0,4.0,4.0,4,0.0,0.0,44.0,44.0,58.4,54.0,141.0,141.0,0.2,0.0,1,1.0,1
1.0,0.1,2.0,Nevada,39.0,39,39,39.0,4.0,4.0,4,0.0,0.0,44.0,44.0,79.8,76.0,111.25,107.0,0.7,0.0,2,1.0,1
1.0,0.1,1.0,Nevada,39.0,39,39,39.0,4.0,4.0,4,0.0,0.0,44.0,44.0,88.1,96.0,124.0,115.5,0.5,0.0,2,1.0,1
0.5,0.1,2.0,Nevada,39.0,39,39,39.0,3.9,4.0,4,0.0,0.0,44.0,44.0,79.7,96.0,120.6,124.0,0.6,0.5,2,1.1,2
0.5,0.05,0.5,Colorado,39.0,39,39,39.0,21.0,21.0,24,0.0,0.0,40.2,40.0,42.4,41.0,28.0,28.0,28.3,29.5,33,4.5,6
0.5,0.25,1.0,Oregon,39.0,35,45,35.0,16.0,16.5,18,0.0,0.0,45.4,45.0,48.6,50.0,89.8,96.0,8.1,8.0,11,5.1,7
2.0,0.25,1.0,Oregon,39.0,35,45,35.0,20.2,20.5,22,0.0,0.0,45.8,45.0,49.4,50.0,100.6,102.5,9.9,9.5,12,5.7,9
1.0,0.1,0.5,Colorado,39.0,39,39,39.0,22.7,23.0,24,0.0,0.0,40.1,40.0,41.7,41.0,28.0,28.0,38.7,37.5,44,6.7,8
2.0,0.1,1.0,Colorado,39.0,39,39,39.0,24.2,24.0,26,0.0,0.0,40.2,40.0,43.1,41.0,28.0,28.0,36.8,37.5,41,6.9,8
2.0,0.1,0.5,Colorado,39.0,39,39,39.0,23.1,23.0,24,0.0,0.0,40.1,40.0,41.7,41.0,28.0,28.0,35.0,35.5,37,7.4,9
2.0,0.01,2.0,Florida,39.0,34,56,38.0,10.5,10.0,13,0.9,5.0,50.2,40.0,72.3,66.5,31.3,28.0,37.4,38.0,45,22.9,26
ALL,ALL,ALL,Missouri,39.025,32,94,32.0,64.01666666666667,70.0,82,0.005555555555555556,1.0,59.00555555555555,54.0,65.19444444444444,59.0,53.20505617977528,28.0,9.960893854748603,10.5,19,6.783333333333333,15
0.5,0.1,1.0,Nevada,39.1,39,40,39.0,5.0,5.0,5,0.0,0.0,44.0,44.0,79.4,86.0,111.85714285714286,107.0,1.0,1.0,1,0.0,0
1.0,0.1,0.5,Nevada,39.1,39,40,39.0,4.0,4.0,4,0.0,0.0,44.0,44.0,89.8,96.0,115.5,115.5,0.8,1.0,2,1.0,1
2.0,0.1,2.0,Nevada,39.1,39,40,39.0,4.0,4.0,4,0.0,0.0,44.0,44.0,73.6,76.0,124.0,124.0,0.2,0.0,1,1.0,1
2.0,0.1,0.5,Nevada,39.1,39,40,39.0,4.0,4.0,4,0.0,0.0,44.0,44.0,69.4,76.0,115.5,115.5,0.4,0.0,1,1.0,1
2.0,0.05,2.0,Nevada,39.1,39,40,39.0,3.8,4.0,4,0.0,0.0,44.0,44.0,78.4,76.0,111.85714285714286,107.0,0.8,1.0,2,1.2,2
1.0,0.05,0.5,Nebraska,39.1,33,53,33.0,32.8,32.0,36,0.0,0.0,50.6,51.0,52.5,53.0,110.0,110.0,0.3,0.0,2,2.9,5
0.5,0.01,2.0,New Mexico,39.1,28,58,42.0,8.6,9.0,10,1.1,3.0,52.9,55.0,79.5,71.0,28.0,28.0,27.2,27.5,37,4.6,7
0.5,0.05,2.0,Colorado,39.1,35,44,39.0,22.4,22.5,24,0.0,0.0,41.7,40.5,47.5,48.0,28.0,28.0,39.8,40.0,45,7.1,9
2.0,0.05,1.0,Kansas,39.1,36,43,39.0,45.1,45.5,48,0.2,1.0,40.1,39.0,42.9,43.0,28.0,28.0,44.9,45.0,50,25.5,31
1.0,0.01,1.0,Iowa,39.1,36,46,36.0,30.9,31.5,36,0.3,2.0,51.4,46.0,57.9,61.0,28.0,28.0,72.7,72.0,82,51.7,58
0.5,0.05,0.5,Nevada,39.2,39,40,39.0,3.8,4.0,4,0.0,0.0,44.0,44.0,97.0,96.0,114.28571428571429,107.0,1.2857142857142858,1.0,2,0.0,0
1.0,0.05,0.5,Utah,39.2,38,41,38.0,11.5,11.5,13,0.0,0.0,41.1,41.0,43.2,42.0,40.2,44.5,13.4,14.0,17,3.9,5
2.0,0.05,2.0,Colorado,39.2,39,40,39.0,23.7,24.0,25,0.0,0.0,41.4,41.0,47.7,48.0,28.0,28.0,39.3,38.5,45,6.8,8
2.0,0.1,1.0,Nevada,39.3,39,40,39.0,3.9,4.0,4,0.0,0.0,44.0,44.0,69.4,76.0,111.25,107.0,0.4,0.0,1,1.1,2
1.0,0.01,0.5,Oklahoma,39.3,32,57,34.0,23.3,23.5,26,0.0,0.0,56.2,56.5,64.1,69.5,28.0,28.0,7.2,7.5,12,3.4,5
0.5,0.01,0.5,New Mexico,39.3,28,61,42.0,7.3,7.0,10,0.9,3.0,52.9,51.5,78.9,76.5,28.0,28.0,21.6,19.5,35,3.5,6
ALL,ALL,ALL,Nebraska,39.31666666666667,33,71,33.0,39.547222222222224,42.0,53,0.013888888888888888,1.0,50.99444444444445,50.0,54.50555555555555,51.0,183.67460317460316,222.0,1.473389355742297,1.0,7,5.883333333333334,13
1.0,0.05,2.0,Nevada,39.4,39,40,39.0,4.0,4.0,4,0.0,0.0,44.0,44.0,86.3,96.0,116.71428571428571,124.0,0.9,1.0,2,1.0,1
2.0,0.01,2.0,Arizona,39.4,28,47,47.0,8.7,9.0,10,0.4,2.0,49.7,50.0,69.3,62.5,31.0,28.0,14.1,14.0,18,2.0,4
0.5,0.1,1.0,Illinois,39.4,35,50,35.0,53.8,53.5,58,0.0,0.0,48.2,49.0,52.7,51.0,84.8,89.0,8.4,9.0,12,4.0,6
0.5,0.05,1.0,Nevada,39.5,39,43,39.0,4.9,5.0,5,0.0,0.0,44.0,44.0,101.7,96.0,116.44444444444444,124.0,1.5555555555555556,2.0,2,0.0,0
2.0,0.05,0.5,Nevada,39.5,39,43,39.0,3.8,4.0,4,0.0,0.0,44.0,44.0,83.0,76.0,117.625,124.0,1.0,1.0,2,1.2,2
0.5,0.05,2.0,Nevada,39.5,39,43,39.0,3.6,4.0,4,0.0,0.0,44.0,44.0,94.3,98.5,118.33333333333333,124.0,1.1,1.0,2,1.4,2
2.0,0.05,2.0,Vermont,39.5,36,71,36.0,11.4,11.0,13,0.1,1.0,60.5,53.0,72.8,71.5,29.3,28.0,16.3,17.5,19,2.6,4
0.5,0.05,1.0,Vermont,39.5,36,71,36.0,11.2,11.0,13,0.1,1.0,60.6,62.0,72.2,71.0,29.3,28.0,15.5,16.0,18,2.7,4
2.0,0.05,0.5,Utah,39.5,38,41,39.5,12.5,12.5,14,0.0,0.0,41.2,41.0,44.5,42.0,35.4,28.0,17.2,17.5,19,3.3,5
ALL,ALL,ALL,Utah,39.544444444444444,31,81,38.0,11.933333333333334,12.0,16,0.019444444444444445,2.0,45.291666666666664,41.0,50.544444444444444,42.0,40.31388888888889,44.0,14.222222222222221,15.0,22,3.352777777777778,8
1.0,0.05,1.0,Nevada,39.6,39,43,39.0,3.8,4.0,4,0.0,0.0,44.0,44.0,95.0,96.0,117.8,124.0,1.2,1.0,2,1.1,2
1.0,0.01,0.5,Florida,39.6,34,56,38.0,9.9,10.0,14,1.0,6.0,61.9,65.5,81.8,84.0,41.9,28.0,17.1,17.5,23,15.9,18
0.5,0.01,1.0,Iowa,39.6,36,67,36.0,29.0,27.5,36,0.0,0.0,50.6,43.0,54.7,46.0,48.2,46.5,57.0,56.5,67,48.0,51
1.0,0.01,0.5,New Mexico,39.7,28,61,42.0,8.6,8.5,12,0.9,3.0,47.6,45.0,75.8,70.0,28.0,28.0,22.9,20.0,42,4.1,6
0.5,0.1,2.0,Illinois,39.7,35,50,39.0,57.4,58.0,60,0.0,0.0,48.0,49.0,51.6,51.0,34.1,28.0,9.4,9.0,13,7.2,12
1.0,0.05,0.5,Nevada,39.8,39,44,39.0,3.8,4.0,4,0.0,0.0,45.0,44.0,89.2,96.0,114.55555555555556,107.0,1.4,1.0,3,1.0,1
2.0,0.05,1.0,Utah,39.8,38,41,41.0,11.5,11.5,16,0.0,0.0,41.0,41.0,44.0,42.0,38.2,43.0,16.2,16.5,20,4.7,8
0.5,0.25,0.5,Oregon,40.0,35,45,40.0,11.7,12.0,13,0.0,0.0,47.0,45.5,50.4,50.0,103.1,102.5,5.5,5.5,7,4.1,5
1.0,0.25,0.5,Oregon,40.0,35,45,40.0,18.4,18.5,20,0.0,0.0,47.1,45.5,50.6,50.0,84.0,74.0,8.4,8.0,10,4.2,6
2.0,0.25,2.0,Oregon,40.0,35,45,40.0,21.1,21.0,23,0.0,0.0,46.7,45.5,49.6,49.0,91.6,96.0,10.6,10.5,13,4.9,8
2.0,0.25,0.5,Oregon,40.0,35,45,40.0,20.2,20.0,23,0.0,0.0,45.9,45.5,49.6,50.0,97.5,99.0,10.2,10.0,12,4.9,8
2.0,0.05,1.0,Nevada,40.2,39,44,39.0,3.8,4.0,4,0.0,0.0,47.2,44.0,86.5,86.0,116.44444444444444,124.0,1.1,1.0,2,1.2,2
2.0,0.05,0.5,Colorado,40.2,35,54,39.0,23.1,23.0,25,0.0,0.0,42.2,40.5,46.8,44.5,28.0,28.0,37.1,37.5,44,7.3,9
2.0,0.25,1.0,Washington,40.2,37,45,38.0,14.1,14.0,16,0.0,0.0,46.1,45.0,50.7,51.5,36.8,28.0,15.2,15.0,17,13.2,15
0.5,0.05,2.0,Nebraska,40.3,33,53,39.0,42.0,42.0,45,0.0,0.0,51.6,52.0,54.4,54.5,204.625,272.0,1.2,1.0,3,6.1,9
2.0,0.1,1.0,Illinois,40.3,35,48,43.0,62.0,61.5,65,0.0,0.0,47.7,50.0,52.9,52.0,76.4,89.0,11.0,11.0,14,6.9,8
0.5,0.05,1.0,Nebraska,40.5,33,50,39.0,31.7,31.5,34,0.0,0.0,51.1,52.0,53.7,54.5,93.0,93.0,0.2,0.0,1,2.7,7
2.0,0.01,0.5,Iowa,40.5,36,59,36.0,32.0,31.0,37,0.2,1.0,48.7,44.5,57.0,60.0,34.6,28.0,72.1,72.5,79,52.9,56
1.0,0.01,2.0,Utah,40.7,38,41,41.0,11.9,12.0,14,0.0,0.0,46.5,42.0,70.1,70.0,32.8,28.0,15.1,14.5,21,1.7,3
1.0,0.01,1.0,Arizona,40.8,28,47,47.0,9.4,9.0,11,0.1,1.0,48.8,50.0,54.8,54.0,34.0,28.0,11.0,11.0,14,1.4,2
1.0,0.01,2.0,Wisconsin,40.8,31,48,44.0,34.7,33.5,43,0.2,1.0,48.4,48.0,58.5,59.5,37.2,28.0,71.9,73.5,80,26.8,31
1.0,0.05,0.5,Vermont,40.9,36,73,36.0,11.9,12.0,14,0.1,1.0,59.2,52.5,76.6,72.5,32.4,28.0,17.4,17.0,20,2.1,5
2.0,0.1,2.0,Oregon,41.0,35,45,45.0,20.5,21.0,22,0.0,0.0,49.0,50.0,53.2,55.0,105.6,107.0,8.6,9.0,10,4.2,6
1.0,0.1,2.0,Oregon,41.0,35,45,45.0,19.6,20.0,21,0.0,0.0,47.6,48.0,52.5,54.5,97.7,102.5,9.7,10.5,12,4.4,6
0.5,0.25,2.0,Oregon,41.0,35,45,45.0,20.0,20.0,22,0.0,0.0,47.2,46.0,51.6,50.0,95.9,99.0,9.5,9.0,12,4.5,7
1.0,0.25,1.0,Oregon,41.0,35,45,45.0,19.6,19.5,22,0.0,0.0,47.2,46.0,50.7,50.0,96.3,99.0,10.8,11.0,12,5.4,7
2.0,0.1,2.0,Illinois,41.0,35,50,43.0,62.1,63.0,65,0.0,0.0,48.0,49.0,52.9,52.0,77.1,89.0,11.1,11.0,17,7.7,11
0.5,0.25,0.5,New York,41.0,41,41,41.0,13.6,13.5,17,0.6,5.0,46.2,43.0,56.2,57.5,28.0,28.0,139.9,140.0,149,34.1,37
0.5,0.1,0.5,New York,41.0,41,41,41.0,12.0,11.5,16,0.1,1.0,52.6,58.0,60.2,60.0,30.0,28.0,128.1,128.5,139,34.1,37
2.0,0.25,2.0,New York,41.0,41,41,41.0,15.4,16.0,18,0.6,6.0,47.2,43.0,55.9,59.0,28.0,28.0,181.4,180.5,196,35.5,38
1.0,0.1,0.5,New York,41.0,41,41,41.0,13.3,14.0,17,0.5,2.0,52.4,57.0,61.0,59.0,28.0,28.0,173.0,172.5,183,35.5,40
0.5,0.1,1.0,New York,41.0,41,41,41.0,11.9,11.0,16,0.6,4.0,51.0,51.0,60.0,61.0,28.0,28.0,166.0,165.0,180,35.5,39
1.0,0.1,2.0,New York,41.0,41,41,41.0,14.3,15.0,17,0.3,2.0,56.1,59.0,62.3,61.0,28.0,28.0,179.4,178.5,190,35.6,40
1.0,0.25,0.5,New York,41.0,41,41,41.0,13.7,13.5,16,0.6,5.0,46.9,43.0,57.5,59.0,28.0,28.0,177.4,178.0,186,35.8,40
1.0,0.05,1.0,New York,41.0,41,41,41.0,13.1,13.0,17,0.3,2.0,55.9,60.0,64.5,62.0,28.0,28.0,181.6,181.5,197,35.8,39
1.0,0.25,1.0,New York,41.0,41,41,41.0,14.8,16.0,19,0.5,4.0,47.7,43.0,56.9,58.0,28.0,28.0,192.5,191.5,204,36.0,43
1.0,0.25,2.0,New York,41.0,41,41,41.0,14.5,14.0,18,0.0,0.0,44.6,43.0,55.4,57.0,28.0,28.0,192.1,191.0,208,36.4,39
2.0,0.1,1.0,New York,41.0,41,41,41.0,13.4,14.0,17,0.7,4.0,54.6,59.0,61.0,61.0,28.0,28.0,180.9,179.5,196,36.5,40
2.0,0.25,0.5,New York,41.0,41,41,41.0,13.6,14.5,17,1.2,6.0,47.8,43.0,57.0,59.0,28.0,28.0,191.2,193.5,207,36.7,41
2.0,0.1,0.5,New York,41.0,41,41,41.0,12.6,13.0,16,0.7,4.0,50.3,47.5,62.0,59.0,28.0,28.0,181.8,179.5,199,36.7,41
0.5,0.25,2.0,New York,41.0,41,41,41.0,13.6,15.0,17,1.8,7.0,49.4,43.0,56.1,59.0,28.0,28.0,197.5,195.0,218,36.8,43
0.5,0.25,1.0,New York,41.0,41,41,41.0,12.3,12.5,15,0.2,1.0,46.0,43.0,58.1,59.0,28.0,28.0,173.0,171.5,188,37.0,40
2.0,0.25,1.0,New York,41.0,41,41,41.0,12.6,12.0,15,0.6,5.0,46.2,43.0,56.2,59.0,28.0,28.0,186.0,188.5,202,38.0,41
1.0,0.1,1.0,New York,41.0,41,41,41.0,11.8,11.5,17,1.6,6.0,54.2,59.0,60.6,61.0,28.0,28.0,186.8,187.5,196,38.0,42
0.5,0.1,2.0,New York,41.0,41,41,41.0,11.3,11.0,14,0.2,1.0,53.3,58.0,60.2,61.0,28.0,28.0,185.6,183.5,202,38.3,40
0.5,0.01,2.0,Idaho,41.2,30,44,43.5,10.4,10.0,13,0.8,4.0,47.6,45.0,56.1,53.5,42.9,49.5,34.9,35.0,38,12.4,15
1.0,0.01,0.5,Kansas,41.2,36,44,43.0,33.0,34.0,38,0.1,1.0,46.0,48.0,48.7,49.5,34.6,28.0,21.9,21.0,28,16.5,24
2.0,0.1,2.0,New York,41.2,41,43,41.0,12.9,12.5,15,0.8,4.0,52.6,58.0,61.0,61.0,28.0,28.0,181.8,179.0,195,36.7,39
1.0,0.01,1.0,Florida,41.3,34,60,38.0,11.5,11.0,16,0.3,3.0,60.1,51.0,69.9,58.0,30.1,28.0,23.7,22.5,33,18.0,23
0.5,0.01,2.0,Wisconsin,41.3,31,48,44.0,34.8,35.0,38,0.1,1.0,50.7,48.0,56.1,49.0,31.1,28.0,70.3,69.5,78,26.7,31
2.0,0.25,0.5,Washington,41.5,38,45,41.5,13.6,13.5,16,0.0,0.0,47.2,48.0,51.2,52.0,41.2,50.0,14.9,15.0,17,13.5,15
0.5,0.01,1.0,Wisconsin,41.5,31,48,44.0,32.5,31.5,37,0.3,2.0,51.2,47.0,60.4,57.0,32.8,28.0,59.1,58.5,70,27.3,32
0.5,0.25,1.0,Tennessee,41.6,41,43,41.0,36.7,36.5,38,0.0,0.0,45.8,43.0,51.5,51.5,28.0,28.0,17.0,17.0,21,5.5,7
2.0,0.01,1.0,Wisconsin,41.6,31,48,44.0,35.1,34.5,42,0.1,1.0,52.6,47.5,59.3,50.0,37.9,28.0,68.0,65.5,81,27.0,31
ALL,ALL,ALL,Nevada,41.7,39,131,39.0,3.908333333333333,4.0,5,0.0,0.0,50.21944444444444,44.0,96.06857142857143,96.0,116.19534883720931,107.0,1.0864197530864197,1.0,4,0.7777777777777778,2
2.0,0.1,0.5,Illinois,41.7,35,50,43.0,59.6,59.5,62,0.0,0.0,48.8,48.0,52.3,51.0,61.3,72.5,11.7,12.0,14,7.0,10
0.5,0.01,2.0,Florida,41.7,34,77,38.0,9.7,9.5,13,0.4,2.0,56.5,51.0,76.5,80.5,46.0,28.0,21.2,20.5,27,19.3,23
1.0,0.01,1.0,Kansas,41.8,39,43,43.0,39.4,39.5,44,0.0,0.0,46.7,48.0,52.7,49.5,28.0,28.0,27.0,27.0,35,17.4,25
0.5,0.01,0.5,Wisconsin,41.8,31,81,40.5,27.7,28.0,33,0.4,2.0,51.9,48.0,62.9,57.0,28.0,28.0,52.1,51.5,70,26.9,31
2.0,0.01,1.0,Minnesota,41.8,36,51,40.0,31.2,32.5,39,0.4,2.0,46.8,45.0,51.5,48.5,45.5,48.0,57.7,57.0,67,39.3,49
2.0,0.25,2.0,Tennessee,42.0,41,43,42.0,52.5,53.0,54,0.0,0.0,47.1,46.5,54.2,53.0,28.0,28.0,24.6,24.5,29,8.4,11
2.0,0.25,1.0,Tennessee,42.0,41,43,42.0,52.1,52.0,53,0.0,0.0,46.5,46.5,51.8,53.0,28.0,28.0,23.6,24.0,30,8.7,10
0.5,0.25,0.5,Washington,42.0,37,51,41.5,10.4,10.0,13,0.0,0.0,45.8,46.0,50.1,51.5,48.8,50.0,4.5,4.5,6,12.2,14
2.0,0.01,2.0,Wisconsin,42.0,31,48,44.0,37.6,37.0,45,0.1,1.0,53.4,48.0,62.3,58.5,35.0,28.0,65.7,64.5,80,24.6,33
1.0,0.1,0.5,Illinois,42.1,35,50,43.0,55.0,55.0,59,0.0,0.0,47.6,48.0,51.5,50.0,80.4,88.0,9.7,9.5,13,6.1,9
1.0,0.01,1.0,Idaho,42.1,38,44,43.0,11.0,10.0,17,0.5,3.0,44.8,44.0,48.4,47.5,41.5,47.0,35.7,35.0,44,12.4,14
0.5,0.01,2.0,Arizona,42.2,28,47,47.0,8.8,9.0,10,0.3,2.0,51.1,50.0,58.9,54.0,28.2,28.0,11.9,11.5,16,1.6,4
1.0,0.25,0.5,Tennessee,42.2,41,43,43.0,41.7,41.5,44,0.0,0.0,48.2,50.0,53.1,53.0,28.0,28.0,17.7,18.0,20,7.6,11
1.0,0.25,1.0,Tennessee,42.2,41,43,43.0,47.9,47.5,51,0.0,0.0,47.2,50.0,51.8,53.0,28.0,28.0,22.7,22.0,29,9.0,10
1.0,0.01,2.0,Kansas,42.3,39,52,43.0,42.7,42.0,49,0.0,0.0,46.7,44.0,53.8,51.0,28.0,28.0,34.3,34.5,40,19.7,24
ALL,ALL,ALL,Colorado,42.31111111111111,35,71,39.0,21.697222222222223,23.0,27,0.05277777777777778,2.0,45.638888888888886,40.0,49.26111111111111,41.0,28.247222222222224,28.0,36.00277777777778,37.0,51,7.036111111111111,14
0.5,0.01,1.0,Arizona,42.4,28,47,47.0,8.5,8.0,11,0.2,1.0,50.8,50.0,62.5,62.0,36.0,28.0,9.2,8.5,13,1.6,3
2.0,0.25,0.5,Tennessee,42.4,41,43,43.0,49.1,49.0,51,0.0,0.0,48.5,50.0,53.8,53.0,28.0,28.0,23.1,23.5,26,8.8,12
2.0,0.25,2.0,Washington,42.4,38,45,45.0,14.3,14.0,17,0.0,0.0,48.3,49.0,52.8,52.0,42.2,50.0,14.7,14.0,17,12.9,16
0.5,0.01,2.0,Kansas,42.4,36,52,43.0,37.9,38.5,40,0.2,1.0,48.6,50.0,53.2,52.0,31.3,28.0,21.8,21.5,27,15.9,18
1.0,0.01,0.5,Wisconsin,42.4,31,48,44.0,32.6,33.0,38,0.1,1.0,55.3,48.0,68.4,63.0,34.6,28.0,66.0,67.5,80,26.3,35
2.0,0.1,0.5,Oregon,42.5,35,50,45.0,18.4,18.0,21,0.0,0.0,48.5,50.0,53.5,55.0,103.3,102.5,9.9,10.0,12,5.6,7
1.0,0.1,1.0,Illinois,42.5,35,46,43.0,59.1,59.0,61,0.0,0.0,48.8,49.0,51.7,52.0,48.8,42.0,9.5,9.5,15,7.5,9
2.0,0.01,2.0,Idaho,42.5,38,47,43.5,10.4,10.0,14,0.8,3.0,47.6,47.0,62.1,50.5,37.2,28.0,33.2,32.5,43,13.6,16
2.0,0.01,1.0,Kansas,42.5,36,52,43.0,41.3,41.0,46,0.1,1.0,48.8,48.0,51.4,49.5,28.0,28.0,35.8,35.0,47,23.3,27
2.0,0.01,2.0,Kansas,42.5,39,52,41.0,40.8,41.0,45,0.2,1.0,49.0,48.5,55.0,52.0,28.0,28.0,38.7,38.0,47,23.7,27
2.0,0.05,1.0,Vermont,42.6,36,71,36.0,11.1,11.0,12,0.2,1.0,63.5,67.5,68.8,71.0,35.5,28.0,14.8,15.0,19,2.9,6
1.0,0.1,1.0,Tennessee,42.6,41,43,43.0,45.1,44.5,49,0.0,0.0,51.5,50.0,59.7,58.0,28.0,28.0,21.1,22.0,24,7.5,9
0.5,0.25,2.0,Tennessee,42.6,41,43,43.0,47.9,48.0,50,0.0,0.0,48.6,50.0,52.4,53.0,28.0,28.0,21.8,21.0,26,7.9,10
1.0,0.25,2.0,Tennessee,42.6,41,43,43.0,50.2,50.5,53,0.0,0.0,48.6,50.0,53.4,53.0,28.0,28.0,23.3,22.5,30,8.8,10
1.0,0.01,1.0,Wyoming,42.7,36,53,41.0,9.7,9.5,11,0.0,0.0,51.8,50.0,59.3,55.0,120.16666666666667,107.0,1.2857142857142858,1.0,3,0.4,1
1.0,0.01,0.5,Idaho,42.7,38,44,43.0,9.6,9.0,13,0.3,1.0,45.8,44.0,53.9,49.5,47.6,51.0,27.2,26.5,34,10.8,15
1.0,0.01,2.0,Idaho,42.7,38,44,43.0,12.3,12.0,15,0.1,1.0,46.7,44.0,49.5,47.0,37.3,28.0,36.3,36.0,40,12.0,13
2.0,0.01,0.5,Idaho,42.7,38,44,43.0,9.7,10.0,12,0.7,4.0,47.1,46.0,63.2,55.0,45.4,49.5,35.2,36.0,41,14.1,17
2.0,0.01,0.5,Kansas,42.7,39,48,43.0,40.3,42.0,45,0.0,0.0,47.6,49.0,52.3,50.0,28.0,28.0,31.0,30.5,35,20.4,25
0.5,0.1,0.5,Tennessee,42.8,41,43,43.0,27.2,28.0,29,0.0,0.0,53.8,53.0,64.0,63.0,28.0,28.0,10.2,10.0,15,1.7,3
0.5,0.01,1.0,Minnesota,42.8,36,54,40.0,28.3,29.0,36,0.5,3.0,48.1,45.0,51.4,48.5,41.9,37.5,50.8,50.5,61,33.5,42
0.5,0.25,1.0,Washington,42.9,38,45,45.0,12.6,13.0,14,0.0,0.0,49.1,51.0,52.8,52.0,41.2,50.0,9.0,8.0,12,13.3,16
1.0,0.01,1.0,South Dakota,43.0,35,58,35.0,39.3,39.5,43,0.1,1.0,59.7,58.5,64.8,62.0,48.4,28.0,15.3,16.5,19,2.6,4
1.0,0.1,0.5,Oregon,43.0,35,45,45.0,17.3,17.0,20,0.0,0.0,49.8,50.0,54.2,55.0,101.1,107.0,7.4,7.5,10,4.2,5
0.5,0.1,2.0,Oregon,43.0,35,45,45.0,19.6,19.5,22,0.0,0.0,48.0,49.0,52.5,55.0,107.0,107.0,8.1,8.0,10,4.3,6
1.0,0.1,1.0,Oregon,43.0,35,45,45.0,19.4,19.0,21,0.0,0.0,48.2,50.0,52.9,54.5,104.0,106.0,9.7,10.0,11,4.4,6
1.0,0.1,0.5,Tennessee,43.0,43,43,43.0,39.6,39.0,45,0.0,0.0,53.1,53.0,62.4,63.0,28.0,28.0,14.6,15.5,20,6.6,8
1.0,0.1,2.0,Tennessee,43.0,43,43,43.0,46.3,46.5,50,0.0,0.0,52.5,51.5,62.1,63.0,28.0,28.0,19.9,19.0,25,8.3,12
1.0,0.25,1.0,Washington,43.0,40,45,45.0,13.4,12.5,17,0.0,0.0,48.9,51.0,53.2,52.0,36.8,28.0,15.7,15.5,19,13.6,16
2.0,0.25,0.5,Indiana,43.0,43,43,43.0,55.2,55.5,57,0.0,0.0,44.7,45.0,47.8,47.0,41.0,47.0,28.0,29.0,32,21.6,27
2.0,0.05,2.0,New York,43.0,41,61,41.0,12.5,12.0,15,0.4,3.0,58.6,59.0,65.2,68.0,28.0,28.0,180.8,183.5,195,36.7,40
0.5,0.25,0.5,Tennessee,43.1,41,50,43.0,28.9,28.5,32,0.0,0.0,48.2,50.0,53.1,53.0,28.0,28.0,11.6,11.5,15,1.9,3
2.0,0.01,1.0,Arizona,43.1,28,49,47.0,8.8,9.0,10,0.2,2.0,50.3,50.0,72.4,77.0,34.0,28.0,12.8,12.5,16,2.0,3
0.5,0.01,1.0,Kansas,43.1,39,62,39.0,31.0,30.0,36,0.0,0.0,47.4,46.0,51.8,50.5,28.0,28.0,17.6,18.0,22,13.6,16
1.0,0.25,2.0,Washington,43.1,38,45,45.0,13.7,14.5,16,0.0,0.0,48.3,47.0,53.1,52.0,39.0,39.0,13.7,14.0,15,13.7,16
0.5,0.25,0.5,Indiana,43.1,43,44,43.0,47.1,47.0,50,0.0,0.0,44.1,44.0,45.8,45.0,39.8,47.0,19.3,19.0,23,15.6,19
2.0,0.25,2.0,Indiana,43.1,43,44,43.0,58.1,57.0,64,0.0,0.0,44.9,44.5,46.3,45.0,35.6,28.0,26.9,28.0,32,20.7,25
0.5,0.1,0.5,Indiana,43.2,43,45,43.0,41.9,42.0,47,0.0,0.0,46.9,45.0,49.8,52.0,50.6,51.0,16.8,17.0,21,16.8,22
0.5,0.25,1.0,Indiana,43.2,43,45,43.0,54.1,55.0,56,0.0,0.0,44.8,44.0,46.8,45.0,40.2,47.0,22.8,23.5,27,18.7,21
1.0,0.01,2.0,Florida,43.2,38,77,38.0,11.9,13.0,16,1.0,6.0,64.1,60.0,85.4,80.5,33.7,28.0,30.1,30.5,35,20.6,27
0.5,0.01,0.5,South Dakota,43.3,35,103,35.0,25.4,25.0,29,0.2,1.0,62.3,58.0,71.3,68.5,65.0,83.0,7.5,7.0,9,1.1,3
0.5,0.1,1.0,Tennessee,43.3,41,50,43.0,33.2,33.0,38,0.0,0.0,55.1,56.5,67.1,63.0,28.0,28.0,13.6,13.0,19,4.8,6
2.0,0.25,1.0,Indiana,43.3,43,44,43.0,58.4,57.5,64,0.0,0.0,44.4,44.0,46.9,45.0,41.3,47.0,27.2,27.5,33,20.4,25
0.5,0.01,1.0,Idaho,43.4,38,52,43.0,9.2,9.0,12,1.3,9.0,51.4,44.0,55.6,47.5,40.4,38.0,28.7,29.5,34,11.0,14
1.0,0.25,1.0,Indiana,43.4,43,45,43.0,57.0,57.0,59,0.0,0.0,44.9,44.5,47.7,47.0,33.7,28.0,25.2,25.0,29,19.4,23
1.0,0.25,0.5,Indiana,43.4,43,45,43.0,53.4,53.5,57,0.0,0.0,44.6,45.0,47.3,47.0,42.5,47.0,24.0,24.0,27,20.5,24
1.0,0.25,2.0,Indiana,43.4,43,45,43.0,57.9,57.5,62,0.0,0.0,45.0,45.0,48.0,49.0,42.5,47.0,26.1,26.0,29,20.5,25
1.0,0.01,0.5,Iowa,43.4,36,63,36.0,29.4,29.0,35,0.0,0.0,56.2,58.5,60.7,63.5,41.7,28.0,68.1,68.0,75,51.2,60
1.0,0.01,1.0,Nevada,43.5,39,52,44.0,3.7,4.0,5,0.0,0.0,55.6,60.0,152.1,101.0,113.2,107.0,1.9,2.0,3,0.9,2
2.0,0.1,1.0,Indiana,43.5,43,45,43.0,57.2,56.5,62,0.0,0.0,47.9,47.0,50.9,52.0,42.0,47.0,24.3,25.5,26,19.2,23
0.5,0.25,2.0,Indiana,43.5,43,45,43.0,55.3,55.5,59,0.0,0.0,45.4,44.0,46.7,45.0,38.3,37.5,24.1,24.0,28,20.4,23
1.0,0.1,2.0,Washington,43.6,38,45,45.0,13.4,14.0,17,0.0,0.0,51.2,52.0,55.2,56.0,48.8,50.0,14.7,14.5,17,13.3,15
1.0,0.1,2.0,Indiana,43.7,43,45,43.0,56.4,57.0,60,0.0,0.0,46.0,45.0,49.3,50.0,47.1,49.0,24.4,25.0,28,18.7,22
0.5,0.05,1.0,New York,43.7,41,68,41.0,11.5,11.5,14,0.4,2.0,61.3,60.0,65.8,64.0,28.0,28.0,160.0,158.5,169,34.3,37
2.0,0.01,2.0,Minnesota,43.7,36,54,42.5,33.6,34.5,38,0.7,2.0,51.6,48.5,56.2,50.0,38.3,28.0,60.0,60.0,68,36.8,44
0.5,0.01,2.0,Nevada,43.8,39,55,44.0,3.5,3.5,4,0.0,0.0,61.5,60.0,202.6,129.0,110.7,107.0,2.4,2.0,4,0.6,1
1.0,0.01,2.0,Wyoming,43.8,36,57,41.0,9.4,9.0,11,0.0,0.0,53.2,53.0,62.4,61.0,122.33333333333333,107.0,1.2857142857142858,1.0,3,0.9,2
0.5,0.01,0.5,Kansas,43.8,43,50,43.0,25.0,25.0,30,0.0,0.0,49.9,49.0,54.8,52.0,36.3,28.0,11.4,11.0,18,11.9,18
0.5,0.1,2.0,Washington,43.8,38,52,45.0,12.3,12.5,14,0.0,0.0,49.9,52.0,54.7,56.0,41.7,50.0,16.4,16.0,21,13.0,16
2.0,0.01,2.0,Utah,43.9,31,70,41.0,12.0,12.0,14,0.0,0.0,55.1,53.5,69.2,70.0,34.6,28.0,12.7,13.0,16,1.5,4
0.5,0.1,1.0,Indiana,43.9,43,45,43.5,51.0,50.5,54,0.0,0.0,47.6,47.0,50.8,52.0,46.3,51.0,18.6,18.0,23,16.2,19
2.0,0.01,2.0,Iowa,43.9,36,80,36.0,32.3,32.0,38,0.0,0.0,54.5,44.5,57.5,51.0,32.0,28.0,78.9,79.0,91,53.2,60
1.0,0.01,0.5,Utah,44.0,41,54,41.0,9.6,9.5,12,0.2,2.0,54.7,50.5,76.4,70.0,30.1,28.0,10.4,11.0,15,2.1,4
0.5,0.05,2.0,Oregon,44.0,35,45,45.0,18.1,18.0,20,0.0,0.0,50.4,50.0,55.8,55.0,105.8,108.0,6.7,6.5,8,4.1,6
0.5,0.1,0.5,Oregon,44.0,35,45,45.0,10.7,11.0,12,0.0,0.0,49.1,50.0,53.7,54.5,101.0,103.5,5.7,6.0,7,4.3,6
2.0,0.05,0.5,Oregon,44.0,35,50,45.0,18.1,17.0,21,0.0,0.0,50.9,51.0,56.3,55.0,105.6,107.0,8.5,9.0,12,4.5,7
1.0,0.05,0.5,Oregon,44.0,35,45,45.0,15.9,15.5,18,0.1,1.0,54.0,55.0,58.2,56.0,106.0,108.0,6.5,6.5,8,5.0,7
0.5,0.1,1.0,Oregon,44.0,35,45,45.0,15.2,15.0,17,0.0,0.0,49.9,50.0,54.4,55.0,105.8,108.0,7.2,8.0,10,5.0,7
1.0,0.05,0.5,Tennessee,44.0,43,53,43.0,34.9,35.0,39,0.0,0.0,62.2,63.0,75.5,73.0,28.0,28.0,12.5,12.5,17,5.3,8
2.0,0.1,1.0,Oregon,44.0,35,45,45.0,19.6,20.0,22,0.0,0.0,49.3,50.0,53.9,55.0,105.2,108.0,9.5,9.5,11,5.4,7
2.0,0.1,1.0,Tennessee,44.0,43,53,43.0,49.8,50.0,51,0.0,0.0,53.8,53.0,62.7,63.0,28.0,28.0,20.8,21.0,27,7.8,9
0.5,0.01,2.0,Iowa,44.1,36,75,36.0,30.2,30.5,38,0.0,0.0,55.5,48.5,63.0,61.5,28.0,28.0,70.4,68.5,84,51.6,59
2.0,0.01,1.0,North Dakota,44.2,33,61,33.0,16.5,17.0,21,0.0,0.0,64.7,61.0,79.6,77.0,81.9,87.0,7.4,7.5,12,0.5,1
0.5,0.01,1.0,North Dakota,44.2,33,61,33.0,10.6,10.0,14,0.0,0.0,63.0,61.0,71.8,70.0,113.1,100.0,4.0,3.0,7,0.5,1
1.0,0.01,1.0,North Dakota,44.2,33,61,33.0,13.9,13.5,18,0.0,0.0,64.6,61.0,77.0,79.0,96.5,88.5,6.3,6.0,12,0.5,2
2.0,0.05,0.5,Vermont,44.2,36,71,36.0,11.5,11.5,13,0.2,1.0,65.5,64.0,73.5,71.0,29.3,28.0,14.9,15.5,19,2.5,5
0.5,0.01,2.0,South Dakota,44.2,35,58,35.0,38.1,37.5,41,0.1,1.0,54.6,52.0,62.6,60.5,52.0,28.0,12.5,12.0,20,2.7,4
1.0,0.05,1.0,Oregon,44.2,35,52,45.0,18.8,19.0,21,0.0,0.0,51.2,51.0,54.6,55.0,104.0,108.0,9.2,9.0,14,4.1,6
2.0,0.01,0.5,Minnesota,44.2,36,56,43.0,32.0,32.0,39,0.3,1.0,48.9,48.0,52.8,51.5,41.6,35.5,54.4,55.5,58,36.8,42
0.5,0.01,0.5,Wyoming,44.3,36,53,46.0,6.4,6.5,8,0.0,0.0,55.9,53.0,67.8,66.0,102.0,102.0,0.5,0.0,2,0.6,2
0.5,0.05,0.5,Vermont,44.3,36,72,36.0,9.9,10.0,11,0.1,1.0,64.0,69.0,75.9,75.0,31.1,28.0,12.2,12.0,14,1.7,3
2.0,0.05,1.0,Illinois,44.3,35,50,43.0,59.3,59.5,61,0.0,0.0,52.5,51.0,58.3,59.5,66.5,83.5,11.9,12.0,15,5.8,7
1.0,0.25,0.5,Washington,44.3,38,45,45.0,12.9,12.5,15,0.0,0.0,51.0,52.0,54.3,56.0,41.2,50.0,11.3,11.5,14,12.5,14
0.5,0.25,2.0,Washington,44.3,38,45,45.0,13.5,13.5,15,0.0,0.0,50.5,51.5,54.0,54.0,43.4,50.0,14.2,14.0,16,13.2,16
2.0,0.01,1.0,Idaho,44.3,43,52,43.5,10.4,11.0,12,0.5,4.0,46.7,44.5,62.5,53.0,45.2,50.0,33.7,33.0,45,13.8,16
2.0,0.1,0.5,Indiana,44.4,43,45,45.0,55.4,55.0,59,0.0,0.0,49.6,51.0,52.6,53.0,45.1,49.0,21.8,21.5,25,19.1,23
2.0,0.1,2.0,Indiana,44.4,43,45,45.0,57.1,58.0,60,0.0,0.0,50.3,52.0,54.2,54.0,47.4,51.0,24.7,24.0,34,19.4,24
0.5,0.05,0.5,Illinois,44.5,35,64,45.5,39.7,39.0,44,0.0,0.0,52.1,50.0,61.0,63.0,88.8,89.0,5.9,6.0,8,3.4,5
0.5,0.05,0.5,Oregon,44.5,35,50,45.0,9.6,9.5,11,0.0,0.0,51.9,53.0,55.4,56.0,106.2,108.0,4.9,5.0,7,4.1,6
1.0,0.05,2.0,Oregon,44.5,35,50,45.0,18.4,18.5,22,0.0,0.0,50.2,50.0,54.8,55.0,104.9,108.0,8.3,8.0,10,4.9,8
2.0,0.1,0.5,Washington,44.5,38,52,45.0,13.3,13.0,15,0.0,0.0,50.6,52.0,55.2,56.0,45.6,50.0,14.7,15.0,17,13.2,14
0.5,0.01,1.0,Michigan,44.5,34,57,39.0,32.7,33.5,36,1.0,4.0,59.7,61.0,75.9,77.5,66.0,80.5,13.4,13.5,21,13.4,17
1.0,0.01,2.0,Minnesota,44.5,36,54,46.0,31.3,31.5,37,0.6,3.0,51.9,51.0,55.9,51.0,32.8,28.0,56.5,56.0,67,38.6,46
2.0,0.01,2.0,South Dakota,44.6,35,58,43.0,42.6,43.0,46,0.2,1.0,58.9,59.0,67.0,60.5,35.8,28.0,18.9,18.5,23,3.9,5
2.0,0.01,0.5,South Dakota,44.6,35,60,39.0,39.2,39.0,41,0.2,1.0,61.1,59.5,65.0,63.0,53.0,37.0,15.7,16.0,19,4.4,6
1.0,0.05,2.0,New York,44.6,41,59,41.0,11.5,11.5,15,0.2,2.0,54.3,59.0,66.1,62.0,28.0,28.0,186.0,183.5,202,37.4,40
2.0,0.01,0.5,Wyoming,44.7,36,55,44.5,9.7,9.5,13,0.0,0.0,50.8,50.0,57.2,53.0,130.44444444444446,132.0,1.3333333333333333,1.0,2,0.6,1
1.0,0.1,0.5,Indiana,44.7,43,51,44.5,52.1,52.0,58,0.0,0.0,49.1,50.5,52.8,54.0,46.7,51.0,21.8,22.0,26,18.4,21
2.0,0.01,1.0,Florida,44.7,38,77,38.0,10.7,9.5,16,2.1,13.0,66.8,53.5,82.7,76.5,38.5,28.0,31.1,31.0,40,21.9,26
1.0,0.01,1.0,Wisconsin,44.7,31,48,46.0,35.7,35.0,40,0.0,0.0,54.3,48.5,62.0,63.0,41.6,28.0,64.1,63.5,79,26.0,31
1.0,0.05,0.5,New York,44.8,41,61,41.0,11.7,12.0,14,0.8,4.0,60.9,59.0,63.9,61.0,28.0,28.0,175.3,175.5,185,36.3,41
2.0,0.01,0.5,Utah,44.9,41,54,41.0,11.9,12.0,15,0.1,1.0,58.8,56.0,74.1,74.5,44.2,28.0,11.8,11.5,16,1.6,3
2.0,0.01,1.0,Utah,44.9,41,54,41.0,11.8,12.0,13,0.0,0.0,58.7,56.5,73.3,70.0,39.9,28.0,12.4,13.0,15,1.7,3
0.5,0.01,0.5,Oklahoma,44.9,32,72,34.0,14.7,14.0,19,0.1,1.0,59.6,66.5,65.6,73.0,44.9,28.0,3.8,4.0,6,2.0,3
2.0,0.01,1.0,South Dakota,45.0,35,64,39.0,40.9,41.5,42,0.1,1.0,57.9,58.5,63.6,63.5,28.0,28.0,16.8,17.0,25,4.4,7
2.0,0.25,0.5,Montana,45.0,45,45,45.0,18.4,18.0,19,0.0,0.0,46.1,46.0,48.9,47.0,66.2,67.0,8.2,8.0,11,4.6,5
2.0,0.1,1.0,Washington,45.0,45,45,45.0,13.8,13.5,16,0.0,0.0,51.8,52.0,55.2,56.0,39.0,39.0,15.5,15.0,19,12.8,15
1.0,0.1,1.0,Washington,45.0,45,45,45.0,12.7,13.0,14,0.0,0.0,51.8,52.0,55.2,56.0,41.2,50.0,15.8,17.0,20,13.2,16
1.0,0.25,2.0,Montana,45.1,45,46,45.0,18.5,18.5,19,0.0,0.0,46.1,46.0,48.9,47.0,64.0,67.0,8.5,8.5,10,5.5,6
0.5,0.25,0.5,Montana,45.2,45,46,45.0,6.4,6.0,8,0.0,0.0,46.3,46.0,52.7,47.0,64.0,67.0,3.3,3.5,5,0.5,2
1.0,0.25,0.5,Montana,45.2,45,46,45.0,16.3,16.0,18,0.0,0.0,46.2,46.0,50.8,47.0,69.2,67.0,6.8,7.0,8,3.1,4
2.0,0.25,2.0,Montana,45.2,45,46,45.0,18.0,18.0,18,0.0,0.0,46.2,46.0,50.8,47.0,65.5,67.0,8.9,9.0,12,6.1,7
2.0,0.01,2.0,Michigan,45.2,34,75,36.0,38.8,39.5,42,1.9,7.0,68.4,70.0,79.7,78.0,66.9,55.5,16.8,17.0,21,17.2,25
0.5,0.05,0.5,New York,45.2,41,61,41.0,10.6,10.5,15,0.2,1.0,59.7,60.0,70.5,64.0,28.0,28.0,130.6,131.0,140,33.2,38
2.0,0.01,2.0,Wyoming,45.3,36,53,46.0,9.9,10.5,11,0.0,0.0,56.3,54.0,61.8,57.0,178.25,182.5,1.2222222222222223,1.0,3,0.6,2
0.5,0.25,1.0,Montana,45.3,45,46,45.0,12.0,12.0,13,0.0,0.0,46.4,46.0,54.6,47.0,67.0,67.0,5.7,6.0,7,1.0,2
0.5,0.25,2.0,Montana,45.3,45,46,45.0,18.1,18.0,19,0.0,0.0,46.3,46.0,52.7,47.0,65.5,67.0,7.2,7.0,10,3.3,4
0.5,0.1,2.0,Indiana,45.3,43,52,45.0,55.3,56.0,60,0.0,0.0,50.4,52.0,53.0,54.0,47.6,51.0,19.9,20.0,24,17.5,25
0.5,0.1,2.0,Tennessee,45.4,41,63,43.0,44.6,44.5,49,0.0,0.0,52.8,50.0,61.8,61.5,28.0,28.0,20.8,21.0,25,7.4,10
2.0,0.1,0.5,Tennessee,45.4,43,60,43.0,45.4,45.5,48,0.0,0.0,53.5,51.5,59.4,58.0,28.0,28.0,19.8,20.0,24,8.4,11
0.5,0.01,0.5,California,45.4,34,93,34.0,5.6,5.5,7,9.1,16.0,67.7,58.0,97.5,107.0,28.0,28.0,61.9,62.5,71,21.9,24
ALL,ALL,ALL,Oregon,45.425,35,113,45.0,17.169444444444444,18.0,23,0.008333333333333333,1.0,54.71944444444444,50.0,60.18888888888889,55.0,100.6927374301676,106.0,7.7444444444444445,8.0,14,4.258333333333334,9
2.0,0.25,1.0,Montana,45.5,45,47,45.0,19.0,19.0,19,0.0,0.0,48.4,46.5,57.2,56.5,67.7,67.0,7.6,8.0,9,5.0,5
1.0,0.1,1.0,Indiana,45.5,43,52,44.5,54.6,55.0,58,0.0,0.0,49.1,49.0,53.1,53.0,46.4,49.0,23.1,23.0,26,19.6,27
1.0,0.1,0.5,Montana,45.6,45,46,46.0,15.0,15.0,16,0.0,0.0,46.7,47.0,60.3,66.0,67.0,67.0,5.7,6.0,8,3.2,4
2.0,0.1,1.0,Montana,45.6,45,47,45.0,18.6,19.0,19,0.0,0.0,50.2,46.0,56.0,47.0,64.9,67.0,7.4,7.0,11,5.1,6
0.5,0.1,1.0,Washington,45.6,38,52,45.0,11.5,12.0,13,0.0,0.0,51.2,52.0,54.8,56.0,46.6,50.0,10.3,10.5,12,12.0,15
2.0,0.01,0.5,Florida,45.6,34,77,38.0,11.2,12.0,13,0.5,1.0,69.7,77.0,83.7,84.5,34.1,28.0,24.6,22.5,36,20.9,24
2.0,0.05,1.0,New York,45.6,41,67,41.0,11.3,11.0,15,0.3,2.0,56.6,60.0,69.9,62.0,28.0,28.0,182.0,181.0,199,37.8,41
2.0,0.01,1.0,Wyoming,45.7,36,55,44.5,10.6,10.5,12,0.0,0.0,54.8,53.0,60.4,57.0,139.55555555555554,132.0,1.4444444444444444,1.0,3,0.7,1
0.5,0.1,0.5,Washington,45.7,38,52,45.0,9.2,9.0,14,0.0,0.0,50.8,52.0,54.9,56.0,47.1,50.0,5.7,5.0,8,11.4,14
0.5,0.1,0.5,Montana,45.8,45,47,46.0,5.5,5.5,6,0.0,0.0,48.6,47.0,61.0,66.0,68.5,67.0,2.3,2.0,4,0.3,1
0.5,0.05,2.0,Vermont,45.8,36,71,36.0,10.7,10.5,14,0.5,4.0,71.0,71.0,81.3,82.0,29.3,28.0,15.1,15.5,18,3.3,5
1.0,0.25,1.0,Montana,45.8,45,47,46.0,19.0,19.0,19,0.0,0.0,48.6,47.0,61.0,66.0,67.0,67.0,6.9,6.5,10,4.7,5
1.0,0.1,1.0,Montana,45.8,45,47,46.0,18.3,18.0,19,0.0,0.0,48.7,47.0,62.9,66.0,64.0,67.0,6.7,7.0,9,4.7,5
2.0,0.1,2.0,Montana,45.8,45,47,46.0,17.6,18.0,18,0.0,0.0,50.7,47.0,65.5,66.0,65.5,67.0,6.4,6.0,8,6.1,7
1.0,0.01,0.5,Nevada,45.9,40,60,44.0,3.6,4.0,5,0.0,0.0,59.5,60.0,122.44444444444444,101.0,112.1,107.0,2.0,2.0,3,0.4,1
0.5,0.01,1.0,South Dakota,45.9,35,73,43.0,32.8,33.0,36,0.2,1.0,58.8,58.0,64.0,59.0,46.3,28.0,10.8,11.0,13,2.7,4
0.5,0.1,2.0,Montana,45.9,45,47,46.0,17.8,18.0,19,0.0,0.0,48.7,47.0,62.9,66.0,66.4,67.0,7.0,7.0,8,3.6,4
2.0,0.01,1.0,Missouri,46.0,32,72,37.0,56.0,55.5,59,0.0,0.0,80.3,79.0,89.4,91.5,130.6,131.5,5.1,5.0,9,3.3,5
2.0,0.1,0.5,Montana,46.0,45,47,46.0,18.6,19.0,19,0.0,0.0,48.8,47.0,64.8,66.0,67.0,67.0,6.4,6.0,10,4.9,5
2.0,0.05,0.5,Tennessee,46.0,43,63,43.0,42.4,42.5,45,0.0,0.0,60.4,58.0,70.3,68.0,35.0,28.0,17.8,18.5,22,7.0,9
0.5,0.05,1.0,Montana,46.1,45,47,46.0,10.8,11.0,12,0.0,0.0,58.4,66.0,70.2,73.0,66.0,67.0,3.7,3.5,6,0.7,2
0.5,0.05,0.5,Montana,46.1,45,47,46.0,5.4,5.0,7,0.0,0.0,56.3,56.5,65.7,69.5,65.5,67.0,2.5,2.0,5,0.7,2
1.0,0.05,1.0,Montana,46.1,45,47,46.0,17.1,17.0,19,0.0,0.0,52.6,47.0,66.2,66.0,66.5,67.0,6.0,6.0,9,3.5,5
0.5,0.05,1.0,Oregon,46.1,45,50,45.0,14.8,15.0,17,0.0,0.0,51.4,51.0,55.8,55.0,101.8,106.0,7.4,7.0,10,4.3,7
1.0,0.05,2.0,Montana,46.1,45,47,46.0,18.3,19.0,19,0.0,0.0,52.6,47.0,68.1,66.0,66.4,67.0,7.8,8.0,10,4.4,6
1.0,0.05,0.5,Illinois,46.1,35,52,46.5,52.3,52.5,55,0.0,0.0,53.8,52.5,58.9,62.0,88.1,89.0,9.8,10.0,12,5.0,7
1.0,0.1,2.0,Montana,46.1,45,47,46.0,18.9,19.0,20,0.0,0.0,54.5,47.0,66.9,66.0,68.5,67.0,5.8,5.5,10,5.0,6
0.5,0.01,1.0,Wyoming,46.2,36,62,47.5,7.6,8.0,10,0.0,0.0,53.6,53.0,63.4,60.0,89.0,89.0,0.4,0.0,1,0.4,1
2.0,0.01,0.5,Arizona,46.2,28,77,47.0,9.1,9.5,11,0.4,2.0,53.9,50.0,71.4,75.0,31.0,28.0,12.2,11.5,16,1.8,4
2.0,0.05,1.0,Montana,46.2,45,47,46.0,17.9,18.0,19,0.0,0.0,52.6,47.0,68.8,66.0,67.0,67.0,6.2,6.0,10,4.7,5
2.0,0.05,2.0,Montana,46.2,45,47,46.0,17.7,17.5,19,0.0,0.0,56.5,56.5,69.5,69.5,66.3,67.0,6.8,7.5,8,5.4,7
2.0,0.1,2.0,Tennessee,46.2,41,63,43.0,50.0,50.0,52,0.0,0.0,55.1,53.0,65.2,63.0,28.0,28.0,21.4,22.0,25,8.5,10
0.5,0.1,1.0,Montana,46.3,46,47,46.0,11.2,11.0,12,0.0,0.0,52.7,47.0,68.1,66.0,67.0,67.0,3.9,4.0,5,0.3,1
1.0,0.05,0.5,Montana,46.3,45,47,46.0,14.3,14.0,17,0.0,0.0,54.6,47.0,79.1,66.0,66.5,67.0,4.9,5.0,8,3.0,4
1.0,0.25,1.0,Ohio,46.3,44,50,45.0,57.1,57.0,60,0.0,0.0,49.8,49.0,52.2,51.0,60.5,56.0,36.1,35.5,45,14.9,17
1.0,0.01,1.0,Michigan,46.3,34,75,35.0,34.5,36.5,38,1.8,6.0,63.0,67.0,77.2,78.0,50.4,28.0,18.1,18.5,25,19.6,27
1.0,0.01,2.0,Nevada,46.4,40,60,44.0,3.8,4.0,5,0.0,0.0,62.3,60.0,120.9,96.0,108.7,107.0,2.4,2.0,4,0.9,2
1.0,0.1,0.5,Washington,46.4,38,52,45.0,11.7,11.5,13,0.0,0.0,51.2,52.0,55.2,56.0,39.0,39.0,13.9,14.0,18,12.9,15
0.5,0.01,2.0,Minnesota,46.4,40,54,47.5,32.5,34.5,40,1.0,3.0,52.9,54.0,56.0,55.0,39.2,28.0,54.7,56.0,62,36.6,49
1.0,0.01,1.0,Utah,46.6,38,70,41.0,11.8,12.0,13,0.0,0.0,62.0,54.0,78.1,75.5,45.8,28.0,11.6,12.0,16,1.7,3
2.0,0.05,1.0,Oregon,46.6,45,52,45.0,19.2,19.0,21,0.0,0.0,52.7,51.0,57.3,56.0,103.1,107.0,7.6,7.5,11,5.0,7
1.0,0.01,0.5,Wyoming,46.7,41,55,48.0,8.1,8.0,10,0.0,0.0,54.9,53.0,62.6,57.0,149.8,132.0,0.5555555555555556,1.0,1,0.8,1
0.5,0.01,2.0,Oregon,46.7,35,54,45.0,15.5,15.5,18,0.0,0.0,69.0,73.0,78.3,78.0,84.4,81.0,6.3,5.5,11,3.6,5
2.0,0.05,2.0,Oregon,46.7,45,52,45.0,18.8,18.5,20,0.0,0.0,51.2,50.0,55.4,55.0,102.4,107.0,8.8,8.5,11,4.8,6
1.0,0.05,1.0,Illinois,46.8,35,52,49.0,55.6,55.5,59,0.0,0.0,54.7,53.5,57.2,56.5,54.6,43.0,10.6,11.0,15,6.5,11
1.0,0.05,2.0,Tennessee,46.8,41,63,43.0,42.7,42.5,46,0.0,0.0,60.4,58.0,72.0,73.0,34.3,28.0,18.2,18.5,22,7.8,10
2.0,0.05,0.5,New York,46.8,41,61,41.0,11.6,12.0,15,1.0,7.0,60.5,60.0,69.8,63.0,28.0,28.0,185.4,185.5,198,37.7,41
0.5,0.25,2.0,Ohio,46.9,44,50,47.0,58.0,58.0,60,0.0,0.0,49.7,49.0,52.1,50.0,57.6,63.5,37.0,37.5,41,13.2,15
2.0,0.01,2.0,North Dakota,47.0,33,61,47.0,18.0,18.0,20,0.0,0.0,65.0,65.5,73.3,73.0,91.5,87.0,7.4,7.0,11,0.9,3
0.5,0.25,0.5,Ohio,47.0,44,50,47.0,53.1,52.5,57,0.0,0.0,50.1,49.5,54.0,53.5,54.3,56.0,31.6,31.0,39,11.8,14
2.0,0.05,1.0,Indiana,47.0,43,52,45.0,55.2,55.0,60,0.0,0.0,52.0,52.0,58.0,57.0,50.9,54.5,20.9,20.5,24,17.7,23
2.0,0.01,1.0,Nevada,47.1,44,75,44.0,3.8,4.0,4,0.0,0.0,61.2,60.0,161.5,116.0,107.0,107.0,2.1,2.0,3,0.8,2
0.5,0.05,1.0,Illinois,47.1,35,52,50.0,50.7,51.0,54,0.0,0.0,55.8,54.5,59.0,59.5,80.4,89.0,8.9,8.5,11,3.6,6
2.0,0.1,2.0,Washington,47.1,45,52,45.0,13.0,13.5,15,0.0,0.0,51.4,52.0,55.2,56.0,45.4,50.0,16.2,16.0,19,13.7,16
2.0,0.05,2.0,Washington,47.1,45,52,45.0,11.7,11.5,15,0.0,0.0,52.4,52.0,56.8,56.0,43.4,50.0,15.7,15.5,19,14.3,17
1.0,0.05,2.0,Washington,47.1,45,52,45.0,11.3,11.5,14,0.0,0.0,52.8,52.0,60.8,56.0,48.2,50.0,18.1,18.5,24,14.5,16
1.0,0.25,2.0,Ohio,47.1,44,49,49.0,57.7,57.0,61,0.0,0.0,49.1,49.0,51.4,52.0,59.5,56.0,37.3,37.0,43,15.1,18
2.0,0.25,2.0,Ohio,47.2,44,50,49.0,60.1,60.5,63,0.0,0.0,49.5,49.5,52.5,52.0,61.0,64.0,37.4,36.5,42,14.3,17
1.0,0.25,0.5,Ohio,47.3,44,50,49.0,56.7,57.0,59,0.0,0.0,49.8,49.5,51.9,52.0,61.2,64.0,35.4,35.5,41,13.9,17
0.5,0.05,1.0,Indiana,47.3,43,54,45.0,49.7,49.5,54,0.0,0.0,52.5,52.0,60.0,56.5,55.2,55.5,17.5,17.0,26,13.9,21
2.0,0.05,2.0,Indiana,47.3,43,52,45.0,57.1,57.5,62,0.0,0.0,52.6,53.0,59.3,57.5,52.4,57.0,22.0,22.5,28,17.8,24
1.0,0.01,1.0,Minnesota,47.3,40,54,45.5,32.6,32.5,42,0.4,3.0,51.1,51.0,54.1,54.0,33.3,28.0,56.8,55.5,69,36.0,46
0.5,0.01,0.5,Arizona,47.5,28,77,47.0,8.4,8.5,10,0.4,1.0,61.0,50.0,67.0,60.0,41.3,28.0,5.5,5.5,9,1.6,4
0.5,0.05,0.5,Indiana,47.5,43,54,45.0,41.4,42.0,44,0.0,0.0,52.9,52.0,55.6,54.0,57.0,58.0,14.1,14.0,18,12.8,17
1.0,0.05,1.0,Washington,47.5,38,56,45.0,10.8,11.0,14,0.8,8.0,55.1,52.0,60.5,56.0,51.6,50.0,16.5,17.0,22,14.6,19
2.0,0.25,1.0,Ohio,47.5,45,52,48.0,58.6,59.0,60,0.0,0.0,49.7,49.5,51.3,51.0,59.0,56.0,37.8,37.0,45,15.3,20
1.0,0.05,2.0,Illinois,47.6,35,58,49.0,58.1,57.5,61,0.0,0.0,56.2,55.0,61.6,63.0,58.5,58.5,12.5,13.0,15,7.1,9
0.5,0.05,2.0,Tennessee,47.7,43,73,43.0,41.5,42.0,44,0.0,0.0,61.7,63.0,75.6,73.0,28.0,28.0,16.8,16.5,21,6.9,8
0.5,0.05,2.0,New York,47.7,41,68,41.0,11.6,11.5,14,0.8,5.0,61.2,61.0,68.8,67.5,28.0,28.0,187.0,189.0,205,36.7,42
ALL,ALL,ALL,Illinois,47.76111111111111,35,110,43.0,52.71388888888889,56.0,65,0.005555555555555556,1.0,57.044444444444444,50.0,62.63611111111111,55.0,73.53888888888889,87.0,9.977777777777778,10.0,21,5.741666666666666,12
0.5,0.01,2.0,Utah,47.8,41,54,50.0,11.9,12.0,14,0.2,1.0,66.0,60.0,77.0,68.5,33.9,28.0,12.1,11.5,18,1.2,2
2.0,0.05,0.5,Illinois,47.8,35,62,49.0,58.2,58.0,62,0.0,0.0,56.6,56.5,59.6,59.0,54.8,28.0,11.4,11.0,13,5.7,7
2.0,0.01,1.0,Nebraska,47.8,33,61,53.0,40.1,40.0,43,0.2,1.0,57.9,58.0,63.2,62.0,78.9,73.0,3.6,3.0,6,6.0,10
0.5,0.05,0.5,Washington,47.8,38,52,48.5,8.2,8.5,10,0.2,2.0,52.7,52.0,57.9,56.0,50.2,53.0,6.5,6.0,8,10.7,15
2.0,0.05,1.0,Washington,47.8,45,52,45.0,12.2,12.0,15,0.0,0.0,52.4,52.0,56.9,56.0,47.9,50.0,17.0,16.5,21,13.9,16
0.5,0.25,1.0,Ohio,47.8,44,55,49.0,56.0,55.5,60,0.0,0.0,50.0,49.5,52.6,51.5,55.1,56.0,37.5,37.5,42,14.6,20
2.0,0.01,2.0,Nevada,48.0,44,60,44.0,3.6,3.5,5,0.0,0.0,81.2,60.0,202.1,128.5,110.44444444444444,107.0,2.2222222222222223,2.0,4,0.9,2
2.0,0.05,2.0,Illinois,48.0,35,62,50.0,59.5,60.0,63,0.0,0.0,55.8,57.0,59.0,59.0,76.8,89.0,12.4,12.0,15,6.3,9
2.0,0.25,0.5,Ohio,48.0,44,50,49.0,58.4,58.0,61,0.0,0.0,50.2,50.0,53.1,52.5,61.6,63.5,34.8,35.0,38,13.6,17
0.5,0.25,2.0,Pennsylvania,48.1,46,49,49.0,50.5,50.5,55,0.0,0.0,54.0,55.0,56.5,55.0,28.0,28.0,51.3,52.5,61,8.9,14
2.0,0.25,1.0,Pennsylvania,48.1,46,49,49.0,50.2,51.0,52,0.1,1.0,53.2,55.0,57.2,55.0,28.0,28.0,47.4,49.5,55,9.8,14
0.5,0.05,1.0,Washington,48.2,45,56,45.0,9.5,9.5,11,0.1,1.0,54.1,52.0,59.2,56.0,46.4,39.0,13.0,13.0,16,12.8,14
1.0,0.05,2.0,Indiana,48.2,43,54,47.0,56.0,57.5,60,0.0,0.0,52.7,52.0,56.4,55.0,46.5,51.0,18.1,17.0,22,16.1,22
0.5,0.25,1.0,Pennsylvania,48.4,46,49,49.0,47.8,48.0,52,0.1,1.0,53.8,55.0,56.7,55.0,28.0,28.0,51.4,52.5,58,8.6,15
0.5,0.25,0.5,Pennsylvania,48.4,46,49,49.0,44.9,45.0,48,0.1,1.0,53.0,55.0,56.9,55.0,28.0,28.0,47.5,47.5,55,8.7,12
2.0,0.25,0.5,Pennsylvania,48.4,46,49,49.0,50.5,50.0,56,0.2,1.0,53.8,55.0,55.4,55.0,28.0,28.0,44.9,45.0,59,8.9,12
2.0,0.1,0.5,Pennsylvania,48.4,46,49,49.0,49.2,49.5,53,0.1,1.0,54.6,55.0,60.8,63.0,28.0,28.0,40.5,41.0,53,9.2,14
1.0,0.25,2.0,Pennsylvania,48.4,46,49,49.0,50.1,49.5,54,0.1,1.0,53.8,55.0,56.6,55.0,28.0,28.0,46.2,47.0,54,9.4,13
0.5,0.05,2.0,Washington,48.5,45,52,48.5,11.1,11.0,14,0.0,0.0,53.2,52.0,59.5,56.0,47.2,50.0,15.9,16.0,20,13.5,16
2.0,0.05,0.5,Washington,48.5,45,52,48.5,12.1,12.0,15,0.0,0.0,53.2,52.0,58.7,56.0,47.7,50.0,16.7,16.5,21,13.5,16
0.5,0.01,2.0,Wyoming,48.6,36,65,49.0,8.4,8.5,10,0.0,0.0,58.7,55.0,67.4,69.0,180.85714285714286,189.0,0.8888888888888888,1.0,2,0.5,1
2.0,0.05,1.0,Tennessee,48.7,43,63,43.0,45.9,46.0,50,0.0,0.0,62.8,63.0,71.2,70.0,28.0,28.0,19.4,19.0,23,6.9,8
0.5,0.1,1.0,Pennsylvania,48.7,46,49,49.0,46.0,46.0,49,0.0,0.0,56.3,55.0,60.8,60.5,28.0,28.0,44.1,45.5,48,8.0,10
0.5,0.05,0.5,Pennsylvania,48.7,46,49,49.0,41.5,43.0,44,0.0,0.0,56.9,55.0,65.6,63.0,31.3,28.0,31.2,32.0,39,8.2,12
2.0,0.1,2.0,Pennsylvania,48.7,46,49,49.0,51.1,51.5,53,0.1,1.0,56.3,55.0,61.1,63.0,28.0,28.0,40.6,40.0,49,8.2,12
0.5,0.1,0.5,Pennsylvania,48.7,46,49,49.0,43.3,44.0,45,0.0,0.0,55.2,55.0,58.5,58.0,28.0,28.0,39.3,37.5,52,8.6,12
2.0,0.25,2.0,Pennsylvania,48.7,46,49,49.0,50.9,51.0,54,0.1,1.0,54.4,55.0,55.8,55.0,28.0,28.0,48.6,47.5,57,8.9,12
1.0,0.25,0.5,Pennsylvania,48.7,46,49,49.0,47.7,47.5,51,0.0,0.0,54.0,55.0,55.8,55.0,28.0,28.0,47.2,46.5,56,9.1,13
1.0,0.25,1.0,Pennsylvania,48.7,46,49,49.0,49.8,50.5,52,0.0,0.0,53.6,55.0,56.2,55.0,28.0,28.0,49.1,50.0,59,9.2,13
0.5,0.01,1.0,Colorado,48.8,39,65,45.0,15.3,15.5,18,0.4,2.0,57.4,56.5,68.0,69.0,28.0,28.0,30.7,31.0,40,7.3,9
0.5,0.01,0.5,Minnesota,48.8,36,77,48.0,26.2,25.0,33,0.7,4.0,55.4,55.0,59.6,60.0,54.9,61.5,36.1,37.0,46,30.5,37
0.5,0.01,1.0,Utah,48.9,41,66,49.0,9.5,9.5,12,0.0,0.0,64.5,63.0,79.9,76.5,32.2,28.0,9.0,9.0,12,0.9,3
1.0,0.01,0.5,Minnesota,48.9,36,71,47.0,31.3,29.5,37,0.3,1.0,55.1,56.0,59.5,59.5,42.8,37.5,49.6,50.0,58,33.9,40
ALL,ALL,ALL,Washington,48.922222222222224,37,101,45.0,11.147222222222222,11.5,17,0.23333333333333334,10.0,55.93888888888889,52.0,64.48467966573816,56.0,43.9,50.0,14.11111111111111,14.5,25,12.952777777777778,19
0.5,0.05,1.0,Tennessee,49.0,43,63,43.0,29.2,28.5,35,0.0,0.0,65.4,63.0,80.3,81.0,28.0,28.0,10.5,10.0,19,4.7,6
2.0,0.1,1.0,Pennsylvania,49.0,49,49,49.0,51.0,51.0,54,0.0,0.0,57.4,55.0,60.3,58.0,28.0,28.0,40.8,41.0,48,8.3,13
0.5,0.1,2.0,Pennsylvania,49.0,49,49,49.0,48.5,48.5,52,0.0,0.0,56.1,55.0,59.3,60.5,28.0,28.0,41.4,40.5,46,8.6,13
1.0,0.1,1.0,Pennsylvania,49.0,49,49,49.0,48.9,49.5,52,0.0,0.0,56.9,55.0,60.2,59.0,28.0,28.0,40.7,40.5,46,9.1,13
1.0,0.1,2.0,Pennsylvania,49.0,49,49,49.0,49.1,49.0,52,0.0,0.0,56.2,55.0,60.8,60.5,28.0,28.0,44.4,43.0,56,9.8,12
1.0,0.05,0.5,Indiana,49.0,43,52,52.0,52.6,51.5,60,0.0,0.0,52.9,54.0,61.9,57.0,54.0,56.0,19.4,19.0,23,14.9,19
1.0,0.05,1.0,Indiana,49.1,43,67,45.0,54.5,54.0,59,0.0,0.0,52.8,53.0,60.1,56.5,56.4,55.5,18.0,18.0,25,14.7,21
2.0,0.05,0.5,Indiana,49.2,43,56,50.0,56.0,55.5,59,0.0,0.0,54.8,54.0,58.2,56.0,55.3,58.0,20.8,21.5,25,16.5,18
2.0,0.25,2.0,Georgia,49.3,42,61,51.0,58.0,58.0,60,0.0,0.0,57.8,57.0,61.6,59.0,75.4,75.5,11.3,11.0,16,7.5,9
0.5,0.01,0.5,Florida,49.3,38,99,38.0,8.4,8.5,12,1.0,7.0,67.0,53.5,91.9,95.0,46.9,38.5,11.1,10.0,20,12.5,17
ALL,ALL,ALL,New York,49.30833333333333,41,116,41.0,12.366666666666667,12.0,19,1.461111111111111,21.0,64.73333333333333,59.0,75.425,61.0,28.180555555555557,28.0,171.425,176.0,218,35.62777777777778,43
2.0,0.1,1.0,Ohio,49.4,44,52,49.5,58.7,58.5,62,0.0,0.0,53.0,52.0,57.3,56.0,71.3,72.0,36.3,36.0,42,13.7,18
1.0,0.01,0.5,Michigan,49.4,34,75,56.0,34.9,35.5,41,0.7,4.0,58.8,58.0,73.3,75.0,41.7,28.0,14.6,14.5,19,15.1,20
1.0,0.1,0.5,Pennsylvania,49.6,49,55,49.0,47.0,47.0,50,0.0,0.0,57.4,55.0,61.8,63.0,28.0,28.0,40.7,40.0,46,9.7,15
2.0,0.1,0.5,Ohio,49.6,44,63,49.0,57.6,58.0,62,0.1,1.0,56.0,54.5,61.3,62.0,68.1,72.0,35.2,36.0,41,12.9,16
1.0,0.05,2.0,Pennsylvania,49.7,49,56,49.0,49.8,50.0,52,0.0,0.0,62.9,63.0,68.4,69.0,31.3,28.0,39.1,39.0,45,7.9,10
2.0,0.01,0.5,North Dakota,49.8,33,61,61.0,15.3,15.0,19,0.0,0.0,74.7,73.0,84.3,88.0,102.8,108.5,6.1,6.0,10,0.6,2
0.5,0.01,0.5,North Dakota,49.8,33,61,61.0,8.4,8.0,11,0.0,0.0,71.2,79.0,88.6,88.0,126.9,98.0,2.4,2.5,3,0.6,2
1.0,0.01,2.0,North Dakota,49.8,33,61,61.0,16.2,16.0,18,0.0,0.0,70.3,74.5,85.8,88.0,96.4,87.0,5.6,6.0,9,1.0,2
1.0,0.01,0.5,South Dakota,49.8,35,75,47.5,36.1,36.0,37,0.1,1.0,63.9,61.0,68.0,66.0,50.0,28.0,12.6,13.0,15,1.8,3
0.5,0.05,2.0,Montana,50.0,45,66,46.5,16.0,16.0,18,0.0,0.0,59.7,66.0,72.2,73.0,67.0,67.0,6.3,6.5,10,2.8,4
0.5,0.1,2.0,Ohio,50.0,44,61,50.0,56.7,57.0,61,0.0,0.0,55.7,54.0,63.5,62.5,69.1,72.0,36.5,36.0,43,13.0,17
2.0,0.05,0.5,Montana,50.1,45,66,46.0,16.7,17.0,19,0.0,0.0,55.9,47.0,69.5,66.0,66.0,67.0,6.9,6.5,12,4.5,6
0.5,0.01,0.5,Utah,50.2,38,81,41.5,7.3,7.5,9,0.2,2.0,66.9,54.0,81.8,70.0,43.1,28.0,6.8,6.5,10,0.7,2
1.0,0.1,0.5,Ohio,50.2,44,61,49.0,54.7,55.0,60,0.1,1.0,56.0,56.0,62.5,63.5,65.0,72.0,34.6,36.0,40,12.6,17
0.5,0.05,2.0,Indiana,50.2,43,57,52.0,54.4,54.0,61,0.1,1.0,54.4,54.0,60.9,58.0,57.3,63.0,14.9,14.0,20,14.4,18
1.0,0.05,0.5,Washington,50.3,45,56,52.0,10.1,10.0,13,0.0,0.0,53.8,52.0,59.9,56.0,42.0,39.0,14.3,13.5,18,12.5,15
0.5,0.05,2.0,Illinois,50.4,43,62,50.0,55.4,55.0,60,0.0,0.0,57.8,61.0,61.9,64.0,62.5,78.0,9.2,9.0,12,5.9,10
0.5,0.05,1.0,Pennsylvania,50.4,49,63,49.0,43.1,43.0,46,0.0,0.0,61.7,63.0,67.2,69.0,28.0,28.0,38.6,37.0,49,8.3,10
1.0,0.05,1.0,Pennsylvania,50.4,49,63,49.0,47.1,47.0,53,0.0,0.0,60.6,56.5,67.6,67.5,28.0,28.0,39.2,39.5,48,9.6,13
0.5,0.01,0.5,Idaho,50.4,38,87,44.0,8.0,8.0,11,0.4,1.0,54.4,46.0,67.1,48.0,49.2,51.5,22.6,23.0,28,10.0,13
ALL,ALL,ALL,Indiana,50.547222222222224,43,90,45.0,51.71944444444444,54.0,64,0.019444444444444445,1.0,56.769444444444446,52.0,61.73888888888889,54.0,56.980555555555554,51.0,19.113888888888887,20.0,34,16.06388888888889,27
1.0,0.01,2.0,South Dakota,50.6,35,66,54.5,40.8,40.0,44,0.0,0.0,58.0,59.0,65.2,63.5,48.5,28.0,17.7,18.0,20,4.7,9
2.0,0.25,0.5,Georgia,50.6,42,59,51.0,57.7,58.0,60,0.0,0.0,58.4,57.0,64.8,61.0,66.7,59.0,11.9,11.5,16,6.7,9
2.0,0.01,2.0,Nebraska,50.7,33,58,53.0,41.7,42.0,45,0.2,1.0,59.7,59.5,64.9,64.5,149.8,75.0,4.0,4.5,7,7.6,12
2.0,0.01,1.0,Colorado,51.0,35,71,46.0,19.2,19.0,22,0.2,1.0,61.1,65.0,67.5,68.0,28.0,28.0,39.7,39.0,50,8.6,12
2.0,0.05,0.5,Pennsylvania,51.0,49,63,49.0,48.1,48.0,52,0.0,0.0,60.5,60.5,66.1,65.5,28.0,28.0,39.5,38.5,47,9.0,14
1.0,0.01,2.0,Oregon,51.1,45,54,54.0,17.7,17.5,21,0.0,0.0,72.3,73.0,79.4,82.0,91.8,81.0,6.7,6.5,9,2.6,7
0.5,0.1,1.0,Ohio,51.1,45,61,49.5,54.8,54.0,63,0.0,0.0,56.6,56.0,61.2,61.0,71.6,75.0,34.4,34.0,47,11.4,14
0.5,0.1,0.5,Ohio,51.1,44,61,49.0,48.3,48.5,53,0.0,0.0,56.4,55.0,62.8,63.0,65.3,72.0,26.8,26.5,31,11.6,16
2.0,0.05,1.0,Pennsylvania,51.2,46,74,49.0,49.4,49.5,54,0.0,0.0,59.3,58.0,65.9,64.0,28.0,28.0,39.7,40.0,47,8.8,12
1.0,0.25,0.5,Georgia,51.3,42,57,54.0,52.3,51.5,55,0.0,0.0,58.4,59.0,62.6,61.0,71.3,59.0,5.1,5.0,7,1.1,2
0.5,0.05,2.0,Pennsylvania,51.3,49,63,49.0,47.7,48.0,50,0.0,0.0,62.7,63.0,68.1,67.5,28.0,28.0,38.2,37.5,49,8.6,11
2.0,0.01,2.0,Colorado,51.3,39,69,46.0,19.6,19.5,22,0.3,1.0,56.9,56.5,64.5,65.0,28.0,28.0,44.6,45.5,51,8.6,13
0.5,0.05,0.5,Tennessee,51.4,43,63,50.0,22.4,22.5,26,0.0,0.0,62.4,63.0,72.2,73.0,34.8,28.0,7.4,7.0,11,1.8,3
1.0,0.1,2.0,Ohio,51.5,45,61,50.0,56.4,57.0,60,0.0,0.0,56.9,58.5,61.5,62.5,74.5,74.0,36.7,36.0,44,15.2,20
1.0,0.01,1.0,Colorado,51.7,39,71,54.0,17.3,16.5,21,0.1,1.0,59.8,59.0,68.6,69.5,31.8,28.0,40.7,40.0,49,8.6,10
1.0,0.05,0.5,Pennsylvania,51.8,49,63,49.0,45.7,46.0,48,0.0,0.0,62.5,63.0,68.5,69.0,31.3,28.0,35.3,36.0,45,8.1,11
2.0,0.05,2.0,Pennsylvania,51.9,49,63,49.0,49.7,49.5,53,0.0,0.0,64.3,63.0,68.5,69.0,31.3,28.0,38.5,39.0,43,8.1,11
ALL,ALL,ALL,Vermont,51.922222222222224,36,194,36.0,11.352777777777778,11.0,14,0.09722222222222222,4.0,73.4888888888889,57.0,87.23055555555555,71.0,49.047222222222224,28.0,14.280555555555555,15.0,21,2.2083333333333335,6
0.5,0.1,0.5,North Carolina,52.0,52,52,52.0,16.0,16.0,19,0.0,0.0,58.0,58.0,69.0,69.0,73.0,73.0,4.3,4.0,6,0.4,1
0.5,0.25,0.5,North Carolina,52.0,52,52,52.0,17.5,18.0,18,0.0,0.0,58.0,58.0,69.0,69.0,73.0,73.0,5.1,5.0,8,0.9,2
0.5,0.25,1.0,North Carolina,52.0,52,52,52.0,24.5,24.5,26,0.0,0.0,58.0,58.0,69.0,69.0,73.0,73.0,5.6,5.0,7,2.4,3
1.0,0.1,0.5,North Carolina,52.0,52,52,52.0,23.8,24.0,26,0.0,0.0,58.0,58.0,69.0,69.0,73.0,73.0,5.5,5.5,7,2.6,4
1.0,0.25,0.5,North Carolina,52.0,52,52,52.0,24.7,25.0,26,0.0,0.0,58.0,58.0,69.0,69.0,73.0,73.0,5.0,4.5,7,2.9,4
0.5,0.1,2.0,North Carolina,52.0,52,52,52.0,25.6,26.0,27,0.0,0.0,58.0,58.0,69.0,69.0,73.0,73.0,4.7,5.0,6,3.7,6
1.0,0.25,1.0,North Carolina,52.0,52,52,52.0,27.2,27.0,29,0.0,0.0,58.0,58.0,69.0,69.0,73.0,73.0,6.3,6.0,8,4.1,6
0.5,0.25,2.0,North Carolina,52.0,52,52,52.0,26.7,26.5,28,0.0,0.0,58.0,58.0,69.0,69.0,73.0,73.0,4.9,5.0,6,4.5,6
2.0,0.25,0.5,North Carolina,52.0,52,52,52.0,27.9,28.0,29,0.0,0.0,58.0,58.0,69.0,69.0,73.0,73.0,7.8,7.5,10,5.2,7
2.0,0.25,2.0,North Carolina,52.0,52,52,52.0,28.5,29.0,29,0.0,0.0,58.0,58.0,69.0,69.0,73.0,73.0,9.8,10.0,11,5.3,6
2.0,0.25,1.0,North Carolina,52.0,52,52,52.0,27.9,28.0,31,0.0,0.0,58.0,58.0,69.0,69.0,73.0,73.0,8.9,9.0,10,6.0,7
2.0,0.05,2.0,Tennessee,52.0,43,63,48.0,45.4,45.0,48,0.0,0.0,67.3,63.0,79.4,75.5,28.0,28.0,20.2,20.5,26,8.1,10
1.0,0.1,1.0,Ohio,52.0,49,61,49.5,57.7,58.0,60,0.0,0.0,55.3,53.0,62.1,62.0,74.4,73.5,33.0,32.5,39,12.8,17
1.0,0.01,2.0,Michigan,52.0,34,80,56.5,39.3,40.0,47,0.6,3.0,62.8,62.0,76.0,75.0,67.8,44.0,15.3,15.5,24,17.1,25
0.5,0.25,1.0,Georgia,52.2,42,61,51.0,46.8,46.0,51,0.0,0.0,59.4,57.0,66.4,60.0,75.9,90.5,5.0,5.0,7,1.1,3
1.0,0.01,0.5,Oregon,52.2,45,54,54.0,14.8,15.0,16,0.0,0.0,69.6,70.0,79.0,77.0,96.7,89.0,5.1,5.5,8,3.1,4
1.0,0.01,1.0,Oregon,52.2,45,54,54.0,15.9,16.0,18,0.0,0.0,68.4,70.0,77.6,76.0,103.5,108.0,6.1,6.0,8,4.2,6
2.0,0.1,2.0,Ohio,52.2,45,61,51.0,59.5,59.5,64,0.1,1.0,57.4,56.0,60.6,61.0,73.7,72.0,36.7,35.5,43,13.4,18
0.5,0.01,1.0,Missouri,52.3,32,79,45.5,33.8,34.0,37,0.0,0.0,80.9,83.5,86.2,86.5,145.9,136.0,1.9,1.0,5,0.8,3
2.0,0.01,0.5,Michigan,52.4,34,75,49.0,37.3,38.0,44,0.6,5.0,60.0,67.5,76.3,80.0,51.0,45.5,17.6,17.5,21,18.4,26
2.0,0.01,0.5,Nevada,52.5,39,82,52.0,3.9,4.0,5,0.0,0.0,69.3,60.0,152.1,101.0,108.55555555555556,107.0,2.6666666666666665,3.0,4,0.5,1
1.0,0.01,0.5,North Dakota,52.6,33,61,61.0,11.1,11.0,13,0.0,0.0,71.8,79.0,86.7,88.0,110.8,109.0,5.0,5.0,7,0.3,1
0.5,0.01,2.0,North Dakota,52.6,33,61,61.0,12.6,13.0,16,0.0,0.0,70.1,75.0,82.7,83.5,88.1,105.0,5.5,5.0,9,0.3,1
2.0,0.01,2.0,Oregon,52.6,45,60,54.0,17.9,17.5,20,0.0,0.0,71.5,76.0,80.8,82.0,97.1,108.0,7.3,7.5,12,3.3,5
1.0,0.1,1.0,North Carolina,52.6,52,58,52.0,26.2,26.0,29,0.0,0.0,59.1,58.0,72.0,69.0,73.3,73.0,6.6,6.5,9,3.3,5
2.0,0.1,2.0,North Carolina,52.6,52,58,52.0,27.9,28.0,29,0.0,0.0,62.8,60.0,75.3,69.0,73.3,73.0,8.8,9.0,12,4.5,6
1.0,0.25,2.0,North Carolina,52.6,52,58,52.0,28.1,28.0,30,0.0,0.0,59.1,58.0,70.4,69.0,73.3,73.0,9.0,9.0,11,5.1,6
0.5,0.01,1.0,Nevada,52.7,39,82,44.0,3.0,3.0,4,0.0,0.0,78.1,77.0,117.5,101.0,114.0,109.5,2.3,2.5,4,0.6,1
1.0,0.25,1.0,Georgia,52.7,42,59,51.0,61.1,61.5,64,0.0,0.0,58.6,58.0,64.8,61.0,81.7,74.0,5.1,5.0,7,3.0,5
2.0,0.25,1.0,Georgia,52.7,42,59,51.0,58.6,59.0,61,0.0,0.0,57.8,58.0,64.4,61.0,79.9,108.5,11.6,12.0,15,7.7,9
1.0,0.05,2.0,Ohio,52.9,45,64,51.0,57.3,57.0,64,0.0,0.0,59.6,61.0,65.5,64.0,77.5,75.0,34.6,34.5,39,12.8,17
0.5,0.05,0.5,Ohio,53.0,47,64,51.0,47.6,47.5,52,0.0,0.0,61.0,61.0,67.1,67.5,80.3,75.0,23.4,24.5,27,9.7,13
0.5,0.25,2.0,Georgia,53.1,42,61,51.0,61.1,61.0,63,0.0,0.0,60.0,57.0,64.6,60.0,81.7,108.5,4.7,4.5,8,2.7,4
1.0,0.05,2.0,North Carolina,53.2,52,58,52.0,26.2,26.5,29,0.0,0.0,62.8,60.0,81.0,69.0,73.6,73.0,7.8,8.0,9,3.4,6
2.0,0.1,0.5,North Carolina,53.2,52,58,52.0,27.2,27.0,29,0.0,0.0,61.7,58.0,78.0,69.0,74.3,73.0,7.4,8.0,9,4.5,7
1.0,0.01,1.0,Missouri,53.3,32,80,45.5,48.2,48.0,56,0.0,0.0,77.1,79.0,82.1,81.5,109.5,142.0,6.1,6.0,9,2.7,6
0.5,0.01,2.0,Michigan,53.3,34,75,56.0,36.8,36.0,43,1.0,5.0,69.4,74.0,77.8,76.5,52.1,28.0,16.9,17.5,24,16.5,23
1.0,0.01,2.0,Nebraska,53.4,33,58,57.0,39.3,40.0,43,0.0,0.0,59.8,61.5,66.4,64.5,104.6,76.0,4.1,3.5,7,6.4,9
0.5,0.01,0.5,Nebraska,53.5,33,71,57.0,20.9,22.0,25,0.0,0.0,66.5,62.0,73.5,67.0,96.6,77.0,0.875,1.0,2,1.2,3
2.0,0.05,1.0,Ohio,53.6,45,61,52.5,58.6,59.5,64,0.0,0.0,60.9,61.0,65.8,64.0,69.1,72.5,37.4,38.0,43,11.4,18
1.0,0.05,0.5,North Carolina,53.8,52,58,52.0,22.3,22.0,25,0.0,0.0,64.6,69.0,86.8,96.0,73.9,73.0,3.7,4.0,5,1.5,2
2.0,0.05,1.0,North Carolina,53.8,52,58,52.0,26.6,27.0,28,0.0,0.0,62.4,58.0,81.4,69.0,78.0,73.0,8.0,8.0,11,4.2,6
1.0,0.1,2.0,North Carolina,53.8,52,58,52.0,27.3,27.5,28,0.0,0.0,61.3,58.0,78.0,69.0,73.9,73.0,8.8,9.0,12,4.7,6
2.0,0.1,1.0,North Carolina,53.8,52,58,52.0,27.6,27.5,29,0.0,0.0,61.3,58.0,75.9,69.0,74.6,73.0,8.4,8.0,11,4.9,7
1.0,0.01,2.0,Colorado,53.8,39,69,55.0,19.3,19.0,23,0.3,1.0,63.4,69.0,70.7,71.0,28.0,28.0,42.4,43.0,51,8.7,14
1.0,0.01,1.0,Nebraska,53.9,33,58,56.0,36.6,36.5,39,0.0,0.0,59.7,58.0,63.6,62.0,133.5,77.0,3.0,3.0,5,6.4,9
2.0,0.25,2.0,Kentucky,53.9,44,67,55.0,54.8,55.0,57,0.0,0.0,65.3,67.0,68.9,70.0,28.0,28.0,17.1,17.0,22,9.0,11
2.0,0.01,1.0,Oregon,54.0,45,69,54.0,17.2,17.0,20,0.0,0.0,71.0,74.5,80.9,82.0,105.2,97.0,6.2,6.0,10,3.4,5
1.0,0.05,1.0,Ohio,54.1,45,64,50.0,55.6,55.0,60,0.0,0.0,61.4,62.5,67.9,71.0,77.6,75.0,30.9,32.0,33,11.3,14
2.0,0.05,2.0,North Carolina,54.3,52,69,52.0,26.8,26.5,29,0.0,0.0,64.3,58.0,76.8,69.0,73.6,73.0,7.6,7.0,10,3.6,5
0.5,0.1,1.0,North Carolina,54.4,52,58,52.0,23.0,23.0,25,0.0,0.0,63.5,63.5,82.8,76.0,78.3,73.0,4.8,5.0,7,1.4,2
1.0,0.25,2.0,Georgia,54.4,51,61,54.0,58.3,59.0,61,0.0,0.0,59.6,60.0,65.6,62.0,105.4,108.5,8.5,8.5,11,5.8,7
2.0,0.01,0.5,Colorado,54.6,39,71,54.0,19.5,19.0,22,0.2,1.0,61.6,62.0,72.3,71.0,28.0,28.0,39.0,39.5,46,7.9,11
2.0,0.05,0.5,Ohio,54.6,49,61,52.0,56.5,57.0,63,0.0,0.0,61.1,62.5,68.0,67.5,82.9,75.0,33.3,33.0,37,12.1,17
0.5,0.01,1.0,Nebraska,54.7,45,58,55.5,27.3,26.5,33,0.1,1.0,60.3,60.0,65.1,65.5,84.57142857142857,75.0,1.2222222222222223,1.0,3,1.6,5
0.5,0.05,1.0,North Carolina,54.9,52,69,52.0,20.2,19.5,23,0.0,0.0,67.6,69.0,87.8,99.0,74.2,73.0,4.2,4.0,7,1.4,3
0.5,0.25,0.5,Georgia,55.1,42,61,57.0,36.3,36.0,40,0.0,0.0,59.0,60.0,71.4,72.0,102.4,110.0,2.7,2.5,5,1.1,2
2.0,0.01,0.5,Nebraska,55.2,51,58,56.0,38.4,38.5,42,0.0,0.0,59.9,59.5,66.1,64.5,137.6,101.5,2.9,3.0,6,5.6,8
2.0,0.01,1.0,Michigan,55.4,34,81,56.5,39.1,38.5,46,0.4,3.0,64.8,66.0,75.5,75.0,80.0,91.0,16.9,17.0,26,16.9,26
0.5,0.01,2.0,Nebraska,55.6,33,67,58.0,36.0,36.0,41,0.0,0.0,63.4,62.0,70.5,69.5,79.77777777777777,77.0,2.3,2.0,4,4.4,7
0.5,0.01,1.0,Washington,55.7,45,67,56.0,6.9,6.0,10,0.9,5.0,66.5,67.0,83.4,83.0,33.4,28.0,13.9,14.0,19,11.5,14
ALL,ALL,ALL,Montana,55.78055555555556,45,222,46.0,14.294444444444444,16.0,20,0.005555555555555556,1.0,71.84722222222223,47.0,92.85236768802228,66.0,90.2159090909091,67.0,5.490084985835694,6.0,12,2.938888888888889,7
1.0,0.05,1.0,Tennessee,55.8,41,73,63.0,40.7,41.0,42,0.0,0.0,71.9,73.0,85.0,93.0,34.9,28.0,16.3,15.0,22,6.9,9
0.5,0.05,1.0,Ohio,55.8,44,64,56.5,49.5,49.5,54,0.0,0.0,62.5,64.0,68.4,69.0,77.1,79.5,28.1,27.5,32,12.6,15
ALL,ALL,ALL,Pennsylvania,55.86666666666667,46,126,49.0,45.763888888888886,47.0,56,0.05,2.0,65.88055555555556,55.0,70.85833333333333,63.0,31.325,28.0,37.01111111111111,39.0,61,8.569444444444445,15
ALL,ALL,ALL,Tennessee,55.88055555555555,41,159,43.0,37.36944444444445,41.0,54,0.005555555555555556,1.0,71.14722222222223,53.0,83.63333333333334,63.0,46.69637883008357,28.0,15.671309192200557,17.0,30,5.961111111111111,12
1.0,0.25,1.0,Maryland,55.9,48,66,55.0,13.7,14.0,15,0.0,0.0,65.0,67.0,70.0,68.0,28.0,28.0,23.2,23.5,27,1.4,3
0.5,0.05,2.0,Ohio,55.9,49,64,54.5,55.5,55.0,60,0.0,0.0,63.7,64.0,68.7,71.0,80.2,75.0,32.6,32.0,42,11.5,15
0.5,0.25,2.0,Maryland,56.0,48,67,55.0,13.7,14.0,15,0.0,0.0,66.1,66.5,70.3,70.0,28.0,28.0,22.7,21.0,26,1.4,2
1.0,0.05,1.0,North Carolina,56.1,52,69,55.0,23.2,23.0,27,0.0,0.0,70.2,69.0,92.5,99.0,75.3,75.0,5.6,5.0,8,3.0,5
1.0,0.05,0.5,Ohio,56.2,50,64,54.0,52.7,52.0,58,0.0,0.0,63.0,62.5,66.8,64.0,77.2,75.0,30.6,30.5,37,10.7,14
2.0,0.05,0.5,North Carolina,56.6,52,69,52.0,24.4,24.0,26,0.0,0.0,69.5,63.5,84.8,84.0,74.2,73.0,5.9,5.5,9,3.5,5
2.0,0.05,2.0,Ohio,56.6,45,64,58.5,59.1,58.5,67,0.0,0.0,63.3,64.0,68.4,71.0,76.4,75.0,33.4,33.0,39,11.8,16
0.5,0.01,0.5,Michigan,56.8,34,104,46.0,25.1,24.0,31,1.7,12.0,79.7,78.0,88.4,84.0,66.7,73.0,9.5,9.5,13,12.1,22
0.5,0.25,0.5,Maryland,56.9,48,66,55.0,12.3,12.0,14,0.0,0.0,67.7,67.0,70.6,70.0,28.0,28.0,17.7,17.0,23,0.2,1
1.0,0.25,0.5,Kentucky,56.9,44,67,59.0,44.8,45.0,47,0.0,0.0,65.2,67.0,69.8,70.0,67.6,60.0,8.7,9.0,13,7.3,11
0.5,0.05,0.5,North Carolina,57.0,52,69,52.0,14.1,14.0,17,0.0,0.0,71.0,69.0,86.2,91.0,74.2,73.0,3.5,3.5,5,0.6,1
1.0,0.01,0.5,Washington,57.1,52,67,56.0,5.7,6.0,10,1.0,8.0,70.5,67.0,104.0,101.0,68.1,53.0,14.9,14.5,25,12.2,16
2.0,0.25,0.5,Kentucky,57.2,44,67,55.0,52.4,52.0,55,0.0,0.0,66.3,67.0,70.1,70.0,28.0,28.0,16.1,16.0,20,9.2,11
1.0,0.01,1.0,Washington,57.2,52,68,56.0,8.9,9.5,11,0.1,1.0,66.4,66.5,81.5,79.5,39.3,28.0,15.8,15.5,19,13.3,14
1.0,0.1,2.0,Georgia,57.3,42,61,58.0,54.8,54.0,58,0.0,0.0,70.0,62.0,79.7,83.0,37.8,28.0,8.8,9.5,12,6.2,8
2.0,0.01,0.5,Oregon,57.4,45,84,54.0,17.5,18.0,19,0.0,0.0,69.2,70.0,81.2,78.0,107.2,118.5,5.7,5.0,10,2.7,5
0.5,0.1,2.0,Georgia,57.5,42,61,61.0,55.8,55.5,58,0.0,0.0,68.0,63.0,80.6,85.0,93.7,107.0,3.3,3.0,7,2.7,4
2.0,0.25,1.0,Louisiana,57.6,52,80,52.0,3.4,3.5,4,0.0,0.0,114.4,80.0,245.88888888888889,252.0,,,0.0,0.0,0,0.0,0
2.0,0.01,0.5,Missouri,57.6,32,92,65.0,51.9,52.5,56,0.0,0.0,78.8,79.0,89.0,92.0,155.0,142.0,5.8,5.0,8,3.5,10
1.0,0.1,1.0,Georgia,57.6,42,83,59.0,55.2,56.0,58,0.0,0.0,67.4,61.0,80.4,84.0,55.8,36.0,5.0,5.5,7,4.2,6
ALL,ALL,ALL,Ohio,57.65555555555556,44,108,50.0,53.483333333333334,55.0,67,0.008333333333333333,1.0,64.41944444444445,61.0,69.46388888888889,64.0,77.24166666666666,75.0,30.45277777777778,32.0,47,11.511111111111111,20
0.5,0.01,1.0,Oregon,57.9,45,78,54.0,13.5,14.0,16,0.1,1.0,71.1,70.0,79.6,80.0,103.55555555555556,81.0,4.7,4.0,8,2.2,3
0.5,0.01,2.0,Colorado,58.1,39,71,59.0,17.2,17.0,20,0.0,0.0,65.8,68.5,70.6,71.0,28.0,28.0,38.1,37.5,47,8.2,10
1.0,0.25,0.5,Maryland,58.2,48,68,60.5,13.0,13.0,15,0.0,0.0,66.9,67.0,73.5,73.5,28.0,28.0,22.3,23.5,25,0.7,2
0.5,0.01,2.0,Washington,58.2,52,67,56.0,7.4,7.0,11,0.5,2.0,68.2,67.0,91.9,99.0,38.6,28.0,15.6,16.5,19,13.9,16
1.0,0.01,0.5,Nebraska,58.3,51,71,58.0,28.9,28.5,35,0.0,0.0,63.5,62.0,74.7,68.5,144.16666666666666,142.0,0.9,1.0,3,3.1,5
0.5,0.25,2.0,Kentucky,58.3,44,67,55.0,46.8,47.0,49,0.0,0.0,67.1,67.0,70.1,70.0,28.0,28.0,16.4,16.0,22,8.3,10
2.0,0.1,2.0,Georgia,59.0,51,61,60.0,55.5,56.0,58,0.0,0.0,71.8,72.0,80.3,85.0,58.8,28.0,10.6,10.5,14,7.3,11
1.0,0.01,1.0,Illinois,59.1,43,69,63.0,42.5,42.5,47,0.1,1.0,75.8,69.0,88.4,86.5,84.8,99.5,10.9,11.0,16,4.9,7
0.5,0.1,1.0,Georgia,59.2,57,61,60.0,42.3,42.0,46,0.0,0.0,72.2,72.0,82.5,85.0,28.0,28.0,4.7,5.0,6,1.4,3
2.0,0.01,2.0,Washington,59.2,52,67,58.0,10.5,10.5,15,1.6,10.0,73.9,71.5,105.4,101.0,33.4,28.0,17.6,17.0,21,12.5,16
1.0,0.25,1.0,Kentucky,59.3,44,67,59.0,48.5,48.0,52,0.0,0.0,67.1,67.0,70.2,70.0,28.0,28.0,15.8,15.5,19,9.1,12
2.0,0.25,1.0,Kentucky,59.3,44,67,59.0,54.4,53.5,58,0.0,0.0,66.7,67.0,69.9,70.0,28.0,28.0,15.7,16.0,19,9.7,13
0.5,0.1,0.5,Georgia,59.4,42,85,58.0,31.0,31.0,34,0.0,0.0,69.2,60.0,74.1,73.0,96.1,107.0,3.3,3.0,7,1.3,2
0.5,0.05,2.0,North Carolina,59.4,52,69,55.0,22.8,22.5,25,0.0,0.0,79.9,69.0,99.8,99.0,81.3,74.5,4.1,3.5,7,3.9,5
2.0,0.1,0.5,Georgia,59.4,57,61,60.0,55.0,54.5,61,0.0,0.0,70.2,62.0,82.2,83.0,38.4,28.0,10.4,11.0,13,6.5,8
0.5,0.01,0.5,Colorado,59.4,41,71,63.5,13.1,13.5,17,0.3,1.0,66.4,67.0,72.4,71.5,33.1,28.0,21.2,22.5,25,6.9,9
2.0,0.1,1.0,Georgia,59.4,57,61,61.0,56.0,57.0,59,0.0,0.0,72.4,73.0,78.9,85.0,59.6,28.0,10.5,10.5,14,7.2,11
2.0,0.25,0.5,Maryland,59.5,48,67,66.0,13.7,13.5,15,0.0,0.0,65.9,67.5,71.3,72.0,28.0,28.0,21.5,21.5,27,1.3,3
2.0,0.25,1.0,Maryland,59.5,48,68,60.5,13.9,14.0,15,0.0,0.0,67.3,66.5,71.9,69.5,28.0,28.0,22.1,23.0,26,1.4,3
0.5,0.05,1.0,Georgia,59.6,51,61,61.0,38.4,38.5,42,0.0,0.0,75.2,83.0,86.4,85.0,59.6,28.0,3.2,3.5,5,2.3,5
2.0,0.25,2.0,Maryland,59.8,48,67,66.0,14.0,13.5,16,0.0,0.0,65.4,67.0,70.5,72.0,28.0,28.0,23.4,23.0,28,1.1,2
1.0,0.1,0.5,Georgia,60.0,57,61,61.0,50.6,51.5,52,0.0,0.0,74.6,83.0,80.8,85.0,82.7,107.0,4.5,4.0,7,1.1,2
1.0,0.01,0.5,Illinois,60.0,43,69,65.5,35.5,36.0,38,0.0,0.0,78.4,73.5,89.7,92.0,85.0,101.0,8.5,8.5,11,3.7,6
0.5,0.1,0.5,Kentucky,60.0,44,67,67.0,31.0,31.5,33,0.0,0.0,67.2,70.0,74.2,78.0,101.1,117.0,5.9,5.5,9,5.5,7
0.5,0.25,1.0,Kentucky,60.0,44,67,67.0,41.4,41.0,44,0.0,0.0,66.4,70.0,71.6,72.0,90.6,111.0,7.8,7.0,11,7.4,9
1.0,0.01,0.5,Colorado,60.4,39,70,65.0,16.1,16.0,18,0.1,1.0,65.8,70.0,68.8,71.0,28.0,28.0,34.4,34.0,43,7.7,10
2.0,0.01,1.0,Pennsylvania,60.5,49,76,59.0,42.5,42.5,49,0.1,1.0,86.4,95.0,92.4,99.5,41.6,28.0,25.1,24.5,31,6.9,13
1.0,0.25,2.0,Kentucky,60.6,55,67,59.0,52.3,53.0,55,0.0,0.0,67.8,67.0,70.6,70.0,28.0,28.0,17.1,17.0,21,10.2,13
1.0,0.01,2.0,Washington,60.9,45,96,56.0,10.3,10.0,15,0.5,2.0,69.3,67.0,89.9,94.0,47.4,28.0,18.5,19.0,22,12.9,16
0.5,0.01,0.5,Missouri,61.0,32,79,69.5,24.3,24.5,32,0.0,0.0,85.4,81.0,93.6,93.0,126.0,142.0,1.75,1.5,4,0.4,1
0.5,0.25,0.5,Kentucky,61.1,44,67,67.0,34.4,34.5,36,0.0,0.0,67.6,70.0,71.4,70.0,74.0,60.0,5.6,6.0,10,7.4,9
0.5,0.1,2.0,Kentucky,61.1,44,67,67.0,44.6,44.0,49,0.0,0.0,67.6,70.0,73.6,75.5,31.2,28.0,13.9,14.0,18,7.6,11
1.0,0.1,2.0,Kentucky,61.1,44,67,67.0,49.6,49.5,53,0.0,0.0,68.8,70.0,74.4,76.0,28.0,28.0,15.5,15.0,20,9.6,13
1.0,0.25,2.0,Maryland,61.6,48,68,66.0,13.5,13.5,15,0.0,0.0,69.3,67.0,75.3,76.0,28.0,28.0,23.0,23.0,28,1.4,4
0.5,0.25,1.0,Maryland,62.3,51,68,67.0,13.0,13.0,15,0.0,0.0,67.9,68.0,73.5,72.0,28.0,28.0,19.2,19.0,21,1.0,2
2.0,0.01,2.0,Indiana,62.3,54,88,55.5,49.0,47.5,54,0.0,0.0,79.2,77.0,86.4,87.5,80.0,68.0,14.6,13.5,23,13.9,17
0.5,0.05,2.0,Georgia,62.4,57,83,61.0,50.5,50.5,54,0.0,0.0,82.0,85.0,87.4,89.0,48.8,28.0,4.8,5.5,6,4.1,6
2.0,0.01,1.0,Washington,62.4,45,67,66.5,9.7,9.0,14,1.6,4.0,77.4,76.0,92.3,101.0,28.0,28.0,16.1,16.5,21,13.6,15
2.0,0.25,2.0,Virginia,62.5,46,67,64.0,31.5,32.0,35,0.0,0.0,66.6,67.0,69.8,71.0,28.0,28.0,19.3,19.5,23,4.3,6
1.0,0.01,0.5,Indiana,62.5,54,89,55.5,42.2,42.0,48,0.0,0.0,80.0,86.0,85.1,89.5,80.0,56.0,9.8,9.5,12,8.8,14
2.0,0.01,0.5,Washington,62.6,52,97,56.0,8.9,9.0,11,1.0,9.0,73.3,67.0,86.6,80.0,48.0,28.0,16.0,16.0,19,13.0,17
0.5,0.01,0.5,Nevada,62.8,44,131,52.0,2.7,2.5,4,0.0,0.0,87.0,60.0,108.4,96.0,109.55555555555556,107.0,1.9,2.0,4,0.1,1
0.5,0.25,1.0,Alabama,63.0,63,63,63.0,8.9,9.0,10,0.0,0.0,72.0,72.0,87.4,91.0,,,0.0,0.0,0,0.0,0
1.0,0.05,0.5,Alabama,63.0,63,63,63.0,6.2,6.5,8,0.0,0.0,76.2,72.0,96.2,91.0,346.0,346.0,1.0,1.0,1,0.0,0
2.0,0.05,1.0,Alabama,63.0,63,63,63.0,8.9,9.5,10,0.0,0.0,77.7,72.0,91.9,91.0,346.0,346.0,1.0,1.0,1,0.0,0
1.0,0.05,1.0,Alabama,63.0,63,63,63.0,7.5,7.5,9,0.0,0.0,77.7,72.0,101.0,91.0,346.0,346.0,1.0,1.0,1,0.0,0
0.5,0.05,0.5,Alabama,63.0,63,63,63.0,4.0,4.0,5,0.0,0.0,86.6,91.0,93.2,94.0,,,0.0,0.0,0,0.0,0
0.5,0.1,1.0,Alabama,63.0,63,63,63.0,7.0,6.5,10,0.0,0.0,77.7,72.0,91.0,91.0,,,0.0,0.0,0,0.0,0
1.0,0.25,0.5,Alabama,63.0,63,63,63.0,9.0,9.0,10,0.0,0.0,72.0,72.0,86.5,86.5,275.0,275.0,1.0,1.0,1,0.1,1
0.5,0.25,0.5,Alabama,63.0,63,63,63.0,7.4,7.5,9,0.0,0.0,72.0,72.0,89.2,91.0,,,0.0,0.0,0,0.1,1
2.0,0.1,1.0,Alabama,63.0,63,63,63.0,10.3,10.0,12,0.0,0.0,73.9,72.0,91.1,91.0,310.5,310.5,1.0,1.0,1,0.1,1
1.0,0.1,2.0,Alabama,63.0,63,63,63.0,10.2,10.0,12,0.0,0.0,73.9,72.0,90.4,91.0,310.5,310.5,1.0,1.0,1,0.1,1
0.5,0.1,2.0,Alabama,63.0,63,63,63.0,8.6,9.0,9,0.0,0.0,72.0,72.0,87.4,91.0,275.0,275.0,1.0,1.0,1,0.1,1
1.0,0.1,1.0,Alabama,63.0,63,63,63.0,8.8,9.0,10,0.0,0.0,72.0,72.0,90.1,91.0,275.0,275.0,0.5,0.5,1,0.2,1
0.5,0.1,0.5,Alabama,63.0,63,63,63.0,6.2,6.0,7,0.0,0.0,73.9,72.0,90.4,91.0,,,0.0,0.0,0,0.2,1
1.0,0.25,2.0,Alabama,63.0,63,63,63.0,11.7,12.0,13,0.0,0.0,72.0,72.0,86.5,86.5,275.0,275.0,1.0,1.0,1,0.3,1
1.0,0.25,1.0,Alabama,63.0,63,63,63.0,10.6,11.0,13,0.0,0.0,72.0,72.0,85.6,82.0,275.0,275.0,0.75,1.0,1,0.4,1
1.0,0.1,0.5,Alabama,63.0,63,63,63.0,7.7,8.0,9,0.0,0.0,72.0,72.0,88.3,91.0,275.0,275.0,1.0,1.0,1,0.4,1
2.0,0.25,1.0,Alabama,63.0,63,63,63.0,11.9,12.0,14,0.0,0.0,72.0,72.0,86.5,86.5,275.0,275.0,0.8,1.0,1,0.5,1
0.5,0.25,2.0,Alabama,63.0,63,63,63.0,10.4,10.5,12,0.0,0.0,72.0,72.0,89.2,91.0,275.0,275.0,1.0,1.0,1,0.5,1
2.0,0.25,0.5,Alabama,63.0,63,63,63.0,11.4,11.0,13,0.0,0.0,72.0,72.0,87.4,91.0,275.0,275.0,0.6,1.0,1,0.5,1
2.0,0.1,2.0,Alabama,63.0,63,63,63.0,11.7,12.0,13,0.0,0.0,72.0,72.0,89.2,91.0,355.5,355.5,0.2,0.0,1,0.9,1
2.0,0.25,2.0,Alabama,63.0,63,63,63.0,13.6,14.0,15,0.0,0.0,72.0,72.0,88.3,91.0,275.0,275.0,0.1,0.0,1,1.0,1
1.0,0.25,1.0,Virginia,63.0,54,64,64.0,28.6,29.0,30,0.0,0.0,65.7,65.0,68.4,67.0,28.0,28.0,19.9,20.0,24,4.3,5
2.0,0.25,1.0,Virginia,63.0,54,64,64.0,31.1,31.0,33,0.0,0.0,65.5,65.0,68.7,67.0,28.0,28.0,18.1,18.0,21,4.4,5
2.0,0.05,2.0,Georgia,63.0,57,83,61.0,53.4,53.0,59,0.0,0.0,79.4,83.0,85.0,85.0,43.8,28.0,10.1,10.0,13,7.0,10
0.5,0.01,0.5,Oregon,63.1,45,113,54.0,8.2,8.5,11,0.1,1.0,86.1,76.0,95.0,83.0,107.0,108.0,3.5,3.5,6,1.7,3
0.5,0.25,2.0,Virginia,63.3,54,67,64.0,26.7,26.5,28,0.0,0.0,66.5,66.0,69.7,69.5,28.0,28.0,17.8,18.5,20,3.8,4
1.0,0.1,1.0,Kentucky,63.5,44,67,67.0,45.8,45.0,52,0.0,0.0,69.4,70.0,75.4,77.0,37.5,28.0,15.8,16.0,19,9.4,12
2.0,0.01,1.0,New York,63.6,41,71,69.5,12.1,12.0,18,4.5,14.0,93.0,95.5,106.7,116.0,28.0,28.0,171.9,172.5,185,34.7,39
0.5,0.01,1.0,Montana,63.7,47,86,66.0,8.1,8.5,11,0.0,0.0,113.0,86.0,193.2,184.0,114.875,106.0,2.375,2.0,5,0.4,2
2.0,0.01,1.0,Illinois,63.8,50,78,64.0,46.6,46.0,50,0.0,0.0,77.8,73.5,88.9,90.0,49.8,28.0,13.7,13.5,18,5.3,10
0.5,0.01,0.5,Indiana,63.8,52,83,57.0,31.1,32.0,38,0.0,0.0,80.7,76.0,89.0,87.5,104.4,103.5,6.1,6.0,9,7.6,11
1.0,0.05,2.0,Alabama,63.9,63,72,63.0,8.9,9.0,10,0.0,0.0,80.6,77.0,92.2,91.0,346.0,346.0,1.0,1.0,1,0.0,0
2.0,0.1,0.5,Alabama,63.9,63,72,63.0,10.4,10.5,12,0.0,0.0,75.8,72.0,88.9,91.0,346.0,346.0,1.0,1.0,1,0.0,0
2.0,0.05,2.0,Alabama,63.9,63,72,63.0,10.2,10.5,11,0.0,0.0,77.7,72.0,91.3,91.0,346.0,346.0,0.1,0.0,1,1.0,1
0.5,0.25,1.0,Virginia,64.0,64,64,64.0,22.6,22.0,25,0.0,0.0,66.4,67.0,70.6,72.0,28.0,28.0,14.5,14.5,18,3.0,4
2.0,0.25,0.5,Virginia,64.0,64,64,64.0,29.9,30.0,32,0.0,0.0,66.2,67.0,69.9,71.0,28.0,28.0,18.3,18.5,23,4.1,5
0.5,0.1,2.0,Maryland,64.1,48,76,66.0,12.1,12.0,14,0.0,0.0,71.1,72.0,79.9,81.0,28.0,28.0,19.3,19.5,24,1.3,2
1.0,0.25,0.5,Virginia,64.1,64,65,64.0,21.5,21.5,24,0.0,0.0,66.4,67.0,70.5,72.0,28.0,28.0,17.2,17.5,20,3.2,4
1.0,0.25,2.0,Virginia,64.2,64,65,64.0,32.1,33.0,34,0.0,0.0,66.4,67.0,70.7,72.0,28.0,28.0,20.2,20.0,26,4.2,6
1.0,0.01,2.0,Indiana,64.2,52,88,57.0,49.3,50.0,54,0.2,1.0,80.6,84.5,87.9,88.0,92.1,109.0,14.5,14.5,19,12.6,17
0.5,0.25,0.5,Virginia,64.3,64,67,64.0,15.7,15.5,17,0.0,0.0,66.9,67.0,70.6,72.0,28.0,28.0,12.6,13.0,14,3.1,4
2.0,0.05,0.5,Georgia,64.4,57,85,61.0,52.6,53.0,56,0.0,0.0,75.6,83.0,87.2,85.0,35.9,28.0,8.8,9.0,11,5.8,9
0.5,0.1,0.5,Virginia,64.5,46,75,65.5,14.0,13.5,17,0.0,0.0,70.8,69.5,76.8,75.0,28.0,28.0,10.8,11.0,13,2.2,3
0.5,0.1,1.0,Virginia,64.6,64,67,64.0,18.8,19.5,23,0.0,0.0,69.6,67.0,74.1,73.0,28.0,28.0,13.8,14.0,15,2.5,4
0.5,0.1,1.0,Kentucky,64.6,55,67,67.0,40.5,40.5,45,0.0,0.0,69.4,70.0,75.9,78.0,95.1,111.0,6.7,7.0,11,6.2,9
1.0,0.1,0.5,Kentucky,64.6,55,67,67.0,41.0,41.0,44,0.0,0.0,69.4,70.0,75.7,78.0,61.2,28.0,9.2,9.0,13,7.0,10
2.0,0.1,1.0,Kentucky,64.6,55,67,67.0,51.6,52.5,55,0.0,0.0,69.4,70.0,74.3,74.0,37.5,28.0,15.3,15.0,19,9.3,11
0.5,0.01,0.5,Washington,64.7,52,101,56.0,6.6,6.5,10,0.1,1.0,73.5,67.0,92.4,99.0,54.6,28.0,9.5,8.5,14,9.5,12
0.5,0.05,1.0,Alabama,64.8,63,72,63.0,5.5,6.0,7,0.0,0.0,77.7,72.0,95.3,91.0,,,0.0,0.0,0,0.0,0
2.0,0.05,0.5,Alabama,64.8,63,72,63.0,9.2,9.0,11,0.0,0.0,81.5,81.5,91.7,92.5,346.0,346.0,1.0,1.0,1,0.0,0
2.0,0.05,1.0,Georgia,64.8,57,85,61.0,51.8,52.0,54,0.0,0.0,77.7,83.0,86.4,85.0,38.4,28.0,9.6,9.5,14,7.8,11
0.5,0.05,0.5,Kentucky,64.9,55,70,67.0,26.6,25.5,31,0.0,0.0,70.2,70.0,76.2,78.0,78.9,101.0,6.0,6.0,7,3.9,7
1.0,0.05,2.0,Georgia,65.0,57,85,61.0,53.1,54.0,56,0.0,0.0,80.0,84.0,87.2,87.0,43.8,28.0,7.3,7.0,10,5.9,9
1.0,0.01,1.0,New York,65.1,43,71,68.0,12.3,12.0,17,4.9,11.0,102.1,111.0,115.9,116.0,28.0,28.0,170.7,171.0,191,33.7,36
2.0,0.01,2.0,New York,65.1,41,71,68.0,12.2,13.0,16,2.9,10.0,91.7,86.5,112.6,116.0,28.0,28.0,167.8,168.5,177,34.9,38
1.0,0.25,0.5,Delaware,65.2,62,94,62.0,3.0,3.0,3,0.0,0.0,169.3,187.0,194.5,188.0,,,0.0,0.0,0,0.0,0
0.5,0.25,0.5,Delaware,65.2,62,94,62.0,2.0,2.0,2,0.0,0.0,187.5,196.5,,,,,0.0,0.0,0,0.0,0
2.0,0.25,2.0,Delaware,65.2,62,94,62.0,3.0,3.0,3,0.0,0.0,181.1,187.0,193.0,188.0,349.0,349.0,1.0,1.0,1,0.0,0
1.0,0.05,2.0,Virginia,65.2,64,67,64.0,26.1,26.0,30,0.0,0.0,76.4,72.5,86.3,86.5,34.9,28.0,14.7,14.5,19,2.8,4
1.0,0.05,1.0,Georgia,65.2,57,85,61.0,53.5,54.0,56,0.0,0.0,84.4,84.0,87.6,87.0,35.9,28.0,4.1,4.0,7,3.5,5
1.0,0.1,2.0,Virginia,65.2,64,72,64.0,29.2,29.0,31,0.0,0.0,71.0,67.0,81.3,80.0,28.0,28.0,15.3,14.0,22,3.5,5
1.0,0.01,0.5,Missouri,65.3,32,94,71.0,39.9,40.5,42,0.0,0.0,82.9,83.5,92.1,93.5,127.77777777777777,120.0,2.9,3.0,4,1.8,4
1.0,0.1,0.5,Virginia,65.3,64,72,64.0,19.5,19.0,24,0.0,0.0,68.2,67.0,74.9,75.0,28.0,28.0,14.9,14.5,19,2.5,4
2.0,0.1,1.0,Virginia,65.5,64,72,64.0,28.8,28.5,33,0.0,0.0,69.1,67.0,76.5,75.0,28.0,28.0,16.6,16.0,21,3.2,4
2.0,0.05,1.0,Kentucky,65.5,55,70,67.0,49.1,49.5,54,0.0,0.0,71.5,70.0,75.1,76.0,31.2,28.0,16.1,16.5,21,7.8,10
0.5,0.01,2.0,Indiana,65.6,44,89,63.0,47.2,47.5,54,0.1,1.0,76.5,75.5,86.7,89.0,81.5,74.5,11.0,11.0,14,10.9,17
1.0,0.05,0.5,Georgia,65.8,59,85,61.0,45.7,45.5,50,0.0,0.0,83.0,85.0,89.2,89.0,28.0,28.0,4.0,3.5,7,2.7,6
0.5,0.1,2.0,Virginia,65.8,64,73,64.0,24.0,24.0,26,0.0,0.0,71.2,69.5,78.8,75.0,28.0,28.0,15.4,15.5,20,3.5,5
0.5,0.05,1.0,Kentucky,65.8,55,67,67.0,37.5,36.5,44,0.0,0.0,70.0,70.0,77.0,78.0,57.2,28.0,7.0,7.0,10,6.7,11
1.0,0.05,1.0,Kentucky,65.8,55,67,67.0,43.3,42.0,49,0.0,0.0,69.7,70.0,76.6,78.0,28.0,28.0,15.5,14.5,21,7.7,10
2.0,0.1,2.0,Kentucky,65.8,55,67,67.0,51.9,51.5,55,0.0,0.0,69.7,70.0,75.0,76.5,47.5,28.0,13.0,13.0,16,8.9,11
2.0,0.1,0.5,Kentucky,65.8,55,67,67.0,49.6,50.0,52,0.0,0.0,69.7,70.0,75.8,76.5,37.0,28.0,14.1,14.5,18,9.0,12
0.5,0.01,2.0,Missouri,65.9,32,94,79.0,45.2,46.5,51,0.0,0.0,83.3,87.5,97.0,94.0,135.1,131.0,4.0,4.0,6,2.4,3
ALL,ALL,ALL,North Carolina,65.98333333333333,52,171,52.0,21.730555555555554,24.0,31,0.002777777777777778,1.0,81.41666666666667,58.0,95.70555555555555,69.0,104.76876876876877,73.0,5.570588235294117,5.0,12,2.7777777777777777,7
1.0,0.25,1.0,Louisiana,66.0,52,80,66.0,3.0,3.0,4,0.0,0.0,160.5,138.5,300.8888888888889,252.0,,,0.0,0.0,0,0.0,0
2.0,0.1,2.0,Virginia,66.0,64,73,65.0,29.6,29.0,33,0.0,0.0,74.1,74.0,80.6,83.0,28.0,28.0,18.0,18.5,21,3.1,4
2.0,0.01,0.5,Indiana,66.0,43,89,57.0,48.1,49.0,55,0.1,1.0,78.5,88.0,90.8,89.0,90.9,106.0,11.8,11.5,17,12.2,21
ALL,ALL,ALL,Georgia,66.17777777777778,42,110,61.0,46.522222222222226,51.0,64,0.0,0.0,77.63888888888889,83.0,85.53611111111111,85.0,72.95415472779369,28.0,5.876404494382022,5.0,16,3.975,11
2.0,0.1,0.5,Virginia,66.3,64,75,64.0,27.6,27.0,32,0.0,0.0,70.1,67.0,80.4,73.0,28.0,28.0,16.7,16.0,21,3.1,4
2.0,0.01,2.0,Missouri,66.5,32,79,79.0,60.4,61.0,65,0.1,1.0,83.8,85.5,91.9,93.5,78.8,28.0,6.3,6.0,10,5.4,8
1.0,0.01,2.0,Montana,66.8,47,86,66.0,12.2,12.5,15,0.0,0.0,149.7,179.5,188.5,197.0,122.3,67.0,3.8,4.0,6,1.3,2
1.0,0.01,2.0,Missouri,66.8,32,94,73.5,56.7,55.5,65,0.1,1.0,79.6,79.0,92.0,93.0,114.7,126.0,6.2,6.5,9,4.2,7
2.0,0.01,1.0,Indiana,66.8,54,90,62.0,51.6,51.5,58,0.0,0.0,79.6,81.5,90.4,88.0,77.8,59.5,13.8,14.0,18,12.1,19
ALL,ALL,ALL,Kentucky,66.81666666666666,44,129,67.0,41.225,43.0,58,0.002777777777777778,1.0,77.5111111111111,70.0,85.72777777777777,78.0,68.4707520891365,28.0,12.058333333333334,13.0,22,7.416666666666667,13
1.0,0.05,1.0,Virginia,66.9,64,72,67.0,22.9,23.0,26,0.0,0.0,78.9,74.0,94.0,87.0,54.3,28.0,13.9,14.5,19,2.8,4
1.0,0.05,0.5,Kentucky,67.0,67,67,67.0,37.8,38.5,40,0.0,0.0,70.0,70.0,77.0,78.0,71.5,28.0,9.1,9.0,14,7.4,9
0.5,0.05,1.0,Virginia,67.1,64,72,67.0,16.0,16.5,18,0.0,0.0,76.3,75.0,92.4,86.5,28.0,28.0,10.7,11.0,14,2.1,4
1.0,0.1,1.0,Virginia,67.2,64,75,67.0,26.1,26.5,28,0.0,0.0,72.5,73.5,81.9,85.0,28.0,28.0,15.1,16.0,19,3.2,4
1.0,0.01,2.0,Illinois,67.3,64,69,69.0,45.9,45.0,52,0.1,1.0,82.1,74.5,91.7,89.5,81.1,98.0,14.6,15.0,21,4.5,7
0.5,0.05,2.0,Kentucky,67.3,67,70,67.0,41.9,41.0,45,0.0,0.0,70.2,70.0,76.1,77.0,61.5,28.0,13.6,13.5,17,7.9,10
2.0,0.05,0.5,Kentucky,67.3,67,70,67.0,46.6,47.0,52,0.0,0.0,70.8,70.0,76.7,78.0,37.5,28.0,13.4,13.0,16,9.2,12
2.0,0.1,0.5,Maryland,67.4,48,76,74.0,12.1,12.0,14,0.0,0.0,75.9,76.0,81.7,81.5,28.0,28.0,18.1,18.0,21,1.8,4
0.5,0.01,1.0,Illinois,67.6,43,104,67.0,34.8,35.5,38,0.0,0.0,78.0,69.0,90.9,89.0,145.4,185.0,7.0,7.0,10,3.9,8
2.0,0.05,2.0,Kentucky,67.6,67,70,67.0,49.1,49.5,54,0.0,0.0,71.0,70.0,77.7,78.0,42.6,28.0,15.2,15.5,17,8.5,13
0.5,0.1,0.5,Maryland,67.8,52,76,67.0,10.4,11.0,11,0.0,0.0,72.7,76.0,82.1,87.0,28.0,28.0,15.1,14.5,18,0.4,1
1.0,0.05,0.5,Virginia,67.9,64,89,64.0,16.4,16.5,17,0.0,0.0,77.2,73.5,93.0,91.0,44.6,28.0,11.0,11.0,13,2.8,5
1.0,0.05,2.0,Kentucky,67.9,67,70,67.0,46.3,47.0,49,0.0,0.0,72.2,70.0,77.0,78.0,63.1,28.0,12.8,11.5,20,9.2,11
0.5,0.25,0.5,Connecticut,68.0,68,68,68.0,6.1,6.0,7,0.0,0.0,74.0,74.0,83.8,80.0,88.1,74.0,3.0,3.0,4,1.0,2
2.0,0.25,2.0,Connecticut,68.0,68,68,68.0,6.1,6.0,7,0.0,0.0,74.5,74.0,80.1,80.0,109.3,88.0,3.5,4.0,7,1.3,2
0.5,0.25,2.0,Connecticut,68.0,68,68,68.0,5.6,6.0,6,0.0,0.0,74.0,74.0,79.9,80.0,90.3,78.0,2.6,2.5,4,1.4,2
2.0,0.01,2.0,Illinois,68.1,52,82,69.0,48.2,48.5,50,0.0,0.0,83.1,78.0,96.5,97.0,88.2,78.0,11.8,11.5,15,5.4,7
0.5,0.25,0.5,Massachusetts,68.2,67,71,67.0,7.6,8.0,8,0.0,0.0,72.2,71.0,77.7,75.0,158.5,182.0,1.5,1.5,2,0.0,0
2.0,0.01,0.5,Illinois,68.2,43,110,68.0,44.3,45.0,49,0.0,0.0,78.3,74.5,85.3,78.0,103.2,122.0,11.4,10.5,17,4.7,9
2.0,0.25,1.0,Delaware,68.3,62,125,62.0,3.0,3.0,3,0.0,0.0,169.3,187.0,189.4,188.0,349.0,349.0,1.0,1.0,1,0.0,0
0.5,0.25,1.0,Delaware,68.4,62,94,62.0,3.0,3.0,3,0.0,0.0,157.5,157.5,192.6,187.5,,,0.0,0.0,0,0.0,0
1.0,0.25,2.0,Delaware,68.4,62,94,62.0,3.0,3.0,3,0.0,0.0,175.2,187.0,197.6,188.0,349.0,349.0,1.0,1.0,1,0.0,0
0.5,0.25,2.0,Delaware,68.4,62,94,62.0,3.0,3.0,3,0.0,0.0,175.2,187.0,199.3,196.5,349.0,349.0,1.0,1.0,1,0.0,0
1.0,0.25,1.0,Delaware,68.4,62,94,62.0,3.0,3.0,3,0.0,0.0,175.2,187.0,198.0,205.0,348.3333333333333,349.0,1.0,1.0,1,0.0,0
0.5,0.25,1.0,Connecticut,68.6,68,74,68.0,6.1,6.0,7,0.0,0.0,74.6,74.0,81.8,80.0,84.7,74.0,3.1,3.0,4,1.1,2
1.0,0.25,0.5,Connecticut,68.6,68,74,68.0,6.1,6.0,7,0.0,0.0,74.6,74.0,85.8,80.0,91.1,82.0,2.8,3.0,4,1.1,2
2.0,0.25,1.0,Connecticut,68.6,68,74,68.0,6.3,6.0,7,0.0,0.0,74.6,74.0,81.7,80.0,95.1,92.0,3.1,3.0,6,1.1,2
1.0,0.25,1.0,Connecticut,68.6,68,74,68.0,6.3,6.0,7,0.0,0.0,74.6,74.0,81.6,80.0,77.6,74.0,3.3,3.0,5,1.1,2
1.0,0.25,2.0,Connecticut,68.6,68,74,68.0,6.2,6.0,7,0.0,0.0,74.6,74.0,81.7,80.0,94.4,92.0,3.2,3.0,4,1.3,2
2.0,0.1,1.0,Maryland,68.7,55,76,70.0,12.4,12.5,14,0.0,0.0,77.1,76.0,83.9,87.5,28.0,28.0,16.4,15.5,21,1.2,2
1.0,0.25,0.5,Louisiana,68.8,52,80,80.0,1.8,2.0,3,0.0,0.0,119.0,80.0,197.0,197.0,,,0.0,0.0,0,0.0,0
0.5,0.25,2.0,Louisiana,68.8,52,80,80.0,2.6,3.0,4,0.0,0.0,187.77777777777777,197.0,297.8333333333333,252.0,,,0.0,0.0,0,0.0,0
0.5,0.25,0.5,Louisiana,68.8,52,80,80.0,1.4,1.0,2,0.0,0.0,80.0,80.0,,,,,0.0,0.0,0,0.0,0
2.0,0.25,2.0,Louisiana,68.8,52,80,80.0,3.1,3.0,4,0.0,0.0,168.4,197.0,259.85714285714283,252.0,,,0.0,0.0,0,0.0,0
2.0,0.25,0.5,Louisiana,68.8,52,80,80.0,2.8,3.0,4,0.0,0.0,177.7,224.5,291.2857142857143,252.0,,,0.0,0.0,0,0.0,0
0.5,0.25,1.0,South Carolina,68.9,66,95,66.0,9.5,9.5,11,0.0,0.0,96.2,95.0,108.0,107.0,346.0,346.0,0.7,1.0,1,3.4,5
1.0,0.1,2.0,Maryland,69.0,55,76,71.5,12.4,13.0,13,0.0,0.0,76.0,76.0,82.3,81.5,38.3,28.0,19.7,19.5,25,1.8,3
2.0,0.05,1.0,Virginia,69.0,64,88,67.0,26.4,27.0,28,0.0,0.0,80.1,74.0,88.0,80.0,37.9,28.0,13.4,12.5,19,2.5,4
0.5,0.05,0.5,Virginia,69.1,64,75,67.0,11.5,11.0,16,0.0,0.0,75.1,73.5,91.1,86.5,34.7,28.0,8.7,7.5,14,1.8,3
0.5,0.01,2.0,Pennsylvania,69.1,49,105,63.0,40.3,40.0,45,0.0,0.0,90.9,92.0,99.1,97.0,35.5,28.0,23.4,24.0,28,8.6,13
2.0,0.25,1.0,Massachusetts,69.4,67,71,71.0,8.3,8.0,9,0.0,0.0,73.4,75.0,80.4,84.0,157.4,188.0,4.2,4.0,7,0.0,0
0.5,0.25,2.0,Massachusetts,69.4,67,71,71.0,8.5,8.5,9,0.0,0.0,73.4,75.0,80.4,84.0,156.2,185.0,3.5,3.0,5,0.0,0
2.0,0.25,0.5,Massachusetts,69.4,67,71,71.0,8.7,9.0,9,0.0,0.0,73.4,75.0,80.4,84.0,146.4,185.0,4.1,4.0,5,0.0,0
2.0,0.01,0.5,New York,69.4,41,97,69.5,12.8,13.5,16,6.8,21.0,107.4,116.0,114.8,117.0,28.0,28.0,168.6,168.0,194,33.5,40
0.5,0.25,1.0,Massachusetts,69.8,67,71,71.0,8.4,8.0,9,0.0,0.0,74.7,75.0,81.4,84.0,181.5,188.0,2.5,2.5,4,0.0,0
1.0,0.25,0.5,Massachusetts,69.8,67,71,71.0,8.2,8.0,9,0.0,0.0,73.8,75.0,82.3,84.0,146.1,188.0,3.5,3.5,5,0.0,0
1.0,0.25,2.0,Massachusetts,69.8,67,71,71.0,8.5,8.5,9,0.0,0.0,73.8,75.0,81.3,84.0,178.1,188.0,4.2,4.0,5,0.0,0
1.0,0.25,1.0,Massachusetts,69.8,67,71,71.0,8.5,8.5,9,0.0,0.0,74.7,75.0,82.4,84.0,168.2,188.0,3.3,3.0,5,0.0,0
2.0,0.1,2.0,Maryland,69.8,51,76,74.0,12.6,12.5,15,0.0,0.0,76.0,76.0,84.5,88.0,38.3,28.0,17.6,18.5,22,1.2,2
2.0,0.25,0.5,Connecticut,69.8,68,74,68.0,6.0,6.0,7,0.0,0.0,75.7,74.0,85.3,80.0,119.4,116.0,3.1,3.0,5,1.5,2
1.0,0.1,1.0,Maryland,70.0,52,82,68.0,12.3,12.5,13,0.0,0.0,78.4,76.0,84.3,87.5,28.0,28.0,16.3,16.5,20,1.2,2
2.0,0.25,2.0,Massachusetts,70.2,67,71,71.0,8.2,8.0,9,0.0,0.0,74.2,75.0,82.2,84.0,167.6,188.0,4.9,5.0,8,0.0,0
1.0,0.25,0.5,New Jersey,70.2,67,75,67.0,8.2,8.0,9,0.0,0.0,80.6,77.0,92.7,88.0,111.1,115.0,2.7,3.0,4,1.5,2
1.0,0.1,0.5,Massachusetts,70.6,67,75,71.0,8.1,8.0,9,0.0,0.0,77.8,75.0,83.6,84.0,146.6,188.0,2.7,2.0,5,0.0,0
2.0,0.1,2.0,Massachusetts,70.6,67,71,71.0,8.2,8.0,9,0.0,0.0,80.2,79.5,89.2,85.0,160.6,188.0,3.8,4.0,5,0.0,0
0.5,0.1,2.0,Massachusetts,70.6,67,71,71.0,8.2,8.0,9,0.0,0.0,78.3,75.0,86.5,85.0,169.2,189.5,2.6,2.5,5,0.0,0
0.5,0.05,2.0,Virginia,70.6,64,88,67.0,21.9,22.0,24,0.0,0.0,80.8,75.0,93.2,85.0,34.7,28.0,13.3,13.0,17,2.7,4
0.5,0.25,0.5,New Jersey,70.8,67,75,70.0,7.3,7.0,8,0.0,0.0,80.9,79.0,92.8,89.0,104.4,106.5,2.9,3.0,4,1.5,3
0.5,0.01,2.0,New York,70.8,61,112,69.5,12.3,13.5,15,4.2,12.0,99.1,111.5,117.6,118.5,28.0,28.0,168.8,172.0,183,34.1,39
0.5,0.05,0.5,Massachusetts,71.0,71,71,71.0,6.6,6.5,8,0.0,0.0,88.2,84.0,97.3,95.0,163.5,182.0,1.0,1.0,1,0.0,0
2.0,0.1,1.0,Massachusetts,71.0,71,71,71.0,8.4,8.0,9,0.0,0.0,78.6,75.0,85.5,84.5,191.33333333333334,188.0,3.4444444444444446,4.0,5,0.0,0
0.5,0.1,1.0,Massachusetts,71.0,71,71,71.0,8.0,8.0,8,0.0,0.0,78.6,75.0,85.5,84.5,183.28571428571428,188.0,1.7142857142857142,1.0,3,0.0,0
1.0,0.1,2.0,Massachusetts,71.0,71,71,71.0,8.1,8.0,9,0.0,0.0,77.7,75.0,87.4,84.0,167.8,188.0,4.1,3.5,6,0.0,0
2.0,0.1,0.5,Massachusetts,71.0,71,71,71.0,8.2,8.0,9,0.0,0.0,80.4,84.0,86.8,85.0,171.6,188.0,2.8,2.5,4,0.0,0
1.0,0.1,1.0,Massachusetts,71.0,71,71,71.0,8.2,8.0,9,0.0,0.0,79.5,79.5,85.6,85.0,182.1,188.0,2.4,2.0,5,0.0,0
0.5,0.1,0.5,Massachusetts,71.0,71,71,71.0,6.7,7.0,8,0.0,0.0,82.5,84.0,90.2,85.0,113.25,92.5,1.25,1.0,2,0.0,0
0.5,0.1,0.5,Connecticut,71.0,68,80,68.0,6.7,7.0,8,0.0,0.0,84.7,81.0,111.7,119.5,88.0,88.0,2.1,2.0,4,0.4,1
2.0,0.05,0.5,Virginia,71.0,64,85,67.0,24.3,25.0,29,0.0,0.0,80.2,74.0,98.6,106.0,45.4,28.0,13.3,13.0,18,2.7,4
0.5,0.1,1.0,Maryland,71.3,55,76,76.0,11.0,11.0,12,0.0,0.0,79.0,76.0,84.4,87.5,34.0,28.0,15.5,15.5,18,0.6,2
1.0,0.1,0.5,Maryland,71.3,55,76,73.5,11.1,12.0,12,0.0,0.0,78.4,76.0,83.5,87.0,28.0,28.0,16.0,15.5,22,1.1,3
1.0,0.25,2.0,New Jersey,71.3,67,85,70.0,8.6,9.0,9,0.0,0.0,81.6,79.0,96.6,89.0,102.1,96.5,4.3,4.5,6,1.3,2
2.0,0.05,0.5,Massachusetts,71.4,71,75,71.0,8.1,8.0,9,0.0,0.0,84.4,84.0,97.5,95.0,193.4,197.0,3.4,3.0,6,0.0,0
2.0,0.05,2.0,Virginia,71.5,64,112,67.0,27.0,27.5,30,0.0,0.0,87.6,86.5,100.4,100.5,28.0,28.0,14.4,14.0,18,2.4,3
0.5,0.25,1.0,Louisiana,71.6,52,80,80.0,1.5,1.5,2,0.0,0.0,126.8,80.0,,,,,0.0,0.0,0,0.0,0
2.0,0.25,0.5,Delaware,71.6,62,94,62.0,3.0,3.0,3,0.0,0.0,181.1,187.0,201.5,205.0,349.0,349.0,1.0,1.0,1,0.0,0
2.0,0.1,0.5,Louisiana,71.6,52,80,80.0,2.2,2.0,4,0.0,0.0,182.75,224.5,288.6666666666667,252.0,,,0.0,0.0,0,0.0,0
0.5,0.1,2.0,Connecticut,71.6,68,74,74.0,6.2,6.0,7,0.0,0.0,80.0,80.0,94.0,98.0,104.3,102.0,2.4,2.0,4,0.9,1
1.0,0.05,0.5,Maryland,71.6,48,76,76.0,10.7,11.0,11,0.0,0.0,87.7,88.0,94.3,90.0,41.0,28.0,14.1,14.0,17,1.0,2
1.0,0.1,2.0,Connecticut,71.6,68,80,71.0,6.1,6.0,8,0.0,0.0,80.2,80.0,99.7,98.0,127.4,102.0,2.8,2.5,5,1.0,2
2.0,0.25,2.0,New Jersey,71.6,67,75,72.5,8.7,9.0,9,0.0,0.0,82.4,82.0,91.4,89.0,101.9,95.5,4.6,4.0,7,1.3,2
0.5,0.01,1.0,New York,71.6,41,116,69.5,11.0,11.0,12,3.1,10.0,95.6,99.5,115.9,121.0,28.0,28.0,142.6,141.5,164,32.2,34
1.0,0.1,1.0,Connecticut,71.8,68,82,71.0,6.7,7.0,8,0.0,0.0,85.1,81.0,106.4,121.0,111.5,102.0,2.6,2.5,4,0.5,2
1.0,0.1,0.5,Connecticut,71.8,68,82,71.0,6.5,6.5,7,0.0,0.0,83.7,80.0,99.8,98.0,90.8,102.0,2.7,3.0,4,0.6,1
1.0,0.25,2.0,South Carolina,71.8,66,95,66.0,17.9,18.0,19,0.0,0.0,97.4,95.0,110.0,107.0,295.5,303.0,1.7,2.0,2,4.2,6
2.0,0.1,1.0,South Carolina,71.8,66,95,66.0,16.8,17.0,19,0.0,0.0,97.4,95.0,112.0,112.0,297.3,303.0,1.8,2.0,2,4.6,6
0.5,0.25,2.0,New Jersey,71.9,67,75,72.5,8.4,8.5,9,0.0,0.0,85.6,87.0,95.0,95.0,105.9,115.0,3.0,3.5,4,1.4,2
0.5,0.25,1.0,Arkansas,72.0,72,72,72.0,14.7,15.0,16,0.0,0.0,89.4,93.0,93.4,93.0,51.1,28.0,6.6,6.5,8,0.0,0
1.0,0.25,0.5,Arkansas,72.0,72,72,72.0,15.5,15.5,16,0.0,0.0,93.0,93.0,93.4,93.0,28.0,28.0,10.0,10.0,12,0.0,0
1.0,0.25,2.0,Arkansas,72.0,72,72,72.0,18.4,18.0,19,0.0,0.0,92.1,93.0,93.6,93.0,28.0,28.0,11.8,12.5,14,0.0,0
2.0,0.25,1.0,Arkansas,72.0,72,72,72.0,18.5,18.5,19,0.0,0.0,92.1,93.0,93.6,93.0,28.0,28.0,11.7,12.0,14,0.0,0
0.5,0.25,2.0,Arkansas,72.0,72,72,72.0,17.8,18.0,19,0.0,0.0,91.2,93.0,93.2,93.0,28.0,28.0,10.3,10.5,12,0.0,0
0.5,0.05,0.5,Arkansas,72.0,72,72,72.0,10.2,10.5,11,0.0,0.0,93.2,93.0,95.4,95.0,97.4,105.0,3.7,4.0,5,0.0,0
0.5,0.25,0.5,Arkansas,72.0,72,72,72.0,12.4,12.0,14,0.0,0.0,89.4,93.0,94.0,94.0,81.9,105.0,4.9,5.0,6,0.0,0
1.0,0.25,1.0,Arkansas,72.0,72,72,72.0,17.8,18.0,19,0.0,0.0,92.1,93.0,94.0,94.0,28.0,28.0,11.5,11.5,13,0.0,0
2.0,0.25,2.0,Arkansas,72.0,72,72,72.0,18.9,19.0,20,0.0,0.0,89.4,93.0,93.4,93.0,28.0,28.0,10.5,10.5,13,0.0,0
2.0,0.25,0.5,Arkansas,72.0,72,72,72.0,18.2,18.0,19,0.0,0.0,91.2,93.0,93.6,93.0,28.0,28.0,10.3,10.0,14,0.0,0
2.0,0.1,1.0,Arkansas,72.0,72,72,72.0,17.9,18.0,19,0.0,0.0,90.3,93.0,93.6,93.0,43.4,28.0,9.4,9.5,12,0.0,0
0.5,0.1,1.0,Arkansas,72.0,72,72,72.0,12.8,13.0,15,0.0,0.0,91.2,93.0,94.6,95.0,36.55555555555556,28.0,5.0,5.0,6,0.0,0
2.0,0.1,0.5,Arkansas,72.0,72,72,72.0,17.4,17.0,19,0.0,0.0,92.1,93.0,94.7,95.0,35.7,28.0,8.8,8.0,12,0.0,0
0.5,0.1,2.0,Arkansas,72.0,72,72,72.0,17.1,17.0,19,0.0,0.0,90.3,93.0,94.0,94.0,35.7,28.0,9.4,9.5,12,0.0,0
1.0,0.1,1.0,Arkansas,72.0,72,72,72.0,17.0,17.0,18,0.0,0.0,92.1,93.0,94.0,94.0,35.7,28.0,9.2,9.0,12,0.0,0
0.5,0.1,0.5,Arkansas,72.0,72,72,72.0,11.7,12.0,13,0.0,0.0,91.2,93.0,94.4,95.0,97.3,105.0,4.7,5.0,6,0.0,0
2.0,0.05,1.0,Arkansas,72.0,72,72,72.0,16.6,16.5,18,0.0,0.0,92.3,93.0,95.7,95.0,43.4,28.0,9.6,9.5,13,0.1,1
2.0,0.05,2.0,Massachusetts,72.0,67,85,71.0,7.9,8.0,9,0.0,0.0,84.9,84.0,97.9,99.0,200.1,197.0,4.2,4.0,6,0.1,1
1.0,0.1,2.0,Arkansas,72.0,72,72,72.0,17.9,18.0,19,0.0,0.0,92.1,93.0,94.7,95.0,35.7,28.0,10.1,10.0,12,0.1,1
2.0,0.1,2.0,Arkansas,72.0,72,72,72.0,17.9,18.0,19,0.0,0.0,93.2,93.0,94.3,94.0,35.7,28.0,9.7,9.0,12,0.2,1
2.0,0.25,0.5,New Jersey,72.0,67,75,74.5,8.4,8.5,9,0.0,0.0,82.4,82.0,88.4,89.0,94.5,92.0,5.2,5.0,7,1.4,2
2.0,0.05,0.5,Maryland,72.1,55,76,76.0,11.5,11.0,13,0.1,1.0,85.4,88.0,93.1,90.0,44.5,28.0,13.9,15.0,19,1.3,3
2.0,0.1,1.0,Connecticut,72.2,68,80,74.0,6.6,6.0,8,0.0,0.0,83.3,80.0,105.3,106.5,102.6,102.0,3.6,3.5,6,0.6,1
2.0,0.1,0.5,Connecticut,72.2,68,80,71.0,6.3,6.0,8,0.0,0.0,78.0,80.0,105.8,99.0,90.8,102.0,3.2,3.0,5,0.8,2
0.5,0.25,1.0,New Jersey,72.2,67,79,75.0,8.1,8.0,9,0.0,0.0,81.1,82.0,93.4,89.0,106.4,115.0,2.7,3.0,3,1.2,2
2.0,0.05,1.0,Massachusetts,72.3,71,84,71.0,7.9,8.0,8,0.0,0.0,83.6,84.0,95.2,98.5,189.0,197.0,3.3,3.5,6,0.0,0
1.0,0.05,1.0,Massachusetts,72.3,71,84,71.0,7.9,8.0,8,0.0,0.0,87.6,84.0,100.3,102.5,194.7,194.0,2.6,3.0,4,0.1,1
0.5,0.1,1.0,Connecticut,72.4,68,82,74.0,6.7,6.5,8,0.0,0.0,84.8,80.0,102.2,100.0,100.0,102.0,2.2,2.5,4,0.5,1
0.5,0.05,1.0,Massachusetts,72.7,71,84,71.0,7.8,8.0,9,0.0,0.0,85.3,84.0,97.4,103.0,181.375,185.0,2.375,2.0,5,0.0,0
1.0,0.01,1.0,Indiana,72.8,52,89,81.0,48.8,48.0,53,0.2,1.0,84.6,87.0,93.4,90.0,104.5,99.5,12.2,12.0,18,10.8,14
0.5,0.01,1.0,Indiana,72.9,54,89,76.0,40.2,39.5,48,0.0,0.0,86.7,89.0,92.7,90.0,81.0,83.0,9.6,9.5,16,7.9,11
0.5,0.05,0.5,Maryland,73.2,48,76,76.0,9.4,9.5,11,0.0,0.0,81.9,79.0,95.4,90.0,49.4,28.0,13.0,12.5,20,0.8,3
2.0,0.25,1.0,New Jersey,73.2,67,85,75.0,8.5,8.5,9,0.0,0.0,81.2,79.0,91.0,89.0,103.4,98.0,4.0,4.0,6,1.5,2
1.0,0.01,2.0,Ohio,73.3,50,91,73.5,52.0,51.5,57,0.0,0.0,91.3,91.0,100.1,95.5,80.9,96.0,22.1,22.5,28,8.9,12
1.0,0.05,2.0,Massachusetts,73.4,71,95,71.0,8.0,8.0,8,0.0,0.0,80.4,75.0,92.7,95.0,199.4,197.0,3.8,3.0,6,0.0,0
1.0,0.05,0.5,Massachusetts,73.6,71,84,71.0,7.9,8.0,9,0.0,0.0,84.2,84.0,95.7,98.5,156.5,197.0,2.2,1.5,4,0.0,0
2.0,0.25,2.0,New Hampshire,73.6,69,88,69.0,8.9,9.0,9,0.0,0.0,112.3,105.0,191.8,213.0,,,0.0,0.0,0,0.0,0
1.0,0.01,0.5,New York,73.6,41,112,69.5,9.9,9.5,14,2.6,7.0,101.6,113.0,122.3,121.0,28.0,28.0,147.3,153.0,161,35.1,38
0.5,0.05,2.0,Massachusetts,73.7,71,85,71.0,7.7,8.0,8,0.0,0.0,86.2,79.5,97.9,99.0,189.1,191.0,3.2,3.0,7,0.1,1
1.0,0.05,2.0,Maryland,73.7,48,90,76.0,12.1,12.0,14,0.0,0.0,80.6,76.0,89.0,90.0,41.0,28.0,17.7,17.5,25,0.8,1
2.0,0.1,2.0,Connecticut,73.8,68,82,74.0,6.5,6.5,8,0.0,0.0,85.7,81.0,104.3,109.5,119.2,102.0,3.2,3.0,5,0.7,2
2.0,0.01,1.0,Kentucky,73.8,67,106,70.0,36.2,35.5,40,0.0,0.0,101.6,106.0,113.1,112.0,104.2,124.0,12.3,12.0,16,5.9,10
2.0,0.01,2.0,Kentucky,73.9,70,99,70.0,38.4,39.5,41,0.0,0.0,105.2,109.0,116.3,116.0,118.5,145.5,12.7,12.0,20,5.3,10
2.0,0.01,0.5,Kentucky,74.0,67,119,70.0,33.3,34.0,38,0.0,0.0,99.1,99.5,120.8,123.0,154.8,147.0,11.6,11.0,17,6.0,10
1.0,0.1,0.5,Arkansas,74.1,72,93,72.0,14.2,14.0,16,0.0,0.0,92.1,93.0,94.6,95.0,43.4,28.0,8.4,8.0,12,0.0,0
0.5,0.05,2.0,Arkansas,74.1,72,93,72.0,16.1,16.0,18,0.0,0.0,93.7,93.0,96.2,95.0,66.6,66.5,7.3,7.5,9,0.1,1
2.0,0.05,2.0,Arkansas,74.1,72,93,72.0,16.9,17.0,18,0.0,0.0,92.6,93.0,95.4,95.0,43.4,28.0,9.6,9.0,15,0.1,1
2.0,0.05,0.5,Arkansas,74.1,72,93,72.0,15.7,16.0,17,0.0,0.0,92.5,93.0,95.2,95.0,51.1,28.0,7.5,7.5,10,0.6,2
2.0,0.01,0.5,Ohio,74.1,56,108,64.0,49.1,48.5,53,0.0,0.0,88.0,91.0,94.3,92.0,110.7,99.0,22.2,22.0,32,8.2,10
1.0,0.01,0.5,Pennsylvania,74.2,49,126,73.0,35.0,33.5,43,0.4,2.0,94.0,95.0,106.4,101.0,40.1,28.0,18.2,19.0,24,7.2,12
0.5,0.01,2.0,Illinois,74.3,57,98,69.0,41.2,41.0,46,0.0,0.0,87.4,95.5,91.4,97.0,72.5,28.0,12.2,12.0,14,3.9,6
2.0,0.01,1.0,Ohio,74.3,50,96,77.5,51.5,51.0,57,0.0,0.0,85.8,88.0,94.4,91.0,93.1,99.0,23.0,22.0,33,8.9,14
1.0,0.01,1.0,Ohio,74.6,61,91,69.0,50.7,50.5,56,0.0,0.0,90.0,89.5,95.0,92.0,100.7,118.0,20.9,20.5,26,7.5,9
0.5,0.25,0.5,South Carolina,74.7,66,95,66.0,5.4,5.5,6,0.0,0.0,98.6,95.0,110.0,107.0,,,0.0,0.0,0,1.0,1
0.5,0.25,2.0,South Carolina,74.7,66,95,66.0,16.3,16.5,18,0.0,0.0,98.6,95.0,109.0,107.0,356.44444444444446,415.0,1.0,1.0,2,3.6,4
1.0,0.1,2.0,South Carolina,74.7,66,95,66.0,16.8,17.0,19,0.0,0.0,99.6,95.0,112.9,107.0,306.2,303.0,1.8,2.0,3,4.1,5
2.0,0.25,0.5,South Carolina,74.7,66,95,66.0,18.0,18.0,20,0.0,0.0,97.6,95.0,107.0,107.0,282.4,303.0,1.9,2.0,3,4.5,5
1.0,0.25,1.0,South Carolina,74.7,66,95,66.0,15.7,15.5,17,0.0,0.0,98.6,95.0,109.0,107.0,356.44444444444446,415.0,1.3,1.0,3,5.0,6
0.5,0.05,0.5,Georgia,74.8,59,85,84.0,26.9,27.5,32,0.0,0.0,87.0,87.0,92.0,92.0,114.0,107.0,1.5,1.5,2,2.1,4
0.5,0.01,0.5,New York,75.0,61,112,68.0,8.7,9.0,11,4.7,15.0,109.2,117.0,127.7,121.0,32.5,28.0,104.1,106.0,115,29.9,34
0.5,0.05,0.5,Connecticut,75.4,68,82,74.0,6.4,6.0,7,0.0,0.0,90.4,98.0,118.3,121.0,101.22222222222223,102.0,1.2,1.0,2,0.6,1
1.0,0.25,1.0,New Jersey,75.4,67,85,75.0,8.4,8.5,9,0.0,0.0,84.4,85.0,93.0,89.0,99.5,93.0,3.6,3.5,6,1.4,2
1.0,0.05,1.0,Maryland,75.5,66,90,76.0,10.9,11.0,13,0.0,0.0,79.9,76.0,92.5,90.0,38.0,28.0,15.2,15.0,21,1.1,3
0.5,0.01,1.0,Pennsylvania,75.6,49,105,75.0,32.9,32.5,37,0.3,1.0,96.2,94.0,98.2,96.5,46.8,28.0,19.3,18.0,26,8.8,12
2.0,0.05,2.0,Maryland,75.7,67,90,76.0,11.3,11.0,13,0.1,1.0,82.2,76.0,99.6,100.0,40.6,28.0,16.3,15.5,20,1.3,3
2.0,0.01,0.5,Tennessee,75.7,43,113,68.0,27.8,28.0,30,0.0,0.0,109.8,107.5,137.5,150.0,105.2,99.5,10.9,10.5,18,4.6,6
1.0,0.25,1.0,West Virginia,75.9,68,96,68.0,14.7,14.5,17,0.0,0.0,91.3,94.0,99.9,96.0,118.2,112.0,3.7,4.0,5,0.0,0
1.0,0.05,0.5,Arkansas,76.2,72,93,72.0,13.5,13.5,16,0.0,0.0,93.4,93.0,95.9,95.0,51.1,28.0,7.6,8.5,12,0.0,0
1.0,0.25,2.0,West Virginia,76.2,68,88,73.5,16.4,16.0,19,0.0,0.0,90.1,88.0,97.1,96.0,124.4,112.0,2.2,2.0,3,0.0,0
0.5,0.05,1.0,Arkansas,76.2,72,93,72.0,11.5,12.0,14,0.0,0.0,92.8,93.0,96.0,95.0,66.5,66.5,4.4,4.0,6,0.0,0
0.5,0.01,0.5,Montana,76.2,47,177,69.5,3.9,3.5,6,0.0,0.0,112.2,81.5,187.77777777777777,182.0,101.33333333333333,67.0,1.5,1.0,3,0.2,2
1.0,0.05,2.0,Arkansas,76.2,72,93,72.0,16.2,16.0,18,0.0,0.0,92.0,93.0,96.1,96.5,58.8,28.0,9.2,8.5,13,0.3,1
1.0,0.05,1.0,Arkansas,76.2,72,93,72.0,15.0,15.0,16,0.0,0.0,93.0,93.0,96.0,95.0,51.2,28.0,8.0,7.5,11,0.3,1
0.5,0.05,1.0,Maryland,76.3,67,90,76.0,10.2,10.5,11,0.0,0.0,83.9,87.5,97.7,91.0,33.0,28.0,13.4,13.5,18,0.6,2
0.5,0.05,2.0,Connecticut,76.4,68,82,74.0,6.7,7.0,8,0.0,0.0,102.8,102.0,121.3,122.5,141.22222222222223,102.0,1.9,2.0,5,0.4,1
2.0,0.05,0.5,Connecticut,76.5,68,111,74.0,6.8,7.0,7,0.0,0.0,98.5,98.0,117.0,121.0,126.4,102.0,3.0,3.0,5,0.3,1
2.0,0.01,1.0,Vermont,76.5,36,121,73.0,12.3,12.0,13,0.0,0.0,111.0,107.5,146.4,146.0,98.8,71.5,10.6,10.5,16,1.2,2
1.0,0.01,1.0,Kentucky,76.6,67,112,70.0,33.4,32.5,37,0.0,0.0,94.6,97.0,115.2,112.0,87.3,65.5,12.5,11.0,18,6.5,9
2.0,0.01,0.5,Montana,76.7,47,177,66.0,11.0,10.5,14,0.1,1.0,152.5,182.0,190.4,194.0,150.0,83.0,4.1,4.0,7,1.5,3
2.0,0.01,2.0,Ohio,76.7,61,91,77.0,51.6,52.5,54,0.0,0.0,88.2,89.5,90.5,92.0,85.1,98.5,24.9,24.5,30,9.5,15
2.0,0.05,1.0,Maryland,76.8,68,88,76.0,11.9,12.0,13,0.0,0.0,87.3,89.0,96.9,91.0,48.3,28.0,14.7,14.5,21,1.2,3
0.5,0.01,0.5,Pennsylvania,77.0,49,124,74.0,27.5,27.5,35,0.0,0.0,96.3,95.0,103.5,100.0,31.3,28.0,14.6,15.0,20,8.2,15
1.0,0.25,2.0,Louisiana,77.2,52,80,80.0,2.6,2.5,4,0.0,0.0,223.8,252.0,380.0,417.0,,,0.0,0.0,0,0.0,0
1.0,0.01,1.0,Pennsylvania,77.3,49,94,76.0,42.2,42.5,47,0.0,0.0,89.3,95.0,95.0,100.0,37.0,28.0,20.8,20.0,30,7.6,10
0.5,0.01,0.5,Ohio,77.5,61,88,81.0,28.8,28.5,34,0.0,0.0,93.7,91.0,102.8,101.0,118.3,116.5,12.7,13.0,15,4.9,7
0.5,0.01,0.5,Illinois,77.6,52,110,69.0,28.0,28.5,33,0.0,0.0,92.0,95.5,101.8,103.0,157.2,167.0,4.5,4.0,7,2.3,4
1.0,0.25,0.5,South Carolina,77.6,66,95,66.0,11.2,11.0,13,0.0,0.0,101.8,95.0,113.8,112.0,331.6666666666667,346.0,0.5,0.0,2,3.1,4
2.0,0.25,2.0,South Carolina,77.6,66,95,66.0,18.4,18.5,20,0.0,0.0,98.8,95.0,110.0,107.0,324.9,303.0,2.1,2.0,3,5.4,7
ALL,ALL,ALL,Arkansas,77.79444444444445,72,117,72.0,14.063888888888888,15.0,20,0.0,0.0,96.43055555555556,93.0,103.46944444444445,95.0,60.056179775280896,28.0,7.449438202247191,8.0,15,0.09166666666666666,2
2.0,0.25,1.0,New Hampshire,77.8,69,105,69.0,8.9,9.0,9,0.0,0.0,115.2,105.0,181.1,204.0,146.0,146.0,1.0,1.0,1,0.0,0
0.5,0.01,2.0,Kentucky,78.1,67,99,70.0,32.8,34.0,37,0.1,1.0,103.0,100.5,115.2,112.5,115.0,101.0,13.3,13.5,18,5.6,9
2.0,0.25,1.0,West Virginia,78.4,68,95,73.5,15.8,16.0,18,0.0,0.0,89.8,88.0,95.1,95.0,129.0,120.0,2.8,3.0,5,0.0,0
1.0,0.25,0.5,New Hampshire,78.6,69,105,73.0,7.9,8.0,8,0.0,0.0,121.9,105.0,176.2,213.0,146.0,146.0,1.0,1.0,1,0.0,0
1.0,0.05,1.0,Connecticut,78.6,68,118,74.0,6.8,7.0,7,0.0,0.0,97.1,98.0,120.4,121.0,129.2,102.0,2.7,3.0,4,0.2,1
2.0,0.01,0.5,Pennsylvania,78.7,49,101,83.0,42.2,42.5,46,0.1,1.0,91.8,94.5,98.2,98.0,45.6,28.0,22.9,23.0,32,8.5,12
2.0,0.05,1.0,Connecticut,78.8,68,99,74.0,7.0,7.0,7,0.0,0.0,96.7,98.0,121.7,121.0,112.8,102.0,2.6,2.5,5,0.0,0
0.5,0.1,0.5,New Hampshire,78.8,69,105,77.0,2.2,2.0,4,0.0,0.0,112.875,105.0,135.33333333333334,106.0,146.0,146.0,1.0,1.0,1,0.0,0
2.0,0.01,0.5,Vermont,78.8,36,121,78.5,11.7,11.5,13,0.2,1.0,119.5,121.0,138.8,151.0,86.8,97.0,14.4,15.5,19,2.0,3
0.5,0.01,1.0,Kentucky,78.8,67,119,70.0,22.1,21.0,28,0.0,0.0,101.7,109.0,133.8,139.0,133.3,147.0,7.6,8.0,11,5.3,8
ALL,ALL,ALL,Virginia,78.80277777777778,46,186,67.0,21.066666666666666,22.0,35,0.005555555555555556,1.0,89.93333333333334,72.0,101.75555555555556,85.0,62.7752808988764,28.0,12.90782122905028,13.0,26,2.6666666666666665,6
0.5,0.25,2.0,New Hampshire,78.9,69,105,69.0,8.0,8.0,8,0.0,0.0,120.6,105.0,151.8,106.0,146.0,146.0,1.0,1.0,1,0.0,0
2.0,0.25,0.5,West Virginia,79.0,68,96,79.0,15.7,16.0,17,0.0,0.0,92.9,96.0,102.1,103.0,118.2,112.0,2.4,2.5,3,0.0,0
1.0,0.01,1.0,Tennessee,79.0,43,104,90.0,26.4,27.0,33,0.0,0.0,119.1,104.5,142.6,154.0,95.2,69.0,9.5,9.5,14,4.1,7
0.5,0.25,2.0,West Virginia,79.4,68,96,78.0,14.1,14.0,16,0.0,0.0,92.8,94.0,99.9,96.0,118.2,112.0,2.8,3.0,4,0.0,0
1.0,0.1,0.5,New Jersey,79.5,67,89,82.0,6.5,6.5,8,0.0,0.0,91.8,88.0,108.2,103.0,103.1,96.5,2.8,2.0,5,1.3,2
ALL,ALL,ALL,Maryland,79.64444444444445,48,150,76.0,11.21111111111111,11.0,16,0.011111111111111112,1.0,90.75277777777778,76.0,99.88055555555556,90.0,55.31944444444444,28.0,15.91388888888889,16.0,28,0.9,4
1.0,0.01,1.0,Montana,79.7,46,182,56.5,12.3,12.0,15,0.0,0.0,124.5,134.0,167.4,184.0,145.2,93.5,4.4,4.5,7,0.9,4
1.0,0.01,0.5,Kentucky,79.8,67,112,70.0,26.0,25.5,31,0.0,0.0,103.6,112.0,118.3,116.0,143.8,147.0,8.3,8.0,10,4.7,7
0.5,0.05,2.0,Maryland,79.9,67,97,76.0,10.8,11.0,13,0.0,0.0,90.4,88.0,103.7,103.5,56.3,28.0,15.4,15.0,18,1.0,4
2.0,0.1,0.5,New Jersey,80.0,67,85,82.0,7.6,8.0,9,0.0,0.0,87.0,89.0,115.0,116.0,106.8,115.0,3.5,3.0,6,1.6,3
1.0,0.01,2.0,New York,80.3,59,113,69.5,10.9,12.0,18,2.9,12.0,102.6,112.0,119.7,121.0,28.0,28.0,166.4,159.0,191,35.4,42
0.5,0.01,2.0,Vermont,80.5,36,151,76.0,12.1,12.0,13,0.0,0.0,110.5,111.0,151.4,152.0,115.5,97.0,10.8,11.5,17,1.0,3
0.5,0.1,2.0,South Carolina,80.5,66,95,80.5,15.6,15.5,18,0.0,0.0,103.0,101.0,117.8,117.0,371.8333333333333,397.5,0.9,1.0,3,3.2,4
2.0,0.25,2.0,West Virginia,80.7,68,95,79.0,16.2,16.0,18,0.0,0.0,91.5,91.0,96.0,95.0,135.2,128.0,2.1,2.0,3,0.0,0
1.0,0.1,0.5,Louisiana,81.0,52,174,80.0,1.3,1.0,2,0.0,0.0,100.33333333333333,80.0,,,,,0.0,0.0,0,0.0,0
ALL,ALL,ALL,Alabama,81.30113636363636,63,456,63.0,7.784090909090909,8.0,15,0.0,0.0,109.44444444444444,72.0,128.93920972644378,91.0,314.2903225806452,346.0,0.6326530612244898,1.0,1,0.1875,1
1.0,0.25,1.0,New Hampshire,81.4,69,105,73.0,8.0,8.0,8,0.0,0.0,122.3,96.5,168.5,159.5,146.0,146.0,1.0,1.0,1,0.0,0
ALL,ALL,ALL,Massachusetts,81.43611111111112,67,170,71.0,7.697222222222222,8.0,9,0.0,0.0,94.08055555555555,84.0,105.30555555555556,85.0,184.76506024096386,188.0,3.1506024096385543,3.0,8,0.030555555555555555,1
0.5,0.1,1.0,New Jersey,81.6,67,89,85.0,7.0,7.0,8,0.0,0.0,93.2,89.0,108.7,105.0,110.5,106.5,3.1,3.0,5,1.2,2
1.0,0.1,1.0,New Jersey,81.6,67,89,85.0,7.8,8.0,9,0.0,0.0,90.2,89.0,107.9,103.0,108.7,115.0,3.3,3.0,7,1.3,2
1.0,0.1,2.0,Louisiana,81.7,80,97,80.0,1.9,2.0,3,0.0,0.0,275.57142857142856,252.0,417.0,417.0,,,0.0,0.0,0,0.0,0
0.5,0.25,1.0,West Virginia,81.8,68,96,83.5,12.6,12.5,15,0.0,0.0,93.1,95.0,103.3,99.5,115.55555555555556,112.0,1.1111111111111112,1.0,2,0.0,0
0.5,0.1,0.5,New Jersey,81.8,75,89,82.0,6.4,6.0,7,0.0,0.0,91.4,89.0,100.1,101.0,112.66666666666667,115.0,2.3,2.0,4,1.1,2
1.0,0.25,0.5,West Virginia,82.0,68,96,88.0,13.4,13.5,15,0.0,0.0,94.1,96.0,101.9,103.0,120.0,120.0,1.25,1.0,2,0.0,0
2.0,0.01,2.0,Pennsylvania,82.0,49,102,92.5,43.8,44.5,47,0.0,0.0,90.3,96.5,98.9,101.5,39.4,28.0,22.3,22.0,26,6.8,11
0.5,0.01,2.0,Ohio,82.1,64,103,81.0,49.3,49.5,51,0.0,0.0,92.1,91.5,100.0,92.0,110.6,114.0,17.8,17.5,24,7.1,9
2.0,0.05,2.0,Connecticut,82.3,68,121,80.0,6.6,7.0,8,0.1,1.0,103.3,101.5,116.6,122.5,169.5,156.5,2.9,2.5,5,0.6,2
0.5,0.25,0.5,West Virginia,82.5,68,96,88.0,9.3,9.0,10,0.0,0.0,95.7,96.0,105.8,103.0,133.71428571428572,112.0,1.2857142857142858,1.0,2,0.0,0
2.0,0.1,1.0,New Jersey,82.8,75,85,85.0,8.2,8.0,9,0.0,0.0,88.4,89.0,114.0,116.0,104.7,105.0,3.8,4.0,5,1.6,3
1.0,0.1,2.0,New Jersey,82.9,70,89,85.0,8.2,8.0,9,0.0,0.0,90.4,89.0,116.6,116.0,108.7,115.0,3.9,4.0,5,1.3,2
2.0,0.1,2.0,New Jersey,83.0,75,89,85.0,8.7,9.0,9,0.0,0.0,93.8,89.0,116.0,125.5,107.4,113.5,3.9,4.0,6,1.3,2
1.0,0.05,0.5,Connecticut,83.1,68,107,77.0,6.8,7.0,8,0.0,0.0,104.9,98.5,119.1,121.0,98.5,102.0,1.8,2.0,4,0.3,1
1.0,0.01,0.5,Ohio,83.1,64,92,88.0,40.6,40.5,46,0.0,0.0,90.6,91.5,97.2,97.0,116.0,114.0,17.7,17.5,21,6.8,10
2.0,0.1,2.0,Louisiana,83.2,80,112,80.0,2.1,2.0,3,0.0,0.0,323.1111111111111,252.0,489.5,489.5,,,0.0,0.0,0,0.0,0
0.5,0.05,0.5,New Jersey,83.2,75,89,84.0,4.9,5.0,7,0.0,0.0,103.6,97.0,135.2,138.0,121.5,115.0,2.7,3.0,4,1.4,2
0.5,0.25,1.0,New Hampshire,83.3,69,105,77.0,6.3,6.0,8,0.0,0.0,116.0,105.0,171.7,204.0,,,0.0,0.0,0,0.0,0
0.5,0.01,0.5,Tennessee,83.3,43,110,101.5,9.7,9.5,13,0.0,0.0,119.5,115.5,148.1,153.0,113.66666666666667,110.0,2.6666666666666665,2.0,5,0.2,1
2.0,0.1,0.5,South Carolina,83.4,66,95,95.0,16.3,16.0,18,0.0,0.0,101.2,102.0,112.0,112.0,319.0,303.0,1.7,2.0,4,5.0,6
0.5,0.1,2.0,New Jersey,83.6,67,89,85.0,7.3,7.0,9,0.0,0.0,93.1,89.0,117.8,127.0,113.0,115.0,2.8,3.0,4,1.2,2
0.5,0.1,2.0,Louisiana,83.8,52,141,80.0,2.0,2.0,3,0.0,0.0,219.77777777777777,252.0,252.0,252.0,,,0.0,0.0,0,0.0,0
0.5,0.01,1.0,Tennessee,83.8,43,121,96.0,16.2,16.5,22,0.0,0.0,138.0,147.5,148.9,153.0,61.7,28.0,5.3,5.5,8,2.2,4
0.5,0.05,2.0,New Jersey,84.2,75,89,87.0,6.5,6.5,8,0.0,0.0,98.8,97.0,122.8,125.5,108.0,98.0,4.0,3.5,9,1.0,2
1.0,0.05,2.0,Connecticut,84.4,68,98,81.0,6.7,7.0,7,0.0,0.0,100.6,98.0,114.3,122.5,95.6,102.0,2.8,3.0,4,0.4,2
1.0,0.01,2.0,Georgia,84.4,61,95,89.0,40.6,40.0,46,0.0,0.0,99.1,95.0,109.9,107.0,133.2,64.5,4.4,4.0,7,3.5,7
1.0,0.01,2.0,Pennsylvania,84.4,49,105,90.5,42.5,42.0,47,0.0,0.0,95.1,93.0,102.6,101.5,41.2,28.0,20.4,19.0,34,8.3,10
1.0,0.05,2.0,New Jersey,84.6,67,89,89.0,7.8,8.0,9,0.0,0.0,106.8,105.0,132.1,136.0,165.3,123.0,3.7,4.0,6,1.5,2
2.0,0.05,2.0,New Jersey,84.6,79,89,85.0,7.6,7.5,9,0.0,0.0,96.8,89.0,119.0,116.0,108.1,95.0,4.7,5.0,6,1.6,3
1.0,0.01,2.0,Arkansas,84.9,72,117,82.5,11.4,11.5,13,0.0,0.0,103.6,98.0,119.3,117.0,75.3,105.0,6.0,7.0,9,0.0,0
1.0,0.25,2.0,New Hampshire,85.0,69,105,77.0,9.0,9.0,9,0.0,0.0,126.7,105.0,186.5,204.0,146.0,146.0,1.0,1.0,1,0.0,0
2.0,0.25,0.5,New Hampshire,85.0,69,105,77.0,8.9,9.0,9,0.0,0.0,135.1,105.0,199.7,226.0,146.0,146.0,1.0,1.0,1,0.0,0
1.0,0.01,0.5,Arkansas,85.0,72,95,93.0,6.9,6.5,9,0.0,0.0,100.2,98.0,123.9,117.0,109.8,106.0,2.7,2.0,7,0.0,0
0.5,0.01,1.0,Ohio,85.0,76,92,88.0,39.3,39.0,45,0.0,0.0,91.7,91.5,95.9,92.0,104.2,98.0,15.6,16.0,20,5.4,8
0.5,0.25,0.5,New Hampshire,85.2,69,105,82.5,2.2,2.0,3,0.0,0.0,126.0,105.0,174.75,175.0,,,0.0,0.0,0,0.0,0
0.5,0.05,1.0,Connecticut,85.2,74,99,82.0,6.9,7.0,7,0.0,0.0,101.9,98.0,119.8,121.0,109.9,102.0,1.6,1.5,3,0.2,1
0.5,0.01,0.5,Kentucky,85.2,67,129,78.5,13.5,13.5,19,0.0,0.0,112.7,99.0,132.2,124.0,162.66666666666666,189.0,5.0,4.5,10,2.0,5
2.0,0.1,1.0,Louisiana,85.3,52,112,80.0,2.2,2.0,4,0.0,0.0,251.85714285714286,252.0,370.75,334.5,,,0.0,0.0,0,0.0,0
2.0,0.01,2.0,Georgia,85.7,61,100,90.0,42.6,43.0,48,0.0,0.0,98.4,100.0,105.5,106.0,69.7,28.0,5.4,5.0,8,4.0,5
1.0,0.1,0.5,West Virginia,85.8,68,96,91.0,11.0,11.0,13,0.0,0.0,97.8,96.0,113.5,113.5,122.66666666666667,128.0,1.0,1.0,1,0.0,0
0.5,0.01,2.0,Montana,86.1,47,182,66.0,10.7,10.5,13,0.0,0.0,139.8,134.0,193.6,184.0,231.4,297.0,2.8,2.0,7,0.6,2
0.5,0.05,0.5,South Carolina,86.3,66,95,95.0,4.1,4.0,5,0.0,0.0,107.4,107.0,126.7,126.5,303.0,303.0,0.2,0.0,1,0.4,1
0.5,0.1,0.5,South Carolina,86.3,66,95,95.0,4.7,4.5,6,0.0,0.0,106.4,107.0,119.7,117.0,,,0.0,0.0,0,0.7,1
0.5,0.1,1.0,South Carolina,86.3,66,95,95.0,7.5,7.0,9,0.0,0.0,108.4,112.0,123.5,121.5,320.5,320.5,0.2,0.0,1,2.2,3
1.0,0.1,0.5,South Carolina,86.3,66,95,95.0,10.7,11.0,12,0.0,0.0,108.4,112.0,122.5,121.5,415.0,415.0,0.1,0.0,1,2.7,3
1.0,0.1,1.0,South Carolina,86.3,66,95,95.0,13.8,13.0,18,0.0,0.0,105.4,107.0,116.8,117.0,366.14285714285717,380.0,0.8,1.0,2,4.0,5
2.0,0.25,1.0,South Carolina,86.3,66,95,95.0,17.2,17.0,19,0.0,0.0,104.4,107.0,116.9,117.0,355.22222222222223,415.0,1.4,1.0,3,5.5,6
0.5,0.01,2.0,North Carolina,86.4,58,138,84.0,13.7,13.5,16,0.0,0.0,128.7,138.0,144.9,138.5,215.77777777777777,154.0,2.2,2.0,3,1.2,3
2.0,0.1,0.5,West Virginia,87.2,68,96,88.0,13.8,13.5,18,0.0,0.0,98.8,96.0,108.4,103.0,150.4,158.0,1.5,1.0,3,0.0,0
2.0,0.05,1.0,New Jersey,87.2,79,89,89.0,8.0,8.0,9,0.0,0.0,103.0,105.0,134.9,135.5,159.5,115.0,3.2,3.0,5,1.1,2
1.0,0.05,1.0,New Jersey,87.2,79,89,89.0,6.3,7.0,7,0.0,0.0,104.6,105.0,136.4,141.5,120.5,115.0,3.1,3.0,5,1.4,2
2.0,0.01,1.0,Georgia,87.5,61,106,85.0,40.5,40.5,47,0.0,0.0,97.7,94.5,106.2,102.5,151.11111111111111,134.0,4.3,4.0,9,4.4,6
0.5,0.1,0.5,Delaware,87.7,62,125,94.0,2.6,3.0,3,0.0,0.0,188.3,187.0,199.16666666666666,205.0,,,0.0,0.0,0,0.0,0
2.0,0.05,0.5,New Jersey,87.8,85,89,89.0,6.8,7.0,8,0.0,0.0,105.6,105.0,134.7,134.0,122.1,115.0,3.6,4.0,4,1.2,2
0.5,0.05,1.0,New Jersey,87.8,85,89,89.0,5.2,5.0,7,0.0,0.0,103.2,105.0,135.6,128.0,115.2,115.0,3.8,3.5,7,1.3,2
1.0,0.05,0.5,New Jersey,88.2,85,89,89.0,5.4,5.5,7,0.0,0.0,108.9,105.0,136.5,139.5,144.7,115.0,3.2,2.5,7,1.1,2
2.0,0.01,2.0,Vermont,88.4,36,141,75.0,11.2,11.5,13,0.1,1.0,118.2,121.0,139.7,141.0,74.6,92.0,12.3,11.0,18,2.4,4
1.0,0.01,1.0,Georgia,88.4,61,100,89.0,35.7,35.0,39,0.0,0.0,105.9,105.0,115.6,111.0,101.4,28.0,3.1,3.0,5,3.1,5
1.0,0.01,2.0,Kentucky,88.4,70,128,79.0,34.8,36.0,39,0.0,0.0,113.2,115.5,125.0,125.5,107.0,100.5,12.4,13.5,15,7.3,11
ALL,ALL,ALL,Connecticut,88.54722222222222,68,173,74.0,6.383333333333334,6.0,8,0.008333333333333333,1.0,102.39166666666667,82.0,119.05571030640668,121.0,127.28228228228228,102.0,2.492711370262391,2.0,7,0.6,2
2.0,0.1,1.0,West Virginia,88.6,68,95,91.5,14.3,14.0,17,0.0,0.0,95.2,95.5,101.5,99.5,138.2,143.0,2.1,2.0,3,0.0,0
0.5,0.01,0.5,Georgia,88.6,61,105,90.0,14.5,14.5,19,0.0,0.0,98.4,97.5,105.3,107.0,167.5,172.0,0.7142857142857143,1.0,2,1.0,4
0.5,0.1,1.0,West Virginia,88.9,68,96,91.0,11.3,11.0,13,0.0,0.0,102.0,96.0,112.1,113.5,121.6,128.0,1.4,1.0,2,0.0,0
0.5,0.01,1.0,Georgia,89.0,61,95,95.0,26.5,27.0,31,0.0,0.0,99.2,100.0,108.3,106.0,58.714285714285715,28.0,1.5555555555555556,1.0,4,1.4,3
2.0,0.01,2.0,Montana,89.2,46,222,66.0,11.9,11.5,15,0.1,1.0,134.4,129.5,198.7,211.0,187.8,196.5,3.2,3.5,5,1.7,4
0.5,0.05,1.0,South Carolina,89.2,66,95,95.0,6.8,6.5,9,0.0,0.0,111.6,117.0,129.3,136.0,,,0.0,0.0,0,2.0,3
1.0,0.05,0.5,South Carolina,89.2,66,95,95.0,9.9,9.5,13,0.0,0.0,109.6,112.0,128.6,136.0,338.0,338.0,0.3,0.0,2,2.2,4
0.5,0.05,2.0,South Carolina,89.2,66,95,95.0,13.4,13.5,15,0.0,0.0,112.5,117.0,128.6,136.0,348.3333333333333,335.0,0.8,1.0,2,2.5,4
2.0,0.05,0.5,South Carolina,89.2,66,95,95.0,15.6,15.5,17,0.0,0.0,112.5,117.0,130.7,136.0,299.55555555555554,335.0,2.0,2.0,4,3.6,5
2.0,0.05,1.0,South Carolina,89.2,66,95,95.0,15.8,16.0,17,0.0,0.0,112.5,117.0,129.0,126.0,313.2,335.0,2.0,2.0,5,3.8,6
2.0,0.05,2.0,South Carolina,89.2,66,95,95.0,16.6,17.0,18,0.0,0.0,112.5,117.0,128.5,131.0,311.2,303.0,2.4,2.5,4,5.1,6
0.5,0.01,0.5,Arkansas,89.4,72,95,93.0,4.3,4.0,6,0.0,0.0,107.2,107.5,135.8,128.5,109.33333333333333,105.0,2.6666666666666665,3.0,5,0.0,0
0.5,0.05,2.0,Alabama,89.5,63,328,63.0,7.3,7.0,9,0.0,0.0,105.4,82.0,129.0,94.0,346.0,346.0,1.0,1.0,1,0.0,0
0.5,0.01,2.0,Georgia,89.5,61,110,95.0,34.9,34.0,41,0.0,0.0,104.1,105.5,113.5,110.5,79.8,28.0,2.6,2.5,5,3.3,7
0.5,0.1,2.0,West Virginia,89.6,68,103,91.0,12.3,12.0,14,0.0,0.0,100.7,96.0,111.3,103.0,144.44444444444446,112.0,2.3333333333333335,2.0,4,0.0,0
1.0,0.01,0.5,Tennessee,89.8,43,159,87.0,19.9,20.5,23,0.0,0.0,110.6,101.5,133.9,113.5,109.0,124.5,5.8,5.5,11,2.8,4
0.5,0.1,1.0,Louisiana,89.9,52,174,80.0,1.2,1.0,2,0.0,0.0,110.5,110.5,,,,,0.0,0.0,0,0.0,0
ALL,ALL,ALL,New Jersey,90.08333333333333,67,250,85.0,6.597222222222222,7.0,9,0.0111731843575419,1.0,116.2877094972067,89.0,144.54700854700855,127.0,141.42274052478135,115.0,3.1982758620689653,3.0,9,1.113888888888889,3
0.5,0.1,1.0,New Hampshire,90.2,69,105,91.0,5.9,6.0,7,0.0,0.0,153.0,141.5,252.9,255.5,,,0.0,0.0,0,0.0,0
1.0,0.1,2.0,Delaware,90.6,62,125,94.0,3.0,3.0,3,0.0,0.0,181.1,187.0,204.1,205.0,348.8,349.0,1.4,1.0,2,0.0,0
2.0,0.1,0.5,Delaware,90.6,62,125,94.0,3.0,3.0,3,0.0,0.0,175.2,187.0,213.5,205.0,348.8,349.0,1.1,1.0,2,0.0,0
1.0,0.01,2.0,Tennessee,90.7,43,143,90.0,28.0,28.5,33,0.0,0.0,119.1,112.0,145.1,147.0,64.3,28.0,11.1,11.5,16,4.4,6
0.5,0.01,2.0,Arkansas,90.8,72,117,94.0,9.3,9.0,12,0.0,0.0,108.3,101.5,125.9,117.0,152.4,108.0,3.0,3.5,4,0.1,1
2.0,0.1,2.0,West Virginia,90.9,68,95,95.0,15.2,15.0,17,0.0,0.0,95.7,96.0,100.9,103.0,163.0,158.0,2.7,3.0,4,0.0,0
1.0,0.1,1.0,West Virginia,91.0,79,96,96.0,12.5,12.0,14,0.0,0.0,104.2,103.0,115.6,124.0,171.8,158.0,2.7,3.0,4,0.0,0
1.0,0.01,0.5,Georgia,91.0,85,100,90.0,30.6,30.5,34,0.0,0.0,97.7,97.5,103.8,102.5,104.22222222222223,101.0,2.5,2.0,5,2.3,4
2.0,0.1,2.0,South Carolina,92.1,66,95,95.0,17.1,17.0,19,0.0,0.0,106.8,107.0,117.8,117.0,308.8,303.0,2.4,2.0,4,5.8,7
0.5,0.1,0.5,West Virginia,92.2,68,96,96.0,7.5,7.5,9,0.0,0.0,103.2,103.0,118.9,124.0,150.0,120.0,1.0,1.0,1,0.0,0
1.0,0.1,2.0,West Virginia,92.5,79,96,96.0,14.5,14.5,17,0.0,0.0,102.3,103.0,118.9,126.0,136.6,143.0,1.9,2.0,3,0.0,0
2.0,0.01,2.0,Tennessee,93.0,43,123,96.0,29.7,30.0,32,0.2,1.0,125.1,120.0,152.8,153.5,136.4,143.0,10.8,10.0,19,5.1,7
2.0,0.01,0.5,Georgia,93.1,61,105,95.0,36.6,36.5,42,0.0,0.0,105.4,102.0,117.1,106.0,84.6,28.0,4.6,5.0,8,4.3,6
0.5,0.05,0.5,West Virginia,94.0,88,96,96.0,6.8,7.0,8,0.0,0.0,104.8,103.0,122.7,126.0,168.0,128.0,1.6666666666666667,1.0,3,0.0,0
0.5,0.1,1.0,Delaware,94.0,62,125,94.0,3.0,3.0,3,0.0,0.0,169.3,187.0,203.9,205.0,,,0.0,0.0,0,0.0,0
1.0,0.1,0.5,New Hampshire,94.1,69,105,105.0,7.8,8.0,8,0.0,0.0,198.5,219.5,246.9,285.0,,,0.0,0.0,0,0.0,0
0.5,0.01,1.0,Vermont,94.1,36,147,86.5,9.8,9.5,12,0.0,0.0,127.7,135.5,148.4,156.5,97.9,124.0,9.6,8.5,16,1.3,2
2.0,0.05,1.0,West Virginia,94.2,88,95,95.0,13.3,13.0,15,0.0,0.0,98.8,96.0,119.9,126.0,163.1,158.0,2.5,2.0,5,0.0,0
1.0,0.05,2.0,South Carolina,94.3,66,117,95.0,14.9,15.0,16,0.0,0.0,114.7,117.0,131.5,136.0,319.6,303.0,2.3,2.0,3,4.1,6
2.0,0.01,0.5,Arkansas,94.4,72,117,93.0,10.4,10.0,14,0.0,0.0,113.1,107.5,121.2,115.5,73.3,67.0,5.1,4.5,9,0.2,1
ALL,ALL,ALL,South Carolina,94.47222222222223,66,363,95.0,12.025,12.0,20,0.0,0.0,120.90782122905028,107.0,142.95467422096317,117.0,313.40084388185653,325.0,1.2658610271903323,1.0,5,2.908333333333333,7
2.0,0.05,2.0,West Virginia,95.0,95,95,95.0,13.3,13.5,14,0.0,0.0,98.8,96.0,112.5,103.0,167.0,158.0,3.0,3.0,5,0.0,0
2.0,0.01,1.0,West Virginia,95.0,95,95,95.0,9.0,9.0,11,0.0,0.0,136.6,129.0,169.3,161.0,241.11111111111111,285.0,1.8888888888888888,2.0,4,0.0,0
2.0,0.01,2.0,West Virginia,95.0,95,95,95.0,8.6,9.0,10,0.0,0.0,143.2,129.0,206.0,189.5,214.11111111111111,227.0,2.2222222222222223,2.0,5,0.0,0
2.0,0.1,0.5,New Hampshire,95.0,69,105,105.0,8.3,8.0,9,0.0,0.0,183.2,213.0,234.0,246.0,146.0,146.0,1.0,1.0,1,0.0,0
1.0,0.05,1.0,South Carolina,95.0,95,95,95.0,13.6,14.0,15,0.0,0.0,115.0,117.0,135.5,136.0,345.0,335.0,1.5,1.0,4,3.1,4
2.0,0.01,1.0,Arkansas,95.3,72,117,95.5,10.6,11.0,14,0.0,0.0,113.3,117.0,128.6,136.5,119.1,105.5,5.1,5.0,9,0.4,1
2.0,0.01,2.0,Arkansas,95.5,72,117,95.5,11.4,11.5,15,0.0,0.0,111.2,116.0,129.5,122.5,116.5,105.5,6.4,6.0,9,0.5,1
0.5,0.05,2.0,West Virginia,95.7,79,126,96.0,11.7,12.0,14,0.0,0.0,108.1,103.0,126.7,127.5,200.2,158.0,1.9,1.5,3,0.0,0
2.0,0.05,1.0,Louisiana,96.0,52,174,80.0,2.0,2.0,3,0.0,0.0,267.42857142857144,252.0,307.0,252.0,,,0.0,0.0,0,0.0,0
0.5,0.01,1.0,Arkansas,96.4,72,117,94.0,5.3,5.0,10,0.0,0.0,119.8,117.0,143.6,128.0,76.375,105.0,2.0,2.0,3,0.0,0
2.0,0.1,1.0,Delaware,96.8,62,125,94.0,3.0,3.0,3,0.0,0.0,187.0,187.0,201.6,205.0,348.4,349.0,1.4,1.0,2,0.0,0
2.0,0.1,2.0,Delaware,96.8,62,125,94.0,3.0,3.0,3,0.0,0.0,181.1,187.0,202.8,205.0,348.8,349.0,1.1,1.0,2,0.0,0
ALL,ALL,ALL,West Virginia,96.8861111111111,68,257,95.0,11.188888888888888,12.0,19,0.0,0.0,116.26462395543176,103.0,135.256338028169,124.0,168.33793103448275,158.0,1.9896551724137932,2.0,5,0.0,0
1.0,0.1,0.5,Delaware,96.9,62,125,94.0,3.0,3.0,3,0.0,0.0,187.0,187.0,218.4,205.0,,,0.0,0.0,0,0.0,0
1.0,0.1,1.0,Delaware,96.9,62,125,94.0,3.0,3.0,3,0.0,0.0,175.2,187.0,201.0,205.0,348.75,349.0,1.125,1.0,2,0.0,0
2.0,0.05,0.5,West Virginia,97.3,88,126,96.0,12.4,12.5,13,0.0,0.0,111.0,103.0,130.1,126.0,206.33333333333334,158.0,1.8888888888888888,1.0,4,0.0,0
2.0,0.01,1.0,Tennessee,97.6,43,153,96.0,29.1,30.5,32,0.0,0.0,112.4,102.0,134.9,137.0,113.7,73.0,11.3,11.5,17,4.5,7
0.5,0.05,0.5,Louisiana,97.66666666666667,52,174,80.0,1.1111111111111112,1.0,2,0.0,0.0,80.0,80.0,,,,,0.0,0.0,0,0.0,0
1.0,0.05,0.5,West Virginia,97.7,79,126,96.0,9.2,9.0,11,0.0,0.0,114.6,125.0,127.5,129.0,166.0,128.0,1.1428571428571428,1.0,2,0.0,0
1.0,0.1,2.0,New Hampshire,97.8,69,105,105.0,8.5,9.0,9,0.0,0.0,163.8,178.0,242.2,235.0,,,0.0,0.0,0,0.0,0
2.0,0.1,2.0,New Hampshire,97.8,69,105,105.0,8.2,8.0,9,0.0,0.0,193.8,213.0,233.6,244.5,,,0.0,0.0,0,0.0,0
1.0,0.05,1.0,West Virginia,98.8,88,129,96.0,11.6,11.5,14,0.0,0.0,111.5,103.0,125.5,126.0,169.6,158.0,2.1,2.0,3,0.0,0
2.0,0.05,0.5,Louisiana,99.0,80,141,97.0,1.8,2.0,2,0.0,0.0,252.0,252.0,,,,,0.0,0.0,0,0.0,0
1.0,0.1,1.0,Louisiana,99.3,52,174,80.0,2.0,2.0,3,0.0,0.0,203.71428571428572,252.0,252.0,252.0,,,0.0,0.0,0,0.0,0
0.5,0.05,1.0,West Virginia,99.5,94,126,96.0,10.2,10.0,13,0.0,0.0,114.2,113.5,131.4,126.0,152.0,112.0,1.0,1.0,1,0.0,0
1.0,0.01,1.0,Arkansas,99.7,72,117,96.5,8.9,9.0,11,0.0,0.0,114.8,117.0,144.1,139.5,78.1,66.5,4.2,4.5,7,0.3,1
1.0,0.01,2.0,Virginia,99.7,67,159,99.0,14.1,14.5,17,0.0,0.0,131.8,141.0,156.2,148.0,129.0,28.0,7.7,6.0,17,1.7,3
2.0,0.01,1.0,Montana,100.0,46,201,71.5,13.1,13.0,15,0.0,0.0,141.4,182.0,163.1,191.0,205.7,215.0,5.0,4.0,9,1.7,3
2.0,0.05,1.0,Delaware,100.2,62,125,111.0,3.0,3.0,3,0.0,0.0,187.0,187.0,211.0,205.0,348.8,349.0,1.1,1.0,2,0.0,0
2.0,0.01,2.0,North Carolina,100.2,52,139,99.0,18.1,18.5,23,0.0,0.0,135.7,138.0,142.1,139.0,271.8888888888889,154.0,2.7,3.0,4,1.5,4
1.0,0.01,2.0,Vermont,100.7,48,156,95.5,12.0,12.0,14,0.1,1.0,134.4,137.0,162.0,155.0,139.4,146.0,9.6,8.0,17,1.8,3
1.0,0.01,0.5,North Carolina,100.9,58,139,99.0,8.9,8.5,12,0.0,0.0,140.0,139.0,156.5,155.0,244.0,244.0,1.3333333333333333,1.0,3,0.2,1
1.0,0.05,2.0,West Virginia,101.0,88,126,96.0,13.3,13.0,15,0.0,0.0,112.2,103.0,132.1,126.0,209.7,192.5,1.7,1.5,3,0.0,0
0.5,0.01,2.0,Tennessee,101.0,63,153,101.0,25.2,25.0,29,0.0,0.0,123.3,115.0,146.0,157.0,105.6,107.0,8.8,8.5,12,3.7,8
0.5,0.01,0.5,Alabama,101.4,91,143,91.0,1.4,1.0,2,0.0,0.0,94.0,94.0,,,,,0.0,0.0,0,0.0,0
1.0,0.1,1.0,New Hampshire,101.4,69,105,105.0,8.0,8.0,8,0.0,0.0,202.0,213.0,240.5,226.0,,,0.0,0.0,0,0.0,0
1.0,0.01,2.0,Alabama,101.5,63,228,81.5,5.2,5.0,9,0.0,0.0,229.0,278.0,314.55555555555554,328.0,,,0.0,0.0,0,0.0,0
2.0,0.01,0.5,North Carolina,101.5,52,139,99.0,15.2,15.0,20,0.0,0.0,136.5,138.0,157.1,161.0,318.125,366.0,1.8,1.0,6,1.4,3
0.5,0.01,2.0,New Jersey,101.7,89,170,89.0,3.9,3.5,6,0.0,0.0,161.4,144.0,276.6666666666667,254.0,225.88888888888889,197.0,2.2222222222222223,2.0,4,0.6,2
1.0,0.01,2.0,West Virginia,102.0,95,129,95.0,7.5,7.0,12,0.0,0.0,148.8,156.0,185.0,163.0,265.3333333333333,285.0,1.4444444444444444,1.0,3,0.0,0
2.0,0.01,1.0,North Carolina,102.0,69,148,99.0,17.2,17.0,21,0.0,0.0,134.6,138.0,148.7,139.0,218.8,152.0,3.1,3.0,7,1.1,3
0.5,0.1,2.0,New Hampshire,102.2,77,105,105.0,8.0,8.0,8,0.0,0.0,207.8,213.0,253.1,255.5,,,0.0,0.0,0,0.0,0
1.0,0.01,2.0,North Carolina,102.6,69,139,99.0,14.8,14.5,18,0.1,1.0,142.3,138.0,151.8,139.0,236.22222222222223,145.0,3.4,2.5,10,1.8,4
2.0,0.05,0.5,Delaware,103.1,62,125,109.5,3.0,3.0,3,0.0,0.0,187.0,187.0,218.4,205.0,348.8,349.0,1.1,1.0,2,0.0,0
1.0,0.05,2.0,Delaware,103.4,62,125,111.0,3.0,3.0,3,0.0,0.0,181.1,187.0,212.2,205.0,348.6,349.0,1.6,1.5,3,0.0,0
2.0,0.1,1.0,New Hampshire,103.5,69,226,105.0,8.3,8.0,9,0.0,0.0,170.9,166.0,226.4,235.0,146.0,146.0,1.0,1.0,1,0.0,0
0.5,0.01,0.5,North Carolina,104.0,52,139,122.0,5.7,6.0,9,0.0,0.0,142.9,139.0,164.3,154.5,88.5,82.0,1.25,1.0,2,0.0,0
ALL,ALL,ALL,Delaware,104.93333333333334,62,236,97.0,2.875,3.0,3,0.0,0.0,189.20670391061452,187.0,226.4858044164038,205.0,347.609865470852,349.0,1.2286995515695067,1.0,4,0.0,0
2.0,0.01,1.0,Massachusetts,105.8,75,170,102.0,7.0,7.0,8,0.0,0.0,133.7,133.0,157.4,165.0,248.3,225.5,3.2,3.5,6,0.2,1
1.0,0.01,1.0,Vermont,105.9,71,158,98.0,11.4,12.0,13,0.0,0.0,132.6,142.0,161.2,158.0,89.1,65.0,11.0,9.5,20,1.9,4
0.5,0.01,2.0,Massachusetts,106.4,71,133,102.0,6.5,6.5,7,0.0,0.0,134.6,128.5,148.6,141.5,217.4,210.5,2.9,2.5,6,0.1,1
1.0,0.01,2.0,Massachusetts,107.3,75,133,104.0,7.1,7.0,9,0.0,0.0,131.0,132.0,155.7,158.0,216.5,207.0,4.1,4.0,5,0.1,1
1.0,0.01,1.0,North Carolina,107.7,69,139,116.0,15.3,16.0,17,0.0,0.0,136.7,138.0,144.5,139.0,222.44444444444446,154.0,2.6,3.0,5,1.2,3
1.0,0.01,0.5,Vermont,108.1,36,194,116.0,11.2,11.0,13,0.1,1.0,137.1,137.0,166.4,168.5,122.2,138.5,7.3,6.5,15,1.5,4
2.0,0.01,1.0,Virginia,108.2,64,133,110.0,15.0,16.0,18,0.0,0.0,141.4,141.0,156.8,151.0,88.5,81.5,8.6,8.5,12,1.7,3
1.0,0.01,1.0,New Jersey,108.4,89,173,89.0,3.5,3.5,5,0.2,1.0,200.3,178.5,277.3333333333333,254.0,266.6666666666667,224.0,2.2222222222222223,2.0,5,0.2,1
ALL,ALL,ALL,Louisiana,108.74534161490683,52,539,80.0,1.8198757763975155,2.0,4,0.0,0.0,209.4022346368715,252.0,309.7857142857143,252.0,,,0.0,0.0,0,0.0,0
0.5,0.05,0.5,Delaware,109.0,62,137,111.0,2.9,3.0,3,0.0,0.0,181.1,187.0,202.55555555555554,205.0,,,0.0,0.0,0,0.0,0
2.0,0.25,2.0,Maine,109.0,94,119,119.0,9.6,9.5,11,0.0,0.0,139.7,138.5,185.2,195.0,280.0,289.0,1.5,1.5,2,1.8,3
2.0,0.25,0.5,Maine,109.0,94,119,119.0,9.0,9.0,10,0.0,0.0,148.1,160.5,187.9,195.0,297.5,318.0,1.3,1.0,3,1.9,3
0.5,0.25,1.0,Maine,109.0,94,119,119.0,7.4,7.0,8,0.0,0.0,143.4,138.5,185.1,194.0,264.9,274.0,1.7,1.5,3,2.0,3
0.5,0.1,2.0,Delaware,109.4,62,125,125.0,3.0,3.0,3,0.0,0.0,181.1,187.0,215.2,205.0,349.0,349.0,1.0,1.0,1,0.0,0
1.0,0.01,2.0,New Jersey,109.5,89,197,89.0,4.8,4.5,6,0.0,0.0,170.7,172.0,254.7,235.5,240.5,202.5,2.4444444444444446,3.0,7,0.7,1
2.0,0.01,2.0,South Carolina,109.7,95,148,95.0,11.5,11.0,13,0.0,0.0,142.3,142.0,202.4,217.0,318.55555555555554,325.0,2.3,2.5,5,2.0,4
2.0,0.01,0.5,Maryland,110.2,90,118,115.0,9.7,10.0,11,0.0,0.0,129.1,131.0,140.0,137.0,126.3,126.0,10.7,10.5,15,0.1,1
2.0,0.01,2.0,Massachusetts,110.4,71,170,102.0,7.0,7.0,8,0.0,0.0,139.0,133.0,158.9,162.5,237.9,214.0,3.9,4.0,6,0.0,0
0.5,0.01,1.0,Massachusetts,110.9,71,133,115.5,6.3,6.0,8,0.0,0.0,137.2,132.0,154.6,159.5,214.22222222222223,214.0,1.6666666666666667,2.0,3,0.0,0
2.0,0.01,0.5,Massachusetts,110.9,75,133,102.5,6.8,7.0,8,0.0,0.0,133.3,131.0,152.3,163.5,226.2,207.0,3.1,3.0,4,0.1,1
2.0,0.01,2.0,New Jersey,111.2,89,170,89.0,5.6,6.0,7,0.1,1.0,155.5,170.0,188.2,173.0,252.9,246.5,2.9,2.5,7,0.7,2
1.0,0.01,1.0,Virginia,111.4,73,133,122.5,13.5,13.5,17,0.0,0.0,142.4,146.0,156.3,154.0,186.5,138.0,7.0,7.0,12,1.3,3
0.5,0.25,2.0,Maine,111.5,94,119,119.0,9.4,9.5,10,0.0,0.0,137.1,126.0,172.0,181.5,271.2,289.0,1.5,1.5,2,1.7,3
2.0,0.25,1.0,Maine,111.5,94,119,119.0,9.0,9.0,10,0.0,0.0,139.8,126.0,178.6,194.0,300.4,318.0,1.2,1.0,2,1.8,3
2.0,0.05,2.0,New Hampshire,111.7,88,189,105.0,8.2,8.0,9,0.0,0.0,239.6,244.5,265.8,275.5,,,0.0,0.0,0,0.0,0
1.0,0.05,2.0,New Hampshire,112.3,105,178,105.0,8.3,8.0,9,0.0,0.0,248.7,266.0,276.9,285.0,517.0,517.0,1.0,1.0,1,0.0,0
0.5,0.01,2.0,Maryland,112.3,76,131,118.0,8.8,9.0,10,0.2,1.0,141.6,142.0,150.6,150.0,122.2,126.5,9.1,9.0,16,0.3,1
1.0,0.01,1.0,Maryland,112.5,76,124,118.0,8.3,8.0,9,0.0,0.0,140.0,141.0,152.2,150.0,130.1,126.0,10.4,11.0,12,0.5,1
2.0,0.05,2.0,Delaware,112.6,94,125,125.0,3.0,3.0,3,0.0,0.0,187.0,187.0,223.1,220.0,348.6,349.0,1.2,1.0,2,0.0,0
0.5,0.05,2.0,Delaware,112.9,62,137,125.0,3.0,3.0,3,0.0,0.0,181.1,187.0,224.4,220.0,348.5,349.0,1.25,1.0,2,0.0,0
1.0,0.01,1.0,Massachusetts,113.3,102,149,104.0,6.8,7.0,8,0.0,0.0,134.9,133.0,154.7,163.5,213.3,207.0,3.6,3.5,5,0.3,1
0.5,0.25,0.5,Maine,114.0,94,119,119.0,3.9,4.0,5,0.0,0.0,152.2,151.0,192.5,195.0,201.0,201.0,1.0,1.0,1,0.0,0
2.0,0.1,1.0,Maine,114.0,94,119,119.0,8.5,9.0,10,0.0,0.0,162.9,171.0,195.0,195.0,220.2,201.0,2.6,3.0,4,1.7,4
1.0,0.25,2.0,Maine,114.0,94,119,119.0,9.0,9.0,10,0.0,0.0,149.5,160.5,181.0,195.0,271.1,274.0,1.5,1.5,2,2.2,4
0.5,0.01,0.5,Vermont,114.7,71,158,112.5,8.6,8.5,11,0.0,0.0,151.6,145.0,167.4,168.5,154.3,146.5,4.8,4.0,11,0.9,2
0.5,0.01,1.0,South Carolina,114.8,95,188,95.0,6.4,7.0,8,0.0,0.0,163.9,148.0,225.9,244.0,306.0,314.0,1.7142857142857142,2.0,4,1.0,3
1.0,0.01,0.5,Maryland,115.3,76,150,118.0,8.0,8.0,9,0.0,0.0,139.9,142.0,155.5,150.0,124.9,126.0,8.2,8.0,12,0.4,2
2.0,0.01,2.0,Maryland,115.4,97,124,118.0,9.2,9.5,10,0.0,0.0,131.8,131.0,145.0,142.0,116.0,126.0,10.9,11.0,16,0.4,1
0.5,0.05,0.5,New Hampshire,115.8,105,213,105.0,1.1,1.0,2,0.0,0.0,213.0,213.0,,,,,0.0,0.0,0,0.0,0
0.5,0.01,1.0,New Jersey,116.0,89,170,97.0,3.3,3.5,4,0.0,0.0,164.4,173.0,230.0,221.0,188.1,187.5,2.1,1.5,5,0.0,0
2.0,0.01,1.0,Maryland,116.2,97,124,118.0,9.3,9.5,11,0.0,0.0,127.4,131.0,145.4,140.0,109.1,126.0,12.1,12.0,17,0.2,2
0.5,0.1,0.5,Maine,116.5,94,119,119.0,4.2,4.0,7,0.0,0.0,156.7,170.0,188.2,195.0,202.71428571428572,201.0,1.0,1.0,2,0.1,1
1.0,0.1,2.0,Maine,116.5,94,119,119.0,8.4,8.0,10,0.0,0.0,166.1,171.0,194.4,195.0,230.2,230.0,2.3,2.0,3,1.5,3
0.5,0.1,1.0,Maine,116.5,94,119,119.0,6.7,7.0,7,0.0,0.0,168.0,171.0,199.6,195.0,202.6,201.0,3.0,3.0,4,2.2,4
1.0,0.25,0.5,Maine,116.5,94,119,119.0,7.7,8.0,8,0.0,0.0,154.8,160.5,192.6,195.0,239.0,201.0,1.8,2.0,3,2.4,3
1.0,0.05,0.5,Louisiana,117.1,80,174,110.5,1.0,1.0,1,,,,,,,,,0.0,0.0,0,0.0,0
0.5,0.01,0.5,Maryland,118.2,90,142,118.0,7.3,7.0,8,0.0,0.0,135.3,139.0,150.4,150.0,111.0,127.5,8.4,8.0,13,0.2,1
1.0,0.25,1.0,Maine,119.0,119,119,119.0,9.0,9.0,10,0.0,0.0,150.5,160.5,183.1,194.0,291.7,318.0,1.3,1.0,2,1.6,3
2.0,0.01,2.0,Virginia,119.1,85,146,130.0,15.3,15.5,21,0.0,0.0,138.3,144.5,161.2,156.5,148.4,138.0,8.2,8.5,14,1.6,3
1.0,0.05,1.0,Delaware,119.4,97,125,125.0,3.0,3.0,3,0.0,0.0,181.1,187.0,227.5,220.0,348.6,349.0,1.2,1.0,2,0.0,0
1.0,0.01,2.0,Maryland,119.8,90,131,121.0,9.1,9.0,10,0.0,0.0,133.9,131.0,145.7,143.0,134.3,132.0,11.9,12.0,18,0.4,2
0.5,0.05,1.0,Delaware,119.9,62,137,125.0,3.0,3.0,3,0.0,0.0,181.1,187.0,211.9,205.0,,,0.0,0.0,0,0.0,0
2.0,0.01,0.5,Virginia,120.1,67,170,133.0,14.0,14.0,16,0.1,1.0,146.3,151.0,179.1,164.5,175.3,167.0,7.9,9.0,12,1.3,2
2.0,0.01,1.0,South Carolina,120.1,95,148,126.5,9.7,10.0,12,0.0,0.0,155.9,148.0,204.8,218.0,270.3,325.0,1.9,2.0,3,1.7,4
0.5,0.1,0.5,Louisiana,121.22222222222223,80,174,141.0,1.0,1.0,1,,,,,,,,,0.0,0.0,0,0.0,0
0.5,0.01,2.0,South Carolina,121.5,95,148,121.5,8.6,9.5,11,0.0,0.0,180.1,153.5,209.2,218.0,372.44444444444446,335.0,1.2222222222222223,1.0,3,0.8,2
1.0,0.01,1.0,South Carolina,121.5,95,148,121.5,8.3,8.0,9,0.0,0.0,151.5,153.5,210.5,244.0,293.2,335.0,0.8888888888888888,1.0,2,1.2,3
1.0,0.01,1.0,West Virginia,121.6,95,201,111.0,7.1,7.0,11,0.0,0.0,172.4,161.0,197.2,185.0,175.33333333333334,158.0,2.0,2.0,3,0.0,0
0.5,0.01,1.0,Virginia,122.1,64,146,127.0,8.8,9.5,11,0.0,0.0,140.6,143.5,163.9,151.0,234.6,274.5,2.3,2.0,4,1.0,3
1.0,0.01,0.5,Virginia,122.2,88,158,119.5,10.0,10.0,13,0.1,1.0,152.3,141.0,159.3,146.0,217.7,156.0,4.0,4.0,7,1.6,3
0.5,0.1,2.0,Maine,122.4,94,161,119.0,8.4,8.5,9,0.0,0.0,158.3,171.0,192.1,195.0,234.8,224.0,2.1,2.0,3,1.4,3
1.0,0.01,0.5,Massachusetts,122.5,71,170,133.0,6.7,6.5,8,0.0,0.0,146.7,135.5,163.4,170.0,206.77777777777777,207.0,2.5555555555555554,3.0,4,0.0,0
1.0,0.1,1.0,Maine,123.2,119,161,119.0,8.9,9.0,10,0.0,0.0,175.6,171.0,194.6,195.0,221.4,201.0,2.1,2.0,3,1.3,3
1.0,0.1,0.5,Maine,123.2,119,161,119.0,7.2,7.0,8,0.0,0.0,164.2,171.0,190.1,195.0,212.7,201.0,2.3,2.0,3,1.6,4
2.0,0.1,2.0,Maine,123.2,119,161,119.0,8.5,8.5,9,0.0,0.0,159.7,170.0,187.5,194.0,209.7,201.0,2.5,2.5,3,1.7,3
0.5,0.01,1.0,Maryland,123.4,97,150,123.0,7.9,8.0,10,0.0,0.0,142.7,142.0,155.2,150.0,94.9,119.5,8.4,9.0,10,0.3,1
1.0,0.05,1.0,Louisiana,123.7,52,174,141.0,2.2,2.0,3,0.0,0.0,226.77777777777777,252.0,307.0,252.0,,,0.0,0.0,0,0.0,0
1.0,0.05,0.5,Delaware,124.3,94,137,125.0,3.0,3.0,3,0.0,0.0,175.2,187.0,219.6,205.0,347.0,347.0,1.0,1.0,1,0.0,0
2.0,0.01,2.0,Alabama,124.6,63,328,91.5,5.6,5.5,8,0.0,0.0,201.7,201.5,276.2,278.0,346.0,346.0,0.3333333333333333,0.0,1,0.2,1
0.5,0.01,2.0,Virginia,125.7,72,151,133.0,12.3,11.5,18,0.0,0.0,144.6,148.5,177.6,167.5,115.6,81.5,7.3,7.5,11,1.5,2
1.0,0.05,1.0,Maine,125.8,94,195,119.0,8.4,8.5,9,0.0,0.0,163.2,170.5,196.2,195.0,211.7,201.0,2.6,3.0,4,0.9,2
0.5,0.01,1.0,North Carolina,126.0,99,171,130.0,9.2,10.0,13,0.0,0.0,154.5,139.0,167.0,154.0,257.6666666666667,154.0,2.0,2.0,3,0.1,1
1.0,0.01,0.5,Montana,126.0,47,222,127.5,10.0,10.0,12,0.0,0.0,149.6,181.5,194.2,208.0,235.5,297.0,2.111111111111111,1.0,5,0.8,2
2.0,0.01,1.0,New Jersey,126.4,89,250,89.0,5.1,5.0,6,0.0,0.0,209.3,173.0,259.4,221.0,275.6666666666667,224.0,1.8,1.5,4,1.2,2
1.0,0.01,1.0,Connecticut,126.5,121,149,122.5,6.4,6.0,7,0.1,1.0,145.8,143.5,162.1,164.0,223.88888888888889,202.0,1.9,1.5,4,0.3,1
2.0,0.01,2.0,Connecticut,126.8,121,141,123.0,6.7,7.0,7,0.0,0.0,138.8,133.0,155.6,156.5,218.8,219.5,2.2,2.0,4,0.2,1
0.5,0.05,1.0,Louisiana,126.9,52,174,141.0,1.2,1.0,2,0.0,0.0,138.5,138.5,,,,,0.0,0.0,0,0.0,0
0.5,0.01,0.5,Louisiana,127.0,80,174,127.0,1.0,1.0,1,,,,,,,,,0.0,0.0,0,0.0,0
1.0,0.01,0.5,New Jersey,127.2,89,173,116.5,3.7,4.0,5,0.1,1.0,197.9,173.0,261.4,252.0,273.875,199.0,1.375,1.0,3,0.2,1
0.5,0.01,0.5,Virginia,127.3,72,186,130.0,5.6,5.0,8,0.0,0.0,154.1,147.0,181.6,157.0,154.5,144.5,1.5,1.5,3,0.5,1
2.0,0.1,0.5,Maine,127.4,119,161,119.0,8.4,8.0,10,0.0,0.0,168.8,171.0,192.0,195.0,227.2,230.0,2.4,2.0,4,1.5,3
1.0,0.01,0.5,West Virginia,127.6,95,205,126.0,5.3,4.5,9,0.0,0.0,153.8,161.0,194.1,199.0,175.66666666666666,221.5,1.1666666666666667,1.0,2,0.0,0
1.0,0.01,0.5,Connecticut,128.0,98,148,126.0,6.6,7.0,8,0.0,0.0,145.2,147.5,172.2,161.5,203.5,219.5,2.0,1.5,4,0.1,1
0.5,0.01,0.5,Massachusetts,128.2,102,147,133.0,6.1,7.0,8,0.0,0.0,154.5,158.5,164.7,168.5,212.16666666666666,201.0,1.5,1.5,2,0.0,0
1.0,0.05,2.0,Louisiana,128.3,80,252,119.0,1.9,2.0,3,0.0,0.0,272.7142857142857,252.0,417.0,417.0,,,0.0,0.0,0,0.0,0
1.0,0.05,2.0,Maine,129.1,94,161,119.0,8.2,8.0,9,0.0,0.0,172.9,171.0,204.3,195.0,204.9,201.0,2.6,2.5,4,1.4,4
0.5,0.25,2.0,Rhode Island,130.0,130,130,130.0,3.0,3.0,3,0.0,0.0,152.4,152.0,241.0,241.0,,,0.0,0.0,0,0.0,0
0.5,0.25,0.5,Rhode Island,130.0,130,130,130.0,2.0,2.0,2,0.0,0.0,152.8,153.0,,,,,0.0,0.0,0,0.0,0
0.5,0.05,0.5,Maine,130.6,119,161,119.0,3.4,4.0,5,0.0,0.0,178.11111111111111,195.0,203.625,195.0,214.4,201.0,1.7,1.5,3,0.2,1
0.5,0.25,1.0,Rhode Island,130.7,130,137,130.0,2.7,3.0,3,0.0,0.0,145.9,145.0,241.0,241.0,,,0.0,0.0,0,0.0,0
0.5,0.01,1.0,Louisiana,130.83333333333334,80,197,127.0,1.0,1.0,1,,,,,,,,,0.0,0.0,0,0.0,0
1.0,0.05,0.5,New Hampshire,131.0,69,213,105.0,7.1,7.0,8,0.0,0.0,231.8,264.5,269.7,289.0,,,0.0,0.0,0,0.0,0
1.0,0.05,1.0,New Hampshire,131.2,77,274,105.0,7.8,8.0,9,0.0,0.0,232.4,226.0,268.6,266.0,,,0.0,0.0,0,0.0,0
1.0,0.25,0.5,Rhode Island,131.4,130,137,130.0,2.8,3.0,3,0.0,0.0,157.33333333333334,159.0,241.0,241.0,,,0.0,0.0,0,0.0,0
2.0,0.01,0.5,Connecticut,131.4,82,164,127.0,6.6,7.0,7,0.0,0.0,150.7,152.5,174.1,164.0,245.66666666666666,249.0,1.125,1.0,2,0.4,1
2.0,0.05,2.0,Maine,131.6,119,161,119.0,8.3,8.0,9,0.0,0.0,181.0,183.0,208.8,195.0,214.3,209.5,2.5,2.5,4,1.2,2
2.0,0.01,0.5,West Virginia,132.3,95,257,95.0,8.2,8.5,11,0.0,0.0,185.1,145.0,252.7,241.5,364.0,254.0,1.4,1.0,3,0.0,0
2.0,0.25,2.0,Rhode Island,132.4,130,154,130.0,3.0,3.0,3,0.0,0.0,153.9,154.0,241.0,241.0,,,0.0,0.0,0,0.0,0
2.0,0.25,0.5,Rhode Island,132.4,130,154,130.0,2.9,3.0,3,0.0,0.0,153.3,145.0,241.77777777777777,241.0,,,0.0,0.0,0,0.0,0
0.5,0.01,2.0,Alabama,132.6,63,329,92.5,3.3,3.0,5,0.0,0.0,279.5,329.0,370.375,401.0,346.0,346.0,1.0,1.0,1,0.0,0
2.0,0.05,1.0,Maine,132.6,119,171,119.0,8.1,8.0,9,0.0,0.0,182.9,183.0,204.0,195.0,214.6,201.0,2.6,2.5,4,1.1,2
2.0,0.01,0.5,South Carolina,132.6,95,148,136.0,9.8,10.0,11,0.0,0.0,183.7,153.5,232.4,244.0,130.33333333333334,28.0,1.4,1.5,2,1.2,2
1.0,0.25,2.0,Rhode Island,132.9,130,159,130.0,2.9,3.0,3,0.0,0.0,151.5,159.0,281.55555555555554,241.0,,,0.0,0.0,0,0.0,0
1.0,0.25,1.0,Rhode Island,133.8,130,168,130.0,2.8,3.0,3,0.0,0.0,154.8,160.0,241.0,241.0,,,0.0,0.0,0,0.0,0
2.0,0.01,0.5,Louisiana,134.0,80,174,141.0,1.5,1.0,3,0.0,0.0,252.0,252.0,562.0,562.0,,,0.0,0.0,0,0.0,0
0.5,0.01,0.5,New Jersey,134.3,89,250,97.0,2.4,3.0,3,0.0,0.0,215.625,173.0,234.66666666666666,254.0,191.4,197.0,1.4,1.0,2,0.0,0
2.0,0.01,0.5,Delaware,134.4,125,159,137.0,2.4,2.0,3,0.0,0.0,264.8,187.0,277.25,292.5,346.3,349.0,1.3,1.0,2,0.0,0
0.5,0.01,2.0,West Virginia,134.5,95,205,136.0,7.7,7.5,11,0.0,0.0,179.6,161.0,233.2,211.5,289.8333333333333,290.0,1.8333333333333333,1.0,4,0.0,0
2.0,0.25,1.0,Rhode Island,134.8,130,154,130.0,3.0,3.0,3,0.0,0.0,188.7,154.0,314.0,241.0,,,0.0,0.0,0,0.0,0
1.0,0.01,2.0,Connecticut,134.8,82,167,131.0,6.9,7.0,8,0.0,0.0,150.8,148.5,169.1,164.0,221.71428571428572,228.0,1.8571428571428572,1.0,4,0.0,0
1.0,0.01,2.0,South Carolina,135.2,95,244,117.0,9.6,9.5,13,0.0,0.0,188.8,169.0,236.9,244.0,233.14285714285714,297.0,1.5,1.5,3,1.6,4
0.5,0.01,1.0,Connecticut,135.3,121,149,136.0,5.8,6.0,7,0.1,1.0,156.4,164.0,177.5,164.0,207.625,211.0,1.6666666666666667,2.0,3,0.1,1
0.5,0.05,2.0,Maine,135.8,119,161,119.0,8.0,8.0,9,0.0,0.0,182.8,183.0,204.2,195.0,216.8,201.0,2.7,2.0,5,1.3,3
0.5,0.05,1.0,Maine,136.4,119,195,122.5,6.6,7.0,7,0.0,0.0,177.7,171.0,211.3,201.0,213.5,201.0,3.1,3.0,4,1.2,4
2.0,0.01,1.0,Connecticut,137.2,121,173,136.0,6.7,7.0,7,0.0,0.0,166.9,164.0,190.3,170.0,206.16666666666666,224.5,1.0,1.0,3,0.2,1
0.5,0.01,2.0,Connecticut,137.9,99,168,144.0,6.1,6.0,7,0.0,0.0,151.2,156.0,160.9,165.5,178.71428571428572,211.0,2.2857142857142856,2.0,4,0.3,2
2.0,0.05,0.5,New Hampshire,138.8,88,266,105.0,7.9,8.0,9,0.0,0.0,233.3,246.0,269.1,279.5,146.0,146.0,1.0,1.0,1,0.0,0
0.5,0.01,0.5,West Virginia,138.8,95,215,129.0,3.3,3.0,5,0.0,0.0,179.77777777777777,161.0,202.42857142857142,199.0,178.4,216.0,1.2,1.0,2,0.0,0
2.0,0.01,1.0,Delaware,139.1,125,184,137.0,2.9,3.0,3,0.0,0.0,196.6,187.0,295.8888888888889,266.0,348.55555555555554,349.0,1.3333333333333333,1.0,2,0.0,0
ALL,ALL,ALL,Maine,139.30555555555554,94,242,119.0,7.35,8.0,11,0.002785515320334262,1.0,182.12813370473538,171.0,211.812324929972,195.0,245.63258785942492,230.0,1.8985074626865672,2.0,5,1.2833333333333334,4
0.5,0.01,2.0,Delaware,139.7,125,236,125.0,2.7,3.0,3,0.0,0.0,211.3,196.5,395.0,319.0,343.44444444444446,349.0,1.4444444444444444,1.0,2,0.0,0
0.5,0.05,2.0,Louisiana,140.9,80,174,157.5,1.6,2.0,2,0.0,0.0,252.0,252.0,,,,,0.0,0.0,0,0.0,0
0.5,0.05,1.0,New Hampshire,141.4,88,244,105.0,5.5,6.0,7,0.0,0.0,247.2,244.5,285.1,289.0,,,0.0,0.0,0,0.0,0
1.0,0.01,0.5,Alabama,141.44444444444446,63,329,94.0,2.3333333333333335,2.0,4,0.0,0.0,301.875,329.0,250.66666666666666,328.0,349.0,349.0,1.0,1.0,1,0.0,0
1.0,0.05,0.5,Maine,141.6,94,171,151.0,7.1,7.0,8,0.0,0.0,183.2,194.0,199.6,195.0,214.5,215.5,3.0,2.5,5,1.3,3
2.0,0.1,0.5,Rhode Island,142.0,130,154,142.0,2.1,2.0,3,0.0,0.0,186.125,164.0,243.33333333333334,241.0,,,0.0,0.0,0,0.0,0
1.0,0.01,0.5,Louisiana,142.25,80,174,157.5,1.0,1.0,1,,,,,,,,,0.0,0.0,0,0.0,0
ALL,ALL,ALL,New Hampshire,142.40112994350284,69,318,105.0,6.895480225988701,8.0,9,0.0,0.0,207.16176470588235,226.0,248.54907975460122,266.0,323.05,376.0,1.175,1.0,3,0.0,0
2.0,0.1,2.0,Rhode Island,142.6,130,154,145.0,2.5,2.5,3,0.0,0.0,264.8,241.0,342.6,241.0,,,0.0,0.0,0,0.0,0
2.0,0.05,0.5,Maine,143.4,119,195,140.0,8.8,9.0,10,0.0,0.0,174.8,171.0,199.7,195.0,233.1,215.5,2.4,2.0,4,1.2,3
0.5,0.05,2.0,New Hampshire,143.7,69,285,105.0,7.7,8.0,8,0.0,0.0,241.8,264.5,265.4,285.5,,,0.0,0.0,0,0.0,0
1.0,0.01,1.0,Alabama,143.77777777777777,63,329,91.0,4.333333333333333,5.0,6,0.0,0.0,190.125,190.0,285.375,328.5,346.0,346.0,1.0,1.0,1,0.0,0
1.0,0.01,0.5,South Carolina,143.8,95,244,148.0,7.0,7.0,8,0.0,0.0,176.0,159.0,227.0,244.0,369.0,369.0,0.4,0.0,1,0.4,2
0.5,0.01,0.5,Connecticut,143.9,121,173,143.0,4.2,4.0,6,0.0,0.0,167.4,164.0,192.11111111111111,173.0,188.16666666666666,206.5,1.1666666666666667,1.0,2,0.1,1
0.5,0.01,1.0,Alabama,144.11111111111111,63,328,94.0,1.8888888888888888,2.0,3,0.0,0.0,149.0,91.0,142.66666666666666,143.0,,,0.0,0.0,0,0.0,0
0.5,0.01,1.0,Delaware,144.2,125,187,137.0,2.5,2.5,3,0.0,0.0,244.6,205.0,355.8,266.0,348.0,348.0,1.0,1.0,1,0.0,0
2.0,0.01,2.0,Delaware,145.0,125,185,137.0,2.9,3.0,3,0.0,0.0,200.2,187.0,258.22222222222223,266.0,347.3,349.0,1.3,1.0,2,0.0,0
2.0,0.1,1.0,Rhode Island,145.1,130,154,154.0,2.4,2.5,3,0.0,0.0,184.77777777777777,174.0,388.4,248.0,,,0.0,0.0,0,0.0,0
0.5,0.01,2.0,Louisiana,145.125,52,252,157.5,1.125,1.0,2,0.0,0.0,252.0,252.0,,,,,0.0,0.0,0,0.0,0
0.5,0.01,1.0,West Virginia,145.3,95,239,142.5,3.7,3.5,6,0.0,0.0,187.4,163.0,239.75,219.0,245.71428571428572,227.0,1.0,1.0,1,0.0,0
1.0,0.01,0.5,Delaware,146.4,125,235,137.0,2.5,3.0,3,0.0,0.0,251.0,187.0,312.1666666666667,266.0,306.0,306.0,1.0,1.0,1,0.0,0
0.5,0.1,2.0,Rhode Island,147.2,130,235,133.5,2.5,2.5,3,0.0,0.0,195.0,168.0,241.0,241.0,,,0.0,0.0,0,0.0,0
2.0,0.05,1.0,New Hampshire,148.0,105,266,105.0,8.1,8.0,9,0.0,0.0,241.4,226.0,273.7,266.0,,,0.0,0.0,0,0.0,0
2.0,0.01,0.5,New Jersey,148.1,89,249,138.0,4.4,4.5,7,0.0,0.0,240.3,208.0,289.6666666666667,254.0,254.66666666666666,177.5,2.625,2.5,6,0.5,1
0.5,0.1,0.5,Rhode Island,148.8,130,168,148.0,1.5,1.5,2,0.0,0.0,161.6,168.0,,,,,0.0,0.0,0,0.0,0
1.0,0.1,0.5,Rhode Island,149.8,130,168,153.0,2.1,2.0,3,0.0,0.0,195.77777777777777,174.0,241.0,241.0,,,0.0,0.0,0,0.0,0
2.0,0.01,1.0,Alabama,149.9,91,328,118.5,4.1,4.5,5,0.0,0.0,314.5,328.5,349.6666666666667,329.0,346.0,346.0,1.0,1.0,1,0.0,0
1.0,0.01,1.0,Delaware,150.0,125,187,148.0,2.9,3.0,3,0.0,0.0,210.7,196.0,325.22222222222223,266.0,344.8,349.0,1.8,2.0,4,0.0,0
1.0,0.1,2.0,Rhode Island,150.2,130,174,149.0,2.6,3.0,3,0.0,0.0,190.66666666666666,168.0,294.14285714285717,241.0,,,0.0,0.0,0,0.0,0
1.0,0.01,2.0,Delaware,150.6,125,221,137.0,2.8,3.0,3,0.0,0.0,201.4,187.0,308.5,266.0,340.5,349.0,1.5,1.0,3,0.0,0
0.5,0.1,1.0,Rhode Island,151.6,130,174,159.0,2.4,2.5,3,0.0,0.0,188.55555555555554,174.0,241.0,241.0,,,0.0,0.0,0,0.0,0
2.0,0.05,1.0,Rhode Island,153.1,145,154,154.0,2.0,2.0,3,0.0,0.0,257.1666666666667,207.5,406.75,390.0,,,0.0,0.0,0,0.0,0
2.0,0.05,0.5,Rhode Island,154.0,154,154,154.0,1.6,2.0,2,0.0,0.0,231.0,241.0,,,,,0.0,0.0,0,0.0,0
2.0,0.05,2.0,Rhode Island,154.0,154,154,154.0,2.2,2.0,3,0.0,0.0,275.1111111111111,241.0,410.3333333333333,495.0,,,0.0,0.0,0,0.0,0
0.5,0.01,0.5,Delaware,154.6,125,221,148.0,2.4,2.5,3,0.0,0.0,199.66666666666666,187.0,225.0,235.0,,,0.0,0.0,0,0.0,0
2.0,0.05,2.0,Louisiana,157.4,80,445,126.5,1.7,2.0,3,0.0,0.0,252.0,252.0,417.0,417.0,,,0.0,0.0,0,0.0,0
1.0,0.01,1.0,Louisiana,158.28571428571428,80,252,174.0,1.4285714285714286,1.0,2,0.0,0.0,391.6666666666667,417.0,,,,,0.0,0.0,0,0.0,0
1.0,0.1,1.0,Rhode Island,158.7,130,235,156.5,2.6,3.0,3,0.0,0.0,219.1,238.0,291.8333333333333,241.0,,,0.0,0.0,0,0.0,0
0.5,0.05,0.5,Rhode Island,159.0,130,174,168.0,1.25,1.0,2,0.0,0.0,235.0,235.0,,,,,0.0,0.0,0,0.0,0
0.5,0.01,0.5,South Carolina,162.3,95,363,148.0,2.4,2.0,5,0.0,0.0,186.75,168.0,267.0,244.0,297.0,297.0,1.0,1.0,1,0.0,0
1.0,0.05,1.0,Rhode Island,163.5,130,168,168.0,1.5,1.5,2,0.0,0.0,199.6,174.0,,,,,0.0,0.0,0,0.0,0
ALL,ALL,ALL,Rhode Island,168.69602272727272,130,600,154.0,1.9886363636363635,2.0,3,0.0,0.0,203.30837004405285,168.0,284.2809917355372,241.0,,,0.0,0.0,0,0.0,0
1.0,0.05,2.0,Rhode Island,173.0,130,235,168.0,1.9,2.0,3,0.0,0.0,388.85714285714283,248.0,572.5,572.5,,,0.0,0.0,0,0.0,0
1.0,0.05,0.5,Rhode Island,173.0,145,235,168.0,1.7,2.0,2,0.0,0.0,231.57142857142858,241.0,,,,,0.0,0.0,0,0.0,0
2.0,0.01,2.0,Maine,174.3,94,242,161.0,6.4,7.0,8,0.0,0.0,243.6,242.0,277.0,276.0,289.1666666666667,318.0,1.125,1.0,2,0.9,2
2.0,0.01,0.5,Maine,177.5,119,242,161.0,6.5,6.5,8,0.0,0.0,244.5,242.0,266.4,268.5,343.2857142857143,318.0,1.375,1.0,3,0.8,2
0.5,0.01,2.0,Maine,178.3,119,241,165.5,5.9,6.5,8,0.0,0.0,228.8,241.0,258.3,242.0,276.22222222222223,318.0,1.5,1.0,4,1.2,4
0.5,0.01,1.0,Maine,180.9,119,242,178.0,5.7,6.0,7,0.0,0.0,231.1,241.5,252.4,253.5,267.0,274.0,1.3333333333333333,1.0,2,0.8,4
0.5,0.05,2.0,Rhode Island,181.3,130,235,168.0,1.6,1.5,3,0.0,0.0,241.2,241.0,248.0,248.0,,,0.0,0.0,0,0.0,0
2.0,0.01,0.5,Alabama,182.3,63,456,92.5,3.9,4.0,6,0.0,0.0,199.0,95.0,278.1111111111111,228.0,346.0,346.0,1.0,1.0,1,0.0,0
2.0,0.01,1.0,Rhode Island,187.8,154,249,154.0,1.4,1.0,3,0.0,0.0,462.0,539.0,606.0,606.0,,,0.0,0.0,0,0.0,0
0.5,0.05,1.0,Rhode Island,187.9,130,235,168.0,1.4,1.0,2,0.0,0.0,221.25,238.0,,,,,0.0,0.0,0,0.0,0
1.0,0.01,1.0,Maine,191.9,161,242,195.0,6.9,7.0,8,0.0,0.0,232.9,242.0,267.6,276.0,305.4,318.0,1.2,1.0,2,0.8,2
0.5,0.25,1.0,Mississippi,194.0,194,194,194.0,4.0,4.0,5,0.0,0.0,233.0,233.0,255.7,242.0,,,0.0,0.0,0,0.0,0
0.5,0.05,0.5,Mississippi,194.0,194,194,194.0,1.25,1.0,2,0.0,0.0,242.0,242.0,,,,,0.0,0.0,0,0.0,0
1.0,0.25,0.5,Mississippi,194.0,194,194,194.0,5.2,5.0,7,0.0,0.0,197.0,197.0,232.8,233.0,163.0,163.0,0.6666666666666666,1.0,1,0.1,1
1.0,0.25,1.0,Mississippi,194.0,194,194,194.0,7.3,7.5,8,0.0,0.0,197.0,197.0,233.0,233.0,,,0.0,0.0,0,0.3,1
0.5,0.1,2.0,Mississippi,194.0,194,194,194.0,5.2,5.0,6,0.0,0.0,200.6,197.0,237.9,233.0,,,0.0,0.0,0,0.4,1
2.0,0.25,0.5,Mississippi,194.0,194,194,194.0,7.5,8.0,9,0.0,0.0,197.0,197.0,233.0,233.0,,,0.0,0.0,0,0.9,1
2.0,0.25,1.0,Mississippi,194.0,194,194,194.0,7.8,8.0,9,0.0,0.0,197.0,197.0,231.0,233.0,298.0,298.0,0.1111111111111111,0.0,1,1.0,2
0.5,0.25,2.0,Mississippi,194.0,194,194,194.0,6.7,7.0,7,0.0,0.0,197.0,197.0,233.0,233.0,,,0.0,0.0,0,1.0,1
1.0,0.1,2.0,Mississippi,194.0,194,194,194.0,6.1,6.0,7,0.0,0.0,207.8,197.0,238.8,233.0,,,0.0,0.0,0,1.0,2
2.0,0.25,2.0,Mississippi,194.0,194,194,194.0,7.4,7.0,8,0.0,0.0,197.0,197.0,233.0,233.0,,,0.0,0.0,0,1.2,2
1.0,0.25,2.0,Mississippi,194.0,194,194,194.0,7.5,7.5,8,0.0,0.0,197.0,197.0,233.0,233.0,28.0,28.0,0.1,0.0,1,1.4,2
0.5,0.05,1.0,Mississippi,194.3,194,197,194.0,3.6,4.0,5,0.0,0.0,228.7,233.0,256.0,242.0,,,0.0,0.0,0,0.0,0
2.0,0.1,2.0,Mississippi,194.3,194,197,194.0,7.0,7.0,8,0.0,0.0,202.2,197.0,230.5,233.0,298.0,298.0,0.2,0.0,1,1.1,2
2.0,0.1,0.5,Mississippi,194.3,194,197,194.0,6.7,7.0,9,0.0,0.0,200.6,197.0,225.6,223.0,298.0,298.0,0.4,0.0,1,1.2,2
0.5,0.01,0.5,Mississippi,194.5,194,197,194.0,1.1666666666666667,1.0,2,0.0,0.0,197.0,197.0,,,,,0.0,0.0,0,0.0,0
1.0,0.1,0.5,Mississippi,194.6,194,197,194.0,4.3,4.0,6,0.0,0.0,212.3,197.0,246.7,237.5,298.0,298.0,1.0,1.0,1,0.0,0
2.0,0.1,1.0,Mississippi,194.6,194,197,194.0,6.9,7.0,9,0.0,0.0,205.8,197.0,230.5,233.0,298.0,298.0,0.3333333333333333,0.0,1,0.9,1
1.0,0.1,1.0,Mississippi,194.9,194,197,194.0,5.9,6.0,7,0.0,0.0,207.8,197.0,239.7,233.0,,,0.0,0.0,0,0.5,2
1.0,0.05,0.5,Mississippi,195.2,194,197,194.0,4.8,5.0,6,0.0,0.0,205.4,197.0,230.8,213.0,259.42857142857144,298.0,1.1428571428571428,1.0,2,0.0,0
2.0,0.05,1.0,Mississippi,195.2,194,197,194.0,6.3,7.0,7,0.0,0.0,208.6,213.0,233.7,233.0,298.0,298.0,0.75,1.0,1,1.0,2
2.0,0.05,2.0,Mississippi,196.5,194,213,194.0,6.1,6.5,8,0.0,0.0,212.3,197.0,263.4,233.0,298.0,298.0,0.6,1.0,1,1.3,2
2.0,0.01,2.0,Rhode Island,197.6,154,305,161.0,1.0,1.0,1,,,,,,,,,0.0,0.0,0,0.0,0
2.0,0.01,1.0,Maine,198.2,119,242,207.0,6.9,7.0,8,0.0,0.0,236.2,242.0,260.1,261.0,340.25,274.0,0.875,0.5,3,0.9,2
1.0,0.05,2.0,Mississippi,198.5,194,233,194.0,4.3,4.0,6,0.0,0.0,226.3,197.0,291.8,282.0,28.0,28.0,0.1111111111111111,0.0,1,1.3,3
0.5,0.1,1.0,Mississippi,198.8,194,242,194.0,3.8,4.0,5,0.0,0.0,233.6,233.0,256.2,242.0,,,0.0,0.0,0,0.0,0
1.0,0.05,1.0,Mississippi,199.1,194,233,195.5,3.5,3.5,5,0.0,0.0,237.1,233.0,274.8888888888889,282.0,,,0.0,0.0,0,0.9,2
1.0,0.01,0.5,Maine,200.0,161,242,195.0,6.1,6.0,8,0.0,0.0,251.8,242.0,272.1,274.0,329.0,349.0,0.6666666666666666,1.0,2,1.0,3
2.0,0.05,0.5,Mississippi,201.1,194,259,194.0,5.1,5.0,7,0.0,0.0,208.7,197.0,238.4,233.0,298.0,298.0,0.8333333333333334,1.0,1,0.7,2
0.5,0.05,2.0,Mississippi,203.1,194,282,194.0,3.6,3.0,5,0.0,0.0,221.5,197.0,263.625,282.0,298.0,298.0,1.0,1.0,1,0.0,0
ALL,ALL,ALL,Mississippi,203.40125391849529,194,562,194.0,4.761755485893417,5.0,9,0.0070921985815602835,1.0,222.3368794326241,197.0,254.65503875968992,233.0,277.70588235294116,298.0,0.3058823529411765,0.0,2,0.54858934169279,3
0.5,0.01,0.5,Maine,204.7,161,242,218.0,3.4,3.0,6,0.1,1.0,246.3,242.0,285.22222222222223,265.0,197.66666666666666,196.0,0.875,0.0,3,0.9,3
1.0,0.01,2.0,Maine,205.9,126,242,207.0,6.7,6.5,9,0.0,0.0,249.0,242.0,268.6,268.5,362.25,318.0,1.0,1.0,3,0.7,2
1.0,0.01,2.0,Louisiana,206.33333333333334,80,539,174.0,1.1666666666666667,1.0,2,0.0,0.0,252.0,252.0,,,,,0.0,0.0,0,0.0,0
1.0,0.01,0.5,Mississippi,213.28571428571428,194,282,197.0,1.1428571428571428,1.0,2,0.0,0.0,282.0,282.0,,,298.0,298.0,1.0,1.0,1,0.0,0
0.5,0.1,0.5,Mississippi,213.5,194,233,213.5,1.0,1.0,1,,,,,,,,,0.0,0.0,0,0.0,0
1.0,0.01,2.0,Mississippi,216.3,194,282,197.0,2.4,2.5,4,0.0,0.0,300.0,314.0,374.6,344.0,298.0,298.0,0.4,0.0,1,0.3,1
0.5,0.01,2.0,Mississippi,219.85714285714286,194,282,197.0,1.7142857142857142,1.0,4,0.3333333333333333,1.0,359.0,282.0,213.0,213.0,,,0.0,0.0,0,0.14285714285714285,1
1.0,0.01,0.5,Rhode Island,227.77777777777777,168,249,248.0,1.2222222222222223,1.0,2,0.0,0.0,245.0,245.0,,,,,0.0,0.0,0,0.0,0
1.0,0.01,2.0,Rhode Island,230.22222222222223,161,305,235.0,1.1111111111111112,1.0,2,0.0,0.0,241.0,241.0,,,,,0.0,0.0,0,0.0,0
2.0,0.01,2.0,Mississippi,231.5,194,314,213.0,3.0,3.0,4,0.1,1.0,326.6,313.0,481.5,562.0,320.5,320.5,0.3333333333333333,0.0,1,0.4,1
0.5,0.01,1.0,Rhode Island,232.5,168,249,235.0,1.0,1.0,1,,,,,,,,,0.0,0.0,0,0.0,0
2.0,0.01,0.5,Mississippi,236.0,194,344,213.0,2.6666666666666665,3.0,5,0.0,0.0,230.16666666666666,223.0,297.6666666666667,282.0,298.0,298.0,0.6666666666666666,1.0,1,0.2222222222222222,1
0.5,0.01,1.0,Mississippi,238.75,194,282,239.5,1.375,1.0,3,0.0,0.0,247.5,247.5,282.0,282.0,,,0.0,0.0,0,0.0,0
0.5,0.01,2.0,Rhode Island,238.77777777777777,168,305,235.0,1.1111111111111112,1.0,2,0.0,0.0,248.0,248.0,,,,,0.0,0.0,0,0.0,0
2.0,0.01,0.5,Rhode Island,248.55555555555554,130,600,235.0,1.1111111111111112,1.0,2,0.0,0.0,606.0,606.0,,,,,0.0,0.0,0,0.0,0
2.0,0.01,1.0,Mississippi,251.33333333333334,194,562,213.0,2.2222222222222223,2.0,4,0.0,0.0,296.57142857142856,282.0,428.6666666666667,344.0,298.0,298.0,0.3333333333333333,0.0,1,0.2222222222222222,1
1.0,0.01,1.0,Mississippi,252.0,194,314,282.0,1.4285714285714286,1.0,2,0.0,0.0,323.3333333333333,344.0,,,,,0.0,0.0,0,0.14285714285714285,1
0.5,0.01,0.5,Rhode Island,252.875,168,305,235.0,1.0,1.0,1,,,,,,,,,0.0,0.0,0,0.0,0
1.0,0.01,2.0,New Hampshire,260.2,189,300,266.0,6.4,6.0,8,0.0,0.0,296.4,293.0,308.9,307.0,446.4,448.0,1.0,1.0,1,0.0,0
0.5,0.01,0.5,New Hampshire,262.0,189,300,279.5,2.25,2.0,3,0.0,0.0,300.5,303.0,340.0,340.0,,,0.0,0.0,0,0.0,0
2.0,0.01,1.0,New Hampshire,267.4,213,303,285.0,6.7,7.0,8,0.0,0.0,289.7,298.0,307.2,306.0,444.0,444.0,2.0,2.0,2,0.0,0
2.0,0.01,0.5,New Hampshire,268.4,189,293,285.0,6.6,7.0,8,0.0,0.0,298.1,300.0,310.4,305.5,385.0,385.0,1.0,1.0,1,0.0,0
2.0,0.01,1.0,Louisiana,269.375,80,506,174.0,1.0,1.0,1,,,,,,,,,0.0,0.0,0,0.0,0
2.0,0.01,2.0,Louisiana,269.44444444444446,97,539,174.0,1.1111111111111112,1.0,2,0.0,0.0,539.0,539.0,,,,,0.0,0.0,0,0.0,0
0.5,0.01,1.0,New Hampshire,269.6,105,318,285.0,4.0,4.0,6,0.0,0.0,304.22222222222223,307.0,319.375,310.5,376.0,376.0,1.0,1.0,1,0.0,0
1.0,0.01,0.5,New Hampshire,273.2,226,285,285.0,5.3,6.0,6,0.0,0.0,302.4,305.5,312.8,309.0,407.8,376.0,1.2,1.0,2,0.0,0
2.0,0.01,2.0,New Hampshire,273.6,213,300,285.0,6.6,7.0,8,0.0,0.0,289.9,296.5,309.2,307.0,352.0,376.0,1.5,1.0,3,0.0,0
0.5,0.01,2.0,New Hampshire,275.6,207,305,285.0,6.7,6.5,8,0.0,0.0,296.7,296.5,308.7,306.0,398.5,385.0,1.25,1.0,2,0.0,0
1.0,0.01,1.0,Rhode Island,275.7,235,600,235.0,1.0,1.0,1,,,,,,,,,0.0,0.0,0,0.0,0
1.0,0.01,1.0,New Hampshire,284.7,266,306,285.0,5.9,6.0,8,0.0,0.0,304.6,305.0,314.3,311.0,412.0,412.0,1.5,1.5,2,0.0,0
