alpha,beta,gamma,state,mean_first_intro_day,earliest_first_intro_day,latest_first_intro_day,median_first_intro_day,mean_intro_count,median_intro_count,max_intro_count,mean_cumu_before_second_intro,max_cumu_before_second_intro,mean_intro_day_2,median_intro_day_2,mean_intro_day_3,median_intro_day_3,mean_first_export_day,median_first_export_day,mean_export_count,median_export_count,max_export_count,mean_total_cumu_cases,max_total_cumu_cases
0.5,0.01,0.5,Texas,28.0,28,28,28.0,21.0,20.5,26,0.0,0.0,28.0,28.0,28.0,28.0,32.6,33.0,29.8,28.5,38,24.4,27
0.5,0.01,1.0,Texas,28.0,28,28,28.0,29.2,29.0,37,0.0,0.0,28.0,28.0,28.0,28.0,38.5,33.0,35.7,35.0,44,29.7,37
0.5,0.05,0.5,Texas,28.0,28,28,28.0,35.0,35.0,39,0.0,0.0,28.0,28.0,28.0,28.0,32.2,33.0,37.9,38.5,45,31.6,34
0.5,0.1,0.5,Texas,28.0,28,28,28.0,36.8,37.5,39,0.0,0.0,28.0,28.0,28.0,28.0,30.2,30.0,40.3,40.5,45,33.4,36
0.5,0.25,0.5,Texas,28.0,28,28,28.0,41.1,41.5,43,0.0,0.0,28.0,28.0,28.0,28.0,30.1,30.0,41.2,41.5,47,34.2,37
1.0,0.01,0.5,Texas,28.0,28,28,28.0,31.3,31.5,37,0.0,0.0,28.0,28.0,28.0,28.0,34.0,33.0,41.1,42.5,51,34.2,38
0.5,0.05,1.0,Texas,28.0,28,28,28.0,42.3,42.5,48,0.0,0.0,28.0,28.0,28.0,28.0,31.3,30.5,46.9,46.0,53,35.3,37
0.5,0.1,1.0,Texas,28.0,28,28,28.0,43.9,44.5,47,0.0,0.0,28.0,28.0,28.0,28.0,30.6,30.0,48.9,49.0,56,38.0,43
1.0,0.05,0.5,Texas,28.0,28,28,28.0,39.8,39.0,46,0.0,0.0,28.0,28.0,28.0,28.0,32.3,33.0,48.4,49.0,53,38.9,44
0.5,0.25,1.0,Texas,28.0,28,28,28.0,47.2,48.0,50,0.0,0.0,28.0,28.0,28.0,28.0,30.2,30.0,50.8,50.0,56,39.6,42
0.5,0.01,2.0,Texas,28.0,28,28,28.0,34.2,34.5,41,0.0,0.0,28.0,28.0,28.0,28.0,38.5,33.0,49.9,49.5,59,40.3,45
1.0,0.25,0.5,Texas,28.0,28,28,28.0,48.7,48.5,53,0.0,0.0,28.0,28.0,28.0,28.0,30.3,30.0,55.3,53.5,65,41.0,45
1.0,0.1,0.5,Texas,28.0,28,28,28.0,45.1,45.0,49,0.0,0.0,28.0,28.0,28.0,28.0,31.3,30.5,53.5,53.5,61,41.0,45
ALL,ALL,ALL,Texas,28.0,28,28,28.0,44.291666666666664,46.5,61,0.0,0.0,28.0,28.0,28.0,28.0,32.208333333333336,31.0,58.50277777777778,61.0,89,42.36944444444445,57
1.0,0.01,1.0,Texas,28.0,28,28,28.0,34.3,35.5,39,0.0,0.0,28.0,28.0,28.0,28.0,36.2,33.0,56.3,54.0,67,43.1,48
0.5,0.05,2.0,Texas,28.0,28,28,28.0,45.7,45.0,50,0.0,0.0,28.0,28.0,28.0,28.0,31.3,30.5,54.5,52.5,66,43.7,49
0.5,0.25,2.0,Texas,28.0,28,28,28.0,51.4,51.5,57,0.0,0.0,28.0,28.0,28.0,28.0,30.0,30.0,59.7,59.0,67,44.6,49
2.0,0.01,0.5,Texas,28.0,28,28,28.0,35.3,34.0,42,0.0,0.0,28.0,28.0,28.0,28.0,35.4,33.0,70.5,69.5,84,44.7,48
0.5,0.1,2.0,Texas,28.0,28,28,28.0,48.4,48.5,52,0.0,0.0,28.0,28.0,28.0,28.0,31.3,30.5,57.1,57.0,68,44.8,47
2.0,0.1,0.5,Texas,28.0,28,28,28.0,53.2,53.5,55,0.0,0.0,28.0,28.0,28.0,28.0,30.6,30.0,65.6,67.0,74,44.9,47
1.0,0.25,1.0,Texas,28.0,28,28,28.0,53.6,54.5,56,0.0,0.0,28.0,28.0,28.0,28.0,30.0,30.0,61.1,60.5,68,45.4,49
2.0,0.1,1.0,Texas,28.0,28,28,28.0,53.8,54.0,56,0.0,0.0,28.0,28.0,28.0,28.0,31.4,31.0,67.8,68.0,73,45.5,49
2.0,0.1,2.0,Texas,28.0,28,28,28.0,53.9,53.5,59,0.0,0.0,28.0,28.0,28.0,28.0,31.3,30.5,68.2,69.5,75,45.7,53
1.0,0.1,1.0,Texas,28.0,28,28,28.0,50.8,51.0,56,0.0,0.0,28.0,28.0,28.0,28.0,31.0,30.0,58.6,60.0,63,45.9,51
1.0,0.05,1.0,Texas,28.0,28,28,28.0,46.7,47.0,52,0.0,0.0,28.0,28.0,28.0,28.0,31.6,32.0,59.4,60.0,65,46.4,53
1.0,0.25,2.0,Texas,28.0,28,28,28.0,53.5,53.0,57,0.0,0.0,28.0,28.0,28.0,28.0,30.6,30.0,68.9,69.5,76,46.7,50
1.0,0.01,2.0,Texas,28.0,28,28,28.0,36.2,35.5,43,0.0,0.0,28.0,28.0,28.0,28.0,34.5,33.0,68.3,69.0,78,46.7,54
2.0,0.25,1.0,Texas,28.0,28,28,28.0,54.6,55.0,58,0.0,0.0,28.0,28.0,28.0,28.0,30.2,30.0,69.1,68.0,75,46.9,49
2.0,0.25,2.0,Texas,28.0,28,28,28.0,55.0,54.5,61,0.0,0.0,28.0,28.0,28.0,28.0,30.1,30.0,71.6,71.5,80,46.9,51
2.0,0.01,1.0,Texas,28.0,28,28,28.0,36.5,35.0,44,0.0,0.0,28.0,28.0,28.0,28.0,35.7,33.0,72.2,68.5,89,46.9,52
1.0,0.1,2.0,Texas,28.0,28,28,28.0,51.9,51.0,57,0.0,0.0,28.0,28.0,28.0,28.0,31.2,30.0,70.3,70.0,75,47.0,51
2.0,0.25,0.5,Texas,28.0,28,28,28.0,52.4,52.5,58,0.0,0.0,28.0,28.0,28.0,28.0,30.4,30.0,70.8,71.5,75,47.4,51
1.0,0.05,2.0,Texas,28.0,28,28,28.0,49.3,50.0,53,0.0,0.0,28.0,28.0,28.0,28.0,31.2,30.0,67.7,65.5,74,47.6,52
2.0,0.05,1.0,Texas,28.0,28,28,28.0,49.6,50.5,56,0.0,0.0,28.0,28.0,28.0,28.0,30.9,30.0,69.5,68.5,80,47.7,52
2.0,0.05,0.5,Texas,28.0,28,28,28.0,48.5,50.0,51,0.0,0.0,28.0,28.0,28.0,28.0,31.6,32.0,68.0,67.0,79,47.7,53
2.0,0.05,2.0,Texas,28.0,28,28,28.0,49.5,49.0,57,0.0,0.0,28.0,28.0,28.0,28.0,32.0,33.0,73.1,74.5,81,48.2,57
2.0,0.01,2.0,Texas,28.0,28,28,28.0,34.8,34.0,43,0.0,0.0,28.0,28.0,28.0,28.0,38.9,38.0,78.1,80.5,89,49.3,55
1.0,0.25,1.0,Michigan,30.0,30,30,30.0,34.3,34.0,37,0.0,0.0,37.0,37.0,47.4,48.0,63.0,63.0,18.4,18.5,21,28.1,31
0.5,0.25,2.0,Michigan,30.0,30,30,30.0,32.9,33.0,35,0.0,0.0,37.0,37.0,47.0,47.0,62.4,63.0,19.2,19.0,24,30.4,33
0.5,0.25,0.5,Michigan,30.7,30,37,30.0,28.3,28.0,31,0.1,1.0,37.9,37.0,48.6,48.0,62.4,63.0,11.3,11.5,14,26.4,29
1.0,0.25,0.5,Michigan,30.7,30,37,30.0,31.5,32.0,34,0.1,1.0,38.1,37.0,47.1,46.0,62.6,63.0,17.3,17.0,23,28.7,31
2.0,0.25,2.0,Michigan,30.7,30,37,30.0,33.3,33.5,37,0.1,1.0,38.1,37.0,48.9,48.0,63.0,63.0,17.1,16.0,21,30.0,33
0.5,0.1,0.5,Michigan,31.4,30,37,30.0,27.5,28.0,30,0.2,1.0,41.7,37.0,49.4,49.0,62.4,63.0,13.7,13.5,17,24.9,29
0.5,0.1,1.0,Michigan,31.4,30,37,30.0,28.9,28.5,35,0.1,1.0,41.2,37.0,50.9,53.0,62.0,63.0,17.1,17.0,20,27.3,30
0.5,0.25,1.0,Michigan,31.4,30,37,30.0,30.6,31.0,33,0.2,1.0,39.0,37.0,48.4,48.0,62.4,63.0,15.7,15.0,20,28.3,31
2.0,0.1,0.5,Michigan,31.4,30,37,30.0,32.2,32.0,35,0.2,1.0,39.9,37.0,48.3,48.0,63.2,63.0,18.6,17.5,27,28.7,34
2.0,0.25,1.0,Michigan,31.4,30,37,30.0,34.6,34.0,37,0.2,1.0,38.8,37.0,47.5,47.0,63.2,63.0,16.7,16.5,20,28.9,31
2.0,0.25,0.5,Michigan,31.4,30,37,30.0,32.8,33.0,35,0.2,1.0,39.9,37.0,48.2,48.0,63.0,63.0,17.7,18.0,23,30.1,32
1.0,0.25,2.0,Kansas,32.2,31,37,31.0,58.7,59.0,62,0.8,1.0,37.4,37.0,39.2,39.0,28.0,28.0,37.8,37.5,43,17.6,21
2.0,0.1,0.5,Kansas,32.8,31,37,31.0,55.4,55.5,57,0.7,1.0,37.6,37.0,39.3,39.0,28.0,28.0,38.9,39.0,41,15.4,17
1.0,0.25,0.5,Kansas,32.8,31,37,31.0,50.8,52.0,53,0.7,1.0,37.6,37.0,39.3,39.0,28.0,28.0,27.1,27.0,29,15.6,18
1.0,0.25,1.0,Kansas,32.8,31,37,31.0,53.7,54.0,56,0.7,1.0,37.6,37.0,39.5,39.5,28.0,28.0,35.6,35.5,39,17.4,20
1.0,0.1,2.0,Michigan,32.8,30,37,30.0,32.1,32.0,39,0.4,1.0,41.5,37.0,50.2,48.0,63.0,63.0,19.1,19.5,23,29.2,35
1.0,0.1,1.0,Michigan,32.8,30,37,30.0,30.8,30.5,35,0.4,1.0,43.8,37.0,51.7,48.0,66.4,63.0,18.3,19.0,22,29.6,33
1.0,0.25,2.0,Michigan,32.8,30,37,30.0,32.2,31.5,35,0.4,1.0,40.6,37.0,47.2,48.0,62.4,63.0,17.7,17.5,21,30.8,34
0.5,0.05,0.5,California,33.0,33,33,33.0,2.8,3.0,5,23.5,31.0,123.2,128.0,149.0,159.0,28.0,28.0,68.8,68.5,74,30.2,32
0.5,0.25,0.5,California,33.0,33,33,33.0,3.5,4.0,4,12.9,30.0,78.5,66.5,113.5,108.0,28.0,28.0,75.4,75.0,82,30.2,32
0.5,0.1,0.5,California,33.0,33,33,33.0,3.1,3.0,4,15.1,30.0,87.9,99.0,141.25,159.0,28.0,28.0,71.3,71.5,74,30.3,32
1.0,0.25,2.0,California,33.0,33,33,33.0,5.8,6.0,7,6.4,25.0,52.1,34.0,125.7,108.0,28.0,28.0,80.1,79.5,85,32.2,33
2.0,0.25,1.0,California,33.0,33,33,33.0,5.8,6.0,7,13.1,27.0,71.2,71.0,122.8,109.0,28.0,28.0,79.6,80.0,86,32.2,33
0.5,0.25,1.0,California,33.0,33,33,33.0,3.7,4.0,5,10.5,30.0,67.8,34.0,124.0,108.0,28.0,28.0,78.4,78.5,85,32.3,34
1.0,0.25,1.0,California,33.0,33,33,33.0,5.7,5.5,7,8.3,30.0,61.5,34.0,147.2,133.5,28.0,28.0,80.7,80.5,93,32.3,34
2.0,0.1,1.0,California,33.0,33,33,33.0,5.3,5.0,7,20.3,30.0,102.0,108.0,169.8,159.0,28.0,28.0,79.1,78.5,84,32.7,34
1.0,0.1,1.0,California,33.0,33,33,33.0,5.2,5.0,6,20.4,27.0,102.3,118.0,151.0,159.0,28.0,28.0,79.3,79.0,84,32.8,33
1.0,0.05,2.0,California,33.0,33,33,33.0,5.1,5.0,6,22.4,27.0,112.8,128.0,150.8,159.0,28.0,28.0,78.4,78.5,84,32.9,34
2.0,0.25,0.5,California,33.0,33,33,33.0,5.1,5.0,6,18.3,31.0,97.9,108.0,184.2,159.0,28.0,28.0,79.9,80.0,84,32.9,34
2.0,0.1,0.5,California,33.0,33,33,33.0,5.1,5.0,6,19.9,31.0,101.5,99.0,174.9,159.0,28.0,28.0,79.4,78.0,88,32.9,34
1.0,0.25,0.5,California,33.0,33,33,33.0,4.0,4.0,6,9.1,27.0,59.5,34.0,126.6,108.0,28.0,28.0,77.5,77.5,81,33.0,34
2.0,0.25,2.0,California,33.0,33,33,33.0,5.0,5.0,6,18.0,31.0,97.0,103.5,190.2,159.0,28.0,28.0,78.3,78.0,83,33.0,34
1.0,0.1,2.0,California,33.0,33,33,33.0,4.9,5.0,6,20.9,30.0,110.9,103.5,207.0,159.0,28.0,28.0,79.7,80.0,85,33.1,34
1.0,0.05,1.0,California,33.0,33,33,33.0,4.7,5.0,5,26.7,31.0,132.4,128.0,190.0,159.0,28.0,28.0,79.3,78.5,84,33.2,34
0.5,0.25,2.0,California,33.0,33,33,33.0,4.7,5.0,6,13.4,31.0,80.5,66.5,152.4,108.0,28.0,28.0,78.8,79.0,84,33.3,35
2.0,0.05,2.0,California,33.0,33,33,33.0,4.4,4.5,5,26.7,30.0,133.5,128.0,202.7,159.0,28.0,28.0,79.1,81.0,87,33.5,35
2.0,0.1,2.0,California,33.0,33,33,33.0,4.5,5.0,5,24.8,30.0,127.2,128.0,221.3,159.0,28.0,28.0,79.3,78.5,88,33.5,35
0.5,0.05,1.0,California,33.0,33,33,33.0,2.7,3.0,4,24.4,30.0,128.1,128.0,153.83333333333334,159.0,28.0,28.0,75.9,76.0,79,33.6,34
2.0,0.05,0.5,California,33.0,33,33,33.0,4.3,4.5,5,23.5,30.0,123.0,128.0,202.7,159.0,28.0,28.0,77.7,78.0,87,33.6,35
0.5,0.1,1.0,California,33.0,33,33,33.0,2.5,2.0,4,25.2,31.0,132.3,159.0,151.25,159.0,28.0,28.0,78.0,80.0,85,33.7,34
1.0,0.05,0.5,California,33.0,33,33,33.0,2.9,3.0,3,22.7,30.0,114.1,128.0,159.0,159.0,28.0,28.0,77.3,76.5,83,33.9,35
0.5,0.1,2.0,California,33.0,33,33,33.0,4.0,4.0,5,25.8,30.0,125.5,118.0,191.1,159.0,28.0,28.0,78.1,78.0,85,34.0,35
0.5,0.05,2.0,California,33.0,33,33,33.0,3.8,4.0,4,26.5,30.0,132.2,128.0,190.6,159.0,28.0,28.0,80.7,82.0,86,34.1,35
1.0,0.1,0.5,California,33.0,33,33,33.0,2.8,3.0,4,22.9,31.0,113.4,108.0,154.57142857142858,159.0,28.0,28.0,80.1,80.0,84,34.2,35
2.0,0.05,1.0,California,33.1,33,34,33.0,4.1,4.0,5,27.0,30.0,137.5,128.0,216.2,159.0,28.0,28.0,80.7,80.5,91,33.9,35
0.5,0.25,0.5,Kansas,33.4,31,37,31.0,39.7,39.5,42,0.6,1.0,38.1,37.0,41.2,39.0,28.0,28.0,13.9,13.5,18,10.9,12
0.5,0.25,1.0,Kansas,33.4,31,37,31.0,46.9,46.5,51,0.6,1.0,38.0,37.0,40.2,39.5,28.0,28.0,18.0,18.5,21,13.1,15
0.5,0.25,2.0,Kansas,33.4,31,37,31.0,52.2,52.0,55,0.6,1.0,38.0,37.0,40.3,40.0,28.0,28.0,26.4,25.5,31,15.9,18
2.0,0.1,2.0,Michigan,33.5,30,37,33.5,31.2,30.5,37,0.5,1.0,44.3,41.5,51.7,53.0,63.2,63.0,18.8,19.0,23,30.2,35
1.0,0.05,2.0,Michigan,33.9,30,48,30.0,31.0,30.5,36,0.3,1.0,49.7,53.0,54.9,56.0,69.3,65.0,21.3,21.0,26,27.8,31
2.0,0.25,1.0,Kansas,34.0,31,37,34.0,59.7,60.0,61,0.5,1.0,38.2,38.0,40.3,40.0,28.0,28.0,40.4,41.5,43,17.5,19
2.0,0.1,1.0,Michigan,34.2,30,37,37.0,31.8,32.0,34,0.6,1.0,44.4,47.0,52.4,53.0,63.0,63.0,19.4,18.5,23,29.7,32
0.5,0.1,0.5,Kansas,34.6,31,37,37.0,37.4,37.5,41,0.4,1.0,38.3,39.0,40.3,40.0,30.2,28.0,13.0,13.0,15,10.0,11
0.5,0.05,1.0,Michigan,34.6,30,48,33.5,27.6,27.5,31,0.3,1.0,49.0,53.0,55.0,55.0,66.4,64.5,20.0,20.0,25,26.1,28
0.5,0.25,0.5,Washington,35.0,35,35,35.0,10.6,11.0,11,2.0,2.0,41.0,41.0,43.0,43.0,28.0,28.0,28.3,28.5,31,14.0,14
0.5,0.1,1.0,Washington,35.0,35,35,35.0,11.3,11.0,13,2.0,2.0,41.0,41.0,43.0,43.0,40.8,44.0,24.8,24.5,29,14.5,16
2.0,0.05,2.0,Washington,35.0,35,35,35.0,11.1,11.0,12,2.0,2.0,41.0,41.0,43.0,43.0,39.2,44.0,25.7,26.0,28,15.0,16
1.0,0.1,1.0,Washington,35.0,35,35,35.0,11.6,11.0,14,2.0,2.0,41.0,41.0,43.0,43.0,40.8,44.0,27.8,28.0,31,15.1,16
0.5,0.25,1.0,Washington,35.0,35,35,35.0,11.2,11.0,13,2.0,2.0,41.0,41.0,43.0,43.0,39.2,44.0,27.2,27.0,31,15.2,16
1.0,0.25,0.5,Washington,35.0,35,35,35.0,11.9,12.0,13,2.0,2.0,41.0,41.0,43.0,43.0,42.4,44.0,27.3,27.5,30,15.2,16
2.0,0.25,0.5,Washington,35.0,35,35,35.0,12.0,12.0,13,2.0,2.0,41.0,41.0,43.0,43.0,39.2,44.0,29.4,30.0,32,15.2,16
0.5,0.25,2.0,Washington,35.0,35,35,35.0,12.1,12.5,13,2.0,2.0,41.0,41.0,43.0,43.0,37.6,44.0,29.2,29.0,32,15.3,16
1.0,0.25,1.0,Washington,35.0,35,35,35.0,12.3,12.0,13,2.0,2.0,41.0,41.0,43.0,43.0,37.6,44.0,29.1,29.5,31,15.3,16
2.0,0.25,2.0,Washington,35.0,35,35,35.0,12.4,13.0,13,2.0,2.0,41.0,41.0,43.0,43.0,37.6,44.0,29.3,29.0,33,15.3,16
1.0,0.1,2.0,Washington,35.0,35,35,35.0,11.9,12.0,14,2.0,2.0,41.0,41.0,43.0,43.0,42.4,44.0,28.2,28.0,30,15.4,16
0.5,0.1,2.0,Washington,35.0,35,35,35.0,11.0,11.0,12,2.0,2.0,41.0,41.0,43.0,43.0,39.2,44.0,27.7,28.0,31,15.4,17
1.0,0.25,2.0,Washington,35.0,35,35,35.0,12.2,12.0,13,2.0,2.0,41.0,41.0,43.0,43.0,37.6,44.0,29.6,29.5,33,15.6,16
2.0,0.25,1.0,Washington,35.0,35,35,35.0,12.1,12.0,13,2.0,2.0,41.0,41.0,43.0,43.0,39.2,44.0,31.0,30.5,35,15.6,16
0.5,0.1,2.0,Michigan,35.1,30,53,33.5,29.2,29.5,31,0.4,1.0,43.5,41.5,53.1,53.0,63.5,63.0,21.0,20.5,28,30.9,36
0.5,0.25,0.5,Georgia,35.2,31,37,37.0,24.2,24.0,28,0.0,0.0,39.8,41.0,65.8,72.0,87.4,96.0,3.7,3.5,6,3.6,5
1.0,0.25,2.0,Georgia,35.2,31,37,37.0,58.2,58.0,61,0.0,0.0,55.3,56.5,71.0,73.0,95.4,98.0,5.4,5.5,9,4.7,7
2.0,0.25,1.0,Georgia,35.2,31,37,37.0,58.4,58.5,60,0.0,0.0,49.1,41.0,69.5,72.0,81.4,96.0,7.6,8.0,11,4.7,7
1.0,0.05,2.0,Kansas,35.2,31,37,37.0,56.3,56.5,59,0.3,1.0,38.7,39.0,41.3,40.0,28.0,28.0,36.4,36.0,42,15.1,18
1.0,0.1,2.0,Kansas,35.2,31,37,37.0,58.0,58.0,60,0.3,1.0,38.8,39.0,41.9,40.0,28.0,28.0,36.1,36.5,38,16.0,18
2.0,0.25,0.5,Kansas,35.2,31,37,37.0,56.8,56.5,60,0.3,1.0,38.5,39.0,39.8,40.0,28.0,28.0,40.5,41.0,42,16.2,18
1.0,0.1,1.0,Kansas,35.2,31,37,37.0,51.9,52.0,54,0.3,1.0,38.9,39.5,42.9,43.0,28.0,28.0,34.7,33.0,43,16.4,18
2.0,0.1,1.0,Kansas,35.2,31,37,37.0,57.9,58.0,62,0.3,1.0,38.9,39.5,42.0,40.5,28.0,28.0,41.9,41.5,47,16.8,19
2.0,0.05,2.0,Kansas,35.2,31,37,37.0,55.6,56.0,57,0.3,1.0,38.8,39.0,42.6,40.0,28.0,28.0,44.6,44.0,49,17.0,19
2.0,0.05,1.0,Kansas,35.2,31,37,37.0,54.0,54.0,57,0.3,1.0,38.8,39.0,42.5,40.0,28.0,28.0,40.6,40.0,47,18.1,20
2.0,0.25,2.0,Kansas,35.2,31,37,37.0,58.9,59.0,61,0.3,1.0,38.6,39.0,40.5,40.0,28.0,28.0,42.1,41.5,46,19.7,21
1.0,0.25,2.0,Maryland,35.4,35,37,35.0,12.7,12.5,15,0.2,1.0,42.3,37.5,57.4,54.0,35.0,39.0,18.9,19.5,23,2.6,5
1.0,0.25,1.0,Maryland,35.6,35,37,35.0,13.3,13.0,15,0.1,1.0,42.3,37.5,56.4,54.0,32.8,28.0,19.0,18.0,25,2.5,5
0.5,0.1,0.5,Washington,35.6,35,41,35.0,9.7,10.0,11,1.8,2.0,41.4,41.0,43.6,43.0,29.6,28.0,23.5,23.0,30,13.4,14
2.0,0.1,0.5,Washington,35.6,35,41,35.0,12.3,12.5,13,1.8,2.0,41.2,41.0,43.0,43.0,36.0,36.0,27.4,27.5,32,14.4,16
1.0,0.1,0.5,Washington,35.6,35,41,35.0,11.3,11.0,13,1.8,2.0,41.2,41.0,43.0,43.0,39.2,44.0,24.9,25.0,28,14.5,15
2.0,0.1,1.0,Washington,35.6,35,41,35.0,11.9,12.0,13,1.8,2.0,41.2,41.0,43.0,43.0,41.0,44.0,27.8,28.0,31,15.1,16
2.0,0.1,2.0,Washington,35.6,35,41,35.0,12.0,12.0,14,1.8,2.0,41.4,41.0,43.0,43.0,40.8,44.0,27.6,28.5,31,15.2,16
1.0,0.1,0.5,Michigan,35.6,30,49,33.5,29.4,29.5,32,0.3,1.0,43.2,41.5,52.2,53.0,63.6,63.0,19.0,19.0,24,28.0,30
1.0,0.25,2.0,New Mexico,35.8,35,37,35.0,11.5,11.5,12,0.0,0.0,39.0,37.0,42.4,42.0,28.0,28.0,25.1,25.5,28,2.5,3
1.0,0.25,0.5,Maryland,35.8,35,38,35.0,11.7,11.0,14,0.4,1.0,49.4,54.0,59.7,60.0,39.6,39.0,16.2,16.5,20,3.0,5
1.0,0.1,1.0,Georgia,35.8,31,37,37.0,52.6,53.0,54,0.0,0.0,65.8,72.0,81.0,74.0,90.6,98.0,4.5,5.0,6,4.3,7
0.5,0.25,1.0,Georgia,35.8,31,37,37.0,34.2,34.0,37,0.0,0.0,61.9,72.0,67.2,74.0,73.4,94.0,5.0,4.5,9,4.6,6
2.0,0.25,2.0,Georgia,35.8,31,37,37.0,58.7,58.5,61,0.0,0.0,46.4,41.0,69.3,72.0,68.0,92.0,7.1,7.0,10,5.1,6
0.5,0.05,0.5,Kansas,35.8,31,37,37.0,33.9,33.0,37,0.2,1.0,39.1,39.5,42.8,43.0,32.9,28.0,12.0,12.5,16,10.1,13
0.5,0.1,1.0,Kansas,35.8,31,37,37.0,42.9,43.0,46,0.2,1.0,39.1,39.5,42.5,40.5,30.2,28.0,18.2,18.5,20,12.7,14
1.0,0.05,0.5,Kansas,35.8,31,37,37.0,44.5,44.0,48,0.2,1.0,39.3,40.0,44.6,46.0,30.8,28.0,25.3,25.5,30,13.9,16
1.0,0.05,1.0,Kansas,35.8,31,37,37.0,49.4,49.5,52,0.2,1.0,39.3,40.0,44.2,46.0,28.0,28.0,32.0,32.0,34,16.3,19
2.0,0.1,2.0,Kansas,35.8,31,37,37.0,57.4,57.0,61,0.2,1.0,39.0,39.0,42.5,40.0,28.0,28.0,41.7,43.0,46,18.2,21
2.0,0.1,0.5,Maryland,35.9,35,38,35.0,13.0,13.0,15,0.1,1.0,52.0,54.0,67.6,65.5,28.0,28.0,14.9,15.5,19,1.5,4
0.5,0.25,2.0,Maryland,36.0,35,38,35.0,12.1,12.0,14,0.3,1.0,48.3,54.0,59.7,58.0,41.0,40.0,16.9,17.5,20,3.2,6
2.0,0.25,2.0,New Mexico,36.2,35,37,37.0,11.2,11.0,12,0.0,0.0,39.7,40.5,42.6,43.0,28.0,28.0,24.8,25.0,27,2.8,4
2.0,0.1,2.0,New Mexico,36.2,35,37,37.0,10.8,11.0,12,0.0,0.0,40.1,42.0,43.7,43.0,28.0,28.0,25.6,25.5,28,3.2,5
0.5,0.05,1.0,Washington,36.2,35,41,35.0,10.5,10.0,12,1.6,2.0,41.4,41.0,43.6,43.0,36.1,28.0,21.3,22.0,27,14.6,16
0.5,0.25,2.0,New Mexico,36.4,35,37,37.0,11.4,11.5,12,0.0,0.0,40.2,42.0,42.7,43.0,28.0,28.0,25.5,25.5,28,2.6,4
2.0,0.1,1.0,New Mexico,36.4,35,37,37.0,10.9,11.0,12,0.0,0.0,40.6,42.0,43.7,43.0,28.0,28.0,25.9,26.0,30,3.1,4
1.0,0.25,1.0,New Mexico,36.4,35,37,37.0,10.8,11.0,12,0.0,0.0,40.5,42.0,42.7,43.0,28.0,28.0,24.7,25.0,28,3.2,4
2.0,0.25,0.5,New Mexico,36.4,35,37,37.0,10.6,11.0,12,0.0,0.0,39.6,39.0,42.7,43.0,28.0,28.0,25.5,25.5,29,3.3,5
0.5,0.1,0.5,Georgia,36.4,31,37,37.0,22.2,22.5,25,0.0,0.0,56.3,56.5,76.3,74.0,108.55555555555556,96.0,2.6,3.0,6,3.5,5
1.0,0.25,0.5,Georgia,36.4,31,37,37.0,44.2,44.5,47,0.0,0.0,59.4,72.0,72.5,74.0,105.0,98.0,3.9,4.0,6,4.4,6
2.0,0.1,2.0,Georgia,36.4,31,37,37.0,56.5,56.0,61,0.0,0.0,64.1,72.0,77.1,74.0,70.2,94.0,5.0,5.0,7,5.1,7
0.5,0.05,1.0,Kansas,36.4,31,37,37.0,41.5,42.0,44,0.1,1.0,39.5,40.0,43.7,46.0,32.4,28.0,16.7,16.5,20,11.2,13
1.0,0.1,0.5,Kansas,36.4,31,37,37.0,47.8,48.5,51,0.1,1.0,39.2,39.0,42.3,40.0,28.0,28.0,27.6,27.5,33,14.3,18
0.5,0.05,2.0,Kansas,36.4,31,37,37.0,48.6,48.0,52,0.1,1.0,39.3,39.5,43.0,43.0,32.4,28.0,27.1,26.0,31,14.6,16
2.0,0.05,0.5,Kansas,36.4,31,37,37.0,53.1,53.0,55,0.1,1.0,39.5,40.0,43.7,46.0,28.0,28.0,39.1,40.0,45,16.3,19
0.5,0.1,2.0,Kansas,36.4,31,37,37.0,49.5,49.5,54,0.1,1.0,39.0,39.0,41.4,40.0,28.0,28.0,25.5,25.0,28,16.4,19
2.0,0.25,0.5,Maryland,36.5,35,38,37.0,12.4,12.5,14,0.1,1.0,41.3,38.0,56.5,54.0,35.2,39.0,19.0,19.0,23,2.9,4
ALL,ALL,ALL,California,36.59722222222222,33,80,33.0,4.308333333333334,4.0,10,19.070422535211268,31.0,106.54366197183099,108.0,164.57668711656441,159.0,28.0,28.0,73.34444444444445,77.0,93,32.208333333333336,35
1.0,0.1,2.0,New Mexico,36.6,35,37,37.0,11.6,11.5,13,0.0,0.0,40.7,42.0,45.7,43.0,28.0,28.0,25.8,26.0,28,2.3,4
0.5,0.25,1.0,New Mexico,36.6,35,37,37.0,10.3,10.0,11,0.0,0.0,41.0,42.0,42.8,43.0,28.0,28.0,21.7,22.0,25,2.4,3
0.5,0.05,0.5,New Mexico,36.8,35,37,37.0,8.4,8.0,10,0.0,0.0,42.9,42.5,49.5,52.0,28.0,28.0,20.3,21.0,23,1.6,4
0.5,0.1,0.5,New Mexico,36.8,35,37,37.0,9.1,9.0,10,0.0,0.0,41.3,42.0,44.0,43.0,28.0,28.0,18.8,18.5,22,1.9,2
1.0,0.1,0.5,New Mexico,36.8,35,37,37.0,11.3,11.0,12,0.0,0.0,41.6,42.0,44.7,43.0,28.0,28.0,22.4,22.5,25,2.0,3
2.0,0.25,1.0,New Mexico,36.8,35,37,37.0,11.5,12.0,12,0.0,0.0,40.6,42.0,42.9,43.0,28.0,28.0,24.0,24.0,27,2.5,4
1.0,0.25,0.5,New Mexico,36.8,35,37,37.0,11.1,11.5,12,0.0,0.0,40.9,42.0,42.9,43.0,28.0,28.0,22.9,22.5,28,2.6,4
0.5,0.1,2.0,New Mexico,36.8,35,37,37.0,10.8,11.0,12,0.0,0.0,41.5,42.0,43.3,43.0,28.0,28.0,25.5,25.5,29,2.7,4
1.0,0.1,1.0,New Mexico,36.8,35,37,37.0,10.9,11.0,12,0.0,0.0,41.6,42.0,43.8,43.0,28.0,28.0,24.3,24.5,27,2.9,4
0.5,0.05,0.5,Washington,36.8,35,41,35.0,9.7,9.5,12,1.4,2.0,41.8,41.0,43.6,43.0,29.8,28.0,20.5,21.5,25,12.3,14
2.0,0.05,1.0,Michigan,36.9,30,53,30.0,31.7,32.0,37,0.1,1.0,46.3,45.0,55.1,55.0,66.1,65.0,21.6,19.5,27,27.3,31
ALL,ALL,ALL,Kansas,36.92777777777778,31,74,37.0,47.922222222222224,49.0,62,0.29444444444444445,3.0,41.52777777777778,39.0,45.59444444444444,40.0,31.658333333333335,28.0,29.444444444444443,30.0,49,14.78888888888889,21
1.0,0.05,0.5,New Mexico,37.0,37,37,37.0,11.0,11.0,12,0.0,0.0,43.4,42.0,46.6,43.0,28.0,28.0,23.4,23.5,26,1.5,2
0.5,0.1,1.0,New Mexico,37.0,37,37,37.0,9.9,10.0,11,0.0,0.0,41.9,42.0,45.4,43.0,28.0,28.0,22.4,22.0,26,2.2,4
0.5,0.05,1.0,New Mexico,37.0,37,37,37.0,9.4,9.0,11,0.0,0.0,42.1,42.0,46.3,43.0,28.0,28.0,22.4,22.5,25,2.4,4
0.5,0.25,0.5,New Mexico,37.0,37,37,37.0,8.6,9.0,9,0.0,0.0,41.1,42.0,43.0,43.0,28.0,28.0,19.3,19.5,21,2.4,4
2.0,0.05,1.0,New Mexico,37.0,37,37,37.0,11.3,11.0,12,0.0,0.0,43.4,42.0,46.1,43.0,28.0,28.0,25.6,26.0,29,2.6,4
1.0,0.05,1.0,New Mexico,37.0,37,37,37.0,10.6,10.5,12,0.0,0.0,42.7,42.5,47.7,47.5,28.0,28.0,27.3,27.5,33,2.6,4
2.0,0.05,2.0,New Mexico,37.0,37,37,37.0,11.4,11.0,13,0.0,0.0,43.7,43.0,48.6,52.0,28.0,28.0,25.4,26.0,29,2.6,4
0.5,0.05,2.0,New Mexico,37.0,37,37,37.0,10.7,11.0,12,0.0,0.0,42.8,43.0,49.1,52.0,28.0,28.0,28.9,28.0,37,2.7,4
2.0,0.05,0.5,New Mexico,37.0,37,37,37.0,10.3,10.0,12,0.0,0.0,42.6,42.0,45.5,44.0,28.0,28.0,25.7,26.0,31,2.7,4
1.0,0.05,2.0,New Mexico,37.0,37,37,37.0,10.6,11.0,12,0.0,0.0,42.5,42.0,46.7,43.0,28.0,28.0,27.0,26.0,33,2.8,4
2.0,0.1,0.5,New Mexico,37.0,37,37,37.0,11.0,11.0,12,0.0,0.0,42.2,42.0,44.9,43.0,28.0,28.0,23.6,23.5,27,2.8,4
0.5,0.1,1.0,Georgia,37.0,37,37,37.0,32.1,32.5,34,0.0,0.0,62.2,72.0,81.5,79.5,113.0,96.0,3.9,3.5,7,4.4,6
1.0,0.1,2.0,Georgia,37.0,37,37,37.0,56.3,56.0,58,0.0,0.0,60.8,74.0,83.8,90.0,90.0,96.0,4.5,5.0,7,4.6,6
0.5,0.25,2.0,Georgia,37.0,37,37,37.0,53.1,53.0,56,0.0,0.0,53.6,41.0,74.1,73.0,88.9,98.0,4.5,4.0,7,4.7,6
2.0,0.1,1.0,Georgia,37.0,37,37,37.0,55.9,56.5,58,0.0,0.0,71.1,72.0,83.2,79.5,97.2,97.0,4.4,4.5,7,4.9,9
1.0,0.25,1.0,Georgia,37.0,37,37,37.0,54.8,54.5,58,0.0,0.0,62.9,72.0,74.5,74.0,86.0,97.0,4.6,4.0,9,5.0,6
2.0,0.1,0.5,Georgia,37.0,37,37,37.0,53.9,54.0,57,0.0,0.0,74.4,73.0,85.6,85.0,119.1,98.0,3.7,3.0,7,5.2,6
0.5,0.05,0.5,Oklahoma,37.0,37,37,37.0,23.3,23.0,27,0.0,0.0,52.7,58.0,58.3,63.0,28.0,28.0,11.5,12.5,15,5.9,9
0.5,0.1,0.5,Oklahoma,37.0,37,37,37.0,25.4,25.0,28,0.0,0.0,49.4,50.0,57.9,58.0,28.0,28.0,10.4,10.5,13,6.0,8
0.5,0.05,1.0,Oklahoma,37.0,37,37,37.0,28.7,29.0,31,0.0,0.0,55.9,58.0,61.5,63.0,28.0,28.0,13.7,14.0,16,6.2,8
0.5,0.25,0.5,Oklahoma,37.0,37,37,37.0,28.2,28.0,31,0.0,0.0,43.0,41.0,56.1,56.0,28.0,28.0,11.9,12.0,15,6.2,8
1.0,0.05,0.5,Oklahoma,37.0,37,37,37.0,32.5,33.0,35,0.0,0.0,57.6,58.0,62.0,63.0,28.0,28.0,16.6,16.5,20,6.8,9
0.5,0.1,1.0,Oklahoma,37.0,37,37,37.0,32.7,33.0,35,0.0,0.0,47.7,42.5,57.4,58.0,28.0,28.0,13.6,14.0,16,7.6,10
0.5,0.05,2.0,Oklahoma,37.0,37,37,37.0,34.7,34.5,37,0.0,0.0,52.7,58.0,60.8,63.0,28.0,28.0,17.5,18.0,23,7.9,10
0.5,0.25,1.0,Oklahoma,37.0,37,37,37.0,36.1,36.0,39,0.0,0.0,45.7,41.0,57.3,56.0,28.0,28.0,16.2,16.5,19,8.0,10
1.0,0.25,0.5,Oklahoma,37.0,37,37,37.0,38.6,38.5,41,0.0,0.0,41.0,41.0,53.1,56.0,28.0,28.0,17.6,18.5,23,8.1,9
1.0,0.1,0.5,Oklahoma,37.0,37,37,37.0,34.1,34.0,39,0.0,0.0,55.5,57.0,60.5,60.5,28.0,28.0,17.0,17.5,19,9.4,14
1.0,0.05,1.0,Oklahoma,37.0,37,37,37.0,33.8,34.5,37,0.0,0.0,55.9,58.0,62.0,63.0,28.0,28.0,21.1,21.5,26,10.4,16
0.5,0.1,2.0,Oklahoma,37.0,37,37,37.0,36.2,35.5,39,0.0,0.0,53.4,56.0,59.0,58.0,28.0,28.0,17.5,17.5,21,10.5,16
2.0,0.05,1.0,Oklahoma,37.0,37,37,37.0,39.8,40.0,42,0.0,0.0,54.6,58.0,61.6,63.0,28.0,28.0,24.0,24.0,29,10.8,14
1.0,0.1,1.0,Oklahoma,37.0,37,37,37.0,36.3,36.5,40,0.0,0.0,49.3,48.5,59.6,58.0,28.0,28.0,19.5,19.5,24,10.9,13
1.0,0.05,2.0,Oklahoma,37.0,37,37,37.0,36.5,36.5,38,0.0,0.0,54.2,58.0,61.2,63.0,28.0,28.0,21.8,21.5,26,11.2,14
1.0,0.25,1.0,Oklahoma,37.0,37,37,37.0,40.1,40.0,43,0.0,0.0,42.5,41.0,55.4,56.0,28.0,28.0,19.4,20.0,22,11.3,14
2.0,0.05,0.5,Oklahoma,37.0,37,37,37.0,36.0,36.0,39,0.0,0.0,53.8,56.0,60.0,58.0,28.0,28.0,22.7,22.5,26,11.4,14
2.0,0.1,0.5,Oklahoma,37.0,37,37,37.0,37.9,37.5,42,0.0,0.0,44.2,41.0,53.5,56.0,28.0,28.0,22.5,22.0,27,11.5,15
2.0,0.1,1.0,Oklahoma,37.0,37,37,37.0,40.6,41.0,44,0.0,0.0,49.4,50.0,59.4,58.0,28.0,28.0,25.8,26.0,34,11.6,13
2.0,0.05,2.0,Oklahoma,37.0,37,37,37.0,40.0,40.0,44,0.0,0.0,52.8,57.0,60.5,60.5,28.0,28.0,26.9,26.0,31,11.8,15
2.0,0.1,2.0,Oklahoma,37.0,37,37,37.0,40.6,40.5,45,0.0,0.0,53.0,56.0,58.5,58.0,28.0,28.0,28.7,28.0,35,11.8,15
0.5,0.25,2.0,Oklahoma,37.0,37,37,37.0,40.8,40.0,44,0.0,0.0,41.3,41.0,52.1,56.0,28.0,28.0,16.9,18.0,21,12.0,15
2.0,0.25,0.5,Oklahoma,37.0,37,37,37.0,41.3,42.0,43,0.0,0.0,42.5,41.0,54.5,56.0,28.0,28.0,23.2,22.5,31,12.1,15
1.0,0.1,2.0,Oklahoma,37.0,37,37,37.0,38.0,39.0,42,0.0,0.0,46.1,41.0,59.4,58.0,28.0,28.0,24.7,24.5,30,13.0,16
2.0,0.25,2.0,Oklahoma,37.0,37,37,37.0,43.7,43.5,47,0.0,0.0,45.7,41.0,56.1,56.0,28.0,28.0,29.1,30.5,35,13.4,16
2.0,0.25,1.0,Oklahoma,37.0,37,37,37.0,41.4,41.0,44,0.0,0.0,44.2,41.0,52.8,56.0,28.0,28.0,26.9,25.5,33,14.3,18
1.0,0.25,2.0,Oklahoma,37.0,37,37,37.0,41.0,40.5,44,0.0,0.0,41.0,41.0,56.6,57.0,28.0,28.0,25.6,24.5,34,14.4,17
2.0,0.05,0.5,Washington,37.4,35,41,35.0,12.5,12.0,14,1.2,2.0,41.8,41.0,44.2,43.0,37.6,36.0,23.2,22.0,30,13.6,15
1.0,0.05,1.0,Washington,37.4,35,41,35.0,11.7,12.0,14,1.2,2.0,41.8,41.0,43.0,43.0,44.0,44.0,23.2,24.5,27,14.7,17
0.5,0.25,0.5,Minnesota,37.5,37,42,37.0,28.7,29.0,34,0.3,3.0,42.0,42.0,44.1,44.0,32.8,28.0,48.1,48.5,53,43.1,49
0.5,0.25,1.0,Maryland,37.6,35,54,35.0,12.4,12.0,13,0.2,1.0,46.6,46.0,58.5,58.0,43.7,41.0,16.4,16.5,23,2.6,4
2.0,0.05,1.0,Washington,37.6,35,43,35.0,12.5,12.0,15,1.2,2.0,42.6,42.0,45.4,43.0,39.5,44.0,24.1,23.5,32,14.1,16
0.5,0.25,0.5,Maryland,37.7,35,54,35.0,11.4,12.0,13,0.5,1.0,52.0,54.0,59.3,58.0,43.3,41.0,14.5,15.0,18,2.6,4
1.0,0.01,0.5,California,37.7,33,80,33.0,2.9,3.0,4,18.375,25.0,109.125,112.5,175.42857142857142,154.0,28.0,28.0,59.3,60.0,67,30.2,32
0.5,0.05,2.0,Michigan,37.8,30,53,33.5,31.3,31.5,36,0.2,1.0,52.1,53.0,56.9,57.0,68.0,63.0,21.7,20.0,28,25.8,30
1.0,0.01,0.5,Kansas,37.9,37,46,37.0,35.0,35.5,39,0.0,0.0,45.3,40.0,52.6,48.0,35.6,28.0,20.1,21.0,25,12.2,19
1.0,0.05,0.5,Washington,38.0,35,41,38.0,11.3,11.0,13,1.0,2.0,42.0,42.0,43.0,43.0,37.9,36.0,20.9,21.0,28,13.7,16
0.5,0.25,0.5,Idaho,38.0,38,38,38.0,7.9,8.0,10,0.0,0.0,39.0,39.0,39.4,39.0,28.0,28.0,57.0,57.5,60,17.6,20
0.5,0.1,2.0,Idaho,38.0,38,38,38.0,10.3,10.0,12,0.0,0.0,39.0,39.0,40.4,39.0,28.0,28.0,59.1,59.0,64,18.3,20
0.5,0.25,1.0,Idaho,38.0,38,38,38.0,8.5,8.5,9,0.0,0.0,39.0,39.0,39.1,39.0,28.0,28.0,60.5,61.0,67,18.6,20
2.0,0.25,1.0,Idaho,38.0,38,38,38.0,11.1,11.0,13,0.0,0.0,39.0,39.0,39.0,39.0,28.0,28.0,65.8,66.0,71,18.6,20
1.0,0.25,1.0,Idaho,38.0,38,38,38.0,10.8,11.0,12,0.0,0.0,39.0,39.0,39.0,39.0,28.0,28.0,62.6,63.0,66,18.7,20
2.0,0.25,2.0,Idaho,38.0,38,38,38.0,11.0,11.0,13,0.0,0.0,39.0,39.0,39.5,39.0,28.0,28.0,65.2,65.5,73,18.7,20
1.0,0.25,0.5,Idaho,38.0,38,38,38.0,9.0,9.0,11,0.0,0.0,39.0,39.0,39.4,39.0,28.0,28.0,60.1,59.0,64,18.8,21
1.0,0.25,2.0,Idaho,38.0,38,38,38.0,10.8,11.0,13,0.0,0.0,39.0,39.0,39.1,39.0,28.0,28.0,65.1,66.0,70,19.0,21
2.0,0.25,0.5,Idaho,38.0,38,38,38.0,10.6,10.5,12,0.0,0.0,39.0,39.0,39.5,39.0,28.0,28.0,62.1,61.0,70,19.2,21
1.0,0.1,1.0,Idaho,38.0,38,38,38.0,9.1,9.0,10,0.0,0.0,39.0,39.0,41.1,39.0,28.0,28.0,58.7,58.5,66,19.7,22
2.0,0.25,0.5,Georgia,38.1,31,72,37.0,58.2,58.0,61,0.0,0.0,48.9,41.0,61.3,72.0,85.5,96.0,6.4,7.0,9,4.7,6
1.0,0.1,0.5,Idaho,38.1,38,39,38.0,8.3,8.0,10,0.0,0.0,39.0,39.0,43.6,44.0,28.0,28.0,55.1,54.0,62,18.4,20
0.5,0.25,2.0,Idaho,38.1,38,39,38.0,10.4,11.0,12,0.0,0.0,39.0,39.0,41.4,41.0,28.0,28.0,63.8,63.5,69,18.9,21
1.0,0.1,2.0,Idaho,38.1,38,39,38.0,10.0,10.0,12,0.0,0.0,39.0,39.0,41.2,39.0,28.0,28.0,60.3,60.5,64,19.2,21
2.0,0.1,0.5,Idaho,38.1,38,39,38.0,10.1,10.0,12,0.0,0.0,39.3,39.0,40.9,39.0,28.0,28.0,61.0,62.0,64,19.3,21
2.0,0.1,1.0,Idaho,38.1,38,39,38.0,9.7,10.0,12,0.2,2.0,39.8,39.0,44.2,43.0,28.0,28.0,58.8,59.0,63,19.7,22
0.5,0.05,2.0,Washington,38.2,35,43,38.0,10.5,10.5,14,1.0,2.0,42.0,42.0,44.8,43.0,41.0,44.0,21.9,22.0,26,14.8,18
2.0,0.1,2.0,Idaho,38.2,38,39,38.0,10.1,10.5,12,0.0,0.0,39.0,39.0,40.5,39.0,28.0,28.0,58.2,58.0,64,19.2,21
1.0,0.05,1.0,Idaho,38.2,38,39,38.0,9.4,10.0,11,0.2,2.0,39.8,39.0,44.8,44.0,28.0,28.0,56.8,55.5,69,19.3,21
2.0,0.05,2.0,Idaho,38.2,38,39,38.0,9.2,9.5,11,0.4,3.0,40.6,39.0,47.3,39.0,28.0,28.0,56.1,57.5,62,19.8,23
2.0,0.25,1.0,Maryland,38.3,35,58,36.0,13.2,13.0,15,0.2,1.0,47.2,46.0,60.6,59.0,37.4,33.5,16.2,16.5,23,2.7,4
0.5,0.1,1.0,Idaho,38.3,38,39,38.0,8.3,8.0,10,0.3,3.0,39.8,39.0,41.3,39.0,28.0,28.0,53.4,51.5,61,17.7,19
0.5,0.05,2.0,Idaho,38.3,38,39,38.0,10.5,10.5,14,0.4,4.0,40.1,39.0,43.1,39.0,28.0,28.0,56.6,57.5,60,17.9,20
1.0,0.05,0.5,Idaho,38.3,38,39,38.0,7.3,8.0,9,0.6,4.0,40.3,39.0,45.5,47.0,28.0,28.0,49.7,51.5,60,18.2,21
2.0,0.25,2.0,Minnesota,38.3,37,42,37.0,30.2,29.5,36,0.2,1.0,42.0,42.0,44.2,44.0,29.6,28.0,58.8,59.5,66,45.6,50
ALL,ALL,ALL,New Mexico,38.325,35,88,37.0,10.2,10.0,13,0.06666666666666667,2.0,45.34444444444444,42.0,51.547222222222224,43.0,28.0,28.0,23.616666666666667,24.0,37,2.422222222222222,5
0.5,0.05,0.5,Idaho,38.4,38,39,38.0,6.2,6.0,7,0.2,2.0,39.8,39.0,45.2,47.0,28.0,28.0,47.8,47.5,55,16.6,19
0.5,0.1,0.5,Idaho,38.4,38,39,38.0,6.7,7.0,9,1.2,6.0,40.8,39.0,47.8,43.5,28.0,28.0,51.6,51.0,55,17.1,19
2.0,0.05,1.0,Idaho,38.4,38,39,38.0,9.4,9.5,11,0.3,2.0,40.3,39.0,44.4,43.0,28.0,28.0,60.0,59.5,65,19.5,22
1.0,0.05,2.0,Idaho,38.4,38,39,38.0,7.8,8.0,9,0.4,3.0,40.6,39.0,46.2,47.0,28.0,28.0,57.8,58.0,62,20.5,22
2.0,0.05,0.5,Idaho,38.5,38,39,38.5,9.2,9.0,13,0.4,3.0,40.6,39.0,50.7,45.5,28.0,28.0,59.4,59.0,63,19.5,22
2.0,0.25,0.5,Minnesota,38.5,37,42,37.0,30.5,30.0,36,0.4,2.0,42.4,42.0,44.7,44.0,32.6,28.0,58.2,58.5,61,44.9,48
1.0,0.05,2.0,Washington,38.6,35,41,41.0,13.3,13.0,14,0.8,2.0,42.2,43.0,43.6,43.0,48.9,52.0,21.7,21.5,26,13.5,15
0.5,0.05,1.0,Idaho,38.6,38,39,39.0,6.9,7.0,9,0.4,2.0,40.6,39.0,47.3,47.0,28.0,28.0,51.0,51.0,55,18.0,20
0.5,0.05,0.5,Michigan,38.8,30,53,37.0,24.8,25.0,27,0.6,1.0,50.6,53.0,54.7,55.0,66.2,63.0,15.6,16.0,18,24.3,28
0.5,0.25,1.0,Colorado,38.9,38,41,38.0,17.2,17.5,18,0.5,3.0,42.5,41.0,49.3,50.0,28.0,28.0,28.9,29.0,33,10.0,11
0.5,0.25,1.0,Wyoming,39.0,39,39,39.0,13.0,13.0,13,0.0,0.0,42.0,42.0,42.0,42.0,70.0,70.0,1.0,1.0,1,0.0,0
1.0,0.25,0.5,Wyoming,39.0,39,39,39.0,13.0,13.0,13,0.0,0.0,42.0,42.0,42.0,42.0,70.0,70.0,1.0,1.0,1,0.0,0
1.0,0.25,2.0,Wyoming,39.0,39,39,39.0,13.0,13.0,13,0.0,0.0,42.0,42.0,42.0,42.0,70.0,70.0,1.5,1.5,2,0.0,0
2.0,0.25,1.0,Wyoming,39.0,39,39,39.0,13.0,13.0,13,0.0,0.0,42.0,42.0,42.0,42.0,70.0,70.0,1.0,1.0,1,0.0,0
0.5,0.25,0.5,Wyoming,39.0,39,39,39.0,13.0,13.0,13,0.0,0.0,42.0,42.0,42.0,42.0,70.0,70.0,1.0,1.0,1,0.0,0
1.0,0.25,1.0,Wyoming,39.0,39,39,39.0,13.0,13.0,13,0.0,0.0,42.0,42.0,42.0,42.0,70.0,70.0,2.0,2.0,2,0.0,0
2.0,0.25,2.0,Wyoming,39.0,39,39,39.0,13.0,13.0,13,0.0,0.0,42.0,42.0,42.0,42.0,70.0,70.0,1.0,1.0,1,0.0,0
2.0,0.25,0.5,Wyoming,39.0,39,39,39.0,13.0,13.0,13,0.0,0.0,42.0,42.0,42.0,42.0,70.0,70.0,2.0,2.0,2,0.0,0
0.5,0.1,2.0,Wyoming,39.0,39,39,39.0,13.0,13.0,13,0.0,0.0,42.0,42.0,42.8,42.0,70.0,70.0,1.0,1.0,1,0.0,0
1.0,0.1,1.0,Wyoming,39.0,39,39,39.0,13.0,13.0,13,0.0,0.0,42.0,42.0,44.6,42.0,70.0,70.0,2.0,2.0,2,0.0,0
0.5,0.25,2.0,Minnesota,39.0,37,42,37.0,29.1,29.5,33,0.5,2.0,42.6,42.0,44.5,44.0,34.4,28.0,57.3,58.0,64,45.6,51
2.0,0.01,0.5,New Mexico,39.1,37,45,37.0,9.4,9.5,11,0.7,2.0,58.1,55.0,76.8,76.0,28.0,28.0,24.0,24.0,31,2.2,4
2.0,0.25,1.0,Minnesota,39.1,37,42,38.5,30.6,30.5,34,0.4,2.0,42.6,42.0,44.8,44.0,32.8,28.0,59.5,60.5,62,45.3,50
1.0,0.25,1.0,Colorado,39.2,38,41,38.0,19.0,19.0,20,1.2,3.0,44.6,41.0,49.3,50.0,28.0,28.0,31.6,31.0,34,11.3,12
0.5,0.25,2.0,Wyoming,39.3,39,42,39.0,13.0,13.0,13,0.0,0.0,42.0,42.0,43.3,42.0,70.0,70.0,1.0,1.0,1,0.0,0
2.0,0.1,1.0,Wyoming,39.3,39,42,39.0,12.9,13.0,13,0.0,0.0,42.0,42.0,44.7,46.0,70.0,70.0,1.0,1.0,1,0.1,1
1.0,0.1,0.5,Wyoming,39.3,39,42,39.0,12.8,13.0,13,0.0,0.0,42.0,42.0,44.1,42.0,70.0,70.0,0.8571428571428571,1.0,1,0.1,1
1.0,0.1,2.0,Wyoming,39.3,39,42,39.0,12.9,13.0,13,0.0,0.0,42.0,42.0,45.2,44.0,70.0,70.0,1.2,1.0,2,0.1,1
2.0,0.1,0.5,Wyoming,39.3,39,42,39.0,12.9,13.0,13,0.0,0.0,42.0,42.0,43.5,42.0,70.0,70.0,1.8,2.0,2,0.1,1
ALL,ALL,ALL,Oklahoma,39.388888888888886,37,81,37.0,33.8,35.0,47,0.0,0.0,52.90277777777778,56.0,61.325,63.0,29.788888888888888,28.0,18.905555555555555,19.0,35,8.536111111111111,18
2.0,0.05,0.5,Michigan,39.4,30,57,37.0,31.4,32.0,35,0.0,0.0,50.1,53.0,57.2,55.0,65.9,64.0,18.4,19.0,20,26.0,31
ALL,ALL,ALL,Washington,39.46388888888889,35,106,35.0,10.894444444444444,11.0,15,1.336111111111111,2.0,46.580555555555556,41.0,52.19166666666667,43.0,38.019444444444446,44.0,22.91111111111111,25.0,35,14.294444444444444,18
1.0,0.1,0.5,Georgia,39.5,31,74,37.0,41.4,41.5,46,0.0,0.0,62.6,72.0,74.0,74.0,98.2,96.0,3.8,2.5,11,4.6,6
1.0,0.25,2.0,Colorado,39.5,38,41,39.5,21.4,21.0,24,1.1,3.0,44.2,42.0,49.3,50.0,28.0,28.0,33.4,33.0,38,11.1,12
2.0,0.25,2.0,Colorado,39.5,38,41,39.5,21.6,21.5,23,0.9,3.0,43.6,42.0,49.4,50.0,28.0,28.0,31.0,31.0,33,11.1,13
2.0,0.25,1.0,Colorado,39.5,38,41,39.5,21.2,21.0,23,1.5,3.0,45.5,45.5,48.7,50.0,28.0,28.0,33.8,33.5,37,11.2,12
0.5,0.1,0.5,Minnesota,39.5,37,42,39.5,28.2,28.5,30,0.4,1.0,42.6,42.0,45.0,44.0,37.6,44.0,47.8,47.0,53,42.2,46
1.0,0.05,1.0,Wyoming,39.6,39,42,39.0,12.8,13.0,13,0.0,0.0,43.7,42.0,48.3,47.5,121.77777777777777,70.0,1.5555555555555556,1.0,3,0.0,0
2.0,0.05,2.0,Wyoming,39.6,39,42,39.0,13.0,13.0,13,0.0,0.0,43.7,42.0,51.8,55.0,70.0,70.0,1.0,1.0,1,0.0,0
2.0,0.1,2.0,Wyoming,39.6,39,42,39.0,12.8,13.0,13,0.0,0.0,42.0,42.0,42.8,42.0,70.0,70.0,1.0,1.0,1,0.2,1
1.0,0.05,1.0,Michigan,39.6,30,53,37.0,30.2,30.5,35,0.2,1.0,48.8,53.0,55.2,55.0,68.5,65.0,20.5,20.5,26,28.0,32
1.0,0.25,0.5,Minnesota,39.6,37,42,40.0,29.8,29.5,33,0.5,3.0,42.6,42.0,44.5,44.0,34.4,28.0,53.2,54.0,60,44.6,48
2.0,0.25,0.5,Colorado,39.8,38,41,41.0,22.0,22.0,23,1.8,3.0,46.4,50.0,49.4,50.0,28.0,28.0,31.6,31.0,34,10.8,12
0.5,0.25,2.0,Colorado,39.8,38,41,41.0,18.3,18.5,19,1.2,3.0,44.4,43.0,49.4,50.0,28.0,28.0,29.7,30.0,34,11.6,13
1.0,0.05,0.5,Wyoming,39.9,39,42,39.0,12.4,12.0,13,0.0,0.0,42.4,42.0,49.0,49.0,95.88888888888889,70.0,1.1111111111111112,1.0,2,0.0,0
0.5,0.1,1.0,Wyoming,39.9,39,42,39.0,12.5,13.0,13,0.0,0.0,43.1,42.0,45.7,42.0,70.0,70.0,1.2,1.0,2,0.3,2
0.5,0.01,0.5,Kansas,39.9,31,70,37.0,22.7,23.0,27,0.1,1.0,46.1,40.0,57.6,56.0,42.0,31.5,10.3,10.0,15,8.2,11
2.0,0.05,2.0,Pennsylvania,40.0,40,40,40.0,46.9,45.5,52,0.1,1.0,63.3,68.0,70.2,68.0,74.5,71.0,30.0,30.0,41,12.9,16
0.5,0.05,1.0,Pennsylvania,40.0,40,40,40.0,44.4,44.5,51,0.0,0.0,59.0,59.0,65.2,68.0,60.4,61.0,35.2,34.5,42,13.7,19
0.5,0.25,1.0,Pennsylvania,40.0,40,40,40.0,45.6,45.0,49,0.0,0.0,53.1,51.0,56.0,55.0,55.2,54.0,44.5,44.0,51,14.0,17
2.0,0.25,1.0,Pennsylvania,40.0,40,40,40.0,45.9,46.0,48,0.0,0.0,54.4,54.0,57.5,58.0,55.2,54.0,46.6,47.0,50,14.1,17
2.0,0.05,0.5,Pennsylvania,40.0,40,40,40.0,44.8,45.0,48,0.0,0.0,61.6,63.5,69.0,68.0,62.4,65.5,32.0,33.0,38,14.4,18
0.5,0.25,0.5,Pennsylvania,40.0,40,40,40.0,40.3,40.0,43,0.0,0.0,53.3,52.5,57.3,58.0,55.9,54.0,38.3,37.5,47,14.5,16
1.0,0.25,2.0,Pennsylvania,40.0,40,40,40.0,45.4,45.0,49,0.0,0.0,53.1,51.0,56.4,55.0,54.0,54.0,43.3,42.5,50,14.6,17
0.5,0.25,2.0,Pennsylvania,40.0,40,40,40.0,45.4,45.5,48,0.0,0.0,52.3,51.0,57.7,58.0,57.0,57.0,45.1,45.0,51,14.6,16
1.0,0.25,1.0,Pennsylvania,40.0,40,40,40.0,45.4,45.5,47,0.0,0.0,53.8,51.0,57.3,58.0,54.6,54.0,46.9,48.0,51,14.6,17
2.0,0.25,2.0,Pennsylvania,40.0,40,40,40.0,45.3,45.0,47,0.0,0.0,52.3,51.0,55.9,55.0,56.4,54.0,45.8,45.5,53,14.7,18
1.0,0.1,2.0,Pennsylvania,40.0,40,40,40.0,45.0,45.5,48,0.2,2.0,56.7,54.5,60.8,58.5,59.6,57.0,42.9,42.5,50,14.7,20
0.5,0.1,0.5,Pennsylvania,40.0,40,40,40.0,39.1,39.0,42,0.0,0.0,55.9,58.0,61.0,59.0,52.7,60.0,34.4,34.0,40,14.9,17
1.0,0.05,1.0,Pennsylvania,40.0,40,40,40.0,44.4,44.5,50,0.0,0.0,60.9,59.0,68.0,68.0,62.0,57.0,35.2,36.0,46,15.0,18
2.0,0.05,1.0,Pennsylvania,40.0,40,40,40.0,44.9,43.5,49,0.1,1.0,60.6,59.0,67.2,68.0,65.1,65.5,36.0,35.5,44,15.1,18
0.5,0.05,0.5,Pennsylvania,40.0,40,40,40.0,37.7,39.0,41,0.2,1.0,60.4,59.0,65.4,65.0,60.2,60.5,31.9,31.0,41,15.1,19
0.5,0.05,2.0,Pennsylvania,40.0,40,40,40.0,44.3,44.0,49,0.0,0.0,61.1,59.0,68.7,68.0,65.7,60.0,34.9,37.0,44,15.1,19
2.0,0.1,2.0,Pennsylvania,40.0,40,40,40.0,44.9,44.5,49,0.0,0.0,59.4,58.5,62.1,60.5,59.2,57.0,42.1,44.0,48,15.1,17
1.0,0.05,2.0,Pennsylvania,40.0,40,40,40.0,44.5,44.5,48,0.1,1.0,62.5,63.5,68.0,68.0,63.3,61.5,35.2,37.5,43,15.3,20
0.5,0.1,2.0,Pennsylvania,40.0,40,40,40.0,44.6,44.5,49,0.1,1.0,59.0,58.5,62.8,61.5,59.5,60.0,43.3,44.0,49,15.3,20
2.0,0.25,0.5,Pennsylvania,40.0,40,40,40.0,44.6,45.0,47,0.0,0.0,51.3,51.0,55.8,55.0,54.6,54.0,46.4,46.5,51,15.4,18
1.0,0.25,0.5,Pennsylvania,40.0,40,40,40.0,44.3,44.0,47,0.0,0.0,54.5,54.5,57.1,58.5,55.2,54.0,46.5,45.0,53,15.6,18
2.0,0.1,0.5,Pennsylvania,40.0,40,40,40.0,43.9,43.5,49,0.0,0.0,56.7,58.5,61.1,60.5,57.8,60.0,40.3,39.0,45,16.0,19
2.0,0.1,1.0,Pennsylvania,40.0,40,40,40.0,43.9,43.5,47,0.0,0.0,56.8,58.0,59.7,59.0,54.6,57.0,40.7,42.0,45,16.1,19
1.0,0.1,1.0,Pennsylvania,40.0,40,40,40.0,43.7,44.0,46,0.0,0.0,59.0,59.0,63.9,62.0,58.9,60.0,43.5,44.0,55,16.1,20
1.0,0.1,0.5,Pennsylvania,40.0,40,40,40.0,42.5,43.0,47,0.0,0.0,58.8,58.0,62.1,59.0,61.1,60.0,40.3,40.5,48,16.2,22
0.5,0.1,1.0,Pennsylvania,40.0,40,40,40.0,42.4,42.5,46,0.0,0.0,57.6,58.0,61.6,59.0,52.7,60.0,39.0,39.5,43,16.6,20
1.0,0.05,0.5,Pennsylvania,40.0,40,40,40.0,41.8,42.0,45,0.0,0.0,59.9,58.5,63.8,65.0,62.7,61.0,36.2,37.0,45,16.9,20
0.5,0.1,2.0,Georgia,40.1,31,74,37.0,51.1,51.0,55,0.0,0.0,69.1,73.0,85.6,86.5,101.0,97.0,4.4,4.0,7,3.4,6
0.5,0.05,0.5,Colorado,40.1,38,41,41.0,15.6,16.0,18,1.8,3.0,47.2,50.0,50.7,50.0,30.8,28.0,20.7,21.0,23,9.8,12
0.5,0.1,1.0,Colorado,40.1,38,41,41.0,16.7,16.5,18,2.0,3.0,47.2,50.0,50.0,50.0,28.0,28.0,29.1,29.0,34,10.2,12
2.0,0.1,2.0,Colorado,40.1,38,41,41.0,21.6,21.0,23,2.0,3.0,47.3,50.0,50.8,50.0,28.0,28.0,33.9,33.5,37,11.1,12
0.5,0.25,1.0,Minnesota,40.1,37,42,41.0,29.9,29.5,34,0.7,3.0,43.0,43.0,45.1,45.5,32.8,28.0,52.3,52.5,62,43.1,48
0.5,0.05,0.5,Wyoming,40.2,39,42,39.0,11.3,11.5,12,0.0,0.0,46.7,44.0,51.1,55.0,70.0,70.0,1.0,1.0,1,0.1,1
0.5,0.1,0.5,Wyoming,40.2,39,42,39.0,12.1,12.0,13,0.0,0.0,42.0,42.0,46.6,46.0,70.0,70.0,1.0,1.0,1,0.2,1
0.5,0.05,2.0,Wyoming,40.3,39,46,39.0,12.4,13.0,13,0.0,0.0,46.3,42.0,51.6,55.0,99.0,70.0,0.875,1.0,1,0.3,2
1.0,0.1,0.5,Minnesota,40.3,37,42,42.0,30.5,31.0,35,0.8,2.0,43.2,44.0,46.0,47.0,39.0,44.0,55.6,55.5,60,42.4,46
1.0,0.25,2.0,Minnesota,40.3,37,42,42.0,30.8,30.0,37,0.9,3.0,43.2,44.0,45.6,47.0,29.6,28.0,57.0,57.0,65,45.6,48
0.5,0.25,0.5,Colorado,40.4,38,41,41.0,18.3,18.0,20,2.2,3.0,47.6,50.0,50.0,50.0,28.0,28.0,23.2,23.0,25,9.4,10
0.5,0.05,1.0,Colorado,40.4,38,41,41.0,16.3,16.0,18,2.1,3.0,47.9,49.5,49.2,50.0,28.0,28.0,28.2,28.5,30,9.9,11
2.0,0.1,0.5,Colorado,40.4,38,41,41.0,21.6,21.5,24,1.9,3.0,47.7,49.0,49.8,50.0,28.0,28.0,32.8,32.5,37,10.3,12
1.0,0.25,0.5,Colorado,40.4,38,41,41.0,17.8,17.5,19,1.8,3.0,46.2,47.0,48.6,50.0,28.0,28.0,30.0,30.0,32,10.4,12
2.0,0.05,0.5,Colorado,40.4,38,41,41.0,20.3,20.5,22,1.8,3.0,47.8,49.0,50.3,50.0,28.0,28.0,31.7,32.0,35,10.9,13
1.0,0.05,2.0,Colorado,40.4,38,41,41.0,20.8,21.0,22,2.2,3.0,48.0,50.0,50.5,50.0,28.0,28.0,34.5,33.5,40,11.2,13
2.0,0.05,0.5,Wyoming,40.5,39,42,40.5,12.5,12.5,13,0.0,0.0,44.6,42.0,49.8,47.5,128.25,70.0,1.625,1.0,3,0.1,1
0.5,0.05,1.0,Georgia,40.5,37,72,37.0,28.0,27.5,32,0.0,0.0,83.8,90.0,96.0,96.0,162.5,135.0,2.5,2.5,4,3.3,6
0.5,0.1,1.0,Minnesota,40.5,37,42,42.0,30.4,30.0,37,0.8,2.0,43.4,44.0,45.9,47.0,36.2,36.0,56.6,56.5,62,41.7,47
1.0,0.1,2.0,Minnesota,40.5,37,42,42.0,31.5,32.0,34,0.7,1.0,43.4,44.0,46.3,47.0,34.4,28.0,59.8,60.0,64,43.0,48
1.0,0.25,1.0,Minnesota,40.5,37,42,42.0,30.7,31.5,33,1.1,2.0,43.2,44.0,45.9,47.0,28.0,28.0,57.7,58.0,64,44.0,48
1.0,0.01,0.5,New Mexico,40.7,37,66,37.0,8.0,8.0,9,0.1,1.0,52.6,48.0,67.4,62.0,28.0,28.0,20.9,21.5,25,2.3,5
0.5,0.1,0.5,Colorado,40.7,38,41,41.0,17.0,17.0,19,2.5,3.0,48.9,50.0,50.0,50.0,28.0,28.0,21.8,22.0,24,9.7,12
1.0,0.1,0.5,Colorado,40.7,38,41,41.0,16.8,17.0,18,2.7,3.0,49.1,50.0,50.0,50.0,28.0,28.0,30.1,30.0,32,10.4,12
1.0,0.05,0.5,Colorado,40.7,38,41,41.0,16.9,17.0,19,2.5,3.0,48.9,50.0,50.9,50.0,29.4,28.0,28.6,29.0,31,10.5,13
2.0,0.1,1.0,Colorado,40.7,38,41,41.0,21.6,22.0,23,2.6,3.0,49.0,50.0,50.0,50.0,28.0,28.0,32.2,32.5,36,10.6,12
1.0,0.05,1.0,Colorado,40.7,38,41,41.0,17.9,18.0,20,2.2,3.0,48.9,50.0,50.6,50.0,29.4,28.0,30.8,31.0,34,11.1,13
1.0,0.1,1.0,Colorado,40.7,38,41,41.0,18.2,18.0,20,2.6,3.0,49.1,50.0,50.3,50.0,28.0,28.0,32.0,31.5,36,11.3,13
0.5,0.1,2.0,Colorado,40.7,38,41,41.0,18.2,18.5,21,2.4,3.0,48.3,50.0,49.9,50.0,28.0,28.0,30.1,30.0,34,11.5,12
0.5,0.05,2.0,Colorado,40.7,38,41,41.0,16.9,17.0,18,2.1,3.0,48.2,50.0,50.0,50.0,29.4,28.0,30.7,31.5,37,11.6,14
2.0,0.25,2.0,Maryland,40.8,35,58,37.0,13.3,13.0,16,0.2,1.0,47.3,46.0,59.8,58.0,40.8,39.0,17.7,19.5,23,2.7,4
0.5,0.1,2.0,Minnesota,40.8,37,42,42.0,28.4,28.0,34,0.9,2.0,43.4,44.0,46.4,47.0,34.4,28.0,60.4,61.0,69,45.8,49
ALL,ALL,ALL,Idaho,40.830555555555556,38,89,38.0,9.152777777777779,9.0,16,0.49444444444444446,8.0,45.327777777777776,39.0,50.53333333333333,44.0,28.466666666666665,28.0,54.208333333333336,56.0,73,17.819444444444443,23
2.0,0.05,1.0,Wyoming,40.9,39,49,39.0,12.5,12.5,13,0.0,0.0,47.9,45.5,54.2,55.0,119.25,70.0,1.375,1.0,3,0.0,0
1.0,0.25,0.5,Indiana,40.9,39,46,39.0,56.1,56.5,60,0.0,0.0,45.6,46.0,47.2,46.0,37.5,28.0,25.1,24.5,32,14.4,18
2.0,0.05,1.0,Colorado,41.0,41,41,41.0,21.3,21.0,22,2.9,3.0,50.2,50.0,51.6,50.0,30.8,28.0,32.1,31.0,41,10.8,12
2.0,0.05,2.0,Colorado,41.0,41,41,41.0,20.8,20.5,22,2.7,3.0,49.7,50.0,50.3,50.0,28.0,28.0,33.5,33.5,38,10.8,12
1.0,0.1,2.0,Colorado,41.0,41,41,41.0,20.6,21.0,22,2.8,3.0,49.8,50.0,50.0,50.0,28.0,28.0,33.9,34.0,37,11.3,13
1.0,0.05,1.0,Minnesota,41.0,37,42,42.0,31.3,31.0,36,0.7,1.0,43.6,44.0,47.0,48.0,31.2,28.0,61.7,63.5,68,40.7,43
1.0,0.05,0.5,Minnesota,41.0,37,42,42.0,30.4,31.0,34,0.8,2.0,43.6,44.0,46.6,47.0,34.1,28.0,60.1,60.0,71,41.0,46
2.0,0.05,0.5,Minnesota,41.0,37,42,42.0,31.2,31.5,33,0.8,2.0,43.6,44.0,46.6,47.0,38.9,44.0,63.2,61.0,76,42.0,45
2.0,0.1,2.0,Minnesota,41.0,37,42,42.0,29.7,29.0,34,1.1,2.0,43.6,44.0,46.2,47.0,29.6,28.0,61.6,61.5,71,44.5,48
1.0,0.1,2.0,Maryland,41.1,35,66,37.0,12.9,13.0,15,0.2,1.0,50.3,46.0,64.5,58.0,29.3,28.0,14.2,15.0,19,2.1,4
1.0,0.25,1.0,Nevada,41.2,40,43,40.0,4.7,5.0,5,0.0,0.0,44.2,43.0,82.5,84.0,88.0,88.0,2.0,2.0,2,0.0,0
1.0,0.01,0.5,Oklahoma,41.2,37,58,37.0,21.7,21.0,26,0.0,0.0,61.3,58.0,66.6,67.0,32.9,28.0,13.1,13.0,19,2.4,5
1.0,0.05,0.5,Michigan,41.3,30,53,37.0,28.5,28.5,32,0.4,1.0,51.8,53.0,55.2,56.0,67.9,63.0,18.4,18.5,22,26.4,32
1.0,0.05,2.0,Wyoming,41.5,39,55,39.0,12.7,13.0,13,0.0,0.0,45.4,42.0,49.7,49.0,93.3,70.0,1.3,1.0,2,0.2,2
2.0,0.01,0.5,Kansas,41.5,31,74,37.0,45.6,45.0,50,0.1,1.0,49.1,46.0,57.2,53.5,41.3,28.0,30.1,29.5,40,15.0,19
2.0,0.05,2.0,Minnesota,41.5,37,42,42.0,30.7,31.0,35,0.8,1.0,43.8,44.0,47.0,47.0,33.0,28.0,57.9,58.5,68,42.2,47
2.0,0.25,1.0,Indiana,41.6,39,46,39.0,59.7,59.5,64,0.0,0.0,45.8,46.0,48.7,46.0,39.8,39.5,26.6,26.5,32,17.6,22
ALL,ALL,ALL,Michigan,41.63055555555555,30,105,37.0,30.522222222222222,31.0,39,0.20833333333333334,2.0,52.58888888888889,48.0,60.99444444444445,53.0,73.3861111111111,63.0,18.875,19.0,32,25.602777777777778,36
0.5,0.01,0.5,New Mexico,41.7,37,64,37.0,6.4,6.0,9,0.2,1.0,54.5,52.5,66.9,64.5,28.0,28.0,13.1,13.5,19,1.5,4
1.0,0.25,1.0,Indiana,41.8,39,46,39.0,60.0,61.0,65,0.0,0.0,45.8,46.0,50.4,46.0,30.4,28.0,25.7,26.0,30,14.8,20
1.0,0.25,2.0,Indiana,41.8,39,46,39.0,61.2,61.0,66,0.0,0.0,45.8,46.0,49.8,46.0,30.4,28.0,26.9,27.0,29,16.1,21
2.0,0.05,1.0,Minnesota,41.8,40,42,42.0,31.7,31.5,35,1.0,2.0,43.8,44.0,46.9,47.0,35.3,28.0,59.9,59.5,66,41.0,45
1.0,0.1,1.0,Minnesota,41.8,40,42,42.0,29.9,30.0,36,1.0,2.0,43.8,44.0,46.6,47.0,32.8,28.0,59.8,60.5,68,43.5,46
2.0,0.1,0.5,Minnesota,41.8,40,42,42.0,30.0,31.0,37,1.2,2.0,43.8,44.0,46.8,47.0,36.4,36.0,60.5,59.5,65,43.9,50
2.0,0.01,1.0,New Mexico,41.9,35,88,37.0,10.1,10.0,12,0.2,1.0,56.7,55.0,73.3,75.0,28.0,28.0,23.4,23.0,28,2.1,5
2.0,0.05,1.0,Georgia,41.9,31,92,37.0,52.0,52.5,55,0.0,0.0,78.3,74.0,95.5,96.0,110.5,98.0,5.2,5.5,7,3.7,6
2.0,0.05,2.0,Michigan,42.0,30,53,41.5,30.6,30.0,34,0.2,1.0,51.3,53.0,54.9,57.0,64.8,63.0,20.0,20.0,26,28.8,33
0.5,0.05,0.5,Minnesota,42.0,42,42,42.0,31.1,31.0,35,0.8,1.0,44.0,44.0,47.6,48.0,30.3,28.0,46.6,47.5,51,38.5,41
0.5,0.05,1.0,Minnesota,42.0,42,42,42.0,30.2,29.5,36,0.9,1.0,44.0,44.0,47.6,48.0,33.5,28.0,54.3,54.5,64,40.6,45
1.0,0.05,2.0,Minnesota,42.0,42,42,42.0,32.3,32.5,37,0.7,1.0,44.0,44.0,47.5,47.5,32.8,28.0,63.1,63.0,71,41.2,45
0.5,0.05,2.0,Minnesota,42.0,42,42,42.0,29.5,29.5,34,1.0,2.0,44.0,44.0,47.5,47.5,40.2,44.0,60.8,60.0,66,43.0,47
2.0,0.1,1.0,Minnesota,42.0,42,42,42.0,29.0,29.0,33,1.0,2.0,43.8,44.0,46.2,47.0,31.2,28.0,58.3,58.5,65,45.2,49
0.5,0.25,0.5,Nevada,42.1,40,43,43.0,4.4,4.0,5,0.0,0.0,45.1,46.0,81.5,81.5,88.0,88.0,2.0,2.0,2,0.0,0
2.0,0.1,0.5,Nevada,42.1,40,43,43.0,4.5,4.5,5,0.0,0.0,45.1,46.0,83.5,84.0,98.5,88.0,1.7,2.0,2,0.1,1
0.5,0.05,1.0,Wyoming,42.1,39,55,42.0,12.2,12.0,13,0.0,0.0,45.1,42.0,50.4,47.5,70.0,70.0,1.1428571428571428,1.0,2,0.4,2
ALL,ALL,ALL,Colorado,42.11944444444445,38,68,41.0,18.20277777777778,18.0,24,1.788888888888889,5.0,49.852777777777774,50.0,53.63055555555555,50.0,29.094444444444445,28.0,29.711111111111112,30.0,45,10.416666666666666,15
2.0,0.25,0.5,Indiana,42.3,39,46,41.5,61.4,61.5,66,0.0,0.0,46.0,46.0,49.9,46.0,39.8,39.5,26.5,27.0,30,14.9,20
2.0,0.25,2.0,Indiana,42.3,39,46,41.5,60.9,61.0,64,0.0,0.0,45.6,46.0,50.4,46.0,39.7,39.5,26.5,26.0,33,16.6,22
0.5,0.25,1.0,Nevada,42.4,40,43,43.0,4.6,5.0,5,0.0,0.0,45.4,46.0,82.0,84.0,88.0,88.0,2.0,2.0,2,0.0,0
1.0,0.25,2.0,Nevada,42.4,40,43,43.0,4.6,5.0,5,0.0,0.0,45.4,46.0,83.0,84.0,88.0,88.0,2.0,2.0,2,0.0,0
0.5,0.25,2.0,Nevada,42.4,40,43,43.0,4.6,5.0,5,0.0,0.0,45.4,46.0,82.0,84.0,88.0,88.0,2.0,2.0,2,0.0,0
2.0,0.25,0.5,Nevada,42.4,40,43,43.0,4.6,5.0,5,0.0,0.0,45.4,46.0,82.0,84.0,88.0,88.0,2.0,2.0,2,0.0,0
2.0,0.1,1.0,Nevada,42.4,40,43,43.0,4.1,4.0,5,0.0,0.0,45.4,46.0,84.0,84.0,88.0,88.0,2.1,2.0,3,0.0,0
1.0,0.1,0.5,Nevada,42.4,40,43,43.0,4.2,4.0,5,0.0,0.0,45.5,46.0,84.0,84.0,88.0,88.0,2.0,2.0,2,0.0,0
0.5,0.1,0.5,Nevada,42.4,40,43,43.0,3.9,4.0,4,0.0,0.0,45.4,46.0,83.5,84.0,95.0,88.0,1.8,2.0,2,0.0,0
0.5,0.01,0.5,California,42.4,33,80,33.0,3.7,3.0,6,18.8,26.0,115.4,128.0,135.77777777777777,154.0,28.0,28.0,49.5,48.5,55,27.7,30
1.0,0.01,2.0,New Mexico,42.5,37,76,37.0,10.3,10.0,11,0.1,1.0,55.3,52.0,67.3,68.5,28.0,28.0,26.3,26.0,33,1.9,3
1.0,0.25,0.5,Nevada,42.7,40,43,43.0,4.2,4.0,5,0.0,0.0,45.7,46.0,83.5,84.0,88.0,88.0,2.0,2.0,2,0.0,0
2.0,0.25,1.0,Nevada,42.7,40,43,43.0,4.5,4.5,5,0.0,0.0,45.7,46.0,82.0,84.0,88.0,88.0,2.0,2.0,2,0.0,0
0.5,0.05,0.5,Nevada,42.7,40,43,43.0,3.9,4.0,4,0.0,0.0,45.8,46.0,84.0,84.0,98.5,88.0,1.7,2.0,2,0.0,0
1.0,0.1,2.0,Nevada,42.7,40,43,43.0,4.2,4.0,5,0.0,0.0,45.9,46.0,83.0,84.0,88.0,88.0,2.1,2.0,3,0.0,0
2.0,0.1,2.0,Nevada,42.7,40,43,43.0,4.4,4.5,5,0.0,0.0,45.7,46.0,84.5,84.0,91.5,88.0,1.9,2.0,2,0.1,1
2.0,0.05,1.0,Nevada,42.7,40,43,43.0,3.8,4.0,5,0.0,0.0,45.8,46.0,85.5,84.0,105.5,105.5,1.5,1.5,2,0.4,1
2.0,0.25,2.0,Nevada,43.0,43,43,43.0,4.3,4.0,5,0.0,0.0,46.0,46.0,82.0,84.0,88.0,88.0,2.0,2.0,2,0.0,0
0.5,0.1,1.0,Nevada,43.0,43,43,43.0,4.1,4.0,5,0.0,0.0,46.2,46.0,83.5,84.0,88.0,88.0,2.0,2.0,2,0.0,0
0.5,0.1,2.0,Nevada,43.0,43,43,43.0,4.2,4.0,5,0.0,0.0,46.0,46.0,83.0,84.0,95.0,88.0,1.8,2.0,2,0.0,0
1.0,0.1,1.0,Nevada,43.0,43,43,43.0,4.2,4.0,5,0.0,0.0,46.0,46.0,84.0,84.0,98.5,88.0,1.8,2.0,3,0.0,0
0.5,0.05,1.0,Nevada,43.0,43,43,43.0,4.0,4.0,5,0.0,0.0,46.2,46.0,84.0,84.0,95.0,88.0,1.8,2.0,2,0.1,1
0.5,0.05,2.0,Nevada,43.0,40,46,43.0,3.8,4.0,4,0.0,0.0,46.5,47.0,85.0,84.0,102.0,88.0,1.6,2.0,2,0.2,1
1.0,0.05,1.0,Nevada,43.0,43,43,43.0,3.9,4.0,5,0.0,0.0,46.3,46.0,85.5,84.0,102.0,88.0,1.8,2.0,3,0.3,1
1.0,0.05,0.5,Nevada,43.0,43,43,43.0,3.6,4.0,4,0.0,0.0,46.4,46.0,86.0,84.0,98.5,88.0,1.7,2.0,2,0.4,1
1.0,0.01,1.0,New Mexico,43.0,37,75,37.0,9.1,9.0,11,0.4,2.0,60.0,52.0,71.9,77.0,28.0,28.0,23.9,24.5,27,2.4,4
0.5,0.25,0.5,Indiana,43.0,39,46,45.0,50.0,49.5,53,0.0,0.0,46.0,46.0,50.1,49.0,39.9,39.5,20.5,20.0,26,12.3,15
2.0,0.1,0.5,Ohio,43.0,43,43,43.0,57.5,57.0,62,0.0,0.0,54.2,55.0,58.0,60.0,46.2,45.0,24.9,24.0,32,15.0,19
1.0,0.25,0.5,Ohio,43.0,43,43,43.0,57.5,57.5,61,0.0,0.0,53.8,55.0,55.0,55.0,45.3,45.0,27.3,27.0,32,15.1,19
1.0,0.25,2.0,Ohio,43.0,43,43,43.0,59.0,59.0,63,0.0,0.0,53.0,53.0,56.5,55.0,45.6,45.0,28.1,28.5,32,15.5,19
2.0,0.01,1.0,Kansas,43.1,31,74,37.0,45.5,45.0,50,0.5,3.0,48.4,40.0,55.2,48.0,28.0,28.0,37.2,37.0,43,16.3,20
ALL,ALL,ALL,Minnesota,43.144444444444446,37,70,42.0,30.408333333333335,30.0,42,0.6555555555555556,4.0,46.172222222222224,44.0,49.06111111111111,47.0,36.34444444444444,28.0,56.69166666666667,57.0,76,41.416666666666664,51
2.0,0.1,0.5,Indiana,43.2,39,46,46.0,58.4,58.0,63,0.2,1.0,50.5,46.0,55.2,55.0,30.4,28.0,23.6,24.0,26,15.8,19
1.0,0.25,0.5,Iowa,43.2,39,45,45.0,26.7,27.5,32,2.4,10.0,46.4,46.0,49.3,50.0,40.9,44.0,97.7,97.0,110,60.0,69
2.0,0.05,0.5,Nevada,43.3,43,46,43.0,3.9,4.0,5,0.0,0.0,46.6,46.0,85.0,84.0,88.0,88.0,2.1,2.0,3,0.2,1
1.0,0.05,2.0,Nevada,43.3,43,46,43.0,3.6,3.5,5,0.0,0.0,50.1,46.0,87.0,89.0,102.0,88.0,1.6,2.0,2,0.5,1
2.0,0.01,0.5,Oklahoma,43.3,37,58,37.0,30.4,30.5,33,0.0,0.0,60.2,58.0,67.9,65.5,28.0,28.0,19.0,19.0,23,3.5,6
0.5,0.25,2.0,Iowa,43.3,39,46,45.0,26.7,26.5,33,2.0,7.0,46.4,46.0,49.8,50.0,43.1,46.0,103.2,102.0,115,60.7,66
2.0,0.25,2.0,Iowa,43.3,39,46,45.0,28.0,29.0,33,2.0,7.0,46.4,46.0,50.2,50.0,43.7,47.0,106.3,105.5,114,61.0,68
2.0,0.05,2.0,Nevada,43.4,40,47,43.0,4.1,4.0,5,0.0,0.0,53.6,46.5,85.0,84.0,102.0,88.0,1.7,2.0,3,0.0,0
2.0,0.25,2.0,Wisconsin,43.4,42,44,44.0,44.4,44.0,48,0.0,0.0,44.3,45.0,45.7,46.0,28.0,28.0,80.0,81.0,88,20.3,25
1.0,0.25,0.5,Wisconsin,43.4,42,44,44.0,43.2,42.5,49,0.0,0.0,44.2,45.0,45.5,46.0,28.0,28.0,82.0,82.5,87,21.0,24
0.5,0.25,2.0,Indiana,43.5,39,46,45.0,60.1,60.5,67,0.0,0.0,45.8,46.0,51.0,52.0,35.0,28.0,24.8,25.5,28,14.2,21
0.5,0.25,2.0,Wisconsin,43.5,42,45,44.0,45.5,45.5,49,0.0,0.0,44.5,45.0,46.1,46.5,28.0,28.0,84.1,83.0,94,18.8,23
0.5,0.25,1.0,Wisconsin,43.6,42,44,44.0,42.5,42.0,45,0.0,0.0,44.6,45.0,45.9,46.5,28.0,28.0,82.5,83.5,90,21.0,27
2.0,0.25,1.0,Wisconsin,43.6,42,44,44.0,42.8,43.0,46,0.0,0.0,44.5,45.0,45.7,46.0,28.0,28.0,82.1,82.5,88,22.0,26
0.5,0.25,1.0,Indiana,43.7,39,46,46.0,55.9,56.5,61,0.0,0.0,45.8,46.0,49.9,52.0,32.7,28.0,23.2,22.5,28,12.7,16
2.0,0.1,1.0,Wisconsin,43.7,42,44,44.0,41.8,42.5,45,0.0,0.0,45.3,46.0,47.2,47.0,28.0,28.0,76.5,75.5,83,22.2,28
2.0,0.25,0.5,Ohio,43.8,43,51,43.0,59.2,59.0,63,0.0,0.0,53.8,55.0,56.5,55.0,47.5,45.0,25.8,26.0,27,15.2,17
0.5,0.25,0.5,Wisconsin,43.8,42,44,44.0,42.2,42.0,45,0.0,0.0,45.0,45.0,45.8,46.0,28.0,28.0,70.1,69.5,77,18.3,21
2.0,0.25,0.5,Wisconsin,43.8,42,44,44.0,44.3,44.5,48,0.0,0.0,44.7,45.0,46.2,46.0,28.0,28.0,84.2,84.5,89,20.2,25
1.0,0.25,1.0,Wisconsin,43.8,42,44,44.0,44.2,44.5,48,0.0,0.0,44.9,45.0,46.4,47.0,28.0,28.0,84.7,84.5,89,20.4,25
1.0,0.25,2.0,Wisconsin,43.8,42,44,44.0,43.9,44.5,48,0.0,0.0,44.9,45.0,46.3,47.0,28.0,28.0,78.7,77.5,87,21.1,24
0.5,0.1,0.5,Iowa,43.8,39,45,45.0,26.7,26.0,32,1.5,10.0,46.4,46.0,49.9,50.0,43.7,46.5,79.7,79.0,88,56.2,60
2.0,0.1,1.0,Iowa,43.8,39,50,45.0,29.7,28.5,39,1.8,6.0,47.1,46.0,50.8,50.0,40.9,45.0,98.7,99.5,110,58.8,64
0.5,0.25,1.0,Iowa,43.8,39,45,45.0,27.4,28.0,32,1.4,8.0,46.0,46.0,49.5,50.0,45.3,46.5,94.3,92.0,111,59.1,65
2.0,0.25,1.0,Iowa,43.8,39,45,45.0,28.7,29.5,34,1.9,10.0,46.1,46.0,50.1,50.0,39.5,43.0,104.3,102.5,116,60.3,70
0.5,0.01,1.0,Kansas,43.9,37,70,37.0,30.4,31.0,34,0.0,0.0,51.0,43.0,55.9,48.0,39.6,28.0,16.6,16.0,25,9.2,11
2.0,0.1,2.0,Wisconsin,43.9,43,44,44.0,41.9,40.5,48,0.0,0.0,45.8,46.0,47.9,47.0,32.7,28.0,75.4,75.0,81,22.0,25
2.0,0.25,1.0,Arizona,44.0,44,44,44.0,10.9,11.0,11,0.0,0.0,52.6,52.0,54.2,54.0,28.0,28.0,9.5,10.0,11,0.1,1
2.0,0.25,2.0,Arizona,44.0,44,44,44.0,10.7,11.0,11,0.0,0.0,52.7,52.5,54.5,54.0,28.0,28.0,9.6,9.5,13,0.3,1
2.0,0.25,0.5,Arizona,44.0,44,44,44.0,10.7,11.0,11,0.0,0.0,53.0,53.0,55.0,54.0,28.0,28.0,9.8,9.5,13,0.3,1
1.0,0.25,0.5,Arizona,44.0,44,44,44.0,10.5,10.5,11,0.0,0.0,52.5,52.0,54.0,54.0,28.0,28.0,10.2,10.5,12,0.5,1
0.5,0.25,2.0,Arizona,44.0,44,44,44.0,10.3,10.5,11,0.0,0.0,53.3,54.0,55.6,57.0,28.0,28.0,12.3,13.0,14,0.7,2
0.5,0.25,0.5,Arizona,44.0,44,44,44.0,8.8,9.0,9,0.0,0.0,53.0,53.0,55.2,54.0,28.0,28.0,6.6,6.5,8,0.7,2
1.0,0.25,1.0,Arizona,44.0,44,44,44.0,10.3,10.0,11,0.0,0.0,52.6,52.0,54.2,54.0,28.0,28.0,11.7,12.0,14,0.7,2
2.0,0.1,1.0,Arizona,44.0,44,44,44.0,10.3,10.0,11,0.0,0.0,53.6,54.0,56.4,57.0,28.0,28.0,11.9,12.5,15,0.7,1
0.5,0.25,1.0,Arizona,44.0,44,44,44.0,10.2,10.0,11,0.0,0.0,52.7,52.5,54.1,53.5,28.0,28.0,8.4,8.0,10,0.8,1
1.0,0.25,2.0,Arizona,44.0,44,44,44.0,10.2,10.0,11,0.0,0.0,52.9,53.0,54.8,54.0,28.0,28.0,10.3,10.5,12,0.8,2
2.0,0.05,1.0,Arizona,44.0,44,44,44.0,9.8,10.0,10,0.0,0.0,53.8,54.0,57.1,57.0,28.0,28.0,14.7,15.0,18,1.2,3
1.0,0.1,2.0,Arizona,44.0,44,44,44.0,9.8,9.5,11,0.0,0.0,53.3,54.0,56.2,57.0,28.0,28.0,11.3,11.5,14,1.2,2
0.5,0.1,1.0,Arizona,44.0,44,44,44.0,9.5,9.0,11,0.0,0.0,52.9,52.5,55.3,55.0,28.0,28.0,9.7,10.0,11,1.3,3
2.0,0.05,2.0,Arizona,44.0,44,44,44.0,9.6,10.0,11,0.0,0.0,53.4,54.0,56.4,57.0,28.0,28.0,15.6,15.0,22,1.4,3
2.0,0.1,2.0,Arizona,44.0,44,44,44.0,9.6,10.0,11,0.0,0.0,53.4,54.0,57.0,57.0,28.0,28.0,11.7,12.0,14,1.4,3
0.5,0.1,1.0,Maryland,44.0,35,70,38.0,12.5,13.0,14,0.2,2.0,64.7,60.0,73.4,73.5,67.1,51.5,9.7,9.0,18,1.5,4
0.5,0.1,0.5,Arizona,44.0,44,44,44.0,7.6,7.0,9,0.0,0.0,53.2,53.5,55.5,55.5,28.0,28.0,7.1,7.0,9,1.5,2
1.0,0.1,0.5,Arizona,44.0,44,44,44.0,9.4,9.0,11,0.0,0.0,53.6,54.0,56.1,57.0,28.0,28.0,11.0,11.0,13,1.6,3
2.0,0.1,0.5,Arizona,44.0,44,44,44.0,9.4,10.0,10,0.0,0.0,53.6,54.0,56.1,57.0,28.0,28.0,12.8,12.5,16,1.6,3
0.5,0.1,2.0,Arizona,44.0,44,44,44.0,9.4,9.0,11,0.0,0.0,52.9,52.5,54.6,54.0,28.0,28.0,13.1,13.0,15,1.6,3
1.0,0.1,1.0,Arizona,44.0,44,44,44.0,9.3,9.0,11,0.0,0.0,53.6,54.0,56.1,57.0,28.0,28.0,12.7,13.0,14,1.7,3
0.5,0.05,0.5,Arizona,44.0,44,44,44.0,6.5,7.0,7,0.0,0.0,54.1,54.0,57.9,57.0,28.0,28.0,7.1,7.0,10,1.9,3
0.5,0.25,0.5,Oregon,44.0,44,44,44.0,13.7,14.0,16,0.2,1.0,50.3,50.0,53.4,53.0,51.0,51.0,3.8,4.0,5,2.2,3
0.5,0.05,1.0,Arizona,44.0,44,44,44.0,8.1,8.0,9,0.0,0.0,53.9,54.0,56.5,57.0,28.0,28.0,10.9,11.0,15,2.3,3
0.5,0.25,1.0,Oregon,44.0,44,44,44.0,15.1,15.0,17,0.1,1.0,50.0,50.0,53.0,53.0,51.0,51.0,4.5,4.5,6,2.5,3
1.0,0.05,2.0,Arizona,44.0,44,44,44.0,8.4,8.0,10,0.0,0.0,54.1,54.0,57.9,57.0,28.0,28.0,13.9,13.0,17,2.5,4
0.5,0.05,2.0,Arizona,44.0,44,44,44.0,8.1,8.0,9,0.0,0.0,54.3,54.0,60.2,60.0,28.0,28.0,14.8,15.0,17,2.5,4
2.0,0.05,0.5,Arizona,44.0,44,44,44.0,8.4,8.5,10,0.0,0.0,54.1,54.0,57.6,57.0,28.0,28.0,14.0,13.5,17,2.6,4
1.0,0.1,2.0,Oregon,44.0,44,44,44.0,16.1,16.0,17,0.0,0.0,50.6,50.0,54.4,53.0,44.1,51.0,7.3,7.0,9,2.8,4
0.5,0.1,1.0,Oregon,44.0,44,44,44.0,13.4,13.0,15,0.3,1.0,51.6,50.0,56.7,53.0,37.2,28.0,6.1,6.0,9,2.9,4
1.0,0.25,2.0,Oregon,44.0,44,44,44.0,16.5,16.5,18,0.2,1.0,50.0,50.0,53.0,53.0,48.7,51.0,7.4,7.5,9,3.0,4
1.0,0.25,1.0,Oregon,44.0,44,44,44.0,15.7,16.0,16,0.1,1.0,50.0,50.0,53.0,53.0,44.1,51.0,7.9,7.5,11,3.1,4
0.5,0.1,2.0,Oregon,44.0,44,44,44.0,14.5,15.0,16,0.0,0.0,50.9,50.0,55.1,53.0,37.2,28.0,6.3,6.0,9,3.1,4
2.0,0.25,1.0,Oregon,44.0,44,44,44.0,17.1,17.0,18,0.2,1.0,50.0,50.0,53.0,53.0,51.0,51.0,7.0,7.0,10,3.2,4
2.0,0.25,0.5,Oregon,44.0,44,44,44.0,16.4,16.0,18,0.1,1.0,50.3,50.0,53.4,53.0,48.7,51.0,6.3,6.5,8,3.2,5
2.0,0.25,2.0,Oregon,44.0,44,44,44.0,16.5,16.0,18,0.3,1.0,50.3,50.0,53.7,53.0,46.4,51.0,7.8,8.0,10,3.3,4
1.0,0.1,1.0,Oregon,44.0,44,44,44.0,15.4,15.0,17,0.0,0.0,51.2,50.0,55.5,53.0,39.5,39.5,8.2,8.0,12,3.3,5
0.5,0.25,2.0,Oregon,44.0,44,44,44.0,15.1,15.0,17,0.2,1.0,50.9,50.0,54.8,53.0,46.4,51.0,6.3,5.5,10,3.6,5
1.0,0.25,0.5,Oregon,44.0,44,44,44.0,15.2,15.5,17,0.4,1.0,50.3,50.0,53.7,53.0,46.4,51.0,6.3,6.5,8,3.8,5
1.0,0.1,0.5,Wisconsin,44.0,42,46,44.0,43.1,42.5,49,0.0,0.0,45.8,46.0,47.3,47.0,28.0,28.0,76.6,74.5,87,20.4,26
0.5,0.1,2.0,Wisconsin,44.0,42,46,44.0,42.9,43.0,49,0.0,0.0,45.8,46.0,47.8,47.0,36.7,28.0,76.6,78.0,84,20.9,25
1.0,0.01,1.0,Kansas,44.1,37,70,37.0,40.2,41.5,44,0.2,2.0,51.3,44.0,61.7,64.5,41.4,28.0,23.7,23.5,35,15.0,18
2.0,0.05,1.0,Wisconsin,44.1,42,46,44.0,41.6,41.0,47,0.0,0.0,46.5,46.0,49.0,49.0,34.9,28.0,69.3,68.5,83,21.6,26
0.5,0.01,0.5,Oklahoma,44.2,37,67,37.0,12.7,12.5,16,0.0,0.0,62.2,58.0,69.8,67.0,55.7,52.5,6.2,6.5,8,0.9,2
0.5,0.25,0.5,South Dakota,44.2,44,46,44.0,38.6,38.5,40,0.0,0.0,46.8,46.0,50.2,50.0,86.2,94.0,7.1,7.0,8,4.3,6
1.0,0.25,1.0,Ohio,44.2,43,55,43.0,58.9,58.0,63,0.0,0.0,54.2,55.0,56.2,55.0,47.3,45.0,27.4,27.0,31,15.1,17
0.5,0.25,2.0,Ohio,44.2,43,55,43.0,58.6,59.0,60,0.0,0.0,53.0,53.0,56.0,55.0,47.3,45.0,28.4,28.5,32,15.2,18
0.5,0.1,0.5,Wisconsin,44.2,42,46,44.0,39.7,40.0,46,0.0,0.0,45.2,46.0,46.3,47.0,38.5,38.0,62.8,62.0,72,19.2,23
1.0,0.05,2.0,Wisconsin,44.2,44,46,44.0,42.3,41.5,50,0.0,0.0,45.9,46.0,49.2,49.0,35.0,28.0,68.4,67.5,77,20.8,25
1.0,0.1,1.0,Wisconsin,44.2,42,46,44.0,42.7,42.0,48,0.0,0.0,45.6,46.0,48.1,47.0,35.5,28.0,76.3,78.0,84,21.0,26
0.5,0.1,1.0,Wisconsin,44.2,42,46,44.0,40.6,41.0,43,0.0,0.0,45.7,46.0,46.9,47.0,30.0,28.0,71.6,71.0,81,21.3,26
ALL,ALL,ALL,Wyoming,44.21388888888889,39,92,39.0,12.094444444444445,13.0,13,0.016666666666666666,1.0,48.855555555555554,42.0,53.080555555555556,46.0,84.17832167832168,70.0,1.2053872053872055,1.0,3,0.09166666666666666,2
2.0,0.1,0.5,Wisconsin,44.3,42,46,44.0,42.9,43.0,48,0.0,0.0,46.0,45.5,47.9,47.0,34.9,28.0,73.6,73.5,85,20.9,24
2.0,0.25,1.0,Ohio,44.4,43,51,43.0,59.7,60.0,62,0.0,0.0,53.0,53.0,56.5,55.0,49.1,45.0,26.8,28.0,32,15.4,18
1.0,0.1,1.0,Indiana,44.4,39,46,46.0,56.6,56.0,61,0.0,0.0,47.2,46.0,56.9,58.0,28.0,28.0,26.2,25.5,30,15.5,20
0.5,0.1,2.0,Indiana,44.4,39,46,46.0,54.6,54.5,59,0.0,0.0,47.2,46.0,57.4,62.0,32.7,28.0,23.1,23.0,27,17.0,20
1.0,0.1,2.0,Wisconsin,44.4,44,46,44.0,42.4,42.5,46,0.0,0.0,45.9,46.0,48.3,47.0,30.7,28.0,74.3,73.5,84,21.3,24
0.5,0.05,1.0,Wisconsin,44.4,44,46,44.0,40.4,39.5,45,0.0,0.0,46.6,46.0,49.4,49.0,32.8,28.0,67.3,66.0,74,21.4,26
1.0,0.05,1.0,Wisconsin,44.4,44,46,44.0,40.4,40.5,46,0.0,0.0,47.2,46.0,50.0,51.0,35.5,28.0,71.9,72.5,76,22.0,26
0.5,0.25,0.5,Iowa,44.4,39,45,45.0,27.3,28.0,32,0.9,7.0,46.4,46.0,49.9,50.0,46.1,47.0,83.0,82.0,95,56.8,64
1.0,0.25,1.0,Iowa,44.4,39,45,45.0,29.1,30.0,33,0.7,7.0,46.0,46.0,49.6,50.0,42.3,46.5,103.0,104.0,112,58.9,65
1.0,0.25,2.0,Iowa,44.4,39,45,45.0,29.6,29.0,34,0.6,6.0,46.0,46.0,48.8,50.0,40.2,46.0,105.1,105.0,120,59.3,64
2.0,0.25,0.5,Iowa,44.4,39,45,45.0,28.7,29.0,34,0.8,8.0,46.0,46.0,49.5,50.0,43.9,46.0,103.9,101.5,116,60.2,64
1.0,0.01,0.5,Pennsylvania,44.5,40,85,40.0,36.3,37.0,38,0.0,0.0,82.9,80.0,95.9,94.5,71.1,85.0,20.2,20.0,25,12.1,14
0.5,0.1,0.5,Oregon,44.6,44,50,44.0,10.9,10.5,13,0.0,0.0,52.1,53.0,57.3,58.5,55.2,51.0,3.4,3.5,6,1.3,2
2.0,0.1,2.0,Oregon,44.6,44,50,44.0,15.8,16.0,17,0.1,1.0,50.9,50.0,55.1,53.0,34.9,28.0,7.8,7.0,13,3.3,5
2.0,0.05,2.0,Oregon,44.6,44,50,44.0,14.9,15.0,16,0.1,1.0,52.2,51.5,57.8,55.0,34.9,28.0,7.4,8.0,10,3.6,6
1.0,0.1,0.5,Oregon,44.6,44,50,44.0,14.0,14.0,16,0.0,0.0,52.1,53.0,57.3,58.5,34.9,28.0,6.4,6.0,9,3.7,5
2.0,0.1,0.5,Oregon,44.6,44,50,44.0,15.4,15.5,17,0.1,1.0,51.2,50.0,55.8,53.0,49.7,51.0,7.4,8.0,9,3.7,5
2.0,0.25,2.0,South Dakota,44.6,44,46,44.0,46.5,46.5,48,0.0,0.0,47.6,46.0,50.5,50.5,88.4,94.0,15.0,14.5,20,7.7,9
0.5,0.25,1.0,Ohio,44.6,43,51,43.0,57.2,56.5,61,0.0,0.0,54.6,55.0,57.0,55.0,49.5,45.0,24.3,24.0,28,14.5,17
1.0,0.1,2.0,Indiana,44.6,39,46,46.0,59.0,58.5,63,0.0,0.0,47.2,46.0,57.0,61.0,32.7,28.0,23.5,24.0,29,15.0,19
0.5,0.1,1.0,Iowa,44.6,39,46,45.0,30.2,30.5,37,0.9,7.0,46.9,46.0,50.5,50.0,46.3,47.0,84.3,83.5,95,56.2,66
ALL,ALL,ALL,Pennsylvania,44.641666666666666,40,122,40.0,42.43611111111111,43.0,52,0.03888888888888889,2.0,64.175,59.0,71.33611111111111,62.0,63.577777777777776,60.0,35.36944444444445,38.0,55,14.661111111111111,22
2.0,0.1,2.0,Iowa,44.7,39,46,45.0,32.3,32.0,38,1.0,8.0,47.7,46.5,50.3,50.0,44.4,47.0,96.4,97.5,106,56.4,61
2.0,0.1,0.5,Iowa,44.8,39,47,45.0,32.1,31.0,37,0.6,6.0,47.6,46.0,50.4,50.0,40.8,46.0,96.4,97.5,106,56.1,59
1.0,0.05,1.0,Arizona,44.9,44,53,44.0,8.2,8.0,10,0.0,0.0,54.0,54.0,58.5,57.0,28.0,28.0,14.0,14.0,17,2.6,4
2.0,0.1,1.0,Oregon,44.9,44,53,44.0,15.2,15.0,16,0.1,1.0,52.5,53.0,57.6,60.0,34.9,28.0,8.3,7.5,12,3.7,4
1.0,0.01,1.0,Oklahoma,45.0,37,67,37.0,28.0,28.5,30,0.0,0.0,65.1,66.0,71.9,70.5,28.0,28.0,15.2,15.5,20,3.5,8
0.5,0.25,0.5,Ohio,45.0,43,55,43.0,54.7,54.0,60,0.0,0.0,53.8,55.0,56.0,55.0,49.3,45.0,22.9,22.0,28,13.3,16
2.0,0.05,0.5,Wisconsin,45.0,44,46,45.0,42.8,42.5,47,0.0,0.0,46.9,46.5,49.6,49.5,42.7,49.0,68.2,66.0,78,20.3,26
0.5,0.1,1.0,Indiana,45.1,39,46,46.0,50.5,51.0,53,0.2,1.0,51.5,46.0,59.3,61.0,34.9,28.0,19.6,19.0,22,14.3,21
2.0,0.1,1.0,Indiana,45.1,39,46,46.0,59.9,60.5,63,0.4,3.0,47.9,46.0,56.9,58.0,28.0,28.0,22.1,22.0,24,15.0,17
2.0,0.1,2.0,Indiana,45.1,39,46,46.0,59.4,59.5,65,0.0,0.0,48.4,46.0,56.8,59.0,32.6,28.0,23.3,23.5,27,16.2,21
0.5,0.05,2.0,Wisconsin,45.1,44,51,44.0,42.1,42.0,46,0.0,0.0,47.4,46.0,50.5,51.0,40.4,38.0,69.3,67.5,80,20.7,23
0.5,0.05,0.5,Wisconsin,45.1,44,51,44.0,37.5,36.5,41,0.0,0.0,46.6,46.0,48.4,47.0,30.1,28.0,55.1,54.5,68,20.8,25
1.0,0.1,0.5,Iowa,45.1,39,50,45.0,29.5,29.5,34,1.0,6.0,47.6,46.5,50.9,50.0,45.2,47.0,87.1,87.5,96,57.2,61
1.0,0.25,0.5,South Dakota,45.2,44,46,46.0,44.7,44.5,46,0.0,0.0,48.8,50.0,50.7,51.0,94.0,94.0,9.9,9.5,11,5.5,7
0.5,0.25,2.0,South Dakota,45.2,44,50,44.0,47.2,47.0,49,0.0,0.0,48.5,50.0,50.9,51.0,88.4,94.0,11.7,11.5,14,6.1,8
0.5,0.01,2.0,Kansas,45.2,37,70,37.0,41.4,42.0,48,0.2,2.0,52.6,47.0,58.4,50.0,48.8,28.0,21.9,23.0,30,11.5,15
1.0,0.05,0.5,Iowa,45.2,45,46,45.0,29.7,29.5,35,0.4,2.0,47.3,46.0,50.0,50.0,45.1,47.0,84.8,84.5,98,56.2,62
1.0,0.1,1.0,Iowa,45.2,39,50,45.0,29.2,29.0,35,0.6,6.0,47.8,46.0,50.3,50.0,41.6,47.0,93.5,90.5,107,58.2,65
1.0,0.01,0.5,Colorado,45.3,41,55,42.5,13.4,13.5,14,1.3,3.0,53.7,52.5,58.4,59.5,32.1,28.0,25.3,25.0,29,8.7,11
0.5,0.01,0.5,Washington,45.3,41,70,43.0,7.8,8.0,10,0.2,2.0,57.6,54.5,70.0,65.0,34.7,28.0,10.0,11.0,15,11.2,14
0.5,0.05,1.0,Indiana,45.3,39,46,46.0,48.4,49.0,54,0.1,1.0,57.2,58.0,65.1,64.5,32.8,28.0,17.8,17.0,22,13.1,18
2.0,0.05,2.0,Indiana,45.3,39,46,46.0,56.1,55.0,63,0.1,1.0,49.9,46.0,60.3,62.0,37.3,28.0,20.4,20.5,26,15.6,24
2.0,0.05,2.0,Wisconsin,45.3,44,46,46.0,44.7,45.0,49,0.0,0.0,48.3,47.0,49.5,48.0,39.7,38.5,68.9,70.0,73,18.7,25
2.0,0.25,1.0,South Dakota,45.4,44,50,45.0,45.6,45.5,47,0.0,0.0,48.1,48.0,50.8,50.5,91.8,94.0,14.3,14.0,17,7.3,9
2.0,0.25,0.5,South Dakota,45.4,44,50,44.0,45.9,46.0,47,0.0,0.0,47.8,46.0,50.8,50.0,85.0,94.0,12.4,12.0,14,7.4,9
2.0,0.25,2.0,Ohio,45.4,43,51,43.0,59.6,60.0,62,0.0,0.0,53.8,55.0,58.0,60.0,52.5,45.0,26.8,26.5,31,15.4,19
1.0,0.1,2.0,Ohio,45.4,43,55,43.0,56.7,56.0,64,0.0,0.0,54.7,55.0,59.3,60.0,52.4,48.0,21.2,22.5,24,16.7,21
2.0,0.1,2.0,Maryland,45.5,35,58,45.5,13.6,14.0,14,0.0,0.0,59.9,60.0,75.9,80.0,31.4,28.0,10.3,9.5,18,1.0,2
0.5,0.01,1.0,New Mexico,45.5,37,76,37.0,7.8,8.5,9,0.2,2.0,57.3,52.0,72.5,64.5,28.0,28.0,18.5,20.5,24,1.6,4
0.5,0.1,0.5,Maryland,45.5,35,70,37.5,11.2,11.0,13,0.3,2.0,59.2,59.0,72.1,80.0,60.0,52.5,8.0,6.0,16,1.7,4
0.5,0.05,1.0,Oregon,45.5,44,53,44.0,13.3,14.0,14,0.1,1.0,52.6,51.5,57.8,55.0,30.555555555555557,28.0,5.5,6.0,8,2.5,4
1.0,0.05,0.5,Wisconsin,45.5,44,46,46.0,42.3,42.0,48,0.0,0.0,47.1,47.0,48.7,47.5,30.1,28.0,69.6,69.5,77,20.1,24
2.0,0.05,0.5,Iowa,45.5,45,46,45.5,30.5,31.0,34,0.2,2.0,48.4,50.0,51.0,50.0,43.2,47.0,92.0,93.0,98,57.4,61
2.0,0.05,1.0,Iowa,45.5,39,50,45.5,29.9,30.0,33,1.4,5.0,48.9,48.5,51.6,51.0,44.0,47.0,89.1,88.0,98,57.6,61
0.5,0.1,2.0,Iowa,45.5,39,50,45.0,29.2,29.0,34,0.9,6.0,47.9,46.0,50.8,50.0,44.6,47.0,91.1,89.5,107,57.8,61
0.5,0.05,0.5,Georgia,45.6,31,92,37.0,17.8,18.0,23,0.0,0.0,71.7,72.0,96.0,97.5,116.88888888888889,131.0,2.4,2.5,5,3.5,6
0.5,0.1,0.5,Indiana,45.6,44,46,46.0,45.7,46.0,51,0.3,2.0,49.0,46.0,56.4,57.5,32.4,28.0,17.4,17.5,20,12.2,17
2.0,0.01,2.0,Kansas,45.6,37,60,41.5,46.3,46.5,50,0.0,0.0,57.3,54.0,63.7,66.0,41.9,28.0,37.5,38.5,42,17.2,20
0.5,0.01,2.0,New Mexico,45.7,37,75,37.0,9.4,9.0,11,0.3,2.0,59.5,55.0,69.8,69.5,28.0,28.0,23.5,24.5,29,2.0,4
1.0,0.05,0.5,Arizona,45.8,44,53,44.0,8.5,8.5,10,0.1,1.0,54.5,54.0,58.3,57.0,28.0,28.0,12.6,12.5,15,2.2,3
0.5,0.25,1.0,South Dakota,45.8,44,50,46.0,42.7,43.0,44,0.0,0.0,49.3,50.0,51.1,51.0,90.6,94.0,10.7,10.5,15,5.5,6
1.0,0.25,1.0,South Dakota,45.8,44,50,46.0,47.1,48.0,48,0.0,0.0,49.3,50.0,51.1,51.0,90.6,94.0,11.9,12.0,14,6.2,8
1.0,0.25,2.0,South Dakota,45.8,44,50,46.0,46.0,46.0,47,0.0,0.0,48.9,50.0,51.0,51.0,90.6,94.0,14.1,13.5,17,7.0,9
2.0,0.01,0.5,Idaho,45.8,38,59,40.5,10.0,10.0,13,0.8,2.0,59.7,50.5,70.3,59.0,28.0,28.0,46.7,48.0,54,15.9,21
2.0,0.05,2.0,Iowa,45.8,45,50,45.0,28.8,28.5,33,0.5,2.0,48.6,50.0,51.7,52.0,47.3,47.0,91.1,91.5,101,59.5,64
0.5,0.1,0.5,South Dakota,45.9,44,51,45.0,37.5,38.0,39,0.0,0.0,49.4,50.0,51.6,51.0,86.4,94.0,7.7,7.5,10,4.5,7
1.0,0.1,2.0,Iowa,45.9,45,50,45.5,30.4,30.5,36,0.3,2.0,48.6,50.0,51.3,52.0,43.0,47.0,95.4,94.0,105,58.2,65
1.0,0.05,1.0,Georgia,46.0,37,92,37.0,47.4,47.5,51,0.0,0.0,72.0,73.0,90.0,92.0,97.4,98.0,3.9,3.0,7,4.2,6
1.0,0.1,0.5,Indiana,46.0,46,46,46.0,54.0,53.5,58,0.6,3.0,50.6,46.0,61.5,63.0,28.0,28.0,22.8,22.5,29,13.4,16
2.0,0.05,0.5,Indiana,46.0,46,46,46.0,55.5,55.0,61,0.1,1.0,56.9,59.5,65.0,65.0,28.0,28.0,18.3,19.0,21,16.1,21
0.5,0.01,1.0,California,46.0,33,80,33.0,3.1,3.0,7,16.75,26.0,110.375,112.5,137.5,141.0,28.0,28.0,58.5,57.5,73,30.0,32
1.0,0.05,1.0,Iowa,46.1,39,50,45.5,30.9,30.5,35,0.9,2.0,49.9,50.0,52.1,52.0,45.9,47.0,85.7,86.5,91,55.7,60
1.0,0.1,0.5,South Dakota,46.2,44,50,46.0,44.4,45.0,46,0.0,0.0,50.3,50.0,51.6,51.0,83.0,94.0,10.9,11.0,13,5.3,7
0.5,0.01,0.5,Idaho,46.2,39,59,43.0,5.7,5.5,9,2.2,8.0,60.4,57.5,75.7,69.0,28.0,28.0,33.7,34.5,43,13.7,16
1.0,0.01,2.0,Kansas,46.2,37,74,37.0,45.6,45.0,50,0.0,0.0,50.8,40.0,55.3,48.0,44.2,28.0,29.4,29.5,36,15.1,19
0.5,0.05,1.0,Iowa,46.2,39,52,45.0,30.4,31.0,34,1.0,5.0,49.6,50.0,51.9,52.0,41.9,47.0,76.1,77.0,89,54.3,58
2.0,0.01,1.0,Oklahoma,46.3,37,67,37.0,32.9,32.5,36,0.0,0.0,65.1,61.0,69.8,66.5,28.0,28.0,20.3,19.5,27,6.2,9
1.0,0.05,2.0,Iowa,46.3,45,50,45.5,29.7,29.0,35,0.8,2.0,50.2,50.0,52.7,52.0,39.8,47.0,88.9,88.5,95,57.9,61
2.0,0.01,1.0,California,46.5,33,80,33.0,4.6,4.5,6,18.2,27.0,116.2,128.0,174.0,156.5,28.0,28.0,59.0,58.5,68,31.3,33
0.5,0.01,0.5,Colorado,46.6,41,61,43.5,10.6,11.0,13,1.4,4.0,57.1,61.0,68.4,63.5,49.8,42.0,14.3,14.0,18,6.6,9
2.0,0.01,1.0,Washington,46.6,35,70,41.0,8.9,9.0,12,0.1,1.0,58.4,54.5,73.5,65.0,38.2,28.0,16.4,16.0,24,14.7,17
1.0,0.01,2.0,Idaho,46.6,39,59,43.0,10.0,9.5,13,2.0,5.0,63.0,57.5,76.6,75.0,32.2,28.0,45.7,46.0,54,16.3,19
0.5,0.05,0.5,Iowa,46.6,45,50,45.0,26.7,26.5,31,0.9,2.0,49.4,50.0,52.2,52.0,46.2,47.0,72.3,72.0,80,54.2,59
1.0,0.1,2.0,South Dakota,46.8,44,50,46.0,45.6,46.0,47,0.0,0.0,49.9,50.0,51.5,51.0,87.2,94.0,13.7,14.0,16,7.0,8
1.0,0.1,1.0,Ohio,46.8,43,55,43.0,57.6,58.0,61,0.0,0.0,56.0,55.0,59.2,60.0,54.3,48.0,21.7,21.0,28,15.2,18
0.5,0.05,2.0,Iowa,46.8,45,50,46.0,28.7,29.5,34,0.5,2.0,50.1,50.0,52.6,52.0,43.0,47.0,85.0,85.5,93,58.0,62
1.0,0.1,1.0,Maryland,46.9,35,80,37.5,13.6,14.0,15,0.2,1.0,62.1,65.5,72.9,78.5,28.0,28.0,11.0,10.5,18,0.9,4
0.5,0.1,2.0,South Dakota,46.9,44,51,46.0,46.5,46.0,49,0.0,0.0,50.6,50.0,51.9,51.0,78.2,83.0,12.1,12.0,15,5.6,7
0.5,0.1,1.0,South Dakota,47.0,44,50,46.0,41.6,41.5,43,0.0,0.0,50.0,50.0,52.0,51.0,80.4,94.0,11.6,11.5,15,5.4,6
2.0,0.01,0.5,Colorado,47.0,41,59,43.5,18.6,19.0,22,1.1,3.0,55.6,57.0,59.3,60.0,28.0,28.0,34.1,34.5,45,10.1,14
0.5,0.05,0.5,Oregon,47.1,44,60,44.0,9.8,9.5,12,0.0,0.0,56.1,53.0,63.9,60.0,61.8,51.0,3.8,4.0,5,0.9,3
1.0,0.01,2.0,California,47.1,33,80,33.0,5.3,5.0,8,17.0,26.0,107.2,98.0,157.6,152.0,28.0,28.0,60.7,63.0,72,30.8,33
1.0,0.01,0.5,Minnesota,47.1,42,68,45.0,30.0,31.0,36,0.4,2.0,52.2,49.0,58.0,58.5,35.5,28.0,51.2,50.5,63,35.9,45
1.0,0.05,2.0,Indiana,47.2,39,65,46.0,55.7,55.5,59,0.1,1.0,57.3,59.5,62.6,62.0,38.8,28.0,20.1,20.5,26,15.0,18
ALL,ALL,ALL,Iowa,47.2,39,64,45.0,28.072222222222223,28.0,39,0.9166666666666666,10.0,50.45,50.0,53.727777777777774,51.0,44.87222222222222,47.0,88.25555555555556,88.5,120,57.05277777777778,70
2.0,0.05,1.0,Oregon,47.3,44,53,44.0,15.0,15.0,17,0.0,0.0,54.2,53.0,62.8,60.0,61.2,39.5,6.4,6.0,9,3.2,4
1.0,0.05,1.0,South Dakota,47.3,44,51,46.0,44.4,44.5,46,0.0,0.0,50.9,51.0,52.6,53.0,77.1,74.0,12.5,12.5,14,5.7,9
2.0,0.1,2.0,South Dakota,47.4,44,50,46.0,46.0,46.0,48,0.0,0.0,50.6,51.0,52.4,52.5,76.1,72.5,16.4,16.0,22,7.3,11
ALL,ALL,ALL,Arizona,47.45,44,75,44.0,8.588888888888889,9.0,11,0.07777777777777778,3.0,57.82222222222222,54.0,65.33888888888889,57.0,28.358333333333334,28.0,11.977777777777778,12.0,22,1.85,7
2.0,0.01,1.0,Colorado,47.5,38,61,45.0,18.3,18.0,23,1.1,2.0,56.4,53.0,65.6,61.0,28.0,28.0,32.0,32.0,37,10.2,15
0.5,0.05,2.0,Indiana,47.5,46,61,46.0,52.3,52.0,57,0.2,1.0,54.4,55.0,63.9,63.0,37.2,28.0,17.4,17.0,21,15.9,19
0.5,0.05,2.0,Oregon,47.6,44,53,47.0,13.9,14.0,16,0.1,1.0,53.9,53.0,63.1,60.0,69.1,28.0,5.4,6.0,9,3.2,6
1.0,0.05,0.5,Oregon,47.6,44,53,47.0,13.2,13.0,15,0.0,0.0,53.8,53.0,62.3,60.0,46.2,28.0,5.7,5.5,9,3.6,6
1.0,0.01,1.0,Washington,47.6,41,70,43.0,8.5,8.5,12,0.2,1.0,63.5,60.0,87.8,79.5,29.8,28.0,13.5,14.0,17,14.0,17
2.0,0.05,1.0,Indiana,47.6,44,64,46.0,56.3,56.0,61,0.1,1.0,56.9,55.0,64.8,64.5,38.4,28.0,20.6,20.0,26,14.8,18
1.0,0.05,1.0,Oregon,47.7,44,60,44.0,14.3,14.0,16,0.1,1.0,55.7,53.0,63.3,60.0,45.6,28.0,6.8,6.5,8,3.5,5
2.0,0.1,0.5,South Dakota,47.7,46,51,46.0,45.3,45.0,47,0.0,0.0,50.7,50.0,52.1,51.0,64.0,60.0,14.5,14.5,18,6.6,8
2.0,0.05,1.0,South Dakota,47.7,46,51,46.0,44.5,43.5,47,0.0,0.0,50.9,51.0,52.5,52.0,70.0,73.0,15.2,15.5,19,6.7,9
1.0,0.01,2.0,Oklahoma,47.8,37,74,37.0,32.7,31.5,38,0.0,0.0,63.7,58.0,69.8,66.5,28.0,28.0,19.1,19.5,24,5.3,10
0.5,0.01,2.0,Colorado,47.8,41,61,43.5,15.5,15.0,21,1.4,5.0,59.8,58.0,67.0,68.0,28.0,28.0,29.5,29.0,33,9.8,12
0.5,0.1,1.0,Ohio,47.8,43,55,46.0,56.2,56.0,62,0.0,0.0,55.6,55.0,59.4,60.0,56.9,54.5,19.0,18.5,24,13.0,15
1.0,0.05,0.5,Indiana,47.8,46,64,46.0,50.2,50.0,53,0.1,1.0,53.1,49.0,62.5,64.0,42.1,28.0,18.9,19.5,26,13.1,16
0.5,0.25,0.5,Utah,47.9,44,57,44.0,12.1,12.0,13,0.0,0.0,58.8,57.0,64.4,63.0,28.0,28.0,7.1,7.0,10,0.2,1
0.5,0.25,2.0,Utah,47.9,44,57,44.0,15.2,15.0,16,0.0,0.0,58.8,57.0,64.2,63.0,28.0,28.0,8.5,9.0,11,1.3,2
2.0,0.05,0.5,Oregon,47.9,44,53,47.0,15.0,15.0,16,0.0,0.0,54.2,53.0,63.3,58.5,40.5,28.0,5.8,5.0,11,3.3,5
2.0,0.01,2.0,New Mexico,48.0,37,76,43.0,9.7,9.5,11,0.2,1.0,58.2,50.0,79.8,86.0,28.0,28.0,22.8,23.5,31,2.3,4
1.0,0.05,0.5,Georgia,48.0,37,92,37.0,36.7,37.0,42,0.0,0.0,78.9,83.0,94.9,97.5,114.5,98.0,3.7,3.5,7,3.8,6
1.0,0.01,2.0,Colorado,48.0,41,61,48.0,17.0,17.0,20,0.9,2.0,57.6,59.0,66.8,61.5,31.7,28.0,31.2,33.0,39,10.4,12
1.0,0.01,1.0,Colorado,48.1,41,61,45.0,15.6,16.0,18,1.2,4.0,57.3,59.5,65.5,61.0,28.0,28.0,29.8,30.5,33,10.9,13
0.5,0.25,0.5,Kentucky,48.1,48,49,48.0,28.0,28.0,30,0.0,0.0,49.2,49.0,51.4,51.0,28.0,28.0,18.3,18.0,21,13.1,15
1.0,0.25,1.0,Kentucky,48.1,48,49,48.0,38.3,38.5,41,0.0,0.0,49.2,49.0,51.1,51.0,28.0,28.0,34.2,34.0,42,17.2,21
ALL,ALL,ALL,Nevada,48.18611111111111,40,102,43.0,3.9305555555555554,4.0,5,0.0,0.0,57.513888888888886,46.0,99.6890756302521,84.0,100.80466472303208,88.0,1.7564469914040115,2.0,4,0.225,1
1.0,0.05,0.5,South Dakota,48.2,44,50,50.0,44.6,45.0,47,0.0,0.0,50.8,51.0,53.3,53.5,88.2,94.0,10.6,11.0,14,4.4,7
2.0,0.1,1.0,South Dakota,48.2,46,51,48.0,44.7,45.0,48,0.0,0.0,51.0,50.0,52.3,51.0,77.2,94.0,14.9,15.5,17,7.7,11
0.5,0.1,0.5,Ohio,48.2,43,55,47.0,53.1,53.5,60,0.0,0.0,56.1,55.0,59.0,60.0,59.1,56.5,17.4,16.0,24,12.1,17
2.0,0.1,1.0,Ohio,48.2,43,55,47.0,59.4,59.5,63,0.0,0.0,56.5,55.0,59.8,60.0,60.4,59.0,20.3,20.0,27,14.2,18
0.5,0.25,1.0,Kentucky,48.2,48,49,48.0,31.6,31.0,40,0.0,0.0,49.4,49.0,51.5,51.0,28.0,28.0,23.0,23.0,26,14.7,17
1.0,0.25,0.5,Kentucky,48.2,48,49,48.0,33.5,33.5,38,0.0,0.0,49.4,49.0,51.8,51.0,28.0,28.0,24.4,24.5,30,16.2,18
2.0,0.25,0.5,Kentucky,48.2,48,49,48.0,38.7,38.5,42,0.0,0.0,49.4,49.0,51.5,51.0,28.0,28.0,32.9,33.5,38,17.9,19
2.0,0.01,0.5,California,48.2,33,80,33.0,5.2,5.0,8,18.0,27.0,111.7,109.5,160.7,150.0,28.0,28.0,63.2,61.5,74,31.2,33
1.0,0.05,1.0,Indiana,48.3,46,69,46.0,54.7,54.0,61,0.2,1.0,55.4,53.5,63.0,63.5,42.8,39.5,20.2,20.5,23,15.3,17
1.0,0.25,2.0,Kentucky,48.3,48,49,48.0,41.7,41.5,43,0.0,0.0,49.6,49.0,51.8,51.0,28.0,28.0,32.9,33.0,37,17.5,19
2.0,0.25,1.0,Kentucky,48.3,48,49,48.0,41.3,41.0,44,0.0,0.0,49.6,49.0,52.2,51.0,28.0,28.0,33.2,33.0,40,17.9,22
1.0,0.05,2.0,South Dakota,48.4,46,50,50.0,45.1,45.0,46,0.0,0.0,50.7,51.0,53.9,54.0,69.2,75.5,14.6,14.5,17,6.4,8
2.0,0.1,1.0,Maryland,48.5,35,83,38.0,13.8,14.0,17,0.3,1.0,59.8,59.0,71.9,73.5,32.7,28.0,10.8,9.5,17,1.2,4
1.0,0.1,1.0,South Dakota,48.5,46,51,50.0,45.8,46.0,48,0.0,0.0,51.0,51.0,53.0,53.5,90.6,94.0,11.2,11.0,14,5.9,7
2.0,0.05,0.5,South Dakota,48.5,44,51,50.0,45.4,45.0,47,0.0,0.0,51.1,51.0,53.9,54.0,81.0,90.0,15.2,16.0,18,6.0,8
ALL,ALL,ALL,Wisconsin,48.53333333333333,42,81,44.0,41.55833333333333,42.0,50,0.05277777777777778,2.0,51.78611111111111,46.0,54.475,47.0,38.63333333333333,28.0,69.58611111111111,70.0,94,20.272222222222222,28
2.0,0.01,1.0,Idaho,48.6,39,59,47.0,10.4,11.0,15,1.1,3.0,63.3,56.0,70.1,59.0,28.0,28.0,46.7,46.5,57,15.5,19
2.0,0.25,2.0,Kentucky,48.6,48,51,48.0,41.3,41.5,45,0.4,4.0,50.7,49.0,52.8,51.0,28.0,28.0,34.8,34.5,39,18.4,22
0.5,0.01,2.0,Oklahoma,48.7,37,64,47.5,27.3,27.5,32,0.0,0.0,64.4,62.5,72.9,76.0,43.9,28.0,14.7,14.5,20,4.0,7
0.5,0.25,2.0,Kentucky,48.7,48,51,48.5,38.8,39.0,42,0.5,5.0,50.9,50.0,53.4,51.5,28.0,28.0,34.7,34.5,38,16.8,20
0.5,0.01,0.5,Minnesota,48.7,42,69,45.0,28.6,29.0,34,0.3,1.0,52.5,50.0,55.9,54.0,47.3,53.0,44.5,44.0,50,32.0,37
1.0,0.05,2.0,Oregon,48.8,44,53,50.0,14.9,15.0,16,0.0,0.0,55.5,53.0,66.8,60.0,52.9,28.0,7.1,7.0,10,3.4,4
0.5,0.1,0.5,Kentucky,48.8,48,51,49.0,27.9,28.0,30,0.1,1.0,50.4,51.0,52.6,53.0,28.0,28.0,18.2,18.5,21,10.5,14
0.5,0.05,0.5,South Dakota,48.9,46,54,50.0,36.1,36.0,38,0.0,0.0,51.3,51.0,54.3,54.0,78.2,94.0,8.8,8.5,12,3.7,6
2.0,0.01,2.0,Colorado,49.0,38,68,47.0,18.4,18.0,21,0.8,2.0,58.8,59.0,64.0,61.0,28.0,28.0,32.1,31.5,40,10.3,12
1.0,0.01,0.5,Washington,49.0,35,106,43.0,8.5,8.0,11,0.4,2.0,55.9,46.0,73.2,60.0,34.5,28.0,13.5,13.5,21,12.4,14
0.5,0.1,2.0,Kentucky,49.1,48,51,48.5,38.4,38.5,43,0.5,2.0,52.7,50.0,54.9,52.0,28.0,28.0,35.3,34.5,40,13.3,16
2.0,0.1,1.0,Kentucky,49.1,48,51,49.0,42.0,42.5,46,0.8,4.0,52.2,51.0,54.7,54.0,30.8,28.0,35.4,35.5,41,13.9,20
0.5,0.25,1.0,Utah,49.2,44,57,44.0,13.2,13.0,14,0.0,0.0,59.4,57.0,64.8,63.0,28.0,28.0,6.3,6.0,8,1.2,2
0.5,0.05,2.0,South Dakota,49.2,46,51,50.0,45.3,45.0,49,0.0,0.0,52.0,51.0,53.8,54.0,85.6,94.0,11.9,11.5,16,4.8,6
0.5,0.1,1.0,Kentucky,49.2,48,51,49.0,30.9,30.5,38,1.0,5.0,52.6,51.0,55.8,54.0,30.8,28.0,24.0,24.0,28,12.4,16
1.0,0.1,0.5,Kentucky,49.2,48,51,49.0,34.4,34.5,38,0.9,4.0,52.9,51.0,55.1,53.0,28.0,28.0,27.2,27.5,33,13.6,17
0.5,0.05,0.5,Indiana,49.2,46,63,46.0,39.1,39.5,43,0.0,0.0,60.7,62.0,65.3,63.5,63.5,52.0,15.4,16.0,18,14.3,18
1.0,0.05,2.0,Ohio,49.2,43,55,50.0,56.8,56.5,61,0.0,0.0,56.6,55.0,59.5,60.0,60.6,65.5,18.0,18.5,23,15.1,19
0.5,0.05,1.0,South Dakota,49.3,46,51,50.0,39.6,39.0,43,0.0,0.0,51.5,51.0,55.2,55.5,77.1,86.0,10.1,10.0,13,5.6,7
2.0,0.25,1.0,Illinois,49.3,43,50,50.0,63.2,63.0,67,0.0,0.0,53.0,54.0,56.0,57.0,34.0,28.0,18.5,18.0,21,5.6,9
1.0,0.25,0.5,Illinois,49.3,43,50,50.0,58.6,59.5,62,0.0,0.0,52.6,54.0,55.5,57.0,36.8,28.0,15.0,14.0,19,5.7,9
2.0,0.05,2.0,South Dakota,49.3,46,51,50.0,45.7,46.0,51,0.0,0.0,51.1,51.0,53.2,54.0,70.8,94.0,16.8,16.5,20,6.3,11
1.0,0.01,0.5,Idaho,49.4,38,88,43.5,7.6,8.0,10,1.8,6.0,56.9,57.5,66.6,61.0,28.0,28.0,37.7,37.0,44,13.1,16
2.0,0.01,0.5,Minnesota,49.4,42,69,45.0,30.7,30.5,35,0.6,4.0,53.8,50.5,57.0,54.0,50.7,49.5,53.5,51.0,66,37.5,41
0.5,0.01,1.0,Colorado,49.5,41,61,48.5,12.0,12.0,15,1.2,3.0,60.2,60.0,67.4,66.5,28.0,28.0,21.4,21.0,28,8.1,10
0.5,0.05,1.0,Kentucky,49.5,48,51,49.0,30.2,30.0,35,0.6,2.0,54.8,53.0,58.4,58.5,46.2,56.0,21.4,21.0,24,8.9,13
2.0,0.1,2.0,Kentucky,49.6,48,51,49.0,42.2,42.0,44,0.6,3.0,53.0,51.0,55.8,53.0,28.0,28.0,37.8,37.0,46,13.4,15
2.0,0.1,0.5,Kentucky,49.6,48,51,49.0,39.1,39.5,42,0.7,3.0,53.0,51.0,56.4,55.0,30.8,28.0,33.2,32.5,43,15.1,19
1.0,0.1,1.0,Kentucky,49.6,48,51,49.0,37.5,37.5,43,1.0,4.0,53.5,51.0,56.6,55.0,28.0,28.0,33.0,35.0,39,15.1,17
ALL,ALL,ALL,South Dakota,49.65833333333333,44,73,50.0,42.96944444444444,44.0,51,0.002777777777777778,1.0,53.480555555555554,51.0,55.94722222222222,53.0,76.46666666666667,94.0,11.702777777777778,12.0,22,5.286111111111111,11
2.0,0.05,2.0,Georgia,49.7,37,92,37.0,52.7,53.5,55,0.0,0.0,84.0,91.5,97.4,103.0,90.0,98.0,4.0,4.0,6,4.4,6
2.0,0.01,2.0,Idaho,49.7,38,59,53.0,10.2,10.5,14,1.9,5.0,69.9,63.5,88.1,88.5,28.0,28.0,45.7,46.0,50,16.8,21
2.0,0.25,0.5,Utah,49.8,44,63,44.0,15.3,15.0,16,0.0,0.0,60.0,57.0,65.4,63.0,28.0,28.0,9.0,9.0,11,2.7,3
1.0,0.05,0.5,Kentucky,49.8,48,51,50.0,35.7,35.5,40,0.6,2.0,53.8,52.0,58.7,55.0,44.8,56.0,24.6,25.0,31,8.5,12
1.0,0.1,2.0,Kentucky,49.8,48,51,50.0,41.6,43.0,46,1.1,4.0,55.1,55.5,57.5,58.5,28.0,28.0,34.4,34.5,40,14.6,21
2.0,0.25,0.5,Illinois,50.0,50,50,50.0,64.0,64.0,67,0.0,0.0,53.6,54.0,56.7,57.0,39.0,28.0,18.5,18.0,23,5.2,7
1.0,0.25,2.0,Illinois,50.0,50,50,50.0,63.6,64.0,67,0.0,0.0,53.6,54.0,56.7,57.0,30.8,28.0,17.6,18.0,21,5.4,9
2.0,0.05,2.0,Kentucky,50.0,49,51,50.0,41.4,41.0,45,0.6,3.0,55.6,55.0,60.8,61.0,43.4,42.0,37.2,37.0,41,11.1,15
0.5,0.01,1.0,Idaho,50.0,38,59,47.0,7.1,6.0,13,0.7,2.0,59.8,59.0,67.8,63.0,36.4,28.0,34.8,35.5,42,13.4,17
2.0,0.25,1.0,Missouri,50.1,48,51,51.0,77.6,78.0,80,0.0,0.0,53.1,54.0,57.5,60.0,49.6,55.0,20.1,20.5,24,12.7,14
1.0,0.01,2.0,Washington,50.1,35,70,43.0,10.5,10.5,15,0.4,2.0,62.3,54.5,80.5,65.0,35.7,28.0,14.2,14.0,18,13.3,16
0.5,0.05,0.5,Kentucky,50.2,49,51,51.0,27.0,27.0,32,1.0,4.0,55.6,55.0,59.5,60.0,46.1,55.5,15.3,16.0,18,6.7,14
0.5,0.05,2.0,Kentucky,50.2,48,51,51.0,36.8,37.0,41,1.0,2.0,57.0,60.0,61.1,62.0,42.0,42.0,31.9,30.5,44,11.4,16
1.0,0.05,1.0,Kentucky,50.2,49,51,51.0,37.4,38.0,40,1.1,4.0,56.1,57.5,59.9,61.0,36.4,28.0,31.2,31.0,36,11.8,15
2.0,0.05,0.5,Kentucky,50.2,48,51,51.0,38.6,38.0,41,1.0,3.0,55.9,57.5,58.9,61.0,33.6,28.0,33.0,33.0,39,12.0,14
1.0,0.05,2.0,Kentucky,50.3,48,51,51.0,43.0,44.0,48,1.3,5.0,56.7,57.5,61.0,61.0,33.6,28.0,35.4,37.0,41,10.8,15
2.0,0.01,2.0,Oklahoma,50.4,37,79,47.5,35.1,35.5,37,0.0,0.0,69.7,70.0,73.8,73.0,28.0,28.0,20.9,20.5,26,5.3,10
0.5,0.25,1.0,Illinois,50.4,46,54,50.0,53.8,54.0,56,0.0,0.0,54.1,54.0,56.6,57.0,32.1,28.0,13.3,13.0,17,5.4,8
0.5,0.25,2.0,Illinois,50.4,50,54,50.0,59.7,59.0,62,0.0,0.0,54.2,54.0,57.2,57.0,39.0,28.0,19.4,18.5,25,5.4,8
1.0,0.25,1.0,Illinois,50.4,50,54,50.0,61.8,61.5,64,0.0,0.0,53.9,54.0,56.7,57.0,40.3,28.0,17.0,17.0,19,5.5,7
2.0,0.25,2.0,Illinois,50.4,50,54,50.0,64.0,64.0,67,0.0,0.0,53.9,54.0,56.5,57.0,34.9,28.0,21.0,20.5,25,6.9,9
0.5,0.25,0.5,Missouri,50.4,48,51,51.0,53.4,53.0,60,0.0,0.0,53.4,54.0,58.4,60.0,50.0,55.0,10.6,10.5,14,9.2,12
2.0,0.25,0.5,Missouri,50.4,48,54,51.0,75.7,76.0,78,0.0,0.0,53.4,54.0,56.8,56.0,47.3,55.0,17.0,18.0,19,11.4,14
1.0,0.25,1.0,Utah,50.5,44,57,50.5,15.7,16.0,17,0.0,0.0,60.0,60.0,65.6,65.0,28.0,28.0,7.9,7.0,11,1.3,2
2.0,0.25,1.0,Utah,50.5,44,57,50.5,15.6,16.0,16,0.0,0.0,60.0,60.0,65.4,65.0,28.0,28.0,7.7,7.5,10,2.4,3
2.0,0.25,2.0,Utah,50.5,44,57,50.5,15.6,15.5,17,0.0,0.0,60.0,60.0,65.6,65.0,28.0,28.0,8.2,8.5,10,2.4,3
2.0,0.05,1.0,Kentucky,50.6,49,53,51.0,41.5,41.0,45,1.0,3.0,56.5,57.5,61.7,61.0,36.4,28.0,35.4,36.0,42,11.5,15
0.5,0.01,2.0,Idaho,50.6,38,59,57.5,10.3,10.0,16,0.1,1.0,61.8,60.0,73.6,65.5,28.0,28.0,43.8,44.5,49,14.9,18
2.0,0.01,1.0,Minnesota,50.6,42,68,45.0,31.1,30.5,39,0.1,1.0,53.9,48.0,56.7,51.5,49.3,55.0,60.0,61.0,74,37.4,46
1.0,0.25,0.5,Missouri,50.7,48,51,51.0,70.2,70.0,75,0.0,0.0,53.1,54.0,57.4,58.0,50.0,55.0,16.8,17.0,18,11.1,15
0.5,0.25,1.0,Missouri,50.7,48,51,51.0,66.8,66.5,71,0.0,0.0,53.1,54.0,57.4,58.0,52.3,55.0,15.0,14.5,18,11.6,15
0.5,0.05,0.5,Ohio,50.7,43,60,52.0,49.1,49.0,52,0.0,0.0,58.3,57.5,62.2,60.0,62.6,64.5,12.9,12.0,19,11.7,16
0.5,0.25,2.0,Missouri,50.7,48,54,51.0,72.9,73.5,75,0.0,0.0,53.7,52.5,56.6,55.0,50.8,55.0,16.7,16.0,22,13.0,16
1.0,0.25,2.0,Missouri,50.7,48,51,51.0,76.0,75.0,79,0.0,0.0,53.7,54.0,57.8,58.0,52.3,55.0,22.1,22.0,25,13.7,17
0.5,0.25,0.5,Illinois,50.8,50,54,50.0,47.9,47.5,54,0.0,0.0,54.5,54.0,56.9,57.0,36.2,28.0,10.3,10.5,13,2.8,4
0.5,0.1,0.5,Illinois,50.8,50,54,50.0,43.8,44.5,47,0.0,0.0,54.1,54.0,57.0,57.0,60.1,69.0,9.1,9.0,14,2.9,5
2.0,0.1,2.0,Ohio,50.8,43,55,52.0,59.4,59.0,62,0.0,0.0,54.9,55.0,57.9,57.5,62.9,63.0,20.8,20.5,27,13.9,18
2.0,0.05,1.0,Ohio,50.8,43,55,55.0,58.1,59.0,62,0.0,0.0,58.0,60.0,63.0,60.0,64.6,72.0,18.1,18.0,23,14.5,19
0.5,0.01,1.0,Washington,50.9,41,70,43.0,8.0,8.0,10,0.2,1.0,62.1,49.0,75.8,70.0,28.0,28.0,11.7,11.5,18,11.5,14
1.0,0.05,1.0,Ohio,50.9,43,60,53.0,55.8,56.0,60,0.0,0.0,58.3,57.5,61.9,60.0,64.7,71.0,20.7,21.0,25,15.3,22
1.0,0.25,1.0,Missouri,51.0,51,51,51.0,74.0,75.0,80,0.0,0.0,53.7,54.0,58.6,60.0,46.9,55.0,18.6,17.5,24,12.0,19
0.5,0.1,2.0,Ohio,51.0,43,55,51.0,58.0,58.0,61,0.0,0.0,56.5,55.0,60.0,60.0,66.2,70.0,20.0,19.5,28,14.0,17
2.0,0.25,2.0,Missouri,51.0,48,54,51.0,79.1,79.5,83,0.0,0.0,53.4,54.0,58.2,60.0,50.0,55.0,21.1,21.5,25,14.8,18
0.5,0.01,2.0,California,51.0,33,80,33.0,3.9,3.0,9,17.9,31.0,136.8,128.0,137.125,141.0,28.0,28.0,62.0,63.5,74,30.7,33
0.5,0.01,1.0,Minnesota,51.0,42,69,48.0,30.7,30.5,36,0.3,1.0,55.4,57.0,58.5,59.5,48.1,49.5,51.0,49.5,58,35.2,42
0.5,0.01,0.5,Iowa,51.0,45,61,50.0,22.6,22.0,27,0.6,4.0,56.7,55.5,60.3,61.0,52.4,54.0,60.0,60.5,73,47.2,51
0.5,0.05,2.0,Ohio,51.3,43,60,55.0,55.4,56.0,59,0.0,0.0,59.2,60.0,64.3,64.0,64.9,75.0,20.2,21.5,28,15.5,19
1.0,0.01,0.5,Nevada,51.4,40,102,47.0,3.1,3.0,4,0.0,0.0,83.9,89.0,149.0,131.5,117.0,123.0,1.3,1.0,3,0.7,1
2.0,0.05,2.0,Ohio,51.4,43,55,55.0,58.2,59.0,61,0.0,0.0,58.0,60.0,62.6,60.0,67.3,75.0,17.8,17.0,24,14.5,17
0.5,0.05,1.0,Ohio,51.4,43,55,55.0,50.7,51.0,54,0.0,0.0,58.0,60.0,63.2,64.0,65.4,75.0,15.6,15.0,21,14.7,19
0.5,0.1,1.0,Illinois,51.6,50,54,50.0,50.4,51.0,52,0.0,0.0,56.4,55.5,61.2,61.5,55.4,69.0,12.4,12.5,16,4.5,7
0.5,0.1,0.5,Missouri,51.6,48,54,51.0,48.8,49.0,52,0.0,0.0,55.4,54.0,58.8,60.0,52.0,59.0,9.3,9.0,12,7.4,10
1.0,0.1,0.5,Ohio,51.6,43,55,55.0,57.2,56.5,61,0.0,0.0,57.5,57.5,60.4,60.0,65.3,70.0,18.2,18.5,25,13.2,15
1.0,0.01,2.0,Minnesota,51.7,42,70,48.0,33.1,34.0,42,0.4,1.0,55.8,57.0,58.8,62.0,39.2,28.0,57.5,58.0,63,37.3,49
1.0,0.25,0.5,Utah,51.8,44,57,57.0,13.4,13.0,15,0.0,0.0,60.6,63.0,66.6,69.0,28.0,28.0,7.0,7.0,10,1.5,2
2.0,0.01,0.5,Washington,51.8,35,70,43.0,9.4,9.5,11,0.2,1.0,64.5,65.0,80.8,74.5,38.6,28.0,15.2,15.5,20,13.2,16
1.0,0.01,1.0,California,51.8,33,80,33.0,4.6,5.0,6,17.444444444444443,26.0,117.44444444444444,128.0,179.44444444444446,159.0,28.0,28.0,59.3,58.0,68,30.4,33
1.0,0.1,2.0,Missouri,51.9,48,60,51.0,72.7,72.0,76,0.0,0.0,57.2,57.0,62.6,60.0,51.3,55.0,19.9,20.0,23,14.2,16
2.0,0.1,2.0,Missouri,51.9,48,60,51.0,76.0,76.5,80,0.0,0.0,55.7,54.0,60.9,60.0,42.2,28.0,19.1,19.0,25,14.5,19
0.5,0.25,1.0,New York,52.0,52,52,52.0,11.5,11.0,16,0.3,1.0,56.0,56.0,61.1,60.0,28.0,28.0,216.1,216.5,224,36.4,38
2.0,0.25,0.5,New York,52.0,52,52,52.0,12.6,13.0,15,0.3,1.0,56.0,56.0,61.1,60.0,28.0,28.0,227.1,229.0,237,37.2,39
2.0,0.25,1.0,New York,52.0,52,52,52.0,12.5,12.5,14,0.1,1.0,55.8,56.0,60.2,60.0,28.0,28.0,228.9,229.0,236,37.3,41
0.5,0.25,0.5,New York,52.0,52,52,52.0,10.9,10.5,14,0.4,1.0,56.0,56.0,60.2,60.0,28.0,28.0,185.2,184.5,192,37.4,41
1.0,0.25,0.5,New York,52.0,52,52,52.0,11.7,12.0,14,0.1,1.0,55.8,56.0,60.1,60.0,28.0,28.0,219.1,218.0,227,37.8,41
1.0,0.25,2.0,New York,52.0,52,52,52.0,11.4,11.5,14,0.8,1.0,56.0,56.0,61.7,60.5,28.0,28.0,230.8,233.0,240,38.4,40
1.0,0.25,1.0,New York,52.0,52,52,52.0,11.5,11.5,15,0.3,1.0,56.0,56.0,62.1,60.5,28.0,28.0,227.7,227.5,239,38.5,41
0.5,0.01,1.0,Oklahoma,52.1,37,81,47.5,17.7,17.5,22,0.0,0.0,67.7,65.0,78.1,73.0,43.9,28.0,9.8,10.0,12,1.7,4
1.0,0.01,1.0,Iowa,52.1,45,62,52.0,26.3,25.0,31,0.7,4.0,58.6,60.5,63.5,62.5,42.7,37.5,80.7,82.0,90,54.5,58
0.5,0.1,2.0,Maryland,52.2,35,80,54.0,13.2,14.0,15,0.2,2.0,68.4,68.0,74.3,70.5,45.5,28.0,10.0,8.5,20,1.4,4
0.5,0.05,1.0,Missouri,52.2,48,60,51.0,56.5,56.0,61,0.0,0.0,59.9,60.0,64.6,65.0,51.0,55.0,10.0,10.0,13,7.6,11
1.0,0.01,1.0,Minnesota,52.2,42,68,48.0,33.1,33.0,37,0.4,2.0,56.0,57.0,58.5,60.0,43.7,28.0,57.5,56.5,66,34.5,40
ALL,ALL,ALL,Oregon,52.202777777777776,44,121,44.0,13.725,14.0,18,0.07777777777777778,1.0,61.15277777777778,53.0,69.81111111111112,60.0,60.76323119777159,51.0,5.966666666666667,6.0,13,2.9444444444444446,6
0.5,0.1,2.0,Illinois,52.3,50,54,53.5,57.2,57.5,60,0.0,0.0,57.6,57.0,60.5,60.0,47.2,42.0,16.8,16.0,20,5.1,8
1.0,0.01,1.0,Idaho,52.3,38,89,47.0,9.6,9.0,13,2.2,7.0,68.6,59.0,79.5,79.5,32.2,28.0,43.1,43.5,52,15.9,19
1.0,0.01,2.0,Michigan,52.4,30,78,50.5,31.6,32.0,34,0.1,1.0,74.9,78.0,89.3,90.0,102.9,104.0,23.8,24.0,30,19.5,25
2.0,0.25,2.0,New York,52.4,52,56,52.0,12.7,12.0,18,0.4,1.0,56.4,56.0,60.1,60.0,28.0,28.0,228.0,227.0,239,37.1,40
0.5,0.25,2.0,New York,52.4,52,56,52.0,11.5,11.0,13,0.5,1.0,56.4,56.0,61.2,60.0,28.0,28.0,230.9,230.0,245,38.3,40
0.5,0.1,0.5,New York,52.4,52,56,52.0,8.4,8.5,10,0.3,1.0,56.5,56.0,62.0,61.0,28.0,28.0,175.9,178.0,180,38.8,41
1.0,0.01,0.5,Iowa,52.4,45,61,52.0,24.8,26.0,28,0.6,4.0,58.8,59.0,62.5,62.0,42.3,37.5,70.2,70.0,78,51.1,56
0.5,0.1,1.0,Missouri,52.5,48,60,51.0,62.8,62.0,68,0.0,0.0,56.7,55.0,61.6,60.0,51.1,28.0,12.7,13.0,16,8.8,12
2.0,0.01,1.0,Pennsylvania,52.5,40,85,40.0,42.1,40.5,48,0.1,1.0,76.1,68.0,96.1,90.5,74.5,87.0,24.8,25.0,31,12.6,17
2.0,0.1,0.5,Missouri,52.5,51,60,51.0,71.4,71.5,75,0.0,0.0,57.2,57.0,61.5,60.0,47.9,28.0,15.2,15.5,17,13.4,16
0.5,0.01,2.0,Minnesota,52.5,42,69,45.0,29.3,29.0,38,0.2,1.0,55.4,52.5,58.3,57.0,36.9,28.0,57.0,56.5,62,39.0,45
2.0,0.05,0.5,Georgia,52.6,37,88,37.0,49.2,49.0,52,0.0,0.0,79.6,92.0,97.1,104.5,112.5,98.0,4.3,4.5,8,4.9,7
1.0,0.05,0.5,Ohio,52.6,43,55,55.0,53.1,53.0,57,0.0,0.0,58.6,60.0,63.1,64.0,68.8,75.0,16.6,14.0,29,14.2,18
1.0,0.05,0.5,Illinois,52.7,50,62,50.0,52.2,52.5,55,0.0,0.0,58.5,57.0,63.2,62.0,55.9,69.0,13.8,14.0,18,4.5,7
ALL,ALL,ALL,Indiana,52.74166666666667,39,120,46.0,52.0,53.0,67,0.1111111111111111,3.0,61.38611111111111,46.0,68.525,61.0,50.772222222222226,28.0,19.716666666666665,20.0,33,13.927777777777777,24
1.0,0.1,1.0,Illinois,52.8,50,54,54.0,59.6,59.0,62,0.0,0.0,58.3,57.0,61.0,62.0,57.3,69.0,14.8,14.5,18,4.1,6
0.5,0.1,1.0,New York,52.8,52,56,52.0,9.2,10.0,10,0.3,1.0,56.9,56.0,62.9,63.5,28.0,28.0,205.7,207.5,216,37.9,39
2.0,0.1,1.0,New York,52.8,52,56,52.0,9.0,9.5,11,0.0,0.0,57.0,56.0,64.3,65.0,28.0,28.0,222.4,222.5,238,40.5,44
1.0,0.1,0.5,Maryland,52.9,35,80,56.0,12.9,13.0,15,0.2,2.0,68.9,68.5,77.4,80.0,84.6,71.0,9.3,10.0,13,1.4,3
0.5,0.1,0.5,Utah,53.0,44,63,57.0,11.2,11.0,13,0.0,0.0,63.3,63.0,67.0,67.0,28.0,28.0,6.5,6.5,9,0.3,1
2.0,0.1,1.0,Illinois,53.0,50,57,54.0,61.1,61.0,64,0.0,0.0,56.8,57.0,60.1,60.0,51.5,62.5,17.5,16.5,23,6.1,9
2.0,0.05,0.5,Ohio,53.0,43,55,55.0,57.7,57.5,61,0.0,0.0,58.5,60.0,62.5,60.0,70.7,73.5,17.1,18.0,23,14.1,17
1.0,0.25,2.0,Utah,53.1,44,57,57.0,15.5,15.5,16,0.0,0.0,61.2,63.0,66.2,67.0,28.0,28.0,9.6,10.0,12,2.5,3
0.5,0.1,2.0,Missouri,53.1,51,60,51.0,70.9,71.5,73,0.0,0.0,57.8,60.0,62.0,62.5,49.6,28.0,14.8,15.0,18,11.3,14
2.0,0.01,1.0,Wyoming,53.2,42,65,55.0,10.8,11.0,13,0.1,1.0,62.2,65.0,73.7,73.5,79.4,75.0,0.7142857142857143,1.0,1,0.2,1
1.0,0.1,2.0,Illinois,53.2,50,62,54.0,60.7,60.5,64,0.0,0.0,59.6,59.0,61.5,60.0,56.9,69.0,17.4,17.0,20,6.4,10
2.0,0.1,0.5,New York,53.2,52,56,52.0,10.1,10.0,12,0.3,1.0,57.2,56.0,63.8,63.5,28.0,28.0,226.5,225.5,241,39.4,40
1.0,0.1,0.5,New York,53.2,52,56,52.0,8.9,9.5,12,0.3,1.0,58.0,56.0,64.6,65.0,28.0,28.0,208.0,208.0,214,39.5,44
2.0,0.1,2.0,New York,53.2,52,56,52.0,9.4,9.5,12,1.0,8.0,59.0,56.0,64.7,65.0,28.0,28.0,222.7,222.5,230,40.0,44
0.5,0.1,2.0,New York,53.2,52,56,52.0,9.0,9.0,12,0.4,1.0,58.2,56.0,65.9,65.0,28.0,28.0,222.0,220.5,230,40.6,44
0.5,0.01,2.0,Washington,53.4,41,70,43.0,8.7,8.5,12,0.0,0.0,64.3,60.0,83.7,70.0,43.9,28.0,14.6,13.5,20,13.6,18
1.0,0.05,0.5,New York,53.4,52,62,52.0,6.8,5.5,11,0.4,3.0,58.6,56.0,72.0,69.0,32.0,28.0,195.0,196.0,205,40.7,44
2.0,0.1,2.0,Illinois,53.5,50,62,54.0,61.5,61.0,64,0.0,0.0,57.7,57.0,62.2,61.5,58.2,69.0,18.4,19.0,22,6.9,9
0.5,0.05,1.0,Maryland,53.6,35,90,37.5,12.4,13.0,14,0.1,1.0,71.4,75.5,84.5,85.5,93.8,75.0,6.5,6.0,13,0.9,4
1.0,0.1,1.0,Missouri,53.6,51,60,51.0,71.7,72.0,75,0.0,0.0,58.0,57.0,61.3,60.0,59.8,55.0,14.5,14.5,18,11.3,16
0.5,0.05,1.0,New York,53.6,52,56,52.0,6.8,6.5,10,6.8,34.0,68.6,60.5,79.1,76.0,28.0,28.0,194.1,195.0,204,39.7,46
1.0,0.1,1.0,Utah,53.7,44,63,57.0,14.5,14.5,16,0.0,0.0,62.9,63.0,67.6,69.0,28.0,28.0,7.5,7.5,9,1.5,3
0.5,0.05,2.0,Missouri,53.7,48,60,51.0,65.3,65.0,67,0.0,0.0,60.9,60.0,65.8,65.0,50.5,41.5,11.2,12.0,15,10.9,16
2.0,0.1,0.5,Illinois,53.8,50,62,54.0,60.5,60.5,62,0.0,0.0,58.5,57.0,62.2,62.0,53.6,69.0,16.0,16.0,22,4.6,6
2.0,0.05,2.0,Illinois,53.9,50,57,54.0,58.6,58.0,62,0.0,0.0,58.8,57.5,62.3,62.0,40.5,28.0,19.4,19.5,25,6.9,10
2.0,0.01,2.0,Iowa,53.9,45,64,52.0,27.3,27.0,33,0.8,4.0,59.6,59.0,63.5,61.5,50.6,58.0,86.5,87.0,96,58.1,63
1.0,0.1,0.5,Missouri,54.0,51,60,54.0,67.2,67.0,70,0.0,0.0,58.4,60.0,61.1,60.0,56.0,59.0,14.2,14.5,18,10.4,13
2.0,0.05,2.0,Missouri,54.0,51,60,51.0,72.2,72.5,75,0.0,0.0,60.4,60.0,64.7,65.0,58.1,55.0,16.6,16.0,21,16.1,21
1.0,0.1,2.0,New York,54.0,52,56,54.0,10.5,10.5,14,0.6,3.0,59.8,58.0,66.8,63.5,28.0,28.0,217.4,216.5,231,39.0,43
1.0,0.05,1.0,New York,54.0,52,56,54.0,7.9,8.0,12,2.1,14.0,64.2,62.5,75.6,75.0,28.0,28.0,208.8,210.0,232,40.9,44
2.0,0.05,1.0,New York,54.0,52,56,54.0,8.0,8.5,11,2.0,11.0,63.9,63.5,77.5,78.5,28.0,28.0,214.2,215.0,232,41.2,45
2.0,0.01,1.0,South Dakota,54.1,50,65,51.0,42.5,43.0,44,0.0,0.0,62.2,61.0,65.0,64.5,28.0,28.0,11.9,13.0,16,4.2,5
0.5,0.01,0.5,Pennsylvania,54.1,40,101,40.0,30.3,31.5,35,0.2,1.0,80.3,68.0,101.2,99.5,77.4,91.5,17.7,17.0,25,13.3,17
0.5,0.05,0.5,New York,54.1,52,61,52.0,7.6,7.5,10,0.7,4.0,61.3,59.0,68.7,68.0,28.0,28.0,164.0,166.5,169,38.6,42
ALL,ALL,ALL,Ohio,54.16388888888889,43,111,51.0,53.78055555555556,56.0,64,0.008333333333333333,1.0,63.725,55.0,68.54722222222222,60.0,71.0111111111111,65.0,19.11111111111111,19.0,32,13.594444444444445,22
0.5,0.1,2.0,Utah,54.3,44,63,57.0,14.7,15.0,16,0.0,0.0,62.4,63.0,69.8,69.0,28.0,28.0,9.4,9.0,13,1.9,3
1.0,0.05,2.0,Georgia,54.3,37,92,37.0,53.0,52.0,58,0.0,0.0,86.3,92.0,101.2,106.0,99.3,98.0,4.4,4.0,7,4.1,6
1.0,0.1,0.5,Illinois,54.3,50,62,54.0,55.9,56.0,58,0.0,0.0,58.9,57.0,61.9,62.0,42.5,28.0,14.3,14.0,19,4.3,7
2.0,0.1,1.0,Missouri,54.3,51,60,54.0,74.5,75.0,77,0.0,0.0,59.2,60.0,62.0,62.5,60.9,59.0,18.9,18.5,25,12.5,16
1.0,0.05,0.5,Missouri,54.5,51,60,52.5,61.4,62.0,65,0.0,0.0,60.6,60.0,64.5,65.0,61.3,43.5,10.1,10.0,15,9.1,15
2.0,0.01,1.0,Iowa,54.5,46,62,53.5,24.3,24.0,32,0.2,1.0,57.8,58.0,62.4,61.5,43.4,49.0,83.2,82.5,97,59.5,64
2.0,0.01,2.0,Minnesota,54.6,42,69,52.0,31.8,31.5,41,0.5,1.0,58.2,58.5,61.4,63.5,49.8,50.5,58.6,60.5,69,38.0,44
1.0,0.05,2.0,New York,54.6,52,62,54.0,7.6,7.5,12,3.9,21.0,65.1,59.0,76.0,67.5,28.0,28.0,212.9,213.0,231,41.2,45
1.0,0.01,2.0,Iowa,54.7,46,62,53.5,25.3,26.0,29,0.3,1.0,59.6,61.0,64.7,63.0,53.5,58.0,83.8,83.5,94,58.0,62
ALL,ALL,ALL,Kentucky,54.791666666666664,48,138,49.0,34.74722222222222,36.0,48,0.5333333333333333,6.0,63.13333333333333,51.0,69.2,55.0,54.675,28.0,26.52777777777778,27.5,46,11.636111111111111,22
2.0,0.01,0.5,Wyoming,54.8,39,68,55.0,11.2,11.0,13,0.0,0.0,61.9,65.0,77.5,70.0,124.66666666666667,75.0,1.0,1.0,1,0.0,0
2.0,0.05,1.0,Illinois,54.8,50,62,54.0,59.0,59.5,61,0.0,0.0,60.0,59.5,63.5,62.0,47.7,28.0,15.6,15.5,19,6.1,8
1.0,0.1,1.0,New York,54.8,52,68,52.0,8.2,8.0,11,0.9,4.0,60.4,56.0,70.7,65.0,28.0,28.0,222.1,223.0,232,41.3,44
2.0,0.05,1.0,Missouri,55.0,51,60,55.0,68.4,68.5,72,0.0,0.0,61.0,60.0,64.9,65.0,70.8,67.5,15.4,15.5,19,15.0,19
0.5,0.25,1.0,Florida,55.0,55,55,55.0,15.7,15.0,19,0.0,0.0,70.0,70.0,72.1,72.0,28.0,28.0,21.2,21.5,23,17.5,19
2.0,0.25,0.5,Florida,55.0,55,55,55.0,16.8,17.0,18,0.0,0.0,70.0,70.0,71.9,72.0,28.0,28.0,42.8,43.5,47,19.2,21
1.0,0.25,2.0,Florida,55.0,55,55,55.0,16.1,15.5,18,0.0,0.0,70.0,70.0,71.9,72.0,28.0,28.0,42.1,42.0,45,20.1,22
0.5,0.05,2.0,New York,55.0,52,62,56.0,8.2,8.0,13,5.5,26.0,67.4,60.0,91.9,75.0,28.0,28.0,214.3,215.0,224,41.2,45
0.5,0.05,1.0,Illinois,55.1,50,62,54.0,47.5,47.5,51,0.0,0.0,60.0,57.5,64.6,64.0,51.5,48.5,11.9,12.5,16,4.0,6
0.5,0.01,1.0,Iowa,55.1,45,62,55.0,22.2,22.0,27,0.6,4.0,59.3,60.5,63.2,62.5,57.3,60.5,67.5,66.0,81,52.6,58
2.0,0.01,1.0,Arizona,55.2,44,75,53.0,7.0,7.0,9,0.4,2.0,68.0,58.5,86.2,84.5,28.0,28.0,16.5,17.5,21,3.5,7
1.0,0.01,0.5,Arizona,55.3,44,69,53.0,5.7,6.0,7,0.5,3.0,69.7,60.0,78.2,65.5,28.0,28.0,12.6,12.5,17,3.2,5
2.0,0.05,0.5,Missouri,55.5,48,60,57.0,67.4,66.5,73,0.0,0.0,60.9,62.0,65.9,65.0,74.0,72.0,12.1,12.0,14,13.4,17
2.0,0.25,2.0,Florida,55.5,55,60,55.0,16.6,16.5,20,0.0,0.0,70.0,70.0,71.9,72.0,28.0,28.0,43.8,44.5,49,19.0,23
2.0,0.25,1.0,Florida,55.5,55,60,55.0,16.5,16.5,19,0.0,0.0,70.0,70.0,72.0,72.0,28.0,28.0,43.5,43.5,46,19.7,23
2.0,0.05,2.0,New York,55.5,52,75,52.0,7.4,8.0,11,1.6,8.0,64.6,60.5,84.0,78.0,28.0,28.0,208.4,209.0,232,41.8,46
2.0,0.1,1.0,Utah,55.6,44,63,57.0,15.2,15.0,16,0.0,0.0,62.6,63.0,67.2,68.0,28.0,28.0,9.5,10.0,11,2.4,3
1.0,0.1,2.0,Utah,55.6,44,63,57.0,14.9,15.0,16,0.0,0.0,64.0,63.0,68.6,69.0,28.0,28.0,9.8,10.0,14,2.7,4
2.0,0.1,2.0,Utah,55.6,44,63,57.0,14.7,15.0,16,0.0,0.0,62.8,63.0,69.9,69.0,28.0,28.0,8.8,9.0,11,3.1,4
1.0,0.01,2.0,South Dakota,55.6,46,68,54.0,42.1,43.0,44,0.0,0.0,63.4,60.0,67.7,65.0,53.6,28.0,11.6,13.0,14,3.8,7
1.0,0.05,1.0,Illinois,55.6,50,62,54.0,57.0,57.5,59,0.0,0.0,62.5,59.5,64.3,64.0,52.3,48.5,15.0,14.5,18,4.8,8
2.0,0.01,2.0,California,55.7,33,80,52.5,6.3,6.0,10,14.6,24.0,107.9,112.5,148.1,139.0,28.0,28.0,58.0,59.0,70,29.7,33
2.0,0.01,0.5,Arizona,55.8,44,75,53.0,6.7,7.0,8,0.3,2.0,72.2,63.0,95.8,110.0,28.0,28.0,14.6,14.0,17,3.0,5
2.0,0.01,0.5,Iowa,55.8,50,64,53.5,26.7,27.5,32,0.8,4.0,59.2,57.0,62.0,60.0,57.1,60.0,82.3,81.5,91,56.0,62
0.5,0.05,0.5,Maryland,56.0,35,83,56.0,11.1,11.0,14,0.2,1.0,76.9,80.0,84.8,83.0,90.55555555555556,62.0,4.0,4.0,9,0.4,1
0.5,0.05,2.0,Illinois,56.0,50,62,54.0,56.1,56.5,59,0.0,0.0,62.9,62.0,65.4,64.0,47.7,28.0,14.4,14.5,19,4.7,7
0.5,0.25,0.5,Florida,56.0,55,60,55.0,14.2,14.0,17,0.0,0.0,70.0,70.0,72.3,72.5,28.0,28.0,12.9,13.0,14,14.7,18
0.5,0.01,0.5,Michigan,56.0,30,78,58.5,20.8,20.5,27,0.2,1.0,69.6,75.0,86.6,82.0,89.9,90.0,15.7,14.5,26,15.5,21
0.5,0.01,0.5,South Dakota,56.1,46,67,57.0,30.1,30.0,34,0.0,0.0,61.5,61.5,66.2,63.0,83.4,86.0,6.5,6.5,9,2.3,7
2.0,0.05,0.5,Utah,56.2,44,63,57.0,14.4,14.0,16,0.0,0.0,64.2,63.0,68.6,69.0,28.0,28.0,8.3,8.5,10,2.7,4
0.5,0.1,1.0,Utah,56.3,44,63,57.0,12.6,13.0,13,0.0,0.0,63.5,63.0,68.6,69.0,28.0,28.0,6.8,6.0,10,0.8,3
0.5,0.01,0.5,Arizona,56.4,44,75,53.5,5.3,5.5,8,0.1,1.0,64.6,57.5,87.5,72.0,36.6,28.0,7.9,7.5,11,2.8,4
0.5,0.05,0.5,Illinois,56.4,50,62,57.0,38.3,38.5,42,0.0,0.0,61.1,61.0,63.5,62.0,65.7,69.0,7.7,8.0,11,3.0,5
1.0,0.01,1.0,Wyoming,56.5,39,71,60.0,11.2,11.0,13,0.0,0.0,62.8,65.0,73.8,71.0,117.6,70.0,1.6,2.0,2,0.0,0
1.0,0.05,1.0,Maryland,56.6,35,90,54.0,13.6,14.0,15,0.1,1.0,77.3,80.0,85.3,85.5,29.3,28.0,9.5,8.0,17,0.7,2
2.0,0.05,0.5,Illinois,56.6,50,62,55.5,57.4,57.5,60,0.0,0.0,62.5,62.0,66.2,67.5,54.9,69.0,16.9,17.0,20,6.3,9
1.0,0.05,1.0,Missouri,56.6,51,60,58.0,67.8,68.0,70,0.0,0.0,63.0,65.0,67.6,68.5,76.3,85.0,10.3,10.0,15,10.7,13
2.0,0.05,0.5,New York,56.8,52,84,54.0,6.9,6.5,11,3.2,26.0,65.9,58.5,78.3,70.0,28.0,28.0,212.1,214.0,228,42.2,46
0.5,0.05,1.0,Utah,56.9,44,69,57.0,12.1,12.0,14,0.0,0.0,64.8,63.0,70.8,69.0,36.6,28.0,7.3,7.0,10,0.5,2
2.0,0.1,0.5,Utah,56.9,44,63,57.0,14.8,15.0,16,0.0,0.0,63.4,63.0,68.0,69.0,28.0,28.0,8.3,8.5,12,2.9,5
0.5,0.01,1.0,Pennsylvania,56.9,40,108,40.0,32.2,32.5,36,0.1,1.0,80.3,68.0,96.9,94.5,91.0,93.0,19.1,18.0,27,13.7,17
1.0,0.01,2.0,Pennsylvania,56.9,40,108,40.0,40.8,40.5,48,0.1,1.0,88.7,85.0,98.2,98.0,89.7,96.5,21.0,21.0,27,14.1,20
0.5,0.01,1.0,Wisconsin,56.9,44,78,46.5,36.6,36.5,40,0.5,2.0,70.3,72.5,75.1,76.0,44.9,28.0,57.7,56.5,65,19.5,22
0.5,0.01,1.0,Wyoming,57.0,39,73,60.0,9.6,9.0,12,0.0,0.0,65.0,66.5,70.6,68.0,116.6,70.0,0.8571428571428571,1.0,2,0.3,2
1.0,0.05,1.0,Utah,57.0,57,57,57.0,14.8,15.0,16,0.0,0.0,64.0,63.0,68.7,69.0,28.0,28.0,8.4,8.5,10,0.5,2
1.0,0.25,1.0,Florida,57.0,55,70,55.0,15.6,15.5,18,0.0,0.0,70.2,70.0,72.1,72.0,28.0,28.0,37.2,37.0,41,20.2,22
0.5,0.01,0.5,Wyoming,57.1,42,68,55.0,6.9,7.0,9,0.3,1.0,69.9,68.0,73.5,72.0,73.33333333333333,75.0,0.5,0.5,1,0.3,1
1.0,0.01,1.0,Arizona,57.2,44,69,56.5,6.4,6.0,8,0.4,1.0,72.0,67.5,92.4,104.0,28.0,28.0,14.8,14.5,17,3.8,6
2.0,0.05,1.0,Utah,57.3,44,68,57.0,14.8,15.0,16,0.0,0.0,64.2,63.0,73.0,69.0,32.3,28.0,8.7,8.5,10,2.6,3
0.5,0.01,2.0,Iowa,57.3,50,62,58.0,24.3,24.0,29,0.5,4.0,60.9,61.5,64.4,64.0,44.2,39.5,74.6,76.5,82,54.7,60
0.5,0.25,1.0,Vermont,57.6,52,66,52.0,12.3,12.0,13,0.0,0.0,66.5,66.5,67.6,67.5,93.5,95.0,8.2,8.0,11,1.7,3
0.5,0.05,0.5,Missouri,57.6,51,60,60.0,44.2,45.0,51,0.0,0.0,64.1,65.0,68.8,71.0,79.7,85.0,6.3,5.0,13,5.5,8
1.0,0.05,2.0,Missouri,57.6,51,60,60.0,67.6,67.5,72,0.0,0.0,63.6,65.0,68.1,71.0,76.4,85.0,14.4,14.5,18,14.9,19
1.0,0.01,0.5,Wyoming,57.8,39,68,58.5,8.5,8.0,11,0.0,0.0,65.1,65.0,69.3,68.0,47.0,47.0,1.0,1.0,1,0.0,0
1.0,0.05,2.0,Illinois,57.8,50,62,59.5,56.8,57.0,58,0.0,0.0,63.3,64.0,66.6,68.0,67.6,79.0,16.1,17.0,20,6.9,9
2.0,0.01,2.0,Washington,57.8,41,70,65.0,9.0,8.5,14,0.0,0.0,72.3,77.0,84.8,84.0,43.1,28.0,13.1,13.5,16,14.7,18
0.5,0.05,2.0,Utah,57.9,44,68,60.0,13.6,14.0,15,0.0,0.0,65.2,65.0,72.4,70.0,32.3,28.0,9.5,10.0,12,1.4,2
0.5,0.25,1.0,Montana,58.0,58,58,58.0,16.5,16.5,18,0.0,0.0,61.0,61.0,63.0,63.0,64.0,64.0,5.8,6.0,8,2.4,3
1.0,0.25,0.5,Montana,58.0,58,58,58.0,17.3,17.0,19,0.0,0.0,61.0,61.0,63.0,63.0,64.0,64.0,6.0,6.0,7,2.5,3
0.5,0.25,0.5,Montana,58.0,58,58,58.0,15.5,16.0,17,0.0,0.0,61.0,61.0,63.0,63.0,64.0,64.0,4.2,4.0,5,2.7,3
1.0,0.25,1.0,Montana,58.0,58,58,58.0,19.5,19.5,21,0.0,0.0,61.0,61.0,63.0,63.0,64.0,64.0,6.2,6.0,8,3.6,5
1.0,0.25,2.0,Montana,58.0,58,58,58.0,22.0,22.0,23,0.0,0.0,61.0,61.0,63.0,63.0,64.0,64.0,5.7,5.5,7,4.5,5
2.0,0.25,0.5,Montana,58.0,58,58,58.0,21.7,22.0,24,0.0,0.0,61.0,61.0,63.0,63.0,64.0,64.0,6.4,6.0,9,4.5,5
2.0,0.25,1.0,Montana,58.0,58,58,58.0,21.9,22.0,23,0.0,0.0,61.0,61.0,63.0,63.0,64.0,64.0,8.6,8.5,11,4.6,5
2.0,0.25,2.0,Montana,58.0,58,58,58.0,22.3,22.0,24,0.0,0.0,61.0,61.0,63.0,63.0,64.0,64.0,8.4,8.0,9,5.0,5
1.0,0.25,0.5,Florida,58.0,55,70,55.0,16.1,16.0,19,0.0,0.0,70.3,70.0,72.2,72.0,28.0,28.0,24.7,24.0,28,18.7,20
0.5,0.25,2.0,Florida,58.0,55,70,55.0,16.1,16.0,20,0.0,0.0,70.4,70.0,72.1,72.0,28.0,28.0,34.6,34.5,39,19.7,21
ALL,ALL,ALL,Missouri,58.02777777777778,48,120,51.0,61.69444444444444,66.0,83,0.0,0.0,65.59166666666667,60.0,72.41111111111111,65.0,67.54874651810584,55.0,12.886111111111111,13.0,25,10.522222222222222,21
ALL,ALL,ALL,Georgia,58.05,31,190,37.0,41.12222222222222,45.0,61,0.008333333333333333,1.0,87.25555555555556,74.0,103.1,92.0,117.19590643274854,98.0,3.810734463276836,4.0,11,3.511111111111111,9
1.0,0.1,0.5,Utah,58.2,57,63,57.0,13.2,13.5,14,0.0,0.0,64.2,63.0,69.2,69.0,28.0,28.0,7.8,7.5,11,0.8,2
1.0,0.01,0.5,South Dakota,58.2,50,73,57.0,39.3,39.0,42,0.0,0.0,64.6,64.0,66.9,66.0,73.8,80.5,6.1,6.5,9,1.5,3
2.0,0.05,2.0,Utah,58.2,57,63,57.0,14.8,15.0,16,0.0,0.0,64.6,63.0,69.1,69.0,32.3,28.0,7.9,8.0,9,2.6,4
1.0,0.01,0.5,Wisconsin,58.2,44,78,60.0,39.3,40.5,43,0.3,2.0,66.4,66.0,71.0,71.5,59.3,62.0,53.8,53.5,66,18.7,24
1.0,0.01,2.0,Arizona,58.3,44,75,53.5,6.5,7.0,8,0.2,1.0,68.5,63.0,91.7,86.5,28.0,28.0,15.9,16.5,21,3.6,5
2.0,0.1,0.5,Montana,58.3,58,61,58.0,19.7,20.0,23,0.0,0.0,61.2,61.0,66.2,63.0,64.0,64.0,6.4,6.5,9,4.1,5
0.5,0.01,1.0,South Dakota,58.5,51,67,59.0,35.4,35.5,38,0.0,0.0,65.2,64.5,67.6,67.0,76.8,90.0,7.2,7.0,11,2.5,5
1.0,0.01,1.0,South Dakota,58.5,51,67,59.0,41.6,41.5,46,0.0,0.0,63.8,62.0,67.9,67.0,68.6,78.0,8.9,9.0,14,3.0,6
2.0,0.1,1.0,Florida,58.5,55,70,55.0,17.2,17.0,21,0.0,0.0,70.5,70.0,74.6,74.0,28.0,28.0,45.0,45.5,50,18.2,22
1.0,0.1,0.5,Montana,58.6,58,61,58.0,16.1,16.0,18,0.0,0.0,61.4,61.0,69.4,63.0,64.0,64.0,5.3,5.0,10,2.3,3
0.5,0.25,2.0,Montana,58.6,58,61,58.0,19.4,19.5,21,0.0,0.0,61.4,61.0,69.4,63.0,64.0,64.0,5.8,6.5,7,3.8,5
2.0,0.01,0.5,Wisconsin,58.6,44,78,51.0,41.8,42.0,43,0.2,2.0,69.8,67.0,75.7,77.5,61.7,62.0,57.2,56.0,71,17.3,21
ALL,ALL,ALL,Illinois,58.68055555555556,43,109,54.0,53.041666666666664,56.0,67,0.027777777777777776,1.0,64.38888888888889,57.0,68.27222222222223,62.0,55.458333333333336,28.0,14.175,14.0,25,4.977777777777778,10
1.0,0.05,0.5,Utah,58.7,44,69,57.0,12.2,12.0,14,0.0,0.0,68.2,68.0,73.7,69.0,32.3,28.0,7.8,9.0,10,0.4,1
0.5,0.01,2.0,Arizona,58.8,44,75,57.0,6.2,6.5,8,0.3,1.0,76.5,71.0,108.3,113.0,32.3,28.0,13.2,14.0,18,3.3,6
0.5,0.01,1.0,Arizona,58.8,44,75,56.5,5.9,6.0,8,0.4,3.0,74.7,75.0,104.2,108.5,28.0,28.0,11.6,11.5,16,3.4,5
2.0,0.01,0.5,South Dakota,58.8,50,67,60.5,41.3,42.0,43,0.0,0.0,66.7,66.0,68.0,67.0,42.0,28.0,11.9,12.0,14,3.7,5
0.5,0.1,1.0,Montana,58.9,58,61,58.0,16.0,16.0,18,0.0,0.0,61.6,61.0,73.8,63.0,64.0,64.0,5.3,5.0,8,2.3,4
1.0,0.1,1.0,Montana,58.9,58,61,58.0,19.0,19.0,20,0.0,0.0,61.6,61.0,73.4,63.0,64.0,64.0,5.6,6.0,7,3.5,4
2.0,0.1,2.0,Montana,58.9,58,61,58.0,20.6,20.5,22,0.0,0.0,61.6,61.0,73.8,63.0,64.0,64.0,8.9,8.0,12,5.1,6
0.5,0.01,0.5,Wisconsin,59.0,46,79,55.5,34.5,34.0,41,0.2,1.0,67.4,67.5,72.4,77.5,46.7,41.5,41.7,41.0,50,19.1,23
ALL,ALL,ALL,Utah,59.083333333333336,44,94,57.0,13.16388888888889,14.0,17,0.0,0.0,68.17222222222222,63.0,75.325,69.0,38.84722222222222,28.0,7.913888888888889,8.0,14,1.5444444444444445,5
0.5,0.01,2.0,South Dakota,59.1,46,67,61.0,40.2,40.0,44,0.1,1.0,65.3,64.5,68.2,67.0,58.1,50.5,9.7,10.0,14,3.3,5
0.5,0.1,2.0,Montana,59.2,58,61,58.0,17.7,17.5,20,0.0,0.0,61.8,61.0,75.8,63.0,64.0,64.0,5.7,5.0,8,3.7,5
1.0,0.1,2.0,Montana,59.2,58,61,58.0,20.0,20.0,22,0.0,0.0,61.8,61.0,76.2,63.0,64.0,64.0,6.1,6.0,9,4.3,5
2.0,0.05,0.5,Maryland,59.3,35,99,54.0,14.0,14.0,16,0.1,1.0,80.5,86.5,92.7,91.5,33.1,28.0,6.9,7.0,9,0.3,2
1.0,0.05,2.0,Utah,59.3,44,69,60.0,14.6,15.0,16,0.0,0.0,65.6,66.0,75.4,70.0,28.0,28.0,9.4,9.5,12,2.3,5
1.0,0.05,2.0,Maryland,59.4,35,90,54.0,13.6,14.0,15,0.5,3.0,77.6,85.5,90.9,90.0,28.0,28.0,8.5,8.5,16,0.7,3
0.5,0.05,0.5,Utah,59.5,44,68,57.0,10.7,10.5,12,0.0,0.0,64.7,63.0,71.2,69.0,28.0,28.0,7.0,7.0,8,0.1,1
0.5,0.1,0.5,Montana,59.5,58,61,59.5,15.0,15.0,17,0.1,1.0,64.3,62.0,80.2,79.0,68.1,64.0,2.7,3.0,4,2.4,3
1.0,0.05,2.0,Montana,59.5,58,61,59.5,18.9,19.0,22,0.0,0.0,66.2,63.0,88.6,97.0,75.8,64.0,6.6,6.5,9,3.4,5
0.5,0.1,0.5,Florida,59.5,55,70,55.0,13.1,13.0,16,0.0,0.0,71.0,70.0,73.3,73.0,28.0,28.0,13.8,14.0,16,14.6,18
1.0,0.01,0.5,Kentucky,59.7,51,71,60.0,23.9,24.0,28,0.5,3.0,79.9,70.5,106.0,98.5,86.5,42.0,11.7,11.0,17,4.2,7
0.5,0.05,1.0,Montana,59.8,58,61,61.0,15.4,15.0,17,0.1,1.0,66.2,63.0,84.6,95.0,68.1,64.0,5.2,5.0,6,2.1,3
2.0,0.05,0.5,Montana,59.8,58,61,61.0,19.1,19.0,21,0.0,0.0,62.2,63.0,85.4,97.0,64.0,64.0,5.7,6.0,8,3.5,5
2.0,0.05,2.0,Montana,59.8,58,61,61.0,19.5,20.0,21,0.0,0.0,62.2,63.0,88.1,99.0,66.4,64.0,7.6,7.0,12,4.8,7
2.0,0.01,2.0,South Dakota,60.0,46,67,61.0,42.0,41.5,45,0.0,0.0,63.7,66.0,68.4,68.0,42.6,28.0,11.7,12.0,15,4.1,6
2.0,0.1,1.0,Montana,60.1,58,61,61.0,20.1,20.0,21,0.0,0.0,62.4,63.0,85.7,95.0,64.0,64.0,8.4,9.0,11,3.6,4
1.0,0.25,2.0,West Virginia,60.3,58,81,58.0,13.7,13.5,16,0.0,0.0,86.4,81.0,106.8,97.0,104.4,99.0,4.8,4.5,7,0.0,0
0.5,0.25,2.0,West Virginia,60.3,58,81,58.0,12.9,13.0,14,0.0,0.0,82.6,81.0,100.2,97.0,110.0,99.0,4.5,4.5,7,0.0,0
1.0,0.25,1.0,West Virginia,60.3,58,81,58.0,13.7,14.0,15,0.0,0.0,82.6,81.0,106.1,101.0,111.1,99.0,4.3,4.5,6,0.0,0
1.0,0.01,2.0,Wyoming,60.3,42,68,65.0,11.0,11.5,12,0.1,1.0,65.7,68.0,74.7,71.5,130.66666666666666,75.0,1.0,1.0,2,0.2,1
0.5,0.05,0.5,Montana,60.3,58,63,61.0,14.0,14.0,16,0.0,0.0,68.7,63.0,87.8,95.0,68.2,64.0,1.8,1.5,3,2.2,3
0.5,0.01,2.0,Wyoming,60.4,42,92,60.0,10.9,10.5,12,0.1,1.0,74.6,68.0,81.2,69.5,143.5,72.5,1.0,1.0,2,0.1,1
1.0,0.05,0.5,Montana,60.4,58,61,61.0,15.8,16.0,17,0.0,0.0,62.6,63.0,89.7,95.0,64.0,64.0,5.8,5.5,8,1.9,3
2.0,0.05,1.0,Montana,60.4,58,61,61.0,19.7,20.0,21,0.0,0.0,62.6,63.0,92.1,99.0,68.1,64.0,8.1,8.0,13,3.0,4
1.0,0.05,1.0,Montana,60.4,58,61,61.0,18.3,18.0,20,0.0,0.0,62.6,63.0,90.6,95.0,69.9,64.0,4.9,5.0,6,3.4,4
1.0,0.05,0.5,Maryland,60.5,35,90,58.0,13.4,13.0,14,0.1,1.0,76.7,80.0,83.8,83.0,89.1,75.5,5.1,5.0,12,0.3,1
2.0,0.1,2.0,Florida,60.5,55,70,57.5,17.3,17.5,20,0.0,0.0,70.6,70.0,75.9,75.0,28.0,28.0,45.5,46.0,51,18.6,23
0.5,0.01,0.5,Nevada,60.6,43,102,46.5,2.9,3.0,3,0.0,0.0,80.8,89.0,123.55555555555556,134.0,112.42857142857143,123.0,1.2857142857142858,1.0,2,0.1,1
2.0,0.05,1.0,Maryland,60.8,35,90,65.0,13.2,13.5,15,0.3,2.0,75.7,82.0,89.0,89.0,46.0,28.0,7.3,6.5,14,1.2,3
0.5,0.25,1.0,New Jersey,61.0,61,61,61.0,8.4,8.0,10,0.0,0.0,82.9,82.0,92.1,91.0,166.2,128.0,2.0,2.0,3,0.0,0
1.0,0.25,0.5,New Jersey,61.0,61,61,61.0,8.1,8.0,9,0.0,0.0,85.6,82.0,95.2,91.0,128.0,128.0,2.3,2.0,3,0.0,0
1.0,0.25,2.0,New Jersey,61.0,61,61,61.0,8.7,9.0,9,0.0,0.0,85.6,82.0,95.2,91.0,131.8,128.0,2.5,3.0,3,0.0,0
2.0,0.25,1.0,New Jersey,61.0,61,61,61.0,9.0,9.0,10,0.0,0.0,86.0,82.0,94.7,91.0,128.0,128.0,2.5,2.5,3,0.0,0
0.5,0.25,2.0,New Jersey,61.0,61,61,61.0,8.0,8.0,9,0.0,0.0,82.9,82.0,93.2,91.0,122.3,128.0,2.1,2.0,3,0.0,0
0.5,0.25,0.5,New Jersey,61.0,61,61,61.0,7.9,8.0,9,0.0,0.0,87.6,86.5,97.1,96.5,128.0,128.0,1.7,2.0,3,0.0,0
1.0,0.25,1.0,New Jersey,61.0,61,61,61.0,8.9,9.0,10,0.0,0.0,84.7,82.0,94.5,91.0,128.0,128.0,2.1,2.0,3,0.0,0
2.0,0.25,2.0,New Jersey,61.0,61,61,61.0,8.7,8.5,10,0.0,0.0,84.7,82.0,94.5,91.0,128.0,128.0,2.7,3.0,3,0.0,0
2.0,0.25,0.5,New Jersey,61.0,61,61,61.0,8.6,8.5,10,0.0,0.0,86.5,86.5,96.3,95.5,128.0,128.0,1.8,2.0,3,0.0,0
2.0,0.1,1.0,New Jersey,61.0,61,61,61.0,7.7,8.0,9,0.0,0.0,83.8,82.0,97.0,91.0,179.9,128.0,2.0,2.0,3,0.0,0
0.5,0.1,1.0,New Jersey,61.0,61,61,61.0,6.9,6.5,8,0.0,0.0,84.7,82.0,97.4,96.5,111.375,128.0,1.625,1.5,3,0.0,0
2.0,0.1,0.5,New Jersey,61.0,61,61,61.0,8.1,8.0,9,0.0,0.0,92.8,91.0,106.1,105.0,95.5,71.0,1.9,2.0,3,0.0,0
0.5,0.1,0.5,New Jersey,61.0,61,61,61.0,6.4,6.5,7,0.0,0.0,94.8,96.5,103.9,107.5,103.3,99.5,1.7,1.5,4,0.0,0
0.5,0.05,2.0,Montana,61.0,61,61,61.0,17.0,16.5,19,0.0,0.0,63.0,63.0,98.2,97.0,72.2,64.0,5.4,5.0,7,3.4,5
0.5,0.1,1.0,Florida,61.0,55,70,55.0,16.4,16.5,18,0.0,0.0,71.5,70.0,75.6,73.0,28.0,28.0,20.6,20.0,24,15.3,17
2.0,0.01,2.0,Michigan,61.0,30,78,64.0,33.7,33.5,37,0.1,1.0,79.2,78.0,92.5,98.5,94.6,107.0,22.7,22.0,32,18.3,24
2.0,0.01,1.0,Wisconsin,61.0,44,79,54.0,40.5,40.5,48,0.1,1.0,71.8,72.5,77.1,77.5,68.3,65.5,56.5,55.5,65,19.3,24
2.0,0.05,2.0,Maryland,61.2,35,99,60.5,13.8,14.0,15,0.2,1.0,77.4,82.0,92.8,90.5,28.0,28.0,8.7,7.5,16,0.7,4
1.0,0.01,1.0,Pennsylvania,61.4,40,103,40.0,39.4,39.5,45,0.1,1.0,86.7,76.5,100.0,103.0,71.1,59.5,23.9,23.5,33,13.4,20
2.0,0.01,2.0,Arizona,61.7,52,75,56.0,7.0,7.0,8,0.1,1.0,73.8,72.0,92.6,89.5,28.0,28.0,16.8,16.0,20,3.3,4
1.0,0.01,1.0,Michigan,61.7,30,78,68.0,29.2,30.0,34,0.0,0.0,77.3,78.0,85.5,81.5,97.4,104.0,23.9,24.5,28,20.0,28
2.0,0.25,1.0,Vermont,61.8,52,66,66.0,12.7,13.0,14,0.0,0.0,66.8,67.0,67.9,68.0,93.4,95.0,8.4,9.0,12,1.3,4
0.5,0.25,0.5,Vermont,61.8,52,66,66.0,12.4,12.5,13,0.0,0.0,66.7,67.0,67.7,68.0,92.6,91.0,7.4,7.5,11,1.6,3
1.0,0.01,0.5,Missouri,61.9,48,82,60.0,34.3,35.0,38,0.0,0.0,82.9,82.0,101.7,107.5,81.5,56.5,5.3,5.5,9,3.8,7
0.5,0.05,2.0,Maryland,62.0,35,90,60.0,13.2,13.0,15,0.1,1.0,77.2,82.0,86.1,89.0,50.3,28.0,6.3,6.5,13,0.5,2
0.5,0.1,1.0,Vermont,62.2,52,69,66.0,11.3,11.0,13,0.0,0.0,67.8,67.0,70.3,69.0,97.9,95.0,7.6,7.0,10,2.7,4
0.5,0.25,1.0,West Virginia,62.6,58,81,58.0,10.1,10.0,11,0.0,0.0,84.7,81.0,100.1,95.5,117.2,99.0,3.7,3.5,7,0.0,0
0.5,0.01,1.0,Kentucky,62.9,49,112,51.0,20.7,22.0,26,0.4,2.0,90.7,86.5,105.1,97.5,110.9,94.5,10.7,9.5,18,4.0,8
ALL,ALL,ALL,New York,62.980555555555554,52,162,52.0,9.805555555555555,10.0,18,1.4666666666666666,34.0,73.09444444444445,56.0,83.1138888888889,65.0,29.141666666666666,28.0,195.55555555555554,210.0,245,37.96388888888889,46
1.0,0.1,0.5,Florida,63.0,55,70,65.0,16.0,16.0,19,0.0,0.0,72.3,71.0,76.4,74.0,28.0,28.0,26.7,27.0,32,17.5,21
1.0,0.1,1.0,Florida,63.0,55,70,65.0,16.2,17.0,18,0.0,0.0,71.2,70.5,74.5,72.5,28.0,28.0,36.5,37.5,39,18.9,23
2.0,0.1,0.5,Florida,63.0,55,70,65.0,16.5,16.5,21,0.0,0.0,71.2,71.0,74.5,75.0,28.0,28.0,43.4,44.0,47,19.0,23
1.0,0.25,0.5,Nebraska,63.1,61,64,64.0,37.0,37.0,41,0.0,0.0,64.1,64.0,65.1,65.0,76.22222222222223,80.0,1.6,1.5,4,5.4,7
2.0,0.01,1.0,Nevada,63.2,43,102,45.0,3.4,3.0,5,0.0,0.0,85.1,86.0,149.8,109.0,161.22222222222223,123.0,1.2222222222222223,1.0,2,0.7,1
1.0,0.25,2.0,Vermont,63.2,52,66,66.0,13.0,13.0,14,0.0,0.0,66.8,67.0,67.8,68.0,92.2,91.0,8.2,8.0,13,1.0,2
1.0,0.25,0.5,Vermont,63.2,52,66,66.0,12.7,12.5,14,0.0,0.0,66.8,67.0,67.8,68.0,93.0,93.0,7.8,8.0,10,1.3,2
0.5,0.25,2.0,Vermont,63.2,52,66,66.0,12.7,13.0,13,0.0,0.0,66.9,67.0,68.1,68.0,91.8,91.0,7.7,8.0,9,1.3,2
2.0,0.25,0.5,Vermont,63.2,52,66,66.0,12.5,12.5,13,0.0,0.0,66.8,67.0,67.8,68.0,93.1,91.0,8.4,8.5,11,1.5,2
1.0,0.01,1.0,Wisconsin,63.2,44,78,66.0,39.7,39.0,46,0.1,1.0,67.4,77.0,72.1,78.0,60.4,58.5,58.8,60.5,67,18.8,24
2.0,0.01,0.5,Pennsylvania,63.3,40,113,40.0,41.0,42.0,44,0.0,0.0,84.5,73.5,96.1,99.0,70.0,69.0,27.5,26.5,33,12.9,16
0.5,0.1,2.0,Florida,63.3,55,73,65.0,16.0,16.0,18,0.0,0.0,72.4,70.5,76.0,73.0,28.0,28.0,35.6,35.5,40,19.0,21
0.5,0.1,0.5,Nebraska,63.4,61,64,64.0,26.2,26.5,28,0.0,0.0,64.4,64.0,66.4,65.0,77.7,80.0,1.4,1.0,2,4.4,5
0.5,0.25,2.0,Nebraska,63.4,61,64,64.0,40.9,41.0,43,0.0,0.0,64.0,64.0,64.8,65.0,78.3,80.0,1.7,2.0,3,5.1,6
2.0,0.1,1.0,Nebraska,63.4,61,64,64.0,41.4,41.5,44,0.0,0.0,64.1,64.0,66.1,65.0,28.0,28.0,4.0,4.0,5,7.5,8
ALL,ALL,ALL,Maryland,63.55277777777778,35,179,38.0,12.6,13.0,17,0.15555555555555556,3.0,80.575,71.0,93.31944444444444,81.0,66.84401114206128,28.0,9.772222222222222,8.0,25,1.3055555555555556,6
0.5,0.25,1.0,Nebraska,63.7,61,64,64.0,33.9,33.5,36,0.0,0.0,64.0,64.0,64.9,65.0,78.0,80.0,1.3,1.0,3,5.2,6
0.5,0.1,1.0,Nebraska,63.7,61,64,64.0,31.1,31.5,34,0.0,0.0,64.1,64.0,65.8,65.0,85.8,78.5,1.4,1.0,2,5.3,6
1.0,0.25,1.0,Nebraska,63.7,61,64,64.0,41.6,42.0,43,0.0,0.0,64.2,64.0,65.7,65.0,67.9,80.0,2.1,2.0,3,5.5,6
1.0,0.25,2.0,Nebraska,63.7,61,64,64.0,44.2,43.5,48,0.0,0.0,64.1,64.0,65.3,65.0,28.0,28.0,2.9,3.0,4,5.9,6
2.0,0.25,1.0,Nebraska,63.7,61,64,64.0,46.2,46.0,49,0.0,0.0,64.1,64.0,65.3,65.0,28.0,28.0,2.4,2.0,4,7.0,8
2.0,0.25,2.0,Nebraska,63.7,61,64,64.0,44.9,45.0,47,0.0,0.0,64.0,64.0,64.9,65.0,28.0,28.0,3.3,3.5,4,9.2,10
2.0,0.1,2.0,Nebraska,63.7,61,64,64.0,42.9,43.0,45,0.0,0.0,64.7,64.0,66.1,65.0,28.0,28.0,4.6,5.0,6,9.2,11
2.0,0.01,2.0,Wyoming,63.8,39,88,65.0,11.6,12.0,13,0.0,0.0,68.7,68.0,81.4,72.5,150.8,75.0,1.2,1.0,2,0.0,0
1.0,0.1,0.5,Vermont,63.8,52,69,66.0,11.8,12.0,13,0.0,0.0,68.1,68.5,70.0,69.5,94.9,95.0,8.9,8.5,15,2.2,4
1.0,0.1,0.5,New Jersey,64.0,61,91,61.0,6.9,7.0,8,0.0,0.0,90.6,91.0,104.1,105.0,109.0,128.0,1.8888888888888888,2.0,3,0.0,0
2.0,0.1,2.0,New Jersey,64.0,61,91,61.0,8.3,8.5,9,0.0,0.0,91.0,91.0,103.5,104.0,83.8,71.0,2.2,2.0,3,0.0,0
0.5,0.1,0.5,North Dakota,64.0,64,64,64.0,6.6,6.0,9,0.0,0.0,65.0,65.0,86.4,85.0,70.0,70.0,2.9,3.0,4,1.8,3
0.5,0.1,1.0,North Dakota,64.0,64,64,64.0,13.1,13.0,15,0.0,0.0,65.0,65.0,82.9,85.0,70.0,70.0,6.2,6.0,7,2.1,4
0.5,0.25,0.5,North Dakota,64.0,64,64,64.0,7.2,7.0,9,0.0,0.0,65.0,65.0,76.1,75.5,70.0,70.0,3.8,4.0,5,2.5,3
0.5,0.25,1.0,North Dakota,64.0,64,64,64.0,14.8,15.0,17,0.0,0.0,65.0,65.0,79.2,83.0,70.0,70.0,7.5,7.5,9,2.9,4
1.0,0.25,0.5,North Dakota,64.0,64,64,64.0,15.0,15.0,16,0.0,0.0,65.0,65.0,77.7,83.0,44.8,28.0,9.5,9.5,11,3.6,5
0.5,0.1,2.0,North Dakota,64.0,64,64,64.0,16.9,17.0,19,0.0,0.0,67.0,65.0,83.2,85.0,28.0,28.0,9.7,9.0,13,3.9,5
0.5,0.25,2.0,North Dakota,64.0,64,64,64.0,17.4,17.0,18,0.0,0.0,65.0,65.0,77.7,83.0,28.0,28.0,11.4,11.0,15,4.1,5
0.5,0.05,0.5,Nebraska,64.0,64,64,64.0,24.3,24.0,27,0.0,0.0,66.2,65.0,67.8,69.0,78.55555555555556,77.0,1.6,2.0,3,4.2,6
2.0,0.05,1.0,North Dakota,64.0,64,64,64.0,17.5,17.0,20,0.0,0.0,74.8,65.0,113.1,94.0,28.0,28.0,9.6,9.5,13,4.3,6
1.0,0.1,1.0,North Dakota,64.0,64,64,64.0,17.2,17.0,19,0.0,0.0,65.0,65.0,82.7,85.0,32.2,28.0,10.5,10.0,14,4.3,6
1.0,0.25,1.0,North Dakota,64.0,64,64,64.0,17.5,17.5,19,0.0,0.0,65.0,65.0,77.6,83.0,32.2,28.0,10.9,10.5,13,4.5,5
0.5,0.25,0.5,Nebraska,64.0,64,64,64.0,28.0,28.0,30,0.0,0.0,64.1,64.0,65.8,65.0,80.0,80.0,1.0,1.0,1,4.6,5
2.0,0.25,2.0,North Dakota,64.0,64,64,64.0,19.8,20.0,23,0.0,0.0,65.0,65.0,77.5,83.0,36.4,28.0,12.3,12.5,14,4.7,6
2.0,0.1,0.5,North Dakota,64.0,64,64,64.0,17.8,18.0,19,0.0,0.0,65.0,65.0,83.3,85.0,32.2,28.0,10.5,10.0,14,4.7,6
0.5,0.05,2.0,Nebraska,64.0,64,64,64.0,33.6,34.0,36,0.0,0.0,65.3,64.5,68.2,69.0,62.9,77.0,3.1,3.0,4,5.0,7
1.0,0.1,0.5,Nebraska,64.0,64,64,64.0,34.7,34.0,38,0.0,0.0,64.3,64.0,67.4,69.0,101.55555555555556,80.0,1.8,2.0,3,5.0,6
1.0,0.1,2.0,North Dakota,64.0,64,64,64.0,18.7,19.0,20,0.0,0.0,65.0,65.0,81.5,85.0,28.0,28.0,10.4,10.5,12,5.0,6
1.0,0.05,0.5,Nebraska,64.0,64,64,64.0,31.3,31.0,34,0.0,0.0,65.1,65.0,68.2,69.0,91.4,77.0,3.5,3.5,5,5.1,6
2.0,0.25,0.5,North Dakota,64.0,64,64,64.0,18.5,18.0,20,0.0,0.0,65.0,65.0,76.1,75.5,36.4,28.0,12.4,12.5,16,5.1,6
2.0,0.25,0.5,Nebraska,64.0,64,64,64.0,45.3,45.5,47,0.0,0.0,64.2,64.0,65.8,65.0,28.0,28.0,3.5,3.5,5,5.2,6
2.0,0.05,2.0,North Dakota,64.0,64,64,64.0,17.1,17.0,20,0.0,0.0,67.0,65.0,90.6,85.0,36.4,28.0,11.8,11.5,18,5.2,7
0.5,0.1,2.0,Nebraska,64.0,64,64,64.0,37.3,37.0,42,0.0,0.0,65.3,64.5,67.4,69.0,66.9,52.5,2.7,3.0,4,5.2,6
1.0,0.25,2.0,North Dakota,64.0,64,64,64.0,19.0,19.0,20,0.0,0.0,65.0,65.0,78.1,84.5,28.0,28.0,12.3,12.0,14,5.3,6
0.5,0.05,1.0,Nebraska,64.0,64,64,64.0,29.3,29.5,33,0.0,0.0,65.8,65.0,68.6,69.0,85.0,77.0,2.3,2.0,3,5.3,7
2.0,0.25,1.0,North Dakota,64.0,64,64,64.0,18.9,19.0,20,0.0,0.0,65.0,65.0,69.7,68.0,40.6,28.0,12.5,11.5,16,5.3,7
2.0,0.1,1.0,North Dakota,64.0,64,64,64.0,18.2,18.0,19,0.0,0.0,65.0,65.0,86.5,85.0,32.2,28.0,10.5,10.5,12,5.3,6
1.0,0.1,1.0,Nebraska,64.0,64,64,64.0,38.5,38.0,40,0.0,0.0,64.9,64.5,67.0,67.0,60.2,52.5,3.7,3.5,5,5.5,7
2.0,0.1,2.0,North Dakota,64.0,64,64,64.0,17.8,18.0,19,0.0,0.0,65.0,65.0,84.7,85.0,36.4,28.0,12.2,12.5,14,5.6,7
2.0,0.1,0.5,Nebraska,64.0,64,64,64.0,41.3,41.0,44,0.0,0.0,64.7,64.0,66.6,65.0,28.0,28.0,3.5,3.5,5,5.6,6
1.0,0.1,2.0,Nebraska,64.0,64,64,64.0,40.9,41.5,43,0.0,0.0,65.1,64.0,66.2,65.0,28.0,28.0,3.8,4.0,7,6.4,7
2.0,0.05,0.5,Nebraska,64.0,64,64,64.0,38.4,38.0,40,0.0,0.0,65.1,65.0,67.8,69.0,38.1,28.0,4.4,4.0,6,6.5,8
2.0,0.05,2.0,Nebraska,64.0,64,64,64.0,40.6,41.0,43,0.0,0.0,65.3,64.5,67.4,69.0,33.2,28.0,4.4,4.0,6,8.3,12
1.0,0.05,0.5,North Dakota,64.1,64,65,64.0,13.8,13.5,15,0.0,0.0,71.1,65.0,98.2,85.0,36.4,28.0,7.4,8.0,10,1.8,3
0.5,0.05,1.0,North Dakota,64.1,64,65,64.0,12.8,13.0,15,0.0,0.0,68.8,65.0,90.8,85.0,96.7,70.0,5.5,6.0,8,2.2,5
1.0,0.1,0.5,North Dakota,64.1,64,65,64.0,14.7,15.0,16,0.0,0.0,65.0,65.0,79.7,85.0,40.6,28.0,7.7,8.0,11,2.3,5
1.0,0.05,2.0,Nebraska,64.1,64,65,64.0,38.5,38.5,41,0.0,0.0,66.8,67.0,68.2,69.0,28.0,28.0,4.8,5.0,6,7.3,8
0.5,0.05,0.5,North Dakota,64.2,64,65,64.0,7.0,7.0,9,0.0,0.0,70.9,65.0,93.5,85.0,86.1,70.0,1.9,2.0,3,1.5,3
1.0,0.05,1.0,North Dakota,64.2,64,65,64.0,16.3,16.0,18,0.0,0.0,70.8,65.0,91.4,85.0,28.0,28.0,9.0,9.5,12,3.4,5
2.0,0.05,0.5,North Dakota,64.2,64,65,64.0,16.8,16.0,19,0.1,1.0,69.0,65.0,93.7,92.5,28.0,28.0,9.8,10.0,11,4.5,6
0.5,0.01,2.0,Wisconsin,64.2,44,78,67.0,38.1,38.0,44,0.3,2.0,70.7,74.0,79.9,78.0,54.5,41.5,61.4,61.0,79,20.3,25
1.0,0.05,2.0,North Dakota,64.3,64,65,64.0,17.1,17.0,19,0.1,1.0,74.6,65.0,108.2,94.0,40.4,28.0,10.0,10.0,13,4.3,6
0.5,0.05,2.0,North Dakota,64.4,64,65,64.0,15.6,16.0,17,0.4,1.0,79.0,85.0,114.3,103.0,28.0,28.0,7.9,8.5,10,3.2,5
1.0,0.05,1.0,Nebraska,64.5,64,69,64.0,35.1,34.5,39,0.0,0.0,66.6,67.0,69.5,69.0,47.6,28.0,4.2,4.0,6,5.0,6
2.0,0.05,1.0,Nebraska,64.5,64,69,64.0,39.5,39.5,43,0.0,0.0,65.6,64.0,67.4,69.0,32.9,28.0,4.7,4.5,6,6.7,8
1.0,0.25,1.0,Vermont,64.7,52,67,66.0,12.9,13.0,13,0.0,0.0,67.1,67.0,68.2,68.0,91.8,91.0,8.5,8.0,12,1.1,2
2.0,0.25,2.0,Vermont,64.7,52,67,66.0,12.5,13.0,13,0.0,0.0,67.2,67.0,68.2,68.0,98.7,95.0,7.7,8.5,10,1.5,3
0.5,0.05,1.0,Florida,64.8,55,72,70.0,14.5,14.5,15,0.0,0.0,72.0,72.0,77.4,76.0,28.0,28.0,20.8,20.5,27,16.4,18
1.0,0.25,0.5,West Virginia,64.9,58,81,58.0,12.3,12.0,14,0.0,0.0,84.9,81.0,96.3,95.5,117.3,99.0,3.2,3.0,5,0.0,0
2.0,0.25,1.0,West Virginia,64.9,58,81,58.0,12.9,13.0,15,0.0,0.0,84.9,81.0,95.5,95.5,101.7,99.0,5.2,5.0,6,0.0,0
0.5,0.25,0.5,West Virginia,64.9,58,81,58.0,5.8,5.5,8,0.0,0.0,85.8,81.0,102.0,97.0,101.7,99.0,2.9,3.0,4,0.0,0
2.0,0.25,0.5,West Virginia,64.9,58,81,58.0,14.0,14.0,16,0.0,0.0,84.9,81.0,101.0,97.0,106.9,99.0,4.7,4.5,6,0.0,0
0.5,0.01,1.0,Nevada,65.0,43,102,47.0,3.0,3.0,3,0.0,0.0,90.4,89.0,142.0,148.0,124.55555555555556,123.0,1.2,1.0,3,0.6,1
1.0,0.01,2.0,Nevada,65.0,43,102,49.0,3.4,3.0,4,0.0,0.0,85.5,89.0,125.3,127.5,130.28571428571428,123.0,1.375,1.5,2,0.7,1
1.0,0.01,0.5,Michigan,65.2,30,90,64.0,30.6,31.5,35,0.0,0.0,83.8,78.0,89.5,86.0,109.9,102.5,18.4,17.5,26,14.7,19
1.0,0.01,0.5,Oregon,65.4,53,121,60.0,9.7,9.5,12,0.0,0.0,79.7,76.0,100.7,97.5,110.6,119.0,4.4,4.0,7,2.2,3
0.5,0.1,0.5,Vermont,65.5,52,69,66.5,11.4,11.0,13,0.0,0.0,68.3,68.0,69.5,69.0,94.5,95.0,7.5,7.5,11,2.5,4
2.0,0.25,1.0,Virginia,65.5,55,70,70.0,40.8,41.0,43,0.1,1.0,88.4,90.0,103.7,100.0,142.1,140.0,9.0,9.0,10,5.3,8
2.0,0.1,0.5,Vermont,65.6,52,69,66.0,12.6,13.0,14,0.0,0.0,68.3,68.5,70.3,69.5,94.6,95.0,7.8,8.0,10,1.4,4
0.5,0.01,2.0,Pennsylvania,65.6,40,122,40.0,38.8,38.0,45,0.0,0.0,88.9,83.0,104.3,103.5,80.5,93.0,21.6,20.0,35,14.5,20
1.0,0.1,1.0,Vermont,65.7,52,70,66.0,11.9,12.0,13,0.1,1.0,69.9,68.0,71.7,69.0,95.3,95.0,7.6,8.0,9,2.1,4
ALL,ALL,ALL,Nebraska,65.82777777777778,61,91,64.0,34.388888888888886,35.0,49,0.03333333333333333,2.0,70.21944444444445,64.5,73.44166666666666,69.0,59.182072829131656,73.0,3.3666666666666667,3.0,9,5.644444444444445,12
1.0,0.1,2.0,Vermont,65.9,52,69,66.5,12.0,12.0,13,0.0,0.0,68.4,68.5,71.6,69.5,96.3,95.0,8.1,8.0,10,2.0,3
1.0,0.1,2.0,Florida,66.0,55,70,70.0,15.7,16.0,20,0.0,0.0,71.3,71.5,75.6,75.0,28.0,28.0,45.6,45.5,49,19.9,24
1.0,0.1,1.0,New Jersey,66.1,61,91,61.0,8.1,8.0,9,0.0,0.0,89.7,91.0,100.6,104.0,89.44444444444444,71.0,1.8888888888888888,2.0,3,0.0,0
1.0,0.1,2.0,New Jersey,66.2,61,92,61.0,8.0,8.0,9,0.0,0.0,91.4,91.0,98.8,98.0,108.75,128.0,2.375,3.0,4,0.0,0
0.5,0.05,2.0,Georgia,66.2,37,92,73.0,45.1,45.5,48,0.0,0.0,92.0,92.0,102.4,106.0,119.9,131.0,2.9,2.0,6,3.9,7
2.0,0.01,0.5,Nevada,66.3,43,102,48.0,3.5,3.5,4,0.0,0.0,96.7,89.0,171.8,129.0,131.28571428571428,123.0,1.5,1.0,4,0.5,1
0.5,0.01,0.5,Oregon,66.4,53,106,60.0,7.0,7.0,9,0.0,0.0,83.8,76.0,105.6,106.0,123.7,141.0,2.6,2.5,5,0.5,2
2.0,0.01,2.0,Wisconsin,66.5,46,81,69.0,40.3,40.5,43,0.2,1.0,74.2,78.0,75.9,79.5,69.7,62.0,58.3,55.0,73,19.6,23
2.0,0.05,2.0,Florida,66.5,55,70,70.0,15.6,16.0,19,0.0,0.0,78.4,80.0,84.5,86.0,28.0,28.0,46.2,46.5,54,19.9,25
ALL,ALL,ALL,Montana,66.56944444444444,58,111,61.0,17.344444444444445,17.0,24,0.030555555555555555,1.0,72.375,63.0,83.99444444444444,95.0,86.20448179271709,64.0,5.305555555555555,5.0,13,3.0194444444444444,7
2.0,0.1,2.0,Vermont,66.6,66,69,66.0,12.6,12.5,14,0.0,0.0,68.2,68.0,69.3,69.0,95.1,95.0,7.2,7.5,11,1.4,3
1.0,0.05,0.5,Florida,66.6,55,73,70.0,15.6,15.0,19,0.0,0.0,75.8,73.0,85.0,84.0,28.0,28.0,26.9,27.0,35,15.8,18
0.5,0.01,1.0,Indiana,66.7,46,102,58.5,36.0,36.5,39,0.1,1.0,90.4,95.0,99.7,106.0,94.8,100.0,9.2,8.0,16,9.4,12
2.0,0.05,0.5,Florida,66.8,55,73,70.0,14.9,15.0,16,0.0,0.0,75.0,73.0,82.6,84.0,28.0,28.0,42.4,44.0,46,20.4,23
1.0,0.01,2.0,Wisconsin,66.9,46,78,77.0,40.2,39.5,45,0.0,0.0,71.1,78.0,76.3,79.0,57.1,58.5,59.6,58.0,78,18.5,23
0.5,0.25,0.5,Virginia,67.0,55,70,70.0,16.4,16.0,19,0.0,0.0,90.1,90.0,103.0,100.0,133.375,141.0,2.7,3.0,4,3.6,6
1.0,0.25,2.0,Virginia,67.0,55,70,70.0,37.8,38.0,42,0.1,1.0,88.0,90.0,103.0,100.0,152.3,141.0,8.6,8.5,12,6.6,8
2.0,0.1,1.0,Vermont,67.1,66,69,67.0,12.4,12.5,14,0.0,0.0,68.3,68.5,70.1,69.5,95.3,95.0,8.2,8.0,10,1.6,3
1.0,0.01,0.5,Ohio,67.1,49,96,60.0,39.2,38.5,45,0.1,1.0,80.9,71.0,97.0,100.0,88.2,86.5,12.4,10.5,18,11.1,19
2.0,0.25,2.0,West Virginia,67.2,58,81,58.0,13.9,13.5,16,0.0,0.0,87.1,81.0,99.3,97.0,114.0,99.0,4.4,5.0,6,0.0,0
0.5,0.01,0.5,Ohio,67.3,55,100,60.0,28.2,28.0,32,0.0,0.0,86.0,97.0,91.8,100.0,138.0,132.0,7.2,7.0,13,6.8,11
1.0,0.05,1.0,Florida,67.4,55,84,70.0,15.8,16.5,19,0.0,0.0,75.7,74.5,82.9,84.0,28.0,28.0,35.0,35.0,39,18.6,21
2.0,0.01,0.5,Michigan,67.4,48,78,70.0,31.6,31.5,36,0.2,1.0,80.9,78.0,88.8,91.0,95.2,101.5,21.1,20.5,28,19.9,26
0.5,0.1,2.0,Vermont,67.5,66,69,67.0,12.1,12.0,13,0.0,0.0,69.0,69.0,72.0,70.0,95.5,95.0,7.1,7.0,9,1.9,3
1.0,0.05,0.5,Vermont,67.5,66,69,67.0,10.6,10.5,13,0.0,0.0,68.9,69.0,73.9,70.0,91.0,95.0,7.7,8.0,10,3.3,6
0.5,0.05,0.5,Florida,67.5,55,84,70.0,12.0,12.0,14,0.0,0.0,76.1,76.0,82.9,84.0,28.0,28.0,12.7,13.5,16,14.5,16
2.0,0.01,1.0,Ohio,67.6,43,104,64.0,46.8,46.5,52,0.0,0.0,83.8,90.0,92.9,95.5,98.4,102.0,15.6,15.0,21,13.8,19
0.5,0.05,2.0,Vermont,67.8,66,70,68.0,11.8,11.5,14,0.0,0.0,72.3,69.5,78.3,76.0,97.1,95.0,8.0,8.0,11,2.2,4
2.0,0.05,1.0,Vermont,67.8,66,69,68.0,11.3,11.0,13,0.0,0.0,69.3,69.5,74.6,75.0,90.6,95.0,7.0,7.0,9,2.7,4
0.5,0.05,1.0,Vermont,67.8,66,69,68.0,10.9,11.0,12,0.0,0.0,69.5,70.0,74.4,77.0,91.7,95.0,8.0,8.0,9,3.1,5
1.0,0.05,1.0,Vermont,67.9,66,70,69.0,10.5,10.0,13,0.0,0.0,72.6,70.0,77.1,74.5,95.7,95.0,8.5,8.0,12,3.5,5
1.0,0.25,1.0,Tennessee,68.0,56,86,56.0,41.5,41.0,44,0.0,0.0,86.7,86.0,89.6,89.5,89.6,98.0,17.2,17.5,19,9.1,11
1.0,0.01,0.5,Utah,68.1,44,94,65.5,9.6,10.0,11,0.0,0.0,78.8,70.0,98.5,94.0,76.8,59.0,5.0,4.0,10,0.6,1
0.5,0.01,2.0,Nevada,68.1,43,102,49.0,2.9,3.0,4,0.0,0.0,97.1,89.0,123.5,118.5,125.0,123.0,0.7777777777777778,1.0,1,0.9,1
1.0,0.05,2.0,Vermont,68.1,66,69,69.0,10.9,10.5,13,0.0,0.0,69.5,70.0,76.3,77.5,89.5,95.0,7.8,7.5,12,3.1,4
2.0,0.05,1.0,Florida,68.1,55,84,70.0,16.3,17.0,17,0.2,1.0,76.9,74.0,84.8,84.0,28.0,28.0,42.4,41.5,48,18.7,22
0.5,0.05,0.5,Vermont,68.3,66,70,69.0,10.3,10.0,12,0.0,0.0,71.5,70.0,78.0,76.0,98.0,95.0,7.8,7.5,12,3.7,6
2.0,0.05,0.5,Vermont,68.4,66,69,69.0,10.4,10.0,13,0.0,0.0,71.2,70.0,78.4,78.0,97.2,95.0,9.0,9.0,11,3.6,6
1.0,0.05,2.0,Florida,68.4,55,76,70.0,15.0,14.5,17,0.0,0.0,80.1,84.0,91.7,98.0,28.0,28.0,42.7,42.0,51,19.9,22
2.0,0.01,0.5,Nebraska,68.5,64,69,69.0,30.1,31.0,33,0.2,1.0,84.3,81.0,92.6,96.5,48.6,28.0,6.1,6.0,9,4.4,7
2.0,0.25,0.5,Virginia,68.5,55,70,70.0,38.1,37.5,42,0.0,0.0,89.4,90.0,100.0,100.0,144.1,138.0,6.7,6.5,9,6.2,9
0.5,0.05,2.0,Florida,68.7,55,84,70.0,14.6,15.0,17,0.1,1.0,76.3,73.0,84.2,84.0,28.0,28.0,33.5,33.0,39,19.3,22
2.0,0.05,2.0,Vermont,68.8,67,70,69.0,10.9,11.0,12,0.0,0.0,72.9,70.0,81.6,78.0,102.4,102.0,7.4,7.5,10,3.1,5
ALL,ALL,ALL,Florida,69.59722222222223,55,123,70.0,14.033333333333333,15.0,21,0.09722222222222222,2.0,81.81666666666666,72.0,87.55555555555556,76.0,45.25555555555555,28.0,32.208333333333336,34.0,54,18.633333333333333,27
1.0,0.01,1.0,Kentucky,69.7,51,138,66.5,28.6,29.0,33,1.2,6.0,105.4,103.5,116.8,115.0,126.3,127.0,18.9,18.5,23,7.6,13
0.5,0.1,2.0,New Jersey,70.0,61,91,61.0,7.2,7.0,8,0.0,0.0,91.6,91.5,102.0,103.0,92.375,71.0,2.25,2.0,3,0.0,0
1.0,0.01,2.0,Utah,70.0,44,94,68.5,11.8,12.0,13,0.0,0.0,82.2,81.0,95.0,93.5,66.2,52.0,8.3,7.5,12,1.8,5
0.5,0.01,1.0,Oregon,70.3,50,111,60.0,8.8,9.0,10,0.0,0.0,85.5,81.0,103.5,106.0,118.3,117.5,3.4,3.5,5,1.7,4
0.5,0.01,0.5,Kentucky,70.3,51,102,66.5,15.8,16.0,19,0.1,1.0,87.6,80.0,96.9,91.0,163.5,177.0,4.3,4.0,7,2.1,5
2.0,0.01,1.0,Michigan,70.4,57,78,75.0,32.7,33.5,39,0.0,0.0,83.9,88.0,91.4,95.5,94.5,104.0,22.6,22.5,27,18.8,28
0.5,0.05,0.5,New Jersey,70.5,61,96,61.0,6.2,6.0,8,0.0,0.0,96.2,96.0,106.3,109.0,101.875,71.0,1.75,2.0,3,0.0,0
2.0,0.01,0.5,Missouri,70.6,60,105,60.0,48.8,49.0,53,0.0,0.0,86.2,76.5,101.1,105.0,100.8,112.5,9.1,8.5,13,9.2,12
1.0,0.01,1.0,Nebraska,70.7,64,91,69.0,25.4,26.0,28,0.2,1.0,86.2,87.0,95.1,99.0,58.9,75.0,4.7,4.5,7,3.6,7
2.0,0.01,1.0,Kentucky,70.8,51,120,65.5,34.9,35.0,38,0.3,3.0,88.9,85.5,103.8,102.0,100.4,96.5,19.6,18.5,27,7.8,10
1.0,0.01,2.0,Oregon,70.9,44,121,56.5,11.3,11.0,13,0.0,0.0,87.9,79.5,98.6,86.0,103.0,140.0,6.3,7.0,9,3.8,5
1.0,0.05,0.5,New Jersey,71.0,61,96,61.0,6.9,7.0,8,0.0,0.0,95.2,99.0,104.6,109.0,152.0,99.5,1.625,1.0,4,0.0,0
2.0,0.01,2.0,Nevada,71.1,43,102,70.0,3.2,3.0,4,0.0,0.0,100.5,95.5,130.4,141.0,119.8,123.0,2.0,2.0,4,0.8,1
0.5,0.01,2.0,Michigan,71.1,30,105,78.0,31.1,32.0,34,0.0,0.0,82.1,85.0,92.8,93.0,115.4,112.0,19.7,19.5,25,18.5,26
0.5,0.01,1.0,Nebraska,71.2,69,91,69.0,20.5,20.5,25,0.1,1.0,90.3,94.0,97.1,99.0,73.4,77.0,4.1,4.0,7,3.6,8
1.0,0.01,0.5,Nebraska,71.4,64,91,69.0,22.6,22.5,25,0.1,1.0,84.1,81.0,90.3,94.0,84.8,77.0,4.2,4.0,6,3.7,6
2.0,0.01,1.0,Indiana,71.4,46,120,61.5,46.2,46.0,55,0.2,1.0,90.8,86.0,104.4,104.0,89.9,95.0,14.3,13.5,20,12.8,18
0.5,0.25,2.0,Virginia,71.5,55,100,70.0,34.4,34.5,38,0.1,1.0,94.1,90.0,103.8,100.0,150.9,117.5,5.4,5.5,9,5.6,9
2.0,0.25,2.0,Virginia,71.5,55,100,70.0,40.6,41.0,43,0.2,1.0,95.6,97.0,104.4,100.0,170.3,157.5,8.0,8.0,10,6.0,8
1.0,0.01,1.0,Nevada,71.6,43,102,67.0,3.2,3.0,4,0.0,0.0,103.7,89.0,220.1,158.0,137.5,123.0,1.375,1.0,3,0.8,1
0.5,0.25,0.5,Massachusetts,71.6,71,73,71.0,6.6,6.5,8,0.4,1.0,91.7,94.0,94.8,95.0,84.0,84.0,1.0,1.0,1,1.4,2
2.0,0.01,1.0,Nebraska,71.7,64,91,69.0,29.8,30.0,32,0.0,0.0,85.8,81.0,95.0,94.0,88.2,79.5,4.3,4.0,7,6.8,9
2.0,0.1,1.0,West Virginia,71.8,58,81,81.0,12.1,12.0,14,0.0,0.0,99.5,95.5,132.5,135.0,124.8,114.0,4.6,4.5,7,0.0,0
2.0,0.1,0.5,West Virginia,71.8,58,81,81.0,11.7,12.0,13,0.0,0.0,98.4,94.0,135.4,120.0,121.1,100.0,4.4,4.0,7,0.0,0
0.5,0.1,0.5,West Virginia,71.8,58,81,81.0,5.1,5.0,8,0.0,0.0,101.7,95.5,140.0,135.0,125.8,99.0,2.6,3.0,4,0.0,0
0.5,0.01,0.5,Utah,71.8,63,93,68.5,8.3,8.0,10,0.0,0.0,80.3,76.0,91.1,94.0,58.1,28.0,5.0,6.0,7,0.3,1
2.0,0.01,2.0,Missouri,71.9,60,114,60.0,53.8,54.0,60,0.0,0.0,83.7,71.0,105.4,107.0,70.8,28.0,9.4,9.5,15,10.7,14
2.0,0.01,2.0,Pennsylvania,71.9,40,111,85.0,40.9,41.0,46,0.0,0.0,94.6,101.0,107.8,108.0,73.0,59.0,21.0,21.5,27,14.6,20
0.5,0.01,1.0,Michigan,71.9,53,81,76.0,26.8,27.5,33,0.2,2.0,81.9,81.0,90.1,99.5,104.3,104.0,18.0,18.0,24,15.8,20
0.5,0.25,1.0,Virginia,72.0,70,90,70.0,27.5,27.0,33,0.0,0.0,95.0,95.0,106.7,107.0,149.8,139.5,5.6,5.5,8,5.4,8
ALL,ALL,ALL,Vermont,72.06944444444444,52,186,67.0,11.408333333333333,12.0,14,0.10555555555555556,6.0,81.50555555555556,69.0,89.89444444444445,70.0,102.22905027932961,95.0,8.383333333333333,8.0,17,2.438888888888889,6
1.0,0.01,0.5,Indiana,72.1,46,103,75.0,39.4,39.0,46,0.0,0.0,94.3,96.0,102.0,106.0,107.8,111.0,10.3,9.5,19,9.8,14
0.5,0.01,0.5,Indiana,72.2,46,102,74.0,27.2,27.5,31,0.3,1.0,94.7,96.0,104.1,106.0,88.4,97.5,9.0,9.0,15,8.2,11
2.0,0.01,0.5,Ohio,72.2,43,106,68.0,51.4,52.0,55,0.0,0.0,88.1,92.5,95.3,97.5,93.1,87.5,12.9,13.0,18,10.4,14
2.0,0.25,0.5,Massachusetts,72.3,71,78,71.0,8.0,8.0,9,0.1,1.0,92.9,93.5,94.6,95.0,84.0,84.0,2.3,2.0,4,1.0,2
0.5,0.25,2.0,Massachusetts,72.3,71,78,71.0,7.6,8.0,8,0.1,1.0,88.2,94.0,94.6,95.0,84.0,84.0,3.1,3.0,4,1.1,2
2.0,0.25,2.0,Massachusetts,72.3,71,78,71.0,7.8,8.0,8,0.1,1.0,87.3,91.0,93.9,95.0,84.0,84.0,2.6,3.0,3,1.1,2
2.0,0.01,0.5,Oregon,72.3,44,121,60.0,12.5,12.5,14,0.0,0.0,89.7,82.0,112.8,111.0,119.0,135.5,5.1,5.5,7,3.4,5
0.5,0.01,0.5,Nebraska,72.3,64,83,69.0,16.4,17.0,19,0.1,1.0,88.3,91.0,96.7,96.5,108.6,89.0,2.1,2.0,4,3.6,5
0.5,0.01,2.0,Nebraska,72.3,64,91,69.0,26.7,27.0,29,0.3,2.0,88.1,91.5,93.7,94.0,50.1,28.0,5.1,5.5,7,4.0,7
2.0,0.25,1.0,Massachusetts,72.4,71,73,73.0,7.9,8.0,8,0.0,0.0,89.3,93.0,94.0,94.0,84.0,84.0,2.3,2.0,3,1.0,1
0.5,0.01,2.0,Kentucky,72.6,51,115,66.5,30.1,31.0,35,0.2,1.0,95.4,92.0,110.6,114.5,128.3,160.5,17.0,16.5,23,6.2,9
1.0,0.25,0.5,Virginia,72.7,70,97,70.0,30.0,29.0,33,0.1,1.0,94.1,93.5,105.4,100.0,157.3,139.5,4.3,4.5,6,5.5,10
1.0,0.01,2.0,Missouri,72.8,60,111,71.0,53.5,55.5,58,0.0,0.0,94.3,99.0,107.1,108.0,74.8,56.5,9.4,9.0,13,9.4,12
2.0,0.01,2.0,Nebraska,72.9,65,91,69.0,30.0,30.5,34,0.1,1.0,83.3,82.0,91.7,92.5,42.3,28.0,6.0,6.0,9,7.4,10
1.0,0.01,0.5,Illinois,73.0,57,92,73.0,38.3,39.0,41,0.1,1.0,85.0,79.5,89.0,84.0,80.5,88.0,8.1,8.0,9,3.6,6
2.0,0.01,0.5,Utah,73.1,57,93,69.0,11.1,11.0,12,0.0,0.0,86.9,93.5,98.9,95.5,93.8,101.5,7.2,6.0,14,1.5,3
0.5,0.05,1.0,New Jersey,73.2,61,96,61.0,6.4,6.0,8,0.0,0.0,100.4,104.0,106.2,109.0,75.83333333333333,71.0,2.0,2.0,3,0.0,0
2.0,0.01,0.5,Kentucky,73.4,51,126,66.5,32.2,32.5,35,0.2,1.0,104.1,116.5,116.3,130.0,147.8,173.0,17.1,16.5,21,7.5,13
1.0,0.25,2.0,Massachusetts,73.8,71,78,73.0,7.7,8.0,8,0.2,1.0,88.3,94.0,94.7,95.0,84.0,84.0,2.7,3.0,3,1.2,2
1.0,0.01,1.0,Utah,73.9,63,94,75.0,10.3,10.0,13,0.0,0.0,85.2,90.0,98.6,94.0,80.1,81.0,7.3,7.5,9,1.4,3
0.5,0.25,1.0,North Carolina,73.9,69,76,76.0,19.5,19.0,22,0.0,0.0,79.0,79.0,85.1,81.0,90.0,90.0,7.1,7.0,10,4.7,6
0.5,0.25,2.0,North Carolina,73.9,69,76,76.0,26.4,26.5,29,0.0,0.0,78.3,79.0,86.2,88.0,91.7,93.0,9.8,10.0,12,5.9,8
1.0,0.25,1.0,North Carolina,73.9,69,76,76.0,26.6,26.5,28,0.0,0.0,78.1,79.0,83.9,84.5,91.2,93.0,10.2,10.5,12,6.6,8
2.0,0.25,0.5,Tennessee,74.0,56,86,86.0,42.2,42.0,44,0.0,0.0,87.6,86.0,93.4,93.0,98.6,101.0,19.4,19.0,26,10.1,12
0.5,0.1,1.0,West Virginia,74.1,58,81,81.0,8.3,8.5,11,0.0,0.0,97.3,97.0,127.8,135.0,127.0,108.0,2.8,3.0,3,0.0,0
0.5,0.01,2.0,Utah,74.1,63,85,75.0,10.5,11.0,14,0.0,0.0,88.8,93.0,93.1,94.0,50.8,28.0,8.0,9.0,11,1.1,2
0.5,0.01,1.0,Utah,74.2,63,94,69.0,9.4,9.5,11,0.0,0.0,85.7,93.0,94.2,94.0,57.5,28.0,5.8,6.0,8,0.1,1
1.0,0.25,0.5,Massachusetts,74.3,71,78,73.0,7.3,7.0,8,0.4,1.0,88.0,93.0,94.2,94.0,84.0,84.0,1.5,1.0,3,1.3,2
2.0,0.01,1.0,Utah,74.4,63,93,75.0,11.4,11.0,13,0.0,0.0,85.2,93.0,95.8,94.0,77.8,28.0,8.4,7.0,14,1.5,3
0.5,0.05,2.0,New Jersey,74.5,61,96,61.0,6.8,7.0,8,0.0,0.0,100.0,106.5,106.7,109.0,85.22222222222223,71.0,1.4444444444444444,1.0,3,0.0,0
1.0,0.25,1.0,Massachusetts,74.5,71,94,73.0,7.3,7.5,8,0.2,1.0,89.9,93.0,95.1,94.0,104.8,84.0,2.8,3.0,4,1.2,2
1.0,0.01,2.0,Nebraska,74.5,64,91,69.0,29.6,29.5,33,0.1,1.0,87.3,92.5,92.0,96.5,89.3,77.0,4.9,5.0,8,5.5,7
0.5,0.25,0.5,North Carolina,74.6,69,76,76.0,13.2,13.0,16,0.0,0.0,80.4,79.0,88.0,88.0,96.3,87.0,5.9,6.0,8,2.2,3
2.0,0.25,0.5,North Carolina,74.6,69,76,76.0,27.5,27.5,30,0.0,0.0,80.4,79.0,88.9,88.0,97.2,87.0,11.4,12.0,14,7.1,9
2.0,0.25,1.0,North Carolina,74.6,69,76,76.0,29.5,29.0,32,0.0,0.0,79.6,79.0,89.7,88.0,92.3,93.0,10.5,10.0,13,8.9,11
1.0,0.01,2.0,Ohio,74.6,55,111,64.0,49.7,50.0,55,0.1,1.0,91.3,90.5,99.2,98.0,145.0,161.0,12.6,12.5,17,12.0,15
0.5,0.01,1.0,Illinois,74.8,62,84,73.0,36.4,36.0,41,0.0,0.0,84.2,82.5,89.9,86.5,106.5,102.0,7.0,7.0,10,3.1,5
2.0,0.01,1.0,Oregon,74.9,53,121,56.5,11.6,11.5,14,0.0,0.0,87.6,70.5,108.1,113.5,71.0,28.0,4.1,4.5,6,3.1,5
2.0,0.25,2.0,North Carolina,74.9,69,79,76.0,29.8,30.0,31,0.0,0.0,80.2,79.0,88.9,88.0,90.6,93.0,11.1,11.0,13,8.9,11
1.0,0.25,2.0,North Carolina,74.9,69,79,76.0,29.9,30.0,31,0.0,0.0,80.4,79.0,87.3,88.0,93.4,93.0,10.8,11.5,13,9.0,11
1.0,0.01,1.0,Missouri,75.1,60,103,71.0,44.6,44.0,48,0.0,0.0,91.2,83.0,100.8,105.0,116.0,139.0,6.5,6.5,12,7.9,12
1.0,0.25,0.5,North Carolina,75.3,69,76,76.0,21.9,22.0,24,0.0,0.0,81.6,79.0,89.0,88.0,97.5,93.0,7.7,7.5,10,5.4,8
1.0,0.01,1.0,Indiana,75.4,46,103,79.5,48.0,48.5,52,0.2,1.0,93.9,101.5,101.4,103.0,91.2,97.5,12.8,15.0,20,10.4,14
1.0,0.01,1.0,Ohio,75.6,55,104,68.0,49.8,50.0,54,0.0,0.0,88.4,94.0,94.6,101.5,91.7,86.5,12.7,12.0,18,11.9,15
1.0,0.01,2.0,Illinois,75.9,62,84,84.0,46.5,47.5,49,0.4,1.0,84.6,86.5,89.3,92.5,77.8,98.0,13.1,14.0,20,5.2,8
2.0,0.01,2.0,Utah,76.0,63,94,75.0,12.1,12.0,14,0.0,0.0,87.7,93.0,99.5,94.0,55.6,28.0,9.9,11.0,13,2.3,4
1.0,0.25,1.0,Virginia,76.0,70,100,70.0,34.6,35.0,37,0.3,1.0,98.5,98.5,108.9,107.0,174.8,155.0,5.5,5.5,8,5.4,8
0.5,0.01,0.5,Illinois,76.1,57,104,73.0,27.6,27.5,32,0.1,1.0,85.3,82.0,90.3,84.0,93.3,101.0,5.2,5.0,8,2.6,4
1.0,0.01,1.0,Illinois,76.1,62,96,77.0,45.2,45.0,49,0.1,1.0,84.7,84.0,91.4,89.5,47.4,28.0,10.4,10.0,15,3.9,6
0.5,0.01,2.0,Missouri,76.2,60,103,71.0,44.0,43.5,49,0.0,0.0,89.0,82.0,106.0,108.0,144.8,140.0,6.0,6.0,9,6.2,9
1.0,0.1,0.5,West Virginia,76.4,58,81,81.0,9.5,9.0,12,0.0,0.0,112.1,97.0,144.2,135.0,139.8,160.0,2.9,2.5,6,0.0,0
1.0,0.1,2.0,West Virginia,76.4,58,81,81.0,12.2,12.5,14,0.0,0.0,104.9,97.0,140.3,135.0,125.2,99.0,4.4,4.5,6,0.0,0
2.0,0.01,2.0,Ohio,76.4,55,104,68.0,52.3,51.5,58,0.0,0.0,91.0,94.5,98.9,98.0,113.4,102.0,13.4,14.0,18,11.2,14
2.0,0.01,0.5,Illinois,76.6,54,104,73.5,47.2,48.0,50,0.0,0.0,83.3,78.5,91.0,89.5,72.5,53.5,11.7,11.5,16,4.8,7
0.5,0.01,1.0,Missouri,76.9,60,107,71.0,32.0,32.0,35,0.0,0.0,90.9,93.5,106.3,109.5,96.5,112.5,4.0,4.0,7,3.8,6
2.0,0.25,2.0,Tennessee,77.0,56,86,86.0,45.8,46.0,47,0.0,0.0,86.7,86.0,91.8,93.0,99.2,101.0,22.6,22.5,27,8.1,10
2.0,0.25,1.0,Tennessee,77.0,56,86,86.0,44.0,44.0,46,0.0,0.0,86.0,86.0,91.0,93.0,97.9,101.0,23.9,23.0,28,9.7,14
1.0,0.25,2.0,Tennessee,77.0,56,86,86.0,43.4,43.5,46,0.0,0.0,86.7,86.0,92.4,93.0,106.0,101.0,21.6,21.0,25,10.3,13
2.0,0.05,1.0,New Jersey,77.1,61,96,76.0,7.6,8.0,8,0.0,0.0,99.8,105.0,108.0,109.0,172.66666666666666,71.0,2.111111111111111,2.0,3,0.0,0
1.0,0.05,1.0,New Jersey,77.1,61,96,76.0,7.0,7.0,8,0.0,0.0,99.8,103.0,107.0,109.0,87.0,71.0,1.625,2.0,2,0.0,0
0.5,0.01,2.0,Oregon,77.1,50,106,70.5,12.2,12.0,14,0.0,0.0,95.3,94.5,109.4,121.0,115.3,140.0,5.8,6.5,8,2.7,4
2.0,0.01,2.0,Illinois,77.3,62,105,77.5,48.4,48.5,53,0.0,0.0,86.5,79.5,91.9,88.5,63.1,28.0,14.3,14.5,20,5.1,8
0.5,0.25,1.0,Massachusetts,77.4,71,94,73.0,7.4,7.0,8,0.1,1.0,89.5,93.0,95.2,94.5,84.0,84.0,1.1,1.0,2,1.1,2
0.5,0.1,1.0,North Carolina,77.4,69,88,76.0,15.6,15.0,18,0.0,0.0,86.1,88.0,99.7,106.5,99.1,93.0,5.6,6.0,8,4.0,5
0.5,0.01,1.0,Ohio,77.4,55,111,70.0,36.7,36.5,43,0.1,1.0,85.1,86.0,94.1,97.0,119.1,102.0,8.6,9.0,13,9.2,14
2.0,0.01,1.0,Illinois,77.6,54,109,76.5,46.8,47.0,51,0.1,1.0,86.4,85.0,96.5,94.5,87.1,94.5,12.8,14.0,16,6.2,9
2.0,0.01,1.0,Missouri,77.6,60,120,71.0,53.6,53.0,59,0.0,0.0,98.9,105.5,107.3,112.0,109.0,107.0,8.3,8.0,11,8.5,12
ALL,ALL,ALL,North Dakota,77.88888888888889,64,159,64.0,14.4,16.0,23,0.03888888888888889,1.0,88.54444444444445,65.0,107.94166666666666,85.0,61.02312138728324,28.0,8.301724137931034,9.0,18,3.2777777777777777,7
1.0,0.01,0.5,Montana,78.0,61,103,62.0,11.4,11.0,15,0.1,1.0,102.6,103.0,109.1,105.5,145.11111111111111,133.0,2.7,3.0,4,1.4,3
0.5,0.01,0.5,Missouri,78.2,60,102,82.0,23.9,22.5,31,0.0,0.0,93.6,104.0,105.7,110.0,125.22222222222223,140.0,2.9,2.5,5,2.8,5
2.0,0.1,0.5,Massachusetts,78.3,73,94,74.0,7.1,7.0,8,0.2,1.0,94.1,94.0,96.4,95.0,154.6,84.0,2.4,3.0,3,1.2,2
2.0,0.1,2.0,Massachusetts,78.4,71,94,76.5,7.5,7.5,8,0.0,0.0,92.2,94.0,96.0,95.0,125.6,84.0,2.7,3.0,4,1.0,1
0.5,0.1,2.0,North Carolina,78.4,69,88,79.0,22.5,22.5,25,0.0,0.0,91.1,88.0,100.9,106.5,114.0,104.0,7.8,8.0,11,5.3,7
0.5,0.1,2.0,West Virginia,78.7,58,81,81.0,11.8,12.0,13,0.0,0.0,123.7,135.0,162.9,195.5,112.4,99.0,4.3,4.0,6,0.0,0
0.5,0.1,1.0,Massachusetts,78.9,71,94,73.0,7.4,7.0,8,0.0,0.0,94.3,94.0,97.1,95.0,84.0,84.0,1.0,1.0,2,1.0,1
1.0,0.1,2.0,North Carolina,79.2,69,88,76.0,27.3,27.0,29,0.0,0.0,89.8,88.0,98.9,100.5,111.9,106.5,8.8,9.5,12,7.9,9
0.5,0.1,0.5,Massachusetts,79.3,71,94,73.0,6.7,7.0,7,0.0,0.0,92.6,94.0,96.8,95.0,84.0,84.0,0.7,1.0,1,1.0,1
1.0,0.1,1.0,West Virginia,79.5,58,135,81.0,11.7,12.0,13,0.0,0.0,107.0,97.0,140.2,135.0,125.8,99.0,4.3,4.0,8,0.0,0
1.0,0.1,0.5,Massachusetts,79.5,71,94,74.0,7.1,7.0,8,0.0,0.0,94.6,94.0,97.0,95.0,124.875,84.0,1.8,2.0,3,1.0,1
1.0,0.01,0.5,Vermont,79.5,66,96,85.0,9.2,9.0,12,0.8,5.0,110.4,117.0,128.6,129.0,102.8,102.0,10.0,9.5,14,3.9,5
1.0,0.01,1.0,Oregon,79.6,53,121,69.0,12.2,12.0,15,0.0,0.0,91.7,83.0,111.6,106.0,112.0,140.0,5.7,5.5,9,2.4,4
0.5,0.01,2.0,Illinois,79.9,62,96,81.0,42.9,42.5,48,0.2,1.0,87.1,84.0,92.5,86.0,78.7,102.0,9.6,10.0,14,4.7,9
2.0,0.01,0.5,Florida,79.9,60,107,78.0,8.9,9.0,12,0.5,2.0,106.9,107.0,114.6,116.0,72.5,50.0,30.5,31.0,35,22.8,26
1.0,0.1,2.0,Massachusetts,80.0,71,94,76.5,7.6,8.0,8,0.0,0.0,94.2,94.0,96.4,95.0,196.2,188.0,2.6,2.5,4,1.0,1
0.5,0.25,0.5,Tennessee,80.0,56,86,86.0,22.0,22.5,24,0.0,0.0,86.8,86.0,95.0,93.0,102.2,101.0,8.5,8.5,11,6.7,8
1.0,0.25,0.5,Tennessee,80.0,56,86,86.0,36.8,36.0,39,0.0,0.0,86.0,86.0,93.6,93.0,106.2,101.0,15.5,15.0,18,10.5,12
0.5,0.01,2.0,Ohio,80.0,55,106,81.0,47.6,47.5,53,0.0,0.0,91.0,97.5,100.9,104.5,122.8,140.5,14.3,14.0,19,11.4,14
0.5,0.1,2.0,Massachusetts,80.1,71,94,75.5,7.2,7.0,8,0.1,1.0,94.3,94.0,97.1,95.0,146.4,84.0,2.4,2.0,4,1.1,2
1.0,0.01,0.5,New York,80.2,52,110,79.5,8.6,8.0,12,3.5,14.0,107.0,108.5,121.9,126.0,28.0,28.0,144.4,146.0,166,34.2,40
0.5,0.1,0.5,North Carolina,80.6,69,108,77.5,11.3,11.0,14,0.0,0.0,88.5,88.0,102.6,105.0,109.8,101.0,4.2,4.0,8,2.1,3
2.0,0.01,0.5,Indiana,80.6,46,110,85.0,45.9,46.0,49,0.1,1.0,92.1,102.0,98.3,106.0,94.0,101.0,14.1,14.0,19,12.7,16
2.0,0.1,1.0,North Carolina,80.7,69,88,79.0,28.0,28.0,31,0.0,0.0,92.4,88.0,101.9,108.0,110.3,98.5,9.5,8.5,13,8.7,10
0.5,0.25,1.0,Louisiana,81.0,81,81,81.0,1.9,2.0,2,0.0,0.0,123.0,123.0,,,,,0.0,0.0,0,0.0,0
0.5,0.05,0.5,Louisiana,81.0,81,81,81.0,1.0,1.0,1,,,,,,,,,0.0,0.0,0,0.0,0
0.5,0.25,0.5,Louisiana,81.0,81,81,81.0,1.0,1.0,1,,,,,,,,,0.0,0.0,0,0.0,0
1.0,0.25,1.0,Louisiana,81.0,81,81,81.0,4.1,4.0,5,0.0,0.0,160.6,123.0,312.8,260.0,,,0.0,0.0,0,0.0,0
2.0,0.25,2.0,Louisiana,81.0,81,81,81.0,4.4,4.0,5,0.0,0.0,145.2,123.0,249.6,260.0,,,0.0,0.0,0,0.0,0
2.0,0.1,2.0,West Virginia,81.0,81,81,81.0,12.1,12.0,15,0.0,0.0,109.4,101.0,160.0,135.0,180.6,163.0,4.7,5.0,8,0.0,0
0.5,0.1,0.5,Louisiana,81.0,81,81,81.0,1.0,1.0,1,,,,,,,,,0.0,0.0,0,0.0,0
1.0,0.1,0.5,North Carolina,81.1,76,88,77.5,20.0,19.5,23,0.0,0.0,92.7,88.0,103.2,105.0,119.2,135.0,6.8,6.5,11,4.9,6
1.0,0.01,2.0,Kentucky,81.2,51,138,71.0,32.1,32.0,39,0.1,1.0,92.3,82.5,109.1,104.0,87.6,91.5,21.2,22.5,28,7.6,11
1.0,0.05,2.0,New Jersey,81.5,61,108,84.0,7.3,7.0,9,0.0,0.0,103.0,106.0,107.6,109.0,132.5,84.5,1.9,2.0,3,0.0,0
1.0,0.05,1.0,West Virginia,81.8,58,135,81.0,10.7,10.5,12,0.0,0.0,141.5,135.0,185.9,199.0,130.0,106.5,3.1,3.0,5,0.0,0
0.5,0.05,0.5,Massachusetts,81.8,71,94,75.0,7.2,7.5,8,0.0,0.0,95.2,94.0,97.7,96.5,84.0,84.0,0.5,0.5,1,0.6,1
1.0,0.1,1.0,Massachusetts,81.9,73,94,75.5,7.4,7.0,9,0.0,0.0,94.4,94.0,97.6,95.0,158.3,84.0,2.7,3.0,3,0.9,1
1.0,0.01,2.0,Indiana,81.9,46,110,93.0,46.5,47.0,50,0.1,1.0,97.9,102.0,105.0,104.5,104.4,103.5,13.1,13.0,18,13.7,19
2.0,0.01,2.0,Kentucky,82.2,51,138,79.5,33.8,34.5,36,0.4,2.0,103.7,94.5,119.7,120.5,142.1,148.0,22.2,24.5,27,7.6,10
2.0,0.1,2.0,North Carolina,82.3,76,88,83.5,28.8,28.0,32,0.0,0.0,97.8,105.0,104.1,108.0,112.2,114.0,9.2,9.0,14,7.5,9
2.0,0.01,2.0,Oregon,83.0,53,121,74.5,12.5,13.0,13,0.0,0.0,96.9,106.0,116.0,121.0,67.5,28.0,5.0,4.5,10,3.3,5
0.5,0.25,1.0,Tennessee,83.0,56,86,86.0,34.5,34.5,35,0.0,0.0,86.7,86.0,93.3,93.0,101.7,101.0,12.5,12.5,16,10.5,12
2.0,0.1,1.0,Virginia,83.5,70,125,70.0,36.0,35.5,41,0.3,1.0,105.6,100.0,118.6,115.0,185.0,161.0,7.0,7.0,10,4.1,7
2.0,0.1,1.0,Tennessee,83.7,56,93,86.0,41.5,40.5,46,0.0,0.0,93.0,93.0,102.0,102.0,112.6,103.0,21.2,21.0,26,9.1,12
ALL,ALL,ALL,New Jersey,83.81666666666666,61,215,61.0,7.1194444444444445,7.0,10,0.0,0.0,110.76666666666667,92.0,127.34444444444445,108.0,157.74333333333334,128.0,1.8766666666666667,2.0,4,0.0,0
2.0,0.1,1.0,Massachusetts,84.2,73,94,84.5,7.4,7.0,8,0.1,1.0,94.4,94.5,98.4,98.5,195.5,143.5,2.0,2.0,3,1.1,2
0.5,0.05,1.0,North Carolina,84.7,76,88,88.0,15.6,15.5,18,0.0,0.0,105.4,108.0,109.4,110.0,132.1,135.0,3.9,3.0,8,3.2,4
2.0,0.1,0.5,North Carolina,84.7,76,108,79.0,25.1,25.0,28,0.0,0.0,93.4,88.0,100.3,105.0,111.7,98.5,9.8,9.5,13,7.7,10
0.5,0.01,2.0,Indiana,84.7,46,106,96.0,44.2,43.0,50,0.1,1.0,102.0,102.5,108.2,110.0,112.0,114.0,13.5,15.0,19,10.3,14
2.0,0.05,0.5,New Jersey,84.8,61,109,91.0,7.2,7.0,8,0.0,0.0,101.1,99.0,108.1,109.0,186.55555555555554,166.0,1.4444444444444444,1.0,3,0.0,0
1.0,0.1,0.5,Tennessee,85.0,56,106,86.0,34.4,34.5,40,0.0,0.0,92.4,93.0,106.5,106.0,84.5,101.0,15.8,15.5,21,9.0,12
0.5,0.1,0.5,Virginia,85.1,70,114,80.0,13.5,13.5,16,0.0,0.0,106.7,100.0,128.6,125.0,192.8,160.5,1.9,1.5,4,1.7,4
2.0,0.01,2.0,Indiana,85.1,46,112,86.0,46.9,48.0,51,0.2,1.0,100.3,102.0,106.5,108.0,79.5,95.5,17.0,16.5,27,12.9,19
1.0,0.25,0.5,Louisiana,85.2,81,123,81.0,1.8,2.0,2,0.0,0.0,123.0,123.0,,,,,0.0,0.0,0,0.0,0
1.0,0.25,2.0,Louisiana,85.2,81,123,81.0,3.8,4.0,5,0.0,0.0,170.0,123.0,285.6,260.0,,,0.0,0.0,0,0.0,0
2.0,0.25,1.0,Louisiana,85.2,81,123,81.0,4.2,4.0,5,0.0,0.0,171.7,123.0,286.4,260.0,,,0.0,0.0,0,0.0,0
0.5,0.25,2.0,Louisiana,85.2,81,123,81.0,2.8,3.0,4,0.0,0.0,198.2,123.0,336.6666666666667,388.0,,,0.0,0.0,0,0.0,0
0.5,0.05,2.0,North Carolina,85.4,69,108,88.0,20.0,20.0,22,0.2,1.0,105.0,106.5,109.5,109.0,123.9,135.0,6.0,5.5,10,4.3,6
1.0,0.05,0.5,Massachusetts,85.5,71,94,93.5,7.5,7.0,9,0.0,0.0,94.5,94.5,99.5,101.0,232.57142857142858,292.0,0.9,1.0,2,0.8,1
2.0,0.1,0.5,Tennessee,85.5,56,111,86.0,40.5,40.5,43,0.0,0.0,95.8,93.0,106.5,106.0,119.6,101.0,17.5,18.0,19,8.8,11
0.5,0.25,2.0,Arkansas,85.6,85,91,85.0,12.9,13.0,14,0.0,0.0,139.0,139.0,153.0,153.0,28.0,28.0,2.9,3.0,4,1.4,2
0.5,0.1,1.0,Virginia,85.6,70,116,80.0,22.3,22.5,27,0.1,1.0,110.7,114.0,118.9,116.0,174.4,161.0,3.2,3.0,4,2.8,4
2.0,0.05,0.5,West Virginia,85.7,58,135,81.0,10.0,10.0,12,0.0,0.0,143.1,135.0,178.6,199.0,165.4,166.0,3.1,3.0,7,0.0,0
1.0,0.05,0.5,North Carolina,85.8,76,108,88.0,17.7,18.0,19,0.1,1.0,102.7,108.0,108.9,110.0,122.8,135.0,4.9,4.5,11,4.8,6
0.5,0.01,2.0,Montana,86.0,61,103,101.0,14.1,13.5,17,0.1,1.0,98.9,103.0,109.3,105.5,137.4,123.0,3.2,3.5,5,0.8,2
0.5,0.25,2.0,Tennessee,86.0,86,86,86.0,42.3,42.0,46,0.0,0.0,88.8,86.0,97.2,94.0,101.8,101.0,15.8,14.0,20,8.5,11
0.5,0.05,1.0,Massachusetts,86.1,73,94,94.0,7.3,7.0,8,0.0,0.0,95.6,95.0,100.8,102.0,84.0,84.0,0.5,0.0,2,1.0,1
0.5,0.25,1.0,Arkansas,86.2,85,91,85.0,7.5,7.0,9,0.0,0.0,139.0,139.0,153.0,153.0,181.375,204.0,1.5,1.5,3,1.2,2
2.0,0.01,1.0,Montana,86.2,61,103,103.0,15.7,15.5,19,0.1,1.0,100.0,103.0,106.7,106.0,131.4,132.0,4.7,5.0,7,2.5,5
1.0,0.05,0.5,West Virginia,86.4,81,135,81.0,6.9,7.0,8,0.0,0.0,142.8,135.0,189.4,199.0,168.2,166.0,2.0,2.0,3,0.0,0
0.5,0.01,1.0,Montana,86.4,61,103,103.0,12.1,12.0,15,0.0,0.0,103.4,103.0,106.2,105.0,151.88888888888889,136.0,2.2,2.0,5,1.1,2
1.0,0.1,0.5,Virginia,86.4,70,114,90.0,27.1,26.5,30,0.2,1.0,109.6,107.0,122.6,125.0,211.5,226.0,3.6,4.0,6,3.6,7
0.5,0.1,1.0,Tennessee,86.7,86,93,86.0,32.8,33.0,37,0.0,0.0,92.1,89.5,99.1,94.0,107.6,101.0,10.7,11.5,13,8.4,12
2.0,0.05,2.0,North Carolina,86.8,69,108,88.0,26.4,26.5,29,0.1,1.0,104.3,108.0,111.7,110.0,143.4,135.0,8.7,9.0,11,7.6,11
0.5,0.01,2.0,Florida,86.9,60,107,86.0,9.6,10.0,12,0.0,0.0,101.8,105.0,115.3,112.5,98.8,145.0,28.3,27.5,38,19.3,23
2.0,0.05,0.5,Massachusetts,87.1,73,102,94.0,7.5,7.5,8,0.0,0.0,94.2,95.0,100.8,102.0,199.9,247.5,2.7,2.0,5,0.9,1
2.0,0.05,0.5,North Carolina,87.1,79,88,88.0,24.0,24.0,26,0.0,0.0,105.3,108.0,109.2,110.0,132.7,135.0,7.8,7.5,11,7.0,8
2.0,0.1,2.0,Tennessee,87.3,56,113,86.0,43.8,44.0,47,0.0,0.0,98.5,98.0,107.0,106.0,123.7,124.0,20.6,21.0,24,8.1,10
0.5,0.25,0.5,Arkansas,87.4,85,91,85.0,3.0,3.0,4,0.0,0.0,139.0,139.0,251.0,236.0,226.0,226.0,0.3333333333333333,0.0,1,0.2,1
1.0,0.25,2.0,Arkansas,87.4,85,91,85.0,14.1,14.0,16,0.0,0.0,139.0,139.0,153.0,153.0,28.0,28.0,4.2,4.0,6,1.4,3
1.0,0.25,1.0,Arkansas,87.4,85,91,85.0,13.4,13.5,14,0.0,0.0,139.0,139.0,153.0,153.0,28.0,28.0,3.1,3.0,5,2.0,3
1.0,0.05,1.0,Massachusetts,87.5,71,94,94.0,7.3,7.0,8,0.0,0.0,95.3,95.0,99.9,102.0,229.6,292.0,1.9,2.0,3,1.0,1
0.5,0.1,0.5,Tennessee,87.5,86,94,86.0,19.7,19.0,23,0.0,0.0,95.5,97.5,102.5,104.0,121.4,103.0,7.9,8.0,14,6.8,9
1.0,0.01,1.0,New York,87.6,52,110,91.0,10.4,11.0,13,1.0,7.0,104.2,109.0,120.0,126.5,28.0,28.0,160.5,161.5,189,35.2,39
1.0,0.01,1.0,Florida,87.8,70,107,86.0,9.3,9.5,13,0.3,2.0,103.4,107.0,114.7,115.0,87.3,114.5,29.0,29.0,36,19.2,24
2.0,0.25,1.0,Arkansas,88.0,85,91,88.0,15.0,15.0,17,0.0,0.0,139.0,139.0,152.4,152.0,28.0,28.0,4.1,4.0,5,1.5,3
2.0,0.25,0.5,Arkansas,88.0,85,91,88.0,14.4,14.0,15,0.0,0.0,139.0,139.0,152.6,153.0,28.0,28.0,3.8,4.0,5,1.7,3
0.5,0.05,0.5,West Virginia,88.3,58,200,81.0,3.7,4.0,5,0.0,0.0,142.6,135.0,175.0,200.0,164.5,166.0,1.8,2.0,3,0.0,0
0.5,0.1,2.0,Tennessee,88.4,86,102,86.0,39.1,39.5,41,0.0,0.0,98.1,99.5,106.4,111.0,74.8,64.5,15.0,14.5,19,8.6,10
ALL,ALL,ALL,Massachusetts,88.58611111111111,71,190,91.0,7.233333333333333,7.0,9,0.06666666666666667,1.0,104.88333333333334,94.0,115.6138888888889,100.0,165.4982206405694,84.0,1.8782894736842106,2.0,5,0.7666666666666667,2
1.0,0.25,0.5,Arkansas,88.6,85,91,91.0,9.6,10.0,10,0.0,0.0,139.0,139.0,153.0,153.0,28.0,28.0,3.7,3.0,6,1.2,2
2.0,0.25,2.0,Arkansas,88.6,85,91,91.0,15.4,15.0,17,0.0,0.0,139.0,139.0,152.4,152.0,28.0,28.0,4.5,5.0,7,1.5,3
2.0,0.01,0.5,New York,88.7,56,110,90.0,12.0,11.5,14,0.7,5.0,106.7,104.0,117.5,110.0,36.5,28.0,158.2,155.5,194,34.4,38
0.5,0.05,2.0,West Virginia,88.8,81,135,81.0,10.1,10.0,12,0.0,0.0,153.7,135.0,200.0,199.5,178.8,166.0,2.7,2.0,4,0.0,0
1.0,0.1,2.0,Tennessee,88.8,86,106,86.0,41.2,41.5,43,0.0,0.0,98.1,98.0,105.9,106.0,125.4,105.0,20.5,19.5,24,9.3,11
1.0,0.01,2.0,New York,88.8,56,110,91.0,10.5,11.0,16,5.0,21.0,117.6,110.0,135.9,131.0,28.0,28.0,158.7,154.0,189,36.1,40
0.5,0.05,0.5,North Carolina,89.0,79,108,88.0,10.1,10.0,13,0.1,1.0,103.3,106.5,111.5,109.0,126.4,135.0,2.6,2.5,5,1.3,2
2.0,0.05,2.0,Massachusetts,89.2,73,98,94.0,7.4,7.0,8,0.2,1.0,94.2,95.0,102.3,102.0,266.1,292.0,2.2,2.0,4,1.0,1
0.5,0.01,0.5,Montana,89.2,61,103,101.0,12.0,11.5,15,0.2,1.0,103.6,104.0,107.6,105.5,148.3,133.0,2.3,2.0,4,1.0,2
0.5,0.1,2.0,Arkansas,89.2,85,91,91.0,12.0,12.0,13,0.0,0.0,139.0,139.0,153.0,153.0,28.0,28.0,3.2,3.0,4,1.8,3
2.0,0.05,2.0,New Jersey,89.4,61,104,96.0,6.5,6.5,7,0.0,0.0,102.8,104.0,106.4,109.0,178.66666666666666,98.0,1.7777777777777777,2.0,3,0.0,0
1.0,0.25,2.0,Maine,89.4,87,95,87.0,11.1,11.0,12,0.0,0.0,95.0,95.0,129.1,132.0,28.0,28.0,1.8,2.0,2,1.4,2
0.5,0.25,1.0,Maine,89.4,87,95,87.0,8.4,8.0,11,0.0,0.0,95.0,95.0,127.4,132.0,67.2,28.0,2.0,2.0,3,1.6,3
2.0,0.01,1.0,Vermont,89.5,69,167,85.0,10.6,10.5,14,0.8,6.0,124.9,122.0,146.5,147.0,120.0,102.0,11.7,13.5,16,3.3,6
2.0,0.01,0.5,Vermont,89.5,66,149,85.0,10.3,10.5,13,0.2,1.0,121.5,113.0,148.3,147.0,112.2,102.0,9.9,11.0,17,3.6,6
1.0,0.1,1.0,North Carolina,89.6,76,108,88.0,25.0,25.0,28,0.1,1.0,103.5,105.0,107.6,108.0,128.6,135.0,7.3,8.0,9,6.1,8
1.0,0.01,1.0,Montana,89.7,58,103,103.0,13.6,13.5,15,0.0,0.0,99.1,103.0,108.7,105.5,162.6,150.5,2.8,2.0,6,1.7,3
0.5,0.01,1.0,Vermont,89.9,69,186,85.0,9.6,9.5,12,0.4,4.0,115.8,109.0,147.5,151.5,108.66666666666667,102.0,9.5,11.0,16,3.4,5
0.5,0.25,1.0,Mississippi,90.0,90,90,90.0,7.1,7.0,8,0.0,0.0,110.5,106.0,152.8,151.0,207.0,207.0,1.0,1.0,1,0.1,1
1.0,0.25,2.0,Mississippi,90.0,90,90,90.0,10.8,11.0,12,0.0,0.0,111.2,106.0,140.0,151.0,241.42857142857142,207.0,1.0,1.0,1,0.1,1
0.5,0.25,2.0,Mississippi,90.0,90,90,90.0,7.9,8.0,9,0.0,0.0,111.9,106.0,143.8,151.0,207.0,207.0,1.0,1.0,1,0.1,1
2.0,0.25,1.0,Mississippi,90.0,90,90,90.0,11.0,11.0,12,0.0,0.0,115.0,106.0,140.0,151.0,207.0,207.0,1.25,1.0,2,0.2,1
1.0,0.05,2.0,Massachusetts,90.0,73,94,94.0,7.3,7.0,8,0.0,0.0,95.1,95.0,100.9,102.0,262.3,292.0,2.0,2.0,3,0.8,1
2.0,0.05,1.0,Massachusetts,90.0,73,95,94.0,7.5,7.5,8,0.2,1.0,96.5,95.0,102.8,102.0,287.6,292.0,1.8,2.0,2,1.0,1
1.0,0.25,1.0,Maine,90.2,87,95,87.0,11.0,11.0,12,0.0,0.0,95.0,95.0,130.8,132.0,28.0,28.0,1.9,2.0,2,1.4,2
2.0,0.25,2.0,Maine,90.2,87,95,87.0,10.9,11.0,12,0.0,0.0,95.0,95.0,130.6,132.0,28.0,28.0,1.0,1.0,1,1.6,2
2.0,0.01,2.0,New York,90.2,52,151,89.5,11.0,10.5,16,4.6,29.0,125.0,110.0,152.5,128.5,28.0,28.0,153.3,155.0,182,35.5,41
0.5,0.05,0.5,Tennessee,90.4,56,113,86.0,15.2,16.0,17,0.0,0.0,106.8,104.0,116.2,112.5,130.0,116.5,6.0,5.0,9,4.8,10
1.0,0.01,2.0,Montana,90.6,61,103,103.0,15.6,16.0,18,0.0,0.0,104.6,103.0,106.7,105.5,164.7,159.0,4.0,4.0,7,2.2,4
1.0,0.05,0.5,Tennessee,90.6,56,132,86.0,30.4,30.5,34,0.0,0.0,108.9,108.5,122.0,115.5,91.1,95.0,14.4,14.5,17,6.7,10
1.0,0.05,1.0,North Carolina,90.8,69,108,88.0,21.9,22.0,25,0.0,0.0,98.9,106.5,107.5,109.0,135.2,118.0,8.6,9.0,12,5.2,6
2.0,0.25,0.5,South Carolina,90.9,87,104,87.0,18.6,19.0,20,0.5,1.0,111.8,108.0,121.6,123.0,127.2,112.0,11.9,12.0,15,3.9,5
2.0,0.25,1.0,Maine,91.0,87,95,91.0,11.2,11.0,12,0.0,0.0,95.0,95.0,130.0,132.0,28.0,28.0,1.7,2.0,2,1.1,2
1.0,0.25,0.5,Maine,91.0,87,95,91.0,9.3,9.0,11,0.0,0.0,95.0,95.0,131.1,132.0,71.55555555555556,28.0,1.6,2.0,2,1.3,2
2.0,0.1,1.0,Arkansas,91.0,91,91,91.0,13.3,14.0,15,0.0,0.0,139.0,139.0,152.8,153.0,28.0,28.0,4.9,5.0,7,1.3,4
0.5,0.05,1.0,Tennessee,91.2,86,111,86.0,29.2,29.0,34,0.0,0.0,102.9,104.0,117.9,111.5,116.2,116.5,12.8,13.5,16,5.8,8
1.0,0.1,1.0,Virginia,91.4,70,114,100.0,32.9,33.5,36,0.2,1.0,111.8,114.0,127.7,125.0,226.5,226.0,4.3,5.0,6,3.7,8
1.0,0.05,2.0,North Carolina,91.4,76,108,88.0,25.5,26.0,29,0.0,0.0,104.3,108.0,110.5,110.0,147.2,135.0,7.2,7.5,9,7.2,10
0.5,0.1,1.0,Louisiana,91.5,81,123,81.0,1.375,1.0,2,0.0,0.0,123.0,123.0,,,,,0.0,0.0,0,0.0,0
1.0,0.25,0.5,Mississippi,91.6,90,106,90.0,7.0,7.0,8,0.0,0.0,115.0,106.0,151.4,151.0,207.0,207.0,1.0,1.0,1,0.0,0
0.5,0.25,0.5,Mississippi,91.6,90,106,90.0,5.9,6.0,7,0.0,0.0,119.5,106.0,155.8,159.0,,,0.0,0.0,0,0.0,0
1.0,0.25,1.0,Mississippi,91.6,90,106,90.0,8.7,9.0,10,0.0,0.0,111.2,106.0,136.0,151.0,207.0,207.0,1.7777777777777777,2.0,2,0.1,1
1.0,0.01,2.0,Florida,91.7,70,107,100.5,9.6,9.0,13,0.1,1.0,107.8,107.0,119.8,120.5,89.7,114.5,35.1,36.0,42,21.6,24
1.0,0.1,0.5,Maine,91.8,87,95,95.0,8.5,9.0,9,0.0,0.0,99.5,95.0,140.2,135.0,126.0,126.0,1.7,1.5,3,1.0,2
2.0,0.05,1.0,Maine,91.8,87,95,95.0,9.9,10.0,11,0.0,0.0,104.0,95.0,147.2,140.0,115.11111111111111,28.0,1.4,1.5,2,1.2,2
0.5,0.25,2.0,Maine,91.8,87,95,95.0,11.3,11.0,12,0.0,0.0,95.0,95.0,124.0,132.0,28.0,28.0,2.1,2.0,3,1.2,2
0.5,0.1,1.0,Maine,91.8,87,95,95.0,7.8,8.0,9,0.0,0.0,95.0,95.0,136.6,137.5,126.0,126.0,1.5,1.5,2,1.3,2
0.5,0.05,2.0,Massachusetts,91.9,73,94,94.0,7.1,7.0,9,0.0,0.0,96.0,95.0,101.1,102.0,268.8888888888889,292.0,1.7,2.0,3,0.8,1
1.0,0.01,2.0,Vermont,91.9,66,163,77.0,11.0,11.0,13,0.4,3.0,119.1,107.0,149.4,138.0,136.8,102.0,9.9,10.0,17,2.7,6
0.5,0.1,2.0,Virginia,91.9,70,129,95.0,32.7,33.0,35,0.2,1.0,115.3,107.0,127.6,122.5,228.5,193.5,4.2,4.0,7,3.7,5
2.0,0.05,1.0,North Carolina,91.9,76,108,88.0,26.4,26.0,30,0.1,1.0,108.0,108.0,112.4,110.0,145.8,135.0,8.7,8.5,11,7.8,10
2.0,0.01,0.5,Maryland,92.1,35,128,116.5,12.2,12.0,14,0.0,0.0,124.4,128.0,154.8,149.0,83.5,28.0,4.8,5.5,8,0.6,1
1.0,0.05,2.0,Tennessee,92.1,56,113,90.0,37.9,37.0,42,0.0,0.0,104.9,106.0,122.1,115.5,121.8,122.5,21.4,21.5,26,9.3,12
2.0,0.25,2.0,Mississippi,92.3,90,113,90.0,10.8,11.0,12,0.0,0.0,124.0,106.0,145.9,151.0,207.0,207.0,1.0,1.0,2,0.2,1
2.0,0.25,0.5,Maine,92.6,87,95,95.0,11.3,11.0,13,0.0,0.0,95.0,95.0,126.6,132.0,67.2,28.0,1.9,2.0,3,1.0,2
2.0,0.1,0.5,Maine,92.6,87,95,95.0,9.9,10.0,11,0.0,0.0,95.0,95.0,133.0,133.5,101.5,28.0,1.2,1.0,2,1.5,2
2.0,0.05,1.0,Tennessee,92.7,86,106,89.5,39.1,39.0,42,0.1,1.0,108.9,108.5,116.6,112.5,135.0,121.5,19.7,19.5,23,8.1,12
0.5,0.05,1.0,West Virginia,92.8,81,199,81.0,6.1,6.0,9,0.0,0.0,156.8,164.0,187.7,199.5,178.8,166.0,2.3,2.0,4,0.0,0
2.0,0.01,2.0,Florida,92.8,70,107,103.0,9.9,10.0,13,0.5,2.0,115.4,118.5,124.0,123.0,81.2,75.5,35.9,35.0,45,23.1,27
0.5,0.25,0.5,South Carolina,92.9,87,119,87.0,10.5,10.5,12,0.4,1.0,122.2,123.0,126.2,127.0,123.7,112.0,4.9,4.5,8,0.8,1
1.0,0.01,1.0,Vermont,92.9,68,157,85.0,10.9,11.0,13,0.4,2.0,118.0,113.0,137.6,128.5,117.5,102.0,10.1,10.0,16,3.0,5
0.5,0.25,1.0,Alabama,93.0,93,93,93.0,13.0,13.0,14,0.0,0.0,100.2,99.0,104.9,102.5,228.0,228.0,1.0,1.0,1,0.0,0
1.0,0.25,0.5,Alabama,93.0,93,93,93.0,13.7,13.5,16,0.0,0.0,101.1,100.0,107.6,109.0,235.0,235.0,1.0,1.0,1,0.0,0
1.0,0.25,2.0,Alabama,93.0,93,93,93.0,19.7,20.0,20,0.0,0.0,100.0,99.0,103.5,101.0,187.0,187.0,1.3333333333333333,1.0,2,0.0,0
2.0,0.25,1.0,Alabama,93.0,93,93,93.0,20.4,20.5,21,0.0,0.0,100.6,99.0,106.6,109.0,187.0,187.0,1.4,1.0,2,0.0,0
0.5,0.25,2.0,Alabama,93.0,93,93,93.0,16.0,16.0,18,0.0,0.0,100.2,99.0,102.7,101.0,,,0.0,0.0,0,0.0,0
0.5,0.25,0.5,Alabama,93.0,93,93,93.0,8.7,9.0,10,0.0,0.0,101.2,101.0,107.5,109.0,228.0,228.0,1.0,1.0,1,0.0,0
1.0,0.25,1.0,Alabama,93.0,93,93,93.0,17.5,18.0,20,0.0,0.0,99.2,99.0,103.4,101.0,,,0.0,0.0,0,0.0,0
2.0,0.25,2.0,Alabama,93.0,93,93,93.0,20.4,20.0,22,0.0,0.0,99.4,99.0,104.2,101.0,187.0,187.0,1.5555555555555556,2.0,2,0.0,0
2.0,0.25,0.5,Alabama,93.0,93,93,93.0,20.0,20.0,22,0.0,0.0,100.3,100.0,108.6,109.0,187.0,187.0,1.4444444444444444,1.0,2,0.0,0
1.0,0.1,0.5,Louisiana,93.0,81,123,81.0,1.2857142857142858,1.0,2,0.0,0.0,123.0,123.0,,,,,0.0,0.0,0,0.0,0
2.0,0.05,2.0,West Virginia,93.1,58,193,81.0,10.8,11.0,12,0.0,0.0,142.8,135.0,186.6,199.0,157.7,166.0,3.6,3.5,6,0.0,0
0.5,0.25,1.0,South Carolina,93.1,87,104,89.5,16.2,16.0,18,0.5,1.0,116.7,121.0,121.8,125.0,146.9,151.0,7.4,7.5,10,2.2,3
2.0,0.1,0.5,Virginia,93.1,70,114,98.5,36.8,37.0,40,0.1,1.0,113.8,107.0,131.1,129.0,195.3,193.5,4.8,4.5,8,2.5,6
1.0,0.1,1.0,Tennessee,93.1,56,111,94.0,37.7,38.0,41,0.0,0.0,101.1,104.0,108.6,108.5,123.8,105.0,16.2,16.5,18,8.7,12
1.0,0.1,1.0,Maine,93.4,87,95,95.0,10.7,11.0,12,0.0,0.0,95.0,95.0,131.9,132.0,86.8,28.0,2.0,2.0,3,1.3,2
0.5,0.1,2.0,Maine,93.4,87,95,95.0,10.5,10.5,12,0.0,0.0,95.0,95.0,134.7,132.0,145.6,224.0,1.5,1.0,3,1.4,2
0.5,0.01,0.5,New York,93.9,84,109,91.0,10.3,10.0,16,0.4,4.0,106.9,109.5,121.5,123.5,42.7,28.0,101.2,100.5,117,28.6,33
0.5,0.01,0.5,Vermont,94.0,69,186,85.0,7.9,7.5,11,0.4,3.0,119.1,113.0,147.2,147.0,107.55555555555556,102.0,9.0,10.0,15,3.7,6
1.0,0.05,2.0,West Virginia,94.1,81,199,81.0,10.5,10.5,13,0.0,0.0,128.7,135.0,177.3,199.0,132.5,99.0,4.1,4.5,6,0.0,0
1.0,0.05,0.5,Maine,94.2,87,95,95.0,8.6,9.0,10,0.0,0.0,99.5,95.0,142.8,140.0,168.0,224.0,1.0,1.0,2,0.6,1
2.0,0.05,2.0,Maine,94.2,87,95,95.0,10.0,10.0,11,0.0,0.0,106.9,95.0,139.9,140.0,122.85714285714286,28.0,1.0,1.0,2,1.0,2
0.5,0.25,0.5,Maine,94.2,87,95,95.0,6.3,6.0,8,0.0,0.0,125.6,129.0,130.3,132.0,28.0,28.0,0.7,1.0,1,1.2,2
2.0,0.1,1.0,Maine,94.2,87,95,95.0,10.6,11.0,13,0.0,0.0,95.0,95.0,133.7,132.0,93.33333333333333,28.0,1.6666666666666667,2.0,2,1.2,2
1.0,0.05,2.0,Maine,94.2,87,95,95.0,9.7,9.5,12,0.0,0.0,103.2,95.0,143.4,140.0,101.5,28.0,1.5,1.5,3,1.3,2
0.5,0.1,0.5,Maine,94.2,87,95,95.0,6.2,6.0,8,0.0,0.0,125.0,129.0,133.6,132.0,145.6,224.0,0.6666666666666666,1.0,2,1.3,3
2.0,0.1,2.0,Maine,94.2,87,95,95.0,10.8,11.0,13,0.0,0.0,95.0,95.0,134.2,132.0,67.2,28.0,0.7,0.5,2,1.4,2
2.0,0.25,2.0,South Carolina,94.3,87,123,92.0,17.1,17.0,18,0.2,1.0,112.6,108.0,121.9,121.0,127.5,112.0,13.2,13.0,16,5.7,7
2.0,0.1,2.0,Arkansas,94.6,85,139,91.0,13.3,13.0,15,0.0,0.0,140.4,139.0,155.7,153.0,28.0,28.0,4.5,4.0,6,1.5,2
2.0,0.05,1.0,West Virginia,94.9,58,135,81.0,10.7,11.0,12,0.0,0.0,173.1,195.5,197.4,200.0,159.3,166.0,3.6,3.0,6,0.0,0
0.5,0.05,1.0,Maine,95.0,95,95,95.0,8.4,8.0,10,0.0,0.0,112.5,95.0,152.0,140.0,180.44444444444446,224.0,1.2222222222222223,1.0,2,0.8,2
0.5,0.05,2.0,Maine,95.0,95,95,95.0,9.9,10.0,11,0.0,0.0,103.2,95.0,142.2,140.0,204.4,224.0,1.2,1.0,2,1.0,3
1.0,0.05,1.0,Maine,95.0,95,95,95.0,9.3,9.5,11,0.0,0.0,107.4,95.0,145.1,137.5,240.9,224.0,1.1,1.0,2,1.2,2
2.0,0.05,0.5,Maine,95.0,95,95,95.0,9.6,9.5,11,0.0,0.0,108.0,95.0,144.7,140.0,184.8,224.0,1.2,1.0,2,1.2,2
1.0,0.1,2.0,Maine,95.0,95,95,95.0,10.3,10.0,11,0.0,0.0,95.0,95.0,128.8,132.0,47.6,28.0,2.1,2.0,3,1.8,2
1.0,0.1,0.5,Arkansas,95.2,85,139,91.0,9.3,9.0,11,0.0,0.0,140.4,139.0,156.0,153.0,28.0,28.0,3.8,4.0,5,1.0,1
2.0,0.1,0.5,Arkansas,95.2,85,139,91.0,13.3,13.0,15,0.0,0.0,140.3,139.0,152.7,153.0,28.0,28.0,4.0,4.0,6,1.2,2
2.0,0.01,2.0,Vermont,95.2,52,125,85.0,11.3,11.0,13,0.2,2.0,122.4,123.5,146.8,138.0,164.7,102.0,8.0,8.0,14,2.6,4
0.5,0.01,1.0,New York,95.2,56,126,95.0,10.7,11.5,15,1.1,6.0,116.9,109.5,124.8,118.0,28.0,28.0,126.7,128.0,146,31.7,36
2.0,0.1,1.0,Alabama,95.4,93,111,93.0,19.7,20.0,21,0.0,0.0,108.7,109.0,117.4,114.0,187.0,187.0,1.3333333333333333,1.0,3,0.0,0
2.0,0.1,2.0,Alabama,95.4,93,111,93.0,19.4,19.0,21,0.0,0.0,105.1,101.0,114.0,114.0,187.0,187.0,1.5,1.5,2,0.0,0
0.5,0.05,2.0,Tennessee,95.6,86,113,89.5,36.7,37.0,40,0.0,0.0,110.1,106.0,123.2,112.0,70.9,28.0,13.4,13.0,16,6.3,8
2.0,0.01,2.0,Montana,95.8,61,111,103.0,16.1,16.0,18,0.2,1.0,105.7,105.0,109.9,110.0,163.2,159.0,4.3,3.5,11,3.5,5
1.0,0.1,2.0,Virginia,95.9,70,129,100.0,36.9,37.0,39,0.3,1.0,121.8,119.5,135.7,136.5,212.9,226.0,6.9,7.0,9,3.7,8
2.0,0.25,1.0,South Carolina,96.0,87,123,92.0,18.8,19.0,20,0.2,1.0,116.6,119.0,123.5,123.0,131.5,112.0,12.7,13.0,15,3.5,5
1.0,0.1,1.0,Alabama,96.2,93,109,93.0,15.8,16.0,17,0.0,0.0,104.6,101.0,111.5,111.0,,,0.0,0.0,0,0.0,0
2.0,0.05,0.5,Tennessee,96.2,86,113,90.0,37.0,37.0,39,0.0,0.0,116.1,112.0,129.0,125.0,157.4,152.5,16.1,17.0,20,8.8,11
ALL,ALL,ALL,North Carolina,96.37777777777778,69,277,88.0,19.877777777777776,21.0,32,0.022284122562674095,1.0,114.85515320334262,105.0,129.4593837535014,108.0,154.72285714285715,135.0,6.741573033707865,7.0,14,5.161111111111111,11
0.5,0.01,1.0,Florida,96.6,72,107,105.0,9.3,9.5,14,0.9,2.0,117.0,113.0,123.4,123.0,128.1,147.0,17.9,18.0,24,15.6,20
0.5,0.25,2.0,South Carolina,96.7,87,123,92.0,17.2,17.0,18,0.4,1.0,114.7,113.5,122.3,123.0,127.8,112.0,9.9,9.5,13,4.7,6
0.5,0.1,1.0,Alabama,96.8,93,109,93.0,12.1,12.0,15,0.0,0.0,108.3,109.0,113.6,114.0,204.0,204.0,1.0,1.0,1,0.0,0
0.5,0.25,1.0,Rhode Island,96.9,96,99,96.0,3.0,3.0,3,0.0,0.0,100.2,99.0,128.8,103.0,,,0.0,0.0,0,0.0,0
1.0,0.1,0.5,Alabama,96.9,93,110,93.0,12.5,12.5,14,0.0,0.0,106.0,105.0,113.4,117.0,235.0,235.0,1.25,1.0,2,0.0,0
1.0,0.01,0.5,Georgia,96.9,37,154,121.5,19.5,19.5,23,0.1,1.0,146.1,158.0,163.2,172.0,129.28571428571428,135.0,1.0,1.0,2,0.8,3
1.0,0.25,0.5,Connecticut,97.0,97,97,97.0,7.0,7.0,7,0.0,0.0,98.7,99.0,99.0,99.0,109.3,98.0,2.6,2.5,4,0.0,0
1.0,0.25,1.0,Connecticut,97.0,97,97,97.0,7.0,7.0,7,0.0,0.0,98.7,99.0,99.0,99.0,73.1,63.0,3.8,4.0,5,0.0,0
2.0,0.25,2.0,Connecticut,97.0,97,97,97.0,7.0,7.0,7,0.0,0.0,98.6,99.0,99.0,99.0,105.1,98.0,3.3,3.0,5,0.0,0
1.0,0.25,2.0,Connecticut,97.0,97,97,97.0,6.9,7.0,7,0.0,0.0,98.9,99.0,99.4,99.0,111.8,98.0,2.9,3.0,4,0.1,1
2.0,0.25,0.5,Connecticut,97.0,97,97,97.0,6.9,7.0,7,0.0,0.0,98.9,99.0,99.8,99.0,63.0,63.0,3.5,3.0,5,0.1,1
2.0,0.25,1.0,Connecticut,97.0,97,97,97.0,6.7,7.0,7,0.0,0.0,98.9,99.0,99.0,99.0,142.6,147.0,3.6,3.0,7,0.3,1
1.0,0.05,1.0,Connecticut,97.0,97,97,97.0,6.6,7.0,7,0.0,0.0,98.8,99.0,104.4,99.0,183.0,169.5,2.9,2.5,5,0.4,2
2.0,0.05,0.5,Connecticut,97.0,97,97,97.0,6.3,6.0,7,0.0,0.0,99.0,99.0,107.3,107.0,141.9,128.5,2.5,3.0,4,0.7,2
2.0,0.1,2.0,Connecticut,97.0,97,97,97.0,6.3,6.5,7,0.0,0.0,98.8,99.0,104.1,103.0,158.1,148.5,2.3,2.0,4,0.7,3
2.0,0.1,0.5,Connecticut,97.0,97,97,97.0,6.3,6.0,7,0.0,0.0,98.9,99.0,103.0,103.0,173.8,202.5,2.5,2.0,4,0.7,1
1.0,0.05,2.0,Connecticut,97.0,97,97,97.0,6.2,6.0,7,0.0,0.0,98.9,99.0,103.2,99.0,150.9,155.0,3.1,3.0,6,0.8,3
2.0,0.1,1.0,Connecticut,97.0,97,97,97.0,6.2,6.0,7,0.0,0.0,98.8,99.0,103.9,99.0,179.5,209.0,2.5,2.5,4,0.8,2
1.0,0.1,0.5,Connecticut,97.0,97,97,97.0,6.2,6.0,7,0.0,0.0,98.9,99.0,105.8,103.0,151.2,175.5,2.1,2.0,4,0.8,2
1.0,0.1,1.0,Connecticut,97.0,97,97,97.0,6.2,6.0,7,0.0,0.0,99.0,99.0,102.6,99.0,139.2,126.5,2.6,2.0,4,0.8,2
1.0,0.05,0.5,Connecticut,97.0,97,97,97.0,6.1,6.0,7,0.0,0.0,99.0,99.0,109.2,112.0,149.8,155.0,2.0,2.0,4,0.9,2
1.0,0.1,2.0,Connecticut,97.0,97,97,97.0,6.1,6.0,7,0.0,0.0,99.0,99.0,102.7,99.0,196.7,209.0,2.0,2.0,4,0.9,2
2.0,0.05,1.0,Connecticut,97.0,97,97,97.0,6.0,6.0,7,0.0,0.0,99.0,99.0,107.4,109.5,172.3,196.5,2.6,2.0,5,1.0,2
2.0,0.05,2.0,Connecticut,97.0,97,97,97.0,5.7,6.0,7,0.2,2.0,103.5,99.0,113.7,109.5,181.77777777777777,209.0,2.4,2.5,4,1.3,3
2.0,0.1,0.5,Alabama,97.1,93,117,93.0,19.4,19.5,20,0.0,0.0,105.5,105.0,113.9,111.0,198.8,187.0,1.2,1.0,2,0.0,0
0.5,0.1,0.5,Alabama,97.3,93,111,93.0,7.4,7.0,12,0.0,0.0,107.4,109.0,113.0,114.0,231.5,231.5,1.0,1.0,1,0.0,0
2.0,0.1,2.0,Virginia,97.5,55,125,100.0,37.8,37.5,42,0.2,1.0,118.8,120.5,131.1,129.0,194.9,193.5,8.0,7.0,12,3.2,5
ALL,ALL,ALL,Maine,97.56666666666666,87,249,95.0,8.872222222222222,9.0,13,0.005555555555555556,1.0,119.2,95.0,155.00833333333333,135.0,130.6056338028169,28.0,1.370253164556962,1.0,3,1.0194444444444444,3
0.5,0.25,1.0,New Hampshire,97.6,85,106,106.0,6.6,7.0,7,0.0,0.0,128.5,130.5,155.0,155.0,,,0.0,0.0,0,0.0,0
0.5,0.1,2.0,Alabama,97.6,93,111,93.0,15.0,14.5,17,0.0,0.0,107.4,109.0,112.7,114.0,219.5,219.5,1.0,1.0,1,0.0,0
0.5,0.05,0.5,Maine,97.6,87,129,95.0,6.0,5.5,8,0.0,0.0,114.3,120.5,136.0,137.5,224.0,224.0,0.75,1.0,1,1.1,2
0.5,0.01,2.0,New York,97.6,56,134,91.0,10.5,11.0,14,2.3,21.0,117.3,115.5,128.4,130.5,28.0,28.0,151.9,148.5,177,34.7,41
1.0,0.25,2.0,Rhode Island,97.8,96,99,99.0,4.0,4.0,4,0.0,0.0,101.4,103.0,154.6,189.0,,,0.0,0.0,0,0.0,0
2.0,0.25,1.0,Rhode Island,97.8,96,99,99.0,4.0,4.0,4,0.0,0.0,101.4,103.0,154.6,189.0,,,0.0,0.0,0,0.0,0
2.0,0.01,1.0,Georgia,97.9,37,172,99.0,32.9,32.5,40,0.0,0.0,153.7,158.0,165.0,172.0,189.55555555555554,131.0,2.7,2.5,4,1.6,3
1.0,0.05,0.5,Virginia,97.9,70,144,100.0,23.4,22.5,26,0.2,1.0,126.4,119.5,150.6,149.5,250.0,226.0,3.7,4.0,7,2.0,4
1.0,0.05,1.0,Tennessee,97.9,86,118,93.5,37.6,38.0,40,0.0,0.0,111.5,109.5,130.9,122.5,123.9,124.0,14.4,14.0,20,7.3,12
1.0,0.25,1.0,South Carolina,98.0,87,119,98.0,18.5,18.5,20,0.3,1.0,116.3,119.0,124.2,123.0,141.6,151.0,10.3,10.0,13,4.0,5
0.5,0.25,0.5,Rhode Island,98.1,96,99,99.0,3.0,3.0,3,0.0,0.0,101.8,103.0,163.2,189.0,,,0.0,0.0,0,0.0,0
1.0,0.25,0.5,Rhode Island,98.4,96,99,99.0,2.9,3.0,3,0.0,0.0,102.2,103.0,169.88888888888889,189.0,,,0.0,0.0,0,0.0,0
2.0,0.25,0.5,Rhode Island,98.4,96,99,99.0,4.0,4.0,4,0.0,0.0,102.2,103.0,171.8,189.0,,,0.0,0.0,0,0.0,0
2.0,0.1,1.0,Rhode Island,98.4,96,99,99.0,3.9,4.0,4,0.0,0.0,102.2,103.0,188.6,189.0,,,0.0,0.0,0,0.0,0
0.5,0.01,1.0,Maine,98.4,95,129,95.0,6.3,6.0,8,0.0,0.0,170.7,140.0,219.6,219.0,169.75,213.5,1.0,1.0,2,0.3,1
0.5,0.25,2.0,Connecticut,98.6,98,99,99.0,6.8,7.0,7,0.0,0.0,99.0,99.0,104.7,106.5,126.0,175.5,3.6,4.0,5,0.2,1
2.0,0.01,1.0,Maryland,98.6,35,173,123.0,13.3,13.5,14,0.0,0.0,139.7,136.0,156.4,172.5,48.7,28.0,5.6,6.0,8,0.4,1
1.0,0.05,2.0,Rhode Island,98.7,96,99,99.0,3.4,3.5,4,0.0,0.0,102.6,103.0,288.55555555555554,273.0,,,0.0,0.0,0,0.0,0
0.5,0.25,2.0,Rhode Island,98.7,96,99,99.0,4.0,4.0,4,0.0,0.0,102.6,103.0,180.4,189.0,,,0.0,0.0,0,0.0,0
1.0,0.05,1.0,Rhode Island,98.7,96,99,99.0,2.7,3.0,3,0.0,0.0,102.6,103.0,224.71428571428572,273.0,,,0.0,0.0,0,0.0,0
1.0,0.25,1.0,Rhode Island,98.7,96,99,99.0,3.8,4.0,4,0.0,0.0,102.6,103.0,197.2,189.0,,,0.0,0.0,0,0.0,0
2.0,0.25,2.0,Rhode Island,98.7,96,99,99.0,4.0,4.0,4,0.0,0.0,102.6,103.0,180.4,189.0,,,0.0,0.0,0,0.0,0
1.0,0.1,2.0,Rhode Island,98.7,96,99,99.0,3.8,4.0,4,0.0,0.0,102.6,103.0,261.8,189.0,,,0.0,0.0,0,0.0,0
0.5,0.1,0.5,Rhode Island,98.7,96,99,99.0,2.8,3.0,3,0.0,0.0,102.6,103.0,178.25,189.0,,,0.0,0.0,0,0.0,0
0.5,0.25,1.0,Connecticut,98.8,98,99,99.0,6.8,7.0,7,0.0,0.0,99.8,99.0,106.9,107.0,179.0,196.0,1.8,2.0,3,0.2,1
0.5,0.05,1.0,Connecticut,98.8,98,99,99.0,6.4,6.0,7,0.0,0.0,107.7,112.0,114.0,113.0,170.875,169.5,1.1,1.0,2,0.6,1
0.5,0.25,0.5,Connecticut,98.9,98,99,99.0,6.4,6.5,7,0.0,0.0,99.0,99.0,103.7,101.5,178.0,196.0,1.1666666666666667,1.0,2,0.1,1
0.5,0.1,1.0,Connecticut,98.9,98,99,99.0,6.8,7.0,7,0.0,0.0,103.1,99.0,109.3,107.0,168.75,155.0,1.6666666666666667,2.0,3,0.2,1
0.5,0.1,0.5,Connecticut,98.9,98,99,99.0,5.6,6.0,6,0.0,0.0,102.3,99.0,109.5,109.5,178.75,182.0,1.0,1.0,3,0.4,1
0.5,0.25,1.0,Delaware,99.0,99,99,99.0,2.2,2.0,3,0.0,0.0,108.8,104.0,348.0,348.0,116.3,110.0,1.8,2.0,3,0.0,0
1.0,0.25,0.5,Delaware,99.0,99,99,99.0,2.4,2.0,3,0.0,0.0,113.6,120.0,348.0,348.0,122.6,131.0,1.4,1.0,2,0.0,0
1.0,0.05,0.5,Rhode Island,99.0,99,99,99.0,2.4,2.5,3,0.0,0.0,103.0,103.0,189.0,189.0,,,0.0,0.0,0,0.0,0
0.5,0.05,1.0,Rhode Island,99.0,99,99,99.0,2.7,3.0,3,0.0,0.0,103.0,103.0,189.0,189.0,,,0.0,0.0,0,0.0,0
2.0,0.25,1.0,Delaware,99.0,99,99,99.0,3.0,3.0,3,0.0,0.0,116.8,120.0,353.4,352.0,126.8,131.0,1.2,1.0,2,0.0,0
2.0,0.05,1.0,Rhode Island,99.0,99,99,99.0,2.8,3.0,4,0.0,0.0,103.0,103.0,301.14285714285717,273.0,,,0.0,0.0,0,0.0,0
0.5,0.05,0.5,Rhode Island,99.0,99,99,99.0,2.5,2.5,3,0.0,0.0,103.0,103.0,189.0,189.0,,,0.0,0.0,0,0.0,0
0.5,0.25,0.5,Delaware,99.0,99,99,99.0,2.0,2.0,2,0.0,0.0,113.6,120.0,,,122.6,131.0,1.4,1.0,2,0.0,0
1.0,0.25,1.0,Delaware,99.0,99,99,99.0,2.9,3.0,3,0.0,0.0,112.0,112.0,357.77777777777777,352.0,120.5,120.5,1.5,1.5,2,0.0,0
0.5,0.05,2.0,Rhode Island,99.0,99,99,99.0,3.0,3.0,4,0.0,0.0,103.0,103.0,252.0,273.0,,,0.0,0.0,0,0.0,0
2.0,0.25,2.0,Delaware,99.0,99,99,99.0,3.0,3.0,3,0.0,0.0,115.2,120.0,351.5,352.0,124.7,131.0,1.3,1.0,2,0.0,0
2.0,0.25,0.5,Delaware,99.0,99,99,99.0,3.0,3.0,3,0.0,0.0,113.6,120.0,354.6,352.0,122.6,131.0,1.4,1.0,2,0.0,0
2.0,0.05,2.0,Rhode Island,99.0,99,99,99.0,3.3,3.5,4,0.0,0.0,111.6,103.0,287.125,273.0,,,0.0,0.0,0,0.0,0
1.0,0.1,0.5,Rhode Island,99.0,99,99,99.0,2.9,3.0,3,0.0,0.0,103.0,103.0,189.0,189.0,,,0.0,0.0,0,0.0,0
0.5,0.1,1.0,Rhode Island,99.0,99,99,99.0,2.7,3.0,3,0.0,0.0,103.0,103.0,189.0,189.0,,,0.0,0.0,0,0.0,0
2.0,0.1,2.0,Rhode Island,99.0,99,99,99.0,3.9,4.0,4,0.0,0.0,103.0,103.0,242.3,189.0,,,0.0,0.0,0,0.0,0
2.0,0.1,0.5,Rhode Island,99.0,99,99,99.0,3.5,3.5,4,0.0,0.0,103.0,103.0,249.8,231.0,,,0.0,0.0,0,0.0,0
0.5,0.1,2.0,Rhode Island,99.0,99,99,99.0,3.9,4.0,4,0.0,0.0,103.0,103.0,205.8,189.0,,,0.0,0.0,0,0.0,0
1.0,0.1,1.0,Rhode Island,99.0,99,99,99.0,3.6,4.0,4,0.0,0.0,103.0,103.0,214.2,189.0,,,0.0,0.0,0,0.0,0
0.5,0.1,2.0,Connecticut,99.0,99,99,99.0,6.6,7.0,7,0.0,0.0,100.6,99.0,111.2,112.0,192.6,209.0,1.8,2.0,3,0.4,1
2.0,0.01,0.5,Montana,99.0,61,105,103.0,15.8,15.5,18,0.2,1.0,104.2,103.0,106.6,105.5,144.22222222222223,134.0,2.2,2.5,3,1.9,4
1.0,0.1,1.0,Arkansas,99.4,85,139,91.0,12.6,13.0,14,0.0,0.0,141.8,139.0,159.0,153.0,28.0,28.0,3.1,3.0,5,1.2,2
1.0,0.25,0.5,South Carolina,99.4,87,123,98.0,16.0,16.0,17,0.2,1.0,120.4,123.0,128.0,127.0,134.2,112.0,9.1,9.5,11,4.4,6
1.0,0.25,2.0,Delaware,99.5,99,104,99.0,2.9,3.0,3,0.0,0.0,130.1,120.0,354.44444444444446,352.0,120.5,120.5,1.5,1.5,2,0.0,0
0.5,0.25,2.0,Delaware,99.5,99,104,99.0,2.8,3.0,3,0.0,0.0,131.7,120.0,358.5,352.0,122.6,131.0,1.4,1.0,2,0.0,0
0.5,0.1,2.0,Delaware,99.5,99,104,99.0,3.0,3.0,3,0.0,0.0,121.0,120.0,362.0,352.0,119.33333333333333,110.0,1.6666666666666667,2.0,3,0.0,0
1.0,0.01,0.5,Florida,99.5,70,118,105.0,9.9,9.5,13,0.3,1.0,109.0,107.0,115.0,118.5,126.2,138.5,20.5,21.0,26,17.4,22
1.0,0.1,1.0,New Hampshire,99.7,85,106,106.0,7.3,7.0,8,0.0,0.0,136.1,151.0,167.3,156.0,221.0,221.0,1.0,1.0,1,0.0,0
2.0,0.1,0.5,Mississippi,99.9,90,166,90.0,8.7,8.0,11,0.0,0.0,135.7,152.0,161.8,164.5,330.7142857142857,448.0,1.1428571428571428,1.0,2,0.0,0
2.0,0.25,0.5,Mississippi,100.0,90,151,90.0,10.8,11.0,12,0.0,0.0,121.1,109.5,134.5,132.0,207.0,207.0,1.0,1.0,1,0.1,1
0.5,0.1,1.0,Arkansas,100.0,85,139,91.0,7.1,7.0,10,0.0,0.0,141.8,139.0,159.0,153.0,97.7,28.0,1.9,2.0,3,1.2,2
0.5,0.05,2.0,Connecticut,100.1,98,112,99.0,6.4,6.0,7,0.0,0.0,108.1,109.5,115.3,113.0,155.1,155.0,2.7,2.5,4,0.6,1
0.5,0.05,0.5,Connecticut,100.3,98,113,99.0,4.9,5.0,6,0.0,0.0,107.6,107.0,115.1,113.0,142.0,130.0,1.2222222222222223,1.0,2,0.9,1
2.0,0.01,1.0,Florida,100.3,84,107,103.0,9.6,9.5,13,0.1,1.0,106.3,107.0,114.9,118.0,77.8,67.0,33.2,32.0,40,23.3,26
1.0,0.1,2.0,Alabama,100.4,93,117,97.0,19.0,19.0,20,0.0,0.0,108.3,109.0,116.6,114.0,187.0,187.0,1.25,1.0,2,0.0,0
1.0,0.01,2.0,Georgia,100.4,37,161,99.0,33.7,35.0,38,0.0,0.0,145.4,145.0,160.8,163.5,164.44444444444446,135.0,2.3,2.5,4,1.1,4
1.0,0.01,0.5,North Dakota,100.6,64,153,75.0,9.1,9.0,11,0.2,1.0,136.8,153.0,155.0,161.0,115.6,67.5,4.2,3.0,9,0.7,3
1.0,0.1,2.0,Arkansas,100.6,91,139,91.0,13.2,13.0,15,0.0,0.0,141.8,139.0,159.0,153.0,28.0,28.0,4.9,5.0,6,1.3,2
0.5,0.1,0.5,Delaware,101.1,99,120,99.0,1.9,2.0,2,0.0,0.0,116.44444444444444,120.0,,,126.8,131.0,1.2,1.0,2,0.0,0
2.0,0.1,2.0,Mississippi,101.1,90,153,90.0,9.6,9.0,11,0.0,0.0,145.2,151.0,170.1,159.0,341.8,448.0,1.2,1.0,2,0.1,1
0.5,0.05,2.0,Alabama,101.2,93,111,101.0,15.1,15.0,18,0.0,0.0,114.0,114.0,127.6,118.0,235.0,235.0,1.0,1.0,1,0.0,0
2.0,0.05,2.0,Tennessee,101.3,86,132,100.0,41.6,41.5,44,0.0,0.0,113.5,109.5,131.6,132.0,143.6,140.0,21.3,21.0,27,8.5,10
ALL,ALL,ALL,Tennessee,101.33333333333333,56,204,86.0,32.644444444444446,36.0,47,0.002777777777777778,1.0,115.62222222222222,106.0,126.41388888888889,111.0,137.24722222222223,105.0,13.916666666666666,14.0,28,7.127777777777778,14
1.0,0.25,0.5,New Hampshire,101.8,85,106,106.0,7.5,7.5,8,0.0,0.0,133.1,130.5,158.1,155.0,,,0.0,0.0,0,0.0,0
2.0,0.25,1.0,New Hampshire,101.8,85,106,106.0,7.9,8.0,8,0.0,0.0,131.5,131.5,148.6,155.0,221.0,221.0,1.0,1.0,1,0.0,0
0.5,0.25,2.0,New Hampshire,101.8,85,106,106.0,7.7,8.0,8,0.0,0.0,129.2,121.0,148.3,151.5,221.0,221.0,1.0,1.0,1,0.0,0
0.5,0.25,0.5,New Hampshire,101.8,85,106,106.0,3.9,4.0,5,0.0,0.0,133.8,142.0,154.7,155.0,221.0,221.0,1.0,1.0,1,0.0,0
1.0,0.25,1.0,New Hampshire,101.8,85,106,106.0,7.9,8.0,8,0.0,0.0,133.4,134.5,155.6,155.0,,,0.0,0.0,0,0.0,0
0.5,0.1,1.0,New Hampshire,101.8,85,106,106.0,5.6,6.0,6,0.0,0.0,139.2,148.5,167.7,156.0,221.0,221.0,1.0,1.0,1,0.0,0
1.0,0.1,2.0,New Hampshire,101.8,85,106,106.0,7.6,8.0,8,0.0,0.0,142.6,155.0,165.2,157.0,137.0,137.0,1.5,1.5,2,0.0,0
2.0,0.1,0.5,Delaware,101.9,99,123,99.0,2.6,3.0,3,0.0,0.0,155.2,120.0,350.6666666666667,352.0,124.7,131.0,1.3,1.0,2,0.0,0
0.5,0.05,1.0,Louisiana,102.0,81,123,102.0,1.1666666666666667,1.0,2,0.0,0.0,123.0,123.0,,,,,0.0,0.0,0,0.0,0
1.0,0.01,0.5,Massachusetts,102.1,94,119,102.0,6.4,6.5,7,0.0,0.0,125.1,130.5,152.6,145.0,194.33333333333334,174.0,1.6666666666666667,1.0,3,0.0,0
1.0,0.05,2.0,Alabama,102.2,93,117,97.0,18.0,18.0,19,0.0,0.0,117.6,114.0,130.3,118.0,187.0,187.0,1.5,1.0,3,0.0,0
1.0,0.05,1.0,Alabama,102.2,93,117,101.0,14.8,14.5,17,0.0,0.0,114.5,117.0,124.0,119.0,232.66666666666666,235.0,1.0,1.0,1,0.0,0
2.0,0.1,2.0,South Carolina,102.2,87,123,98.0,16.8,17.0,19,0.1,1.0,120.5,123.0,130.9,132.5,132.7,112.0,14.9,15.0,17,5.7,9
0.5,0.01,0.5,Florida,102.4,76,123,105.0,6.7,6.0,10,0.5,2.0,118.6,121.0,129.4,126.0,111.6,132.5,11.0,10.0,19,15.2,19
2.0,0.1,1.0,Mississippi,102.7,90,153,98.0,9.2,9.0,11,0.0,0.0,133.1,132.0,164.6,159.0,213.4,207.0,1.1666666666666667,1.0,2,0.1,1
1.0,0.1,0.5,South Carolina,102.8,87,123,98.0,15.7,16.0,17,0.0,0.0,121.5,123.0,131.3,127.0,148.6,151.0,10.2,10.0,13,4.5,6
2.0,0.05,1.0,Alabama,102.9,93,117,101.0,18.4,19.0,20,0.0,0.0,115.6,114.0,127.4,118.0,200.66666666666666,195.5,1.1666666666666667,1.0,2,0.0,0
1.0,0.01,0.5,Maine,102.9,95,140,95.0,6.3,6.0,8,0.0,0.0,168.1,140.0,201.2,190.0,244.75,224.0,1.25,1.0,2,0.2,1
2.0,0.25,0.5,Louisiana,103.1,81,260,81.0,4.0,4.0,5,0.0,0.0,188.0,123.0,296.4,260.0,,,0.0,0.0,0,0.0,0
2.0,0.1,1.0,Louisiana,103.1,81,260,81.0,3.7,4.0,5,0.0,0.0,216.6,123.0,338.44444444444446,260.0,,,0.0,0.0,0,0.0,0
1.0,0.25,2.0,South Carolina,103.3,87,123,104.0,18.8,19.0,19,0.1,1.0,117.8,119.0,127.2,123.0,134.6,131.5,11.2,11.5,13,3.5,4
1.0,0.01,1.0,Maine,103.5,95,140,95.0,7.0,7.5,8,0.0,0.0,155.5,140.0,203.2,194.0,231.0,280.0,0.8333333333333334,1.0,2,0.2,1
1.0,0.05,2.0,New Hampshire,103.9,85,106,106.0,7.0,7.0,8,0.0,0.0,155.0,155.0,238.4,246.0,186.14285714285714,221.0,1.0,1.0,1,0.0,0
1.0,0.25,2.0,New Hampshire,103.9,85,106,106.0,7.7,8.0,8,0.0,0.0,128.1,121.0,149.4,155.0,,,0.0,0.0,0,0.0,0
2.0,0.25,0.5,New Hampshire,103.9,85,106,106.0,7.7,8.0,8,0.0,0.0,137.0,142.0,149.7,155.0,221.0,221.0,1.0,1.0,1,0.0,0
2.0,0.1,1.0,New Hampshire,103.9,85,106,106.0,6.9,7.0,8,0.0,0.0,139.5,155.0,186.1,157.0,221.0,221.0,1.0,1.0,1,0.0,0
0.5,0.1,0.5,New Hampshire,103.9,85,106,106.0,3.5,3.5,5,0.0,0.0,140.7,148.5,154.875,155.0,200.0,221.0,1.25,1.0,2,0.0,0
2.0,0.01,2.0,North Dakota,103.9,64,153,94.0,14.5,15.0,16,0.3,1.0,152.8,153.0,173.4,171.0,98.1,28.0,9.2,9.5,15,3.0,4
0.5,0.1,1.0,Mississippi,104.0,90,153,90.0,4.6,4.0,7,0.0,0.0,142.3,151.0,162.8,168.0,194.75,207.0,1.0,1.0,1,0.0,0
2.0,0.01,1.0,Maine,104.0,95,140,95.0,7.4,7.5,9,0.0,0.0,175.6,162.0,214.6,212.0,262.3333333333333,224.0,1.3333333333333333,1.0,2,0.7,1
0.5,0.1,1.0,South Carolina,104.0,87,123,104.0,13.3,13.0,17,0.0,0.0,117.9,123.0,129.5,127.0,154.3,181.5,7.8,7.0,13,1.7,4
0.5,0.1,2.0,Mississippi,104.2,90,153,90.0,6.5,7.0,8,0.0,0.0,135.5,151.0,152.6,153.0,207.0,207.0,1.0,1.0,1,0.0,0
2.0,0.01,2.0,Maine,104.4,95,189,95.0,8.3,8.5,11,0.0,0.0,180.3,186.5,219.8,220.0,411.1666666666667,462.5,1.1428571428571428,1.0,2,0.3,1
ALL,ALL,ALL,Connecticut,104.75277777777778,97,283,97.0,6.169444444444444,6.0,7,0.03910614525139665,2.0,120.25418994413408,99.0,138.3613445378151,107.0,167.72256097560975,155.0,2.4011799410029497,2.0,7,0.5305555555555556,3
0.5,0.05,2.0,Arkansas,104.8,85,139,91.0,11.2,11.0,13,0.0,0.0,143.2,139.0,162.0,153.0,140.0,140.0,2.4,2.5,5,1.2,2
0.5,0.05,0.5,Virginia,105.1,55,144,105.5,11.5,12.0,15,0.1,1.0,137.5,144.0,153.2,150.0,275.375,314.0,1.375,1.0,3,0.5,3
1.0,0.01,0.5,Connecticut,105.1,97,145,97.0,5.2,5.0,7,0.4,1.0,179.1,164.0,227.55555555555554,229.0,215.0,209.5,1.8888888888888888,2.0,3,0.6,2
0.5,0.01,0.5,Maryland,105.1,35,132,128.0,8.1,8.0,10,0.0,0.0,146.2,144.0,160.5,160.0,228.5,224.0,1.8,1.5,4,0.6,2
1.0,0.1,0.5,Delaware,105.3,99,120,99.0,2.1,2.0,3,0.0,0.0,196.77777777777777,120.0,352.0,352.0,131.0,131.0,1.0,1.0,1,0.0,0
2.0,0.1,2.0,Delaware,105.3,99,120,99.0,3.0,3.0,3,0.0,0.0,168.6,121.5,353.1,353.5,126.11111111111111,131.0,1.3333333333333333,1.0,2,0.0,0
0.5,0.1,0.5,Arkansas,105.4,91,139,91.0,2.8,3.0,4,0.0,0.0,185.8,139.0,278.14285714285717,295.0,,,0.0,0.0,0,0.2,1
1.0,0.05,2.0,Arkansas,105.4,91,139,91.0,11.6,11.0,15,0.0,0.0,143.2,139.0,162.6,153.0,72.8,28.0,4.3,4.0,6,1.5,2
2.0,0.01,1.0,New York,105.7,84,162,97.0,12.8,13.5,16,0.7,3.0,122.8,109.5,133.0,118.0,41.9,28.0,144.8,146.0,157,33.4,41
1.0,0.05,0.5,Alabama,105.8,93,117,109.0,11.4,12.0,13,0.0,0.0,123.0,117.0,142.7,135.0,224.66666666666666,235.0,1.0,1.0,1,0.0,0
0.5,0.01,1.0,Georgia,105.9,37,186,97.5,17.5,18.0,22,0.0,0.0,150.5,144.0,173.8,165.0,194.5,135.0,1.0,1.0,2,0.4,1
0.5,0.05,2.0,New Hampshire,106.0,106,106,106.0,6.9,7.0,7,0.0,0.0,150.3,155.0,206.9,222.0,213.55555555555554,221.0,1.1111111111111112,1.0,2,0.0,0
2.0,0.25,2.0,New Hampshire,106.0,106,106,106.0,7.5,7.5,8,0.0,0.0,136.8,142.0,152.9,155.0,,,0.0,0.0,0,0.0,0
2.0,0.05,2.0,New Hampshire,106.0,106,106,106.0,6.7,7.0,8,0.0,0.0,152.9,155.0,241.6,270.0,256.125,221.0,1.125,1.0,2,0.0,0
1.0,0.1,0.5,New Hampshire,106.0,106,106,106.0,7.0,7.0,8,0.0,0.0,148.2,155.0,172.6,157.0,200.0,221.0,1.25,1.0,2,0.0,0
2.0,0.1,2.0,New Hampshire,106.0,106,106,106.0,7.3,7.0,8,0.0,0.0,148.0,155.0,187.4,157.0,221.0,221.0,1.0,1.0,1,0.0,0
2.0,0.1,0.5,New Hampshire,106.0,106,106,106.0,7.5,7.5,8,0.0,0.0,136.2,142.0,153.7,155.0,183.0,183.0,1.0,1.0,1,0.0,0
0.5,0.01,2.0,Vermont,106.4,69,168,85.0,10.5,10.0,14,0.1,1.0,127.4,113.0,145.8,144.5,158.5,102.0,10.2,12.0,16,3.2,5
1.0,0.01,1.0,Georgia,106.6,37,181,123.0,30.8,31.0,35,0.0,0.0,140.2,136.0,155.0,148.0,196.66666666666666,135.0,2.3,2.0,5,1.2,3
2.0,0.01,0.5,Georgia,106.6,37,172,114.5,30.9,31.5,34,0.0,0.0,135.6,130.0,153.8,158.0,206.33333333333334,135.0,1.8,1.5,4,1.3,3
0.5,0.05,0.5,New Hampshire,106.7,85,155,106.0,2.9,3.0,4,0.0,0.0,142.55555555555554,155.0,166.28571428571428,155.0,193.0,221.0,1.3333333333333333,1.0,2,0.0,0
1.0,0.05,2.0,Delaware,106.9,99,123,101.5,2.6,3.0,3,0.0,0.0,243.0,244.0,362.0,356.0,124.42857142857143,129.0,2.0,2.0,3,0.0,0
2.0,0.01,0.5,North Dakota,106.9,64,153,99.5,12.2,12.0,18,0.1,1.0,145.8,146.0,171.4,164.5,113.1,70.0,6.8,5.5,13,2.0,4
2.0,0.05,0.5,Virginia,107.1,70,144,100.0,30.7,31.0,33,0.1,1.0,126.1,125.0,142.0,144.0,232.1,226.0,5.1,5.0,8,2.9,4
0.5,0.05,0.5,Mississippi,107.3,90,170,90.0,3.5,3.0,5,0.0,0.0,165.2,170.0,167.875,171.0,,,0.0,0.0,0,0.0,0
2.0,0.1,1.0,Delaware,107.3,99,140,99.0,2.9,3.0,3,0.0,0.0,163.8,120.0,354.8888888888889,352.0,128.66666666666666,131.0,1.2222222222222223,1.0,3,0.0,0
1.0,0.1,2.0,Delaware,107.3,99,140,99.0,2.6,3.0,3,0.0,0.0,189.0,120.0,355.3333333333333,356.0,128.375,131.0,1.125,1.0,2,0.0,0
2.0,0.05,0.5,Alabama,107.4,93,119,111.0,17.5,17.5,19,0.0,0.0,122.0,117.0,144.9,151.0,187.0,187.0,1.5,1.5,2,0.0,0
0.5,0.1,1.0,Delaware,107.4,99,120,99.0,1.7,2.0,2,0.0,0.0,142.57142857142858,123.0,,,128.9,131.0,1.1,1.0,2,0.0,0
1.0,0.1,2.0,South Carolina,107.5,87,123,104.0,17.7,17.5,20,0.1,1.0,127.1,125.0,141.7,132.5,158.5,166.0,13.8,13.0,17,4.4,6
0.5,0.05,1.0,Alabama,107.8,93,117,111.0,10.9,11.0,13,0.0,0.0,120.4,118.0,140.5,135.0,204.0,204.0,1.0,1.0,1,0.0,0
0.5,0.05,0.5,Alabama,108.0,93,117,111.0,6.1,5.5,10,0.0,0.0,122.4,117.0,139.2,119.0,239.0,239.0,1.0,1.0,1,0.0,0
0.5,0.01,0.5,Massachusetts,108.0,102,145,102.0,5.4,5.0,7,0.0,0.0,136.8,137.0,165.7,154.5,174.0,174.0,2.0,2.0,2,0.0,0
0.5,0.01,2.0,Maine,108.9,95,189,95.0,7.5,8.0,10,0.1,1.0,165.1,162.0,202.4,204.5,263.8333333333333,213.5,1.5,1.0,3,0.2,1
1.0,0.05,0.5,Louisiana,109.0,81,123,123.0,1.1666666666666667,1.0,2,0.0,0.0,123.0,123.0,,,,,0.0,0.0,0,0.0,0
ALL,ALL,ALL,Arkansas,109.02228412256268,85,189,91.0,9.512534818941504,10.0,17,0.0,0.0,154.18413597733712,139.0,182.7566765578635,153.0,77.67207792207792,28.0,3.287974683544304,3.0,7,1.0445682451253482,4
0.5,0.05,0.5,Arkansas,109.6,85,139,91.0,2.3,2.0,4,0.0,0.0,191.0,139.0,187.0,189.0,,,0.0,0.0,0,0.0,0
1.0,0.05,0.5,Delaware,109.7,99,140,99.0,1.8,2.0,3,0.0,0.0,156.42857142857142,120.0,464.0,464.0,131.0,131.0,1.125,1.0,2,0.0,0
2.0,0.05,2.0,Alabama,109.7,93,119,111.0,19.5,19.5,21,0.0,0.0,122.8,117.0,150.4,151.0,195.0,187.0,1.1666666666666667,1.0,2,0.0,0
1.0,0.1,1.0,Delaware,109.8,99,123,109.5,2.8,3.0,3,0.0,0.0,230.3,204.0,360.5,360.0,131.0,131.0,1.2,1.0,2,0.0,0
0.5,0.1,0.5,South Carolina,109.9,92,138,104.0,8.9,9.0,11,0.0,0.0,131.4,125.0,142.6,138.0,146.4,140.5,4.3,4.0,8,0.4,1
0.5,0.1,2.0,South Carolina,110.0,92,123,104.0,16.6,16.5,19,0.0,0.0,124.2,125.0,132.6,132.5,149.8,156.0,12.4,11.5,17,3.9,5
0.5,0.1,2.0,New Hampshire,110.2,85,148,106.0,7.3,7.0,8,0.0,0.0,139.5,151.0,156.3,156.0,195.66666666666666,221.0,1.0,1.0,1,0.0,0
0.5,0.05,1.0,Arkansas,110.2,91,139,91.0,6.7,6.0,8,0.0,0.0,144.6,139.0,171.6,153.0,98.4,28.0,2.1,2.0,4,1.2,2
1.0,0.01,0.5,Maryland,110.9,80,128,113.0,11.7,12.0,13,0.0,0.0,137.3,144.0,145.7,145.0,185.0,169.5,2.2,1.5,6,0.1,1
2.0,0.05,0.5,Rhode Island,111.3,96,221,99.0,3.4,3.0,4,0.0,0.0,128.2,103.0,309.7,273.0,,,0.0,0.0,0,0.0,0
2.0,0.05,2.0,Mississippi,111.7,90,153,98.0,8.2,8.0,11,0.0,0.0,148.8,152.0,173.4,170.0,247.16666666666666,207.0,1.0,1.0,1,0.0,0
0.5,0.05,1.0,Mississippi,111.8,90,170,90.0,3.6,3.5,6,0.0,0.0,144.5,153.0,165.625,168.0,170.25,158.0,1.0,1.0,1,0.0,0
ALL,ALL,ALL,West Virginia,111.82633053221288,58,446,81.0,8.974789915966387,10.0,16,0.0,0.0,156.2543352601156,105.0,191.88095238095238,163.5,156.97784810126583,126.0,3.3607594936708862,3.0,8,0.0,0
ALL,ALL,ALL,Virginia,111.89444444444445,55,241,100.0,25.833333333333332,28.5,43,0.125,3.0,134.82222222222222,125.0,151.86944444444444,144.0,224.82471264367817,226.0,4.824858757062147,5.0,12,3.4055555555555554,10
ALL,ALL,ALL,Alabama,112.08888888888889,93,217,93.0,13.883333333333333,14.0,22,0.0,0.0,130.45810055865923,111.0,141.64705882352942,117.0,207.0185185185185,187.0,1.1744186046511629,1.0,3,0.04722222222222222,1
0.5,0.05,1.0,Virginia,112.3,70,150,107.0,19.6,20.0,22,0.2,2.0,139.6,139.0,155.0,148.5,271.5,302.5,3.2,3.0,5,1.6,6
1.0,0.01,1.0,Connecticut,112.7,97,146,97.0,6.1,6.0,7,0.0,0.0,182.0,156.0,222.2,200.0,246.875,275.0,2.0,1.5,5,0.2,1
1.0,0.01,1.0,Massachusetts,113.0,94,190,102.0,7.4,7.5,8,0.0,0.0,140.5,137.0,158.0,162.0,195.0,174.0,1.25,1.0,2,0.0,0
2.0,0.05,2.0,Virginia,113.1,70,156,107.0,33.8,33.5,40,0.2,1.0,135.3,129.0,147.2,144.0,241.1,252.5,6.7,5.5,12,3.2,6
0.5,0.01,2.0,Georgia,113.2,37,190,130.0,25.9,25.0,34,0.0,0.0,155.8,157.5,172.2,170.5,153.66666666666666,135.0,2.5,2.0,6,0.6,1
0.5,0.05,2.0,Mississippi,113.3,90,153,106.0,5.0,5.0,7,0.0,0.0,146.3,153.0,165.6,170.0,170.25,158.0,1.25,1.0,2,0.0,0
2.0,0.1,0.5,South Carolina,113.5,87,123,123.0,18.1,18.0,20,0.1,1.0,126.9,127.0,137.4,138.0,154.2,150.0,13.6,14.5,17,4.3,6
0.5,0.05,1.0,New Hampshire,113.7,85,155,106.0,5.5,5.5,7,0.0,0.0,159.4,155.0,199.5,189.5,210.5,221.0,1.0,1.0,1,0.0,0
0.5,0.05,0.5,Delaware,113.7,99,138,120.0,1.4,1.0,2,0.0,0.0,125.0,120.0,,,131.0,131.0,1.0,1.0,1,0.0,0
1.0,0.01,2.0,Massachusetts,113.7,101,160,102.0,7.0,7.0,8,0.0,0.0,143.7,130.0,174.9,162.0,284.8,292.0,1.4,1.0,2,0.0,0
2.0,0.05,1.0,Virginia,113.7,70,144,114.0,32.1,32.0,35,0.4,3.0,136.9,144.0,152.0,155.0,265.4,226.0,5.3,5.5,8,3.4,7
2.0,0.01,1.0,Massachusetts,113.8,102,177,102.0,7.8,8.0,8,0.0,0.0,148.3,137.0,192.0,179.0,324.7142857142857,378.0,1.1428571428571428,1.0,2,0.0,0
2.0,0.05,0.5,Delaware,113.9,99,140,120.0,2.4,2.0,3,0.0,0.0,227.1,174.0,356.0,356.0,131.66666666666666,129.0,2.2222222222222223,3.0,3,0.0,0
0.5,0.01,1.0,Massachusetts,114.0,102,177,102.0,5.0,5.0,7,0.0,0.0,137.7,137.0,188.2,190.0,219.4,174.0,1.0,1.0,1,0.0,0
1.0,0.05,1.0,Arkansas,114.4,85,139,115.0,12.3,12.0,13,0.0,0.0,146.0,146.0,169.8,168.0,28.0,28.0,3.4,3.0,6,1.1,2
2.0,0.05,1.0,Arkansas,114.4,85,139,115.0,11.2,11.0,13,0.0,0.0,146.0,146.0,169.2,168.0,105.4,28.0,3.5,4.0,7,1.6,4
1.0,0.05,2.0,Virginia,114.5,70,144,114.0,33.2,33.0,37,0.2,1.0,138.5,144.0,154.1,156.5,239.8,226.0,6.6,7.0,8,3.3,5
1.0,0.05,0.5,Arkansas,115.0,91,139,115.0,8.8,9.0,10,0.0,0.0,149.0,146.0,169.7,168.0,46.6,28.0,3.4,3.5,7,1.2,2
2.0,0.05,2.0,Arkansas,115.0,91,139,115.0,12.5,12.5,15,0.0,0.0,146.0,146.0,168.3,168.0,28.0,28.0,4.4,5.0,6,1.3,3
2.0,0.05,0.5,Arkansas,115.0,91,139,115.0,12.1,12.5,13,0.0,0.0,145.9,145.5,166.1,153.0,50.4,28.0,2.9,3.0,6,1.5,3
2.0,0.05,2.0,Delaware,115.1,99,138,121.5,2.6,3.0,3,0.0,0.0,263.9,336.0,356.1666666666667,355.0,127.55555555555556,129.0,2.0,2.0,4,0.0,0
1.0,0.1,1.0,Mississippi,115.3,90,170,98.0,6.6,7.5,8,0.0,0.0,138.6,151.0,180.5,156.0,367.6666666666667,448.0,1.0,1.0,1,0.0,0
1.0,0.01,2.0,Maryland,115.4,38,144,128.0,12.7,12.5,14,0.0,0.0,143.6,144.5,159.0,173.5,154.7,96.5,4.7,4.0,8,0.3,1
0.5,0.05,1.0,Delaware,116.3,99,140,120.0,1.6,2.0,2,0.0,0.0,242.33333333333334,212.5,,,130.33333333333334,131.0,1.5,1.0,3,0.0,0
1.0,0.01,1.0,Maryland,116.3,80,145,122.0,12.3,12.5,13,0.0,0.0,135.2,128.0,149.4,151.5,98.1,28.0,4.2,4.0,9,0.4,1
1.0,0.1,2.0,Mississippi,116.4,90,153,98.0,8.6,8.5,11,0.0,0.0,138.0,152.0,166.7,159.5,279.1666666666667,207.0,1.0,1.0,2,0.1,1
1.0,0.05,1.0,Delaware,116.6,99,140,120.0,2.2,2.0,3,0.0,0.0,306.0,360.0,365.0,365.0,124.71428571428571,131.0,1.8571428571428572,2.0,4,0.0,0
0.5,0.01,2.0,Massachusetts,116.8,94,172,102.0,6.8,7.0,8,0.0,0.0,151.9,137.0,166.4,145.0,373.6666666666667,396.0,1.3333333333333333,1.0,2,0.0,0
2.0,0.1,1.0,South Carolina,117.1,87,138,123.0,17.9,18.0,19,0.1,1.0,131.4,127.0,143.9,138.0,157.2,151.0,14.3,14.0,19,4.2,5
1.0,0.05,1.0,Mississippi,117.2,90,159,98.0,5.7,5.0,8,0.0,0.0,157.2,153.0,200.7,170.0,254.85714285714286,207.0,1.1428571428571428,1.0,2,0.0,0
0.5,0.1,0.5,Mississippi,117.5,90,166,90.0,4.3,4.5,6,0.0,0.0,150.4,155.0,167.3,170.0,,,0.0,0.0,0,0.0,0
1.0,0.05,1.0,Virginia,117.6,90,144,112.5,28.3,27.0,33,0.2,1.0,142.8,144.0,158.6,155.5,257.5,226.0,4.1,4.0,7,3.4,7
0.5,0.01,2.0,Maryland,117.8,54,179,123.0,11.8,12.0,13,0.0,0.0,138.6,130.5,152.2,146.5,83.5,28.0,4.6,4.5,7,0.6,2
2.0,0.05,0.5,New Hampshire,117.9,85,155,106.0,6.8,7.0,8,0.0,0.0,168.2,155.0,211.3,222.0,205.8,221.0,1.0,1.0,1,0.0,0
2.0,0.01,0.5,Massachusetts,117.9,94,178,102.0,7.9,8.0,9,0.0,0.0,137.0,128.0,161.8,151.5,260.0,270.0,1.5,1.5,2,0.0,0
0.5,0.05,2.0,Delaware,118.6,99,140,120.0,2.3,2.0,3,0.0,0.0,314.2,352.0,360.0,360.0,127.77777777777777,129.0,2.111111111111111,2.0,3,0.0,0
1.0,0.05,0.5,South Carolina,118.6,87,161,123.0,13.4,14.0,15,0.0,0.0,143.2,138.0,160.3,161.0,170.2,182.0,11.2,11.5,14,5.0,7
1.0,0.01,2.0,New Jersey,119.0,109,160,112.0,6.1,6.0,7,0.0,0.0,149.8,143.0,178.6,170.0,237.5,191.0,1.625,1.5,3,0.0,0
2.0,0.01,2.0,Massachusetts,119.2,95,178,102.0,7.6,8.0,8,0.0,0.0,148.0,137.0,172.8,178.5,230.16666666666666,177.0,2.0,2.0,3,0.0,0
0.5,0.05,2.0,South Carolina,119.2,104,138,123.0,14.1,14.0,17,0.0,0.0,138.1,138.0,156.6,161.0,173.4,182.0,13.2,13.0,18,5.3,8
1.0,0.01,2.0,Maine,119.3,95,249,95.0,7.0,7.0,9,0.1,1.0,177.0,162.0,218.9,207.0,292.8,224.0,1.0,1.0,2,1.0,2
1.0,0.05,1.0,South Carolina,119.5,92,138,123.0,17.3,17.0,20,0.0,0.0,139.3,138.0,156.6,161.0,175.6,182.0,14.2,14.0,16,3.8,6
2.0,0.05,0.5,South Carolina,119.5,92,138,123.0,17.1,17.0,19,0.0,0.0,135.3,132.5,155.1,161.0,174.2,182.0,14.6,14.5,18,4.0,6
0.5,0.01,1.0,Maryland,119.6,80,175,119.5,11.3,11.5,13,0.0,0.0,134.1,128.0,150.8,159.0,171.2,172.0,2.9,3.0,6,0.3,1
2.0,0.05,0.5,Mississippi,119.8,90,153,106.0,7.6,8.0,9,0.0,0.0,156.8,153.0,194.9,170.0,311.1666666666667,327.5,1.1666666666666667,1.0,2,0.0,0
2.0,0.01,0.5,Maine,119.9,95,220,95.0,7.3,7.0,9,0.0,0.0,182.1,186.5,212.6,218.5,280.2,224.0,1.0,1.0,2,0.3,1
2.0,0.01,0.5,Connecticut,119.9,97,229,97.0,6.0,6.0,7,0.2,1.0,177.3,156.0,229.0,204.0,200.625,188.0,2.5,2.0,5,0.6,2
2.0,0.01,1.0,North Dakota,120.1,64,153,136.0,13.2,14.0,17,0.0,0.0,156.8,159.0,172.0,161.0,90.2,28.0,7.4,8.0,13,2.7,4
1.0,0.01,2.0,Connecticut,120.5,97,179,111.0,5.9,6.0,7,0.2,1.0,180.0,156.0,228.6,204.0,264.8888888888889,264.0,1.8888888888888888,2.0,3,0.9,3
1.0,0.05,1.0,New Hampshire,120.7,106,155,106.0,7.3,7.0,8,0.0,0.0,176.0,155.0,214.7,222.0,221.0,221.0,1.0,1.0,1,0.0,0
1.0,0.1,0.5,Mississippi,120.7,90,153,120.5,4.1,4.0,7,0.0,0.0,140.4,153.0,160.22222222222223,159.0,190.66666666666666,207.0,1.0,1.0,1,0.0,0
1.0,0.1,1.0,South Carolina,120.7,104,127,123.0,17.4,17.5,19,0.0,0.0,131.0,127.0,147.3,138.0,170.8,182.0,12.4,12.0,17,4.2,7
2.0,0.05,2.0,South Carolina,121.5,92,138,125.0,16.7,16.5,20,0.0,0.0,141.0,134.5,152.4,149.5,178.5,182.0,14.4,14.5,18,5.3,7
1.0,0.01,2.0,North Dakota,121.7,64,153,153.0,12.4,11.5,18,0.1,1.0,158.0,159.0,179.3,179.0,114.8,49.0,6.1,5.5,12,2.5,6
2.0,0.01,2.0,Connecticut,121.9,97,179,97.0,5.9,6.0,7,0.1,1.0,161.7,138.0,237.6,225.0,227.7,205.0,2.8,2.5,5,0.9,2
1.0,0.05,2.0,South Carolina,122.6,104,138,123.0,17.6,17.5,19,0.0,0.0,142.1,138.0,158.1,173.0,174.8,182.0,13.5,13.0,18,4.3,6
0.5,0.05,1.0,South Carolina,122.7,104,127,123.0,12.4,13.0,14,0.0,0.0,137.7,138.0,160.2,161.0,174.0,181.0,8.6,8.5,14,3.4,6
2.0,0.05,1.0,South Carolina,123.0,104,138,123.0,17.5,17.5,19,0.0,0.0,141.2,138.0,159.2,167.0,175.6,182.0,15.5,15.0,19,4.5,6
0.5,0.01,0.5,New Jersey,123.1,109,160,112.0,4.5,4.5,6,0.0,0.0,160.7,160.0,204.5,209.0,170.33333333333334,150.0,1.3333333333333333,1.0,2,0.0,0
0.5,0.05,0.5,South Carolina,123.8,104,138,127.0,7.6,8.0,10,0.0,0.0,140.1,138.0,159.1,161.0,178.55555555555554,182.0,3.111111111111111,3.0,5,0.4,2
1.0,0.01,1.0,North Dakota,123.9,64,159,143.0,11.0,11.5,14,0.0,0.0,148.4,156.0,164.2,170.0,181.33333333333334,284.0,3.8,3.5,11,1.7,4
2.0,0.1,0.5,Louisiana,124.3,81,388,81.0,2.9,3.0,4,0.0,0.0,291.0,260.0,413.42857142857144,388.0,,,0.0,0.0,0,0.0,0
2.0,0.05,1.0,Mississippi,124.4,90,170,128.5,7.6,7.5,10,0.0,0.0,152.0,161.5,199.6,171.0,182.5,182.5,1.0,1.0,1,0.0,0
1.0,0.05,0.5,New Hampshire,124.9,106,155,106.0,6.0,6.0,7,0.0,0.0,185.8,155.0,233.6,261.5,204.2,221.0,1.2,1.0,2,0.0,0
ALL,ALL,ALL,South Carolina,125.62777777777778,87,239,123.0,14.55,16.0,20,0.11944444444444445,3.0,145.275,127.0,158.53351955307264,138.0,169.21067415730337,181.5,10.378151260504202,11.0,19,3.436111111111111,9
0.5,0.05,2.0,Virginia,126.1,100,166,125.0,28.5,28.0,33,0.2,1.0,146.4,144.0,156.5,155.5,246.9,226.0,4.0,4.0,6,2.5,6
2.0,0.01,1.0,Connecticut,126.8,97,221,97.0,6.2,6.0,7,0.1,1.0,196.7,200.0,251.4,283.0,262.55555555555554,227.0,2.4,2.0,5,0.7,2
2.0,0.01,2.0,Georgia,127.5,92,181,126.5,33.6,34.0,37,0.1,1.0,158.9,163.5,167.1,170.5,223.5,178.0,2.6,2.5,5,1.8,4
2.0,0.05,1.0,Delaware,127.9,99,140,130.0,2.8,3.0,3,0.0,0.0,328.8,352.0,363.75,360.0,164.0,131.0,1.5,1.0,4,0.0,0
0.5,0.01,0.5,Georgia,128.1,37,176,136.0,7.7,7.5,10,0.1,1.0,164.7,169.0,176.9,181.0,163.33333333333334,135.0,1.0,1.0,1,0.3,1
ALL,ALL,ALL,Mississippi,128.2941176470588,90,531,90.0,6.190476190476191,6.0,12,0.0,0.0,166.23598820058996,153.0,203.53993610223642,159.0,234.7987012987013,207.0,1.1012658227848102,1.0,2,0.03361344537815126,1
1.0,0.01,0.5,North Carolina,129.0,88,277,110.0,9.4,10.0,13,0.0,0.0,162.2,146.0,192.4,196.0,215.875,235.0,2.7777777777777777,3.0,5,2.2,4
1.0,0.1,2.0,Louisiana,129.5,81,260,81.0,2.6,2.5,4,0.0,0.0,340.8,388.0,367.6,448.0,,,0.0,0.0,0,0.0,0
1.0,0.01,0.5,Rhode Island,129.5,99,221,99.0,1.5,1.5,2,0.0,0.0,273.0,273.0,,,375.0,375.0,1.0,1.0,1,0.0,0
2.0,0.01,1.0,North Carolina,130.0,88,199,122.5,14.9,15.0,19,0.0,0.0,170.4,147.0,226.7,219.5,294.6,290.0,4.7,4.0,10,3.4,6
2.0,0.05,1.0,New Hampshire,130.5,106,155,130.5,6.8,7.0,8,0.0,0.0,184.5,156.0,240.4,269.5,266.1666666666667,221.0,1.1666666666666667,1.0,2,0.0,0
0.5,0.01,2.0,North Dakota,130.5,64,153,146.0,11.0,11.0,13,0.1,1.0,157.4,159.0,171.9,170.0,110.9,49.0,4.2,4.0,8,1.5,5
1.0,0.05,0.5,Mississippi,130.8,90,170,151.0,3.5,3.5,6,0.0,0.0,161.7,164.5,192.14285714285714,170.0,174.33333333333334,158.0,1.0,1.0,1,0.0,0
0.5,0.01,0.5,North Dakota,130.8,65,153,153.0,5.2,5.0,8,0.0,0.0,150.8,159.0,183.8,179.0,230.0,230.0,1.0,1.0,1,0.1,1
2.0,0.01,0.5,North Carolina,131.0,88,202,133.0,13.2,12.0,18,0.0,0.0,180.7,184.5,220.6,240.0,315.5,310.5,4.3,4.0,9,3.7,6
1.0,0.01,0.5,New Jersey,131.5,96,203,111.5,5.1,5.0,6,0.0,0.0,151.6,149.5,200.5,182.0,132.0,132.0,1.0,1.0,1,0.0,0
1.0,0.01,1.0,New Jersey,133.3,103,160,131.5,5.8,6.0,7,0.0,0.0,161.3,164.0,188.7,184.5,237.5,204.0,1.3333333333333333,1.0,2,0.0,0
0.5,0.01,1.0,New Jersey,133.4,109,170,115.5,4.8,5.0,6,0.0,0.0,182.4,177.0,220.4,201.0,80.0,80.0,1.0,1.0,1,0.0,0
2.0,0.01,2.0,New Jersey,133.6,112,170,115.5,6.2,6.0,7,0.0,0.0,168.7,170.0,206.8,203.0,406.75,493.0,1.5,1.0,3,0.0,0
0.5,0.01,0.5,Tennessee,134.5,86,171,145.0,8.4,8.0,11,0.0,0.0,170.0,171.0,182.2,189.0,219.8,218.0,2.0,1.5,5,1.1,3
0.5,0.01,2.0,New Jersey,135.0,92,215,111.5,5.7,6.0,6,0.0,0.0,174.1,165.0,207.9,198.5,301.42857142857144,242.0,1.2857142857142858,1.0,2,0.0,0
0.5,0.01,2.0,North Carolina,135.4,110,198,133.0,11.4,11.5,15,0.0,0.0,181.3,173.5,216.2,215.5,309.75,297.0,2.7777777777777777,3.0,5,2.7,7
1.0,0.01,1.0,Arkansas,135.6,91,153,139.0,6.1,6.0,9,0.0,0.0,168.6,153.0,250.6,211.0,126.5,28.0,2.6666666666666665,3.0,5,0.6,1
ALL,ALL,ALL,Delaware,135.62535211267607,99,351,99.0,2.304225352112676,2.0,3,0.0,0.0,211.06148867313917,123.0,358.77272727272725,352.0,170.656050955414,131.0,1.4681528662420382,1.0,4,0.0,0
0.5,0.01,1.0,North Dakota,136.0,65,153,153.0,6.7,7.0,9,0.0,0.0,162.8,159.0,180.5,179.0,197.5,263.5,1.4285714285714286,2.0,2,0.4,2
2.0,0.01,2.0,Maryland,136.5,107,174,134.5,12.7,13.0,14,0.0,0.0,148.9,146.0,162.9,174.5,112.0,96.5,5.2,5.0,8,0.5,2
ALL,ALL,ALL,New Hampshire,136.68627450980392,85,346,106.0,6.100840336134453,7.0,8,0.0,0.0,182.62108262108262,155.0,215.98533724340177,157.0,249.27678571428572,221.0,1.1071428571428572,1.0,2,0.0,0
1.0,0.01,0.5,Arkansas,137.0,91,153,139.0,4.5,4.5,6,0.0,0.0,170.2,153.0,242.33333333333334,215.0,173.42857142857142,252.0,2.25,2.0,6,0.3,1
1.0,0.01,1.0,Tennessee,137.5,86,168,145.0,22.4,22.0,28,0.0,0.0,164.5,164.5,178.9,178.0,172.0,179.0,7.2,7.0,13,3.1,5
2.0,0.01,2.0,North Carolina,137.7,108,217,134.0,14.2,13.5,19,0.0,0.0,187.1,173.5,229.8,233.0,281.8,251.5,4.3,5.0,6,4.2,7
0.5,0.01,0.5,Connecticut,138.5,106,179,130.0,3.2,3.5,5,0.125,1.0,159.375,151.0,224.25,221.0,165.85714285714286,155.0,2.2857142857142856,2.0,3,0.3,1
0.5,0.01,0.5,Maine,138.7,95,220,95.0,4.8,4.5,7,0.0,0.0,182.7,161.5,228.1,225.5,230.5,230.5,0.6666666666666666,1.0,1,0.1,1
0.5,0.01,0.5,Arkansas,139.0,139,139,139.0,1.6666666666666667,1.0,4,0.0,0.0,162.0,153.0,189.0,189.0,252.0,252.0,1.0,1.0,1,0.0,0
0.5,0.01,1.0,Connecticut,139.1,99,179,139.0,4.7,4.5,6,0.1,1.0,208.0,200.0,278.5,307.5,227.875,208.5,1.5555555555555556,1.0,3,0.8,2
1.0,0.01,0.5,Tennessee,139.2,106,171,132.0,17.8,18.0,20,0.0,0.0,168.2,163.0,177.5,171.0,202.6,220.5,4.3,4.5,7,2.6,5
2.0,0.01,0.5,New Jersey,139.3,109,215,117.0,6.1,6.0,7,0.0,0.0,172.2,165.0,211.5,214.5,370.85714285714283,493.0,1.5714285714285714,1.0,3,0.0,0
1.0,0.01,2.0,Tennessee,139.9,86,168,158.0,25.8,26.0,28,0.0,0.0,162.6,171.0,181.9,187.0,207.6,211.0,9.8,10.0,12,4.4,9
1.0,0.05,2.0,Mississippi,140.1,90,170,153.0,8.1,8.0,9,0.0,0.0,171.3,164.5,223.9,218.5,182.5,182.5,1.0,1.0,1,0.0,0
1.0,0.01,2.0,Arkansas,140.4,139,153,139.0,6.9,6.5,9,0.0,0.0,195.2,211.0,249.0,227.5,225.55555555555554,257.0,2.4444444444444446,2.0,4,0.3,1
0.5,0.01,1.0,Arkansas,140.4,139,153,139.0,4.2,4.5,6,0.0,0.0,168.2,153.0,231.2,211.0,208.25,252.0,1.875,1.5,3,0.3,1
2.0,0.01,0.5,Arkansas,140.4,139,153,139.0,6.1,5.5,9,0.0,0.0,210.4,200.0,254.5,214.5,153.55555555555554,252.0,2.6666666666666665,3.0,4,0.6,2
1.0,0.01,0.5,Alabama,141.9,93,198,151.0,7.2,7.0,10,0.0,0.0,176.7,178.0,200.2,210.0,235.0,235.0,0.8333333333333334,1.0,1,0.1,1
0.5,0.01,2.0,Arkansas,143.2,139,153,139.0,5.7,5.0,8,0.0,0.0,177.2,189.0,237.4,211.0,224.625,252.0,3.25,3.0,5,0.5,1
2.0,0.01,2.0,Arkansas,143.4,139,183,139.0,8.6,9.0,10,0.0,0.0,171.1,153.0,211.3,211.0,124.0,28.0,3.8,4.0,6,0.8,3
0.5,0.01,1.0,North Carolina,144.3,110,226,134.0,8.0,8.5,10,0.0,0.0,181.2,149.0,228.4,246.0,310.8888888888889,289.0,1.5,1.5,3,0.9,2
2.0,0.01,2.0,Alabama,144.8,101,210,151.0,11.1,10.5,14,0.0,0.0,183.2,194.0,204.3,206.5,243.0,243.0,0.8571428571428571,1.0,1,0.3,1
2.0,0.1,2.0,Louisiana,144.9,81,388,81.0,3.0,3.0,4,0.0,0.0,245.33333333333334,234.0,418.0,448.0,,,0.0,0.0,0,0.0,0
1.0,0.01,2.0,North Carolina,145.7,110,252,134.0,13.6,13.5,17,0.0,0.0,187.0,171.5,213.2,212.0,328.7,398.0,4.1,4.5,8,4.2,6
2.0,0.01,2.0,Tennessee,146.3,86,158,158.0,27.4,28.5,30,0.0,0.0,169.9,171.0,185.2,184.0,221.5,242.0,10.0,10.0,15,5.1,8
1.0,0.05,1.0,Louisiana,146.42857142857142,81,260,123.0,2.0,2.0,3,0.0,0.0,355.6,388.0,418.0,418.0,,,0.0,0.0,0,0.0,0
2.0,0.01,1.0,New Jersey,146.8,61,215,155.5,6.2,6.0,7,0.0,0.0,191.6,194.0,238.4,221.0,432.6,493.0,1.2,1.0,2,0.0,0
2.0,0.01,1.0,Arkansas,146.8,139,189,139.0,7.0,7.5,8,0.0,0.0,219.9,211.0,252.5,215.0,117.77777777777777,28.0,2.7777777777777777,3.0,6,0.7,2
2.0,0.01,0.5,Alabama,147.2,93,203,151.0,9.6,9.0,14,0.0,0.0,193.5,203.0,208.8,210.0,238.2,235.0,0.8333333333333334,1.0,1,0.1,1
1.0,0.01,1.0,Alabama,147.2,93,203,151.0,8.7,8.0,11,0.0,0.0,195.1,203.0,210.8,210.0,235.0,235.0,1.25,1.0,2,0.2,1
0.5,0.1,2.0,Louisiana,147.5,81,388,81.0,2.1,2.0,3,0.0,0.0,180.42857142857142,123.0,388.0,388.0,,,0.0,0.0,0,0.0,0
2.0,0.01,0.5,Tennessee,148.2,112,171,158.0,23.6,23.0,29,0.0,0.0,175.5,171.0,183.8,178.0,246.6,251.0,7.2,6.0,12,4.7,8
0.5,0.01,2.0,Connecticut,148.3,97,283,145.5,6.5,7.0,7,0.0,0.0,181.3,178.5,255.8,291.0,226.11111111111111,209.0,2.3333333333333335,2.0,4,0.2,1
ALL,ALL,ALL,Rhode Island,149.50887573964496,96,554,99.0,2.973372781065089,3.0,4,0.0,0.0,141.90131578947367,103.0,212.3595041322314,189.0,375.0,375.0,1.0,1.0,1,0.0,0
0.5,0.01,1.0,Tennessee,149.6,86,185,158.0,14.3,15.0,17,0.0,0.0,174.2,171.0,190.2,188.5,234.2,223.0,3.6,3.0,7,1.3,3
ALL,ALL,ALL,Louisiana,150.44280442804427,81,488,81.0,2.357933579335793,2.0,5,0.0,0.0,231.9441340782123,123.0,339.31531531531533,388.0,,,0.0,0.0,0,0.0,0
2.0,0.01,2.0,Mississippi,151.0,90,266,156.0,4.9,4.5,7,0.0,0.0,254.3,171.0,379.0,369.0,310.0,331.0,1.2,1.0,2,0.0,0
1.0,0.01,2.0,Alabama,151.1,93,210,151.0,12.4,12.5,14,0.0,0.0,201.8,203.0,210.6,210.0,235.0,235.0,0.5714285714285714,0.0,2,0.5,1
2.0,0.05,2.0,Louisiana,152.2,81,446,123.0,2.2,2.0,4,0.0,0.0,280.2857142857143,260.0,345.3333333333333,388.0,,,0.0,0.0,0,0.0,0
0.5,0.01,0.5,North Carolina,153.9,110,277,138.5,4.1,4.0,7,0.0,0.0,198.55555555555554,149.0,229.57142857142858,240.0,256.5,225.0,0.75,1.0,1,0.5,1
0.5,0.01,2.0,Tennessee,154.8,132,171,158.0,21.7,21.0,28,0.0,0.0,172.5,171.0,185.9,192.0,203.5,209.0,6.4,5.5,12,3.4,6
0.5,0.01,1.0,Alabama,155.7,119,210,151.0,5.6,5.5,9,0.0,0.0,192.66666666666666,203.0,216.22222222222223,217.0,,,0.0,0.0,0,0.0,0
0.5,0.01,2.0,Alabama,156.4,119,210,151.0,8.9,9.0,13,0.0,0.0,202.6,203.0,218.9,210.0,235.0,235.0,1.0,1.0,2,0.2,1
0.5,0.05,2.0,Louisiana,157.33333333333334,81,260,123.0,1.1666666666666667,1.0,2,0.0,0.0,448.0,448.0,,,,,0.0,0.0,0,0.0,0
2.0,0.01,1.0,Alabama,158.3,151,198,151.0,11.7,11.5,15,0.0,0.0,203.5,203.0,212.7,210.0,235.0,235.0,0.75,1.0,1,0.3,1
0.5,0.01,1.0,Mississippi,159.125,90,171,170.5,1.875,2.0,3,0.0,0.0,236.66666666666666,171.0,369.0,369.0,158.0,158.0,1.0,1.0,1,0.0,0
1.0,0.01,0.5,Virginia,159.8,129,204,155.5,10.6,10.5,14,0.0,0.0,188.0,195.0,214.6,205.0,258.8,252.5,3.2,3.5,5,1.8,4
2.0,0.01,1.0,Tennessee,162.0,113,204,158.0,25.9,25.5,29,0.0,0.0,174.8,171.0,194.0,193.0,246.6,223.0,8.6,8.5,11,5.0,8
1.0,0.01,2.0,South Carolina,162.6,127,189,173.5,12.3,13.0,14,0.3,3.0,196.4,189.0,217.0,220.0,216.5,222.0,9.1,9.0,12,2.6,4
1.0,0.01,1.0,North Carolina,165.1,110,267,140.5,11.3,11.5,14,0.1,1.0,204.2,215.5,236.9,264.0,304.44444444444446,311.0,3.6,4.0,6,2.7,4
1.0,0.01,0.5,Mississippi,166.1,90,369,170.0,1.9,2.0,3,0.0,0.0,227.14285714285714,171.0,369.0,369.0,158.0,158.0,1.0,1.0,1,0.0,0
0.5,0.01,2.0,Virginia,166.1,100,241,160.5,13.1,13.0,16,0.0,0.0,201.8,187.0,227.3,205.0,274.2,277.5,4.6,5.0,7,3.1,5
2.0,0.01,1.0,Mississippi,168.8,90,372,170.0,4.2,4.0,6,0.0,0.0,286.3,266.0,410.22222222222223,369.0,254.66666666666666,158.0,1.0,1.0,1,0.0,0
0.5,0.01,0.5,South Carolina,170.4,138,189,174.0,5.6,6.0,8,0.0,0.0,194.1,189.0,214.375,213.5,231.85714285714286,229.0,2.0,2.0,4,0.8,2
1.0,0.01,2.0,Virginia,170.5,114,205,187.0,15.4,15.5,19,0.0,0.0,205.7,204.0,226.3,205.0,303.6,285.5,4.6,5.0,8,2.6,4
2.0,0.01,1.0,Virginia,171.8,129,204,183.5,16.1,16.0,20,0.0,0.0,192.6,191.0,215.6,205.0,287.8,270.5,4.9,5.0,10,3.2,5
0.5,0.01,1.0,South Carolina,171.9,138,195,174.0,8.5,8.0,11,0.1,1.0,201.0,192.0,217.4,219.5,214.3,203.5,4.8,4.5,8,1.8,5
1.0,0.01,1.0,Virginia,172.3,125,205,182.0,13.8,14.0,18,0.0,0.0,194.6,187.0,219.5,205.0,324.6,340.5,3.7,4.0,5,3.2,6
1.0,0.1,1.0,Louisiana,173.1,81,388,81.0,2.6,2.5,5,0.0,0.0,254.5,191.5,343.6,388.0,,,0.0,0.0,0,0.0,0
1.0,0.01,1.0,South Carolina,173.2,138,189,174.0,11.8,12.0,14,0.1,1.0,201.5,192.0,220.5,230.0,219.6,218.0,7.0,6.5,12,2.0,5
1.0,0.01,0.5,South Carolina,174.6,127,197,174.0,9.4,9.5,13,0.1,1.0,198.7,189.0,218.1,230.0,206.7,195.0,5.5,5.0,11,2.4,6
0.5,0.01,0.5,Alabama,175.3,151,217,151.0,3.2,3.0,5,0.0,0.0,227.55555555555554,217.0,242.25,220.5,,,0.0,0.0,0,0.0,0
2.0,0.01,1.0,South Carolina,175.3,173,189,174.0,13.1,14.0,16,0.2,2.0,195.6,189.0,214.7,219.0,221.5,224.0,11.5,12.0,15,3.9,6
2.0,0.01,0.5,South Carolina,176.8,138,207,174.0,12.4,12.5,15,0.1,1.0,196.9,192.0,211.3,210.0,211.0,222.0,9.4,9.0,15,2.8,5
2.0,0.01,2.0,Virginia,177.7,144,204,187.0,17.2,18.5,22,0.0,0.0,196.7,198.0,221.5,219.0,326.0,309.0,3.7,3.5,8,2.8,5
2.0,0.01,0.5,Virginia,182.3,125,204,184.5,13.8,14.0,17,0.1,1.0,195.4,204.5,229.7,219.0,273.0,279.0,3.4,4.0,5,2.0,6
0.5,0.01,0.5,Mississippi,182.88888888888889,90,369,170.0,2.2222222222222223,3.0,3,0.0,0.0,170.5,170.5,289.8,369.0,,,0.0,0.0,0,0.0,0
0.5,0.01,2.0,South Carolina,183.1,161,210,181.5,9.6,9.5,13,0.1,1.0,200.4,194.5,217.9,226.0,223.5,230.5,7.2,8.5,11,2.1,4
0.5,0.01,1.0,Virginia,188.8,144,233,187.0,7.9,8.0,10,0.0,0.0,203.3,204.0,240.5,217.5,361.85714285714283,346.0,3.0,3.5,5,2.2,6
0.5,0.01,0.5,Virginia,189.4,125,205,198.0,4.8,4.0,7,0.1,1.0,198.7,204.0,222.3,205.0,258.6666666666667,247.5,1.0,1.0,2,0.3,1
1.0,0.05,2.0,Louisiana,191.6,81,260,234.0,2.4,2.0,4,0.0,0.0,346.3,388.0,364.6666666666667,388.0,,,0.0,0.0,0,0.0,0
2.0,0.01,2.0,South Carolina,192.0,173,239,189.0,13.3,13.5,15,0.1,1.0,206.3,197.0,215.6,212.0,224.0,224.0,12.1,11.5,19,3.3,5
2.0,0.01,0.5,Delaware,192.6,140,303,159.5,1.6,2.0,2,0.0,0.0,358.6666666666667,360.0,,,329.8,331.0,1.3,1.0,3,0.0,0
2.0,0.01,0.5,New Hampshire,197.5,106,285,197.0,5.9,6.0,7,0.0,0.0,293.5,285.0,318.9,324.0,318.0,250.0,1.0,1.0,1,0.0,0
1.0,0.01,2.0,Mississippi,199.0,90,375,171.0,3.7,3.5,6,0.0,0.0,376.55555555555554,369.0,464.1111111111111,516.0,158.0,158.0,1.0,1.0,1,0.0,0
1.0,0.01,2.0,New Hampshire,200.4,106,346,212.0,4.8,5.0,6,0.0,0.0,291.5,285.0,352.7,346.0,586.0,586.0,1.5,1.5,2,0.0,0
1.0,0.01,2.0,West Virginia,202.0,81,340,200.0,5.2,5.0,8,0.0,0.0,295.6,228.0,409.9,446.0,324.4,301.0,1.4,1.0,3,0.0,0
0.5,0.01,1.0,Louisiana,203.75,123,446,123.0,1.25,1.0,2,0.0,0.0,388.0,388.0,,,,,0.0,0.0,0,0.0,0
1.0,0.01,1.0,West Virginia,210.2,135,347,200.0,4.5,4.5,6,0.0,0.0,316.6,305.0,404.2,446.0,223.42857142857142,233.0,1.8571428571428572,2.0,3,0.0,0
1.0,0.01,1.0,Delaware,210.3,140,303,248.0,2.2,2.0,3,0.0,0.0,356.77777777777777,360.0,394.6666666666667,360.0,348.14285714285717,325.0,1.7142857142857142,2.0,3,0.0,0
0.5,0.01,1.0,Rhode Island,210.33333333333334,189,221,221.0,1.0,1.0,1,,,,,,,,,0.0,0.0,0,0.0,0
0.5,0.01,0.5,New Hampshire,210.85714285714286,106,285,269.0,1.4285714285714286,1.0,3,0.0,0.0,324.0,324.0,356.0,356.0,137.0,137.0,1.0,1.0,1,0.0,0
1.0,0.01,0.5,Louisiana,211.33333333333334,123,388,123.0,1.0,1.0,1,,,,,,,,,0.0,0.0,0,0.0,0
0.5,0.01,0.5,Rhode Island,213.0,189,221,221.0,1.0,1.0,1,,,,,,,,,0.0,0.0,0,0.0,0
2.0,0.01,0.5,West Virginia,213.2,135,305,200.0,6.0,5.5,9,0.0,0.0,317.6,311.5,368.9,361.0,336.6666666666667,274.5,1.3333333333333333,1.0,2,0.0,0
0.5,0.01,1.0,West Virginia,214.88888888888889,81,305,200.0,2.6666666666666665,2.0,5,0.0,0.0,334.14285714285717,305.0,290.5,299.0,332.6666666666667,233.0,1.3333333333333333,1.0,2,0.0,0
1.0,0.01,0.5,West Virginia,216.22222222222223,81,375,200.0,3.111111111111111,3.0,5,0.0,0.0,260.625,217.0,362.5,396.5,250.0,233.0,1.0,1.0,1,0.0,0
0.5,0.01,1.0,New Hampshire,221.1,106,318,276.0,3.2,3.0,5,0.0,0.0,309.4,285.0,338.42857142857144,346.0,224.75,183.0,1.25,1.0,2,0.0,0
1.0,0.01,0.5,Delaware,221.6,123,248,248.0,1.6,2.0,2,0.0,0.0,393.3333333333333,360.0,,,329.0,331.0,1.1111111111111112,1.0,2,0.0,0
0.5,0.01,2.0,Mississippi,222.7,90,531,170.0,2.0,1.5,5,0.0,0.0,318.8,369.0,270.5,270.5,158.0,158.0,1.0,1.0,1,0.0,0
2.0,0.01,2.0,Delaware,224.7,123,248,248.0,2.1,2.0,3,0.0,0.0,358.125,360.0,394.6666666666667,360.0,272.42857142857144,325.0,2.0,2.0,3,0.0,0
2.0,0.05,1.0,Louisiana,228.7,123,446,191.5,2.0,2.0,3,0.0,0.0,355.7142857142857,388.0,460.0,446.0,,,0.0,0.0,0,0.0,0
1.0,0.01,1.0,New Hampshire,228.8,106,285,282.0,4.8,5.0,6,0.0,0.0,286.4,313.0,333.5,346.0,251.33333333333334,221.0,1.3333333333333333,1.0,2,0.0,0
2.0,0.01,1.0,West Virginia,229.5,199,446,200.0,4.9,4.5,7,0.0,0.0,317.2,305.0,424.22222222222223,446.0,242.71428571428572,233.0,2.0,2.0,4,0.0,0
1.0,0.01,2.0,Delaware,230.4,140,318,248.0,2.0,2.0,3,0.0,0.0,358.14285714285717,360.0,366.0,360.0,324.625,325.0,1.875,2.0,3,0.0,0
0.5,0.01,0.5,West Virginia,231.66666666666666,199,305,200.0,1.2222222222222223,1.0,2,0.0,0.0,243.0,243.0,,,233.0,233.0,1.0,1.0,1,0.0,0
2.0,0.01,2.0,West Virginia,231.9,193,305,200.0,6.5,6.0,10,0.0,0.0,316.8,296.0,365.2,347.0,363.44444444444446,233.0,1.7777777777777777,2.0,3,0.0,0
1.0,0.01,0.5,New Hampshire,233.2,106,346,277.5,3.5,3.5,5,0.0,0.0,308.5,315.5,343.375,346.0,137.0,137.0,1.5,1.5,2,0.0,0
2.0,0.01,0.5,Mississippi,235.4,159,516,170.5,3.4,3.5,5,0.0,0.0,307.55555555555554,266.0,455.22222222222223,516.0,,,0.0,0.0,0,0.0,0
0.5,0.01,0.5,Delaware,236.0,120,301,290.0,1.0,1.0,1,,,,,,,325.0,325.0,1.5,1.5,2,0.0,0
0.5,0.01,2.0,Delaware,242.7,120,351,248.0,1.7,2.0,2,0.0,0.0,360.0,360.0,,,324.0,331.0,1.6,1.0,3,0.0,0
2.0,0.01,2.0,New Hampshire,243.0,106,285,269.0,5.2,5.5,6,0.0,0.0,295.2,285.0,335.2,344.0,586.0,586.0,1.0,1.0,1,0.0,0
2.0,0.01,1.0,Delaware,245.3,179,290,248.0,2.1,2.0,3,0.0,0.0,350.22222222222223,360.0,369.0,369.0,329.0,331.0,1.6666666666666667,2.0,3,0.0,0
2.0,0.01,1.0,New Hampshire,249.6,106,285,270.0,4.6,4.5,6,0.0,0.0,320.8,332.0,370.9,356.0,494.6666666666667,502.0,1.0,1.0,1,0.0,0
0.5,0.01,2.0,West Virginia,251.2,81,446,204.5,3.7,3.5,6,0.0,0.0,342.8888888888889,347.0,415.625,446.0,294.5,233.0,1.25,1.0,2,0.0,0
0.5,0.01,1.0,Delaware,253.5,248,303,248.0,1.5,1.5,2,0.0,0.0,384.4,360.0,,,329.5,331.0,1.25,1.0,2,0.0,0
1.0,0.01,1.0,Mississippi,259.9,151,516,192.5,2.4,2.0,5,0.0,0.0,305.7142857142857,369.0,388.25,385.5,448.0,448.0,1.0,1.0,1,0.0,0
0.5,0.01,2.0,New Hampshire,268.5,106,342,282.0,4.5,4.5,5,0.0,0.0,318.1,330.0,351.4,346.0,248.0,248.0,1.0,1.0,1,0.0,0
0.5,0.01,2.0,Louisiana,276.3333333333333,123,446,260.0,1.0,1.0,1,,,,,,,,,0.0,0.0,0,0.0,0
1.0,0.01,1.0,Louisiana,285.2,81,446,388.0,1.6,1.0,3,0.0,0.0,284.5,284.5,448.0,448.0,,,0.0,0.0,0,0.0,0
2.0,0.05,0.5,Louisiana,317.6,81,448,388.0,2.1,2.0,4,0.0,0.0,351.5,417.0,433.0,448.0,,,0.0,0.0,0,0.0,0
1.0,0.01,2.0,Rhode Island,320.2,189,464,247.0,1.7,2.0,3,0.0,0.0,466.6666666666667,468.0,554.0,554.0,,,0.0,0.0,0,0.0,0
2.0,0.01,0.5,Rhode Island,342.5,221,464,342.5,1.8,2.0,2,0.0,0.0,454.375,468.0,,,375.0,375.0,1.0,1.0,1,0.0,0
2.0,0.01,0.5,Louisiana,344.2,123,446,446.0,1.0,1.0,1,,,,,,,,,0.0,0.0,0,0.0,0
2.0,0.01,2.0,Louisiana,347.1666666666667,123,446,417.0,1.3333333333333333,1.0,2,0.0,0.0,438.0,438.0,,,,,0.0,0.0,0,0.0,0
0.5,0.01,2.0,Rhode Island,390.57142857142856,99,554,464.0,1.2857142857142858,1.0,2,0.0,0.0,328.5,328.5,,,,,0.0,0.0,0,0.0,0
2.0,0.01,2.0,Rhode Island,408.4,99,464,464.0,1.9,2.0,3,0.0,0.0,415.2857142857143,468.0,511.0,511.0,,,0.0,0.0,0,0.0,0
2.0,0.01,1.0,Rhode Island,412.2,189,464,464.0,1.3,1.0,2,0.0,0.0,466.6666666666667,468.0,,,,,0.0,0.0,0,0.0,0
1.0,0.01,2.0,Louisiana,417.0,388,446,417.0,1.5,1.5,2,0.0,0.0,446.0,446.0,,,,,0.0,0.0,0,0.0,0
1.0,0.01,1.0,Rhode Island,420.6,221,464,464.0,1.7,2.0,2,0.0,0.0,467.42857142857144,468.0,,,,,0.0,0.0,0,0.0,0
2.0,0.01,1.0,Louisiana,471.6,446,488,488.0,1.0,1.0,1,,,,,,,,,0.0,0.0,0,0.0,0
