alpha,beta,gamma,state,mean_first_intro_day,earliest_first_intro_day,latest_first_intro_day,median_first_intro_day,mean_intro_count,median_intro_count,max_intro_count,mean_cumu_before_second_intro,max_cumu_before_second_intro,mean_intro_day_2,median_intro_day_2,mean_intro_day_3,median_intro_day_3,mean_first_export_day,median_first_export_day,mean_export_count,median_export_count,max_export_count,mean_total_cumu_cases,max_total_cumu_cases
0.5,0.01,0.5,Texas,28.0,28,28,28.0,18.8,19.0,22,0.0,0.0,28.0,28.0,28.0,28.0,39.9,40.0,39.0,40.0,47,29.9,32
0.5,0.01,1.0,Texas,28.0,28,28,28.0,23.0,23.0,28,0.0,0.0,28.0,28.0,28.0,28.0,40.1,39.0,52.2,53.0,59,34.2,38
0.5,0.1,0.5,Texas,28.0,28,28,28.0,39.9,40.0,44,0.0,0.0,28.0,28.0,28.0,28.0,38.9,39.0,54.0,53.5,59,35.3,40
0.5,0.05,0.5,Texas,28.0,28,28,28.0,33.1,33.0,36,0.0,0.0,28.0,28.0,28.0,28.0,39.0,39.0,52.8,53.5,55,35.6,39
1.0,0.01,0.5,Texas,28.0,28,28,28.0,25.5,24.5,31,0.0,0.0,28.0,28.0,28.0,28.0,39.2,39.0,63.5,64.0,70,37.0,44
0.5,0.25,0.5,Texas,28.0,28,28,28.0,41.9,42.0,45,0.0,0.0,28.0,28.0,28.0,28.0,39.0,39.0,53.4,53.5,62,38.7,42
0.5,0.05,1.0,Texas,28.0,28,28,28.0,39.6,40.0,42,0.0,0.0,28.0,28.0,28.0,28.0,39.1,39.0,64.7,64.5,72,41.0,44
0.5,0.01,2.0,Texas,28.0,28,28,28.0,32.8,33.0,37,0.0,0.0,28.0,28.0,28.0,28.0,39.4,40.0,68.3,69.0,76,41.4,47
1.0,0.01,2.0,Texas,28.0,28,28,28.0,38.1,37.0,46,0.0,0.0,28.0,28.0,28.0,28.0,39.6,40.0,86.6,87.5,97,42.3,46
0.5,0.1,1.0,Texas,28.0,28,28,28.0,42.5,42.0,47,0.0,0.0,28.0,28.0,28.0,28.0,38.0,39.0,66.0,65.5,74,42.5,45
1.0,0.01,1.0,Texas,28.0,28,28,28.0,32.6,32.5,36,0.0,0.0,28.0,28.0,28.0,28.0,41.2,40.0,70.3,68.0,79,43.0,46
0.5,0.25,1.0,Texas,28.0,28,28,28.0,44.9,44.5,49,0.0,0.0,28.0,28.0,28.0,28.0,37.1,39.0,65.1,66.0,74,43.2,46
2.0,0.01,0.5,Texas,28.0,28,28,28.0,33.7,32.5,40,0.0,0.0,28.0,28.0,28.0,28.0,40.3,39.0,85.1,84.5,95,44.4,48
1.0,0.05,0.5,Texas,28.0,28,28,28.0,39.2,39.0,44,0.0,0.0,28.0,28.0,28.0,28.0,39.0,39.0,72.7,71.5,82,45.1,49
1.0,0.25,0.5,Texas,28.0,28,28,28.0,46.0,46.0,48,0.0,0.0,28.0,28.0,28.0,28.0,37.2,39.0,67.8,67.5,78,45.2,47
ALL,ALL,ALL,Texas,28.0,28,28,28.0,40.68333333333333,43.0,54,0.0,0.0,28.0,28.0,28.0,28.0,38.644444444444446,39.0,77.48333333333333,79.0,109,45.28888888888889,58
1.0,0.1,0.5,Texas,28.0,28,28,28.0,42.8,42.0,48,0.0,0.0,28.0,28.0,28.0,28.0,37.2,39.0,69.6,69.0,79,45.7,48
0.5,0.05,2.0,Texas,28.0,28,28,28.0,42.3,42.5,46,0.0,0.0,28.0,28.0,28.0,28.0,39.0,39.0,75.3,77.0,84,45.8,49
0.5,0.25,2.0,Texas,28.0,28,28,28.0,47.1,47.0,49,0.0,0.0,28.0,28.0,28.0,28.0,38.0,39.0,73.8,73.0,81,46.4,48
1.0,0.05,2.0,Texas,28.0,28,28,28.0,46.3,46.0,50,0.0,0.0,28.0,28.0,28.0,28.0,39.0,39.0,90.3,91.0,96,47.1,54
0.5,0.1,2.0,Texas,28.0,28,28,28.0,43.1,43.5,47,0.0,0.0,28.0,28.0,28.0,28.0,38.1,39.0,81.1,79.5,90,47.2,51
1.0,0.1,1.0,Texas,28.0,28,28,28.0,44.9,45.0,49,0.0,0.0,28.0,28.0,28.0,28.0,38.1,39.0,83.5,84.0,88,47.4,49
2.0,0.01,1.0,Texas,28.0,28,28,28.0,36.9,37.0,44,0.0,0.0,28.0,28.0,28.0,28.0,39.4,39.0,88.1,88.0,96,47.9,53
2.0,0.05,0.5,Texas,28.0,28,28,28.0,44.7,45.0,49,0.0,0.0,28.0,28.0,28.0,28.0,39.1,39.0,88.2,89.5,99,48.1,53
1.0,0.1,2.0,Texas,28.0,28,28,28.0,48.2,48.0,51,0.0,0.0,28.0,28.0,28.0,28.0,38.1,39.0,90.3,91.5,96,48.3,51
1.0,0.25,1.0,Texas,28.0,28,28,28.0,45.4,45.5,48,0.0,0.0,28.0,28.0,28.0,28.0,38.0,39.0,76.5,77.5,82,48.5,52
1.0,0.05,1.0,Texas,28.0,28,28,28.0,42.2,42.5,47,0.0,0.0,28.0,28.0,28.0,28.0,39.0,39.0,84.0,83.5,91,49.0,53
2.0,0.05,2.0,Texas,28.0,28,28,28.0,46.8,48.0,51,0.0,0.0,28.0,28.0,28.0,28.0,39.0,39.0,97.9,99.0,102,49.2,56
2.0,0.05,1.0,Texas,28.0,28,28,28.0,45.7,45.5,50,0.0,0.0,28.0,28.0,28.0,28.0,39.0,39.0,98.6,97.0,109,49.3,54
2.0,0.01,2.0,Texas,28.0,28,28,28.0,36.0,36.5,45,0.0,0.0,28.0,28.0,28.0,28.0,38.7,39.0,96.4,96.0,106,49.3,53
1.0,0.25,2.0,Texas,28.0,28,28,28.0,48.7,48.0,54,0.0,0.0,28.0,28.0,28.0,28.0,36.3,39.0,86.3,88.0,96,50.5,54
2.0,0.1,0.5,Texas,28.0,28,28,28.0,43.5,43.5,47,0.0,0.0,28.0,28.0,28.0,28.0,37.2,39.0,85.6,84.5,91,50.9,54
2.0,0.1,1.0,Texas,28.0,28,28,28.0,46.3,46.5,51,0.0,0.0,28.0,28.0,28.0,28.0,38.8,39.0,94.0,93.0,104,51.1,56
2.0,0.1,2.0,Texas,28.0,28,28,28.0,46.0,45.5,51,0.0,0.0,28.0,28.0,28.0,28.0,39.0,39.0,98.8,98.0,105,51.5,56
2.0,0.25,0.5,Texas,28.0,28,28,28.0,45.1,45.0,51,0.0,0.0,28.0,28.0,28.0,28.0,37.1,39.0,84.0,83.5,92,51.7,54
2.0,0.25,1.0,Texas,28.0,28,28,28.0,45.6,45.5,50,0.0,0.0,28.0,28.0,28.0,28.0,38.0,39.0,90.6,91.0,100,53.2,57
2.0,0.25,2.0,Texas,28.0,28,28,28.0,45.4,45.5,50,0.0,0.0,28.0,28.0,28.0,28.0,38.1,39.0,95.0,96.0,105,53.5,58
1.0,0.25,2.0,New Mexico,38.4,30,42,42.0,11.7,12.0,13,0.3,1.0,47.8,47.0,57.4,60.0,28.0,28.0,33.0,33.0,37,4.3,6
0.5,0.05,0.5,Colorado,39.0,39,39,39.0,15.0,15.0,17,0.9,4.0,48.5,52.0,60.1,53.0,28.0,28.0,35.3,35.5,40,10.2,13
0.5,0.25,0.5,Colorado,39.0,39,39,39.0,15.8,16.0,17,0.0,0.0,43.0,43.0,48.5,48.5,28.0,28.0,40.8,41.5,45,10.4,11
0.5,0.1,0.5,Colorado,39.0,39,39,39.0,16.0,16.5,18,0.3,2.0,44.9,43.0,52.0,53.0,28.0,28.0,37.7,38.0,43,10.5,12
2.0,0.05,2.0,Colorado,39.0,39,39,39.0,19.9,20.0,21,0.7,2.0,47.5,47.5,52.1,53.0,28.0,28.0,49.8,50.0,53,11.1,13
2.0,0.25,2.0,Colorado,39.0,39,39,39.0,19.9,20.0,21,0.0,0.0,43.1,43.0,49.3,52.5,28.0,28.0,51.0,50.5,57,11.3,12
2.0,0.1,2.0,Colorado,39.0,39,39,39.0,19.9,20.0,22,0.0,0.0,43.1,43.0,52.0,53.0,28.0,28.0,51.8,52.0,56,11.3,14
1.0,0.1,1.0,Colorado,39.0,39,39,39.0,19.6,19.5,21,0.5,2.0,45.8,43.0,52.1,53.0,28.0,28.0,48.2,48.0,55,11.4,13
2.0,0.25,1.0,Colorado,39.0,39,39,39.0,19.6,19.5,21,0.0,0.0,43.0,43.0,47.6,44.0,28.0,28.0,52.2,52.0,57,11.6,12
1.0,0.05,2.0,Colorado,39.0,39,39,39.0,19.0,19.0,20,0.6,2.0,47.6,48.0,52.7,53.0,28.0,28.0,49.9,49.0,54,11.7,13
1.0,0.25,2.0,Colorado,39.0,39,39,39.0,19.5,20.0,21,0.5,5.0,44.1,43.0,52.2,53.0,28.0,28.0,53.5,54.0,57,11.8,13
2.0,0.25,0.5,Colorado,39.0,39,39,39.0,19.5,20.0,20,0.0,0.0,43.1,43.0,47.5,44.0,28.0,28.0,51.5,52.0,57,11.8,14
2.0,0.1,1.0,Colorado,39.0,39,39,39.0,19.2,19.5,21,0.6,2.0,45.8,43.0,50.2,53.0,28.0,28.0,48.8,48.5,56,11.8,14
0.5,0.1,2.0,Colorado,39.0,39,39,39.0,19.2,19.0,21,0.2,1.0,45.0,43.0,51.0,53.0,28.0,28.0,50.8,51.0,56,11.8,13
1.0,0.05,1.0,Colorado,39.0,39,39,39.0,19.0,19.0,20,1.7,4.0,50.4,52.0,54.8,53.0,28.0,28.0,47.0,47.0,50,11.9,13
0.5,0.05,2.0,Colorado,39.0,39,39,39.0,18.9,19.0,21,0.6,2.0,48.4,52.0,53.0,53.0,28.0,28.0,48.7,48.5,55,11.9,14
2.0,0.05,1.0,Colorado,39.0,39,39,39.0,19.0,19.0,21,0.8,2.0,47.5,47.5,52.9,53.0,28.0,28.0,50.3,50.0,56,12.0,14
1.0,0.25,1.0,Colorado,39.0,39,39,39.0,19.2,19.0,21,0.0,0.0,43.0,43.0,52.1,53.0,28.0,28.0,55.0,55.0,61,12.0,13
2.0,0.1,0.5,Colorado,39.0,39,39,39.0,18.9,19.0,20,0.5,2.0,45.8,43.0,52.9,53.0,28.0,28.0,49.9,49.5,53,12.0,13
0.5,0.25,1.0,Colorado,39.0,39,39,39.0,18.9,19.0,20,0.0,0.0,43.1,43.0,50.2,53.0,28.0,28.0,45.1,45.5,51,12.1,13
0.5,0.25,2.0,Colorado,39.0,39,39,39.0,19.2,19.0,20,0.0,0.0,43.0,43.0,50.3,53.0,28.0,28.0,54.2,55.0,58,12.1,13
1.0,0.25,0.5,Colorado,39.0,39,39,39.0,18.9,19.0,20,0.5,5.0,44.0,43.0,51.4,53.0,28.0,28.0,49.9,49.5,53,12.3,14
1.0,0.1,2.0,Colorado,39.0,39,39,39.0,18.9,19.5,20,1.0,4.0,47.6,47.5,55.4,53.0,28.0,28.0,49.3,49.5,57,12.3,15
1.0,0.1,0.5,Colorado,39.0,39,39,39.0,18.5,19.0,20,1.1,4.0,47.7,48.0,52.9,53.0,28.0,28.0,46.9,46.5,51,12.6,14
0.5,0.1,1.0,Colorado,39.0,39,39,39.0,17.9,18.5,20,0.7,4.0,45.9,43.0,54.4,53.0,28.0,28.0,42.6,43.5,46,12.6,15
1.0,0.05,0.5,Colorado,39.0,39,39,39.0,18.0,18.0,20,1.6,5.0,50.3,52.0,58.8,53.0,28.0,28.0,43.5,42.0,48,12.8,14
2.0,0.25,0.5,New Mexico,39.2,30,42,42.0,11.5,11.5,12,0.7,1.0,50.9,56.0,57.0,60.0,28.0,28.0,34.0,35.0,37,4.5,5
0.5,0.25,1.0,New Mexico,39.2,30,42,42.0,11.4,11.5,13,0.4,1.0,48.2,47.0,58.8,60.0,28.0,28.0,28.1,28.0,31,4.6,6
1.0,0.25,0.5,New Mexico,39.6,30,42,42.0,11.8,11.5,14,0.5,1.0,50.5,51.5,59.0,60.0,28.0,28.0,28.3,28.5,32,4.2,5
2.0,0.1,0.5,New Mexico,39.6,30,42,42.0,11.6,11.5,14,0.5,1.0,51.7,56.0,58.4,60.0,28.0,28.0,34.3,35.0,37,4.4,6
1.0,0.1,0.5,New Mexico,39.6,30,42,42.0,11.5,11.0,13,0.5,1.0,51.4,56.0,58.5,59.5,28.0,28.0,28.4,29.0,31,4.5,5
1.0,0.05,0.5,Minnesota,40.0,40,40,40.0,29.1,29.5,33,0.0,0.0,46.7,47.0,59.3,62.0,46.4,51.0,55.9,55.0,65,42.6,49
1.0,0.05,1.0,Minnesota,40.0,40,40,40.0,32.3,32.0,36,0.2,2.0,47.9,47.0,58.5,62.0,52.0,51.0,58.8,60.5,66,42.6,45
0.5,0.05,0.5,Minnesota,40.0,40,40,40.0,27.2,27.0,30,0.0,0.0,46.7,47.0,59.7,62.0,32.6,28.0,52.5,53.0,57,42.9,47
1.0,0.05,2.0,Minnesota,40.0,40,40,40.0,31.5,29.5,43,0.0,0.0,49.8,47.0,61.3,62.0,52.4,51.0,58.2,58.0,71,43.1,53
2.0,0.05,1.0,Minnesota,40.0,40,40,40.0,31.9,31.0,38,0.0,0.0,51.5,47.0,61.9,62.0,56.8,51.0,57.3,58.0,67,43.7,50
2.0,0.05,0.5,Minnesota,40.0,40,40,40.0,31.1,31.0,37,0.0,0.0,46.4,47.0,54.5,52.0,46.4,51.0,62.2,64.0,73,43.8,49
0.5,0.05,2.0,Minnesota,40.0,40,40,40.0,30.2,30.5,35,0.0,0.0,47.0,47.0,61.2,62.0,48.7,51.0,60.1,58.5,70,44.3,49
0.5,0.05,1.0,Minnesota,40.0,40,40,40.0,27.2,28.0,32,0.0,0.0,47.7,47.0,57.9,62.0,45.5,51.0,56.9,58.5,64,44.5,51
0.5,0.1,1.0,Minnesota,40.0,40,40,40.0,27.8,28.5,32,0.0,0.0,45.4,47.0,52.0,52.0,39.4,39.0,63.5,64.5,70,44.9,52
2.0,0.05,2.0,Minnesota,40.0,40,40,40.0,29.9,30.0,36,0.0,0.0,47.3,47.0,60.5,62.0,48.7,51.0,61.0,61.0,75,45.2,51
0.5,0.1,0.5,Minnesota,40.0,40,40,40.0,26.3,28.0,30,0.0,0.0,46.3,47.0,57.7,60.5,36.3,28.0,56.9,56.0,63,45.2,53
1.0,0.1,1.0,Minnesota,40.0,40,40,40.0,29.0,30.0,32,0.0,0.0,46.7,47.0,57.3,57.5,51.0,51.0,69.3,69.5,73,46.5,50
0.5,0.25,2.0,Minnesota,40.0,40,40,40.0,29.4,28.0,35,0.0,0.0,45.1,45.5,50.1,49.5,48.3,50.5,70.6,70.0,79,46.8,52
2.0,0.1,0.5,Minnesota,40.0,40,40,40.0,29.2,30.0,34,0.0,0.0,46.4,47.0,57.5,60.5,50.9,51.0,64.6,65.5,70,46.9,50
0.5,0.25,0.5,Minnesota,40.0,40,40,40.0,25.2,24.5,29,0.0,0.0,45.8,47.0,50.7,52.0,41.7,50.5,62.5,61.5,69,47.5,52
1.0,0.1,0.5,Minnesota,40.0,40,40,40.0,25.6,24.5,32,0.0,0.0,46.4,47.0,53.8,53.5,50.9,51.0,62.1,62.5,70,47.7,54
1.0,0.25,1.0,Minnesota,40.0,40,40,40.0,28.9,28.5,33,0.0,0.0,44.2,44.0,48.0,47.0,49.7,50.5,69.9,70.0,73,48.1,52
1.0,0.1,2.0,Minnesota,40.0,40,40,40.0,27.3,27.0,31,0.0,0.0,46.4,47.0,55.6,55.5,51.0,51.0,62.5,62.5,67,48.2,51
0.5,0.25,1.0,Minnesota,40.0,40,40,40.0,25.9,25.5,32,0.0,0.0,45.1,45.5,52.7,49.5,46.2,51.0,67.4,68.5,74,48.3,54
0.5,0.1,2.0,Minnesota,40.0,40,40,40.0,26.1,27.0,30,0.0,0.0,46.7,47.0,57.6,60.5,51.0,51.0,67.4,67.0,72,48.6,52
2.0,0.25,2.0,Minnesota,40.0,40,40,40.0,29.3,29.5,33,0.0,0.0,45.8,47.0,50.0,52.0,50.7,51.0,70.5,70.5,75,49.0,54
2.0,0.1,1.0,Minnesota,40.0,40,40,40.0,27.8,27.0,34,0.0,0.0,45.3,47.0,55.2,55.0,49.9,51.0,65.1,63.5,77,49.4,55
2.0,0.25,1.0,Minnesota,40.0,40,40,40.0,28.3,29.5,31,0.0,0.0,45.7,47.0,53.1,53.5,50.0,51.0,70.9,70.5,77,49.7,57
2.0,0.25,0.5,Minnesota,40.0,40,40,40.0,27.6,28.0,31,0.0,0.0,45.7,47.0,51.7,52.0,49.9,51.0,69.1,69.0,74,49.9,56
1.0,0.25,2.0,Minnesota,40.0,40,40,40.0,27.6,27.0,34,0.0,0.0,45.1,45.5,50.3,49.5,49.8,51.0,70.1,69.0,78,50.1,53
1.0,0.25,0.5,Minnesota,40.0,40,40,40.0,24.2,23.5,31,0.0,0.0,46.1,47.0,53.4,52.0,51.0,51.0,68.7,69.0,76,50.6,58
2.0,0.1,2.0,Minnesota,40.0,40,40,40.0,26.4,27.5,30,0.0,0.0,46.4,47.0,54.9,53.5,51.0,51.0,67.1,68.0,75,50.9,57
0.5,0.05,1.0,Colorado,40.3,39,52,39.0,18.0,17.5,20,1.0,3.0,48.6,48.0,54.4,53.0,28.0,28.0,41.3,41.0,45,11.2,13
2.0,0.05,0.5,Colorado,40.3,39,52,39.0,18.4,18.0,20,1.4,6.0,50.1,47.5,57.8,53.0,28.0,28.0,48.5,48.0,55,12.6,16
0.5,0.25,2.0,New Mexico,40.4,30,42,42.0,12.3,12.0,13,0.5,1.0,49.6,47.0,58.3,60.0,28.0,28.0,31.6,32.0,35,3.7,4
1.0,0.25,1.0,New Mexico,40.4,30,42,42.0,11.6,11.5,13,0.3,1.0,47.8,47.0,57.9,60.0,28.0,28.0,32.6,33.5,35,4.4,5
2.0,0.25,1.0,New Mexico,40.4,30,42,42.0,11.4,11.0,12,0.8,1.0,52.3,56.0,58.3,60.0,28.0,28.0,35.6,36.0,38,4.6,5
0.5,0.1,1.0,New Mexico,40.4,30,42,42.0,11.3,11.0,12,0.5,1.0,50.5,51.5,59.2,60.0,28.0,28.0,28.2,29.5,30,4.7,6
1.0,0.01,2.0,Minnesota,40.7,40,47,40.0,38.1,38.5,51,0.8,7.0,63.5,62.0,69.9,69.5,67.6,81.0,41.0,40.5,48,34.8,40
1.0,0.1,1.0,New Mexico,40.8,30,42,42.0,11.8,12.0,13,0.7,1.0,54.6,56.0,58.0,60.0,28.0,28.0,30.0,30.0,35,4.1,5
1.0,0.1,2.0,New Mexico,40.8,30,42,42.0,11.7,12.0,13,0.5,1.0,52.5,56.0,60.0,60.0,28.0,28.0,33.6,33.5,37,4.3,6
0.5,0.1,2.0,New Mexico,40.8,30,42,42.0,11.7,12.0,13,0.5,1.0,53.7,56.0,58.7,60.0,28.0,28.0,30.8,31.5,37,4.3,5
2.0,0.25,2.0,New Mexico,40.8,30,42,42.0,11.3,11.0,12,0.6,1.0,51.9,56.0,58.7,60.0,28.0,28.0,34.7,34.5,36,4.7,6
ALL,ALL,ALL,Colorado,40.96666666666667,39,99,39.0,17.925,19.0,22,0.9388888888888889,8.0,51.672222222222224,44.0,62.575,53.0,28.608333333333334,28.0,46.63333333333333,48.0,61,11.405555555555555,16
2.0,0.1,1.0,New Mexico,41.2,38,42,42.0,11.7,11.5,13,0.7,1.0,52.3,56.0,58.4,60.0,28.0,28.0,33.7,33.5,39,4.3,5
ALL,ALL,ALL,Minnesota,41.225,40,71,40.0,30.17222222222222,29.0,52,0.19444444444444445,12.0,50.55833333333333,47.0,59.38333333333333,61.0,53.31388888888889,51.0,57.225,61.0,79,43.519444444444446,58
0.5,0.1,0.5,New Mexico,41.6,38,42,42.0,11.3,11.0,12,0.6,1.0,54.0,56.0,59.9,59.5,28.0,28.0,24.1,24.0,28,4.3,5
2.0,0.05,1.0,New Mexico,42.0,42,42,42.0,12.7,13.0,14,0.2,1.0,55.4,56.0,58.7,59.0,28.0,28.0,29.6,29.0,35,3.2,5
2.0,0.05,2.0,New Mexico,42.0,42,42,42.0,12.2,12.0,14,0.7,1.0,56.0,56.0,61.0,60.0,28.0,28.0,31.0,31.0,36,3.8,5
0.5,0.05,0.5,New Mexico,42.0,42,42,42.0,11.2,11.0,13,0.2,1.0,55.1,56.0,59.8,59.0,28.0,28.0,20.0,20.0,25,3.9,5
1.0,0.05,0.5,New Mexico,42.0,42,42,42.0,11.7,12.0,14,0.5,1.0,55.1,56.0,61.5,59.5,28.0,28.0,24.3,24.0,29,4.0,5
1.0,0.05,1.0,New Mexico,42.0,42,42,42.0,11.4,12.0,12,0.3,1.0,55.1,56.0,57.6,56.0,28.0,28.0,29.6,29.0,37,4.1,5
0.5,0.25,0.5,New Mexico,42.0,42,42,42.0,11.8,11.0,13,0.6,1.0,52.4,56.0,58.0,60.0,28.0,28.0,23.1,23.5,25,4.2,5
0.5,0.05,2.0,New Mexico,42.0,42,42,42.0,11.6,12.0,13,0.6,1.0,56.0,56.0,61.8,60.0,28.0,28.0,30.3,31.0,33,4.2,6
2.0,0.05,0.5,New Mexico,42.0,42,42,42.0,11.7,11.0,13,0.6,1.0,53.3,56.0,61.0,60.0,28.0,28.0,32.2,33.0,39,4.3,5
2.0,0.1,2.0,New Mexico,42.0,42,42,42.0,11.6,11.0,13,0.6,1.0,54.5,56.0,58.7,60.0,28.0,28.0,32.7,32.5,40,4.4,5
0.5,0.05,1.0,New Mexico,42.0,42,42,42.0,10.6,11.0,12,0.4,1.0,54.2,56.0,62.0,59.5,28.0,28.0,26.8,27.0,31,4.6,6
ALL,ALL,ALL,New Mexico,42.11944444444445,30,61,42.0,11.369444444444444,11.0,14,0.4222222222222222,4.0,54.06388888888889,56.0,61.047222222222224,60.0,28.119444444444444,28.0,27.744444444444444,29.0,40,3.9611111111111112,6
0.5,0.01,2.0,New Mexico,42.2,30,56,42.0,10.5,11.0,12,0.1,1.0,55.6,56.0,60.6,59.0,28.0,28.0,22.2,21.5,27,2.9,4
2.0,0.01,1.0,Minnesota,42.2,40,62,40.0,37.3,37.0,41,0.0,0.0,62.8,62.0,70.8,72.0,73.3,82.5,39.9,40.0,46,36.6,40
1.0,0.05,2.0,New Mexico,42.6,42,48,42.0,12.0,12.0,13,0.5,1.0,56.0,56.0,59.8,58.0,28.0,28.0,30.9,30.5,36,3.9,6
1.0,0.01,0.5,Colorado,42.8,39,64,39.0,14.4,14.0,20,1.2,7.0,64.6,52.0,87.4,93.0,28.0,28.0,35.6,37.0,44,9.4,12
2.0,0.25,0.5,Montana,43.2,41,63,41.0,16.8,17.0,19,0.0,0.0,83.8,87.0,97.4,95.0,124.33333333333333,135.0,2.4,2.5,4,8.0,10
1.0,0.01,0.5,New Mexico,43.5,42,51,42.0,10.1,10.0,12,0.3,3.0,58.0,56.0,66.6,61.0,28.0,28.0,18.7,19.0,24,3.2,5
2.0,0.1,1.0,Kansas,43.6,38,45,45.0,49.4,49.5,52,0.0,0.0,51.1,52.0,55.8,53.0,28.0,28.0,30.8,30.5,36,22.9,25
0.5,0.01,0.5,Minnesota,43.6,40,62,40.0,32.5,31.0,42,2.1,12.0,63.6,62.0,74.0,72.0,71.0,77.0,28.8,28.5,40,30.9,41
1.0,0.05,1.0,Idaho,44.0,44,44,44.0,8.3,8.0,11,2.3,10.0,62.2,49.0,109.0,95.0,28.0,28.0,43.7,43.0,50,14.2,19
0.5,0.1,1.0,Idaho,44.0,44,44,44.0,5.7,5.5,9,3.0,9.0,59.0,49.0,85.5,85.5,28.0,28.0,38.0,39.5,46,14.6,18
0.5,0.1,0.5,Idaho,44.0,44,44,44.0,5.0,5.0,9,1.2,7.0,54.9,49.0,86.2,89.5,28.0,28.0,36.5,36.5,42,15.1,18
2.0,0.1,0.5,Idaho,44.0,44,44,44.0,9.1,9.0,11,0.1,1.0,49.0,49.0,85.4,89.0,28.0,28.0,42.5,43.5,46,15.4,17
1.0,0.25,0.5,Idaho,44.0,44,44,44.0,6.1,6.0,8,0.5,1.0,49.0,49.0,74.4,69.0,28.0,28.0,38.3,38.0,44,15.8,17
0.5,0.25,1.0,Idaho,44.0,44,44,44.0,5.5,6.0,7,0.5,1.0,49.0,49.0,75.6,69.0,28.0,28.0,38.4,38.0,43,15.9,17
0.5,0.25,0.5,Idaho,44.0,44,44,44.0,4.8,5.0,6,0.4,1.0,49.0,49.0,78.9,69.0,28.0,28.0,35.3,36.5,39,16.0,17
0.5,0.1,2.0,Idaho,44.0,44,44,44.0,7.5,7.5,9,0.1,1.0,49.0,49.0,76.2,66.0,28.0,28.0,42.7,42.5,49,16.1,18
0.5,0.25,2.0,Idaho,44.0,44,44,44.0,7.2,7.0,9,0.5,1.0,49.0,49.0,82.8,81.0,28.0,28.0,44.1,44.0,49,16.8,18
2.0,0.25,1.0,Idaho,44.0,44,44,44.0,9.5,9.5,11,0.3,1.0,49.0,49.0,87.9,97.5,28.0,28.0,43.8,43.5,50,17.0,19
2.0,0.25,0.5,Idaho,44.0,44,44,44.0,9.1,9.0,10,0.4,1.0,49.0,49.0,87.0,88.5,28.0,28.0,42.3,43.0,48,17.0,18
1.0,0.1,2.0,Idaho,44.0,44,44,44.0,8.2,8.0,10,0.1,1.0,49.0,49.0,92.4,99.5,28.0,28.0,44.0,43.5,51,17.0,19
2.0,0.25,2.0,Idaho,44.0,44,44,44.0,8.9,8.5,12,0.8,1.0,49.0,49.0,94.5,102.0,28.0,28.0,42.4,42.5,49,17.1,18
1.0,0.25,2.0,Idaho,44.0,44,44,44.0,8.8,9.0,10,0.6,1.0,49.0,49.0,83.1,76.5,28.0,28.0,42.8,42.0,53,17.3,18
1.0,0.25,1.0,Idaho,44.0,44,44,44.0,6.9,7.0,8,0.5,1.0,49.0,49.0,82.2,69.0,28.0,28.0,44.1,43.5,52,17.4,19
2.0,0.01,2.0,New Mexico,44.2,30,56,42.0,11.1,11.0,14,0.4,4.0,61.6,56.0,69.4,60.5,28.0,28.0,23.8,24.0,27,3.7,6
2.0,0.01,1.0,Colorado,44.2,39,52,39.0,19.1,19.5,22,1.7,6.0,62.4,52.5,85.7,92.0,28.0,28.0,51.0,50.0,59,9.8,14
2.0,0.01,0.5,Colorado,44.2,39,52,39.0,16.8,16.5,20,2.1,7.0,67.4,52.0,96.5,98.0,28.0,28.0,49.2,50.5,54,11.7,13
0.5,0.1,1.0,Kansas,44.3,38,45,45.0,45.6,45.5,50,0.0,0.0,51.6,52.0,56.8,54.0,43.4,50.0,15.4,15.0,20,14.3,17
0.5,0.25,1.0,Kansas,44.3,38,45,45.0,47.3,46.5,51,0.0,0.0,50.3,50.5,53.5,52.0,50.0,50.0,15.2,14.5,20,15.7,18
0.5,0.25,2.0,Kansas,44.3,38,45,45.0,50.0,49.5,54,0.1,1.0,51.2,50.5,53.8,52.0,43.4,50.0,16.1,16.0,20,17.3,21
2.0,0.25,0.5,Kansas,44.3,38,45,45.0,50.9,51.0,55,0.0,0.0,51.3,52.0,54.6,52.0,36.8,28.0,23.4,23.5,31,21.1,24
1.0,0.25,2.0,Kansas,44.3,38,45,45.0,51.4,51.0,57,0.0,0.0,50.1,50.5,52.5,52.0,28.0,28.0,24.8,24.5,31,22.5,26
2.0,0.25,1.0,Kansas,44.3,38,45,45.0,49.8,49.5,53,0.0,0.0,50.7,52.0,52.6,52.0,28.0,28.0,29.3,29.0,34,23.8,26
0.5,0.01,1.0,Minnesota,44.4,40,62,40.0,33.2,32.0,48,0.0,0.0,59.4,63.5,70.1,71.5,64.7,68.5,32.3,30.0,40,32.0,40
2.0,0.01,2.0,Minnesota,44.4,40,62,40.0,39.1,38.5,47,0.0,0.0,63.4,62.0,70.7,73.0,68.3,73.5,40.2,42.0,45,33.3,40
0.5,0.05,0.5,Idaho,44.5,44,49,44.0,6.1,6.0,7,4.5,14.0,70.5,71.0,98.6,97.0,28.0,28.0,34.2,34.5,38,13.2,15
1.0,0.1,0.5,Idaho,44.5,44,49,44.0,5.8,6.0,8,0.4,1.0,50.4,49.0,90.5,102.0,28.0,28.0,38.8,39.5,43,15.8,17
2.0,0.1,1.0,Idaho,44.5,44,49,44.0,9.3,9.5,12,2.8,14.0,60.7,49.0,92.7,99.5,28.0,28.0,38.0,37.0,52,15.9,18
2.0,0.01,0.5,New Mexico,44.8,42,56,42.0,11.2,11.0,14,0.1,1.0,57.0,56.0,68.6,68.5,28.0,28.0,24.5,24.0,30,3.0,5
0.5,0.1,0.5,Oregon,45.0,45,45,45.0,10.3,10.5,12,0.0,0.0,80.5,86.0,120.4,137.0,88.22222222222223,89.0,1.9,1.5,5,4.3,6
0.5,0.25,0.5,Oregon,45.0,45,45,45.0,9.4,9.0,12,0.0,0.0,74.9,72.0,91.9,82.5,87.4,89.0,2.3,2.0,4,4.4,5
0.5,0.25,1.0,Oregon,45.0,45,45,45.0,12.4,12.5,14,0.0,0.0,73.6,72.0,92.9,82.5,86.0,89.0,3.3,3.5,6,6.0,8
1.0,0.25,0.5,Oregon,45.0,45,45,45.0,13.9,14.0,15,0.0,0.0,72.5,69.5,91.1,79.0,88.6,89.0,3.6,3.5,7,6.6,8
0.5,0.1,1.0,Oregon,45.0,45,45,45.0,12.7,13.0,14,0.0,0.0,95.7,86.0,139.4,137.0,114.4,89.0,1.8,2.0,3,6.8,8
1.0,0.25,1.0,Oregon,45.0,45,45,45.0,16.7,17.0,18,0.0,0.0,70.9,70.0,86.6,82.5,89.0,89.0,2.4,2.0,5,8.7,10
0.5,0.25,2.0,Oregon,45.0,45,45,45.0,16.8,17.0,18,0.0,0.0,66.7,69.0,75.8,72.0,87.6,89.0,2.8,3.0,5,8.8,10
0.5,0.1,2.0,Oregon,45.0,45,45,45.0,16.3,16.0,17,0.0,0.0,80.7,78.0,118.9,137.0,94.44444444444444,89.0,1.5,1.0,3,9.0,11
1.0,0.05,1.0,Oregon,45.0,45,45,45.0,15.6,15.5,18,0.0,0.0,104.8,86.0,156.8,150.5,108.33333333333333,89.0,1.7,2.0,2,9.1,11
2.0,0.1,0.5,Oregon,45.0,45,45,45.0,16.4,16.0,18,0.0,0.0,85.1,86.0,126.3,137.0,140.6,89.0,2.4,2.5,4,9.5,11
1.0,0.1,2.0,Oregon,45.0,45,45,45.0,16.5,17.0,18,0.0,0.0,85.6,86.0,125.0,137.0,162.2,89.0,2.0,2.0,3,9.8,11
2.0,0.25,1.0,Oregon,45.0,45,45,45.0,17.2,17.0,18,0.0,0.0,72.1,70.0,95.7,86.0,89.0,89.0,2.2,2.0,3,10.2,12
2.0,0.25,0.5,Oregon,45.0,45,45,45.0,16.7,17.0,18,0.0,0.0,69.4,69.0,85.9,71.0,88.6,89.0,2.8,2.5,5,10.2,11
1.0,0.25,2.0,Oregon,45.0,45,45,45.0,16.5,16.5,18,0.0,0.0,71.8,69.5,81.5,75.5,88.8,89.0,2.7,2.5,4,10.5,12
2.0,0.25,2.0,Oregon,45.0,45,45,45.0,16.4,16.5,18,0.0,0.0,65.2,58.0,82.3,79.0,88.8,89.0,3.1,2.5,6,11.0,13
0.5,0.1,1.0,Indiana,45.0,45,45,45.0,49.7,49.5,53,1.0,1.0,62.6,63.0,69.2,69.0,63.4,73.5,26.5,27.0,30,11.1,14
2.0,0.1,0.5,Indiana,45.0,45,45,45.0,60.1,59.5,65,0.9,1.0,63.0,63.0,69.4,67.0,77.3,80.0,31.0,31.0,36,12.1,16
0.5,0.25,0.5,Indiana,45.0,45,45,45.0,47.9,47.0,52,1.0,1.0,61.8,61.0,64.8,63.0,44.1,28.0,21.8,21.5,24,13.3,17
0.5,0.25,0.5,Kansas,45.0,45,45,45.0,41.0,41.0,47,0.0,0.0,51.0,52.0,54.1,54.0,50.0,50.0,14.8,14.5,20,13.5,17
0.5,0.25,1.0,Indiana,45.0,45,45,45.0,50.5,50.5,55,0.9,1.0,60.8,62.0,64.5,65.0,52.1,49.5,27.2,28.0,31,14.0,19
0.5,0.05,1.0,Kansas,45.0,45,45,45.0,43.3,43.0,47,0.0,0.0,54.9,54.0,59.0,61.0,32.4,28.0,15.8,16.0,19,14.2,17
1.0,0.25,0.5,Indiana,45.0,45,45,45.0,51.2,52.0,54,1.0,1.0,61.8,61.0,64.6,63.0,51.7,48.0,28.7,29.0,31,14.5,19
0.5,0.25,2.0,Indiana,45.0,45,45,45.0,59.0,59.5,64,0.9,1.0,60.4,61.0,63.4,63.0,38.1,28.0,29.3,29.0,33,15.1,18
2.0,0.25,1.0,Indiana,45.0,45,45,45.0,60.8,60.5,64,0.9,1.0,60.6,61.0,64.1,63.0,38.3,28.0,33.8,34.0,36,15.7,19
1.0,0.25,1.0,Indiana,45.0,45,45,45.0,59.0,59.5,64,1.0,1.0,61.1,61.0,64.0,63.0,49.1,28.0,30.4,30.5,35,15.7,19
2.0,0.25,0.5,Indiana,45.0,45,45,45.0,58.4,58.5,60,1.0,1.0,61.3,61.0,64.5,63.0,47.9,28.0,31.2,31.0,34,15.7,18
1.0,0.1,0.5,Kansas,45.0,45,45,45.0,46.1,47.5,49,0.1,1.0,52.9,52.0,57.0,57.5,41.2,50.0,20.1,19.5,24,15.8,19
1.0,0.25,2.0,Indiana,45.0,45,45,45.0,58.9,58.5,64,0.9,1.0,60.6,61.0,63.9,63.0,42.4,28.0,32.4,31.5,37,16.1,20
2.0,0.25,2.0,Indiana,45.0,45,45,45.0,61.1,60.5,66,1.0,1.0,62.4,63.0,65.9,67.0,52.5,48.0,34.5,36.0,38,16.1,19
2.0,0.1,2.0,Idaho,45.0,44,49,44.0,8.2,8.0,12,2.8,16.0,59.0,49.0,107.7,102.0,28.0,28.0,40.7,42.0,48,16.9,18
1.0,0.25,0.5,Kansas,45.0,45,45,45.0,46.0,46.5,49,0.0,0.0,51.5,52.0,54.2,52.0,41.2,50.0,19.2,19.0,25,18.1,23
1.0,0.25,1.0,Kansas,45.0,45,45,45.0,49.2,48.5,52,0.0,0.0,49.9,49.0,52.8,52.0,41.2,50.0,21.3,21.0,26,20.0,22
2.0,0.1,2.0,Kansas,45.0,45,45,45.0,51.0,51.0,55,0.0,0.0,52.9,52.0,56.5,54.0,28.0,28.0,33.3,33.5,35,22.2,26
2.0,0.25,2.0,Kansas,45.0,45,45,45.0,51.3,51.5,55,0.0,0.0,51.0,52.0,53.3,52.0,28.0,28.0,29.1,29.5,33,25.5,28
0.5,0.01,1.0,Colorado,45.1,39,61,39.0,11.6,12.0,13,2.4,8.0,70.6,58.5,93.1,98.0,29.7,28.0,35.8,36.5,42,11.2,13
1.0,0.01,0.5,Minnesota,45.1,40,62,40.0,34.7,35.5,40,0.9,8.0,66.0,64.0,76.0,76.0,81.5,85.5,35.6,33.5,49,32.6,39
1.0,0.25,1.0,Nebraska,45.2,44,48,44.0,41.7,42.0,44,0.0,0.0,52.5,48.0,59.0,57.0,113.1,103.0,3.5,3.5,5,5.5,7
0.5,0.1,0.5,Kansas,45.2,45,47,45.0,39.7,39.5,42,0.0,0.0,53.0,53.0,58.2,61.0,45.6,50.0,15.2,15.0,19,13.4,16
0.5,0.1,2.0,Kansas,45.2,45,47,45.0,48.2,48.5,52,0.0,0.0,52.5,52.0,55.6,53.0,47.8,50.0,17.0,16.5,22,17.1,19
1.0,0.1,1.0,Kansas,45.2,45,47,45.0,48.3,48.0,50,0.0,0.0,52.5,52.0,56.7,56.5,34.6,28.0,21.4,21.5,25,19.9,22
1.0,0.05,2.0,Kansas,45.2,45,47,45.0,49.1,49.5,54,0.2,1.0,56.2,54.0,61.4,61.0,28.0,28.0,29.1,28.5,35,20.3,23
1.0,0.1,2.0,Kansas,45.2,45,47,45.0,50.6,50.5,55,0.0,0.0,54.0,54.0,58.2,61.0,28.0,28.0,26.6,26.5,32,20.9,25
0.5,0.05,0.5,Kansas,45.4,45,47,45.0,37.8,37.0,42,0.0,0.0,54.0,52.0,58.0,57.5,38.1,28.0,12.8,12.0,16,11.6,14
0.5,0.05,2.0,Kansas,45.4,45,47,45.0,46.5,46.5,55,0.0,0.0,56.4,54.0,61.4,61.0,39.0,39.0,20.9,20.0,26,17.3,21
1.0,0.05,1.0,Kansas,45.4,45,47,45.0,47.7,47.5,51,0.0,0.0,54.9,54.0,60.7,61.0,30.2,28.0,24.2,24.0,26,18.0,20
2.0,0.05,1.0,Kansas,45.4,45,47,45.0,51.1,51.5,56,0.0,0.0,54.3,52.0,60.8,61.0,28.0,28.0,34.5,35.0,39,19.1,24
2.0,0.1,0.5,Kansas,45.4,45,47,45.0,50.4,50.5,53,0.0,0.0,53.8,53.0,57.3,57.5,34.6,28.0,24.7,24.5,27,20.7,23
0.5,0.05,2.0,Idaho,45.5,44,49,44.0,8.1,8.0,11,5.2,15.0,71.6,74.0,98.9,101.5,28.0,28.0,41.5,40.0,53,15.2,17
ALL,ALL,ALL,Kansas,45.53333333333333,38,62,45.0,45.71388888888889,47.0,57,0.022222222222222223,1.0,55.99444444444445,54.0,60.88055555555555,61.0,33.96388888888889,28.0,22.791666666666668,22.0,47,17.125,28
0.5,0.25,1.0,Montana,45.6,41,87,41.0,13.0,13.0,15,0.0,0.0,84.6,87.0,97.4,95.0,173.66666666666666,139.0,1.6,2.0,3,5.2,7
2.0,0.25,1.0,Montana,45.6,41,87,41.0,16.1,16.0,18,0.0,0.0,80.8,79.0,97.1,96.0,117.1,135.0,3.0,3.0,4,8.1,9
1.0,0.05,0.5,Kansas,45.6,45,47,45.0,44.2,44.0,48,0.1,1.0,56.6,57.5,60.8,61.5,32.4,28.0,20.2,20.5,23,15.3,20
2.0,0.05,0.5,Kansas,45.6,45,47,45.0,49.0,49.0,53,0.0,0.0,54.9,53.0,60.7,61.0,30.2,28.0,28.8,29.5,32,19.6,24
1.0,0.01,2.0,New Mexico,45.7,42,56,42.0,10.7,10.0,14,0.1,1.0,56.3,56.0,59.4,60.0,28.0,28.0,24.8,24.0,30,3.8,5
1.0,0.01,2.0,Colorado,45.9,39,52,47.5,17.7,17.0,22,3.0,7.0,74.0,69.0,98.1,98.0,28.0,28.0,52.9,51.0,61,11.7,14
1.0,0.1,1.0,Idaho,45.9,44,63,44.0,7.9,7.5,10,2.7,13.0,57.9,49.0,90.2,102.0,28.0,28.0,44.2,44.5,51,15.9,17
0.5,0.25,2.0,Nebraska,46.0,44,48,46.0,41.8,42.0,44,0.0,0.0,55.3,56.5,61.8,62.0,115.4,112.0,3.6,4.0,5,5.4,7
1.0,0.25,2.0,Nebraska,46.0,44,48,46.0,45.8,46.5,48,0.0,0.0,57.4,56.5,62.2,62.0,105.1,105.5,3.6,3.5,5,6.0,8
2.0,0.05,2.0,Kansas,46.0,45,47,46.0,50.5,50.0,54,0.0,0.0,54.8,54.0,59.2,61.0,28.0,28.0,35.7,35.5,39,21.7,25
2.0,0.1,1.0,Indiana,46.1,45,56,45.0,60.0,60.0,63,0.9,1.0,62.4,63.0,69.6,71.0,79.5,80.0,30.8,31.5,35,13.8,19
1.0,0.01,1.0,New Mexico,46.3,42,56,42.0,11.0,11.5,13,0.1,1.0,59.4,56.0,77.4,73.0,28.0,28.0,22.7,22.0,30,3.2,6
0.5,0.25,0.5,Nebraska,46.4,44,48,48.0,25.3,25.0,27,0.0,0.0,58.1,57.0,64.2,67.0,108.14285714285714,128.0,0.8,1.0,2,3.2,4
0.5,0.25,1.0,Nebraska,46.4,44,48,48.0,34.7,34.5,37,0.0,0.0,57.5,57.0,63.3,67.5,107.83333333333333,109.5,0.8,1.0,2,3.3,5
2.0,0.25,2.0,Nebraska,46.4,44,48,48.0,49.8,49.0,54,0.0,0.0,55.4,57.0,62.9,67.0,111.3,130.5,6.7,7.0,8,6.9,9
0.5,0.05,1.0,Idaho,46.4,44,63,44.0,5.7,5.0,7,5.9,15.0,74.5,79.0,102.7,97.0,28.0,28.0,34.9,34.5,46,13.5,16
0.5,0.01,0.5,Kansas,46.6,45,47,47.0,28.8,29.5,33,0.0,0.0,65.5,64.5,72.7,72.5,32.4,28.0,9.9,9.5,20,6.5,11
0.5,0.01,2.0,Kansas,46.6,45,47,47.0,41.4,42.0,46,0.1,1.0,66.3,61.0,74.9,74.0,28.0,28.0,16.5,16.5,23,10.8,15
2.0,0.01,1.0,New Mexico,46.8,42,56,42.0,11.8,12.0,13,0.1,1.0,58.3,56.0,66.7,67.0,28.0,28.0,23.2,22.0,29,2.9,6
1.0,0.25,0.5,Nebraska,46.8,44,48,48.0,38.4,38.0,41,0.0,0.0,60.5,62.0,65.8,68.0,125.875,133.0,1.8,2.0,3,4.3,6
2.0,0.25,0.5,Nebraska,46.8,44,48,48.0,45.6,46.0,48,0.0,0.0,57.3,57.0,64.5,68.0,126.5,133.0,6.3,6.5,8,5.1,8
1.0,0.25,1.0,South Dakota,46.8,45,51,45.0,42.3,43.0,44,0.0,0.0,49.7,48.0,50.0,48.0,39.1,28.0,19.6,19.5,23,8.0,10
1.0,0.01,0.5,Kansas,46.8,45,47,47.0,36.7,37.0,41,0.0,0.0,61.9,61.5,66.8,66.5,28.0,28.0,17.4,17.0,23,10.4,13
1.0,0.01,1.0,Kansas,46.8,45,47,47.0,42.2,42.5,48,0.1,1.0,66.1,63.5,76.5,74.5,28.0,28.0,21.0,22.5,29,12.2,16
1.0,0.1,2.0,Indiana,46.8,45,63,45.0,59.2,59.0,64,0.9,1.0,63.4,63.0,68.9,67.0,65.5,80.0,32.4,31.5,38,12.7,17
0.5,0.1,2.0,Indiana,46.8,45,63,45.0,57.3,57.0,62,1.0,1.0,64.5,63.0,72.9,73.0,69.2,80.0,31.0,30.5,36,13.2,18
2.0,0.1,2.0,Indiana,46.8,45,63,45.0,60.0,59.5,65,0.7,1.0,63.4,63.0,69.5,69.5,70.4,80.0,33.1,33.0,38,14.0,19
1.0,0.05,0.5,Idaho,46.9,44,63,44.0,6.9,7.0,10,3.2,13.0,64.0,49.0,90.0,99.5,28.0,28.0,34.0,36.5,40,13.2,16
2.0,0.05,0.5,Idaho,46.9,44,63,44.0,9.8,9.5,13,4.5,11.0,68.1,71.0,91.5,97.0,28.0,28.0,39.3,38.5,46,14.4,16
0.5,0.01,1.0,Kansas,47.0,47,47,47.0,34.8,35.0,40,0.0,0.0,62.0,62.0,69.8,68.0,30.2,28.0,12.9,11.5,21,8.5,13
1.0,0.05,2.0,Idaho,47.0,44,69,44.0,9.9,9.5,14,2.5,16.0,62.1,49.0,102.6,86.5,28.0,28.0,41.2,42.0,47,14.4,17
2.0,0.01,0.5,Kansas,47.0,47,47,47.0,44.2,44.0,49,0.0,0.0,64.8,62.0,75.1,74.5,28.0,28.0,24.9,26.0,32,14.4,17
1.0,0.01,2.0,Kansas,47.0,47,47,47.0,44.4,44.5,49,0.0,0.0,68.4,62.0,75.8,74.5,28.0,28.0,26.3,25.0,33,15.5,22
2.0,0.01,1.0,Kansas,47.0,47,47,47.0,43.8,43.0,50,0.0,0.0,64.0,62.0,70.6,68.0,28.0,28.0,35.0,32.5,47,17.6,23
2.0,0.25,1.0,Nebraska,47.2,44,48,48.0,47.6,48.0,50,0.0,0.0,60.3,62.0,64.7,68.0,115.5,133.0,6.6,7.0,8,5.8,8
2.0,0.01,0.5,Minnesota,47.3,40,62,40.0,36.6,37.0,43,0.5,5.0,62.1,62.0,69.8,66.0,69.1,74.5,43.5,42.5,53,35.0,48
1.0,0.25,1.0,Iowa,47.3,42,52,47.0,34.8,35.0,39,2.3,3.0,50.8,50.0,52.1,51.0,28.0,28.0,97.4,97.5,109,52.7,59
0.5,0.01,2.0,Colorado,47.7,39,61,47.5,17.1,17.0,21,2.0,5.0,67.1,57.0,90.1,93.0,28.0,28.0,44.1,44.0,48,9.9,12
1.0,0.25,1.0,Oklahoma,47.7,38,51,48.5,33.4,33.5,35,0.0,0.0,50.2,51.0,52.1,52.0,28.0,28.0,10.3,10.5,12,10.9,12
2.0,0.1,1.0,Oklahoma,47.9,38,52,50.0,36.8,37.0,40,0.0,0.0,51.3,52.0,55.8,53.0,28.0,28.0,11.2,10.5,15,13.7,16
0.5,0.25,2.0,South Dakota,48.0,45,51,48.0,42.7,43.0,45,0.0,0.0,51.0,51.0,51.4,51.0,43.3,37.5,22.3,23.0,26,6.9,9
1.0,0.25,2.0,South Dakota,48.0,45,51,48.0,45.3,45.0,49,0.0,0.0,51.0,51.0,51.6,51.0,35.1,28.0,25.1,24.0,31,7.3,9
0.5,0.01,1.0,New Mexico,48.2,42,56,45.0,10.3,10.0,12,0.0,0.0,59.0,56.0,67.2,61.0,32.3,28.0,15.3,15.5,21,2.5,4
0.5,0.25,1.0,Oklahoma,48.2,38,51,49.0,28.6,28.5,31,0.0,0.0,50.6,51.0,51.8,52.0,28.0,28.0,7.2,7.0,10,5.8,7
2.0,0.25,1.0,Oklahoma,48.2,38,51,49.0,40.1,40.0,43,0.0,0.0,50.9,51.0,52.0,52.0,28.0,28.0,12.4,12.5,15,14.5,16
0.5,0.01,2.0,Minnesota,48.2,40,64,43.5,37.5,37.5,52,1.5,6.0,62.6,62.0,70.4,66.5,58.0,59.5,38.4,39.5,43,34.3,44
1.0,0.01,1.0,Minnesota,48.2,40,71,40.0,34.9,37.0,43,1.0,10.0,61.1,62.0,69.7,67.0,67.6,64.5,39.3,39.5,50,36.2,45
1.0,0.1,0.5,Indiana,48.4,45,63,45.0,53.9,54.0,56,0.7,1.0,63.0,63.0,69.2,67.0,60.9,76.5,26.3,26.0,31,9.7,13
0.5,0.25,1.0,South Dakota,48.5,45,51,50.5,36.2,36.0,39,0.0,0.0,51.2,52.0,52.4,53.5,36.9,28.0,16.0,15.5,22,5.1,8
0.5,0.25,2.0,Oklahoma,48.5,38,51,49.0,32.0,31.5,35,0.0,0.0,50.9,51.0,52.1,52.0,28.0,28.0,7.3,7.0,9,9.1,10
1.0,0.01,1.0,Colorado,48.5,39,52,52.0,16.5,16.0,21,2.9,7.0,74.8,70.5,101.0,106.0,40.1,28.0,41.3,42.0,46,11.2,14
1.0,0.25,2.0,Arizona,48.6,45,49,49.0,9.2,9.0,10,1.4,2.0,66.1,67.0,81.1,77.0,28.0,28.0,7.4,7.0,9,1.8,2
2.0,0.25,1.0,Arizona,48.6,45,49,49.0,9.1,9.0,10,1.0,2.0,69.1,74.5,87.8,90.0,34.3,28.0,6.6,6.5,9,1.9,4
1.0,0.25,1.0,Arizona,48.6,45,49,49.0,9.1,9.0,10,1.2,2.0,66.3,66.5,83.0,88.0,28.0,28.0,6.8,6.5,10,1.9,2
0.5,0.25,1.0,Arizona,48.6,45,49,49.0,9.0,9.0,10,1.4,2.0,67.1,67.0,82.8,88.0,28.0,28.0,5.2,5.0,8,2.0,3
0.5,0.25,2.0,Arizona,48.6,45,49,49.0,9.0,9.0,10,1.6,2.0,71.1,72.0,81.3,82.5,28.0,28.0,6.6,6.5,9,2.0,3
0.5,0.1,0.5,Arizona,48.6,45,49,49.0,9.0,9.0,10,1.5,2.0,84.1,88.0,91.5,91.5,43.2,28.0,5.1,4.5,8,2.0,3
2.0,0.25,0.5,Arizona,48.6,45,49,49.0,8.9,9.0,10,1.4,2.0,69.4,68.0,82.1,85.5,28.0,28.0,6.8,6.5,9,2.1,3
0.5,0.25,0.5,South Dakota,48.6,45,51,51.0,32.7,32.5,35,0.0,0.0,51.4,53.0,52.1,54.0,36.5,28.0,12.9,13.0,14,3.5,5
2.0,0.25,2.0,South Dakota,48.6,45,51,51.0,44.3,44.5,46,0.0,0.0,51.4,53.0,52.2,54.0,48.5,54.0,26.2,25.5,31,8.3,10
1.0,0.05,0.5,Indiana,48.6,45,63,45.0,50.6,50.5,53,0.4,1.0,64.2,63.0,74.9,75.5,77.3,80.0,26.7,27.5,29,8.7,11
0.5,0.05,0.5,Indiana,48.6,45,63,45.0,43.7,43.5,49,0.7,1.0,64.2,63.0,74.7,78.0,80.4,80.0,23.1,22.5,28,9.1,11
2.0,0.05,0.5,Indiana,48.6,45,63,45.0,58.0,57.0,66,0.3,1.0,64.3,63.0,70.7,74.0,77.7,80.0,28.8,30.0,33,11.3,16
0.5,0.05,2.0,Indiana,48.6,45,63,45.0,55.1,55.5,58,0.6,1.0,65.5,63.0,74.0,73.0,78.5,84.0,26.8,27.5,32,11.9,15
1.0,0.05,2.0,Indiana,48.6,45,63,45.0,57.7,57.5,65,0.7,1.0,65.5,63.0,77.0,78.0,75.7,80.0,31.8,31.0,38,12.4,16
2.0,0.05,2.0,Indiana,48.6,45,63,45.0,58.5,58.0,62,0.5,1.0,65.4,63.0,72.9,73.0,81.9,80.0,31.3,31.5,35,12.5,17
1.0,0.1,1.0,Indiana,48.6,45,63,45.0,59.0,59.0,64,0.7,1.0,63.8,63.0,69.2,69.0,69.6,80.0,30.8,29.5,37,12.6,18
0.5,0.25,2.0,Iowa,48.6,42,53,48.5,36.4,36.0,38,1.2,3.0,52.2,51.5,52.8,52.0,28.0,28.0,92.6,92.5,107,50.4,53
1.0,0.25,2.0,Iowa,48.6,42,53,48.5,35.0,35.5,40,1.2,3.0,51.5,52.0,53.7,54.0,28.0,28.0,96.3,94.5,107,53.6,61
2.0,0.25,0.5,Oklahoma,48.7,38,51,49.0,36.1,36.0,39,0.0,0.0,51.0,51.0,52.0,52.0,28.0,28.0,10.9,11.5,12,13.0,15
0.5,0.01,0.5,New Mexico,48.8,42,61,48.0,8.5,8.5,12,0.2,1.0,58.3,56.0,65.4,61.0,28.0,28.0,12.1,12.5,16,2.9,4
0.5,0.1,1.0,Nebraska,48.8,44,68,48.0,33.6,34.0,35,0.0,0.0,60.1,62.5,65.4,68.5,102.8,109.5,1.8,2.0,3,3.0,4
2.0,0.05,2.0,Idaho,48.8,44,73,44.0,10.7,10.0,14,1.8,8.0,65.0,59.0,91.5,93.0,28.0,28.0,39.3,41.0,45,13.8,16
1.0,0.25,2.0,Oklahoma,48.8,38,51,50.0,38.0,37.5,40,0.0,0.0,50.9,51.5,51.9,52.0,28.0,28.0,13.6,12.5,19,14.2,16
0.5,0.25,1.0,Iowa,48.9,42,53,48.5,35.6,35.5,39,1.5,3.0,52.6,51.0,54.0,52.0,28.0,28.0,80.4,78.5,98,47.7,53
2.0,0.1,0.5,Arizona,49.0,49,49,49.0,9.5,9.5,11,1.0,2.0,78.6,78.5,88.2,90.0,59.3,52.0,7.4,6.5,10,1.5,3
1.0,0.25,0.5,Arizona,49.0,49,49,49.0,9.3,9.0,11,1.4,2.0,66.9,66.5,79.7,81.5,33.2,28.0,6.5,6.0,10,1.7,2
0.5,0.25,0.5,Arizona,49.0,49,49,49.0,9.0,9.0,10,1.8,2.0,75.7,76.0,83.2,84.5,28.0,28.0,4.1,4.0,6,2.0,3
1.0,0.1,0.5,Arizona,49.0,49,49,49.0,9.0,9.0,11,1.2,2.0,77.3,82.5,90.7,92.0,39.1,28.0,7.6,8.0,9,2.0,3
2.0,0.1,2.0,Arizona,49.0,49,49,49.0,8.9,9.0,10,1.3,4.0,79.4,88.0,90.0,90.0,45.5,28.0,6.1,6.0,9,2.1,4
2.0,0.25,2.0,Arizona,49.0,49,49,49.0,8.8,9.0,10,1.8,2.0,77.1,82.5,85.2,89.0,28.0,28.0,6.6,7.0,7,2.2,4
1.0,0.1,1.0,Arizona,49.0,49,49,49.0,8.4,8.0,11,1.8,4.0,87.9,90.0,94.3,94.0,38.0,28.0,7.4,7.5,10,2.6,4
1.0,0.25,0.5,Oklahoma,49.0,48,51,49.0,31.9,32.0,34,0.0,0.0,50.7,51.0,52.1,52.0,28.0,28.0,7.1,8.0,8,7.1,8
0.5,0.1,1.0,South Dakota,49.1,45,51,51.0,35.8,35.5,40,0.0,0.0,51.9,54.0,53.5,54.5,54.9,61.0,16.3,16.5,21,3.6,6
0.5,0.1,1.0,Oklahoma,49.1,38,51,51.0,25.5,26.0,27,0.0,0.0,51.4,52.0,52.8,53.0,37.3,28.0,7.4,7.0,9,4.8,7
1.0,0.1,0.5,Oregon,49.1,45,86,45.0,12.6,13.0,14,0.0,0.0,91.4,86.0,126.9,130.5,116.22222222222223,89.0,1.6,1.0,5,8.5,10
2.0,0.25,2.0,Iowa,49.1,47,53,50.0,34.8,35.0,38,1.2,3.0,51.6,52.0,53.1,53.0,28.0,28.0,102.4,100.0,117,53.9,56
1.0,0.1,0.5,Nebraska,49.2,44,68,48.0,36.7,37.0,40,0.0,0.0,65.2,68.0,68.2,69.0,116.66666666666667,128.0,2.5,3.0,4,3.7,6
2.0,0.1,0.5,Nebraska,49.2,44,68,48.0,41.8,43.0,45,0.0,0.0,64.9,67.5,67.9,68.5,120.1,128.0,6.5,6.0,8,3.9,6
1.0,0.25,0.5,South Dakota,49.2,45,51,51.0,40.1,40.0,42,0.0,0.0,52.1,54.0,53.3,54.0,49.2,61.0,17.5,17.5,19,4.6,6
2.0,0.05,0.5,South Dakota,49.2,45,51,51.0,41.2,41.0,46,0.0,0.0,53.0,54.0,56.3,58.0,54.9,61.0,18.0,18.0,21,7.2,9
2.0,0.25,0.5,South Dakota,49.2,45,51,51.0,42.7,42.0,47,0.0,0.0,52.1,54.0,52.5,54.0,48.5,60.0,23.5,24.5,27,8.7,11
2.0,0.25,2.0,Oklahoma,49.4,48,51,49.0,39.1,39.5,41,0.0,0.0,51.2,51.0,52.0,52.0,28.0,28.0,13.0,13.0,16,15.3,17
2.0,0.05,0.5,Nebraska,49.5,44,67,48.0,38.4,39.5,43,0.0,0.0,65.6,68.0,68.8,69.0,107.8,128.0,7.2,7.0,9,2.9,5
0.5,0.1,0.5,Oklahoma,49.5,38,51,51.0,19.1,19.0,20,0.0,0.0,51.5,52.0,54.6,52.5,83.4,100.0,3.0,2.0,6,3.5,5
0.5,0.25,0.5,Oklahoma,49.5,48,51,49.0,21.5,21.0,24,0.0,0.0,50.8,51.0,52.0,52.0,57.2,57.0,4.7,4.0,7,5.1,7
0.5,0.1,0.5,Indiana,49.5,45,63,45.0,46.2,47.0,51,0.7,1.0,63.7,63.0,71.3,71.5,65.4,80.0,22.7,22.0,29,10.4,14
2.0,0.25,1.0,South Dakota,49.7,45,51,51.0,44.7,45.0,46,0.0,0.0,52.4,54.0,53.9,54.5,46.8,54.0,25.9,25.5,30,8.2,10
1.0,0.25,0.5,Iowa,49.7,47,53,50.0,34.8,34.5,39,1.0,4.0,53.2,53.0,55.2,54.5,28.0,28.0,83.1,84.5,97,51.4,55
2.0,0.25,0.5,Iowa,49.7,42,53,50.0,34.0,34.5,39,0.6,3.0,51.8,53.0,54.0,55.5,28.0,28.0,96.6,97.5,106,54.2,59
1.0,0.1,0.5,South Dakota,49.8,45,51,51.0,37.1,37.5,38,0.0,0.0,52.8,54.0,55.0,55.5,54.4,61.0,15.7,15.5,19,5.0,7
2.0,0.1,2.0,South Dakota,49.8,45,51,51.0,43.3,43.0,45,0.0,0.0,53.1,54.0,55.5,56.0,57.4,61.0,21.4,21.5,27,7.2,11
2.0,0.1,0.5,South Dakota,49.8,45,51,51.0,42.5,42.5,44,0.0,0.0,53.1,54.0,55.7,57.5,58.2,61.0,21.8,21.0,27,7.6,10
1.0,0.1,2.0,South Dakota,49.8,45,51,51.0,42.3,42.0,45,0.0,0.0,53.4,54.0,55.4,54.5,51.1,61.0,22.0,21.5,27,7.8,10
2.0,0.01,2.0,Colorado,49.8,39,99,39.0,18.5,18.5,21,2.1,6.0,68.8,57.5,88.9,98.0,28.0,28.0,48.7,48.5,57,11.0,13
2.0,0.01,2.0,Kansas,49.8,45,62,47.0,44.0,42.5,50,0.1,1.0,68.5,71.0,74.0,74.0,28.0,28.0,36.9,37.5,40,18.8,24
0.5,0.25,0.5,Iowa,49.8,47,53,50.0,35.1,35.0,41,1.2,3.0,51.8,53.0,54.3,55.0,28.0,28.0,73.0,73.5,81,44.9,51
2.0,0.05,0.5,Arizona,49.9,49,58,49.0,9.0,9.0,10,0.7,2.0,75.9,73.5,94.1,94.0,54.1,28.0,7.3,7.0,11,2.0,3
1.0,0.1,1.0,Oklahoma,49.9,49,52,49.0,30.6,31.0,33,0.0,0.0,51.5,51.0,52.6,52.0,28.0,28.0,9.9,9.5,13,10.0,11
2.0,0.1,0.5,Oklahoma,49.9,48,51,50.0,33.5,33.5,37,0.0,0.0,51.3,51.5,54.7,52.0,28.0,28.0,12.0,12.5,15,12.1,14
0.5,0.1,1.0,Iowa,49.9,47,53,50.0,34.0,34.0,39,1.0,4.0,53.6,53.0,55.6,55.0,31.4,28.0,77.5,77.5,88,47.1,50
0.5,0.1,0.5,Florida,50.0,50,50,50.0,9.1,9.0,11,4.2,6.0,65.3,64.0,72.1,66.0,45.9,57.5,26.7,26.5,32,21.5,23
0.5,0.25,0.5,Florida,50.0,50,50,50.0,10.9,11.0,13,2.5,5.0,57.4,58.0,62.9,66.0,50.1,54.5,26.9,27.0,30,22.1,25
0.5,0.25,1.0,Florida,50.0,50,50,50.0,11.6,11.5,14,2.7,5.0,58.2,61.0,62.9,66.0,41.7,40.0,31.8,32.0,37,22.6,25
0.5,0.1,1.0,Florida,50.0,50,50,50.0,10.8,10.5,13,3.3,7.0,61.9,64.0,71.5,69.0,31.0,28.0,33.4,33.5,38,22.7,24
1.0,0.05,0.5,Florida,50.0,50,50,50.0,10.9,11.0,13,3.7,5.0,64.2,66.0,78.3,79.0,33.8,28.0,35.0,35.5,41,23.1,24
0.5,0.05,1.0,Florida,50.0,50,50,50.0,9.7,9.0,13,4.0,7.0,67.0,66.0,82.9,79.0,34.0,28.0,30.2,31.0,35,23.3,25
1.0,0.25,1.0,Florida,50.0,50,50,50.0,13.2,13.5,15,1.3,5.0,53.2,50.0,58.9,58.0,38.7,28.0,44.5,45.5,49,23.3,26
1.0,0.25,0.5,Florida,50.0,50,50,50.0,10.9,11.0,13,2.9,5.0,58.6,60.0,63.1,64.0,36.3,28.0,35.3,35.5,40,23.4,24
2.0,0.25,1.0,Florida,50.0,50,50,50.0,12.9,12.5,16,3.4,5.0,59.0,58.0,63.6,64.0,44.8,52.0,46.0,45.5,52,23.6,25
2.0,0.25,2.0,Florida,50.0,50,50,50.0,12.8,13.0,15,2.6,5.0,55.4,58.0,60.2,64.0,43.5,52.0,46.5,46.5,52,23.6,26
1.0,0.1,1.0,Florida,50.0,50,50,50.0,11.6,11.0,14,3.7,5.0,63.4,64.0,71.1,69.5,37.0,28.0,44.3,43.5,51,23.7,25
1.0,0.25,2.0,Florida,50.0,50,50,50.0,12.5,13.0,15,2.2,5.0,56.2,54.0,62.0,61.0,44.1,52.0,44.9,44.5,51,23.8,26
2.0,0.25,0.5,Florida,50.0,50,50,50.0,12.5,12.5,15,2.9,5.0,57.0,58.0,64.1,64.0,39.5,28.0,44.2,44.5,51,23.8,26
2.0,0.1,2.0,Florida,50.0,50,50,50.0,12.1,12.0,14,3.7,5.0,62.8,64.0,70.2,66.0,42.9,42.5,48.8,49.5,54,23.8,27
2.0,0.1,0.5,Florida,50.0,50,50,50.0,11.5,12.0,14,3.2,4.0,62.2,65.0,71.6,79.0,28.0,28.0,44.8,45.0,53,24.0,25
2.0,0.05,0.5,Florida,50.0,50,50,50.0,11.0,11.0,13,3.9,7.0,64.9,66.0,77.6,79.0,31.0,28.0,44.3,44.0,50,24.1,27
2.0,0.1,1.0,Florida,50.0,50,50,50.0,11.3,12.0,13,4.1,9.0,63.1,64.0,71.4,66.0,33.9,28.0,48.4,48.5,52,24.1,27
0.5,0.25,2.0,Florida,50.0,50,50,50.0,11.4,11.5,13,2.2,5.0,56.0,54.0,60.7,61.0,35.2,28.0,44.1,43.5,49,24.2,26
1.0,0.1,0.5,Florida,50.0,50,50,50.0,9.7,9.0,12,3.9,8.0,64.6,64.0,72.6,66.0,33.4,28.0,37.5,37.0,42,24.4,26
2.0,0.05,1.0,Florida,50.0,50,50,50.0,10.2,10.5,12,5.9,17.0,73.6,66.0,88.4,79.0,39.9,28.0,46.3,46.0,52,24.5,29
1.0,0.05,2.0,Florida,50.0,50,50,50.0,10.6,10.5,12,4.7,7.0,68.8,66.0,81.8,79.0,40.0,28.0,47.0,47.0,53,24.6,27
0.5,0.05,2.0,Florida,50.0,50,50,50.0,9.9,9.5,13,4.9,7.0,70.8,66.0,85.5,83.5,28.0,28.0,43.5,42.5,48,24.6,28
0.5,0.1,2.0,Florida,50.0,50,50,50.0,10.3,10.0,12,3.9,5.0,63.6,66.0,75.6,79.0,28.0,28.0,46.7,46.5,50,24.6,26
1.0,0.05,1.0,Florida,50.0,50,50,50.0,10.1,10.5,12,4.4,9.0,66.8,66.0,80.9,79.0,31.0,28.0,44.0,43.0,48,24.7,27
1.0,0.1,2.0,Florida,50.0,50,50,50.0,10.6,11.0,13,3.8,5.0,62.8,64.0,71.9,69.5,36.9,28.0,46.6,47.0,51,24.8,26
0.5,0.05,1.0,South Dakota,50.1,45,54,51.0,34.1,33.5,38,0.0,0.0,54.6,54.0,58.3,58.0,49.3,61.0,14.5,14.0,20,3.2,5
2.0,0.25,1.0,Iowa,50.1,42,53,51.5,34.0,34.5,37,0.8,3.0,53.0,53.0,55.1,56.5,28.0,28.0,93.6,94.5,101,54.3,57
2.0,0.1,1.0,South Dakota,50.2,45,51,51.0,44.7,44.0,51,0.0,0.0,52.8,54.0,55.2,55.5,53.4,61.0,20.8,21.0,24,6.3,8
2.0,0.25,2.0,Montana,50.2,41,87,41.0,16.0,16.0,18,0.0,0.0,86.4,87.0,100.5,105.0,129.66666666666666,135.0,2.5,3.0,3,8.3,9
1.0,0.05,2.0,Oklahoma,50.2,49,53,50.0,32.2,32.0,38,0.0,0.0,52.6,52.0,56.7,54.0,28.0,28.0,11.0,11.5,14,12.7,15
2.0,0.1,2.0,Oklahoma,50.3,48,51,51.0,35.3,35.0,39,0.0,0.0,51.9,52.0,52.6,52.0,28.0,28.0,13.4,13.5,16,15.7,18
2.0,0.1,1.0,Iowa,50.3,42,53,51.5,31.6,31.0,38,0.5,3.0,54.3,53.0,57.3,59.0,28.0,28.0,93.8,94.0,109,55.8,61
0.5,0.05,0.5,South Dakota,50.4,45,51,51.0,29.2,30.0,32,0.0,0.0,53.4,54.0,57.2,58.0,59.6,61.0,8.0,8.0,11,3.0,5
1.0,0.05,0.5,South Dakota,50.4,45,51,51.0,36.7,36.5,40,0.0,0.0,53.8,54.0,57.5,58.0,56.3,61.0,13.3,13.0,19,3.6,7
0.5,0.1,2.0,South Dakota,50.4,45,51,51.0,42.9,43.0,45,0.0,0.0,53.2,54.0,56.0,57.5,42.9,37.5,18.4,18.5,23,6.3,8
1.0,0.1,1.0,South Dakota,50.4,45,51,51.0,41.9,42.0,43,0.0,0.0,53.4,54.0,56.4,58.0,53.0,61.0,20.1,19.5,27,6.3,8
2.0,0.05,2.0,South Dakota,50.4,45,51,51.0,43.0,43.0,48,0.0,0.0,53.8,54.0,57.1,58.0,46.4,54.0,22.3,23.0,26,7.2,10
0.5,0.1,2.0,Oklahoma,50.4,49,51,51.0,29.8,29.5,32,0.0,0.0,51.9,52.0,55.1,52.0,31.2,28.0,6.9,7.0,9,8.4,10
0.5,0.05,1.0,Indiana,50.4,45,63,45.0,47.9,48.0,52,0.3,1.0,65.9,63.0,75.6,78.0,71.9,80.0,25.3,25.0,32,9.6,12
2.0,0.1,1.0,Arizona,50.5,45,72,49.0,9.1,9.0,10,1.0,2.0,72.2,73.5,91.2,93.5,45.1,28.0,6.1,6.0,8,1.9,3
1.0,0.1,2.0,Oklahoma,50.5,48,51,51.0,34.9,35.0,36,0.0,0.0,51.9,52.0,53.0,53.0,35.2,28.0,11.1,11.5,17,14.3,17
1.0,0.1,0.5,Oklahoma,50.6,49,51,51.0,27.6,27.5,31,0.0,0.0,52.1,52.0,56.8,53.0,35.2,28.0,7.3,8.0,9,7.1,10
0.5,0.05,2.0,Oklahoma,50.6,49,51,51.0,27.3,27.0,31,0.0,0.0,52.3,52.5,58.4,54.0,28.0,28.0,7.2,7.5,9,7.6,9
1.0,0.05,1.0,Oklahoma,50.6,48,52,51.0,28.1,28.0,31,0.0,0.0,53.1,53.0,63.9,57.5,31.2,28.0,6.8,6.0,10,8.4,10
0.5,0.1,0.5,Iowa,50.6,42,53,51.0,31.2,31.0,35,0.2,2.0,54.4,53.0,58.1,59.0,28.0,28.0,64.3,62.5,76,45.1,48
1.0,0.05,0.5,Oklahoma,50.7,49,52,51.0,25.9,26.5,28,0.0,0.0,53.1,52.5,59.0,54.0,38.1,28.0,6.2,6.0,9,5.7,7
1.0,0.05,1.0,South Dakota,50.7,45,54,51.0,41.2,41.0,44,0.0,0.0,54.5,54.0,58.0,58.0,58.4,61.0,14.6,15.0,17,5.7,7
1.0,0.1,2.0,Iowa,50.8,47,53,50.0,34.3,35.0,38,0.3,3.0,54.3,53.0,57.5,59.0,28.0,28.0,88.0,89.5,97,52.7,59
0.5,0.1,1.0,Arizona,50.9,45,72,49.0,9.6,9.0,11,1.0,2.0,77.1,76.0,91.3,92.0,51.3,28.0,6.8,7.0,9,1.4,2
0.5,0.1,0.5,South Dakota,50.9,50,51,51.0,31.4,32.0,33,0.0,0.0,53.6,54.0,56.3,57.5,55.1,61.0,10.8,10.5,14,3.0,4
2.0,0.05,2.0,Oklahoma,50.9,49,52,51.0,35.0,34.5,39,0.0,0.0,52.5,53.0,62.1,55.0,30.9,28.0,11.8,12.0,16,14.1,18
1.0,0.1,0.5,Iowa,50.9,47,53,51.5,32.3,32.0,37,0.5,3.0,54.8,54.0,57.2,59.0,28.0,28.0,72.8,74.0,88,51.7,55
2.0,0.1,2.0,Iowa,50.9,47,53,50.0,31.2,32.0,35,0.3,3.0,55.0,53.0,57.5,59.0,28.0,28.0,92.7,91.0,110,56.5,64
1.0,0.05,1.0,North Carolina,51.0,51,51,51.0,27.6,27.5,30,0.0,0.0,90.3,90.0,97.5,95.0,133.1,125.0,9.0,9.0,13,2.4,5
0.5,0.1,0.5,North Carolina,51.0,51,51,51.0,21.0,20.0,27,0.0,0.0,88.8,90.0,94.0,95.0,133.9,127.0,3.8,3.0,7,2.7,4
0.5,0.1,1.0,North Carolina,51.0,51,51,51.0,24.2,25.0,27,0.0,0.0,88.8,90.0,94.0,95.0,136.4,127.0,4.2,4.0,7,3.1,4
1.0,0.05,0.5,North Carolina,51.0,51,51,51.0,22.5,23.0,26,0.0,0.0,91.4,90.0,98.1,95.0,158.9,155.0,3.9,4.0,5,3.2,5
1.0,0.1,1.0,North Carolina,51.0,51,51,51.0,29.6,30.0,32,0.0,0.0,89.8,90.0,94.9,95.0,133.3,125.0,8.3,7.5,13,3.2,5
0.5,0.25,2.0,North Carolina,51.0,51,51,51.0,30.8,31.0,32,0.0,0.0,80.8,84.0,87.9,90.0,121.6,125.0,7.6,8.0,11,3.3,5
2.0,0.1,0.5,North Carolina,51.0,51,51,51.0,29.7,29.0,34,0.0,0.0,89.9,90.0,94.8,95.0,132.8,127.0,11.1,11.0,13,3.4,5
0.5,0.25,0.5,North Carolina,51.0,51,51,51.0,23.2,23.0,25,0.0,0.0,82.0,84.0,89.4,90.0,117.3,123.0,5.2,4.5,8,3.6,5
1.0,0.1,0.5,North Carolina,51.0,51,51,51.0,25.8,26.0,28,0.0,0.0,89.4,90.0,94.3,95.0,146.8,155.0,5.5,5.0,8,3.6,5
0.5,0.1,2.0,North Carolina,51.0,51,51,51.0,28.5,29.0,31,0.0,0.0,89.1,90.0,95.0,95.0,130.3,125.0,8.5,8.5,12,3.7,5
0.5,0.25,1.0,North Carolina,51.0,51,51,51.0,28.1,28.0,30,0.0,0.0,83.8,84.0,89.8,90.0,124.8,119.5,5.0,5.0,8,3.9,6
1.0,0.25,1.0,North Carolina,51.0,51,51,51.0,30.3,30.0,33,0.0,0.0,85.0,84.0,91.2,90.0,125.7,125.0,9.6,9.5,12,3.9,6
0.5,0.05,2.0,South Dakota,51.0,51,51,51.0,42.3,43.0,45,0.0,0.0,54.4,54.0,58.3,58.0,51.1,61.0,14.7,16.0,17,4.4,6
2.0,0.05,2.0,North Carolina,51.0,51,51,51.0,30.3,31.0,32,0.0,0.0,90.7,92.5,99.2,98.5,143.0,155.0,11.6,11.5,14,4.4,6
1.0,0.25,0.5,North Carolina,51.0,51,51,51.0,26.9,27.5,30,0.0,0.0,80.7,84.0,89.4,90.0,116.7,125.0,7.1,8.0,9,4.6,9
2.0,0.25,0.5,North Carolina,51.0,51,51,51.0,31.3,31.5,34,0.0,0.0,82.0,84.0,90.5,90.0,112.9,116.0,11.9,11.5,15,4.7,7
2.0,0.1,2.0,North Carolina,51.0,51,51,51.0,31.3,32.0,32,0.0,0.0,88.7,90.0,94.2,95.0,130.1,125.0,12.2,12.0,18,5.1,7
1.0,0.1,2.0,North Carolina,51.0,51,51,51.0,31.1,30.0,34,0.0,0.0,88.0,90.0,93.7,95.0,142.7,142.0,12.0,11.0,19,5.2,7
0.5,0.1,0.5,Illinois,51.0,51,51,51.0,44.6,44.5,47,0.0,0.0,58.0,58.0,67.9,68.0,62.8,63.0,12.1,11.5,17,5.6,9
2.0,0.25,1.0,North Carolina,51.0,51,51,51.0,31.6,31.5,35,0.0,0.0,87.5,90.0,92.7,95.0,120.8,119.5,12.8,12.5,16,6.0,10
1.0,0.25,2.0,North Carolina,51.0,51,51,51.0,31.0,31.0,33,0.0,0.0,80.7,84.0,88.8,90.0,115.1,120.5,13.0,13.0,15,6.3,8
2.0,0.25,2.0,North Carolina,51.0,51,51,51.0,32.4,31.5,37,0.0,0.0,82.5,84.0,91.3,90.0,114.6,116.0,13.0,13.0,14,6.3,10
0.5,0.25,0.5,Illinois,51.0,51,51,51.0,49.3,49.0,52,0.0,0.0,57.2,58.0,61.2,60.0,59.3,63.0,12.7,12.5,17,6.4,8
0.5,0.01,0.5,Colorado,51.0,39,77,48.0,9.8,10.5,13,1.2,7.0,70.6,57.0,93.3,88.0,36.1,28.0,26.7,26.5,33,7.6,10
0.5,0.25,1.0,Illinois,51.0,51,51,51.0,55.9,55.5,61,0.0,0.0,56.7,57.0,60.7,59.5,59.2,63.0,13.0,13.0,16,9.7,13
0.5,0.1,1.0,Illinois,51.0,51,51,51.0,50.6,50.5,54,0.0,0.0,57.4,58.0,63.8,64.0,59.4,63.0,12.1,12.0,15,9.7,13
1.0,0.25,0.5,Illinois,51.0,51,51,51.0,57.2,57.0,60,0.0,0.0,57.4,58.0,61.3,61.0,59.2,63.0,13.5,14.0,17,10.8,12
0.5,0.25,2.0,Illinois,51.0,51,51,51.0,59.0,59.0,65,0.0,0.0,56.7,57.0,61.2,61.0,55.9,63.0,17.3,16.5,23,11.4,14
0.5,0.1,2.0,Illinois,51.0,51,51,51.0,55.1,55.0,59,0.0,0.0,57.8,58.0,67.3,66.5,62.9,63.0,15.3,15.0,20,11.6,16
2.0,0.05,0.5,Oklahoma,51.0,49,53,51.0,29.3,29.0,32,0.0,0.0,52.5,52.0,56.6,54.0,28.0,28.0,10.1,10.0,13,12.4,14
1.0,0.05,1.0,Illinois,51.0,51,51,51.0,50.7,50.5,52,0.0,0.0,57.8,58.0,68.7,68.0,62.9,63.0,17.4,17.5,20,13.0,15
1.0,0.1,2.0,Illinois,51.0,51,51,51.0,57.7,58.0,60,0.0,0.0,57.8,58.0,67.9,68.0,63.0,63.0,18.1,18.0,23,13.3,15
1.0,0.25,1.0,Illinois,51.0,51,51,51.0,57.8,58.0,60,0.0,0.0,56.6,56.0,59.3,58.0,62.6,63.0,15.4,16.0,19,13.4,16
2.0,0.1,0.5,Illinois,51.0,51,51,51.0,55.6,55.5,61,0.0,0.0,57.6,58.0,65.1,64.0,62.8,63.0,18.8,18.0,25,13.4,18
2.0,0.25,0.5,Illinois,51.0,51,51,51.0,58.6,59.0,60,0.0,0.0,57.4,58.0,62.2,64.0,56.0,63.0,16.5,15.5,22,14.1,18
2.0,0.25,2.0,Illinois,51.0,51,51,51.0,60.1,60.0,64,0.0,0.0,57.2,58.0,61.8,61.0,55.6,62.0,16.9,17.5,19,14.5,17
1.0,0.25,2.0,Illinois,51.0,51,51,51.0,59.0,59.0,63,0.0,0.0,57.0,57.0,60.1,59.5,59.0,62.0,19.9,20.0,24,14.7,18
2.0,0.25,1.0,Illinois,51.0,51,51,51.0,58.0,58.0,60,0.0,0.0,57.6,58.0,61.6,62.5,59.2,63.0,18.8,17.5,25,15.5,17
0.5,0.05,1.0,Oklahoma,51.1,49,53,51.0,23.2,23.0,26,0.0,0.0,52.5,52.0,58.9,52.5,51.4,42.5,5.7,6.0,9,3.7,5
1.0,0.05,0.5,Arizona,51.3,49,72,49.0,9.2,9.0,11,1.1,3.0,86.8,90.5,97.0,94.0,48.0,28.0,6.9,7.0,11,1.8,3
1.0,0.1,2.0,Arizona,51.3,49,72,49.0,9.2,9.0,11,1.4,2.0,84.3,88.0,91.6,90.0,49.5,28.0,6.6,7.0,9,1.8,4
ALL,ALL,ALL,Oklahoma,51.452777777777776,38,78,51.0,27.852777777777778,29.0,43,0.002777777777777778,1.0,55.891666666666666,52.0,61.65277777777778,53.0,46.047486033519554,28.0,7.961111111111111,8.0,19,8.313888888888888,18
0.5,0.05,0.5,Illinois,51.5,51,56,51.0,40.0,40.0,42,0.0,0.0,58.0,58.0,69.3,70.0,62.9,63.0,10.2,10.0,13,4.8,6
1.0,0.1,2.0,Nebraska,51.5,44,68,48.0,42.8,43.5,46,0.0,0.0,65.7,68.0,68.9,69.0,123.3,128.0,4.7,5.0,7,5.0,8
2.0,0.05,1.0,Oklahoma,51.5,49,55,51.0,33.5,33.5,39,0.0,0.0,53.7,52.0,63.3,56.5,28.0,28.0,12.4,13.0,19,13.6,16
0.5,0.05,1.0,Iowa,51.5,47,53,53.0,30.8,31.5,34,0.2,2.0,56.1,57.0,59.7,61.0,34.8,28.0,65.7,64.0,79,47.1,55
1.0,0.1,1.0,Iowa,51.5,47,53,53.0,32.8,33.0,37,0.3,3.0,55.9,56.0,58.9,59.0,28.0,28.0,81.0,79.0,96,53.9,56
2.0,0.1,0.5,Iowa,51.5,47,53,53.0,33.2,33.5,37,0.5,2.0,56.0,58.0,57.7,59.0,28.0,28.0,85.9,84.5,100,54.0,57
1.0,0.05,2.0,South Dakota,51.6,51,54,51.0,41.4,41.0,46,0.0,0.0,56.0,54.0,59.9,58.0,65.4,61.0,16.8,17.0,20,6.6,9
2.0,0.05,2.0,Florida,51.6,50,66,50.0,11.0,11.0,13,4.2,6.0,69.0,66.0,81.7,79.0,44.8,43.0,46.8,46.5,50,24.2,26
1.0,0.1,0.5,Illinois,51.7,51,58,51.0,52.3,52.0,56,0.0,0.0,59.3,58.0,68.7,71.5,64.8,63.0,13.6,13.5,17,10.5,13
1.0,0.1,1.0,Illinois,51.7,51,58,51.0,53.1,53.5,56,0.0,0.0,59.5,58.0,69.1,70.0,61.3,63.0,16.6,17.0,21,14.1,16
2.0,0.1,1.0,Illinois,51.7,51,58,51.0,56.5,56.5,59,0.0,0.0,59.5,58.0,65.2,64.0,66.4,63.0,18.5,18.5,24,14.4,18
1.0,0.05,0.5,Iowa,51.8,47,53,53.0,31.0,31.5,35,0.5,4.0,57.4,59.0,60.6,61.0,31.1,28.0,75.0,75.0,92,51.8,56
2.0,0.05,0.5,Iowa,51.8,47,53,53.0,29.6,29.5,33,0.5,3.0,57.1,59.0,59.8,60.0,31.4,28.0,81.3,80.0,93,55.9,60
2.0,0.05,2.0,Iowa,51.8,47,53,53.0,28.9,28.0,35,0.3,3.0,57.3,59.0,59.9,60.0,31.1,28.0,88.3,87.0,101,57.0,65
2.0,0.05,1.0,South Dakota,51.9,51,54,51.0,42.2,42.5,45,0.0,0.0,58.0,54.0,62.0,58.0,61.9,61.0,17.5,16.5,24,6.6,9
0.5,0.1,2.0,Iowa,51.9,47,53,53.0,34.6,34.0,38,0.4,3.0,55.3,55.5,58.6,59.0,30.8,28.0,79.9,78.0,92,51.4,54
1.0,0.25,0.5,North Dakota,52.0,52,52,52.0,16.4,16.0,19,0.0,0.0,72.8,82.0,89.8,95.0,31.9,28.0,7.7,8.0,10,0.2,1
0.5,0.25,0.5,North Dakota,52.0,52,52,52.0,9.1,9.0,10,0.0,0.0,65.9,59.0,85.9,82.0,28.0,28.0,5.7,6.0,8,0.4,1
0.5,0.25,2.0,North Dakota,52.0,52,52,52.0,19.7,20.0,21,0.0,0.0,68.2,59.0,87.2,82.0,28.0,28.0,7.7,7.0,11,1.7,4
2.0,0.25,1.0,North Dakota,52.0,52,52,52.0,22.8,22.5,26,0.0,0.0,72.8,82.0,89.8,95.0,31.9,28.0,11.2,11.0,13,2.5,3
1.0,0.25,1.0,North Dakota,52.0,52,52,52.0,18.9,19.0,20,0.0,0.0,72.8,82.0,89.8,95.0,28.0,28.0,8.0,8.0,10,3.2,5
0.5,0.05,0.5,Oklahoma,52.1,51,60,51.0,16.5,17.0,18,0.0,0.0,55.0,52.5,63.9,57.5,86.875,100.0,2.8,2.0,8,2.5,6
0.5,0.05,0.5,Iowa,52.1,47,53,53.0,27.5,27.5,32,0.4,4.0,57.2,58.0,60.2,60.5,31.4,28.0,60.2,59.5,72,45.5,50
0.5,0.05,2.0,Iowa,52.1,50,53,53.0,31.5,31.5,37,0.0,0.0,57.7,59.0,60.3,59.5,31.4,28.0,78.9,80.0,86,52.6,59
2.0,0.05,1.0,Indiana,52.2,45,63,45.0,58.9,58.0,64,0.2,1.0,67.0,63.0,74.8,75.0,79.1,84.0,32.1,31.5,40,12.1,17
0.5,0.05,1.0,Illinois,52.4,51,58,51.0,47.1,47.0,51,0.0,0.0,61.2,58.0,73.0,75.0,70.2,63.0,10.5,10.0,14,8.2,10
2.0,0.1,2.0,Illinois,52.4,51,58,51.0,58.7,58.5,62,0.0,0.0,59.0,58.0,67.3,68.0,60.5,63.0,14.9,15.5,19,13.4,17
1.0,0.05,2.0,Illinois,52.4,51,58,51.0,54.8,55.0,58,0.0,0.0,60.7,58.0,73.7,75.0,78.3,63.0,17.0,17.0,23,14.1,18
2.0,0.05,2.0,Illinois,52.4,51,58,51.0,53.8,54.5,57,0.0,0.0,60.5,58.0,69.8,73.5,68.8,63.0,18.4,19.0,21,14.8,18
1.0,0.05,2.0,Iowa,52.4,50,53,53.0,30.9,31.5,37,0.0,0.0,58.4,59.0,62.4,60.0,28.0,28.0,86.9,87.0,108,55.5,61
1.0,0.05,1.0,Iowa,52.4,47,53,53.0,30.3,30.0,37,0.3,3.0,57.8,59.0,59.5,60.0,28.0,28.0,79.6,81.0,86,55.7,60
0.5,0.25,1.0,North Dakota,52.7,52,59,52.0,13.7,13.5,15,0.0,0.0,72.8,82.0,89.8,95.0,28.0,28.0,6.0,6.0,8,0.3,1
ALL,ALL,ALL,Iowa,52.81388888888889,42,98,53.0,30.82777777777778,31.0,41,0.7666666666666667,18.0,59.975,57.0,63.99166666666667,60.0,32.394444444444446,28.0,80.88888888888889,81.0,117,51.94166666666667,65
ALL,ALL,ALL,Indiana,52.84444444444444,45,103,45.0,52.644444444444446,54.0,66,0.5666666666666667,1.0,69.89722222222223,63.0,77.225,73.0,73.38333333333334,80.0,26.355555555555554,28.0,40,11.844444444444445,20
2.0,0.1,1.0,Oregon,52.9,45,124,45.0,16.3,16.5,18,0.0,0.0,96.2,86.0,123.1,130.5,147.4,89.0,2.2,2.0,6,10.2,12
0.5,0.25,1.0,Wyoming,53.0,53,53,53.0,7.0,7.0,8,0.0,0.0,57.0,57.0,72.6,70.0,83.6,82.0,1.9,2.0,2,0.0,0
1.0,0.25,0.5,Wyoming,53.0,53,53,53.0,9.7,10.0,11,0.0,0.0,57.0,57.0,73.1,72.5,82.0,82.0,2.1,2.0,3,0.0,0
0.5,0.05,1.0,Wyoming,53.0,53,53,53.0,7.0,7.0,8,0.0,0.0,61.7,57.0,78.4,78.0,86.8,82.0,1.7,2.0,2,0.0,0
0.5,0.25,2.0,Wyoming,53.0,53,53,53.0,12.1,12.0,13,0.0,0.0,57.0,57.0,72.1,70.0,82.0,82.0,2.0,2.0,2,0.0,0
0.5,0.25,0.5,Wyoming,53.0,53,53,53.0,6.5,6.0,8,0.0,0.0,57.0,57.0,73.8,75.0,82.0,82.0,2.0,2.0,2,0.0,0
1.0,0.1,0.5,Wyoming,53.0,53,53,53.0,7.3,7.0,9,0.0,0.0,57.0,57.0,77.2,78.0,83.6,82.0,2.0,2.0,2,0.0,0
0.5,0.1,1.0,Wyoming,53.0,53,53,53.0,7.4,7.5,9,0.0,0.0,58.8,57.0,75.5,78.0,82.0,82.0,2.1,2.0,3,0.0,0
0.5,0.1,0.5,Wyoming,53.0,53,53,53.0,6.0,6.0,7,0.0,0.0,58.6,57.0,77.0,78.0,82.0,82.0,2.1,2.0,3,0.0,0
0.5,0.05,0.5,Wyoming,53.0,53,53,53.0,5.4,5.0,6,0.0,0.0,62.7,57.0,78.4,78.0,85.2,82.0,1.7,2.0,2,0.1,1
1.0,0.05,0.5,Wyoming,53.0,53,53,53.0,7.1,7.5,9,0.0,0.0,63.0,57.0,78.6,78.0,86.8,82.0,2.4,2.5,4,0.2,1
1.0,0.25,2.0,Wyoming,53.0,53,53,53.0,12.8,13.0,14,0.0,0.0,57.0,57.0,72.5,70.0,82.0,82.0,3.0,3.0,3,0.2,1
1.0,0.25,1.0,Wyoming,53.0,53,53,53.0,12.4,12.0,14,0.0,0.0,57.0,57.0,73.8,74.0,82.0,82.0,3.0,3.0,3,0.2,1
0.5,0.05,2.0,Wyoming,53.0,53,53,53.0,10.2,10.0,12,0.1,1.0,62.2,57.0,83.0,78.0,88.4,82.0,2.4,2.0,5,0.3,1
0.5,0.1,2.0,Wyoming,53.0,53,53,53.0,10.7,11.0,12,0.0,0.0,57.0,57.0,76.1,78.0,83.6,82.0,2.1,2.0,3,0.3,1
1.0,0.1,2.0,Wyoming,53.0,53,53,53.0,12.0,12.0,13,0.0,0.0,57.0,57.0,77.7,78.0,82.0,82.0,3.0,3.0,3,0.4,1
1.0,0.1,1.0,Wyoming,53.0,53,53,53.0,10.6,11.0,12,0.0,0.0,58.8,57.0,76.4,78.0,83.6,82.0,3.0,3.0,4,0.4,1
1.0,0.05,2.0,Wyoming,53.0,53,53,53.0,11.2,11.0,12,0.0,0.0,67.9,74.0,78.8,78.0,85.2,82.0,3.6,4.0,5,0.5,1
1.0,0.05,1.0,Wyoming,53.0,53,53,53.0,10.6,11.0,11,0.0,0.0,57.0,57.0,77.6,78.0,85.2,82.0,3.4,3.0,4,0.5,1
2.0,0.05,0.5,Wyoming,53.0,53,53,53.0,11.4,11.0,12,0.0,0.0,58.8,57.0,78.4,78.0,86.8,82.0,3.2,3.0,4,0.9,1
2.0,0.25,0.5,Wyoming,53.0,53,53,53.0,11.8,12.0,12,0.0,0.0,57.0,57.0,75.1,78.0,82.0,82.0,3.9,4.0,4,1.1,2
2.0,0.05,1.0,Wyoming,53.0,53,53,53.0,11.5,12.0,12,0.0,0.0,68.1,75.0,77.5,78.0,86.8,82.0,4.0,4.0,5,1.2,3
2.0,0.05,2.0,Wyoming,53.0,53,53,53.0,11.7,12.0,13,0.1,1.0,64.0,57.0,81.9,78.0,85.2,82.0,5.2,5.0,6,1.2,3
2.0,0.1,0.5,Wyoming,53.0,53,53,53.0,11.6,12.0,12,0.0,0.0,57.0,57.0,76.6,78.0,83.6,82.0,3.5,3.5,4,1.2,2
2.0,0.1,1.0,Wyoming,53.0,53,53,53.0,11.3,11.0,12,0.0,0.0,60.4,57.0,75.6,78.0,85.2,82.0,3.8,4.0,4,1.3,2
2.0,0.1,2.0,Wyoming,53.0,53,53,53.0,11.8,11.5,13,0.0,0.0,58.8,57.0,76.4,78.0,82.0,82.0,4.1,4.0,7,1.5,2
2.0,0.25,1.0,Wyoming,53.0,53,53,53.0,11.9,12.0,13,0.0,0.0,57.0,57.0,73.1,72.5,82.0,82.0,3.4,3.0,4,1.6,2
2.0,0.25,2.0,Wyoming,53.0,53,53,53.0,12.1,12.0,13,0.0,0.0,57.0,57.0,74.4,78.0,82.0,82.0,3.8,4.0,4,1.8,2
2.0,0.05,1.0,Iowa,53.0,53,53,53.0,27.7,28.5,32,0.1,1.0,59.0,59.5,62.5,62.0,31.4,28.0,87.6,83.5,97,58.6,62
0.5,0.05,2.0,Illinois,53.1,51,58,51.0,52.1,50.0,57,0.0,0.0,63.1,58.0,74.7,75.0,72.7,63.0,13.3,13.0,20,10.3,13
2.0,0.05,0.5,Illinois,53.1,51,58,51.0,54.0,53.0,58,0.0,0.0,62.2,58.0,70.8,71.5,73.0,63.0,16.4,16.0,20,12.6,15
0.5,0.25,2.0,Montana,53.2,41,87,41.0,15.7,15.5,17,0.0,0.0,84.8,87.0,98.7,100.0,130.6,135.0,2.4,2.5,4,7.4,9
1.0,0.05,2.0,Oregon,53.2,45,86,45.0,15.7,16.0,18,0.0,0.0,130.1,137.0,173.7,183.0,331.875,347.0,1.1,1.0,2,9.6,11
0.5,0.1,2.0,Nebraska,53.5,44,68,48.0,39.0,39.5,41,0.0,0.0,64.9,68.0,68.5,70.0,126.4,128.0,3.7,4.0,5,3.7,6
1.0,0.1,1.0,Nebraska,53.5,44,68,48.0,39.6,40.0,42,0.0,0.0,66.1,67.5,69.5,68.5,132.1,128.0,4.2,4.0,6,4.4,6
2.0,0.25,2.0,Pennsylvania,53.5,52,57,52.0,42.2,41.5,46,1.0,2.0,59.5,57.0,71.7,70.0,28.0,28.0,44.0,44.0,48,17.1,21
1.0,0.25,1.0,Pennsylvania,53.5,52,57,52.0,41.0,40.5,46,1.5,3.0,60.0,57.0,66.5,69.0,28.0,28.0,46.9,48.0,53,17.5,20
0.5,0.1,2.0,Arizona,53.6,49,72,49.0,9.5,10.0,11,0.8,2.0,78.7,81.5,90.8,93.5,59.0,53.0,6.9,7.0,9,1.5,3
2.0,0.1,1.0,Nebraska,53.6,44,68,48.0,45.0,45.0,49,0.0,0.0,65.1,68.0,67.6,70.0,125.1,128.0,7.0,7.0,9,5.1,9
ALL,ALL,ALL,Illinois,53.6,51,75,51.0,50.477777777777774,52.0,65,0.0,0.0,64.54166666666667,58.0,75.56944444444444,68.0,87.008356545961,63.0,13.936111111111112,14.0,25,10.941666666666666,20
2.0,0.25,0.5,Georgia,53.6,49,58,54.0,52.2,52.0,55,0.0,0.0,60.4,62.0,66.0,66.0,75.8,79.0,10.5,10.0,16,13.7,16
ALL,ALL,ALL,South Dakota,53.71111111111111,45,106,51.0,38.56111111111111,40.0,51,0.008333333333333333,1.0,58.91388888888889,54.0,63.27777777777778,58.0,57.9,61.0,16.241666666666667,16.0,31,5.35,11
1.0,0.25,1.0,Wisconsin,53.8,52,59,53.0,37.6,37.5,42,0.0,0.0,57.3,59.0,58.6,59.0,28.0,28.0,99.9,100.5,104,26.8,29
0.5,0.01,0.5,Oklahoma,54.0,51,70,52.5,9.3,9.5,12,0.0,0.0,63.9,70.0,74.0,78.0,110.4,118.0,1.8,2.0,3,0.3,1
1.0,0.01,1.0,Vermont,54.0,54,54,54.0,11.0,11.0,13,0.4,2.0,135.7,136.5,153.1,156.0,56.1,28.0,8.2,8.5,10,2.1,4
0.5,0.01,2.0,Vermont,54.0,54,54,54.0,10.7,10.5,13,0.9,2.0,131.8,133.5,151.1,150.0,57.7,28.0,9.0,9.0,14,2.2,4
2.0,0.01,1.0,Vermont,54.0,54,54,54.0,10.7,11.5,12,0.4,2.0,138.6,141.0,149.4,147.0,67.0,28.0,9.1,9.0,13,2.3,5
1.0,0.01,0.5,Vermont,54.0,54,54,54.0,10.4,10.5,12,0.5,4.0,130.1,140.0,159.2,153.0,89.5,110.0,7.6,7.5,10,2.6,4
1.0,0.01,2.0,Vermont,54.0,54,54,54.0,9.9,10.0,12,1.7,4.0,138.2,136.5,156.7,150.0,53.6,28.0,10.1,9.5,14,3.1,7
0.5,0.01,1.0,Vermont,54.0,54,54,54.0,9.7,9.5,12,0.6,3.0,132.0,136.0,161.1,150.0,37.1,28.0,7.8,7.0,11,3.2,6
2.0,0.01,0.5,Vermont,54.0,54,54,54.0,9.7,9.5,12,1.2,4.0,137.9,145.0,170.2,164.0,77.6,95.0,8.9,9.0,11,3.4,5
0.5,0.05,1.0,Vermont,54.0,54,54,54.0,9.1,9.0,12,1.3,4.0,90.0,84.0,110.7,114.0,28.0,28.0,7.9,7.5,11,3.8,6
2.0,0.05,1.0,Vermont,54.0,54,54,54.0,9.9,9.5,13,1.6,3.0,90.3,84.0,104.5,103.0,28.0,28.0,10.8,11.0,13,3.8,6
0.5,0.05,2.0,Vermont,54.0,54,54,54.0,9.2,9.0,12,1.6,3.0,86.8,84.0,106.9,104.0,28.0,28.0,9.0,9.0,11,4.0,5
1.0,0.05,0.5,Vermont,54.0,54,54,54.0,8.9,9.0,11,1.6,3.0,83.5,84.0,106.0,108.5,28.0,28.0,7.9,7.5,13,4.1,6
2.0,0.05,0.5,Vermont,54.0,54,54,54.0,9.0,9.0,11,1.6,4.0,85.8,84.0,113.4,103.0,28.0,28.0,10.1,10.5,12,4.2,6
1.0,0.05,1.0,Vermont,54.0,54,54,54.0,8.9,9.0,11,1.8,4.0,90.0,84.0,107.4,105.0,28.0,28.0,10.0,10.0,13,4.3,6
0.5,0.05,0.5,Vermont,54.0,54,54,54.0,8.2,8.0,11,1.3,3.0,81.4,84.0,103.2,102.5,28.0,28.0,7.7,7.5,12,4.4,7
2.0,0.05,2.0,Vermont,54.0,54,54,54.0,8.8,8.5,12,2.1,5.0,88.5,84.0,111.5,108.5,28.0,28.0,10.4,10.5,13,4.6,7
1.0,0.1,0.5,Vermont,54.0,54,54,54.0,8.5,8.5,10,1.4,3.0,77.9,84.0,103.8,103.5,28.0,28.0,8.7,8.5,14,4.6,6
1.0,0.05,2.0,Vermont,54.0,54,54,54.0,8.5,8.0,11,1.6,5.0,85.1,84.0,106.0,103.0,28.0,28.0,10.5,11.0,12,4.7,7
1.0,0.1,2.0,Vermont,54.0,54,54,54.0,8.4,8.0,11,2.5,3.0,84.0,84.0,110.1,114.0,28.0,28.0,11.4,11.0,15,4.9,8
2.0,0.1,1.0,Vermont,54.0,54,54,54.0,8.2,8.0,11,2.4,4.0,84.6,84.0,108.8,114.0,28.0,28.0,10.8,11.0,14,5.1,6
0.5,0.1,0.5,Vermont,54.0,54,54,54.0,8.0,8.0,10,2.6,5.0,90.4,84.0,104.3,104.0,28.0,28.0,9.5,9.5,12,5.1,7
0.5,0.1,1.0,Vermont,54.0,54,54,54.0,8.1,8.0,9,2.8,5.0,85.1,84.0,103.7,109.0,28.0,28.0,9.6,9.5,12,5.3,6
0.5,0.25,1.0,Vermont,54.0,54,54,54.0,8.3,9.0,9,2.1,3.0,74.2,75.5,88.6,86.5,28.0,28.0,11.5,11.5,13,5.4,7
0.5,0.1,2.0,Vermont,54.0,54,54,54.0,7.9,8.0,9,2.3,3.0,79.4,84.0,107.7,109.5,28.0,28.0,11.3,11.5,14,5.4,7
1.0,0.1,1.0,Vermont,54.0,54,54,54.0,8.3,8.0,10,2.4,5.0,85.3,84.0,107.5,108.5,28.0,28.0,10.6,10.5,13,5.4,8
1.0,0.25,2.0,Vermont,54.0,54,54,54.0,8.4,8.5,9,2.0,3.0,75.3,77.5,92.1,94.0,28.0,28.0,12.4,12.0,15,5.5,6
1.0,0.25,0.5,Vermont,54.0,54,54,54.0,7.8,8.0,9,2.4,3.0,77.3,77.0,86.9,86.5,28.0,28.0,11.3,11.0,14,5.6,7
0.5,0.25,0.5,Vermont,54.0,54,54,54.0,7.9,7.5,10,1.4,3.0,71.3,70.0,86.4,89.0,28.0,28.0,9.8,10.0,14,5.6,7
2.0,0.25,1.0,Vermont,54.0,54,54,54.0,8.1,8.0,10,1.8,3.0,73.7,76.0,84.6,77.0,28.0,28.0,12.3,12.0,15,5.7,7
2.0,0.25,2.0,Vermont,54.0,54,54,54.0,8.3,8.0,11,2.0,3.0,75.2,77.0,88.3,89.0,28.0,28.0,11.6,11.0,14,5.7,8
2.0,0.1,0.5,Vermont,54.0,54,54,54.0,7.9,8.0,10,1.8,3.0,78.3,84.0,107.0,112.0,28.0,28.0,11.3,11.0,15,5.8,7
0.5,0.25,2.0,Vermont,54.0,54,54,54.0,7.6,7.0,9,2.3,3.0,76.7,77.5,87.6,86.5,28.0,28.0,12.2,11.5,16,6.1,8
2.0,0.1,2.0,Vermont,54.0,54,54,54.0,7.5,7.0,9,3.0,5.0,85.1,84.0,104.8,109.5,28.0,28.0,11.8,12.0,13,6.1,7
1.0,0.25,1.0,Vermont,54.0,54,54,54.0,7.7,8.0,10,1.6,3.0,72.8,73.5,92.6,91.5,28.0,28.0,11.3,11.0,13,6.2,9
2.0,0.25,0.5,Vermont,54.0,54,54,54.0,7.7,7.5,9,2.0,3.0,74.5,75.5,90.9,95.0,28.0,28.0,12.7,12.0,16,6.2,7
0.5,0.25,2.0,Pennsylvania,54.0,52,57,52.0,43.2,43.0,47,1.5,2.0,62.4,57.0,70.4,70.0,28.0,28.0,46.8,46.5,56,15.6,19
2.0,0.25,0.5,Pennsylvania,54.0,52,57,52.0,42.5,42.5,48,1.6,3.0,62.6,57.0,72.1,70.0,28.0,28.0,44.5,43.5,55,16.4,22
1.0,0.25,2.0,Georgia,54.1,49,58,54.0,54.2,54.0,57,0.0,0.0,60.0,62.0,66.0,66.0,68.8,79.0,11.0,11.0,12,12.0,13
2.0,0.25,2.0,Georgia,54.1,49,58,54.0,53.5,53.0,56,0.0,0.0,60.8,62.0,66.0,66.0,66.9,79.0,12.8,12.0,15,12.9,15
0.5,0.05,0.5,Florida,54.1,50,91,50.0,9.7,9.0,14,3.4,6.0,67.7,66.0,78.7,79.0,39.4,28.0,25.9,26.5,31,20.9,23
ALL,ALL,ALL,Idaho,54.138888888888886,44,123,44.0,8.761111111111111,8.0,17,1.6527777777777777,16.0,68.30555555555556,49.0,95.15277777777777,102.0,30.01388888888889,28.0,36.105555555555554,38.0,53,13.683333333333334,19
1.0,0.01,0.5,Oklahoma,54.2,51,70,53.0,15.3,16.0,17,0.1,1.0,66.6,65.0,77.7,78.0,98.2,118.0,3.3,3.0,5,2.7,4
0.5,0.05,0.5,Oregon,54.2,45,137,45.0,11.0,11.0,12,0.0,0.0,114.5,111.5,156.3,150.5,117.0,91.0,0.7,1.0,2,4.3,7
1.0,0.1,1.0,Oregon,54.2,45,137,45.0,16.3,16.0,18,0.0,0.0,86.9,86.0,131.0,137.0,140.6,89.0,2.1,2.0,4,9.5,12
0.5,0.25,2.0,Wisconsin,54.2,52,59,53.0,36.9,38.0,40,0.0,0.0,56.6,57.0,58.2,59.0,28.0,28.0,100.6,100.5,108,27.3,34
2.0,0.25,0.5,North Dakota,54.3,52,75,52.0,21.0,21.0,24,0.0,0.0,65.9,59.0,85.9,82.0,28.0,28.0,10.5,10.0,14,1.5,3
1.0,0.05,0.5,Illinois,54.3,51,58,53.5,48.2,48.0,53,0.0,0.0,63.0,58.0,74.6,75.0,78.6,65.5,12.3,12.5,18,10.2,13
ALL,ALL,ALL,Vermont,54.361111111111114,54,159,54.0,8.797222222222222,9.0,13,1.6722222222222223,5.0,94.36944444444444,84.0,114.81111111111112,107.0,37.31388888888889,28.0,9.977777777777778,10.0,16,4.475,9
2.0,0.05,1.0,Idaho,54.4,44,79,49.0,10.9,10.0,16,2.0,12.0,66.3,63.0,93.6,93.0,28.0,28.0,36.2,37.0,43,13.6,16
2.0,0.25,1.0,Georgia,54.4,49,58,58.0,52.9,53.0,55,0.0,0.0,62.0,62.0,66.0,66.0,63.7,79.0,13.3,13.5,16,13.7,16
2.0,0.25,2.0,Wisconsin,54.4,52,59,53.0,37.0,37.5,40,0.0,0.0,56.3,57.5,58.8,59.0,28.0,28.0,94.0,93.5,102,27.8,33
1.0,0.25,0.5,Pennsylvania,54.5,52,57,54.5,40.7,41.0,43,1.4,3.0,61.3,59.5,71.1,70.0,28.0,28.0,45.4,44.5,57,16.9,20
1.0,0.25,2.0,Pennsylvania,54.5,52,57,54.5,41.8,41.0,47,2.1,3.0,64.2,63.5,71.7,71.0,28.0,28.0,46.4,45.5,52,17.6,21
0.5,0.25,0.5,Wisconsin,54.6,52,59,53.0,36.3,37.0,40,0.0,0.0,57.8,58.5,59.2,59.0,28.0,28.0,83.4,82.5,89,27.4,33
1.0,0.25,2.0,Wisconsin,54.7,52,59,53.0,37.8,37.5,41,0.0,0.0,56.7,57.0,58.1,59.0,28.0,28.0,97.2,95.5,106,27.0,29
0.5,0.1,2.0,Montana,54.8,41,87,41.0,14.7,14.5,16,0.0,0.0,90.8,87.0,109.0,105.0,97.8,87.0,3.0,3.0,5,7.6,9
1.0,0.25,2.0,Montana,54.8,41,87,41.0,15.8,15.5,17,0.0,0.0,91.4,87.0,104.2,105.0,36.3,28.0,3.2,3.0,5,8.5,10
1.0,0.25,0.5,Wisconsin,54.8,52,59,53.0,36.9,37.5,41,0.0,0.0,57.1,58.5,58.5,59.0,28.0,28.0,95.6,95.0,103,27.0,33
0.5,0.05,0.5,North Carolina,54.9,51,90,51.0,18.5,18.5,20,0.0,0.0,91.4,90.0,96.3,95.0,142.5,140.0,2.5,2.5,4,1.7,3
0.5,0.05,1.0,North Carolina,54.9,51,90,51.0,21.0,22.0,24,0.0,0.0,92.0,90.0,98.5,95.0,149.0,155.0,3.7,4.0,5,2.8,5
1.0,0.05,2.0,North Carolina,54.9,51,90,51.0,28.2,28.0,31,0.0,0.0,91.7,91.5,98.2,95.0,137.8,129.0,11.1,11.5,13,4.5,6
2.0,0.1,1.0,North Carolina,54.9,51,90,51.0,31.1,31.5,33,0.0,0.0,89.2,90.0,94.8,95.0,127.0,123.0,13.1,13.0,18,5.1,7
1.0,0.25,2.0,North Dakota,55.0,52,82,52.0,22.5,23.0,24,0.0,0.0,69.5,59.0,87.7,82.0,28.0,28.0,10.9,11.0,13,1.9,3
2.0,0.25,2.0,North Dakota,55.0,52,82,52.0,22.6,23.0,24,0.0,0.0,67.2,59.0,86.4,82.0,28.0,28.0,11.3,12.0,15,3.3,6
0.5,0.25,0.5,Kentucky,55.0,55,55,55.0,26.3,26.0,29,0.0,0.0,71.0,71.0,79.0,79.0,62.6,28.0,10.1,10.0,13,7.0,11
0.5,0.25,2.0,Georgia,55.0,49,58,56.0,51.8,52.0,55,0.0,0.0,59.2,60.0,66.0,66.0,58.6,79.0,10.3,10.0,14,8.7,11
2.0,0.25,1.0,Kentucky,55.0,55,55,55.0,50.7,50.5,55,0.0,0.0,71.0,71.0,79.0,79.0,28.0,28.0,22.2,22.0,26,9.4,12
0.5,0.25,1.0,Kentucky,55.0,55,55,55.0,33.9,34.5,37,0.0,0.0,71.0,71.0,78.4,79.0,60.6,28.0,14.2,14.5,16,9.9,15
2.0,0.25,2.0,Kentucky,55.0,55,55,55.0,51.4,51.0,55,0.0,0.0,71.0,71.0,78.7,79.0,42.8,28.0,22.4,23.0,26,10.2,14
2.0,0.25,0.5,Kentucky,55.0,55,55,55.0,47.1,47.0,50,0.0,0.0,71.0,71.0,78.4,79.0,36.9,28.0,20.2,20.0,25,10.5,15
0.5,0.25,1.0,Pennsylvania,55.0,52,57,57.0,41.8,42.0,45,1.6,3.0,63.7,66.0,70.4,71.5,28.0,28.0,45.1,42.5,52,15.9,19
0.5,0.25,0.5,Pennsylvania,55.0,52,57,57.0,36.6,37.0,41,1.7,3.0,63.9,66.5,71.4,71.0,28.0,28.0,40.1,37.5,52,16.5,20
2.0,0.25,1.0,Pennsylvania,55.0,52,57,57.0,42.2,42.0,46,1.4,3.0,64.2,66.0,70.6,71.0,28.0,28.0,44.4,44.0,53,17.1,22
1.0,0.1,0.5,Pennsylvania,55.0,52,57,57.0,39.9,40.0,44,1.8,3.0,68.0,72.0,78.1,78.5,28.0,28.0,42.9,42.5,51,17.2,23
2.0,0.01,0.5,Wyoming,55.2,53,71,53.0,9.8,10.0,11,0.3,1.0,90.0,79.0,131.3,124.0,95.11111111111111,82.0,3.3333333333333335,3.0,7,0.6,1
0.5,0.05,1.0,Nebraska,55.2,44,68,48.0,28.2,28.0,32,0.0,0.0,67.3,68.5,70.2,71.0,117.8,128.0,2.5,3.0,3,3.0,4
2.0,0.05,1.0,Illinois,55.2,51,58,58.0,54.3,55.0,59,0.0,0.0,67.5,71.5,76.6,75.0,82.4,92.0,16.4,15.0,23,13.8,20
0.5,0.25,1.0,Wisconsin,55.2,52,59,54.5,37.6,37.5,41,0.0,0.0,57.7,59.0,58.6,59.0,28.0,28.0,94.2,94.0,102,26.6,32
0.5,0.25,0.5,Georgia,55.4,49,58,58.0,34.9,35.0,36,0.0,0.0,60.4,62.0,66.0,66.0,55.4,53.5,7.3,8.0,8,4.1,5
1.0,0.25,0.5,Montana,55.4,41,87,41.0,14.4,14.0,16,0.0,0.0,90.6,87.0,102.2,100.0,118.2,135.0,2.9,2.5,6,5.8,7
0.5,0.25,1.0,Georgia,55.4,49,58,58.0,41.7,42.0,43,0.0,0.0,61.2,62.0,66.0,66.0,73.9,79.0,9.4,9.5,11,6.8,9
1.0,0.25,0.5,Georgia,55.4,49,58,58.0,43.2,42.5,46,0.0,0.0,61.2,62.0,66.0,66.0,72.0,79.0,8.5,9.0,11,10.1,12
2.0,0.25,1.0,Wisconsin,55.5,53,59,55.0,36.3,36.0,40,0.0,0.0,57.9,59.0,58.9,59.0,28.0,28.0,93.5,94.0,98,28.7,31
2.0,0.05,2.0,Nebraska,55.6,44,68,48.0,42.4,41.5,48,0.0,0.0,68.1,68.0,71.6,71.0,124.6,128.0,7.2,7.0,8,5.1,8
1.0,0.01,2.0,Oklahoma,55.6,52,60,53.0,25.0,25.0,28,0.0,0.0,69.0,70.0,79.6,78.0,57.9,28.0,5.6,6.0,8,6.3,11
1.0,0.01,2.0,Iowa,55.6,50,82,53.0,26.3,26.0,32,0.7,2.0,75.2,76.0,84.6,87.0,40.6,28.0,84.1,86.5,96,55.0,58
ALL,ALL,ALL,Wyoming,55.611111111111114,53,134,53.0,9.502777777777778,10.0,14,0.06944444444444445,2.0,67.825,57.0,89.88055555555556,78.0,89.06214689265536,82.0,2.9661016949152543,3.0,8,0.5166666666666667,3
2.0,0.25,0.5,Wisconsin,55.7,52,59,55.0,37.3,36.5,42,0.0,0.0,57.4,59.0,58.7,59.0,28.0,28.0,96.5,96.5,106,27.2,30
0.5,0.05,2.0,Nebraska,55.8,48,68,48.0,36.0,35.0,40,0.0,0.0,68.4,68.0,71.2,71.0,128.8,128.0,4.0,4.0,5,2.9,5
2.0,0.05,1.0,Arizona,55.9,49,72,49.0,9.2,9.5,10,1.0,3.0,84.3,89.0,96.9,95.5,64.9,76.0,7.6,7.5,12,1.8,3
2.0,0.05,2.0,Arizona,55.9,49,72,49.0,8.9,8.5,11,1.4,3.0,88.3,92.0,95.5,97.0,53.0,28.0,6.9,7.0,9,2.1,3
0.5,0.1,0.5,Nebraska,55.9,48,68,48.0,22.7,22.5,25,0.0,0.0,66.1,68.0,69.7,70.0,113.9,128.0,2.2,2.0,3,3.1,5
0.5,0.05,1.0,Arizona,56.0,49,72,49.0,9.7,10.0,10,0.4,2.0,81.8,80.0,95.3,94.0,84.6,83.5,6.3,6.0,11,1.2,2
2.0,0.25,2.0,Michigan,56.0,53,60,57.0,39.1,39.0,42,0.3,3.0,59.5,60.0,62.0,62.0,60.0,62.0,28.4,28.5,34,26.2,28
2.0,0.01,0.5,Oklahoma,56.2,52,78,53.0,23.5,25.0,27,0.0,0.0,68.7,70.0,80.6,78.0,43.8,28.0,6.2,6.0,12,4.4,8
0.5,0.1,2.0,Georgia,56.2,49,58,58.0,47.4,47.0,51,0.0,0.0,62.0,62.0,66.0,66.0,73.9,79.0,10.1,10.0,13,8.8,11
1.0,0.1,1.0,Georgia,56.2,49,58,58.0,46.5,47.0,49,0.0,0.0,62.0,62.0,66.0,66.0,58.6,79.0,11.1,11.5,15,13.5,16
1.0,0.25,1.0,Georgia,56.3,49,58,58.0,51.0,51.0,53,0.0,0.0,61.2,62.0,66.0,66.0,61.8,79.0,10.6,10.5,13,12.1,14
1.0,0.25,1.0,Michigan,56.3,53,62,56.5,40.0,40.5,43,0.3,3.0,59.7,60.0,62.2,62.0,54.8,62.0,28.0,27.5,33,24.7,29
2.0,0.25,0.5,Michigan,56.3,53,60,57.0,39.0,39.0,42,1.1,4.0,60.1,60.0,62.4,62.0,57.6,62.0,29.8,29.5,36,26.2,29
0.5,0.01,2.0,Oklahoma,56.4,51,70,53.0,18.7,19.0,23,0.0,0.0,64.8,65.0,76.2,78.0,96.0,28.0,4.1,4.0,8,3.2,5
0.5,0.1,1.0,Wisconsin,56.4,53,59,57.0,37.3,36.5,43,0.0,0.0,59.5,59.5,60.1,60.0,28.0,28.0,90.8,90.5,104,25.7,30
2.0,0.01,0.5,Iowa,56.4,53,87,53.0,26.3,25.0,35,0.8,2.0,75.1,79.5,81.8,89.0,34.8,28.0,76.6,78.0,85,53.1,57
0.5,0.01,0.5,Vermont,56.5,54,79,54.0,8.8,9.0,11,0.7,5.0,126.9,137.0,153.3,150.0,83.4,28.0,4.6,5.0,7,2.2,6
0.5,0.1,1.0,Kentucky,56.6,55,71,55.0,31.6,31.5,35,0.0,0.0,71.8,71.0,79.1,79.0,28.0,28.0,15.0,15.0,19,8.2,10
1.0,0.25,1.0,Kentucky,56.6,55,71,55.0,45.5,45.5,48,0.0,0.0,71.8,71.0,79.1,79.0,53.4,28.0,18.6,18.0,22,9.4,12
1.0,0.25,0.5,Kentucky,56.6,55,71,55.0,36.8,37.0,40,0.0,0.0,71.8,71.0,79.0,79.0,69.5,67.5,18.8,19.5,21,9.6,13
0.5,0.25,2.0,Kentucky,56.6,55,71,55.0,42.0,42.0,45,0.0,0.0,71.8,71.0,78.8,79.0,70.9,67.5,18.3,18.0,24,9.7,13
1.0,0.25,2.0,Kentucky,56.6,55,71,55.0,49.0,49.5,51,0.0,0.0,71.8,71.0,78.8,79.0,44.5,28.0,20.2,20.5,24,9.8,15
1.0,0.1,2.0,Kentucky,56.6,55,71,55.0,45.9,46.5,49,0.0,0.0,71.8,71.0,79.1,79.0,36.9,28.0,18.8,19.0,25,10.0,12
2.0,0.1,0.5,Kentucky,56.6,55,71,55.0,44.2,44.5,48,0.0,0.0,71.8,71.0,79.0,79.0,36.9,28.0,20.2,21.5,24,10.3,12
2.0,0.1,2.0,Wisconsin,56.7,53,60,59.0,39.3,39.0,43,0.0,0.0,59.1,59.0,60.3,60.0,28.0,28.0,93.3,94.0,105,25.1,29
2.0,0.01,1.0,Wyoming,57.0,53,75,53.0,9.5,10.0,10,0.3,1.0,80.8,79.0,122.2,116.0,105.1,98.0,3.7,3.5,6,0.7,1
0.5,0.25,0.5,Montana,57.0,41,87,41.0,10.6,11.0,11,0.0,0.0,86.6,87.0,99.8,100.0,128.0,137.0,1.3,1.0,3,4.9,6
2.0,0.1,2.0,Nebraska,57.0,44,68,57.5,47.0,47.0,49,0.0,0.0,65.6,68.0,70.2,70.0,125.4,128.0,7.0,7.0,9,5.2,7
0.5,0.1,2.0,Pennsylvania,57.0,57,57,57.0,39.1,39.5,41,3.1,6.0,77.9,80.0,83.8,85.5,28.0,28.0,41.2,42.0,47,17.0,19
1.0,0.01,1.0,Iowa,57.0,53,87,53.0,27.7,27.5,35,0.9,5.0,68.8,61.0,80.7,81.0,31.4,28.0,74.6,76.0,87,51.0,57
2.0,0.01,1.0,Iowa,57.0,53,93,53.0,26.1,25.5,33,1.1,5.0,78.3,81.0,88.1,89.0,42.1,28.0,78.3,79.5,83,55.4,60
1.0,0.25,1.0,West Virginia,57.1,46,99,46.0,15.1,15.0,16,0.2,1.0,92.9,75.0,132.6,99.0,158.9,178.0,3.7,4.0,5,2.3,3
0.5,0.05,1.0,Georgia,57.1,49,58,58.0,34.7,35.0,38,0.0,0.0,62.0,62.0,67.4,66.0,73.9,79.0,7.0,7.0,9,7.4,9
0.5,0.1,1.0,Georgia,57.1,49,58,58.0,37.6,37.5,40,0.0,0.0,62.0,62.0,66.0,66.0,68.8,79.0,8.0,8.0,11,8.0,10
1.0,0.05,2.0,Georgia,57.1,49,58,58.0,46.8,47.0,52,0.0,0.0,62.4,62.0,67.5,66.0,68.8,79.0,12.2,12.0,17,12.8,15
2.0,0.1,2.0,Georgia,57.1,49,58,58.0,49.8,50.0,53,0.0,0.0,62.0,62.0,66.0,66.0,68.8,79.0,12.8,13.0,16,15.0,17
0.5,0.1,0.5,Wisconsin,57.1,53,60,57.5,37.3,37.0,45,0.0,0.0,59.7,60.0,60.8,60.0,28.0,28.0,80.3,79.5,92,24.7,29
2.0,0.25,1.0,Michigan,57.1,53,66,57.0,40.3,40.0,43,1.0,3.0,60.5,62.0,63.7,64.0,55.8,65.0,28.2,28.5,32,25.0,27
1.0,0.25,1.0,New York,57.1,53,62,56.5,13.5,13.5,16,0.6,1.0,62.5,60.5,67.1,70.0,28.0,28.0,181.7,180.5,191,35.5,40
2.0,0.01,2.0,Oklahoma,57.3,51,78,53.0,27.1,27.0,32,0.0,0.0,71.5,74.0,80.2,81.0,35.4,28.0,9.2,9.0,14,7.1,13
2.0,0.01,0.5,Illinois,57.3,51,58,58.0,43.5,43.0,46,0.0,0.0,77.5,75.0,96.2,97.5,145.2,154.0,11.1,12.0,17,8.8,11
1.0,0.01,2.0,Illinois,57.3,51,58,58.0,45.6,45.5,49,0.0,0.0,76.4,75.0,102.4,101.0,152.2,172.5,11.7,11.0,17,11.0,13
1.0,0.05,0.5,Nebraska,57.4,44,68,57.5,32.6,32.5,35,0.0,0.0,67.6,68.0,70.8,71.0,125.1,128.0,3.6,3.5,5,3.7,6
2.0,0.01,1.0,Oklahoma,57.4,51,70,53.0,26.2,26.5,29,0.0,0.0,67.5,65.0,86.4,79.5,41.7,28.0,6.8,7.0,8,6.1,9
ALL,ALL,ALL,Arizona,57.45,45,116,49.0,9.088888888888889,9.0,11,0.95,4.0,83.62222222222222,88.0,95.11944444444444,94.0,61.825,28.0,6.7555555555555555,7.0,13,1.711111111111111,4
2.0,0.1,0.5,Pennsylvania,57.5,52,72,57.0,41.2,40.5,47,1.8,4.0,72.4,72.0,80.0,81.0,28.0,28.0,44.6,44.0,50,15.6,21
1.0,0.1,0.5,Wisconsin,57.5,53,60,59.0,36.6,36.5,41,0.0,0.0,60.2,60.0,60.9,60.0,28.0,28.0,91.8,91.0,100,26.5,31
1.0,0.05,1.0,Indiana,57.6,45,63,63.0,56.3,57.0,62,0.3,1.0,72.3,75.5,79.6,81.0,87.0,89.0,29.9,29.5,38,11.0,14
1.0,0.1,2.0,Wisconsin,57.6,53,60,59.0,36.4,35.0,40,0.0,0.0,59.6,60.0,60.4,60.0,28.0,28.0,96.7,96.5,115,27.8,30
1.0,0.1,1.0,Pennsylvania,57.8,52,80,57.0,41.7,42.0,46,1.5,2.0,74.4,72.0,77.9,75.0,28.0,28.0,40.5,42.0,46,15.6,20
1.0,0.25,0.5,Michigan,57.8,53,62,57.0,38.5,38.5,40,0.3,3.0,60.9,60.0,63.1,62.0,67.8,69.0,21.9,23.0,26,24.9,27
2.0,0.1,0.5,Wisconsin,57.8,53,62,59.0,38.2,37.5,46,0.1,1.0,59.2,59.0,60.6,60.0,28.0,28.0,96.0,93.0,112,25.7,29
2.0,0.05,0.5,Wisconsin,57.8,52,60,59.0,36.9,37.5,42,0.0,0.0,59.7,60.0,62.1,62.0,28.0,28.0,90.0,91.0,101,26.9,33
1.0,0.1,2.0,Pennsylvania,57.9,52,71,57.0,41.8,41.0,47,1.7,3.0,72.4,72.0,79.3,82.0,28.0,28.0,43.1,42.0,53,15.6,21
0.5,0.1,2.0,Wisconsin,57.9,53,60,59.0,39.9,40.0,45,0.0,0.0,59.5,60.0,60.9,61.0,28.0,28.0,95.2,94.5,106,23.6,27
0.5,0.25,2.0,Michigan,57.9,53,62,57.0,39.6,39.5,43,0.8,4.0,61.5,62.0,62.9,63.0,57.0,62.0,29.3,29.0,33,24.7,27
ALL,ALL,ALL,Nebraska,57.975,44,110,48.0,34.55833333333333,36.0,54,0.002777777777777778,1.0,69.43333333333334,68.0,75.93611111111112,71.0,120.96857142857142,128.0,4.35,4.0,11,4.208333333333333,9
2.0,0.1,2.0,North Dakota,58.0,52,82,52.0,20.5,20.0,24,0.0,0.0,84.6,82.0,96.0,95.0,31.9,28.0,9.1,10.0,12,2.9,4
0.5,0.1,0.5,Georgia,58.0,58,58,58.0,30.6,30.5,37,0.0,0.0,62.0,62.0,66.0,66.0,68.8,79.0,5.5,5.0,9,4.0,6
1.0,0.05,0.5,Georgia,58.0,58,58,58.0,37.6,37.5,40,0.0,0.0,62.4,62.0,67.4,66.0,70.7,79.0,7.2,7.5,9,10.0,14
1.0,0.1,0.5,Georgia,58.0,58,58,58.0,41.3,41.0,44,0.0,0.0,62.0,62.0,66.0,66.0,73.9,79.0,9.5,9.5,12,10.5,12
2.0,0.05,1.0,Georgia,58.0,58,58,58.0,48.5,49.0,52,0.0,0.0,62.4,62.0,67.4,66.0,68.8,79.0,13.6,14.0,18,12.3,15
1.0,0.05,1.0,Georgia,58.0,58,58,58.0,44.4,43.5,48,0.0,0.0,62.0,62.0,66.0,66.0,48.4,28.0,10.6,11.0,13,12.7,15
1.0,0.1,2.0,Georgia,58.0,58,58,58.0,50.0,49.5,53,0.0,0.0,62.0,62.0,66.0,66.0,63.7,79.0,11.8,12.0,13,13.3,16
2.0,0.1,1.0,Georgia,58.0,58,58,58.0,49.3,49.0,53,0.0,0.0,62.0,62.0,66.0,66.0,73.9,79.0,13.3,13.0,16,14.0,16
2.0,0.1,0.5,Georgia,58.0,58,58,58.0,49.0,49.0,52,0.0,0.0,62.0,62.0,66.0,66.0,81.4,79.0,11.1,11.0,14,14.2,17
1.0,0.25,2.0,Michigan,58.0,53,66,57.0,40.7,41.0,45,0.3,3.0,60.4,60.0,62.5,62.0,62.5,62.0,28.5,28.0,34,24.4,26
2.0,0.1,1.0,Wisconsin,58.0,53,60,59.0,39.1,39.5,43,0.0,0.0,59.0,59.0,60.3,60.0,28.0,28.0,93.4,95.5,99,25.3,33
1.0,0.01,2.0,Wyoming,58.1,53,78,53.0,9.8,10.0,12,0.4,2.0,93.4,80.0,121.0,127.0,103.5,90.0,3.5,3.5,5,0.5,2
0.5,0.01,1.0,Oklahoma,58.1,51,70,56.5,12.6,12.5,16,0.0,0.0,68.6,74.0,80.8,79.5,103.0,118.0,2.8,3.0,4,1.1,2
0.5,0.25,0.5,Michigan,58.1,56,62,57.0,33.5,33.5,36,0.2,2.0,60.8,60.0,62.8,62.0,64.0,62.0,19.0,18.0,23,23.0,26
1.0,0.1,1.0,Wisconsin,58.1,53,60,59.0,38.8,38.5,43,0.1,1.0,60.0,60.0,61.2,61.0,28.0,28.0,93.9,95.5,102,24.5,29
ALL,ALL,ALL,Florida,58.19444444444444,50,143,50.0,10.452777777777778,11.0,16,3.5527777777777776,19.0,75.18333333333334,66.0,88.76388888888889,79.0,41.26111111111111,28.0,37.625,40.0,54,23.558333333333334,30
0.5,0.05,0.5,Arizona,58.2,49,72,49.0,9.1,9.0,10,0.6,2.0,83.5,88.0,94.1,94.0,74.7,83.5,4.7,5.0,6,1.4,3
1.0,0.1,0.5,Kentucky,58.2,55,71,55.0,32.8,33.0,35,0.0,0.0,72.6,71.0,79.2,79.0,28.0,28.0,16.9,16.5,22,9.6,12
0.5,0.25,1.0,Michigan,58.2,55,62,57.0,38.1,38.0,41,1.0,7.0,61.3,62.0,63.2,63.0,65.6,62.0,23.0,23.0,25,24.1,26
1.0,0.01,1.0,Oklahoma,58.3,51,78,54.0,20.2,20.5,23,0.0,0.0,72.2,74.0,85.2,79.5,113.5,95.5,4.1,4.0,9,2.8,5
2.0,0.1,2.0,Oregon,58.3,45,137,45.0,16.5,16.0,19,0.0,0.0,93.2,86.0,126.2,137.0,89.0,89.0,1.7,2.0,3,10.0,11
1.0,0.25,2.0,New York,58.3,53,70,57.5,14.2,14.5,16,0.4,1.0,63.9,61.0,66.9,63.0,28.0,28.0,174.8,174.5,181,34.8,37
0.5,0.05,2.0,Georgia,58.4,58,62,58.0,43.8,43.5,48,0.0,0.0,62.8,62.0,68.8,66.0,65.6,79.0,9.3,9.5,13,9.3,14
2.0,0.05,0.5,Georgia,58.4,58,62,58.0,47.7,47.5,51,0.0,0.0,62.4,62.0,67.4,66.0,48.4,28.0,11.1,12.0,15,12.2,15
2.0,0.05,2.0,Georgia,58.4,49,67,58.0,47.5,47.0,51,0.0,0.0,65.7,62.0,70.5,66.0,71.2,79.0,12.8,12.0,16,13.3,16
2.0,0.05,1.0,Wisconsin,58.4,55,60,59.0,37.7,38.0,42,0.0,0.0,60.1,60.0,62.2,62.0,28.0,28.0,86.0,86.0,100,25.7,32
2.0,0.25,2.0,New York,58.5,53,62,60.0,13.5,13.5,17,0.9,3.0,64.5,62.0,67.0,66.0,28.0,28.0,176.8,174.5,187,35.5,39
2.0,0.01,1.0,Illinois,58.6,58,64,58.0,45.4,46.0,48,0.0,0.0,81.8,75.0,101.3,99.5,135.5,153.5,13.3,12.0,18,10.3,12
2.0,0.05,2.0,Wisconsin,58.6,53,60,60.0,38.8,39.5,42,0.0,0.0,59.7,60.0,61.7,62.0,28.0,28.0,85.3,84.5,96,25.1,29
0.5,0.05,0.5,Wisconsin,58.6,53,60,59.0,35.1,35.0,38,0.1,1.0,60.0,60.0,61.9,62.0,28.0,28.0,76.6,74.5,86,25.3,29
0.5,0.1,0.5,North Dakota,58.7,52,82,52.0,8.7,9.0,9,0.0,0.0,84.6,82.0,96.5,95.0,31.9,28.0,5.0,5.0,7,0.0,0
0.5,0.1,1.0,North Dakota,58.7,52,82,52.0,12.9,13.0,15,0.0,0.0,80.0,82.0,93.4,95.0,28.0,28.0,5.5,5.5,8,0.2,2
1.0,0.1,1.0,North Dakota,58.7,52,82,52.0,16.6,17.0,18,0.0,0.0,84.6,82.0,97.0,95.0,78.8,28.0,6.6,6.5,9,2.1,3
1.0,0.05,1.0,Wisconsin,58.7,56,60,59.0,39.1,38.5,45,0.0,0.0,60.9,61.0,62.5,62.5,28.0,28.0,90.4,91.5,97,23.6,27
2.0,0.05,0.5,North Carolina,58.8,51,90,51.0,27.3,27.5,30,0.0,0.0,91.8,95.0,99.1,100.5,149.4,155.0,10.0,9.5,14,3.1,5
1.0,0.05,0.5,Wisconsin,58.8,53,60,59.0,37.2,37.0,43,0.0,0.0,60.2,60.0,61.7,61.5,28.0,28.0,89.3,88.5,98,25.5,31
0.5,0.05,1.0,Wisconsin,58.8,53,60,59.0,35.9,36.0,42,0.0,0.0,60.1,60.0,61.8,62.0,28.0,28.0,87.1,86.5,99,26.3,33
0.5,0.25,1.0,Mississippi,59.0,59,59,59.0,10.0,10.0,11,0.0,0.0,92.0,92.0,108.0,108.0,274.0,274.0,1.0,1.0,1,0.0,0
1.0,0.25,0.5,Mississippi,59.0,59,59,59.0,9.8,10.0,12,0.0,0.0,92.0,92.0,108.0,108.0,274.0,274.0,1.0,1.0,1,0.0,0
0.5,0.25,0.5,Mississippi,59.0,59,59,59.0,7.4,7.0,8,0.0,0.0,92.0,92.0,108.0,108.0,,,0.0,0.0,0,0.0,0
1.0,0.25,1.0,Mississippi,59.0,59,59,59.0,12.9,13.0,14,0.0,0.0,92.0,92.0,108.9,108.0,274.0,274.0,1.0,1.0,1,0.0,0
1.0,0.1,0.5,Mississippi,59.0,59,59,59.0,9.3,9.5,10,0.0,0.0,92.0,92.0,110.7,108.0,274.0,274.0,1.0,1.0,1,0.0,0
2.0,0.25,2.0,Mississippi,59.0,59,59,59.0,15.4,15.5,16,0.0,0.0,92.0,92.0,108.0,108.0,288.0,274.0,1.6666666666666667,1.5,3,0.2,1
0.5,0.01,1.0,Illinois,59.0,51,75,58.0,35.1,34.5,39,0.0,0.0,78.5,75.0,101.3,103.5,168.8,166.5,6.5,6.5,12,6.3,8
1.0,0.01,0.5,Illinois,59.0,51,75,58.0,37.4,37.0,41,0.0,0.0,79.3,75.0,100.0,102.5,139.0,144.0,7.4,7.0,11,7.0,9
2.0,0.01,2.0,Illinois,59.0,51,75,58.0,47.2,48.0,53,0.0,0.0,77.9,75.0,103.5,106.0,160.6,177.5,12.3,12.5,18,11.0,17
0.5,0.25,1.0,Ohio,59.2,59,61,59.0,60.1,60.5,64,0.0,0.0,61.2,61.0,63.8,63.0,71.3,70.0,16.0,16.0,20,7.9,10
2.0,0.25,0.5,Ohio,59.2,59,61,59.0,65.6,65.5,69,0.0,0.0,61.2,61.0,63.0,63.0,71.9,71.0,20.6,21.0,24,8.3,11
2.0,0.25,1.0,Ohio,59.2,59,61,59.0,66.4,66.5,69,0.0,0.0,61.4,61.0,63.3,63.0,70.2,70.0,21.9,21.0,28,8.8,11
2.0,0.1,2.0,Pennsylvania,59.3,52,75,57.0,42.5,42.5,47,1.3,3.0,71.2,72.0,79.3,82.0,35.4,28.0,38.9,38.5,49,14.8,20
0.5,0.1,1.0,Ohio,59.4,59,61,59.0,59.1,59.0,64,0.0,0.0,62.2,63.0,66.4,68.0,71.4,70.0,14.6,15.0,18,7.1,9
0.5,0.25,0.5,Ohio,59.4,59,61,59.0,54.5,54.0,56,0.0,0.0,61.8,61.0,64.9,63.0,69.9,71.0,13.8,14.0,17,8.4,10
2.0,0.25,2.0,Ohio,59.4,59,61,59.0,66.5,67.0,69,0.0,0.0,61.4,61.0,63.5,63.0,74.1,76.0,19.7,19.5,24,8.6,12
1.0,0.25,1.0,Ohio,59.4,59,61,59.0,64.7,63.5,70,0.0,0.0,61.4,61.0,63.5,63.0,71.9,70.0,19.7,20.0,23,8.7,11
2.0,0.01,0.5,South Dakota,59.6,51,82,54.0,37.5,38.5,43,0.1,1.0,76.2,68.0,85.9,88.0,72.9,73.0,11.9,12.5,15,5.6,9
1.0,0.25,0.5,Ohio,59.6,59,61,59.0,62.8,63.0,66,0.0,0.0,61.6,61.0,64.8,63.0,70.9,70.0,16.9,16.5,21,7.9,10
0.5,0.25,2.0,Ohio,59.6,59,61,59.0,64.2,64.0,67,0.0,0.0,61.8,61.0,65.2,63.0,74.2,71.0,19.3,20.0,23,8.9,10
1.0,0.05,2.0,Wisconsin,59.6,59,60,60.0,40.0,40.0,43,0.0,0.0,60.6,60.0,63.1,62.0,28.0,28.0,85.1,83.0,98,23.4,28
1.0,0.01,1.0,Illinois,59.7,58,75,58.0,42.0,42.5,47,0.0,0.0,85.8,75.0,102.2,100.0,155.3,144.5,9.8,9.5,15,8.0,11
0.5,0.1,1.0,Michigan,59.7,53,66,58.5,38.5,38.0,43,1.0,4.0,64.2,66.0,66.4,67.0,71.7,71.0,20.5,20.5,25,22.0,25
2.0,0.25,0.5,New York,59.7,53,70,60.0,13.3,13.0,16,0.8,3.0,64.9,63.0,68.4,70.0,28.0,28.0,175.5,174.0,185,35.6,38
0.5,0.1,0.5,Kentucky,59.8,55,71,55.0,22.9,22.5,26,0.0,0.0,73.4,71.0,79.3,79.0,28.0,28.0,9.7,10.0,11,4.3,6
1.0,0.25,2.0,Ohio,59.8,59,61,59.0,66.4,66.0,69,0.0,0.0,61.8,61.0,64.1,63.0,72.9,71.0,19.9,20.0,22,8.3,10
2.0,0.1,1.0,Kentucky,59.8,55,71,55.0,47.0,47.0,49,0.0,0.0,73.4,71.0,79.2,79.0,36.6,28.0,20.8,20.5,24,10.1,11
2.0,0.05,0.5,Kentucky,59.8,55,71,55.0,38.2,37.5,44,0.0,0.0,73.4,71.0,79.3,79.0,36.9,28.0,17.9,18.0,22,11.5,14
0.5,0.1,2.0,Kentucky,59.8,55,71,55.0,37.9,38.0,41,0.0,0.0,73.4,71.0,79.3,79.0,28.0,28.0,18.4,18.5,21,12.1,14
0.5,0.05,2.0,Wisconsin,59.8,59,62,60.0,39.2,39.5,42,0.1,1.0,60.8,60.0,62.3,62.0,31.5,28.0,90.3,89.5,107,23.6,29
0.5,0.25,0.5,New York,59.9,53,70,62.0,13.1,13.0,16,0.3,1.0,65.3,63.0,68.8,70.0,28.0,28.0,152.8,151.5,160,35.1,38
0.5,0.1,2.0,Ohio,60.0,59,63,59.0,62.5,62.5,66,0.0,0.0,62.4,63.0,69.4,71.0,69.2,70.0,18.2,18.5,23,8.1,10
0.5,0.1,0.5,Pennsylvania,60.0,52,72,57.0,35.6,36.0,40,1.7,6.0,76.1,75.0,83.3,82.0,28.0,28.0,35.5,35.0,41,14.8,20
0.5,0.25,1.0,New York,60.0,53,70,62.0,12.7,12.0,16,0.4,1.0,66.6,67.0,69.1,72.0,28.0,28.0,178.9,179.0,189,36.3,39
1.0,0.01,1.0,Wyoming,60.1,53,124,53.0,9.1,9.0,10,0.3,1.0,86.7,75.0,146.7,166.0,112.8,98.0,3.1,3.0,6,0.3,1
2.0,0.1,2.0,Michigan,60.1,57,66,58.5,39.9,39.0,45,1.7,4.0,65.7,66.0,68.2,68.0,73.0,71.0,23.1,23.0,26,24.3,28
2.0,0.01,2.0,Iowa,60.1,50,77,53.0,25.9,25.5,35,0.4,1.0,75.4,79.5,85.4,89.0,37.0,28.0,90.8,88.5,112,56.8,60
1.0,0.1,0.5,Ohio,60.2,59,63,60.0,61.7,62.0,64,0.0,0.0,64.2,63.0,70.1,69.5,72.2,70.0,14.7,14.0,20,6.6,8
0.5,0.01,2.0,Iowa,60.2,53,91,53.0,27.8,26.5,32,1.6,8.0,75.9,73.5,84.6,83.5,46.9,28.0,69.7,67.5,83,50.2,55
ALL,ALL,ALL,Wisconsin,60.25833333333333,52,107,59.0,36.65833333333333,37.0,46,0.09722222222222222,2.0,64.2,60.0,67.39444444444445,61.5,36.18333333333333,28.0,85.68888888888888,88.0,115,26.169444444444444,34
1.0,0.05,2.0,Nebraska,60.4,48,71,67.0,37.7,38.0,41,0.0,0.0,69.4,68.0,71.2,72.0,123.3,128.0,5.3,5.0,8,4.1,6
0.5,0.1,0.5,Ohio,60.4,59,63,60.0,52.2,52.0,55,0.0,0.0,64.2,63.0,68.3,69.5,70.0,70.0,12.9,13.0,17,7.2,9
2.0,0.1,1.0,Ohio,60.4,59,63,60.0,65.0,64.0,69,0.0,0.0,65.1,63.0,71.3,71.5,74.2,70.0,19.4,18.5,24,7.6,10
0.5,0.01,2.0,Indiana,60.4,45,73,63.0,45.3,46.0,48,0.0,0.0,87.7,91.0,99.2,100.5,95.6,108.0,18.1,18.0,23,8.7,12
1.0,0.1,1.0,Michigan,60.4,56,68,59.5,38.1,38.5,42,0.9,4.0,65.6,66.0,67.4,67.0,68.4,72.0,25.2,26.0,28,25.9,30
1.0,0.05,2.0,Arizona,60.5,49,72,60.5,9.6,9.5,11,0.5,2.0,85.7,89.0,94.0,94.0,71.7,89.0,6.4,6.0,9,1.4,3
1.0,0.05,1.0,Arizona,60.5,49,72,60.5,9.6,10.0,11,0.3,2.0,83.9,88.0,94.4,95.5,80.6,91.0,6.7,7.0,9,1.4,3
0.5,0.05,2.0,Arizona,60.5,49,72,60.5,9.6,10.0,11,0.5,2.0,85.0,90.0,93.7,94.0,77.3,80.0,7.7,8.0,10,1.4,3
0.5,0.01,0.5,Iowa,60.6,53,98,53.0,21.9,22.0,27,1.4,7.0,71.8,62.0,81.2,76.0,49.8,45.0,56.7,57.0,67,42.2,48
1.0,0.1,0.5,Michigan,60.7,56,66,61.0,38.9,39.0,42,0.5,3.0,64.7,66.0,67.5,68.0,73.3,72.0,21.2,20.5,26,23.2,29
2.0,0.1,0.5,Ohio,60.8,59,63,61.0,63.9,65.0,68,0.0,0.0,64.2,63.0,70.2,71.0,71.4,70.0,18.9,19.5,21,8.5,11
2.0,0.01,0.5,Arizona,60.9,49,98,49.0,9.2,9.0,10,0.4,2.0,90.3,95.0,109.6,111.0,95.1,83.0,9.0,10.0,12,1.4,3
0.5,0.25,2.0,New York,60.9,53,76,60.0,13.3,13.5,16,1.3,6.0,66.5,62.0,69.9,70.0,28.0,28.0,181.6,183.5,188,35.7,40
1.0,0.05,1.0,Nebraska,61.1,44,69,67.5,34.3,34.0,37,0.0,0.0,65.1,68.5,69.7,71.0,123.3,128.0,3.9,4.0,5,3.9,5
1.0,0.05,0.5,Oregon,61.1,45,124,45.0,13.1,13.5,14,0.0,0.0,130.4,137.0,170.4,183.0,124.71428571428571,89.0,1.0,1.0,3,6.9,9
2.0,0.1,0.5,Michigan,61.1,57,66,62.0,40.5,40.5,46,0.6,3.0,65.1,66.0,66.9,67.0,65.8,76.0,23.9,24.0,30,23.5,26
0.5,0.01,0.5,Illinois,61.4,58,75,58.0,26.5,26.5,32,0.0,0.0,88.3,75.0,106.3,106.0,175.33333333333334,191.0,3.5,3.0,6,5.5,9
0.5,0.01,2.0,Illinois,61.4,58,75,58.0,40.4,40.0,47,0.0,0.0,84.3,75.0,104.4,103.5,169.5,173.0,10.2,9.0,15,7.7,11
2.0,0.1,2.0,Ohio,61.4,59,71,60.0,65.7,65.5,70,0.0,0.0,67.2,63.0,70.6,71.0,74.0,70.0,16.9,17.0,19,7.8,10
1.0,0.1,1.0,Ohio,61.4,59,63,61.0,62.9,62.0,67,0.0,0.0,65.8,64.5,71.2,71.0,71.2,70.0,17.6,18.0,21,7.8,9
1.0,0.1,2.0,Ohio,61.4,59,63,61.0,64.4,64.5,67,0.0,0.0,65.9,63.0,71.1,71.0,70.7,70.0,19.1,18.5,23,8.7,12
1.0,0.1,1.0,Kentucky,61.4,55,71,55.0,42.7,41.5,48,0.0,0.0,74.2,71.0,79.1,79.0,36.6,28.0,18.2,17.5,24,9.7,13
2.0,0.1,1.0,Michigan,61.4,55,66,62.0,39.6,40.0,42,0.2,1.0,64.6,66.0,66.3,66.0,72.3,73.5,26.9,26.5,33,24.7,28
0.5,0.01,1.0,Iowa,61.4,53,93,53.0,23.6,21.5,30,3.0,18.0,80.8,87.0,85.3,89.0,43.0,28.0,63.3,63.0,76,48.1,52
0.5,0.25,2.0,Washington,61.5,60,67,60.0,15.4,15.0,18,0.1,1.0,75.0,76.0,77.9,78.0,28.0,28.0,28.3,30.0,31,8.0,12
0.5,0.1,1.0,Pennsylvania,61.5,52,75,57.0,40.2,39.5,48,1.1,4.0,71.2,72.0,78.8,81.0,48.1,28.0,39.0,40.5,45,15.0,22
1.0,0.25,0.5,New York,61.5,53,70,61.0,12.1,12.0,14,0.5,1.0,65.4,62.0,68.8,70.0,28.0,28.0,173.8,173.0,184,36.7,40
2.0,0.01,2.0,South Dakota,61.6,51,94,54.0,38.8,39.0,42,0.0,0.0,73.1,68.0,85.8,87.5,71.0,73.0,13.6,14.5,16,5.4,8
2.0,0.1,1.0,North Dakota,61.7,52,82,52.0,20.3,20.0,22,0.0,0.0,84.1,82.0,95.4,95.0,47.6,28.0,9.7,10.0,13,2.8,5
0.5,0.05,0.5,Georgia,61.8,58,96,58.0,25.0,25.5,27,0.0,0.0,65.5,62.0,70.8,66.0,58.6,79.0,4.9,5.0,8,5.0,10
2.0,0.05,0.5,Ohio,62.0,59,71,61.0,63.6,64.0,66,0.0,0.0,69.3,71.0,75.4,74.5,73.6,70.0,17.0,16.5,22,6.8,10
2.0,0.05,1.0,North Carolina,62.1,51,90,51.0,29.0,29.0,31,0.0,0.0,91.8,95.0,99.5,102.0,139.8,140.0,11.5,11.5,14,4.6,6
1.0,0.25,2.0,Mississippi,62.3,59,92,59.0,13.4,13.0,14,0.0,0.0,93.6,92.0,108.9,108.0,274.0,274.0,1.0,1.0,1,0.0,0
0.5,0.1,1.0,Mississippi,62.3,59,92,59.0,7.4,7.0,9,0.0,0.0,99.3,92.0,116.4,112.5,274.0,274.0,1.0,1.0,1,0.0,0
0.5,0.1,2.0,Mississippi,62.3,59,92,59.0,10.8,10.5,12,0.0,0.0,97.7,92.0,113.5,108.0,274.0,274.0,1.0,1.0,1,0.0,0
2.0,0.25,1.0,Mississippi,62.3,59,92,59.0,14.8,15.0,16,0.0,0.0,93.6,92.0,108.9,108.0,274.0,274.0,0.8,1.0,1,0.2,1
2.0,0.25,0.5,Mississippi,62.3,59,92,59.0,13.3,13.5,14,0.0,0.0,93.6,92.0,108.9,108.0,305.0,305.0,0.5,0.0,2,0.5,1
0.5,0.05,1.0,Ohio,62.4,59,71,62.0,57.0,56.0,62,0.0,0.0,67.9,71.0,77.8,79.0,62.8,70.0,12.9,12.0,18,5.7,8
2.0,0.05,0.5,Oregon,62.4,45,137,45.0,16.6,16.5,19,0.0,0.0,122.9,111.5,155.2,160.0,131.375,89.0,2.0,2.0,5,9.0,10
2.0,0.05,0.5,Michigan,62.4,53,71,64.0,41.5,42.5,46,0.8,4.0,68.8,68.0,70.8,69.5,69.5,73.5,21.7,22.0,27,21.6,27
1.0,0.1,2.0,Michigan,62.4,57,66,62.0,41.4,40.0,47,0.7,3.0,65.6,66.0,67.6,68.0,72.7,72.0,25.7,25.5,33,23.1,27
1.0,0.25,0.5,Washington,62.5,60,85,60.0,13.7,14.0,15,0.1,1.0,74.1,69.5,77.3,76.0,28.0,28.0,28.3,28.5,31,7.4,9
1.0,0.05,0.5,Michigan,62.5,53,68,64.0,38.7,40.5,42,0.4,3.0,67.1,68.0,70.5,70.0,78.4,78.5,19.4,19.5,25,21.3,26
0.5,0.05,0.5,Ohio,62.6,61,63,63.0,50.5,50.5,52,0.0,0.0,69.9,71.0,78.5,81.5,71.2,70.0,10.7,10.5,13,4.8,8
1.0,0.05,1.0,Ohio,62.6,61,63,63.0,63.5,63.5,66,0.0,0.0,69.4,71.0,78.8,83.0,70.0,70.0,17.8,18.0,23,6.2,8
2.0,0.05,2.0,Pennsylvania,62.7,52,84,57.0,43.8,44.5,50,2.8,10.0,87.4,88.0,91.3,93.0,35.4,28.0,37.6,37.0,45,12.7,20
0.5,0.01,1.0,South Dakota,62.8,51,106,55.5,26.8,26.5,30,0.0,0.0,74.5,68.0,81.8,74.5,84.0,73.0,6.5,5.5,10,2.1,4
0.5,0.05,1.0,Oregon,62.8,45,182,45.0,12.4,13.0,14,0.0,0.0,124.9,130.5,170.5,183.0,89.0,89.0,0.7,0.5,3,6.1,8
2.0,0.01,0.5,Missouri,63.0,63,63,63.0,46.5,47.5,53,0.0,0.0,72.5,72.5,92.8,96.0,50.9,28.0,7.7,7.5,12,5.0,8
0.5,0.05,0.5,Missouri,63.0,63,63,63.0,46.8,47.0,49,0.0,0.0,64.6,65.0,68.6,68.0,62.4,71.0,8.8,8.0,15,5.1,8
0.5,0.05,1.0,Missouri,63.0,63,63,63.0,53.4,53.0,58,0.0,0.0,64.4,65.0,69.2,68.0,40.9,28.0,10.4,10.0,13,5.3,7
0.5,0.1,0.5,Missouri,63.0,63,63,63.0,51.4,51.0,55,0.0,0.0,64.2,65.0,66.8,68.0,68.5,71.0,10.7,11.0,15,5.5,8
1.0,0.05,0.5,Missouri,63.0,63,63,63.0,58.7,59.5,62,0.0,0.0,64.2,65.0,69.2,68.0,62.8,71.0,11.9,12.0,14,5.6,9
1.0,0.01,2.0,Missouri,63.0,63,63,63.0,48.2,48.0,55,0.0,0.0,78.5,80.0,96.3,99.5,28.0,28.0,8.3,8.0,13,6.4,9
2.0,0.01,1.0,Missouri,63.0,63,63,63.0,48.6,48.5,53,0.0,0.0,69.9,65.0,91.8,88.0,39.5,28.0,8.1,8.0,11,7.0,11
0.5,0.25,0.5,Missouri,63.0,63,63,63.0,56.9,57.0,61,0.0,0.0,63.6,63.0,65.9,65.0,42.1,28.0,11.1,11.0,13,7.4,9
0.5,0.05,2.0,Missouri,63.0,63,63,63.0,62.5,63.0,66,0.0,0.0,64.4,65.0,69.5,68.0,45.2,28.0,14.7,14.5,18,8.0,11
1.0,0.05,1.0,Missouri,63.0,63,63,63.0,62.5,63.0,69,0.0,0.0,64.4,65.0,68.6,68.0,58.1,71.0,14.6,15.0,18,8.3,13
1.0,0.1,0.5,Missouri,63.0,63,63,63.0,63.0,62.0,66,0.0,0.0,64.2,65.0,68.3,68.0,81.7,73.0,10.5,11.0,17,8.4,11
0.5,0.1,1.0,Missouri,63.0,63,63,63.0,58.6,59.5,62,0.0,0.0,64.2,65.0,66.8,68.0,39.3,28.0,10.8,10.5,15,8.4,10
1.0,0.05,2.0,Missouri,63.0,63,63,63.0,67.5,67.0,72,0.0,0.0,64.4,65.0,70.8,68.0,58.5,71.0,16.0,16.0,20,8.5,11
1.0,0.1,1.0,Missouri,63.0,63,63,63.0,66.8,67.0,71,0.0,0.0,64.2,65.0,66.8,68.0,76.2,71.0,14.7,14.0,20,9.2,11
2.0,0.05,0.5,Missouri,63.0,63,63,63.0,64.2,64.0,67,0.0,0.0,64.4,65.0,68.3,68.0,70.0,71.0,14.9,15.5,18,9.5,11
2.0,0.1,0.5,Missouri,63.0,63,63,63.0,68.4,68.5,72,0.0,0.0,63.8,63.0,66.2,65.0,75.8,71.0,16.5,17.0,19,9.7,13
2.0,0.05,1.0,Missouri,63.0,63,63,63.0,67.6,67.5,72,0.0,0.0,64.6,65.0,72.2,68.0,65.7,71.0,16.5,17.0,22,9.9,12
0.5,0.1,2.0,Missouri,63.0,63,63,63.0,66.7,66.5,71,0.0,0.0,64.6,65.0,67.4,68.0,74.6,71.0,14.6,13.5,20,9.9,12
1.0,0.25,0.5,Missouri,63.0,63,63,63.0,67.2,67.5,72,0.0,0.0,63.2,63.0,65.3,65.0,76.6,75.0,13.0,13.0,15,10.2,13
0.5,0.25,1.0,Missouri,63.0,63,63,63.0,61.4,61.5,65,0.0,0.0,63.2,63.0,65.3,65.0,35.3,28.0,13.1,12.5,19,10.4,15
2.0,0.05,2.0,Missouri,63.0,63,63,63.0,70.0,70.5,73,0.0,0.0,64.8,65.0,68.3,68.0,62.4,71.0,18.2,18.0,22,10.7,14
2.0,0.1,2.0,Kentucky,63.0,55,71,63.0,46.0,45.5,49,0.0,0.0,75.0,75.0,79.7,79.0,39.7,28.0,19.1,19.0,26,11.3,14
0.5,0.05,2.0,Kentucky,63.0,55,71,63.0,37.2,36.5,40,0.0,0.0,75.1,75.0,79.9,80.0,36.9,28.0,15.9,16.0,22,11.5,14
1.0,0.25,1.0,Missouri,63.0,63,63,63.0,71.1,71.0,75,0.0,0.0,63.2,63.0,65.3,65.0,76.6,75.0,18.0,18.0,23,11.7,16
2.0,0.25,0.5,Missouri,63.0,63,63,63.0,72.0,72.0,74,0.0,0.0,63.8,63.0,66.2,65.0,81.2,75.0,18.8,17.5,24,11.7,14
1.0,0.25,2.0,Missouri,63.0,63,63,63.0,74.4,74.5,76,0.0,0.0,63.4,63.0,65.6,65.0,72.9,73.0,19.4,19.0,25,11.8,14
1.0,0.1,2.0,Missouri,63.0,63,63,63.0,70.5,71.0,74,0.0,0.0,64.0,64.0,67.6,66.5,75.8,71.0,18.2,18.0,23,11.8,15
2.0,0.1,2.0,Missouri,63.0,63,63,63.0,73.1,73.5,76,0.0,0.0,63.8,63.0,67.0,65.0,84.1,79.5,18.5,19.0,24,12.3,14
0.5,0.25,2.0,Missouri,63.0,63,63,63.0,69.1,69.0,71,0.0,0.0,63.6,63.0,65.9,65.0,74.6,75.0,18.4,19.0,23,13.0,15
2.0,0.1,1.0,Missouri,63.0,63,63,63.0,69.3,70.0,72,0.0,0.0,63.8,63.0,66.5,65.0,82.9,77.0,17.3,16.5,23,13.2,16
2.0,0.25,1.0,Missouri,63.0,63,63,63.0,74.7,74.0,79,0.0,0.0,63.2,63.0,65.3,65.0,79.4,79.0,19.8,19.0,24,13.3,18
2.0,0.25,2.0,Missouri,63.0,63,63,63.0,74.2,74.5,76,0.0,0.0,63.0,63.0,65.0,65.0,77.9,79.0,20.9,20.0,25,15.5,18
0.5,0.1,0.5,Michigan,63.0,57,66,64.0,33.4,33.0,36,0.5,3.0,66.8,66.0,68.4,68.0,74.3,72.0,15.0,15.0,20,21.6,24
0.5,0.01,2.0,Missouri,63.2,63,65,63.0,39.5,39.0,44,0.0,0.0,71.0,65.0,97.1,99.0,78.4,71.0,6.5,5.0,13,5.0,11
2.0,0.05,2.0,Ohio,63.2,59,71,63.0,65.0,65.0,70,0.0,0.0,69.1,71.0,75.2,76.5,71.9,70.0,16.1,16.5,22,6.1,9
0.5,0.01,1.0,Wyoming,63.4,53,79,55.0,4.7,5.0,7,0.3,1.0,97.7,85.0,137.8,130.0,102.55555555555556,98.0,2.2222222222222223,2.0,4,0.3,1
2.0,0.25,2.0,Washington,63.4,60,86,60.0,17.1,17.0,19,0.1,1.0,72.3,66.5,82.2,86.0,35.2,28.0,25.4,26.0,30,8.7,11
2.0,0.05,2.0,Oregon,63.4,45,137,45.0,16.7,16.5,19,0.0,0.0,130.2,137.0,169.3,183.0,286.375,240.5,1.6,1.5,4,9.1,10
0.5,0.05,0.5,Nebraska,63.5,44,68,68.0,20.9,21.0,23,0.0,0.0,68.6,70.0,71.6,72.0,125.7,128.0,2.2,2.0,4,2.9,4
ALL,ALL,ALL,Missouri,63.65555555555556,63,110,63.0,58.952777777777776,63.0,79,0.002777777777777778,1.0,66.79166666666667,65.0,74.06388888888888,68.0,65.03333333333333,71.0,13.022222222222222,13.0,25,8.511111111111111,18
0.5,0.05,1.0,Michigan,63.8,57,68,66.0,37.8,37.0,42,0.7,3.0,68.4,67.0,72.0,70.0,76.9,75.5,19.0,19.0,22,19.8,25
2.0,0.25,1.0,New York,63.8,53,76,63.0,13.5,13.0,15,0.7,3.0,67.5,66.0,70.9,70.5,28.0,28.0,177.2,178.0,185,35.5,37
0.5,0.1,1.0,New York,63.8,53,70,64.0,11.6,11.0,15,0.3,2.0,72.8,74.0,77.3,76.0,28.0,28.0,173.9,173.5,190,37.1,39
0.5,0.25,1.0,Washington,63.9,60,86,60.0,13.6,13.5,16,0.2,1.0,75.0,74.0,80.4,86.0,28.0,28.0,24.0,25.0,28,7.1,9
0.5,0.01,2.0,Wyoming,64.0,53,90,53.0,7.0,7.0,9,0.4,2.0,111.7,86.0,149.8,178.0,103.9,98.0,3.0,3.0,6,0.6,2
0.5,0.1,2.0,North Dakota,64.0,52,82,52.0,17.8,18.0,19,0.0,0.0,85.4,82.0,96.1,95.0,44.8,28.0,7.3,7.5,9,1.2,2
0.5,0.25,1.0,Connecticut,64.0,64,64,64.0,5.7,6.0,6,1.0,1.0,105.8,111.0,120.0,118.0,93.2,94.0,8.0,8.0,10,1.3,3
2.0,0.1,0.5,North Dakota,64.0,52,82,52.0,19.5,20.0,21,0.0,0.0,87.2,82.0,97.0,95.0,43.7,28.0,9.1,10.0,11,1.7,3
1.0,0.1,2.0,North Dakota,64.0,52,82,52.0,20.0,20.0,21,0.0,0.0,87.7,82.0,97.4,95.0,31.9,28.0,9.4,9.5,12,1.9,3
2.0,0.05,0.5,North Dakota,64.0,52,82,52.0,17.6,18.0,20,0.0,0.0,87.2,82.0,98.5,100.0,53.2,47.5,7.4,7.0,9,2.1,4
1.0,0.05,2.0,Ohio,64.0,59,71,63.0,64.7,65.0,67,0.0,0.0,70.0,71.0,77.0,78.0,73.9,70.0,17.0,17.0,20,6.4,10
1.0,0.25,1.0,Montana,64.0,41,87,64.0,15.3,15.0,17,0.0,0.0,94.0,91.0,107.3,105.0,130.2,135.0,2.3,2.0,4,7.8,9
2.0,0.1,1.0,Montana,64.0,41,87,64.0,14.8,15.0,16,0.0,0.0,95.0,91.0,111.0,105.0,117.5,135.0,3.3,3.5,6,7.9,9
1.0,0.01,2.0,Indiana,64.0,63,73,63.0,47.9,48.5,52,0.0,0.0,92.1,92.0,97.7,96.0,112.7,117.5,20.9,20.5,27,10.4,17
0.5,0.05,2.0,Michigan,64.0,56,68,66.0,39.1,39.5,42,0.3,2.0,67.0,68.0,72.5,73.0,78.6,78.0,22.8,23.0,26,23.0,26
1.0,0.01,0.5,Iowa,64.0,53,93,53.0,26.3,26.5,30,0.4,2.0,77.7,76.5,84.4,82.0,51.8,28.0,63.1,63.0,71,47.1,52
2.0,0.01,1.0,South Dakota,64.3,51,76,68.0,38.4,39.0,40,0.0,0.0,78.3,76.5,90.6,96.5,75.5,73.0,13.6,13.5,17,4.9,8
2.0,0.05,1.0,Ohio,64.4,59,71,63.0,63.2,63.5,66,0.1,1.0,76.2,76.0,83.5,84.0,79.0,82.0,16.6,16.0,25,7.6,9
2.0,0.01,2.0,Vermont,64.5,54,159,54.0,10.7,11.0,13,0.5,2.0,123.6,127.5,153.8,149.0,65.3,28.0,9.5,10.0,12,2.4,5
2.0,0.05,2.0,Kentucky,64.6,55,71,71.0,42.6,42.5,46,0.0,0.0,75.8,79.0,79.6,80.0,63.7,28.0,19.2,19.5,24,11.1,13
ALL,ALL,ALL,North Carolina,64.69444444444444,51,150,51.0,24.566666666666666,27.0,37,0.0,0.0,97.28888888888889,90.0,105.38888888888889,95.0,154.95702005730658,125.0,7.833333333333333,8.0,19,3.3194444444444446,10
0.5,0.01,1.0,Missouri,64.7,63,80,63.0,30.1,30.0,38,0.0,0.0,74.7,65.0,93.2,87.5,81.2,71.0,4.6,4.5,9,1.4,3
1.0,0.05,0.5,Ohio,64.7,59,71,62.0,59.6,60.0,64,0.0,0.0,70.6,71.0,77.4,80.5,76.0,76.0,13.6,13.5,18,5.5,9
0.5,0.05,2.0,Ohio,64.8,59,71,63.0,62.7,62.5,67,0.0,0.0,72.9,71.0,79.4,81.5,73.6,70.0,16.6,17.0,20,6.0,10
0.5,0.05,2.0,Pennsylvania,64.9,57,86,57.0,42.8,43.0,45,1.4,3.0,80.4,81.0,86.0,87.0,28.0,28.0,38.6,38.0,44,12.4,15
0.5,0.1,2.0,Michigan,64.9,57,68,66.0,41.3,41.0,43,0.3,3.0,67.0,68.0,69.0,69.5,73.4,72.0,23.1,23.0,27,21.5,24
0.5,0.05,0.5,Pennsylvania,65.0,52,92,57.0,36.1,36.5,41,1.4,3.0,78.7,78.0,87.8,90.0,47.7,28.0,32.1,33.0,38,12.5,18
1.0,0.05,0.5,Pennsylvania,65.0,52,92,57.0,41.6,40.0,48,2.0,5.0,83.0,83.0,88.5,89.0,34.7,28.0,36.7,37.5,43,12.6,16
ALL,ALL,ALL,Kentucky,65.08888888888889,55,156,55.0,35.87777777777778,36.0,55,0.0,0.0,84.225,71.0,93.17222222222222,79.0,63.272222222222226,28.0,15.561111111111112,16.0,28,8.877777777777778,15
0.5,0.25,0.5,Washington,65.1,60,85,60.0,11.4,11.5,13,0.2,1.0,75.7,74.0,80.0,86.0,28.0,28.0,20.8,21.5,25,6.0,8
1.0,0.01,1.0,Wisconsin,65.1,56,83,62.0,33.4,32.5,42,0.4,2.0,77.2,69.5,87.1,94.0,52.7,46.0,77.8,77.0,85,27.9,32
2.0,0.05,2.0,Michigan,65.2,57,68,67.0,40.8,40.5,48,0.7,4.0,68.7,68.5,71.9,70.0,78.3,78.5,24.9,24.5,32,22.4,28
ALL,ALL,ALL,Michigan,65.26388888888889,53,87,66.0,38.3,39.0,49,0.48055555555555557,7.0,70.03333333333333,68.0,74.39722222222223,70.0,76.80833333333334,75.0,21.808333333333334,22.0,36,21.233333333333334,30
0.5,0.25,2.0,West Virginia,65.3,46,99,60.5,15.7,15.5,17,0.3,1.0,103.6,87.0,142.0,140.5,163.0,178.0,5.7,6.0,7,2.1,3
1.0,0.25,2.0,Washington,65.3,60,85,60.5,17.0,17.5,19,0.2,1.0,77.4,79.5,81.3,87.0,28.0,28.0,26.6,27.5,29,9.4,13
0.5,0.05,0.5,Michigan,65.3,57,70,66.0,33.0,33.0,36,0.3,3.0,68.6,68.5,72.1,70.5,79.8,84.0,13.0,13.5,18,18.8,21
0.5,0.1,1.0,Montana,65.4,41,87,71.0,12.5,12.5,15,0.0,0.0,94.2,87.0,112.0,105.0,119.3,123.0,2.5,2.0,4,6.1,7
1.0,0.1,2.0,Mississippi,65.6,59,92,59.0,12.3,12.0,13,0.0,0.0,100.2,92.0,119.4,117.0,274.0,274.0,1.0,1.0,1,0.0,0
2.0,0.1,2.0,Mississippi,65.6,59,92,59.0,14.9,15.0,16,0.0,0.0,96.8,92.0,111.6,108.0,321.0,274.0,1.0,1.0,1,0.0,0
2.0,0.05,1.0,Nebraska,65.6,48,71,68.0,39.9,40.5,42,0.1,1.0,70.9,71.0,71.9,73.0,128.8,128.0,7.1,7.0,9,5.2,8
2.0,0.1,1.0,Pennsylvania,65.6,52,84,63.5,43.1,43.5,48,1.1,3.0,74.4,73.5,79.5,81.0,41.4,28.0,37.3,38.5,44,14.4,19
ALL,ALL,ALL,Georgia,65.65833333333333,49,169,58.0,41.71111111111111,43.0,57,0.025,2.0,74.53055555555555,62.0,82.68611111111112,66.0,88.17329545454545,79.0,8.605555555555556,9.0,18,9.352777777777778,17
1.0,0.01,1.0,South Dakota,65.8,51,94,66.5,34.9,35.5,37,0.1,1.0,76.9,75.0,85.6,83.0,81.9,73.0,8.4,8.0,14,3.9,6
0.5,0.05,0.5,Tennessee,66.0,66,66,66.0,29.6,29.5,34,0.0,0.0,72.9,74.0,84.5,81.5,100.0,101.0,10.3,10.5,15,6.7,8
0.5,0.1,0.5,Tennessee,66.0,66,66,66.0,30.6,30.0,35,0.0,0.0,70.3,67.0,80.5,75.0,75.6,86.0,13.4,12.0,23,7.9,12
0.5,0.05,2.0,Tennessee,66.0,66,66,66.0,43.1,43.0,46,0.0,0.0,72.3,71.0,85.3,82.0,85.1,95.5,17.4,17.5,22,8.2,11
0.5,0.25,1.0,Tennessee,66.0,66,66,66.0,43.7,44.0,47,0.0,0.0,68.4,67.0,74.2,74.0,68.6,86.0,19.9,20.0,23,8.3,10
0.5,0.25,2.0,Tennessee,66.0,66,66,66.0,49.4,49.0,53,0.0,0.0,68.4,67.0,74.4,74.0,39.6,28.0,20.9,20.0,24,8.6,10
0.5,0.1,1.0,Tennessee,66.0,66,66,66.0,41.0,41.0,43,0.0,0.0,70.0,67.0,74.7,74.5,83.6,86.0,16.7,17.0,25,8.8,12
0.5,0.25,0.5,Tennessee,66.0,66,66,66.0,32.1,32.0,36,0.0,0.0,67.0,67.0,74.2,74.0,80.2,86.0,14.7,15.0,17,8.9,11
0.5,0.1,2.0,Tennessee,66.0,66,66,66.0,44.7,45.0,48,0.0,0.0,69.4,67.0,76.3,75.0,70.5,86.0,20.1,19.5,25,9.7,13
1.0,0.25,0.5,Tennessee,66.0,66,66,66.0,45.3,45.5,48,0.0,0.0,68.4,67.0,74.3,74.0,33.8,28.0,22.6,22.5,28,10.4,12
2.0,0.05,1.0,Tennessee,66.0,66,66,66.0,46.2,46.5,49,0.0,0.0,76.5,75.0,95.2,88.0,50.4,28.0,24.6,22.5,31,10.4,12
1.0,0.1,0.5,Tennessee,66.0,66,66,66.0,42.5,42.0,46,0.0,0.0,70.3,67.0,77.3,75.0,67.4,86.0,19.2,18.5,23,10.4,12
2.0,0.05,0.5,Tennessee,66.0,66,66,66.0,43.7,44.0,47,0.0,0.0,71.6,67.0,82.4,76.0,83.9,95.5,17.9,17.0,28,10.9,15
2.0,0.1,0.5,Tennessee,66.0,66,66,66.0,46.4,46.0,49,0.0,0.0,70.7,70.5,77.2,75.0,60.4,57.0,20.0,20.5,25,11.2,13
1.0,0.1,1.0,Tennessee,66.0,66,66,66.0,46.4,46.5,49,0.0,0.0,71.5,67.0,80.9,75.0,48.4,28.0,19.0,18.5,25,11.2,15
2.0,0.25,0.5,Tennessee,66.0,66,66,66.0,48.2,48.5,52,0.0,0.0,68.4,67.0,74.2,74.0,28.0,28.0,24.1,24.0,28,11.9,15
1.0,0.25,1.0,Tennessee,66.0,66,66,66.0,47.9,47.5,51,0.0,0.0,67.7,67.0,74.3,74.0,33.8,28.0,23.2,24.0,29,12.1,14
2.0,0.25,1.0,Tennessee,66.0,66,66,66.0,49.5,50.0,52,0.0,0.0,68.5,67.0,74.4,74.0,28.0,28.0,31.8,32.5,37,12.2,15
2.0,0.25,2.0,Tennessee,66.0,66,66,66.0,48.3,48.0,52,0.0,0.0,67.7,67.0,74.4,74.0,28.0,28.0,31.8,31.5,35,12.3,15
2.0,0.1,1.0,Tennessee,66.0,66,66,66.0,46.7,46.0,54,0.0,0.0,68.6,67.0,74.9,74.5,28.0,28.0,26.7,27.0,33,12.4,14
1.0,0.1,2.0,Tennessee,66.0,66,66,66.0,46.0,46.5,49,0.0,0.0,72.1,70.5,77.9,75.0,28.0,28.0,29.8,29.5,37,13.4,15
1.0,0.25,2.0,Tennessee,66.0,66,66,66.0,46.7,47.0,48,0.0,0.0,67.0,67.0,74.0,74.0,28.0,28.0,31.5,31.0,37,13.6,16
0.5,0.01,2.0,South Dakota,66.1,51,106,63.0,37.9,38.0,42,0.0,0.0,72.7,68.0,84.1,90.0,83.5,73.0,8.4,8.5,12,2.1,3
1.0,0.05,1.0,Tennessee,66.1,66,67,66.0,44.7,45.0,47,0.0,0.0,73.5,70.5,91.4,82.0,104.0,103.0,17.5,17.0,25,9.1,11
2.0,0.1,2.0,Tennessee,66.1,66,67,66.0,45.9,46.5,49,0.0,0.0,68.5,67.0,74.6,74.5,33.8,28.0,29.8,30.0,36,13.3,17
0.5,0.01,2.0,Wisconsin,66.1,59,93,62.0,32.9,33.5,38,0.4,2.0,76.4,66.5,85.6,88.5,54.6,49.5,79.9,80.5,90,27.7,33
1.0,0.05,0.5,Kentucky,66.2,55,71,71.0,30.2,30.0,33,0.0,0.0,76.7,79.0,79.8,80.0,43.4,28.0,14.0,15.5,17,9.0,11
1.0,0.05,2.0,Kentucky,66.2,55,71,71.0,40.5,41.0,43,0.0,0.0,76.7,79.0,80.1,80.0,63.0,28.0,19.0,19.5,22,10.8,13
1.0,0.1,0.5,North Dakota,66.3,52,82,63.5,14.6,14.5,16,0.0,0.0,87.2,82.0,97.5,97.5,28.0,28.0,6.6,6.5,10,0.3,1
1.0,0.25,1.0,Washington,66.3,60,85,60.0,15.2,15.0,17,0.2,1.0,76.4,79.0,82.4,89.0,28.0,28.0,26.0,27.5,30,9.1,11
2.0,0.25,1.0,Washington,66.3,60,85,60.0,15.9,16.0,17,0.0,0.0,75.6,79.0,85.0,86.0,28.0,28.0,27.1,27.5,33,10.5,12
0.5,0.01,0.5,Missouri,66.4,63,80,63.0,21.2,22.0,25,0.0,0.0,75.9,65.0,90.4,80.0,63.4,71.0,3.4,3.5,5,1.0,3
1.0,0.25,1.0,Maryland,66.4,59,77,64.0,14.2,14.0,15,0.0,0.0,72.7,77.0,79.5,79.0,76.3,82.0,12.1,12.5,14,1.1,2
2.0,0.25,0.5,Washington,66.4,60,86,60.5,16.5,16.0,20,0.1,1.0,74.3,70.0,80.9,87.0,28.0,28.0,27.0,27.0,31,9.0,11
2.0,0.25,0.5,South Carolina,66.5,65,70,65.0,17.4,17.5,18,0.0,0.0,74.2,76.0,87.3,86.0,28.0,28.0,17.7,18.0,20,2.0,3
2.0,0.01,0.5,Indiana,66.5,45,92,63.0,47.6,47.5,53,0.0,0.0,87.2,92.0,94.3,98.5,84.0,94.0,19.4,20.0,26,11.3,18
1.0,0.05,1.0,Michigan,66.5,62,70,66.0,42.5,42.0,47,0.0,0.0,69.6,68.0,71.9,70.0,70.0,80.0,21.6,21.0,27,19.6,23
1.0,0.05,2.0,Michigan,66.6,57,77,66.0,41.8,41.5,49,0.3,3.0,70.2,69.0,73.7,73.5,80.1,80.0,25.0,25.0,30,21.2,25
2.0,0.01,1.0,Wisconsin,66.6,59,98,60.0,34.4,34.5,39,0.1,1.0,73.6,67.5,84.4,89.0,46.3,28.0,72.4,73.0,77,27.5,31
1.0,0.05,2.0,Tennessee,66.8,66,74,66.0,44.3,44.5,49,0.0,0.0,80.8,75.0,97.2,94.0,45.3,28.0,24.6,24.0,29,11.8,16
2.0,0.05,2.0,Tennessee,66.8,66,74,66.0,45.2,46.0,49,0.0,0.0,80.1,75.0,92.4,88.0,59.9,28.0,25.1,25.5,30,12.1,15
0.5,0.05,1.0,Tennessee,66.9,66,74,66.0,38.6,38.5,43,0.0,0.0,75.2,75.0,87.6,84.0,105.4,86.0,15.3,14.5,23,6.8,9
2.0,0.01,2.0,Indiana,66.9,45,92,68.0,51.6,51.5,55,0.1,1.0,83.7,87.0,98.6,101.0,94.7,96.5,20.7,20.5,26,10.6,14
ALL,ALL,ALL,Ohio,66.96111111111111,59,122,61.0,58.65555555555556,61.0,70,0.005555555555555556,1.0,74.21666666666667,63.0,80.87222222222222,72.0,80.58333333333333,70.0,15.3,16.0,28,6.977777777777778,12
1.0,0.05,0.5,Tennessee,67.0,66,76,66.0,39.2,38.0,44,0.0,0.0,77.6,75.0,93.9,88.0,92.9,93.5,15.4,16.0,18,9.8,12
2.0,0.1,0.5,New York,67.0,53,76,70.0,12.3,12.5,15,0.6,3.0,74.2,75.5,79.6,78.0,28.0,28.0,172.1,173.5,185,36.5,40
1.0,0.25,1.0,South Carolina,67.1,65,76,65.0,16.3,16.0,17,0.0,0.0,74.8,73.0,82.5,81.0,28.0,28.0,16.0,15.5,19,2.1,3
2.0,0.05,1.0,Michigan,67.1,57,78,66.0,42.9,42.5,48,0.2,1.0,71.1,68.0,75.4,76.5,72.8,80.0,21.8,20.5,27,20.5,25
2.0,0.1,1.0,Mississippi,67.2,59,108,59.0,14.6,14.0,16,0.0,0.0,100.2,92.0,120.2,117.0,274.0,274.0,0.5,0.5,1,0.1,1
0.5,0.25,1.0,South Carolina,67.2,65,76,65.0,11.4,11.0,13,0.0,0.0,77.0,76.0,86.8,86.0,28.0,28.0,15.1,15.0,17,2.0,3
2.0,0.01,1.0,Arizona,67.3,49,94,72.0,9.0,9.0,11,0.3,1.0,98.2,96.0,104.2,103.0,99.4,102.5,8.0,8.5,11,1.8,4
1.0,0.01,0.5,Wyoming,67.5,53,124,53.0,6.6,7.0,9,0.1,1.0,89.6,79.0,122.7,127.0,127.77777777777777,112.0,1.8888888888888888,2.0,3,0.2,1
1.0,0.05,2.0,Pennsylvania,67.5,57,94,57.0,44.8,44.5,49,1.1,3.0,84.4,89.5,87.7,92.0,39.2,28.0,34.4,34.0,44,10.9,15
0.5,0.25,0.5,South Carolina,67.7,65,76,65.0,9.4,9.0,12,0.0,0.0,77.1,76.0,90.6,86.0,28.0,28.0,9.8,10.0,12,1.2,3
2.0,0.25,1.0,South Carolina,67.7,65,76,65.0,18.3,19.0,19,0.0,0.0,77.0,76.0,86.9,86.0,28.0,28.0,18.3,18.5,22,2.3,3
1.0,0.01,0.5,Missouri,67.7,63,110,63.0,31.2,30.5,38,0.0,0.0,74.2,65.0,95.3,92.5,65.7,49.5,5.1,5.5,7,2.5,4
1.0,0.25,2.0,West Virginia,67.7,46,99,60.5,15.9,16.0,17,0.2,1.0,111.0,87.0,139.0,140.5,155.5,178.0,6.2,6.0,9,3.2,4
1.0,0.01,1.0,Missouri,67.7,63,110,63.0,43.8,43.5,50,0.1,1.0,75.0,66.5,90.5,86.5,63.8,71.0,7.0,7.0,10,5.2,10
0.5,0.01,0.5,Florida,67.7,50,107,50.0,7.2,7.0,12,5.0,19.0,114.3,116.5,155.9,149.5,60.2,47.0,16.1,16.0,22,18.7,23
1.0,0.1,1.0,Washington,67.8,60,86,60.0,15.4,15.0,18,0.0,0.0,80.8,86.0,92.2,98.0,28.0,28.0,28.9,30.5,35,8.5,10
0.5,0.05,1.0,Kentucky,67.8,55,71,71.0,28.5,29.0,31,0.0,0.0,77.4,79.0,80.4,80.0,28.0,28.0,13.8,13.5,20,9.6,13
1.0,0.05,1.0,Kentucky,67.8,55,71,71.0,38.8,39.0,42,0.0,0.0,77.8,79.0,81.5,80.0,47.5,28.0,16.9,17.0,22,11.1,15
2.0,0.05,1.0,Kentucky,67.8,55,71,71.0,41.1,41.0,43,0.0,0.0,78.8,79.0,83.9,80.0,28.0,28.0,18.9,19.0,24,12.5,15
0.5,0.05,2.0,North Carolina,68.1,51,95,51.0,26.2,26.5,29,0.0,0.0,94.7,92.5,101.5,96.0,142.8,155.0,7.8,7.5,11,2.9,4
2.0,0.1,2.0,New York,68.1,53,76,70.0,12.3,12.5,15,1.2,3.0,74.6,76.0,82.2,80.0,33.7,28.0,176.0,173.5,190,36.5,39
1.0,0.25,0.5,South Carolina,68.2,65,76,65.0,12.6,13.0,14,0.0,0.0,78.4,76.0,88.6,86.0,28.0,28.0,15.2,15.5,18,1.7,3
0.5,0.25,1.0,West Virginia,68.2,46,99,75.0,12.3,12.0,14,0.4,1.0,126.1,99.0,160.8,184.0,170.2,193.5,3.7,4.0,6,2.1,3
1.0,0.25,2.0,South Carolina,68.2,65,76,65.0,18.2,18.0,20,0.0,0.0,76.8,76.0,89.9,86.0,28.0,28.0,18.3,18.0,22,2.4,4
0.5,0.01,0.5,Indiana,68.2,45,103,63.0,30.1,30.5,34,0.0,0.0,84.6,87.0,98.7,93.5,103.3,85.0,10.4,11.5,16,4.7,8
1.0,0.1,2.0,New York,68.2,53,76,70.0,12.3,12.5,15,0.9,3.0,74.2,75.5,79.2,78.0,28.0,28.0,178.6,179.0,188,36.3,39
0.5,0.25,2.0,South Carolina,68.3,65,76,65.0,16.3,16.5,18,0.0,0.0,76.6,76.0,85.0,86.0,31.9,28.0,15.4,15.0,19,2.2,3
1.0,0.01,2.0,Wisconsin,68.4,56,104,60.0,35.7,34.5,43,0.5,2.0,79.9,80.5,88.0,96.0,59.8,48.0,69.4,70.0,83,26.2,33
2.0,0.05,1.0,Montana,68.6,41,87,87.0,12.5,12.5,15,0.0,0.0,99.6,105.0,120.0,116.0,105.0,123.0,3.9,4.0,6,7.9,10
2.0,0.1,0.5,Montana,68.6,41,87,87.0,14.3,14.0,18,0.0,0.0,97.3,105.0,111.9,116.0,121.4,135.0,3.1,3.0,4,8.1,10
2.0,0.1,1.0,New York,68.6,60,76,70.0,11.7,12.0,14,0.8,3.0,74.4,76.0,78.8,80.0,28.0,28.0,178.9,180.0,190,36.9,40
2.0,0.25,2.0,West Virginia,68.7,46,99,75.0,16.4,17.0,17,0.6,1.0,100.1,99.0,157.4,182.0,173.8,178.0,6.7,6.5,10,3.3,4
0.5,0.05,1.0,Montana,68.7,41,116,64.0,11.6,11.5,15,0.2,2.0,100.9,96.0,120.8,123.0,136.7,137.0,2.1,2.0,4,5.2,7
2.0,0.25,2.0,South Carolina,68.8,65,76,65.0,18.6,19.0,19,0.0,0.0,80.0,76.0,89.6,86.0,28.0,28.0,17.0,17.5,21,2.0,3
0.5,0.1,2.0,South Carolina,68.8,65,76,65.0,15.0,15.0,17,0.0,0.0,80.7,76.0,93.9,94.0,28.0,28.0,15.7,15.5,20,2.0,3
0.5,0.25,2.0,Mississippi,68.9,59,92,59.0,12.1,12.0,13,0.0,0.0,97.7,92.0,113.5,108.0,274.0,274.0,1.0,1.0,1,0.0,0
1.0,0.1,1.0,Mississippi,68.9,59,92,59.0,11.3,11.5,13,0.0,0.0,98.6,92.0,118.1,112.5,,,0.0,0.0,0,0.0,0
0.5,0.25,2.0,Maryland,68.9,59,79,66.5,14.3,14.0,15,0.0,0.0,74.0,74.5,80.3,78.0,76.5,82.0,12.2,12.0,19,1.2,2
1.0,0.1,0.5,New York,69.0,53,76,75.0,12.6,13.0,14,1.5,3.0,74.7,76.0,82.1,84.0,32.4,28.0,176.9,178.0,196,35.9,38
2.0,0.25,0.5,Connecticut,69.1,64,115,64.0,6.0,6.0,6,0.9,1.0,104.7,99.0,118.6,115.0,96.7,94.0,9.1,8.5,15,1.0,1
1.0,0.25,2.0,Connecticut,69.1,64,115,64.0,5.8,6.0,6,0.9,1.0,106.2,103.0,116.7,115.0,96.5,94.0,9.0,9.0,11,1.2,2
1.0,0.25,2.0,Maryland,69.2,59,77,66.5,14.6,15.0,15,0.0,0.0,75.8,77.0,81.2,79.0,80.6,82.0,13.2,13.0,17,0.8,2
2.0,0.01,0.5,Wisconsin,69.3,60,96,62.0,34.7,34.5,38,0.6,1.0,78.4,69.0,88.5,94.0,44.9,28.0,72.2,74.0,84,27.2,31
0.5,0.05,0.5,Kentucky,69.4,55,71,71.0,20.1,21.0,22,0.0,0.0,78.3,79.0,80.0,80.0,28.0,28.0,8.5,8.0,11,5.5,8
1.0,0.01,0.5,South Dakota,69.5,51,100,68.0,30.2,30.0,33,0.0,0.0,81.4,77.5,91.0,97.0,80.6,73.0,7.4,7.0,14,2.2,4
2.0,0.05,1.0,Pennsylvania,69.6,57,86,72.0,43.9,43.0,50,1.3,5.0,83.1,83.0,89.6,91.5,41.8,28.0,34.5,35.5,40,11.4,15
1.0,0.25,0.5,California,69.6,56,82,71.5,3.4,3.0,5,16.3,33.0,104.5,94.5,126.375,103.0,28.0,28.0,75.1,73.5,87,33.4,35
2.0,0.05,0.5,Pennsylvania,69.7,52,88,64.5,44.4,45.0,50,1.3,4.0,85.1,86.0,88.7,92.0,28.0,28.0,35.7,36.0,40,11.3,18
1.0,0.1,1.0,New York,69.7,60,76,70.0,12.7,12.0,15,1.0,3.0,75.5,76.0,81.5,80.0,34.1,28.0,178.1,178.0,189,36.1,38
2.0,0.1,0.5,South Carolina,69.9,65,76,67.5,16.3,16.0,18,0.0,0.0,82.3,76.0,102.5,101.0,28.0,28.0,16.0,16.5,21,2.2,3
0.5,0.01,1.0,Wisconsin,69.9,59,105,61.0,32.8,33.5,37,0.3,2.0,82.6,94.0,85.9,95.5,69.7,69.5,65.5,64.5,75,26.9,31
0.5,0.1,0.5,New York,69.9,60,76,70.0,10.6,10.5,12,0.7,3.0,75.2,76.0,82.4,80.0,32.4,28.0,147.4,146.0,159,36.1,39
0.5,0.05,0.5,North Dakota,70.0,52,82,82.0,8.9,8.5,11,0.0,0.0,91.3,95.0,107.5,100.0,64.5,28.0,2.8,3.0,5,0.2,1
0.5,0.05,2.0,North Dakota,70.0,52,82,82.0,15.9,16.0,18,0.0,0.0,90.3,95.0,98.9,100.0,64.6,28.0,5.1,5.0,9,1.2,4
1.0,0.05,1.0,North Dakota,70.0,52,82,82.0,16.0,16.0,18,0.0,0.0,89.8,95.0,98.5,100.0,74.7,47.5,6.2,6.5,11,1.8,3
2.0,0.05,1.0,North Dakota,70.0,52,82,82.0,18.6,19.0,20,0.0,0.0,89.8,95.0,99.0,100.0,52.0,28.0,9.4,9.5,14,2.8,5
0.5,0.01,0.5,South Dakota,70.2,51,99,68.0,21.2,20.5,25,0.1,1.0,78.1,68.0,87.3,87.5,80.9,77.5,6.0,6.5,8,1.0,2
2.0,0.01,1.0,Indiana,70.4,63,100,63.0,47.9,47.0,52,0.2,1.0,82.6,78.5,95.6,92.0,89.2,96.5,24.1,23.5,30,12.8,17
0.5,0.1,0.5,Mississippi,70.5,59,108,59.0,6.5,7.0,8,0.0,0.0,98.6,92.0,117.8,108.0,,,0.0,0.0,0,0.0,0
1.0,0.25,0.5,Maryland,70.5,59,77,70.5,12.9,13.0,14,0.0,0.0,76.3,77.0,82.6,79.0,79.0,82.0,8.2,8.5,11,0.7,1
1.0,0.1,1.0,South Carolina,70.5,65,76,70.5,14.8,15.0,17,0.0,0.0,86.3,81.0,110.7,121.0,35.8,28.0,15.3,15.0,20,2.0,4
0.5,0.01,2.0,Nebraska,70.5,48,95,69.5,23.5,23.5,31,0.0,0.0,82.8,73.0,96.4,94.0,137.8,132.0,4.0,3.5,8,4.4,6
0.5,0.01,1.0,Indiana,70.7,45,96,63.0,38.2,38.5,45,0.0,0.0,89.0,96.0,103.4,103.0,99.2,96.5,14.3,15.0,16,8.1,12
0.5,0.25,2.0,California,70.8,56,80,71.5,3.6,4.0,5,17.2,34.0,104.7,94.5,121.75,103.0,28.0,28.0,76.7,75.5,92,33.4,35
0.5,0.01,0.5,Wyoming,71.0,53,134,53.0,4.5,4.5,5,0.1,1.0,101.3,79.5,131.8,142.0,104.42857142857143,98.0,2.0,2.0,4,0.1,1
0.5,0.1,1.0,South Carolina,71.0,65,76,73.0,9.4,9.0,12,0.0,0.0,84.0,81.0,106.9,101.0,35.8,28.0,12.7,13.0,14,2.0,3
1.0,0.01,0.5,Kentucky,71.0,71,71,71.0,24.5,24.5,29,0.0,0.0,114.8,111.0,136.6,145.0,139.1,184.0,8.9,9.0,12,5.9,9
1.0,0.05,1.0,Pennsylvania,71.0,57,94,71.0,44.3,44.5,50,0.8,2.0,82.4,82.0,88.0,88.0,28.0,28.0,39.3,39.5,43,10.8,15
0.5,0.05,1.0,New York,71.0,62,76,73.0,7.7,7.5,11,1.8,8.0,80.0,78.0,91.3,89.5,28.0,28.0,172.1,172.5,180,39.7,42
ALL,ALL,ALL,North Dakota,71.03611111111111,52,160,67.0,15.394444444444444,16.0,26,0.0,0.0,95.45833333333333,82.0,112.71111111111111,100.0,71.3778409090909,28.0,6.404494382022472,6.0,15,1.3944444444444444,6
0.5,0.25,0.5,West Virginia,71.1,46,99,75.0,4.7,5.0,6,0.5,1.0,108.9,99.0,164.1,189.0,165.77777777777777,193.0,2.111111111111111,2.0,3,1.2,2
1.0,0.01,2.0,South Dakota,71.2,51,103,68.0,38.3,38.5,41,0.0,0.0,78.6,79.0,92.9,94.0,86.5,73.0,12.9,13.5,16,4.2,7
ALL,ALL,ALL,Pennsylvania,71.25,52,137,57.0,41.041666666666664,41.0,50,1.1888888888888889,10.0,82.775,80.0,89.43611111111112,82.0,44.25,28.0,34.72222222222222,38.0,57,12.927777777777777,23
0.5,0.01,1.0,Arizona,71.3,49,108,72.0,8.1,8.0,10,0.4,1.0,101.8,109.5,111.1,111.0,110.3,104.0,4.5,4.5,6,1.1,3
0.5,0.25,0.5,Maryland,71.5,59,79,77.0,13.0,13.0,14,0.0,0.0,76.6,77.0,81.6,79.0,79.8,82.0,9.2,8.0,14,0.2,1
0.5,0.25,0.5,Massachusetts,71.5,69,93,69.0,7.4,7.5,8,0.0,0.0,86.1,93.0,95.0,94.0,100.6,127.0,1.3,1.0,2,0.4,1
2.0,0.25,2.0,Maryland,71.5,64,79,74.5,14.1,14.0,15,0.0,0.0,77.7,78.0,83.3,85.0,81.2,82.0,11.8,12.0,17,1.5,3
2.0,0.1,1.0,South Carolina,71.5,65,76,73.0,17.6,17.5,20,0.0,0.0,87.1,85.0,108.8,111.0,38.8,28.0,15.5,17.0,18,2.5,3
1.0,0.1,2.0,South Carolina,71.6,65,76,76.0,16.1,16.5,17,0.0,0.0,86.6,86.0,102.6,101.0,34.9,28.0,16.4,17.0,20,2.2,3
2.0,0.1,2.0,South Carolina,71.6,65,76,76.0,17.2,17.0,18,0.0,0.0,86.6,86.0,106.8,101.0,31.9,28.0,17.1,17.0,19,2.7,3
2.0,0.25,1.0,West Virginia,71.6,46,99,75.0,15.8,16.0,17,0.6,1.0,110.8,99.0,166.0,182.0,165.1,178.0,6.6,6.5,9,3.0,4
1.0,0.1,1.0,Montana,71.6,41,87,87.0,13.5,13.5,16,0.0,0.0,96.2,105.0,114.8,116.0,123.3,135.0,2.6,3.0,4,7.3,8
1.0,0.1,0.5,Montana,71.6,41,87,87.0,12.5,12.0,14,0.0,0.0,97.8,105.0,115.5,116.0,116.3,135.0,3.0,3.0,5,7.4,9
0.5,0.1,2.0,New York,71.6,62,76,70.0,11.9,12.5,14,0.9,3.0,75.7,76.0,81.4,80.0,28.0,28.0,176.4,175.5,186,36.6,39
0.5,0.25,1.0,California,71.8,56,80,80.0,3.4,3.5,4,14.2,28.0,96.4,84.0,122.66666666666667,103.0,28.0,28.0,68.6,62.5,82,32.8,35
2.0,0.25,0.5,California,71.8,56,80,80.0,3.5,4.0,4,15.0,33.0,102.2,84.0,122.66666666666667,103.0,28.0,28.0,70.3,64.5,86,33.4,34
2.0,0.01,2.0,Missouri,71.9,63,99,63.0,51.2,51.0,56,0.0,0.0,85.6,80.0,101.0,103.0,68.8,49.5,7.8,8.0,12,8.6,10
0.5,0.25,1.0,Maryland,72.0,64,79,77.0,13.5,13.5,14,0.0,0.0,76.4,77.0,82.7,79.0,80.0,82.0,7.6,7.5,12,0.0,0
1.0,0.1,0.5,South Carolina,72.1,65,76,76.0,10.0,10.0,12,0.0,0.0,83.5,86.0,95.7,94.0,34.9,28.0,14.5,14.5,18,2.3,3
2.0,0.1,0.5,Mississippi,72.2,59,92,59.0,12.1,12.5,13,0.0,0.0,100.0,100.0,113.4,117.0,286.4,274.0,1.0,1.0,2,0.1,1
1.0,0.01,1.0,Florida,72.2,50,122,50.0,8.3,8.0,13,2.5,7.0,95.0,88.0,137.7,137.0,36.1,28.0,32.5,32.0,45,24.9,27
2.0,0.25,0.5,Maryland,72.5,64,79,77.0,14.4,14.5,15,0.0,0.0,78.1,78.0,84.0,83.0,81.2,82.0,13.1,13.0,17,0.9,2
0.5,0.25,0.5,California,72.5,56,80,80.0,3.5,3.5,5,19.2,32.0,107.6,103.0,134.44444444444446,142.0,28.0,28.0,58.8,54.0,74,31.4,33
0.5,0.1,0.5,South Carolina,72.7,65,76,76.0,6.1,6.0,8,0.0,0.0,89.1,90.0,112.4,113.0,49.4,28.0,8.8,9.0,13,0.9,2
2.0,0.05,2.0,South Carolina,72.7,65,76,76.0,15.9,16.0,17,0.0,0.0,93.3,97.5,111.1,121.0,38.1,28.0,17.3,17.0,21,2.7,4
2.0,0.01,1.0,Nebraska,72.8,71,73,73.0,30.7,30.5,36,0.0,0.0,91.4,91.0,104.2,109.0,117.4,134.5,6.3,6.5,8,4.0,7
0.5,0.01,0.5,Wisconsin,72.9,60,94,64.0,30.5,29.5,36,0.5,2.0,83.0,91.5,86.8,94.0,80.0,78.0,48.5,48.5,56,26.5,32
0.5,0.05,1.0,North Dakota,73.0,52,82,82.0,11.3,11.5,14,0.0,0.0,91.6,95.0,105.3,100.0,60.6,28.0,3.7,4.0,6,0.4,1
2.0,0.05,2.0,North Dakota,73.0,52,82,82.0,18.5,18.5,21,0.0,0.0,92.6,95.0,107.5,100.0,57.7,28.0,8.1,8.0,11,2.6,4
0.5,0.1,1.0,Washington,73.0,60,86,73.0,13.1,13.5,14,0.0,0.0,88.4,87.5,94.7,97.5,35.2,28.0,22.6,22.5,27,6.8,9
2.0,0.1,0.5,Washington,73.0,60,86,73.0,14.0,15.0,17,0.0,0.0,88.3,87.5,93.9,97.0,28.0,28.0,26.8,26.5,33,10.3,13
2.0,0.25,1.0,Connecticut,73.1,64,115,64.0,5.7,6.0,6,0.7,1.0,108.1,110.0,116.8,118.0,104.9,94.0,9.5,9.5,14,1.3,2
1.0,0.01,1.0,Nebraska,73.1,48,94,73.0,24.3,24.5,27,0.0,0.0,88.7,81.5,104.0,101.5,111.7,130.5,4.2,3.0,7,4.8,7
1.0,0.25,0.5,Connecticut,73.2,64,122,64.0,5.9,6.0,6,0.8,1.0,109.4,115.0,121.6,125.0,100.1,94.0,7.7,7.5,12,1.1,2
0.5,0.05,0.5,Montana,73.2,41,87,87.0,9.4,9.0,11,0.0,0.0,105.7,105.0,124.0,123.0,123.11111111111111,135.0,1.6,1.5,3,3.4,5
1.0,0.25,2.0,California,73.2,63,80,80.0,3.3,3.0,5,14.9,33.0,105.5,84.0,109.14285714285714,103.0,28.0,28.0,71.1,68.0,84,33.3,35
1.0,0.05,2.0,New York,73.3,64,80,76.0,10.6,10.0,15,1.7,4.0,80.2,80.0,92.6,95.5,28.0,28.0,180.4,180.0,196,37.9,41
1.0,0.25,0.5,Utah,73.4,72,74,74.0,13.8,14.0,15,0.0,0.0,81.9,84.0,86.4,86.0,83.0,83.0,8.6,8.5,10,3.1,4
0.5,0.25,0.5,Utah,73.4,72,74,74.0,12.6,12.5,14,0.0,0.0,81.4,84.0,86.8,86.0,83.0,83.0,7.6,7.0,9,3.3,4
1.0,0.1,2.0,Montana,73.4,41,105,87.0,14.7,14.5,17,0.2,2.0,97.3,105.0,115.0,116.0,49.8,28.0,4.0,3.5,6,7.8,9
0.5,0.05,2.0,New York,73.4,70,76,75.0,10.1,10.5,11,1.3,6.0,78.4,76.0,86.5,88.0,28.0,28.0,183.9,184.0,191,37.6,40
0.5,0.05,0.5,New York,73.5,70,80,73.5,10.1,10.0,11,1.0,3.0,81.0,80.0,87.0,84.0,34.6,28.0,143.0,147.5,153,34.9,37
2.0,0.05,2.0,New York,73.5,60,80,76.0,11.8,11.5,16,1.2,3.0,81.6,80.0,91.5,93.0,28.0,28.0,177.2,177.5,193,36.5,39
0.5,0.01,0.5,Nebraska,73.7,48,110,72.0,12.7,12.5,16,0.0,0.0,90.2,91.0,102.8,110.0,132.0,132.0,2.3,2.0,4,2.1,4
0.5,0.01,2.0,Michigan,73.7,66,81,75.5,36.8,37.0,42,0.4,1.0,82.9,83.0,95.5,95.5,104.6,102.0,20.3,20.0,28,17.2,21
1.0,0.01,1.0,Arizona,73.8,49,108,72.0,9.0,9.5,10,0.6,1.0,102.7,111.0,114.1,112.0,93.0,89.0,8.0,9.0,10,1.9,3
1.0,0.05,2.0,South Carolina,73.8,65,76,76.0,14.8,15.0,17,0.0,0.0,94.5,101.0,116.3,121.0,70.4,84.0,16.0,16.5,22,2.2,3
2.0,0.25,2.0,Utah,73.8,72,74,74.0,16.5,16.5,17,0.0,0.0,82.8,83.5,85.9,86.0,83.0,83.0,13.1,13.0,14,3.0,3
0.5,0.25,1.0,Utah,73.8,72,74,74.0,13.2,13.0,15,0.0,0.0,83.4,84.0,87.2,86.0,83.0,83.0,9.3,9.0,13,3.1,4
1.0,0.25,2.0,Utah,73.8,72,74,74.0,15.7,16.0,17,0.0,0.0,83.0,83.5,86.6,86.0,83.0,83.0,12.8,13.0,15,3.3,5
0.5,0.25,2.0,Massachusetts,73.9,69,93,69.0,8.2,8.0,9,0.0,0.0,86.2,93.0,95.9,94.5,51.1,28.0,3.1,3.0,6,0.1,1
1.0,0.25,1.0,Massachusetts,73.9,69,93,69.0,8.2,8.0,9,0.0,0.0,86.2,93.0,96.3,94.0,54.4,28.0,3.6,4.0,6,0.2,1
2.0,0.25,2.0,Massachusetts,73.9,69,93,69.0,8.0,8.0,9,0.0,0.0,86.3,93.0,95.8,94.5,45.666666666666664,28.0,2.6,3.0,4,0.2,1
1.0,0.25,0.5,West Virginia,74.0,46,99,75.0,13.3,13.0,15,0.5,1.0,110.8,99.0,166.2,182.0,167.3,193.0,3.7,3.5,6,2.3,3
0.5,0.25,2.0,Utah,74.0,74,74,74.0,14.5,15.0,16,0.0,0.0,84.4,84.0,87.4,86.0,83.0,83.0,8.5,9.0,10,3.0,5
2.0,0.25,1.0,Utah,74.0,74,74,74.0,16.2,16.0,18,0.0,0.0,83.6,84.0,86.5,86.0,83.0,83.0,12.5,12.0,14,3.2,5
2.0,0.25,0.5,Utah,74.0,74,74,74.0,14.9,15.0,16,0.0,0.0,83.9,84.0,86.5,86.0,83.0,83.0,12.4,13.0,14,3.3,5
2.0,0.01,2.0,Nebraska,74.0,71,87,73.0,31.6,32.0,35,0.0,0.0,82.7,80.5,99.0,94.0,118.8,128.0,6.3,6.0,11,3.8,7
0.5,0.1,2.0,Utah,74.0,74,74,74.0,13.1,13.0,16,0.0,0.0,87.8,86.0,94.2,94.5,83.0,83.0,9.7,9.0,14,4.2,6
0.5,0.1,1.0,Maryland,74.1,64,79,78.0,12.5,12.5,13,0.0,0.0,85.0,87.5,91.1,91.0,82.6,82.0,7.9,7.5,12,0.1,1
2.0,0.25,2.0,California,74.2,56,80,80.0,4.3,4.0,6,12.5,34.0,101.0,84.0,111.0,103.0,28.0,28.0,64.9,60.0,83,32.6,35
1.0,0.25,1.0,California,74.2,56,80,80.0,3.9,4.0,6,12.2,34.0,98.3,84.0,112.33333333333333,103.0,28.0,28.0,67.5,63.5,83,33.0,35
2.0,0.05,0.5,South Carolina,74.3,65,76,76.0,14.1,14.0,16,0.0,0.0,97.3,101.0,117.3,121.0,84.0,106.0,14.7,14.5,19,2.2,4
2.0,0.05,1.0,South Carolina,74.3,65,76,76.0,16.0,16.5,18,0.0,0.0,93.1,97.5,113.0,121.0,47.5,28.0,16.8,16.0,21,2.6,4
2.0,0.01,0.5,Nebraska,74.3,48,97,73.0,25.8,26.0,30,0.0,0.0,86.5,82.5,102.2,110.0,119.6,128.0,6.0,7.0,9,4.2,6
2.0,0.25,1.0,Maryland,74.4,64,77,77.0,14.3,14.0,15,0.0,0.0,77.8,79.0,86.3,91.0,81.0,82.0,12.1,12.5,15,1.1,2
0.5,0.25,2.0,Connecticut,74.5,64,115,64.0,6.0,6.0,7,0.7,1.0,100.5,99.0,116.8,115.0,105.8,94.0,10.1,10.0,12,1.0,2
0.5,0.05,1.0,Pennsylvania,74.5,57,94,73.5,43.2,42.0,50,0.4,2.0,83.7,83.0,87.9,86.5,34.7,28.0,30.8,30.5,41,10.3,17
1.0,0.05,0.5,New York,74.6,70,76,76.0,11.3,11.0,13,3.0,10.0,84.0,80.0,89.9,90.5,28.0,28.0,171.3,173.0,179,36.9,39
ALL,ALL,ALL,Tennessee,74.63333333333334,66,169,66.0,39.575,43.0,54,0.002777777777777778,1.0,87.75833333333334,74.0,99.09444444444445,76.0,84.39722222222223,86.0,19.144444444444446,19.0,37,9.625,17
2.0,0.01,2.0,Wyoming,74.7,53,116,66.0,10.0,9.5,12,0.1,1.0,88.7,80.0,110.8,116.0,97.9,98.0,5.2,5.5,8,0.4,1
2.0,0.01,2.0,Wisconsin,74.7,60,94,71.0,35.6,36.0,38,0.1,1.0,83.4,88.0,94.0,94.0,73.8,80.5,68.4,67.0,78,26.0,30
1.0,0.25,1.0,Utah,74.8,72,86,74.0,14.8,15.0,15,0.0,0.0,83.2,84.0,87.7,86.0,85.6,83.0,9.2,9.5,11,3.4,4
1.0,0.01,0.5,Indiana,74.9,63,101,63.0,39.5,38.5,45,0.0,0.0,96.7,96.0,101.8,101.0,105.9,109.5,15.8,16.0,20,7.5,11
1.0,0.25,1.0,New Jersey,75.0,69,82,71.0,7.7,7.5,10,0.0,0.0,96.4,82.0,113.0,106.0,171.66666666666666,73.0,1.6,2.0,3,0.4,1
2.0,0.01,2.0,Arizona,75.0,49,99,72.0,9.5,10.0,11,0.3,1.0,96.4,98.0,109.5,111.0,100.0,106.0,8.6,9.0,10,1.2,2
2.0,0.05,0.5,New York,75.0,70,80,75.0,10.0,9.5,13,1.4,12.0,79.7,76.0,89.0,88.0,28.0,28.0,174.6,175.5,183,38.3,41
1.0,0.01,0.5,Idaho,75.1,44,101,79.0,10.8,11.0,14,0.4,3.0,93.8,102.0,106.8,106.0,32.6,28.0,22.7,24.0,29,7.7,11
0.5,0.01,2.0,Idaho,75.1,44,97,86.0,11.6,12.0,15,2.2,9.0,103.5,102.5,117.0,112.5,38.3,28.0,26.9,25.5,36,9.5,15
ALL,ALL,ALL,New York,75.18888888888888,53,131,71.0,10.552777777777777,11.0,17,1.5777777777777777,36.0,84.425,76.0,92.30252100840336,84.0,29.9,28.0,166.675,172.0,196,37.141666666666666,44
1.0,0.1,2.0,Utah,75.2,74,86,74.0,14.3,14.5,16,0.0,0.0,87.2,86.0,92.7,93.0,84.2,83.0,13.1,13.0,16,4.4,6
1.0,0.1,0.5,Utah,75.8,74,92,74.0,12.7,13.0,14,0.0,0.0,87.7,86.0,92.5,93.0,85.9,83.0,9.3,9.5,12,3.4,6
2.0,0.1,2.0,Utah,75.8,74,92,74.0,15.0,15.0,17,0.0,0.0,86.4,85.0,91.9,93.0,84.2,83.0,12.2,13.0,14,3.9,7
0.5,0.01,1.0,Kentucky,75.8,71,111,71.0,19.0,19.0,22,0.0,0.0,119.0,111.0,135.6,131.5,143.3,183.0,7.1,6.5,11,5.5,8
2.0,0.05,1.0,New York,75.8,64,93,76.0,9.7,10.0,13,2.8,11.0,83.1,80.0,93.5,93.0,28.0,28.0,177.8,180.0,195,38.8,43
2.0,0.1,0.5,Utah,75.9,74,84,74.0,13.3,13.0,15,0.0,0.0,87.8,85.0,92.9,93.0,85.4,83.0,12.7,13.0,17,4.3,6
0.5,0.1,2.0,Washington,75.9,60,89,85.5,14.3,14.0,16,0.0,0.0,90.1,89.0,93.8,97.5,42.4,28.0,24.9,24.0,34,8.2,10
1.0,0.05,0.5,North Dakota,76.0,52,82,82.0,13.2,13.0,17,0.0,0.0,93.4,95.0,104.8,100.0,31.9,28.0,4.9,5.0,7,0.5,2
2.0,0.1,0.5,Maryland,76.0,64,85,78.0,13.8,14.0,15,0.0,0.0,83.5,84.5,90.7,91.0,82.2,82.0,11.7,12.5,15,0.7,2
1.0,0.25,2.0,Massachusetts,76.1,69,93,69.0,7.8,8.0,9,0.0,0.0,86.0,92.0,94.6,94.0,28.0,28.0,2.8,3.0,4,0.5,1
0.5,0.1,0.5,Montana,76.2,41,87,87.0,10.1,9.5,13,0.0,0.0,99.2,105.0,112.2,116.0,117.5,123.0,2.3,2.5,3,4.1,5
0.5,0.1,1.0,Utah,76.2,74,86,74.0,12.0,12.0,14,0.0,0.0,88.5,86.0,93.9,93.0,85.3,83.0,8.8,9.0,10,4.2,6
1.0,0.25,2.0,New Jersey,76.4,70,82,76.5,8.0,8.0,9,0.0,0.0,94.9,94.0,121.5,142.0,191.22222222222223,73.0,2.0,2.0,4,1.1,2
2.0,0.25,0.5,West Virginia,76.4,46,99,75.0,15.8,16.0,17,0.5,1.0,118.2,99.0,163.9,182.0,165.8,178.0,5.1,4.5,7,2.7,4
1.0,0.01,1.0,Michigan,76.5,68,87,78.0,36.5,34.5,45,0.2,1.0,85.4,83.0,96.7,87.0,90.7,96.5,17.1,16.5,23,18.3,22
1.0,0.05,1.0,New York,76.6,64,98,75.5,10.6,10.0,14,2.4,11.0,85.2,81.0,95.2,100.0,33.6,28.0,174.7,175.0,193,37.4,40
0.5,0.25,1.0,New Jersey,76.8,71,82,78.0,7.1,7.0,10,0.0,0.0,101.6,94.0,121.4,127.5,75.8,73.0,2.0,2.0,2,0.0,0
1.0,0.1,0.5,Maryland,76.9,64,79,79.0,12.6,13.0,13,0.0,0.0,85.5,90.0,91.0,91.0,82.0,82.0,7.9,8.5,10,0.0,0
2.0,0.1,1.0,Maryland,76.9,64,79,79.0,14.2,14.0,15,0.0,0.0,85.9,90.5,91.5,91.0,82.3,82.0,11.5,11.5,15,1.2,2
2.0,0.1,2.0,Maryland,76.9,64,79,79.0,14.0,14.0,15,0.0,0.0,85.9,90.0,94.5,92.5,82.0,82.0,11.3,11.0,16,1.4,3
0.5,0.25,0.5,Virginia,77.0,77,77,77.0,20.8,21.5,22,0.0,0.0,93.8,95.0,97.7,98.0,103.4,106.0,8.4,7.5,14,1.1,2
0.5,0.25,1.0,Virginia,77.0,77,77,77.0,24.7,24.5,29,0.0,0.0,90.8,93.0,96.7,95.5,100.6,106.0,9.6,9.0,13,1.8,4
1.0,0.25,0.5,Virginia,77.0,77,77,77.0,25.6,25.5,28,0.0,0.0,92.7,95.0,97.3,98.0,103.9,106.0,10.6,9.5,17,3.5,7
1.0,0.1,1.0,Virginia,77.0,77,77,77.0,27.0,27.0,29,0.0,0.0,95.0,95.0,99.2,100.0,74.8,106.0,10.6,10.0,13,6.1,8
2.0,0.1,1.0,Virginia,77.0,77,77,77.0,30.0,30.0,32,0.0,0.0,95.7,95.0,100.1,100.0,72.2,93.0,11.9,12.0,14,6.3,9
0.5,0.1,2.0,Virginia,77.0,77,77,77.0,25.7,25.5,28,0.0,0.0,94.2,95.0,99.0,100.0,73.6,100.0,12.1,12.0,16,6.4,8
2.0,0.25,1.0,Virginia,77.0,77,77,77.0,32.5,32.5,35,0.0,0.0,92.7,95.0,97.7,98.0,86.4,99.5,11.4,11.0,14,6.5,10
2.0,0.25,2.0,Virginia,77.0,77,77,77.0,34.6,34.5,36,0.0,0.0,92.7,95.0,97.3,96.0,94.2,106.0,12.6,13.0,18,6.7,9
2.0,0.1,2.0,Virginia,77.0,77,77,77.0,31.3,31.0,34,0.0,0.0,95.1,95.0,101.0,100.0,65.7,60.5,11.9,11.5,14,6.8,8
1.0,0.25,2.0,Virginia,77.0,77,77,77.0,32.2,32.0,35,0.0,0.0,91.5,91.0,95.4,95.0,78.7,93.0,12.4,11.0,16,7.1,9
0.5,0.25,2.0,Virginia,77.0,77,77,77.0,28.5,29.0,32,0.0,0.0,93.8,95.0,97.3,99.0,81.3,106.0,12.4,11.0,17,7.2,10
1.0,0.25,1.0,Virginia,77.0,77,77,77.0,29.4,30.0,33,0.0,0.0,94.2,95.0,97.8,98.0,103.4,106.0,9.9,10.0,13,7.6,11
2.0,0.25,0.5,Virginia,77.0,77,77,77.0,31.1,31.0,34,0.0,0.0,94.2,95.0,98.0,99.0,104.8,106.0,11.8,12.5,15,7.6,10
1.0,0.01,0.5,Michigan,77.0,68,81,78.0,31.0,30.5,36,0.1,1.0,82.5,86.0,93.8,88.5,99.9,96.0,14.7,15.0,18,15.6,20
0.5,0.1,0.5,Virginia,77.2,77,79,77.0,18.6,18.5,21,0.0,0.0,96.5,95.0,102.3,100.0,106.0,106.0,6.0,6.0,8,0.2,1
1.0,0.1,0.5,Virginia,77.2,77,79,77.0,23.6,23.5,26,0.0,0.0,95.1,95.0,100.1,100.0,107.4,106.0,9.3,9.0,12,2.3,4
2.0,0.05,2.0,Virginia,77.2,77,79,77.0,29.3,29.0,32,0.0,0.0,99.0,97.5,107.9,104.5,82.6,106.0,10.2,11.0,15,5.3,8
1.0,0.1,2.0,Virginia,77.2,77,79,77.0,29.5,29.5,31,0.0,0.0,95.5,95.0,100.5,100.0,98.2,106.0,10.3,11.0,14,6.0,9
1.0,0.01,0.5,Wisconsin,77.2,60,107,66.5,33.2,33.0,38,0.2,1.0,84.0,84.5,93.5,93.5,61.3,49.5,64.3,64.5,72,26.1,29
0.5,0.05,2.0,South Carolina,77.4,65,101,76.0,12.9,13.0,16,0.0,0.0,96.9,97.5,113.6,121.0,53.5,28.0,13.1,13.0,16,1.7,2
1.0,0.05,0.5,South Carolina,77.4,65,101,76.0,8.9,9.0,11,0.0,0.0,98.1,97.5,113.2,121.0,60.6,28.0,11.9,12.0,17,1.9,3
1.0,0.01,1.0,Kentucky,77.4,55,111,71.0,28.8,28.5,32,0.0,0.0,106.3,111.0,126.4,119.5,106.8,91.5,11.3,11.0,16,6.7,11
1.0,0.1,1.0,Maryland,77.5,64,85,79.0,13.8,14.0,15,0.0,0.0,85.4,88.5,90.9,91.0,83.6,82.0,11.8,11.0,15,0.6,1
1.0,0.01,0.5,Ohio,77.5,63,102,71.0,42.7,42.0,48,0.0,0.0,99.8,100.0,111.1,110.5,91.0,100.0,9.9,9.5,12,4.8,7
0.5,0.01,1.0,Michigan,77.5,68,81,79.5,33.6,34.0,36,0.1,1.0,85.7,83.0,91.7,87.0,103.2,100.0,15.4,15.5,23,11.7,15
1.0,0.25,1.0,Connecticut,77.6,64,115,64.0,6.0,6.0,7,0.8,2.0,111.4,110.0,124.0,118.0,108.5,94.0,8.8,8.0,12,1.0,2
2.0,0.25,2.0,New Jersey,77.6,71,82,82.0,7.9,8.0,9,0.0,0.0,105.3,106.0,126.5,142.0,199.85714285714286,73.0,1.6,1.5,4,1.4,2
0.5,0.1,0.5,Utah,77.6,74,92,74.0,11.7,11.0,14,0.0,0.0,87.3,86.0,92.6,93.0,87.1,83.0,8.0,7.5,11,3.0,5
0.5,0.01,1.0,Nebraska,77.6,68,110,73.0,17.4,17.0,22,0.0,0.0,91.2,94.0,103.4,110.0,129.6,128.0,3.0,3.0,4,3.3,5
1.0,0.1,1.0,Utah,77.6,74,86,74.0,14.7,14.5,16,0.0,0.0,87.7,86.0,91.2,93.0,86.6,83.0,9.4,10.0,11,3.3,5
1.0,0.01,2.0,Nebraska,77.6,48,110,73.0,28.4,29.5,33,0.0,0.0,87.5,81.5,100.8,94.0,129.3,128.0,4.9,4.5,7,4.6,6
0.5,0.01,0.5,Michigan,77.6,68,81,78.0,25.1,25.5,31,0.4,1.0,84.9,86.0,95.5,90.0,100.6,96.0,10.7,10.5,15,9.5,12
2.0,0.25,2.0,Connecticut,77.7,64,115,64.0,6.2,6.0,7,0.7,1.0,112.1,115.0,123.2,123.0,106.8,94.0,8.5,9.0,11,0.8,1
2.0,0.05,2.0,Montana,77.8,41,87,87.0,13.6,14.0,15,0.0,0.0,102.5,105.0,120.4,123.0,129.5,139.0,3.8,4.0,5,7.8,9
2.0,0.1,2.0,Montana,77.8,41,87,87.0,14.8,15.0,16,0.0,0.0,101.4,105.0,113.8,116.0,122.5,135.0,3.2,3.0,5,8.0,9
1.0,0.05,2.0,Washington,77.8,60,98,73.0,13.8,13.5,17,0.1,1.0,96.0,98.0,100.1,99.0,28.0,28.0,26.8,25.0,38,10.1,13
2.0,0.05,0.5,Mississippi,78.0,59,117,75.5,10.9,11.0,13,0.0,0.0,107.5,108.0,130.5,117.0,305.0,305.0,1.0,1.0,1,0.0,0
1.0,0.1,2.0,Maryland,78.0,77,79,78.0,14.0,14.0,15,0.0,0.0,84.4,84.5,90.9,91.0,82.0,82.0,10.9,10.5,16,1.3,3
1.0,0.05,0.5,Montana,78.0,41,117,87.0,10.8,11.0,13,0.2,2.0,107.4,105.0,128.9,129.0,114.4,135.0,3.1,3.0,5,6.3,7
1.0,0.1,0.5,Washington,78.0,60,86,85.0,12.2,12.5,14,0.0,0.0,87.8,89.0,95.0,98.0,35.2,28.0,21.1,21.0,27,8.3,10
2.0,0.01,0.5,Michigan,78.1,68,87,78.0,39.6,39.5,42,0.2,1.0,88.6,86.0,95.9,88.5,97.9,96.0,19.5,20.5,25,17.4,21
1.0,0.1,0.5,California,78.2,56,82,80.0,3.5,3.5,5,7.0,34.0,93.1,84.0,121.0,103.0,28.0,28.0,66.5,66.0,79,31.8,35
2.0,0.05,0.5,Montana,78.3,41,116,87.0,13.1,13.0,15,0.0,0.0,100.8,105.0,117.9,116.0,119.5,135.0,4.2,4.5,6,7.8,10
1.0,0.01,2.0,Michigan,78.3,70,81,81.0,38.9,38.0,45,0.0,0.0,83.5,85.0,93.4,87.0,104.6,96.0,17.3,17.0,23,18.2,22
0.5,0.1,2.0,Maryland,78.4,77,79,79.0,14.3,14.0,15,0.0,0.0,87.2,90.5,91.9,91.0,84.8,82.0,9.7,9.5,13,0.6,1
0.5,0.05,1.0,Virginia,78.4,77,91,77.0,18.9,19.0,22,0.0,0.0,97.5,97.5,103.1,100.5,116.4,106.0,7.2,7.0,10,1.4,4
2.0,0.1,0.5,Virginia,78.4,77,91,77.0,28.6,29.0,30,0.0,0.0,94.3,95.0,99.0,100.0,81.3,106.0,11.5,11.5,13,7.6,9
0.5,0.25,0.5,Connecticut,78.5,64,115,64.0,5.9,6.0,7,0.7,1.0,105.6,107.0,122.5,122.5,103.9,94.0,5.4,5.0,7,1.0,2
2.0,0.25,0.5,New Jersey,78.7,71,82,82.0,8.4,8.0,9,0.0,0.0,108.3,106.0,128.8,143.0,257.0,343.0,1.3,1.5,2,1.0,1
1.0,0.05,0.5,Maryland,78.8,77,79,79.0,11.8,12.0,13,0.0,0.0,91.1,91.0,98.7,102.5,88.3,82.0,6.5,6.5,8,0.0,0
2.0,0.05,2.0,Maryland,78.8,64,90,79.0,13.7,13.0,15,0.0,0.0,92.3,91.0,102.2,103.0,98.1,84.5,9.8,10.0,14,1.0,2
0.5,0.1,1.0,Virginia,78.8,77,95,77.0,22.4,22.5,26,0.0,0.0,95.6,95.0,101.2,100.0,111.0,106.0,7.8,7.0,11,1.7,4
2.0,0.1,1.0,California,78.8,56,84,80.0,4.7,4.5,6,6.4,32.0,95.6,84.0,139.1,104.0,28.0,28.0,63.8,63.0,79,31.8,33
2.0,0.01,1.0,Michigan,78.9,78,81,78.0,38.7,39.5,44,0.2,1.0,86.3,87.0,94.9,93.0,94.3,96.0,20.1,20.5,26,17.7,24
1.0,0.05,2.0,North Dakota,79.0,52,82,82.0,17.1,17.0,19,0.0,0.0,94.7,95.0,105.3,100.0,49.6,28.0,6.9,7.0,9,2.4,4
2.0,0.01,0.5,Kentucky,79.0,71,111,71.0,31.2,31.0,37,0.0,0.0,106.6,111.0,125.2,119.5,103.4,72.5,11.7,11.5,17,5.5,8
2.0,0.01,2.0,Kentucky,79.0,71,111,71.0,33.5,34.0,36,0.0,0.0,128.5,117.0,139.5,142.0,137.7,170.5,13.9,12.5,28,7.4,12
1.0,0.01,0.5,Florida,79.0,50,132,73.5,8.4,8.5,11,3.3,10.0,107.8,111.0,144.1,138.5,50.5,28.0,23.0,23.0,33,22.9,29
2.0,0.05,0.5,California,79.0,56,84,81.0,3.8,4.0,5,5.4,33.0,95.5,84.0,103.44444444444444,103.0,28.0,28.0,64.7,64.0,79,32.1,35
2.0,0.01,2.0,Michigan,79.1,71,87,78.0,40.1,41.0,43,0.3,1.0,87.9,87.0,97.6,96.0,94.9,96.0,20.1,19.5,26,17.6,24
2.0,0.05,0.5,Virginia,79.2,77,95,77.0,26.9,27.0,29,0.0,0.0,97.6,98.0,106.9,100.5,90.3,106.0,10.0,10.0,13,3.9,7
1.0,0.01,2.0,Idaho,79.4,44,106,88.0,12.6,12.5,16,1.6,9.0,102.3,101.0,107.0,104.5,28.0,28.0,27.6,26.5,41,8.9,15
0.5,0.01,2.0,Florida,79.4,50,126,73.5,8.6,8.5,13,3.3,15.0,107.7,102.0,131.6,135.0,28.0,28.0,28.0,28.5,39,23.7,26
0.5,0.01,0.5,Ohio,79.5,71,101,71.0,31.1,30.0,38,0.0,0.0,98.4,100.0,111.8,115.5,103.6,100.0,6.2,6.0,11,3.4,6
0.5,0.05,2.0,Mississippi,79.6,59,117,75.5,9.1,9.0,11,0.0,0.0,118.0,108.0,133.9,117.0,274.0,274.0,1.0,1.0,1,0.0,0
2.0,0.1,2.0,Washington,79.6,60,97,86.0,15.1,15.0,17,0.1,1.0,89.4,89.0,94.1,97.5,28.0,28.0,23.5,21.0,31,10.0,12
2.0,0.05,1.0,Maryland,79.7,77,90,79.0,13.8,14.0,14,0.0,0.0,90.8,91.0,98.1,98.0,92.7,83.0,11.0,10.5,19,1.1,2
2.0,0.05,1.0,Virginia,79.7,77,100,77.0,27.9,28.0,31,0.0,0.0,99.8,95.0,104.3,100.0,92.9,106.0,9.4,9.5,12,4.8,7
2.0,0.01,2.0,Florida,79.7,50,143,50.0,9.6,8.5,15,5.6,18.0,112.7,114.0,133.8,132.0,74.7,43.0,36.2,37.5,53,24.5,28
1.0,0.01,2.0,Kentucky,79.8,71,111,71.0,31.9,32.5,36,0.0,0.0,116.5,111.0,131.4,127.5,97.0,28.0,13.4,13.5,19,6.9,10
0.5,0.25,0.5,New Jersey,79.9,70,106,82.0,6.6,6.5,8,0.0,0.0,112.1,123.5,131.1,153.0,93.8,73.0,1.8,2.0,2,0.0,0
0.5,0.05,1.0,Maryland,79.9,77,90,79.0,11.8,12.0,13,0.0,0.0,90.7,91.0,100.3,103.0,83.9,82.0,7.7,7.0,10,0.2,1
1.0,0.01,2.0,Arizona,79.9,49,111,80.0,9.3,9.0,11,0.5,1.0,99.7,107.0,111.8,113.0,106.2,103.0,7.7,7.5,12,1.5,4
0.5,0.1,0.5,Maryland,80.0,77,85,79.0,11.9,12.0,14,0.0,0.0,89.4,90.5,94.4,91.0,84.3,82.0,6.4,6.5,10,0.4,1
1.0,0.01,0.5,Nebraska,80.0,48,110,73.0,20.4,21.0,23,0.0,0.0,89.6,90.0,99.6,94.0,130.4,128.0,3.3,3.0,5,4.0,5
ALL,ALL,ALL,Montana,80.04166666666667,41,186,87.0,12.091666666666667,13.0,19,0.1527777777777778,3.0,110.63055555555556,105.0,129.4361111111111,116.0,133.7012195121951,135.0,2.456824512534819,2.0,6,6.305555555555555,10
2.0,0.05,0.5,Utah,80.1,74,93,74.0,13.2,13.0,14,0.0,0.0,91.2,93.0,96.0,96.0,93.6,83.0,10.9,11.0,14,3.9,5
0.5,0.25,2.0,New Jersey,80.2,70,110,82.0,7.7,8.0,9,0.0,0.0,109.4,110.0,131.1,142.0,104.33333333333333,73.0,1.5,2.0,3,0.7,1
0.5,0.01,2.0,Arizona,80.2,49,103,82.0,8.6,9.0,10,0.5,1.0,104.2,111.0,115.0,116.0,93.9,103.0,8.2,9.0,10,1.9,3
2.0,0.25,1.0,California,80.2,80,82,80.0,4.0,4.0,5,4.7,5.0,84.0,84.0,103.0,103.0,28.0,28.0,60.4,60.5,65,32.8,34
2.0,0.01,2.0,Idaho,80.3,44,112,88.0,13.1,13.5,17,1.7,9.0,110.1,102.0,118.4,106.0,28.0,28.0,25.5,25.0,36,8.2,14
0.5,0.05,2.0,Maryland,80.4,77,85,79.0,13.0,13.0,14,0.0,0.0,89.0,91.0,97.8,98.0,94.8,88.5,10.0,9.0,15,0.0,0
1.0,0.05,0.5,Utah,80.4,74,96,74.0,11.3,11.5,13,0.0,0.0,90.1,89.0,96.4,96.0,86.7,83.0,9.0,8.5,12,4.2,7
2.0,0.1,1.0,Washington,80.4,60,98,86.0,14.9,15.5,17,0.1,1.0,85.1,89.0,90.4,97.0,28.0,28.0,24.7,24.0,33,9.9,12
1.0,0.01,0.5,Arizona,80.5,49,111,83.5,9.0,9.5,11,0.3,1.0,103.3,111.0,112.4,111.5,107.2,115.5,7.9,8.5,13,1.0,3
1.0,0.05,2.0,Utah,80.5,74,96,78.5,13.3,13.0,15,0.0,0.0,91.1,92.5,99.7,96.0,83.3,89.0,13.3,13.5,16,5.0,7
2.0,0.01,1.0,Idaho,80.5,44,101,95.0,12.5,12.0,17,0.8,3.0,99.0,99.0,105.8,107.0,28.0,28.0,26.7,24.5,40,9.3,12
1.0,0.1,2.0,Washington,80.5,60,86,85.5,14.7,15.0,18,0.0,0.0,88.4,87.5,96.4,98.0,28.0,28.0,23.8,24.0,30,10.2,12
1.0,0.05,1.0,Maryland,80.6,77,91,79.0,13.1,13.0,14,0.0,0.0,91.9,91.0,99.7,103.0,89.2,82.0,10.2,10.0,16,0.1,1
0.5,0.25,1.0,Massachusetts,80.6,69,93,80.0,7.9,8.0,9,0.0,0.0,86.6,93.5,95.7,94.5,41.2,28.0,3.1,3.0,4,0.4,1
2.0,0.25,0.5,Massachusetts,80.6,69,93,80.0,7.9,8.0,9,0.0,0.0,89.3,93.5,96.8,94.5,28.0,28.0,3.2,3.5,6,0.4,1
1.0,0.05,2.0,Virginia,80.6,77,95,77.0,27.7,28.0,30,0.0,0.0,96.3,95.5,102.6,100.0,94.7,106.0,9.7,10.0,13,4.8,9
1.0,0.01,1.0,Indiana,80.6,63,96,87.0,48.2,48.0,54,0.0,0.0,97.8,98.5,107.7,110.5,110.3,115.5,15.4,16.0,21,7.9,11
0.5,0.05,2.0,Washington,80.6,60,86,86.0,11.3,11.0,13,0.3,1.0,93.0,98.0,98.4,99.0,28.0,28.0,23.8,23.5,30,10.0,12
1.0,0.1,1.0,California,80.8,80,84,80.0,3.8,4.0,5,3.9,5.0,84.6,84.0,162.3,103.0,28.0,28.0,65.9,66.5,69,32.8,34
0.5,0.1,0.5,Washington,80.9,60,89,86.0,10.5,10.5,12,0.0,0.0,87.4,89.0,95.0,98.0,42.4,28.0,18.6,18.0,23,5.9,7
0.5,0.01,0.5,Idaho,80.9,44,123,95.0,8.3,8.5,11,1.7,8.0,106.6,102.0,113.5,110.0,68.6,28.0,19.6,19.5,28,7.9,14
1.0,0.05,1.0,South Carolina,81.0,76,101,76.0,13.7,14.0,16,0.0,0.0,102.9,101.0,116.0,121.0,70.1,67.0,14.5,14.0,18,1.7,2
0.5,0.05,1.0,South Carolina,81.0,76,101,76.0,8.0,8.0,10,0.0,0.0,102.8,101.0,118.0,121.0,42.1,28.0,11.7,11.5,14,2.0,3
2.0,0.1,2.0,California,81.0,80,84,80.0,4.7,4.5,7,3.5,5.0,84.9,84.0,106.66666666666667,103.0,28.0,28.0,58.4,59.5,63,32.0,34
0.5,0.05,0.5,Maryland,81.1,64,103,79.0,10.2,10.0,12,0.0,0.0,88.3,90.5,96.2,96.5,89.6,82.0,6.0,6.5,10,0.2,1
0.5,0.01,0.5,Arizona,81.1,49,116,72.0,8.0,8.0,10,0.4,3.0,110.2,111.0,115.8,114.5,118.2,104.5,4.2,4.0,7,0.9,3
2.0,0.1,0.5,West Virginia,81.2,46,99,87.0,15.5,16.0,17,0.1,1.0,166.3,182.0,185.0,185.0,193.2,201.0,5.5,5.0,11,1.8,3
1.0,0.1,2.0,California,81.2,80,84,80.0,4.9,5.0,7,3.5,5.0,85.6,84.0,104.2,103.0,28.0,28.0,61.0,62.5,66,31.6,33
2.0,0.1,1.0,Utah,81.4,74,96,79.0,14.4,14.5,17,0.0,0.0,90.2,89.0,93.9,93.0,95.5,89.0,12.8,13.0,15,4.4,8
0.5,0.1,1.0,California,81.4,80,84,80.0,4.4,4.0,6,3.4,5.0,86.5,84.0,107.8,103.0,28.0,28.0,59.3,60.0,65,30.6,32
0.5,0.1,0.5,California,81.5,80,93,80.0,3.1,3.0,4,14.6,18.0,100.9,103.0,143.44444444444446,175.0,28.0,28.0,49.7,50.0,54,30.6,33
0.5,0.1,2.0,California,81.6,80,84,81.0,4.2,4.0,6,2.8,5.0,85.9,84.0,102.22222222222223,103.0,28.0,28.0,67.2,69.0,72,32.3,35
2.0,0.1,0.5,California,81.6,80,84,82.0,4.0,4.0,5,2.7,5.0,84.9,84.0,156.6,103.0,28.0,28.0,62.7,62.5,72,32.5,34
1.0,0.25,0.5,New Jersey,81.7,70,110,82.0,7.3,7.5,8,0.0,0.0,120.4,141.0,133.1,143.0,100.0,80.0,0.8,0.0,3,0.7,1
1.0,0.05,0.5,Washington,81.7,60,89,86.0,12.2,12.5,15,0.0,0.0,95.0,98.0,100.0,99.0,41.8,28.0,20.9,21.0,28,8.0,10
ALL,ALL,ALL,California,81.89166666666667,56,116,82.0,3.611111111111111,4.0,7,7.947826086956522,34.0,102.14202898550725,91.0,134.52083333333334,103.0,28.191666666666666,28.0,64.66388888888889,64.0,92,31.494444444444444,35
0.5,0.01,0.5,Kentucky,81.9,55,156,71.0,10.8,11.0,14,0.0,0.0,116.5,111.0,132.6,123.0,187.0,184.0,3.6,3.5,6,3.3,6
0.5,0.05,0.5,Virginia,82.0,77,95,77.0,16.6,17.0,20,0.0,0.0,98.1,100.0,105.0,101.0,121.6,106.0,5.6,5.0,9,0.1,1
1.0,0.05,2.0,Maryland,82.0,77,103,79.0,13.4,13.5,14,0.0,0.0,89.5,90.0,99.2,103.0,100.8,88.5,9.4,9.0,13,0.7,1
0.5,0.05,0.5,South Carolina,82.2,65,124,76.0,5.2,5.0,9,0.0,0.0,98.4,94.0,119.4,101.0,65.9,61.5,8.3,8.5,11,1.2,2
0.5,0.05,1.0,Utah,82.2,74,96,79.0,11.1,11.0,14,0.0,0.0,95.1,96.0,98.9,100.0,97.6,96.0,8.2,8.5,10,4.2,7
2.0,0.05,1.0,Utah,82.2,74,96,80.0,13.9,14.0,17,0.0,0.0,94.7,96.0,100.9,100.5,86.6,89.0,12.7,12.5,16,4.5,9
2.0,0.05,2.0,California,82.2,80,84,83.0,5.1,5.0,6,2.5,5.0,88.8,88.5,108.2,103.0,28.0,28.0,62.1,63.0,68,31.3,33
ALL,ALL,ALL,South Carolina,82.24722222222222,65,127,76.0,11.994444444444444,12.5,20,0.044444444444444446,1.0,102.1138888888889,94.0,125.08450704225352,121.0,61.044444444444444,28.0,12.705555555555556,14.0,22,1.9083333333333334,4
0.5,0.01,1.0,Idaho,82.3,44,106,97.0,10.9,11.5,13,0.8,4.0,102.9,101.0,106.2,102.0,45.0,28.0,17.5,16.0,31,6.3,10
1.0,0.05,0.5,California,82.3,80,93,80.0,3.1,3.0,5,3.6,6.0,86.4,84.0,147.125,175.0,28.0,28.0,67.7,67.0,78,31.6,33
1.0,0.05,1.0,Montana,82.4,41,87,87.0,12.0,12.0,13,0.0,0.0,105.0,105.0,123.8,129.0,130.0,139.0,2.6,2.0,5,6.8,8
1.0,0.05,2.0,Montana,82.4,41,87,87.0,13.0,13.5,14,0.0,0.0,105.0,105.0,129.1,129.0,103.4,135.0,3.7,3.5,6,7.8,9
1.0,0.05,2.0,California,82.4,80,84,83.0,4.2,4.5,5,4.5,30.0,95.8,85.5,153.4,103.0,28.0,28.0,65.5,63.0,75,31.6,33
2.0,0.25,1.0,New Jersey,82.6,71,110,82.0,8.1,8.0,9,0.0,0.0,111.7,110.0,126.7,141.0,304.0,375.0,1.4,1.0,3,1.1,2
1.0,0.05,1.0,California,82.6,80,84,83.0,3.8,4.0,6,4.8,31.0,96.8,87.5,154.22222222222223,105.0,28.0,28.0,64.9,63.5,75,32.0,33
0.5,0.05,1.0,California,82.8,80,84,83.0,3.7,3.5,5,3.0,16.0,89.1,85.5,124.11111111111111,103.0,28.0,28.0,62.7,63.5,67,30.7,33
2.0,0.05,1.0,California,82.8,80,84,84.0,4.5,4.5,6,1.9,5.0,90.6,93.0,103.66666666666667,96.0,28.0,28.0,66.0,65.5,73,31.6,33
0.5,0.05,2.0,Virginia,82.9,77,100,77.0,22.9,23.5,25,0.0,0.0,99.9,100.0,106.6,101.0,88.9,106.0,9.7,10.0,13,4.4,8
ALL,ALL,ALL,Oregon,82.99722222222222,45,201,45.0,14.219444444444445,15.0,19,0.002777777777777778,1.0,120.00555555555556,86.0,145.01111111111112,137.0,169.45,89.0,1.9080779944289694,2.0,7,7.669444444444444,13
2.0,0.01,1.0,Kentucky,83.0,71,111,71.0,33.6,34.0,38,0.0,0.0,116.1,111.0,137.8,146.0,111.9,106.0,12.7,12.0,17,6.3,13
0.5,0.05,2.0,California,83.0,80,84,84.0,4.4,5.0,5,1.6,5.0,89.7,90.0,116.9,103.0,28.0,28.0,65.6,66.0,77,31.5,33
1.0,0.01,1.0,Ohio,83.2,71,114,77.5,51.0,51.5,56,0.1,1.0,99.0,97.5,108.5,108.0,83.9,82.0,9.6,9.5,12,7.2,10
ALL,ALL,ALL,Washington,83.225,60,125,86.0,12.152777777777779,13.0,20,0.13055555555555556,3.0,93.94166666666666,89.0,101.78055555555555,98.0,39.52777777777778,28.0,21.966666666666665,22.0,38,9.113888888888889,16
1.0,0.05,0.5,Mississippi,83.3,59,145,75.5,7.7,8.0,9,0.0,0.0,108.1,100.0,128.6,117.0,258.3333333333333,274.0,1.3333333333333333,1.0,2,0.0,0
1.0,0.01,0.5,North Dakota,83.3,82,95,82.0,10.0,10.0,12,0.0,0.0,125.8,124.5,155.3,160.0,104.4,99.5,2.7,2.0,7,0.1,1
1.0,0.25,0.5,Massachusetts,83.3,69,93,92.0,7.9,8.0,9,0.0,0.0,91.7,94.0,98.7,100.5,54.4,28.0,2.7,3.0,4,0.3,1
2.0,0.01,0.5,Ohio,83.3,63,100,81.5,52.5,52.0,55,0.0,0.0,97.8,100.0,110.4,110.0,123.8,112.0,10.1,10.0,13,6.6,8
ALL,ALL,ALL,Utah,83.35,72,166,74.0,12.677777777777777,13.0,18,0.10833333333333334,3.0,96.19722222222222,92.0,104.11666666666666,96.0,93.75,83.0,10.077777777777778,10.0,17,3.7416666666666667,9
1.0,0.25,2.0,Nevada,83.4,78,87,87.0,6.0,6.0,6,0.0,0.0,101.4,102.0,150.1,145.0,157.0,175.0,1.0,1.0,1,0.0,0
0.5,0.25,2.0,Nevada,83.4,72,102,82.5,5.0,5.0,5,0.0,0.0,101.2,94.5,138.0,144.0,154.42857142857142,175.0,1.0,1.0,1,0.0,0
0.5,0.01,1.0,Georgia,83.4,58,113,88.0,22.9,22.5,27,0.2,2.0,108.8,111.0,129.8,123.5,130.0,144.0,2.3,2.5,4,4.1,6
1.0,0.05,1.0,Utah,83.4,74,92,85.0,12.3,12.5,14,0.0,0.0,94.0,96.0,104.3,101.0,81.0,89.0,10.2,10.5,12,4.4,7
0.5,0.01,2.0,Ohio,83.4,71,101,82.5,51.5,51.0,56,0.0,0.0,101.0,100.0,109.6,105.0,108.3,101.5,12.1,11.5,15,5.4,9
0.5,0.25,1.0,Nevada,83.5,64,102,87.0,4.8,5.0,5,0.0,0.0,105.4,102.0,159.6,186.0,175.0,175.0,1.0,1.0,1,0.0,0
2.0,0.05,0.5,Washington,83.5,60,98,86.0,12.8,13.0,15,0.0,0.0,92.6,93.5,98.0,99.0,28.0,28.0,23.7,23.5,31,10.6,12
0.5,0.01,1.0,Florida,83.5,50,143,76.0,9.2,10.0,16,4.5,17.0,118.6,122.0,140.9,139.0,31.0,28.0,18.6,19.5,24,20.9,26
2.0,0.01,1.0,Ohio,83.7,71,100,76.5,54.5,54.0,60,0.0,0.0,102.9,100.5,113.2,118.5,112.0,112.0,12.1,12.0,17,7.2,11
1.0,0.05,1.0,Mississippi,83.8,59,117,92.0,9.6,9.5,12,0.0,0.0,114.4,108.0,131.0,117.0,274.0,274.0,1.0,1.0,1,0.0,0
1.0,0.25,0.5,Nevada,83.9,64,129,82.5,5.0,5.0,5,0.0,0.0,103.0,94.5,142.3,145.0,151.0,175.0,1.3333333333333333,1.0,2,0.0,0
2.0,0.05,0.5,Maryland,83.9,77,99,79.5,13.6,14.0,14,0.0,0.0,94.6,93.0,98.3,96.5,97.9,82.0,10.8,10.5,17,0.9,2
1.0,0.05,1.0,Virginia,84.2,77,95,77.0,24.9,24.0,28,0.0,0.0,100.0,100.0,115.8,119.0,118.5,106.0,9.1,9.0,11,5.0,10
1.0,0.05,1.0,Washington,84.5,60,98,86.0,11.6,11.5,14,0.1,1.0,93.6,93.0,101.1,98.5,28.0,28.0,22.8,22.0,29,10.5,12
0.5,0.1,1.0,Connecticut,84.6,64,115,81.0,5.6,6.0,6,0.5,1.0,116.6,115.0,134.2,137.0,116.0,98.5,8.9,9.0,12,1.1,2
0.5,0.05,0.5,Utah,84.8,74,96,86.0,9.8,9.5,12,0.0,0.0,95.5,96.0,100.6,101.0,97.2,97.0,7.0,7.0,9,3.9,6
0.5,0.05,1.0,Washington,84.8,60,98,86.0,11.2,11.5,13,0.1,1.0,93.4,93.5,100.4,99.0,48.8,28.0,19.6,19.0,23,7.7,11
0.5,0.05,2.0,Utah,84.9,74,96,85.0,12.7,13.0,14,0.0,0.0,95.9,96.0,100.7,100.0,98.3,95.0,9.2,10.0,12,4.0,5
0.5,0.25,0.5,Nevada,85.0,64,102,87.0,2.8,2.5,4,0.0,0.0,114.2,115.5,123.0,145.0,175.0,175.0,1.0,1.0,1,0.0,0
2.0,0.05,2.0,Utah,85.0,74,96,86.0,13.4,13.5,15,0.0,0.0,94.1,94.5,97.8,98.0,97.3,95.0,10.7,10.5,13,4.8,8
1.0,0.01,2.0,Tennessee,85.6,66,118,66.0,31.4,32.0,36,0.0,0.0,130.6,118.0,148.0,154.0,153.3,196.5,18.3,19.0,24,9.8,13
0.5,0.01,1.0,Ohio,85.8,63,113,82.0,40.6,41.0,47,0.0,0.0,98.8,100.0,109.9,114.5,86.7,91.0,10.5,10.5,15,4.3,6
0.5,0.01,0.5,Georgia,86.0,58,139,80.0,14.4,14.5,17,0.0,0.0,101.7,104.5,118.5,114.5,101.83333333333333,111.5,1.6,1.5,4,2.2,4
2.0,0.05,2.0,Washington,86.1,60,98,86.0,13.0,12.5,18,0.3,1.0,97.2,98.0,98.8,99.0,34.4,28.0,23.9,24.0,30,11.2,15
0.5,0.05,2.0,Oregon,86.3,45,182,45.0,14.6,15.0,16,0.1,1.0,131.0,137.0,159.7,173.5,259.125,155.0,1.2,1.0,2,9.5,11
0.5,0.01,2.0,Georgia,86.4,58,113,90.0,32.6,31.5,38,0.0,0.0,103.5,106.5,131.4,124.0,141.6,152.5,3.2,3.0,5,5.4,8
1.0,0.01,1.0,Idaho,86.4,44,106,88.0,11.8,12.0,15,0.6,4.0,105.0,104.5,112.5,112.0,28.0,28.0,27.7,29.0,39,8.9,13
0.5,0.1,1.0,West Virginia,86.6,46,182,87.0,11.4,11.5,13,0.2,1.0,138.9,140.5,186.5,186.0,177.0,194.0,4.0,4.0,5,1.7,3
2.0,0.25,0.5,Nevada,87.0,72,129,87.0,6.0,6.0,6,0.0,0.0,104.8,102.0,158.4,151.0,164.71428571428572,175.0,1.1428571428571428,1.0,2,0.0,0
1.0,0.05,0.5,Virginia,87.0,77,100,86.0,20.2,20.5,23,0.0,0.0,101.0,100.0,110.1,109.0,92.6,106.0,8.5,8.0,13,3.3,6
0.5,0.05,2.0,Montana,87.0,87,87,87.0,12.1,13.0,14,0.0,0.0,106.1,105.0,123.9,129.0,135.0,139.0,2.3,2.0,5,7.0,8
1.0,0.1,0.5,New Jersey,87.2,77,141,82.0,5.9,6.0,7,0.0,0.0,127.3,141.0,148.5,153.0,131.0,131.0,0.2222222222222222,0.0,1,0.8,1
0.5,0.05,0.5,Washington,87.3,73,98,86.0,8.7,8.5,10,0.2,1.0,93.9,98.0,100.4,99.0,48.0,28.0,17.4,17.0,19,7.0,10
2.0,0.05,2.0,Mississippi,87.8,59,117,92.0,13.0,13.0,15,0.0,0.0,115.8,117.0,136.9,145.0,432.0,432.0,0.25,0.0,1,0.4,1
0.5,0.05,0.5,California,87.8,80,93,92.0,2.9,3.0,4,15.3,30.0,122.2,104.0,135.16666666666666,125.5,28.0,28.0,47.7,47.5,55,29.3,31
0.5,0.05,0.5,Mississippi,87.9,59,117,92.0,4.8,5.0,7,0.0,0.0,122.8,117.0,138.9,146.5,,,0.0,0.0,0,0.0,0
2.0,0.01,2.0,California,87.9,84,99,84.0,3.8,4.0,4,6.4,21.0,107.2,99.0,211.0,175.0,28.0,28.0,69.2,69.0,77,30.0,32
2.0,0.25,1.0,Massachusetts,88.1,69,93,93.0,8.1,8.0,9,0.0,0.0,93.7,94.0,97.5,95.0,64.3,28.0,3.2,3.0,5,0.3,1
0.5,0.01,2.0,California,88.3,84,103,84.0,2.6,2.0,4,7.0,33.0,151.55555555555554,103.0,137.5,137.5,28.0,28.0,72.1,71.0,78,31.0,33
2.0,0.25,1.0,Nevada,88.5,87,102,87.0,6.0,6.0,6,0.0,0.0,117.7,115.5,186.8,186.0,154.42857142857142,175.0,1.2857142857142858,1.0,2,0.0,0
ALL,ALL,ALL,Maryland,88.5111111111111,59,165,79.0,12.438888888888888,13.0,15,0.002777777777777778,1.0,97.93333333333334,90.0,104.93611111111112,91.0,102.19777158774373,82.0,9.526462395543176,9.0,19,0.5638888888888889,3
1.0,0.05,2.0,Mississippi,88.6,59,108,92.0,9.9,10.0,12,0.0,0.0,110.2,117.0,134.1,145.0,274.0,274.0,1.0,1.0,1,0.0,0
2.0,0.01,0.5,Idaho,88.7,44,103,97.0,13.9,14.0,16,0.1,1.0,101.6,101.0,106.7,103.0,28.0,28.0,24.4,24.0,31,7.4,9
ALL,ALL,ALL,Virginia,88.76388888888889,77,198,77.0,23.083333333333332,24.0,36,0.002777777777777778,1.0,109.08611111111111,95.0,118.23398328690807,100.0,123.87709497206704,106.0,8.525139664804469,9.0,18,3.7805555555555554,11
2.0,0.1,1.0,Massachusetts,88.9,69,104,93.0,8.1,8.0,9,0.0,0.0,97.7,94.0,103.7,103.5,38.4,28.0,2.7,3.0,3,0.2,1
2.0,0.01,1.0,California,89.1,80,99,88.5,2.2,2.0,5,6.285714285714286,31.0,154.42857142857142,99.0,170.33333333333334,198.0,28.0,28.0,67.9,65.0,81,31.8,34
1.0,0.01,1.0,Georgia,89.4,58,162,64.0,35.5,36.0,42,0.0,0.0,98.7,73.0,116.4,108.5,149.88888888888889,166.0,3.1,3.0,5,4.8,8
2.0,0.01,0.5,California,89.4,84,99,84.0,3.2,3.0,5,9.11111111111111,28.0,127.88888888888889,99.0,213.85714285714286,206.0,28.0,28.0,67.3,67.0,72,30.8,33
1.0,0.01,1.0,California,89.9,84,116,84.0,2.9,2.5,5,6.0,26.0,121.8,101.5,163.4,107.0,28.0,28.0,69.4,70.0,83,30.7,32
0.5,0.1,1.0,Massachusetts,90.0,69,104,93.0,8.3,8.0,9,0.0,0.0,99.6,94.0,105.4,103.0,54.4,28.0,2.3,2.5,3,0.0,0
1.0,0.1,1.0,West Virginia,90.0,46,182,75.0,14.7,15.0,16,0.3,1.0,132.6,99.0,184.5,182.0,181.9,185.5,4.1,4.5,7,1.8,2
2.0,0.1,2.0,West Virginia,90.0,46,182,75.0,14.5,15.0,15,0.2,1.0,141.1,140.5,184.0,185.0,182.2,185.5,6.2,6.5,8,2.7,4
2.0,0.1,0.5,Connecticut,90.1,64,137,81.5,6.0,6.0,7,0.6,2.0,126.1,125.0,135.6,138.0,131.9,123.0,8.7,9.0,11,1.0,2
2.0,0.01,1.0,Florida,90.4,50,143,84.0,8.3,8.5,10,2.6,15.0,119.3,132.0,138.2,139.0,56.9,28.0,35.2,34.0,48,25.2,30
0.5,0.01,2.0,Kentucky,90.5,71,139,71.0,27.4,27.5,32,0.0,0.0,118.2,111.0,142.4,149.0,108.3,106.0,11.4,11.5,15,8.4,11
2.0,0.1,0.5,Massachusetts,90.6,69,107,93.0,7.9,8.0,8,0.0,0.0,97.0,96.0,106.2,103.5,28.0,28.0,2.6,2.0,4,0.2,2
1.0,0.1,2.0,Massachusetts,90.6,69,104,93.0,7.9,8.0,9,0.1,1.0,102.6,101.0,108.7,112.0,37.9,28.0,3.8,4.0,6,0.3,1
2.0,0.05,1.0,Washington,90.6,60,98,98.0,13.4,14.0,15,0.0,0.0,96.4,99.0,101.5,99.0,28.0,28.0,22.7,22.0,32,10.3,13
1.0,0.1,0.5,Massachusetts,90.8,69,107,93.0,8.1,8.0,9,0.0,0.0,97.6,99.0,106.5,108.5,41.2,28.0,3.1,3.0,4,0.1,1
2.0,0.1,2.0,Massachusetts,90.9,69,94,93.0,7.8,8.0,8,0.1,1.0,100.8,103.0,108.8,109.0,37.9,28.0,3.0,3.0,5,0.3,1
2.0,0.01,2.0,Georgia,91.1,58,169,80.0,43.2,43.5,48,0.0,0.0,111.9,104.5,126.0,109.0,128.4,129.0,7.5,7.0,12,6.2,9
1.0,0.01,2.0,Ohio,91.2,63,122,100.0,53.3,54.0,59,0.0,0.0,101.2,101.0,115.5,121.5,120.4,112.0,10.8,10.0,20,6.7,9
2.0,0.25,2.0,Nevada,91.3,64,129,87.0,6.0,6.0,6,0.0,0.0,111.2,102.0,156.9,186.0,157.0,175.0,1.125,1.0,2,0.0,0
2.0,0.01,0.5,Florida,91.4,50,143,84.0,8.6,9.0,12,1.5,5.0,110.4,119.5,126.7,128.5,58.3,28.0,29.4,29.5,40,24.9,29
2.0,0.1,1.0,Connecticut,91.7,64,137,64.0,6.1,6.0,7,0.5,1.0,125.8,125.0,137.2,138.0,125.4,114.0,8.0,8.5,11,0.9,1
0.5,0.01,2.0,Tennessee,91.7,66,145,77.0,29.2,30.0,32,0.0,0.0,136.5,133.5,154.5,163.0,156.4,196.5,10.0,9.5,18,6.7,10
0.5,0.01,1.0,California,91.9,84,105,93.0,2.4,2.0,5,6.625,25.0,118.625,99.0,198.75,198.0,28.0,28.0,64.2,64.5,69,28.1,30
0.5,0.05,1.0,Mississippi,92.0,59,117,92.0,5.3,5.0,9,0.0,0.0,123.1,112.5,160.2,141.0,274.0,274.0,1.0,1.0,1,0.0,0
2.0,0.01,2.0,North Carolina,92.0,51,109,95.0,21.1,21.0,24,0.0,0.0,120.4,124.0,131.8,129.0,264.7,309.0,6.0,5.0,11,2.6,5
2.0,0.01,2.0,Ohio,92.1,63,121,100.0,56.0,55.0,61,0.0,0.0,102.8,103.0,113.7,116.5,127.7,125.0,11.1,11.0,14,5.3,10
1.0,0.01,2.0,California,92.1,84,103,91.5,2.8,2.5,6,6.555555555555555,27.0,119.77777777777777,103.0,163.4,198.0,28.0,28.0,69.2,67.5,77,31.8,33
0.5,0.1,1.0,New Jersey,92.3,71,110,94.0,6.5,6.0,8,0.0,0.0,129.2,141.0,151.6,153.0,100.5,84.0,1.5,1.5,2,0.0,0
2.0,0.1,2.0,Connecticut,92.4,64,137,89.5,5.9,6.0,7,0.6,2.0,122.3,121.5,139.6,141.5,122.3,111.0,8.8,9.0,12,1.1,3
2.0,0.1,1.0,West Virginia,92.4,46,182,87.0,15.5,16.0,17,0.3,1.0,166.0,182.0,184.6,185.0,175.7,193.5,5.5,5.5,8,2.3,3
2.0,0.01,1.0,Georgia,93.1,58,113,104.5,40.2,40.0,45,0.3,2.0,123.2,123.5,133.3,131.5,177.8,166.0,4.9,5.5,7,6.5,8
2.0,0.01,0.5,Tennessee,93.9,66,137,92.0,33.0,33.0,37,0.0,0.0,130.0,126.0,148.9,153.0,166.5,185.0,12.5,13.0,17,7.6,13
1.0,0.01,0.5,California,93.9,84,103,96.0,1.9,2.0,4,19.0,29.0,158.33333333333334,175.0,293.5,293.5,28.0,28.0,63.9,63.0,78,30.3,34
0.5,0.1,2.0,Massachusetts,94.1,93,104,93.0,7.6,8.0,8,0.0,0.0,99.9,98.0,107.4,109.5,28.0,28.0,3.3,3.5,4,0.2,1
1.0,0.01,0.5,North Carolina,94.2,51,142,95.0,9.8,9.5,14,0.0,0.0,119.5,117.5,133.8,127.5,259.1111111111111,189.0,2.2222222222222223,2.0,4,0.3,2
1.0,0.25,1.0,Nevada,94.3,64,129,87.0,4.9,5.0,5,0.0,0.0,117.7,115.5,149.4,151.0,154.42857142857142,175.0,1.1428571428571428,1.0,2,0.0,0
2.0,0.01,2.0,Tennessee,94.3,66,161,66.5,33.4,33.0,37,0.1,1.0,138.4,131.5,155.3,157.0,120.6,159.5,18.4,18.5,24,10.6,13
2.0,0.01,0.5,New York,94.5,75,115,98.0,7.1,7.0,11,2.2,9.0,112.0,113.5,124.2,123.0,28.0,28.0,158.2,155.0,174,39.8,43
1.0,0.1,1.0,New Jersey,94.8,71,141,82.0,7.1,7.0,9,0.0,0.0,132.3,141.0,147.1,152.0,349.44444444444446,393.0,1.1,1.0,2,1.1,2
1.0,0.1,1.0,Massachusetts,95.0,70,104,93.0,7.6,8.0,8,0.0,0.0,104.3,105.5,111.6,112.0,36.8,28.0,2.7,2.5,4,0.4,1
2.0,0.1,2.0,New Jersey,95.0,71,141,82.0,7.1,7.0,8,0.0,0.0,122.0,141.0,148.2,153.0,245.55555555555554,293.0,1.7,1.5,5,1.6,2
1.0,0.01,2.0,New York,95.2,64,107,100.0,7.9,8.0,11,1.8,9.0,111.7,113.5,122.0,117.5,28.0,28.0,160.4,161.5,172,38.9,43
1.0,0.01,2.0,North Dakota,95.4,82,149,82.0,13.1,12.0,16,0.0,0.0,132.8,149.0,160.3,160.0,191.25,143.5,2.7,3.5,5,1.7,3
0.5,0.1,0.5,Massachusetts,95.6,93,104,93.0,7.7,8.0,8,0.0,0.0,102.2,101.5,106.7,105.5,77.5,28.0,2.2,2.0,4,0.0,0
0.5,0.1,0.5,New Jersey,95.6,82,110,94.0,6.3,6.5,7,0.0,0.0,131.7,141.0,153.6,153.0,177.0,177.0,1.0,1.0,1,0.0,0
2.0,0.1,1.0,New Jersey,95.6,82,110,94.0,7.3,7.0,8,0.0,0.0,131.7,141.0,155.1,153.0,327.57142857142856,393.0,0.8888888888888888,1.0,2,1.3,2
1.0,0.25,1.0,Delaware,95.7,74,102,95.0,3.0,3.0,3,0.0,0.0,138.0,102.0,211.2,221.0,,,0.0,0.0,0,0.0,0
0.5,0.01,2.0,Pennsylvania,95.8,52,112,106.0,40.1,41.0,44,0.2,1.0,110.7,110.0,117.7,116.0,85.0,110.5,19.3,20.0,24,8.3,11
0.5,0.05,0.5,Massachusetts,95.9,70,117,93.5,7.0,7.0,8,0.1,1.0,110.3,112.0,121.7,114.0,72.4,28.0,2.3,3.0,3,0.6,2
1.0,0.01,0.5,Utah,95.9,74,104,96.5,9.4,9.5,12,0.6,3.0,120.8,123.0,142.3,137.5,105.8,111.0,8.2,9.0,12,2.7,4
1.0,0.01,2.0,Florida,96.0,50,136,99.5,9.3,8.0,15,4.0,17.0,127.3,129.0,144.4,143.0,76.9,43.0,31.1,32.5,37,24.4,28
0.5,0.01,0.5,New York,96.1,76,131,99.0,5.1,6.0,8,3.3,13.0,116.1,116.5,141.7,130.0,40.4,28.0,109.6,111.5,126,37.3,41
1.0,0.01,0.5,New York,96.1,75,102,100.0,7.0,7.5,11,4.3,34.0,117.9,107.0,134.33333333333334,120.0,28.0,28.0,139.3,139.0,148,38.3,43
0.5,0.01,0.5,California,96.3,84,111,94.5,2.5,2.5,4,5.285714285714286,11.0,109.28571428571429,110.0,174.0,146.0,34.9,28.0,49.9,49.0,59,25.5,28
2.0,0.01,0.5,North Carolina,96.4,95,109,95.0,18.3,18.0,22,0.0,0.0,128.9,129.0,139.7,142.0,211.5,189.0,7.0,7.0,12,1.3,3
0.5,0.01,2.0,North Dakota,96.7,82,149,82.0,11.7,12.0,14,0.0,0.0,136.1,149.0,156.4,160.0,145.88888888888889,97.0,3.0,2.0,6,0.3,2
1.0,0.01,0.5,Georgia,96.7,58,169,104.5,26.5,26.5,30,0.0,0.0,113.3,113.0,127.1,120.0,164.11111111111111,165.0,2.5,3.0,5,4.2,8
2.0,0.01,1.0,Utah,97.0,92,104,96.0,11.9,11.5,14,0.3,1.0,113.9,113.5,130.4,124.0,101.6,112.0,11.0,11.0,14,4.4,6
2.0,0.05,0.5,Massachusetts,97.1,93,107,93.5,7.7,8.0,9,0.1,1.0,106.9,108.5,112.2,113.0,41.2,28.0,3.3,3.0,5,0.3,1
1.0,0.01,2.0,North Carolina,97.5,95,109,95.0,19.9,20.0,25,0.0,0.0,116.7,115.5,135.1,129.0,230.6,236.0,6.8,6.5,10,2.9,6
2.0,0.01,1.0,North Dakota,97.6,82,160,82.0,13.2,13.0,16,0.0,0.0,143.4,154.5,173.7,164.0,149.2,102.0,4.9,5.0,7,1.6,5
1.0,0.01,1.0,New York,97.6,64,130,100.0,6.9,7.5,11,2.2,7.0,112.3,117.0,123.44444444444444,128.0,28.0,28.0,161.8,161.5,177,38.8,44
2.0,0.05,1.0,Mississippi,97.7,59,117,108.0,12.6,12.5,14,0.0,0.0,122.1,117.0,138.3,146.5,344.5,344.5,0.5,0.5,1,0.2,1
1.0,0.1,2.0,West Virginia,97.8,46,182,87.0,15.5,15.0,17,0.3,1.0,155.9,182.0,184.8,185.0,187.5,193.0,4.6,4.5,8,2.2,3
2.0,0.01,0.5,North Dakota,98.0,82,149,82.0,13.1,13.0,17,0.0,0.0,140.8,160.0,163.3,168.0,245.0,190.0,4.4,5.0,8,1.3,3
1.0,0.1,0.5,Connecticut,98.1,64,137,99.0,6.0,6.0,7,0.3,1.0,124.5,124.5,136.0,139.0,140.5,154.0,7.5,7.0,11,0.6,1
0.5,0.01,2.0,Virginia,98.3,77,152,78.0,14.6,14.5,17,0.0,0.0,130.6,129.0,153.3,152.0,175.6,156.0,4.9,4.5,8,1.5,3
0.5,0.25,1.0,Delaware,98.5,95,102,98.5,3.0,3.0,3,0.0,0.0,144.9,144.0,200.8,195.0,,,0.0,0.0,0,0.0,0
1.0,0.25,2.0,Delaware,98.5,95,102,98.5,3.0,3.0,3,0.0,0.0,144.0,144.0,217.2,221.0,,,0.0,0.0,0,0.0,0
1.0,0.1,2.0,Connecticut,98.5,64,137,115.0,6.1,6.0,7,0.4,1.0,125.5,125.0,135.6,138.0,128.4,130.0,7.5,7.5,10,0.9,2
ALL,ALL,ALL,Mississippi,98.63231197771587,59,457,59.0,9.089136490250697,9.0,16,0.0,0.0,141.6457142857143,108.0,174.13649851632047,117.0,288.9846153846154,274.0,0.9113924050632911,1.0,3,0.052924791086350974,1
0.5,0.05,1.0,Massachusetts,98.7,69,107,105.5,7.4,7.0,9,0.0,0.0,109.8,112.0,113.9,114.0,28.0,28.0,2.6,3.0,3,0.2,1
1.0,0.1,0.5,West Virginia,98.7,46,186,75.0,12.8,13.0,14,0.4,1.0,139.6,140.5,177.6,184.0,163.2,194.0,4.1,3.0,9,2.0,3
2.0,0.05,2.0,Massachusetts,98.8,93,107,99.0,7.6,7.5,9,0.0,0.0,107.2,107.0,113.2,114.0,28.0,28.0,3.2,3.0,4,0.4,1
2.0,0.01,2.0,Utah,98.8,92,104,100.0,11.8,12.0,13,0.2,1.0,115.6,123.0,130.0,129.0,100.2,111.5,10.0,10.0,15,4.4,7
1.0,0.01,2.0,Utah,98.9,92,104,98.5,10.4,10.0,15,0.1,1.0,114.2,116.0,127.8,123.0,102.4,112.0,11.8,12.0,14,5.1,6
1.0,0.25,0.5,Alabama,99.0,99,99,99.0,16.1,16.0,17,0.0,0.0,113.6,111.0,125.2,124.0,,,0.0,0.0,0,0.0,0
2.0,0.01,2.0,New York,99.0,76,120,100.0,6.6,6.5,9,4.8,24.0,120.0,117.5,135.5,134.5,43.0,28.0,157.2,159.5,172,40.5,44
0.5,0.25,2.0,Delaware,99.2,95,102,102.0,3.0,3.0,3,0.0,0.0,153.9,186.0,208.0,208.0,,,0.0,0.0,0,0.0,0
0.5,0.25,0.5,Delaware,99.2,95,102,102.0,3.0,3.0,3,0.0,0.0,153.3,186.0,203.4,195.0,,,0.0,0.0,0,0.0,0
2.0,0.25,2.0,Delaware,99.2,95,102,102.0,3.0,3.0,3,0.0,0.0,156.3,186.0,211.2,221.0,,,0.0,0.0,0,0.0,0
2.0,0.01,0.5,Utah,99.3,92,104,102.5,10.7,11.0,15,1.0,3.0,122.7,124.0,141.7,134.0,110.8,112.0,9.5,9.5,16,4.4,7
2.0,0.01,2.0,North Dakota,99.6,82,149,91.0,13.4,14.0,16,0.0,0.0,144.2,149.0,161.0,160.0,256.4,250.5,3.2,3.0,5,1.4,3
0.5,0.01,1.0,North Dakota,99.8,82,149,88.5,7.7,8.0,11,0.0,0.0,134.0,149.0,170.7,160.0,146.125,102.0,1.5,1.0,5,0.3,1
1.0,0.25,0.5,Delaware,99.9,95,102,102.0,3.0,3.0,3,0.0,0.0,161.7,186.0,217.8,221.0,,,0.0,0.0,0,0.0,0
2.0,0.25,0.5,Delaware,99.9,95,102,102.0,3.0,3.0,3,0.0,0.0,161.7,186.0,208.6,211.0,,,0.0,0.0,0,0.0,0
0.5,0.1,1.0,Delaware,99.9,95,102,102.0,3.0,3.0,3,0.0,0.0,165.6,186.0,229.0,221.0,,,0.0,0.0,0,0.0,0
0.5,0.01,1.0,Utah,99.9,92,123,96.0,9.3,9.5,11,0.1,1.0,121.4,123.0,144.1,153.0,141.1,158.0,6.1,5.5,10,1.6,3
0.5,0.25,0.5,Alabama,100.2,99,111,99.0,9.2,9.5,10,0.0,0.0,112.3,111.0,127.0,124.0,,,0.0,0.0,0,0.0,0
1.0,0.25,1.0,Alabama,100.2,99,111,99.0,17.3,17.0,18,0.0,0.0,116.2,111.0,126.4,124.0,,,0.0,0.0,0,0.0,0
1.0,0.1,2.0,New Jersey,100.4,71,141,108.0,7.7,7.5,9,0.0,0.0,130.8,141.0,147.4,151.0,284.3333333333333,393.0,1.3,1.0,2,1.2,2
2.0,0.01,0.5,Georgia,100.4,58,139,104.5,35.2,35.5,41,0.0,0.0,116.8,111.0,139.4,136.5,197.1,168.0,4.4,5.0,7,6.5,9
0.5,0.01,1.0,New York,100.4,60,120,101.0,5.8,6.5,8,1.3,4.0,116.2,115.0,130.22222222222223,122.0,28.0,28.0,130.8,128.5,147,38.7,42
1.0,0.01,1.0,Utah,100.5,96,104,102.5,10.4,10.0,13,0.6,3.0,117.3,113.5,129.0,124.0,111.8,112.0,10.7,11.0,14,4.4,8
2.0,0.25,1.0,Delaware,100.6,95,102,102.0,3.0,3.0,3,0.0,0.0,171.0,186.0,209.2,211.0,,,0.0,0.0,0,0.0,0
2.0,0.1,2.0,Delaware,100.6,95,102,102.0,3.0,3.0,3,0.0,0.0,171.0,186.0,219.8,221.0,,,0.0,0.0,0,0.0,0
2.0,0.1,0.5,Delaware,100.6,95,102,102.0,3.0,3.0,3,0.0,0.0,175.2,186.0,222.4,221.0,174.0,174.0,1.0,1.0,1,0.0,0
0.5,0.1,0.5,West Virginia,100.6,75,193,75.0,5.6,6.0,6,0.4,1.0,145.8,144.0,193.1,193.0,169.3,193.0,3.0,3.0,5,0.9,2
1.0,0.01,2.0,Pennsylvania,100.6,57,113,106.0,41.9,41.0,49,0.3,3.0,109.7,111.0,114.6,116.0,75.7,68.0,20.8,21.5,26,8.3,10
1.0,0.01,1.0,North Dakota,100.9,82,160,82.0,11.9,11.5,15,0.0,0.0,125.7,102.0,162.0,160.0,139.77777777777777,102.0,2.3333333333333335,2.0,5,1.4,3
1.0,0.05,0.5,Massachusetts,101.1,91,121,99.5,7.2,7.0,8,0.0,0.0,108.4,109.5,121.1,124.0,54.4,28.0,3.1,3.0,5,0.5,1
1.0,0.1,0.5,Delaware,101.3,95,102,102.0,3.0,3.0,3,0.0,0.0,183.9,190.5,214.4,221.0,174.0,174.0,1.0,1.0,1,0.0,0
1.0,0.1,2.0,Delaware,101.3,95,102,102.0,3.0,3.0,3,0.0,0.0,186.9,198.0,218.4,221.0,174.0,174.0,1.0,1.0,1,0.0,0
1.0,0.1,1.0,Delaware,101.3,95,102,102.0,3.0,3.0,3,0.0,0.0,182.4,186.0,219.8,221.0,,,0.0,0.0,0,0.0,0
0.5,0.01,2.0,North Carolina,101.3,95,147,95.0,15.5,16.0,20,0.0,0.0,127.0,127.5,139.3,146.0,188.22222222222223,155.0,5.9,6.5,9,0.5,1
0.5,0.25,1.0,Alabama,101.4,99,111,99.0,14.2,14.0,16,0.0,0.0,116.2,111.0,126.4,124.0,,,0.0,0.0,0,0.0,0
0.5,0.25,2.0,Alabama,101.4,99,111,99.0,16.8,17.0,18,0.0,0.0,117.5,117.5,127.0,127.0,,,0.0,0.0,0,0.0,0
0.5,0.1,0.5,Nevada,101.4,87,129,102.0,2.6,3.0,3,0.0,0.0,142.5,148.0,166.5,168.5,164.71428571428572,175.0,1.1428571428571428,1.0,2,0.0,0
1.0,0.01,2.0,Georgia,101.7,58,143,113.0,38.2,37.5,44,0.4,2.0,133.2,138.0,153.6,170.5,208.0,197.5,4.7,3.5,10,6.4,10
1.0,0.05,2.0,Delaware,102.0,102,102,102.0,3.0,3.0,3,0.0,0.0,196.5,201.0,248.0,261.0,174.0,174.0,1.0,1.0,1,0.0,0
1.0,0.05,0.5,Delaware,102.0,102,102,102.0,3.0,3.0,3,0.0,0.0,198.9,201.0,236.6,221.0,174.0,174.0,1.0,1.0,1,0.0,0
0.5,0.05,2.0,Delaware,102.0,102,102,102.0,3.0,3.0,3,0.0,0.0,205.8,201.0,235.2,221.0,174.0,174.0,1.0,1.0,1,0.0,0
2.0,0.05,0.5,Delaware,102.0,102,102,102.0,3.0,3.0,3,0.0,0.0,194.4,198.0,251.6,261.0,174.0,174.0,1.0,1.0,1,0.0,0
2.0,0.1,1.0,Delaware,102.0,102,102,102.0,3.0,3.0,3,0.0,0.0,192.9,190.5,217.8,221.0,,,0.0,0.0,0,0.0,0
0.5,0.1,2.0,Delaware,102.0,102,102,102.0,3.0,3.0,3,0.0,0.0,189.9,186.0,217.8,221.0,,,0.0,0.0,0,0.0,0
0.5,0.1,0.5,Delaware,102.0,102,102,102.0,3.0,3.0,3,0.0,0.0,190.5,186.0,221.2,221.0,174.0,174.0,1.0,1.0,1,0.0,0
0.5,0.1,2.0,West Virginia,102.0,46,182,99.0,13.6,13.5,15,0.0,0.0,172.1,182.0,187.7,186.0,192.1,194.0,5.1,5.0,8,1.9,2
0.5,0.01,1.0,North Carolina,102.1,51,126,101.0,9.7,10.0,13,0.0,0.0,126.4,126.0,139.8,139.5,270.85714285714283,314.0,2.2,2.0,6,0.5,2
0.5,0.01,2.0,New York,102.3,92,118,100.0,6.2,5.5,12,2.5,14.0,117.2,117.5,133.1,129.5,36.2,28.0,149.2,150.0,165,39.5,43
1.0,0.05,2.0,Massachusetts,102.4,93,112,104.0,7.8,8.0,9,0.0,0.0,113.6,112.0,118.6,114.0,28.0,28.0,2.6,3.0,4,0.3,1
1.0,0.05,1.0,Massachusetts,102.4,93,119,103.5,7.4,7.0,8,0.0,0.0,114.2,112.0,120.3,114.0,41.2,28.0,3.0,3.0,5,0.4,1
2.0,0.25,0.5,Alabama,102.6,99,111,99.0,18.1,18.0,19,0.0,0.0,118.8,124.0,127.6,130.0,225.0,225.0,1.0,1.0,1,0.0,0
1.0,0.1,1.0,Nevada,102.6,87,129,94.5,4.9,5.0,5,0.0,0.0,140.6,137.0,219.7,186.0,163.0,175.0,1.1666666666666667,1.0,2,0.0,0
1.0,0.25,2.0,Alabama,102.7,99,124,99.0,19.6,20.0,20,0.0,0.0,118.1,117.5,128.4,127.0,225.0,225.0,1.0,1.0,1,0.0,0
2.0,0.25,1.0,Alabama,102.7,99,124,99.0,21.0,21.0,22,0.0,0.0,115.5,111.0,127.5,124.0,225.0,225.0,1.1428571428571428,1.0,2,0.0,0
2.0,0.25,2.0,Alabama,102.7,99,124,99.0,21.2,21.0,22,0.0,0.0,116.8,111.0,128.1,124.0,268.25,225.0,1.125,1.0,2,0.0,0
1.0,0.01,1.0,Pennsylvania,102.8,70,114,106.0,42.0,42.0,44,0.0,0.0,112.3,114.0,119.1,119.0,91.8,119.0,20.6,20.5,25,6.7,9
0.5,0.05,0.5,Connecticut,103.1,64,144,115.0,4.1,4.0,5,0.4,1.0,136.4,137.0,142.44444444444446,144.0,143.1,156.0,4.5,4.0,10,0.4,1
0.5,0.01,2.0,Utah,103.1,92,134,102.5,11.3,11.5,14,0.6,1.0,121.1,118.0,134.9,124.0,118.0,112.0,9.6,10.5,15,2.8,5
ALL,ALL,ALL,Massachusetts,103.28888888888889,69,177,93.0,7.438888888888889,8.0,9,0.027777777777777776,2.0,116.45833333333333,107.0,128.67222222222222,112.0,62.12078651685393,28.0,2.9387186629526463,3.0,6,0.3111111111111111,2
1.0,0.01,2.0,Virginia,103.3,77,133,109.5,17.0,17.0,20,0.0,0.0,136.9,133.0,153.7,152.0,241.0,298.0,5.2,6.0,8,1.5,3
1.0,0.01,0.5,Tennessee,103.3,66,118,118.0,22.7,21.5,31,0.0,0.0,136.7,137.0,159.1,160.5,207.9,204.0,6.8,6.5,14,6.5,10
2.0,0.01,1.0,New York,103.3,98,115,102.0,8.2,8.5,11,4.0,36.0,124.3,116.5,131.6,121.0,28.0,28.0,147.4,148.0,166,38.6,43
0.5,0.05,2.0,Massachusetts,103.4,93,107,105.5,7.3,7.0,8,0.0,0.0,112.1,112.0,116.9,116.5,67.6,28.0,3.1,3.0,5,0.5,1
2.0,0.05,1.0,Massachusetts,103.8,93,126,104.0,7.6,8.0,8,0.0,0.0,116.6,112.0,121.8,114.0,28.0,28.0,3.6,4.0,5,0.4,1
2.0,0.01,1.0,Pennsylvania,104.2,91,121,106.0,40.4,41.0,44,0.1,1.0,111.9,110.0,117.9,115.5,65.3,28.0,21.8,22.0,28,9.0,14
2.0,0.01,0.5,Pennsylvania,104.2,80,121,106.0,40.1,40.5,46,0.4,2.0,112.9,114.5,118.2,116.5,64.3,28.0,19.6,20.5,22,10.2,15
1.0,0.05,0.5,New Jersey,104.3,82,141,110.0,5.4,5.5,6,0.0,0.0,141.4,141.0,158.3,158.5,170.0,161.0,0.8333333333333334,0.5,2,0.5,1
1.0,0.01,0.5,Pennsylvania,104.3,96,110,106.0,39.2,38.5,45,0.1,1.0,112.5,110.0,117.3,113.0,54.9,28.0,16.9,16.5,21,6.6,10
2.0,0.05,0.5,Nevada,104.4,78,129,94.5,4.9,5.0,6,0.0,0.0,137.6,137.0,235.6,276.0,160.6,175.0,1.2,1.0,2,0.0,0
2.0,0.01,1.0,Washington,104.4,73,115,108.0,7.7,7.5,10,0.3,1.0,116.7,115.0,139.5,125.0,54.8,28.0,18.1,18.0,24,12.1,15
1.0,0.1,0.5,Nevada,104.7,78,129,102.0,4.9,5.0,5,0.0,0.0,140.2,148.0,199.6,186.0,135.0,103.0,1.4444444444444444,1.0,2,0.0,0
0.5,0.1,2.0,New Jersey,104.7,82,141,110.0,7.2,7.0,9,0.0,0.0,138.6,141.0,150.6,153.0,232.6,177.0,0.75,1.0,2,0.9,2
0.5,0.01,1.0,Pennsylvania,104.8,52,121,110.0,35.8,35.5,40,0.1,1.0,113.1,116.5,123.7,121.0,111.9,134.5,15.2,15.0,22,8.5,14
0.5,0.1,2.0,Connecticut,104.9,64,139,118.0,6.1,6.0,7,0.4,2.0,131.6,137.0,138.4,139.0,144.5,141.0,7.7,8.5,10,0.9,2
2.0,0.1,0.5,New Jersey,104.9,71,141,110.0,7.4,7.5,9,0.0,0.0,133.0,141.0,151.7,153.0,264.42857142857144,365.0,1.1,1.0,3,1.2,2
1.0,0.01,0.5,Washington,105.0,98,112,104.0,6.7,7.0,9,0.3,3.0,121.7,115.0,140.3,129.5,64.0,28.0,15.6,15.5,19,8.1,9
2.0,0.1,2.0,Nevada,105.3,87,129,94.5,5.6,6.0,6,0.0,0.0,142.4,140.0,235.9,276.0,175.0,175.0,1.0,1.0,1,0.0,0
2.0,0.1,0.5,Nevada,105.3,87,129,94.5,5.7,6.0,6,0.0,0.0,137.3,140.0,240.0,276.0,167.85714285714286,175.0,1.1428571428571428,1.0,2,0.0,0
1.0,0.01,1.0,North Carolina,105.3,95,150,95.0,13.8,13.0,17,0.0,0.0,130.1,127.5,141.4,130.0,254.0,284.0,4.111111111111111,4.0,8,1.2,3
2.0,0.01,2.0,South Carolina,105.5,76,121,121.0,9.5,9.5,12,0.2,1.0,140.2,124.5,193.5,183.0,48.6,28.0,11.1,10.0,16,1.9,3
0.5,0.01,2.0,Washington,105.5,98,115,101.5,8.2,7.5,11,0.1,1.0,117.8,115.0,129.2,125.0,28.0,28.0,17.0,17.0,24,10.8,14
2.0,0.01,1.0,North Carolina,105.6,95,129,95.0,20.4,20.0,24,0.0,0.0,123.7,125.5,138.1,135.5,232.2,219.0,7.3,7.0,11,2.5,5
0.5,0.01,0.5,North Carolina,106.0,51,142,102.0,7.4,7.5,11,0.0,0.0,137.2,142.0,146.4,148.5,157.5,153.0,2.3333333333333335,2.5,4,0.4,3
2.0,0.1,0.5,Alabama,106.4,99,124,99.0,17.2,17.0,18,0.0,0.0,122.6,124.0,132.2,130.0,225.0,225.0,1.0,1.0,1,0.0,0
0.5,0.01,1.0,Tennessee,106.5,66,118,118.0,20.7,20.0,28,0.0,0.0,136.5,149.0,152.2,157.5,180.6,197.0,6.9,7.5,12,4.9,7
0.5,0.01,0.5,Pennsylvania,106.7,96,132,106.0,33.4,34.0,37,0.2,2.0,111.0,110.0,117.0,113.5,101.1,119.0,11.8,11.0,19,5.0,8
0.5,0.1,1.0,Nevada,106.8,87,129,102.0,4.5,4.5,5,0.0,0.0,145.8,151.0,216.9,186.0,166.0,175.0,1.125,1.0,2,0.0,0
0.5,0.1,0.5,Connecticut,107.0,64,137,115.0,5.4,5.0,7,0.2,1.0,128.5,135.0,135.1,139.0,150.8,172.5,5.3,5.5,9,0.3,1
1.0,0.1,1.0,Connecticut,107.3,64,137,115.0,6.1,6.0,7,0.2,1.0,127.2,131.0,137.3,141.5,149.1,161.0,7.8,7.0,10,0.9,1
0.5,0.01,0.5,Tennessee,107.3,66,169,118.0,15.1,15.0,18,0.0,0.0,137.0,135.5,153.3,153.0,193.3,196.5,2.7,2.0,5,2.0,6
ALL,ALL,ALL,Connecticut,107.38888888888889,64,288,115.0,5.794444444444444,6.0,7,0.3593314763231198,2.0,144.14206128133705,137.0,164.1444759206799,139.0,157.89204545454547,154.0,6.576271186440678,7.0,15,0.7805555555555556,3
0.5,0.05,1.0,Connecticut,108.0,64,144,115.0,5.5,6.0,6,0.3,1.0,135.6,137.0,142.2,144.0,163.8,163.5,6.1,6.5,8,0.9,1
2.0,0.01,1.0,Tennessee,108.0,66,118,118.0,33.9,33.5,41,0.0,0.0,140.4,143.0,156.7,158.5,115.0,66.5,18.7,17.5,35,8.8,12
1.0,0.01,2.0,Washington,108.0,98,115,113.5,9.0,8.5,13,0.3,1.0,117.0,116.5,130.8,125.0,42.4,28.0,17.0,16.5,22,10.6,13
2.0,0.05,0.5,Connecticut,108.3,64,139,115.0,6.1,6.0,7,0.3,1.0,134.6,137.0,142.9,144.0,164.0,175.0,7.7,7.5,13,0.9,1
1.0,0.01,1.0,Washington,108.4,98,115,112.0,8.2,8.0,10,0.2,1.0,115.5,115.0,122.4,122.5,37.3,28.0,17.3,17.5,23,11.2,15
2.0,0.01,2.0,Washington,108.5,98,115,112.0,8.9,9.0,13,0.2,1.0,116.1,115.0,134.8,123.0,61.5,28.0,17.0,15.5,24,11.5,16
1.0,0.01,0.5,Montana,108.8,41,163,117.0,7.1,7.5,9,0.5,3.0,146.5,150.0,177.2,165.5,151.71428571428572,138.0,1.8,1.0,5,3.5,5
0.5,0.1,1.0,Alabama,108.9,99,124,105.0,12.4,12.5,14,0.0,0.0,122.5,124.0,135.0,130.0,,,0.0,0.0,0,0.0,0
1.0,0.1,1.0,Alabama,108.9,99,124,105.0,15.5,15.5,17,0.0,0.0,123.2,124.0,133.6,130.0,225.0,225.0,1.0,1.0,1,0.0,0
2.0,0.05,1.0,Oregon,108.9,45,183,111.5,15.5,15.0,17,0.0,0.0,160.7,183.0,182.9,187.0,298.375,286.5,1.3,1.0,4,10.2,12
2.0,0.01,0.5,Washington,108.9,98,115,112.0,8.2,8.5,12,0.0,0.0,116.5,115.5,126.0,125.0,37.3,28.0,17.1,16.0,27,10.8,12
1.0,0.05,2.0,Connecticut,109.0,64,137,115.0,6.3,6.0,7,0.0,0.0,130.3,131.0,141.5,140.0,170.9,175.0,6.6,6.5,10,0.7,1
0.5,0.01,0.5,Utah,109.2,74,166,99.5,6.8,6.5,10,0.4,2.0,136.2,124.0,155.9,161.0,134.9,137.5,4.7,4.5,9,2.2,4
2.0,0.05,2.0,Nevada,109.8,87,129,102.0,4.9,5.0,6,0.0,0.0,151.4,151.0,240.0,276.0,147.28571428571428,175.0,1.2857142857142858,1.0,2,0.0,0
0.5,0.01,1.0,Washington,109.8,98,125,109.5,7.0,7.0,9,0.3,1.0,123.6,120.0,132.8,129.5,100.1,118.5,12.6,13.5,17,7.5,9
0.5,0.01,0.5,North Dakota,109.9,82,160,82.0,5.4,5.0,8,0.0,0.0,139.7,149.0,171.0,164.0,119.125,97.0,2.5,2.5,4,0.0,0
1.0,0.05,1.0,New Jersey,109.9,80,144,110.0,6.6,6.5,8,0.0,0.0,135.9,141.0,155.0,153.0,186.33333333333334,188.0,1.6,2.0,3,0.8,1
2.0,0.1,1.0,Alabama,110.0,99,124,111.0,19.4,19.5,21,0.0,0.0,121.3,124.0,131.6,130.0,294.2,225.0,1.0,1.0,1,0.0,0
0.5,0.1,2.0,Alabama,110.0,99,124,111.0,15.5,15.5,17,0.0,0.0,122.6,124.0,132.8,130.0,214.0,214.0,1.0,1.0,1,0.0,0
1.0,0.01,1.0,South Carolina,110.0,76,121,121.0,6.6,6.5,9,0.1,1.0,136.8,124.0,188.4,178.5,129.0,129.0,6.4,6.0,9,1.9,2
2.0,0.05,1.0,Delaware,110.4,102,186,102.0,3.0,3.0,3,0.0,0.0,202.0,201.0,260.2,261.0,174.0,174.0,1.0,1.0,1,0.0,0
1.0,0.01,1.0,Tennessee,110.5,66,138,118.0,29.4,29.5,35,0.0,0.0,149.8,152.0,166.8,163.0,154.1,173.0,11.6,12.0,15,7.2,10
0.5,0.01,0.5,Washington,110.9,99,125,115.0,5.6,6.0,7,0.5,3.0,124.4,117.0,136.7,125.0,130.2,135.0,9.1,9.5,13,6.8,9
2.0,0.01,2.0,Pennsylvania,111.1,105,137,108.0,42.6,43.0,45,0.0,0.0,117.8,113.5,122.8,122.0,80.6,73.5,17.7,18.0,23,7.3,10
0.5,0.1,2.0,Nevada,111.3,87,129,102.0,4.5,4.5,5,0.0,0.0,149.7,151.0,240.0,276.0,139.0,139.0,1.375,1.0,2,0.0,0
2.0,0.01,0.5,South Carolina,111.4,65,121,121.0,8.5,8.0,11,0.3,1.0,146.2,125.5,197.5,232.0,121.0,129.0,8.2,8.0,13,1.8,3
2.0,0.05,1.0,Connecticut,111.6,64,139,120.0,6.3,6.0,7,0.2,1.0,138.2,139.0,144.2,144.0,158.3,175.0,6.7,6.0,10,0.7,1
0.5,0.05,1.0,Delaware,111.9,102,201,102.0,2.9,3.0,3,0.0,0.0,200.9,201.0,225.44444444444446,221.0,174.0,174.0,1.0,1.0,1,0.0,0
2.0,0.05,2.0,Delaware,111.9,102,201,102.0,3.0,3.0,3,0.0,0.0,200.0,201.0,240.1,221.5,174.0,174.0,1.0,1.0,1,0.0,0
ALL,ALL,ALL,Nevada,111.91388888888889,64,176,129.0,4.541666666666667,5.0,6,0.0,0.0,152.6611111111111,151.0,223.46666666666667,276.0,181.1178861788618,175.0,1.1585365853658536,1.0,2,0.0,0
0.5,0.01,2.0,South Carolina,112.0,76,121,121.0,7.0,7.0,11,0.1,1.0,132.8,124.0,169.4,127.0,130.2,133.0,6.6,8.0,9,1.6,2
0.5,0.25,2.0,Maine,112.3,77,152,126.0,11.0,11.0,13,0.0,0.0,151.5,163.5,182.8,184.5,,,0.0,0.0,0,0.3,1
2.0,0.1,2.0,Alabama,112.5,99,124,111.0,19.9,20.0,21,0.0,0.0,125.8,124.0,134.7,130.0,431.2857142857143,571.0,1.1428571428571428,1.0,2,0.0,0
1.0,0.1,2.0,Alabama,112.6,99,124,111.0,19.1,19.0,20,0.0,0.0,125.1,124.0,136.1,130.0,225.0,225.0,1.0,1.0,1,0.0,0
2.0,0.05,2.0,Connecticut,113.2,64,137,115.0,6.4,6.0,7,0.2,1.0,136.5,138.0,142.5,144.0,157.3,175.0,6.8,6.0,11,0.6,1
ALL,ALL,ALL,New Jersey,113.32311977715878,69,365,110.0,6.311977715877437,6.0,10,0.0,0.0,141.40896358543418,141.0,169.11614730878188,153.0,238.4759825327511,188.0,1.2724137931034483,1.0,5,0.6852367688022284,2
0.5,0.01,2.0,Maryland,113.6,85,147,113.0,10.2,10.0,11,0.1,1.0,134.4,136.0,146.6,148.0,150.7,158.0,8.4,9.0,12,0.5,2
1.0,0.1,0.5,Alabama,113.9,99,124,117.5,14.0,14.0,15,0.0,0.0,127.0,127.0,138.5,138.5,214.0,214.0,1.0,1.0,1,0.0,0
2.0,0.01,2.0,Virginia,114.4,77,180,122.0,18.0,18.0,20,0.0,0.0,147.9,149.5,182.0,167.5,187.3,157.5,5.0,5.0,9,1.5,3
1.0,0.01,2.0,South Carolina,114.5,76,121,121.0,7.8,7.5,10,0.2,1.0,149.1,125.5,203.5,239.0,120.5,129.0,6.9,6.5,10,1.6,2
2.0,0.01,1.0,South Carolina,115.0,101,121,121.0,8.6,8.5,12,0.2,1.0,145.0,124.5,181.8,150.0,127.5,129.0,8.5,8.0,14,2.2,4
1.0,0.05,2.0,Alabama,115.1,99,130,117.5,17.8,18.0,20,0.0,0.0,131.0,130.0,142.9,147.0,214.0,214.0,1.0,1.0,1,0.0,0
2.0,0.05,2.0,Alabama,115.1,99,124,117.5,18.3,18.5,20,0.0,0.0,127.0,127.0,138.5,138.5,407.5,407.5,1.5,1.5,2,0.0,0
2.0,0.01,0.5,Montana,115.2,87,139,111.0,8.1,8.0,10,0.5,2.0,146.9,156.5,191.2,197.0,161.71428571428572,139.0,1.5,1.0,5,4.8,8
0.5,0.05,0.5,New Jersey,115.3,71,144,110.0,5.0,5.0,6,0.0,0.0,142.4,142.5,156.9,153.0,135.75,141.0,1.0,1.0,1,0.0,0
1.0,0.05,0.5,Connecticut,115.4,64,141,124.0,5.9,6.0,7,0.2,1.0,134.0,138.0,142.2,142.5,161.0,175.0,7.2,7.5,9,0.7,1
1.0,0.05,0.5,Alabama,115.7,99,130,117.5,11.5,11.0,15,0.0,0.0,127.4,127.0,138.8,138.5,214.0,214.0,1.0,1.0,1,0.0,0
2.0,0.1,1.0,Nevada,115.8,78,129,129.0,5.8,6.0,6,0.0,0.0,148.2,151.0,232.6,250.5,159.0,175.0,1.2222222222222223,1.0,2,0.0,0
0.5,0.01,0.5,South Carolina,116.2,76,127,126.0,3.1,2.5,6,0.1,1.0,193.2,201.5,227.2,239.0,141.9,147.0,2.8,3.0,4,0.4,1
1.0,0.05,1.0,Alabama,116.3,99,124,117.5,12.7,13.0,15,0.0,0.0,126.3,130.0,139.5,146.5,214.0,214.0,1.0,1.0,1,0.0,0
2.0,0.05,0.5,Alabama,116.3,99,124,117.5,13.8,13.5,17,0.0,0.0,128.2,130.0,144.8,147.0,214.0,214.0,1.0,1.0,1,0.0,0
0.5,0.01,1.0,South Carolina,116.3,94,121,121.0,4.2,4.0,6,0.3,1.0,157.0,127.0,202.4,239.0,137.5,138.5,3.3,3.0,6,1.3,2
0.5,0.05,1.0,Alabama,116.4,99,124,124.0,11.0,11.0,13,0.0,0.0,125.0,130.0,139.9,147.0,214.0,214.0,1.0,1.0,1,0.0,0
1.0,0.1,2.0,Nevada,116.4,87,129,129.0,5.7,6.0,6,0.0,0.0,142.3,151.0,245.5,276.0,161.44444444444446,175.0,1.2222222222222223,1.0,2,0.0,0
1.0,0.01,0.5,South Carolina,116.5,76,121,121.0,6.0,5.5,9,0.1,1.0,140.4,127.0,225.0,237.5,135.8,131.0,4.5,4.0,9,1.1,2
2.0,0.05,0.5,New Jersey,116.7,82,144,110.0,6.6,6.5,8,0.0,0.0,148.2,142.5,157.1,158.5,236.83333333333334,188.0,0.8888888888888888,1.0,2,0.8,2
1.0,0.01,1.0,Virginia,116.8,77,198,110.5,15.4,14.0,20,0.0,0.0,139.9,129.0,171.2,151.0,171.3,139.5,4.9,4.0,7,0.8,2
0.5,0.25,2.0,Rhode Island,117.3,103,127,126.5,4.0,4.0,4,0.0,0.0,146.0,147.0,220.5,263.0,175.0,175.0,1.0,1.0,1,0.0,0
0.5,0.1,0.5,Alabama,117.6,99,124,124.0,8.4,8.0,11,0.0,0.0,126.3,130.0,139.3,145.5,214.0,214.0,1.0,1.0,1,0.0,0
1.0,0.05,1.0,Connecticut,117.7,64,144,131.0,6.0,6.0,6,0.2,1.0,136.5,138.0,142.9,144.0,171.7,175.0,6.7,7.0,11,1.0,1
2.0,0.05,1.0,Nevada,117.9,87,129,129.0,5.6,6.0,6,0.0,0.0,153.8,163.0,222.0,186.0,159.75,175.0,1.125,1.0,2,0.0,0
0.5,0.01,1.0,Maryland,118.0,85,143,114.0,7.6,7.0,11,0.0,0.0,138.6,143.5,145.1,150.0,140.77777777777777,148.0,7.333333333333333,7.0,12,0.2,1
1.0,0.25,0.5,Rhode Island,118.2,103,160,114.5,3.5,4.0,4,0.0,0.0,173.5,147.0,284.0,312.0,175.0,175.0,1.0,1.0,1,0.0,0
0.5,0.05,2.0,Alabama,118.3,99,130,124.0,13.3,13.5,15,0.0,0.0,128.6,130.0,143.1,147.0,214.0,214.0,1.0,1.0,1,0.0,0
1.0,0.01,1.0,Montana,118.5,87,168,117.0,8.4,8.0,12,0.5,2.0,159.1,150.0,172.9,180.5,175.0,180.0,1.3,1.5,3,4.1,5
2.0,0.05,1.0,Alabama,118.9,99,124,124.0,17.5,17.5,19,0.0,0.0,126.9,130.0,141.6,147.0,214.0,214.0,1.5,1.5,2,0.0,0
0.5,0.05,0.5,Alabama,118.9,99,124,124.0,7.1,7.0,9,0.0,0.0,132.2,130.0,145.4,147.0,214.0,214.0,1.0,1.0,1,0.0,0
0.5,0.05,2.0,Nevada,119.4,87,129,129.0,4.3,4.0,5,0.0,0.0,153.0,151.0,226.3,225.0,167.85714285714286,175.0,1.1428571428571428,1.0,2,0.0,0
2.0,0.25,2.0,Maine,119.6,77,175,118.0,11.4,11.5,13,0.0,0.0,143.2,139.0,171.4,175.0,,,0.0,0.0,0,0.3,1
0.5,0.05,2.0,Connecticut,119.6,64,137,127.5,6.3,6.0,7,0.1,1.0,133.3,138.0,140.0,144.0,160.5,175.0,7.0,6.0,13,0.7,1
2.0,0.01,1.0,Montana,119.8,87,143,117.0,9.6,10.0,12,0.7,3.0,161.1,153.0,178.7,177.0,254.44444444444446,243.0,1.3,1.0,3,5.1,7
2.0,0.01,1.0,Virginia,119.9,77,155,133.0,17.5,17.0,22,0.0,0.0,140.5,149.5,157.1,153.5,166.0,156.0,5.1,5.0,8,1.3,4
2.0,0.05,2.0,New Jersey,119.9,82,141,125.5,6.8,7.0,8,0.0,0.0,144.8,144.0,160.7,164.0,254.5,188.0,1.0,1.0,2,1.6,2
0.5,0.01,0.5,Montana,120.3,41,163,128.0,5.2,5.0,8,0.6,2.0,148.6,153.0,191.6,191.0,167.0,148.5,0.5555555555555556,0.0,2,1.8,3
1.0,0.05,1.0,Delaware,120.5,95,201,102.0,3.0,3.0,3,0.0,0.0,194.1,201.0,299.8,261.0,210.5,174.0,1.0,1.0,1,0.0,0
2.0,0.25,0.5,Maine,121.1,77,126,126.0,11.5,12.0,13,0.0,0.0,157.0,152.0,189.2,175.0,,,0.0,0.0,0,0.2,1
1.0,0.01,0.5,Virginia,121.5,77,158,122.0,9.0,8.5,12,0.0,0.0,156.4,153.0,169.8,170.0,237.0,178.0,1.8888888888888888,2.0,4,0.7,3
1.0,0.25,1.0,Rhode Island,121.6,103,147,126.5,4.0,4.0,4,0.0,0.0,148.2,147.0,210.2,211.5,175.0,175.0,1.0,1.0,1,0.0,0
0.5,0.01,2.0,Montana,121.6,87,163,117.0,7.8,8.0,9,0.9,3.0,156.2,158.0,175.7,177.0,175.57142857142858,156.0,1.2,1.0,3,5.5,10
1.0,0.01,2.0,Maryland,121.7,85,143,126.5,11.2,11.0,12,0.0,0.0,136.1,143.0,143.1,148.5,159.5,158.0,7.8,8.0,11,0.3,1
0.5,0.05,0.5,Delaware,121.8,102,201,102.0,2.9,3.0,3,0.0,0.0,201.4,201.0,232.22222222222223,221.0,174.0,174.0,1.0,1.0,1,0.0,0
0.5,0.25,1.0,Rhode Island,122.1,103,127,127.0,2.3,2.0,3,0.0,0.0,150.7,160.0,155.66666666666666,160.0,175.0,175.0,1.0,1.0,1,0.0,0
0.5,0.05,1.0,New Jersey,122.2,106,143,110.0,5.2,5.0,7,0.0,0.0,143.8,142.5,160.3,164.0,161.0,161.0,1.0,1.0,1,0.0,0
0.5,0.25,1.0,Maine,122.8,110,126,126.0,7.3,7.0,9,0.0,0.0,156.0,152.0,190.3,175.0,,,0.0,0.0,0,0.4,1
1.0,0.25,0.5,Maine,122.8,110,126,126.0,10.2,10.5,11,0.0,0.0,151.4,152.0,183.4,175.0,435.0,435.0,0.8888888888888888,1.0,1,0.4,1
2.0,0.05,1.0,New Jersey,123.9,82,153,125.5,7.0,7.0,9,0.0,0.0,143.0,143.5,159.8,164.0,294.0,323.5,0.9,1.0,2,1.3,2
2.0,0.25,2.0,Rhode Island,124.2,103,127,126.5,4.0,4.0,4,0.0,0.0,144.2,147.0,230.8,263.0,175.0,175.0,1.0,1.0,1,0.0,0
1.0,0.25,2.0,Rhode Island,124.3,103,127,127.0,4.0,4.0,4,0.0,0.0,148.8,160.0,241.1,263.0,175.0,175.0,1.0,1.0,1,0.0,0
2.0,0.25,0.5,Rhode Island,124.3,103,127,127.0,4.0,4.0,4,0.0,0.0,147.5,153.5,230.8,263.0,175.0,175.0,1.0,1.0,1,0.0,0
2.0,0.25,1.0,Maine,124.4,110,126,126.0,11.7,11.5,13,0.0,0.0,154.0,152.0,185.8,175.0,,,0.0,0.0,0,0.0,0
1.0,0.05,2.0,Nevada,124.8,87,129,129.0,5.7,6.0,6,0.0,0.0,155.4,163.0,254.5,276.0,175.0,175.0,1.0,1.0,1,0.0,0
1.0,0.05,1.0,Nevada,124.8,87,129,129.0,5.0,5.0,6,0.0,0.0,155.4,163.0,254.5,276.0,165.0,175.0,1.2,1.0,2,0.0,0
1.0,0.01,1.0,Maryland,124.8,79,143,133.0,10.5,10.5,13,0.0,0.0,136.4,144.5,145.0,148.5,137.1,143.5,10.4,10.5,14,0.1,1
ALL,ALL,ALL,West Virginia,125.41111111111111,46,287,99.0,11.755555555555556,13.0,17,0.18994413407821228,1.0,164.29888268156424,185.0,192.04481792717087,186.0,197.53801169590642,194.0,3.9454022988505746,4.0,11,1.6888888888888889,4
1.0,0.05,2.0,New Jersey,125.7,82,141,141.0,6.5,6.5,8,0.0,0.0,143.5,144.0,155.7,155.0,290.0,312.5,1.1,1.0,3,1.2,2
0.5,0.05,0.5,Nevada,126.3,102,129,129.0,2.2,2.0,3,0.0,0.0,159.4,163.0,186.0,186.0,166.0,175.0,1.125,1.0,2,0.0,0
0.5,0.25,0.5,Maine,126.3,77,152,126.0,3.7,4.0,5,0.0,0.0,163.2,175.0,223.2,216.0,78.0,78.0,1.0,1.0,1,0.0,0
2.0,0.01,1.0,Maryland,126.4,108,150,127.0,11.7,12.0,13,0.0,0.0,140.0,143.0,144.4,146.5,149.5,156.5,10.4,11.0,13,0.3,1
2.0,0.01,2.0,Montana,126.4,87,153,134.0,9.9,9.5,13,0.1,1.0,157.2,156.5,175.3,176.0,259.57142857142856,215.0,2.2,2.5,6,5.1,8
0.5,0.25,0.5,Rhode Island,126.6,103,147,127.0,2.0,2.0,3,0.0,0.0,151.88888888888889,160.0,160.0,160.0,175.0,175.0,1.0,1.0,1,0.0,0
1.0,0.25,2.0,Maine,127.0,110,152,126.0,11.2,11.0,13,0.0,0.0,160.9,163.5,197.0,184.5,,,0.0,0.0,0,0.4,1
1.0,0.1,2.0,Maine,127.7,110,175,126.0,9.9,10.0,11,0.0,0.0,176.2,175.0,233.0,223.0,435.0,435.0,0.3333333333333333,0.0,1,0.2,1
1.0,0.25,1.0,Maine,127.7,110,175,126.0,11.2,11.0,13,0.0,0.0,161.6,163.5,195.7,189.0,,,0.0,0.0,0,0.3,1
2.0,0.25,1.0,Rhode Island,127.8,103,160,127.0,4.0,4.0,4,0.0,0.0,164.4,160.0,240.7,263.0,175.0,175.0,1.0,1.0,1,0.0,0
0.5,0.01,1.0,Montana,127.8,41,186,123.0,6.0,5.5,9,0.8,3.0,156.6,163.0,188.8,189.0,153.42857142857142,139.0,1.3,1.5,3,3.8,7
0.5,0.01,0.5,Virginia,128.5,100,152,128.0,4.6,5.0,6,0.0,0.0,155.7,152.0,153.33333333333334,155.0,235.22222222222223,159.0,2.0,2.0,4,0.6,2
2.0,0.01,2.0,Maryland,128.6,103,143,136.0,10.8,10.5,13,0.0,0.0,136.3,143.5,146.9,149.5,159.2,158.0,9.2,9.5,11,0.7,2
1.0,0.1,1.0,Rhode Island,128.7,103,160,127.0,4.0,4.0,4,0.0,0.0,189.6,160.0,272.4,263.0,175.0,175.0,1.0,1.0,1,0.0,0
1.0,0.05,0.5,Nevada,129.0,129,129,129.0,4.2,4.0,5,0.0,0.0,158.2,163.0,249.0,276.0,175.0,175.0,1.0,1.0,1,0.0,0
0.5,0.05,1.0,Nevada,129.0,129,129,129.0,4.1,4.0,5,0.0,0.0,159.4,163.0,258.0,276.0,175.0,175.0,1.1428571428571428,1.0,2,0.0,0
0.5,0.01,2.0,Nevada,129.0,129,129,129.0,3.8,4.0,5,0.0,0.0,192.0,163.0,277.6,276.0,217.0,217.0,1.375,1.0,2,0.0,0
0.5,0.01,0.5,Maryland,129.2,103,143,133.0,5.8,6.0,7,0.0,0.0,143.0,146.5,149.6,150.0,159.6,158.0,3.6,3.0,6,0.1,1
0.5,0.1,1.0,Maine,129.3,110,175,126.0,6.4,6.0,8,0.0,0.0,194.1,175.0,247.3,255.0,,,0.0,0.0,0,0.7,2
1.0,0.1,0.5,Rhode Island,129.9,103,160,127.0,3.2,3.0,4,0.0,0.0,167.7,160.0,283.77777777777777,263.0,175.0,175.0,1.0,1.0,1,0.0,0
ALL,ALL,ALL,Alabama,130.04178272980502,99,527,111.0,12.972144846796658,14.0,22,0.0,0.0,149.06916426512967,124.0,169.81415929203538,130.0,289.48,225.0,1.08,1.0,2,0.0,0
1.0,0.01,0.5,Nevada,130.4,129,143,129.0,3.7,4.0,5,0.0,0.0,178.6,163.0,256.55555555555554,276.0,233.75,259.0,1.25,1.0,2,0.0,0
0.5,0.01,0.5,Nevada,130.4,129,143,129.0,2.1,2.0,3,0.0,0.0,197.7,163.0,186.0,186.0,175.0,175.0,1.0,1.0,1,0.0,0
2.0,0.05,0.5,West Virginia,130.5,46,185,140.5,14.4,14.0,16,0.0,0.0,184.3,185.0,186.7,186.0,205.1,197.5,5.8,6.0,8,1.6,2
0.5,0.05,2.0,New Jersey,131.3,106,141,141.0,6.1,6.0,7,0.0,0.0,141.9,144.0,156.6,158.5,309.75,343.0,0.625,0.5,2,0.8,2
2.0,0.01,0.5,Nevada,131.8,129,143,129.0,3.7,4.0,4,0.0,0.0,201.2,202.0,292.7,276.0,238.0,259.0,1.375,1.0,2,0.0,0
1.0,0.01,1.0,Nevada,132.4,129,163,129.0,3.5,3.0,5,0.0,0.0,213.7,241.5,303.5,276.0,300.8,259.0,1.0,1.0,1,0.0,0
1.0,0.01,0.5,Maryland,132.8,108,150,133.5,7.8,8.0,9,0.0,0.0,142.5,143.5,149.4,148.5,165.9,158.0,5.7,5.0,9,0.0,0
2.0,0.01,1.0,Nevada,133.7,129,176,129.0,4.1,4.0,5,0.0,0.0,237.3,242.0,288.8888888888889,276.0,259.0,259.0,1.0,1.0,1,0.0,0
0.5,0.01,1.0,Nevada,133.7,129,176,129.0,3.1,3.0,4,0.0,0.0,199.9,202.0,276.0,276.0,231.0,259.0,1.0,1.0,1,0.0,0
0.5,0.1,2.0,Maine,134.2,110,175,126.0,10.1,10.5,11,0.0,0.0,183.6,175.0,245.7,274.0,,,0.0,0.0,0,0.2,1
2.0,0.1,0.5,Rhode Island,134.3,103,160,127.0,4.0,4.0,4,0.0,0.0,196.6,160.0,287.3,263.0,175.0,175.0,1.0,1.0,1,0.0,0
1.0,0.01,2.0,Montana,134.3,87,186,144.5,9.5,9.5,12,0.3,1.0,165.3,168.0,179.7,188.0,273.6666666666667,308.0,1.2,1.0,2,5.0,7
2.0,0.01,0.5,Maryland,134.5,113,165,133.0,11.4,12.0,13,0.0,0.0,142.5,139.0,148.7,146.5,164.0,158.0,9.9,10.5,13,0.1,1
1.0,0.01,2.0,Nevada,135.1,129,176,129.0,4.1,4.0,5,0.0,0.0,221.6,242.0,287.6,276.0,279.8333333333333,259.0,1.0,1.0,1,0.0,0
2.0,0.01,0.5,Virginia,135.1,100,152,133.0,16.2,17.0,19,0.0,0.0,157.0,159.5,174.5,185.0,279.6,307.0,4.3,4.5,9,1.6,3
1.0,0.1,1.0,Maine,135.4,110,203,126.0,9.9,10.0,12,0.0,0.0,170.1,175.0,230.8,232.0,,,0.0,0.0,0,0.2,1
2.0,0.1,2.0,Rhode Island,135.5,126,160,127.0,4.0,4.0,4,0.0,0.0,174.7,160.0,262.2,263.0,175.0,175.0,1.0,1.0,1,0.0,0
0.5,0.05,2.0,West Virginia,136.5,75,186,140.5,13.3,13.0,15,0.1,1.0,185.8,186.0,191.2,193.0,195.6,194.0,4.2,4.0,9,1.8,2
1.0,0.1,2.0,Rhode Island,136.7,126,160,127.0,4.0,4.0,4,0.0,0.0,184.3,160.0,309.9,263.0,175.0,175.0,1.0,1.0,1,0.0,0
0.5,0.01,1.0,Virginia,136.7,77,155,152.0,7.3,7.0,11,0.1,1.0,179.6,169.0,205.1,182.5,243.6,304.0,2.4,2.0,5,1.1,3
ALL,ALL,ALL,Delaware,136.76536312849163,74,587,102.0,2.8128491620111733,3.0,3,0.0,0.0,208.23976608187135,195.0,247.14332247557005,221.0,274.90909090909093,287.0,1.0757575757575757,1.0,2,0.0,0
2.0,0.05,2.0,West Virginia,136.9,75,185,140.5,14.6,15.0,16,0.1,1.0,185.9,185.0,189.9,187.5,232.6,201.0,3.8,4.0,5,2.7,4
2.0,0.01,2.0,Nevada,137.1,129,176,129.0,3.8,4.0,5,0.0,0.0,204.6,213.5,272.5,276.0,277.8333333333333,259.0,1.1666666666666667,1.0,2,0.0,0
0.5,0.1,0.5,Rhode Island,137.4,126,160,127.0,1.6,2.0,2,0.0,0.0,160.0,160.0,,,175.0,175.0,1.0,1.0,1,0.0,0
1.0,0.05,2.0,Rhode Island,138.6,103,160,143.5,3.9,4.0,4,0.0,0.0,230.4,263.0,353.8,362.0,175.0,175.0,1.0,1.0,1,0.0,0
2.0,0.1,1.0,Rhode Island,138.7,126,160,127.0,4.0,4.0,4,0.0,0.0,184.3,160.0,292.7,263.0,175.0,175.0,1.0,1.0,1,0.0,0
1.0,0.05,0.5,West Virginia,138.9,75,186,140.5,11.8,12.0,14,0.0,0.0,186.5,186.0,191.8,191.0,195.11111111111111,194.0,3.5,4.0,5,1.7,2
0.5,0.01,1.0,Massachusetts,139.5,117,163,137.0,6.4,7.0,7,0.1,1.0,168.6,165.0,195.4,195.0,135.9,160.0,3.6,4.0,5,0.5,2
0.5,0.01,2.0,Massachusetts,139.6,133,154,137.0,6.9,7.0,8,0.0,0.0,160.9,158.5,181.7,187.5,58.7,28.0,4.1,4.0,6,0.1,1
0.5,0.05,0.5,West Virginia,140.1,75,193,142.5,5.1,5.0,8,0.1,1.0,182.7,193.0,199.0,195.0,200.2,201.0,2.0,2.0,4,0.4,1
1.0,0.01,0.5,Massachusetts,140.3,121,163,137.0,6.2,6.0,8,0.0,0.0,164.8,158.5,199.0,208.0,125.0,163.0,2.5,2.5,4,0.3,1
2.0,0.01,1.0,Connecticut,140.4,64,154,149.0,5.9,6.0,7,0.1,1.0,217.9,210.5,280.7,291.0,232.3,184.0,4.3,4.5,6,0.8,1
0.5,0.01,0.5,Massachusetts,141.5,112,163,139.0,5.4,5.5,7,0.0,0.0,175.4,170.0,191.2,195.0,129.2,160.0,2.4,2.0,5,0.1,1
2.0,0.1,0.5,Maine,141.7,110,175,126.0,10.5,10.0,12,0.0,0.0,184.8,184.5,220.5,216.0,,,0.0,0.0,0,0.2,1
1.0,0.05,1.0,West Virginia,141.9,46,186,182.0,13.6,13.5,15,0.1,1.0,187.3,186.0,193.6,193.0,205.1,194.0,4.1,5.0,6,1.7,3
0.5,0.1,1.0,Rhode Island,142.1,126,160,137.0,2.1,2.0,3,0.0,0.0,190.66666666666666,160.0,263.0,263.0,175.0,175.0,1.0,1.0,1,0.0,0
1.0,0.05,0.5,Rhode Island,142.2,127,160,137.0,2.5,2.0,4,0.0,0.0,201.2,160.0,306.0,263.0,175.0,175.0,1.0,1.0,1,0.0,0
1.0,0.01,2.0,Massachusetts,143.2,121,163,145.5,6.7,7.0,8,0.1,1.0,158.2,163.0,192.3,195.0,149.0,160.0,2.4444444444444446,3.0,4,0.6,2
1.0,0.01,2.0,Connecticut,144.1,115,154,144.0,6.3,6.5,7,0.0,0.0,191.3,154.0,239.7,281.5,247.1,215.0,3.9,4.0,6,0.5,2
0.5,0.05,1.0,Rhode Island,144.3,103,160,160.0,2.2,2.0,3,0.0,0.0,207.375,211.5,287.5,287.5,175.0,175.0,1.0,1.0,1,0.0,0
2.0,0.01,0.5,Massachusetts,144.4,121,163,145.5,6.6,7.0,8,0.1,1.0,169.3,168.5,195.2,195.0,113.7,160.0,2.4,2.0,5,0.3,1
1.0,0.01,1.0,Massachusetts,144.5,121,177,137.0,6.7,7.0,8,0.2,2.0,170.1,163.0,197.4,203.5,114.2,94.0,2.9,3.0,5,0.4,2
0.5,0.01,2.0,Connecticut,144.9,133,154,142.5,6.2,6.0,7,0.0,0.0,200.4,154.0,246.7,277.0,217.0,184.0,3.6666666666666665,3.0,7,0.5,1
2.0,0.1,2.0,Maine,145.7,110,208,126.0,10.1,10.0,12,0.0,0.0,179.8,175.0,235.2,245.5,,,0.0,0.0,0,0.1,1
2.0,0.01,1.0,Massachusetts,145.9,121,163,153.0,6.5,7.0,7,0.1,1.0,163.6,154.0,193.4,187.5,104.6,94.0,3.3,3.0,5,0.6,2
1.0,0.01,1.0,Connecticut,146.0,137,154,144.0,5.3,5.5,7,0.0,0.0,194.2,154.0,255.5,293.5,231.22222222222223,245.0,2.4,3.0,4,0.8,2
1.0,0.01,0.5,Connecticut,146.3,137,154,144.5,5.5,6.0,6,0.0,0.0,203.3,154.0,261.5,289.0,229.44444444444446,184.0,3.0,3.0,6,0.4,1
1.0,0.05,1.0,Rhode Island,146.8,127,160,160.0,3.8,4.0,4,0.0,0.0,231.7,263.0,352.5,362.0,175.0,175.0,1.0,1.0,1,0.0,0
2.0,0.01,2.0,Connecticut,146.9,139,154,144.0,6.4,6.0,7,0.0,0.0,228.1,267.0,284.5,295.0,260.55555555555554,231.0,3.2,3.5,6,0.5,1
2.0,0.05,1.0,West Virginia,147.3,75,185,182.0,14.0,14.0,16,0.0,0.0,176.4,185.0,187.2,186.0,201.3,194.0,5.2,5.0,9,2.0,3
2.0,0.01,2.0,Massachusetts,147.5,121,163,145.5,7.0,7.0,8,0.0,0.0,168.7,159.5,195.6,197.0,69.7,28.0,4.0,4.0,6,0.2,1
1.0,0.01,2.0,New Jersey,147.7,141,163,144.0,4.9,5.0,6,0.0,0.0,166.0,164.0,262.7,270.5,203.5,188.0,1.5714285714285714,2.0,3,0.4,1
0.5,0.01,0.5,Connecticut,148.2,139,154,147.5,2.4,2.0,4,0.0,0.0,201.0,154.0,266.75,290.5,286.3333333333333,337.5,1.3333333333333333,1.0,2,0.0,0
0.5,0.01,0.5,Alabama,148.33333333333334,124,177,156.0,2.111111111111111,2.0,3,0.0,0.0,186.83333333333334,166.5,237.75,240.0,,,0.0,0.0,0,0.0,0
0.5,0.05,2.0,Rhode Island,148.8,127,160,160.0,3.8,4.0,4,0.0,0.0,236.6,263.0,354.6,362.0,175.0,175.0,1.0,1.0,1,0.0,0
0.5,0.05,0.5,Rhode Island,148.88888888888889,126,160,160.0,1.2222222222222223,1.0,2,0.0,0.0,160.0,160.0,,,175.0,175.0,1.0,1.0,1,0.0,0
0.5,0.25,0.5,Arkansas,149.2,112,172,154.0,2.3,2.0,3,0.2,1.0,209.0,225.0,225.0,225.0,158.0,163.5,2.25,2.0,4,0.2,1
2.0,0.01,0.5,Connecticut,149.7,141,154,154.0,6.0,6.0,7,0.0,0.0,233.1,282.5,277.5,292.5,214.4,184.0,4.2,4.5,7,0.4,1
2.0,0.05,0.5,Rhode Island,150.0,126,160,160.0,3.8,4.0,4,0.0,0.0,262.2,263.0,389.0,362.0,175.0,175.0,1.0,1.0,1,0.0,0
2.0,0.05,2.0,Rhode Island,150.0,126,160,160.0,4.0,4.0,4,0.0,0.0,252.3,263.0,361.7,362.0,175.0,175.0,1.0,1.0,1,0.0,0
0.5,0.1,2.0,Rhode Island,150.0,126,160,160.0,3.9,4.0,4,0.0,0.0,227.5,263.0,295.4,312.0,175.0,175.0,1.0,1.0,1,0.0,0
2.0,0.1,1.0,Maine,150.5,126,175,150.5,9.8,9.5,12,0.0,0.0,202.0,189.0,218.4,209.5,,,0.0,0.0,0,0.3,1
2.0,0.01,2.0,New Jersey,150.5,141,165,142.5,5.0,5.0,6,0.0,0.0,200.5,165.0,279.8,305.5,247.1,175.0,1.8,1.5,4,0.5,1
0.5,0.01,0.5,Rhode Island,151.75,127,160,160.0,1.25,1.0,2,0.0,0.0,160.0,160.0,,,175.0,175.0,1.0,1.0,1,0.0,0
1.0,0.25,0.5,Arkansas,152.7,111,172,171.0,7.6,8.0,10,0.1,1.0,205.4,225.0,259.2,277.0,170.0,178.0,1.2857142857142858,1.0,3,0.8,2
2.0,0.01,1.0,Mississippi,153.0,108,218,141.0,5.2,5.5,7,0.0,0.0,252.1,218.0,349.6,355.5,,,0.0,0.0,0,0.0,0
1.0,0.05,2.0,West Virginia,153.2,75,185,182.0,14.7,15.0,17,0.0,0.0,176.1,185.0,187.8,186.0,202.1,194.0,4.6,5.0,6,1.7,2
2.0,0.05,1.0,Rhode Island,153.4,127,160,160.0,3.8,4.0,4,0.0,0.0,272.1,263.0,364.1,362.0,175.0,175.0,1.0,1.0,1,0.0,0
1.0,0.05,1.0,Maine,154.2,110,277,126.0,8.4,8.5,9,0.0,0.0,234.4,261.0,262.3,285.0,,,0.0,0.0,0,0.4,1
2.0,0.25,2.0,Arkansas,154.8,137,171,156.0,15.6,16.0,17,0.0,0.0,205.8,225.0,236.9,242.0,250.8,159.0,2.9,3.0,5,1.9,3
2.0,0.25,1.0,Arkansas,155.0,137,172,156.0,15.7,16.0,17,0.0,0.0,204.3,225.0,236.9,242.0,181.1,159.0,3.8,4.0,5,1.6,2
0.5,0.1,0.5,Maine,155.4,110,230,139.0,2.6,2.5,5,0.0,0.0,186.75,175.0,221.2,230.0,,,0.0,0.0,0,0.1,1
1.0,0.01,0.5,New Jersey,155.6,141,202,149.5,4.1,4.0,5,0.0,0.0,172.2,164.0,236.9,226.0,280.8888888888889,276.0,1.5555555555555556,1.0,3,0.3,1
2.0,0.01,1.0,New Jersey,155.9,141,206,148.5,5.1,5.0,7,0.0,0.0,195.7,164.0,232.7,200.0,308.8888888888889,335.0,1.3,1.0,3,0.2,1
0.5,0.25,2.0,Arkansas,156.1,111,172,171.0,10.9,11.0,12,0.1,1.0,214.4,225.0,238.6,242.0,165.66666666666666,176.0,1.2,1.0,6,1.4,2
1.0,0.01,0.5,Oregon,156.9,45,198,183.0,11.7,11.5,14,0.0,0.0,189.7,198.0,196.5,200.0,276.375,260.0,1.2,1.0,3,5.0,8
1.0,0.25,2.0,Louisiana,157.0,157,157,157.0,6.7,7.0,7,0.0,0.0,161.8,161.0,170.2,165.0,337.2,274.0,1.6,2.0,2,0.0,0
2.0,0.25,1.0,Louisiana,157.0,157,157,157.0,6.9,7.0,7,0.0,0.0,162.2,161.0,172.8,165.0,313.5,274.0,1.75,2.0,2,0.0,0
0.5,0.25,2.0,Louisiana,157.0,157,157,157.0,4.4,4.0,5,0.0,0.0,165.0,165.0,206.3,208.0,321.4,274.0,1.7,2.0,2,0.0,0
1.0,0.25,1.0,Louisiana,157.0,157,157,157.0,6.0,6.0,7,0.0,0.0,165.0,165.0,206.3,208.0,353.0,353.0,1.5,1.5,2,0.0,0
2.0,0.25,2.0,Louisiana,157.0,157,157,157.0,6.9,7.0,7,0.0,0.0,164.8,161.0,178.8,165.0,321.4,274.0,1.5,1.5,2,0.0,0
2.0,0.25,0.5,Louisiana,157.0,157,157,157.0,7.0,7.0,7,0.0,0.0,161.0,161.0,165.0,165.0,344.22222222222223,274.0,1.1111111111111112,1.0,2,0.0,0
2.0,0.05,2.0,Louisiana,157.0,157,157,157.0,6.4,6.0,7,0.0,0.0,175.0,165.0,201.8,208.0,412.25,432.0,1.125,1.0,2,0.0,0
2.0,0.1,1.0,Louisiana,157.0,157,157,157.0,6.2,6.0,7,0.0,0.0,170.8,163.0,189.1,199.5,379.3333333333333,432.0,1.3333333333333333,1.0,2,0.0,0
1.0,0.1,2.0,Louisiana,157.0,157,157,157.0,6.3,6.0,7,0.0,0.0,169.9,163.0,192.9,199.5,414.44444444444446,432.0,1.1111111111111112,1.0,2,0.0,0
2.0,0.1,2.0,Louisiana,157.0,157,157,157.0,6.7,7.0,7,0.0,0.0,172.9,165.0,186.9,191.0,416.2,432.0,1.1,1.0,2,0.0,0
2.0,0.1,0.5,Louisiana,157.0,157,157,157.0,6.3,6.0,7,0.0,0.0,169.0,165.0,188.3,191.0,368.8,432.0,1.3,1.0,2,0.0,0
1.0,0.1,1.0,Louisiana,157.0,157,157,157.0,5.6,5.5,7,0.0,0.0,176.2,165.0,207.0,208.0,353.0,353.0,1.5,1.5,2,0.0,0
2.0,0.05,0.5,Louisiana,157.4,157,161,157.0,5.8,6.0,7,0.0,0.0,179.2,165.0,199.6,208.0,414.44444444444446,432.0,1.1111111111111112,1.0,2,0.0,0
1.0,0.01,0.5,Mississippi,157.4,59,218,149.0,2.8,3.0,4,0.0,0.0,249.0,218.0,421.125,457.0,,,0.0,0.0,0,0.0,0
1.0,0.01,2.0,Mississippi,157.8,117,218,149.0,5.0,5.5,7,0.0,0.0,228.77777777777777,218.0,376.0,413.0,314.0,314.0,1.0,1.0,1,0.0,0
0.5,0.01,1.0,New Jersey,157.8,110,266,148.5,4.0,4.0,6,0.0,0.0,177.4,164.0,235.77777777777777,165.0,250.0,188.0,0.75,1.0,1,0.1,1
2.0,0.05,1.0,Louisiana,158.4,157,171,157.0,5.8,6.0,7,0.0,0.0,177.6,165.0,206.1,208.0,432.0,432.0,1.0,1.0,1,0.0,0
0.5,0.1,2.0,Louisiana,158.4,157,171,157.0,5.0,5.0,6,0.0,0.0,170.2,165.0,206.3,208.0,400.4,432.0,1.2,1.0,2,0.0,0
2.0,0.01,0.5,New Jersey,158.4,141,164,163.0,5.1,5.0,6,0.0,0.0,179.7,164.0,226.7,210.0,313.1111111111111,351.0,1.4,1.0,3,0.8,2
1.0,0.05,2.0,Louisiana,158.6,157,165,157.0,6.1,6.0,7,0.0,0.0,178.1,165.0,200.6,200.0,368.8,432.0,1.2,1.0,2,0.0,0
0.5,0.25,1.0,Arkansas,158.8,111,172,172.0,4.7,5.0,6,0.0,0.0,209.1,225.0,261.4,277.0,113.4,157.0,0.7777777777777778,1.0,3,1.0,2
1.0,0.05,1.0,Louisiana,159.2,157,171,157.0,5.9,6.0,7,0.0,0.0,172.5,165.0,202.4,208.0,392.5,432.0,1.0,1.0,1,0.0,0
0.5,0.01,2.0,New Jersey,159.5,144,164,163.0,4.9,5.0,6,0.0,0.0,188.3,165.0,264.7,261.5,275.42857142857144,188.0,1.3333333333333333,1.0,3,0.5,1
2.0,0.01,2.0,Oregon,161.8,45,198,185.0,13.9,14.0,16,0.0,0.0,187.8,198.0,197.9,200.0,248.4,260.0,2.3,2.0,4,6.6,8
0.5,0.05,2.0,Louisiana,161.9,157,192,157.0,4.3,4.0,5,0.0,0.0,190.8,208.0,215.8,220.0,333.25,274.0,1.375,1.0,2,0.0,0
0.5,0.01,1.0,Connecticut,162.2,144,288,147.5,5.2,5.0,6,0.0,0.0,218.2,215.5,265.7,293.5,271.9,245.0,2.4,2.0,4,0.2,1
2.0,0.01,0.5,Oregon,163.0,45,198,185.0,13.1,13.0,16,0.0,0.0,193.9,198.0,200.1,200.0,285.3333333333333,260.0,1.6,2.0,3,6.7,8
2.0,0.05,0.5,Arkansas,163.4,137,172,172.0,10.5,10.5,12,0.0,0.0,224.4,225.0,256.8,242.0,175.625,178.0,1.3333333333333333,1.0,2,1.0,2
0.5,0.01,0.5,Oregon,163.8,137,198,160.0,8.5,8.5,10,0.0,0.0,193.6,192.5,201.3,199.0,282.8,260.0,0.5555555555555556,1.0,1,1.6,4
1.0,0.01,1.0,New Jersey,164.1,141,319,144.0,5.0,4.5,7,0.0,0.0,209.1,164.0,270.8,214.0,295.14285714285717,290.0,1.8571428571428572,2.0,3,0.2,1
2.0,0.25,0.5,Arkansas,164.8,137,172,172.0,12.5,12.0,15,0.0,0.0,214.4,225.0,238.6,242.0,224.28571428571428,176.0,0.9,1.0,2,2.0,3
0.5,0.05,1.0,Arkansas,164.9,137,172,172.0,4.4,4.0,6,0.1,1.0,233.1,225.0,277.8,277.0,143.77777777777777,178.0,1.8,1.5,4,0.4,1
0.5,0.1,1.0,Arkansas,164.9,137,172,172.0,4.4,4.5,6,0.0,0.0,214.4,225.0,279.2,277.0,137.5,178.0,0.9,1.0,2,0.6,1
1.0,0.25,0.5,Louisiana,165.0,165,165,165.0,4.4,4.5,5,0.0,0.0,171.0,171.0,206.3,208.0,274.0,274.0,1.0,1.0,1,0.0,0
1.0,0.05,1.0,Arkansas,165.0,137,172,172.0,8.1,8.5,10,0.0,0.0,214.4,225.0,246.9,242.0,190.6,178.0,1.5,1.0,3,0.7,2
2.0,0.05,1.0,Arkansas,165.2,137,172,172.0,12.2,11.5,16,0.0,0.0,219.7,225.0,248.2,242.0,240.2,178.0,3.2,3.5,4,2.2,3
2.0,0.1,2.0,Arkansas,165.3,137,172,172.0,13.8,14.0,15,0.0,0.0,218.1,225.0,240.3,242.0,290.4,178.0,2.9,3.0,4,1.9,3
1.0,0.1,0.5,Maine,165.8,126,230,175.0,9.5,10.0,11,0.0,0.0,213.5,203.5,244.6,253.5,435.0,435.0,0.6,1.0,1,0.3,1
1.0,0.05,2.0,Maine,165.9,126,216,163.5,9.6,9.0,12,0.0,0.0,211.2,206.0,259.9,281.0,435.0,435.0,1.0,1.0,1,0.0,0
ALL,ALL,ALL,Rhode Island,166.70760233918128,103,525,127.0,3.0701754385964914,4.0,4,0.0,0.0,221.34459459459458,160.0,304.8484848484849,263.0,175.40088105726872,175.0,1.0,1.0,1,0.0,0
1.0,0.05,0.5,Louisiana,166.8,165,171,165.0,4.2,4.0,5,0.0,0.0,180.7,171.0,209.2,208.0,353.0,353.0,1.0,1.0,1,0.0,0
1.0,0.1,0.5,Louisiana,166.8,165,171,165.0,4.2,4.0,6,0.0,0.0,182.1,171.0,208.2,208.0,,,0.0,0.0,0,0.0,0
2.0,0.01,2.0,Alabama,166.9,124,337,156.0,10.3,10.5,14,0.0,0.0,220.5,176.5,285.2,303.0,601.0,601.0,1.0,1.0,1,0.0,0
1.0,0.25,2.0,Arkansas,168.3,137,172,172.0,15.7,16.0,16,0.0,0.0,219.7,225.0,240.3,242.0,390.9,401.5,2.2,2.0,4,1.7,3
0.5,0.01,1.0,Arkansas,168.4,137,172,172.0,2.1,2.0,4,0.0,0.0,289.2857142857143,308.0,336.6666666666667,308.0,163.0,178.0,1.8,1.5,3,0.1,1
2.0,0.1,0.5,Arkansas,168.4,137,172,172.0,12.3,12.5,14,0.0,0.0,219.7,225.0,240.3,242.0,207.85714285714286,178.0,1.0,1.0,2,1.3,3
0.5,0.1,2.0,Arkansas,168.4,137,172,172.0,8.9,9.0,12,0.0,0.0,219.7,225.0,240.3,242.0,177.8,178.0,1.3,1.0,4,1.4,3
1.0,0.1,0.5,Arkansas,168.5,137,172,172.0,6.6,7.0,8,0.0,0.0,219.7,225.0,284.2,277.0,205.77777777777777,178.0,1.2,1.0,3,1.0,2
1.0,0.1,2.0,Arkansas,168.5,137,172,172.0,13.9,14.0,16,0.0,0.0,219.7,225.0,240.3,242.0,273.3,178.0,2.8,3.0,4,1.2,2
1.0,0.1,1.0,Arkansas,168.5,137,172,172.0,9.7,9.5,11,0.0,0.0,219.7,225.0,240.3,242.0,221.77777777777777,178.0,1.4444444444444444,1.0,2,1.3,3
ALL,ALL,ALL,Louisiana,168.61016949152543,157,347,157.0,4.52542372881356,5.0,7,0.0,0.0,192.12,171.0,222.26643598615917,208.0,356.92934782608694,432.0,1.2756756756756757,1.0,2,0.002824858757062147,1
2.0,0.05,2.0,Arkansas,168.8,156,172,172.0,13.0,13.0,14,0.0,0.0,232.8,225.0,253.0,242.0,177.8,178.0,3.3,3.0,6,2.1,3
0.5,0.05,2.0,Maine,168.9,126,261,175.0,8.9,9.0,10,0.0,0.0,249.4,269.0,276.1,285.0,435.0,435.0,0.75,1.0,1,0.1,1
0.5,0.05,1.0,West Virginia,169.6,46,186,182.0,9.9,10.0,12,0.0,0.0,188.1,186.0,197.1,193.0,196.7,194.0,3.3,3.0,6,1.8,2
1.0,0.05,0.5,Maine,169.9,126,261,175.0,8.3,8.0,10,0.0,0.0,244.2,249.0,271.1,286.0,435.0,435.0,1.0,1.0,1,0.0,0
2.0,0.1,1.0,Arkansas,170.3,156,172,172.0,14.7,15.0,16,0.0,0.0,225.0,225.0,242.0,242.0,289.3,241.0,2.4,2.5,4,1.9,2
0.5,0.01,0.5,Mississippi,170.7,108,291,160.5,1.6,2.0,2,0.0,0.0,230.16666666666666,218.0,,,,,0.0,0.0,0,0.0,0
0.5,0.25,1.0,Louisiana,171.0,171,171,171.0,3.2,3.0,5,0.0,0.0,206.3,208.0,267.3333333333333,220.0,274.0,274.0,1.0,1.0,1,0.0,0
0.5,0.25,0.5,Louisiana,171.0,171,171,171.0,1.5,1.5,2,0.0,0.0,220.0,220.0,,,274.0,274.0,1.0,1.0,1,0.0,0
0.5,0.1,1.0,Louisiana,171.0,171,171,171.0,3.3,3.5,4,0.0,0.0,201.2,208.0,229.625,214.0,274.0,274.0,1.0,1.0,1,0.0,0
0.5,0.1,0.5,Louisiana,171.0,171,171,171.0,1.8,2.0,3,0.0,0.0,214.0,214.0,220.0,220.0,274.0,274.0,1.0,1.0,1,0.0,0
0.5,0.1,0.5,Arkansas,171.8,171,172,172.0,2.0,2.0,2,0.0,0.0,225.0,225.0,,,186.0,178.0,1.0,1.0,1,0.0,0
1.0,0.25,0.5,New Hampshire,171.9,72,183,183.0,8.0,8.0,8,0.0,0.0,184.3,183.0,188.8,191.0,206.33333333333334,203.0,1.0,1.0,1,0.0,0
1.0,0.25,2.0,New Hampshire,171.9,72,183,183.0,8.0,8.0,8,0.0,0.0,183.4,183.0,188.6,191.0,243.4,213.0,1.0,1.0,1,0.0,0
2.0,0.25,1.0,New Hampshire,171.9,72,183,183.0,8.0,8.0,8,0.0,0.0,184.5,183.0,188.5,185.0,205.5,203.0,1.25,1.0,2,0.0,0
0.5,0.05,0.5,Arkansas,171.9,171,172,172.0,1.9,2.0,2,0.0,0.0,225.0,225.0,,,179.6,178.0,1.3,1.0,3,0.0,0
1.0,0.05,0.5,Arkansas,171.9,171,172,172.0,4.8,5.0,6,0.2,1.0,243.3,225.0,307.3,308.0,161.33333333333334,178.0,1.3333333333333333,1.0,2,0.7,2
1.0,0.25,1.0,Arkansas,171.9,171,172,172.0,10.6,11.0,11,0.0,0.0,225.0,225.0,242.0,242.0,177.33333333333334,178.0,0.8,1.0,2,2.0,3
0.5,0.05,2.0,Arkansas,172.0,172,172,172.0,8.5,8.5,10,0.0,0.0,225.0,225.0,252.1,242.0,179.6,178.0,1.3,1.0,3,0.7,2
1.0,0.05,2.0,Arkansas,172.0,172,172,172.0,12.5,13.0,14,0.0,0.0,228.4,225.0,249.9,242.0,177.8,178.0,3.5,4.0,5,1.2,2
2.0,0.05,1.0,Maine,172.1,126,261,175.0,9.9,10.0,12,0.0,0.0,216.1,219.0,255.4,285.0,435.0,435.0,1.0,1.0,1,0.0,0
2.0,0.25,0.5,New Hampshire,172.1,72,185,183.0,8.0,8.0,8,0.0,0.0,185.3,184.0,192.4,191.0,205.0,203.0,1.4,1.0,2,0.0,0
0.5,0.25,0.5,New Hampshire,172.8,72,186,183.0,3.4,3.0,5,0.0,0.0,189.1,186.0,203.75,205.0,209.66666666666666,213.0,1.1666666666666667,1.0,2,0.0,0
2.0,0.05,2.0,Maine,172.8,126,261,175.0,9.5,9.5,11,0.0,0.0,237.7,267.5,267.6,285.0,435.0,435.0,1.0,1.0,1,0.1,1
1.0,0.1,1.0,New Hampshire,173.0,72,191,183.0,7.8,8.0,8,0.0,0.0,189.3,186.0,201.2,191.0,228.25,208.0,1.625,1.5,3,0.0,0
0.5,0.05,0.5,Louisiana,173.7,161,208,171.0,1.8,2.0,3,0.0,0.0,204.42857142857142,208.0,208.0,208.0,,,0.0,0.0,0,0.0,0
2.0,0.05,2.0,New Hampshire,173.9,72,191,184.5,7.8,8.0,8,0.0,0.0,194.0,191.0,213.1,208.0,277.8,294.0,1.2,1.0,2,0.0,0
0.5,0.01,1.0,Oregon,174.2,45,198,187.0,10.1,10.5,11,0.0,0.0,190.8,198.0,200.0,200.0,254.16666666666666,260.0,1.0,1.0,4,4.0,7
0.5,0.05,1.0,Louisiana,174.7,171,208,171.0,3.3,3.0,5,0.0,0.0,207.0,208.0,228.55555555555554,220.0,,,0.0,0.0,0,0.0,0
ALL,ALL,ALL,Maine,174.9022346368715,77,297,152.0,8.262569832402235,9.0,13,0.0,0.0,217.12464589235128,204.0,245.94690265486724,277.0,432.0886075949367,435.0,0.6417910447761194,1.0,3,0.1871508379888268,2
ALL,ALL,ALL,Arkansas,174.949860724234,111,358,172.0,8.133704735376044,8.0,17,0.046511627906976744,1.0,237.79651162790697,225.0,272.5662251655629,242.0,202.58496732026143,178.0,2.117824773413897,2.0,12,0.9721448467966574,4
0.5,0.05,0.5,Maine,175.0,126,296,175.0,1.8888888888888888,2.0,3,0.0,0.0,227.57142857142858,208.0,230.0,230.0,,,0.0,0.0,0,0.1111111111111111,1
0.5,0.01,2.0,Oregon,177.8,137,198,187.0,12.5,12.5,16,0.0,0.0,196.5,195.0,201.9,200.5,329.0,260.0,2.1,2.0,3,5.9,7
1.0,0.01,0.5,Louisiana,178.44444444444446,157,220,171.0,1.6666666666666667,1.0,3,0.0,0.0,233.0,220.0,276.5,276.5,,,0.0,0.0,0,0.0,0
1.0,0.01,1.0,Arkansas,179.0,172,242,172.0,3.5,3.5,5,0.0,0.0,278.3333333333333,286.0,347.77777777777777,334.0,146.7,178.0,2.9,3.0,4,0.1,1
1.0,0.01,1.0,Louisiana,179.1,157,226,171.0,2.8,3.0,4,0.0,0.0,256.6,217.0,323.2857142857143,226.0,,,0.0,0.0,0,0.0,0
1.0,0.01,1.0,Mississippi,179.4,108,291,158.5,3.7,3.5,6,0.0,0.0,345.4,374.0,432.77777777777777,457.0,,,0.0,0.0,0,0.0,0
0.5,0.01,1.0,Alabama,180.1,124,341,168.5,2.2,2.5,4,0.0,0.0,245.16666666666666,240.0,269.2,303.0,,,0.0,0.0,0,0.0,0
2.0,0.01,1.0,Oregon,181.1,124,198,187.0,13.5,13.0,15,0.0,0.0,194.7,198.0,200.1,200.0,303.4,260.0,1.7,1.0,4,6.6,8
2.0,0.01,1.0,Louisiana,181.3,157,226,171.0,3.8,4.0,5,0.0,0.0,236.4,220.0,331.44444444444446,226.0,432.0,432.0,1.0,1.0,1,0.0,0
1.0,0.01,1.0,Oregon,182.6,124,198,187.0,13.7,14.0,17,0.0,0.0,194.9,198.0,202.2,201.0,282.3333333333333,260.0,1.9,2.0,4,5.9,10
0.5,0.25,2.0,New Hampshire,183.0,183,183,183.0,8.0,8.0,8,0.0,0.0,184.6,183.0,191.6,189.0,205.5,203.0,1.5,1.0,3,0.0,0
1.0,0.25,1.0,New Hampshire,183.0,183,183,183.0,8.0,8.0,8,0.0,0.0,185.1,183.0,192.8,191.0,203.0,203.0,1.25,1.0,2,0.0,0
2.0,0.25,2.0,New Hampshire,183.0,183,183,183.0,8.0,8.0,8,0.0,0.0,183.8,183.0,189.9,189.0,205.0,203.0,1.2,1.0,2,0.0,0
1.0,0.01,2.0,Alabama,183.1,124,461,156.5,8.4,9.0,10,0.0,0.0,210.7,176.0,303.0,316.0,,,0.0,0.0,0,0.0,0
0.5,0.25,1.0,New Hampshire,183.3,183,186,183.0,6.6,6.5,8,0.0,0.0,184.6,183.0,198.1,191.0,203.0,203.0,1.3333333333333333,1.0,2,0.0,0
1.0,0.1,0.5,New Hampshire,183.3,183,186,183.0,7.9,8.0,8,0.0,0.0,187.1,186.5,199.5,191.0,251.0,253.5,1.25,1.0,2,0.0,0
2.0,0.1,0.5,New Hampshire,183.5,183,186,183.0,7.8,8.0,8,0.0,0.0,187.1,186.0,199.9,191.0,240.0,213.0,1.3333333333333333,1.0,2,0.0,0
1.0,0.1,2.0,New Hampshire,183.6,183,186,183.0,8.0,8.0,8,0.0,0.0,188.0,191.0,205.8,208.0,245.4,213.0,1.0,1.0,1,0.0,0
2.0,0.1,2.0,New Hampshire,183.6,183,186,183.0,7.8,8.0,8,0.0,0.0,188.1,191.0,205.6,208.0,225.2,213.0,1.8,2.0,3,0.0,0
0.5,0.1,2.0,New Hampshire,183.7,183,186,183.0,7.9,8.0,8,0.0,0.0,186.6,186.0,194.5,191.0,247.71428571428572,213.0,1.1428571428571428,1.0,2,0.0,0
0.5,0.1,1.0,New Hampshire,184.1,183,186,183.0,7.1,7.0,8,0.0,0.0,190.2,186.0,203.5,199.5,233.25,213.0,1.25,1.0,2,0.0,0
0.5,0.1,0.5,New Hampshire,184.2,183,186,183.0,3.5,3.5,5,0.0,0.0,194.8,191.0,204.33333333333334,208.0,210.5,213.0,1.0,1.0,1,0.0,0
2.0,0.01,2.0,Louisiana,184.3,157,226,171.0,4.1,4.0,5,0.0,0.0,248.5,226.0,361.3333333333333,427.0,415.6666666666667,432.0,0.75,1.0,1,0.1,1
2.0,0.1,1.0,New Hampshire,184.4,183,191,183.0,7.9,8.0,8,0.0,0.0,188.8,186.0,200.1,191.0,208.0,208.0,1.625,2.0,2,0.0,0
2.0,0.05,0.5,New Hampshire,184.5,183,186,185.0,7.6,8.0,8,0.0,0.0,189.1,186.0,207.3,208.0,242.125,213.0,1.375,1.0,2,0.0,0
1.0,0.01,2.0,Oregon,184.9,137,201,187.0,13.8,14.0,16,0.0,0.0,196.4,198.0,204.7,200.0,322.4,260.0,2.5,2.5,5,6.0,8
1.0,0.05,0.5,New Hampshire,185.0,183,191,184.5,7.7,8.0,8,0.0,0.0,192.0,189.0,209.5,219.0,253.5,253.5,1.5,1.5,2,0.0,0
0.5,0.01,2.0,Alabama,185.2,124,303,158.5,4.7,4.5,7,0.0,0.0,244.0,177.0,289.6666666666667,303.0,579.0,579.0,1.0,1.0,1,0.0,0
1.0,0.05,2.0,New Hampshire,185.3,183,191,186.0,7.6,8.0,8,0.0,0.0,193.7,191.0,211.4,219.0,234.71428571428572,213.0,1.0,1.0,1,0.0,0
0.5,0.01,0.5,Arkansas,185.5,171,308,172.0,1.4,1.0,3,0.0,0.0,298.3333333333333,308.0,358.0,358.0,178.0,178.0,1.8888888888888888,2.0,3,0.0,0
2.0,0.05,1.0,New Hampshire,186.0,183,191,186.0,7.7,8.0,8,0.0,0.0,202.2,191.0,231.8,219.0,277.8,294.0,1.0,1.0,1,0.0,0
0.5,0.01,1.0,Mississippi,187.11111111111111,108,218,218.0,2.3333333333333335,2.0,5,0.0,0.0,216.66666666666666,218.0,258.0,254.5,,,0.0,0.0,0,0.0,0
0.5,0.05,1.0,New Hampshire,187.4,183,208,186.0,6.7,7.0,7,0.0,0.0,198.5,191.0,219.7,219.0,294.0,294.0,1.0,1.0,1,0.0,0
0.5,0.05,2.0,New Hampshire,189.0,183,219,186.0,7.6,8.0,8,0.0,0.0,203.1,191.0,225.5,213.5,246.28571428571428,213.0,1.5714285714285714,2.0,2,0.0,0
0.5,0.01,2.0,Louisiana,189.11111111111111,157,220,208.0,3.111111111111111,4.0,4,0.0,0.0,232.25,223.0,321.8333333333333,287.5,28.0,28.0,1.0,1.0,1,0.0,0
0.5,0.01,0.5,New Jersey,189.11111111111111,141,365,163.0,2.2222222222222223,2.0,3,0.0,0.0,196.85714285714286,164.0,189.75,180.0,209.8,188.0,1.2,1.0,2,0.1111111111111111,1
2.0,0.01,0.5,West Virginia,190.2,182,212,186.0,9.1,9.0,14,0.0,0.0,198.1,193.0,225.4,225.5,264.375,201.0,2.3333333333333335,3.0,4,0.6,2
1.0,0.01,2.0,West Virginia,190.3,185,212,187.5,9.1,9.5,11,0.0,0.0,203.9,197.5,229.0,225.5,244.1,212.5,2.4,2.0,4,0.9,2
0.5,0.05,0.5,New Hampshire,190.6,183,219,186.5,2.7,3.0,5,0.0,0.0,203.55555555555554,208.0,217.16666666666666,219.0,209.66666666666666,213.0,1.0,1.0,1,0.0,0
0.5,0.01,0.5,Louisiana,191.25,161,220,189.5,1.375,1.0,2,0.0,0.0,212.0,208.0,,,,,0.0,0.0,0,0.0,0
1.0,0.05,1.0,New Hampshire,191.7,183,219,186.0,7.7,8.0,8,0.0,0.0,202.8,191.0,216.7,208.0,242.125,213.0,1.5,1.5,2,0.0,0
ALL,ALL,ALL,New Hampshire,193.7465181058496,72,317,183.0,6.690807799442897,8.0,8,0.0,0.0,210.864406779661,191.0,226.0927536231884,208.0,232.2937062937063,213.0,1.2867132867132867,1.0,3,0.0,0
1.0,0.01,2.0,Louisiana,193.9,157,338,171.0,3.2,3.5,4,0.0,0.0,219.44444444444446,208.0,276.875,226.0,230.0,230.0,1.5,1.5,2,0.0,0
2.0,0.01,0.5,Mississippi,194.1,117,274,215.0,5.4,6.0,7,0.0,0.0,266.5,246.0,348.22222222222223,311.0,592.0,592.0,1.0,1.0,1,0.0,0
2.0,0.01,2.0,West Virginia,195.6,182,233,193.0,9.4,9.0,12,0.0,0.0,208.7,207.0,226.5,218.0,265.8888888888889,269.0,3.1,3.0,8,1.4,4
0.5,0.01,2.0,West Virginia,196.3,186,233,191.0,7.6,8.0,9,0.2,1.0,225.4,222.5,247.4,245.0,229.625,220.0,1.3333333333333333,1.0,3,0.9,2
0.5,0.01,1.0,West Virginia,197.1,182,233,187.5,5.7,6.0,8,0.0,0.0,219.0,225.5,247.7,252.0,219.66666666666666,216.0,1.4285714285714286,1.0,3,0.4,1
1.0,0.01,1.0,West Virginia,197.3,186,218,197.5,7.5,8.0,9,0.2,1.0,223.0,233.0,246.3,241.5,244.11111111111111,238.0,1.6666666666666667,1.0,3,0.7,2
2.0,0.01,1.0,West Virginia,197.6,185,287,186.0,9.4,9.0,12,0.0,0.0,215.0,202.0,233.8,225.5,296.1111111111111,269.0,2.0,2.0,5,0.6,1
0.5,0.01,0.5,West Virginia,197.8,186,258,186.0,3.4,3.5,7,0.0,0.0,207.75,194.0,225.28571428571428,218.0,204.85714285714286,201.0,1.5714285714285714,1.0,3,0.1,1
1.0,0.01,0.5,West Virginia,198.3,182,249,186.0,6.5,7.0,9,0.0,0.0,228.8,233.0,258.1,251.5,263.25,265.5,1.3333333333333333,1.0,3,0.3,1
0.5,0.01,1.0,Rhode Island,198.5,160,391,160.0,1.0,1.0,1,,,,,,,175.0,175.0,1.0,1.0,1,0.0,0
2.0,0.01,0.5,Arkansas,199.1,172,277,172.0,5.4,6.0,7,0.4,1.0,295.5,301.0,325.22222222222223,310.0,201.4,178.0,2.4,2.0,4,0.7,2
2.0,0.01,2.0,Mississippi,201.5,59,455,180.5,5.8,5.5,7,0.0,0.0,270.2,218.0,407.0,443.5,,,0.0,0.0,0,0.2,1
2.0,0.05,0.5,Maine,201.7,126,261,199.0,9.2,9.5,10,0.0,0.0,244.7,237.0,274.9,285.0,435.0,435.0,1.0,1.0,2,0.2,1
1.0,0.01,1.0,Alabama,202.8,124,464,159.0,4.8,5.0,7,0.0,0.0,259.1111111111111,177.0,364.22222222222223,303.0,,,0.0,0.0,0,0.0,0
2.0,0.01,0.5,Louisiana,206.8,157,347,189.5,3.6,4.0,5,0.0,0.0,273.9,226.0,318.25,273.5,326.6666666666667,274.0,1.0,1.0,1,0.0,0
2.0,0.01,2.0,Arkansas,207.5,172,308,172.0,6.3,7.0,8,0.2,1.0,296.8,300.0,349.6,309.0,191.22222222222223,178.0,5.555555555555555,7.0,9,0.5,3
2.0,0.01,1.0,Alabama,211.3,124,527,161.5,7.1,7.0,10,0.0,0.0,271.3333333333333,298.0,343.8888888888889,337.0,,,0.0,0.0,0,0.0,0
0.5,0.01,1.0,Louisiana,213.375,171,338,208.0,1.625,1.0,4,0.0,0.0,255.33333333333334,220.0,345.0,345.0,,,0.0,0.0,0,0.0,0
0.5,0.01,0.5,New Hampshire,214.55555555555554,183,282,219.0,1.7777777777777777,2.0,3,0.0,0.0,252.6,280.0,260.0,260.0,,,0.0,0.0,0,0.0,0
2.0,0.01,1.0,New Hampshire,214.9,186,244,219.0,5.8,6.0,7,0.0,0.0,265.9,280.0,282.9,286.0,311.6666666666667,294.0,1.0,1.0,1,0.0,0
2.0,0.01,1.0,Arkansas,217.1,172,334,172.0,5.2,5.0,9,0.2,1.0,324.1,308.0,373.4,322.0,176.14285714285714,178.0,2.875,2.5,6,1.0,4
2.0,0.01,0.5,Alabama,219.9,130,495,161.0,5.8,6.5,8,0.0,0.0,242.77777777777777,177.0,324.55555555555554,303.0,579.0,579.0,1.0,1.0,1,0.0,0
1.0,0.01,0.5,Alabama,221.0,124,337,176.5,2.6,2.0,5,0.0,0.0,285.5,337.0,292.0,321.0,,,0.0,0.0,0,0.0,0
0.5,0.01,2.0,Delaware,225.5,102,316,221.5,2.3,2.0,3,0.0,0.0,318.44444444444446,317.0,374.5,367.5,364.14285714285717,379.0,1.0,1.0,1,0.0,0
1.0,0.01,0.5,Arkansas,225.55555555555554,172,358,172.0,2.111111111111111,2.0,3,0.14285714285714285,1.0,292.57142857142856,308.0,401.3333333333333,358.0,205.71428571428572,178.0,1.8571428571428572,2.0,3,0.1111111111111111,1
0.5,0.01,0.5,Delaware,225.625,201,297,201.5,1.5,1.0,3,0.0,0.0,272.6666666666667,261.0,296.0,296.0,367.0,367.0,1.0,1.0,1,0.0,0
1.0,0.01,1.0,New Hampshire,227.6,183,280,219.0,5.8,6.0,7,0.0,0.0,272.4,281.5,293.4,286.0,,,0.0,0.0,0,0.0,0
1.0,0.01,2.0,Arkansas,228.0,172,358,207.0,5.6,5.5,7,0.0,0.0,309.1,292.5,358.9,310.0,242.5,178.0,5.5,4.0,12,0.2,1
0.5,0.05,1.0,Maine,228.9,175,286,234.5,6.6,7.0,8,0.0,0.0,269.0,283.0,286.7,288.0,435.0,435.0,0.3333333333333333,0.0,1,0.6,1
1.0,0.01,2.0,Delaware,230.1,195,316,212.0,2.6,3.0,3,0.0,0.0,363.6,267.0,350.3333333333333,342.5,363.6666666666667,379.0,1.0,1.0,1,0.0,0
2.0,0.01,0.5,Delaware,230.7,102,317,226.5,2.6,3.0,3,0.0,0.0,312.8,306.0,461.8333333333333,467.0,348.3333333333333,379.0,1.0,1.0,1,0.0,0
0.5,0.01,0.5,Maine,231.66666666666666,152,285,261.0,2.7777777777777777,2.0,6,0.0,0.0,288.375,285.0,299.0,296.0,435.0,435.0,0.3333333333333333,0.0,1,0.2222222222222222,1
2.0,0.01,0.5,New Hampshire,231.8,186,286,219.0,5.4,5.5,6,0.0,0.0,274.5,283.0,305.6,289.0,,,0.0,0.0,0,0.0,0
0.5,0.01,2.0,Arkansas,231.8,172,320,213.5,2.8,2.0,5,0.0,0.0,328.55555555555554,334.0,416.0,409.0,208.16666666666666,178.0,2.0,2.0,3,0.0,0
0.5,0.01,1.0,New Hampshire,232.7,183,286,219.0,4.6,4.5,7,0.0,0.0,276.0,280.0,302.4,301.5,28.0,28.0,1.0,1.0,1,0.0,0
0.5,0.01,1.0,Delaware,232.8,186,316,212.0,1.8,2.0,3,0.0,0.0,261.3333333333333,261.0,281.5,281.5,317.6666666666667,287.0,1.3333333333333333,1.0,2,0.0,0
0.5,0.01,2.0,Mississippi,235.5,145,457,197.0,3.5,3.0,6,0.0,0.0,361.4,457.0,469.75,482.0,227.0,227.0,1.0,1.0,1,0.0,0
0.5,0.01,2.0,New Hampshire,235.5,186,286,228.5,5.6,5.5,7,0.0,0.0,272.7,280.0,298.2,287.0,,,0.0,0.0,0,0.0,0
1.0,0.01,2.0,New Hampshire,235.6,185,317,230.5,5.8,6.0,8,0.0,0.0,284.0,281.5,305.6,287.0,213.0,213.0,1.0,1.0,1,0.0,0
0.5,0.01,2.0,Maine,235.7,152,297,261.0,6.2,6.5,8,0.0,0.0,293.1,292.5,296.5,297.0,435.0,435.0,1.0,1.0,1,0.0,0
1.0,0.01,1.0,Delaware,236.0,195,317,224.5,2.5,2.5,3,0.0,0.0,310.0,296.0,407.0,467.0,310.0,287.0,1.75,2.0,2,0.0,0
1.0,0.01,0.5,New Hampshire,237.3,186,286,230.5,5.0,5.0,7,0.0,0.0,287.2,286.0,308.9,308.0,,,0.0,0.0,0,0.0,0
2.0,0.01,2.0,New Hampshire,237.3,219,280,219.0,5.8,5.5,8,0.0,0.0,282.3,283.0,298.2,287.0,,,0.0,0.0,0,0.0,0
0.5,0.01,2.0,Rhode Island,238.22222222222223,160,512,160.0,2.2222222222222223,2.0,4,0.0,0.0,370.5,362.0,492.75,512.0,197.75,175.0,1.0,1.0,1,0.0,0
1.0,0.01,2.0,Maine,249.6,126,285,269.0,7.0,7.0,9,0.0,0.0,287.6,285.5,294.8,293.0,435.0,435.0,1.3333333333333333,1.0,3,0.0,0
0.5,0.01,1.0,Maine,252.1,175,285,261.0,6.0,6.0,8,0.0,0.0,288.5,287.5,296.3,297.0,435.0,435.0,1.0,1.0,1,0.0,0
2.0,0.01,2.0,Delaware,252.7,201,587,211.5,2.5,3.0,3,0.0,0.0,313.6666666666667,296.0,398.8333333333333,388.5,356.14285714285717,379.0,1.1428571428571428,1.0,2,0.0,0
1.0,0.01,0.5,Delaware,258.5,202,317,251.0,1.6,1.5,3,0.0,0.0,295.2,297.0,368.0,368.0,379.0,379.0,1.0,1.0,1,0.0,0
2.0,0.01,2.0,Maine,259.3,175,285,280.0,7.0,7.0,8,0.0,0.0,287.7,290.0,296.7,297.0,435.0,435.0,1.4285714285714286,1.0,2,0.1,1
2.0,0.01,0.5,Maine,260.3,175,297,261.0,6.9,7.0,8,0.0,0.0,289.1,286.0,293.9,296.5,453.14285714285717,435.0,1.0,1.0,2,0.2,1
2.0,0.01,1.0,Maine,262.9,175,293,261.0,7.2,7.0,9,0.0,0.0,288.3,286.0,292.6,290.0,435.0,435.0,1.0,1.0,1,0.1,1
2.0,0.01,1.0,Delaware,263.2,201,317,281.5,2.8,3.0,3,0.0,0.0,363.2,356.5,416.625,397.0,348.8,379.0,1.0,1.0,1,0.0,0
2.0,0.01,0.5,Rhode Island,268.3,160,435,261.0,2.0,2.0,3,0.0,0.0,421.375,413.0,473.5,473.5,175.0,175.0,1.0,1.0,1,0.0,0
1.0,0.01,0.5,Maine,272.8,175,297,286.0,6.4,7.0,8,0.0,0.0,292.5,293.5,300.1,297.5,435.0,435.0,1.0,1.0,1,0.0,0
1.0,0.01,1.0,Maine,278.7,261,290,281.0,6.5,7.0,8,0.0,0.0,288.7,288.0,295.1,296.5,435.0,435.0,1.0,1.0,1,0.0,0
1.0,0.01,1.0,Rhode Island,289.0,160,512,261.0,1.9,1.5,3,0.0,0.0,372.2,362.0,455.25,473.5,,,0.0,0.0,0,0.0,0
1.0,0.01,0.5,Rhode Island,306.0,160,512,263.0,1.2,1.0,2,0.0,0.0,263.0,263.0,,,175.0,175.0,1.0,1.0,1,0.0,0
2.0,0.01,1.0,Rhode Island,308.44444444444446,160,525,362.0,2.3333333333333335,3.0,3,0.0,0.0,421.2857142857143,512.0,457.2,512.0,175.0,175.0,1.0,1.0,1,0.0,0
2.0,0.01,2.0,Rhode Island,334.8,160,525,362.0,2.0,2.0,3,0.0,0.0,475.0,491.0,516.3333333333334,512.0,175.0,175.0,1.0,1.0,1,0.0,0
1.0,0.01,2.0,Rhode Island,336.7,160,512,362.0,1.8,2.0,3,0.0,0.0,428.42857142857144,435.0,512.0,512.0,175.0,175.0,1.0,1.0,1,0.0,0
