alpha,beta,gamma,state,mean_first_intro_day,earliest_first_intro_day,latest_first_intro_day,median_first_intro_day,mean_intro_count,median_intro_count,max_intro_count,mean_cumu_before_second_intro,max_cumu_before_second_intro,mean_intro_day_2,median_intro_day_2,mean_intro_day_3,median_intro_day_3,mean_first_export_day,median_first_export_day,mean_export_count,median_export_count,max_export_count,mean_total_cumu_cases,max_total_cumu_cases
0.5,0.01,0.5,Texas,28.0,28,28,28.0,24.6,25.0,31,0.0,0.0,28.0,28.0,28.0,28.0,37.5,37.5,34.8,35.0,41,16.6,21
0.5,0.01,1.0,Texas,28.0,28,28,28.0,30.3,30.5,37,0.0,0.0,28.0,28.0,28.0,28.0,36.7,36.0,41.3,40.0,51,23.6,28
0.5,0.05,0.5,Texas,28.0,28,28,28.0,32.4,32.5,35,0.0,0.0,28.0,28.0,28.0,28.0,34.3,34.5,46.3,46.5,51,27.4,31
1.0,0.01,0.5,Texas,28.0,28,28,28.0,29.3,29.0,33,0.0,0.0,28.0,28.0,28.0,28.0,37.1,36.0,52.6,52.5,59,29.3,33
0.5,0.1,0.5,Texas,28.0,28,28,28.0,35.2,35.5,40,0.0,0.0,28.0,28.0,28.0,28.0,34.1,34.5,48.9,50.0,54,29.6,35
0.5,0.05,1.0,Texas,28.0,28,28,28.0,38.8,39.0,44,0.0,0.0,28.0,28.0,28.0,28.0,35.2,36.0,57.5,58.5,63,30.6,35
0.5,0.01,2.0,Texas,28.0,28,28,28.0,34.9,34.5,39,0.0,0.0,28.0,28.0,28.0,28.0,36.1,36.0,58.5,60.5,66,31.5,34
0.5,0.25,0.5,Texas,28.0,28,28,28.0,34.8,34.5,36,0.0,0.0,28.0,28.0,28.0,28.0,32.0,32.0,48.4,48.0,52,32.9,35
0.5,0.1,1.0,Texas,28.0,28,28,28.0,39.4,38.5,47,0.0,0.0,28.0,28.0,28.0,28.0,33.7,32.5,60.1,60.5,64,34.6,39
1.0,0.01,1.0,Texas,28.0,28,28,28.0,32.9,32.5,38,0.0,0.0,28.0,28.0,28.0,28.0,37.3,36.0,67.6,68.0,77,34.7,40
1.0,0.05,0.5,Texas,28.0,28,28,28.0,43.3,43.5,47,0.0,0.0,28.0,28.0,28.0,28.0,34.4,36.0,66.9,68.0,74,34.9,40
2.0,0.01,0.5,Texas,28.0,28,28,28.0,37.1,36.5,41,0.0,0.0,28.0,28.0,28.0,28.0,38.1,37.5,75.0,75.5,79,35.5,43
0.5,0.25,1.0,Texas,28.0,28,28,28.0,41.8,42.0,44,0.0,0.0,28.0,28.0,28.0,28.0,32.2,32.0,61.0,61.5,68,36.5,38
1.0,0.01,2.0,Texas,28.0,28,28,28.0,38.7,39.5,46,0.0,0.0,28.0,28.0,28.0,28.0,36.0,36.0,75.8,76.5,83,37.1,43
1.0,0.1,0.5,Texas,28.0,28,28,28.0,42.1,42.5,45,0.0,0.0,28.0,28.0,28.0,28.0,33.7,32.5,70.2,71.5,75,39.3,43
ALL,ALL,ALL,Texas,28.0,28,28,28.0,41.047222222222224,43.0,52,0.0,0.0,28.0,28.0,28.0,28.0,34.49166666666667,36.0,72.69722222222222,76.0,106,39.57222222222222,53
2.0,0.01,1.0,Texas,28.0,28,28,28.0,37.1,38.0,47,0.0,0.0,28.0,28.0,28.0,28.0,37.2,36.0,77.8,76.5,88,39.6,45
0.5,0.05,2.0,Texas,28.0,28,28,28.0,43.0,43.0,46,0.0,0.0,28.0,28.0,28.0,28.0,35.7,36.0,75.5,73.5,85,39.7,43
1.0,0.25,0.5,Texas,28.0,28,28,28.0,45.1,45.0,48,0.0,0.0,28.0,28.0,28.0,28.0,33.0,32.0,71.9,72.0,77,39.8,43
2.0,0.01,2.0,Texas,28.0,28,28,28.0,38.4,38.5,46,0.0,0.0,28.0,28.0,28.0,28.0,37.2,36.0,84.0,84.0,92,40.0,45
0.5,0.1,2.0,Texas,28.0,28,28,28.0,44.8,45.0,47,0.0,0.0,28.0,28.0,28.0,28.0,33.5,33.0,73.1,72.5,81,41.9,44
1.0,0.05,1.0,Texas,28.0,28,28,28.0,43.5,44.0,47,0.0,0.0,28.0,28.0,28.0,28.0,34.5,36.0,74.5,74.0,83,43.0,47
0.5,0.25,2.0,Texas,28.0,28,28,28.0,46.1,46.0,50,0.0,0.0,28.0,28.0,28.0,28.0,32.6,32.0,79.8,80.0,85,43.8,47
1.0,0.25,1.0,Texas,28.0,28,28,28.0,45.9,46.0,49,0.0,0.0,28.0,28.0,28.0,28.0,32.9,32.0,77.9,77.5,82,45.4,48
2.0,0.05,0.5,Texas,28.0,28,28,28.0,43.0,42.5,47,0.0,0.0,28.0,28.0,28.0,28.0,33.2,32.0,83.9,85.0,91,45.7,49
1.0,0.05,2.0,Texas,28.0,28,28,28.0,46.5,46.0,51,0.0,0.0,28.0,28.0,28.0,28.0,34.6,36.0,87.7,88.0,93,46.0,50
2.0,0.1,0.5,Texas,28.0,28,28,28.0,45.9,46.0,51,0.0,0.0,28.0,28.0,28.0,28.0,34.0,33.0,87.3,88.5,93,46.6,52
1.0,0.1,1.0,Texas,28.0,28,28,28.0,42.9,43.0,46,0.0,0.0,28.0,28.0,28.0,28.0,33.8,33.0,77.9,78.0,83,46.6,50
2.0,0.1,1.0,Texas,28.0,28,28,28.0,47.6,47.5,52,0.0,0.0,28.0,28.0,28.0,28.0,33.0,32.0,86.9,87.0,93,47.1,49
1.0,0.25,2.0,Texas,28.0,28,28,28.0,48.1,48.0,52,0.0,0.0,28.0,28.0,28.0,28.0,32.8,32.0,83.5,84.0,88,47.6,50
2.0,0.05,1.0,Texas,28.0,28,28,28.0,44.6,45.0,48,0.0,0.0,28.0,28.0,28.0,28.0,34.7,36.0,91.0,91.5,99,47.7,53
2.0,0.1,2.0,Texas,28.0,28,28,28.0,47.6,48.0,51,0.0,0.0,28.0,28.0,28.0,28.0,33.1,32.5,90.1,90.0,96,47.8,52
2.0,0.05,2.0,Texas,28.0,28,28,28.0,46.3,47.0,51,0.0,0.0,28.0,28.0,28.0,28.0,35.1,36.0,93.1,93.5,106,47.9,52
1.0,0.1,2.0,Texas,28.0,28,28,28.0,45.8,46.0,49,0.0,0.0,28.0,28.0,28.0,28.0,34.2,34.5,88.7,89.5,98,48.1,52
2.0,0.25,0.5,Texas,28.0,28,28,28.0,45.6,45.5,50,0.0,0.0,28.0,28.0,28.0,28.0,33.0,32.0,87.9,89.0,94,48.5,52
2.0,0.25,1.0,Texas,28.0,28,28,28.0,47.2,46.5,52,0.0,0.0,28.0,28.0,28.0,28.0,32.4,32.0,87.7,88.0,93,48.7,51
2.0,0.25,2.0,Texas,28.0,28,28,28.0,47.1,46.5,51,0.0,0.0,28.0,28.0,28.0,28.0,32.8,32.0,92.0,90.5,102,49.0,51
0.5,0.25,0.5,California,32.0,32,32,32.0,4.5,4.5,6,21.0,26.0,69.4,85.0,98.3,107.0,28.0,28.0,74.8,73.0,83,34.1,36
0.5,0.25,1.0,California,32.8,32,36,32.0,4.3,4.0,6,22.3,26.0,74.8,85.0,99.8,107.0,28.0,28.0,81.4,80.5,88,35.3,37
2.0,0.25,1.0,California,33.0,32,42,32.0,3.5,3.5,4,24.5,26.0,79.8,85.0,105.6,112.0,28.0,28.0,82.8,81.5,93,39.5,40
0.5,0.25,2.0,California,33.8,32,42,32.0,4.4,4.0,6,22.4,27.0,75.0,85.0,103.4,112.0,28.0,28.0,83.3,84.0,89,38.2,39
0.5,0.25,0.5,Washington,34.0,34,34,34.0,8.9,9.0,10,2.3,3.0,46.0,46.0,62.1,60.0,43.1,40.0,13.7,13.5,16,17.0,18
1.0,0.25,2.0,California,34.0,32,42,32.0,4.1,4.0,5,22.0,27.0,72.0,85.0,100.7,109.5,28.0,28.0,81.4,80.0,88,38.6,40
2.0,0.25,2.0,California,34.0,32,42,32.0,3.8,4.0,5,25.0,26.0,82.4,85.0,107.8,112.0,28.0,28.0,82.4,82.0,90,39.0,40
1.0,0.25,1.0,California,34.4,32,42,32.0,4.0,4.0,5,23.3,27.0,76.1,85.0,101.4,107.0,28.0,28.0,81.9,79.0,90,39.0,40
2.0,0.25,0.5,California,34.8,32,42,32.0,4.0,4.0,6,23.1,26.0,77.4,85.0,102.0,107.0,28.0,28.0,84.8,85.0,87,39.0,41
0.5,0.25,0.5,Idaho,35.0,35,35,35.0,8.1,8.0,10,0.0,0.0,37.0,37.0,37.0,37.0,28.0,28.0,39.7,40.5,43,15.9,18
2.0,0.05,0.5,California,35.0,32,42,32.0,4.2,4.0,5,20.1,24.0,71.7,66.0,92.3,85.0,28.0,28.0,82.2,83.0,89,37.5,39
2.0,0.25,1.0,Washington,35.2,34,46,34.0,11.6,11.0,15,2.0,3.0,47.3,46.0,62.1,60.0,36.1,34.0,23.4,24.0,25,18.2,21
0.5,0.25,0.5,Colorado,35.4,33,41,33.0,15.1,14.5,19,3.7,9.0,48.8,44.0,53.5,46.0,28.0,28.0,25.0,25.0,30,12.9,16
1.0,0.25,0.5,California,35.4,32,42,32.0,3.9,4.0,5,23.4,26.0,76.1,85.0,102.9,109.5,28.0,28.0,81.9,81.5,91,35.3,37
1.0,0.25,0.5,Colorado,35.8,33,43,33.0,17.2,16.5,20,2.8,4.0,44.4,44.0,49.4,46.0,28.0,28.0,32.6,32.5,37,13.3,14
2.0,0.1,2.0,California,35.8,32,42,34.0,4.1,4.0,6,21.0,25.0,73.1,85.0,95.0,109.5,28.0,28.0,84.1,84.0,90,38.1,40
0.5,0.25,0.5,Utah,36.0,36,36,36.0,9.4,9.0,11,0.0,0.0,44.8,46.0,50.4,49.0,33.6,28.0,5.8,6.0,8,3.6,4
1.0,0.05,0.5,Wisconsin,36.0,36,36,36.0,41.6,41.5,45,0.0,0.0,46.0,46.0,47.4,47.0,30.8,28.0,87.2,89.0,97,20.8,27
2.0,0.05,0.5,Wisconsin,36.0,36,36,36.0,42.4,42.0,46,0.0,0.0,46.0,46.0,48.0,47.0,30.8,28.0,91.2,89.5,108,21.0,24
1.0,0.05,2.0,Wisconsin,36.0,36,36,36.0,41.3,41.0,46,0.0,0.0,46.0,46.0,49.1,48.0,32.2,28.0,94.5,94.5,101,21.8,25
2.0,0.25,1.0,Wisconsin,36.0,36,36,36.0,41.8,42.0,46,0.0,0.0,46.0,46.0,47.0,47.0,28.0,28.0,100.0,99.0,113,22.2,28
0.5,0.05,1.0,Wisconsin,36.0,36,36,36.0,38.5,39.5,41,0.0,0.0,46.0,46.0,47.5,47.5,30.8,28.0,88.5,91.0,95,22.3,26
2.0,0.1,2.0,Wisconsin,36.0,36,36,36.0,41.7,42.0,45,0.0,0.0,46.0,46.0,47.0,47.0,30.8,28.0,96.0,95.5,105,22.5,27
1.0,0.1,1.0,Wisconsin,36.0,36,36,36.0,40.7,41.0,44,0.0,0.0,46.0,46.0,47.1,47.0,32.2,28.0,93.6,96.5,104,22.5,26
2.0,0.05,1.0,Wisconsin,36.0,36,36,36.0,40.6,39.5,46,0.0,0.0,46.1,46.0,48.9,48.0,33.7,28.0,90.8,90.0,102,22.8,26
0.5,0.05,2.0,Wisconsin,36.0,36,36,36.0,40.0,40.0,45,0.0,0.0,46.0,46.0,48.5,47.0,30.8,28.0,91.7,90.5,106,22.9,29
2.0,0.1,1.0,Wisconsin,36.0,36,36,36.0,40.5,40.5,45,0.0,0.0,46.0,46.0,47.1,47.0,33.6,28.0,96.1,98.0,102,23.2,28
2.0,0.1,0.5,Wisconsin,36.0,36,36,36.0,40.6,40.0,45,0.0,0.0,46.0,46.0,47.0,47.0,29.4,28.0,98.1,100.0,106,23.4,26
0.5,0.1,2.0,Wisconsin,36.0,36,36,36.0,39.5,39.0,42,0.0,0.0,46.0,46.0,47.0,47.0,29.4,28.0,97.3,96.5,108,23.7,27
2.0,0.25,0.5,Wisconsin,36.0,36,36,36.0,40.0,40.0,43,0.0,0.0,46.0,46.0,47.0,47.0,29.4,28.0,97.9,98.5,103,23.8,27
1.0,0.1,2.0,Wisconsin,36.0,36,36,36.0,39.5,39.5,44,0.0,0.0,46.0,46.0,47.2,47.0,29.4,28.0,96.8,97.0,105,23.8,30
2.0,0.25,2.0,Wisconsin,36.0,36,36,36.0,39.7,39.0,44,0.0,0.0,46.0,46.0,47.0,47.0,28.0,28.0,98.6,98.0,107,24.0,28
1.0,0.05,1.0,Wisconsin,36.0,36,36,36.0,39.2,39.0,50,0.0,0.0,46.0,46.0,47.9,47.5,28.0,28.0,91.9,90.5,102,24.1,30
1.0,0.25,1.0,Wisconsin,36.0,36,36,36.0,39.1,39.0,43,0.0,0.0,46.0,46.0,47.0,47.0,28.0,28.0,100.0,100.0,112,24.1,28
1.0,0.25,2.0,Wisconsin,36.0,36,36,36.0,39.2,39.5,45,0.0,0.0,46.0,46.0,47.0,47.0,28.0,28.0,100.1,100.5,108,24.5,31
1.0,0.1,0.5,Wisconsin,36.0,36,36,36.0,38.4,37.5,43,0.0,0.0,46.0,46.0,47.2,47.0,30.8,28.0,90.4,90.5,96,24.5,28
0.5,0.1,0.5,Wisconsin,36.0,36,36,36.0,35.3,35.0,40,0.0,0.0,46.0,46.0,47.1,47.0,29.4,28.0,84.3,83.0,94,24.8,31
0.5,0.1,1.0,Wisconsin,36.0,36,36,36.0,36.7,36.0,42,0.0,0.0,46.0,46.0,47.1,47.0,29.4,28.0,93.5,95.0,99,24.9,29
1.0,0.25,0.5,Wisconsin,36.0,36,36,36.0,38.7,38.5,43,0.0,0.0,46.0,46.0,47.0,47.0,28.0,28.0,101.3,102.0,108,25.0,29
0.5,0.25,1.0,Wisconsin,36.0,36,36,36.0,36.6,36.0,40,0.0,0.0,46.0,46.0,47.0,47.0,29.4,28.0,96.3,96.5,103,25.2,28
0.5,0.25,2.0,Wisconsin,36.0,36,36,36.0,38.2,38.0,42,0.0,0.0,46.0,46.0,47.0,47.0,28.0,28.0,101.0,100.0,109,25.3,29
0.5,0.25,0.5,Wisconsin,36.0,36,36,36.0,35.1,36.0,38,0.0,0.0,46.0,46.0,47.0,47.0,29.4,28.0,89.9,89.5,101,26.1,31
2.0,0.1,1.0,California,36.0,32,42,32.0,4.1,4.0,5,21.1,26.0,72.8,75.5,93.1,85.0,28.0,28.0,85.1,88.0,92,37.7,39
0.5,0.25,1.0,Colorado,36.2,33,41,33.0,16.8,17.0,19,2.0,4.0,42.6,42.0,44.9,44.0,28.0,28.0,29.7,29.5,34,12.8,15
0.5,0.25,1.0,Washington,36.4,34,46,34.0,9.5,9.0,12,1.7,3.0,46.0,46.0,60.4,62.5,32.0,28.0,17.8,17.5,21,17.8,20
2.0,0.25,2.0,Washington,36.4,34,46,34.0,11.2,11.0,14,2.1,3.0,46.0,46.0,61.5,60.0,32.0,28.0,25.4,25.5,31,18.1,19
1.0,0.25,2.0,Washington,36.4,34,46,34.0,11.1,11.5,13,1.7,3.0,46.0,46.0,61.0,60.0,28.0,28.0,22.8,22.5,25,18.3,20
1.0,0.1,0.5,California,36.4,32,42,34.0,3.6,3.0,6,22.2,25.0,77.3,85.0,99.7,112.0,28.0,28.0,84.2,83.5,90,35.2,36
2.0,0.25,1.0,Idaho,36.5,35,50,35.0,12.0,12.5,13,0.0,0.0,38.3,37.0,38.3,37.0,28.0,28.0,46.7,47.0,50,16.5,18
2.0,0.05,2.0,Wisconsin,37.0,36,46,36.0,39.1,39.5,44,0.0,0.0,46.2,46.0,48.9,48.0,29.4,28.0,85.9,89.5,93,24.1,30
0.5,0.05,0.5,Wisconsin,37.0,36,46,36.0,34.9,35.0,40,0.0,0.0,46.3,46.0,48.1,47.5,32.3,28.0,77.4,77.0,91,24.8,30
0.5,0.1,1.0,California,37.0,32,42,37.0,3.2,3.0,4,24.3,26.0,80.5,85.0,106.6,112.0,28.0,28.0,80.3,80.5,89,35.7,37
2.0,0.25,1.0,Colorado,37.3,33,44,37.0,22.8,22.5,25,1.8,4.0,43.2,42.0,47.9,46.0,30.6,28.0,39.3,39.5,43,11.7,14
0.5,0.25,2.0,Colorado,37.3,33,44,37.0,18.8,18.5,22,2.0,6.0,44.5,44.0,51.0,48.5,30.6,28.0,38.9,38.5,43,13.7,16
1.0,0.1,1.0,California,37.4,32,42,39.0,4.2,4.0,5,19.9,26.0,69.7,75.5,94.4,96.0,28.0,28.0,85.8,85.0,93,38.1,39
0.5,0.1,2.0,California,37.4,32,42,39.0,3.5,3.0,5,23.5,26.0,81.2,85.0,106.1,112.0,28.0,28.0,84.4,85.0,93,38.8,40
1.0,0.25,1.0,Colorado,37.5,33,44,37.0,19.0,18.5,22,2.1,6.0,44.1,44.0,49.0,48.5,28.0,28.0,38.4,38.0,44,13.7,18
0.5,0.25,1.0,Idaho,37.5,35,50,35.0,10.1,10.0,14,0.0,0.0,39.6,37.0,39.7,37.0,28.0,28.0,39.3,39.0,44,15.0,17
2.0,0.05,0.5,Washington,37.6,34,46,34.0,10.8,11.0,15,1.1,3.0,47.7,46.0,59.6,65.5,41.7,40.0,18.4,18.5,22,17.3,21
1.0,0.25,1.0,Washington,37.6,34,46,34.0,10.1,10.0,13,1.5,3.0,46.0,46.0,58.9,60.0,33.0,28.0,23.2,22.0,28,18.3,21
0.5,0.25,2.0,Washington,37.6,34,46,34.0,10.0,9.5,13,1.5,3.0,46.0,46.0,59.4,60.0,30.8,28.0,23.4,24.0,27,18.4,20
2.0,0.25,2.0,Colorado,37.8,33,46,37.0,23.0,23.0,26,1.9,4.0,45.0,44.0,52.4,46.0,33.2,28.0,38.2,37.5,46,11.9,15
0.5,0.25,0.5,Massachusetts,38.0,36,56,36.0,8.4,8.0,9,0.0,0.0,59.3,56.0,89.1,89.0,,,0.0,0.0,0,0.0,0
2.0,0.25,2.0,Idaho,38.0,35,50,35.0,13.0,13.0,15,0.0,0.0,39.6,37.0,39.7,37.0,30.3,28.0,45.1,45.5,51,15.9,18
1.0,0.25,2.0,Idaho,38.0,35,50,35.0,10.8,11.0,13,0.0,0.0,39.6,37.0,39.8,37.0,32.6,28.0,45.0,46.5,50,17.7,20
0.5,0.1,0.5,California,38.0,32,42,42.0,3.5,3.5,4,24.1,26.0,83.1,85.0,108.3,112.0,28.0,28.0,76.0,74.5,86,33.6,35
1.0,0.05,0.5,California,38.0,32,42,42.0,3.8,4.0,5,21.4,25.0,76.7,85.0,98.5,98.5,28.0,28.0,83.1,83.0,90,34.4,36
ALL,ALL,ALL,Wisconsin,38.019444444444446,36,64,36.0,39.125,39.0,50,0.030555555555555555,1.0,49.37222222222222,46.0,52.672222222222224,47.0,30.344444444444445,28.0,87.19444444444444,91.0,113,23.147222222222222,31
1.0,0.25,2.0,Colorado,38.3,33,44,41.0,21.5,21.0,23,1.3,4.0,43.0,42.0,49.2,45.0,28.0,28.0,40.9,40.5,45,13.0,16
2.0,0.1,2.0,Colorado,38.4,33,44,41.0,21.0,22.0,27,1.8,6.0,45.5,44.0,61.6,69.5,28.0,28.0,39.8,41.5,47,13.0,17
1.0,0.05,1.0,California,38.4,32,42,42.0,3.7,3.5,5,22.1,26.0,77.4,85.0,101.2,112.0,28.0,28.0,82.2,82.0,89,37.9,40
0.5,0.25,1.0,Utah,38.6,36,49,36.0,10.7,11.0,12,0.0,0.0,47.0,49.0,50.0,49.0,43.6,42.0,9.4,9.0,12,3.8,5
2.0,0.25,1.0,Utah,38.6,36,49,36.0,12.6,12.5,14,0.0,0.0,48.8,49.0,51.5,51.0,36.4,28.0,11.7,11.0,15,5.5,7
1.0,0.25,2.0,Utah,38.6,36,49,36.0,12.7,12.5,15,0.0,0.0,47.2,49.0,50.1,49.0,32.4,28.0,11.4,11.5,14,5.8,7
2.0,0.25,2.0,Utah,38.6,36,49,36.0,12.2,12.0,14,0.0,0.0,48.1,49.0,50.5,49.0,42.3,28.0,11.5,11.0,13,6.2,7
2.0,0.1,0.5,Colorado,38.8,33,46,37.0,19.4,19.5,21,1.9,4.0,47.2,46.0,54.4,51.0,33.7,28.0,42.2,41.0,52,13.9,16
2.0,0.1,1.0,Washington,38.8,34,46,34.0,11.5,10.5,15,1.0,2.0,47.6,46.0,59.3,60.0,35.6,34.0,20.1,20.0,24,17.9,21
2.0,0.25,0.5,Washington,38.8,34,46,34.0,10.3,11.0,12,1.3,3.0,46.0,46.0,58.4,60.0,28.0,28.0,23.6,24.0,26,18.0,20
1.0,0.25,0.5,Washington,38.8,34,46,34.0,9.6,9.0,12,1.2,2.0,46.0,46.0,56.8,60.0,28.0,28.0,20.4,21.0,23,18.2,20
0.5,0.25,0.5,Ohio,38.8,36,43,36.0,48.6,48.0,52,0.0,0.0,47.2,43.0,54.9,56.0,59.0,51.0,23.2,23.5,30,21.0,26
2.0,0.1,0.5,California,38.8,32,42,42.0,3.5,3.5,4,23.0,26.0,79.4,85.0,105.1,109.5,28.0,28.0,82.2,82.5,91,38.7,40
0.5,0.25,1.0,Arizona,39.0,39,39,39.0,10.0,10.0,11,0.0,0.0,41.4,41.0,48.4,50.0,28.0,28.0,6.3,6.0,8,1.0,2
0.5,0.05,0.5,New Mexico,39.0,39,39,39.0,7.9,8.0,10,0.0,0.0,41.0,41.0,74.6,71.0,28.0,28.0,26.0,26.0,29,5.8,7
0.5,0.25,0.5,New Mexico,39.0,39,39,39.0,8.9,9.0,9,0.0,0.0,41.0,41.0,43.0,43.0,28.0,28.0,27.5,27.5,30,6.1,7
0.5,0.25,1.0,New Mexico,39.0,39,39,39.0,9.8,10.0,10,0.0,0.0,41.0,41.0,43.0,43.0,28.0,28.0,30.3,30.5,34,6.2,7
0.5,0.05,1.0,New Mexico,39.0,39,39,39.0,8.5,8.5,9,0.0,0.0,41.0,41.0,70.8,74.0,28.0,28.0,28.6,29.0,33,6.3,7
1.0,0.25,1.0,New Mexico,39.0,39,39,39.0,10.7,11.0,11,0.0,0.0,41.0,41.0,49.2,43.0,28.0,28.0,33.4,33.0,37,6.3,7
0.5,0.1,1.0,New Mexico,39.0,39,39,39.0,9.4,9.5,11,0.0,0.0,41.0,41.0,55.4,48.5,28.0,28.0,28.2,28.5,30,6.3,8
1.0,0.05,0.5,New Mexico,39.0,39,39,39.0,8.7,8.5,10,0.0,0.0,41.0,41.0,80.4,74.0,28.0,28.0,30.4,30.5,33,6.4,8
0.5,0.25,2.0,New Mexico,39.0,39,39,39.0,10.6,11.0,11,0.0,0.0,41.0,41.0,47.2,43.0,28.0,28.0,33.9,34.0,37,6.4,7
1.0,0.1,0.5,New Mexico,39.0,39,39,39.0,9.5,9.5,10,0.0,0.0,41.0,41.0,54.6,43.0,28.0,28.0,31.4,31.5,34,6.4,7
2.0,0.25,0.5,New Mexico,39.0,39,39,39.0,10.5,11.0,11,0.0,0.0,41.0,41.0,49.2,43.0,28.0,28.0,35.1,35.5,38,6.5,8
1.0,0.25,0.5,New Mexico,39.0,39,39,39.0,9.4,9.0,10,0.0,0.0,41.0,41.0,50.3,43.0,28.0,28.0,33.1,32.0,40,6.6,7
1.0,0.1,2.0,New Mexico,39.0,39,39,39.0,10.4,10.5,12,0.0,0.0,41.0,41.0,61.3,68.5,28.0,28.0,34.9,36.0,37,6.6,8
1.0,0.25,2.0,New Mexico,39.0,39,39,39.0,10.3,10.5,11,0.0,0.0,41.0,41.0,49.2,43.0,28.0,28.0,33.6,33.5,37,6.7,8
0.5,0.05,2.0,New Mexico,39.0,39,39,39.0,9.5,9.0,11,0.0,0.0,41.0,41.0,75.1,74.0,28.0,28.0,31.3,32.0,34,6.7,8
2.0,0.05,0.5,New Mexico,39.0,39,39,39.0,9.9,10.0,11,0.0,0.0,41.0,41.0,57.6,43.0,28.0,28.0,31.3,31.5,35,6.7,8
2.0,0.1,2.0,New Mexico,39.0,39,39,39.0,10.5,10.5,12,0.0,0.0,41.0,41.0,55.3,48.5,28.0,28.0,33.3,34.5,38,6.7,8
0.5,0.1,2.0,New Mexico,39.0,39,39,39.0,10.2,10.0,12,0.0,0.0,41.0,41.0,60.7,64.0,28.0,28.0,32.9,33.0,37,6.7,8
0.5,0.1,0.5,New Mexico,39.0,39,39,39.0,8.3,8.0,9,0.0,0.0,41.0,41.0,65.5,74.0,28.0,28.0,25.8,25.5,29,6.7,7
2.0,0.1,0.5,New Mexico,39.0,39,39,39.0,9.9,10.0,11,0.0,0.0,41.0,41.0,60.7,64.0,28.0,28.0,35.1,35.0,39,6.8,8
1.0,0.1,1.0,New Mexico,39.0,39,39,39.0,10.2,10.0,11,0.0,0.0,41.0,41.0,56.5,48.5,28.0,28.0,33.2,33.0,36,6.8,8
2.0,0.25,1.0,New Mexico,39.0,39,39,39.0,10.8,11.0,11,0.0,0.0,41.0,41.0,46.1,43.0,28.0,28.0,35.5,35.5,38,6.9,9
2.0,0.05,1.0,New Mexico,39.0,39,39,39.0,10.0,10.0,11,0.0,0.0,41.0,41.0,77.0,74.0,28.0,28.0,32.3,33.0,38,7.1,9
2.0,0.05,2.0,New Mexico,39.0,39,39,39.0,9.9,10.5,11,0.0,0.0,41.0,41.0,65.1,68.5,28.0,28.0,33.1,33.5,40,7.1,10
2.0,0.1,1.0,New Mexico,39.0,39,39,39.0,10.1,10.0,11,0.0,0.0,41.0,41.0,54.5,48.5,28.0,28.0,35.1,35.0,39,7.2,8
2.0,0.25,2.0,New Mexico,39.0,39,39,39.0,10.6,11.0,11,0.0,0.0,41.0,41.0,49.2,43.0,28.0,28.0,34.5,34.0,39,7.3,9
2.0,0.25,0.5,Colorado,39.0,33,51,41.0,20.6,20.5,23,2.0,6.0,45.6,42.0,47.7,44.0,30.6,28.0,41.6,41.0,49,12.5,15
1.0,0.01,2.0,Wisconsin,39.0,36,46,36.0,39.7,38.5,45,0.0,0.0,56.5,59.0,63.7,62.0,30.9,28.0,70.0,71.0,80,22.0,26
2.0,0.05,2.0,California,39.0,32,42,42.0,3.7,4.0,5,21.9,25.0,77.4,85.0,100.0,112.0,28.0,28.0,84.2,85.0,92,38.3,40
1.0,0.1,2.0,California,39.0,32,42,42.0,4.2,4.0,5,22.5,25.0,77.4,85.0,99.2,107.0,28.0,28.0,84.2,85.0,91,38.4,40
0.5,0.25,0.5,Arizona,39.1,39,40,39.0,9.6,9.5,11,0.0,0.0,41.0,41.0,48.4,50.0,28.0,28.0,6.1,6.0,8,0.9,2
1.0,0.05,1.0,New Mexico,39.2,39,41,39.0,10.2,10.0,12,0.0,0.0,41.4,41.0,79.9,74.0,28.0,28.0,28.6,28.0,32,6.5,8
1.0,0.05,2.0,New Mexico,39.2,39,41,39.0,10.0,10.0,11,0.0,0.0,41.2,41.0,73.1,74.0,28.0,28.0,32.1,32.5,37,6.8,8
ALL,ALL,ALL,New Mexico,39.21111111111111,39,41,39.0,9.830555555555556,10.0,14,0.09166666666666666,5.0,42.78611111111111,41.0,66.825,71.0,28.0,28.0,30.091666666666665,31.0,40,5.825,10
0.5,0.1,2.0,Colorado,39.3,33,51,37.0,17.7,17.0,22,3.5,8.0,51.0,44.0,61.0,70.0,33.2,28.0,37.5,37.0,44,14.3,16
2.0,0.01,1.0,New Mexico,39.4,39,41,39.0,11.6,12.0,14,0.3,2.0,50.0,41.0,85.2,86.0,28.0,28.0,25.4,26.5,35,3.1,6
1.0,0.01,0.5,New Mexico,39.4,39,41,39.0,8.7,9.0,12,0.0,0.0,42.5,41.0,89.6,90.0,28.0,28.0,24.6,24.5,31,3.4,5
2.0,0.25,1.0,Arizona,39.5,39,44,39.0,10.3,10.0,11,0.0,0.0,41.9,41.0,49.2,50.0,28.0,28.0,9.5,9.5,11,0.7,2
2.0,0.05,0.5,Idaho,39.5,35,50,35.0,11.2,11.5,13,0.0,0.0,41.0,37.0,42.2,40.0,28.0,28.0,45.9,46.0,49,15.7,18
0.5,0.25,2.0,Idaho,39.5,35,50,35.0,10.4,10.0,12,0.0,0.0,40.9,37.0,41.2,37.0,30.3,28.0,45.3,46.0,52,17.1,20
1.0,0.25,1.0,Idaho,39.5,35,50,35.0,10.0,10.0,12,0.0,0.0,40.9,37.0,41.0,37.0,30.3,28.0,44.4,46.5,49,17.2,20
0.5,0.25,1.0,Ohio,39.5,36,43,39.5,52.5,51.0,58,0.0,0.0,48.8,46.0,56.2,54.5,61.0,61.5,30.0,28.5,35,21.0,23
0.5,0.25,2.0,Utah,39.6,36,55,36.0,10.6,10.5,12,0.0,0.0,49.4,49.0,52.6,49.0,28.0,28.0,12.1,12.0,14,5.6,7
0.5,0.25,2.0,Arizona,39.7,39,44,39.0,10.7,11.0,11,0.0,0.0,43.4,41.0,48.4,50.0,28.0,28.0,8.7,9.0,10,0.3,1
0.5,0.01,1.0,New Mexico,39.8,39,41,39.0,9.0,9.0,10,0.0,0.0,42.7,41.0,83.0,80.0,28.0,28.0,21.4,21.0,25,3.0,4
0.5,0.01,0.5,New Mexico,39.8,39,41,39.0,7.4,7.5,10,0.5,5.0,47.7,41.0,90.9,86.0,28.0,28.0,19.3,19.5,23,3.2,7
2.0,0.01,2.0,New Mexico,39.8,39,41,39.0,11.2,12.0,12,0.9,5.0,54.8,41.0,91.5,91.0,28.0,28.0,26.9,27.0,34,3.3,6
0.5,0.01,2.0,New Mexico,39.8,39,41,39.0,10.1,10.0,14,1.2,4.0,55.5,41.0,84.2,86.0,28.0,28.0,24.9,26.5,28,3.6,6
2.0,0.01,0.5,New Mexico,39.8,39,41,39.0,10.1,10.0,11,0.1,1.0,44.7,41.0,95.6,90.0,28.0,28.0,26.8,25.5,37,4.1,6
1.0,0.25,1.0,Utah,39.9,36,49,36.0,11.5,11.0,13,0.0,0.0,49.6,49.0,51.4,49.0,28.0,28.0,11.9,12.0,14,6.1,8
1.0,0.1,2.0,Colorado,39.9,33,51,42.0,20.2,20.0,24,3.2,9.0,52.9,46.0,59.9,60.0,30.6,28.0,44.2,45.0,49,13.7,16
0.5,0.25,1.0,Massachusetts,40.0,36,56,36.0,8.2,8.0,9,0.0,0.0,61.5,56.0,88.4,89.0,,,0.0,0.0,0,0.0,0
0.5,0.25,0.5,Wyoming,40.0,40,40,40.0,8.7,9.0,9,0.0,0.0,41.9,41.0,45.2,44.0,72.0,72.0,1.0,1.0,1,0.0,0
2.0,0.25,2.0,Arizona,40.0,39,44,39.0,10.4,10.0,11,0.0,0.0,42.8,41.0,47.6,50.0,28.0,28.0,8.8,8.5,11,0.6,1
2.0,0.25,0.5,Arizona,40.0,39,44,39.0,10.2,10.5,11,0.0,0.0,43.2,41.0,48.4,50.0,28.0,28.0,8.0,8.0,11,0.8,2
1.0,0.25,1.0,Arizona,40.0,39,44,39.0,9.9,9.5,11,0.0,0.0,43.1,41.0,49.2,50.0,28.0,28.0,9.0,9.0,10,1.1,2
1.0,0.25,2.0,Arizona,40.0,39,44,39.0,9.7,10.0,10,0.0,0.0,42.8,41.0,48.4,50.0,28.0,28.0,9.4,9.0,13,1.3,2
1.0,0.01,1.0,New Mexico,40.0,39,41,40.0,10.6,10.5,12,0.2,2.0,46.3,43.5,91.2,86.0,28.0,28.0,25.3,24.5,33,3.7,5
2.0,0.25,0.5,Idaho,40.0,35,50,35.0,11.5,11.5,14,0.0,0.0,42.2,37.0,42.4,37.0,28.0,28.0,42.5,42.5,48,16.7,19
0.5,0.1,1.0,Washington,40.0,34,46,40.0,10.0,9.0,14,1.0,2.0,49.0,46.0,65.7,64.0,43.7,34.0,15.3,16.0,17,16.9,19
1.0,0.1,0.5,Washington,40.0,34,46,40.0,10.6,10.5,14,1.0,3.0,46.0,46.0,58.6,60.0,50.6,48.0,17.5,17.5,22,17.0,19
2.0,0.1,2.0,Washington,40.0,34,46,40.0,11.4,11.0,16,1.1,3.0,46.3,46.0,60.6,60.0,40.3,28.0,21.8,22.0,28,17.9,20
0.5,0.05,1.0,California,40.0,32,42,42.0,3.1,3.0,4,22.5,25.0,79.3,85.0,101.875,112.0,28.0,28.0,81.3,81.5,88,34.7,36
1.0,0.05,2.0,California,40.0,32,42,42.0,3.5,3.0,5,22.4,25.0,79.3,85.0,103.0,112.0,28.0,28.0,83.7,83.5,92,38.5,41
0.5,0.25,1.0,Wyoming,40.2,40,41,40.0,8.8,9.0,9,0.0,0.0,44.0,44.0,46.8,44.0,75.2,72.0,1.2,1.0,2,0.0,0
1.0,0.1,1.0,Colorado,40.2,33,46,41.0,19.4,18.0,23,0.9,3.0,45.7,44.0,55.6,52.5,42.6,28.0,36.9,37.0,43,13.1,15
1.0,0.01,2.0,New Mexico,40.4,39,41,41.0,10.5,10.5,14,0.1,1.0,48.5,46.0,90.0,92.5,28.0,28.0,28.2,29.5,33,3.7,6
0.5,0.05,0.5,Colorado,40.4,33,46,42.0,15.1,15.5,18,2.0,8.0,52.7,50.5,69.6,69.5,29.6,28.0,24.4,24.0,30,13.0,15
2.0,0.05,1.0,California,40.4,32,42,42.0,3.4,3.0,6,22.4,25.0,78.6,85.0,127.77777777777777,112.0,28.0,28.0,81.7,81.5,91,38.1,40
1.0,0.25,0.5,Arizona,40.5,39,44,39.0,10.2,10.0,11,0.0,0.0,44.0,41.0,49.2,50.0,28.0,28.0,8.7,9.0,11,0.8,2
1.0,0.25,0.5,Idaho,40.5,35,50,35.0,10.3,10.5,13,0.0,0.0,42.2,37.0,42.4,37.0,34.9,28.0,37.8,39.5,45,16.4,18
1.0,0.25,0.5,Utah,40.6,36,49,36.0,11.1,11.0,13,0.0,0.0,49.6,49.0,51.7,50.5,28.0,28.0,9.5,9.0,14,5.2,7
0.5,0.1,0.5,Colorado,40.6,33,44,42.0,16.0,16.5,19,1.3,7.0,46.8,44.0,54.3,48.5,32.2,28.0,25.0,25.0,30,12.8,15
0.5,0.01,2.0,California,40.6,32,58,42.0,4.1,3.5,8,19.0,23.0,84.4,85.0,179.5,125.5,28.0,28.0,77.0,77.0,87,33.9,37
2.0,0.05,0.5,Arizona,40.7,39,44,39.0,9.0,9.0,10,0.0,0.0,44.6,41.0,49.2,50.0,28.0,28.0,11.0,11.0,15,2.0,3
0.5,0.25,2.0,Ohio,40.8,36,56,39.5,55.8,55.5,59,0.0,0.0,48.6,46.0,56.4,56.0,61.0,61.5,34.5,34.0,40,21.0,24
2.0,0.25,1.0,Ohio,40.8,36,56,39.5,54.9,54.5,58,0.0,0.0,48.6,46.0,55.7,56.0,48.8,44.0,35.2,34.5,43,22.0,26
2.0,0.1,2.0,Arizona,40.9,39,44,40.0,9.9,10.0,11,0.0,0.0,46.1,47.0,50.0,50.0,30.6,28.0,10.0,10.5,13,1.1,2
0.5,0.1,1.0,Colorado,40.9,33,46,41.0,17.5,18.0,19,1.5,7.0,48.6,44.5,57.8,58.0,33.7,28.0,29.3,29.0,35,12.8,15
1.0,0.25,0.5,Wyoming,41.0,40,44,40.0,9.0,9.0,9,0.0,0.0,44.9,42.5,48.0,50.0,72.0,72.0,1.3333333333333333,1.0,2,0.0,0
2.0,0.25,1.0,Wyoming,41.0,40,50,40.0,11.6,12.0,12,0.0,0.0,43.2,42.5,47.3,47.0,75.2,72.0,1.2,1.0,2,0.0,0
1.0,0.1,0.5,Arizona,41.0,39,44,39.0,9.7,10.0,11,0.0,0.0,44.9,42.5,50.0,50.0,30.6,28.0,9.2,9.0,13,1.3,2
0.5,0.25,0.5,South Dakota,41.0,41,41,41.0,35.7,36.0,37,0.0,0.0,48.0,48.0,51.6,51.0,28.0,28.0,10.9,11.0,12,2.6,4
0.5,0.25,1.0,South Dakota,41.0,41,41,41.0,43.3,43.5,46,0.0,0.0,48.0,48.0,53.1,54.0,28.0,28.0,11.5,11.0,14,2.8,5
2.0,0.1,1.0,Colorado,41.0,33,63,41.0,22.8,22.0,27,1.7,7.0,48.2,43.5,50.9,45.0,34.0,28.0,39.1,38.5,47,11.7,14
0.5,0.25,0.5,Florida,41.0,41,41,41.0,10.6,10.5,14,2.6,3.0,60.2,62.0,65.0,65.0,59.6,66.0,15.5,16.0,19,15.9,17
2.0,0.1,1.0,Idaho,41.0,35,50,35.0,11.9,11.5,16,0.0,0.0,42.2,37.0,42.5,37.0,30.3,28.0,44.0,45.5,49,16.3,20
0.5,0.25,1.0,Florida,41.0,41,41,41.0,11.6,12.0,13,3.0,3.0,62.0,62.0,64.6,64.0,28.0,28.0,19.0,19.5,23,18.0,19
1.0,0.25,0.5,Florida,41.0,41,41,41.0,12.6,13.0,15,2.8,3.0,61.1,62.0,65.0,65.0,28.0,28.0,21.0,21.0,25,19.9,22
1.0,0.1,0.5,Florida,41.0,41,41,41.0,11.4,12.0,13,2.9,3.0,62.0,62.0,66.2,67.0,28.0,28.0,22.6,23.0,26,19.9,22
0.5,0.25,2.0,Florida,41.0,41,41,41.0,12.8,13.0,16,2.8,3.0,61.1,62.0,64.8,64.0,28.0,28.0,25.8,26.0,28,21.3,23
1.0,0.1,1.0,Florida,41.0,41,41,41.0,12.1,12.0,15,3.0,3.0,62.0,62.0,65.8,67.0,28.0,28.0,29.0,30.0,35,22.0,24
2.0,0.25,1.0,Florida,41.0,41,41,41.0,12.4,13.0,14,2.8,3.0,61.1,62.0,64.4,63.0,28.0,28.0,32.5,33.0,36,22.4,25
2.0,0.25,2.0,Florida,41.0,41,41,41.0,12.4,12.0,15,3.0,3.0,62.0,62.0,64.4,64.0,28.0,28.0,32.1,32.5,35,22.5,24
2.0,0.25,0.5,Florida,41.0,41,41,41.0,11.9,11.5,15,2.8,3.0,61.1,62.0,65.4,66.0,28.0,28.0,30.4,30.5,34,22.5,25
1.0,0.05,1.0,Florida,41.0,41,41,41.0,10.9,10.5,13,3.3,7.0,62.5,62.0,69.6,69.0,28.0,28.0,29.1,29.0,34,22.7,24
1.0,0.25,1.0,Florida,41.0,41,41,41.0,11.7,12.5,14,2.8,3.0,61.1,62.0,65.2,65.0,28.0,28.0,26.2,25.0,30,22.8,25
1.0,0.25,2.0,Florida,41.0,41,41,41.0,11.2,11.0,13,2.8,3.0,61.1,62.0,64.8,64.0,28.0,28.0,31.1,31.5,36,23.3,25
1.0,0.1,2.0,Florida,41.0,41,41,41.0,10.3,10.5,13,3.0,3.0,62.0,62.0,66.8,67.0,28.0,28.0,32.5,33.0,36,24.0,25
2.0,0.1,0.5,Florida,41.0,41,41,41.0,10.2,10.0,12,3.0,3.0,62.0,62.0,67.6,69.0,28.0,28.0,30.3,30.5,34,24.1,26
0.5,0.05,0.5,California,41.0,32,58,42.0,3.4,3.5,5,18.7,24.0,71.0,75.5,91.75,85.0,28.0,28.0,75.4,78.0,82,33.3,34
0.5,0.25,1.0,Nevada,41.2,37,43,43.0,5.0,5.0,5,0.0,0.0,51.6,49.0,65.6,63.0,217.0,217.0,1.0,1.0,1,0.0,0
0.5,0.25,2.0,Wyoming,41.2,40,50,40.0,11.6,12.0,12,0.0,0.0,45.9,44.0,48.8,50.0,78.4,72.0,1.2,1.0,2,0.0,0
0.5,0.25,0.5,Nevada,41.2,37,43,43.0,4.9,5.0,5,0.0,0.0,55.4,61.0,69.3,73.0,,,0.0,0.0,0,0.0,0
2.0,0.1,1.0,Arizona,41.2,39,44,40.0,9.6,9.5,11,0.0,0.0,44.8,42.0,48.4,50.0,29.5,28.0,10.8,11.0,12,1.4,2
2.0,0.05,0.5,Utah,41.2,36,55,36.0,13.4,13.0,15,0.0,0.0,52.7,50.5,56.6,54.0,42.0,28.0,11.8,10.5,17,3.3,5
2.0,0.1,1.0,Utah,41.2,36,49,36.0,12.7,12.5,14,0.0,0.0,50.1,53.0,54.2,55.0,36.8,28.0,13.5,13.5,15,4.9,6
2.0,0.25,0.5,Utah,41.2,36,49,36.0,12.1,12.0,15,0.0,0.0,48.4,49.0,50.0,49.0,35.2,28.0,10.5,10.0,13,6.2,8
0.5,0.1,0.5,Washington,41.2,34,46,46.0,10.3,9.0,15,0.6,2.0,48.8,46.0,56.0,60.0,53.0,53.0,12.9,13.0,15,15.3,18
1.0,0.05,0.5,Washington,41.2,34,46,46.0,11.0,11.0,14,0.7,2.0,48.8,46.0,65.7,62.0,53.2,40.0,16.6,17.0,21,15.9,19
0.5,0.1,2.0,Washington,41.2,34,46,46.0,11.3,11.0,15,0.8,2.0,50.5,46.0,60.8,62.0,52.6,40.0,19.7,19.5,23,17.0,20
1.0,0.1,1.0,Washington,41.2,34,46,46.0,11.0,11.0,15,0.8,2.0,49.2,46.0,60.3,60.0,41.2,28.0,20.1,20.0,25,17.0,19
ALL,ALL,ALL,California,41.330555555555556,32,124,42.0,3.7555555555555555,4.0,8,21.202247191011235,37.0,83.88202247191012,85.0,121.38855421686748,112.0,28.283333333333335,28.0,78.68333333333334,81.0,93,36.233333333333334,41
1.0,0.25,2.0,Wyoming,41.4,40,50,40.0,11.4,11.0,12,0.0,0.0,44.6,44.0,48.5,50.0,78.4,72.0,1.0,1.0,1,0.0,0
1.0,0.25,0.5,Ohio,41.4,36,56,36.0,54.0,54.5,57,0.1,1.0,50.1,48.0,57.6,56.0,53.5,51.0,33.0,33.0,39,21.0,26
0.5,0.01,2.0,Wisconsin,41.4,36,62,36.0,38.8,39.0,44,0.0,0.0,52.3,46.0,60.2,62.0,28.0,28.0,72.8,70.5,81,22.4,27
1.0,0.25,1.0,Wyoming,41.5,40,50,40.0,11.5,11.5,12,0.0,0.0,44.7,44.0,48.7,50.0,77.33333333333333,72.0,1.0,1.0,1,0.0,0
1.0,0.1,1.0,Arizona,41.5,39,44,41.5,9.1,9.0,10,0.0,0.0,45.8,47.0,50.0,50.0,31.0,28.0,10.5,10.0,13,1.9,3
0.5,0.1,1.0,Arizona,41.5,39,44,41.5,9.0,9.0,10,0.0,0.0,45.5,45.5,50.0,50.0,28.0,28.0,7.0,7.0,9,2.0,3
2.0,0.25,0.5,Wyoming,41.6,40,50,40.0,11.5,11.5,12,0.0,0.0,45.9,44.0,48.8,50.0,80.0,80.0,1.0,1.0,1,0.0,0
2.0,0.05,0.5,Colorado,41.6,33,58,41.0,18.9,19.0,20,1.8,7.0,48.1,42.0,59.1,61.5,28.0,28.0,39.0,40.0,46,14.1,16
0.5,0.25,2.0,South Dakota,41.7,41,48,41.0,45.5,45.5,48,0.0,0.0,48.3,48.0,51.9,51.0,28.0,28.0,12.5,13.5,14,3.1,4
2.0,0.25,1.0,South Dakota,41.7,41,48,41.0,46.8,47.0,49,0.1,1.0,48.9,48.0,53.0,54.0,28.0,28.0,14.8,15.0,20,3.8,7
1.0,0.25,2.0,Massachusetts,42.0,36,56,36.0,8.8,9.0,9,0.0,0.0,65.9,56.0,89.3,89.0,243.0,243.0,1.0,1.0,1,0.0,0
2.0,0.25,2.0,Wyoming,42.0,40,50,40.0,11.7,12.0,12,0.0,0.0,45.3,42.5,47.5,44.0,75.2,72.0,1.0,1.0,1,0.0,0
0.5,0.05,2.0,California,42.0,42,42,42.0,3.5,3.5,5,23.0,26.0,80.5,85.0,103.33333333333333,112.0,28.0,28.0,85.1,84.5,90,38.2,40
0.5,0.1,0.5,Minnesota,42.0,42,42,42.0,25.0,25.0,30,0.0,0.0,42.1,42.0,43.1,43.0,45.0,45.0,37.5,38.0,42,41.9,45
0.5,0.05,2.0,Minnesota,42.0,42,42,42.0,28.1,30.0,31,0.0,0.0,42.5,42.5,43.6,44.0,41.0,45.0,43.7,45.0,49,42.4,49
0.5,0.05,1.0,Minnesota,42.0,42,42,42.0,25.7,24.5,31,0.0,0.0,42.9,43.0,43.9,44.0,36.5,36.5,41.7,42.5,49,42.5,47
0.5,0.1,1.0,Minnesota,42.0,42,42,42.0,27.1,29.0,33,0.0,0.0,42.3,42.0,43.3,43.0,34.8,28.0,42.7,43.0,50,42.5,50
2.0,0.05,2.0,Minnesota,42.0,42,42,42.0,29.0,30.5,35,0.0,0.0,42.4,42.0,43.4,43.0,40.9,45.0,45.7,46.5,52,43.0,51
1.0,0.05,2.0,Minnesota,42.0,42,42,42.0,27.6,27.5,36,0.0,0.0,42.6,42.5,43.6,43.5,42.8,45.0,45.0,44.5,55,44.1,51
0.5,0.25,0.5,Minnesota,42.0,42,42,42.0,24.9,24.5,28,0.0,0.0,42.1,42.0,43.1,43.0,45.0,45.0,41.9,42.0,47,44.1,46
0.5,0.1,2.0,Minnesota,42.0,42,42,42.0,26.4,26.5,30,0.0,0.0,42.2,42.0,43.2,43.0,34.8,28.0,47.3,47.0,51,44.4,47
2.0,0.1,1.0,Minnesota,42.0,42,42,42.0,27.9,28.0,32,0.0,0.0,42.4,42.0,43.4,43.0,36.5,36.5,45.9,46.5,49,44.6,49
2.0,0.25,2.0,Minnesota,42.0,42,42,42.0,28.1,28.5,30,0.0,0.0,42.1,42.0,43.1,43.0,45.0,45.0,48.8,49.5,51,45.1,48
2.0,0.25,1.0,Minnesota,42.0,42,42,42.0,27.7,27.5,31,0.0,0.0,42.1,42.0,43.1,43.0,33.1,28.0,50.6,50.0,57,45.2,49
0.5,0.25,1.0,Minnesota,42.0,42,42,42.0,26.2,26.5,28,0.0,0.0,42.0,42.0,43.0,43.0,33.1,28.0,47.3,47.5,53,45.4,48
1.0,0.1,1.0,Minnesota,42.0,42,42,42.0,25.8,26.0,29,0.0,0.0,42.4,42.0,43.4,43.0,36.5,36.5,48.0,49.5,55,45.6,49
1.0,0.1,0.5,Minnesota,42.0,42,42,42.0,25.5,25.5,28,0.0,0.0,42.1,42.0,43.1,43.0,35.1,28.0,43.4,43.0,49,45.7,49
1.0,0.25,0.5,Minnesota,42.0,42,42,42.0,26.5,26.0,34,0.0,0.0,42.0,42.0,43.0,43.0,29.7,28.0,45.4,45.0,50,45.8,49
2.0,0.25,0.5,Minnesota,42.0,42,42,42.0,27.4,27.0,29,0.0,0.0,42.0,42.0,43.0,43.0,33.1,28.0,52.2,54.0,57,45.8,48
0.5,0.25,2.0,Minnesota,42.0,42,42,42.0,27.2,27.0,31,0.0,0.0,42.0,42.0,43.0,43.0,29.7,28.0,51.0,50.0,57,46.2,49
2.0,0.1,0.5,Minnesota,42.0,42,42,42.0,25.9,25.5,32,0.0,0.0,42.3,42.0,43.3,43.0,39.9,45.0,46.3,46.0,52,46.3,51
1.0,0.25,2.0,Minnesota,42.0,42,42,42.0,26.8,26.0,29,0.0,0.0,42.0,42.0,43.0,43.0,28.0,28.0,51.8,52.0,57,46.5,48
1.0,0.25,1.0,Minnesota,42.0,42,42,42.0,26.6,26.5,30,0.0,0.0,42.0,42.0,43.0,43.0,29.7,28.0,51.9,51.5,57,46.6,49
1.0,0.1,2.0,Minnesota,42.0,42,42,42.0,25.6,26.0,26,0.0,0.0,42.2,42.0,43.2,43.0,36.8,36.5,49.8,50.0,54,47.1,49
1.0,0.25,1.0,Ohio,42.1,36,56,39.5,56.0,56.0,62,0.1,1.0,50.0,49.0,55.1,56.0,56.9,51.0,36.6,37.0,46,20.9,27
2.0,0.05,0.5,Minnesota,42.1,42,43,42.0,30.4,30.5,37,0.0,0.0,42.9,43.0,43.8,44.0,38.2,45.0,42.8,43.5,51,40.5,46
2.0,0.1,2.0,Minnesota,42.1,42,43,42.0,28.0,28.0,36,0.0,0.0,42.4,42.0,43.3,43.0,43.3,45.0,46.5,48.0,51,44.9,50
2.0,0.1,1.0,Wyoming,42.2,40,53,40.0,11.5,11.5,12,0.0,0.0,47.9,47.0,51.6,53.0,87.2,88.0,1.2,1.0,2,0.0,0
0.5,0.1,2.0,Arizona,42.2,39,44,44.0,9.2,9.0,10,0.0,0.0,47.3,50.0,50.0,50.0,30.6,28.0,9.2,9.0,12,1.8,3
1.0,0.1,0.5,Colorado,42.2,33,51,41.0,18.8,19.0,22,2.5,8.0,51.8,44.0,57.8,58.0,28.0,28.0,31.3,31.0,37,12.1,15
1.0,0.01,1.0,Wisconsin,42.2,36,62,36.0,38.7,39.0,41,0.0,0.0,62.2,64.5,74.2,72.5,32.5,28.0,71.0,69.0,92,23.1,29
0.5,0.05,0.5,Minnesota,42.2,42,43,42.0,27.3,27.0,36,0.0,0.0,42.9,43.0,43.8,44.0,45.3,45.0,33.8,33.5,40,37.6,46
1.0,0.05,1.0,Minnesota,42.2,42,43,42.0,29.5,30.0,33,0.0,0.0,42.7,42.5,43.7,43.5,36.5,36.5,44.7,46.0,49,41.5,45
1.0,0.05,0.5,Minnesota,42.2,42,43,42.0,27.0,27.0,32,0.0,0.0,42.8,43.0,43.6,44.0,42.5,45.0,40.5,40.0,47,41.8,48
2.0,0.1,2.0,Wyoming,42.3,40,50,40.5,11.2,11.0,12,0.0,0.0,48.6,50.5,51.8,53.0,88.0,88.0,1.0,1.0,1,0.0,0
2.0,0.05,1.0,Minnesota,42.3,42,43,42.0,29.2,28.0,36,0.0,0.0,42.9,42.5,43.9,43.5,39.0,45.0,45.2,46.0,52,42.5,48
0.5,0.1,0.5,Arizona,42.4,39,44,44.0,8.4,8.0,9,0.0,0.0,48.2,50.0,50.0,50.0,37.7,28.0,6.4,7.0,7,2.0,3
2.0,0.25,2.0,South Dakota,42.4,41,48,41.0,48.2,48.0,51,0.1,1.0,49.2,48.0,52.1,51.0,28.0,28.0,13.2,13.0,16,3.0,4
1.0,0.25,1.0,South Dakota,42.4,41,48,41.0,45.5,45.0,48,0.1,1.0,48.9,48.0,52.2,51.0,28.0,28.0,13.0,13.0,17,3.2,5
2.0,0.25,0.5,South Dakota,42.4,41,48,41.0,45.9,46.0,48,0.0,0.0,48.6,48.0,52.5,52.5,28.0,28.0,12.7,13.5,15,3.3,5
1.0,0.25,2.0,South Dakota,42.4,41,48,41.0,46.2,47.0,48,0.0,0.0,48.6,48.0,52.2,51.0,28.0,28.0,13.6,13.5,18,3.4,6
2.0,0.05,2.0,Washington,42.4,34,46,46.0,12.9,13.5,17,0.6,2.0,51.8,46.0,62.4,63.5,62.8,56.0,18.3,18.0,22,15.9,19
1.0,0.05,1.0,Washington,42.4,34,46,46.0,11.2,12.0,14,0.5,2.0,53.4,53.0,61.8,62.0,66.3,70.5,17.5,17.0,24,16.1,20
1.0,0.1,2.0,Washington,42.4,34,46,46.0,11.9,11.5,16,0.6,2.0,47.4,46.0,59.8,60.0,37.4,28.0,18.8,19.0,22,17.3,21
1.0,0.1,2.0,Arizona,42.5,39,44,44.0,9.8,9.5,11,0.0,0.0,47.3,50.0,50.0,50.0,28.0,28.0,11.5,12.0,14,1.2,2
2.0,0.1,0.5,Arizona,42.5,39,44,44.0,9.6,10.0,10,0.0,0.0,47.6,50.0,50.0,50.0,28.0,28.0,9.7,10.0,13,1.4,2
0.5,0.1,1.0,Idaho,42.5,35,50,42.5,10.7,10.5,13,0.0,0.0,43.6,43.5,44.0,43.5,30.3,28.0,39.2,40.0,45,14.0,15
1.0,0.1,0.5,Idaho,42.5,35,50,42.5,10.3,10.0,13,0.0,0.0,43.6,43.5,44.2,45.0,30.3,28.0,38.7,39.0,44,16.0,18
2.0,0.1,2.0,Idaho,42.5,35,50,42.5,12.2,12.0,15,0.0,0.0,43.5,43.5,44.2,45.0,32.6,28.0,45.0,45.0,54,16.1,17
2.0,0.25,1.0,Nevada,42.6,37,51,43.0,5.0,5.0,5,0.0,0.0,53.0,51.0,67.6,65.0,217.0,217.0,1.0,1.0,1,0.0,0
2.0,0.25,2.0,Nevada,42.6,37,47,43.0,5.0,5.0,5,0.0,0.0,55.2,56.0,67.7,67.0,217.0,217.0,1.0,1.0,1,0.0,0
2.0,0.05,1.0,Colorado,42.6,33,51,46.0,19.9,20.0,22,2.0,6.0,53.0,52.5,67.4,69.5,28.0,28.0,38.4,37.5,43,13.8,17
2.0,0.05,0.5,Wyoming,42.7,40,53,40.0,11.2,11.0,12,0.0,0.0,48.7,50.5,53.0,52.5,81.85714285714286,85.0,2.4285714285714284,2.0,4,0.0,0
2.0,0.05,2.0,Arizona,42.7,39,44,44.0,9.3,9.0,11,0.0,0.0,47.4,50.0,50.1,50.0,28.0,28.0,11.1,11.0,12,1.7,3
1.0,0.05,0.5,Arizona,42.8,41,44,44.0,9.3,9.0,10,0.0,0.0,50.0,50.0,50.1,50.0,28.0,28.0,9.2,9.5,12,1.7,3
2.0,0.1,2.0,Utah,42.8,36,55,38.0,12.8,13.0,15,0.0,0.0,52.7,53.0,56.4,55.0,38.0,28.0,12.2,12.0,15,5.1,6
1.0,0.25,2.0,Ohio,42.8,36,56,43.0,57.6,57.5,61,0.0,0.0,50.4,49.0,54.9,56.0,64.3,75.0,34.8,34.5,40,19.5,23
2.0,0.25,0.5,Ohio,42.8,36,56,43.0,57.3,57.5,60,0.0,0.0,51.1,52.5,57.3,57.5,50.0,44.0,34.1,33.0,41,20.2,23
ALL,ALL,ALL,Minnesota,42.858333333333334,42,71,42.0,27.930555555555557,28.0,42,0.06666666666666667,4.0,44.422222222222224,42.0,46.94722222222222,43.0,41.88333333333333,45.0,44.861111111111114,46.0,60,41.975,51
0.5,0.25,0.5,Nebraska,43.0,43,43,43.0,37.3,37.0,39,0.0,0.0,49.2,48.0,52.2,51.0,28.0,28.0,2.9,3.0,5,0.0,0
1.0,0.05,2.0,Arizona,43.0,39,44,44.0,9.1,9.0,10,0.0,0.0,48.2,50.0,50.1,50.0,29.5,28.0,10.5,10.5,13,1.9,4
0.5,0.05,1.0,Arizona,43.0,39,44,44.0,8.6,8.0,10,0.0,0.0,48.2,50.0,50.1,50.0,36.6,28.0,7.3,7.5,11,2.4,3
1.0,0.05,1.0,Arizona,43.1,41,44,44.0,8.9,9.0,10,0.0,0.0,50.0,50.0,50.0,50.0,37.0,28.0,10.5,10.5,14,2.1,3
1.0,0.25,0.5,South Dakota,43.1,41,48,41.0,44.1,44.0,47,0.1,1.0,49.8,48.0,53.3,54.0,28.0,28.0,13.2,13.0,16,3.2,5
1.0,0.1,0.5,Utah,43.1,36,55,42.5,11.1,11.0,12,0.0,0.0,50.6,50.5,55.3,55.0,28.0,28.0,10.2,9.5,14,4.6,6
0.5,0.1,0.5,Florida,43.1,41,62,41.0,9.6,10.0,11,2.6,3.0,62.1,62.0,67.4,67.0,56.7,69.0,13.2,13.5,17,15.7,18
0.5,0.1,1.0,Florida,43.1,41,62,41.0,11.5,10.5,15,2.6,3.0,61.4,62.0,67.6,68.0,28.0,28.0,20.0,19.0,25,18.2,22
2.0,0.1,2.0,Florida,43.1,41,62,41.0,10.5,11.0,13,2.8,3.0,62.3,62.0,67.4,67.0,28.0,28.0,34.9,34.5,39,23.9,27
0.5,0.1,2.0,Utah,43.2,36,52,44.5,11.4,11.0,12,0.0,0.0,51.4,52.0,54.2,54.5,28.0,28.0,12.7,13.0,15,4.1,6
0.5,0.01,1.0,Wisconsin,43.2,36,62,36.0,37.4,36.0,42,0.2,1.0,58.1,59.5,70.4,67.0,30.6,28.0,62.6,63.0,72,21.1,25
0.5,0.01,2.0,Minnesota,43.2,42,45,43.0,29.5,30.5,39,0.4,2.0,49.0,47.0,55.2,53.5,51.2,50.5,48.5,48.0,55,37.2,44
0.5,0.1,2.0,Wyoming,43.4,40,51,41.0,11.2,11.0,12,0.0,0.0,48.3,50.5,51.5,53.0,81.0,85.0,1.0,1.0,1,0.0,0
1.0,0.01,1.0,Minnesota,43.4,42,46,43.0,32.3,32.0,36,0.0,0.0,49.7,45.5,59.4,59.0,61.8,63.0,47.2,46.0,60,34.8,41
2.0,0.25,1.0,Nebraska,43.5,43,48,43.0,58.7,59.0,60,0.0,0.0,49.2,48.0,52.5,52.5,28.0,28.0,4.0,4.0,6,3.8,5
0.5,0.1,1.0,Wyoming,43.6,40,51,40.5,7.9,8.0,9,0.0,0.0,48.4,50.5,51.5,52.5,83.14285714285714,88.0,1.4285714285714286,1.0,3,0.0,0
0.5,0.05,1.0,Washington,43.6,34,46,46.0,11.0,10.5,15,0.4,2.0,50.5,46.0,63.6,65.5,55.9,65.0,12.8,13.0,15,15.0,18
1.0,0.05,2.0,Washington,43.6,34,46,46.0,12.9,12.5,16,0.3,2.0,53.8,53.0,63.9,65.5,62.5,70.5,17.3,16.5,21,15.9,21
2.0,0.1,0.5,Washington,43.6,34,46,46.0,11.0,10.5,14,0.5,3.0,49.0,46.0,58.5,60.0,39.6,28.0,18.7,19.0,20,17.3,21
0.5,0.1,0.5,Wyoming,43.7,40,51,44.0,7.8,8.0,9,0.0,0.0,49.2,50.0,52.5,53.0,88.0,88.0,1.0,1.0,1,0.0,0
0.5,0.25,2.0,Nevada,43.8,43,51,43.0,5.0,5.0,5,0.0,0.0,53.6,51.0,65.1,61.0,217.0,217.0,1.0,1.0,1,0.0,0
2.0,0.25,0.5,Nevada,43.8,37,61,43.0,5.0,5.0,5,0.0,0.0,53.8,51.0,66.2,65.0,217.0,217.0,1.0,1.0,1,0.0,0
0.5,0.1,1.0,Utah,43.8,36,55,42.5,10.6,11.0,11,0.0,0.0,50.8,52.5,54.8,55.0,62.7,71.5,9.0,9.5,10,4.0,7
2.0,0.01,1.0,Wisconsin,43.8,36,62,36.0,40.5,39.0,46,0.2,1.0,61.1,62.0,71.9,71.0,36.0,28.0,69.0,68.0,82,21.6,27
0.5,0.05,0.5,Washington,43.9,34,49,46.0,11.5,11.5,14,0.6,3.0,53.8,53.0,59.5,63.5,72.3,70.5,11.5,12.0,13,13.7,17
2.0,0.01,2.0,Minnesota,43.9,42,49,43.5,29.4,29.5,36,0.4,3.0,48.4,45.5,54.7,53.0,51.4,52.0,44.1,42.0,51,39.8,45
2.0,0.25,1.0,Massachusetts,44.0,36,56,36.0,8.7,9.0,9,0.0,0.0,68.1,56.0,90.0,89.0,162.375,243.0,1.25,1.0,2,0.0,0
0.5,0.25,2.0,Massachusetts,44.0,36,56,36.0,8.4,8.0,9,0.0,0.0,69.2,56.0,89.4,89.0,224.0,224.0,1.5,1.5,2,0.0,0
1.0,0.25,1.0,Nevada,44.0,37,61,43.0,5.0,5.0,5,0.0,0.0,57.5,61.0,68.9,73.0,217.0,217.0,1.0,1.0,1,0.0,0
2.0,0.25,2.0,Massachusetts,44.0,36,56,36.0,8.9,9.0,9,0.0,0.0,72.5,72.5,89.9,89.5,89.42857142857143,28.0,1.8571428571428572,2.0,3,0.0,0
0.5,0.25,1.0,Nebraska,44.0,43,48,43.0,41.6,42.0,44,0.0,0.0,49.2,48.0,52.2,51.0,28.0,28.0,2.6,2.5,4,0.2,1
2.0,0.1,2.0,South Dakota,44.0,41,54,41.0,47.6,47.5,50,0.0,0.0,52.6,54.0,55.2,55.0,30.9,28.0,13.6,14.0,17,1.8,3
1.0,0.25,2.0,Nebraska,44.0,43,48,43.0,58.7,58.5,60,0.0,0.0,49.2,48.0,52.2,51.0,28.0,28.0,4.2,4.0,7,3.8,5
0.5,0.05,0.5,Tennessee,44.0,44,44,44.0,19.1,19.5,21,0.0,0.0,82.0,81.0,95.2,94.5,111.9,97.0,8.9,9.0,11,4.8,7
0.5,0.25,0.5,Tennessee,44.0,44,44,44.0,24.8,25.0,26,0.0,0.0,76.2,73.0,84.5,84.5,79.4,82.0,10.6,10.5,13,5.2,7
0.5,0.1,0.5,Tennessee,44.0,44,44,44.0,21.5,22.0,25,0.0,0.0,78.5,81.0,87.7,88.0,85.4,96.0,11.9,12.5,14,5.9,7
1.0,0.25,0.5,Tennessee,44.0,44,44,44.0,33.4,34.0,36,0.0,0.0,74.6,73.0,82.4,81.0,85.0,82.0,16.9,16.0,21,9.2,11
0.5,0.1,1.0,Tennessee,44.0,44,44,44.0,25.5,25.5,31,0.0,0.0,76.1,73.0,85.0,81.0,89.4,89.0,14.0,13.5,17,9.3,11
1.0,0.1,0.5,Tennessee,44.0,44,44,44.0,30.1,31.0,33,0.0,0.0,77.0,77.0,91.4,88.0,95.9,95.0,16.4,16.5,21,9.6,12
2.0,0.05,0.5,Tennessee,44.0,44,44,44.0,35.9,36.5,40,0.0,0.0,88.3,84.5,101.6,104.0,118.5,120.0,22.4,22.0,29,10.0,14
0.5,0.25,1.0,Tennessee,44.0,44,44,44.0,27.9,27.5,30,0.0,0.0,70.6,73.0,79.4,81.0,81.7,82.0,15.8,15.5,21,10.1,13
0.5,0.05,2.0,Tennessee,44.0,44,44,44.0,32.5,32.0,38,0.0,0.0,86.3,81.0,98.7,101.5,107.3,97.0,17.5,18.0,21,10.3,14
0.5,0.1,2.0,Tennessee,44.0,44,44,44.0,33.7,33.0,37,0.0,0.0,82.3,81.0,90.5,88.0,100.1,97.0,17.8,18.0,21,11.0,13
2.0,0.05,1.0,Tennessee,44.0,44,44,44.0,36.3,36.0,39,0.0,0.0,92.5,81.0,104.3,111.0,83.9,96.0,21.1,21.0,25,12.1,16
1.0,0.1,1.0,Tennessee,44.0,44,44,44.0,33.7,34.0,38,0.0,0.0,77.8,81.0,87.8,88.0,90.6,95.0,18.6,19.0,23,13.0,16
0.5,0.25,2.0,Tennessee,44.0,44,44,44.0,33.8,34.5,37,0.0,0.0,72.6,73.0,80.2,81.0,83.3,82.0,17.9,18.0,21,13.1,17
2.0,0.1,0.5,Tennessee,44.0,44,44,44.0,33.8,34.0,38,0.0,0.0,78.5,81.0,88.2,88.0,86.0,88.5,23.0,23.0,26,13.1,16
2.0,0.25,0.5,Tennessee,44.0,44,44,44.0,35.7,35.0,39,0.0,0.0,70.6,73.0,79.4,81.0,83.1,82.0,20.2,20.5,24,13.2,15
1.0,0.1,2.0,Tennessee,44.0,44,44,44.0,36.1,36.0,40,0.0,0.0,81.0,81.0,90.9,88.0,68.4,95.0,24.9,24.5,29,13.4,16
2.0,0.1,1.0,Tennessee,44.0,44,44,44.0,36.2,36.0,39,0.0,0.0,79.2,81.0,88.1,89.0,85.5,96.0,23.7,23.5,30,14.8,18
0.5,0.1,0.5,Idaho,44.0,35,50,50.0,8.8,9.0,10,0.0,0.0,45.0,50.0,45.6,51.0,28.0,28.0,35.8,37.0,43,14.8,17
1.0,0.05,0.5,Idaho,44.0,35,50,50.0,10.6,11.0,13,0.0,0.0,45.0,50.0,53.0,51.0,28.0,28.0,40.2,39.5,49,15.0,19
1.0,0.25,1.0,Tennessee,44.0,44,44,44.0,34.1,34.5,37,0.0,0.0,71.4,73.0,80.1,81.0,84.6,82.0,20.0,20.0,23,15.0,16
2.0,0.1,2.0,Tennessee,44.0,44,44,44.0,38.0,38.0,41,0.0,0.0,77.7,77.0,86.5,88.0,86.1,95.0,25.4,25.0,29,15.0,18
2.0,0.25,1.0,Tennessee,44.0,44,44,44.0,38.1,38.5,41,0.0,0.0,73.8,73.0,81.7,81.0,83.5,82.0,22.8,23.5,26,15.6,19
1.0,0.25,2.0,Tennessee,44.0,44,44,44.0,36.9,36.0,40,0.0,0.0,71.8,73.0,80.2,81.0,81.8,82.0,24.2,24.0,28,16.5,20
0.5,0.1,2.0,Idaho,44.0,35,50,50.0,10.7,11.0,13,0.0,0.0,44.9,50.0,45.5,51.0,28.0,28.0,45.2,45.5,54,16.6,20
1.0,0.1,1.0,Idaho,44.0,35,50,50.0,10.2,10.0,12,0.0,0.0,44.8,50.0,45.7,51.0,30.3,28.0,44.5,44.5,51,16.8,18
2.0,0.25,2.0,Tennessee,44.0,44,44,44.0,38.5,38.5,43,0.0,0.0,73.0,73.0,81.0,81.0,82.0,82.0,27.6,26.5,32,17.0,20
2.0,0.05,1.0,Arizona,44.1,39,50,44.0,9.3,9.0,11,0.0,0.0,49.1,50.0,49.2,50.0,28.0,28.0,11.2,11.5,14,1.7,3
2.0,0.25,2.0,Ohio,44.2,36,56,43.0,57.4,57.0,63,0.0,0.0,52.2,52.5,57.1,57.5,68.0,72.0,32.3,32.0,37,20.2,24
2.0,0.01,2.0,Wisconsin,44.3,36,62,41.0,40.5,39.5,47,0.1,1.0,56.0,57.5,64.1,64.5,30.9,28.0,72.1,75.0,82,21.7,25
0.5,0.1,2.0,Florida,44.3,41,62,41.0,11.1,11.0,13,2.1,3.0,60.4,62.0,68.4,69.0,28.0,28.0,28.0,28.0,32,22.4,24
0.5,0.05,0.5,Arizona,44.4,39,53,44.0,7.6,8.0,8,0.0,0.0,50.3,50.0,52.0,50.0,39.4,28.0,7.0,7.0,10,2.3,4
1.0,0.1,1.0,Wyoming,44.5,40,53,41.0,11.0,11.0,12,0.0,0.0,48.6,50.5,52.0,53.0,84.0,88.0,1.25,1.0,2,0.0,0
1.0,0.25,1.0,Nebraska,44.5,43,48,43.0,54.9,55.0,56,0.0,0.0,49.8,51.0,53.1,54.0,28.0,28.0,4.0,4.0,6,1.8,2
2.0,0.01,1.0,Minnesota,44.5,42,55,44.0,31.6,31.0,38,0.1,1.0,51.7,50.5,59.7,65.0,57.5,55.5,46.6,49.0,54,37.2,47
ALL,ALL,ALL,Arizona,44.522222222222226,39,97,44.0,8.983333333333333,9.0,11,0.11944444444444445,3.0,52.59722222222222,50.0,60.93611111111111,50.0,32.766666666666666,28.0,9.058333333333334,9.0,16,1.7527777777777778,6
0.5,0.05,2.0,Arizona,44.6,44,50,44.0,9.4,9.0,10,0.0,0.0,50.0,50.0,50.0,50.0,32.1,28.0,9.5,9.5,12,1.6,2
1.0,0.05,2.0,Colorado,44.6,33,54,44.0,19.9,19.0,25,4.1,9.0,61.1,67.0,70.8,70.0,28.0,28.0,41.6,41.0,47,13.5,16
2.0,0.1,1.0,South Dakota,44.7,41,54,41.0,45.8,45.0,49,0.1,1.0,51.8,52.5,54.9,55.0,28.0,28.0,12.5,13.0,15,2.6,4
1.0,0.1,1.0,Utah,44.7,36,55,44.5,12.7,13.0,14,0.0,0.0,52.1,54.0,58.3,55.5,50.6,42.0,11.1,11.5,14,4.5,8
1.0,0.1,0.5,Wyoming,44.8,40,53,40.5,8.7,9.0,9,0.0,0.0,49.3,50.0,53.5,52.0,88.0,88.0,1.0,1.0,1,0.0,0
0.5,0.25,2.0,Nebraska,44.8,43,51,43.0,53.5,53.5,54,0.0,0.0,49.8,49.5,52.8,52.5,28.0,28.0,4.2,4.0,5,1.8,2
2.0,0.05,1.0,Washington,44.8,34,46,46.0,14.6,14.5,19,0.2,2.0,56.3,60.0,62.9,63.5,73.7,79.0,18.3,17.0,27,14.2,18
1.0,0.1,2.0,Wyoming,44.9,40,50,44.0,11.4,11.0,12,0.0,0.0,48.6,50.0,51.6,53.0,82.0,88.0,1.0,1.0,1,0.0,0
1.0,0.25,2.0,Nevada,45.0,37,65,43.0,5.0,5.0,5,0.0,0.0,56.4,56.0,69.1,69.0,217.0,217.0,1.0,1.0,1,0.0,0
1.0,0.05,0.5,Colorado,45.0,33,51,45.0,18.3,19.0,20,3.2,6.0,58.3,60.0,63.7,70.0,28.0,28.0,30.5,31.0,36,11.9,14
0.5,0.1,0.5,Iowa,45.0,45,45,45.0,33.5,32.5,37,0.0,0.0,45.9,46.0,47.0,47.0,35.6,28.0,79.5,81.0,88,47.2,50
0.5,0.25,0.5,Iowa,45.0,45,45,45.0,32.8,33.5,37,0.0,0.0,45.7,46.0,47.0,47.0,43.2,47.0,76.6,76.0,85,49.1,58
0.5,0.1,1.0,Iowa,45.0,45,45,45.0,34.3,34.0,38,0.0,0.0,46.0,46.0,48.5,47.0,37.8,37.5,89.4,88.5,100,50.2,55
0.5,0.25,1.0,Iowa,45.0,45,45,45.0,34.3,34.5,39,0.0,0.0,45.9,46.0,46.9,47.0,37.5,37.5,85.4,84.5,92,50.8,57
2.0,0.1,0.5,Iowa,45.0,45,45,45.0,35.8,36.5,40,0.0,0.0,45.9,46.0,48.3,47.0,35.6,28.0,104.3,104.0,113,52.2,56
0.5,0.1,2.0,Iowa,45.0,45,45,45.0,35.3,36.0,38,0.0,0.0,45.9,46.0,49.0,50.0,33.7,28.0,97.0,96.5,114,52.3,56
2.0,0.1,2.0,Iowa,45.0,45,45,45.0,35.8,35.0,40,0.0,0.0,45.7,46.0,47.3,47.0,37.5,37.5,104.0,104.0,118,52.4,54
1.0,0.25,0.5,Iowa,45.0,45,45,45.0,33.2,32.5,37,0.0,0.0,45.8,46.0,46.8,47.0,39.4,47.0,89.7,90.5,93,52.7,56
2.0,0.25,1.0,Iowa,45.0,45,45,45.0,35.5,36.5,39,0.0,0.0,45.6,46.0,46.9,47.0,43.2,47.0,101.9,104.0,110,52.7,59
1.0,0.25,1.0,Iowa,45.0,45,45,45.0,35.0,35.0,40,0.0,0.0,45.9,46.0,46.9,47.0,37.5,37.5,95.7,95.0,110,52.8,56
2.0,0.1,1.0,Iowa,45.0,45,45,45.0,33.5,33.5,38,0.0,0.0,45.9,46.0,49.0,50.0,31.8,28.0,106.4,106.0,118,54.0,58
0.5,0.25,2.0,Iowa,45.0,45,45,45.0,34.1,35.0,39,0.0,0.0,45.7,46.0,46.7,47.0,39.4,47.0,95.0,94.5,112,54.2,60
2.0,0.25,0.5,Iowa,45.0,45,45,45.0,33.7,33.5,38,0.0,0.0,45.7,46.0,46.7,47.0,45.1,47.0,100.7,100.0,109,54.4,58
1.0,0.25,2.0,Iowa,45.0,45,45,45.0,32.1,32.0,36,0.0,0.0,45.8,46.0,47.1,47.0,45.1,47.0,101.5,100.0,109,56.1,59
2.0,0.25,2.0,Iowa,45.0,45,45,45.0,31.7,31.0,35,0.0,0.0,45.8,46.0,46.8,47.0,35.6,28.0,106.7,106.0,115,56.5,59
0.5,0.1,0.5,Utah,45.1,36,55,49.0,9.9,9.5,12,0.0,0.0,53.7,55.0,57.3,56.0,59.9,71.5,6.3,6.0,10,2.8,4
1.0,0.1,1.0,South Dakota,45.1,41,54,44.5,43.9,43.5,46,0.4,1.0,52.1,54.0,55.1,54.0,28.0,28.0,13.0,12.5,18,3.1,5
0.5,0.05,0.5,Iowa,45.1,45,46,45.0,33.4,33.0,37,0.0,0.0,46.1,46.0,50.9,48.5,37.4,28.0,79.5,79.0,90,46.0,51
1.0,0.05,1.0,Iowa,45.1,45,46,45.0,35.9,36.0,38,0.0,0.0,46.9,46.0,50.9,50.0,32.3,28.0,100.5,101.5,114,50.8,53
1.0,0.1,0.5,Iowa,45.1,45,46,45.0,33.8,33.5,37,0.0,0.0,46.1,46.0,47.6,47.0,41.4,47.0,92.0,95.0,100,51.1,55
2.0,0.05,0.5,Iowa,45.1,45,46,45.0,35.0,34.5,38,0.0,0.0,46.0,46.0,49.9,50.0,46.6,47.0,105.3,104.0,114,52.2,54
1.0,0.1,1.0,Iowa,45.1,45,46,45.0,34.9,34.0,38,0.0,0.0,46.1,46.0,48.2,47.0,37.5,37.5,96.1,94.5,112,52.6,56
2.0,0.25,2.0,Nebraska,45.2,43,57,43.0,59.4,59.0,61,0.0,0.0,50.3,48.0,53.2,51.0,28.0,28.0,4.6,4.0,6,3.7,5
1.0,0.05,1.0,Colorado,45.2,33,58,43.0,18.0,18.0,20,3.1,7.0,55.8,55.5,63.8,70.0,28.0,28.0,37.0,36.5,43,14.4,17
2.0,0.1,1.0,Florida,45.2,41,62,41.0,10.5,10.0,12,2.6,3.0,63.0,62.0,68.4,69.0,28.0,28.0,33.3,33.5,35,23.8,25
0.5,0.05,2.0,Iowa,45.2,45,46,45.0,35.0,35.0,38,0.0,0.0,46.5,46.0,49.4,48.5,32.3,28.0,100.8,99.0,108,51.4,56
1.0,0.1,2.0,Iowa,45.2,45,46,45.0,35.7,35.5,39,0.0,0.0,46.2,46.0,48.2,47.0,45.3,47.0,100.2,99.0,112,51.8,56
2.0,0.25,0.5,Nebraska,45.3,43,51,43.0,56.7,57.0,58,0.0,0.0,50.1,49.5,53.3,54.0,28.0,28.0,3.9,4.0,5,3.9,5
0.5,0.25,0.5,Kansas,45.3,45,47,45.0,43.0,43.5,48,0.0,0.0,46.1,45.5,47.6,47.0,28.0,28.0,19.9,20.0,24,16.1,21
0.5,0.25,1.0,Kansas,45.3,45,47,45.0,47.9,48.0,52,0.0,0.0,46.8,45.5,48.4,48.5,28.0,28.0,23.0,23.0,27,17.1,23
1.0,0.25,1.0,Kansas,45.3,45,46,45.0,51.1,51.0,58,0.0,0.0,46.6,46.0,48.0,47.0,28.0,28.0,30.5,30.5,36,22.1,27
2.0,0.25,1.0,Kansas,45.3,45,46,45.0,52.7,52.0,57,0.0,0.0,46.5,45.5,47.9,46.5,28.0,28.0,36.4,35.5,44,24.3,29
0.5,0.05,1.0,Iowa,45.3,45,46,45.0,36.4,35.5,42,0.0,0.0,47.3,46.0,50.0,50.0,39.1,37.5,88.5,90.0,100,48.0,53
2.0,0.05,1.0,Iowa,45.3,45,46,45.0,35.4,34.0,40,0.0,0.0,46.3,46.0,51.8,51.0,38.3,37.5,104.0,102.0,117,51.7,56
ALL,ALL,ALL,Washington,45.31111111111111,34,109,46.0,11.188888888888888,11.0,19,0.8416666666666667,6.0,55.294444444444444,46.0,67.34166666666667,65.0,58.925,40.0,16.52777777777778,17.0,31,15.597222222222221,21
0.5,0.25,2.0,Kansas,45.4,45,47,45.0,50.4,50.0,55,0.0,0.0,47.0,46.5,49.3,50.0,28.0,28.0,28.0,27.0,35,21.2,25
2.0,0.25,2.0,Kansas,45.4,45,46,45.0,54.4,53.0,63,0.0,0.0,46.9,46.0,48.1,47.0,28.0,28.0,39.5,38.5,46,23.2,26
1.0,0.05,0.5,Iowa,45.4,45,46,45.0,33.4,32.5,40,0.0,0.0,47.1,46.0,51.3,50.0,36.7,28.0,94.7,95.5,102,50.8,55
1.0,0.05,2.0,Iowa,45.4,45,46,45.0,36.1,35.5,42,0.0,0.0,47.5,46.0,50.6,50.0,33.2,28.0,103.8,103.5,115,50.9,55
2.0,0.05,2.0,Iowa,45.4,45,46,45.0,36.0,36.0,40,0.0,0.0,47.4,46.0,51.8,50.0,36.8,28.0,105.8,107.5,116,51.7,56
1.0,0.1,2.0,Idaho,45.5,35,50,50.0,12.0,12.0,13,0.0,0.0,46.1,50.0,46.6,50.5,32.6,28.0,44.2,43.5,50,16.3,18
2.0,0.05,2.0,Idaho,45.5,35,50,50.0,11.5,11.0,15,0.0,0.0,46.5,50.0,47.2,51.0,30.3,28.0,43.0,42.5,52,16.6,19
1.0,0.05,1.0,Idaho,45.5,35,50,50.0,9.7,10.0,12,0.0,0.0,46.4,50.0,48.0,51.0,30.3,28.0,42.6,43.0,46,16.7,19
1.0,0.25,0.5,Kansas,45.5,45,50,45.0,47.9,48.0,51,0.0,0.0,45.9,45.0,48.9,50.0,28.0,28.0,29.4,28.5,35,20.3,25
1.0,0.25,0.5,Nebraska,45.6,43,51,43.0,48.0,48.0,49,0.0,0.0,50.4,49.5,53.3,52.5,28.0,28.0,3.0,3.0,4,1.1,2
1.0,0.01,2.0,Minnesota,45.6,42,68,42.5,30.7,31.5,42,0.5,4.0,51.1,47.0,57.4,53.5,48.2,48.5,44.0,44.0,51,37.5,47
1.0,0.1,0.5,Nebraska,45.8,43,51,45.5,45.4,45.5,46,0.0,0.0,51.0,51.0,54.7,54.0,28.0,28.0,2.7,3.0,4,1.2,2
0.5,0.1,0.5,Kansas,45.8,45,47,45.5,41.4,41.0,48,0.0,0.0,48.7,50.0,50.7,51.0,28.0,28.0,18.2,17.5,23,12.4,17
0.5,0.1,1.0,Kansas,45.8,45,50,45.0,47.7,48.0,52,0.0,0.0,48.4,50.0,50.5,51.0,28.0,28.0,22.6,22.0,26,13.1,22
0.5,0.1,2.0,Ohio,45.8,36,56,43.0,55.2,55.0,59,0.1,1.0,55.3,56.0,61.9,61.0,67.7,72.0,29.0,29.0,32,19.7,23
1.0,0.01,0.5,Wisconsin,45.8,36,62,41.0,38.4,37.0,48,0.2,1.0,60.5,62.0,67.2,62.0,29.4,28.0,64.3,62.5,80,22.0,27
2.0,0.1,0.5,Wyoming,45.9,40,53,44.0,11.4,11.0,12,0.0,0.0,50.8,50.0,54.6,53.0,84.8,88.0,1.2,1.0,2,0.0,0
1.0,0.1,0.5,South Dakota,45.9,41,54,41.0,41.5,42.0,42,0.0,0.0,50.3,48.0,54.5,54.0,28.0,28.0,12.7,13.0,16,2.5,4
2.0,0.25,0.5,Kansas,45.9,45,50,45.0,52.3,53.0,55,0.0,0.0,47.0,46.0,49.1,50.0,28.0,28.0,34.4,34.5,40,22.7,28
2.0,0.05,1.0,Florida,45.9,41,69,41.0,11.1,11.0,16,3.2,8.0,65.7,64.5,74.2,69.0,28.0,28.0,33.9,33.0,42,22.9,26
1.0,0.25,2.0,Kansas,45.9,45,50,45.0,52.7,53.5,56,0.0,0.0,47.1,46.0,48.9,48.5,28.0,28.0,33.5,32.5,44,23.8,27
ALL,ALL,ALL,Colorado,45.919444444444444,33,90,43.0,18.45277777777778,19.0,27,2.0388888888888888,9.0,56.03055555555556,46.0,63.99166666666667,69.0,30.130555555555556,28.0,35.225,36.0,54,12.252777777777778,18
1.0,0.25,0.5,Massachusetts,46.0,36,56,46.0,8.2,8.0,9,0.0,0.0,71.8,69.0,89.4,89.0,238.25,243.0,1.125,1.0,2,0.0,0
0.5,0.25,0.5,Oregon,46.0,46,46,46.0,7.8,8.0,8,0.0,0.0,54.1,53.0,65.0,65.0,84.0,84.0,5.2,5.0,6,0.1,1
0.5,0.1,2.0,South Dakota,46.0,41,54,44.5,44.3,44.5,48,0.1,1.0,52.4,54.0,55.2,55.0,28.0,28.0,12.4,12.5,14,2.1,5
1.0,0.1,2.0,Utah,46.0,36,55,49.0,12.9,12.5,15,0.0,0.0,53.2,55.0,55.8,56.0,48.3,42.0,12.9,12.5,16,4.7,6
0.5,0.05,2.0,Washington,46.0,46,46,46.0,12.6,13.0,15,0.0,0.0,54.9,59.0,61.0,61.0,73.2,76.0,15.7,15.5,20,15.0,19
0.5,0.01,0.5,Minnesota,46.0,42,60,44.0,28.2,28.5,35,0.9,3.0,53.5,50.0,60.3,58.0,61.8,56.5,27.7,27.0,36,31.1,46
2.0,0.1,0.5,South Dakota,46.1,41,54,48.0,44.8,44.5,47,0.4,1.0,52.4,54.0,55.2,55.0,28.0,28.0,13.3,13.0,16,2.8,5
2.0,0.1,2.0,Ohio,46.2,36,56,43.0,58.0,57.5,61,0.0,0.0,57.1,58.5,61.9,61.0,71.4,78.0,31.2,31.0,40,17.9,21
2.0,0.1,1.0,Ohio,46.2,36,56,43.0,57.7,57.5,61,0.1,1.0,56.7,56.0,63.4,62.0,74.7,78.0,28.7,28.0,33,18.7,22
2.0,0.1,1.0,Kansas,46.2,45,50,45.0,53.1,54.0,59,0.0,0.0,48.0,48.5,50.4,50.5,28.0,28.0,35.2,33.5,45,20.2,26
0.5,0.05,0.5,Kansas,46.3,45,50,45.5,38.2,38.5,43,0.0,0.0,48.9,50.0,52.0,51.0,28.0,28.0,14.3,13.5,22,9.4,13
2.0,0.05,0.5,Kansas,46.3,45,50,45.5,52.2,54.0,57,0.0,0.0,49.7,50.0,51.5,51.0,28.0,28.0,26.6,27.0,32,16.5,21
0.5,0.1,2.0,Kansas,46.3,45,50,45.5,50.0,49.5,57,0.0,0.0,48.4,50.0,50.0,51.0,28.0,28.0,26.8,24.5,35,17.7,26
2.0,0.1,0.5,Kansas,46.3,45,50,45.5,52.3,51.5,56,0.0,0.0,47.9,48.5,50.8,51.0,28.0,28.0,32.6,31.5,40,19.8,25
0.5,0.05,0.5,Wyoming,46.4,40,53,44.0,7.4,7.5,9,0.0,0.0,52.4,53.0,57.8,57.0,77.125,85.0,1.375,1.0,3,0.0,0
2.0,0.1,0.5,Utah,46.4,36,55,49.0,12.9,13.0,15,0.0,0.0,52.5,55.0,55.9,56.0,45.4,28.0,11.3,11.0,13,4.4,6
2.0,0.01,0.5,Minnesota,46.4,42,71,43.5,32.6,33.0,35,0.0,0.0,49.5,45.0,56.7,57.0,48.3,48.0,44.0,44.5,49,35.1,39
1.0,0.05,1.0,Wyoming,46.5,40,53,44.0,10.6,11.0,12,0.0,0.0,51.2,52.0,56.9,54.5,82.75,86.5,1.875,2.0,3,0.0,0
1.0,0.1,2.0,South Dakota,46.5,41,54,48.0,45.4,46.0,47,0.5,1.0,52.4,54.0,54.9,56.0,28.0,28.0,13.7,14.0,17,2.8,5
2.0,0.1,1.0,Nebraska,46.5,43,57,43.0,57.1,57.0,59,0.0,0.0,51.5,51.0,54.7,54.0,28.0,28.0,3.3,3.0,5,3.7,5
ALL,ALL,ALL,Iowa,46.516666666666666,45,88,45.0,33.794444444444444,34.0,42,0.030555555555555555,3.0,50.13333333333333,46.0,53.93333333333333,50.0,42.09444444444444,47.0,92.93055555555556,94.0,118,51.047222222222224,60
2.0,0.05,0.5,South Dakota,46.6,41,56,41.0,42.9,42.5,46,0.0,0.0,54.7,56.0,57.5,58.0,28.0,28.0,13.2,12.5,17,2.6,4
2.0,0.05,2.0,Colorado,46.6,33,63,45.0,21.0,21.0,26,1.6,6.0,56.1,54.5,65.9,69.0,29.6,28.0,38.4,39.5,44,12.5,17
1.0,0.01,0.5,Minnesota,46.6,42,71,44.0,29.8,30.5,35,0.1,1.0,50.3,45.0,58.1,57.5,52.5,55.5,42.0,42.5,51,35.0,43
1.0,0.05,0.5,Wyoming,46.7,40,53,50.0,8.2,8.0,9,0.0,0.0,50.3,52.0,52.9,53.5,88.85714285714286,88.0,1.4285714285714286,1.0,2,0.0,0
2.0,0.25,1.0,Oregon,46.7,46,53,46.0,13.1,13.0,15,0.0,0.0,54.8,53.0,63.7,65.0,81.3,84.0,6.6,6.5,9,3.8,4
2.0,0.05,0.5,Nebraska,46.8,43,57,43.0,53.4,54.0,55,0.0,0.0,53.3,54.0,56.9,57.0,28.0,28.0,4.3,4.0,7,3.4,5
2.0,0.1,2.0,Kansas,46.8,45,50,45.5,53.6,53.5,60,0.0,0.0,49.3,50.0,51.0,51.0,28.0,28.0,39.0,38.5,45,21.2,29
ALL,ALL,ALL,Idaho,46.86666666666667,35,110,50.0,10.077777777777778,10.0,16,0.4388888888888889,13.0,50.06944444444444,50.0,55.370473537604454,51.0,32.50555555555555,28.0,38.99166666666667,40.0,55,15.747222222222222,20
2.0,0.1,2.0,Nebraska,47.0,43,51,47.0,57.9,58.0,60,0.0,0.0,51.6,52.5,54.7,55.5,28.0,28.0,3.6,3.5,6,4.3,6
0.5,0.05,2.0,Kansas,47.0,45,50,46.0,48.0,48.0,52,0.0,0.0,49.8,50.0,52.1,51.0,28.0,28.0,21.7,22.0,28,13.3,20
0.5,0.05,1.0,Idaho,47.0,35,50,50.0,8.2,8.0,10,0.0,0.0,47.8,50.0,48.9,51.0,30.3,28.0,36.3,35.5,44,15.3,17
1.0,0.05,2.0,Idaho,47.0,35,50,50.0,11.3,11.0,13,0.0,0.0,47.7,50.0,48.5,51.0,28.0,28.0,44.3,44.0,55,15.8,17
0.5,0.01,1.0,Michigan,47.0,47,47,47.0,29.2,29.0,33,0.9,2.0,84.9,90.0,96.8,98.0,108.8,104.0,11.6,12.0,15,16.2,21
2.0,0.1,0.5,Idaho,47.0,35,50,50.0,11.3,11.0,13,0.0,0.0,47.4,50.0,48.4,51.0,28.0,28.0,41.1,40.5,50,16.4,18
0.5,0.05,0.5,Michigan,47.0,47,47,47.0,31.2,31.0,36,0.2,1.0,56.1,52.0,65.6,67.5,75.0,75.0,18.3,19.0,23,16.5,19
0.5,0.05,1.0,Michigan,47.0,47,47,47.0,36.0,35.5,40,0.2,1.0,56.1,52.0,68.3,68.0,75.4,75.0,19.7,19.5,24,17.3,19
1.0,0.05,1.0,Michigan,47.0,47,47,47.0,39.7,40.0,44,0.2,1.0,57.5,55.0,64.6,67.0,75.0,75.0,21.3,21.5,28,17.6,22
0.5,0.05,2.0,Michigan,47.0,47,47,47.0,38.0,38.5,41,0.2,1.0,56.3,52.0,65.7,68.0,75.2,75.0,23.2,22.5,31,18.2,22
1.0,0.1,1.0,Kansas,47.0,45,50,46.0,50.9,50.5,55,0.0,0.0,49.2,50.0,51.2,51.0,28.0,28.0,28.0,26.5,34,18.6,21
1.0,0.05,0.5,Michigan,47.0,47,47,47.0,34.0,34.5,36,0.1,1.0,56.9,52.0,65.9,68.0,74.9,75.0,20.8,20.5,23,18.8,22
2.0,0.05,0.5,Michigan,47.0,47,47,47.0,39.4,40.5,42,0.1,1.0,56.0,52.0,65.2,67.5,75.0,75.0,22.5,22.0,27,18.8,24
1.0,0.05,2.0,Michigan,47.0,47,47,47.0,41.2,42.0,45,0.0,0.0,52.3,52.0,65.8,68.0,75.0,75.0,23.0,23.5,26,18.9,26
0.5,0.1,0.5,Michigan,47.0,47,47,47.0,31.2,32.0,35,0.0,0.0,51.9,52.0,58.8,61.0,72.8,75.0,20.2,19.0,23,18.9,22
2.0,0.05,2.0,Michigan,47.0,47,47,47.0,41.1,41.0,44,0.2,1.0,55.2,52.0,66.6,68.0,75.0,75.0,19.7,20.5,24,19.2,22
0.5,0.1,1.0,Michigan,47.0,47,47,47.0,35.8,36.0,39,0.1,1.0,53.0,52.0,59.8,61.0,73.8,75.0,23.3,24.0,27,19.3,22
1.0,0.1,0.5,Michigan,47.0,47,47,47.0,35.3,36.0,40,0.0,0.0,52.0,52.0,61.5,61.0,72.6,75.0,25.5,25.0,28,19.4,25
2.0,0.05,1.0,Michigan,47.0,47,47,47.0,39.3,39.5,42,0.2,1.0,55.3,52.0,63.1,63.5,74.0,75.0,21.6,22.0,26,19.9,24
2.0,0.1,0.5,Michigan,47.0,47,47,47.0,41.5,42.0,46,0.0,0.0,52.1,52.0,59.9,61.0,74.8,75.0,25.9,25.0,30,20.0,24
2.0,0.1,1.0,Michigan,47.0,47,47,47.0,42.2,42.0,46,0.0,0.0,51.9,52.0,57.7,58.0,75.0,75.0,25.7,26.5,29,20.1,25
1.0,0.1,1.0,Michigan,47.0,47,47,47.0,39.4,40.5,44,0.1,1.0,53.4,52.0,58.7,58.0,74.8,75.0,24.1,24.0,30,20.2,27
2.0,0.1,2.0,Michigan,47.0,47,47,47.0,42.6,41.5,49,0.0,0.0,51.9,52.0,58.8,61.0,73.8,75.0,25.3,26.0,29,20.3,27
0.5,0.25,1.0,Michigan,47.0,47,47,47.0,37.5,38.0,42,0.0,0.0,51.5,51.5,54.6,53.0,71.4,70.0,23.6,24.0,26,21.0,26
0.5,0.1,2.0,Michigan,47.0,47,47,47.0,38.5,38.5,43,0.0,0.0,52.1,52.0,60.6,61.0,75.0,75.0,25.8,25.0,29,21.1,25
2.0,0.25,2.0,Michigan,47.0,47,47,47.0,43.2,43.5,50,0.0,0.0,51.8,52.0,55.9,54.5,72.7,75.0,26.4,25.0,34,21.5,27
1.0,0.1,2.0,Michigan,47.0,47,47,47.0,41.1,40.5,45,0.0,0.0,51.9,52.0,59.6,61.0,75.2,75.0,27.0,27.0,31,21.6,25
1.0,0.25,0.5,Michigan,47.0,47,47,47.0,37.6,37.5,43,0.0,0.0,51.4,51.0,54.4,52.0,71.4,75.0,22.5,21.5,29,21.8,25
2.0,0.25,0.5,Michigan,47.0,47,47,47.0,42.4,40.5,50,0.0,0.0,51.6,52.0,55.0,55.0,67.8,67.0,24.8,25.0,31,22.2,27
1.0,0.25,2.0,Michigan,47.0,47,47,47.0,43.6,44.0,47,0.0,0.0,51.6,52.0,54.3,54.5,72.4,73.0,26.2,26.0,30,22.4,26
0.5,0.25,2.0,Michigan,47.0,47,47,47.0,41.0,41.0,46,0.0,0.0,51.5,51.5,53.8,53.0,70.7,74.0,26.1,26.0,30,22.6,28
2.0,0.25,1.0,Michigan,47.0,47,47,47.0,42.8,43.5,48,0.0,0.0,51.5,51.5,53.9,53.0,69.4,70.0,26.6,27.0,30,22.9,28
0.5,0.25,0.5,Michigan,47.0,47,47,47.0,30.3,30.5,34,0.0,0.0,51.4,51.0,55.0,52.0,70.7,71.0,22.0,22.5,25,23.2,27
1.0,0.25,1.0,Michigan,47.0,47,47,47.0,39.3,38.0,47,0.0,0.0,51.5,51.5,53.9,53.0,68.9,70.0,25.2,25.5,28,23.9,29
1.0,0.05,2.0,Wyoming,47.1,40,53,50.0,10.8,11.0,11,0.0,0.0,52.5,53.0,56.1,54.0,87.25,88.0,1.5,1.5,2,0.0,0
0.5,0.25,0.5,Indiana,47.1,46,49,47.0,51.2,52.0,53,0.0,0.0,49.4,49.0,53.3,53.0,55.5,61.5,23.4,23.5,29,13.8,16
0.5,0.1,0.5,Nebraska,47.2,43,51,48.0,34.5,35.0,36,0.0,0.0,53.1,54.0,56.3,57.0,28.0,28.0,2.4,2.0,3,0.0,0
1.0,0.1,0.5,Kansas,47.3,45,50,46.0,48.9,48.5,55,0.0,0.0,48.7,50.0,51.4,51.0,28.0,28.0,24.0,23.0,32,15.3,25
1.0,0.25,2.0,Indiana,47.3,46,49,46.5,58.6,58.0,61,0.0,0.0,50.4,49.0,54.8,56.0,58.1,56.0,27.7,27.0,34,17.0,20
0.5,0.1,1.0,Ohio,47.3,36,61,43.0,54.5,54.0,61,0.2,1.0,59.3,56.0,63.6,61.0,68.7,78.0,23.6,24.0,28,17.6,24
1.0,0.1,1.0,Ohio,47.3,36,61,43.0,57.1,56.5,65,0.2,1.0,59.8,58.5,64.8,63.0,67.3,78.0,27.4,27.0,33,17.6,20
2.0,0.05,1.0,Kansas,47.3,45,50,46.0,52.7,54.0,56,0.0,0.0,49.4,50.0,52.0,51.0,28.0,28.0,31.0,32.0,40,18.1,24
0.5,0.05,1.0,Florida,47.3,41,62,41.0,10.3,10.5,12,2.7,8.0,64.8,62.0,72.2,69.0,28.0,28.0,22.3,22.0,25,18.9,21
2.0,0.05,0.5,Florida,47.3,41,62,41.0,10.4,10.5,12,2.5,4.0,64.6,62.0,70.0,69.0,28.0,28.0,30.9,31.0,37,23.7,26
ALL,ALL,ALL,Wyoming,47.30555555555556,40,73,44.0,9.655555555555555,10.0,12,0.0,0.0,53.3,51.0,59.422222222222224,53.0,82.21794871794872,85.0,1.764957264957265,2.0,5,0.027777777777777776,1
2.0,0.05,2.0,Wyoming,47.4,40,53,50.0,11.0,11.0,12,0.0,0.0,51.7,53.0,59.3,54.0,99.7,88.0,1.1,1.0,2,0.0,0
0.5,0.1,0.5,South Dakota,47.4,41,54,48.0,33.4,33.0,36,0.2,1.0,51.9,51.5,55.1,55.0,28.0,28.0,10.8,11.5,13,2.3,4
0.5,0.25,1.0,Oregon,47.4,46,53,46.0,10.7,11.0,12,0.0,0.0,54.6,53.0,63.2,65.0,78.8,84.0,5.8,6.0,7,3.2,4
1.0,0.05,0.5,Utah,47.4,36,55,49.0,11.3,11.0,12,0.0,0.0,53.7,55.0,57.7,56.0,28.0,28.0,11.6,12.0,13,3.4,5
1.0,0.25,2.0,Oregon,47.4,46,53,46.0,13.2,13.0,15,0.0,0.0,54.6,53.0,63.2,65.0,78.8,84.0,6.0,6.0,7,3.6,4
2.0,0.25,2.0,Oregon,47.4,46,53,46.0,14.4,14.5,17,0.0,0.0,56.1,53.0,64.4,65.0,80.9,84.0,5.9,6.0,7,3.6,4
0.5,0.25,1.0,Indiana,47.4,46,49,47.0,53.4,54.0,55,0.0,0.0,50.8,49.0,55.6,56.0,61.4,63.0,24.6,25.5,29,16.6,19
0.5,0.01,0.5,Wisconsin,47.4,36,62,41.0,34.6,34.5,40,0.1,1.0,67.4,64.5,75.3,70.0,32.0,28.0,51.6,53.0,61,21.0,27
2.0,0.01,1.0,Iowa,47.4,45,61,46.0,32.6,31.5,38,0.2,2.0,58.6,56.0,65.6,61.0,59.8,65.0,90.2,89.5,96,51.5,59
2.0,0.05,1.0,Wyoming,47.5,40,53,50.0,10.6,11.0,11,0.0,0.0,51.5,51.0,56.1,53.0,88.3,88.0,1.5,1.5,2,0.0,0
0.5,0.1,1.0,Nebraska,47.5,43,51,49.5,39.9,39.5,42,0.0,0.0,52.8,52.5,56.0,57.0,28.0,28.0,2.6,2.0,4,0.1,1
1.0,0.05,1.0,Kansas,47.5,45,50,47.5,48.4,48.0,52,0.0,0.0,50.5,50.5,52.5,52.5,28.0,28.0,21.6,22.0,24,15.5,18
1.0,0.05,2.0,Kansas,47.5,45,50,46.5,52.8,52.0,59,0.0,0.0,50.4,50.0,52.2,51.0,28.0,28.0,26.4,26.0,30,17.0,21
1.0,0.1,2.0,Kansas,47.5,45,50,47.5,54.4,55.0,58,0.0,0.0,50.0,50.5,52.4,52.5,28.0,28.0,31.2,32.0,37,18.8,23
2.0,0.1,2.0,Nevada,47.6,37,69,43.0,5.0,5.0,5,0.0,0.0,61.5,63.0,75.5,74.0,217.0,217.0,1.0,1.0,1,0.0,0
0.5,0.1,1.0,South Dakota,47.6,41,54,48.0,41.0,41.0,44,0.2,1.0,53.0,54.0,55.1,56.0,28.0,28.0,11.8,12.5,15,2.0,3
1.0,0.25,0.5,Indiana,47.6,47,49,47.0,54.0,54.0,57,0.0,0.0,54.0,53.0,57.8,59.0,63.9,63.0,23.1,22.5,29,18.1,23
2.0,0.01,0.5,Wisconsin,47.6,36,64,41.0,41.0,41.0,48,0.3,1.0,60.7,57.0,68.1,62.0,32.7,28.0,75.3,76.5,83,20.3,25
1.0,0.1,1.0,Nebraska,47.7,43,51,48.0,53.5,53.5,55,0.0,0.0,52.2,52.5,55.1,55.5,28.0,28.0,4.3,4.0,6,1.6,2
1.0,0.25,1.0,Oregon,47.7,46,53,46.0,12.8,13.0,14,0.0,0.0,57.2,53.0,64.7,65.0,78.4,83.0,6.3,6.5,7,3.8,5
1.0,0.05,2.0,Tennessee,47.7,44,81,44.0,36.1,37.0,40,0.0,0.0,92.6,84.5,104.6,107.5,103.4,122.5,23.6,22.0,30,11.5,18
0.5,0.05,2.0,Colorado,47.7,33,63,45.0,18.8,19.0,21,1.8,5.0,56.9,58.0,63.7,69.0,33.2,28.0,37.5,37.0,46,12.2,15
ALL,ALL,ALL,Michigan,47.797222222222224,47,98,47.0,37.00555555555555,37.0,50,0.2222222222222222,3.0,60.9,52.0,69.61666666666666,61.0,80.575,75.0,21.18611111111111,22.0,34,19.55,29
0.5,0.1,2.0,Nebraska,47.8,43,54,49.5,51.4,51.0,54,0.0,0.0,52.8,54.0,56.5,57.0,28.0,28.0,3.6,4.0,5,1.8,2
ALL,ALL,ALL,Kansas,47.80555555555556,45,70,46.0,47.65555555555556,49.0,63,0.030555555555555555,5.0,51.333333333333336,50.0,55.833333333333336,51.0,29.65,28.0,24.216666666666665,24.0,46,15.772222222222222,29
1.0,0.05,0.5,South Dakota,47.9,41,56,48.0,40.0,40.0,42,0.1,1.0,55.0,55.0,56.6,57.0,30.9,28.0,11.7,12.0,14,1.9,4
1.0,0.01,0.5,Iowa,47.9,45,56,46.0,31.6,31.5,39,0.0,0.0,59.5,60.5,70.5,69.0,54.1,58.0,78.8,80.0,88,47.1,53
1.0,0.25,1.0,Massachusetts,48.0,36,56,56.0,8.4,8.0,9,0.0,0.0,74.4,82.0,88.5,89.0,243.0,243.0,1.0,1.0,1,0.0,0
1.0,0.1,2.0,Nebraska,48.0,43,51,49.5,57.3,57.5,59,0.0,0.0,53.1,52.5,55.9,55.5,28.0,28.0,4.4,4.0,7,3.1,5
0.5,0.05,0.5,Idaho,48.0,35,59,50.0,9.7,9.5,12,0.1,1.0,48.9,50.0,51.2,51.0,28.0,28.0,33.1,33.5,38,13.3,15
0.5,0.05,0.5,Florida,48.0,41,69,41.0,9.0,9.0,11,2.2,7.0,65.4,62.0,70.9,69.0,35.9,28.0,14.4,14.5,17,15.5,17
0.5,0.25,2.0,Oregon,48.1,46,53,46.0,12.6,13.0,13,0.0,0.0,57.3,53.0,64.7,65.0,81.3,84.0,6.0,6.5,8,3.8,4
2.0,0.25,1.0,Indiana,48.2,46,59,47.0,58.1,58.0,61,0.0,0.0,50.5,49.0,54.1,53.0,60.1,63.0,28.5,29.5,32,17.2,19
0.5,0.01,1.0,Minnesota,48.2,42,71,44.0,29.0,29.0,37,0.0,0.0,52.7,46.0,58.7,56.5,63.3,57.0,39.5,38.5,53,33.8,41
1.0,0.05,1.0,South Dakota,48.3,41,56,49.5,42.9,42.5,48,0.1,1.0,55.8,56.0,58.0,58.0,30.9,28.0,11.8,12.0,15,2.7,5
2.0,0.25,0.5,Pennsylvania,48.3,37,68,48.5,49.1,48.5,53,0.0,0.0,59.2,61.0,64.9,68.0,54.5,55.0,40.8,42.0,47,8.9,11
2.0,0.1,0.5,Ohio,48.4,36,56,54.5,57.0,56.5,61,0.2,1.0,59.0,58.5,63.2,63.0,71.0,78.0,28.8,28.0,34,18.8,23
0.5,0.05,1.0,Wyoming,48.5,40,53,50.0,7.1,7.0,8,0.0,0.0,52.1,53.0,56.8,57.0,76.42857142857143,88.0,1.7142857142857142,1.0,3,0.0,0
2.0,0.05,1.0,Idaho,48.5,35,50,50.0,11.2,11.0,15,0.0,0.0,49.0,50.0,50.6,51.0,30.3,28.0,41.2,42.5,47,16.5,18
0.5,0.01,2.0,Iowa,48.5,46,61,46.0,34.3,33.5,41,0.0,0.0,57.7,56.0,66.0,61.0,45.1,28.0,80.0,79.0,96,47.5,52
1.0,0.25,0.5,Nevada,48.6,37,65,43.0,5.0,5.0,5,0.0,0.0,61.3,61.0,71.0,74.0,217.0,217.0,1.0,1.0,1,0.0,0
0.5,0.25,2.0,Indiana,48.6,46,59,47.0,56.1,56.0,59,0.0,0.0,52.8,51.0,56.4,55.5,54.8,63.0,27.2,27.5,29,17.7,21
2.0,0.25,0.5,Indiana,48.7,46,59,47.0,56.1,55.5,60,0.0,0.0,53.3,53.0,58.1,59.0,61.6,63.0,28.9,28.5,33,18.2,20
2.0,0.05,2.0,Kansas,48.7,45,50,50.0,53.6,53.5,58,0.0,0.0,50.2,51.0,53.1,54.0,28.0,28.0,33.6,33.5,42,18.2,22
0.5,0.05,1.0,Utah,48.8,36,55,49.0,10.9,11.0,12,0.0,0.0,54.7,55.0,61.6,61.5,71.7,72.0,10.4,11.0,13,2.8,4
2.0,0.25,0.5,Oregon,48.8,46,53,46.0,13.4,13.0,15,0.0,0.0,58.5,58.5,65.0,65.0,81.1,84.0,6.3,6.0,9,3.5,4
2.0,0.1,0.5,Nebraska,48.8,43,51,51.0,55.5,56.0,57,0.0,0.0,52.8,54.0,55.7,57.0,28.0,28.0,3.8,4.0,4,3.5,4
1.0,0.25,0.5,Oregon,48.8,46,53,46.0,11.3,11.0,13,0.0,0.0,57.0,53.0,63.8,65.0,78.4,83.0,5.5,6.0,7,3.6,4
0.5,0.05,1.0,Kansas,48.8,46,50,50.0,45.9,45.0,50,0.0,0.0,50.7,51.0,53.8,54.0,28.0,28.0,16.5,16.0,19,9.6,14
0.5,0.25,2.0,Pennsylvania,48.8,47,50,50.0,47.9,48.0,51,0.0,0.0,53.8,50.0,63.8,66.0,55.0,55.0,40.1,40.5,46,10.0,12
ALL,ALL,ALL,Utah,48.87222222222222,36,109,49.0,11.616666666666667,12.0,16,0.005555555555555556,1.0,59.09444444444444,55.0,67.62222222222222,56.0,51.55277777777778,28.0,10.855555555555556,11.0,17,3.863888888888889,8
0.5,0.01,0.5,Michigan,48.9,47,66,47.0,23.3,23.0,26,0.5,2.0,73.2,68.0,96.5,98.0,96.7,108.0,7.8,7.0,14,14.1,17
1.0,0.01,1.0,Iowa,48.9,46,56,46.0,31.5,32.0,37,0.0,0.0,64.1,57.0,72.5,67.5,53.3,58.0,87.0,85.5,108,51.7,56
0.5,0.1,0.5,Kentucky,49.0,49,49,49.0,29.7,29.0,35,0.0,0.0,59.5,62.0,63.3,63.0,83.3,77.0,8.5,8.0,15,4.0,6
0.5,0.25,0.5,Kentucky,49.0,49,49,49.0,33.3,34.0,35,0.0,0.0,57.2,56.0,61.2,62.0,76.0,77.0,9.5,9.0,12,4.6,6
0.5,0.25,1.0,Kentucky,49.0,49,49,49.0,42.4,42.5,47,0.0,0.0,55.9,55.0,61.8,62.5,75.5,77.0,13.3,13.0,15,6.2,11
1.0,0.25,0.5,Kentucky,49.0,49,49,49.0,44.0,44.0,47,0.0,0.0,54.5,55.0,59.5,62.0,73.7,72.0,15.7,16.0,23,6.3,9
2.0,0.1,2.0,Kentucky,49.0,49,49,49.0,46.3,46.5,48,0.0,0.0,59.8,62.0,62.8,63.0,56.6,73.0,17.0,18.0,19,9.4,12
0.5,0.25,2.0,Kentucky,49.0,49,49,49.0,44.8,44.5,48,0.0,0.0,57.6,56.0,61.5,62.5,74.4,77.0,15.8,16.5,19,9.7,12
2.0,0.25,2.0,Kentucky,49.0,49,49,49.0,48.0,48.0,50,0.0,0.0,57.1,56.0,60.6,62.0,74.2,74.5,17.0,17.0,19,9.7,13
1.0,0.25,1.0,Kentucky,49.0,49,49,49.0,44.7,45.0,47,0.0,0.0,55.4,55.0,61.0,62.0,73.1,72.0,17.3,16.5,22,9.8,13
2.0,0.25,0.5,Kentucky,49.0,49,49,49.0,45.0,45.0,47,0.0,0.0,58.0,56.0,61.9,62.0,75.5,77.0,19.3,20.0,22,11.0,14
1.0,0.25,2.0,Kentucky,49.0,49,49,49.0,46.0,45.5,49,0.0,0.0,58.1,58.5,61.3,62.5,74.4,77.0,19.4,20.0,24,11.2,14
2.0,0.1,1.0,Kentucky,49.0,49,49,49.0,43.7,44.0,48,0.0,0.0,58.2,62.0,65.6,63.0,80.2,77.0,17.4,16.5,23,11.3,14
2.0,0.25,1.0,Kentucky,49.0,49,49,49.0,44.9,45.0,47,0.0,0.0,57.0,55.0,60.2,62.0,75.5,77.0,18.2,18.0,22,12.1,14
1.0,0.05,0.5,Kansas,49.1,45,50,50.0,48.5,48.5,55,0.0,0.0,50.3,51.0,53.3,54.0,28.0,28.0,20.6,20.0,28,10.4,14
1.0,0.25,1.0,Indiana,49.1,46,59,46.0,58.7,58.5,62,0.0,0.0,51.8,48.0,54.2,51.0,50.9,49.0,26.8,26.0,33,15.4,18
1.0,0.01,0.5,Michigan,49.1,47,68,47.0,30.4,31.0,38,0.9,3.0,88.2,97.5,101.1,98.5,106.2,105.0,10.9,9.5,18,15.8,21
2.0,0.25,1.0,Pennsylvania,49.2,37,64,50.0,49.3,49.0,52,0.0,0.0,56.9,53.5,63.8,68.0,51.2,54.0,41.6,43.0,47,8.6,11
2.0,0.25,0.5,Massachusetts,49.3,36,89,46.0,8.5,8.5,9,0.0,0.0,72.6,72.5,89.8,89.5,232.14285714285714,243.0,1.2857142857142858,1.0,2,0.0,0
0.5,0.05,0.5,South Dakota,49.3,41,56,51.0,31.5,31.0,34,0.1,1.0,55.6,56.0,57.3,58.0,43.1,28.0,10.7,10.5,16,1.5,3
0.5,0.01,2.0,Washington,49.3,34,76,46.0,11.5,11.0,14,0.2,1.0,61.5,64.0,78.9,76.0,94.5,96.5,10.6,10.5,15,11.4,16
2.0,0.25,2.0,Indiana,49.3,46,59,47.0,58.4,58.0,61,0.0,0.0,51.6,49.0,55.6,53.0,58.7,61.5,27.5,27.0,34,17.4,22
0.5,0.05,1.0,South Dakota,49.4,41,56,48.0,39.1,39.5,41,0.4,1.0,54.9,55.0,57.0,57.0,28.0,28.0,12.0,11.5,14,2.2,3
1.0,0.05,2.0,Utah,49.4,36,55,52.0,13.4,13.5,15,0.0,0.0,53.7,55.5,61.6,62.0,43.9,28.0,14.6,15.0,16,3.6,5
0.5,0.25,0.5,North Dakota,49.4,48,62,48.0,11.1,11.0,12,0.0,0.0,62.7,62.0,69.2,69.0,28.0,28.0,8.2,8.0,11,4.0,6
1.0,0.25,2.0,Pennsylvania,49.4,37,60,50.0,47.9,48.0,51,0.1,1.0,61.6,68.0,64.8,69.0,49.0,55.0,40.9,41.0,50,9.9,12
0.5,0.05,1.0,Colorado,49.4,41,63,46.0,17.4,17.0,23,1.6,6.0,57.4,56.0,66.8,69.0,30.6,28.0,25.5,25.0,31,12.0,15
0.5,0.05,2.0,Florida,49.4,41,62,41.0,11.7,12.0,15,2.6,5.0,65.4,66.0,74.2,69.0,28.0,28.0,28.1,29.0,34,21.1,23
2.0,0.1,1.0,Oregon,49.5,46,64,46.0,12.5,12.5,14,0.1,1.0,59.1,58.5,69.0,65.0,86.1,84.0,5.5,5.0,9,3.7,5
1.0,0.05,1.0,Utah,49.5,40,55,49.0,12.9,13.0,14,0.0,0.0,54.9,55.0,60.6,56.0,39.6,28.0,13.1,12.0,17,3.8,6
2.0,0.05,1.0,Utah,49.5,36,55,50.5,13.0,13.0,15,0.0,0.0,54.6,55.0,61.4,59.5,48.4,42.0,12.8,13.0,17,4.2,5
2.0,0.01,2.0,Michigan,49.5,47,72,47.0,33.1,33.0,38,0.9,2.0,86.8,97.5,98.0,99.5,103.1,105.0,15.5,16.0,21,19.7,29
1.0,0.05,2.0,South Dakota,49.6,41,54,51.0,44.2,44.5,47,0.3,1.0,54.5,56.0,57.4,58.0,37.3,28.0,13.8,14.0,19,3.1,5
1.0,0.05,0.5,Tennessee,49.6,44,100,44.0,28.8,29.0,33,0.1,1.0,96.2,100.0,107.1,111.0,131.5,148.0,14.9,14.5,20,8.8,13
2.0,0.1,2.0,Indiana,49.6,46,59,47.0,58.5,60.0,63,0.0,0.0,56.2,55.5,60.2,63.5,65.8,63.0,27.2,26.5,32,16.5,24
2.0,0.01,0.5,Michigan,49.7,47,74,47.0,34.3,35.0,39,0.7,2.0,87.7,98.0,101.0,103.0,107.5,113.0,15.3,15.0,20,18.0,23
2.0,0.05,0.5,Nevada,49.8,37,69,43.0,5.0,5.0,5,0.0,0.0,63.7,65.0,76.8,74.0,217.0,217.0,1.0,1.0,1,0.0,0
2.0,0.1,1.0,Nevada,49.8,37,69,43.0,5.0,5.0,5,0.0,0.0,64.4,67.0,76.7,74.0,217.0,217.0,1.0,1.0,1,0.0,0
0.5,0.01,2.0,Arizona,49.8,41,53,50.0,8.3,8.0,11,0.3,2.0,62.9,51.0,81.2,64.0,37.5,28.0,8.9,9.0,12,2.2,4
1.0,0.1,1.0,Kentucky,49.8,49,57,49.0,42.9,43.0,45,0.0,0.0,60.1,62.0,62.2,63.0,68.0,77.0,18.6,18.5,23,10.5,13
2.0,0.1,1.0,Massachusetts,50.0,36,56,56.0,8.2,8.0,9,0.0,0.0,81.7,89.0,91.0,91.0,136.125,135.5,1.125,1.0,2,0.0,0
0.5,0.05,2.0,Idaho,50.0,50,50,50.0,10.4,10.5,12,0.0,0.0,50.3,50.0,51.2,51.0,28.0,28.0,40.9,42.0,45,16.2,18
1.0,0.05,1.0,Nebraska,50.1,43,57,51.0,50.6,50.5,56,0.0,0.0,57.4,58.0,61.1,60.0,28.0,28.0,4.2,4.0,6,2.5,3
0.5,0.25,0.5,Illinois,50.1,48,56,48.0,42.8,42.0,47,0.0,0.0,54.8,55.0,56.9,56.0,58.9,56.0,9.7,9.5,11,7.2,8
0.5,0.01,2.0,Idaho,50.1,35,63,50.5,9.3,8.5,13,0.7,5.0,57.2,63.5,73.0,69.5,36.9,28.0,32.1,31.5,42,15.0,17
0.5,0.1,0.5,Ohio,50.1,36,56,56.0,47.7,47.5,52,0.0,0.0,58.4,60.5,62.4,63.0,81.4,82.5,17.0,15.5,27,17.3,21
2.0,0.05,1.0,Nebraska,50.2,43,57,51.0,54.5,54.5,56,0.0,0.0,55.0,54.0,58.2,58.0,28.0,28.0,4.9,5.0,7,4.5,7
2.0,0.05,2.0,Utah,50.3,36,55,51.0,13.2,13.0,15,0.0,0.0,55.1,55.0,63.0,67.5,41.2,28.0,12.5,12.5,16,3.9,6
1.0,0.1,2.0,Kentucky,50.3,49,62,49.0,44.8,44.5,48,0.0,0.0,61.3,62.0,65.9,63.0,89.6,77.0,16.0,15.5,20,10.3,13
2.0,0.1,0.5,Kentucky,50.3,49,62,49.0,43.3,43.5,45,0.0,0.0,61.6,62.0,64.9,63.0,79.9,77.0,17.5,17.5,21,11.2,14
1.0,0.1,2.0,Ohio,50.3,36,61,54.5,58.2,57.5,62,0.1,1.0,59.8,61.0,63.8,62.0,69.5,78.0,27.5,27.0,31,18.5,22
0.5,0.01,1.0,Iowa,50.3,46,61,48.0,32.3,31.5,39,0.3,3.0,65.7,58.0,73.2,69.0,68.3,66.0,71.3,73.0,83,44.2,57
ALL,ALL,ALL,Nebraska,50.325,43,94,51.0,47.02777777777778,49.0,61,0.0,0.0,59.272222222222226,54.0,64.35833333333333,57.0,29.23611111111111,28.0,3.8055555555555554,4.0,10,2.2777777777777777,7
ALL,ALL,ALL,Florida,50.34722222222222,41,129,41.0,10.691666666666666,11.0,16,2.2777777777777777,8.0,69.53055555555555,62.0,79.16111111111111,69.0,36.330555555555556,28.0,26.366666666666667,27.0,44,21.325,27
1.0,0.1,0.5,Nevada,50.4,43,69,43.0,5.0,5.0,5,0.0,0.0,64.2,63.0,76.8,74.0,217.0,217.0,1.0,1.0,1,0.0,0
0.5,0.05,0.5,Kentucky,50.4,49,63,49.0,26.3,26.0,29,0.0,0.0,64.9,62.0,76.7,69.5,86.1,77.0,7.5,6.5,11,3.0,5
2.0,0.05,0.5,Kentucky,50.4,49,63,49.0,42.7,43.0,47,0.0,0.0,65.2,62.5,74.7,63.0,102.1,111.0,17.4,17.5,22,7.8,10
2.0,0.05,1.0,Kentucky,50.4,49,63,49.0,42.8,43.0,45,0.0,0.0,64.0,63.0,76.1,76.0,67.4,76.0,17.7,18.0,22,9.2,11
1.0,0.01,1.0,Michigan,50.4,47,76,47.0,33.6,33.0,40,0.3,2.0,76.8,68.0,99.6,98.0,94.4,96.5,16.0,16.0,21,18.4,23
1.0,0.01,2.0,Kansas,50.6,50,53,50.0,44.4,44.0,50,0.1,1.0,58.7,60.0,72.6,73.5,34.6,28.0,17.9,18.0,23,14.7,20
0.5,0.05,2.0,Wyoming,50.7,44,53,53.0,10.4,10.0,11,0.0,0.0,54.0,54.0,61.1,57.0,74.2,85.0,1.8,2.0,3,0.0,0
0.5,0.25,1.0,Illinois,50.7,48,56,48.0,50.2,50.0,54,0.0,0.0,54.5,55.0,56.8,56.5,58.3,56.0,13.4,13.5,16,8.7,11
1.0,0.25,2.0,Oklahoma,50.7,48,51,51.0,37.0,37.0,39,0.0,0.0,51.9,52.0,52.9,53.0,28.0,28.0,16.4,16.5,21,12.2,15
ALL,ALL,ALL,South Dakota,50.725,41,97,48.0,40.66111111111111,42.0,51,0.1388888888888889,2.0,57.87222222222222,54.0,61.71111111111111,56.0,39.233333333333334,28.0,11.605555555555556,12.0,21,2.5833333333333335,7
2.0,0.05,1.0,South Dakota,50.8,41,56,52.5,45.0,45.5,47,0.1,1.0,56.3,56.0,57.5,58.0,37.9,28.0,13.9,14.0,18,2.2,3
0.5,0.25,1.0,North Dakota,50.8,48,62,48.0,13.7,14.0,16,0.0,0.0,63.4,62.0,69.4,69.0,28.0,28.0,13.0,13.5,16,5.1,7
2.0,0.25,1.0,North Dakota,50.8,48,62,48.0,17.7,18.0,20,0.0,0.0,63.4,62.0,69.4,69.0,28.0,28.0,18.6,18.5,22,8.0,10
2.0,0.05,2.0,Tennessee,50.8,44,112,44.0,37.0,37.0,40,0.0,0.0,88.9,81.0,96.7,94.0,84.2,95.0,26.0,24.5,33,12.3,17
1.0,0.01,2.0,Michigan,50.8,47,66,47.0,35.7,36.0,40,1.0,2.0,92.0,98.0,102.6,102.0,94.0,108.5,16.9,16.0,25,17.3,20
0.5,0.05,0.5,Nebraska,50.9,43,57,51.0,30.5,30.5,32,0.0,0.0,56.0,57.0,59.7,59.0,28.0,28.0,2.4,2.0,4,0.0,0
0.5,0.25,1.0,Pennsylvania,50.9,37,68,50.0,45.6,46.0,48,0.1,1.0,64.2,68.0,66.6,69.0,56.6,55.0,45.4,44.5,57,10.7,15
2.0,0.01,1.0,Kansas,50.9,50,53,50.0,47.8,47.5,53,0.7,5.0,61.4,60.0,70.2,71.5,35.7,28.0,17.4,17.5,20,14.1,18
2.0,0.05,0.5,Indiana,50.9,47,64,49.0,54.1,54.0,58,0.0,0.0,53.9,53.0,60.8,61.5,80.0,86.0,21.0,20.5,26,16.1,19
2.0,0.05,0.5,Ohio,50.9,36,72,49.5,58.9,59.5,61,0.0,0.0,59.4,61.0,66.5,65.0,83.7,78.0,24.9,25.5,28,16.5,20
0.5,0.25,0.5,Oklahoma,51.0,51,51,51.0,18.4,19.0,21,0.0,0.0,52.0,52.0,53.0,53.0,40.4,28.0,4.1,4.0,8,2.4,3
0.5,0.25,1.0,Oklahoma,51.0,51,51,51.0,28.0,28.0,31,0.0,0.0,52.0,52.0,53.0,53.0,31.7,28.0,6.7,7.0,10,5.8,8
1.0,0.1,0.5,Oklahoma,51.0,51,51,51.0,28.1,28.5,30,0.0,0.0,52.0,52.0,53.0,53.0,28.0,28.0,7.4,6.5,13,6.4,10
0.5,0.25,2.0,Oklahoma,51.0,51,51,51.0,36.8,37.0,39,0.0,0.0,52.0,52.0,53.0,53.0,28.0,28.0,10.0,9.5,13,7.7,10
1.0,0.25,0.5,Oklahoma,51.0,51,51,51.0,29.7,30.0,32,0.0,0.0,52.0,52.0,53.0,53.0,28.0,28.0,7.8,8.0,11,8.1,10
1.0,0.1,2.0,Oklahoma,51.0,51,51,51.0,35.5,35.5,38,0.0,0.0,52.0,52.0,53.0,53.0,28.0,28.0,13.5,12.5,20,10.6,12
1.0,0.25,1.0,Oklahoma,51.0,51,51,51.0,35.9,36.0,39,0.0,0.0,52.0,52.0,53.0,53.0,28.0,28.0,11.1,11.0,15,10.8,12
2.0,0.25,0.5,Oklahoma,51.0,51,51,51.0,37.2,37.0,40,0.0,0.0,52.0,52.0,53.0,53.0,28.0,28.0,11.0,11.0,15,11.6,15
2.0,0.25,2.0,Oklahoma,51.0,51,51,51.0,39.1,40.0,41,0.0,0.0,52.0,52.0,53.0,53.0,28.0,28.0,15.9,15.5,20,13.5,16
2.0,0.01,0.5,Iowa,51.0,46,61,48.0,31.7,32.0,37,0.1,1.0,65.5,59.0,72.3,68.5,56.2,62.5,85.7,85.0,97,51.7,57
1.0,0.05,0.5,Nebraska,51.1,43,59,51.0,42.7,42.5,44,0.0,0.0,57.5,57.0,61.1,59.0,28.0,28.0,3.1,3.0,5,1.8,2
2.0,0.05,2.0,Nebraska,51.1,43,57,51.0,55.9,56.0,58,0.0,0.0,55.4,57.0,58.4,59.0,28.0,28.0,4.0,3.5,6,4.2,6
0.5,0.01,1.0,Kansas,51.1,50,60,50.0,36.7,36.5,43,0.0,0.0,57.0,57.0,68.8,69.5,31.1,28.0,11.5,10.5,17,5.4,9
1.0,0.1,0.5,Kentucky,51.1,49,62,49.0,39.3,40.0,41,0.0,0.0,60.4,62.0,64.1,63.0,70.1,77.0,14.4,14.5,17,6.6,8
2.0,0.25,1.0,Oklahoma,51.1,51,52,51.0,37.5,37.5,39,0.0,0.0,52.1,52.0,53.1,53.0,28.0,28.0,15.0,15.0,22,12.8,14
2.0,0.05,2.0,South Dakota,51.2,41,56,54.0,46.9,46.5,49,0.0,0.0,55.4,56.0,57.9,58.0,28.0,28.0,13.4,14.0,16,2.1,4
0.5,0.1,0.5,Oklahoma,51.2,51,52,51.0,16.3,16.0,20,0.0,0.0,52.2,52.0,53.4,53.0,46.7,28.0,3.2,3.0,5,2.2,3
0.5,0.01,2.0,Kansas,51.2,50,54,50.5,40.9,40.5,44,0.0,0.0,59.4,57.0,69.7,71.5,34.9,28.0,12.0,13.0,15,9.2,15
1.0,0.1,1.0,Oklahoma,51.2,51,52,51.0,33.8,33.0,37,0.0,0.0,52.4,52.0,53.5,53.5,28.0,28.0,8.8,9.0,12,9.4,12
1.0,0.05,2.0,Oklahoma,51.2,51,52,51.0,33.1,33.5,36,0.0,0.0,52.5,52.0,54.2,53.0,28.0,28.0,13.2,13.5,16,10.3,14
0.5,0.1,0.5,Indiana,51.2,46,59,49.0,48.6,48.5,52,0.0,0.0,56.6,58.5,59.8,61.0,67.8,68.0,19.0,18.5,24,12.8,15
0.5,0.05,1.0,Nebraska,51.3,43,59,51.0,36.1,35.5,39,0.0,0.0,56.6,57.0,60.3,59.0,28.0,28.0,2.8,2.5,4,0.7,2
0.5,0.1,0.5,Oregon,51.3,46,64,53.0,7.7,8.0,9,0.0,0.0,61.9,65.0,68.4,68.0,102.1,84.0,3.9,4.0,6,0.9,4
2.0,0.1,2.0,Oregon,51.3,46,64,47.5,12.9,13.0,14,0.0,0.0,61.7,64.0,67.8,66.5,83.6,84.0,5.3,5.0,7,4.2,6
0.5,0.05,1.0,Oklahoma,51.3,51,52,51.0,20.4,21.5,23,0.0,0.0,52.3,52.0,53.6,54.0,38.0,28.0,5.3,5.0,10,4.4,6
0.5,0.1,1.0,Oklahoma,51.3,51,52,51.0,24.3,25.0,28,0.0,0.0,52.4,52.0,54.6,53.0,42.1,28.0,5.2,5.0,9,4.5,7
1.0,0.01,0.5,Kansas,51.3,45,60,50.0,36.4,36.5,39,0.0,0.0,59.0,60.0,73.0,73.5,31.1,28.0,12.0,11.5,17,7.4,12
1.0,0.25,0.5,Illinois,51.3,48,59,48.0,52.2,52.0,54,0.0,0.0,54.9,54.5,56.5,56.0,57.9,54.0,13.4,13.0,18,9.3,11
2.0,0.1,2.0,Oklahoma,51.3,51,52,51.0,37.4,37.0,42,0.0,0.0,52.3,52.0,53.3,53.0,28.0,28.0,14.2,14.0,21,12.4,15
1.0,0.01,1.0,Arizona,51.4,44,78,50.0,8.2,8.5,11,0.7,3.0,74.7,69.5,103.3,84.5,28.0,28.0,9.3,9.0,12,2.5,5
1.0,0.05,1.0,Oklahoma,51.4,51,52,51.0,29.5,29.0,32,0.0,0.0,52.8,53.0,56.3,54.0,28.0,28.0,9.0,9.0,13,7.7,10
1.0,0.01,1.0,Kansas,51.4,50,60,50.0,43.8,44.0,49,0.1,1.0,64.6,63.5,73.2,73.5,32.5,28.0,13.8,13.5,19,8.9,13
2.0,0.05,1.0,Oklahoma,51.4,51,52,51.0,35.3,35.0,38,0.0,0.0,52.4,52.0,53.6,54.0,28.0,28.0,13.2,13.0,21,9.0,11
1.0,0.25,0.5,Pennsylvania,51.4,37,68,50.0,47.7,47.5,50,0.0,0.0,60.4,65.0,63.1,66.0,57.0,55.0,41.6,41.0,47,9.2,13
2.0,0.1,1.0,Oklahoma,51.4,51,52,51.0,36.9,37.5,40,0.0,0.0,52.4,52.0,53.4,53.0,28.0,28.0,13.5,13.0,18,10.4,15
0.5,0.25,2.0,Illinois,51.4,48,57,50.5,54.8,54.5,59,0.0,0.0,55.6,55.0,57.2,56.5,58.6,58.0,14.2,14.0,17,10.5,13
2.0,0.1,0.5,Oklahoma,51.4,51,52,51.0,35.8,35.5,40,0.0,0.0,52.4,52.0,53.5,53.5,28.0,28.0,10.5,10.0,15,10.6,13
0.5,0.1,2.0,Oklahoma,51.5,51,52,51.5,35.0,35.5,37,0.0,0.0,52.5,52.5,53.5,53.5,28.0,28.0,8.4,9.0,10,6.1,8
2.0,0.1,1.0,Indiana,51.5,46,59,49.0,57.3,56.5,62,0.0,0.0,57.2,56.0,60.2,60.5,73.3,73.5,24.9,24.5,29,17.1,22
1.0,0.05,2.0,Nebraska,51.6,43,59,51.0,55.5,55.5,59,0.0,0.0,57.5,57.0,61.4,59.0,28.0,28.0,4.5,4.5,5,3.0,4
0.5,0.1,1.0,Kentucky,51.6,49,62,49.0,38.7,39.0,42,0.0,0.0,59.1,62.5,68.9,65.0,83.6,77.0,12.5,12.0,19,4.9,8
0.5,0.05,1.0,Kentucky,51.6,49,62,49.0,34.5,35.5,38,0.0,0.0,63.9,63.0,79.1,81.5,83.4,77.0,10.9,10.5,16,5.1,9
0.5,0.05,2.0,Oklahoma,51.6,51,53,51.0,31.4,31.0,35,0.0,0.0,52.9,53.0,57.0,54.0,28.0,28.0,8.3,8.5,11,5.5,8
2.0,0.05,0.5,Oklahoma,51.6,51,52,52.0,32.4,32.0,35,0.0,0.0,52.9,53.0,58.3,54.0,28.0,28.0,11.3,11.5,16,9.1,12
2.0,0.25,2.0,Illinois,51.6,48,57,50.5,59.0,59.0,62,0.0,0.0,56.0,56.0,57.5,57.0,59.9,61.5,17.4,17.0,22,12.0,16
2.0,0.25,1.0,Illinois,51.6,48,57,50.5,56.6,57.0,61,0.1,1.0,54.2,55.5,58.0,56.5,59.0,56.0,17.3,18.0,21,12.4,17
0.5,0.1,1.0,Indiana,51.6,47,64,49.0,52.5,53.0,55,0.0,0.0,56.6,56.0,60.4,61.5,70.7,68.0,20.8,20.5,26,14.4,19
0.5,0.05,0.5,Oklahoma,51.7,51,54,51.5,14.3,14.0,17,0.0,0.0,53.9,53.0,58.5,54.0,46.2,28.0,2.8,2.5,5,1.5,2
0.5,0.1,1.0,Oregon,51.7,46,64,49.5,9.8,10.0,11,0.0,0.0,61.7,64.5,70.8,66.5,104.4,107.5,3.9,4.0,7,3.2,5
1.0,0.1,0.5,Oregon,51.7,46,64,49.5,10.5,10.5,12,0.0,0.0,61.5,64.5,69.3,66.5,97.8,84.0,3.8,4.0,7,3.3,4
1.0,0.05,0.5,Oklahoma,51.7,51,53,52.0,25.2,25.0,29,0.0,0.0,53.2,53.0,61.5,54.0,28.0,28.0,6.3,6.0,10,4.4,7
0.5,0.05,2.0,Kentucky,51.7,49,63,49.0,39.2,39.5,44,0.0,0.0,64.1,62.0,72.2,63.0,73.0,77.0,16.6,16.0,22,8.1,11
0.5,0.1,0.5,Nevada,51.8,43,65,49.0,4.6,5.0,5,0.0,0.0,68.0,65.0,76.3,76.5,,,0.0,0.0,0,0.0,0
2.0,0.25,0.5,Illinois,51.9,48,57,50.5,56.2,55.0,59,0.0,0.0,55.3,56.0,57.7,59.0,60.0,61.5,16.3,16.5,19,11.5,14
2.0,0.01,0.5,Kansas,51.9,50,60,50.0,44.8,45.5,51,0.1,1.0,59.9,60.0,71.9,72.0,37.1,28.0,16.2,15.5,23,12.0,16
0.5,0.05,0.5,Ohio,51.9,36,61,56.0,48.4,49.0,52,0.0,0.0,64.6,62.0,72.1,73.0,82.5,81.0,14.9,14.5,22,15.1,19
0.5,0.01,0.5,Kansas,52.0,46,60,50.0,27.7,27.5,31,0.1,1.0,58.9,57.0,71.1,70.0,46.4,28.0,6.7,6.0,10,4.8,8
2.0,0.05,2.0,Oklahoma,52.0,51,53,52.0,35.1,36.0,37,0.0,0.0,53.2,53.0,57.4,54.0,28.0,28.0,14.0,13.5,17,12.2,16
2.0,0.05,0.5,Oregon,52.1,46,64,46.0,12.1,12.0,13,0.0,0.0,64.5,64.0,72.1,65.0,107.0,108.0,4.6,4.5,6,3.7,5
0.5,0.01,2.0,Michigan,52.1,47,98,47.0,34.4,33.5,40,0.5,2.0,86.2,97.5,98.3,98.5,116.3,122.0,15.8,15.0,22,16.2,22
0.5,0.1,2.0,Nevada,52.2,43,69,45.0,5.0,5.0,5,0.0,0.0,67.1,67.0,77.0,76.5,217.0,217.0,1.0,1.0,1,0.0,0
0.5,0.25,2.0,North Dakota,52.2,48,62,48.0,15.7,15.0,19,0.0,0.0,64.1,62.0,69.6,69.0,28.0,28.0,17.0,16.5,21,6.6,8
1.0,0.25,1.0,North Dakota,52.2,48,62,48.0,16.1,16.0,18,0.0,0.0,64.1,62.0,69.6,69.0,28.0,28.0,17.0,17.0,20,7.6,9
1.0,0.25,1.0,Illinois,52.2,48,57,53.5,55.3,55.5,57,0.0,0.0,56.3,55.5,58.0,58.0,55.6,65.0,15.2,16.0,17,10.7,16
1.0,0.05,0.5,Florida,52.2,41,69,51.5,10.9,11.0,14,2.3,7.0,66.0,66.0,74.1,69.0,28.0,28.0,24.5,26.0,30,20.3,23
1.0,0.05,2.0,Florida,52.2,41,69,51.5,10.2,10.0,14,2.2,3.0,65.9,64.5,71.1,69.0,28.0,28.0,31.9,32.0,38,23.9,27
0.5,0.05,0.5,Utah,52.3,36,67,54.0,9.8,10.0,11,0.0,0.0,55.8,55.5,64.5,68.0,67.6,67.0,6.6,7.0,8,2.2,4
ALL,ALL,ALL,Oklahoma,52.38611111111111,48,103,51.0,27.958333333333332,30.0,42,0.005555555555555556,1.0,58.68333333333333,52.0,64.76666666666667,54.0,32.25352112676056,28.0,8.88515406162465,9.0,22,7.158333333333333,16
0.5,0.01,1.0,Arizona,52.4,41,78,51.5,6.2,6.5,8,0.4,3.0,68.4,53.0,86.2,65.0,51.3,28.0,7.6,7.5,12,3.4,6
2.0,0.01,1.0,Oklahoma,52.4,51,54,52.5,24.9,25.0,27,0.0,0.0,71.8,64.0,88.6,102.5,37.1,28.0,9.7,9.0,19,5.4,9
0.5,0.1,2.0,Kentucky,52.5,49,63,49.0,42.1,42.5,44,0.0,0.0,59.7,62.0,67.4,63.0,75.2,77.0,15.4,15.0,23,9.8,12
1.0,0.1,1.0,Indiana,52.5,46,63,49.0,56.6,57.0,60,0.0,0.0,58.2,61.0,62.0,64.0,70.1,76.0,22.5,23.0,25,16.1,19
1.0,0.05,0.5,Nevada,52.6,43,69,47.0,4.9,5.0,5,0.0,0.0,68.8,69.0,86.4,82.0,217.0,217.0,1.0,1.0,1,0.0,0
1.0,0.1,0.5,Indiana,52.6,47,64,49.0,53.8,54.0,60,0.0,0.0,57.7,56.0,62.5,63.5,74.3,68.0,20.7,20.5,26,15.3,18
1.0,0.1,2.0,Indiana,52.7,47,64,49.0,57.6,57.5,60,0.0,0.0,58.4,59.0,62.7,63.5,65.8,68.5,23.6,24.5,29,16.8,19
0.5,0.05,2.0,Nebraska,52.8,48,57,52.5,49.1,49.0,51,0.0,0.0,56.4,57.0,60.5,59.0,28.0,28.0,3.9,4.0,5,2.4,3
1.0,0.1,1.0,Pennsylvania,52.9,37,68,48.5,49.5,49.5,52,0.0,0.0,63.9,68.0,71.0,71.0,59.8,55.0,34.0,34.5,37,7.9,11
0.5,0.05,1.0,Tennessee,52.9,44,104,44.0,23.0,23.0,27,0.1,1.0,88.8,88.0,100.8,100.0,97.1,97.0,14.5,14.5,17,8.7,11
1.0,0.25,2.0,Illinois,52.9,48,59,54.5,57.3,57.5,59,0.0,0.0,56.7,56.0,57.9,57.5,61.1,65.0,16.4,16.5,19,11.4,14
0.5,0.1,2.0,Indiana,52.9,47,64,49.0,55.9,55.5,61,0.0,0.0,58.2,59.0,62.5,64.0,71.6,74.0,22.6,21.5,32,16.4,21
2.0,0.05,2.0,Kentucky,53.0,49,63,49.0,43.3,43.0,47,0.1,1.0,65.4,62.5,77.7,73.0,63.7,74.5,18.3,17.5,23,9.3,11
1.0,0.05,0.5,Oregon,53.1,46,64,51.0,9.8,10.0,11,0.0,0.0,65.1,64.5,76.0,68.0,106.0,96.0,3.9,3.5,7,3.3,4
1.0,0.1,1.0,Oregon,53.1,46,64,51.0,12.8,13.0,14,0.0,0.0,62.1,64.5,71.2,68.0,97.2,84.0,4.6,4.0,8,3.6,5
0.5,0.1,2.0,Oregon,53.1,46,64,51.0,11.9,12.0,14,0.0,0.0,61.3,64.5,74.0,68.0,108.3,84.0,4.4,4.5,7,3.9,5
2.0,0.25,2.0,Pennsylvania,53.1,47,68,50.0,48.7,49.0,50,0.1,1.0,59.7,60.0,65.3,68.5,46.4,53.0,40.7,41.5,48,9.3,11
1.0,0.01,2.0,California,53.1,32,107,42.0,3.7,4.0,5,20.5,30.0,113.5,85.0,189.125,132.5,28.0,28.0,71.3,72.0,84,35.0,38
2.0,0.01,0.5,Arizona,53.3,44,78,50.0,7.7,7.0,10,0.3,1.0,61.2,52.0,94.1,98.0,39.7,28.0,11.1,10.5,15,3.1,4
1.0,0.25,1.0,Pennsylvania,53.3,37,68,50.0,48.8,48.0,51,0.0,0.0,60.9,60.0,67.8,69.0,55.7,55.0,38.7,39.0,43,9.0,11
1.0,0.1,0.5,Ohio,53.3,43,63,56.0,56.2,56.5,61,0.0,0.0,60.7,61.0,64.4,63.0,71.3,78.0,23.7,24.5,29,17.3,21
0.5,0.01,1.0,California,53.3,32,107,42.0,2.7,3.0,5,19.333333333333332,32.0,131.66666666666666,85.0,160.0,110.5,28.0,28.0,66.1,69.5,77,32.0,34
0.5,0.1,1.0,Nevada,53.4,43,69,47.0,5.0,5.0,5,0.0,0.0,66.9,63.0,76.1,74.0,217.0,217.0,1.0,1.0,1,0.0,0
2.0,0.1,0.5,Nevada,53.4,43,69,49.0,5.0,5.0,5,0.0,0.0,66.1,69.0,76.7,76.5,184.2,217.0,1.0,1.0,1,0.0,0
0.5,0.05,2.0,South Dakota,53.4,48,56,54.0,41.8,42.0,44,0.0,0.0,55.3,55.0,57.3,57.5,30.9,28.0,12.7,13.0,16,2.3,4
1.0,0.05,2.0,Kentucky,53.5,49,94,49.0,45.2,46.0,49,0.0,0.0,66.0,63.0,76.5,69.5,80.1,77.0,16.8,15.0,26,8.1,13
0.5,0.01,0.5,Oklahoma,53.6,52,54,54.0,8.5,8.0,10,0.0,0.0,73.7,70.5,98.6,100.0,28.0,28.0,1.8571428571428572,2.0,3,0.3,1
0.5,0.01,0.5,Arizona,53.6,41,78,50.0,5.2,5.0,6,0.2,1.0,69.4,58.0,92.5,77.0,53.5,28.0,5.7,5.5,9,2.2,4
2.0,0.25,0.5,North Dakota,53.6,48,62,48.0,17.8,18.0,19,0.0,0.0,64.8,62.0,69.8,69.0,28.0,28.0,17.0,16.0,20,7.5,10
2.0,0.25,2.0,North Dakota,53.6,48,62,48.0,17.6,18.0,20,0.0,0.0,64.8,62.0,69.8,69.0,28.0,28.0,20.0,20.0,22,8.6,9
1.0,0.05,0.5,Ohio,53.7,36,72,56.0,55.5,55.0,60,0.0,0.0,61.0,61.0,68.8,65.0,74.7,78.0,22.5,22.0,28,16.1,21
2.0,0.01,2.0,Kansas,53.8,50,70,50.5,48.1,48.0,53,0.0,0.0,60.7,60.0,72.4,71.5,28.0,28.0,19.8,20.5,26,15.4,19
1.0,0.25,2.0,New York,53.8,43,55,55.0,11.5,12.0,15,4.2,15.0,61.6,56.0,69.1,64.0,28.0,28.0,199.1,200.5,213,40.7,45
2.0,0.01,2.0,Iowa,53.8,46,88,49.0,31.8,31.0,36,0.2,1.0,60.8,58.0,67.7,62.0,40.4,28.0,94.5,93.5,106,53.4,57
0.5,0.01,0.5,Wyoming,53.9,44,73,53.0,4.5,5.0,6,0.0,0.0,66.5,64.0,76.3,73.0,79.3,85.0,2.2,2.0,3,0.0,0
2.0,0.01,1.0,Arizona,53.9,50,69,50.5,8.2,9.0,10,0.5,3.0,77.2,69.5,95.6,88.0,32.1,28.0,9.4,9.0,13,2.6,5
1.0,0.05,1.0,Nevada,54.0,43,69,54.0,5.0,5.0,5,0.0,0.0,70.1,71.0,85.0,79.0,217.0,217.0,1.0,1.0,1,0.0,0
2.0,0.1,1.0,Illinois,54.0,48,59,56.0,55.8,56.0,58,0.0,0.0,59.7,59.0,63.2,62.0,62.3,66.0,16.2,16.0,19,10.3,14
2.0,0.05,1.0,Ohio,54.0,36,72,56.0,58.6,59.5,62,0.0,0.0,64.5,63.0,72.6,74.0,86.0,86.5,29.0,28.5,35,16.3,19
0.5,0.05,2.0,Utah,54.1,49,55,55.0,11.0,11.0,12,0.0,0.0,56.9,56.0,66.7,68.0,35.9,28.0,12.8,13.5,15,4.2,6
2.0,0.01,2.0,Oklahoma,54.1,51,62,54.0,25.3,24.5,29,0.0,0.0,72.0,67.0,98.0,103.0,28.0,28.0,10.2,10.5,13,7.0,10
1.0,0.01,2.0,Iowa,54.1,45,86,52.5,31.8,31.5,36,0.0,0.0,63.3,57.0,68.9,61.0,42.8,28.0,87.8,85.0,100,52.4,56
1.0,0.1,2.0,Oregon,54.2,46,64,53.0,12.6,13.0,14,0.0,0.0,62.0,65.0,70.7,68.0,102.2,84.0,4.4,5.0,7,3.6,5
1.0,0.1,1.0,Illinois,54.2,48,59,54.5,54.9,55.5,57,0.0,0.0,58.2,59.0,62.6,61.0,61.4,61.5,15.6,15.5,19,8.9,12
2.0,0.01,1.0,Michigan,54.2,47,98,47.0,33.0,33.0,41,0.7,2.0,80.9,77.5,95.3,98.0,96.0,101.0,16.6,16.0,26,20.5,27
1.0,0.01,2.0,Oklahoma,54.3,51,67,54.0,22.1,22.0,26,0.0,0.0,76.1,73.0,91.8,98.0,33.0,28.0,6.7,7.0,10,6.0,8
0.5,0.1,2.0,Illinois,54.3,48,70,54.5,54.8,55.0,58,0.0,0.0,58.8,58.0,60.5,60.0,59.6,65.0,15.7,16.0,19,8.4,10
1.0,0.05,1.0,Kentucky,54.4,49,63,49.0,41.3,41.0,45,0.0,0.0,64.5,63.0,77.4,71.5,69.1,77.0,18.6,18.0,25,7.9,11
1.0,0.01,1.0,California,54.4,42,124,42.0,3.7,4.0,6,16.5,21.0,87.2,85.0,216.375,214.0,28.0,28.0,72.7,74.5,85,34.8,37
1.0,0.01,2.0,Arizona,54.6,41,97,50.0,7.7,8.0,9,0.3,1.0,67.2,51.5,80.4,72.0,33.4,28.0,9.7,10.0,11,3.2,5
2.0,0.1,0.5,Illinois,54.6,48,62,55.0,55.9,56.0,59,0.0,0.0,59.4,58.0,64.0,62.0,63.2,65.0,14.8,15.5,18,9.8,12
1.0,0.05,1.0,Indiana,54.6,47,64,54.0,54.1,53.5,59,0.0,0.0,60.3,63.5,64.5,64.0,69.3,68.0,21.5,21.0,30,15.5,20
1.0,0.05,1.0,Ohio,54.6,36,63,56.0,56.7,56.5,63,0.0,0.0,63.3,63.0,71.5,73.0,78.5,89.0,25.3,24.5,36,16.2,20
2.0,0.25,1.0,New York,54.6,53,55,55.0,12.2,12.0,15,1.8,10.0,59.8,55.5,70.2,75.0,28.0,28.0,197.2,199.0,210,40.0,42
1.0,0.1,1.0,Nevada,54.8,43,69,54.0,5.0,5.0,5,0.0,0.0,67.2,71.0,82.8,76.0,217.0,217.0,1.0,1.0,1,0.0,0
2.0,0.1,0.5,Indiana,54.8,47,64,58.5,57.1,57.0,62,0.0,0.0,59.6,60.5,62.3,64.0,77.2,80.5,22.0,22.5,26,16.1,19
0.5,0.25,1.0,New York,54.8,53,55,55.0,12.4,12.5,14,3.7,15.0,63.2,63.0,71.4,78.0,28.0,28.0,184.7,187.0,194,39.8,43
1.0,0.25,0.5,New York,54.8,53,55,55.0,12.3,12.0,15,2.3,14.0,60.9,59.5,72.5,78.0,28.0,28.0,192.5,193.0,201,40.1,43
2.0,0.25,0.5,New York,54.8,53,55,55.0,12.1,12.5,13,5.3,15.0,64.9,59.5,74.4,78.0,28.0,28.0,193.9,193.0,209,40.1,43
1.0,0.25,1.0,New York,54.8,53,55,55.0,11.1,11.0,14,3.6,14.0,63.0,63.0,72.3,78.0,28.0,28.0,199.1,200.0,213,41.2,43
2.0,0.1,1.0,North Dakota,55.0,48,62,55.0,16.5,17.0,17,0.0,0.0,65.5,65.5,71.5,70.0,28.0,28.0,18.1,17.5,23,5.9,7
1.0,0.25,0.5,North Dakota,55.0,48,62,55.0,13.4,14.0,15,0.0,0.0,65.5,65.5,70.0,70.0,28.0,28.0,13.6,14.0,16,6.2,8
1.0,0.25,2.0,North Dakota,55.0,48,62,55.0,17.6,18.0,19,0.0,0.0,65.5,65.5,70.0,70.0,28.0,28.0,18.7,19.0,22,7.7,9
1.0,0.05,2.0,New York,55.0,55,55,55.0,13.9,14.0,17,3.2,10.0,75.7,78.0,81.7,82.0,28.0,28.0,195.0,194.0,219,38.0,40
1.0,0.05,1.0,New York,55.0,55,55,55.0,12.5,12.5,19,6.3,10.0,78.4,78.0,83.4,82.0,28.0,28.0,198.0,196.0,214,38.8,43
0.5,0.25,0.5,New York,55.0,55,55,55.0,11.5,11.0,14,4.4,14.0,63.8,59.5,74.8,78.0,28.0,28.0,167.0,166.0,179,38.8,41
1.0,0.05,0.5,New York,55.0,55,55,55.0,11.9,11.5,15,5.8,14.0,78.3,78.0,82.4,82.0,28.0,28.0,185.2,185.5,196,39.1,43
0.5,0.1,0.5,New York,55.0,55,55,55.0,10.3,11.0,12,6.6,12.0,72.7,78.0,79.9,79.0,28.0,28.0,169.2,168.5,183,39.1,42
0.5,0.05,1.0,New York,55.0,55,55,55.0,11.1,11.5,16,6.2,25.0,78.0,78.0,84.8,82.0,28.0,28.0,182.4,181.5,193,39.2,45
1.0,0.1,2.0,New York,55.0,55,55,55.0,12.7,13.0,14,6.6,13.0,74.4,78.0,80.4,82.0,28.0,28.0,195.9,197.5,201,39.2,41
2.0,0.05,0.5,New York,55.0,55,55,55.0,12.3,12.5,16,4.8,10.0,76.9,78.0,82.4,82.0,28.0,28.0,199.9,201.5,210,39.3,44
2.0,0.1,2.0,New York,55.0,55,55,55.0,12.7,12.0,16,8.2,12.0,75.1,78.0,81.4,78.0,28.0,28.0,199.7,201.0,207,39.3,42
2.0,0.1,0.5,New York,55.0,55,55,55.0,12.6,12.5,16,7.1,14.0,72.9,78.0,79.3,78.0,28.0,28.0,198.6,196.0,215,39.3,43
1.0,0.1,1.0,New York,55.0,55,55,55.0,12.3,12.0,16,3.6,12.0,66.8,64.0,77.4,78.0,28.0,28.0,208.5,208.5,222,39.4,42
2.0,0.05,1.0,New York,55.0,55,55,55.0,12.2,12.0,16,4.0,9.0,75.7,78.0,81.1,82.0,28.0,28.0,195.7,195.0,212,39.5,44
0.5,0.05,0.5,New York,55.0,55,55,55.0,9.0,8.5,12,7.9,16.0,78.2,78.0,84.5,85.0,28.0,28.0,164.3,164.5,174,39.5,42
1.0,0.1,0.5,New York,55.0,55,55,55.0,12.1,12.5,15,4.4,11.0,67.4,67.0,79.2,78.0,28.0,28.0,195.1,194.0,213,39.7,42
0.5,0.1,2.0,New York,55.0,55,55,55.0,12.2,12.5,14,6.8,12.0,71.6,78.0,77.2,81.0,28.0,28.0,199.3,199.0,212,39.7,43
0.5,0.1,1.0,New York,55.0,55,55,55.0,11.3,11.0,17,4.9,15.0,69.1,71.0,79.6,78.0,28.0,28.0,190.9,192.0,202,40.0,43
2.0,0.1,1.0,New York,55.0,55,55,55.0,11.9,12.0,15,6.7,12.0,72.9,78.0,79.8,80.0,28.0,28.0,198.1,195.5,214,40.2,42
0.5,0.25,2.0,New York,55.0,55,55,55.0,11.6,11.5,13,1.0,2.0,59.5,59.5,71.6,78.0,28.0,28.0,197.1,199.0,205,40.5,42
2.0,0.25,2.0,New York,55.0,55,55,55.0,11.6,12.0,13,2.7,13.0,61.0,55.5,70.4,71.0,28.0,28.0,199.5,200.5,215,40.7,44
0.5,0.01,0.5,Iowa,55.0,46,84,52.0,27.4,27.0,31,0.3,2.0,62.9,58.5,73.4,76.0,60.5,62.5,65.2,65.0,78,41.6,47
2.0,0.01,2.0,Arizona,55.1,42,87,50.0,7.8,8.5,10,0.8,3.0,83.3,61.0,97.5,90.5,31.0,28.0,11.1,10.5,16,2.8,6
1.0,0.1,0.5,Illinois,55.1,48,59,56.0,49.2,49.0,53,0.6,4.0,61.6,59.5,64.9,64.5,63.3,65.5,11.1,11.0,15,8.4,11
0.5,0.25,0.5,Pennsylvania,55.1,47,68,50.0,43.0,42.5,47,0.0,0.0,63.0,64.0,69.3,69.0,64.0,69.0,39.0,38.0,44,10.8,13
0.5,0.01,2.0,Wyoming,55.2,40,72,54.0,9.1,9.5,11,0.0,0.0,61.5,60.5,72.2,73.0,78.0,85.0,2.5,2.5,4,0.0,0
1.0,0.01,2.0,Wyoming,55.2,51,73,53.0,9.6,9.5,11,0.0,0.0,65.8,65.5,80.2,73.0,73.6,66.0,3.2,3.5,4,0.1,1
1.0,0.01,0.5,Wyoming,55.3,44,73,53.0,6.9,6.5,9,0.0,0.0,68.3,69.5,82.2,73.0,83.1,85.0,2.2,2.0,3,0.0,0
2.0,0.1,0.5,Massachusetts,55.3,36,89,56.0,8.3,8.0,9,0.0,0.0,86.6,89.0,97.3,92.5,231.8,243.0,1.2,1.0,2,0.0,0
2.0,0.05,2.0,Nevada,55.4,43,69,51.0,5.0,5.0,5,0.0,0.0,70.2,69.0,88.5,74.0,217.0,217.0,1.0,1.0,1,0.0,0
2.0,0.01,0.5,Oklahoma,55.4,51,74,54.0,20.8,22.0,24,0.0,0.0,86.8,99.0,102.0,103.0,28.0,28.0,7.0,7.0,9,6.4,10
1.0,0.05,0.5,Indiana,55.5,49,65,53.5,50.6,52.0,53,0.0,0.0,59.5,61.5,64.2,64.0,86.9,90.5,19.3,20.0,27,14.7,19
2.0,0.1,2.0,Illinois,55.6,48,59,56.0,57.9,58.0,61,0.1,1.0,61.3,59.5,64.3,61.5,64.3,65.5,18.3,18.5,22,10.7,14
2.0,0.05,2.0,Florida,55.7,41,62,62.0,10.6,11.0,14,2.4,5.0,67.2,69.0,72.0,74.0,28.0,28.0,39.4,39.5,44,23.8,27
0.5,0.01,0.5,California,55.7,32,105,42.0,2.4,2.5,4,15.285714285714286,21.0,85.57142857142857,85.0,109.6,117.0,28.0,28.0,57.6,59.5,67,29.6,33
1.0,0.05,0.5,Kentucky,55.9,49,63,55.5,36.3,37.0,39,0.0,0.0,67.6,63.0,84.6,86.5,80.4,77.0,12.5,13.0,16,6.4,8
1.0,0.01,1.0,Washington,55.9,46,76,46.0,11.8,11.0,14,0.1,1.0,72.1,71.0,87.7,92.5,97.0,105.0,11.3,13.0,15,12.1,15
1.0,0.05,2.0,Oregon,56.0,46,64,53.0,12.5,13.0,13,0.0,0.0,65.5,68.0,80.2,76.0,129.0,151.0,4.0,3.5,6,3.1,4
0.5,0.1,1.0,Illinois,56.1,48,68,56.0,48.4,48.0,52,0.1,1.0,61.0,59.5,64.5,61.0,68.4,66.0,12.1,12.0,17,6.6,8
2.0,0.05,1.0,Indiana,56.1,47,65,58.5,56.3,56.5,59,0.0,0.0,62.5,64.0,65.9,65.0,87.4,90.5,21.0,21.0,27,15.2,19
1.0,0.01,0.5,Oklahoma,56.2,52,68,54.0,14.9,15.0,22,0.1,1.0,84.8,97.5,98.0,104.0,36.6,28.0,3.8,4.0,7,2.5,4
2.0,0.01,0.5,Wyoming,56.3,51,73,53.0,8.9,9.0,10,0.0,0.0,68.7,68.0,77.5,73.0,88.3,85.0,2.2,2.0,3,0.2,1
2.0,0.05,1.0,Oregon,56.3,46,64,53.0,12.2,12.5,13,0.0,0.0,64.4,68.0,82.2,84.5,110.9,107.0,4.7,4.0,9,3.7,5
2.0,0.01,0.5,California,56.3,42,86,42.0,4.0,4.0,7,18.9,37.0,121.7,85.0,160.85714285714286,85.0,28.0,28.0,68.8,71.5,83,34.5,38
0.5,0.01,1.0,Wyoming,56.4,50,73,53.0,5.0,5.0,6,0.0,0.0,70.9,70.5,79.9,73.0,83.1,85.0,2.5,2.0,4,0.0,0
1.0,0.1,1.0,North Dakota,56.4,48,62,62.0,16.7,16.5,18,0.0,0.0,66.2,69.0,73.2,71.0,34.4,28.0,14.6,14.0,18,5.4,8
2.0,0.1,1.0,Pennsylvania,56.4,50,68,50.0,49.1,49.0,53,0.5,2.0,69.4,68.0,73.8,75.0,56.0,59.0,34.5,35.5,41,8.5,12
0.5,0.01,0.5,Washington,56.4,46,74,54.0,10.4,10.0,12,0.2,1.0,73.1,71.0,83.6,82.5,108.7,116.0,5.5,5.0,10,9.2,12
2.0,0.05,0.5,Illinois,56.5,48,62,56.0,52.2,53.0,55,0.3,1.0,65.7,64.5,72.8,74.5,77.5,76.5,16.9,18.0,22,9.3,11
0.5,0.1,2.0,Massachusetts,56.6,36,89,56.0,8.3,8.0,9,0.0,0.0,82.8,89.0,94.0,90.0,228.33333333333334,230.5,1.1666666666666667,1.0,2,0.0,0
0.5,0.01,2.0,Colorado,56.6,41,74,63.0,16.6,17.0,20,0.8,6.0,66.9,69.0,74.3,74.0,28.0,28.0,31.4,30.0,42,10.0,13
1.0,0.01,2.0,Idaho,56.6,35,93,51.5,9.6,9.5,13,0.5,5.0,63.4,63.5,80.8,72.0,28.0,28.0,35.5,37.0,42,14.7,16
ALL,ALL,ALL,Indiana,56.63333333333333,46,101,53.0,51.56111111111111,53.0,63,0.002777777777777778,1.0,62.727777777777774,62.5,68.05833333333334,64.0,71.79166666666667,68.0,21.6,22.0,34,14.738888888888889,24
ALL,ALL,ALL,Ohio,56.647222222222226,36,97,56.0,54.18333333333333,55.0,65,0.1111111111111111,2.0,66.05277777777778,61.0,72.00555555555556,67.0,76.91666666666667,78.0,25.355555555555554,26.0,46,16.325,27
0.5,0.1,0.5,Massachusetts,56.7,36,90,56.0,8.2,8.0,9,0.0,0.0,80.9,89.0,93.3,91.5,,,0.0,0.0,0,0.0,0
1.0,0.05,1.0,Oregon,56.7,46,64,53.0,11.8,12.0,13,0.0,0.0,65.6,68.0,79.3,76.0,129.0,151.0,3.1,3.0,5,3.6,5
0.5,0.1,0.5,Illinois,56.7,48,62,57.5,41.4,41.5,44,0.0,0.0,61.5,60.0,67.6,71.0,66.9,66.0,7.9,8.0,10,7.0,11
1.0,0.01,0.5,Arizona,56.8,44,78,53.5,8.3,8.5,10,0.8,3.0,90.3,72.5,126.5,110.5,60.5,49.5,7.2,6.5,11,2.1,4
0.5,0.25,0.5,Maine,57.0,57,57,57.0,7.8,8.0,9,0.0,0.0,81.2,83.0,85.6,86.0,220.125,216.0,1.5,1.5,2,1.1,2
0.5,0.1,0.5,Maine,57.0,57,57,57.0,7.3,7.0,8,0.0,0.0,82.2,83.0,87.8,89.0,221.5,221.5,1.2222222222222223,1.0,2,1.5,3
0.5,0.25,2.0,Maine,57.0,57,57,57.0,9.2,9.0,11,0.0,0.0,80.5,83.0,83.4,85.0,209.1,216.0,2.2,2.0,3,2.8,4
1.0,0.05,1.0,Maine,57.0,57,57,57.0,8.3,8.0,10,0.0,0.0,85.3,83.0,97.2,89.0,223.33333333333334,227.0,0.8,1.0,2,2.8,4
2.0,0.25,1.0,Maine,57.0,57,57,57.0,9.8,10.0,11,0.0,0.0,78.5,78.5,83.2,82.0,217.1,216.0,2.0,2.0,2,2.9,4
2.0,0.25,2.0,Maine,57.0,57,57,57.0,9.5,9.5,10,0.0,0.0,78.5,78.5,83.6,82.0,216.0,216.0,2.0,2.0,2,2.9,4
1.0,0.25,0.5,Maine,57.0,57,57,57.0,8.5,8.5,10,0.0,0.0,80.3,83.0,84.8,85.0,215.9,216.0,1.9,2.0,3,3.0,4
1.0,0.25,2.0,Maine,57.0,57,57,57.0,9.4,9.5,10,0.0,0.0,80.3,83.0,83.6,85.0,217.1,216.0,2.0,2.0,2,3.0,4
2.0,0.05,2.0,Maine,57.0,57,57,57.0,8.8,8.5,10,0.0,0.0,85.9,83.0,103.0,89.0,214.14285714285714,216.0,1.1,1.0,2,3.0,4
2.0,0.05,0.5,Maine,57.0,57,57,57.0,9.0,9.0,12,0.0,0.0,85.9,83.0,101.5,89.0,210.125,216.0,1.4,1.5,3,3.1,5
0.5,0.25,1.0,Maine,57.0,57,57,57.0,8.1,8.0,9,0.0,0.0,82.1,83.0,86.2,86.0,211.4,216.0,2.0,2.0,3,3.2,4
1.0,0.1,1.0,Maine,57.0,57,57,57.0,8.3,8.0,12,0.0,0.0,80.3,83.0,86.0,89.0,210.2,216.0,2.1,2.0,3,3.3,5
2.0,0.25,0.5,Maine,57.0,57,57,57.0,8.9,9.0,11,0.0,0.0,81.2,83.0,85.8,87.0,216.0,216.0,2.0,2.0,2,3.4,5
1.0,0.1,0.5,Maine,57.0,57,57,57.0,8.2,8.0,10,0.0,0.0,80.4,83.0,85.2,85.0,213.33333333333334,216.0,1.5,2.0,2,3.4,5
2.0,0.1,1.0,Maine,57.0,57,57,57.0,8.7,9.0,10,0.0,0.0,83.0,83.0,88.6,89.0,210.2,216.0,2.1,2.0,3,3.5,4
0.5,0.1,1.0,Maine,57.0,57,57,57.0,6.7,6.5,8,0.0,0.0,81.7,83.0,87.0,89.0,214.8,216.0,1.7,2.0,2,3.5,5
1.0,0.05,2.0,Maine,57.0,57,57,57.0,7.7,7.5,10,0.0,0.0,85.9,83.0,101.5,89.0,214.6,221.5,2.1,2.0,3,3.6,5
2.0,0.1,2.0,Maine,57.0,57,57,57.0,8.6,8.5,10,0.0,0.0,83.5,83.0,90.1,89.0,253.5,216.0,1.9,2.0,3,3.6,5
1.0,0.25,1.0,Maine,57.0,57,57,57.0,8.4,8.0,9,0.0,0.0,80.8,83.0,84.8,85.0,216.0,216.0,2.0,2.0,2,3.7,4
0.5,0.05,2.0,Maine,57.0,57,57,57.0,7.5,7.0,9,0.0,0.0,87.7,86.0,104.0,97.5,226.28571428571428,227.0,0.9,1.0,2,3.7,5
0.5,0.1,2.0,Maine,57.0,57,57,57.0,7.5,7.5,10,0.0,0.0,84.2,83.0,101.6,89.0,217.0,216.0,1.6,2.0,2,3.7,5
2.0,0.1,0.5,Maine,57.0,57,57,57.0,7.7,8.0,9,0.0,0.0,83.0,83.0,88.2,89.0,217.1,216.0,1.8,2.0,2,3.8,5
1.0,0.05,0.5,Maine,57.0,57,57,57.0,6.4,6.0,8,0.0,0.0,88.8,83.0,112.6,89.0,218.625,221.5,1.2,1.0,2,3.9,5
0.5,0.05,1.0,Maine,57.0,57,57,57.0,5.7,5.5,7,0.0,0.0,91.7,89.0,125.9,106.0,219.0,227.0,1.3,1.5,3,3.9,6
1.0,0.1,2.0,Maine,57.0,57,57,57.0,7.8,8.0,9,0.0,0.0,83.6,83.0,89.9,89.0,213.5,216.0,2.4,2.0,4,4.3,6
2.0,0.01,1.0,California,57.0,42,107,43.0,4.2,4.0,7,20.3,33.0,126.2,104.0,241.7,234.5,28.0,28.0,70.4,72.5,82,34.6,37
2.0,0.1,0.5,Oregon,57.1,46,64,58.5,12.0,12.0,14,0.0,0.0,65.7,65.0,71.8,68.0,99.6,95.5,4.6,5.0,7,3.9,6
2.0,0.05,2.0,Oregon,57.1,46,64,58.5,12.0,13.0,13,0.0,0.0,69.1,66.5,79.4,70.5,113.1,95.5,3.9,3.5,8,4.5,6
1.0,0.1,2.0,Illinois,57.1,48,62,56.5,56.0,56.0,59,0.1,1.0,62.3,60.0,67.1,70.0,71.6,66.0,15.9,16.0,20,10.5,14
0.5,0.01,0.5,Nebraska,57.2,51,59,59.0,19.5,19.0,24,0.0,0.0,75.6,80.5,91.2,89.5,28.0,28.0,2.7,2.0,5,0.6,1
0.5,0.01,1.0,Idaho,57.3,37,99,51.0,7.8,8.0,10,2.0,8.0,66.3,57.5,79.9,75.0,38.3,28.0,27.0,28.0,33,13.9,16
2.0,0.05,1.0,Nevada,57.4,43,69,61.0,5.0,5.0,5,0.0,0.0,70.3,73.0,82.2,79.0,200.33333333333334,217.0,1.3333333333333333,1.0,2,0.0,0
1.0,0.1,2.0,Nevada,57.6,43,65,63.0,5.0,5.0,5,0.0,0.0,70.2,73.0,83.3,79.0,217.0,217.0,1.0,1.0,1,0.0,0
0.5,0.05,0.5,Indiana,57.6,47,64,59.0,46.0,47.0,51,0.0,0.0,61.6,64.0,64.5,65.0,84.5,90.5,16.4,16.5,20,11.5,15
0.5,0.01,0.5,Idaho,57.6,35,99,51.0,6.3,7.0,8,1.9,6.0,66.3,62.5,88.77777777777777,72.0,46.7,51.0,21.9,23.5,27,14.4,17
1.0,0.05,2.0,Ohio,57.7,43,74,56.0,59.2,60.0,63,0.0,0.0,68.4,69.5,74.5,75.5,84.6,81.0,26.6,26.5,31,16.1,20
0.5,0.01,1.0,Oklahoma,57.8,51,103,53.5,12.1,12.0,14,0.0,0.0,77.4,73.0,95.1,103.0,52.333333333333336,28.0,2.8,3.0,5,1.8,5
0.5,0.1,1.0,North Dakota,57.8,48,62,62.0,13.1,13.0,15,0.0,0.0,67.6,69.0,72.1,71.0,33.0,28.0,10.9,11.5,13,4.2,7
1.0,0.1,2.0,North Dakota,57.8,48,62,62.0,16.9,16.5,20,0.0,0.0,66.9,69.0,73.4,71.0,28.0,28.0,18.7,18.5,23,5.6,8
1.0,0.1,0.5,North Dakota,57.8,48,62,62.0,13.0,13.0,15,0.0,0.0,66.9,69.0,72.0,71.0,34.4,28.0,12.4,12.0,15,5.8,8
2.0,0.1,2.0,North Dakota,57.8,48,62,62.0,16.7,17.0,18,0.0,0.0,66.9,69.0,70.4,71.0,28.0,28.0,20.2,20.0,25,6.4,9
0.5,0.05,0.5,Nevada,58.0,43,69,63.0,4.2,4.0,5,0.0,0.0,71.6,74.0,81.4,79.0,134.0,134.0,1.0,1.0,1,0.0,0
ALL,ALL,ALL,Tennessee,58.1,44,150,44.0,29.480555555555554,31.0,43,0.011111111111111112,1.0,91.53611111111111,81.0,102.61944444444444,90.0,105.66016713091922,95.0,16.860724233983287,17.0,33,9.988888888888889,20
ALL,ALL,ALL,Kentucky,58.166666666666664,49,150,49.0,37.702777777777776,41.0,50,0.008333333333333333,1.0,72.39166666666667,62.0,81.45555555555555,63.0,90.55833333333334,77.0,14.566666666666666,15.0,26,7.533333333333333,14
2.0,0.01,1.0,Nebraska,58.2,51,59,59.0,46.4,47.0,49,0.0,0.0,84.9,89.5,91.2,94.0,28.0,28.0,4.6,4.5,7,2.5,5
1.0,0.01,2.0,Nebraska,58.2,51,59,59.0,45.3,46.0,50,0.0,0.0,83.3,89.5,92.9,94.0,28.0,28.0,4.7,5.0,6,2.7,4
0.5,0.1,1.0,Pennsylvania,58.2,50,68,55.0,46.6,46.0,48,0.1,1.0,67.5,68.5,73.5,75.0,62.8,66.0,37.0,36.0,43,9.6,11
0.5,0.01,1.0,Nebraska,58.3,54,59,59.0,28.4,28.5,32,0.0,0.0,75.3,75.5,87.8,92.0,44.2,28.0,2.9,3.0,4,1.8,4
1.0,0.05,2.0,Nevada,58.4,43,69,61.0,5.0,5.0,5,0.0,0.0,73.2,74.0,88.3,90.5,217.0,217.0,1.0,1.0,1,0.0,0
0.5,0.05,0.5,Oregon,58.5,46,64,64.0,6.1,6.0,7,0.0,0.0,65.2,66.5,79.7,72.0,119.8,129.5,2.7,3.0,6,0.8,4
1.0,0.05,1.0,North Dakota,58.5,48,69,62.0,14.7,14.0,17,0.0,0.0,69.4,69.0,77.6,71.0,53.6,28.0,11.3,11.5,14,4.1,5
0.5,0.1,2.0,North Dakota,58.5,48,69,62.0,14.9,15.0,16,0.0,0.0,67.3,69.0,73.5,71.0,28.0,28.0,13.5,13.5,18,5.7,9
2.0,0.05,2.0,Indiana,58.5,49,64,61.5,55.4,56.5,58,0.0,0.0,61.0,64.0,65.4,65.0,83.3,84.5,22.1,22.5,28,16.6,20
1.0,0.01,0.5,Nebraska,58.6,48,70,59.0,33.2,33.5,38,0.0,0.0,76.9,77.0,89.6,87.5,35.3,28.0,3.6,3.5,6,1.8,4
0.5,0.01,2.0,Nebraska,58.6,57,59,59.0,38.3,38.0,43,0.0,0.0,76.6,76.5,88.4,93.0,28.0,28.0,3.9,4.0,7,2.8,5
1.0,0.25,2.0,Vermont,58.6,55,59,59.0,11.0,11.0,11,0.0,0.0,59.0,59.0,61.4,61.0,28.0,28.0,17.2,17.0,22,3.0,3
1.0,0.1,0.5,Pennsylvania,58.7,47,68,59.0,47.7,48.0,50,0.2,2.0,67.7,68.5,70.9,70.5,64.6,69.0,34.1,33.0,45,8.0,10
0.5,0.05,2.0,Ohio,58.7,56,63,58.5,58.0,59.0,63,0.0,0.0,67.0,65.0,76.2,78.5,89.0,83.5,27.2,28.0,32,14.9,20
1.0,0.01,1.0,Wyoming,58.8,53,73,55.0,9.1,9.0,10,0.0,0.0,69.4,72.5,93.8,73.0,85.0,85.0,2.3,2.0,4,0.0,0
1.0,0.25,0.5,Missouri,58.8,54,66,54.0,66.4,67.0,69,0.0,0.0,66.7,66.0,70.9,66.0,28.0,28.0,7.5,8.0,9,11.9,16
0.5,0.25,0.5,Missouri,58.8,54,66,54.0,49.0,50.0,51,0.0,0.0,66.7,66.0,71.2,66.0,28.0,28.0,5.1,5.0,7,12.2,14
0.5,0.05,1.0,Ohio,58.8,43,80,56.0,56.6,56.0,60,0.0,0.0,67.3,63.0,77.6,80.0,90.3,89.0,18.1,19.0,22,12.8,18
2.0,0.05,2.0,New York,58.8,55,78,55.0,13.1,12.5,19,3.3,7.0,77.6,78.0,83.0,82.0,28.0,28.0,191.7,189.0,209,38.6,41
0.5,0.01,2.0,Oklahoma,58.9,51,97,54.0,17.7,17.5,24,0.0,0.0,77.1,70.5,97.5,103.0,57.3,28.0,4.1,4.0,8,3.2,5
1.0,0.05,2.0,Indiana,58.9,49,64,63.5,54.9,55.0,59,0.0,0.0,62.0,64.0,65.6,67.0,78.4,93.0,22.3,23.0,26,16.7,20
2.0,0.1,1.0,Vermont,59.0,59,59,59.0,11.6,11.5,13,0.0,0.0,59.0,59.0,63.4,61.0,28.0,28.0,18.9,19.5,22,2.4,3
0.5,0.05,2.0,Vermont,59.0,59,59,59.0,11.5,11.5,13,0.0,0.0,64.1,59.0,75.7,67.0,28.0,28.0,17.2,17.0,23,2.5,4
0.5,0.05,1.0,Vermont,59.0,59,59,59.0,11.3,11.5,13,0.0,0.0,59.0,59.0,69.7,67.0,42.9,28.0,16.3,17.0,21,2.7,4
2.0,0.05,1.0,Vermont,59.0,59,59,59.0,11.0,11.0,12,0.0,0.0,59.0,59.0,67.4,67.0,40.7,28.0,17.5,17.5,21,2.7,4
0.5,0.05,0.5,Vermont,59.0,59,59,59.0,10.6,10.5,13,0.0,0.0,60.0,59.0,73.6,70.0,28.0,28.0,17.6,17.0,23,2.7,5
2.0,0.05,0.5,Vermont,59.0,59,59,59.0,11.2,11.5,13,0.0,0.0,59.0,59.0,65.1,67.0,34.4,28.0,17.2,17.0,22,2.7,5
2.0,0.1,0.5,Vermont,59.0,59,59,59.0,11.3,11.0,12,0.0,0.0,59.0,59.0,63.4,61.0,28.0,28.0,19.3,19.0,23,2.7,3
1.0,0.1,1.0,Vermont,59.0,59,59,59.0,11.3,11.0,13,0.0,0.0,59.0,59.0,64.0,64.0,28.0,28.0,18.6,18.5,23,2.7,4
1.0,0.05,0.5,Vermont,59.0,59,59,59.0,11.2,11.0,14,0.0,0.0,59.0,59.0,65.8,67.0,34.5,28.0,16.3,16.0,22,2.8,5
2.0,0.1,2.0,Vermont,59.0,59,59,59.0,11.2,11.0,13,0.0,0.0,59.0,59.0,62.2,61.0,28.0,28.0,19.1,18.0,25,2.8,4
1.0,0.05,2.0,Vermont,59.0,59,59,59.0,10.9,11.0,12,0.0,0.0,59.0,59.0,66.8,67.0,28.0,28.0,18.8,18.0,24,2.9,4
1.0,0.25,0.5,Vermont,59.0,59,59,59.0,11.1,11.0,12,0.0,0.0,59.0,59.0,62.2,61.0,28.0,28.0,17.4,18.0,20,2.9,3
2.0,0.25,1.0,Vermont,59.0,59,59,59.0,11.1,11.0,12,0.0,0.0,59.0,59.0,61.0,61.0,28.0,28.0,18.0,17.5,21,2.9,3
1.0,0.05,1.0,Vermont,59.0,59,59,59.0,11.1,12.0,12,0.0,0.0,59.0,59.0,67.0,67.0,47.3,28.0,17.2,17.0,21,2.9,5
1.0,0.25,1.0,Vermont,59.0,59,59,59.0,11.1,11.0,12,0.0,0.0,59.0,59.0,61.0,61.0,28.0,28.0,16.5,17.0,20,2.9,3
2.0,0.25,2.0,Vermont,59.0,59,59,59.0,11.1,11.0,12,0.0,0.0,59.0,59.0,61.0,61.0,28.0,28.0,17.5,17.5,20,2.9,3
1.0,0.1,2.0,Vermont,59.0,59,59,59.0,11.1,11.0,12,0.0,0.0,59.0,59.0,63.4,61.0,28.0,28.0,17.2,18.0,19,2.9,4
0.5,0.1,0.5,Georgia,59.0,59,59,59.0,31.8,32.0,35,0.0,0.0,68.3,69.0,72.9,72.0,70.5,74.0,3.8,4.0,5,2.9,5
0.5,0.1,0.5,Vermont,59.0,59,59,59.0,10.4,10.0,12,0.0,0.0,59.0,59.0,64.0,64.0,28.0,28.0,17.5,17.5,23,2.9,4
0.5,0.25,2.0,Vermont,59.0,59,59,59.0,11.0,11.0,11,0.0,0.0,59.0,59.0,61.0,61.0,28.0,28.0,16.9,16.5,20,3.0,3
0.5,0.25,0.5,Vermont,59.0,59,59,59.0,11.0,11.0,11,0.0,0.0,59.0,59.0,62.2,61.0,28.0,28.0,17.9,17.5,22,3.0,3
2.0,0.25,0.5,Vermont,59.0,59,59,59.0,11.0,11.0,11,0.0,0.0,59.0,59.0,61.0,61.0,28.0,28.0,18.1,17.5,21,3.0,3
1.0,0.1,0.5,Vermont,59.0,59,59,59.0,10.9,11.0,12,0.0,0.0,59.2,59.0,64.4,61.0,28.0,28.0,18.3,18.5,21,3.0,4
0.5,0.1,1.0,Vermont,59.0,59,59,59.0,11.0,11.0,12,0.0,0.0,59.0,59.0,65.1,67.0,28.0,28.0,17.5,18.0,21,3.0,4
2.0,0.01,0.5,Nebraska,59.0,59,59,59.0,43.9,43.5,52,0.0,0.0,84.2,85.5,89.5,87.5,28.0,28.0,5.7,5.0,8,3.0,4
0.5,0.1,2.0,Vermont,59.0,59,59,59.0,10.9,11.0,12,0.0,0.0,59.0,59.0,64.2,61.0,28.0,28.0,18.3,18.5,22,3.0,4
0.5,0.25,1.0,Vermont,59.0,59,59,59.0,10.9,11.0,11,0.0,0.0,59.0,59.0,61.0,61.0,28.0,28.0,17.0,17.0,20,3.1,4
2.0,0.05,2.0,Vermont,59.0,59,59,59.0,10.8,11.0,12,0.0,0.0,59.4,59.0,67.6,67.0,28.0,28.0,17.8,17.0,22,3.1,4
0.5,0.25,0.5,Georgia,59.0,59,59,59.0,36.1,36.0,38,0.0,0.0,65.5,66.0,69.3,69.0,69.2,70.0,4.9,5.0,6,3.2,5
0.5,0.1,1.0,Georgia,59.0,59,59,59.0,38.3,38.5,40,0.0,0.0,66.5,66.0,70.2,70.5,71.5,72.0,4.8,5.0,7,5.5,7
1.0,0.1,0.5,Georgia,59.0,59,59,59.0,42.6,42.0,45,0.0,0.0,67.1,69.0,71.1,72.0,73.6,72.0,6.5,6.5,9,6.0,7
0.5,0.1,2.0,Georgia,59.0,59,59,59.0,46.1,46.5,51,0.0,0.0,66.8,66.0,72.0,72.0,69.2,74.0,5.6,5.0,9,6.2,9
0.5,0.25,1.0,Georgia,59.0,59,59,59.0,41.9,42.0,45,0.0,0.0,66.3,66.0,69.6,69.0,70.8,74.0,6.2,6.5,8,6.5,8
1.0,0.1,1.0,Georgia,59.0,59,59,59.0,48.8,48.5,53,0.0,0.0,67.1,69.0,70.2,72.0,69.4,70.0,7.1,7.0,9,6.8,9
0.5,0.25,2.0,Georgia,59.0,59,59,59.0,47.8,47.0,52,0.0,0.0,64.0,66.0,67.9,69.0,70.0,70.0,6.6,6.5,10,6.9,8
1.0,0.25,0.5,Georgia,59.0,59,59,59.0,44.3,45.0,49,0.0,0.0,66.5,66.0,69.3,69.0,68.8,72.0,7.5,7.0,10,7.0,8
1.0,0.1,2.0,Georgia,59.0,59,59,59.0,53.4,53.5,57,0.0,0.0,68.4,69.0,71.4,72.0,28.0,28.0,9.3,9.5,12,7.5,10
2.0,0.1,0.5,Georgia,59.0,59,59,59.0,51.7,51.5,55,0.0,0.0,68.2,69.0,71.1,72.0,68.0,68.0,7.7,8.0,9,7.7,10
1.0,0.25,1.0,Georgia,59.0,59,59,59.0,49.6,49.0,52,0.0,0.0,66.8,67.5,69.9,70.5,72.4,74.0,6.2,6.0,10,8.2,9
1.0,0.25,2.0,Georgia,59.0,59,59,59.0,56.3,56.0,60,0.0,0.0,66.1,66.0,68.7,69.0,28.0,28.0,8.8,9.5,12,8.4,10
2.0,0.25,0.5,Georgia,59.0,59,59,59.0,53.8,54.0,55,0.0,0.0,66.5,66.0,69.6,69.0,70.4,72.0,7.1,7.0,9,8.6,10
2.0,0.05,2.0,Illinois,59.0,48,72,59.0,56.0,56.0,60,0.0,0.0,67.1,69.5,71.1,74.0,71.9,66.0,17.6,19.0,21,9.6,13
2.0,0.25,1.0,Georgia,59.0,59,59,59.0,54.4,54.5,57,0.0,0.0,64.6,66.0,68.7,69.0,28.0,28.0,9.0,9.5,12,10.2,12
2.0,0.1,1.0,Georgia,59.0,59,59,59.0,52.1,51.5,54,0.0,0.0,68.1,69.0,71.8,72.0,28.0,28.0,9.9,10.0,12,11.1,13
2.0,0.1,2.0,Georgia,59.0,59,59,59.0,54.7,55.0,58,0.0,0.0,67.1,69.0,71.1,72.0,68.0,68.0,9.7,9.5,13,11.2,15
2.0,0.25,2.0,Georgia,59.0,59,59,59.0,55.0,55.0,57,0.0,0.0,65.9,66.0,68.7,69.0,71.6,74.0,8.6,9.0,11,12.0,14
2.0,0.01,2.0,California,59.0,32,109,42.0,4.3,4.5,7,16.1,34.0,117.9,87.5,267.6666666666667,297.0,28.0,28.0,66.2,71.5,82,34.7,37
1.0,0.01,1.0,Oklahoma,59.2,51,103,54.0,20.8,21.0,25,0.1,1.0,78.2,78.5,93.4,99.0,28.0,28.0,5.5,5.5,10,3.5,5
0.5,0.05,1.0,North Dakota,59.2,48,62,62.0,12.2,12.0,14,0.0,0.0,70.1,69.0,76.6,71.0,49.4,28.0,8.3,9.0,10,3.6,6
2.0,0.01,2.0,Idaho,59.2,37,99,56.5,8.3,8.0,10,1.8,13.0,69.4,59.5,92.1,85.5,36.8,28.0,33.2,33.5,39,16.3,17
0.5,0.01,2.0,Utah,59.3,36,96,55.0,11.1,11.0,14,0.1,1.0,72.5,68.5,89.5,94.5,64.9,72.0,11.5,11.0,17,2.5,6
0.5,0.01,1.0,Utah,59.3,55,70,55.0,9.2,9.0,11,0.0,0.0,73.6,68.0,91.1,82.5,84.7,78.5,8.2,8.0,14,2.7,4
1.0,0.01,1.0,Utah,59.4,55,70,55.0,11.7,12.0,13,0.0,0.0,87.4,89.5,111.6,111.5,90.9,95.0,9.7,8.5,17,2.3,5
ALL,ALL,ALL,New York,59.480555555555554,43,129,55.0,11.744444444444444,12.0,19,3.95,25.0,75.7,78.0,83.53333333333333,82.0,28.0,28.0,182.40277777777777,189.0,222,38.69166666666667,45
1.0,0.05,1.0,Illinois,59.5,48,72,59.0,51.6,51.5,54,0.0,0.0,65.6,65.0,70.9,73.5,72.6,66.0,15.5,15.5,19,8.9,12
1.0,0.05,1.0,Tennessee,59.5,44,88,44.0,29.5,28.5,33,0.0,0.0,86.1,84.5,106.8,108.0,99.7,97.0,19.6,20.0,25,13.3,17
0.5,0.05,1.0,Oregon,59.6,53,64,64.0,9.5,9.0,11,0.0,0.0,69.0,65.0,74.9,68.0,108.7,96.0,3.7,4.0,5,2.7,5
2.0,0.05,1.0,Maine,59.6,57,83,57.0,8.1,8.0,10,0.0,0.0,83.3,83.0,91.8,89.0,217.6,216.0,2.0,2.0,3,3.2,5
0.5,0.05,2.0,New York,59.6,55,78,55.0,13.6,14.0,17,4.2,10.0,79.6,78.0,82.9,82.0,28.0,28.0,194.6,196.5,205,37.6,41
2.0,0.01,0.5,Colorado,59.7,44,82,58.0,17.0,16.5,23,2.8,7.0,78.1,80.0,90.1,91.0,28.0,28.0,40.0,40.5,54,12.8,17
2.0,0.1,2.0,Massachusetts,59.9,36,89,56.0,8.3,8.0,9,0.0,0.0,86.1,89.0,91.2,90.5,49.5,28.0,1.5,1.5,2,0.0,0
2.0,0.01,2.0,Utah,59.9,52,70,55.0,12.1,12.0,14,0.0,0.0,74.0,68.5,92.4,93.0,94.4,91.5,12.3,12.0,17,3.2,6
0.5,0.05,1.0,Georgia,60.0,59,69,59.0,33.5,34.0,37,0.0,0.0,73.2,72.0,79.3,78.0,77.7,74.0,3.9,4.5,6,4.8,7
0.5,0.05,2.0,Georgia,60.0,59,69,59.0,40.7,40.0,47,0.0,0.0,73.0,72.0,81.6,81.5,89.2,74.0,3.6,3.5,6,5.9,9
1.0,0.05,2.0,Illinois,60.0,56,74,59.0,55.7,55.5,60,0.2,1.0,70.5,73.0,74.1,74.0,71.4,66.0,15.8,15.5,20,7.5,10
0.5,0.25,1.0,Missouri,60.0,54,66,60.0,62.1,62.0,67,0.0,0.0,66.0,66.0,73.5,73.0,28.0,28.0,9.6,9.0,12,11.4,13
1.0,0.25,1.0,Missouri,60.0,54,66,60.0,71.3,71.5,74,0.0,0.0,67.3,66.0,72.6,73.0,28.0,28.0,10.0,10.5,12,11.4,14
0.5,0.25,2.0,Missouri,60.0,54,66,60.0,70.5,70.5,74,0.0,0.0,66.0,66.0,72.9,69.5,28.0,28.0,8.4,8.5,11,11.6,16
2.0,0.25,1.0,Missouri,60.0,54,66,60.0,73.6,73.5,77,0.0,0.0,67.3,66.0,72.2,69.5,28.0,28.0,10.9,11.0,14,13.9,17
0.5,0.05,0.5,Maine,60.2,57,89,57.0,6.5,7.0,8,0.0,0.0,90.5,83.0,119.9,89.0,204.42857142857142,227.0,1.2222222222222223,1.0,3,1.4,4
2.0,0.01,2.0,Nebraska,60.2,54,70,59.0,48.0,48.5,51,0.0,0.0,76.8,77.0,84.7,87.5,35.3,28.0,5.9,5.0,10,2.4,3
0.5,0.01,1.0,Washington,60.2,34,77,66.5,11.1,11.5,15,0.8,6.0,76.0,75.5,88.0,90.0,87.1,82.0,9.5,9.5,14,10.2,14
2.0,0.01,0.5,Idaho,60.2,50,93,57.0,9.1,8.5,11,1.9,6.0,70.7,72.0,81.3,75.0,48.9,39.5,34.3,35.5,43,15.0,17
1.0,0.1,1.0,Massachusetts,60.3,36,93,56.0,8.5,8.5,9,0.0,0.0,84.9,89.0,94.8,92.5,227.71428571428572,243.0,1.1428571428571428,1.0,2,0.0,0
1.0,0.05,0.5,Illinois,60.3,55,75,59.0,47.9,48.0,51,0.1,1.0,68.7,73.5,73.7,74.5,89.2,80.0,12.8,13.5,15,7.9,10
2.0,0.05,1.0,Illinois,60.3,48,72,59.0,55.0,55.0,58,0.1,1.0,67.6,72.0,72.6,74.0,76.9,76.5,15.9,15.0,21,8.4,11
2.0,0.05,2.0,Georgia,60.3,59,72,59.0,51.7,52.0,55,0.0,0.0,72.9,72.0,85.5,86.0,104.8,100.0,8.2,8.0,11,9.9,13
2.0,0.05,2.0,Ohio,60.3,43,78,56.0,60.4,60.0,63,0.0,0.0,70.7,71.0,76.6,80.0,84.2,87.0,26.9,26.5,32,15.5,18
0.5,0.05,1.0,Indiana,60.4,49,64,64.0,49.1,49.5,52,0.0,0.0,62.2,64.0,66.4,65.0,87.5,93.0,17.4,17.0,21,13.7,15
2.0,0.1,0.5,Pennsylvania,60.5,47,68,68.0,50.1,50.5,51,0.3,2.0,65.1,69.0,70.6,72.5,61.9,69.0,34.4,34.0,45,7.6,10
0.5,0.1,0.5,Pennsylvania,60.5,47,68,68.0,42.4,43.0,45,0.2,1.0,68.7,69.5,73.1,75.0,64.0,69.0,33.1,33.5,38,9.8,12
0.5,0.1,0.5,North Dakota,60.6,48,62,62.0,10.7,10.5,12,0.0,0.0,68.3,69.0,75.4,71.0,31.8,28.0,7.9,7.5,11,3.2,5
1.0,0.05,0.5,North Dakota,60.6,48,69,62.0,12.0,12.0,13,0.0,0.0,71.2,69.0,79.7,71.0,44.6,28.0,9.6,10.0,11,4.5,6
2.0,0.1,0.5,North Dakota,60.6,48,62,62.0,16.4,16.5,18,0.0,0.0,68.3,69.0,72.4,71.0,34.4,28.0,16.3,16.0,20,6.4,9
0.5,0.05,0.5,Georgia,60.7,59,69,59.0,27.2,27.0,31,0.0,0.0,73.5,72.0,82.6,84.0,80.0,74.0,2.8,2.5,4,1.9,4
1.0,0.05,1.0,Georgia,60.7,59,69,59.0,44.0,43.5,47,0.0,0.0,69.3,69.0,76.2,72.0,78.6,74.0,6.5,6.0,9,5.6,8
0.5,0.01,1.0,Colorado,60.7,41,70,63.0,13.9,14.5,18,1.4,7.0,75.3,74.0,80.5,79.0,30.6,28.0,26.1,26.0,33,7.6,12
2.0,0.05,1.0,Georgia,60.7,59,69,59.0,51.2,51.0,55,0.0,0.0,72.1,69.0,77.7,72.0,28.0,28.0,8.1,8.0,10,9.3,12
0.5,0.01,2.0,South Dakota,60.8,41,80,57.0,35.0,34.5,40,0.1,1.0,70.1,69.0,78.2,79.5,52.2,28.0,8.4,9.0,13,2.3,4
2.0,0.01,2.0,Washington,60.9,36,89,62.0,11.9,12.0,14,0.8,5.0,74.1,72.5,90.3,94.0,78.9,82.0,11.8,11.0,17,14.3,18
0.5,0.05,1.0,Nevada,61.0,43,69,65.0,5.0,5.0,5,0.0,0.0,73.7,74.0,94.3,79.0,,,0.0,0.0,0,0.0,0
ALL,ALL,ALL,Oregon,61.2,46,200,53.0,10.65,11.0,17,0.002777777777777778,1.0,77.39722222222223,65.0,94.55865921787709,68.0,131.9002849002849,84.0,4.207282913165266,4.0,9,2.9444444444444446,6
2.0,0.01,2.0,Colorado,61.2,41,82,63.0,19.6,20.0,22,1.4,8.0,73.3,70.0,79.3,75.0,28.0,28.0,42.3,42.5,50,11.4,16
2.0,0.25,0.5,Missouri,61.2,54,66,66.0,73.6,74.5,75,0.0,0.0,69.6,66.0,76.8,76.0,28.0,28.0,9.5,9.5,14,12.5,14
1.0,0.25,2.0,Missouri,61.2,54,66,66.0,73.3,73.0,77,0.0,0.0,68.6,66.0,78.1,80.5,28.0,28.0,10.5,10.5,14,13.6,17
1.0,0.01,1.0,Nebraska,61.3,51,94,59.0,40.4,40.5,44,0.0,0.0,77.0,76.5,89.6,92.0,41.7,28.0,4.8,4.5,7,2.5,4
2.0,0.05,0.5,North Dakota,61.3,48,69,62.0,15.2,15.5,17,0.0,0.0,69.9,69.0,80.1,86.0,54.8,47.0,13.0,13.0,16,5.4,8
2.0,0.05,2.0,North Dakota,61.3,48,69,62.0,15.4,16.0,17,0.0,0.0,70.3,69.0,77.7,71.0,44.6,28.0,17.1,17.0,22,7.2,8
2.0,0.05,0.5,Georgia,61.3,59,72,59.0,47.1,47.0,50,0.0,0.0,74.8,72.0,81.8,84.0,78.6,62.0,6.3,6.0,10,7.4,9
1.0,0.05,0.5,Pennsylvania,61.3,37,68,68.0,47.1,47.0,50,0.6,1.0,72.9,75.0,77.7,75.0,69.0,69.0,31.4,31.0,34,7.5,12
ALL,ALL,ALL,Pennsylvania,61.333333333333336,37,125,68.0,45.827777777777776,47.0,54,0.3472222222222222,3.0,73.54166666666667,70.0,79.03333333333333,75.0,64.83611111111111,69.0,32.108333333333334,32.0,57,8.433333333333334,15
1.0,0.1,0.5,Massachusetts,61.4,36,90,56.0,8.2,8.0,9,0.0,0.0,80.1,89.0,97.7,91.5,237.8,243.0,1.0,1.0,1,0.0,0
2.0,0.25,0.5,Maryland,61.4,55,71,63.0,14.3,14.0,15,0.3,1.0,70.4,71.0,74.3,76.0,67.0,67.5,24.0,22.5,33,1.7,2
2.0,0.25,2.0,Maryland,61.4,55,71,63.0,13.8,14.0,15,0.2,1.0,70.0,71.0,75.1,76.0,67.2,66.0,27.7,28.0,36,2.4,4
1.0,0.01,0.5,Idaho,61.4,50,99,58.5,7.0,7.5,10,2.8,9.0,77.6,65.0,95.0,87.0,48.7,28.0,24.3,23.5,33,14.5,16
ALL,ALL,ALL,Nevada,61.480555555555554,37,199,61.0,4.830555555555556,5.0,5,0.0,0.0,82.26666666666667,73.0,103.93593314763231,79.0,211.74528301886792,217.0,1.0188679245283019,1.0,2,0.0,0
2.0,0.01,1.0,Wyoming,61.6,53,73,66.0,9.7,10.0,11,0.0,0.0,71.4,73.0,81.8,73.0,83.3,85.0,2.4,2.5,5,0.2,1
2.0,0.01,2.0,Wyoming,61.6,53,73,63.5,9.6,10.0,11,0.0,0.0,71.8,73.0,85.1,73.0,86.4,85.0,2.4,2.5,4,0.5,1
0.5,0.05,2.0,Oregon,61.6,49,65,64.0,11.5,11.5,12,0.0,0.0,66.2,68.0,82.4,76.0,128.7,151.0,3.2,3.0,8,3.4,5
0.5,0.01,2.0,Florida,61.9,41,75,65.5,9.0,8.5,13,1.3,3.0,78.9,75.0,112.5,102.5,55.3,28.0,22.1,22.5,28,22.4,27
0.5,0.25,1.0,Montana,62.0,62,62,62.0,16.4,16.0,17,0.0,0.0,80.0,80.0,92.7,93.0,107.1,107.0,2.2,2.5,3,1.0,1
1.0,0.25,0.5,Montana,62.0,62,62,62.0,18.7,19.0,20,0.0,0.0,80.0,80.0,92.8,93.0,110.42857142857143,107.0,0.9,1.0,2,1.0,1
0.5,0.25,2.0,Montana,62.0,62,62,62.0,20.8,21.0,22,0.0,0.0,81.3,80.0,92.8,92.5,134.14285714285714,107.0,1.3,1.5,3,1.0,1
0.5,0.25,0.5,Montana,62.0,62,62,62.0,12.3,12.0,13,0.0,0.0,80.0,80.0,92.6,93.0,107.4,108.0,1.8,2.0,3,1.0,1
1.0,0.25,1.0,Montana,62.0,62,62,62.0,21.5,22.0,23,0.0,0.0,80.0,80.0,92.7,93.0,126.4,107.0,2.5,2.0,5,1.0,1
0.5,0.1,2.0,Montana,62.0,62,62,62.0,18.7,18.5,20,0.0,0.0,82.5,80.0,93.5,93.0,158.7,130.5,1.9,2.0,4,1.0,1
1.0,0.1,1.0,Montana,62.0,62,62,62.0,19.3,19.5,21,0.0,0.0,85.1,80.0,94.2,93.0,111.0,108.0,2.0,2.0,3,1.0,1
1.0,0.05,1.0,Montana,62.0,62,62,62.0,16.6,16.5,18,0.0,0.0,83.7,80.0,94.8,96.0,116.44444444444444,96.0,2.5,2.5,5,1.3,2
2.0,0.25,0.5,Montana,62.0,62,62,62.0,21.9,22.5,23,0.0,0.0,80.0,80.0,92.7,93.0,160.6,107.5,2.0,2.0,3,2.7,3
2.0,0.25,1.0,Montana,62.0,62,62,62.0,23.1,23.0,24,0.0,0.0,81.3,80.0,93.1,93.0,182.7,124.5,1.9,2.0,3,3.0,3
1.0,0.25,2.0,Montana,62.0,62,62,62.0,22.7,22.5,24,0.0,0.0,80.0,80.0,92.7,93.0,209.22222222222223,295.0,1.6,1.0,4,3.2,4
2.0,0.25,2.0,Montana,62.0,62,62,62.0,22.6,23.0,24,0.0,0.0,80.0,80.0,92.6,93.0,209.2,141.0,2.1,2.0,4,3.2,4
ALL,ALL,ALL,Illinois,62.19166666666667,48,112,57.0,48.80277777777778,51.0,62,0.08333333333333333,4.0,68.98611111111111,61.0,73.35555555555555,72.0,85.88333333333334,66.0,13.377777777777778,14.0,22,7.894444444444445,17
2.0,0.25,1.0,Maryland,62.2,55,71,63.0,13.4,13.5,15,0.0,0.0,69.6,71.0,73.9,76.0,67.5,66.0,27.1,27.0,32,2.5,4
0.5,0.1,2.0,Pennsylvania,62.3,47,68,68.0,48.7,49.0,51,0.2,2.0,69.6,69.0,71.5,72.0,64.6,69.0,35.8,37.0,39,8.7,11
0.5,0.05,2.0,Indiana,62.5,58,64,64.0,53.5,53.0,59,0.0,0.0,64.7,65.0,67.5,69.0,89.0,93.0,21.4,20.5,25,14.2,18
0.5,0.01,2.0,Oregon,62.6,53,68,64.0,8.8,9.0,11,0.0,0.0,106.2,96.0,146.8,148.5,242.7,235.0,2.9,2.5,5,2.8,4
2.0,0.1,2.0,Pennsylvania,62.6,50,68,68.0,49.9,49.5,54,0.4,2.0,69.2,69.0,72.3,72.5,60.7,69.0,33.2,33.5,36,7.6,11
1.0,0.1,2.0,Pennsylvania,62.6,50,68,68.0,48.9,49.5,52,0.2,1.0,69.5,69.0,72.6,73.5,64.8,69.0,33.3,33.5,41,8.5,12
0.5,0.01,0.5,South Dakota,62.7,48,84,58.5,20.7,21.0,24,0.2,1.0,72.7,70.0,79.7,85.5,82.2,86.0,5.6,6.0,9,0.6,1
0.5,0.01,1.0,South Dakota,62.7,41,95,56.0,28.2,28.5,33,0.1,1.0,77.8,82.5,85.1,88.5,84.9,84.5,5.9,6.0,8,1.2,3
2.0,0.05,1.0,North Dakota,62.7,48,69,62.0,16.6,16.5,19,0.0,0.0,72.6,71.0,84.4,87.0,54.4,28.0,15.3,15.0,18,4.8,6
1.0,0.05,2.0,North Dakota,62.7,62,69,62.0,15.1,15.0,17,0.0,0.0,71.0,69.0,83.1,86.5,54.6,47.0,16.0,16.5,20,4.9,8
1.0,0.01,0.5,Colorado,62.7,33,84,63.0,15.0,14.5,18,2.2,7.0,79.7,82.0,90.4,94.0,28.0,28.0,29.7,29.0,34,9.0,13
2.0,0.01,1.0,Colorado,62.7,44,78,63.0,18.7,19.0,21,1.4,8.0,78.3,76.5,87.2,90.0,28.0,28.0,41.3,39.5,52,10.8,14
1.0,0.01,2.0,Colorado,62.8,41,78,66.0,19.0,19.0,24,0.7,3.0,73.3,72.0,81.7,81.0,28.0,28.0,39.4,39.5,46,11.4,15
2.0,0.01,0.5,Washington,62.9,46,96,62.0,12.3,12.0,18,0.3,2.0,76.4,71.0,85.6,82.5,98.8,116.0,9.6,8.5,19,11.9,16
0.5,0.25,2.0,Maryland,63.0,55,71,63.0,13.3,13.0,15,0.2,1.0,70.6,71.0,74.8,76.0,69.3,71.0,25.6,25.0,38,1.2,2
1.0,0.01,2.0,Utah,63.0,53,109,55.0,12.2,12.0,15,0.1,1.0,82.0,69.5,104.5,109.0,60.9,50.0,11.5,12.0,15,2.3,4
1.0,0.05,0.5,Georgia,63.0,59,89,59.0,36.4,37.5,39,0.0,0.0,75.7,72.0,82.1,81.5,101.4,86.0,4.9,5.0,8,5.1,8
2.0,0.01,1.0,South Dakota,63.1,51,88,56.0,38.1,38.5,40,0.3,2.0,76.3,81.0,84.9,87.5,81.9,93.0,11.0,11.0,15,2.8,5
0.5,0.05,0.5,Pennsylvania,63.1,37,68,68.0,42.6,42.0,48,0.2,1.0,71.4,70.0,75.9,75.0,67.6,69.0,26.6,26.5,32,6.8,10
0.5,0.05,2.0,Illinois,63.1,57,79,59.0,51.4,50.5,56,0.0,0.0,71.0,74.0,74.4,74.5,73.9,76.0,13.4,14.0,16,8.1,9
0.5,0.1,1.0,Massachusetts,63.2,36,89,56.0,8.2,8.0,9,0.0,0.0,87.1,90.0,95.6,93.0,243.0,243.0,1.0,1.0,1,0.0,0
0.5,0.01,0.5,Colorado,63.3,41,90,60.5,12.4,13.0,14,1.8,7.0,77.1,78.5,86.3,87.0,34.1,28.0,21.2,21.0,25,6.9,10
0.5,0.05,0.5,North Dakota,63.4,48,69,62.0,10.5,10.0,12,0.0,0.0,70.6,69.0,80.3,86.5,61.0,53.0,5.2,5.0,8,2.2,4
1.0,0.05,2.0,Pennsylvania,63.6,50,68,68.0,46.9,47.0,50,1.0,2.0,73.7,75.0,80.3,75.0,65.6,69.0,31.6,32.0,36,9.4,13
0.5,0.1,1.0,Missouri,63.6,54,66,66.0,56.5,56.0,61,0.0,0.0,83.8,92.0,89.4,92.0,49.9,28.0,6.4,6.5,8,10.7,15
2.0,0.1,0.5,Missouri,63.6,54,66,66.0,69.5,70.0,75,0.0,0.0,77.0,73.0,88.1,92.0,49.6,28.0,9.6,10.0,12,11.6,16
0.5,0.1,2.0,Missouri,63.6,54,66,66.0,65.1,65.0,69,0.0,0.0,78.3,79.0,89.0,92.0,66.7,57.0,7.6,7.0,11,12.0,16
1.0,0.1,1.0,Missouri,63.6,54,66,66.0,65.1,65.5,68,0.0,0.0,76.9,72.5,87.7,92.0,56.6,28.0,10.4,10.0,14,12.4,15
2.0,0.25,2.0,Missouri,63.6,54,66,66.0,74.6,74.5,77,0.0,0.0,66.0,66.0,77.1,79.0,28.0,28.0,12.9,13.0,15,14.0,17
0.5,0.01,0.5,Utah,63.7,49,109,55.5,7.9,8.0,10,0.0,0.0,76.8,69.5,105.2,109.0,80.9,72.0,5.7,5.0,12,1.4,3
0.5,0.05,0.5,Illinois,63.7,56,75,60.0,38.9,38.5,42,0.3,1.0,71.1,73.5,76.2,75.0,84.4,94.0,5.4,5.5,9,5.1,8
1.0,0.1,0.5,Montana,63.8,62,80,62.0,15.9,16.0,17,0.1,1.0,83.9,80.0,93.8,93.0,137.88888888888889,153.0,1.1,1.0,2,1.0,1
1.0,0.25,0.5,Maryland,63.8,55,71,63.0,13.3,13.5,15,0.0,0.0,69.8,71.0,73.8,76.0,70.2,67.5,22.6,22.0,27,1.6,3
1.0,0.25,2.0,Maryland,63.8,55,71,63.0,13.4,13.5,15,0.1,1.0,71.7,71.0,75.6,76.0,70.0,69.0,25.3,24.5,31,2.7,4
2.0,0.1,2.0,Montana,63.8,62,80,62.0,21.0,21.0,23,0.1,1.0,83.9,80.0,93.9,93.0,152.5,130.5,2.9,2.5,6,3.4,4
1.0,0.05,2.0,Georgia,63.8,59,84,59.0,50.8,51.0,53,0.0,0.0,77.4,75.5,83.9,88.0,42.3,28.0,6.3,6.0,8,7.5,11
ALL,ALL,ALL,Vermont,63.96944444444444,55,155,59.0,10.830555555555556,11.0,14,0.07222222222222222,4.0,70.45833333333333,59.0,80.1138888888889,67.0,40.733333333333334,28.0,15.655555555555555,17.0,25,2.8722222222222222,6
0.5,0.05,2.0,North Dakota,64.1,62,69,62.0,14.5,14.0,16,0.0,0.0,71.4,69.0,85.6,86.0,51.0,28.0,11.3,11.5,14,4.1,6
2.0,0.01,2.0,South Dakota,64.2,54,95,60.0,37.8,38.5,41,0.2,1.0,70.3,65.0,74.1,68.0,61.4,48.5,11.5,11.5,21,3.5,5
2.0,0.05,1.0,Pennsylvania,64.4,50,68,68.0,49.3,49.0,54,0.5,2.0,73.1,75.0,77.4,75.0,66.3,69.0,29.6,29.5,33,7.1,9
1.0,0.05,1.0,Pennsylvania,64.4,50,68,68.0,49.3,49.5,52,0.4,1.0,72.3,73.5,76.1,75.0,63.5,69.0,31.6,31.0,38,7.2,10
0.5,0.05,2.0,Pennsylvania,64.4,50,68,68.0,47.8,48.0,49,0.7,2.0,73.1,75.0,76.4,75.0,66.2,69.0,32.6,32.5,40,8.1,10
1.0,0.01,1.0,Colorado,64.4,51,80,63.0,17.2,17.5,19,1.8,6.0,76.8,77.0,84.8,84.0,28.0,28.0,34.5,34.0,41,10.9,14
1.0,0.25,2.0,Delaware,64.5,64,65,64.5,3.0,3.0,3,0.0,0.0,81.3,80.0,140.0,140.0,175.7,194.0,2.4,2.0,4,0.0,0
2.0,0.25,2.0,Delaware,64.5,64,65,64.5,3.0,3.0,3,0.0,0.0,89.6,80.0,161.7,140.0,178.3,194.0,1.9,2.0,3,0.0,0
1.0,0.25,0.5,Delaware,64.6,64,65,65.0,3.0,3.0,3,0.0,0.0,83.6,80.0,140.0,140.0,185.1,194.0,2.1,2.0,3,0.0,0
2.0,0.25,1.0,Delaware,64.6,64,65,65.0,3.0,3.0,3,0.0,0.0,86.0,86.0,140.0,140.0,165.8,194.0,2.6,2.5,5,0.0,0
1.0,0.25,1.0,Delaware,64.6,64,65,65.0,3.0,3.0,3,0.0,0.0,84.8,80.0,140.0,140.0,184.0,194.0,2.1,2.0,4,0.0,0
2.0,0.25,0.5,Delaware,64.6,64,65,65.0,3.0,3.0,3,0.0,0.0,87.2,92.0,140.0,140.0,165.8,194.0,2.1,2.0,3,0.0,0
0.5,0.25,1.0,Maryland,64.6,55,71,63.0,13.0,13.0,15,0.2,1.0,72.2,71.0,76.2,76.0,71.0,73.5,22.6,21.0,33,0.4,2
0.5,0.25,0.5,Maryland,64.6,55,71,63.0,11.5,11.0,13,0.1,1.0,72.1,71.0,76.4,76.0,71.3,69.0,12.8,12.5,15,0.4,1
0.5,0.25,1.0,Delaware,64.7,64,65,65.0,3.0,3.0,3,0.0,0.0,86.0,86.0,140.0,140.0,156.4,194.0,2.2,2.0,3,0.0,0
0.5,0.25,2.0,Delaware,64.7,64,65,65.0,3.0,3.0,3,0.0,0.0,86.0,86.0,140.0,140.0,184.6,194.0,2.0,2.0,3,0.0,0
1.0,0.01,0.5,California,64.7,42,124,50.0,3.4,3.0,8,12.3,21.0,87.5,85.0,161.71428571428572,126.0,38.2,28.0,62.6,64.0,77,32.1,34
0.5,0.1,0.5,Missouri,64.8,54,66,66.0,44.3,45.0,48,0.0,0.0,75.1,66.0,86.7,92.0,28.0,28.0,4.6,4.5,7,11.6,15
1.0,0.05,1.0,Missouri,64.8,54,66,66.0,61.0,61.5,69,0.0,0.0,86.0,92.0,91.6,92.0,95.2,99.5,8.9,8.5,13,11.9,18
1.0,0.1,2.0,Missouri,64.8,54,66,66.0,69.4,70.0,73,0.0,0.0,70.2,66.0,85.7,90.0,45.0,28.0,9.6,9.0,13,13.7,18
2.0,0.1,1.0,Missouri,64.8,54,66,66.0,69.5,69.5,74,0.0,0.0,71.9,66.0,87.6,88.0,42.3,28.0,11.2,11.0,14,14.0,18
2.0,0.1,2.0,Missouri,64.8,54,66,66.0,70.0,69.5,74,0.0,0.0,75.6,66.0,88.4,92.0,69.0,91.5,12.7,12.5,15,14.0,17
2.0,0.01,0.5,Pennsylvania,65.1,47,68,68.0,43.0,43.0,47,0.4,2.0,92.9,96.0,101.2,102.5,68.6,69.0,24.9,24.5,34,8.3,11
2.0,0.05,0.5,Pennsylvania,65.1,47,68,68.0,47.9,47.5,50,1.5,2.0,72.5,75.0,73.9,75.0,58.8,69.0,29.0,29.0,35,9.1,12
0.5,0.01,0.5,Indiana,65.3,49,95,64.5,29.1,29.0,33,0.0,0.0,73.3,69.0,87.4,86.0,61.8,28.0,12.3,13.5,16,7.6,12
0.5,0.05,1.0,Pennsylvania,65.4,50,68,68.0,44.7,44.5,49,0.7,3.0,72.7,75.0,75.0,75.0,68.4,69.0,31.1,30.0,40,9.0,15
2.0,0.05,2.0,Pennsylvania,65.4,50,68,68.0,47.5,47.5,51,1.0,2.0,73.7,75.0,76.1,75.0,64.3,69.0,31.3,30.0,40,9.0,12
0.5,0.05,1.0,Illinois,65.5,56,74,67.5,44.0,44.5,46,0.1,1.0,70.1,72.5,74.3,74.0,77.7,76.5,11.1,12.0,15,7.6,9
0.5,0.05,0.5,Montana,65.6,62,80,62.0,10.9,11.5,12,0.2,1.0,85.1,80.0,94.8,96.0,96.4,96.0,2.5,2.0,4,1.0,1
0.5,0.1,1.0,Montana,65.6,62,80,62.0,15.3,16.0,17,0.2,1.0,87.6,92.0,94.7,96.0,112.2,114.0,2.0,2.0,4,1.0,1
0.5,0.1,0.5,Montana,65.6,62,80,62.0,12.0,12.0,13,0.2,1.0,83.8,80.0,93.6,93.0,109.6,108.0,1.9,2.0,3,1.0,1
1.0,0.01,1.0,Idaho,65.6,50,110,63.0,8.7,8.5,13,2.3,10.0,74.3,69.5,106.1,86.0,36.6,28.0,31.2,30.0,37,15.1,20
ALL,ALL,ALL,North Dakota,65.64166666666667,48,133,62.0,13.83611111111111,14.0,20,0.025,1.0,77.29722222222222,69.0,87.23611111111111,71.0,57.00555555555555,28.0,12.133333333333333,12.0,25,4.766666666666667,10
0.5,0.01,0.5,Vermont,65.8,59,127,59.0,8.6,8.5,12,0.4,2.0,95.6,92.5,122.7,125.5,67.8,63.5,6.7,6.0,12,3.0,4
1.0,0.01,2.0,Florida,65.8,41,75,69.0,10.1,10.0,12,1.1,8.0,90.5,75.0,113.1,100.5,38.5,28.0,28.9,28.0,34,22.6,26
1.0,0.1,2.0,Massachusetts,65.9,56,89,56.0,8.2,8.0,9,0.0,0.0,90.3,89.0,96.3,91.5,223.625,243.0,1.25,1.0,2,0.0,0
1.0,0.1,0.5,Missouri,66.0,66,66,66.0,60.7,61.0,65,0.0,0.0,77.7,79.0,88.7,92.0,35.3,28.0,8.2,9.0,12,10.6,14
2.0,0.05,0.5,Missouri,66.0,66,66,66.0,63.4,64.0,66,0.0,0.0,85.2,88.0,92.0,92.0,56.9,28.0,8.0,7.5,11,12.4,15
0.5,0.01,2.0,Indiana,66.1,49,87,65.0,44.2,44.0,48,0.0,0.0,81.9,83.5,92.8,95.0,70.9,62.5,17.1,17.0,21,11.0,15
1.0,0.01,2.0,Washington,66.1,34,96,72.0,12.6,13.0,17,0.5,2.0,76.9,75.0,88.2,94.5,83.6,94.0,11.4,12.0,14,13.5,16
0.5,0.05,2.0,Nevada,66.2,61,69,69.0,5.0,5.0,5,0.0,0.0,73.8,74.0,89.0,89.0,217.0,217.0,1.0,1.0,1,0.0,0
1.0,0.25,1.0,Maryland,66.2,55,71,67.0,14.1,14.0,16,0.0,0.0,71.9,73.5,76.5,77.5,72.4,75.0,24.2,25.0,27,1.3,2
1.0,0.1,1.0,Maryland,66.2,55,71,71.0,13.5,14.0,15,0.1,1.0,73.2,76.0,79.7,79.0,72.2,78.0,22.2,22.0,31,1.5,3
2.0,0.01,0.5,Indiana,66.2,64,69,65.0,46.5,46.5,50,0.0,0.0,73.5,69.0,86.5,87.0,88.6,111.0,18.1,18.5,26,13.8,17
2.0,0.01,1.0,Florida,66.2,41,75,69.0,11.4,12.0,15,1.2,5.0,88.8,76.0,109.1,121.0,37.8,28.0,32.1,32.5,37,21.7,25
2.0,0.01,2.0,Florida,66.2,41,86,69.0,9.4,9.5,13,1.8,5.0,88.4,75.0,104.5,100.0,38.5,28.0,33.6,32.0,39,24.7,27
1.0,0.01,1.0,Florida,66.4,62,75,67.0,9.2,9.5,12,1.0,3.0,84.8,75.0,119.7,121.0,45.4,28.0,24.9,23.5,34,22.6,26
2.0,0.01,1.0,Washington,66.5,46,109,66.5,11.4,11.5,15,0.1,1.0,79.7,75.0,90.4,95.0,113.2,118.0,11.9,12.5,16,13.3,16
0.5,0.01,2.0,Vermont,66.7,59,122,59.0,10.9,11.0,13,0.0,0.0,88.3,81.0,110.4,117.0,90.5,102.5,9.7,10.5,12,2.4,3
2.0,0.01,1.0,Idaho,66.7,50,99,63.0,8.6,8.5,11,1.8,7.0,73.3,67.5,90.7,79.5,47.3,28.0,33.2,33.0,46,15.2,18
0.5,0.05,2.0,Montana,66.9,62,93,62.0,17.2,17.0,19,0.1,1.0,89.4,93.0,95.2,96.0,127.6,111.0,1.8,2.0,3,1.2,2
1.0,0.05,2.0,Montana,66.9,62,93,62.0,18.1,18.0,19,0.1,1.0,87.2,86.5,95.5,96.0,100.3,102.5,2.8,2.5,5,3.1,4
0.5,0.25,1.0,Mississippi,67.0,67,67,67.0,4.2,4.0,5,0.0,0.0,70.1,69.0,160.1,169.0,79.0,79.0,1.0,1.0,1,0.0,0
1.0,0.25,0.5,Mississippi,67.0,67,67,67.0,4.5,4.0,7,0.0,0.0,100.4,72.5,163.6,169.0,79.0,79.0,1.0,1.0,1,0.0,0
1.0,0.25,2.0,Mississippi,67.0,67,67,67.0,10.7,11.0,12,0.0,0.0,90.8,69.0,143.7,169.0,112.71428571428571,79.0,1.2857142857142858,1.0,2,0.0,0
0.5,0.05,1.0,Mississippi,67.0,67,67,67.0,2.8,3.0,4,0.0,0.0,139.7,169.0,199.0,186.0,,,0.0,0.0,0,0.0,0
2.0,0.25,1.0,Mississippi,67.0,67,67,67.0,10.6,10.5,12,0.0,0.0,109.7,72.5,155.6,169.0,228.22222222222223,79.0,1.6666666666666667,2.0,2,0.0,0
0.5,0.25,2.0,Mississippi,67.0,67,67,67.0,7.9,8.0,9,0.0,0.0,69.7,69.0,104.3,76.0,79.0,79.0,1.0,1.0,1,0.0,0
0.5,0.05,0.5,Mississippi,67.0,67,67,67.0,1.8888888888888888,2.0,2,0.0,0.0,169.0,169.0,,,,,0.0,0.0,0,0.0,0
0.5,0.25,0.5,Mississippi,67.0,67,67,67.0,2.8,3.0,3,0.0,0.0,89.0,69.0,169.0,169.0,79.0,79.0,1.0,1.0,1,0.0,0
1.0,0.25,1.0,Mississippi,67.0,67,67,67.0,7.2,7.0,9,0.0,0.0,83.6,76.0,151.7,169.0,79.0,79.0,1.0,1.0,1,0.0,0
2.0,0.25,2.0,Mississippi,67.0,67,67,67.0,11.1,10.5,14,0.0,0.0,89.7,69.0,143.7,169.0,176.4,79.0,2.1,2.0,3,0.0,0
2.0,0.25,0.5,Mississippi,67.0,67,67,67.0,8.2,8.5,10,0.0,0.0,80.4,69.0,124.6,124.5,79.0,79.0,1.2857142857142858,1.0,2,0.0,0
2.0,0.1,1.0,Mississippi,67.0,67,67,67.0,9.0,9.0,11,0.0,0.0,129.7,169.0,176.8,182.0,313.0,343.5,1.625,1.5,3,0.0,0
1.0,0.1,0.5,Mississippi,67.0,67,67,67.0,4.1,4.0,5,0.0,0.0,119.7,122.5,175.5,175.5,79.0,79.0,1.0,1.0,1,0.0,0
0.5,0.1,1.0,Mississippi,67.0,67,67,67.0,2.8,3.0,4,0.0,0.0,109.7,72.5,177.71428571428572,169.0,79.0,79.0,1.0,1.0,1,0.0,0
2.0,0.1,0.5,Mississippi,67.0,67,67,67.0,6.8,7.0,9,0.0,0.0,129.0,169.0,167.5,182.0,176.66666666666666,79.0,1.1666666666666667,1.0,2,0.0,0
0.5,0.1,2.0,Mississippi,67.0,67,67,67.0,6.4,6.0,8,0.0,0.0,99.7,69.0,145.0,169.0,176.66666666666666,79.0,1.0,1.0,1,0.0,0
0.5,0.1,0.5,Mississippi,67.0,67,67,67.0,2.6,2.5,4,0.0,0.0,119.0,119.0,150.4,169.0,79.0,79.0,1.0,1.0,1,0.0,0
2.0,0.01,0.5,South Dakota,67.0,54,95,59.5,36.4,36.0,40,0.0,0.0,74.7,70.0,80.8,85.0,66.3,63.0,10.4,10.5,15,3.6,5
2.0,0.01,0.5,Utah,67.1,49,109,63.0,12.4,13.0,14,0.0,0.0,89.2,85.0,108.6,103.5,87.2,72.0,11.5,12.0,17,2.2,4
1.0,0.05,0.5,Mississippi,67.2,67,69,67.0,3.4,3.5,4,0.0,0.0,150.3,169.0,179.11111111111111,182.0,79.0,79.0,1.0,1.0,1,0.0,0
1.0,0.1,2.0,Mississippi,67.2,67,69,67.0,9.1,9.0,11,0.0,0.0,99.7,69.0,163.6,169.0,139.75,79.0,1.125,1.0,2,0.0,0
2.0,0.1,2.0,Mississippi,67.2,67,69,67.0,8.7,9.0,10,0.0,0.0,110.4,76.0,174.2,169.0,246.875,197.0,2.0,2.0,3,0.0,0
1.0,0.1,1.0,Mississippi,67.2,67,69,67.0,6.4,6.5,7,0.0,0.0,111.1,76.0,174.2,169.0,152.25,79.0,1.25,1.0,2,0.0,0
2.0,0.05,0.5,Montana,67.2,62,96,62.0,17.7,18.0,19,0.1,1.0,88.5,93.0,95.4,96.0,129.88888888888889,131.0,2.0,2.0,4,2.5,3
0.5,0.25,0.5,Delaware,67.4,64,92,65.0,3.0,3.0,3,0.0,0.0,88.2,92.0,140.0,140.0,100.0,100.0,1.0,1.0,1,0.0,0
1.0,0.01,1.0,Indiana,67.4,64,75,67.0,43.8,42.5,51,0.0,0.0,79.2,77.5,89.3,89.0,93.7,107.0,17.1,15.0,26,12.2,15
1.0,0.01,0.5,Utah,67.5,55,109,68.0,10.2,10.0,12,0.0,0.0,92.5,109.0,109.2,118.0,89.2,67.5,9.4,8.0,13,1.7,3
1.0,0.01,2.0,South Dakota,67.7,48,85,69.0,38.4,38.0,44,0.2,1.0,80.8,80.5,85.0,86.0,51.1,28.0,8.1,8.0,10,2.8,4
1.0,0.01,0.5,South Dakota,67.8,56,90,63.0,31.5,32.5,38,0.4,1.0,77.4,73.5,83.4,83.0,66.5,60.5,6.4,6.0,10,2.6,4
1.0,0.01,2.0,New York,67.8,55,88,55.0,10.8,10.5,14,1.1,7.0,87.5,88.0,91.0,88.5,28.0,28.0,167.6,168.0,176,38.0,41
1.0,0.01,0.5,Washington,67.9,46,109,68.0,10.0,10.0,13,0.2,1.0,80.7,82.5,91.0,90.0,112.9,114.0,8.4,8.0,11,10.7,14
2.0,0.01,0.5,New York,67.9,55,88,55.0,11.8,12.5,15,2.3,8.0,90.0,88.5,105.3,97.5,28.0,28.0,160.5,158.0,184,36.7,43
2.0,0.01,1.0,New York,67.9,55,88,55.0,11.1,10.5,17,2.7,10.0,95.3,88.5,99.9,96.0,28.0,28.0,170.9,169.0,190,37.1,42
2.0,0.01,1.0,Pennsylvania,68.0,68,68,68.0,43.7,44.0,47,0.4,1.0,95.3,98.0,101.3,102.5,72.7,69.0,26.4,26.0,35,7.9,11
2.0,0.05,2.0,Montana,68.2,62,93,62.0,18.6,19.0,21,0.0,0.0,91.0,93.0,95.7,96.0,153.5,133.5,3.5,3.5,6,3.1,4
ALL,ALL,ALL,Georgia,68.2388888888889,59,133,59.0,41.24722222222222,43.0,60,0.002777777777777778,1.0,81.35277777777777,69.0,88.06388888888888,72.0,81.91304347826087,70.0,5.841359773371105,6.0,13,6.083333333333333,15
0.5,0.1,2.0,Maryland,68.3,55,76,71.0,12.6,13.0,14,0.0,0.0,74.0,76.0,81.8,79.0,76.7,78.0,20.7,20.5,29,1.2,2
0.5,0.1,0.5,Maryland,68.6,55,71,71.0,11.3,11.0,13,0.0,0.0,75.3,76.0,81.1,79.0,76.1,78.0,11.6,11.5,16,0.4,1
1.0,0.1,0.5,Maryland,68.6,55,71,71.0,12.6,13.0,14,0.0,0.0,74.2,76.0,81.1,79.0,75.8,78.0,18.4,18.5,23,0.9,2
2.0,0.1,0.5,Montana,68.6,62,92,62.0,19.4,19.5,22,0.2,1.0,84.2,80.0,94.1,93.0,121.75,108.0,1.9,1.5,4,2.6,3
0.5,0.05,0.5,Missouri,68.6,66,92,66.0,38.6,38.0,43,0.0,0.0,90.8,92.0,92.4,92.0,52.0,28.0,3.4,3.0,7,8.8,12
0.5,0.05,1.0,Missouri,68.6,66,92,66.0,48.9,49.0,52,0.0,0.0,89.4,92.0,92.1,92.0,84.6,63.0,5.0,5.0,7,10.5,14
0.5,0.05,2.0,Missouri,68.6,66,92,66.0,58.6,59.0,62,0.0,0.0,85.8,92.0,92.2,92.0,89.2,101.0,6.0,6.0,9,11.8,15
2.0,0.05,1.0,Missouri,68.6,66,92,66.0,65.8,66.0,69,0.0,0.0,88.4,92.0,92.2,92.0,63.0,57.0,11.0,11.0,15,13.0,17
1.0,0.05,2.0,Missouri,68.6,66,92,66.0,65.3,65.5,71,0.0,0.0,88.1,92.0,92.2,92.0,75.7,98.0,10.7,10.5,15,13.7,19
2.0,0.1,1.0,Montana,68.7,62,93,62.0,21.2,21.0,23,0.2,1.0,88.1,93.0,94.8,96.0,106.5,108.0,2.2,2.5,5,2.9,4
0.5,0.01,2.0,Pennsylvania,68.7,68,75,68.0,41.8,41.5,47,0.5,1.0,92.0,93.5,103.9,100.5,75.4,70.0,25.0,25.5,34,7.3,10
1.0,0.1,2.0,Montana,69.2,62,80,62.0,21.4,21.5,24,0.4,1.0,85.1,80.0,94.2,93.0,134.3,107.0,2.8,3.0,4,2.4,3
2.0,0.01,2.0,Indiana,69.3,49,95,68.0,48.5,48.0,54,0.0,0.0,81.5,85.0,89.9,93.0,59.1,28.0,22.0,22.0,29,12.7,16
0.5,0.1,1.0,Maryland,69.4,63,71,71.0,12.4,12.0,14,0.0,0.0,75.0,76.0,82.4,79.0,76.0,78.0,18.1,17.5,23,0.4,1
2.0,0.1,0.5,Maryland,69.4,55,71,71.0,13.6,13.0,15,0.0,0.0,74.7,76.0,80.2,79.0,76.4,78.0,19.9,20.0,25,1.2,2
2.0,0.01,1.0,Utah,69.7,49,109,56.0,12.6,12.0,16,0.0,0.0,87.3,88.5,108.2,113.5,79.3,63.0,11.8,12.0,17,2.3,5
1.0,0.25,0.5,Virginia,69.7,60,74,74.0,29.8,29.5,35,0.0,0.0,79.6,82.0,90.4,94.0,77.0,77.0,8.5,8.0,13,5.9,8
2.0,0.25,0.5,Virginia,69.8,60,74,74.0,35.2,35.5,37,0.0,0.0,80.8,82.0,90.4,92.0,62.3,77.0,9.8,10.0,12,5.4,7
2.0,0.05,0.5,Maryland,69.9,55,76,71.0,12.4,12.5,14,0.0,0.0,78.9,76.0,88.5,87.0,87.6,78.0,17.8,17.5,25,1.5,3
0.5,0.01,1.0,Pennsylvania,69.9,68,87,68.0,37.6,37.5,40,0.3,1.0,94.2,97.5,101.3,103.0,75.6,71.0,21.2,20.5,28,7.3,13
1.0,0.01,2.0,Indiana,69.9,49,101,67.0,46.1,46.0,49,0.0,0.0,87.8,91.0,91.6,92.0,81.5,108.5,18.9,19.0,25,14.2,16
0.5,0.25,1.0,Connecticut,70.0,70,70,70.0,6.9,7.0,7,0.0,0.0,92.7,92.0,95.6,95.0,123.0,114.0,1.6666666666666667,2.0,2,0.0,0
1.0,0.25,0.5,Connecticut,70.0,70,70,70.0,6.9,7.0,7,0.0,0.0,91.8,91.0,95.2,95.0,130.4,114.0,1.2,1.0,2,0.0,0
0.5,0.25,0.5,Connecticut,70.0,70,70,70.0,7.0,7.0,7,0.0,0.0,92.6,91.0,96.0,95.0,127.5,114.0,1.3333333333333333,1.0,2,0.0,0
1.0,0.25,2.0,Connecticut,70.0,70,70,70.0,6.9,7.0,7,0.0,0.0,91.8,91.0,95.4,95.0,185.4,114.0,1.4,1.0,2,0.1,1
1.0,0.25,1.0,Connecticut,70.0,70,70,70.0,6.9,7.0,7,0.0,0.0,94.1,95.0,97.4,98.0,133.85714285714286,114.0,1.4285714285714286,1.0,2,0.1,1
2.0,0.25,2.0,Connecticut,70.0,70,70,70.0,6.9,7.0,7,0.0,0.0,92.2,91.0,95.2,95.0,180.0,114.0,1.875,2.0,3,0.1,1
2.0,0.25,1.0,Connecticut,70.0,70,70,70.0,6.8,7.0,7,0.0,0.0,92.4,91.0,95.6,95.0,247.6,196.0,1.3333333333333333,1.0,3,0.2,1
0.5,0.05,1.0,Montana,70.0,62,93,62.0,14.2,14.0,16,0.1,1.0,87.4,86.5,95.1,96.0,108.7,114.0,2.6,3.0,3,0.9,1
1.0,0.05,0.5,Missouri,70.0,54,92,66.0,53.4,52.5,60,0.0,0.0,84.2,92.0,91.0,92.0,57.2,28.0,5.6,5.0,8,10.4,14
0.5,0.01,1.0,Kentucky,70.1,49,97,63.0,21.4,21.5,25,0.0,0.0,95.7,97.0,110.2,106.0,145.1,142.5,5.8,6.0,9,2.4,4
2.0,0.05,1.0,Maryland,70.2,63,71,71.0,11.2,11.0,14,0.0,0.0,78.6,76.0,88.0,87.0,76.8,78.0,19.6,19.5,23,2.9,4
0.5,0.01,2.0,New York,70.2,55,96,66.5,11.7,11.5,16,0.9,4.0,90.8,88.0,96.6,93.0,28.0,28.0,158.7,156.5,192,36.9,42
2.0,0.05,1.0,Montana,70.3,62,96,62.0,18.4,18.5,21,0.1,1.0,87.4,86.0,95.2,96.0,127.0,108.0,3.5,3.5,6,3.3,4
2.0,0.01,2.0,Pennsylvania,70.4,68,92,68.0,43.8,43.5,48,0.5,2.0,89.1,90.0,97.1,100.0,75.5,69.0,24.0,24.0,29,7.7,13
1.0,0.01,0.5,Pennsylvania,70.9,68,97,68.0,38.3,37.5,42,0.2,1.0,92.1,95.0,99.8,102.0,76.4,71.0,20.1,19.5,25,7.7,10
2.0,0.1,1.0,Maryland,71.0,71,71,71.0,13.1,13.0,14,0.0,0.0,76.0,76.0,85.6,81.0,78.0,78.0,20.1,20.0,27,2.0,2
1.0,0.1,2.0,Maryland,71.0,71,71,71.0,12.9,13.0,14,0.0,0.0,76.0,76.0,81.8,79.0,78.0,78.0,21.2,21.0,28,2.1,3
2.0,0.1,2.0,Maryland,71.0,71,71,71.0,13.1,13.0,15,0.0,0.0,76.0,76.0,82.8,79.0,78.0,78.0,21.1,22.0,27,2.1,3
1.0,0.05,2.0,Maryland,71.0,71,71,71.0,12.1,12.0,13,0.0,0.0,77.0,76.0,93.2,95.5,80.2,78.0,19.3,20.0,22,2.3,3
0.5,0.01,2.0,Ohio,71.1,43,92,74.5,51.1,51.0,53,0.2,1.0,89.4,91.5,93.4,93.0,91.7,108.5,18.9,19.0,24,11.2,15
2.0,0.05,0.5,Massachusetts,71.2,36,93,72.5,8.2,8.0,9,0.0,0.0,99.0,94.5,110.2,112.0,208.85714285714286,218.0,1.7142857142857142,2.0,2,0.0,0
2.0,0.25,2.0,Virginia,71.2,60,74,74.0,38.0,38.5,41,0.0,0.0,80.4,82.0,91.6,90.0,72.1,77.0,8.1,8.5,10,5.8,8
2.0,0.05,2.0,Missouri,71.2,66,92,66.0,65.8,65.5,68,0.0,0.0,85.8,92.0,92.0,92.0,86.8,101.0,10.1,10.0,13,13.3,16
0.5,0.01,1.0,Florida,71.2,62,86,69.0,9.4,9.5,11,0.2,1.0,94.1,82.0,111.3,116.5,61.9,28.0,15.2,15.0,21,19.7,24
1.0,0.01,0.5,Indiana,71.4,64,95,65.0,36.9,36.5,43,0.1,1.0,81.3,82.0,89.2,93.0,77.9,102.0,15.0,14.5,18,10.8,14
ALL,ALL,ALL,Missouri,71.41666666666667,54,96,66.0,56.455555555555556,62.0,77,0.0,0.0,82.07777777777778,88.0,89.72777777777777,92.0,75.0112676056338,28.0,7.4,7.0,15,10.491666666666667,19
1.0,0.05,0.5,Maryland,71.5,71,76,71.0,10.8,11.0,13,0.0,0.0,77.9,76.0,86.4,85.0,80.5,78.0,15.2,14.5,20,1.2,2
1.0,0.05,1.0,Maryland,71.5,71,76,71.0,12.7,12.5,14,0.0,0.0,80.1,76.0,90.0,91.0,81.1,78.0,17.5,17.0,21,1.3,2
0.5,0.05,2.0,Maryland,71.5,71,76,71.0,11.9,12.0,13,0.0,0.0,80.7,76.0,90.6,96.0,80.2,78.0,17.6,17.5,21,1.6,3
2.0,0.05,2.0,Maryland,71.5,71,76,71.0,12.3,12.5,14,0.0,0.0,77.9,76.0,93.5,95.5,79.8,78.0,19.8,20.0,25,2.5,4
0.5,0.01,0.5,Florida,71.5,41,129,68.0,7.0,7.0,9,1.4,5.0,95.3,75.5,116.5,106.5,61.7,28.0,12.6,12.0,17,15.6,22
0.5,0.01,0.5,New York,71.7,55,96,70.0,8.9,8.5,14,1.4,7.0,92.4,89.0,99.6,96.0,28.0,28.0,113.0,109.5,137,31.8,37
1.0,0.01,0.5,New York,71.8,55,88,78.0,11.2,12.0,14,0.4,2.0,87.0,88.0,97.8,89.5,28.0,28.0,144.1,142.0,168,34.6,40
0.5,0.25,2.0,Connecticut,71.9,70,89,70.0,7.0,7.0,7,0.0,0.0,94.0,95.0,96.9,98.0,114.0,114.0,1.2,1.0,2,0.0,0
0.5,0.25,1.0,New Jersey,72.0,72,72,72.0,7.1,7.0,8,0.0,0.0,93.3,93.5,101.4,96.0,76.0,76.0,3.6,3.5,5,0.0,0
1.0,0.25,0.5,New Jersey,72.0,72,72,72.0,7.9,8.0,8,0.0,0.0,92.7,94.0,98.4,96.0,76.0,76.0,3.1,3.0,4,0.0,0
1.0,0.05,0.5,New Jersey,72.0,72,72,72.0,6.0,6.0,7,0.0,0.0,118.0,111.5,148.9,150.5,76.0,76.0,2.6,2.5,4,0.0,0
0.5,0.05,1.0,New Jersey,72.0,72,72,72.0,6.5,7.0,8,0.0,0.0,108.8,96.0,127.3,127.0,76.6,76.0,2.6,3.0,4,0.0,0
2.0,0.25,1.0,New Jersey,72.0,72,72,72.0,8.0,8.0,8,0.0,0.0,91.5,93.5,101.4,96.0,76.0,76.0,3.0,3.0,5,0.0,0
0.5,0.25,2.0,New Jersey,72.0,72,72,72.0,7.9,8.0,8,0.0,0.0,90.9,90.5,101.4,96.0,76.0,76.0,3.0,3.0,5,0.0,0
1.0,0.05,1.0,New Jersey,72.0,72,72,72.0,7.3,7.0,8,0.0,0.0,98.6,96.0,130.2,127.0,77.9,76.0,2.8,3.0,4,0.0,0
0.5,0.05,0.5,New Jersey,72.0,72,72,72.0,4.8,5.0,6,0.0,0.0,115.0,127.0,142.5,142.0,76.6,76.0,3.1,3.0,5,0.0,0
0.5,0.25,0.5,New Jersey,72.0,72,72,72.0,7.0,7.0,8,0.0,0.0,94.1,94.0,102.0,96.0,76.0,76.0,3.1,3.0,5,0.0,0
1.0,0.25,1.0,New Jersey,72.0,72,72,72.0,8.0,8.0,8,0.0,0.0,92.7,93.5,101.3,96.0,76.0,76.0,3.3,3.0,5,0.0,0
0.5,0.05,2.0,New Jersey,72.0,72,72,72.0,7.4,7.5,8,0.0,0.0,122.1,127.0,146.0,150.5,77.3,76.0,2.7,2.0,4,0.0,0
2.0,0.05,0.5,New Jersey,72.0,72,72,72.0,7.6,8.0,8,0.0,0.0,107.9,96.0,135.6,127.0,76.66666666666667,76.0,2.888888888888889,3.0,5,0.0,0
2.0,0.25,0.5,New Jersey,72.0,72,72,72.0,8.0,8.0,8,0.0,0.0,91.0,93.0,95.6,96.0,76.0,76.0,3.7,4.0,5,0.0,0
1.0,0.1,0.5,New Jersey,72.0,72,72,72.0,7.2,7.0,8,0.0,0.0,94.2,95.0,115.0,115.0,76.0,76.0,3.4,3.5,5,0.0,0
0.5,0.1,1.0,New Jersey,72.0,72,72,72.0,6.9,7.5,8,0.0,0.0,101.3,96.0,115.7,115.0,76.0,76.0,2.3,2.0,5,0.0,0
2.0,0.1,0.5,New Jersey,72.0,72,72,72.0,7.9,8.0,8,0.0,0.0,96.9,96.0,117.4,127.0,76.0,76.0,3.0,3.0,4,0.0,0
0.5,0.1,2.0,New Jersey,72.0,72,72,72.0,7.8,8.0,8,0.0,0.0,98.6,96.0,128.4,127.0,76.0,76.0,3.3,3.0,4,0.0,0
1.0,0.1,1.0,New Jersey,72.0,72,72,72.0,7.9,8.0,8,0.0,0.0,102.0,96.0,114.3,115.0,76.0,76.0,3.2,3.0,5,0.0,0
0.5,0.1,0.5,New Jersey,72.0,72,72,72.0,5.8,6.0,7,0.0,0.0,97.5,96.0,123.0,127.0,77.3,76.0,2.8,3.0,4,0.0,0
1.0,0.25,2.0,New Jersey,72.0,72,72,72.0,7.9,8.0,8,0.0,0.0,93.3,94.0,98.5,96.0,76.0,76.0,3.2,3.0,5,0.1,1
2.0,0.25,2.0,New Jersey,72.0,72,72,72.0,7.9,8.0,8,0.0,0.0,91.2,94.0,95.2,96.0,76.0,76.0,2.8,3.0,4,0.1,1
2.0,0.1,1.0,New Jersey,72.0,72,72,72.0,7.9,8.0,8,0.0,0.0,98.7,96.0,126.0,127.0,76.0,76.0,2.8,2.5,5,0.1,1
1.0,0.1,2.0,New Jersey,72.0,72,72,72.0,7.9,8.0,8,0.0,0.0,99.7,94.0,119.3,127.0,76.0,76.0,3.4,3.5,4,0.1,1
1.0,0.05,2.0,New Jersey,72.0,72,72,72.0,7.6,8.0,8,0.0,0.0,123.7,127.0,144.8,151.0,76.6,76.0,2.5,2.5,4,0.2,1
2.0,0.1,2.0,New Jersey,72.0,72,72,72.0,7.8,8.0,8,0.0,0.0,98.2,96.0,122.8,127.0,76.0,76.0,3.1,3.0,6,0.2,1
2.0,0.05,2.0,New Jersey,72.0,72,72,72.0,7.5,7.5,8,0.0,0.0,107.0,96.0,138.9,142.0,76.0,76.0,3.2,3.0,5,0.3,1
2.0,0.05,1.0,New Jersey,72.0,72,72,72.0,7.5,7.5,8,0.0,0.0,117.9,127.0,138.6,133.0,77.9,76.0,3.1,3.5,5,0.5,1
0.5,0.05,0.5,Maryland,72.0,71,76,71.0,10.5,10.5,12,0.0,0.0,80.7,76.0,91.7,94.0,83.1,78.0,9.7,9.5,12,0.5,1
0.5,0.05,1.0,Maryland,72.0,71,76,71.0,10.5,10.5,12,0.0,0.0,80.0,76.0,89.4,88.0,82.3,78.0,14.6,14.0,20,1.3,3
2.0,0.01,2.0,New York,72.0,55,88,80.0,13.0,13.0,16,0.6,4.0,88.1,88.0,91.4,89.0,28.0,28.0,161.1,160.0,190,36.4,40
2.0,0.25,0.5,Connecticut,72.1,70,91,70.0,6.8,7.0,7,0.0,0.0,92.2,91.0,95.7,95.0,125.71428571428571,114.0,1.0,1.0,2,0.2,1
1.0,0.01,1.0,South Dakota,72.2,56,97,70.0,34.5,34.5,37,0.1,1.0,78.6,79.0,86.8,91.0,64.0,63.0,8.1,8.0,13,2.6,4
2.0,0.01,0.5,Vermont,72.2,59,119,59.0,10.3,10.0,13,0.5,3.0,107.0,118.0,137.7,144.5,69.4,63.0,11.5,12.0,17,3.3,6
2.0,0.01,1.0,Kentucky,72.2,49,108,69.0,31.8,32.0,36,0.0,0.0,103.6,97.0,119.8,111.0,112.1,136.0,14.2,14.0,21,6.3,13
1.0,0.01,2.0,Pennsylvania,72.2,68,90,68.0,43.8,44.0,48,0.8,2.0,94.5,100.0,101.2,103.0,80.3,70.5,20.6,21.0,24,7.4,10
2.0,0.1,0.5,Delaware,72.3,64,140,65.0,3.0,3.0,3,0.0,0.0,136.7,116.0,299.8,357.0,201.6,199.0,1.8,2.0,2,0.0,0
1.0,0.01,0.5,Vermont,72.4,59,117,59.0,9.8,9.5,12,0.3,2.0,95.7,93.5,125.6,133.0,56.2,28.0,9.4,9.5,16,3.3,5
1.0,0.25,1.0,Virginia,72.4,60,74,74.0,36.7,37.0,40,0.0,0.0,84.4,82.0,93.3,92.0,77.0,77.0,9.0,8.0,16,5.4,7
0.5,0.25,1.0,Virginia,72.4,60,74,74.0,27.1,27.0,30,0.0,0.0,81.6,82.0,92.8,94.0,57.4,77.0,8.3,8.0,12,6.0,7
0.5,0.1,1.0,Connecticut,72.5,70,95,70.0,6.5,7.0,7,0.0,0.0,97.5,95.0,102.2,98.0,175.42857142857142,195.0,2.0,2.0,3,0.1,1
2.0,0.01,2.0,Ohio,72.5,56,94,67.5,53.6,52.0,60,0.2,1.0,88.3,91.0,94.6,93.0,59.9,28.0,23.2,24.5,28,12.8,16
0.5,0.25,2.0,Virginia,72.6,60,74,74.0,35.2,35.5,37,0.0,0.0,81.2,82.0,95.2,94.0,72.1,77.0,7.1,7.0,10,5.6,8
2.0,0.25,1.0,Virginia,72.6,60,74,74.0,37.6,37.0,40,0.0,0.0,82.4,82.0,95.6,94.0,57.4,77.0,7.8,7.5,10,6.2,7
2.0,0.01,1.0,Indiana,72.7,64,101,69.0,48.9,48.5,53,0.0,0.0,82.1,77.5,91.4,95.0,81.9,99.0,19.3,19.0,25,13.3,18
0.5,0.01,1.0,Indiana,72.8,53,87,73.5,35.7,36.0,39,0.0,0.0,86.6,89.0,94.7,95.0,61.2,28.0,14.4,14.5,19,7.9,11
ALL,ALL,ALL,Montana,72.89166666666667,62,117,62.0,16.269444444444446,17.0,24,0.08055555555555556,1.0,89.90555555555555,80.0,99.025,96.0,135.21176470588236,114.0,2.2541899441340782,2.0,9,1.8166666666666667,5
ALL,ALL,ALL,Maine,73.13888888888889,57,214,57.0,8.205555555555556,8.0,12,0.0,0.0,109.96388888888889,83.0,126.89972144846797,89.0,221.5944055944056,216.0,1.588235294117647,2.0,4,2.4722222222222223,6
0.5,0.05,0.5,Massachusetts,73.2,56,93,72.5,7.7,8.0,9,0.0,0.0,93.8,92.5,101.4,100.5,,,0.0,0.0,0,0.0,0
0.5,0.01,0.5,Kentucky,73.4,49,97,63.0,15.2,15.0,19,0.0,0.0,103.4,97.0,118.4,118.0,159.3,178.0,4.0,4.0,6,0.8,2
0.5,0.1,0.5,Connecticut,73.8,70,89,70.0,6.0,6.0,7,0.0,0.0,94.1,95.0,99.6,98.0,152.0,149.0,1.0,1.0,1,0.0,0
1.0,0.05,1.0,Massachusetts,73.9,36,112,72.5,8.3,8.0,9,0.0,0.0,96.1,93.0,104.6,113.0,219.5,215.5,1.5,1.0,3,0.0,0
2.0,0.01,0.5,Florida,73.9,41,113,69.0,9.6,9.0,13,0.1,1.0,91.6,75.5,111.1,102.0,70.6,47.0,28.6,29.0,35,23.4,27
0.5,0.25,0.5,Virginia,74.0,74,74,74.0,21.0,20.5,24,0.0,0.0,87.2,86.0,99.1,102.0,62.3,77.0,7.4,7.5,10,3.5,4
2.0,0.1,0.5,Virginia,74.0,74,74,74.0,32.6,33.0,36,0.0,0.0,92.0,94.0,103.6,102.0,73.3,77.0,9.2,9.0,13,5.4,8
1.0,0.25,2.0,Virginia,74.0,74,74,74.0,37.7,37.5,40,0.0,0.0,82.0,82.0,92.4,94.0,62.3,77.0,7.7,7.5,11,5.6,6
ALL,ALL,ALL,Massachusetts,74.24444444444444,36,165,56.0,7.947222222222222,8.0,9,0.0,0.0,95.38055555555556,90.0,110.73055555555555,93.0,179.8961038961039,212.0,1.4658119658119657,1.0,5,0.025,1
ALL,ALL,ALL,Maryland,74.24444444444444,55,156,71.0,11.758333333333333,12.0,16,0.044444444444444446,1.0,85.98611111111111,76.0,97.06944444444444,83.0,92.17222222222222,78.0,17.108333333333334,18.0,38,1.4583333333333333,4
0.5,0.01,0.5,Oregon,74.3,53,128,65.0,4.5,5.0,7,0.0,0.0,106.3,70.5,151.125,136.0,234.25,218.0,0.5714285714285714,1.0,1,0.8,2
2.0,0.1,0.5,Connecticut,74.6,70,95,70.0,6.6,7.0,7,0.0,0.0,95.0,95.0,99.4,98.0,187.0,197.5,1.625,1.0,3,0.4,1
2.0,0.1,2.0,Virginia,74.8,74,82,74.0,34.6,34.0,39,0.0,0.0,93.2,94.0,103.8,102.0,103.5,102.0,6.6,7.0,9,6.2,9
0.5,0.01,0.5,Pennsylvania,74.9,68,105,68.0,32.3,32.5,35,0.3,1.0,90.5,92.0,105.9,104.5,87.5,69.0,16.8,16.0,22,5.6,8
1.0,0.1,1.0,Virginia,75.4,60,94,74.0,32.7,32.5,36,0.0,0.0,91.4,94.0,99.8,102.0,75.8,77.0,8.2,7.5,12,4.1,6
1.0,0.1,0.5,Delaware,76.0,64,140,65.0,2.8,3.0,3,0.0,0.0,163.9,140.0,302.75,357.0,196.66666666666666,199.0,1.8888888888888888,2.0,3,0.0,0
0.5,0.01,0.5,Tennessee,76.0,44,132,44.0,7.1,7.0,12,0.0,0.0,115.5,117.0,137.4,132.0,163.11111111111111,153.0,1.8888888888888888,1.0,6,0.6,2
0.5,0.1,2.0,Virginia,76.0,74,94,74.0,31.7,31.0,36,0.0,0.0,97.1,102.0,104.4,108.5,98.0,77.0,7.1,7.0,11,5.5,7
1.0,0.01,0.5,Kentucky,76.1,49,107,72.0,24.1,25.5,28,0.1,1.0,107.7,97.0,122.6,118.0,125.5,136.0,10.2,10.5,14,5.5,10
0.5,0.1,0.5,Virginia,76.2,60,102,74.0,17.4,17.5,20,0.0,0.0,91.1,92.0,103.2,102.0,99.1,85.0,6.3,7.0,8,3.1,6
1.0,0.05,0.5,Massachusetts,76.3,36,106,89.0,8.0,8.0,8,0.0,0.0,96.0,92.5,103.2,105.5,226.14285714285714,218.0,1.1428571428571428,1.0,2,0.0,0
2.0,0.1,1.0,Connecticut,76.3,70,95,70.0,6.9,7.0,7,0.0,0.0,94.0,95.0,98.0,98.0,192.55555555555554,195.0,1.5555555555555556,1.0,3,0.1,1
1.0,0.1,1.0,Connecticut,76.5,70,95,70.0,6.6,7.0,7,0.0,0.0,94.8,95.0,98.6,98.0,151.0,114.0,1.5,1.5,3,0.4,1
1.0,0.01,1.0,Pennsylvania,76.6,68,125,68.0,41.5,42.0,47,0.1,1.0,101.2,98.0,106.0,100.0,83.8,69.0,23.9,23.5,31,8.6,15
2.0,0.01,1.0,Vermont,77.0,59,140,59.0,10.4,11.0,12,0.4,2.0,102.6,122.5,116.0,126.5,69.5,60.5,10.3,10.5,13,2.9,6
2.0,0.05,0.5,Mississippi,77.2,67,169,67.0,6.3,6.0,8,0.0,0.0,140.3,169.0,187.7,182.0,317.75,391.0,1.0,1.0,1,0.0,0
2.0,0.05,2.0,Mississippi,77.2,67,169,67.0,7.6,7.5,10,0.0,0.0,151.0,169.0,178.6,182.0,388.22222222222223,372.0,1.6666666666666667,1.0,4,0.0,0
1.0,0.01,0.5,Illinois,77.2,59,112,73.0,34.2,34.5,39,0.3,1.0,92.2,88.0,101.1,99.0,112.2,100.0,11.0,11.0,13,3.0,5
0.5,0.01,1.0,New York,77.2,55,88,86.0,9.3,9.5,13,1.3,8.0,91.2,89.0,108.5,97.5,28.0,28.0,140.1,141.0,165,36.7,42
1.0,0.01,2.0,Illinois,77.3,56,97,79.0,42.6,42.0,50,0.2,2.0,87.0,89.0,94.4,94.5,137.3,144.0,11.7,11.0,16,5.5,8
1.0,0.1,2.0,Connecticut,77.5,70,95,70.0,6.7,7.0,7,0.0,0.0,95.8,95.0,98.8,98.5,170.625,189.5,1.6666666666666667,2.0,4,0.3,1
0.5,0.05,1.0,Massachusetts,78.1,36,93,89.0,8.2,8.0,9,0.0,0.0,95.5,93.0,105.5,106.5,220.0,218.0,1.1666666666666667,1.0,2,0.0,0
0.5,0.01,2.0,Kentucky,78.4,49,97,80.0,26.8,27.5,31,0.0,0.0,105.3,101.5,122.7,119.0,130.3,119.5,12.8,12.5,17,6.3,12
1.0,0.01,0.5,Florida,78.6,62,129,69.0,10.3,10.5,13,0.5,3.0,95.2,87.5,114.5,112.5,74.0,67.5,19.3,20.0,26,19.6,24
2.0,0.05,1.0,Massachusetts,78.7,36,93,89.0,8.0,8.0,8,0.0,0.0,95.7,99.0,110.9,113.0,73.0,28.0,2.0,2.0,3,0.0,0
0.5,0.01,0.5,Illinois,78.7,59,89,83.0,24.8,24.5,28,0.1,1.0,93.0,94.0,96.1,99.0,144.6,160.0,4.9,5.0,9,1.9,3
1.0,0.05,2.0,Massachusetts,78.8,36,93,89.5,8.2,8.0,9,0.0,0.0,98.0,93.0,112.8,113.0,129.875,147.0,1.625,1.5,3,0.0,0
0.5,0.05,2.0,Connecticut,78.8,70,109,70.0,6.1,6.0,7,0.0,0.0,99.3,95.0,109.9,109.0,213.11111111111111,199.0,1.6666666666666667,2.0,3,0.6,2
0.5,0.1,2.0,Delaware,78.9,65,140,65.0,2.9,3.0,3,0.0,0.0,116.6,116.0,230.0,174.0,168.33333333333334,199.0,2.5555555555555554,3.0,3,0.0,0
2.0,0.1,2.0,Delaware,79.0,64,140,65.0,3.0,3.0,3,0.0,0.0,112.7,92.0,217.1,140.0,167.0,193.5,2.75,2.5,5,0.0,0
0.5,0.1,2.0,Connecticut,79.0,70,95,70.0,6.9,7.0,7,0.0,0.0,96.0,95.0,100.7,98.0,195.0,195.0,1.8333333333333333,1.5,4,0.1,1
ALL,ALL,ALL,New Jersey,79.73816155988858,72,319,72.0,6.7604456824512535,7.0,8,0.0,0.0,125.40449438202248,96.0,154.14080459770116,127.0,88.46363636363637,76.0,2.7771084337349397,3.0,6,0.06963788300835655,1
2.0,0.01,2.0,Illinois,79.8,56,87,80.0,45.1,44.0,50,0.0,0.0,87.9,87.0,94.3,92.0,135.0,144.0,14.4,14.5,19,4.8,7
1.0,0.1,0.5,Connecticut,79.9,70,106,70.0,6.3,6.0,7,0.0,0.0,95.9,95.0,101.9,98.0,186.2,195.0,1.8,2.0,3,0.0,0
1.0,0.1,2.0,Virginia,79.9,74,105,74.0,33.1,33.0,35,0.0,0.0,99.0,102.0,106.7,109.0,93.0,77.0,8.4,8.0,11,6.1,8
2.0,0.1,1.0,Virginia,80.4,74,102,74.0,33.2,32.5,37,0.0,0.0,99.1,102.0,105.8,109.0,89.6,77.0,8.0,8.0,11,5.5,8
1.0,0.01,2.0,Ohio,80.4,43,92,89.0,52.4,51.5,59,0.4,1.0,90.2,93.0,95.8,97.0,119.1,117.0,24.0,23.5,34,13.3,17
1.0,0.1,1.0,Delaware,80.7,64,140,65.0,3.0,3.0,3,0.0,0.0,113.8,116.0,244.5,199.5,206.4,194.0,2.2,2.0,4,0.0,0
2.0,0.05,1.0,Connecticut,80.8,70,109,70.0,6.9,7.0,7,0.0,0.0,97.6,98.0,106.4,108.5,199.5,200.0,1.9,2.0,4,0.1,1
0.5,0.25,2.0,New Hampshire,80.8,77,93,78.0,7.3,7.0,8,0.0,0.0,94.0,93.0,120.2,123.0,,,0.0,0.0,0,0.1,1
0.5,0.1,1.0,Virginia,80.8,74,102,74.0,24.3,24.5,29,0.0,0.0,95.3,99.5,103.8,106.5,99.3,77.0,5.4,5.5,7,4.2,6
1.0,0.01,1.0,Illinois,80.8,57,89,82.5,41.0,41.0,45,0.0,0.0,89.3,87.0,97.5,98.5,145.5,144.0,12.7,12.0,16,4.7,7
0.5,0.25,1.0,New Hampshire,81.0,77,93,79.0,6.9,7.0,8,0.0,0.0,106.2,97.0,136.5,123.0,,,0.0,0.0,0,0.1,1
1.0,0.25,2.0,New Hampshire,81.2,77,95,79.0,8.1,8.0,9,0.0,0.0,105.4,95.0,124.2,123.0,,,0.0,0.0,0,0.1,1
1.0,0.05,0.5,Montana,81.2,62,96,86.0,14.3,14.5,16,0.2,1.0,93.3,94.5,96.4,96.5,117.22222222222223,108.0,2.1,1.5,7,0.9,1
0.5,0.01,2.0,Maryland,81.2,71,99,73.5,9.8,10.0,11,0.0,0.0,108.2,107.5,133.9,132.5,125.0,131.0,10.9,10.5,16,1.2,2
1.0,0.1,0.5,Virginia,81.5,74,105,74.0,25.9,25.5,29,0.0,0.0,95.5,94.0,105.4,103.5,98.4,123.0,6.6,7.0,9,4.8,6
0.5,0.01,2.0,Illinois,81.6,56,97,88.0,39.0,39.0,43,0.0,0.0,93.4,94.5,96.7,97.5,174.0,189.0,10.3,10.0,16,4.9,8
2.0,0.05,2.0,Connecticut,81.7,70,109,70.0,6.4,6.0,7,0.0,0.0,101.5,98.0,109.8,112.0,238.0,200.0,1.9,2.0,4,0.6,1
0.5,0.01,1.0,Illinois,81.7,59,89,87.0,31.1,31.0,34,0.2,1.0,93.0,89.0,98.9,98.0,148.4,152.0,7.8,8.0,9,3.6,7
0.5,0.05,0.5,Virginia,81.9,74,109,74.0,15.9,15.0,21,0.0,0.0,101.7,103.5,108.0,111.0,115.2,132.0,5.3,5.0,8,2.5,6
0.5,0.25,2.0,South Carolina,82.2,65,108,65.0,10.4,10.0,12,0.0,0.0,111.9,108.0,121.0,113.0,138.5,116.0,5.0,5.0,6,1.2,2
2.0,0.25,2.0,South Carolina,82.2,65,108,65.0,12.5,12.5,13,0.0,0.0,111.6,108.0,118.9,113.0,120.8,116.0,6.4,6.5,9,2.3,3
1.0,0.05,1.0,Connecticut,82.4,70,98,80.5,5.8,6.0,7,0.0,0.0,99.7,98.0,108.3,109.0,210.625,226.5,1.5555555555555556,1.0,3,1.1,2
0.5,0.05,2.0,Massachusetts,82.5,56,105,92.0,8.2,8.0,9,0.0,0.0,105.0,112.0,110.7,113.0,222.0,218.0,1.3333333333333333,1.0,2,0.0,0
1.0,0.05,0.5,Connecticut,82.7,70,98,80.5,6.0,6.0,7,0.0,0.0,100.3,96.5,107.8,108.0,179.77777777777777,160.0,2.0,2.0,3,0.3,2
2.0,0.25,0.5,New Hampshire,82.8,77,97,79.0,7.6,7.5,9,0.0,0.0,102.2,97.0,127.4,123.0,,,0.0,0.0,0,0.0,0
2.0,0.05,0.5,Virginia,82.8,74,102,74.0,29.4,29.0,35,0.0,0.0,98.9,98.0,108.9,111.0,109.3,129.5,8.9,8.5,14,3.9,6
1.0,0.01,0.5,Ohio,82.8,61,97,91.5,44.9,45.0,50,0.3,1.0,93.3,92.0,97.7,97.0,94.3,108.5,15.8,15.0,22,10.1,13
2.0,0.01,0.5,Ohio,82.8,74,92,81.0,52.2,52.5,59,0.3,1.0,89.3,91.5,92.7,93.0,107.4,110.0,21.1,21.0,28,11.5,18
1.0,0.01,2.0,Vermont,83.2,59,127,59.0,10.4,11.0,12,0.1,1.0,105.5,114.5,122.1,122.0,87.7,103.5,11.5,9.5,19,2.9,6
1.0,0.01,2.0,Oregon,83.3,64,174,66.5,9.5,9.0,11,0.0,0.0,120.1,96.0,157.8,164.0,238.1,263.0,3.6,4.0,6,1.7,4
0.5,0.25,0.5,New Hampshire,83.4,77,97,79.0,5.3,6.0,7,0.0,0.0,102.8,95.0,125.5,123.0,,,0.0,0.0,0,0.0,0
1.0,0.25,0.5,New Hampshire,83.4,77,103,79.0,7.3,7.0,8,0.0,0.0,97.6,93.0,117.3,113.0,,,0.0,0.0,0,0.1,1
0.5,0.01,1.0,Vermont,83.5,59,132,59.0,10.0,10.0,12,0.2,1.0,114.7,122.0,128.0,136.5,74.6,63.5,7.0,6.0,17,2.8,6
1.0,0.01,1.0,Oregon,83.7,53,200,66.0,9.3,10.0,11,0.0,0.0,137.2,123.5,185.1,200.0,243.11111111111111,263.0,2.0,2.0,4,1.9,4
0.5,0.01,1.0,Ohio,83.7,56,97,89.5,43.9,43.5,48,0.2,1.0,91.6,92.0,98.3,96.5,48.0,28.0,13.2,13.0,20,9.6,14
2.0,0.1,2.0,Connecticut,83.8,70,95,91.0,6.5,6.5,7,0.0,0.0,95.8,95.0,100.8,98.0,196.5,195.0,1.75,1.5,3,0.5,1
2.0,0.01,1.0,Ohio,83.8,56,92,91.0,55.0,54.5,58,0.7,2.0,91.1,92.0,96.0,95.0,104.2,112.5,21.3,21.5,28,11.0,14
1.0,0.01,1.0,New York,83.8,55,129,85.0,11.0,11.5,17,1.9,8.0,103.9,89.5,110.0,106.0,28.0,28.0,158.3,160.5,181,37.3,43
2.0,0.05,1.0,Virginia,83.9,74,105,74.0,29.6,30.0,32,0.0,0.0,104.3,105.0,110.2,111.0,107.6,123.0,9.2,9.5,11,5.7,8
1.0,0.01,1.0,Ohio,83.9,74,92,83.5,51.5,51.5,54,0.1,1.0,92.8,92.0,96.5,95.5,120.7,118.5,20.4,19.5,29,10.6,14
1.0,0.25,1.0,New Hampshire,84.0,77,123,79.0,7.6,7.0,9,0.0,0.0,105.9,97.0,130.6,123.0,,,0.0,0.0,0,0.1,1
0.5,0.1,1.0,Delaware,84.1,64,140,65.0,2.4,2.0,3,0.0,0.0,130.5,140.0,140.0,140.0,197.8,194.0,2.0,2.0,3,0.0,0
0.5,0.01,2.0,Georgia,84.1,59,133,71.5,25.7,26.0,29,0.0,0.0,107.7,103.0,122.2,129.5,106.1,76.5,3.0,3.5,5,2.4,4
2.0,0.01,2.0,North Dakota,84.2,62,98,87.0,12.1,12.0,13,0.1,1.0,103.3,103.0,133.5,133.0,111.0,116.0,7.8,7.5,11,3.0,4
0.5,0.1,0.5,Delaware,84.66666666666667,65,140,65.0,2.2222222222222223,3.0,3,0.0,0.0,95.66666666666667,86.0,140.0,140.0,100.0,100.0,1.0,1.0,1,0.0,0
0.5,0.05,0.5,Connecticut,84.8,70,95,94.0,5.8,6.0,7,0.0,0.0,99.4,98.0,108.9,109.0,177.5,195.5,1.1666666666666667,1.0,2,0.0,0
2.0,0.25,1.0,New Hampshire,84.8,77,97,79.0,8.0,8.0,9,0.0,0.0,99.8,94.0,131.0,123.0,,,0.0,0.0,0,0.1,1
0.5,0.01,2.0,Nevada,85.3,43,188,71.5,4.7,5.0,5,0.0,0.0,139.3,139.5,180.3,197.0,,,0.0,0.0,0,0.0,0
0.5,0.01,2.0,North Dakota,85.5,62,98,87.0,11.1,11.0,12,0.0,0.0,100.0,98.0,116.7,112.5,143.4,149.0,6.7,7.5,10,2.3,3
2.0,0.01,0.5,Illinois,85.6,74,99,87.0,43.0,43.0,48,0.0,0.0,93.7,93.0,104.2,108.0,136.8,160.0,11.4,11.5,16,4.2,10
2.0,0.01,2.0,Kentucky,85.6,49,135,97.0,32.6,33.0,36,0.1,1.0,113.2,116.0,126.2,125.0,115.4,111.0,14.7,14.5,22,6.5,8
2.0,0.01,1.0,Tennessee,85.7,44,122,102.0,25.3,25.0,30,0.0,0.0,124.9,125.0,135.6,132.0,153.8,148.0,14.2,13.0,19,7.8,10
1.0,0.05,0.5,Virginia,86.4,74,102,84.0,22.9,23.0,27,0.0,0.0,104.0,102.0,110.2,111.0,121.5,132.0,4.7,5.0,7,4.2,7
0.5,0.01,2.0,Tennessee,86.4,44,132,90.5,21.7,22.0,26,0.1,1.0,126.5,122.0,136.0,131.5,145.1,154.5,9.5,11.0,15,6.2,13
0.5,0.25,1.0,South Carolina,86.5,65,108,86.5,8.0,8.0,9,0.0,0.0,112.5,110.5,127.0,133.0,140.2,116.0,2.2,2.0,3,1.1,2
1.0,0.25,1.0,South Carolina,86.5,65,108,86.5,10.2,10.5,12,0.0,0.0,110.4,110.0,120.8,113.0,89.6,116.0,5.4,5.0,9,1.5,2
1.0,0.25,2.0,South Carolina,86.5,65,108,86.5,11.5,11.5,12,0.0,0.0,110.5,110.5,122.8,123.0,107.2,116.0,7.6,7.5,10,2.0,2
2.0,0.25,1.0,South Carolina,86.5,65,108,86.5,12.4,12.5,13,0.0,0.0,112.4,110.0,123.2,113.0,125.1,116.0,7.3,7.0,9,2.1,3
2.0,0.01,1.0,Illinois,86.9,59,103,87.0,44.7,45.5,48,0.1,1.0,94.5,97.5,102.3,102.5,152.2,152.0,12.1,12.0,16,4.9,8
1.0,0.1,1.0,New Hampshire,87.0,77,123,79.0,6.9,7.0,8,0.0,0.0,118.7,123.0,158.6,168.0,,,0.0,0.0,0,0.1,1
0.5,0.05,1.0,Virginia,87.2,74,102,84.0,21.1,21.0,25,0.0,0.0,105.7,107.0,110.2,111.0,105.5,123.0,5.1,5.0,7,4.8,6
2.0,0.05,0.5,Connecticut,87.3,70,98,93.0,7.0,7.0,7,0.0,0.0,99.3,96.5,109.4,109.0,206.88888888888889,200.0,1.5555555555555556,1.0,3,0.0,0
2.0,0.01,2.0,Maryland,87.3,71,120,73.5,10.5,10.5,12,0.0,0.0,119.1,118.0,144.9,148.0,133.3,140.0,11.1,11.0,14,1.7,3
2.0,0.1,1.0,Delaware,87.4,64,140,65.0,3.0,3.0,3,0.0,0.0,166.2,140.0,312.3,357.0,276.42857142857144,199.0,2.5714285714285716,2.0,4,0.0,0
0.5,0.05,2.0,Virginia,87.5,74,105,84.0,29.2,29.0,33,0.0,0.0,104.7,105.0,111.1,111.0,111.2,119.0,6.6,7.0,9,3.7,6
2.0,0.05,1.0,Mississippi,87.6,67,169,67.0,7.5,7.5,9,0.0,0.0,142.9,169.0,199.7,182.0,325.25,350.5,1.625,2.0,2,0.0,0
1.0,0.05,2.0,Mississippi,87.8,67,169,67.0,7.4,7.5,8,0.0,0.0,141.6,169.0,192.5,182.0,334.125,372.0,1.25,1.0,2,0.0,0
0.5,0.01,0.5,Georgia,87.8,59,133,90.5,11.5,12.0,15,0.0,0.0,114.2,112.0,127.8,126.0,133.0,133.0,0.3333333333333333,0.0,1,0.4,1
1.0,0.05,1.0,Virginia,87.9,74,109,84.0,28.6,29.0,32,0.0,0.0,105.1,105.0,110.8,111.0,100.4,105.0,8.4,8.0,12,4.1,7
0.5,0.05,1.0,Connecticut,88.1,70,114,96.5,6.0,6.0,7,0.0,0.0,105.1,98.5,112.0,113.0,193.5,199.5,1.8333333333333333,2.0,3,0.1,1
ALL,ALL,ALL,Connecticut,88.15277777777777,70,303,70.0,6.241666666666666,7.0,7,0.0,0.0,117.06128133704735,95.0,136.76536312849163,100.0,196.82899628252787,195.0,1.6594982078853047,1.0,5,0.20833333333333334,2
2.0,0.01,2.0,Nevada,88.3,69,188,73.5,4.7,5.0,5,0.0,0.0,136.4,99.0,187.3,206.5,217.0,217.0,1.0,1.0,1,0.0,0
ALL,ALL,ALL,Virginia,88.43888888888888,60,195,74.0,26.002777777777776,28.0,41,0.022222222222222223,2.0,105.09166666666667,102.0,116.91944444444445,109.0,114.60614525139665,77.0,6.9222222222222225,7.0,16,4.416666666666667,9
2.0,0.05,2.0,Massachusetts,88.6,56,105,89.5,8.0,8.0,8,0.0,0.0,103.2,106.5,116.0,116.0,65.5,28.0,1.8,1.5,3,0.0,0
1.0,0.01,2.0,Maryland,88.9,71,126,86.0,10.2,10.0,12,0.0,0.0,117.2,120.0,140.1,144.0,141.1,138.5,10.3,10.0,14,1.7,3
1.0,0.1,2.0,Delaware,89.0,65,140,65.0,3.0,3.0,3,0.0,0.0,139.3,121.0,292.7,357.0,231.44444444444446,199.0,2.4444444444444446,2.0,3,0.0,0
0.5,0.05,2.0,Mississippi,89.1,67,182,67.0,5.1,5.0,7,0.0,0.0,148.8,169.0,195.4,182.0,152.25,79.0,1.25,1.0,2,0.0,0
0.5,0.01,0.5,Nevada,89.5,43,197,71.5,3.4,3.5,4,0.0,0.0,126.0,99.0,174.33333333333334,197.0,129.0,129.0,1.0,1.0,1,0.0,0
1.0,0.01,2.0,Kentucky,89.6,63,97,97.0,30.9,30.0,36,0.0,0.0,117.6,111.0,134.8,142.5,143.2,136.0,15.3,15.0,19,6.7,11
2.0,0.01,0.5,Kentucky,89.6,49,135,95.5,30.3,28.5,34,0.0,0.0,107.4,101.5,121.9,114.0,142.0,133.5,15.0,16.0,24,7.8,10
0.5,0.01,0.5,Ohio,89.6,80,94,92.0,38.0,37.0,44,0.5,1.0,92.6,94.0,96.2,97.0,104.7,109.5,8.9,9.0,13,7.9,11
2.0,0.25,2.0,New Hampshire,89.8,77,123,79.0,7.7,7.5,9,0.0,0.0,116.0,113.0,137.9,123.5,,,0.0,0.0,0,0.1,1
0.5,0.01,1.0,Montana,89.8,62,110,95.0,8.3,8.0,12,0.0,0.0,107.2,111.5,113.5,116.0,112.9,114.0,1.8,1.5,3,0.3,1
2.0,0.01,1.0,North Dakota,89.9,62,108,87.0,12.2,12.0,14,0.1,1.0,103.2,98.0,119.8,108.0,108.9,116.0,7.5,6.5,13,3.5,5
1.0,0.01,2.0,Georgia,89.9,59,133,88.5,34.9,35.0,39,0.0,0.0,113.3,114.0,127.2,129.5,135.0,143.0,4.2,3.0,9,5.4,10
0.5,0.01,1.0,North Dakota,90.2,62,108,98.0,8.4,9.0,10,0.0,0.0,105.1,108.0,123.3,127.0,94.3,116.0,3.6,4.0,6,1.0,3
0.5,0.1,0.5,New Hampshire,90.4,77,123,79.0,4.8,5.0,6,0.0,0.0,128.7,113.0,155.4,123.5,,,0.0,0.0,0,0.0,0
0.5,0.01,0.5,Montana,90.6,62,110,96.0,7.9,7.5,11,0.1,1.0,103.8,99.0,111.9,113.0,117.0,114.0,2.2222222222222223,2.0,5,0.1,1
0.5,0.25,0.5,South Carolina,90.8,65,108,108.0,4.8,5.0,6,0.0,0.0,110.7,112.0,119.0,113.0,116.0,116.0,1.1,1.0,2,1.0,1
1.0,0.25,0.5,South Carolina,90.8,65,108,108.0,7.7,8.0,9,0.0,0.0,111.0,113.0,124.9,133.0,116.0,116.0,3.0,3.0,5,1.3,2
2.0,0.25,0.5,South Carolina,90.8,65,108,108.0,10.5,10.5,12,0.0,0.0,110.6,112.0,120.7,113.0,125.1,116.0,6.1,6.0,8,1.3,2
1.0,0.01,0.5,Missouri,90.8,66,96,92.0,27.7,27.5,31,0.0,0.0,101.9,96.0,108.5,108.5,151.22222222222223,140.0,1.9,2.0,4,4.5,8
1.0,0.01,2.0,Missouri,90.8,66,96,93.0,44.5,46.0,48,0.0,0.0,97.7,96.0,105.6,108.0,151.6,150.0,4.9,5.0,10,8.0,10
0.5,0.01,1.0,Tennessee,90.9,44,131,99.5,14.2,14.0,19,0.0,0.0,125.6,131.0,142.0,132.0,122.0,138.0,5.2,5.0,10,3.0,5
2.0,0.01,1.0,Missouri,91.0,66,96,93.0,44.6,44.5,50,0.0,0.0,97.7,96.0,103.5,104.5,166.2,122.5,4.9,4.5,10,8.2,12
2.0,0.01,1.0,New Jersey,91.1,72,169,72.0,6.5,6.5,8,0.0,0.0,184.8,169.0,248.1,207.5,197.625,203.0,1.75,1.5,3,0.3,1
0.5,0.01,1.0,Georgia,91.1,59,133,90.5,16.4,17.0,20,0.1,1.0,121.4,126.0,133.1,133.0,156.5,171.0,0.5714285714285714,1.0,1,0.6,2
0.5,0.05,0.5,Delaware,91.2,65,140,65.0,1.6,2.0,2,0.0,0.0,146.5,140.0,,,100.0,100.0,1.0,1.0,1,0.0,0
1.0,0.01,1.0,North Dakota,91.3,86,98,87.0,11.5,11.5,13,0.2,1.0,111.4,103.0,130.1,133.0,126.5,132.5,5.7,5.0,8,2.5,3
1.0,0.05,2.0,Virginia,91.4,74,105,102.0,30.1,30.0,33,0.0,0.0,106.4,109.0,110.8,111.0,110.9,119.0,8.7,9.0,11,4.3,6
1.0,0.05,2.0,Connecticut,92.1,70,114,95.0,6.3,6.0,7,0.0,0.0,104.9,103.5,111.9,110.5,226.2,177.5,1.9,2.0,3,0.7,2
0.5,0.25,2.0,North Carolina,92.3,91,97,91.0,30.2,30.5,31,0.0,0.0,101.3,97.0,106.9,104.0,134.5,144.5,6.4,6.0,9,1.4,2
1.0,0.01,0.5,Georgia,92.4,59,133,93.0,21.3,21.0,25,0.0,0.0,119.6,125.0,130.4,133.0,240.0,209.0,1.3,1.0,3,1.9,5
0.5,0.01,0.5,North Dakota,92.5,87,98,92.5,7.7,7.5,10,0.2,1.0,107.6,103.0,123.0,125.0,119.6,116.0,3.0,3.0,5,1.0,2
1.0,0.25,0.5,North Carolina,92.7,89,97,91.0,29.1,29.0,31,0.0,0.0,98.5,97.0,108.5,104.0,135.2,144.5,6.7,7.0,8,0.8,2
2.0,0.01,0.5,North Dakota,92.7,62,133,98.0,12.4,12.5,14,0.2,1.0,116.9,120.5,129.8,137.0,118.0,116.0,7.2,6.5,12,3.1,4
1.0,0.25,1.0,North Carolina,92.8,89,97,91.5,30.2,30.5,32,0.0,0.0,98.6,97.0,108.4,104.0,131.5,142.0,7.7,7.5,10,1.5,2
0.5,0.01,2.0,Missouri,92.9,92,96,92.0,39.7,39.5,47,0.0,0.0,97.1,96.0,103.1,103.5,159.0,168.0,3.3,2.5,9,3.7,10
2.0,0.01,0.5,Nevada,93.0,61,197,76.5,4.8,5.0,5,0.0,0.0,128.7,90.5,178.5,204.5,173.75,175.5,1.0,1.0,1,0.0,0
0.5,0.01,2.0,Maine,93.1,57,214,57.0,8.7,9.0,11,0.0,0.0,169.9,204.5,211.3,213.0,262.5,262.5,0.3333333333333333,0.0,1,0.8,3
2.0,0.01,0.5,Maryland,93.2,71,134,86.5,10.1,10.5,12,0.0,0.0,118.2,120.0,134.5,128.0,128.7,113.5,10.3,11.0,12,1.4,2
2.0,0.01,0.5,Missouri,93.2,92,96,92.0,42.4,42.0,50,0.0,0.0,99.5,96.0,105.5,109.0,126.8,111.5,5.1,4.5,11,6.6,11
0.5,0.25,1.0,North Carolina,93.3,89,97,91.5,27.1,27.0,29,0.0,0.0,98.2,97.0,110.2,104.0,131.2,142.0,6.9,7.0,9,1.4,2
0.5,0.01,0.5,Missouri,93.4,92,96,93.5,17.4,17.5,22,0.0,0.0,96.0,96.0,105.7,108.0,160.625,149.0,1.1,1.0,2,2.3,6
2.0,0.01,2.0,Missouri,93.4,92,96,94.0,48.8,48.0,53,0.0,0.0,96.3,96.0,101.9,96.5,185.2,163.0,6.0,6.0,11,7.8,14
2.0,0.01,1.0,Nevada,93.5,65,199,69.0,4.6,5.0,5,0.0,0.0,123.9,82.0,160.9,164.0,261.3333333333333,181.0,1.0,1.0,1,0.0,0
1.0,0.25,2.0,North Carolina,93.5,91,97,91.5,31.2,31.0,34,0.0,0.0,99.8,97.0,111.0,104.0,136.1,144.5,8.6,8.5,11,3.1,4
0.5,0.01,2.0,Montana,93.6,62,110,96.0,10.1,10.5,12,0.1,1.0,102.3,98.0,111.5,113.0,156.125,124.0,1.8888888888888888,2.0,3,1.0,2
1.0,0.01,2.0,North Dakota,93.6,87,98,98.0,13.1,13.0,15,0.1,1.0,106.5,108.0,123.8,133.0,116.9,116.0,8.3,8.0,12,2.9,5
1.0,0.01,1.0,Missouri,93.6,92,96,92.0,38.5,37.5,43,0.0,0.0,97.7,96.0,107.7,108.5,141.9,131.5,4.3,4.0,7,5.7,11
0.5,0.01,0.5,New Jersey,93.66666666666667,72,243,72.0,2.2222222222222223,2.0,3,0.0,0.0,186.57142857142858,169.0,198.75,208.5,80.5,76.0,1.5,1.0,3,0.0,0
1.0,0.01,1.0,Maryland,93.7,71,134,87.5,10.4,10.5,11,0.1,1.0,124.5,121.5,146.5,153.5,141.9,160.0,9.0,9.0,15,1.5,3
0.5,0.01,1.0,Missouri,93.7,92,96,93.5,23.5,23.5,28,0.0,0.0,96.5,96.0,104.4,107.5,140.75,153.0,1.5,1.0,5,2.0,4
0.5,0.01,2.0,New Jersey,93.9,72,203,72.0,5.1,5.0,6,0.0,0.0,207.2,174.0,269.8,269.5,111.28571428571429,76.0,2.0,2.0,4,0.1,1
0.5,0.01,1.0,Maryland,93.9,71,126,93.0,7.6,7.5,10,0.2,1.0,125.1,125.5,143.4,142.5,118.2,125.5,6.2,6.0,11,0.9,2
2.0,0.01,1.0,Montana,94.1,62,117,94.5,12.3,12.0,14,0.0,0.0,104.5,99.0,112.0,113.0,78.22222222222223,79.0,3.5,3.0,9,2.8,4
1.0,0.01,1.0,Kentucky,94.1,49,150,97.0,28.7,28.5,33,0.0,0.0,116.1,112.0,126.7,127.5,123.1,133.5,13.3,12.5,17,5.4,8
1.0,0.01,0.5,North Dakota,94.5,87,108,92.5,7.8,7.5,11,0.0,0.0,110.0,108.0,134.7,136.0,113.6,149.0,4.2,4.0,9,1.6,3
2.0,0.25,1.0,Alabama,94.6,91,100,91.0,19.6,20.0,23,0.0,0.0,102.0,100.0,107.4,105.0,,,0.0,0.0,0,0.0,0
0.5,0.25,2.0,Alabama,94.6,91,100,91.0,12.8,13.0,14,0.0,0.0,102.0,100.0,107.4,105.0,,,0.0,0.0,0,0.0,0
0.5,0.25,0.5,Alabama,94.6,91,100,91.0,11.0,11.0,13,0.0,0.0,102.0,100.0,107.4,105.0,,,0.0,0.0,0,0.0,0
0.5,0.01,1.0,Oregon,94.6,53,200,64.5,6.1,6.0,8,0.0,0.0,132.0,120.0,176.1,200.0,231.2,285.0,2.6,3.0,5,1.8,4
1.0,0.01,1.0,Vermont,94.6,59,155,95.0,10.2,10.5,12,0.5,4.0,119.8,125.5,140.7,143.0,57.2,28.0,10.8,9.5,17,3.0,5
0.5,0.01,1.0,Nevada,94.7,69,147,80.5,4.5,4.5,5,0.0,0.0,127.4,90.5,177.3,196.5,134.0,134.0,1.0,1.0,1,0.0,0
1.0,0.01,2.0,Montana,94.7,62,113,94.5,12.5,13.0,15,0.1,1.0,102.8,99.0,110.5,113.0,130.0,115.5,3.4,4.0,5,3.2,4
2.0,0.25,2.0,North Carolina,94.7,91,97,97.0,31.6,31.5,33,0.0,0.0,100.7,104.0,113.8,121.0,135.0,147.0,9.6,9.5,12,3.4,5
2.0,0.1,1.0,New Hampshire,94.8,77,123,86.0,7.4,7.5,8,0.0,0.0,131.3,123.0,161.0,168.0,,,0.0,0.0,0,0.0,0
2.0,0.01,2.0,Vermont,94.9,59,127,106.0,10.7,11.0,12,0.2,1.0,107.6,118.5,136.3,142.5,77.7,63.5,9.6,9.5,16,2.7,4
1.0,0.01,1.0,Nevada,95.0,69,188,76.5,4.7,5.0,5,0.0,0.0,117.9,99.0,182.9,216.0,175.5,175.5,1.0,1.0,1,0.0,0
2.0,0.01,2.0,Georgia,95.0,59,133,93.0,37.3,38.0,40,0.0,0.0,124.1,133.0,133.9,134.5,67.0,28.0,5.6,5.5,9,4.0,6
2.0,0.25,1.0,North Carolina,95.2,91,97,97.0,31.4,31.5,32,0.0,0.0,101.4,104.0,115.4,121.0,139.4,147.0,8.1,7.5,11,3.4,4
2.0,0.25,0.5,North Carolina,95.4,91,97,97.0,30.2,30.0,33,0.0,0.0,103.7,104.0,116.5,121.0,138.2,147.0,7.7,8.0,10,1.7,3
0.5,0.25,1.0,Alabama,95.5,91,100,95.5,12.1,12.0,13,0.0,0.0,103.1,102.5,108.8,108.0,,,0.0,0.0,0,0.0,0
2.0,0.01,1.0,Oregon,95.7,64,200,68.0,10.1,10.0,12,0.0,0.0,130.6,107.5,148.3,128.0,245.6,263.0,2.7,2.0,7,2.2,4
1.0,0.01,2.0,Nevada,95.9,43,197,77.5,4.6,5.0,5,0.0,0.0,158.1,171.5,216.8,228.0,257.6666666666667,217.0,1.3333333333333333,1.0,2,0.0,0
1.0,0.01,2.0,Maine,95.9,57,204,72.0,9.3,9.0,11,0.0,0.0,188.6,212.0,223.6,214.0,171.25,210.0,1.1111111111111112,0.0,3,0.6,1
2.0,0.1,2.0,North Carolina,95.9,91,97,97.0,30.2,30.5,32,0.0,0.0,106.2,104.0,120.3,122.0,141.4,147.0,8.6,8.0,11,2.4,4
2.0,0.01,1.0,Georgia,95.9,59,133,93.0,36.3,35.5,43,0.0,0.0,124.7,133.0,132.6,136.0,114.7,28.0,5.0,5.0,7,4.6,7
0.5,0.01,1.0,New Jersey,96.0,72,257,72.0,3.1,3.0,5,0.0,0.0,186.11111111111111,170.0,273.0,308.0,147.77777777777777,90.0,1.4444444444444444,1.0,2,0.0,0
2.0,0.1,2.0,New Hampshire,96.0,77,123,93.0,6.7,7.0,8,0.0,0.0,130.5,123.0,172.3,198.0,,,0.0,0.0,0,0.0,0
1.0,0.25,0.5,West Virginia,96.0,94,101,94.0,12.2,12.0,14,0.0,0.0,101.4,101.0,106.0,107.0,205.44444444444446,213.0,1.3,1.0,2,1.0,1
2.0,0.25,2.0,West Virginia,96.0,94,101,94.0,13.8,14.0,15,0.0,0.0,100.8,101.0,106.7,107.0,207.7,204.5,3.2,3.0,4,1.0,1
1.0,0.25,2.0,West Virginia,96.1,94,101,94.0,13.7,14.0,15,0.0,0.0,102.4,101.0,107.6,107.0,209.4,213.0,3.0,3.0,5,0.8,1
2.0,0.25,1.0,West Virginia,96.1,94,101,94.0,14.0,14.0,15,0.0,0.0,102.5,101.0,108.3,107.0,204.5,204.5,3.3,3.0,5,1.0,1
2.0,0.01,2.0,Oregon,96.3,53,192,80.0,9.8,10.0,12,0.0,0.0,127.1,107.5,177.4,200.0,274.0,263.0,2.8,2.5,7,2.6,5
0.5,0.25,0.5,West Virginia,96.4,94,101,94.0,9.0,9.0,10,0.0,0.0,102.3,101.0,106.8,107.0,,,0.0,0.0,0,0.0,0
2.0,0.25,0.5,Alabama,96.4,91,100,100.0,17.1,17.0,20,0.0,0.0,103.6,105.0,109.3,111.0,,,0.0,0.0,0,0.0,0
2.0,0.1,1.0,North Carolina,96.4,91,97,97.0,29.3,29.0,32,0.0,0.0,106.7,104.0,120.0,122.0,145.1,147.0,7.3,7.5,8,3.1,5
0.5,0.1,2.0,North Carolina,96.6,91,104,97.0,28.0,28.0,30,0.1,1.0,108.4,104.0,120.1,122.0,139.2,147.0,5.6,5.0,9,0.4,2
1.0,0.25,1.0,West Virginia,96.6,94,101,94.0,12.3,12.5,14,0.0,0.0,101.2,101.0,105.8,107.0,207.33333333333334,213.0,1.2,1.0,2,1.0,1
1.0,0.1,2.0,North Carolina,96.6,91,104,97.0,28.8,29.0,30,0.0,0.0,109.7,104.0,120.8,122.0,141.2,147.0,5.8,5.5,9,2.4,4
2.0,0.25,0.5,West Virginia,96.7,94,101,95.5,12.5,13.0,14,0.0,0.0,102.7,101.0,108.6,107.0,207.9,213.0,2.6,2.5,4,0.9,1
1.0,0.1,1.0,North Carolina,96.7,91,104,97.0,29.2,29.0,30,0.0,0.0,109.6,106.5,119.2,122.0,137.7,144.5,6.0,6.0,8,1.0,2
2.0,0.01,0.5,Oregon,96.8,49,200,96.0,9.0,8.5,12,0.0,0.0,124.7,119.0,180.4,200.0,235.9,263.0,3.3,3.0,6,2.6,5
1.0,0.01,0.5,Maryland,96.9,71,151,92.5,8.2,9.0,10,0.1,1.0,114.1,109.5,139.9,145.5,154.6,191.0,6.8,7.5,10,0.9,2
2.0,0.1,0.5,North Carolina,97.1,91,104,97.0,28.8,29.5,32,0.0,0.0,106.8,104.0,120.4,122.0,141.9,147.0,6.3,7.0,8,2.2,3
0.5,0.25,0.5,North Carolina,97.2,92,104,97.0,15.4,15.5,17,0.0,0.0,105.1,104.0,120.2,122.0,142.1,147.0,4.2,4.5,5,0.5,1
0.5,0.25,1.0,West Virginia,97.2,94,101,97.0,11.9,12.0,13,0.0,0.0,102.2,101.0,106.7,107.0,210.875,213.0,1.1,1.0,3,0.9,1
2.0,0.01,2.0,Montana,97.2,80,110,97.0,12.9,13.0,16,0.2,1.0,107.2,111.5,113.0,114.5,143.7,114.0,3.7,3.5,7,3.3,5
1.0,0.25,0.5,Alabama,97.3,91,100,100.0,12.0,12.0,14,0.0,0.0,103.5,105.0,109.2,111.0,,,0.0,0.0,0,0.0,0
1.0,0.25,1.0,Alabama,97.3,91,100,100.0,14.1,14.0,16,0.0,0.0,103.5,105.0,109.2,111.0,,,0.0,0.0,0,0.0,0
2.0,0.25,2.0,Alabama,97.3,91,100,100.0,20.1,20.0,21,0.0,0.0,103.5,105.0,109.2,111.0,,,0.0,0.0,0,0.0,0
2.0,0.1,2.0,Alabama,97.3,91,100,100.0,18.7,19.0,20,0.0,0.0,104.7,105.0,110.8,111.0,,,0.0,0.0,0,0.0,0
2.0,0.1,0.5,Alabama,97.3,91,100,100.0,15.3,15.0,18,0.0,0.0,104.1,105.0,109.7,111.0,,,0.0,0.0,0,0.0,0
0.5,0.1,0.5,Alabama,97.3,91,100,100.0,9.6,10.0,12,0.0,0.0,105.3,105.0,113.3,111.0,,,0.0,0.0,0,0.0,0
0.5,0.25,2.0,West Virginia,97.4,94,101,98.0,12.1,12.0,14,0.0,0.0,102.8,101.0,107.9,107.0,207.33333333333334,213.0,1.3,1.0,2,1.0,1
0.5,0.01,0.5,Maryland,97.6,71,156,85.5,7.0,7.0,8,0.0,0.0,115.9,109.5,139.6,133.0,152.2,147.0,5.6,5.5,11,0.3,1
0.5,0.1,1.0,New Hampshire,97.8,77,123,94.0,6.5,6.0,8,0.0,0.0,136.5,123.0,172.4,186.0,,,0.0,0.0,0,0.0,0
1.0,0.01,0.5,Montana,97.9,62,117,97.0,9.2,10.0,12,0.1,1.0,111.8,110.0,124.4,114.5,186.5,133.0,2.3,2.0,4,0.5,2
0.5,0.05,1.0,Arkansas,98.0,98,98,98.0,4.7,4.5,7,0.0,0.0,130.2,126.0,171.3,168.0,161.71428571428572,184.0,1.1428571428571428,1.0,2,0.1,1
2.0,0.05,0.5,Arkansas,98.0,98,98,98.0,9.3,9.5,12,0.0,0.0,135.9,126.0,177.0,168.0,171.875,183.5,3.5,3.0,6,0.1,1
2.0,0.05,1.0,Arkansas,98.0,98,98,98.0,11.1,11.0,13,0.0,0.0,129.0,126.0,171.2,168.0,111.7,103.5,4.2,4.0,5,0.2,1
0.5,0.05,0.5,Arkansas,98.0,98,98,98.0,3.0,3.0,4,0.0,0.0,130.2,126.0,172.125,168.0,179.5,184.0,0.6666666666666666,1.0,1,0.2,1
0.5,0.1,2.0,Arkansas,98.0,98,98,98.0,9.1,9.0,10,0.0,0.0,129.0,126.0,168.0,168.0,104.0,103.5,2.7,3.0,4,0.3,1
0.5,0.1,0.5,Arkansas,98.0,98,98,98.0,3.8,4.0,4,0.0,0.0,126.0,126.0,168.0,168.0,181.125,184.0,1.1111111111111112,1.0,2,0.3,1
1.0,0.05,1.0,Arkansas,98.0,98,98,98.0,8.3,8.0,11,0.0,0.0,134.5,126.0,180.5,168.0,118.28571428571429,28.0,1.875,2.0,4,0.4,1
0.5,0.05,2.0,Arkansas,98.0,98,98,98.0,7.2,7.0,9,0.0,0.0,131.7,126.0,170.4,168.0,122.44444444444444,179.0,1.6,1.5,4,0.4,1
2.0,0.1,1.0,Arkansas,98.0,98,98,98.0,12.1,12.0,14,0.0,0.0,126.0,126.0,168.0,168.0,168.7,184.0,3.8,3.5,5,0.5,1
0.5,0.1,1.0,Arkansas,98.0,98,98,98.0,5.3,5.0,6,0.0,0.0,126.0,126.0,168.0,168.0,182.2,184.0,1.1,1.0,2,0.5,1
1.0,0.05,2.0,Arkansas,98.0,98,98,98.0,9.7,10.0,11,0.0,0.0,127.5,126.0,177.6,168.0,162.8,184.0,2.6,2.5,5,0.6,2
1.0,0.1,0.5,Arkansas,98.0,98,98,98.0,5.8,6.0,7,0.0,0.0,126.0,126.0,168.0,168.0,168.4,184.0,1.1,1.0,2,0.6,1
2.0,0.1,0.5,Arkansas,98.0,98,98,98.0,10.0,9.0,12,0.0,0.0,126.0,126.0,168.0,168.0,136.7,183.5,3.4,3.5,6,0.6,1
0.5,0.25,1.0,Arkansas,98.0,98,98,98.0,5.2,5.0,6,0.0,0.0,126.0,126.0,168.0,168.0,183.0,184.0,1.2,1.0,2,0.7,1
1.0,0.25,0.5,Arkansas,98.0,98,98,98.0,6.3,6.0,8,0.0,0.0,126.0,126.0,168.0,168.0,183.0,184.0,1.2,1.0,2,0.7,1
1.0,0.1,1.0,Arkansas,98.0,98,98,98.0,8.7,9.0,10,0.0,0.0,129.0,126.0,168.0,168.0,164.7,184.0,1.9,2.0,3,0.7,1
1.0,0.1,2.0,Arkansas,98.0,98,98,98.0,10.6,11.0,12,0.0,0.0,126.0,126.0,168.0,168.0,148.22222222222223,184.0,2.4,2.5,4,0.8,1
2.0,0.1,2.0,Arkansas,98.0,98,98,98.0,13.0,13.0,15,0.0,0.0,135.9,126.0,174.0,168.0,161.2,184.0,5.5,6.0,9,0.8,2
1.0,0.25,2.0,Arkansas,98.0,98,98,98.0,11.2,11.0,13,0.0,0.0,126.0,126.0,168.0,168.0,184.0,184.0,2.1,2.0,3,0.9,1
2.0,0.25,1.0,Arkansas,98.0,98,98,98.0,13.1,13.0,15,0.0,0.0,126.0,126.0,168.0,168.0,183.0,184.0,2.9,3.0,4,0.9,1
2.0,0.05,2.0,Arkansas,98.0,98,98,98.0,11.1,11.0,14,0.0,0.0,134.4,126.0,177.1,168.0,195.7,181.5,5.5,5.5,7,0.9,1
0.5,0.25,2.0,Arkansas,98.0,98,98,98.0,10.1,10.0,11,0.0,0.0,126.0,126.0,168.0,168.0,184.0,184.0,2.1,2.0,3,1.0,1
0.5,0.25,0.5,Arkansas,98.0,98,98,98.0,4.0,4.0,4,0.0,0.0,126.0,126.0,168.0,168.0,183.5,184.0,1.1,1.0,2,1.0,1
1.0,0.25,1.0,Arkansas,98.0,98,98,98.0,10.0,10.0,11,0.0,0.0,126.0,126.0,168.0,168.0,183.0,184.0,2.5,2.5,3,1.0,1
2.0,0.25,2.0,Arkansas,98.0,98,98,98.0,13.5,13.5,14,0.0,0.0,126.0,126.0,168.0,168.0,182.5,184.0,5.5,5.5,7,1.0,1
2.0,0.25,0.5,Arkansas,98.0,98,98,98.0,10.5,10.5,12,0.0,0.0,126.0,126.0,168.0,168.0,183.0,184.0,2.6,2.5,4,1.0,1
2.0,0.05,2.0,Virginia,98.0,74,109,102.0,30.9,30.5,35,0.0,0.0,106.5,109.0,113.0,111.5,122.1,132.0,7.7,7.5,10,5.5,8
1.0,0.25,2.0,Alabama,98.2,91,100,100.0,17.2,17.0,18,0.0,0.0,104.6,105.0,110.3,111.0,,,0.0,0.0,0,0.0,0
1.0,0.1,0.5,Alabama,98.2,91,100,100.0,10.2,9.5,14,0.0,0.0,105.2,105.0,111.1,111.0,,,0.0,0.0,0,0.0,0
0.5,0.1,2.0,Alabama,98.2,91,100,100.0,12.2,12.0,14,0.0,0.0,106.4,105.0,113.5,111.0,,,0.0,0.0,0,0.0,0
0.5,0.1,1.0,North Carolina,98.7,91,124,97.0,22.8,22.5,25,0.0,0.0,111.1,113.0,120.0,122.5,136.2,147.0,4.7,5.0,6,1.2,2
2.0,0.01,0.5,Tennessee,98.8,44,131,111.0,26.2,26.5,29,0.0,0.0,125.0,124.5,134.8,131.5,118.0,143.0,10.4,10.5,16,6.7,8
1.0,0.05,2.0,Alabama,99.1,91,100,100.0,14.2,14.5,17,0.0,0.0,108.1,111.0,115.7,118.0,417.0,417.0,1.0,1.0,1,0.0,0
0.5,0.05,1.0,Alabama,99.1,91,100,100.0,8.1,8.0,11,0.0,0.0,108.7,111.0,116.7,118.0,,,0.0,0.0,0,0.0,0
2.0,0.05,0.5,Alabama,99.1,91,100,100.0,13.2,13.0,16,0.0,0.0,108.1,111.0,117.1,119.0,,,0.0,0.0,0,0.0,0
2.0,0.1,1.0,Alabama,99.1,91,100,100.0,17.7,18.0,19,0.0,0.0,105.7,105.0,112.0,111.0,,,0.0,0.0,0,0.0,0
1.0,0.1,2.0,Alabama,99.1,91,100,100.0,15.7,16.0,18,0.0,0.0,105.7,105.0,112.2,111.0,417.0,417.0,1.0,1.0,1,0.0,0
1.0,0.1,1.0,Alabama,99.1,91,100,100.0,13.3,13.0,15,0.0,0.0,106.3,105.0,112.4,111.0,278.0,278.0,1.0,1.0,1,0.0,0
0.5,0.1,2.0,New Hampshire,99.2,77,123,95.0,6.9,7.0,8,0.0,0.0,145.2,123.0,174.7,186.0,,,0.0,0.0,0,0.0,0
ALL,ALL,ALL,Mississippi,99.3409090909091,67,547,67.0,5.380681818181818,5.0,14,0.0,0.0,145.51840490797545,169.0,186.65232974910396,169.0,198.29239766081872,79.0,1.3099415204678362,1.0,4,0.0,0
1.0,0.1,0.5,South Carolina,99.4,65,108,108.0,7.7,8.0,9,0.0,0.0,117.9,113.0,135.5,133.0,174.9,181.0,3.0,3.0,4,0.8,2
0.5,0.1,1.0,West Virginia,99.4,94,110,101.0,9.9,10.0,11,0.0,0.0,107.5,107.0,115.7,110.0,210.16666666666666,213.0,1.0,1.0,2,0.9,1
1.0,0.1,1.0,South Carolina,99.4,65,108,108.0,9.8,9.5,12,0.0,0.0,121.6,121.5,137.8,133.0,110.7,116.0,4.0,4.0,6,1.2,2
2.0,0.1,0.5,South Carolina,99.4,65,108,108.0,9.4,9.0,11,0.0,0.0,115.8,113.0,133.4,133.0,130.0,116.0,4.1,4.0,7,1.4,3
2.0,0.1,1.0,South Carolina,99.4,65,108,108.0,11.5,11.5,13,0.0,0.0,115.8,113.0,131.4,133.0,109.5,116.0,6.0,6.0,8,1.6,3
2.0,0.01,0.5,Montana,99.4,92,110,99.0,11.6,11.0,15,0.0,0.0,105.9,110.0,111.2,116.0,182.55555555555554,153.0,2.0,2.0,4,2.2,3
1.0,0.1,2.0,West Virginia,99.5,94,107,101.0,11.8,11.5,14,0.0,0.0,106.7,107.0,117.3,110.0,211.2,213.0,2.8,3.0,4,1.0,1
2.0,0.05,2.0,Alabama,99.6,91,105,100.0,15.9,16.0,17,0.0,0.0,109.5,111.0,118.0,119.5,417.0,417.0,1.0,1.0,1,0.0,0
1.0,0.1,0.5,North Carolina,99.6,91,122,97.0,26.0,25.5,29,0.0,0.0,111.4,104.0,123.3,122.0,146.0,147.0,4.3,4.0,7,0.6,3
1.0,0.1,0.5,West Virginia,99.6,94,107,100.0,10.2,10.0,12,0.0,0.0,104.8,107.0,114.3,110.0,211.3,213.0,1.3,1.0,2,1.0,1
1.0,0.1,1.0,West Virginia,99.6,94,132,94.5,11.4,11.0,13,0.0,0.0,105.0,101.0,111.7,110.0,211.3,213.0,1.4,1.0,3,1.0,1
2.0,0.1,1.0,West Virginia,99.8,94,107,101.0,12.6,12.5,15,0.0,0.0,106.7,107.0,112.1,110.0,204.3,213.0,2.7,2.5,4,1.0,1
0.5,0.1,2.0,West Virginia,99.8,94,110,100.0,10.4,10.5,11,0.0,0.0,107.4,107.0,112.6,110.0,210.875,213.0,1.1,1.0,2,1.0,1
2.0,0.1,2.0,West Virginia,99.9,94,101,101.0,12.7,13.0,14,0.0,0.0,108.9,107.0,123.2,132.0,214.5,213.0,2.3,2.0,4,1.0,1
1.0,0.05,0.5,Alabama,100.0,100,100,100.0,9.2,10.0,10,0.0,0.0,109.8,111.0,117.3,118.5,,,0.0,0.0,0,0.0,0
2.0,0.05,1.0,Alabama,100.0,100,100,100.0,15.2,15.5,17,0.0,0.0,108.6,111.0,119.5,118.0,,,0.0,0.0,0,0.0,0
1.0,0.05,1.0,Alabama,100.0,100,100,100.0,11.9,12.0,14,0.0,0.0,109.2,111.0,116.7,117.0,186.0,186.0,1.0,1.0,1,0.0,0
0.5,0.05,0.5,Alabama,100.0,100,100,100.0,7.1,7.0,8,0.0,0.0,109.8,111.0,117.5,119.0,,,0.0,0.0,0,0.0,0
0.5,0.05,2.0,Alabama,100.0,100,100,100.0,9.4,9.0,12,0.0,0.0,109.8,111.0,117.3,117.5,,,0.0,0.0,0,0.0,0
0.5,0.1,1.0,Alabama,100.0,100,100,100.0,9.6,9.5,12,0.0,0.0,107.4,105.0,113.0,111.0,,,0.0,0.0,0,0.0,0
2.0,0.1,0.5,West Virginia,100.3,94,101,101.0,11.7,11.5,14,0.0,0.0,107.0,107.0,112.1,110.0,216.1,213.0,1.8,2.0,3,0.9,1
1.0,0.05,0.5,Arkansas,100.8,98,126,98.0,5.4,5.0,7,0.0,0.0,134.4,126.0,183.4,169.0,201.5,184.0,1.0,1.0,2,0.2,1
0.5,0.1,0.5,North Carolina,100.9,97,122,97.0,14.6,14.5,16,0.0,0.0,113.0,112.5,123.0,122.0,147.4,147.0,2.9,3.0,5,0.5,1
0.5,0.25,1.0,Louisiana,101.0,101,101,101.0,2.0,2.0,2,0.0,0.0,202.0,202.0,,,,,0.0,0.0,0,0.0,0
1.0,0.25,0.5,Louisiana,101.0,101,101,101.0,2.0,2.0,2,0.0,0.0,202.0,202.0,,,,,0.0,0.0,0,0.0,0
2.0,0.25,1.0,Louisiana,101.0,101,101,101.0,4.9,5.0,5,0.0,0.0,115.0,115.0,193.9,193.0,265.0,265.0,1.0,1.0,1,0.0,0
0.5,0.25,2.0,Louisiana,101.0,101,101,101.0,3.9,4.0,4,0.0,0.0,193.9,193.0,202.3,202.0,,,0.0,0.0,0,0.0,0
0.5,0.25,0.5,Louisiana,101.0,101,101,101.0,1.9,2.0,2,0.0,0.0,202.0,202.0,,,,,0.0,0.0,0,0.0,0
1.0,0.25,1.0,Louisiana,101.0,101,101,101.0,3.9,4.0,4,0.0,0.0,193.9,193.0,202.3,202.0,,,0.0,0.0,0,0.0,0
2.0,0.25,2.0,Louisiana,101.0,101,101,101.0,5.0,5.0,5,0.0,0.0,115.0,115.0,193.9,193.0,265.0,265.0,1.0,1.0,1,0.0,0
2.0,0.25,0.5,Louisiana,101.0,101,101,101.0,4.9,5.0,5,0.0,0.0,122.8,115.0,193.9,193.0,265.0,265.0,1.0,1.0,1,0.0,0
2.0,0.1,1.0,Louisiana,101.0,101,101,101.0,4.1,4.0,5,0.0,0.0,132.4,115.0,199.9,202.0,265.0,265.0,1.0,1.0,1,0.0,0
1.0,0.1,0.5,Louisiana,101.0,101,101,101.0,2.2,2.0,3,0.0,0.0,184.6,202.0,202.0,202.0,265.0,265.0,1.0,1.0,1,0.0,0
2.0,0.1,0.5,New Hampshire,101.0,77,123,95.0,6.9,7.0,8,0.0,0.0,138.9,136.5,172.6,186.0,,,0.0,0.0,0,0.0,0
1.0,0.1,1.0,Louisiana,101.0,101,101,101.0,3.4,3.5,4,0.0,0.0,197.8,197.5,203.33333333333334,202.0,,,0.0,0.0,0,0.0,0
0.5,0.1,0.5,Louisiana,101.0,101,101,101.0,1.8,2.0,2,0.0,0.0,202.0,202.0,,,,,0.0,0.0,0,0.0,0
1.0,0.01,1.0,Montana,101.2,96,116,99.0,10.7,10.5,14,0.0,0.0,111.3,111.5,117.3,116.0,180.6,133.5,2.0,2.0,4,1.3,3
0.5,0.1,0.5,West Virginia,101.4,94,110,101.0,8.4,8.5,10,0.0,0.0,106.8,107.0,116.3,110.0,229.0,229.0,1.0,1.0,1,0.0,0
1.0,0.01,0.5,Nevada,101.5,69,197,78.0,4.3,4.5,5,0.0,0.0,175.1,198.0,206.8,216.0,217.0,217.0,1.0,1.0,1,0.0,0
2.0,0.01,0.5,Georgia,101.7,59,133,96.5,31.1,30.5,36,0.0,0.0,121.3,129.5,131.4,137.0,165.3,136.5,3.9,4.0,7,3.9,6
1.0,0.25,2.0,Louisiana,102.4,101,115,101.0,4.7,5.0,5,0.0,0.0,122.8,115.0,195.7,193.0,265.0,265.0,1.0,1.0,1,0.0,0
1.0,0.1,2.0,Louisiana,102.4,101,115,101.0,4.3,4.0,5,0.0,0.0,147.1,115.0,198.7,202.0,265.0,265.0,1.0,1.0,1,0.0,0
2.0,0.1,2.0,Louisiana,102.4,101,115,101.0,4.5,4.5,5,0.0,0.0,163.9,193.0,235.2,202.0,,,0.0,0.0,0,0.0,0
2.0,0.01,0.5,New Jersey,102.8,72,275,72.0,5.6,6.0,7,0.0,0.0,234.4,203.0,309.6,334.5,201.33333333333334,130.5,1.5,1.0,3,0.0,0
1.0,0.05,0.5,West Virginia,103.3,94,110,101.0,9.0,9.5,10,0.0,0.0,116.5,110.5,132.7,132.0,287.6,213.0,1.2,1.0,2,1.0,1
1.0,0.05,1.0,West Virginia,103.3,94,110,101.0,10.5,10.5,12,0.0,0.0,123.9,127.5,135.8,135.0,273.8333333333333,213.0,1.0,1.0,3,1.0,1
1.0,0.1,0.5,New Hampshire,103.4,79,123,97.0,6.6,7.0,7,0.0,0.0,142.0,123.0,179.9,186.0,,,0.0,0.0,0,0.0,0
0.5,0.05,1.0,West Virginia,103.6,97,111,101.0,7.9,7.5,10,0.0,0.0,117.6,108.5,131.3,132.0,216.2,213.0,1.0,1.0,2,0.5,1
1.0,0.01,0.5,Oregon,103.6,64,200,82.0,6.8,7.0,9,0.0,0.0,146.3,163.5,175.5,200.0,245.11111111111111,252.0,2.1,2.5,4,1.5,2
0.5,0.1,0.5,South Carolina,103.7,65,108,108.0,5.0,5.0,7,0.0,0.0,124.2,131.5,144.0,144.0,210.0,210.0,1.0,1.0,2,0.4,1
2.0,0.05,0.5,South Carolina,103.7,65,108,108.0,8.5,9.0,11,0.0,0.0,128.9,133.0,153.0,155.0,167.44444444444446,181.0,3.6666666666666665,4.0,6,0.7,2
0.5,0.1,1.0,South Carolina,103.7,65,108,108.0,7.2,7.0,9,0.0,0.0,118.1,113.0,133.4,133.0,161.9,116.0,1.7,1.5,3,0.9,2
0.5,0.1,2.0,South Carolina,103.7,65,108,108.0,9.3,9.5,10,0.0,0.0,114.5,113.0,133.2,133.0,134.8,116.0,4.4,4.0,6,1.4,2
2.0,0.1,2.0,South Carolina,103.7,65,108,108.0,12.2,12.0,14,0.0,0.0,118.1,113.0,133.4,133.0,90.2,72.0,6.9,6.5,9,1.6,2
1.0,0.1,2.0,New Hampshire,103.8,77,123,110.0,7.1,7.0,8,0.0,0.0,151.5,154.5,183.3,196.0,,,0.0,0.0,0,0.0,0
2.0,0.1,0.5,Louisiana,103.8,101,115,101.0,4.5,4.5,5,0.0,0.0,130.6,115.0,197.5,197.5,265.0,265.0,1.0,1.0,1,0.0,0
1.0,0.01,0.5,Tennessee,103.9,44,131,117.0,19.3,19.0,22,0.0,0.0,126.7,131.0,138.3,132.0,171.4,167.5,6.5,7.0,9,3.6,5
2.0,0.01,1.0,Maryland,104.5,71,134,107.5,9.9,10.0,11,0.0,0.0,128.7,124.5,147.3,151.0,178.5,198.5,9.4,9.0,13,1.8,3
1.0,0.01,1.0,Tennessee,105.3,44,132,117.0,24.1,25.0,28,0.1,1.0,135.0,131.5,145.5,153.0,134.7,143.0,10.5,11.0,13,5.7,9
0.5,0.05,2.0,West Virginia,105.6,97,132,101.0,9.4,9.5,11,0.0,0.0,119.0,117.0,132.4,132.0,331.8,213.0,1.4,1.0,2,1.0,1
2.0,0.05,0.5,West Virginia,105.6,101,132,101.0,9.3,9.0,11,0.0,0.0,131.1,133.5,158.6,174.0,257.5,229.0,2.0,2.0,4,1.0,1
1.0,0.05,2.0,South Carolina,106.2,65,133,108.0,10.6,11.0,12,0.0,0.0,131.4,133.0,150.0,155.0,120.5,120.0,6.1,6.5,8,1.0,2
1.0,0.01,1.0,Georgia,106.2,59,133,113.5,29.1,29.0,33,0.0,0.0,120.7,129.0,137.5,134.5,156.7,183.5,2.7,3.0,4,2.5,5
2.0,0.01,2.0,Tennessee,106.2,44,150,122.0,28.3,28.0,36,0.0,0.0,127.9,130.0,139.6,132.0,169.7,164.5,13.5,14.0,19,7.6,13
0.5,0.05,1.0,North Carolina,106.4,91,122,97.0,18.5,19.5,22,0.0,0.0,121.0,122.0,129.0,127.5,146.8,147.0,3.4,3.5,5,0.8,2
0.5,0.05,1.0,South Carolina,106.6,65,133,108.0,6.2,6.0,7,0.0,0.0,128.4,121.5,150.6,133.0,208.71428571428572,233.0,1.5,2.0,2,0.4,1
2.0,0.05,0.5,New Hampshire,106.8,77,123,123.0,6.4,6.0,7,0.0,0.0,158.0,186.0,190.3,198.0,,,0.0,0.0,0,0.0,0
0.5,0.05,2.0,North Carolina,107.0,97,122,97.0,24.1,24.0,27,0.0,0.0,120.9,122.0,127.0,125.5,150.7,147.0,3.8,4.0,6,0.3,2
1.0,0.05,1.0,North Carolina,107.0,97,122,97.0,24.6,25.0,28,0.0,0.0,123.4,122.5,127.6,124.0,144.7,147.0,5.1,4.5,8,0.7,1
2.0,0.05,2.0,North Carolina,107.6,97,122,100.5,27.4,27.0,29,0.0,0.0,119.0,122.0,126.3,124.0,169.6,147.0,5.9,6.0,9,1.7,3
0.5,0.05,0.5,North Carolina,107.7,97,124,100.5,12.6,12.5,14,0.0,0.0,120.5,122.0,131.0,124.0,145.0,147.0,2.0,2.0,4,0.6,1
1.0,0.1,2.0,South Carolina,108.0,108,108,108.0,11.1,11.0,12,0.0,0.0,116.7,113.0,135.2,133.0,106.9,116.0,5.8,6.0,7,1.7,2
0.5,0.05,0.5,West Virginia,108.3,101,132,107.0,7.1,7.0,9,0.0,0.0,122.3,127.5,134.5,133.5,213.0,213.0,1.0,1.0,1,0.2,1
2.0,0.05,2.0,South Carolina,108.4,65,155,108.0,10.9,11.0,13,0.0,0.0,134.6,131.5,152.6,146.5,133.6,120.0,5.9,5.0,9,1.5,3
0.5,0.05,0.5,South Carolina,108.5,108,113,108.0,4.1,4.0,5,0.0,0.0,125.0,133.0,156.1,155.0,192.8,124.0,1.1428571428571428,1.0,2,0.5,1
0.5,0.05,2.0,South Carolina,108.5,108,113,108.0,8.2,8.5,10,0.0,0.0,122.3,121.5,138.1,133.0,175.7,187.0,3.7,4.0,7,0.9,2
2.0,0.05,1.0,West Virginia,109.0,94,132,108.5,10.7,10.5,12,0.0,0.0,121.8,126.0,137.1,132.0,222.6,229.0,3.0,3.0,5,0.8,1
ALL,ALL,ALL,Alabama,109.33983286908078,91,465,100.0,11.309192200557103,12.0,23,0.0,0.0,132.3448275862069,105.0,153.7264705882353,111.0,309.375,333.0,1.0,1.0,1,0.0,0
0.5,0.01,2.0,Virginia,109.4,74,195,108.0,14.9,16.0,17,0.0,0.0,135.9,122.0,150.2,133.5,141.7,129.0,6.2,6.5,8,2.2,5
1.0,0.01,2.0,Tennessee,109.9,44,131,112.0,25.1,25.0,31,0.0,0.0,123.8,122.0,144.3,146.0,162.4,153.5,13.6,14.0,18,6.6,10
1.0,0.05,1.0,Mississippi,110.0,67,182,71.5,4.9,5.0,7,0.0,0.0,172.1,169.0,213.7,182.0,381.5,372.0,1.0,1.0,1,0.0,0
ALL,ALL,ALL,North Carolina,110.16388888888889,89,221,97.0,22.65277777777778,26.0,34,0.002777777777777778,1.0,124.84166666666667,122.0,137.4361111111111,124.0,160.32748538011697,147.0,5.142857142857143,5.0,12,1.2833333333333334,5
1.0,0.05,2.0,North Carolina,110.4,97,124,113.0,27.2,27.5,30,0.0,0.0,123.1,122.5,126.7,124.0,142.0,147.0,6.1,6.0,8,1.4,2
1.0,0.05,1.0,South Carolina,110.5,108,133,108.0,8.4,8.5,10,0.0,0.0,128.9,133.0,163.7,155.0,188.2,210.0,3.7,4.0,5,1.0,2
0.5,0.05,1.0,New Hampshire,110.6,79,123,123.0,6.4,6.5,7,0.0,0.0,152.0,155.0,197.4,193.0,,,0.0,0.0,0,0.0,0
0.5,0.01,0.5,Connecticut,110.6,70,120,120.0,3.1,3.0,4,0.0,0.0,193.33333333333334,156.0,213.0,161.5,171.0,177.0,1.4,1.0,2,0.0,0
1.0,0.01,2.0,New Jersey,110.6,72,170,72.0,6.0,6.0,7,0.0,0.0,205.3,175.0,246.9,203.0,181.5,183.5,1.6666666666666667,1.0,4,0.4,1
1.0,0.01,1.0,New Jersey,110.8,72,213,72.0,5.9,6.0,8,0.0,0.0,207.0,191.5,289.3,320.0,84.0,89.0,2.2,2.0,3,0.0,0
0.5,0.05,0.5,New Hampshire,111.0,77,123,123.0,3.5,4.0,4,0.0,0.0,167.1,186.0,205.88888888888889,205.0,,,0.0,0.0,0,0.0,0
1.0,0.05,0.5,South Carolina,111.0,108,133,108.0,7.1,7.0,9,0.0,0.0,128.7,133.0,151.5,155.0,219.0,181.0,2.5555555555555554,3.0,4,0.5,1
0.5,0.1,1.0,Louisiana,111.1,101,202,101.0,1.8,2.0,2,0.0,0.0,202.0,202.0,,,,,0.0,0.0,0,0.0,0
2.0,0.05,2.0,West Virginia,111.2,101,135,101.0,11.3,11.0,13,0.0,0.0,134.8,132.0,158.2,154.5,254.2,221.0,3.6,4.0,5,0.7,1
1.0,0.01,2.0,Connecticut,111.5,70,120,120.0,5.9,6.0,7,0.0,0.0,181.0,149.0,226.8,237.5,250.375,208.5,2.125,1.5,4,0.3,2
1.0,0.05,0.5,North Carolina,111.5,97,122,112.5,22.8,23.0,26,0.0,0.0,121.3,122.0,126.0,124.0,139.5,139.0,3.8,4.0,7,1.0,2
2.0,0.05,1.0,South Carolina,111.5,108,133,108.0,11.4,11.0,13,0.0,0.0,130.9,133.0,153.5,155.0,103.2,76.0,6.6,6.0,12,1.1,2
2.0,0.01,0.5,Connecticut,111.6,91,120,120.0,5.7,5.5,7,0.0,0.0,147.3,131.5,216.7,198.5,251.3,208.5,2.0,2.0,5,0.2,2
0.5,0.01,0.5,Virginia,111.7,94,122,111.0,7.9,8.0,12,0.0,0.0,133.1,122.0,164.5,158.0,158.55555555555554,140.0,2.1,2.0,4,1.9,3
0.5,0.05,2.0,New Hampshire,111.8,77,123,123.0,6.2,6.0,7,0.0,0.0,167.1,186.0,204.7,200.0,,,0.0,0.0,0,0.0,0
1.0,0.05,2.0,West Virginia,112.0,94,135,101.0,10.4,10.0,12,0.0,0.0,119.4,110.5,139.6,133.5,211.0,213.0,2.2,2.0,4,1.0,1
2.0,0.01,2.0,New Jersey,112.2,72,180,72.0,6.3,6.0,7,0.0,0.0,200.6,203.0,327.5,323.0,104.0,79.0,1.8,2.0,3,0.1,1
ALL,ALL,ALL,South Carolina,112.37464788732395,65,478,108.0,7.954929577464789,8.0,14,0.002898550724637681,1.0,149.86376811594204,113.0,175.22754491017963,133.0,164.6883116883117,116.0,4.118589743589744,4.0,12,0.9633802816901409,3
2.0,0.05,1.0,New Hampshire,112.6,77,123,123.0,6.6,7.0,7,0.0,0.0,167.1,186.0,206.5,200.0,,,0.0,0.0,0,0.0,0
2.0,0.01,2.0,Maine,112.9,57,212,94.5,9.9,10.0,12,0.0,0.0,184.4,204.0,220.7,214.0,292.1666666666667,278.0,0.8571428571428571,1.0,1,0.4,3
0.5,0.01,1.0,Massachusetts,113.1,93,118,115.0,5.9,6.0,7,0.0,0.0,126.6,120.5,150.8,158.0,191.85714285714286,190.0,1.0,1.0,2,0.2,1
2.0,0.05,1.0,North Carolina,113.1,97,124,122.0,27.6,28.0,30,0.0,0.0,122.0,123.5,128.2,129.0,143.4,147.0,7.4,7.5,9,1.5,3
1.0,0.05,0.5,New Hampshire,113.2,77,123,123.0,6.1,6.0,8,0.0,0.0,173.5,186.0,207.5,202.5,,,0.0,0.0,0,0.0,0
2.0,0.01,0.5,Virginia,113.2,74,126,116.5,16.5,15.0,22,0.0,0.0,140.9,139.5,161.9,163.0,197.1,212.5,6.3,6.0,13,2.8,5
1.0,0.01,2.0,Virginia,113.3,74,126,120.0,17.5,18.0,21,0.1,1.0,134.5,124.0,154.5,159.5,194.55555555555554,191.0,5.5,6.0,9,3.4,6
2.0,0.01,1.0,Massachusetts,113.8,106,118,112.0,7.3,7.0,8,0.0,0.0,131.9,122.5,146.4,147.0,131.14285714285714,190.0,1.625,1.0,4,0.2,1
0.5,0.01,2.0,Massachusetts,114.1,93,129,112.0,7.0,7.0,8,0.0,0.0,130.9,118.0,157.4,142.5,204.11111111111111,209.0,1.7777777777777777,1.0,5,0.1,1
0.5,0.01,0.5,Massachusetts,114.2,93,142,112.0,5.8,6.0,7,0.0,0.0,128.8,120.0,152.7,133.5,197.33333333333334,187.0,1.6666666666666667,2.0,2,0.0,0
2.0,0.01,0.5,Massachusetts,114.4,108,123,112.0,7.6,8.0,9,0.0,0.0,133.1,132.0,155.5,161.0,238.33333333333334,192.0,2.111111111111111,2.0,3,0.1,1
1.0,0.01,0.5,Massachusetts,114.5,112,130,112.0,6.6,6.5,8,0.0,0.0,123.3,118.0,142.2,135.5,203.625,201.0,1.5,1.0,3,0.0,0
2.0,0.05,0.5,North Carolina,114.5,97,122,122.0,26.0,26.0,28,0.0,0.0,120.6,124.0,127.9,127.5,146.4,147.0,5.8,6.0,8,1.3,4
1.0,0.01,0.5,Connecticut,115.9,98,155,120.0,5.0,5.0,6,0.0,0.0,174.5,149.5,248.5,303.0,193.14285714285714,200.0,1.5714285714285714,2.0,2,0.1,1
2.0,0.05,2.0,New Hampshire,116.0,79,123,123.0,6.8,7.0,8,0.0,0.0,173.4,186.0,200.0,200.0,,,0.0,0.0,0,0.0,0
2.0,0.01,2.0,Massachusetts,116.1,108,142,112.0,7.1,7.0,8,0.0,0.0,126.6,118.0,142.8,142.5,150.5,187.0,2.0,2.0,3,0.1,1
1.0,0.01,2.0,South Carolina,116.1,108,160,108.0,6.1,5.5,9,0.0,0.0,200.5,181.0,285.1,284.0,273.3333333333333,247.0,3.0,2.0,6,0.3,1
1.0,0.01,0.5,Maine,116.3,57,214,94.5,8.0,8.0,11,0.0,0.0,192.9,213.0,232.6,225.0,225.0,252.5,1.2857142857142858,1.0,4,0.6,2
1.0,0.01,0.5,New Jersey,116.9,72,319,72.0,3.2,3.0,4,0.0,0.0,190.2,169.0,249.625,261.5,124.0,86.0,1.875,1.5,4,0.0,0
2.0,0.01,1.0,Virginia,117.7,94,174,112.5,18.0,17.0,24,0.1,1.0,135.1,122.0,141.8,128.5,175.3,170.0,6.4,6.5,9,4.3,7
1.0,0.01,2.0,Massachusetts,117.8,106,156,112.0,7.6,8.0,8,0.0,0.0,127.2,118.0,146.3,143.0,114.75,107.5,2.0,1.5,4,0.0,0
ALL,ALL,ALL,New Hampshire,119.09166666666667,77,273,123.0,6.216666666666667,6.0,9,0.002793296089385475,1.0,158.70670391061452,168.0,188.6864406779661,196.0,411.2,474.0,0.5789473684210527,1.0,2,0.025,1
0.5,0.01,2.0,Connecticut,119.1,98,155,120.0,6.1,6.0,7,0.0,0.0,182.9,143.0,244.1,298.5,245.33333333333334,203.5,1.7142857142857142,1.0,3,0.1,1
1.0,0.01,0.5,Virginia,119.1,74,178,117.0,12.7,13.0,15,0.1,1.0,134.8,122.0,151.4,153.0,220.0,238.5,3.7,3.5,7,2.1,4
0.5,0.01,1.0,Virginia,119.8,105,195,111.0,10.9,10.5,14,0.1,1.0,140.3,122.0,163.5,158.0,161.9,147.5,3.9,3.0,7,2.1,4
2.0,0.01,1.0,Connecticut,119.9,95,155,120.0,5.5,5.0,7,0.0,0.0,181.9,167.0,250.1,294.5,258.6666666666667,208.5,2.0,2.0,4,0.1,1
ALL,ALL,ALL,West Virginia,119.96944444444445,94,252,101.0,9.508333333333333,10.0,15,0.0,0.0,141.40111420612814,110.0,155.92307692307693,132.0,243.56462585034015,213.0,1.8253968253968254,2.0,5,0.7111111111111111,1
2.0,0.05,0.5,Louisiana,120.3,101,202,101.0,3.1,3.0,4,0.0,0.0,192.1,202.0,204.25,205.0,,,0.0,0.0,0,0.0,0
0.5,0.01,2.0,Alabama,120.4,100,213,105.5,4.9,5.5,8,0.0,0.0,236.88888888888889,259.0,278.5,255.0,186.0,186.0,1.0,1.0,1,0.0,0
ALL,ALL,ALL,Arkansas,120.8314606741573,98,463,98.0,7.308988764044944,7.0,15,0.005797101449275362,1.0,159.55652173913043,126.0,196.19003115264798,168.0,184.49818181818182,184.0,2.388111888111888,2.0,9,0.4747191011235955,2
1.0,0.05,2.0,New Hampshire,120.9,93,186,123.0,6.6,6.0,8,0.0,0.0,164.9,186.0,203.9,202.5,,,0.0,0.0,0,0.0,0
0.5,0.01,1.0,Connecticut,121.5,120,133,120.0,5.1,5.0,6,0.0,0.0,166.9,155.0,220.4,172.0,199.57142857142858,207.0,2.2857142857142856,2.0,5,0.0,0
2.0,0.01,0.5,Maine,121.6,57,214,106.0,9.8,10.0,11,0.0,0.0,195.1,214.0,221.1,222.0,247.0,278.0,0.7142857142857143,1.0,1,0.2,1
2.0,0.05,1.0,Louisiana,121.7,101,202,101.0,3.8,4.0,5,0.0,0.0,172.9,193.0,230.0,202.0,,,0.0,0.0,0,0.0,0
1.0,0.05,1.0,New Hampshire,121.7,77,186,123.0,6.9,7.0,8,0.0,0.0,169.8,186.0,188.8,200.0,,,0.0,0.0,0,0.0,0
1.0,0.01,1.0,Virginia,121.7,74,195,111.0,16.6,17.0,19,0.2,1.0,153.6,137.5,178.8,170.5,218.8,253.0,5.3,4.5,11,3.2,5
0.5,0.01,0.5,South Carolina,121.85714285714286,108,155,108.0,1.4285714285714286,1.0,2,0.0,0.0,276.0,275.0,,,187.0,187.0,1.0,1.0,1,0.0,0
2.0,0.01,2.0,Virginia,123.2,111,153,122.0,19.6,20.0,23,0.2,2.0,144.5,147.0,172.0,170.0,236.7,250.0,5.7,5.0,10,4.0,6
0.5,0.05,0.5,Louisiana,123.44444444444444,101,202,101.0,1.4444444444444444,1.0,2,0.0,0.0,202.0,202.0,,,,,0.0,0.0,0,0.0,0
2.0,0.05,2.0,Louisiana,125.4,101,202,108.0,3.6,3.0,5,0.0,0.0,191.5,202.0,300.8,205.0,,,0.0,0.0,0,0.0,0
1.0,0.01,0.5,North Carolina,126.4,97,171,122.0,9.9,10.0,13,0.0,0.0,152.0,132.5,172.9,182.5,164.57142857142858,164.0,1.8571428571428572,2.0,3,0.4,1
1.0,0.01,1.0,Maine,126.5,57,214,97.5,9.6,9.5,11,0.0,0.0,180.2,213.0,237.7,231.0,249.8,237.0,1.2,1.0,2,0.2,1
0.5,0.01,1.0,Maine,127.5,57,214,106.0,7.5,8.0,9,0.0,0.0,200.8,212.0,228.9,214.0,225.66666666666666,227.0,1.4,1.0,4,0.3,1
0.5,0.01,1.0,Alabama,128.55555555555554,100,174,111.0,2.888888888888889,3.0,6,0.0,0.0,185.625,174.0,246.0,222.5,,,0.0,0.0,0,0.0,0
1.0,0.01,1.0,Massachusetts,128.9,112,165,122.0,7.5,8.0,8,0.0,0.0,147.2,142.5,161.9,158.0,185.375,193.5,1.3333333333333333,1.0,2,0.2,1
0.5,0.1,2.0,Louisiana,130.4,101,202,101.0,3.0,3.0,4,0.0,0.0,192.4,202.0,203.71428571428572,205.0,,,0.0,0.0,0,0.0,0
ALL,ALL,ALL,Louisiana,130.55696202531647,101,570,101.0,2.9525316455696204,3.0,5,0.0,0.0,186.60902255639098,202.0,217.98816568047337,202.0,265.0,265.0,1.0,1.0,1,0.0,0
1.0,0.05,0.5,Louisiana,131.3,101,202,101.0,1.8,2.0,3,0.0,0.0,189.57142857142858,202.0,202.0,202.0,,,0.0,0.0,0,0.0,0
0.5,0.05,1.0,Delaware,131.6,65,265,140.0,2.3,2.5,3,0.0,0.0,203.5,246.0,244.2,227.0,192.25,191.0,2.25,2.0,4,0.0,0
2.0,0.01,0.5,Alabama,132.5,100,213,111.0,7.1,6.5,11,0.0,0.0,186.4,183.0,267.0,236.0,,,0.0,0.0,0,0.0,0
1.0,0.01,0.5,Alabama,135.0,100,192,123.0,2.7,2.5,4,0.0,0.0,200.22222222222223,158.0,371.8,418.0,,,0.0,0.0,0,0.0,0
2.0,0.01,2.0,North Carolina,135.1,97,190,123.0,15.3,15.0,20,0.0,0.0,166.2,173.0,189.5,200.0,260.0,197.5,3.5,3.5,6,0.7,2
0.5,0.01,0.5,North Carolina,135.3,97,190,124.0,6.5,6.0,9,0.0,0.0,171.7,180.5,197.2,196.0,145.25,136.0,1.0,1.0,2,0.2,1
0.5,0.01,0.5,Arkansas,135.57142857142858,98,221,98.0,1.4285714285714286,1.0,2,0.0,0.0,196.66666666666666,201.0,,,,,0.0,0.0,0,0.14285714285714285,1
2.0,0.01,1.0,North Carolina,135.7,122,175,128.5,13.8,14.0,20,0.0,0.0,168.1,181.5,188.0,190.0,219.55555555555554,184.0,3.5,4.0,6,0.9,2
0.5,0.01,2.0,North Carolina,136.4,122,209,128.0,12.2,13.0,17,0.0,0.0,170.5,173.0,190.0,186.0,158.5,155.5,1.1111111111111112,1.0,3,0.7,1
0.5,0.01,0.5,Alabama,136.5,100,182,130.0,1.7,1.0,3,0.0,0.0,153.25,158.0,171.33333333333334,174.0,,,0.0,0.0,0,0.0,0
1.0,0.01,1.0,Connecticut,136.8,70,303,120.0,5.8,6.0,7,0.0,0.0,200.1,172.0,294.5,303.0,281.57142857142856,234.0,1.125,1.0,3,0.2,2
2.0,0.01,1.0,West Virginia,138.0,101,215,133.5,6.3,6.0,8,0.0,0.0,210.5,225.0,269.4,252.0,267.8888888888889,291.0,1.9,2.0,4,0.6,1
2.0,0.01,2.0,South Carolina,138.6,108,199,133.0,6.0,6.0,8,0.0,0.0,254.5,220.5,337.0,351.5,282.44444444444446,294.0,3.2222222222222223,3.0,5,0.3,1
2.0,0.01,2.0,Connecticut,140.0,114,303,120.0,5.1,5.0,7,0.0,0.0,194.1,155.5,277.3,304.0,304.55555555555554,348.0,1.7777777777777777,2.0,3,0.4,2
0.5,0.01,1.0,North Carolina,140.9,97,190,127.5,8.9,9.0,13,0.0,0.0,166.0,175.0,185.2,190.5,219.125,147.0,1.4444444444444444,1.0,5,0.5,2
ALL,ALL,ALL,Delaware,141.04249291784703,64,434,65.0,2.575070821529745,3.0,3,0.0,0.0,191.4664536741214,140.0,252.0,140.0,244.7123287671233,194.0,1.9908675799086757,2.0,5,0.0,0
1.0,0.05,1.0,Louisiana,141.9,101,202,108.0,2.4,2.0,3,0.0,0.0,202.6,203.5,204.25,205.0,,,0.0,0.0,0,0.0,0
1.0,0.05,2.0,Louisiana,142.2,101,205,108.0,3.3,3.5,4,0.0,0.0,201.1,197.5,236.125,203.5,,,0.0,0.0,0,0.0,0
0.5,0.05,2.0,Louisiana,142.2,101,205,108.0,2.9,3.0,5,0.0,0.0,191.0,202.0,202.85714285714286,205.0,,,0.0,0.0,0,0.0,0
2.0,0.01,0.5,North Carolina,143.3,121,178,132.5,14.8,14.5,18,0.0,0.0,169.7,175.0,188.6,190.0,309.7,316.0,3.1,3.5,6,0.9,2
1.0,0.01,1.0,Alabama,145.0,100,259,117.0,4.4,5.0,8,0.0,0.0,227.5,158.0,290.375,188.5,,,0.0,0.0,0,0.0,0
1.0,0.01,2.0,North Carolina,145.9,122,193,138.5,15.8,15.5,21,0.0,0.0,170.2,160.0,191.2,184.0,259.2,174.0,3.1,3.0,6,0.8,2
2.0,0.01,1.0,Maine,146.3,57,214,151.5,9.3,9.5,11,0.0,0.0,192.9,214.0,240.3,232.0,311.8,278.0,1.3333333333333333,1.0,3,0.6,2
0.5,0.01,0.5,Maine,148.1,57,214,151.5,4.9,5.5,7,0.0,0.0,203.6,214.0,240.77777777777777,221.0,240.4,237.0,1.2,1.0,2,0.1,1
1.0,0.01,0.5,New Hampshire,149.6,123,200,123.0,5.1,5.0,7,0.0,0.0,215.0,218.0,237.5,235.5,262.0,262.0,1.0,1.0,1,0.0,0
2.0,0.01,0.5,West Virginia,149.8,101,232,135.0,6.8,7.0,8,0.0,0.0,198.4,198.0,234.9,226.0,325.44444444444446,269.0,1.4,1.0,3,0.5,1
2.0,0.05,0.5,Delaware,150.0,65,270,140.0,3.0,3.0,3,0.0,0.0,247.8,264.5,400.4,357.0,345.0,225.0,1.7142857142857142,1.0,4,0.0,0
0.5,0.05,1.0,Louisiana,151.5,101,202,151.5,1.25,1.0,2,0.0,0.0,202.0,202.0,,,,,0.0,0.0,0,0.0,0
1.0,0.05,2.0,Delaware,152.2,65,270,140.0,2.9,3.0,3,0.0,0.0,271.8,304.0,422.77777777777777,357.0,392.5,389.0,1.375,1.0,2,0.0,0
2.0,0.1,2.0,Rhode Island,152.5,125,198,147.0,2.1,2.0,3,0.0,0.0,226.5,193.0,456.0,456.0,,,0.0,0.0,0,0.0,0
2.0,0.01,1.0,South Carolina,152.6,108,278,133.0,5.6,5.5,7,0.0,0.0,228.1,199.0,325.7,370.0,368.0,390.5,2.625,2.0,7,0.4,2
1.0,0.05,1.0,Delaware,153.5,65,270,102.5,2.7,3.0,3,0.0,0.0,226.8,202.5,296.14285714285717,357.0,303.14285714285717,199.0,2.0,2.0,4,0.0,0
0.5,0.01,0.5,Mississippi,153.5,76,169,169.0,1.1666666666666667,1.0,2,0.0,0.0,254.0,254.0,,,,,0.0,0.0,0,0.0,0
2.0,0.25,1.0,Rhode Island,154.2,125,193,147.0,2.5,3.0,3,0.0,0.0,251.44444444444446,193.0,465.3333333333333,456.0,,,0.0,0.0,0,0.0,0
2.0,0.05,1.0,Delaware,154.2,65,270,140.0,2.8,3.0,3,0.0,0.0,256.5,262.0,391.125,386.0,277.1666666666667,225.0,1.8333333333333333,2.0,3,0.0,0
2.0,0.01,2.0,West Virginia,154.4,123,232,135.0,7.4,7.5,9,0.0,0.0,212.9,215.0,255.5,232.0,264.5,278.0,1.7,2.0,3,0.6,1
2.0,0.01,2.0,Alabama,155.5,100,263,148.5,7.0,7.5,10,0.0,0.0,243.2,220.5,355.1,379.5,,,0.0,0.0,0,0.0,0
1.0,0.05,0.5,Delaware,155.6,65,270,140.0,2.5,2.5,3,0.0,0.0,279.0,267.5,277.8,270.0,242.0,199.0,1.8,2.0,3,0.0,0
1.0,0.01,1.0,North Carolina,156.1,122,221,139.0,13.4,12.0,20,0.0,0.0,177.9,180.0,197.4,193.0,232.0,174.0,2.0,2.5,4,0.8,1
1.0,0.25,1.0,Rhode Island,156.6,125,193,147.0,2.1,2.0,3,0.0,0.0,314.0,193.0,456.0,456.0,,,0.0,0.0,0,0.0,0
2.0,0.01,0.5,South Carolina,157.2,65,370,144.0,4.2,3.5,7,0.1,1.0,277.4,293.0,396.8,419.0,364.375,363.0,2.375,3.0,4,0.4,2
2.0,0.05,2.0,Delaware,157.4,64,265,140.0,2.9,3.0,3,0.0,0.0,263.4,270.0,373.22222222222223,357.0,447.85714285714283,559.0,1.5714285714285714,1.0,3,0.0,0
2.0,0.01,0.5,Arkansas,163.2,98,264,183.0,4.3,4.0,7,0.1,1.0,233.8,264.0,281.8888888888889,274.0,391.0,391.0,0.6666666666666666,1.0,1,0.1,1
1.0,0.1,0.5,Rhode Island,163.7,125,198,147.0,1.6,2.0,2,0.0,0.0,193.83333333333334,193.0,,,,,0.0,0.0,0,0.0,0
1.0,0.01,2.0,Alabama,164.9,100,465,111.0,6.2,6.0,8,0.0,0.0,243.5,193.5,352.6,405.0,,,0.0,0.0,0,0.0,0
0.5,0.05,2.0,Delaware,165.6,65,270,150.0,2.4,3.0,3,0.0,0.0,241.375,267.5,382.6666666666667,357.0,362.7142857142857,225.0,1.4285714285714286,1.0,2,0.0,0
0.5,0.01,1.0,New Hampshire,166.6,97,228,186.0,4.5,4.5,6,0.1,1.0,218.6,214.0,262.7,260.0,,,0.0,0.0,0,0.1,1
1.0,0.01,0.5,South Carolina,167.1,108,333,144.0,3.3,3.0,6,0.0,0.0,298.22222222222223,275.0,313.1666666666667,275.0,319.0,224.0,2.6666666666666665,2.0,5,0.0,0
0.5,0.01,2.0,South Carolina,167.5,108,478,133.0,4.2,4.5,7,0.0,0.0,204.625,199.0,358.375,404.0,207.0,188.5,2.6666666666666665,2.5,5,0.2,1
2.0,0.1,1.0,Rhode Island,168.0,125,193,193.0,1.9,2.0,3,0.0,0.0,338.5,324.5,456.0,456.0,,,0.0,0.0,0,0.0,0
0.5,0.1,1.0,Rhode Island,168.0,125,193,193.0,1.4,1.0,2,0.0,0.0,193.0,193.0,,,,,0.0,0.0,0,0.0,0
2.0,0.01,0.5,New Hampshire,169.4,97,235,186.0,5.0,5.0,7,0.0,0.0,221.0,228.0,262.3,250.0,,,0.0,0.0,0,0.0,0
1.0,0.01,1.0,Arkansas,169.4,98,227,184.5,3.8,3.5,6,0.0,0.0,225.7,220.5,274.6666666666667,274.0,277.5,277.5,0.6666666666666666,1.0,1,0.1,1
2.0,0.25,0.5,Rhode Island,170.2,125,193,193.0,2.6,3.0,3,0.0,0.0,304.0,205.0,465.3333333333333,456.0,,,0.0,0.0,0,0.0,0
1.0,0.1,2.0,Rhode Island,170.7,125,198,193.0,2.0,2.0,3,0.0,0.0,297.375,199.0,456.0,456.0,,,0.0,0.0,0,0.0,0
1.0,0.01,2.0,Mississippi,171.1,67,283,169.0,3.1,3.5,4,0.0,0.0,260.0,254.0,319.42857142857144,254.0,297.6666666666667,410.0,1.0,1.0,1,0.0,0
2.0,0.01,1.0,Alabama,171.5,100,431,130.0,6.9,6.0,10,0.0,0.0,287.1,261.0,370.0,405.5,388.0,388.0,1.0,1.0,1,0.0,0
1.0,0.25,0.5,Rhode Island,172.4,125,193,193.0,1.5,1.5,2,0.0,0.0,195.4,193.0,,,,,0.0,0.0,0,0.0,0
0.5,0.25,0.5,Rhode Island,172.4,125,193,193.0,1.4,1.0,2,0.0,0.0,193.0,193.0,,,,,0.0,0.0,0,0.0,0
0.5,0.01,1.0,South Carolina,174.0,108,430,133.0,2.0,2.0,3,0.0,0.0,298.6666666666667,275.0,379.3333333333333,430.0,187.0,187.0,2.0,2.0,2,0.0,0
0.5,0.01,0.5,West Virginia,174.7,101,252,178.0,2.8,3.0,4,0.0,0.0,219.44444444444446,218.0,237.85714285714286,232.0,260.0,260.0,1.3333333333333333,1.0,2,0.0,0
0.5,0.25,1.0,Rhode Island,174.8,125,193,193.0,1.3,1.0,2,0.0,0.0,193.0,193.0,,,,,0.0,0.0,0,0.0,0
1.0,0.01,0.5,West Virginia,176.1,107,252,163.5,3.8,4.0,6,0.0,0.0,252.7,225.0,248.375,252.0,277.22222222222223,291.0,1.3333333333333333,1.0,2,0.2,1
1.0,0.01,0.5,Mississippi,176.7,67,254,175.5,1.6,1.0,3,0.0,0.0,193.5,175.5,182.0,182.0,73.0,73.0,1.0,1.0,1,0.0,0
2.0,0.25,2.0,Rhode Island,177.0,125,193,193.0,2.8,3.0,3,0.0,0.0,326.9,330.5,485.5,490.0,,,0.0,0.0,0,0.0,0
2.0,0.1,0.5,Rhode Island,177.0,125,193,193.0,1.9,2.0,3,0.0,0.0,324.5,324.5,474.6666666666667,456.0,,,0.0,0.0,0,0.0,0
0.5,0.1,2.0,Rhode Island,179.4,125,193,193.0,1.4,1.0,2,0.0,0.0,271.5,201.5,,,,,0.0,0.0,0,0.0,0
0.5,0.01,2.0,Arkansas,179.4,98,274,191.0,3.0,3.0,5,0.0,0.0,309.6,274.0,339.8333333333333,378.0,224.0,224.0,1.0,1.0,2,0.1,1
0.5,0.05,2.0,Rhode Island,179.7,147,198,193.0,1.5,1.5,2,0.0,0.0,198.8,198.0,,,,,0.0,0.0,0,0.0,0
0.5,0.05,1.0,Rhode Island,181.6,125,193,193.0,1.3,1.0,2,0.0,0.0,198.66666666666666,198.0,,,,,0.0,0.0,0,0.0,0
1.0,0.05,1.0,Rhode Island,183.1,125,198,193.0,1.4,1.0,2,0.0,0.0,325.75,327.0,,,,,0.0,0.0,0,0.0,0
1.0,0.25,2.0,Rhode Island,183.8,147,193,193.0,2.1,2.0,3,0.0,0.0,390.25,456.0,493.3333333333333,512.0,,,0.0,0.0,0,0.0,0
0.5,0.25,2.0,Rhode Island,183.8,147,193,193.0,1.8,2.0,2,0.0,0.0,276.0,205.0,,,,,0.0,0.0,0,0.0,0
1.0,0.05,2.0,Rhode Island,184.3,147,198,193.0,1.8,2.0,3,0.0,0.0,365.85714285714283,456.0,456.0,456.0,,,0.0,0.0,0,0.0,0
2.0,0.05,0.5,Rhode Island,184.3,147,198,193.0,1.4,1.0,3,0.0,0.0,197.0,193.0,456.0,456.0,,,0.0,0.0,0,0.0,0
1.0,0.1,1.0,Rhode Island,184.3,147,198,193.0,1.8,1.5,3,0.0,0.0,250.4,205.0,467.3333333333333,456.0,,,0.0,0.0,0,0.0,0
0.5,0.01,0.5,New Hampshire,184.5,123,260,186.0,2.8,3.0,4,0.0,0.0,229.375,227.0,267.3333333333333,246.0,,,0.0,0.0,0,0.0,0
0.5,0.01,2.0,Mississippi,184.625,69,283,175.5,2.5,2.5,4,0.0,0.0,249.66666666666666,218.0,331.25,268.5,,,0.0,0.0,0,0.0,0
2.0,0.01,1.0,New Hampshire,184.7,123,236,186.0,5.0,5.0,6,0.0,0.0,236.6,235.5,252.5,246.0,474.0,474.0,1.0,1.0,1,0.0,0
1.0,0.01,1.0,New Hampshire,184.8,95,236,186.0,5.0,5.0,6,0.0,0.0,238.2,241.0,264.7,261.0,474.0,474.0,1.0,1.0,1,0.0,0
2.0,0.01,0.5,Mississippi,185.3,169,254,182.0,2.6,2.5,4,0.0,0.0,320.7,254.0,353.8,283.0,372.0,372.0,1.0,1.0,1,0.0,0
1.0,0.01,1.0,Mississippi,185.66666666666666,169,254,182.0,2.3333333333333335,2.0,4,0.0,0.0,287.85714285714283,254.0,273.3333333333333,283.0,397.3333333333333,410.0,1.0,1.0,1,0.0,0
1.0,0.01,2.0,West Virginia,187.5,111,252,198.0,5.7,6.0,9,0.0,0.0,265.4,242.0,317.22222222222223,297.0,386.6666666666667,291.0,1.1666666666666667,1.0,2,0.3,1
1.0,0.05,0.5,Rhode Island,188.4,147,193,193.0,1.2,1.0,2,0.0,0.0,199.0,199.0,,,,,0.0,0.0,0,0.0,0
0.5,0.1,0.5,Rhode Island,188.4,147,193,193.0,1.1,1.0,2,0.0,0.0,193.0,193.0,,,,,0.0,0.0,0,0.0,0
2.0,0.05,2.0,Rhode Island,188.9,147,198,193.0,1.6,1.5,3,0.0,0.0,376.6,456.0,456.0,456.0,,,0.0,0.0,0,0.0,0
ALL,ALL,ALL,Rhode Island,188.97435897435898,125,563,193.0,1.5555555555555556,1.0,3,0.0,0.0,291.11538461538464,198.0,470.1025641025641,456.0,,,0.0,0.0,0,0.0,0
1.0,0.01,1.0,South Carolina,189.11111111111111,108,382,133.0,4.0,4.0,7,0.0,0.0,324.77777777777777,402.0,335.57142857142856,304.0,277.2857142857143,201.0,2.7142857142857144,3.0,4,0.2222222222222222,1
0.5,0.01,1.0,Arkansas,189.4,98,274,194.5,2.5,3.0,4,0.0,0.0,283.57142857142856,264.0,346.0,370.5,435.0,435.0,1.0,1.0,1,0.0,0
0.5,0.01,1.0,West Virginia,190.0,132,232,198.0,3.5,3.0,5,0.0,0.0,221.4,226.5,269.3,267.5,275.5,291.0,1.125,1.0,2,0.0,0
1.0,0.01,2.0,Rhode Island,190.66666666666666,147,198,198.0,1.2222222222222223,1.0,2,0.0,0.0,509.5,509.5,,,,,0.0,0.0,0,0.0,0
2.0,0.05,1.0,Rhode Island,194.0,193,198,193.0,1.2,1.0,2,0.0,0.0,330.5,330.5,,,,,0.0,0.0,0,0.0,0
0.5,0.01,1.0,Mississippi,194.5,169,254,169.0,1.3,1.0,2,0.0,0.0,254.0,254.0,,,,,0.0,0.0,0,0.0,0
0.5,0.01,1.0,Rhode Island,195.22222222222223,193,198,193.0,1.0,1.0,1,,,,,,,,,0.0,0.0,0,0.0,0
0.5,0.05,0.5,Rhode Island,195.5,193,198,195.5,1.0,1.0,1,,,,,,,,,0.0,0.0,0,0.0,0
1.0,0.01,0.5,Rhode Island,195.5,193,198,195.5,1.0,1.0,1,,,,,,,,,0.0,0.0,0,0.0,0
0.5,0.01,0.5,Rhode Island,196.33333333333334,193,198,198.0,1.0,1.0,1,,,,,,,,,0.0,0.0,0,0.0,0
2.0,0.01,2.0,New Hampshire,197.0,186,246,186.0,5.3,5.0,7,0.0,0.0,230.2,228.0,257.6,260.0,372.0,372.0,1.5,1.5,2,0.0,0
2.0,0.01,2.0,Arkansas,199.3,98,463,183.0,4.6,4.5,7,0.1,1.0,264.1,264.0,315.0,274.0,326.1111111111111,348.0,2.2222222222222223,2.0,5,0.1,1
1.0,0.01,2.0,New Hampshire,200.0,123,273,200.0,5.2,5.0,6,0.0,0.0,252.4,253.0,281.8,282.0,474.0,474.0,1.0,1.0,1,0.0,0
0.5,0.01,2.0,New Hampshire,201.5,123,260,186.0,4.8,5.0,6,0.0,0.0,240.1,243.0,260.8888888888889,260.0,474.0,474.0,1.0,1.0,1,0.0,0
0.5,0.01,1.0,Louisiana,202.0,202,202,202.0,1.0,1.0,1,,,,,,,,,0.0,0.0,0,0.0,0
1.0,0.01,0.5,Louisiana,202.0,202,202,202.0,1.0,1.0,1,,,,,,,,,0.0,0.0,0,0.0,0
0.5,0.01,0.5,Louisiana,202.0,202,202,202.0,1.0,1.0,1,,,,,,,,,0.0,0.0,0,0.0,0
1.0,0.01,1.0,Louisiana,202.42857142857142,193,205,205.0,1.4285714285714286,1.0,3,0.0,0.0,205.0,205.0,480.0,480.0,,,0.0,0.0,0,0.0,0
2.0,0.01,0.5,Louisiana,202.5,193,205,205.0,1.6666666666666667,1.0,4,0.0,0.0,381.5,381.5,480.0,480.0,,,0.0,0.0,0,0.0,0
0.5,0.01,2.0,Louisiana,203.5,202,205,203.5,1.3333333333333333,1.0,2,0.0,0.0,335.5,335.5,,,,,0.0,0.0,0,0.0,0
2.0,0.01,1.0,Louisiana,204.33333333333334,202,205,205.0,1.7777777777777777,2.0,3,0.0,0.0,415.0,473.0,567.0,567.0,,,0.0,0.0,0,0.0,0
1.0,0.01,1.0,West Virginia,206.7,174,252,198.0,4.6,5.0,8,0.0,0.0,263.9,252.0,297.75,285.0,283.25,291.0,1.375,1.0,3,0.3,1
2.0,0.01,2.0,Mississippi,210.6,67,547,169.0,3.4,3.0,5,0.0,0.0,276.5,254.0,323.625,283.0,222.5,222.5,1.0,1.0,1,0.0,0
0.5,0.01,2.0,West Virginia,212.0,174,252,198.0,5.2,5.0,9,0.0,0.0,268.1,252.0,327.77777777777777,313.0,366.0,291.0,1.2,1.0,2,0.5,1
2.0,0.01,1.0,Arkansas,216.1,98,378,209.5,3.9,4.0,6,0.0,0.0,310.5,274.0,377.0,378.0,363.14285714285717,380.0,1.2857142857142858,1.0,3,0.0,0
2.0,0.01,1.0,Mississippi,221.7,169,432,182.0,2.8,2.5,5,0.0,0.0,311.375,254.0,380.4,283.0,389.75,410.0,1.5,1.5,2,0.0,0
1.0,0.01,0.5,Arkansas,221.77777777777777,98,463,221.0,1.8888888888888888,2.0,3,0.0,0.0,259.6666666666667,242.5,321.0,321.0,197.33333333333334,184.0,1.0,1.0,1,0.0,0
2.0,0.01,2.0,Rhode Island,224.7,125,563,193.0,1.2,1.0,2,0.0,0.0,327.0,327.0,,,,,0.0,0.0,0,0.0,0
2.0,0.01,1.0,Rhode Island,232.5,193,558,198.0,1.0,1.0,1,,,,,,,,,0.0,0.0,0,0.0,0
1.0,0.01,2.0,Delaware,234.4,140,368,265.0,2.1,2.0,3,0.0,0.0,365.57142857142856,368.0,441.0,434.0,405.0,405.0,1.0,1.0,1,0.0,0
0.5,0.01,2.0,Rhode Island,237.44444444444446,193,563,198.0,1.1111111111111112,1.0,2,0.0,0.0,490.0,490.0,,,,,0.0,0.0,0,0.0,0
1.0,0.01,2.0,Arkansas,241.5,168,378,209.5,3.3,3.5,6,0.0,0.0,306.6666666666667,274.0,381.6666666666667,378.0,480.6666666666667,497.0,1.0,1.0,1,0.0,0
1.0,0.01,0.5,Delaware,245.0,140,376,267.5,2.4,2.0,3,0.0,0.0,369.4,345.5,383.75,366.5,399.0,399.0,1.0,1.0,1,0.0,0
2.0,0.01,2.0,Louisiana,249.875,202,570,205.0,1.625,2.0,2,0.0,0.0,364.4,466.0,,,,,0.0,0.0,0,0.0,0
2.0,0.01,0.5,Rhode Island,263.2,193,563,198.0,1.2,1.0,2,0.0,0.0,509.5,509.5,,,,,0.0,0.0,0,0.0,0
1.0,0.01,1.0,Delaware,269.9,140,376,270.0,2.2,2.0,3,0.0,0.0,379.22222222222223,376.0,382.6666666666667,357.0,516.0,559.0,1.3333333333333333,1.0,2,0.0,0
0.5,0.01,1.0,Delaware,278.22222222222223,140,434,270.0,1.2222222222222223,1.0,2,0.0,0.0,287.5,287.5,,,,,0.0,0.0,0,0.0,0
0.5,0.01,2.0,Delaware,283.8,140,417,270.0,1.9,2.0,3,0.0,0.0,400.125,434.0,392.0,392.0,569.3333333333334,559.0,1.0,1.0,1,0.0,0
0.5,0.01,0.5,Delaware,290.0,174,368,270.0,1.2,1.0,2,0.0,0.0,270.0,270.0,,,,,0.0,0.0,0,0.0,0
1.0,0.01,1.0,Rhode Island,300.4,147,563,198.0,1.1,1.0,2,0.0,0.0,563.0,563.0,,,,,0.0,0.0,0,0.0,0
2.0,0.01,2.0,Delaware,308.9,140,392,325.5,2.1,2.0,3,0.0,0.0,413.625,434.0,481.3333333333333,505.0,562.3333333333334,564.0,1.3333333333333333,1.0,2,0.0,0
2.0,0.01,0.5,Delaware,309.1,265,376,287.5,1.5,1.5,2,0.0,0.0,403.2,434.0,,,484.5,484.5,1.0,1.0,1,0.0,0
2.0,0.01,1.0,Delaware,313.2,140,392,346.0,1.8,1.5,3,0.0,0.0,380.6,368.0,481.3333333333333,505.0,572.6666666666666,564.0,1.0,1.0,1,0.0,0
1.0,0.01,2.0,Louisiana,346.2,193,567,202.0,1.6,1.0,3,0.0,0.0,205.0,205.0,480.0,480.0,,,0.0,0.0,0,0.0,0
