alpha,beta,gamma,state,mean_first_intro_day,earliest_first_intro_day,latest_first_intro_day,median_first_intro_day,mean_intro_count,median_intro_count,max_intro_count,mean_cumu_before_second_intro,max_cumu_before_second_intro,mean_intro_day_2,median_intro_day_2,mean_intro_day_3,median_intro_day_3,mean_first_export_day,median_first_export_day,mean_export_count,median_export_count,max_export_count,mean_total_cumu_cases,max_total_cumu_cases
0.5,0.01,0.5,Texas,28.0,28,28,28.0,22.9,22.5,27,0.0,0.0,28.0,28.0,28.0,28.0,38.1,39.0,44.1,45.0,48,28.2,33
0.5,0.01,1.0,Texas,28.0,28,28,28.0,28.1,29.0,31,0.0,0.0,28.0,28.0,28.0,28.0,37.4,39.0,57.7,57.5,63,33.0,38
0.5,0.05,0.5,Texas,28.0,28,28,28.0,31.7,32.5,37,0.0,0.0,28.0,28.0,28.0,28.0,33.0,33.0,59.0,59.5,69,39.6,44
1.0,0.01,0.5,Texas,28.0,28,28,28.0,27.4,28.0,31,0.0,0.0,28.0,28.0,28.0,28.0,33.6,33.0,70.7,71.0,80,41.6,47
0.5,0.01,2.0,Texas,28.0,28,28,28.0,31.9,31.5,38,0.0,0.0,28.0,28.0,28.0,28.0,35.9,34.5,85.1,84.5,96,46.3,53
0.5,0.1,0.5,Texas,28.0,28,28,28.0,29.3,29.0,33,0.0,0.0,28.0,28.0,28.0,28.0,33.0,33.0,60.1,60.5,66,46.5,48
0.5,0.05,1.0,Texas,28.0,28,28,28.0,35.8,36.0,40,0.0,0.0,28.0,28.0,28.0,28.0,33.0,33.0,72.1,71.0,82,47.6,51
1.0,0.01,1.0,Texas,28.0,28,28,28.0,31.1,30.5,38,0.0,0.0,28.0,28.0,28.0,28.0,37.2,39.0,87.7,88.0,101,48.8,52
0.5,0.25,0.5,Texas,28.0,28,28,28.0,30.2,29.0,34,0.0,0.0,28.0,28.0,28.0,28.0,33.0,33.0,62.0,60.0,72,50.6,53
2.0,0.01,0.5,Texas,28.0,28,28,28.0,32.9,33.0,38,0.0,0.0,28.0,28.0,28.0,28.0,35.3,33.0,93.9,94.0,117,51.4,58
1.0,0.01,2.0,Texas,28.0,28,28,28.0,34.8,35.5,39,0.0,0.0,28.0,28.0,28.0,28.0,36.2,36.0,101.1,103.0,110,52.1,60
0.5,0.1,1.0,Texas,28.0,28,28,28.0,33.4,33.0,37,0.0,0.0,28.0,28.0,28.0,28.0,33.0,33.0,73.0,70.5,86,52.4,56
2.0,0.01,1.0,Texas,28.0,28,28,28.0,34.4,34.0,38,0.0,0.0,28.0,28.0,28.0,28.0,35.0,33.0,107.3,106.0,123,53.2,59
1.0,0.05,0.5,Texas,28.0,28,28,28.0,34.4,33.5,41,0.0,0.0,28.0,28.0,28.0,28.0,33.0,33.0,86.4,87.5,95,53.6,59
0.5,0.25,1.0,Texas,28.0,28,28,28.0,34.2,33.5,37,0.0,0.0,28.0,28.0,28.0,28.0,33.0,33.0,72.6,74.0,78,55.0,59
0.5,0.05,2.0,Texas,28.0,28,28,28.0,36.1,36.5,40,0.0,0.0,28.0,28.0,28.0,28.0,33.3,33.0,98.4,98.5,105,55.2,60
ALL,ALL,ALL,Texas,28.0,28,28,28.0,33.544444444444444,34.0,44,0.0,0.0,28.0,28.0,28.0,28.0,33.74722222222222,33.0,92.50555555555556,96.0,133,55.43055555555556,71
2.0,0.01,2.0,Texas,28.0,28,28,28.0,31.6,33.0,37,0.0,0.0,28.0,28.0,28.0,28.0,34.9,33.0,112.1,112.0,127,56.2,65
1.0,0.05,1.0,Texas,28.0,28,28,28.0,36.1,36.0,39,0.0,0.0,28.0,28.0,28.0,28.0,33.0,33.0,98.6,101.0,106,57.3,63
1.0,0.1,0.5,Texas,28.0,28,28,28.0,33.7,32.5,39,0.0,0.0,28.0,28.0,28.0,28.0,33.0,33.0,87.3,89.0,92,58.3,62
0.5,0.1,2.0,Texas,28.0,28,28,28.0,34.1,34.0,37,0.0,0.0,28.0,28.0,28.0,28.0,33.0,33.0,99.9,101.0,107,59.8,63
1.0,0.05,2.0,Texas,28.0,28,28,28.0,36.6,36.0,40,0.0,0.0,28.0,28.0,28.0,28.0,33.0,33.0,111.8,111.0,123,60.0,63
2.0,0.05,0.5,Texas,28.0,28,28,28.0,35.9,36.0,40,0.0,0.0,28.0,28.0,28.0,28.0,33.0,33.0,111.6,112.5,124,60.0,66
1.0,0.1,1.0,Texas,28.0,28,28,28.0,36.7,37.0,40,0.0,0.0,28.0,28.0,28.0,28.0,33.0,33.0,100.5,100.0,112,60.2,62
2.0,0.05,2.0,Texas,28.0,28,28,28.0,37.7,36.0,43,0.0,0.0,28.0,28.0,28.0,28.0,33.0,33.0,115.3,115.0,121,60.5,65
2.0,0.05,1.0,Texas,28.0,28,28,28.0,36.4,36.5,40,0.0,0.0,28.0,28.0,28.0,28.0,33.0,33.0,115.7,115.0,127,60.7,65
0.5,0.25,2.0,Texas,28.0,28,28,28.0,35.7,35.5,44,0.0,0.0,28.0,28.0,28.0,28.0,33.0,33.0,92.0,91.5,101,61.7,65
2.0,0.1,0.5,Texas,28.0,28,28,28.0,34.3,34.0,38,0.0,0.0,28.0,28.0,28.0,28.0,33.0,33.0,109.8,110.5,117,62.1,65
1.0,0.25,0.5,Texas,28.0,28,28,28.0,32.4,32.5,36,0.0,0.0,28.0,28.0,28.0,28.0,33.0,33.0,83.1,83.0,96,62.2,66
1.0,0.1,2.0,Texas,28.0,28,28,28.0,36.3,35.5,42,0.0,0.0,28.0,28.0,28.0,28.0,33.0,33.0,107.7,111.0,121,62.7,67
2.0,0.1,2.0,Texas,28.0,28,28,28.0,35.7,35.5,38,0.0,0.0,28.0,28.0,28.0,28.0,33.0,33.0,116.4,116.0,124,63.6,68
1.0,0.25,1.0,Texas,28.0,28,28,28.0,34.3,34.0,39,0.0,0.0,28.0,28.0,28.0,28.0,33.0,33.0,95.5,95.0,100,64.8,68
2.0,0.1,1.0,Texas,28.0,28,28,28.0,34.1,33.0,41,0.0,0.0,28.0,28.0,28.0,28.0,33.0,33.0,113.5,111.5,124,64.8,70
1.0,0.25,2.0,Texas,28.0,28,28,28.0,35.4,36.0,37,0.0,0.0,28.0,28.0,28.0,28.0,33.0,33.0,104.5,105.0,113,65.4,68
2.0,0.25,0.5,Texas,28.0,28,28,28.0,34.7,34.5,38,0.0,0.0,28.0,28.0,28.0,28.0,33.0,33.0,102.2,101.0,117,65.5,70
2.0,0.25,1.0,Texas,28.0,28,28,28.0,34.3,34.5,37,0.0,0.0,28.0,28.0,28.0,28.0,33.0,33.0,109.9,106.0,123,66.8,71
2.0,0.25,2.0,Texas,28.0,28,28,28.0,33.0,33.0,35,0.0,0.0,28.0,28.0,28.0,28.0,33.0,33.0,111.6,111.5,133,67.8,70
1.0,0.25,0.5,Maryland,33.0,33,33,33.0,14.2,14.0,15,0.0,0.0,41.4,41.0,46.0,46.0,39.6,40.0,34.8,33.5,42,2.2,4
0.5,0.25,0.5,Maryland,33.0,33,33,33.0,12.9,13.0,14,0.0,0.0,41.0,41.0,46.1,46.0,39.4,40.0,30.5,30.5,35,2.2,3
1.0,0.25,1.0,Maryland,33.0,33,33,33.0,14.0,14.0,16,0.0,0.0,41.6,41.0,46.1,46.0,39.2,40.0,37.1,37.5,43,2.2,4
2.0,0.25,0.5,Maryland,33.0,33,33,33.0,15.2,15.5,16,0.1,1.0,41.5,41.0,46.1,46.0,39.8,40.0,37.0,37.0,41,2.2,3
1.0,0.25,2.0,Maryland,33.0,33,33,33.0,14.9,15.0,17,0.1,1.0,41.6,41.0,46.2,46.0,39.6,40.0,39.2,40.0,43,2.5,4
0.5,0.25,1.0,Maryland,33.0,33,33,33.0,13.9,14.0,15,0.1,1.0,41.5,41.0,46.6,46.0,40.0,40.0,33.5,32.0,42,2.6,4
0.5,0.25,2.0,Maryland,33.0,33,33,33.0,14.1,14.0,15,0.2,1.0,42.0,41.0,46.5,46.0,39.8,40.0,36.0,36.0,41,2.6,4
2.0,0.25,2.0,Maryland,33.0,33,33,33.0,14.6,14.5,16,0.2,1.0,42.0,41.0,46.2,46.0,40.2,40.0,39.1,38.0,47,2.6,4
1.0,0.05,2.0,Maryland,33.0,33,33,33.0,14.3,15.0,15,0.2,1.0,46.0,47.5,52.1,52.5,37.2,40.0,32.7,33.0,35,2.7,4
2.0,0.25,1.0,Maryland,33.0,33,33,33.0,14.4,14.0,16,0.4,1.0,43.2,41.0,47.0,46.0,39.6,40.0,38.4,37.5,49,2.7,4
0.5,0.1,1.0,Arizona,33.0,33,33,33.0,8.1,8.0,10,1.0,1.0,47.4,48.0,57.4,57.0,28.0,28.0,6.6,7.0,9,2.8,4
1.0,0.1,2.0,Arizona,33.0,33,33,33.0,8.2,8.0,9,1.0,1.0,47.4,48.0,58.5,57.0,28.0,28.0,9.1,9.0,11,2.8,4
0.5,0.05,1.0,Maryland,33.0,33,33,33.0,12.2,12.0,16,0.1,1.0,44.7,45.5,50.8,48.0,41.0,41.0,27.1,27.0,32,2.9,4
2.0,0.25,0.5,Arizona,33.0,33,33,33.0,8.0,8.0,9,1.0,1.0,45.8,45.0,57.0,57.0,28.0,28.0,9.0,9.0,10,2.9,4
2.0,0.1,2.0,Arizona,33.0,33,33,33.0,8.1,8.0,9,1.0,1.0,47.1,48.0,57.2,57.0,28.0,28.0,9.1,10.0,11,2.9,4
2.0,0.1,0.5,Maryland,33.0,33,33,33.0,14.0,14.0,16,0.4,1.0,45.1,46.0,49.5,48.0,40.6,41.0,33.9,34.0,37,2.9,4
1.0,0.1,1.0,Arizona,33.0,33,33,33.0,7.5,7.0,9,1.0,1.0,47.3,48.0,57.6,57.0,28.0,28.0,9.0,9.0,10,2.9,4
2.0,0.25,2.0,Arizona,33.0,33,33,33.0,8.0,8.0,9,1.0,1.0,45.7,46.5,57.0,57.0,28.0,28.0,9.0,9.0,11,3.0,4
0.5,0.1,2.0,Arizona,33.0,33,33,33.0,7.7,8.0,9,1.0,1.0,46.3,48.0,57.0,57.0,28.0,28.0,9.5,10.0,12,3.0,4
0.5,0.1,2.0,Maryland,33.0,33,33,33.0,13.1,13.0,14,0.3,1.0,44.3,44.0,49.6,48.0,40.4,40.0,35.2,35.0,41,3.0,4
0.5,0.1,0.5,Arizona,33.0,33,33,33.0,7.8,8.0,9,1.0,1.0,47.8,48.0,57.2,57.0,28.0,28.0,7.4,7.5,9,3.0,4
0.5,0.1,0.5,Maryland,33.0,33,33,33.0,11.6,12.0,13,0.3,1.0,44.4,45.0,47.6,46.5,41.0,41.0,27.1,26.5,31,3.0,5
0.5,0.25,1.0,Arizona,33.0,33,33,33.0,7.7,8.0,9,1.0,1.0,44.5,45.0,57.0,57.0,28.0,28.0,8.0,8.5,12,3.1,4
0.5,0.25,2.0,Arizona,33.0,33,33,33.0,7.9,8.0,9,1.0,1.0,44.7,45.0,57.0,57.0,28.0,28.0,9.0,9.0,12,3.1,4
1.0,0.25,1.0,Arizona,33.0,33,33,33.0,7.9,8.0,9,1.0,1.0,45.5,45.0,57.0,57.0,28.0,28.0,9.1,8.5,12,3.1,4
2.0,0.1,1.0,Maryland,33.0,33,33,33.0,14.3,14.0,15,0.4,1.0,44.0,45.5,47.3,47.5,40.2,40.0,36.1,36.0,41,3.1,4
0.5,0.1,1.0,Maryland,33.0,33,33,33.0,13.2,13.0,15,0.4,1.0,44.7,46.0,48.0,48.0,40.0,40.0,28.9,30.0,32,3.1,5
1.0,0.25,2.0,Arizona,33.0,33,33,33.0,7.8,8.0,9,1.0,1.0,46.4,48.0,57.0,57.0,28.0,28.0,9.4,9.5,13,3.2,4
1.0,0.1,0.5,Maryland,33.0,33,33,33.0,12.6,12.0,15,0.6,1.0,45.4,46.5,49.5,48.0,40.6,40.0,32.3,33.0,38,3.2,5
2.0,0.1,0.5,Arizona,33.0,33,33,33.0,7.6,8.0,8,1.0,1.0,47.4,48.0,57.4,57.0,28.0,28.0,8.1,8.5,10,3.2,4
1.0,0.25,0.5,Arizona,33.0,33,33,33.0,7.7,8.0,8,1.0,1.0,46.5,46.5,57.0,57.0,28.0,28.0,8.1,9.0,11,3.3,4
0.5,0.25,0.5,Arizona,33.0,33,33,33.0,7.6,8.0,8,1.0,1.0,45.1,45.0,57.0,57.0,28.0,28.0,7.5,7.5,10,3.4,4
2.0,0.1,1.0,Arizona,33.0,33,33,33.0,7.6,7.0,9,1.0,1.0,47.8,48.0,57.2,57.0,28.0,28.0,9.3,9.5,12,3.4,4
1.0,0.1,2.0,Maryland,33.0,33,33,33.0,13.7,14.0,16,0.6,1.0,44.3,46.0,48.4,48.0,40.2,40.0,35.3,34.0,47,3.4,5
2.0,0.1,2.0,Maryland,33.0,33,33,33.0,13.8,14.0,16,0.5,1.0,44.6,45.5,49.6,48.0,40.0,40.0,35.2,35.5,42,3.4,5
1.0,0.1,1.0,Maryland,33.0,33,33,33.0,12.5,12.0,14,0.5,1.0,44.6,45.5,49.5,48.0,41.0,41.0,33.1,33.5,40,3.4,5
2.0,0.25,1.0,Arizona,33.0,33,33,33.0,7.5,7.5,8,1.0,1.0,45.4,45.0,57.0,57.0,28.0,28.0,9.7,10.0,12,3.5,4
0.5,0.25,1.0,Minnesota,33.0,33,33,33.0,25.9,26.5,29,12.2,14.0,40.0,40.0,42.1,42.0,28.0,28.0,84.9,84.5,91,50.2,53
1.0,0.25,1.0,Minnesota,33.0,33,33,33.0,25.4,25.0,31,11.8,13.0,40.0,40.0,42.1,42.0,28.0,28.0,85.7,86.5,91,52.6,55
0.5,0.25,2.0,Minnesota,33.7,33,40,33.0,27.7,26.5,35,12.1,19.0,40.9,40.0,42.6,42.0,28.0,28.0,83.4,84.0,93,50.3,54
2.0,0.25,0.5,Minnesota,33.7,33,40,33.0,27.9,28.0,33,11.2,15.0,40.4,40.0,42.4,42.0,30.6,28.0,82.3,83.5,87,51.1,55
1.0,0.25,0.5,Minnesota,33.7,33,40,33.0,25.6,26.0,30,11.7,18.0,40.7,40.0,42.5,42.0,28.0,28.0,86.0,87.5,95,51.9,54
1.0,0.05,1.0,Maryland,34.4,33,47,33.0,12.8,13.0,15,0.3,1.0,46.0,48.0,52.2,54.0,40.7,41.0,29.1,29.0,34,2.7,5
0.5,0.05,2.0,Arizona,34.5,33,48,33.0,8.0,8.0,10,0.9,1.0,49.1,48.0,66.0,72.0,28.0,28.0,8.3,8.0,10,2.8,4
2.0,0.05,1.0,Maryland,34.5,33,48,33.0,14.1,14.5,15,0.5,1.0,48.4,48.0,54.9,57.0,37.3,41.0,34.3,35.5,39,2.9,6
1.0,0.1,0.5,Arizona,34.5,33,48,33.0,7.7,8.0,8,0.9,1.0,46.9,48.0,58.9,57.0,28.0,28.0,8.9,9.0,11,2.9,4
1.0,0.05,0.5,Maryland,34.5,33,48,33.0,12.0,12.0,14,0.2,1.0,47.3,48.0,54.7,56.0,42.5,40.0,26.9,28.0,34,3.2,5
2.0,0.05,0.5,Arizona,34.5,33,48,33.0,7.2,7.0,9,0.9,1.0,48.3,48.0,63.6,59.0,28.0,28.0,8.8,9.0,11,3.2,5
2.0,0.05,0.5,Maryland,34.5,33,48,33.0,13.5,13.5,16,0.1,1.0,45.2,43.5,50.2,48.0,41.5,41.0,30.5,29.5,36,3.2,5
2.0,0.05,2.0,Maryland,34.5,33,48,33.0,13.5,13.0,16,0.5,1.0,47.2,48.0,54.4,56.5,43.2,41.0,31.1,32.5,34,3.2,5
0.5,0.05,0.5,Arizona,34.6,33,49,33.0,7.5,7.0,9,0.9,1.0,48.9,48.0,59.1,57.0,28.0,28.0,7.1,7.0,9,2.5,4
0.5,0.25,0.5,Minnesota,35.1,33,40,33.0,28.0,25.5,37,8.9,19.0,41.5,40.0,43.3,42.5,28.0,28.0,75.0,76.0,84,47.0,52
2.0,0.25,2.0,Minnesota,35.1,33,40,33.0,29.8,27.0,37,8.4,12.0,41.5,40.0,43.3,42.0,28.0,28.0,78.4,82.0,86,49.1,53
1.0,0.25,2.0,Minnesota,35.1,33,40,33.0,27.7,27.0,34,8.9,15.0,41.1,40.0,42.9,42.0,28.0,28.0,82.6,84.0,93,51.2,56
2.0,0.25,1.0,Minnesota,35.1,33,40,33.0,27.4,26.0,34,9.1,18.0,41.5,41.0,43.0,42.5,28.0,28.0,82.4,82.5,86,51.6,55
1.0,0.1,1.0,Minnesota,35.2,33,44,33.0,28.3,27.0,37,9.8,17.0,41.6,41.0,43.8,43.0,28.0,28.0,70.5,71.5,81,49.5,53
0.5,0.1,1.0,Minnesota,35.9,33,44,33.0,28.6,28.0,36,7.7,18.0,41.7,40.0,43.6,43.0,28.0,28.0,68.5,71.0,83,47.1,53
2.0,0.05,1.0,Arizona,36.0,33,48,33.0,8.3,8.0,9,0.8,1.0,50.3,48.0,62.6,59.0,28.0,28.0,8.4,8.5,9,2.7,4
1.0,0.05,2.0,Arizona,36.0,33,48,33.0,8.2,8.0,10,0.8,1.0,48.9,48.0,59.5,59.0,28.0,28.0,8.1,8.0,10,2.8,3
0.5,0.05,2.0,Maryland,36.0,33,48,33.0,12.6,12.5,15,0.1,1.0,46.9,45.5,51.0,48.0,44.8,42.0,29.0,29.5,36,2.8,4
0.5,0.05,0.5,Maryland,36.0,33,48,33.0,10.1,10.0,12,0.2,1.0,47.4,46.0,52.2,48.0,45.0,42.0,21.5,22.5,26,3.0,5
1.0,0.1,0.5,New Mexico,36.0,36,36,36.0,11.7,12.0,13,0.0,0.0,39.0,39.0,51.1,52.0,28.0,28.0,29.1,29.5,32,4.0,5
0.5,0.25,2.0,New Mexico,36.0,36,36,36.0,12.5,13.0,14,0.0,0.0,39.0,39.0,46.4,50.0,28.0,28.0,34.6,34.5,39,4.1,5
2.0,0.1,0.5,New Mexico,36.0,36,36,36.0,12.2,12.0,14,0.0,0.0,39.0,39.0,51.9,54.0,28.0,28.0,30.1,30.5,36,4.1,5
0.5,0.25,1.0,New Mexico,36.0,36,36,36.0,12.7,13.0,14,0.0,0.0,39.0,39.0,48.5,50.0,28.0,28.0,31.8,32.0,37,4.2,5
1.0,0.25,0.5,New Mexico,36.0,36,36,36.0,12.5,12.5,14,0.0,0.0,39.0,39.0,48.6,50.0,28.0,28.0,31.9,32.0,34,4.2,5
2.0,0.25,2.0,New Mexico,36.0,36,36,36.0,13.3,13.0,14,0.0,0.0,39.0,39.0,51.2,50.0,28.0,28.0,35.4,36.5,39,4.2,5
2.0,0.25,0.5,New Mexico,36.0,36,36,36.0,13.0,13.0,14,0.0,0.0,39.0,39.0,49.9,50.0,28.0,28.0,35.7,36.0,40,4.2,5
0.5,0.1,1.0,New Mexico,36.0,36,36,36.0,11.4,11.0,13,0.0,0.0,39.0,39.0,51.9,54.0,28.0,28.0,28.3,28.5,31,4.3,6
2.0,0.1,2.0,New Mexico,36.0,36,36,36.0,12.1,12.0,14,0.0,0.0,39.0,39.0,53.2,54.0,28.0,28.0,32.7,33.0,34,4.3,6
1.0,0.25,2.0,New Mexico,36.0,36,36,36.0,12.9,13.0,14,0.0,0.0,39.0,39.0,49.9,50.0,28.0,28.0,34.8,35.5,39,4.4,5
2.0,0.25,1.0,New Mexico,36.0,36,36,36.0,12.4,12.0,14,0.0,0.0,39.0,39.0,49.5,50.0,28.0,28.0,34.1,34.0,39,4.4,5
1.0,0.1,1.0,New Mexico,36.0,36,36,36.0,11.4,11.5,14,0.0,0.0,39.0,39.0,51.4,52.0,28.0,28.0,29.8,30.0,36,4.4,6
1.0,0.25,1.0,New Mexico,36.0,36,36,36.0,12.2,12.5,14,0.0,0.0,39.0,39.0,49.0,50.0,28.0,28.0,33.6,33.5,36,4.5,6
0.5,0.1,2.0,New Mexico,36.0,36,36,36.0,11.3,11.0,13,0.0,0.0,39.0,39.0,51.0,50.0,28.0,28.0,30.4,30.5,38,4.5,6
0.5,0.25,0.5,New Mexico,36.0,36,36,36.0,10.3,10.5,11,0.0,0.0,39.0,39.0,52.6,53.5,28.0,28.0,30.2,30.5,32,5.5,7
0.5,0.05,0.5,New Mexico,36.0,36,36,36.0,7.5,7.0,10,0.0,0.0,39.0,39.0,72.6,73.5,28.0,28.0,25.7,25.5,31,5.7,7
0.5,0.25,1.0,Kansas,36.0,36,36,36.0,46.6,46.5,48,0.0,0.0,41.0,41.0,47.6,47.0,28.0,28.0,14.4,14.5,18,16.5,18
1.0,0.25,1.0,Kansas,36.0,36,36,36.0,49.5,49.5,53,0.4,4.0,41.8,41.0,48.4,49.0,28.0,28.0,20.3,20.0,23,21.7,25
0.5,0.05,1.0,Arizona,36.1,33,49,33.0,7.8,8.0,9,0.8,1.0,49.3,48.0,60.4,57.0,28.0,28.0,7.5,7.0,10,2.7,4
1.0,0.05,0.5,New Mexico,36.3,36,39,36.0,11.3,11.0,13,0.4,4.0,43.3,39.0,55.1,54.0,28.0,28.0,25.8,26.0,34,3.9,5
1.0,0.1,2.0,New Mexico,36.3,36,39,36.0,11.8,12.0,15,0.1,1.0,40.1,39.0,51.5,54.0,28.0,28.0,30.1,29.0,39,3.9,5
0.5,0.05,2.0,New Mexico,36.3,36,39,36.0,11.1,11.0,13,0.1,1.0,40.8,39.0,59.5,54.0,28.0,28.0,29.2,29.0,35,4.3,5
2.0,0.05,0.5,New Mexico,36.3,36,39,36.0,11.7,12.0,13,0.1,1.0,40.5,39.0,56.1,54.0,28.0,28.0,28.8,30.0,34,4.4,6
0.5,0.05,1.0,New Mexico,36.3,36,39,36.0,10.9,11.0,12,0.0,0.0,39.2,39.0,55.3,54.0,28.0,28.0,28.0,27.5,33,4.7,7
2.0,0.1,1.0,New Mexico,36.3,36,39,36.0,11.5,11.0,14,0.1,1.0,40.5,39.0,52.2,54.0,28.0,28.0,30.7,30.5,36,4.8,6
0.5,0.1,0.5,New Mexico,36.3,36,39,36.0,9.3,9.0,11,0.1,1.0,40.1,39.0,55.9,57.0,28.0,28.0,27.8,27.0,34,5.6,6
ALL,ALL,ALL,Maryland,36.397222222222226,33,79,33.0,12.708333333333334,13.0,17,0.2388888888888889,2.0,49.952777777777776,46.0,61.44444444444444,48.0,38.169444444444444,40.0,28.519444444444446,31.0,49,2.5166666666666666,6
1.0,0.05,1.0,Arizona,36.4,33,52,33.0,8.0,8.0,9,0.8,1.0,49.9,48.0,61.9,58.0,28.0,28.0,7.9,8.0,9,2.6,4
0.5,0.1,0.5,Minnesota,36.4,33,44,33.0,26.6,26.0,33,8.2,18.0,42.8,43.0,44.5,44.5,28.0,28.0,63.9,66.5,77,46.3,55
1.0,0.25,0.5,Kansas,36.5,36,41,36.0,46.7,46.0,51,0.0,0.0,41.8,41.0,48.2,49.0,31.5,28.0,17.5,17.5,19,18.4,22
0.5,0.25,2.0,Kansas,36.5,36,41,36.0,48.6,48.0,55,1.3,5.0,43.8,41.0,48.4,49.0,30.4,28.0,17.3,17.5,22,21.0,23
2.0,0.25,0.5,Kansas,36.5,36,41,36.0,49.2,48.5,53,0.4,4.0,42.4,41.0,48.0,48.0,28.0,28.0,26.4,26.5,30,23.3,26
1.0,0.05,2.0,New Mexico,36.6,36,39,36.0,11.2,11.5,12,0.0,0.0,42.0,39.0,55.5,54.0,28.0,28.0,32.0,32.5,41,4.2,5
2.0,0.05,2.0,Minnesota,36.7,33,45,33.0,29.9,29.0,41,7.4,17.0,44.1,44.0,46.3,45.0,30.3,28.0,67.7,67.0,79,48.0,56
2.0,0.05,2.0,New Mexico,36.9,36,39,36.0,11.6,11.5,14,0.4,3.0,45.2,39.0,62.5,54.0,28.0,28.0,28.4,28.0,34,4.7,7
1.0,0.05,1.0,New Mexico,36.9,36,39,36.0,10.5,10.5,13,0.2,1.0,43.1,39.0,60.4,54.0,28.0,28.0,29.7,28.5,37,5.0,7
1.0,0.1,1.0,Kansas,37.0,36,41,36.0,49.3,48.0,56,1.4,4.0,45.6,48.0,49.0,49.0,28.0,28.0,21.2,22.5,25,18.8,23
2.0,0.1,1.0,Minnesota,37.0,33,44,33.0,30.9,29.5,40,7.3,17.0,42.6,42.5,44.3,43.5,29.8,28.0,69.4,75.0,79,47.6,55
1.0,0.05,0.5,Arizona,37.3,33,49,33.0,7.9,8.0,9,0.7,1.0,49.9,48.5,62.1,59.0,28.0,28.0,7.3,7.5,9,2.5,3
2.0,0.05,1.0,New Mexico,37.5,36,39,37.5,10.8,10.0,13,0.3,1.0,46.1,40.0,66.0,60.0,28.0,28.0,31.1,31.5,35,5.2,8
0.5,0.25,0.5,Kansas,37.5,36,41,36.0,41.5,41.5,44,0.0,0.0,43.4,41.0,48.0,48.0,35.2,28.0,10.7,11.0,13,12.5,14
1.0,0.25,2.0,Kansas,37.5,36,41,36.0,53.7,52.5,59,0.4,4.0,44.0,41.0,48.2,49.0,28.0,28.0,23.3,23.0,27,20.1,25
ALL,ALL,ALL,New Mexico,37.519444444444446,36,72,36.0,10.988888888888889,11.0,15,0.33611111111111114,4.0,46.56388888888889,39.0,63.388888888888886,54.0,28.0,28.0,29.391666666666666,30.0,41,4.372222222222222,8
2.0,0.05,2.0,Arizona,37.6,33,49,33.0,8.0,8.0,9,0.7,1.0,49.6,48.0,61.9,58.0,28.0,28.0,9.6,10.0,12,2.9,4
1.0,0.25,1.0,South Dakota,38.0,38,38,38.0,45.7,45.5,48,0.0,0.0,40.0,40.0,41.0,41.0,41.0,41.0,15.9,16.0,19,3.7,5
0.5,0.25,1.0,South Dakota,38.0,38,38,38.0,39.9,40.0,42,0.0,0.0,40.0,40.0,41.0,41.0,41.0,41.0,12.5,12.0,16,3.9,6
0.5,0.25,0.5,Indiana,38.0,38,38,38.0,49.0,49.0,51,0.0,0.0,44.0,44.0,53.2,54.0,28.0,28.0,20.9,22.0,23,12.3,16
2.0,0.25,0.5,Indiana,38.0,38,38,38.0,59.2,60.0,63,0.0,0.0,44.0,44.0,51.5,53.0,28.0,28.0,30.2,30.0,35,15.4,18
0.5,0.25,1.0,Indiana,38.0,38,38,38.0,53.0,53.5,57,0.0,0.0,44.0,44.0,52.8,54.0,28.0,28.0,26.6,26.5,29,16.1,20
0.5,0.25,2.0,Indiana,38.0,38,38,38.0,54.6,53.0,59,0.0,0.0,45.0,44.0,53.4,54.0,28.0,28.0,28.8,28.5,32,16.9,20
1.0,0.25,0.5,Indiana,38.0,38,38,38.0,52.6,53.0,56,0.0,0.0,44.0,44.0,52.6,54.0,28.0,28.0,28.2,28.0,32,17.0,20
1.0,0.25,1.0,Indiana,38.0,38,38,38.0,56.5,56.5,60,0.0,0.0,44.0,44.0,51.9,54.0,28.0,28.0,27.4,27.5,30,17.8,21
2.0,0.25,2.0,Indiana,38.0,38,38,38.0,57.6,57.5,60,0.0,0.0,44.0,44.0,51.2,54.0,28.0,28.0,30.2,30.0,37,18.0,19
2.0,0.1,2.0,Indiana,38.0,38,38,38.0,55.3,55.5,58,0.0,0.0,45.1,44.0,56.1,54.5,28.0,28.0,31.4,31.0,36,18.4,21
1.0,0.25,2.0,Indiana,38.0,38,38,38.0,56.6,57.0,62,0.0,0.0,44.0,44.0,53.3,54.0,28.0,28.0,33.3,33.0,39,19.0,23
2.0,0.25,1.0,Indiana,38.0,38,38,38.0,56.6,56.5,61,0.0,0.0,44.0,44.0,51.2,54.0,28.0,28.0,33.8,34.0,39,19.2,22
1.0,0.25,1.0,Wisconsin,38.0,38,38,38.0,44.0,43.5,47,0.0,0.0,40.7,40.5,42.0,42.0,28.0,28.0,95.2,97.0,103,22.1,25
0.5,0.25,1.0,Wisconsin,38.0,38,38,38.0,40.6,40.0,48,0.0,0.0,40.9,41.0,42.2,42.0,28.0,28.0,90.1,90.0,98,24.3,27
2.0,0.25,2.0,Kansas,38.3,36,49,36.0,51.7,51.0,56,0.4,4.0,44.2,41.0,48.2,48.0,28.0,28.0,30.1,30.0,36,21.4,24
2.0,0.25,1.0,Kansas,38.3,36,49,36.0,52.1,51.5,58,0.0,0.0,43.4,41.0,48.0,47.0,28.0,28.0,28.2,28.5,32,21.5,24
1.0,0.25,0.5,Wisconsin,38.3,38,41,38.0,44.5,45.0,48,0.1,1.0,41.3,41.0,42.5,42.0,28.0,28.0,87.4,89.0,95,22.0,27
2.0,0.25,0.5,Wisconsin,38.3,38,41,38.0,42.3,43.0,48,0.1,1.0,41.4,41.0,42.2,41.5,28.0,28.0,96.2,97.5,107,23.8,29
1.0,0.25,0.5,South Dakota,38.4,38,42,38.0,43.9,44.0,46,0.0,0.0,40.6,40.0,41.7,41.0,42.5,41.0,14.4,15.0,17,3.7,4
2.0,0.25,0.5,South Dakota,38.4,38,42,38.0,47.3,47.5,49,0.0,0.0,40.6,40.0,41.7,41.0,42.0,41.0,16.8,17.0,20,4.0,5
0.5,0.1,2.0,Minnesota,38.4,33,44,40.0,32.8,34.5,39,5.1,15.0,43.6,44.0,45.2,45.0,29.8,28.0,65.3,63.5,78,44.8,52
1.0,0.1,0.5,Minnesota,38.4,33,44,40.0,30.4,30.5,35,4.4,15.0,43.2,44.5,45.5,46.0,28.0,28.0,63.5,60.5,82,46.4,51
2.0,0.1,2.0,Minnesota,38.4,33,44,40.0,31.9,31.0,39,3.8,10.0,42.8,44.0,44.9,45.0,28.0,28.0,65.3,62.5,81,46.4,52
1.0,0.05,1.0,Minnesota,38.5,33,45,40.0,29.9,31.0,37,3.5,13.0,43.6,44.0,46.3,45.0,28.0,28.0,65.5,67.0,80,46.6,54
0.5,0.1,0.5,Indiana,38.6,38,44,38.0,45.7,46.0,50,0.0,0.0,45.6,44.0,55.4,54.5,28.0,28.0,18.7,19.5,23,12.6,15
0.5,0.1,1.0,Indiana,38.6,38,44,38.0,49.3,49.5,54,0.0,0.0,45.1,44.0,55.5,55.0,30.1,28.0,24.1,24.0,27,15.5,17
2.0,0.1,0.5,Indiana,38.6,38,44,38.0,54.6,55.0,57,0.0,0.0,47.1,44.0,54.8,54.0,28.0,28.0,33.5,34.0,37,16.7,19
1.0,0.1,1.0,Indiana,38.6,38,44,38.0,54.1,54.0,59,0.0,0.0,47.1,44.0,55.5,54.5,30.9,28.0,28.0,27.5,36,16.7,22
0.5,0.1,2.0,Indiana,38.6,38,44,38.0,52.0,51.5,58,0.0,0.0,47.0,44.0,55.8,55.0,28.0,28.0,29.7,29.0,35,17.1,21
2.0,0.05,1.0,Indiana,38.6,38,44,38.0,52.3,52.5,57,0.0,0.0,53.3,54.5,61.1,61.0,28.0,28.0,31.7,29.0,45,18.3,21
2.0,0.1,1.0,Indiana,38.6,38,44,38.0,53.4,53.0,57,0.0,0.0,47.9,44.0,56.1,54.5,28.0,28.0,32.3,31.5,45,19.2,24
1.0,0.1,2.0,Indiana,38.6,38,44,38.0,52.9,52.5,57,0.0,0.0,46.1,44.0,54.6,54.0,28.0,28.0,33.7,34.5,39,19.5,22
1.0,0.05,0.5,Minnesota,38.6,33,44,40.0,27.6,26.5,38,4.8,16.0,43.7,44.0,46.9,45.0,28.0,28.0,61.3,63.0,72,47.5,57
2.0,0.1,0.5,Minnesota,38.6,33,44,40.0,30.2,30.5,36,5.6,21.0,43.6,44.0,44.9,45.0,28.0,28.0,68.7,68.5,81,48.1,56
0.5,0.25,2.0,South Dakota,38.8,38,46,38.0,45.5,45.5,49,0.0,0.0,40.8,40.0,42.0,41.0,42.5,41.0,14.9,15.5,17,4.0,5
0.5,0.25,2.0,Wisconsin,38.8,38,46,38.0,44.1,44.0,48,0.0,0.0,42.4,42.0,43.3,43.0,28.0,28.0,93.4,92.5,101,22.0,25
0.5,0.05,1.0,Minnesota,38.8,33,44,40.0,30.5,32.0,38,4.4,14.0,44.3,44.5,48.1,46.0,28.0,28.0,59.1,54.5,77,43.1,54
1.0,0.1,2.0,Minnesota,38.8,33,44,40.0,33.2,32.5,42,4.7,18.0,43.3,44.5,45.0,46.0,28.0,28.0,66.9,66.0,82,45.5,50
0.5,0.25,1.0,Washington,39.0,39,39,39.0,16.0,15.5,19,0.0,0.0,46.4,45.0,50.9,51.5,28.0,28.0,17.6,18.0,21,8.9,10
1.0,0.25,1.0,Washington,39.0,39,39,39.0,15.4,15.0,17,0.0,0.0,46.4,45.0,50.5,51.0,28.0,28.0,19.4,19.0,22,10.7,12
0.5,0.01,1.0,New Mexico,39.1,36,44,39.0,7.2,6.5,10,1.7,4.0,68.6,68.0,89.4,93.0,28.0,28.0,24.6,25.5,30,4.3,6
0.5,0.1,1.0,Kansas,39.1,36,49,36.0,45.3,44.5,48,1.3,4.0,46.0,47.0,49.2,49.0,35.2,28.0,13.4,13.0,17,14.5,18
1.0,0.25,1.0,Tennessee,39.2,38,40,40.0,40.8,41.0,42,0.0,0.0,47.2,52.0,53.2,54.0,35.2,28.0,27.2,26.0,33,12.7,15
2.0,0.05,0.5,Minnesota,39.2,33,44,42.0,32.4,31.5,38,4.0,13.0,43.2,44.0,46.5,45.5,28.8,28.0,63.5,65.0,73,45.6,51
0.5,0.25,0.5,Tennessee,39.4,38,40,40.0,21.4,21.0,23,0.0,0.0,48.4,52.0,54.0,54.0,50.3,64.0,15.1,15.5,19,5.9,7
0.5,0.25,2.0,Tennessee,39.4,38,40,40.0,40.0,40.0,42,0.0,0.0,48.4,52.0,53.8,54.0,43.1,28.0,24.3,24.5,29,12.5,14
2.0,0.25,1.0,Tennessee,39.4,38,40,40.0,43.5,43.5,46,0.0,0.0,48.4,52.0,53.6,54.0,35.2,28.0,37.4,37.5,44,13.8,15
2.0,0.25,2.0,Wisconsin,39.4,38,46,38.0,44.0,43.0,49,0.2,1.0,42.7,41.0,44.1,42.0,28.0,28.0,89.5,91.0,101,22.3,26
ALL,ALL,ALL,Arizona,39.483333333333334,33,101,33.0,7.508333333333334,8.0,10,0.8166666666666667,8.0,55.40555555555556,48.0,73.225,57.0,28.994444444444444,28.0,8.619444444444444,9.0,16,3.047222222222222,8
1.0,0.1,1.0,South Dakota,39.6,38,46,38.0,46.1,46.0,49,0.0,0.0,42.4,40.0,43.4,41.0,44.0,41.0,15.3,15.5,18,3.3,5
0.5,0.1,1.0,Tennessee,39.6,38,40,40.0,30.5,30.0,33,0.0,0.0,49.6,52.0,54.5,54.0,80.8,82.0,14.9,15.5,19,9.1,12
1.0,0.25,0.5,Tennessee,39.6,38,40,40.0,35.2,36.0,37,0.0,0.0,49.6,52.0,53.6,54.0,42.4,28.0,23.5,22.0,27,10.8,15
0.5,0.1,0.5,Kansas,39.6,36,49,36.0,38.3,37.5,43,0.5,5.0,45.0,45.0,48.8,49.0,37.6,28.0,10.5,11.5,15,11.0,13
1.0,0.1,2.0,Tennessee,39.6,38,40,40.0,41.3,40.5,47,0.0,0.0,50.3,52.0,56.3,56.5,45.3,28.0,34.6,35.0,41,13.1,16
2.0,0.1,0.5,Tennessee,39.6,38,40,40.0,41.0,40.5,46,0.0,0.0,51.8,52.0,56.2,56.0,44.9,28.0,28.4,29.0,34,13.1,15
1.0,0.25,2.0,Tennessee,39.6,38,40,40.0,43.2,43.0,51,0.0,0.0,49.6,52.0,54.0,54.0,31.6,28.0,38.8,39.5,41,13.2,15
2.0,0.1,1.0,Tennessee,39.6,38,40,40.0,41.2,41.0,45,0.0,0.0,50.0,52.0,54.6,54.0,32.3,28.0,33.3,33.0,41,13.8,17
1.0,0.1,0.5,Indiana,39.6,38,54,38.0,49.2,49.0,52,0.0,0.0,48.3,44.0,56.5,55.0,28.0,28.0,28.9,29.0,32,17.2,20
2.0,0.05,2.0,Kansas,39.6,36,49,36.0,50.4,50.0,55,1.1,4.0,46.6,49.0,50.1,50.0,28.0,28.0,28.9,28.5,33,18.7,22
2.0,0.1,1.0,Kansas,39.6,36,49,36.0,51.2,51.0,57,0.3,3.0,44.8,44.0,49.3,49.0,28.0,28.0,27.1,28.5,30,19.8,24
1.0,0.1,1.0,Wisconsin,39.6,38,46,38.0,43.6,44.5,46,0.0,0.0,44.1,42.5,45.8,45.5,28.0,28.0,89.4,87.5,100,22.4,28
1.0,0.01,2.0,New Mexico,39.7,36,44,39.0,9.8,10.0,12,1.2,3.0,67.8,64.5,89.1,98.0,28.0,28.0,30.9,30.5,39,4.9,6
0.5,0.05,1.0,Indiana,39.7,38,55,38.0,46.6,47.5,50,0.0,0.0,51.2,49.0,60.0,61.0,28.0,28.0,22.3,22.5,29,14.9,18
0.5,0.05,0.5,Minnesota,39.7,33,45,44.0,28.0,26.5,36,3.9,14.0,43.5,45.0,47.2,47.0,29.8,28.0,54.5,51.5,70,41.7,49
0.5,0.25,1.0,Tennessee,39.8,38,40,40.0,33.3,33.5,36,0.0,0.0,50.8,52.0,54.4,54.0,46.7,46.0,21.2,21.0,27,9.7,12
0.5,0.05,1.0,Kansas,39.8,36,49,41.0,43.0,43.0,47,1.0,4.0,48.0,49.0,49.9,49.0,39.0,28.0,9.6,10.0,12,11.4,15
0.5,0.1,2.0,Tennessee,39.8,38,40,40.0,37.3,37.0,41,0.0,0.0,52.3,52.0,55.7,55.0,81.7,82.0,20.1,20.0,24,13.0,15
2.0,0.25,0.5,Tennessee,39.8,38,40,40.0,43.2,43.0,46,0.0,0.0,50.8,52.0,53.8,54.0,47.8,46.0,31.2,31.0,36,13.5,16
2.0,0.25,2.0,Tennessee,39.8,38,40,40.0,44.5,44.5,47,0.0,0.0,50.8,52.0,53.8,54.0,41.3,28.0,38.6,39.0,44,13.6,15
2.0,0.1,2.0,Tennessee,39.8,38,40,40.0,42.6,42.5,45,0.0,0.0,52.2,52.0,58.5,56.0,37.7,28.0,36.4,36.0,42,13.9,16
1.0,0.1,2.0,Kansas,39.8,36,49,41.0,54.8,56.0,58,0.7,4.0,47.2,49.0,49.4,49.0,28.0,28.0,23.3,23.5,30,16.0,20
2.0,0.1,0.5,Kansas,39.8,36,49,41.0,52.4,53.5,56,1.4,4.0,48.4,49.0,49.4,49.0,28.0,28.0,23.7,24.0,27,18.3,25
2.0,0.05,0.5,Indiana,39.8,38,44,38.0,51.4,52.0,55,0.0,0.0,52.1,55.0,60.3,61.0,32.5,28.0,29.2,28.5,35,19.1,25
2.0,0.25,1.0,Wisconsin,39.8,38,46,38.0,42.5,41.5,49,0.0,0.0,42.4,41.0,43.1,42.0,28.0,28.0,92.8,93.5,103,23.7,29
2.0,0.01,0.5,Maryland,39.9,33,57,33.0,12.6,13.0,15,0.2,1.0,57.2,57.0,91.4,85.0,30.3,28.0,17.5,17.5,26,1.3,3
1.0,0.01,0.5,Maryland,39.9,33,57,33.0,8.7,9.0,11,0.3,1.0,57.5,57.0,98.0,91.0,33.8,28.0,16.9,17.5,23,2.1,4
0.5,0.25,0.5,Wisconsin,39.9,38,46,38.0,40.4,41.0,45,0.1,1.0,43.8,42.0,45.1,44.0,28.0,28.0,82.2,82.0,87,22.6,28
1.0,0.25,2.0,Wisconsin,39.9,38,46,38.0,42.6,42.5,46,0.1,1.0,43.4,42.0,44.4,43.0,28.0,28.0,92.0,93.0,98,23.7,27
2.0,0.25,2.0,South Dakota,40.0,38,46,38.0,48.9,49.0,50,0.0,0.0,42.2,40.0,43.7,41.0,45.0,41.0,15.8,16.5,18,3.0,5
1.0,0.25,2.0,South Dakota,40.0,38,46,38.0,48.4,49.0,49,0.0,0.0,42.4,40.0,43.6,41.0,45.0,41.0,15.5,15.0,20,3.4,4
0.5,0.25,0.5,South Dakota,40.0,38,46,38.0,39.1,39.0,41,0.0,0.0,42.6,40.0,43.9,41.0,45.0,41.0,11.5,11.0,16,3.4,5
2.0,0.25,1.0,South Dakota,40.0,38,46,38.0,47.7,47.0,50,0.0,0.0,42.4,40.0,43.5,41.0,45.0,41.0,16.4,16.0,22,3.6,4
0.5,0.25,0.5,Colorado,40.0,40,40,40.0,21.8,22.0,23,0.0,0.0,45.8,45.0,48.4,48.0,28.0,28.0,25.1,25.5,28,5.5,7
0.5,0.1,0.5,Colorado,40.0,40,40,40.0,19.5,19.0,23,0.0,0.0,46.4,46.0,49.8,48.0,28.0,28.0,25.4,25.0,29,5.6,7
0.5,0.25,1.0,Colorado,40.0,40,40,40.0,22.5,22.5,24,0.0,0.0,45.2,45.0,46.8,46.0,28.0,28.0,27.0,27.0,31,6.3,8
2.0,0.25,2.0,Colorado,40.0,40,40,40.0,25.3,25.0,27,0.0,0.0,45.1,45.0,47.0,47.0,28.0,28.0,29.1,30.0,32,6.8,8
2.0,0.25,1.0,Colorado,40.0,40,40,40.0,25.1,25.0,27,0.0,0.0,45.2,45.0,47.0,47.0,28.0,28.0,29.1,29.0,35,7.0,9
1.0,0.25,0.5,Colorado,40.0,40,40,40.0,24.1,24.0,25,0.0,0.0,45.0,45.0,46.6,46.0,28.0,28.0,27.5,27.5,31,7.4,9
1.0,0.25,2.0,Colorado,40.0,40,40,40.0,24.9,25.0,27,0.0,0.0,45.3,45.0,47.4,46.0,28.0,28.0,29.6,29.5,34,7.4,10
0.5,0.25,2.0,Colorado,40.0,40,40,40.0,24.2,24.0,26,0.0,0.0,45.6,45.0,47.4,46.0,28.0,28.0,28.1,28.5,31,7.5,9
0.5,0.1,0.5,Nebraska,40.0,40,40,40.0,29.7,29.5,33,0.0,0.0,45.4,41.0,49.1,50.5,56.8,58.0,6.9,7.0,10,7.5,9
1.0,0.25,1.0,Colorado,40.0,40,40,40.0,24.1,24.0,26,0.0,0.0,45.9,45.5,47.8,48.0,28.0,28.0,27.0,27.0,30,7.8,10
2.0,0.05,2.0,Colorado,40.0,40,40,40.0,23.8,23.5,27,0.0,0.0,48.2,48.0,52.7,54.0,28.0,28.0,29.6,30.0,36,7.8,10
2.0,0.1,1.0,Colorado,40.0,40,40,40.0,23.5,23.0,25,0.0,0.0,46.7,46.0,51.0,48.0,28.0,28.0,28.1,28.0,33,8.0,10
0.5,0.25,0.5,Nebraska,40.0,40,40,40.0,31.5,31.5,33,0.0,0.0,44.3,41.0,47.1,45.0,61.4,58.0,7.8,7.5,11,8.2,10
2.0,0.25,0.5,Colorado,40.0,40,40,40.0,23.7,23.5,26,0.0,0.0,45.4,45.0,47.0,46.0,28.0,28.0,27.7,28.0,30,8.3,11
1.0,0.1,0.5,Colorado,40.0,40,40,40.0,22.3,22.0,25,0.0,0.0,45.9,45.0,49.4,48.0,28.0,28.0,27.8,28.5,32,8.4,10
0.5,0.1,1.0,Nebraska,40.0,40,40,40.0,41.3,41.5,44,0.0,0.0,44.5,41.0,47.9,45.0,60.8,58.0,7.2,6.5,11,8.4,9
0.5,0.1,2.0,Colorado,40.0,40,40,40.0,22.4,23.0,24,0.0,0.0,47.4,45.0,50.7,48.0,28.0,28.0,28.6,28.5,34,8.5,10
0.5,0.25,1.0,Nebraska,40.0,40,40,40.0,42.8,43.0,45,0.0,0.0,41.0,41.0,45.0,45.0,58.0,58.0,8.0,8.0,9,8.7,10
1.0,0.1,1.0,Colorado,40.0,40,40,40.0,22.2,22.0,25,0.0,0.0,46.0,45.0,49.4,48.0,28.0,28.0,29.7,29.5,33,8.9,10
1.0,0.1,2.0,Colorado,40.0,40,40,40.0,22.9,22.0,26,0.0,0.0,47.2,45.0,50.3,48.0,28.0,28.0,31.3,32.0,35,9.0,11
2.0,0.1,0.5,Colorado,40.0,40,40,40.0,22.8,23.0,24,0.0,0.0,46.4,46.0,50.0,48.0,28.0,28.0,30.4,30.5,35,9.0,10
1.0,0.25,0.5,Nebraska,40.0,40,40,40.0,44.2,44.5,46,0.0,0.0,42.1,41.0,45.7,45.0,59.0,58.0,8.5,8.5,10,9.9,11
0.5,0.25,2.0,Nebraska,40.0,40,40,40.0,46.9,47.0,49,0.0,0.0,42.1,41.0,45.7,45.0,57.7,58.0,8.7,9.0,10,10.1,12
1.0,0.25,1.0,Nebraska,40.0,40,40,40.0,48.1,48.0,50,0.0,0.0,41.0,41.0,45.0,45.0,58.0,58.0,9.5,9.0,11,10.8,12
1.0,0.1,2.0,Nebraska,40.0,40,40,40.0,48.9,48.5,53,0.0,0.0,47.6,52.0,49.8,52.0,61.8,66.0,9.2,8.5,14,10.9,13
0.5,0.1,2.0,Nebraska,40.0,40,40,40.0,45.1,45.0,47,0.0,0.0,48.2,52.0,50.6,52.0,59.2,62.0,8.0,8.0,11,11.0,13
1.0,0.25,2.0,Nebraska,40.0,40,40,40.0,51.1,51.0,54,0.0,0.0,44.3,41.0,47.1,45.0,60.6,58.0,9.4,9.5,11,11.2,13
1.0,0.1,0.5,Tennessee,40.0,40,40,40.0,33.6,33.5,37,0.0,0.0,53.4,52.0,56.4,56.0,65.0,67.5,19.7,20.0,24,11.5,14
2.0,0.1,0.5,Nebraska,40.0,40,40,40.0,46.6,46.5,49,0.0,0.0,47.6,52.0,50.2,52.0,59.4,62.0,9.0,9.0,12,11.9,14
1.0,0.1,1.0,Tennessee,40.0,40,40,40.0,38.7,38.0,44,0.0,0.0,53.2,52.0,58.1,56.0,41.3,28.0,23.9,23.5,29,12.1,15
2.0,0.05,0.5,Tennessee,40.0,40,40,40.0,38.8,38.0,43,0.0,0.0,54.7,54.5,63.7,58.0,33.4,28.0,26.3,25.5,32,12.3,15
2.0,0.25,0.5,Nebraska,40.0,40,40,40.0,48.2,48.0,51,0.0,0.0,42.1,41.0,45.7,45.0,59.0,58.0,9.3,10.0,10,12.8,14
2.0,0.05,1.0,Tennessee,40.0,40,40,40.0,40.1,40.5,43,0.0,0.0,56.4,57.0,58.5,59.0,32.3,28.0,28.5,29.0,34,12.9,18
2.0,0.25,0.5,Pennsylvania,40.0,40,40,40.0,47.0,46.0,52,0.1,1.0,42.3,42.0,43.7,42.5,41.2,41.0,38.7,37.5,46,13.7,17
0.5,0.25,0.5,Pennsylvania,40.0,40,40,40.0,43.0,44.0,46,0.0,0.0,41.4,41.0,42.5,42.0,41.0,41.0,36.1,36.0,38,14.1,20
1.0,0.25,2.0,Pennsylvania,40.0,40,40,40.0,46.9,47.0,51,0.0,0.0,41.8,42.0,43.2,42.0,41.3,41.0,39.9,39.5,45,14.4,21
2.0,0.1,2.0,Nebraska,40.0,40,40,40.0,48.7,48.0,52,0.0,0.0,48.0,52.0,50.0,52.0,63.1,66.0,9.0,9.0,12,14.4,17
1.0,0.25,0.5,Pennsylvania,40.0,40,40,40.0,45.4,45.5,48,0.0,0.0,41.7,42.0,42.9,42.0,41.2,41.0,39.9,41.0,45,14.5,17
2.0,0.25,1.0,Nebraska,40.0,40,40,40.0,50.1,50.5,52,0.0,0.0,44.3,41.0,47.1,45.0,60.4,58.0,9.3,9.5,11,15.1,17
2.0,0.25,2.0,Nebraska,40.0,40,40,40.0,49.9,50.0,51,0.0,0.0,44.3,41.0,47.1,45.0,61.4,58.0,9.2,9.5,11,15.7,17
0.5,0.05,0.5,New York,40.0,40,40,40.0,10.0,10.5,14,0.6,1.0,48.4,50.0,59.5,65.0,28.0,28.0,156.3,156.5,165,34.9,41
0.5,0.1,0.5,New York,40.0,40,40,40.0,11.4,11.5,14,0.5,1.0,47.4,49.0,52.7,50.0,28.0,28.0,160.3,159.0,169,34.9,39
0.5,0.1,1.0,New York,40.0,40,40,40.0,12.2,13.0,15,0.5,1.0,46.8,49.0,51.6,50.0,28.0,28.0,197.1,196.0,205,35.3,39
2.0,0.1,1.0,New York,40.0,40,40,40.0,12.5,12.5,15,0.7,1.0,47.4,49.0,51.3,50.0,28.0,28.0,209.8,211.5,219,36.3,39
0.5,0.25,0.5,New York,40.0,40,40,40.0,11.2,11.5,14,0.1,1.0,44.2,43.0,49.3,49.0,28.0,28.0,172.7,172.0,195,36.5,39
2.0,0.1,0.5,New York,40.0,40,40,40.0,11.4,12.0,14,0.7,1.0,47.6,49.0,53.5,50.0,28.0,28.0,212.0,211.0,225,37.3,40
1.0,0.25,0.5,New York,40.0,40,40,40.0,11.6,12.0,14,0.5,1.0,46.0,46.0,49.5,49.5,28.0,28.0,209.6,209.5,227,37.4,40
0.5,0.05,1.0,New York,40.0,40,40,40.0,9.9,10.5,13,0.7,1.0,49.9,50.0,62.3,65.0,28.0,28.0,189.2,186.0,207,37.5,41
0.5,0.25,2.0,New York,40.0,40,40,40.0,11.2,11.5,13,0.2,1.0,44.2,43.0,49.3,49.0,28.0,28.0,223.8,221.5,233,37.5,40
2.0,0.05,0.5,New York,40.0,40,40,40.0,10.7,11.0,12,0.6,1.0,48.8,50.0,60.7,65.0,28.0,28.0,205.9,202.0,229,37.5,40
1.0,0.1,2.0,New York,40.0,40,40,40.0,10.9,10.5,14,0.5,1.0,46.2,46.0,51.8,50.0,28.0,28.0,217.9,219.5,229,37.5,42
1.0,0.1,1.0,New York,40.0,40,40,40.0,11.0,11.5,14,0.2,1.0,44.9,43.0,51.4,50.0,28.0,28.0,216.1,217.5,228,37.5,42
1.0,0.05,0.5,New York,40.0,40,40,40.0,9.9,10.5,14,0.4,1.0,48.5,50.0,61.8,61.5,28.0,28.0,195.9,196.0,215,37.6,42
0.5,0.1,2.0,New York,40.0,40,40,40.0,10.6,10.5,14,0.7,1.0,48.3,49.5,58.3,57.5,28.0,28.0,216.7,216.0,232,37.6,40
1.0,0.25,1.0,New York,40.0,40,40,40.0,11.1,11.0,14,0.4,1.0,45.5,43.0,49.5,49.0,28.0,28.0,215.5,215.5,231,37.8,40
0.5,0.25,1.0,New York,40.0,40,40,40.0,10.1,10.0,12,0.3,1.0,44.9,43.0,51.0,49.0,28.0,28.0,203.1,205.0,213,38.2,41
1.0,0.05,1.0,New York,40.0,40,40,40.0,9.8,9.5,12,0.9,3.0,50.0,50.0,60.0,61.0,28.0,28.0,209.3,210.0,217,38.3,42
0.5,0.05,2.0,New York,40.0,40,40,40.0,9.7,9.0,12,0.9,3.0,53.3,50.0,63.6,65.0,28.0,28.0,208.4,209.0,221,38.3,41
1.0,0.1,0.5,New York,40.0,40,40,40.0,10.0,9.5,16,0.6,1.0,47.0,49.0,56.4,50.0,28.0,28.0,203.8,201.0,222,38.3,41
1.0,0.05,2.0,New York,40.0,40,40,40.0,9.4,9.5,11,0.6,1.0,48.6,50.0,61.0,65.0,28.0,28.0,211.9,211.5,222,38.6,41
2.0,0.05,1.0,New York,40.0,40,40,40.0,9.7,10.5,12,0.7,1.0,49.3,50.0,66.0,67.0,28.0,28.0,211.3,210.5,231,38.7,42
2.0,0.25,0.5,New York,40.0,40,40,40.0,10.6,10.0,15,0.3,1.0,44.8,43.0,49.3,49.0,28.0,28.0,221.5,222.5,233,38.7,41
2.0,0.25,1.0,New York,40.0,40,40,40.0,10.5,10.5,13,0.0,0.0,43.0,43.0,49.1,49.0,28.0,28.0,218.6,216.0,238,38.8,41
2.0,0.1,2.0,New York,40.0,40,40,40.0,10.2,10.5,13,0.6,1.0,47.0,49.0,56.0,50.0,28.0,28.0,210.5,213.5,223,38.8,42
2.0,0.05,2.0,New York,40.0,40,40,40.0,9.6,9.5,14,0.8,3.0,51.1,50.0,61.8,67.0,28.0,28.0,198.0,200.0,212,38.9,42
1.0,0.25,2.0,New York,40.0,40,40,40.0,10.1,10.0,12,0.2,1.0,44.3,43.0,49.3,49.0,28.0,28.0,223.8,221.5,248,39.1,41
2.0,0.25,2.0,New York,40.0,40,40,40.0,10.0,10.0,11,0.1,1.0,43.6,43.0,49.1,49.0,28.0,28.0,219.9,218.0,235,39.6,41
2.0,0.05,1.0,Minnesota,40.0,33,45,42.0,31.7,32.5,38,4.8,17.0,45.6,45.0,48.3,47.0,32.1,28.0,61.8,58.5,73,46.0,53
1.0,0.01,0.5,New Mexico,40.1,36,51,39.0,9.0,9.0,11,1.2,3.0,63.9,63.0,86.2,85.0,28.0,28.0,22.5,21.5,32,3.6,5
1.0,0.1,1.0,Nebraska,40.1,40,41,40.0,45.8,45.5,48,0.0,0.0,43.6,41.0,47.7,45.0,57.8,58.0,9.2,10.0,13,10.6,12
0.5,0.25,1.0,Pennsylvania,40.1,40,41,40.0,44.0,44.0,48,0.0,0.0,42.0,42.0,42.6,42.0,41.2,41.0,38.0,38.5,44,14.7,18
0.5,0.05,0.5,Nebraska,40.2,40,41,40.0,27.1,27.0,31,0.0,0.0,49.2,52.0,52.6,52.0,65.4,66.5,3.7,3.0,10,7.0,10
1.0,0.25,0.5,Washington,40.2,39,51,39.0,14.5,14.0,17,0.1,1.0,48.2,48.0,51.8,52.0,28.0,28.0,19.3,19.0,25,10.6,12
0.5,0.25,2.0,Washington,40.2,39,51,39.0,15.3,15.0,17,0.1,1.0,47.9,45.0,53.4,51.0,28.0,28.0,19.3,19.0,21,10.9,12
2.0,0.25,0.5,Washington,40.2,39,51,39.0,14.9,14.0,17,0.1,1.0,48.0,45.0,53.2,51.5,28.0,28.0,20.5,20.0,27,11.2,14
2.0,0.25,2.0,Pennsylvania,40.2,40,41,40.0,47.2,47.5,50,0.0,0.0,41.8,42.0,43.0,42.0,41.6,41.0,40.0,38.5,45,13.9,16
0.5,0.25,2.0,Pennsylvania,40.2,40,41,40.0,46.0,46.0,48,0.0,0.0,42.0,42.0,42.9,42.0,41.4,41.0,42.4,41.0,50,14.1,16
2.0,0.25,1.0,Pennsylvania,40.2,40,42,40.0,46.2,46.0,49,0.0,0.0,41.8,42.0,42.9,42.0,42.0,41.0,39.2,39.5,44,14.6,17
0.5,0.25,2.0,Idaho,40.2,40,42,40.0,13.8,14.5,16,0.0,0.0,42.1,42.0,44.0,44.0,28.0,28.0,44.6,43.5,49,14.6,17
1.0,0.25,1.0,Pennsylvania,40.2,40,42,40.0,44.9,44.5,47,0.0,0.0,42.0,42.0,42.6,42.0,41.2,41.0,41.3,41.0,50,15.5,18
2.0,0.01,2.0,New Mexico,40.3,36,51,39.0,10.5,10.5,13,1.1,4.0,63.2,63.0,105.8,107.0,28.0,28.0,28.6,27.5,40,4.5,7
0.5,0.25,1.0,Idaho,40.4,40,42,40.0,12.0,12.0,14,0.0,0.0,42.6,42.0,44.5,44.0,28.0,28.0,39.1,40.0,43,12.5,14
2.0,0.1,2.0,Pennsylvania,40.4,40,42,40.0,45.7,45.5,50,0.1,1.0,43.0,42.5,48.7,48.5,41.7,42.5,35.9,35.5,41,14.2,18
1.0,0.05,1.0,Indiana,40.4,38,44,38.0,51.9,52.5,55,0.0,0.0,53.2,54.0,60.3,60.5,28.0,28.0,31.0,31.0,34,15.4,20
2.0,0.25,0.5,Idaho,40.4,40,42,40.0,12.9,13.0,15,0.0,0.0,42.6,42.0,44.6,44.0,28.0,28.0,39.0,40.0,46,15.5,17
0.5,0.1,1.0,Wisconsin,40.4,38,46,38.0,40.4,39.5,46,0.0,0.0,44.1,43.0,46.2,45.0,28.0,28.0,86.9,88.0,94,24.2,28
ALL,ALL,ALL,Minnesota,40.458333333333336,33,73,40.0,30.941666666666666,30.0,48,5.652777777777778,21.0,47.75,44.0,50.66388888888889,45.0,31.530555555555555,28.0,64.66111111111111,65.0,95,43.93611111111111,57
2.0,0.1,1.0,Pennsylvania,40.5,40,42,40.0,47.1,46.5,51,0.1,1.0,42.5,42.0,44.1,42.5,43.1,43.0,36.9,37.5,43,12.5,16
0.5,0.1,1.0,Colorado,40.6,40,46,40.0,20.2,20.5,23,0.0,0.0,46.5,46.0,50.8,48.0,28.0,28.0,27.9,27.5,29,7.3,8
1.0,0.25,0.5,Idaho,40.6,40,42,40.0,13.4,13.0,17,0.0,0.0,42.8,42.0,45.0,44.0,28.0,28.0,37.5,38.0,40,12.6,15
0.5,0.1,1.0,Pennsylvania,40.6,40,42,40.0,43.5,43.5,46,0.3,1.0,43.2,42.0,46.0,46.0,43.4,43.0,33.9,33.5,37,12.8,14
1.0,0.05,0.5,Kansas,40.6,36,49,41.0,44.5,45.0,47,1.0,4.0,47.8,49.0,49.7,49.0,38.0,28.0,14.9,14.5,21,13.2,19
1.0,0.1,0.5,Pennsylvania,40.6,40,42,40.0,43.3,43.5,47,0.1,1.0,42.6,42.0,45.9,48.0,46.0,44.0,34.7,34.5,46,13.7,16
1.0,0.05,1.0,Kansas,40.6,36,49,41.0,50.5,52.5,57,0.9,3.0,48.4,49.0,50.1,50.0,28.0,28.0,18.5,18.5,23,14.4,22
2.0,0.25,1.0,Idaho,40.6,40,42,40.0,13.7,13.5,16,0.0,0.0,42.9,42.0,45.3,44.0,28.0,28.0,38.4,39.0,43,15.0,16
1.0,0.1,0.5,Kansas,40.6,36,49,41.0,46.5,47.5,51,0.4,4.0,46.6,49.0,49.4,49.0,43.0,40.0,15.6,14.5,20,15.0,19
0.5,0.1,2.0,Kansas,40.6,36,49,41.0,47.9,49.0,51,0.9,5.0,47.2,49.0,49.7,49.0,35.2,28.0,15.5,15.5,19,16.7,22
2.0,0.1,1.0,Wisconsin,40.7,38,46,38.0,44.6,45.0,48,0.0,0.0,45.6,45.0,47.1,46.0,28.0,28.0,89.0,88.0,98,21.5,27
1.0,0.05,2.0,Minnesota,40.7,33,45,42.0,32.5,34.0,37,2.7,15.0,44.6,45.0,47.6,47.0,28.8,28.0,57.2,57.5,66,44.9,57
2.0,0.1,2.0,Colorado,40.8,40,48,40.0,24.4,24.0,26,0.1,1.0,47.2,47.0,50.8,49.0,28.0,28.0,29.7,30.5,33,7.7,9
1.0,0.05,0.5,Colorado,40.8,40,48,40.0,20.3,20.5,24,0.1,1.0,49.7,48.0,55.3,54.0,28.0,28.0,28.1,29.0,32,8.6,10
1.0,0.05,2.0,Colorado,40.8,40,48,40.0,22.3,23.0,23,0.1,1.0,48.3,46.5,54.9,54.0,28.0,28.0,32.2,33.5,37,9.1,10
1.0,0.1,2.0,Pennsylvania,40.8,40,42,40.0,47.1,46.5,52,0.1,1.0,42.9,42.0,45.1,45.5,43.1,43.0,37.4,36.5,44,12.3,20
0.5,0.25,0.5,Idaho,40.8,40,42,40.0,10.2,10.0,11,0.0,0.0,43.1,42.0,45.5,44.5,28.0,28.0,33.4,33.0,37,12.8,14
0.5,0.1,2.0,Pennsylvania,40.8,40,42,40.0,45.6,45.5,50,0.3,2.0,44.0,42.0,46.7,45.5,44.6,42.5,38.4,38.5,44,13.1,18
2.0,0.25,2.0,Idaho,40.8,40,42,40.0,14.3,14.5,17,0.0,0.0,43.3,42.0,45.5,44.0,28.0,28.0,39.3,39.0,44,14.3,16
1.0,0.25,2.0,Idaho,40.8,40,42,40.0,13.5,13.0,17,0.0,0.0,43.3,42.0,45.4,44.0,30.6,28.0,41.0,41.0,46,14.8,17
1.0,0.25,1.0,Idaho,40.8,40,42,40.0,12.7,13.0,16,0.0,0.0,42.9,42.0,44.7,44.5,28.0,28.0,41.2,41.0,46,15.3,17
1.0,0.05,1.0,Pennsylvania,40.9,40,42,40.5,48.2,48.0,52,0.1,1.0,45.2,44.0,52.7,54.0,46.0,44.0,31.6,31.5,36,9.7,12
0.5,0.1,0.5,Pennsylvania,40.9,40,42,40.5,43.1,43.5,45,0.2,1.0,42.7,42.0,44.3,43.0,42.8,43.0,30.4,31.5,34,11.9,15
0.5,0.05,2.0,Indiana,40.9,38,61,38.0,49.5,48.5,54,0.0,0.0,52.1,49.0,61.1,61.0,28.0,28.0,25.0,25.5,29,16.5,20
0.5,0.01,0.5,New Mexico,41.0,36,60,39.0,6.6,7.0,9,1.0,4.0,61.4,63.0,94.8,92.0,28.0,28.0,19.9,20.5,25,3.0,4
0.5,0.05,1.0,Pennsylvania,41.0,40,42,41.0,43.6,44.0,48,0.1,1.0,43.4,42.5,49.7,48.0,38.3,41.0,28.9,28.5,33,10.8,14
1.0,0.05,2.0,Pennsylvania,41.0,40,42,41.0,46.5,46.5,51,0.4,1.0,45.3,45.5,51.1,50.5,47.8,46.0,31.3,32.0,37,11.8,14
0.5,0.1,1.0,Idaho,41.0,40,42,41.0,11.8,12.0,14,0.0,0.0,43.9,43.0,46.9,46.0,30.6,28.0,36.8,37.5,41,12.0,14
2.0,0.1,0.5,Pennsylvania,41.0,40,42,41.0,46.9,47.0,53,0.2,1.0,43.3,42.0,45.7,47.0,44.7,45.0,36.9,36.0,46,12.4,17
0.5,0.1,0.5,Idaho,41.0,40,42,41.0,9.2,9.5,11,0.1,1.0,45.6,45.0,48.2,46.5,33.1,28.0,34.0,33.5,40,13.0,15
1.0,0.1,1.0,Pennsylvania,41.0,40,42,41.0,45.5,45.5,48,0.2,1.0,42.9,42.0,45.3,46.0,44.1,43.0,36.8,36.5,42,13.5,15
1.0,0.01,1.0,New York,41.0,40,50,40.0,7.1,7.0,10,7.9,39.0,94.0,76.0,133.4,84.5,28.0,28.0,176.2,172.0,198,39.3,45
0.5,0.25,1.0,Iowa,41.0,41,41,41.0,41.4,41.5,45,1.0,5.0,42.0,41.0,46.8,46.0,28.0,28.0,87.3,87.5,96,43.8,47
1.0,0.25,1.0,Iowa,41.0,41,41,41.0,41.2,41.5,43,0.5,5.0,41.5,41.0,46.8,46.0,28.0,28.0,100.4,100.0,105,46.8,49
0.5,0.1,0.5,Wisconsin,41.1,38,46,38.0,39.0,39.5,42,0.0,0.0,45.0,45.0,47.1,46.0,28.0,28.0,77.6,78.5,85,23.7,30
2.0,0.1,1.0,South Dakota,41.2,38,46,38.0,47.3,47.5,49,0.0,0.0,44.6,40.0,45.7,41.0,47.0,41.0,15.1,16.0,18,3.5,6
0.5,0.1,0.5,Tennessee,41.2,40,52,40.0,19.9,20.0,22,0.0,0.0,52.5,52.0,55.3,55.0,66.4,67.5,10.3,11.0,13,4.6,7
0.5,0.05,1.0,Tennessee,41.2,40,52,40.0,27.3,27.0,32,0.0,0.0,53.9,52.0,61.8,57.0,89.3,84.5,12.4,11.5,18,8.2,11
0.5,0.05,1.0,Nebraska,41.2,40,52,40.0,36.7,36.0,38,0.0,0.0,49.4,52.0,54.7,52.0,63.7,69.0,4.8,5.0,6,8.5,10
1.0,0.1,0.5,Nebraska,41.2,40,52,40.0,41.6,42.0,43,0.0,0.0,47.6,52.0,49.6,52.0,64.0,65.0,7.0,7.0,11,10.3,12
1.0,0.05,0.5,Tennessee,41.2,40,52,40.0,29.7,30.0,32,0.0,0.0,56.0,57.0,63.4,59.0,91.4,96.5,16.3,15.0,24,10.6,13
2.0,0.25,1.0,Florida,41.2,38,46,38.0,14.3,14.5,17,0.0,0.0,49.2,46.0,53.8,54.5,47.4,40.0,37.9,37.0,44,20.1,23
1.0,0.05,1.0,Nebraska,41.3,40,52,40.0,44.5,45.0,47,0.0,0.0,48.0,52.0,51.2,52.0,62.0,65.0,7.6,7.5,10,9.5,12
2.0,0.05,1.0,Nebraska,41.3,40,52,40.0,47.2,47.0,53,0.0,0.0,51.8,52.0,55.9,54.0,66.6,72.0,6.9,7.0,10,11.5,14
2.0,0.1,1.0,Nebraska,41.3,40,52,40.0,47.0,47.5,50,0.0,0.0,45.8,43.0,48.4,47.0,60.7,58.0,8.9,9.0,13,14.1,17
1.0,0.05,1.0,Colorado,41.4,40,48,40.0,21.9,22.0,24,0.1,1.0,47.6,48.0,54.6,54.0,28.0,28.0,29.2,30.0,33,8.6,11
1.0,0.05,0.5,Nebraska,41.4,40,54,40.0,39.6,39.0,43,0.0,0.0,48.6,52.0,52.7,52.0,64.3,70.0,5.7,6.0,8,9.1,11
1.0,0.1,1.0,Washington,41.4,39,51,39.0,14.2,14.5,18,0.1,1.0,52.6,52.0,58.0,56.0,28.0,28.0,17.3,17.5,21,11.2,14
0.5,0.05,0.5,Idaho,41.4,40,42,42.0,9.0,9.0,12,0.0,0.0,46.3,47.5,49.9,50.0,28.0,28.0,31.6,30.5,39,12.8,14
1.0,0.1,1.0,Idaho,41.4,40,42,42.0,13.8,14.0,16,0.0,0.0,44.3,45.0,47.4,47.0,28.0,28.0,44.4,44.5,50,14.1,15
2.0,0.1,0.5,Idaho,41.4,40,42,42.0,13.6,13.0,17,0.0,0.0,45.8,46.0,48.4,49.0,30.9,28.0,42.1,41.0,46,14.5,17
2.0,0.1,2.0,Idaho,41.4,40,42,42.0,13.1,13.0,17,0.0,0.0,45.6,46.0,48.1,49.5,28.0,28.0,42.6,41.5,51,15.4,18
0.5,0.1,2.0,Idaho,41.4,40,42,42.0,12.3,12.0,16,0.3,3.0,46.0,45.0,50.5,49.5,28.0,28.0,45.4,45.5,50,15.4,19
0.5,0.05,2.0,Minnesota,41.4,33,48,44.0,31.3,31.5,40,2.4,12.0,45.0,45.0,47.1,47.0,28.0,28.0,61.3,60.0,78,45.0,51
1.0,0.05,2.0,Indiana,41.5,38,61,38.0,51.3,51.5,55,0.0,0.0,53.4,54.5,60.9,61.0,28.0,28.0,31.7,32.0,36,19.8,24
0.5,0.1,1.0,South Dakota,41.6,38,52,38.0,40.7,41.0,44,0.0,0.0,43.4,40.0,45.0,41.0,45.5,41.0,13.4,13.0,19,3.0,5
1.0,0.1,0.5,Idaho,41.6,40,42,42.0,12.9,13.0,15,0.0,0.0,44.5,45.0,47.4,49.0,30.6,28.0,41.6,42.5,46,11.8,14
1.0,0.05,2.0,Tennessee,41.6,40,56,40.0,38.2,38.5,40,0.0,0.0,55.1,56.5,65.9,59.0,28.0,28.0,27.6,27.0,35,13.2,15
2.0,0.1,1.0,Idaho,41.6,40,44,42.0,13.4,13.0,17,0.0,0.0,46.2,46.0,50.0,50.0,30.9,28.0,42.9,43.0,46,14.4,17
1.0,0.1,2.0,Idaho,41.6,40,42,42.0,13.8,14.0,16,0.3,2.0,47.0,46.0,49.6,49.0,28.0,28.0,42.7,42.5,49,14.6,17
2.0,0.05,2.0,Wisconsin,41.6,38,50,38.0,42.9,43.0,46,0.0,0.0,46.6,45.5,49.9,49.0,28.0,28.0,83.8,84.0,92,23.0,26
0.5,0.25,1.0,California,41.6,41,43,41.0,5.5,5.5,7,10.1,11.0,50.0,50.0,81.3,81.0,28.0,28.0,65.5,66.0,71,30.1,31
1.0,0.25,1.0,California,41.6,41,43,41.0,5.4,5.0,7,12.5,21.0,56.2,50.0,83.0,84.0,28.0,28.0,67.6,68.0,73,31.6,33
1.0,0.05,0.5,Pennsylvania,41.7,40,52,40.0,42.8,42.0,48,0.2,1.0,45.4,42.5,51.4,47.5,37.3,34.5,30.1,29.5,38,11.8,16
0.5,0.05,2.0,Tennessee,41.7,40,57,40.0,35.8,35.0,40,0.0,0.0,56.3,57.0,63.8,59.0,114.2,113.0,17.8,18.0,25,12.6,17
1.0,0.05,0.5,Idaho,41.7,40,43,42.0,11.6,12.0,14,0.0,0.0,47.5,47.5,52.4,50.0,28.0,28.0,41.0,39.0,49,12.9,15
0.5,0.25,2.0,Iowa,41.7,41,48,41.0,41.5,41.5,46,0.0,0.0,42.0,41.0,46.5,46.0,28.0,28.0,97.8,98.0,108,46.4,50
2.0,0.25,0.5,Iowa,41.7,41,48,41.0,41.5,41.0,45,1.0,5.0,43.0,41.0,47.7,46.0,28.0,28.0,101.8,102.0,108,47.1,50
0.5,0.05,1.0,Colorado,41.8,40,50,40.0,18.7,18.5,20,0.2,1.0,49.0,48.0,53.7,54.0,28.0,28.0,28.4,27.5,32,7.3,8
2.0,0.05,0.5,Colorado,41.8,40,50,40.0,21.0,21.0,24,0.1,1.0,50.3,48.0,56.0,54.0,28.0,28.0,31.1,31.5,38,10.1,13
0.5,0.05,1.0,Idaho,41.8,40,42,42.0,10.8,11.0,13,0.4,4.0,47.6,47.5,51.9,50.0,28.0,28.0,38.8,39.5,44,12.2,15
1.0,0.05,2.0,Kansas,41.8,36,51,41.0,53.9,53.5,59,0.3,3.0,48.4,49.0,50.1,49.0,28.0,28.0,21.6,22.5,25,14.3,22
0.5,0.25,2.0,California,41.8,41,43,41.0,5.2,5.0,7,14.2,23.0,62.7,50.0,83.2,81.0,28.0,28.0,67.6,67.5,74,30.8,32
2.0,0.25,0.5,California,41.8,41,43,41.0,4.7,4.0,7,13.5,24.0,61.1,50.0,111.8,81.0,28.0,28.0,66.7,68.0,71,32.2,34
1.0,0.05,1.0,Tennessee,41.9,40,59,40.0,36.8,36.5,40,0.0,0.0,57.0,54.5,62.2,59.0,33.4,28.0,21.1,20.5,28,12.2,15
1.0,0.25,0.5,Iowa,41.9,41,50,41.0,41.6,41.0,46,0.0,0.0,42.0,41.0,46.7,46.0,28.0,28.0,97.0,98.0,103,45.2,48
ALL,ALL,ALL,Kansas,41.96388888888889,36,66,41.0,46.69444444444444,47.0,59,0.4388888888888889,5.0,47.65555555555556,49.0,51.419444444444444,49.0,34.725,28.0,18.23611111111111,18.0,36,14.677777777777777,26
1.0,0.25,0.5,California,42.0,41,43,42.0,5.2,5.5,6,13.9,22.0,63.3,50.0,84.4,85.0,28.0,28.0,67.0,67.0,71,30.6,32
0.5,0.25,0.5,California,42.0,41,43,42.0,4.9,5.0,6,14.9,23.0,63.3,50.0,83.6,81.0,28.0,28.0,56.0,56.0,62,30.9,32
2.0,0.25,2.0,California,42.0,41,43,42.0,5.0,5.0,6,13.0,20.0,60.2,50.0,83.9,84.0,28.0,28.0,67.5,66.0,76,32.0,33
2.0,0.01,0.5,New Mexico,42.1,36,51,39.0,10.4,10.5,12,1.7,3.0,73.3,67.5,94.3,98.0,28.0,28.0,26.3,24.0,35,4.0,5
0.5,0.1,0.5,South Dakota,42.2,38,50,41.0,38.5,38.0,41,0.1,1.0,45.6,44.0,47.0,47.0,49.4,53.0,10.9,11.5,14,2.8,6
0.5,0.05,0.5,Kansas,42.2,36,49,41.0,36.5,37.0,41,0.3,2.0,47.2,49.0,49.8,50.0,40.8,28.0,8.9,9.5,13,8.7,12
2.0,0.05,0.5,Idaho,42.2,40,46,42.0,11.9,12.0,14,0.3,2.0,48.6,49.0,60.5,57.5,28.0,28.0,41.9,42.0,47,15.7,18
2.0,0.05,0.5,Kansas,42.2,36,49,41.0,52.8,52.5,57,0.5,4.0,47.8,49.0,50.8,51.0,28.0,28.0,24.5,25.0,29,15.8,19
2.0,0.25,1.0,California,42.2,41,43,43.0,5.3,6.0,7,14.2,22.0,63.5,50.0,110.1,85.0,28.0,28.0,68.0,67.0,73,31.7,34
0.5,0.05,0.5,Colorado,42.4,40,48,40.0,16.8,17.0,18,0.3,1.0,49.2,48.0,54.0,54.0,28.0,28.0,26.0,25.5,32,6.0,7
1.0,0.05,2.0,Nebraska,42.4,40,52,40.0,47.1,46.0,52,0.0,0.0,50.2,52.0,53.9,54.0,64.8,70.0,8.6,9.0,10,9.9,11
2.0,0.05,2.0,Nebraska,42.4,40,52,40.0,48.7,47.5,52,0.0,0.0,45.8,41.0,51.7,52.0,77.7,58.0,8.4,8.5,14,11.3,13
2.0,0.05,0.5,Pennsylvania,42.4,40,56,41.0,45.7,45.0,52,0.7,3.0,49.2,48.5,53.5,54.5,47.7,43.5,31.6,31.5,38,12.4,17
2.0,0.1,2.0,California,42.4,41,43,43.0,5.1,5.0,7,16.5,23.0,76.2,84.0,95.3,89.5,28.0,28.0,70.0,70.0,75,31.8,33
1.0,0.25,2.0,California,42.4,41,43,43.0,5.0,5.0,6,13.6,21.0,63.2,50.0,85.1,84.0,28.0,28.0,66.5,66.0,74,32.0,33
ALL,ALL,ALL,New York,42.49444444444445,40,111,40.0,9.73611111111111,10.0,16,0.7972222222222223,39.0,54.65277777777778,50.0,66.66666666666667,54.0,28.330555555555556,28.0,193.0611111111111,202.0,248,37.81944444444444,45
0.5,0.05,0.5,Indiana,42.5,38,60,38.0,41.4,41.5,44,0.0,0.0,53.1,55.5,60.7,61.0,28.0,28.0,15.2,15.0,19,11.3,16
1.0,0.25,2.0,Washington,42.6,39,51,39.0,13.7,14.0,16,0.2,1.0,50.5,51.0,55.5,56.0,28.0,28.0,19.2,18.5,23,12.7,15
0.5,0.1,1.0,California,42.6,41,43,43.0,4.1,4.5,6,16.7,28.0,75.5,82.5,91.33333333333333,86.0,28.0,28.0,67.7,67.0,77,30.5,32
2.0,0.1,0.5,California,42.6,41,43,43.0,5.0,5.5,7,18.8,25.0,79.8,84.0,98.3,93.5,28.0,28.0,70.2,69.0,80,32.0,34
2.0,0.05,0.5,Nebraska,42.7,40,54,40.0,46.5,46.0,49,0.0,0.0,49.0,52.0,53.8,54.0,66.5,70.0,7.3,7.0,12,9.6,11
1.0,0.05,2.0,Idaho,42.7,42,46,42.0,12.4,12.5,16,1.0,5.0,50.6,50.0,57.9,55.0,33.7,28.0,43.3,42.5,51,14.9,17
1.0,0.05,0.5,Indiana,42.7,38,56,38.0,44.7,44.5,53,0.0,0.0,56.2,60.5,61.6,61.5,32.5,28.0,25.3,24.5,31,17.1,22
1.0,0.1,2.0,Wisconsin,42.7,38,50,43.5,42.8,42.0,48,0.1,1.0,47.2,48.0,48.9,50.5,28.0,28.0,89.5,90.0,94,23.3,26
2.0,0.05,1.0,Colorado,42.8,40,60,40.0,22.1,22.0,24,0.1,1.0,51.8,48.0,56.5,54.0,32.1,28.0,31.2,32.0,35,8.8,10
0.5,0.05,2.0,Colorado,42.8,40,60,40.0,21.2,21.0,23,0.1,1.0,52.4,49.0,58.3,57.0,28.0,28.0,31.9,31.5,38,8.8,10
2.0,0.25,2.0,Washington,42.8,39,53,39.0,14.9,15.0,17,0.2,1.0,49.0,48.0,53.1,53.5,28.0,28.0,19.7,19.0,23,11.6,13
2.0,0.25,0.5,Florida,42.8,38,46,46.0,14.9,14.5,18,0.0,0.0,49.5,47.0,54.7,55.0,47.9,47.5,33.2,34.0,37,19.1,22
2.0,0.25,2.0,Florida,42.8,38,46,46.0,14.0,14.5,16,0.1,1.0,50.2,50.5,53.4,55.0,51.6,57.0,39.4,40.0,42,20.5,23
2.0,0.1,2.0,Wisconsin,42.8,38,46,46.0,43.2,43.0,52,0.0,0.0,47.1,50.0,48.6,51.0,28.0,28.0,86.8,88.0,96,23.2,28
0.5,0.1,0.5,California,42.8,41,43,43.0,5.1,5.5,7,14.3,28.0,68.8,50.0,90.22222222222223,86.0,28.0,28.0,56.9,55.5,64,29.9,32
0.5,0.25,0.5,Washington,42.9,39,54,39.0,11.7,12.0,14,0.1,1.0,48.5,48.0,52.7,53.5,28.0,28.0,12.8,13.0,15,8.1,10
2.0,0.05,2.0,Tennessee,42.9,40,57,40.0,40.7,40.0,46,0.0,0.0,56.1,57.0,59.6,59.0,37.3,28.0,28.8,29.5,34,13.6,15
1.0,0.1,1.0,Iowa,42.9,41,51,41.0,39.2,40.0,42,2.0,5.0,45.1,46.0,49.2,50.0,28.0,28.0,101.0,101.0,108,48.0,51
0.5,0.1,0.5,Illinois,43.0,43,43,43.0,45.1,46.0,49,0.0,0.0,44.0,44.0,53.7,49.0,57.1,56.5,11.2,11.0,18,3.0,4
1.0,0.1,0.5,Illinois,43.0,43,43,43.0,57.6,57.5,63,0.0,0.0,44.0,44.0,53.4,54.0,41.5,47.0,17.8,17.0,21,4.3,6
0.5,0.25,0.5,Illinois,43.0,43,43,43.0,48.1,48.0,50,0.0,0.0,44.0,44.0,47.6,47.0,45.3,47.5,15.8,15.5,18,4.4,6
0.5,0.25,1.0,Illinois,43.0,43,43,43.0,57.3,57.0,59,0.0,0.0,44.0,44.0,47.0,47.0,58.1,56.5,16.3,15.5,20,4.5,7
1.0,0.25,0.5,Illinois,43.0,43,43,43.0,61.4,60.5,66,0.0,0.0,44.0,44.0,46.1,45.0,40.2,38.0,20.0,20.5,22,4.7,7
1.0,0.1,1.0,Illinois,43.0,43,43,43.0,62.4,62.0,67,0.0,0.0,44.0,44.0,48.1,49.0,53.0,48.0,19.0,19.0,23,5.0,7
0.5,0.1,2.0,Illinois,43.0,43,43,43.0,59.3,58.0,63,0.0,0.0,44.0,44.0,55.4,55.0,45.5,47.0,17.5,16.5,22,5.5,8
0.5,0.25,2.0,Illinois,43.0,43,43,43.0,62.6,62.5,66,0.0,0.0,44.0,44.0,45.7,45.0,43.9,48.0,19.1,19.5,22,6.6,8
1.0,0.1,2.0,Illinois,43.0,43,43,43.0,62.8,63.0,66,0.0,0.0,44.0,44.0,53.4,52.5,41.9,37.5,24.1,25.0,27,6.8,10
2.0,0.05,2.0,Illinois,43.0,43,43,43.0,60.9,61.0,63,0.0,0.0,45.0,44.0,55.9,55.0,52.9,56.0,22.6,22.5,28,6.9,8
2.0,0.1,0.5,Illinois,43.0,43,43,43.0,61.4,61.0,65,0.0,0.0,44.0,44.0,50.4,49.0,44.1,47.0,23.5,24.5,30,7.0,10
1.0,0.25,1.0,Illinois,43.0,43,43,43.0,62.2,62.5,64,0.0,0.0,44.0,44.0,46.6,45.0,54.3,48.0,20.3,20.0,24,7.8,11
2.0,0.25,0.5,Illinois,43.0,43,43,43.0,65.4,66.0,67,0.0,0.0,44.0,44.0,48.1,49.0,51.6,48.0,24.3,25.0,29,7.9,10
2.0,0.1,1.0,Illinois,43.0,43,43,43.0,63.2,63.0,66,0.0,0.0,44.0,44.0,49.6,49.0,49.0,47.0,22.8,22.5,26,8.0,11
1.0,0.25,2.0,Illinois,43.0,43,43,43.0,65.1,65.0,68,0.0,0.0,44.0,44.0,47.9,47.0,53.2,48.0,24.4,24.0,27,8.3,11
2.0,0.25,2.0,Illinois,43.0,43,43,43.0,65.9,66.0,67,0.0,0.0,44.0,44.0,47.6,47.0,41.8,47.5,25.3,26.0,29,8.7,11
2.0,0.25,1.0,Illinois,43.0,43,43,43.0,64.8,64.5,68,0.0,0.0,44.0,44.0,48.0,49.0,49.6,48.0,24.5,24.5,28,9.6,13
2.0,0.05,2.0,Pennsylvania,43.0,40,62,41.0,48.0,47.0,54,0.0,0.0,48.1,43.0,53.4,48.0,49.0,46.0,30.9,29.5,39,10.0,17
1.0,0.05,1.0,Idaho,43.0,40,46,42.0,12.7,13.0,14,0.4,2.0,48.2,47.5,51.9,50.0,30.6,28.0,45.0,43.5,51,14.3,17
2.0,0.1,2.0,Kansas,43.0,36,49,45.0,52.0,53.0,57,0.0,0.0,46.2,49.0,49.4,50.0,28.0,28.0,28.0,28.5,33,19.3,24
2.0,0.05,2.0,Indiana,43.0,38,54,41.0,51.5,52.0,54,0.0,0.0,53.0,55.0,59.1,59.5,35.8,28.0,32.1,32.0,39,20.0,23
0.5,0.05,0.5,California,43.0,43,43,43.0,3.8,3.5,6,18.8,28.0,87.3,90.0,91.0,94.0,28.0,28.0,58.4,57.5,64,29.6,31
1.0,0.1,1.0,California,43.0,43,43,43.0,5.2,5.0,6,16.7,25.0,77.6,86.0,96.6,94.0,28.0,28.0,70.3,70.0,77,31.7,33
2.0,0.05,2.0,South Dakota,43.1,38,52,40.5,48.1,48.5,50,0.0,0.0,46.2,44.5,48.8,48.0,50.3,53.0,15.8,15.5,19,2.2,5
0.5,0.01,2.0,New Mexico,43.1,36,72,39.0,10.7,11.0,13,0.7,2.0,65.8,63.0,89.0,97.0,28.0,28.0,24.2,25.5,31,3.1,5
0.5,0.1,1.0,Illinois,43.1,43,44,43.0,53.8,54.0,57,0.0,0.0,44.5,44.0,51.4,49.0,54.4,65.0,12.0,12.0,18,3.3,4
1.0,0.01,1.0,New Mexico,43.1,36,64,39.0,9.3,9.0,12,0.7,4.0,58.7,58.5,93.2,105.5,28.0,28.0,26.2,26.0,29,4.9,7
1.0,0.05,2.0,Illinois,43.1,43,44,43.0,58.1,58.0,61,0.0,0.0,48.5,44.0,60.7,58.0,49.6,47.0,19.2,19.5,22,6.7,11
2.0,0.1,2.0,Illinois,43.1,43,44,43.0,63.6,63.5,66,0.0,0.0,46.5,44.0,53.8,52.0,50.2,47.5,24.5,24.5,27,7.5,11
2.0,0.25,1.0,Washington,43.1,39,54,39.0,14.7,15.0,16,0.1,1.0,49.4,51.0,53.0,53.0,28.0,28.0,19.5,19.5,23,12.0,14
2.0,0.1,0.5,Wisconsin,43.1,38,50,43.5,43.0,43.0,45,0.0,0.0,46.5,48.0,47.9,49.0,28.0,28.0,89.8,89.5,100,23.0,26
0.5,0.25,0.5,Iowa,43.1,41,48,41.0,41.6,42.0,47,0.5,5.0,44.5,41.0,48.1,47.0,28.0,28.0,77.8,77.0,88,40.8,46
2.0,0.25,1.0,Iowa,43.1,41,48,41.0,41.9,42.0,44,0.5,5.0,44.3,41.0,47.9,46.0,28.0,28.0,106.1,106.0,114,46.4,49
1.0,0.25,2.0,Iowa,43.1,41,48,41.0,41.5,41.5,45,0.0,0.0,44.0,41.0,47.9,46.0,28.0,28.0,103.2,101.5,112,47.1,50
1.0,0.01,2.0,Maryland,43.2,33,57,40.5,12.2,12.5,14,0.0,0.0,72.3,57.0,93.9,79.0,28.0,28.0,18.7,19.0,25,1.4,3
2.0,0.25,2.0,New Jersey,43.2,43,45,43.0,8.0,8.0,9,0.1,1.0,47.0,45.0,66.5,65.0,44.2,46.0,17.8,17.5,20,1.8,2
0.5,0.05,1.0,Illinois,43.2,43,44,43.0,50.6,50.5,53,0.0,0.0,50.8,44.0,58.3,57.0,56.7,56.0,13.1,12.5,19,2.9,5
1.0,0.05,0.5,Illinois,43.2,43,44,43.0,53.4,53.0,57,0.0,0.0,45.3,44.0,56.7,56.0,63.4,48.0,13.5,14.0,17,3.3,4
0.5,0.05,0.5,Tennessee,43.2,38,57,40.0,16.6,16.5,22,0.0,0.0,54.2,57.0,61.0,59.0,102.6,118.0,4.5,5.0,6,3.3,6
0.5,0.05,2.0,Illinois,43.2,43,44,43.0,55.4,56.0,58,0.0,0.0,47.3,44.0,62.8,64.0,64.5,56.0,16.4,17.5,20,4.2,6
2.0,0.05,1.0,Illinois,43.2,43,44,43.0,60.5,60.5,66,0.0,0.0,47.1,44.0,62.4,66.0,65.1,65.0,19.7,20.0,25,5.9,8
1.0,0.05,1.0,Illinois,43.2,43,44,43.0,56.1,56.5,59,0.0,0.0,45.0,44.0,57.4,56.0,60.1,47.0,16.4,16.5,20,5.9,8
2.0,0.05,0.5,Illinois,43.2,43,44,43.0,58.7,59.0,60,0.0,0.0,48.8,44.0,61.4,60.5,55.0,47.5,20.3,20.5,24,6.4,8
0.5,0.1,1.0,Washington,43.2,39,54,39.0,13.5,14.0,16,0.3,2.0,53.2,52.0,60.8,56.0,28.0,28.0,16.4,16.0,22,9.6,12
0.5,0.05,2.0,Kansas,43.2,36,49,41.0,49.7,49.0,54,0.1,1.0,48.2,49.0,50.4,50.0,39.0,28.0,13.2,13.0,17,11.7,15
1.0,0.1,2.0,South Dakota,43.3,38,51,46.0,48.6,48.0,51,0.0,0.0,47.3,52.0,49.0,53.0,50.0,56.0,14.5,14.0,20,2.2,4
0.5,0.1,2.0,South Dakota,43.3,38,48,46.0,46.0,46.0,49,0.1,1.0,47.6,51.5,49.1,52.0,50.6,54.5,13.4,12.5,20,2.8,6
1.0,0.05,0.5,Wisconsin,43.3,38,51,46.0,41.6,42.0,45,0.1,1.0,48.0,50.5,50.9,52.5,28.0,28.0,78.1,79.0,91,23.9,27
0.5,0.05,1.0,Wisconsin,43.3,38,51,46.0,39.0,39.0,42,0.0,0.0,47.8,48.0,50.6,50.5,28.0,28.0,84.2,84.0,90,25.6,28
0.5,0.1,0.5,New Jersey,43.4,43,45,43.0,5.0,5.0,6,0.2,1.0,50.5,45.0,93.1,75.0,46.5,46.0,12.5,13.5,14,1.2,2
1.0,0.25,2.0,New Jersey,43.4,43,45,43.0,8.0,8.5,9,0.2,1.0,49.5,45.0,64.0,65.0,46.0,46.0,15.6,16.5,18,1.5,2
1.0,0.25,0.5,New Jersey,43.4,43,45,43.0,6.5,6.5,7,0.3,2.0,48.5,45.0,69.5,72.5,46.0,46.0,12.7,12.5,16,1.7,2
0.5,0.25,0.5,New Jersey,43.4,43,45,43.0,5.3,5.0,6,0.2,1.0,47.5,45.0,72.4,75.0,46.5,46.0,12.2,12.0,14,1.8,2
1.0,0.1,0.5,South Dakota,43.4,38,52,46.0,45.1,45.0,47,0.0,0.0,47.1,51.0,48.0,52.0,50.0,56.0,12.7,13.0,17,2.2,4
2.0,0.05,2.0,Idaho,43.4,40,49,42.0,12.3,12.5,14,0.3,2.0,48.5,49.5,55.8,54.0,28.0,28.0,40.2,39.0,46,15.5,17
0.5,0.25,2.0,Michigan,43.4,41,48,41.0,33.4,33.0,38,0.0,0.0,48.4,48.0,49.6,48.5,49.6,52.0,26.0,25.5,32,28.4,32
0.5,0.1,1.0,Iowa,43.4,41,51,41.0,39.0,39.0,45,0.5,5.0,44.6,41.0,48.7,48.0,28.0,28.0,91.9,91.5,102,45.1,50
2.0,0.25,2.0,Iowa,43.4,41,51,41.0,41.2,41.0,45,0.5,5.0,44.7,41.0,48.0,46.0,28.0,28.0,107.3,107.0,115,47.7,51
0.5,0.05,0.5,Pennsylvania,43.5,40,52,42.0,40.4,41.5,44,0.4,2.0,48.3,46.0,51.7,50.5,51.5,45.0,24.6,26.0,29,11.7,16
2.0,0.05,1.0,Kansas,43.5,36,49,45.0,50.3,51.0,54,0.6,4.0,48.0,49.0,50.2,51.0,28.0,28.0,25.8,26.0,33,18.1,25
0.5,0.1,2.0,Wisconsin,43.5,38,50,45.5,42.2,43.0,45,0.0,0.0,47.0,48.0,50.2,51.0,28.0,28.0,92.0,94.5,101,23.4,27
1.0,0.25,1.0,New Jersey,43.6,43,45,43.0,7.7,8.0,9,0.4,2.0,52.5,45.0,71.5,75.0,46.0,46.0,12.7,13.5,15,1.7,2
2.0,0.1,2.0,South Dakota,43.6,38,52,46.0,49.2,49.0,53,0.0,0.0,47.1,51.0,48.3,52.0,50.0,56.0,14.6,14.5,17,2.0,4
1.0,0.25,1.0,Florida,43.6,38,46,46.0,14.8,15.0,18,0.0,0.0,48.9,47.0,53.7,54.0,55.1,62.0,31.5,31.5,36,19.6,22
1.0,0.1,0.5,Wisconsin,43.6,38,50,46.0,42.9,44.5,48,0.0,0.0,46.9,50.0,49.0,51.0,28.0,28.0,88.2,89.0,93,23.1,31
1.0,0.1,2.0,California,43.6,41,53,43.0,5.1,5.0,7,15.5,26.0,75.1,85.0,95.4,94.0,28.0,28.0,72.6,71.0,80,31.7,33
2.0,0.01,2.0,New York,43.6,40,76,40.0,7.3,7.5,10,0.6,4.0,69.5,68.0,83.3,78.0,28.0,28.0,167.8,165.0,198,39.9,42
0.5,0.05,2.0,Nebraska,43.7,40,52,40.0,43.8,43.5,48,0.0,0.0,51.2,52.0,54.8,54.0,65.1,70.0,7.1,6.5,11,9.2,12
2.0,0.25,0.5,New Jersey,43.8,43,45,43.0,7.7,7.5,9,0.4,1.0,50.0,45.0,70.5,70.0,46.0,46.0,15.6,16.0,18,1.8,2
2.0,0.1,0.5,South Dakota,43.8,38,52,46.0,48.1,48.0,50,0.0,0.0,46.5,48.0,48.4,51.0,52.5,56.0,13.7,13.0,19,2.5,4
2.0,0.05,1.0,Pennsylvania,43.8,40,56,42.0,46.7,46.5,54,0.2,1.0,48.4,46.0,51.5,50.5,56.5,56.5,31.0,30.5,36,12.5,16
0.5,0.05,2.0,Idaho,43.8,42,60,42.0,13.0,14.0,16,0.3,2.0,54.5,49.0,63.7,55.0,28.0,28.0,43.8,42.5,54,13.9,17
1.0,0.1,0.5,California,43.8,41,53,43.0,5.1,5.0,6,16.3,21.0,75.4,84.0,90.2,86.0,28.0,28.0,70.8,71.5,78,30.5,32
2.0,0.1,1.0,California,43.8,41,53,43.0,4.9,5.0,7,15.1,28.0,73.0,71.0,117.5,103.0,28.0,28.0,68.2,68.0,72,32.0,34
ALL,ALL,ALL,Colorado,43.916666666666664,40,71,40.0,20.93888888888889,22.0,27,0.07777777777777778,1.0,51.733333333333334,48.0,57.06388888888889,54.0,28.238888888888887,28.0,28.73611111111111,29.0,42,8.063888888888888,14
2.0,0.25,1.0,New Jersey,44.0,43,45,44.0,7.8,8.0,9,0.8,2.0,56.0,52.5,68.0,72.5,45.1,46.0,15.7,15.5,20,1.7,2
0.5,0.05,0.5,Wisconsin,44.0,38,50,46.0,39.0,38.5,44,0.0,0.0,48.1,50.0,51.1,51.0,28.0,28.0,74.0,72.5,83,23.5,27
2.0,0.01,1.0,New Mexico,44.2,39,66,44.0,11.0,10.5,13,1.0,3.0,68.7,64.5,81.5,72.5,28.0,28.0,25.1,24.0,36,3.4,5
1.0,0.01,0.5,Arizona,44.2,33,70,40.5,5.2,5.0,7,1.3,8.0,85.7,73.0,120.9,95.5,28.0,28.0,8.7,9.0,11,4.4,8
2.0,0.05,0.5,Wisconsin,44.2,38,51,46.0,43.0,43.0,48,0.2,1.0,49.8,50.0,53.5,51.5,28.0,28.0,81.2,81.5,92,23.0,27
0.5,0.25,2.0,New Jersey,44.3,43,54,43.0,6.6,7.0,9,0.2,2.0,49.5,45.0,68.5,72.5,48.2,46.0,12.7,13.0,17,1.9,2
0.5,0.1,2.0,California,44.3,41,53,43.0,5.6,5.5,8,15.5,25.0,77.1,85.0,95.0,90.0,28.0,28.0,70.5,72.0,76,30.4,32
2.0,0.01,1.0,Minnesota,44.3,33,57,44.0,36.6,36.5,47,3.0,17.0,56.5,57.0,65.1,62.5,29.8,28.0,51.7,50.0,66,35.2,44
0.5,0.25,1.0,Florida,44.4,38,54,46.0,15.5,15.0,18,0.1,1.0,51.2,54.0,54.4,55.0,54.1,59.0,22.5,22.0,25,15.0,17
1.0,0.25,0.5,Florida,44.4,38,46,46.0,15.4,15.5,17,0.0,0.0,51.2,54.0,54.8,55.0,55.6,59.0,22.9,23.0,29,17.4,19
1.0,0.25,2.0,Florida,44.4,38,46,46.0,14.4,14.0,17,0.0,0.0,52.6,54.0,54.4,55.0,54.0,57.0,37.3,36.0,44,19.8,22
2.0,0.1,0.5,Florida,44.4,38,46,46.0,11.7,11.0,14,0.1,1.0,53.2,55.0,55.9,56.0,50.8,62.0,30.7,30.5,34,22.4,24
2.0,0.1,1.0,Iowa,44.4,41,51,41.0,38.8,38.0,45,0.5,5.0,45.6,44.5,49.8,50.0,28.0,28.0,107.4,106.5,117,49.2,54
0.5,0.05,2.0,Pennsylvania,44.5,40,59,42.0,45.0,45.0,48,0.3,1.0,47.6,44.5,51.7,49.0,47.1,44.0,32.9,33.0,41,11.5,15
1.0,0.05,1.0,Wisconsin,44.5,38,51,46.0,44.3,44.5,48,0.1,1.0,48.8,50.0,52.2,51.0,28.0,28.0,85.0,84.0,95,21.2,26
0.5,0.1,0.5,Iowa,44.5,41,48,44.5,38.8,40.0,43,1.0,5.0,47.4,49.0,49.4,51.0,29.5,28.0,75.5,75.0,86,41.8,47
0.5,0.05,0.5,Illinois,44.6,43,52,43.0,40.1,40.0,45,0.0,0.0,48.3,44.0,60.7,64.0,68.4,67.5,8.9,8.5,16,3.3,6
2.0,0.01,1.0,Colorado,44.6,40,60,40.0,17.8,18.0,20,0.3,1.0,59.6,60.0,71.8,69.5,28.0,28.0,28.4,27.5,38,10.4,14
2.0,0.25,0.5,Kentucky,44.6,41,45,45.0,51.4,51.0,56,0.1,1.0,55.2,58.0,64.0,64.0,68.7,71.0,20.1,20.0,24,12.5,16
2.0,0.05,1.0,Idaho,44.6,40,60,42.0,12.2,12.0,15,0.5,2.0,53.0,49.5,58.2,52.5,31.4,28.0,41.6,38.5,51,15.3,19
0.5,0.25,2.0,Ohio,44.7,44,45,45.0,63.3,63.0,68,0.0,0.0,47.8,48.0,50.7,51.0,63.1,67.0,19.1,19.0,22,9.9,12
2.0,0.25,2.0,Ohio,44.7,44,45,45.0,66.8,67.0,69,0.0,0.0,46.8,47.0,49.5,49.5,63.1,67.0,20.9,21.0,24,10.6,13
0.5,0.05,0.5,South Dakota,44.8,38,52,46.0,35.9,36.0,39,0.0,0.0,47.6,52.0,49.7,53.0,52.2,56.0,9.3,9.0,11,1.5,4
0.5,0.25,0.5,Kentucky,44.8,41,47,45.0,38.1,38.0,40,0.2,1.0,56.9,58.0,64.5,64.0,70.9,71.0,10.6,11.0,13,5.2,7
0.5,0.1,1.0,New Jersey,44.9,43,54,44.0,5.7,5.5,8,0.5,2.0,54.5,50.0,70.9,72.5,47.0,46.0,12.6,14.0,17,1.4,2
1.0,0.05,1.0,South Dakota,44.9,38,52,46.0,47.2,47.5,50,0.1,1.0,47.9,52.0,49.9,53.0,51.4,56.0,14.9,15.0,22,2.4,4
2.0,0.25,1.0,Ohio,44.9,44,45,45.0,67.1,67.5,69,0.0,0.0,47.3,48.0,50.4,51.0,63.1,67.0,21.6,21.5,25,11.1,14
1.0,0.25,2.0,Ohio,44.9,44,48,45.0,66.0,66.0,70,0.0,0.0,47.4,48.0,49.9,51.0,67.0,67.0,21.7,21.5,24,11.5,14
2.0,0.25,1.0,Michigan,44.9,41,49,46.0,35.6,34.5,41,0.0,0.0,48.7,48.5,50.2,51.0,50.0,52.0,23.5,24.5,27,27.0,32
2.0,0.01,2.0,Maryland,45.0,33,57,45.0,11.9,12.0,14,0.2,2.0,64.5,58.5,90.5,84.0,28.0,28.0,17.5,18.0,29,1.7,3
2.0,0.25,2.0,Vermont,45.0,45,45,45.0,10.2,10.0,11,0.0,0.0,51.7,52.0,54.8,55.0,96.0,96.0,5.9,6.0,7,3.8,4
0.5,0.25,2.0,Vermont,45.0,45,45,45.0,9.9,10.0,11,0.0,0.0,51.7,52.0,54.9,55.0,96.0,96.0,6.6,7.0,8,4.1,6
1.0,0.25,1.0,Vermont,45.0,45,45,45.0,9.9,10.0,11,0.0,0.0,51.7,52.0,55.0,55.0,96.0,96.0,5.9,6.0,7,4.1,5
0.5,0.25,1.0,Kentucky,45.0,45,45,45.0,44.7,45.0,47,0.3,1.0,59.9,58.0,65.9,64.0,71.0,71.0,14.1,14.5,18,8.7,10
1.0,0.25,0.5,Kentucky,45.0,45,45,45.0,46.6,47.0,50,0.3,1.0,59.1,58.0,64.7,64.0,71.0,71.0,17.9,18.0,22,9.7,12
0.5,0.25,2.0,Kentucky,45.0,45,45,45.0,50.3,50.0,54,0.4,1.0,59.5,58.0,65.1,65.0,74.6,71.0,20.2,20.0,23,11.5,14
1.0,0.25,1.0,Kentucky,45.0,45,45,45.0,49.7,49.0,56,0.2,1.0,58.3,58.0,64.5,64.5,62.4,71.0,20.7,20.0,24,12.1,16
1.0,0.25,2.0,Kentucky,45.0,45,45,45.0,52.2,52.0,57,0.5,1.0,61.1,61.0,66.0,65.0,68.9,71.0,20.2,19.0,25,12.9,14
2.0,0.25,1.0,Kentucky,45.0,45,45,45.0,51.9,52.0,54,0.2,1.0,58.1,58.0,64.2,64.0,72.4,71.0,19.1,19.0,22,13.8,16
2.0,0.25,2.0,Kentucky,45.0,45,45,45.0,51.5,52.0,54,0.4,1.0,60.9,58.0,66.3,65.5,74.7,71.0,21.6,22.0,26,14.1,16
2.0,0.05,2.0,California,45.0,43,56,43.0,4.6,4.0,7,15.7,25.0,81.4,85.0,148.6,112.0,28.0,28.0,69.0,69.5,75,32.2,34
1.0,0.05,0.5,South Dakota,45.1,38,52,46.0,44.5,44.0,48,0.2,2.0,48.3,50.5,49.8,52.0,52.2,56.0,12.0,12.5,16,1.7,6
1.0,0.05,1.0,California,45.1,41,56,43.0,4.7,4.5,8,16.6,27.0,83.9,90.0,130.6,116.0,28.0,28.0,74.1,75.5,81,32.1,34
0.5,0.01,1.0,New York,45.1,40,91,40.0,6.0,5.5,11,2.2,15.0,72.6,71.0,96.4,91.5,37.1,28.0,143.1,140.0,167,38.5,40
2.0,0.05,0.5,South Dakota,45.2,38,52,46.0,48.3,48.5,50,0.0,0.0,47.9,50.0,49.6,51.5,50.8,56.0,15.3,16.0,17,2.4,4
2.0,0.25,0.5,Ohio,45.2,44,48,45.0,63.8,64.5,66,0.0,0.0,48.3,48.0,51.0,51.0,63.1,67.0,20.8,20.5,25,9.7,13
0.5,0.25,0.5,Florida,45.2,38,46,46.0,14.9,15.0,17,0.1,1.0,51.4,54.0,54.3,55.0,57.8,60.5,16.3,16.0,20,13.8,16
0.5,0.1,0.5,Florida,45.2,38,46,46.0,13.2,13.0,15,0.0,0.0,52.9,54.0,55.4,55.0,59.8,62.0,15.0,15.5,19,15.2,16
0.5,0.25,2.0,Florida,45.2,38,46,46.0,15.0,15.5,18,0.1,1.0,51.2,54.0,54.7,55.0,56.9,59.0,30.8,31.0,34,19.2,22
2.0,0.25,0.5,Michigan,45.2,41,49,47.0,33.8,34.5,37,0.0,0.0,48.6,48.0,49.7,49.5,49.5,52.0,26.1,26.0,28,28.4,32
0.5,0.01,0.5,Maryland,45.3,33,57,48.0,7.0,7.0,10,0.1,1.0,62.9,57.0,106.7,121.5,29.4,28.0,10.9,11.0,16,1.3,3
0.5,0.25,1.0,Ohio,45.3,44,48,45.0,57.6,58.0,61,0.0,0.0,48.0,48.0,50.4,51.0,63.1,67.0,15.5,16.0,19,10.2,12
1.0,0.25,0.5,Michigan,45.3,41,48,46.0,32.8,32.5,36,0.0,0.0,48.4,48.0,49.9,49.0,51.3,52.0,21.8,22.0,26,26.5,30
0.5,0.05,1.0,California,45.3,43,56,43.0,3.7,3.5,8,20.4,26.0,95.2,106.5,100.42857142857143,102.0,28.0,28.0,69.0,68.5,76,30.1,32
2.0,0.05,2.0,Iowa,45.3,41,51,45.5,37.1,37.0,41,1.2,6.0,48.7,50.5,50.9,50.5,28.0,28.0,109.1,109.0,117,50.7,54
1.0,0.25,2.0,Michigan,45.5,41,48,47.0,36.3,37.5,42,0.0,0.0,48.8,48.0,50.4,49.0,50.2,52.0,23.2,23.0,28,27.3,32
1.0,0.1,2.0,Iowa,45.5,41,51,48.0,40.9,41.0,46,1.0,5.0,48.0,50.0,50.0,51.0,28.0,28.0,106.4,104.0,122,46.9,52
2.0,0.01,1.0,Maryland,45.6,33,57,48.0,12.2,11.5,15,0.2,2.0,68.1,57.0,109.7,104.0,28.0,28.0,16.3,16.5,23,1.5,3
0.5,0.01,2.0,Maryland,45.6,33,57,48.0,9.9,9.5,13,0.2,1.0,80.3,65.0,100.8,87.5,32.7,28.0,17.4,15.5,25,1.8,3
0.5,0.1,0.5,Washington,45.6,39,60,39.0,13.1,13.0,16,0.0,0.0,56.0,54.0,61.8,60.0,28.0,28.0,11.6,11.5,13,6.8,10
1.0,0.25,1.0,Ohio,45.6,44,48,45.0,63.5,63.0,66,0.0,0.0,49.2,48.0,51.0,51.0,63.1,67.0,21.2,21.0,24,10.3,12
0.5,0.25,0.5,Vermont,45.7,45,52,45.0,10.6,10.5,12,0.0,0.0,51.1,52.0,54.0,55.0,96.0,96.0,5.1,5.0,7,3.3,4
1.0,0.25,2.0,Vermont,45.7,45,52,45.0,10.3,10.0,12,0.0,0.0,52.0,52.0,55.0,55.0,96.0,96.0,6.2,6.0,8,3.7,5
2.0,0.25,1.0,Vermont,45.7,45,52,45.0,10.3,10.0,13,0.0,0.0,52.0,52.0,55.2,55.5,96.0,96.0,7.0,6.5,9,3.7,5
1.0,0.25,0.5,Ohio,45.7,44,48,45.5,60.3,60.5,63,0.0,0.0,48.6,48.0,50.4,51.0,67.0,67.0,17.8,17.5,22,10.3,13
2.0,0.01,1.0,New York,45.7,40,71,40.0,6.6,6.5,10,1.4,5.0,75.7,73.5,103.2,106.5,28.0,28.0,178.0,177.5,202,40.3,43
ALL,ALL,ALL,Indiana,45.78888888888889,38,86,38.0,48.227777777777774,50.0,63,0.008333333333333333,1.0,55.21111111111111,44.0,63.294444444444444,58.0,38.225,28.0,26.197222222222223,27.0,45,16.45277777777778,25
0.5,0.25,1.0,New Jersey,45.8,43,67,43.0,6.4,6.0,9,0.3,2.0,51.5,45.0,70.6,70.0,48.7,46.0,11.7,12.5,15,1.6,2
1.0,0.1,1.0,Ohio,45.8,44,51,45.0,61.3,62.0,65,0.0,0.0,49.1,49.5,51.4,51.0,56.4,67.0,22.4,22.0,28,9.9,14
0.5,0.25,0.5,Ohio,45.8,44,51,45.0,49.7,49.5,55,0.0,0.0,48.3,48.0,51.2,51.0,63.1,67.0,15.7,15.5,19,10.0,12
1.0,0.05,2.0,Wisconsin,45.8,38,51,46.0,42.5,42.5,47,0.2,1.0,50.8,50.5,55.1,53.5,28.0,28.0,85.6,86.0,94,23.4,28
0.5,0.1,2.0,Iowa,45.9,41,52,48.0,39.9,40.0,44,0.5,5.0,48.1,50.5,50.6,51.0,28.0,28.0,97.5,97.5,106,47.3,50
1.0,0.25,0.5,Wyoming,46.0,46,46,46.0,11.9,12.0,12,0.0,0.0,46.9,47.0,50.0,48.0,,,0.0,0.0,0,0.0,0
1.0,0.25,2.0,Wyoming,46.0,46,46,46.0,11.8,12.0,12,0.0,0.0,46.9,47.0,50.0,48.0,201.0,201.0,1.0,1.0,1,0.0,0
2.0,0.25,1.0,Wyoming,46.0,46,46,46.0,12.0,12.0,12,0.0,0.0,47.0,47.0,50.1,48.0,201.0,201.0,1.0,1.0,1,0.0,0
0.5,0.25,2.0,Wyoming,46.0,46,46,46.0,11.7,12.0,12,0.0,0.0,46.7,47.0,48.4,48.0,,,0.0,0.0,0,0.0,0
0.5,0.25,0.5,Wyoming,46.0,46,46,46.0,10.6,11.0,11,0.0,0.0,46.8,47.0,50.6,48.0,,,0.0,0.0,0,0.0,0
1.0,0.25,1.0,Wyoming,46.0,46,46,46.0,11.6,12.0,12,0.0,0.0,46.9,47.0,50.0,48.0,,,0.0,0.0,0,0.0,0
2.0,0.25,2.0,Wyoming,46.0,46,46,46.0,12.0,12.0,12,0.0,0.0,46.9,47.0,50.0,48.0,201.0,201.0,1.0,1.0,1,0.0,0
2.0,0.25,0.5,Wyoming,46.0,46,46,46.0,11.8,12.0,12,0.0,0.0,46.7,47.0,48.4,48.0,201.0,201.0,1.0,1.0,1,0.0,0
1.0,0.1,2.0,New Jersey,46.0,43,54,45.0,7.7,8.0,9,0.5,1.0,59.4,62.5,85.7,75.0,47.3,46.0,13.8,13.0,21,1.1,2
0.5,0.1,0.5,Michigan,46.0,41,51,47.0,24.6,24.0,28,0.0,0.0,50.2,50.5,53.1,54.0,50.8,52.0,18.0,16.5,28,23.1,26
2.0,0.1,0.5,Iowa,46.0,41,51,48.0,39.9,39.5,45,0.7,7.0,48.6,50.5,49.7,51.0,28.0,28.0,103.6,102.5,119,48.1,52
2.0,0.1,2.0,Iowa,46.0,41,51,48.0,39.0,39.0,41,0.5,5.0,47.6,51.0,50.8,51.0,28.0,28.0,111.7,110.0,124,49.4,54
0.5,0.25,1.0,Wyoming,46.1,46,47,46.0,11.0,11.0,11,0.0,0.0,47.7,47.0,49.9,48.0,,,0.0,0.0,0,0.0,0
2.0,0.1,2.0,Wyoming,46.1,46,47,46.0,12.0,12.0,12,0.0,0.0,47.7,47.0,55.9,55.0,199.0,201.0,1.2,1.0,2,0.0,0
0.5,0.1,0.5,Wyoming,46.1,46,47,46.0,10.6,11.0,11,0.0,0.0,47.1,47.0,52.2,55.0,181.0,181.0,1.0,1.0,1,0.0,0
0.5,0.05,2.0,South Dakota,46.1,38,52,46.0,46.6,46.5,48,0.0,0.0,50.8,52.0,52.5,53.5,54.1,56.0,13.3,13.5,16,1.8,3
1.0,0.1,2.0,Florida,46.1,38,55,46.0,13.0,13.0,15,0.1,1.0,52.4,54.0,56.3,55.0,55.7,62.0,32.8,34.0,41,21.0,23
2.0,0.1,1.0,Florida,46.1,38,55,46.0,12.4,12.0,16,0.0,0.0,52.3,54.5,55.9,55.5,57.7,62.0,32.6,32.0,38,21.7,26
1.0,0.05,2.0,California,46.1,41,56,43.0,4.1,4.0,5,15.4,26.0,80.0,85.0,128.8,116.0,28.0,28.0,69.9,70.5,75,32.5,33
0.5,0.25,1.0,Nevada,46.2,45,49,45.0,5.0,5.0,5,0.0,0.0,49.6,49.0,56.7,56.5,182.375,193.0,1.0,1.0,1,0.0,0
1.0,0.25,1.0,Nevada,46.2,45,49,45.0,5.0,5.0,5,0.0,0.0,50.7,49.0,58.0,62.0,150.5,150.5,1.1666666666666667,1.0,2,0.0,0
1.0,0.1,1.0,Wyoming,46.2,46,47,46.0,11.7,12.0,12,0.0,0.0,47.9,47.0,55.2,55.0,,,0.0,0.0,0,0.0,0
2.0,0.1,1.0,New Jersey,46.2,43,67,44.0,7.9,8.0,10,0.5,2.0,58.2,60.0,82.1,76.0,38.8,46.0,16.0,15.0,21,1.2,2
1.0,0.05,2.0,South Dakota,46.2,38,52,46.0,48.4,49.0,50,0.0,0.0,50.0,51.5,51.6,52.5,55.6,56.0,14.8,14.5,18,2.2,5
0.5,0.25,1.0,Michigan,46.2,41,48,48.0,30.9,30.5,37,0.0,0.0,48.4,48.0,50.4,49.5,51.7,52.0,19.2,18.5,24,25.6,28
2.0,0.1,1.0,Wyoming,46.3,46,47,46.0,11.5,11.5,12,0.0,0.0,51.0,47.0,58.1,55.0,199.0,201.0,1.1,1.0,2,0.0,0
1.0,0.01,1.0,Kansas,46.3,36,53,49.0,46.9,47.5,50,0.0,0.0,52.1,52.0,55.6,54.0,51.8,28.0,14.2,14.5,21,7.9,10
1.0,0.1,0.5,Kentucky,46.3,45,58,45.0,44.2,44.0,47,0.7,1.0,64.6,65.0,71.3,68.0,72.6,71.0,15.2,15.0,18,8.6,11
2.0,0.1,0.5,Kentucky,46.3,45,58,45.0,50.0,50.0,53,0.6,1.0,63.9,64.0,69.3,68.0,82.7,71.0,19.1,18.5,25,11.2,14
2.0,0.1,1.0,Michigan,46.3,41,51,48.0,35.2,35.0,41,0.0,0.0,50.0,49.0,52.2,52.5,52.1,52.0,27.4,29.0,32,26.3,32
1.0,0.1,0.5,Wyoming,46.4,46,47,46.0,10.2,10.0,12,0.0,0.0,49.6,47.0,59.9,55.0,,,0.0,0.0,0,0.0,0
0.5,0.1,2.0,Wyoming,46.4,46,47,46.0,11.0,11.0,12,0.0,0.0,48.0,47.0,58.4,55.0,181.0,181.0,1.0,1.0,1,0.0,0
0.5,0.25,1.0,Vermont,46.4,45,52,45.0,10.7,11.0,13,0.0,0.0,51.8,52.0,54.8,55.0,96.0,96.0,6.0,6.0,8,3.3,5
1.0,0.25,0.5,Vermont,46.4,45,52,45.0,10.1,10.0,11,0.0,0.0,52.5,52.0,55.9,55.0,96.0,96.0,6.5,7.0,8,3.9,5
1.0,0.25,1.0,Missouri,46.4,44,48,46.5,78.5,78.5,82,0.0,0.0,48.7,48.0,52.8,50.0,49.9,52.0,16.6,16.5,21,8.2,12
2.0,0.05,1.0,Wisconsin,46.4,38,51,50.0,44.7,44.5,47,0.4,1.0,52.9,51.5,57.5,58.0,28.0,28.0,87.7,89.0,99,21.2,24
0.5,0.05,2.0,Wisconsin,46.4,38,56,48.0,41.6,41.5,46,0.1,1.0,50.6,51.0,54.4,53.5,28.0,28.0,90.8,89.0,100,23.4,27
1.0,0.25,1.0,Michigan,46.4,41,48,48.0,34.0,34.0,38,0.0,0.0,48.5,48.5,49.5,49.5,50.9,52.0,23.5,23.5,29,27.1,32
1.0,0.1,0.5,Iowa,46.4,41,51,48.0,39.5,40.0,44,0.5,5.0,47.5,51.0,50.2,51.0,28.0,28.0,97.6,98.0,106,46.6,51
0.5,0.05,0.5,Wyoming,46.5,46,47,46.5,9.3,9.0,11,0.0,0.0,49.7,47.5,62.0,60.0,181.0,181.0,1.0,1.0,1,0.0,0
0.5,0.05,2.0,Wyoming,46.5,46,47,46.5,10.2,10.0,11,0.0,0.0,55.0,51.0,72.2,75.0,186.75,181.0,1.0,1.0,1,0.0,0
0.5,0.1,1.0,Wyoming,46.5,46,47,46.5,10.2,10.0,11,0.0,0.0,49.6,47.5,54.2,55.0,181.0,181.0,1.0,1.0,1,0.0,0
2.0,0.1,0.5,Wyoming,46.5,46,47,46.5,11.4,11.0,12,0.0,0.0,48.8,47.5,57.6,55.0,197.0,201.0,1.2,1.0,2,0.0,0
2.0,0.05,1.0,Wyoming,46.5,46,47,46.5,11.2,11.0,12,0.0,0.0,57.2,51.0,63.8,55.5,195.0,201.0,1.3,1.0,2,0.1,1
2.0,0.25,0.5,Vermont,46.5,45,52,45.0,10.6,10.5,12,0.0,0.0,51.8,52.0,55.0,55.0,96.0,96.0,6.8,6.0,11,3.4,5
0.5,0.25,2.0,Missouri,46.5,44,50,46.5,77.8,78.0,81,0.0,0.0,49.4,49.0,53.4,51.0,39.4,28.0,16.3,16.0,19,9.3,11
0.5,0.25,0.5,Michigan,46.5,41,51,46.0,26.5,26.0,29,0.0,0.0,49.4,48.0,50.5,49.5,50.3,52.0,19.7,19.0,30,25.9,29
ALL,ALL,ALL,South Dakota,46.513888888888886,38,84,46.0,43.99444444444445,45.0,53,0.025,2.0,51.355555555555554,50.5,53.577777777777776,52.0,57.49444444444445,56.0,13.636111111111111,14.0,23,2.661111111111111,6
1.0,0.05,2.0,Wyoming,46.6,46,47,47.0,11.4,11.0,12,0.0,0.0,53.8,55.0,71.3,75.0,201.0,201.0,1.0,1.0,1,0.0,0
0.5,0.05,1.0,Wyoming,46.6,46,47,47.0,9.7,10.0,11,0.0,0.0,54.4,55.0,66.3,69.0,181.0,181.0,1.0,1.0,1,0.0,0
0.5,0.25,2.0,Nevada,46.6,45,49,45.0,5.0,5.0,5,0.0,0.0,50.9,49.0,55.5,51.0,180.85714285714286,193.0,1.1428571428571428,1.0,2,0.0,0
2.0,0.25,0.5,Nevada,46.6,45,49,45.0,5.0,5.0,5,0.0,0.0,50.9,49.0,56.7,56.5,182.375,193.0,1.125,1.0,2,0.0,0
1.0,0.1,2.0,Wyoming,46.6,46,47,47.0,11.4,11.0,12,0.0,0.0,52.8,55.0,61.5,58.5,201.0,201.0,1.0,1.0,1,0.0,0
2.0,0.05,2.0,Wyoming,46.6,46,47,47.0,11.8,12.0,12,0.0,0.0,52.5,51.5,63.3,62.5,197.0,201.0,1.2,1.0,2,0.1,1
2.0,0.05,0.5,Wyoming,46.7,46,47,47.0,11.2,11.0,12,0.0,0.0,61.0,62.0,72.0,75.0,195.0,201.0,1.3,1.0,2,0.0,0
2.0,0.05,1.0,South Dakota,46.7,41,56,46.0,48.0,48.0,50,0.3,2.0,51.4,52.0,53.5,53.0,55.2,56.0,14.7,14.5,19,2.0,5
1.0,0.25,0.5,Missouri,46.7,44,48,48.0,76.2,76.0,80,0.0,0.0,48.5,48.0,51.6,51.0,42.2,38.5,13.9,13.0,18,6.7,9
0.5,0.25,1.0,Missouri,46.7,44,50,48.0,72.7,73.0,77,0.0,0.0,48.5,49.0,53.2,52.0,28.0,28.0,15.2,15.5,18,7.4,12
2.0,0.25,0.5,Missouri,46.7,44,52,46.5,81.0,81.5,83,0.0,0.0,50.3,49.0,54.2,51.0,47.5,38.5,19.5,20.0,23,8.6,11
2.0,0.1,1.0,Washington,46.7,39,73,39.0,14.4,14.0,17,0.2,1.0,55.7,52.0,61.8,58.5,28.0,28.0,18.4,18.5,22,11.3,13
2.0,0.25,2.0,Michigan,46.7,41,48,48.0,35.2,35.5,39,0.0,0.0,48.6,48.0,49.9,49.0,51.4,52.0,26.4,26.5,31,28.3,32
ALL,ALL,ALL,Pennsylvania,46.763888888888886,40,110,40.0,44.41388888888889,45.0,54,0.24722222222222223,6.0,53.41111111111111,42.5,58.33888888888889,48.0,51.375,43.0,30.79722222222222,33.0,50,11.519444444444444,21
1.0,0.05,0.5,Wyoming,46.8,46,47,47.0,9.8,10.0,11,0.0,0.0,59.5,55.0,65.5,68.0,181.0,181.0,1.0,1.0,1,0.0,0
1.0,0.05,1.0,Wyoming,46.8,46,47,47.0,11.1,11.0,12,0.0,0.0,60.0,55.0,68.2,75.0,181.0,181.0,1.0,1.0,1,0.0,0
0.5,0.05,1.0,South Dakota,46.8,38,56,48.5,41.7,42.0,44,0.1,1.0,49.2,53.0,51.8,53.5,55.1,56.0,11.5,12.0,14,1.0,5
0.5,0.1,1.0,Michigan,46.8,41,51,48.5,30.3,30.5,33,0.0,0.0,51.4,51.0,53.2,54.0,51.6,52.0,19.9,19.5,27,23.0,26
1.0,0.05,0.5,California,46.8,41,62,43.0,4.4,4.0,8,15.9,26.0,81.0,86.0,98.22222222222223,108.0,28.0,28.0,68.5,68.5,79,30.1,32
0.5,0.1,2.0,Ohio,46.9,44,51,45.5,60.9,61.0,64,0.0,0.0,49.8,51.0,53.8,51.0,67.0,67.0,18.3,18.0,22,9.6,12
1.0,0.25,2.0,Missouri,46.9,44,52,46.5,82.3,82.0,85,0.0,0.0,50.9,50.0,57.5,55.0,53.8,52.0,17.0,17.0,20,10.1,12
1.0,0.1,2.0,Ohio,46.9,44,51,45.5,63.0,63.0,69,0.0,0.0,50.1,48.0,53.3,51.0,55.3,67.0,23.2,23.5,30,11.7,15
1.0,0.1,0.5,Florida,46.9,46,55,46.0,13.4,13.5,16,0.1,1.0,54.8,55.0,56.6,56.0,62.6,62.0,21.9,21.0,26,19.1,23
1.0,0.25,0.5,Nevada,47.0,45,49,47.0,5.0,5.0,5,0.0,0.0,53.3,50.0,56.8,56.5,174.11111111111111,193.0,1.2222222222222223,1.0,2,0.0,0
0.5,0.25,0.5,Nevada,47.0,45,49,47.0,5.0,5.0,5,0.0,0.0,54.4,50.0,56.9,56.5,193.0,193.0,1.0,1.0,1,0.0,0
2.0,0.25,2.0,Nevada,47.0,45,49,47.0,5.0,5.0,5,0.0,0.0,53.3,50.0,58.0,62.0,171.75,193.0,1.125,1.0,2,0.0,0
1.0,0.1,0.5,Ohio,47.0,44,51,46.5,58.9,59.0,64,0.0,0.0,49.9,51.0,52.4,51.0,63.2,67.0,20.1,20.0,24,9.6,12
2.0,0.1,2.0,Ohio,47.0,45,51,46.0,65.3,65.5,68,0.0,0.0,49.8,51.0,52.4,51.0,51.6,67.0,24.9,25.5,31,10.0,12
0.5,0.05,0.5,Iowa,47.0,41,51,49.0,36.2,36.5,41,0.3,3.0,48.2,51.0,51.2,51.5,31.0,28.0,78.7,77.0,95,42.4,48
2.0,0.05,0.5,Iowa,47.0,41,51,51.0,37.5,38.0,41,1.3,5.0,49.7,51.5,52.2,53.0,28.0,28.0,106.3,107.5,116,49.4,51
2.0,0.1,2.0,Vermont,47.1,45,52,45.0,10.2,10.0,11,0.0,0.0,53.6,53.5,58.1,56.0,96.0,96.0,7.4,7.0,10,3.8,5
2.0,0.05,0.5,California,47.1,41,56,43.0,5.2,5.0,8,9.9,21.0,67.0,56.0,96.9,101.0,28.0,28.0,67.0,68.5,75,31.5,33
2.0,0.01,0.5,Minnesota,47.1,33,72,45.0,34.6,32.5,43,2.8,11.0,59.9,58.0,66.1,64.5,43.6,28.0,49.8,50.5,59,37.9,50
0.5,0.05,1.0,Iowa,47.1,41,52,48.0,40.7,40.0,46,0.5,4.0,50.2,51.0,52.5,52.0,28.0,28.0,86.3,87.5,100,43.0,47
ALL,ALL,ALL,Nebraska,47.291666666666664,40,101,40.0,41.394444444444446,44.0,54,0.005555555555555556,1.0,55.03333333333333,52.0,59.87222222222222,52.0,86.21008403361344,63.0,6.7444444444444445,7.0,14,9.505555555555556,17
1.0,0.1,2.0,Kentucky,47.3,45,68,45.0,53.5,53.0,56,0.7,1.0,67.4,65.5,72.2,71.0,74.1,71.0,19.7,20.0,24,10.5,12
0.5,0.1,2.0,Kentucky,47.3,45,68,45.0,46.1,46.5,48,0.7,1.0,66.6,65.0,72.5,74.0,81.5,78.0,19.3,19.0,23,11.8,14
2.0,0.1,2.0,Kentucky,47.3,45,68,45.0,51.2,51.5,54,0.7,1.0,66.5,67.0,70.9,71.0,79.7,71.0,22.0,22.0,24,11.9,15
2.0,0.25,1.0,Nevada,47.4,45,49,49.0,5.0,5.0,5,0.0,0.0,53.5,51.0,57.9,62.0,167.5,193.0,1.2,1.0,2,0.0,0
1.0,0.05,1.0,Iowa,47.4,41,51,51.0,38.1,38.0,43,0.4,4.0,48.3,51.0,51.0,52.0,28.0,28.0,98.6,99.0,106,48.6,52
ALL,ALL,ALL,Iowa,47.458333333333336,41,86,48.0,38.84444444444444,39.0,47,0.6611111111111111,7.0,51.31388888888889,51.0,55.141666666666666,51.0,33.36666666666667,28.0,97.99166666666666,100.0,126,46.175,57
2.0,0.25,2.0,Missouri,47.5,45,52,46.5,82.1,82.0,85,0.0,0.0,52.4,50.0,55.5,52.0,52.8,55.5,17.5,18.0,21,10.6,13
2.0,0.05,1.0,California,47.5,43,68,43.0,4.2,4.0,6,19.2,28.0,92.2,94.0,160.5,116.0,28.0,28.0,66.0,69.0,75,32.4,34
0.5,0.1,1.0,Ohio,47.6,44,51,46.5,54.7,55.0,57,0.0,0.0,50.4,51.0,54.3,51.0,55.3,67.0,16.5,16.0,21,8.9,11
1.0,0.1,0.5,Washington,47.6,39,54,52.0,14.5,14.0,17,0.3,1.0,53.3,55.0,59.9,60.0,28.0,28.0,16.2,16.5,19,10.0,12
0.5,0.25,0.5,Oregon,47.7,45,48,48.0,11.9,12.0,13,0.0,0.0,53.4,54.0,57.3,54.0,56.0,56.0,6.7,7.0,9,2.8,4
1.0,0.25,0.5,Oregon,47.7,45,48,48.0,20.0,20.0,22,0.0,0.0,53.4,54.0,56.7,54.0,56.0,56.0,8.6,8.0,12,4.9,8
1.0,0.25,1.0,Oregon,47.7,45,48,48.0,19.6,19.5,21,0.0,0.0,53.4,54.0,56.2,54.0,56.0,56.0,9.2,9.0,12,5.6,7
2.0,0.05,1.0,Ohio,47.7,44,51,48.0,62.0,62.5,65,0.1,1.0,53.6,51.0,58.7,63.0,53.6,67.0,22.9,22.5,28,9.8,12
0.5,0.1,1.0,Florida,47.7,46,55,46.0,12.6,13.0,14,0.0,0.0,55.0,55.0,56.2,56.0,59.6,62.0,18.8,19.0,21,17.2,19
1.0,0.1,1.0,Florida,47.7,38,55,46.0,12.2,12.0,15,0.0,0.0,54.1,55.0,56.0,56.0,52.2,60.5,28.8,28.0,34,21.8,24
1.0,0.05,0.5,Iowa,47.7,41,51,51.0,37.1,38.5,40,0.0,0.0,48.4,51.0,51.3,52.0,28.0,28.0,92.5,91.0,105,47.6,56
1.0,0.25,2.0,Nevada,47.8,45,49,49.0,5.0,5.0,5,0.0,0.0,54.8,51.0,61.7,62.0,193.0,193.0,1.0,1.0,1,0.0,0
2.0,0.1,2.0,Nevada,47.8,45,49,49.0,5.0,5.0,5,0.0,0.0,57.0,62.0,70.9,63.0,136.33333333333334,108.0,1.3333333333333333,1.0,2,0.0,0
0.5,0.1,2.0,Florida,47.8,46,55,46.0,13.0,13.0,16,0.2,1.0,53.9,54.5,55.9,55.5,62.1,62.0,25.8,25.5,30,21.1,24
1.0,0.1,1.0,Michigan,47.8,41,51,48.5,34.0,34.0,38,0.0,0.0,52.1,52.5,53.9,55.0,52.0,52.0,24.2,24.0,32,25.5,31
0.5,0.1,0.5,Ohio,47.9,44,51,48.0,44.5,44.0,51,0.0,0.0,50.4,51.0,55.0,54.5,55.7,67.0,15.3,14.0,19,9.7,12
0.5,0.25,1.0,Alabama,48.0,48,48,48.0,9.6,9.5,12,0.0,0.0,67.4,72.0,81.1,81.0,145.0,145.0,1.1,1.0,2,0.0,0
1.0,0.25,0.5,Alabama,48.0,48,48,48.0,10.5,10.5,12,0.0,0.0,70.2,75.0,83.7,87.5,145.0,145.0,1.1,1.0,2,0.0,0
2.0,0.25,1.0,Alabama,48.0,48,48,48.0,17.6,17.5,19,0.0,0.0,66.4,67.0,81.8,81.0,145.0,145.0,2.3,2.0,3,0.8,1
0.5,0.25,2.0,Alabama,48.0,48,48,48.0,13.5,13.5,15,0.0,0.0,66.1,64.0,78.2,75.0,145.0,145.0,1.1,1.0,2,0.9,1
1.0,0.25,1.0,Alabama,48.0,48,48,48.0,14.2,14.0,15,0.0,0.0,68.4,72.0,80.4,81.0,145.0,145.0,1.5,1.5,2,0.9,1
2.0,0.25,0.5,Alabama,48.0,48,48,48.0,16.3,16.5,17,0.0,0.0,64.2,59.0,77.4,75.0,145.0,145.0,1.5,1.5,2,0.9,1
1.0,0.25,2.0,Alabama,48.0,48,48,48.0,17.3,17.0,18,0.0,0.0,69.6,75.0,82.4,87.5,145.0,145.0,1.6,1.5,3,1.0,1
2.0,0.25,2.0,Alabama,48.0,48,48,48.0,18.1,18.0,20,0.0,0.0,64.2,59.0,76.7,75.0,145.0,145.0,2.0,2.0,2,1.1,2
1.0,0.1,1.0,New Jersey,48.0,43,67,44.0,7.6,8.0,9,0.4,2.0,58.0,60.0,83.1,75.0,53.1,47.5,10.0,10.0,15,1.1,2
0.5,0.05,0.5,Oregon,48.0,48,48,48.0,11.2,11.0,12,0.0,0.0,73.0,69.0,84.2,85.0,76.875,76.0,3.2,3.5,6,2.1,3
0.5,0.1,0.5,Oregon,48.0,48,48,48.0,11.9,11.5,14,0.0,0.0,60.1,54.0,68.0,65.5,62.888888888888886,56.0,5.3,6.0,8,2.5,4
0.5,0.1,1.0,Oregon,48.0,48,48,48.0,19.2,19.0,21,0.0,0.0,56.2,54.0,65.7,65.0,59.0,56.0,6.1,5.5,10,3.9,6
1.0,0.1,1.0,Oregon,48.0,48,48,48.0,20.9,21.0,23,0.0,0.0,55.1,54.0,65.6,65.0,58.6,56.0,6.2,6.5,10,3.9,6
2.0,0.1,2.0,Oregon,48.0,48,48,48.0,21.0,21.0,22,0.0,0.0,59.6,54.0,68.6,65.0,92.7,56.0,7.4,7.0,12,4.1,7
2.0,0.1,0.5,Oregon,48.0,48,48,48.0,20.9,21.0,22,0.0,0.0,56.3,54.0,65.3,65.0,61.2,56.0,9.1,9.5,13,4.5,6
0.5,0.25,1.0,Oregon,48.0,48,48,48.0,18.2,18.5,20,0.0,0.0,54.0,54.0,57.1,54.0,56.0,56.0,8.0,7.5,10,5.2,7
0.5,0.25,2.0,Oregon,48.0,48,48,48.0,19.4,19.0,21,0.0,0.0,54.0,54.0,56.6,54.0,56.0,56.0,9.6,9.5,12,5.3,6
2.0,0.25,1.0,Oregon,48.0,48,48,48.0,20.2,20.0,22,0.0,0.0,54.0,54.0,55.0,54.0,56.0,56.0,9.2,9.0,11,5.7,8
2.0,0.25,2.0,Oregon,48.0,48,48,48.0,20.4,21.0,22,0.0,0.0,54.0,54.0,59.8,54.0,56.0,56.0,10.3,10.5,13,6.0,9
1.0,0.25,2.0,Oregon,48.0,48,48,48.0,19.5,20.0,21,0.0,0.0,54.5,54.0,59.5,59.5,57.5,56.0,9.4,9.0,14,6.5,9
2.0,0.25,0.5,Oregon,48.0,48,48,48.0,19.7,19.0,22,0.0,0.0,54.0,54.0,57.3,54.0,56.0,56.0,9.4,9.5,13,6.7,8
2.0,0.1,0.5,Ohio,48.0,45,51,48.0,62.9,62.5,65,0.0,0.0,50.7,51.0,53.1,51.0,63.1,67.0,21.1,22.0,25,9.9,13
2.0,0.25,1.0,Missouri,48.0,44,52,48.0,82.2,82.0,85,0.0,0.0,52.1,50.0,55.6,52.0,47.6,40.0,17.0,17.5,21,10.1,14
2.0,0.1,2.0,Michigan,48.0,41,55,48.0,34.0,34.0,38,0.3,3.0,52.0,52.5,53.8,55.0,55.5,52.0,25.7,26.0,31,27.4,31
0.5,0.25,0.5,Missouri,48.1,44,52,48.0,64.5,64.0,68,0.0,0.0,52.3,50.0,56.7,52.0,51.6,38.5,10.2,10.5,14,7.2,9
2.0,0.05,2.0,Washington,48.1,39,73,39.0,14.8,15.5,18,0.2,1.0,61.4,56.5,67.4,69.0,28.0,28.0,18.5,19.0,21,10.5,14
0.5,0.05,2.0,Florida,48.1,38,64,46.0,11.5,11.5,14,0.1,1.0,57.9,55.0,62.0,59.0,58.1,62.0,23.1,24.0,26,22.5,26
2.0,0.05,1.0,Iowa,48.1,41,54,49.5,36.9,36.0,45,0.3,2.0,51.0,51.0,53.0,52.0,28.0,28.0,105.9,107.0,118,50.6,54
ALL,ALL,ALL,Idaho,48.141666666666666,40,113,42.0,11.827777777777778,12.0,17,0.3333333333333333,12.0,55.43611111111111,46.0,61.672222222222224,50.0,30.741666666666667,28.0,38.41111111111111,39.0,54,13.697222222222223,19
0.5,0.1,1.0,Nevada,48.2,45,49,49.0,4.8,5.0,5,0.0,0.0,57.4,62.0,71.4,63.0,150.5,150.5,1.0,1.0,1,0.0,0
2.0,0.1,0.5,Nevada,48.2,45,49,49.0,5.0,5.0,5,0.0,0.0,58.3,62.0,68.3,63.0,122.16666666666667,108.0,1.6666666666666667,2.0,2,0.0,0
1.0,0.1,0.5,Vermont,48.2,45,56,45.0,10.2,10.0,12,0.0,0.0,54.8,54.0,59.5,58.5,95.6,96.0,7.3,7.5,11,3.8,5
ALL,ALL,ALL,Wisconsin,48.263888888888886,38,90,46.0,42.144444444444446,42.0,52,0.14722222222222223,2.0,54.11944444444445,50.0,56.98888888888889,51.0,32.702777777777776,28.0,81.43055555555556,84.0,107,22.33888888888889,31
2.0,0.1,0.5,New Jersey,48.3,43,55,45.0,7.5,7.5,9,0.9,2.0,64.2,70.0,96.0,76.0,53.3,47.5,12.1,13.0,17,1.2,2
0.5,0.1,1.0,Kentucky,48.3,45,65,45.0,42.5,43.0,45,0.7,1.0,64.9,65.0,70.4,68.0,81.5,71.0,13.8,13.5,18,5.9,10
2.0,0.1,1.0,Ohio,48.3,45,51,48.0,63.5,64.0,66,0.1,1.0,52.1,51.0,55.5,54.5,63.1,67.0,22.6,23.0,25,11.4,15
1.0,0.1,2.0,Washington,48.4,39,60,51.0,14.7,15.0,17,0.3,1.0,54.7,56.0,61.6,60.0,28.0,28.0,19.2,20.0,22,11.1,15
2.0,0.1,2.0,Washington,48.4,39,60,51.0,14.4,14.5,17,0.3,1.0,55.2,56.0,60.7,60.0,28.0,28.0,18.6,18.0,22,11.7,15
1.0,0.1,0.5,Michigan,48.4,41,54,48.0,31.2,31.0,36,0.2,2.0,51.7,54.0,53.7,55.0,52.5,52.0,22.3,22.0,26,24.6,27
0.5,0.01,1.0,Minnesota,48.4,44,67,45.0,31.8,31.0,43,1.6,6.0,59.3,58.0,64.4,65.0,36.9,28.0,46.0,46.0,52,31.5,37
1.0,0.01,1.0,Minnesota,48.4,33,67,45.0,37.1,37.0,47,2.0,6.0,67.9,72.0,70.1,74.5,42.3,28.0,46.5,44.5,57,32.5,45
0.5,0.05,2.0,Iowa,48.4,41,51,51.0,40.1,40.5,42,0.5,5.0,50.4,51.0,52.1,52.0,28.0,28.0,99.8,101.0,109,46.2,50
0.5,0.1,2.0,Vermont,48.5,45,52,48.5,10.6,10.5,12,0.0,0.0,55.5,56.0,58.1,56.0,95.3,96.0,6.7,7.0,8,3.4,5
2.0,0.1,1.0,Vermont,48.5,45,52,48.5,10.4,10.0,11,0.0,0.0,54.7,53.5,60.7,63.0,96.0,96.0,7.0,6.5,10,3.6,4
1.0,0.05,2.0,Ohio,48.5,44,51,49.5,61.6,61.5,65,0.0,0.0,51.4,51.0,56.9,58.0,66.4,67.0,24.9,24.5,30,10.2,14
2.0,0.01,0.5,Kansas,48.5,36,53,49.0,43.8,44.0,49,0.0,0.0,52.2,53.0,55.4,54.0,38.2,28.0,17.2,18.0,24,12.9,17
ALL,ALL,ALL,Wyoming,48.53611111111111,46,119,46.0,10.358333333333333,11.0,12,0.0,0.0,60.83611111111111,47.0,71.64722222222223,56.0,194.67955801104972,201.0,1.0695187165775402,1.0,2,0.04722222222222222,1
0.5,0.1,0.5,Nevada,48.6,45,49,49.0,5.0,5.0,5,0.0,0.0,56.3,56.5,75.6,76.0,144.42857142857142,108.0,1.4285714285714286,1.0,2,0.0,0
2.0,0.1,2.0,New Jersey,48.6,43,67,45.0,7.5,8.0,8,1.0,2.0,62.5,70.0,77.3,75.0,50.2,46.0,13.4,13.5,18,1.4,2
1.0,0.01,1.0,Maryland,48.6,33,57,48.0,10.9,10.5,14,0.1,1.0,66.4,57.0,87.7,85.5,28.0,28.0,16.9,17.0,25,1.6,3
0.5,0.1,1.0,Missouri,48.6,48,52,48.0,67.4,67.0,72,0.0,0.0,52.2,52.0,61.7,64.0,43.9,28.0,14.0,13.5,18,7.2,10
1.0,0.05,0.5,Florida,48.7,46,55,46.0,13.4,14.0,14,0.1,1.0,55.5,55.0,59.0,57.0,66.6,62.0,18.9,18.5,24,19.8,21
2.0,0.1,2.0,Florida,48.7,46,55,46.0,13.2,12.5,17,0.3,2.0,55.3,55.0,57.0,57.0,64.5,62.0,34.0,33.5,37,21.5,24
2.0,0.25,0.5,Massachusetts,48.8,48,49,49.0,8.3,8.0,9,0.0,0.0,65.2,69.0,78.6,77.0,132.66666666666666,141.0,1.5714285714285714,1.0,4,0.5,1
0.5,0.05,2.0,California,48.8,43,68,43.0,4.3,4.0,5,16.2,27.0,85.2,86.0,132.7,116.0,28.0,28.0,71.1,71.0,77,31.5,33
0.5,0.1,0.5,Kentucky,48.9,45,65,45.0,36.7,36.5,40,0.5,1.0,62.2,65.0,70.3,68.0,90.2,86.0,9.9,9.5,16,3.9,6
0.5,0.05,0.5,Ohio,48.9,45,51,49.5,42.2,42.0,47,0.0,0.0,51.4,51.0,56.0,54.5,35.8,28.0,16.1,16.0,20,7.9,11
1.0,0.05,1.0,Ohio,48.9,45,51,49.5,58.9,58.5,64,0.0,0.0,52.6,51.0,56.9,58.0,73.8,72.5,22.4,22.5,27,9.4,13
0.5,0.1,2.0,Washington,48.9,39,58,52.5,15.0,15.0,18,0.2,1.0,54.5,56.0,62.0,60.0,28.0,28.0,17.5,18.0,21,10.3,12
1.0,0.05,2.0,Iowa,48.9,41,51,51.0,38.3,39.0,42,0.7,7.0,50.7,51.0,52.2,52.0,28.0,28.0,104.8,105.0,116,49.0,55
0.5,0.25,1.0,West Virginia,49.0,49,49,49.0,7.9,8.0,9,0.0,0.0,93.0,76.0,115.5,121.0,95.5,87.0,1.6,2.0,2,0.0,0
1.0,0.25,0.5,West Virginia,49.0,49,49,49.0,8.4,8.5,10,0.0,0.0,108.2,121.0,126.6,128.0,87.0,87.0,1.0,1.0,1,0.0,0
1.0,0.25,2.0,West Virginia,49.0,49,49,49.0,12.5,12.0,14,0.0,0.0,93.0,76.0,124.5,124.5,118.1,87.0,2.0,2.0,3,0.0,0
2.0,0.25,1.0,West Virginia,49.0,49,49,49.0,12.4,12.5,13,0.0,0.0,92.5,76.0,114.8,121.0,118.1,87.0,2.2,2.0,3,0.0,0
0.5,0.25,2.0,West Virginia,49.0,49,49,49.0,11.3,11.0,14,0.0,0.0,98.0,98.5,127.3,128.0,87.0,87.0,1.4444444444444444,1.0,3,0.0,0
0.5,0.05,0.5,Nevada,49.0,49,49,49.0,4.7,5.0,5,0.0,0.0,65.2,62.0,86.2,89.0,125.0,108.0,1.0,1.0,1,0.0,0
0.5,0.25,0.5,West Virginia,49.0,49,49,49.0,6.5,6.0,8,0.0,0.0,107.0,121.0,125.9,128.0,87.0,87.0,1.4,1.0,2,0.0,0
1.0,0.25,1.0,West Virginia,49.0,49,49,49.0,10.2,10.0,12,0.0,0.0,112.4,121.0,123.5,128.0,120.0,87.0,1.625,2.0,2,0.0,0
2.0,0.25,2.0,West Virginia,49.0,49,49,49.0,12.7,13.0,14,0.0,0.0,87.5,76.0,114.8,121.0,143.2,87.0,2.3,2.0,3,0.0,0
2.0,0.25,0.5,West Virginia,49.0,49,49,49.0,11.7,12.0,13,0.0,0.0,97.5,98.5,125.2,128.0,186.1,87.0,1.7,2.0,2,0.0,0
1.0,0.1,1.0,Nevada,49.0,49,49,49.0,4.9,5.0,5,0.0,0.0,58.7,62.0,62.7,63.0,150.5,150.5,1.25,1.0,2,0.0,0
0.5,0.25,0.5,Alabama,49.1,48,59,48.0,9.7,10.0,11,0.0,0.0,69.0,75.0,83.0,87.5,145.0,145.0,1.0,1.0,1,0.0,0
2.0,0.1,1.0,Kentucky,49.2,41,68,45.0,51.4,51.5,55,0.5,1.0,62.3,64.0,70.5,68.0,87.6,74.0,19.0,20.0,21,11.4,13
0.5,0.1,2.0,Missouri,49.3,44,52,50.0,77.5,77.0,84,0.0,0.0,57.2,58.0,66.9,67.5,71.0,74.0,14.1,14.0,19,6.8,10
2.0,0.05,0.5,Ohio,49.3,45,51,51.0,59.7,59.5,65,0.0,0.0,51.0,51.0,58.9,58.0,62.6,67.0,23.2,22.5,26,9.5,13
2.0,0.1,0.5,Michigan,49.3,41,54,49.0,33.7,34.5,36,0.0,0.0,52.9,54.0,54.5,55.0,54.6,52.0,24.1,23.5,29,26.5,29
1.0,0.05,2.0,Florida,49.4,46,55,46.0,10.8,11.0,14,0.2,1.0,54.6,55.0,58.0,57.0,48.6,45.0,30.2,30.5,36,23.2,26
1.0,0.1,2.0,Nevada,49.5,45,62,49.0,5.0,5.0,5,0.0,0.0,59.1,62.0,72.1,63.0,139.875,108.0,1.125,1.0,2,0.0,0
1.0,0.1,1.0,Missouri,49.5,45,52,49.0,76.8,76.5,82,0.0,0.0,55.6,52.0,63.6,64.0,60.4,65.0,14.9,15.0,18,6.8,10
2.0,0.05,0.5,Florida,49.5,46,55,46.0,11.6,12.0,14,0.0,0.0,56.4,55.0,59.9,57.0,48.0,45.0,27.4,27.0,32,22.4,26
0.5,0.01,0.5,Kansas,49.6,41,53,50.0,26.6,25.5,31,0.0,0.0,53.2,53.0,58.9,55.5,44.9,28.0,5.9,5.5,9,2.4,7
2.0,0.1,0.5,Vermont,49.6,45,56,52.0,10.7,11.0,12,0.0,0.0,54.7,56.0,59.9,61.0,96.0,96.0,6.9,6.0,10,3.3,5
0.5,0.1,1.0,Vermont,49.6,45,52,52.0,10.2,10.0,12,0.0,0.0,54.2,55.0,58.3,58.5,96.0,96.0,5.5,5.5,7,3.7,5
1.0,0.01,0.5,Kansas,49.6,41,53,49.0,38.3,38.5,43,0.0,0.0,54.0,53.0,57.2,55.5,39.2,28.0,11.6,11.5,16,6.1,9
2.0,0.1,1.0,Missouri,49.6,48,52,49.0,81.0,81.0,84,0.0,0.0,56.2,52.0,64.6,64.0,61.3,57.0,16.7,16.0,23,8.4,11
2.0,0.05,2.0,Ohio,49.6,45,58,51.0,61.9,63.0,64,0.1,1.0,53.0,51.0,58.9,58.0,72.1,67.0,23.0,21.5,31,10.0,14
2.0,0.1,0.5,Washington,49.6,39,58,52.0,15.1,15.5,17,0.1,1.0,54.1,56.0,61.3,60.0,28.0,28.0,18.6,18.0,22,10.4,14
1.0,0.1,2.0,Michigan,49.6,46,55,50.0,35.0,35.0,36,0.3,2.0,53.5,54.0,55.4,55.0,54.1,52.0,25.4,24.5,34,25.9,28
ALL,ALL,ALL,Illinois,49.63611111111111,43,98,43.0,54.15555555555556,57.0,68,0.0,0.0,55.81111111111111,44.0,63.43611111111111,52.0,65.05555555555556,48.0,17.56111111111111,18.0,30,5.030555555555556,13
0.5,0.1,2.0,Nevada,49.7,45,62,49.0,5.0,5.0,5,0.0,0.0,58.1,62.0,72.0,63.0,125.0,108.0,1.4,1.0,2,0.0,0
1.0,0.1,0.5,Oregon,49.7,48,65,48.0,19.5,20.0,21,0.0,0.0,55.1,54.0,63.7,65.0,57.7,56.0,7.7,8.5,11,4.5,7
1.0,0.1,2.0,Oregon,49.7,48,65,48.0,20.3,20.0,22,0.0,0.0,58.3,54.0,68.9,65.0,64.3,56.0,7.8,8.5,11,4.6,7
2.0,0.1,2.0,Missouri,49.7,45,52,50.0,80.6,80.5,85,0.0,0.0,59.8,64.0,67.0,71.0,67.3,74.0,15.8,16.0,19,9.6,12
1.0,0.1,2.0,Missouri,49.8,44,52,51.0,80.2,80.0,84,0.0,0.0,60.0,58.0,70.7,71.5,73.5,74.0,18.3,18.0,21,9.1,12
1.0,0.05,1.0,Kentucky,49.8,45,74,45.0,43.9,44.5,48,0.7,1.0,68.6,66.0,76.7,75.0,87.8,77.5,18.9,18.5,26,11.8,15
2.0,0.01,0.5,New York,49.8,40,107,40.0,8.2,8.0,12,0.7,3.0,72.3,76.0,89.6,86.0,28.0,28.0,165.4,166.0,189,37.7,41
2.0,0.1,1.0,Nevada,49.9,45,62,49.0,5.0,5.0,5,0.0,0.0,59.5,62.0,82.4,89.0,159.0,193.0,1.0,1.0,1,0.0,0
1.0,0.1,0.5,Nevada,49.9,45,62,49.0,4.9,5.0,5,0.0,0.0,59.1,62.0,68.1,63.0,142.0,108.0,1.2,1.0,2,0.0,0
0.5,0.25,1.0,North Dakota,49.9,45,52,52.0,17.1,17.0,18,0.0,0.0,64.0,67.0,72.6,74.0,79.3,87.0,3.2,3.0,4,1.4,3
2.0,0.1,1.0,Oregon,49.9,48,67,48.0,21.5,22.0,23,0.0,0.0,58.8,54.0,68.0,65.0,66.1,61.5,6.7,7.0,11,3.5,6
0.5,0.01,2.0,Kansas,49.9,49,53,49.0,44.0,43.5,48,0.0,0.0,52.6,53.0,55.8,54.0,53.8,28.0,10.1,9.5,13,6.5,10
1.0,0.05,1.0,Washington,49.9,39,73,54.0,14.6,14.5,16,0.3,1.0,59.3,56.0,66.0,67.0,28.0,28.0,15.5,16.0,18,10.2,12
2.0,0.01,1.0,Kansas,49.9,36,53,51.0,46.3,47.0,49,0.1,1.0,55.3,53.0,60.4,56.0,34.3,28.0,20.3,18.5,31,11.5,15
2.0,0.01,2.0,Kansas,49.9,36,53,52.0,45.6,45.5,53,0.1,1.0,53.6,53.5,58.8,57.0,36.9,28.0,21.0,21.0,25,14.1,17
2.0,0.01,1.0,Wyoming,50.0,47,77,47.0,9.4,9.5,10,0.0,0.0,86.1,80.5,109.0,112.5,188.71428571428572,201.0,1.1428571428571428,1.0,2,0.5,1
0.5,0.1,0.5,Missouri,50.0,48,52,50.0,59.8,60.0,64,0.0,0.0,55.2,52.0,65.5,64.0,59.1,55.5,9.0,9.0,12,5.4,7
0.5,0.1,2.0,Alabama,50.1,48,69,48.0,13.1,13.0,15,0.0,0.0,73.1,75.0,87.2,89.0,145.0,145.0,1.2,1.0,2,0.7,1
0.5,0.1,2.0,Michigan,50.1,41,54,50.5,33.4,34.0,37,0.0,0.0,53.2,54.0,54.8,55.0,56.9,52.0,24.7,24.5,33,25.5,32
0.5,0.1,0.5,Vermont,50.2,45,55,52.0,9.7,9.0,11,0.0,0.0,54.4,55.0,57.7,56.0,96.0,96.0,5.2,5.0,8,3.8,5
0.5,0.01,2.0,Minnesota,50.2,33,72,45.0,34.9,36.5,43,2.1,9.0,62.9,69.5,67.4,73.5,45.3,28.0,51.8,51.0,67,34.7,44
1.0,0.1,1.0,Vermont,50.3,45,56,52.0,10.5,10.0,12,0.0,0.0,55.9,55.5,59.9,61.0,95.3,96.0,7.6,7.5,10,3.5,5
2.0,0.1,0.5,Missouri,50.3,45,52,51.0,79.1,79.0,84,0.0,0.0,58.8,62.0,70.1,67.5,69.4,72.0,16.7,18.0,21,8.0,11
0.5,0.05,1.0,Ohio,50.4,48,51,51.0,49.6,48.5,53,0.1,1.0,53.8,51.0,61.0,63.0,49.9,47.5,18.2,18.0,24,8.0,11
2.0,0.05,1.0,Missouri,50.4,45,64,49.0,79.3,79.0,83,0.1,1.0,61.5,58.0,75.5,81.0,74.0,86.0,13.7,14.0,19,8.1,11
2.0,0.05,0.5,Kentucky,50.4,45,79,45.0,48.1,48.0,51,0.7,1.0,72.9,74.0,78.1,79.0,84.8,71.0,19.9,19.5,26,10.9,14
0.5,0.25,0.5,Massachusetts,50.5,48,65,49.0,7.0,7.0,8,0.0,0.0,67.2,69.0,85.8,88.0,57.0,57.0,0.5,0.5,1,0.2,1
0.5,0.1,2.0,Oregon,50.5,48,67,48.0,19.3,19.5,22,0.0,0.0,58.4,54.0,67.6,65.0,72.6,56.0,7.2,7.5,10,4.8,9
1.0,0.01,2.0,Kansas,50.5,41,66,51.0,46.0,47.0,48,0.0,0.0,55.9,53.5,62.1,57.5,37.0,28.0,16.4,16.0,23,10.3,12
2.0,0.05,2.0,Missouri,50.6,48,52,52.0,78.7,78.5,84,0.0,0.0,59.0,64.0,72.8,78.5,40.2,28.0,16.0,16.0,21,8.7,13
1.0,0.1,0.5,Alabama,50.7,48,75,48.0,10.4,10.0,12,0.0,0.0,74.9,75.0,87.6,89.0,145.0,145.0,1.1428571428571428,1.0,2,0.0,0
1.0,0.05,1.0,Alabama,50.7,48,75,48.0,12.8,13.0,14,0.0,0.0,73.6,75.0,100.1,89.0,186.66666666666666,145.0,2.0,2.0,3,0.4,1
1.0,0.1,2.0,Alabama,50.7,48,75,48.0,16.1,16.0,17,0.0,0.0,73.6,75.0,85.9,89.0,141.6,145.0,2.2,2.0,3,1.0,1
2.0,0.1,2.0,Alabama,50.7,48,75,48.0,16.9,17.0,18,0.0,0.0,73.0,75.0,86.1,89.0,145.0,145.0,2.3,2.0,3,1.0,1
1.0,0.05,0.5,Ohio,50.7,45,63,51.0,54.6,54.5,58,0.2,1.0,53.9,51.0,58.8,60.5,45.1,28.0,20.5,21.0,24,8.9,12
1.0,0.05,1.0,Michigan,50.7,41,55,51.0,33.1,34.0,39,0.5,3.0,54.6,55.0,56.9,56.0,59.2,58.5,27.3,28.0,31,24.7,33
2.0,0.05,0.5,Vermont,50.8,45,56,52.0,10.4,10.0,12,0.0,0.0,58.3,57.0,63.7,64.5,94.0,96.0,9.1,9.5,12,3.6,5
0.5,0.01,1.0,Kansas,50.8,49,53,51.0,34.6,35.5,39,0.0,0.0,53.5,53.0,59.2,57.0,61.1,53.5,7.4,6.5,12,4.6,7
1.0,0.1,1.0,Kentucky,50.9,45,65,45.0,47.6,47.5,51,0.7,1.0,66.1,65.0,72.8,74.0,82.8,71.0,19.7,19.5,25,11.9,17
2.0,0.01,2.0,Minnesota,50.9,33,72,44.0,41.0,41.5,48,1.3,10.0,64.4,62.5,70.5,72.0,42.3,28.0,50.9,50.0,58,31.6,38
1.0,0.1,2.0,Vermont,51.0,45,56,52.0,10.9,11.0,12,0.0,0.0,55.9,56.0,58.7,58.0,96.0,96.0,7.4,7.5,9,3.1,4
1.0,0.05,0.5,Vermont,51.0,45,56,52.0,10.5,11.0,12,0.0,0.0,57.3,56.0,62.0,64.0,95.3,96.0,7.9,8.0,10,3.4,6
1.0,0.25,0.5,Oklahoma,51.0,49,54,49.0,28.3,28.0,30,0.1,1.0,58.5,57.5,63.2,62.0,28.0,28.0,5.6,6.0,7,4.4,7
2.0,0.05,2.0,Nevada,51.1,49,68,49.0,5.0,5.0,5,0.0,0.0,66.0,62.0,88.9,89.0,136.33333333333334,108.0,1.0,1.0,1,0.0,0
0.5,0.25,0.5,Oklahoma,51.2,49,61,49.0,14.1,14.0,16,0.0,0.0,58.3,57.5,65.0,62.0,32.7,28.0,4.4,4.0,7,1.5,2
1.0,0.05,0.5,Michigan,51.2,46,55,51.0,30.2,30.0,34,0.2,2.0,55.7,55.0,57.4,56.0,59.5,57.5,21.3,22.0,23,22.8,28
ALL,ALL,ALL,California,51.25833333333333,41,126,43.0,4.7027777777777775,5.0,10,14.441011235955056,33.0,86.18820224719101,85.0,122.79166666666667,94.0,29.147222222222222,28.0,64.0,66.0,81,30.76388888888889,34
0.5,0.05,1.0,Kentucky,51.3,45,68,45.0,38.8,39.0,43,0.3,1.0,72.9,76.0,79.7,80.0,105.5,101.0,10.5,10.0,13,4.8,7
0.5,0.01,1.0,Colorado,51.3,40,71,51.0,13.8,14.0,17,0.0,0.0,59.4,58.5,72.4,69.0,28.0,28.0,27.3,27.5,34,7.5,11
2.0,0.05,2.0,Kentucky,51.3,45,68,45.0,48.9,49.5,55,0.5,1.0,72.1,71.0,79.9,79.0,100.0,101.0,21.2,21.5,25,11.5,15
2.0,0.05,2.0,Michigan,51.3,41,56,52.5,33.4,33.0,39,0.0,0.0,55.3,55.5,59.2,59.0,66.0,68.5,24.4,24.0,30,25.5,29
2.0,0.1,1.0,Alabama,51.5,48,75,48.0,16.9,17.0,19,0.0,0.0,69.2,75.0,80.9,84.5,145.0,145.0,3.2,3.0,5,0.9,1
2.0,0.1,0.5,Alabama,51.5,48,75,48.0,14.9,15.0,16,0.0,0.0,72.4,75.0,84.7,89.0,141.6,145.0,1.9,2.0,3,1.0,1
0.5,0.25,2.0,Oklahoma,51.5,49,54,51.5,33.1,34.0,36,0.0,0.0,58.3,61.0,62.1,62.0,28.0,28.0,6.7,6.5,11,6.3,10
ALL,ALL,ALL,Tennessee,51.519444444444446,38,197,40.0,32.87777777777778,36.0,51,0.08611111111111111,2.0,70.53055555555555,52.0,81.49166666666666,57.0,68.12605042016807,28.0,20.974930362116993,21.0,44,10.019444444444444,18
ALL,ALL,ALL,Florida,51.641666666666666,38,115,46.0,12.908333333333333,13.0,18,0.09444444444444444,5.0,60.647222222222226,55.0,68.13888888888889,57.0,60.083333333333336,62.0,23.886111111111113,24.0,44,19.075,26
2.0,0.01,0.5,Wyoming,51.7,46,71,47.0,9.3,9.5,11,0.0,0.0,85.9,77.0,113.9,114.0,192.4,201.0,1.1,1.0,2,0.2,1
0.5,0.05,1.0,Vermont,51.7,45,56,52.0,10.7,10.5,12,0.0,0.0,55.7,56.0,61.4,62.5,95.8,96.0,7.3,7.5,10,3.1,4
0.5,0.01,2.0,Colorado,51.7,40,71,49.0,17.5,18.0,20,0.2,1.0,63.8,60.0,74.1,71.0,28.0,28.0,31.9,32.0,42,8.7,11
0.5,0.05,2.0,Ohio,51.7,46,62,51.0,56.7,56.5,62,0.1,1.0,55.4,51.0,62.5,63.0,60.5,67.0,21.0,22.0,27,10.0,14
ALL,ALL,ALL,Michigan,51.78055555555556,41,78,51.0,31.633333333333333,32.0,42,0.16944444444444445,6.0,57.53055555555556,54.0,61.71111111111111,56.0,59.397222222222226,52.0,22.069444444444443,23.0,34,23.413888888888888,33
0.5,0.05,1.0,Oregon,51.8,48,67,48.0,19.0,19.0,21,0.0,0.0,67.9,61.5,76.8,83.5,66.44444444444444,56.0,5.4,6.0,9,3.5,5
0.5,0.05,0.5,Vermont,51.8,45,56,53.5,9.9,10.0,12,0.0,0.0,57.3,56.0,62.5,64.0,95.1,96.0,6.5,7.5,9,3.5,5
1.0,0.05,2.0,Vermont,51.8,45,56,52.0,10.4,10.0,12,0.0,0.0,58.8,56.0,63.8,64.0,94.0,96.0,8.9,9.0,10,3.6,4
1.0,0.05,1.0,Oregon,51.8,48,67,48.0,20.4,21.0,23,0.0,0.0,60.2,54.0,69.4,65.0,74.0,56.0,6.6,7.0,9,3.8,6
0.5,0.1,2.0,New Jersey,51.9,43,67,45.0,7.3,7.0,9,0.6,1.0,63.9,70.0,94.7,76.0,58.2,52.0,9.8,9.5,15,0.7,1
2.0,0.25,1.0,Oklahoma,51.9,49,61,49.0,39.7,40.0,42,0.0,0.0,58.0,54.0,65.6,62.0,32.7,28.0,7.8,8.5,11,11.1,14
1.0,0.05,1.0,Nevada,52.0,45,70,49.0,5.0,5.0,5,0.0,0.0,67.0,62.0,86.4,89.0,125.0,108.0,1.2,1.0,2,0.0,0
0.5,0.05,0.5,Missouri,52.0,44,64,52.0,54.3,54.5,57,0.1,1.0,65.3,64.0,77.4,81.0,51.9,28.0,8.0,8.0,10,4.0,6
2.0,0.25,1.0,Georgia,52.0,40,82,40.0,55.0,55.5,58,0.0,0.0,69.4,66.0,73.5,71.5,80.9,65.0,8.3,8.0,10,4.9,8
1.0,0.05,2.0,Missouri,52.0,52,52,52.0,78.4,78.5,81,0.0,0.0,64.0,64.0,75.4,75.0,63.7,65.0,13.0,14.0,16,8.0,11
2.0,0.25,2.0,North Dakota,52.1,45,67,52.0,21.0,21.0,22,0.0,0.0,66.7,67.0,74.7,74.0,76.2,80.0,8.5,8.0,11,4.7,7
1.0,0.05,1.0,Vermont,52.2,45,56,52.0,10.3,10.0,12,0.0,0.0,59.7,58.5,64.6,64.5,94.1,95.0,8.0,8.0,10,3.7,5
1.0,0.1,1.0,Oklahoma,52.2,49,61,51.5,34.6,34.5,36,0.0,0.0,59.1,61.5,64.9,66.0,32.7,28.0,5.4,5.5,8,6.0,8
2.0,0.25,2.0,Oklahoma,52.2,49,61,51.5,40.3,40.0,43,0.0,0.0,60.2,61.0,64.4,64.0,32.7,28.0,9.9,10.5,11,12.4,14
0.5,0.05,1.0,Florida,52.2,46,55,55.0,12.1,11.5,16,0.0,0.0,56.7,56.0,60.9,60.5,66.8,62.0,16.9,17.0,21,17.9,20
2.0,0.05,2.0,Florida,52.2,46,56,54.5,11.7,12.0,13,0.2,2.0,56.5,55.5,59.2,57.0,44.3,28.0,30.3,30.5,36,22.4,25
2.0,0.05,1.0,Florida,52.2,46,64,54.5,11.5,11.5,13,0.1,1.0,57.8,55.5,62.2,64.0,49.3,28.0,30.7,31.0,37,22.5,25
1.0,0.01,1.0,Wyoming,52.3,46,77,47.0,8.7,8.5,11,0.0,0.0,94.7,90.0,110.1,119.0,197.5,202.5,0.7142857142857143,1.0,2,0.3,1
1.0,0.01,0.5,Colorado,52.3,40,71,52.0,14.3,14.0,17,0.2,1.0,65.6,65.5,76.6,71.0,32.5,28.0,27.4,26.5,34,8.0,11
1.0,0.05,1.0,Florida,52.3,46,55,55.0,11.4,11.0,15,0.0,0.0,56.8,56.5,60.3,59.0,63.7,62.0,24.3,25.0,26,22.7,24
0.5,0.01,1.0,Iowa,52.3,48,54,53.0,39.4,39.5,43,0.5,1.0,58.6,56.5,63.8,63.5,34.5,28.0,87.1,86.5,96,39.1,42
2.0,0.05,1.0,Kentucky,52.4,45,80,45.0,49.0,49.0,53,0.6,1.0,72.9,74.0,79.6,79.5,100.8,101.0,19.1,19.0,23,11.2,14
2.0,0.05,0.5,Michigan,52.4,48,56,55.0,33.5,32.5,40,0.1,1.0,55.6,56.0,58.0,59.0,60.0,65.0,25.0,24.0,33,23.7,29
ALL,ALL,ALL,Ohio,52.40555555555556,44,130,48.0,55.58888888888889,58.0,70,0.05277777777777778,1.0,59.34166666666667,51.0,64.75277777777778,58.0,64.62777777777778,67.0,18.716666666666665,19.0,31,9.019444444444444,15
0.5,0.25,1.0,Oklahoma,52.5,49,54,54.0,22.9,23.0,26,0.1,1.0,59.6,61.0,63.6,62.0,28.0,28.0,5.8,6.5,8,2.1,3
2.0,0.01,1.0,Arizona,52.5,33,82,48.0,7.0,7.0,10,0.2,1.0,74.6,77.5,97.5,91.0,28.0,28.0,10.3,10.5,13,3.2,5
1.0,0.25,1.0,Oklahoma,52.5,49,54,54.0,34.6,34.5,38,0.1,1.0,59.7,61.0,63.5,62.0,28.0,28.0,7.3,6.5,11,7.2,10
1.0,0.05,1.0,Missouri,52.6,48,64,52.0,75.3,75.0,80,0.1,1.0,63.8,64.0,76.8,79.0,71.3,95.0,13.6,14.0,17,6.5,9
1.0,0.05,0.5,Washington,52.6,39,73,52.5,14.8,15.5,16,0.0,0.0,59.3,56.0,65.1,65.0,28.0,28.0,16.1,16.0,20,9.3,12
2.0,0.01,0.5,Iowa,52.6,51,54,53.0,35.1,35.5,44,0.6,2.0,62.0,56.5,67.2,62.0,45.2,28.0,103.5,103.5,116,47.3,52
0.5,0.05,1.0,Nevada,52.7,49,73,49.0,4.7,5.0,5,0.0,0.0,69.7,62.5,88.9,89.0,108.0,108.0,1.0,1.0,1,0.0,0
1.0,0.05,0.5,Missouri,52.7,45,64,52.0,69.4,69.5,72,0.1,1.0,62.0,64.0,71.4,74.5,59.8,57.0,10.6,10.5,15,5.8,8
2.0,0.25,0.5,Oklahoma,52.7,49,66,51.5,38.7,39.0,41,0.0,0.0,58.3,57.5,65.0,62.0,28.0,28.0,9.0,9.0,11,7.2,9
1.0,0.25,1.0,Massachusetts,52.8,48,65,49.0,8.0,8.0,9,0.0,0.0,64.9,65.0,82.8,85.0,127.71428571428571,82.0,1.2222222222222223,1.0,2,0.9,2
0.5,0.01,1.0,Maryland,52.8,33,79,50.5,10.0,10.0,13,0.0,0.0,72.8,71.0,105.0,113.5,41.5,28.0,9.7,9.0,17,1.0,2
0.5,0.05,2.0,Missouri,52.8,48,64,52.0,73.4,73.0,79,0.2,1.0,64.6,64.0,78.1,80.5,57.6,38.5,12.4,12.5,14,6.6,9
2.0,0.01,0.5,Arizona,52.9,33,77,53.5,7.1,8.0,9,0.2,1.0,72.4,75.0,109.8,90.5,28.0,28.0,9.5,9.0,13,2.8,6
0.5,0.25,0.5,Montana,53.0,53,53,53.0,3.0,3.0,4,0.0,0.0,104.4,120.0,121.71428571428571,120.0,,,0.0,0.0,0,0.0,0
0.5,0.25,2.0,Montana,53.0,53,53,53.0,11.1,11.0,13,0.0,0.0,100.5,100.5,133.3,122.0,114.0,114.0,1.6,1.5,3,0.4,1
1.0,0.25,0.5,Montana,53.0,53,53,53.0,8.3,8.0,9,0.0,0.0,92.7,81.0,121.2,120.0,114.0,114.0,1.7,2.0,2,0.8,1
1.0,0.25,1.0,Montana,53.0,53,53,53.0,10.6,10.5,12,0.0,0.0,108.3,120.0,145.3,124.0,114.0,114.0,1.6,1.0,3,1.0,1
2.0,0.25,2.0,Montana,53.0,53,53,53.0,13.5,13.0,15,0.0,0.0,100.5,100.5,137.2,122.0,114.0,114.0,3.3,3.0,4,1.0,1
2.0,0.25,0.5,Montana,53.0,53,53,53.0,12.4,12.5,14,0.0,0.0,92.7,81.0,149.6,120.0,114.0,114.0,2.5,2.5,3,1.0,1
1.0,0.1,0.5,Missouri,53.0,48,64,52.0,72.8,74.5,77,0.1,1.0,61.4,64.0,71.3,75.0,74.8,78.5,11.1,11.0,15,6.5,10
1.0,0.25,2.0,Oklahoma,53.0,49,66,49.0,36.5,36.0,40,0.0,0.0,58.7,57.5,65.4,62.0,32.0,28.0,9.8,10.0,11,9.8,12
0.5,0.05,0.5,Michigan,53.1,49,56,54.5,24.8,25.0,27,0.0,0.0,56.2,55.5,58.9,59.0,60.4,62.5,15.8,15.5,22,20.6,23
0.5,0.05,1.0,Michigan,53.1,46,55,54.5,28.3,29.0,31,0.0,0.0,54.5,55.5,57.8,59.0,64.0,65.0,20.4,21.0,25,21.7,27
1.0,0.01,2.0,Iowa,53.1,51,54,54.0,37.0,36.0,44,0.9,2.0,66.9,70.0,71.4,72.5,62.3,65.5,106.8,104.5,118,47.6,52
2.0,0.25,1.0,Massachusetts,53.2,48,69,49.0,8.4,8.5,9,0.1,1.0,67.7,66.0,78.7,70.5,151.5,200.0,1.5,1.0,3,0.5,2
1.0,0.05,2.0,Michigan,53.2,48,55,54.5,34.5,34.5,40,0.0,0.0,55.4,55.5,58.1,59.0,64.1,65.0,26.2,27.0,31,24.5,28
0.5,0.05,2.0,Michigan,53.2,48,59,54.0,30.9,31.0,36,0.3,2.0,57.3,56.0,61.2,60.0,62.2,65.0,26.3,25.0,34,25.4,28
1.0,0.01,1.0,Iowa,53.2,51,54,54.0,35.8,35.5,44,0.8,2.0,64.8,64.5,74.1,74.5,36.2,28.0,99.0,99.0,111,47.0,54
1.0,0.05,0.5,Oregon,53.3,48,67,48.0,19.0,19.5,21,0.0,0.0,67.3,60.5,81.1,83.5,79.2,64.5,5.4,5.0,9,3.8,7
2.0,0.05,2.0,Oregon,53.3,48,84,48.0,20.6,21.0,22,0.0,0.0,71.1,68.0,80.2,85.0,105.8,80.0,6.1,6.0,11,4.0,6
0.5,0.05,0.5,Florida,53.3,46,56,55.0,13.0,13.5,16,0.2,1.0,58.8,57.0,63.5,64.0,79.2,83.0,10.9,11.0,14,14.7,18
0.5,0.1,0.5,Alabama,53.4,48,75,48.0,7.7,8.0,9,0.0,0.0,75.7,75.0,87.1,89.0,145.0,145.0,1.1111111111111112,1.0,2,0.0,0
0.5,0.25,2.0,Massachusetts,53.4,48,65,49.0,8.2,8.0,9,0.0,0.0,65.3,66.0,76.4,72.0,101.42857142857143,57.0,1.5714285714285714,2.0,2,0.6,2
1.0,0.05,2.0,Kentucky,53.4,45,80,45.0,48.6,49.0,52,0.4,1.0,71.5,74.0,78.1,78.0,86.2,101.0,20.3,20.5,25,11.9,14
1.0,0.05,0.5,Nevada,53.5,45,70,49.0,4.9,5.0,5,0.0,0.0,65.7,62.0,84.0,89.0,108.0,108.0,1.0,1.0,1,0.0,0
0.5,0.05,1.0,Washington,53.5,39,73,54.0,15.0,14.5,17,0.3,1.0,62.3,58.0,67.3,70.0,28.0,28.0,15.1,14.5,20,8.6,11
2.0,0.01,0.5,Colorado,53.5,40,71,54.0,18.0,18.0,20,0.2,1.0,62.9,64.0,72.2,69.5,28.0,28.0,30.8,31.0,37,9.4,12
1.0,0.01,1.0,Colorado,53.5,40,71,54.0,17.2,16.5,23,0.3,1.0,67.2,69.5,77.3,73.0,28.0,28.0,30.9,30.5,41,9.8,12
1.0,0.25,0.5,North Dakota,53.6,45,67,52.0,17.6,17.5,20,0.0,0.0,65.4,67.0,72.8,74.0,95.1,87.0,4.6,4.5,9,1.5,4
2.0,0.05,0.5,Missouri,53.6,45,71,52.0,77.0,77.5,80,0.0,0.0,66.1,64.0,78.6,79.0,60.1,51.0,15.3,15.0,21,7.1,11
1.0,0.05,2.0,Washington,53.6,39,63,54.0,15.3,15.5,18,0.3,1.0,61.3,58.0,66.1,67.0,28.0,28.0,17.5,17.5,21,10.1,14
2.0,0.01,1.0,Iowa,53.7,51,63,53.0,36.3,35.5,42,0.4,1.0,60.9,56.5,66.5,64.0,44.9,28.0,106.0,106.0,113,48.9,52
1.0,0.25,2.0,Massachusetts,53.8,48,65,49.0,8.4,9.0,9,0.0,0.0,64.7,67.5,83.2,88.0,159.2,200.0,0.8333333333333334,1.0,1,0.4,2
0.5,0.05,2.0,Vermont,53.8,45,64,56.0,10.3,10.0,12,0.1,1.0,59.6,57.0,67.1,64.5,94.7,96.0,8.2,8.5,10,3.7,5
0.5,0.05,1.0,New Jersey,53.9,43,70,45.0,6.0,6.0,7,0.5,2.0,66.7,70.0,102.6,77.0,60.6,53.0,7.5,7.0,10,0.8,2
1.0,0.1,0.5,New Jersey,53.9,43,67,49.5,6.0,6.0,7,0.4,1.0,60.7,61.0,75.1,75.0,59.5,56.0,9.6,9.0,15,0.9,2
1.0,0.01,0.5,New York,53.9,40,87,45.0,7.5,7.0,12,0.8,3.0,79.6,73.5,99.0,88.0,28.0,28.0,141.7,145.0,159,38.0,41
1.0,0.05,2.0,Oregon,54.0,48,74,48.0,20.9,21.0,22,0.0,0.0,64.0,59.5,70.9,67.0,74.2,63.5,8.2,8.0,14,4.2,7
0.5,0.01,1.0,Nebraska,54.0,40,69,52.0,27.8,28.0,32,0.0,0.0,70.3,67.5,81.0,84.5,198.4,204.0,1.9,2.0,3,4.5,7
0.5,0.01,2.0,Iowa,54.0,46,70,54.0,36.9,36.5,46,0.5,1.0,65.3,65.5,72.5,73.0,54.5,57.5,96.6,96.0,110,44.6,52
1.0,0.05,2.0,Nevada,54.1,45,70,49.0,4.7,5.0,5,0.0,0.0,72.2,65.5,94.2,102.0,108.0,108.0,1.0,1.0,1,0.0,0
0.5,0.25,1.0,Massachusetts,54.1,48,69,49.0,7.0,7.0,8,0.0,0.0,67.6,67.5,79.7,79.5,128.5,128.5,1.0,1.0,2,0.3,1
0.5,0.01,0.5,New York,54.1,40,98,40.0,5.7,6.0,10,0.8,5.0,73.6,63.0,109.7,101.5,30.8,28.0,106.6,108.5,120,34.2,36
1.0,0.1,1.0,Alabama,54.2,48,75,48.0,13.9,14.0,16,0.0,0.0,72.5,75.0,84.6,89.0,145.0,145.0,1.7,2.0,2,0.8,1
2.0,0.05,1.0,Vermont,54.2,45,56,56.0,10.9,11.0,12,0.1,1.0,59.0,56.0,65.0,64.5,95.1,96.0,8.4,9.0,10,3.1,4
2.0,0.05,0.5,Washington,54.2,39,73,54.0,14.9,15.0,16,0.0,0.0,62.2,57.0,68.6,72.0,28.0,28.0,17.8,16.5,26,10.3,12
2.0,0.25,1.0,North Dakota,54.3,45,67,52.0,20.5,21.0,23,0.0,0.0,67.9,67.0,76.4,74.0,85.9,87.0,7.9,8.0,10,5.2,8
2.0,0.05,1.0,Michigan,54.3,49,63,54.5,34.5,34.0,38,0.0,0.0,58.1,56.0,61.1,60.0,67.4,66.0,26.0,25.5,31,24.9,28
1.0,0.25,1.0,North Dakota,54.4,45,67,52.0,20.9,21.0,23,0.0,0.0,64.7,67.0,73.1,74.0,99.3,87.0,7.6,8.0,12,1.8,3
1.0,0.01,2.0,Minnesota,54.4,44,72,49.5,38.8,38.5,45,1.4,5.0,66.9,72.0,70.8,74.0,37.6,28.0,50.9,51.0,58,34.1,44
2.0,0.05,1.0,Nevada,54.5,49,70,49.0,4.9,5.0,5,0.0,0.0,66.5,62.5,89.0,89.0,164.66666666666666,193.0,1.0,1.0,1,0.0,0
0.5,0.01,2.0,Arizona,54.5,33,77,54.5,7.1,7.0,10,0.2,1.0,71.7,75.0,130.6,95.0,28.0,28.0,11.8,12.0,16,2.8,6
0.5,0.05,1.0,Missouri,54.6,45,71,52.0,64.1,63.5,70,0.2,1.0,65.9,64.0,77.0,79.0,37.2,28.0,9.8,9.0,14,5.5,8
2.0,0.05,2.0,Vermont,54.9,45,67,56.0,10.2,11.0,11,0.0,0.0,62.0,62.5,66.0,66.0,94.4,95.0,9.5,9.5,13,3.8,6
2.0,0.01,1.0,South Dakota,55.0,41,62,57.0,43.5,43.0,45,0.0,0.0,62.0,61.5,64.6,64.5,79.7,80.0,14.4,14.0,23,2.7,5
0.5,0.25,0.5,North Dakota,55.1,45,67,52.0,13.9,14.0,15,0.0,0.0,68.6,67.0,75.5,74.0,28.0,28.0,4.1,4.0,5,1.8,3
0.5,0.01,0.5,Wyoming,55.2,47,77,47.0,5.6,5.0,8,0.0,0.0,88.9,87.0,103.0,99.5,181.0,181.0,1.0,1.0,1,0.0,0
1.0,0.05,1.0,New Jersey,55.2,43,70,52.0,7.7,8.0,9,0.1,1.0,66.7,70.0,101.2,77.0,60.4,58.0,6.8,6.0,11,0.4,2
1.0,0.01,2.0,New York,55.3,40,111,40.0,8.2,8.5,12,0.8,3.0,81.3,76.0,102.7,91.0,28.0,28.0,170.6,174.0,190,38.5,43
2.0,0.05,0.5,Nevada,55.4,45,70,49.0,4.6,5.0,5,0.0,0.0,66.5,62.5,89.5,89.0,125.0,108.0,1.0,1.0,1,0.0,0
0.5,0.05,0.5,Washington,55.4,39,73,57.0,14.0,14.5,15,0.0,0.0,64.3,61.5,71.1,73.0,28.0,28.0,10.7,11.0,14,6.0,9
1.0,0.01,0.5,Iowa,55.5,51,72,54.0,37.3,37.0,45,2.1,5.0,70.6,70.0,75.1,75.0,60.2,72.0,93.2,94.5,104,42.1,48
2.0,0.05,0.5,Oregon,55.6,48,69,48.0,20.8,20.0,23,0.0,0.0,67.1,66.0,80.5,85.0,105.5,77.5,5.6,4.5,12,3.3,6
2.0,0.25,2.0,Georgia,55.6,40,66,66.0,56.3,56.0,60,0.0,0.0,71.1,71.5,77.2,79.0,78.8,88.0,7.1,7.0,10,4.9,7
2.0,0.25,0.5,Georgia,55.6,40,66,66.0,52.5,53.0,56,0.0,0.0,69.3,67.0,76.0,76.0,95.4,88.0,6.9,7.0,11,5.5,7
2.0,0.01,0.5,Nebraska,55.7,40,69,54.0,38.0,37.5,40,0.1,1.0,78.4,74.5,86.3,89.0,109.4,84.0,3.9,3.5,6,7.0,10
0.5,0.25,1.0,Montana,55.8,53,81,53.0,4.9,5.0,6,0.0,0.0,104.4,120.0,156.2,124.0,126.9,114.0,1.2,1.0,2,0.0,0
1.0,0.25,2.0,Montana,55.8,53,81,53.0,12.9,13.0,14,0.0,0.0,112.2,120.0,160.0,124.0,139.8,114.0,3.2,3.0,5,1.0,1
1.0,0.01,2.0,Wyoming,55.9,46,77,47.0,9.4,9.0,12,0.0,0.0,95.9,90.0,112.1,109.0,168.375,201.0,1.25,1.0,2,0.1,1
2.0,0.1,2.0,West Virginia,56.2,49,121,49.0,10.6,10.0,12,0.0,0.0,115.7,121.0,133.1,131.5,273.6,398.0,2.1,2.0,4,0.0,0
1.0,0.1,1.0,West Virginia,56.2,49,121,49.0,9.1,9.0,10,0.0,0.0,98.7,98.5,128.7,131.5,146.9,87.0,1.8,2.0,3,0.0,0
2.0,0.01,2.0,Arizona,56.2,33,101,48.0,6.6,6.0,10,0.3,1.0,81.0,81.5,156.8,145.5,28.0,28.0,10.9,11.0,16,3.9,6
2.0,0.1,1.0,Oklahoma,56.2,49,66,54.0,38.4,39.0,40,0.2,1.0,63.2,64.0,69.9,67.0,41.4,28.0,7.2,7.0,9,9.7,11
0.5,0.01,0.5,Colorado,56.3,40,71,57.0,12.7,12.5,16,0.3,1.0,66.2,68.0,75.1,71.0,28.0,28.0,21.9,21.0,33,5.5,8
0.5,0.05,2.0,Nevada,56.4,49,70,49.0,4.8,5.0,5,0.0,0.0,76.3,79.5,94.2,102.0,142.0,108.0,1.0,1.0,1,0.0,0
ALL,ALL,ALL,Washington,56.41388888888889,39,128,51.0,13.266666666666667,14.0,19,0.20277777777777778,5.0,65.70833333333333,56.0,73.51944444444445,60.0,36.58888888888889,28.0,17.122222222222224,18.0,27,10.408333333333333,16
0.5,0.01,2.0,Wyoming,56.6,47,119,47.0,8.3,8.5,10,0.0,0.0,93.8,90.0,128.7,119.0,201.0,201.0,0.5,0.5,1,0.1,1
0.5,0.01,0.5,Minnesota,56.6,44,72,57.0,31.1,33.0,38,0.1,1.0,64.2,68.5,69.9,73.5,43.8,28.0,41.2,39.0,52,29.2,39
ALL,ALL,ALL,Vermont,56.63611111111111,45,151,52.0,10.4,10.0,14,0.044444444444444446,1.0,66.83055555555555,56.0,74.3861111111111,61.0,98.68333333333334,96.0,7.4527777777777775,7.0,16,3.3694444444444445,6
2.0,0.1,0.5,Oklahoma,56.7,49,66,57.5,36.8,37.0,39,0.0,0.0,63.8,66.0,70.3,67.0,32.7,28.0,6.2,6.0,9,7.1,10
0.5,0.05,2.0,Washington,56.7,39,69,55.5,15.1,15.0,17,0.1,1.0,66.9,71.0,72.2,74.5,28.0,28.0,17.7,18.0,20,10.1,12
1.0,0.25,0.5,Massachusetts,56.9,48,82,49.0,7.5,7.5,9,0.0,0.0,73.5,73.0,84.6,90.5,128.5,128.5,1.3333333333333333,1.0,2,0.3,1
2.0,0.05,1.0,Oregon,57.1,48,84,48.0,20.5,21.0,22,0.0,0.0,71.6,77.0,80.4,86.5,115.2,77.5,5.6,5.5,10,4.1,8
0.5,0.01,1.0,Wyoming,57.2,47,77,47.0,5.3,5.5,7,0.0,0.0,95.7,90.0,117.6,119.0,181.0,181.0,1.0,1.0,1,0.0,0
0.5,0.1,1.0,Oklahoma,57.2,54,66,54.0,19.8,20.0,21,0.3,1.0,64.3,66.0,70.1,67.0,32.7,28.0,3.7,3.5,6,1.9,3
0.5,0.05,0.5,Kentucky,57.2,45,74,55.0,29.6,30.0,33,0.5,1.0,73.2,74.5,79.4,78.5,99.6,101.0,7.3,8.0,9,3.0,6
2.0,0.05,2.0,Oklahoma,57.2,49,66,58.0,37.2,37.0,40,0.1,1.0,63.6,66.0,74.1,67.0,28.0,28.0,6.8,7.0,9,9.3,11
2.0,0.1,2.0,Oklahoma,57.2,49,66,57.5,40.0,39.5,44,0.1,1.0,64.2,66.0,72.1,67.0,32.7,28.0,8.4,8.5,11,10.4,13
2.0,0.25,2.0,Massachusetts,57.3,48,69,57.0,8.6,9.0,9,0.0,0.0,69.7,69.0,84.3,88.0,183.0,200.0,1.5,1.0,3,0.4,2
2.0,0.01,2.0,Michigan,57.3,41,63,57.5,32.8,34.0,39,0.5,4.0,69.2,63.0,79.8,72.0,54.7,68.5,18.8,19.0,23,19.4,25
1.0,0.01,1.0,Arizona,57.4,33,95,53.5,6.2,6.0,8,0.6,4.0,82.9,75.0,113.1,86.0,28.0,28.0,8.8,9.0,12,3.9,5
2.0,0.25,0.5,North Dakota,57.5,52,67,52.0,20.4,21.0,22,0.0,0.0,69.1,67.0,75.2,74.0,99.4,87.0,7.4,7.5,9,2.6,4
1.0,0.05,0.5,Kentucky,57.5,45,79,54.5,41.6,40.5,46,0.2,1.0,73.7,77.0,78.7,80.0,97.0,101.0,14.2,14.0,19,5.6,8
0.5,0.05,0.5,New Jersey,57.6,43,70,60.5,5.4,5.5,7,0.5,1.0,71.3,71.0,90.7,77.0,64.9,68.0,6.7,7.5,10,0.5,1
0.5,0.1,2.0,Oklahoma,57.8,49,66,61.0,33.1,33.5,35,0.1,1.0,63.9,66.0,74.3,67.0,51.5,51.5,4.1,3.0,8,4.5,6
1.0,0.01,0.5,Minnesota,58.0,44,73,57.5,35.9,35.5,44,0.4,2.0,66.6,69.0,69.4,74.0,41.5,28.0,44.4,44.0,58,29.9,37
0.5,0.01,1.0,South Dakota,58.1,52,62,59.0,35.1,35.0,40,0.0,0.0,62.7,62.0,69.1,67.0,85.8,89.0,8.6,8.5,13,2.2,4
1.0,0.1,0.5,Oklahoma,58.2,49,66,61.0,26.7,27.0,29,0.1,1.0,62.8,64.0,72.9,67.0,32.7,28.0,4.2,4.0,7,2.9,6
ALL,ALL,ALL,Missouri,58.266666666666666,44,103,52.0,69.55555555555556,74.0,85,0.05555555555555555,1.0,66.43888888888888,64.0,74.225,78.0,66.1943661971831,62.0,12.033519553072626,13.0,23,6.75,14
0.5,0.01,2.0,South Dakota,58.3,41,62,62.0,41.6,41.5,45,0.0,0.0,71.2,71.5,74.0,76.0,83.7,89.0,13.7,14.0,19,2.3,5
0.5,0.25,1.0,Georgia,58.3,40,67,66.0,38.4,37.5,43,0.0,0.0,75.8,82.0,84.1,88.0,83.7,88.0,3.7,3.0,7,5.5,7
1.0,0.25,1.0,Georgia,58.3,40,67,66.0,50.6,50.5,53,0.0,0.0,74.2,74.5,83.5,85.0,83.9,88.0,4.0,4.0,6,6.1,8
1.0,0.05,0.5,New Jersey,58.4,43,70,61.0,6.3,6.0,8,0.2,1.0,66.5,70.0,88.7,77.0,67.5,72.5,7.4,7.5,13,0.3,1
0.5,0.01,1.0,Arizona,58.5,33,77,59.0,6.9,7.0,9,0.2,1.0,72.3,69.0,92.3,84.0,35.7,28.0,6.3,6.5,10,2.4,4
2.0,0.01,2.0,Wyoming,58.6,47,90,47.0,9.5,9.5,12,0.0,0.0,97.1,93.5,111.6,109.0,201.0,201.0,0.8888888888888888,1.0,2,0.3,1
2.0,0.01,0.5,South Dakota,58.6,52,62,60.0,43.8,44.0,45,0.0,0.0,68.0,64.5,69.9,65.0,83.1,86.0,14.2,13.5,19,2.7,5
2.0,0.01,2.0,Florida,58.6,46,91,55.0,13.0,13.0,17,0.0,0.0,75.6,74.5,100.4,95.0,53.2,28.0,21.2,22.0,26,20.0,25
0.5,0.05,2.0,New Jersey,58.7,43,67,67.0,8.2,8.0,10,0.3,1.0,68.2,70.0,105.4,77.0,62.9,68.0,6.8,6.5,11,0.4,1
0.5,0.05,1.0,Alabama,58.8,48,75,48.0,7.3,7.0,9,0.0,0.0,79.0,75.0,102.4,89.0,145.0,145.0,1.3,1.0,2,0.0,0
0.5,0.1,1.0,Alabama,58.8,48,75,48.0,7.4,7.0,9,0.0,0.0,77.2,75.0,93.6,89.0,145.0,145.0,1.0,1.0,1,0.0,0
2.0,0.01,2.0,Pennsylvania,58.9,40,91,57.5,44.6,45.0,48,0.4,4.0,86.7,87.5,95.7,95.5,84.1,70.0,18.3,18.5,26,7.7,11
2.0,0.05,1.0,Washington,58.9,39,73,69.0,14.2,14.5,16,0.3,1.0,67.1,73.0,70.2,76.0,28.0,28.0,17.7,17.5,20,10.9,15
1.0,0.01,0.5,Wyoming,59.0,47,77,47.0,7.3,7.5,9,0.0,0.0,83.9,87.0,108.3,119.0,,,0.0,0.0,0,0.0,0
0.5,0.1,1.0,Massachusetts,59.0,48,93,49.0,6.7,6.5,8,0.0,0.0,79.2,85.0,90.0,93.0,159.14285714285714,200.0,0.875,1.0,1,0.2,1
1.0,0.1,0.5,North Dakota,59.0,52,67,57.0,15.6,16.0,18,0.0,0.0,73.5,70.5,83.8,84.0,87.8,80.0,5.6,5.0,9,1.8,3
1.0,0.01,1.0,South Dakota,59.0,41,62,62.0,41.2,41.0,44,0.0,0.0,71.5,71.5,77.0,79.0,88.0,89.0,12.0,12.0,16,3.1,5
1.0,0.01,1.0,Pennsylvania,59.1,42,76,59.0,43.6,44.0,48,1.0,6.0,75.2,76.0,86.5,90.0,84.9,83.5,19.7,19.5,25,7.5,11
2.0,0.05,2.0,New Jersey,59.2,43,70,60.5,8.0,8.0,9,0.1,1.0,76.8,71.0,100.9,77.0,47.3,37.0,9.5,9.0,17,0.2,1
ALL,ALL,ALL,Kentucky,59.34166666666667,41,134,45.0,42.05,45.0,57,0.35555555555555557,1.0,76.2,68.0,83.6,75.0,100.13927576601671,84.0,16.20891364902507,17.0,27,9.438888888888888,17
2.0,0.01,2.0,Colorado,59.4,40,71,60.0,19.6,20.0,21,0.1,1.0,68.2,69.0,76.7,71.0,28.0,28.0,30.3,29.0,42,9.5,13
0.5,0.01,2.0,Florida,59.4,46,72,59.5,11.8,12.5,15,0.4,3.0,81.4,76.0,99.2,91.0,51.1,28.0,13.1,14.0,16,18.8,21
1.0,0.25,2.0,North Dakota,59.5,52,67,59.5,19.6,19.5,23,0.0,0.0,70.5,70.5,76.0,75.0,96.4,87.0,7.4,7.5,8,4.7,6
ALL,ALL,ALL,Oklahoma,59.50277777777778,49,88,61.0,27.461111111111112,29.0,44,0.05277777777777778,1.0,68.95555555555555,66.0,82.275,67.0,49.27428571428572,28.0,5.1657142857142855,5.0,12,4.580555555555556,14
0.5,0.1,0.5,Montana,59.7,53,120,53.0,2.6,3.0,4,0.0,0.0,115.66666666666667,120.0,123.33333333333333,124.0,,,0.0,0.0,0,0.0,0
2.0,0.25,1.0,Montana,59.7,53,120,53.0,13.3,13.5,14,0.0,0.0,97.0,81.0,153.4,120.0,126.9,114.0,3.2,3.5,4,1.0,1
2.0,0.1,2.0,Montana,59.7,53,120,53.0,12.0,12.0,13,0.0,0.0,120.4,120.0,183.3,170.5,130.7,114.0,3.7,4.0,5,1.0,1
0.5,0.01,0.5,South Dakota,59.8,46,62,62.0,28.2,28.0,32,0.0,0.0,72.7,71.5,76.4,77.5,86.9,89.0,7.9,8.0,10,1.7,3
2.0,0.05,0.5,Oklahoma,59.8,49,66,61.5,34.2,35.0,37,0.1,1.0,64.4,66.5,75.2,69.0,28.0,28.0,5.9,6.0,10,5.2,7
1.0,0.1,2.0,Oklahoma,59.8,49,66,61.5,37.1,37.0,39,0.1,1.0,64.0,66.0,72.9,67.0,32.7,28.0,7.4,7.0,11,8.2,12
ALL,ALL,ALL,Nevada,59.86666666666667,45,146,49.0,4.6722222222222225,5.0,5,0.0,0.0,73.71944444444445,62.0,96.78591549295774,68.0,155.10897435897436,193.0,1.1538461538461537,1.0,2,0.0,0
0.5,0.1,0.5,Oklahoma,60.0,54,66,62.0,12.0,12.0,14,0.1,1.0,65.0,66.0,70.9,67.0,42.1,28.0,4.2,3.5,7,1.1,2
0.5,0.01,1.0,Ohio,60.0,51,96,51.0,36.6,36.0,42,0.3,1.0,86.0,83.0,96.7,96.0,72.9,78.0,9.6,9.5,14,4.9,7
0.5,0.01,2.0,Indiana,60.1,38,76,65.0,38.3,38.5,40,0.0,0.0,77.4,75.5,85.1,84.5,49.2,28.0,20.5,20.0,32,14.9,18
1.0,0.01,2.0,South Dakota,60.2,52,62,62.0,43.4,43.5,46,0.0,0.0,70.2,70.0,77.1,80.0,85.6,89.0,15.3,15.5,19,2.5,5
1.0,0.1,1.0,North Dakota,60.2,52,74,59.5,18.0,18.5,20,0.0,0.0,72.1,70.5,82.4,84.0,88.2,87.0,7.3,8.0,9,3.0,4
0.5,0.05,2.0,Oregon,60.3,48,84,48.0,19.8,20.0,22,0.0,0.0,74.1,85.0,81.0,88.0,119.3,89.0,5.9,4.0,13,3.5,5
0.5,0.05,0.5,Oklahoma,60.4,54,66,61.0,10.0,10.0,12,0.1,1.0,66.3,67.0,76.5,71.0,56.2,75.0,1.8,1.0,4,0.2,1
2.0,0.05,1.0,Oklahoma,60.5,49,66,64.0,37.4,38.0,39,0.0,0.0,66.1,67.0,77.9,79.5,42.1,28.0,5.6,6.0,10,6.8,9
1.0,0.01,0.5,Michigan,60.5,54,63,63.0,29.7,30.0,34,0.2,1.0,71.2,72.0,85.2,79.5,74.2,75.0,19.9,20.0,27,16.8,21
0.5,0.01,1.0,Illinois,60.6,43,98,44.0,34.9,35.5,39,0.0,0.0,84.6,91.0,94.7,98.0,114.8,119.0,9.4,9.0,13,1.6,4
0.5,0.05,2.0,Oklahoma,60.6,49,67,66.0,28.5,28.5,31,0.0,0.0,67.5,67.0,81.7,88.0,87.9,71.5,3.3,3.5,6,3.3,7
2.0,0.25,0.5,Virginia,60.6,54,65,65.0,34.6,34.5,37,0.0,0.0,68.0,69.0,75.0,75.0,104.8,99.0,7.6,7.0,10,7.7,10
1.0,0.05,2.0,New Jersey,60.7,45,70,66.0,7.8,8.0,8,0.2,1.0,70.6,70.0,79.5,77.0,44.0,28.0,8.6,9.0,13,0.2,1
1.0,0.05,0.5,Oklahoma,60.7,49,66,66.0,24.8,24.0,30,0.0,0.0,64.8,67.0,73.8,71.0,51.5,51.5,3.3,4.0,5,1.7,4
1.0,0.01,0.5,South Dakota,60.7,52,62,62.0,38.4,38.5,41,0.0,0.0,71.6,73.0,77.0,80.5,90.7,86.0,11.6,12.0,16,2.1,3
0.5,0.01,1.0,Michigan,60.7,52,63,63.0,25.5,26.0,33,1.2,6.0,72.5,72.0,81.8,77.0,71.8,70.5,16.7,16.5,23,16.1,21
2.0,0.01,0.5,Michigan,60.7,54,63,63.0,31.4,31.0,35,0.5,4.0,74.1,72.5,87.2,88.0,72.2,74.0,19.6,19.0,26,19.1,22
0.5,0.01,2.0,Illinois,60.8,43,98,44.0,41.5,40.5,50,0.0,0.0,68.8,63.5,87.5,98.0,96.9,108.0,14.2,14.0,17,3.3,6
1.0,0.25,0.5,Georgia,60.8,40,66,66.0,43.3,43.5,47,0.0,0.0,77.3,82.0,84.7,88.0,99.8,88.0,4.3,4.0,7,5.9,7
1.0,0.25,2.0,Georgia,60.9,40,67,66.0,53.5,53.5,57,0.0,0.0,74.3,74.5,83.5,85.0,84.5,88.0,6.5,6.0,9,5.6,7
2.0,0.01,0.5,Florida,60.9,46,105,55.0,13.4,14.0,17,0.0,0.0,73.7,72.0,86.4,91.0,72.2,77.0,17.9,17.5,23,18.3,24
1.0,0.25,0.5,Maine,61.0,61,61,61.0,7.8,8.0,9,0.0,0.0,83.8,73.0,123.0,100.0,,,0.0,0.0,0,0.0,0
1.0,0.25,2.0,Maine,61.0,61,61,61.0,9.7,10.0,11,0.0,0.0,75.7,73.0,103.8,100.0,251.0,251.0,1.0,1.0,1,0.0,0
0.5,0.25,2.0,Maine,61.0,61,61,61.0,9.0,9.0,10,0.0,0.0,89.2,100.0,135.8,146.5,251.0,251.0,1.0,1.0,1,0.0,0
0.5,0.25,0.5,Maine,61.0,61,61,61.0,5.0,5.0,6,0.0,0.0,83.8,73.0,128.4,100.0,,,0.0,0.0,0,0.0,0
1.0,0.25,1.0,Maine,61.0,61,61,61.0,8.7,9.0,9,0.0,0.0,89.2,100.0,133.3,138.0,,,0.0,0.0,0,0.0,0
2.0,0.25,2.0,Maine,61.0,61,61,61.0,9.4,9.0,10,0.0,0.0,89.2,100.0,129.8,138.0,251.0,251.0,1.0,1.0,1,0.0,0
0.5,0.05,0.5,Utah,61.0,61,61,61.0,11.7,12.0,15,0.0,0.0,78.1,79.0,90.8,93.0,108.5,121.0,2.3,2.0,4,0.7,1
0.5,0.1,0.5,Utah,61.0,61,61,61.0,12.4,12.5,14,0.0,0.0,72.2,68.0,81.1,82.0,115.6,121.0,2.9,2.5,5,1.1,2
1.0,0.1,0.5,Utah,61.0,61,61,61.0,15.2,15.0,17,0.0,0.0,72.8,68.0,82.1,82.0,102.0,121.0,6.7,7.0,10,1.2,2
0.5,0.1,1.0,Utah,61.0,61,61,61.0,14.1,14.0,15,0.0,0.0,73.2,73.0,83.2,82.0,114.8,126.5,4.1,3.5,6,1.2,2
1.0,0.1,2.0,Utah,61.0,61,61,61.0,17.0,17.0,18,0.0,0.0,76.2,78.0,84.2,84.0,108.9,125.0,4.9,4.5,8,1.2,2
0.5,0.25,2.0,North Dakota,61.0,52,67,67.0,20.0,20.0,23,0.0,0.0,72.2,74.0,76.5,75.0,100.1,87.0,6.0,5.5,9,1.3,3
0.5,0.25,2.0,Utah,61.0,61,61,61.0,17.3,17.5,18,0.0,0.0,67.4,68.0,77.2,78.0,118.4,121.0,10.7,10.5,13,1.3,2
0.5,0.25,0.5,Utah,61.0,61,61,61.0,12.4,12.5,13,0.0,0.0,70.0,68.0,79.4,78.0,124.6,121.0,3.0,2.5,5,1.3,2
2.0,0.1,2.0,Utah,61.0,61,61,61.0,16.9,17.0,18,0.0,0.0,75.5,78.0,84.9,84.0,115.6,121.0,5.9,6.0,9,1.3,2
2.0,0.25,1.0,Utah,61.0,61,61,61.0,17.6,18.0,18,0.0,0.0,68.4,68.0,77.6,78.0,80.2,94.0,7.1,7.0,9,1.4,2
2.0,0.25,2.0,Utah,61.0,61,61,61.0,17.4,17.0,18,0.0,0.0,69.4,68.0,77.8,78.0,109.1,121.0,7.9,8.0,10,1.4,2
2.0,0.1,1.0,Utah,61.0,61,61,61.0,16.6,17.0,18,0.0,0.0,74.8,78.0,84.0,84.0,109.6,121.0,6.0,6.0,9,1.4,2
0.5,0.25,1.0,Utah,61.0,61,61,61.0,14.9,15.0,16,0.0,0.0,67.4,68.0,77.0,78.0,117.7,121.0,6.4,6.0,8,1.5,2
1.0,0.25,0.5,Utah,61.0,61,61,61.0,16.0,16.0,17,0.0,0.0,67.4,68.0,77.0,78.0,109.5,121.0,7.9,8.0,11,1.5,2
2.0,0.25,0.5,Utah,61.0,61,61,61.0,17.3,17.0,18,0.0,0.0,68.0,68.0,78.2,78.0,124.8,121.0,6.5,6.0,8,1.5,2
1.0,0.25,2.0,Utah,61.0,61,61,61.0,17.1,17.0,18,0.0,0.0,69.0,68.0,78.4,78.0,105.6,121.0,6.3,6.5,7,1.6,2
2.0,0.1,0.5,Utah,61.0,61,61,61.0,16.8,17.0,18,0.0,0.0,74.0,78.0,82.1,80.0,97.1,121.0,5.9,6.0,8,1.6,4
1.0,0.1,1.0,Utah,61.0,61,61,61.0,17.0,17.0,18,0.0,0.0,72.2,68.0,82.3,82.0,104.2,121.0,8.7,9.0,11,1.6,3
1.0,0.25,1.0,Utah,61.0,61,61,61.0,16.7,17.0,18,0.0,0.0,67.4,68.0,77.0,78.0,110.9,125.0,8.5,8.0,12,1.7,3
0.5,0.1,2.0,Utah,61.0,61,61,61.0,16.3,16.5,18,0.0,0.0,71.6,68.0,83.7,81.0,114.2,121.0,9.4,9.5,12,1.8,4
0.5,0.01,0.5,Michigan,61.0,55,63,63.0,19.5,19.0,25,0.1,1.0,75.2,72.0,82.5,77.5,83.9,76.0,9.9,10.0,15,11.3,21
2.0,0.01,2.0,Iowa,61.0,51,85,54.0,36.7,37.5,42,1.1,4.0,71.6,73.5,78.1,79.5,54.9,61.5,108.8,108.0,126,48.3,57
0.5,0.05,2.0,Kentucky,61.1,45,80,61.5,45.6,45.5,48,0.4,1.0,77.5,77.5,84.2,83.5,99.2,101.0,16.6,17.0,20,10.2,12
0.5,0.25,1.0,Arkansas,61.2,57,99,57.0,6.5,7.0,7,0.0,0.0,102.0,99.0,137.3,129.0,79.8,79.0,4.7,5.0,6,0.0,0
1.0,0.25,0.5,Arkansas,61.2,57,99,57.0,7.2,7.0,8,0.0,0.0,102.0,99.0,137.3,129.0,84.0,79.0,4.0,4.0,5,0.0,0
2.0,0.01,1.0,Pennsylvania,61.2,40,91,59.0,45.4,45.0,50,0.3,2.0,82.8,88.5,90.3,92.5,57.7,46.0,19.2,18.5,25,7.3,11
0.5,0.01,0.5,Iowa,61.2,48,86,54.0,33.5,32.5,38,0.5,2.0,70.5,72.5,75.2,74.0,48.0,28.0,73.4,75.0,80,36.2,40
0.5,0.01,2.0,New York,61.3,40,111,45.0,8.6,8.5,12,0.2,2.0,77.9,74.0,97.6,106.0,28.0,28.0,161.9,161.5,176,37.7,40
1.0,0.05,1.0,Oklahoma,61.4,54,66,63.5,30.3,30.0,36,0.2,1.0,66.3,67.0,81.6,88.0,54.1,68.0,3.7,3.5,5,4.5,8
0.5,0.05,2.0,Alabama,61.5,48,75,61.5,11.0,10.5,14,0.0,0.0,87.6,77.5,110.4,107.5,145.0,145.0,1.2222222222222223,1.0,3,0.3,1
2.0,0.05,1.0,Alabama,61.5,48,75,61.5,14.7,14.5,16,0.0,0.0,90.8,89.0,113.1,114.5,157.6,145.0,3.1,3.0,5,0.5,1
1.0,0.05,2.0,Alabama,61.5,48,75,61.5,14.5,14.5,16,0.0,0.0,84.6,77.5,104.3,89.0,201.4,145.0,2.3,2.0,3,0.7,1
2.0,0.05,2.0,Alabama,61.5,48,75,61.5,15.2,15.5,17,0.0,0.0,80.6,77.5,101.4,89.0,156.8,145.0,2.1,2.0,4,1.0,2
0.5,0.01,2.0,Michigan,61.6,49,78,63.0,31.7,31.5,37,0.3,1.0,76.3,71.0,91.8,102.0,53.8,28.0,18.5,17.0,27,17.4,22
1.0,0.01,2.0,Michigan,61.6,56,63,63.0,31.9,31.5,37,0.0,0.0,75.9,72.0,81.1,76.0,85.7,86.0,18.8,18.0,25,19.1,25
1.0,0.25,1.0,Virginia,61.7,54,65,65.0,33.4,33.5,36,0.0,0.0,69.6,69.0,75.4,75.0,109.2,106.0,5.7,5.0,10,6.0,9
0.5,0.25,1.0,Delaware,62.0,51,73,62.0,1.8,2.0,2,0.0,0.0,74.0,73.0,,,195.0,195.0,1.0,1.0,1,0.0,0
1.0,0.1,0.5,West Virginia,62.0,49,121,49.0,6.8,6.5,9,0.0,0.0,120.7,121.0,134.9,135.0,90.25,87.0,1.0,1.0,1,0.0,0
2.0,0.01,1.0,Illinois,62.0,43,85,61.0,47.1,48.0,49,0.0,0.0,86.9,95.5,96.2,98.0,95.5,119.0,15.8,16.0,20,2.7,6
1.0,0.01,2.0,Pennsylvania,62.0,40,89,59.0,44.8,45.0,50,0.9,4.0,83.6,87.0,101.1,94.5,68.2,71.0,19.3,19.5,26,7.8,13
2.0,0.25,1.0,Maine,62.2,61,73,61.0,10.0,10.0,11,0.0,0.0,86.5,86.5,131.0,119.0,251.0,251.0,1.0,1.0,1,0.0,0
1.0,0.1,0.5,Maine,62.2,61,73,61.0,8.0,8.0,10,0.0,0.0,94.6,100.0,157.4,173.0,326.0,326.0,1.0,1.0,1,0.0,0
1.0,0.05,0.5,Alabama,62.3,48,75,65.5,9.4,9.0,11,0.0,0.0,83.4,82.0,107.5,107.5,148.88888888888889,145.0,1.7777777777777777,2.0,2,0.0,0
0.5,0.05,0.5,Alabama,62.3,48,75,65.5,5.7,5.5,8,0.0,0.0,81.2,81.0,106.1,89.0,154.0,145.0,1.5714285714285714,2.0,2,0.0,0
2.0,0.01,2.0,South Dakota,62.3,46,84,62.0,43.9,44.0,46,0.0,0.0,76.4,79.0,80.5,81.5,81.4,89.0,14.3,13.0,20,2.3,5
2.0,0.1,1.0,Georgia,62.4,40,82,66.0,52.0,53.0,54,0.0,0.0,76.5,76.0,85.0,88.0,109.4,88.0,7.1,7.0,10,4.8,8
1.0,0.01,2.0,Colorado,62.4,50,71,60.0,18.9,19.0,22,0.0,0.0,74.8,71.0,84.5,82.0,28.0,28.0,28.8,26.0,40,10.0,13
0.5,0.01,0.5,Florida,62.4,46,91,59.5,9.0,9.0,11,0.0,0.0,76.9,72.0,101.2,91.0,65.6,62.0,6.5,6.0,10,10.5,14
0.5,0.05,1.0,Oklahoma,62.6,49,66,66.0,18.0,18.0,21,0.0,0.0,66.0,67.0,81.9,88.0,65.9,75.0,2.5,2.0,5,0.6,2
1.0,0.05,2.0,Utah,62.7,61,78,61.0,16.5,17.0,18,0.0,0.0,81.6,80.0,89.0,93.0,101.9,117.5,5.7,5.5,9,0.9,2
2.0,0.05,2.0,Utah,62.7,61,78,61.0,15.7,16.0,16,0.0,0.0,78.3,78.0,87.7,88.5,109.2,117.5,6.8,7.0,9,1.8,3
1.0,0.01,1.0,Michigan,62.7,55,72,63.0,31.4,31.5,37,0.4,4.0,72.9,72.0,78.8,74.5,75.5,83.0,18.8,17.0,29,18.9,24
0.5,0.25,0.5,Virginia,62.8,54,65,65.0,17.0,17.0,19,0.0,0.0,70.8,69.0,76.0,75.0,110.0,110.0,4.8,5.0,7,1.5,3
0.5,0.1,1.0,Virginia,62.8,54,65,65.0,19.4,19.5,21,0.0,0.0,73.6,75.0,78.5,79.0,130.1,117.0,4.4,4.5,7,1.6,3
0.5,0.1,2.0,Virginia,62.8,54,65,65.0,30.4,31.0,32,0.0,0.0,73.4,75.0,81.2,79.0,117.5,113.5,6.4,6.5,9,3.8,6
1.0,0.25,0.5,Virginia,62.8,54,65,65.0,29.3,29.0,33,0.0,0.0,70.4,69.0,75.7,75.0,110.5,111.0,6.8,6.0,11,3.9,6
0.5,0.25,2.0,Virginia,62.8,54,65,65.0,32.7,33.0,35,0.0,0.0,70.0,69.0,76.0,75.0,107.0,99.0,8.0,8.0,10,4.4,6
2.0,0.25,2.0,Virginia,62.8,54,65,65.0,35.4,35.5,37,0.0,0.0,68.2,69.0,74.6,75.0,105.6,99.0,7.4,7.5,10,8.5,10
2.0,0.05,0.5,Alabama,62.9,48,89,61.5,13.4,13.0,16,0.0,0.0,83.0,77.5,110.3,114.5,145.0,145.0,2.5,2.5,3,1.0,1
1.0,0.01,2.0,Nebraska,62.9,40,101,62.0,37.6,37.5,41,0.0,0.0,86.7,92.5,94.0,97.0,158.1,195.0,5.1,5.5,8,8.7,14
ALL,ALL,ALL,Oregon,62.952777777777776,45,191,48.0,18.516666666666666,19.0,23,0.0,0.0,75.54166666666667,54.0,87.5,69.0,96.58640226628896,56.0,6.433333333333334,7.0,14,3.775,9
0.5,0.25,1.0,Rhode Island,63.0,63,63,63.0,3.0,3.0,4,0.0,0.0,182.2,185.0,199.5,202.5,,,0.0,0.0,0,0.0,0
1.0,0.05,2.0,Rhode Island,63.0,63,63,63.0,3.1,3.0,4,0.0,0.0,210.2,208.0,328.6,276.0,,,0.0,0.0,0,0.0,0
1.0,0.25,0.5,Rhode Island,63.0,63,63,63.0,3.1,3.0,4,0.0,0.0,181.3,185.0,202.4,208.0,98.0,98.0,1.0,1.0,1,0.0,0
1.0,0.25,2.0,Rhode Island,63.0,63,63,63.0,3.6,4.0,4,0.0,0.0,173.9,185.0,201.2,208.0,98.0,98.0,1.0,1.0,1,0.0,0
2.0,0.25,1.0,Rhode Island,63.0,63,63,63.0,3.4,3.0,4,0.0,0.0,170.2,185.0,198.9,202.5,98.0,98.0,1.0,1.0,1,0.0,0
0.5,0.25,2.0,Rhode Island,63.0,63,63,63.0,3.2,3.0,4,0.0,0.0,179.9,185.0,211.4,208.0,98.0,98.0,1.0,1.0,1,0.0,0
0.5,0.25,0.5,Rhode Island,63.0,63,63,63.0,2.3,2.0,3,0.0,0.0,173.9,185.0,185.0,185.0,,,0.0,0.0,0,0.0,0
1.0,0.25,1.0,Rhode Island,63.0,63,63,63.0,3.1,3.0,4,0.0,0.0,181.3,185.0,205.7,208.0,98.0,98.0,1.0,1.0,1,0.0,0
2.0,0.25,2.0,Rhode Island,63.0,63,63,63.0,3.5,3.5,4,0.0,0.0,177.6,185.0,204.6,208.0,98.0,98.0,1.0,1.0,1,0.0,0
2.0,0.05,0.5,Rhode Island,63.0,63,63,63.0,2.9,3.0,4,0.0,0.0,195.1,208.0,284.75,276.0,98.0,98.0,1.0,1.0,1,0.0,0
2.0,0.25,0.5,Rhode Island,63.0,63,63,63.0,3.3,3.0,4,0.0,0.0,175.1,185.0,206.8,208.0,,,0.0,0.0,0,0.0,0
2.0,0.1,1.0,Rhode Island,63.0,63,63,63.0,3.0,3.0,3,0.0,0.0,201.1,208.0,255.6,276.0,98.0,98.0,1.0,1.0,1,0.0,0
0.5,0.1,1.0,Rhode Island,63.0,63,63,63.0,2.7,3.0,3,0.0,0.0,191.9,185.0,204.85714285714286,208.0,,,0.0,0.0,0,0.0,0
1.0,0.1,2.0,Rhode Island,63.0,63,63,63.0,3.2,3.0,4,0.0,0.0,197.7,202.5,248.8,276.0,98.0,98.0,1.0,1.0,1,0.0,0
2.0,0.1,0.5,Rhode Island,63.0,63,63,63.0,3.2,3.0,4,0.0,0.0,189.6,185.0,219.4,208.0,98.0,98.0,1.0,1.0,1,0.0,0
0.5,0.1,2.0,Rhode Island,63.0,63,63,63.0,3.3,3.0,4,0.0,0.0,180.8,185.0,228.4,208.0,,,0.0,0.0,0,0.0,0
1.0,0.1,1.0,Rhode Island,63.0,63,63,63.0,3.2,3.0,4,0.0,0.0,179.9,185.0,209.1,208.0,98.0,98.0,1.0,1.0,1,0.0,0
0.5,0.1,0.5,Rhode Island,63.0,63,63,63.0,1.7,2.0,2,0.0,0.0,185.0,185.0,,,98.0,98.0,1.0,1.0,1,0.0,0
0.5,0.01,0.5,Arizona,63.0,48,95,56.5,5.7,6.0,7,0.2,1.0,79.2,76.5,98.4,86.0,56.1,28.0,5.6,5.5,10,2.7,4
1.0,0.05,2.0,Oklahoma,63.1,49,66,66.0,36.1,36.0,38,0.1,1.0,66.3,67.0,83.8,88.0,32.7,28.0,4.4,4.0,6,5.6,8
1.0,0.01,1.0,Ohio,63.1,51,79,65.0,48.2,48.0,52,0.1,1.0,83.4,84.5,93.0,95.0,84.4,89.5,15.2,15.5,23,6.7,9
2.0,0.01,1.0,Michigan,63.1,59,72,63.0,31.8,31.5,38,1.0,5.0,76.3,72.0,90.1,89.5,68.7,78.0,19.7,18.5,27,18.7,24
2.0,0.05,1.0,New Jersey,63.2,45,70,67.0,7.8,8.0,9,0.2,2.0,70.5,70.0,93.2,77.0,44.1,28.0,8.4,8.0,14,0.2,2
0.5,0.01,0.5,Indiana,63.2,38,76,61.0,24.8,24.5,29,0.1,1.0,78.9,76.0,84.0,81.5,76.8,89.0,8.3,8.5,12,10.6,14
0.5,0.05,1.0,Utah,63.3,61,84,61.0,13.5,13.5,15,0.0,0.0,87.2,93.0,93.3,95.0,115.7,121.0,5.4,5.0,10,0.9,1
2.0,0.05,1.0,Utah,63.3,61,84,61.0,16.2,16.0,17,0.0,0.0,81.6,79.0,90.1,93.0,119.8,122.5,5.8,5.0,9,1.4,2
2.0,0.1,0.5,West Virginia,63.4,49,121,49.0,9.5,9.5,11,0.0,0.0,115.7,121.0,134.2,135.0,310.5,398.0,1.7,1.5,3,0.0,0
2.0,0.05,0.5,New Jersey,63.4,45,70,67.0,8.1,8.0,9,0.3,2.0,83.6,71.0,89.3,77.0,55.6,60.5,7.8,7.5,11,0.3,2
0.5,0.01,2.0,Pennsylvania,63.4,42,92,59.0,41.9,41.5,47,0.7,4.0,79.4,87.0,92.3,91.0,41.6,28.0,20.0,20.5,25,8.1,14
0.5,0.01,2.0,Wisconsin,63.4,38,85,65.0,42.0,43.0,44,0.5,2.0,76.0,77.5,81.5,84.5,51.4,28.0,71.8,71.0,82,19.9,26
2.0,0.01,1.0,Wisconsin,63.4,50,82,65.0,42.7,43.5,48,0.4,2.0,75.1,78.0,82.6,84.0,46.7,28.0,62.6,63.0,73,20.3,29
0.5,0.1,2.0,North Dakota,63.5,52,67,67.0,18.2,18.0,20,0.0,0.0,74.9,74.0,85.7,84.0,65.8,80.0,7.1,7.0,9,1.5,3
2.0,0.1,2.0,North Dakota,63.5,45,84,67.0,18.1,18.0,20,0.0,0.0,79.4,79.0,88.3,89.0,83.1,80.0,8.3,8.5,12,5.0,6
0.5,0.25,0.5,Georgia,63.5,40,67,66.0,32.9,33.0,36,0.0,0.0,76.5,82.0,85.7,88.0,95.1,88.0,2.5,2.0,4,5.2,6
0.5,0.1,0.5,Massachusetts,63.6,48,93,65.0,6.2,6.0,7,0.0,0.0,79.7,82.0,94.2,93.0,152.33333333333334,200.0,1.0,1.0,1,0.1,1
1.0,0.01,2.0,Arizona,63.7,33,95,65.0,7.2,8.0,9,1.0,8.0,95.6,83.5,128.2,95.0,28.0,28.0,9.6,9.0,15,3.4,8
1.0,0.01,2.0,Florida,63.8,55,85,59.5,11.9,12.5,15,0.5,5.0,81.9,84.0,110.2,105.0,58.4,28.0,19.8,20.0,24,19.6,24
0.5,0.25,1.0,Virginia,63.9,54,65,65.0,21.6,22.0,24,0.0,0.0,71.4,69.0,77.1,79.0,109.2,106.0,6.3,6.5,9,1.8,4
2.0,0.25,1.0,Virginia,63.9,54,65,65.0,34.2,34.5,38,0.0,0.0,69.2,69.0,76.0,75.0,106.2,99.0,8.4,9.0,11,8.6,12
1.0,0.05,0.5,Utah,64.0,61,84,61.0,13.5,14.0,15,0.0,0.0,84.7,86.5,90.6,94.0,121.3,121.0,5.6,6.0,7,1.7,2
2.0,0.1,0.5,North Dakota,64.0,45,74,67.0,18.1,18.0,21,0.0,0.0,78.9,84.0,89.1,94.0,89.8,80.0,7.2,7.5,10,2.7,5
2.0,0.1,1.0,North Dakota,64.0,52,67,67.0,17.1,17.0,21,0.0,0.0,76.6,74.0,85.2,89.0,81.4,80.0,8.0,8.5,11,4.4,5
1.0,0.25,1.0,Delaware,64.2,51,73,62.0,2.8,3.0,3,0.0,0.0,164.2,73.0,222.5,194.5,254.25,251.0,1.75,2.0,3,0.0,0
2.0,0.05,0.5,Utah,64.2,61,93,61.0,16.2,16.5,18,0.0,0.0,82.5,84.0,91.4,93.0,93.1,114.0,5.8,5.5,9,1.3,3
0.5,0.1,0.5,North Dakota,64.2,52,84,67.0,11.8,11.0,15,0.0,0.0,75.9,74.0,83.9,84.0,28.0,28.0,4.1,4.0,6,1.8,3
2.0,0.01,1.0,Florida,64.2,46,91,59.5,14.5,14.5,18,0.2,1.0,79.1,73.5,98.3,98.0,65.4,68.5,19.4,18.5,29,18.3,21
2.0,0.01,0.5,Pennsylvania,64.3,42,91,57.5,44.4,45.5,49,0.3,3.0,83.3,89.5,94.1,94.0,80.0,86.0,21.3,21.0,29,7.8,15
2.0,0.01,1.0,Ohio,64.4,51,96,54.5,50.8,50.5,55,0.2,1.0,81.7,75.0,93.8,96.0,67.7,88.5,16.3,16.0,27,8.3,11
2.0,0.01,1.0,Idaho,64.5,46,97,58.5,10.5,11.0,13,0.8,8.0,79.4,82.0,90.6,92.0,36.7,28.0,37.0,37.0,47,14.1,18
2.0,0.1,1.0,Maine,64.6,61,73,61.0,8.9,9.0,10,0.0,0.0,94.6,100.0,154.8,168.5,,,0.0,0.0,0,0.0,0
2.0,0.1,2.0,Virginia,64.6,54,79,65.0,32.7,33.0,36,0.0,0.0,75.0,75.0,81.2,79.0,122.4,117.0,7.2,7.0,10,7.6,9
2.0,0.25,0.5,Maine,64.9,61,100,61.0,8.8,9.0,10,0.0,0.0,89.3,73.0,126.6,100.0,251.0,251.0,1.0,1.0,1,0.0,0
0.5,0.1,1.0,Maine,64.9,61,100,61.0,6.8,7.0,8,0.0,0.0,100.1,100.0,149.3,160.0,282.5,268.0,1.0,1.0,1,0.0,0
0.5,0.1,2.0,Maine,64.9,61,100,61.0,8.1,8.0,9,0.0,0.0,102.8,100.0,153.1,160.0,326.0,326.0,1.0,1.0,1,0.0,0
1.0,0.05,1.0,Utah,64.9,61,93,61.0,15.9,16.0,18,0.0,0.0,77.9,78.0,88.9,88.5,119.5,121.0,6.3,6.5,8,1.2,2
2.0,0.01,2.0,Indiana,64.9,38,86,69.0,42.2,43.0,47,0.0,0.0,77.8,76.0,86.7,83.5,68.0,51.5,24.0,23.5,31,18.1,24
0.5,0.1,0.5,Virginia,65.0,65,65,65.0,13.9,14.0,16,0.0,0.0,77.6,79.0,82.8,82.0,121.3,121.0,3.6,3.0,6,1.1,3
0.5,0.05,2.0,Utah,65.0,61,84,61.0,15.2,15.0,18,0.0,0.0,79.3,78.0,91.4,93.0,117.8,121.0,7.6,7.5,11,1.5,3
0.5,0.25,2.0,Georgia,65.0,40,82,66.0,49.2,49.0,52,0.0,0.0,79.2,82.0,87.4,88.0,140.4,147.0,3.5,3.0,6,5.9,7
1.0,0.1,2.0,Virginia,65.0,65,65,65.0,30.5,30.5,33,0.0,0.0,76.0,75.0,81.3,79.0,122.2,121.0,7.5,7.5,10,7.8,10
1.0,0.25,2.0,Virginia,65.0,65,65,65.0,34.4,35.0,37,0.0,0.0,71.4,69.0,77.4,79.0,107.0,99.0,8.1,8.0,12,8.2,11
2.0,0.1,1.0,Virginia,65.0,65,65,65.0,31.3,31.5,32,0.0,0.0,75.4,75.0,80.5,79.0,114.1,117.0,7.5,7.5,10,8.2,10
0.5,0.01,0.5,Oklahoma,65.1,49,67,67.0,5.1,5.0,7,0.0,0.0,88.6,88.0,117.9,103.0,69.33333333333333,85.0,1.1666666666666667,1.0,2,0.0,0
2.0,0.01,0.5,Wisconsin,65.1,38,85,65.0,42.9,42.5,49,0.4,2.0,76.2,82.0,83.8,87.0,45.7,28.0,68.3,67.5,80,19.8,29
0.5,0.01,2.0,Tennessee,65.2,40,122,59.0,22.1,23.0,25,0.4,2.0,124.8,135.5,152.7,173.0,89.1,65.0,10.1,10.0,19,5.6,10
0.5,0.01,0.5,Pennsylvania,65.2,42,110,62.0,32.4,33.5,35,0.8,5.0,83.0,88.0,95.3,96.5,108.3,113.0,9.2,8.0,15,6.6,11
2.0,0.01,1.0,Indiana,65.2,44,75,66.0,41.4,41.0,48,0.0,0.0,75.8,76.0,82.2,82.0,57.5,51.0,24.7,25.5,30,17.2,21
1.0,0.01,0.5,Wisconsin,65.2,50,88,58.0,41.2,42.0,47,0.7,2.0,80.0,83.0,84.7,86.0,41.8,28.0,62.1,62.0,73,20.1,26
1.0,0.25,0.5,Delaware,65.3,51,73,67.5,2.1,2.0,3,0.0,0.0,142.88888888888889,73.0,280.0,280.0,195.0,195.0,1.0,1.0,1,0.0,0
2.0,0.25,1.0,Delaware,65.3,51,73,67.5,3.0,3.0,3,0.0,0.0,156.9,77.0,350.8,349.5,251.0,251.0,1.125,1.0,2,0.0,0
0.5,0.25,0.5,Delaware,65.3,51,73,73.0,1.6,1.5,3,0.0,0.0,74.6,73.0,81.0,81.0,,,0.0,0.0,0,0.0,0
2.0,0.25,2.0,Delaware,65.3,51,73,67.5,2.9,3.0,3,0.0,0.0,117.4,77.0,321.1111111111111,283.0,264.875,251.0,1.5,1.0,3,0.0,0
2.0,0.25,0.5,Delaware,65.3,51,73,62.0,2.8,3.0,3,0.0,0.0,156.4,73.0,316.125,283.0,239.8,251.0,1.3,1.0,2,0.0,0
0.5,0.1,2.0,Delaware,65.3,51,73,67.5,2.6,3.0,3,0.0,0.0,199.3,190.5,299.5,308.0,225.7,236.5,1.4,1.0,2,0.0,0
1.0,0.1,0.5,Virginia,65.3,54,79,65.0,27.2,27.0,30,0.0,0.0,75.7,77.0,82.6,80.5,122.7,121.0,6.5,7.0,9,2.7,4
1.0,0.1,1.0,Virginia,65.3,54,79,65.0,30.0,30.0,32,0.0,0.0,76.1,77.0,80.8,80.5,113.9,121.0,5.8,5.5,9,5.1,6
2.0,0.05,1.0,Virginia,65.3,54,79,65.0,30.3,30.5,32,0.0,0.0,78.2,79.0,88.7,87.5,144.8,126.0,7.3,7.0,9,6.1,8
0.5,0.25,2.0,Arkansas,65.4,57,99,57.0,10.0,10.0,11,0.0,0.0,105.0,99.0,135.8,129.0,82.1,79.0,3.6,3.5,5,0.2,2
2.0,0.25,2.0,Arkansas,65.4,57,99,57.0,16.0,16.0,17,0.0,0.0,105.0,99.0,130.4,129.0,84.4,79.0,4.7,5.0,6,0.2,1
0.5,0.1,1.0,North Dakota,65.5,52,67,67.0,13.9,14.0,17,0.0,0.0,76.3,74.0,82.0,79.5,71.7,80.0,3.9,4.0,6,2.0,3
2.0,0.01,0.5,Ohio,65.5,44,97,51.0,49.2,48.5,54,0.1,1.0,82.4,88.5,98.5,104.0,72.4,65.0,16.0,16.0,23,6.0,10
ALL,ALL,ALL,New Jersey,65.68055555555556,43,255,45.0,6.761111111111111,7.0,10,0.2861111111111111,2.0,87.05277777777778,70.0,117.26183844011142,77.0,73.77428571428571,46.0,9.528571428571428,9.0,21,0.8361111111111111,2
0.5,0.1,0.5,Georgia,65.7,40,88,66.0,26.9,27.0,29,0.0,0.0,83.8,85.0,87.9,90.0,106.375,88.0,1.7,2.0,3,4.4,5
2.0,0.1,0.5,Georgia,65.7,40,88,66.0,47.6,48.0,51,0.0,0.0,80.2,79.0,86.8,88.0,123.2,122.5,5.7,6.0,8,5.0,7
0.5,0.01,1.0,Idaho,65.8,42,107,65.0,7.8,7.5,12,2.1,12.0,83.8,79.0,107.2,103.5,35.4,28.0,26.8,26.5,33,12.2,16
1.0,0.01,1.0,Vermont,65.9,45,117,64.0,10.1,10.5,12,0.3,1.0,89.6,81.0,112.0,111.0,111.9,96.0,8.6,9.5,10,3.4,5
1.0,0.01,2.0,Indiana,65.9,38,77,69.0,42.8,42.0,49,0.1,1.0,75.7,76.0,88.1,90.0,59.4,28.0,26.3,27.0,31,15.6,19
1.0,0.05,0.5,Virginia,66.0,65,75,65.0,22.9,23.5,24,0.0,0.0,77.5,79.0,88.3,84.0,149.9,161.0,4.7,5.0,7,2.7,5
0.5,0.01,0.5,Nebraska,66.0,40,93,63.0,19.4,19.5,24,0.0,0.0,86.4,91.5,95.2,97.0,134.0,89.0,1.5,1.5,3,3.3,7
1.0,0.01,0.5,Pennsylvania,66.0,40,108,59.0,39.3,39.5,44,0.4,2.0,81.5,87.5,85.9,89.5,54.1,44.0,17.1,16.0,26,6.9,10
2.0,0.1,0.5,Virginia,66.0,65,75,65.0,30.6,30.5,33,0.0,0.0,75.6,75.0,80.6,79.0,106.9,101.0,6.7,7.0,9,8.0,12
0.5,0.25,1.0,Maine,66.1,61,100,61.0,6.9,7.0,8,0.0,0.0,100.1,100.0,137.8,138.0,305.0,305.0,1.0,1.0,1,0.0,0
2.0,0.1,0.5,Maine,66.1,61,100,61.0,8.1,8.0,9,0.0,0.0,101.0,100.0,163.6,182.0,251.0,251.0,1.0,1.0,1,0.0,0
1.0,0.01,0.5,Idaho,66.1,42,97,67.0,10.7,11.0,14,1.0,4.0,89.3,98.5,99.6,110.0,35.6,28.0,28.7,28.5,35,11.4,16
0.5,0.01,1.0,Indiana,66.1,61,86,61.0,31.6,32.0,35,0.0,0.0,76.4,75.0,81.5,76.0,100.1,98.0,14.6,14.5,19,12.8,18
0.5,0.1,1.0,West Virginia,66.2,49,135,49.0,5.5,6.0,8,0.0,0.0,119.0,121.0,136.66666666666666,135.0,87.0,87.0,1.1666666666666667,1.0,2,0.0,0
1.0,0.1,2.0,North Dakota,66.2,52,74,67.0,18.2,18.0,22,0.0,0.0,79.4,79.5,87.1,89.0,89.4,80.0,8.0,8.5,13,4.6,7
2.0,0.01,2.0,Oklahoma,66.3,61,67,67.0,26.1,26.0,30,0.0,0.0,84.9,88.0,111.3,103.0,46.1,28.0,5.9,5.0,12,4.5,7
0.5,0.01,2.0,Nebraska,66.3,41,97,64.5,36.3,36.5,41,0.1,1.0,77.6,74.5,84.8,87.0,135.8,139.5,3.2,3.0,5,5.2,8
0.5,0.01,2.0,Ohio,66.3,45,97,51.0,47.1,47.0,53,0.1,1.0,80.6,85.0,93.5,95.0,68.2,78.0,13.7,14.0,17,6.3,10
1.0,0.05,2.0,Virginia,66.3,54,79,65.0,29.7,30.0,32,0.0,0.0,78.1,79.0,86.7,89.0,124.2,121.0,7.6,7.5,11,6.5,10
1.0,0.25,2.0,Delaware,66.4,51,73,67.5,2.5,2.5,3,0.0,0.0,137.3,77.0,282.4,283.0,251.0,251.0,1.4,1.0,3,0.0,0
0.5,0.25,2.0,Delaware,66.4,51,73,73.0,2.6,3.0,3,0.0,0.0,224.5,180.5,410.0,410.0,238.55555555555554,251.0,1.4444444444444444,1.0,2,0.0,0
1.0,0.1,1.0,Montana,66.4,53,120,53.0,9.3,9.5,11,0.0,0.0,141.6,120.0,205.2,256.0,139.8,114.0,2.0,2.0,3,0.9,1
0.5,0.05,1.0,Virginia,66.4,65,79,65.0,17.5,18.0,20,0.0,0.0,77.8,79.0,84.6,85.5,110.3,107.0,5.5,6.0,8,1.3,3
2.0,0.05,0.5,Virginia,66.4,65,79,65.0,28.4,28.0,31,0.0,0.0,78.5,79.0,88.5,85.5,121.8,121.0,5.7,6.0,8,7.2,11
1.0,0.01,2.0,Idaho,66.5,42,97,67.0,9.8,9.5,15,0.8,4.0,86.9,84.5,100.4,97.5,34.7,28.0,34.6,33.5,49,14.0,18
1.0,0.01,0.5,Indiana,66.5,55,81,61.0,31.2,31.5,36,0.0,0.0,74.0,76.0,81.9,76.0,79.0,81.0,16.2,16.0,21,14.9,20
1.0,0.01,2.0,Oklahoma,66.7,66,67,67.0,25.0,25.0,28,0.0,0.0,82.7,88.0,116.1,114.0,34.7,28.0,4.1,3.5,7,1.8,4
2.0,0.01,0.5,Oklahoma,66.7,66,67,67.0,22.8,23.0,28,0.0,0.0,89.6,88.0,103.7,103.0,68.4,28.0,3.3,3.0,7,2.3,4
1.0,0.01,0.5,Florida,66.7,55,91,55.0,13.1,13.0,16,0.1,1.0,84.9,79.5,101.7,103.5,104.4,98.5,11.2,10.0,15,14.5,17
1.0,0.01,1.0,Oklahoma,66.8,66,67,67.0,19.5,19.5,23,0.0,0.0,83.2,88.0,110.3,103.0,78.8,28.0,2.8,2.0,6,1.4,3
2.0,0.01,0.5,Idaho,66.9,42,94,70.0,9.7,10.0,12,1.2,4.0,83.4,87.5,97.9,98.0,28.0,28.0,38.6,38.5,48,13.6,16
1.0,0.1,2.0,Massachusetts,67.0,49,88,65.5,8.5,8.5,9,0.0,0.0,81.3,82.5,94.8,93.0,200.0,200.0,1.25,1.0,3,0.1,1
0.5,0.01,2.0,Oklahoma,67.0,67,67,67.0,19.3,19.0,26,0.0,0.0,86.1,88.0,115.0,103.0,114.3,28.0,2.7,2.0,6,1.6,4
1.0,0.05,1.0,Virginia,67.0,54,79,65.0,27.1,27.0,31,0.0,0.0,78.1,79.0,90.0,89.0,153.0,137.5,4.3,4.5,6,4.1,7
2.0,0.01,2.0,Ohio,67.1,51,84,70.0,49.1,48.5,56,0.0,0.0,83.4,84.0,92.9,95.0,89.1,102.0,16.2,15.0,22,8.4,11
2.0,0.05,2.0,Maine,67.3,61,100,61.0,8.6,8.5,10,0.0,0.0,111.0,100.0,168.6,185.5,322.0,322.0,1.25,1.0,2,0.0,0
0.5,0.1,0.5,Maine,67.3,61,100,61.0,3.8,4.0,5,0.0,0.0,108.2,100.0,180.77777777777777,182.0,,,0.0,0.0,0,0.0,0
1.0,0.1,2.0,Georgia,67.3,40,88,66.0,51.5,51.0,55,0.0,0.0,79.0,82.0,87.6,88.0,106.8,88.0,7.0,6.5,10,4.3,6
0.5,0.1,2.0,West Virginia,67.5,49,135,49.0,8.0,8.0,10,0.0,0.0,122.1,121.0,148.1,135.0,211.0,129.5,1.3333333333333333,1.0,3,0.0,0
1.0,0.01,1.0,Idaho,67.6,42,105,60.0,10.9,11.0,13,0.4,2.0,78.6,79.0,88.8,92.5,38.6,28.0,35.1,34.0,46,12.3,15
0.5,0.01,1.0,California,67.6,43,101,68.0,3.1,3.0,5,11.625,24.0,109.75,105.5,149.5,139.0,32.7,28.0,53.1,52.0,69,28.2,32
0.5,0.1,2.0,Massachusetts,68.1,48,93,65.0,7.6,8.0,9,0.0,0.0,81.9,88.0,92.3,93.0,164.25,200.0,1.0,1.0,2,0.5,2
2.0,0.1,2.0,Massachusetts,68.2,49,93,65.0,7.7,8.0,9,0.1,1.0,84.5,88.0,96.0,93.0,204.55555555555554,200.0,1.4,1.5,2,0.4,1
0.5,0.05,0.5,Virginia,68.2,65,79,65.0,10.5,10.5,13,0.0,0.0,79.9,79.0,90.9,89.0,158.1,170.0,2.0,1.5,4,0.8,2
1.0,0.1,1.0,Georgia,68.4,40,82,66.5,46.4,46.0,52,0.0,0.0,83.4,85.0,90.0,90.0,133.7,151.5,4.0,4.0,6,4.9,7
2.0,0.1,1.0,Delaware,68.6,51,73,73.0,2.7,3.0,3,0.0,0.0,159.1,81.0,361.7142857142857,416.0,218.625,195.0,2.375,2.5,5,0.0,0
1.0,0.1,0.5,Delaware,68.6,51,73,73.0,1.4,1.0,3,0.0,0.0,75.66666666666667,73.0,280.0,280.0,193.0,195.0,1.0,1.0,1,0.0,0
1.0,0.1,2.0,Delaware,68.6,51,73,73.0,2.4,2.0,3,0.0,0.0,219.7,283.0,317.5,283.0,225.33333333333334,251.0,2.2222222222222223,2.0,3,0.0,0
1.0,0.1,1.0,Massachusetts,68.6,48,98,65.0,8.2,8.0,9,0.0,0.0,84.9,88.0,94.5,93.0,185.7,200.0,1.7,2.0,2,0.2,1
2.0,0.01,0.5,Indiana,68.6,55,76,70.0,42.1,42.0,46,0.1,1.0,79.7,76.0,87.5,87.5,55.5,28.0,23.4,23.0,28,15.1,19
1.0,0.1,2.0,Maine,68.8,61,100,61.0,9.2,9.0,11,0.0,0.0,108.3,100.0,156.1,182.0,251.0,251.0,1.5,1.5,2,0.0,0
1.0,0.1,1.0,Maine,68.8,61,100,61.0,8.4,8.0,10,0.0,0.0,103.8,100.0,149.9,182.0,251.0,251.0,1.0,1.0,1,0.0,0
2.0,0.01,1.0,Nebraska,68.8,52,97,66.0,39.1,39.5,43,0.0,0.0,73.9,68.5,88.6,84.5,166.6,195.0,3.4,3.5,5,7.7,13
1.0,0.01,1.0,Indiana,69.0,61,81,69.0,39.0,40.5,44,0.0,0.0,78.0,76.0,85.1,86.0,52.8,28.0,21.9,21.5,28,16.1,20
0.5,0.01,2.0,California,69.0,43,97,68.0,4.9,5.0,8,12.6,31.0,127.5,102.0,191.11111111111111,129.0,28.0,28.0,55.7,56.0,69,30.4,33
2.0,0.05,2.0,Virginia,69.1,54,79,65.0,30.1,30.0,32,0.0,0.0,81.0,79.0,88.8,89.0,126.1,99.0,7.6,7.5,10,6.3,9
1.0,0.01,2.0,Wisconsin,69.2,46,85,75.0,43.1,44.5,50,0.3,2.0,82.5,83.5,86.8,86.5,52.9,28.0,69.5,67.5,83,20.5,27
2.0,0.01,1.0,California,69.3,43,110,68.0,5.5,5.0,10,15.3,27.0,113.1,107.0,224.2,177.0,28.0,28.0,56.4,56.0,67,29.4,32
ALL,ALL,ALL,Utah,69.31388888888888,61,128,61.0,14.65,15.0,18,0.025,1.0,81.85555555555555,78.0,90.925,84.0,113.73611111111111,121.0,6.002777777777778,6.0,13,1.325,4
1.0,0.1,2.0,West Virginia,69.4,49,121,49.0,10.4,10.0,12,0.0,0.0,122.7,124.5,137.6,135.0,273.6,398.0,1.8,2.0,3,0.0,0
0.5,0.25,0.5,Arkansas,69.6,57,99,57.0,2.7,3.0,3,0.0,0.0,108.0,99.0,129.0,129.0,90.5,90.5,2.7,3.0,4,0.0,0
1.0,0.25,2.0,Arkansas,69.6,57,99,57.0,14.2,14.0,15,0.0,0.0,108.0,99.0,131.1,129.0,88.6,90.5,4.0,4.0,5,0.3,1
2.0,0.25,1.0,Arkansas,69.6,57,99,57.0,16.1,16.0,17,0.0,0.0,108.0,99.0,131.1,129.0,90.5,90.5,3.3,3.0,5,0.3,1
1.0,0.01,1.0,Illinois,69.6,43,98,74.0,43.6,43.0,48,0.0,0.0,83.6,84.0,93.2,98.0,93.1,107.0,12.8,13.0,18,2.7,5
0.5,0.1,1.0,Delaware,69.7,51,73,73.0,1.3,1.0,2,0.0,0.0,75.66666666666667,73.0,,,193.83333333333334,195.0,1.1666666666666667,1.0,2,0.0,0
2.0,0.1,2.0,Delaware,69.7,51,73,73.0,2.4,2.0,3,0.0,0.0,240.7,283.0,303.75,353.5,229.11111111111111,251.0,1.8888888888888888,2.0,2,0.0,0
2.0,0.01,0.5,Vermont,69.7,56,108,67.0,10.9,10.5,13,0.1,1.0,90.4,93.0,106.9,109.5,97.8,93.5,10.5,11.5,15,2.9,5
2.0,0.05,0.5,Massachusetts,69.8,49,93,65.0,7.9,8.0,9,0.0,0.0,93.1,90.5,104.9,106.0,200.77777777777777,200.0,1.6666666666666667,2.0,2,0.0,0
2.0,0.01,2.0,Idaho,69.8,42,94,67.0,12.3,11.5,17,0.7,2.0,87.0,91.0,101.2,100.0,33.2,28.0,33.3,33.0,38,12.0,16
1.0,0.01,0.5,Ohio,69.9,51,96,66.5,42.5,43.0,45,0.2,1.0,88.0,95.0,95.8,96.0,81.2,78.0,12.6,13.5,18,5.2,7
2.0,0.01,0.5,California,70.0,43,100,68.0,4.0,4.0,5,15.5,33.0,142.4,103.0,217.77777777777777,154.0,28.0,28.0,56.7,57.5,68,31.2,34
0.5,0.01,1.0,Oklahoma,70.1,66,83,67.0,10.3,10.0,13,0.0,0.0,93.0,88.0,139.6,146.0,274.85714285714283,348.0,1.2857142857142858,1.0,2,0.1,1
0.5,0.01,0.5,Illinois,70.1,43,98,76.0,30.1,29.5,37,0.0,0.0,91.2,98.0,94.0,98.0,130.1,133.5,5.6,5.0,11,1.0,3
ALL,ALL,ALL,Virginia,70.15,54,160,65.0,24.844444444444445,27.0,38,0.0,0.0,83.80277777777778,79.0,97.69722222222222,82.0,134.4173669467787,121.0,5.815642458100559,6.0,12,4.041666666666667,12
1.0,0.01,2.0,Illinois,70.2,44,98,74.0,45.7,45.5,51,0.0,0.0,94.6,98.0,96.7,98.0,90.4,107.0,16.7,16.5,23,2.4,4
0.5,0.01,2.0,Idaho,70.3,42,107,60.0,10.5,10.5,14,0.7,3.0,82.9,83.0,95.3,98.5,28.0,28.0,34.6,35.0,43,13.1,15
0.5,0.05,2.0,Virginia,70.4,65,79,69.0,26.6,27.5,30,0.0,0.0,78.4,79.0,87.0,85.5,129.1,121.0,5.7,5.0,9,3.3,6
2.0,0.01,2.0,Wisconsin,70.4,51,90,74.5,42.5,44.0,51,0.4,2.0,80.0,86.0,84.6,86.5,58.7,56.5,67.1,66.5,79,21.7,29
1.0,0.1,1.0,Delaware,70.6,51,82,73.0,2.4,2.0,3,0.0,0.0,225.4,281.5,357.0,362.0,231.4,223.0,2.1,2.0,3,0.0,0
2.0,0.01,1.0,Oklahoma,70.6,66,88,67.0,24.0,23.5,29,0.0,0.0,88.9,88.0,109.7,103.0,55.1,28.0,4.6,4.5,8,2.0,3
2.0,0.1,1.0,Massachusetts,70.8,49,88,65.0,8.0,8.0,9,0.1,1.0,89.1,93.0,100.4,99.0,220.5,220.5,1.4,1.0,3,0.1,1
1.0,0.01,1.0,Wisconsin,70.9,50,85,71.0,42.0,42.0,46,0.2,1.0,80.2,84.5,82.4,85.5,34.8,28.0,65.0,65.0,76,20.2,24
2.0,0.01,2.0,Vermont,71.1,56,131,66.5,10.9,11.0,13,0.2,1.0,99.4,108.0,109.5,114.5,106.1,96.0,9.5,10.0,12,2.7,5
0.5,0.01,0.5,Wisconsin,71.1,50,85,72.0,35.6,36.5,41,0.5,2.0,82.4,84.0,86.7,86.0,34.9,28.0,49.1,48.5,61,20.9,25
1.0,0.01,1.0,California,71.3,43,97,78.5,5.0,5.0,8,12.2,31.0,142.5,101.5,203.44444444444446,165.0,28.0,28.0,58.6,56.5,78,29.8,32
2.0,0.1,0.5,Massachusetts,71.4,48,93,65.0,8.2,8.0,9,0.0,0.0,87.9,90.5,98.5,94.0,189.8,200.0,1.4,1.0,2,0.2,1
0.5,0.1,1.0,Georgia,71.4,66,88,66.0,34.5,34.0,39,0.0,0.0,86.0,88.0,90.4,92.0,129.5,117.0,2.6,2.5,7,4.9,7
0.5,0.01,1.0,Wisconsin,71.4,65,81,72.0,39.9,40.5,44,0.1,1.0,80.0,84.0,83.6,86.0,54.4,28.0,57.6,58.0,65,18.3,24
0.5,0.05,1.0,Delaware,71.7,51,82,73.0,1.1,1.0,2,0.0,0.0,73.0,73.0,,,195.0,195.0,1.0,1.0,1,0.0,0
2.0,0.1,1.0,West Virginia,71.9,49,121,49.0,10.7,10.5,12,0.0,0.0,123.1,121.0,132.9,135.0,242.5,242.5,1.7,2.0,3,0.0,0
0.5,0.05,2.0,Georgia,72.0,40,88,77.5,39.8,40.5,43,0.0,0.0,88.8,90.0,92.0,92.0,157.66666666666666,108.0,2.3,2.0,6,2.9,7
1.0,0.01,1.0,Florida,72.3,55,105,64.0,11.2,11.0,13,0.0,0.0,88.4,91.0,108.4,115.5,71.4,62.0,16.8,17.5,21,20.3,23
ALL,ALL,ALL,Alabama,72.40277777777777,48,406,48.0,10.955555555555556,11.0,20,0.0028328611898017,1.0,108.75920679886686,75.0,131.87941176470588,89.0,163.40689655172415,145.0,1.6915254237288135,2.0,5,0.43333333333333335,2
0.5,0.05,1.0,North Dakota,72.5,67,98,67.0,12.1,12.0,13,0.0,0.0,91.1,94.0,98.7,102.0,73.1,80.0,3.5,3.0,7,1.8,3
2.0,0.1,2.0,Georgia,72.5,66,88,66.5,53.2,54.0,55,0.0,0.0,81.8,79.0,86.8,88.0,112.5,88.0,6.8,7.0,8,4.9,6
2.0,0.1,0.5,Delaware,72.7,62,81,73.0,2.3,2.0,3,0.0,0.0,201.4,283.0,370.6666666666667,416.0,223.0,223.0,2.1,2.0,3,0.0,0
2.0,0.1,2.0,Maine,72.7,61,100,61.0,9.2,9.0,11,0.0,0.0,117.4,100.0,165.8,182.0,251.0,251.0,0.75,1.0,1,0.1,1
1.0,0.01,0.5,Oklahoma,72.7,66,88,67.0,13.3,13.0,19,0.0,0.0,94.2,88.0,115.7,103.0,65.0,28.0,2.0,1.0,4,0.2,2
2.0,0.01,2.0,Nebraska,72.7,54,97,68.0,40.0,40.0,43,0.0,0.0,85.1,92.5,91.1,99.0,178.5,195.0,4.4,4.5,7,9.1,11
0.5,0.01,0.5,California,72.9,43,126,68.0,3.0,2.5,6,10.25,27.0,113.5,106.5,122.6,116.0,36.2,28.0,41.5,42.0,56,25.3,29
0.5,0.1,0.5,Delaware,73.0,73,73,73.0,1.0,1.0,1,,,,,,,,,0.0,0.0,0,0.0,0
0.5,0.05,1.0,Montana,73.1,53,120,53.0,3.1,3.0,4,0.0,0.0,155.2,120.0,199.42857142857142,256.0,146.25,114.0,1.125,1.0,2,0.1,1
2.0,0.1,1.0,Montana,73.1,53,120,53.0,11.5,12.0,13,0.0,0.0,127.7,120.0,203.5,217.0,156.5,114.0,3.2,3.5,4,1.0,1
0.5,0.01,0.5,Idaho,73.2,42,113,67.0,7.3,6.5,11,0.4,3.0,85.1,83.5,96.0,95.5,50.1,28.0,20.9,22.0,28,10.3,13
0.5,0.1,0.5,West Virginia,73.3,49,121,49.0,4.5,4.0,6,0.0,0.0,128.0,128.0,140.6,138.5,101.16666666666667,87.0,1.0,1.0,1,0.0,0
1.0,0.05,1.0,North Dakota,73.5,67,94,70.5,15.6,16.0,18,0.0,0.0,90.0,89.0,96.9,99.0,102.3,80.0,7.0,8.0,9,3.7,5
2.0,0.1,0.5,Arkansas,73.8,57,99,57.0,12.8,13.0,14,0.0,0.0,111.0,99.0,132.5,132.5,86.3,79.0,5.2,5.5,7,0.4,1
1.0,0.05,2.0,Delaware,73.9,73,82,73.0,2.0,2.0,2,0.0,0.0,283.0,283.0,,,225.8,195.0,1.8,2.0,3,0.0,0
1.0,0.01,0.5,Illinois,73.9,43,98,81.0,36.8,37.0,40,0.0,0.0,93.1,98.0,98.6,98.0,96.0,104.0,11.0,10.5,16,2.5,6
0.5,0.01,1.0,Vermont,73.9,56,102,67.0,10.1,10.0,13,0.0,0.0,91.4,102.0,116.6,121.0,86.3,96.0,6.9,6.5,10,2.6,5
2.0,0.05,2.0,North Dakota,74.0,52,94,70.5,16.2,16.5,19,0.0,0.0,86.1,94.0,96.3,99.0,109.7,80.0,8.1,7.0,11,4.9,7
1.0,0.05,0.5,North Dakota,74.1,52,102,67.0,13.1,13.0,16,0.0,0.0,90.5,98.0,98.9,101.0,58.7,54.0,5.6,5.0,9,2.0,3
0.5,0.01,1.0,Pennsylvania,74.1,42,102,73.5,37.2,36.5,41,0.0,0.0,82.5,87.0,94.2,91.5,83.8,106.5,14.9,14.5,23,6.9,13
2.0,0.05,2.0,Massachusetts,74.3,49,104,71.0,7.8,8.0,9,0.0,0.0,95.7,93.0,105.6,108.0,216.5,200.0,1.5,1.0,3,0.1,1
2.0,0.05,1.0,North Dakota,74.4,67,99,70.5,16.9,17.0,20,0.0,0.0,88.4,84.0,98.6,100.0,67.6,28.0,8.6,8.5,11,4.4,7
1.0,0.1,0.5,Georgia,74.4,66,88,67.0,39.6,40.0,42,0.0,0.0,85.3,88.0,89.8,92.0,142.6,157.0,3.4,3.5,4,4.8,7
1.0,0.05,0.5,Delaware,74.8,73,82,73.0,1.0,1.0,1,,,,,,,195.0,195.0,1.25,1.0,2,0.0,0
1.0,0.1,0.5,Massachusetts,74.8,65,88,69.0,7.5,7.5,8,0.0,0.0,90.8,90.5,99.0,100.5,200.0,200.0,1.0,1.0,1,0.0,0
ALL,ALL,ALL,North Dakota,74.90277777777777,45,175,67.0,14.844444444444445,16.0,23,0.019444444444444445,2.0,90.71944444444445,84.0,102.625,94.0,80.18888888888888,80.0,6.05,6.0,13,3.075,9
0.5,0.05,2.0,Rhode Island,75.2,63,185,63.0,3.0,3.0,4,0.0,0.0,208.8,208.0,282.77777777777777,276.0,,,0.0,0.0,0,0.0,0
2.0,0.1,2.0,Rhode Island,75.2,63,185,63.0,3.1,3.0,4,0.0,0.0,190.5,185.0,228.9,208.0,98.0,98.0,1.0,1.0,1,0.0,0
0.5,0.05,2.0,Delaware,75.3,51,82,77.5,2.4,2.0,3,0.0,0.0,334.5,396.0,417.0,424.0,212.5,195.0,2.375,3.0,3,0.0,0
0.5,0.01,0.5,Ohio,75.4,48,108,78.5,26.6,25.5,35,0.0,0.0,91.9,96.0,96.4,99.5,89.2,97.0,7.6,7.5,11,3.0,7
2.0,0.05,1.0,Delaware,75.5,62,82,73.0,2.4,2.0,3,0.0,0.0,242.7,283.0,388.75,424.0,202.6,195.0,2.2,2.5,3,0.0,0
1.0,0.05,2.0,North Dakota,75.6,52,102,67.0,16.2,16.0,19,0.0,0.0,95.3,96.5,104.0,102.0,133.1,108.5,5.7,5.0,10,5.3,7
2.0,0.01,1.0,Tennessee,75.6,57,152,59.0,31.0,31.0,36,0.6,2.0,117.0,118.0,136.1,131.0,43.0,28.0,14.8,13.5,22,8.5,13
0.5,0.1,2.0,Georgia,75.9,66,88,74.5,44.6,45.0,48,0.0,0.0,86.5,88.0,90.6,92.0,105.3,94.5,4.9,5.0,8,4.5,6
2.0,0.01,1.0,Washington,76.0,39,105,79.0,11.0,11.0,16,0.4,3.0,90.5,92.0,100.5,97.0,59.4,28.0,17.6,18.5,21,11.1,14
0.5,0.05,0.5,North Dakota,76.4,52,101,79.0,9.2,8.5,13,0.0,0.0,90.2,94.5,95.1,99.5,28.0,28.0,3.1,3.0,5,2.0,3
2.0,0.05,0.5,North Dakota,76.4,67,94,78.0,16.0,16.0,18,0.0,0.0,92.6,94.0,99.9,100.0,96.7,80.0,6.5,6.0,8,3.5,6
2.0,0.01,2.0,Illinois,76.4,43,98,84.0,47.8,48.0,51,0.0,0.0,91.7,98.0,97.6,98.0,104.7,111.5,17.9,18.5,22,3.6,8
0.5,0.05,0.5,Rhode Island,76.55555555555556,63,185,63.0,1.4444444444444444,1.0,2,0.0,0.0,175.75,185.0,,,98.0,98.0,1.0,1.0,1,0.0,0
2.0,0.05,1.0,Maine,76.6,61,100,61.0,8.4,8.0,10,0.0,0.0,127.4,100.0,166.2,182.0,303.8,326.0,1.2,1.0,2,0.0,0
2.0,0.01,2.0,Tennessee,76.8,40,140,58.0,32.5,33.0,36,0.1,1.0,112.4,107.0,148.9,154.0,82.7,28.0,19.2,18.0,29,8.1,11
1.0,0.01,2.0,Ohio,77.0,51,130,70.5,50.8,51.0,54,0.2,1.0,98.8,96.0,106.2,98.5,75.3,81.5,15.7,15.0,22,7.9,10
0.5,0.05,0.5,Delaware,77.2,73,88,73.0,1.0,1.0,1,,,,,,,,,0.0,0.0,0,0.0,0
0.5,0.01,2.0,Missouri,77.2,48,103,86.0,56.4,56.0,62,0.0,0.0,93.6,96.0,102.0,103.0,105.4,109.5,4.9,5.0,7,2.9,5
2.0,0.05,0.5,Delaware,77.3,73,82,77.0,2.0,2.0,2,0.0,0.0,242.4,283.0,,,226.5,195.0,1.875,1.5,4,0.0,0
1.0,0.1,0.5,Rhode Island,77.5,63,208,63.0,2.9,3.0,4,0.0,0.0,195.0,185.0,223.625,208.0,,,0.0,0.0,0,0.0,0
1.0,0.01,1.0,Nebraska,77.8,52,101,74.0,34.3,34.0,38,0.0,0.0,90.2,97.0,98.8,101.0,199.9,195.0,2.4,2.5,4,5.2,10
1.0,0.25,1.0,Arkansas,78.0,57,99,78.0,10.3,10.0,12,0.0,0.0,114.0,114.0,132.5,132.5,90.5,90.5,4.3,4.0,7,0.2,1
2.0,0.25,0.5,Arkansas,78.0,57,99,78.0,13.5,13.5,15,0.0,0.0,114.0,114.0,132.5,132.5,89.0,102.0,4.7,4.5,7,0.5,1
1.0,0.05,2.0,West Virginia,78.3,49,135,60.0,8.3,8.0,10,0.0,0.0,132.1,135.0,172.3,155.0,209.6,172.0,2.6,2.0,5,0.0,0
0.5,0.01,1.0,Florida,78.3,55,115,68.0,11.9,12.0,14,0.1,1.0,91.1,91.0,108.8,105.0,91.3,100.5,9.1,9.0,12,12.8,15
0.5,0.01,0.5,Vermont,78.6,56,139,67.0,8.8,8.5,12,0.0,0.0,99.8,87.5,122.9,127.0,109.5,93.5,5.9,6.5,10,2.8,5
0.5,0.05,0.5,Georgia,78.7,66,88,85.0,21.4,21.5,24,0.0,0.0,87.3,90.0,92.0,92.0,133.57142857142858,88.0,1.3,1.0,4,2.8,5
1.0,0.01,1.0,Tennessee,78.7,40,140,85.0,25.1,25.0,31,0.4,2.0,133.5,144.5,148.8,163.0,130.8,114.5,8.3,8.0,13,5.7,10
1.0,0.01,0.5,California,78.7,43,100,90.0,4.3,4.0,8,8.5,22.0,105.3,102.5,195.85714285714286,233.0,35.3,28.0,53.0,51.5,70,28.0,32
1.0,0.05,1.0,Delaware,79.0,62,118,73.0,2.2,2.0,3,0.0,0.0,263.9,283.0,366.0,366.0,222.88888888888889,222.0,1.8888888888888888,2.0,3,0.0,0
ALL,ALL,ALL,Georgia,79.03611111111111,40,163,82.0,38.17777777777778,41.0,60,0.016666666666666666,3.0,94.46666666666667,88.0,103.325,92.0,154.09324758842445,114.0,4.195783132530121,4.0,12,3.75,8
1.0,0.01,0.5,Nebraska,79.1,52,97,81.0,29.0,29.0,35,0.0,0.0,85.6,92.5,95.5,100.5,162.0,199.5,2.8,3.0,6,4.3,6
2.0,0.01,0.5,Illinois,79.2,43,98,85.5,46.3,46.0,49,0.0,0.0,93.6,98.0,95.1,98.0,110.1,116.5,16.3,16.5,19,2.9,5
1.0,0.01,0.5,Missouri,79.7,52,96,86.0,43.4,43.0,49,0.2,1.0,93.0,92.5,96.7,96.0,133.44444444444446,122.0,3.0,3.0,6,3.3,5
1.0,0.05,1.0,Georgia,79.7,66,88,82.0,41.0,41.0,44,0.0,0.0,88.4,88.0,92.0,92.0,183.2,157.0,3.4,3.0,6,4.2,6
1.0,0.1,0.5,Montana,79.8,53,120,53.0,6.6,7.0,7,0.0,0.0,152.8,120.0,214.7,256.0,171.33333333333334,114.0,2.0,2.0,3,1.0,1
0.5,0.1,2.0,Montana,79.8,53,120,53.0,9.8,9.5,12,0.0,0.0,148.9,120.0,198.9,236.5,173.2,152.0,1.8,2.0,3,1.0,1
1.0,0.01,0.5,Tennessee,79.9,40,131,73.5,19.0,20.0,22,0.2,1.0,115.0,122.0,133.1,131.0,115.4,114.5,6.2,6.5,9,4.2,6
2.0,0.05,0.5,Georgia,80.1,66,88,82.0,43.9,44.0,49,0.0,0.0,87.6,88.0,91.2,92.0,166.3,168.0,5.3,5.0,8,3.5,5
2.0,0.01,0.5,Washington,80.2,54,105,77.0,9.8,10.0,13,0.1,1.0,89.9,91.0,116.5,101.5,69.1,28.0,17.4,16.5,23,12.1,16
1.0,0.05,2.0,Maine,80.5,61,100,80.5,8.8,9.0,10,0.0,0.0,138.3,141.0,176.6,185.5,307.25,326.0,1.0,1.0,1,0.0,0
0.5,0.05,2.0,Maine,80.5,61,100,80.5,8.3,8.0,9,0.0,0.0,136.6,119.0,185.2,182.0,307.85714285714283,318.0,1.1428571428571428,1.0,2,0.0,0
0.5,0.05,1.0,Maine,80.5,61,100,80.5,6.0,6.0,7,0.0,0.0,133.6,127.5,165.1,182.0,,,0.0,0.0,0,0.1,1
2.0,0.05,0.5,Maine,80.5,61,100,80.5,7.8,8.0,8,0.0,0.0,137.7,138.0,181.0,182.0,329.75,331.0,1.0,1.0,1,0.1,1
2.0,0.01,1.0,Nevada,80.6,49,121,79.5,4.3,4.0,5,0.0,0.0,107.6,96.5,179.8,133.5,,,0.0,0.0,0,0.0,0
1.0,0.01,2.0,Missouri,81.1,52,96,91.0,62.7,63.5,68,0.0,0.0,95.7,95.0,100.4,101.0,53.7,28.0,6.0,6.5,9,6.2,10
1.0,0.01,0.5,Virginia,81.3,65,96,79.0,13.7,13.0,17,0.0,0.0,104.7,96.0,123.6,109.0,176.3,125.0,3.8,4.0,9,0.8,2
1.0,0.01,2.0,California,81.6,53,91,89.0,4.5,4.5,8,13.5,32.0,184.7,101.0,245.0,188.0,34.9,28.0,55.4,52.5,69,30.3,32
ALL,ALL,ALL,Massachusetts,81.71666666666667,48,145,82.0,7.355555555555555,7.0,9,0.008333333333333333,1.0,95.58055555555555,93.0,107.43333333333334,104.0,193.36162361623616,200.0,1.4535714285714285,1.0,4,0.18888888888888888,2
2.0,0.05,1.0,West Virginia,81.9,49,135,62.5,8.7,9.0,10,0.0,0.0,130.3,135.0,168.2,150.0,226.4,219.0,2.4,2.5,4,0.0,0
2.0,0.01,2.0,Virginia,82.3,75,96,79.0,21.1,21.0,24,0.0,0.0,108.1,96.0,132.9,109.0,153.2,125.0,6.3,6.5,10,1.1,4
2.0,0.05,1.0,Georgia,82.5,66,88,88.0,47.9,49.0,51,0.0,0.0,88.6,92.0,92.8,92.0,138.1,151.5,7.0,6.5,12,4.5,8
2.0,0.05,2.0,Georgia,82.5,66,88,88.0,48.8,48.0,52,0.0,0.0,88.4,91.0,92.4,92.0,145.1,151.5,5.8,5.5,10,4.6,6
0.5,0.05,0.5,Montana,82.6,53,120,67.0,1.6,2.0,2,0.0,0.0,120.0,120.0,,,,,0.0,0.0,0,0.0,0
0.5,0.05,2.0,North Dakota,82.7,67,101,84.0,15.0,15.0,17,0.0,0.0,95.6,97.0,104.7,102.0,102.1,80.0,6.0,6.0,9,2.6,3
2.0,0.01,2.0,Missouri,82.7,48,100,83.5,66.2,67.0,73,0.1,1.0,94.2,96.0,99.0,100.0,102.2,65.5,8.4,8.5,13,6.4,11
1.0,0.25,1.0,New Hampshire,82.8,82,83,83.0,5.2,5.0,6,0.0,0.0,149.8,141.0,213.0,230.5,,,0.0,0.0,0,0.0,0
2.0,0.25,0.5,New Hampshire,82.8,82,83,83.0,5.9,6.0,6,0.0,0.0,183.4,211.5,232.2,253.0,,,0.0,0.0,0,0.0,0
0.5,0.25,1.0,New Hampshire,82.9,82,83,83.0,4.4,4.0,6,0.0,0.0,164.7,156.0,220.2,214.0,99.0,99.0,1.0,1.0,1,0.0,0
2.0,0.01,0.5,Missouri,82.9,52,96,86.0,60.7,60.5,65,0.1,1.0,94.1,94.5,99.7,99.0,100.0,107.5,4.8,5.0,8,4.4,6
0.5,0.25,0.5,New Hampshire,83.0,83,83,83.0,1.8,2.0,3,0.0,0.0,136.83333333333334,123.5,170.0,170.0,159.66666666666666,190.0,1.0,1.0,1,0.0,0
1.0,0.05,2.0,Massachusetts,83.0,49,104,88.0,7.9,8.0,9,0.0,0.0,97.5,101.5,107.3,108.0,191.5,200.0,2.1,2.0,3,0.1,1
0.5,0.05,1.0,Georgia,83.1,66,88,88.0,26.9,27.5,32,0.0,0.0,91.4,92.0,93.8,92.0,127.71428571428571,133.0,1.5,1.5,4,3.3,5
1.0,0.05,0.5,Georgia,83.1,66,88,88.0,33.5,32.5,38,0.0,0.0,88.7,92.0,92.8,92.0,124.77777777777777,116.0,3.2,4.0,7,3.7,7
0.5,0.05,1.0,West Virginia,83.3,49,135,62.5,4.5,4.5,7,0.0,0.0,125.0,135.0,170.0,150.0,119.83333333333333,100.5,1.3333333333333333,1.0,2,0.0,0
0.5,0.01,0.5,Kentucky,83.3,45,106,85.5,12.7,12.0,18,0.0,0.0,106.1,106.0,118.0,114.0,158.77777777777777,147.0,3.5555555555555554,3.0,8,1.8,4
0.5,0.01,0.5,Missouri,83.4,64,96,83.5,31.8,33.0,39,0.5,1.0,93.8,96.0,99.3,99.5,90.125,104.0,3.111111111111111,4.0,5,1.9,3
2.0,0.01,2.0,Washington,83.6,39,117,88.5,9.7,10.0,13,0.2,2.0,100.1,97.0,108.5,106.0,76.6,60.0,20.0,20.0,25,12.4,15
0.5,0.05,1.0,Rhode Island,83.7,63,185,63.0,2.5,2.0,4,0.0,0.0,196.3,208.0,210.25,216.0,98.0,98.0,1.0,1.0,1,0.0,0
2.0,0.01,2.0,California,83.9,56,103,89.0,4.6,5.0,7,5.6,20.0,99.0,98.5,148.22222222222223,116.0,42.2,28.0,51.0,51.0,56,30.5,33
0.5,0.01,2.0,Virginia,84.0,65,109,79.0,18.1,18.0,21,0.0,0.0,105.9,96.0,133.1,121.0,137.33333333333334,125.0,4.2,5.0,6,1.1,2
1.0,0.01,1.0,Virginia,84.3,65,109,79.0,20.3,20.0,24,0.0,0.0,116.5,109.0,155.3,124.0,162.2,125.0,4.0,3.5,7,1.1,4
1.0,0.25,0.5,New Hampshire,84.4,82,98,83.0,4.6,4.5,6,0.0,0.0,198.2,214.0,260.5,259.0,,,0.0,0.0,0,0.0,0
2.0,0.25,1.0,New Hampshire,84.4,82,98,83.0,5.6,6.0,7,0.0,0.0,194.5,228.0,233.0,255.5,,,0.0,0.0,0,0.0,0
0.5,0.25,2.0,New Hampshire,84.4,82,98,83.0,5.4,6.0,6,0.0,0.0,152.4,123.5,210.7,228.0,,,0.0,0.0,0,0.0,0
2.0,0.01,1.0,Virginia,84.4,65,96,79.0,20.8,21.0,26,0.0,0.0,116.5,102.5,169.7,159.5,193.8,125.0,5.1,5.0,8,2.0,3
2.0,0.01,1.0,Kentucky,84.4,45,109,87.5,33.6,33.5,39,0.1,1.0,108.6,110.5,123.2,124.0,121.2,149.0,15.9,16.5,21,9.9,13
1.0,0.25,2.0,New Hampshire,84.5,83,98,83.0,5.6,6.0,7,0.0,0.0,169.3,141.0,211.9,214.0,190.0,190.0,1.0,1.0,1,0.0,0
2.0,0.25,2.0,New Hampshire,84.5,83,98,83.0,5.6,6.0,7,0.0,0.0,175.3,166.0,232.3,252.0,,,0.0,0.0,0,0.0,0
1.0,0.01,1.0,Washington,84.6,39,105,88.5,10.5,10.0,15,0.3,2.0,96.4,101.5,105.8,117.0,68.6,60.0,19.1,19.0,27,10.6,13
2.0,0.05,1.0,Massachusetts,84.9,65,98,88.0,8.2,8.0,9,0.0,0.0,98.1,99.0,106.2,108.0,224.8,200.0,1.4,1.0,3,0.1,1
1.0,0.01,2.0,Washington,84.9,69,105,86.0,9.9,9.5,13,0.3,2.0,97.1,95.0,118.7,111.5,54.2,28.0,18.2,18.5,23,12.6,14
1.0,0.05,0.5,West Virginia,85.2,49,155,65.5,5.3,5.0,7,0.0,0.0,135.5,135.0,177.2,155.0,245.66666666666666,190.5,1.1666666666666667,1.0,2,0.0,0
2.0,0.05,2.0,West Virginia,85.3,49,135,65.5,8.0,8.0,9,0.0,0.0,139.6,135.0,183.0,155.0,123.7,100.5,2.9,3.0,5,0.0,0
2.0,0.01,0.5,Nevada,85.3,49,121,89.0,4.0,4.0,5,0.0,0.0,109.5,97.0,167.9,146.0,,,0.0,0.0,0,0.0,0
1.0,0.05,1.0,Massachusetts,85.4,48,104,88.0,7.8,8.0,9,0.0,0.0,93.7,95.0,106.8,108.0,187.25,200.0,1.875,2.0,3,0.2,2
1.0,0.01,1.0,Nevada,85.6,49,121,93.0,4.3,4.0,5,0.0,0.0,111.6,115.0,168.4,133.5,,,0.0,0.0,0,0.0,0
1.0,0.05,0.5,Maine,85.6,61,100,100.0,7.5,7.5,8,0.0,0.0,153.0,182.0,193.5,196.5,310.75,322.0,0.8,1.0,1,0.3,1
0.5,0.01,0.5,Utah,85.7,61,128,88.5,8.6,9.0,11,0.0,0.0,105.6,98.0,113.7,107.0,106.4,111.0,3.6,4.0,6,0.3,2
0.5,0.01,0.5,Washington,85.8,63,128,82.5,7.0,7.5,10,0.4,3.0,106.3,105.5,122.2,117.0,58.3,28.0,10.4,10.0,14,8.8,12
0.5,0.01,1.0,Washington,85.8,73,117,83.0,9.2,9.0,12,0.2,1.0,94.3,92.0,101.8,97.0,34.4,28.0,14.8,15.0,19,9.9,12
2.0,0.1,1.0,New Hampshire,86.0,83,98,83.0,4.5,4.5,5,0.0,0.0,226.0,249.5,267.0,269.0,99.0,99.0,1.25,1.0,2,0.0,0
0.5,0.1,1.0,New Hampshire,86.0,83,98,83.0,4.1,4.0,6,0.0,0.0,204.6,230.5,257.5,269.0,99.0,99.0,1.0,1.0,1,0.0,0
1.0,0.1,2.0,New Hampshire,86.0,83,98,83.0,4.9,5.0,7,0.0,0.0,229.3,252.0,264.5,279.0,155.33333333333334,99.0,1.0,1.0,1,0.0,0
0.5,0.1,2.0,New Hampshire,86.0,83,98,83.0,4.4,4.0,6,0.0,0.0,240.9,252.0,279.1,279.0,99.0,99.0,1.0,1.0,1,0.0,0
0.5,0.1,0.5,Arkansas,86.4,57,99,99.0,2.2,2.0,3,0.0,0.0,120.0,129.0,129.0,129.0,95.1,102.0,3.4,3.0,5,0.0,0
1.0,0.1,0.5,Arkansas,86.4,57,99,99.0,5.7,6.0,7,0.0,0.0,120.0,129.0,199.7,212.0,95.1,102.0,4.2,4.0,8,0.1,1
1.0,0.1,2.0,Arkansas,86.4,57,99,99.0,13.3,13.5,15,0.0,0.0,120.0,129.0,133.9,136.0,95.1,102.0,4.6,4.0,7,0.7,1
2.0,0.1,2.0,Arkansas,86.4,57,99,99.0,14.4,14.5,16,0.0,0.0,120.0,129.0,133.9,136.0,95.1,102.0,4.6,4.5,6,0.7,1
1.0,0.1,1.0,Arkansas,86.4,57,99,99.0,10.3,10.5,11,0.0,0.0,120.0,129.0,133.9,136.0,93.2,102.0,4.9,5.0,7,0.7,2
0.5,0.1,1.0,Montana,86.5,53,120,86.5,3.8,3.5,7,0.0,0.0,163.6,122.0,240.0,256.0,178.5,178.5,1.2,1.0,2,0.0,0
1.0,0.05,2.0,Montana,86.5,53,120,86.5,10.1,10.5,11,0.0,0.0,153.0,122.0,245.9,256.0,178.5,178.5,3.1,3.0,4,0.8,1
2.0,0.05,1.0,Montana,86.5,53,120,86.5,9.2,9.0,12,0.0,0.0,172.9,168.5,241.1,256.0,208.1,243.0,3.2,3.0,4,0.9,1
0.5,0.05,2.0,Montana,86.5,53,120,86.5,8.3,8.5,10,0.0,0.0,153.2,122.0,237.2,256.0,194.11111111111111,243.0,1.8888888888888888,2.0,2,0.9,1
2.0,0.1,0.5,Montana,86.5,53,120,86.5,10.1,10.0,12,0.0,0.0,153.0,122.0,205.2,228.0,178.5,178.5,2.6,2.5,4,1.0,1
2.0,0.01,0.5,Oregon,86.7,48,118,93.0,18.7,18.5,20,0.0,0.0,117.0,125.0,148.5,145.0,129.8,132.0,5.4,6.0,9,2.5,4
1.0,0.05,0.5,Massachusetts,86.8,69,104,88.0,6.7,7.0,7,0.0,0.0,98.7,95.5,111.5,111.5,212.375,200.0,1.375,1.0,2,0.0,0
0.5,0.01,1.0,Nevada,86.8,49,143,89.0,3.3,3.0,5,0.0,0.0,122.3,106.0,153.375,144.5,,,0.0,0.0,0,0.0,0
1.0,0.01,1.0,Utah,87.2,61,108,96.0,12.7,12.5,14,0.0,0.0,100.5,97.5,108.4,108.0,136.3,140.0,5.7,5.5,9,1.1,2
2.0,0.01,1.0,Missouri,87.2,64,96,91.0,65.0,64.5,71,0.1,1.0,95.3,96.0,99.0,100.0,42.4,28.0,8.4,9.0,12,6.8,11
0.5,0.01,0.5,Virginia,87.4,65,109,87.5,5.6,5.5,9,0.0,0.0,110.6,109.0,168.3,139.0,164.125,138.0,1.875,1.5,3,0.3,2
0.5,0.01,1.0,Missouri,87.4,52,96,91.5,38.9,38.5,41,0.1,1.0,92.8,96.0,99.3,100.0,108.66666666666667,110.0,2.888888888888889,2.0,6,2.0,6
2.0,0.01,0.5,Virginia,87.4,75,96,89.0,19.6,19.5,23,0.0,0.0,109.2,96.0,129.2,122.5,192.7,155.5,5.5,4.5,12,2.4,6
1.0,0.05,2.0,Georgia,87.4,82,88,88.0,46.6,45.5,52,0.0,0.0,91.8,92.0,93.2,92.0,143.1,146.0,6.4,7.0,9,4.3,7
2.0,0.01,2.0,Kentucky,87.4,45,109,96.0,34.4,34.0,38,0.0,0.0,104.3,102.0,119.3,118.0,160.5,148.0,18.2,18.0,27,11.4,17
2.0,0.1,2.0,New Hampshire,87.5,83,98,83.0,4.6,5.0,5,0.0,0.0,196.2,209.0,245.7,252.0,99.0,99.0,1.0,1.0,1,0.0,0
0.5,0.1,0.5,New Hampshire,87.5,83,98,83.0,1.4,1.0,2,0.0,0.0,155.5,141.0,,,99.0,99.0,1.0,1.0,1,0.0,0
1.0,0.01,2.0,Vermont,87.5,56,151,74.0,10.7,11.0,13,0.1,1.0,110.5,110.0,126.8,126.0,116.8,96.0,9.0,9.0,16,2.8,4
2.0,0.01,1.0,Vermont,87.7,65,126,81.0,11.2,12.0,13,0.3,1.0,113.0,112.0,129.0,128.0,114.1,110.0,9.3,10.5,14,2.5,4
1.0,0.01,0.5,Washington,87.8,73,119,82.5,8.3,8.0,11,0.4,2.0,100.8,101.5,115.6,117.0,78.1,96.5,13.5,12.5,23,10.7,13
0.5,0.05,1.0,Massachusetts,87.9,49,104,93.0,6.6,6.5,8,0.0,0.0,102.6,104.0,111.8,115.0,200.0,200.0,1.0,1.0,1,0.0,0
0.5,0.01,2.0,Vermont,88.3,56,144,80.0,11.1,10.5,14,0.3,1.0,112.3,110.0,124.0,122.0,120.5,99.0,10.0,10.5,13,2.5,5
0.5,0.01,1.0,Virginia,88.6,65,121,87.5,12.4,12.0,16,0.0,0.0,110.1,102.5,158.9,143.0,191.3,130.0,3.3,3.0,8,0.5,2
2.0,0.01,0.5,Utah,88.6,61,106,95.0,12.8,13.5,17,0.0,0.0,102.2,101.0,108.1,108.0,127.5,129.5,5.4,5.0,12,1.2,3
0.5,0.05,0.5,West Virginia,88.7,49,135,76.0,3.1,3.0,4,0.0,0.0,140.3,135.0,163.0,155.0,109.6,100.0,1.2,1.0,2,0.0,0
ALL,ALL,ALL,Montana,88.70422535211267,53,333,53.0,7.861971830985915,8.0,15,0.0,0.0,163.2155172413793,120.0,215.59384615384616,256.0,201.5344262295082,152.0,2.1903225806451614,2.0,5,0.6366197183098592,1
1.0,0.01,0.5,Nevada,88.8,49,121,97.0,3.6,3.5,5,0.0,0.0,117.3,121.0,230.1,247.5,232.0,232.0,1.0,1.0,1,0.0,0
0.5,0.25,2.0,South Carolina,88.9,70,91,91.0,17.1,17.0,19,0.0,0.0,93.6,92.0,101.8,100.0,146.3,150.0,7.1,7.0,9,1.0,1
1.0,0.25,1.0,South Carolina,88.9,70,91,91.0,17.9,18.0,19,0.0,0.0,95.3,92.0,103.1,100.0,141.4,150.0,7.7,8.0,9,1.1,2
2.0,0.01,0.5,Kentucky,88.9,66,117,91.0,35.0,34.0,41,0.0,0.0,104.3,98.0,116.0,114.5,143.4,149.5,14.8,13.5,19,8.5,12
1.0,0.05,1.0,West Virginia,89.2,49,135,85.0,7.1,7.0,9,0.0,0.0,138.6,135.0,169.9,155.0,246.88888888888889,351.0,1.5555555555555556,1.0,3,0.0,0
0.5,0.01,0.5,Nevada,89.3,49,146,79.5,3.0,3.0,4,0.0,0.0,115.2,106.0,137.85714285714286,146.0,,,0.0,0.0,0,0.0,0
1.0,0.1,2.0,Montana,89.3,53,120,100.5,11.9,12.0,13,0.0,0.0,142.8,122.0,210.0,228.0,191.4,243.0,2.9,2.5,5,1.0,1
0.5,0.01,2.0,Kentucky,89.5,65,134,85.5,32.3,32.5,36,0.0,0.0,106.5,105.0,113.6,110.5,138.3,125.0,12.0,11.5,17,7.9,12
0.5,0.01,2.0,Washington,89.5,69,106,86.0,9.5,10.5,13,0.8,5.0,102.4,95.0,121.1,111.0,62.5,28.0,17.7,17.5,24,11.4,15
1.0,0.01,0.5,Vermont,89.6,56,127,81.0,11.0,10.5,13,0.1,1.0,111.8,110.0,128.6,129.5,110.9,115.0,7.8,7.0,13,2.3,4
2.0,0.05,2.0,Rhode Island,89.7,63,208,63.0,3.1,3.0,4,0.0,0.0,220.9,208.0,316.0,276.0,,,0.0,0.0,0,0.0,0
2.0,0.01,1.0,Oregon,90.0,48,142,86.5,18.0,17.5,20,0.0,0.0,116.3,125.0,138.5,142.0,192.4,112.5,5.9,5.5,9,3.5,7
0.5,0.01,1.0,Utah,90.2,61,108,93.0,10.0,9.5,12,0.0,0.0,102.1,99.0,108.9,108.0,117.1,116.0,4.4,4.5,9,0.4,1
1.0,0.05,0.5,Rhode Island,90.4,63,208,63.0,2.7,3.0,3,0.0,0.0,216.3,208.0,264.42857142857144,276.0,98.0,98.0,1.0,1.0,1,0.0,0
0.5,0.05,2.0,Massachusetts,90.4,65,104,90.5,7.8,8.0,9,0.0,0.0,100.0,100.5,111.1,115.0,200.0,200.0,1.4444444444444444,1.0,2,0.0,0
2.0,0.01,1.0,Utah,90.4,61,99,94.0,13.2,13.5,16,0.1,1.0,101.8,98.0,107.8,108.0,128.5,143.5,5.1,5.5,8,1.1,2
2.0,0.05,0.5,West Virginia,90.5,49,135,98.5,8.4,8.0,10,0.0,0.0,129.7,128.0,157.3,143.5,237.88888888888889,172.0,2.4444444444444446,2.0,4,0.0,0
2.0,0.1,0.5,New Hampshire,90.5,83,98,90.5,4.6,5.0,5,0.0,0.0,203.0,209.0,263.4,252.0,99.0,99.0,1.0,1.0,1,0.0,0
0.5,0.01,1.0,Tennessee,90.5,57,158,83.0,14.3,14.5,17,0.4,1.0,112.2,105.0,155.4,158.0,161.6,170.0,3.9,3.5,9,2.5,4
0.5,0.05,1.0,Arkansas,90.6,57,99,99.0,3.9,4.0,5,0.0,0.0,131.3,129.0,221.9,232.5,104.1,102.0,3.5,3.0,6,0.0,0
0.5,0.1,1.0,Arkansas,90.6,57,99,99.0,4.7,5.0,6,0.0,0.0,123.0,129.0,226.2,249.0,97.4,102.0,3.9,4.0,5,0.0,0
2.0,0.05,1.0,Arkansas,90.6,57,99,99.0,13.6,14.0,15,0.0,0.0,123.7,129.0,137.3,136.0,103.0,102.0,6.6,7.0,9,0.8,1
0.5,0.1,2.0,Arkansas,90.6,57,99,99.0,7.7,7.5,9,0.0,0.0,123.0,129.0,156.2,163.0,99.7,102.0,4.4,4.0,6,1.0,2
0.5,0.25,1.0,South Carolina,91.0,91,91,91.0,12.7,13.0,14,0.0,0.0,93.6,92.0,101.8,100.0,134.4,147.0,2.6,2.5,4,1.6,2
1.0,0.25,2.0,South Carolina,91.0,91,91,91.0,19.2,19.0,20,0.0,0.0,93.6,92.0,101.8,100.0,135.0,150.0,7.6,8.0,9,1.8,3
2.0,0.25,0.5,South Carolina,91.0,91,91,91.0,18.4,18.5,19,0.0,0.0,93.6,92.0,101.8,100.0,143.6,150.0,7.2,7.5,8,2.1,3
0.5,0.25,0.5,South Carolina,91.1,91,92,91.0,9.2,9.0,11,0.0,0.0,95.2,92.0,103.4,100.0,129.2,147.0,2.3,2.0,3,1.0,1
1.0,0.25,0.5,South Carolina,91.1,91,92,91.0,16.6,16.5,18,0.0,0.0,93.6,92.0,101.6,100.0,121.2,101.0,7.7,8.0,10,1.2,2
2.0,0.25,2.0,South Carolina,91.1,91,92,91.0,19.2,19.0,20,0.0,0.0,95.3,92.0,103.1,100.0,151.2,150.0,7.4,7.5,9,1.8,3
1.0,0.01,1.0,Kentucky,91.1,80,104,95.5,31.4,32.0,33,0.0,0.0,110.7,109.5,116.7,113.0,193.3,148.0,14.0,12.0,23,9.5,12
1.0,0.05,1.0,Rhode Island,91.3,63,208,63.0,2.9,3.0,3,0.0,0.0,202.7,208.0,253.33333333333334,276.0,,,0.0,0.0,0,0.0,0
1.0,0.01,1.0,Missouri,91.4,81,103,92.0,56.5,56.0,66,0.0,0.0,97.6,96.0,101.8,100.0,163.22222222222223,146.0,3.7,3.5,8,2.8,6
0.5,0.05,0.5,Massachusetts,91.7,65,108,90.5,6.2,6.0,7,0.0,0.0,100.3,99.5,106.1,108.0,176.8,200.0,1.0,1.0,1,0.0,0
0.5,0.1,1.0,South Carolina,91.9,91,100,91.0,11.2,11.0,14,0.0,0.0,97.8,96.0,105.3,104.5,158.9,150.0,1.9,2.0,3,0.8,2
2.0,0.25,1.0,South Carolina,91.9,91,100,91.0,19.0,19.0,19,0.0,0.0,95.1,92.0,102.7,100.0,139.0,147.0,7.7,8.0,9,2.0,2
0.5,0.01,0.5,New Jersey,92.0,67,152,72.0,4.3,4.5,6,0.0,0.0,150.7,152.0,186.88888888888889,198.0,79.75,79.0,2.0,2.0,2,0.0,0
1.0,0.01,0.5,Utah,92.5,61,108,97.0,10.6,11.0,13,0.2,1.0,107.1,107.0,121.0,121.5,117.4,115.5,5.1,5.5,7,1.3,2
1.0,0.01,2.0,Virginia,92.5,65,160,87.5,21.1,21.5,22,0.0,0.0,120.4,109.0,139.9,122.5,216.4,142.0,5.4,6.0,7,1.4,2
0.5,0.25,1.0,Connecticut,92.6,91,93,93.0,5.2,5.5,6,0.0,0.0,96.2,97.0,98.6,99.0,175.6,154.5,2.6,3.0,4,0.2,1
0.5,0.25,0.5,Connecticut,92.6,91,93,93.0,5.5,5.5,7,0.0,0.0,96.2,97.0,104.6,109.0,192.125,198.0,1.3,1.5,2,0.4,1
1.0,0.25,0.5,Connecticut,92.8,91,93,93.0,5.4,5.0,7,0.0,0.0,96.8,97.0,98.9,99.0,174.6,156.0,3.4,3.0,5,0.3,1
2.0,0.1,2.0,South Carolina,92.8,91,100,91.0,18.8,19.0,20,0.0,0.0,101.0,100.0,109.8,109.0,168.1,159.0,5.4,5.0,7,1.7,3
2.0,0.1,0.5,South Carolina,92.9,91,100,91.0,17.3,17.0,19,0.0,0.0,99.2,100.0,107.6,109.0,172.2,187.0,5.5,5.0,7,1.2,2
1.0,0.1,2.0,South Carolina,92.9,91,109,91.0,18.4,18.0,20,0.0,0.0,103.2,100.0,109.8,109.0,153.4,150.0,6.0,6.0,8,2.2,3
1.0,0.25,2.0,Connecticut,93.0,93,93,93.0,6.2,6.0,7,0.0,0.0,97.0,97.0,99.0,99.0,193.2,219.0,1.9,1.5,4,0.4,1
1.0,0.25,1.0,Connecticut,93.2,91,97,93.0,6.3,6.5,7,0.0,0.0,96.8,97.0,99.4,99.0,171.7,156.0,3.7,4.0,5,0.2,1
2.0,0.25,0.5,Connecticut,93.2,91,97,93.0,6.6,7.0,7,0.0,0.0,96.8,97.0,99.3,99.0,181.7,187.5,2.2,2.0,4,0.4,1
2.0,0.05,2.0,Montana,93.2,53,120,120.0,9.5,9.0,11,0.0,0.0,192.2,228.0,245.5,256.0,213.2,243.0,2.8,2.5,5,1.0,1
2.0,0.1,1.0,South Carolina,93.5,91,107,91.0,18.2,18.0,20,0.0,0.0,101.9,100.0,110.0,109.0,166.6,159.0,5.7,6.0,7,2.0,3
2.0,0.25,1.0,Connecticut,93.6,91,97,93.0,6.2,6.0,7,0.0,0.0,97.0,97.0,99.9,99.0,204.4,219.0,1.7,2.0,3,0.7,1
2.0,0.25,2.0,Connecticut,93.6,91,97,93.0,6.1,6.0,7,0.0,0.0,97.0,97.0,100.0,99.0,179.8,170.5,2.3,2.0,4,0.7,2
0.5,0.01,1.0,Kentucky,93.6,76,107,96.0,20.3,21.0,24,0.0,0.0,113.7,114.0,125.1,132.5,134.1,147.0,7.0,6.5,13,6.3,11
1.0,0.1,0.5,South Carolina,93.7,91,107,91.0,15.5,15.5,17,0.0,0.0,101.5,100.0,108.3,109.0,157.8,150.0,4.9,5.0,6,1.1,2
2.0,0.1,0.5,Connecticut,93.8,91,97,93.0,5.5,5.0,7,0.0,0.0,97.4,97.0,101.0,99.5,144.0,108.0,3.8,4.0,5,0.2,1
1.0,0.1,1.0,South Carolina,93.9,91,100,91.5,16.6,16.5,19,0.0,0.0,102.4,100.0,110.3,109.0,168.4,168.0,5.8,6.0,7,1.0,2
ALL,ALL,ALL,Maine,93.90277777777777,61,275,61.0,7.277777777777778,8.0,11,0.002785515320334262,1.0,133.4623955431755,100.0,175.01120448179273,182.0,298.75471698113205,318.0,1.023076923076923,1.0,4,0.1388888888888889,2
0.5,0.01,2.0,Nevada,94.0,49,143,95.0,4.4,4.5,5,0.0,0.0,115.2,115.0,152.6,132.0,,,0.0,0.0,0,0.0,0
0.5,0.05,0.5,Maine,94.2,61,182,67.0,4.7,5.0,7,0.0,0.0,125.3,100.0,160.4,173.0,,,0.0,0.0,0,0.3,2
0.5,0.1,0.5,Connecticut,94.2,93,97,93.0,4.0,4.0,5,0.0,0.0,99.1,97.0,110.7,109.0,168.0,177.0,1.0,1.0,2,0.4,1
0.5,0.25,2.0,Connecticut,94.4,91,99,93.0,6.4,6.5,7,0.0,0.0,97.1,97.0,100.7,99.0,187.2,219.0,3.2,3.0,5,0.3,1
0.5,0.1,2.0,Connecticut,94.4,93,99,93.0,5.6,6.0,7,0.0,0.0,97.7,97.0,100.7,99.0,170.3,174.5,4.7,5.0,6,0.4,1
2.0,0.05,0.5,South Carolina,94.4,91,109,91.0,15.5,15.5,19,0.0,0.0,104.5,104.5,124.9,111.0,173.1,187.0,3.8,4.0,6,1.4,3
1.0,0.1,2.0,Connecticut,94.6,93,97,93.0,6.1,6.5,7,0.0,0.0,98.2,99.0,101.6,100.0,150.9,132.0,3.2,3.0,5,0.2,1
2.0,0.1,2.0,Connecticut,94.6,91,97,95.0,6.1,6.0,7,0.0,0.0,97.8,99.0,102.5,105.0,165.0,156.0,3.4,3.5,5,0.5,1
2.0,0.1,1.0,Connecticut,94.6,93,97,93.0,6.0,6.0,7,0.0,0.0,98.0,98.0,101.4,99.5,162.1,156.0,2.8,3.0,4,0.6,1
1.0,0.05,1.0,South Carolina,94.6,91,109,91.0,14.8,15.0,17,0.0,0.0,107.8,109.0,116.7,116.5,175.8,187.0,4.1,5.0,5,1.1,2
0.5,0.1,2.0,South Carolina,94.6,91,109,91.0,15.9,16.0,17,0.0,0.0,102.9,100.0,112.0,109.0,153.7,150.0,6.1,6.0,7,1.5,3
1.0,0.01,0.5,Kentucky,94.7,80,133,91.0,25.7,26.0,29,0.0,0.0,103.1,104.0,113.6,107.0,141.4,144.0,10.0,9.5,14,6.7,9
0.5,0.05,0.5,Arkansas,94.8,57,99,99.0,1.7,2.0,3,0.0,0.0,124.0,129.0,129.0,129.0,99.7,102.0,3.0,3.0,4,0.0,0
1.0,0.1,1.0,Connecticut,94.8,91,99,95.0,6.2,6.0,7,0.0,0.0,97.8,98.0,102.9,105.0,179.3,198.0,4.4,4.0,6,0.0,0
1.0,0.05,0.5,Arkansas,94.8,57,99,99.0,5.3,5.0,7,0.0,0.0,126.0,129.0,229.0,249.0,97.8,102.0,4.2,4.0,6,0.2,1
2.0,0.1,1.0,Arkansas,94.8,57,99,99.0,14.8,15.0,16,0.0,0.0,126.0,129.0,135.3,136.0,102.0,102.0,5.1,5.0,9,0.9,1
1.0,0.1,0.5,Connecticut,95.0,93,99,93.0,5.5,5.0,7,0.0,0.0,98.7,98.0,101.5,99.5,159.4,153.5,3.6,4.0,5,0.1,1
0.5,0.1,1.0,Connecticut,95.0,93,97,95.0,4.8,5.0,6,0.0,0.0,98.0,98.0,102.0,102.0,203.6,219.0,2.6,2.5,4,0.2,1
2.0,0.01,2.0,New Jersey,95.0,70,152,75.5,6.6,6.5,8,0.0,0.0,179.3,191.5,221.8,204.0,134.1,84.0,4.6,4.5,8,0.2,1
2.0,0.01,0.5,Tennessee,95.3,40,177,88.0,27.8,28.0,32,0.4,1.0,130.1,131.0,152.9,149.0,116.2,122.5,12.5,12.0,17,8.3,11
0.5,0.05,1.0,South Carolina,95.6,91,100,96.0,9.9,9.5,12,0.0,0.0,106.4,109.0,122.2,113.0,183.66666666666666,187.0,1.1111111111111112,1.0,2,0.7,2
0.5,0.01,1.0,Oregon,95.7,48,142,97.5,15.3,15.0,18,0.0,0.0,111.8,104.5,135.3,142.0,159.0,172.0,2.5,2.5,4,1.2,2
2.0,0.01,1.0,Georgia,95.8,88,118,88.0,29.7,30.0,32,0.3,3.0,124.0,125.0,141.3,141.5,375.7,375.5,3.1,3.0,6,2.2,4
0.5,0.01,2.0,Utah,95.9,61,126,97.0,11.5,11.5,14,0.2,1.0,106.5,104.0,116.7,117.0,131.3,124.0,6.2,6.0,10,1.5,4
0.5,0.1,0.5,South Carolina,96.2,91,107,95.5,8.2,8.5,10,0.0,0.0,102.9,103.5,109.4,109.0,163.77777777777777,150.0,1.2,1.0,2,0.9,1
2.0,0.05,0.5,Connecticut,96.3,93,100,97.0,5.6,5.0,7,0.0,0.0,100.7,99.0,121.2,105.0,146.1,108.0,3.5,3.5,5,0.4,1
2.0,0.05,1.0,Connecticut,96.6,93,100,97.0,5.5,5.0,7,0.0,0.0,101.4,102.0,111.9,107.0,163.5,174.0,3.7,3.5,6,0.5,1
0.5,0.05,1.0,Connecticut,96.7,93,100,97.0,4.4,4.0,5,0.0,0.0,100.0,99.0,108.6,105.0,132.5,108.0,4.0,4.0,6,0.0,0
1.0,0.05,1.0,Connecticut,96.9,93,100,97.0,5.4,5.0,6,0.0,0.0,100.7,99.5,111.2,106.5,142.2,108.0,4.5,4.0,7,0.1,1
0.5,0.25,1.0,Mississippi,97.0,97,97,97.0,4.8,5.0,6,0.0,0.0,121.6,132.0,157.8,175.0,,,0.0,0.0,0,0.0,0
1.0,0.25,0.5,Mississippi,97.0,97,97,97.0,8.0,7.5,10,0.0,0.0,124.2,132.0,162.1,175.0,,,0.0,0.0,0,0.0,0
2.0,0.25,1.0,Mississippi,97.0,97,97,97.0,13.0,13.0,14,0.0,0.0,121.6,132.0,157.8,175.0,,,0.0,0.0,0,0.0,0
0.5,0.25,2.0,Mississippi,97.0,97,97,97.0,9.0,9.0,10,0.0,0.0,121.6,132.0,160.6,175.0,,,0.0,0.0,0,0.0,0
0.5,0.25,0.5,Mississippi,97.0,97,97,97.0,3.2,3.0,5,0.0,0.0,121.6,132.0,157.75,153.5,,,0.0,0.0,0,0.0,0
1.0,0.25,1.0,Mississippi,97.0,97,97,97.0,9.3,9.5,11,0.0,0.0,124.2,132.0,163.3,175.0,,,0.0,0.0,0,0.0,0
2.0,0.25,0.5,Mississippi,97.0,97,97,97.0,11.0,11.0,13,0.0,0.0,121.6,132.0,157.8,175.0,,,0.0,0.0,0,0.0,0
1.0,0.05,0.5,Connecticut,97.0,93,99,97.0,4.3,4.0,5,0.0,0.0,100.2,99.0,107.2,105.0,146.4,108.0,4.2,4.0,8,0.1,1
1.0,0.05,2.0,Connecticut,97.0,93,105,97.0,5.5,5.5,6,0.0,0.0,100.6,99.0,106.7,105.0,154.55555555555554,108.0,3.5555555555555554,4.0,6,0.6,1
ALL,ALL,ALL,West Virginia,97.01133144475921,49,357,49.0,7.54957507082153,8.0,14,0.0,0.0,154.28125,128.0,185.57771260997066,135.0,208.91039426523298,114.0,1.810035842293907,2.0,5,0.0,0
0.5,0.05,0.5,South Carolina,97.1,91,107,100.0,6.8,7.0,9,0.0,0.0,105.7,107.0,110.6,109.0,172.83333333333334,159.0,1.625,1.5,4,0.5,1
1.0,0.05,2.0,South Carolina,97.1,91,109,95.5,17.2,17.0,20,0.0,0.0,109.8,109.0,126.1,120.0,179.6,177.5,4.6,4.5,7,0.9,3
0.5,0.05,2.0,West Virginia,97.2,49,135,121.0,7.3,7.0,8,0.0,0.0,133.8,135.0,155.9,155.0,210.5,172.0,1.3333333333333333,1.0,2,0.0,0
2.0,0.01,2.0,Utah,97.3,78,108,97.5,12.2,12.0,14,0.1,1.0,105.9,107.0,109.9,108.0,132.2,123.5,5.2,5.0,10,1.7,3
0.5,0.05,0.5,Connecticut,97.6,93,105,97.0,3.9,4.0,5,0.0,0.0,102.0,100.0,109.2,105.0,114.42857142857143,108.0,1.7142857142857142,1.0,3,0.0,0
0.5,0.05,2.0,Connecticut,97.7,93,100,98.0,5.5,5.5,6,0.0,0.0,102.1,102.5,117.8,106.5,143.6,108.0,4.7,4.5,7,0.0,0
2.0,0.25,2.0,Mississippi,97.9,97,106,97.0,13.0,13.0,15,0.0,0.0,124.2,132.0,162.1,175.0,,,0.0,0.0,0,0.0,0
1.0,0.01,0.5,Alabama,97.9,75,183,75.0,3.1,3.0,4,0.0,0.0,211.5,185.5,259.14285714285717,240.0,176.5,176.5,1.0,1.0,1,0.0,0
2.0,0.05,1.0,South Carolina,97.9,70,109,100.0,18.4,18.5,20,0.0,0.0,111.1,111.0,129.8,119.0,179.8,177.5,4.6,4.5,8,1.1,2
1.0,0.05,0.5,South Carolina,98.0,91,109,95.5,12.0,11.5,15,0.0,0.0,111.7,109.0,132.4,120.5,176.4,187.0,3.3,3.0,6,0.9,3
2.0,0.05,2.0,Delaware,98.1,73,283,77.0,2.0,2.0,2,0.0,0.0,263.0,283.0,,,205.375,195.0,1.75,1.0,4,0.0,0
ALL,ALL,ALL,Arkansas,98.13521126760564,57,342,99.0,8.695774647887324,8.0,17,0.0,0.0,141.56521739130434,129.0,178.22641509433961,136.0,119.66568047337279,102.0,4.298816568047338,4.0,10,0.39436619718309857,2
2.0,0.05,2.0,Connecticut,98.2,91,105,99.0,5.5,5.5,7,0.0,0.0,100.7,100.0,107.0,105.0,150.3,108.0,4.1,4.5,5,0.8,2
1.0,0.01,2.0,Utah,98.4,93,108,97.0,12.4,12.5,15,0.3,1.0,107.0,104.0,118.4,116.5,108.2,114.5,5.3,5.0,7,2.1,3
0.5,0.05,2.0,Arkansas,99.0,99,99,99.0,8.3,8.5,10,0.0,0.0,135.8,129.0,171.2,163.0,118.2,102.0,4.5,4.5,7,0.8,1
2.0,0.05,0.5,Arkansas,99.0,99,99,99.0,11.6,11.5,13,0.0,0.0,130.4,129.0,141.4,136.0,105.3,102.0,6.6,7.0,8,0.9,1
2.0,0.05,2.0,Arkansas,99.0,99,99,99.0,13.4,13.0,15,0.0,0.0,131.8,129.0,146.8,136.0,102.0,102.0,4.5,4.5,7,1.1,2
0.5,0.01,0.5,Georgia,99.1,88,125,88.0,7.8,8.0,11,0.0,0.0,130.8,128.0,158.7,168.5,229.0,229.0,0.5,0.5,1,0.1,1
2.0,0.01,0.5,North Dakota,99.2,84,110,102.0,10.4,10.0,14,0.1,1.0,122.0,109.5,139.0,128.0,109.8,28.0,5.3,4.5,9,3.5,6
0.5,0.25,0.5,Louisiana,99.4,94,103,103.0,7.3,7.0,8,0.0,0.0,104.2,105.0,113.0,113.0,,,0.0,0.0,0,0.0,0
1.0,0.25,0.5,Louisiana,99.4,94,103,103.0,8.0,8.0,9,0.0,0.0,104.2,105.0,113.0,113.0,,,0.0,0.0,0,0.1,1
0.5,0.01,2.0,Oregon,99.5,48,142,101.0,17.6,17.0,20,0.0,0.0,123.6,130.0,156.3,143.5,162.3,172.0,4.1,4.0,10,1.6,4
0.5,0.05,2.0,South Carolina,99.8,91,109,100.0,14.0,15.0,16,0.0,0.0,108.1,109.0,116.9,113.0,186.4,187.0,3.0,3.0,5,0.6,2
2.0,0.05,0.5,Montana,99.9,53,120,120.0,9.9,10.0,12,0.0,0.0,164.4,124.0,250.5,256.0,204.3,243.0,2.5,2.0,4,0.9,1
1.0,0.25,2.0,Louisiana,100.3,94,103,103.0,9.5,10.0,10,0.0,0.0,104.4,105.0,113.0,113.0,397.0,397.0,1.0,1.0,1,0.0,0
2.0,0.25,2.0,Louisiana,100.3,94,103,103.0,9.8,10.0,10,0.0,0.0,104.4,105.0,113.0,113.0,397.0,397.0,1.0,1.0,1,0.0,0
2.0,0.25,0.5,Louisiana,100.3,94,103,103.0,9.8,10.0,10,0.0,0.0,104.4,105.0,113.0,113.0,397.0,397.0,1.0,1.0,1,0.0,0
1.0,0.01,2.0,Nevada,100.3,89,146,97.0,4.2,4.0,5,0.0,0.0,121.6,115.0,194.2,146.0,,,0.0,0.0,0,0.0,0
0.5,0.01,1.0,Georgia,100.3,88,125,92.0,11.8,12.0,15,0.1,1.0,130.4,125.0,151.0,148.0,,,0.0,0.0,0,0.3,2
1.0,0.25,2.0,Mississippi,100.5,97,132,97.0,11.5,11.5,14,0.0,0.0,129.7,132.0,163.3,175.0,,,0.0,0.0,0,0.0,0
2.0,0.05,0.5,Mississippi,100.5,97,132,97.0,9.0,9.0,10,0.0,0.0,142.0,132.0,184.8,187.0,28.0,28.0,1.0,1.0,1,0.0,0
2.0,0.1,0.5,Mississippi,100.5,97,132,97.0,10.3,10.0,12,0.0,0.0,134.9,132.0,174.3,175.0,,,0.0,0.0,0,0.0,0
0.5,0.1,2.0,Mississippi,100.5,97,132,97.0,8.5,8.0,11,0.0,0.0,136.3,132.0,179.5,175.0,,,0.0,0.0,0,0.0,0
1.0,0.1,1.0,Mississippi,100.5,97,132,97.0,9.0,8.5,11,0.0,0.0,134.9,132.0,183.1,181.0,,,0.0,0.0,0,0.0,0
2.0,0.25,1.0,Louisiana,101.2,94,103,103.0,9.8,10.0,10,0.0,0.0,104.6,105.0,113.0,113.0,397.0,397.0,1.0,1.0,1,0.0,0
0.5,0.25,2.0,Louisiana,101.2,94,103,103.0,9.9,10.0,10,0.0,0.0,104.6,105.0,113.0,113.0,397.0,397.0,1.0,1.0,1,0.0,0
0.5,0.05,0.5,New Hampshire,101.25,83,176,83.0,1.25,1.0,2,0.0,0.0,252.0,252.0,,,190.0,190.0,1.0,1.0,1,0.0,0
1.0,0.01,2.0,Tennessee,101.3,40,192,73.5,28.8,29.0,32,0.3,2.0,148.6,165.5,163.5,172.5,108.8,130.5,14.4,14.5,20,7.9,12
2.0,0.1,2.0,Louisiana,101.4,94,105,103.0,9.7,10.0,10,0.0,0.0,105.4,105.0,113.6,113.0,397.0,397.0,1.0,1.0,1,0.0,0
1.0,0.05,2.0,Arkansas,101.5,57,136,99.0,12.0,12.0,15,0.0,0.0,131.1,132.5,149.5,149.5,158.0,102.0,6.0,6.0,10,0.9,1
ALL,ALL,ALL,Connecticut,101.54444444444445,91,231,97.0,4.972222222222222,5.0,7,0.05322128851540616,1.0,115.25490196078431,99.0,132.968115942029,105.0,177.4360465116279,185.0,3.1120689655172415,3.0,8,0.39444444444444443,2
2.0,0.05,2.0,South Carolina,101.6,91,109,100.0,17.2,17.0,19,0.0,0.0,114.7,109.0,137.3,130.0,213.2,177.5,4.4,4.5,7,1.7,3
1.0,0.1,1.0,New Hampshire,101.7,83,240,83.0,4.4,4.0,5,0.0,0.0,220.5,247.0,267.3,279.0,99.0,99.0,1.0,1.0,1,0.0,0
1.0,0.05,1.0,Arkansas,102.0,99,129,99.0,8.9,9.0,11,0.0,0.0,131.1,129.0,144.1,136.0,132.5,102.0,4.7,5.0,6,1.0,2
1.0,0.25,1.0,Louisiana,102.1,94,103,103.0,9.8,10.0,10,0.0,0.0,104.8,105.0,113.0,113.0,397.0,397.0,1.0,1.0,1,0.0,0
0.5,0.1,2.0,Louisiana,102.1,94,103,103.0,8.5,9.0,9,0.0,0.0,104.8,105.0,114.2,113.0,397.0,397.0,1.0,1.0,1,0.0,0
1.0,0.1,1.0,Louisiana,102.1,94,103,103.0,9.1,9.0,10,0.0,0.0,104.8,105.0,113.0,113.0,397.0,397.0,1.0,1.0,1,0.0,0
0.5,0.1,1.0,Louisiana,102.1,94,103,103.0,7.2,7.0,9,0.0,0.0,104.8,105.0,113.0,113.0,,,0.0,0.0,0,0.1,1
1.0,0.05,0.5,Louisiana,102.3,94,105,103.0,6.8,7.0,8,0.0,0.0,106.6,105.0,114.2,113.0,,,0.0,0.0,0,0.0,0
1.0,0.1,0.5,Louisiana,102.3,94,105,103.0,7.4,7.0,8,0.0,0.0,105.6,105.0,113.3,113.0,,,0.0,0.0,0,0.0,0
0.5,0.1,0.5,Louisiana,102.3,94,105,103.0,6.6,7.0,8,0.0,0.0,105.6,105.0,113.6,113.0,,,0.0,0.0,0,0.0,0
0.5,0.05,1.0,Louisiana,102.5,94,105,103.0,6.9,6.5,8,0.0,0.0,107.0,105.0,115.6,116.0,,,0.0,0.0,0,0.0,0
0.5,0.05,0.5,Louisiana,102.5,94,105,103.0,6.1,6.0,7,0.0,0.0,107.4,105.0,114.5,113.0,,,0.0,0.0,0,0.0,0
0.5,0.01,0.5,Tennessee,102.5,40,197,86.0,7.8,7.5,12,0.3,1.0,136.5,131.0,192.6,184.5,219.42857142857142,197.0,1.5555555555555556,1.0,3,1.1,3
2.0,0.05,1.0,Rhode Island,102.6,63,208,63.0,2.8,3.0,3,0.0,0.0,195.22222222222223,185.0,232.44444444444446,208.0,,,0.0,0.0,0,0.0,0
2.0,0.01,0.5,Alabama,102.7,48,257,75.0,7.3,8.0,10,0.0,0.0,201.4,198.5,252.0,240.0,346.6,520.0,1.1428571428571428,1.0,3,0.2,1
1.0,0.05,0.5,Montana,102.7,53,120,120.0,6.5,6.5,8,0.0,0.0,181.3,228.0,237.9,256.0,224.8,243.0,2.0,2.0,3,0.8,1
1.0,0.01,2.0,Kentucky,102.8,74,130,100.0,34.7,34.5,39,0.0,0.0,117.1,114.0,124.3,131.5,191.7,179.5,16.6,17.0,23,9.3,14
0.5,0.05,2.0,Louisiana,103.0,103,103,103.0,8.3,8.0,10,0.0,0.0,105.0,105.0,113.0,113.0,397.0,397.0,1.0,1.0,1,0.0,0
0.5,0.25,1.0,Louisiana,103.0,103,103,103.0,8.1,8.0,9,0.0,0.0,105.0,105.0,113.0,113.0,,,0.0,0.0,0,0.2,1
1.0,0.05,1.0,Louisiana,103.2,103,105,103.0,8.8,9.0,10,0.0,0.0,105.8,105.0,115.4,113.0,397.0,397.0,1.0,1.0,1,0.0,0
1.0,0.05,1.0,New Hampshire,103.2,83,240,83.0,4.3,4.0,5,0.0,0.0,247.2,252.0,273.6,279.0,99.0,99.0,1.3333333333333333,1.0,2,0.0,0
2.0,0.05,0.5,Louisiana,103.2,103,105,103.0,8.8,9.0,10,0.0,0.0,105.8,105.0,114.2,113.0,397.0,397.0,1.0,1.0,1,0.0,0
2.0,0.1,1.0,Louisiana,103.2,103,105,103.0,9.4,9.5,10,0.0,0.0,105.8,105.0,113.9,113.0,397.0,397.0,1.0,1.0,1,0.0,0
1.0,0.1,2.0,Louisiana,103.2,103,105,103.0,8.9,9.0,10,0.0,0.0,105.8,105.0,114.2,113.0,397.0,397.0,1.0,1.0,1,0.0,0
2.0,0.01,2.0,Nevada,103.2,89,121,97.0,4.2,4.0,5,0.0,0.0,123.6,118.0,160.7,146.0,,,0.0,0.0,0,0.0,0
2.0,0.1,0.5,Louisiana,103.2,103,105,103.0,9.3,9.0,10,0.0,0.0,105.8,105.0,113.8,113.0,397.0,397.0,1.0,1.0,1,0.0,0
1.0,0.05,1.0,Maine,103.2,61,182,100.0,7.8,8.0,9,0.0,0.0,147.3,160.0,188.5,189.0,298.3333333333333,318.0,1.3333333333333333,1.0,2,0.1,1
0.5,0.01,1.0,North Dakota,103.2,84,132,101.5,8.0,8.0,10,0.0,0.0,124.3,109.5,145.2,137.0,85.0,28.0,3.9,4.5,5,0.8,3
1.0,0.01,0.5,Oregon,103.2,48,145,101.0,15.6,16.0,18,0.0,0.0,118.5,108.0,144.6,142.0,169.0,187.0,3.9,3.5,7,1.2,3
2.0,0.01,2.0,North Dakota,103.2,101,109,102.0,11.5,11.0,14,0.0,0.0,119.3,110.0,144.8,165.5,79.8,28.0,7.8,9.0,11,5.3,6
1.0,0.01,1.0,Georgia,103.3,88,128,99.5,24.5,24.5,29,0.0,0.0,123.2,123.0,139.6,150.5,383.57142857142856,407.0,1.1111111111111112,1.0,3,0.9,2
1.0,0.05,2.0,Louisiana,103.4,103,105,103.0,8.7,9.0,10,0.0,0.0,107.2,105.0,115.1,113.0,397.0,397.0,1.0,1.0,1,0.0,0
2.0,0.05,2.0,Louisiana,103.4,103,105,103.0,9.1,9.0,10,0.0,0.0,106.6,105.0,115.7,116.0,397.0,397.0,1.0,1.0,1,0.0,0
2.0,0.05,1.0,Louisiana,103.6,103,105,103.0,9.0,9.0,10,0.0,0.0,108.0,105.0,116.2,113.0,397.0,397.0,1.0,1.0,1,0.0,0
ALL,ALL,ALL,Rhode Island,103.75882352941177,63,573,63.0,2.6823529411764704,3.0,4,0.0,0.0,210.11824324324326,185.0,247.48305084745763,208.0,98.0,98.0,1.0,1.0,1,0.0,0
1.0,0.01,0.5,North Dakota,103.9,84,110,105.5,8.8,8.5,11,0.3,2.0,132.1,110.0,161.5,169.0,65.4,28.0,5.0,4.0,9,0.7,2
2.0,0.1,1.0,Mississippi,104.0,97,132,97.0,11.8,12.0,14,0.0,0.0,138.1,132.0,175.5,175.0,,,0.0,0.0,0,0.0,0
1.0,0.1,0.5,Mississippi,104.0,97,132,97.0,7.0,7.0,8,0.0,0.0,138.0,132.0,173.1,175.0,,,0.0,0.0,0,0.0,0
0.5,0.1,1.0,Mississippi,104.0,97,132,97.0,4.0,4.0,5,0.0,0.0,138.0,132.0,192.9,175.0,,,0.0,0.0,0,0.0,0
0.5,0.1,0.5,Mississippi,104.0,97,132,97.0,3.2,3.0,4,0.0,0.0,135.4,132.0,167.25,175.0,,,0.0,0.0,0,0.0,0
ALL,ALL,ALL,Louisiana,104.10833333333333,94,168,103.0,7.747222222222222,8.0,10,0.0,0.0,113.15877437325905,105.0,127.19047619047619,113.0,397.0,397.0,0.976878612716763,1.0,1,0.011111111111111112,1
1.0,0.01,2.0,North Dakota,104.4,84,169,101.5,9.8,10.0,13,0.1,1.0,131.7,110.0,149.9,169.0,36.5,28.0,6.1,6.0,13,5.4,9
2.0,0.01,0.5,Georgia,104.6,88,163,88.0,23.8,24.0,27,0.0,0.0,126.6,118.0,145.0,144.0,328.6666666666667,371.0,2.8,3.0,5,1.1,2
2.0,0.05,1.0,Mississippi,104.8,97,175,97.0,9.7,9.5,11,0.0,0.0,146.1,132.0,185.7,175.0,212.33333333333334,209.0,1.0,1.0,1,0.0,0
2.0,0.05,2.0,Mississippi,104.9,97,132,97.0,10.1,10.0,12,0.0,0.0,140.6,132.0,180.3,175.0,400.0,400.0,1.0,1.0,1,0.0,0
1.0,0.01,0.5,New Jersey,105.1,70,221,74.5,5.5,5.0,7,0.0,0.0,157.9,152.0,228.3,204.0,251.28571428571428,312.0,2.0,2.0,3,0.0,0
1.0,0.01,1.0,Oregon,105.3,48,190,104.5,18.1,18.0,19,0.0,0.0,122.0,113.5,150.9,143.5,163.22222222222223,172.0,4.0,4.0,7,2.1,5
1.0,0.05,0.5,New Hampshire,105.4,83,247,90.5,3.7,4.0,5,0.0,0.0,245.4,252.0,283.4,279.0,99.0,99.0,1.0,1.0,1,0.0,0
2.0,0.01,1.0,North Dakota,105.4,99,132,102.0,10.4,10.5,13,0.0,0.0,119.9,109.5,144.8,166.5,65.6,28.0,6.9,7.0,12,4.8,8
0.5,0.01,2.0,Louisiana,105.6,103,119,105.0,5.5,6.0,7,0.0,0.0,130.3,138.5,170.2,170.0,397.0,397.0,1.0,1.0,1,0.0,0
0.5,0.01,0.5,Louisiana,105.8,103,121,105.0,3.1,3.0,5,0.0,0.0,126.66666666666667,119.0,147.0,153.0,,,0.0,0.0,0,0.0,0
2.0,0.05,2.0,New Hampshire,105.9,83,209,98.0,4.3,4.0,6,0.0,0.0,227.4,252.0,277.9,279.0,99.0,99.0,1.0,1.0,1,0.0,0
0.5,0.01,0.5,North Dakota,106.2,101,110,109.0,5.1,5.0,8,0.2,2.0,138.7,137.0,153.2,169.0,36.5,28.0,3.0,2.5,5,0.6,2
1.0,0.05,1.0,Montana,106.6,53,120,120.0,8.5,8.5,10,0.0,0.0,187.6,228.0,250.4,256.0,224.8,243.0,2.2,2.0,3,1.0,1
2.0,0.01,1.0,Louisiana,107.4,103,119,105.0,6.4,6.5,8,0.0,0.0,134.7,138.5,159.8,160.5,397.0,397.0,1.0,1.0,1,0.0,0
1.0,0.05,2.0,Mississippi,107.5,97,132,97.0,9.1,9.0,10,0.0,0.0,146.1,132.0,183.8,187.0,,,0.0,0.0,0,0.0,0
0.5,0.05,0.5,Mississippi,107.5,97,132,97.0,2.3,2.0,4,0.0,0.0,155.88888888888889,132.0,175.0,175.0,,,0.0,0.0,0,0.0,0
1.0,0.1,0.5,New Hampshire,107.5,83,240,83.0,4.0,4.0,5,0.0,0.0,233.6,247.0,265.9,269.0,99.0,99.0,1.0,1.0,1,0.0,0
2.0,0.1,2.0,Mississippi,107.5,97,132,97.0,11.9,12.0,14,0.0,0.0,134.5,132.0,161.4,175.0,400.0,400.0,1.0,1.0,1,0.0,0
1.0,0.01,2.0,Oregon,107.5,84,145,101.0,19.0,19.0,21,0.0,0.0,123.3,125.0,142.2,143.5,201.88888888888889,212.0,3.6,4.0,6,2.5,4
0.5,0.01,0.5,Oregon,107.6,48,191,96.0,9.4,9.5,12,0.0,0.0,132.5,131.5,158.2,163.5,174.2,136.0,2.5,2.0,5,0.8,2
0.5,0.01,0.5,Alabama,108.2,75,188,100.5,1.6,2.0,2,0.0,0.0,165.0,172.0,,,208.0,208.0,1.0,1.0,1,0.0,0
1.0,0.05,2.0,New Hampshire,108.4,82,240,98.0,4.4,4.0,7,0.0,0.0,224.5,252.0,276.8,279.0,99.0,99.0,1.0,1.0,1,0.0,0
0.5,0.01,2.0,Georgia,108.4,88,148,100.0,21.3,21.5,30,0.0,0.0,139.7,150.5,156.7,163.0,469.0,469.0,0.5,0.0,2,0.5,2
1.0,0.01,0.5,Georgia,108.5,88,125,114.5,15.2,15.5,22,0.0,0.0,131.8,134.0,151.5,163.0,157.4,129.0,1.4,1.0,2,0.1,1
2.0,0.05,1.0,New Hampshire,108.6,83,279,90.5,4.4,4.0,5,0.0,0.0,220.8,249.5,281.4,279.0,99.0,99.0,1.0,1.0,1,0.0,0
0.5,0.01,1.0,Connecticut,108.7,97,181,99.5,2.8,3.0,4,0.2,1.0,158.4,139.0,218.66666666666666,224.5,177.66666666666666,134.0,2.2222222222222223,2.0,4,0.8,2
1.0,0.01,1.0,North Dakota,109.6,84,175,102.0,9.9,9.5,12,0.0,0.0,134.8,110.0,161.7,169.0,86.6,28.0,5.2,5.5,8,4.2,6
1.0,0.1,2.0,Mississippi,110.1,97,175,97.0,10.5,10.0,12,0.0,0.0,141.8,132.0,180.2,175.0,,,0.0,0.0,0,0.0,0
0.5,0.01,1.0,New Jersey,110.4,69,204,72.0,4.8,5.0,6,0.0,0.0,153.5,174.0,225.0,212.5,219.22222222222223,298.0,2.5555555555555554,2.0,4,0.0,0
0.5,0.01,1.0,Louisiana,110.6,103,141,105.0,4.3,4.0,7,0.0,0.0,141.7,144.5,193.7,196.5,,,0.0,0.0,0,0.0,0
2.0,0.01,2.0,Connecticut,110.6,97,144,105.0,3.8,4.0,4,0.3,1.0,170.7,163.0,232.8,231.0,177.5,189.0,3.5,3.0,6,0.6,2
2.0,0.01,2.0,Louisiana,110.7,103,168,105.0,6.2,6.5,7,0.0,0.0,131.1,116.0,159.3,141.0,397.0,397.0,1.0,1.0,1,0.0,0
ALL,ALL,ALL,Delaware,110.81971830985916,51,318,73.0,2.0535211267605633,2.0,3,0.0,0.0,226.01779359430606,283.0,329.4731182795699,308.0,228.72727272727272,195.0,1.6454545454545455,1.0,5,0.0,0
2.0,0.01,0.5,Louisiana,111.8,103,153,105.0,6.1,6.5,8,0.0,0.0,128.0,122.0,155.4,154.5,397.0,397.0,1.0,1.0,1,0.0,0
1.0,0.01,2.0,Louisiana,111.9,103,131,109.0,6.1,6.0,8,0.0,0.0,144.5,141.0,182.5,168.0,397.0,397.0,1.0,1.0,1,0.0,0
0.5,0.05,2.0,New Hampshire,112.5,83,240,90.5,4.0,4.0,5,0.0,0.0,230.3,249.5,274.5,279.0,99.0,99.0,1.0,1.0,1,0.0,0
1.0,0.01,1.0,Louisiana,113.5,103,168,105.0,5.6,6.0,7,0.0,0.0,147.8,133.5,173.9,160.5,397.0,397.0,1.0,1.0,1,0.0,0
0.5,0.01,2.0,New Jersey,113.5,67,198,77.0,6.1,6.0,8,0.0,0.0,158.5,200.5,221.3,233.0,110.5,80.0,3.3,2.5,9,0.1,1
0.5,0.01,2.0,North Dakota,114.3,84,169,102.0,10.2,10.0,12,0.0,0.0,127.2,109.5,161.0,169.0,105.4,28.0,4.3,5.0,6,3.4,5
1.0,0.01,0.5,Louisiana,114.4,103,141,105.0,5.0,5.0,7,0.0,0.0,141.9,141.0,169.5,168.0,397.0,397.0,1.0,1.0,1,0.0,0
1.0,0.05,0.5,Mississippi,114.5,97,132,114.5,5.7,5.5,8,0.0,0.0,156.8,154.0,192.3,203.0,,,0.0,0.0,0,0.0,0
1.0,0.05,1.0,Mississippi,114.5,97,132,114.5,8.2,8.0,9,0.0,0.0,156.5,153.5,189.0,187.0,,,0.0,0.0,0,0.0,0
0.5,0.05,2.0,Mississippi,114.5,97,132,114.5,7.9,8.0,9,0.0,0.0,169.7,175.0,197.9,203.0,,,0.0,0.0,0,0.0,0
2.0,0.01,2.0,Oregon,114.7,84,142,108.0,19.3,19.5,22,0.0,0.0,135.6,142.0,154.1,145.0,221.3,192.0,3.8,3.5,8,3.2,5
2.0,0.01,0.5,Arkansas,116.1,99,136,114.0,7.8,7.5,9,0.0,0.0,153.4,136.0,241.7,253.0,150.2,65.0,4.6,4.0,10,0.1,1
2.0,0.01,2.0,Massachusetts,116.1,88,141,115.0,7.0,7.0,8,0.0,0.0,128.9,132.0,141.3,141.0,215.33333333333334,200.0,1.8888888888888888,2.0,3,0.1,1
2.0,0.01,1.0,New Jersey,116.3,70,204,89.0,6.4,6.5,8,0.0,0.0,170.0,152.0,213.5,201.5,96.2,28.0,4.4,4.0,8,0.1,1
1.0,0.01,1.0,Connecticut,116.3,97,181,105.0,3.2,3.0,4,0.5,1.0,190.7,156.0,273.6666666666667,278.0,254.4,252.0,2.6,2.0,5,0.9,2
2.0,0.01,0.5,New Jersey,116.9,70,227,72.0,6.2,6.0,8,0.0,0.0,194.6,204.0,245.1,240.5,167.2,85.0,3.9,3.0,8,0.2,1
1.0,0.01,2.0,Georgia,117.0,67,163,111.5,29.7,28.0,36,0.1,1.0,141.0,155.5,160.4,167.5,316.77777777777777,399.0,2.0,2.0,4,1.1,3
ALL,ALL,ALL,South Carolina,117.4804469273743,70,469,91.0,13.061452513966481,15.0,20,0.0056179775280898875,1.0,134.96629213483146,107.0,153.12391930835736,109.0,189.10423452768728,150.0,4.3544303797468356,5.0,10,1.0139664804469273,3
0.5,0.01,1.0,Massachusetts,117.6,88,141,115.0,5.8,6.0,7,0.0,0.0,123.2,115.0,136.5,141.0,208.33333333333334,200.0,1.1666666666666667,1.0,2,0.0,0
0.5,0.01,2.0,Massachusetts,117.8,88,141,115.0,6.7,7.0,8,0.0,0.0,136.0,141.0,143.8,141.0,233.22222222222223,233.0,2.0,1.0,4,0.0,0
2.0,0.01,0.5,Massachusetts,119.1,88,141,115.0,6.7,7.0,7,0.0,0.0,134.5,141.0,145.2,141.0,208.875,200.0,1.75,2.0,3,0.0,0
2.0,0.01,0.5,Connecticut,119.4,97,181,105.0,3.6,4.0,4,0.2,1.0,156.3,144.0,222.0,231.0,203.6,215.0,3.7,4.0,6,0.8,2
0.5,0.01,0.5,Montana,120.0,120,120,120.0,1.6,2.0,2,0.0,0.0,224.33333333333334,228.0,,,243.0,243.0,1.0,1.0,1,0.0,0
0.5,0.01,1.0,Montana,120.0,120,120,120.0,3.5,4.0,5,0.0,0.0,255.1,242.0,285.2857142857143,274.0,320.25,278.5,1.125,1.0,2,0.4,1
2.0,0.01,1.0,Arkansas,120.5,99,136,132.5,7.8,8.0,10,0.0,0.0,181.8,149.5,258.0,253.0,235.7,258.5,3.9,2.5,8,0.5,1
1.0,0.01,2.0,Arkansas,120.5,99,136,132.5,7.7,8.0,11,0.0,0.0,193.5,149.5,265.2,292.5,218.22222222222223,112.0,4.555555555555555,4.0,10,0.5,1
2.0,0.05,0.5,New Hampshire,120.8,83,252,90.5,4.1,4.0,5,0.0,0.0,246.0,252.0,285.6,279.0,99.0,99.0,1.0,1.0,1,0.0,0
1.0,0.01,2.0,Alabama,120.9,75,292,75.0,6.5,6.0,9,0.0,0.0,232.0,188.0,317.9,292.0,291.8,208.0,1.4,1.0,3,0.1,1
2.0,0.01,1.0,Connecticut,121.0,97,171,113.0,3.7,3.5,5,0.3,1.0,153.0,143.0,246.1,254.5,224.8,242.0,3.0,3.0,4,0.6,1
1.0,0.01,1.0,Montana,122.0,53,274,120.0,5.3,5.0,7,0.0,0.0,225.7,228.0,291.3,301.0,304.25,314.0,1.625,1.5,3,0.2,1
2.0,0.01,1.0,Massachusetts,122.7,104,141,121.5,6.9,7.0,7,0.0,0.0,133.6,141.0,144.4,141.0,255.33333333333334,200.0,2.2222222222222223,2.0,4,0.0,0
1.0,0.01,1.0,Arkansas,122.8,99,136,129.0,5.3,5.0,8,0.0,0.0,167.6,149.5,254.2,276.5,243.0,102.0,2.857142857142857,3.0,5,0.1,1
1.0,0.01,0.5,Connecticut,123.2,97,171,121.0,3.0,3.0,4,0.2222222222222222,1.0,186.88888888888889,160.0,254.0,278.0,231.88888888888889,242.0,1.8888888888888888,2.0,4,0.8,2
1.0,0.01,1.0,Massachusetts,123.8,104,141,125.5,6.6,7.0,7,0.0,0.0,134.8,141.0,142.0,143.0,216.0,192.0,1.5714285714285714,1.0,3,0.0,0
0.5,0.05,1.0,Mississippi,124.0,97,218,119.0,3.7,4.0,6,0.0,0.0,168.1,175.0,196.88888888888889,187.0,,,0.0,0.0,0,0.0,0
0.5,0.01,2.0,Alabama,124.0,75,314,75.0,5.1,5.0,7,0.1,1.0,246.4,235.0,320.6,341.0,148.5,148.5,0.5,0.5,1,0.2,1
2.0,0.01,0.5,Montana,124.1,53,228,120.0,6.0,6.0,7,0.0,0.0,252.6,267.0,294.9,287.5,316.2857142857143,243.0,1.625,1.5,3,0.4,1
1.0,0.01,0.5,Massachusetts,125.1,104,141,119.0,6.0,6.0,7,0.0,0.0,130.3,141.0,148.6,143.0,239.55555555555554,233.0,1.2222222222222223,1.0,3,0.2,1
0.5,0.01,2.0,Connecticut,125.3,100,171,115.0,3.7,3.5,5,0.2,1.0,165.1,143.0,249.1,254.5,230.0,243.0,3.0,2.0,7,0.5,1
1.0,0.01,2.0,Massachusetts,125.4,88,145,128.0,6.8,7.0,8,0.0,0.0,138.0,141.0,154.4,146.5,234.88888888888889,233.0,1.5555555555555556,1.0,3,0.0,0
2.0,0.01,2.0,Georgia,125.5,88,163,124.5,32.8,32.5,37,0.1,1.0,142.7,153.5,152.8,163.0,350.22222222222223,371.0,3.2,3.0,7,2.9,5
1.0,0.01,1.0,New Jersey,125.6,70,199,136.5,5.8,5.5,8,0.0,0.0,151.6,174.0,207.9,205.5,133.1,82.0,3.2,3.0,6,0.1,1
ALL,ALL,ALL,Mississippi,125.8735632183908,97,497,97.0,7.267241379310345,8.0,15,0.0,0.0,161.24852071005918,132.0,205.31132075471697,175.0,256.65714285714284,220.0,1.2857142857142858,1.0,3,0.0,0
0.5,0.01,0.5,Massachusetts,127.7,104,141,132.0,5.4,5.5,6,0.0,0.0,136.8,141.0,146.3,143.0,202.6,200.0,1.8,2.0,3,0.1,1
1.0,0.01,2.0,Montana,128.0,53,267,120.0,6.4,6.5,8,0.0,0.0,239.4,256.0,281.8,274.0,388.0,383.0,1.7777777777777777,2.0,3,0.6,1
2.0,0.01,2.0,Arkansas,128.9,99,213,136.0,9.0,9.0,12,0.0,0.0,206.6,208.5,257.7,252.0,208.5,107.0,4.6,4.0,10,0.8,2
0.5,0.05,1.0,New Hampshire,130.2,83,252,83.0,3.5,4.0,5,0.0,0.0,242.5,252.0,270.25,279.0,99.0,99.0,1.0,1.0,1,0.0,0
0.5,0.01,0.5,Connecticut,131.4,97,171,139.0,2.2,2.0,4,0.0,0.0,143.75,148.5,166.0,171.0,216.16666666666666,198.0,1.5,1.5,2,0.1,1
0.5,0.01,0.5,Mississippi,132.0,132,132,132.0,1.0,1.0,1,,,,,,,,,0.0,0.0,0,0.0,0
2.0,0.01,2.0,Alabama,132.6,75,260,126.0,7.3,8.0,10,0.0,0.0,259.2,292.0,329.4,334.0,573.0,573.0,1.0,1.0,1,0.0,0
1.0,0.01,2.0,New Jersey,133.3,70,255,105.5,6.2,6.5,8,0.0,0.0,193.0,197.5,247.6,233.0,158.0,82.5,3.6,3.0,8,0.4,1
0.5,0.01,2.0,Montana,134.7,120,267,120.0,5.5,5.0,8,0.0,0.0,260.7,267.0,293.5,286.5,351.57142857142856,314.0,1.25,1.0,3,0.3,1
ALL,ALL,ALL,New Hampshire,135.17948717948718,82,447,83.0,3.8974358974358974,4.0,7,0.0,0.0,234.1169230769231,252.0,278.03819444444446,279.0,120.81632653061224,99.0,1.0408163265306123,1.0,2,0.0,0
1.0,0.01,2.0,Connecticut,135.7,97,231,116.5,3.7,4.0,5,0.0,0.0,175.2,163.0,201.55555555555554,171.0,214.1,212.5,3.2,2.5,6,0.4,1
1.0,0.01,1.0,Maine,140.1,100,219,100.0,5.9,6.0,7,0.0,0.0,206.1,200.0,232.3,219.0,285.125,318.0,1.5555555555555556,2.0,3,0.5,2
2.0,0.01,1.0,Alabama,142.1,75,292,82.0,7.3,7.0,10,0.0,0.0,203.6,185.5,275.9,303.0,292.8,208.0,2.0,2.0,4,0.2,1
2.0,0.01,1.0,Montana,144.1,53,274,120.0,6.4,6.0,9,0.0,0.0,248.1,247.5,288.1,274.0,337.4,257.0,2.2,2.0,4,0.5,1
0.5,0.05,1.0,North Carolina,145.0,145,145,145.0,19.5,19.5,23,0.0,0.0,149.0,147.0,171.8,175.0,218.6,243.0,1.9,2.0,3,0.0,0
2.0,0.05,0.5,North Carolina,145.0,145,145,145.0,27.8,28.0,31,0.0,0.0,147.0,147.0,169.4,167.0,224.7,243.0,5.4,5.5,9,0.0,0
2.0,0.1,1.0,North Carolina,145.0,145,145,145.0,32.1,32.5,34,0.0,0.0,147.0,147.0,167.0,167.0,236.9,243.0,2.6,2.0,5,0.3,2
2.0,0.1,2.0,North Carolina,145.0,145,145,145.0,31.3,31.0,35,0.0,0.0,147.0,147.0,167.3,167.0,236.9,243.0,3.1,3.0,4,0.4,3
1.0,0.1,1.0,North Carolina,145.0,145,145,145.0,28.4,28.5,32,0.0,0.0,147.0,147.0,167.8,167.0,224.7,243.0,2.3,2.5,4,0.5,1
1.0,0.1,2.0,North Carolina,145.0,145,145,145.0,31.7,31.5,34,0.0,0.0,147.0,147.0,167.0,167.0,236.9,243.0,3.5,3.0,6,0.9,3
2.0,0.25,1.0,North Carolina,145.0,145,145,145.0,33.7,33.5,35,0.0,0.0,147.0,147.0,167.0,167.0,243.0,243.0,2.9,3.0,4,1.2,4
2.0,0.1,0.5,North Carolina,145.0,145,145,145.0,29.9,30.0,34,0.0,0.0,147.0,147.0,167.8,167.0,230.8,243.0,2.7,2.5,5,1.2,3
0.5,0.25,0.5,North Carolina,145.0,145,145,145.0,14.1,14.0,15,0.0,0.0,147.0,147.0,167.0,167.0,243.0,243.0,1.6,2.0,2,1.3,3
2.0,0.25,0.5,North Carolina,145.0,145,145,145.0,33.3,33.0,37,0.0,0.0,147.0,147.0,167.0,167.0,243.0,243.0,2.5,2.0,5,1.4,4
0.5,0.1,2.0,North Carolina,145.0,145,145,145.0,26.2,26.0,29,0.0,0.0,147.0,147.0,167.0,167.0,243.0,243.0,2.8,3.0,4,1.4,5
1.0,0.25,2.0,North Carolina,145.0,145,145,145.0,33.2,33.0,35,0.0,0.0,147.0,147.0,167.3,167.0,243.0,243.0,3.0,3.0,5,1.7,4
2.0,0.25,2.0,North Carolina,145.0,145,145,145.0,33.8,33.5,37,0.0,0.0,147.0,147.0,167.0,167.0,243.0,243.0,3.4,3.0,5,1.7,5
0.5,0.25,1.0,North Carolina,145.0,145,145,145.0,23.5,23.5,25,0.0,0.0,147.0,147.0,167.0,167.0,243.0,243.0,1.8,2.0,3,1.9,5
1.0,0.25,1.0,North Carolina,145.0,145,145,145.0,30.4,30.5,34,0.0,0.0,147.0,147.0,167.0,167.0,243.0,243.0,3.6,3.5,5,2.1,4
0.5,0.25,2.0,North Carolina,145.0,145,145,145.0,28.7,29.0,30,0.0,0.0,147.0,147.0,167.0,167.0,243.0,243.0,3.1,3.0,4,2.5,4
1.0,0.25,0.5,North Carolina,145.0,145,145,145.0,24.1,24.5,26,0.0,0.0,147.0,147.0,167.0,167.0,243.0,243.0,3.2,3.0,5,3.2,5
0.5,0.1,0.5,North Carolina,145.2,145,147,145.0,12.4,12.5,14,0.0,0.0,149.0,147.0,167.8,167.0,236.9,243.0,1.4,1.0,2,0.6,2
0.5,0.1,1.0,North Carolina,145.2,145,147,145.0,21.4,21.5,24,0.0,0.0,149.0,147.0,169.4,167.0,230.8,243.0,2.0,2.0,3,0.8,3
2.0,0.05,1.0,North Carolina,145.4,145,147,145.0,29.9,30.0,33,0.0,0.0,151.8,147.0,171.0,167.0,230.8,243.0,3.7,3.0,7,0.2,1
2.0,0.05,2.0,North Carolina,145.4,145,147,145.0,29.4,29.5,32,0.0,0.0,151.0,147.0,169.4,167.0,224.7,243.0,4.0,4.0,6,0.3,3
1.0,0.05,1.0,North Carolina,145.4,145,147,145.0,24.9,25.0,27,0.0,0.0,155.8,147.0,174.7,172.5,224.7,243.0,3.0,3.0,4,0.9,4
1.0,0.05,0.5,North Carolina,145.4,145,147,145.0,20.7,20.5,23,0.0,0.0,159.2,147.0,177.5,179.5,224.7,243.0,2.5,2.0,6,1.3,3
1.0,0.1,0.5,North Carolina,145.6,145,147,145.0,22.4,22.0,25,0.0,0.0,153.8,147.0,170.4,167.0,236.9,243.0,2.6,2.0,5,1.4,3
1.0,0.05,2.0,North Carolina,145.8,145,147,145.0,28.5,29.0,30,0.0,0.0,156.8,147.0,174.6,175.0,239.8,243.0,3.6,3.5,5,0.3,2
0.5,0.05,0.5,North Carolina,145.8,145,147,145.0,10.3,10.5,14,0.0,0.0,162.2,167.0,176.5,175.0,230.8,243.0,1.3,1.0,3,0.4,1
2.0,0.01,0.5,Maine,146.2,61,200,182.0,6.0,6.0,8,0.0,0.0,194.6,200.0,224.0,219.0,324.25,326.0,1.125,1.0,2,0.2,1
0.5,0.01,0.5,West Virginia,147.33333333333334,142,155,145.0,2.0,2.0,2,0.0,0.0,217.66666666666666,249.0,,,,,0.0,0.0,0,0.0,0
0.5,0.05,2.0,North Carolina,148.2,145,175,145.0,24.6,25.0,26,0.0,0.0,155.0,147.0,173.4,171.0,224.7,243.0,3.8,3.0,6,0.5,2
2.0,0.01,1.0,Maine,148.5,61,219,185.5,6.1,6.0,8,0.1,1.0,214.8,200.0,238.8,219.0,317.4,331.0,0.8571428571428571,1.0,2,0.6,2
2.0,0.01,2.0,Maine,150.4,61,219,182.0,6.2,6.0,8,0.0,0.0,213.2,202.0,233.4,219.0,308.1666666666667,328.5,1.4285714285714286,1.0,3,0.5,2
ALL,ALL,ALL,North Carolina,151.4111111111111,145,197,145.0,23.269444444444446,25.0,37,0.0,0.0,159.4638888888889,147.0,176.74444444444444,167.0,249.03142857142856,243.0,2.926760563380282,3.0,10,0.9222222222222223,5
1.0,0.01,0.5,Montana,156.7,120,333,120.0,4.6,5.0,6,0.0,0.0,264.5,256.0,287.75,287.5,314.125,314.0,1.1,1.0,2,0.3,1
0.5,0.01,2.0,Arkansas,157.3,99,299,129.0,4.2,4.0,6,0.0,0.0,276.3,275.0,343.1111111111111,332.0,271.7,333.0,2.7,3.0,4,0.1,1
1.0,0.01,1.0,Alabama,160.0,75,328,126.0,5.9,6.5,8,0.0,0.0,222.0,180.0,292.0,285.0,255.8,183.0,1.6,1.0,3,0.0,0
0.5,0.01,0.5,Arkansas,160.6,99,253,99.0,1.4,1.0,2,0.0,0.0,216.5,216.5,,,108.66666666666667,112.0,2.6666666666666665,3.0,3,0.0,0
2.0,0.01,1.0,South Carolina,163.1,109,208,173.5,8.8,9.5,12,0.0,0.0,238.2,214.0,280.2,244.0,353.25,259.0,1.8,2.0,4,0.5,1
0.5,0.01,0.5,Delaware,163.4,51,283,118.0,1.8,2.0,3,0.0,0.0,229.66666666666666,283.0,283.0,283.0,158.0,158.0,1.5,1.5,2,0.0,0
0.5,0.01,1.0,North Carolina,163.7,145,194,157.0,12.6,12.0,16,0.0,0.0,186.4,186.0,195.9,190.5,300.0,272.0,1.375,1.0,3,0.4,1
1.0,0.01,2.0,North Carolina,165.1,147,187,167.0,17.9,17.5,21,0.0,0.0,183.6,187.0,196.9,194.0,313.1,296.0,4.8,5.0,7,0.7,2
1.0,0.01,2.0,Maine,165.5,61,229,182.0,5.8,6.0,7,0.0,0.0,206.1,201.0,235.8,219.0,311.75,318.0,1.3333333333333333,1.0,3,0.2,1
0.5,0.01,0.5,Maine,166.2,61,219,189.5,3.0,3.0,5,0.0,0.0,205.55555555555554,200.0,244.25,233.5,268.0,268.0,0.2,0.0,1,0.4,1
1.0,0.01,1.0,North Carolina,167.0,147,187,175.0,15.1,15.0,19,0.0,0.0,190.0,186.0,198.5,194.0,265.1,243.0,3.4,3.5,5,0.5,2
1.0,0.01,0.5,North Carolina,167.8,145,197,161.0,12.3,12.5,15,0.0,0.0,182.1,187.0,197.1,194.0,319.5,339.0,1.8888888888888888,2.0,6,0.6,2
2.0,0.01,0.5,North Carolina,170.1,145,194,177.0,17.1,16.5,20,0.0,0.0,191.9,194.0,199.8,197.0,292.3,243.0,3.5,3.0,5,0.4,1
0.5,0.01,1.0,Alabama,170.4,75,406,140.0,2.2,2.0,4,0.0,0.0,218.85714285714286,183.0,189.0,172.0,157.66666666666666,145.0,1.3333333333333333,1.0,2,0.0,0
0.5,0.01,2.0,Maine,171.2,100,202,182.0,5.4,5.0,7,0.0,0.0,206.8,210.5,240.8,224.0,315.25,331.0,0.8571428571428571,1.0,3,0.6,2
2.0,0.01,2.0,Montana,171.7,120,274,120.0,6.3,6.5,8,0.0,0.0,267.1,274.0,303.0,301.0,381.4,383.0,2.2,2.0,5,0.4,1
2.0,0.01,2.0,North Carolina,171.9,147,194,175.0,18.6,19.0,21,0.0,0.0,192.0,194.0,202.4,196.5,290.6,256.5,3.8,3.5,10,0.3,1
0.5,0.01,0.5,North Carolina,172.4,147,194,171.0,6.9,7.0,9,0.0,0.0,188.1,190.5,196.9,194.0,262.2,243.0,0.75,1.0,2,0.5,2
0.5,0.01,2.0,North Carolina,173.2,147,194,171.0,13.5,13.5,17,0.0,0.0,191.4,194.0,197.4,196.5,328.8,339.0,2.9,2.5,7,0.8,2
1.0,0.01,0.5,South Carolina,173.3,109,208,181.0,3.6,3.0,7,0.0,0.0,217.6,208.0,281.8888888888889,223.0,232.0,233.5,1.0,1.0,1,0.0,0
2.0,0.01,1.0,Rhode Island,174.0,63,276,208.0,1.7777777777777777,2.0,3,0.0,0.0,376.1666666666667,352.0,562.0,562.0,,,0.0,0.0,0,0.0,0
1.0,0.01,1.0,West Virginia,174.0,121,295,150.0,4.2,4.0,5,0.0,0.0,292.9,295.0,358.6,357.0,373.0,479.0,2.2857142857142856,2.0,4,0.0,0
2.0,0.01,0.5,South Carolina,176.9,109,214,187.0,7.9,8.0,14,0.1,1.0,245.6,222.0,265.4,244.5,343.4,321.0,1.8333333333333333,1.5,5,0.3,1
2.0,0.01,1.0,North Carolina,177.2,145,194,187.0,17.5,18.0,19,0.0,0.0,190.6,190.5,204.8,194.0,285.2,256.5,4.8,4.0,9,0.6,2
0.5,0.01,1.0,Arkansas,178.5,99,335,132.5,2.3,2.0,4,0.0,0.0,295.125,288.0,306.0,292.0,80.66666666666667,102.0,4.333333333333333,5.0,6,0.0,0
2.0,0.01,2.0,West Virginia,178.5,49,295,155.0,5.2,5.5,6,0.0,0.0,268.7,295.0,333.1,357.0,426.7142857142857,479.0,2.4285714285714284,2.0,5,0.0,0
2.0,0.01,0.5,West Virginia,179.4,49,295,155.0,5.5,6.0,8,0.0,0.0,235.3,240.0,330.6,357.0,381.6,479.0,1.9,1.5,3,0.0,0
0.5,0.01,1.0,South Carolina,181.0,91,223,208.0,2.9,2.5,5,0.0,0.0,220.2,231.5,262.8,223.0,195.5,195.5,1.0,1.0,1,0.0,0
0.5,0.01,1.0,Mississippi,181.33333333333334,97,218,187.0,2.0,2.0,3,0.0,0.0,222.66666666666666,220.0,321.3333333333333,249.0,,,0.0,0.0,0,0.0,0
1.0,0.01,0.5,Maine,184.7,100,219,191.0,5.2,5.0,7,0.0,0.0,213.6,219.0,247.0,229.0,313.2,318.0,0.6666666666666666,1.0,2,0.6,1
1.0,0.01,0.5,Arkansas,187.8,99,342,136.0,2.8,3.0,4,0.0,0.0,289.77777777777777,284.0,334.0,338.5,160.5,107.0,2.3333333333333335,2.0,4,0.0,0
2.0,0.01,2.0,Mississippi,187.8,97,266,187.0,4.4,4.0,6,0.0,0.0,243.2,242.0,369.7,317.0,179.4,220.0,1.6,2.0,2,0.0,0
2.0,0.01,1.0,West Virginia,191.3,49,295,150.0,5.2,5.0,7,0.0,0.0,285.1,295.0,352.4,357.0,412.3333333333333,467.5,1.1666666666666667,1.0,2,0.0,0
1.0,0.01,1.0,Mississippi,191.6,97,266,214.5,3.2,3.0,6,0.0,0.0,280.2,260.0,323.42857142857144,266.0,209.0,209.0,1.0,1.0,1,0.0,0
0.5,0.01,0.5,New Hampshire,191.75,83,293,195.5,1.0,1.0,1,,,,,,,99.0,99.0,1.0,1.0,1,0.0,0
1.0,0.01,1.0,South Carolina,195.8,109,248,208.0,5.0,5.0,7,0.0,0.0,260.3,223.0,349.3,281.0,323.6666666666667,236.0,1.6666666666666667,2.0,2,0.0,0
1.0,0.01,0.5,Rhode Island,197.0,63,276,208.0,1.1428571428571428,1.0,2,0.0,0.0,276.0,276.0,,,,,0.0,0.0,0,0.0,0
0.5,0.01,1.0,West Virginia,197.4,49,357,155.0,3.2,3.0,5,0.0,0.0,283.5,295.0,323.42857142857144,357.0,238.25,244.0,1.75,1.5,3,0.0,0
0.5,0.01,2.0,South Carolina,198.4,113,403,191.0,5.2,5.0,8,0.1,1.0,248.2,217.5,303.4,249.5,343.2,240.0,1.4,1.0,2,0.1,1
1.0,0.01,2.0,Mississippi,198.8,133,249,211.0,4.4,4.0,7,0.0,0.0,263.1,254.0,321.1111111111111,266.0,227.0,220.0,1.4,1.0,2,0.0,0
0.5,0.01,0.5,South Carolina,199.25,131,248,208.0,2.75,2.0,6,0.0,0.0,229.5,240.0,243.66666666666666,221.0,203.0,203.0,1.0,1.0,1,0.0,0
0.5,0.01,1.0,Maine,199.3,182,275,185.5,4.7,5.0,8,0.0,0.0,223.3,209.5,253.1,232.0,316.0,318.0,1.0,1.0,4,0.4,1
1.0,0.01,2.0,South Carolina,201.2,109,265,208.5,7.6,8.0,10,0.0,0.0,243.2,240.0,318.1,329.0,434.85714285714283,482.0,1.4285714285714286,1.0,2,0.1,1
0.5,0.01,0.5,Rhode Island,202.25,185,208,208.0,1.25,1.0,2,0.0,0.0,208.0,208.0,,,,,0.0,0.0,0,0.0,0
0.5,0.01,2.0,Delaware,203.8,51,303,283.0,2.0,2.0,3,0.0,0.0,323.0,285.0,293.0,293.0,251.0,195.0,1.6,2.0,2,0.0,0
2.0,0.01,0.5,Mississippi,205.6,132,266,206.0,4.3,5.0,7,0.0,0.0,259.44444444444446,249.0,344.22222222222223,315.0,420.5,420.5,2.0,2.0,3,0.0,0
1.0,0.01,1.0,Delaware,206.7,73,318,283.0,2.0,2.0,3,0.0,0.0,303.6666666666667,289.0,416.0,416.0,145.66666666666666,121.0,1.6666666666666667,1.0,3,0.0,0
1.0,0.01,2.0,West Virginia,213.5,76,332,217.0,4.8,5.0,6,0.0,0.0,307.5,313.5,341.8,357.0,365.5,396.5,2.5,2.5,4,0.0,0
2.0,0.01,1.0,Mississippi,214.0,175,266,214.5,4.9,5.0,7,0.0,0.0,255.8,236.0,336.5,266.0,124.0,124.0,1.75,2.0,2,0.0,0
2.0,0.01,2.0,Rhode Island,216.25,63,573,208.0,1.625,2.0,2,0.0,0.0,466.4,550.0,,,,,0.0,0.0,0,0.0,0
0.5,0.01,2.0,West Virginia,219.5,49,357,212.0,4.4,4.5,8,0.0,0.0,264.55555555555554,295.0,354.1111111111111,357.0,371.2857142857143,351.0,1.8571428571428572,1.0,4,0.0,0
1.0,0.01,0.5,West Virginia,220.0,49,295,287.0,4.0,4.0,7,0.0,0.0,294.6,324.0,319.44444444444446,357.0,326.0,351.0,1.2,1.0,2,0.0,0
2.0,0.01,2.0,South Carolina,222.2,131,469,201.5,9.2,9.0,11,0.0,0.0,252.3,232.5,318.3,246.0,419.6,507.5,1.8,1.0,4,0.4,1
0.5,0.01,2.0,Mississippi,222.5,133,497,211.0,3.4,3.5,5,0.0,0.0,243.55555555555554,249.0,346.1111111111111,266.0,322.75,243.0,1.0,1.0,1,0.0,0
1.0,0.01,0.5,Delaware,226.7,82,318,283.0,1.6,2.0,2,0.0,0.0,312.6666666666667,293.0,,,236.2,195.0,1.2,1.0,2,0.0,0
0.5,0.01,2.0,New Hampshire,230.1,83,306,290.0,2.7,3.0,4,0.0,0.0,322.22222222222223,306.0,392.8333333333333,397.0,,,0.0,0.0,0,0.0,0
0.5,0.01,1.0,Delaware,230.3,82,298,283.0,1.5,1.5,2,0.0,0.0,291.8,293.0,,,158.0,158.0,1.0,1.0,1,0.0,0
1.0,0.01,2.0,Rhode Island,231.5,63,573,208.0,2.1,2.0,3,0.0,0.0,351.14285714285717,276.0,485.5,470.5,,,0.0,0.0,0,0.0,0
0.5,0.01,1.0,Rhode Island,235.83333333333334,197,276,229.0,1.0,1.0,1,,,,,,,,,0.0,0.0,0,0.0,0
0.5,0.01,2.0,Rhode Island,236.0,63,428,208.0,1.7,1.5,3,0.0,0.0,279.2,276.0,424.5,424.5,,,0.0,0.0,0,0.0,0
1.0,0.01,0.5,Mississippi,236.14285714285714,175,497,190.0,2.2857142857142856,2.0,4,0.0,0.0,226.4,218.0,271.0,249.0,220.0,220.0,1.0,1.0,1,0.0,0
1.0,0.01,2.0,Delaware,247.9,82,298,283.0,2.0,2.0,2,0.0,0.0,305.0,291.5,,,308.2,335.0,1.2,1.0,2,0.0,0
2.0,0.01,1.0,New Hampshire,251.7,98,306,284.5,3.2,3.0,4,0.0,0.0,318.3,299.5,415.6666666666667,463.0,,,0.0,0.0,0,0.0,0
1.0,0.01,1.0,Rhode Island,259.3333333333333,63,550,208.0,2.4444444444444446,3.0,3,0.0,0.0,336.125,276.0,426.6,428.0,,,0.0,0.0,0,0.0,0
2.0,0.01,0.5,New Hampshire,260.3,83,306,284.5,2.9,3.0,5,0.0,0.0,332.4,317.5,398.5,406.5,184.5,184.5,1.0,1.0,1,0.0,0
2.0,0.01,1.0,Delaware,265.6,82,298,283.0,2.0,2.0,2,0.0,0.0,313.8,291.0,,,369.6666666666667,335.0,1.0,1.0,1,0.0,0
2.0,0.01,2.0,Delaware,267.1,118,285,283.0,2.2,2.0,3,0.0,0.0,322.5,295.5,420.0,420.0,228.0,228.0,1.5,1.5,2,0.0,0
1.0,0.01,0.5,New Hampshire,272.55555555555554,156,329,293.0,2.111111111111111,2.0,3,0.0,0.0,323.75,317.5,331.0,331.0,,,0.0,0.0,0,0.0,0
0.5,0.01,1.0,New Hampshire,274.1,240,306,269.0,1.9,2.0,3,0.0,0.0,315.42857142857144,331.0,321.5,321.5,,,0.0,0.0,0,0.0,0
1.0,0.01,1.0,New Hampshire,279.1,240,306,284.5,2.8,3.0,4,0.0,0.0,350.6666666666667,331.0,394.7142857142857,350.0,,,0.0,0.0,0,0.0,0
2.0,0.01,2.0,New Hampshire,287.1,240,306,293.0,3.1,3.0,4,0.0,0.0,311.2,330.0,404.0,463.0,,,0.0,0.0,0,0.0,0
2.0,0.01,0.5,Delaware,289.2,280,303,283.0,2.0,2.0,2,0.0,0.0,333.8,299.0,,,387.0,387.0,1.0,1.0,1,0.0,0
1.0,0.01,2.0,New Hampshire,292.0,240,447,284.5,3.2,3.0,5,0.0,0.0,341.0,330.0,372.2857142857143,331.0,464.0,464.0,1.0,1.0,1,0.0,0
2.0,0.01,0.5,Rhode Island,310.625,63,573,216.0,1.625,1.0,3,0.0,0.0,367.3333333333333,276.0,500.5,500.5,,,0.0,0.0,0,0.0,0
