alpha,beta,gamma,state,mean_first_intro_day,earliest_first_intro_day,latest_first_intro_day,median_first_intro_day,mean_intro_count,median_intro_count,max_intro_count,mean_cumu_before_second_intro,max_cumu_before_second_intro,mean_intro_day_2,median_intro_day_2,mean_intro_day_3,median_intro_day_3,mean_first_export_day,median_first_export_day,mean_export_count,median_export_count,max_export_count,mean_total_cumu_cases,max_total_cumu_cases
0.5,0.01,0.5,Texas,28.0,28,28,28.0,23.8,23.5,29,0.0,0.0,28.0,28.0,28.0,28.0,38.8,42.5,37.2,35.5,45,30.9,34
0.5,0.01,1.0,Texas,28.0,28,28,28.0,26.0,25.5,32,0.0,0.0,28.0,28.0,28.0,28.0,34.9,31.0,50.7,51.5,60,36.4,42
0.5,0.05,0.5,Texas,28.0,28,28,28.0,29.2,29.5,35,0.0,0.0,28.0,28.0,28.0,28.0,29.6,29.5,48.1,47.5,53,38.1,43
0.5,0.1,0.5,Texas,28.0,28,28,28.0,29.7,29.5,33,0.0,0.0,28.0,28.0,28.0,28.0,29.8,30.0,49.4,49.5,55,38.6,42
1.0,0.01,0.5,Texas,28.0,28,28,28.0,29.5,28.0,35,0.0,0.0,28.0,28.0,28.0,28.0,35.3,31.0,57.4,56.0,64,39.3,44
0.5,0.05,1.0,Texas,28.0,28,28,28.0,33.9,34.0,41,0.0,0.0,28.0,28.0,28.0,28.0,29.7,30.0,56.4,56.5,62,42.0,45
0.5,0.25,0.5,Texas,28.0,28,28,28.0,30.1,29.5,33,0.0,0.0,28.0,28.0,28.0,28.0,29.0,29.0,47.8,48.0,50,42.0,47
1.0,0.01,1.0,Texas,28.0,28,28,28.0,32.8,33.5,39,0.0,0.0,28.0,28.0,28.0,28.0,39.6,43.0,71.1,71.0,84,43.3,48
0.5,0.01,2.0,Texas,28.0,28,28,28.0,31.5,32.5,37,0.0,0.0,28.0,28.0,28.0,28.0,37.7,42.5,64.4,66.0,70,44.0,47
1.0,0.1,0.5,Texas,28.0,28,28,28.0,42.3,42.0,48,0.0,0.0,28.0,28.0,28.0,28.0,29.4,29.0,65.6,65.0,71,45.0,49
0.5,0.1,1.0,Texas,28.0,28,28,28.0,33.9,34.0,37,0.0,0.0,28.0,28.0,28.0,28.0,29.4,29.0,57.7,57.0,64,45.3,50
0.5,0.25,1.0,Texas,28.0,28,28,28.0,37.1,37.0,44,0.0,0.0,28.0,28.0,28.0,28.0,29.1,29.0,57.2,56.5,61,45.7,50
1.0,0.05,0.5,Texas,28.0,28,28,28.0,40.3,40.0,47,0.0,0.0,28.0,28.0,28.0,28.0,29.8,30.0,67.5,68.0,77,46.1,51
0.5,0.1,2.0,Texas,28.0,28,28,28.0,45.3,46.5,51,0.0,0.0,28.0,28.0,28.0,28.0,29.5,29.0,77.0,76.0,82,47.5,57
ALL,ALL,ALL,Texas,28.0,28,28,28.0,38.958333333333336,40.5,51,0.0,0.0,28.0,28.0,28.0,28.0,31.225,29.0,77.52777777777777,79.0,115,47.65277777777778,62
2.0,0.01,0.5,Texas,28.0,28,28,28.0,33.6,33.5,41,0.0,0.0,28.0,28.0,28.0,28.0,34.5,31.0,83.8,84.0,90,47.7,54
0.5,0.05,2.0,Texas,28.0,28,28,28.0,41.7,41.0,47,0.0,0.0,28.0,28.0,28.0,28.0,30.1,30.0,77.7,78.0,82,47.9,55
1.0,0.25,0.5,Texas,28.0,28,28,28.0,42.0,42.5,45,0.0,0.0,28.0,28.0,28.0,28.0,29.0,29.0,63.7,64.0,67,48.1,54
1.0,0.05,1.0,Texas,28.0,28,28,28.0,42.8,42.5,50,0.0,0.0,28.0,28.0,28.0,28.0,29.3,29.0,81.8,81.0,88,48.3,53
1.0,0.1,1.0,Texas,28.0,28,28,28.0,45.0,45.5,47,0.0,0.0,28.0,28.0,28.0,28.0,29.1,29.0,77.7,78.0,84,48.5,53
2.0,0.05,0.5,Texas,28.0,28,28,28.0,44.4,46.0,47,0.0,0.0,28.0,28.0,28.0,28.0,29.6,30.0,96.8,98.0,113,48.9,54
1.0,0.01,2.0,Texas,28.0,28,28,28.0,34.3,33.0,42,0.0,0.0,28.0,28.0,28.0,28.0,37.6,40.0,86.0,84.0,100,49.2,56
2.0,0.1,0.5,Texas,28.0,28,28,28.0,45.9,45.5,50,0.0,0.0,28.0,28.0,28.0,28.0,29.2,29.0,91.6,91.5,102,49.4,51
2.0,0.01,2.0,Texas,28.0,28,28,28.0,37.7,37.5,45,0.0,0.0,28.0,28.0,28.0,28.0,35.3,31.0,100.4,100.5,115,50.0,54
1.0,0.25,1.0,Texas,28.0,28,28,28.0,45.2,45.0,48,0.0,0.0,28.0,28.0,28.0,28.0,29.0,29.0,80.6,80.5,84,50.4,54
1.0,0.05,2.0,Texas,28.0,28,28,28.0,43.9,43.5,48,0.0,0.0,28.0,28.0,28.0,28.0,29.6,29.5,92.9,93.5,101,50.7,57
0.5,0.25,2.0,Texas,28.0,28,28,28.0,43.9,43.5,48,0.0,0.0,28.0,28.0,28.0,28.0,29.0,29.0,74.1,74.0,78,51.4,58
2.0,0.25,0.5,Texas,28.0,28,28,28.0,45.5,45.0,49,0.0,0.0,28.0,28.0,28.0,28.0,29.0,29.0,92.0,92.5,97,51.5,57
2.0,0.01,1.0,Texas,28.0,28,28,28.0,35.1,35.5,40,0.0,0.0,28.0,28.0,28.0,28.0,37.5,41.0,94.3,92.0,107,51.9,58
2.0,0.05,1.0,Texas,28.0,28,28,28.0,44.7,44.5,48,0.0,0.0,28.0,28.0,28.0,28.0,29.7,29.5,103.9,104.0,110,52.4,56
1.0,0.1,2.0,Texas,28.0,28,28,28.0,45.0,45.5,50,0.0,0.0,28.0,28.0,28.0,28.0,29.2,29.0,92.0,92.0,98,53.0,61
2.0,0.1,1.0,Texas,28.0,28,28,28.0,44.1,43.5,50,0.0,0.0,28.0,28.0,28.0,28.0,29.4,29.0,102.8,102.5,108,54.2,59
1.0,0.25,2.0,Texas,28.0,28,28,28.0,44.8,45.5,49,0.0,0.0,28.0,28.0,28.0,28.0,29.1,29.0,88.1,88.0,92,54.4,59
2.0,0.05,2.0,Texas,28.0,28,28,28.0,43.6,43.5,48,0.0,0.0,28.0,28.0,28.0,28.0,30.1,30.0,104.8,105.5,114,54.7,59
2.0,0.25,1.0,Texas,28.0,28,28,28.0,44.6,45.0,49,0.0,0.0,28.0,28.0,28.0,28.0,29.0,29.0,97.6,98.0,102,55.0,60
2.0,0.1,2.0,Texas,28.0,28,28,28.0,44.4,44.0,51,0.0,0.0,28.0,28.0,28.0,28.0,29.1,29.0,102.0,101.5,109,56.5,61
2.0,0.25,2.0,Texas,28.0,28,28,28.0,44.9,45.0,48,0.0,0.0,28.0,28.0,28.0,28.0,29.1,29.0,98.9,97.0,105,57.2,62
0.5,0.25,2.0,Minnesota,29.0,29,29,29.0,25.4,25.0,29,6.3,8.0,39.4,39.0,41.2,40.0,31.6,28.0,60.1,60.0,68,49.0,53
2.0,0.25,0.5,Minnesota,29.0,29,29,29.0,25.3,25.5,29,6.7,8.0,39.4,39.0,40.8,40.0,31.6,28.0,58.4,58.5,64,50.0,54
2.0,0.25,1.0,Minnesota,29.0,29,29,29.0,25.5,25.5,28,7.3,10.0,39.6,40.0,42.0,41.0,33.4,37.0,57.6,57.5,61,50.1,53
1.0,0.25,0.5,Minnesota,29.0,29,29,29.0,22.5,22.0,26,6.3,8.0,39.4,39.0,42.2,40.0,31.6,28.0,56.2,56.0,62,50.5,52
0.5,0.25,0.5,Minnesota,29.0,29,29,29.0,20.6,20.5,25,7.5,8.0,39.8,40.0,43.2,43.0,32.5,32.5,54.2,54.5,58,51.0,55
1.0,0.25,1.0,Minnesota,29.0,29,29,29.0,22.7,23.0,25,7.7,10.0,39.5,39.5,41.5,40.5,32.5,32.5,59.4,60.0,63,51.9,55
1.0,0.25,1.0,New Mexico,30.0,30,30,30.0,13.5,13.5,15,0.0,0.0,34.0,34.0,35.0,35.0,28.0,28.0,33.2,33.0,37,2.9,4
2.0,0.25,2.0,New Mexico,30.0,30,30,30.0,13.0,13.0,14,0.0,0.0,34.0,34.0,35.0,35.0,28.0,28.0,34.2,34.5,38,3.2,4
1.0,0.25,2.0,New Mexico,30.0,30,30,30.0,13.3,13.0,14,0.0,0.0,34.0,34.0,35.0,35.0,28.0,28.0,31.9,32.0,36,3.3,4
1.0,0.25,0.5,New Mexico,30.0,30,30,30.0,11.8,12.0,13,0.0,0.0,34.0,34.0,35.0,35.0,28.0,28.0,27.0,27.0,31,3.4,5
2.0,0.25,1.0,New Mexico,30.0,30,30,30.0,12.8,12.5,14,0.0,0.0,34.0,34.0,35.0,35.0,28.0,28.0,33.6,33.0,38,3.5,4
2.0,0.25,0.5,New Mexico,30.0,30,30,30.0,12.9,13.0,15,0.0,0.0,34.0,34.0,35.0,35.0,28.0,28.0,33.8,34.5,38,3.5,4
0.5,0.25,1.0,New Mexico,30.0,30,30,30.0,11.5,11.5,13,0.0,0.0,34.0,34.0,35.4,35.0,28.0,28.0,26.7,26.5,31,3.6,5
2.0,0.1,1.0,New Mexico,30.0,30,30,30.0,12.5,12.5,14,0.0,0.0,34.2,34.0,35.8,35.0,28.0,28.0,37.7,37.0,42,3.8,5
0.5,0.25,2.0,New Mexico,30.0,30,30,30.0,12.5,12.5,14,0.0,0.0,34.0,34.0,35.0,35.0,28.0,28.0,32.4,33.0,35,4.0,5
0.5,0.25,0.5,New Mexico,30.4,30,34,30.0,10.4,10.5,12,0.0,0.0,34.1,34.0,35.4,35.0,28.0,28.0,23.2,24.0,25,3.6,5
2.0,0.1,2.0,New Mexico,30.4,30,34,30.0,12.1,12.0,14,0.0,0.0,34.1,34.0,35.4,35.0,28.0,28.0,37.3,38.0,41,4.0,6
2.0,0.1,0.5,New Mexico,30.4,30,34,30.0,12.3,12.0,14,0.0,0.0,34.1,34.0,35.8,35.0,28.0,28.0,37.8,36.5,42,4.0,5
1.0,0.1,0.5,New Mexico,30.4,30,34,30.0,10.9,11.0,12,0.0,0.0,34.2,34.0,36.3,35.0,28.0,28.0,31.4,31.0,35,4.1,5
0.5,0.05,1.0,New Mexico,30.4,30,34,30.0,10.5,11.0,13,0.3,2.0,37.4,34.5,46.2,39.5,28.0,28.0,29.2,29.0,33,4.4,6
1.0,0.1,1.0,Minnesota,30.6,29,45,29.0,26.9,26.5,30,5.2,8.0,40.2,39.0,42.9,40.0,29.9,28.0,56.6,56.5,61,47.4,50
2.0,0.1,2.0,Minnesota,30.6,29,45,29.0,27.2,28.0,33,5.4,9.0,40.1,39.0,42.4,40.0,30.7,28.0,57.6,57.0,61,47.7,52
2.0,0.25,2.0,Minnesota,30.6,29,45,29.0,25.8,25.0,31,6.2,9.0,40.4,40.0,43.4,43.0,29.8,28.0,60.7,61.0,64,50.5,54
0.5,0.25,1.0,Minnesota,30.6,29,45,29.0,22.8,22.5,26,6.0,10.0,40.3,39.5,41.5,40.5,32.5,32.5,56.1,56.0,62,50.7,54
1.0,0.25,2.0,Minnesota,30.6,29,45,29.0,23.6,23.0,29,6.8,10.0,40.4,40.0,42.9,41.0,32.5,28.0,60.7,61.0,67,52.1,56
0.5,0.1,1.0,New Mexico,30.8,30,34,30.0,11.2,11.0,12,0.0,0.0,34.3,34.0,36.2,35.0,28.0,28.0,27.7,27.5,32,3.8,5
0.5,0.1,0.5,New Mexico,30.8,30,34,30.0,10.1,10.0,12,0.0,0.0,34.3,34.0,36.7,35.0,28.0,28.0,28.2,29.0,33,4.0,6
0.5,0.1,2.0,New Mexico,30.8,30,34,30.0,12.1,12.0,13,0.1,1.0,35.1,34.0,38.5,35.0,28.0,28.0,37.0,37.5,40,4.2,6
2.0,0.05,0.5,New Mexico,30.9,30,35,30.0,11.4,11.0,13,0.0,0.0,35.1,34.0,37.8,39.0,28.0,28.0,37.4,37.0,44,4.7,6
0.5,0.1,0.5,Oklahoma,31.0,31,31,31.0,13.7,13.5,17,0.0,0.0,40.0,36.0,55.4,56.0,30.1,28.0,5.8,6.0,8,0.1,1
0.5,0.25,0.5,Oklahoma,31.0,31,31,31.0,16.9,17.0,18,0.0,0.0,37.7,36.0,53.6,53.0,28.7,28.0,6.9,6.5,10,0.4,2
1.0,0.05,0.5,Oklahoma,31.0,31,31,31.0,20.1,20.0,23,0.0,0.0,40.0,36.0,55.7,56.0,28.0,28.0,6.8,7.0,8,1.9,3
0.5,0.1,1.0,Oklahoma,31.0,31,31,31.0,19.7,20.0,22,0.0,0.0,39.4,36.0,54.8,56.0,28.0,28.0,9.4,9.5,12,2.2,4
0.5,0.05,2.0,Oklahoma,31.0,31,31,31.0,28.8,29.0,32,0.0,0.0,46.3,46.0,57.9,59.0,28.0,28.0,5.9,6.0,9,2.3,5
1.0,0.1,0.5,Oklahoma,31.0,31,31,31.0,23.2,23.0,26,0.0,0.0,38.0,36.0,55.7,56.0,28.0,28.0,9.8,10.5,11,2.8,5
1.0,0.1,1.0,Oklahoma,31.0,31,31,31.0,32.6,32.5,35,0.0,0.0,41.4,36.0,54.8,54.5,28.0,28.0,10.1,10.0,13,3.0,4
0.5,0.25,1.0,Oklahoma,31.0,31,31,31.0,23.1,23.0,27,0.0,0.0,36.0,36.0,53.6,53.0,28.0,28.0,12.4,13.0,15,3.4,6
2.0,0.05,0.5,Oklahoma,31.0,31,31,31.0,36.9,37.5,40,0.0,0.0,40.3,36.0,56.6,56.0,28.7,28.0,9.7,9.0,13,3.4,5
0.5,0.25,1.0,Utah,31.0,31,31,31.0,12.3,12.0,14,0.0,0.0,33.0,33.0,58.0,58.0,28.0,28.0,21.8,22.0,26,3.6,4
2.0,0.1,0.5,Oklahoma,31.0,31,31,31.0,40.0,40.0,42,0.0,0.0,38.0,36.0,55.1,56.0,28.0,28.0,12.6,12.5,14,3.6,5
1.0,0.25,0.5,Oklahoma,31.0,31,31,31.0,26.9,27.0,31,0.0,0.0,36.0,36.0,53.0,53.0,28.0,28.0,13.1,12.5,17,3.7,6
1.0,0.25,1.0,Utah,31.0,31,31,31.0,12.9,13.0,14,0.0,0.0,33.0,33.0,58.0,58.0,28.0,28.0,22.9,23.0,27,4.6,6
2.0,0.25,1.0,Utah,31.0,31,31,31.0,13.6,13.5,15,0.0,0.0,33.0,33.0,58.0,58.0,28.0,28.0,24.4,25.0,26,4.7,6
2.0,0.25,0.5,Oklahoma,31.0,31,31,31.0,39.7,39.5,42,0.0,0.0,36.0,36.0,53.3,53.0,28.0,28.0,14.5,14.5,19,4.9,8
1.0,0.25,2.0,Utah,31.0,31,31,31.0,12.3,12.5,14,0.0,0.0,33.0,33.0,58.0,58.0,28.0,28.0,24.8,25.0,28,5.2,6
2.0,0.1,1.0,Oklahoma,31.0,31,31,31.0,42.9,43.0,45,0.0,0.0,36.0,36.0,55.1,56.0,28.0,28.0,12.6,12.5,16,5.3,7
2.0,0.1,2.0,Oklahoma,31.0,31,31,31.0,44.4,44.0,46,0.0,0.0,38.0,36.0,55.4,56.0,28.0,28.0,14.2,13.5,18,5.4,6
2.0,0.05,1.0,Oklahoma,31.0,31,31,31.0,40.0,40.0,41,0.0,0.0,42.0,36.0,57.0,56.0,28.0,28.0,9.8,9.5,14,5.6,7
1.0,0.25,1.0,Oklahoma,31.0,31,31,31.0,36.0,36.0,39,0.0,0.0,36.0,36.0,53.3,53.0,28.0,28.0,14.6,14.5,18,6.4,10
2.0,0.25,1.0,Oklahoma,31.0,31,31,31.0,44.0,44.0,47,0.0,0.0,36.0,36.0,53.6,53.0,28.0,28.0,14.9,15.0,17,6.7,10
0.5,0.25,2.0,Oklahoma,31.0,31,31,31.0,34.0,33.5,37,0.0,0.0,36.0,36.0,53.3,53.0,28.0,28.0,13.9,14.5,18,6.9,10
2.0,0.25,2.0,Oklahoma,31.0,31,31,31.0,44.8,44.5,48,0.0,0.0,36.0,36.0,53.9,53.0,28.0,28.0,17.3,17.5,20,7.0,10
1.0,0.25,2.0,Oklahoma,31.0,31,31,31.0,41.2,41.0,45,0.0,0.0,36.0,36.0,53.6,53.0,28.0,28.0,16.2,16.0,19,7.8,9
0.5,0.25,0.5,Utah,31.2,31,33,31.0,12.4,12.0,14,0.1,1.0,38.0,33.0,59.2,58.0,28.0,28.0,18.2,18.0,22,2.8,4
2.0,0.05,1.0,New Mexico,31.2,30,34,30.0,11.9,12.0,13,0.0,0.0,35.3,34.5,37.7,39.0,28.0,28.0,37.8,38.0,46,4.2,6
1.0,0.1,1.0,New Mexico,31.2,30,34,30.0,12.0,12.0,15,0.0,0.0,34.3,34.0,42.2,35.0,28.0,28.0,39.1,39.5,43,4.3,7
2.0,0.25,0.5,Utah,31.2,31,33,31.0,14.1,14.0,15,0.1,1.0,35.5,33.0,59.0,58.0,28.0,28.0,25.2,25.5,28,4.6,5
1.0,0.25,0.5,Utah,31.4,31,33,31.0,13.0,13.0,14,0.2,1.0,38.0,33.0,60.0,58.0,28.0,28.0,20.8,21.0,23,3.6,4
1.0,0.05,0.5,New Mexico,31.4,30,40,30.0,11.0,11.0,12,0.0,0.0,34.9,34.0,37.5,35.0,28.0,28.0,32.6,32.5,38,4.0,5
1.0,0.05,1.0,Oklahoma,31.5,31,36,31.0,31.2,31.5,34,0.0,0.0,43.7,36.0,56.6,56.0,28.0,28.0,6.7,7.0,11,3.3,6
0.5,0.1,2.0,Oklahoma,31.5,31,36,31.0,30.7,31.0,34,0.0,0.0,40.9,36.0,55.4,56.0,28.0,28.0,7.6,7.5,10,3.5,7
1.0,0.05,2.0,Oklahoma,31.5,31,36,31.0,38.5,37.5,42,0.0,0.0,48.0,54.5,58.6,59.0,28.7,28.0,8.9,8.5,12,4.3,6
0.5,0.1,0.5,Utah,31.6,31,33,31.0,9.8,10.0,12,0.3,1.0,49.6,58.0,63.3,62.0,28.9,28.0,15.7,16.5,21,2.8,4
1.0,0.1,2.0,New Mexico,31.6,30,42,30.0,12.5,12.5,13,0.0,0.0,34.9,34.0,37.5,35.0,28.0,28.0,37.5,36.0,44,3.9,5
0.5,0.25,2.0,Utah,31.6,31,33,31.0,12.3,12.0,14,0.3,1.0,40.5,33.0,61.0,58.0,28.0,28.0,22.9,22.5,26,4.8,6
2.0,0.25,2.0,Utah,31.6,31,33,31.0,13.1,13.0,15,0.3,1.0,40.5,33.0,61.0,58.0,28.0,28.0,23.5,23.0,27,5.2,7
1.0,0.05,1.0,New Mexico,31.9,30,40,30.0,11.1,11.0,13,0.9,5.0,42.3,39.0,51.0,40.0,28.0,28.0,37.0,37.5,42,4.9,7
0.5,0.05,1.0,Oklahoma,32.0,31,36,31.0,17.7,17.5,21,0.0,0.0,42.0,36.0,57.5,59.0,28.0,28.0,6.6,7.0,9,0.7,2
0.5,0.05,0.5,New Mexico,32.0,30,42,30.0,9.3,9.0,10,0.2,2.0,37.4,35.0,40.6,39.5,28.0,28.0,26.8,27.5,30,4.6,6
0.5,0.05,2.0,New Mexico,32.1,30,35,32.0,11.8,12.0,13,0.0,0.0,35.3,35.0,39.0,39.0,28.0,28.0,41.7,42.5,45,4.4,6
2.0,0.1,2.0,Utah,32.2,31,33,33.0,11.6,11.5,13,0.6,1.0,50.5,58.0,64.2,68.0,28.0,28.0,23.3,23.5,27,5.6,7
1.0,0.1,2.0,Minnesota,32.2,29,45,29.0,26.7,26.0,31,5.1,8.0,41.2,40.0,45.2,47.0,28.9,28.0,60.3,59.5,64,46.9,50
2.0,0.1,0.5,Minnesota,32.2,29,45,29.0,26.8,26.5,31,4.5,7.0,40.9,39.0,42.8,40.0,33.4,32.5,56.3,56.0,69,47.9,51
1.0,0.05,2.0,New Mexico,32.5,30,39,32.0,12.0,12.0,14,0.0,0.0,36.0,35.0,39.5,39.5,28.0,28.0,39.6,39.5,45,4.2,5
ALL,ALL,ALL,New Mexico,33.03888888888889,30,49,30.0,11.35,12.0,15,0.19722222222222222,5.0,39.53888888888889,34.0,47.875,35.0,28.0,28.0,32.00277777777778,33.0,46,3.9166666666666665,7
2.0,0.05,2.0,New Mexico,33.3,30,42,34.0,11.8,11.0,14,0.4,3.0,38.6,35.0,48.9,40.0,28.0,28.0,38.3,39.0,41,4.4,7
1.0,0.1,2.0,Oklahoma,33.5,31,56,31.0,39.9,40.0,42,0.0,0.0,40.3,36.0,54.8,53.0,28.0,28.0,12.2,12.0,15,6.7,9
1.0,0.05,1.0,Minnesota,33.8,29,45,29.0,26.6,26.5,30,4.3,8.0,41.9,39.5,44.2,43.0,33.4,28.0,54.1,54.0,62,45.7,48
0.5,0.05,0.5,Oklahoma,34.0,31,51,31.0,11.6,11.5,15,0.0,0.0,45.5,43.5,57.8,59.0,39.2,35.0,3.8,4.0,6,0.0,0
2.0,0.05,2.0,Oklahoma,34.0,31,56,31.0,42.0,42.0,44,0.0,0.0,49.7,54.5,59.2,59.0,28.7,28.0,11.4,11.0,19,6.1,7
2.0,0.1,0.5,Utah,34.1,31,58,31.0,10.8,10.5,14,0.2,1.0,43.2,33.0,61.8,59.0,28.0,28.0,24.6,24.0,31,5.1,7
1.0,0.1,1.0,Utah,34.1,31,58,31.0,10.1,10.5,12,0.2,1.0,53.2,58.0,62.6,60.0,28.0,28.0,23.4,23.5,26,5.4,7
1.0,0.1,0.5,Utah,34.3,31,58,31.0,10.2,10.0,13,0.5,2.0,47.1,45.5,64.3,64.0,28.0,28.0,20.8,20.5,24,4.2,5
2.0,0.1,1.0,Utah,34.3,31,58,31.0,11.1,11.0,15,0.3,1.0,46.5,45.5,63.8,64.0,28.0,28.0,23.8,23.0,31,5.4,7
0.5,0.1,2.0,Utah,34.3,31,58,31.0,10.8,11.0,13,0.5,2.0,49.0,58.0,64.7,64.0,28.0,28.0,22.5,22.0,30,5.5,9
2.0,0.1,1.0,Minnesota,35.4,29,45,29.0,28.1,26.5,35,3.3,7.0,42.7,39.5,44.6,44.5,30.8,28.0,58.0,58.5,63,46.7,52
0.5,0.1,2.0,Minnesota,35.4,29,45,29.0,26.5,26.0,30,3.1,7.0,42.7,39.5,44.3,43.0,36.3,37.5,55.3,55.0,63,47.2,52
1.0,0.1,0.5,Minnesota,35.4,29,45,29.0,24.0,24.0,28,3.3,7.0,42.7,39.5,43.9,41.5,29.8,28.0,53.5,54.5,63,47.3,52
0.5,0.1,1.0,Minnesota,35.4,29,45,29.0,24.3,24.5,29,3.5,7.0,42.8,40.0,43.8,41.0,32.5,28.0,54.8,55.0,62,47.6,50
ALL,ALL,ALL,Oklahoma,36.09722222222222,31,110,31.0,28.916666666666668,29.0,48,0.0,0.0,46.919444444444444,36.0,63.477777777777774,56.0,42.293785310734464,28.0,9.07563025210084,9.0,20,3.441666666666667,10
0.5,0.25,1.0,Wyoming,37.0,37,37,37.0,9.1,9.0,10,0.0,0.0,43.0,43.0,48.2,47.0,99.0,99.0,2.1,2.0,3,0.0,0
1.0,0.25,0.5,Wyoming,37.0,37,37,37.0,10.2,10.0,11,0.0,0.0,43.0,43.0,47.0,47.0,99.0,99.0,2.8,3.0,4,0.0,0
1.0,0.25,2.0,Wyoming,37.0,37,37,37.0,12.7,13.0,13,0.0,0.0,43.0,43.0,47.0,47.0,99.0,99.0,2.9,3.0,4,0.0,0
2.0,0.25,1.0,Wyoming,37.0,37,37,37.0,12.4,12.0,13,0.0,0.0,43.0,43.0,49.4,47.0,98.4,99.0,2.3,2.0,3,0.0,0
0.5,0.25,2.0,Wyoming,37.0,37,37,37.0,11.3,11.0,12,0.0,0.0,43.0,43.0,47.6,47.0,98.4,99.0,2.5,2.0,4,0.0,0
0.5,0.25,0.5,Wyoming,37.0,37,37,37.0,9.2,9.0,10,0.0,0.0,43.0,43.0,48.2,47.0,99.0,99.0,1.0,1.0,1,0.0,0
1.0,0.25,1.0,Wyoming,37.0,37,37,37.0,11.0,11.0,12,0.0,0.0,43.0,43.0,47.6,47.0,99.0,99.0,2.2,2.0,3,0.0,0
2.0,0.25,2.0,Wyoming,37.0,37,37,37.0,12.9,13.0,13,0.0,0.0,43.0,43.0,47.6,47.0,98.4,99.0,3.6,3.5,5,0.0,0
2.0,0.25,0.5,Wyoming,37.0,37,37,37.0,12.8,13.0,13,0.0,0.0,43.0,43.0,48.2,47.0,99.0,99.0,2.1,2.0,3,0.0,0
2.0,0.1,2.0,Wyoming,37.0,37,37,37.0,12.3,12.0,13,0.0,0.0,43.0,43.0,51.2,53.0,98.0,99.0,3.3,3.0,5,0.0,0
2.0,0.1,0.5,Wyoming,37.0,37,37,37.0,12.0,12.0,13,0.0,0.0,43.0,43.0,49.4,47.0,98.4,99.0,1.8,1.5,3,0.0,0
1.0,0.1,1.0,Wyoming,37.0,37,37,37.0,10.7,10.0,12,0.0,0.0,43.0,43.0,51.8,53.0,97.8,99.0,2.5,2.0,4,0.0,0
0.5,0.25,1.0,Vermont,37.0,37,37,37.0,12.0,12.0,13,0.0,0.0,73.8,73.0,79.8,75.0,67.0,67.0,13.7,13.5,17,2.0,3
1.0,0.25,0.5,Vermont,37.0,37,37,37.0,12.0,12.0,13,0.0,0.0,73.0,73.0,75.0,75.0,67.0,67.0,11.9,12.5,14,2.0,3
1.0,0.25,2.0,Vermont,37.0,37,37,37.0,12.0,12.0,13,0.0,0.0,73.4,73.0,77.4,75.0,67.0,67.0,12.9,13.0,17,2.0,4
1.0,0.25,1.0,Vermont,37.0,37,37,37.0,11.9,12.0,13,0.0,0.0,73.4,73.0,77.7,75.0,67.0,67.0,12.3,13.0,15,2.1,4
2.0,0.25,0.5,Vermont,37.0,37,37,37.0,11.8,12.0,13,0.0,0.0,73.4,73.0,77.3,75.0,67.0,67.0,13.0,13.0,17,2.2,4
0.5,0.25,2.0,Vermont,37.0,37,37,37.0,11.7,12.0,13,0.0,0.0,73.6,73.0,78.6,75.0,67.0,67.0,12.4,12.5,16,2.3,4
1.0,0.25,1.0,South Dakota,37.0,37,37,37.0,47.2,47.5,49,0.0,0.0,39.0,39.0,40.6,41.0,48.5,50.0,13.9,14.5,17,2.3,4
0.5,0.25,0.5,South Dakota,37.0,37,37,37.0,35.6,35.5,39,0.0,0.0,39.0,39.0,40.7,41.0,48.0,50.0,12.3,12.0,16,2.4,4
2.0,0.25,2.0,Vermont,37.0,37,37,37.0,11.6,12.0,13,0.1,1.0,75.1,74.0,80.9,80.5,67.0,67.0,13.2,12.5,17,2.4,4
2.0,0.25,0.5,South Dakota,37.0,37,37,37.0,48.6,48.5,51,0.0,0.0,39.0,39.0,41.2,42.0,47.5,47.5,17.4,18.0,20,2.4,3
2.0,0.25,1.0,Vermont,37.0,37,37,37.0,11.5,11.5,13,0.0,0.0,73.6,73.0,78.6,75.0,67.0,67.0,13.1,13.0,16,2.5,4
0.5,0.25,2.0,South Dakota,37.0,37,37,37.0,47.1,47.0,50,0.0,0.0,39.0,39.0,41.1,42.0,46.5,45.0,14.5,15.0,16,2.6,4
1.0,0.25,0.5,South Dakota,37.0,37,37,37.0,41.9,42.0,43,0.0,0.0,39.0,39.0,40.9,41.0,47.5,47.5,13.2,13.0,16,2.8,4
2.0,0.25,1.0,South Dakota,37.0,37,37,37.0,48.0,48.0,50,0.0,0.0,39.0,39.0,41.3,42.0,48.0,50.0,19.8,19.5,22,2.8,4
1.0,0.05,2.0,Minnesota,37.0,29,45,37.0,29.5,29.5,35,1.8,5.0,43.6,44.0,45.5,49.0,37.0,37.0,54.9,55.5,64,43.4,46
0.5,0.05,0.5,Minnesota,37.0,29,45,37.0,23.7,23.0,30,3.4,8.0,43.8,44.0,46.4,49.0,40.8,42.0,47.2,47.5,57,44.3,48
2.0,0.05,1.0,Minnesota,37.0,29,45,37.0,28.0,28.0,33,2.3,5.0,43.5,43.5,44.7,44.5,35.2,37.0,54.6,54.5,62,45.3,51
ALL,ALL,ALL,Minnesota,37.08888888888889,29,90,29.0,28.177777777777777,27.0,52,3.3,10.0,44.766666666666666,40.0,47.03611111111111,49.0,37.28333333333333,37.0,50.95,54.0,69,42.96111111111111,56
2.0,0.01,2.0,New Mexico,37.3,30,43,40.5,11.8,11.5,15,0.8,4.0,52.8,45.5,71.0,57.0,28.0,28.0,30.5,30.5,35,3.5,5
0.5,0.1,1.0,Utah,37.4,31,58,33.0,10.1,10.5,12,0.7,2.0,57.3,58.0,67.0,68.0,28.0,28.0,20.2,19.5,27,3.8,6
1.0,0.1,2.0,Utah,37.4,31,66,31.0,11.2,11.0,14,0.1,1.0,46.9,45.5,64.3,66.0,28.0,28.0,23.6,23.5,33,5.4,6
1.0,0.01,0.5,New Mexico,37.5,30,43,42.0,9.1,9.0,13,0.3,2.0,46.3,49.0,78.2,85.0,28.0,28.0,23.5,24.0,27,3.6,6
1.0,0.1,0.5,Wyoming,37.6,37,43,37.0,9.7,10.0,11,0.0,0.0,44.0,43.0,50.7,50.0,99.0,99.0,1.8,2.0,3,0.0,0
0.5,0.1,1.0,Wyoming,37.6,37,43,37.0,9.2,9.0,11,0.0,0.0,43.4,43.0,48.9,47.0,99.0,99.0,1.4,1.0,2,0.0,0
1.0,0.1,2.0,Wyoming,37.6,37,43,37.0,12.0,12.0,14,0.0,0.0,43.4,43.0,49.5,47.5,98.4,99.0,2.0,2.0,3,0.0,0
0.5,0.1,0.5,Wyoming,37.6,37,43,37.0,8.6,8.5,10,0.0,0.0,44.0,43.0,51.4,53.0,107.5,99.0,1.5,1.5,2,0.0,0
0.5,0.01,2.0,New Mexico,37.7,30,43,42.5,10.3,10.0,12,0.4,2.0,48.0,49.0,70.7,72.5,28.0,28.0,29.2,29.5,34,3.4,6
0.5,0.25,0.5,Iowa,37.8,37,38,38.0,26.5,26.5,30,2.1,3.0,43.6,44.0,44.9,45.0,28.0,28.0,86.7,86.0,90,55.7,59
1.0,0.25,0.5,Iowa,37.8,37,38,38.0,26.2,26.0,30,2.0,3.0,43.2,44.0,44.8,45.0,28.0,28.0,101.0,100.5,107,58.5,60
0.5,0.25,2.0,Iowa,37.8,37,38,38.0,27.4,27.5,29,1.7,4.0,42.8,44.0,44.7,45.0,28.0,28.0,105.0,105.0,111,58.8,61
1.0,0.25,1.0,Iowa,37.9,37,38,38.0,27.4,27.0,31,1.9,3.0,43.2,44.0,44.8,45.0,28.0,28.0,109.1,108.0,114,58.6,61
2.0,0.25,1.0,Iowa,37.9,37,38,38.0,25.9,25.5,29,2.0,3.0,44.0,44.0,45.0,45.0,28.0,28.0,120.0,119.5,128,61.3,63
2.0,0.1,0.5,Arizona,38.0,38,38,38.0,8.7,9.0,9,0.0,0.0,52.8,51.0,61.0,62.0,35.8,28.0,9.3,9.5,11,2.3,3
0.5,0.1,2.0,Arizona,38.0,38,38,38.0,8.7,8.5,10,0.0,0.0,53.0,51.0,61.6,62.0,34.5,28.0,8.7,8.5,13,2.3,3
1.0,0.1,1.0,Arizona,38.0,38,38,38.0,8.7,9.0,9,0.0,0.0,55.0,56.0,60.7,62.0,30.6,28.0,8.1,7.0,11,2.3,3
0.5,0.25,1.0,Arizona,38.0,38,38,38.0,8.5,8.5,10,0.0,0.0,51.3,51.0,60.6,62.0,38.4,28.0,4.9,5.0,6,2.4,3
2.0,0.25,0.5,Arizona,38.0,38,38,38.0,8.5,8.0,10,0.0,0.0,51.5,51.0,61.1,62.0,38.4,28.0,8.5,8.5,10,2.5,3
2.0,0.1,1.0,Arizona,38.0,38,38,38.0,8.5,8.0,10,0.0,0.0,53.0,51.0,61.7,62.0,30.9,28.0,10.8,11.0,13,2.5,3
0.5,0.1,0.5,Arizona,38.0,38,38,38.0,6.6,7.0,8,0.0,0.0,54.7,56.0,61.7,62.0,57.1,57.0,5.4,5.0,7,2.5,4
0.5,0.1,1.0,Arizona,38.0,38,38,38.0,7.8,8.0,9,0.0,0.0,52.8,51.0,61.0,62.0,30.6,28.0,5.4,5.0,6,2.6,3
1.0,0.1,2.0,Arizona,38.0,38,38,38.0,8.4,8.0,9,0.0,0.0,53.5,53.5,61.5,62.0,30.9,28.0,7.8,8.0,9,2.6,3
0.5,0.05,1.0,Arizona,38.0,38,38,38.0,7.6,7.5,9,0.0,0.0,54.6,53.5,64.6,62.0,30.6,28.0,6.8,6.5,8,2.7,4
2.0,0.25,1.0,Arizona,38.0,38,38,38.0,8.3,8.0,9,0.0,0.0,51.0,51.0,60.6,62.0,38.4,28.0,8.9,9.0,10,2.7,3
1.0,0.05,1.0,Arizona,38.0,38,38,38.0,8.3,8.0,9,0.0,0.0,57.7,56.0,67.5,67.0,30.6,28.0,9.4,10.0,11,2.7,4
0.5,0.25,0.5,Arizona,38.0,38,38,38.0,7.2,7.0,9,0.0,0.0,51.5,51.0,60.3,62.0,54.3,54.0,5.4,5.0,6,2.7,3
2.0,0.05,0.5,Arizona,38.0,38,38,38.0,8.3,8.0,9,0.0,0.0,55.8,56.0,61.9,62.0,28.0,28.0,10.4,10.0,15,2.7,4
1.0,0.1,0.5,Arizona,38.0,38,38,38.0,7.9,8.0,9,0.0,0.0,53.6,51.0,61.7,62.0,30.6,28.0,6.1,6.0,7,2.7,3
2.0,0.1,2.0,Arizona,38.0,38,38,38.0,8.3,8.0,9,0.0,0.0,52.0,51.0,60.6,62.0,28.0,28.0,9.8,9.5,12,2.7,3
0.5,0.25,2.0,Arizona,38.0,38,38,38.0,8.2,8.0,9,0.0,0.0,51.0,51.0,61.6,62.0,35.8,28.0,7.2,7.0,9,2.8,3
0.5,0.05,0.5,Arizona,38.0,38,38,38.0,5.7,6.0,7,0.0,0.0,55.9,55.0,66.1,62.0,56.8,57.0,6.4,6.0,8,2.8,4
1.0,0.25,1.0,Arizona,38.0,38,38,38.0,8.2,8.0,9,0.0,0.0,51.0,51.0,60.8,62.0,41.0,41.0,7.1,7.0,8,2.8,3
1.0,0.25,0.5,Arizona,38.0,38,38,38.0,8.0,8.0,9,0.0,0.0,51.0,51.0,60.4,62.0,43.6,54.0,4.9,5.0,6,2.9,3
1.0,0.25,2.0,Arizona,38.0,38,38,38.0,8.1,8.0,9,0.0,0.0,51.0,51.0,60.8,62.0,38.4,28.0,7.2,7.0,8,2.9,3
0.5,0.05,2.0,Arizona,38.0,38,38,38.0,8.1,8.0,9,0.0,0.0,56.1,56.0,67.2,67.0,34.5,28.0,10.0,10.5,13,2.9,4
2.0,0.25,2.0,Arizona,38.0,38,38,38.0,8.1,8.0,9,0.0,0.0,51.0,51.0,60.8,62.0,30.6,28.0,8.9,9.0,10,2.9,3
1.0,0.05,0.5,Arizona,38.0,38,38,38.0,7.5,7.5,9,0.0,0.0,57.0,56.0,70.7,67.0,28.0,28.0,8.0,7.5,12,3.0,4
2.0,0.05,1.0,Arizona,38.0,38,38,38.0,8.0,8.0,9,0.0,0.0,58.6,57.5,66.0,64.5,28.0,28.0,10.3,10.0,14,3.0,4
0.5,0.25,0.5,Colorado,38.0,38,38,38.0,20.7,20.5,24,0.0,0.0,47.4,46.0,53.2,53.0,52.0,47.0,17.4,17.5,21,3.7,4
1.0,0.25,2.0,Colorado,38.0,38,38,38.0,27.1,27.0,28,0.0,0.0,46.0,46.0,53.0,53.0,47.0,47.0,26.4,26.5,31,4.9,6
0.5,0.1,1.0,Colorado,38.0,38,38,38.0,24.1,24.5,25,0.0,0.0,48.1,46.0,53.3,53.0,48.2,47.0,20.8,21.5,25,5.0,6
1.0,0.25,0.5,Colorado,38.0,38,38,38.0,24.1,24.0,26,0.0,0.0,46.0,46.0,50.6,49.0,47.0,47.0,22.8,22.5,26,5.2,6
2.0,0.25,1.0,Colorado,38.0,38,38,38.0,26.8,27.0,28,0.0,0.0,48.4,46.0,53.3,53.0,52.4,47.0,23.5,24.0,27,5.2,7
2.0,0.25,2.0,Colorado,38.0,38,38,38.0,27.4,27.0,29,0.0,0.0,46.7,46.0,52.3,53.0,49.5,47.0,25.4,26.0,29,5.5,7
2.0,0.25,0.5,Colorado,38.0,38,38,38.0,26.3,26.0,28,0.0,0.0,47.4,46.0,52.0,53.0,47.6,47.0,23.9,23.5,28,5.7,7
1.0,0.1,1.0,Colorado,38.0,38,38,38.0,26.3,26.0,28,0.0,0.0,51.7,53.0,54.0,54.0,53.3,57.0,24.6,23.5,32,5.7,7
0.5,0.25,2.0,Colorado,38.0,38,38,38.0,26.2,26.0,27,0.0,0.0,46.7,46.0,51.9,53.0,49.0,47.0,24.8,25.0,28,5.8,7
1.0,0.25,1.0,Colorado,38.0,38,38,38.0,26.1,26.0,27,0.0,0.0,46.7,46.0,51.9,53.0,49.5,47.0,23.7,23.0,26,5.9,7
2.0,0.1,2.0,Colorado,38.0,38,38,38.0,26.3,26.5,28,0.0,0.0,50.9,53.0,53.7,54.0,60.4,72.0,24.4,23.5,30,6.0,8
2.0,0.1,1.0,Colorado,38.0,38,38,38.0,25.9,26.0,27,0.0,0.0,48.8,46.0,52.6,53.0,48.3,47.0,26.9,27.5,32,6.1,7
2.0,0.25,0.5,Iowa,38.0,38,38,38.0,26.2,26.0,31,1.5,3.0,42.8,44.0,44.7,45.0,28.0,28.0,115.8,115.0,122,59.9,63
2.0,0.1,2.0,South Dakota,38.1,37,48,37.0,48.0,48.0,49,0.0,0.0,39.9,39.0,42.0,42.0,46.0,45.0,20.4,19.0,27,2.6,4
1.0,0.25,2.0,South Dakota,38.1,37,48,37.0,48.3,48.0,50,0.0,0.0,39.9,39.0,42.0,42.0,48.5,50.0,19.6,19.5,23,2.7,4
2.0,0.25,2.0,South Dakota,38.1,37,48,37.0,49.1,49.5,51,0.0,0.0,39.9,39.0,42.0,42.0,48.0,50.0,21.3,21.5,24,2.8,4
0.5,0.25,1.0,South Dakota,38.1,37,48,37.0,41.0,41.0,43,0.0,0.0,39.9,39.0,41.7,42.0,47.0,45.0,12.7,12.5,16,3.4,4
2.0,0.05,0.5,Wyoming,38.2,37,43,37.0,11.6,11.5,13,0.0,0.0,44.4,43.0,52.6,53.0,99.0,99.0,1.7,2.0,3,0.0,0
2.0,0.1,1.0,Wyoming,38.2,37,43,37.0,12.2,12.0,13,0.0,0.0,44.4,43.0,50.2,47.5,98.5,99.0,1.9,2.0,3,0.0,0
0.5,0.1,2.0,Wyoming,38.2,37,43,37.0,10.6,11.0,12,0.0,0.0,43.8,43.0,50.2,50.5,98.5,99.0,1.9,2.0,4,0.0,0
1.0,0.1,1.0,South Dakota,38.3,37,48,37.0,45.4,45.5,47,0.0,0.0,40.0,39.0,41.8,42.0,46.0,45.0,13.3,13.5,19,2.9,4
2.0,0.25,2.0,Iowa,38.4,37,44,38.0,27.3,27.0,30,1.8,4.0,43.4,44.0,45.0,45.0,28.0,28.0,121.1,120.0,130,59.9,62
0.5,0.25,1.0,Iowa,38.5,37,44,38.0,27.5,27.0,30,1.7,4.0,43.4,44.0,45.0,45.0,28.0,28.0,97.8,98.0,103,56.6,59
1.0,0.1,1.0,Iowa,38.5,37,44,38.0,28.1,28.0,30,1.0,2.0,44.2,44.0,46.2,45.0,28.0,28.0,110.9,110.5,122,58.0,61
1.0,0.25,2.0,Iowa,38.5,37,44,38.0,27.4,28.0,30,1.5,3.0,43.0,44.0,44.9,45.0,28.0,28.0,113.8,113.5,120,59.6,64
2.0,0.05,0.5,Minnesota,38.6,29,45,45.0,29.0,30.0,32,1.5,5.0,44.4,48.0,45.1,49.0,33.6,28.0,54.4,55.0,61,44.3,47
1.0,0.05,0.5,Minnesota,38.6,29,45,45.0,24.2,24.0,30,2.0,6.0,44.4,48.0,45.7,49.0,39.8,42.0,49.9,49.0,63,45.6,48
0.5,0.05,1.0,Minnesota,38.6,29,45,45.0,24.2,23.5,32,2.2,7.0,44.5,48.0,46.4,49.0,37.9,41.5,49.1,48.0,58,45.6,50
0.5,0.1,0.5,Minnesota,38.6,29,45,45.0,23.2,22.5,28,2.5,8.0,44.6,48.0,47.2,49.0,39.7,41.5,50.9,50.5,56,47.5,51
2.0,0.1,2.0,Iowa,38.6,38,44,38.0,28.1,28.0,32,1.1,3.0,44.2,44.0,46.2,45.0,28.0,28.0,117.9,117.5,132,58.4,63
1.0,0.05,0.5,Wyoming,38.8,37,43,37.0,9.6,9.0,11,0.0,0.0,45.4,43.0,53.4,53.0,98.0,99.0,1.8,2.0,3,0.0,0
0.5,0.25,1.0,Colorado,38.8,38,46,38.0,24.1,24.0,25,0.1,1.0,48.0,46.0,53.2,53.0,47.6,47.0,20.1,19.5,24,5.4,6
0.5,0.1,2.0,Colorado,38.8,38,46,38.0,26.2,26.0,29,0.1,1.0,50.1,52.5,53.5,53.5,55.2,57.0,26.2,25.5,32,5.5,7
1.0,0.1,2.0,Iowa,39.1,37,44,38.0,29.3,29.0,34,1.4,3.0,44.4,44.0,45.6,45.0,28.0,28.0,111.9,112.0,122,57.6,62
1.0,0.1,2.0,South Dakota,39.2,37,48,37.0,47.0,47.0,48,0.0,0.0,40.8,39.0,42.5,42.0,47.0,45.0,17.5,16.5,21,2.3,3
2.0,0.1,0.5,South Dakota,39.2,37,48,37.0,47.0,47.0,50,0.0,0.0,40.8,39.0,42.9,42.0,48.0,50.0,17.1,17.0,22,2.4,3
2.0,0.1,0.5,Iowa,39.2,38,44,38.0,27.0,27.0,31,1.2,3.0,44.0,44.0,45.3,45.0,29.1,28.0,115.4,114.5,127,59.0,63
0.5,0.05,1.0,Wyoming,39.4,37,43,37.0,8.5,8.5,9,0.0,0.0,47.0,43.0,53.4,53.0,98.0,99.0,1.5,1.0,3,0.0,0
0.5,0.05,0.5,Wyoming,39.4,37,43,37.0,9.0,9.0,10,0.0,0.0,47.0,43.0,53.4,53.0,98.375,99.0,1.125,1.0,2,0.0,0
2.0,0.05,2.0,Wyoming,39.4,37,43,37.0,12.1,12.0,13,0.0,0.0,46.4,43.0,54.6,53.0,99.0,99.0,3.1,3.0,4,0.0,0
0.5,0.05,1.0,Utah,39.4,31,74,33.0,8.7,9.0,10,0.7,1.0,60.0,59.0,69.2,68.0,28.0,28.0,17.5,19.5,23,3.1,5
2.0,0.1,0.5,Colorado,39.4,38,52,38.0,26.2,26.0,29,0.0,0.0,48.4,46.0,52.9,53.0,52.4,47.0,25.9,25.5,31,5.6,7
0.5,0.1,0.5,Colorado,39.5,38,53,38.0,21.2,21.0,24,0.0,0.0,50.3,53.0,53.9,54.0,53.2,47.0,17.4,17.5,21,3.4,4
1.0,0.1,0.5,Colorado,39.5,38,53,38.0,24.2,24.0,26,0.0,0.0,49.2,47.5,52.5,53.0,55.7,59.5,24.1,23.5,30,5.1,7
2.0,0.01,0.5,New Mexico,39.6,30,49,41.0,10.6,10.0,14,1.0,4.0,59.0,49.0,81.3,85.0,28.0,28.0,31.5,32.0,38,4.2,6
0.5,0.25,0.5,Vermont,39.8,37,65,37.0,11.8,12.0,13,0.0,0.0,73.8,73.0,79.8,75.0,67.0,67.0,11.6,11.5,16,2.2,5
2.0,0.1,2.0,Vermont,39.8,37,65,37.0,10.3,10.0,12,0.0,0.0,78.0,75.0,86.4,87.0,67.0,67.0,13.2,13.0,16,3.7,5
1.0,0.05,1.0,Iowa,39.8,38,44,38.0,29.6,29.5,33,0.9,2.0,44.2,44.0,46.1,45.0,32.2,28.0,109.7,109.5,117,56.2,59
1.0,0.05,2.0,Wyoming,40.0,37,43,40.0,12.0,12.0,14,0.0,0.0,46.8,45.0,55.5,53.0,99.0,99.0,1.6,1.0,3,0.0,0
2.0,0.05,1.0,Wyoming,40.0,37,43,40.0,11.8,12.0,13,0.0,0.0,48.2,45.0,55.4,53.0,97.5,99.0,1.8,2.0,3,0.0,0
1.0,0.05,1.0,Wyoming,40.0,37,43,40.0,10.8,11.0,13,0.0,0.0,48.8,45.0,60.2,53.0,98.4,99.0,2.0,2.0,3,0.0,0
0.5,0.05,2.0,Wyoming,40.0,37,43,40.0,9.9,10.0,11,0.0,0.0,48.0,48.0,62.6,56.5,98.5,99.0,1.9,2.0,3,0.0,0
0.5,0.01,0.5,New Mexico,40.0,30,43,43.0,7.9,7.5,10,0.7,3.0,58.8,49.0,79.0,85.0,28.0,28.0,17.0,16.5,24,2.8,4
1.0,0.01,2.0,New Mexico,40.0,30,43,42.0,9.7,9.5,12,0.9,2.0,51.5,49.0,82.7,85.0,28.0,28.0,32.3,32.0,40,5.2,7
0.5,0.25,1.0,Kansas,40.0,40,40,40.0,40.0,40.0,44,1.0,1.0,48.0,48.0,51.6,52.0,33.5,28.0,20.3,20.5,25,17.1,19
0.5,0.25,2.0,Kansas,40.0,40,40,40.0,43.2,43.5,47,1.0,1.0,48.0,48.0,51.5,51.5,28.0,28.0,27.9,27.5,32,22.0,25
1.0,0.1,1.0,Kansas,40.0,40,40,40.0,41.5,41.0,44,1.0,1.0,48.4,48.0,52.7,52.0,28.0,28.0,28.4,27.5,33,23.5,25
1.0,0.25,0.5,Kansas,40.0,40,40,40.0,39.2,39.5,42,1.0,1.0,48.0,48.0,51.4,51.0,28.0,28.0,25.2,25.0,28,23.7,28
2.0,0.1,0.5,Wisconsin,40.0,40,40,40.0,38.7,38.5,43,0.0,0.0,47.2,47.0,49.9,48.5,28.0,28.0,87.9,88.5,102,23.7,29
1.0,0.1,0.5,Wisconsin,40.0,40,40,40.0,38.0,38.5,42,0.1,1.0,50.0,49.0,53.8,50.0,28.0,28.0,85.4,84.5,99,24.1,29
1.0,0.25,1.0,Kansas,40.0,40,40,40.0,42.1,41.5,47,1.0,1.0,48.0,48.0,51.7,52.0,28.0,28.0,32.2,32.0,38,24.3,28
0.5,0.25,1.0,Wisconsin,40.0,40,40,40.0,38.5,39.0,43,0.1,1.0,45.7,45.5,47.3,47.5,28.0,28.0,97.4,99.0,105,24.5,29
2.0,0.1,0.5,Kansas,40.0,40,40,40.0,43.8,44.0,47,1.0,1.0,48.0,48.0,51.8,52.0,28.0,28.0,35.1,37.0,40,24.5,26
1.0,0.25,1.0,Wisconsin,40.0,40,40,40.0,38.4,38.0,43,0.0,0.0,46.1,47.0,47.5,48.0,28.0,28.0,97.5,97.5,109,24.8,28
0.5,0.1,1.0,Wisconsin,40.0,40,40,40.0,36.5,36.5,40,0.5,5.0,49.5,48.0,52.0,49.5,28.0,28.0,85.6,87.0,93,25.1,30
2.0,0.1,2.0,Wisconsin,40.0,40,40,40.0,37.4,38.0,41,0.0,0.0,48.3,47.0,49.9,48.5,28.0,28.0,83.9,82.5,96,25.1,29
0.5,0.25,2.0,Wisconsin,40.0,40,40,40.0,38.0,38.5,42,0.0,0.0,44.1,44.0,45.5,44.5,28.0,28.0,102.2,101.5,107,25.3,30
1.0,0.25,2.0,Wisconsin,40.0,40,40,40.0,38.2,37.0,44,0.0,0.0,45.8,46.0,47.6,48.0,28.0,28.0,96.1,96.5,104,25.5,29
2.0,0.25,0.5,Kansas,40.0,40,40,40.0,43.4,43.5,45,1.0,1.0,48.0,48.0,51.7,52.0,28.0,28.0,36.2,36.0,41,25.7,28
0.5,0.25,0.5,Wisconsin,40.0,40,40,40.0,35.7,35.0,42,0.0,0.0,44.5,44.5,46.4,47.0,28.0,28.0,86.8,84.5,97,25.9,28
2.0,0.25,1.0,Wisconsin,40.0,40,40,40.0,37.4,37.0,45,0.0,0.0,45.4,46.0,47.1,48.0,28.0,28.0,94.5,94.5,101,26.1,34
1.0,0.25,0.5,Wisconsin,40.0,40,40,40.0,36.7,36.5,39,0.0,0.0,44.9,45.0,46.2,47.0,28.0,28.0,99.6,100.5,107,26.2,30
2.0,0.25,0.5,Wisconsin,40.0,40,40,40.0,37.5,37.0,43,0.0,0.0,44.1,44.0,46.6,47.0,28.0,28.0,100.9,100.0,107,26.3,31
2.0,0.25,2.0,Wisconsin,40.0,40,40,40.0,37.5,37.0,41,0.1,1.0,46.0,45.0,48.0,47.0,28.0,28.0,92.2,92.5,98,26.7,30
1.0,0.25,2.0,Kansas,40.0,40,40,40.0,42.3,42.5,44,1.0,1.0,48.0,48.0,51.6,52.0,28.0,28.0,35.8,35.0,40,26.8,29
2.0,0.1,2.0,Kansas,40.0,40,40,40.0,45.9,45.5,50,0.9,1.0,48.4,48.0,52.9,52.0,28.0,28.0,42.7,42.5,49,26.8,31
2.0,0.25,2.0,Kansas,40.0,40,40,40.0,48.6,48.0,53,1.0,1.0,48.0,48.0,51.4,51.0,28.0,28.0,43.7,44.5,47,27.5,30
2.0,0.01,0.5,Oklahoma,40.1,31,59,33.5,26.9,27.5,29,0.0,0.0,66.3,59.0,76.2,73.0,120.3,66.5,4.6,4.5,8,1.9,5
1.0,0.05,2.0,Arizona,40.1,38,59,38.0,8.0,8.0,9,0.0,0.0,57.8,56.0,69.1,62.0,31.9,28.0,9.2,8.5,14,3.0,4
2.0,0.05,2.0,Minnesota,40.2,29,45,45.0,28.8,27.5,37,1.5,5.0,45.3,48.0,46.5,49.0,37.1,37.5,55.7,55.0,65,45.2,51
0.5,0.25,0.5,Kansas,40.3,40,43,40.0,36.4,37.0,39,0.9,1.0,48.0,48.0,51.4,51.0,47.7,54.0,18.1,18.5,22,15.9,20
2.0,0.25,1.0,Kansas,40.3,40,43,40.0,45.3,45.0,49,1.0,1.0,48.0,48.0,51.6,52.0,28.0,28.0,41.1,41.0,44,27.3,29
0.5,0.1,1.0,Iowa,40.4,38,44,38.0,28.0,28.0,31,1.0,3.0,44.8,44.0,46.0,45.0,29.1,28.0,90.4,91.5,103,55.5,59
1.0,0.1,0.5,Iowa,40.4,38,44,38.0,27.6,27.0,34,1.3,3.0,44.8,44.0,47.2,45.0,28.0,28.0,98.1,98.0,104,57.3,64
0.5,0.1,2.0,Iowa,40.4,38,44,38.0,28.4,28.0,30,0.7,2.0,44.8,44.0,47.0,45.0,28.0,28.0,104.8,104.5,114,57.6,59
2.0,0.1,1.0,Iowa,40.4,38,44,38.0,27.4,27.0,33,0.8,2.0,44.8,44.0,46.8,45.0,28.0,28.0,117.5,119.0,125,59.1,63
0.5,0.01,1.0,New Mexico,40.6,30,49,43.0,9.0,9.5,11,0.6,3.0,55.5,49.0,73.8,76.5,28.0,28.0,19.4,19.5,25,3.6,5
1.0,0.05,1.0,South Dakota,40.7,37,48,38.0,43.9,44.0,45,0.0,0.0,41.9,39.5,43.8,42.0,49.2,45.0,12.7,12.5,16,2.4,3
0.5,0.1,1.0,Kansas,40.8,40,48,40.0,36.3,35.0,39,0.9,1.0,48.4,48.0,52.2,52.0,45.0,53.0,18.1,18.0,27,18.6,22
0.5,0.05,2.0,Utah,40.9,31,74,31.0,10.0,10.5,12,0.3,2.0,54.4,58.0,69.4,68.0,28.0,28.0,20.0,20.0,28,5.3,7
0.5,0.05,2.0,Colorado,41.0,38,53,38.0,25.6,26.0,27,0.0,0.0,51.9,53.0,54.7,54.0,58.8,72.0,26.8,26.0,33,5.3,7
1.0,0.1,2.0,Colorado,41.0,38,52,38.0,26.3,27.0,28,0.2,1.0,49.7,50.5,53.4,53.0,54.9,47.0,28.7,29.5,37,5.5,7
0.5,0.25,0.5,Indiana,41.0,41,41,41.0,51.1,50.5,56,0.0,0.0,49.2,48.0,57.6,60.0,68.6,60.0,12.5,13.0,15,12.2,16
1.0,0.25,1.0,Indiana,41.0,41,41,41.0,58.7,58.0,62,0.0,0.0,49.2,48.0,57.1,60.0,70.6,76.0,18.6,17.5,24,13.6,16
2.0,0.25,1.0,Indiana,41.0,41,41,41.0,61.3,62.0,64,0.0,0.0,49.2,48.0,57.9,60.0,72.6,77.0,18.9,18.5,23,15.0,19
0.5,0.05,0.5,Iowa,41.0,38,44,41.0,28.6,28.5,30,0.4,2.0,45.0,45.0,50.3,46.0,28.0,28.0,81.4,81.0,95,51.9,56
1.0,0.05,2.0,Iowa,41.0,38,44,41.0,29.2,30.0,32,0.3,1.0,45.0,45.0,48.5,46.0,36.2,33.5,115.0,112.5,133,57.1,62
2.0,0.05,1.0,Iowa,41.0,38,44,41.0,28.8,29.0,32,0.3,1.0,45.0,45.0,50.4,48.0,29.1,28.0,116.4,115.5,122,57.6,63
2.0,0.05,2.0,Arizona,41.1,38,69,38.0,8.2,8.0,10,0.0,0.0,59.9,56.0,70.7,67.0,28.0,28.0,11.6,12.0,15,2.8,4
1.0,0.1,2.0,Kansas,41.1,40,48,40.0,42.0,42.0,44,0.9,1.0,48.8,48.0,53.2,52.0,28.0,28.0,32.7,33.0,36,25.7,28
1.0,0.1,0.5,Kansas,41.2,40,52,40.0,36.9,37.5,40,0.8,1.0,48.8,48.0,52.3,52.0,28.0,28.0,21.5,23.0,26,21.5,24
1.0,0.1,2.0,Wisconsin,41.3,40,53,40.0,38.7,38.5,42,0.0,0.0,48.3,47.0,50.5,49.0,28.0,28.0,84.5,87.0,92,23.6,27
1.0,0.1,0.5,South Dakota,41.4,37,48,37.0,40.9,41.0,43,0.0,0.0,42.7,39.0,44.6,42.0,51.2,50.0,12.6,13.0,15,2.4,4
1.0,0.1,1.0,Wisconsin,41.4,40,47,40.0,38.7,37.5,45,0.1,1.0,48.0,47.0,50.2,49.0,28.0,28.0,86.8,87.5,97,23.9,27
1.0,0.05,1.0,Wisconsin,41.4,40,47,40.0,35.9,36.0,39,0.1,1.0,50.7,49.0,53.7,50.0,28.0,28.0,82.5,84.0,89,25.6,30
0.5,0.1,1.0,South Dakota,41.5,37,48,38.0,39.6,40.0,41,0.0,0.0,42.8,39.5,44.5,42.0,50.7,50.0,11.6,11.0,15,2.6,3
0.5,0.1,0.5,Iowa,41.5,37,44,44.0,29.3,30.0,33,0.5,2.0,45.2,46.0,48.2,47.0,28.0,28.0,84.6,83.5,92,52.5,57
0.5,0.1,0.5,Kansas,41.6,40,48,40.0,31.8,32.0,36,0.5,1.0,48.8,48.0,52.6,52.0,39.2,28.0,15.2,15.5,18,14.9,18
1.0,0.05,0.5,Kansas,41.6,40,48,40.0,38.2,38.0,43,0.6,1.0,49.5,48.0,54.4,52.0,28.0,28.0,18.2,18.5,25,17.1,20
0.5,0.05,1.0,Kansas,41.6,40,48,40.0,34.0,34.0,38,0.7,1.0,49.6,48.0,55.1,52.0,33.5,28.0,14.8,15.0,18,17.2,20
0.5,0.05,2.0,Kansas,41.6,40,48,40.0,44.7,46.0,50,0.4,1.0,50.4,50.0,57.2,56.0,28.0,28.0,19.3,17.5,28,18.2,24
0.5,0.1,2.0,Kansas,41.6,40,48,40.0,44.4,43.5,51,0.6,1.0,49.1,48.0,53.2,52.0,28.0,28.0,21.7,20.5,32,20.4,24
2.0,0.1,1.0,Kansas,41.6,40,48,40.0,44.9,44.5,49,0.7,1.0,48.8,48.0,53.1,52.0,28.0,28.0,36.2,37.0,42,26.1,30
0.5,0.05,1.0,Iowa,41.6,38,44,44.0,28.3,28.0,35,0.2,1.0,44.8,46.0,50.2,49.0,33.1,28.0,91.0,90.0,102,54.4,59
1.0,0.05,0.5,Iowa,41.6,38,44,44.0,30.2,30.5,36,0.3,1.0,44.8,46.0,50.7,47.0,32.0,28.0,100.3,101.0,108,54.7,59
2.0,0.05,0.5,Iowa,41.6,38,44,44.0,29.3,30.0,32,0.3,1.0,45.2,46.0,47.8,47.0,31.1,28.0,112.9,113.0,120,56.9,61
2.0,0.25,0.5,Indiana,41.7,41,48,41.0,61.6,62.0,63,0.0,0.0,50.7,48.0,59.2,60.0,77.8,79.0,18.9,19.0,22,13.5,16
0.5,0.25,2.0,Indiana,41.7,41,48,41.0,56.8,56.5,59,0.0,0.0,50.4,48.0,59.0,60.0,77.0,78.5,17.1,16.5,21,14.1,17
1.0,0.25,2.0,Indiana,41.7,41,48,41.0,60.8,60.0,64,0.0,0.0,51.3,48.0,58.8,60.0,72.1,77.0,19.7,19.0,27,14.8,17
2.0,0.25,2.0,Indiana,41.7,41,48,41.0,60.6,61.0,63,0.0,0.0,51.7,48.0,57.7,60.0,68.7,60.0,20.7,21.5,23,16.7,20
0.5,0.1,2.0,Wisconsin,41.7,40,57,40.0,38.3,38.0,42,0.4,3.0,50.2,48.5,51.6,50.0,28.0,28.0,92.6,92.5,105,23.9,26
0.5,0.1,2.0,South Dakota,41.8,37,48,39.0,45.6,45.5,47,0.0,0.0,43.2,41.5,45.1,44.5,51.9,47.5,12.8,13.0,18,2.1,3
2.0,0.1,1.0,South Dakota,41.8,37,48,39.0,47.6,48.0,49,0.0,0.0,42.8,40.0,44.8,42.0,49.7,47.5,18.7,19.0,22,2.4,4
0.5,0.05,2.0,Minnesota,41.8,29,45,45.0,26.7,27.5,32,0.7,5.0,46.2,48.0,47.6,49.0,35.2,28.0,53.0,53.5,64,45.6,50
1.0,0.01,1.0,New Mexico,42.0,30,49,43.0,10.6,10.5,12,0.3,2.0,56.1,49.0,80.4,85.0,28.0,28.0,28.2,29.0,35,4.0,5
1.0,0.05,2.0,Kansas,42.0,40,52,40.0,45.4,44.0,50,0.5,1.0,51.4,48.0,55.3,52.0,28.0,28.0,27.2,27.5,33,21.6,27
2.0,0.05,0.5,Kansas,42.0,40,52,40.0,45.6,45.5,49,0.6,1.0,50.1,48.0,56.7,54.0,28.0,28.0,32.1,33.5,41,21.7,26
1.0,0.05,2.0,Wisconsin,42.0,40,60,40.0,36.2,36.5,41,0.0,0.0,53.1,50.0,56.7,56.5,28.0,28.0,77.1,75.5,89,25.5,30
ALL,ALL,ALL,Iowa,42.138888888888886,37,82,38.0,27.947222222222223,28.0,37,1.3388888888888888,13.0,48.25833333333333,44.0,53.077777777777776,45.0,33.56666666666667,28.0,102.46388888888889,104.0,133,56.06388888888889,64
2.0,0.01,1.0,New Mexico,42.2,40,43,43.0,11.4,11.5,15,0.2,1.0,47.5,49.0,78.0,81.5,28.0,28.0,30.4,30.5,34,3.8,6
0.5,0.1,0.5,Wisconsin,42.2,40,62,40.0,36.8,37.0,40,0.3,1.0,52.6,51.0,55.2,55.0,28.0,28.0,71.4,71.5,81,23.7,28
0.5,0.05,1.0,Wisconsin,42.2,40,55,40.0,36.8,36.5,43,0.4,2.0,56.6,62.5,59.0,63.0,28.0,28.0,72.7,73.0,85,23.9,30
2.0,0.05,2.0,Iowa,42.2,38,44,44.0,28.5,28.5,34,0.2,1.0,45.0,46.0,51.6,51.0,31.1,28.0,120.6,120.5,133,57.8,62
2.0,0.1,1.0,Wisconsin,42.3,40,63,40.0,39.1,39.0,43,0.0,0.0,49.6,47.0,52.1,49.0,28.0,28.0,83.4,84.5,92,23.7,28
1.0,0.25,0.5,Indiana,42.4,41,48,41.0,55.6,56.0,58,0.0,0.0,48.8,48.0,55.2,52.0,64.2,60.0,16.7,17.0,20,13.4,16
2.0,0.05,1.0,Kansas,42.5,40,52,40.0,46.3,46.0,53,0.4,1.0,50.9,50.0,55.8,54.0,28.0,28.0,32.2,32.0,41,22.1,26
2.0,0.1,1.0,Vermont,42.6,37,65,37.0,10.1,10.0,12,0.1,1.0,81.9,81.0,94.6,94.0,67.0,67.0,14.3,15.0,17,3.9,7
1.0,0.1,0.5,Vermont,42.6,37,65,37.0,10.0,10.0,12,0.0,0.0,79.0,75.0,85.9,87.0,67.0,67.0,13.9,14.5,20,4.0,6
2.0,0.1,0.5,Vermont,42.6,37,65,37.0,9.7,9.5,12,0.1,1.0,78.0,75.0,85.4,87.0,67.0,67.0,14.5,14.0,20,4.3,6
0.5,0.05,1.0,Vermont,42.6,37,65,37.0,9.6,9.0,11,0.1,1.0,86.7,87.0,101.4,106.0,67.0,67.0,11.6,12.0,14,4.4,5
2.0,0.05,0.5,Colorado,42.6,38,53,38.0,25.9,26.0,27,0.2,1.0,53.3,53.0,54.9,54.0,56.6,72.0,26.1,25.0,34,5.5,6
2.0,0.05,1.0,South Dakota,42.7,37,48,43.5,47.3,47.0,49,0.0,0.0,43.6,44.0,45.4,46.0,54.5,50.0,18.7,18.5,23,2.1,3
0.5,0.05,2.0,Iowa,42.8,38,44,44.0,30.8,31.0,36,0.3,2.0,45.6,46.0,50.3,49.0,33.1,28.0,104.4,104.5,111,54.8,62
0.5,0.05,0.5,South Dakota,42.9,37,48,43.5,32.1,32.0,34,0.0,0.0,43.8,44.0,45.3,45.5,54.1,47.5,7.3,7.0,10,2.0,3
1.0,0.05,2.0,South Dakota,43.0,37,48,43.0,46.2,46.0,48,0.0,0.0,44.8,45.5,47.1,48.0,51.1,50.0,18.7,19.0,21,2.5,4
0.5,0.05,0.5,Wisconsin,43.0,40,63,40.0,36.1,35.5,43,0.0,0.0,54.6,50.0,58.2,57.0,28.0,28.0,66.2,66.0,73,24.0,31
1.0,0.05,0.5,Wisconsin,43.0,40,63,40.0,35.9,36.0,43,0.6,5.0,54.3,52.0,58.1,62.0,28.0,28.0,74.3,75.5,81,24.5,30
2.0,0.05,1.0,Colorado,43.2,38,53,38.0,25.7,26.0,27,0.1,1.0,51.7,53.0,54.3,54.0,43.4,28.0,28.4,28.0,33,6.1,7
ALL,ALL,ALL,South Dakota,43.28055555555556,37,85,39.0,41.65555555555556,43.0,51,0.0,0.0,45.37777777777778,41.0,47.46944444444444,43.5,56.477777777777774,50.0,14.65,15.0,27,2.5083333333333333,6
0.5,0.05,0.5,Colorado,43.3,38,53,38.0,19.5,19.0,23,0.1,1.0,51.8,53.0,54.6,54.0,34.3,28.0,15.2,15.0,23,3.8,6
0.5,0.25,1.0,Indiana,43.4,41,65,41.0,52.7,53.0,57,0.0,0.0,50.6,48.0,56.7,56.0,66.7,60.0,14.8,15.5,17,13.0,16
1.0,0.25,0.5,Florida,43.4,41,53,41.0,12.5,12.5,16,0.2,1.0,53.4,53.0,59.5,59.0,31.5,28.0,20.0,20.0,23,24.5,27
0.5,0.05,2.0,Wisconsin,43.5,40,66,40.0,36.0,37.0,39,0.5,3.0,57.1,56.0,61.6,63.0,28.0,28.0,80.4,79.5,93,24.9,31
2.0,0.01,2.0,Oklahoma,43.6,31,63,36.0,30.3,30.0,35,0.0,0.0,66.0,59.0,88.2,75.0,40.5,28.0,8.2,8.0,12,4.4,6
1.0,0.05,0.5,Colorado,43.6,38,53,42.0,24.3,24.5,26,0.2,1.0,52.5,53.0,54.5,54.0,50.0,47.0,25.4,25.0,29,5.1,8
1.0,0.05,0.5,South Dakota,43.7,37,48,47.5,38.8,38.5,43,0.0,0.0,45.1,48.0,46.7,48.5,55.0,50.0,11.7,11.5,15,2.2,4
2.0,0.05,0.5,Wisconsin,43.7,40,53,40.0,38.8,39.5,41,0.0,0.0,53.8,52.0,57.3,58.0,28.0,28.0,75.8,76.0,83,22.9,28
1.0,0.01,0.5,Oklahoma,43.8,31,73,36.0,12.9,13.0,16,0.0,0.0,61.2,59.0,81.2,75.0,109.44444444444444,28.0,2.4,2.0,6,0.9,3
0.5,0.1,0.5,South Dakota,43.8,37,48,48.0,35.1,35.0,36,0.0,0.0,44.5,48.0,46.0,49.0,48.0,50.0,9.4,9.5,14,2.1,3
2.0,0.05,1.0,Wisconsin,43.9,40,63,40.0,36.9,37.0,42,0.3,1.0,55.9,56.5,57.5,58.0,28.0,28.0,76.8,78.5,91,24.7,27
0.5,0.05,1.0,South Dakota,44.0,37,48,48.0,37.8,38.0,40,0.0,0.0,44.7,48.0,46.2,49.0,48.8,50.0,11.3,11.0,14,2.7,5
0.5,0.05,0.5,Kansas,44.0,40,61,40.0,29.9,30.0,34,0.5,1.0,52.4,50.0,58.9,56.5,28.0,28.0,11.7,11.0,16,13.4,17
1.0,0.05,1.0,Kansas,44.0,40,51,42.5,45.0,45.5,50,0.3,1.0,50.4,50.0,56.1,53.5,28.0,28.0,22.6,21.5,30,18.5,23
ALL,ALL,ALL,Colorado,44.05277777777778,38,104,38.0,23.11111111111111,25.0,29,0.03888888888888889,1.0,53.93888888888889,53.0,62.5,54.0,47.24166666666667,47.0,25.247222222222224,25.0,42,5.752777777777778,11
2.0,0.05,0.5,South Dakota,44.1,37,48,47.5,45.5,45.0,49,0.0,0.0,45.8,48.0,47.2,49.0,58.3,50.0,17.5,17.0,21,2.6,4
2.0,0.05,0.5,Utah,44.3,31,79,32.0,10.4,10.5,12,0.3,2.0,55.3,58.0,68.7,68.0,28.0,28.0,21.1,21.5,27,5.5,8
1.0,0.05,2.0,Colorado,44.7,38,54,42.0,25.2,25.5,27,0.1,1.0,52.5,53.0,56.1,54.0,50.3,50.0,30.5,29.5,40,6.6,9
0.5,0.01,1.0,Minnesota,44.7,29,75,45.0,32.6,33.0,39,1.3,6.0,55.8,48.0,59.1,51.0,51.2,46.0,33.7,33.0,39,28.3,39
0.5,0.05,0.5,Utah,44.8,31,84,33.0,8.4,8.5,10,0.7,2.0,67.0,62.0,75.2,68.0,28.0,28.0,10.9,12.0,15,2.0,4
2.0,0.05,2.0,Kansas,44.8,40,48,48.0,47.3,47.0,53,0.2,1.0,52.6,52.0,62.5,63.5,28.0,28.0,34.9,36.0,44,23.4,28
2.0,0.05,2.0,South Dakota,44.9,37,48,48.0,46.8,47.0,49,0.0,0.0,45.5,48.0,46.9,49.0,53.9,50.0,20.9,21.0,27,2.8,6
ALL,ALL,ALL,Kansas,44.93055555555556,40,86,40.0,40.483333333333334,42.0,53,0.5861111111111111,1.0,53.81388888888889,48.0,59.55277777777778,52.0,29.636111111111113,28.0,25.197222222222223,24.5,49,19.391666666666666,31
2.0,0.1,0.5,Indiana,45.0,41,60,41.0,57.5,58.0,63,0.0,0.0,57.2,61.5,63.9,64.0,83.7,86.0,19.8,20.5,22,16.1,20
0.5,0.25,0.5,Idaho,45.0,45,45,45.0,7.6,7.5,9,0.0,0.0,48.6,49.0,53.9,50.0,28.0,28.0,43.0,43.0,47,16.7,18
2.0,0.1,2.0,Indiana,45.0,41,60,41.0,57.7,57.0,61,0.0,0.0,57.8,60.0,62.5,63.0,82.5,85.0,21.4,21.5,27,16.7,19
1.0,0.25,0.5,Idaho,45.0,45,45,45.0,9.6,10.0,12,0.0,0.0,48.8,50.0,51.6,50.0,28.0,28.0,45.6,45.5,48,17.1,19
0.5,0.25,1.0,Idaho,45.0,45,45,45.0,8.2,8.0,10,0.3,3.0,49.8,50.0,54.9,54.0,28.0,28.0,45.3,45.0,48,17.5,19
2.0,0.25,0.5,Idaho,45.0,45,45,45.0,10.8,10.5,13,0.0,0.0,47.8,47.0,51.0,50.0,28.0,28.0,54.8,55.0,60,17.7,19
0.5,0.25,2.0,Idaho,45.0,45,45,45.0,10.3,10.5,12,0.0,0.0,47.6,47.0,50.6,50.0,28.0,28.0,52.2,51.5,57,18.1,20
2.0,0.25,2.0,Idaho,45.0,45,45,45.0,10.2,10.0,14,0.3,3.0,50.0,50.0,54.8,53.5,28.0,28.0,55.6,54.5,61,18.7,21
1.0,0.25,2.0,Idaho,45.0,45,45,45.0,9.8,10.0,11,0.2,2.0,49.8,50.0,53.2,50.0,31.0,28.0,54.2,55.0,59,18.8,21
1.0,0.25,1.0,Idaho,45.0,45,45,45.0,9.6,10.0,12,0.2,2.0,50.1,50.0,53.2,50.0,31.0,28.0,54.7,56.0,60,19.1,21
2.0,0.25,1.0,Idaho,45.0,45,45,45.0,9.7,9.0,11,0.2,2.0,49.6,49.0,53.3,50.0,31.0,28.0,53.2,53.0,58,19.3,21
2.0,0.1,0.5,Idaho,45.0,45,45,45.0,8.1,8.0,11,1.2,9.0,52.8,50.0,58.3,58.0,28.0,28.0,53.9,54.0,61,19.9,21
2.0,0.1,2.0,Idaho,45.0,45,45,45.0,8.2,8.5,10,0.6,2.0,52.5,50.0,60.0,58.0,28.0,28.0,54.7,55.0,60,20.1,22
0.5,0.01,0.5,Minnesota,45.0,45,45,45.0,34.2,33.5,40,0.2,1.0,50.2,48.0,52.7,51.0,40.7,46.0,31.0,31.0,38,26.2,34
0.5,0.25,0.5,Illinois,45.1,43,46,46.0,46.7,47.0,48,0.0,0.0,49.7,51.0,52.5,53.0,50.0,50.0,8.6,9.0,14,3.1,5
1.0,0.05,0.5,Utah,45.1,31,79,33.0,9.7,10.0,13,0.7,2.0,59.0,59.0,76.1,68.0,28.9,28.0,18.1,18.5,23,4.0,6
2.0,0.05,2.0,Wisconsin,45.1,40,63,40.0,36.3,36.5,40,0.3,1.0,58.9,63.0,61.2,66.0,28.0,28.0,77.8,78.0,88,25.0,29
0.5,0.1,2.0,Vermont,45.4,37,65,37.0,10.7,10.5,13,0.0,0.0,79.4,75.0,88.4,87.0,67.0,67.0,13.4,13.5,17,3.3,5
0.5,0.1,0.5,Vermont,45.4,37,65,37.0,10.3,10.5,11,0.1,1.0,81.8,87.0,92.1,91.5,67.0,67.0,13.4,13.5,16,3.7,5
2.0,0.25,0.5,Illinois,45.4,43,46,46.0,63.8,64.0,66,0.0,0.0,49.8,51.0,52.2,53.0,47.8,50.0,19.5,19.5,23,5.5,7
2.0,0.25,1.0,Illinois,45.4,43,46,46.0,63.5,64.0,66,0.0,0.0,49.9,51.0,52.4,53.0,50.0,50.0,22.8,23.5,25,7.1,9
0.5,0.1,1.0,Idaho,45.5,45,50,45.0,7.5,7.5,10,2.6,12.0,54.5,50.0,62.3,62.5,31.0,28.0,47.0,47.0,52,17.5,21
2.0,0.05,2.0,Colorado,45.6,38,54,45.5,26.2,26.5,28,0.0,0.0,52.7,53.5,57.7,55.5,36.3,28.0,28.0,27.5,32,6.2,10
ALL,ALL,ALL,Wyoming,45.68888888888889,37,127,37.0,10.363888888888889,11.0,14,0.0,0.0,58.56666666666667,43.0,69.86666666666666,53.0,112.42042042042043,99.0,2.069069069069069,2.0,5,0.0,0
1.0,0.25,0.5,Illinois,45.7,43,46,46.0,56.3,56.0,59,0.0,0.0,50.6,51.0,52.9,53.0,47.8,50.0,16.6,16.5,21,4.2,5
0.5,0.25,2.0,Illinois,45.7,43,46,46.0,60.6,60.0,64,0.0,0.0,50.0,50.0,52.0,52.0,47.8,50.0,19.8,20.5,23,4.6,6
2.0,0.05,1.0,Utah,45.7,31,64,45.5,10.8,11.0,13,1.0,2.0,62.1,67.0,72.1,70.5,28.0,28.0,19.7,20.0,26,5.4,7
1.0,0.05,1.0,Colorado,45.7,38,54,46.0,25.6,26.0,27,0.2,1.0,53.3,53.5,56.7,55.5,36.8,28.0,28.2,29.0,34,5.6,7
1.0,0.1,1.0,Idaho,45.8,45,53,45.0,8.3,8.0,11,2.3,11.0,53.8,50.0,63.1,67.0,28.0,28.0,53.8,56.0,61,19.9,22
1.0,0.1,2.0,Idaho,45.8,45,53,45.0,8.0,8.0,10,2.1,8.0,55.2,54.0,62.2,63.0,31.0,28.0,53.1,52.5,60,20.3,23
0.5,0.25,2.0,Florida,45.8,41,53,41.0,12.3,13.0,15,0.2,1.0,54.6,53.0,61.0,59.0,38.5,28.0,27.2,27.0,31,24.1,27
2.0,0.01,1.0,Minnesota,45.8,29,65,45.0,41.0,40.0,52,0.3,2.0,52.9,50.0,56.3,56.5,50.3,48.5,39.9,38.5,48,26.5,38
2.0,0.25,1.0,Florida,45.8,41,53,41.0,11.0,11.0,14,0.2,1.0,54.2,53.0,59.5,59.0,28.0,28.0,40.0,39.5,45,27.0,29
1.0,0.01,1.0,Minnesota,45.8,45,49,45.0,36.2,36.0,41,0.2,1.0,50.2,48.0,51.9,51.0,42.5,46.0,37.4,36.5,47,30.2,36
0.5,0.05,2.0,South Dakota,45.9,37,48,48.0,43.2,43.5,45,0.0,0.0,46.9,48.0,48.1,49.0,58.3,50.0,12.8,13.0,19,2.9,4
1.0,0.25,1.0,Illinois,46.0,46,46,46.0,62.3,62.0,65,0.0,0.0,51.1,51.0,53.1,53.0,50.0,50.0,18.5,17.5,25,4.7,6
1.0,0.1,2.0,Indiana,46.0,41,65,41.0,56.7,56.5,60,0.0,0.0,59.4,60.0,63.2,63.0,81.8,84.0,21.7,22.5,25,17.5,20
0.5,0.25,0.5,Florida,46.0,41,55,41.0,9.0,8.5,13,0.1,1.0,55.0,53.0,63.1,59.0,35.0,28.0,12.5,12.5,15,20.9,23
ALL,ALL,ALL,Arizona,46.19444444444444,38,95,38.0,7.961111111111111,8.0,11,0.2972222222222222,4.0,63.63611111111111,56.0,74.56944444444444,62.0,36.34166666666667,28.0,8.397222222222222,8.0,17,2.6805555555555554,5
0.5,0.25,1.0,Illinois,46.2,43,51,46.0,53.5,53.0,57,0.0,0.0,50.9,51.0,54.0,53.0,49.8,50.0,16.7,17.0,21,4.1,6
1.0,0.25,2.0,Illinois,46.2,43,51,46.0,64.1,64.0,68,0.0,0.0,50.7,51.0,53.5,53.0,42.7,50.0,23.4,23.5,28,5.7,7
2.0,0.25,2.0,Illinois,46.2,43,51,46.0,64.0,64.0,67,0.0,0.0,50.7,51.0,53.5,53.0,49.3,50.0,23.0,23.0,25,6.9,9
1.0,0.1,0.5,Idaho,46.3,45,53,45.0,7.0,7.5,9,2.5,10.0,55.5,53.5,63.8,58.0,28.0,28.0,44.5,43.0,52,18.9,22
1.0,0.1,1.0,Illinois,46.4,46,50,46.0,58.8,59.0,61,0.0,0.0,51.8,51.0,54.2,53.0,58.8,54.5,16.7,16.5,22,5.9,9
2.0,0.25,2.0,Florida,46.4,41,59,41.0,11.5,12.0,14,0.2,1.0,55.9,53.0,64.4,61.5,28.0,28.0,39.3,39.5,43,27.3,30
0.5,0.01,2.0,Minnesota,46.6,45,49,45.0,36.4,35.0,45,0.2,2.0,53.7,52.0,56.8,56.5,47.0,48.5,38.4,38.5,51,28.5,33
1.0,0.01,1.0,Iowa,46.6,44,54,46.0,27.9,27.0,34,1.4,5.0,56.3,54.0,69.0,74.0,43.3,48.0,95.3,96.5,101,54.5,59
2.0,0.1,0.5,Illinois,46.7,43,51,46.0,60.0,59.5,64,0.0,0.0,51.7,53.0,56.1,56.0,43.0,39.0,18.4,18.0,24,6.4,8
2.0,0.1,2.0,Illinois,46.7,46,53,46.0,59.5,60.0,64,0.0,0.0,53.3,53.0,55.6,56.0,55.2,50.0,21.2,22.0,25,6.8,8
0.5,0.1,0.5,Idaho,46.8,45,53,45.0,6.3,6.0,10,4.4,17.0,60.4,58.0,64.0,67.0,28.0,28.0,46.9,47.0,56,17.2,21
2.0,0.1,1.0,Idaho,46.8,45,58,45.0,7.8,8.0,9,1.8,10.0,56.4,58.0,63.6,67.0,28.0,28.0,53.6,53.5,59,20.3,23
1.0,0.01,2.0,Minnesota,46.9,45,56,45.0,38.2,39.5,45,0.0,0.0,50.4,48.0,55.5,51.5,47.4,46.0,39.1,39.0,48,30.3,40
1.0,0.25,1.0,Florida,47.0,41,53,47.0,11.2,11.5,14,0.6,4.0,58.1,55.0,63.4,59.0,28.0,28.0,31.6,32.0,35,26.7,29
2.0,0.01,1.0,Iowa,47.1,44,64,44.0,26.8,27.0,30,0.7,3.0,53.1,51.0,67.8,68.5,44.4,48.0,102.6,104.0,111,56.3,60
1.0,0.1,2.0,Illinois,47.2,46,53,46.0,58.2,59.0,61,0.0,0.0,53.3,53.0,56.8,56.0,51.6,50.0,21.3,20.5,27,7.1,10
1.0,0.1,1.0,Indiana,47.6,41,67,44.5,53.9,54.0,57,0.0,0.0,61.6,61.5,64.6,64.0,81.8,84.0,19.5,19.5,24,16.4,20
0.5,0.01,0.5,Iowa,47.6,44,60,46.0,26.3,26.0,31,2.3,9.0,59.4,57.0,67.8,61.5,45.0,48.0,73.0,71.0,82,43.5,49
0.5,0.05,1.0,Colorado,47.7,38,54,52.0,22.2,22.0,24,0.1,1.0,52.9,53.0,57.7,54.0,34.6,28.0,21.9,22.0,25,4.7,7
2.0,0.01,2.0,Minnesota,47.9,29,75,45.0,35.2,34.0,44,0.1,1.0,56.2,48.0,59.3,51.5,48.6,46.0,42.1,43.0,49,32.8,37
0.5,0.1,2.0,Idaho,48.0,45,65,45.0,7.9,7.5,11,1.5,10.0,54.8,50.0,62.4,58.5,28.0,28.0,52.0,52.0,62,19.6,22
0.5,0.1,1.0,Illinois,48.1,46,53,46.0,49.3,49.0,53,0.0,0.0,53.2,53.0,58.0,56.0,52.7,50.0,15.4,15.0,19,5.2,7
1.0,0.05,1.0,Illinois,48.1,46,53,46.0,53.0,53.0,56,0.0,0.0,56.7,53.0,60.6,56.0,62.0,77.0,16.6,16.0,24,6.5,9
0.5,0.1,1.0,Vermont,48.2,37,65,37.0,10.7,10.5,13,0.1,1.0,80.8,81.0,90.1,89.0,67.0,67.0,12.7,12.5,15,3.3,5
1.0,0.1,2.0,Vermont,48.2,37,65,37.0,10.1,10.0,13,0.0,0.0,77.0,75.0,86.6,87.0,67.0,67.0,14.5,14.0,20,3.9,5
0.5,0.25,1.0,Florida,48.2,41,53,53.0,12.7,12.5,16,0.1,1.0,56.2,55.0,64.0,61.5,38.1,28.0,15.4,15.5,18,23.3,25
0.5,0.1,2.0,Illinois,48.4,46,53,46.0,57.3,57.0,60,0.0,0.0,54.3,53.0,58.0,56.0,46.7,39.0,16.9,17.0,20,5.1,8
1.0,0.1,0.5,Illinois,48.4,46,53,46.0,53.0,53.0,56,0.0,0.0,54.2,52.0,58.8,54.5,48.2,39.0,14.6,14.5,18,5.3,7
2.0,0.1,1.0,Illinois,48.5,46,53,46.0,60.1,60.0,64,0.0,0.0,54.9,52.0,57.4,54.5,54.7,54.5,20.3,21.5,26,6.7,9
1.0,0.01,2.0,Iowa,48.6,44,60,46.0,27.9,28.0,31,1.7,5.0,59.6,58.5,67.6,61.0,41.0,48.0,99.2,96.5,114,56.2,60
ALL,ALL,ALL,Wisconsin,48.83888888888889,40,96,40.0,35.65277777777778,36.0,45,0.1388888888888889,5.0,57.53888888888889,49.0,60.483333333333334,51.0,28.0,28.0,80.575,79.5,109,25.566666666666666,34
0.5,0.01,1.0,South Dakota,49.0,39,61,48.0,29.5,29.5,32,0.0,0.0,55.7,49.5,58.5,53.0,71.9,72.0,10.4,11.0,12,2.0,4
2.0,0.05,1.0,Illinois,49.1,46,53,48.5,56.1,57.5,60,0.0,0.0,56.3,53.0,62.9,62.0,76.4,78.0,16.7,17.5,19,6.9,9
2.0,0.01,0.5,Minnesota,49.1,29,90,45.0,37.1,37.0,44,0.1,1.0,53.8,52.0,56.3,54.0,53.9,51.0,40.3,41.0,48,30.1,37
1.0,0.01,0.5,Minnesota,49.2,45,83,45.0,34.9,35.5,44,0.0,0.0,54.7,50.0,57.5,56.5,50.6,48.5,32.7,32.0,41,26.7,35
0.5,0.05,0.5,Illinois,49.3,46,53,48.5,40.1,39.5,44,0.0,0.0,62.0,53.0,67.3,60.0,64.5,50.0,6.9,7.0,10,4.8,7
1.0,0.05,2.0,Illinois,49.3,46,53,48.5,55.0,55.0,59,0.0,0.0,59.6,53.0,63.6,60.0,61.8,60.0,18.1,18.5,25,7.9,11
0.5,0.01,2.0,Oklahoma,49.4,31,73,57.5,19.3,19.5,21,0.0,0.0,63.3,61.0,81.1,75.0,77.1,70.0,3.3,3.0,7,1.5,3
1.0,0.25,1.0,Ohio,49.4,43,68,43.0,58.5,58.5,63,0.0,0.0,63.9,68.0,71.3,69.0,49.6,43.0,22.0,20.5,27,17.4,22
2.0,0.25,0.5,Florida,49.4,41,53,53.0,11.6,11.0,14,0.1,1.0,55.4,55.0,60.5,59.0,28.0,28.0,33.4,33.0,36,26.5,28
0.5,0.1,0.5,Illinois,49.6,46,53,51.0,42.8,41.5,46,0.0,0.0,55.6,53.0,62.1,64.0,72.1,78.0,7.4,7.5,11,4.6,7
2.0,0.05,2.0,Utah,49.6,31,73,45.5,10.7,11.0,14,0.5,2.0,66.4,66.0,72.0,70.5,28.0,28.0,19.2,19.5,23,4.7,6
0.5,0.05,1.0,Illinois,49.7,46,53,50.5,45.7,45.5,50,0.0,0.0,58.4,53.0,64.7,62.0,67.5,67.0,11.7,12.0,16,6.5,10
2.0,0.01,2.0,South Dakota,49.9,39,61,48.0,39.8,40.0,44,0.0,0.0,59.4,53.0,63.6,57.5,70.9,72.0,15.3,15.5,18,3.9,5
1.0,0.05,0.5,Illinois,50.0,46,53,52.0,48.7,49.0,52,0.0,0.0,60.2,58.5,65.6,66.0,79.3,82.5,11.2,10.5,17,5.5,7
2.0,0.05,0.5,Illinois,50.0,46,53,52.0,54.7,55.5,58,0.0,0.0,60.6,58.5,65.3,68.0,71.6,77.5,16.1,16.5,20,6.3,9
0.5,0.25,1.0,Ohio,50.0,43,68,43.0,55.1,55.0,58,0.0,0.0,66.0,68.0,70.7,69.0,53.4,58.0,18.6,16.5,24,15.8,18
0.5,0.25,0.5,Pennsylvania,50.0,50,50,50.0,39.1,39.0,41,0.0,0.0,59.3,61.0,67.8,66.0,56.6,48.5,27.8,27.0,37,16.4,18
1.0,0.25,0.5,Pennsylvania,50.0,50,50,50.0,41.2,41.5,44,0.0,0.0,54.4,50.0,63.5,63.5,47.4,43.0,38.0,39.0,42,17.1,22
2.0,0.25,0.5,Pennsylvania,50.0,50,50,50.0,43.4,43.0,47,0.0,0.0,57.1,61.0,64.3,66.0,48.2,43.0,37.6,38.0,41,17.1,20
2.0,0.25,1.0,Pennsylvania,50.0,50,50,50.0,43.0,43.0,48,0.0,0.0,59.3,61.0,67.0,66.0,60.7,69.0,34.6,36.0,41,17.6,22
1.0,0.25,1.0,Pennsylvania,50.0,50,50,50.0,41.6,41.0,46,0.0,0.0,59.8,61.0,65.6,66.0,46.2,28.0,39.9,39.5,45,18.3,24
0.5,0.25,2.0,Pennsylvania,50.0,50,50,50.0,41.1,41.0,45,0.0,0.0,54.9,50.0,64.6,66.0,46.7,43.0,39.4,39.0,43,18.8,21
1.0,0.25,2.0,Florida,50.0,41,55,53.0,12.4,12.0,14,0.1,1.0,56.0,55.0,66.1,61.5,28.0,28.0,36.7,37.0,39,25.8,28
0.5,0.1,1.0,Indiana,50.1,41,65,48.0,49.1,49.0,52,0.0,0.0,61.2,64.0,65.9,66.0,83.2,86.5,12.5,12.5,15,14.4,18
0.5,0.01,2.0,Iowa,50.1,44,60,46.0,28.9,28.0,37,2.7,9.0,60.4,58.5,72.7,74.0,50.9,52.5,88.0,91.0,97,52.2,58
2.0,0.05,1.0,Idaho,50.3,45,65,45.0,8.6,9.0,10,2.2,10.0,61.1,62.0,70.0,68.0,28.0,28.0,52.4,52.5,62,19.3,23
0.5,0.25,1.0,Michigan,50.3,46,54,53.0,37.1,37.0,40,0.1,1.0,54.6,54.0,56.6,57.0,28.0,28.0,23.4,22.5,29,22.9,25
1.0,0.1,0.5,Indiana,50.4,41,66,48.0,51.5,51.0,55,0.0,0.0,61.5,61.5,65.7,64.0,78.6,85.0,15.6,15.5,19,14.7,19
1.0,0.05,0.5,Idaho,50.4,45,79,45.0,7.2,6.5,13,3.1,9.0,62.4,62.5,70.6,73.0,28.0,28.0,42.3,44.5,47,18.4,21
1.0,0.01,0.5,Iowa,50.4,44,74,48.5,26.2,27.0,31,3.8,13.0,64.4,60.0,76.6,76.5,50.2,48.0,84.1,84.5,97,51.6,58
2.0,0.01,0.5,Iowa,50.5,38,82,48.5,27.8,27.5,34,3.5,9.0,63.4,60.0,75.2,74.0,48.6,53.5,96.0,96.5,104,55.1,64
2.0,0.01,1.0,Oklahoma,50.6,31,59,59.0,28.2,28.5,31,0.0,0.0,68.5,63.0,83.1,73.0,83.4,28.0,6.2,5.5,12,3.3,5
0.5,0.25,2.0,Michigan,50.6,46,54,53.0,39.5,40.5,43,0.2,2.0,53.8,54.0,56.6,57.0,28.0,28.0,26.2,26.5,30,22.9,27
1.0,0.01,1.0,South Dakota,50.7,48,58,48.0,37.9,37.5,41,0.0,0.0,52.1,50.0,55.1,56.0,75.7,72.0,12.0,12.0,17,2.1,3
2.0,0.05,2.0,Illinois,50.7,46,53,53.0,56.1,56.0,59,0.0,0.0,62.6,64.0,69.5,68.0,74.5,77.0,15.9,15.0,22,8.0,11
1.0,0.01,2.0,Kansas,50.9,40,64,52.0,43.7,44.0,50,0.1,1.0,60.2,60.0,68.6,72.0,28.0,28.0,21.9,20.0,31,15.0,21
2.0,0.01,2.0,Iowa,50.9,38,74,46.0,28.8,28.0,35,3.0,10.0,66.8,67.0,75.5,79.0,44.6,43.5,99.3,99.5,117,55.8,60
0.5,0.25,0.5,Michigan,51.0,46,57,53.0,31.3,31.0,35,0.2,2.0,54.8,54.0,56.8,57.0,66.6,67.5,23.1,23.0,29,22.9,28
1.0,0.25,0.5,New York,51.0,51,51,51.0,9.6,10.0,11,1.9,2.0,60.5,61.0,72.6,74.0,28.0,28.0,193.4,193.5,202,40.6,44
0.5,0.01,1.0,Oklahoma,51.1,31,110,47.5,9.8,10.0,12,0.0,0.0,77.6,73.0,98.3,83.5,55.44444444444444,28.0,2.3333333333333335,2.0,3,0.5,2
0.5,0.01,0.5,South Dakota,51.1,48,61,48.0,24.0,23.0,29,0.0,0.0,53.3,50.0,55.7,56.5,72.1,72.0,6.2,6.0,10,1.7,3
1.0,0.01,2.0,South Dakota,51.1,48,61,48.0,39.0,39.5,43,0.0,0.0,54.0,50.0,57.2,57.5,76.8,72.0,16.5,17.0,22,2.6,5
0.5,0.25,1.0,Pennsylvania,51.1,50,61,50.0,39.3,38.0,44,0.0,0.0,60.1,61.0,66.8,66.0,58.8,69.0,37.2,36.5,44,18.3,21
2.0,0.25,2.0,Pennsylvania,51.1,50,61,50.0,42.0,42.5,45,0.0,0.0,62.1,61.0,68.2,66.0,54.2,48.5,36.8,38.0,47,18.5,23
2.0,0.1,2.0,Florida,51.1,41,64,53.0,12.5,12.5,15,1.2,5.0,67.1,59.0,82.6,86.0,50.4,56.0,33.8,34.0,37,25.3,30
1.0,0.01,0.5,South Dakota,51.2,48,61,48.5,30.0,30.0,33,0.0,0.0,56.8,53.5,60.3,58.0,73.8,72.0,10.3,10.5,15,1.8,3
0.5,0.05,2.0,Illinois,51.2,46,53,53.0,53.6,53.0,58,0.0,0.0,62.3,62.5,72.7,76.0,83.1,83.0,14.7,14.5,19,5.0,7
2.0,0.25,0.5,Ohio,51.2,43,68,43.0,61.3,61.0,66,0.0,0.0,66.7,68.0,71.0,69.0,40.2,28.0,24.2,23.5,28,17.6,21
2.0,0.25,0.5,Michigan,51.2,46,53,53.0,41.1,41.5,45,0.1,1.0,54.3,54.0,56.5,57.0,66.6,67.5,26.2,25.0,33,22.1,25
1.0,0.25,1.0,Michigan,51.2,46,53,53.0,40.0,40.0,42,0.1,1.0,53.6,54.0,56.7,57.0,66.5,66.5,26.0,25.5,31,23.0,27
0.5,0.05,0.5,Vermont,51.4,37,69,51.0,9.3,9.0,10,0.0,0.0,83.5,87.0,96.0,99.5,70.5,67.0,11.9,11.0,16,4.6,5
0.5,0.01,1.0,Iowa,51.5,38,74,46.0,27.2,27.0,32,0.7,2.0,58.7,60.0,70.4,74.0,48.3,48.0,77.7,77.0,86,47.8,53
2.0,0.25,2.0,Michigan,51.6,46,53,53.0,41.2,40.5,45,0.0,0.0,55.5,55.5,57.9,57.5,66.8,68.0,25.0,24.5,28,22.7,25
2.0,0.05,2.0,Idaho,51.7,45,71,45.0,7.5,7.5,10,5.3,11.0,67.6,68.0,74.7,79.0,28.0,28.0,52.1,52.0,61,20.5,24
1.0,0.25,0.5,Michigan,51.7,46,54,53.0,38.1,38.5,43,0.0,0.0,54.1,54.0,56.5,57.0,28.0,28.0,25.8,26.5,29,22.9,27
2.0,0.25,1.0,Michigan,51.7,46,57,53.0,39.6,39.0,42,0.5,2.0,54.9,54.0,57.2,57.0,64.3,65.0,26.0,25.5,32,23.9,26
1.0,0.1,0.5,Florida,51.8,41,59,55.0,12.7,12.0,17,1.2,4.0,69.3,63.5,88.8,93.0,52.9,63.0,19.0,18.0,23,23.5,26
1.0,0.05,1.0,Utah,52.0,31,74,58.0,10.1,10.5,12,0.7,2.0,62.3,68.0,73.4,79.0,28.0,28.0,20.9,21.0,25,5.2,7
2.0,0.05,0.5,Idaho,52.1,45,79,45.5,8.7,8.0,14,2.6,10.0,61.1,58.0,70.1,67.0,28.0,28.0,51.0,50.5,62,19.2,21
0.5,0.1,0.5,Indiana,52.2,41,65,48.0,44.1,44.0,47,0.0,0.0,62.7,65.0,67.0,66.0,86.7,87.5,12.1,12.5,15,15.0,18
1.0,0.25,2.0,Pennsylvania,52.2,50,61,50.0,43.0,43.0,47,0.0,0.0,61.4,61.0,66.9,66.0,44.4,28.0,36.2,37.5,43,17.4,20
1.0,0.05,2.0,Indiana,52.2,41,72,48.0,53.4,53.5,57,0.0,0.0,67.8,69.0,72.0,72.0,87.4,89.0,23.2,22.5,30,17.7,21
0.5,0.05,2.0,Idaho,52.2,45,75,45.0,7.3,7.5,9,6.5,12.0,67.8,67.0,80.0,79.0,28.0,28.0,50.9,50.0,57,20.2,22
1.0,0.1,2.0,Florida,52.2,41,59,53.0,11.8,12.5,15,0.8,5.0,64.3,64.0,82.3,87.5,32.5,28.0,33.3,32.0,40,25.6,30
1.0,0.25,2.0,Michigan,52.3,46,53,53.0,39.5,40.0,41,0.0,0.0,54.6,54.0,56.8,57.0,67.8,67.5,24.1,24.0,28,24.3,27
1.0,0.05,0.5,Vermont,52.4,37,75,51.0,9.5,10.0,12,0.4,3.0,92.2,87.0,110.3,106.0,74.0,67.0,12.2,12.0,15,4.5,7
2.0,0.25,0.5,New York,52.5,51,61,51.0,9.5,9.0,12,1.6,2.0,61.8,61.0,75.0,75.0,28.0,28.0,202.6,204.5,215,41.8,44
2.0,0.25,1.0,Kentucky,52.8,48,56,56.0,49.3,49.0,53,0.0,0.0,59.9,61.5,62.4,63.5,62.4,71.0,32.9,34.0,37,17.0,21
2.0,0.1,1.0,Indiana,52.8,41,65,48.0,56.5,57.0,59,0.0,0.0,60.5,65.0,67.2,67.5,82.4,86.5,21.3,21.5,24,17.8,20
1.0,0.25,1.0,Kentucky,52.8,48,56,56.0,44.4,45.0,48,0.0,0.0,59.1,59.0,62.7,63.0,61.5,68.0,30.8,31.5,34,18.9,23
2.0,0.1,0.5,Florida,52.8,41,68,53.0,12.3,12.0,18,1.4,5.0,70.0,64.0,84.4,91.0,61.2,63.0,31.0,30.5,36,25.1,31
ALL,ALL,ALL,Illinois,52.94722222222222,43,120,46.0,51.21388888888889,53.0,68,0.0,0.0,64.7611111111111,53.0,70.25277777777778,56.0,74.04722222222222,59.0,15.127777777777778,15.0,28,5.463888888888889,11
1.0,0.25,1.0,New York,53.0,51,61,51.0,10.2,10.0,13,1.8,2.0,64.2,61.0,76.7,74.0,28.0,28.0,200.2,202.5,210,40.9,43
1.0,0.25,2.0,New York,53.0,51,61,51.0,8.4,9.0,10,1.9,2.0,64.5,61.0,77.0,75.0,28.0,28.0,203.3,203.0,214,42.7,45
1.0,0.25,2.0,Ohio,53.1,43,68,49.5,62.9,63.0,65,0.0,0.0,65.8,68.0,73.6,70.5,43.4,28.0,22.3,21.5,27,16.6,20
ALL,ALL,ALL,Utah,53.16388888888889,31,162,33.0,10.647222222222222,11.0,15,0.30277777777777776,2.0,68.0,58.0,83.05277777777778,68.0,41.24722222222222,28.0,18.35,20.0,33,3.908333333333333,9
2.0,0.01,1.0,South Dakota,53.2,48,61,52.5,40.9,40.5,43,0.0,0.0,54.9,54.0,57.2,58.0,79.8,72.0,17.3,17.5,21,3.2,5
1.0,0.05,2.0,Utah,53.2,31,81,58.0,11.1,11.0,15,0.6,2.0,66.4,68.0,76.5,76.5,28.0,28.0,20.5,20.5,26,4.5,8
1.0,0.05,2.0,Idaho,53.5,45,76,49.0,7.6,7.5,10,2.7,12.0,66.7,67.0,79.5,77.5,28.0,28.0,52.3,51.5,68,20.1,24
0.5,0.01,2.0,South Dakota,53.6,48,61,53.0,34.9,34.0,40,0.0,0.0,56.9,57.0,59.1,57.5,85.3,82.5,12.3,12.0,16,2.2,4
0.5,0.05,1.0,Idaho,53.6,45,71,55.5,6.7,7.0,8,0.7,2.0,59.0,58.5,67.4,67.0,30.9,28.0,41.8,42.0,50,17.6,19
1.0,0.25,2.0,Kentucky,53.6,48,56,56.0,47.3,47.0,52,0.0,0.0,59.5,60.0,63.0,63.0,58.1,68.0,33.5,33.0,39,18.7,23
1.0,0.01,0.5,Colorado,53.7,53,54,54.0,16.0,16.0,17,0.0,0.0,63.8,57.0,89.2,94.0,62.8,75.0,28.7,27.5,34,7.1,9
2.0,0.01,0.5,Colorado,53.7,53,54,54.0,19.0,19.5,21,0.0,0.0,60.1,57.0,84.6,89.5,28.0,28.0,30.6,31.5,36,7.2,9
0.5,0.25,2.0,Ohio,53.7,43,68,49.5,58.9,59.0,61,0.0,0.0,67.1,68.0,71.2,69.0,34.2,28.0,21.3,21.0,25,16.5,20
1.0,0.05,1.0,Indiana,53.7,41,72,54.0,51.3,51.0,56,0.0,0.0,63.7,64.5,68.4,68.5,84.3,87.0,19.5,20.0,24,16.9,20
0.5,0.1,2.0,Michigan,53.7,46,58,53.0,37.7,37.5,41,0.2,1.0,58.9,58.0,61.9,61.0,43.3,28.0,24.8,25.0,28,22.6,25
1.0,0.1,1.0,Vermont,53.8,37,65,65.0,10.4,11.0,12,0.0,0.0,77.2,75.0,85.0,87.0,67.0,67.0,13.5,13.5,17,3.6,6
1.0,0.05,2.0,Vermont,53.8,37,65,65.0,9.6,9.0,13,0.6,2.0,89.6,87.0,100.7,101.5,67.0,67.0,13.8,13.5,17,4.4,7
0.5,0.05,2.0,Vermont,53.8,37,65,65.0,9.4,9.5,11,0.0,0.0,85.8,87.0,110.0,106.0,67.0,67.0,12.8,12.5,17,4.6,6
1.0,0.25,0.5,California,54.0,54,54,54.0,11.9,12.5,13,0.0,0.0,57.0,57.0,61.0,61.0,28.0,28.0,40.1,40.5,44,25.6,28
1.0,0.25,1.0,California,54.0,54,54,54.0,12.0,12.0,13,0.0,0.0,57.0,57.0,61.0,61.0,28.0,28.0,42.0,42.5,46,25.6,27
2.0,0.25,2.0,California,54.0,54,54,54.0,13.3,13.5,14,0.0,0.0,57.0,57.0,61.0,61.0,28.0,28.0,40.7,39.5,45,25.6,27
1.0,0.25,2.0,California,54.0,54,54,54.0,12.8,13.0,14,0.0,0.0,57.0,57.0,61.0,61.0,28.0,28.0,41.7,41.0,45,25.8,27
2.0,0.25,1.0,California,54.0,54,54,54.0,12.8,13.0,14,0.0,0.0,57.0,57.0,61.0,61.0,28.0,28.0,40.3,40.5,43,26.1,28
0.5,0.25,2.0,California,54.0,54,54,54.0,11.4,12.0,12,0.0,0.0,57.0,57.0,61.0,61.0,28.0,28.0,42.1,43.0,45,26.1,27
0.5,0.25,2.0,New York,54.0,51,61,51.0,11.6,11.0,17,1.6,2.0,64.2,61.0,76.0,75.0,28.0,28.0,198.8,198.5,210,39.7,44
2.0,0.25,1.0,New York,54.0,51,61,51.0,10.1,9.5,14,1.7,2.0,64.9,61.0,76.7,75.0,28.0,28.0,199.0,199.0,209,41.2,43
0.5,0.01,1.0,Colorado,54.1,53,57,54.0,13.6,13.0,17,0.0,0.0,65.7,57.0,87.6,94.5,48.3,28.0,23.5,23.0,28,6.2,10
2.0,0.01,1.0,Colorado,54.2,53,57,54.0,20.3,19.5,23,0.0,0.0,65.1,57.0,95.8,95.0,28.0,28.0,32.1,31.0,39,8.1,11
2.0,0.01,2.0,Colorado,54.3,53,57,54.0,19.9,20.0,22,0.0,0.0,71.4,59.0,83.5,89.5,32.7,28.0,33.9,35.0,38,8.5,11
2.0,0.25,1.0,Ohio,54.3,43,68,49.5,62.2,63.0,65,0.0,0.0,66.4,68.0,71.1,68.5,37.2,28.0,24.3,24.0,27,16.8,20
0.5,0.1,2.0,Indiana,54.3,41,65,56.0,52.3,52.5,55,0.1,1.0,63.2,64.0,67.3,67.0,80.4,86.5,18.2,18.5,21,18.4,22
0.5,0.25,0.5,California,54.3,54,57,54.0,12.0,12.0,13,0.0,0.0,57.4,57.0,61.0,61.0,28.0,28.0,37.7,38.5,40,23.3,24
0.5,0.25,1.0,California,54.3,54,57,54.0,11.6,11.5,13,0.0,0.0,57.4,57.0,61.0,61.0,28.0,28.0,39.4,39.0,45,23.7,25
2.0,0.25,0.5,California,54.3,54,57,54.0,12.4,12.5,14,0.0,0.0,57.4,57.0,61.3,61.0,28.0,28.0,41.1,41.0,44,26.2,28
0.5,0.01,0.5,Colorado,54.4,53,57,54.0,13.6,14.5,17,0.0,0.0,69.9,57.0,91.3,94.5,40.0,28.0,12.5,12.0,18,3.3,6
0.5,0.25,0.5,Kentucky,54.4,48,56,56.0,32.1,32.5,35,0.0,0.0,59.8,60.0,63.3,63.0,70.4,71.0,11.8,12.0,15,11.1,16
2.0,0.25,2.0,Kentucky,54.4,48,56,56.0,48.8,48.5,55,0.0,0.0,60.1,60.0,63.7,63.0,70.7,71.0,35.1,35.0,40,17.4,21
0.5,0.25,0.5,Ohio,54.6,43,69,56.0,48.9,48.5,51,0.0,0.0,64.3,68.0,70.5,69.0,49.7,28.0,9.0,8.5,12,14.3,18
1.0,0.01,2.0,Colorado,54.7,53,61,54.0,18.8,18.5,22,0.0,0.0,68.6,57.0,87.1,87.5,39.0,28.0,31.1,32.0,37,7.5,9
1.0,0.01,0.5,Kansas,54.7,40,75,52.0,31.1,31.0,36,0.0,0.0,68.6,72.0,77.9,74.0,28.0,28.0,13.5,13.0,17,10.4,14
2.0,0.01,0.5,Kansas,54.7,45,70,52.0,42.6,43.0,49,0.0,0.0,64.8,68.0,74.9,72.0,28.0,28.0,23.6,23.5,29,13.6,16
2.0,0.01,2.0,Kansas,54.7,40,86,50.0,42.8,43.0,45,0.2,1.0,72.9,68.0,80.7,73.0,28.0,28.0,29.1,29.5,33,15.9,19
0.5,0.1,2.0,Kentucky,54.8,48,60,56.0,44.9,45.0,51,0.1,1.0,64.3,63.0,69.1,72.0,54.1,68.0,27.2,26.5,31,12.2,16
2.0,0.1,2.0,Pennsylvania,54.9,50,72,50.0,43.8,43.5,46,0.0,0.0,65.6,64.0,73.2,72.0,82.4,90.0,29.4,28.5,36,15.6,18
1.0,0.25,0.5,Nevada,55.0,55,55,55.0,5.0,5.0,5,0.0,0.0,64.0,64.0,113.0,117.0,,,0.0,0.0,0,0.0,0
0.5,0.25,2.0,Nevada,55.0,55,55,55.0,5.0,5.0,5,0.0,0.0,64.0,64.0,117.8,117.0,,,0.0,0.0,0,0.0,0
0.5,0.25,0.5,Nevada,55.0,55,55,55.0,4.3,4.0,5,0.0,0.0,64.0,64.0,114.2,117.0,,,0.0,0.0,0,0.0,0
2.0,0.25,0.5,Nevada,55.0,55,55,55.0,5.0,5.0,5,0.0,0.0,64.0,64.0,122.6,124.0,,,0.0,0.0,0,0.0,0
2.0,0.01,0.5,South Dakota,55.0,39,85,54.5,39.0,38.5,43,0.0,0.0,57.2,58.0,59.8,58.0,75.7,72.0,17.4,18.0,23,2.6,4
2.0,0.1,0.5,Kentucky,55.0,48,63,56.0,46.4,47.0,50,0.0,0.0,61.1,63.0,66.9,64.0,59.3,74.0,30.4,29.5,37,15.4,19
0.5,0.25,0.5,New York,55.0,51,61,51.0,10.7,11.0,14,1.6,2.0,66.4,61.0,77.2,75.0,28.0,28.0,158.1,157.5,170,38.3,42
0.5,0.25,1.0,New York,55.0,51,61,51.0,10.8,11.0,14,1.5,2.0,67.0,61.0,76.7,77.0,28.0,28.0,184.2,184.5,205,39.8,42
2.0,0.25,2.0,New York,55.0,51,61,53.5,10.1,10.5,13,1.3,2.0,64.5,61.0,78.1,75.0,28.0,28.0,194.7,192.5,212,41.0,45
0.5,0.1,1.0,Kentucky,55.2,48,56,56.0,40.8,41.0,46,0.1,1.0,62.9,63.0,67.2,64.0,50.4,48.0,21.4,20.5,27,8.7,11
1.0,0.1,0.5,Kentucky,55.2,48,56,56.0,43.2,42.5,47,0.1,1.0,64.1,63.0,67.5,64.0,68.5,74.0,23.3,23.5,27,10.2,12
1.0,0.25,0.5,Kentucky,55.2,48,56,56.0,41.6,41.5,45,0.0,0.0,60.0,60.0,62.6,63.0,45.5,28.0,26.7,27.0,30,13.7,16
1.0,0.1,2.0,Kentucky,55.2,48,56,56.0,47.5,47.5,50,0.0,0.0,62.0,63.0,65.5,64.0,56.9,69.5,31.6,31.5,35,13.7,15
1.0,0.1,2.0,Pennsylvania,55.2,50,72,50.0,44.5,46.0,47,0.0,0.0,69.9,72.0,76.3,74.0,91.5,96.0,28.9,29.5,37,14.7,20
0.5,0.25,2.0,Kentucky,55.2,48,56,56.0,43.1,43.5,45,0.0,0.0,60.0,59.0,63.1,63.0,63.3,72.5,27.3,27.0,34,16.0,20
0.5,0.1,1.0,California,55.2,54,57,54.0,10.9,11.0,13,0.0,0.0,59.3,59.0,62.5,61.0,28.0,28.0,40.2,39.0,47,24.8,28
2.0,0.1,0.5,California,55.2,54,57,54.0,12.8,12.5,14,0.0,0.0,59.0,59.0,61.4,61.0,28.0,28.0,40.8,41.0,46,25.1,27
2.0,0.1,2.0,California,55.2,54,57,54.0,12.8,13.0,14,0.0,0.0,58.6,57.0,61.0,61.0,28.0,28.0,40.2,40.0,44,25.8,27
2.0,0.1,0.5,Pennsylvania,55.5,50,72,50.0,44.4,44.5,46,0.0,0.0,65.5,63.5,71.0,72.0,80.9,83.0,32.6,33.0,42,14.7,17
2.0,0.1,0.5,Michigan,55.5,46,62,57.0,40.5,40.5,42,0.0,0.0,59.0,60.0,62.0,62.0,69.8,70.5,24.0,23.0,29,20.9,24
0.5,0.1,1.0,Michigan,55.5,46,67,53.5,35.4,35.0,39,0.0,0.0,59.0,57.0,61.4,60.5,44.7,28.0,23.1,23.0,30,21.5,26
0.5,0.1,2.0,California,55.6,54,61,54.0,10.8,11.0,12,0.1,1.0,58.9,57.0,62.5,61.0,28.0,28.0,41.3,41.5,47,26.4,27
1.0,0.25,1.0,Nevada,55.9,55,64,55.0,5.0,5.0,5,0.0,0.0,65.6,64.0,107.7,112.0,,,0.0,0.0,0,0.0,0
2.0,0.25,2.0,Nevada,55.9,55,64,55.0,5.0,5.0,5,0.0,0.0,66.4,64.0,112.5,117.0,28.0,28.0,1.0,1.0,1,0.0,0
2.0,0.1,2.0,Kentucky,55.9,48,63,56.0,47.5,47.5,52,0.5,5.0,63.0,63.0,65.7,64.0,64.5,74.0,31.9,31.0,39,14.5,18
2.0,0.05,0.5,Indiana,55.9,41,74,55.5,53.4,53.5,56,0.0,0.0,68.6,72.0,71.3,74.0,85.1,87.0,21.6,22.0,25,17.2,21
2.0,0.1,1.0,California,55.9,54,61,55.5,12.4,13.0,14,0.0,0.0,59.6,59.0,64.8,64.0,28.0,28.0,40.4,40.5,45,25.9,28
1.0,0.1,2.0,California,55.9,54,61,55.5,11.2,11.0,13,0.0,0.0,60.2,59.0,65.1,64.0,28.0,28.0,40.9,41.0,45,26.4,29
0.5,0.05,0.5,Kentucky,56.0,48,64,56.0,30.9,30.5,34,0.0,0.0,66.1,64.5,70.2,72.0,79.6,74.0,12.4,13.0,14,5.1,9
0.5,0.1,0.5,Kentucky,56.0,56,56,56.0,33.4,33.0,36,0.2,1.0,65.1,63.5,71.5,72.0,64.8,74.0,13.5,14.0,18,7.2,9
2.0,0.05,0.5,Kentucky,56.0,56,56,56.0,46.2,45.5,51,0.1,1.0,66.6,63.5,70.4,72.0,59.6,51.0,29.3,28.0,34,11.4,17
0.5,0.25,1.0,Kentucky,56.0,56,56,56.0,40.1,40.0,44,0.0,0.0,60.9,60.0,64.1,63.0,54.1,71.0,23.4,23.5,26,11.5,15
2.0,0.25,0.5,Kentucky,56.0,56,56,56.0,48.3,48.0,52,0.0,0.0,60.9,61.5,63.5,63.5,64.2,74.0,33.4,33.5,37,16.6,19
1.0,0.1,0.5,California,56.0,54,61,54.0,10.7,11.0,13,0.0,0.0,59.5,57.0,64.0,61.0,28.0,28.0,41.4,41.0,47,26.3,30
2.0,0.25,0.5,North Dakota,56.1,51,60,57.0,18.9,19.0,21,0.0,0.0,61.8,60.0,67.8,66.0,90.2,92.0,9.4,9.5,12,3.2,4
1.0,0.25,1.0,Nebraska,56.1,54,61,54.0,40.8,41.0,43,0.0,0.0,64.3,64.0,67.4,68.0,100.0,100.0,5.8,6.0,7,9.8,11
1.0,0.1,2.0,Michigan,56.1,53,62,57.0,37.3,38.5,40,0.2,2.0,59.6,59.0,61.8,61.0,66.6,70.5,26.1,27.5,29,24.1,27
1.0,0.1,1.0,Florida,56.1,53,64,54.0,12.2,12.0,15,1.2,5.0,69.6,64.0,84.5,89.0,40.0,28.0,27.2,27.5,31,24.7,29
0.5,0.25,1.0,Missouri,56.2,55,57,57.0,61.0,61.0,64,0.0,0.0,57.6,58.0,68.1,71.0,85.9,91.0,12.0,11.5,16,9.8,12
1.0,0.01,1.0,Kansas,56.2,48,75,52.0,42.3,41.5,47,0.0,0.0,67.8,67.0,79.8,73.5,28.0,28.0,17.1,17.0,21,12.2,15
1.0,0.01,2.0,Oklahoma,56.3,31,73,59.0,25.9,26.5,29,0.0,0.0,66.5,70.0,89.1,89.5,122.1,28.0,4.8,4.0,11,1.9,4
2.0,0.25,0.5,Missouri,56.4,55,57,57.0,75.6,76.0,78,0.0,0.0,57.7,58.0,67.7,71.5,92.6,91.0,14.7,14.5,17,8.3,10
1.0,0.25,0.5,Missouri,56.4,55,57,57.0,66.3,66.0,70,0.0,0.0,57.7,58.0,66.4,71.0,86.7,91.0,10.8,11.0,13,8.9,12
0.5,0.25,0.5,Missouri,56.4,55,57,57.0,48.8,48.0,55,0.0,0.0,57.7,58.0,66.6,71.0,94.8,91.0,9.6,9.5,12,9.3,12
0.5,0.25,2.0,Missouri,56.4,55,57,57.0,65.9,67.0,68,0.0,0.0,57.7,58.0,67.7,71.5,77.6,91.0,14.2,13.5,17,10.7,12
0.5,0.01,0.5,Kansas,56.5,45,64,56.0,21.1,20.5,24,0.1,1.0,65.8,67.0,74.8,73.5,28.0,28.0,7.6,7.5,10,8.6,11
0.5,0.05,0.5,Indiana,56.5,41,72,60.0,39.2,39.0,43,0.0,0.0,68.5,65.5,72.7,72.0,87.9,89.0,12.4,12.0,15,15.4,19
0.5,0.1,0.5,California,56.5,54,61,57.0,10.2,10.0,12,0.0,0.0,60.1,61.0,63.1,62.5,28.0,28.0,34.4,35.0,39,24.4,26
1.0,0.05,1.0,Vermont,56.6,37,65,65.0,9.2,9.0,11,0.0,0.0,81.8,87.0,107.7,106.0,67.0,67.0,12.8,12.5,17,4.8,6
2.0,0.05,2.0,Vermont,56.6,37,65,65.0,8.9,9.0,10,0.1,1.0,85.7,87.0,108.6,106.0,67.0,67.0,13.6,13.5,18,5.1,7
0.5,0.1,0.5,Missouri,56.6,55,57,57.0,44.9,45.5,50,0.0,0.0,57.8,58.0,77.7,73.0,62.1,59.5,9.6,9.5,12,7.6,12
2.0,0.25,2.0,Missouri,56.6,55,57,57.0,78.2,77.5,84,0.0,0.0,57.8,58.0,70.0,71.0,94.0,91.0,16.1,15.5,21,9.3,11
0.5,0.1,1.0,Pennsylvania,56.6,50,72,50.0,40.3,40.5,43,0.0,0.0,68.0,66.0,74.7,72.0,94.2,96.0,29.7,30.0,35,15.1,19
0.5,0.1,0.5,Michigan,56.6,46,62,57.0,32.0,32.5,35,0.4,4.0,62.9,64.5,65.4,67.5,71.8,72.0,19.6,20.0,24,20.3,24
2.0,0.1,1.0,Michigan,56.6,53,67,53.0,40.7,41.5,43,0.1,1.0,60.8,58.5,63.2,61.5,65.4,68.5,26.1,26.0,31,22.0,27
1.0,0.1,1.0,Michigan,56.6,53,67,57.0,38.8,39.0,43,0.0,0.0,59.1,57.5,61.4,61.5,68.7,68.0,25.8,27.0,31,22.0,27
0.5,0.05,1.0,Kentucky,56.7,56,63,56.0,38.7,38.5,42,0.1,1.0,65.8,63.5,72.3,72.0,71.5,74.0,21.3,21.0,26,6.8,10
1.0,0.25,2.0,Nebraska,56.7,54,64,54.0,45.1,45.0,47,0.0,0.0,65.5,68.0,67.8,69.0,100.0,100.0,5.9,6.0,7,9.8,12
2.0,0.05,1.0,Kentucky,56.7,56,63,56.0,47.3,48.0,50,0.2,1.0,66.9,64.0,73.6,72.0,80.2,74.0,31.4,31.0,36,11.4,14
2.0,0.1,1.0,Kentucky,56.7,56,63,56.0,48.5,48.5,55,0.2,2.0,64.7,63.0,68.3,68.0,68.8,74.0,28.9,27.5,34,12.5,16
1.0,0.1,1.0,Kentucky,56.7,56,63,56.0,44.5,45.0,47,0.1,1.0,63.6,63.0,66.2,64.0,73.3,74.0,26.1,26.0,33,15.0,20
2.0,0.1,2.0,Michigan,56.7,53,67,55.5,40.3,40.0,46,0.0,0.0,59.8,59.0,61.8,61.0,69.9,69.0,24.5,23.5,29,22.4,25
0.5,0.25,1.0,Nevada,56.8,55,64,55.0,5.0,5.0,5,0.0,0.0,71.6,64.0,118.8,120.5,,,0.0,0.0,0,0.0,0
1.0,0.25,2.0,Nevada,56.8,55,64,55.0,5.0,5.0,5,0.0,0.0,67.2,64.0,108.7,117.0,28.0,28.0,1.0,1.0,1,0.0,0
2.0,0.25,1.0,Nevada,56.8,55,64,55.0,5.0,5.0,5,0.0,0.0,68.0,64.0,111.6,117.0,28.0,28.0,1.0,1.0,1,0.0,0
2.0,0.05,0.5,Missouri,56.8,55,57,57.0,67.8,68.0,76,0.0,0.0,62.8,58.0,86.2,93.0,86.7,97.0,13.2,13.0,16,6.9,10
2.0,0.1,0.5,Missouri,56.8,55,57,57.0,72.1,72.5,74,0.0,0.0,57.9,58.0,76.1,72.0,99.1,97.0,13.6,13.0,21,7.4,9
1.0,0.1,2.0,Missouri,56.8,55,57,57.0,72.8,72.5,78,0.0,0.0,57.9,58.0,75.6,72.5,91.6,91.0,14.4,14.5,17,7.7,10
0.5,0.25,1.0,Nebraska,56.8,54,61,54.0,31.5,32.0,33,0.0,0.0,63.2,64.0,67.0,68.0,100.0,100.0,5.1,5.0,6,7.9,10
0.5,0.1,1.0,Missouri,56.8,55,57,57.0,56.2,57.0,59,0.0,0.0,57.9,58.0,75.3,73.0,100.4,91.0,9.4,9.5,12,8.4,12
2.0,0.25,1.0,Missouri,56.8,55,57,57.0,75.9,76.0,79,0.0,0.0,57.9,58.0,68.7,71.5,95.0,91.0,14.5,14.5,18,9.0,13
1.0,0.25,1.0,Missouri,56.8,55,57,57.0,70.8,70.0,75,0.0,0.0,57.9,58.0,68.6,71.5,90.2,91.0,14.2,14.0,18,9.0,11
1.0,0.25,2.0,Missouri,56.8,55,57,57.0,75.5,75.0,77,0.0,0.0,57.9,58.0,70.4,72.0,89.8,91.0,15.7,16.0,19,9.9,12
1.0,0.05,1.0,Idaho,56.9,45,79,51.5,9.3,9.5,11,2.5,11.0,64.7,67.0,71.4,72.5,31.4,28.0,47.0,48.5,58,18.5,21
0.5,0.1,0.5,Florida,56.9,41,89,54.0,11.3,12.0,14,1.1,4.0,74.0,75.0,85.2,89.0,59.8,63.0,9.8,9.5,13,20.0,23
1.0,0.1,1.0,California,56.9,54,61,57.0,11.1,11.5,13,0.0,0.0,60.7,61.0,64.6,65.5,28.0,28.0,41.3,41.0,47,26.0,28
0.5,0.25,2.0,Mississippi,57.0,53,63,53.0,10.7,11.0,12,0.0,0.0,74.6,81.0,107.5,85.0,108.0,100.0,1.7777777777777777,2.0,3,0.0,0
0.5,0.25,2.0,North Dakota,57.0,51,60,57.0,17.1,17.5,19,0.0,0.0,62.1,60.0,67.8,66.0,92.0,92.0,8.5,8.5,13,3.2,4
2.0,0.25,1.0,North Dakota,57.0,51,66,57.0,19.4,19.0,21,0.0,0.0,62.4,60.0,67.3,66.0,79.5,92.0,11.0,10.5,13,4.3,5
2.0,0.05,1.0,Vermont,57.0,37,69,65.0,9.7,10.0,11,0.5,3.0,89.6,87.0,100.2,101.0,70.5,67.0,13.9,14.0,18,4.3,6
0.5,0.05,0.5,Missouri,57.0,57,57,57.0,40.0,40.0,46,0.0,0.0,78.5,83.5,95.8,99.0,92.3,110.0,4.8,4.0,9,4.6,6
1.0,0.05,1.0,Missouri,57.0,57,57,57.0,60.0,60.5,64,0.0,0.0,72.7,65.5,91.2,93.0,86.8,103.0,10.9,11.0,15,5.9,8
0.5,0.05,2.0,Missouri,57.0,57,57,57.0,60.9,61.0,64,0.0,0.0,63.0,58.0,85.1,93.0,75.2,91.0,12.2,12.0,17,5.9,8
1.0,0.05,0.5,Missouri,57.0,57,57,57.0,54.5,55.0,58,0.0,0.0,65.0,58.0,87.4,93.0,101.0,103.0,9.1,9.0,13,6.7,11
0.5,0.05,1.0,Missouri,57.0,57,57,57.0,47.6,47.0,54,0.0,0.0,72.3,65.5,93.6,94.0,101.7,113.5,6.8,7.5,10,6.8,10
1.0,0.05,2.0,Missouri,57.0,57,57,57.0,69.0,68.0,73,0.0,0.0,73.0,65.0,87.0,93.0,105.6,103.0,11.7,11.5,15,7.1,11
1.0,0.1,0.5,Missouri,57.0,57,57,57.0,61.0,62.0,65,0.0,0.0,58.0,58.0,73.2,73.0,81.7,91.0,11.8,12.0,15,7.2,12
1.0,0.1,1.0,Missouri,57.0,57,57,57.0,67.0,68.0,69,0.0,0.0,58.0,58.0,78.9,72.0,89.4,91.0,13.9,13.5,18,7.2,9
2.0,0.1,1.0,Missouri,57.0,57,57,57.0,74.3,74.0,78,0.0,0.0,59.5,58.0,80.4,72.5,95.1,103.0,14.5,15.0,19,7.3,10
2.0,0.1,2.0,Missouri,57.0,57,57,57.0,75.4,75.0,78,0.0,0.0,58.0,58.0,76.1,72.5,89.2,97.0,14.0,13.0,21,7.6,10
0.5,0.1,2.0,Missouri,57.0,57,57,57.0,61.9,63.0,65,0.0,0.0,60.9,58.0,80.1,73.0,78.1,91.0,13.1,12.5,18,7.7,9
0.5,0.05,1.0,Indiana,57.0,41,72,61.5,47.4,47.0,51,0.0,0.0,64.4,66.0,70.1,72.0,66.6,80.0,14.8,14.5,19,13.6,17
2.0,0.05,1.0,Indiana,57.0,41,72,61.5,54.2,54.0,59,0.0,0.0,67.1,65.0,71.5,73.0,86.6,88.0,24.0,23.5,29,17.4,23
2.0,0.25,2.0,Nebraska,57.1,54,64,54.0,49.1,49.0,52,0.0,0.0,64.6,64.0,67.6,68.0,100.0,100.0,6.5,6.5,7,8.7,11
2.0,0.25,1.0,Nebraska,57.1,54,64,54.0,46.1,46.5,48,0.0,0.0,63.2,64.0,67.2,68.0,100.0,100.0,6.8,7.0,7,10.0,12
1.0,0.05,1.0,Michigan,57.1,46,67,57.0,37.9,37.5,43,0.1,1.0,61.4,60.0,63.7,62.0,70.8,72.0,23.5,23.5,27,21.9,27
ALL,ALL,ALL,Idaho,57.13333333333333,45,102,45.0,8.855555555555556,9.0,16,1.613888888888889,17.0,65.44722222222222,58.0,72.17548746518106,67.0,38.02777777777778,28.0,45.96111111111111,47.0,68,17.433333333333334,24
2.0,0.05,1.0,Missouri,57.2,57,58,57.0,69.7,70.0,71,0.0,0.0,74.9,72.5,92.4,93.0,98.1,103.0,12.2,12.0,16,6.1,8
2.0,0.05,0.5,Vermont,57.5,37,98,65.0,9.7,9.5,12,0.1,1.0,84.4,87.0,98.0,103.5,75.9,67.0,13.3,13.5,16,4.3,7
1.0,0.05,2.0,Kentucky,57.5,56,64,56.0,45.8,46.5,48,0.6,3.0,67.8,68.0,72.4,73.0,77.0,85.0,30.5,30.5,39,12.4,17
1.0,0.05,1.0,Kentucky,57.6,48,64,56.0,44.6,44.5,49,0.0,0.0,67.0,68.0,71.5,73.0,70.0,71.0,29.5,29.5,35,11.3,14
1.0,0.25,0.5,Ohio,57.6,43,68,59.0,56.2,56.0,59,0.0,0.0,66.2,68.0,70.8,68.5,41.0,28.0,18.0,18.0,21,15.6,19
1.0,0.1,0.5,Michigan,57.6,46,67,57.0,37.8,38.0,42,0.0,0.0,62.0,61.0,64.0,63.0,40.4,28.0,24.8,24.5,32,20.3,24
2.0,0.05,0.5,Florida,57.6,41,97,55.0,14.8,14.5,19,1.8,5.0,86.3,87.5,94.3,93.0,59.6,63.0,27.3,26.5,31,21.7,26
0.5,0.05,1.0,California,57.6,54,64,57.0,9.8,10.0,13,0.5,3.0,63.7,62.5,69.3,67.0,28.0,28.0,38.3,37.5,44,25.2,28
0.5,0.1,1.0,Nevada,57.7,55,64,55.0,5.0,5.0,5,0.0,0.0,77.6,64.0,124.0,124.0,135.0,135.0,1.0,1.0,1,0.0,0
1.0,0.01,1.0,Colorado,57.7,38,94,54.0,18.6,18.5,21,0.0,0.0,73.2,64.5,92.5,94.0,52.3,28.0,30.5,28.5,42,7.5,10
0.5,0.25,2.0,Nebraska,57.8,54,64,57.5,40.4,41.0,42,0.0,0.0,65.4,66.0,68.2,68.0,100.0,100.0,5.9,6.0,7,7.2,9
0.5,0.01,2.0,Kansas,57.9,40,75,56.0,39.0,39.5,42,0.1,1.0,70.0,71.0,79.8,75.0,28.0,28.0,15.1,14.5,18,11.6,20
0.5,0.25,0.5,Arkansas,58.0,58,58,58.0,5.4,6.0,6,0.0,0.0,58.0,58.0,79.4,59.0,65.6,66.0,2.1,2.0,3,0.7,1
0.5,0.25,1.0,Arkansas,58.0,58,58,58.0,9.4,9.0,11,0.0,0.0,58.0,58.0,59.0,59.0,57.6,66.0,6.1,6.0,7,0.9,1
1.0,0.25,2.0,Arkansas,58.0,58,58,58.0,15.4,15.0,17,0.0,0.0,58.0,58.0,65.2,59.0,58.0,66.0,14.6,15.0,16,3.3,4
2.0,0.25,1.0,Arkansas,58.0,58,58,58.0,15.2,15.0,17,0.0,0.0,58.0,58.0,65.2,59.0,50.4,64.0,13.9,14.0,17,3.4,4
0.5,0.25,2.0,Arkansas,58.0,58,58,58.0,14.5,14.0,16,0.0,0.0,58.0,58.0,90.0,90.0,57.6,66.0,10.4,10.0,12,3.4,4
1.0,0.25,0.5,Arkansas,58.0,58,58,58.0,10.2,10.0,11,0.0,0.0,58.0,58.0,59.0,59.0,47.0,47.0,9.2,9.5,12,3.5,4
2.0,0.25,2.0,Arkansas,58.0,58,58,58.0,16.2,16.5,17,0.0,0.0,58.0,58.0,65.2,59.0,54.2,66.0,14.0,14.0,17,3.5,4
2.0,0.25,0.5,Arkansas,58.0,58,58,58.0,15.6,16.0,18,0.0,0.0,58.0,58.0,59.0,59.0,57.6,66.0,13.1,13.0,15,3.5,4
1.0,0.25,1.0,Arkansas,58.0,58,58,58.0,14.6,15.0,15,0.0,0.0,58.0,58.0,65.2,59.0,62.2,66.0,10.5,11.0,13,3.8,4
0.5,0.1,1.0,New York,58.0,51,61,61.0,8.7,8.5,12,2.0,4.0,76.4,81.5,87.4,90.0,28.0,28.0,181.0,180.0,196,41.3,43
2.0,0.1,0.5,Arkansas,58.1,58,59,58.0,14.7,15.0,16,0.1,1.0,64.3,58.0,78.2,59.0,67.1,62.0,12.6,12.0,16,3.1,4
0.5,0.01,0.5,Oklahoma,58.2,31,105,59.0,7.1,8.0,11,0.0,0.0,72.3,73.0,106.9,104.0,70.33333333333333,70.0,1.5,1.5,3,0.5,1
1.0,0.1,2.0,Arkansas,58.2,58,59,58.0,15.7,15.5,17,0.2,1.0,82.0,58.0,91.2,90.0,77.1,66.0,13.7,13.5,17,2.4,4
2.0,0.1,2.0,Arkansas,58.2,58,59,58.0,15.8,16.0,17,0.2,1.0,70.0,58.0,109.2,121.0,75.9,64.0,13.3,13.0,15,2.4,3
0.5,0.1,2.0,Arkansas,58.2,58,59,58.0,13.5,13.0,15,0.2,1.0,75.7,58.0,90.6,90.0,83.5,62.0,9.2,9.0,12,2.6,4
2.0,0.1,1.0,Arkansas,58.2,58,59,58.0,14.9,15.0,16,0.2,1.0,70.6,58.0,91.2,90.0,86.7,64.0,13.4,13.5,17,3.1,4
2.0,0.25,0.5,Nebraska,58.2,54,68,57.5,43.7,43.5,46,0.0,0.0,63.3,62.5,67.6,68.0,100.0,100.0,6.7,7.0,7,8.7,10
2.0,0.01,1.0,Kansas,58.3,48,75,54.0,41.3,42.5,45,0.1,1.0,67.2,72.0,76.6,75.0,28.0,28.0,25.9,25.5,31,16.4,21
1.0,0.1,0.5,New York,58.3,51,74,61.0,8.9,9.0,10,1.8,5.0,74.8,82.5,85.1,90.0,28.0,28.0,186.1,191.0,195,41.1,43
1.0,0.01,1.0,Oklahoma,58.4,31,105,59.0,20.1,20.0,22,0.0,0.0,72.2,73.0,86.5,77.0,91.1,28.0,3.5,3.5,6,1.6,5
1.0,0.25,1.0,North Dakota,58.5,57,60,58.5,17.7,18.0,19,0.0,0.0,63.0,63.0,68.7,67.5,90.2,92.0,8.3,9.0,10,3.2,4
2.0,0.25,2.0,North Dakota,58.5,51,60,60.0,20.3,20.0,23,0.0,0.0,64.5,66.0,69.4,72.0,86.8,92.0,11.6,11.5,14,4.2,6
0.5,0.1,2.0,New York,58.5,51,61,61.0,8.6,8.0,10,2.4,8.0,76.9,77.0,87.6,90.0,28.0,28.0,199.7,198.5,209,41.9,44
2.0,0.1,0.5,Nevada,58.6,55,64,55.0,5.0,5.0,5,0.0,0.0,80.0,64.0,116.1,120.5,28.0,28.0,1.0,1.0,1,0.0,0
0.5,0.1,2.0,Nevada,58.6,55,64,55.0,5.0,5.0,5,0.0,0.0,79.2,64.0,122.6,124.0,135.0,135.0,1.0,1.0,1,0.0,0
1.0,0.1,1.0,Nevada,58.6,55,64,55.0,5.0,5.0,5,0.0,0.0,86.6,64.0,125.7,124.0,63.666666666666664,28.0,1.0,1.0,1,0.0,0
2.0,0.05,0.5,California,58.6,54,67,57.0,9.8,9.5,11,0.5,4.0,64.1,64.0,72.4,67.0,28.0,28.0,40.9,40.0,50,27.0,29
0.5,0.01,2.0,Colorado,58.7,53,104,54.0,16.5,16.5,19,0.0,0.0,60.9,57.0,86.0,94.0,45.3,28.0,28.5,28.5,35,7.6,11
0.5,0.01,2.0,Wyoming,58.8,37,100,51.5,8.7,9.0,11,0.0,0.0,85.5,83.0,114.2,120.5,125.16666666666667,99.0,1.6666666666666667,1.5,3,0.0,0
1.0,0.25,0.5,North Dakota,58.8,51,60,60.0,16.4,17.0,17,0.0,0.0,64.8,66.0,70.5,72.0,92.0,92.0,5.5,5.5,8,2.1,3
1.0,0.25,0.5,Nebraska,58.8,54,64,61.0,35.9,36.0,39,0.0,0.0,64.8,64.0,68.7,68.0,100.0,100.0,5.4,5.5,6,7.0,10
1.0,0.25,2.0,Mississippi,59.0,53,63,63.0,14.3,14.0,15,0.0,0.0,76.0,81.0,98.3,85.0,75.9,64.0,2.2,2.0,4,0.0,0
0.5,0.05,2.0,California,59.0,54,64,59.0,10.0,10.0,12,0.5,3.0,66.7,67.0,73.8,77.0,28.0,28.0,40.4,39.5,47,26.6,29
0.5,0.25,0.5,North Dakota,59.1,51,66,60.0,13.8,14.0,16,0.0,0.0,64.8,66.0,70.0,72.0,90.2,92.0,4.1,4.0,6,1.2,2
0.5,0.25,1.0,North Dakota,59.1,57,66,58.5,14.5,14.5,16,0.0,0.0,63.6,63.0,69.7,72.0,88.4,92.0,4.3,3.5,8,2.2,3
0.5,0.25,0.5,Nebraska,59.1,54,68,57.5,22.4,22.0,26,0.0,0.0,65.1,66.0,67.8,68.0,100.0,100.0,2.8,3.0,4,5.1,6
1.0,0.05,0.5,Kentucky,59.1,48,72,56.0,41.4,42.0,44,0.0,0.0,66.0,63.0,73.6,72.0,76.3,74.0,22.9,22.5,28,8.7,13
0.5,0.05,2.0,Kentucky,59.2,56,72,56.0,45.0,45.5,49,0.0,0.0,72.3,68.0,82.7,73.5,77.4,74.0,26.4,26.5,31,10.1,13
2.0,0.1,0.5,New York,59.2,51,83,61.0,8.9,8.5,11,1.4,2.0,73.0,74.0,83.2,83.0,28.0,28.0,197.0,195.5,219,41.9,44
0.5,0.05,0.5,Idaho,59.3,45,79,58.0,7.1,7.0,9,2.3,9.0,65.9,66.0,73.0,68.0,28.0,28.0,38.6,39.5,46,15.7,18
0.5,0.05,2.0,Indiana,59.3,41,72,65.0,48.4,49.0,53,0.0,0.0,69.6,72.0,73.7,73.0,87.0,87.0,20.4,20.5,25,18.9,25
2.0,0.1,2.0,Nevada,59.5,55,73,55.0,5.0,5.0,5,0.0,0.0,79.4,68.5,119.7,124.0,28.0,28.0,1.0,1.0,1,0.0,0
0.5,0.05,0.5,California,59.6,54,78,57.0,9.7,10.0,11,0.0,0.0,65.0,64.0,69.0,67.0,28.0,28.0,37.0,37.0,44,24.6,28
ALL,ALL,ALL,Michigan,59.611111111111114,46,117,57.0,36.21388888888889,37.0,48,0.12222222222222222,4.0,66.71111111111111,62.0,72.03055555555555,64.0,71.55555555555556,72.0,22.305555555555557,23.0,33,21.03611111111111,29
2.0,0.25,1.0,Mississippi,59.8,53,81,58.0,14.5,14.5,16,0.0,0.0,75.0,81.0,96.3,85.0,102.7,100.0,2.5,2.5,4,0.0,0
2.0,0.1,2.0,New York,59.9,51,80,61.0,9.4,10.0,12,1.6,4.0,75.1,74.0,85.5,88.5,28.0,28.0,198.6,201.0,213,41.8,45
ALL,ALL,ALL,Indiana,59.952777777777776,41,99,48.0,50.37222222222222,51.0,64,0.013888888888888888,2.0,69.75833333333334,65.0,75.85555555555555,68.0,95.91388888888889,87.0,16.633333333333333,17.0,30,14.302777777777777,25
1.0,0.25,2.0,North Dakota,60.0,57,66,60.0,18.8,19.0,20,0.0,0.0,64.8,66.0,69.8,70.5,85.6,92.0,9.1,9.0,12,3.3,4
0.5,0.05,0.5,New York,60.3,51,74,61.0,6.8,6.0,10,5.3,22.0,84.9,90.0,95.3,94.5,28.0,28.0,154.8,155.5,167,40.3,44
1.0,0.1,2.0,Nevada,60.4,55,64,64.0,5.0,5.0,5,0.0,0.0,91.6,97.5,129.3,130.0,135.0,135.0,1.0,1.0,1,0.0,0
1.0,0.05,0.5,Indiana,60.5,41,76,64.0,47.7,48.5,50,0.0,0.0,68.4,72.0,73.5,73.0,82.4,89.0,16.7,17.0,20,15.2,18
2.0,0.05,2.0,Missouri,60.6,57,93,57.0,73.6,73.5,78,0.0,0.0,68.6,58.0,88.4,93.0,101.4,103.0,13.3,12.5,17,6.1,8
1.0,0.1,1.0,Pennsylvania,60.6,50,74,61.0,41.5,41.5,47,0.0,0.0,68.8,72.0,79.6,87.0,89.3,93.5,31.4,30.5,41,16.8,24
0.5,0.05,0.5,Michigan,60.6,53,67,61.0,30.8,30.5,40,0.0,0.0,64.2,64.5,66.3,67.5,68.2,74.0,17.0,16.0,27,19.6,25
1.0,0.05,1.0,California,60.6,54,67,61.0,9.5,10.0,11,0.3,3.0,66.6,65.5,73.8,78.0,28.0,28.0,42.9,44.0,51,27.3,29
2.0,0.1,1.0,Pennsylvania,60.7,50,72,61.0,45.3,46.0,48,0.0,0.0,71.1,72.0,80.8,87.0,90.8,96.0,29.5,29.0,35,14.1,18
1.0,0.25,0.5,Mississippi,60.8,53,81,63.0,5.5,5.5,7,0.0,0.0,74.6,81.0,88.0,85.0,110.66666666666667,100.0,1.5555555555555556,2.0,2,0.0,0
0.5,0.1,2.0,North Dakota,60.9,51,66,60.0,16.9,17.0,19,0.0,0.0,67.5,70.5,73.9,73.0,92.6,92.0,7.5,7.5,9,1.8,3
1.0,0.1,1.0,North Dakota,60.9,57,66,60.0,16.3,16.5,18,0.0,0.0,69.6,69.0,75.4,73.0,91.0,92.0,6.3,6.0,10,2.1,3
1.0,0.1,2.0,North Dakota,60.9,51,66,60.0,18.0,18.0,19,0.0,0.0,69.0,69.0,73.5,72.0,80.4,92.0,7.7,8.0,11,2.4,3
0.5,0.1,2.0,Pennsylvania,60.9,50,74,61.0,42.4,43.0,46,0.0,0.0,70.6,72.0,76.0,74.0,84.7,95.0,31.9,31.5,36,15.4,19
2.0,0.05,1.0,Michigan,60.9,53,68,60.5,40.7,41.0,47,0.3,3.0,64.2,64.5,66.6,66.0,63.4,71.5,23.3,24.0,26,19.1,24
1.0,0.1,2.0,New York,60.9,51,80,61.0,8.8,8.5,12,1.8,5.0,79.3,83.0,88.5,90.0,28.0,28.0,195.5,196.0,208,42.0,45
ALL,ALL,ALL,Missouri,60.96666666666667,55,107,57.0,58.955555555555556,62.0,84,0.0,0.0,71.24722222222222,58.0,85.125,93.0,97.66573033707866,91.0,10.331476323119777,11.0,21,6.580555555555556,13
0.5,0.01,1.0,Kansas,61.0,48,86,60.0,29.1,29.5,33,0.1,1.0,73.2,72.0,80.9,76.0,28.0,28.0,8.2,8.5,12,8.9,11
1.0,0.1,0.5,Pennsylvania,61.0,50,72,61.0,39.5,39.5,43,0.0,0.0,72.1,73.0,78.2,80.5,85.5,87.5,30.6,29.5,37,15.2,23
1.0,0.1,1.0,Ohio,61.0,43,84,68.0,57.2,56.5,62,0.0,0.0,74.6,70.5,81.8,86.0,55.2,28.0,22.8,23.5,30,16.4,19
2.0,0.01,2.0,Arizona,61.1,38,93,63.5,8.4,8.0,11,0.5,2.0,90.1,88.0,108.2,94.0,44.1,28.0,11.4,11.5,17,2.6,5
2.0,0.25,2.0,Washington,61.2,58,66,58.0,16.4,16.0,18,2.5,5.0,76.2,76.5,80.9,86.0,68.0,68.0,14.4,14.0,18,10.1,12
2.0,0.25,1.0,Washington,61.2,58,66,58.0,16.3,16.0,19,2.5,5.0,75.9,76.5,86.0,86.0,68.0,68.0,13.1,13.0,17,10.4,12
0.5,0.1,0.5,New York,61.2,51,83,61.0,8.3,8.5,10,4.4,21.0,83.9,90.0,88.0,90.0,28.0,28.0,159.3,158.0,168,39.3,44
1.0,0.1,0.5,Nevada,61.3,55,64,64.0,5.0,5.0,5,0.0,0.0,95.6,97.5,130.0,130.0,,,0.0,0.0,0,0.0,0
0.5,0.1,0.5,Nevada,61.3,55,64,64.0,4.4,4.0,5,0.0,0.0,94.8,93.5,126.2,130.0,,,0.0,0.0,0,0.0,0
1.0,0.1,0.5,Nebraska,61.3,54,68,61.0,34.2,34.0,36,0.0,0.0,69.5,70.0,73.9,75.0,92.8,100.0,6.1,6.5,7,5.8,9
0.5,0.1,1.0,Ohio,61.5,43,86,68.0,52.3,52.5,60,0.0,0.0,74.5,74.0,80.8,83.5,74.4,74.0,17.4,17.5,20,12.7,18
0.5,0.05,1.0,Michigan,61.5,53,67,64.5,34.7,33.0,45,0.7,4.0,66.8,68.5,68.9,70.5,59.5,70.5,18.6,17.5,26,20.5,29
2.0,0.01,0.5,Arizona,61.6,38,77,73.0,7.3,7.5,9,1.1,4.0,82.7,77.0,102.6,99.0,51.1,28.0,10.7,10.5,12,3.6,5
1.0,0.05,0.5,Michigan,61.6,46,67,63.5,35.4,34.5,44,0.4,2.0,66.4,67.0,68.7,70.0,55.4,67.5,20.4,19.0,25,20.1,24
0.5,0.1,1.0,North Dakota,61.8,51,66,66.0,13.8,13.5,16,0.0,0.0,68.7,72.0,73.7,73.0,90.55555555555556,92.0,4.7,4.5,10,1.5,3
2.0,0.25,2.0,Ohio,61.8,43,68,68.0,62.0,62.0,66,0.0,0.0,71.1,69.0,78.4,82.0,53.3,28.0,22.1,22.0,24,17.3,21
2.0,0.05,1.0,California,61.9,54,67,62.5,10.0,9.5,12,0.4,3.0,68.8,67.0,76.5,78.0,28.0,28.0,39.8,40.0,44,27.8,30
0.5,0.25,2.0,Washington,62.0,58,66,62.0,16.1,15.5,19,2.2,5.0,74.6,68.5,86.1,86.0,68.0,68.0,12.8,12.0,16,10.2,12
1.0,0.25,0.5,Washington,62.0,58,66,62.0,15.6,16.0,18,2.5,5.0,78.1,84.5,86.0,86.0,68.0,68.0,10.4,10.5,12,10.4,12
2.0,0.1,0.5,Nebraska,62.1,54,70,64.5,42.5,42.0,44,0.0,0.0,68.7,68.0,71.8,70.0,100.0,100.0,7.1,7.0,9,9.0,11
2.0,0.05,0.5,New York,62.1,51,90,61.0,7.7,7.5,10,1.7,3.0,78.7,90.0,92.3,90.0,28.0,28.0,201.4,206.5,216,42.6,44
1.0,0.1,1.0,New York,62.2,51,80,61.0,9.2,9.0,14,1.4,2.0,78.0,82.5,85.9,90.0,28.0,28.0,199.9,203.5,213,41.4,45
2.0,0.1,1.0,New York,62.2,51,83,61.0,8.9,9.0,11,2.6,9.0,82.3,83.0,89.7,90.0,28.0,28.0,200.9,201.0,215,42.3,45
2.0,0.05,0.5,Michigan,62.3,54,67,64.5,39.6,40.0,44,0.0,0.0,64.9,66.0,67.6,68.5,72.3,74.0,23.2,21.0,33,19.9,26
2.0,0.1,2.0,North Dakota,62.4,60,72,60.0,18.6,18.5,20,0.0,0.0,68.5,66.0,74.1,72.5,73.1,92.0,9.9,10.0,14,3.2,5
0.5,0.1,1.0,Nebraska,62.4,54,70,61.0,30.8,31.0,33,0.0,0.0,68.7,68.0,72.5,72.5,100.0,100.0,5.1,5.0,6,6.4,11
2.0,0.05,2.0,Kentucky,62.4,56,72,56.0,48.6,50.0,53,0.0,0.0,71.4,72.0,82.6,81.5,68.5,74.0,28.6,28.0,33,10.6,15
1.0,0.05,2.0,Michigan,62.5,57,70,61.5,39.2,38.0,48,0.5,4.0,65.2,67.0,66.8,69.5,63.8,72.0,24.1,25.0,29,20.8,25
1.0,0.01,1.0,Illinois,62.6,53,101,53.0,40.6,40.5,45,0.0,0.0,97.2,101.0,107.4,109.0,104.7,114.0,11.9,11.5,14,4.2,7
2.0,0.25,1.0,Oregon,62.6,62,68,62.0,16.7,17.0,18,0.0,0.0,68.1,68.0,69.1,69.0,69.8,68.0,8.9,8.5,11,4.6,5
2.0,0.25,2.0,Oregon,62.6,62,68,62.0,16.4,16.0,17,0.0,0.0,68.1,68.0,69.1,69.0,70.3,68.0,9.0,9.0,11,4.7,5
2.0,0.25,0.5,Oregon,62.6,62,68,62.0,16.5,17.0,17,0.0,0.0,68.1,68.0,69.1,69.0,69.8,68.0,8.6,8.0,11,5.0,6
0.5,0.25,2.0,Oregon,62.6,62,68,62.0,14.8,14.5,16,0.0,0.0,68.1,68.0,69.1,69.0,70.3,68.0,9.3,9.0,11,5.6,6
2.0,0.05,2.0,California,62.6,54,78,57.0,10.4,10.5,12,0.0,0.0,67.4,67.0,74.4,77.5,28.0,28.0,39.0,39.5,49,27.3,30
ALL,ALL,ALL,Kentucky,62.647222222222226,48,123,56.0,41.08888888888889,43.0,55,0.07222222222222222,5.0,74.54722222222222,63.0,81.69166666666666,72.0,77.6,74.0,23.975,25.5,40,11.191666666666666,23
ALL,ALL,ALL,Vermont,62.68333333333333,37,184,37.0,10.166666666666666,10.0,13,0.45555555555555555,6.0,99.43333333333334,87.0,113.8861111111111,91.0,85.50277777777778,67.0,11.497222222222222,12.0,20,3.675,8
2.0,0.25,0.5,New Jersey,62.7,54,73,59.5,8.4,8.0,9,0.0,0.0,77.0,81.0,90.5,91.5,69.0,69.0,0.6666666666666666,1.0,2,0.6,1
0.5,0.05,2.0,Michigan,62.7,57,67,62.0,38.7,38.5,46,0.0,0.0,66.8,67.0,68.9,70.0,55.9,67.0,21.7,22.0,27,19.7,24
2.0,0.25,0.5,Mississippi,62.8,53,81,63.0,11.5,11.5,14,0.0,0.0,80.0,81.0,94.0,85.0,88.4,64.0,1.9,2.0,3,0.0,0
0.5,0.25,1.0,Washington,62.8,58,66,66.0,15.9,15.5,18,2.0,5.0,74.6,67.0,86.3,86.0,68.0,68.0,9.1,9.0,10,9.8,11
1.0,0.25,2.0,Washington,62.8,58,66,66.0,16.8,17.0,18,1.6,5.0,74.0,67.0,83.8,86.0,68.0,68.0,15.0,15.0,18,9.8,12
1.0,0.25,1.0,Washington,62.8,58,66,66.0,16.0,16.5,18,1.8,5.0,73.0,67.0,86.3,86.0,68.0,68.0,12.0,12.0,13,10.1,14
2.0,0.1,2.0,Washington,62.8,58,66,66.0,14.1,14.0,16,2.2,5.0,77.1,78.0,86.0,86.0,68.0,68.0,13.7,13.5,18,11.5,13
0.5,0.25,1.0,Georgia,63.0,49,74,65.5,32.4,33.0,35,0.2,1.0,75.7,73.5,81.4,79.0,65.5,85.0,7.6,7.0,10,4.2,5
1.0,0.05,2.0,California,63.0,54,77,62.5,9.3,9.0,11,0.4,2.0,69.6,67.0,75.4,78.0,28.0,28.0,40.6,41.0,47,27.4,30
1.0,0.05,1.0,Nevada,63.1,55,64,64.0,5.0,5.0,5,0.0,0.0,112.7,124.0,130.0,136.0,108.25,135.0,1.0,1.0,1,0.0,0
2.0,0.1,1.0,Nevada,63.1,55,73,64.0,5.0,5.0,5,0.0,0.0,92.9,88.0,128.8,124.0,54.75,28.0,1.25,1.0,2,0.0,0
2.0,0.01,0.5,Wyoming,63.1,43,100,56.5,10.2,10.0,11,0.0,0.0,100.3,103.0,125.2,127.0,168.55555555555554,134.0,1.5555555555555556,2.0,2,0.0,0
1.0,0.01,2.0,Illinois,63.1,53,94,53.0,42.0,41.5,44,0.0,0.0,95.7,96.0,103.0,103.5,130.7,114.0,13.2,13.0,17,5.3,7
0.5,0.25,1.0,Oregon,63.2,62,68,62.0,13.4,13.5,14,0.0,0.0,68.2,68.0,69.2,69.0,72.1,68.0,8.4,8.0,10,4.9,6
1.0,0.25,2.0,Oregon,63.2,62,68,62.0,16.1,16.0,18,0.0,0.0,68.2,68.0,69.2,69.0,72.1,68.0,8.9,9.0,11,5.1,6
2.0,0.1,0.5,North Dakota,63.3,57,72,63.0,17.6,18.0,20,0.0,0.0,69.1,72.0,76.3,76.5,51.8,28.0,7.4,7.0,11,2.1,3
0.5,0.25,0.5,Oregon,63.3,62,69,62.0,12.9,13.0,15,0.0,0.0,68.3,68.0,70.4,69.0,72.1,68.0,7.8,8.0,10,4.5,5
2.0,0.05,2.0,Michigan,63.3,57,67,65.0,40.1,41.5,45,0.0,0.0,67.2,68.5,70.1,70.0,79.9,75.0,22.2,22.5,27,19.6,27
1.0,0.25,0.5,Georgia,63.4,49,73,68.5,37.4,38.0,39,0.0,0.0,73.5,73.5,80.0,84.0,76.9,85.0,8.6,8.5,10,3.6,4
1.0,0.01,2.0,Wisconsin,63.4,40,86,63.0,30.5,30.5,36,0.5,3.0,77.6,76.5,84.9,86.0,28.0,28.0,67.5,67.0,79,28.9,32
1.0,0.25,0.5,New Jersey,63.5,54,73,63.5,8.0,8.0,9,0.0,0.0,80.8,81.0,93.5,95.0,79.33333333333333,69.0,1.1428571428571428,1.0,2,0.3,1
ALL,ALL,ALL,California,63.519444444444446,54,105,57.0,9.366666666666667,10.5,14,2.6444444444444444,27.0,73.29722222222222,61.0,87.16239316239316,67.0,28.355555555555554,28.0,41.56388888888889,41.0,62,26.93611111111111,34
0.5,0.25,1.0,Mississippi,63.6,53,81,63.0,5.5,5.5,6,0.0,0.0,76.4,81.0,97.4,87.0,100.0,100.0,1.0,1.0,1,0.0,0
2.0,0.25,0.5,Washington,63.6,58,66,66.0,15.6,15.5,17,1.4,5.0,73.0,67.0,86.0,86.0,68.0,68.0,12.7,12.5,16,10.5,12
0.5,0.1,1.0,Arkansas,63.8,58,115,58.0,8.4,8.5,10,0.1,1.0,70.0,58.0,115.4,121.0,80.4,62.0,5.2,5.0,7,0.4,2
0.5,0.25,2.0,New Jersey,63.8,54,73,65.0,8.2,8.0,9,0.0,0.0,77.6,81.0,91.6,91.5,81.4,69.0,0.5555555555555556,1.0,1,0.8,1
1.0,0.25,0.5,Oregon,63.8,62,68,62.0,13.5,13.0,16,0.0,0.0,68.3,68.0,69.3,69.0,73.9,68.0,8.5,9.0,11,4.9,6
1.0,0.25,1.0,Oregon,63.8,62,68,62.0,15.6,15.5,17,0.0,0.0,68.3,68.0,69.3,69.0,73.9,68.0,8.7,9.0,10,5.6,6
0.5,0.1,0.5,Oregon,63.9,62,69,62.0,11.4,11.5,12,0.0,0.0,68.4,68.0,71.3,69.0,74.4,68.0,6.1,6.0,8,4.5,6
1.0,0.05,0.5,California,63.9,54,78,64.0,9.5,10.0,11,0.0,0.0,69.1,67.0,75.6,78.0,28.0,28.0,39.8,38.5,45,26.6,30
1.0,0.05,0.5,Nevada,64.0,55,73,64.0,4.9,5.0,5,0.0,0.0,113.1,124.0,134.7,136.0,135.0,135.0,1.0,1.0,1,0.0,0
1.0,0.1,0.5,Arkansas,64.0,58,115,58.0,9.1,9.0,11,0.3,1.0,82.6,58.0,110.4,121.0,106.3,62.0,7.5,7.0,11,2.4,4
0.5,0.1,2.0,Nebraska,64.0,54,70,64.5,39.4,39.0,42,0.0,0.0,70.0,70.0,74.8,75.0,92.8,100.0,6.7,7.0,8,6.6,9
2.0,0.1,0.5,Washington,64.0,58,68,66.0,15.7,16.0,19,1.3,4.0,74.4,72.0,84.7,86.0,68.4,68.0,13.6,13.5,17,10.2,13
2.0,0.05,2.0,Indiana,64.0,41,72,72.0,53.0,52.5,59,0.0,0.0,69.8,74.0,74.7,77.5,88.6,89.0,22.4,22.0,30,18.6,21
0.5,0.1,2.0,Florida,64.0,53,89,59.0,13.4,13.0,17,0.9,3.0,74.4,74.0,88.0,89.0,63.3,73.0,24.3,24.0,28,22.7,26
1.0,0.01,0.5,Missouri,64.2,57,93,57.0,34.8,36.0,39,0.0,0.0,97.2,93.0,104.5,104.0,109.9,106.5,3.4,3.0,6,1.8,4
1.0,0.1,0.5,North Dakota,64.2,60,72,63.0,14.1,14.0,16,0.0,0.0,71.4,72.0,78.2,80.0,92.8,92.0,4.1,4.0,7,2.0,4
1.0,0.05,2.0,Nevada,64.3,55,76,64.0,5.0,5.0,5,0.0,0.0,108.5,124.0,131.7,136.0,28.0,28.0,1.5,1.5,2,0.0,0
1.0,0.05,2.0,New York,64.4,51,83,61.0,8.1,8.0,12,3.6,15.0,86.7,90.0,92.8,90.0,28.0,28.0,197.1,198.0,213,42.3,45
2.0,0.1,0.5,Oregon,64.5,62,69,62.0,15.8,16.0,17,0.0,0.0,68.6,68.5,70.7,69.5,75.7,68.0,7.0,7.5,9,5.1,6
1.0,0.1,2.0,Nebraska,64.5,54,75,62.5,44.5,44.5,48,0.0,0.0,70.7,70.0,74.7,74.0,100.0,100.0,5.1,5.0,7,8.8,11
0.5,0.1,1.0,Florida,64.5,53,93,59.0,13.2,13.5,16,0.8,2.0,80.1,89.0,87.0,91.0,82.1,92.0,13.3,14.0,18,22.1,25
1.0,0.25,1.0,Mississippi,64.6,53,81,63.0,10.2,10.0,12,0.0,0.0,78.6,81.0,117.6,85.0,71.2,100.0,2.0,2.0,3,0.0,0
0.5,0.1,0.5,Washington,64.6,58,68,66.0,12.6,12.5,16,1.7,5.0,75.7,71.0,87.0,86.0,68.2,68.0,7.2,7.0,11,11.1,14
0.5,0.01,0.5,Illinois,64.8,53,101,53.0,26.3,26.0,30,0.0,0.0,94.0,94.0,103.9,108.0,133.6,121.5,4.9,4.5,8,2.7,6
2.0,0.1,1.0,North Dakota,64.8,51,72,66.0,18.2,18.5,20,0.0,0.0,70.5,72.0,78.4,80.0,71.3,92.0,9.5,10.0,12,3.7,5
0.5,0.1,1.0,Washington,64.8,58,68,66.0,15.2,15.5,17,0.9,5.0,71.7,67.5,84.1,86.0,68.6,68.0,9.1,9.0,11,10.4,13
0.5,0.1,0.5,Pennsylvania,64.8,61,72,61.0,37.4,37.5,41,0.0,0.0,76.1,73.0,82.7,87.0,97.7,98.5,22.8,22.5,27,14.3,18
0.5,0.05,1.0,Nevada,64.9,64,73,64.0,5.0,5.0,5,0.0,0.0,113.8,124.0,133.6,136.0,118.33333333333333,110.0,1.0,1.0,1,0.0,0
2.0,0.05,1.0,Nevada,64.9,55,73,64.0,5.0,5.0,5,0.0,0.0,111.2,124.0,135.8,136.0,81.5,81.5,1.25,1.0,2,0.0,0
2.0,0.05,0.5,Nevada,64.9,55,73,64.0,5.0,5.0,5,0.0,0.0,110.6,124.0,133.5,136.0,95.75,110.0,1.25,1.0,2,0.0,0
0.5,0.01,1.0,Illinois,64.9,46,101,53.0,31.5,30.5,35,0.0,0.0,90.8,97.0,102.8,107.0,134.7,135.5,7.4,6.5,11,3.5,6
1.0,0.1,1.0,Nebraska,65.0,54,70,66.0,41.2,41.5,43,0.0,0.0,70.5,69.0,73.5,72.5,100.0,100.0,6.0,6.0,8,7.8,9
2.0,0.1,0.5,Ohio,65.1,43,69,68.0,60.1,59.0,67,0.2,1.0,74.5,70.5,82.4,85.0,54.3,28.0,23.7,24.5,28,15.5,21
2.0,0.05,1.0,New York,65.1,51,90,61.0,8.6,8.5,12,3.3,16.0,87.0,90.0,92.2,90.0,28.0,28.0,192.2,192.5,209,41.8,46
1.0,0.05,1.0,Arkansas,65.2,58,127,58.0,13.0,13.0,15,0.3,1.0,86.4,58.5,110.6,124.0,117.9,64.0,8.7,8.5,13,2.3,4
0.5,0.1,1.0,Oregon,65.2,62,69,65.0,12.8,13.0,14,0.0,0.0,68.8,69.0,71.7,70.0,79.0,77.0,5.8,5.5,9,4.5,6
1.0,0.1,2.0,Oregon,65.2,62,69,65.0,14.8,15.0,16,0.0,0.0,69.4,68.5,72.7,69.5,72.1,68.0,7.0,7.0,10,6.3,8
0.5,0.25,0.5,Washington,65.3,58,67,66.0,12.9,13.0,15,1.1,4.0,72.5,67.0,82.8,86.0,68.2,68.0,8.0,8.5,10,11.5,14
1.0,0.05,2.0,Pennsylvania,65.3,50,87,66.5,43.1,42.5,47,0.0,0.0,77.5,74.0,85.6,87.0,95.6,103.0,28.0,28.5,32,14.6,17
0.5,0.25,0.5,Mississippi,65.4,53,81,63.0,4.2,4.0,5,0.0,0.0,76.8,81.0,94.8,87.0,100.0,100.0,1.0,1.0,1,0.0,0
0.5,0.25,2.0,Georgia,65.4,49,74,73.0,45.9,46.0,48,0.2,1.0,75.9,74.0,81.8,84.0,82.6,85.0,7.9,8.0,11,3.8,5
1.0,0.25,1.0,Georgia,65.4,49,74,68.5,47.7,47.5,50,0.2,1.0,74.3,74.0,79.8,84.0,89.8,85.0,9.2,10.0,11,3.9,5
0.5,0.1,2.0,Ohio,65.4,43,87,68.0,56.9,56.5,59,0.0,0.0,76.2,72.5,81.0,85.0,40.2,28.0,23.6,23.0,28,15.5,18
1.0,0.1,1.0,Oregon,65.5,62,69,65.5,14.5,14.5,16,0.0,0.0,69.0,69.0,76.0,70.0,79.5,79.5,6.4,7.0,9,5.7,7
1.0,0.1,2.0,Washington,65.5,58,75,66.0,16.0,15.5,20,2.2,5.0,80.6,86.0,82.6,86.0,70.9,68.0,13.6,13.0,16,9.8,13
2.0,0.01,1.0,Missouri,65.6,57,107,57.0,50.7,51.0,56,0.0,0.0,94.6,93.0,104.9,104.0,68.2,65.5,6.1,7.0,8,4.3,7
2.0,0.1,1.0,Washington,65.6,58,68,66.0,15.4,15.0,18,2.0,5.0,77.0,77.0,87.4,86.0,68.6,68.0,12.4,12.5,15,10.9,13
0.5,0.05,2.0,Nevada,65.8,64,73,64.0,5.0,5.0,5,0.0,0.0,119.6,124.0,134.8,136.0,130.0,135.0,1.0,1.0,1,0.0,0
2.0,0.1,1.0,Oregon,65.8,62,69,68.0,15.8,16.0,17,0.0,0.0,68.9,69.0,73.7,70.0,75.8,86.0,6.8,6.5,9,5.3,6
2.0,0.25,2.0,Georgia,65.8,49,73,73.0,53.2,53.0,56,0.0,0.0,75.2,74.0,82.1,86.0,86.7,85.0,10.0,10.0,11,6.8,9
2.0,0.1,1.0,Florida,65.9,41,93,59.0,14.8,15.0,17,1.4,5.0,82.7,91.0,88.8,96.0,52.8,28.0,34.5,34.5,40,22.4,25
2.0,0.05,2.0,Nevada,66.1,64,76,64.0,5.0,5.0,5,0.0,0.0,119.6,124.0,134.8,136.0,108.25,135.0,1.25,1.0,2,0.0,0
0.5,0.1,0.5,North Dakota,66.1,60,73,66.0,12.6,13.0,14,0.0,0.0,72.1,72.0,76.6,73.0,88.9,92.0,3.3,3.5,5,0.6,1
2.0,0.1,2.0,Ohio,66.1,43,86,68.0,60.5,60.0,64,0.0,0.0,77.9,83.0,83.8,86.0,64.2,59.0,22.5,22.5,26,16.3,20
2.0,0.1,2.0,Oregon,66.2,62,68,68.0,16.4,16.0,18,0.0,0.0,68.7,69.0,69.7,70.0,82.1,86.0,6.1,6.0,8,4.6,5
ALL,ALL,ALL,Oregon,66.22777777777777,62,69,68.0,13.719444444444445,14.0,18,0.0,0.0,79.75,69.0,86.35555555555555,70.0,86.39722222222223,86.0,6.5,7.0,11,4.575,8
1.0,0.01,0.5,Wyoming,66.3,43,106,51.5,7.0,7.0,9,0.0,0.0,100.1,106.0,125.8,116.0,147.33333333333334,137.0,1.5555555555555556,1.0,3,0.0,0
0.5,0.1,0.5,Nebraska,66.3,61,70,68.0,24.5,23.5,28,0.0,0.0,70.9,70.0,74.8,75.0,100.0,100.0,3.1,3.0,5,3.1,5
1.0,0.1,0.5,Oregon,66.4,62,69,68.0,13.1,13.0,14,0.0,0.0,69.6,69.0,72.9,70.0,77.3,88.5,6.1,5.5,10,4.3,6
1.0,0.05,1.0,Nebraska,66.4,54,75,68.0,39.8,40.0,42,0.0,0.0,73.4,75.0,80.1,79.0,100.0,100.0,6.7,6.5,10,7.9,11
0.5,0.05,1.0,Oregon,66.5,62,69,68.0,11.9,12.0,13,0.0,0.0,69.7,69.0,73.8,70.0,67.3,86.0,6.1,6.0,11,4.5,6
0.5,0.1,2.0,Oregon,66.6,62,69,68.0,14.9,15.0,16,0.0,0.0,69.9,69.0,75.1,70.0,75.8,86.0,7.3,8.0,10,5.2,7
0.5,0.1,2.0,Washington,66.6,58,74,66.5,14.8,14.5,17,1.2,5.0,74.6,70.0,87.6,87.5,69.8,69.0,13.3,13.0,15,10.7,13
2.0,0.05,1.0,Pennsylvania,66.6,50,91,72.0,43.0,42.5,46,0.0,0.0,77.8,74.0,83.4,87.0,103.5,104.5,24.7,25.5,32,14.5,17
ALL,ALL,ALL,Nebraska,66.63055555555556,54,95,68.0,36.483333333333334,38.0,52,0.0,0.0,72.45833333333333,70.0,77.26666666666667,75.0,94.45833333333333,100.0,5.838888888888889,6.0,12,6.961111111111111,13
0.5,0.05,1.0,New York,66.7,51,90,61.0,8.1,8.0,12,5.5,22.0,87.7,90.0,94.9,91.5,28.0,28.0,176.8,178.5,187,41.3,44
2.0,0.05,0.5,Oregon,66.8,62,69,69.0,14.9,14.5,17,0.0,0.0,70.5,70.0,80.8,76.5,60.6,68.0,6.6,6.0,10,5.8,7
2.0,0.1,1.0,Nebraska,66.8,54,75,68.0,45.4,45.5,48,0.0,0.0,72.0,70.0,77.0,75.0,100.0,100.0,7.2,7.0,9,8.9,11
1.0,0.1,1.0,Washington,66.8,66,68,66.5,15.2,15.5,18,1.6,4.0,76.6,74.0,83.5,86.0,69.0,69.0,12.9,13.5,14,10.4,13
0.5,0.05,0.5,Pennsylvania,66.8,50,87,66.5,35.6,36.0,41,0.0,0.0,79.6,80.5,84.1,89.0,91.2,96.0,20.8,20.5,24,14.0,16
1.0,0.01,0.5,Arizona,66.9,38,93,72.0,6.8,6.5,10,1.6,4.0,101.4,94.0,131.9,105.5,35.7,28.0,8.2,8.0,11,3.3,5
1.0,0.1,0.5,Washington,66.9,66,74,66.0,14.9,15.0,17,1.4,4.0,75.5,72.5,86.5,86.0,69.2,68.0,8.8,9.0,11,10.6,13
2.0,0.01,1.0,Michigan,66.9,53,71,70.5,32.9,33.0,36,0.0,0.0,83.4,79.5,93.7,101.5,105.6,104.0,19.0,20.0,24,20.8,24
0.5,0.05,1.0,Massachusetts,67.0,67,67,67.0,7.5,7.5,8,0.0,0.0,101.6,102.0,111.6,108.5,118.85714285714286,90.0,2.142857142857143,2.0,3,0.0,0
1.0,0.05,1.0,Massachusetts,67.0,67,67,67.0,7.9,8.0,8,0.0,0.0,100.5,102.0,110.3,110.0,102.1,90.0,3.2,3.0,4,0.0,0
0.5,0.05,2.0,Massachusetts,67.0,67,67,67.0,7.9,8.0,8,0.0,0.0,105.7,107.0,114.0,115.0,114.2,90.0,3.3,3.5,4,0.0,0
0.5,0.1,1.0,Massachusetts,67.0,67,67,67.0,8.0,8.0,8,0.0,0.0,97.8,102.0,103.6,107.0,100.1,90.0,1.9,2.0,3,0.0,0
1.0,0.05,2.0,Massachusetts,67.0,67,67,67.0,7.9,8.0,9,0.0,0.0,102.8,102.0,109.8,110.0,105.1,90.0,3.5,3.0,5,0.1,1
2.0,0.1,2.0,Massachusetts,67.0,67,67,67.0,7.9,8.0,8,0.0,0.0,94.8,96.5,100.5,102.0,105.1,90.0,3.5,3.5,5,0.1,1
0.5,0.1,2.0,Massachusetts,67.0,67,67,67.0,8.1,8.0,9,0.0,0.0,94.3,101.0,102.7,103.0,106.3,90.0,3.2,3.0,4,0.1,1
1.0,0.1,1.0,Massachusetts,67.0,67,67,67.0,7.9,8.0,8,0.0,0.0,96.8,101.0,104.7,102.0,106.3,90.0,3.0,3.0,4,0.1,1
0.5,0.1,0.5,Massachusetts,67.0,67,67,67.0,7.9,8.0,8,0.0,0.0,98.7,102.0,104.1,107.0,90.0,90.0,1.0,1.0,1,0.1,1
1.0,0.25,2.0,Massachusetts,67.0,67,67,67.0,8.2,8.0,9,0.0,0.0,83.0,79.0,94.8,93.0,170.3,165.5,2.8,3.0,5,0.2,1
0.5,0.25,0.5,Massachusetts,67.0,67,67,67.0,7.8,8.0,8,0.0,0.0,86.9,79.0,93.8,93.0,90.0,90.0,0.7142857142857143,1.0,1,0.2,1
2.0,0.1,1.0,Massachusetts,67.0,67,67,67.0,7.8,8.0,8,0.0,0.0,100.2,101.5,103.6,104.5,118.4,90.0,4.2,4.0,6,0.2,1
1.0,0.1,0.5,Massachusetts,67.0,67,67,67.0,7.9,8.0,9,0.0,0.0,94.9,98.5,101.6,102.0,120.2,90.0,2.2,2.0,4,0.2,1
1.0,0.1,2.0,Massachusetts,67.0,67,67,67.0,7.9,8.0,9,0.0,0.0,98.6,102.0,104.2,107.0,130.5,90.0,3.4,3.0,5,0.2,1
2.0,0.1,0.5,Massachusetts,67.0,67,67,67.0,7.9,8.0,9,0.0,0.0,95.0,101.0,101.7,102.0,106.3,90.0,3.0,3.0,4,0.2,1
0.5,0.25,1.0,Massachusetts,67.0,67,67,67.0,7.7,8.0,8,0.0,0.0,86.1,79.0,96.5,93.0,115.25,90.0,1.3333333333333333,1.0,3,0.3,1
1.0,0.25,0.5,Massachusetts,67.0,67,67,67.0,7.7,8.0,8,0.0,0.0,78.8,79.0,90.2,93.0,215.83333333333334,241.0,0.875,1.0,2,0.3,1
1.0,0.25,1.0,Massachusetts,67.0,67,67,67.0,7.8,8.0,8,0.0,0.0,82.9,79.0,94.3,93.0,167.9,165.5,2.1,2.0,4,0.3,1
2.0,0.05,2.0,Massachusetts,67.0,67,67,67.0,7.7,8.0,9,0.0,0.0,104.5,102.0,115.9,115.0,112.4,90.0,4.8,5.0,6,0.3,1
2.0,0.25,1.0,Massachusetts,67.0,67,67,67.0,7.9,8.0,9,0.0,0.0,83.9,79.0,95.5,93.0,185.4,241.0,2.9,3.0,4,0.4,1
2.0,0.25,0.5,Massachusetts,67.0,67,67,67.0,7.7,7.5,9,0.0,0.0,80.6,79.0,91.4,93.0,215.6,241.0,1.7,2.0,3,0.5,1
0.5,0.25,2.0,Massachusetts,67.0,67,67,67.0,7.4,7.0,8,0.0,0.0,83.6,79.0,89.0,93.0,136.5,90.0,2.5,3.0,3,0.6,1
2.0,0.25,2.0,Massachusetts,67.0,67,67,67.0,7.5,7.0,9,0.0,0.0,84.2,79.0,93.3,93.0,167.9,165.5,3.2,3.0,5,0.6,1
2.0,0.25,2.0,Mississippi,67.2,53,81,63.0,15.3,15.5,17,0.0,0.0,82.4,83.0,124.2,89.0,98.4,64.0,2.7,3.0,4,0.0,0
0.5,0.25,0.5,New Jersey,67.3,54,73,73.0,7.4,7.0,8,0.0,0.0,86.7,81.0,98.9,95.0,84.5,69.0,1.25,1.0,2,0.0,0
0.5,0.05,0.5,Oregon,67.3,62,69,68.5,10.9,11.0,13,0.0,0.0,74.1,69.5,83.1,76.0,79.4,90.0,4.6,4.5,8,4.6,6
2.0,0.05,1.0,Oregon,67.3,62,69,68.5,15.0,15.0,17,0.0,0.0,71.4,69.5,79.8,80.0,69.7,90.5,6.5,6.5,9,5.9,8
1.0,0.05,2.0,Oregon,67.3,62,69,68.5,14.1,14.0,17,0.0,0.0,74.8,69.5,83.9,80.0,82.3,90.0,4.6,4.0,7,6.0,8
0.5,0.01,1.0,Wyoming,67.4,37,100,62.5,6.7,7.0,8,0.0,0.0,96.8,100.0,123.3,127.0,110.44444444444444,108.0,1.6666666666666667,1.0,3,0.0,0
0.5,0.05,2.0,Oregon,67.4,62,69,69.0,13.8,14.0,15,0.0,0.0,71.5,70.0,83.0,86.0,85.7,90.5,7.0,8.0,9,6.0,7
2.0,0.05,0.5,Pennsylvania,67.4,50,87,67.5,43.7,44.0,48,0.0,0.0,79.1,80.0,83.0,84.5,86.1,92.5,24.3,25.0,28,14.0,17
1.0,0.05,1.0,Pennsylvania,67.4,50,87,66.0,41.5,42.0,45,0.1,1.0,79.1,79.5,84.6,89.0,89.2,99.5,26.6,25.5,36,15.4,20
1.0,0.01,2.0,Arizona,67.5,38,93,77.0,8.3,8.0,11,1.4,4.0,90.0,92.5,102.4,97.0,59.9,28.0,8.3,8.0,15,2.6,5
1.0,0.05,0.5,Oregon,67.5,62,69,69.0,11.6,11.5,14,0.0,0.0,73.7,70.0,86.6,90.0,80.0,88.5,6.3,6.5,9,4.9,6
2.0,0.1,2.0,Nebraska,67.5,61,70,69.0,46.6,46.5,49,0.0,0.0,71.9,72.5,76.3,77.0,100.0,100.0,6.2,6.5,8,9.6,12
0.5,0.05,1.0,Washington,67.6,58,86,66.0,14.9,14.5,19,1.5,3.0,80.5,80.5,84.5,86.0,69.6,68.0,9.3,9.5,11,9.5,12
1.0,0.05,1.0,Florida,67.6,53,97,59.0,13.8,14.0,19,0.7,3.0,84.6,91.5,98.4,102.0,105.5,107.0,23.8,24.0,27,22.4,28
1.0,0.05,1.0,New York,67.7,51,90,61.0,8.5,7.5,14,2.2,9.0,84.0,90.0,91.5,90.0,28.0,28.0,193.0,196.5,209,41.1,44
1.0,0.01,2.0,Missouri,67.8,57,93,57.0,49.7,50.5,54,0.0,0.0,93.2,93.0,102.3,102.5,138.4,138.5,4.7,4.0,9,4.3,8
0.5,0.05,2.0,Nebraska,67.8,54,70,70.0,37.8,38.0,40,0.0,0.0,73.8,75.0,77.7,79.0,92.8,100.0,6.7,7.0,8,5.9,9
1.0,0.25,1.0,New Jersey,67.9,54,73,73.0,8.5,8.5,9,0.0,0.0,84.3,81.0,99.9,95.0,87.5,75.0,0.5555555555555556,0.0,2,0.6,1
1.0,0.05,0.5,Nebraska,67.9,61,75,70.0,33.5,33.5,36,0.0,0.0,73.5,75.0,77.7,79.0,89.9,100.0,6.1,6.5,8,4.7,7
2.0,0.01,2.0,Missouri,67.9,57,93,57.0,53.7,53.5,60,0.0,0.0,98.3,99.5,104.4,103.5,166.6,110.0,6.7,6.5,9,5.1,7
2.0,0.01,2.0,Wisconsin,67.9,40,96,70.0,32.5,33.5,37,0.2,1.0,79.4,73.0,84.0,84.0,28.0,28.0,65.8,66.0,74,27.3,33
1.0,0.05,1.0,Oregon,68.0,62,69,69.0,14.1,14.0,16,0.0,0.0,75.3,72.0,84.6,83.5,81.4,91.0,5.1,5.5,7,5.9,7
1.0,0.01,2.0,Oregon,68.3,62,69,69.0,13.3,13.0,16,0.0,0.0,105.4,110.0,115.5,117.5,126.1,145.0,4.8,5.0,8,3.2,5
2.0,0.1,1.0,Ohio,68.3,43,86,68.0,61.4,61.0,65,0.0,0.0,78.8,83.0,82.7,87.0,70.4,90.0,23.1,23.0,26,15.3,19
2.0,0.01,1.0,Wyoming,68.4,43,121,62.5,10.6,10.0,12,0.0,0.0,109.0,112.0,135.7,135.0,209.8,204.0,2.2,2.0,3,0.0,0
1.0,0.25,2.0,New Jersey,68.4,54,73,73.0,9.6,10.0,10,0.0,0.0,85.4,81.0,99.9,94.0,179.2,131.0,0.75,1.0,2,0.4,1
1.0,0.01,0.5,Michigan,68.4,67,71,67.0,27.4,26.5,33,0.0,0.0,80.0,71.0,98.8,102.0,100.6,106.5,17.0,17.0,25,19.6,25
2.0,0.05,0.5,North Dakota,68.5,60,87,67.5,16.1,16.0,18,0.0,0.0,75.9,72.0,85.0,87.0,42.2,28.0,7.1,6.5,11,1.7,3
0.5,0.05,0.5,Nevada,68.6,64,101,64.0,4.2,4.0,5,0.0,0.0,116.8,124.0,133.6,136.0,128.75,135.0,1.0,1.0,1,0.0,0
1.0,0.1,2.0,Ohio,68.6,56,86,68.0,59.7,59.5,63,0.0,0.0,75.9,75.0,83.0,84.5,42.3,28.0,23.5,25.0,27,15.7,18
2.0,0.25,1.0,Georgia,68.7,49,74,73.5,52.4,53.0,55,0.5,1.0,76.6,79.0,83.9,86.0,91.6,85.0,9.6,9.5,12,4.7,7
0.5,0.01,1.0,Michigan,68.7,62,71,70.0,26.6,26.0,31,0.3,1.0,95.1,101.0,107.3,113.0,111.1,106.0,17.2,17.0,22,17.2,20
2.0,0.05,2.0,Oregon,68.8,68,69,69.0,14.4,14.5,16,0.0,0.0,74.0,77.0,86.0,90.0,83.4,90.0,5.7,6.0,8,6.4,8
2.0,0.05,1.0,Nebraska,68.9,61,75,69.0,41.9,41.5,45,0.0,0.0,73.1,71.5,78.4,75.0,85.6,100.0,7.1,7.5,8,10.0,13
2.0,0.05,1.0,Washington,68.9,66,75,67.0,14.6,15.0,16,1.0,4.0,78.2,75.0,88.0,89.0,73.1,69.0,12.9,12.5,17,10.8,12
2.0,0.05,0.5,Washington,68.9,66,75,68.0,14.6,14.5,17,1.0,4.0,78.2,78.0,88.8,89.0,81.3,70.0,11.5,11.0,17,10.8,13
1.0,0.25,0.5,Maryland,69.0,69,69,69.0,12.9,13.0,14,0.0,0.0,70.2,69.0,75.9,77.0,76.2,70.0,10.8,11.0,12,0.3,2
0.5,0.01,0.5,Oregon,69.0,69,69,69.0,7.1,7.0,9,0.0,0.0,108.2,110.0,123.7,125.0,139.5,145.0,3.3,3.0,6,1.4,4
0.5,0.01,1.0,Oregon,69.0,69,69,69.0,9.6,9.5,12,0.0,0.0,106.0,110.0,122.0,125.0,87.9,90.0,3.8,4.0,6,1.7,3
1.0,0.01,0.5,Oregon,69.0,69,69,69.0,10.4,11.0,11,0.0,0.0,106.2,110.0,119.7,117.5,128.6,117.0,4.0,3.0,7,2.3,3
0.5,0.01,2.0,Oregon,69.0,69,69,69.0,13.2,13.0,15,0.0,0.0,111.5,110.0,122.0,125.0,117.6,117.5,5.5,5.5,8,2.5,6
2.0,0.01,2.0,Oregon,69.0,69,69,69.0,14.2,14.0,16,0.0,0.0,109.7,110.0,117.7,117.5,94.3,95.0,5.8,6.0,8,2.7,4
2.0,0.01,0.5,Oregon,69.0,69,69,69.0,13.7,14.0,16,0.0,0.0,111.5,110.0,122.0,125.0,155.9,117.5,5.8,5.5,10,2.9,6
1.0,0.01,1.0,Oregon,69.0,69,69,69.0,13.2,13.0,14,0.0,0.0,111.0,110.0,124.6,125.0,118.0,90.5,5.6,5.5,8,3.7,7
2.0,0.01,1.0,Oregon,69.0,69,69,69.0,13.1,13.5,15,0.0,0.0,111.5,110.0,122.4,125.0,116.6,90.0,6.2,6.0,8,3.9,6
0.5,0.05,1.0,Nebraska,69.0,68,70,69.0,31.0,31.0,34,0.0,0.0,73.5,75.0,77.8,79.0,92.8,100.0,6.4,6.0,9,4.9,8
2.0,0.05,0.5,Nebraska,69.0,61,75,70.0,40.9,41.0,45,0.0,0.0,73.7,75.0,78.2,79.0,92.8,100.0,7.4,7.0,9,8.0,12
2.0,0.01,1.0,Wisconsin,69.0,40,86,73.5,32.5,33.0,36,0.1,1.0,80.9,83.5,85.3,86.0,28.0,28.0,64.5,65.0,71,27.1,31
1.0,0.05,2.0,Nebraska,69.1,64,75,69.0,41.5,41.5,44,0.0,0.0,73.4,75.0,78.3,79.0,92.8,100.0,6.1,6.0,8,9.3,12
1.0,0.01,2.0,Michigan,69.1,62,71,70.5,34.7,34.5,43,0.0,0.0,88.0,84.0,102.5,102.0,98.5,106.0,20.3,20.5,24,19.8,25
2.0,0.01,2.0,Wyoming,69.2,37,123,51.5,10.5,11.0,12,0.0,0.0,96.4,107.0,120.0,118.0,225.6,247.5,2.6,3.0,4,0.0,0
0.5,0.25,1.0,New Jersey,69.2,54,73,73.0,8.3,8.0,9,0.0,0.0,86.3,81.0,103.0,95.0,100.0,100.0,1.2,1.0,2,0.1,1
1.0,0.25,2.0,Georgia,69.3,49,74,73.0,51.7,51.5,54,0.2,1.0,77.2,74.0,86.1,86.0,90.1,85.0,11.3,11.0,14,3.9,5
0.5,0.25,0.5,Georgia,69.3,49,74,73.0,19.5,19.0,23,0.2,1.0,77.5,74.0,86.3,86.0,73.0,85.0,6.3,6.5,8,4.6,6
0.5,0.05,0.5,North Dakota,69.4,66,73,70.5,10.6,11.0,12,0.0,0.0,75.5,72.5,81.3,80.0,97.9,92.0,3.1,3.0,5,0.5,1
2.0,0.01,0.5,Missouri,69.4,57,103,57.0,49.5,48.0,57,0.0,0.0,99.4,99.5,105.2,104.0,82.5,103.0,5.6,5.0,11,3.4,6
0.5,0.01,0.5,Michigan,69.4,67,71,71.0,23.0,22.5,26,0.0,0.0,87.2,88.0,101.3,104.5,108.9,106.5,12.0,12.0,15,15.3,21
1.0,0.01,1.0,Michigan,69.4,67,71,71.0,32.1,32.0,35,0.0,0.0,82.9,85.0,101.5,104.0,107.4,106.0,22.1,23.0,26,21.6,26
2.0,0.01,0.5,Wisconsin,69.4,40,86,73.5,31.2,31.0,38,0.0,0.0,78.0,78.5,82.2,83.5,28.0,28.0,68.7,68.0,79,27.9,33
1.0,0.1,1.0,Arkansas,69.5,58,115,58.0,14.1,14.0,16,0.0,0.0,76.3,58.0,109.8,121.0,99.7,62.0,11.0,11.5,13,2.2,4
0.5,0.05,2.0,New York,69.7,61,90,61.0,7.9,7.0,13,2.0,4.0,88.0,90.0,95.9,95.0,28.0,28.0,196.5,197.0,213,42.2,46
0.5,0.05,2.0,Washington,69.8,58,82,68.0,15.4,15.5,18,1.2,3.0,81.2,80.5,87.2,87.0,81.2,70.0,11.6,12.0,14,9.4,12
2.0,0.01,0.5,Michigan,69.8,67,71,71.0,34.3,34.0,40,0.0,0.0,94.5,94.0,107.3,104.0,115.8,112.0,18.0,18.5,23,19.2,25
0.5,0.1,0.5,Ohio,69.9,43,86,69.0,46.4,46.0,51,0.0,0.0,80.6,83.5,84.0,85.0,67.7,90.0,11.1,11.5,14,11.9,15
1.0,0.05,1.0,Ohio,69.9,43,89,68.0,57.3,58.0,62,0.0,0.0,82.8,87.5,90.4,88.5,76.0,103.0,20.5,20.0,27,12.6,15
2.0,0.05,2.0,Pennsylvania,69.9,50,91,72.0,43.4,43.5,45,0.1,1.0,85.3,87.0,90.4,91.0,104.5,103.0,28.4,29.0,33,14.3,17
1.0,0.1,2.0,Mississippi,70.0,53,81,72.0,13.3,13.0,15,0.0,0.0,105.7,85.0,181.4,202.0,190.0,231.0,1.875,2.0,3,0.0,0
0.5,0.05,0.5,Nebraska,70.0,61,75,70.0,23.7,23.5,26,0.0,0.0,74.2,75.0,80.1,79.0,100.0,100.0,3.5,3.0,5,2.5,6
2.0,0.01,1.0,Illinois,70.0,53,93,68.0,43.9,44.0,48,0.0,0.0,93.9,93.0,102.7,102.5,112.0,121.5,12.3,12.5,14,5.3,9
1.0,0.25,1.0,Virginia,70.0,57,97,63.0,31.2,31.0,34,0.1,1.0,89.0,86.0,97.3,97.0,108.0,114.0,8.3,8.5,12,6.6,9
2.0,0.05,0.5,Ohio,70.0,43,88,68.5,59.7,59.5,62,0.0,0.0,81.3,85.0,87.3,88.0,77.9,90.0,24.2,24.5,30,12.4,14
ALL,ALL,ALL,Pennsylvania,70.08333333333333,50,138,61.0,40.65277777777778,41.0,48,0.09166666666666666,2.0,81.81388888888888,73.5,88.85,87.0,93.07777777777778,96.0,26.90277777777778,27.0,47,14.188888888888888,24
2.0,0.25,0.5,Georgia,70.1,58,74,73.0,50.7,51.0,53,0.1,1.0,76.0,74.0,83.5,84.0,90.1,85.0,9.8,9.5,14,5.3,6
0.5,0.25,0.5,Virginia,70.2,57,97,67.0,18.9,19.0,20,0.3,2.0,89.3,91.5,96.6,97.5,103.9,110.0,4.2,4.0,7,4.8,7
2.0,0.25,1.0,New Jersey,70.3,54,73,73.0,9.5,9.5,10,0.0,0.0,84.4,81.0,98.0,95.0,100.0,100.0,0.4,0.0,1,0.5,1
0.5,0.05,1.0,Pennsylvania,70.4,50,92,72.0,38.2,38.0,43,0.1,1.0,81.2,87.0,85.8,90.5,98.4,103.0,27.7,28.0,32,14.1,18
0.5,0.05,0.5,Massachusetts,70.5,67,102,67.0,7.5,8.0,8,0.0,0.0,99.5,102.0,106.3,107.0,120.3,90.0,1.3,1.0,2,0.0,0
2.0,0.05,1.0,Massachusetts,70.5,67,102,67.0,7.9,8.0,9,0.0,0.0,103.4,104.5,109.8,112.5,117.2,90.0,4.0,4.0,5,0.2,1
1.0,0.05,0.5,North Dakota,70.5,60,87,70.5,13.3,13.0,15,0.0,0.0,80.2,80.0,83.9,87.0,94.5,92.0,3.9,4.0,6,1.6,2
1.0,0.25,2.0,Maryland,70.6,69,77,69.0,13.6,14.0,14,0.0,0.0,75.1,73.5,81.6,81.0,88.2,92.0,10.6,10.5,13,0.2,1
1.0,0.25,1.0,Maryland,70.6,69,77,69.0,13.3,13.5,14,0.0,0.0,74.0,69.0,81.5,81.0,76.6,70.0,11.6,11.5,15,0.3,1
2.0,0.05,2.0,North Dakota,70.7,60,87,72.0,16.3,16.0,19,0.0,0.0,82.6,82.5,86.9,87.0,64.5,28.0,9.5,10.0,13,2.4,4
2.0,0.05,2.0,Nebraska,70.7,61,75,70.0,44.6,44.5,47,0.0,0.0,76.1,75.0,82.2,79.0,78.4,100.0,7.4,7.0,11,8.6,11
0.5,0.1,1.0,Mississippi,70.8,53,81,81.0,4.2,4.0,6,0.0,0.0,121.0,100.0,187.125,190.0,346.0,346.0,1.0,1.0,1,0.0,0
0.5,0.1,0.5,Arkansas,70.8,58,127,58.0,4.5,5.0,6,0.2,1.0,85.7,58.0,95.88888888888889,59.0,73.28571428571429,62.0,1.8888888888888888,2.0,4,1.0,2
2.0,0.05,1.0,Florida,70.8,41,101,72.0,15.0,16.0,21,1.9,7.0,88.4,94.5,97.7,101.0,69.5,57.0,30.4,29.5,39,21.6,28
ALL,ALL,ALL,New York,70.89722222222223,51,150,61.0,9.058333333333334,9.0,17,2.216666666666667,22.0,88.97222222222223,83.0,99.60555555555555,90.0,28.0,28.0,177.47222222222223,187.0,219,40.44722222222222,46
1.0,0.1,0.5,Mississippi,71.0,53,81,72.0,5.4,5.5,8,0.0,0.0,97.3,85.0,161.1,152.5,118.0,124.0,1.0,1.0,1,0.0,0
2.0,0.1,2.0,Mississippi,71.0,53,81,72.0,13.8,14.0,15,0.0,0.0,102.9,85.0,213.6,214.0,176.77777777777777,267.0,2.111111111111111,2.0,3,0.0,0
1.0,0.05,0.5,Arkansas,71.0,58,121,59.0,7.7,8.0,10,0.4,1.0,97.7,118.0,126.2,127.0,141.5,188.0,7.0,6.5,13,1.9,3
0.5,0.05,0.5,Washington,71.0,58,90,67.5,12.2,12.5,16,1.0,5.0,79.7,75.0,86.9,88.5,56.6,68.0,7.8,8.0,10,10.6,14
2.0,0.25,2.0,New Jersey,71.1,54,73,73.0,9.1,9.0,10,0.0,0.0,87.1,85.5,104.8,100.0,100.0,100.0,0.2857142857142857,0.0,1,0.9,2
0.5,0.05,1.0,Arkansas,71.1,58,121,59.0,6.9,6.5,9,0.3,1.0,112.9,121.0,130.7,127.0,178.0,205.0,3.4,3.5,6,1.1,3
2.0,0.25,2.0,Virginia,71.1,57,97,64.0,40.5,41.0,43,0.1,1.0,86.7,86.0,97.4,97.0,107.9,115.5,8.9,9.0,11,7.3,11
2.0,0.25,0.5,Maryland,71.3,69,84,69.0,13.2,13.5,14,0.0,0.0,72.8,69.0,79.6,81.0,83.0,80.5,11.6,12.0,15,0.5,1
1.0,0.05,2.0,Washington,71.3,58,86,68.0,14.7,14.5,17,1.0,3.0,81.8,84.0,85.9,86.0,87.1,70.0,11.9,12.0,15,10.7,12
2.0,0.25,1.0,Maryland,71.4,69,77,69.0,13.6,14.0,14,0.0,0.0,76.4,73.0,85.6,81.0,83.0,80.5,12.5,12.5,15,0.2,1
2.0,0.05,1.0,North Dakota,71.4,60,87,72.0,15.9,16.0,17,0.0,0.0,80.0,82.5,92.3,87.0,34.4,28.0,8.8,9.0,13,2.9,5
0.5,0.01,2.0,Missouri,71.4,57,93,57.0,41.8,41.5,47,0.0,0.0,97.7,93.0,104.1,104.0,169.9,135.0,4.1,3.5,7,3.0,4
2.0,0.01,2.0,Illinois,71.4,46,120,53.0,44.8,46.0,50,0.0,0.0,94.8,93.0,107.1,107.0,115.0,114.0,12.8,11.5,19,6.0,8
1.0,0.05,0.5,Pennsylvania,71.4,50,87,72.0,38.8,39.0,45,0.4,2.0,87.6,87.0,91.7,91.0,103.5,103.0,25.6,25.5,33,14.0,19
2.0,0.01,1.0,Arizona,71.5,38,93,73.0,9.1,10.0,11,0.0,0.0,82.9,77.0,101.4,99.5,31.9,28.0,10.7,11.5,12,1.9,5
0.5,0.05,0.5,Florida,71.5,53,97,66.0,12.6,13.0,15,2.1,6.0,92.7,96.5,97.5,100.0,88.8,82.5,9.3,8.5,14,18.3,22
ALL,ALL,ALL,Florida,71.57777777777778,41,136,59.0,11.708333333333334,12.0,21,0.8,10.0,84.21944444444445,89.0,95.21666666666667,93.0,72.61944444444444,63.0,23.45277777777778,24.0,45,23.2,31
1.0,0.05,2.0,North Dakota,71.7,60,80,72.0,16.2,16.0,20,0.0,0.0,81.3,83.5,87.8,87.0,79.5,92.0,5.8,6.0,8,1.9,3
0.5,0.25,2.0,Maryland,71.8,69,81,69.0,12.6,12.5,14,0.0,0.0,74.0,69.0,79.8,81.0,54.8,49.0,11.5,12.0,16,0.6,2
1.0,0.05,1.0,North Dakota,71.8,51,87,72.0,14.8,15.0,16,0.0,0.0,80.3,82.5,86.6,87.0,100.8,97.5,4.8,4.5,9,1.5,2
1.0,0.01,0.5,Illinois,71.8,53,101,65.5,33.2,33.5,38,0.0,0.0,98.0,97.0,105.8,107.0,120.4,115.0,9.8,10.5,15,3.5,5
2.0,0.01,2.0,Michigan,71.8,67,104,67.0,35.6,35.0,40,0.0,0.0,86.5,71.0,99.7,104.0,106.0,106.0,18.3,18.5,22,19.2,26
2.0,0.05,2.0,New York,71.9,61,90,61.0,9.7,10.0,11,1.3,4.0,87.7,90.0,93.6,96.0,28.0,28.0,185.7,188.0,207,41.0,43
0.5,0.1,0.5,Mississippi,72.0,63,81,72.0,2.8,2.5,5,0.0,0.0,143.3,83.0,136.0,115.0,,,0.0,0.0,0,0.0,0
2.0,0.05,2.0,Washington,72.1,58,87,74.5,14.8,14.5,18,0.7,4.0,81.4,82.0,89.0,89.0,92.3,86.5,11.9,12.0,15,10.6,13
0.5,0.05,2.0,Pennsylvania,72.1,50,91,72.0,42.2,41.5,46,0.0,0.0,86.0,87.0,89.8,91.0,104.4,103.0,28.3,28.5,37,14.3,17
0.5,0.25,0.5,Maryland,72.2,69,77,69.0,12.0,12.0,13,0.0,0.0,75.3,69.0,81.0,79.0,85.2,91.5,8.8,9.0,10,0.2,2
0.5,0.25,1.0,Maryland,72.2,69,77,69.0,12.2,12.5,14,0.0,0.0,75.9,75.0,83.6,83.0,84.6,92.0,10.9,11.0,13,0.7,2
0.5,0.05,2.0,North Dakota,72.2,60,87,72.0,13.9,14.0,15,0.0,0.0,80.5,80.0,85.8,87.0,65.5,60.0,5.9,5.5,10,1.8,3
0.5,0.01,1.0,Wisconsin,72.2,40,86,73.5,29.8,30.0,34,0.1,1.0,79.3,81.5,84.8,86.0,28.0,28.0,64.5,65.0,75,27.7,31
1.0,0.05,1.0,Washington,72.3,66,89,69.0,13.5,14.5,16,0.9,5.0,82.3,81.5,86.8,89.0,89.0,72.0,12.5,13.0,16,11.5,17
2.0,0.05,0.5,Massachusetts,72.4,67,101,67.0,7.9,8.0,9,0.0,0.0,101.6,102.0,109.5,107.0,129.9,90.0,3.4,3.0,5,0.2,1
0.5,0.05,1.0,North Dakota,72.6,66,87,72.0,12.1,12.0,14,0.0,0.0,80.0,80.0,90.6,87.0,102.2,92.0,3.9,4.0,6,1.2,2
0.5,0.01,0.5,Wyoming,72.7,43,106,71.5,5.7,5.0,8,0.0,0.0,106.5,116.0,130.9,127.0,107.25,99.0,1.75,1.0,4,0.0,0
0.5,0.01,0.5,Arizona,72.7,38,93,78.5,6.6,7.0,9,1.5,4.0,96.2,94.0,106.5,100.5,28.0,28.0,7.4,7.0,10,2.0,4
2.0,0.1,0.5,Mississippi,72.8,53,81,81.0,11.0,11.0,13,0.0,0.0,113.4,85.0,185.6,190.0,180.375,195.0,1.5,1.5,2,0.0,0
0.5,0.1,1.0,New Jersey,73.0,73,73,73.0,7.7,8.0,8,0.0,0.0,114.0,124.0,130.5,134.5,,,0.0,0.0,0,0.1,1
1.0,0.05,0.5,Washington,73.1,66,86,71.0,14.1,14.0,18,1.4,4.0,83.4,86.0,89.0,89.0,83.4,70.0,9.1,8.5,13,10.8,13
1.0,0.1,0.5,Ohio,73.1,56,88,70.0,51.8,52.0,55,0.0,0.0,79.0,84.0,81.8,86.0,54.9,28.0,19.4,19.0,25,14.5,17
0.5,0.01,2.0,Illinois,73.2,51,107,68.0,40.0,39.0,46,0.0,0.0,98.3,99.0,103.2,107.0,128.5,122.0,11.9,12.0,14,5.2,8
1.0,0.25,0.5,Virginia,73.2,57,97,74.5,26.7,27.0,28,0.1,1.0,84.5,91.5,95.9,97.5,92.2,102.0,6.6,7.0,9,8.2,12
ALL,ALL,ALL,Nevada,73.3638888888889,55,149,64.0,4.788888888888889,5.0,5,0.0,0.0,106.34357541899442,117.0,146.28531073446328,136.0,92.08695652173913,110.0,1.1505376344086022,1.0,3,0.005555555555555556,1
0.5,0.01,2.0,Michigan,73.5,67,117,68.5,32.1,32.5,37,0.0,0.0,85.6,71.0,98.9,105.0,109.7,106.0,20.5,22.0,25,19.7,24
2.0,0.1,1.0,Mississippi,73.6,53,81,81.0,13.1,13.0,14,0.0,0.0,107.1,100.0,197.7,214.0,180.25,192.0,1.875,1.5,3,0.0,0
1.0,0.1,1.0,Mississippi,73.6,53,81,81.0,8.8,9.0,13,0.0,0.0,155.2,87.0,262.1,276.0,104.85714285714286,100.0,1.5714285714285714,1.0,3,0.0,0
1.0,0.01,2.0,Nebraska,73.7,68,79,75.0,33.9,34.0,35,0.0,0.0,78.7,79.0,85.5,88.0,78.4,100.0,5.8,5.5,9,7.8,11
ALL,ALL,ALL,Washington,73.76666666666667,58,137,66.0,13.625,14.0,20,1.3,5.0,85.28611111111111,86.0,95.50833333333334,88.5,73.26944444444445,68.0,11.247222222222222,11.0,18,10.722222222222221,18
2.0,0.25,2.0,Maryland,73.8,69,77,77.0,13.6,14.0,14,0.0,0.0,77.1,81.0,82.3,84.0,85.1,91.0,11.5,11.5,15,0.3,2
1.0,0.1,0.5,New Jersey,73.8,73,81,73.0,7.1,7.0,8,0.0,0.0,109.9,105.5,125.8,134.0,,,0.0,0.0,0,0.7,1
0.5,0.1,2.0,New Jersey,73.8,73,81,73.0,8.1,8.0,9,0.0,0.0,120.1,126.5,130.8,134.0,,,0.0,0.0,0,0.8,2
1.0,0.25,2.0,Virginia,73.8,57,97,74.5,39.7,40.0,42,0.1,1.0,91.3,97.0,96.5,98.0,122.7,122.5,10.1,10.0,14,6.5,9
1.0,0.05,0.5,New York,73.8,61,90,70.5,8.2,8.5,11,1.7,6.0,90.3,90.0,95.7,94.5,28.0,28.0,176.9,174.5,193,41.7,46
ALL,ALL,ALL,North Dakota,73.825,51,140,66.0,14.308333333333334,15.0,23,0.0,0.0,85.06666666666666,72.0,95.13091922005572,80.0,90.34770114942529,92.0,6.051136363636363,6.0,14,1.9694444444444446,6
1.0,0.05,0.5,Massachusetts,74.0,67,102,67.0,7.2,7.0,8,0.0,0.0,104.8,102.0,112.7,112.5,129.3,90.0,2.5,3.0,4,0.0,0
0.5,0.01,1.0,Arizona,74.3,38,95,77.0,7.2,7.0,9,0.9,3.0,98.5,95.5,104.0,98.5,37.3,28.0,9.4,9.5,13,2.3,5
2.0,0.25,1.0,Virginia,74.3,57,97,74.5,38.5,38.5,41,0.1,1.0,93.0,97.0,98.7,98.0,125.3,126.0,9.5,9.0,13,7.6,11
0.5,0.01,2.0,Arizona,74.4,38,93,72.0,8.4,8.0,11,1.6,4.0,93.4,93.5,108.1,98.5,28.0,28.0,9.2,9.5,12,2.6,4
0.5,0.01,0.5,Wisconsin,74.6,63,94,73.0,28.6,29.0,34,0.1,1.0,79.9,82.0,84.8,84.0,28.0,28.0,51.7,48.0,62,27.5,33
2.0,0.01,1.0,Nebraska,74.7,68,79,75.0,35.6,35.0,39,0.0,0.0,79.5,79.0,87.5,88.0,86.3,100.0,7.0,7.0,10,8.2,11
1.0,0.01,0.5,Wisconsin,74.7,40,94,76.0,29.5,29.0,37,0.1,1.0,83.4,83.5,87.0,87.5,28.0,28.0,61.1,60.0,72,28.6,33
2.0,0.25,0.5,Virginia,74.8,57,97,71.0,36.0,36.0,38,0.2,1.0,91.7,91.5,98.7,97.5,119.0,126.0,8.5,8.5,12,6.9,10
2.0,0.01,0.5,Illinois,75.0,46,101,83.0,44.6,44.5,52,0.0,0.0,94.3,93.5,107.9,109.0,127.2,114.0,11.4,12.0,16,4.6,6
0.5,0.25,1.0,Virginia,75.0,57,86,86.0,24.1,24.0,26,0.0,0.0,91.1,97.0,97.6,98.0,98.4,110.5,5.7,5.5,9,6.8,9
0.5,0.01,2.0,Wisconsin,75.0,63,86,77.5,30.1,30.5,34,0.0,0.0,82.0,84.0,85.0,86.0,28.0,28.0,73.8,73.0,85,28.3,33
1.0,0.01,2.0,Wyoming,75.1,43,127,63.0,10.3,10.0,11,0.0,0.0,109.4,114.0,127.0,122.5,161.1,117.0,1.7,2.0,3,0.0,0
1.0,0.01,0.5,Nebraska,75.1,68,88,75.0,28.7,28.5,33,0.0,0.0,79.3,79.0,87.0,88.0,85.6,100.0,4.3,4.5,7,2.2,3
2.0,0.1,0.5,New Jersey,75.3,54,134,73.0,8.3,8.0,9,0.0,0.0,111.8,113.0,131.3,134.0,165.0,165.0,0.25,0.0,1,0.7,1
1.0,0.01,1.0,Wisconsin,75.3,40,90,82.0,29.8,30.0,32,0.1,1.0,85.6,88.0,88.7,92.0,28.0,28.0,70.8,71.5,77,28.0,32
ALL,ALL,ALL,Ohio,75.44166666666666,43,131,69.0,53.486111111111114,56.0,67,0.011111111111111112,1.0,86.44166666666666,86.0,92.05,88.0,72.05555555555556,58.0,19.42222222222222,20.0,30,12.786111111111111,22
1.0,0.01,1.0,Nebraska,75.5,68,79,75.0,31.1,31.0,35,0.0,0.0,81.7,79.0,89.5,89.0,86.3,100.0,6.2,5.5,11,6.4,10
2.0,0.05,2.0,Florida,75.5,41,104,78.5,13.9,14.5,18,1.8,6.0,92.7,97.0,101.2,103.0,78.7,96.0,30.4,30.5,37,22.6,28
0.5,0.01,0.5,Nebraska,75.7,70,79,75.0,18.3,18.5,21,0.0,0.0,81.3,79.0,87.7,88.0,100.0,100.0,2.7,2.0,5,1.1,3
1.0,0.05,2.0,Arkansas,75.9,58,121,58.5,14.7,15.0,17,0.2,1.0,109.0,121.0,131.8,127.0,128.4,127.0,10.6,10.0,16,1.8,4
1.0,0.1,0.5,Georgia,75.9,58,86,74.0,34.0,34.0,36,0.6,2.0,93.5,93.0,100.8,96.0,98.3,96.5,9.2,9.0,12,3.0,6
0.5,0.01,2.0,Nebraska,76.1,70,79,75.0,31.3,31.5,35,0.0,0.0,82.2,79.0,88.1,88.0,85.6,100.0,6.0,5.5,10,4.7,7
0.5,0.01,1.0,Nebraska,76.2,75,79,75.0,25.8,25.5,30,0.0,0.0,81.7,79.0,88.6,88.0,93.5,100.0,3.9,4.0,6,2.2,4
1.0,0.05,2.0,Mississippi,76.4,53,81,81.0,11.2,11.0,13,0.0,0.0,185.5,202.0,265.6,276.0,215.16666666666666,267.0,1.5,1.5,2,0.0,0
1.0,0.1,1.0,Georgia,76.4,58,93,74.0,44.1,44.0,46,0.3,1.0,88.9,93.0,97.7,102.0,101.9,108.0,8.5,8.5,12,2.8,5
1.0,0.01,2.0,Idaho,76.4,53,92,79.0,10.4,10.5,15,1.3,7.0,89.2,92.0,94.4,94.0,56.7,45.0,42.9,42.0,58,14.3,21
0.5,0.05,1.0,Florida,76.5,53,103,78.5,13.1,13.0,16,0.8,4.0,86.0,95.0,98.8,100.0,84.9,101.5,12.7,12.5,15,20.8,23
2.0,0.1,2.0,Maryland,76.6,69,87,77.0,13.1,14.0,14,0.2,1.0,87.8,85.5,96.7,95.0,93.9,99.0,9.5,9.5,13,0.7,2
1.0,0.1,2.0,Georgia,76.6,73,93,73.5,49.0,49.0,53,0.3,1.0,86.7,86.0,97.8,99.0,104.5,98.5,11.0,11.0,14,3.6,6
0.5,0.05,0.5,Ohio,76.7,43,88,84.0,42.2,41.5,47,0.0,0.0,85.9,88.0,89.3,89.0,77.6,90.0,10.0,9.5,15,11.1,15
0.5,0.25,2.0,Virginia,76.9,57,97,86.0,30.8,31.0,33,0.2,1.0,91.2,97.0,97.3,98.0,118.6,120.0,7.5,7.5,11,6.3,9
1.0,0.25,0.5,New Hampshire,77.0,77,77,77.0,5.2,5.0,6,0.0,0.0,171.2,190.0,194.0,195.0,102.0,102.0,1.0,1.0,1,0.0,0
1.0,0.25,0.5,Montana,77.0,77,77,77.0,6.9,7.0,8,0.0,0.0,88.0,88.0,99.0,99.0,140.0,140.0,3.4,3.5,6,1.0,1
0.5,0.01,2.0,California,77.0,64,96,78.0,4.1,4.0,6,9.2,25.0,102.7,100.5,125.0,105.0,28.0,28.0,50.6,49.0,62,30.8,34
0.5,0.05,0.5,New Jersey,77.2,54,134,73.0,6.1,6.0,8,0.0,0.0,129.8,134.0,143.2,143.0,,,0.0,0.0,0,0.1,1
1.0,0.1,2.0,New Jersey,77.2,54,134,73.0,9.6,10.0,10,0.0,0.0,114.9,123.0,127.9,134.5,487.0,496.0,0.6,1.0,1,0.4,1
2.0,0.01,0.5,Nebraska,77.3,70,95,75.0,33.5,34.0,38,0.0,0.0,82.4,79.0,89.3,88.0,71.2,100.0,6.4,6.0,11,7.1,10
1.0,0.1,1.0,Maryland,77.4,69,87,77.0,12.6,13.0,14,0.2,1.0,91.1,88.0,100.1,103.0,95.6,99.0,9.1,9.0,11,0.7,2
0.5,0.01,2.0,Kentucky,77.5,56,94,73.0,32.8,33.0,40,0.0,0.0,104.2,110.0,121.8,119.0,110.8,115.0,14.6,14.5,19,9.1,14
0.5,0.05,2.0,Florida,77.6,53,97,87.0,15.4,16.0,18,1.4,9.0,92.4,94.5,99.4,101.0,89.6,98.0,21.3,20.5,28,20.2,27
0.5,0.1,0.5,New Jersey,77.7,54,129,73.0,7.0,7.0,7,0.0,0.0,124.7,124.0,135.3,134.5,100.0,100.0,1.0,1.0,1,0.0,0
2.0,0.05,2.0,Arkansas,77.7,58,127,58.5,14.2,14.0,16,0.2,1.0,92.5,87.0,123.6,124.0,132.5,94.5,11.7,12.0,16,2.9,4
1.0,0.01,1.0,Wyoming,77.8,43,114,91.0,9.2,9.0,11,0.0,0.0,103.4,109.0,127.9,119.5,119.625,120.0,2.0,2.0,3,0.0,0
2.0,0.1,2.0,New Jersey,77.9,73,122,73.0,9.5,9.5,10,0.0,0.0,113.2,123.0,126.5,134.0,,,0.0,0.0,0,0.5,1
2.0,0.01,2.0,Nebraska,78.0,70,95,77.0,36.4,36.5,42,0.0,0.0,84.7,83.5,89.3,89.0,102.9,100.0,7.0,7.0,12,8.9,11
0.5,0.1,0.5,Georgia,78.1,49,102,74.0,17.8,18.0,19,0.2,1.0,93.4,93.0,103.6,104.0,120.1,127.0,5.3,5.5,7,2.4,5
2.0,0.1,0.5,Georgia,78.1,64,93,74.0,46.6,47.0,51,0.3,1.0,86.6,86.0,94.5,96.0,96.2,108.0,9.5,9.0,11,4.0,8
0.5,0.1,2.0,Mississippi,78.2,53,81,81.0,8.4,8.5,10,0.0,0.0,127.0,115.0,236.2,276.0,108.0,100.0,1.6666666666666667,2.0,2,0.0,0
1.0,0.05,2.0,Florida,78.3,41,96,89.0,15.7,16.0,19,0.7,3.0,91.6,95.5,99.1,101.0,54.9,28.0,30.4,31.0,35,20.8,26
1.0,0.1,0.5,Maryland,78.7,69,87,79.0,11.3,11.5,13,0.2,1.0,87.1,87.0,99.6,103.0,98.3,99.0,8.3,8.5,12,0.8,2
0.5,0.05,1.0,Ohio,78.7,43,88,86.0,49.2,49.0,54,0.0,0.0,85.9,88.0,89.2,89.0,75.9,102.5,17.4,19.0,22,10.9,15
2.0,0.1,0.5,Maryland,78.8,69,90,79.0,12.7,13.0,14,0.2,1.0,88.6,84.0,99.9,103.0,90.3,99.0,9.8,9.5,14,0.9,2
2.0,0.1,2.0,Georgia,78.8,49,102,74.0,51.5,51.5,56,0.2,1.0,89.0,86.0,98.2,99.0,104.3,108.5,9.9,10.0,11,5.0,7
2.0,0.25,0.5,New Hampshire,78.9,77,96,77.0,5.6,6.0,6,0.0,0.0,156.8,190.0,193.0,195.0,,,0.0,0.0,0,0.0,0
2.0,0.25,1.0,South Carolina,79.0,65,86,86.0,18.6,19.0,19,0.0,0.0,89.5,86.0,120.7,114.0,139.0,139.0,19.4,19.0,23,1.5,3
2.0,0.25,0.5,South Carolina,79.0,65,86,79.0,17.4,17.0,18,0.0,0.0,96.5,86.0,120.2,121.0,139.0,139.0,20.7,21.0,23,1.7,3
2.0,0.1,1.0,New Jersey,79.1,73,134,73.0,9.4,9.0,10,0.0,0.0,121.0,134.0,133.0,135.0,469.0,469.0,0.14285714285714285,0.0,1,0.6,1
1.0,0.1,2.0,Maryland,79.1,69,87,77.0,12.4,12.5,14,0.2,1.0,91.8,87.0,102.7,103.0,87.6,99.0,10.8,11.0,13,0.6,2
2.0,0.05,1.0,Mississippi,79.2,63,81,81.0,11.1,11.0,14,0.0,0.0,172.4,190.0,254.7,276.0,217.625,246.0,2.25,2.0,3,0.0,0
0.5,0.05,0.5,Mississippi,79.2,63,81,81.0,1.8,2.0,3,0.0,0.0,225.85714285714286,276.0,394.0,394.0,346.0,346.0,1.0,1.0,1,0.0,0
0.5,0.05,2.0,Ohio,79.4,62,88,85.5,55.5,55.0,61,0.0,0.0,87.6,88.0,89.6,89.0,51.8,28.0,23.5,24.5,28,14.1,19
0.5,0.25,0.5,South Carolina,79.7,65,86,82.5,7.3,7.0,8,0.0,0.0,93.4,86.0,123.0,123.0,139.0,139.0,13.7,13.0,19,0.1,1
1.0,0.25,1.0,South Carolina,79.7,65,86,86.0,16.2,16.0,17,0.0,0.0,88.1,86.0,113.4,114.0,139.0,139.0,16.1,16.5,20,1.6,2
2.0,0.05,0.5,New Jersey,79.8,54,134,73.0,8.2,8.0,9,0.0,0.0,124.2,129.0,142.2,140.0,,,0.0,0.0,0,0.8,1
1.0,0.1,1.0,New Jersey,79.9,65,124,73.0,8.5,8.5,9,0.0,0.0,111.2,122.0,125.5,131.5,,,0.0,0.0,0,0.5,1
1.0,0.25,0.5,Connecticut,80.0,80,80,80.0,5.7,5.5,7,0.0,0.0,90.3,86.0,108.8,111.0,106.6,102.0,3.0,3.0,4,1.3,2
0.5,0.1,2.0,Maryland,80.3,69,103,77.0,11.5,11.0,13,0.1,1.0,89.5,87.0,102.1,106.5,62.1,49.0,10.9,11.0,14,0.3,1
1.0,0.25,1.0,Montana,80.3,77,88,77.0,11.1,11.0,13,0.0,0.0,91.3,88.0,111.0,99.0,140.0,140.0,3.7,3.0,6,2.5,3
2.0,0.25,0.5,Montana,80.3,77,88,77.0,10.9,11.0,12,0.0,0.0,91.3,88.0,111.0,99.0,140.0,140.0,3.4,3.0,6,2.5,4
1.0,0.25,2.0,South Carolina,80.4,65,86,86.0,18.6,19.0,19,0.0,0.0,93.0,86.0,119.8,121.0,139.0,139.0,20.3,20.5,23,1.6,2
1.0,0.25,0.5,South Carolina,80.4,65,86,86.0,9.8,10.0,11,0.0,0.0,89.5,86.0,122.2,121.0,139.0,139.0,14.5,14.5,18,1.9,3
1.0,0.01,2.0,Kentucky,80.4,56,115,72.0,37.0,37.0,41,0.1,1.0,99.6,94.0,117.5,119.0,126.1,117.0,20.2,20.0,28,9.1,12
0.5,0.1,1.0,Maryland,80.6,69,89,82.0,11.3,11.0,13,0.4,1.0,95.7,95.0,102.5,106.5,94.7,99.0,9.2,9.0,12,0.9,2
1.0,0.05,0.5,Mississippi,81.0,81,81,81.0,3.7,4.0,5,0.0,0.0,215.4,276.0,313.44444444444446,340.0,,,0.0,0.0,0,0.0,0
0.5,0.05,1.0,Mississippi,81.0,81,81,81.0,3.0,3.0,4,0.0,0.0,229.9,276.0,334.25,332.0,346.0,346.0,1.0,1.0,1,0.0,0
2.0,0.05,2.0,Mississippi,81.0,81,81,81.0,12.3,12.5,14,0.0,0.0,210.9,214.0,276.9,281.5,220.16666666666666,267.0,1.1666666666666667,1.0,2,0.0,0
1.0,0.1,1.0,South Carolina,81.1,65,86,86.0,15.8,16.0,17,0.0,0.0,103.9,86.0,140.8,156.0,132.2,139.0,17.5,18.5,23,1.4,2
0.5,0.25,2.0,South Carolina,81.1,65,86,86.0,14.1,14.0,16,0.0,0.0,93.0,86.0,125.1,121.0,139.0,139.0,17.5,18.0,24,1.6,3
2.0,0.1,1.0,Maryland,81.4,69,89,82.0,12.8,13.0,14,0.4,1.0,97.5,96.5,108.6,111.5,97.2,99.0,10.4,10.5,13,0.9,2
2.0,0.25,1.0,Montana,81.4,77,88,77.0,12.3,12.0,14,0.0,0.0,92.4,88.0,115.0,99.0,140.0,140.0,4.6,4.0,8,2.9,3
2.0,0.01,1.0,Kentucky,81.4,56,94,83.0,38.8,38.5,43,0.0,0.0,107.6,103.5,120.3,117.0,120.5,117.0,20.7,19.5,31,8.5,11
0.5,0.25,0.5,Tennessee,81.5,78,83,83.0,19.0,19.0,22,0.0,0.0,84.7,85.0,89.2,88.0,86.5,88.0,7.1,7.0,11,9.8,12
1.0,0.25,0.5,Tennessee,81.5,78,83,83.0,34.5,34.5,38,0.0,0.0,84.4,85.0,86.4,86.0,81.4,88.0,15.1,15.0,19,13.5,15
1.0,0.01,1.0,Idaho,81.6,79,92,79.0,11.7,11.0,15,0.1,1.0,90.5,92.0,94.5,95.0,61.9,58.0,39.4,39.5,49,13.1,16
1.0,0.05,0.5,Florida,81.6,59,97,89.0,15.8,16.0,20,0.5,2.0,91.9,94.5,98.2,97.0,81.6,98.0,18.7,18.5,22,19.6,25
0.5,0.01,0.5,Missouri,81.7,57,106,93.0,22.8,22.5,27,0.0,0.0,103.5,105.0,110.7,109.5,175.375,155.5,2.0,2.0,4,1.0,3
1.0,0.25,1.0,Tennessee,81.7,78,85,83.0,41.5,40.5,48,0.0,0.0,84.6,85.0,91.1,88.0,81.4,88.0,20.5,19.5,29,13.5,18
1.0,0.25,2.0,Tennessee,81.7,78,85,83.0,42.5,42.5,44,0.0,0.0,84.7,85.0,90.3,86.0,80.5,88.0,25.3,25.0,30,13.6,17
1.0,0.01,1.0,Arizona,81.8,54,93,80.5,8.1,7.5,11,2.1,4.0,101.6,96.5,117.1,111.0,28.0,28.0,10.5,10.5,14,2.9,5
2.0,0.01,2.0,Idaho,81.9,53,101,83.5,10.8,11.0,16,1.1,5.0,91.3,92.0,109.4,98.0,49.1,28.0,38.6,37.5,52,14.6,21
0.5,0.1,0.5,Maryland,82.0,69,90,84.5,10.2,10.0,12,0.4,1.0,94.4,95.0,105.1,105.0,94.7,99.0,8.0,8.0,10,0.9,3
0.5,0.1,1.0,Georgia,82.1,73,106,74.0,28.9,28.0,35,0.5,1.0,97.7,102.0,109.1,106.0,101.5,96.5,7.0,7.5,9,2.4,5
2.0,0.01,0.5,Kentucky,82.1,56,123,72.0,38.9,38.5,42,0.0,0.0,102.2,94.0,121.4,122.5,94.3,113.0,17.3,18.5,21,7.7,11
2.0,0.05,1.0,Ohio,82.1,68,88,85.5,59.3,59.0,62,0.0,0.0,85.5,88.0,87.5,89.0,44.2,28.0,24.4,24.5,28,14.5,17
1.0,0.01,1.0,Missouri,82.2,57,93,93.0,44.3,44.5,48,0.0,0.0,99.3,100.0,104.6,104.0,81.5,103.0,5.5,6.0,9,3.9,6
2.0,0.01,0.5,California,82.2,57,96,83.0,4.3,4.5,6,3.2,26.0,95.1,93.5,111.77777777777777,105.0,28.0,28.0,45.8,45.5,52,30.2,33
1.0,0.05,2.0,Ohio,82.3,68,88,85.5,59.3,59.0,63,0.0,0.0,86.9,88.0,89.1,89.0,64.8,59.0,21.7,21.5,25,14.1,18
2.0,0.05,2.0,Ohio,82.3,68,89,87.0,58.8,60.0,62,0.0,0.0,88.3,88.0,90.1,89.0,74.1,90.0,23.3,24.0,30,14.4,20
0.5,0.25,2.0,Tennessee,82.4,78,85,83.0,39.8,39.0,45,0.0,0.0,86.7,85.0,92.9,86.0,84.7,88.0,18.7,19.0,23,15.2,17
0.5,0.25,0.5,Montana,82.5,77,88,82.5,3.2,3.0,5,0.0,0.0,109.5,93.5,185.42857142857142,209.0,185.77777777777777,140.0,1.7777777777777777,1.0,4,1.1,3
1.0,0.25,2.0,Montana,82.5,77,88,82.5,12.3,12.0,14,0.0,0.0,93.5,93.5,119.0,119.0,140.0,140.0,4.2,4.0,5,3.7,5
1.0,0.01,2.0,California,82.6,64,100,81.5,3.8,3.0,7,14.0,27.0,128.1,105.0,205.11111111111111,140.0,28.0,28.0,45.9,44.5,52,31.2,33
2.0,0.25,0.5,Tennessee,82.7,78,85,83.0,43.6,44.0,46,0.0,0.0,85.5,85.0,90.5,88.0,92.2,90.0,20.6,21.0,22,13.9,16
2.0,0.25,1.0,Tennessee,82.7,78,85,83.0,42.9,42.5,47,0.0,0.0,86.6,85.0,90.2,88.0,85.8,89.0,23.7,23.0,29,14.3,17
0.5,0.25,1.0,Tennessee,82.7,78,85,83.0,31.0,31.0,33,0.0,0.0,86.5,85.0,93.1,87.0,88.3,89.0,14.5,14.0,20,17.2,19
2.0,0.25,2.0,Tennessee,82.9,78,85,83.0,44.1,43.0,48,0.0,0.0,86.2,85.0,93.2,87.0,87.9,88.0,27.1,27.5,32,13.7,17
1.0,0.01,1.0,Kentucky,83.0,72,94,83.0,36.3,35.5,40,0.0,0.0,116.0,115.0,127.2,123.0,139.8,149.5,16.1,16.0,22,9.3,12
0.5,0.01,0.5,California,83.0,64,103,81.5,3.6,4.0,5,11.7,24.0,107.6,105.0,107.25,105.0,28.0,28.0,37.1,37.0,50,26.7,29
0.5,0.25,1.0,South Carolina,83.2,65,86,86.0,9.2,9.0,11,0.0,0.0,93.0,86.0,143.8,158.0,139.0,139.0,15.3,16.0,19,0.0,0
2.0,0.1,2.0,South Carolina,83.2,65,86,86.0,19.2,19.0,20,0.0,0.0,107.8,86.0,160.4,158.0,139.0,139.0,20.2,20.5,24,2.4,3
2.0,0.01,2.0,Kentucky,83.3,56,123,72.0,41.0,41.0,45,0.1,1.0,106.2,106.5,120.0,119.0,99.5,115.0,19.1,18.0,26,7.5,11
1.0,0.05,0.5,Ohio,83.3,68,88,87.0,51.2,51.0,55,0.0,0.0,87.7,88.0,89.9,89.0,51.1,28.0,19.9,19.0,25,11.4,15
0.5,0.01,0.5,Idaho,83.5,53,94,87.0,8.3,8.0,13,2.4,10.0,97.8,98.0,102.0,100.0,83.6,97.0,23.0,22.5,35,10.1,15
0.5,0.25,2.0,Montana,83.6,77,88,88.0,9.4,9.0,11,0.0,0.0,94.6,99.0,123.0,139.0,140.0,140.0,5.0,4.0,9,2.9,3
2.0,0.25,2.0,Montana,83.6,77,88,88.0,12.3,12.0,15,0.0,0.0,94.6,99.0,123.0,139.0,106.4,140.0,4.4,4.0,6,3.6,5
0.5,0.1,1.0,Tennessee,83.6,83,85,83.0,26.5,27.0,30,0.0,0.0,104.2,109.0,117.0,124.0,102.8,90.0,10.6,10.0,16,17.5,22
1.0,0.25,1.0,Connecticut,83.7,80,104,80.0,5.6,5.5,7,0.2,1.0,99.9,86.0,116.1,118.0,129.3,111.0,2.3,2.0,4,1.4,2
1.0,0.01,1.0,California,83.7,78,96,81.5,3.9,4.0,6,14.0,27.0,118.1,108.0,210.11111111111111,140.0,28.0,28.0,49.9,50.0,56,30.8,33
0.5,0.01,1.0,California,83.8,64,102,78.0,3.4,3.0,5,11.8,27.0,111.9,105.0,147.33333333333334,140.0,34.4,28.0,44.4,43.0,55,30.4,32
0.5,0.1,2.0,Georgia,83.9,73,106,80.0,43.2,44.0,45,0.1,1.0,90.1,86.0,102.7,104.0,114.2,117.5,8.1,8.0,10,2.1,4
2.0,0.25,2.0,South Carolina,83.9,65,86,86.0,19.5,19.5,20,0.0,0.0,93.4,86.0,127.2,121.0,139.0,139.0,22.2,22.0,24,2.5,4
0.5,0.01,0.5,Kentucky,84.1,72,94,88.5,14.3,13.5,19,0.1,1.0,111.8,114.0,122.7,117.0,148.6,138.0,5.9,5.5,10,2.0,5
0.5,0.05,2.0,Arkansas,84.2,58,127,59.0,13.1,13.0,15,0.4,1.0,117.8,121.0,134.1,127.0,171.6,205.0,7.6,7.5,10,2.0,3
2.0,0.1,1.0,Georgia,84.2,73,96,86.0,51.3,52.0,54,0.3,1.0,95.5,96.0,103.4,100.0,107.5,109.0,9.2,9.0,12,3.3,5
0.5,0.05,2.0,Mississippi,84.4,81,115,81.0,6.5,7.0,9,0.0,0.0,200.2,213.0,293.6,276.0,173.66666666666666,28.0,1.0,1.0,1,0.0,0
0.5,0.01,2.0,Indiana,84.5,48,98,89.5,42.0,42.0,47,0.0,0.0,99.1,97.5,108.3,112.5,117.6,125.0,11.3,11.0,16,9.5,14
0.5,0.1,1.0,Virginia,84.6,57,97,86.0,22.4,22.0,25,0.2,1.0,101.0,97.0,106.0,107.0,127.9,117.5,5.1,5.0,8,6.5,8
1.0,0.01,0.5,California,84.6,64,103,85.5,4.1,4.5,6,7.2,23.0,101.0,102.5,126.22222222222223,140.0,34.4,28.0,44.5,44.0,49,29.3,32
0.5,0.25,1.0,Montana,84.7,77,88,88.0,5.0,5.0,7,0.0,0.0,95.7,99.0,127.0,139.0,140.0,140.0,2.9,3.0,4,1.9,3
1.0,0.1,0.5,Montana,84.7,77,88,88.0,5.1,5.0,7,0.0,0.0,95.7,99.0,127.0,139.0,140.0,140.0,2.7,2.5,4,2.0,3
1.0,0.1,0.5,South Carolina,84.9,65,131,86.0,9.6,9.5,11,0.0,0.0,110.7,86.0,143.0,156.0,143.4,139.0,14.5,16.0,20,1.5,3
2.0,0.01,0.5,Idaho,84.9,75,98,82.0,10.1,10.0,14,2.4,10.0,96.3,98.0,104.4,101.5,65.2,58.0,37.8,38.0,46,14.3,17
0.5,0.01,1.0,Nevada,85.0,64,124,64.0,4.7,5.0,5,0.0,0.0,144.9,124.0,199.4,168.5,110.0,110.0,1.0,1.0,1,0.0,0
0.5,0.01,1.0,Kentucky,85.1,72,115,83.0,28.0,28.0,31,0.0,0.0,108.8,110.0,121.0,119.0,95.7,113.0,12.7,13.0,20,4.6,7
1.0,0.25,2.0,New Hampshire,85.2,77,140,77.0,5.6,6.0,6,0.0,0.0,171.2,190.0,194.0,195.0,102.0,102.0,1.0,1.0,1,0.0,0
0.5,0.1,0.5,South Carolina,85.5,79,88,86.0,6.8,7.0,8,0.0,0.0,143.4,156.0,154.9,160.0,139.0,139.0,13.7,13.5,17,0.1,1
2.0,0.25,0.5,Connecticut,85.5,80,129,80.0,5.9,6.0,7,0.0,0.0,96.0,86.0,114.3,111.0,144.6,111.0,2.4,2.0,4,1.1,2
2.0,0.01,2.0,California,85.5,64,105,82.0,4.4,4.5,6,11.7,25.0,116.9,114.0,217.0,140.0,28.0,28.0,46.6,46.0,56,31.1,34
2.0,0.05,1.0,New Jersey,85.6,54,134,73.0,9.5,9.5,10,0.0,0.0,132.3,134.0,143.9,142.0,199.33333333333334,261.0,0.6,1.0,1,0.3,1
2.0,0.1,0.5,Montana,85.8,77,88,88.0,9.6,10.0,11,0.0,0.0,96.8,99.0,131.0,139.0,140.0,140.0,2.9,3.0,5,2.8,4
1.0,0.01,0.5,Kentucky,86.1,56,115,94.0,31.9,32.0,37,0.0,0.0,106.4,112.5,123.4,123.0,87.4,93.5,15.0,14.5,20,7.0,9
1.0,0.01,0.5,Indiana,86.1,72,99,85.0,36.9,38.0,41,0.2,2.0,99.7,98.0,108.9,112.0,146.3,149.5,7.7,7.5,13,9.4,17
1.0,0.01,0.5,Idaho,86.1,75,102,79.5,11.1,10.5,14,1.3,5.0,95.9,94.5,102.8,100.0,70.4,92.5,28.2,27.0,39,13.1,16
1.0,0.1,2.0,South Carolina,86.2,86,88,86.0,18.8,19.0,19,0.0,0.0,121.0,121.0,151.6,157.0,139.0,139.0,21.2,21.5,25,1.2,2
2.0,0.1,1.0,Tennessee,86.2,83,98,83.0,40.7,41.5,45,0.0,0.0,100.5,92.0,114.0,120.0,109.2,93.0,27.2,26.0,33,14.1,21
0.5,0.05,0.5,Maryland,86.6,77,90,88.0,9.2,9.5,11,0.3,1.0,106.2,111.0,113.6,117.0,97.2,99.0,6.2,6.0,9,1.0,3
0.5,0.01,1.0,Idaho,86.6,79,101,85.5,9.6,9.0,13,0.4,3.0,91.4,93.0,97.7,98.0,89.2,94.5,23.5,23.5,28,13.4,17
1.0,0.25,1.0,North Carolina,86.8,84,112,84.0,29.7,29.5,33,0.0,0.0,117.7,113.0,126.5,131.0,93.2,86.0,3.0,3.0,5,5.3,7
1.0,0.1,1.0,Virginia,86.8,57,97,97.0,30.9,31.0,33,0.0,0.0,99.6,101.0,107.1,110.0,121.0,114.0,7.0,7.0,9,5.4,8
1.0,0.05,1.0,Maryland,86.9,69,110,87.0,10.9,11.0,12,0.2,1.0,104.1,112.5,113.8,117.0,95.1,99.0,8.4,8.0,15,1.2,3
1.0,0.05,1.0,Montana,86.9,77,88,88.0,8.6,9.0,10,0.0,0.0,97.9,99.0,135.0,139.0,140.0,140.0,2.7,2.5,5,1.8,2
0.5,0.1,0.5,Montana,86.9,77,88,88.0,2.8,3.0,4,0.0,0.0,109.9,99.0,149.71428571428572,139.0,150.3,140.0,1.9,1.5,3,1.9,3
0.5,0.1,1.0,Montana,86.9,77,88,88.0,4.3,4.0,5,0.0,0.0,97.9,99.0,135.0,139.0,140.0,140.0,2.2,2.0,3,2.0,3
1.0,0.1,1.0,Montana,86.9,77,88,88.0,8.8,9.0,10,0.0,0.0,97.9,99.0,135.0,139.0,140.0,140.0,2.5,2.0,4,2.3,3
1.0,0.1,2.0,Montana,86.9,77,88,88.0,10.8,11.0,13,0.0,0.0,97.9,99.0,135.0,139.0,140.0,140.0,3.8,4.0,5,3.3,4
0.5,0.25,1.0,North Carolina,86.9,84,113,84.0,23.1,23.0,25,0.0,0.0,117.2,113.0,126.0,131.0,93.2,86.0,3.2,3.0,5,3.6,6
0.5,0.1,2.0,Tennessee,87.1,83,120,83.0,35.0,35.0,37,0.0,0.0,102.6,103.5,124.1,120.0,95.9,90.0,16.3,17.0,21,15.7,17
ALL,ALL,ALL,Massachusetts,87.175,67,391,67.0,7.3,8.0,9,0.0,0.0,111.61666666666666,102.0,124.22562674094708,107.0,156.72485207100593,90.0,2.677325581395349,3.0,6,0.21944444444444444,2
0.5,0.01,1.0,Missouri,87.2,57,100,93.0,28.4,28.5,32,0.0,0.0,105.1,104.0,109.1,106.5,96.875,110.0,2.7,2.5,6,1.7,4
2.0,0.05,0.5,Maryland,87.3,77,115,82.0,11.5,12.0,14,0.2,1.0,103.3,105.0,116.5,117.0,78.5,92.0,9.3,9.0,12,1.3,3
0.5,0.1,2.0,South Carolina,87.4,65,121,86.0,14.7,15.0,16,0.0,0.0,129.0,138.5,156.8,160.0,143.4,139.0,16.7,16.5,20,1.0,2
0.5,0.01,2.0,Idaho,87.4,79,101,89.5,11.3,11.0,14,0.9,5.0,95.7,94.0,100.0,97.0,46.9,28.0,37.6,38.0,44,13.4,16
2.0,0.1,0.5,Tennessee,87.4,78,120,83.0,40.0,41.0,43,0.0,0.0,93.4,85.0,106.4,98.0,99.9,90.0,20.7,20.0,28,15.0,20
0.5,0.01,0.5,Utah,87.5,31,125,105.0,7.5,8.0,10,0.0,0.0,117.7,125.0,128.3,129.0,97.9,111.0,6.6,7.0,9,0.5,1
2.0,0.1,0.5,Virginia,87.5,57,97,86.0,33.6,33.0,36,0.0,0.0,96.0,97.0,102.7,104.0,123.5,119.0,8.3,9.0,10,5.2,6
2.0,0.1,2.0,Tennessee,87.6,83,109,83.0,40.9,40.5,44,0.0,0.0,104.8,109.0,114.8,122.0,114.9,93.0,25.2,25.5,28,15.2,20
0.5,0.05,0.5,Montana,88.0,88,88,88.0,2.8,3.0,3,0.0,0.0,111.0,99.0,148.375,139.0,128.8,140.0,1.5,1.0,3,1.2,3
0.5,0.05,1.0,Montana,88.0,88,88,88.0,4.5,4.0,6,0.0,0.0,99.0,99.0,139.0,139.0,140.0,140.0,1.9,2.0,4,2.0,3
0.5,0.05,2.0,Montana,88.0,88,88,88.0,7.2,7.0,10,0.0,0.0,99.0,99.0,139.0,139.0,140.0,140.0,2.9,3.0,5,2.2,3
1.0,0.05,0.5,Montana,88.0,88,88,88.0,4.5,4.0,7,0.0,0.0,99.0,99.0,139.0,139.0,140.0,140.0,2.7,2.5,5,2.3,3
0.5,0.1,2.0,Montana,88.0,88,88,88.0,8.9,9.0,11,0.0,0.0,99.0,99.0,139.0,139.0,140.0,140.0,3.4,3.0,5,2.4,3
2.0,0.05,1.0,Montana,88.0,88,88,88.0,10.0,10.0,11,0.0,0.0,99.0,99.0,139.0,139.0,140.0,140.0,3.4,3.0,5,2.9,3
2.0,0.05,2.0,Montana,88.0,88,88,88.0,11.0,11.0,13,0.0,0.0,99.0,99.0,139.0,139.0,140.0,140.0,2.8,3.0,4,2.9,4
2.0,0.1,1.0,Montana,88.0,88,88,88.0,10.9,11.0,13,0.0,0.0,99.0,99.0,139.0,139.0,140.0,140.0,3.2,3.0,6,3.2,4
2.0,0.05,0.5,Montana,88.0,88,88,88.0,9.0,9.0,10,0.0,0.0,99.0,99.0,139.0,139.0,140.0,140.0,3.2,3.0,5,3.3,4
1.0,0.05,2.0,Montana,88.0,88,88,88.0,10.5,10.0,13,0.0,0.0,99.0,99.0,139.0,139.0,140.0,140.0,2.9,3.0,5,3.4,4
2.0,0.1,2.0,Montana,88.0,88,88,88.0,10.5,10.0,14,0.0,0.0,99.0,99.0,139.0,139.0,128.8,140.0,3.3,3.0,4,3.8,4
1.0,0.1,1.0,Tennessee,88.0,83,124,84.0,38.8,38.5,41,0.0,0.0,109.3,103.5,121.9,120.0,88.7,93.0,17.6,16.5,24,13.1,16
2.0,0.01,1.0,California,88.2,67,96,91.5,4.5,5.0,6,9.7,27.0,106.2,99.5,157.6,140.0,28.0,28.0,46.8,47.0,57,30.3,32
2.0,0.01,1.0,Idaho,88.4,79,101,89.5,10.6,10.0,14,0.1,1.0,93.7,94.0,99.4,100.0,68.7,85.0,37.1,37.0,42,15.1,17
1.0,0.1,2.0,Virginia,88.6,57,97,91.5,36.9,36.5,40,0.1,1.0,99.6,97.5,104.8,104.0,126.9,117.5,7.5,7.5,11,6.2,8
ALL,ALL,ALL,Arkansas,88.66852367688023,58,317,58.0,10.866295264623956,12.0,18,0.1440677966101695,1.0,114.79943502824858,58.0,136.75581395348837,121.0,120.12912912912913,66.0,8.278106508875739,8.0,17,1.8774373259052926,5
2.0,0.05,0.5,Mississippi,88.7,63,212,81.0,9.3,9.5,11,0.0,0.0,166.5,152.5,234.3,276.0,246.42857142857142,267.0,1.4285714285714286,1.0,2,0.0,0
1.0,0.25,2.0,Connecticut,88.7,80,129,80.0,5.7,5.5,7,0.2,1.0,102.8,95.0,121.5,118.0,131.1,120.0,2.2,2.0,3,1.3,2
0.5,0.05,0.5,Georgia,88.8,73,106,89.5,14.4,14.0,21,0.1,1.0,110.2,106.0,124.6,127.0,125.4,133.5,5.9,6.0,9,1.0,2
2.0,0.1,0.5,South Carolina,89.0,79,121,86.0,17.4,17.5,18,0.0,0.0,136.4,143.5,154.2,158.0,139.0,139.0,18.7,18.5,22,1.5,2
1.0,0.1,0.5,Tennessee,89.0,83,120,83.0,32.0,32.0,35,0.0,0.0,99.8,98.0,123.9,114.5,116.1,96.0,12.9,12.5,20,15.7,18
0.5,0.05,0.5,Arkansas,89.2,58,127,87.0,3.8,3.5,6,0.3,1.0,138.3,127.0,131.125,133.5,147.8,205.0,2.0,3.0,3,0.8,2
2.0,0.1,1.0,Virginia,89.7,57,97,97.0,36.4,36.5,38,0.1,1.0,99.6,101.5,106.9,110.0,134.4,122.5,8.9,9.0,10,6.6,10
1.0,0.1,0.5,Virginia,89.9,57,110,91.5,24.9,25.0,27,0.1,1.0,101.9,100.5,105.6,104.0,106.9,114.0,6.2,6.5,8,4.7,7
2.0,0.05,0.5,Georgia,90.1,73,124,89.5,42.8,43.0,46,0.2,1.0,100.4,104.0,115.0,115.0,118.2,113.0,9.3,9.0,14,3.9,6
0.5,0.01,1.0,Indiana,90.4,72,99,97.5,34.3,35.0,37,0.0,0.0,101.4,107.0,109.0,114.0,141.2,161.0,8.2,7.5,12,8.3,12
2.0,0.1,1.0,South Carolina,90.5,86,131,86.0,18.6,18.5,20,0.0,0.0,121.4,121.0,156.0,159.0,135.0,139.0,20.2,20.5,23,1.1,2
1.0,0.05,1.0,New Jersey,90.6,73,140,73.0,8.0,8.0,9,0.0,0.0,128.6,134.0,143.2,142.0,,,0.0,0.0,0,0.4,1
0.5,0.1,0.5,Virginia,90.8,57,97,97.0,17.2,17.0,21,0.1,1.0,103.0,104.0,106.6,107.0,117.4,114.0,3.6,3.5,5,3.4,5
1.0,0.1,2.0,Tennessee,90.8,83,120,83.0,40.7,41.0,45,0.0,0.0,97.8,86.0,116.8,114.5,101.1,90.0,25.2,25.0,29,13.5,15
2.0,0.05,1.0,Maryland,90.9,69,110,88.0,11.3,11.0,13,0.3,1.0,105.3,105.0,113.9,117.0,105.2,99.0,8.3,8.0,11,1.1,2
1.0,0.05,2.0,Alabama,91.0,91,91,91.0,15.1,15.0,17,0.0,0.0,103.5,102.0,117.5,123.0,103.0,103.0,1.0,1.0,1,0.0,0
1.0,0.05,0.5,Alabama,91.0,91,91,91.0,9.8,9.5,12,0.0,0.0,103.5,102.0,119.7,123.0,116.25,103.0,1.125,1.0,2,0.0,0
1.0,0.25,2.0,Alabama,91.0,91,91,91.0,17.8,18.0,19,0.0,0.0,99.9,99.0,104.1,102.0,255.25,306.0,1.125,1.0,2,0.0,0
0.5,0.25,2.0,Alabama,91.0,91,91,91.0,13.6,14.0,14,0.0,0.0,99.3,99.0,102.7,102.0,103.0,103.0,1.0,1.0,1,0.0,0
1.0,0.25,1.0,Alabama,91.0,91,91,91.0,14.2,14.0,15,0.0,0.0,99.0,99.0,102.0,102.0,219.0,306.0,1.1428571428571428,1.0,2,0.0,0
2.0,0.05,0.5,Alabama,91.0,91,91,91.0,13.4,13.5,16,0.0,0.0,105.7,102.0,120.8,123.0,103.0,103.0,1.3333333333333333,1.0,2,0.0,0
1.0,0.1,0.5,Alabama,91.0,91,91,91.0,11.6,12.0,13,0.0,0.0,100.2,99.0,106.2,102.0,103.0,103.0,1.0,1.0,1,0.0,0
0.5,0.1,1.0,Alabama,91.0,91,91,91.0,10.6,11.0,12,0.0,0.0,103.2,102.0,112.7,109.0,103.0,103.0,1.0,1.0,1,0.0,0
1.0,0.1,2.0,Alabama,91.0,91,91,91.0,16.4,16.5,18,0.0,0.0,100.8,102.0,107.6,109.0,190.0,103.0,1.1428571428571428,1.0,2,0.0,0
2.0,0.1,2.0,Alabama,91.0,91,91,91.0,17.1,17.0,18,0.0,0.0,101.1,102.0,112.5,109.0,163.9,103.0,1.2,1.0,2,0.0,0
2.0,0.1,0.5,Alabama,91.0,91,91,91.0,15.3,15.5,17,0.0,0.0,99.6,99.0,104.8,102.0,128.375,103.0,1.125,1.0,2,0.0,0
0.5,0.1,2.0,Alabama,91.0,91,91,91.0,11.8,12.0,13,0.0,0.0,101.1,102.0,113.9,116.0,103.0,103.0,1.0,1.0,1,0.0,0
1.0,0.1,1.0,Alabama,91.0,91,91,91.0,12.4,12.0,14,0.0,0.0,101.8,102.0,113.9,116.0,103.0,103.0,1.4,1.0,2,0.0,0
0.5,0.25,1.0,Alabama,91.0,91,91,91.0,11.9,12.0,12,0.0,0.0,99.3,99.0,102.7,102.0,103.0,103.0,0.5,0.5,1,0.1,1
0.5,0.05,1.0,Alabama,91.0,91,91,91.0,9.4,9.0,12,0.0,0.0,103.8,102.0,116.8,123.0,103.0,103.0,1.0,1.0,1,0.1,1
2.0,0.25,1.0,Alabama,91.0,91,91,91.0,18.4,18.5,20,0.0,0.0,99.3,99.0,102.7,102.0,248.0,306.0,1.2857142857142858,1.0,2,0.1,1
2.0,0.05,1.0,Alabama,91.0,91,91,91.0,15.9,16.0,17,0.0,0.0,101.1,102.0,115.3,123.0,103.0,103.0,1.2,1.0,2,0.1,1
2.0,0.25,2.0,Alabama,91.0,91,91,91.0,18.0,18.5,19,0.0,0.0,99.3,99.0,104.1,102.0,265.4,306.0,1.2,1.0,2,0.1,1
2.0,0.25,0.5,Alabama,91.0,91,91,91.0,15.6,15.0,17,0.0,0.0,99.3,99.0,102.7,102.0,255.25,306.0,1.25,1.0,2,0.1,1
2.0,0.1,1.0,Alabama,91.0,91,91,91.0,16.7,17.0,18,0.0,0.0,100.8,102.0,111.8,109.0,103.0,103.0,1.1111111111111112,1.0,2,0.1,1
1.0,0.25,0.5,Alabama,91.0,91,91,91.0,11.9,12.0,13,0.0,0.0,99.3,99.0,102.7,102.0,,,0.0,0.0,0,0.2,1
0.5,0.1,0.5,Alabama,91.0,91,91,91.0,6.6,6.5,8,0.0,0.0,101.7,102.0,115.7,116.0,103.0,103.0,0.8333333333333334,1.0,1,0.2,1
0.5,0.25,0.5,Alabama,91.0,91,91,91.0,7.3,7.0,8,0.0,0.0,99.3,99.0,102.7,102.0,,,0.0,0.0,0,0.4,1
1.0,0.05,0.5,Georgia,91.0,58,127,94.5,30.9,31.5,35,0.2,2.0,108.9,106.0,121.2,127.0,122.6,117.0,8.2,8.5,11,1.9,4
0.5,0.25,2.0,Connecticut,91.1,80,129,80.0,5.7,6.0,7,0.0,0.0,97.8,86.0,117.4,116.5,139.4,102.0,3.2,4.0,5,1.3,2
2.0,0.25,2.0,Connecticut,91.2,80,118,83.0,5.9,6.0,7,0.1,1.0,108.5,111.0,127.7,129.0,146.33333333333334,120.0,2.7777777777777777,2.0,5,1.1,2
2.0,0.25,1.0,New Hampshire,91.5,77,140,77.0,5.5,5.5,6,0.0,0.0,180.6,190.0,194.5,195.0,102.0,102.0,0.5,0.5,1,0.1,1
1.0,0.05,2.0,New Jersey,91.8,73,140,73.0,9.3,9.5,10,0.0,0.0,134.1,134.0,145.4,143.0,496.0,496.0,0.25,0.0,1,0.3,1
0.5,0.1,2.0,Virginia,91.9,57,97,97.0,29.4,29.0,32,0.1,1.0,102.8,104.0,107.4,110.0,121.2,117.5,6.3,6.5,7,5.9,8
2.0,0.01,0.5,Indiana,92.0,66,98,97.0,44.5,44.0,51,0.1,1.0,100.7,99.0,107.3,108.0,152.1,150.5,13.5,13.5,20,11.0,17
1.0,0.05,1.0,Alabama,92.1,91,102,91.0,12.3,12.0,14,0.0,0.0,106.3,102.0,122.9,123.0,103.0,103.0,1.375,1.0,2,0.0,0
0.5,0.05,0.5,Alabama,92.1,91,102,91.0,5.6,6.0,8,0.0,0.0,106.4,102.0,120.1,123.5,103.0,103.0,1.0,1.0,1,0.0,0
1.0,0.05,2.0,Maryland,92.2,77,117,88.0,11.6,12.0,13,0.3,1.0,109.6,114.0,115.2,115.0,116.4,105.0,8.2,8.0,11,1.1,2
0.5,0.05,1.0,Tennessee,92.2,83,124,85.0,25.2,25.0,28,0.0,0.0,122.7,122.0,166.5,182.5,110.7,103.5,9.6,9.5,14,15.9,21
0.5,0.1,1.0,South Carolina,92.3,79,156,86.0,8.1,8.0,9,0.0,0.0,134.3,158.0,162.9,160.0,143.4,139.0,13.8,14.0,17,0.1,1
2.0,0.25,1.0,North Carolina,92.4,84,112,84.0,30.3,30.0,32,0.0,0.0,118.0,113.0,127.8,131.0,102.4,86.0,4.4,4.0,6,5.6,7
0.5,0.01,0.5,Indiana,92.4,79,98,94.0,28.8,29.0,32,0.0,0.0,98.8,98.0,107.4,109.5,151.0,149.5,5.5,5.0,10,5.8,8
0.5,0.01,2.0,Washington,92.5,89,102,90.0,8.8,9.0,10,0.9,3.0,110.3,100.5,128.0,126.5,83.4,102.0,12.6,12.0,18,12.7,17
1.0,0.25,2.0,North Carolina,92.6,84,113,84.0,30.8,31.0,34,0.0,0.0,114.6,113.0,123.6,127.0,112.6,86.0,4.5,4.0,6,4.4,7
0.5,0.25,2.0,North Carolina,92.6,84,113,84.0,29.6,29.5,32,0.0,0.0,115.0,113.0,126.7,131.0,130.3,86.0,3.2,3.0,4,4.6,6
0.5,0.05,1.0,New Jersey,93.2,73,140,84.0,7.6,8.0,8,0.0,0.0,133.1,134.0,144.8,144.0,,,0.0,0.0,0,0.1,1
ALL,ALL,ALL,Virginia,93.34722222222223,57,161,97.0,26.758333333333333,27.0,43,0.058333333333333334,2.0,106.10555555555555,104.0,118.69722222222222,110.0,134.35474860335196,114.0,6.198324022346369,6.0,14,4.936111111111111,12
1.0,0.01,2.0,Indiana,93.5,72,99,97.0,45.7,45.5,49,0.0,0.0,102.3,100.5,108.6,110.5,160.1,145.0,13.5,13.5,19,11.7,15
2.0,0.1,2.0,Virginia,93.7,86,97,97.0,38.3,38.0,40,0.0,0.0,101.4,101.5,105.9,104.0,136.2,117.5,8.8,9.0,14,6.0,8
0.5,0.25,1.0,Connecticut,93.8,80,118,80.0,5.5,5.5,7,0.0,0.0,102.1,86.0,121.5,118.0,139.88888888888889,102.0,2.4444444444444446,2.0,4,1.2,2
0.5,0.25,0.5,Connecticut,93.8,80,129,80.0,4.5,4.0,6,0.2,1.0,110.7,123.5,128.6,132.5,101.0,98.0,1.6666666666666667,2.0,3,1.4,2
2.0,0.01,2.0,Indiana,93.8,79,99,97.5,45.1,44.5,51,0.0,0.0,99.5,98.5,108.5,109.0,137.1,144.5,17.5,18.0,22,12.4,14
2.0,0.01,2.0,Utah,93.9,31,162,105.0,9.5,9.0,13,0.3,2.0,125.4,127.0,133.9,129.0,44.1,28.0,12.7,12.5,17,2.2,5
2.0,0.05,1.0,Arkansas,94.1,58,121,115.0,14.9,15.0,16,0.2,1.0,119.2,121.0,144.1,127.0,139.9,184.0,10.0,9.5,15,1.5,3
0.5,0.05,2.0,Alabama,94.2,91,123,91.0,10.3,11.0,12,0.0,0.0,106.1,102.0,116.0,116.0,118.14285714285714,103.0,1.0,1.0,1,0.1,1
0.5,0.01,0.5,North Dakota,94.3,72,134,87.0,4.3,4.5,6,0.0,0.0,122.5,131.5,143.66666666666666,140.0,150.5,133.0,1.4,1.0,3,0.2,1
0.5,0.05,2.0,Maryland,94.5,77,115,88.0,10.6,10.0,13,0.3,1.0,111.9,117.0,119.5,119.0,76.5,99.0,8.4,9.5,13,1.1,3
0.5,0.05,0.5,Tennessee,94.5,83,124,86.5,15.4,15.5,21,0.0,0.0,127.9,124.0,166.7,182.0,103.22222222222223,127.0,3.7,3.0,6,9.7,15
2.0,0.25,1.0,Connecticut,94.7,80,129,80.0,6.0,6.0,7,0.0,0.0,101.1,86.0,119.2,118.0,136.0,102.0,2.7,3.0,4,1.0,2
0.5,0.1,0.5,Tennessee,94.7,83,120,85.0,19.3,19.0,24,0.0,0.0,105.4,109.0,123.0,122.0,140.7,117.0,4.7,5.0,7,10.5,12
2.0,0.01,1.0,Washington,94.7,90,107,90.0,9.9,10.0,14,0.2,1.0,105.4,100.5,120.0,121.5,86.5,102.0,10.9,11.5,15,11.9,16
2.0,0.01,2.0,New York,94.7,61,120,90.0,10.1,10.0,13,3.5,16.0,125.9,120.0,137.2,136.5,28.0,28.0,147.7,146.5,160,38.1,43
2.0,0.01,1.0,Indiana,94.8,76,99,97.0,46.2,46.5,52,0.1,1.0,102.5,100.5,108.1,110.5,154.5,161.0,14.6,14.0,20,12.9,18
2.0,0.05,0.5,Arkansas,94.9,58,121,115.0,14.3,14.0,16,0.2,1.0,117.1,124.0,136.0,140.0,170.2,188.5,9.3,9.5,14,1.8,4
2.0,0.01,1.0,New York,95.0,61,144,96.5,8.3,9.0,11,3.3,17.0,126.4,123.5,146.6,145.0,28.0,28.0,154.1,157.5,173,40.0,43
ALL,ALL,ALL,Montana,95.16666666666667,77,146,88.0,7.561111111111111,8.0,15,0.1,3.0,122.95,99.0,164.62280701754386,139.0,142.3105413105413,140.0,2.845505617977528,3.0,9,2.2055555555555557,5
0.5,0.25,0.5,North Carolina,95.3,84,113,84.0,15.0,15.5,18,0.0,0.0,118.1,113.0,123.0,116.0,114.2,86.0,3.3,3.0,6,1.7,4
1.0,0.25,0.5,North Carolina,95.4,84,113,84.0,26.8,26.0,29,0.0,0.0,116.9,113.0,125.9,129.0,138.2,86.0,2.6,2.0,4,3.8,5
1.0,0.01,0.5,Utah,95.5,33,129,105.0,8.6,8.5,11,0.0,0.0,122.7,127.0,135.9,131.0,80.5,28.0,9.3,8.5,14,1.7,3
2.0,0.25,2.0,North Carolina,95.5,84,113,84.0,31.2,31.0,34,0.0,0.0,118.8,114.5,129.8,131.0,115.6,86.0,5.2,5.0,6,4.7,6
1.0,0.05,1.0,Georgia,95.6,74,127,93.0,40.0,40.0,43,0.2,1.0,104.4,99.0,111.5,106.0,118.2,124.0,9.9,9.5,13,3.2,6
1.0,0.05,1.0,Mississippi,95.7,63,212,81.0,7.6,7.0,10,0.0,0.0,184.4,201.0,264.3,276.0,196.75,246.0,1.5,1.5,2,0.0,0
2.0,0.05,1.0,Georgia,95.7,74,127,93.0,47.6,47.0,53,0.1,1.0,109.1,104.0,115.2,106.0,119.5,113.0,11.1,11.0,14,3.7,6
1.0,0.01,1.0,Indiana,95.7,76,99,98.0,43.4,43.5,47,0.0,0.0,103.2,99.0,110.3,113.0,157.7,143.0,12.0,12.5,16,9.7,15
2.0,0.01,2.0,Washington,95.8,75,126,91.0,10.6,10.0,15,0.5,4.0,110.7,104.5,120.1,119.5,83.3,103.5,11.3,12.0,16,12.0,15
ALL,ALL,ALL,Georgia,96.14444444444445,49,182,86.0,35.28611111111111,38.0,56,0.17222222222222222,2.0,110.27777777777777,102.0,122.74722222222222,106.0,139.0909090909091,117.0,7.529745042492918,8.0,15,3.0444444444444443,9
1.0,0.01,1.0,Washington,96.2,90,102,100.0,9.8,9.0,14,0.9,2.0,110.6,108.5,124.0,126.5,76.5,65.0,11.5,12.0,15,11.0,14
1.0,0.05,2.0,Georgia,96.3,74,106,93.0,45.3,45.0,52,0.2,1.0,113.4,106.0,127.0,127.0,124.6,124.0,11.0,11.0,14,3.4,8
0.5,0.01,0.5,New York,96.3,61,144,99.0,6.7,6.5,9,1.0,5.0,121.2,120.0,144.8,148.0,28.0,28.0,99.6,96.5,124,35.7,41
1.0,0.01,0.5,Washington,96.6,89,117,95.0,9.2,9.5,12,0.6,5.0,109.0,101.5,116.6,107.0,88.1,102.0,11.0,11.0,14,10.4,12
ALL,ALL,ALL,Maryland,96.93888888888888,69,272,87.0,10.85,11.0,14,0.15555555555555556,2.0,112.8,103.0,125.34444444444445,114.5,114.74373259052925,99.0,8.6016713091922,9.0,16,0.8444444444444444,4
0.5,0.05,2.0,New Jersey,97.3,73,134,86.0,8.2,8.0,9,0.0,0.0,134.7,134.0,146.9,144.0,,,0.0,0.0,0,0.3,1
1.0,0.01,1.0,North Dakota,97.3,80,134,87.0,10.5,10.5,12,0.0,0.0,124.2,134.0,155.3,140.0,99.0,76.5,3.8,3.5,7,0.7,2
0.5,0.05,1.0,Maryland,97.3,77,117,95.0,10.2,10.0,11,0.3,1.0,109.3,117.0,118.5,120.0,114.9,114.0,5.8,5.0,10,1.3,2
2.0,0.05,2.0,Alabama,97.4,91,123,91.0,15.9,16.0,17,0.0,0.0,106.4,102.0,127.1,123.0,103.0,103.0,1.2857142857142858,1.0,2,0.0,0
0.5,0.01,0.5,Washington,97.4,68,117,100.0,8.1,8.0,11,0.3,1.0,110.1,104.5,125.1,125.5,39.6,28.0,6.9,7.0,11,9.1,13
1.0,0.05,1.0,South Carolina,97.5,86,131,86.0,15.9,16.0,18,0.0,0.0,135.7,131.0,158.8,160.0,158.0,144.0,15.1,15.0,19,1.0,1
2.0,0.05,0.5,Virginia,97.5,86,110,97.0,31.2,32.0,33,0.0,0.0,107.3,110.0,111.3,112.0,121.8,114.0,6.8,7.0,9,5.4,7
0.5,0.25,0.5,New Hampshire,97.8,77,140,77.0,3.5,3.0,5,0.0,0.0,185.0,190.0,194.5,195.0,102.0,102.0,1.0,1.0,1,0.0,0
1.0,0.01,2.0,New York,97.8,61,130,99.0,9.5,10.0,13,1.7,13.0,121.3,124.0,136.9,141.0,28.0,28.0,155.8,152.0,184,38.9,43
1.0,0.05,2.0,Virginia,97.9,86,110,100.5,33.8,33.5,36,0.0,0.0,104.8,107.0,110.5,110.0,115.0,114.0,8.0,8.0,10,5.4,7
0.5,0.01,1.0,Washington,97.9,87,137,92.5,9.0,8.5,12,0.6,3.0,107.4,102.0,119.8,116.5,79.8,98.5,9.4,10.0,12,10.7,13
2.0,0.05,1.0,Virginia,98.1,86,110,97.0,34.0,34.0,38,0.0,0.0,106.6,110.0,110.8,112.0,152.6,124.0,7.0,6.0,12,5.5,7
0.5,0.05,2.0,Georgia,98.3,73,127,97.5,39.2,39.0,43,0.2,1.0,114.2,106.0,120.3,118.0,138.3,133.5,8.2,8.0,11,2.5,4
0.5,0.05,0.5,Virginia,98.3,97,110,97.0,14.4,15.0,16,0.0,0.0,108.0,110.0,112.6,112.0,104.2,114.0,2.8,3.0,4,2.9,4
1.0,0.05,0.5,Maryland,98.4,87,117,90.0,9.7,10.0,11,0.2,1.0,114.6,117.0,121.3,121.0,120.3,110.5,5.4,5.0,13,1.5,2
1.0,0.1,1.0,North Carolina,98.4,84,113,98.0,27.7,28.0,31,0.0,0.0,127.4,131.0,133.9,136.0,172.1,130.5,3.8,3.5,6,4.7,7
0.5,0.05,2.0,Virginia,98.4,97,104,97.0,29.2,28.5,32,0.0,0.0,107.2,110.0,111.3,112.0,116.4,114.0,6.4,6.0,9,4.9,7
2.0,0.01,0.5,New York,98.4,61,143,103.0,10.4,10.0,15,1.4,7.0,117.0,117.5,133.4,136.5,28.0,28.0,160.2,157.0,186,38.2,42
2.0,0.05,2.0,Maryland,98.5,77,124,90.0,11.3,12.0,13,0.2,1.0,114.9,117.0,121.9,120.0,101.7,99.5,8.3,9.0,11,1.5,3
0.5,0.05,1.0,Virginia,98.5,86,110,97.0,20.0,19.0,24,0.0,0.0,106.7,107.0,111.1,110.0,125.0,114.0,5.3,5.0,7,4.4,7
1.0,0.01,2.0,Washington,98.6,75,137,100.0,10.1,10.0,13,0.2,1.0,106.7,102.0,126.9,137.0,83.2,65.0,10.2,10.0,13,12.9,18
2.0,0.01,0.5,Pennsylvania,98.8,74,123,101.0,42.3,42.0,47,0.3,2.0,112.3,111.5,123.4,125.0,123.4,129.0,18.1,17.0,24,8.9,13
2.0,0.05,1.0,Tennessee,98.8,83,124,84.0,38.3,38.0,43,0.0,0.0,130.5,124.0,148.2,157.0,103.6,103.5,23.9,23.0,31,14.6,19
1.0,0.01,2.0,Vermont,98.9,65,129,120.0,8.8,9.0,11,2.3,5.0,156.6,161.5,190.0,176.5,118.6,140.0,8.8,7.5,16,5.2,8
1.0,0.05,2.0,Tennessee,99.2,83,124,91.5,36.2,35.0,40,0.0,0.0,132.0,124.0,164.0,182.0,147.7,127.0,24.1,23.0,34,14.6,17
1.0,0.05,1.0,Virginia,99.6,97,110,97.0,28.5,28.5,32,0.0,0.0,109.2,110.0,111.9,112.0,159.3,156.5,5.5,5.5,8,5.3,7
2.0,0.01,0.5,Washington,99.6,90,126,100.0,10.7,11.5,13,0.8,3.0,118.3,123.5,138.1,140.0,70.8,65.0,10.5,10.5,13,12.2,16
2.0,0.05,2.0,New Jersey,99.8,73,134,99.0,9.4,9.5,10,0.0,0.0,134.1,135.0,144.1,142.0,311.0,268.0,1.0,1.0,2,0.4,1
ALL,ALL,ALL,New Jersey,99.81388888888888,54,293,73.0,7.722222222222222,8.0,10,0.005571030640668524,1.0,134.80222841225626,134.0,156.76190476190476,140.0,210.5,131.0,0.5114942528735632,0.0,2,0.35,2
0.5,0.05,1.0,Georgia,99.9,73,127,97.5,26.4,26.0,30,0.0,0.0,112.3,106.0,127.0,127.0,139.7,136.0,6.2,6.0,8,1.0,4
1.0,0.05,0.5,Virginia,99.9,86,110,97.0,22.4,22.5,25,0.0,0.0,107.8,110.0,110.3,112.0,125.8,114.0,5.5,5.5,9,3.8,5
0.5,0.01,1.0,Pennsylvania,100.1,92,123,101.0,31.9,31.5,38,0.2,1.0,115.5,112.5,128.0,132.5,135.0,134.0,13.2,12.5,21,10.4,13
0.5,0.01,2.0,Ohio,100.2,88,127,93.5,45.8,45.0,50,0.0,0.0,119.0,118.0,126.3,127.0,148.1,145.5,15.4,16.5,18,7.6,10
2.0,0.01,1.0,Pennsylvania,100.2,87,124,99.0,41.1,41.0,44,0.3,2.0,113.1,108.5,120.5,123.0,137.4,131.5,17.5,18.0,21,11.1,17
2.0,0.05,2.0,Virginia,100.3,97,110,97.0,35.5,36.0,38,0.0,0.0,109.2,110.0,111.7,112.0,125.0,114.0,9.3,9.5,12,4.3,6
1.0,0.01,0.5,Ohio,100.7,88,112,98.0,40.8,41.0,44,0.0,0.0,114.7,114.5,126.1,127.0,110.2,140.5,14.5,15.5,18,6.6,12
1.0,0.25,1.0,New Hampshire,100.9,77,190,77.0,5.3,5.0,6,0.0,0.0,171.7,190.0,194.0,195.0,,,0.0,0.0,0,0.0,0
2.0,0.05,2.0,Georgia,100.9,74,127,104.0,47.2,47.5,51,0.2,1.0,113.0,107.5,129.1,127.0,128.5,117.5,10.7,11.0,15,3.9,8
0.5,0.01,1.0,Utah,101.0,31,129,105.0,9.1,9.0,12,0.0,0.0,129.4,125.0,135.4,129.0,133.7,123.5,7.3,7.5,12,0.9,3
2.0,0.25,0.5,North Carolina,101.0,84,113,112.0,29.8,30.0,32,0.0,0.0,116.8,113.0,127.3,131.0,144.8,132.0,2.9,3.0,5,5.2,6
2.0,0.01,2.0,North Dakota,101.4,80,134,87.0,11.3,11.0,14,0.0,0.0,125.9,134.0,145.7,140.0,65.2,28.0,5.9,6.0,9,1.5,2
2.0,0.1,2.0,North Carolina,101.4,84,113,113.0,30.5,31.0,32,0.0,0.0,128.4,131.0,134.8,136.0,143.3,158.0,6.7,6.5,9,4.0,5
1.0,0.1,2.0,North Carolina,101.4,84,113,113.0,29.7,30.0,32,0.0,0.0,127.7,131.0,134.5,136.0,148.7,153.0,5.6,5.0,9,4.1,7
1.0,0.01,1.0,Ohio,101.5,88,112,107.0,49.1,49.5,53,0.0,0.0,117.3,115.5,125.0,127.0,116.9,139.5,19.0,20.0,27,7.6,11
1.0,0.01,0.5,Pennsylvania,101.5,87,107,101.0,33.6,32.5,44,0.6,2.0,120.1,123.0,126.5,128.0,129.2,129.0,15.0,15.5,19,9.6,13
2.0,0.05,0.5,Tennessee,101.5,83,124,98.0,35.4,35.5,39,0.0,0.0,130.8,124.0,148.7,132.0,136.0,127.0,18.5,20.0,22,14.6,19
1.0,0.05,0.5,New Jersey,101.8,73,144,90.0,7.1,7.0,8,0.0,0.0,134.5,134.0,144.2,143.0,213.0,213.0,0.25,0.0,1,0.4,1
0.5,0.05,2.0,Tennessee,101.8,83,124,98.0,34.5,34.5,40,0.0,0.0,131.8,124.0,166.4,182.0,124.3,127.0,16.8,15.5,24,14.1,18
0.5,0.01,0.5,Pennsylvania,102.0,74,130,101.5,27.9,27.0,34,0.4,2.0,121.5,128.0,127.1,134.5,142.4,134.0,8.3,7.5,13,7.2,11
1.0,0.05,1.0,Tennessee,102.1,83,124,102.5,35.5,35.5,39,0.0,0.0,134.8,124.0,155.5,157.0,119.7,107.5,16.5,16.5,20,13.1,17
2.0,0.01,0.5,North Dakota,102.3,72,134,105.0,10.3,10.0,14,0.0,0.0,127.0,134.0,140.1,140.0,98.4,76.5,4.1,3.5,8,1.5,2
2.0,0.01,1.0,North Dakota,102.7,72,132,111.5,11.0,11.0,13,0.0,0.0,128.0,134.0,141.4,140.0,97.5,28.0,4.3,4.0,7,1.7,3
1.0,0.01,2.0,Utah,102.7,31,129,120.5,9.8,9.5,13,0.2,1.0,123.7,129.5,138.0,138.0,76.0,28.0,10.9,10.0,19,2.5,5
1.0,0.01,2.0,Pennsylvania,102.7,91,123,101.0,42.5,43.0,47,0.1,1.0,120.0,123.5,126.9,130.0,133.9,134.0,17.8,19.0,23,9.5,15
0.5,0.25,1.0,New Hampshire,102.8,77,190,77.0,5.2,5.0,6,0.0,0.0,181.1,190.0,194.5,195.0,,,0.0,0.0,0,0.0,0
2.0,0.01,1.0,Ohio,102.9,88,112,107.5,52.9,53.0,57,0.0,0.0,116.9,117.0,123.4,127.0,126.0,138.5,18.4,17.0,25,7.4,10
0.5,0.05,0.5,South Carolina,103.2,79,160,86.0,6.4,6.0,8,0.0,0.0,142.4,156.0,163.8,160.0,157.1,161.0,11.3,11.0,16,0.1,1
1.0,0.01,2.0,Ohio,103.3,88,122,105.5,49.2,48.5,55,0.0,0.0,115.2,115.5,121.4,122.0,84.3,103.0,18.4,17.5,25,8.4,11
2.0,0.01,2.0,Ohio,103.4,88,112,102.0,50.8,50.5,57,0.2,1.0,119.5,124.5,126.2,127.0,126.5,142.0,17.4,19.0,21,8.0,13
2.0,0.01,2.0,Pennsylvania,103.8,92,123,102.0,41.6,41.0,47,0.3,1.0,119.6,122.5,128.7,126.0,137.1,131.5,15.9,15.0,26,9.2,13
1.0,0.01,1.0,Utah,104.0,31,129,105.0,9.7,9.0,12,0.1,1.0,127.8,125.0,136.0,131.0,59.9,28.0,11.3,12.0,15,2.9,5
0.5,0.01,0.5,Ohio,104.1,88,112,110.0,23.7,23.0,28,0.0,0.0,117.0,119.5,127.8,130.5,141.3,142.5,8.8,8.0,14,3.7,9
0.5,0.1,1.0,North Carolina,104.2,84,113,113.0,20.1,20.0,22,0.0,0.0,125.4,131.0,133.8,135.0,138.55555555555554,158.0,2.5,3.0,4,2.8,5
1.0,0.1,0.5,North Carolina,104.3,84,113,113.0,25.0,25.5,28,0.0,0.0,124.7,127.0,132.9,132.5,165.66666666666666,158.0,2.6,3.0,4,3.4,5
1.0,0.01,0.5,New York,104.5,61,134,108.0,8.7,9.0,11,0.5,2.0,122.1,120.0,134.4,138.5,28.0,28.0,128.4,131.5,154,38.3,42
2.0,0.01,0.5,Ohio,104.9,88,129,105.5,50.4,50.5,53,0.0,0.0,115.0,117.0,119.9,127.0,101.8,105.5,20.0,19.0,27,7.5,11
1.0,0.01,0.5,North Dakota,105.4,72,140,105.0,7.6,8.0,10,0.0,0.0,129.8,134.0,172.4,140.0,148.0,137.0,1.6,1.0,5,1.0,2
0.5,0.01,1.0,Ohio,105.5,88,131,105.0,38.0,37.0,42,0.0,0.0,115.9,119.5,125.4,129.0,119.9,143.5,13.5,13.5,17,6.3,8
ALL,ALL,ALL,Mississippi,105.80626780626781,53,446,81.0,7.618233618233618,7.0,17,0.0,0.0,170.8918918918919,115.0,220.1023102310231,276.0,142.4020618556701,100.0,1.6855670103092784,1.5,4,0.0,0
1.0,0.01,1.0,Pennsylvania,106.0,74,138,102.0,41.3,41.0,44,0.1,1.0,116.8,118.0,126.3,128.0,145.4,134.0,16.4,16.0,19,9.4,13
0.5,0.01,2.0,Pennsylvania,106.0,92,138,101.0,39.0,39.5,43,0.3,2.0,117.1,116.5,125.6,123.5,130.4,129.0,17.6,17.5,25,10.9,17
1.0,0.01,0.5,Florida,106.0,97,107,107.0,7.0,7.0,10,0.0,0.0,114.4,111.0,132.9,122.0,136.2,125.5,10.6,10.5,15,23.0,26
2.0,0.01,2.0,Nevada,106.2,64,136,106.0,4.8,5.0,5,0.0,0.0,140.7,136.0,178.2,168.5,137.0,110.0,1.1666666666666667,1.0,2,0.0,0
2.0,0.01,1.0,Vermont,106.3,65,146,109.0,10.2,10.0,12,1.3,4.0,155.4,154.5,173.9,164.5,128.2,140.0,7.6,7.0,14,3.7,5
2.0,0.01,0.5,Vermont,106.5,37,147,120.0,9.4,9.5,11,2.0,5.0,156.0,157.0,187.2,189.0,127.6,140.0,7.7,7.0,12,4.4,6
1.0,0.05,0.5,Tennessee,106.6,83,124,120.0,32.6,33.5,35,0.0,0.0,124.5,124.0,149.1,157.0,119.5,127.0,12.7,14.5,18,12.6,17
2.0,0.01,1.0,Florida,106.6,96,122,107.0,8.9,8.0,12,1.1,5.0,121.1,122.0,135.2,135.0,110.0,120.0,27.3,27.0,31,25.4,27
2.0,0.01,2.0,Florida,106.6,93,117,107.0,9.3,9.0,14,0.2,2.0,114.2,114.0,129.5,129.0,128.0,124.0,28.8,27.5,34,25.4,29
2.0,0.1,0.5,Connecticut,106.7,80,129,118.0,6.5,7.0,7,0.1,1.0,125.7,129.0,138.4,144.0,202.0,224.0,2.4,2.0,6,0.5,2
2.0,0.05,1.0,South Carolina,106.8,79,131,103.5,18.2,18.0,19,0.1,1.0,140.5,156.0,161.8,160.0,149.1,139.0,17.6,17.5,23,1.2,2
2.0,0.01,0.5,Utah,106.9,33,125,110.5,9.2,9.5,11,0.0,0.0,126.1,125.0,143.3,133.0,73.5,28.0,12.0,11.0,20,2.7,7
2.0,0.1,2.0,Connecticut,107.1,80,129,111.0,6.4,7.0,7,0.0,0.0,120.4,129.0,139.2,140.0,175.625,202.0,2.3333333333333335,2.0,5,0.6,2
0.5,0.1,2.0,North Carolina,107.1,84,113,113.0,26.5,27.0,29,0.0,0.0,123.8,131.0,133.8,135.0,163.5,158.0,3.6,3.5,5,5.2,7
2.0,0.1,1.0,North Carolina,107.2,84,113,113.0,29.2,30.0,30,0.0,0.0,127.6,131.0,133.8,135.0,206.0,183.5,5.2,5.0,8,4.4,8
0.5,0.01,2.0,North Dakota,107.5,72,140,105.0,9.9,10.0,13,0.0,0.0,130.6,134.0,153.2,140.0,176.0,133.0,2.5555555555555554,3.0,5,0.4,1
2.0,0.25,0.5,West Virginia,107.8,100,118,103.0,10.4,10.5,12,0.0,0.0,133.6,118.0,174.2,183.5,183.2,186.0,6.8,6.5,11,2.1,3
2.0,0.01,0.5,Florida,107.9,97,118,107.0,8.9,8.5,12,0.6,4.0,119.2,117.0,128.7,122.0,111.3,126.0,19.5,19.0,26,24.7,28
2.0,0.01,1.0,Utah,108.1,88,129,105.0,8.8,9.0,11,0.2,1.0,128.3,125.0,142.7,138.0,76.6,66.0,10.2,9.5,15,3.1,7
2.0,0.05,0.5,South Carolina,108.2,86,156,87.0,16.7,17.0,18,0.0,0.0,152.4,159.0,165.1,165.5,153.6,139.0,16.0,16.0,19,0.9,2
0.5,0.01,2.0,Utah,108.6,90,125,105.0,9.5,10.0,12,0.2,1.0,126.2,125.0,135.6,131.0,84.9,73.0,10.0,9.5,14,2.2,4
0.5,0.01,1.0,North Dakota,108.9,87,134,105.0,7.6,8.0,9,0.0,0.0,131.7,134.0,139.5,140.0,163.14285714285714,140.0,1.75,1.5,4,0.3,1
1.0,0.01,1.0,New York,108.9,61,130,112.5,9.8,9.0,14,3.4,21.0,138.6,141.0,145.5,147.0,28.0,28.0,150.5,146.0,179,38.1,42
0.5,0.01,0.5,Florida,109.1,85,122,109.0,6.8,6.5,9,0.8,6.0,121.0,119.5,139.6,135.0,115.6,120.0,6.4,6.5,9,19.2,22
1.0,0.01,2.0,Florida,109.2,93,134,108.5,8.9,9.5,13,1.0,10.0,121.7,117.0,132.1,122.0,132.8,125.0,23.3,22.5,28,24.7,28
0.5,0.25,0.5,West Virginia,109.3,100,118,110.5,2.6,3.0,3,0.0,0.0,140.1,124.5,166.5,183.0,190.2,193.0,2.6,2.5,4,1.5,2
1.0,0.05,1.0,North Carolina,109.5,84,136,113.0,25.2,25.0,28,0.0,0.0,133.3,135.0,137.0,136.0,174.5,183.5,5.1,5.0,7,4.8,6
0.5,0.01,1.0,Florida,109.5,94,117,109.0,6.6,7.0,9,0.3,2.0,117.7,118.0,141.5,122.0,124.8,123.5,8.9,9.0,13,21.5,25
ALL,ALL,ALL,Alabama,109.65642458100558,91,464,91.0,11.360335195530727,12.0,20,0.0,0.0,130.45762711864407,102.0,146.87941176470588,109.0,147.41899441340783,103.0,1.0797872340425532,1.0,2,0.0446927374301676,1
1.0,0.01,2.0,North Dakota,109.7,69,134,115.5,10.4,11.0,13,0.0,0.0,128.2,134.0,157.0,140.0,118.2,28.0,3.9,3.5,7,1.8,4
ALL,ALL,ALL,Tennessee,109.775,78,223,85.0,31.355555555555554,34.0,48,0.022222222222222223,3.0,127.64444444444445,120.0,143.3361111111111,124.0,130.52793296089385,96.0,15.977777777777778,16.0,34,12.16388888888889,22
0.5,0.1,0.5,North Carolina,110.0,84,113,113.0,15.1,15.0,18,0.0,0.0,125.7,131.0,134.3,136.0,198.4,224.5,2.2,2.0,5,2.0,4
0.5,0.01,2.0,Virginia,110.2,97,117,110.0,17.2,18.5,20,0.0,0.0,131.2,112.0,165.8,140.0,185.9,114.0,4.1,4.0,12,2.0,4
1.0,0.01,1.0,Virginia,110.2,110,112,110.0,19.2,19.0,22,0.0,0.0,119.0,112.0,153.4,147.0,165.5,114.0,5.3,5.0,9,3.2,6
0.5,0.05,2.0,South Carolina,110.4,86,160,103.5,15.0,15.0,16,0.0,0.0,148.6,158.0,161.6,165.5,153.2,139.0,15.0,14.5,18,0.6,1
1.0,0.01,2.0,Virginia,110.4,110,114,110.0,22.5,22.5,27,0.0,0.0,117.9,112.0,149.7,140.0,194.7,114.0,4.0,3.0,10,4.3,7
1.0,0.01,0.5,Virginia,110.6,110,114,110.0,13.7,14.0,19,0.2,2.0,127.8,112.0,175.1,157.5,147.88888888888889,114.0,3.111111111111111,3.0,5,2.0,4
1.0,0.01,0.5,Vermont,110.6,37,146,120.0,9.7,10.0,12,1.0,4.0,142.9,150.5,175.2,176.5,132.5,132.0,6.2,6.0,9,3.8,6
2.0,0.01,0.5,Nevada,110.9,64,136,109.0,4.6,5.0,5,0.0,0.0,142.6,141.5,215.9,188.0,82.66666666666667,110.0,1.6666666666666667,1.0,3,0.0,0
0.5,0.25,2.0,West Virginia,111.1,100,118,118.0,9.8,10.0,11,0.0,0.0,136.5,131.0,180.7,183.5,183.9,186.0,6.2,6.5,9,1.8,2
0.5,0.05,1.0,North Carolina,111.3,84,136,113.0,17.3,17.0,20,0.0,0.0,134.6,132.5,145.9,136.0,184.3,203.0,3.1,3.0,6,1.5,4
1.0,0.1,0.5,Connecticut,111.6,80,129,118.0,6.1,6.0,7,0.2,1.0,129.9,129.0,148.7,144.0,177.33333333333334,189.0,1.8,1.5,4,0.8,2
2.0,0.01,1.0,Virginia,111.6,110,126,110.0,23.2,24.0,25,0.0,0.0,124.1,113.0,146.3,154.0,188.9,143.5,4.4,4.5,6,3.9,7
0.5,0.01,0.5,Virginia,111.8,110,126,110.0,7.9,7.5,13,0.0,0.0,129.5,112.0,152.1,147.0,136.44444444444446,114.0,2.111111111111111,2.0,4,1.1,3
0.5,0.25,2.0,New Hampshire,112.2,77,190,77.0,5.4,5.0,6,0.0,0.0,162.8,190.0,196.4,195.0,,,0.0,0.0,0,0.0,0
2.0,0.05,2.0,Tennessee,112.3,83,124,120.0,36.9,38.0,40,0.0,0.0,128.3,124.0,159.9,182.0,141.0,127.0,24.9,24.0,34,15.1,18
2.0,0.25,2.0,Delaware,112.5,88,137,112.5,3.0,3.0,3,0.0,0.0,176.3,170.0,205.0,205.0,,,0.0,0.0,0,0.0,0
2.0,0.25,0.5,Delaware,112.5,88,137,112.5,3.0,3.0,3,0.0,0.0,182.5,188.0,201.6,205.0,,,0.0,0.0,0,0.0,0
2.0,0.25,1.0,West Virginia,112.6,100,118,118.0,11.2,11.0,12,0.0,0.0,138.4,132.5,183.5,183.0,185.3,189.5,6.8,7.0,10,2.6,3
2.0,0.1,0.5,North Carolina,113.0,113,113,113.0,28.7,29.0,30,0.0,0.0,125.1,129.0,133.0,135.0,221.4,189.0,3.7,4.0,6,4.1,6
1.0,0.25,0.5,West Virginia,113.2,100,118,118.0,8.9,9.0,10,0.0,0.0,147.9,131.0,182.6,184.0,183.9,186.0,4.7,5.0,7,2.0,2
0.5,0.1,1.0,Connecticut,113.4,80,129,118.0,5.6,6.0,6,0.0,0.0,126.0,129.0,138.3,144.0,191.5,224.0,2.1,2.0,3,0.7,2
2.0,0.01,2.0,Virginia,113.4,110,140,110.0,22.6,22.5,25,0.0,0.0,126.5,112.0,148.4,157.5,185.4,114.0,5.1,4.5,9,3.9,6
2.0,0.1,1.0,West Virginia,113.5,103,118,118.0,11.2,11.0,14,0.0,0.0,168.4,183.0,202.6,205.0,195.2,193.0,6.8,6.5,11,1.5,2
0.5,0.05,2.0,North Carolina,113.6,84,136,113.0,24.5,24.0,28,0.0,0.0,140.4,136.0,160.7,153.5,224.9,203.0,3.6,3.0,5,4.1,5
0.5,0.01,2.0,Florida,113.7,107,136,111.0,8.1,8.0,11,0.4,3.0,122.6,119.0,140.1,135.0,125.8,124.0,15.0,16.0,20,23.0,25
1.0,0.01,1.0,Florida,113.9,107,136,109.0,8.5,8.5,12,0.9,4.0,123.1,118.0,130.5,122.0,138.6,132.0,17.9,17.5,21,22.8,27
0.5,0.1,2.0,Connecticut,114.3,80,129,118.0,6.4,6.5,7,0.1,1.0,129.3,129.0,138.9,141.5,185.22222222222223,191.0,2.111111111111111,2.0,3,0.6,2
0.5,0.01,2.0,New York,114.5,61,148,118.5,8.8,9.0,11,2.7,19.0,138.4,147.5,148.4,151.5,28.0,28.0,147.1,145.0,178,39.0,44
1.0,0.25,1.0,West Virginia,114.7,100,118,118.0,9.7,9.5,11,0.0,0.0,159.6,183.0,183.8,184.0,190.2,193.0,5.8,5.0,10,1.7,2
0.5,0.25,1.0,West Virginia,114.7,100,118,118.0,8.0,8.0,10,0.0,0.0,154.7,158.5,194.2,194.5,188.0,186.0,4.5,4.5,6,1.9,2
2.0,0.25,2.0,West Virginia,114.7,100,118,118.0,11.7,12.0,14,0.0,0.0,159.9,183.0,182.5,184.0,188.8,186.0,7.0,6.5,13,2.6,3
2.0,0.01,0.5,Virginia,115.0,104,161,110.0,20.2,20.5,24,0.0,0.0,132.2,115.0,164.4,156.5,193.8,124.0,4.0,3.5,9,2.8,4
1.0,0.1,1.0,Connecticut,115.1,80,129,123.5,6.3,6.0,7,0.1,1.0,131.2,129.0,143.6,141.5,172.0,190.0,1.9,2.0,3,0.7,1
1.0,0.01,0.5,Nevada,115.6,64,149,109.0,4.6,5.0,5,0.0,0.0,205.2,182.0,260.5,277.0,110.0,110.0,1.2,1.0,2,0.0,0
0.5,0.01,1.0,Vermont,115.8,69,129,120.0,9.0,9.0,11,0.7,2.0,155.1,159.0,182.8,176.5,132.3,140.0,5.5,5.0,9,3.6,5
0.5,0.01,1.0,Virginia,116.0,110,140,110.0,11.4,12.0,16,0.0,0.0,132.1,112.0,187.4,211.5,183.3,114.0,2.7,2.5,7,1.7,3
2.0,0.05,2.0,South Carolina,116.1,79,160,108.5,18.4,18.5,20,0.0,0.0,150.9,160.0,169.3,171.0,152.5,139.0,18.0,17.0,22,1.8,4
1.0,0.25,2.0,West Virginia,116.2,100,118,118.0,11.6,12.0,13,0.0,0.0,141.3,134.0,180.1,183.0,187.4,189.5,7.1,6.5,10,2.3,3
1.0,0.05,2.0,South Carolina,116.8,86,160,108.5,17.6,18.0,19,0.0,0.0,153.6,160.0,166.4,171.0,149.6,139.0,16.9,16.5,21,1.0,2
1.0,0.1,2.0,Connecticut,117.0,80,129,129.0,6.1,6.0,7,0.1,1.0,130.9,136.0,146.9,144.0,186.2,207.5,2.4,2.5,4,0.9,2
2.0,0.25,2.0,New Hampshire,117.3,77,190,118.0,5.4,5.0,6,0.0,0.0,176.1,190.0,196.0,195.0,,,0.0,0.0,0,0.1,1
1.0,0.25,1.0,Delaware,117.4,88,137,137.0,3.0,3.0,3,0.0,0.0,182.0,188.0,205.0,205.0,,,0.0,0.0,0,0.0,0
0.5,0.05,1.0,South Carolina,117.4,86,160,110.5,7.5,7.5,9,0.0,0.0,146.6,160.0,166.6,171.0,157.0,139.0,12.9,12.5,17,0.3,1
1.0,0.05,2.0,North Carolina,117.6,113,136,113.0,26.6,27.0,30,0.0,0.0,136.3,136.0,155.7,142.5,236.6,217.0,5.7,5.5,8,5.0,7
0.5,0.01,1.0,New York,117.6,61,150,125.0,9.5,8.5,13,1.4,7.0,139.4,146.0,147.5,148.0,28.0,28.0,118.9,116.0,136,36.5,39
2.0,0.05,2.0,North Carolina,117.7,113,136,113.0,27.4,27.5,30,0.0,0.0,133.1,136.0,145.8,142.5,223.4,246.0,7.0,7.0,8,5.0,7
1.0,0.01,1.0,Nevada,117.9,64,149,124.0,4.7,5.0,5,0.0,0.0,156.7,149.0,211.0,188.0,110.0,110.0,1.3333333333333333,1.0,2,0.0,0
1.0,0.05,0.5,North Carolina,117.9,113,136,113.0,21.4,20.5,24,0.0,0.0,140.4,136.0,150.9,149.0,218.8,203.0,3.0,3.0,5,3.4,5
1.0,0.05,1.0,Connecticut,118.1,80,129,129.0,6.9,7.0,7,0.1,1.0,134.5,129.0,152.7,148.5,197.4,224.0,1.7,1.0,3,0.1,1
0.5,0.05,0.5,North Carolina,118.3,84,136,113.0,12.3,12.0,16,0.0,0.0,136.1,136.0,149.4,136.0,194.0,203.0,1.6666666666666667,2.0,3,0.8,2
1.0,0.01,2.0,Nevada,118.5,64,149,124.0,4.5,4.5,5,0.0,0.0,173.6,141.5,223.7,214.0,110.0,110.0,1.0,1.0,1,0.0,0
0.5,0.01,0.5,Nevada,118.6,76,136,124.0,2.4,2.0,4,0.0,0.0,137.875,136.0,176.0,149.0,110.0,110.0,1.0,1.0,1,0.0,0
0.5,0.01,1.0,Montana,118.6,88,146,119.0,3.5,3.0,5,0.2,1.0,192.2,185.5,249.875,226.0,127.75,146.0,1.875,2.0,3,0.6,2
0.5,0.01,2.0,Montana,118.6,88,146,119.0,5.8,5.5,8,0.4,1.0,182.7,185.5,264.9,263.0,160.8,146.0,2.0,2.0,5,0.9,2
1.0,0.01,2.0,Montana,118.6,88,146,119.0,7.9,8.0,11,0.2,1.0,189.6,180.0,252.9,239.5,140.4,140.0,2.6,2.0,5,1.8,3
2.0,0.01,2.0,Vermont,118.7,65,165,120.0,9.0,9.0,11,1.8,6.0,165.7,159.0,179.7,177.0,162.7,140.0,8.0,8.0,13,4.9,7
2.0,0.01,1.0,Nevada,118.9,64,149,124.0,4.5,5.0,5,0.0,0.0,161.9,149.0,225.8,188.0,110.0,110.0,1.6,2.0,3,0.2,1
2.0,0.05,1.0,North Carolina,119.3,84,136,113.0,27.3,27.5,29,0.0,0.0,137.2,136.0,151.2,149.0,197.4,203.0,7.3,7.5,10,4.4,6
ALL,ALL,ALL,South Carolina,119.45530726256983,65,377,86.0,12.748603351955307,13.0,20,0.019886363636363636,1.0,156.94602272727272,156.0,189.6235632183908,160.0,169.34104046242774,139.0,14.352601156069364,16.0,25,0.9217877094972067,4
2.0,0.05,0.5,Connecticut,119.5,80,144,129.0,6.9,7.0,7,0.0,0.0,135.6,140.0,155.2,148.5,195.375,206.5,2.25,2.0,4,0.1,1
0.5,0.01,0.5,Montana,120.4,88,146,139.0,2.5,2.0,4,0.2,1.0,182.6,225.0,177.25,172.5,131.4,146.0,2.0,2.0,4,1.1,2
2.0,0.05,0.5,North Carolina,120.7,112,136,113.0,25.9,26.0,28,0.0,0.0,133.6,136.0,151.3,136.0,221.9,227.5,4.4,4.0,6,4.0,6
2.0,0.1,1.0,Connecticut,121.1,86,129,129.0,6.7,7.0,7,0.1,1.0,136.4,136.0,149.6,144.0,234.42857142857142,232.0,1.5714285714285714,1.0,4,0.3,1
0.5,0.1,0.5,Connecticut,121.4,86,129,129.0,4.7,5.0,6,0.1,1.0,135.5,136.0,145.6,144.0,102.0,102.0,0.5,0.5,1,0.2,1
ALL,ALL,ALL,Connecticut,121.43333333333334,80,283,129.0,5.930555555555555,6.0,7,0.04722222222222222,1.0,144.35555555555555,136.0,167.8300835654596,144.0,196.86779661016948,189.0,2.0388349514563107,2.0,6,0.5527777777777778,2
0.5,0.01,2.0,Nevada,121.6,64,149,136.0,4.8,5.0,5,0.0,0.0,172.8,149.0,241.8,262.5,110.0,110.0,1.0,1.0,1,0.0,0
0.5,0.05,1.0,Connecticut,121.9,80,129,129.0,6.0,6.0,7,0.0,0.0,136.6,144.0,160.0,166.0,202.4,224.0,1.6,1.5,3,0.3,2
0.5,0.25,1.0,Delaware,122.3,88,137,137.0,2.9,3.0,3,0.0,0.0,191.8,191.0,206.0,205.0,,,0.0,0.0,0,0.0,0
1.0,0.25,0.5,Delaware,122.3,88,137,137.0,2.9,3.0,3,0.0,0.0,183.9,188.0,201.88888888888889,205.0,,,0.0,0.0,0,0.0,0
0.5,0.25,2.0,Delaware,122.3,88,137,137.0,3.0,3.0,3,0.0,0.0,177.4,170.0,202.2,205.0,,,0.0,0.0,0,0.0,0
1.0,0.01,1.0,Vermont,122.5,69,184,120.0,10.2,10.5,13,1.1,6.0,166.4,159.0,195.6,189.0,163.0,132.0,6.5,6.5,11,3.8,7
0.5,0.01,2.0,Vermont,122.9,120,149,120.0,9.2,9.5,10,1.6,4.0,158.8,159.5,182.1,169.0,138.0,140.0,6.2,6.5,10,4.6,6
1.0,0.1,1.0,West Virginia,123.0,103,183,118.0,9.3,9.5,11,0.0,0.0,168.4,183.0,200.7,205.0,190.0,186.0,6.5,6.0,9,1.3,2
2.0,0.01,1.0,Montana,123.7,99,146,139.0,6.5,7.0,8,0.5,2.0,198.9,225.0,284.8,301.0,167.375,140.0,2.1,2.0,5,1.7,3
1.0,0.01,2.0,Massachusetts,124.2,67,166,134.5,6.3,6.0,8,0.0,0.0,151.2,154.0,195.9,168.5,250.4,241.0,3.8,4.0,6,0.8,2
2.0,0.05,1.0,Connecticut,124.3,93,129,129.0,6.7,7.0,7,0.0,0.0,136.8,136.0,148.2,144.0,208.0,224.0,1.7777777777777777,2.0,3,0.3,1
2.0,0.1,0.5,West Virginia,124.5,118,183,118.0,9.9,10.0,11,0.0,0.0,179.8,183.0,196.5,205.0,189.5,186.0,6.9,7.0,10,1.1,2
2.0,0.05,2.0,Connecticut,125.3,118,136,129.0,6.8,7.0,7,0.0,0.0,135.2,132.5,150.3,150.5,238.75,206.5,2.25,1.5,6,0.2,1
ALL,ALL,ALL,North Carolina,125.41944444444445,84,235,113.0,21.775,24.5,34,0.002785515320334262,1.0,146.4540389972145,131.0,159.6145251396648,136.0,195.78885630498533,203.0,3.8739255014326646,4.0,10,3.386111111111111,8
1.0,0.01,2.0,Maryland,125.5,89,162,121.0,8.7,8.5,11,0.1,1.0,172.5,152.5,196.8,173.5,170.3,181.5,6.5,6.5,9,1.0,2
1.0,0.1,0.5,West Virginia,125.9,100,183,118.0,8.1,8.0,9,0.0,0.0,162.3,183.0,187.0,205.0,198.0,189.5,5.1,5.0,7,1.3,2
2.0,0.01,2.0,Montana,125.9,88,139,139.0,7.4,7.0,10,0.6,1.0,206.8,225.0,295.3,301.0,170.77777777777777,152.0,1.8,2.0,4,1.6,2
2.0,0.01,0.5,Montana,126.6,88,146,139.0,6.6,7.0,8,0.6,1.0,198.8,225.0,273.8,298.0,150.88888888888889,28.0,2.4,2.5,5,1.6,2
0.5,0.05,0.5,Connecticut,126.8,118,129,129.0,4.3,4.0,5,0.0,0.0,137.3,136.0,149.8,144.0,185.0,189.0,0.75,1.0,1,0.3,1
1.0,0.25,2.0,Delaware,127.2,88,137,137.0,3.0,3.0,3,0.0,0.0,183.6,191.0,203.6,205.0,,,0.0,0.0,0,0.0,0
0.5,0.25,0.5,Delaware,127.2,88,137,137.0,2.4,2.5,3,0.0,0.0,189.77777777777777,191.0,205.0,205.0,,,0.0,0.0,0,0.0,0
2.0,0.1,0.5,Delaware,127.2,88,137,137.0,2.8,3.0,3,0.0,0.0,189.9,191.0,205.0,205.0,,,0.0,0.0,0,0.0,0
1.0,0.01,1.0,Montana,127.6,88,146,139.0,5.5,5.5,8,0.4,2.0,204.7,225.0,280.3,301.0,154.25,140.0,2.3333333333333335,3.0,4,0.9,2
1.0,0.05,2.0,Connecticut,127.9,118,129,129.0,6.8,7.0,7,0.0,0.0,144.9,144.0,164.8,169.5,202.8,206.5,1.9,2.0,4,0.2,1
1.0,0.05,0.5,Connecticut,127.9,118,129,129.0,5.9,6.0,7,0.0,0.0,138.6,140.0,151.8,148.5,197.5,190.0,1.5,1.0,3,0.5,1
0.5,0.01,0.5,Vermont,128.3,98,160,129.0,7.0,7.0,9,2.3,6.0,167.2,167.0,200.9,203.0,143.3,140.0,4.0,4.0,6,3.9,6
0.5,0.05,2.0,Connecticut,128.7,118,148,129.0,6.8,7.0,7,0.0,0.0,144.8,140.0,156.8,155.0,195.5,189.0,1.625,1.0,3,0.2,1
1.0,0.05,0.5,South Carolina,128.7,86,160,131.0,9.3,9.0,11,0.0,0.0,161.7,159.0,165.6,165.5,161.5,161.0,15.1,14.0,23,0.8,2
0.5,0.1,2.0,West Virginia,129.2,100,198,118.0,8.3,8.5,9,0.0,0.0,167.5,183.0,196.3,205.0,197.5,189.5,5.8,4.5,10,0.9,2
0.5,0.05,0.5,West Virginia,129.3,103,183,118.0,2.4,3.0,3,0.125,1.0,192.125,189.5,206.83333333333334,205.0,142.0,186.0,3.7777777777777777,4.0,7,0.4,2
2.0,0.1,0.5,New Hampshire,129.8,77,190,140.0,5.2,5.0,6,0.0,0.0,191.5,190.0,200.8,195.0,124.5,124.5,1.0,1.0,1,0.0,0
2.0,0.01,1.0,Arkansas,130.4,58,207,121.0,9.6,9.5,12,0.1,1.0,210.2,216.0,261.4,278.0,149.8,45.0,6.1,6.0,8,1.0,2
0.5,0.1,1.0,West Virginia,131.0,118,183,118.0,6.2,6.0,8,0.1,1.0,178.4,183.0,198.5,205.0,190.6,186.0,4.9,5.0,7,1.4,2
2.0,0.01,1.0,Maryland,131.4,87,172,140.5,8.8,9.0,10,0.2,1.0,167.9,150.0,190.7,172.0,148.7,179.0,7.6,6.5,14,1.5,4
1.0,0.1,2.0,Delaware,132.1,88,137,137.0,3.0,3.0,3,0.0,0.0,191.9,191.0,265.2,205.0,,,0.0,0.0,0,0.0,0
0.5,0.1,2.0,Delaware,132.1,88,137,137.0,2.8,3.0,3,0.0,0.0,190.4,191.0,256.75,219.0,,,0.0,0.0,0,0.0,0
2.0,0.01,2.0,Maryland,133.2,107,175,129.0,8.0,8.0,9,0.2,1.0,159.7,161.0,186.9,176.5,163.1,179.0,7.6,7.5,12,1.2,2
1.0,0.1,2.0,West Virginia,133.6,118,183,118.0,10.7,11.0,12,0.0,0.0,182.3,183.0,201.4,205.0,195.9,193.0,5.8,5.5,11,1.3,2
0.5,0.01,1.0,Georgia,134.0,106,156,136.0,12.1,12.5,15,0.1,1.0,161.2,159.0,172.7,171.5,173.625,180.0,1.625,1.0,4,0.2,2
0.5,0.01,0.5,Arkansas,136.11111111111111,58,253,179.0,2.0,2.0,3,0.3333333333333333,1.0,201.33333333333334,200.0,243.0,253.0,150.2,205.0,0.8333333333333334,1.0,1,0.2222222222222222,1
1.0,0.01,0.5,Arkansas,136.2,59,200,124.0,4.7,4.5,9,0.0,0.0,234.3,230.0,284.0,264.5,223.83333333333334,275.0,2.6666666666666665,2.5,5,0.5,3
1.0,0.05,0.5,Delaware,137.0,137,137,137.0,2.2,2.0,3,0.0,0.0,214.1,219.0,233.0,233.0,,,0.0,0.0,0,0.0,0
0.5,0.05,1.0,Delaware,137.0,137,137,137.0,2.6,3.0,3,0.0,0.0,197.0,191.0,209.66666666666666,205.0,,,0.0,0.0,0,0.0,0
2.0,0.25,1.0,Delaware,137.0,137,137,137.0,3.0,3.0,3,0.0,0.0,183.1,191.0,202.2,205.0,,,0.0,0.0,0,0.0,0
2.0,0.05,1.0,Delaware,137.0,137,137,137.0,2.7,3.0,3,0.0,0.0,201.1,191.0,268.14285714285717,205.0,,,0.0,0.0,0,0.0,0
1.0,0.05,1.0,Delaware,137.0,137,137,137.0,2.3,2.0,3,0.0,0.0,209.2,205.0,223.66666666666666,233.0,,,0.0,0.0,0,0.0,0
0.5,0.05,0.5,Delaware,137.0,137,137,137.0,2.2,2.0,3,0.0,0.0,205.0,205.0,223.66666666666666,233.0,,,0.0,0.0,0,0.0,0
0.5,0.05,2.0,Delaware,137.0,137,137,137.0,2.7,3.0,3,0.0,0.0,197.4,191.0,266.2857142857143,233.0,383.0,383.0,1.0,1.0,1,0.0,0
2.0,0.1,1.0,Delaware,137.0,137,137,137.0,3.0,3.0,3,0.0,0.0,194.6,191.0,306.6,219.0,,,0.0,0.0,0,0.0,0
1.0,0.1,0.5,Delaware,137.0,137,137,137.0,2.9,3.0,3,0.0,0.0,190.3,191.0,209.11111111111111,205.0,,,0.0,0.0,0,0.0,0
0.5,0.1,1.0,Delaware,137.0,137,137,137.0,2.6,3.0,3,0.0,0.0,190.8,191.0,219.0,219.0,,,0.0,0.0,0,0.0,0
2.0,0.1,2.0,Delaware,137.0,137,137,137.0,2.8,3.0,3,0.0,0.0,193.4,191.0,249.125,205.0,,,0.0,0.0,0,0.0,0
1.0,0.1,1.0,Delaware,137.0,137,137,137.0,2.6,3.0,3,0.0,0.0,199.7,191.0,205.0,205.0,383.0,383.0,1.0,1.0,1,0.0,0
0.5,0.1,0.5,Delaware,137.0,137,137,137.0,2.6,3.0,3,0.0,0.0,198.2,191.0,214.33333333333334,205.0,,,0.0,0.0,0,0.0,0
1.0,0.01,0.5,Montana,137.1,99,146,139.0,3.3,3.0,5,0.5,3.0,224.0,225.0,297.5,320.0,152.0,152.0,1.7,1.0,4,1.4,3
2.0,0.01,2.0,Arkansas,137.1,59,256,144.0,9.7,10.0,12,0.1,1.0,214.5,203.5,252.9,253.0,215.9,230.5,7.1,6.5,14,1.5,5
2.0,0.01,1.0,Alabama,137.2,91,225,149.0,8.5,8.0,11,0.0,0.0,183.0,194.0,271.9,225.0,247.66666666666666,267.0,1.0,1.0,1,0.0,0
1.0,0.01,1.0,Georgia,137.8,106,170,136.0,21.2,21.5,25,0.0,0.0,162.0,163.5,179.2,175.5,221.0,185.0,3.6,3.5,7,1.9,3
1.0,0.1,0.5,New Hampshire,138.6,77,190,140.0,4.9,5.0,6,0.0,0.0,192.0,190.0,204.3,195.0,,,0.0,0.0,0,0.0,0
2.0,0.01,2.0,Massachusetts,138.7,67,166,153.0,6.8,7.0,8,0.0,0.0,157.8,160.0,170.7,170.0,238.4,247.0,3.1,3.0,5,0.2,1
2.0,0.01,0.5,Massachusetts,138.8,67,170,145.5,6.5,6.5,7,0.0,0.0,155.8,160.0,162.5,164.0,228.77777777777777,225.0,3.2222222222222223,3.0,6,0.3,1
2.0,0.05,1.0,West Virginia,138.8,103,198,118.0,9.6,10.0,11,0.0,0.0,179.0,183.0,208.6,205.0,216.4,199.5,6.7,5.5,12,0.9,2
0.5,0.1,0.5,West Virginia,138.8,118,183,118.0,3.1,3.0,4,0.0,0.0,189.2,183.0,202.125,205.0,198.7,189.5,4.0,4.0,7,1.0,2
2.0,0.1,2.0,West Virginia,140.1,118,196,118.0,10.8,11.0,12,0.0,0.0,185.4,183.0,200.5,205.0,193.0,189.5,6.2,6.5,9,1.5,3
0.5,0.25,1.0,Maine,141.0,78,212,131.0,5.6,6.0,7,0.0,0.0,205.4,210.5,216.9,215.5,312.0,298.0,0.3,0.0,1,1.3,2
1.0,0.05,2.0,Delaware,141.3,137,180,137.0,2.9,3.0,3,0.0,0.0,206.6,191.0,315.1111111111111,233.0,383.0,383.0,1.0,1.0,1,0.0,0
2.0,0.05,0.5,Delaware,141.3,137,180,137.0,2.7,3.0,3,0.0,0.0,206.4,198.0,314.2857142857143,233.0,,,0.0,0.0,0,0.0,0
2.0,0.05,2.0,Delaware,141.3,137,180,137.0,2.6,3.0,3,0.0,0.0,228.8,233.0,410.0,469.0,,,0.0,0.0,0,0.0,0
0.5,0.01,0.5,Georgia,141.3,124,179,136.0,6.0,6.5,7,0.0,0.0,156.2,156.0,173.0,161.0,163.8,170.0,2.0,2.0,4,0.0,0
1.0,0.25,0.5,Maine,141.8,78,208,131.0,5.3,5.0,6,0.0,0.0,204.4,208.0,221.2,213.0,,,0.0,0.0,0,1.5,4
1.0,0.05,2.0,West Virginia,142.5,103,183,118.0,9.5,9.5,11,0.1,1.0,190.5,203.0,210.2,205.0,201.2,189.0,6.4,6.5,10,0.9,2
0.5,0.01,1.0,Maryland,142.7,87,175,150.0,6.5,7.0,9,0.0,0.0,180.0,172.5,210.6,209.5,200.5,194.0,5.4,5.0,8,0.9,2
1.0,0.01,2.0,Georgia,142.8,106,178,140.5,26.5,26.0,31,0.1,1.0,164.3,160.0,191.3,178.5,269.5,220.5,4.8,4.5,7,3.4,5
1.0,0.01,0.5,Georgia,143.4,106,159,146.0,14.5,14.5,19,0.1,1.0,162.1,160.0,175.9,166.0,238.9,185.0,2.0,2.0,3,0.3,1
1.0,0.01,1.0,Arkansas,143.7,59,200,159.5,7.4,7.5,9,0.1,1.0,199.7,200.0,262.6,253.0,313.8,338.0,2.9,3.0,5,0.6,2
2.0,0.01,0.5,Maryland,143.7,113,182,150.0,8.8,8.5,11,0.1,1.0,167.8,173.5,198.3,191.0,193.9,191.0,6.3,6.0,10,0.9,3
0.5,0.01,0.5,Massachusetts,144.3,123,154,146.0,3.9,4.0,6,0.0,0.0,154.5,154.0,181.33333333333334,171.0,232.875,232.0,1.25,1.0,2,0.0,0
0.5,0.1,2.0,New Hampshire,144.9,77,190,140.0,5.3,5.0,6,0.0,0.0,182.6,190.0,205.2,195.0,,,0.0,0.0,0,0.0,0
2.0,0.01,2.0,Georgia,145.2,127,161,146.0,30.5,29.5,37,0.0,0.0,164.0,161.0,180.3,169.5,284.3,206.0,4.7,4.5,7,3.8,6
0.5,0.05,1.0,West Virginia,145.4,103,183,132.5,5.5,6.0,7,0.0,0.0,187.1,193.0,218.6,205.0,198.1,196.5,4.8,5.0,8,0.5,1
2.0,0.01,0.5,Georgia,145.4,106,182,151.5,23.3,23.5,27,0.0,0.0,167.9,163.5,199.4,179.0,259.7,188.0,3.5,3.0,8,1.6,4
1.0,0.01,0.5,Massachusetts,145.5,123,166,149.5,4.8,5.0,6,0.0,0.0,162.2,166.0,190.9,170.0,230.88888888888889,225.0,2.2222222222222223,2.0,5,0.0,0
0.5,0.01,0.5,New Jersey,146.3,73,187,156.0,3.0,3.0,5,0.0,0.0,182.55555555555554,187.0,236.57142857142858,216.0,240.5,240.5,1.5,1.5,2,0.1,1
0.5,0.01,1.0,Mississippi,146.5,81,212,146.5,1.6666666666666667,2.0,2,0.0,0.0,334.25,348.0,,,28.0,28.0,1.0,1.0,1,0.0,0
1.0,0.01,2.0,Connecticut,146.6,129,182,129.0,6.2,6.5,7,0.0,0.0,206.8,177.5,248.7,275.0,296.0,311.0,1.625,1.5,4,0.2,1
1.0,0.01,0.5,Maryland,146.7,87,201,145.0,7.0,7.0,9,0.3,2.0,186.6,176.5,216.5,225.0,230.7,214.0,4.8,4.5,8,1.4,3
ALL,ALL,ALL,Delaware,146.75277777777777,88,360,137.0,2.5277777777777777,3.0,3,0.0,0.0,208.73573573573574,191.0,247.06912442396313,205.0,347.2068965517241,383.0,1.0344827586206897,1.0,2,0.0,0
0.5,0.01,0.5,Connecticut,147.8,129,182,141.0,4.6,4.5,6,0.0,0.0,212.0,177.5,252.33333333333334,281.0,210.6,187.0,1.6,1.0,3,0.0,0
2.0,0.01,1.0,New Jersey,148.9,73,293,152.0,7.2,7.0,8,0.0,0.0,197.4,172.5,241.9,200.5,268.0,268.0,0.5,0.5,1,0.2,1
2.0,0.01,1.0,Georgia,149.1,106,170,156.0,26.7,26.0,32,0.1,1.0,168.0,169.5,183.2,179.0,257.9,185.0,4.2,4.0,9,2.7,5
0.5,0.01,1.0,Alabama,149.66666666666666,91,225,149.0,3.0,3.0,5,0.0,0.0,192.625,195.0,212.0,225.0,,,0.0,0.0,0,0.0,0
1.0,0.01,1.0,Connecticut,149.8,129,205,129.0,6.1,6.0,7,0.0,0.0,191.0,182.0,262.4,273.0,351.875,314.0,1.25,1.0,2,0.1,1
1.0,0.01,1.0,Massachusetts,150.5,102,168,154.0,6.5,6.0,8,0.0,0.0,172.9,166.0,202.5,170.5,244.11111111111111,253.0,2.6,2.5,6,0.4,2
2.0,0.01,0.5,Connecticut,150.9,129,182,146.5,5.8,6.0,7,0.0,0.0,183.8,175.0,225.9,209.0,308.6666666666667,309.5,1.5,1.5,4,0.5,2
0.5,0.01,2.0,Georgia,151.1,106,179,156.0,18.4,18.5,22,0.0,0.0,175.1,178.5,220.3,217.5,349.0,380.0,2.2,2.0,5,1.8,3
2.0,0.01,0.5,Arkansas,151.2,59,253,139.5,9.1,9.0,11,0.1,1.0,225.7,200.0,262.3,276.0,143.25,116.5,4.125,4.0,6,0.6,2
0.5,0.01,2.0,Maryland,151.5,121,218,150.0,8.1,8.0,9,0.0,0.0,170.4,175.0,187.0,179.0,170.7,180.0,6.5,6.0,10,1.0,2
2.0,0.05,2.0,West Virginia,151.6,103,274,118.0,8.9,9.0,11,0.1,1.0,200.8,190.0,224.5,205.0,217.6,196.5,5.5,5.0,11,1.4,3
0.5,0.01,0.5,Mississippi,152.16666666666666,81,212,163.5,1.1666666666666667,1.0,2,0.0,0.0,212.0,212.0,,,28.0,28.0,1.0,1.0,1,0.0,0
1.0,0.1,1.0,New Hampshire,152.4,77,190,165.0,5.0,5.0,6,0.0,0.0,192.5,192.5,202.8,195.0,102.0,102.0,1.0,1.0,1,0.0,0
0.5,0.05,2.0,West Virginia,152.7,103,203,158.5,7.8,7.5,10,0.0,0.0,196.8,203.0,217.3,205.0,220.5,207.0,5.6,5.0,9,0.6,2
1.0,0.01,2.0,Alabama,152.9,91,194,149.0,8.9,8.5,13,0.0,0.0,203.4,194.5,251.6,234.5,,,0.0,0.0,0,0.0,0
2.0,0.01,0.5,New Jersey,153.1,73,177,165.0,6.1,6.0,7,0.0,0.0,201.9,187.0,269.2,293.0,392.3333333333333,385.0,1.0,1.0,1,0.3,2
0.5,0.25,2.0,Maine,154.0,78,212,169.5,9.4,9.0,10,0.0,0.0,210.1,212.5,219.5,215.5,564.5,564.5,0.2857142857142857,0.0,1,0.5,1
2.0,0.25,1.0,Maine,154.0,78,212,169.5,10.0,10.0,11,0.0,0.0,211.8,213.0,219.5,218.0,470.0,556.0,0.75,0.0,2,1.0,3
1.0,0.1,2.0,New Hampshire,154.3,77,190,165.0,5.2,5.0,6,0.0,0.0,192.5,192.5,201.0,195.0,102.0,102.0,1.0,1.0,1,0.0,0
0.5,0.01,2.0,Massachusetts,154.5,123,196,152.0,6.9,7.0,8,0.0,0.0,168.5,168.0,193.0,174.5,233.6,241.0,2.2,2.0,4,0.2,2
2.0,0.01,1.0,Massachusetts,155.4,67,391,145.0,6.2,6.0,7,0.0,0.0,178.9,156.5,197.8,174.0,251.33333333333334,241.0,2.7777777777777777,3.0,5,0.6,2
0.5,0.01,1.0,Tennessee,155.7,124,199,153.0,14.8,14.0,19,0.0,0.0,194.9,190.0,207.8,206.0,238.3,248.5,4.9,5.0,8,3.1,5
1.0,0.01,1.0,Maryland,155.8,89,272,150.0,8.8,9.0,10,0.0,0.0,185.5,171.0,212.9,203.5,217.6,214.0,6.6,6.5,13,0.6,2
2.0,0.1,1.0,New Hampshire,156.2,96,190,165.0,5.5,5.5,6,0.0,0.0,192.5,192.5,200.6,195.0,147.0,147.0,1.0,1.0,1,0.0,0
2.0,0.01,2.0,Connecticut,156.8,129,268,132.5,6.1,6.0,7,0.1,1.0,203.1,182.0,252.2,272.5,236.55555555555554,229.0,2.0,2.0,4,0.3,2
ALL,ALL,ALL,New Hampshire,156.825,77,350,190.0,4.247222222222222,5.0,6,0.0,0.0,208.35398230088495,195.0,234.07,195.0,179.3181818181818,102.0,0.9166666666666666,1.0,1,0.005555555555555556,1
ALL,ALL,ALL,West Virginia,156.95505617977528,100,570,118.0,7.196629213483146,8.0,14,0.020289855072463767,1.0,201.17391304347825,183.0,227.80877742946709,205.0,212.2131661442006,193.0,4.95046439628483,5.0,13,1.0449438202247192,3
2.0,0.1,2.0,New Hampshire,157.4,77,190,190.0,5.1,5.0,6,0.0,0.0,193.0,195.0,208.4,195.0,102.0,102.0,1.0,1.0,1,0.0,0
2.0,0.01,2.0,Tennessee,157.8,124,203,154.5,28.1,28.0,33,0.3,3.0,195.4,194.5,205.9,206.0,177.7,176.0,16.4,15.5,23,10.2,15
0.5,0.01,1.0,Massachusetts,158.0,142,171,154.0,4.5,4.0,7,0.0,0.0,170.9,170.0,217.8,217.5,256.44444444444446,241.0,1.7777777777777777,2.0,3,0.0,0
1.0,0.05,1.0,West Virginia,158.1,103,183,183.0,7.0,7.0,10,0.1,1.0,193.3,203.0,225.9,210.5,230.2,225.0,4.3,3.5,8,0.6,1
2.0,0.01,2.0,Alabama,158.9,91,225,149.0,8.7,8.0,12,0.0,0.0,250.3,210.0,300.9,244.0,185.0,185.0,1.0,1.0,1,0.0,0
0.5,0.01,0.5,Tennessee,160.0,83,223,157.0,7.6,7.5,12,0.0,0.0,187.2,185.5,213.4,223.0,173.66666666666666,139.0,2.1,2.0,5,2.6,6
2.0,0.05,0.5,West Virginia,160.3,103,203,183.0,8.7,9.0,10,0.1,1.0,208.6,205.0,241.6,247.0,220.8,216.0,4.7,4.0,7,0.7,2
2.0,0.01,2.0,New Jersey,163.1,150,180,165.0,6.8,6.5,9,0.1,1.0,210.4,187.0,263.0,256.0,395.5,395.5,0.6666666666666666,1.0,1,0.1,1
1.0,0.01,0.5,Connecticut,163.2,129,234,173.0,5.7,5.5,7,0.0,0.0,239.4,263.5,267.3,274.0,278.7142857142857,311.0,2.0,2.0,3,0.0,0
2.0,0.01,1.0,Connecticut,163.6,129,182,170.5,5.8,6.0,7,0.0,0.0,194.4,182.0,265.4,277.0,361.6666666666667,314.0,2.2222222222222223,2.0,5,0.0,0
1.0,0.01,1.0,Tennessee,163.6,83,195,182.0,21.7,22.5,25,0.1,1.0,186.7,190.0,205.2,206.5,200.1,227.0,9.6,9.0,17,5.7,10
0.5,0.01,1.0,Connecticut,163.9,129,277,154.5,4.7,5.0,6,0.0,0.0,239.0,252.5,275.1,279.5,222.0,189.0,1.25,1.0,2,0.2,1
1.0,0.25,1.0,Maine,163.9,78,208,191.0,9.2,9.0,10,0.0,0.0,211.7,212.5,216.0,218.0,581.0,581.0,0.14285714285714285,0.0,1,0.7,2
2.0,0.05,0.5,New Hampshire,165.3,77,195,190.0,4.9,5.0,6,0.0,0.0,201.8,195.0,225.6,219.5,102.0,102.0,1.0,1.0,1,0.0,0
2.0,0.25,0.5,Maine,166.1,78,212,199.5,10.7,11.0,11,0.0,0.0,211.5,213.0,217.8,218.0,574.75,581.0,0.6666666666666666,1.0,1,0.3,1
0.5,0.01,0.5,Alabama,166.44444444444446,91,225,149.0,1.6666666666666667,2.0,2,0.0,0.0,221.33333333333334,225.0,,,,,0.0,0.0,0,0.0,0
1.0,0.05,0.5,West Virginia,167.6,118,198,183.0,5.5,5.5,7,0.0,0.0,199.2,203.0,226.8,229.5,213.6,207.0,4.2,4.0,7,0.6,1
1.0,0.01,0.5,Alabama,167.9,91,225,172.0,2.9,2.5,5,0.0,0.0,228.7,225.0,217.2,225.0,267.0,267.0,1.0,1.0,1,0.0,0
1.0,0.01,2.0,New Jersey,168.7,134,204,178.5,7.2,7.0,8,0.0,0.0,223.2,229.5,266.6,294.5,368.5,368.5,1.0,1.0,1,0.0,0
0.5,0.01,0.5,Maryland,168.9,121,272,160.0,4.7,4.5,6,0.1,1.0,196.9,198.5,210.3,221.5,207.66666666666666,184.0,3.7777777777777777,4.0,6,0.8,3
1.0,0.01,2.0,Tennessee,169.8,124,199,185.0,24.7,25.0,31,0.0,0.0,196.1,195.0,207.5,210.5,213.4,256.5,12.8,12.5,16,8.6,11
0.5,0.1,0.5,New Hampshire,170.0,140,190,190.0,2.7,2.5,4,0.0,0.0,193.0,195.0,199.0,195.0,147.0,147.0,1.0,1.0,1,0.0,0
1.0,0.01,0.5,New Jersey,170.3,134,246,162.5,5.2,5.0,8,0.0,0.0,201.9,183.5,246.6,252.5,268.0,268.0,1.0,1.0,1,0.0,0
0.5,0.01,1.0,New Jersey,170.6,144,216,166.0,4.3,4.0,6,0.1,1.0,227.8,200.5,253.6,216.5,297.25,268.0,1.0,1.0,1,0.1,1
1.0,0.01,1.0,New Jersey,171.0,134,269,150.0,6.0,6.0,7,0.0,0.0,214.6,213.5,262.9,293.0,376.3333333333333,427.0,0.8,1.0,2,0.2,1
1.0,0.01,2.0,South Carolina,171.5,121,256,171.0,11.2,11.0,13,0.1,1.0,266.6,256.0,326.9,370.0,220.3,193.0,6.7,6.5,13,0.4,2
0.5,0.01,2.0,Tennessee,172.8,124,214,186.0,20.2,20.0,26,0.0,0.0,197.8,199.0,203.8,206.0,213.4,246.0,9.4,9.0,15,6.9,10
1.0,0.05,1.0,New Hampshire,173.7,77,190,190.0,5.0,5.0,6,0.0,0.0,194.0,195.0,212.0,195.0,102.0,102.0,1.0,1.0,1,0.0,0
1.0,0.01,0.5,Tennessee,173.9,124,202,184.0,17.7,17.5,24,0.1,1.0,194.4,192.0,202.0,202.0,211.4,262.0,8.3,7.5,13,4.4,6
0.5,0.25,0.5,Maine,174.3,78,213,208.0,2.4,2.0,5,0.0,0.0,217.28571428571428,213.0,222.25,223.5,303.8333333333333,298.0,1.0,1.0,1,1.1,3
2.0,0.01,0.5,North Carolina,174.4,136,214,192.0,13.5,14.0,16,0.0,0.0,203.4,202.5,214.3,214.0,307.4,278.5,4.9,4.5,8,2.6,5
2.0,0.01,2.0,Delaware,174.9,137,187,183.5,2.1,2.0,3,0.0,0.0,267.375,233.0,331.3333333333333,233.0,274.0,274.0,1.5,1.5,2,0.0,0
0.5,0.01,2.0,Alabama,175.4,91,225,194.0,5.4,5.0,10,0.0,0.0,206.6,234.5,329.0,308.0,267.0,267.0,1.0,1.0,1,0.0,0
0.5,0.1,1.0,New Hampshire,175.6,96,190,190.0,5.1,5.0,6,0.0,0.0,189.0,195.0,208.3,215.0,,,0.0,0.0,0,0.0,0
1.0,0.01,2.0,Arkansas,176.0,59,253,189.5,9.0,9.0,11,0.1,1.0,228.5,253.0,266.5,278.0,289.3333333333333,365.0,3.7777777777777777,3.0,7,0.6,2
2.0,0.01,1.0,Tennessee,177.0,124,206,185.0,26.1,26.0,28,0.3,1.0,196.5,196.5,206.2,210.0,240.7,242.0,13.9,14.0,21,9.6,16
1.0,0.01,2.0,North Carolina,177.7,113,202,194.0,14.0,14.5,18,0.0,0.0,196.7,202.0,215.3,214.0,317.5,293.0,3.8,3.5,6,2.1,4
2.0,0.01,0.5,Tennessee,178.1,124,206,185.0,25.1,25.5,30,0.0,0.0,195.2,192.5,204.5,205.5,188.2,225.0,14.1,14.0,20,7.5,12
0.5,0.01,2.0,Connecticut,178.4,129,283,129.0,6.1,6.0,7,0.0,0.0,208.5,173.0,247.1,264.0,250.33333333333334,210.5,2.0,2.0,3,0.0,0
2.0,0.05,1.0,New Hampshire,178.7,77,190,190.0,5.1,5.0,6,0.0,0.0,194.5,195.0,229.8,224.0,,,0.0,0.0,0,0.0,0
0.5,0.01,1.0,Delaware,179.9,137,187,187.0,1.6,2.0,2,0.0,0.0,250.5,250.5,,,274.0,274.0,1.0,1.0,1,0.0,0
0.5,0.05,0.5,New Hampshire,180.5,140,195,190.0,2.6,2.5,4,0.0,0.0,193.88888888888889,195.0,207.0,215.0,,,0.0,0.0,0,0.0,0
2.0,0.05,2.0,New Hampshire,180.5,140,195,190.0,5.0,5.0,6,0.0,0.0,196.0,195.0,237.1,227.0,,,0.0,0.0,0,0.0,0
1.0,0.05,2.0,New Hampshire,181.0,140,195,190.0,5.0,5.0,6,0.0,0.0,200.7,195.0,235.1,227.0,,,0.0,0.0,0,0.0,0
2.0,0.01,1.0,Delaware,181.0,137,191,187.0,2.0,2.0,3,0.0,0.0,276.875,233.0,458.0,458.0,416.0,416.0,1.0,1.0,1,0.0,0
0.5,0.01,0.5,Delaware,181.7,137,205,187.0,1.5,1.5,2,0.0,0.0,241.4,233.0,,,274.0,274.0,1.0,1.0,1,0.0,0
2.0,0.01,2.0,North Carolina,182.2,149,202,192.0,14.6,14.5,19,0.0,0.0,202.2,200.0,214.0,214.0,318.8,325.5,4.0,4.0,7,2.7,4
0.5,0.01,1.0,Arkansas,182.7,59,276,189.5,2.7,3.0,4,0.0,0.0,250.25,253.0,283.8333333333333,296.5,204.5,226.0,1.5,1.5,2,0.0,0
1.0,0.01,2.0,Delaware,183.1,137,233,180.0,2.5,2.5,3,0.0,0.0,277.3,233.0,409.4,469.0,369.5,369.5,1.0,1.0,1,0.0,0
0.5,0.01,1.0,North Carolina,183.9,136,211,192.0,5.2,5.5,7,0.0,0.0,205.8,199.0,246.1,249.0,326.375,312.0,1.1111111111111112,1.0,2,0.4,3
2.0,0.01,0.5,Alabama,184.4,91,464,142.0,7.3,7.5,11,0.0,0.0,220.3,194.0,258.3,225.0,252.5,267.0,1.0,1.0,1,0.0,0
2.0,0.1,0.5,Maine,184.9,78,221,212.0,9.8,10.0,11,0.0,0.0,220.1,218.0,248.9,259.0,554.8333333333334,548.0,0.7777777777777778,1.0,2,0.6,2
1.0,0.05,0.5,New Hampshire,185.5,140,195,190.0,4.3,4.0,5,0.0,0.0,197.4,195.0,239.6,233.0,155.0,155.0,1.0,1.0,1,0.0,0
0.5,0.05,1.0,New Hampshire,185.5,140,195,190.0,4.3,4.0,5,0.0,0.0,197.4,195.0,226.8,227.0,155.0,155.0,1.0,1.0,1,0.0,0
1.0,0.01,1.0,Delaware,185.6,180,187,187.0,1.9,2.0,3,0.0,0.0,272.5,233.0,556.0,556.0,416.0,416.0,1.0,1.0,1,0.0,0
1.0,0.01,1.0,North Carolina,186.0,113,217,195.0,12.8,13.5,19,0.1,1.0,199.7,200.0,241.4,214.0,304.7,261.0,3.8,3.0,8,2.3,4
2.0,0.25,2.0,Maine,186.4,78,212,208.0,10.5,10.5,11,0.0,0.0,209.0,213.0,219.6,218.0,556.0,556.0,0.2,0.0,1,0.4,1
1.0,0.25,2.0,Maine,186.4,78,212,208.0,10.2,10.0,11,0.0,0.0,211.2,213.0,225.8,218.0,561.6666666666666,556.0,0.75,0.0,3,0.8,2
1.0,0.01,0.5,North Carolina,186.9,149,202,194.0,6.8,6.0,11,0.0,0.0,215.9,212.5,237.8,224.5,273.7142857142857,246.0,2.25,2.0,4,0.9,4
2.0,0.01,0.5,South Carolina,187.9,156,277,171.0,11.0,11.0,13,0.0,0.0,260.9,256.0,332.9,374.0,266.7,198.0,6.9,7.5,10,0.1,1
0.5,0.05,2.0,New Hampshire,191.0,190,195,190.0,4.3,5.0,5,0.0,0.0,199.7,195.0,253.33333333333334,224.0,,,0.0,0.0,0,0.0,0
1.0,0.1,0.5,Maine,191.9,78,221,212.5,6.3,6.5,8,0.1,1.0,225.2,219.5,249.9,242.0,320.0,320.0,0.16666666666666666,0.0,1,0.8,4
0.5,0.01,2.0,New Jersey,192.3,134,293,165.0,6.6,7.0,8,0.0,0.0,222.1,192.0,282.4,291.0,288.6666666666667,268.0,1.0,1.0,1,0.0,0
0.5,0.01,2.0,South Carolina,192.9,86,370,171.0,8.6,9.0,12,0.1,1.0,268.9,258.0,346.6,377.0,257.125,189.5,6.25,7.0,10,0.4,2
0.5,0.01,0.5,New Hampshire,193.0,190,195,195.0,1.4,1.0,2,0.0,0.0,195.0,195.0,,,,,0.0,0.0,0,0.0,0
1.0,0.01,1.0,New Hampshire,193.0,190,195,195.0,2.3,2.0,4,0.0,0.0,267.0,205.0,295.5,304.0,,,0.0,0.0,0,0.0,0
0.5,0.01,2.0,New Hampshire,194.5,190,215,192.5,2.7,2.5,5,0.0,0.0,266.6666666666667,195.0,377.8,383.0,467.0,467.0,1.0,1.0,1,0.0,0
2.0,0.01,1.0,North Carolina,194.8,136,214,194.0,14.4,14.5,17,0.0,0.0,210.7,214.0,224.7,220.0,288.6666666666667,246.0,3.7,3.5,7,2.8,4
1.0,0.01,1.0,Alabama,195.7,91,366,225.0,5.9,6.0,9,0.0,0.0,291.9,247.0,365.9,354.5,267.0,267.0,1.0,1.0,1,0.0,0
1.0,0.1,1.0,Maine,195.8,78,218,212.0,9.0,9.0,10,0.0,0.0,214.4,218.0,226.6,221.0,548.0,548.0,0.5,0.5,1,0.4,1
2.0,0.01,2.0,New Hampshire,196.3,190,228,195.0,3.4,3.0,5,0.0,0.0,248.11111111111111,215.0,411.1111111111111,383.0,,,0.0,0.0,0,0.0,0
1.0,0.25,0.5,Louisiana,197.0,197,197,197.0,1.0,1.0,1,,,,,,,,,0.0,0.0,0,0.0,0
1.0,0.25,1.0,Louisiana,197.0,197,197,197.0,3.0,3.0,3,0.0,0.0,265.0,265.0,385.0,385.0,507.0,507.0,1.5,1.5,2,0.0,0
1.0,0.05,0.5,Maine,197.2,131,221,212.5,6.3,6.5,7,0.0,0.0,228.6,221.0,262.9,280.0,397.1666666666667,323.5,0.6666666666666666,1.0,1,1.0,2
2.0,0.01,0.5,New Hampshire,197.3,190,228,195.0,2.4,2.5,4,0.0,0.0,327.125,302.0,475.2,555.0,467.0,467.0,1.0,1.0,1,0.0,0
0.5,0.01,1.0,New Hampshire,197.8,190,228,195.0,2.0,2.0,3,0.0,0.0,324.7142857142857,344.0,375.6666666666667,383.0,467.0,467.0,1.0,1.0,1,0.0,0
0.5,0.01,2.0,North Carolina,198.0,194,211,195.0,11.7,12.0,15,0.0,0.0,210.4,207.5,226.1,214.0,292.5,278.5,3.0,3.0,5,1.3,2
0.5,0.01,2.0,Arkansas,199.1,59,317,179.0,6.3,6.0,8,0.4,1.0,239.9,207.0,296.8,301.5,180.55555555555554,205.0,3.4444444444444446,4.0,5,0.7,2
1.0,0.05,1.0,Maine,199.7,78,221,213.0,8.0,8.5,9,0.0,0.0,231.3,219.5,251.0,244.0,447.4,548.0,1.3,1.0,2,0.8,2
0.5,0.01,0.5,North Carolina,199.8,136,235,195.0,4.2,4.0,8,0.0,0.0,221.11111111111111,214.0,256.5,254.0,242.66666666666666,241.0,1.5,1.0,4,0.2,1
0.5,0.01,2.0,Delaware,200.1,180,360,180.0,1.7,2.0,2,0.0,0.0,228.0,233.0,,,336.75,328.5,1.0,1.0,1,0.0,0
1.0,0.01,0.5,New Hampshire,200.6,190,228,195.0,2.1,2.0,3,0.0,0.0,305.75,323.0,342.6666666666667,344.0,,,0.0,0.0,0,0.0,0
1.0,0.01,2.0,New Hampshire,200.7,190,228,195.0,2.6,2.5,4,0.0,0.0,334.6666666666667,242.0,430.2,461.0,,,0.0,0.0,0,0.0,0
0.5,0.01,0.5,South Carolina,201.5,160,256,171.0,2.125,1.5,4,0.0,0.0,234.75,178.5,271.6666666666667,256.0,205.8,185.0,3.2,3.0,5,0.0,0
0.5,0.1,1.0,Maine,201.8,131,221,210.0,4.4,4.0,6,0.0,0.0,218.2,218.0,241.3,229.0,340.0,340.0,0.2222222222222222,0.0,2,1.5,3
2.0,0.05,1.0,Maine,201.9,78,221,213.0,8.8,9.0,10,0.0,0.0,228.3,221.0,259.1,269.5,500.5,548.0,1.0,1.0,3,0.8,2
ALL,ALL,ALL,Maine,202.9050279329609,78,358,212.0,6.835195530726257,7.0,11,0.014326647564469915,1.0,239.2378223495702,218.0,262.65443425076455,259.0,433.0595238095238,484.5,0.8897058823529411,1.0,4,0.7430167597765364,4
1.0,0.05,0.5,Louisiana,203.28571428571428,197,208,208.0,1.4285714285714286,1.0,2,0.0,0.0,385.0,385.0,,,,,0.0,0.0,0,0.0,0
2.0,0.1,1.0,Maine,203.7,131,221,212.0,9.8,10.0,11,0.0,0.0,221.0,213.0,233.3,219.5,509.0,548.0,1.1666666666666667,1.0,2,0.3,1
0.5,0.01,2.0,Mississippi,203.8,81,340,212.0,3.0,3.0,5,0.0,0.0,346.3,330.0,386.7142857142857,379.0,28.0,28.0,1.0,1.0,1,0.0,0
0.5,0.01,1.0,South Carolina,204.0,86,377,173.0,2.8,3.0,5,0.0,0.0,243.25,256.5,330.5,374.0,202.66666666666666,192.5,3.8333333333333335,4.0,7,0.0,0
1.0,0.1,0.5,Louisiana,204.85714285714286,197,208,208.0,1.0,1.0,1,,,,,,,,,0.0,0.0,0,0.0,0
2.0,0.01,1.0,South Carolina,205.0,121,370,171.0,11.0,11.5,15,0.1,1.0,296.6,267.0,354.0,376.0,308.5,217.0,6.6,6.0,12,0.7,1
1.0,0.05,2.0,Maine,205.9,131,221,213.0,8.5,8.0,10,0.0,0.0,231.5,221.0,258.8,269.5,492.75,548.0,0.8571428571428571,1.0,2,0.9,3
1.0,0.01,1.0,South Carolina,206.7,156,373,171.0,9.6,9.5,15,0.1,1.0,285.8,266.5,326.6,373.5,251.88888888888889,195.0,4.666666666666667,3.0,11,0.4,1
2.0,0.1,0.5,Louisiana,207.1,197,265,197.0,3.7,4.0,5,0.0,0.0,275.7,265.0,377.2,372.0,,,0.0,0.0,0,0.0,0
1.0,0.25,2.0,Louisiana,207.7,197,265,197.0,3.2,3.0,4,0.0,0.0,277.0,265.0,398.7,385.0,507.0,507.0,1.5,1.5,2,0.0,0
0.5,0.25,1.0,Louisiana,208.0,208,208,208.0,1.0,1.0,1,,,,,,,,,0.0,0.0,0,0.0,0
0.5,0.05,1.0,Louisiana,208.0,208,208,208.0,1.0,1.0,1,,,,,,,,,0.0,0.0,0,0.0,0
0.5,0.05,0.5,Louisiana,208.0,208,208,208.0,1.0,1.0,1,,,,,,,,,0.0,0.0,0,0.0,0
0.5,0.25,0.5,Louisiana,208.0,208,208,208.0,1.0,1.0,1,,,,,,,,,0.0,0.0,0,0.0,0
2.0,0.01,1.0,New Hampshire,208.0,190,350,192.5,2.8,3.0,4,0.0,0.0,303.0,209.5,367.85714285714283,302.0,,,0.0,0.0,0,0.0,0
0.5,0.1,1.0,Louisiana,208.0,208,208,208.0,1.0,1.0,1,,,,,,,,,0.0,0.0,0,0.0,0
0.5,0.1,0.5,Louisiana,208.0,208,208,208.0,1.0,1.0,1,,,,,,,,,0.0,0.0,0,0.0,0
0.5,0.1,2.0,Louisiana,208.2,197,265,202.5,2.9,3.0,3,0.0,0.0,277.0,265.0,385.0,385.0,,,0.0,0.0,0,0.0,0
1.0,0.1,1.0,Louisiana,208.7,197,225,208.0,3.0,3.0,3,0.0,0.0,265.0,265.0,383.3,385.0,491.0,491.0,2.0,2.0,2,0.0,0
0.5,0.05,1.0,Maine,209.3,191,221,210.0,4.2,4.0,6,0.0,0.0,240.6,223.5,272.6,281.5,279.0,255.0,0.3,0.0,1,1.2,3
2.0,0.25,1.0,Louisiana,209.4,197,265,197.0,3.7,3.5,5,0.0,0.0,275.7,265.0,377.3,378.5,507.0,507.0,1.0,1.0,1,0.0,0
1.0,0.1,2.0,Maine,209.6,191,218,210.0,9.5,9.0,11,0.0,0.0,217.0,218.0,236.9,229.0,554.6,548.0,0.7777777777777778,1.0,2,0.9,2
0.5,0.1,2.0,Maine,209.9,191,218,212.0,8.4,8.5,10,0.0,0.0,221.2,218.0,237.2,231.0,554.6,548.0,0.625,1.0,1,0.9,3
0.5,0.05,2.0,Louisiana,210.4,197,265,208.0,2.9,3.0,3,0.0,0.0,289.0,265.0,388.6666666666667,385.0,,,0.0,0.0,0,0.0,0
0.5,0.1,0.5,Maine,210.6,208,213,212.0,2.4,2.0,3,0.0,0.0,221.0,218.0,222.25,221.0,261.1666666666667,255.0,1.1428571428571428,1.0,2,1.0,2
2.0,0.1,1.0,Louisiana,211.0,197,265,208.0,4.0,4.0,5,0.0,0.0,286.4,265.0,374.2,372.0,523.0,523.0,1.0,1.0,1,0.0,0
1.0,0.01,0.5,South Carolina,211.3,121,375,175.0,5.0,5.0,8,0.1,1.0,305.6,315.0,349.3333333333333,375.0,281.125,205.5,2.5,2.0,7,0.2,1
0.5,0.05,2.0,Maine,212.0,208,213,212.0,8.6,9.0,10,0.0,0.0,244.6,221.0,259.1,269.5,448.57142857142856,421.0,1.5714285714285714,2.0,2,0.3,1
2.0,0.01,0.5,Delaware,212.7,180,360,183.5,1.8,2.0,3,0.0,0.0,333.6666666666667,212.0,394.5,394.5,321.3333333333333,274.0,1.0,1.0,1,0.0,0
2.0,0.25,2.0,Louisiana,212.8,197,265,197.0,3.6,3.5,5,0.0,0.0,287.7,265.0,394.8,372.0,507.0,507.0,1.0,1.0,1,0.0,0
2.0,0.05,2.0,Maine,213.2,212,221,212.0,8.6,8.5,11,0.0,0.0,243.4,219.5,267.7,284.5,489.125,548.0,1.2222222222222223,1.0,2,1.0,2
2.0,0.1,2.0,Maine,213.3,208,221,212.5,10.1,10.0,11,0.0,0.0,228.7,218.0,250.6,259.0,468.3333333333333,548.0,1.25,1.0,3,0.4,2
2.0,0.01,0.5,Mississippi,214.3,81,320,249.5,4.1,4.0,6,0.0,0.0,334.2,347.5,415.0,393.0,134.4,28.0,1.4,1.0,2,0.0,0
2.0,0.05,0.5,Maine,214.3,212,221,213.0,8.7,9.0,10,0.0,0.0,253.1,250.5,274.2,283.0,449.14285714285717,548.0,1.2857142857142858,1.0,2,0.3,1
0.5,0.01,1.0,West Virginia,217.9,183,272,204.0,2.7,2.0,5,0.0,0.0,290.22222222222223,274.0,307.5,304.5,262.3333333333333,249.0,2.0,1.0,6,0.0,0
0.5,0.01,0.5,West Virginia,218.0,183,247,224.0,1.5,1.0,3,0.0,0.0,287.0,287.0,271.0,271.0,252.25,255.5,1.8,2.0,3,0.16666666666666666,1
0.5,0.25,2.0,Louisiana,220.2,197,265,197.0,2.7,3.0,3,0.0,0.0,301.0,265.0,385.0,385.0,491.0,491.0,1.0,1.0,1,0.0,0
2.0,0.25,0.5,Louisiana,220.2,197,265,197.0,3.3,3.0,4,0.0,0.0,299.7,265.0,396.3333333333333,372.0,515.0,523.0,1.0,1.0,1,0.0,0
1.0,0.1,2.0,Louisiana,220.7,197,265,208.0,3.1,3.0,4,0.0,0.0,301.0,265.0,441.4,385.0,,,0.0,0.0,0,0.0,0
2.0,0.01,0.5,Maine,222.6,212,273,219.5,4.9,4.5,7,0.0,0.0,274.2,281.5,311.0,304.0,385.2857142857143,327.0,1.875,2.0,3,0.9,2
0.5,0.05,0.5,Maine,223.55555555555554,208,280,218.0,1.8888888888888888,2.0,3,0.0,0.0,239.14285714285714,225.0,280.0,280.0,255.0,255.0,0.5,0.0,2,1.0,3
2.0,0.01,2.0,Mississippi,223.7,81,320,283.5,5.3,6.0,8,0.0,0.0,316.7,316.5,343.2,340.0,213.5,28.0,1.3333333333333333,1.0,2,0.0,0
2.0,0.05,0.5,Louisiana,224.0,197,265,208.0,3.1,3.0,4,0.0,0.0,331.8,372.0,377.0,372.0,491.0,491.0,1.0,1.0,1,0.0,0
2.0,0.05,1.0,Louisiana,224.1,197,265,216.5,3.0,3.0,4,0.0,0.0,339.22222222222223,372.0,422.875,385.0,,,0.0,0.0,0,0.0,0
1.0,0.01,0.5,Delaware,224.1,180,360,187.0,1.7,2.0,2,0.0,0.0,248.14285714285714,233.0,,,321.3333333333333,274.0,1.0,1.0,1,0.0,0
2.0,0.01,2.0,South Carolina,224.4,160,375,213.5,10.8,11.0,14,0.1,1.0,281.9,277.0,342.7,375.0,285.9,240.5,7.2,6.5,11,0.3,1
2.0,0.01,1.0,Maine,225.4,213,273,221.0,5.3,5.5,6,0.0,0.0,288.1,288.0,325.8,316.0,449.25,484.5,1.6666666666666667,2.0,3,0.7,1
2.0,0.01,0.5,West Virginia,228.6,183,274,226.0,4.9,4.5,8,0.0,0.0,279.4,273.0,347.5,306.0,326.375,253.5,2.0,2.0,5,0.2,1
2.0,0.1,2.0,Louisiana,229.7,197,265,208.0,3.6,4.0,4,0.0,0.0,319.4,316.5,397.3,378.5,,,0.0,0.0,0,0.0,0
1.0,0.01,0.5,West Virginia,230.6,183,274,234.5,2.8,2.5,5,0.0,0.0,297.55555555555554,274.0,298.6,304.0,263.0,252.0,2.1666666666666665,2.0,4,0.1,1
1.0,0.01,1.0,Maine,232.2,213,290,221.0,4.9,5.0,7,0.0,0.0,273.9,290.0,323.5,304.0,351.3333333333333,327.0,2.0,2.0,4,0.2,1
1.0,0.01,0.5,Mississippi,233.11111111111111,81,394,212.0,1.4444444444444444,1.0,4,0.0,0.0,312.0,312.0,316.0,316.0,,,0.0,0.0,0,0.0,0
1.0,0.05,1.0,Louisiana,235.33333333333334,197,385,208.0,2.2222222222222223,2.0,3,0.0,0.0,299.2857142857143,265.0,385.0,385.0,491.0,491.0,1.0,1.0,1,0.0,0
2.0,0.01,2.0,Maine,236.7,212,290,221.0,4.6,5.0,6,0.0,0.0,296.7,304.0,358.3,345.5,490.0,548.0,1.3333333333333333,1.0,2,0.5,1
0.5,0.01,0.5,Maine,237.44444444444446,212,286,221.0,2.0,2.0,4,0.2,1.0,261.4,283.0,297.0,290.0,289.8,269.0,1.1666666666666667,1.0,2,0.6666666666666666,2
1.0,0.01,2.0,Maine,238.2,212,358,221.0,4.8,5.0,6,0.0,0.0,297.7,296.0,355.2,331.0,387.6666666666667,330.5,1.375,1.5,3,0.8,2
1.0,0.01,2.0,West Virginia,238.3,183,274,247.0,3.9,4.0,6,0.0,0.0,276.1111111111111,274.0,297.25,294.0,303.3333333333333,257.5,2.1666666666666665,1.5,4,0.1,1
1.0,0.01,1.0,West Virginia,239.1,183,285,259.5,3.5,3.5,5,0.0,0.0,318.4,274.0,345.625,304.0,332.42857142857144,350.0,1.8571428571428572,2.0,4,0.1,1
1.0,0.01,2.0,Mississippi,240.2,81,348,214.0,4.8,4.5,8,0.0,0.0,319.3,320.0,353.8888888888889,379.0,262.125,147.5,1.0,1.0,1,0.0,0
2.0,0.01,1.0,Mississippi,240.9,81,320,287.0,5.3,5.5,8,0.0,0.0,314.5,320.0,339.55555555555554,327.0,28.0,28.0,1.25,1.0,2,0.0,0
1.0,0.01,1.0,Mississippi,242.1,81,446,281.5,2.9,3.0,5,0.0,0.0,390.8888888888889,348.0,387.8333333333333,379.0,28.0,28.0,1.0,1.0,1,0.0,0
ALL,ALL,ALL,Louisiana,245.12765957446808,197,573,208.0,2.5815602836879434,3.0,5,0.0,0.0,314.89719626168227,265.0,398.24117647058824,385.0,506.30434782608694,491.0,1.1304347826086956,1.0,2,0.0,0
2.0,0.05,2.0,Louisiana,245.6,197,372,245.0,4.0,4.0,5,0.0,0.0,341.2,372.0,405.8,385.0,,,0.0,0.0,0,0.0,0
0.5,0.01,2.0,Maine,246.3,218,274,247.0,4.4,4.0,7,0.0,0.0,286.8,289.0,327.1111111111111,304.0,399.0,382.0,1.5,1.0,3,0.5,1
1.0,0.01,0.5,Maine,248.7,213,304,221.0,4.3,4.0,7,0.0,0.0,293.3,296.0,343.77777777777777,335.0,329.0,320.0,1.0,1.0,2,0.2,1
2.0,0.01,2.0,West Virginia,252.2,183,285,259.0,3.8,3.0,6,0.1,1.0,370.8,299.0,453.2857142857143,548.0,334.14285714285717,312.0,1.2857142857142858,1.0,3,0.2,1
0.5,0.01,2.0,West Virginia,253.3,183,405,247.0,3.2,3.0,6,0.0,0.0,276.875,274.0,286.1666666666667,285.0,239.5,249.0,2.75,2.5,4,0.0,0
1.0,0.05,2.0,Louisiana,255.9,208,573,208.0,2.6,3.0,4,0.0,0.0,305.0,265.0,385.0,385.0,523.0,523.0,1.0,1.0,1,0.0,0
0.5,0.01,1.0,Maine,256.1,221,288,273.5,3.3,3.0,5,0.3,1.0,325.2,316.0,328.42857142857144,335.0,327.0,327.0,0.5714285714285714,0.0,2,0.6,1
2.0,0.01,1.0,West Virginia,276.6,183,570,271.5,4.1,4.0,6,0.0,0.0,312.8,289.5,412.6,418.5,282.5,263.5,2.5,2.5,4,0.0,0
0.5,0.01,1.0,Louisiana,290.0,208,372,290.0,1.0,1.0,1,,,,,,,,,0.0,0.0,0,0.0,0
1.0,0.01,1.0,Louisiana,314.57142857142856,265,385,265.0,1.4285714285714286,1.0,2,0.0,0.0,401.6666666666667,385.0,,,,,0.0,0.0,0,0.0,0
1.0,0.01,0.5,Louisiana,326.77777777777777,197,435,372.0,1.4444444444444444,1.0,2,0.0,0.0,381.75,385.0,,,,,0.0,0.0,0,0.0,0
2.0,0.01,0.5,Louisiana,337.2,225,385,372.0,1.9,1.5,4,0.0,0.0,417.4,385.0,464.3333333333333,435.0,,,0.0,0.0,0,0.0,0
2.0,0.01,2.0,Louisiana,337.2,225,385,372.0,2.4,2.5,3,0.0,0.0,405.77777777777777,385.0,493.6,435.0,,,0.0,0.0,0,0.0,0
2.0,0.01,1.0,Louisiana,350.6,265,372,372.0,2.0,2.0,3,0.0,0.0,403.875,385.0,410.0,410.0,,,0.0,0.0,0,0.0,0
0.5,0.01,2.0,Louisiana,357.6666666666667,265,435,372.0,1.6666666666666667,2.0,3,0.0,0.0,402.4,385.0,573.0,573.0,,,0.0,0.0,0,0.0,0
1.0,0.01,2.0,Louisiana,377.57142857142856,197,573,385.0,1.2857142857142858,1.0,2,0.0,0.0,350.0,350.0,,,,,0.0,0.0,0,0.0,0
0.5,0.25,2.0,Rhode Island,382.0,382,382,382.0,1.0,1.0,1,,,,,,,,,0.0,0.0,0,0.0,0
1.0,0.05,1.0,Rhode Island,382.0,382,382,382.0,1.0,1.0,1,,,,,,,,,0.0,0.0,0,0.0,0
1.0,0.25,1.0,Rhode Island,382.0,382,382,382.0,1.0,1.0,1,,,,,,,,,0.0,0.0,0,0.0,0
0.5,0.05,2.0,Rhode Island,382.0,382,382,382.0,1.0,1.0,1,,,,,,,,,0.0,0.0,0,0.0,0
2.0,0.25,2.0,Rhode Island,382.0,382,382,382.0,2.0,2.0,2,0.0,0.0,442.0,442.0,,,,,0.0,0.0,0,0.0,0
2.0,0.05,0.5,Rhode Island,382.0,382,382,382.0,1.0,1.0,1,,,,,,,,,0.0,0.0,0,0.0,0
2.0,0.25,0.5,Rhode Island,382.0,382,382,382.0,1.0,1.0,1,,,,,,,,,0.0,0.0,0,0.0,0
2.0,0.1,0.5,Rhode Island,382.0,382,382,382.0,1.0,1.0,1,,,,,,,,,0.0,0.0,0,0.0,0
1.0,0.01,1.0,Rhode Island,382.0,382,382,382.0,1.0,1.0,1,,,,,,,,,0.0,0.0,0,0.0,0
0.5,0.1,2.0,Rhode Island,382.0,382,382,382.0,1.0,1.0,1,,,,,,,,,0.0,0.0,0,0.0,0
1.0,0.1,1.0,Rhode Island,382.0,382,382,382.0,1.0,1.0,1,,,,,,,,,0.0,0.0,0,0.0,0
2.0,0.25,1.0,Rhode Island,388.0,382,442,382.0,1.8,2.0,2,0.0,0.0,442.0,442.0,,,,,0.0,0.0,0,0.0,0
2.0,0.1,1.0,Rhode Island,388.0,382,442,382.0,1.7,2.0,2,0.0,0.0,442.0,442.0,,,,,0.0,0.0,0,0.0,0
ALL,ALL,ALL,Rhode Island,391.1034482758621,382,442,382.0,1.2689655172413794,1.0,2,0.0,0.0,442.0,442.0,,,,,0.0,0.0,0,0.0,0
1.0,0.1,2.0,Rhode Island,397.0,382,442,382.0,1.375,1.0,2,0.0,0.0,442.0,442.0,,,,,0.0,0.0,0,0.0,0
1.0,0.25,2.0,Rhode Island,400.0,382,442,382.0,1.6,2.0,2,0.0,0.0,442.0,442.0,,,,,0.0,0.0,0,0.0,0
2.0,0.01,1.0,Rhode Island,402.0,382,442,382.0,1.0,1.0,1,,,,,,,,,0.0,0.0,0,0.0,0
2.0,0.05,1.0,Rhode Island,404.5,382,442,382.0,1.25,1.0,2,0.0,0.0,442.0,442.0,,,,,0.0,0.0,0,0.0,0
1.0,0.05,2.0,Rhode Island,406.0,382,442,382.0,1.0,1.0,1,,,,,,,,,0.0,0.0,0,0.0,0
2.0,0.1,2.0,Rhode Island,406.0,382,442,382.0,1.2,1.0,2,0.0,0.0,442.0,442.0,,,,,0.0,0.0,0,0.0,0
2.0,0.05,2.0,Rhode Island,412.0,382,442,412.0,1.125,1.0,2,0.0,0.0,442.0,442.0,,,,,0.0,0.0,0,0.0,0
2.0,0.01,0.5,Rhode Island,412.0,382,442,412.0,1.0,1.0,1,,,,,,,,,0.0,0.0,0,0.0,0
